{
	"file_path": "C:\\Users\\enner\\AppData\\Local\\Packages\\Microsoft.MinecraftUWP_8wekyb3d8bbwe\\LocalState\\games\\com.mojang\\development_behavior_packs\\Poppy PlayTime addon BP\\entities\\huggy_wuggy.json",
	"file_type": "entity",
	"format_version": 1,
	"file_uuid": "6205557e_cc1f_45aa_8d49_821de9963b67",
	"file_version": 18,
	"cache_content": {
		"children": [
			{
				"data": "1.16.0",
				"key": "format_version"
			},
			{
				"open": {
					"format_version": "1.16.0",
					"minecraft:entity": {
						"description": {
							"identifier": "ftl:huggy_wuggy",
							"is_spawnable": true,
							"is_summonable": true,
							"is_experimental": false
						},
						"component_groups": {
							"dead": {
								"minecraft:transformation": {
									"into": "ftl:huggy_wuggy_dead"
								}
							}
						},
						"components": {
							"minecraft:is_hidden_when_invisible": {},
							"minecraft:experience_reward": {
								"on_death": "query.last_hit_by_player ? 5 + (query.equipment_count * Math.Random(1,3)) : 0"
							},
							"minecraft:nameable": {},
							"minecraft:breathable": {
								"total_supply": 15,
								"suffocate_time": 0,
								"breathes_water": true
							},
							"minecraft:health": {
								"value": 500,
								"max": 500
							},
							"minecraft:collision_box": {
								"width": 0.6,
								"height": 2.86
							},
							"minecraft:attack": {
								"damage": 150
							},
							"minecraft:loot": {
								"table": "loot_tables/entities/wither_skeleton.json"
							},
							"minecraft:movement": {
								"value": 0.27
							},
							"minecraft:navigation.climb": {
								"can_path_over_water": true
							},
							"minecraft:movement.basic": {},
							"minecraft:walk_animation_speed": {
								"value": 4.8
							},
							"minecraft:damage_sensor": {
								"triggers": [
									{
										"on_damage": {
											"filters": {
												"cause": "fall",
												"deals_damage": false
											}
										}
									},
									{
										"on_damage": {
											"filters": {
												"all_of": [
													{
														"test": "has_damage",
														"value": "fatal"
													}
												]
											},
											"event": "ftl:huggy_wuggy_dead"
										}
									}
								]
							},
							"minecraft:break_blocks": {
								"breakable_blocks": [
									"minecraft:leaves",
									"minecraft:leaves2"
								]
							},
							"minecraft:can_climb": {},
							"minecraft:annotation.open_door": {},
							"minecraft:scale": {
								"value": 1.2
							},
							"minecraft:follow_range": {
								"value": 1000
							},
							"minecraft:behavior.hurt_by_target": {
								"priority": 1
							},
							"minecraft:behavior.nearest_attackable_target": {
								"priority": 2,
								"reselect_targets": true,
								"must_see": true,
								"entity_types": [
									{
										"filters": {
											"test": "is_family",
											"subject": "other",
											"value": "player"
										},
										"max_dist": 1000
									},
									{
										"filters": {
											"test": "is_family",
											"subject": "other",
											"value": "irongolem"
										},
										"max_dist": 1000
									},
									{
										"filters": {
											"test": "is_family",
											"subject": "other",
											"value": "villager"
										},
										"max_dist": 1000
									}
								]
							},
							"minecraft:behavior.melee_attack": {
								"priority": 4,
								"track_target": true,
								"speed_multiplier": 1.25
							},
							"minecraft:behavior.random_stroll": {
								"priority": 6,
								"speed_multiplier": 1
							},
							"minecraft:behavior.look_at_player": {
								"priority": 7,
								"look_distance": 100
							},
							"minecraft:behavior.random_look_around": {
								"priority": 8
							},
							"minecraft:knockback_resistance": {
								"value": 0.9
							},
							"minecraft:type_family": {
								"family": [
									"monster",
									"undead",
									"toy"
								]
							},
							"minecraft:physics": {},
							"minecraft:pushable": {
								"is_pushable": true,
								"is_pushable_by_piston": true
							}
						},
						"events": {
							"ftl:huggy_wuggy_dead": {
								"add": {
									"component_groups": [
										"dead"
									]
								}
							}
						}
					}
				},
				"key": "minecraft:entity",
				"children": [
					{
						"key": "description",
						"is_minified": true,
						"children": {
							"identifier": "ftl:huggy_wuggy",
							"is_spawnable": true,
							"is_summonable": true,
							"is_experimental": false
						}
					},
					{
						"open": {
							"description": {
								"identifier": "ftl:huggy_wuggy",
								"is_spawnable": true,
								"is_summonable": true,
								"is_experimental": false
							},
							"component_groups": {
								"dead": {
									"minecraft:transformation": {
										"into": "ftl:huggy_wuggy_dead"
									}
								}
							},
							"components": {
								"minecraft:is_hidden_when_invisible": {},
								"minecraft:experience_reward": {
									"on_death": "query.last_hit_by_player ? 5 + (query.equipment_count * Math.Random(1,3)) : 0"
								},
								"minecraft:nameable": {},
								"minecraft:breathable": {
									"total_supply": 15,
									"suffocate_time": 0,
									"breathes_water": true
								},
								"minecraft:health": {
									"value": 500,
									"max": 500
								},
								"minecraft:collision_box": {
									"width": 0.6,
									"height": 2.86
								},
								"minecraft:attack": {
									"damage": 150
								},
								"minecraft:loot": {
									"table": "loot_tables/entities/wither_skeleton.json"
								},
								"minecraft:movement": {
									"value": 0.27
								},
								"minecraft:navigation.climb": {
									"can_path_over_water": true
								},
								"minecraft:movement.basic": {},
								"minecraft:walk_animation_speed": {
									"value": 4.8
								},
								"minecraft:damage_sensor": {
									"triggers": [
										{
											"on_damage": {
												"filters": {
													"cause": "fall",
													"deals_damage": false
												}
											}
										},
										{
											"on_damage": {
												"filters": {
													"all_of": [
														{
															"test": "has_damage",
															"value": "fatal"
														}
													]
												},
												"event": "ftl:huggy_wuggy_dead"
											}
										}
									]
								},
								"minecraft:break_blocks": {
									"breakable_blocks": [
										"minecraft:leaves",
										"minecraft:leaves2"
									]
								},
								"minecraft:can_climb": {},
								"minecraft:annotation.open_door": {},
								"minecraft:scale": {
									"value": 1.2
								},
								"minecraft:follow_range": {
									"value": 1000
								},
								"minecraft:behavior.hurt_by_target": {
									"priority": 1
								},
								"minecraft:behavior.nearest_attackable_target": {
									"priority": 2,
									"reselect_targets": true,
									"must_see": true,
									"entity_types": [
										{
											"filters": {
												"test": "is_family",
												"subject": "other",
												"value": "player"
											},
											"max_dist": 1000
										},
										{
											"filters": {
												"test": "is_family",
												"subject": "other",
												"value": "irongolem"
											},
											"max_dist": 1000
										},
										{
											"filters": {
												"test": "is_family",
												"subject": "other",
												"value": "villager"
											},
											"max_dist": 1000
										}
									]
								},
								"minecraft:behavior.melee_attack": {
									"priority": 4,
									"track_target": true,
									"speed_multiplier": 1.25
								},
								"minecraft:behavior.random_stroll": {
									"priority": 6,
									"speed_multiplier": 1
								},
								"minecraft:behavior.look_at_player": {
									"priority": 7,
									"look_distance": 100
								},
								"minecraft:behavior.random_look_around": {
									"priority": 8
								},
								"minecraft:knockback_resistance": {
									"value": 0.9
								},
								"minecraft:type_family": {
									"family": [
										"monster",
										"undead",
										"toy"
									]
								},
								"minecraft:physics": {},
								"minecraft:pushable": {
									"is_pushable": true,
									"is_pushable_by_piston": true
								}
							},
							"events": {
								"ftl:huggy_wuggy_dead": {
									"add": {
										"component_groups": [
											"dead"
										]
									}
								}
							}
						},
						"key": "component_groups",
						"children": [
							{
								"open": {
									"dead": {
										"minecraft:transformation": {
											"into": "ftl:huggy_wuggy_dead"
										}
									}
								},
								"key": "dead",
								"children": [
									{
										"open": {
											"minecraft:transformation": {
												"into": "ftl:huggy_wuggy_dead"
											}
										},
										"key": "minecraft:transformation",
										"is_minified": true,
										"children": {
											"into": "ftl:huggy_wuggy_dead"
										}
									}
								]
							}
						]
					},
					{
						"open": {
							"description": {
								"identifier": "ftl:huggy_wuggy",
								"is_spawnable": true,
								"is_summonable": true,
								"is_experimental": false
							},
							"component_groups": {
								"dead": {
									"minecraft:transformation": {
										"into": "ftl:huggy_wuggy_dead"
									}
								}
							},
							"components": {
								"minecraft:is_hidden_when_invisible": {},
								"minecraft:experience_reward": {
									"on_death": "query.last_hit_by_player ? 5 + (query.equipment_count * Math.Random(1,3)) : 0"
								},
								"minecraft:nameable": {},
								"minecraft:breathable": {
									"total_supply": 15,
									"suffocate_time": 0,
									"breathes_water": true
								},
								"minecraft:health": {
									"value": 500,
									"max": 500
								},
								"minecraft:collision_box": {
									"width": 0.6,
									"height": 2.86
								},
								"minecraft:attack": {
									"damage": 150
								},
								"minecraft:loot": {
									"table": "loot_tables/entities/wither_skeleton.json"
								},
								"minecraft:movement": {
									"value": 0.27
								},
								"minecraft:navigation.climb": {
									"can_path_over_water": true
								},
								"minecraft:movement.basic": {},
								"minecraft:walk_animation_speed": {
									"value": 4.8
								},
								"minecraft:damage_sensor": {
									"triggers": [
										{
											"on_damage": {
												"filters": {
													"cause": "fall",
													"deals_damage": false
												}
											}
										},
										{
											"on_damage": {
												"filters": {
													"all_of": [
														{
															"test": "has_damage",
															"value": "fatal"
														}
													]
												},
												"event": "ftl:huggy_wuggy_dead"
											}
										}
									]
								},
								"minecraft:break_blocks": {
									"breakable_blocks": [
										"minecraft:leaves",
										"minecraft:leaves2"
									]
								},
								"minecraft:can_climb": {},
								"minecraft:annotation.open_door": {},
								"minecraft:scale": {
									"value": 1.2
								},
								"minecraft:follow_range": {
									"value": 1000
								},
								"minecraft:behavior.hurt_by_target": {
									"priority": 1
								},
								"minecraft:behavior.nearest_attackable_target": {
									"priority": 2,
									"reselect_targets": true,
									"must_see": true,
									"entity_types": [
										{
											"filters": {
												"test": "is_family",
												"subject": "other",
												"value": "player"
											},
											"max_dist": 1000
										},
										{
											"filters": {
												"test": "is_family",
												"subject": "other",
												"value": "irongolem"
											},
											"max_dist": 1000
										},
										{
											"filters": {
												"test": "is_family",
												"subject": "other",
												"value": "villager"
											},
											"max_dist": 1000
										}
									]
								},
								"minecraft:behavior.melee_attack": {
									"priority": 4,
									"track_target": true,
									"speed_multiplier": 1.25
								},
								"minecraft:behavior.random_stroll": {
									"priority": 6,
									"speed_multiplier": 1
								},
								"minecraft:behavior.look_at_player": {
									"priority": 7,
									"look_distance": 100
								},
								"minecraft:behavior.random_look_around": {
									"priority": 8
								},
								"minecraft:knockback_resistance": {
									"value": 0.9
								},
								"minecraft:type_family": {
									"family": [
										"monster",
										"undead",
										"toy"
									]
								},
								"minecraft:physics": {},
								"minecraft:pushable": {
									"is_pushable": true,
									"is_pushable_by_piston": true
								}
							},
							"events": {
								"ftl:huggy_wuggy_dead": {
									"add": {
										"component_groups": [
											"dead"
										]
									}
								}
							}
						},
						"key": "components",
						"children": [
							{
								"key": "minecraft:is_hidden_when_invisible",
								"is_minified": true,
								"children": {}
							},
							{
								"key": "minecraft:experience_reward",
								"is_minified": true,
								"children": {
									"on_death": "query.last_hit_by_player ? 5 + (query.equipment_count * Math.Random(1,3)) : 0"
								}
							},
							{
								"key": "minecraft:nameable",
								"is_minified": true,
								"children": {}
							},
							{
								"key": "minecraft:breathable",
								"is_minified": true,
								"children": {
									"total_supply": 15,
									"suffocate_time": 0,
									"breathes_water": true
								}
							},
							{
								"key": "minecraft:health",
								"is_minified": true,
								"children": {
									"value": 500,
									"max": 500
								}
							},
							{
								"key": "minecraft:collision_box",
								"is_minified": true,
								"children": {
									"width": 0.6,
									"height": 2.86
								}
							},
							{
								"key": "minecraft:attack",
								"is_minified": true,
								"children": {
									"damage": 150
								}
							},
							{
								"key": "minecraft:loot",
								"is_minified": true,
								"children": {
									"table": "loot_tables/entities/wither_skeleton.json"
								}
							},
							{
								"open": {
									"minecraft:is_hidden_when_invisible": {},
									"minecraft:experience_reward": {
										"on_death": "query.last_hit_by_player ? 5 + (query.equipment_count * Math.Random(1,3)) : 0"
									},
									"minecraft:nameable": {},
									"minecraft:breathable": {
										"total_supply": 15,
										"suffocate_time": 0,
										"breathes_water": true
									},
									"minecraft:health": {
										"value": 500,
										"max": 500
									},
									"minecraft:collision_box": {
										"width": 0.6,
										"height": 2.86
									},
									"minecraft:attack": {
										"damage": 150
									},
									"minecraft:loot": {
										"table": "loot_tables/entities/wither_skeleton.json"
									},
									"minecraft:movement": {
										"value": 0.27
									},
									"minecraft:navigation.climb": {
										"can_path_over_water": true
									},
									"minecraft:movement.basic": {},
									"minecraft:walk_animation_speed": {
										"value": 4.8
									},
									"minecraft:damage_sensor": {
										"triggers": [
											{
												"on_damage": {
													"filters": {
														"cause": "fall",
														"deals_damage": false
													}
												}
											},
											{
												"on_damage": {
													"filters": {
														"all_of": [
															{
																"test": "has_damage",
																"value": "fatal"
															}
														]
													},
													"event": "ftl:huggy_wuggy_dead"
												}
											}
										]
									},
									"minecraft:break_blocks": {
										"breakable_blocks": [
											"minecraft:leaves",
											"minecraft:leaves2"
										]
									},
									"minecraft:can_climb": {},
									"minecraft:annotation.open_door": {},
									"minecraft:scale": {
										"value": 1.2
									},
									"minecraft:follow_range": {
										"value": 1000
									},
									"minecraft:behavior.hurt_by_target": {
										"priority": 1
									},
									"minecraft:behavior.nearest_attackable_target": {
										"priority": 2,
										"reselect_targets": true,
										"must_see": true,
										"entity_types": [
											{
												"filters": {
													"test": "is_family",
													"subject": "other",
													"value": "player"
												},
												"max_dist": 1000
											},
											{
												"filters": {
													"test": "is_family",
													"subject": "other",
													"value": "irongolem"
												},
												"max_dist": 1000
											},
											{
												"filters": {
													"test": "is_family",
													"subject": "other",
													"value": "villager"
												},
												"max_dist": 1000
											}
										]
									},
									"minecraft:behavior.melee_attack": {
										"priority": 4,
										"track_target": true,
										"speed_multiplier": 1.25
									},
									"minecraft:behavior.random_stroll": {
										"priority": 6,
										"speed_multiplier": 1
									},
									"minecraft:behavior.look_at_player": {
										"priority": 7,
										"look_distance": 100
									},
									"minecraft:behavior.random_look_around": {
										"priority": 8
									},
									"minecraft:knockback_resistance": {
										"value": 0.9
									},
									"minecraft:type_family": {
										"family": [
											"monster",
											"undead",
											"toy"
										]
									},
									"minecraft:physics": {},
									"minecraft:pushable": {
										"is_pushable": true,
										"is_pushable_by_piston": true
									}
								},
								"key": "minecraft:movement",
								"is_minified": true,
								"children": {
									"value": 0.27
								}
							},
							{
								"key": "minecraft:navigation.climb",
								"is_minified": true,
								"children": {
									"can_path_over_water": true
								}
							},
							{
								"key": "minecraft:movement.basic",
								"is_minified": true,
								"children": {}
							},
							{
								"key": "minecraft:walk_animation_speed",
								"is_minified": true,
								"children": {
									"value": 4.8
								}
							},
							{
								"key": "minecraft:damage_sensor",
								"children": [
									{
										"key": "triggers",
										"children": [
											{
												"children": [
													{
														"open": {
															"on_damage": {
																"filters": {
																	"cause": "fall",
																	"deals_damage": false
																}
															}
														},
														"key": "on_damage",
														"is_minified": true,
														"children": {
															"filters": {
																"cause": "fall",
																"deals_damage": false
															}
														}
													}
												]
											},
											{
												"children": [
													{
														"open": {
															"on_damage": {
																"filters": {
																	"all_of": [
																		{
																			"test": "has_damage",
																			"value": "fatal"
																		}
																	]
																},
																"event": "ftl:huggy_wuggy_dead"
															}
														},
														"key": "on_damage",
														"is_minified": true,
														"children": {
															"filters": {
																"all_of": [
																	{
																		"test": "has_damage",
																		"value": "fatal"
																	}
																]
															},
															"event": "ftl:huggy_wuggy_dead"
														}
													}
												]
											}
										]
									}
								]
							},
							{
								"key": "minecraft:break_blocks",
								"children": [
									{
										"open": {
											"breakable_blocks": [
												"minecraft:leaves",
												"minecraft:leaves2"
											]
										},
										"key": "breakable_blocks",
										"is_minified": true,
										"children": [
											"minecraft:leaves",
											"minecraft:leaves2"
										]
									}
								]
							},
							{
								"key": "minecraft:can_climb",
								"is_minified": true,
								"children": {}
							},
							{
								"key": "minecraft:annotation.open_door",
								"is_minified": true,
								"children": {}
							},
							{
								"key": "minecraft:scale",
								"is_minified": true,
								"children": {
									"value": 1.2
								}
							},
							{
								"key": "minecraft:follow_range",
								"is_minified": true,
								"children": {
									"value": 1000
								}
							},
							{
								"key": "minecraft:behavior.hurt_by_target",
								"is_minified": true,
								"children": {
									"priority": 1
								}
							},
							{
								"key": "minecraft:behavior.nearest_attackable_target",
								"is_minified": true,
								"children": {
									"priority": 2,
									"reselect_targets": true,
									"must_see": true,
									"entity_types": [
										{
											"filters": {
												"test": "is_family",
												"subject": "other",
												"value": "player"
											},
											"max_dist": 1000
										},
										{
											"filters": {
												"test": "is_family",
												"subject": "other",
												"value": "irongolem"
											},
											"max_dist": 1000
										},
										{
											"filters": {
												"test": "is_family",
												"subject": "other",
												"value": "villager"
											},
											"max_dist": 1000
										}
									]
								}
							},
							{
								"key": "minecraft:behavior.melee_attack",
								"is_minified": true,
								"children": {
									"priority": 4,
									"track_target": true,
									"speed_multiplier": 1.25
								}
							},
							{
								"key": "minecraft:behavior.random_stroll",
								"is_minified": true,
								"children": {
									"priority": 6,
									"speed_multiplier": 1
								}
							},
							{
								"key": "minecraft:behavior.look_at_player",
								"is_minified": true,
								"children": {
									"priority": 7,
									"look_distance": 100
								}
							},
							{
								"key": "minecraft:behavior.random_look_around",
								"is_minified": true,
								"children": {
									"priority": 8
								}
							},
							{
								"key": "minecraft:knockback_resistance",
								"is_minified": true,
								"children": {
									"value": 0.9
								}
							},
							{
								"key": "minecraft:type_family",
								"is_minified": true,
								"children": {
									"family": [
										"monster",
										"undead",
										"toy"
									]
								}
							},
							{
								"key": "minecraft:physics",
								"is_minified": true,
								"children": {}
							},
							{
								"key": "minecraft:pushable",
								"is_minified": true,
								"children": {
									"is_pushable": true,
									"is_pushable_by_piston": true
								}
							}
						]
					},
					{
						"open": {
							"description": {
								"identifier": "ftl:huggy_wuggy",
								"is_spawnable": true,
								"is_summonable": true,
								"is_experimental": false
							},
							"component_groups": {
								"dead": {
									"minecraft:transformation": {
										"into": "ftl:huggy_wuggy_dead"
									}
								}
							},
							"components": {
								"minecraft:is_hidden_when_invisible": {},
								"minecraft:experience_reward": {
									"on_death": "query.last_hit_by_player ? 5 + (query.equipment_count * Math.Random(1,3)) : 0"
								},
								"minecraft:nameable": {},
								"minecraft:breathable": {
									"total_supply": 15,
									"suffocate_time": 0,
									"breathes_water": true
								},
								"minecraft:health": {
									"value": 500,
									"max": 500
								},
								"minecraft:collision_box": {
									"width": 0.6,
									"height": 2.86
								},
								"minecraft:attack": {
									"damage": 150
								},
								"minecraft:loot": {
									"table": "loot_tables/entities/wither_skeleton.json"
								},
								"minecraft:movement": {
									"value": 0.27
								},
								"minecraft:navigation.climb": {
									"can_path_over_water": true
								},
								"minecraft:movement.basic": {},
								"minecraft:walk_animation_speed": {
									"value": 4.8
								},
								"minecraft:damage_sensor": {
									"triggers": [
										{
											"on_damage": {
												"filters": {
													"cause": "fall",
													"deals_damage": false
												}
											}
										},
										{
											"on_damage": {
												"filters": {
													"all_of": [
														{
															"test": "has_damage",
															"value": "fatal"
														}
													]
												},
												"event": "ftl:huggy_wuggy_dead"
											}
										}
									]
								},
								"minecraft:break_blocks": {
									"breakable_blocks": [
										"minecraft:leaves",
										"minecraft:leaves2"
									]
								},
								"minecraft:can_climb": {},
								"minecraft:annotation.open_door": {},
								"minecraft:scale": {
									"value": 1.2
								},
								"minecraft:follow_range": {
									"value": 1000
								},
								"minecraft:behavior.hurt_by_target": {
									"priority": 1
								},
								"minecraft:behavior.nearest_attackable_target": {
									"priority": 2,
									"reselect_targets": true,
									"must_see": true,
									"entity_types": [
										{
											"filters": {
												"test": "is_family",
												"subject": "other",
												"value": "player"
											},
											"max_dist": 1000
										},
										{
											"filters": {
												"test": "is_family",
												"subject": "other",
												"value": "irongolem"
											},
											"max_dist": 1000
										},
										{
											"filters": {
												"test": "is_family",
												"subject": "other",
												"value": "villager"
											},
											"max_dist": 1000
										}
									]
								},
								"minecraft:behavior.melee_attack": {
									"priority": 4,
									"track_target": true,
									"speed_multiplier": 1.25
								},
								"minecraft:behavior.random_stroll": {
									"priority": 6,
									"speed_multiplier": 1
								},
								"minecraft:behavior.look_at_player": {
									"priority": 7,
									"look_distance": 100
								},
								"minecraft:behavior.random_look_around": {
									"priority": 8
								},
								"minecraft:knockback_resistance": {
									"value": 0.9
								},
								"minecraft:type_family": {
									"family": [
										"monster",
										"undead",
										"toy"
									]
								},
								"minecraft:physics": {},
								"minecraft:pushable": {
									"is_pushable": true,
									"is_pushable_by_piston": true
								}
							},
							"events": {
								"ftl:huggy_wuggy_dead": {
									"add": {
										"component_groups": [
											"dead"
										]
									}
								}
							}
						},
						"key": "events",
						"children": [
							{
								"open": {
									"ftl:huggy_wuggy_dead": {
										"add": {
											"component_groups": [
												"dead"
											]
										}
									}
								},
								"key": "ftl:huggy_wuggy_dead",
								"children": [
									{
										"open": {
											"add": {
												"component_groups": [
													"dead"
												]
											}
										},
										"key": "add",
										"children": [
											{
												"open": {
													"component_groups": [
														"dead"
													]
												},
												"key": "component_groups",
												"is_minified": true,
												"children": [
													"dead"
												]
											}
										]
									}
								]
							}
						]
					}
				]
			}
		]
	}
}