{
	"file_path": "C:\\Users\\enner\\AppData\\Local\\Packages\\Microsoft.MinecraftUWP_8wekyb3d8bbwe\\LocalState\\games\\com.mojang\\development_behavior_packs\\Poppy PlayTime addon BP\\entities\\huggy_wuggy_vent.json",
	"file_type": "entity",
	"format_version": 1,
	"file_uuid": "0b1bcea8_6120_4b68_8c58_a127fc485a13",
	"file_version": 7,
	"cache_content": {
		"children": [
			{
				"data": "1.16.0",
				"key": "format_version"
			},
			{
				"open": {
					"format_version": "1.16.0",
					"minecraft:entity": {
						"description": {
							"identifier": "ftl:huggy_wuggy_vent",
							"is_spawnable": true,
							"is_summonable": true,
							"is_experimental": false
						},
						"components": {
							"minecraft:is_hidden_when_invisible": {},
							"minecraft:experience_reward": {
								"on_death": "query.last_hit_by_player ? 5 + (query.equipment_count * Math.Random(1,3)) : 0"
							},
							"minecraft:nameable": {},
							"minecraft:breathable": {
								"total_supply": 15,
								"suffocate_time": 0,
								"breathes_water": true
							},
							"minecraft:health": {
								"value": 300,
								"max": 300
							},
							"minecraft:collision_box": {
								"width": 0.6,
								"height": 1.52
							},
							"minecraft:attack": {
								"damage": 150
							},
							"minecraft:loot": {
								"table": "loot_tables/entities/wither_skeleton.json"
							},
							"minecraft:movement": {
								"value": 0.28
							},
							"minecraft:navigation.walk": {
								"is_amphibious": true,
								"avoid_water": true
							},
							"minecraft:movement.basic": {},
							"minecraft:break_blocks": {
								"breakable_blocks": [
									"minecraft:leaves",
									"minecraft:leaves2"
								]
							},
							"minecraft:damage_sensor": {
								"triggers": [
									{
										"on_damage": {
											"filters": {
												"cause": "fall",
												"deals_damage": false
											}
										}
									},
									{
										"on_damage": {
											"filters": {
												"all_of": [
													{
														"test": "has_damage",
														"value": "fatal"
													}
												]
											},
											"event": "ftl:huggy_wuggy_dead"
										}
									}
								]
							},
							"minecraft:jump.static": {},
							"minecraft:can_climb": {},
							"minecraft:scale": {
								"value": 1.2
							},
							"minecraft:follow_range": {
								"value": 1000
							},
							"minecraft:behavior.hurt_by_target": {
								"priority": 1
							},
							"minecraft:behavior.nearest_attackable_target": {
								"priority": 2,
								"reselect_targets": true,
								"must_see": false,
								"entity_types": [
									{
										"filters": {
											"test": "is_family",
											"subject": "other",
											"value": "player"
										},
										"max_dist": 1000
									},
									{
										"filters": {
											"test": "is_family",
											"subject": "other",
											"value": "irongolem"
										},
										"max_dist": 1000
									},
									{
										"filters": {
											"test": "is_family",
											"subject": "other",
											"value": "villager"
										},
										"max_dist": 1000
									}
								]
							},
							"minecraft:behavior.melee_attack": {
								"priority": 4,
								"track_target": true,
								"speed_multiplier": 1.25
							},
							"minecraft:behavior.random_stroll": {
								"priority": 6,
								"speed_multiplier": 1
							},
							"minecraft:behavior.look_at_player": {
								"priority": 7,
								"look_distance": 100
							},
							"minecraft:behavior.random_look_around": {
								"priority": 8
							},
							"minecraft:knockback_resistance": {
								"value": 0.9
							},
							"minecraft:type_family": {
								"family": [
									"monster",
									"undead",
									"toy"
								]
							},
							"minecraft:physics": {},
							"minecraft:pushable": {
								"is_pushable": true,
								"is_pushable_by_piston": true
							}
						},
						"component_groups": {},
						"events": {}
					}
				},
				"key": "minecraft:entity",
				"children": [
					{
						"open": {
							"description": {
								"identifier": "ftl:huggy_wuggy_vent",
								"is_spawnable": true,
								"is_summonable": true,
								"is_experimental": false
							},
							"components": {
								"minecraft:is_hidden_when_invisible": {},
								"minecraft:experience_reward": {
									"on_death": "query.last_hit_by_player ? 5 + (query.equipment_count * Math.Random(1,3)) : 0"
								},
								"minecraft:nameable": {},
								"minecraft:breathable": {
									"total_supply": 15,
									"suffocate_time": 0,
									"breathes_water": true
								},
								"minecraft:health": {
									"value": 300,
									"max": 300
								},
								"minecraft:collision_box": {
									"width": 0.6,
									"height": 1.52
								},
								"minecraft:attack": {
									"damage": 150
								},
								"minecraft:loot": {
									"table": "loot_tables/entities/wither_skeleton.json"
								},
								"minecraft:movement": {
									"value": 0.28
								},
								"minecraft:navigation.walk": {
									"is_amphibious": true,
									"avoid_water": true
								},
								"minecraft:movement.basic": {},
								"minecraft:break_blocks": {
									"breakable_blocks": [
										"minecraft:leaves",
										"minecraft:leaves2"
									]
								},
								"minecraft:damage_sensor": {
									"triggers": [
										{
											"on_damage": {
												"filters": {
													"cause": "fall",
													"deals_damage": false
												}
											}
										},
										{
											"on_damage": {
												"filters": {
													"all_of": [
														{
															"test": "has_damage",
															"value": "fatal"
														}
													]
												},
												"event": "ftl:huggy_wuggy_dead"
											}
										}
									]
								},
								"minecraft:jump.static": {},
								"minecraft:can_climb": {},
								"minecraft:scale": {
									"value": 1.2
								},
								"minecraft:follow_range": {
									"value": 1000
								},
								"minecraft:behavior.hurt_by_target": {
									"priority": 1
								},
								"minecraft:behavior.nearest_attackable_target": {
									"priority": 2,
									"reselect_targets": true,
									"must_see": false,
									"entity_types": [
										{
											"filters": {
												"test": "is_family",
												"subject": "other",
												"value": "player"
											},
											"max_dist": 1000
										},
										{
											"filters": {
												"test": "is_family",
												"subject": "other",
												"value": "irongolem"
											},
											"max_dist": 1000
										},
										{
											"filters": {
												"test": "is_family",
												"subject": "other",
												"value": "villager"
											},
											"max_dist": 1000
										}
									]
								},
								"minecraft:behavior.melee_attack": {
									"priority": 4,
									"track_target": true,
									"speed_multiplier": 1.25
								},
								"minecraft:behavior.random_stroll": {
									"priority": 6,
									"speed_multiplier": 1
								},
								"minecraft:behavior.look_at_player": {
									"priority": 7,
									"look_distance": 100
								},
								"minecraft:behavior.random_look_around": {
									"priority": 8
								},
								"minecraft:knockback_resistance": {
									"value": 0.9
								},
								"minecraft:type_family": {
									"family": [
										"monster",
										"undead",
										"toy"
									]
								},
								"minecraft:physics": {},
								"minecraft:pushable": {
									"is_pushable": true,
									"is_pushable_by_piston": true
								}
							},
							"component_groups": {},
							"events": {}
						},
						"key": "description",
						"is_minified": true,
						"children": {
							"identifier": "ftl:huggy_wuggy_vent",
							"is_spawnable": true,
							"is_summonable": true,
							"is_experimental": false
						}
					},
					{
						"open": {
							"description": {
								"identifier": "ftl:huggy_wuggy_vent",
								"is_spawnable": true,
								"is_summonable": true,
								"is_experimental": false
							},
							"components": {
								"minecraft:is_hidden_when_invisible": {},
								"minecraft:experience_reward": {
									"on_death": "query.last_hit_by_player ? 5 + (query.equipment_count * Math.Random(1,3)) : 0"
								},
								"minecraft:nameable": {},
								"minecraft:breathable": {
									"total_supply": 15,
									"suffocate_time": 0,
									"breathes_water": true
								},
								"minecraft:health": {
									"value": 300,
									"max": 300
								},
								"minecraft:collision_box": {
									"width": 0.6,
									"height": 1.52
								},
								"minecraft:attack": {
									"damage": 150
								},
								"minecraft:loot": {
									"table": "loot_tables/entities/wither_skeleton.json"
								},
								"minecraft:movement": {
									"value": 0.28
								},
								"minecraft:navigation.walk": {
									"is_amphibious": true,
									"avoid_water": true
								},
								"minecraft:movement.basic": {},
								"minecraft:break_blocks": {
									"breakable_blocks": [
										"minecraft:leaves",
										"minecraft:leaves2"
									]
								},
								"minecraft:damage_sensor": {
									"triggers": [
										{
											"on_damage": {
												"filters": {
													"cause": "fall",
													"deals_damage": false
												}
											}
										},
										{
											"on_damage": {
												"filters": {
													"all_of": [
														{
															"test": "has_damage",
															"value": "fatal"
														}
													]
												},
												"event": "ftl:huggy_wuggy_dead"
											}
										}
									]
								},
								"minecraft:jump.static": {},
								"minecraft:can_climb": {},
								"minecraft:scale": {
									"value": 1.2
								},
								"minecraft:follow_range": {
									"value": 1000
								},
								"minecraft:behavior.hurt_by_target": {
									"priority": 1
								},
								"minecraft:behavior.nearest_attackable_target": {
									"priority": 2,
									"reselect_targets": true,
									"must_see": false,
									"entity_types": [
										{
											"filters": {
												"test": "is_family",
												"subject": "other",
												"value": "player"
											},
											"max_dist": 1000
										},
										{
											"filters": {
												"test": "is_family",
												"subject": "other",
												"value": "irongolem"
											},
											"max_dist": 1000
										},
										{
											"filters": {
												"test": "is_family",
												"subject": "other",
												"value": "villager"
											},
											"max_dist": 1000
										}
									]
								},
								"minecraft:behavior.melee_attack": {
									"priority": 4,
									"track_target": true,
									"speed_multiplier": 1.25
								},
								"minecraft:behavior.random_stroll": {
									"priority": 6,
									"speed_multiplier": 1
								},
								"minecraft:behavior.look_at_player": {
									"priority": 7,
									"look_distance": 100
								},
								"minecraft:behavior.random_look_around": {
									"priority": 8
								},
								"minecraft:knockback_resistance": {
									"value": 0.9
								},
								"minecraft:type_family": {
									"family": [
										"monster",
										"undead",
										"toy"
									]
								},
								"minecraft:physics": {},
								"minecraft:pushable": {
									"is_pushable": true,
									"is_pushable_by_piston": true
								}
							},
							"component_groups": {},
							"events": {}
						},
						"key": "components",
						"is_minified": true,
						"children": {
							"minecraft:is_hidden_when_invisible": {},
							"minecraft:experience_reward": {
								"on_death": "query.last_hit_by_player ? 5 + (query.equipment_count * Math.Random(1,3)) : 0"
							},
							"minecraft:nameable": {},
							"minecraft:breathable": {
								"total_supply": 15,
								"suffocate_time": 0,
								"breathes_water": true
							},
							"minecraft:health": {
								"value": 300,
								"max": 300
							},
							"minecraft:collision_box": {
								"width": 0.6,
								"height": 1.52
							},
							"minecraft:attack": {
								"damage": 150
							},
							"minecraft:loot": {
								"table": "loot_tables/entities/wither_skeleton.json"
							},
							"minecraft:movement": {
								"value": 0.28
							},
							"minecraft:navigation.walk": {
								"is_amphibious": true,
								"avoid_water": true
							},
							"minecraft:movement.basic": {},
							"minecraft:break_blocks": {
								"breakable_blocks": [
									"minecraft:leaves",
									"minecraft:leaves2"
								]
							},
							"minecraft:damage_sensor": {
								"triggers": [
									{
										"on_damage": {
											"filters": {
												"cause": "fall",
												"deals_damage": false
											}
										}
									},
									{
										"on_damage": {
											"filters": {
												"all_of": [
													{
														"test": "has_damage",
														"value": "fatal"
													}
												]
											},
											"event": "ftl:huggy_wuggy_dead"
										}
									}
								]
							},
							"minecraft:jump.static": {},
							"minecraft:can_climb": {},
							"minecraft:scale": {
								"value": 1.2
							},
							"minecraft:follow_range": {
								"value": 1000
							},
							"minecraft:behavior.hurt_by_target": {
								"priority": 1
							},
							"minecraft:behavior.nearest_attackable_target": {
								"priority": 2,
								"reselect_targets": true,
								"must_see": false,
								"entity_types": [
									{
										"filters": {
											"test": "is_family",
											"subject": "other",
											"value": "player"
										},
										"max_dist": 1000
									},
									{
										"filters": {
											"test": "is_family",
											"subject": "other",
											"value": "irongolem"
										},
										"max_dist": 1000
									},
									{
										"filters": {
											"test": "is_family",
											"subject": "other",
											"value": "villager"
										},
										"max_dist": 1000
									}
								]
							},
							"minecraft:behavior.melee_attack": {
								"priority": 4,
								"track_target": true,
								"speed_multiplier": 1.25
							},
							"minecraft:behavior.random_stroll": {
								"priority": 6,
								"speed_multiplier": 1
							},
							"minecraft:behavior.look_at_player": {
								"priority": 7,
								"look_distance": 100
							},
							"minecraft:behavior.random_look_around": {
								"priority": 8
							},
							"minecraft:knockback_resistance": {
								"value": 0.9
							},
							"minecraft:type_family": {
								"family": [
									"monster",
									"undead",
									"toy"
								]
							},
							"minecraft:physics": {},
							"minecraft:pushable": {
								"is_pushable": true,
								"is_pushable_by_piston": true
							}
						}
					},
					{
						"key": "component_groups",
						"is_minified": true,
						"children": {}
					},
					{
						"key": "events",
						"is_minified": true,
						"children": {}
					}
				]
			}
		]
	}
}