{
	"format_version": "1.12.0",
	"minecraft:geometry": [
		{
			"description": {
				"identifier": "geometry.Sst_ag1",
				"texture_width": 128,
				"texture_height": 128,
				"visible_bounds_width": 6,
				"visible_bounds_height": 5.5,
				"visible_bounds_offset": [0, 2.25, 0]
			},
			"bones": [
				{
					"name": "All",
					"pivot": [0, 0, 0]
				},
				{
					"name": "Body",
					"parent": "All",
					"pivot": [0, 39, 0],
					"cubes": [
						{"origin": [-5, 32, -5], "size": [10, 2, 10], "uv": [35, 21]},
						{"origin": [-3.5, 34, -3.5], "size": [7, 6, 7], "uv": [48, 4]},
						{"origin": [-5.5, 40, -7.5], "size": [11, 8, 13], "uv": [0, 21], "mirror": true},
						{"origin": [-6.5, 43, 5.5], "size": [13, 14, 5], "uv": [0, 42]},
						{"origin": [-5.5, 40.1, -7.5], "size": [11, 8, 13], "inflate": -0.1, "uv": [0, 0]}
					]
				},
				{
					"name": "Neck",
					"parent": "Body",
					"pivot": [0, 40, 0],
					"cubes": [
						{"origin": [-2, 40, -2], "size": [4, 14, 4], "uv": [68, 60]}
					]
				},
				{
					"name": "Head",
					"parent": "Neck",
					"pivot": [0, 53, 0],
					"cubes": [
						{"origin": [-3.5, 54, -4], "size": [7, 2, 8], "uv": [44, 50]},
						{"origin": [-4, 56, -4], "size": [8, 8, 8], "uv": [40, 34]},
						{"origin": [-3.5, 55, -4.2], "size": [7, 3, 1], "inflate": -0.1, "uv": [48, 17]},
						{"origin": [-7, 56, -4], "size": [5, 2, 1], "pivot": [-2, 55, -4], "rotation": [0, -2.5, 45], "uv": [0, 4]},
						{"origin": [-6, 55, -4], "size": [4, 1, 1], "pivot": [-2, 55, -4], "rotation": [0, -2.5, 45], "uv": [35, 21]},
						{"origin": [2, 55, -4], "size": [4, 1, 1], "pivot": [2, 55, -4], "rotation": [0, 2.5, -45], "uv": [35, 23]},
						{"origin": [2, 56, -4], "size": [5, 2, 1], "pivot": [2, 55, -4], "rotation": [0, 2.5, -45], "uv": [0, 0]},
						{"origin": [-0.5, 58, -4], "size": [1, 3, 1], "pivot": [0, 60, -4], "rotation": [-15, 0, 0], "uv": [35, 8]},
						{"origin": [-3, 60, -4.9], "size": [2, 2, 2], "inflate": -0.8, "uv": [35, 25]},
						{"origin": [1, 60, -4.9], "size": [2, 2, 2], "inflate": -0.8, "uv": [39, 8]}
					]
				},
				{
					"name": "Butt",
					"parent": "Body",
					"pivot": [0, 32, 0],
					"cubes": [
						{"origin": [-3, 25, -3], "size": [6, 8, 6], "uv": [0, 61]}
					]
				},
				{
					"name": "Butt2",
					"parent": "Butt",
					"pivot": [0, 25, 0],
					"cubes": [
						{"origin": [-3, 18, -3], "size": [6, 8, 6], "uv": [44, 60]},
						{"origin": [0, 13, -1], "size": [0, 5, 2], "uv": [8, 6]}
					]
				},
				{
					"name": "Button",
					"parent": "Body",
					"pivot": [0, 57, 7],
					"cubes": [
						{"origin": [-1, 57, 6], "size": [2, 1, 2], "uv": [0, 8]},
						{"origin": [-0.5, 53, 6.5], "size": [1, 4, 1], "uv": [8, 29]}
					]
				},
				{
					"name": "Leg",
					"parent": "All",
					"pivot": [-3.5, 40, 0],
					"cubes": [
						{"origin": [-33.5, 39, -1], "size": [30, 2, 2], "uv": [35, 0]},
						{"origin": [-9.5, 39, -1], "size": [6, 2, 2], "inflate": 0.1, "uv": [35, 4]}
					]
				},
				{
					"name": "Leg2",
					"parent": "Leg",
					"pivot": [-33.5, 40, 0],
					"cubes": [
						{"origin": [-34.5, 8, -1], "size": [2, 32, 2], "uv": [36, 50]},
						{"origin": [-34.5, 36, -1], "size": [2, 4, 2], "inflate": 0.1, "uv": [0, 27]},
						{"origin": [-34.5, 8, -1], "size": [2, 4, 2], "inflate": 0.1, "uv": [0, 21]},
						{"origin": [-33.5, 0, -1], "size": [0, 8, 2], "uv": [8, 19]}
					]
				},
				{
					"name": "Leg3",
					"parent": "All",
					"pivot": [3.5, 40, 0],
					"cubes": [
						{"origin": [3.5, 39, -1], "size": [30, 2, 2], "uv": [35, 0], "mirror": true},
						{"origin": [3.5, 39, -1], "size": [6, 2, 2], "inflate": 0.1, "uv": [35, 4], "mirror": true}
					]
				},
				{
					"name": "Leg4",
					"parent": "Leg3",
					"pivot": [33.5, 40, 0],
					"cubes": [
						{"origin": [32.5, 8, -1], "size": [2, 32, 2], "uv": [36, 50], "mirror": true},
						{"origin": [32.5, 36, -1], "size": [2, 4, 2], "inflate": 0.1, "uv": [0, 27], "mirror": true},
						{"origin": [32.5, 8, -1], "size": [2, 4, 2], "inflate": 0.1, "uv": [0, 21], "mirror": true},
						{"origin": [33.5, 0, -1], "size": [0, 8, 2], "uv": [8, 19], "mirror": true}
					]
				},
				{
					"name": "Leg5",
					"parent": "All",
					"pivot": [0, 40, 3],
					"cubes": [
						{"origin": [-1, 39, 3], "size": [2, 2, 6], "inflate": 0.1, "uv": [64, 33]},
						{"origin": [-1, 39, 3], "size": [2, 2, 30], "uv": [54, 48]}
					]
				},
				{
					"name": "Leg6",
					"parent": "Leg5",
					"pivot": [0, 40, 33],
					"cubes": [
						{"origin": [-1, 36, 32], "size": [2, 4, 2], "inflate": 0.1, "uv": [44, 50]},
						{"origin": [-1, 8, 32], "size": [2, 4, 2], "inflate": 0.1, "uv": [65, 17]},
						{"origin": [-1, 8, 32], "size": [2, 32, 2], "uv": [24, 61]},
						{"origin": [0, 0, 32], "size": [0, 8, 2], "uv": [36, 40]}
					]
				}
			]
		}
	]
}