{
	"format_version" : "1.10.0",
	"animation_controllers" : {
		"controller.animation.nue" : {
			"initial_state" : "default",
			"states" : {
				"default" : {
					"transitions" : [
						{
							"nue" : "!q.is_on_ground"
						}
					]
				},
				"nue" : {
					"animations" : [
						"nue"
					],
					"transitions" : [
						{
							"default" : "q.any_animation_finished"
						}
					]
				}
			}
		},
		"controller.animation.juryoku" : {
			"initial_state" : "default",
			"states" : {
				"default" : {
					"transitions" : [
						{
							"juryoku" : "(q.get_equipped_item_name == 'okkotsu_sword' || q.get_equipped_item_name == 'shigemo_sword' || q.get_equipped_item_name == 'miwa_sword' || q.get_equipped_item_name == 'tozama' || q.get_equipped_item_name == 'hammer' || q.get_equipped_item_name == 'yuun' || q.get_equipped_item_name == 'amanosakahoko' || q.get_equipped_item_name == 'naginata' || q.get_equipped_item_name == 'meimei_axe' || q.get_equipped_item_name == 'guitar' || q.get_equipped_item_name == 'touji_sword' || q.get_equipped_item_name == 'nanami_sword' || q.get_equipped_item_name == 'megumi_sword') && v.attack_time"
						}
					]
				},
				"juryoku" : {
					"particle_effects" : [
						{"effect" : "juryoku"}
					],
					"transitions" : [
						{
							"default" : "(q.get_equipped_item_name != 'okkotsu_sword' && q.get_equipped_item_name != 'shigemo_sword' && q.get_equipped_item_name != 'miwa_sword' && q.get_equipped_item_name != 'tozama' && q.get_equipped_item_name != 'hammer' && q.get_equipped_item_name != 'yuun' && q.get_equipped_item_name != 'amanosakahoko' && q.get_equipped_item_name != 'naginata' && q.get_equipped_item_name != 'meimei_axe' && q.get_equipped_item_name != 'guitar' && q.get_equipped_item_name != 'touji_sword' && q.get_equipped_item_name != 'nanami_sword' && q.get_equipped_item_name != 'megumi_sword') || !v.attack_time"
						}
					]
				}
			}
		},
		"controller.animation.rika_attack" : {
			"initial_state" : "default",
			"states" : {
				"default" : {
					"transitions" : [
						{
							"attack" : "v.attack_time && q.get_equipped_item_name == 'okkotsu_sword'"
						}
					]
				},
				"attack" : {
					"animations" : [
						"rika_attack"
					],
					"transitions" : [
						{
							"default" : "q.any_animation_finished || q.get_equipped_item_name != 'okkotsu_sword'"
						}
					]
				}
			}
		}
	}
}