{
	"format_version": "1.12.0",
	"minecraft:geometry": [
		{
			"description": {
				"identifier": "geometry.gine_beast_hair",
				"texture_width": 32,
				"texture_height": 16,
				"visible_bounds_width": 3,
				"visible_bounds_height": 4.5,
				"visible_bounds_offset": [0, 1.75, 0]
			},
			"bones": [
				{
					"name": "root",
					"pivot": [0, 0, 0]
				},
				{
					"name": "waist",
					"parent": "root",
					"pivot": [0, 12, 0]
				},
				{
					"name": "body",
					"parent": "waist",
					"pivot": [0, 24, 0]
				},
				{
					"name": "head",
					"parent": "body",
					"pivot": [0, 24, 0],
					"cubes": [
						{
							"origin": [-4, 23, -4],
							"size": [8, 8, 8],
							"inflate": 0.05,
							"uv": {
								"north": {"uv": [8, 8], "uv_size": [8, 8]},
								"east": {"uv": [0, 8], "uv_size": [8, 8]},
								"south": {"uv": [24, 8], "uv_size": [8, 8]},
								"west": {"uv": [16, 8], "uv_size": [8, 8]},
								"up": {"uv": [16, 8], "uv_size": [-8, -8]}
							}
						}
					]
				},
				{
					"name": "hair",
					"parent": "head",
					"pivot": [0, 25, 1],
					"rotation": [7.5, 0, 0]
				},
				{
					"name": "bunch",
					"parent": "hair",
					"pivot": [0, 33, 2],
					"rotation": [-25, 0, 0],
					"cubes": [
						{
							"origin": [-2, 34.40322, 2.79739],
							"size": [4, 9, 4],
							"inflate": -0.2,
							"pivot": [-0.5, 33.5, 6.5],
							"rotation": [-15, 0, 0],
							"uv": {
								"north": {"uv": [0, 0], "uv_size": [1, 1]},
								"east": {"uv": [0, 0], "uv_size": [1, 1]},
								"south": {"uv": [0, 0], "uv_size": [1, 1]},
								"west": {"uv": [0, 0], "uv_size": [1, 1]},
								"up": {"uv": [1, 1], "uv_size": [-1, -1]},
								"down": {"uv": [1, 1], "uv_size": [-1, -1]}
							}
						},
						{
							"origin": [-2, 31, 2],
							"size": [4, 5, 4],
							"pivot": [-0.5, 32.5, 2.5],
							"rotation": [-25, 0, 0],
							"uv": {
								"north": {"uv": [0, 0], "uv_size": [1, 1]},
								"east": {"uv": [0, 0], "uv_size": [1, 1]},
								"south": {"uv": [0, 0], "uv_size": [1, 1]},
								"west": {"uv": [0, 0], "uv_size": [1, 1]},
								"up": {"uv": [1, 1], "uv_size": [-1, -1]},
								"down": {"uv": [1, 1], "uv_size": [-1, -1]}
							}
						}
					]
				},
				{
					"name": "bunch3",
					"parent": "hair",
					"pivot": [0, 27, 5],
					"rotation": [-26.85474, -0.49546, 0.04463],
					"cubes": [
						{
							"origin": [-1.99922, 26.34862, 2.75875],
							"size": [4, 6, 4],
							"pivot": [-0.5, 29.5, 2.5],
							"rotation": [-25, 0, 0],
							"uv": {
								"north": {"uv": [0, 0], "uv_size": [1, 1]},
								"east": {"uv": [0, 0], "uv_size": [1, 1]},
								"south": {"uv": [0, 0], "uv_size": [1, 1]},
								"west": {"uv": [0, 0], "uv_size": [1, 1]},
								"up": {"uv": [1, 1], "uv_size": [-1, -1]},
								"down": {"uv": [1, 1], "uv_size": [-1, -1]}
							}
						},
						{
							"origin": [-1.99922, 29.62998, 3.7315],
							"size": [4, 8, 4],
							"inflate": -0.5,
							"pivot": [-0.5, 30.5, 6.5],
							"rotation": [-15, 0, 0],
							"uv": {
								"north": {"uv": [0, 0], "uv_size": [1, 1]},
								"east": {"uv": [0, 0], "uv_size": [1, 1]},
								"south": {"uv": [0, 0], "uv_size": [1, 1]},
								"west": {"uv": [0, 0], "uv_size": [1, 1]},
								"up": {"uv": [1, 1], "uv_size": [-1, -1]},
								"down": {"uv": [1, 1], "uv_size": [-1, -1]}
							}
						}
					]
				},
				{
					"name": "bunch2",
					"parent": "hair",
					"pivot": [0, 29, -2],
					"rotation": [15, 0, 0],
					"cubes": [
						{
							"origin": [-1, 27, -2],
							"size": [2, 5, 2],
							"pivot": [-0.5, 28.5, -1.5],
							"rotation": [7.5, 0, 0],
							"uv": {
								"north": {"uv": [0, 0], "uv_size": [1, 1]},
								"east": {"uv": [0, 0], "uv_size": [1, 1]},
								"south": {"uv": [0, 0], "uv_size": [1, 1]},
								"west": {"uv": [0, 0], "uv_size": [1, 1]},
								"up": {"uv": [1, 1], "uv_size": [-1, -1]},
								"down": {"uv": [1, 1], "uv_size": [-1, -1]}
							}
						},
						{
							"origin": [-1, 31.79954, -2.39391],
							"size": [3, 4, 3],
							"pivot": [-0.5, 32.5, -2.5],
							"rotation": [-40, 0, 0],
							"uv": {
								"north": {"uv": [0, 0], "uv_size": [1, 1]},
								"east": {"uv": [0, 0], "uv_size": [1, 1]},
								"south": {"uv": [0, 0], "uv_size": [1, 1]},
								"west": {"uv": [0, 0], "uv_size": [1, 1]},
								"up": {"uv": [1, 1], "uv_size": [-1, -1]},
								"down": {"uv": [1, 1], "uv_size": [-1, -1]}
							}
						},
						{
							"origin": [-1, 33.2675, 0.1],
							"size": [3, 7, 2],
							"pivot": [-0.5, 34.5, 1.5],
							"rotation": [-55, 0, 0],
							"uv": {
								"north": {"uv": [0, 0], "uv_size": [1, 1]},
								"east": {"uv": [0, 0], "uv_size": [1, 1]},
								"south": {"uv": [0, 0], "uv_size": [1, 1]},
								"west": {"uv": [0, 0], "uv_size": [1, 1]},
								"up": {"uv": [1, 1], "uv_size": [-1, -1]},
								"down": {"uv": [1, 1], "uv_size": [-1, -1]}
							}
						}
					]
				},
				{
					"name": "bunch10",
					"parent": "hair",
					"pivot": [0, 30, 0],
					"rotation": [2.5, 0, 0],
					"cubes": [
						{
							"origin": [-1, 28.00095, -0.04362],
							"size": [2, 5, 2],
							"pivot": [-0.5, 30.5, 0.5],
							"rotation": [7.5, 0, 0],
							"uv": {
								"north": {"uv": [0, 0], "uv_size": [1, 1]},
								"east": {"uv": [0, 0], "uv_size": [1, 1]},
								"south": {"uv": [0, 0], "uv_size": [1, 1]},
								"west": {"uv": [0, 0], "uv_size": [1, 1]},
								"up": {"uv": [1, 1], "uv_size": [-1, -1]},
								"down": {"uv": [1, 1], "uv_size": [-1, -1]}
							}
						},
						{
							"origin": [-2, 33.09243, 0.3132],
							"size": [3, 4, 3],
							"pivot": [-0.5, 34.5, -0.5],
							"rotation": [-40, 0, 0],
							"uv": {
								"north": {"uv": [0, 0], "uv_size": [1, 1]},
								"east": {"uv": [0, 0], "uv_size": [1, 1]},
								"south": {"uv": [0, 0], "uv_size": [1, 1]},
								"west": {"uv": [0, 0], "uv_size": [1, 1]},
								"up": {"uv": [1, 1], "uv_size": [-1, -1]},
								"down": {"uv": [1, 1], "uv_size": [-1, -1]}
							}
						},
						{
							"origin": [-2, 35.65246, 1],
							"size": [3, 7, 2.5],
							"pivot": [-0.5, 34.5, 1.5],
							"rotation": [-45.29881, 0, -2.39376],
							"uv": {
								"north": {"uv": [0, 0], "uv_size": [1, 1]},
								"east": {"uv": [0, 0], "uv_size": [1, 1]},
								"south": {"uv": [0, 0], "uv_size": [1, 1]},
								"west": {"uv": [0, 0], "uv_size": [1, 1]},
								"up": {"uv": [1, 1], "uv_size": [-1, -1]},
								"down": {"uv": [1, 1], "uv_size": [-1, -1]}
							}
						}
					]
				},
				{
					"name": "bunch8",
					"parent": "hair",
					"pivot": [-1, 30, 0],
					"rotation": [0.81727, -10.36541, -11.68273],
					"cubes": [
						{
							"origin": [-2.11354, 28.00671, -0.02208],
							"size": [2, 5, 2],
							"pivot": [-1.5, 30.5, 0.5],
							"rotation": [7.5, 0, 0],
							"uv": {
								"north": {"uv": [0, 0], "uv_size": [1, 1]},
								"east": {"uv": [0, 0], "uv_size": [1, 1]},
								"south": {"uv": [0, 0], "uv_size": [1, 1]},
								"west": {"uv": [0, 0], "uv_size": [1, 1]},
								"up": {"uv": [1, 1], "uv_size": [-1, -1]},
								"down": {"uv": [1, 1], "uv_size": [-1, -1]}
							}
						},
						{
							"origin": [-2.11354, 33.11221, 0.3235],
							"size": [2, 4, 3],
							"pivot": [-1.5, 34.5, -0.5],
							"rotation": [-40, 0, 0],
							"uv": {
								"north": {"uv": [0, 0], "uv_size": [1, 1]},
								"east": {"uv": [0, 0], "uv_size": [1, 1]},
								"south": {"uv": [0, 0], "uv_size": [1, 1]},
								"west": {"uv": [0, 0], "uv_size": [1, 1]},
								"up": {"uv": [1, 1], "uv_size": [-1, -1]},
								"down": {"uv": [1, 1], "uv_size": [-1, -1]}
							}
						},
						{
							"origin": [-2.11354, 34.6579, 3.1418],
							"size": [2, 6.3, 2.5],
							"pivot": [-1.5, 36.5, 3.5],
							"rotation": [-60, 0, 0],
							"uv": {
								"north": {"uv": [0, 0], "uv_size": [1, 1]},
								"east": {"uv": [0, 0], "uv_size": [1, 1]},
								"south": {"uv": [0, 0], "uv_size": [1, 1]},
								"west": {"uv": [0, 0], "uv_size": [1, 1]},
								"up": {"uv": [1, 1], "uv_size": [-1, -1]},
								"down": {"uv": [1, 1], "uv_size": [-1, -1]}
							}
						}
					]
				},
				{
					"name": "bunch14",
					"parent": "hair",
					"pivot": [-2, 29, 1],
					"rotation": [-21.35797, 16.40196, -27.57232],
					"cubes": [
						{
							"origin": [-3.44403, 27.10402, 1.00735],
							"size": [2, 5, 2],
							"pivot": [-2.5, 29.5, 1.5],
							"rotation": [7.5, 0, 0],
							"uv": {
								"north": {"uv": [0, 0], "uv_size": [1, 1]},
								"east": {"uv": [0, 0], "uv_size": [1, 1]},
								"south": {"uv": [0, 0], "uv_size": [1, 1]},
								"west": {"uv": [0, 0], "uv_size": [1, 1]},
								"up": {"uv": [1, 1], "uv_size": [-1, -1]},
								"down": {"uv": [1, 1], "uv_size": [-1, -1]}
							}
						},
						{
							"origin": [-3.44403, 32.19965, 1.27164],
							"size": [2, 4, 3],
							"pivot": [-2.5, 33.5, 0.5],
							"rotation": [-40, 0, 0],
							"uv": {
								"north": {"uv": [0, 0], "uv_size": [1, 1]},
								"east": {"uv": [0, 0], "uv_size": [1, 1]},
								"south": {"uv": [0, 0], "uv_size": [1, 1]},
								"west": {"uv": [0, 0], "uv_size": [1, 1]},
								"up": {"uv": [1, 1], "uv_size": [-1, -1]},
								"down": {"uv": [1, 1], "uv_size": [-1, -1]}
							}
						},
						{
							"origin": [-3.44403, 33.25856, 3.0273],
							"size": [2, 7, 2.5],
							"pivot": [-2.5, 35.5, 4.5],
							"rotation": [-17.5, 0, 0],
							"uv": {
								"north": {"uv": [0, 0], "uv_size": [1, 1]},
								"east": {"uv": [0, 0], "uv_size": [1, 1]},
								"south": {"uv": [0, 0], "uv_size": [1, 1]},
								"west": {"uv": [0, 0], "uv_size": [1, 1]},
								"up": {"uv": [1, 1], "uv_size": [-1, -1]},
								"down": {"uv": [1, 1], "uv_size": [-1, -1]}
							}
						}
					]
				},
				{
					"name": "bunch16",
					"parent": "hair",
					"pivot": [-2, 26, 4],
					"rotation": [-120.34065, 29.06234, -172.60472],
					"cubes": [
						{
							"origin": [-3.11251, 24.55744, 3.11035],
							"size": [2, 5, 2],
							"pivot": [-2.5, 26.5, 4.5],
							"rotation": [15, 0, 0],
							"uv": {
								"north": {"uv": [0, 0], "uv_size": [1, 1]},
								"east": {"uv": [0, 0], "uv_size": [1, 1]},
								"south": {"uv": [0, 0], "uv_size": [1, 1]},
								"west": {"uv": [0, 0], "uv_size": [1, 1]},
								"up": {"uv": [1, 1], "uv_size": [-1, -1]},
								"down": {"uv": [1, 1], "uv_size": [-1, -1]}
							}
						},
						{
							"origin": [-3.11251, 28.84463, 3.33134],
							"size": [2, 4, 3],
							"pivot": [-2.5, 30.5, 3.5],
							"rotation": [-40, 0, 0],
							"uv": {
								"north": {"uv": [0, 0], "uv_size": [1, 1]},
								"east": {"uv": [0, 0], "uv_size": [1, 1]},
								"south": {"uv": [0, 0], "uv_size": [1, 1]},
								"west": {"uv": [0, 0], "uv_size": [1, 1]},
								"up": {"uv": [1, 1], "uv_size": [-1, -1]},
								"down": {"uv": [1, 1], "uv_size": [-1, -1]}
							}
						},
						{
							"origin": [-3.11251, 30.29041, 5.0227],
							"size": [2, 5, 2],
							"pivot": [-2.5, 32.5, 7.5],
							"rotation": [-17.5, 0, 0],
							"uv": {
								"north": {"uv": [0, 0], "uv_size": [1, 1]},
								"east": {"uv": [0, 0], "uv_size": [1, 1]},
								"south": {"uv": [0, 0], "uv_size": [1, 1]},
								"west": {"uv": [0, 0], "uv_size": [1, 1]},
								"up": {"uv": [1, 1], "uv_size": [-1, -1]},
								"down": {"uv": [1, 1], "uv_size": [-1, -1]}
							}
						}
					]
				},
				{
					"name": "bunch9",
					"parent": "hair",
					"pivot": [1, 30, -1],
					"rotation": [-7.57673, 9.96156, 6.61955],
					"cubes": [
						{
							"origin": [0.11354, 35.66678, -0.4],
							"size": [2, 7, 2.5],
							"pivot": [0.5, 34.5, 0.5],
							"rotation": [-50, 0, 0],
							"uv": {
								"north": {"uv": [0, 0], "uv_size": [1, 1]},
								"east": {"uv": [0, 0], "uv_size": [1, 1]},
								"south": {"uv": [0, 0], "uv_size": [1, 1]},
								"west": {"uv": [0, 0], "uv_size": [1, 1]},
								"up": {"uv": [1, 1], "uv_size": [-1, -1]},
								"down": {"uv": [1, 1], "uv_size": [-1, -1]}
							}
						},
						{
							"origin": [0.11354, 33.11221, -0.6765],
							"size": [2, 4, 3],
							"pivot": [0.5, 34.5, -1.5],
							"rotation": [-40, 0, 0],
							"uv": {
								"north": {"uv": [0, 0], "uv_size": [1, 1]},
								"east": {"uv": [0, 0], "uv_size": [1, 1]},
								"south": {"uv": [0, 0], "uv_size": [1, 1]},
								"west": {"uv": [0, 0], "uv_size": [1, 1]},
								"up": {"uv": [1, 1], "uv_size": [-1, -1]},
								"down": {"uv": [1, 1], "uv_size": [-1, -1]}
							}
						},
						{
							"origin": [0.11354, 28.00671, -1.02208],
							"size": [2, 5, 2],
							"pivot": [0.5, 30.5, -0.5],
							"rotation": [7.5, 0, 0],
							"uv": {
								"north": {"uv": [0, 0], "uv_size": [1, 1]},
								"east": {"uv": [0, 0], "uv_size": [1, 1]},
								"south": {"uv": [0, 0], "uv_size": [1, 1]},
								"west": {"uv": [0, 0], "uv_size": [1, 1]},
								"up": {"uv": [1, 1], "uv_size": [-1, -1]},
								"down": {"uv": [1, 1], "uv_size": [-1, -1]}
							}
						}
					]
				},
				{
					"name": "bunch15",
					"parent": "hair",
					"pivot": [2, 29, 1],
					"rotation": [-19.44179, -7.53104, 20.58473],
					"cubes": [
						{
							"origin": [1.34856, 27.06514, 1.0674],
							"size": [2, 5, 2],
							"pivot": [1.5, 29.5, 1.5],
							"rotation": [7.5, 0, 0],
							"uv": {
								"north": {"uv": [0, 0], "uv_size": [1, 1]},
								"east": {"uv": [0, 0], "uv_size": [1, 1]},
								"south": {"uv": [0, 0], "uv_size": [1, 1]},
								"west": {"uv": [0, 0], "uv_size": [1, 1]},
								"up": {"uv": [1, 1], "uv_size": [-1, -1]},
								"down": {"uv": [1, 1], "uv_size": [-1, -1]}
							}
						},
						{
							"origin": [1.34856, 33.2487, 3.0982],
							"size": [2, 7, 2.5],
							"pivot": [1.5, 35.5, 4.5],
							"rotation": [-17.5, 0, 0],
							"uv": {
								"north": {"uv": [0, 0], "uv_size": [1, 1]},
								"east": {"uv": [27.85802, 0], "uv_size": [0, 1]},
								"south": {"uv": [0, 0], "uv_size": [1, 1]},
								"west": {"uv": [0, 0], "uv_size": [1, 1]},
								"up": {"uv": [1, 1], "uv_size": [-1, -1]},
								"down": {"uv": [1, 1], "uv_size": [-1, -1]}
							}
						},
						{
							"origin": [1.34856, 32.21765, 1.34088],
							"size": [2, 4, 3],
							"pivot": [1.5, 33.5, 0.5],
							"rotation": [-40, 0, 0],
							"uv": {
								"north": {"uv": [0, 0], "uv_size": [1, 1]},
								"east": {"uv": [0, 0], "uv_size": [1, 1]},
								"south": {"uv": [0, 0], "uv_size": [1, 1]},
								"west": {"uv": [0, 0], "uv_size": [1, 1]},
								"up": {"uv": [1, 1], "uv_size": [-1, -1]},
								"down": {"uv": [1, 1], "uv_size": [-1, -1]}
							}
						}
					]
				},
				{
					"name": "bunch13",
					"parent": "hair",
					"pivot": [2, 26, 4],
					"rotation": [-121.25554, -32.89258, 168.42833],
					"cubes": [
						{
							"origin": [1.16844, 24.50565, 3.14721],
							"size": [2, 5, 2],
							"pivot": [1.5, 26.5, 4.5],
							"rotation": [12.5, 0, 0],
							"uv": {
								"north": {"uv": [0, 0], "uv_size": [1, 1]},
								"east": {"uv": [0, 0], "uv_size": [1, 1]},
								"south": {"uv": [0, 0], "uv_size": [1, 1]},
								"west": {"uv": [0, 0], "uv_size": [1, 1]},
								"up": {"uv": [1, 1], "uv_size": [-1, -1]},
								"down": {"uv": [1, 1], "uv_size": [-1, -1]}
							}
						},
						{
							"origin": [1.16844, 30.25905, 5.078],
							"size": [2, 5, 2],
							"pivot": [1.5, 32.5, 7.5],
							"rotation": [-17.5, 0, 0],
							"uv": {
								"north": {"uv": [0, 0], "uv_size": [1, 1]},
								"east": {"uv": [24.85802, 0], "uv_size": [0, 1]},
								"south": {"uv": [0, 0], "uv_size": [1, 1]},
								"west": {"uv": [0, 0], "uv_size": [1, 1]},
								"up": {"uv": [1, 1], "uv_size": [-1, -1]},
								"down": {"uv": [1, 1], "uv_size": [-1, -1]}
							}
						},
						{
							"origin": [1.16844, 28.83682, 3.39443],
							"size": [2, 4, 3],
							"pivot": [1.5, 30.5, 3.5],
							"rotation": [-40, 0, 0],
							"uv": {
								"north": {"uv": [0, 0], "uv_size": [1, 1]},
								"east": {"uv": [0, 0], "uv_size": [1, 1]},
								"south": {"uv": [0, 0], "uv_size": [1, 1]},
								"west": {"uv": [0, 0], "uv_size": [1, 1]},
								"up": {"uv": [1, 1], "uv_size": [-1, -1]},
								"down": {"uv": [1, 1], "uv_size": [-1, -1]}
							}
						}
					]
				},
				{
					"name": "bunch4",
					"parent": "hair",
					"pivot": [2, 30, -2],
					"rotation": [-2.4905, 0.21782, 14.99527],
					"cubes": [
						{
							"origin": [1.17365, 28.02362, -2.12854],
							"size": [2, 5, 2],
							"pivot": [1.5, 30.5, -1.5],
							"rotation": [7.5, 0, 0],
							"uv": {
								"north": {"uv": [0, 0], "uv_size": [1, 1]},
								"east": {"uv": [0, 0], "uv_size": [1, 1]},
								"south": {"uv": [0, 0], "uv_size": [1, 1]},
								"west": {"uv": [0, 0], "uv_size": [1, 1]},
								"up": {"uv": [1, 1], "uv_size": [-1, -1]},
								"down": {"uv": [1, 1], "uv_size": [-1, -1]}
							}
						},
						{
							"origin": [1.17365, 32.04513, -1.76089],
							"size": [2, 3, 3],
							"pivot": [1.5, 34.5, -2.5],
							"rotation": [-40, 0, 0],
							"uv": {
								"north": {"uv": [0, 0], "uv_size": [1, 1]},
								"east": {"uv": [0, 0], "uv_size": [1, 1]},
								"south": {"uv": [0, 0], "uv_size": [1, 1]},
								"west": {"uv": [0, 0], "uv_size": [1, 1]},
								"up": {"uv": [1, 1], "uv_size": [-1, -1]},
								"down": {"uv": [1, 1], "uv_size": [-1, -1]}
							}
						},
						{
							"origin": [1.17365, 33.89153, -2.2],
							"size": [2, 6, 2],
							"pivot": [1.5, 33.5, -1.5],
							"rotation": [-47.5, 0, 0],
							"uv": {
								"north": {"uv": [0, 0], "uv_size": [1, 1]},
								"east": {"uv": [0, 0], "uv_size": [1, 1]},
								"south": {"uv": [0, 0], "uv_size": [1, 1]},
								"west": {"uv": [0, 0], "uv_size": [1, 1]},
								"up": {"uv": [1, 1], "uv_size": [-1, -1]},
								"down": {"uv": [1, 1], "uv_size": [-1, -1]}
							}
						}
					]
				},
				{
					"name": "bunch7",
					"parent": "hair",
					"pivot": [3, 30, -2],
					"rotation": [-27.67115, -21.16137, 35.93567],
					"cubes": [
						{
							"origin": [2.8473, 28.6631, -1.99258],
							"size": [2, 4, 2],
							"pivot": [2.5, 30.5, -1.5],
							"rotation": [7.5, 0, 0],
							"uv": {
								"north": {"uv": [0, 0], "uv_size": [1, 1]},
								"east": {"uv": [0, 0], "uv_size": [1, 1]},
								"south": {"uv": [0, 0], "uv_size": [1, 1]},
								"west": {"uv": [0, 0], "uv_size": [1, 1]},
								"up": {"uv": [1, 1], "uv_size": [-1, -1]},
								"down": {"uv": [1, 1], "uv_size": [-1, -1]}
							}
						},
						{
							"origin": [2.8473, 32.94007, -1.12796],
							"size": [2, 3, 2],
							"pivot": [2.5, 34.5, -2.5],
							"rotation": [-40, 0, 0],
							"uv": {
								"north": {"uv": [0, 0], "uv_size": [1, 1]},
								"east": {"uv": [0, 0], "uv_size": [1, 1]},
								"south": {"uv": [0, 0], "uv_size": [1, 1]},
								"west": {"uv": [0, 0], "uv_size": [1, 1]},
								"up": {"uv": [1, 1], "uv_size": [-1, -1]},
								"down": {"uv": [1, 1], "uv_size": [-1, -1]}
							}
						},
						{
							"origin": [2.8473, 33.67289, -0.42328],
							"size": [2, 8, 2],
							"pivot": [2.5, 35.5, -0.5],
							"rotation": [-20, 0, 0],
							"uv": {
								"north": {"uv": [0, 0], "uv_size": [1, 1]},
								"east": {"uv": [0, 0], "uv_size": [1, 1]},
								"south": {"uv": [0, 0], "uv_size": [1, 1]},
								"west": {"uv": [0, 0], "uv_size": [1, 1]},
								"up": {"uv": [1, 1], "uv_size": [-1, -1]},
								"down": {"uv": [1, 1], "uv_size": [-1, -1]}
							}
						}
					]
				},
				{
					"name": "bunch12",
					"parent": "hair",
					"pivot": [4, 29, 0],
					"rotation": [-37.29347, -30.82588, 62.03971],
					"cubes": [
						{
							"origin": [3.90016, 27.58472, -0.13132],
							"size": [2, 4, 2],
							"pivot": [3.5, 29.5, 0.5],
							"rotation": [7.5, 0, 0],
							"uv": {
								"north": {"uv": [0, 0], "uv_size": [1, 1]},
								"east": {"uv": [0, 0], "uv_size": [1, 1]},
								"south": {"uv": [0, 0], "uv_size": [1, 1]},
								"west": {"uv": [0, 0], "uv_size": [1, 1]},
								"up": {"uv": [1, 1], "uv_size": [-1, -1]},
								"down": {"uv": [1, 1], "uv_size": [-1, -1]}
							}
						},
						{
							"origin": [3.90016, 32.42216, 0.82355],
							"size": [2, 3, 2],
							"pivot": [3.5, 33.5, -0.5],
							"rotation": [-40, 0, 0],
							"uv": {
								"north": {"uv": [0, 0], "uv_size": [1, 1]},
								"east": {"uv": [0, 0], "uv_size": [1, 1]},
								"south": {"uv": [0, 0], "uv_size": [1, 1]},
								"west": {"uv": [0, 0], "uv_size": [1, 1]},
								"up": {"uv": [1, 1], "uv_size": [-1, -1]},
								"down": {"uv": [1, 1], "uv_size": [-1, -1]}
							}
						},
						{
							"origin": [3.90016, 32.64234, 1.04735],
							"size": [2, 4, 2],
							"pivot": [3.5, 35.5, 3.5],
							"rotation": [2.5, 0, 0],
							"uv": {
								"north": {"uv": [0, 0], "uv_size": [1, 1]},
								"east": {"uv": [0, 0], "uv_size": [1, 1]},
								"south": {"uv": [0, 0], "uv_size": [1, 1]},
								"west": {"uv": [0, 0], "uv_size": [1, 1]},
								"up": {"uv": [1, 1], "uv_size": [-1, -1]},
								"down": {"uv": [1, 1], "uv_size": [-1, -1]}
							}
						}
					]
				},
				{
					"name": "bunch5",
					"parent": "hair",
					"pivot": [4, 29, -2],
					"rotation": [-27.29347, -30.82588, 62.03971],
					"cubes": [
						{
							"origin": [3.90016, 27.58472, -2.13132],
							"size": [2, 4, 2],
							"pivot": [3.5, 29.5, -1.5],
							"rotation": [7.5, 0, 0],
							"uv": {
								"north": {"uv": [0, 0], "uv_size": [1, 1]},
								"east": {"uv": [0, 0], "uv_size": [1, 1]},
								"south": {"uv": [0, 0], "uv_size": [1, 1]},
								"west": {"uv": [0, 0], "uv_size": [1, 1]},
								"up": {"uv": [1, 1], "uv_size": [-1, -1]},
								"down": {"uv": [1, 1], "uv_size": [-1, -1]}
							}
						},
						{
							"origin": [3.90016, 32.42216, -1.17645],
							"size": [2, 3, 2],
							"pivot": [3.5, 33.5, -2.5],
							"rotation": [-40, 0, 0],
							"uv": {
								"north": {"uv": [0, 0], "uv_size": [1, 1]},
								"east": {"uv": [0, 0], "uv_size": [1, 1]},
								"south": {"uv": [0, 0], "uv_size": [1, 1]},
								"west": {"uv": [0, 0], "uv_size": [1, 1]},
								"up": {"uv": [1, 1], "uv_size": [-1, -1]},
								"down": {"uv": [1, 1], "uv_size": [-1, -1]}
							}
						},
						{
							"origin": [3.90016, 32.64234, -0.95265],
							"size": [2, 3, 2],
							"pivot": [3.5, 35.5, 1.5],
							"rotation": [2.5, 0, 0],
							"uv": {
								"north": {"uv": [0, 0], "uv_size": [1, 1]},
								"east": {"uv": [0, 0], "uv_size": [1, 1]},
								"south": {"uv": [0, 0], "uv_size": [1, 1]},
								"west": {"uv": [0, 0], "uv_size": [1, 1]},
								"up": {"uv": [1, 1], "uv_size": [-1, -1]},
								"down": {"uv": [1, 1], "uv_size": [-1, -1]}
							}
						}
					]
				},
				{
					"name": "bunch18",
					"parent": "hair",
					"pivot": [4, 28, 3],
					"rotation": [-73.48145, -35.3447, 125.87806],
					"cubes": [
						{
							"origin": [3.63376, 26.75435, 2.26651],
							"size": [2, 4, 2],
							"pivot": [3.5, 28.5, 3.5],
							"rotation": [7.5, 0, 0],
							"uv": {
								"north": {"uv": [0, 0], "uv_size": [1, 1]},
								"east": {"uv": [0, 0], "uv_size": [1, 1]},
								"south": {"uv": [0, 0], "uv_size": [1, 1]},
								"west": {"uv": [0, 0], "uv_size": [1, 1]},
								"up": {"uv": [1, 1], "uv_size": [-1, -1]},
								"down": {"uv": [1, 1], "uv_size": [-1, -1]}
							}
						},
						{
							"origin": [3.63376, 31.0928, 3.29166],
							"size": [2, 4, 2],
							"pivot": [3.5, 32.5, 2.5],
							"rotation": [-40, 0, 0],
							"uv": {
								"north": {"uv": [0, 0], "uv_size": [1, 1]},
								"east": {"uv": [0, 0], "uv_size": [1, 1]},
								"south": {"uv": [0, 0], "uv_size": [1, 1]},
								"west": {"uv": [0, 0], "uv_size": [1, 1]},
								"up": {"uv": [1, 1], "uv_size": [-1, -1]},
								"down": {"uv": [1, 1], "uv_size": [-1, -1]}
							}
						}
					]
				},
				{
					"name": "bunch42",
					"parent": "hair",
					"pivot": [3.87846, 27.63192, -3.24123],
					"rotation": [169.75426, -2.95489, -20.75496],
					"cubes": [
						{
							"origin": [3.29549, 24.49127, -6.84361],
							"size": [2, 5, 2],
							"inflate": -0.2,
							"pivot": [3.60612, 27.99127, -6.24362],
							"rotation": [7.5, 0, 0],
							"uv": {
								"north": {"uv": [0, 0], "uv_size": [1, 1]},
								"east": {"uv": [0, 0], "uv_size": [1, 1]},
								"south": {"uv": [0, 0], "uv_size": [1, 1]},
								"west": {"uv": [0, 0], "uv_size": [1, 1]},
								"up": {"uv": [1, 1], "uv_size": [-1, -1]},
								"down": {"uv": [1, 1], "uv_size": [-1, -1]}
							}
						},
						{
							"origin": [3.39549, 28.90358, -10.35301],
							"size": [2, 2, 3],
							"inflate": -0.3,
							"pivot": [3.60612, 31.99127, -7.24362],
							"rotation": [72.5, 0, 0],
							"uv": {
								"north": {"uv": [0, 0], "uv_size": [1, 1]},
								"east": {"uv": [0, 0], "uv_size": [1, 1]},
								"south": {"uv": [0, 0], "uv_size": [1, 1]},
								"west": {"uv": [0, 0], "uv_size": [1, 1]},
								"up": {"uv": [1, 1], "uv_size": [-1, -1]},
								"down": {"uv": [1, 1], "uv_size": [-1, -1]}
							}
						}
					]
				},
				{
					"name": "bunch38",
					"parent": "hair",
					"pivot": [-0.12154, 24.63192, 3.75877],
					"rotation": [-112.97701, 0.65559, 176.03843],
					"cubes": [
						{
							"origin": [-0.81534, 24.00786, 2.73602],
							"size": [2, 5, 2],
							"inflate": -0.3,
							"pivot": [-0.50471, 27.50786, 3.33601],
							"rotation": [7.5, 0, 0],
							"uv": {
								"north": {"uv": [0, 0], "uv_size": [1, 1]},
								"east": {"uv": [0, 0], "uv_size": [1, 1]},
								"south": {"uv": [0, 0], "uv_size": [1, 1]},
								"west": {"uv": [0, 0], "uv_size": [1, 1]},
								"up": {"uv": [1, 1], "uv_size": [-1, -1]},
								"down": {"uv": [1, 1], "uv_size": [-1, -1]}
							}
						},
						{
							"origin": [-0.8153, 28.3202, -0.77338],
							"size": [2, 2, 3],
							"inflate": -0.3,
							"pivot": [-0.50471, 31.50786, 2.33601],
							"rotation": [72.5, 0, 0],
							"uv": {
								"north": {"uv": [0, 0], "uv_size": [1, 1]},
								"east": {"uv": [0, 0], "uv_size": [1, 1]},
								"south": {"uv": [0, 0], "uv_size": [1, 1]},
								"west": {"uv": [0, 0], "uv_size": [1, 1]},
								"up": {"uv": [1, 1], "uv_size": [-1, -1]},
								"down": {"uv": [1, 1], "uv_size": [-1, -1]}
							}
						}
					]
				},
				{
					"name": "bunch35",
					"parent": "hair",
					"pivot": [1.87846, 24.63192, 3.75877],
					"rotation": [-106.60666, -20.99039, -177.68211],
					"cubes": [
						{
							"origin": [1.18466, 24.00786, 2.73602],
							"size": [2, 5, 2],
							"inflate": -0.3,
							"pivot": [1.49529, 27.50786, 3.33601],
							"rotation": [7.5, 0, 0],
							"uv": {
								"north": {"uv": [0, 0], "uv_size": [1, 1]},
								"east": {"uv": [0, 0], "uv_size": [1, 1]},
								"south": {"uv": [0, 0], "uv_size": [1, 1]},
								"west": {"uv": [0, 0], "uv_size": [1, 1]},
								"up": {"uv": [1, 1], "uv_size": [-1, -1]},
								"down": {"uv": [1, 1], "uv_size": [-1, -1]}
							}
						},
						{
							"origin": [1.1847, 28.3202, -0.77338],
							"size": [2, 2, 3],
							"inflate": -0.3,
							"pivot": [1.49529, 31.50786, 2.33601],
							"rotation": [72.5, 0, 0],
							"uv": {
								"north": {"uv": [0, 0], "uv_size": [1, 1]},
								"east": {"uv": [0, 0], "uv_size": [1, 1]},
								"south": {"uv": [0, 0], "uv_size": [1, 1]},
								"west": {"uv": [0, 0], "uv_size": [1, 1]},
								"up": {"uv": [1, 1], "uv_size": [-1, -1]},
								"down": {"uv": [1, 1], "uv_size": [-1, -1]}
							}
						}
					]
				},
				{
					"name": "bunch36",
					"parent": "hair",
					"pivot": [-1.12154, 24.63192, 3.75877],
					"rotation": [-106.24722, 17.49934, 171.21199],
					"cubes": [
						{
							"origin": [-1.81534, 24.00786, 2.73602],
							"size": [2, 5, 2],
							"inflate": -0.3,
							"pivot": [-1.50471, 27.50786, 3.33601],
							"rotation": [7.5, 0, 0],
							"uv": {
								"north": {"uv": [0, 0], "uv_size": [1, 1]},
								"east": {"uv": [0, 0], "uv_size": [1, 1]},
								"south": {"uv": [0, 0], "uv_size": [1, 1]},
								"west": {"uv": [0, 0], "uv_size": [1, 1]},
								"up": {"uv": [1, 1], "uv_size": [-1, -1]},
								"down": {"uv": [1, 1], "uv_size": [-1, -1]}
							}
						},
						{
							"origin": [-1.8153, 28.3202, -0.77338],
							"size": [2, 2, 3],
							"inflate": -0.3,
							"pivot": [-1.50471, 31.50786, 2.33601],
							"rotation": [72.5, 0, 0],
							"uv": {
								"north": {"uv": [0, 0], "uv_size": [1, 1]},
								"east": {"uv": [0, 0], "uv_size": [1, 1]},
								"south": {"uv": [0, 0], "uv_size": [1, 1]},
								"west": {"uv": [0, 0], "uv_size": [1, 1]},
								"up": {"uv": [1, 1], "uv_size": [-1, -1]},
								"down": {"uv": [1, 1], "uv_size": [-1, -1]}
							}
						}
					]
				},
				{
					"name": "bunch17",
					"parent": "hair",
					"pivot": [4.87846, 26.63192, -1.24123],
					"rotation": [-154.08912, -1.57926, -42.3458],
					"cubes": [
						{
							"origin": [4.29549, 23.49127, -4.84361],
							"size": [2, 5, 2],
							"inflate": -0.2,
							"pivot": [4.60612, 26.99127, -4.24362],
							"rotation": [7.5, 0, 0],
							"uv": {
								"north": {"uv": [0, 0], "uv_size": [1, 1]},
								"east": {"uv": [0, 0], "uv_size": [1, 1]},
								"south": {"uv": [0, 0], "uv_size": [1, 1]},
								"west": {"uv": [0, 0], "uv_size": [1, 1]},
								"up": {"uv": [1, 1], "uv_size": [-1, -1]},
								"down": {"uv": [1, 1], "uv_size": [-1, -1]}
							}
						},
						{
							"origin": [4.39549, 27.90358, -8.35301],
							"size": [2, 2, 3],
							"inflate": -0.3,
							"pivot": [4.60612, 30.99127, -5.24362],
							"rotation": [72.5, 0, 0],
							"uv": {
								"north": {"uv": [0, 0], "uv_size": [1, 1]},
								"east": {"uv": [0, 0], "uv_size": [1, 1]},
								"south": {"uv": [0, 0], "uv_size": [1, 1]},
								"west": {"uv": [0, 0], "uv_size": [1, 1]},
								"up": {"uv": [1, 1], "uv_size": [-1, -1]},
								"down": {"uv": [1, 1], "uv_size": [-1, -1]}
							}
						}
					]
				},
				{
					"name": "bunch34",
					"parent": "hair",
					"pivot": [3.87846, 28.63192, -4.24123],
					"rotation": [168.31895, -0.57025, -37.44774],
					"cubes": [
						{
							"origin": [3.29549, 25.49127, -7.84361],
							"size": [2, 5, 2],
							"inflate": -0.2,
							"pivot": [3.60612, 28.99127, -7.24362],
							"rotation": [7.5, 0, 0],
							"uv": {
								"north": {"uv": [0, 0], "uv_size": [1, 1]},
								"east": {"uv": [0, 0], "uv_size": [1, 1]},
								"south": {"uv": [0, 0], "uv_size": [1, 1]},
								"west": {"uv": [0, 0], "uv_size": [1, 1]},
								"up": {"uv": [1, 1], "uv_size": [-1, -1]},
								"down": {"uv": [1, 1], "uv_size": [-1, -1]}
							}
						},
						{
							"origin": [3.39549, 29.90358, -11.35301],
							"size": [2, 2, 3],
							"inflate": -0.3,
							"pivot": [3.60612, 32.99127, -8.24362],
							"rotation": [72.5, 0, 0],
							"uv": {
								"north": {"uv": [0, 0], "uv_size": [1, 1]},
								"east": {"uv": [0, 0], "uv_size": [1, 1]},
								"south": {"uv": [0, 0], "uv_size": [1, 1]},
								"west": {"uv": [0, 0], "uv_size": [1, 1]},
								"up": {"uv": [1, 1], "uv_size": [-1, -1]},
								"down": {"uv": [1, 1], "uv_size": [-1, -1]}
							}
						}
					]
				},
				{
					"name": "bunch24",
					"parent": "hair",
					"pivot": [-4.12154, 28.63192, -3.24123],
					"rotation": [162.17144, -1.87408, 27.98711],
					"cubes": [
						{
							"origin": [-4.67872, 26.14673, -7.25986],
							"size": [2, 5, 2],
							"inflate": -0.2,
							"pivot": [-4.86809, 29.74672, -6.65987],
							"rotation": [7.5, 0, 0],
							"uv": {
								"north": {"uv": [0, 0], "uv_size": [1, 1]},
								"east": {"uv": [0, 0], "uv_size": [1, 1]},
								"south": {"uv": [0, 0], "uv_size": [1, 1]},
								"west": {"uv": [0, 0], "uv_size": [1, 1]},
								"up": {"uv": [1, 1], "uv_size": [-1, -1]},
								"down": {"uv": [1, 1], "uv_size": [-1, -1]}
							}
						},
						{
							"origin": [-4.67872, 30.65903, -10.76926],
							"size": [2, 2, 3],
							"inflate": -0.3,
							"pivot": [-4.86809, 33.74672, -7.65987],
							"rotation": [72.5, 0, 0],
							"uv": {
								"north": {"uv": [0, 0], "uv_size": [1, 1]},
								"east": {"uv": [0, 0], "uv_size": [1, 1]},
								"south": {"uv": [0, 0], "uv_size": [1, 1]},
								"west": {"uv": [0, 0], "uv_size": [1, 1]},
								"up": {"uv": [1, 1], "uv_size": [-1, -1]},
								"down": {"uv": [1, 1], "uv_size": [-1, -1]}
							}
						}
					]
				},
				{
					"name": "bunch31",
					"parent": "hair",
					"pivot": [-4.12154, 28.63192, -1.24123],
					"rotation": [174.60283, 0.60647, 42.7019],
					"cubes": [
						{
							"origin": [-4.67872, 26.14673, -5.25986],
							"size": [2, 5, 2],
							"inflate": -0.2,
							"pivot": [-4.86809, 29.74672, -4.65987],
							"rotation": [7.5, 0, 0],
							"uv": {
								"north": {"uv": [0, 0], "uv_size": [1, 1]},
								"east": {"uv": [0, 0], "uv_size": [1, 1]},
								"south": {"uv": [0, 0], "uv_size": [1, 1]},
								"west": {"uv": [0, 0], "uv_size": [1, 1]},
								"up": {"uv": [1, 1], "uv_size": [-1, -1]},
								"down": {"uv": [1, 1], "uv_size": [-1, -1]}
							}
						},
						{
							"origin": [-4.67872, 30.65903, -8.76926],
							"size": [2, 2, 3],
							"inflate": -0.3,
							"pivot": [-4.86809, 33.74672, -5.65987],
							"rotation": [72.5, 0, 0],
							"uv": {
								"north": {"uv": [0, 0], "uv_size": [1, 1]},
								"east": {"uv": [0, 0], "uv_size": [1, 1]},
								"south": {"uv": [0, 0], "uv_size": [1, 1]},
								"west": {"uv": [0, 0], "uv_size": [1, 1]},
								"up": {"uv": [1, 1], "uv_size": [-1, -1]},
								"down": {"uv": [1, 1], "uv_size": [-1, -1]}
							}
						}
					]
				},
				{
					"name": "bunch32",
					"parent": "hair",
					"pivot": [-4.12154, 30.63192, -4.24123],
					"rotation": [174.60283, 0.60647, 42.7019],
					"cubes": [
						{
							"origin": [-4.67872, 28.14673, -8.25986],
							"size": [2, 5, 2],
							"inflate": -0.2,
							"pivot": [-4.86809, 31.74672, -7.65987],
							"rotation": [7.5, 0, 0],
							"uv": {
								"north": {"uv": [0, 0], "uv_size": [1, 1]},
								"east": {"uv": [0, 0], "uv_size": [1, 1]},
								"south": {"uv": [0, 0], "uv_size": [1, 1]},
								"west": {"uv": [0, 0], "uv_size": [1, 1]},
								"up": {"uv": [1, 1], "uv_size": [-1, -1]},
								"down": {"uv": [1, 1], "uv_size": [-1, -1]}
							}
						},
						{
							"origin": [-4.67872, 32.65903, -11.76926],
							"size": [2, 2, 3],
							"inflate": -0.3,
							"pivot": [-4.86809, 35.74672, -8.65987],
							"rotation": [72.5, 0, 0],
							"uv": {
								"north": {"uv": [0, 0], "uv_size": [1, 1]},
								"east": {"uv": [0, 0], "uv_size": [1, 1]},
								"south": {"uv": [0, 0], "uv_size": [1, 1]},
								"west": {"uv": [0, 0], "uv_size": [1, 1]},
								"up": {"uv": [1, 1], "uv_size": [-1, -1]},
								"down": {"uv": [1, 1], "uv_size": [-1, -1]}
							}
						}
					]
				},
				{
					"name": "bunch26",
					"parent": "hair",
					"pivot": [-4, 29, 0],
					"rotation": [10, 0, -10]
				},
				{
					"name": "bunch27",
					"parent": "bunch26",
					"pivot": [-3.16214, 28.85451, 0.82513],
					"rotation": [-54.69754, 11.64729, -62.78194],
					"cubes": [
						{
							"origin": [-4.52944, 27.78078, -0.75482],
							"size": [2, 4, 2],
							"pivot": [-3.10486, 29.6612, -0.2343],
							"rotation": [7.5, 0, 0],
							"uv": {
								"north": {"uv": [0, 0], "uv_size": [1, 1]},
								"east": {"uv": [0, 0], "uv_size": [1, 1]},
								"south": {"uv": [0, 0], "uv_size": [1, 1]},
								"west": {"uv": [0, 0], "uv_size": [1, 1]},
								"up": {"uv": [1, 1], "uv_size": [-1, -1]},
								"down": {"uv": [1, 1], "uv_size": [-1, -1]}
							}
						},
						{
							"origin": [-4.52944, 30.68251, -2.38846],
							"size": [2, 2, 3],
							"pivot": [-3.10486, 33.6612, -1.2343],
							"rotation": [47.5, 0, 0],
							"uv": {
								"north": {"uv": [0, 0], "uv_size": [1, 1]},
								"east": {"uv": [0, 0], "uv_size": [1, 1]},
								"south": {"uv": [0, 0], "uv_size": [1, 1]},
								"west": {"uv": [0, 0], "uv_size": [1, 1]},
								"up": {"uv": [1, 1], "uv_size": [-1, -1]},
								"down": {"uv": [1, 1], "uv_size": [-1, -1]}
							}
						},
						{
							"origin": [-4.52944, 31.87524, 0.54987],
							"size": [2, 4, 2],
							"pivot": [-3.10486, 35.6612, 2.7657],
							"rotation": [-17.5, 0, 0],
							"uv": {
								"north": {"uv": [0, 0], "uv_size": [1, 1]},
								"east": {"uv": [0, 0], "uv_size": [1, 1]},
								"south": {"uv": [0, 0], "uv_size": [1, 1]},
								"west": {"uv": [0, 0], "uv_size": [1, 1]},
								"up": {"uv": [1, 1], "uv_size": [-1, -1]},
								"down": {"uv": [1, 1], "uv_size": [-1, -1]}
							}
						}
					]
				},
				{
					"name": "bunch25",
					"parent": "hair",
					"pivot": [-1, 33, -2],
					"rotation": [19.14314, 5.90316, -26.50371],
					"cubes": [
						{
							"origin": [-2.69459, 28.09139, -2.12513],
							"size": [2, 5, 2],
							"pivot": [-2.02094, 30.53062, -1.32899],
							"rotation": [7.5, 0, 0],
							"uv": {
								"north": {"uv": [0, 0], "uv_size": [1, 1]},
								"east": {"uv": [0, 0], "uv_size": [1, 1]},
								"south": {"uv": [0, 0], "uv_size": [1, 1]},
								"west": {"uv": [0, 0], "uv_size": [1, 1]},
								"up": {"uv": [1, 1], "uv_size": [-1, -1]},
								"down": {"uv": [1, 1], "uv_size": [-1, -1]}
							}
						},
						{
							"origin": [-2.69459, 33.6, -2.3],
							"size": [2, 6, 2],
							"pivot": [-2.02094, 33.53062, -1.32899],
							"rotation": [-62.5, 0, 0],
							"uv": {
								"north": {"uv": [0, 0], "uv_size": [1, 1]},
								"east": {"uv": [0, 0], "uv_size": [1, 1]},
								"south": {"uv": [0, 0], "uv_size": [1, 1]},
								"west": {"uv": [0, 0], "uv_size": [1, 1]},
								"up": {"uv": [1, 1], "uv_size": [-1, -1]},
								"down": {"uv": [1, 1], "uv_size": [-1, -1]}
							}
						},
						{
							"origin": [-2.69459, 31.97729, -1.7305],
							"size": [2, 3, 3],
							"pivot": [-2.02094, 34.53062, -2.32899],
							"rotation": [-40, 0, 0],
							"uv": {
								"north": {"uv": [0, 0], "uv_size": [1, 1]},
								"east": {"uv": [0, 0], "uv_size": [1, 1]},
								"south": {"uv": [0, 0], "uv_size": [1, 1]},
								"west": {"uv": [0, 0], "uv_size": [1, 1]},
								"up": {"uv": [1, 1], "uv_size": [-1, -1]},
								"down": {"uv": [1, 1], "uv_size": [-1, -1]}
							}
						}
					]
				},
				{
					"name": "bunch28",
					"parent": "hair",
					"pivot": [-4, 30, -1],
					"rotation": [10, 0, -10]
				},
				{
					"name": "bunch30",
					"parent": "bunch28",
					"pivot": [-3.32629, 30.75749, -1.35288],
					"rotation": [-38.64043, 14.37579, -48.66647],
					"cubes": [
						{
							"origin": [-5.01376, 28.43292, -1.58658],
							"size": [2, 4, 2],
							"pivot": [-3.89412, 30.71326, -1.00226],
							"rotation": [7.5, 0, 0],
							"uv": {
								"north": {"uv": [0, 0], "uv_size": [1, 1]},
								"east": {"uv": [0, 0], "uv_size": [1, 1]},
								"south": {"uv": [0, 0], "uv_size": [1, 1]},
								"west": {"uv": [0, 0], "uv_size": [1, 1]},
								"up": {"uv": [1, 1], "uv_size": [-1, -1]},
								"down": {"uv": [1, 1], "uv_size": [-1, -1]}
							}
						},
						{
							"origin": [-5.01376, 31.46922, -3.46237],
							"size": [2, 2, 4],
							"pivot": [-3.89412, 34.71326, -2.00226],
							"rotation": [47.5, 0, 0],
							"uv": {
								"north": {"uv": [0, 0], "uv_size": [1, 1]},
								"east": {"uv": [0, 0], "uv_size": [1, 1]},
								"south": {"uv": [0, 0], "uv_size": [1, 1]},
								"west": {"uv": [0, 0], "uv_size": [1, 1]},
								"up": {"uv": [1, 1], "uv_size": [-1, -1]},
								"down": {"uv": [1, 1], "uv_size": [-1, -1]}
							}
						},
						{
							"origin": [-5.01376, 32.53788, -0.10691],
							"size": [2, 4, 2],
							"pivot": [-3.89412, 36.71326, 1.99774],
							"rotation": [-17.5, 0, 0],
							"uv": {
								"north": {"uv": [0, 0], "uv_size": [1, 1]},
								"east": {"uv": [0, 0], "uv_size": [1, 1]},
								"south": {"uv": [0, 0], "uv_size": [1, 1]},
								"west": {"uv": [0, 0], "uv_size": [1, 1]},
								"up": {"uv": [1, 1], "uv_size": [-1, -1]},
								"down": {"uv": [1, 1], "uv_size": [-1, -1]}
							}
						}
					]
				},
				{
					"name": "bunch6",
					"parent": "bunch28",
					"pivot": [-3.32629, 31.75749, -3.35288],
					"rotation": [-35.35464, 21.92022, -38.16673],
					"cubes": [
						{
							"origin": [-5.01376, 31.43292, -3.58658],
							"size": [2, 2, 2],
							"inflate": -0.2,
							"pivot": [-3.89412, 31.71326, -3.00226],
							"rotation": [7.5, 0, 0],
							"uv": {
								"north": {"uv": [0, 0], "uv_size": [1, 1]},
								"east": {"uv": [0, 0], "uv_size": [1, 1]},
								"south": {"uv": [0, 0], "uv_size": [1, 1]},
								"west": {"uv": [0, 0], "uv_size": [1, 1]},
								"up": {"uv": [1, 1], "uv_size": [-1, -1]},
								"down": {"uv": [1, 1], "uv_size": [-1, -1]}
							}
						},
						{
							"origin": [-5.01376, 31.88, -5.8624],
							"size": [2, 2, 3.5],
							"inflate": -0.2,
							"pivot": [-3.89412, 35.71326, -4.00226],
							"rotation": [47.5, 0, 0],
							"uv": {
								"north": {"uv": [0, 0], "uv_size": [1, 1]},
								"east": {"uv": [0, 0], "uv_size": [1, 1]},
								"south": {"uv": [0, 0], "uv_size": [1, 1]},
								"west": {"uv": [0, 0], "uv_size": [1, 1]},
								"up": {"uv": [1, 1], "uv_size": [-1, -1]},
								"down": {"uv": [1, 1], "uv_size": [-1, -1]}
							}
						},
						{
							"origin": [-5.01376, 33.53788, -1.5],
							"size": [2, 5, 2],
							"inflate": -0.2,
							"pivot": [-3.89412, 37.71326, -0.00226],
							"rotation": [-17.5, 0, 0],
							"uv": {
								"north": {"uv": [0, 0], "uv_size": [1, 1]},
								"east": {"uv": [0, 0], "uv_size": [1, 1]},
								"south": {"uv": [0, 0], "uv_size": [1, 1]},
								"west": {"uv": [0, 0], "uv_size": [1, 1]},
								"up": {"uv": [1, 1], "uv_size": [-1, -1]},
								"down": {"uv": [1, 1], "uv_size": [-1, -1]}
							}
						}
					]
				},
				{
					"name": "bunch11",
					"parent": "bunch28",
					"pivot": [4.67371, 28.75749, -2.35288],
					"rotation": [-21.60048, 1.21892, 38.60203],
					"cubes": [
						{
							"origin": [2.98624, 27.43292, -2.58658],
							"size": [2, 3, 2],
							"inflate": -0.2,
							"pivot": [4.10588, 28.71326, -2.00226],
							"rotation": [7.5, 0, 0],
							"uv": {
								"north": {"uv": [0, 0], "uv_size": [1, 1]},
								"east": {"uv": [0, 0], "uv_size": [1, 1]},
								"south": {"uv": [0, 0], "uv_size": [1, 1]},
								"west": {"uv": [0, 0], "uv_size": [1, 1]},
								"up": {"uv": [1, 1], "uv_size": [-1, -1]},
								"down": {"uv": [1, 1], "uv_size": [-1, -1]}
							}
						},
						{
							"origin": [2.98624, 28.88, -4.8624],
							"size": [2, 2, 3.5],
							"inflate": -0.2,
							"pivot": [4.10588, 32.71326, -3.00226],
							"rotation": [47.5, 0, 0],
							"uv": {
								"north": {"uv": [0, 0], "uv_size": [1, 1]},
								"east": {"uv": [0, 0], "uv_size": [1, 1]},
								"south": {"uv": [0, 0], "uv_size": [1, 1]},
								"west": {"uv": [0, 0], "uv_size": [1, 1]},
								"up": {"uv": [1, 1], "uv_size": [-1, -1]},
								"down": {"uv": [1, 1], "uv_size": [-1, -1]}
							}
						},
						{
							"origin": [2.98624, 30.53788, -0.5],
							"size": [2, 5, 2],
							"inflate": -0.2,
							"pivot": [4.10588, 34.71326, 0.99774],
							"rotation": [-17.5, 0, 0],
							"uv": {
								"north": {"uv": [0, 0], "uv_size": [1, 1]},
								"east": {"uv": [0, 0], "uv_size": [1, 1]},
								"south": {"uv": [0, 0], "uv_size": [1, 1]},
								"west": {"uv": [0, 0], "uv_size": [1, 1]},
								"up": {"uv": [1, 1], "uv_size": [-1, -1]},
								"down": {"uv": [1, 1], "uv_size": [-1, -1]}
							}
						}
					]
				},
				{
					"name": "bunch29",
					"parent": "hair",
					"pivot": [-4, 28, 2],
					"rotation": [10, 0, -10]
				},
				{
					"name": "bunch33",
					"parent": "bunch29",
					"pivot": [-2.9885, 29.17165, 3.02652],
					"rotation": [-71.48202, 23.14766, -121.65275],
					"cubes": [
						{
							"origin": [-4.70838, 26.95598, 0.44073],
							"size": [2, 4, 2],
							"pivot": [-3.60029, 28.7682, 1.67062],
							"rotation": [7.5, 0, 0],
							"uv": {
								"north": {"uv": [0, 0], "uv_size": [1, 1]},
								"east": {"uv": [0, 0], "uv_size": [1, 1]},
								"south": {"uv": [0, 0], "uv_size": [1, 1]},
								"west": {"uv": [0, 0], "uv_size": [1, 1]},
								"up": {"uv": [1, 1], "uv_size": [-1, -1]},
								"down": {"uv": [1, 1], "uv_size": [-1, -1]}
							}
						},
						{
							"origin": [-4.70838, 29.9, -0.9831],
							"size": [2, 2, 4],
							"pivot": [-3.60029, 32.7682, 0.67062],
							"rotation": [47.5, 0, 0],
							"uv": {
								"north": {"uv": [0, 0], "uv_size": [1, 1]},
								"east": {"uv": [0, 0], "uv_size": [1, 1]},
								"south": {"uv": [0, 0], "uv_size": [1, 1]},
								"west": {"uv": [0, 0], "uv_size": [1, 1]},
								"up": {"uv": [1, 1], "uv_size": [-1, -1]},
								"down": {"uv": [1, 1], "uv_size": [-1, -1]}
							}
						}
					]
				},
				{
					"name": "bunch37",
					"parent": "hair",
					"pivot": [-4, 27, 3],
					"rotation": [-4.65736, -15.7627, -47.25235]
				},
				{
					"name": "bunch39",
					"parent": "bunch37",
					"pivot": [-2.9885, 28.17165, 4.02652],
					"rotation": [-71.48202, 23.14766, -121.65275],
					"cubes": [
						{
							"origin": [-4.70838, 25.95598, 1.44073],
							"size": [2, 4, 2],
							"pivot": [-3.60029, 27.7682, 2.67062],
							"rotation": [7.5, 0, 0],
							"uv": {
								"north": {"uv": [0, 0], "uv_size": [1, 1]},
								"east": {"uv": [0, 0], "uv_size": [1, 1]},
								"south": {"uv": [0, 0], "uv_size": [1, 1]},
								"west": {"uv": [0, 0], "uv_size": [1, 1]},
								"up": {"uv": [1, 1], "uv_size": [-1, -1]},
								"down": {"uv": [1, 1], "uv_size": [-1, -1]}
							}
						},
						{
							"origin": [-4.70838, 28.9, 0.0169],
							"size": [2, 2, 3],
							"pivot": [-3.60029, 31.7682, 1.67062],
							"rotation": [47.5, 0, 0],
							"uv": {
								"north": {"uv": [0, 0], "uv_size": [1, 1]},
								"east": {"uv": [0, 0], "uv_size": [1, 1]},
								"south": {"uv": [0, 0], "uv_size": [1, 1]},
								"west": {"uv": [0, 0], "uv_size": [1, 1]},
								"up": {"uv": [1, 1], "uv_size": [-1, -1]},
								"down": {"uv": [1, 1], "uv_size": [-1, -1]}
							}
						}
					]
				},
				{
					"name": "bunch40",
					"parent": "hair",
					"pivot": [3, 27, 3],
					"rotation": [-56.2653, -5.86585, -69.36618]
				},
				{
					"name": "bunch41",
					"parent": "bunch40",
					"pivot": [4.0115, 28.17165, 4.02652],
					"rotation": [-71.48202, 23.14766, -121.65275],
					"cubes": [
						{
							"origin": [2.29162, 25.95598, 1.44073],
							"size": [2, 4, 2],
							"pivot": [3.39971, 27.7682, 2.67062],
							"rotation": [7.5, 0, 0],
							"uv": {
								"north": {"uv": [0, 0], "uv_size": [1, 1]},
								"east": {"uv": [0, 0], "uv_size": [1, 1]},
								"south": {"uv": [0, 0], "uv_size": [1, 1]},
								"west": {"uv": [0, 0], "uv_size": [1, 1]},
								"up": {"uv": [1, 1], "uv_size": [-1, -1]},
								"down": {"uv": [1, 1], "uv_size": [-1, -1]}
							}
						},
						{
							"origin": [2.29162, 28.9, 0.0169],
							"size": [2, 2, 3],
							"pivot": [3.39971, 31.7682, 1.67062],
							"rotation": [47.5, 0, 0],
							"uv": {
								"north": {"uv": [0, 0], "uv_size": [1, 1]},
								"east": {"uv": [0, 0], "uv_size": [1, 1]},
								"south": {"uv": [0, 0], "uv_size": [1, 1]},
								"west": {"uv": [0, 0], "uv_size": [1, 1]},
								"up": {"uv": [1, 1], "uv_size": [-1, -1]},
								"down": {"uv": [1, 1], "uv_size": [-1, -1]}
							}
						}
					]
				},
				{
					"name": "bunch20",
					"parent": "hair",
					"pivot": [1, 31.5, -2.5],
					"rotation": [48.44764, -46.56455, -49.79038],
					"cubes": [
						{
							"origin": [-0.66502, 28.25989, -2.90006],
							"size": [3, 6, 3],
							"inflate": -0.5,
							"pivot": [1.5, 33.5, -1.5],
							"rotation": [0, 0, -25],
							"uv": {
								"north": {"uv": [0, 0], "uv_size": [1, 1]},
								"east": {"uv": [0, 0], "uv_size": [1, 1]},
								"south": {"uv": [0, 0], "uv_size": [1, 1]},
								"west": {"uv": [0, 0], "uv_size": [1, 1]},
								"up": {"uv": [1, 1], "uv_size": [-1, -1]},
								"down": {"uv": [1, 1], "uv_size": [-1, -1]}
							}
						},
						{
							"origin": [-0.5, 33.25989, -2.90006],
							"size": [3, 5, 3],
							"inflate": -0.5,
							"pivot": [1.5, 33.5, -1.5],
							"rotation": [0, 0, -77.5],
							"uv": {
								"north": {"uv": [0, 0], "uv_size": [1, 1]},
								"east": {"uv": [0, 0], "uv_size": [1, 1]},
								"south": {"uv": [0, 0], "uv_size": [1, 1]},
								"west": {"uv": [0, 0], "uv_size": [1, 1]},
								"up": {"uv": [1, 1], "uv_size": [-1, -1]},
								"down": {"uv": [1, 1], "uv_size": [-1, -1]}
							}
						},
						{
							"origin": [-1.06712, 34.3073, -2.90006],
							"size": [3, 6, 3],
							"inflate": -0.6,
							"pivot": [-0.5, 33.5, -1.5],
							"rotation": [0, 0, -115],
							"uv": {
								"north": {"uv": [0, 0], "uv_size": [1, 1]},
								"east": {"uv": [0, 0], "uv_size": [1, 1]},
								"south": {"uv": [0, 0], "uv_size": [1, 1]},
								"west": {"uv": [0, 0], "uv_size": [1, 1]},
								"up": {"uv": [1, 1], "uv_size": [-1, -1]},
								"down": {"uv": [1, 1], "uv_size": [-1, -1]}
							}
						}
					]
				},
				{
					"name": "bunch21",
					"parent": "hair",
					"pivot": [3, 30.5, -2.5],
					"rotation": [58.11133, -50.53619, -64.09851],
					"cubes": [
						{
							"origin": [1.33498, 28.25989, -2.90006],
							"size": [3, 5, 3],
							"inflate": -0.7,
							"pivot": [3.5, 32.5, -1.5],
							"rotation": [0, -17.5, -15],
							"uv": {
								"north": {"uv": [0, 0], "uv_size": [1, 1]},
								"east": {"uv": [0, 0], "uv_size": [1, 1]},
								"south": {"uv": [0, 0], "uv_size": [1, 1]},
								"west": {"uv": [0, 0], "uv_size": [1, 1]},
								"up": {"uv": [1, 1], "uv_size": [-1, -1]},
								"down": {"uv": [1, 1], "uv_size": [-1, -1]}
							}
						},
						{
							"origin": [1.5, 32.25989, -2.90006],
							"size": [3, 5, 3],
							"inflate": -0.6,
							"pivot": [3.5, 32.5, -1.5],
							"rotation": [25, 0, -77.5],
							"uv": {
								"north": {"uv": [0, 0], "uv_size": [1, 1]},
								"east": {"uv": [0, 0], "uv_size": [1, 1]},
								"south": {"uv": [0, 0], "uv_size": [1, 1]},
								"west": {"uv": [0, 0], "uv_size": [1, 1]},
								"up": {"uv": [1, 1], "uv_size": [-1, -1]},
								"down": {"uv": [1, 1], "uv_size": [-1, -1]}
							}
						},
						{
							"origin": [1.11, 33, -3.8],
							"size": [3, 3, 3],
							"inflate": -0.7,
							"pivot": [1.5, 32.5, -1.5],
							"rotation": [18.01657, 14.52018, -111.24704],
							"uv": {
								"north": {"uv": [0, 0], "uv_size": [1, 1]},
								"east": {"uv": [0, 0], "uv_size": [1, 1]},
								"south": {"uv": [0, 0], "uv_size": [1, 1]},
								"west": {"uv": [0, 0], "uv_size": [1, 1]},
								"up": {"uv": [1, 1], "uv_size": [-1, -1]},
								"down": {"uv": [1, 1], "uv_size": [-1, -1]}
							}
						}
					]
				},
				{
					"name": "bunch22",
					"parent": "hair",
					"pivot": [4, 30.5, -1.5],
					"rotation": [128.17988, -35.16437, -120.12695],
					"cubes": [
						{
							"origin": [2.33498, 30.2, -1.90006],
							"size": [3, 3.4, 3],
							"inflate": -0.8,
							"pivot": [4.5, 32.5, -0.5],
							"rotation": [0, 0, -15],
							"uv": {
								"north": {"uv": [0, 0], "uv_size": [1, 1]},
								"east": {"uv": [0, 0], "uv_size": [1, 1]},
								"south": {"uv": [0, 0], "uv_size": [1, 1]},
								"west": {"uv": [0, 0], "uv_size": [1, 1]},
								"up": {"uv": [1, 1], "uv_size": [-1, -1]},
								"down": {"uv": [1, 1], "uv_size": [-1, -1]}
							}
						},
						{
							"origin": [2.5, 31.9, -1.90006],
							"size": [3, 4.3, 3],
							"inflate": -0.7,
							"pivot": [4.5, 32.5, -0.5],
							"rotation": [0, 0, -77.5],
							"uv": {
								"north": {"uv": [0, 0], "uv_size": [1, 1]},
								"east": {"uv": [0, 0], "uv_size": [1, 1]},
								"south": {"uv": [0, 0], "uv_size": [1, 1]},
								"west": {"uv": [0, 0], "uv_size": [1, 1]},
								"up": {"uv": [1, 1], "uv_size": [-1, -1]},
								"down": {"uv": [1, 1], "uv_size": [-1, -1]}
							}
						},
						{
							"origin": [1.3, 32.2, -1.90006],
							"size": [3, 3, 3],
							"inflate": -0.7,
							"pivot": [2.5, 32.5, -0.5],
							"rotation": [0, 0, -115],
							"uv": {
								"north": {"uv": [0, 0], "uv_size": [1, 1]},
								"east": {"uv": [0, 0], "uv_size": [1, 1]},
								"south": {"uv": [0, 0], "uv_size": [1, 1]},
								"west": {"uv": [0, 0], "uv_size": [1, 1]},
								"up": {"uv": [1, 1], "uv_size": [-1, -1]},
								"down": {"uv": [1, 1], "uv_size": [-1, -1]}
							}
						}
					]
				},
				{
					"name": "bunch23",
					"parent": "hair",
					"pivot": [3, 30.5, -0.5],
					"rotation": [155.2671, -1.26594, -133.93796],
					"cubes": [
						{
							"origin": [1.33498, 27.25989, -0.90006],
							"size": [3, 6, 3],
							"inflate": -0.8,
							"pivot": [3.5, 32.5, 0.5],
							"rotation": [0, 0, -25],
							"uv": {
								"north": {"uv": [0, 0], "uv_size": [1, 1]},
								"east": {"uv": [0, 0], "uv_size": [1, 1]},
								"south": {"uv": [0, 0], "uv_size": [1, 1]},
								"west": {"uv": [0, 0], "uv_size": [1, 1]},
								"up": {"uv": [1, 1], "uv_size": [-1, -1]},
								"down": {"uv": [1, 1], "uv_size": [-1, -1]}
							}
						},
						{
							"origin": [1.5, 32.25989, -0.90006],
							"size": [3, 4, 3],
							"inflate": -0.8,
							"pivot": [3.5, 32.5, 0.5],
							"rotation": [0, 0, -77.5],
							"uv": {
								"north": {"uv": [0, 0], "uv_size": [1, 1]},
								"east": {"uv": [0, 0], "uv_size": [1, 1]},
								"south": {"uv": [0, 0], "uv_size": [1, 1]},
								"west": {"uv": [0, 0], "uv_size": [1, 1]},
								"up": {"uv": [1, 1], "uv_size": [-1, -1]},
								"down": {"uv": [1, 1], "uv_size": [-1, -1]}
							}
						},
						{
							"origin": [0.3, 31.77738, -0.90006],
							"size": [3, 3, 3],
							"inflate": -0.9,
							"pivot": [1.5, 31.5, 0.5],
							"rotation": [0, 0, -50],
							"uv": {
								"north": {"uv": [0, 0], "uv_size": [1, 1]},
								"east": {"uv": [0, 0], "uv_size": [1, 1]},
								"south": {"uv": [0, 0], "uv_size": [1, 1]},
								"west": {"uv": [0, 0], "uv_size": [1, 1]},
								"up": {"uv": [1, 1], "uv_size": [-1, -1]},
								"down": {"uv": [1, 1], "uv_size": [-1, -1]}
							}
						}
					]
				},
				{
					"name": "bunch19",
					"parent": "hair",
					"pivot": [-1, 30.5, -2.5],
					"rotation": [31.15494, -42.00306, -33.08172],
					"cubes": [
						{
							"origin": [-2.66502, 30.25989, -2.90006],
							"size": [3, 3, 3],
							"inflate": -0.5,
							"pivot": [-0.5, 32.5, -1.5],
							"rotation": [0, 0, -15],
							"uv": {
								"north": {"uv": [0, 0], "uv_size": [1, 1]},
								"east": {"uv": [0, 0], "uv_size": [1, 1]},
								"south": {"uv": [0, 0], "uv_size": [1, 1]},
								"west": {"uv": [0, 0], "uv_size": [1, 1]},
								"up": {"uv": [1, 1], "uv_size": [-1, -1]},
								"down": {"uv": [1, 1], "uv_size": [-1, -1]}
							}
						},
						{
							"origin": [-2.5, 32.25989, -2.90006],
							"size": [3, 5, 3],
							"inflate": -0.5,
							"pivot": [-0.5, 32.5, -1.5],
							"rotation": [0, 0, -77.5],
							"uv": {
								"north": {"uv": [0, 0], "uv_size": [1, 1]},
								"east": {"uv": [0, 0], "uv_size": [1, 1]},
								"south": {"uv": [0, 0], "uv_size": [1, 1]},
								"west": {"uv": [0, 0], "uv_size": [1, 1]},
								"up": {"uv": [1, 1], "uv_size": [-1, -1]},
								"down": {"uv": [1, 1], "uv_size": [-1, -1]}
							}
						},
						{
							"origin": [-6, 31, -2.90006],
							"size": [3, 4, 3],
							"inflate": -0.6,
							"pivot": [-4.5, 32.5, -1.5],
							"rotation": [2.21783, 1.15408, -134.97766],
							"uv": {
								"north": {"uv": [0, 0], "uv_size": [1, 1]},
								"east": {"uv": [0, 0], "uv_size": [1, 1]},
								"south": {"uv": [0, 0], "uv_size": [1, 1]},
								"west": {"uv": [0, 0], "uv_size": [1, 1]},
								"up": {"uv": [1, 1], "uv_size": [-1, -1]},
								"down": {"uv": [1, 1], "uv_size": [-1, -1]}
							}
						}
					]
				}
			]
		}
	]
}