{"format_version":"1.13.0","minecraft:entity":{"components":{"minecraft:collision_box":{"height":0,"width":0},"minecraft:experience_reward":{"on_death":"query.last_hit_by_player ? 10 : 0"},"minecraft:health":{"max":9999,"value":9999},"minecraft:hurt_on_condition":{"damage_conditions":[{"cause":"lava","damage_per_tick":4,"filters":{"operator":"==","subject":"self","test":"in_lava","value":true}}]},"minecraft:loot":{"table":"loot_tables/armors_stand/armor_stand.json"},"minecraft:movement":{"max":0.23,"value":0.23},"minecraft:nameable":{"allowNameTagRenaming":true,"alwaysShow":false},"minecraft:on_death":{"event":"on:death","target":"self"},"minecraft:on_hurt":{"event":"on:hurt","target":"self"},"minecraft:on_hurt_by_player":{"event":"on:hurt_by_player","target":"self"},"minecraft:on_ignite":{"event":"on:ignite","target":"self"},"minecraft:on_target_acquired":{"event":"on:target_acquired","target":"self"},"minecraft:on_target_escape":{"event":"on:target_escape","target":"self"},"minecraft:on_wake_with_owner":{"event":"on:wake_with_owner","target":"self"},"minecraft:persistent":{},"minecraft:physics":{},"minecraft:pushable":{"is_pushable":false,"is_pushable_by_piston":true},"minecraft:scale":{"value":1},"minecraft:type_family":{"family":["mob"]},"minecraft:underwater_movement":{"value":0.02}},"description":{"identifier":"pa:daruma","is_experimental":false,"is_spawnable":true,"is_summonable":true,"runtime_identifier":"minecraft:armor_stand"},"events":{"on:death":{"run_command":{"command":[]}},"on:hurt":{"run_command":{"command":[]}},"on:hurt_by_player":{"run_command":{"command":[]}},"on:ignite":{"run_command":{"command":[]}},"on:target_acquired":{"run_command":{"command":[]}},"on:target_escape":{"run_command":{"command":[]}},"on:wake_with_owner":{"run_command":{"command":[]}}}}}