{
  "format_version": "1.10.0",
  "animation_controllers": {
    "controller.animation.good_bullet_titan_speaker": {
      "initial_state": "preshoot",
      "states": {
        "preshoot": {
          "transitions": [
            {
              "shoot": "q.get_equipped_item_name(0) == 'bullet_titan_speaker' && q.is_using_item"
            }
          ]
        },
        "shooting": {
          "on_entry": [
            "v.delaytime = q.life_time;"
          ],
          "transitions": [
            {
              "preshoot": "q.get_equipped_item_name(0) != 'bullet_titan_speaker' || !q.is_using_item"
            },
            {
              "shoot": "q.get_equipped_item_name(0) != 'bullet_titan_speaker' || !q.is_using_item"
            }
          ]
        },
        "shoot": {
          "on_entry": [
            "@s good:bullet_titan_speaker_fire",
            "/playsound good_bullet_titan_speaker_shot"
          ],
          "transitions": [
            {
              "shooting": "1.0"
            }
          ],
          "on_exit": [
            "v.bullet_fire = q.life_time;",
            "/clear @s good:bullet_titan_speaker 0 1"
          ]
        }
      }
    }
  }
}