{
  "format_version": "1.8.0",
  "animations": {
    "animation.mcpe_skibidi_dobby.bob": {
      "loop": true,
      "animation_length": 1.75,
      "bones": {
        "bone": {
          "rotation": {
            "0.0": [
              0,
              0,
              0
            ],
            "0.2083": [
              10,
              0,
              0
            ],
            "0.4167": [
              5,
              0,
              0
            ],
            "0.6667": [
              2.5,
              0,
              0
            ],
            "0.9167": [
              7.5,
              0,
              0
            ],
            "1.2083": [
              2.5,
              0,
              0
            ],
            "1.5417": [
              5,
              0,
              0
            ],
            "1.5833": [
              2.5,
              0,
              0
            ],
            "1.6667": [
              0,
              0,
              0
            ]
          }
        }
      }
    },
    "animation.mcpe_skibidi_dobby.move": {
      "loop": true,
      "animation_length": 1.75,
      "bones": {
        "bone": {
          "rotation": {
            "0.0": [
              0,
              0,
              0
            ],
            "0.2083": [
              10,
              0,
              0
            ],
            "0.4167": [
              5,
              0,
              0
            ],
            "0.6667": [
              2.5,
              0,
              0
            ],
            "0.9167": [
              7.5,
              0,
              0
            ],
            "1.2083": [
              2.5,
              0,
              0
            ],
            "1.5417": [
              5,
              0,
              0
            ],
            "1.5833": [
              2.5,
              0,
              0
            ],
            "1.6667": [
              0,
              0,
              0
            ]
          }
        }
      }
    }
  }
}