{
  "format_version": "1.8.0",
  "animations": {
    "animation.mcpe_rocket_launcher_flying_toilet.bob": {
      "animation_length": 2.375,
      "bones": {
        "head": {
          "rotation": {
            "0.0": [
              0,
              0,
              0
            ],
            "0.0833": [
              0,
              17.5,
              0
            ],
            "0.3333": [
              0,
              -12.5,
              0
            ],
            "0.5417": [
              -25,
              -12.5,
              0
            ],
            "0.7083": [
              -27.32377402603106,
              25.989272828030153,
              -18.520110951993047
            ],
            "1.0833": [
              0.11060569404178722,
              -3.0613745702605826,
              -1.9949218022734563
            ],
            "1.2917": [
              -0.023162192813870205,
              -3.063282595359451,
              0.5086531154263503
            ],
            "1.375": [
              -2.4451985996997974,
              -1.845889764273179,
              53.04743148049034
            ],
            "1.625": [
              -0.6410083067618872,
              2.9956166401515474,
              167.99127276060227
            ],
            "1.9583": [
              2.7669835592540584,
              -1.3150600377234696,
              295.4762721457362
            ],
            "2.2083": [
              -0.02316219281372467,
              -3.063282595361507,
              360.50865311542566
            ],
            "2.2917": [
              -0.023130214617613092,
              -0.5632827992940839,
              360.507642745966
            ]
          }
        }
      }
    },
    "animation.mcpe_rocket_launcher_flying_toilet.bow_and_arrow": {
      "loop": "hold_on_last_frame",
      "animation_length": 3.875,
      "bones": {
        "bb_main": {
          "rotation": {
            "0.0": [
              0,
              0,
              0
            ],
            "0.2083": [
              2.492942810808472,
              0.32621370972219665,
              -2.4786389426803908
            ],
            "0.375": [
              4.4813163302539945,
              -0.5637292435219388,
              2.948666624426114
            ],
            "0.625": [
              7.4297227833383115,
              1.2679357584233002,
              -5.48045283929574
            ],
            "0.7917": [
              9.375290741258105,
              -1.7348825107426273,
              6.396427245357663
            ],
            "1.0417": [
              12.5,
              0,
              0
            ],
            "1.1667": [
              12.824791136728182,
              2.307758758381169,
              -7.1380553632379815
            ],
            "1.5": [
              14.120824626109115,
              -1.5748806757413694,
              4.339488480463842
            ],
            "1.7083": [
              15,
              0,
              0
            ],
            "2.0417": [
              13.355661802294362,
              1.57818327615405,
              -4.745000999547756
            ],
            "3.0": [
              7.509216687376338,
              -1.6867422022771825,
              8.277811675624452
            ],
            "3.2917": [
              5,
              0,
              0
            ],
            "3.375": [
              4.91615385274099,
              1.2987564674722307,
              -7.3873262513538975
            ],
            "3.5": [
              4.999999999999927,
              -1.8185453143360064e-13,
              -1.270095140171179e-13
            ]
          },
          "position": {
            "0.0833": [
              0,
              2,
              0
            ],
            "0.25": [
              0,
              4,
              0
            ],
            "0.3333": [
              0,
              4,
              4
            ],
            "0.5417": [
              0,
              4,
              13
            ],
            "0.75": [
              0,
              9,
              13
            ],
            "1.3333": [
              0,
              14,
              13
            ],
            "1.625": [
              0,
              19,
              37
            ],
            "2.5417": [
              0,
              19,
              37
            ],
            "3.125": [
              0,
              19,
              15
            ],
            "3.625": [
              0,
              8,
              15
            ],
            "3.75": [
              0,
              3,
              5
            ]
          }
        }
      }
    },
    "animation.mcpe_rocket_launcher_flying_toilet.move": {
      "loop": true,
      "animation_length": 1.75,
      "bones": {
        "bb_main": {
          "rotation": {
            "0.0": [
              0,
              0,
              0
            ],
            "0.0833": [
              0,
              0,
              -7.5
            ],
            "0.1667": [
              0,
              0,
              10
            ],
            "0.2917": [
              0,
              0,
              0
            ],
            "0.4167": [
              -1.8472623716374983,
              0.8691622351966544,
              7.425879282253845
            ],
            "0.5833": [
              -2.1097592927031656,
              1.530663681037022,
              -5.059423271975739
            ],
            "0.75": [
              2.8902407072970533,
              1.5306636810371674,
              -5.059423271975956
            ],
            "0.9167": [
              3.0351721243902285,
              0.14191820054773419,
              4.844976900907514
            ],
            "1.0417": [
              2.890240707296962,
              1.530663681037495,
              -5.059423271976048
            ],
            "1.1667": [
              3.02149421675098,
              0.4911294743326653,
              2.369445137185667
            ],
            "1.375": [
              3.03375391861302,
              -0.20755795215178297,
              7.320433915033955
            ],
            "1.625": [
              2.9927431912599602,
              0.8394240122279735,
              -0.1063448945239358
            ],
            "1.75": [
              3.0214942167506162,
              0.4911294743327198,
              2.3694451371853944
            ]
          }
        }
      }
    }
  }
}