{
  "format_version": "1.8.0",
  "animations": {
    "animation.mcpe_giant_rocket_launcher_dual.bow_and_arrow": {
      "loop": "hold_on_last_frame",
      "animation_length": 0.3125,
      "bones": {
        "bone": {
          "position": {
            "0.0": [
              0,
              1,
              -49
            ],
            "0.125": [
              -7,
              1,
              -16
            ]
          },
          "scale": {
            "0.0": [
              1,
              1,
              1.6
            ],
            "0.125": [
              1,
              1,
              11.7
            ]
          }
        },
        "bone4": {
          "position": [
            -4,
            -5,
            1
          ]
        },
        "bone5": {
          "position": [
            24,
            0,
            2
          ]
        },
        "bone6": {
          "rotation": {
            "0.0": [
              0,
              0,
              0
            ],
            "0.0625": [
              0,
              5,
              0
            ],
            "0.125": [
              0,
              10,
              0
            ]
          }
        },
        "bone11": {
          "rotation": {
            "0.0": [
              0,
              0,
              0
            ],
            "0.0625": [
              0,
              5,
              0
            ],
            "0.125": [
              0,
              10,
              0
            ]
          }
        },
        "bone7": {
          "rotation": {
            "0.0": [
              0,
              0,
              0
            ],
            "0.1875": [
              0,
              -10,
              0
            ]
          }
        },
        "bone10": {
          "rotation": {
            "0.0": [
              0,
              0,
              0
            ],
            "0.1875": [
              0,
              -12.5,
              0
            ]
          }
        }
      }
    },
    "animation.mcpe_giant_rocket_launcher_dual.bob": {
      "loop": true,
      "animation_length": 0.9166666666666666,
      "bones": {
        "bone8": {
          "rotation": {
            "0.0": [
              0,
              0,
              -7.5
            ],
            "0.0417": [
              0,
              0,
              -2.5
            ],
            "0.1667": [
              0,
              0,
              5
            ],
            "0.3333": [
              0,
              0,
              -2.5
            ],
            "0.6667": [
              0,
              0,
              2.5
            ],
            "0.7917": [
              0,
              0,
              -2.5
            ]
          }
        },
        "head": {
          "rotation": {
            "0.0": [
              0,
              0,
              0
            ],
            "0.125": [
              0,
              0,
              -12.5
            ],
            "0.2083": [
              0,
              0,
              -20.619999999999997
            ],
            "0.4583": [
              0,
              0,
              5
            ],
            "0.7083": [
              0,
              0,
              15
            ],
            "0.8333": [
              0,
              0,
              0
            ]
          }
        },
        "bone6": {
          "rotation": {
            "0.0": [
              0,
              0,
              0
            ],
            "0.125": [
              0,
              -10,
              0
            ],
            "0.3333": [
              0,
              0,
              0
            ]
          }
        },
        "bone11": {
          "rotation": {
            "0.0": [
              0.000004939131940773223,
              1.3642420526593924e-11,
              -0.000024521782961528515
            ],
            "0.3333": [
              0,
              -12.5,
              0
            ],
            "0.5833": [
              0,
              0,
              0
            ]
          }
        },
        "bone7": {
          "rotation": {
            "0.0": [
              0,
              0,
              0
            ],
            "0.0833": [
              0,
              7.5,
              0
            ],
            "0.1667": [
              0,
              7.5,
              0
            ],
            "0.4167": [
              0,
              2.5,
              0
            ],
            "0.4583": [
              0,
              0,
              0
            ]
          }
        },
        "bone10": {
          "rotation": {
            "0.0": [
              0,
              0,
              0
            ],
            "0.0833": [
              0,
              7.5,
              0
            ],
            "0.2083": [
              0,
              0,
              0
            ],
            "0.2917": [
              0,
              5,
              0
            ],
            "0.9167": [
              0.005457094992380007,
              0.13551945367817098,
              0.052060011431876774
            ]
          }
        }
      }
    }
  }
}