{
  "format_version": "1.8.0",
  "animations": {
    "animation.mcpe_soilder_toilet.bob": {
      "loop": true,
      "animation_length": 3.1666666666666665,
      "bones": {
        "head": {
          "rotation": {
            "0.0": [
              0,
              0,
              0
            ],
            "0.125": [
              -12.5,
              0,
              0
            ],
            "0.4167": [
              17.5,
              0,
              0
            ],
            "0.7083": [
              -2.5,
              0,
              0
            ],
            "0.8333": [
              27.5,
              0,
              0
            ],
            "1.0": [
              -2.5,
              0,
              0
            ],
            "1.0417": [
              -12.5,
              0,
              0
            ],
            "1.4167": [
              4.699856911810457,
              1.7081840554196788,
              -19.929896064562854
            ],
            "1.625": [
              4.882059770967044,
              -1.080889136329497,
              12.453920543585646
            ],
            "1.7917": [
              -7.500000000000109,
              3.8191672047105385e-13,
              -2.7355895326763857e-13
            ],
            "1.9583": [
              -12.614352250409866,
              9.913580674590321,
              -1.3184461832738634
            ],
            "2.0417": [
              -24.250134764773392,
              -29.07943818067346,
              7.924677084221166
            ],
            "2.25": [
              -13.968896066332945,
              22.15942517932919,
              -4.976526704845492
            ],
            "2.4583": [
              1.5406560760961838,
              0.42962960877450485,
              -0.6532601699301086
            ],
            "2.5833": [
              1.5406560760962202,
              0.42962960877428485,
              -0.6532601699299447
            ],
            "2.7917": [
              1.5406560760962202,
              0.42962960877428485,
              -0.6532601699299447
            ]
          }
        }
      }
    }
  }
}