{
  "format_version": "1.8.0",
  "animations": {
    "animation.mcpe_giant_scientists_upgraded.attack": {
      "loop": true,
      "bones": {
        "leftarm": {
          "rotation": [
            "-68.75 * math.sin(variable.attack_time * 180.0) + 22.92 * (math.sin((1.0 - (1.0 - variable.attack_time) * (1.0 - variable.attack_time)) * 180.0)) - 90.0 - this",
            "5.73 - math.sin(variable.attack_time * 180.0) * 34.38 - this",
            "-this"
          ]
        },
        "rightarm": {
          "rotation": [
            "-68.75 * math.sin(variable.attack_time * 180.0) + 22.92 * (math.sin((1.0 - (1.0 - variable.attack_time) * (1.0 - variable.attack_time)) * 180.0)) - 90.0 - this",
            "-5.73 + math.sin(variable.attack_time * 180.0) * 34.38 - this",
            "-this"
          ]
        },
        "head": {
          "rotation": [
            0,
            0,
            0
          ]
        },
        "Tanganpercepit2": {
          "rotation": [
            0,
            20,
            0
          ],
          "position": [
            3,
            0,
            2
          ]
        }
      }
    },
    "animation.mcpe_giant_scientists_upgraded.bow_and_arrow": {
      "loop": "hold_on_last_frame",
      "animation_length": 0.125,
      "bones": {
        "bone": {
          "position": {
            "0.0": [
              0,
              1,
              -49
            ],
            "0.125": [
              -3,
              2,
              -30
            ]
          },
          "scale": {
            "0.0": [
              1,
              1,
              1.6
            ],
            "0.125": [
              1,
              1,
              11.7
            ]
          }
        }
      }
    },
    "animation.mcpe_giant_scientists_upgraded.bob": {
      "loop": true,
      "animation_length": 3.9166666666666665,
      "bones": {
        "Tanganpercepit": {
          "rotation": {
            "0.2083": [
              5,
              0,
              0
            ],
            "0.375": [
              0,
              0,
              0
            ],
            "0.5417": [
              0,
              5,
              0
            ],
            "0.75": [
              5,
              2.5,
              0
            ],
            "0.9167": [
              2.5,
              2.5,
              0
            ],
            "1.2083": [
              7.5,
              2.5,
              0
            ],
            "1.3333": [
              2.5,
              2.5,
              0
            ],
            "1.75": [
              2.558203931465414,
              12.490309961252933,
              0.4445073952620078
            ],
            "2.0": [
              2.5071564901427883,
              4.997614499669671,
              0.10942995284716744
            ],
            "2.4167": [
              2.5361174628822116,
              9.992779183280618,
              0.3312387794284041
            ],
            "2.5417": [
              2.894134068498861,
              5.249927043394109,
              0.08867196658931789
            ],
            "3.25": [
              5.01900181748988,
              -4.98092532192868,
              -0.43687984177449835
            ],
            "3.5": [
              5.015830407892736,
              4.150771080485283,
              0.36383701225275217
            ],
            "3.875": [
              5.000000000000018,
              -1.7763568394002505e-14,
              -5.4567461660326444e-14
            ]
          }
        },
        "head": {
          "rotation": {
            "0.0": [
              0,
              0,
              0
            ],
            "0.125": [
              -12.5,
              0,
              0
            ],
            "0.3333": [
              0,
              0,
              0
            ],
            "0.5": [
              0,
              0,
              -15
            ],
            "0.7917": [
              0,
              0,
              17.5
            ],
            "0.9583": [
              0,
              0,
              0
            ],
            "1.2917": [
              7.5,
              0,
              0
            ],
            "1.5": [
              7.761400536779547,
              14.868698647770543,
              2.0030683550803587
            ],
            "1.5833": [
              7.614352250409647,
              -9.913580674589758,
              -1.3184461832738634
            ],
            "1.7083": [
              7.585070180279545,
              0.0007604245123182807,
              -0.639191738788959
            ],
            "2.0417": [
              4.367107678103675,
              6.207767263862024,
              -55.40231679163084
            ],
            "2.25": [
              -7.5564751588680155,
              -0.6599252561909816,
              -185.59566123593405
            ],
            "2.3333": [
              6.736758289728132,
              -3.4936643473226106,
              -333.3449327143709
            ],
            "2.5": [
              7.577901929267901,
              0.33065208596759454,
              -363.1173442428979
            ],
            "2.7083": [
              7.670208696918126,
              0.553057538890771,
              -360.6282544280899
            ],
            "3.2083": [
              2.67020869691798,
              0.5530575388909711,
              -360.62825442809014
            ],
            "3.4583": [
              2.4874018150116353,
              1.1177132131913823,
              -373.1168777707543
            ],
            "3.6667": [
              2.7195081178622242,
              0.1999281538993456,
              -353.13639856174007
            ],
            "3.875": [
              3.1039527432332945,
              1.0030692233282934,
              -360.68454742674123
            ]
          },
          "position": {
            "1.0833": [
              0,
              0,
              0
            ],
            "1.2083": [
              0,
              4,
              0
            ],
            "1.2917": [
              0,
              5,
              0
            ],
            "2.875": [
              0,
              1,
              0
            ],
            "3.5833": [
              0,
              0,
              0
            ],
            "3.875": [
              0,
              0,
              0
            ]
          }
        },
        "OmgBang": {
          "rotation": {
            "0.375": [
              0,
              0,
              0
            ],
            "0.5833": [
              0,
              0,
              -17.5
            ],
            "0.75": [
              0,
              0,
              2.5
            ],
            "0.8333": [
              0,
              0,
              1.4299999999999997
            ],
            "1.3333": [
              0,
              0,
              -22.5
            ],
            "1.6667": [
              0,
              0,
              -2.5
            ],
            "2.25": [
              0,
              0,
              -12.5
            ],
            "2.4583": [
              0,
              0,
              -2.5
            ],
            "2.5417": [
              0,
              0,
              0
            ]
          }
        },
        "Sayap": {
          "rotation": {
            "0.4167": [
              0,
              0,
              25
            ],
            "0.625": [
              0,
              0,
              2.5
            ],
            "0.9583": [
              0,
              0,
              20
            ],
            "1.2083": [
              0,
              0,
              32.5
            ],
            "1.4167": [
              0,
              0,
              22.5
            ],
            "2.9583": [
              0,
              0,
              22.5
            ],
            "3.125": [
              0,
              0,
              45
            ],
            "3.375": [
              0,
              0,
              22.5
            ]
          }
        },
        "Tanganpercepit2": {
          "rotation": {
            "0.0": [
              0,
              5,
              0
            ],
            "1.0417": [
              0,
              -10,
              0
            ],
            "2.0833": [
              0,
              0,
              0
            ],
            "2.8333": [
              0,
              7.5,
              0
            ],
            "3.2917": [
              0,
              -2.5,
              0
            ],
            "3.875": [
              0,
              5,
              0
            ]
          }
        }
      }
    }
  }
}