{
  "format_version": "1.8.0",
  "animations": {
    "animation.mcpe_giant_claw_toilet.walk": {
      "loop": true,
      "animation_length": 3.25,
      "bones": {
        "bone6": {
          "rotation": {
            "0.0": [
              0,
              -7.5,
              0
            ],
            "0.1667": [
              -3.4787499714439036,
              -6.6485093715123185,
              27.702122918474288
            ],
            "0.5833": [
              3.3800550405853933,
              18.50146234253507,
              5.683989674097759
            ],
            "0.9167": [
              3.5519403244160275,
              25.46881353843628,
              6.139620957269635
            ],
            "1.4167": [
              -0.7452821362973729,
              20.451705768325628,
              -1.9276205043778845
            ],
            "1.8333": [
              -2.2015970107641802,
              -5.527354493565891,
              34.896656022889616
            ],
            "2.1667": [
              1.3779847812973456,
              -5.7871625008481535,
              -0.27928835912744177
            ],
            "2.4167": [
              -1.2319479188882907,
              -7.625427787734134,
              19.922266563598622
            ],
            "2.75": [
              12.055226760940604,
              15.200558483393234,
              25.869795235949297
            ],
            "3.1667": [
              1.385427020447314,
              -8.286435836217187,
              -0.3400235068263828
            ]
          }
        },
        "bone2": {
          "rotation": {
            "0.0": [
              0,
              0,
              0
            ],
            "0.1667": [
              0,
              0,
              -25
            ],
            "0.5": [
              -0.43438783255533053,
              2.461995808433585,
              -35.00933428901135
            ],
            "1.0833": [
              -0.6300503890481011,
              -27.853634092450683,
              0.0802715376892067
            ],
            "1.5": [
              -2.776552213316645,
              -14.323597118861542,
              -28.391904740524023
            ],
            "1.9167": [
              4.847607793559073,
              10.850681485343628,
              -30.80885430704584
            ],
            "2.75": [
              3.3982904871983024,
              40.472277097194905,
              -1.1290498587059687
            ],
            "3.0": [
              2.9026317899682894,
              -0.8908499863644295,
              -15.798105943775113
            ],
            "3.25": [
              0.1014581422668015,
              -1.5403667521519675,
              -1.1159364447406013
            ]
          }
        },
        "bone": {
          "rotation": {
            "0.0": [
              0,
              0,
              0
            ],
            "0.25": [
              -15.768893399583469,
              -11.962076892201296,
              32.602003119558574
            ],
            "0.6667": [
              -7.067711585016751,
              -44.44706887325766,
              9.71795560026343
            ],
            "1.0833": [
              3.591040577918193,
              -28.16823701151452,
              -0.5238638255177648
            ],
            "1.3333": [
              3.043560986183256,
              -24.865353507958588,
              0.19146407284251854
            ],
            "1.5833": [
              -13.323202203041966,
              -20.995087662226634,
              40.71779875340184
            ],
            "1.75": [
              -11.05869290344853,
              13.658088859495,
              23.454824395116358
            ],
            "1.8333": [
              5.441735470807089,
              13.728536070432146,
              23.40262502189482
            ],
            "1.9167": [
              2.3592312589865836,
              32.52344403405943,
              9.47613449935614
            ],
            "2.0": [
              -4.311916468997315,
              28.305127026384596,
              1.3662433126144062
            ],
            "2.75": [
              -10.04385741384729,
              -6.863445440998511,
              42.10547621341168
            ],
            "3.0": [
              0.388274733762465,
              1.8482024322567119,
              0.43131242607510956
            ],
            "3.25": [
              0.7874614787773506,
              6.49139129910951,
              -3.6933071614424087
            ]
          }
        },
        "bone5": {
          "rotation": {
            "0.0": [
              0,
              0,
              -7.5
            ],
            "0.5": [
              0,
              0,
              -37.5
            ],
            "1.0833": [
              -2.0708393076197353,
              36.02644297352026,
              -7.032345489831187
            ],
            "1.1667": [
              1.5697485373013298,
              36.04833204488003,
              -0.8480922297738109
            ],
            "1.6667": [
              -20.2085769564407,
              30.544594324575698,
              -39.43036508943087
            ],
            "2.3333": [
              -4.525671239893164,
              -24.20468152165673,
              3.377491908293287
            ],
            "2.8333": [
              2.6836773848897053,
              -4.834898684676958,
              -4.253853801427905
            ],
            "3.1667": [
              2.684985622228105,
              5.1541840453113945,
              -3.786112030260483
            ]
          }
        },
        "bone3": {
          "rotation": {
            "0.0": [
              0,
              0,
              0
            ],
            "0.9167": [
              0,
              0,
              12.5
            ],
            "1.75": [
              0,
              0,
              0
            ],
            "2.5": [
              0,
              0,
              -12.5
            ],
            "3.1667": [
              0.5409356797199507,
              -0.05918480626496603,
              -0.01208259717486726
            ]
          }
        },
        "bone7": {
          "rotation": {
            "0.0": [
              0,
              0,
              0
            ],
            "0.8333": [
              0,
              0,
              -12.5
            ],
            "1.6667": [
              0,
              0,
              0
            ],
            "2.5833": [
              0,
              0,
              -15
            ],
            "3.1667": [
              0,
              0,
              0
            ]
          }
        }
      }
    },
    "animation.mcpe_giant_claw_toilet.attack": {
      "loop": true,
      "animation_length": 1.75,
      "bones": {
        "bone4": {
          "rotation": {
            "0.0": [
              4.694786306271453,
              7.7497688001646745,
              -25.60120442878351
            ],
            "0.1667": [
              98.17919588132503,
              24.101729836401663,
              23.89455735000578
            ],
            "0.4583": [
              84.68185209069821,
              5.721239041431254,
              -0.18272520844568163
            ],
            "0.7083": [
              84.69542811432638,
              -3.253532752977917,
              0.6506138126540646
            ],
            "1.1667": [
              83.08335628467985,
              29.144313191442052,
              26.20083547818276
            ],
            "1.375": [
              69.9733754251766,
              36.58509086355038,
              25.079166370754773
            ],
            "1.625": [
              -4.376014848104006,
              25.490622836409187,
              -25.840651113485293
            ],
            "1.75": [
              -6.160474397765828,
              13.12060943635355,
              -10.125095515002922
            ]
          }
        },
        "bone7": {
          "rotation": {
            "0.0": [
              0,
              0,
              17.5
            ],
            "0.4167": [
              0,
              0,
              40
            ],
            "0.6667": [
              0,
              0,
              58.47
            ],
            "1.4167": [
              0,
              0,
              -1.5300000000000011
            ],
            "1.5417": [
              0,
              0,
              0.9699999999999989
            ]
          }
        }
      }
    },
    "animation.mcpe_giant_claw_toilet.bob": {
      "loop": true,
      "animation_length": 2.2,
      "bones": {
        "bone3": {
          "rotation": {
            "0.0": [
              0,
              0,
              0
            ],
            "0.7": [
              0,
              0,
              -12.5
            ],
            "1.5": [
              0,
              0,
              -5
            ],
            "1.8": [
              0,
              0,
              -1
            ],
            "2.0": [
              0,
              0,
              -2.5
            ]
          }
        },
        "bone8": {
          "rotation": {
            "1.7": [
              0,
              0,
              -20
            ],
            "2.0": [
              -0.10826027147140849,
              -0.48091257279793354,
              -21.92361927116564
            ],
            "2.1": [
              0,
              0,
              -22.5
            ]
          }
        },
        "bone9": {
          "rotation": {
            "0.2": [
              0,
              0,
              5
            ],
            "2.0": [
              -0.8271614360705826,
              0.18502892691549278,
              -4.929013936838146
            ],
            "2.1": [
              0.844865615113431,
              0.07366946365382318,
              5.036152786236507
            ],
            "2.2": [
              2.497623568589006,
              0.10901393533140435,
              5.002376431410994
            ]
          }
        },
        "bone4": {
          "rotation": {
            "0.0": [
              0,
              0,
              0
            ],
            "1.0": [
              0,
              0,
              -12.5
            ],
            "1.4": [
              0,
              0,
              -7.5
            ],
            "2.1": [
              0,
              0,
              0
            ]
          }
        }
      }
    }
  }
}