{
  "format_version": "1.8.0",
  "animations": {
    "animation.mcpe_medium_toilet.bob": {
      "loop": true,
      "animation_length": 4.166666666666667,
      "bones": {
        "head": {
          "rotation": {
            "0.0": [
              0,
              0,
              0
            ],
            "0.1667": [
              -17.5,
              0,
              0
            ],
            "0.4167": [
              30,
              0,
              0
            ],
            "0.5833": [
              5,
              0,
              0
            ],
            "0.7083": [
              -5,
              0,
              0
            ],
            "1.1667": [
              -1.9175728901504954,
              4.618536838526325,
              67.42266441222318
            ],
            "1.375": [
              4.95743838861843,
              0.6518169913753082,
              172.52821669266444
            ],
            "1.6667": [
              -3.218731205193344,
              -3.8282102958388347,
              310.1075978483266
            ],
            "1.9583": [
              -4.999999999999291,
              8.36664071357518e-13,
              360.0000000000008
            ],
            "2.0": [
              9.094947017729282e-13,
              9.094947017729282e-13,
              360.0000000000009
            ],
            "2.125": [
              0,
              0,
              342.5
            ],
            "2.2917": [
              0,
              0,
              342.5
            ],
            "2.4583": [
              0,
              0,
              400
            ],
            "2.6667": [
              0,
              0,
              360
            ],
            "2.8333": [
              17.5,
              0,
              360
            ],
            "3.0": [
              -22.5,
              0,
              360
            ],
            "3.125": [
              0,
              30,
              360
            ],
            "3.3333": [
              0,
              -22.5,
              360
            ],
            "3.5": [
              0,
              -80,
              360
            ],
            "3.6667": [
              -180,
              -47.5,
              180
            ],
            "3.75": [
              -360,
              0,
              0
            ]
          }
        }
      }
    },
    "animation.mcpe_medium_toilet.move": {
      "loop": true,
      "animation_length": 1.7916666666666667,
      "bones": {
        "head": {
          "rotation": {
            "0.0": [
              0,
              0,
              0
            ],
            "0.1667": [
              -0.48931348103451455,
              1.1367768701124987,
              -19.96691499112876
            ],
            "0.625": [
              0.07176787724371025,
              -1.235519359542068,
              19.961286863450624
            ],
            "1.0417": [
              -0.48931348103467825,
              1.136776870111371,
              -19.966914991128796
            ],
            "1.5417": [
              0.022307194675031505,
              -1.542434328198724,
              24.95281837998735
            ],
            "1.75": [
              1.8193779816044753e-14,
              -1.4006573678670975e-12,
              -7.283063041541027e-13
            ]
          }
        }
      }
    }
  }
}