{
  "format_version": "1.8.0",
  "animations": {
    "animation.mcpe_middle_boss_toilet.bob": {
      "loop": true,
      "animation_length": 3.0416666666666665,
      "bones": {
        "head": {
          "rotation": {
            "0.0": [
              0,
              0,
              0
            ],
            "0.25": [
              0,
              0,
              -17.5
            ],
            "0.5417": [
              0,
              0,
              17.5
            ],
            "0.8333": [
              0,
              0,
              0
            ],
            "1.1667": [
              0,
              0,
              -20
            ],
            "1.375": [
              0,
              0,
              12.5
            ],
            "1.6667": [
              0,
              0,
              0
            ],
            "1.9167": [
              179.99993125875972,
              -80.00000000003001,
              -180.00001927387848
            ],
            "2.0": [
              0,
              22.499988047169154,
              -360.000086970786
            ],
            "2.1667": [
              0.000012835672350774985,
              0.000017224191651621368,
              -719.9999832620952
            ],
            "2.5833": [
              4.792004512301446,
              -15.134501474696208,
              -834.9308858136887
            ],
            "2.875": [
              11.148091151424559,
              2.5338621847214373,
              -1005.5016898217865
            ],
            "3.0": [
              0.000012835673624422839,
              0.000017224190996589783,
              -1079.9999832620915
            ]
          }
        }
      }
    }
  }
}