{
  "format_version": "1.8.0",
  "animations": {
    "animation.mcpe_swat_helicopter_skibidi_toilet.bob": {
      "loop": true,
      "animation_length": 0.25,
      "bones": {
        "Heli": {
          "rotation": {
            "0.0": [
              0,
              -7.5,
              0
            ],
            "0.25": [
              0,
              -187.5,
              0
            ]
          },
          "position": [
            0,
            0,
            -1
          ]
        }
      }
    }
  }
}