{
  "format_version": "1.8.0",
  "animations": {
    "animation.mcpe_cameraman_turret.attack": {
      "loop": true,
      "bones": {
        "leftArm": {
          "rotation": [
            "-68.75 * math.sin(variable.attack_time * 180.0) + 22.92 * (math.sin((1.0 - (1.0 - variable.attack_time) * (1.0 - variable.attack_time)) * 180.0)) - 90.0 - this",
            "5.73 - math.sin(variable.attack_time * 180.0) * 34.38 - this",
            "-this"
          ]
        },
        "rightArm": {
          "rotation": [
            "-68.75 * math.sin(variable.attack_time * 180.0) + 22.92 * (math.sin((1.0 - (1.0 - variable.attack_time) * (1.0 - variable.attack_time)) * 180.0)) - 90.0 - this",
            "-5.73 + math.sin(variable.attack_time * 180.0) * 34.38 - this",
            "-this"
          ]
        }
      }
    },
    "animation.mcpe_cameraman_turret.bow_and_arrow": {
      "loop": "hold_on_last_frame",
      "animation_length": 0.125,
      "bones": {
        "bone": {
          "position": {
            "0.0": [
              0,
              1,
              -49
            ],
            "0.125": [
              0,
              0,
              89
            ]
          },
          "scale": {
            "0.0": [
              1,
              1,
              1.6
            ],
            "0.125": [
              1,
              1,
              11.7
            ]
          }
        }
      }
    }
  }
}