{
  "format_version": "1.8.0",
  "animations": {
    "animation.mcpe_spectacles_big_toilet.bob": {
      "loop": true,
      "animation_length": 2.9583333333333335,
      "bones": {
        "head": {
          "rotation": {
            "0.0": [
              0,
              0,
              -17.5
            ],
            "0.1667": [
              0,
              0,
              17.5
            ],
            "0.3333": [
              0,
              0,
              2.5
            ],
            "0.5": [
              -13.110027419015296,
              -22.29711192573768,
              5.594724467108335
            ],
            "0.7083": [
              -19.783491416564047,
              9.449452666867455,
              -1.5021695943975466
            ],
            "0.7917": [
              1.4003376201423805,
              -75.59220987116923,
              -2.25567726375084
            ],
            "1.0": [
              179.5777369698625,
              -34.40294082630757,
              -180.6607789663974
            ],
            "1.1667": [
              179.5841261378733,
              33.09564335039895,
              -181.12645030802892
            ],
            "1.4167": [
              0.7397443216296722,
              61.901682142901876,
              -360.2467978561634
            ],
            "1.6667": [
              0.34943323078754474,
              4.403584645212867,
              -360.8725341626741
            ],
            "1.7917": [
              0.34842054474129325,
              -0.5963227549947074,
              -360.9029907376299
            ],
            "2.0": [
              0.6842643488631438,
              0.0936805148752683,
              -428.4006181664748
            ],
            "2.2917": [
              -0.1822038239918765,
              0.6661805936040218,
              -525.9022368296258
            ],
            "2.5417": [
              0.0035671053936494612,
              -0.6906378190706891,
              -690.901199069824
            ],
            "2.7083": [
              0.3220771704386607,
              -0.6109529840109098,
              -718.4028947687469
            ]
          }
        }
      }
    }
  }
}