{
  "format_version": "1.8.0",
  "animations": {
    "animation.mcpe_titan_sirenman.bob": {
      "loop": true,
      "animation_length": 3.2916666666666665,
      "bones": {
        "bb_main": {
          "position": {
            "0.0": [
              0,
              0,
              0
            ],
            "0.3333": [
              0,
              6,
              0
            ],
            "0.7083": [
              0,
              -1,
              0
            ],
            "0.75": [
              0,
              0,
              0
            ],
            "1.0833": [
              0,
              3,
              0
            ],
            "1.8333": [
              0,
              5,
              0
            ],
            "2.4583": [
              0,
              3,
              0
            ],
            "3.25": [
              0,
              -7,
              0
            ],
            "3.2917": [
              0,
              -2,
              0
            ]
          }
        }
      }
    },
    "animation.mcpe_titan_sirenman.move": {
      "loop": true,
      "animation_length": 3.7083333333333335,
      "bones": {
        "bb_main": {
          "rotation": {
            "0.0833": [
              12.5,
              0,
              0
            ],
            "0.375": [
              17.5,
              0,
              0
            ],
            "0.6667": [
              25,
              0,
              0
            ],
            "1.375": [
              30,
              0,
              0
            ],
            "2.0833": [
              37.5,
              0,
              0
            ],
            "3.5833": [
              7.5,
              0,
              0
            ]
          },
          "position": {
            "0.0": [
              0,
              0,
              0
            ],
            "0.3333": [
              0,
              6,
              0
            ],
            "0.7083": [
              0,
              -1,
              0
            ],
            "0.75": [
              0,
              0,
              0
            ],
            "0.9167": [
              0,
              -4.39,
              0
            ],
            "1.0833": [
              0,
              3,
              0
            ],
            "1.625": [
              0,
              -6.56,
              0
            ],
            "1.8333": [
              0,
              5,
              0
            ],
            "2.125": [
              0,
              -0.9299999999999997,
              0
            ],
            "2.4583": [
              0,
              3,
              0
            ],
            "2.7083": [
              0,
              -6.16,
              0
            ],
            "3.125": [
              0,
              -1.8099999999999996,
              0
            ],
            "3.2083": [
              0,
              -4.77,
              0
            ],
            "3.25": [
              0,
              -7,
              0
            ]
          }
        }
      }
    }
  }
}