{"format_version":"1.12.0","minecraft:geometry":[{"description":{"identifier":"geometry.lady_bug","texture_width":32,"texture_height":32,"visible_bounds_width":2,"visible_bounds_height":1.5,"visible_bounds_offset":[0,0.25,0]},"bones":[{"name":"bodyb","pivot":[0,0,2]},{"name":"body","pivot":[0,1,-2],"cubes":[{"origin":[-2,1,-2],"size":[4,2,5],"uv":[13,13],"inflate":0}],"parent":"bodyb"},{"name":"head","pivot":[0,1,-4],"cubes":[{"origin":[-2,1,-4],"size":[4,2,2],"uv":[12,0],"inflate":0}],"parent":"bodyb","locators":{"lead":[0,2.07812,-1.69951]}},{"name":"ant1","pivot":[1,3,-4],"cubes":[{"origin":[1,2.5,-6],"size":[1,2,2],"uv":[0,10],"inflate":0}],"parent":"head","rotation":[-37.5,-35,0]},{"name":"ant2","pivot":[-1,3,-4],"cubes":[{"origin":[-2,2.5,-6],"size":[1,2,2],"uv":[18,21],"inflate":0}],"parent":"head","rotation":[-37.5,35,0]},{"name":"wing0","pivot":[0,2,-2],"cubes":[{"origin":[-3,2,-2],"size":[3,3,6],"uv":[0,9],"inflate":0}],"parent":"bodyb"},{"name":"wing1","pivot":[0,2,-2],"cubes":[{"origin":[0,2,-2],"size":[3,3,6],"uv":[0,0],"inflate":0}],"parent":"bodyb"},{"name":"leg0","pivot":[2,1,0.5],"cubes":[{"origin":[2,-0.5,-2],"size":[1,2,5],"uv":[0,18],"inflate":0}],"parent":"bodyb","rotation":[0,0,-45]},{"name":"leg1","pivot":[-2,1,0.5],"cubes":[{"origin":[-3,-0.5,-2],"size":[1,2,5],"uv":[13,4],"inflate":0}],"parent":"bodyb","rotation":[0,0,45]}]}]}