{
  "format_version": "1.12.0",
  "minecraft:geometry": [
    {
      "description": {
        "identifier": "geometry.pa_blue",
        "texture_width": 64,
        "texture_height": 64,
        "visible_bounds_width": 2,
        "visible_bounds_height": 3.5,
        "visible_bounds_offset": [
          0,
          1.25,
          0
        ]
      },
      "bones": [
        {
          "name": "Leg",
          "pivot": [
            1,
            10,
            0
          ],
          "rotation": [
            0,
            0,
            -2.5
          ],
          "cubes": [
            {
              "origin": [
                -0.2,
                0,
                -1
              ],
              "size": [
                3.4,
                4,
                3
              ],
              "uv": {
                "north": {
                  "uv": [
                    29,
                    20
                  ],
                  "uv_size": [
                    3.375,
                    4
                  ]
                },
                "east": {
                  "uv": [
                    29,
                    28
                  ],
                  "uv_size": [
                    3,
                    4
                  ]
                },
                "south": {
                  "uv": [
                    29,
                    24
                  ],
                  "uv_size": [
                    3.375,
                    4
                  ]
                },
                "west": {
                  "uv": [
                    30,
                    0
                  ],
                  "uv_size": [
                    3,
                    4
                  ]
                },
                "up": {
                  "uv": [
                    31,
                    7
                  ],
                  "uv_size": [
                    3.375,
                    3
                  ]
                },
                "down": {
                  "uv": [
                    31,
                    13
                  ],
                  "uv_size": [
                    3.375,
                    -3
                  ]
                }
              }
            },
            {
              "origin": [
                0,
                4,
                -1
              ],
              "size": [
                3,
                6,
                3
              ],
              "uv": {
                "north": {
                  "uv": [
                    26,
                    20
                  ],
                  "uv_size": [
                    3,
                    5
                  ]
                },
                "east": {
                  "uv": [
                    26,
                    25
                  ],
                  "uv_size": [
                    3,
                    5
                  ]
                },
                "south": {
                  "uv": [
                    27,
                    0
                  ],
                  "uv_size": [
                    3,
                    5
                  ]
                },
                "west": {
                  "uv": [
                    20,
                    27
                  ],
                  "uv_size": [
                    3,
                    5
                  ]
                },
                "up": {
                  "uv": [
                    25,
                    13
                  ],
                  "uv_size": [
                    3,
                    3
                  ]
                },
                "down": {
                  "uv": [
                    26,
                    33
                  ],
                  "uv_size": [
                    3,
                    -3
                  ]
                }
              }
            }
          ]
        },
        {
          "name": "Leg2",
          "pivot": [
            -1,
            10,
            0
          ],
          "rotation": [
            0.08663,
            0.23564,
            2.48754
          ],
          "cubes": [
            {
              "origin": [
                -3.2,
                0,
                -1
              ],
              "size": [
                3.4,
                4,
                3
              ],
              "uv": {
                "north": {
                  "uv": [
                    32.375,
                    20
                  ],
                  "uv_size": [
                    -3.375,
                    4
                  ]
                },
                "east": {
                  "uv": [
                    33,
                    0
                  ],
                  "uv_size": [
                    -3,
                    4
                  ]
                },
                "south": {
                  "uv": [
                    32.375,
                    24
                  ],
                  "uv_size": [
                    -3.375,
                    4
                  ]
                },
                "west": {
                  "uv": [
                    32,
                    28
                  ],
                  "uv_size": [
                    -3,
                    4
                  ]
                },
                "up": {
                  "uv": [
                    34.375,
                    7
                  ],
                  "uv_size": [
                    -3.375,
                    3
                  ]
                },
                "down": {
                  "uv": [
                    34.375,
                    13
                  ],
                  "uv_size": [
                    -3.375,
                    -3
                  ]
                }
              }
            },
            {
              "origin": [
                -3,
                4,
                -1
              ],
              "size": [
                3,
                6,
                3
              ],
              "uv": {
                "north": {
                  "uv": [
                    29,
                    20
                  ],
                  "uv_size": [
                    -3,
                    5
                  ]
                },
                "east": {
                  "uv": [
                    23,
                    27
                  ],
                  "uv_size": [
                    -3,
                    5
                  ]
                },
                "south": {
                  "uv": [
                    30,
                    0
                  ],
                  "uv_size": [
                    -3,
                    5
                  ]
                },
                "west": {
                  "uv": [
                    29,
                    25
                  ],
                  "uv_size": [
                    -3,
                    5
                  ]
                },
                "up": {
                  "uv": [
                    28,
                    13
                  ],
                  "uv_size": [
                    -3,
                    3
                  ]
                },
                "down": {
                  "uv": [
                    29,
                    33
                  ],
                  "uv_size": [
                    -3,
                    -3
                  ]
                }
              }
            }
          ]
        },
        {
          "name": "Torso",
          "pivot": [
            0,
            10,
            0
          ],
          "rotation": [
            10,
            0,
            0
          ],
          "cubes": [
            {
              "origin": [
                -3.5,
                10,
                -2
              ],
              "size": [
                7,
                7,
                5
              ],
              "uv": {
                "north": {
                  "uv": [
                    0,
                    0
                  ],
                  "uv_size": [
                    6,
                    8
                  ]
                },
                "east": {
                  "uv": [
                    12,
                    0
                  ],
                  "uv_size": [
                    5,
                    8
                  ]
                },
                "south": {
                  "uv": [
                    6,
                    0
                  ],
                  "uv_size": [
                    6,
                    8
                  ]
                },
                "west": {
                  "uv": [
                    14,
                    8
                  ],
                  "uv_size": [
                    5,
                    8
                  ]
                },
                "up": {
                  "uv": [
                    0,
                    21
                  ],
                  "uv_size": [
                    6,
                    5
                  ]
                },
                "down": {
                  "uv": [
                    6,
                    26
                  ],
                  "uv_size": [
                    6,
                    -5
                  ]
                }
              }
            },
            {
              "origin": [
                -3.5,
                17,
                -1
              ],
              "size": [
                7,
                6,
                4
              ],
              "pivot": [
                0,
                0,
                0
              ],
              "rotation": [
                2.5,
                0,
                0
              ],
              "uv": {
                "north": {
                  "uv": [
                    0,
                    15
                  ],
                  "uv_size": [
                    6,
                    6
                  ]
                },
                "east": {
                  "uv": [
                    22,
                    21
                  ],
                  "uv_size": [
                    4,
                    6
                  ]
                },
                "south": {
                  "uv": [
                    6,
                    15
                  ],
                  "uv_size": [
                    6,
                    6
                  ]
                },
                "west": {
                  "uv": [
                    12,
                    23
                  ],
                  "uv_size": [
                    4,
                    6
                  ]
                },
                "up": {
                  "uv": [
                    19,
                    12
                  ],
                  "uv_size": [
                    6,
                    4
                  ]
                },
                "down": {
                  "uv": [
                    24,
                    20
                  ],
                  "uv_size": [
                    6,
                    -4
                  ]
                }
              }
            }
          ]
        },
        {
          "name": "Head",
          "parent": "Torso",
          "pivot": [
            0,
            23,
            0
          ],
          "rotation": [
            7.89586,
            -2.24147,
            7.449
          ],
          "cubes": [
            {
              "origin": [
                -3.3,
                23.01618,
                -2.74153
              ],
              "size": [
                6.6,
                7,
                6
              ],
              "uv": {
                "north": {
                  "uv": [
                    0,
                    8
                  ],
                  "uv_size": [
                    6.625,
                    7
                  ]
                },
                "east": {
                  "uv": [
                    12,
                    16
                  ],
                  "uv_size": [
                    5,
                    7
                  ]
                },
                "south": {
                  "uv": [
                    7,
                    8
                  ],
                  "uv_size": [
                    6.625,
                    7
                  ]
                },
                "west": {
                  "uv": [
                    17,
                    0
                  ],
                  "uv_size": [
                    5,
                    7
                  ]
                },
                "up": {
                  "uv": [
                    17,
                    16
                  ],
                  "uv_size": [
                    6.625,
                    5
                  ]
                },
                "down": {
                  "uv": [
                    19,
                    12
                  ],
                  "uv_size": [
                    6.625,
                    -5
                  ]
                }
              }
            },
            {
              "origin": [
                -2,
                30.01618,
                -3.74153
              ],
              "size": [
                4,
                4,
                3
              ],
              "pivot": [
                0,
                6.01618,
                -0.74153
              ],
              "rotation": [
                -10,
                0,
                0
              ],
              "uv": {
                "north": {
                  "uv": [
                    8,
                    26
                  ],
                  "uv_size": [
                    4,
                    4
                  ]
                },
                "east": {
                  "uv": [
                    8,
                    30
                  ],
                  "uv_size": [
                    3,
                    4
                  ]
                },
                "south": {
                  "uv": [
                    16,
                    26
                  ],
                  "uv_size": [
                    4,
                    4
                  ]
                },
                "west": {
                  "uv": [
                    15,
                    30
                  ],
                  "uv_size": [
                    3,
                    4
                  ]
                },
                "up": {
                  "uv": [
                    30,
                    15
                  ],
                  "uv_size": [
                    4,
                    3
                  ]
                },
                "down": {
                  "uv": [
                    31,
                    7
                  ],
                  "uv_size": [
                    4,
                    -3
                  ]
                }
              }
            }
          ]
        },
        {
          "name": "Arm",
          "parent": "Torso",
          "pivot": [
            3,
            23,
            0
          ],
          "rotation": [
            -9.99067,
            -0.43399,
            -2.46207
          ],
          "cubes": [
            {
              "origin": [
                3.4,
                15,
                -1
              ],
              "size": [
                2.3,
                8,
                3
              ],
              "uv": {
                "north": {
                  "uv": [
                    26,
                    5
                  ],
                  "uv_size": [
                    2,
                    8
                  ]
                },
                "east": {
                  "uv": [
                    0,
                    26
                  ],
                  "uv_size": [
                    3,
                    8
                  ]
                },
                "south": {
                  "uv": [
                    6,
                    26
                  ],
                  "uv_size": [
                    2,
                    8
                  ]
                },
                "west": {
                  "uv": [
                    3,
                    26
                  ],
                  "uv_size": [
                    3,
                    8
                  ]
                },
                "up": {
                  "uv": [
                    18,
                    30
                  ],
                  "uv_size": [
                    2,
                    3
                  ]
                },
                "down": {
                  "uv": [
                    20,
                    35
                  ],
                  "uv_size": [
                    2,
                    -3
                  ]
                }
              }
            },
            {
              "origin": [
                3.5,
                10,
                -2
              ],
              "size": [
                3,
                5,
                5
              ],
              "uv": {
                "north": {
                  "uv": [
                    23,
                    27
                  ],
                  "uv_size": [
                    3,
                    5
                  ]
                },
                "east": {
                  "uv": [
                    17,
                    21
                  ],
                  "uv_size": [
                    5,
                    5
                  ]
                },
                "south": {
                  "uv": [
                    28,
                    5
                  ],
                  "uv_size": [
                    3,
                    5
                  ]
                },
                "west": {
                  "uv": [
                    22,
                    0
                  ],
                  "uv_size": [
                    5,
                    5
                  ]
                },
                "up": {
                  "uv": [
                    28,
                    10
                  ],
                  "uv_size": [
                    3,
                    5
                  ]
                },
                "down": {
                  "uv": [
                    12,
                    34
                  ],
                  "uv_size": [
                    3,
                    -5
                  ]
                }
              }
            }
          ]
        },
        {
          "name": "Arm2",
          "parent": "Torso",
          "pivot": [
            -3,
            23,
            0
          ],
          "rotation": [
            -10,
            0,
            0
          ],
          "cubes": [
            {
              "origin": [
                -5.7,
                15,
                -1
              ],
              "size": [
                2.3,
                8,
                3
              ],
              "uv": {
                "north": {
                  "uv": [
                    28,
                    5
                  ],
                  "uv_size": [
                    -2,
                    8
                  ]
                },
                "east": {
                  "uv": [
                    6,
                    26
                  ],
                  "uv_size": [
                    -3,
                    8
                  ]
                },
                "south": {
                  "uv": [
                    8,
                    26
                  ],
                  "uv_size": [
                    -2,
                    8
                  ]
                },
                "west": {
                  "uv": [
                    3,
                    26
                  ],
                  "uv_size": [
                    -3,
                    8
                  ]
                },
                "up": {
                  "uv": [
                    20,
                    30
                  ],
                  "uv_size": [
                    -2,
                    3
                  ]
                },
                "down": {
                  "uv": [
                    22,
                    35
                  ],
                  "uv_size": [
                    -2,
                    -3
                  ]
                }
              }
            },
            {
              "origin": [
                -6.5,
                10,
                -2
              ],
              "size": [
                3,
                5,
                5
              ],
              "uv": {
                "north": {
                  "uv": [
                    26,
                    27
                  ],
                  "uv_size": [
                    -3,
                    5
                  ]
                },
                "east": {
                  "uv": [
                    27,
                    0
                  ],
                  "uv_size": [
                    -5,
                    5
                  ]
                },
                "south": {
                  "uv": [
                    31,
                    5
                  ],
                  "uv_size": [
                    -3,
                    5
                  ]
                },
                "west": {
                  "uv": [
                    22,
                    21
                  ],
                  "uv_size": [
                    -5,
                    5
                  ]
                },
                "up": {
                  "uv": [
                    31,
                    10
                  ],
                  "uv_size": [
                    -3,
                    5
                  ]
                },
                "down": {
                  "uv": [
                    15,
                    34
                  ],
                  "uv_size": [
                    -3,
                    -5
                  ]
                }
              }
            }
          ]
        }
      ]
    }
  ]
}