{
  "format_version": "1.12.0",
  "minecraft:geometry": [
    {
      "description": {
        "identifier": "geometry.pa_baker",
        "texture_width": 128,
        "texture_height": 128,
        "visible_bounds_width": 3,
        "visible_bounds_height": 3.5,
        "visible_bounds_offset": [
          0,
          1.25,
          0
        ]
      },
      "bones": [
        {
          "name": "bone",
          "pivot": [
            0,
            0,
            0
          ],
          "cubes": [
            {
              "origin": [
                12,
                0,
                -8
              ],
              "size": [
                2,
                16,
                16
              ],
              "uv": {
                "north": {
                  "uv": [
                    20,
                    56
                  ],
                  "uv_size": [
                    2,
                    16
                  ]
                },
                "east": {
                  "uv": [
                    32,
                    0
                  ],
                  "uv_size": [
                    16,
                    16
                  ]
                },
                "south": {
                  "uv": [
                    22,
                    56
                  ],
                  "uv_size": [
                    2,
                    16
                  ]
                },
                "west": {
                  "uv": [
                    32,
                    16
                  ],
                  "uv_size": [
                    16,
                    16
                  ]
                },
                "up": {
                  "uv": [
                    59,
                    48
                  ],
                  "uv_size": [
                    2,
                    16
                  ]
                },
                "down": {
                  "uv": [
                    24,
                    76
                  ],
                  "uv_size": [
                    2,
                    -16
                  ]
                }
              }
            },
            {
              "origin": [
                -12,
                0,
                -8
              ],
              "size": [
                2,
                16,
                16
              ],
              "uv": {
                "north": {
                  "uv": [
                    22,
                    56
                  ],
                  "uv_size": [
                    -2,
                    16
                  ]
                },
                "east": {
                  "uv": [
                    48,
                    16
                  ],
                  "uv_size": [
                    -16,
                    16
                  ]
                },
                "south": {
                  "uv": [
                    24,
                    56
                  ],
                  "uv_size": [
                    -2,
                    16
                  ]
                },
                "west": {
                  "uv": [
                    48,
                    0
                  ],
                  "uv_size": [
                    -16,
                    16
                  ]
                },
                "up": {
                  "uv": [
                    61,
                    48
                  ],
                  "uv_size": [
                    -2,
                    16
                  ]
                },
                "down": {
                  "uv": [
                    26,
                    76
                  ],
                  "uv_size": [
                    -2,
                    -16
                  ]
                }
              }
            },
            {
              "origin": [
                -3,
                9,
                -8
              ],
              "size": [
                2,
                7,
                16
              ],
              "uv": {
                "north": {
                  "uv": [
                    30,
                    40
                  ],
                  "uv_size": [
                    2,
                    7
                  ]
                },
                "east": {
                  "uv": [
                    48,
                    16
                  ],
                  "uv_size": [
                    16,
                    7
                  ]
                },
                "south": {
                  "uv": [
                    54,
                    63
                  ],
                  "uv_size": [
                    2,
                    7
                  ]
                },
                "west": {
                  "uv": [
                    48,
                    23
                  ],
                  "uv_size": [
                    16,
                    7
                  ]
                },
                "up": {
                  "uv": [
                    34,
                    60
                  ],
                  "uv_size": [
                    2,
                    16
                  ]
                },
                "down": {
                  "uv": [
                    36,
                    76
                  ],
                  "uv_size": [
                    2,
                    -16
                  ]
                }
              }
            },
            {
              "origin": [
                -10,
                7,
                -8
              ],
              "size": [
                9,
                2,
                16
              ],
              "uv": {
                "north": {
                  "uv": [
                    57,
                    12
                  ],
                  "uv_size": [
                    9,
                    2
                  ]
                },
                "east": {
                  "uv": [
                    57,
                    8
                  ],
                  "uv_size": [
                    16,
                    2
                  ]
                },
                "south": {
                  "uv": [
                    57,
                    14
                  ],
                  "uv_size": [
                    9,
                    2
                  ]
                },
                "west": {
                  "uv": [
                    57,
                    10
                  ],
                  "uv_size": [
                    16,
                    2
                  ]
                },
                "up": {
                  "uv": [
                    16,
                    40
                  ],
                  "uv_size": [
                    9,
                    16
                  ]
                },
                "down": {
                  "uv": [
                    48,
                    16
                  ],
                  "uv_size": [
                    9,
                    -16
                  ]
                }
              }
            },
            {
              "origin": [
                -15,
                16,
                -10
              ],
              "size": [
                32,
                2,
                20
              ],
              "uv": {
                "north": {
                  "uv": [
                    57,
                    0
                  ],
                  "uv_size": [
                    32,
                    2
                  ]
                },
                "east": {
                  "uv": [
                    57,
                    4
                  ],
                  "uv_size": [
                    20,
                    2
                  ]
                },
                "south": {
                  "uv": [
                    57,
                    2
                  ],
                  "uv_size": [
                    32,
                    2
                  ]
                },
                "west": {
                  "uv": [
                    57,
                    6
                  ],
                  "uv_size": [
                    20,
                    2
                  ]
                },
                "up": {
                  "uv": [
                    0,
                    0
                  ],
                  "uv_size": [
                    32,
                    20
                  ]
                },
                "down": {
                  "uv": [
                    0,
                    40
                  ],
                  "uv_size": [
                    32,
                    -20
                  ]
                }
              }
            }
          ]
        },
        {
          "name": "bone2",
          "pivot": [
            0,
            0,
            0
          ],
          "cubes": [
            {
              "origin": [
                -9,
                18,
                -5
              ],
              "size": [
                5,
                10,
                5
              ],
              "uv": {
                "north": {
                  "uv": [
                    0,
                    56
                  ],
                  "uv_size": [
                    5,
                    10
                  ]
                },
                "east": {
                  "uv": [
                    5,
                    56
                  ],
                  "uv_size": [
                    5,
                    10
                  ]
                },
                "south": {
                  "uv": [
                    10,
                    56
                  ],
                  "uv_size": [
                    5,
                    10
                  ]
                },
                "west": {
                  "uv": [
                    15,
                    56
                  ],
                  "uv_size": [
                    5,
                    10
                  ]
                },
                "up": {
                  "uv": [
                    25,
                    40
                  ],
                  "uv_size": [
                    5,
                    5
                  ]
                },
                "down": {
                  "uv": [
                    61,
                    53
                  ],
                  "uv_size": [
                    5,
                    -5
                  ]
                }
              }
            },
            {
              "origin": [
                -8,
                28,
                -4
              ],
              "size": [
                3,
                2,
                3
              ],
              "uv": {
                "north": {
                  "uv": [
                    56,
                    63
                  ],
                  "uv_size": [
                    3,
                    2
                  ]
                },
                "east": {
                  "uv": [
                    64,
                    24
                  ],
                  "uv_size": [
                    3,
                    2
                  ]
                },
                "south": {
                  "uv": [
                    64,
                    26
                  ],
                  "uv_size": [
                    3,
                    2
                  ]
                },
                "west": {
                  "uv": [
                    64,
                    28
                  ],
                  "uv_size": [
                    3,
                    2
                  ]
                },
                "up": {
                  "uv": [
                    25,
                    45
                  ],
                  "uv_size": [
                    3,
                    3
                  ]
                },
                "down": {
                  "uv": [
                    38,
                    63
                  ],
                  "uv_size": [
                    3,
                    -3
                  ]
                }
              }
            }
          ]
        },
        {
          "name": "bone3",
          "pivot": [
            0,
            0,
            0
          ],
          "cubes": [
            {
              "origin": [
                -1,
                18,
                -7
              ],
              "size": [
                5,
                1,
                5
              ],
              "uv": {
                "north": {
                  "uv": [
                    64,
                    42
                  ],
                  "uv_size": [
                    5,
                    1
                  ]
                },
                "east": {
                  "uv": [
                    43,
                    64
                  ],
                  "uv_size": [
                    5,
                    1
                  ]
                },
                "south": {
                  "uv": [
                    64,
                    43
                  ],
                  "uv_size": [
                    5,
                    1
                  ]
                },
                "west": {
                  "uv": [
                    64,
                    44
                  ],
                  "uv_size": [
                    5,
                    1
                  ]
                },
                "up": {
                  "uv": [
                    61,
                    53
                  ],
                  "uv_size": [
                    5,
                    5
                  ]
                },
                "down": {
                  "uv": [
                    61,
                    63
                  ],
                  "uv_size": [
                    5,
                    -5
                  ]
                }
              }
            },
            {
              "origin": [
                -2,
                19,
                -7
              ],
              "size": [
                1,
                1,
                5
              ],
              "uv": {
                "north": {
                  "uv": [
                    28,
                    47
                  ],
                  "uv_size": [
                    1,
                    1
                  ]
                },
                "east": {
                  "uv": [
                    64,
                    45
                  ],
                  "uv_size": [
                    5,
                    1
                  ]
                },
                "south": {
                  "uv": [
                    29,
                    47
                  ],
                  "uv_size": [
                    1,
                    1
                  ]
                },
                "west": {
                  "uv": [
                    64,
                    46
                  ],
                  "uv_size": [
                    5,
                    1
                  ]
                },
                "up": {
                  "uv": [
                    48,
                    64
                  ],
                  "uv_size": [
                    1,
                    5
                  ]
                },
                "down": {
                  "uv": [
                    49,
                    69
                  ],
                  "uv_size": [
                    1,
                    -5
                  ]
                }
              }
            },
            {
              "origin": [
                -1,
                19,
                -2
              ],
              "size": [
                5,
                1,
                1
              ],
              "uv": {
                "north": {
                  "uv": [
                    64,
                    64
                  ],
                  "uv_size": [
                    5,
                    1
                  ]
                },
                "east": {
                  "uv": [
                    8,
                    66
                  ],
                  "uv_size": [
                    1,
                    1
                  ]
                },
                "south": {
                  "uv": [
                    65,
                    36
                  ],
                  "uv_size": [
                    5,
                    1
                  ]
                },
                "west": {
                  "uv": [
                    9,
                    66
                  ],
                  "uv_size": [
                    1,
                    1
                  ]
                },
                "up": {
                  "uv": [
                    65,
                    37
                  ],
                  "uv_size": [
                    5,
                    1
                  ]
                },
                "down": {
                  "uv": [
                    65,
                    39
                  ],
                  "uv_size": [
                    5,
                    -1
                  ]
                }
              }
            },
            {
              "origin": [
                -1,
                19,
                -8
              ],
              "size": [
                5,
                1,
                1
              ],
              "uv": {
                "north": {
                  "uv": [
                    65,
                    39
                  ],
                  "uv_size": [
                    5,
                    1
                  ]
                },
                "east": {
                  "uv": [
                    10,
                    66
                  ],
                  "uv_size": [
                    1,
                    1
                  ]
                },
                "south": {
                  "uv": [
                    65,
                    40
                  ],
                  "uv_size": [
                    5,
                    1
                  ]
                },
                "west": {
                  "uv": [
                    11,
                    66
                  ],
                  "uv_size": [
                    1,
                    1
                  ]
                },
                "up": {
                  "uv": [
                    65,
                    41
                  ],
                  "uv_size": [
                    5,
                    1
                  ]
                },
                "down": {
                  "uv": [
                    43,
                    66
                  ],
                  "uv_size": [
                    5,
                    -1
                  ]
                }
              }
            },
            {
              "origin": [
                4,
                19,
                -7
              ],
              "size": [
                1,
                1,
                5
              ],
              "uv": {
                "north": {
                  "uv": [
                    30,
                    47
                  ],
                  "uv_size": [
                    1,
                    1
                  ]
                },
                "east": {
                  "uv": [
                    64,
                    47
                  ],
                  "uv_size": [
                    5,
                    1
                  ]
                },
                "south": {
                  "uv": [
                    31,
                    47
                  ],
                  "uv_size": [
                    1,
                    1
                  ]
                },
                "west": {
                  "uv": [
                    59,
                    64
                  ],
                  "uv_size": [
                    5,
                    1
                  ]
                },
                "up": {
                  "uv": [
                    50,
                    64
                  ],
                  "uv_size": [
                    1,
                    5
                  ]
                },
                "down": {
                  "uv": [
                    51,
                    69
                  ],
                  "uv_size": [
                    1,
                    -5
                  ]
                }
              }
            }
          ]
        },
        {
          "name": "bone4",
          "pivot": [
            0,
            0,
            0
          ]
        },
        {
          "name": "bone5",
          "parent": "bone4",
          "pivot": [
            0,
            0,
            0
          ],
          "cubes": [
            {
              "origin": [
                -13,
                25,
                2
              ],
              "size": [
                16,
                1,
                6
              ],
              "uv": {
                "north": {
                  "uv": [
                    64,
                    18
                  ],
                  "uv_size": [
                    16,
                    1
                  ]
                },
                "east": {
                  "uv": [
                    64,
                    34
                  ],
                  "uv_size": [
                    6,
                    1
                  ]
                },
                "south": {
                  "uv": [
                    64,
                    19
                  ],
                  "uv_size": [
                    16,
                    1
                  ]
                },
                "west": {
                  "uv": [
                    64,
                    35
                  ],
                  "uv_size": [
                    6,
                    1
                  ]
                },
                "up": {
                  "uv": [
                    48,
                    42
                  ],
                  "uv_size": [
                    16,
                    6
                  ]
                },
                "down": {
                  "uv": [
                    25,
                    60
                  ],
                  "uv_size": [
                    16,
                    -6
                  ]
                }
              }
            },
            {
              "origin": [
                -13,
                18,
                2
              ],
              "size": [
                16,
                1,
                6
              ],
              "uv": {
                "north": {
                  "uv": [
                    64,
                    18
                  ],
                  "uv_size": [
                    16,
                    1
                  ]
                },
                "east": {
                  "uv": [
                    64,
                    34
                  ],
                  "uv_size": [
                    6,
                    1
                  ]
                },
                "south": {
                  "uv": [
                    64,
                    19
                  ],
                  "uv_size": [
                    16,
                    1
                  ]
                },
                "west": {
                  "uv": [
                    64,
                    35
                  ],
                  "uv_size": [
                    6,
                    1
                  ]
                },
                "up": {
                  "uv": [
                    48,
                    42
                  ],
                  "uv_size": [
                    16,
                    6
                  ]
                },
                "down": {
                  "uv": [
                    25,
                    60
                  ],
                  "uv_size": [
                    16,
                    -6
                  ]
                }
              }
            },
            {
              "origin": [
                -13,
                21,
                2
              ],
              "size": [
                16,
                1,
                6
              ],
              "uv": {
                "north": {
                  "uv": [
                    64,
                    18
                  ],
                  "uv_size": [
                    16,
                    1
                  ]
                },
                "east": {
                  "uv": [
                    64,
                    34
                  ],
                  "uv_size": [
                    6,
                    1
                  ]
                },
                "south": {
                  "uv": [
                    64,
                    19
                  ],
                  "uv_size": [
                    16,
                    1
                  ]
                },
                "west": {
                  "uv": [
                    64,
                    35
                  ],
                  "uv_size": [
                    6,
                    1
                  ]
                },
                "up": {
                  "uv": [
                    48,
                    42
                  ],
                  "uv_size": [
                    16,
                    6
                  ]
                },
                "down": {
                  "uv": [
                    25,
                    60
                  ],
                  "uv_size": [
                    16,
                    -6
                  ]
                }
              }
            },
            {
              "origin": [
                -12,
                19,
                4
              ],
              "size": [
                1,
                6,
                1
              ],
              "uv": {
                "north": {
                  "uv": [
                    57,
                    48
                  ],
                  "uv_size": [
                    1,
                    6
                  ]
                },
                "east": {
                  "uv": [
                    58,
                    48
                  ],
                  "uv_size": [
                    1,
                    6
                  ]
                },
                "south": {
                  "uv": [
                    64,
                    36
                  ],
                  "uv_size": [
                    1,
                    6
                  ]
                },
                "west": {
                  "uv": [
                    38,
                    64
                  ],
                  "uv_size": [
                    1,
                    6
                  ]
                },
                "up": {
                  "uv": [
                    12,
                    66
                  ],
                  "uv_size": [
                    1,
                    1
                  ]
                },
                "down": {
                  "uv": [
                    66,
                    13
                  ],
                  "uv_size": [
                    1,
                    -1
                  ]
                }
              }
            },
            {
              "origin": [
                1,
                19,
                4
              ],
              "size": [
                1,
                6,
                1
              ],
              "uv": {
                "north": {
                  "uv": [
                    39,
                    64
                  ],
                  "uv_size": [
                    1,
                    6
                  ]
                },
                "east": {
                  "uv": [
                    40,
                    64
                  ],
                  "uv_size": [
                    1,
                    6
                  ]
                },
                "south": {
                  "uv": [
                    41,
                    64
                  ],
                  "uv_size": [
                    1,
                    6
                  ]
                },
                "west": {
                  "uv": [
                    42,
                    64
                  ],
                  "uv_size": [
                    1,
                    6
                  ]
                },
                "up": {
                  "uv": [
                    13,
                    66
                  ],
                  "uv_size": [
                    1,
                    1
                  ]
                },
                "down": {
                  "uv": [
                    66,
                    14
                  ],
                  "uv_size": [
                    1,
                    -1
                  ]
                }
              }
            }
          ]
        },
        {
          "name": "bone6",
          "pivot": [
            0,
            0,
            0
          ],
          "cubes": [
            {
              "origin": [
                6,
                18,
                -1
              ],
              "size": [
                9,
                1,
                9
              ],
              "uv": {
                "north": {
                  "uv": [
                    64,
                    20
                  ],
                  "uv_size": [
                    9,
                    1
                  ]
                },
                "east": {
                  "uv": [
                    64,
                    21
                  ],
                  "uv_size": [
                    9,
                    1
                  ]
                },
                "south": {
                  "uv": [
                    64,
                    22
                  ],
                  "uv_size": [
                    9,
                    1
                  ]
                },
                "west": {
                  "uv": [
                    64,
                    23
                  ],
                  "uv_size": [
                    9,
                    1
                  ]
                },
                "up": {
                  "uv": [
                    41,
                    54
                  ],
                  "uv_size": [
                    9,
                    9
                  ]
                },
                "down": {
                  "uv": [
                    50,
                    63
                  ],
                  "uv_size": [
                    9,
                    -9
                  ]
                }
              }
            }
          ]
        },
        {
          "name": "bone7",
          "pivot": [
            0,
            0,
            0
          ],
          "cubes": [
            {
              "origin": [
                10,
                18,
                3
              ],
              "size": [
                2,
                2,
                2
              ],
              "uv": {
                "north": {
                  "uv": [
                    28,
                    45
                  ],
                  "uv_size": [
                    2,
                    2
                  ]
                },
                "east": {
                  "uv": [
                    52,
                    64
                  ],
                  "uv_size": [
                    2,
                    2
                  ]
                },
                "south": {
                  "uv": [
                    56,
                    65
                  ],
                  "uv_size": [
                    2,
                    2
                  ]
                },
                "west": {
                  "uv": [
                    58,
                    65
                  ],
                  "uv_size": [
                    2,
                    2
                  ]
                },
                "up": {
                  "uv": [
                    60,
                    65
                  ],
                  "uv_size": [
                    2,
                    2
                  ]
                },
                "down": {
                  "uv": [
                    62,
                    67
                  ],
                  "uv_size": [
                    2,
                    -2
                  ]
                }
              }
            }
          ]
        },
        {
          "name": "bone8",
          "parent": "bone7",
          "pivot": [
            -1,
            0,
            -1
          ],
          "cubes": [
            {
              "origin": [
                8,
                18,
                1
              ],
              "size": [
                1,
                2,
                1
              ],
              "uv": {
                "north": {
                  "uv": [
                    24,
                    56
                  ],
                  "uv_size": [
                    1,
                    2
                  ]
                },
                "east": {
                  "uv": [
                    24,
                    58
                  ],
                  "uv_size": [
                    1,
                    2
                  ]
                },
                "south": {
                  "uv": [
                    64,
                    65
                  ],
                  "uv_size": [
                    1,
                    2
                  ]
                },
                "west": {
                  "uv": [
                    65,
                    65
                  ],
                  "uv_size": [
                    1,
                    2
                  ]
                },
                "up": {
                  "uv": [
                    14,
                    66
                  ],
                  "uv_size": [
                    1,
                    1
                  ]
                },
                "down": {
                  "uv": [
                    66,
                    15
                  ],
                  "uv_size": [
                    1,
                    -1
                  ]
                }
              }
            },
            {
              "origin": [
                7,
                18,
                0
              ],
              "size": [
                1,
                2,
                1
              ],
              "uv": {
                "north": {
                  "uv": [
                    4,
                    66
                  ],
                  "uv_size": [
                    1,
                    2
                  ]
                },
                "east": {
                  "uv": [
                    5,
                    66
                  ],
                  "uv_size": [
                    1,
                    2
                  ]
                },
                "south": {
                  "uv": [
                    6,
                    66
                  ],
                  "uv_size": [
                    1,
                    2
                  ]
                },
                "west": {
                  "uv": [
                    7,
                    66
                  ],
                  "uv_size": [
                    1,
                    2
                  ]
                },
                "up": {
                  "uv": [
                    16,
                    66
                  ],
                  "uv_size": [
                    1,
                    1
                  ]
                },
                "down": {
                  "uv": [
                    17,
                    67
                  ],
                  "uv_size": [
                    1,
                    -1
                  ]
                }
              }
            },
            {
              "origin": [
                9,
                18,
                2
              ],
              "size": [
                1,
                2,
                1
              ],
              "uv": {
                "north": {
                  "uv": [
                    0,
                    66
                  ],
                  "uv_size": [
                    1,
                    2
                  ]
                },
                "east": {
                  "uv": [
                    1,
                    66
                  ],
                  "uv_size": [
                    1,
                    2
                  ]
                },
                "south": {
                  "uv": [
                    2,
                    66
                  ],
                  "uv_size": [
                    1,
                    2
                  ]
                },
                "west": {
                  "uv": [
                    3,
                    66
                  ],
                  "uv_size": [
                    1,
                    2
                  ]
                },
                "up": {
                  "uv": [
                    15,
                    66
                  ],
                  "uv_size": [
                    1,
                    1
                  ]
                },
                "down": {
                  "uv": [
                    66,
                    16
                  ],
                  "uv_size": [
                    1,
                    -1
                  ]
                }
              }
            }
          ]
        }
      ]
    }
  ]
}