{
  "format_version": "1.12.0",
  "minecraft:geometry": [
    {
      "description": {
        "identifier": "geometry.pa_ca",
        "texture_width": 128,
        "texture_height": 128,
        "visible_bounds_width": 8,
        "visible_bounds_height": 3.5,
        "visible_bounds_offset": [
          0,
          1.25,
          0
        ]
      },
      "bones": [
        {
          "name": "Body",
          "pivot": [
            0,
            9,
            23
          ],
          "cubes": [
            {
              "origin": [
                -2,
                11,
                17
              ],
              "size": [
                4,
                9,
                3
              ],
              "pivot": [
                0,
                8,
                20
              ],
              "rotation": [
                22.5,
                0,
                0
              ],
              "uv": {
                "north": {
                  "uv": [
                    24,
                    37
                  ],
                  "uv_size": [
                    4,
                    9
                  ]
                },
                "east": {
                  "uv": [
                    40,
                    51
                  ],
                  "uv_size": [
                    3,
                    9
                  ]
                },
                "south": {
                  "uv": [
                    48,
                    47
                  ],
                  "uv_size": [
                    4,
                    9
                  ]
                },
                "west": {
                  "uv": [
                    43,
                    51
                  ],
                  "uv_size": [
                    3,
                    9
                  ]
                },
                "up": {
                  "uv": [
                    24,
                    62
                  ],
                  "uv_size": [
                    4,
                    3
                  ]
                },
                "down": {
                  "uv": [
                    28,
                    65
                  ],
                  "uv_size": [
                    4,
                    -3
                  ]
                }
              }
            }
          ]
        },
        {
          "name": "Tail",
          "parent": "Body",
          "pivot": [
            0,
            8,
            21
          ],
          "cubes": [
            {
              "origin": [
                -3,
                9,
                17
              ],
              "size": [
                6,
                6,
                15
              ],
              "uv": {
                "north": {
                  "uv": [
                    0,
                    49
                  ],
                  "uv_size": [
                    6,
                    6
                  ]
                },
                "east": {
                  "uv": [
                    0,
                    31
                  ],
                  "uv_size": [
                    15,
                    6
                  ]
                },
                "south": {
                  "uv": [
                    6,
                    49
                  ],
                  "uv_size": [
                    6,
                    6
                  ]
                },
                "west": {
                  "uv": [
                    15,
                    31
                  ],
                  "uv_size": [
                    15,
                    6
                  ]
                },
                "up": {
                  "uv": [
                    30,
                    31
                  ],
                  "uv_size": [
                    6,
                    15
                  ]
                },
                "down": {
                  "uv": [
                    36,
                    46
                  ],
                  "uv_size": [
                    6,
                    -15
                  ]
                }
              }
            }
          ]
        },
        {
          "name": "Tail2",
          "parent": "Tail",
          "pivot": [
            0,
            12,
            32
          ],
          "rotation": [
            -12.5,
            0,
            0
          ],
          "cubes": [
            {
              "origin": [
                -2,
                10,
                32
              ],
              "size": [
                4,
                4,
                9
              ],
              "uv": {
                "north": {
                  "uv": [
                    58,
                    57
                  ],
                  "uv_size": [
                    4,
                    4
                  ]
                },
                "east": {
                  "uv": [
                    12,
                    49
                  ],
                  "uv_size": [
                    9,
                    4
                  ]
                },
                "south": {
                  "uv": [
                    0,
                    59
                  ],
                  "uv_size": [
                    4,
                    4
                  ]
                },
                "west": {
                  "uv": [
                    21,
                    50
                  ],
                  "uv_size": [
                    9,
                    4
                  ]
                },
                "up": {
                  "uv": [
                    30,
                    50
                  ],
                  "uv_size": [
                    4,
                    9
                  ]
                },
                "down": {
                  "uv": [
                    34,
                    60
                  ],
                  "uv_size": [
                    4,
                    -9
                  ]
                }
              }
            }
          ]
        },
        {
          "name": "Tail3",
          "parent": "Tail2",
          "pivot": [
            0,
            12,
            41
          ],
          "rotation": [
            29.85911,
            1.26664,
            2.25091
          ],
          "cubes": [
            {
              "origin": [
                -1,
                11,
                41
              ],
              "size": [
                2,
                2,
                8
              ],
              "uv": {
                "north": {
                  "uv": [
                    22,
                    66
                  ],
                  "uv_size": [
                    2,
                    2
                  ]
                },
                "east": {
                  "uv": [
                    12,
                    59
                  ],
                  "uv_size": [
                    8,
                    2
                  ]
                },
                "south": {
                  "uv": [
                    66,
                    29
                  ],
                  "uv_size": [
                    2,
                    2
                  ]
                },
                "west": {
                  "uv": [
                    20,
                    60
                  ],
                  "uv_size": [
                    8,
                    2
                  ]
                },
                "up": {
                  "uv": [
                    28,
                    37
                  ],
                  "uv_size": [
                    2,
                    8
                  ]
                },
                "down": {
                  "uv": [
                    4,
                    67
                  ],
                  "uv_size": [
                    2,
                    -8
                  ]
                }
              }
            }
          ]
        },
        {
          "name": "Head",
          "parent": "Body",
          "pivot": [
            0,
            19,
            17
          ],
          "rotation": [
            7.5,
            0,
            0
          ],
          "cubes": [
            {
              "origin": [
                -3,
                17,
                8
              ],
              "size": [
                12,
                2,
                4
              ],
              "pivot": [
                0,
                17,
                11
              ],
              "rotation": [
                0,
                -42.5,
                0
              ],
              "uv": {
                "north": {
                  "uv": [
                    54,
                    0
                  ],
                  "uv_size": [
                    12,
                    2
                  ]
                },
                "east": {
                  "uv": [
                    63,
                    45
                  ],
                  "uv_size": [
                    4,
                    2
                  ]
                },
                "south": {
                  "uv": [
                    54,
                    2
                  ],
                  "uv_size": [
                    12,
                    2
                  ]
                },
                "west": {
                  "uv": [
                    52,
                    63
                  ],
                  "uv_size": [
                    4,
                    2
                  ]
                },
                "up": {
                  "uv": [
                    0,
                    37
                  ],
                  "uv_size": [
                    12,
                    4
                  ]
                },
                "down": {
                  "uv": [
                    12,
                    41
                  ],
                  "uv_size": [
                    12,
                    -4
                  ]
                }
              }
            },
            {
              "origin": [
                6,
                17,
                12
              ],
              "size": [
                3,
                2,
                2
              ],
              "pivot": [
                0,
                17,
                11
              ],
              "rotation": [
                0,
                -42.5,
                0
              ],
              "uv": {
                "north": {
                  "uv": [
                    65,
                    49
                  ],
                  "uv_size": [
                    3,
                    2
                  ]
                },
                "east": {
                  "uv": [
                    32,
                    66
                  ],
                  "uv_size": [
                    2,
                    2
                  ]
                },
                "south": {
                  "uv": [
                    65,
                    51
                  ],
                  "uv_size": [
                    3,
                    2
                  ]
                },
                "west": {
                  "uv": [
                    34,
                    66
                  ],
                  "uv_size": [
                    2,
                    2
                  ]
                },
                "up": {
                  "uv": [
                    52,
                    65
                  ],
                  "uv_size": [
                    3,
                    2
                  ]
                },
                "down": {
                  "uv": [
                    65,
                    55
                  ],
                  "uv_size": [
                    3,
                    -2
                  ]
                }
              }
            },
            {
              "origin": [
                -9,
                17,
                8
              ],
              "size": [
                12,
                2,
                4
              ],
              "pivot": [
                0,
                17,
                11
              ],
              "rotation": [
                2.28888,
                42.45005,
                3.38905
              ],
              "uv": {
                "north": {
                  "uv": [
                    54,
                    4
                  ],
                  "uv_size": [
                    12,
                    2
                  ]
                },
                "east": {
                  "uv": [
                    40,
                    64
                  ],
                  "uv_size": [
                    4,
                    2
                  ]
                },
                "south": {
                  "uv": [
                    54,
                    6
                  ],
                  "uv_size": [
                    12,
                    2
                  ]
                },
                "west": {
                  "uv": [
                    65,
                    8
                  ],
                  "uv_size": [
                    4,
                    2
                  ]
                },
                "up": {
                  "uv": [
                    0,
                    41
                  ],
                  "uv_size": [
                    12,
                    4
                  ]
                },
                "down": {
                  "uv": [
                    12,
                    45
                  ],
                  "uv_size": [
                    12,
                    -4
                  ]
                }
              }
            },
            {
              "origin": [
                -9,
                17,
                12
              ],
              "size": [
                3,
                2,
                2
              ],
              "pivot": [
                0,
                17,
                11
              ],
              "rotation": [
                2.28888,
                42.45005,
                3.38905
              ],
              "uv": {
                "north": {
                  "uv": [
                    65,
                    57
                  ],
                  "uv_size": [
                    3,
                    2
                  ]
                },
                "east": {
                  "uv": [
                    36,
                    66
                  ],
                  "uv_size": [
                    2,
                    2
                  ]
                },
                "south": {
                  "uv": [
                    58,
                    65
                  ],
                  "uv_size": [
                    3,
                    2
                  ]
                },
                "west": {
                  "uv": [
                    66,
                    36
                  ],
                  "uv_size": [
                    2,
                    2
                  ]
                },
                "up": {
                  "uv": [
                    65,
                    59
                  ],
                  "uv_size": [
                    3,
                    2
                  ]
                },
                "down": {
                  "uv": [
                    61,
                    67
                  ],
                  "uv_size": [
                    3,
                    -2
                  ]
                }
              }
            },
            {
              "origin": [
                1,
                18,
                8
              ],
              "size": [
                3,
                1,
                2
              ],
              "pivot": [
                0,
                17,
                11
              ],
              "rotation": [
                -1.44261,
                -29.96852,
                2.88614
              ],
              "uv": {
                "north": {
                  "uv": [
                    36,
                    46
                  ],
                  "uv_size": [
                    3,
                    1
                  ]
                },
                "east": {
                  "uv": [
                    28,
                    45
                  ],
                  "uv_size": [
                    2,
                    1
                  ]
                },
                "south": {
                  "uv": [
                    39,
                    46
                  ],
                  "uv_size": [
                    3,
                    1
                  ]
                },
                "west": {
                  "uv": [
                    21,
                    49
                  ],
                  "uv_size": [
                    2,
                    1
                  ]
                },
                "up": {
                  "uv": [
                    65,
                    61
                  ],
                  "uv_size": [
                    3,
                    2
                  ]
                },
                "down": {
                  "uv": [
                    65,
                    65
                  ],
                  "uv_size": [
                    3,
                    -2
                  ]
                }
              }
            }
          ]
        },
        {
          "name": "bone9",
          "parent": "Head",
          "pivot": [
            0,
            -3,
            19
          ],
          "cubes": [
            {
              "origin": [
                -5,
                19,
                12
              ],
              "size": [
                9,
                2,
                0
              ],
              "pivot": [
                0,
                -3,
                19
              ],
              "rotation": [
                0,
                -35,
                0
              ],
              "uv": {
                "north": {
                  "uv": [
                    54,
                    32
                  ],
                  "uv_size": [
                    9,
                    2
                  ]
                },
                "east": {
                  "uv": [
                    0,
                    0
                  ],
                  "uv_size": [
                    0,
                    2
                  ]
                },
                "south": {
                  "uv": [
                    54,
                    34
                  ],
                  "uv_size": [
                    9,
                    2
                  ]
                },
                "west": {
                  "uv": [
                    0,
                    0
                  ],
                  "uv_size": [
                    0,
                    2
                  ]
                },
                "up": {
                  "uv": [
                    0,
                    0
                  ],
                  "uv_size": [
                    9,
                    0
                  ]
                },
                "down": {
                  "uv": [
                    0,
                    0
                  ],
                  "uv_size": [
                    9,
                    0
                  ]
                }
              }
            },
            {
              "origin": [
                -9,
                19,
                12
              ],
              "size": [
                9,
                2,
                0
              ],
              "pivot": [
                0,
                -3,
                19
              ],
              "rotation": [
                0,
                -40,
                0
              ],
              "uv": {
                "north": {
                  "uv": [
                    54,
                    36
                  ],
                  "uv_size": [
                    9,
                    2
                  ]
                },
                "east": {
                  "uv": [
                    0,
                    0
                  ],
                  "uv_size": [
                    0,
                    2
                  ]
                },
                "south": {
                  "uv": [
                    54,
                    38
                  ],
                  "uv_size": [
                    9,
                    2
                  ]
                },
                "west": {
                  "uv": [
                    0,
                    0
                  ],
                  "uv_size": [
                    0,
                    2
                  ]
                },
                "up": {
                  "uv": [
                    0,
                    0
                  ],
                  "uv_size": [
                    9,
                    0
                  ]
                },
                "down": {
                  "uv": [
                    0,
                    0
                  ],
                  "uv_size": [
                    9,
                    0
                  ]
                }
              }
            },
            {
              "origin": [
                -12,
                19,
                12
              ],
              "size": [
                9,
                2,
                0
              ],
              "pivot": [
                0,
                -3,
                19
              ],
              "rotation": [
                0,
                -40,
                0
              ],
              "uv": {
                "north": {
                  "uv": [
                    54,
                    40
                  ],
                  "uv_size": [
                    9,
                    2
                  ]
                },
                "east": {
                  "uv": [
                    0,
                    0
                  ],
                  "uv_size": [
                    0,
                    2
                  ]
                },
                "south": {
                  "uv": [
                    54,
                    42
                  ],
                  "uv_size": [
                    9,
                    2
                  ]
                },
                "west": {
                  "uv": [
                    0,
                    0
                  ],
                  "uv_size": [
                    0,
                    2
                  ]
                },
                "up": {
                  "uv": [
                    0,
                    0
                  ],
                  "uv_size": [
                    9,
                    0
                  ]
                },
                "down": {
                  "uv": [
                    0,
                    0
                  ],
                  "uv_size": [
                    9,
                    0
                  ]
                }
              }
            }
          ]
        },
        {
          "name": "bone10",
          "parent": "bone9",
          "pivot": [
            0,
            -3,
            19
          ],
          "cubes": [
            {
              "origin": [
                -2,
                19,
                12
              ],
              "size": [
                9,
                2,
                0
              ],
              "pivot": [
                0,
                -3,
                19
              ],
              "rotation": [
                0,
                35,
                0
              ],
              "uv": {
                "north": {
                  "uv": [
                    54,
                    44
                  ],
                  "uv_size": [
                    9,
                    2
                  ]
                },
                "east": {
                  "uv": [
                    0,
                    0
                  ],
                  "uv_size": [
                    0,
                    2
                  ]
                },
                "south": {
                  "uv": [
                    0,
                    55
                  ],
                  "uv_size": [
                    9,
                    2
                  ]
                },
                "west": {
                  "uv": [
                    0,
                    0
                  ],
                  "uv_size": [
                    0,
                    2
                  ]
                },
                "up": {
                  "uv": [
                    0,
                    0
                  ],
                  "uv_size": [
                    9,
                    0
                  ]
                },
                "down": {
                  "uv": [
                    0,
                    0
                  ],
                  "uv_size": [
                    9,
                    0
                  ]
                }
              }
            },
            {
              "origin": [
                -4,
                19,
                12
              ],
              "size": [
                8,
                2,
                0
              ],
              "pivot": [
                0,
                -3,
                19
              ],
              "rotation": [
                0,
                40,
                0
              ],
              "uv": {
                "north": {
                  "uv": [
                    28,
                    60
                  ],
                  "uv_size": [
                    8,
                    2
                  ]
                },
                "east": {
                  "uv": [
                    0,
                    0
                  ],
                  "uv_size": [
                    0,
                    2
                  ]
                },
                "south": {
                  "uv": [
                    6,
                    61
                  ],
                  "uv_size": [
                    8,
                    2
                  ]
                },
                "west": {
                  "uv": [
                    0,
                    0
                  ],
                  "uv_size": [
                    0,
                    2
                  ]
                },
                "up": {
                  "uv": [
                    0,
                    0
                  ],
                  "uv_size": [
                    8,
                    0
                  ]
                },
                "down": {
                  "uv": [
                    0,
                    0
                  ],
                  "uv_size": [
                    8,
                    0
                  ]
                }
              }
            },
            {
              "origin": [
                2,
                19,
                12
              ],
              "size": [
                9,
                2,
                0
              ],
              "pivot": [
                0,
                -3,
                19
              ],
              "rotation": [
                0,
                40,
                0
              ],
              "uv": {
                "north": {
                  "uv": [
                    52,
                    55
                  ],
                  "uv_size": [
                    9,
                    2
                  ]
                },
                "east": {
                  "uv": [
                    0,
                    0
                  ],
                  "uv_size": [
                    0,
                    2
                  ]
                },
                "south": {
                  "uv": [
                    56,
                    49
                  ],
                  "uv_size": [
                    9,
                    2
                  ]
                },
                "west": {
                  "uv": [
                    0,
                    0
                  ],
                  "uv_size": [
                    0,
                    2
                  ]
                },
                "up": {
                  "uv": [
                    0,
                    0
                  ],
                  "uv_size": [
                    9,
                    0
                  ]
                },
                "down": {
                  "uv": [
                    0,
                    0
                  ],
                  "uv_size": [
                    9,
                    0
                  ]
                }
              }
            }
          ]
        },
        {
          "name": "Jaw",
          "parent": "Head",
          "pivot": [
            0,
            19,
            16
          ],
          "cubes": [
            {
              "origin": [
                -3,
                19,
                7
              ],
              "size": [
                12,
                4,
                4
              ],
              "pivot": [
                0,
                19,
                10
              ],
              "rotation": [
                0,
                -42.5,
                0
              ],
              "uv": {
                "north": {
                  "uv": [
                    42,
                    31
                  ],
                  "uv_size": [
                    12,
                    4
                  ]
                },
                "east": {
                  "uv": [
                    40,
                    60
                  ],
                  "uv_size": [
                    4,
                    4
                  ]
                },
                "south": {
                  "uv": [
                    42,
                    35
                  ],
                  "uv_size": [
                    12,
                    4
                  ]
                },
                "west": {
                  "uv": [
                    61,
                    8
                  ],
                  "uv_size": [
                    4,
                    4
                  ]
                },
                "up": {
                  "uv": [
                    42,
                    39
                  ],
                  "uv_size": [
                    12,
                    4
                  ]
                },
                "down": {
                  "uv": [
                    42,
                    47
                  ],
                  "uv_size": [
                    12,
                    -4
                  ]
                }
              }
            },
            {
              "origin": [
                6,
                19,
                11
              ],
              "size": [
                3,
                4,
                2
              ],
              "pivot": [
                0,
                19,
                10
              ],
              "rotation": [
                0,
                -42.5,
                0
              ],
              "uv": {
                "north": {
                  "uv": [
                    32,
                    62
                  ],
                  "uv_size": [
                    3,
                    4
                  ]
                },
                "east": {
                  "uv": [
                    46,
                    51
                  ],
                  "uv_size": [
                    2,
                    4
                  ]
                },
                "south": {
                  "uv": [
                    46,
                    62
                  ],
                  "uv_size": [
                    3,
                    4
                  ]
                },
                "west": {
                  "uv": [
                    56,
                    63
                  ],
                  "uv_size": [
                    2,
                    4
                  ]
                },
                "up": {
                  "uv": [
                    64,
                    65
                  ],
                  "uv_size": [
                    3,
                    2
                  ]
                },
                "down": {
                  "uv": [
                    66,
                    2
                  ],
                  "uv_size": [
                    3,
                    -2
                  ]
                }
              }
            },
            {
              "origin": [
                -9,
                19,
                7
              ],
              "size": [
                12,
                4,
                4
              ],
              "pivot": [
                0,
                19,
                10
              ],
              "rotation": [
                2.28888,
                42.45005,
                3.38905
              ],
              "uv": {
                "north": {
                  "uv": [
                    0,
                    45
                  ],
                  "uv_size": [
                    12,
                    4
                  ]
                },
                "east": {
                  "uv": [
                    14,
                    61
                  ],
                  "uv_size": [
                    4,
                    4
                  ]
                },
                "south": {
                  "uv": [
                    12,
                    45
                  ],
                  "uv_size": [
                    12,
                    4
                  ]
                },
                "west": {
                  "uv": [
                    58,
                    61
                  ],
                  "uv_size": [
                    4,
                    4
                  ]
                },
                "up": {
                  "uv": [
                    24,
                    46
                  ],
                  "uv_size": [
                    12,
                    4
                  ]
                },
                "down": {
                  "uv": [
                    36,
                    51
                  ],
                  "uv_size": [
                    12,
                    -4
                  ]
                }
              }
            },
            {
              "origin": [
                -9,
                19,
                11
              ],
              "size": [
                3,
                4,
                2
              ],
              "pivot": [
                0,
                19,
                10
              ],
              "rotation": [
                2.28888,
                42.45005,
                3.38905
              ],
              "uv": {
                "north": {
                  "uv": [
                    49,
                    62
                  ],
                  "uv_size": [
                    3,
                    4
                  ]
                },
                "east": {
                  "uv": [
                    13,
                    65
                  ],
                  "uv_size": [
                    2,
                    4
                  ]
                },
                "south": {
                  "uv": [
                    62,
                    57
                  ],
                  "uv_size": [
                    3,
                    4
                  ]
                },
                "west": {
                  "uv": [
                    15,
                    65
                  ],
                  "uv_size": [
                    2,
                    4
                  ]
                },
                "up": {
                  "uv": [
                    66,
                    2
                  ],
                  "uv_size": [
                    3,
                    2
                  ]
                },
                "down": {
                  "uv": [
                    66,
                    6
                  ],
                  "uv_size": [
                    3,
                    -2
                  ]
                }
              }
            }
          ]
        },
        {
          "name": "bone",
          "parent": "Jaw",
          "pivot": [
            0,
            19,
            10
          ],
          "cubes": [
            {
              "origin": [
                -4,
                20,
                7
              ],
              "size": [
                3,
                3,
                2
              ],
              "pivot": [
                0,
                19,
                10
              ],
              "rotation": [
                0,
                30,
                0
              ],
              "uv": {
                "north": {
                  "uv": [
                    10,
                    63
                  ],
                  "uv_size": [
                    3,
                    3
                  ]
                },
                "east": {
                  "uv": [
                    30,
                    65
                  ],
                  "uv_size": [
                    2,
                    3
                  ]
                },
                "south": {
                  "uv": [
                    63,
                    36
                  ],
                  "uv_size": [
                    3,
                    3
                  ]
                },
                "west": {
                  "uv": [
                    10,
                    66
                  ],
                  "uv_size": [
                    2,
                    3
                  ]
                },
                "up": {
                  "uv": [
                    66,
                    6
                  ],
                  "uv_size": [
                    3,
                    2
                  ]
                },
                "down": {
                  "uv": [
                    66,
                    16
                  ],
                  "uv_size": [
                    3,
                    -2
                  ]
                }
              }
            }
          ]
        },
        {
          "name": "bone2",
          "parent": "Jaw",
          "pivot": [
            0,
            19,
            10
          ],
          "cubes": [
            {
              "origin": [
                1,
                20,
                7
              ],
              "size": [
                3,
                3,
                2
              ],
              "pivot": [
                0,
                19,
                10
              ],
              "rotation": [
                -1.44261,
                -29.96852,
                2.88614
              ],
              "uv": {
                "north": {
                  "uv": [
                    63,
                    39
                  ],
                  "uv_size": [
                    3,
                    3
                  ]
                },
                "east": {
                  "uv": [
                    66,
                    16
                  ],
                  "uv_size": [
                    2,
                    3
                  ]
                },
                "south": {
                  "uv": [
                    63,
                    42
                  ],
                  "uv_size": [
                    3,
                    3
                  ]
                },
                "west": {
                  "uv": [
                    17,
                    66
                  ],
                  "uv_size": [
                    2,
                    3
                  ]
                },
                "up": {
                  "uv": [
                    19,
                    66
                  ],
                  "uv_size": [
                    3,
                    2
                  ]
                },
                "down": {
                  "uv": [
                    66,
                    21
                  ],
                  "uv_size": [
                    3,
                    -2
                  ]
                }
              }
            }
          ]
        },
        {
          "name": "bone11",
          "parent": "Jaw",
          "pivot": [
            0,
            41,
            18
          ],
          "cubes": [
            {
              "origin": [
                -5,
                17,
                11
              ],
              "size": [
                9,
                2,
                0
              ],
              "pivot": [
                0,
                41,
                18
              ],
              "rotation": [
                0,
                -35,
                0
              ],
              "uv": {
                "north": {
                  "uv": [
                    56,
                    51
                  ],
                  "uv_size": [
                    9,
                    2
                  ]
                },
                "east": {
                  "uv": [
                    0,
                    0
                  ],
                  "uv_size": [
                    0,
                    2
                  ]
                },
                "south": {
                  "uv": [
                    56,
                    53
                  ],
                  "uv_size": [
                    9,
                    2
                  ]
                },
                "west": {
                  "uv": [
                    0,
                    0
                  ],
                  "uv_size": [
                    0,
                    2
                  ]
                },
                "up": {
                  "uv": [
                    0,
                    0
                  ],
                  "uv_size": [
                    9,
                    0
                  ]
                },
                "down": {
                  "uv": [
                    0,
                    0
                  ],
                  "uv_size": [
                    9,
                    0
                  ]
                }
              }
            },
            {
              "origin": [
                -9,
                17,
                11
              ],
              "size": [
                9,
                2,
                0
              ],
              "pivot": [
                0,
                41,
                18
              ],
              "rotation": [
                0,
                -40,
                0
              ],
              "uv": {
                "north": {
                  "uv": [
                    0,
                    57
                  ],
                  "uv_size": [
                    9,
                    2
                  ]
                },
                "east": {
                  "uv": [
                    0,
                    0
                  ],
                  "uv_size": [
                    0,
                    2
                  ]
                },
                "south": {
                  "uv": [
                    57,
                    14
                  ],
                  "uv_size": [
                    9,
                    2
                  ]
                },
                "west": {
                  "uv": [
                    0,
                    0
                  ],
                  "uv_size": [
                    0,
                    2
                  ]
                },
                "up": {
                  "uv": [
                    0,
                    0
                  ],
                  "uv_size": [
                    9,
                    0
                  ]
                },
                "down": {
                  "uv": [
                    0,
                    0
                  ],
                  "uv_size": [
                    9,
                    0
                  ]
                }
              }
            },
            {
              "origin": [
                -12,
                17,
                11
              ],
              "size": [
                9,
                2,
                0
              ],
              "pivot": [
                0,
                41,
                18
              ],
              "rotation": [
                0,
                -40,
                0
              ],
              "uv": {
                "north": {
                  "uv": [
                    57,
                    16
                  ],
                  "uv_size": [
                    9,
                    2
                  ]
                },
                "east": {
                  "uv": [
                    0,
                    0
                  ],
                  "uv_size": [
                    0,
                    2
                  ]
                },
                "south": {
                  "uv": [
                    57,
                    18
                  ],
                  "uv_size": [
                    9,
                    2
                  ]
                },
                "west": {
                  "uv": [
                    0,
                    0
                  ],
                  "uv_size": [
                    0,
                    2
                  ]
                },
                "up": {
                  "uv": [
                    0,
                    0
                  ],
                  "uv_size": [
                    9,
                    0
                  ]
                },
                "down": {
                  "uv": [
                    0,
                    0
                  ],
                  "uv_size": [
                    9,
                    0
                  ]
                }
              }
            }
          ]
        },
        {
          "name": "bone12",
          "parent": "bone11",
          "pivot": [
            0,
            41,
            18
          ],
          "cubes": [
            {
              "origin": [
                -2,
                17,
                11
              ],
              "size": [
                9,
                2,
                0
              ],
              "pivot": [
                0,
                41,
                18
              ],
              "rotation": [
                0,
                35,
                0
              ],
              "uv": {
                "north": {
                  "uv": [
                    57,
                    20
                  ],
                  "uv_size": [
                    9,
                    2
                  ]
                },
                "east": {
                  "uv": [
                    0,
                    0
                  ],
                  "uv_size": [
                    0,
                    2
                  ]
                },
                "south": {
                  "uv": [
                    57,
                    22
                  ],
                  "uv_size": [
                    9,
                    2
                  ]
                },
                "west": {
                  "uv": [
                    0,
                    0
                  ],
                  "uv_size": [
                    0,
                    2
                  ]
                },
                "up": {
                  "uv": [
                    0,
                    0
                  ],
                  "uv_size": [
                    9,
                    0
                  ]
                },
                "down": {
                  "uv": [
                    0,
                    0
                  ],
                  "uv_size": [
                    9,
                    0
                  ]
                }
              }
            },
            {
              "origin": [
                -5,
                17,
                11
              ],
              "size": [
                9,
                2,
                0
              ],
              "pivot": [
                0,
                41,
                18
              ],
              "rotation": [
                0,
                40,
                0
              ],
              "uv": {
                "north": {
                  "uv": [
                    57,
                    24
                  ],
                  "uv_size": [
                    9,
                    2
                  ]
                },
                "east": {
                  "uv": [
                    0,
                    0
                  ],
                  "uv_size": [
                    0,
                    2
                  ]
                },
                "south": {
                  "uv": [
                    57,
                    26
                  ],
                  "uv_size": [
                    9,
                    2
                  ]
                },
                "west": {
                  "uv": [
                    0,
                    0
                  ],
                  "uv_size": [
                    0,
                    2
                  ]
                },
                "up": {
                  "uv": [
                    0,
                    0
                  ],
                  "uv_size": [
                    9,
                    0
                  ]
                },
                "down": {
                  "uv": [
                    0,
                    0
                  ],
                  "uv_size": [
                    9,
                    0
                  ]
                }
              }
            },
            {
              "origin": [
                2,
                17,
                11
              ],
              "size": [
                9,
                2,
                0
              ],
              "pivot": [
                0,
                41,
                18
              ],
              "rotation": [
                0,
                40,
                0
              ],
              "uv": {
                "north": {
                  "uv": [
                    57,
                    28
                  ],
                  "uv_size": [
                    9,
                    2
                  ]
                },
                "east": {
                  "uv": [
                    0,
                    0
                  ],
                  "uv_size": [
                    0,
                    2
                  ]
                },
                "south": {
                  "uv": [
                    57,
                    30
                  ],
                  "uv_size": [
                    9,
                    2
                  ]
                },
                "west": {
                  "uv": [
                    0,
                    0
                  ],
                  "uv_size": [
                    0,
                    2
                  ]
                },
                "up": {
                  "uv": [
                    0,
                    0
                  ],
                  "uv_size": [
                    9,
                    0
                  ]
                },
                "down": {
                  "uv": [
                    0,
                    0
                  ],
                  "uv_size": [
                    9,
                    0
                  ]
                }
              }
            }
          ]
        },
        {
          "name": "Leg1",
          "parent": "Body",
          "pivot": [
            3,
            13,
            20
          ],
          "cubes": [
            {
              "origin": [
                3,
                7,
                22
              ],
              "size": [
                3,
                6,
                4
              ],
              "uv": {
                "north": {
                  "uv": [
                    9,
                    55
                  ],
                  "uv_size": [
                    3,
                    6
                  ]
                },
                "east": {
                  "uv": [
                    16,
                    53
                  ],
                  "uv_size": [
                    4,
                    6
                  ]
                },
                "south": {
                  "uv": [
                    46,
                    56
                  ],
                  "uv_size": [
                    3,
                    6
                  ]
                },
                "west": {
                  "uv": [
                    54,
                    8
                  ],
                  "uv_size": [
                    4,
                    6
                  ]
                },
                "up": {
                  "uv": [
                    62,
                    61
                  ],
                  "uv_size": [
                    3,
                    4
                  ]
                },
                "down": {
                  "uv": [
                    0,
                    67
                  ],
                  "uv_size": [
                    3,
                    -4
                  ]
                }
              }
            },
            {
              "origin": [
                3,
                3,
                22
              ],
              "size": [
                3,
                6,
                2
              ],
              "pivot": [
                9,
                0,
                20
              ],
              "rotation": [
                -17.5,
                0,
                0
              ],
              "uv": {
                "north": {
                  "uv": [
                    49,
                    56
                  ],
                  "uv_size": [
                    3,
                    6
                  ]
                },
                "east": {
                  "uv": [
                    6,
                    63
                  ],
                  "uv_size": [
                    2,
                    6
                  ]
                },
                "south": {
                  "uv": [
                    52,
                    57
                  ],
                  "uv_size": [
                    3,
                    6
                  ]
                },
                "west": {
                  "uv": [
                    8,
                    63
                  ],
                  "uv_size": [
                    2,
                    6
                  ]
                },
                "up": {
                  "uv": [
                    66,
                    21
                  ],
                  "uv_size": [
                    3,
                    2
                  ]
                },
                "down": {
                  "uv": [
                    66,
                    25
                  ],
                  "uv_size": [
                    3,
                    -2
                  ]
                }
              }
            }
          ]
        },
        {
          "name": "bone14",
          "parent": "Leg1",
          "pivot": [
            4,
            2,
            24
          ],
          "cubes": [
            {
              "origin": [
                3,
                0,
                20
              ],
              "size": [
                3,
                2,
                6
              ],
              "uv": {
                "north": {
                  "uv": [
                    66,
                    25
                  ],
                  "uv_size": [
                    3,
                    2
                  ]
                },
                "east": {
                  "uv": [
                    63,
                    32
                  ],
                  "uv_size": [
                    6,
                    2
                  ]
                },
                "south": {
                  "uv": [
                    66,
                    27
                  ],
                  "uv_size": [
                    3,
                    2
                  ]
                },
                "west": {
                  "uv": [
                    63,
                    34
                  ],
                  "uv_size": [
                    6,
                    2
                  ]
                },
                "up": {
                  "uv": [
                    55,
                    57
                  ],
                  "uv_size": [
                    3,
                    6
                  ]
                },
                "down": {
                  "uv": [
                    58,
                    14
                  ],
                  "uv_size": [
                    3,
                    -6
                  ]
                }
              }
            }
          ]
        },
        {
          "name": "Leg",
          "parent": "Body",
          "pivot": [
            -3,
            13,
            20
          ],
          "cubes": [
            {
              "origin": [
                -6,
                7,
                22
              ],
              "size": [
                3,
                6,
                4
              ],
              "uv": {
                "north": {
                  "uv": [
                    54,
                    14
                  ],
                  "uv_size": [
                    3,
                    6
                  ]
                },
                "east": {
                  "uv": [
                    52,
                    49
                  ],
                  "uv_size": [
                    4,
                    6
                  ]
                },
                "south": {
                  "uv": [
                    20,
                    54
                  ],
                  "uv_size": [
                    3,
                    6
                  ]
                },
                "west": {
                  "uv": [
                    12,
                    53
                  ],
                  "uv_size": [
                    4,
                    6
                  ]
                },
                "up": {
                  "uv": [
                    18,
                    62
                  ],
                  "uv_size": [
                    3,
                    4
                  ]
                },
                "down": {
                  "uv": [
                    21,
                    66
                  ],
                  "uv_size": [
                    3,
                    -4
                  ]
                }
              }
            },
            {
              "origin": [
                -6,
                3,
                22
              ],
              "size": [
                3,
                6,
                2
              ],
              "pivot": [
                0,
                0,
                20
              ],
              "rotation": [
                -17.5,
                0,
                0
              ],
              "uv": {
                "north": {
                  "uv": [
                    54,
                    20
                  ],
                  "uv_size": [
                    3,
                    6
                  ]
                },
                "east": {
                  "uv": [
                    36,
                    60
                  ],
                  "uv_size": [
                    2,
                    6
                  ]
                },
                "south": {
                  "uv": [
                    23,
                    54
                  ],
                  "uv_size": [
                    3,
                    6
                  ]
                },
                "west": {
                  "uv": [
                    44,
                    60
                  ],
                  "uv_size": [
                    2,
                    6
                  ]
                },
                "up": {
                  "uv": [
                    6,
                    59
                  ],
                  "uv_size": [
                    3,
                    2
                  ]
                },
                "down": {
                  "uv": [
                    65,
                    12
                  ],
                  "uv_size": [
                    3,
                    -2
                  ]
                }
              }
            }
          ]
        },
        {
          "name": "bone7",
          "parent": "Leg",
          "pivot": [
            -4,
            2,
            24
          ],
          "cubes": [
            {
              "origin": [
                -6,
                0,
                20
              ],
              "size": [
                3,
                2,
                6
              ],
              "uv": {
                "north": {
                  "uv": [
                    24,
                    65
                  ],
                  "uv_size": [
                    3,
                    2
                  ]
                },
                "east": {
                  "uv": [
                    61,
                    12
                  ],
                  "uv_size": [
                    6,
                    2
                  ]
                },
                "south": {
                  "uv": [
                    27,
                    65
                  ],
                  "uv_size": [
                    3,
                    2
                  ]
                },
                "west": {
                  "uv": [
                    61,
                    55
                  ],
                  "uv_size": [
                    6,
                    2
                  ]
                },
                "up": {
                  "uv": [
                    26,
                    54
                  ],
                  "uv_size": [
                    3,
                    6
                  ]
                },
                "down": {
                  "uv": [
                    54,
                    32
                  ],
                  "uv_size": [
                    3,
                    -6
                  ]
                }
              }
            }
          ]
        },
        {
          "name": "bone3",
          "pivot": [
            13,
            31,
            0
          ],
          "rotation": [
            0,
            5,
            0
          ],
          "cubes": [
            {
              "origin": [
                0,
                0,
                -1
              ],
              "size": [
                27,
                31,
                1
              ],
              "uv": {
                "north": {
                  "uv": [
                    0,
                    0
                  ],
                  "uv_size": [
                    27,
                    31
                  ]
                },
                "east": {
                  "uv": [
                    38,
                    51
                  ],
                  "uv_size": [
                    1,
                    31
                  ]
                },
                "south": {
                  "uv": [
                    27,
                    0
                  ],
                  "uv_size": [
                    27,
                    31
                  ]
                },
                "west": {
                  "uv": [
                    39,
                    51
                  ],
                  "uv_size": [
                    1,
                    31
                  ]
                },
                "up": {
                  "uv": [
                    52,
                    47
                  ],
                  "uv_size": [
                    27,
                    1
                  ]
                },
                "down": {
                  "uv": [
                    52,
                    49
                  ],
                  "uv_size": [
                    27,
                    -1
                  ]
                }
              }
            }
          ]
        },
        {
          "name": "bone4",
          "pivot": [
            -15,
            31,
            0
          ],
          "cubes": [
            {
              "origin": [
                -27,
                0,
                -1
              ],
              "size": [
                27,
                31,
                1
              ],
              "uv": {
                "north": {
                  "uv": [
                    27,
                    0
                  ],
                  "uv_size": [
                    -27,
                    31
                  ]
                },
                "east": {
                  "uv": [
                    40,
                    51
                  ],
                  "uv_size": [
                    -1,
                    31
                  ]
                },
                "south": {
                  "uv": [
                    54,
                    0
                  ],
                  "uv_size": [
                    -27,
                    31
                  ]
                },
                "west": {
                  "uv": [
                    39,
                    51
                  ],
                  "uv_size": [
                    -1,
                    31
                  ]
                },
                "up": {
                  "uv": [
                    79,
                    47
                  ],
                  "uv_size": [
                    -27,
                    1
                  ]
                },
                "down": {
                  "uv": [
                    79,
                    49
                  ],
                  "uv_size": [
                    -27,
                    -1
                  ]
                }
              }
            }
          ]
        }
      ]
    }
  ]
}