{
  "format_version": "1.12.0",
  "minecraft:geometry": [
    {
      "description": {
        "identifier": "geometry.pa_green",
        "texture_width": 64,
        "texture_height": 64,
        "visible_bounds_width": 8,
        "visible_bounds_height": 4.5,
        "visible_bounds_offset": [
          0,
          1.75,
          0
        ]
      },
      "bones": [
        {
          "name": "bone12",
          "pivot": [
            0,
            9,
            0
          ],
          "rotation": [
            5,
            0,
            0
          ],
          "cubes": [
            {
              "origin": [
                -5,
                9,
                -4
              ],
              "size": [
                9,
                10,
                8
              ],
              "uv": {
                "north": {
                  "uv": [
                    0,
                    15
                  ],
                  "uv_size": [
                    9,
                    15
                  ]
                },
                "east": {
                  "uv": [
                    0,
                    0
                  ],
                  "uv_size": [
                    10,
                    15
                  ]
                },
                "south": {
                  "uv": [
                    9,
                    15
                  ],
                  "uv_size": [
                    9,
                    15
                  ]
                },
                "west": {
                  "uv": [
                    10,
                    0
                  ],
                  "uv_size": [
                    10,
                    15
                  ]
                },
                "up": {
                  "uv": [
                    30,
                    0
                  ],
                  "uv_size": [
                    9,
                    10
                  ]
                },
                "down": {
                  "uv": [
                    9,
                    40
                  ],
                  "uv_size": [
                    9,
                    -10
                  ]
                }
              }
            }
          ]
        },
        {
          "name": "bone9",
          "parent": "bone12",
          "pivot": [
            0,
            19,
            0
          ],
          "cubes": [
            {
              "origin": [
                -5,
                19,
                -5
              ],
              "size": [
                9,
                15,
                10
              ],
              "uv": {
                "north": {
                  "uv": [
                    0,
                    15
                  ],
                  "uv_size": [
                    9,
                    15
                  ]
                },
                "east": {
                  "uv": [
                    0,
                    0
                  ],
                  "uv_size": [
                    10,
                    15
                  ]
                },
                "south": {
                  "uv": [
                    9,
                    15
                  ],
                  "uv_size": [
                    9,
                    15
                  ]
                },
                "west": {
                  "uv": [
                    10,
                    0
                  ],
                  "uv_size": [
                    10,
                    15
                  ]
                },
                "up": {
                  "uv": [
                    30,
                    0
                  ],
                  "uv_size": [
                    9,
                    10
                  ]
                },
                "down": {
                  "uv": [
                    9,
                    40
                  ],
                  "uv_size": [
                    9,
                    -10
                  ]
                }
              }
            }
          ]
        },
        {
          "name": "bone18",
          "parent": "bone9",
          "pivot": [
            -3,
            34,
            0
          ],
          "rotation": [
            0,
            0,
            -57.5
          ],
          "cubes": [
            {
              "origin": [
                -6,
                34,
                -3
              ],
              "size": [
                4,
                13,
                6
              ],
              "uv": {
                "north": {
                  "uv": [
                    10,
                    53
                  ],
                  "uv_size": [
                    -4,
                    -13
                  ]
                },
                "east": {
                  "uv": [
                    6,
                    53
                  ],
                  "uv_size": [
                    -6,
                    -13
                  ]
                },
                "south": {
                  "uv": [
                    14,
                    53
                  ],
                  "uv_size": [
                    -4,
                    -13
                  ]
                },
                "west": {
                  "uv": [
                    45,
                    13
                  ],
                  "uv_size": [
                    -6,
                    -13
                  ]
                },
                "up": {
                  "uv": [
                    30,
                    45
                  ],
                  "uv_size": [
                    -4,
                    6
                  ]
                },
                "down": {
                  "uv": [
                    49,
                    31
                  ],
                  "uv_size": [
                    -4,
                    -6
                  ]
                }
              }
            }
          ]
        },
        {
          "name": "bone19",
          "parent": "bone18",
          "pivot": [
            -3,
            47,
            0
          ],
          "rotation": [
            0,
            0,
            -35
          ],
          "cubes": [
            {
              "origin": [
                -6,
                47,
                -3
              ],
              "size": [
                4,
                13,
                6
              ],
              "uv": {
                "north": {
                  "uv": [
                    10,
                    53
                  ],
                  "uv_size": [
                    -4,
                    -13
                  ]
                },
                "east": {
                  "uv": [
                    6,
                    53
                  ],
                  "uv_size": [
                    -6,
                    -13
                  ]
                },
                "south": {
                  "uv": [
                    14,
                    53
                  ],
                  "uv_size": [
                    -4,
                    -13
                  ]
                },
                "west": {
                  "uv": [
                    45,
                    13
                  ],
                  "uv_size": [
                    -6,
                    -13
                  ]
                },
                "up": {
                  "uv": [
                    30,
                    45
                  ],
                  "uv_size": [
                    -4,
                    6
                  ]
                },
                "down": {
                  "uv": [
                    49,
                    31
                  ],
                  "uv_size": [
                    -4,
                    -6
                  ]
                }
              }
            }
          ]
        },
        {
          "name": "bone20",
          "parent": "bone19",
          "pivot": [
            -3,
            61,
            0
          ],
          "rotation": [
            0,
            0,
            -37.5
          ],
          "cubes": [
            {
              "origin": [
                -6,
                60,
                -3
              ],
              "size": [
                4,
                13,
                6
              ],
              "uv": {
                "north": {
                  "uv": [
                    10,
                    53
                  ],
                  "uv_size": [
                    -4,
                    -13
                  ]
                },
                "east": {
                  "uv": [
                    6,
                    53
                  ],
                  "uv_size": [
                    -6,
                    -13
                  ]
                },
                "south": {
                  "uv": [
                    14,
                    53
                  ],
                  "uv_size": [
                    -4,
                    -13
                  ]
                },
                "west": {
                  "uv": [
                    45,
                    13
                  ],
                  "uv_size": [
                    -6,
                    -13
                  ]
                },
                "up": {
                  "uv": [
                    30,
                    45
                  ],
                  "uv_size": [
                    -4,
                    6
                  ]
                },
                "down": {
                  "uv": [
                    49,
                    31
                  ],
                  "uv_size": [
                    -4,
                    -6
                  ]
                }
              }
            }
          ]
        },
        {
          "name": "bone21",
          "parent": "bone20",
          "pivot": [
            -2,
            73,
            0
          ],
          "rotation": [
            3.01035,
            -0.75291,
            -44.78002
          ],
          "cubes": [
            {
              "origin": [
                -5,
                73,
                -3
              ],
              "size": [
                4,
                13,
                6
              ],
              "uv": {
                "north": {
                  "uv": [
                    10,
                    53
                  ],
                  "uv_size": [
                    -4,
                    -13
                  ]
                },
                "east": {
                  "uv": [
                    6,
                    53
                  ],
                  "uv_size": [
                    -6,
                    -13
                  ]
                },
                "south": {
                  "uv": [
                    14,
                    53
                  ],
                  "uv_size": [
                    -4,
                    -13
                  ]
                },
                "west": {
                  "uv": [
                    45,
                    13
                  ],
                  "uv_size": [
                    -6,
                    -13
                  ]
                },
                "up": {
                  "uv": [
                    30,
                    45
                  ],
                  "uv_size": [
                    -4,
                    6
                  ]
                },
                "down": {
                  "uv": [
                    49,
                    31
                  ],
                  "uv_size": [
                    -4,
                    -6
                  ]
                }
              }
            }
          ]
        },
        {
          "name": "bone22",
          "parent": "bone21",
          "pivot": [
            -4,
            86,
            2
          ],
          "cubes": [
            {
              "origin": [
                5,
                86,
                14
              ],
              "size": [
                0,
                7,
                6
              ],
              "pivot": [
                19,
                75,
                0
              ],
              "rotation": [
                0,
                -47.5,
                0
              ],
              "uv": {
                "north": {
                  "uv": [
                    0,
                    7
                  ],
                  "uv_size": [
                    0,
                    -7
                  ]
                },
                "east": {
                  "uv": [
                    51,
                    25
                  ],
                  "uv_size": [
                    -6,
                    -7
                  ]
                },
                "south": {
                  "uv": [
                    0,
                    7
                  ],
                  "uv_size": [
                    0,
                    -7
                  ]
                },
                "west": {
                  "uv": [
                    20,
                    52
                  ],
                  "uv_size": [
                    -6,
                    -7
                  ]
                },
                "up": {
                  "uv": [
                    0,
                    0
                  ],
                  "uv_size": [
                    0,
                    6
                  ]
                },
                "down": {
                  "uv": [
                    0,
                    6
                  ],
                  "uv_size": [
                    0,
                    -6
                  ]
                }
              }
            }
          ]
        },
        {
          "name": "bone7",
          "parent": "bone9",
          "pivot": [
            3,
            37,
            0
          ],
          "rotation": [
            0,
            0,
            -25
          ],
          "cubes": [
            {
              "origin": [
                2,
                24,
                -3
              ],
              "size": [
                4,
                13,
                6
              ],
              "uv": {
                "north": {
                  "uv": [
                    6,
                    40
                  ],
                  "uv_size": [
                    4,
                    13
                  ]
                },
                "east": {
                  "uv": [
                    39,
                    0
                  ],
                  "uv_size": [
                    6,
                    13
                  ]
                },
                "south": {
                  "uv": [
                    10,
                    40
                  ],
                  "uv_size": [
                    4,
                    13
                  ]
                },
                "west": {
                  "uv": [
                    0,
                    40
                  ],
                  "uv_size": [
                    6,
                    13
                  ]
                },
                "up": {
                  "uv": [
                    45,
                    25
                  ],
                  "uv_size": [
                    4,
                    6
                  ]
                },
                "down": {
                  "uv": [
                    26,
                    51
                  ],
                  "uv_size": [
                    4,
                    -6
                  ]
                }
              }
            }
          ]
        },
        {
          "name": "bone15",
          "parent": "bone7",
          "pivot": [
            3,
            24,
            0
          ],
          "rotation": [
            0,
            0,
            2.5
          ],
          "cubes": [
            {
              "origin": [
                2,
                11,
                -3
              ],
              "size": [
                4,
                13,
                6
              ],
              "uv": {
                "north": {
                  "uv": [
                    6,
                    40
                  ],
                  "uv_size": [
                    4,
                    13
                  ]
                },
                "east": {
                  "uv": [
                    39,
                    0
                  ],
                  "uv_size": [
                    6,
                    13
                  ]
                },
                "south": {
                  "uv": [
                    10,
                    40
                  ],
                  "uv_size": [
                    4,
                    13
                  ]
                },
                "west": {
                  "uv": [
                    0,
                    40
                  ],
                  "uv_size": [
                    6,
                    13
                  ]
                },
                "up": {
                  "uv": [
                    45,
                    25
                  ],
                  "uv_size": [
                    4,
                    6
                  ]
                },
                "down": {
                  "uv": [
                    26,
                    51
                  ],
                  "uv_size": [
                    4,
                    -6
                  ]
                }
              }
            }
          ]
        },
        {
          "name": "bone16",
          "parent": "bone15",
          "pivot": [
            3,
            10,
            0
          ],
          "rotation": [
            0,
            0,
            -25
          ],
          "cubes": [
            {
              "origin": [
                2,
                -2,
                -3
              ],
              "size": [
                4,
                13,
                6
              ],
              "uv": {
                "north": {
                  "uv": [
                    6,
                    40
                  ],
                  "uv_size": [
                    4,
                    13
                  ]
                },
                "east": {
                  "uv": [
                    39,
                    0
                  ],
                  "uv_size": [
                    6,
                    13
                  ]
                },
                "south": {
                  "uv": [
                    10,
                    40
                  ],
                  "uv_size": [
                    4,
                    13
                  ]
                },
                "west": {
                  "uv": [
                    0,
                    40
                  ],
                  "uv_size": [
                    6,
                    13
                  ]
                },
                "up": {
                  "uv": [
                    45,
                    25
                  ],
                  "uv_size": [
                    4,
                    6
                  ]
                },
                "down": {
                  "uv": [
                    26,
                    51
                  ],
                  "uv_size": [
                    4,
                    -6
                  ]
                }
              }
            }
          ]
        },
        {
          "name": "bone17",
          "parent": "bone16",
          "pivot": [
            2,
            -2,
            0
          ],
          "rotation": [
            0,
            0,
            -25
          ],
          "cubes": [
            {
              "origin": [
                1,
                -15,
                -3
              ],
              "size": [
                4,
                13,
                6
              ],
              "uv": {
                "north": {
                  "uv": [
                    6,
                    40
                  ],
                  "uv_size": [
                    4,
                    13
                  ]
                },
                "east": {
                  "uv": [
                    39,
                    0
                  ],
                  "uv_size": [
                    6,
                    13
                  ]
                },
                "south": {
                  "uv": [
                    10,
                    40
                  ],
                  "uv_size": [
                    4,
                    13
                  ]
                },
                "west": {
                  "uv": [
                    0,
                    40
                  ],
                  "uv_size": [
                    6,
                    13
                  ]
                },
                "up": {
                  "uv": [
                    45,
                    25
                  ],
                  "uv_size": [
                    4,
                    6
                  ]
                },
                "down": {
                  "uv": [
                    26,
                    51
                  ],
                  "uv_size": [
                    4,
                    -6
                  ]
                }
              }
            }
          ]
        },
        {
          "name": "bone8",
          "parent": "bone17",
          "pivot": [
            3,
            -15,
            0
          ],
          "cubes": [
            {
              "origin": [
                -5,
                -22,
                14
              ],
              "size": [
                0,
                7,
                6
              ],
              "pivot": [
                -19,
                -4,
                0
              ],
              "rotation": [
                0,
                47.5,
                0
              ],
              "uv": {
                "north": {
                  "uv": [
                    0,
                    0
                  ],
                  "uv_size": [
                    0,
                    7
                  ]
                },
                "east": {
                  "uv": [
                    14,
                    45
                  ],
                  "uv_size": [
                    6,
                    7
                  ]
                },
                "south": {
                  "uv": [
                    0,
                    0
                  ],
                  "uv_size": [
                    0,
                    7
                  ]
                },
                "west": {
                  "uv": [
                    45,
                    18
                  ],
                  "uv_size": [
                    6,
                    7
                  ]
                },
                "up": {
                  "uv": [
                    0,
                    0
                  ],
                  "uv_size": [
                    0,
                    6
                  ]
                },
                "down": {
                  "uv": [
                    0,
                    6
                  ],
                  "uv_size": [
                    0,
                    -6
                  ]
                }
              }
            }
          ]
        },
        {
          "name": "bone",
          "parent": "bone9",
          "pivot": [
            0,
            34,
            0
          ],
          "rotation": [
            -5,
            0,
            0
          ],
          "cubes": [
            {
              "origin": [
                -5,
                39,
                -5
              ],
              "size": [
                9,
                10,
                10
              ],
              "uv": {
                "north": {
                  "uv": [
                    18,
                    25
                  ],
                  "uv_size": [
                    9,
                    10
                  ]
                },
                "east": {
                  "uv": [
                    18,
                    15
                  ],
                  "uv_size": [
                    10,
                    10
                  ]
                },
                "south": {
                  "uv": [
                    27,
                    25
                  ],
                  "uv_size": [
                    9,
                    10
                  ]
                },
                "west": {
                  "uv": [
                    20,
                    0
                  ],
                  "uv_size": [
                    10,
                    10
                  ]
                },
                "up": {
                  "uv": [
                    28,
                    10
                  ],
                  "uv_size": [
                    9,
                    10
                  ]
                },
                "down": {
                  "uv": [
                    0,
                    40
                  ],
                  "uv_size": [
                    9,
                    -10
                  ]
                }
              }
            },
            {
              "origin": [
                -4,
                37,
                -4
              ],
              "size": [
                7,
                2,
                9
              ],
              "uv": {
                "north": {
                  "uv": [
                    45,
                    33
                  ],
                  "uv_size": [
                    9,
                    -2
                  ]
                },
                "east": {
                  "uv": [
                    45,
                    12
                  ],
                  "uv_size": [
                    10,
                    -2
                  ]
                },
                "south": {
                  "uv": [
                    45,
                    35
                  ],
                  "uv_size": [
                    9,
                    -2
                  ]
                },
                "west": {
                  "uv": [
                    30,
                    47
                  ],
                  "uv_size": [
                    10,
                    -2
                  ]
                },
                "up": {
                  "uv": [
                    36,
                    30
                  ],
                  "uv_size": [
                    9,
                    10
                  ]
                },
                "down": {
                  "uv": [
                    36,
                    30
                  ],
                  "uv_size": [
                    9,
                    -10
                  ]
                }
              }
            }
          ]
        },
        {
          "name": "bone4",
          "parent": "bone",
          "pivot": [
            0,
            39,
            4
          ],
          "rotation": [
            7.5,
            0,
            0
          ],
          "cubes": [
            {
              "origin": [
                -5,
                34.56488,
                -5.61841
              ],
              "size": [
                9,
                5,
                10
              ],
              "uv": {
                "north": {
                  "uv": [
                    45,
                    0
                  ],
                  "uv_size": [
                    9,
                    5
                  ]
                },
                "east": {
                  "uv": [
                    37,
                    13
                  ],
                  "uv_size": [
                    10,
                    5
                  ]
                },
                "south": {
                  "uv": [
                    45,
                    5
                  ],
                  "uv_size": [
                    9,
                    5
                  ]
                },
                "west": {
                  "uv": [
                    36,
                    40
                  ],
                  "uv_size": [
                    10,
                    5
                  ]
                },
                "up": {
                  "uv": [
                    18,
                    35
                  ],
                  "uv_size": [
                    9,
                    10
                  ]
                },
                "down": {
                  "uv": [
                    27,
                    45
                  ],
                  "uv_size": [
                    9,
                    -10
                  ]
                }
              }
            }
          ]
        },
        {
          "name": "bone5",
          "parent": "bone4",
          "pivot": [
            0,
            34.56488,
            -0.61841
          ],
          "cubes": [
            {
              "origin": [
                -4,
                39.56488,
                -4.61841
              ],
              "size": [
                7,
                2,
                9
              ],
              "uv": {
                "north": {
                  "uv": [
                    45,
                    31
                  ],
                  "uv_size": [
                    9,
                    2
                  ]
                },
                "east": {
                  "uv": [
                    45,
                    10
                  ],
                  "uv_size": [
                    10,
                    2
                  ]
                },
                "south": {
                  "uv": [
                    45,
                    33
                  ],
                  "uv_size": [
                    9,
                    2
                  ]
                },
                "west": {
                  "uv": [
                    30,
                    45
                  ],
                  "uv_size": [
                    10,
                    2
                  ]
                },
                "up": {
                  "uv": [
                    36,
                    20
                  ],
                  "uv_size": [
                    9,
                    10
                  ]
                },
                "down": {
                  "uv": [
                    36,
                    40
                  ],
                  "uv_size": [
                    9,
                    -10
                  ]
                }
              }
            }
          ]
        },
        {
          "name": "bone6",
          "parent": "bone4",
          "pivot": [
            10,
            38.56488,
            1.38159
          ],
          "cubes": [
            {
              "origin": [
                -2,
                38.56488,
                -4.61841
              ],
              "size": [
                3,
                1,
                8
              ],
              "uv": {
                "north": {
                  "uv": [
                    14,
                    42
                  ],
                  "uv_size": [
                    3,
                    1
                  ]
                },
                "east": {
                  "uv": [
                    20,
                    14
                  ],
                  "uv_size": [
                    8,
                    1
                  ]
                },
                "south": {
                  "uv": [
                    14,
                    43
                  ],
                  "uv_size": [
                    3,
                    1
                  ]
                },
                "west": {
                  "uv": [
                    28,
                    24
                  ],
                  "uv_size": [
                    8,
                    1
                  ]
                },
                "up": {
                  "uv": [
                    20,
                    45
                  ],
                  "uv_size": [
                    3,
                    8
                  ]
                },
                "down": {
                  "uv": [
                    23,
                    53
                  ],
                  "uv_size": [
                    3,
                    -8
                  ]
                }
              }
            }
          ]
        },
        {
          "name": "bone2",
          "parent": "bone",
          "pivot": [
            -4,
            44,
            -4
          ],
          "cubes": [
            {
              "origin": [
                -6,
                42,
                -6
              ],
              "size": [
                4,
                4,
                2
              ],
              "uv": {
                "north": {
                  "uv": [
                    20,
                    10
                  ],
                  "uv_size": [
                    4,
                    4
                  ]
                },
                "east": {
                  "uv": [
                    28,
                    20
                  ],
                  "uv_size": [
                    2,
                    4
                  ]
                },
                "south": {
                  "uv": [
                    24,
                    10
                  ],
                  "uv_size": [
                    4,
                    4
                  ]
                },
                "west": {
                  "uv": [
                    30,
                    20
                  ],
                  "uv_size": [
                    2,
                    4
                  ]
                },
                "up": {
                  "uv": [
                    32,
                    20
                  ],
                  "uv_size": [
                    4,
                    2
                  ]
                },
                "down": {
                  "uv": [
                    32,
                    24
                  ],
                  "uv_size": [
                    4,
                    -2
                  ]
                }
              }
            }
          ]
        },
        {
          "name": "bone3",
          "parent": "bone2",
          "pivot": [
            -4,
            43,
            0
          ],
          "cubes": [
            {
              "origin": [
                -6.1,
                42.1,
                -6.2
              ],
              "size": [
                2,
                2,
                2
              ],
              "uv": {
                "north": {
                  "uv": [
                    37,
                    10
                  ],
                  "uv_size": [
                    2,
                    2
                  ]
                },
                "east": {
                  "uv": [
                    37,
                    18
                  ],
                  "uv_size": [
                    2,
                    2
                  ]
                },
                "south": {
                  "uv": [
                    39,
                    18
                  ],
                  "uv_size": [
                    2,
                    2
                  ]
                },
                "west": {
                  "uv": [
                    14,
                    40
                  ],
                  "uv_size": [
                    2,
                    2
                  ]
                },
                "up": {
                  "uv": [
                    16,
                    40
                  ],
                  "uv_size": [
                    2,
                    2
                  ]
                },
                "down": {
                  "uv": [
                    41,
                    20
                  ],
                  "uv_size": [
                    2,
                    -2
                  ]
                }
              }
            }
          ]
        },
        {
          "name": "bone10",
          "parent": "bone",
          "pivot": [
            3,
            44,
            -4
          ],
          "cubes": [
            {
              "origin": [
                1,
                42,
                -6
              ],
              "size": [
                4,
                4,
                2
              ],
              "uv": {
                "north": {
                  "uv": [
                    24,
                    10
                  ],
                  "uv_size": [
                    -4,
                    4
                  ]
                },
                "east": {
                  "uv": [
                    32,
                    20
                  ],
                  "uv_size": [
                    -2,
                    4
                  ]
                },
                "south": {
                  "uv": [
                    28,
                    10
                  ],
                  "uv_size": [
                    -4,
                    4
                  ]
                },
                "west": {
                  "uv": [
                    30,
                    20
                  ],
                  "uv_size": [
                    -2,
                    4
                  ]
                },
                "up": {
                  "uv": [
                    36,
                    20
                  ],
                  "uv_size": [
                    -4,
                    2
                  ]
                },
                "down": {
                  "uv": [
                    36,
                    24
                  ],
                  "uv_size": [
                    -4,
                    -2
                  ]
                }
              }
            }
          ]
        },
        {
          "name": "bone11",
          "parent": "bone10",
          "pivot": [
            3,
            43,
            0
          ],
          "cubes": [
            {
              "origin": [
                3.1,
                44.1,
                -6.2
              ],
              "size": [
                2,
                2,
                2
              ],
              "uv": {
                "north": {
                  "uv": [
                    39,
                    10
                  ],
                  "uv_size": [
                    -2,
                    2
                  ]
                },
                "east": {
                  "uv": [
                    16,
                    40
                  ],
                  "uv_size": [
                    -2,
                    2
                  ]
                },
                "south": {
                  "uv": [
                    41,
                    18
                  ],
                  "uv_size": [
                    -2,
                    2
                  ]
                },
                "west": {
                  "uv": [
                    39,
                    18
                  ],
                  "uv_size": [
                    -2,
                    2
                  ]
                },
                "up": {
                  "uv": [
                    18,
                    40
                  ],
                  "uv_size": [
                    -2,
                    2
                  ]
                },
                "down": {
                  "uv": [
                    43,
                    20
                  ],
                  "uv_size": [
                    -2,
                    -2
                  ]
                }
              }
            }
          ]
        },
        {
          "name": "bone13",
          "pivot": [
            5,
            19,
            0
          ],
          "cubes": [
            {
              "origin": [
                4,
                0,
                -4
              ],
              "size": [
                7,
                19,
                8
              ],
              "uv": {
                "north": {
                  "uv": [
                    0,
                    15
                  ],
                  "uv_size": [
                    9,
                    15
                  ]
                },
                "east": {
                  "uv": [
                    0,
                    0
                  ],
                  "uv_size": [
                    10,
                    15
                  ]
                },
                "south": {
                  "uv": [
                    9,
                    15
                  ],
                  "uv_size": [
                    9,
                    15
                  ]
                },
                "west": {
                  "uv": [
                    10,
                    0
                  ],
                  "uv_size": [
                    10,
                    15
                  ]
                },
                "up": {
                  "uv": [
                    30,
                    0
                  ],
                  "uv_size": [
                    9,
                    10
                  ]
                },
                "down": {
                  "uv": [
                    9,
                    40
                  ],
                  "uv_size": [
                    9,
                    -10
                  ]
                }
              }
            }
          ]
        },
        {
          "name": "bone14",
          "pivot": [
            -5,
            19,
            0
          ],
          "cubes": [
            {
              "origin": [
                -11,
                0,
                -4
              ],
              "size": [
                7,
                19,
                8
              ],
              "uv": {
                "north": {
                  "uv": [
                    9,
                    15
                  ],
                  "uv_size": [
                    -9,
                    15
                  ]
                },
                "east": {
                  "uv": [
                    20,
                    0
                  ],
                  "uv_size": [
                    -10,
                    15
                  ]
                },
                "south": {
                  "uv": [
                    18,
                    15
                  ],
                  "uv_size": [
                    -9,
                    15
                  ]
                },
                "west": {
                  "uv": [
                    10,
                    0
                  ],
                  "uv_size": [
                    -10,
                    15
                  ]
                },
                "up": {
                  "uv": [
                    39,
                    0
                  ],
                  "uv_size": [
                    -9,
                    10
                  ]
                },
                "down": {
                  "uv": [
                    18,
                    40
                  ],
                  "uv_size": [
                    -9,
                    -10
                  ]
                }
              }
            }
          ]
        }
      ]
    }
  ]
}