{
  "format_version": "1.12.0",
  "minecraft:geometry": [
    {
      "description": {
        "identifier": "geometry.pa_lookie2",
        "texture_width": 64,
        "texture_height": 64,
        "visible_bounds_width": 3,
        "visible_bounds_height": 2.5,
        "visible_bounds_offset": [
          0,
          0.75,
          0
        ]
      },
      "bones": [
        {
          "name": "bone",
          "pivot": [
            0,
            0,
            0
          ],
          "cubes": [
            {
              "origin": [
                -7,
                0,
                -7
              ],
              "size": [
                14,
                12,
                14
              ],
              "uv": {
                "north": {
                  "uv": [
                    14,
                    0
                  ],
                  "uv_size": [
                    14,
                    12
                  ]
                },
                "east": {
                  "uv": [
                    14,
                    12
                  ],
                  "uv_size": [
                    14,
                    12
                  ]
                },
                "south": {
                  "uv": [
                    14,
                    24
                  ],
                  "uv_size": [
                    14,
                    12
                  ]
                },
                "west": {
                  "uv": [
                    0,
                    28
                  ],
                  "uv_size": [
                    14,
                    12
                  ]
                },
                "up": {
                  "uv": [
                    0,
                    0
                  ],
                  "uv_size": [
                    14,
                    14
                  ]
                },
                "down": {
                  "uv": [
                    0,
                    28
                  ],
                  "uv_size": [
                    14,
                    -14
                  ]
                }
              }
            },
            {
              "origin": [
                -8,
                6,
                -8
              ],
              "size": [
                7,
                7,
                7
              ],
              "pivot": [
                0,
                0,
                0
              ],
              "rotation": [
                0,
                7.5,
                0
              ],
              "uv": {
                "north": {
                  "uv": [
                    28,
                    0
                  ],
                  "uv_size": [
                    7,
                    7
                  ]
                },
                "east": {
                  "uv": [
                    28,
                    7
                  ],
                  "uv_size": [
                    7,
                    7
                  ]
                },
                "south": {
                  "uv": [
                    28,
                    14
                  ],
                  "uv_size": [
                    7,
                    7
                  ]
                },
                "west": {
                  "uv": [
                    28,
                    21
                  ],
                  "uv_size": [
                    7,
                    7
                  ]
                },
                "up": {
                  "uv": [
                    28,
                    28
                  ],
                  "uv_size": [
                    7,
                    7
                  ]
                },
                "down": {
                  "uv": [
                    35,
                    7
                  ],
                  "uv_size": [
                    7,
                    -7
                  ]
                }
              }
            },
            {
              "origin": [
                1,
                6,
                -8
              ],
              "size": [
                7,
                7,
                7
              ],
              "pivot": [
                0,
                0,
                0
              ],
              "rotation": [
                0,
                -7.5,
                0
              ],
              "uv": {
                "north": {
                  "uv": [
                    35,
                    7
                  ],
                  "uv_size": [
                    7,
                    7
                  ]
                },
                "east": {
                  "uv": [
                    35,
                    14
                  ],
                  "uv_size": [
                    7,
                    7
                  ]
                },
                "south": {
                  "uv": [
                    35,
                    21
                  ],
                  "uv_size": [
                    7,
                    7
                  ]
                },
                "west": {
                  "uv": [
                    28,
                    35
                  ],
                  "uv_size": [
                    7,
                    7
                  ]
                },
                "up": {
                  "uv": [
                    35,
                    28
                  ],
                  "uv_size": [
                    7,
                    7
                  ]
                },
                "down": {
                  "uv": [
                    35,
                    42
                  ],
                  "uv_size": [
                    7,
                    -7
                  ]
                }
              }
            }
          ]
        }
      ]
    }
  ]
}