{
  "format_version": "1.12.0",
  "minecraft:geometry": [
    {
      "description": {
        "identifier": "geometry.pa_orange",
        "texture_width": 64,
        "texture_height": 64,
        "visible_bounds_width": 5,
        "visible_bounds_height": 3.5,
        "visible_bounds_offset": [
          0,
          1.25,
          0
        ]
      },
      "bones": [
        {
          "name": "Root",
          "pivot": [
            0,
            4,
            0
          ]
        },
        {
          "name": "Body",
          "parent": "Root",
          "pivot": [
            0,
            8.91228,
            4.65014
          ],
          "rotation": [
            17.5,
            0,
            0
          ],
          "cubes": [
            {
              "origin": [
                -2,
                19,
                1
              ],
              "size": [
                4,
                5,
                4
              ],
              "pivot": [
                0,
                21.5,
                3
              ],
              "rotation": [
                17.5,
                0,
                0
              ],
              "uv": [
                16,
                45
              ]
            },
            {
              "origin": [
                -2.2,
                7.6577,
                3.20033
              ],
              "size": [
                4.4,
                5.5,
                4.4
              ],
              "pivot": [
                0,
                10.4077,
                4.40033
              ],
              "rotation": [
                35,
                0,
                0
              ],
              "uv": [
                0,
                44
              ]
            },
            {
              "origin": [
                -2.3712,
                12.06752,
                1.288
              ],
              "size": [
                4.7424,
                8.2992,
                4.7424
              ],
              "uv": [
                40,
                35
              ]
            }
          ]
        },
        {
          "name": "bone10",
          "parent": "Body",
          "pivot": [
            0,
            9.18242,
            6.84224
          ],
          "cubes": [
            {
              "origin": [
                -2.04,
                7.14242,
                3.78224
              ],
              "size": [
                4.08,
                4.08,
                6.12
              ],
              "pivot": [
                0,
                7.18242,
                6.84224
              ],
              "rotation": [
                -22.45118,
                -0.67682,
                -0.14077
              ],
              "uv": [
                20,
                35
              ]
            }
          ]
        },
        {
          "name": "bone11",
          "parent": "bone10",
          "pivot": [
            0,
            7.36074,
            8.24017
          ],
          "cubes": [
            {
              "origin": [
                -2,
                6.36074,
                8.24017
              ],
              "size": [
                4,
                4,
                6
              ],
              "pivot": [
                0,
                5.36074,
                11.24017
              ],
              "rotation": [
                5,
                0,
                0
              ],
              "uv": [
                0,
                34
              ]
            }
          ]
        },
        {
          "name": "bone12",
          "parent": "bone11",
          "pivot": [
            0,
            8.8057,
            13.7589
          ],
          "cubes": [
            {
              "origin": [
                -1.5,
                8.3057,
                13.7589
              ],
              "size": [
                3,
                3,
                6
              ],
              "pivot": [
                0,
                4.8057,
                16.7589
              ],
              "rotation": [
                26.13171,
                8.23394,
                -2.87847
              ],
              "uv": [
                42,
                15
              ]
            }
          ]
        },
        {
          "name": "bone13",
          "parent": "bone12",
          "pivot": [
            0,
            10.8057,
            16.7589
          ],
          "cubes": [
            {
              "origin": [
                -0.5,
                7.3057,
                20.7589
              ],
              "size": [
                1,
                2,
                5
              ],
              "pivot": [
                0,
                4.8057,
                16.7589
              ],
              "rotation": [
                56.13171,
                8.23394,
                -2.87847
              ],
              "uv": [
                43,
                16
              ]
            }
          ]
        },
        {
          "name": "bone14",
          "parent": "bone13",
          "pivot": [
            0,
            13.8057,
            18.7589
          ],
          "cubes": [
            {
              "origin": [
                -0.5,
                4.3057,
                25.7589
              ],
              "size": [
                1,
                1,
                2
              ],
              "pivot": [
                0,
                4.8057,
                16.7589
              ],
              "rotation": [
                78.63171,
                8.23394,
                -2.87847
              ],
              "uv": [
                46,
                19
              ]
            }
          ]
        },
        {
          "name": "Head",
          "parent": "Body",
          "pivot": [
            0,
            23.8,
            2.6
          ],
          "cubes": [
            {
              "origin": [
                -4,
                23,
                -4
              ],
              "size": [
                8,
                6,
                8
              ],
              "uv": [
                0,
                0
              ]
            },
            {
              "origin": [
                -3.5,
                25,
                -12
              ],
              "size": [
                7,
                2,
                8
              ],
              "uv": [
                0,
                24
              ]
            },
            {
              "origin": [
                -2.5,
                25,
                -13
              ],
              "size": [
                5,
                2,
                1
              ],
              "uv": [
                14,
                35
              ]
            },
            {
              "origin": [
                -2.5,
                26,
                -9
              ],
              "size": [
                5,
                2,
                9
              ],
              "uv": [
                23,
                15
              ]
            },
            {
              "origin": [
                -3.5,
                24,
                -13
              ],
              "size": [
                7,
                1,
                9
              ],
              "uv": [
                23,
                5
              ]
            }
          ]
        },
        {
          "name": "bone15",
          "parent": "Head",
          "pivot": [
            -3,
            26,
            0
          ],
          "cubes": [
            {
              "origin": [
                -5,
                26,
                -3
              ],
              "size": [
                4,
                4,
                4
              ],
              "pivot": [
                -3,
                26,
                0
              ],
              "rotation": [
                -57.26759,
                81.60675,
                -49.87926
              ],
              "uv": [
                44,
                26
              ]
            }
          ]
        },
        {
          "name": "bone16",
          "parent": "Head",
          "pivot": [
            3,
            26,
            0
          ],
          "cubes": [
            {
              "origin": [
                1,
                26,
                -3
              ],
              "size": [
                4,
                4,
                4
              ],
              "pivot": [
                3,
                26,
                0
              ],
              "rotation": [
                -57.26759,
                -81.60675,
                49.87926
              ],
              "uv": [
                44,
                26
              ],
              "mirror": true
            }
          ]
        },
        {
          "name": "bone",
          "parent": "Head",
          "pivot": [
            0,
            23.75,
            -4.5
          ],
          "cubes": [
            {
              "origin": [
                -3.5,
                23,
                -12
              ],
              "size": [
                7,
                1,
                8
              ],
              "uv": [
                22,
                26
              ]
            },
            {
              "origin": [
                -2.5,
                23,
                -13
              ],
              "size": [
                5,
                1,
                1
              ],
              "uv": [
                14,
                38
              ]
            },
            {
              "origin": [
                -3.5,
                24,
                -13
              ],
              "size": [
                7,
                1,
                9
              ],
              "uv": [
                0,
                14
              ]
            }
          ]
        },
        {
          "name": "Leftarm",
          "parent": "Body",
          "pivot": [
            2,
            19,
            4
          ],
          "rotation": [
            4.18966,
            10.23181,
            28.31041
          ],
          "cubes": [
            {
              "origin": [
                1,
                18,
                3
              ],
              "size": [
                8,
                2,
                2
              ],
              "uv": [
                44,
                0
              ]
            }
          ]
        },
        {
          "name": "bone4",
          "parent": "Leftarm",
          "pivot": [
            9.5,
            19,
            4
          ],
          "rotation": [
            0,
            80,
            0
          ],
          "cubes": [
            {
              "origin": [
                9,
                18,
                3
              ],
              "size": [
                7,
                2,
                2
              ],
              "uv": [
                46,
                8
              ]
            }
          ]
        },
        {
          "name": "bone5",
          "parent": "bone4",
          "pivot": [
            14.5153,
            18.7723,
            4
          ],
          "rotation": [
            -64.03705,
            15.58394,
            -28.88636
          ],
          "cubes": [
            {
              "origin": [
                16,
                18.5,
                3
              ],
              "size": [
                2,
                1,
                2
              ],
              "uv": [
                0,
                14
              ]
            },
            {
              "origin": [
                17,
                18.5,
                4
              ],
              "size": [
                3,
                1,
                1
              ],
              "pivot": [
                18,
                19,
                4.5
              ],
              "rotation": [
                0,
                -10,
                0
              ],
              "uv": [
                0,
                17
              ]
            },
            {
              "origin": [
                19.45116,
                17.99456,
                4.43221
              ],
              "size": [
                2,
                1,
                1
              ],
              "pivot": [
                20.45116,
                18.49456,
                4.93221
              ],
              "rotation": [
                -6.12673,
                -7.9185,
                37.92445
              ],
              "uv": [
                24,
                6
              ]
            },
            {
              "origin": [
                16.00544,
                18.5,
                2.01103
              ],
              "size": [
                2,
                1,
                1
              ],
              "pivot": [
                17.00544,
                19,
                2.51103
              ],
              "rotation": [
                0,
                52.5,
                0
              ],
              "uv": [
                24,
                4
              ]
            },
            {
              "origin": [
                16.85739,
                17.95577,
                0.90074
              ],
              "size": [
                2,
                1,
                1
              ],
              "pivot": [
                17.85739,
                18.45577,
                1.40074
              ],
              "rotation": [
                41.36219,
                35.79744,
                56.40206
              ],
              "uv": [
                0,
                24
              ]
            },
            {
              "origin": [
                16.98296,
                18.5,
                2.87059
              ],
              "size": [
                3,
                1,
                1
              ],
              "pivot": [
                18.48296,
                19,
                3.37059
              ],
              "rotation": [
                0,
                15,
                0
              ],
              "uv": [
                0,
                6
              ]
            },
            {
              "origin": [
                19.31772,
                17.95577,
                2.37897
              ],
              "size": [
                2,
                1,
                1
              ],
              "pivot": [
                20.31772,
                18.45577,
                2.87897
              ],
              "rotation": [
                10.26078,
                11.00072,
                43.49069
              ],
              "uv": [
                23,
                21
              ]
            }
          ]
        },
        {
          "name": "Rightarm",
          "parent": "Body",
          "pivot": [
            -2,
            19,
            4
          ],
          "rotation": [
            4.18966,
            -10.23181,
            -28.31041
          ],
          "cubes": [
            {
              "origin": [
                -9,
                18,
                3
              ],
              "size": [
                8,
                2,
                2
              ],
              "uv": [
                44,
                0
              ],
              "mirror": true
            }
          ]
        },
        {
          "name": "bone6",
          "parent": "Rightarm",
          "pivot": [
            -9.5,
            19,
            4
          ],
          "rotation": [
            0,
            -80,
            0
          ],
          "cubes": [
            {
              "origin": [
                -16,
                18,
                3
              ],
              "size": [
                7,
                2,
                2
              ],
              "uv": [
                46,
                8
              ],
              "mirror": true
            }
          ]
        },
        {
          "name": "bone7",
          "parent": "bone6",
          "pivot": [
            -14.5153,
            18.7723,
            4
          ],
          "rotation": [
            -66.14135,
            -18.74724,
            36.00521
          ],
          "cubes": [
            {
              "origin": [
                -18,
                18.5,
                3
              ],
              "size": [
                2,
                1,
                2
              ],
              "uv": [
                0,
                14
              ],
              "mirror": true
            },
            {
              "origin": [
                -20,
                18.5,
                4
              ],
              "size": [
                3,
                1,
                1
              ],
              "pivot": [
                -18,
                19,
                4.5
              ],
              "rotation": [
                0,
                10,
                0
              ],
              "uv": [
                0,
                17
              ],
              "mirror": true
            },
            {
              "origin": [
                -21.45116,
                17.99456,
                4.43221
              ],
              "size": [
                2,
                1,
                1
              ],
              "pivot": [
                -20.45116,
                18.49456,
                4.93221
              ],
              "rotation": [
                -6.12673,
                7.9185,
                -37.92445
              ],
              "uv": [
                24,
                6
              ],
              "mirror": true
            },
            {
              "origin": [
                -18.00544,
                18.5,
                2.01103
              ],
              "size": [
                2,
                1,
                1
              ],
              "pivot": [
                -17.00544,
                19,
                2.51103
              ],
              "rotation": [
                0,
                -52.5,
                0
              ],
              "uv": [
                24,
                4
              ],
              "mirror": true
            },
            {
              "origin": [
                -18.85739,
                17.95577,
                0.90074
              ],
              "size": [
                2,
                1,
                1
              ],
              "pivot": [
                -17.85739,
                18.45577,
                1.40074
              ],
              "rotation": [
                41.36219,
                -35.79744,
                -56.40206
              ],
              "uv": [
                0,
                24
              ],
              "mirror": true
            },
            {
              "origin": [
                -19.98296,
                18.5,
                2.87059
              ],
              "size": [
                3,
                1,
                1
              ],
              "pivot": [
                -18.48296,
                19,
                3.37059
              ],
              "rotation": [
                0,
                -15,
                0
              ],
              "uv": [
                0,
                6
              ],
              "mirror": true
            },
            {
              "origin": [
                -21.31772,
                17.95577,
                2.37897
              ],
              "size": [
                2,
                1,
                1
              ],
              "pivot": [
                -20.31772,
                18.45577,
                2.87897
              ],
              "rotation": [
                10.26078,
                -11.00072,
                -43.49069
              ],
              "uv": [
                23,
                21
              ],
              "mirror": true
            }
          ]
        },
        {
          "name": "Leftleg",
          "parent": "Root",
          "pivot": [
            3,
            9,
            5
          ],
          "rotation": [
            48.2968,
            67.10507,
            63.11848
          ],
          "cubes": [
            {
              "origin": [
                2,
                8,
                4
              ],
              "size": [
                8,
                2,
                2
              ],
              "uv": [
                24,
                0
              ]
            }
          ]
        },
        {
          "name": "bone8",
          "parent": "Leftleg",
          "pivot": [
            10.5,
            9,
            5
          ],
          "rotation": [
            -82.26062,
            -14.39579,
            109.25874
          ],
          "cubes": [
            {
              "origin": [
                10,
                8,
                4
              ],
              "size": [
                7,
                2,
                2
              ],
              "uv": [
                46,
                4
              ]
            }
          ]
        },
        {
          "name": "bone9",
          "parent": "bone8",
          "pivot": [
            17.5,
            8.98916,
            5
          ],
          "rotation": [
            -4.30963,
            29.7174,
            -8.64388
          ],
          "cubes": [
            {
              "origin": [
                17,
                7.5,
                3
              ],
              "size": [
                1,
                3,
                3
              ],
              "uv": [
                0,
                0
              ]
            },
            {
              "origin": [
                17,
                9.5,
                1
              ],
              "size": [
                1,
                1,
                2
              ],
              "pivot": [
                17.5,
                10,
                3
              ],
              "rotation": [
                -5,
                0,
                0
              ],
              "uv": [
                23,
                18
              ]
            },
            {
              "origin": [
                17,
                8.5,
                1
              ],
              "size": [
                1,
                1,
                2
              ],
              "uv": [
                23,
                15
              ]
            },
            {
              "origin": [
                17,
                7.5,
                1
              ],
              "size": [
                1,
                1,
                2
              ],
              "pivot": [
                17.5,
                8,
                3
              ],
              "rotation": [
                7.5,
                0,
                0
              ],
              "uv": [
                0,
                19
              ]
            }
          ]
        },
        {
          "name": "Rightleg",
          "parent": "Root",
          "pivot": [
            -3,
            9,
            5
          ],
          "rotation": [
            48.2968,
            -67.10507,
            -63.11848
          ],
          "cubes": [
            {
              "origin": [
                -10,
                8,
                4
              ],
              "size": [
                8,
                2,
                2
              ],
              "uv": [
                24,
                0
              ],
              "mirror": true
            }
          ]
        },
        {
          "name": "bone2",
          "parent": "Rightleg",
          "pivot": [
            -10.5,
            9,
            5
          ],
          "rotation": [
            -82.26062,
            14.39579,
            -109.25874
          ],
          "cubes": [
            {
              "origin": [
                -17,
                8,
                4
              ],
              "size": [
                7,
                2,
                2
              ],
              "uv": [
                46,
                4
              ],
              "mirror": true
            }
          ]
        },
        {
          "name": "bone3",
          "parent": "bone2",
          "pivot": [
            -17.5,
            8.98916,
            5
          ],
          "rotation": [
            -4.30963,
            -29.7174,
            8.64388
          ],
          "cubes": [
            {
              "origin": [
                -18,
                7.5,
                3
              ],
              "size": [
                1,
                3,
                3
              ],
              "uv": [
                0,
                0
              ],
              "mirror": true
            },
            {
              "origin": [
                -18,
                9.5,
                1
              ],
              "size": [
                1,
                1,
                2
              ],
              "pivot": [
                -17.5,
                10,
                3
              ],
              "rotation": [
                -5,
                0,
                0
              ],
              "uv": [
                23,
                18
              ],
              "mirror": true
            },
            {
              "origin": [
                -18,
                8.5,
                1
              ],
              "size": [
                1,
                1,
                2
              ],
              "uv": [
                23,
                15
              ],
              "mirror": true
            },
            {
              "origin": [
                -18,
                7.5,
                1
              ],
              "size": [
                1,
                1,
                2
              ],
              "pivot": [
                -17.5,
                8,
                3
              ],
              "rotation": [
                7.5,
                0,
                0
              ],
              "uv": [
                0,
                19
              ],
              "mirror": true
            }
          ]
        }
      ]
    }
  ]
}