{
  "format_version": "1.12.0",
  "minecraft:geometry": [
    {
      "description": {
        "identifier": "geometry.pa_purple",
        "texture_width": 64,
        "texture_height": 64,
        "visible_bounds_width": 3,
        "visible_bounds_height": 3.5,
        "visible_bounds_offset": [
          0,
          1.25,
          0
        ]
      },
      "bones": [
        {
          "name": "bone",
          "pivot": [
            -9,
            0,
            0
          ],
          "rotation": [
            45,
            0,
            0
          ],
          "cubes": [
            {
              "origin": [
                -10,
                0,
                -1
              ],
              "size": [
                2,
                12,
                2
              ],
              "pivot": [
                -9,
                0,
                0
              ],
              "rotation": [
                2.5,
                0,
                0
              ],
              "uv": {
                "north": {
                  "uv": [
                    24,
                    33
                  ],
                  "uv_size": [
                    2,
                    12
                  ]
                },
                "east": {
                  "uv": [
                    26,
                    33
                  ],
                  "uv_size": [
                    2,
                    12
                  ]
                },
                "south": {
                  "uv": [
                    28,
                    33
                  ],
                  "uv_size": [
                    2,
                    12
                  ]
                },
                "west": {
                  "uv": [
                    30,
                    33
                  ],
                  "uv_size": [
                    2,
                    12
                  ]
                },
                "up": {
                  "uv": [
                    11,
                    16
                  ],
                  "uv_size": [
                    2,
                    2
                  ]
                },
                "down": {
                  "uv": [
                    41,
                    12
                  ],
                  "uv_size": [
                    2,
                    -2
                  ]
                }
              }
            }
          ]
        },
        {
          "name": "bone15",
          "parent": "bone",
          "pivot": [
            -9,
            12,
            0
          ],
          "rotation": [
            75,
            0,
            0
          ],
          "cubes": [
            {
              "origin": [
                -10,
                12,
                -1
              ],
              "size": [
                2,
                12,
                2
              ],
              "uv": {
                "north": {
                  "uv": [
                    32,
                    35
                  ],
                  "uv_size": [
                    2,
                    12
                  ]
                },
                "east": {
                  "uv": [
                    34,
                    35
                  ],
                  "uv_size": [
                    2,
                    12
                  ]
                },
                "south": {
                  "uv": [
                    36,
                    35
                  ],
                  "uv_size": [
                    2,
                    12
                  ]
                },
                "west": {
                  "uv": [
                    0,
                    37
                  ],
                  "uv_size": [
                    2,
                    12
                  ]
                },
                "up": {
                  "uv": [
                    26,
                    45
                  ],
                  "uv_size": [
                    2,
                    2
                  ]
                },
                "down": {
                  "uv": [
                    28,
                    47
                  ],
                  "uv_size": [
                    2,
                    -2
                  ]
                }
              }
            }
          ]
        },
        {
          "name": "bone2",
          "parent": "bone15",
          "pivot": [
            -9,
            24,
            0
          ],
          "rotation": [
            -60.66709,
            -4.63268,
            22.80837
          ],
          "cubes": [
            {
              "origin": [
                -10.5,
                24,
                -1
              ],
              "size": [
                3,
                4,
                2
              ],
              "uv": {
                "north": {
                  "uv": [
                    26,
                    7
                  ],
                  "uv_size": [
                    3,
                    4
                  ]
                },
                "east": {
                  "uv": [
                    15,
                    39
                  ],
                  "uv_size": [
                    2,
                    4
                  ]
                },
                "south": {
                  "uv": [
                    29,
                    14
                  ],
                  "uv_size": [
                    3,
                    4
                  ]
                },
                "west": {
                  "uv": [
                    17,
                    39
                  ],
                  "uv_size": [
                    2,
                    4
                  ]
                },
                "up": {
                  "uv": [
                    8,
                    16
                  ],
                  "uv_size": [
                    3,
                    2
                  ]
                },
                "down": {
                  "uv": [
                    34,
                    6
                  ],
                  "uv_size": [
                    3,
                    -2
                  ]
                }
              }
            }
          ]
        },
        {
          "name": "bone12",
          "parent": "bone2",
          "pivot": [
            -8,
            24,
            0
          ],
          "rotation": [
            -5.54401,
            -5.05904,
            45.24511
          ]
        },
        {
          "name": "bone13",
          "parent": "bone12",
          "pivot": [
            -8,
            24,
            0
          ],
          "rotation": [
            20.01754,
            2.34914,
            0.85553
          ],
          "cubes": [
            {
              "origin": [
                -8.5,
                24,
                -1
              ],
              "size": [
                1,
                5,
                1
              ],
              "uv": {
                "north": {
                  "uv": [
                    43,
                    5
                  ],
                  "uv_size": [
                    1,
                    5
                  ]
                },
                "east": {
                  "uv": [
                    43,
                    10
                  ],
                  "uv_size": [
                    1,
                    5
                  ]
                },
                "south": {
                  "uv": [
                    12,
                    43
                  ],
                  "uv_size": [
                    1,
                    5
                  ]
                },
                "west": {
                  "uv": [
                    13,
                    43
                  ],
                  "uv_size": [
                    1,
                    5
                  ]
                },
                "up": {
                  "uv": [
                    35,
                    6
                  ],
                  "uv_size": [
                    1,
                    1
                  ]
                },
                "down": {
                  "uv": [
                    36,
                    7
                  ],
                  "uv_size": [
                    1,
                    -1
                  ]
                }
              }
            }
          ]
        },
        {
          "name": "bone14",
          "parent": "bone13",
          "pivot": [
            -8,
            29,
            0
          ],
          "rotation": [
            88.34942,
            4.66729,
            4.43108
          ],
          "cubes": [
            {
              "origin": [
                -8.5,
                29,
                -1
              ],
              "size": [
                1,
                5,
                1
              ],
              "uv": {
                "north": {
                  "uv": [
                    14,
                    43
                  ],
                  "uv_size": [
                    1,
                    5
                  ]
                },
                "east": {
                  "uv": [
                    15,
                    43
                  ],
                  "uv_size": [
                    1,
                    5
                  ]
                },
                "south": {
                  "uv": [
                    43,
                    15
                  ],
                  "uv_size": [
                    1,
                    5
                  ]
                },
                "west": {
                  "uv": [
                    16,
                    43
                  ],
                  "uv_size": [
                    1,
                    5
                  ]
                },
                "up": {
                  "uv": [
                    45,
                    36
                  ],
                  "uv_size": [
                    1,
                    1
                  ]
                },
                "down": {
                  "uv": [
                    45,
                    38
                  ],
                  "uv_size": [
                    1,
                    -1
                  ]
                }
              }
            }
          ]
        },
        {
          "name": "bone9",
          "parent": "bone2",
          "pivot": [
            -8,
            28,
            0
          ],
          "rotation": [
            -1.63219,
            -7.32123,
            10.10443
          ]
        },
        {
          "name": "bone10",
          "parent": "bone9",
          "pivot": [
            -8,
            28,
            0
          ],
          "rotation": [
            20.01754,
            2.34914,
            0.85553
          ],
          "cubes": [
            {
              "origin": [
                -8.5,
                28,
                -1
              ],
              "size": [
                1,
                5,
                1
              ],
              "uv": {
                "north": {
                  "uv": [
                    42,
                    5
                  ],
                  "uv_size": [
                    1,
                    5
                  ]
                },
                "east": {
                  "uv": [
                    42,
                    14
                  ],
                  "uv_size": [
                    1,
                    5
                  ]
                },
                "south": {
                  "uv": [
                    42,
                    19
                  ],
                  "uv_size": [
                    1,
                    5
                  ]
                },
                "west": {
                  "uv": [
                    42,
                    24
                  ],
                  "uv_size": [
                    1,
                    5
                  ]
                },
                "up": {
                  "uv": [
                    29,
                    18
                  ],
                  "uv_size": [
                    1,
                    1
                  ]
                },
                "down": {
                  "uv": [
                    30,
                    19
                  ],
                  "uv_size": [
                    1,
                    -1
                  ]
                }
              }
            }
          ]
        },
        {
          "name": "bone11",
          "parent": "bone10",
          "pivot": [
            -8,
            33,
            0
          ],
          "rotation": [
            88.34942,
            4.66729,
            4.43108
          ],
          "cubes": [
            {
              "origin": [
                -8.5,
                33,
                -1
              ],
              "size": [
                1,
                5,
                1
              ],
              "uv": {
                "north": {
                  "uv": [
                    42,
                    29
                  ],
                  "uv_size": [
                    1,
                    5
                  ]
                },
                "east": {
                  "uv": [
                    42,
                    34
                  ],
                  "uv_size": [
                    1,
                    5
                  ]
                },
                "south": {
                  "uv": [
                    42,
                    39
                  ],
                  "uv_size": [
                    1,
                    5
                  ]
                },
                "west": {
                  "uv": [
                    43,
                    0
                  ],
                  "uv_size": [
                    1,
                    5
                  ]
                },
                "up": {
                  "uv": [
                    31,
                    18
                  ],
                  "uv_size": [
                    1,
                    1
                  ]
                },
                "down": {
                  "uv": [
                    34,
                    7
                  ],
                  "uv_size": [
                    1,
                    -1
                  ]
                }
              }
            }
          ]
        },
        {
          "name": "bone6",
          "parent": "bone2",
          "pivot": [
            -10,
            28,
            0
          ],
          "rotation": [
            0,
            -7.5,
            -2.5
          ]
        },
        {
          "name": "bone7",
          "parent": "bone6",
          "pivot": [
            -10,
            28,
            0
          ],
          "rotation": [
            20.01754,
            2.34914,
            0.85553
          ],
          "cubes": [
            {
              "origin": [
                -9.5,
                28,
                -1
              ],
              "size": [
                1,
                5,
                1
              ],
              "uv": {
                "north": {
                  "uv": [
                    41,
                    5
                  ],
                  "uv_size": [
                    1,
                    5
                  ]
                },
                "east": {
                  "uv": [
                    41,
                    14
                  ],
                  "uv_size": [
                    1,
                    5
                  ]
                },
                "south": {
                  "uv": [
                    41,
                    19
                  ],
                  "uv_size": [
                    1,
                    5
                  ]
                },
                "west": {
                  "uv": [
                    41,
                    24
                  ],
                  "uv_size": [
                    1,
                    5
                  ]
                },
                "up": {
                  "uv": [
                    12,
                    18
                  ],
                  "uv_size": [
                    1,
                    1
                  ]
                },
                "down": {
                  "uv": [
                    26,
                    12
                  ],
                  "uv_size": [
                    1,
                    -1
                  ]
                }
              }
            }
          ]
        },
        {
          "name": "bone8",
          "parent": "bone7",
          "pivot": [
            -10,
            33,
            0
          ],
          "rotation": [
            88.34942,
            4.66729,
            4.43108
          ],
          "cubes": [
            {
              "origin": [
                -9.5,
                33,
                -1
              ],
              "size": [
                1,
                5,
                1
              ],
              "uv": {
                "north": {
                  "uv": [
                    41,
                    29
                  ],
                  "uv_size": [
                    1,
                    5
                  ]
                },
                "east": {
                  "uv": [
                    41,
                    34
                  ],
                  "uv_size": [
                    1,
                    5
                  ]
                },
                "south": {
                  "uv": [
                    41,
                    39
                  ],
                  "uv_size": [
                    1,
                    5
                  ]
                },
                "west": {
                  "uv": [
                    42,
                    0
                  ],
                  "uv_size": [
                    1,
                    5
                  ]
                },
                "up": {
                  "uv": [
                    27,
                    11
                  ],
                  "uv_size": [
                    1,
                    1
                  ]
                },
                "down": {
                  "uv": [
                    28,
                    12
                  ],
                  "uv_size": [
                    1,
                    -1
                  ]
                }
              }
            }
          ]
        },
        {
          "name": "bone5",
          "parent": "bone2",
          "pivot": [
            -12,
            28,
            0
          ],
          "rotation": [
            0,
            0,
            -7.5
          ]
        },
        {
          "name": "bone3",
          "parent": "bone5",
          "pivot": [
            -12,
            28,
            0
          ],
          "rotation": [
            20.01754,
            2.34914,
            0.85553
          ],
          "cubes": [
            {
              "origin": [
                -10.5,
                28,
                -1
              ],
              "size": [
                1,
                5,
                1
              ],
              "uv": {
                "north": {
                  "uv": [
                    23,
                    39
                  ],
                  "uv_size": [
                    1,
                    5
                  ]
                },
                "east": {
                  "uv": [
                    40,
                    14
                  ],
                  "uv_size": [
                    1,
                    5
                  ]
                },
                "south": {
                  "uv": [
                    40,
                    19
                  ],
                  "uv_size": [
                    1,
                    5
                  ]
                },
                "west": {
                  "uv": [
                    40,
                    24
                  ],
                  "uv_size": [
                    1,
                    5
                  ]
                },
                "up": {
                  "uv": [
                    8,
                    18
                  ],
                  "uv_size": [
                    1,
                    1
                  ]
                },
                "down": {
                  "uv": [
                    9,
                    19
                  ],
                  "uv_size": [
                    1,
                    -1
                  ]
                }
              }
            }
          ]
        },
        {
          "name": "bone4",
          "parent": "bone3",
          "pivot": [
            -12,
            33,
            0
          ],
          "rotation": [
            88.34942,
            4.66729,
            4.43108
          ],
          "cubes": [
            {
              "origin": [
                -10.5,
                33,
                -1
              ],
              "size": [
                1,
                5,
                1
              ],
              "uv": {
                "north": {
                  "uv": [
                    40,
                    29
                  ],
                  "uv_size": [
                    1,
                    5
                  ]
                },
                "east": {
                  "uv": [
                    40,
                    34
                  ],
                  "uv_size": [
                    1,
                    5
                  ]
                },
                "south": {
                  "uv": [
                    40,
                    39
                  ],
                  "uv_size": [
                    1,
                    5
                  ]
                },
                "west": {
                  "uv": [
                    41,
                    0
                  ],
                  "uv_size": [
                    1,
                    5
                  ]
                },
                "up": {
                  "uv": [
                    10,
                    18
                  ],
                  "uv_size": [
                    1,
                    1
                  ]
                },
                "down": {
                  "uv": [
                    11,
                    19
                  ],
                  "uv_size": [
                    1,
                    -1
                  ]
                }
              }
            }
          ]
        },
        {
          "name": "bone16",
          "pivot": [
            9,
            0,
            0
          ],
          "rotation": [
            45,
            0,
            0
          ],
          "cubes": [
            {
              "origin": [
                8,
                0,
                -1
              ],
              "size": [
                2,
                12,
                2
              ],
              "pivot": [
                9,
                0,
                0
              ],
              "rotation": [
                2.5,
                0,
                0
              ],
              "uv": {
                "north": {
                  "uv": [
                    37,
                    0
                  ],
                  "uv_size": [
                    2,
                    12
                  ]
                },
                "east": {
                  "uv": [
                    2,
                    37
                  ],
                  "uv_size": [
                    2,
                    12
                  ]
                },
                "south": {
                  "uv": [
                    4,
                    37
                  ],
                  "uv_size": [
                    2,
                    12
                  ]
                },
                "west": {
                  "uv": [
                    6,
                    37
                  ],
                  "uv_size": [
                    2,
                    12
                  ]
                },
                "up": {
                  "uv": [
                    30,
                    45
                  ],
                  "uv_size": [
                    2,
                    2
                  ]
                },
                "down": {
                  "uv": [
                    45,
                    32
                  ],
                  "uv_size": [
                    2,
                    -2
                  ]
                }
              }
            }
          ]
        },
        {
          "name": "bone17",
          "parent": "bone16",
          "pivot": [
            9,
            12,
            0
          ],
          "rotation": [
            75,
            0,
            0
          ],
          "cubes": [
            {
              "origin": [
                8,
                12,
                -1
              ],
              "size": [
                2,
                12,
                2
              ],
              "uv": {
                "north": {
                  "uv": [
                    38,
                    35
                  ],
                  "uv_size": [
                    2,
                    12
                  ]
                },
                "east": {
                  "uv": [
                    39,
                    0
                  ],
                  "uv_size": [
                    2,
                    12
                  ]
                },
                "south": {
                  "uv": [
                    8,
                    39
                  ],
                  "uv_size": [
                    2,
                    12
                  ]
                },
                "west": {
                  "uv": [
                    10,
                    39
                  ],
                  "uv_size": [
                    2,
                    12
                  ]
                },
                "up": {
                  "uv": [
                    45,
                    32
                  ],
                  "uv_size": [
                    2,
                    2
                  ]
                },
                "down": {
                  "uv": [
                    45,
                    36
                  ],
                  "uv_size": [
                    2,
                    -2
                  ]
                }
              }
            }
          ]
        },
        {
          "name": "bone18",
          "parent": "bone17",
          "pivot": [
            9,
            24,
            0
          ],
          "rotation": [
            -60.66709,
            4.63268,
            -22.80837
          ],
          "cubes": [
            {
              "origin": [
                7.5,
                24,
                -1
              ],
              "size": [
                3,
                4,
                2
              ],
              "uv": {
                "north": {
                  "uv": [
                    34,
                    0
                  ],
                  "uv_size": [
                    3,
                    4
                  ]
                },
                "east": {
                  "uv": [
                    19,
                    39
                  ],
                  "uv_size": [
                    2,
                    4
                  ]
                },
                "south": {
                  "uv": [
                    12,
                    39
                  ],
                  "uv_size": [
                    3,
                    4
                  ]
                },
                "west": {
                  "uv": [
                    21,
                    39
                  ],
                  "uv_size": [
                    2,
                    4
                  ]
                },
                "up": {
                  "uv": [
                    37,
                    12
                  ],
                  "uv_size": [
                    3,
                    2
                  ]
                },
                "down": {
                  "uv": [
                    40,
                    14
                  ],
                  "uv_size": [
                    3,
                    -2
                  ]
                }
              }
            }
          ]
        },
        {
          "name": "bone19",
          "parent": "bone18",
          "pivot": [
            8,
            24,
            0
          ],
          "rotation": [
            -5.54401,
            5.05904,
            -45.24511
          ]
        },
        {
          "name": "bone20",
          "parent": "bone19",
          "pivot": [
            8,
            24,
            0
          ],
          "rotation": [
            20.01754,
            -2.34914,
            -0.85553
          ],
          "cubes": [
            {
              "origin": [
                7.5,
                24,
                -1
              ],
              "size": [
                1,
                5,
                1
              ],
              "uv": {
                "north": {
                  "uv": [
                    17,
                    43
                  ],
                  "uv_size": [
                    1,
                    5
                  ]
                },
                "east": {
                  "uv": [
                    18,
                    43
                  ],
                  "uv_size": [
                    1,
                    5
                  ]
                },
                "south": {
                  "uv": [
                    19,
                    43
                  ],
                  "uv_size": [
                    1,
                    5
                  ]
                },
                "west": {
                  "uv": [
                    20,
                    43
                  ],
                  "uv_size": [
                    1,
                    5
                  ]
                },
                "up": {
                  "uv": [
                    45,
                    38
                  ],
                  "uv_size": [
                    1,
                    1
                  ]
                },
                "down": {
                  "uv": [
                    45,
                    40
                  ],
                  "uv_size": [
                    1,
                    -1
                  ]
                }
              }
            }
          ]
        },
        {
          "name": "bone21",
          "parent": "bone20",
          "pivot": [
            8,
            29,
            0
          ],
          "rotation": [
            88.34942,
            -4.66729,
            -4.43108
          ],
          "cubes": [
            {
              "origin": [
                7.5,
                29,
                -1
              ],
              "size": [
                1,
                5,
                1
              ],
              "uv": {
                "north": {
                  "uv": [
                    43,
                    20
                  ],
                  "uv_size": [
                    1,
                    5
                  ]
                },
                "east": {
                  "uv": [
                    21,
                    43
                  ],
                  "uv_size": [
                    1,
                    5
                  ]
                },
                "south": {
                  "uv": [
                    22,
                    43
                  ],
                  "uv_size": [
                    1,
                    5
                  ]
                },
                "west": {
                  "uv": [
                    43,
                    25
                  ],
                  "uv_size": [
                    1,
                    5
                  ]
                },
                "up": {
                  "uv": [
                    45,
                    40
                  ],
                  "uv_size": [
                    1,
                    1
                  ]
                },
                "down": {
                  "uv": [
                    45,
                    42
                  ],
                  "uv_size": [
                    1,
                    -1
                  ]
                }
              }
            }
          ]
        },
        {
          "name": "bone22",
          "parent": "bone18",
          "pivot": [
            8,
            28,
            0
          ],
          "rotation": [
            -1.63219,
            7.32123,
            -10.10443
          ]
        },
        {
          "name": "bone23",
          "parent": "bone22",
          "pivot": [
            8,
            28,
            0
          ],
          "rotation": [
            20.01754,
            -2.34914,
            -0.85553
          ],
          "cubes": [
            {
              "origin": [
                7.5,
                28,
                -1
              ],
              "size": [
                1,
                5,
                1
              ],
              "uv": {
                "north": {
                  "uv": [
                    43,
                    30
                  ],
                  "uv_size": [
                    1,
                    5
                  ]
                },
                "east": {
                  "uv": [
                    43,
                    35
                  ],
                  "uv_size": [
                    1,
                    5
                  ]
                },
                "south": {
                  "uv": [
                    43,
                    40
                  ],
                  "uv_size": [
                    1,
                    5
                  ]
                },
                "west": {
                  "uv": [
                    44,
                    0
                  ],
                  "uv_size": [
                    1,
                    5
                  ]
                },
                "up": {
                  "uv": [
                    45,
                    42
                  ],
                  "uv_size": [
                    1,
                    1
                  ]
                },
                "down": {
                  "uv": [
                    43,
                    46
                  ],
                  "uv_size": [
                    1,
                    -1
                  ]
                }
              }
            }
          ]
        },
        {
          "name": "bone24",
          "parent": "bone23",
          "pivot": [
            8,
            33,
            0
          ],
          "rotation": [
            88.34942,
            -4.66729,
            -4.43108
          ],
          "cubes": [
            {
              "origin": [
                7.5,
                33,
                -1
              ],
              "size": [
                1,
                5,
                1
              ],
              "uv": {
                "north": {
                  "uv": [
                    44,
                    5
                  ],
                  "uv_size": [
                    1,
                    5
                  ]
                },
                "east": {
                  "uv": [
                    44,
                    10
                  ],
                  "uv_size": [
                    1,
                    5
                  ]
                },
                "south": {
                  "uv": [
                    44,
                    15
                  ],
                  "uv_size": [
                    1,
                    5
                  ]
                },
                "west": {
                  "uv": [
                    44,
                    20
                  ],
                  "uv_size": [
                    1,
                    5
                  ]
                },
                "up": {
                  "uv": [
                    45,
                    43
                  ],
                  "uv_size": [
                    1,
                    1
                  ]
                },
                "down": {
                  "uv": [
                    44,
                    46
                  ],
                  "uv_size": [
                    1,
                    -1
                  ]
                }
              }
            }
          ]
        },
        {
          "name": "bone25",
          "parent": "bone18",
          "pivot": [
            10,
            28,
            0
          ],
          "rotation": [
            0,
            7.5,
            2.5
          ]
        },
        {
          "name": "bone26",
          "parent": "bone25",
          "pivot": [
            10,
            28,
            0
          ],
          "rotation": [
            20.01754,
            -2.34914,
            -0.85553
          ],
          "cubes": [
            {
              "origin": [
                8.5,
                28,
                -1
              ],
              "size": [
                1,
                5,
                1
              ],
              "uv": {
                "north": {
                  "uv": [
                    23,
                    44
                  ],
                  "uv_size": [
                    1,
                    5
                  ]
                },
                "east": {
                  "uv": [
                    44,
                    25
                  ],
                  "uv_size": [
                    1,
                    5
                  ]
                },
                "south": {
                  "uv": [
                    44,
                    30
                  ],
                  "uv_size": [
                    1,
                    5
                  ]
                },
                "west": {
                  "uv": [
                    44,
                    35
                  ],
                  "uv_size": [
                    1,
                    5
                  ]
                },
                "up": {
                  "uv": [
                    45,
                    44
                  ],
                  "uv_size": [
                    1,
                    1
                  ]
                },
                "down": {
                  "uv": [
                    45,
                    46
                  ],
                  "uv_size": [
                    1,
                    -1
                  ]
                }
              }
            }
          ]
        },
        {
          "name": "bone27",
          "parent": "bone26",
          "pivot": [
            10,
            33,
            0
          ],
          "rotation": [
            88.34942,
            -4.66729,
            -4.43108
          ],
          "cubes": [
            {
              "origin": [
                8.5,
                33,
                -1
              ],
              "size": [
                1,
                5,
                1
              ],
              "uv": {
                "north": {
                  "uv": [
                    40,
                    44
                  ],
                  "uv_size": [
                    1,
                    5
                  ]
                },
                "east": {
                  "uv": [
                    44,
                    40
                  ],
                  "uv_size": [
                    1,
                    5
                  ]
                },
                "south": {
                  "uv": [
                    41,
                    44
                  ],
                  "uv_size": [
                    1,
                    5
                  ]
                },
                "west": {
                  "uv": [
                    42,
                    44
                  ],
                  "uv_size": [
                    1,
                    5
                  ]
                },
                "up": {
                  "uv": [
                    46,
                    0
                  ],
                  "uv_size": [
                    1,
                    1
                  ]
                },
                "down": {
                  "uv": [
                    46,
                    2
                  ],
                  "uv_size": [
                    1,
                    -1
                  ]
                }
              }
            }
          ]
        },
        {
          "name": "bone28",
          "parent": "bone18",
          "pivot": [
            12,
            28,
            0
          ],
          "rotation": [
            0,
            0,
            7.5
          ]
        },
        {
          "name": "bone29",
          "parent": "bone28",
          "pivot": [
            12,
            28,
            0
          ],
          "rotation": [
            20.01754,
            -2.34914,
            -0.85553
          ],
          "cubes": [
            {
              "origin": [
                9.5,
                28,
                -1
              ],
              "size": [
                1,
                5,
                1
              ],
              "uv": {
                "north": {
                  "uv": [
                    45,
                    0
                  ],
                  "uv_size": [
                    1,
                    5
                  ]
                },
                "east": {
                  "uv": [
                    45,
                    5
                  ],
                  "uv_size": [
                    1,
                    5
                  ]
                },
                "south": {
                  "uv": [
                    45,
                    10
                  ],
                  "uv_size": [
                    1,
                    5
                  ]
                },
                "west": {
                  "uv": [
                    45,
                    15
                  ],
                  "uv_size": [
                    1,
                    5
                  ]
                },
                "up": {
                  "uv": [
                    46,
                    2
                  ],
                  "uv_size": [
                    1,
                    1
                  ]
                },
                "down": {
                  "uv": [
                    46,
                    4
                  ],
                  "uv_size": [
                    1,
                    -1
                  ]
                }
              }
            }
          ]
        },
        {
          "name": "bone30",
          "parent": "bone29",
          "pivot": [
            12,
            33,
            0
          ],
          "rotation": [
            88.34942,
            -4.66729,
            -4.43108
          ],
          "cubes": [
            {
              "origin": [
                9.5,
                33,
                -1
              ],
              "size": [
                1,
                5,
                1
              ],
              "uv": {
                "north": {
                  "uv": [
                    45,
                    20
                  ],
                  "uv_size": [
                    1,
                    5
                  ]
                },
                "east": {
                  "uv": [
                    24,
                    45
                  ],
                  "uv_size": [
                    1,
                    5
                  ]
                },
                "south": {
                  "uv": [
                    25,
                    45
                  ],
                  "uv_size": [
                    1,
                    5
                  ]
                },
                "west": {
                  "uv": [
                    45,
                    25
                  ],
                  "uv_size": [
                    1,
                    5
                  ]
                },
                "up": {
                  "uv": [
                    46,
                    4
                  ],
                  "uv_size": [
                    1,
                    1
                  ]
                },
                "down": {
                  "uv": [
                    46,
                    6
                  ],
                  "uv_size": [
                    1,
                    -1
                  ]
                }
              }
            }
          ]
        },
        {
          "name": "Head",
          "pivot": [
            0,
            0,
            0
          ],
          "cubes": [
            {
              "origin": [
                -7,
                0,
                -1
              ],
              "size": [
                13,
                6,
                8
              ],
              "pivot": [
                0,
                0,
                0
              ],
              "rotation": [
                -42.5,
                0,
                0
              ],
              "uv": {
                "north": {
                  "uv": [
                    13,
                    0
                  ],
                  "uv_size": [
                    13,
                    6
                  ]
                },
                "east": {
                  "uv": [
                    8,
                    33
                  ],
                  "uv_size": [
                    8,
                    6
                  ]
                },
                "south": {
                  "uv": [
                    13,
                    6
                  ],
                  "uv_size": [
                    13,
                    6
                  ]
                },
                "west": {
                  "uv": [
                    16,
                    33
                  ],
                  "uv_size": [
                    8,
                    6
                  ]
                },
                "up": {
                  "uv": [
                    0,
                    0
                  ],
                  "uv_size": [
                    13,
                    8
                  ]
                },
                "down": {
                  "uv": [
                    0,
                    16
                  ],
                  "uv_size": [
                    13,
                    -8
                  ]
                }
              }
            }
          ]
        },
        {
          "name": "bone37",
          "pivot": [
            0,
            0,
            11
          ],
          "cubes": [
            {
              "origin": [
                -10,
                -1,
                10
              ],
              "size": [
                8,
                7,
                0
              ],
              "uv": {
                "north": {
                  "uv": [
                    24,
                    26
                  ],
                  "uv_size": [
                    8,
                    7
                  ]
                },
                "east": {
                  "uv": [
                    0,
                    0
                  ],
                  "uv_size": [
                    0,
                    7
                  ]
                },
                "south": {
                  "uv": [
                    29,
                    7
                  ],
                  "uv_size": [
                    8,
                    7
                  ]
                },
                "west": {
                  "uv": [
                    0,
                    0
                  ],
                  "uv_size": [
                    0,
                    7
                  ]
                },
                "up": {
                  "uv": [
                    0,
                    0
                  ],
                  "uv_size": [
                    8,
                    0
                  ]
                },
                "down": {
                  "uv": [
                    0,
                    0
                  ],
                  "uv_size": [
                    8,
                    0
                  ]
                }
              }
            }
          ]
        },
        {
          "name": "bone33",
          "parent": "bone37",
          "pivot": [
            12,
            0,
            0
          ],
          "cubes": [
            {
              "origin": [
                2,
                -1,
                -1
              ],
              "size": [
                8,
                7,
                0
              ],
              "uv": {
                "north": {
                  "uv": [
                    8,
                    19
                  ],
                  "uv_size": [
                    8,
                    7
                  ]
                },
                "east": {
                  "uv": [
                    0,
                    0
                  ],
                  "uv_size": [
                    0,
                    7
                  ]
                },
                "south": {
                  "uv": [
                    16,
                    19
                  ],
                  "uv_size": [
                    8,
                    7
                  ]
                },
                "west": {
                  "uv": [
                    0,
                    0
                  ],
                  "uv_size": [
                    0,
                    7
                  ]
                },
                "up": {
                  "uv": [
                    0,
                    0
                  ],
                  "uv_size": [
                    8,
                    0
                  ]
                },
                "down": {
                  "uv": [
                    0,
                    0
                  ],
                  "uv_size": [
                    8,
                    0
                  ]
                }
              }
            }
          ]
        },
        {
          "name": "bone38",
          "parent": "bone33",
          "pivot": [
            9,
            -1,
            -4
          ],
          "cubes": [
            {
              "origin": [
                -1,
                -2,
                -5
              ],
              "size": [
                8,
                7,
                0
              ],
              "uv": {
                "north": {
                  "uv": [
                    0,
                    30
                  ],
                  "uv_size": [
                    8,
                    7
                  ]
                },
                "east": {
                  "uv": [
                    0,
                    0
                  ],
                  "uv_size": [
                    0,
                    7
                  ]
                },
                "south": {
                  "uv": [
                    32,
                    14
                  ],
                  "uv_size": [
                    8,
                    7
                  ]
                },
                "west": {
                  "uv": [
                    0,
                    0
                  ],
                  "uv_size": [
                    0,
                    7
                  ]
                },
                "up": {
                  "uv": [
                    0,
                    0
                  ],
                  "uv_size": [
                    8,
                    0
                  ]
                },
                "down": {
                  "uv": [
                    0,
                    0
                  ],
                  "uv_size": [
                    8,
                    0
                  ]
                }
              }
            }
          ]
        },
        {
          "name": "bone39",
          "parent": "bone33",
          "pivot": [
            0,
            -1,
            -3
          ],
          "cubes": [
            {
              "origin": [
                -10,
                -2,
                -4
              ],
              "size": [
                8,
                7,
                0
              ],
              "uv": {
                "north": {
                  "uv": [
                    32,
                    21
                  ],
                  "uv_size": [
                    8,
                    7
                  ]
                },
                "east": {
                  "uv": [
                    0,
                    0
                  ],
                  "uv_size": [
                    0,
                    7
                  ]
                },
                "south": {
                  "uv": [
                    32,
                    28
                  ],
                  "uv_size": [
                    8,
                    7
                  ]
                },
                "west": {
                  "uv": [
                    0,
                    0
                  ],
                  "uv_size": [
                    0,
                    7
                  ]
                },
                "up": {
                  "uv": [
                    0,
                    0
                  ],
                  "uv_size": [
                    8,
                    0
                  ]
                },
                "down": {
                  "uv": [
                    0,
                    0
                  ],
                  "uv_size": [
                    8,
                    0
                  ]
                }
              }
            }
          ]
        },
        {
          "name": "bone36",
          "parent": "bone39",
          "pivot": [
            12,
            0,
            11
          ],
          "cubes": [
            {
              "origin": [
                2,
                -1,
                10
              ],
              "size": [
                8,
                7,
                0
              ],
              "uv": {
                "north": {
                  "uv": [
                    8,
                    26
                  ],
                  "uv_size": [
                    8,
                    7
                  ]
                },
                "east": {
                  "uv": [
                    0,
                    0
                  ],
                  "uv_size": [
                    0,
                    7
                  ]
                },
                "south": {
                  "uv": [
                    16,
                    26
                  ],
                  "uv_size": [
                    8,
                    7
                  ]
                },
                "west": {
                  "uv": [
                    0,
                    0
                  ],
                  "uv_size": [
                    0,
                    7
                  ]
                },
                "up": {
                  "uv": [
                    0,
                    0
                  ],
                  "uv_size": [
                    8,
                    0
                  ]
                },
                "down": {
                  "uv": [
                    0,
                    0
                  ],
                  "uv_size": [
                    8,
                    0
                  ]
                }
              }
            }
          ]
        },
        {
          "name": "bone34",
          "parent": "bone39",
          "pivot": [
            9,
            0,
            11
          ],
          "rotation": [
            0,
            -80,
            0
          ],
          "cubes": [
            {
              "origin": [
                -1,
                -1,
                10
              ],
              "size": [
                8,
                7,
                0
              ],
              "uv": {
                "north": {
                  "uv": [
                    21,
                    12
                  ],
                  "uv_size": [
                    8,
                    7
                  ]
                },
                "east": {
                  "uv": [
                    0,
                    0
                  ],
                  "uv_size": [
                    0,
                    7
                  ]
                },
                "south": {
                  "uv": [
                    0,
                    23
                  ],
                  "uv_size": [
                    8,
                    7
                  ]
                },
                "west": {
                  "uv": [
                    0,
                    0
                  ],
                  "uv_size": [
                    0,
                    7
                  ]
                },
                "up": {
                  "uv": [
                    0,
                    0
                  ],
                  "uv_size": [
                    8,
                    0
                  ]
                },
                "down": {
                  "uv": [
                    0,
                    0
                  ],
                  "uv_size": [
                    8,
                    0
                  ]
                }
              }
            }
          ]
        },
        {
          "name": "bone35",
          "parent": "bone34",
          "pivot": [
            -10,
            0,
            11
          ],
          "rotation": [
            0,
            -87.5,
            0
          ],
          "cubes": [
            {
              "origin": [
                -20,
                -1,
                10
              ],
              "size": [
                8,
                7,
                0
              ],
              "uv": {
                "north": {
                  "uv": [
                    24,
                    19
                  ],
                  "uv_size": [
                    8,
                    7
                  ]
                },
                "east": {
                  "uv": [
                    0,
                    0
                  ],
                  "uv_size": [
                    0,
                    7
                  ]
                },
                "south": {
                  "uv": [
                    26,
                    0
                  ],
                  "uv_size": [
                    8,
                    7
                  ]
                },
                "west": {
                  "uv": [
                    0,
                    0
                  ],
                  "uv_size": [
                    0,
                    7
                  ]
                },
                "up": {
                  "uv": [
                    0,
                    0
                  ],
                  "uv_size": [
                    8,
                    0
                  ]
                },
                "down": {
                  "uv": [
                    0,
                    0
                  ],
                  "uv_size": [
                    8,
                    0
                  ]
                }
              }
            }
          ]
        },
        {
          "name": "bone32",
          "parent": "bone37",
          "pivot": [
            0,
            0,
            0
          ],
          "cubes": [
            {
              "origin": [
                -10,
                -1,
                -1
              ],
              "size": [
                8,
                7,
                0
              ],
              "uv": {
                "north": {
                  "uv": [
                    13,
                    12
                  ],
                  "uv_size": [
                    8,
                    7
                  ]
                },
                "east": {
                  "uv": [
                    0,
                    0
                  ],
                  "uv_size": [
                    0,
                    7
                  ]
                },
                "south": {
                  "uv": [
                    0,
                    16
                  ],
                  "uv_size": [
                    8,
                    7
                  ]
                },
                "west": {
                  "uv": [
                    0,
                    0
                  ],
                  "uv_size": [
                    0,
                    7
                  ]
                },
                "up": {
                  "uv": [
                    0,
                    0
                  ],
                  "uv_size": [
                    8,
                    0
                  ]
                },
                "down": {
                  "uv": [
                    0,
                    0
                  ],
                  "uv_size": [
                    8,
                    0
                  ]
                }
              }
            }
          ]
        }
      ]
    }
  ]
}