{
  "format_version": "1.12.0",
  "minecraft:geometry": [
    {
      "description": {
        "identifier": "geometry.pa_pink",
        "texture_width": 64,
        "texture_height": 64,
        "visible_bounds_width": 2,
        "visible_bounds_height": 3.5,
        "visible_bounds_offset": [
          0,
          1.25,
          0
        ]
      },
      "bones": [
        {
          "name": "Leg",
          "pivot": [
            1,
            10,
            0
          ],
          "rotation": [
            0,
            0,
            -2.5
          ],
          "cubes": [
            {
              "origin": [
                -0.2,
                0,
                -1
              ],
              "size": [
                3.4,
                4,
                3
              ],
              "uv": {
                "north": {
                  "uv": [
                    28,
                    0
                  ],
                  "uv_size": [
                    3.375,
                    4
                  ]
                },
                "east": {
                  "uv": [
                    10,
                    34
                  ],
                  "uv_size": [
                    3,
                    4
                  ]
                },
                "south": {
                  "uv": [
                    6,
                    34
                  ],
                  "uv_size": [
                    3.375,
                    4
                  ]
                },
                "west": {
                  "uv": [
                    13,
                    35
                  ],
                  "uv_size": [
                    3,
                    4
                  ]
                },
                "up": {
                  "uv": [
                    36,
                    12
                  ],
                  "uv_size": [
                    3.375,
                    3
                  ]
                },
                "down": {
                  "uv": [
                    36,
                    18
                  ],
                  "uv_size": [
                    3.375,
                    -3
                  ]
                }
              }
            },
            {
              "origin": [
                0,
                4,
                -1
              ],
              "size": [
                3,
                6,
                3
              ],
              "uv": {
                "north": {
                  "uv": [
                    27,
                    23
                  ],
                  "uv_size": [
                    3,
                    6
                  ]
                },
                "east": {
                  "uv": [
                    27,
                    29
                  ],
                  "uv_size": [
                    3,
                    6
                  ]
                },
                "south": {
                  "uv": [
                    30,
                    8
                  ],
                  "uv_size": [
                    3,
                    6
                  ]
                },
                "west": {
                  "uv": [
                    30,
                    14
                  ],
                  "uv_size": [
                    3,
                    6
                  ]
                },
                "up": {
                  "uv": [
                    36,
                    21
                  ],
                  "uv_size": [
                    3,
                    3
                  ]
                },
                "down": {
                  "uv": [
                    36,
                    27
                  ],
                  "uv_size": [
                    3,
                    -3
                  ]
                }
              }
            }
          ]
        },
        {
          "name": "Leg2",
          "pivot": [
            -1,
            10,
            0
          ],
          "rotation": [
            0.08663,
            0.23564,
            2.48754
          ],
          "cubes": [
            {
              "origin": [
                -3.2,
                0,
                -1
              ],
              "size": [
                3.4,
                4,
                3
              ],
              "uv": {
                "north": {
                  "uv": [
                    35,
                    0
                  ],
                  "uv_size": [
                    3.375,
                    4
                  ]
                },
                "east": {
                  "uv": [
                    25,
                    35
                  ],
                  "uv_size": [
                    3,
                    4
                  ]
                },
                "south": {
                  "uv": [
                    35,
                    4
                  ],
                  "uv_size": [
                    3.375,
                    4
                  ]
                },
                "west": {
                  "uv": [
                    36,
                    8
                  ],
                  "uv_size": [
                    3,
                    4
                  ]
                },
                "up": {
                  "uv": [
                    16,
                    36
                  ],
                  "uv_size": [
                    3.375,
                    3
                  ]
                },
                "down": {
                  "uv": [
                    36,
                    21
                  ],
                  "uv_size": [
                    3.375,
                    -3
                  ]
                }
              }
            },
            {
              "origin": [
                -3,
                4,
                -1
              ],
              "size": [
                3,
                6,
                3
              ],
              "uv": {
                "north": {
                  "uv": [
                    16,
                    30
                  ],
                  "uv_size": [
                    3,
                    6
                  ]
                },
                "east": {
                  "uv": [
                    19,
                    30
                  ],
                  "uv_size": [
                    3,
                    6
                  ]
                },
                "south": {
                  "uv": [
                    30,
                    20
                  ],
                  "uv_size": [
                    3,
                    6
                  ]
                },
                "west": {
                  "uv": [
                    30,
                    26
                  ],
                  "uv_size": [
                    3,
                    6
                  ]
                },
                "up": {
                  "uv": [
                    36,
                    27
                  ],
                  "uv_size": [
                    3,
                    3
                  ]
                },
                "down": {
                  "uv": [
                    36,
                    33
                  ],
                  "uv_size": [
                    3,
                    -3
                  ]
                }
              }
            }
          ]
        },
        {
          "name": "Torso",
          "pivot": [
            0,
            10,
            0
          ],
          "rotation": [
            10,
            0,
            0
          ],
          "cubes": [
            {
              "origin": [
                -3.5,
                10,
                -2
              ],
              "size": [
                7,
                7,
                5
              ],
              "uv": {
                "north": {
                  "uv": [
                    0,
                    0
                  ],
                  "uv_size": [
                    7,
                    7
                  ]
                },
                "east": {
                  "uv": [
                    20,
                    6
                  ],
                  "uv_size": [
                    5,
                    7
                  ]
                },
                "south": {
                  "uv": [
                    0,
                    7
                  ],
                  "uv_size": [
                    7,
                    7
                  ]
                },
                "west": {
                  "uv": [
                    13,
                    20
                  ],
                  "uv_size": [
                    5,
                    7
                  ]
                },
                "up": {
                  "uv": [
                    20,
                    13
                  ],
                  "uv_size": [
                    7,
                    5
                  ]
                },
                "down": {
                  "uv": [
                    18,
                    25
                  ],
                  "uv_size": [
                    7,
                    -5
                  ]
                }
              }
            },
            {
              "origin": [
                -3.5,
                17,
                -1
              ],
              "size": [
                7,
                6,
                4
              ],
              "pivot": [
                0,
                0,
                0
              ],
              "rotation": [
                2.5,
                0,
                0
              ],
              "uv": {
                "north": {
                  "uv": [
                    0,
                    14
                  ],
                  "uv_size": [
                    7,
                    6
                  ]
                },
                "east": {
                  "uv": [
                    23,
                    25
                  ],
                  "uv_size": [
                    4,
                    6
                  ]
                },
                "south": {
                  "uv": [
                    14,
                    0
                  ],
                  "uv_size": [
                    7,
                    6
                  ]
                },
                "west": {
                  "uv": [
                    0,
                    26
                  ],
                  "uv_size": [
                    4,
                    6
                  ]
                },
                "up": {
                  "uv": [
                    21,
                    0
                  ],
                  "uv_size": [
                    7,
                    4
                  ]
                },
                "down": {
                  "uv": [
                    25,
                    8
                  ],
                  "uv_size": [
                    7,
                    -4
                  ]
                }
              }
            }
          ]
        },
        {
          "name": "Head",
          "parent": "Torso",
          "pivot": [
            0,
            23,
            0
          ],
          "rotation": [
            7.89586,
            -2.24147,
            7.449
          ],
          "cubes": [
            {
              "origin": [
                -3.3,
                23.01618,
                -2.74153
              ],
              "size": [
                6.6,
                7,
                6
              ],
              "uv": {
                "north": {
                  "uv": [
                    7,
                    0
                  ],
                  "uv_size": [
                    6.625,
                    7
                  ]
                },
                "east": {
                  "uv": [
                    14,
                    6
                  ],
                  "uv_size": [
                    6,
                    7
                  ]
                },
                "south": {
                  "uv": [
                    7,
                    7
                  ],
                  "uv_size": [
                    6.625,
                    7
                  ]
                },
                "west": {
                  "uv": [
                    7,
                    14
                  ],
                  "uv_size": [
                    6,
                    7
                  ]
                },
                "up": {
                  "uv": [
                    13,
                    14
                  ],
                  "uv_size": [
                    6.625,
                    6
                  ]
                },
                "down": {
                  "uv": [
                    0,
                    26
                  ],
                  "uv_size": [
                    6.625,
                    -6
                  ]
                }
              }
            }
          ]
        },
        {
          "name": "bone",
          "parent": "Head",
          "pivot": [
            2,
            30,
            0
          ],
          "rotation": [
            -62.34941,
            0.85481,
            19.98247
          ],
          "cubes": [
            {
              "origin": [
                0.48331,
                28.66496,
                -1.92752
              ],
              "size": [
                2,
                2,
                2
              ],
              "uv": {
                "north": {
                  "uv": [
                    20,
                    18
                  ],
                  "uv_size": [
                    2,
                    2
                  ]
                },
                "east": {
                  "uv": [
                    21,
                    4
                  ],
                  "uv_size": [
                    2,
                    2
                  ]
                },
                "south": {
                  "uv": [
                    22,
                    18
                  ],
                  "uv_size": [
                    2,
                    2
                  ]
                },
                "west": {
                  "uv": [
                    23,
                    4
                  ],
                  "uv_size": [
                    2,
                    2
                  ]
                },
                "up": {
                  "uv": [
                    25,
                    23
                  ],
                  "uv_size": [
                    2,
                    2
                  ]
                },
                "down": {
                  "uv": [
                    16,
                    29
                  ],
                  "uv_size": [
                    2,
                    -2
                  ]
                }
              }
            },
            {
              "origin": [
                -2.51669,
                30.16496,
                -0.92752
              ],
              "size": [
                3,
                1,
                1
              ],
              "pivot": [
                0.48331,
                29.66496,
                -0.92752
              ],
              "rotation": [
                0,
                0,
                30
              ],
              "uv": {
                "north": {
                  "uv": [
                    36,
                    33
                  ],
                  "uv_size": [
                    3,
                    3
                  ]
                },
                "east": {
                  "uv": [
                    12,
                    21
                  ],
                  "uv_size": [
                    1,
                    3
                  ]
                },
                "south": {
                  "uv": [
                    36,
                    36
                  ],
                  "uv_size": [
                    3,
                    3
                  ]
                },
                "west": {
                  "uv": [
                    25,
                    31
                  ],
                  "uv_size": [
                    1,
                    3
                  ]
                },
                "up": {
                  "uv": [
                    14,
                    13
                  ],
                  "uv_size": [
                    3,
                    1
                  ]
                },
                "down": {
                  "uv": [
                    17,
                    14
                  ],
                  "uv_size": [
                    3,
                    -1
                  ]
                }
              }
            },
            {
              "origin": [
                3.48331,
                35.16496,
                -0.92752
              ],
              "size": [
                3,
                1,
                1
              ],
              "pivot": [
                12.48331,
                29.66496,
                -0.92752
              ],
              "rotation": [
                0,
                0,
                -30
              ],
              "uv": {
                "north": {
                  "uv": [
                    39,
                    33
                  ],
                  "uv_size": [
                    -3,
                    3
                  ]
                },
                "east": {
                  "uv": [
                    26,
                    31
                  ],
                  "uv_size": [
                    -1,
                    3
                  ]
                },
                "south": {
                  "uv": [
                    39,
                    36
                  ],
                  "uv_size": [
                    -3,
                    3
                  ]
                },
                "west": {
                  "uv": [
                    13,
                    21
                  ],
                  "uv_size": [
                    -1,
                    3
                  ]
                },
                "up": {
                  "uv": [
                    17,
                    13
                  ],
                  "uv_size": [
                    -3,
                    1
                  ]
                },
                "down": {
                  "uv": [
                    20,
                    14
                  ],
                  "uv_size": [
                    -3,
                    -1
                  ]
                }
              }
            },
            {
              "origin": [
                -2.51669,
                28.16496,
                -0.92752
              ],
              "size": [
                3,
                1,
                1
              ],
              "pivot": [
                0.48331,
                29.66496,
                -0.92752
              ],
              "rotation": [
                0,
                0,
                -27.5
              ],
              "uv": {
                "north": {
                  "uv": [
                    36,
                    33
                  ],
                  "uv_size": [
                    3,
                    3
                  ]
                },
                "east": {
                  "uv": [
                    12,
                    21
                  ],
                  "uv_size": [
                    1,
                    3
                  ]
                },
                "south": {
                  "uv": [
                    36,
                    36
                  ],
                  "uv_size": [
                    3,
                    3
                  ]
                },
                "west": {
                  "uv": [
                    25,
                    31
                  ],
                  "uv_size": [
                    1,
                    3
                  ]
                },
                "up": {
                  "uv": [
                    14,
                    13
                  ],
                  "uv_size": [
                    3,
                    1
                  ]
                },
                "down": {
                  "uv": [
                    17,
                    14
                  ],
                  "uv_size": [
                    3,
                    -1
                  ]
                }
              }
            },
            {
              "origin": [
                3.48331,
                24.16496,
                -0.92752
              ],
              "size": [
                3,
                1,
                1
              ],
              "pivot": [
                12.48331,
                29.66496,
                -0.92752
              ],
              "rotation": [
                0,
                0,
                27.5
              ],
              "uv": {
                "north": {
                  "uv": [
                    39,
                    33
                  ],
                  "uv_size": [
                    -3,
                    3
                  ]
                },
                "east": {
                  "uv": [
                    26,
                    31
                  ],
                  "uv_size": [
                    -1,
                    3
                  ]
                },
                "south": {
                  "uv": [
                    39,
                    36
                  ],
                  "uv_size": [
                    -3,
                    3
                  ]
                },
                "west": {
                  "uv": [
                    13,
                    21
                  ],
                  "uv_size": [
                    -1,
                    3
                  ]
                },
                "up": {
                  "uv": [
                    17,
                    13
                  ],
                  "uv_size": [
                    -3,
                    1
                  ]
                },
                "down": {
                  "uv": [
                    20,
                    14
                  ],
                  "uv_size": [
                    -3,
                    -1
                  ]
                }
              }
            },
            {
              "origin": [
                -2.51669,
                29.16496,
                -0.92752
              ],
              "size": [
                3,
                1,
                1
              ],
              "uv": {
                "north": {
                  "uv": [
                    36,
                    33
                  ],
                  "uv_size": [
                    3,
                    3
                  ]
                },
                "east": {
                  "uv": [
                    12,
                    21
                  ],
                  "uv_size": [
                    1,
                    3
                  ]
                },
                "south": {
                  "uv": [
                    36,
                    36
                  ],
                  "uv_size": [
                    3,
                    3
                  ]
                },
                "west": {
                  "uv": [
                    25,
                    31
                  ],
                  "uv_size": [
                    1,
                    3
                  ]
                },
                "up": {
                  "uv": [
                    14,
                    13
                  ],
                  "uv_size": [
                    3,
                    1
                  ]
                },
                "down": {
                  "uv": [
                    17,
                    14
                  ],
                  "uv_size": [
                    3,
                    -1
                  ]
                }
              }
            },
            {
              "origin": [
                2.48331,
                29.16496,
                -0.92752
              ],
              "size": [
                3,
                1,
                1
              ],
              "uv": {
                "north": {
                  "uv": [
                    39,
                    33
                  ],
                  "uv_size": [
                    -3,
                    3
                  ]
                },
                "east": {
                  "uv": [
                    26,
                    31
                  ],
                  "uv_size": [
                    -1,
                    3
                  ]
                },
                "south": {
                  "uv": [
                    39,
                    36
                  ],
                  "uv_size": [
                    -3,
                    3
                  ]
                },
                "west": {
                  "uv": [
                    13,
                    21
                  ],
                  "uv_size": [
                    -1,
                    3
                  ]
                },
                "up": {
                  "uv": [
                    17,
                    13
                  ],
                  "uv_size": [
                    -3,
                    1
                  ]
                },
                "down": {
                  "uv": [
                    20,
                    14
                  ],
                  "uv_size": [
                    -3,
                    -1
                  ]
                }
              }
            },
            {
              "origin": [
                -2.51669,
                28.16496,
                0.07248
              ],
              "size": [
                3,
                3,
                1
              ],
              "uv": {
                "north": {
                  "uv": [
                    36,
                    33
                  ],
                  "uv_size": [
                    3,
                    3
                  ]
                },
                "east": {
                  "uv": [
                    12,
                    21
                  ],
                  "uv_size": [
                    1,
                    3
                  ]
                },
                "south": {
                  "uv": [
                    36,
                    36
                  ],
                  "uv_size": [
                    3,
                    3
                  ]
                },
                "west": {
                  "uv": [
                    25,
                    31
                  ],
                  "uv_size": [
                    1,
                    3
                  ]
                },
                "up": {
                  "uv": [
                    14,
                    13
                  ],
                  "uv_size": [
                    3,
                    1
                  ]
                },
                "down": {
                  "uv": [
                    17,
                    14
                  ],
                  "uv_size": [
                    3,
                    -1
                  ]
                }
              }
            },
            {
              "origin": [
                1.48331,
                28.16496,
                -0.42752
              ],
              "size": [
                3,
                3,
                1
              ],
              "uv": {
                "north": {
                  "uv": [
                    36,
                    33
                  ],
                  "uv_size": [
                    3,
                    3
                  ]
                },
                "east": {
                  "uv": [
                    12,
                    21
                  ],
                  "uv_size": [
                    1,
                    3
                  ]
                },
                "south": {
                  "uv": [
                    36,
                    36
                  ],
                  "uv_size": [
                    3,
                    3
                  ]
                },
                "west": {
                  "uv": [
                    25,
                    31
                  ],
                  "uv_size": [
                    1,
                    3
                  ]
                },
                "up": {
                  "uv": [
                    14,
                    13
                  ],
                  "uv_size": [
                    3,
                    1
                  ]
                },
                "down": {
                  "uv": [
                    17,
                    14
                  ],
                  "uv_size": [
                    3,
                    -1
                  ]
                }
              }
            }
          ]
        },
        {
          "name": "Arm",
          "parent": "Torso",
          "pivot": [
            3,
            23,
            0
          ],
          "rotation": [
            -9.99067,
            -0.43399,
            -2.46207
          ],
          "cubes": [
            {
              "origin": [
                3.4,
                15,
                -1
              ],
              "size": [
                2.3,
                8,
                3
              ],
              "uv": {
                "north": {
                  "uv": [
                    22,
                    31
                  ],
                  "uv_size": [
                    2.25,
                    8
                  ]
                },
                "east": {
                  "uv": [
                    4,
                    26
                  ],
                  "uv_size": [
                    3,
                    8
                  ]
                },
                "south": {
                  "uv": [
                    0,
                    32
                  ],
                  "uv_size": [
                    2.25,
                    8
                  ]
                },
                "west": {
                  "uv": [
                    7,
                    26
                  ],
                  "uv_size": [
                    3,
                    8
                  ]
                },
                "up": {
                  "uv": [
                    33,
                    38
                  ],
                  "uv_size": [
                    2.25,
                    3
                  ]
                },
                "down": {
                  "uv": [
                    39,
                    3
                  ],
                  "uv_size": [
                    2.25,
                    -3
                  ]
                }
              }
            },
            {
              "origin": [
                3.5,
                10,
                -2
              ],
              "size": [
                3,
                5,
                5
              ],
              "uv": {
                "north": {
                  "uv": [
                    27,
                    13
                  ],
                  "uv_size": [
                    3,
                    5
                  ]
                },
                "east": {
                  "uv": [
                    7,
                    21
                  ],
                  "uv_size": [
                    5,
                    5
                  ]
                },
                "south": {
                  "uv": [
                    33,
                    8
                  ],
                  "uv_size": [
                    3,
                    5
                  ]
                },
                "west": {
                  "uv": [
                    25,
                    8
                  ],
                  "uv_size": [
                    5,
                    5
                  ]
                },
                "up": {
                  "uv": [
                    33,
                    13
                  ],
                  "uv_size": [
                    3,
                    5
                  ]
                },
                "down": {
                  "uv": [
                    33,
                    23
                  ],
                  "uv_size": [
                    3,
                    -5
                  ]
                }
              }
            }
          ]
        },
        {
          "name": "Arm2",
          "parent": "Torso",
          "pivot": [
            -1,
            23,
            0
          ],
          "rotation": [
            -10,
            0,
            0
          ],
          "cubes": [
            {
              "origin": [
                -5.7,
                15,
                -1
              ],
              "size": [
                2.3,
                8,
                3
              ],
              "uv": {
                "north": {
                  "uv": [
                    32,
                    0
                  ],
                  "uv_size": [
                    2.25,
                    8
                  ]
                },
                "east": {
                  "uv": [
                    10,
                    26
                  ],
                  "uv_size": [
                    3,
                    8
                  ]
                },
                "south": {
                  "uv": [
                    30,
                    32
                  ],
                  "uv_size": [
                    2.25,
                    8
                  ]
                },
                "west": {
                  "uv": [
                    13,
                    27
                  ],
                  "uv_size": [
                    3,
                    8
                  ]
                },
                "up": {
                  "uv": [
                    3,
                    39
                  ],
                  "uv_size": [
                    2.25,
                    3
                  ]
                },
                "down": {
                  "uv": [
                    39,
                    6
                  ],
                  "uv_size": [
                    2.25,
                    -3
                  ]
                }
              }
            },
            {
              "origin": [
                -6.5,
                10,
                -2
              ],
              "size": [
                3,
                5,
                5
              ],
              "uv": {
                "north": {
                  "uv": [
                    33,
                    23
                  ],
                  "uv_size": [
                    3,
                    5
                  ]
                },
                "east": {
                  "uv": [
                    18,
                    25
                  ],
                  "uv_size": [
                    5,
                    5
                  ]
                },
                "south": {
                  "uv": [
                    33,
                    28
                  ],
                  "uv_size": [
                    3,
                    5
                  ]
                },
                "west": {
                  "uv": [
                    25,
                    18
                  ],
                  "uv_size": [
                    5,
                    5
                  ]
                },
                "up": {
                  "uv": [
                    33,
                    33
                  ],
                  "uv_size": [
                    3,
                    5
                  ]
                },
                "down": {
                  "uv": [
                    3,
                    39
                  ],
                  "uv_size": [
                    3,
                    -5
                  ]
                }
              }
            }
          ]
        }
      ]
    }
  ]
}