{
  "format_version": "1.12.0",
  "minecraft:geometry": [
    {
      "description": {
        "identifier": "geometry.pa_rainbow_weel",
        "texture_width": 64,
        "texture_height": 64,
        "visible_bounds_width": 4,
        "visible_bounds_height": 3.5,
        "visible_bounds_offset": [
          0,
          1.25,
          0
        ]
      },
      "bones": [
        {
          "name": "bone",
          "pivot": [
            -3,
            0,
            -3
          ],
          "cubes": [
            {
              "origin": [
                -10,
                0,
                -3
              ],
              "size": [
                1,
                22,
                1
              ],
              "pivot": [
                -10,
                0,
                -3
              ],
              "rotation": [
                0,
                0,
                22.5
              ],
              "uv": {
                "north": {
                  "uv": [
                    6,
                    0
                  ],
                  "uv_size": [
                    1,
                    22
                  ]
                },
                "east": {
                  "uv": [
                    7,
                    0
                  ],
                  "uv_size": [
                    1,
                    22
                  ]
                },
                "south": {
                  "uv": [
                    8,
                    0
                  ],
                  "uv_size": [
                    1,
                    22
                  ]
                },
                "west": {
                  "uv": [
                    9,
                    0
                  ],
                  "uv_size": [
                    1,
                    22
                  ]
                },
                "up": {
                  "uv": [
                    35,
                    41
                  ],
                  "uv_size": [
                    1,
                    1
                  ]
                },
                "down": {
                  "uv": [
                    41,
                    36
                  ],
                  "uv_size": [
                    1,
                    -1
                  ]
                }
              }
            },
            {
              "origin": [
                1,
                8,
                -3
              ],
              "size": [
                1,
                9,
                1
              ],
              "pivot": [
                0,
                13,
                -3
              ],
              "rotation": [
                0,
                -12.5,
                90
              ],
              "uv": {
                "north": {
                  "uv": [
                    18,
                    31
                  ],
                  "uv_size": [
                    1,
                    9
                  ]
                },
                "east": {
                  "uv": [
                    19,
                    31
                  ],
                  "uv_size": [
                    1,
                    9
                  ]
                },
                "south": {
                  "uv": [
                    20,
                    31
                  ],
                  "uv_size": [
                    1,
                    9
                  ]
                },
                "west": {
                  "uv": [
                    21,
                    31
                  ],
                  "uv_size": [
                    1,
                    9
                  ]
                },
                "up": {
                  "uv": [
                    42,
                    37
                  ],
                  "uv_size": [
                    1,
                    1
                  ]
                },
                "down": {
                  "uv": [
                    38,
                    43
                  ],
                  "uv_size": [
                    1,
                    -1
                  ]
                }
              }
            },
            {
              "origin": [
                2,
                8,
                0
              ],
              "size": [
                1,
                9,
                1
              ],
              "pivot": [
                0,
                13,
                -3
              ],
              "rotation": [
                0,
                -12.5,
                90
              ],
              "uv": {
                "north": {
                  "uv": [
                    22,
                    31
                  ],
                  "uv_size": [
                    1,
                    9
                  ]
                },
                "east": {
                  "uv": [
                    23,
                    31
                  ],
                  "uv_size": [
                    1,
                    9
                  ]
                },
                "south": {
                  "uv": [
                    24,
                    31
                  ],
                  "uv_size": [
                    1,
                    9
                  ]
                },
                "west": {
                  "uv": [
                    25,
                    31
                  ],
                  "uv_size": [
                    1,
                    9
                  ]
                },
                "up": {
                  "uv": [
                    42,
                    38
                  ],
                  "uv_size": [
                    1,
                    1
                  ]
                },
                "down": {
                  "uv": [
                    39,
                    43
                  ],
                  "uv_size": [
                    1,
                    -1
                  ]
                }
              }
            },
            {
              "origin": [
                -10,
                0,
                -4
              ],
              "size": [
                3,
                1,
                3
              ],
              "uv": {
                "north": {
                  "uv": [
                    41,
                    22
                  ],
                  "uv_size": [
                    3,
                    1
                  ]
                },
                "east": {
                  "uv": [
                    41,
                    23
                  ],
                  "uv_size": [
                    3,
                    1
                  ]
                },
                "south": {
                  "uv": [
                    41,
                    24
                  ],
                  "uv_size": [
                    3,
                    1
                  ]
                },
                "west": {
                  "uv": [
                    41,
                    25
                  ],
                  "uv_size": [
                    3,
                    1
                  ]
                },
                "up": {
                  "uv": [
                    31,
                    4
                  ],
                  "uv_size": [
                    3,
                    3
                  ]
                },
                "down": {
                  "uv": [
                    6,
                    34
                  ],
                  "uv_size": [
                    3,
                    -3
                  ]
                }
              }
            }
          ]
        },
        {
          "name": "bone4",
          "parent": "bone",
          "pivot": [
            -3,
            0,
            1
          ]
        },
        {
          "name": "bone37",
          "parent": "bone",
          "pivot": [
            3,
            0,
            -3
          ],
          "cubes": [
            {
              "origin": [
                9,
                0,
                -3
              ],
              "size": [
                1,
                22,
                1
              ],
              "pivot": [
                10,
                0,
                -3
              ],
              "rotation": [
                0,
                0,
                -25
              ],
              "uv": {
                "north": {
                  "uv": [
                    10,
                    0
                  ],
                  "uv_size": [
                    1,
                    22
                  ]
                },
                "east": {
                  "uv": [
                    11,
                    0
                  ],
                  "uv_size": [
                    1,
                    22
                  ]
                },
                "south": {
                  "uv": [
                    0,
                    12
                  ],
                  "uv_size": [
                    1,
                    22
                  ]
                },
                "west": {
                  "uv": [
                    12,
                    0
                  ],
                  "uv_size": [
                    1,
                    22
                  ]
                },
                "up": {
                  "uv": [
                    34,
                    42
                  ],
                  "uv_size": [
                    1,
                    1
                  ]
                },
                "down": {
                  "uv": [
                    35,
                    43
                  ],
                  "uv_size": [
                    1,
                    -1
                  ]
                }
              }
            },
            {
              "origin": [
                7,
                0,
                -4
              ],
              "size": [
                3,
                1,
                3
              ],
              "uv": {
                "north": {
                  "uv": [
                    26,
                    41
                  ],
                  "uv_size": [
                    3,
                    1
                  ]
                },
                "east": {
                  "uv": [
                    41,
                    26
                  ],
                  "uv_size": [
                    3,
                    1
                  ]
                },
                "south": {
                  "uv": [
                    41,
                    27
                  ],
                  "uv_size": [
                    3,
                    1
                  ]
                },
                "west": {
                  "uv": [
                    41,
                    28
                  ],
                  "uv_size": [
                    3,
                    1
                  ]
                },
                "up": {
                  "uv": [
                    31,
                    7
                  ],
                  "uv_size": [
                    3,
                    3
                  ]
                },
                "down": {
                  "uv": [
                    9,
                    34
                  ],
                  "uv_size": [
                    3,
                    -3
                  ]
                }
              }
            }
          ]
        },
        {
          "name": "bone38",
          "parent": "bone37",
          "pivot": [
            3,
            0,
            1
          ]
        },
        {
          "name": "bone39",
          "parent": "bone",
          "pivot": [
            -3,
            0,
            1
          ],
          "cubes": [
            {
              "origin": [
                -10,
                0,
                1
              ],
              "size": [
                1,
                22,
                1
              ],
              "pivot": [
                -10,
                0,
                1
              ],
              "rotation": [
                0,
                0,
                22.5
              ],
              "uv": {
                "north": {
                  "uv": [
                    1,
                    12
                  ],
                  "uv_size": [
                    1,
                    22
                  ]
                },
                "east": {
                  "uv": [
                    2,
                    12
                  ],
                  "uv_size": [
                    1,
                    22
                  ]
                },
                "south": {
                  "uv": [
                    3,
                    12
                  ],
                  "uv_size": [
                    1,
                    22
                  ]
                },
                "west": {
                  "uv": [
                    4,
                    12
                  ],
                  "uv_size": [
                    1,
                    22
                  ]
                },
                "up": {
                  "uv": [
                    42,
                    35
                  ],
                  "uv_size": [
                    1,
                    1
                  ]
                },
                "down": {
                  "uv": [
                    36,
                    43
                  ],
                  "uv_size": [
                    1,
                    -1
                  ]
                }
              }
            },
            {
              "origin": [
                -10,
                0,
                0
              ],
              "size": [
                3,
                1,
                3
              ],
              "uv": {
                "north": {
                  "uv": [
                    29,
                    41
                  ],
                  "uv_size": [
                    3,
                    1
                  ]
                },
                "east": {
                  "uv": [
                    41,
                    29
                  ],
                  "uv_size": [
                    3,
                    1
                  ]
                },
                "south": {
                  "uv": [
                    41,
                    30
                  ],
                  "uv_size": [
                    3,
                    1
                  ]
                },
                "west": {
                  "uv": [
                    41,
                    31
                  ],
                  "uv_size": [
                    3,
                    1
                  ]
                },
                "up": {
                  "uv": [
                    31,
                    10
                  ],
                  "uv_size": [
                    3,
                    3
                  ]
                },
                "down": {
                  "uv": [
                    12,
                    34
                  ],
                  "uv_size": [
                    3,
                    -3
                  ]
                }
              }
            }
          ]
        },
        {
          "name": "bone40",
          "parent": "bone39",
          "pivot": [
            -3,
            0,
            5
          ]
        },
        {
          "name": "bone41",
          "parent": "bone39",
          "pivot": [
            3,
            0,
            1
          ],
          "cubes": [
            {
              "origin": [
                9,
                0,
                1
              ],
              "size": [
                1,
                22,
                1
              ],
              "pivot": [
                10,
                0,
                1
              ],
              "rotation": [
                0,
                0,
                -25
              ],
              "uv": {
                "north": {
                  "uv": [
                    5,
                    12
                  ],
                  "uv_size": [
                    1,
                    22
                  ]
                },
                "east": {
                  "uv": [
                    13,
                    0
                  ],
                  "uv_size": [
                    1,
                    22
                  ]
                },
                "south": {
                  "uv": [
                    14,
                    0
                  ],
                  "uv_size": [
                    1,
                    22
                  ]
                },
                "west": {
                  "uv": [
                    15,
                    0
                  ],
                  "uv_size": [
                    1,
                    22
                  ]
                },
                "up": {
                  "uv": [
                    42,
                    36
                  ],
                  "uv_size": [
                    1,
                    1
                  ]
                },
                "down": {
                  "uv": [
                    37,
                    43
                  ],
                  "uv_size": [
                    1,
                    -1
                  ]
                }
              }
            },
            {
              "origin": [
                7,
                0,
                0
              ],
              "size": [
                3,
                1,
                3
              ],
              "uv": {
                "north": {
                  "uv": [
                    32,
                    41
                  ],
                  "uv_size": [
                    3,
                    1
                  ]
                },
                "east": {
                  "uv": [
                    41,
                    32
                  ],
                  "uv_size": [
                    3,
                    1
                  ]
                },
                "south": {
                  "uv": [
                    41,
                    33
                  ],
                  "uv_size": [
                    3,
                    1
                  ]
                },
                "west": {
                  "uv": [
                    41,
                    34
                  ],
                  "uv_size": [
                    3,
                    1
                  ]
                },
                "up": {
                  "uv": [
                    31,
                    13
                  ],
                  "uv_size": [
                    3,
                    3
                  ]
                },
                "down": {
                  "uv": [
                    15,
                    34
                  ],
                  "uv_size": [
                    3,
                    -3
                  ]
                }
              }
            }
          ]
        },
        {
          "name": "bone42",
          "parent": "bone41",
          "pivot": [
            3,
            0,
            5
          ]
        },
        {
          "name": "bone2",
          "pivot": [
            -7,
            7,
            -2
          ],
          "cubes": [
            {
              "origin": [
                -3.9,
                16,
                -3.1
              ],
              "size": [
                6,
                6,
                0
              ],
              "uv": {
                "north": {
                  "uv": [
                    0,
                    0
                  ],
                  "uv_size": [
                    6,
                    6
                  ]
                },
                "east": {
                  "uv": [
                    0,
                    0
                  ],
                  "uv_size": [
                    0,
                    6
                  ]
                },
                "south": {
                  "uv": [
                    0,
                    6
                  ],
                  "uv_size": [
                    6,
                    6
                  ]
                },
                "west": {
                  "uv": [
                    0,
                    0
                  ],
                  "uv_size": [
                    0,
                    6
                  ]
                },
                "up": {
                  "uv": [
                    0,
                    0
                  ],
                  "uv_size": [
                    6,
                    0
                  ]
                },
                "down": {
                  "uv": [
                    0,
                    0
                  ],
                  "uv_size": [
                    6,
                    0
                  ]
                }
              }
            }
          ]
        },
        {
          "name": "bone3",
          "pivot": [
            -1,
            19,
            0
          ],
          "cubes": [
            {
              "origin": [
                -16,
                19,
                -1
              ],
              "size": [
                15,
                1,
                1
              ],
              "uv": {
                "north": {
                  "uv": [
                    16,
                    0
                  ],
                  "uv_size": [
                    15,
                    1
                  ]
                },
                "east": {
                  "uv": [
                    41,
                    36
                  ],
                  "uv_size": [
                    1,
                    1
                  ]
                },
                "south": {
                  "uv": [
                    16,
                    1
                  ],
                  "uv_size": [
                    15,
                    1
                  ]
                },
                "west": {
                  "uv": [
                    41,
                    37
                  ],
                  "uv_size": [
                    1,
                    1
                  ]
                },
                "up": {
                  "uv": [
                    16,
                    2
                  ],
                  "uv_size": [
                    15,
                    1
                  ]
                },
                "down": {
                  "uv": [
                    16,
                    4
                  ],
                  "uv_size": [
                    15,
                    -1
                  ]
                }
              }
            }
          ]
        },
        {
          "name": "bone6",
          "parent": "bone3",
          "pivot": [
            -13,
            20,
            0
          ],
          "rotation": [
            0,
            5,
            0
          ],
          "cubes": [
            {
              "origin": [
                -18,
                13,
                -1
              ],
              "size": [
                1,
                6,
                1
              ],
              "pivot": [
                -1,
                6,
                0
              ],
              "rotation": [
                0,
                0,
                25
              ],
              "uv": {
                "north": {
                  "uv": [
                    31,
                    16
                  ],
                  "uv_size": [
                    1,
                    6
                  ]
                },
                "east": {
                  "uv": [
                    30,
                    31
                  ],
                  "uv_size": [
                    1,
                    6
                  ]
                },
                "south": {
                  "uv": [
                    31,
                    31
                  ],
                  "uv_size": [
                    1,
                    6
                  ]
                },
                "west": {
                  "uv": [
                    32,
                    16
                  ],
                  "uv_size": [
                    1,
                    6
                  ]
                },
                "up": {
                  "uv": [
                    41,
                    38
                  ],
                  "uv_size": [
                    1,
                    1
                  ]
                },
                "down": {
                  "uv": [
                    41,
                    40
                  ],
                  "uv_size": [
                    1,
                    -1
                  ]
                }
              }
            }
          ]
        },
        {
          "name": "bone5",
          "parent": "bone3",
          "pivot": [
            -3,
            14,
            0
          ],
          "cubes": [
            {
              "origin": [
                -18,
                18.5,
                -1
              ],
              "size": [
                2,
                2,
                2
              ],
              "uv": {
                "north": {
                  "uv": [
                    37,
                    10
                  ],
                  "uv_size": [
                    2,
                    2
                  ]
                },
                "east": {
                  "uv": [
                    37,
                    12
                  ],
                  "uv_size": [
                    2,
                    2
                  ]
                },
                "south": {
                  "uv": [
                    37,
                    14
                  ],
                  "uv_size": [
                    2,
                    2
                  ]
                },
                "west": {
                  "uv": [
                    37,
                    16
                  ],
                  "uv_size": [
                    2,
                    2
                  ]
                },
                "up": {
                  "uv": [
                    37,
                    18
                  ],
                  "uv_size": [
                    2,
                    2
                  ]
                },
                "down": {
                  "uv": [
                    37,
                    22
                  ],
                  "uv_size": [
                    2,
                    -2
                  ]
                }
              }
            }
          ]
        },
        {
          "name": "bone7",
          "parent": "bone3",
          "pivot": [
            -1,
            19,
            0
          ],
          "rotation": [
            0,
            0,
            30
          ],
          "cubes": [
            {
              "origin": [
                -16,
                19,
                -1
              ],
              "size": [
                15,
                1,
                1
              ],
              "uv": {
                "north": {
                  "uv": [
                    16,
                    4
                  ],
                  "uv_size": [
                    15,
                    1
                  ]
                },
                "east": {
                  "uv": [
                    0,
                    42
                  ],
                  "uv_size": [
                    1,
                    1
                  ]
                },
                "south": {
                  "uv": [
                    16,
                    5
                  ],
                  "uv_size": [
                    15,
                    1
                  ]
                },
                "west": {
                  "uv": [
                    1,
                    42
                  ],
                  "uv_size": [
                    1,
                    1
                  ]
                },
                "up": {
                  "uv": [
                    16,
                    6
                  ],
                  "uv_size": [
                    15,
                    1
                  ]
                },
                "down": {
                  "uv": [
                    16,
                    8
                  ],
                  "uv_size": [
                    15,
                    -1
                  ]
                }
              }
            }
          ]
        },
        {
          "name": "bone8",
          "parent": "bone7",
          "pivot": [
            -13,
            20,
            0
          ],
          "rotation": [
            0,
            5,
            0
          ],
          "cubes": [
            {
              "origin": [
                -17,
                15,
                -1
              ],
              "size": [
                1,
                6,
                1
              ],
              "pivot": [
                -1,
                6,
                0
              ],
              "rotation": [
                0,
                0,
                20
              ],
              "uv": {
                "north": {
                  "uv": [
                    32,
                    31
                  ],
                  "uv_size": [
                    1,
                    6
                  ]
                },
                "east": {
                  "uv": [
                    33,
                    16
                  ],
                  "uv_size": [
                    1,
                    6
                  ]
                },
                "south": {
                  "uv": [
                    33,
                    31
                  ],
                  "uv_size": [
                    1,
                    6
                  ]
                },
                "west": {
                  "uv": [
                    0,
                    34
                  ],
                  "uv_size": [
                    1,
                    6
                  ]
                },
                "up": {
                  "uv": [
                    2,
                    42
                  ],
                  "uv_size": [
                    1,
                    1
                  ]
                },
                "down": {
                  "uv": [
                    3,
                    43
                  ],
                  "uv_size": [
                    1,
                    -1
                  ]
                }
              }
            }
          ]
        },
        {
          "name": "bone9",
          "parent": "bone7",
          "pivot": [
            -3,
            14,
            0
          ],
          "cubes": [
            {
              "origin": [
                -18,
                18.5,
                -1
              ],
              "size": [
                2,
                2,
                2
              ],
              "uv": {
                "north": {
                  "uv": [
                    37,
                    22
                  ],
                  "uv_size": [
                    2,
                    2
                  ]
                },
                "east": {
                  "uv": [
                    37,
                    24
                  ],
                  "uv_size": [
                    2,
                    2
                  ]
                },
                "south": {
                  "uv": [
                    37,
                    26
                  ],
                  "uv_size": [
                    2,
                    2
                  ]
                },
                "west": {
                  "uv": [
                    37,
                    28
                  ],
                  "uv_size": [
                    2,
                    2
                  ]
                },
                "up": {
                  "uv": [
                    30,
                    37
                  ],
                  "uv_size": [
                    2,
                    2
                  ]
                },
                "down": {
                  "uv": [
                    37,
                    32
                  ],
                  "uv_size": [
                    2,
                    -2
                  ]
                }
              }
            }
          ]
        },
        {
          "name": "bone10",
          "parent": "bone3",
          "pivot": [
            -1,
            19,
            0
          ],
          "rotation": [
            0,
            0,
            60
          ],
          "cubes": [
            {
              "origin": [
                -16,
                19,
                -1
              ],
              "size": [
                15,
                1,
                1
              ],
              "uv": {
                "north": {
                  "uv": [
                    16,
                    8
                  ],
                  "uv_size": [
                    15,
                    1
                  ]
                },
                "east": {
                  "uv": [
                    4,
                    42
                  ],
                  "uv_size": [
                    1,
                    1
                  ]
                },
                "south": {
                  "uv": [
                    16,
                    9
                  ],
                  "uv_size": [
                    15,
                    1
                  ]
                },
                "west": {
                  "uv": [
                    42,
                    4
                  ],
                  "uv_size": [
                    1,
                    1
                  ]
                },
                "up": {
                  "uv": [
                    16,
                    10
                  ],
                  "uv_size": [
                    15,
                    1
                  ]
                },
                "down": {
                  "uv": [
                    16,
                    12
                  ],
                  "uv_size": [
                    15,
                    -1
                  ]
                }
              }
            }
          ]
        },
        {
          "name": "bone11",
          "parent": "bone10",
          "pivot": [
            -13,
            20,
            0
          ],
          "rotation": [
            0,
            5,
            0
          ],
          "cubes": [
            {
              "origin": [
                -18,
                14,
                -1
              ],
              "size": [
                1,
                6,
                1
              ],
              "pivot": [
                -1,
                6,
                0
              ],
              "rotation": [
                0,
                0,
                25
              ],
              "uv": {
                "north": {
                  "uv": [
                    1,
                    34
                  ],
                  "uv_size": [
                    1,
                    6
                  ]
                },
                "east": {
                  "uv": [
                    2,
                    34
                  ],
                  "uv_size": [
                    1,
                    6
                  ]
                },
                "south": {
                  "uv": [
                    3,
                    34
                  ],
                  "uv_size": [
                    1,
                    6
                  ]
                },
                "west": {
                  "uv": [
                    4,
                    34
                  ],
                  "uv_size": [
                    1,
                    6
                  ]
                },
                "up": {
                  "uv": [
                    5,
                    42
                  ],
                  "uv_size": [
                    1,
                    1
                  ]
                },
                "down": {
                  "uv": [
                    42,
                    6
                  ],
                  "uv_size": [
                    1,
                    -1
                  ]
                }
              }
            }
          ]
        },
        {
          "name": "bone12",
          "parent": "bone10",
          "pivot": [
            -3,
            14,
            0
          ],
          "cubes": [
            {
              "origin": [
                -18,
                18.5,
                -1
              ],
              "size": [
                2,
                2,
                2
              ],
              "uv": {
                "north": {
                  "uv": [
                    32,
                    37
                  ],
                  "uv_size": [
                    2,
                    2
                  ]
                },
                "east": {
                  "uv": [
                    37,
                    32
                  ],
                  "uv_size": [
                    2,
                    2
                  ]
                },
                "south": {
                  "uv": [
                    34,
                    37
                  ],
                  "uv_size": [
                    2,
                    2
                  ]
                },
                "west": {
                  "uv": [
                    37,
                    34
                  ],
                  "uv_size": [
                    2,
                    2
                  ]
                },
                "up": {
                  "uv": [
                    37,
                    36
                  ],
                  "uv_size": [
                    2,
                    2
                  ]
                },
                "down": {
                  "uv": [
                    38,
                    6
                  ],
                  "uv_size": [
                    2,
                    -2
                  ]
                }
              }
            }
          ]
        },
        {
          "name": "bone13",
          "parent": "bone3",
          "pivot": [
            -1,
            19,
            0
          ],
          "rotation": [
            0,
            0,
            92.5
          ],
          "cubes": [
            {
              "origin": [
                -16,
                19,
                -1
              ],
              "size": [
                15,
                1,
                1
              ],
              "uv": {
                "north": {
                  "uv": [
                    16,
                    12
                  ],
                  "uv_size": [
                    15,
                    1
                  ]
                },
                "east": {
                  "uv": [
                    6,
                    42
                  ],
                  "uv_size": [
                    1,
                    1
                  ]
                },
                "south": {
                  "uv": [
                    16,
                    13
                  ],
                  "uv_size": [
                    15,
                    1
                  ]
                },
                "west": {
                  "uv": [
                    42,
                    6
                  ],
                  "uv_size": [
                    1,
                    1
                  ]
                },
                "up": {
                  "uv": [
                    16,
                    14
                  ],
                  "uv_size": [
                    15,
                    1
                  ]
                },
                "down": {
                  "uv": [
                    16,
                    16
                  ],
                  "uv_size": [
                    15,
                    -1
                  ]
                }
              }
            }
          ]
        },
        {
          "name": "bone14",
          "parent": "bone13",
          "pivot": [
            -13,
            20,
            0
          ],
          "rotation": [
            0,
            5,
            0
          ],
          "cubes": [
            {
              "origin": [
                -17,
                15,
                -1
              ],
              "size": [
                1,
                6,
                1
              ],
              "pivot": [
                -1,
                6,
                0
              ],
              "rotation": [
                0,
                0,
                20
              ],
              "uv": {
                "north": {
                  "uv": [
                    34,
                    4
                  ],
                  "uv_size": [
                    1,
                    6
                  ]
                },
                "east": {
                  "uv": [
                    5,
                    34
                  ],
                  "uv_size": [
                    1,
                    6
                  ]
                },
                "south": {
                  "uv": [
                    6,
                    34
                  ],
                  "uv_size": [
                    1,
                    6
                  ]
                },
                "west": {
                  "uv": [
                    7,
                    34
                  ],
                  "uv_size": [
                    1,
                    6
                  ]
                },
                "up": {
                  "uv": [
                    7,
                    42
                  ],
                  "uv_size": [
                    1,
                    1
                  ]
                },
                "down": {
                  "uv": [
                    42,
                    8
                  ],
                  "uv_size": [
                    1,
                    -1
                  ]
                }
              }
            }
          ]
        },
        {
          "name": "bone15",
          "parent": "bone13",
          "pivot": [
            -3,
            14,
            0
          ],
          "cubes": [
            {
              "origin": [
                -18,
                18.5,
                -1
              ],
              "size": [
                2,
                2,
                2
              ],
              "uv": {
                "north": {
                  "uv": [
                    38,
                    6
                  ],
                  "uv_size": [
                    2,
                    2
                  ]
                },
                "east": {
                  "uv": [
                    38,
                    8
                  ],
                  "uv_size": [
                    2,
                    2
                  ]
                },
                "south": {
                  "uv": [
                    37,
                    38
                  ],
                  "uv_size": [
                    2,
                    2
                  ]
                },
                "west": {
                  "uv": [
                    39,
                    10
                  ],
                  "uv_size": [
                    2,
                    2
                  ]
                },
                "up": {
                  "uv": [
                    39,
                    12
                  ],
                  "uv_size": [
                    2,
                    2
                  ]
                },
                "down": {
                  "uv": [
                    39,
                    16
                  ],
                  "uv_size": [
                    2,
                    -2
                  ]
                }
              }
            }
          ]
        },
        {
          "name": "bone19",
          "parent": "bone3",
          "pivot": [
            -1,
            19,
            0
          ],
          "rotation": [
            0,
            0,
            157.5
          ],
          "cubes": [
            {
              "origin": [
                -16,
                19,
                -1
              ],
              "size": [
                15,
                1,
                1
              ],
              "uv": {
                "north": {
                  "uv": [
                    16,
                    20
                  ],
                  "uv_size": [
                    15,
                    1
                  ]
                },
                "east": {
                  "uv": [
                    10,
                    42
                  ],
                  "uv_size": [
                    1,
                    1
                  ]
                },
                "south": {
                  "uv": [
                    16,
                    21
                  ],
                  "uv_size": [
                    15,
                    1
                  ]
                },
                "west": {
                  "uv": [
                    11,
                    42
                  ],
                  "uv_size": [
                    1,
                    1
                  ]
                },
                "up": {
                  "uv": [
                    6,
                    22
                  ],
                  "uv_size": [
                    15,
                    1
                  ]
                },
                "down": {
                  "uv": [
                    21,
                    23
                  ],
                  "uv_size": [
                    15,
                    -1
                  ]
                }
              }
            }
          ]
        },
        {
          "name": "bone20",
          "parent": "bone19",
          "pivot": [
            -13,
            20,
            0
          ],
          "rotation": [
            0,
            5,
            0
          ],
          "cubes": [
            {
              "origin": [
                -18,
                14,
                -1
              ],
              "size": [
                1,
                6,
                1
              ],
              "pivot": [
                -1,
                6,
                0
              ],
              "rotation": [
                0,
                0,
                22.5
              ],
              "uv": {
                "north": {
                  "uv": [
                    11,
                    34
                  ],
                  "uv_size": [
                    1,
                    6
                  ]
                },
                "east": {
                  "uv": [
                    12,
                    34
                  ],
                  "uv_size": [
                    1,
                    6
                  ]
                },
                "south": {
                  "uv": [
                    13,
                    34
                  ],
                  "uv_size": [
                    1,
                    6
                  ]
                },
                "west": {
                  "uv": [
                    14,
                    34
                  ],
                  "uv_size": [
                    1,
                    6
                  ]
                },
                "up": {
                  "uv": [
                    12,
                    42
                  ],
                  "uv_size": [
                    1,
                    1
                  ]
                },
                "down": {
                  "uv": [
                    13,
                    43
                  ],
                  "uv_size": [
                    1,
                    -1
                  ]
                }
              }
            }
          ]
        },
        {
          "name": "bone21",
          "parent": "bone19",
          "pivot": [
            -3,
            14,
            0
          ],
          "cubes": [
            {
              "origin": [
                -18,
                18.5,
                -1
              ],
              "size": [
                2,
                2,
                2
              ],
              "uv": {
                "north": {
                  "uv": [
                    39,
                    26
                  ],
                  "uv_size": [
                    2,
                    2
                  ]
                },
                "east": {
                  "uv": [
                    28,
                    39
                  ],
                  "uv_size": [
                    2,
                    2
                  ]
                },
                "south": {
                  "uv": [
                    39,
                    28
                  ],
                  "uv_size": [
                    2,
                    2
                  ]
                },
                "west": {
                  "uv": [
                    30,
                    39
                  ],
                  "uv_size": [
                    2,
                    2
                  ]
                },
                "up": {
                  "uv": [
                    39,
                    30
                  ],
                  "uv_size": [
                    2,
                    2
                  ]
                },
                "down": {
                  "uv": [
                    32,
                    41
                  ],
                  "uv_size": [
                    2,
                    -2
                  ]
                }
              }
            }
          ]
        },
        {
          "name": "bone16",
          "parent": "bone3",
          "pivot": [
            -1,
            19,
            0
          ],
          "rotation": [
            0,
            0,
            125
          ],
          "cubes": [
            {
              "origin": [
                -16,
                19,
                -1
              ],
              "size": [
                15,
                1,
                1
              ],
              "uv": {
                "north": {
                  "uv": [
                    16,
                    16
                  ],
                  "uv_size": [
                    15,
                    1
                  ]
                },
                "east": {
                  "uv": [
                    8,
                    42
                  ],
                  "uv_size": [
                    1,
                    1
                  ]
                },
                "south": {
                  "uv": [
                    16,
                    17
                  ],
                  "uv_size": [
                    15,
                    1
                  ]
                },
                "west": {
                  "uv": [
                    42,
                    8
                  ],
                  "uv_size": [
                    1,
                    1
                  ]
                },
                "up": {
                  "uv": [
                    16,
                    18
                  ],
                  "uv_size": [
                    15,
                    1
                  ]
                },
                "down": {
                  "uv": [
                    16,
                    20
                  ],
                  "uv_size": [
                    15,
                    -1
                  ]
                }
              }
            }
          ]
        },
        {
          "name": "bone17",
          "parent": "bone16",
          "pivot": [
            -13,
            20,
            0
          ],
          "rotation": [
            0,
            5,
            0
          ],
          "cubes": [
            {
              "origin": [
                -16,
                16,
                -1
              ],
              "size": [
                1,
                6,
                1
              ],
              "pivot": [
                -1,
                6,
                0
              ],
              "rotation": [
                0,
                0,
                15
              ],
              "uv": {
                "north": {
                  "uv": [
                    8,
                    34
                  ],
                  "uv_size": [
                    1,
                    6
                  ]
                },
                "east": {
                  "uv": [
                    9,
                    34
                  ],
                  "uv_size": [
                    1,
                    6
                  ]
                },
                "south": {
                  "uv": [
                    10,
                    34
                  ],
                  "uv_size": [
                    1,
                    6
                  ]
                },
                "west": {
                  "uv": [
                    34,
                    10
                  ],
                  "uv_size": [
                    1,
                    6
                  ]
                },
                "up": {
                  "uv": [
                    9,
                    42
                  ],
                  "uv_size": [
                    1,
                    1
                  ]
                },
                "down": {
                  "uv": [
                    42,
                    10
                  ],
                  "uv_size": [
                    1,
                    -1
                  ]
                }
              }
            }
          ]
        },
        {
          "name": "bone18",
          "parent": "bone16",
          "pivot": [
            -3,
            14,
            0
          ],
          "cubes": [
            {
              "origin": [
                -18,
                18.5,
                -1
              ],
              "size": [
                2,
                2,
                2
              ],
              "uv": {
                "north": {
                  "uv": [
                    39,
                    16
                  ],
                  "uv_size": [
                    2,
                    2
                  ]
                },
                "east": {
                  "uv": [
                    39,
                    18
                  ],
                  "uv_size": [
                    2,
                    2
                  ]
                },
                "south": {
                  "uv": [
                    39,
                    20
                  ],
                  "uv_size": [
                    2,
                    2
                  ]
                },
                "west": {
                  "uv": [
                    39,
                    22
                  ],
                  "uv_size": [
                    2,
                    2
                  ]
                },
                "up": {
                  "uv": [
                    39,
                    24
                  ],
                  "uv_size": [
                    2,
                    2
                  ]
                },
                "down": {
                  "uv": [
                    26,
                    41
                  ],
                  "uv_size": [
                    2,
                    -2
                  ]
                }
              }
            }
          ]
        },
        {
          "name": "bone25",
          "parent": "bone3",
          "pivot": [
            -1,
            19,
            0
          ],
          "rotation": [
            0,
            0,
            -137.5
          ],
          "cubes": [
            {
              "origin": [
                -16,
                19,
                -1
              ],
              "size": [
                15,
                1,
                1
              ],
              "uv": {
                "north": {
                  "uv": [
                    6,
                    25
                  ],
                  "uv_size": [
                    15,
                    1
                  ]
                },
                "east": {
                  "uv": [
                    18,
                    42
                  ],
                  "uv_size": [
                    1,
                    1
                  ]
                },
                "south": {
                  "uv": [
                    21,
                    25
                  ],
                  "uv_size": [
                    15,
                    1
                  ]
                },
                "west": {
                  "uv": [
                    19,
                    42
                  ],
                  "uv_size": [
                    1,
                    1
                  ]
                },
                "up": {
                  "uv": [
                    6,
                    26
                  ],
                  "uv_size": [
                    15,
                    1
                  ]
                },
                "down": {
                  "uv": [
                    21,
                    27
                  ],
                  "uv_size": [
                    15,
                    -1
                  ]
                }
              }
            }
          ]
        },
        {
          "name": "bone26",
          "parent": "bone25",
          "pivot": [
            -13,
            20,
            0
          ],
          "rotation": [
            0,
            5,
            0
          ],
          "cubes": [
            {
              "origin": [
                -17,
                15,
                -1
              ],
              "size": [
                1,
                6,
                1
              ],
              "pivot": [
                -1,
                6,
                0
              ],
              "rotation": [
                0,
                0,
                20
              ],
              "uv": {
                "north": {
                  "uv": [
                    34,
                    31
                  ],
                  "uv_size": [
                    1,
                    6
                  ]
                },
                "east": {
                  "uv": [
                    35,
                    4
                  ],
                  "uv_size": [
                    1,
                    6
                  ]
                },
                "south": {
                  "uv": [
                    35,
                    10
                  ],
                  "uv_size": [
                    1,
                    6
                  ]
                },
                "west": {
                  "uv": [
                    35,
                    16
                  ],
                  "uv_size": [
                    1,
                    6
                  ]
                },
                "up": {
                  "uv": [
                    20,
                    42
                  ],
                  "uv_size": [
                    1,
                    1
                  ]
                },
                "down": {
                  "uv": [
                    21,
                    43
                  ],
                  "uv_size": [
                    1,
                    -1
                  ]
                }
              }
            }
          ]
        },
        {
          "name": "bone27",
          "parent": "bone25",
          "pivot": [
            -3,
            14,
            0
          ],
          "cubes": [
            {
              "origin": [
                -18,
                18.5,
                -1
              ],
              "size": [
                2,
                2,
                2
              ],
              "uv": {
                "north": {
                  "uv": [
                    2,
                    40
                  ],
                  "uv_size": [
                    2,
                    2
                  ]
                },
                "east": {
                  "uv": [
                    4,
                    40
                  ],
                  "uv_size": [
                    2,
                    2
                  ]
                },
                "south": {
                  "uv": [
                    40,
                    4
                  ],
                  "uv_size": [
                    2,
                    2
                  ]
                },
                "west": {
                  "uv": [
                    6,
                    40
                  ],
                  "uv_size": [
                    2,
                    2
                  ]
                },
                "up": {
                  "uv": [
                    40,
                    6
                  ],
                  "uv_size": [
                    2,
                    2
                  ]
                },
                "down": {
                  "uv": [
                    8,
                    42
                  ],
                  "uv_size": [
                    2,
                    -2
                  ]
                }
              }
            }
          ]
        },
        {
          "name": "bone22",
          "parent": "bone3",
          "pivot": [
            -1,
            19,
            0
          ],
          "rotation": [
            0,
            0,
            -170
          ],
          "cubes": [
            {
              "origin": [
                -16,
                19,
                -1
              ],
              "size": [
                15,
                1,
                1
              ],
              "uv": {
                "north": {
                  "uv": [
                    6,
                    23
                  ],
                  "uv_size": [
                    15,
                    1
                  ]
                },
                "east": {
                  "uv": [
                    14,
                    42
                  ],
                  "uv_size": [
                    1,
                    1
                  ]
                },
                "south": {
                  "uv": [
                    21,
                    23
                  ],
                  "uv_size": [
                    15,
                    1
                  ]
                },
                "west": {
                  "uv": [
                    15,
                    42
                  ],
                  "uv_size": [
                    1,
                    1
                  ]
                },
                "up": {
                  "uv": [
                    6,
                    24
                  ],
                  "uv_size": [
                    15,
                    1
                  ]
                },
                "down": {
                  "uv": [
                    21,
                    25
                  ],
                  "uv_size": [
                    15,
                    -1
                  ]
                }
              }
            }
          ]
        },
        {
          "name": "bone23",
          "parent": "bone22",
          "pivot": [
            -13,
            20,
            0
          ],
          "rotation": [
            0,
            5,
            0
          ],
          "cubes": [
            {
              "origin": [
                -18,
                14,
                -1
              ],
              "size": [
                1,
                6,
                1
              ],
              "pivot": [
                -1,
                6,
                0
              ],
              "rotation": [
                0,
                0,
                22.5
              ],
              "uv": {
                "north": {
                  "uv": [
                    15,
                    34
                  ],
                  "uv_size": [
                    1,
                    6
                  ]
                },
                "east": {
                  "uv": [
                    16,
                    34
                  ],
                  "uv_size": [
                    1,
                    6
                  ]
                },
                "south": {
                  "uv": [
                    34,
                    16
                  ],
                  "uv_size": [
                    1,
                    6
                  ]
                },
                "west": {
                  "uv": [
                    17,
                    34
                  ],
                  "uv_size": [
                    1,
                    6
                  ]
                },
                "up": {
                  "uv": [
                    16,
                    42
                  ],
                  "uv_size": [
                    1,
                    1
                  ]
                },
                "down": {
                  "uv": [
                    17,
                    43
                  ],
                  "uv_size": [
                    1,
                    -1
                  ]
                }
              }
            }
          ]
        },
        {
          "name": "bone24",
          "parent": "bone22",
          "pivot": [
            -3,
            14,
            0
          ],
          "cubes": [
            {
              "origin": [
                -18,
                18.5,
                -1
              ],
              "size": [
                2,
                2,
                2
              ],
              "uv": {
                "north": {
                  "uv": [
                    39,
                    32
                  ],
                  "uv_size": [
                    2,
                    2
                  ]
                },
                "east": {
                  "uv": [
                    34,
                    39
                  ],
                  "uv_size": [
                    2,
                    2
                  ]
                },
                "south": {
                  "uv": [
                    39,
                    34
                  ],
                  "uv_size": [
                    2,
                    2
                  ]
                },
                "west": {
                  "uv": [
                    39,
                    36
                  ],
                  "uv_size": [
                    2,
                    2
                  ]
                },
                "up": {
                  "uv": [
                    39,
                    38
                  ],
                  "uv_size": [
                    2,
                    2
                  ]
                },
                "down": {
                  "uv": [
                    0,
                    42
                  ],
                  "uv_size": [
                    2,
                    -2
                  ]
                }
              }
            }
          ]
        },
        {
          "name": "bone28",
          "parent": "bone3",
          "pivot": [
            -1,
            19,
            0
          ],
          "rotation": [
            0,
            0,
            -105
          ],
          "cubes": [
            {
              "origin": [
                -16,
                19,
                -1
              ],
              "size": [
                15,
                1,
                1
              ],
              "uv": {
                "north": {
                  "uv": [
                    6,
                    27
                  ],
                  "uv_size": [
                    15,
                    1
                  ]
                },
                "east": {
                  "uv": [
                    22,
                    42
                  ],
                  "uv_size": [
                    1,
                    1
                  ]
                },
                "south": {
                  "uv": [
                    21,
                    27
                  ],
                  "uv_size": [
                    15,
                    1
                  ]
                },
                "west": {
                  "uv": [
                    23,
                    42
                  ],
                  "uv_size": [
                    1,
                    1
                  ]
                },
                "up": {
                  "uv": [
                    6,
                    28
                  ],
                  "uv_size": [
                    15,
                    1
                  ]
                },
                "down": {
                  "uv": [
                    21,
                    29
                  ],
                  "uv_size": [
                    15,
                    -1
                  ]
                }
              }
            }
          ]
        },
        {
          "name": "bone29",
          "parent": "bone28",
          "pivot": [
            -13,
            20,
            0
          ],
          "rotation": [
            0,
            5,
            0
          ],
          "cubes": [
            {
              "origin": [
                -17,
                15,
                -1
              ],
              "size": [
                1,
                6,
                1
              ],
              "pivot": [
                -1,
                6,
                0
              ],
              "rotation": [
                0,
                0,
                20
              ],
              "uv": {
                "north": {
                  "uv": [
                    35,
                    31
                  ],
                  "uv_size": [
                    1,
                    6
                  ]
                },
                "east": {
                  "uv": [
                    36,
                    4
                  ],
                  "uv_size": [
                    1,
                    6
                  ]
                },
                "south": {
                  "uv": [
                    36,
                    10
                  ],
                  "uv_size": [
                    1,
                    6
                  ]
                },
                "west": {
                  "uv": [
                    36,
                    16
                  ],
                  "uv_size": [
                    1,
                    6
                  ]
                },
                "up": {
                  "uv": [
                    24,
                    42
                  ],
                  "uv_size": [
                    1,
                    1
                  ]
                },
                "down": {
                  "uv": [
                    25,
                    43
                  ],
                  "uv_size": [
                    1,
                    -1
                  ]
                }
              }
            }
          ]
        },
        {
          "name": "bone30",
          "parent": "bone28",
          "pivot": [
            -3,
            14,
            0
          ],
          "cubes": [
            {
              "origin": [
                -18,
                18.5,
                -1
              ],
              "size": [
                2,
                2,
                2
              ],
              "uv": {
                "north": {
                  "uv": [
                    40,
                    8
                  ],
                  "uv_size": [
                    2,
                    2
                  ]
                },
                "east": {
                  "uv": [
                    10,
                    40
                  ],
                  "uv_size": [
                    2,
                    2
                  ]
                },
                "south": {
                  "uv": [
                    12,
                    40
                  ],
                  "uv_size": [
                    2,
                    2
                  ]
                },
                "west": {
                  "uv": [
                    14,
                    40
                  ],
                  "uv_size": [
                    2,
                    2
                  ]
                },
                "up": {
                  "uv": [
                    16,
                    40
                  ],
                  "uv_size": [
                    2,
                    2
                  ]
                },
                "down": {
                  "uv": [
                    18,
                    42
                  ],
                  "uv_size": [
                    2,
                    -2
                  ]
                }
              }
            }
          ]
        },
        {
          "name": "bone34",
          "parent": "bone3",
          "pivot": [
            -1,
            19,
            0
          ],
          "rotation": [
            0,
            0,
            -40
          ],
          "cubes": [
            {
              "origin": [
                -16,
                19,
                -1
              ],
              "size": [
                15,
                1,
                1
              ],
              "uv": {
                "north": {
                  "uv": [
                    31,
                    0
                  ],
                  "uv_size": [
                    15,
                    1
                  ]
                },
                "east": {
                  "uv": [
                    30,
                    42
                  ],
                  "uv_size": [
                    1,
                    1
                  ]
                },
                "south": {
                  "uv": [
                    31,
                    1
                  ],
                  "uv_size": [
                    15,
                    1
                  ]
                },
                "west": {
                  "uv": [
                    31,
                    42
                  ],
                  "uv_size": [
                    1,
                    1
                  ]
                },
                "up": {
                  "uv": [
                    31,
                    2
                  ],
                  "uv_size": [
                    15,
                    1
                  ]
                },
                "down": {
                  "uv": [
                    31,
                    4
                  ],
                  "uv_size": [
                    15,
                    -1
                  ]
                }
              }
            }
          ]
        },
        {
          "name": "bone35",
          "parent": "bone34",
          "pivot": [
            -13,
            20,
            0
          ],
          "rotation": [
            0,
            5,
            0
          ],
          "cubes": [
            {
              "origin": [
                -13.35711,
                19.64012,
                -1
              ],
              "size": [
                1,
                8,
                1
              ],
              "pivot": [
                -13,
                20,
                0
              ],
              "rotation": [
                0,
                0,
                22.5
              ],
              "uv": {
                "north": {
                  "uv": [
                    26,
                    31
                  ],
                  "uv_size": [
                    1,
                    8
                  ]
                },
                "east": {
                  "uv": [
                    27,
                    31
                  ],
                  "uv_size": [
                    1,
                    8
                  ]
                },
                "south": {
                  "uv": [
                    28,
                    31
                  ],
                  "uv_size": [
                    1,
                    8
                  ]
                },
                "west": {
                  "uv": [
                    29,
                    31
                  ],
                  "uv_size": [
                    1,
                    8
                  ]
                },
                "up": {
                  "uv": [
                    32,
                    42
                  ],
                  "uv_size": [
                    1,
                    1
                  ]
                },
                "down": {
                  "uv": [
                    33,
                    43
                  ],
                  "uv_size": [
                    1,
                    -1
                  ]
                }
              }
            }
          ]
        },
        {
          "name": "bone36",
          "parent": "bone34",
          "pivot": [
            -3,
            14,
            0
          ],
          "cubes": [
            {
              "origin": [
                -18,
                18.5,
                -1
              ],
              "size": [
                2,
                2,
                2
              ],
              "uv": {
                "north": {
                  "uv": [
                    41,
                    10
                  ],
                  "uv_size": [
                    2,
                    2
                  ]
                },
                "east": {
                  "uv": [
                    41,
                    12
                  ],
                  "uv_size": [
                    2,
                    2
                  ]
                },
                "south": {
                  "uv": [
                    41,
                    14
                  ],
                  "uv_size": [
                    2,
                    2
                  ]
                },
                "west": {
                  "uv": [
                    41,
                    16
                  ],
                  "uv_size": [
                    2,
                    2
                  ]
                },
                "up": {
                  "uv": [
                    41,
                    18
                  ],
                  "uv_size": [
                    2,
                    2
                  ]
                },
                "down": {
                  "uv": [
                    41,
                    22
                  ],
                  "uv_size": [
                    2,
                    -2
                  ]
                }
              }
            }
          ]
        },
        {
          "name": "bone31",
          "parent": "bone3",
          "pivot": [
            -1,
            19,
            0
          ],
          "rotation": [
            0,
            0,
            -72.5
          ],
          "cubes": [
            {
              "origin": [
                -16,
                19,
                -1
              ],
              "size": [
                15,
                1,
                1
              ],
              "uv": {
                "north": {
                  "uv": [
                    6,
                    29
                  ],
                  "uv_size": [
                    15,
                    1
                  ]
                },
                "east": {
                  "uv": [
                    26,
                    42
                  ],
                  "uv_size": [
                    1,
                    1
                  ]
                },
                "south": {
                  "uv": [
                    21,
                    29
                  ],
                  "uv_size": [
                    15,
                    1
                  ]
                },
                "west": {
                  "uv": [
                    27,
                    42
                  ],
                  "uv_size": [
                    1,
                    1
                  ]
                },
                "up": {
                  "uv": [
                    6,
                    30
                  ],
                  "uv_size": [
                    15,
                    1
                  ]
                },
                "down": {
                  "uv": [
                    21,
                    31
                  ],
                  "uv_size": [
                    15,
                    -1
                  ]
                }
              }
            }
          ]
        },
        {
          "name": "bone32",
          "parent": "bone31",
          "pivot": [
            -13,
            20,
            0
          ],
          "rotation": [
            0,
            5,
            0
          ],
          "cubes": [
            {
              "origin": [
                -17,
                15,
                -1
              ],
              "size": [
                1,
                6,
                1
              ],
              "pivot": [
                -1,
                6,
                0
              ],
              "rotation": [
                0,
                0,
                20
              ],
              "uv": {
                "north": {
                  "uv": [
                    36,
                    22
                  ],
                  "uv_size": [
                    1,
                    6
                  ]
                },
                "east": {
                  "uv": [
                    36,
                    28
                  ],
                  "uv_size": [
                    1,
                    6
                  ]
                },
                "south": {
                  "uv": [
                    36,
                    34
                  ],
                  "uv_size": [
                    1,
                    6
                  ]
                },
                "west": {
                  "uv": [
                    37,
                    4
                  ],
                  "uv_size": [
                    1,
                    6
                  ]
                },
                "up": {
                  "uv": [
                    28,
                    42
                  ],
                  "uv_size": [
                    1,
                    1
                  ]
                },
                "down": {
                  "uv": [
                    29,
                    43
                  ],
                  "uv_size": [
                    1,
                    -1
                  ]
                }
              }
            }
          ]
        },
        {
          "name": "bone33",
          "parent": "bone31",
          "pivot": [
            -3,
            14,
            0
          ],
          "cubes": [
            {
              "origin": [
                -18,
                18.5,
                -1
              ],
              "size": [
                2,
                2,
                2
              ],
              "uv": {
                "north": {
                  "uv": [
                    20,
                    40
                  ],
                  "uv_size": [
                    2,
                    2
                  ]
                },
                "east": {
                  "uv": [
                    22,
                    40
                  ],
                  "uv_size": [
                    2,
                    2
                  ]
                },
                "south": {
                  "uv": [
                    24,
                    40
                  ],
                  "uv_size": [
                    2,
                    2
                  ]
                },
                "west": {
                  "uv": [
                    36,
                    40
                  ],
                  "uv_size": [
                    2,
                    2
                  ]
                },
                "up": {
                  "uv": [
                    38,
                    40
                  ],
                  "uv_size": [
                    2,
                    2
                  ]
                },
                "down": {
                  "uv": [
                    40,
                    42
                  ],
                  "uv_size": [
                    2,
                    -2
                  ]
                }
              }
            }
          ]
        }
      ]
    }
  ]
}