{
  "format_version": "1.12.0",
  "minecraft:geometry": [
    {
      "description": {
        "identifier": "geometry.pa_water",
        "texture_width": 64,
        "texture_height": 64,
        "visible_bounds_width": 4,
        "visible_bounds_height": 1.5,
        "visible_bounds_offset": [
          0,
          0.25,
          0
        ]
      },
      "bones": [
        {
          "name": "bone",
          "pivot": [
            0,
            0,
            0
          ],
          "cubes": [
            {
              "origin": [
                -8,
                1,
                -8
              ],
              "size": [
                16,
                0,
                16
              ],
              "uv": {
                "north": {
                  "uv": [
                    0,
                    0
                  ],
                  "uv_size": [
                    16,
                    0
                  ]
                },
                "east": {
                  "uv": [
                    0,
                    0
                  ],
                  "uv_size": [
                    16,
                    0
                  ]
                },
                "south": {
                  "uv": [
                    0,
                    0
                  ],
                  "uv_size": [
                    16,
                    0
                  ]
                },
                "west": {
                  "uv": [
                    0,
                    0
                  ],
                  "uv_size": [
                    16,
                    0
                  ]
                },
                "up": {
                  "uv": [
                    0,
                    0
                  ],
                  "uv_size": [
                    16,
                    16
                  ]
                },
                "down": {
                  "uv": [
                    0,
                    32
                  ],
                  "uv_size": [
                    16,
                    -16
                  ]
                }
              }
            },
            {
              "origin": [
                -24,
                1,
                -8
              ],
              "size": [
                16,
                0,
                16
              ],
              "uv": {
                "north": {
                  "uv": [
                    0,
                    0
                  ],
                  "uv_size": [
                    16,
                    0
                  ]
                },
                "east": {
                  "uv": [
                    0,
                    0
                  ],
                  "uv_size": [
                    16,
                    0
                  ]
                },
                "south": {
                  "uv": [
                    0,
                    0
                  ],
                  "uv_size": [
                    16,
                    0
                  ]
                },
                "west": {
                  "uv": [
                    0,
                    0
                  ],
                  "uv_size": [
                    16,
                    0
                  ]
                },
                "up": {
                  "uv": [
                    0,
                    0
                  ],
                  "uv_size": [
                    16,
                    16
                  ]
                },
                "down": {
                  "uv": [
                    0,
                    32
                  ],
                  "uv_size": [
                    16,
                    -16
                  ]
                }
              }
            },
            {
              "origin": [
                -24,
                1,
                -24
              ],
              "size": [
                16,
                0,
                16
              ],
              "uv": {
                "north": {
                  "uv": [
                    0,
                    0
                  ],
                  "uv_size": [
                    16,
                    0
                  ]
                },
                "east": {
                  "uv": [
                    0,
                    0
                  ],
                  "uv_size": [
                    16,
                    0
                  ]
                },
                "south": {
                  "uv": [
                    0,
                    0
                  ],
                  "uv_size": [
                    16,
                    0
                  ]
                },
                "west": {
                  "uv": [
                    0,
                    0
                  ],
                  "uv_size": [
                    16,
                    0
                  ]
                },
                "up": {
                  "uv": [
                    0,
                    0
                  ],
                  "uv_size": [
                    16,
                    16
                  ]
                },
                "down": {
                  "uv": [
                    0,
                    32
                  ],
                  "uv_size": [
                    16,
                    -16
                  ]
                }
              }
            },
            {
              "origin": [
                -8,
                1,
                -24
              ],
              "size": [
                16,
                0,
                16
              ],
              "uv": {
                "north": {
                  "uv": [
                    0,
                    0
                  ],
                  "uv_size": [
                    16,
                    0
                  ]
                },
                "east": {
                  "uv": [
                    0,
                    0
                  ],
                  "uv_size": [
                    16,
                    0
                  ]
                },
                "south": {
                  "uv": [
                    0,
                    0
                  ],
                  "uv_size": [
                    16,
                    0
                  ]
                },
                "west": {
                  "uv": [
                    0,
                    0
                  ],
                  "uv_size": [
                    16,
                    0
                  ]
                },
                "up": {
                  "uv": [
                    0,
                    0
                  ],
                  "uv_size": [
                    16,
                    16
                  ]
                },
                "down": {
                  "uv": [
                    0,
                    32
                  ],
                  "uv_size": [
                    16,
                    -16
                  ]
                }
              }
            },
            {
              "origin": [
                8,
                1,
                -24
              ],
              "size": [
                16,
                0,
                16
              ],
              "uv": {
                "north": {
                  "uv": [
                    0,
                    0
                  ],
                  "uv_size": [
                    16,
                    0
                  ]
                },
                "east": {
                  "uv": [
                    0,
                    0
                  ],
                  "uv_size": [
                    16,
                    0
                  ]
                },
                "south": {
                  "uv": [
                    0,
                    0
                  ],
                  "uv_size": [
                    16,
                    0
                  ]
                },
                "west": {
                  "uv": [
                    0,
                    0
                  ],
                  "uv_size": [
                    16,
                    0
                  ]
                },
                "up": {
                  "uv": [
                    0,
                    0
                  ],
                  "uv_size": [
                    16,
                    16
                  ]
                },
                "down": {
                  "uv": [
                    0,
                    32
                  ],
                  "uv_size": [
                    16,
                    -16
                  ]
                }
              }
            },
            {
              "origin": [
                8,
                1,
                -8
              ],
              "size": [
                16,
                0,
                16
              ],
              "uv": {
                "north": {
                  "uv": [
                    0,
                    0
                  ],
                  "uv_size": [
                    16,
                    0
                  ]
                },
                "east": {
                  "uv": [
                    0,
                    0
                  ],
                  "uv_size": [
                    16,
                    0
                  ]
                },
                "south": {
                  "uv": [
                    0,
                    0
                  ],
                  "uv_size": [
                    16,
                    0
                  ]
                },
                "west": {
                  "uv": [
                    0,
                    0
                  ],
                  "uv_size": [
                    16,
                    0
                  ]
                },
                "up": {
                  "uv": [
                    0,
                    0
                  ],
                  "uv_size": [
                    16,
                    16
                  ]
                },
                "down": {
                  "uv": [
                    0,
                    32
                  ],
                  "uv_size": [
                    16,
                    -16
                  ]
                }
              }
            },
            {
              "origin": [
                8,
                1,
                8
              ],
              "size": [
                16,
                0,
                16
              ],
              "uv": {
                "north": {
                  "uv": [
                    0,
                    0
                  ],
                  "uv_size": [
                    16,
                    0
                  ]
                },
                "east": {
                  "uv": [
                    0,
                    0
                  ],
                  "uv_size": [
                    16,
                    0
                  ]
                },
                "south": {
                  "uv": [
                    0,
                    0
                  ],
                  "uv_size": [
                    16,
                    0
                  ]
                },
                "west": {
                  "uv": [
                    0,
                    0
                  ],
                  "uv_size": [
                    16,
                    0
                  ]
                },
                "up": {
                  "uv": [
                    0,
                    0
                  ],
                  "uv_size": [
                    16,
                    16
                  ]
                },
                "down": {
                  "uv": [
                    0,
                    32
                  ],
                  "uv_size": [
                    16,
                    -16
                  ]
                }
              }
            },
            {
              "origin": [
                -8,
                1,
                8
              ],
              "size": [
                16,
                0,
                16
              ],
              "uv": {
                "north": {
                  "uv": [
                    0,
                    0
                  ],
                  "uv_size": [
                    16,
                    0
                  ]
                },
                "east": {
                  "uv": [
                    0,
                    0
                  ],
                  "uv_size": [
                    16,
                    0
                  ]
                },
                "south": {
                  "uv": [
                    0,
                    0
                  ],
                  "uv_size": [
                    16,
                    0
                  ]
                },
                "west": {
                  "uv": [
                    0,
                    0
                  ],
                  "uv_size": [
                    16,
                    0
                  ]
                },
                "up": {
                  "uv": [
                    0,
                    0
                  ],
                  "uv_size": [
                    16,
                    16
                  ]
                },
                "down": {
                  "uv": [
                    0,
                    32
                  ],
                  "uv_size": [
                    16,
                    -16
                  ]
                }
              }
            },
            {
              "origin": [
                -24,
                1,
                8
              ],
              "size": [
                16,
                0,
                16
              ],
              "uv": {
                "north": {
                  "uv": [
                    0,
                    0
                  ],
                  "uv_size": [
                    16,
                    0
                  ]
                },
                "east": {
                  "uv": [
                    0,
                    0
                  ],
                  "uv_size": [
                    16,
                    0
                  ]
                },
                "south": {
                  "uv": [
                    0,
                    0
                  ],
                  "uv_size": [
                    16,
                    0
                  ]
                },
                "west": {
                  "uv": [
                    0,
                    0
                  ],
                  "uv_size": [
                    16,
                    0
                  ]
                },
                "up": {
                  "uv": [
                    0,
                    0
                  ],
                  "uv_size": [
                    16,
                    16
                  ]
                },
                "down": {
                  "uv": [
                    0,
                    32
                  ],
                  "uv_size": [
                    16,
                    -16
                  ]
                }
              }
            }
          ]
        },
        {
          "name": "bone3",
          "pivot": [
            0,
            16,
            0
          ],
          "cubes": [
            {
              "origin": [
                -8,
                2,
                -8
              ],
              "size": [
                16,
                0,
                16
              ],
              "uv": {
                "north": {
                  "uv": [
                    0,
                    0
                  ],
                  "uv_size": [
                    16,
                    0
                  ]
                },
                "east": {
                  "uv": [
                    0,
                    0
                  ],
                  "uv_size": [
                    16,
                    0
                  ]
                },
                "south": {
                  "uv": [
                    0,
                    0
                  ],
                  "uv_size": [
                    16,
                    0
                  ]
                },
                "west": {
                  "uv": [
                    0,
                    0
                  ],
                  "uv_size": [
                    16,
                    0
                  ]
                },
                "up": {
                  "uv": [
                    16,
                    0
                  ],
                  "uv_size": [
                    16,
                    16
                  ]
                },
                "down": {
                  "uv": [
                    16,
                    32
                  ],
                  "uv_size": [
                    16,
                    -16
                  ]
                }
              }
            },
            {
              "origin": [
                -8,
                2,
                -24
              ],
              "size": [
                16,
                0,
                16
              ],
              "uv": {
                "north": {
                  "uv": [
                    0,
                    0
                  ],
                  "uv_size": [
                    16,
                    0
                  ]
                },
                "east": {
                  "uv": [
                    0,
                    0
                  ],
                  "uv_size": [
                    16,
                    0
                  ]
                },
                "south": {
                  "uv": [
                    0,
                    0
                  ],
                  "uv_size": [
                    16,
                    0
                  ]
                },
                "west": {
                  "uv": [
                    0,
                    0
                  ],
                  "uv_size": [
                    16,
                    0
                  ]
                },
                "up": {
                  "uv": [
                    16,
                    0
                  ],
                  "uv_size": [
                    16,
                    16
                  ]
                },
                "down": {
                  "uv": [
                    16,
                    32
                  ],
                  "uv_size": [
                    16,
                    -16
                  ]
                }
              }
            },
            {
              "origin": [
                8,
                2,
                -24
              ],
              "size": [
                16,
                0,
                16
              ],
              "uv": {
                "north": {
                  "uv": [
                    0,
                    0
                  ],
                  "uv_size": [
                    16,
                    0
                  ]
                },
                "east": {
                  "uv": [
                    0,
                    0
                  ],
                  "uv_size": [
                    16,
                    0
                  ]
                },
                "south": {
                  "uv": [
                    0,
                    0
                  ],
                  "uv_size": [
                    16,
                    0
                  ]
                },
                "west": {
                  "uv": [
                    0,
                    0
                  ],
                  "uv_size": [
                    16,
                    0
                  ]
                },
                "up": {
                  "uv": [
                    16,
                    0
                  ],
                  "uv_size": [
                    16,
                    16
                  ]
                },
                "down": {
                  "uv": [
                    16,
                    32
                  ],
                  "uv_size": [
                    16,
                    -16
                  ]
                }
              }
            },
            {
              "origin": [
                8,
                2,
                -8
              ],
              "size": [
                16,
                0,
                16
              ],
              "uv": {
                "north": {
                  "uv": [
                    0,
                    0
                  ],
                  "uv_size": [
                    16,
                    0
                  ]
                },
                "east": {
                  "uv": [
                    0,
                    0
                  ],
                  "uv_size": [
                    16,
                    0
                  ]
                },
                "south": {
                  "uv": [
                    0,
                    0
                  ],
                  "uv_size": [
                    16,
                    0
                  ]
                },
                "west": {
                  "uv": [
                    0,
                    0
                  ],
                  "uv_size": [
                    16,
                    0
                  ]
                },
                "up": {
                  "uv": [
                    16,
                    0
                  ],
                  "uv_size": [
                    16,
                    16
                  ]
                },
                "down": {
                  "uv": [
                    16,
                    32
                  ],
                  "uv_size": [
                    16,
                    -16
                  ]
                }
              }
            },
            {
              "origin": [
                -8,
                2,
                8
              ],
              "size": [
                16,
                0,
                16
              ],
              "uv": {
                "north": {
                  "uv": [
                    0,
                    0
                  ],
                  "uv_size": [
                    16,
                    0
                  ]
                },
                "east": {
                  "uv": [
                    0,
                    0
                  ],
                  "uv_size": [
                    16,
                    0
                  ]
                },
                "south": {
                  "uv": [
                    0,
                    0
                  ],
                  "uv_size": [
                    16,
                    0
                  ]
                },
                "west": {
                  "uv": [
                    0,
                    0
                  ],
                  "uv_size": [
                    16,
                    0
                  ]
                },
                "up": {
                  "uv": [
                    16,
                    0
                  ],
                  "uv_size": [
                    16,
                    16
                  ]
                },
                "down": {
                  "uv": [
                    16,
                    32
                  ],
                  "uv_size": [
                    16,
                    -16
                  ]
                }
              }
            },
            {
              "origin": [
                -24,
                2,
                8
              ],
              "size": [
                16,
                0,
                16
              ],
              "uv": {
                "north": {
                  "uv": [
                    0,
                    0
                  ],
                  "uv_size": [
                    16,
                    0
                  ]
                },
                "east": {
                  "uv": [
                    0,
                    0
                  ],
                  "uv_size": [
                    16,
                    0
                  ]
                },
                "south": {
                  "uv": [
                    0,
                    0
                  ],
                  "uv_size": [
                    16,
                    0
                  ]
                },
                "west": {
                  "uv": [
                    0,
                    0
                  ],
                  "uv_size": [
                    16,
                    0
                  ]
                },
                "up": {
                  "uv": [
                    16,
                    0
                  ],
                  "uv_size": [
                    16,
                    16
                  ]
                },
                "down": {
                  "uv": [
                    16,
                    32
                  ],
                  "uv_size": [
                    16,
                    -16
                  ]
                }
              }
            },
            {
              "origin": [
                -24,
                2,
                -8
              ],
              "size": [
                16,
                0,
                16
              ],
              "uv": {
                "north": {
                  "uv": [
                    0,
                    0
                  ],
                  "uv_size": [
                    16,
                    0
                  ]
                },
                "east": {
                  "uv": [
                    0,
                    0
                  ],
                  "uv_size": [
                    16,
                    0
                  ]
                },
                "south": {
                  "uv": [
                    0,
                    0
                  ],
                  "uv_size": [
                    16,
                    0
                  ]
                },
                "west": {
                  "uv": [
                    0,
                    0
                  ],
                  "uv_size": [
                    16,
                    0
                  ]
                },
                "up": {
                  "uv": [
                    16,
                    0
                  ],
                  "uv_size": [
                    16,
                    16
                  ]
                },
                "down": {
                  "uv": [
                    16,
                    32
                  ],
                  "uv_size": [
                    16,
                    -16
                  ]
                }
              }
            },
            {
              "origin": [
                -24,
                2,
                -24
              ],
              "size": [
                16,
                0,
                16
              ],
              "uv": {
                "north": {
                  "uv": [
                    0,
                    0
                  ],
                  "uv_size": [
                    16,
                    0
                  ]
                },
                "east": {
                  "uv": [
                    0,
                    0
                  ],
                  "uv_size": [
                    16,
                    0
                  ]
                },
                "south": {
                  "uv": [
                    0,
                    0
                  ],
                  "uv_size": [
                    16,
                    0
                  ]
                },
                "west": {
                  "uv": [
                    0,
                    0
                  ],
                  "uv_size": [
                    16,
                    0
                  ]
                },
                "up": {
                  "uv": [
                    16,
                    0
                  ],
                  "uv_size": [
                    16,
                    16
                  ]
                },
                "down": {
                  "uv": [
                    16,
                    32
                  ],
                  "uv_size": [
                    16,
                    -16
                  ]
                }
              }
            },
            {
              "origin": [
                8,
                2,
                8
              ],
              "size": [
                16,
                0,
                16
              ],
              "uv": {
                "north": {
                  "uv": [
                    0,
                    0
                  ],
                  "uv_size": [
                    16,
                    0
                  ]
                },
                "east": {
                  "uv": [
                    0,
                    0
                  ],
                  "uv_size": [
                    16,
                    0
                  ]
                },
                "south": {
                  "uv": [
                    0,
                    0
                  ],
                  "uv_size": [
                    16,
                    0
                  ]
                },
                "west": {
                  "uv": [
                    0,
                    0
                  ],
                  "uv_size": [
                    16,
                    0
                  ]
                },
                "up": {
                  "uv": [
                    16,
                    0
                  ],
                  "uv_size": [
                    16,
                    16
                  ]
                },
                "down": {
                  "uv": [
                    16,
                    32
                  ],
                  "uv_size": [
                    16,
                    -16
                  ]
                }
              }
            }
          ]
        },
        {
          "name": "bone4",
          "pivot": [
            0,
            16,
            0
          ],
          "cubes": [
            {
              "origin": [
                -8,
                2,
                -8
              ],
              "size": [
                16,
                0,
                16
              ],
              "uv": {
                "north": {
                  "uv": [
                    16,
                    0
                  ],
                  "uv_size": [
                    -16,
                    0
                  ]
                },
                "east": {
                  "uv": [
                    16,
                    0
                  ],
                  "uv_size": [
                    -16,
                    0
                  ]
                },
                "south": {
                  "uv": [
                    16,
                    0
                  ],
                  "uv_size": [
                    -16,
                    0
                  ]
                },
                "west": {
                  "uv": [
                    16,
                    0
                  ],
                  "uv_size": [
                    -16,
                    0
                  ]
                },
                "up": {
                  "uv": [
                    32,
                    0
                  ],
                  "uv_size": [
                    -16,
                    16
                  ]
                },
                "down": {
                  "uv": [
                    32,
                    32
                  ],
                  "uv_size": [
                    -16,
                    -16
                  ]
                }
              }
            },
            {
              "origin": [
                -8,
                2,
                -24
              ],
              "size": [
                16,
                0,
                16
              ],
              "uv": {
                "north": {
                  "uv": [
                    16,
                    0
                  ],
                  "uv_size": [
                    -16,
                    0
                  ]
                },
                "east": {
                  "uv": [
                    16,
                    0
                  ],
                  "uv_size": [
                    -16,
                    0
                  ]
                },
                "south": {
                  "uv": [
                    16,
                    0
                  ],
                  "uv_size": [
                    -16,
                    0
                  ]
                },
                "west": {
                  "uv": [
                    16,
                    0
                  ],
                  "uv_size": [
                    -16,
                    0
                  ]
                },
                "up": {
                  "uv": [
                    32,
                    0
                  ],
                  "uv_size": [
                    -16,
                    16
                  ]
                },
                "down": {
                  "uv": [
                    32,
                    32
                  ],
                  "uv_size": [
                    -16,
                    -16
                  ]
                }
              }
            },
            {
              "origin": [
                -24,
                2,
                -24
              ],
              "size": [
                16,
                0,
                16
              ],
              "uv": {
                "north": {
                  "uv": [
                    16,
                    0
                  ],
                  "uv_size": [
                    -16,
                    0
                  ]
                },
                "east": {
                  "uv": [
                    16,
                    0
                  ],
                  "uv_size": [
                    -16,
                    0
                  ]
                },
                "south": {
                  "uv": [
                    16,
                    0
                  ],
                  "uv_size": [
                    -16,
                    0
                  ]
                },
                "west": {
                  "uv": [
                    16,
                    0
                  ],
                  "uv_size": [
                    -16,
                    0
                  ]
                },
                "up": {
                  "uv": [
                    32,
                    0
                  ],
                  "uv_size": [
                    -16,
                    16
                  ]
                },
                "down": {
                  "uv": [
                    32,
                    32
                  ],
                  "uv_size": [
                    -16,
                    -16
                  ]
                }
              }
            },
            {
              "origin": [
                -24,
                2,
                -8
              ],
              "size": [
                16,
                0,
                16
              ],
              "uv": {
                "north": {
                  "uv": [
                    16,
                    0
                  ],
                  "uv_size": [
                    -16,
                    0
                  ]
                },
                "east": {
                  "uv": [
                    16,
                    0
                  ],
                  "uv_size": [
                    -16,
                    0
                  ]
                },
                "south": {
                  "uv": [
                    16,
                    0
                  ],
                  "uv_size": [
                    -16,
                    0
                  ]
                },
                "west": {
                  "uv": [
                    16,
                    0
                  ],
                  "uv_size": [
                    -16,
                    0
                  ]
                },
                "up": {
                  "uv": [
                    32,
                    0
                  ],
                  "uv_size": [
                    -16,
                    16
                  ]
                },
                "down": {
                  "uv": [
                    32,
                    32
                  ],
                  "uv_size": [
                    -16,
                    -16
                  ]
                }
              }
            },
            {
              "origin": [
                -8,
                2,
                8
              ],
              "size": [
                16,
                0,
                16
              ],
              "uv": {
                "north": {
                  "uv": [
                    16,
                    0
                  ],
                  "uv_size": [
                    -16,
                    0
                  ]
                },
                "east": {
                  "uv": [
                    16,
                    0
                  ],
                  "uv_size": [
                    -16,
                    0
                  ]
                },
                "south": {
                  "uv": [
                    16,
                    0
                  ],
                  "uv_size": [
                    -16,
                    0
                  ]
                },
                "west": {
                  "uv": [
                    16,
                    0
                  ],
                  "uv_size": [
                    -16,
                    0
                  ]
                },
                "up": {
                  "uv": [
                    32,
                    0
                  ],
                  "uv_size": [
                    -16,
                    16
                  ]
                },
                "down": {
                  "uv": [
                    32,
                    32
                  ],
                  "uv_size": [
                    -16,
                    -16
                  ]
                }
              }
            },
            {
              "origin": [
                8,
                2,
                8
              ],
              "size": [
                16,
                0,
                16
              ],
              "uv": {
                "north": {
                  "uv": [
                    16,
                    0
                  ],
                  "uv_size": [
                    -16,
                    0
                  ]
                },
                "east": {
                  "uv": [
                    16,
                    0
                  ],
                  "uv_size": [
                    -16,
                    0
                  ]
                },
                "south": {
                  "uv": [
                    16,
                    0
                  ],
                  "uv_size": [
                    -16,
                    0
                  ]
                },
                "west": {
                  "uv": [
                    16,
                    0
                  ],
                  "uv_size": [
                    -16,
                    0
                  ]
                },
                "up": {
                  "uv": [
                    32,
                    0
                  ],
                  "uv_size": [
                    -16,
                    16
                  ]
                },
                "down": {
                  "uv": [
                    32,
                    32
                  ],
                  "uv_size": [
                    -16,
                    -16
                  ]
                }
              }
            },
            {
              "origin": [
                8,
                2,
                -8
              ],
              "size": [
                16,
                0,
                16
              ],
              "uv": {
                "north": {
                  "uv": [
                    16,
                    0
                  ],
                  "uv_size": [
                    -16,
                    0
                  ]
                },
                "east": {
                  "uv": [
                    16,
                    0
                  ],
                  "uv_size": [
                    -16,
                    0
                  ]
                },
                "south": {
                  "uv": [
                    16,
                    0
                  ],
                  "uv_size": [
                    -16,
                    0
                  ]
                },
                "west": {
                  "uv": [
                    16,
                    0
                  ],
                  "uv_size": [
                    -16,
                    0
                  ]
                },
                "up": {
                  "uv": [
                    32,
                    0
                  ],
                  "uv_size": [
                    -16,
                    16
                  ]
                },
                "down": {
                  "uv": [
                    32,
                    32
                  ],
                  "uv_size": [
                    -16,
                    -16
                  ]
                }
              }
            },
            {
              "origin": [
                8,
                2,
                -24
              ],
              "size": [
                16,
                0,
                16
              ],
              "uv": {
                "north": {
                  "uv": [
                    16,
                    0
                  ],
                  "uv_size": [
                    -16,
                    0
                  ]
                },
                "east": {
                  "uv": [
                    16,
                    0
                  ],
                  "uv_size": [
                    -16,
                    0
                  ]
                },
                "south": {
                  "uv": [
                    16,
                    0
                  ],
                  "uv_size": [
                    -16,
                    0
                  ]
                },
                "west": {
                  "uv": [
                    16,
                    0
                  ],
                  "uv_size": [
                    -16,
                    0
                  ]
                },
                "up": {
                  "uv": [
                    32,
                    0
                  ],
                  "uv_size": [
                    -16,
                    16
                  ]
                },
                "down": {
                  "uv": [
                    32,
                    32
                  ],
                  "uv_size": [
                    -16,
                    -16
                  ]
                }
              }
            },
            {
              "origin": [
                -24,
                2,
                8
              ],
              "size": [
                16,
                0,
                16
              ],
              "uv": {
                "north": {
                  "uv": [
                    16,
                    0
                  ],
                  "uv_size": [
                    -16,
                    0
                  ]
                },
                "east": {
                  "uv": [
                    16,
                    0
                  ],
                  "uv_size": [
                    -16,
                    0
                  ]
                },
                "south": {
                  "uv": [
                    16,
                    0
                  ],
                  "uv_size": [
                    -16,
                    0
                  ]
                },
                "west": {
                  "uv": [
                    16,
                    0
                  ],
                  "uv_size": [
                    -16,
                    0
                  ]
                },
                "up": {
                  "uv": [
                    32,
                    0
                  ],
                  "uv_size": [
                    -16,
                    16
                  ]
                },
                "down": {
                  "uv": [
                    32,
                    32
                  ],
                  "uv_size": [
                    -16,
                    -16
                  ]
                }
              }
            }
          ]
        },
        {
          "name": "bone2",
          "pivot": [
            0,
            0,
            0
          ],
          "cubes": [
            {
              "origin": [
                -20,
                -3,
                1
              ],
              "size": [
                10,
                9,
                0
              ],
              "uv": {
                "north": {
                  "uv": [
                    0,
                    32
                  ],
                  "uv_size": [
                    10,
                    9
                  ]
                },
                "east": {
                  "uv": [
                    0,
                    0
                  ],
                  "uv_size": [
                    0,
                    9
                  ]
                },
                "south": {
                  "uv": [
                    32,
                    0
                  ],
                  "uv_size": [
                    10,
                    9
                  ]
                },
                "west": {
                  "uv": [
                    0,
                    0
                  ],
                  "uv_size": [
                    0,
                    9
                  ]
                },
                "up": {
                  "uv": [
                    0,
                    0
                  ],
                  "uv_size": [
                    10,
                    0
                  ]
                },
                "down": {
                  "uv": [
                    0,
                    0
                  ],
                  "uv_size": [
                    10,
                    0
                  ]
                }
              }
            },
            {
              "origin": [
                11,
                -3,
                1
              ],
              "size": [
                10,
                9,
                0
              ],
              "uv": {
                "north": {
                  "uv": [
                    0,
                    32
                  ],
                  "uv_size": [
                    10,
                    9
                  ]
                },
                "east": {
                  "uv": [
                    0,
                    0
                  ],
                  "uv_size": [
                    0,
                    9
                  ]
                },
                "south": {
                  "uv": [
                    32,
                    0
                  ],
                  "uv_size": [
                    10,
                    9
                  ]
                },
                "west": {
                  "uv": [
                    0,
                    0
                  ],
                  "uv_size": [
                    0,
                    9
                  ]
                },
                "up": {
                  "uv": [
                    0,
                    0
                  ],
                  "uv_size": [
                    10,
                    0
                  ]
                },
                "down": {
                  "uv": [
                    0,
                    0
                  ],
                  "uv_size": [
                    10,
                    0
                  ]
                }
              }
            },
            {
              "origin": [
                -7,
                -4,
                1
              ],
              "size": [
                10,
                9,
                0
              ],
              "uv": {
                "north": {
                  "uv": [
                    0,
                    32
                  ],
                  "uv_size": [
                    10,
                    9
                  ]
                },
                "east": {
                  "uv": [
                    0,
                    0
                  ],
                  "uv_size": [
                    0,
                    9
                  ]
                },
                "south": {
                  "uv": [
                    32,
                    0
                  ],
                  "uv_size": [
                    10,
                    9
                  ]
                },
                "west": {
                  "uv": [
                    0,
                    0
                  ],
                  "uv_size": [
                    0,
                    9
                  ]
                },
                "up": {
                  "uv": [
                    0,
                    0
                  ],
                  "uv_size": [
                    10,
                    0
                  ]
                },
                "down": {
                  "uv": [
                    0,
                    0
                  ],
                  "uv_size": [
                    10,
                    0
                  ]
                }
              }
            },
            {
              "origin": [
                -23,
                -2,
                1
              ],
              "size": [
                10,
                9,
                0
              ],
              "uv": {
                "north": {
                  "uv": [
                    0,
                    32
                  ],
                  "uv_size": [
                    10,
                    9
                  ]
                },
                "east": {
                  "uv": [
                    0,
                    0
                  ],
                  "uv_size": [
                    0,
                    9
                  ]
                },
                "south": {
                  "uv": [
                    32,
                    0
                  ],
                  "uv_size": [
                    10,
                    9
                  ]
                },
                "west": {
                  "uv": [
                    0,
                    0
                  ],
                  "uv_size": [
                    0,
                    9
                  ]
                },
                "up": {
                  "uv": [
                    0,
                    0
                  ],
                  "uv_size": [
                    10,
                    0
                  ]
                },
                "down": {
                  "uv": [
                    0,
                    0
                  ],
                  "uv_size": [
                    10,
                    0
                  ]
                }
              }
            },
            {
              "origin": [
                -7,
                -3,
                -14
              ],
              "size": [
                10,
                9,
                0
              ],
              "uv": {
                "north": {
                  "uv": [
                    0,
                    32
                  ],
                  "uv_size": [
                    10,
                    9
                  ]
                },
                "east": {
                  "uv": [
                    0,
                    0
                  ],
                  "uv_size": [
                    0,
                    9
                  ]
                },
                "south": {
                  "uv": [
                    32,
                    0
                  ],
                  "uv_size": [
                    10,
                    9
                  ]
                },
                "west": {
                  "uv": [
                    0,
                    0
                  ],
                  "uv_size": [
                    0,
                    9
                  ]
                },
                "up": {
                  "uv": [
                    0,
                    0
                  ],
                  "uv_size": [
                    10,
                    0
                  ]
                },
                "down": {
                  "uv": [
                    0,
                    0
                  ],
                  "uv_size": [
                    10,
                    0
                  ]
                }
              }
            },
            {
              "origin": [
                -7,
                -3,
                15
              ],
              "size": [
                10,
                9,
                0
              ],
              "uv": {
                "north": {
                  "uv": [
                    0,
                    32
                  ],
                  "uv_size": [
                    10,
                    9
                  ]
                },
                "east": {
                  "uv": [
                    0,
                    0
                  ],
                  "uv_size": [
                    0,
                    9
                  ]
                },
                "south": {
                  "uv": [
                    32,
                    0
                  ],
                  "uv_size": [
                    10,
                    9
                  ]
                },
                "west": {
                  "uv": [
                    0,
                    0
                  ],
                  "uv_size": [
                    0,
                    9
                  ]
                },
                "up": {
                  "uv": [
                    0,
                    0
                  ],
                  "uv_size": [
                    10,
                    0
                  ]
                },
                "down": {
                  "uv": [
                    0,
                    0
                  ],
                  "uv_size": [
                    10,
                    0
                  ]
                }
              }
            }
          ]
        }
      ]
    }
  ]
}