{
  "format_version": "1.12.0",
  "minecraft:geometry": [
    {
      "description": {
        "identifier": "geometry.pa_yellows",
        "texture_width": 64,
        "texture_height": 64,
        "visible_bounds_width": 4,
        "visible_bounds_height": 3.5,
        "visible_bounds_offset": [
          0,
          1.25,
          0
        ]
      },
      "bones": [
        {
          "name": "Legs",
          "pivot": [
            1,
            11,
            0
          ],
          "rotation": [
            0,
            -22.5,
            0
          ],
          "cubes": [
            {
              "origin": [
                0.42388,
                6,
                -1.38268
              ],
              "size": [
                2,
                5,
                2
              ],
              "uv": {
                "north": {
                  "uv": [
                    25,
                    33
                  ],
                  "uv_size": [
                    2,
                    5
                  ]
                },
                "east": {
                  "uv": [
                    27,
                    33
                  ],
                  "uv_size": [
                    2,
                    5
                  ]
                },
                "south": {
                  "uv": [
                    29,
                    33
                  ],
                  "uv_size": [
                    2,
                    5
                  ]
                },
                "west": {
                  "uv": [
                    31,
                    33
                  ],
                  "uv_size": [
                    2,
                    5
                  ]
                },
                "up": {
                  "uv": [
                    10,
                    35
                  ],
                  "uv_size": [
                    2,
                    2
                  ]
                },
                "down": {
                  "uv": [
                    35,
                    32
                  ],
                  "uv_size": [
                    2,
                    -2
                  ]
                }
              }
            }
          ]
        },
        {
          "name": "Nees",
          "parent": "Legs",
          "pivot": [
            1.92388,
            6,
            -0.38268
          ],
          "cubes": [
            {
              "origin": [
                -0.57612,
                1,
                -1.38268
              ],
              "size": [
                4,
                5,
                2
              ],
              "uv": {
                "north": {
                  "uv": [
                    17,
                    29
                  ],
                  "uv_size": [
                    4,
                    5
                  ]
                },
                "east": {
                  "uv": [
                    5,
                    33
                  ],
                  "uv_size": [
                    2,
                    5
                  ]
                },
                "south": {
                  "uv": [
                    30,
                    0
                  ],
                  "uv_size": [
                    4,
                    5
                  ]
                },
                "west": {
                  "uv": [
                    7,
                    33
                  ],
                  "uv_size": [
                    2,
                    5
                  ]
                },
                "up": {
                  "uv": [
                    33,
                    33
                  ],
                  "uv_size": [
                    4,
                    2
                  ]
                },
                "down": {
                  "uv": [
                    34,
                    2
                  ],
                  "uv_size": [
                    4,
                    -2
                  ]
                }
              }
            }
          ]
        },
        {
          "name": "Toes",
          "parent": "Nees",
          "pivot": [
            1.92388,
            1,
            -0.38268
          ],
          "cubes": [
            {
              "origin": [
                0.42388,
                0,
                -1.38268
              ],
              "size": [
                2,
                1,
                2
              ],
              "uv": {
                "north": {
                  "uv": [
                    35,
                    32
                  ],
                  "uv_size": [
                    2,
                    1
                  ]
                },
                "east": {
                  "uv": [
                    38,
                    21
                  ],
                  "uv_size": [
                    2,
                    1
                  ]
                },
                "south": {
                  "uv": [
                    38,
                    22
                  ],
                  "uv_size": [
                    2,
                    1
                  ]
                },
                "west": {
                  "uv": [
                    23,
                    38
                  ],
                  "uv_size": [
                    2,
                    1
                  ]
                },
                "up": {
                  "uv": [
                    33,
                    35
                  ],
                  "uv_size": [
                    2,
                    2
                  ]
                },
                "down": {
                  "uv": [
                    35,
                    37
                  ],
                  "uv_size": [
                    2,
                    -2
                  ]
                }
              }
            },
            {
              "origin": [
                1.42388,
                0,
                -2.38268
              ],
              "size": [
                1,
                1,
                2
              ],
              "pivot": [
                -1.07612,
                0,
                -0.38268
              ],
              "rotation": [
                0,
                10,
                0
              ],
              "uv": {
                "north": {
                  "uv": [
                    21,
                    29
                  ],
                  "uv_size": [
                    1,
                    1
                  ]
                },
                "east": {
                  "uv": [
                    25,
                    38
                  ],
                  "uv_size": [
                    2,
                    1
                  ]
                },
                "south": {
                  "uv": [
                    39,
                    4
                  ],
                  "uv_size": [
                    1,
                    1
                  ]
                },
                "west": {
                  "uv": [
                    27,
                    38
                  ],
                  "uv_size": [
                    2,
                    1
                  ]
                },
                "up": {
                  "uv": [
                    29,
                    38
                  ],
                  "uv_size": [
                    1,
                    2
                  ]
                },
                "down": {
                  "uv": [
                    30,
                    40
                  ],
                  "uv_size": [
                    1,
                    -2
                  ]
                }
              }
            },
            {
              "origin": [
                1.42388,
                0,
                -3.38268
              ],
              "size": [
                1,
                1,
                2
              ],
              "pivot": [
                -1.07612,
                0,
                -0.38268
              ],
              "rotation": [
                0,
                -17.5,
                0
              ],
              "uv": {
                "north": {
                  "uv": [
                    39,
                    11
                  ],
                  "uv_size": [
                    1,
                    1
                  ]
                },
                "east": {
                  "uv": [
                    38,
                    28
                  ],
                  "uv_size": [
                    2,
                    1
                  ]
                },
                "south": {
                  "uv": [
                    12,
                    39
                  ],
                  "uv_size": [
                    1,
                    1
                  ]
                },
                "west": {
                  "uv": [
                    31,
                    38
                  ],
                  "uv_size": [
                    2,
                    1
                  ]
                },
                "up": {
                  "uv": [
                    37,
                    38
                  ],
                  "uv_size": [
                    1,
                    2
                  ]
                },
                "down": {
                  "uv": [
                    38,
                    40
                  ],
                  "uv_size": [
                    1,
                    -2
                  ]
                }
              }
            }
          ]
        },
        {
          "name": "Legs2",
          "pivot": [
            -1,
            11,
            0
          ],
          "rotation": [
            0,
            20,
            0
          ],
          "cubes": [
            {
              "origin": [
                -2.43969,
                6,
                -1.34202
              ],
              "size": [
                2,
                5,
                2
              ],
              "uv": {
                "north": {
                  "uv": [
                    27,
                    33
                  ],
                  "uv_size": [
                    -2,
                    5
                  ]
                },
                "east": {
                  "uv": [
                    33,
                    33
                  ],
                  "uv_size": [
                    -2,
                    5
                  ]
                },
                "south": {
                  "uv": [
                    31,
                    33
                  ],
                  "uv_size": [
                    -2,
                    5
                  ]
                },
                "west": {
                  "uv": [
                    29,
                    33
                  ],
                  "uv_size": [
                    -2,
                    5
                  ]
                },
                "up": {
                  "uv": [
                    12,
                    35
                  ],
                  "uv_size": [
                    -2,
                    2
                  ]
                },
                "down": {
                  "uv": [
                    37,
                    32
                  ],
                  "uv_size": [
                    -2,
                    -2
                  ]
                }
              }
            }
          ]
        },
        {
          "name": "Nees2",
          "parent": "Legs2",
          "pivot": [
            -1.93969,
            6,
            -0.34202
          ],
          "cubes": [
            {
              "origin": [
                -3.43969,
                1,
                -1.34202
              ],
              "size": [
                4,
                5,
                2
              ],
              "uv": {
                "north": {
                  "uv": [
                    21,
                    29
                  ],
                  "uv_size": [
                    -4,
                    5
                  ]
                },
                "east": {
                  "uv": [
                    9,
                    33
                  ],
                  "uv_size": [
                    -2,
                    5
                  ]
                },
                "south": {
                  "uv": [
                    34,
                    0
                  ],
                  "uv_size": [
                    -4,
                    5
                  ]
                },
                "west": {
                  "uv": [
                    7,
                    33
                  ],
                  "uv_size": [
                    -2,
                    5
                  ]
                },
                "up": {
                  "uv": [
                    37,
                    33
                  ],
                  "uv_size": [
                    -4,
                    2
                  ]
                },
                "down": {
                  "uv": [
                    38,
                    2
                  ],
                  "uv_size": [
                    -4,
                    -2
                  ]
                }
              }
            }
          ]
        },
        {
          "name": "Toes2",
          "parent": "Nees2",
          "pivot": [
            -0.93969,
            1,
            -0.34202
          ],
          "cubes": [
            {
              "origin": [
                -2.43969,
                0,
                -1.34202
              ],
              "size": [
                2,
                1,
                2
              ],
              "uv": {
                "north": {
                  "uv": [
                    37,
                    32
                  ],
                  "uv_size": [
                    -2,
                    1
                  ]
                },
                "east": {
                  "uv": [
                    25,
                    38
                  ],
                  "uv_size": [
                    -2,
                    1
                  ]
                },
                "south": {
                  "uv": [
                    40,
                    22
                  ],
                  "uv_size": [
                    -2,
                    1
                  ]
                },
                "west": {
                  "uv": [
                    40,
                    21
                  ],
                  "uv_size": [
                    -2,
                    1
                  ]
                },
                "up": {
                  "uv": [
                    35,
                    35
                  ],
                  "uv_size": [
                    -2,
                    2
                  ]
                },
                "down": {
                  "uv": [
                    37,
                    37
                  ],
                  "uv_size": [
                    -2,
                    -2
                  ]
                }
              }
            },
            {
              "origin": [
                -1.43969,
                0,
                -2.34202
              ],
              "size": [
                1,
                1,
                2
              ],
              "pivot": [
                1.06031,
                0,
                -0.34202
              ],
              "rotation": [
                0,
                -10,
                0
              ],
              "uv": {
                "north": {
                  "uv": [
                    22,
                    29
                  ],
                  "uv_size": [
                    -1,
                    1
                  ]
                },
                "east": {
                  "uv": [
                    29,
                    38
                  ],
                  "uv_size": [
                    -2,
                    1
                  ]
                },
                "south": {
                  "uv": [
                    40,
                    4
                  ],
                  "uv_size": [
                    -1,
                    1
                  ]
                },
                "west": {
                  "uv": [
                    27,
                    38
                  ],
                  "uv_size": [
                    -2,
                    1
                  ]
                },
                "up": {
                  "uv": [
                    30,
                    38
                  ],
                  "uv_size": [
                    -1,
                    2
                  ]
                },
                "down": {
                  "uv": [
                    31,
                    40
                  ],
                  "uv_size": [
                    -1,
                    -2
                  ]
                }
              }
            },
            {
              "origin": [
                -1.43969,
                0,
                -3.34202
              ],
              "size": [
                1,
                1,
                2
              ],
              "pivot": [
                1.06031,
                0,
                -0.34202
              ],
              "rotation": [
                0,
                17.5,
                0
              ],
              "uv": {
                "north": {
                  "uv": [
                    40,
                    11
                  ],
                  "uv_size": [
                    -1,
                    1
                  ]
                },
                "east": {
                  "uv": [
                    33,
                    38
                  ],
                  "uv_size": [
                    -2,
                    1
                  ]
                },
                "south": {
                  "uv": [
                    13,
                    39
                  ],
                  "uv_size": [
                    -1,
                    1
                  ]
                },
                "west": {
                  "uv": [
                    40,
                    28
                  ],
                  "uv_size": [
                    -2,
                    1
                  ]
                },
                "up": {
                  "uv": [
                    38,
                    38
                  ],
                  "uv_size": [
                    -1,
                    2
                  ]
                },
                "down": {
                  "uv": [
                    39,
                    40
                  ],
                  "uv_size": [
                    -1,
                    -2
                  ]
                }
              }
            }
          ]
        },
        {
          "name": "Body",
          "pivot": [
            0,
            11,
            0
          ],
          "cubes": [
            {
              "origin": [
                -2,
                11,
                -3
              ],
              "size": [
                5,
                9,
                5
              ],
              "uv": {
                "north": {
                  "uv": [
                    7,
                    0
                  ],
                  "uv_size": [
                    5,
                    9
                  ]
                },
                "east": {
                  "uv": [
                    7,
                    9
                  ],
                  "uv_size": [
                    5,
                    9
                  ]
                },
                "south": {
                  "uv": [
                    12,
                    0
                  ],
                  "uv_size": [
                    5,
                    9
                  ]
                },
                "west": {
                  "uv": [
                    12,
                    9
                  ],
                  "uv_size": [
                    5,
                    9
                  ]
                },
                "up": {
                  "uv": [
                    0,
                    22
                  ],
                  "uv_size": [
                    5,
                    5
                  ]
                },
                "down": {
                  "uv": [
                    5,
                    28
                  ],
                  "uv_size": [
                    5,
                    -5
                  ]
                }
              }
            },
            {
              "origin": [
                0,
                17,
                2
              ],
              "size": [
                1,
                1,
                12
              ],
              "pivot": [
                0,
                17,
                2
              ],
              "rotation": [
                27.5,
                0,
                0
              ],
              "uv": {
                "north": {
                  "uv": [
                    39,
                    18
                  ],
                  "uv_size": [
                    1,
                    1
                  ]
                },
                "east": {
                  "uv": [
                    32,
                    20
                  ],
                  "uv_size": [
                    12,
                    1
                  ]
                },
                "south": {
                  "uv": [
                    39,
                    19
                  ],
                  "uv_size": [
                    1,
                    1
                  ]
                },
                "west": {
                  "uv": [
                    32,
                    25
                  ],
                  "uv_size": [
                    12,
                    1
                  ]
                },
                "up": {
                  "uv": [
                    3,
                    32
                  ],
                  "uv_size": [
                    1,
                    12
                  ]
                },
                "down": {
                  "uv": [
                    4,
                    44
                  ],
                  "uv_size": [
                    1,
                    -12
                  ]
                }
              }
            },
            {
              "origin": [
                -3,
                11,
                -4
              ],
              "size": [
                7,
                4,
                7
              ],
              "uv": {
                "north": {
                  "uv": [
                    22,
                    9
                  ],
                  "uv_size": [
                    7,
                    4
                  ]
                },
                "east": {
                  "uv": [
                    22,
                    13
                  ],
                  "uv_size": [
                    7,
                    4
                  ]
                },
                "south": {
                  "uv": [
                    22,
                    17
                  ],
                  "uv_size": [
                    7,
                    4
                  ]
                },
                "west": {
                  "uv": [
                    22,
                    21
                  ],
                  "uv_size": [
                    7,
                    4
                  ]
                },
                "up": {
                  "uv": [
                    0,
                    0
                  ],
                  "uv_size": [
                    7,
                    7
                  ]
                },
                "down": {
                  "uv": [
                    0,
                    14
                  ],
                  "uv_size": [
                    7,
                    -7
                  ]
                }
              }
            }
          ]
        },
        {
          "name": "Fan",
          "parent": "Body",
          "pivot": [
            0,
            23,
            12
          ],
          "rotation": [
            117.50513,
            1.30282,
            3.13459
          ],
          "cubes": [
            {
              "origin": [
                -8.02274,
                22.11326,
                10.53829
              ],
              "size": [
                16,
                0,
                2
              ],
              "uv": {
                "north": {
                  "uv": [
                    0,
                    0
                  ],
                  "uv_size": [
                    16,
                    0
                  ]
                },
                "east": {
                  "uv": [
                    0,
                    0
                  ],
                  "uv_size": [
                    2,
                    0
                  ]
                },
                "south": {
                  "uv": [
                    0,
                    0
                  ],
                  "uv_size": [
                    16,
                    0
                  ]
                },
                "west": {
                  "uv": [
                    0,
                    0
                  ],
                  "uv_size": [
                    2,
                    0
                  ]
                },
                "up": {
                  "uv": [
                    22,
                    5
                  ],
                  "uv_size": [
                    16,
                    2
                  ]
                },
                "down": {
                  "uv": [
                    22,
                    9
                  ],
                  "uv_size": [
                    16,
                    -2
                  ]
                }
              }
            },
            {
              "origin": [
                -1.02274,
                22.11326,
                3.53829
              ],
              "size": [
                2,
                0,
                16
              ],
              "uv": {
                "north": {
                  "uv": [
                    0,
                    0
                  ],
                  "uv_size": [
                    2,
                    0
                  ]
                },
                "east": {
                  "uv": [
                    0,
                    0
                  ],
                  "uv_size": [
                    16,
                    0
                  ]
                },
                "south": {
                  "uv": [
                    0,
                    0
                  ],
                  "uv_size": [
                    2,
                    0
                  ]
                },
                "west": {
                  "uv": [
                    0,
                    0
                  ],
                  "uv_size": [
                    16,
                    0
                  ]
                },
                "up": {
                  "uv": [
                    13,
                    18
                  ],
                  "uv_size": [
                    2,
                    16
                  ]
                },
                "down": {
                  "uv": [
                    15,
                    34
                  ],
                  "uv_size": [
                    2,
                    -16
                  ]
                }
              }
            },
            {
              "origin": [
                -1.02274,
                21.11326,
                10.53829
              ],
              "size": [
                2,
                2,
                2
              ],
              "uv": {
                "north": {
                  "uv": [
                    37,
                    34
                  ],
                  "uv_size": [
                    2,
                    2
                  ]
                },
                "east": {
                  "uv": [
                    35,
                    37
                  ],
                  "uv_size": [
                    2,
                    2
                  ]
                },
                "south": {
                  "uv": [
                    37,
                    36
                  ],
                  "uv_size": [
                    2,
                    2
                  ]
                },
                "west": {
                  "uv": [
                    38,
                    0
                  ],
                  "uv_size": [
                    2,
                    2
                  ]
                },
                "up": {
                  "uv": [
                    5,
                    38
                  ],
                  "uv_size": [
                    2,
                    2
                  ]
                },
                "down": {
                  "uv": [
                    38,
                    7
                  ],
                  "uv_size": [
                    2,
                    -2
                  ]
                }
              }
            }
          ]
        },
        {
          "name": "Neck",
          "parent": "Body",
          "pivot": [
            0,
            0,
            0
          ],
          "cubes": [
            {
              "origin": [
                0,
                19,
                -1
              ],
              "size": [
                1,
                3,
                1
              ],
              "uv": {
                "north": {
                  "uv": [
                    2,
                    37
                  ],
                  "uv_size": [
                    1,
                    3
                  ]
                },
                "east": {
                  "uv": [
                    7,
                    38
                  ],
                  "uv_size": [
                    1,
                    3
                  ]
                },
                "south": {
                  "uv": [
                    38,
                    7
                  ],
                  "uv_size": [
                    1,
                    3
                  ]
                },
                "west": {
                  "uv": [
                    8,
                    38
                  ],
                  "uv_size": [
                    1,
                    3
                  ]
                },
                "up": {
                  "uv": [
                    39,
                    12
                  ],
                  "uv_size": [
                    1,
                    1
                  ]
                },
                "down": {
                  "uv": [
                    39,
                    14
                  ],
                  "uv_size": [
                    1,
                    -1
                  ]
                }
              }
            }
          ]
        },
        {
          "name": "Head",
          "parent": "Neck",
          "pivot": [
            0,
            21,
            0
          ],
          "cubes": [
            {
              "origin": [
                -2,
                21,
                -3
              ],
              "size": [
                5,
                5,
                5
              ],
              "uv": {
                "north": {
                  "uv": [
                    17,
                    24
                  ],
                  "uv_size": [
                    5,
                    5
                  ]
                },
                "east": {
                  "uv": [
                    22,
                    25
                  ],
                  "uv_size": [
                    5,
                    5
                  ]
                },
                "south": {
                  "uv": [
                    0,
                    27
                  ],
                  "uv_size": [
                    5,
                    5
                  ]
                },
                "west": {
                  "uv": [
                    27,
                    25
                  ],
                  "uv_size": [
                    5,
                    5
                  ]
                },
                "up": {
                  "uv": [
                    5,
                    28
                  ],
                  "uv_size": [
                    5,
                    5
                  ]
                },
                "down": {
                  "uv": [
                    29,
                    14
                  ],
                  "uv_size": [
                    5,
                    -5
                  ]
                }
              }
            },
            {
              "origin": [
                -2,
                25,
                -3
              ],
              "size": [
                5,
                1,
                8
              ],
              "pivot": [
                0,
                26,
                -3
              ],
              "rotation": [
                12.5,
                0,
                0
              ],
              "uv": {
                "north": {
                  "uv": [
                    34,
                    4
                  ],
                  "uv_size": [
                    5,
                    1
                  ]
                },
                "east": {
                  "uv": [
                    32,
                    29
                  ],
                  "uv_size": [
                    8,
                    1
                  ]
                },
                "south": {
                  "uv": [
                    34,
                    13
                  ],
                  "uv_size": [
                    5,
                    1
                  ]
                },
                "west": {
                  "uv": [
                    33,
                    24
                  ],
                  "uv_size": [
                    8,
                    1
                  ]
                },
                "up": {
                  "uv": [
                    0,
                    14
                  ],
                  "uv_size": [
                    5,
                    8
                  ]
                },
                "down": {
                  "uv": [
                    17,
                    8
                  ],
                  "uv_size": [
                    5,
                    -8
                  ]
                }
              }
            },
            {
              "origin": [
                -2,
                21,
                -2
              ],
              "size": [
                5,
                1,
                8
              ],
              "pivot": [
                0,
                26,
                -3
              ],
              "rotation": [
                -2.5,
                0,
                0
              ],
              "uv": {
                "north": {
                  "uv": [
                    35,
                    26
                  ],
                  "uv_size": [
                    5,
                    1
                  ]
                },
                "east": {
                  "uv": [
                    34,
                    2
                  ],
                  "uv_size": [
                    8,
                    1
                  ]
                },
                "south": {
                  "uv": [
                    35,
                    27
                  ],
                  "uv_size": [
                    5,
                    1
                  ]
                },
                "west": {
                  "uv": [
                    34,
                    3
                  ],
                  "uv_size": [
                    8,
                    1
                  ]
                },
                "up": {
                  "uv": [
                    17,
                    8
                  ],
                  "uv_size": [
                    5,
                    8
                  ]
                },
                "down": {
                  "uv": [
                    17,
                    24
                  ],
                  "uv_size": [
                    5,
                    -8
                  ]
                }
              }
            },
            {
              "origin": [
                -2.1,
                21.43197,
                -1.89382
              ],
              "size": [
                0,
                5,
                8
              ],
              "pivot": [
                0,
                25,
                2
              ],
              "rotation": [
                5,
                0,
                0
              ],
              "uv": {
                "north": {
                  "uv": [
                    0,
                    0
                  ],
                  "uv_size": [
                    0,
                    5
                  ]
                },
                "east": {
                  "uv": [
                    5,
                    18
                  ],
                  "uv_size": [
                    8,
                    5
                  ]
                },
                "south": {
                  "uv": [
                    0,
                    0
                  ],
                  "uv_size": [
                    0,
                    5
                  ]
                },
                "west": {
                  "uv": [
                    22,
                    0
                  ],
                  "uv_size": [
                    8,
                    5
                  ]
                },
                "up": {
                  "uv": [
                    0,
                    0
                  ],
                  "uv_size": [
                    0,
                    8
                  ]
                },
                "down": {
                  "uv": [
                    0,
                    8
                  ],
                  "uv_size": [
                    0,
                    -8
                  ]
                }
              }
            },
            {
              "origin": [
                3.1,
                21.43197,
                -1.89382
              ],
              "size": [
                0,
                5,
                8
              ],
              "pivot": [
                0,
                25,
                2
              ],
              "rotation": [
                5,
                0,
                0
              ],
              "uv": {
                "north": {
                  "uv": [
                    0,
                    0
                  ],
                  "uv_size": [
                    0,
                    5
                  ]
                },
                "east": {
                  "uv": [
                    30,
                    0
                  ],
                  "uv_size": [
                    -8,
                    5
                  ]
                },
                "south": {
                  "uv": [
                    0,
                    0
                  ],
                  "uv_size": [
                    0,
                    5
                  ]
                },
                "west": {
                  "uv": [
                    13,
                    18
                  ],
                  "uv_size": [
                    -8,
                    5
                  ]
                },
                "up": {
                  "uv": [
                    0,
                    0
                  ],
                  "uv_size": [
                    0,
                    8
                  ]
                },
                "down": {
                  "uv": [
                    0,
                    8
                  ],
                  "uv_size": [
                    0,
                    -8
                  ]
                }
              }
            },
            {
              "origin": [
                -1,
                22,
                -7
              ],
              "size": [
                3,
                3,
                5
              ],
              "pivot": [
                0,
                26,
                -3
              ],
              "rotation": [
                25,
                0,
                0
              ],
              "uv": {
                "north": {
                  "uv": [
                    32,
                    26
                  ],
                  "uv_size": [
                    3,
                    3
                  ]
                },
                "east": {
                  "uv": [
                    25,
                    30
                  ],
                  "uv_size": [
                    5,
                    3
                  ]
                },
                "south": {
                  "uv": [
                    33,
                    21
                  ],
                  "uv_size": [
                    3,
                    3
                  ]
                },
                "west": {
                  "uv": [
                    30,
                    30
                  ],
                  "uv_size": [
                    5,
                    3
                  ]
                },
                "up": {
                  "uv": [
                    10,
                    30
                  ],
                  "uv_size": [
                    3,
                    5
                  ]
                },
                "down": {
                  "uv": [
                    0,
                    37
                  ],
                  "uv_size": [
                    3,
                    -5
                  ]
                }
              }
            },
            {
              "origin": [
                0,
                22,
                -9
              ],
              "size": [
                1,
                2,
                2
              ],
              "pivot": [
                0,
                26,
                -3
              ],
              "rotation": [
                25,
                0,
                0
              ],
              "uv": {
                "north": {
                  "uv": [
                    0,
                    39
                  ],
                  "uv_size": [
                    1,
                    2
                  ]
                },
                "east": {
                  "uv": [
                    36,
                    9
                  ],
                  "uv_size": [
                    2,
                    2
                  ]
                },
                "south": {
                  "uv": [
                    1,
                    39
                  ],
                  "uv_size": [
                    1,
                    2
                  ]
                },
                "west": {
                  "uv": [
                    36,
                    11
                  ],
                  "uv_size": [
                    2,
                    2
                  ]
                },
                "up": {
                  "uv": [
                    39,
                    7
                  ],
                  "uv_size": [
                    1,
                    2
                  ]
                },
                "down": {
                  "uv": [
                    39,
                    11
                  ],
                  "uv_size": [
                    1,
                    -2
                  ]
                }
              }
            },
            {
              "origin": [
                -2.5,
                23,
                -1
              ],
              "size": [
                2,
                2,
                2
              ],
              "pivot": [
                0,
                0,
                0
              ],
              "rotation": [
                0,
                -10,
                0
              ],
              "uv": {
                "north": {
                  "uv": [
                    36,
                    14
                  ],
                  "uv_size": [
                    2,
                    2
                  ]
                },
                "east": {
                  "uv": [
                    36,
                    16
                  ],
                  "uv_size": [
                    2,
                    2
                  ]
                },
                "south": {
                  "uv": [
                    18,
                    36
                  ],
                  "uv_size": [
                    2,
                    2
                  ]
                },
                "west": {
                  "uv": [
                    36,
                    18
                  ],
                  "uv_size": [
                    2,
                    2
                  ]
                },
                "up": {
                  "uv": [
                    20,
                    36
                  ],
                  "uv_size": [
                    2,
                    2
                  ]
                },
                "down": {
                  "uv": [
                    36,
                    23
                  ],
                  "uv_size": [
                    2,
                    -2
                  ]
                }
              }
            },
            {
              "origin": [
                1.5,
                23,
                -1
              ],
              "size": [
                2,
                2,
                2
              ],
              "pivot": [
                0,
                0,
                0
              ],
              "rotation": [
                0,
                10,
                0
              ],
              "uv": {
                "north": {
                  "uv": [
                    38,
                    14
                  ],
                  "uv_size": [
                    -2,
                    2
                  ]
                },
                "east": {
                  "uv": [
                    38,
                    18
                  ],
                  "uv_size": [
                    -2,
                    2
                  ]
                },
                "south": {
                  "uv": [
                    20,
                    36
                  ],
                  "uv_size": [
                    -2,
                    2
                  ]
                },
                "west": {
                  "uv": [
                    38,
                    16
                  ],
                  "uv_size": [
                    -2,
                    2
                  ]
                },
                "up": {
                  "uv": [
                    22,
                    36
                  ],
                  "uv_size": [
                    -2,
                    2
                  ]
                },
                "down": {
                  "uv": [
                    38,
                    23
                  ],
                  "uv_size": [
                    -2,
                    -2
                  ]
                }
              }
            }
          ]
        },
        {
          "name": "Arm",
          "parent": "Body",
          "pivot": [
            3,
            20,
            0
          ],
          "rotation": [
            -19.9299,
            -1.70818,
            -12.19986
          ],
          "cubes": [
            {
              "origin": [
                3,
                13,
                -2
              ],
              "size": [
                1,
                7,
                3
              ],
              "uv": {
                "north": {
                  "uv": [
                    9,
                    33
                  ],
                  "uv_size": [
                    1,
                    7
                  ]
                },
                "east": {
                  "uv": [
                    10,
                    23
                  ],
                  "uv_size": [
                    3,
                    7
                  ]
                },
                "south": {
                  "uv": [
                    17,
                    34
                  ],
                  "uv_size": [
                    1,
                    7
                  ]
                },
                "west": {
                  "uv": [
                    29,
                    14
                  ],
                  "uv_size": [
                    3,
                    7
                  ]
                },
                "up": {
                  "uv": [
                    38,
                    10
                  ],
                  "uv_size": [
                    1,
                    3
                  ]
                },
                "down": {
                  "uv": [
                    13,
                    41
                  ],
                  "uv_size": [
                    1,
                    -3
                  ]
                }
              }
            },
            {
              "origin": [
                3,
                13,
                1
              ],
              "size": [
                1,
                3,
                1
              ],
              "uv": {
                "north": {
                  "uv": [
                    15,
                    38
                  ],
                  "uv_size": [
                    1,
                    3
                  ]
                },
                "east": {
                  "uv": [
                    16,
                    38
                  ],
                  "uv_size": [
                    1,
                    3
                  ]
                },
                "south": {
                  "uv": [
                    38,
                    17
                  ],
                  "uv_size": [
                    1,
                    3
                  ]
                },
                "west": {
                  "uv": [
                    18,
                    38
                  ],
                  "uv_size": [
                    1,
                    3
                  ]
                },
                "up": {
                  "uv": [
                    39,
                    14
                  ],
                  "uv_size": [
                    1,
                    1
                  ]
                },
                "down": {
                  "uv": [
                    39,
                    16
                  ],
                  "uv_size": [
                    1,
                    -1
                  ]
                }
              }
            },
            {
              "origin": [
                4,
                13,
                -2
              ],
              "size": [
                1,
                3,
                4
              ],
              "uv": {
                "north": {
                  "uv": [
                    19,
                    38
                  ],
                  "uv_size": [
                    1,
                    3
                  ]
                },
                "east": {
                  "uv": [
                    32,
                    14
                  ],
                  "uv_size": [
                    4,
                    3
                  ]
                },
                "south": {
                  "uv": [
                    20,
                    38
                  ],
                  "uv_size": [
                    1,
                    3
                  ]
                },
                "west": {
                  "uv": [
                    32,
                    17
                  ],
                  "uv_size": [
                    4,
                    3
                  ]
                },
                "up": {
                  "uv": [
                    24,
                    34
                  ],
                  "uv_size": [
                    1,
                    4
                  ]
                },
                "down": {
                  "uv": [
                    12,
                    39
                  ],
                  "uv_size": [
                    1,
                    -4
                  ]
                }
              }
            }
          ]
        },
        {
          "name": "Hand",
          "parent": "Arm",
          "pivot": [
            4,
            13,
            0
          ],
          "rotation": [
            -78.75686,
            27.0478,
            5.16524
          ],
          "cubes": [
            {
              "origin": [
                3,
                9,
                -2
              ],
              "size": [
                2,
                4,
                4
              ],
              "uv": {
                "north": {
                  "uv": [
                    5,
                    14
                  ],
                  "uv_size": [
                    2,
                    4
                  ]
                },
                "east": {
                  "uv": [
                    29,
                    21
                  ],
                  "uv_size": [
                    4,
                    4
                  ]
                },
                "south": {
                  "uv": [
                    34,
                    9
                  ],
                  "uv_size": [
                    2,
                    4
                  ]
                },
                "west": {
                  "uv": [
                    21,
                    30
                  ],
                  "uv_size": [
                    4,
                    4
                  ]
                },
                "up": {
                  "uv": [
                    13,
                    34
                  ],
                  "uv_size": [
                    2,
                    4
                  ]
                },
                "down": {
                  "uv": [
                    15,
                    38
                  ],
                  "uv_size": [
                    2,
                    -4
                  ]
                }
              }
            },
            {
              "origin": [
                4,
                8,
                -2
              ],
              "size": [
                1,
                1,
                3
              ],
              "uv": {
                "north": {
                  "uv": [
                    39,
                    16
                  ],
                  "uv_size": [
                    1,
                    1
                  ]
                },
                "east": {
                  "uv": [
                    35,
                    28
                  ],
                  "uv_size": [
                    3,
                    1
                  ]
                },
                "south": {
                  "uv": [
                    39,
                    17
                  ],
                  "uv_size": [
                    1,
                    1
                  ]
                },
                "west": {
                  "uv": [
                    36,
                    23
                  ],
                  "uv_size": [
                    3,
                    1
                  ]
                },
                "up": {
                  "uv": [
                    21,
                    38
                  ],
                  "uv_size": [
                    1,
                    3
                  ]
                },
                "down": {
                  "uv": [
                    22,
                    41
                  ],
                  "uv_size": [
                    1,
                    -3
                  ]
                }
              }
            },
            {
              "origin": [
                3,
                7,
                -2
              ],
              "size": [
                1,
                2,
                3
              ],
              "uv": {
                "north": {
                  "uv": [
                    10,
                    39
                  ],
                  "uv_size": [
                    1,
                    2
                  ]
                },
                "east": {
                  "uv": [
                    18,
                    34
                  ],
                  "uv_size": [
                    3,
                    2
                  ]
                },
                "south": {
                  "uv": [
                    11,
                    39
                  ],
                  "uv_size": [
                    1,
                    2
                  ]
                },
                "west": {
                  "uv": [
                    21,
                    34
                  ],
                  "uv_size": [
                    3,
                    2
                  ]
                },
                "up": {
                  "uv": [
                    14,
                    38
                  ],
                  "uv_size": [
                    1,
                    3
                  ]
                },
                "down": {
                  "uv": [
                    38,
                    17
                  ],
                  "uv_size": [
                    1,
                    -3
                  ]
                }
              }
            },
            {
              "origin": [
                2.5,
                5,
                -2
              ],
              "size": [
                2,
                2,
                2
              ],
              "pivot": [
                4,
                7,
                0
              ],
              "rotation": [
                27.5,
                0,
                0
              ],
              "uv": {
                "north": {
                  "uv": [
                    22,
                    36
                  ],
                  "uv_size": [
                    2,
                    2
                  ]
                },
                "east": {
                  "uv": [
                    0,
                    37
                  ],
                  "uv_size": [
                    2,
                    2
                  ]
                },
                "south": {
                  "uv": [
                    10,
                    37
                  ],
                  "uv_size": [
                    2,
                    2
                  ]
                },
                "west": {
                  "uv": [
                    37,
                    30
                  ],
                  "uv_size": [
                    2,
                    2
                  ]
                },
                "up": {
                  "uv": [
                    37,
                    32
                  ],
                  "uv_size": [
                    2,
                    2
                  ]
                },
                "down": {
                  "uv": [
                    33,
                    39
                  ],
                  "uv_size": [
                    2,
                    -2
                  ]
                }
              }
            }
          ]
        },
        {
          "name": "Arm2",
          "parent": "Body",
          "pivot": [
            -2,
            20,
            0
          ],
          "rotation": [
            -19.9299,
            1.70818,
            12.19986
          ],
          "cubes": [
            {
              "origin": [
                -3,
                13,
                -2
              ],
              "size": [
                1,
                7,
                3
              ],
              "uv": {
                "north": {
                  "uv": [
                    10,
                    33
                  ],
                  "uv_size": [
                    -1,
                    7
                  ]
                },
                "east": {
                  "uv": [
                    32,
                    14
                  ],
                  "uv_size": [
                    -3,
                    7
                  ]
                },
                "south": {
                  "uv": [
                    18,
                    34
                  ],
                  "uv_size": [
                    -1,
                    7
                  ]
                },
                "west": {
                  "uv": [
                    13,
                    23
                  ],
                  "uv_size": [
                    -3,
                    7
                  ]
                },
                "up": {
                  "uv": [
                    39,
                    10
                  ],
                  "uv_size": [
                    -1,
                    3
                  ]
                },
                "down": {
                  "uv": [
                    14,
                    41
                  ],
                  "uv_size": [
                    -1,
                    -3
                  ]
                }
              }
            },
            {
              "origin": [
                -3,
                13,
                1
              ],
              "size": [
                1,
                3,
                1
              ],
              "uv": {
                "north": {
                  "uv": [
                    16,
                    38
                  ],
                  "uv_size": [
                    -1,
                    3
                  ]
                },
                "east": {
                  "uv": [
                    19,
                    38
                  ],
                  "uv_size": [
                    -1,
                    3
                  ]
                },
                "south": {
                  "uv": [
                    39,
                    17
                  ],
                  "uv_size": [
                    -1,
                    3
                  ]
                },
                "west": {
                  "uv": [
                    17,
                    38
                  ],
                  "uv_size": [
                    -1,
                    3
                  ]
                },
                "up": {
                  "uv": [
                    40,
                    14
                  ],
                  "uv_size": [
                    -1,
                    1
                  ]
                },
                "down": {
                  "uv": [
                    40,
                    16
                  ],
                  "uv_size": [
                    -1,
                    -1
                  ]
                }
              }
            },
            {
              "origin": [
                -4,
                13,
                -2
              ],
              "size": [
                1,
                3,
                4
              ],
              "uv": {
                "north": {
                  "uv": [
                    20,
                    38
                  ],
                  "uv_size": [
                    -1,
                    3
                  ]
                },
                "east": {
                  "uv": [
                    36,
                    17
                  ],
                  "uv_size": [
                    -4,
                    3
                  ]
                },
                "south": {
                  "uv": [
                    21,
                    38
                  ],
                  "uv_size": [
                    -1,
                    3
                  ]
                },
                "west": {
                  "uv": [
                    36,
                    14
                  ],
                  "uv_size": [
                    -4,
                    3
                  ]
                },
                "up": {
                  "uv": [
                    25,
                    34
                  ],
                  "uv_size": [
                    -1,
                    4
                  ]
                },
                "down": {
                  "uv": [
                    13,
                    39
                  ],
                  "uv_size": [
                    -1,
                    -4
                  ]
                }
              }
            }
          ]
        },
        {
          "name": "Hand2",
          "parent": "Arm2",
          "pivot": [
            -3,
            13,
            0
          ],
          "rotation": [
            -78.75686,
            -27.0478,
            -5.16524
          ],
          "cubes": [
            {
              "origin": [
                -4,
                9,
                -2
              ],
              "size": [
                2,
                4,
                4
              ],
              "uv": {
                "north": {
                  "uv": [
                    7,
                    14
                  ],
                  "uv_size": [
                    -2,
                    4
                  ]
                },
                "east": {
                  "uv": [
                    25,
                    30
                  ],
                  "uv_size": [
                    -4,
                    4
                  ]
                },
                "south": {
                  "uv": [
                    36,
                    9
                  ],
                  "uv_size": [
                    -2,
                    4
                  ]
                },
                "west": {
                  "uv": [
                    33,
                    21
                  ],
                  "uv_size": [
                    -4,
                    4
                  ]
                },
                "up": {
                  "uv": [
                    15,
                    34
                  ],
                  "uv_size": [
                    -2,
                    4
                  ]
                },
                "down": {
                  "uv": [
                    17,
                    38
                  ],
                  "uv_size": [
                    -2,
                    -4
                  ]
                }
              }
            },
            {
              "origin": [
                -4,
                8,
                -2
              ],
              "size": [
                1,
                1,
                3
              ],
              "uv": {
                "north": {
                  "uv": [
                    40,
                    16
                  ],
                  "uv_size": [
                    -1,
                    1
                  ]
                },
                "east": {
                  "uv": [
                    39,
                    23
                  ],
                  "uv_size": [
                    -3,
                    1
                  ]
                },
                "south": {
                  "uv": [
                    40,
                    17
                  ],
                  "uv_size": [
                    -1,
                    1
                  ]
                },
                "west": {
                  "uv": [
                    38,
                    28
                  ],
                  "uv_size": [
                    -3,
                    1
                  ]
                },
                "up": {
                  "uv": [
                    22,
                    38
                  ],
                  "uv_size": [
                    -1,
                    3
                  ]
                },
                "down": {
                  "uv": [
                    23,
                    41
                  ],
                  "uv_size": [
                    -1,
                    -3
                  ]
                }
              }
            },
            {
              "origin": [
                -3,
                7,
                -2
              ],
              "size": [
                1,
                2,
                3
              ],
              "uv": {
                "north": {
                  "uv": [
                    11,
                    39
                  ],
                  "uv_size": [
                    -1,
                    2
                  ]
                },
                "east": {
                  "uv": [
                    24,
                    34
                  ],
                  "uv_size": [
                    -3,
                    2
                  ]
                },
                "south": {
                  "uv": [
                    12,
                    39
                  ],
                  "uv_size": [
                    -1,
                    2
                  ]
                },
                "west": {
                  "uv": [
                    21,
                    34
                  ],
                  "uv_size": [
                    -3,
                    2
                  ]
                },
                "up": {
                  "uv": [
                    15,
                    38
                  ],
                  "uv_size": [
                    -1,
                    3
                  ]
                },
                "down": {
                  "uv": [
                    39,
                    17
                  ],
                  "uv_size": [
                    -1,
                    -3
                  ]
                }
              }
            },
            {
              "origin": [
                -3.5,
                5,
                -2
              ],
              "size": [
                2,
                2,
                2
              ],
              "pivot": [
                -3,
                7,
                0
              ],
              "rotation": [
                27.5,
                0,
                0
              ],
              "uv": {
                "north": {
                  "uv": [
                    24,
                    36
                  ],
                  "uv_size": [
                    -2,
                    2
                  ]
                },
                "east": {
                  "uv": [
                    39,
                    30
                  ],
                  "uv_size": [
                    -2,
                    2
                  ]
                },
                "south": {
                  "uv": [
                    12,
                    37
                  ],
                  "uv_size": [
                    -2,
                    2
                  ]
                },
                "west": {
                  "uv": [
                    2,
                    37
                  ],
                  "uv_size": [
                    -2,
                    2
                  ]
                },
                "up": {
                  "uv": [
                    39,
                    32
                  ],
                  "uv_size": [
                    -2,
                    2
                  ]
                },
                "down": {
                  "uv": [
                    35,
                    39
                  ],
                  "uv_size": [
                    -2,
                    -2
                  ]
                }
              }
            }
          ]
        }
      ]
    }
  ]
}