{
  "format_version": "1.10.0",
  "minecraft:client_entity": {
    "description": { "identifier": "stk:quest2",
      "materials": {
        "default": "elytra",
        "haki": "haki"
      },
      "textures": {
        "deku": "textures/bnh/deku",
        "black": "textures/black"
      },
      "geometry": {
        "deku": "geometry.deku",
        "dekuoutline": "geometry.dekuoutline"
      },
      "animations": {
        "move": "animation.gohanteen.stop"
      },
      "scripts": {
        "animate": [
          "move"
        ]
      },
      "render_controllers": [ "controller.render.deku",
"controller.render.dekuoutline"]
    }
  }
}

















