{
  "format_version": "1.10.0",
  "minecraft:client_entity": {
    "description": { "identifier": "stk:quest5",
      "materials": {
        "default": "elytra"
      },
      "textures": {
        "goku": "textures/dbz/shenlong"
      },
      "geometry": {
        "goku": "geometry.shenlong"
        
      },
      "animations": {
        "move": "animation.shenlong.stop"
      },
      "scripts": {
        "animate": [
          "move"
        ]
      },
      "render_controllers": [ "controller.render.goku"]
    }
  }
}

















