{
	"format_version": "1.12.0",
	"minecraft:geometry": [
		{
			"description": {
				"identifier": "geometry.upgraded_cameraman_titan",
				"texture_width": 128,
				"texture_height": 128,
				"visible_bounds_width": 4,
				"visible_bounds_height": 3,
				"visible_bounds_offset": [0, 1.5, 0]
			},
			"bones": [
				{
					"name": "bone",
					"pivot": [0, 12, 0],
					"cubes": [
						{"origin": [-4, 12, -2], "size": [8, 2, 4], "uv": [0, 32]}
					]
				},
				{
					"name": "bone2",
					"parent": "bone",
					"pivot": [0, 13, 2],
					"cubes": [
						{"origin": [-4, 14, -2], "size": [8, 3, 4], "uv": [30, 3]}
					]
				},
				{
					"name": "bone3",
					"parent": "bone2",
					"pivot": [0, 17, 2],
					"cubes": [
						{"origin": [-4, 17, -2], "size": [8, 7, 4], "uv": [30, 0]},
						{"origin": [-3, 16, 2], "size": [6, 8, 3], "uv": [24, 32]},
						{"origin": [-3, 16, 5], "size": [6, 8, 3], "uv": [24, 32]},
						{"origin": [-2, 11, 9], "size": [4, 14, 4], "uv": [112, 0]},
						{"origin": [-2, 25, 9], "size": [4, 5, 4], "uv": [112, 0]},
						{"origin": [-9, 11, 6], "size": [4, 14, 4], "uv": [112, 0]},
						{"origin": [4, 11, 6], "size": [4, 14, 4], "uv": [112, 0]},
						{"origin": [-1, 20, 8], "size": [2, 3, 1], "uv": [26, 34]},
						{"origin": [3, 20, 7], "size": [1, 3, 2], "uv": [25, 33]},
						{"origin": [-4, 20, 7], "size": [1, 3, 2], "uv": [25, 33]},
						{"origin": [-4, 15, -4], "size": [1, 8, 2], "uv": [79, 22]},
						{"origin": [3, 15, -4], "size": [1, 8, 2], "uv": [79, 22]},
						{"origin": [3, 20, -6], "size": [1, 2, 2], "uv": [79, 22]},
						{"origin": [-1, 14, -6], "size": [2, 1, 2], "uv": [79, 22]},
						{"origin": [-1, 15, -6], "size": [2, 2, 1], "uv": [80, 23]},
						{"origin": [-4, 20, -6], "size": [1, 2, 2], "uv": [79, 22]},
						{"origin": [-3, 20, -6], "size": [2, 2, 1], "uv": [80, 23]},
						{"origin": [1, 20, -6], "size": [2, 2, 1], "uv": [80, 23]},
						{"origin": [-4, 23, -4], "size": [8, 1, 2], "uv": [79, 22]},
						{"origin": [-4, 14, -4], "size": [8, 1, 2], "uv": [79, 22]},
						{"origin": [-2, 18, -4], "size": [4, 4, 2], "uv": [16, 53]},
						{"origin": [-4, 17, 3], "size": [1, 6, 0], "uv": [28, 3], "mirror": true}
					]
				},
				{
					"name": "bone8",
					"parent": "bone3",
					"pivot": [5, 23, 0],
					"rotation": [0, 0, -5],
					"cubes": [
						{"origin": [4, 18, -2], "size": [4, 6, 4], "uv": [50, 7]},
						{"origin": [4, 18, 2], "size": [4, 6, 4], "uv": [50, 7]},
						{"origin": [4, 24, 2], "size": [1, 7, 1], "uv": [79, 10]},
						{"origin": [7, 24, 2], "size": [1, 7, 1], "uv": [79, 10]},
						{"origin": [5.5, 24, 2], "size": [1, 7, 1], "uv": [79, 10]},
						{"origin": [5.5, 24, 4], "size": [1, 7, 1], "uv": [79, 10]},
						{"origin": [5.5, 24, 5], "size": [1, 7, 1], "uv": [79, 10]},
						{"origin": [5.5, 31, 4.5], "size": [1, 4, 1], "uv": [79, 10]},
						{"origin": [6.5, 24, 5], "size": [1, 7, 1], "uv": [79, 10]},
						{"origin": [6.5, 24, 4], "size": [1, 7, 1], "uv": [79, 10]},
						{"origin": [4.5, 24, 4], "size": [1, 7, 1], "uv": [79, 10]},
						{"origin": [4.5, 24, 5], "size": [1, 7, 1], "uv": [79, 10]},
						{"origin": [4, 16, 2], "size": [4, 2, 4], "uv": [50, 7]}
					]
				},
				{
					"name": "bone9",
					"parent": "bone8",
					"pivot": [5, 18, 0],
					"rotation": [-7.5, 0, 0],
					"cubes": [
						{"origin": [4, 11, -2], "size": [4, 7, 4], "uv": [0, 38]},
						{"origin": [8, 11, -1.5], "size": [3, 6, 3], "uv": [66, 17]},
						{"origin": [8, 17, -1.5], "size": [1, 3, 3], "uv": [50, 17]},
						{"origin": [9, 19, -0.5], "size": [1, 1, 1], "uv": [59, 18]},
						{"origin": [10, 19, -0.5], "size": [1, 1, 1], "uv": [59, 18]},
						{"origin": [10, 17, -0.5], "size": [1, 1, 1], "uv": [59, 18]},
						{"origin": [10, 18, -0.5], "size": [1, 1, 1], "uv": [59, 18]},
						{"origin": [8.5, 10, -1.5], "size": [2, 1, 3], "uv": [50, 23]},
						{"origin": [9.1, 8, -0.5], "size": [1, 2, 1], "uv": [3, 41]}
					]
				},
				{
					"name": "bone12",
					"parent": "bone8",
					"pivot": [6, 24, 0],
					"rotation": [0, 0, 50],
					"cubes": [
						{"origin": [5, 24, -5], "size": [4, 4, 7], "uv": [19, 21]},
						{"origin": [8, 25, -6], "size": [1, 3, 1], "uv": [17, 28]},
						{"origin": [5, 25, -6], "size": [1, 3, 1], "uv": [17, 28]},
						{"origin": [6, 27, -7], "size": [2, 1, 2], "uv": [17, 29]},
						{"origin": [8, 26, -7], "size": [1, 2, 1], "uv": [17, 29]},
						{"origin": [5, 26, -7], "size": [1, 2, 1], "uv": [17, 29]}
					]
				},
				{
					"name": "bone10",
					"parent": "bone3",
					"pivot": [-5, 23, 0],
					"rotation": [0, 0, 5],
					"cubes": [
						{"origin": [-8, 18, -2], "size": [4, 6, 4], "uv": [50, 7]},
						{"origin": [-8, 18, 2], "size": [4, 6, 4], "uv": [50, 7]},
						{"origin": [-8, 16, 2], "size": [4, 2, 4], "uv": [50, 7]},
						{"origin": [-8, 24, 2], "size": [1, 7, 1], "uv": [79, 10]},
						{"origin": [-6.5, 24, 2], "size": [1, 7, 1], "uv": [79, 10]},
						{"origin": [-5.5, 24, 4], "size": [1, 7, 1], "uv": [79, 10]},
						{"origin": [-7.5, 24, 4], "size": [1, 7, 1], "uv": [79, 10]},
						{"origin": [-7.5, 24, 5], "size": [1, 7, 1], "uv": [79, 10]},
						{"origin": [-5.5, 24, 5], "size": [1, 7, 1], "uv": [79, 10]},
						{"origin": [-6.5, 24, 5], "size": [1, 7, 1], "uv": [79, 10]},
						{"origin": [-6.5, 31, 4.5], "size": [1, 4, 1], "uv": [79, 10]},
						{"origin": [-6.5, 24, 4], "size": [1, 7, 1], "uv": [79, 10]},
						{"origin": [-5, 24, 2], "size": [1, 7, 1], "uv": [79, 10]}
					]
				},
				{
					"name": "bone15",
					"parent": "bone10",
					"pivot": [0, 27, 4]
				},
				{
					"name": "bone11",
					"parent": "bone10",
					"pivot": [-5, 18, 0],
					"rotation": [-7.5, 0, 0],
					"cubes": [
						{"origin": [-8, 11, -2], "size": [4, 7, 4], "uv": [0, 38]},
						{"origin": [-7, 11, -13], "size": [2, 2, 21], "uv": [0, 63]},
						{"origin": [-9, 8, -19], "size": [6, 8, 6], "uv": [25, 70]},
						{"origin": [-8, 7, -18], "size": [4, 1, 4], "uv": [27, 72]},
						{"origin": [-10, 6, -20], "size": [8, 1, 8], "uv": [23, 68]},
						{"origin": [-10, 5, -20], "size": [8, 1, 8], "uv": [23, 68]},
						{"origin": [-10, 4, -20], "size": [8, 1, 8], "uv": [23, 68]},
						{"origin": [-10, 3, -20], "size": [8, 1, 8], "uv": [23, 68]},
						{"origin": [-10, 2, -20], "size": [8, 1, 8], "uv": [23, 68]},
						{"origin": [-10, 1, -20], "size": [8, 1, 8], "uv": [23, 68]},
						{"origin": [-8, 16, -18], "size": [4, 1, 4], "uv": [27, 72]},
						{"origin": [-9, 17, -19], "size": [6, 1, 6], "uv": [25, 70]},
						{"origin": [-10, 18, -20], "size": [8, 1, 8], "uv": [23, 68]},
						{"origin": [-10, 19, -20], "size": [8, 1, 8], "uv": [23, 68]}
					]
				},
				{
					"name": "bone14",
					"parent": "bone10",
					"pivot": [6, 24, 0]
				},
				{
					"name": "bone18",
					"parent": "bone10",
					"pivot": [6, 24, 0],
					"rotation": [0, 0, 50],
					"cubes": [
						{"origin": [-5, 11, -5], "size": [4, 4, 7], "uv": [19, 21]},
						{"origin": [-5, 12, -7], "size": [1, 2, 2], "uv": [17, 28]},
						{"origin": [-5, 11, -6], "size": [3, 1, 1], "uv": [17, 30]},
						{"origin": [-5, 14, -6], "size": [3, 1, 1], "uv": [17, 30]},
						{"origin": [-5, 14, -7], "size": [2, 1, 1], "uv": [17, 30]},
						{"origin": [-5, 11, -7], "size": [2, 1, 1], "uv": [17, 30]}
					]
				},
				{
					"name": "head",
					"parent": "bone3",
					"pivot": [0, 25, 0],
					"cubes": [
						{"origin": [-2.5, 24, -5], "size": [5, 5, 10], "uv": [0, 0]},
						{"origin": [-2.5, 24, 5], "size": [5, 5, 2], "uv": [8, 8]},
						{"origin": [2.5, 26, -3], "size": [2, 2, 5], "uv": [48, 52]},
						{"origin": [2.5, 26, -5], "size": [2, 2, 1], "uv": [20, 7]},
						{"origin": [3, 26.5, -4], "size": [1, 1, 1], "uv": [22, 15]},
						{"origin": [-2.5, 25, -6], "size": [1, 4, 1], "uv": [0, 10]},
						{"origin": [1.5, 25, -6], "size": [1, 4, 1], "uv": [0, 10]},
						{"origin": [-1.5, 28, -7], "size": [3, 1, 2], "uv": [17, 11]},
						{"origin": [-0.5, 29, -6], "size": [1, 3, 1], "uv": [12, 38]},
						{"origin": [-0.5, 29, -1], "size": [1, 3, 8], "uv": [62, 0]},
						{"origin": [-0.5, 32, 1], "size": [1, 1, 6], "uv": [50, 9]},
						{"origin": [-0.5, 33, 2], "size": [1, 1, 5], "uv": [51, 10]},
						{"origin": [-0.5, 34, 0], "size": [1, 1, 8], "uv": [51, 8]},
						{"origin": [-2.5, 26, -7], "size": [1, 3, 1], "uv": [0, 11]},
						{"origin": [1.5, 26, -7], "size": [1, 3, 1], "uv": [0, 11]},
						{"origin": [-1.1, 25.5, -6], "size": [2, 2, 1], "uv": [6, 28]},
						{"origin": [3.1, 28, -1], "size": [1, 2, 3], "uv": [17, 15]},
						{"origin": [3.1, 28, -2], "size": [1, 3, 0], "uv": [0, 5]},
						{"origin": [3.1, 24.3, -2], "size": [1, 2, 3], "uv": [0, 5]},
						{"origin": [-4.5, 26, -3], "size": [2, 2, 5], "uv": [48, 52], "mirror": true},
						{"origin": [-4.1, 28, -1], "size": [1, 2, 3], "uv": [17, 15], "mirror": true},
						{"origin": [-4.1, 24.3, -2], "size": [1, 2, 3], "uv": [0, 5], "mirror": true},
						{"origin": [-4.1, 28, -2], "size": [1, 3, 0], "uv": [0, 5], "mirror": true},
						{"origin": [-4, 26.5, -4], "size": [1, 1, 1], "uv": [22, 15], "mirror": true},
						{"origin": [-4.5, 26, -5], "size": [2, 2, 1], "uv": [20, 7], "mirror": true}
					]
				},
				{
					"name": "bone16",
					"parent": "bone3",
					"pivot": [7, 11, 4]
				},
				{
					"name": "bone17",
					"parent": "bone3",
					"pivot": [-7, 11, 4]
				},
				{
					"name": "bone19",
					"parent": "bone3",
					"pivot": [5, 13, 3]
				},
				{
					"name": "bone20",
					"parent": "bone3",
					"pivot": [-5, 13, 3]
				},
				{
					"name": "bone21",
					"parent": "bone3",
					"pivot": [0, 28, 2]
				},
				{
					"name": "bone22",
					"parent": "bone3",
					"pivot": [0, 30, 11],
					"cubes": [
						{"origin": [2, 25, 10], "size": [11, 5, 2], "pivot": [0, 30, 11], "rotation": [0, 0, 12.5], "uv": [102, 121]},
						{"origin": [2, 15, 10], "size": [19, 8, 2], "pivot": [0, 30, 11], "rotation": [0, 0, 12.5], "uv": [102, 121]},
						{"origin": [21, 15, 10], "size": [1, 6, 2], "pivot": [0, 30, 11], "rotation": [0, 0, 12.5], "uv": [102, 121]},
						{"origin": [22, 15, 10], "size": [1, 5, 2], "pivot": [0, 30, 11], "rotation": [0, 0, 12.5], "uv": [102, 121]},
						{"origin": [24, 15, 10], "size": [1, 2, 2], "pivot": [0, 30, 11], "rotation": [0, 0, 12.5], "uv": [102, 121]},
						{"origin": [23, 15, 10], "size": [1, 3, 2], "pivot": [0, 30, 11], "rotation": [0, 0, 12.5], "uv": [102, 121]},
						{"origin": [13, 25, 10], "size": [2, 4, 2], "pivot": [0, 30, 11], "rotation": [0, 0, 12.5], "uv": [0, 0]},
						{"origin": [15, 25, 10], "size": [1, 3, 2], "pivot": [0, 30, 11], "rotation": [0, 0, 12.5], "uv": [0, 0]},
						{"origin": [-13, 25, 10], "size": [11, 5, 2], "pivot": [0, 30, 11], "rotation": [0, 0, -12.5], "uv": [102, 121], "mirror": true},
						{"origin": [-15, 25, 10], "size": [2, 4, 2], "pivot": [0, 30, 11], "rotation": [0, 0, -12.5], "uv": [0, 0], "mirror": true},
						{"origin": [-16, 25, 10], "size": [1, 3, 2], "pivot": [0, 30, 11], "rotation": [0, 0, -12.5], "uv": [0, 0], "mirror": true},
						{"origin": [-21, 15, 10], "size": [19, 8, 2], "pivot": [0, 30, 11], "rotation": [0, 0, -12.5], "uv": [102, 121], "mirror": true},
						{"origin": [-22, 15, 10], "size": [1, 6, 2], "pivot": [0, 30, 11], "rotation": [0, 0, -12.5], "uv": [102, 121], "mirror": true},
						{"origin": [-23, 15, 10], "size": [1, 5, 2], "pivot": [0, 30, 11], "rotation": [0, 0, -12.5], "uv": [102, 121], "mirror": true},
						{"origin": [-24, 15, 10], "size": [1, 3, 2], "pivot": [0, 30, 11], "rotation": [0, 0, -12.5], "uv": [102, 121], "mirror": true},
						{"origin": [-25, 15, 10], "size": [1, 2, 2], "pivot": [0, 30, 11], "rotation": [0, 0, -12.5], "uv": [102, 121], "mirror": true}
					]
				},
				{
					"name": "bone13",
					"parent": "bone2",
					"pivot": [1, 26, 8]
				},
				{
					"name": "bone4",
					"parent": "bone",
					"pivot": [-2, 12, 0],
					"rotation": [0, 0, 2.5],
					"cubes": [
						{"origin": [-4, 6, -2], "size": [4, 6, 4], "uv": [42, 28]}
					]
				},
				{
					"name": "bone5",
					"parent": "bone4",
					"pivot": [-2, 6, 0],
					"cubes": [
						{"origin": [-4, 0, -2], "size": [4, 6, 4], "uv": [34, 18]}
					]
				},
				{
					"name": "bone6",
					"parent": "bone",
					"pivot": [2, 12, 0],
					"rotation": [0, 0, -2.5],
					"cubes": [
						{"origin": [0, 6, -2], "size": [4, 6, 4], "uv": [42, 28]}
					]
				},
				{
					"name": "bone7",
					"parent": "bone6",
					"pivot": [2, 6, 0],
					"cubes": [
						{"origin": [0, 0, -2], "size": [4, 6, 4], "uv": [34, 18]}
					]
				}
			]
		}
	]
}