{
	"format_version": "1.12.0",
	"minecraft:geometry": [
		{
			"description": {
				"identifier": "geometry.upgraded_speakerman_titan",
				"texture_width": 128,
				"texture_height": 128,
				"visible_bounds_width": 4,
				"visible_bounds_height": 3,
				"visible_bounds_offset": [0, 1.5, 0]
			},
			"bones": [
				{
					"name": "bone",
					"pivot": [0, 12, 0],
					"cubes": [
						{"origin": [-4, 12, -2], "size": [8, 2, 4], "uv": [0, 51]}
					]
				},
				{
					"name": "bone2",
					"parent": "bone",
					"pivot": [0, 13, 2],
					"cubes": [
						{"origin": [-4, 14, -2], "size": [8, 3, 4], "uv": [48, 31]},
						{"origin": [-3, 15, -4], "size": [6, 4, 2], "uv": [72, 63]}
					]
				},
				{
					"name": "bone3",
					"parent": "bone2",
					"pivot": [0, 17, 2],
					"cubes": [
						{"origin": [-4, 17, -2], "size": [8, 7, 4], "uv": [24, 0]},
						{"origin": [-4, 13, 2], "size": [8, 11, 4], "uv": [0, 0]},
						{"origin": [-5, 18, 3], "size": [1, 2, 2], "uv": [48, 55]},
						{"origin": [4, 18, 3], "size": [1, 2, 2], "uv": [48, 49]},
						{"origin": [-9, 11, 2], "size": [4, 12, 4], "uv": [44, 44]},
						{"origin": [5, 11, 2], "size": [4, 12, 4], "uv": [44, 44]},
						{"origin": [-2, 19, -5], "size": [4, 4, 3], "uv": [69, 28]},
						{"origin": [-4, 19.5, -4], "size": [2, 3, 2], "uv": [0, 70]},
						{"origin": [2, 19.5, -4], "size": [2, 3, 2], "uv": [0, 70]}
					]
				},
				{
					"name": "bone8",
					"parent": "bone3",
					"pivot": [5, 23, 0],
					"rotation": [0, 0, -5],
					"cubes": [
						{"origin": [4, 18, -2], "size": [4, 6, 4], "uv": [68, 10]}
					]
				},
				{
					"name": "bone9",
					"parent": "bone8",
					"pivot": [5, 18, 0],
					"rotation": [-7.5, 0, 0],
					"cubes": [
						{"origin": [4, 9, -2], "size": [4, 9, 4], "uv": [56, 56]},
						{"origin": [8, 8, -1.5], "size": [3, 12, 3], "uv": [42, 70]},
						{"origin": [11, 6, -0.5], "size": [1, 3, 1], "uv": [42, 81]},
						{"origin": [9, 6, 1.5], "size": [1, 3, 1], "uv": [42, 81]},
						{"origin": [9, 6, -2.5], "size": [1, 3, 1], "uv": [42, 81]},
						{"origin": [9, 6, -1.5], "size": [1, 1, 1], "uv": [42, 81]},
						{"origin": [10, 6, -0.5], "size": [1, 1, 1], "uv": [42, 81]},
						{"origin": [9, 6, 0.5], "size": [1, 1, 1], "uv": [42, 81]}
					]
				},
				{
					"name": "bone10",
					"parent": "bone3",
					"pivot": [-5, 23, 0],
					"rotation": [0, 0, 5],
					"cubes": [
						{"origin": [-8, 18, -2], "size": [4, 6, 4], "uv": [68, 10]}
					]
				},
				{
					"name": "bone15",
					"parent": "bone10",
					"pivot": [0, 27, 4]
				},
				{
					"name": "bone11",
					"parent": "bone10",
					"pivot": [-5, 18, 0],
					"rotation": [-7.5, 0, 0],
					"cubes": [
						{"origin": [-11, 8, -1.5], "size": [3, 12, 3], "uv": [42, 70]},
						{"origin": [-12, 6, -0.5], "size": [1, 3, 1], "uv": [42, 81]},
						{"origin": [-8, 9, -2], "size": [4, 9, 4], "uv": [56, 56]},
						{"origin": [-10, 6, -1.5], "size": [1, 1, 1], "uv": [42, 83]},
						{"origin": [-11, 6, -0.5], "size": [1, 1, 1], "uv": [42, 83]},
						{"origin": [-10, 6, 0.5], "size": [1, 1, 1], "uv": [42, 83]},
						{"origin": [-10, 6, 1.5], "size": [1, 3, 1], "uv": [42, 81]},
						{"origin": [-10, 6, -2.5], "size": [1, 3, 1], "uv": [42, 81]},
						{"origin": [-11, 20, -1.5], "size": [1, 4, 1], "uv": [38, 57]},
						{"origin": [-11, 23, -0.5], "size": [1, 1, 1], "uv": [38, 68]},
						{"origin": [-11, 20, 0.5], "size": [1, 4, 1], "uv": [38, 57]}
					]
				},
				{
					"name": "head",
					"parent": "bone3",
					"pivot": [0, 25, 0],
					"cubes": [
						{"origin": [-4, 24, -3], "size": [8, 4, 2], "uv": [50, 25]},
						{"origin": [-4, 24, -1], "size": [8, 10, 2], "uv": [48, 0]},
						{"origin": [-4, 34, 0], "size": [8, 2, 1], "uv": [49, 1]},
						{"origin": [-1, 34, 0], "size": [2, 2, 1], "uv": [49, 1]},
						{"origin": [-1, 34, 5], "size": [2, 2, 1], "uv": [49, 1]},
						{"origin": [-1, 36, 0], "size": [2, 1, 2], "uv": [48, 0]},
						{"origin": [-1, 36, 4], "size": [2, 1, 1], "uv": [49, 1]},
						{"origin": [-3, 37, 2], "size": [1, 1, 2], "uv": [48, 0]},
						{"origin": [-4, 24, 5], "size": [8, 10, 1], "uv": [24, 51]},
						{"origin": [-2, 28, -3], "size": [4, 6, 2], "uv": [54, 14]},
						{"origin": [3, 34, 2], "size": [1, 3, 2], "uv": [48, 0], "mirror": true},
						{"origin": [2, 37, 2], "size": [1, 1, 2], "uv": [48, 0], "mirror": true},
						{"origin": [3, 24, 1], "size": [1, 10, 4], "uv": [46, -2], "mirror": true},
						{"origin": [-4, 34, 2], "size": [1, 3, 2], "uv": [48, 0]},
						{"origin": [-4, 24, 1], "size": [1, 10, 4], "uv": [46, -2]},
						{"origin": [3, 24, 1], "size": [1, 10, 4], "uv": [46, -2], "mirror": true}
					]
				},
				{
					"name": "bone14",
					"parent": "head",
					"pivot": [0, 25, 6],
					"cubes": [
						{"origin": [5, 26, 2], "size": [4, 14, 5], "pivot": [0, 25, 6], "rotation": [0, 0, 25], "uv": [18, 15]},
						{"origin": [-9, 26, 2], "size": [4, 14, 5], "pivot": [0, 25, 6], "rotation": [0, 0, -25], "uv": [18, 15], "mirror": true},
						{"origin": [-9, 26, 2], "size": [4, 14, 5], "pivot": [0, 25, 6], "rotation": [0, 0, -25], "uv": [18, 15], "mirror": true},
						{"origin": [-10, 38, 4], "size": [1, 2, 1], "pivot": [0, 25, 6], "rotation": [0, 0, -25], "uv": [32, 45], "mirror": true},
						{"origin": [-10, 26, 4], "size": [1, 2, 1], "pivot": [0, 25, 6], "rotation": [0, 0, -25], "uv": [32, 45], "mirror": true},
						{"origin": [-10, 29, 4], "size": [1, 2, 1], "pivot": [0, 25, 6], "rotation": [0, 0, -25], "uv": [32, 45], "mirror": true},
						{"origin": [-10, 32, 4], "size": [1, 2, 1], "pivot": [0, 25, 6], "rotation": [0, 0, -25], "uv": [32, 45], "mirror": true},
						{"origin": [-10, 35, 4], "size": [1, 2, 1], "pivot": [0, 25, 6], "rotation": [0, 0, -25], "uv": [32, 45], "mirror": true},
						{"origin": [-11, 25, 2], "size": [1, 16, 5], "pivot": [0, 25, 6], "rotation": [0, 0, -25], "uv": [19, 73], "mirror": true},
						{"origin": [9, 38, 4], "size": [1, 2, 1], "pivot": [0, 25, 6], "rotation": [0, 0, 25], "uv": [32, 45]},
						{"origin": [9, 35, 4], "size": [1, 2, 1], "pivot": [0, 25, 6], "rotation": [0, 0, 25], "uv": [32, 45]},
						{"origin": [9, 26, 4], "size": [1, 2, 1], "pivot": [0, 25, 6], "rotation": [0, 0, 25], "uv": [32, 45]},
						{"origin": [9, 29, 4], "size": [1, 2, 1], "pivot": [0, 25, 6], "rotation": [0, 0, 25], "uv": [32, 45]},
						{"origin": [9, 32, 4], "size": [1, 2, 1], "pivot": [0, 25, 6], "rotation": [0, 0, 25], "uv": [32, 45]},
						{"origin": [9, 35, 4], "size": [1, 2, 1], "pivot": [0, 25, 6], "rotation": [0, 0, 25], "uv": [32, 45]},
						{"origin": [10, 25, 2], "size": [1, 16, 5], "pivot": [0, 25, 6], "rotation": [0, 0, 25], "uv": [19, 73]}
					]
				},
				{
					"name": "bone18",
					"parent": "head",
					"pivot": [0, 34, 0]
				},
				{
					"name": "bone12",
					"parent": "head",
					"pivot": [0, 27, 4],
					"cubes": [
						{"origin": [3, 25, 3], "size": [4, 13, 4], "pivot": [0, 27, 4], "rotation": [0, 0, 12.5], "uv": [0, 34]},
						{"origin": [-7, 25, 3], "size": [4, 13, 4], "pivot": [0, 27, 4], "rotation": [0, 0, -12.5], "uv": [0, 34], "mirror": true}
					]
				},
				{
					"name": "bone16",
					"parent": "bone3",
					"pivot": [7, 11, 4],
					"cubes": [
						{"origin": [5, 6, 2], "size": [4, 5, 4], "uv": [2, 78]}
					]
				},
				{
					"name": "bone17",
					"parent": "bone3",
					"pivot": [-7, 11, 4],
					"cubes": [
						{"origin": [-9, 6, 2], "size": [4, 5, 4], "uv": [2, 78]}
					]
				},
				{
					"name": "bone19",
					"parent": "bone3",
					"pivot": [5, 23, 0],
					"rotation": [0, 0, -5]
				},
				{
					"name": "bone20",
					"parent": "bone19",
					"pivot": [5, 18, 0],
					"rotation": [-7.5, 0, 0],
					"cubes": [
						{"origin": [10, 20, -1.5], "size": [1, 4, 1], "uv": [38, 57], "mirror": true}
					]
				},
				{
					"name": "bone21",
					"parent": "bone3",
					"pivot": [5, 23, 0],
					"rotation": [0, 0, -5]
				},
				{
					"name": "bone22",
					"parent": "bone21",
					"pivot": [5, 18, 0],
					"rotation": [-7.5, 0, 0],
					"cubes": [
						{"origin": [10, 20, 0.5], "size": [1, 4, 1], "uv": [38, 57], "mirror": true}
					]
				},
				{
					"name": "bone23",
					"parent": "bone3",
					"pivot": [5, 23, 0],
					"rotation": [0, 0, -5]
				},
				{
					"name": "bone24",
					"parent": "bone23",
					"pivot": [5, 18, 0],
					"rotation": [-7.5, 0, 0],
					"cubes": [
						{"origin": [10, 23, -0.5], "size": [1, 1, 1], "uv": [38, 68], "mirror": true}
					]
				},
				{
					"name": "bone13",
					"parent": "bone2",
					"pivot": [1, 26, 8]
				},
				{
					"name": "bone4",
					"parent": "bone",
					"pivot": [-2, 12, 0],
					"rotation": [0, 0, 2.5],
					"cubes": [
						{"origin": [-4, 6, -2], "size": [4, 6, 4], "uv": [60, 44]}
					]
				},
				{
					"name": "bone5",
					"parent": "bone4",
					"pivot": [-2, 6, 0],
					"cubes": [
						{"origin": [-4, 0, -2], "size": [4, 6, 4], "uv": [38, 60]}
					]
				},
				{
					"name": "bone6",
					"parent": "bone",
					"pivot": [2, 12, 0],
					"rotation": [0, 0, -2.5],
					"cubes": [
						{"origin": [0, 6, -2], "size": [4, 6, 4], "uv": [60, 44]}
					]
				},
				{
					"name": "bone7",
					"parent": "bone6",
					"pivot": [2, 6, 0],
					"cubes": [
						{"origin": [0, 0, -2], "size": [4, 6, 4], "uv": [38, 60]}
					]
				}
			]
		}
	]
}