{
	"format_version": "1.8.0",
	"animations": {
		"animation.wither_titan.spawn": {
			"animation_length": 20,
			"bones": {
				"upperBodyPart1": {
					"position": {
						"0.0": [0, 17, 0],
						"20.0": [0, 0, 0]
					}
				},
				"bone": {
					"rotation": {
						"0.0": [180, 0, 0],
						"3.0": [0, 0, 0]
					},
					"position": {
						"0.0": [0, 31, 0],
						"3.0": [0, 0, 0]
					}
				},
				"head1": {
					"rotation": {
						"0.0": [-90, 0, 0],
						"3.0": [0, 0, 0]
					}
				},
				"head2": {
					"rotation": {
						"0.0": [-90, 0, 0],
						"3.0": [0, 0, 0]
					}
				},
				"head3": {
					"rotation": {
						"0.0": [-90, 0, 0],
						"3.0": [0, 0, 0]
					}
				}
			}
		}
	}
}