{
	"format_version": "1.8.0",
	"animations": {
		"animation.wither_turret.sky": {
			"loop": true,
			"bones": {
				"bone": {
					"rotation": [0, "query.anim_time*(variable.has_target==0?360:0)", 0]
				}
			}
		},
		"animation.wither_titan.look": {
			"loop": true,
			"bones": {
				"head1": {
					"rotation": ["query.target_x_rotation", "query.target_y_rotation", 0]
				},
				"head2": {
					"rotation": ["query.target_x_rotation", "query.target_y_rotation", 0]
				},
				"head3": {
					"rotation": ["query.target_x_rotation", "query.target_y_rotation", 0]
				}
			}
		},
		"animation.sj_titan.look": {
			"loop": true,
			"bones": {
				"head1": {
					"rotation": ["query.target_x_rotation", "query.target_y_rotation", 0]
				},
				"head": {
					"rotation": [0, "query.target_y_rotation", 0]
				},
				"head2": {
					"rotation": ["query.target_x_rotation", "query.target_y_rotation", 0]
				},
				"bone20": {
					"rotation": ["query.target_x_rotation * 0.09", "query.target_y_rotation * 0.2", 0]
				},
				"bone21": {
					"rotation": ["query.target_x_rotation * 0.12", "query.target_y_rotation * 0.3", 0]
				}
			}
		}
	}
}