{
	"format_version": "1.12.0",
	"minecraft:geometry": [
		{
			"description": {
				"identifier": "geometry.arco2",
				"texture_width": 128,
				"texture_height": 128,
				"visible_bounds_width": 15,
				"visible_bounds_height": 15,
				"visible_bounds_offset": [0, 0.5, 0]
			},
			"bones": [
				{
					"name": "body",
					"pivot": [0, 24, 0],
					"cubes": [
						{
							"origin": [-4.1, 12, -2.1],
							"size": [8.2, 12.1, 4.2],
							"uv": {
								"north": {"uv": [26.30262, 40.29128], "uv_size": [30.63467, 44.13867]},
								"east": {"uv": [26.30262, 40.29128], "uv_size": [1.45067, 44.13867]},
								"south": {"uv": [70.84662, 40.29128], "uv_size": [30.63467, 44.13867]},
								"west": {"uv": [54.97462, 40.29128], "uv_size": [1.96267, 44.13867]},
								"up": {"uv": [56.93728, 41.42194], "uv_size": [-30.63467, -1.13067]},
								"down": {"uv": [56.93728, 84.42994], "uv_size": [-30.63467, -1.64267]}
							}
						}
					]
				},
				{
					"name": "bone",
					"parent": "body",
					"pivot": [0, 0, 0],
					"cubes": [
						{
							"origin": [-2.1, 12, 1.9],
							"size": [3.2, 3.1, 3.2],
							"uv": {
								"north": {"uv": [42.65614, 111.14842], "uv_size": [10.82515, 11.99848]},
								"east": {"uv": [42.65614, 111.14842], "uv_size": [10.82515, 11.99848]},
								"south": {"uv": [42.65614, 111.14842], "uv_size": [10.82515, 11.99848]},
								"west": {"uv": [42.65614, 111.14842], "uv_size": [10.82515, 11.99848]},
								"up": {"uv": [53.48129, 123.1469], "uv_size": [-10.82515, -11.99848]},
								"down": {"uv": [53.48129, 123.1469], "uv_size": [-10.82515, -11.99848]}
							}
						},
						{
							"origin": [-2.1, 10, 8.9],
							"size": [3.2, 3.1, 3.2],
							"pivot": [0, 0, 0],
							"rotation": [17.5, 0, 0],
							"uv": {
								"north": {"uv": [42.65614, 111.14842], "uv_size": [10.82515, 11.99848]},
								"east": {"uv": [42.65614, 111.14842], "uv_size": [10.82515, 11.99848]},
								"south": {"uv": [42.65614, 111.14842], "uv_size": [10.82515, 11.99848]},
								"west": {"uv": [42.65614, 111.14842], "uv_size": [10.82515, 11.99848]},
								"up": {"uv": [53.48129, 123.1469], "uv_size": [-10.82515, -11.99848]},
								"down": {"uv": [53.48129, 123.1469], "uv_size": [-10.82515, -11.99848]}
							}
						},
						{
							"origin": [-2.1, 8, 13.9],
							"size": [3.2, 3.1, 3.2],
							"pivot": [0, 0, 0],
							"rotation": [27.5, 0, 0],
							"uv": {
								"north": {"uv": [42.65614, 111.14842], "uv_size": [10.82515, 11.99848]},
								"east": {"uv": [42.65614, 111.14842], "uv_size": [10.82515, 11.99848]},
								"south": {"uv": [42.65614, 111.14842], "uv_size": [10.82515, 11.99848]},
								"west": {"uv": [42.65614, 111.14842], "uv_size": [10.82515, 11.99848]},
								"up": {"uv": [53.48129, 123.1469], "uv_size": [-10.82515, -11.99848]},
								"down": {"uv": [53.48129, 123.1469], "uv_size": [-10.82515, -11.99848]}
							}
						},
						{
							"origin": [-2.1, 15, 9.9],
							"size": [3.2, 3.1, 3.2],
							"uv": {
								"north": {"uv": [42.65614, 111.14842], "uv_size": [10.82515, 11.99848]},
								"east": {"uv": [42.65614, 111.14842], "uv_size": [10.82515, 11.99848]},
								"south": {"uv": [42.65614, 111.14842], "uv_size": [10.82515, 11.99848]},
								"west": {"uv": [42.65614, 111.14842], "uv_size": [10.82515, 11.99848]},
								"up": {"uv": [53.48129, 123.1469], "uv_size": [-10.82515, -11.99848]},
								"down": {"uv": [53.48129, 123.1469], "uv_size": [-10.82515, -11.99848]}
							}
						},
						{
							"origin": [-2.1, 18, 6.9],
							"size": [3.2, 3.1, 3.2],
							"pivot": [0, 0, 0],
							"rotation": [-17.5, 0, 0],
							"uv": {
								"north": {"uv": [42.65614, 111.14842], "uv_size": [10.82515, 11.99848]},
								"east": {"uv": [42.65614, 111.14842], "uv_size": [10.82515, 11.99848]},
								"south": {"uv": [42.65614, 111.14842], "uv_size": [10.82515, 11.99848]},
								"west": {"uv": [42.65614, 111.14842], "uv_size": [10.82515, 11.99848]},
								"up": {"uv": [53.48129, 123.1469], "uv_size": [-10.82515, -11.99848]},
								"down": {"uv": [53.48129, 123.1469], "uv_size": [-10.82515, -11.99848]}
							}
						}
					]
				},
				{
					"name": "rightArm",
					"pivot": [-5, 22, 0],
					"cubes": [
						{
							"origin": [-8.1, 11.9, -2.1],
							"size": [4.2, 12.2, 4.2],
							"uv": {
								"north": {"uv": [6.10133, 41.28975], "uv_size": [13.93067, 40.896]},
								"east": {"uv": [119.25333, 41.28975], "uv_size": [2.66667, 40.896]},
								"south": {"uv": [107.98933, 41.28975], "uv_size": [13.93067, 40.896]},
								"west": {"uv": [107.98933, 41.28975], "uv_size": [13.93067, 40.896]},
								"up": {"uv": [121.92, 41.73775], "uv_size": [-13.93067, -0.192]},
								"down": {"uv": [121.92, 81.92975], "uv_size": [-13.93067, 0.064]}
							}
						}
					]
				},
				{
					"name": "rightItem",
					"parent": "rightArm",
					"pivot": [-6, 15, 1]
				},
				{
					"name": "leftArm",
					"pivot": [5, 22, 0],
					"cubes": [
						{
							"origin": [3.9, 11.9, -2.1],
							"size": [4.2, 12.2, 4.2],
							"uv": {
								"north": {"uv": [108.50133, 41.80175], "uv_size": [12.90667, 39.872]},
								"east": {"uv": [108.50133, 41.80175], "uv_size": [12.90667, 39.872]},
								"south": {"uv": [121.344, 42.05775], "uv_size": [-12.736, 39.36]},
								"west": {"uv": [120.02133, 41.80175], "uv_size": [1.38667, 40.128]},
								"up": {"uv": [108.30933, 41.63109], "uv_size": [13.12, 0.10667]},
								"down": {"uv": [121.408, 81.67375], "uv_size": [-12.90667, 0.23467]}
							}
						}
					]
				},
				{
					"name": "rightLeg",
					"pivot": [-1.9, 12, 0],
					"cubes": [
						{
							"origin": [-3.81, -0.09, -2.11],
							"size": [4, 12.2, 4.2],
							"uv": {
								"north": {"uv": [18.45643, 89.05632], "uv_size": [11.94524, 36.99688]},
								"east": {"uv": [109.59243, 89.05632], "uv_size": [-1.11076, 36.99688]},
								"south": {"uv": [109.59243, 89.05632], "uv_size": [-12.11876, 36.99688]},
								"west": {"uv": [97.56043, 89.05632], "uv_size": [-0.08676, 36.99688]},
								"up": {"uv": [97.47367, 126.05321], "uv_size": [12.11876, -36.99688]},
								"down": {"uv": [97.47367, 126.05321], "uv_size": [12.11876, -0.64488]}
							}
						}
					]
				},
				{
					"name": "leftLeg",
					"pivot": [1.9, 12, 0],
					"cubes": [
						{
							"origin": [-0.11, -0.09, -2.11],
							"size": [4.3, 12.2, 4.2],
							"uv": {
								"north": {"uv": [30.48843, 89.05632], "uv_size": [-11.86276, 36.74088]},
								"east": {"uv": [97.81643, 89.31232], "uv_size": [-0.59876, 36.74088]},
								"south": {"uv": [109.08043, 89.56832], "uv_size": [-11.86276, 36.74088]},
								"west": {"uv": [109.08043, 89.56832], "uv_size": [-0.34276, 36.74088]},
								"up": {"uv": [97.21767, 126.3092], "uv_size": [11.86276, -36.74088]},
								"down": {"uv": [97.21767, 126.3092], "uv_size": [11.86276, -0.13288]}
							}
						}
					]
				},
				{
					"name": "head",
					"pivot": [0, 24, 0],
					"cubes": [
						{
							"origin": [-4.1, 23.5, -4.9],
							"size": [8.2, 8.6, 9],
							"uv": {
								"north": {"uv": [27.02564, 9.32267], "uv_size": [29.71069, 29.04974]},
								"east": {"uv": [72.08164, 8.96], "uv_size": [22.28669, 1.7644]},
								"south": {"uv": [79.616, 10.24], "uv_size": [11.16832, -0.0276]},
								"west": {"uv": [79.31059, 16.61562], "uv_size": [6.37812, -5.10493]},
								"up": {"uv": [57.73272, 7.936], "uv_size": [-30.4364, 0.09568]},
								"down": {"uv": [29.34432, 47.8444], "uv_size": [-1.80669, -3.3004]}
							}
						},
						{
							"origin": [-9.1, 28.5, -4.41],
							"size": [7.2, 6.6, 0],
							"uv": {
								"north": {"uv": [0, 9.728], "uv_size": [21.51869, 24.44174]},
								"east": {"uv": [0, 0], "uv_size": [29.71069, 2.68174]},
								"south": {"uv": [0, 0], "uv_size": [29.71069, 2.68174]},
								"west": {"uv": [0, 0], "uv_size": [29.71069, 2.68174]},
								"up": {"uv": [29.71069, 2.68174], "uv_size": [-29.71069, -2.68174]},
								"down": {"uv": [29.71069, 2.68174], "uv_size": [-29.71069, -2.68174]}
							}
						},
						{
							"origin": [1.9, 28.5, -4.41],
							"size": [7.2, 6.6, 0],
							"uv": {
								"north": {"uv": [21.51869, 9.728], "uv_size": [-21.51869, 24.44174]},
								"east": {"uv": [29.71069, 0], "uv_size": [-29.71069, 2.68174]},
								"south": {"uv": [29.71069, 0], "uv_size": [-29.71069, 2.68174]},
								"west": {"uv": [29.71069, 0], "uv_size": [-29.71069, 2.68174]},
								"up": {"uv": [0, 2.68174], "uv_size": [29.71069, -2.68174]},
								"down": {"uv": [0, 2.68174], "uv_size": [29.71069, -2.68174]}
							}
						}
					]
				}
			]
		}
	]
}