{
	"format_version": "1.12.0",
	"minecraft:geometry": [
		{
			"description": {
				"identifier": "geometry.bastao",
				"texture_width": 168,
				"texture_height": 168,
				"visible_bounds_width": 4,
				"visible_bounds_height": 4,
				"visible_bounds_offset": [0, 1, 0]
			},
			"bones": [
				{
					"name": "bone",
					"pivot": [0, 0, 0]
				},
				{
					"name": "body",
					"pivot": [0, 24, 0]
				},
				{
					"name": "rightArm",
					"pivot": [-5, 22, 0]
				},
				{
					"name": "bone2",
					"parent": "rightArm",
					"pivot": [0, 0, 0],
					"cubes": [
						{
							"origin": [-6.1, 10.9, -17.1],
							"size": [1.2, 1.2, 31.2],
							"uv": {
								"north": {"uv": [0, 0], "uv_size": [168, 168]},
								"east": {"uv": [0, 0], "uv_size": [168, 168]},
								"south": {"uv": [0, 0], "uv_size": [168, 168]},
								"west": {"uv": [0, 0], "uv_size": [168, 168]},
								"up": {"uv": [168, 168], "uv_size": [-168, -168]},
								"down": {"uv": [168, 168], "uv_size": [-168, -168]}
							}
						}
					]
				},
				{
					"name": "rightItem",
					"parent": "rightArm",
					"pivot": [-6, 15, 1]
				},
				{
					"name": "leftArm",
					"pivot": [5, 22, 0]
				},
				{
					"name": "rightLeg",
					"pivot": [-1.9, 12, 0]
				},
				{
					"name": "leftLeg",
					"pivot": [1.9, 12, 0]
				},
				{
					"name": "head",
					"pivot": [0, 24, 0]
				}
			]
		}
	]
}