{
	"format_version": "1.12.0",
	"minecraft:geometry": [
		{
			"description": {
				"identifier": "geometry.corpo",
				"texture_width": 168,
				"texture_height": 168,
				"visible_bounds_width": 4,
				"visible_bounds_height": 4,
				"visible_bounds_offset": [0, 1, 0]
			},
			"bones": [
				{
					"name": "bone",
					"pivot": [0, 0, 0]
				},
				{
					"name": "body",
					"pivot": [0, 24, 0],
					"cubes": [
						{
							"origin": [-4.1, 12, -2.1],
							"size": [8.2, 12.1, 4.2],
							"uv": {
								"north": {"uv": [34.52219, 52.8823], "uv_size": [40.208, 57.932]},
								"east": {"uv": [34.52219, 52.8823], "uv_size": [1.904, 57.932]},
								"south": {"uv": [92.98619, 52.8823], "uv_size": [40.208, 57.932]},
								"west": {"uv": [72.15419, 52.8823], "uv_size": [2.576, 57.932]},
								"up": {"uv": [74.73019, 54.3663], "uv_size": [-40.208, -1.484]},
								"down": {"uv": [74.73019, 110.8143], "uv_size": [-40.208, -2.156]}
							}
						}
					]
				},
				{
					"name": "rightArm",
					"pivot": [-5, 22, 0],
					"cubes": [
						{
							"origin": [-8.1, 11.9, -2.1],
							"size": [4.2, 12.2, 4.2],
							"uv": {
								"north": {"uv": [8.344, 54.1928], "uv_size": [17.276, 53.676]},
								"east": {"uv": [8.344, 54.1928], "uv_size": [1.148, 53.676]},
								"south": {"uv": [25.48, 54.1928], "uv_size": [-16.996, 53.676]},
								"west": {"uv": [8.344, 54.1928], "uv_size": [17.276, 53.676]},
								"up": {"uv": [20.916, 55.1168], "uv_size": [-9.548, -0.588]},
								"down": {"uv": [25.62, 107.8688], "uv_size": [-17.276, -0.924]}
							}
						}
					]
				},
				{
					"name": "rightItem",
					"parent": "rightArm",
					"pivot": [-6, 15, 1]
				},
				{
					"name": "leftArm",
					"pivot": [5, 22, 0],
					"cubes": [
						{
							"origin": [3.9, 11.9, -2.1],
							"size": [4.2, 12.2, 4.2],
							"uv": {
								"north": {"uv": [142.212, 54.8648], "uv_size": [17.332, 52.332]},
								"east": {"uv": [159.348, 54.8648], "uv_size": [-16.94, 52.332]},
								"south": {"uv": [159.348, 54.8648], "uv_size": [-16.94, 52.332]},
								"west": {"uv": [159.348, 54.8648], "uv_size": [-0.476, 52.332]},
								"up": {"uv": [142.408, 55.1168], "uv_size": [16.94, -0.252]},
								"down": {"uv": [142.408, 107.1968], "uv_size": [16.94, 0.084]}
							}
						}
					]
				},
				{
					"name": "rightLeg",
					"pivot": [-1.9, 12, 0],
					"cubes": [
						{
							"origin": [-4.11, -0.09, -2.11],
							"size": [4.3, 12.2, 4.2],
							"uv": {
								"north": {"uv": [24.22407, 116.88643], "uv_size": [15.67813, 48.55841]},
								"east": {"uv": [141.15207, 116.88643], "uv_size": [1.23013, 48.55841]},
								"south": {"uv": [143.84007, 116.88643], "uv_size": [-15.90587, 48.55841]},
								"west": {"uv": [128.04807, 116.88643], "uv_size": [3.91813, 48.55841]},
								"up": {"uv": [127.9342, 165.44483], "uv_size": [15.90587, -48.55841]},
								"down": {"uv": [127.9342, 165.44483], "uv_size": [15.90587, -0.84641]}
							}
						}
					]
				},
				{
					"name": "leftLeg",
					"pivot": [1.9, 12, 0],
					"cubes": [
						{
							"origin": [-0.11, -0.09, -2.11],
							"size": [4.3, 12.2, 4.2],
							"uv": {
								"north": {"uv": [40.01607, 116.88641], "uv_size": [-15.56987, 48.22241]},
								"east": {"uv": [128.38407, 117.22241], "uv_size": [-0.78587, 48.22241]},
								"south": {"uv": [143.16807, 117.55841], "uv_size": [-15.56987, 48.22241]},
								"west": {"uv": [138.12807, 117.89441], "uv_size": [-0.44987, 48.89441]},
								"up": {"uv": [127.5982, 165.78082], "uv_size": [15.56987, -48.22241]},
								"down": {"uv": [127.5982, 165.78082], "uv_size": [15.56987, -0.17441]}
							}
						}
					]
				},
				{
					"name": "head",
					"pivot": [0, 24, 0],
					"cubes": [
						{
							"origin": [-4.1, 23.5, -4.9],
							"size": [8.2, 8.6, 9],
							"uv": {
								"north": {"uv": [35.47115, 10.416], "uv_size": [38.99528, 38.94778]},
								"east": {"uv": [93.59915, 10.416], "uv_size": [10.43528, 38.94778]},
								"south": {"uv": [130.704, 10.416], "uv_size": [-35.06957, 38.94778]},
								"west": {"uv": [118.79915, 10.416], "uv_size": [13.79528, 38.94778]},
								"up": {"uv": [95.63443, 49.69178], "uv_size": [34.73357, -39.94778]},
								"down": {"uv": [66.06643, 49.69178], "uv_size": [-22.53128, 0.03622]}
							}
						}
					]
				}
			]
		}
	]
}