{
	"format_version": "1.12.0",
	"minecraft:geometry": [
		{
			"description": {
				"identifier": "geometry.espada_z",
				"texture_width": 168,
				"texture_height": 168,
				"visible_bounds_width": 4,
				"visible_bounds_height": 4,
				"visible_bounds_offset": [0, 1, 0]
			},
			"bones": [
				{
					"name": "bone",
					"pivot": [0, 0, 0]
				},
				{
					"name": "body",
					"pivot": [0, 24, 0]
				},
				{
					"name": "rightArm",
					"pivot": [-5, 22, 0],
					"cubes": [
						{
							"origin": [-6.527, 11.9, -4.1],
							"size": [1.284, 3.2, 2.2],
							"uv": {
								"north": {"uv": [54.544, 9.0428], "uv_size": [17.276, 142.926]},
								"east": {"uv": [54.544, 9.0428], "uv_size": [17.276, 142.926]},
								"south": {"uv": [54.544, 9.0428], "uv_size": [17.276, 142.926]},
								"west": {"uv": [54.544, 9.0428], "uv_size": [17.276, 142.926]},
								"up": {"uv": [71.82, 151.9688], "uv_size": [-17.276, -142.926]},
								"down": {"uv": [71.82, 151.9688], "uv_size": [-17.276, -142.926]}
							}
						},
						{
							"origin": [-5.9907, 10.9, -3.1],
							"size": [0.80866, 5.2, 1.2],
							"uv": {
								"north": {"uv": [54.544, 9.0428], "uv_size": [17.276, 142.926]},
								"east": {"uv": [54.544, 9.0428], "uv_size": [17.276, 142.926]},
								"south": {"uv": [54.544, 9.0428], "uv_size": [17.276, 142.926]},
								"west": {"uv": [54.544, 9.0428], "uv_size": [17.276, 142.926]},
								"up": {"uv": [71.82, 151.9688], "uv_size": [-17.276, -142.926]},
								"down": {"uv": [71.82, 151.9688], "uv_size": [-17.276, -142.926]}
							}
						},
						{
							"origin": [-5.9907, 13.9, -2.1],
							"size": [0.80866, 1.2, 1.2],
							"uv": {
								"north": {"uv": [54.544, 9.0428], "uv_size": [17.276, 142.926]},
								"east": {"uv": [54.544, 9.0428], "uv_size": [17.276, 142.926]},
								"south": {"uv": [54.544, 9.0428], "uv_size": [17.276, 142.926]},
								"west": {"uv": [54.544, 9.0428], "uv_size": [17.276, 142.926]},
								"up": {"uv": [71.82, 151.9688], "uv_size": [-17.276, -142.926]},
								"down": {"uv": [71.82, 151.9688], "uv_size": [-17.276, -142.926]}
							}
						},
						{
							"origin": [-5.9907, 11.9, -2.1],
							"size": [0.80866, 1.2, 1.2],
							"uv": {
								"north": {"uv": [54.544, 9.0428], "uv_size": [17.276, 142.926]},
								"east": {"uv": [54.544, 9.0428], "uv_size": [17.276, 142.926]},
								"south": {"uv": [54.544, 9.0428], "uv_size": [17.276, 142.926]},
								"west": {"uv": [54.544, 9.0428], "uv_size": [17.276, 142.926]},
								"up": {"uv": [71.82, 151.9688], "uv_size": [-17.276, -142.926]},
								"down": {"uv": [71.82, 151.9688], "uv_size": [-17.276, -142.926]}
							}
						},
						{
							"origin": [-6.87201, 12.9, -4.1],
							"size": [1.69545, 1.2, 2.2],
							"uv": {
								"north": {"uv": [54.544, 9.0428], "uv_size": [17.276, 142.926]},
								"east": {"uv": [54.544, 9.0428], "uv_size": [17.276, 142.926]},
								"south": {"uv": [54.544, 9.0428], "uv_size": [17.276, 142.926]},
								"west": {"uv": [54.544, 9.0428], "uv_size": [17.276, 142.926]},
								"up": {"uv": [71.82, 151.9688], "uv_size": [-17.276, -142.926]},
								"down": {"uv": [71.82, 151.9688], "uv_size": [-17.276, -142.926]}
							}
						},
						{
							"origin": [-6.04737, 12.9, -4.1],
							"size": [1.492, 1.2, 2.2],
							"uv": {
								"north": {"uv": [54.544, 9.0428], "uv_size": [17.276, 142.926]},
								"east": {"uv": [54.544, 9.0428], "uv_size": [17.276, 142.926]},
								"south": {"uv": [54.544, 9.0428], "uv_size": [17.276, 142.926]},
								"west": {"uv": [54.544, 9.0428], "uv_size": [17.276, 142.926]},
								"up": {"uv": [71.82, 151.9688], "uv_size": [-17.276, -142.926]},
								"down": {"uv": [71.82, 151.9688], "uv_size": [-17.276, -142.926]}
							}
						},
						{
							"origin": [-5.74356, 11.9, -21.1],
							"size": [0, 3.2, 17.2],
							"uv": {
								"north": {"uv": [111.244, 12.1928], "uv_size": [17.276, 155.8072]},
								"east": {"uv": [111.244, 12.1928], "uv_size": [17.276, 155.8072]},
								"south": {"uv": [111.244, 12.1928], "uv_size": [17.276, 155.8072]},
								"west": {"uv": [111.244, 12.1928], "uv_size": [17.276, 155.8072]},
								"up": {"uv": [128.52, 168], "uv_size": [-17.276, -155.8072]},
								"down": {"uv": [128.52, 168], "uv_size": [-17.276, -155.8072]}
							}
						},
						{
							"origin": [-5.74356, 12.9, -22.1],
							"size": [0, 1.2, 1.2],
							"uv": {
								"north": {"uv": [111.244, 12.1928], "uv_size": [17.276, 155.8072]},
								"east": {"uv": [111.244, 12.1928], "uv_size": [17.276, 155.8072]},
								"south": {"uv": [111.244, 12.1928], "uv_size": [17.276, 155.8072]},
								"west": {"uv": [111.244, 12.1928], "uv_size": [17.276, 155.8072]},
								"up": {"uv": [128.52, 168], "uv_size": [-17.276, -155.8072]},
								"down": {"uv": [128.52, 168], "uv_size": [-17.276, -155.8072]}
							}
						},
						{
							"origin": [-5.74356, 23.9, -8.1],
							"size": [0, 1.2, 1.2],
							"pivot": [0, 0, 0],
							"rotation": [40, 0, 0],
							"uv": {
								"north": {"uv": [111.244, 12.1928], "uv_size": [17.276, 155.8072]},
								"east": {"uv": [111.244, 12.1928], "uv_size": [17.276, 155.8072]},
								"south": {"uv": [111.244, 12.1928], "uv_size": [17.276, 155.8072]},
								"west": {"uv": [111.244, 12.1928], "uv_size": [17.276, 155.8072]},
								"up": {"uv": [128.52, 168], "uv_size": [-17.276, -155.8072]},
								"down": {"uv": [128.52, 168], "uv_size": [-17.276, -155.8072]}
							}
						},
						{
							"origin": [-5.74356, 23.9, -8.827],
							"size": [0, 1.2, 1.164],
							"pivot": [0, 0, 0],
							"rotation": [40, 0, 0],
							"uv": {
								"north": {"uv": [111.244, 12.1928], "uv_size": [17.276, 155.8072]},
								"east": {"uv": [111.244, 12.1928], "uv_size": [17.276, 155.8072]},
								"south": {"uv": [111.244, 12.1928], "uv_size": [17.276, 155.8072]},
								"west": {"uv": [111.244, 12.1928], "uv_size": [17.276, 155.8072]},
								"up": {"uv": [128.52, 168], "uv_size": [-17.276, -155.8072]},
								"down": {"uv": [128.52, 168], "uv_size": [-17.276, -155.8072]}
							}
						},
						{
							"origin": [-5.74356, 23.9, -7.533],
							"size": [0, 1.2, 1.116],
							"pivot": [0, 0, 0],
							"rotation": [40, 0, 0],
							"uv": {
								"north": {"uv": [111.244, 12.1928], "uv_size": [17.276, 155.8072]},
								"east": {"uv": [111.244, 12.1928], "uv_size": [17.276, 155.8072]},
								"south": {"uv": [111.244, 12.1928], "uv_size": [17.276, 155.8072]},
								"west": {"uv": [111.244, 12.1928], "uv_size": [17.276, 155.8072]},
								"up": {"uv": [128.52, 168], "uv_size": [-17.276, -155.8072]},
								"down": {"uv": [128.52, 168], "uv_size": [-17.276, -155.8072]}
							}
						},
						{
							"origin": [-5.74356, -4.469, -24.77833],
							"size": [0, 1.308, 1.12716],
							"pivot": [0, 0, 0],
							"rotation": [-40, 0, 0],
							"uv": {
								"north": {"uv": [111.244, 168], "uv_size": [17.276, -155.8072]},
								"east": {"uv": [111.244, 168], "uv_size": [17.276, -155.8072]},
								"south": {"uv": [111.244, 168], "uv_size": [17.276, -155.8072]},
								"west": {"uv": [111.244, 168], "uv_size": [17.276, -155.8072]},
								"up": {"uv": [128.52, 12.1928], "uv_size": [-17.276, 155.8072]},
								"down": {"uv": [128.52, 12.1928], "uv_size": [-17.276, 155.8072]}
							}
						},
						{
							"origin": [-5.74356, -4.469, -25.77833],
							"size": [0, 1.308, 1.12716],
							"pivot": [0, 0, 0],
							"rotation": [-40, 0, 0],
							"uv": {
								"north": {"uv": [111.244, 168], "uv_size": [17.276, -155.8072]},
								"east": {"uv": [111.244, 168], "uv_size": [17.276, -155.8072]},
								"south": {"uv": [111.244, 168], "uv_size": [17.276, -155.8072]},
								"west": {"uv": [111.244, 168], "uv_size": [17.276, -155.8072]},
								"up": {"uv": [128.52, 12.1928], "uv_size": [-17.276, 155.8072]},
								"down": {"uv": [128.52, 12.1928], "uv_size": [-17.276, 155.8072]}
							}
						},
						{
							"origin": [-6.13538, 11.9, -4.1],
							"size": [1.20696, 3.2, 2.2],
							"uv": {
								"north": {"uv": [56.644, 17.4428], "uv_size": [22.526, 119.826]},
								"east": {"uv": [56.644, 17.4428], "uv_size": [22.526, 119.826]},
								"south": {"uv": [56.644, 17.4428], "uv_size": [22.526, 119.826]},
								"west": {"uv": [56.644, 17.4428], "uv_size": [22.526, 119.826]},
								"up": {"uv": [79.17, 137.2688], "uv_size": [-22.526, -119.826]},
								"down": {"uv": [79.17, 137.2688], "uv_size": [-22.526, -119.826]}
							}
						},
						{
							"origin": [-6.3808, 9.9, -4.1],
							"size": [1.25524, 7.2, 1.2],
							"uv": {
								"north": {"uv": [50.344, 15.3428], "uv_size": [30.926, 120.876]},
								"east": {"uv": [50.344, 15.3428], "uv_size": [30.926, 120.876]},
								"south": {"uv": [50.344, 15.3428], "uv_size": [30.926, 120.876]},
								"west": {"uv": [50.344, 15.3428], "uv_size": [30.926, 120.876]},
								"up": {"uv": [81.27, 136.2188], "uv_size": [-30.926, -120.876]},
								"down": {"uv": [81.27, 136.2188], "uv_size": [-30.926, -120.876]}
							}
						},
						{
							"origin": [11.9, 12.9, -3.1],
							"size": [-5.8, 1.2, 11.2],
							"pivot": [0, 0, 0],
							"rotation": [0, 0, -45],
							"uv": {
								"north": {"uv": [0, 0], "uv_size": [31.976, 160.776]},
								"east": {"uv": [0, 0], "uv_size": [31.976, 160.776]},
								"south": {"uv": [0, 0], "uv_size": [31.976, 160.776]},
								"west": {"uv": [0, 0], "uv_size": [31.976, 160.776]},
								"up": {"uv": [31.976, 160.776], "uv_size": [-31.976, -160.776]},
								"down": {"uv": [31.976, 160.776], "uv_size": [-31.976, -160.776]}
							}
						}
					]
				},
				{
					"name": "rightItem",
					"parent": "rightArm",
					"pivot": [-6, 15, 1]
				},
				{
					"name": "leftArm",
					"pivot": [5, 22, 0]
				},
				{
					"name": "rightLeg",
					"pivot": [-1.9, 12, 0]
				},
				{
					"name": "leftLeg",
					"pivot": [1.9, 12, 0]
				},
				{
					"name": "head",
					"pivot": [0, 24, 0]
				}
			]
		}
	]
}