{
	"format_version": "1.12.0",
	"minecraft:geometry": [
		{
			"description": {
				"identifier": "geometry.foice_ki",
				"texture_width": 32,
				"texture_height": 32,
				"visible_bounds_width": 4,
				"visible_bounds_height": 4,
				"visible_bounds_offset": [0, 1, 0]
			},
			"bones": [
				{
					"name": "bone",
					"pivot": [0, 0, 0]
				},
				{
					"name": "body",
					"pivot": [0, 24, 0]
				},
				{
					"name": "rightArm",
					"pivot": [-5, 22, 0],
					"cubes": [
						{
							"origin": [-8.1, 11.9, -5.1],
							"size": [1.2, 1.2, 9.2],
							"uv": {
								"north": {"uv": [10, 17], "uv_size": [1, 1]},
								"east": {"uv": [0, 0], "uv_size": [9, 1]},
								"south": {"uv": [11, 17], "uv_size": [1, 1]},
								"west": {"uv": [0, 1], "uv_size": [9, 1]},
								"up": {"uv": [0, 2], "uv_size": [1, 9]},
								"down": {"uv": [1, 11], "uv_size": [1, -9]}
							}
						},
						{
							"origin": [-8.1, 12.9, 3.9],
							"size": [1.2, 1.2, 4.2],
							"uv": {
								"north": {"uv": [19, 17], "uv_size": [1, 1]},
								"east": {"uv": [15, 6], "uv_size": [4, 1]},
								"south": {"uv": [18, 19], "uv_size": [1, 1]},
								"west": {"uv": [15, 7], "uv_size": [4, 1]},
								"up": {"uv": [1, 15], "uv_size": [1, 4]},
								"down": {"uv": [4, 19], "uv_size": [1, -4]}
							}
						},
						{
							"origin": [-8.1, 13.9, 7.9],
							"size": [1.2, 1.2, 4.2],
							"uv": {
								"north": {"uv": [19, 18], "uv_size": [1, 1]},
								"east": {"uv": [15, 13], "uv_size": [4, 1]},
								"south": {"uv": [19, 19], "uv_size": [1, 1]},
								"west": {"uv": [15, 14], "uv_size": [4, 1]},
								"up": {"uv": [5, 15], "uv_size": [1, 4]},
								"down": {"uv": [12, 19], "uv_size": [1, -4]}
							}
						},
						{
							"origin": [-8.1, 12.9, 10.9],
							"size": [1.2, 1.2, 4.2],
							"uv": {
								"north": {"uv": [0, 20], "uv_size": [1, 1]},
								"east": {"uv": [15, 15], "uv_size": [4, 1]},
								"south": {"uv": [20, 0], "uv_size": [1, 1]},
								"west": {"uv": [16, 8], "uv_size": [4, 1]},
								"up": {"uv": [2, 16], "uv_size": [1, 4]},
								"down": {"uv": [3, 20], "uv_size": [1, -4]}
							}
						},
						{
							"origin": [-8.1, 13.9, 14.9],
							"size": [1.2, 1.2, 4.2],
							"uv": {
								"north": {"uv": [1, 20], "uv_size": [1, 1]},
								"east": {"uv": [16, 9], "uv_size": [4, 1]},
								"south": {"uv": [20, 1], "uv_size": [1, 1]},
								"west": {"uv": [16, 10], "uv_size": [4, 1]},
								"up": {"uv": [15, 16], "uv_size": [1, 4]},
								"down": {"uv": [16, 20], "uv_size": [1, -4]}
							}
						},
						{
							"origin": [-8.1, 12.9, -7.1],
							"size": [1.2, 1.2, 2.2],
							"uv": {
								"north": {"uv": [17, 11], "uv_size": [1, 1]},
								"east": {"uv": [17, 4], "uv_size": [2, 1]},
								"south": {"uv": [17, 12], "uv_size": [1, 1]},
								"west": {"uv": [17, 5], "uv_size": [2, 1]},
								"up": {"uv": [8, 17], "uv_size": [1, 2]},
								"down": {"uv": [9, 19], "uv_size": [1, -2]}
							}
						},
						{
							"origin": [-8.1, 13.9, -8.1],
							"size": [1.2, 1.2, 1.2],
							"uv": {
								"north": {"uv": [13, 17], "uv_size": [1, 1]},
								"east": {"uv": [14, 17], "uv_size": [1, 1]},
								"south": {"uv": [17, 16], "uv_size": [1, 1]},
								"west": {"uv": [17, 17], "uv_size": [1, 1]},
								"up": {"uv": [18, 2], "uv_size": [1, 1]},
								"down": {"uv": [18, 4], "uv_size": [1, -1]}
							}
						},
						{
							"origin": [-8.1, 13.9, -13.1],
							"size": [1.2, 1.2, 1.2],
							"uv": {
								"north": {"uv": [19, 6], "uv_size": [1, 1]},
								"east": {"uv": [19, 7], "uv_size": [1, 1]},
								"south": {"uv": [8, 19], "uv_size": [1, 1]},
								"west": {"uv": [9, 19], "uv_size": [1, 1]},
								"up": {"uv": [10, 19], "uv_size": [1, 1]},
								"down": {"uv": [11, 20], "uv_size": [1, -1]}
							}
						},
						{
							"origin": [-8.1, 13.9, -17.1],
							"size": [1.2, 1.2, 4.2],
							"uv": {
								"north": {"uv": [19, 11], "uv_size": [1, 1]},
								"east": {"uv": [13, 0], "uv_size": [4, 1]},
								"south": {"uv": [12, 19], "uv_size": [1, 1]},
								"west": {"uv": [13, 1], "uv_size": [4, 1]},
								"up": {"uv": [7, 13], "uv_size": [1, 4]},
								"down": {"uv": [8, 17], "uv_size": [1, -4]}
							}
						},
						{
							"origin": [-8.1, 14.9, -17.1],
							"size": [1.2, 1.2, 4.2],
							"uv": {
								"north": {"uv": [19, 14], "uv_size": [1, 1]},
								"east": {"uv": [13, 11], "uv_size": [4, 1]},
								"south": {"uv": [19, 15], "uv_size": [1, 1]},
								"west": {"uv": [13, 12], "uv_size": [4, 1]},
								"up": {"uv": [11, 13], "uv_size": [1, 4]},
								"down": {"uv": [13, 17], "uv_size": [1, -4]}
							}
						},
						{
							"origin": [-8.1, 12.9, -17.1],
							"size": [1.2, 1.2, 4.2],
							"uv": {
								"north": {"uv": [19, 16], "uv_size": [1, 1]},
								"east": {"uv": [14, 2], "uv_size": [4, 1]},
								"south": {"uv": [17, 19], "uv_size": [1, 1]},
								"west": {"uv": [14, 3], "uv_size": [4, 1]},
								"up": {"uv": [14, 13], "uv_size": [1, 4]},
								"down": {"uv": [0, 19], "uv_size": [1, -4]}
							}
						},
						{
							"origin": [-8.1, 14.9, -16.1],
							"size": [1.2, 1.2, 4.2],
							"uv": {
								"north": {"uv": [19, 12], "uv_size": [1, 1]},
								"east": {"uv": [13, 4], "uv_size": [4, 1]},
								"south": {"uv": [13, 19], "uv_size": [1, 1]},
								"west": {"uv": [13, 5], "uv_size": [4, 1]},
								"up": {"uv": [9, 13], "uv_size": [1, 4]},
								"down": {"uv": [10, 17], "uv_size": [1, -4]}
							}
						},
						{
							"origin": [-8.1, 15.9, -18.1],
							"size": [1.2, 1.2, 8.2],
							"uv": {
								"north": {"uv": [19, 13], "uv_size": [1, 1]},
								"east": {"uv": [2, 2], "uv_size": [8, 1]},
								"south": {"uv": [14, 19], "uv_size": [1, 1]},
								"west": {"uv": [2, 3], "uv_size": [8, 1]},
								"up": {"uv": [2, 4], "uv_size": [1, 8]},
								"down": {"uv": [3, 12], "uv_size": [1, -8]}
							}
						},
						{
							"origin": [-8.1, 12.9, -15.1],
							"size": [1.2, 1.2, 3.2],
							"uv": {
								"north": {"uv": [10, 18], "uv_size": [1, 1]},
								"east": {"uv": [17, 0], "uv_size": [3, 1]},
								"south": {"uv": [11, 18], "uv_size": [1, 1]},
								"west": {"uv": [17, 1], "uv_size": [3, 1]},
								"up": {"uv": [6, 17], "uv_size": [1, 3]},
								"down": {"uv": [7, 20], "uv_size": [1, -3]}
							}
						},
						{
							"origin": [-8.1, 11.9, -17.1],
							"size": [1.2, 1.2, 5.2],
							"uv": {
								"north": {"uv": [18, 11], "uv_size": [1, 1]},
								"east": {"uv": [4, 4], "uv_size": [5, 1]},
								"south": {"uv": [18, 12], "uv_size": [1, 1]},
								"west": {"uv": [4, 5], "uv_size": [5, 1]},
								"up": {"uv": [4, 6], "uv_size": [1, 5]},
								"down": {"uv": [5, 11], "uv_size": [1, -5]}
							}
						},
						{
							"origin": [-8.1, 11.9, -17.1],
							"size": [1.2, 1.2, 5.2],
							"uv": {
								"north": {"uv": [13, 18], "uv_size": [1, 1]},
								"east": {"uv": [6, 6], "uv_size": [5, 1]},
								"south": {"uv": [14, 18], "uv_size": [1, 1]},
								"west": {"uv": [6, 7], "uv_size": [5, 1]},
								"up": {"uv": [6, 8], "uv_size": [1, 5]},
								"down": {"uv": [7, 13], "uv_size": [1, -5]}
							}
						},
						{
							"origin": [-8.1, 10.9, -16.1],
							"size": [1.2, 1.2, 4.2],
							"uv": {
								"north": {"uv": [18, 16], "uv_size": [1, 1]},
								"east": {"uv": [8, 8], "uv_size": [4, 1]},
								"south": {"uv": [17, 18], "uv_size": [1, 1]},
								"west": {"uv": [9, 0], "uv_size": [4, 1]},
								"up": {"uv": [8, 9], "uv_size": [1, 4]},
								"down": {"uv": [9, 13], "uv_size": [1, -4]}
							}
						},
						{
							"origin": [-8.1, 9.9, -15.1],
							"size": [1.2, 1.2, 4.2],
							"uv": {
								"north": {"uv": [18, 17], "uv_size": [1, 1]},
								"east": {"uv": [9, 1], "uv_size": [4, 1]},
								"south": {"uv": [18, 18], "uv_size": [1, 1]},
								"west": {"uv": [9, 4], "uv_size": [4, 1]},
								"up": {"uv": [10, 9], "uv_size": [1, 4]},
								"down": {"uv": [0, 15], "uv_size": [1, -4]}
							}
						},
						{
							"origin": [-8.1, 8.9, -15.1],
							"size": [1.2, 1.2, 4.2],
							"uv": {
								"north": {"uv": [0, 19], "uv_size": [1, 1]},
								"east": {"uv": [9, 5], "uv_size": [4, 1]},
								"south": {"uv": [1, 19], "uv_size": [1, 1]},
								"west": {"uv": [10, 2], "uv_size": [4, 1]},
								"up": {"uv": [1, 11], "uv_size": [1, 4]},
								"down": {"uv": [4, 15], "uv_size": [1, -4]}
							}
						},
						{
							"origin": [-8.1, 7.9, -14.1],
							"size": [1.2, 1.2, 4.2],
							"uv": {
								"north": {"uv": [19, 2], "uv_size": [1, 1]},
								"east": {"uv": [10, 3], "uv_size": [4, 1]},
								"south": {"uv": [19, 3], "uv_size": [1, 1]},
								"west": {"uv": [11, 6], "uv_size": [4, 1]},
								"up": {"uv": [5, 11], "uv_size": [1, 4]},
								"down": {"uv": [11, 13], "uv_size": [1, -4]}
							}
						},
						{
							"origin": [-8.1, 6.9, -12.1],
							"size": [1.2, 1.2, 4.2],
							"uv": {
								"north": {"uv": [4, 19], "uv_size": [1, 1]},
								"east": {"uv": [11, 7], "uv_size": [4, 1]},
								"south": {"uv": [19, 4], "uv_size": [1, 1]},
								"west": {"uv": [12, 8], "uv_size": [4, 1]},
								"up": {"uv": [2, 12], "uv_size": [1, 4]},
								"down": {"uv": [3, 16], "uv_size": [1, -4]}
							}
						},
						{
							"origin": [-8.1, 14.9, -12.1],
							"size": [1.2, 1.2, 4.2],
							"uv": {
								"north": {"uv": [5, 19], "uv_size": [1, 1]},
								"east": {"uv": [12, 9], "uv_size": [4, 1]},
								"south": {"uv": [19, 5], "uv_size": [1, 1]},
								"west": {"uv": [12, 10], "uv_size": [4, 1]},
								"up": {"uv": [12, 11], "uv_size": [1, 4]},
								"down": {"uv": [6, 17], "uv_size": [1, -4]}
							}
						}
					]
				},
				{
					"name": "rightItem",
					"parent": "rightArm",
					"pivot": [-6, 15, 1]
				},
				{
					"name": "leftArm",
					"pivot": [5, 22, 0]
				},
				{
					"name": "rightLeg",
					"pivot": [-1.9, 12, 0]
				},
				{
					"name": "leftLeg",
					"pivot": [1.9, 12, 0]
				},
				{
					"name": "head",
					"pivot": [0, 24, 0]
				}
			]
		}
	]
}