{
	"format_version": "1.12.0",
	"minecraft:geometry": [
		{
			"description": {
				"identifier": "geometry.sj_gk",
				"texture_width": 128,
				"texture_height": 128,
				"visible_bounds_width": 15,
				"visible_bounds_height": 15,
				"visible_bounds_offset": [0, 0.5, 0]
			},
			"bones": [
				{
					"name": "body",
					"pivot": [0, 24, 0],
					"cubes": [
						{
							"origin": [-4.1, 12, -2.1],
							"size": [8.2, 12.1, 4.2],
							"uv": {
								"north": {"uv": [26.30262, 40.29128], "uv_size": [30.63467, 44.13867]},
								"east": {"uv": [26.30262, 40.29128], "uv_size": [1.45067, 44.13867]},
								"south": {"uv": [70.84662, 40.29128], "uv_size": [30.63467, 44.13867]},
								"west": {"uv": [54.97462, 40.29128], "uv_size": [1.96267, 44.13867]},
								"up": {"uv": [56.93728, 41.42194], "uv_size": [-30.63467, -1.13067]},
								"down": {"uv": [56.93728, 84.42994], "uv_size": [-30.63467, -1.64267]}
							}
						}
					]
				},
				{
					"name": "bone",
					"parent": "body",
					"pivot": [0, 0, 0]
				},
				{
					"name": "rightArm",
					"pivot": [-5, 22, 0],
					"cubes": [
						{
							"origin": [-8.1, 11.9, -2.1],
							"size": [4.2, 12.2, 4.2],
							"uv": {
								"north": {"uv": [6.10133, 41.28975], "uv_size": [13.93067, 40.896]},
								"east": {"uv": [6.10133, 41.28975], "uv_size": [13.93067, 40.896]},
								"south": {"uv": [6.10133, 41.28975], "uv_size": [13.93067, 40.896]},
								"west": {"uv": [6.10133, 41.28975], "uv_size": [13.93067, 40.896]},
								"up": {"uv": [20.032, 43.52975], "uv_size": [-13.93067, -2.24]},
								"down": {"uv": [20.032, 82.18575], "uv_size": [-13.93067, -2.496]}
							}
						}
					]
				},
				{
					"name": "rightItem",
					"parent": "rightArm",
					"pivot": [-6, 15, 1]
				},
				{
					"name": "leftArm",
					"pivot": [5, 22, 0],
					"cubes": [
						{
							"origin": [3.9, 11.9, -2.1],
							"size": [4.2, 12.2, 4.2],
							"uv": {
								"north": {"uv": [121.344, 42.05775], "uv_size": [-12.736, 39.36]},
								"east": {"uv": [121.344, 42.05775], "uv_size": [-12.736, 39.36]},
								"south": {"uv": [121.344, 42.05775], "uv_size": [-12.736, 39.36]},
								"west": {"uv": [121.344, 42.05775], "uv_size": [-12.736, 39.36]},
								"up": {"uv": [108.608, 42.24975], "uv_size": [12.736, -0.192]},
								"down": {"uv": [108.608, 81.41775], "uv_size": [12.736, -1.472]}
							}
						}
					]
				},
				{
					"name": "rightLeg",
					"pivot": [-1.9, 12, 0],
					"cubes": [
						{
							"origin": [-3.81, -0.09, -2.11],
							"size": [4, 12.2, 4.2],
							"uv": {
								"north": {"uv": [18.45643, 89.05632], "uv_size": [11.94524, 36.99688]},
								"east": {"uv": [109.59243, 89.05632], "uv_size": [-1.11076, 36.99688]},
								"south": {"uv": [109.59243, 89.05632], "uv_size": [-12.11876, 36.99688]},
								"west": {"uv": [97.56043, 89.05632], "uv_size": [-0.08676, 36.99688]},
								"up": {"uv": [97.47367, 126.05321], "uv_size": [12.11876, -36.99688]},
								"down": {"uv": [97.47367, 126.05321], "uv_size": [12.11876, -0.64488]}
							}
						}
					]
				},
				{
					"name": "leftLeg",
					"pivot": [1.9, 12, 0],
					"cubes": [
						{
							"origin": [-0.11, -0.09, -2.11],
							"size": [4, 12.2, 4.2],
							"uv": {
								"north": {"uv": [30.48843, 89.05632], "uv_size": [-11.86276, 36.74088]},
								"east": {"uv": [97.81643, 89.31232], "uv_size": [-0.59876, 36.74088]},
								"south": {"uv": [109.08043, 89.56832], "uv_size": [-11.86276, 36.74088]},
								"west": {"uv": [109.08043, 89.56832], "uv_size": [-0.34276, 36.74088]},
								"up": {"uv": [97.21767, 126.3092], "uv_size": [11.86276, -36.74088]},
								"down": {"uv": [97.21767, 126.3092], "uv_size": [11.86276, -0.13288]}
							}
						}
					]
				},
				{
					"name": "head",
					"pivot": [0, 24, 0],
					"cubes": [
						{
							"origin": [-4.1, 23.5, -4.9],
							"size": [8.2, 8.6, 9],
							"uv": {
								"north": {"uv": [27.02564, 7.79886], "uv_size": [29.71069, 29.04974]},
								"east": {"uv": [71.21612, 7.03696], "uv_size": [29.71069, 29.04974]},
								"south": {"uv": [71.21612, 7.03696], "uv_size": [29.71069, 29.04974]},
								"west": {"uv": [71.21612, 7.03696], "uv_size": [29.71069, 29.04974]},
								"up": {"uv": [100.92681, 36.0867], "uv_size": [-29.71069, -29.04974]},
								"down": {"uv": [50.64109, 37.61051], "uv_size": [-22.09164, 0.66455]}
							}
						}
					]
				},
				{
					"name": "bone2",
					"parent": "head",
					"pivot": [8, -1, 4],
					"rotation": [5.41615, -16.66577, -18.29388]
				},
				{
					"name": "bone3",
					"parent": "bone2",
					"pivot": [7.95, -1, 3.97],
					"cubes": [
						{
							"origin": [3.941, 32.165, -0.851],
							"size": [3.168, 2.574, 2.97],
							"uv": {
								"north": {"uv": [71.97802, 7.79886], "uv_size": [29.71069, 29.04974]},
								"east": {"uv": [71.97802, 7.79886], "uv_size": [29.71069, 29.04974]},
								"south": {"uv": [71.97802, 7.79886], "uv_size": [29.71069, 29.04974]},
								"west": {"uv": [71.97802, 7.79886], "uv_size": [29.71069, 29.04974]},
								"up": {"uv": [101.68871, 36.8486], "uv_size": [-29.71069, -29.04974]},
								"down": {"uv": [101.68871, 36.8486], "uv_size": [-29.71069, -29.04974]}
							}
						},
						{
							"origin": [22.751, 29.195, -0.851],
							"size": [3.168, 2.574, 2.97],
							"pivot": [8, -1, 4],
							"rotation": [0, 0, -32.5],
							"uv": {
								"north": {"uv": [71.97802, 7.79886], "uv_size": [29.71069, 29.04974]},
								"east": {"uv": [71.97802, 7.79886], "uv_size": [29.71069, 29.04974]},
								"south": {"uv": [71.97802, 7.79886], "uv_size": [29.71069, 29.04974]},
								"west": {"uv": [71.97802, 7.79886], "uv_size": [29.71069, 29.04974]},
								"up": {"uv": [101.68871, 36.8486], "uv_size": [-29.71069, -29.04974]},
								"down": {"uv": [101.68871, 36.8486], "uv_size": [-29.71069, -29.04974]}
							}
						},
						{
							"origin": [32.651, 23.255, -0.851],
							"size": [3.168, 2.574, 2.97],
							"pivot": [8, -1, 4],
							"rotation": [0, 0, -52.5],
							"uv": {
								"north": {"uv": [71.97802, 7.79886], "uv_size": [29.71069, 29.04974]},
								"east": {"uv": [71.97802, 7.79886], "uv_size": [29.71069, 29.04974]},
								"south": {"uv": [71.97802, 7.79886], "uv_size": [29.71069, 29.04974]},
								"west": {"uv": [71.97802, 7.79886], "uv_size": [29.71069, 29.04974]},
								"up": {"uv": [101.68871, 36.8486], "uv_size": [-29.71069, -29.04974]},
								"down": {"uv": [101.68871, 36.8486], "uv_size": [-29.71069, -29.04974]}
							}
						},
						{
							"origin": [40.571, 13.355, -0.851],
							"size": [3.168, 2.574, 2.97],
							"pivot": [8, -1, 4],
							"rotation": [0, 0, -75],
							"uv": {
								"north": {"uv": [71.97802, 7.79886], "uv_size": [29.71069, 29.04974]},
								"east": {"uv": [71.97802, 7.79886], "uv_size": [29.71069, 29.04974]},
								"south": {"uv": [71.97802, 7.79886], "uv_size": [29.71069, 29.04974]},
								"west": {"uv": [71.97802, 7.79886], "uv_size": [29.71069, 29.04974]},
								"up": {"uv": [101.68871, 36.8486], "uv_size": [-29.71069, -29.04974]},
								"down": {"uv": [101.68871, 36.8486], "uv_size": [-29.71069, -29.04974]}
							}
						}
					]
				},
				{
					"name": "bone4",
					"parent": "bone2",
					"pivot": [7.95, 3.95, 2.98],
					"cubes": [
						{
							"origin": [4.59044, 31.8086, 1.85723],
							"size": [2.66112, 2.16216, 0.70578],
							"uv": {
								"north": {"uv": [71.97802, 7.79886], "uv_size": [29.71069, 29.04974]},
								"east": {"uv": [71.97802, 7.79886], "uv_size": [29.71069, 29.04974]},
								"south": {"uv": [71.97802, 7.79886], "uv_size": [29.71069, 29.04974]},
								"west": {"uv": [71.97802, 7.79886], "uv_size": [29.71069, 29.04974]},
								"up": {"uv": [101.68871, 36.8486], "uv_size": [-29.71069, -29.04974]},
								"down": {"uv": [101.68871, 36.8486], "uv_size": [-29.71069, -29.04974]}
							}
						},
						{
							"origin": [20.39084, 29.3138, 1.85723],
							"size": [2.66112, 2.16216, 0.70578],
							"pivot": [8, 3.95, 3.01],
							"rotation": [0, 0, -32.5],
							"uv": {
								"north": {"uv": [71.97802, 7.79886], "uv_size": [29.71069, 29.04974]},
								"east": {"uv": [71.97802, 7.79886], "uv_size": [29.71069, 29.04974]},
								"south": {"uv": [71.97802, 7.79886], "uv_size": [29.71069, 29.04974]},
								"west": {"uv": [71.97802, 7.79886], "uv_size": [29.71069, 29.04974]},
								"up": {"uv": [101.68871, 36.8486], "uv_size": [-29.71069, -29.04974]},
								"down": {"uv": [101.68871, 36.8486], "uv_size": [-29.71069, -29.04974]}
							}
						},
						{
							"origin": [28.70684, 24.3242, 1.85723],
							"size": [2.66112, 2.16216, 0.70578],
							"pivot": [8, 3.95, 3.01],
							"rotation": [0, 0, -52.5],
							"uv": {
								"north": {"uv": [71.97802, 7.79886], "uv_size": [29.71069, 29.04974]},
								"east": {"uv": [71.97802, 7.79886], "uv_size": [29.71069, 29.04974]},
								"south": {"uv": [71.97802, 7.79886], "uv_size": [29.71069, 29.04974]},
								"west": {"uv": [71.97802, 7.79886], "uv_size": [29.71069, 29.04974]},
								"up": {"uv": [101.68871, 36.8486], "uv_size": [-29.71069, -29.04974]},
								"down": {"uv": [101.68871, 36.8486], "uv_size": [-29.71069, -29.04974]}
							}
						},
						{
							"origin": [35.35964, 16.0082, 1.85723],
							"size": [2.66112, 2.16216, 0.70578],
							"pivot": [8, 3.95, 3.01],
							"rotation": [0, 0, -75],
							"uv": {
								"north": {"uv": [71.97802, 7.79886], "uv_size": [29.71069, 29.04974]},
								"east": {"uv": [71.97802, 7.79886], "uv_size": [29.71069, 29.04974]},
								"south": {"uv": [71.97802, 7.79886], "uv_size": [29.71069, 29.04974]},
								"west": {"uv": [71.97802, 7.79886], "uv_size": [29.71069, 29.04974]},
								"up": {"uv": [101.68871, 36.8486], "uv_size": [-29.71069, -29.04974]},
								"down": {"uv": [101.68871, 36.8486], "uv_size": [-29.71069, -29.04974]}
							}
						}
					]
				},
				{
					"name": "bone5",
					"parent": "bone2",
					"pivot": [7.95, 3.95, 0.01],
					"cubes": [
						{
							"origin": [4.59044, 31.8086, -1.11277],
							"size": [2.66112, 2.16216, 0.70578],
							"uv": {
								"north": {"uv": [71.97802, 7.79886], "uv_size": [29.71069, 29.04974]},
								"east": {"uv": [71.97802, 7.79886], "uv_size": [29.71069, 29.04974]},
								"south": {"uv": [71.97802, 7.79886], "uv_size": [29.71069, 29.04974]},
								"west": {"uv": [71.97802, 7.79886], "uv_size": [29.71069, 29.04974]},
								"up": {"uv": [101.68871, 36.8486], "uv_size": [-29.71069, -29.04974]},
								"down": {"uv": [101.68871, 36.8486], "uv_size": [-29.71069, -29.04974]}
							}
						},
						{
							"origin": [20.39084, 29.3138, -1.11277],
							"size": [2.66112, 2.16216, 0.70578],
							"pivot": [8, 3.95, 0.04],
							"rotation": [0, 0, -32.5],
							"uv": {
								"north": {"uv": [71.97802, 7.79886], "uv_size": [29.71069, 29.04974]},
								"east": {"uv": [71.97802, 7.79886], "uv_size": [29.71069, 29.04974]},
								"south": {"uv": [71.97802, 7.79886], "uv_size": [29.71069, 29.04974]},
								"west": {"uv": [71.97802, 7.79886], "uv_size": [29.71069, 29.04974]},
								"up": {"uv": [101.68871, 36.8486], "uv_size": [-29.71069, -29.04974]},
								"down": {"uv": [101.68871, 36.8486], "uv_size": [-29.71069, -29.04974]}
							}
						},
						{
							"origin": [28.70684, 24.3242, -1.11277],
							"size": [2.66112, 2.16216, 0.70578],
							"pivot": [8, 3.95, 0.04],
							"rotation": [0, 0, -52.5],
							"uv": {
								"north": {"uv": [71.97802, 7.79886], "uv_size": [29.71069, 29.04974]},
								"east": {"uv": [71.97802, 7.79886], "uv_size": [29.71069, 29.04974]},
								"south": {"uv": [71.97802, 7.79886], "uv_size": [29.71069, 29.04974]},
								"west": {"uv": [71.97802, 7.79886], "uv_size": [29.71069, 29.04974]},
								"up": {"uv": [101.68871, 36.8486], "uv_size": [-29.71069, -29.04974]},
								"down": {"uv": [101.68871, 36.8486], "uv_size": [-29.71069, -29.04974]}
							}
						},
						{
							"origin": [35.35964, 16.0082, -1.11277],
							"size": [2.66112, 2.16216, 0.70578],
							"pivot": [8, 3.95, 0.04],
							"rotation": [0, 0, -75],
							"uv": {
								"north": {"uv": [71.97802, 7.79886], "uv_size": [29.71069, 29.04974]},
								"east": {"uv": [71.97802, 7.79886], "uv_size": [29.71069, 29.04974]},
								"south": {"uv": [71.97802, 7.79886], "uv_size": [29.71069, 29.04974]},
								"west": {"uv": [71.97802, 7.79886], "uv_size": [29.71069, 29.04974]},
								"up": {"uv": [101.68871, 36.8486], "uv_size": [-29.71069, -29.04974]},
								"down": {"uv": [101.68871, 36.8486], "uv_size": [-29.71069, -29.04974]}
							}
						}
					]
				},
				{
					"name": "bone18",
					"parent": "head",
					"pivot": [23, 7, 0],
					"rotation": [-7.37129, 22.69706, -47.14908]
				},
				{
					"name": "bone19",
					"parent": "bone18",
					"pivot": [22.95, 7, -0.03],
					"cubes": [
						{
							"origin": [18.941, 40.165, -4.851],
							"size": [3.168, 2.574, 2.97],
							"uv": {
								"north": {"uv": [71.97802, 7.79886], "uv_size": [29.71069, 29.04974]},
								"east": {"uv": [71.97802, 7.79886], "uv_size": [29.71069, 29.04974]},
								"south": {"uv": [71.97802, 7.79886], "uv_size": [29.71069, 29.04974]},
								"west": {"uv": [71.97802, 7.79886], "uv_size": [29.71069, 29.04974]},
								"up": {"uv": [101.68871, 36.8486], "uv_size": [-29.71069, -29.04974]},
								"down": {"uv": [101.68871, 36.8486], "uv_size": [-29.71069, -29.04974]}
							}
						},
						{
							"origin": [37.751, 37.195, -4.851],
							"size": [3.168, 2.574, 2.97],
							"pivot": [23, 7, 0],
							"rotation": [0, 0, -32.5],
							"uv": {
								"north": {"uv": [71.97802, 7.79886], "uv_size": [29.71069, 29.04974]},
								"east": {"uv": [71.97802, 7.79886], "uv_size": [29.71069, 29.04974]},
								"south": {"uv": [71.97802, 7.79886], "uv_size": [29.71069, 29.04974]},
								"west": {"uv": [71.97802, 7.79886], "uv_size": [29.71069, 29.04974]},
								"up": {"uv": [101.68871, 36.8486], "uv_size": [-29.71069, -29.04974]},
								"down": {"uv": [101.68871, 36.8486], "uv_size": [-29.71069, -29.04974]}
							}
						},
						{
							"origin": [47.651, 31.255, -4.851],
							"size": [3.168, 2.574, 2.97],
							"pivot": [23, 7, 0],
							"rotation": [0, 0, -52.5],
							"uv": {
								"north": {"uv": [71.97802, 7.79886], "uv_size": [29.71069, 29.04974]},
								"east": {"uv": [71.97802, 7.79886], "uv_size": [29.71069, 29.04974]},
								"south": {"uv": [71.97802, 7.79886], "uv_size": [29.71069, 29.04974]},
								"west": {"uv": [71.97802, 7.79886], "uv_size": [29.71069, 29.04974]},
								"up": {"uv": [101.68871, 36.8486], "uv_size": [-29.71069, -29.04974]},
								"down": {"uv": [101.68871, 36.8486], "uv_size": [-29.71069, -29.04974]}
							}
						},
						{
							"origin": [55.571, 21.355, -4.851],
							"size": [3.168, 2.574, 2.97],
							"pivot": [23, 7, 0],
							"rotation": [0, 0, -75],
							"uv": {
								"north": {"uv": [71.97802, 7.79886], "uv_size": [29.71069, 29.04974]},
								"east": {"uv": [71.97802, 7.79886], "uv_size": [29.71069, 29.04974]},
								"south": {"uv": [71.97802, 7.79886], "uv_size": [29.71069, 29.04974]},
								"west": {"uv": [71.97802, 7.79886], "uv_size": [29.71069, 29.04974]},
								"up": {"uv": [101.68871, 36.8486], "uv_size": [-29.71069, -29.04974]},
								"down": {"uv": [101.68871, 36.8486], "uv_size": [-29.71069, -29.04974]}
							}
						}
					]
				},
				{
					"name": "bone20",
					"parent": "bone18",
					"pivot": [22.95, 11.95, -1.02],
					"cubes": [
						{
							"origin": [19.59044, 39.8086, -2.14277],
							"size": [2.66112, 2.16216, 0.70578],
							"uv": {
								"north": {"uv": [71.97802, 7.79886], "uv_size": [29.71069, 29.04974]},
								"east": {"uv": [71.97802, 7.79886], "uv_size": [29.71069, 29.04974]},
								"south": {"uv": [71.97802, 7.79886], "uv_size": [29.71069, 29.04974]},
								"west": {"uv": [71.97802, 7.79886], "uv_size": [29.71069, 29.04974]},
								"up": {"uv": [101.68871, 36.8486], "uv_size": [-29.71069, -29.04974]},
								"down": {"uv": [101.68871, 36.8486], "uv_size": [-29.71069, -29.04974]}
							}
						},
						{
							"origin": [35.39084, 37.3138, -2.14277],
							"size": [2.66112, 2.16216, 0.70578],
							"pivot": [23, 11.95, -0.99],
							"rotation": [0, 0, -32.5],
							"uv": {
								"north": {"uv": [71.97802, 7.79886], "uv_size": [29.71069, 29.04974]},
								"east": {"uv": [71.97802, 7.79886], "uv_size": [29.71069, 29.04974]},
								"south": {"uv": [71.97802, 7.79886], "uv_size": [29.71069, 29.04974]},
								"west": {"uv": [71.97802, 7.79886], "uv_size": [29.71069, 29.04974]},
								"up": {"uv": [101.68871, 36.8486], "uv_size": [-29.71069, -29.04974]},
								"down": {"uv": [101.68871, 36.8486], "uv_size": [-29.71069, -29.04974]}
							}
						},
						{
							"origin": [43.70684, 32.3242, -2.14277],
							"size": [2.66112, 2.16216, 0.70578],
							"pivot": [23, 11.95, -0.99],
							"rotation": [0, 0, -52.5],
							"uv": {
								"north": {"uv": [71.97802, 7.79886], "uv_size": [29.71069, 29.04974]},
								"east": {"uv": [71.97802, 7.79886], "uv_size": [29.71069, 29.04974]},
								"south": {"uv": [71.97802, 7.79886], "uv_size": [29.71069, 29.04974]},
								"west": {"uv": [71.97802, 7.79886], "uv_size": [29.71069, 29.04974]},
								"up": {"uv": [101.68871, 36.8486], "uv_size": [-29.71069, -29.04974]},
								"down": {"uv": [101.68871, 36.8486], "uv_size": [-29.71069, -29.04974]}
							}
						},
						{
							"origin": [50.35964, 24.0082, -2.14277],
							"size": [2.66112, 2.16216, 0.70578],
							"pivot": [23, 11.95, -0.99],
							"rotation": [0, 0, -75],
							"uv": {
								"north": {"uv": [71.97802, 7.79886], "uv_size": [29.71069, 29.04974]},
								"east": {"uv": [71.97802, 7.79886], "uv_size": [29.71069, 29.04974]},
								"south": {"uv": [71.97802, 7.79886], "uv_size": [29.71069, 29.04974]},
								"west": {"uv": [71.97802, 7.79886], "uv_size": [29.71069, 29.04974]},
								"up": {"uv": [101.68871, 36.8486], "uv_size": [-29.71069, -29.04974]},
								"down": {"uv": [101.68871, 36.8486], "uv_size": [-29.71069, -29.04974]}
							}
						}
					]
				},
				{
					"name": "bone21",
					"parent": "bone18",
					"pivot": [22.95, 11.95, -3.99],
					"cubes": [
						{
							"origin": [19.59044, 39.8086, -5.11277],
							"size": [2.66112, 2.16216, 0.70578],
							"uv": {
								"north": {"uv": [71.97802, 7.79886], "uv_size": [29.71069, 29.04974]},
								"east": {"uv": [71.97802, 7.79886], "uv_size": [29.71069, 29.04974]},
								"south": {"uv": [71.97802, 7.79886], "uv_size": [29.71069, 29.04974]},
								"west": {"uv": [71.97802, 7.79886], "uv_size": [29.71069, 29.04974]},
								"up": {"uv": [101.68871, 36.8486], "uv_size": [-29.71069, -29.04974]},
								"down": {"uv": [101.68871, 36.8486], "uv_size": [-29.71069, -29.04974]}
							}
						},
						{
							"origin": [35.39084, 37.3138, -5.11277],
							"size": [2.66112, 2.16216, 0.70578],
							"pivot": [23, 11.95, -3.96],
							"rotation": [0, 0, -32.5],
							"uv": {
								"north": {"uv": [71.97802, 7.79886], "uv_size": [29.71069, 29.04974]},
								"east": {"uv": [71.97802, 7.79886], "uv_size": [29.71069, 29.04974]},
								"south": {"uv": [71.97802, 7.79886], "uv_size": [29.71069, 29.04974]},
								"west": {"uv": [71.97802, 7.79886], "uv_size": [29.71069, 29.04974]},
								"up": {"uv": [101.68871, 36.8486], "uv_size": [-29.71069, -29.04974]},
								"down": {"uv": [101.68871, 36.8486], "uv_size": [-29.71069, -29.04974]}
							}
						},
						{
							"origin": [43.70684, 32.3242, -5.11277],
							"size": [2.66112, 2.16216, 0.70578],
							"pivot": [23, 11.95, -3.96],
							"rotation": [0, 0, -52.5],
							"uv": {
								"north": {"uv": [71.97802, 7.79886], "uv_size": [29.71069, 29.04974]},
								"east": {"uv": [71.97802, 7.79886], "uv_size": [29.71069, 29.04974]},
								"south": {"uv": [71.97802, 7.79886], "uv_size": [29.71069, 29.04974]},
								"west": {"uv": [71.97802, 7.79886], "uv_size": [29.71069, 29.04974]},
								"up": {"uv": [101.68871, 36.8486], "uv_size": [-29.71069, -29.04974]},
								"down": {"uv": [101.68871, 36.8486], "uv_size": [-29.71069, -29.04974]}
							}
						},
						{
							"origin": [50.35964, 24.0082, -5.11277],
							"size": [2.66112, 2.16216, 0.70578],
							"pivot": [23, 11.95, -3.96],
							"rotation": [0, 0, -75],
							"uv": {
								"north": {"uv": [71.97802, 7.79886], "uv_size": [29.71069, 29.04974]},
								"east": {"uv": [71.97802, 7.79886], "uv_size": [29.71069, 29.04974]},
								"south": {"uv": [71.97802, 7.79886], "uv_size": [29.71069, 29.04974]},
								"west": {"uv": [71.97802, 7.79886], "uv_size": [29.71069, 29.04974]},
								"up": {"uv": [101.68871, 36.8486], "uv_size": [-29.71069, -29.04974]},
								"down": {"uv": [101.68871, 36.8486], "uv_size": [-29.71069, -29.04974]}
							}
						}
					]
				},
				{
					"name": "bone10",
					"parent": "head",
					"pivot": [-20, 14, 7],
					"rotation": [14.48174, 9.93191, 56.26501]
				},
				{
					"name": "bone11",
					"parent": "bone10",
					"pivot": [-18.7685, 14, 6.2951],
					"cubes": [
						{
							"origin": [-19.26047, 41.52695, 2.97367],
							"size": [2.62944, 2.13642, 2.4651],
							"uv": {
								"north": {"uv": [101.68871, 7.79886], "uv_size": [-29.71069, 29.04974]},
								"east": {"uv": [101.68871, 7.79886], "uv_size": [-29.71069, 29.04974]},
								"south": {"uv": [101.68871, 7.79886], "uv_size": [-29.71069, 29.04974]},
								"west": {"uv": [101.68871, 7.79886], "uv_size": [-29.71069, 29.04974]},
								"up": {"uv": [71.97802, 36.8486], "uv_size": [29.71069, -29.04974]},
								"down": {"uv": [71.97802, 36.8486], "uv_size": [29.71069, -29.04974]}
							}
						},
						{
							"origin": [-34.87277, 39.06185, 2.97367],
							"size": [2.62944, 2.13642, 2.4651],
							"pivot": [-20, 14, 7],
							"rotation": [0, 0, 32.5],
							"uv": {
								"north": {"uv": [101.68871, 7.79886], "uv_size": [-29.71069, 29.04974]},
								"east": {"uv": [101.68871, 7.79886], "uv_size": [-29.71069, 29.04974]},
								"south": {"uv": [101.68871, 7.79886], "uv_size": [-29.71069, 29.04974]},
								"west": {"uv": [101.68871, 7.79886], "uv_size": [-29.71069, 29.04974]},
								"up": {"uv": [71.97802, 36.8486], "uv_size": [29.71069, -29.04974]},
								"down": {"uv": [71.97802, 36.8486], "uv_size": [29.71069, -29.04974]}
							}
						},
						{
							"origin": [-43.08977, 34.13165, 2.97367],
							"size": [2.62944, 2.13642, 2.4651],
							"pivot": [-20, 14, 7],
							"rotation": [0, 0, 52.5],
							"uv": {
								"north": {"uv": [101.68871, 7.79886], "uv_size": [-29.71069, 29.04974]},
								"east": {"uv": [101.68871, 7.79886], "uv_size": [-29.71069, 29.04974]},
								"south": {"uv": [101.68871, 7.79886], "uv_size": [-29.71069, 29.04974]},
								"west": {"uv": [101.68871, 7.79886], "uv_size": [-29.71069, 29.04974]},
								"up": {"uv": [71.97802, 36.8486], "uv_size": [29.71069, -29.04974]},
								"down": {"uv": [71.97802, 36.8486], "uv_size": [29.71069, -29.04974]}
							}
						},
						{
							"origin": [-49.66337, 25.91465, 2.97367],
							"size": [2.62944, 2.13642, 2.4651],
							"pivot": [-20, 14, 7],
							"rotation": [0, 0, 75],
							"uv": {
								"north": {"uv": [101.68871, 7.79886], "uv_size": [-29.71069, 29.04974]},
								"east": {"uv": [101.68871, 7.79886], "uv_size": [-29.71069, 29.04974]},
								"south": {"uv": [101.68871, 7.79886], "uv_size": [-29.71069, 29.04974]},
								"west": {"uv": [101.68871, 7.79886], "uv_size": [-29.71069, 29.04974]},
								"up": {"uv": [71.97802, 36.8486], "uv_size": [29.71069, -29.04974]},
								"down": {"uv": [71.97802, 36.8486], "uv_size": [29.71069, -29.04974]}
							}
						}
					]
				},
				{
					"name": "bone12",
					"parent": "bone10",
					"pivot": [-18.7685, 18.1085, 5.4734],
					"cubes": [
						{
							"origin": [-19.37879, 41.23114, 5.2215],
							"size": [2.20873, 1.79459, 0.5858],
							"uv": {
								"north": {"uv": [101.68871, 7.79886], "uv_size": [-29.71069, 29.04974]},
								"east": {"uv": [101.68871, 7.79886], "uv_size": [-29.71069, 29.04974]},
								"south": {"uv": [101.68871, 7.79886], "uv_size": [-29.71069, 29.04974]},
								"west": {"uv": [101.68871, 7.79886], "uv_size": [-29.71069, 29.04974]},
								"up": {"uv": [71.97802, 36.8486], "uv_size": [29.71069, -29.04974]},
								"down": {"uv": [71.97802, 36.8486], "uv_size": [29.71069, -29.04974]}
							}
						},
						{
							"origin": [-32.49313, 39.16045, 5.2215],
							"size": [2.20873, 1.79459, 0.5858],
							"pivot": [-20, 18.1085, 6.1783],
							"rotation": [0, 0, 32.5],
							"uv": {
								"north": {"uv": [101.68871, 7.79886], "uv_size": [-29.71069, 29.04974]},
								"east": {"uv": [101.68871, 7.79886], "uv_size": [-29.71069, 29.04974]},
								"south": {"uv": [101.68871, 7.79886], "uv_size": [-29.71069, 29.04974]},
								"west": {"uv": [101.68871, 7.79886], "uv_size": [-29.71069, 29.04974]},
								"up": {"uv": [71.97802, 36.8486], "uv_size": [29.71069, -29.04974]},
								"down": {"uv": [71.97802, 36.8486], "uv_size": [29.71069, -29.04974]}
							}
						},
						{
							"origin": [-39.39541, 35.01909, 5.2215],
							"size": [2.20873, 1.79459, 0.5858],
							"pivot": [-20, 18.1085, 6.1783],
							"rotation": [0, 0, 52.5],
							"uv": {
								"north": {"uv": [101.68871, 7.79886], "uv_size": [-29.71069, 29.04974]},
								"east": {"uv": [101.68871, 7.79886], "uv_size": [-29.71069, 29.04974]},
								"south": {"uv": [101.68871, 7.79886], "uv_size": [-29.71069, 29.04974]},
								"west": {"uv": [101.68871, 7.79886], "uv_size": [-29.71069, 29.04974]},
								"up": {"uv": [71.97802, 36.8486], "uv_size": [29.71069, -29.04974]},
								"down": {"uv": [71.97802, 36.8486], "uv_size": [29.71069, -29.04974]}
							}
						},
						{
							"origin": [-44.91723, 28.11681, 5.2215],
							"size": [2.20873, 1.79459, 0.5858],
							"pivot": [-20, 18.1085, 6.1783],
							"rotation": [0, 0, 75],
							"uv": {
								"north": {"uv": [101.68871, 7.79886], "uv_size": [-29.71069, 29.04974]},
								"east": {"uv": [101.68871, 7.79886], "uv_size": [-29.71069, 29.04974]},
								"south": {"uv": [101.68871, 7.79886], "uv_size": [-29.71069, 29.04974]},
								"west": {"uv": [101.68871, 7.79886], "uv_size": [-29.71069, 29.04974]},
								"up": {"uv": [71.97802, 36.8486], "uv_size": [29.71069, -29.04974]},
								"down": {"uv": [71.97802, 36.8486], "uv_size": [29.71069, -29.04974]}
							}
						}
					]
				},
				{
					"name": "bone13",
					"parent": "bone10",
					"pivot": [-18.7685, 18.1085, 3.0083],
					"cubes": [
						{
							"origin": [-19.37879, 41.23114, 2.7564],
							"size": [2.20873, 1.79459, 0.5858],
							"uv": {
								"north": {"uv": [101.68871, 7.79886], "uv_size": [-29.71069, 29.04974]},
								"east": {"uv": [101.68871, 7.79886], "uv_size": [-29.71069, 29.04974]},
								"south": {"uv": [101.68871, 7.79886], "uv_size": [-29.71069, 29.04974]},
								"west": {"uv": [101.68871, 7.79886], "uv_size": [-29.71069, 29.04974]},
								"up": {"uv": [71.97802, 36.8486], "uv_size": [29.71069, -29.04974]},
								"down": {"uv": [71.97802, 36.8486], "uv_size": [29.71069, -29.04974]}
							}
						},
						{
							"origin": [-32.49313, 39.16045, 2.7564],
							"size": [2.20873, 1.79459, 0.5858],
							"pivot": [-20, 18.1085, 3.7132],
							"rotation": [0, 0, 32.5],
							"uv": {
								"north": {"uv": [101.68871, 7.79886], "uv_size": [-29.71069, 29.04974]},
								"east": {"uv": [101.68871, 7.79886], "uv_size": [-29.71069, 29.04974]},
								"south": {"uv": [101.68871, 7.79886], "uv_size": [-29.71069, 29.04974]},
								"west": {"uv": [101.68871, 7.79886], "uv_size": [-29.71069, 29.04974]},
								"up": {"uv": [71.97802, 36.8486], "uv_size": [29.71069, -29.04974]},
								"down": {"uv": [71.97802, 36.8486], "uv_size": [29.71069, -29.04974]}
							}
						},
						{
							"origin": [-39.39541, 35.01909, 2.7564],
							"size": [2.20873, 1.79459, 0.5858],
							"pivot": [-20, 18.1085, 3.7132],
							"rotation": [0, 0, 52.5],
							"uv": {
								"north": {"uv": [101.68871, 7.79886], "uv_size": [-29.71069, 29.04974]},
								"east": {"uv": [101.68871, 7.79886], "uv_size": [-29.71069, 29.04974]},
								"south": {"uv": [101.68871, 7.79886], "uv_size": [-29.71069, 29.04974]},
								"west": {"uv": [101.68871, 7.79886], "uv_size": [-29.71069, 29.04974]},
								"up": {"uv": [71.97802, 36.8486], "uv_size": [29.71069, -29.04974]},
								"down": {"uv": [71.97802, 36.8486], "uv_size": [29.71069, -29.04974]}
							}
						},
						{
							"origin": [-44.91723, 28.11681, 2.7564],
							"size": [2.20873, 1.79459, 0.5858],
							"pivot": [-20, 18.1085, 3.7132],
							"rotation": [0, 0, 75],
							"uv": {
								"north": {"uv": [101.68871, 7.79886], "uv_size": [-29.71069, 29.04974]},
								"east": {"uv": [101.68871, 7.79886], "uv_size": [-29.71069, 29.04974]},
								"south": {"uv": [101.68871, 7.79886], "uv_size": [-29.71069, 29.04974]},
								"west": {"uv": [101.68871, 7.79886], "uv_size": [-29.71069, 29.04974]},
								"up": {"uv": [71.97802, 36.8486], "uv_size": [29.71069, -29.04974]},
								"down": {"uv": [71.97802, 36.8486], "uv_size": [29.71069, -29.04974]}
							}
						}
					]
				},
				{
					"name": "bone14",
					"parent": "head",
					"pivot": [-17, 10, -8],
					"rotation": [-11.45696, -13.31791, 41.34198]
				},
				{
					"name": "bone15",
					"parent": "bone14",
					"pivot": [-15.7685, 10, -7.2951],
					"cubes": [
						{
							"origin": [-16.26047, 37.52695, -6.43877],
							"size": [2.62944, 2.13642, 2.4651],
							"uv": {
								"north": {"uv": [71.97802, 7.79886], "uv_size": [29.71069, 29.04974]},
								"east": {"uv": [71.97802, 7.79886], "uv_size": [29.71069, 29.04974]},
								"south": {"uv": [71.97802, 7.79886], "uv_size": [29.71069, 29.04974]},
								"west": {"uv": [71.97802, 7.79886], "uv_size": [29.71069, 29.04974]},
								"up": {"uv": [71.97802, 7.79886], "uv_size": [29.71069, 29.04974]},
								"down": {"uv": [71.97802, 7.79886], "uv_size": [29.71069, 29.04974]}
							}
						},
						{
							"origin": [-31.87277, 35.06185, -6.43877],
							"size": [2.62944, 2.13642, 2.4651],
							"pivot": [-17, 10, -8],
							"rotation": [0, 0, 32.5],
							"uv": {
								"north": {"uv": [71.97802, 7.79886], "uv_size": [29.71069, 29.04974]},
								"east": {"uv": [71.97802, 7.79886], "uv_size": [29.71069, 29.04974]},
								"south": {"uv": [71.97802, 7.79886], "uv_size": [29.71069, 29.04974]},
								"west": {"uv": [71.97802, 7.79886], "uv_size": [29.71069, 29.04974]},
								"up": {"uv": [71.97802, 7.79886], "uv_size": [29.71069, 29.04974]},
								"down": {"uv": [71.97802, 7.79886], "uv_size": [29.71069, 29.04974]}
							}
						},
						{
							"origin": [-40.08977, 30.13165, -6.43877],
							"size": [2.62944, 2.13642, 2.4651],
							"pivot": [-17, 10, -8],
							"rotation": [0, 0, 52.5],
							"uv": {
								"north": {"uv": [71.97802, 7.79886], "uv_size": [29.71069, 29.04974]},
								"east": {"uv": [71.97802, 7.79886], "uv_size": [29.71069, 29.04974]},
								"south": {"uv": [71.97802, 7.79886], "uv_size": [29.71069, 29.04974]},
								"west": {"uv": [71.97802, 7.79886], "uv_size": [29.71069, 29.04974]},
								"up": {"uv": [71.97802, 7.79886], "uv_size": [29.71069, 29.04974]},
								"down": {"uv": [71.97802, 7.79886], "uv_size": [29.71069, 29.04974]}
							}
						},
						{
							"origin": [-46.66337, 21.91465, -6.43877],
							"size": [2.62944, 2.13642, 2.4651],
							"pivot": [-17, 10, -8],
							"rotation": [0, 0, 75],
							"uv": {
								"north": {"uv": [71.97802, 7.79886], "uv_size": [29.71069, 29.04974]},
								"east": {"uv": [71.97802, 7.79886], "uv_size": [29.71069, 29.04974]},
								"south": {"uv": [71.97802, 7.79886], "uv_size": [29.71069, 29.04974]},
								"west": {"uv": [71.97802, 7.79886], "uv_size": [29.71069, 29.04974]},
								"up": {"uv": [71.97802, 7.79886], "uv_size": [29.71069, 29.04974]},
								"down": {"uv": [71.97802, 7.79886], "uv_size": [29.71069, 29.04974]}
							}
						}
					]
				},
				{
					"name": "bone16",
					"parent": "bone14",
					"pivot": [-15.7685, 14.1085, -6.4734],
					"cubes": [
						{
							"origin": [-16.37879, 37.23114, -6.8073],
							"size": [2.20873, 1.79459, 0.5858],
							"uv": {
								"north": {"uv": [71.97802, 7.79886], "uv_size": [29.71069, 29.04974]},
								"east": {"uv": [71.97802, 7.79886], "uv_size": [29.71069, 29.04974]},
								"south": {"uv": [71.97802, 7.79886], "uv_size": [29.71069, 29.04974]},
								"west": {"uv": [71.97802, 7.79886], "uv_size": [29.71069, 29.04974]},
								"up": {"uv": [71.97802, 7.79886], "uv_size": [29.71069, 29.04974]},
								"down": {"uv": [71.97802, 7.79886], "uv_size": [29.71069, 29.04974]}
							}
						},
						{
							"origin": [-29.49313, 35.16045, -6.8073],
							"size": [2.20873, 1.79459, 0.5858],
							"pivot": [-17, 14.1085, -7.1783],
							"rotation": [0, 0, 32.5],
							"uv": {
								"north": {"uv": [71.97802, 7.79886], "uv_size": [29.71069, 29.04974]},
								"east": {"uv": [71.97802, 7.79886], "uv_size": [29.71069, 29.04974]},
								"south": {"uv": [71.97802, 7.79886], "uv_size": [29.71069, 29.04974]},
								"west": {"uv": [71.97802, 7.79886], "uv_size": [29.71069, 29.04974]},
								"up": {"uv": [71.97802, 7.79886], "uv_size": [29.71069, 29.04974]},
								"down": {"uv": [71.97802, 7.79886], "uv_size": [29.71069, 29.04974]}
							}
						},
						{
							"origin": [-36.39541, 31.01909, -6.8073],
							"size": [2.20873, 1.79459, 0.5858],
							"pivot": [-17, 14.1085, -7.1783],
							"rotation": [0, 0, 52.5],
							"uv": {
								"north": {"uv": [71.97802, 7.79886], "uv_size": [29.71069, 29.04974]},
								"east": {"uv": [71.97802, 7.79886], "uv_size": [29.71069, 29.04974]},
								"south": {"uv": [71.97802, 7.79886], "uv_size": [29.71069, 29.04974]},
								"west": {"uv": [71.97802, 7.79886], "uv_size": [29.71069, 29.04974]},
								"up": {"uv": [71.97802, 7.79886], "uv_size": [29.71069, 29.04974]},
								"down": {"uv": [71.97802, 7.79886], "uv_size": [29.71069, 29.04974]}
							}
						},
						{
							"origin": [-41.91723, 24.11681, -6.8073],
							"size": [2.20873, 1.79459, 0.5858],
							"pivot": [-17, 14.1085, -7.1783],
							"rotation": [0, 0, 75],
							"uv": {
								"north": {"uv": [71.97802, 7.79886], "uv_size": [29.71069, 29.04974]},
								"east": {"uv": [71.97802, 7.79886], "uv_size": [29.71069, 29.04974]},
								"south": {"uv": [71.97802, 7.79886], "uv_size": [29.71069, 29.04974]},
								"west": {"uv": [71.97802, 7.79886], "uv_size": [29.71069, 29.04974]},
								"up": {"uv": [71.97802, 7.79886], "uv_size": [29.71069, 29.04974]},
								"down": {"uv": [71.97802, 7.79886], "uv_size": [29.71069, 29.04974]}
							}
						}
					]
				},
				{
					"name": "bone17",
					"parent": "bone14",
					"pivot": [-15.7685, 14.1085, -4.0083],
					"cubes": [
						{
							"origin": [-16.37879, 37.23114, -4.3422],
							"size": [2.20873, 1.79459, 0.5858],
							"uv": {
								"north": {"uv": [71.97802, 7.79886], "uv_size": [29.71069, 29.04974]},
								"east": {"uv": [71.97802, 7.79886], "uv_size": [29.71069, 29.04974]},
								"south": {"uv": [71.97802, 7.79886], "uv_size": [29.71069, 29.04974]},
								"west": {"uv": [71.97802, 7.79886], "uv_size": [29.71069, 29.04974]},
								"up": {"uv": [71.97802, 7.79886], "uv_size": [29.71069, 29.04974]},
								"down": {"uv": [71.97802, 7.79886], "uv_size": [29.71069, 29.04974]}
							}
						},
						{
							"origin": [-29.49313, 35.16045, -4.3422],
							"size": [2.20873, 1.79459, 0.5858],
							"pivot": [-17, 14.1085, -4.7132],
							"rotation": [0, 0, 32.5],
							"uv": {
								"north": {"uv": [71.97802, 7.79886], "uv_size": [29.71069, 29.04974]},
								"east": {"uv": [71.97802, 7.79886], "uv_size": [29.71069, 29.04974]},
								"south": {"uv": [71.97802, 7.79886], "uv_size": [29.71069, 29.04974]},
								"west": {"uv": [71.97802, 7.79886], "uv_size": [29.71069, 29.04974]},
								"up": {"uv": [71.97802, 7.79886], "uv_size": [29.71069, 29.04974]},
								"down": {"uv": [71.97802, 7.79886], "uv_size": [29.71069, 29.04974]}
							}
						},
						{
							"origin": [-36.39541, 31.01909, -4.3422],
							"size": [2.20873, 1.79459, 0.5858],
							"pivot": [-17, 14.1085, -4.7132],
							"rotation": [0, 0, 52.5],
							"uv": {
								"north": {"uv": [71.97802, 7.79886], "uv_size": [29.71069, 29.04974]},
								"east": {"uv": [71.97802, 7.79886], "uv_size": [29.71069, 29.04974]},
								"south": {"uv": [71.97802, 7.79886], "uv_size": [29.71069, 29.04974]},
								"west": {"uv": [71.97802, 7.79886], "uv_size": [29.71069, 29.04974]},
								"up": {"uv": [71.97802, 7.79886], "uv_size": [29.71069, 29.04974]},
								"down": {"uv": [71.97802, 7.79886], "uv_size": [29.71069, 29.04974]}
							}
						},
						{
							"origin": [-41.91723, 24.11681, -4.3422],
							"size": [2.20873, 1.79459, 0.5858],
							"pivot": [-17, 14.1085, -4.7132],
							"rotation": [0, 0, 75],
							"uv": {
								"north": {"uv": [71.97802, 7.79886], "uv_size": [29.71069, 29.04974]},
								"east": {"uv": [71.97802, 7.79886], "uv_size": [29.71069, 29.04974]},
								"south": {"uv": [71.97802, 7.79886], "uv_size": [29.71069, 29.04974]},
								"west": {"uv": [71.97802, 7.79886], "uv_size": [29.71069, 29.04974]},
								"up": {"uv": [71.97802, 7.79886], "uv_size": [29.71069, 29.04974]},
								"down": {"uv": [71.97802, 7.79886], "uv_size": [29.71069, 29.04974]}
							}
						}
					]
				},
				{
					"name": "bone6",
					"parent": "head",
					"pivot": [-13, 1, 8],
					"rotation": [8.37639, 6.63899, 26.20933]
				},
				{
					"name": "bone7",
					"parent": "bone6",
					"pivot": [-13.05, 1, 7.97],
					"cubes": [
						{
							"origin": [-17.059, 34.165, 3.149],
							"size": [3.168, 2.574, 2.97],
							"uv": {
								"north": {"uv": [71.97802, 7.79886], "uv_size": [29.71069, 29.04974]},
								"east": {"uv": [71.97802, 7.79886], "uv_size": [29.71069, 29.04974]},
								"south": {"uv": [71.97802, 7.79886], "uv_size": [29.71069, 29.04974]},
								"west": {"uv": [71.97802, 7.79886], "uv_size": [29.71069, 29.04974]},
								"up": {"uv": [101.68871, 36.8486], "uv_size": [-29.71069, -29.04974]},
								"down": {"uv": [101.68871, 36.8486], "uv_size": [-29.71069, -29.04974]}
							}
						},
						{
							"origin": [1.751, 31.195, 3.149],
							"size": [3.168, 2.574, 2.97],
							"pivot": [-13, 1, 8],
							"rotation": [0, 0, -32.5],
							"uv": {
								"north": {"uv": [71.97802, 7.79886], "uv_size": [29.71069, 29.04974]},
								"east": {"uv": [71.97802, 7.79886], "uv_size": [29.71069, 29.04974]},
								"south": {"uv": [71.97802, 7.79886], "uv_size": [29.71069, 29.04974]},
								"west": {"uv": [71.97802, 7.79886], "uv_size": [29.71069, 29.04974]},
								"up": {"uv": [101.68871, 36.8486], "uv_size": [-29.71069, -29.04974]},
								"down": {"uv": [101.68871, 36.8486], "uv_size": [-29.71069, -29.04974]}
							}
						},
						{
							"origin": [11.651, 25.255, 3.149],
							"size": [3.168, 2.574, 2.97],
							"pivot": [-13, 1, 8],
							"rotation": [0, 0, -52.5],
							"uv": {
								"north": {"uv": [71.97802, 7.79886], "uv_size": [29.71069, 29.04974]},
								"east": {"uv": [71.97802, 7.79886], "uv_size": [29.71069, 29.04974]},
								"south": {"uv": [71.97802, 7.79886], "uv_size": [29.71069, 29.04974]},
								"west": {"uv": [71.97802, 7.79886], "uv_size": [29.71069, 29.04974]},
								"up": {"uv": [101.68871, 36.8486], "uv_size": [-29.71069, -29.04974]},
								"down": {"uv": [101.68871, 36.8486], "uv_size": [-29.71069, -29.04974]}
							}
						},
						{
							"origin": [19.571, 15.355, 3.149],
							"size": [3.168, 2.574, 2.97],
							"pivot": [-13, 1, 8],
							"rotation": [0, 0, -75],
							"uv": {
								"north": {"uv": [71.97802, 7.79886], "uv_size": [29.71069, 29.04974]},
								"east": {"uv": [71.97802, 7.79886], "uv_size": [29.71069, 29.04974]},
								"south": {"uv": [71.97802, 7.79886], "uv_size": [29.71069, 29.04974]},
								"west": {"uv": [71.97802, 7.79886], "uv_size": [29.71069, 29.04974]},
								"up": {"uv": [101.68871, 36.8486], "uv_size": [-29.71069, -29.04974]},
								"down": {"uv": [101.68871, 36.8486], "uv_size": [-29.71069, -29.04974]}
							}
						}
					]
				},
				{
					"name": "bone8",
					"parent": "bone6",
					"pivot": [-13.05, 5.95, 6.98],
					"cubes": [
						{
							"origin": [-16.40956, 33.8086, 5.85723],
							"size": [2.66112, 2.16216, 0.70578],
							"uv": {
								"north": {"uv": [71.97802, 7.79886], "uv_size": [29.71069, 29.04974]},
								"east": {"uv": [71.97802, 7.79886], "uv_size": [29.71069, 29.04974]},
								"south": {"uv": [71.97802, 7.79886], "uv_size": [29.71069, 29.04974]},
								"west": {"uv": [71.97802, 7.79886], "uv_size": [29.71069, 29.04974]},
								"up": {"uv": [101.68871, 36.8486], "uv_size": [-29.71069, -29.04974]},
								"down": {"uv": [101.68871, 36.8486], "uv_size": [-29.71069, -29.04974]}
							}
						},
						{
							"origin": [-0.60916, 31.3138, 5.85723],
							"size": [2.66112, 2.16216, 0.70578],
							"pivot": [-13, 5.95, 7.01],
							"rotation": [0, 0, -32.5],
							"uv": {
								"north": {"uv": [71.97802, 7.79886], "uv_size": [29.71069, 29.04974]},
								"east": {"uv": [71.97802, 7.79886], "uv_size": [29.71069, 29.04974]},
								"south": {"uv": [71.97802, 7.79886], "uv_size": [29.71069, 29.04974]},
								"west": {"uv": [71.97802, 7.79886], "uv_size": [29.71069, 29.04974]},
								"up": {"uv": [101.68871, 36.8486], "uv_size": [-29.71069, -29.04974]},
								"down": {"uv": [101.68871, 36.8486], "uv_size": [-29.71069, -29.04974]}
							}
						},
						{
							"origin": [7.70684, 26.3242, 5.85723],
							"size": [2.66112, 2.16216, 0.70578],
							"pivot": [-13, 5.95, 7.01],
							"rotation": [0, 0, -52.5],
							"uv": {
								"north": {"uv": [71.97802, 7.79886], "uv_size": [29.71069, 29.04974]},
								"east": {"uv": [71.97802, 7.79886], "uv_size": [29.71069, 29.04974]},
								"south": {"uv": [71.97802, 7.79886], "uv_size": [29.71069, 29.04974]},
								"west": {"uv": [71.97802, 7.79886], "uv_size": [29.71069, 29.04974]},
								"up": {"uv": [101.68871, 36.8486], "uv_size": [-29.71069, -29.04974]},
								"down": {"uv": [101.68871, 36.8486], "uv_size": [-29.71069, -29.04974]}
							}
						},
						{
							"origin": [14.35964, 18.0082, 5.85723],
							"size": [2.66112, 2.16216, 0.70578],
							"pivot": [-13, 5.95, 7.01],
							"rotation": [0, 0, -75],
							"uv": {
								"north": {"uv": [71.97802, 7.79886], "uv_size": [29.71069, 29.04974]},
								"east": {"uv": [71.97802, 7.79886], "uv_size": [29.71069, 29.04974]},
								"south": {"uv": [71.97802, 7.79886], "uv_size": [29.71069, 29.04974]},
								"west": {"uv": [71.97802, 7.79886], "uv_size": [29.71069, 29.04974]},
								"up": {"uv": [101.68871, 36.8486], "uv_size": [-29.71069, -29.04974]},
								"down": {"uv": [101.68871, 36.8486], "uv_size": [-29.71069, -29.04974]}
							}
						}
					]
				},
				{
					"name": "bone9",
					"parent": "bone6",
					"pivot": [-13.05, 5.95, 4.01],
					"cubes": [
						{
							"origin": [-16.40956, 33.8086, 2.88723],
							"size": [2.66112, 2.16216, 0.70578],
							"uv": {
								"north": {"uv": [71.97802, 7.79886], "uv_size": [29.71069, 29.04974]},
								"east": {"uv": [71.97802, 7.79886], "uv_size": [29.71069, 29.04974]},
								"south": {"uv": [71.97802, 7.79886], "uv_size": [29.71069, 29.04974]},
								"west": {"uv": [71.97802, 7.79886], "uv_size": [29.71069, 29.04974]},
								"up": {"uv": [101.68871, 36.8486], "uv_size": [-29.71069, -29.04974]},
								"down": {"uv": [101.68871, 36.8486], "uv_size": [-29.71069, -29.04974]}
							}
						},
						{
							"origin": [-0.60916, 31.3138, 2.88723],
							"size": [2.66112, 2.16216, 0.70578],
							"pivot": [-13, 5.95, 4.04],
							"rotation": [0, 0, -32.5],
							"uv": {
								"north": {"uv": [71.97802, 7.79886], "uv_size": [29.71069, 29.04974]},
								"east": {"uv": [71.97802, 7.79886], "uv_size": [29.71069, 29.04974]},
								"south": {"uv": [71.97802, 7.79886], "uv_size": [29.71069, 29.04974]},
								"west": {"uv": [71.97802, 7.79886], "uv_size": [29.71069, 29.04974]},
								"up": {"uv": [101.68871, 36.8486], "uv_size": [-29.71069, -29.04974]},
								"down": {"uv": [101.68871, 36.8486], "uv_size": [-29.71069, -29.04974]}
							}
						},
						{
							"origin": [7.70684, 26.3242, 2.88723],
							"size": [2.66112, 2.16216, 0.70578],
							"pivot": [-13, 5.95, 4.04],
							"rotation": [0, 0, -52.5],
							"uv": {
								"north": {"uv": [71.97802, 7.79886], "uv_size": [29.71069, 29.04974]},
								"east": {"uv": [71.97802, 7.79886], "uv_size": [29.71069, 29.04974]},
								"south": {"uv": [71.97802, 7.79886], "uv_size": [29.71069, 29.04974]},
								"west": {"uv": [71.97802, 7.79886], "uv_size": [29.71069, 29.04974]},
								"up": {"uv": [101.68871, 36.8486], "uv_size": [-29.71069, -29.04974]},
								"down": {"uv": [101.68871, 36.8486], "uv_size": [-29.71069, -29.04974]}
							}
						},
						{
							"origin": [14.35964, 18.0082, 2.88723],
							"size": [2.66112, 2.16216, 0.70578],
							"pivot": [-13, 5.95, 4.04],
							"rotation": [0, 0, -75],
							"uv": {
								"north": {"uv": [71.97802, 7.79886], "uv_size": [29.71069, 29.04974]},
								"east": {"uv": [71.97802, 7.79886], "uv_size": [29.71069, 29.04974]},
								"south": {"uv": [71.97802, 7.79886], "uv_size": [29.71069, 29.04974]},
								"west": {"uv": [71.97802, 7.79886], "uv_size": [29.71069, 29.04974]},
								"up": {"uv": [101.68871, 36.8486], "uv_size": [-29.71069, -29.04974]},
								"down": {"uv": [101.68871, 36.8486], "uv_size": [-29.71069, -29.04974]}
							}
						}
					]
				}
			]
		}
	]
}