{
	"format_version": "1.12.0",
	"minecraft:geometry": [
		{
			"description": {
				"identifier": "geometry.ssj_mist_gh",
				"texture_width": 128,
				"texture_height": 128,
				"visible_bounds_width": 15,
				"visible_bounds_height": 15,
				"visible_bounds_offset": [0, 0.5, 0]
			},
			"bones": [
				{
					"name": "body",
					"pivot": [0, 24, 0],
					"cubes": [
						{
							"origin": [-4.1, 12, -2.1],
							"size": [8.2, 12.1, 4.2],
							"uv": {
								"north": {"uv": [26.30262, 40.29128], "uv_size": [30.63467, 44.13867]},
								"east": {"uv": [26.30262, 40.29128], "uv_size": [1.45067, 44.13867]},
								"south": {"uv": [70.84662, 40.29128], "uv_size": [30.63467, 44.13867]},
								"west": {"uv": [54.97462, 40.29128], "uv_size": [1.96267, 44.13867]},
								"up": {"uv": [56.93728, 41.42194], "uv_size": [-30.63467, -1.13067]},
								"down": {"uv": [56.93728, 84.42994], "uv_size": [-30.63467, -1.64267]}
							}
						}
					]
				},
				{
					"name": "bone",
					"parent": "body",
					"pivot": [0, 0, 0]
				},
				{
					"name": "rightArm",
					"pivot": [-5, 22, 0],
					"cubes": [
						{
							"origin": [-8.1, 11.9, -2.1],
							"size": [4.2, 12.2, 4.2],
							"uv": {
								"north": {"uv": [6.10133, 41.28975], "uv_size": [13.93067, 40.896]},
								"east": {"uv": [6.10133, 41.28975], "uv_size": [13.93067, 40.896]},
								"south": {"uv": [6.10133, 41.28975], "uv_size": [13.93067, 40.896]},
								"west": {"uv": [6.10133, 41.28975], "uv_size": [13.93067, 40.896]},
								"up": {"uv": [20.032, 43.52975], "uv_size": [-13.93067, -2.24]},
								"down": {"uv": [20.032, 82.18575], "uv_size": [-13.93067, -2.496]}
							}
						}
					]
				},
				{
					"name": "rightItem",
					"parent": "rightArm",
					"pivot": [-6, 15, 1]
				},
				{
					"name": "leftArm",
					"pivot": [5, 22, 0],
					"cubes": [
						{
							"origin": [3.9, 11.9, -2.1],
							"size": [4.2, 12.2, 4.2],
							"uv": {
								"north": {"uv": [121.344, 42.05775], "uv_size": [-12.736, 39.36]},
								"east": {"uv": [121.344, 42.05775], "uv_size": [-12.736, 39.36]},
								"south": {"uv": [121.344, 42.05775], "uv_size": [-12.736, 39.36]},
								"west": {"uv": [121.344, 42.05775], "uv_size": [-12.736, 39.36]},
								"up": {"uv": [108.608, 42.24975], "uv_size": [12.736, -0.192]},
								"down": {"uv": [108.608, 81.41775], "uv_size": [12.736, -1.472]}
							}
						}
					]
				},
				{
					"name": "rightLeg",
					"pivot": [-1.9, 12, 0],
					"cubes": [
						{
							"origin": [-3.81, -0.09, -2.11],
							"size": [4, 12.2, 4.2],
							"uv": {
								"north": {"uv": [18.45643, 89.05632], "uv_size": [11.94524, 36.99688]},
								"east": {"uv": [109.59243, 89.05632], "uv_size": [-1.11076, 36.99688]},
								"south": {"uv": [109.59243, 89.05632], "uv_size": [-12.11876, 36.99688]},
								"west": {"uv": [97.56043, 89.05632], "uv_size": [-0.08676, 36.99688]},
								"up": {"uv": [97.47367, 126.05321], "uv_size": [12.11876, -36.99688]},
								"down": {"uv": [97.47367, 126.05321], "uv_size": [12.11876, -0.64488]}
							}
						}
					]
				},
				{
					"name": "leftLeg",
					"pivot": [1.9, 12, 0],
					"cubes": [
						{
							"origin": [-0.11, -0.09, -2.11],
							"size": [4, 12.2, 4.2],
							"uv": {
								"north": {"uv": [30.48843, 89.05632], "uv_size": [-11.86276, 36.74088]},
								"east": {"uv": [97.81643, 89.31232], "uv_size": [-0.59876, 36.74088]},
								"south": {"uv": [109.08043, 89.56832], "uv_size": [-11.86276, 36.74088]},
								"west": {"uv": [109.08043, 89.56832], "uv_size": [-0.34276, 36.74088]},
								"up": {"uv": [97.21767, 126.3092], "uv_size": [11.86276, -36.74088]},
								"down": {"uv": [97.21767, 126.3092], "uv_size": [11.86276, -0.13288]}
							}
						}
					]
				},
				{
					"name": "head",
					"pivot": [0, 24, 0],
					"cubes": [
						{
							"origin": [-4.1, 23.5, -4.9],
							"size": [8.2, 8.6, 9],
							"uv": {
								"north": {"uv": [27.02564, 7.79886], "uv_size": [29.71069, 29.04974]},
								"east": {"uv": [71.21612, 7.03696], "uv_size": [29.71069, 29.04974]},
								"south": {"uv": [71.21612, 7.03696], "uv_size": [29.71069, 29.04974]},
								"west": {"uv": [71.21612, 7.03696], "uv_size": [29.71069, 29.04974]},
								"up": {"uv": [100.92681, 36.0867], "uv_size": [-29.71069, -29.04974]},
								"down": {"uv": [50.64109, 37.61051], "uv_size": [-22.09164, 0.66455]}
							}
						}
					]
				},
				{
					"name": "bone22",
					"parent": "head",
					"pivot": [-5, -2, 8],
					"rotation": [46.24579, -63.02461, -34.61491]
				},
				{
					"name": "bone23",
					"parent": "bone22",
					"pivot": [-4.95, -2, 7.97],
					"cubes": [
						{
							"origin": [-4.109, 31.165, 3.149],
							"size": [3.168, 2.574, 2.97],
							"uv": {
								"north": {"uv": [101.68871, 7.79886], "uv_size": [-29.71069, 29.04974]},
								"east": {"uv": [101.68871, 7.79886], "uv_size": [-29.71069, 29.04974]},
								"south": {"uv": [101.68871, 7.79886], "uv_size": [-29.71069, 29.04974]},
								"west": {"uv": [101.68871, 7.79886], "uv_size": [-29.71069, 29.04974]},
								"up": {"uv": [71.97802, 36.8486], "uv_size": [29.71069, -29.04974]},
								"down": {"uv": [71.97802, 36.8486], "uv_size": [29.71069, -29.04974]}
							}
						},
						{
							"origin": [-22.919, 28.195, 3.149],
							"size": [3.168, 2.574, 2.97],
							"pivot": [-5, -2, 8],
							"rotation": [0, 0, 32.5],
							"uv": {
								"north": {"uv": [101.68871, 7.79886], "uv_size": [-29.71069, 29.04974]},
								"east": {"uv": [101.68871, 7.79886], "uv_size": [-29.71069, 29.04974]},
								"south": {"uv": [101.68871, 7.79886], "uv_size": [-29.71069, 29.04974]},
								"west": {"uv": [101.68871, 7.79886], "uv_size": [-29.71069, 29.04974]},
								"up": {"uv": [71.97802, 36.8486], "uv_size": [29.71069, -29.04974]},
								"down": {"uv": [71.97802, 36.8486], "uv_size": [29.71069, -29.04974]}
							}
						},
						{
							"origin": [-32.819, 22.255, 3.149],
							"size": [3.168, 2.574, 2.97],
							"pivot": [-5, -2, 8],
							"rotation": [0, 0, 52.5],
							"uv": {
								"north": {"uv": [101.68871, 7.79886], "uv_size": [-29.71069, 29.04974]},
								"east": {"uv": [101.68871, 7.79886], "uv_size": [-29.71069, 29.04974]},
								"south": {"uv": [101.68871, 7.79886], "uv_size": [-29.71069, 29.04974]},
								"west": {"uv": [101.68871, 7.79886], "uv_size": [-29.71069, 29.04974]},
								"up": {"uv": [71.97802, 36.8486], "uv_size": [29.71069, -29.04974]},
								"down": {"uv": [71.97802, 36.8486], "uv_size": [29.71069, -29.04974]}
							}
						},
						{
							"origin": [-40.739, 12.355, 3.149],
							"size": [3.168, 2.574, 2.97],
							"pivot": [-5, -2, 8],
							"rotation": [0, 0, 75],
							"uv": {
								"north": {"uv": [101.68871, 7.79886], "uv_size": [-29.71069, 29.04974]},
								"east": {"uv": [101.68871, 7.79886], "uv_size": [-29.71069, 29.04974]},
								"south": {"uv": [101.68871, 7.79886], "uv_size": [-29.71069, 29.04974]},
								"west": {"uv": [101.68871, 7.79886], "uv_size": [-29.71069, 29.04974]},
								"up": {"uv": [71.97802, 36.8486], "uv_size": [29.71069, -29.04974]},
								"down": {"uv": [71.97802, 36.8486], "uv_size": [29.71069, -29.04974]}
							}
						}
					]
				},
				{
					"name": "bone24",
					"parent": "bone22",
					"pivot": [-4.95, 2.95, 6.98],
					"cubes": [
						{
							"origin": [-4.25156, 30.8086, 5.85723],
							"size": [2.66112, 2.16216, 0.70578],
							"uv": {
								"north": {"uv": [101.68871, 7.79886], "uv_size": [-29.71069, 29.04974]},
								"east": {"uv": [101.68871, 7.79886], "uv_size": [-29.71069, 29.04974]},
								"south": {"uv": [101.68871, 7.79886], "uv_size": [-29.71069, 29.04974]},
								"west": {"uv": [101.68871, 7.79886], "uv_size": [-29.71069, 29.04974]},
								"up": {"uv": [71.97802, 36.8486], "uv_size": [29.71069, -29.04974]},
								"down": {"uv": [71.97802, 36.8486], "uv_size": [29.71069, -29.04974]}
							}
						},
						{
							"origin": [-20.05196, 28.3138, 5.85723],
							"size": [2.66112, 2.16216, 0.70578],
							"pivot": [-5, 2.95, 7.01],
							"rotation": [0, 0, 32.5],
							"uv": {
								"north": {"uv": [101.68871, 7.79886], "uv_size": [-29.71069, 29.04974]},
								"east": {"uv": [101.68871, 7.79886], "uv_size": [-29.71069, 29.04974]},
								"south": {"uv": [101.68871, 7.79886], "uv_size": [-29.71069, 29.04974]},
								"west": {"uv": [101.68871, 7.79886], "uv_size": [-29.71069, 29.04974]},
								"up": {"uv": [71.97802, 36.8486], "uv_size": [29.71069, -29.04974]},
								"down": {"uv": [71.97802, 36.8486], "uv_size": [29.71069, -29.04974]}
							}
						},
						{
							"origin": [-28.36796, 23.3242, 5.85723],
							"size": [2.66112, 2.16216, 0.70578],
							"pivot": [-5, 2.95, 7.01],
							"rotation": [0, 0, 52.5],
							"uv": {
								"north": {"uv": [101.68871, 7.79886], "uv_size": [-29.71069, 29.04974]},
								"east": {"uv": [101.68871, 7.79886], "uv_size": [-29.71069, 29.04974]},
								"south": {"uv": [101.68871, 7.79886], "uv_size": [-29.71069, 29.04974]},
								"west": {"uv": [101.68871, 7.79886], "uv_size": [-29.71069, 29.04974]},
								"up": {"uv": [71.97802, 36.8486], "uv_size": [29.71069, -29.04974]},
								"down": {"uv": [71.97802, 36.8486], "uv_size": [29.71069, -29.04974]}
							}
						},
						{
							"origin": [-35.02076, 15.0082, 5.85723],
							"size": [2.66112, 2.16216, 0.70578],
							"pivot": [-5, 2.95, 7.01],
							"rotation": [0, 0, 75],
							"uv": {
								"north": {"uv": [101.68871, 7.79886], "uv_size": [-29.71069, 29.04974]},
								"east": {"uv": [101.68871, 7.79886], "uv_size": [-29.71069, 29.04974]},
								"south": {"uv": [101.68871, 7.79886], "uv_size": [-29.71069, 29.04974]},
								"west": {"uv": [101.68871, 7.79886], "uv_size": [-29.71069, 29.04974]},
								"up": {"uv": [71.97802, 36.8486], "uv_size": [29.71069, -29.04974]},
								"down": {"uv": [71.97802, 36.8486], "uv_size": [29.71069, -29.04974]}
							}
						}
					]
				},
				{
					"name": "bone34",
					"parent": "head",
					"pivot": [-4, -1, 1],
					"rotation": [128.54516, -78.11583, -130.16755]
				},
				{
					"name": "bone35",
					"parent": "bone34",
					"pivot": [-3.95, -1, 0.97],
					"cubes": [
						{
							"origin": [-3.109, 32.165, -3.851],
							"size": [3.168, 2.574, 2.97],
							"uv": {
								"north": {"uv": [101.68871, 7.79886], "uv_size": [-29.71069, 29.04974]},
								"east": {"uv": [101.68871, 7.79886], "uv_size": [-29.71069, 29.04974]},
								"south": {"uv": [101.68871, 7.79886], "uv_size": [-29.71069, 29.04974]},
								"west": {"uv": [101.68871, 7.79886], "uv_size": [-29.71069, 29.04974]},
								"up": {"uv": [71.97802, 36.8486], "uv_size": [29.71069, -29.04974]},
								"down": {"uv": [71.97802, 36.8486], "uv_size": [29.71069, -29.04974]}
							}
						},
						{
							"origin": [-21.919, 29.195, -3.851],
							"size": [3.168, 2.574, 2.97],
							"pivot": [-4, -1, 1],
							"rotation": [0, 0, 32.5],
							"uv": {
								"north": {"uv": [101.68871, 7.79886], "uv_size": [-29.71069, 29.04974]},
								"east": {"uv": [101.68871, 7.79886], "uv_size": [-29.71069, 29.04974]},
								"south": {"uv": [101.68871, 7.79886], "uv_size": [-29.71069, 29.04974]},
								"west": {"uv": [101.68871, 7.79886], "uv_size": [-29.71069, 29.04974]},
								"up": {"uv": [71.97802, 36.8486], "uv_size": [29.71069, -29.04974]},
								"down": {"uv": [71.97802, 36.8486], "uv_size": [29.71069, -29.04974]}
							}
						},
						{
							"origin": [-31.819, 23.255, -3.851],
							"size": [3.168, 2.574, 2.97],
							"pivot": [-4, -1, 1],
							"rotation": [0, 0, 52.5],
							"uv": {
								"north": {"uv": [101.68871, 7.79886], "uv_size": [-29.71069, 29.04974]},
								"east": {"uv": [101.68871, 7.79886], "uv_size": [-29.71069, 29.04974]},
								"south": {"uv": [101.68871, 7.79886], "uv_size": [-29.71069, 29.04974]},
								"west": {"uv": [101.68871, 7.79886], "uv_size": [-29.71069, 29.04974]},
								"up": {"uv": [71.97802, 36.8486], "uv_size": [29.71069, -29.04974]},
								"down": {"uv": [71.97802, 36.8486], "uv_size": [29.71069, -29.04974]}
							}
						},
						{
							"origin": [-39.739, 13.355, -3.851],
							"size": [3.168, 2.574, 2.97],
							"pivot": [-4, -1, 1],
							"rotation": [0, 0, 75],
							"uv": {
								"north": {"uv": [101.68871, 7.79886], "uv_size": [-29.71069, 29.04974]},
								"east": {"uv": [101.68871, 7.79886], "uv_size": [-29.71069, 29.04974]},
								"south": {"uv": [101.68871, 7.79886], "uv_size": [-29.71069, 29.04974]},
								"west": {"uv": [101.68871, 7.79886], "uv_size": [-29.71069, 29.04974]},
								"up": {"uv": [71.97802, 36.8486], "uv_size": [29.71069, -29.04974]},
								"down": {"uv": [71.97802, 36.8486], "uv_size": [29.71069, -29.04974]}
							}
						}
					]
				},
				{
					"name": "bone36",
					"parent": "bone34",
					"pivot": [-3.95, 3.95, -0.02],
					"cubes": [
						{
							"origin": [-3.25156, 31.8086, -1.14277],
							"size": [2.66112, 2.16216, 0.70578],
							"uv": {
								"north": {"uv": [101.68871, 7.79886], "uv_size": [-29.71069, 29.04974]},
								"east": {"uv": [101.68871, 7.79886], "uv_size": [-29.71069, 29.04974]},
								"south": {"uv": [101.68871, 7.79886], "uv_size": [-29.71069, 29.04974]},
								"west": {"uv": [101.68871, 7.79886], "uv_size": [-29.71069, 29.04974]},
								"up": {"uv": [71.97802, 36.8486], "uv_size": [29.71069, -29.04974]},
								"down": {"uv": [71.97802, 36.8486], "uv_size": [29.71069, -29.04974]}
							}
						},
						{
							"origin": [-19.05196, 29.3138, -1.14277],
							"size": [2.66112, 2.16216, 0.70578],
							"pivot": [-4, 3.95, 0.01],
							"rotation": [0, 0, 32.5],
							"uv": {
								"north": {"uv": [101.68871, 7.79886], "uv_size": [-29.71069, 29.04974]},
								"east": {"uv": [101.68871, 7.79886], "uv_size": [-29.71069, 29.04974]},
								"south": {"uv": [101.68871, 7.79886], "uv_size": [-29.71069, 29.04974]},
								"west": {"uv": [101.68871, 7.79886], "uv_size": [-29.71069, 29.04974]},
								"up": {"uv": [71.97802, 36.8486], "uv_size": [29.71069, -29.04974]},
								"down": {"uv": [71.97802, 36.8486], "uv_size": [29.71069, -29.04974]}
							}
						},
						{
							"origin": [-27.36796, 24.3242, -1.14277],
							"size": [2.66112, 2.16216, 0.70578],
							"pivot": [-4, 3.95, 0.01],
							"rotation": [0, 0, 52.5],
							"uv": {
								"north": {"uv": [101.68871, 7.79886], "uv_size": [-29.71069, 29.04974]},
								"east": {"uv": [101.68871, 7.79886], "uv_size": [-29.71069, 29.04974]},
								"south": {"uv": [101.68871, 7.79886], "uv_size": [-29.71069, 29.04974]},
								"west": {"uv": [101.68871, 7.79886], "uv_size": [-29.71069, 29.04974]},
								"up": {"uv": [71.97802, 36.8486], "uv_size": [29.71069, -29.04974]},
								"down": {"uv": [71.97802, 36.8486], "uv_size": [29.71069, -29.04974]}
							}
						},
						{
							"origin": [-34.02076, 16.0082, -1.14277],
							"size": [2.66112, 2.16216, 0.70578],
							"pivot": [-4, 3.95, 0.01],
							"rotation": [0, 0, 75],
							"uv": {
								"north": {"uv": [101.68871, 7.79886], "uv_size": [-29.71069, 29.04974]},
								"east": {"uv": [101.68871, 7.79886], "uv_size": [-29.71069, 29.04974]},
								"south": {"uv": [101.68871, 7.79886], "uv_size": [-29.71069, 29.04974]},
								"west": {"uv": [101.68871, 7.79886], "uv_size": [-29.71069, 29.04974]},
								"up": {"uv": [71.97802, 36.8486], "uv_size": [29.71069, -29.04974]},
								"down": {"uv": [71.97802, 36.8486], "uv_size": [29.71069, -29.04974]}
							}
						}
					]
				},
				{
					"name": "bone37",
					"parent": "bone34",
					"pivot": [-3.95, 3.95, -2.99],
					"cubes": [
						{
							"origin": [-3.25156, 31.8086, -4.11277],
							"size": [2.66112, 2.16216, 0.70578],
							"uv": {
								"north": {"uv": [101.68871, 7.79886], "uv_size": [-29.71069, 29.04974]},
								"east": {"uv": [101.68871, 7.79886], "uv_size": [-29.71069, 29.04974]},
								"south": {"uv": [101.68871, 7.79886], "uv_size": [-29.71069, 29.04974]},
								"west": {"uv": [101.68871, 7.79886], "uv_size": [-29.71069, 29.04974]},
								"up": {"uv": [71.97802, 36.8486], "uv_size": [29.71069, -29.04974]},
								"down": {"uv": [71.97802, 36.8486], "uv_size": [29.71069, -29.04974]}
							}
						},
						{
							"origin": [-19.05196, 29.3138, -4.11277],
							"size": [2.66112, 2.16216, 0.70578],
							"pivot": [-4, 3.95, -2.96],
							"rotation": [0, 0, 32.5],
							"uv": {
								"north": {"uv": [101.68871, 7.79886], "uv_size": [-29.71069, 29.04974]},
								"east": {"uv": [101.68871, 7.79886], "uv_size": [-29.71069, 29.04974]},
								"south": {"uv": [101.68871, 7.79886], "uv_size": [-29.71069, 29.04974]},
								"west": {"uv": [101.68871, 7.79886], "uv_size": [-29.71069, 29.04974]},
								"up": {"uv": [71.97802, 36.8486], "uv_size": [29.71069, -29.04974]},
								"down": {"uv": [71.97802, 36.8486], "uv_size": [29.71069, -29.04974]}
							}
						},
						{
							"origin": [-27.36796, 24.3242, -4.11277],
							"size": [2.66112, 2.16216, 0.70578],
							"pivot": [-4, 3.95, -2.96],
							"rotation": [0, 0, 52.5],
							"uv": {
								"north": {"uv": [101.68871, 7.79886], "uv_size": [-29.71069, 29.04974]},
								"east": {"uv": [101.68871, 7.79886], "uv_size": [-29.71069, 29.04974]},
								"south": {"uv": [101.68871, 7.79886], "uv_size": [-29.71069, 29.04974]},
								"west": {"uv": [101.68871, 7.79886], "uv_size": [-29.71069, 29.04974]},
								"up": {"uv": [71.97802, 36.8486], "uv_size": [29.71069, -29.04974]},
								"down": {"uv": [71.97802, 36.8486], "uv_size": [29.71069, -29.04974]}
							}
						},
						{
							"origin": [-34.02076, 16.0082, -4.11277],
							"size": [2.66112, 2.16216, 0.70578],
							"pivot": [-4, 3.95, -2.96],
							"rotation": [0, 0, 75],
							"uv": {
								"north": {"uv": [101.68871, 7.79886], "uv_size": [-29.71069, 29.04974]},
								"east": {"uv": [101.68871, 7.79886], "uv_size": [-29.71069, 29.04974]},
								"south": {"uv": [101.68871, 7.79886], "uv_size": [-29.71069, 29.04974]},
								"west": {"uv": [101.68871, 7.79886], "uv_size": [-29.71069, 29.04974]},
								"up": {"uv": [71.97802, 36.8486], "uv_size": [29.71069, -29.04974]},
								"down": {"uv": [71.97802, 36.8486], "uv_size": [29.71069, -29.04974]}
							}
						}
					]
				},
				{
					"name": "bone38",
					"parent": "head",
					"pivot": [4, -1, 1],
					"rotation": [128.54516, 78.11583, 130.16755]
				},
				{
					"name": "bone39",
					"parent": "bone38",
					"pivot": [3.95, -1, 0.97],
					"cubes": [
						{
							"origin": [-0.059, 32.165, -3.851],
							"size": [3.168, 2.574, 2.97],
							"uv": {
								"north": {"uv": [71.97802, 7.79886], "uv_size": [29.71069, 29.04974]},
								"east": {"uv": [71.97802, 7.79886], "uv_size": [29.71069, 29.04974]},
								"south": {"uv": [71.97802, 7.79886], "uv_size": [29.71069, 29.04974]},
								"west": {"uv": [71.97802, 7.79886], "uv_size": [29.71069, 29.04974]},
								"up": {"uv": [101.68871, 36.8486], "uv_size": [-29.71069, -29.04974]},
								"down": {"uv": [101.68871, 36.8486], "uv_size": [-29.71069, -29.04974]}
							}
						},
						{
							"origin": [18.751, 29.195, -3.851],
							"size": [3.168, 2.574, 2.97],
							"pivot": [4, -1, 1],
							"rotation": [0, 0, -32.5],
							"uv": {
								"north": {"uv": [71.97802, 7.79886], "uv_size": [29.71069, 29.04974]},
								"east": {"uv": [71.97802, 7.79886], "uv_size": [29.71069, 29.04974]},
								"south": {"uv": [71.97802, 7.79886], "uv_size": [29.71069, 29.04974]},
								"west": {"uv": [71.97802, 7.79886], "uv_size": [29.71069, 29.04974]},
								"up": {"uv": [101.68871, 36.8486], "uv_size": [-29.71069, -29.04974]},
								"down": {"uv": [101.68871, 36.8486], "uv_size": [-29.71069, -29.04974]}
							}
						},
						{
							"origin": [28.651, 23.255, -3.851],
							"size": [3.168, 2.574, 2.97],
							"pivot": [4, -1, 1],
							"rotation": [0, 0, -52.5],
							"uv": {
								"north": {"uv": [71.97802, 7.79886], "uv_size": [29.71069, 29.04974]},
								"east": {"uv": [71.97802, 7.79886], "uv_size": [29.71069, 29.04974]},
								"south": {"uv": [71.97802, 7.79886], "uv_size": [29.71069, 29.04974]},
								"west": {"uv": [71.97802, 7.79886], "uv_size": [29.71069, 29.04974]},
								"up": {"uv": [101.68871, 36.8486], "uv_size": [-29.71069, -29.04974]},
								"down": {"uv": [101.68871, 36.8486], "uv_size": [-29.71069, -29.04974]}
							}
						},
						{
							"origin": [36.571, 13.355, -3.851],
							"size": [3.168, 2.574, 2.97],
							"pivot": [4, -1, 1],
							"rotation": [0, 0, -75],
							"uv": {
								"north": {"uv": [71.97802, 7.79886], "uv_size": [29.71069, 29.04974]},
								"east": {"uv": [71.97802, 7.79886], "uv_size": [29.71069, 29.04974]},
								"south": {"uv": [71.97802, 7.79886], "uv_size": [29.71069, 29.04974]},
								"west": {"uv": [71.97802, 7.79886], "uv_size": [29.71069, 29.04974]},
								"up": {"uv": [101.68871, 36.8486], "uv_size": [-29.71069, -29.04974]},
								"down": {"uv": [101.68871, 36.8486], "uv_size": [-29.71069, -29.04974]}
							}
						}
					]
				},
				{
					"name": "bone40",
					"parent": "bone38",
					"pivot": [3.95, 3.95, -0.02],
					"cubes": [
						{
							"origin": [0.59044, 31.8086, -1.14277],
							"size": [2.66112, 2.16216, 0.70578],
							"uv": {
								"north": {"uv": [71.97802, 7.79886], "uv_size": [29.71069, 29.04974]},
								"east": {"uv": [71.97802, 7.79886], "uv_size": [29.71069, 29.04974]},
								"south": {"uv": [71.97802, 7.79886], "uv_size": [29.71069, 29.04974]},
								"west": {"uv": [71.97802, 7.79886], "uv_size": [29.71069, 29.04974]},
								"up": {"uv": [101.68871, 36.8486], "uv_size": [-29.71069, -29.04974]},
								"down": {"uv": [101.68871, 36.8486], "uv_size": [-29.71069, -29.04974]}
							}
						},
						{
							"origin": [16.39084, 29.3138, -1.14277],
							"size": [2.66112, 2.16216, 0.70578],
							"pivot": [4, 3.95, 0.01],
							"rotation": [0, 0, -32.5],
							"uv": {
								"north": {"uv": [71.97802, 7.79886], "uv_size": [29.71069, 29.04974]},
								"east": {"uv": [71.97802, 7.79886], "uv_size": [29.71069, 29.04974]},
								"south": {"uv": [71.97802, 7.79886], "uv_size": [29.71069, 29.04974]},
								"west": {"uv": [71.97802, 7.79886], "uv_size": [29.71069, 29.04974]},
								"up": {"uv": [101.68871, 36.8486], "uv_size": [-29.71069, -29.04974]},
								"down": {"uv": [101.68871, 36.8486], "uv_size": [-29.71069, -29.04974]}
							}
						},
						{
							"origin": [24.70684, 24.3242, -1.14277],
							"size": [2.66112, 2.16216, 0.70578],
							"pivot": [4, 3.95, 0.01],
							"rotation": [0, 0, -52.5],
							"uv": {
								"north": {"uv": [71.97802, 7.79886], "uv_size": [29.71069, 29.04974]},
								"east": {"uv": [71.97802, 7.79886], "uv_size": [29.71069, 29.04974]},
								"south": {"uv": [71.97802, 7.79886], "uv_size": [29.71069, 29.04974]},
								"west": {"uv": [71.97802, 7.79886], "uv_size": [29.71069, 29.04974]},
								"up": {"uv": [101.68871, 36.8486], "uv_size": [-29.71069, -29.04974]},
								"down": {"uv": [101.68871, 36.8486], "uv_size": [-29.71069, -29.04974]}
							}
						},
						{
							"origin": [31.35964, 16.0082, -1.14277],
							"size": [2.66112, 2.16216, 0.70578],
							"pivot": [4, 3.95, 0.01],
							"rotation": [0, 0, -75],
							"uv": {
								"north": {"uv": [71.97802, 7.79886], "uv_size": [29.71069, 29.04974]},
								"east": {"uv": [71.97802, 7.79886], "uv_size": [29.71069, 29.04974]},
								"south": {"uv": [71.97802, 7.79886], "uv_size": [29.71069, 29.04974]},
								"west": {"uv": [71.97802, 7.79886], "uv_size": [29.71069, 29.04974]},
								"up": {"uv": [101.68871, 36.8486], "uv_size": [-29.71069, -29.04974]},
								"down": {"uv": [101.68871, 36.8486], "uv_size": [-29.71069, -29.04974]}
							}
						}
					]
				},
				{
					"name": "bone41",
					"parent": "bone38",
					"pivot": [3.95, 3.95, -2.99],
					"cubes": [
						{
							"origin": [0.59044, 31.8086, -4.11277],
							"size": [2.66112, 2.16216, 0.70578],
							"uv": {
								"north": {"uv": [71.97802, 7.79886], "uv_size": [29.71069, 29.04974]},
								"east": {"uv": [71.97802, 7.79886], "uv_size": [29.71069, 29.04974]},
								"south": {"uv": [71.97802, 7.79886], "uv_size": [29.71069, 29.04974]},
								"west": {"uv": [71.97802, 7.79886], "uv_size": [29.71069, 29.04974]},
								"up": {"uv": [101.68871, 36.8486], "uv_size": [-29.71069, -29.04974]},
								"down": {"uv": [101.68871, 36.8486], "uv_size": [-29.71069, -29.04974]}
							}
						},
						{
							"origin": [16.39084, 29.3138, -4.11277],
							"size": [2.66112, 2.16216, 0.70578],
							"pivot": [4, 3.95, -2.96],
							"rotation": [0, 0, -32.5],
							"uv": {
								"north": {"uv": [71.97802, 7.79886], "uv_size": [29.71069, 29.04974]},
								"east": {"uv": [71.97802, 7.79886], "uv_size": [29.71069, 29.04974]},
								"south": {"uv": [71.97802, 7.79886], "uv_size": [29.71069, 29.04974]},
								"west": {"uv": [71.97802, 7.79886], "uv_size": [29.71069, 29.04974]},
								"up": {"uv": [101.68871, 36.8486], "uv_size": [-29.71069, -29.04974]},
								"down": {"uv": [101.68871, 36.8486], "uv_size": [-29.71069, -29.04974]}
							}
						},
						{
							"origin": [24.70684, 24.3242, -4.11277],
							"size": [2.66112, 2.16216, 0.70578],
							"pivot": [4, 3.95, -2.96],
							"rotation": [0, 0, -52.5],
							"uv": {
								"north": {"uv": [71.97802, 7.79886], "uv_size": [29.71069, 29.04974]},
								"east": {"uv": [71.97802, 7.79886], "uv_size": [29.71069, 29.04974]},
								"south": {"uv": [71.97802, 7.79886], "uv_size": [29.71069, 29.04974]},
								"west": {"uv": [71.97802, 7.79886], "uv_size": [29.71069, 29.04974]},
								"up": {"uv": [101.68871, 36.8486], "uv_size": [-29.71069, -29.04974]},
								"down": {"uv": [101.68871, 36.8486], "uv_size": [-29.71069, -29.04974]}
							}
						},
						{
							"origin": [31.35964, 16.0082, -4.11277],
							"size": [2.66112, 2.16216, 0.70578],
							"pivot": [4, 3.95, -2.96],
							"rotation": [0, 0, -75],
							"uv": {
								"north": {"uv": [71.97802, 7.79886], "uv_size": [29.71069, 29.04974]},
								"east": {"uv": [71.97802, 7.79886], "uv_size": [29.71069, 29.04974]},
								"south": {"uv": [71.97802, 7.79886], "uv_size": [29.71069, 29.04974]},
								"west": {"uv": [71.97802, 7.79886], "uv_size": [29.71069, 29.04974]},
								"up": {"uv": [101.68871, 36.8486], "uv_size": [-29.71069, -29.04974]},
								"down": {"uv": [101.68871, 36.8486], "uv_size": [-29.71069, -29.04974]}
							}
						}
					]
				},
				{
					"name": "bone42",
					"parent": "head",
					"pivot": [0, 36, 20],
					"rotation": [82.9859, 7.10371, -86.16066]
				},
				{
					"name": "bone43",
					"parent": "bone42",
					"pivot": [-0.60698, 26.3764, 13.63517],
					"cubes": [
						{
							"origin": [-3.03451, 60.79415, 16.37339],
							"size": [2.3684, 1.92432, 2.22037],
							"uv": {
								"north": {"uv": [71.97802, 7.79886], "uv_size": [29.71069, 29.04974]},
								"east": {"uv": [71.97802, 7.79886], "uv_size": [29.71069, 29.04974]},
								"south": {"uv": [71.97802, 7.79886], "uv_size": [29.71069, 29.04974]},
								"west": {"uv": [71.97802, 7.79886], "uv_size": [29.71069, 29.04974]},
								"up": {"uv": [101.68871, 36.8486], "uv_size": [-29.71069, -29.04974]},
								"down": {"uv": [101.68871, 36.8486], "uv_size": [-29.71069, -29.04974]}
							}
						},
						{
							"origin": [11.02785, 58.57378, 16.37339],
							"size": [2.3684, 1.92432, 2.22037],
							"pivot": [0, 36, 20],
							"rotation": [0, 0, -32.5],
							"uv": {
								"north": {"uv": [71.97802, 7.79886], "uv_size": [29.71069, 29.04974]},
								"east": {"uv": [71.97802, 7.79886], "uv_size": [29.71069, 29.04974]},
								"south": {"uv": [71.97802, 7.79886], "uv_size": [29.71069, 29.04974]},
								"west": {"uv": [71.97802, 7.79886], "uv_size": [29.71069, 29.04974]},
								"up": {"uv": [101.68871, 36.8486], "uv_size": [-29.71069, -29.04974]},
								"down": {"uv": [101.68871, 36.8486], "uv_size": [-29.71069, -29.04974]}
							}
						},
						{
							"origin": [18.42909, 54.13304, 16.37339],
							"size": [2.3684, 1.92432, 2.22037],
							"pivot": [0, 36, 20],
							"rotation": [0, 0, -52.5],
							"uv": {
								"north": {"uv": [71.97802, 7.79886], "uv_size": [29.71069, 29.04974]},
								"east": {"uv": [71.97802, 7.79886], "uv_size": [29.71069, 29.04974]},
								"south": {"uv": [71.97802, 7.79886], "uv_size": [29.71069, 29.04974]},
								"west": {"uv": [71.97802, 7.79886], "uv_size": [29.71069, 29.04974]},
								"up": {"uv": [101.68871, 36.8486], "uv_size": [-29.71069, -29.04974]},
								"down": {"uv": [101.68871, 36.8486], "uv_size": [-29.71069, -29.04974]}
							}
						},
						{
							"origin": [24.35008, 46.7318, 16.37339],
							"size": [2.3684, 1.92432, 2.22037],
							"pivot": [0, 36, 20],
							"rotation": [0, 0, -75],
							"uv": {
								"north": {"uv": [71.97802, 7.79886], "uv_size": [29.71069, 29.04974]},
								"east": {"uv": [71.97802, 7.79886], "uv_size": [29.71069, 29.04974]},
								"south": {"uv": [71.97802, 7.79886], "uv_size": [29.71069, 29.04974]},
								"west": {"uv": [71.97802, 7.79886], "uv_size": [29.71069, 29.04974]},
								"up": {"uv": [101.68871, 36.8486], "uv_size": [-29.71069, -29.04974]},
								"down": {"uv": [101.68871, 36.8486], "uv_size": [-29.71069, -29.04974]}
							}
						}
					]
				},
				{
					"name": "bone44",
					"parent": "bone42",
					"pivot": [-0.60698, 30.07702, 12.89505],
					"cubes": [
						{
							"origin": [-2.54899, 60.52771, 18.39807],
							"size": [1.98945, 1.61643, 0.52764],
							"uv": {
								"north": {"uv": [71.97802, 7.79886], "uv_size": [29.71069, 29.04974]},
								"east": {"uv": [71.97802, 7.79886], "uv_size": [29.71069, 29.04974]},
								"south": {"uv": [71.97802, 7.79886], "uv_size": [29.71069, 29.04974]},
								"west": {"uv": [71.97802, 7.79886], "uv_size": [29.71069, 29.04974]},
								"up": {"uv": [101.68871, 36.8486], "uv_size": [-29.71069, -29.04974]},
								"down": {"uv": [101.68871, 36.8486], "uv_size": [-29.71069, -29.04974]}
							}
						},
						{
							"origin": [9.26339, 58.6626, 18.39807],
							"size": [1.98945, 1.61643, 0.52764],
							"pivot": [0, 39.70062, 19.25988],
							"rotation": [0, 0, -32.5],
							"uv": {
								"north": {"uv": [71.97802, 7.79886], "uv_size": [29.71069, 29.04974]},
								"east": {"uv": [71.97802, 7.79886], "uv_size": [29.71069, 29.04974]},
								"south": {"uv": [71.97802, 7.79886], "uv_size": [29.71069, 29.04974]},
								"west": {"uv": [71.97802, 7.79886], "uv_size": [29.71069, 29.04974]},
								"up": {"uv": [101.68871, 36.8486], "uv_size": [-29.71069, -29.04974]},
								"down": {"uv": [101.68871, 36.8486], "uv_size": [-29.71069, -29.04974]}
							}
						},
						{
							"origin": [15.48043, 54.93237, 18.39807],
							"size": [1.98945, 1.61643, 0.52764],
							"pivot": [0, 39.70062, 19.25988],
							"rotation": [0, 0, -52.5],
							"uv": {
								"north": {"uv": [71.97802, 7.79886], "uv_size": [29.71069, 29.04974]},
								"east": {"uv": [71.97802, 7.79886], "uv_size": [29.71069, 29.04974]},
								"south": {"uv": [71.97802, 7.79886], "uv_size": [29.71069, 29.04974]},
								"west": {"uv": [71.97802, 7.79886], "uv_size": [29.71069, 29.04974]},
								"up": {"uv": [101.68871, 36.8486], "uv_size": [-29.71069, -29.04974]},
								"down": {"uv": [101.68871, 36.8486], "uv_size": [-29.71069, -29.04974]}
							}
						},
						{
							"origin": [20.45407, 48.71533, 18.39807],
							"size": [1.98945, 1.61643, 0.52764],
							"pivot": [0, 39.70062, 19.25988],
							"rotation": [0, 0, -75],
							"uv": {
								"north": {"uv": [71.97802, 7.79886], "uv_size": [29.71069, 29.04974]},
								"east": {"uv": [71.97802, 7.79886], "uv_size": [29.71069, 29.04974]},
								"south": {"uv": [71.97802, 7.79886], "uv_size": [29.71069, 29.04974]},
								"west": {"uv": [71.97802, 7.79886], "uv_size": [29.71069, 29.04974]},
								"up": {"uv": [101.68871, 36.8486], "uv_size": [-29.71069, -29.04974]},
								"down": {"uv": [101.68871, 36.8486], "uv_size": [-29.71069, -29.04974]}
							}
						}
					]
				},
				{
					"name": "bone45",
					"parent": "bone42",
					"pivot": [-0.60698, 30.07702, 10.67468],
					"cubes": [
						{
							"origin": [-2.54899, 60.52771, 16.17769],
							"size": [1.98945, 1.61643, 0.52764],
							"uv": {
								"north": {"uv": [71.97802, 7.79886], "uv_size": [29.71069, 29.04974]},
								"east": {"uv": [71.97802, 7.79886], "uv_size": [29.71069, 29.04974]},
								"south": {"uv": [71.97802, 7.79886], "uv_size": [29.71069, 29.04974]},
								"west": {"uv": [71.97802, 7.79886], "uv_size": [29.71069, 29.04974]},
								"up": {"uv": [101.68871, 36.8486], "uv_size": [-29.71069, -29.04974]},
								"down": {"uv": [101.68871, 36.8486], "uv_size": [-29.71069, -29.04974]}
							}
						},
						{
							"origin": [9.26339, 58.6626, 16.17769],
							"size": [1.98945, 1.61643, 0.52764],
							"pivot": [0, 39.70062, 17.0395],
							"rotation": [0, 0, -32.5],
							"uv": {
								"north": {"uv": [71.97802, 7.79886], "uv_size": [29.71069, 29.04974]},
								"east": {"uv": [71.97802, 7.79886], "uv_size": [29.71069, 29.04974]},
								"south": {"uv": [71.97802, 7.79886], "uv_size": [29.71069, 29.04974]},
								"west": {"uv": [71.97802, 7.79886], "uv_size": [29.71069, 29.04974]},
								"up": {"uv": [101.68871, 36.8486], "uv_size": [-29.71069, -29.04974]},
								"down": {"uv": [101.68871, 36.8486], "uv_size": [-29.71069, -29.04974]}
							}
						},
						{
							"origin": [15.48043, 54.93237, 16.17769],
							"size": [1.98945, 1.61643, 0.52764],
							"pivot": [0, 39.70062, 17.0395],
							"rotation": [0, 0, -52.5],
							"uv": {
								"north": {"uv": [71.97802, 7.79886], "uv_size": [29.71069, 29.04974]},
								"east": {"uv": [71.97802, 7.79886], "uv_size": [29.71069, 29.04974]},
								"south": {"uv": [71.97802, 7.79886], "uv_size": [29.71069, 29.04974]},
								"west": {"uv": [71.97802, 7.79886], "uv_size": [29.71069, 29.04974]},
								"up": {"uv": [101.68871, 36.8486], "uv_size": [-29.71069, -29.04974]},
								"down": {"uv": [101.68871, 36.8486], "uv_size": [-29.71069, -29.04974]}
							}
						},
						{
							"origin": [20.45407, 48.71533, 16.17769],
							"size": [1.98945, 1.61643, 0.52764],
							"pivot": [0, 39.70062, 17.0395],
							"rotation": [0, 0, -75],
							"uv": {
								"north": {"uv": [71.97802, 7.79886], "uv_size": [29.71069, 29.04974]},
								"east": {"uv": [71.97802, 7.79886], "uv_size": [29.71069, 29.04974]},
								"south": {"uv": [71.97802, 7.79886], "uv_size": [29.71069, 29.04974]},
								"west": {"uv": [71.97802, 7.79886], "uv_size": [29.71069, 29.04974]},
								"up": {"uv": [101.68871, 36.8486], "uv_size": [-29.71069, -29.04974]},
								"down": {"uv": [101.68871, 36.8486], "uv_size": [-29.71069, -29.04974]}
							}
						}
					]
				},
				{
					"name": "bone46",
					"parent": "head",
					"pivot": [1, 35, 17],
					"rotation": [82.9859, 7.10371, -86.16066]
				},
				{
					"name": "bone47",
					"parent": "bone46",
					"pivot": [0.45654, 21.76701, 8.68137],
					"cubes": [
						{
							"origin": [-1.61696, 56.38248, 13.87241],
							"size": [2.04251, 1.65954, 1.91485],
							"uv": {
								"north": {"uv": [71.97802, 7.79886], "uv_size": [29.71069, 29.04974]},
								"east": {"uv": [71.97802, 7.79886], "uv_size": [29.71069, 29.04974]},
								"south": {"uv": [71.97802, 7.79886], "uv_size": [29.71069, 29.04974]},
								"west": {"uv": [71.97802, 7.79886], "uv_size": [29.71069, 29.04974]},
								"up": {"uv": [101.68871, 36.8486], "uv_size": [-29.71069, -29.04974]},
								"down": {"uv": [101.68871, 36.8486], "uv_size": [-29.71069, -29.04974]}
							}
						},
						{
							"origin": [10.51042, 54.46763, 13.87241],
							"size": [2.04251, 1.65954, 1.91485],
							"pivot": [1, 35, 17],
							"rotation": [0, 0, -32.5],
							"uv": {
								"north": {"uv": [71.97802, 7.79886], "uv_size": [29.71069, 29.04974]},
								"east": {"uv": [71.97802, 7.79886], "uv_size": [29.71069, 29.04974]},
								"south": {"uv": [71.97802, 7.79886], "uv_size": [29.71069, 29.04974]},
								"west": {"uv": [71.97802, 7.79886], "uv_size": [29.71069, 29.04974]},
								"up": {"uv": [101.68871, 36.8486], "uv_size": [-29.71069, -29.04974]},
								"down": {"uv": [101.68871, 36.8486], "uv_size": [-29.71069, -29.04974]}
							}
						},
						{
							"origin": [16.89325, 50.63793, 13.87241],
							"size": [2.04251, 1.65954, 1.91485],
							"pivot": [1, 35, 17],
							"rotation": [0, 0, -52.5],
							"uv": {
								"north": {"uv": [71.97802, 7.79886], "uv_size": [29.71069, 29.04974]},
								"east": {"uv": [71.97802, 7.79886], "uv_size": [29.71069, 29.04974]},
								"south": {"uv": [71.97802, 7.79886], "uv_size": [29.71069, 29.04974]},
								"west": {"uv": [71.97802, 7.79886], "uv_size": [29.71069, 29.04974]},
								"up": {"uv": [101.68871, 36.8486], "uv_size": [-29.71069, -29.04974]},
								"down": {"uv": [101.68871, 36.8486], "uv_size": [-29.71069, -29.04974]}
							}
						},
						{
							"origin": [21.99951, 44.2551, 13.87241],
							"size": [2.04251, 1.65954, 1.91485],
							"pivot": [1, 35, 17],
							"rotation": [0, 0, -75],
							"uv": {
								"north": {"uv": [71.97802, 7.79886], "uv_size": [29.71069, 29.04974]},
								"east": {"uv": [71.97802, 7.79886], "uv_size": [29.71069, 29.04974]},
								"south": {"uv": [71.97802, 7.79886], "uv_size": [29.71069, 29.04974]},
								"west": {"uv": [71.97802, 7.79886], "uv_size": [29.71069, 29.04974]},
								"up": {"uv": [101.68871, 36.8486], "uv_size": [-29.71069, -29.04974]},
								"down": {"uv": [101.68871, 36.8486], "uv_size": [-29.71069, -29.04974]}
							}
						}
					]
				},
				{
					"name": "bone48",
					"parent": "bone46",
					"pivot": [0.45654, 24.95842, 8.04309],
					"cubes": [
						{
							"origin": [-1.19825, 56.1527, 15.61849],
							"size": [1.7157, 1.39401, 0.45504],
							"uv": {
								"north": {"uv": [71.97802, 7.79886], "uv_size": [29.71069, 29.04974]},
								"east": {"uv": [71.97802, 7.79886], "uv_size": [29.71069, 29.04974]},
								"south": {"uv": [71.97802, 7.79886], "uv_size": [29.71069, 29.04974]},
								"west": {"uv": [71.97802, 7.79886], "uv_size": [29.71069, 29.04974]},
								"up": {"uv": [101.68871, 36.8486], "uv_size": [-29.71069, -29.04974]},
								"down": {"uv": [101.68871, 36.8486], "uv_size": [-29.71069, -29.04974]}
							}
						},
						{
							"origin": [8.98875, 54.54422, 15.61849],
							"size": [1.7157, 1.39401, 0.45504],
							"pivot": [1, 38.19141, 16.36172],
							"rotation": [0, 0, -32.5],
							"uv": {
								"north": {"uv": [71.97802, 7.79886], "uv_size": [29.71069, 29.04974]},
								"east": {"uv": [71.97802, 7.79886], "uv_size": [29.71069, 29.04974]},
								"south": {"uv": [71.97802, 7.79886], "uv_size": [29.71069, 29.04974]},
								"west": {"uv": [71.97802, 7.79886], "uv_size": [29.71069, 29.04974]},
								"up": {"uv": [101.68871, 36.8486], "uv_size": [-29.71069, -29.04974]},
								"down": {"uv": [101.68871, 36.8486], "uv_size": [-29.71069, -29.04974]}
							}
						},
						{
							"origin": [14.35033, 51.32728, 15.61849],
							"size": [1.7157, 1.39401, 0.45504],
							"pivot": [1, 38.19141, 16.36172],
							"rotation": [0, 0, -52.5],
							"uv": {
								"north": {"uv": [71.97802, 7.79886], "uv_size": [29.71069, 29.04974]},
								"east": {"uv": [71.97802, 7.79886], "uv_size": [29.71069, 29.04974]},
								"south": {"uv": [71.97802, 7.79886], "uv_size": [29.71069, 29.04974]},
								"west": {"uv": [71.97802, 7.79886], "uv_size": [29.71069, 29.04974]},
								"up": {"uv": [101.68871, 36.8486], "uv_size": [-29.71069, -29.04974]},
								"down": {"uv": [101.68871, 36.8486], "uv_size": [-29.71069, -29.04974]}
							}
						},
						{
							"origin": [18.63959, 45.9657, 15.61849],
							"size": [1.7157, 1.39401, 0.45504],
							"pivot": [1, 38.19141, 16.36172],
							"rotation": [0, 0, -75],
							"uv": {
								"north": {"uv": [71.97802, 7.79886], "uv_size": [29.71069, 29.04974]},
								"east": {"uv": [71.97802, 7.79886], "uv_size": [29.71069, 29.04974]},
								"south": {"uv": [71.97802, 7.79886], "uv_size": [29.71069, 29.04974]},
								"west": {"uv": [71.97802, 7.79886], "uv_size": [29.71069, 29.04974]},
								"up": {"uv": [101.68871, 36.8486], "uv_size": [-29.71069, -29.04974]},
								"down": {"uv": [101.68871, 36.8486], "uv_size": [-29.71069, -29.04974]}
							}
						}
					]
				},
				{
					"name": "bone49",
					"parent": "bone46",
					"pivot": [0.45654, 24.95842, 6.12824],
					"cubes": [
						{
							"origin": [-1.19825, 56.1527, 13.70364],
							"size": [1.7157, 1.39401, 0.45504],
							"uv": {
								"north": {"uv": [71.97802, 7.79886], "uv_size": [29.71069, 29.04974]},
								"east": {"uv": [71.97802, 7.79886], "uv_size": [29.71069, 29.04974]},
								"south": {"uv": [71.97802, 7.79886], "uv_size": [29.71069, 29.04974]},
								"west": {"uv": [71.97802, 7.79886], "uv_size": [29.71069, 29.04974]},
								"up": {"uv": [101.68871, 36.8486], "uv_size": [-29.71069, -29.04974]},
								"down": {"uv": [101.68871, 36.8486], "uv_size": [-29.71069, -29.04974]}
							}
						},
						{
							"origin": [8.98875, 54.54422, 13.70364],
							"size": [1.7157, 1.39401, 0.45504],
							"pivot": [1, 38.19141, 14.44687],
							"rotation": [0, 0, -32.5],
							"uv": {
								"north": {"uv": [71.97802, 7.79886], "uv_size": [29.71069, 29.04974]},
								"east": {"uv": [71.97802, 7.79886], "uv_size": [29.71069, 29.04974]},
								"south": {"uv": [71.97802, 7.79886], "uv_size": [29.71069, 29.04974]},
								"west": {"uv": [71.97802, 7.79886], "uv_size": [29.71069, 29.04974]},
								"up": {"uv": [101.68871, 36.8486], "uv_size": [-29.71069, -29.04974]},
								"down": {"uv": [101.68871, 36.8486], "uv_size": [-29.71069, -29.04974]}
							}
						},
						{
							"origin": [14.35033, 51.32728, 13.70364],
							"size": [1.7157, 1.39401, 0.45504],
							"pivot": [1, 38.19141, 14.44687],
							"rotation": [0, 0, -52.5],
							"uv": {
								"north": {"uv": [71.97802, 7.79886], "uv_size": [29.71069, 29.04974]},
								"east": {"uv": [71.97802, 7.79886], "uv_size": [29.71069, 29.04974]},
								"south": {"uv": [71.97802, 7.79886], "uv_size": [29.71069, 29.04974]},
								"west": {"uv": [71.97802, 7.79886], "uv_size": [29.71069, 29.04974]},
								"up": {"uv": [101.68871, 36.8486], "uv_size": [-29.71069, -29.04974]},
								"down": {"uv": [101.68871, 36.8486], "uv_size": [-29.71069, -29.04974]}
							}
						},
						{
							"origin": [18.63959, 45.9657, 13.70364],
							"size": [1.7157, 1.39401, 0.45504],
							"pivot": [1, 38.19141, 14.44687],
							"rotation": [0, 0, -75],
							"uv": {
								"north": {"uv": [71.97802, 7.79886], "uv_size": [29.71069, 29.04974]},
								"east": {"uv": [71.97802, 7.79886], "uv_size": [29.71069, 29.04974]},
								"south": {"uv": [71.97802, 7.79886], "uv_size": [29.71069, 29.04974]},
								"west": {"uv": [71.97802, 7.79886], "uv_size": [29.71069, 29.04974]},
								"up": {"uv": [101.68871, 36.8486], "uv_size": [-29.71069, -29.04974]},
								"down": {"uv": [101.68871, 36.8486], "uv_size": [-29.71069, -29.04974]}
							}
						}
					]
				},
				{
					"name": "bone26",
					"parent": "head",
					"pivot": [-7, -1, 12],
					"rotation": [51.24579, -63.02461, -34.61491]
				},
				{
					"name": "bone28",
					"parent": "bone26",
					"pivot": [-6.95, 3.95, 10.98],
					"cubes": [
						{
							"origin": [-6.25156, 31.8086, 9.85723],
							"size": [2.66112, 2.16216, 0.70578],
							"uv": {
								"north": {"uv": [101.68871, 7.79886], "uv_size": [-29.71069, 29.04974]},
								"east": {"uv": [101.68871, 7.79886], "uv_size": [-29.71069, 29.04974]},
								"south": {"uv": [101.68871, 7.79886], "uv_size": [-29.71069, 29.04974]},
								"west": {"uv": [101.68871, 7.79886], "uv_size": [-29.71069, 29.04974]},
								"up": {"uv": [71.97802, 36.8486], "uv_size": [29.71069, -29.04974]},
								"down": {"uv": [71.97802, 36.8486], "uv_size": [29.71069, -29.04974]}
							}
						},
						{
							"origin": [-22.05196, 29.3138, 9.85723],
							"size": [2.66112, 2.16216, 0.70578],
							"pivot": [-7, 3.95, 11.01],
							"rotation": [0, 0, 32.5],
							"uv": {
								"north": {"uv": [101.68871, 7.79886], "uv_size": [-29.71069, 29.04974]},
								"east": {"uv": [101.68871, 7.79886], "uv_size": [-29.71069, 29.04974]},
								"south": {"uv": [101.68871, 7.79886], "uv_size": [-29.71069, 29.04974]},
								"west": {"uv": [101.68871, 7.79886], "uv_size": [-29.71069, 29.04974]},
								"up": {"uv": [71.97802, 36.8486], "uv_size": [29.71069, -29.04974]},
								"down": {"uv": [71.97802, 36.8486], "uv_size": [29.71069, -29.04974]}
							}
						},
						{
							"origin": [-30.36796, 24.3242, 9.85723],
							"size": [2.66112, 2.16216, 0.70578],
							"pivot": [-7, 3.95, 11.01],
							"rotation": [0, 0, 52.5],
							"uv": {
								"north": {"uv": [101.68871, 7.79886], "uv_size": [-29.71069, 29.04974]},
								"east": {"uv": [101.68871, 7.79886], "uv_size": [-29.71069, 29.04974]},
								"south": {"uv": [101.68871, 7.79886], "uv_size": [-29.71069, 29.04974]},
								"west": {"uv": [101.68871, 7.79886], "uv_size": [-29.71069, 29.04974]},
								"up": {"uv": [71.97802, 36.8486], "uv_size": [29.71069, -29.04974]},
								"down": {"uv": [71.97802, 36.8486], "uv_size": [29.71069, -29.04974]}
							}
						},
						{
							"origin": [-37.02076, 16.0082, 9.85723],
							"size": [2.66112, 2.16216, 0.70578],
							"pivot": [-7, 3.95, 11.01],
							"rotation": [0, 0, 75],
							"uv": {
								"north": {"uv": [101.68871, 7.79886], "uv_size": [-29.71069, 29.04974]},
								"east": {"uv": [101.68871, 7.79886], "uv_size": [-29.71069, 29.04974]},
								"south": {"uv": [101.68871, 7.79886], "uv_size": [-29.71069, 29.04974]},
								"west": {"uv": [101.68871, 7.79886], "uv_size": [-29.71069, 29.04974]},
								"up": {"uv": [71.97802, 36.8486], "uv_size": [29.71069, -29.04974]},
								"down": {"uv": [71.97802, 36.8486], "uv_size": [29.71069, -29.04974]}
							}
						}
					]
				},
				{
					"name": "bone30",
					"parent": "head",
					"pivot": [7, -1, 12],
					"rotation": [51.24579, 63.02461, 34.61491]
				},
				{
					"name": "bone32",
					"parent": "bone30",
					"pivot": [6.95, 3.95, 10.98],
					"cubes": [
						{
							"origin": [3.59044, 31.8086, 9.85723],
							"size": [2.66112, 2.16216, 0.70578],
							"uv": {
								"north": {"uv": [71.97802, 7.79886], "uv_size": [29.71069, 29.04974]},
								"east": {"uv": [71.97802, 7.79886], "uv_size": [29.71069, 29.04974]},
								"south": {"uv": [71.97802, 7.79886], "uv_size": [29.71069, 29.04974]},
								"west": {"uv": [71.97802, 7.79886], "uv_size": [29.71069, 29.04974]},
								"up": {"uv": [101.68871, 36.8486], "uv_size": [-29.71069, -29.04974]},
								"down": {"uv": [101.68871, 36.8486], "uv_size": [-29.71069, -29.04974]}
							}
						},
						{
							"origin": [19.39084, 29.3138, 9.85723],
							"size": [2.66112, 2.16216, 0.70578],
							"pivot": [7, 3.95, 11.01],
							"rotation": [0, 0, -32.5],
							"uv": {
								"north": {"uv": [71.97802, 7.79886], "uv_size": [29.71069, 29.04974]},
								"east": {"uv": [71.97802, 7.79886], "uv_size": [29.71069, 29.04974]},
								"south": {"uv": [71.97802, 7.79886], "uv_size": [29.71069, 29.04974]},
								"west": {"uv": [71.97802, 7.79886], "uv_size": [29.71069, 29.04974]},
								"up": {"uv": [101.68871, 36.8486], "uv_size": [-29.71069, -29.04974]},
								"down": {"uv": [101.68871, 36.8486], "uv_size": [-29.71069, -29.04974]}
							}
						},
						{
							"origin": [27.70684, 24.3242, 9.85723],
							"size": [2.66112, 2.16216, 0.70578],
							"pivot": [7, 3.95, 11.01],
							"rotation": [0, 0, -52.5],
							"uv": {
								"north": {"uv": [71.97802, 7.79886], "uv_size": [29.71069, 29.04974]},
								"east": {"uv": [71.97802, 7.79886], "uv_size": [29.71069, 29.04974]},
								"south": {"uv": [71.97802, 7.79886], "uv_size": [29.71069, 29.04974]},
								"west": {"uv": [71.97802, 7.79886], "uv_size": [29.71069, 29.04974]},
								"up": {"uv": [101.68871, 36.8486], "uv_size": [-29.71069, -29.04974]},
								"down": {"uv": [101.68871, 36.8486], "uv_size": [-29.71069, -29.04974]}
							}
						},
						{
							"origin": [34.35964, 16.0082, 9.85723],
							"size": [2.66112, 2.16216, 0.70578],
							"pivot": [7, 3.95, 11.01],
							"rotation": [0, 0, -75],
							"uv": {
								"north": {"uv": [71.97802, 7.79886], "uv_size": [29.71069, 29.04974]},
								"east": {"uv": [71.97802, 7.79886], "uv_size": [29.71069, 29.04974]},
								"south": {"uv": [71.97802, 7.79886], "uv_size": [29.71069, 29.04974]},
								"west": {"uv": [71.97802, 7.79886], "uv_size": [29.71069, 29.04974]},
								"up": {"uv": [101.68871, 36.8486], "uv_size": [-29.71069, -29.04974]},
								"down": {"uv": [101.68871, 36.8486], "uv_size": [-29.71069, -29.04974]}
							}
						}
					]
				},
				{
					"name": "bone2",
					"parent": "head",
					"pivot": [5, -1, 2],
					"rotation": [72.22112, 78.55615, 64.94654]
				},
				{
					"name": "bone3",
					"parent": "bone2",
					"pivot": [4.95, -1, 1.97],
					"cubes": [
						{
							"origin": [0.941, 32.165, -2.851],
							"size": [3.168, 2.574, 2.97],
							"uv": {
								"north": {"uv": [71.97802, 7.79886], "uv_size": [29.71069, 29.04974]},
								"east": {"uv": [71.97802, 7.79886], "uv_size": [29.71069, 29.04974]},
								"south": {"uv": [71.97802, 7.79886], "uv_size": [29.71069, 29.04974]},
								"west": {"uv": [71.97802, 7.79886], "uv_size": [29.71069, 29.04974]},
								"up": {"uv": [101.68871, 36.8486], "uv_size": [-29.71069, -29.04974]},
								"down": {"uv": [101.68871, 36.8486], "uv_size": [-29.71069, -29.04974]}
							}
						},
						{
							"origin": [19.751, 29.195, -2.851],
							"size": [3.168, 2.574, 2.97],
							"pivot": [5, -1, 2],
							"rotation": [0, 0, -32.5],
							"uv": {
								"north": {"uv": [71.97802, 7.79886], "uv_size": [29.71069, 29.04974]},
								"east": {"uv": [71.97802, 7.79886], "uv_size": [29.71069, 29.04974]},
								"south": {"uv": [71.97802, 7.79886], "uv_size": [29.71069, 29.04974]},
								"west": {"uv": [71.97802, 7.79886], "uv_size": [29.71069, 29.04974]},
								"up": {"uv": [101.68871, 36.8486], "uv_size": [-29.71069, -29.04974]},
								"down": {"uv": [101.68871, 36.8486], "uv_size": [-29.71069, -29.04974]}
							}
						},
						{
							"origin": [29.651, 23.255, -2.851],
							"size": [3.168, 2.574, 2.97],
							"pivot": [5, -1, 2],
							"rotation": [0, 0, -52.5],
							"uv": {
								"north": {"uv": [71.97802, 7.79886], "uv_size": [29.71069, 29.04974]},
								"east": {"uv": [71.97802, 7.79886], "uv_size": [29.71069, 29.04974]},
								"south": {"uv": [71.97802, 7.79886], "uv_size": [29.71069, 29.04974]},
								"west": {"uv": [71.97802, 7.79886], "uv_size": [29.71069, 29.04974]},
								"up": {"uv": [101.68871, 36.8486], "uv_size": [-29.71069, -29.04974]},
								"down": {"uv": [101.68871, 36.8486], "uv_size": [-29.71069, -29.04974]}
							}
						},
						{
							"origin": [37.571, 13.355, -2.851],
							"size": [3.168, 2.574, 2.97],
							"pivot": [5, -1, 2],
							"rotation": [0, 0, -75],
							"uv": {
								"north": {"uv": [71.97802, 7.79886], "uv_size": [29.71069, 29.04974]},
								"east": {"uv": [71.97802, 7.79886], "uv_size": [29.71069, 29.04974]},
								"south": {"uv": [71.97802, 7.79886], "uv_size": [29.71069, 29.04974]},
								"west": {"uv": [71.97802, 7.79886], "uv_size": [29.71069, 29.04974]},
								"up": {"uv": [101.68871, 36.8486], "uv_size": [-29.71069, -29.04974]},
								"down": {"uv": [101.68871, 36.8486], "uv_size": [-29.71069, -29.04974]}
							}
						}
					]
				},
				{
					"name": "bone4",
					"parent": "bone2",
					"pivot": [4.95, 3.95, 0.98],
					"cubes": [
						{
							"origin": [1.59044, 31.8086, -0.14277],
							"size": [2.66112, 2.16216, 0.70578],
							"uv": {
								"north": {"uv": [71.97802, 7.79886], "uv_size": [29.71069, 29.04974]},
								"east": {"uv": [71.97802, 7.79886], "uv_size": [29.71069, 29.04974]},
								"south": {"uv": [71.97802, 7.79886], "uv_size": [29.71069, 29.04974]},
								"west": {"uv": [71.97802, 7.79886], "uv_size": [29.71069, 29.04974]},
								"up": {"uv": [101.68871, 36.8486], "uv_size": [-29.71069, -29.04974]},
								"down": {"uv": [101.68871, 36.8486], "uv_size": [-29.71069, -29.04974]}
							}
						},
						{
							"origin": [17.39084, 29.3138, -0.14277],
							"size": [2.66112, 2.16216, 0.70578],
							"pivot": [5, 3.95, 1.01],
							"rotation": [0, 0, -32.5],
							"uv": {
								"north": {"uv": [71.97802, 7.79886], "uv_size": [29.71069, 29.04974]},
								"east": {"uv": [71.97802, 7.79886], "uv_size": [29.71069, 29.04974]},
								"south": {"uv": [71.97802, 7.79886], "uv_size": [29.71069, 29.04974]},
								"west": {"uv": [71.97802, 7.79886], "uv_size": [29.71069, 29.04974]},
								"up": {"uv": [101.68871, 36.8486], "uv_size": [-29.71069, -29.04974]},
								"down": {"uv": [101.68871, 36.8486], "uv_size": [-29.71069, -29.04974]}
							}
						},
						{
							"origin": [25.70684, 24.3242, -0.14277],
							"size": [2.66112, 2.16216, 0.70578],
							"pivot": [5, 3.95, 1.01],
							"rotation": [0, 0, -52.5],
							"uv": {
								"north": {"uv": [71.97802, 7.79886], "uv_size": [29.71069, 29.04974]},
								"east": {"uv": [71.97802, 7.79886], "uv_size": [29.71069, 29.04974]},
								"south": {"uv": [71.97802, 7.79886], "uv_size": [29.71069, 29.04974]},
								"west": {"uv": [71.97802, 7.79886], "uv_size": [29.71069, 29.04974]},
								"up": {"uv": [101.68871, 36.8486], "uv_size": [-29.71069, -29.04974]},
								"down": {"uv": [101.68871, 36.8486], "uv_size": [-29.71069, -29.04974]}
							}
						},
						{
							"origin": [32.35964, 16.0082, -0.14277],
							"size": [2.66112, 2.16216, 0.70578],
							"pivot": [5, 3.95, 1.01],
							"rotation": [0, 0, -75],
							"uv": {
								"north": {"uv": [71.97802, 7.79886], "uv_size": [29.71069, 29.04974]},
								"east": {"uv": [71.97802, 7.79886], "uv_size": [29.71069, 29.04974]},
								"south": {"uv": [71.97802, 7.79886], "uv_size": [29.71069, 29.04974]},
								"west": {"uv": [71.97802, 7.79886], "uv_size": [29.71069, 29.04974]},
								"up": {"uv": [101.68871, 36.8486], "uv_size": [-29.71069, -29.04974]},
								"down": {"uv": [101.68871, 36.8486], "uv_size": [-29.71069, -29.04974]}
							}
						}
					]
				},
				{
					"name": "bone5",
					"parent": "bone2",
					"pivot": [4.95, 3.95, -1.99],
					"cubes": [
						{
							"origin": [1.59044, 31.8086, -3.11277],
							"size": [2.66112, 2.16216, 0.70578],
							"uv": {
								"north": {"uv": [71.97802, 7.79886], "uv_size": [29.71069, 29.04974]},
								"east": {"uv": [71.97802, 7.79886], "uv_size": [29.71069, 29.04974]},
								"south": {"uv": [71.97802, 7.79886], "uv_size": [29.71069, 29.04974]},
								"west": {"uv": [71.97802, 7.79886], "uv_size": [29.71069, 29.04974]},
								"up": {"uv": [101.68871, 36.8486], "uv_size": [-29.71069, -29.04974]},
								"down": {"uv": [101.68871, 36.8486], "uv_size": [-29.71069, -29.04974]}
							}
						},
						{
							"origin": [17.39084, 29.3138, -3.11277],
							"size": [2.66112, 2.16216, 0.70578],
							"pivot": [5, 3.95, -1.96],
							"rotation": [0, 0, -32.5],
							"uv": {
								"north": {"uv": [71.97802, 7.79886], "uv_size": [29.71069, 29.04974]},
								"east": {"uv": [71.97802, 7.79886], "uv_size": [29.71069, 29.04974]},
								"south": {"uv": [71.97802, 7.79886], "uv_size": [29.71069, 29.04974]},
								"west": {"uv": [71.97802, 7.79886], "uv_size": [29.71069, 29.04974]},
								"up": {"uv": [101.68871, 36.8486], "uv_size": [-29.71069, -29.04974]},
								"down": {"uv": [101.68871, 36.8486], "uv_size": [-29.71069, -29.04974]}
							}
						},
						{
							"origin": [25.70684, 24.3242, -3.11277],
							"size": [2.66112, 2.16216, 0.70578],
							"pivot": [5, 3.95, -1.96],
							"rotation": [0, 0, -52.5],
							"uv": {
								"north": {"uv": [71.97802, 7.79886], "uv_size": [29.71069, 29.04974]},
								"east": {"uv": [71.97802, 7.79886], "uv_size": [29.71069, 29.04974]},
								"south": {"uv": [71.97802, 7.79886], "uv_size": [29.71069, 29.04974]},
								"west": {"uv": [71.97802, 7.79886], "uv_size": [29.71069, 29.04974]},
								"up": {"uv": [101.68871, 36.8486], "uv_size": [-29.71069, -29.04974]},
								"down": {"uv": [101.68871, 36.8486], "uv_size": [-29.71069, -29.04974]}
							}
						},
						{
							"origin": [32.35964, 16.0082, -3.11277],
							"size": [2.66112, 2.16216, 0.70578],
							"pivot": [5, 3.95, -1.96],
							"rotation": [0, 0, -75],
							"uv": {
								"north": {"uv": [71.97802, 7.79886], "uv_size": [29.71069, 29.04974]},
								"east": {"uv": [71.97802, 7.79886], "uv_size": [29.71069, 29.04974]},
								"south": {"uv": [71.97802, 7.79886], "uv_size": [29.71069, 29.04974]},
								"west": {"uv": [71.97802, 7.79886], "uv_size": [29.71069, 29.04974]},
								"up": {"uv": [101.68871, 36.8486], "uv_size": [-29.71069, -29.04974]},
								"down": {"uv": [101.68871, 36.8486], "uv_size": [-29.71069, -29.04974]}
							}
						}
					]
				},
				{
					"name": "bone18",
					"parent": "head",
					"pivot": [-5, -1, 2],
					"rotation": [72.22112, -78.55615, -64.94654]
				},
				{
					"name": "bone19",
					"parent": "bone18",
					"pivot": [-5.95, -1, 1.97],
					"cubes": [
						{
							"origin": [-5.109, 32.165, -2.851],
							"size": [3.168, 2.574, 2.97],
							"uv": {
								"north": {"uv": [101.68871, 7.79886], "uv_size": [-29.71069, 29.04974]},
								"east": {"uv": [101.68871, 7.79886], "uv_size": [-29.71069, 29.04974]},
								"south": {"uv": [101.68871, 7.79886], "uv_size": [-29.71069, 29.04974]},
								"west": {"uv": [101.68871, 7.79886], "uv_size": [-29.71069, 29.04974]},
								"up": {"uv": [71.97802, 36.8486], "uv_size": [29.71069, -29.04974]},
								"down": {"uv": [71.97802, 36.8486], "uv_size": [29.71069, -29.04974]}
							}
						},
						{
							"origin": [-23.919, 29.195, -2.851],
							"size": [3.168, 2.574, 2.97],
							"pivot": [-6, -1, 2],
							"rotation": [0, 0, 32.5],
							"uv": {
								"north": {"uv": [101.68871, 7.79886], "uv_size": [-29.71069, 29.04974]},
								"east": {"uv": [101.68871, 7.79886], "uv_size": [-29.71069, 29.04974]},
								"south": {"uv": [101.68871, 7.79886], "uv_size": [-29.71069, 29.04974]},
								"west": {"uv": [101.68871, 7.79886], "uv_size": [-29.71069, 29.04974]},
								"up": {"uv": [71.97802, 36.8486], "uv_size": [29.71069, -29.04974]},
								"down": {"uv": [71.97802, 36.8486], "uv_size": [29.71069, -29.04974]}
							}
						},
						{
							"origin": [-33.819, 23.255, -2.851],
							"size": [3.168, 2.574, 2.97],
							"pivot": [-6, -1, 2],
							"rotation": [0, 0, 52.5],
							"uv": {
								"north": {"uv": [101.68871, 7.79886], "uv_size": [-29.71069, 29.04974]},
								"east": {"uv": [101.68871, 7.79886], "uv_size": [-29.71069, 29.04974]},
								"south": {"uv": [101.68871, 7.79886], "uv_size": [-29.71069, 29.04974]},
								"west": {"uv": [101.68871, 7.79886], "uv_size": [-29.71069, 29.04974]},
								"up": {"uv": [71.97802, 36.8486], "uv_size": [29.71069, -29.04974]},
								"down": {"uv": [71.97802, 36.8486], "uv_size": [29.71069, -29.04974]}
							}
						},
						{
							"origin": [-41.739, 13.355, -2.851],
							"size": [3.168, 2.574, 2.97],
							"pivot": [-6, -1, 2],
							"rotation": [0, 0, 75],
							"uv": {
								"north": {"uv": [101.68871, 7.79886], "uv_size": [-29.71069, 29.04974]},
								"east": {"uv": [101.68871, 7.79886], "uv_size": [-29.71069, 29.04974]},
								"south": {"uv": [101.68871, 7.79886], "uv_size": [-29.71069, 29.04974]},
								"west": {"uv": [101.68871, 7.79886], "uv_size": [-29.71069, 29.04974]},
								"up": {"uv": [71.97802, 36.8486], "uv_size": [29.71069, -29.04974]},
								"down": {"uv": [71.97802, 36.8486], "uv_size": [29.71069, -29.04974]}
							}
						}
					]
				},
				{
					"name": "bone20",
					"parent": "bone18",
					"pivot": [-4.95, 3.95, 0.98],
					"cubes": [
						{
							"origin": [-4.25156, 31.8086, -0.14277],
							"size": [2.66112, 2.16216, 0.70578],
							"uv": {
								"north": {"uv": [101.68871, 7.79886], "uv_size": [-29.71069, 29.04974]},
								"east": {"uv": [101.68871, 7.79886], "uv_size": [-29.71069, 29.04974]},
								"south": {"uv": [101.68871, 7.79886], "uv_size": [-29.71069, 29.04974]},
								"west": {"uv": [101.68871, 7.79886], "uv_size": [-29.71069, 29.04974]},
								"up": {"uv": [71.97802, 36.8486], "uv_size": [29.71069, -29.04974]},
								"down": {"uv": [71.97802, 36.8486], "uv_size": [29.71069, -29.04974]}
							}
						},
						{
							"origin": [-20.05196, 29.3138, -0.14277],
							"size": [2.66112, 2.16216, 0.70578],
							"pivot": [-5, 3.95, 1.01],
							"rotation": [0, 0, 32.5],
							"uv": {
								"north": {"uv": [101.68871, 7.79886], "uv_size": [-29.71069, 29.04974]},
								"east": {"uv": [101.68871, 7.79886], "uv_size": [-29.71069, 29.04974]},
								"south": {"uv": [101.68871, 7.79886], "uv_size": [-29.71069, 29.04974]},
								"west": {"uv": [101.68871, 7.79886], "uv_size": [-29.71069, 29.04974]},
								"up": {"uv": [71.97802, 36.8486], "uv_size": [29.71069, -29.04974]},
								"down": {"uv": [71.97802, 36.8486], "uv_size": [29.71069, -29.04974]}
							}
						},
						{
							"origin": [-28.36796, 24.3242, -0.14277],
							"size": [2.66112, 2.16216, 0.70578],
							"pivot": [-5, 3.95, 1.01],
							"rotation": [0, 0, 52.5],
							"uv": {
								"north": {"uv": [101.68871, 7.79886], "uv_size": [-29.71069, 29.04974]},
								"east": {"uv": [101.68871, 7.79886], "uv_size": [-29.71069, 29.04974]},
								"south": {"uv": [101.68871, 7.79886], "uv_size": [-29.71069, 29.04974]},
								"west": {"uv": [101.68871, 7.79886], "uv_size": [-29.71069, 29.04974]},
								"up": {"uv": [71.97802, 36.8486], "uv_size": [29.71069, -29.04974]},
								"down": {"uv": [71.97802, 36.8486], "uv_size": [29.71069, -29.04974]}
							}
						},
						{
							"origin": [-35.02076, 16.0082, -0.14277],
							"size": [2.66112, 2.16216, 0.70578],
							"pivot": [-5, 3.95, 1.01],
							"rotation": [0, 0, 75],
							"uv": {
								"north": {"uv": [101.68871, 7.79886], "uv_size": [-29.71069, 29.04974]},
								"east": {"uv": [101.68871, 7.79886], "uv_size": [-29.71069, 29.04974]},
								"south": {"uv": [101.68871, 7.79886], "uv_size": [-29.71069, 29.04974]},
								"west": {"uv": [101.68871, 7.79886], "uv_size": [-29.71069, 29.04974]},
								"up": {"uv": [71.97802, 36.8486], "uv_size": [29.71069, -29.04974]},
								"down": {"uv": [71.97802, 36.8486], "uv_size": [29.71069, -29.04974]}
							}
						}
					]
				},
				{
					"name": "bone21",
					"parent": "bone18",
					"pivot": [-4.95, 3.95, -1.99],
					"cubes": [
						{
							"origin": [-4.25156, 31.8086, -3.11277],
							"size": [2.66112, 2.16216, 0.70578],
							"uv": {
								"north": {"uv": [101.68871, 7.79886], "uv_size": [-29.71069, 29.04974]},
								"east": {"uv": [101.68871, 7.79886], "uv_size": [-29.71069, 29.04974]},
								"south": {"uv": [101.68871, 7.79886], "uv_size": [-29.71069, 29.04974]},
								"west": {"uv": [101.68871, 7.79886], "uv_size": [-29.71069, 29.04974]},
								"up": {"uv": [71.97802, 36.8486], "uv_size": [29.71069, -29.04974]},
								"down": {"uv": [71.97802, 36.8486], "uv_size": [29.71069, -29.04974]}
							}
						},
						{
							"origin": [-20.05196, 29.3138, -3.11277],
							"size": [2.66112, 2.16216, 0.70578],
							"pivot": [-5, 3.95, -1.96],
							"rotation": [0, 0, 32.5],
							"uv": {
								"north": {"uv": [101.68871, 7.79886], "uv_size": [-29.71069, 29.04974]},
								"east": {"uv": [101.68871, 7.79886], "uv_size": [-29.71069, 29.04974]},
								"south": {"uv": [101.68871, 7.79886], "uv_size": [-29.71069, 29.04974]},
								"west": {"uv": [101.68871, 7.79886], "uv_size": [-29.71069, 29.04974]},
								"up": {"uv": [71.97802, 36.8486], "uv_size": [29.71069, -29.04974]},
								"down": {"uv": [71.97802, 36.8486], "uv_size": [29.71069, -29.04974]}
							}
						},
						{
							"origin": [-28.36796, 24.3242, -3.11277],
							"size": [2.66112, 2.16216, 0.70578],
							"pivot": [-5, 3.95, -1.96],
							"rotation": [0, 0, 52.5],
							"uv": {
								"north": {"uv": [101.68871, 7.79886], "uv_size": [-29.71069, 29.04974]},
								"east": {"uv": [101.68871, 7.79886], "uv_size": [-29.71069, 29.04974]},
								"south": {"uv": [101.68871, 7.79886], "uv_size": [-29.71069, 29.04974]},
								"west": {"uv": [101.68871, 7.79886], "uv_size": [-29.71069, 29.04974]},
								"up": {"uv": [71.97802, 36.8486], "uv_size": [29.71069, -29.04974]},
								"down": {"uv": [71.97802, 36.8486], "uv_size": [29.71069, -29.04974]}
							}
						},
						{
							"origin": [-35.02076, 16.0082, -3.11277],
							"size": [2.66112, 2.16216, 0.70578],
							"pivot": [-5, 3.95, -1.96],
							"rotation": [0, 0, 75],
							"uv": {
								"north": {"uv": [101.68871, 7.79886], "uv_size": [-29.71069, 29.04974]},
								"east": {"uv": [101.68871, 7.79886], "uv_size": [-29.71069, 29.04974]},
								"south": {"uv": [101.68871, 7.79886], "uv_size": [-29.71069, 29.04974]},
								"west": {"uv": [101.68871, 7.79886], "uv_size": [-29.71069, 29.04974]},
								"up": {"uv": [71.97802, 36.8486], "uv_size": [29.71069, -29.04974]},
								"down": {"uv": [71.97802, 36.8486], "uv_size": [29.71069, -29.04974]}
							}
						}
					]
				},
				{
					"name": "bone6",
					"parent": "head",
					"pivot": [10, -1, 0],
					"rotation": [76.32972, 83.47541, 58.98758]
				},
				{
					"name": "bone7",
					"parent": "bone6",
					"pivot": [9.95, -1, -0.03],
					"cubes": [
						{
							"origin": [5.941, 32.165, -4.851],
							"size": [3.168, 2.574, 2.97],
							"uv": {
								"north": {"uv": [71.97802, 7.79886], "uv_size": [29.71069, 29.04974]},
								"east": {"uv": [71.97802, 7.79886], "uv_size": [29.71069, 29.04974]},
								"south": {"uv": [71.97802, 7.79886], "uv_size": [29.71069, 29.04974]},
								"west": {"uv": [71.97802, 7.79886], "uv_size": [29.71069, 29.04974]},
								"up": {"uv": [101.68871, 36.8486], "uv_size": [-29.71069, -29.04974]},
								"down": {"uv": [101.68871, 36.8486], "uv_size": [-29.71069, -29.04974]}
							}
						},
						{
							"origin": [24.751, 29.195, -4.851],
							"size": [3.168, 2.574, 2.97],
							"pivot": [10, -1, 0],
							"rotation": [0, 0, -32.5],
							"uv": {
								"north": {"uv": [71.97802, 7.79886], "uv_size": [29.71069, 29.04974]},
								"east": {"uv": [71.97802, 7.79886], "uv_size": [29.71069, 29.04974]},
								"south": {"uv": [71.97802, 7.79886], "uv_size": [29.71069, 29.04974]},
								"west": {"uv": [71.97802, 7.79886], "uv_size": [29.71069, 29.04974]},
								"up": {"uv": [101.68871, 36.8486], "uv_size": [-29.71069, -29.04974]},
								"down": {"uv": [101.68871, 36.8486], "uv_size": [-29.71069, -29.04974]}
							}
						},
						{
							"origin": [34.651, 23.255, -4.851],
							"size": [3.168, 2.574, 2.97],
							"pivot": [10, -1, 0],
							"rotation": [0, 0, -52.5],
							"uv": {
								"north": {"uv": [71.97802, 7.79886], "uv_size": [29.71069, 29.04974]},
								"east": {"uv": [71.97802, 7.79886], "uv_size": [29.71069, 29.04974]},
								"south": {"uv": [71.97802, 7.79886], "uv_size": [29.71069, 29.04974]},
								"west": {"uv": [71.97802, 7.79886], "uv_size": [29.71069, 29.04974]},
								"up": {"uv": [101.68871, 36.8486], "uv_size": [-29.71069, -29.04974]},
								"down": {"uv": [101.68871, 36.8486], "uv_size": [-29.71069, -29.04974]}
							}
						},
						{
							"origin": [42.571, 13.355, -4.851],
							"size": [3.168, 2.574, 2.97],
							"pivot": [10, -1, 0],
							"rotation": [0, 0, -75],
							"uv": {
								"north": {"uv": [71.97802, 7.79886], "uv_size": [29.71069, 29.04974]},
								"east": {"uv": [71.97802, 7.79886], "uv_size": [29.71069, 29.04974]},
								"south": {"uv": [71.97802, 7.79886], "uv_size": [29.71069, 29.04974]},
								"west": {"uv": [71.97802, 7.79886], "uv_size": [29.71069, 29.04974]},
								"up": {"uv": [101.68871, 36.8486], "uv_size": [-29.71069, -29.04974]},
								"down": {"uv": [101.68871, 36.8486], "uv_size": [-29.71069, -29.04974]}
							}
						}
					]
				},
				{
					"name": "bone8",
					"parent": "bone6",
					"pivot": [9.95, 3.95, -1.02],
					"cubes": [
						{
							"origin": [6.59044, 31.8086, -2.14277],
							"size": [2.66112, 2.16216, 0.70578],
							"uv": {
								"north": {"uv": [71.97802, 7.79886], "uv_size": [29.71069, 29.04974]},
								"east": {"uv": [71.97802, 7.79886], "uv_size": [29.71069, 29.04974]},
								"south": {"uv": [71.97802, 7.79886], "uv_size": [29.71069, 29.04974]},
								"west": {"uv": [71.97802, 7.79886], "uv_size": [29.71069, 29.04974]},
								"up": {"uv": [101.68871, 36.8486], "uv_size": [-29.71069, -29.04974]},
								"down": {"uv": [101.68871, 36.8486], "uv_size": [-29.71069, -29.04974]}
							}
						},
						{
							"origin": [22.39084, 29.3138, -2.14277],
							"size": [2.66112, 2.16216, 0.70578],
							"pivot": [10, 3.95, -0.99],
							"rotation": [0, 0, -32.5],
							"uv": {
								"north": {"uv": [71.97802, 7.79886], "uv_size": [29.71069, 29.04974]},
								"east": {"uv": [71.97802, 7.79886], "uv_size": [29.71069, 29.04974]},
								"south": {"uv": [71.97802, 7.79886], "uv_size": [29.71069, 29.04974]},
								"west": {"uv": [71.97802, 7.79886], "uv_size": [29.71069, 29.04974]},
								"up": {"uv": [101.68871, 36.8486], "uv_size": [-29.71069, -29.04974]},
								"down": {"uv": [101.68871, 36.8486], "uv_size": [-29.71069, -29.04974]}
							}
						},
						{
							"origin": [30.70684, 24.3242, -2.14277],
							"size": [2.66112, 2.16216, 0.70578],
							"pivot": [10, 3.95, -0.99],
							"rotation": [0, 0, -52.5],
							"uv": {
								"north": {"uv": [71.97802, 7.79886], "uv_size": [29.71069, 29.04974]},
								"east": {"uv": [71.97802, 7.79886], "uv_size": [29.71069, 29.04974]},
								"south": {"uv": [71.97802, 7.79886], "uv_size": [29.71069, 29.04974]},
								"west": {"uv": [71.97802, 7.79886], "uv_size": [29.71069, 29.04974]},
								"up": {"uv": [101.68871, 36.8486], "uv_size": [-29.71069, -29.04974]},
								"down": {"uv": [101.68871, 36.8486], "uv_size": [-29.71069, -29.04974]}
							}
						},
						{
							"origin": [37.35964, 16.0082, -2.14277],
							"size": [2.66112, 2.16216, 0.70578],
							"pivot": [10, 3.95, -0.99],
							"rotation": [0, 0, -75],
							"uv": {
								"north": {"uv": [71.97802, 7.79886], "uv_size": [29.71069, 29.04974]},
								"east": {"uv": [71.97802, 7.79886], "uv_size": [29.71069, 29.04974]},
								"south": {"uv": [71.97802, 7.79886], "uv_size": [29.71069, 29.04974]},
								"west": {"uv": [71.97802, 7.79886], "uv_size": [29.71069, 29.04974]},
								"up": {"uv": [101.68871, 36.8486], "uv_size": [-29.71069, -29.04974]},
								"down": {"uv": [101.68871, 36.8486], "uv_size": [-29.71069, -29.04974]}
							}
						}
					]
				},
				{
					"name": "bone9",
					"parent": "bone6",
					"pivot": [9.95, 3.95, -3.99],
					"cubes": [
						{
							"origin": [6.59044, 31.8086, -5.11277],
							"size": [2.66112, 2.16216, 0.70578],
							"uv": {
								"north": {"uv": [71.97802, 7.79886], "uv_size": [29.71069, 29.04974]},
								"east": {"uv": [71.97802, 7.79886], "uv_size": [29.71069, 29.04974]},
								"south": {"uv": [71.97802, 7.79886], "uv_size": [29.71069, 29.04974]},
								"west": {"uv": [71.97802, 7.79886], "uv_size": [29.71069, 29.04974]},
								"up": {"uv": [101.68871, 36.8486], "uv_size": [-29.71069, -29.04974]},
								"down": {"uv": [101.68871, 36.8486], "uv_size": [-29.71069, -29.04974]}
							}
						},
						{
							"origin": [22.39084, 29.3138, -5.11277],
							"size": [2.66112, 2.16216, 0.70578],
							"pivot": [10, 3.95, -3.96],
							"rotation": [0, 0, -32.5],
							"uv": {
								"north": {"uv": [71.97802, 7.79886], "uv_size": [29.71069, 29.04974]},
								"east": {"uv": [71.97802, 7.79886], "uv_size": [29.71069, 29.04974]},
								"south": {"uv": [71.97802, 7.79886], "uv_size": [29.71069, 29.04974]},
								"west": {"uv": [71.97802, 7.79886], "uv_size": [29.71069, 29.04974]},
								"up": {"uv": [101.68871, 36.8486], "uv_size": [-29.71069, -29.04974]},
								"down": {"uv": [101.68871, 36.8486], "uv_size": [-29.71069, -29.04974]}
							}
						},
						{
							"origin": [30.70684, 24.3242, -5.11277],
							"size": [2.66112, 2.16216, 0.70578],
							"pivot": [10, 3.95, -3.96],
							"rotation": [0, 0, -52.5],
							"uv": {
								"north": {"uv": [71.97802, 7.79886], "uv_size": [29.71069, 29.04974]},
								"east": {"uv": [71.97802, 7.79886], "uv_size": [29.71069, 29.04974]},
								"south": {"uv": [71.97802, 7.79886], "uv_size": [29.71069, 29.04974]},
								"west": {"uv": [71.97802, 7.79886], "uv_size": [29.71069, 29.04974]},
								"up": {"uv": [101.68871, 36.8486], "uv_size": [-29.71069, -29.04974]},
								"down": {"uv": [101.68871, 36.8486], "uv_size": [-29.71069, -29.04974]}
							}
						},
						{
							"origin": [37.35964, 16.0082, -5.11277],
							"size": [2.66112, 2.16216, 0.70578],
							"pivot": [10, 3.95, -3.96],
							"rotation": [0, 0, -75],
							"uv": {
								"north": {"uv": [71.97802, 7.79886], "uv_size": [29.71069, 29.04974]},
								"east": {"uv": [71.97802, 7.79886], "uv_size": [29.71069, 29.04974]},
								"south": {"uv": [71.97802, 7.79886], "uv_size": [29.71069, 29.04974]},
								"west": {"uv": [71.97802, 7.79886], "uv_size": [29.71069, 29.04974]},
								"up": {"uv": [101.68871, 36.8486], "uv_size": [-29.71069, -29.04974]},
								"down": {"uv": [101.68871, 36.8486], "uv_size": [-29.71069, -29.04974]}
							}
						}
					]
				},
				{
					"name": "bone14",
					"parent": "head",
					"pivot": [-10, -1, 0],
					"rotation": [76.32972, -83.47541, -58.98758]
				},
				{
					"name": "bone15",
					"parent": "bone14",
					"pivot": [-9.95, -1, -0.03],
					"cubes": [
						{
							"origin": [-9.109, 32.165, -4.851],
							"size": [3.168, 2.574, 2.97],
							"uv": {
								"north": {"uv": [101.68871, 7.79886], "uv_size": [-29.71069, 29.04974]},
								"east": {"uv": [101.68871, 7.79886], "uv_size": [-29.71069, 29.04974]},
								"south": {"uv": [101.68871, 7.79886], "uv_size": [-29.71069, 29.04974]},
								"west": {"uv": [101.68871, 7.79886], "uv_size": [-29.71069, 29.04974]},
								"up": {"uv": [71.97802, 36.8486], "uv_size": [29.71069, -29.04974]},
								"down": {"uv": [71.97802, 36.8486], "uv_size": [29.71069, -29.04974]}
							}
						},
						{
							"origin": [-27.919, 29.195, -4.851],
							"size": [3.168, 2.574, 2.97],
							"pivot": [-10, -1, 0],
							"rotation": [0, 0, 32.5],
							"uv": {
								"north": {"uv": [101.68871, 7.79886], "uv_size": [-29.71069, 29.04974]},
								"east": {"uv": [101.68871, 7.79886], "uv_size": [-29.71069, 29.04974]},
								"south": {"uv": [101.68871, 7.79886], "uv_size": [-29.71069, 29.04974]},
								"west": {"uv": [101.68871, 7.79886], "uv_size": [-29.71069, 29.04974]},
								"up": {"uv": [71.97802, 36.8486], "uv_size": [29.71069, -29.04974]},
								"down": {"uv": [71.97802, 36.8486], "uv_size": [29.71069, -29.04974]}
							}
						},
						{
							"origin": [-37.819, 23.255, -4.851],
							"size": [3.168, 2.574, 2.97],
							"pivot": [-10, -1, 0],
							"rotation": [0, 0, 52.5],
							"uv": {
								"north": {"uv": [101.68871, 7.79886], "uv_size": [-29.71069, 29.04974]},
								"east": {"uv": [101.68871, 7.79886], "uv_size": [-29.71069, 29.04974]},
								"south": {"uv": [101.68871, 7.79886], "uv_size": [-29.71069, 29.04974]},
								"west": {"uv": [101.68871, 7.79886], "uv_size": [-29.71069, 29.04974]},
								"up": {"uv": [71.97802, 36.8486], "uv_size": [29.71069, -29.04974]},
								"down": {"uv": [71.97802, 36.8486], "uv_size": [29.71069, -29.04974]}
							}
						},
						{
							"origin": [-45.739, 13.355, -4.851],
							"size": [3.168, 2.574, 2.97],
							"pivot": [-10, -1, 0],
							"rotation": [0, 0, 75],
							"uv": {
								"north": {"uv": [101.68871, 7.79886], "uv_size": [-29.71069, 29.04974]},
								"east": {"uv": [101.68871, 7.79886], "uv_size": [-29.71069, 29.04974]},
								"south": {"uv": [101.68871, 7.79886], "uv_size": [-29.71069, 29.04974]},
								"west": {"uv": [101.68871, 7.79886], "uv_size": [-29.71069, 29.04974]},
								"up": {"uv": [71.97802, 36.8486], "uv_size": [29.71069, -29.04974]},
								"down": {"uv": [71.97802, 36.8486], "uv_size": [29.71069, -29.04974]}
							}
						}
					]
				},
				{
					"name": "bone16",
					"parent": "bone14",
					"pivot": [-9.95, 3.95, -1.02],
					"cubes": [
						{
							"origin": [-9.25156, 31.8086, -2.14277],
							"size": [2.66112, 2.16216, 0.70578],
							"uv": {
								"north": {"uv": [101.68871, 7.79886], "uv_size": [-29.71069, 29.04974]},
								"east": {"uv": [101.68871, 7.79886], "uv_size": [-29.71069, 29.04974]},
								"south": {"uv": [101.68871, 7.79886], "uv_size": [-29.71069, 29.04974]},
								"west": {"uv": [101.68871, 7.79886], "uv_size": [-29.71069, 29.04974]},
								"up": {"uv": [71.97802, 36.8486], "uv_size": [29.71069, -29.04974]},
								"down": {"uv": [71.97802, 36.8486], "uv_size": [29.71069, -29.04974]}
							}
						},
						{
							"origin": [-25.05196, 29.3138, -2.14277],
							"size": [2.66112, 2.16216, 0.70578],
							"pivot": [-10, 3.95, -0.99],
							"rotation": [0, 0, 32.5],
							"uv": {
								"north": {"uv": [101.68871, 7.79886], "uv_size": [-29.71069, 29.04974]},
								"east": {"uv": [101.68871, 7.79886], "uv_size": [-29.71069, 29.04974]},
								"south": {"uv": [101.68871, 7.79886], "uv_size": [-29.71069, 29.04974]},
								"west": {"uv": [101.68871, 7.79886], "uv_size": [-29.71069, 29.04974]},
								"up": {"uv": [71.97802, 36.8486], "uv_size": [29.71069, -29.04974]},
								"down": {"uv": [71.97802, 36.8486], "uv_size": [29.71069, -29.04974]}
							}
						},
						{
							"origin": [-33.36796, 24.3242, -2.14277],
							"size": [2.66112, 2.16216, 0.70578],
							"pivot": [-10, 3.95, -0.99],
							"rotation": [0, 0, 52.5],
							"uv": {
								"north": {"uv": [101.68871, 7.79886], "uv_size": [-29.71069, 29.04974]},
								"east": {"uv": [101.68871, 7.79886], "uv_size": [-29.71069, 29.04974]},
								"south": {"uv": [101.68871, 7.79886], "uv_size": [-29.71069, 29.04974]},
								"west": {"uv": [101.68871, 7.79886], "uv_size": [-29.71069, 29.04974]},
								"up": {"uv": [71.97802, 36.8486], "uv_size": [29.71069, -29.04974]},
								"down": {"uv": [71.97802, 36.8486], "uv_size": [29.71069, -29.04974]}
							}
						},
						{
							"origin": [-40.02076, 16.0082, -2.14277],
							"size": [2.66112, 2.16216, 0.70578],
							"pivot": [-10, 3.95, -0.99],
							"rotation": [0, 0, 75],
							"uv": {
								"north": {"uv": [101.68871, 7.79886], "uv_size": [-29.71069, 29.04974]},
								"east": {"uv": [101.68871, 7.79886], "uv_size": [-29.71069, 29.04974]},
								"south": {"uv": [101.68871, 7.79886], "uv_size": [-29.71069, 29.04974]},
								"west": {"uv": [101.68871, 7.79886], "uv_size": [-29.71069, 29.04974]},
								"up": {"uv": [71.97802, 36.8486], "uv_size": [29.71069, -29.04974]},
								"down": {"uv": [71.97802, 36.8486], "uv_size": [29.71069, -29.04974]}
							}
						}
					]
				},
				{
					"name": "bone17",
					"parent": "bone14",
					"pivot": [-9.95, 3.95, -3.99],
					"cubes": [
						{
							"origin": [-9.25156, 31.8086, -5.11277],
							"size": [2.66112, 2.16216, 0.70578],
							"uv": {
								"north": {"uv": [101.68871, 7.79886], "uv_size": [-29.71069, 29.04974]},
								"east": {"uv": [101.68871, 7.79886], "uv_size": [-29.71069, 29.04974]},
								"south": {"uv": [101.68871, 7.79886], "uv_size": [-29.71069, 29.04974]},
								"west": {"uv": [101.68871, 7.79886], "uv_size": [-29.71069, 29.04974]},
								"up": {"uv": [71.97802, 36.8486], "uv_size": [29.71069, -29.04974]},
								"down": {"uv": [71.97802, 36.8486], "uv_size": [29.71069, -29.04974]}
							}
						},
						{
							"origin": [-25.05196, 29.3138, -5.11277],
							"size": [2.66112, 2.16216, 0.70578],
							"pivot": [-10, 3.95, -3.96],
							"rotation": [0, 0, 32.5],
							"uv": {
								"north": {"uv": [101.68871, 7.79886], "uv_size": [-29.71069, 29.04974]},
								"east": {"uv": [101.68871, 7.79886], "uv_size": [-29.71069, 29.04974]},
								"south": {"uv": [101.68871, 7.79886], "uv_size": [-29.71069, 29.04974]},
								"west": {"uv": [101.68871, 7.79886], "uv_size": [-29.71069, 29.04974]},
								"up": {"uv": [71.97802, 36.8486], "uv_size": [29.71069, -29.04974]},
								"down": {"uv": [71.97802, 36.8486], "uv_size": [29.71069, -29.04974]}
							}
						},
						{
							"origin": [-33.36796, 24.3242, -5.11277],
							"size": [2.66112, 2.16216, 0.70578],
							"pivot": [-10, 3.95, -3.96],
							"rotation": [0, 0, 52.5],
							"uv": {
								"north": {"uv": [101.68871, 7.79886], "uv_size": [-29.71069, 29.04974]},
								"east": {"uv": [101.68871, 7.79886], "uv_size": [-29.71069, 29.04974]},
								"south": {"uv": [101.68871, 7.79886], "uv_size": [-29.71069, 29.04974]},
								"west": {"uv": [101.68871, 7.79886], "uv_size": [-29.71069, 29.04974]},
								"up": {"uv": [71.97802, 36.8486], "uv_size": [29.71069, -29.04974]},
								"down": {"uv": [71.97802, 36.8486], "uv_size": [29.71069, -29.04974]}
							}
						},
						{
							"origin": [-40.02076, 16.0082, -5.11277],
							"size": [2.66112, 2.16216, 0.70578],
							"pivot": [-10, 3.95, -3.96],
							"rotation": [0, 0, 75],
							"uv": {
								"north": {"uv": [101.68871, 7.79886], "uv_size": [-29.71069, 29.04974]},
								"east": {"uv": [101.68871, 7.79886], "uv_size": [-29.71069, 29.04974]},
								"south": {"uv": [101.68871, 7.79886], "uv_size": [-29.71069, 29.04974]},
								"west": {"uv": [101.68871, 7.79886], "uv_size": [-29.71069, 29.04974]},
								"up": {"uv": [71.97802, 36.8486], "uv_size": [29.71069, -29.04974]},
								"down": {"uv": [71.97802, 36.8486], "uv_size": [29.71069, -29.04974]}
							}
						}
					]
				}
			]
		}
	]
}