{
	"format_version": "1.12.0",
	"minecraft:geometry": [
		{
			"description": {
				"identifier": "geometry.ssj_vg",
				"texture_width": 128,
				"texture_height": 128,
				"visible_bounds_width": 15,
				"visible_bounds_height": 15,
				"visible_bounds_offset": [0, 0.5, 0]
			},
			"bones": [
				{
					"name": "body",
					"pivot": [0, 24, 0],
					"cubes": [
						{
							"origin": [-4.1, 12, -2.1],
							"size": [8.2, 12.1, 4.2],
							"uv": {
								"north": {"uv": [26.30262, 40.29128], "uv_size": [30.63467, 44.13867]},
								"east": {"uv": [26.30262, 40.29128], "uv_size": [1.45067, 44.13867]},
								"south": {"uv": [70.84662, 40.29128], "uv_size": [30.63467, 44.13867]},
								"west": {"uv": [54.97462, 40.29128], "uv_size": [1.96267, 44.13867]},
								"up": {"uv": [56.93728, 41.42194], "uv_size": [-30.63467, -1.13067]},
								"down": {"uv": [56.93728, 84.42994], "uv_size": [-30.63467, -1.64267]}
							}
						}
					]
				},
				{
					"name": "bone",
					"parent": "body",
					"pivot": [0, 0, 0]
				},
				{
					"name": "rightArm",
					"pivot": [-5, 22, 0],
					"cubes": [
						{
							"origin": [-8.1, 11.9, -2.1],
							"size": [4.2, 12.2, 4.2],
							"uv": {
								"north": {"uv": [6.10133, 41.28975], "uv_size": [13.93067, 40.896]},
								"east": {"uv": [6.10133, 41.28975], "uv_size": [13.93067, 40.896]},
								"south": {"uv": [6.10133, 41.28975], "uv_size": [13.93067, 40.896]},
								"west": {"uv": [6.10133, 41.28975], "uv_size": [13.93067, 40.896]},
								"up": {"uv": [20.032, 43.52975], "uv_size": [-13.93067, -2.24]},
								"down": {"uv": [20.032, 82.18575], "uv_size": [-13.93067, -2.496]}
							}
						}
					]
				},
				{
					"name": "rightItem",
					"parent": "rightArm",
					"pivot": [-6, 15, 1]
				},
				{
					"name": "leftArm",
					"pivot": [5, 22, 0],
					"cubes": [
						{
							"origin": [3.9, 11.9, -2.1],
							"size": [4.2, 12.2, 4.2],
							"uv": {
								"north": {"uv": [121.344, 42.05775], "uv_size": [-12.736, 39.36]},
								"east": {"uv": [121.344, 42.05775], "uv_size": [-12.736, 39.36]},
								"south": {"uv": [121.344, 42.05775], "uv_size": [-12.736, 39.36]},
								"west": {"uv": [121.344, 42.05775], "uv_size": [-12.736, 39.36]},
								"up": {"uv": [108.608, 42.24975], "uv_size": [12.736, -0.192]},
								"down": {"uv": [108.608, 81.41775], "uv_size": [12.736, -1.472]}
							}
						}
					]
				},
				{
					"name": "rightLeg",
					"pivot": [-1.9, 12, 0],
					"cubes": [
						{
							"origin": [-3.81, -0.09, -2.11],
							"size": [4, 12.2, 4.2],
							"uv": {
								"north": {"uv": [18.45643, 89.05632], "uv_size": [11.94524, 36.99688]},
								"east": {"uv": [109.59243, 89.05632], "uv_size": [-1.11076, 36.99688]},
								"south": {"uv": [109.59243, 89.05632], "uv_size": [-12.11876, 36.99688]},
								"west": {"uv": [97.56043, 89.05632], "uv_size": [-0.08676, 36.99688]},
								"up": {"uv": [97.47367, 126.05321], "uv_size": [12.11876, -36.99688]},
								"down": {"uv": [97.47367, 126.05321], "uv_size": [12.11876, -0.64488]}
							}
						}
					]
				},
				{
					"name": "leftLeg",
					"pivot": [1.9, 12, 0],
					"cubes": [
						{
							"origin": [-0.11, -1.09, -2.11],
							"size": [4, 12.2, 4.2],
							"uv": {
								"north": {"uv": [30.48843, 89.05632], "uv_size": [-11.86276, 36.74088]},
								"east": {"uv": [97.81643, 89.31232], "uv_size": [-0.59876, 36.74088]},
								"south": {"uv": [109.08043, 89.56832], "uv_size": [-11.86276, 36.74088]},
								"west": {"uv": [109.08043, 89.56832], "uv_size": [-0.34276, 36.74088]},
								"up": {"uv": [97.21767, 126.3092], "uv_size": [11.86276, -36.74088]},
								"down": {"uv": [97.21767, 126.3092], "uv_size": [11.86276, -0.13288]}
							}
						}
					]
				},
				{
					"name": "head",
					"pivot": [0, 24, 0],
					"cubes": [
						{
							"origin": [-4.1, 23.5, -4.9],
							"size": [8.2, 8.6, 9],
							"uv": {
								"north": {"uv": [27.02564, 7.79886], "uv_size": [29.71069, 29.04974]},
								"east": {"uv": [71.21612, 7.03696], "uv_size": [29.71069, 29.04974]},
								"south": {"uv": [71.21612, 7.03696], "uv_size": [29.71069, 29.04974]},
								"west": {"uv": [71.21612, 7.03696], "uv_size": [29.71069, 29.04974]},
								"up": {"uv": [100.92681, 36.0867], "uv_size": [-29.71069, -29.04974]},
								"down": {"uv": [50.64109, 37.61051], "uv_size": [-22.09164, 0.66455]}
							}
						}
					]
				},
				{
					"name": "bone2",
					"parent": "head",
					"pivot": [-31, 27, 0],
					"rotation": [-1.06165, -5.13545, 93.34588]
				},
				{
					"name": "bone3",
					"parent": "bone2",
					"pivot": [-31.05, 27, -0.03],
					"cubes": [
						{
							"origin": [-35.059, 60.165, -4.851],
							"size": [3.168, 2.574, 2.97],
							"uv": {
								"north": {"uv": [71.97802, 7.79886], "uv_size": [29.71069, 29.04974]},
								"east": {"uv": [71.97802, 7.79886], "uv_size": [29.71069, 29.04974]},
								"south": {"uv": [71.97802, 7.79886], "uv_size": [29.71069, 29.04974]},
								"west": {"uv": [71.97802, 7.79886], "uv_size": [29.71069, 29.04974]},
								"up": {"uv": [101.68871, 36.8486], "uv_size": [-29.71069, -29.04974]},
								"down": {"uv": [101.68871, 36.8486], "uv_size": [-29.71069, -29.04974]}
							}
						},
						{
							"origin": [-16.249, 57.195, -4.851],
							"size": [3.168, 2.574, 2.97],
							"pivot": [-31, 27, 0],
							"rotation": [0, 0, -32.5],
							"uv": {
								"north": {"uv": [71.97802, 7.79886], "uv_size": [29.71069, 29.04974]},
								"east": {"uv": [71.97802, 7.79886], "uv_size": [29.71069, 29.04974]},
								"south": {"uv": [71.97802, 7.79886], "uv_size": [29.71069, 29.04974]},
								"west": {"uv": [71.97802, 7.79886], "uv_size": [29.71069, 29.04974]},
								"up": {"uv": [101.68871, 36.8486], "uv_size": [-29.71069, -29.04974]},
								"down": {"uv": [101.68871, 36.8486], "uv_size": [-29.71069, -29.04974]}
							}
						},
						{
							"origin": [-6.349, 51.255, -4.851],
							"size": [3.168, 2.574, 2.97],
							"pivot": [-31, 27, 0],
							"rotation": [0, 0, -52.5],
							"uv": {
								"north": {"uv": [71.97802, 7.79886], "uv_size": [29.71069, 29.04974]},
								"east": {"uv": [71.97802, 7.79886], "uv_size": [29.71069, 29.04974]},
								"south": {"uv": [71.97802, 7.79886], "uv_size": [29.71069, 29.04974]},
								"west": {"uv": [71.97802, 7.79886], "uv_size": [29.71069, 29.04974]},
								"up": {"uv": [101.68871, 36.8486], "uv_size": [-29.71069, -29.04974]},
								"down": {"uv": [101.68871, 36.8486], "uv_size": [-29.71069, -29.04974]}
							}
						},
						{
							"origin": [1.571, 41.355, -4.851],
							"size": [3.168, 2.574, 2.97],
							"pivot": [-31, 27, 0],
							"rotation": [0, 0, -75],
							"uv": {
								"north": {"uv": [71.97802, 7.79886], "uv_size": [29.71069, 29.04974]},
								"east": {"uv": [71.97802, 7.79886], "uv_size": [29.71069, 29.04974]},
								"south": {"uv": [71.97802, 7.79886], "uv_size": [29.71069, 29.04974]},
								"west": {"uv": [71.97802, 7.79886], "uv_size": [29.71069, 29.04974]},
								"up": {"uv": [101.68871, 36.8486], "uv_size": [-29.71069, -29.04974]},
								"down": {"uv": [101.68871, 36.8486], "uv_size": [-29.71069, -29.04974]}
							}
						}
					]
				},
				{
					"name": "bone4",
					"parent": "bone2",
					"pivot": [-31.05, 31.95, -1.02],
					"cubes": [
						{
							"origin": [-34.40956, 59.8086, -2.14277],
							"size": [2.66112, 2.16216, 0.70578],
							"uv": {
								"north": {"uv": [71.97802, 7.79886], "uv_size": [29.71069, 29.04974]},
								"east": {"uv": [71.97802, 7.79886], "uv_size": [29.71069, 29.04974]},
								"south": {"uv": [71.97802, 7.79886], "uv_size": [29.71069, 29.04974]},
								"west": {"uv": [71.97802, 7.79886], "uv_size": [29.71069, 29.04974]},
								"up": {"uv": [101.68871, 36.8486], "uv_size": [-29.71069, -29.04974]},
								"down": {"uv": [101.68871, 36.8486], "uv_size": [-29.71069, -29.04974]}
							}
						},
						{
							"origin": [-18.60916, 57.3138, -2.14277],
							"size": [2.66112, 2.16216, 0.70578],
							"pivot": [-31, 31.95, -0.99],
							"rotation": [0, 0, -32.5],
							"uv": {
								"north": {"uv": [71.97802, 7.79886], "uv_size": [29.71069, 29.04974]},
								"east": {"uv": [71.97802, 7.79886], "uv_size": [29.71069, 29.04974]},
								"south": {"uv": [71.97802, 7.79886], "uv_size": [29.71069, 29.04974]},
								"west": {"uv": [71.97802, 7.79886], "uv_size": [29.71069, 29.04974]},
								"up": {"uv": [101.68871, 36.8486], "uv_size": [-29.71069, -29.04974]},
								"down": {"uv": [101.68871, 36.8486], "uv_size": [-29.71069, -29.04974]}
							}
						},
						{
							"origin": [-10.29316, 52.3242, -2.14277],
							"size": [2.66112, 2.16216, 0.70578],
							"pivot": [-31, 31.95, -0.99],
							"rotation": [0, 0, -52.5],
							"uv": {
								"north": {"uv": [71.97802, 7.79886], "uv_size": [29.71069, 29.04974]},
								"east": {"uv": [71.97802, 7.79886], "uv_size": [29.71069, 29.04974]},
								"south": {"uv": [71.97802, 7.79886], "uv_size": [29.71069, 29.04974]},
								"west": {"uv": [71.97802, 7.79886], "uv_size": [29.71069, 29.04974]},
								"up": {"uv": [101.68871, 36.8486], "uv_size": [-29.71069, -29.04974]},
								"down": {"uv": [101.68871, 36.8486], "uv_size": [-29.71069, -29.04974]}
							}
						},
						{
							"origin": [-3.64036, 44.0082, -2.14277],
							"size": [2.66112, 2.16216, 0.70578],
							"pivot": [-31, 31.95, -0.99],
							"rotation": [0, 0, -75],
							"uv": {
								"north": {"uv": [71.97802, 7.79886], "uv_size": [29.71069, 29.04974]},
								"east": {"uv": [71.97802, 7.79886], "uv_size": [29.71069, 29.04974]},
								"south": {"uv": [71.97802, 7.79886], "uv_size": [29.71069, 29.04974]},
								"west": {"uv": [71.97802, 7.79886], "uv_size": [29.71069, 29.04974]},
								"up": {"uv": [101.68871, 36.8486], "uv_size": [-29.71069, -29.04974]},
								"down": {"uv": [101.68871, 36.8486], "uv_size": [-29.71069, -29.04974]}
							}
						}
					]
				},
				{
					"name": "bone5",
					"parent": "bone2",
					"pivot": [-31.05, 31.95, -3.99],
					"cubes": [
						{
							"origin": [-34.40956, 59.8086, -5.11277],
							"size": [2.66112, 2.16216, 0.70578],
							"uv": {
								"north": {"uv": [71.97802, 7.79886], "uv_size": [29.71069, 29.04974]},
								"east": {"uv": [71.97802, 7.79886], "uv_size": [29.71069, 29.04974]},
								"south": {"uv": [71.97802, 7.79886], "uv_size": [29.71069, 29.04974]},
								"west": {"uv": [71.97802, 7.79886], "uv_size": [29.71069, 29.04974]},
								"up": {"uv": [101.68871, 36.8486], "uv_size": [-29.71069, -29.04974]},
								"down": {"uv": [101.68871, 36.8486], "uv_size": [-29.71069, -29.04974]}
							}
						},
						{
							"origin": [-18.60916, 57.3138, -5.11277],
							"size": [2.66112, 2.16216, 0.70578],
							"pivot": [-31, 31.95, -3.96],
							"rotation": [0, 0, -32.5],
							"uv": {
								"north": {"uv": [71.97802, 7.79886], "uv_size": [29.71069, 29.04974]},
								"east": {"uv": [71.97802, 7.79886], "uv_size": [29.71069, 29.04974]},
								"south": {"uv": [71.97802, 7.79886], "uv_size": [29.71069, 29.04974]},
								"west": {"uv": [71.97802, 7.79886], "uv_size": [29.71069, 29.04974]},
								"up": {"uv": [101.68871, 36.8486], "uv_size": [-29.71069, -29.04974]},
								"down": {"uv": [101.68871, 36.8486], "uv_size": [-29.71069, -29.04974]}
							}
						},
						{
							"origin": [-10.29316, 52.3242, -5.11277],
							"size": [2.66112, 2.16216, 0.70578],
							"pivot": [-31, 31.95, -3.96],
							"rotation": [0, 0, -52.5],
							"uv": {
								"north": {"uv": [71.97802, 7.79886], "uv_size": [29.71069, 29.04974]},
								"east": {"uv": [71.97802, 7.79886], "uv_size": [29.71069, 29.04974]},
								"south": {"uv": [71.97802, 7.79886], "uv_size": [29.71069, 29.04974]},
								"west": {"uv": [71.97802, 7.79886], "uv_size": [29.71069, 29.04974]},
								"up": {"uv": [101.68871, 36.8486], "uv_size": [-29.71069, -29.04974]},
								"down": {"uv": [101.68871, 36.8486], "uv_size": [-29.71069, -29.04974]}
							}
						},
						{
							"origin": [-3.64036, 44.0082, -5.11277],
							"size": [2.66112, 2.16216, 0.70578],
							"pivot": [-31, 31.95, -3.96],
							"rotation": [0, 0, -75],
							"uv": {
								"north": {"uv": [71.97802, 7.79886], "uv_size": [29.71069, 29.04974]},
								"east": {"uv": [71.97802, 7.79886], "uv_size": [29.71069, 29.04974]},
								"south": {"uv": [71.97802, 7.79886], "uv_size": [29.71069, 29.04974]},
								"west": {"uv": [71.97802, 7.79886], "uv_size": [29.71069, 29.04974]},
								"up": {"uv": [101.68871, 36.8486], "uv_size": [-29.71069, -29.04974]},
								"down": {"uv": [101.68871, 36.8486], "uv_size": [-29.71069, -29.04974]}
							}
						}
					]
				},
				{
					"name": "bone6",
					"parent": "head",
					"pivot": [-26, 13, 2],
					"rotation": [1.43596, -5.04384, 65.73502]
				},
				{
					"name": "bone7",
					"parent": "bone6",
					"pivot": [-26.05, 13, 1.97],
					"cubes": [
						{
							"origin": [-30.059, 46.165, -2.851],
							"size": [3.168, 2.574, 2.97],
							"uv": {
								"north": {"uv": [71.97802, 7.79886], "uv_size": [29.71069, 29.04974]},
								"east": {"uv": [71.97802, 7.79886], "uv_size": [29.71069, 29.04974]},
								"south": {"uv": [71.97802, 7.79886], "uv_size": [29.71069, 29.04974]},
								"west": {"uv": [71.97802, 7.79886], "uv_size": [29.71069, 29.04974]},
								"up": {"uv": [101.68871, 36.8486], "uv_size": [-29.71069, -29.04974]},
								"down": {"uv": [101.68871, 36.8486], "uv_size": [-29.71069, -29.04974]}
							}
						},
						{
							"origin": [-11.249, 43.195, -2.851],
							"size": [3.168, 2.574, 2.97],
							"pivot": [-26, 13, 2],
							"rotation": [0, 0, -32.5],
							"uv": {
								"north": {"uv": [71.97802, 7.79886], "uv_size": [29.71069, 29.04974]},
								"east": {"uv": [71.97802, 7.79886], "uv_size": [29.71069, 29.04974]},
								"south": {"uv": [71.97802, 7.79886], "uv_size": [29.71069, 29.04974]},
								"west": {"uv": [71.97802, 7.79886], "uv_size": [29.71069, 29.04974]},
								"up": {"uv": [101.68871, 36.8486], "uv_size": [-29.71069, -29.04974]},
								"down": {"uv": [101.68871, 36.8486], "uv_size": [-29.71069, -29.04974]}
							}
						},
						{
							"origin": [-1.349, 37.255, -2.851],
							"size": [3.168, 2.574, 2.97],
							"pivot": [-26, 13, 2],
							"rotation": [0, 0, -52.5],
							"uv": {
								"north": {"uv": [71.97802, 7.79886], "uv_size": [29.71069, 29.04974]},
								"east": {"uv": [71.97802, 7.79886], "uv_size": [29.71069, 29.04974]},
								"south": {"uv": [71.97802, 7.79886], "uv_size": [29.71069, 29.04974]},
								"west": {"uv": [71.97802, 7.79886], "uv_size": [29.71069, 29.04974]},
								"up": {"uv": [101.68871, 36.8486], "uv_size": [-29.71069, -29.04974]},
								"down": {"uv": [101.68871, 36.8486], "uv_size": [-29.71069, -29.04974]}
							}
						},
						{
							"origin": [6.571, 27.355, -2.851],
							"size": [3.168, 2.574, 2.97],
							"pivot": [-26, 13, 2],
							"rotation": [0, 0, -75],
							"uv": {
								"north": {"uv": [71.97802, 7.79886], "uv_size": [29.71069, 29.04974]},
								"east": {"uv": [71.97802, 7.79886], "uv_size": [29.71069, 29.04974]},
								"south": {"uv": [71.97802, 7.79886], "uv_size": [29.71069, 29.04974]},
								"west": {"uv": [71.97802, 7.79886], "uv_size": [29.71069, 29.04974]},
								"up": {"uv": [101.68871, 36.8486], "uv_size": [-29.71069, -29.04974]},
								"down": {"uv": [101.68871, 36.8486], "uv_size": [-29.71069, -29.04974]}
							}
						}
					]
				},
				{
					"name": "bone8",
					"parent": "bone6",
					"pivot": [-26.05, 17.95, 0.98],
					"cubes": [
						{
							"origin": [-29.40956, 45.8086, -0.14277],
							"size": [2.66112, 2.16216, 0.70578],
							"uv": {
								"north": {"uv": [71.97802, 7.79886], "uv_size": [29.71069, 29.04974]},
								"east": {"uv": [71.97802, 7.79886], "uv_size": [29.71069, 29.04974]},
								"south": {"uv": [71.97802, 7.79886], "uv_size": [29.71069, 29.04974]},
								"west": {"uv": [71.97802, 7.79886], "uv_size": [29.71069, 29.04974]},
								"up": {"uv": [101.68871, 36.8486], "uv_size": [-29.71069, -29.04974]},
								"down": {"uv": [101.68871, 36.8486], "uv_size": [-29.71069, -29.04974]}
							}
						},
						{
							"origin": [-13.60916, 43.3138, -0.14277],
							"size": [2.66112, 2.16216, 0.70578],
							"pivot": [-26, 17.95, 1.01],
							"rotation": [0, 0, -32.5],
							"uv": {
								"north": {"uv": [71.97802, 7.79886], "uv_size": [29.71069, 29.04974]},
								"east": {"uv": [71.97802, 7.79886], "uv_size": [29.71069, 29.04974]},
								"south": {"uv": [71.97802, 7.79886], "uv_size": [29.71069, 29.04974]},
								"west": {"uv": [71.97802, 7.79886], "uv_size": [29.71069, 29.04974]},
								"up": {"uv": [101.68871, 36.8486], "uv_size": [-29.71069, -29.04974]},
								"down": {"uv": [101.68871, 36.8486], "uv_size": [-29.71069, -29.04974]}
							}
						},
						{
							"origin": [-5.29316, 38.3242, -0.14277],
							"size": [2.66112, 2.16216, 0.70578],
							"pivot": [-26, 17.95, 1.01],
							"rotation": [0, 0, -52.5],
							"uv": {
								"north": {"uv": [71.97802, 7.79886], "uv_size": [29.71069, 29.04974]},
								"east": {"uv": [71.97802, 7.79886], "uv_size": [29.71069, 29.04974]},
								"south": {"uv": [71.97802, 7.79886], "uv_size": [29.71069, 29.04974]},
								"west": {"uv": [71.97802, 7.79886], "uv_size": [29.71069, 29.04974]},
								"up": {"uv": [101.68871, 36.8486], "uv_size": [-29.71069, -29.04974]},
								"down": {"uv": [101.68871, 36.8486], "uv_size": [-29.71069, -29.04974]}
							}
						},
						{
							"origin": [1.35964, 30.0082, -0.14277],
							"size": [2.66112, 2.16216, 0.70578],
							"pivot": [-26, 17.95, 1.01],
							"rotation": [0, 0, -75],
							"uv": {
								"north": {"uv": [71.97802, 7.79886], "uv_size": [29.71069, 29.04974]},
								"east": {"uv": [71.97802, 7.79886], "uv_size": [29.71069, 29.04974]},
								"south": {"uv": [71.97802, 7.79886], "uv_size": [29.71069, 29.04974]},
								"west": {"uv": [71.97802, 7.79886], "uv_size": [29.71069, 29.04974]},
								"up": {"uv": [101.68871, 36.8486], "uv_size": [-29.71069, -29.04974]},
								"down": {"uv": [101.68871, 36.8486], "uv_size": [-29.71069, -29.04974]}
							}
						}
					]
				},
				{
					"name": "bone9",
					"parent": "bone6",
					"pivot": [-26.05, 17.95, -1.99],
					"cubes": [
						{
							"origin": [-29.40956, 45.8086, -3.11277],
							"size": [2.66112, 2.16216, 0.70578],
							"uv": {
								"north": {"uv": [71.97802, 7.79886], "uv_size": [29.71069, 29.04974]},
								"east": {"uv": [71.97802, 7.79886], "uv_size": [29.71069, 29.04974]},
								"south": {"uv": [71.97802, 7.79886], "uv_size": [29.71069, 29.04974]},
								"west": {"uv": [71.97802, 7.79886], "uv_size": [29.71069, 29.04974]},
								"up": {"uv": [101.68871, 36.8486], "uv_size": [-29.71069, -29.04974]},
								"down": {"uv": [101.68871, 36.8486], "uv_size": [-29.71069, -29.04974]}
							}
						},
						{
							"origin": [-13.60916, 43.3138, -3.11277],
							"size": [2.66112, 2.16216, 0.70578],
							"pivot": [-26, 17.95, -1.96],
							"rotation": [0, 0, -32.5],
							"uv": {
								"north": {"uv": [71.97802, 7.79886], "uv_size": [29.71069, 29.04974]},
								"east": {"uv": [71.97802, 7.79886], "uv_size": [29.71069, 29.04974]},
								"south": {"uv": [71.97802, 7.79886], "uv_size": [29.71069, 29.04974]},
								"west": {"uv": [71.97802, 7.79886], "uv_size": [29.71069, 29.04974]},
								"up": {"uv": [101.68871, 36.8486], "uv_size": [-29.71069, -29.04974]},
								"down": {"uv": [101.68871, 36.8486], "uv_size": [-29.71069, -29.04974]}
							}
						},
						{
							"origin": [-5.29316, 38.3242, -3.11277],
							"size": [2.66112, 2.16216, 0.70578],
							"pivot": [-26, 17.95, -1.96],
							"rotation": [0, 0, -52.5],
							"uv": {
								"north": {"uv": [71.97802, 7.79886], "uv_size": [29.71069, 29.04974]},
								"east": {"uv": [71.97802, 7.79886], "uv_size": [29.71069, 29.04974]},
								"south": {"uv": [71.97802, 7.79886], "uv_size": [29.71069, 29.04974]},
								"west": {"uv": [71.97802, 7.79886], "uv_size": [29.71069, 29.04974]},
								"up": {"uv": [101.68871, 36.8486], "uv_size": [-29.71069, -29.04974]},
								"down": {"uv": [101.68871, 36.8486], "uv_size": [-29.71069, -29.04974]}
							}
						},
						{
							"origin": [1.35964, 30.0082, -3.11277],
							"size": [2.66112, 2.16216, 0.70578],
							"pivot": [-26, 17.95, -1.96],
							"rotation": [0, 0, -75],
							"uv": {
								"north": {"uv": [71.97802, 7.79886], "uv_size": [29.71069, 29.04974]},
								"east": {"uv": [71.97802, 7.79886], "uv_size": [29.71069, 29.04974]},
								"south": {"uv": [71.97802, 7.79886], "uv_size": [29.71069, 29.04974]},
								"west": {"uv": [71.97802, 7.79886], "uv_size": [29.71069, 29.04974]},
								"up": {"uv": [101.68871, 36.8486], "uv_size": [-29.71069, -29.04974]},
								"down": {"uv": [101.68871, 36.8486], "uv_size": [-29.71069, -29.04974]}
							}
						}
					]
				},
				{
					"name": "bone10",
					"parent": "head",
					"pivot": [-28, 15, 2],
					"rotation": [1.43596, -5.04384, 65.73502]
				},
				{
					"name": "bone11",
					"parent": "bone10",
					"pivot": [-28.05, 15, 1.97],
					"cubes": [
						{
							"origin": [-32.059, 48.165, -2.851],
							"size": [3.168, 2.574, 2.97],
							"uv": {
								"north": {"uv": [71.97802, 7.79886], "uv_size": [29.71069, 29.04974]},
								"east": {"uv": [71.97802, 7.79886], "uv_size": [29.71069, 29.04974]},
								"south": {"uv": [71.97802, 7.79886], "uv_size": [29.71069, 29.04974]},
								"west": {"uv": [71.97802, 7.79886], "uv_size": [29.71069, 29.04974]},
								"up": {"uv": [101.68871, 36.8486], "uv_size": [-29.71069, -29.04974]},
								"down": {"uv": [101.68871, 36.8486], "uv_size": [-29.71069, -29.04974]}
							}
						},
						{
							"origin": [-13.249, 45.195, -2.851],
							"size": [3.168, 2.574, 2.97],
							"pivot": [-28, 15, 2],
							"rotation": [0, 0, -32.5],
							"uv": {
								"north": {"uv": [71.97802, 7.79886], "uv_size": [29.71069, 29.04974]},
								"east": {"uv": [71.97802, 7.79886], "uv_size": [29.71069, 29.04974]},
								"south": {"uv": [71.97802, 7.79886], "uv_size": [29.71069, 29.04974]},
								"west": {"uv": [71.97802, 7.79886], "uv_size": [29.71069, 29.04974]},
								"up": {"uv": [101.68871, 36.8486], "uv_size": [-29.71069, -29.04974]},
								"down": {"uv": [101.68871, 36.8486], "uv_size": [-29.71069, -29.04974]}
							}
						},
						{
							"origin": [-3.349, 39.255, -2.851],
							"size": [3.168, 2.574, 2.97],
							"pivot": [-28, 15, 2],
							"rotation": [0, 0, -52.5],
							"uv": {
								"north": {"uv": [71.97802, 7.79886], "uv_size": [29.71069, 29.04974]},
								"east": {"uv": [71.97802, 7.79886], "uv_size": [29.71069, 29.04974]},
								"south": {"uv": [71.97802, 7.79886], "uv_size": [29.71069, 29.04974]},
								"west": {"uv": [71.97802, 7.79886], "uv_size": [29.71069, 29.04974]},
								"up": {"uv": [101.68871, 36.8486], "uv_size": [-29.71069, -29.04974]},
								"down": {"uv": [101.68871, 36.8486], "uv_size": [-29.71069, -29.04974]}
							}
						},
						{
							"origin": [4.571, 29.355, -2.851],
							"size": [3.168, 2.574, 2.97],
							"pivot": [-28, 15, 2],
							"rotation": [0, 0, -75],
							"uv": {
								"north": {"uv": [71.97802, 7.79886], "uv_size": [29.71069, 29.04974]},
								"east": {"uv": [71.97802, 7.79886], "uv_size": [29.71069, 29.04974]},
								"south": {"uv": [71.97802, 7.79886], "uv_size": [29.71069, 29.04974]},
								"west": {"uv": [71.97802, 7.79886], "uv_size": [29.71069, 29.04974]},
								"up": {"uv": [101.68871, 36.8486], "uv_size": [-29.71069, -29.04974]},
								"down": {"uv": [101.68871, 36.8486], "uv_size": [-29.71069, -29.04974]}
							}
						}
					]
				},
				{
					"name": "bone12",
					"parent": "bone10",
					"pivot": [-28.05, 19.95, 0.98],
					"cubes": [
						{
							"origin": [-31.40956, 47.8086, -0.14277],
							"size": [2.66112, 2.16216, 0.70578],
							"uv": {
								"north": {"uv": [71.97802, 7.79886], "uv_size": [29.71069, 29.04974]},
								"east": {"uv": [71.97802, 7.79886], "uv_size": [29.71069, 29.04974]},
								"south": {"uv": [71.97802, 7.79886], "uv_size": [29.71069, 29.04974]},
								"west": {"uv": [71.97802, 7.79886], "uv_size": [29.71069, 29.04974]},
								"up": {"uv": [101.68871, 36.8486], "uv_size": [-29.71069, -29.04974]},
								"down": {"uv": [101.68871, 36.8486], "uv_size": [-29.71069, -29.04974]}
							}
						},
						{
							"origin": [-15.60916, 45.3138, -0.14277],
							"size": [2.66112, 2.16216, 0.70578],
							"pivot": [-28, 19.95, 1.01],
							"rotation": [0, 0, -32.5],
							"uv": {
								"north": {"uv": [71.97802, 7.79886], "uv_size": [29.71069, 29.04974]},
								"east": {"uv": [71.97802, 7.79886], "uv_size": [29.71069, 29.04974]},
								"south": {"uv": [71.97802, 7.79886], "uv_size": [29.71069, 29.04974]},
								"west": {"uv": [71.97802, 7.79886], "uv_size": [29.71069, 29.04974]},
								"up": {"uv": [101.68871, 36.8486], "uv_size": [-29.71069, -29.04974]},
								"down": {"uv": [101.68871, 36.8486], "uv_size": [-29.71069, -29.04974]}
							}
						},
						{
							"origin": [-7.29316, 40.3242, -0.14277],
							"size": [2.66112, 2.16216, 0.70578],
							"pivot": [-28, 19.95, 1.01],
							"rotation": [0, 0, -52.5],
							"uv": {
								"north": {"uv": [71.97802, 7.79886], "uv_size": [29.71069, 29.04974]},
								"east": {"uv": [71.97802, 7.79886], "uv_size": [29.71069, 29.04974]},
								"south": {"uv": [71.97802, 7.79886], "uv_size": [29.71069, 29.04974]},
								"west": {"uv": [71.97802, 7.79886], "uv_size": [29.71069, 29.04974]},
								"up": {"uv": [101.68871, 36.8486], "uv_size": [-29.71069, -29.04974]},
								"down": {"uv": [101.68871, 36.8486], "uv_size": [-29.71069, -29.04974]}
							}
						},
						{
							"origin": [-0.64036, 32.0082, -0.14277],
							"size": [2.66112, 2.16216, 0.70578],
							"pivot": [-28, 19.95, 1.01],
							"rotation": [0, 0, -75],
							"uv": {
								"north": {"uv": [71.97802, 7.79886], "uv_size": [29.71069, 29.04974]},
								"east": {"uv": [71.97802, 7.79886], "uv_size": [29.71069, 29.04974]},
								"south": {"uv": [71.97802, 7.79886], "uv_size": [29.71069, 29.04974]},
								"west": {"uv": [71.97802, 7.79886], "uv_size": [29.71069, 29.04974]},
								"up": {"uv": [101.68871, 36.8486], "uv_size": [-29.71069, -29.04974]},
								"down": {"uv": [101.68871, 36.8486], "uv_size": [-29.71069, -29.04974]}
							}
						}
					]
				},
				{
					"name": "bone13",
					"parent": "bone10",
					"pivot": [-28.05, 19.95, -1.99],
					"cubes": [
						{
							"origin": [-31.40956, 47.8086, -3.11277],
							"size": [2.66112, 2.16216, 0.70578],
							"uv": {
								"north": {"uv": [71.97802, 7.79886], "uv_size": [29.71069, 29.04974]},
								"east": {"uv": [71.97802, 7.79886], "uv_size": [29.71069, 29.04974]},
								"south": {"uv": [71.97802, 7.79886], "uv_size": [29.71069, 29.04974]},
								"west": {"uv": [71.97802, 7.79886], "uv_size": [29.71069, 29.04974]},
								"up": {"uv": [101.68871, 36.8486], "uv_size": [-29.71069, -29.04974]},
								"down": {"uv": [101.68871, 36.8486], "uv_size": [-29.71069, -29.04974]}
							}
						},
						{
							"origin": [-15.60916, 45.3138, -3.11277],
							"size": [2.66112, 2.16216, 0.70578],
							"pivot": [-28, 19.95, -1.96],
							"rotation": [0, 0, -32.5],
							"uv": {
								"north": {"uv": [71.97802, 7.79886], "uv_size": [29.71069, 29.04974]},
								"east": {"uv": [71.97802, 7.79886], "uv_size": [29.71069, 29.04974]},
								"south": {"uv": [71.97802, 7.79886], "uv_size": [29.71069, 29.04974]},
								"west": {"uv": [71.97802, 7.79886], "uv_size": [29.71069, 29.04974]},
								"up": {"uv": [101.68871, 36.8486], "uv_size": [-29.71069, -29.04974]},
								"down": {"uv": [101.68871, 36.8486], "uv_size": [-29.71069, -29.04974]}
							}
						},
						{
							"origin": [-7.29316, 40.3242, -3.11277],
							"size": [2.66112, 2.16216, 0.70578],
							"pivot": [-28, 19.95, -1.96],
							"rotation": [0, 0, -52.5],
							"uv": {
								"north": {"uv": [71.97802, 7.79886], "uv_size": [29.71069, 29.04974]},
								"east": {"uv": [71.97802, 7.79886], "uv_size": [29.71069, 29.04974]},
								"south": {"uv": [71.97802, 7.79886], "uv_size": [29.71069, 29.04974]},
								"west": {"uv": [71.97802, 7.79886], "uv_size": [29.71069, 29.04974]},
								"up": {"uv": [101.68871, 36.8486], "uv_size": [-29.71069, -29.04974]},
								"down": {"uv": [101.68871, 36.8486], "uv_size": [-29.71069, -29.04974]}
							}
						},
						{
							"origin": [-0.64036, 32.0082, -3.11277],
							"size": [2.66112, 2.16216, 0.70578],
							"pivot": [-28, 19.95, -1.96],
							"rotation": [0, 0, -75],
							"uv": {
								"north": {"uv": [71.97802, 7.79886], "uv_size": [29.71069, 29.04974]},
								"east": {"uv": [71.97802, 7.79886], "uv_size": [29.71069, 29.04974]},
								"south": {"uv": [71.97802, 7.79886], "uv_size": [29.71069, 29.04974]},
								"west": {"uv": [71.97802, 7.79886], "uv_size": [29.71069, 29.04974]},
								"up": {"uv": [101.68871, 36.8486], "uv_size": [-29.71069, -29.04974]},
								"down": {"uv": [101.68871, 36.8486], "uv_size": [-29.71069, -29.04974]}
							}
						}
					]
				},
				{
					"name": "bone14",
					"parent": "head",
					"pivot": [-25, 12, 2],
					"rotation": [2.49549, -4.61334, 53.19773]
				},
				{
					"name": "bone15",
					"parent": "bone14",
					"pivot": [-25.05, 12, 1.97],
					"cubes": [
						{
							"origin": [-29.059, 45.165, -2.851],
							"size": [3.168, 2.574, 2.97],
							"uv": {
								"north": {"uv": [71.97802, 7.79886], "uv_size": [29.71069, 29.04974]},
								"east": {"uv": [71.97802, 7.79886], "uv_size": [29.71069, 29.04974]},
								"south": {"uv": [71.97802, 7.79886], "uv_size": [29.71069, 29.04974]},
								"west": {"uv": [71.97802, 7.79886], "uv_size": [29.71069, 29.04974]},
								"up": {"uv": [101.68871, 36.8486], "uv_size": [-29.71069, -29.04974]},
								"down": {"uv": [101.68871, 36.8486], "uv_size": [-29.71069, -29.04974]}
							}
						},
						{
							"origin": [-10.249, 42.195, -2.851],
							"size": [3.168, 2.574, 2.97],
							"pivot": [-25, 12, 2],
							"rotation": [0, 0, -32.5],
							"uv": {
								"north": {"uv": [71.97802, 7.79886], "uv_size": [29.71069, 29.04974]},
								"east": {"uv": [71.97802, 7.79886], "uv_size": [29.71069, 29.04974]},
								"south": {"uv": [71.97802, 7.79886], "uv_size": [29.71069, 29.04974]},
								"west": {"uv": [71.97802, 7.79886], "uv_size": [29.71069, 29.04974]},
								"up": {"uv": [101.68871, 36.8486], "uv_size": [-29.71069, -29.04974]},
								"down": {"uv": [101.68871, 36.8486], "uv_size": [-29.71069, -29.04974]}
							}
						},
						{
							"origin": [-0.349, 36.255, -2.851],
							"size": [3.168, 2.574, 2.97],
							"pivot": [-25, 12, 2],
							"rotation": [0, 0, -52.5],
							"uv": {
								"north": {"uv": [71.97802, 7.79886], "uv_size": [29.71069, 29.04974]},
								"east": {"uv": [71.97802, 7.79886], "uv_size": [29.71069, 29.04974]},
								"south": {"uv": [71.97802, 7.79886], "uv_size": [29.71069, 29.04974]},
								"west": {"uv": [71.97802, 7.79886], "uv_size": [29.71069, 29.04974]},
								"up": {"uv": [101.68871, 36.8486], "uv_size": [-29.71069, -29.04974]},
								"down": {"uv": [101.68871, 36.8486], "uv_size": [-29.71069, -29.04974]}
							}
						},
						{
							"origin": [7.571, 26.355, -2.851],
							"size": [3.168, 2.574, 2.97],
							"pivot": [-25, 12, 2],
							"rotation": [0, 0, -75],
							"uv": {
								"north": {"uv": [71.97802, 7.79886], "uv_size": [29.71069, 29.04974]},
								"east": {"uv": [71.97802, 7.79886], "uv_size": [29.71069, 29.04974]},
								"south": {"uv": [71.97802, 7.79886], "uv_size": [29.71069, 29.04974]},
								"west": {"uv": [71.97802, 7.79886], "uv_size": [29.71069, 29.04974]},
								"up": {"uv": [101.68871, 36.8486], "uv_size": [-29.71069, -29.04974]},
								"down": {"uv": [101.68871, 36.8486], "uv_size": [-29.71069, -29.04974]}
							}
						}
					]
				},
				{
					"name": "bone16",
					"parent": "bone14",
					"pivot": [-25.05, 16.95, 0.98],
					"cubes": [
						{
							"origin": [-28.40956, 44.8086, -0.14277],
							"size": [2.66112, 2.16216, 0.70578],
							"uv": {
								"north": {"uv": [71.97802, 7.79886], "uv_size": [29.71069, 29.04974]},
								"east": {"uv": [71.97802, 7.79886], "uv_size": [29.71069, 29.04974]},
								"south": {"uv": [71.97802, 7.79886], "uv_size": [29.71069, 29.04974]},
								"west": {"uv": [71.97802, 7.79886], "uv_size": [29.71069, 29.04974]},
								"up": {"uv": [101.68871, 36.8486], "uv_size": [-29.71069, -29.04974]},
								"down": {"uv": [101.68871, 36.8486], "uv_size": [-29.71069, -29.04974]}
							}
						},
						{
							"origin": [-12.60916, 42.3138, -0.14277],
							"size": [2.66112, 2.16216, 0.70578],
							"pivot": [-25, 16.95, 1.01],
							"rotation": [0, 0, -32.5],
							"uv": {
								"north": {"uv": [71.97802, 7.79886], "uv_size": [29.71069, 29.04974]},
								"east": {"uv": [71.97802, 7.79886], "uv_size": [29.71069, 29.04974]},
								"south": {"uv": [71.97802, 7.79886], "uv_size": [29.71069, 29.04974]},
								"west": {"uv": [71.97802, 7.79886], "uv_size": [29.71069, 29.04974]},
								"up": {"uv": [101.68871, 36.8486], "uv_size": [-29.71069, -29.04974]},
								"down": {"uv": [101.68871, 36.8486], "uv_size": [-29.71069, -29.04974]}
							}
						},
						{
							"origin": [-4.29316, 37.3242, -0.14277],
							"size": [2.66112, 2.16216, 0.70578],
							"pivot": [-25, 16.95, 1.01],
							"rotation": [0, 0, -52.5],
							"uv": {
								"north": {"uv": [71.97802, 7.79886], "uv_size": [29.71069, 29.04974]},
								"east": {"uv": [71.97802, 7.79886], "uv_size": [29.71069, 29.04974]},
								"south": {"uv": [71.97802, 7.79886], "uv_size": [29.71069, 29.04974]},
								"west": {"uv": [71.97802, 7.79886], "uv_size": [29.71069, 29.04974]},
								"up": {"uv": [101.68871, 36.8486], "uv_size": [-29.71069, -29.04974]},
								"down": {"uv": [101.68871, 36.8486], "uv_size": [-29.71069, -29.04974]}
							}
						},
						{
							"origin": [2.35964, 29.0082, -0.14277],
							"size": [2.66112, 2.16216, 0.70578],
							"pivot": [-25, 16.95, 1.01],
							"rotation": [0, 0, -75],
							"uv": {
								"north": {"uv": [71.97802, 7.79886], "uv_size": [29.71069, 29.04974]},
								"east": {"uv": [71.97802, 7.79886], "uv_size": [29.71069, 29.04974]},
								"south": {"uv": [71.97802, 7.79886], "uv_size": [29.71069, 29.04974]},
								"west": {"uv": [71.97802, 7.79886], "uv_size": [29.71069, 29.04974]},
								"up": {"uv": [101.68871, 36.8486], "uv_size": [-29.71069, -29.04974]},
								"down": {"uv": [101.68871, 36.8486], "uv_size": [-29.71069, -29.04974]}
							}
						}
					]
				},
				{
					"name": "bone17",
					"parent": "bone14",
					"pivot": [-25.05, 16.95, -1.99],
					"cubes": [
						{
							"origin": [-28.40956, 44.8086, -3.11277],
							"size": [2.66112, 2.16216, 0.70578],
							"uv": {
								"north": {"uv": [71.97802, 7.79886], "uv_size": [29.71069, 29.04974]},
								"east": {"uv": [71.97802, 7.79886], "uv_size": [29.71069, 29.04974]},
								"south": {"uv": [71.97802, 7.79886], "uv_size": [29.71069, 29.04974]},
								"west": {"uv": [71.97802, 7.79886], "uv_size": [29.71069, 29.04974]},
								"up": {"uv": [101.68871, 36.8486], "uv_size": [-29.71069, -29.04974]},
								"down": {"uv": [101.68871, 36.8486], "uv_size": [-29.71069, -29.04974]}
							}
						},
						{
							"origin": [-12.60916, 42.3138, -3.11277],
							"size": [2.66112, 2.16216, 0.70578],
							"pivot": [-25, 16.95, -1.96],
							"rotation": [0, 0, -32.5],
							"uv": {
								"north": {"uv": [71.97802, 7.79886], "uv_size": [29.71069, 29.04974]},
								"east": {"uv": [71.97802, 7.79886], "uv_size": [29.71069, 29.04974]},
								"south": {"uv": [71.97802, 7.79886], "uv_size": [29.71069, 29.04974]},
								"west": {"uv": [71.97802, 7.79886], "uv_size": [29.71069, 29.04974]},
								"up": {"uv": [101.68871, 36.8486], "uv_size": [-29.71069, -29.04974]},
								"down": {"uv": [101.68871, 36.8486], "uv_size": [-29.71069, -29.04974]}
							}
						},
						{
							"origin": [-4.29316, 37.3242, -3.11277],
							"size": [2.66112, 2.16216, 0.70578],
							"pivot": [-25, 16.95, -1.96],
							"rotation": [0, 0, -52.5],
							"uv": {
								"north": {"uv": [71.97802, 7.79886], "uv_size": [29.71069, 29.04974]},
								"east": {"uv": [71.97802, 7.79886], "uv_size": [29.71069, 29.04974]},
								"south": {"uv": [71.97802, 7.79886], "uv_size": [29.71069, 29.04974]},
								"west": {"uv": [71.97802, 7.79886], "uv_size": [29.71069, 29.04974]},
								"up": {"uv": [101.68871, 36.8486], "uv_size": [-29.71069, -29.04974]},
								"down": {"uv": [101.68871, 36.8486], "uv_size": [-29.71069, -29.04974]}
							}
						},
						{
							"origin": [2.35964, 29.0082, -3.11277],
							"size": [2.66112, 2.16216, 0.70578],
							"pivot": [-25, 16.95, -1.96],
							"rotation": [0, 0, -75],
							"uv": {
								"north": {"uv": [71.97802, 7.79886], "uv_size": [29.71069, 29.04974]},
								"east": {"uv": [71.97802, 7.79886], "uv_size": [29.71069, 29.04974]},
								"south": {"uv": [71.97802, 7.79886], "uv_size": [29.71069, 29.04974]},
								"west": {"uv": [71.97802, 7.79886], "uv_size": [29.71069, 29.04974]},
								"up": {"uv": [101.68871, 36.8486], "uv_size": [-29.71069, -29.04974]},
								"down": {"uv": [101.68871, 36.8486], "uv_size": [-29.71069, -29.04974]}
							}
						}
					]
				},
				{
					"name": "bone18",
					"parent": "head",
					"pivot": [-25, 12, 2],
					"rotation": [2.49549, -4.61334, 53.19773]
				},
				{
					"name": "bone19",
					"parent": "bone18",
					"pivot": [-25.05, 12, 1.97],
					"cubes": [
						{
							"origin": [-29.059, 45.165, -2.851],
							"size": [3.168, 2.574, 2.97],
							"uv": {
								"north": {"uv": [71.97802, 7.79886], "uv_size": [29.71069, 29.04974]},
								"east": {"uv": [71.97802, 7.79886], "uv_size": [29.71069, 29.04974]},
								"south": {"uv": [71.97802, 7.79886], "uv_size": [29.71069, 29.04974]},
								"west": {"uv": [71.97802, 7.79886], "uv_size": [29.71069, 29.04974]},
								"up": {"uv": [101.68871, 36.8486], "uv_size": [-29.71069, -29.04974]},
								"down": {"uv": [101.68871, 36.8486], "uv_size": [-29.71069, -29.04974]}
							}
						},
						{
							"origin": [-10.249, 42.195, -2.851],
							"size": [3.168, 2.574, 2.97],
							"pivot": [-25, 12, 2],
							"rotation": [0, 0, -32.5],
							"uv": {
								"north": {"uv": [71.97802, 7.79886], "uv_size": [29.71069, 29.04974]},
								"east": {"uv": [71.97802, 7.79886], "uv_size": [29.71069, 29.04974]},
								"south": {"uv": [71.97802, 7.79886], "uv_size": [29.71069, 29.04974]},
								"west": {"uv": [71.97802, 7.79886], "uv_size": [29.71069, 29.04974]},
								"up": {"uv": [101.68871, 36.8486], "uv_size": [-29.71069, -29.04974]},
								"down": {"uv": [101.68871, 36.8486], "uv_size": [-29.71069, -29.04974]}
							}
						},
						{
							"origin": [-0.349, 36.255, -2.851],
							"size": [3.168, 2.574, 2.97],
							"pivot": [-25, 12, 2],
							"rotation": [0, 0, -52.5],
							"uv": {
								"north": {"uv": [71.97802, 7.79886], "uv_size": [29.71069, 29.04974]},
								"east": {"uv": [71.97802, 7.79886], "uv_size": [29.71069, 29.04974]},
								"south": {"uv": [71.97802, 7.79886], "uv_size": [29.71069, 29.04974]},
								"west": {"uv": [71.97802, 7.79886], "uv_size": [29.71069, 29.04974]},
								"up": {"uv": [101.68871, 36.8486], "uv_size": [-29.71069, -29.04974]},
								"down": {"uv": [101.68871, 36.8486], "uv_size": [-29.71069, -29.04974]}
							}
						},
						{
							"origin": [7.571, 26.355, -2.851],
							"size": [3.168, 2.574, 2.97],
							"pivot": [-25, 12, 2],
							"rotation": [0, 0, -75],
							"uv": {
								"north": {"uv": [71.97802, 7.79886], "uv_size": [29.71069, 29.04974]},
								"east": {"uv": [71.97802, 7.79886], "uv_size": [29.71069, 29.04974]},
								"south": {"uv": [71.97802, 7.79886], "uv_size": [29.71069, 29.04974]},
								"west": {"uv": [71.97802, 7.79886], "uv_size": [29.71069, 29.04974]},
								"up": {"uv": [101.68871, 36.8486], "uv_size": [-29.71069, -29.04974]},
								"down": {"uv": [101.68871, 36.8486], "uv_size": [-29.71069, -29.04974]}
							}
						}
					]
				},
				{
					"name": "bone20",
					"parent": "bone18",
					"pivot": [-25.05, 16.95, 0.98],
					"cubes": [
						{
							"origin": [-28.40956, 44.8086, -0.14277],
							"size": [2.66112, 2.16216, 0.70578],
							"uv": {
								"north": {"uv": [71.97802, 7.79886], "uv_size": [29.71069, 29.04974]},
								"east": {"uv": [71.97802, 7.79886], "uv_size": [29.71069, 29.04974]},
								"south": {"uv": [71.97802, 7.79886], "uv_size": [29.71069, 29.04974]},
								"west": {"uv": [71.97802, 7.79886], "uv_size": [29.71069, 29.04974]},
								"up": {"uv": [101.68871, 36.8486], "uv_size": [-29.71069, -29.04974]},
								"down": {"uv": [101.68871, 36.8486], "uv_size": [-29.71069, -29.04974]}
							}
						},
						{
							"origin": [-12.60916, 42.3138, -0.14277],
							"size": [2.66112, 2.16216, 0.70578],
							"pivot": [-25, 16.95, 1.01],
							"rotation": [0, 0, -32.5],
							"uv": {
								"north": {"uv": [71.97802, 7.79886], "uv_size": [29.71069, 29.04974]},
								"east": {"uv": [71.97802, 7.79886], "uv_size": [29.71069, 29.04974]},
								"south": {"uv": [71.97802, 7.79886], "uv_size": [29.71069, 29.04974]},
								"west": {"uv": [71.97802, 7.79886], "uv_size": [29.71069, 29.04974]},
								"up": {"uv": [101.68871, 36.8486], "uv_size": [-29.71069, -29.04974]},
								"down": {"uv": [101.68871, 36.8486], "uv_size": [-29.71069, -29.04974]}
							}
						},
						{
							"origin": [-4.29316, 37.3242, -0.14277],
							"size": [2.66112, 2.16216, 0.70578],
							"pivot": [-25, 16.95, 1.01],
							"rotation": [0, 0, -52.5],
							"uv": {
								"north": {"uv": [71.97802, 7.79886], "uv_size": [29.71069, 29.04974]},
								"east": {"uv": [71.97802, 7.79886], "uv_size": [29.71069, 29.04974]},
								"south": {"uv": [71.97802, 7.79886], "uv_size": [29.71069, 29.04974]},
								"west": {"uv": [71.97802, 7.79886], "uv_size": [29.71069, 29.04974]},
								"up": {"uv": [101.68871, 36.8486], "uv_size": [-29.71069, -29.04974]},
								"down": {"uv": [101.68871, 36.8486], "uv_size": [-29.71069, -29.04974]}
							}
						},
						{
							"origin": [2.35964, 29.0082, -0.14277],
							"size": [2.66112, 2.16216, 0.70578],
							"pivot": [-25, 16.95, 1.01],
							"rotation": [0, 0, -75],
							"uv": {
								"north": {"uv": [71.97802, 7.79886], "uv_size": [29.71069, 29.04974]},
								"east": {"uv": [71.97802, 7.79886], "uv_size": [29.71069, 29.04974]},
								"south": {"uv": [71.97802, 7.79886], "uv_size": [29.71069, 29.04974]},
								"west": {"uv": [71.97802, 7.79886], "uv_size": [29.71069, 29.04974]},
								"up": {"uv": [101.68871, 36.8486], "uv_size": [-29.71069, -29.04974]},
								"down": {"uv": [101.68871, 36.8486], "uv_size": [-29.71069, -29.04974]}
							}
						}
					]
				},
				{
					"name": "bone21",
					"parent": "bone18",
					"pivot": [-25.05, 16.95, -1.99],
					"cubes": [
						{
							"origin": [-28.40956, 44.8086, -3.11277],
							"size": [2.66112, 2.16216, 0.70578],
							"uv": {
								"north": {"uv": [71.97802, 7.79886], "uv_size": [29.71069, 29.04974]},
								"east": {"uv": [71.97802, 7.79886], "uv_size": [29.71069, 29.04974]},
								"south": {"uv": [71.97802, 7.79886], "uv_size": [29.71069, 29.04974]},
								"west": {"uv": [71.97802, 7.79886], "uv_size": [29.71069, 29.04974]},
								"up": {"uv": [101.68871, 36.8486], "uv_size": [-29.71069, -29.04974]},
								"down": {"uv": [101.68871, 36.8486], "uv_size": [-29.71069, -29.04974]}
							}
						},
						{
							"origin": [-12.60916, 42.3138, -3.11277],
							"size": [2.66112, 2.16216, 0.70578],
							"pivot": [-25, 16.95, -1.96],
							"rotation": [0, 0, -32.5],
							"uv": {
								"north": {"uv": [71.97802, 7.79886], "uv_size": [29.71069, 29.04974]},
								"east": {"uv": [71.97802, 7.79886], "uv_size": [29.71069, 29.04974]},
								"south": {"uv": [71.97802, 7.79886], "uv_size": [29.71069, 29.04974]},
								"west": {"uv": [71.97802, 7.79886], "uv_size": [29.71069, 29.04974]},
								"up": {"uv": [101.68871, 36.8486], "uv_size": [-29.71069, -29.04974]},
								"down": {"uv": [101.68871, 36.8486], "uv_size": [-29.71069, -29.04974]}
							}
						},
						{
							"origin": [-4.29316, 37.3242, -3.11277],
							"size": [2.66112, 2.16216, 0.70578],
							"pivot": [-25, 16.95, -1.96],
							"rotation": [0, 0, -52.5],
							"uv": {
								"north": {"uv": [71.97802, 7.79886], "uv_size": [29.71069, 29.04974]},
								"east": {"uv": [71.97802, 7.79886], "uv_size": [29.71069, 29.04974]},
								"south": {"uv": [71.97802, 7.79886], "uv_size": [29.71069, 29.04974]},
								"west": {"uv": [71.97802, 7.79886], "uv_size": [29.71069, 29.04974]},
								"up": {"uv": [101.68871, 36.8486], "uv_size": [-29.71069, -29.04974]},
								"down": {"uv": [101.68871, 36.8486], "uv_size": [-29.71069, -29.04974]}
							}
						},
						{
							"origin": [2.35964, 29.0082, -3.11277],
							"size": [2.66112, 2.16216, 0.70578],
							"pivot": [-25, 16.95, -1.96],
							"rotation": [0, 0, -75],
							"uv": {
								"north": {"uv": [71.97802, 7.79886], "uv_size": [29.71069, 29.04974]},
								"east": {"uv": [71.97802, 7.79886], "uv_size": [29.71069, 29.04974]},
								"south": {"uv": [71.97802, 7.79886], "uv_size": [29.71069, 29.04974]},
								"west": {"uv": [71.97802, 7.79886], "uv_size": [29.71069, 29.04974]},
								"up": {"uv": [101.68871, 36.8486], "uv_size": [-29.71069, -29.04974]},
								"down": {"uv": [101.68871, 36.8486], "uv_size": [-29.71069, -29.04974]}
							}
						}
					]
				},
				{
					"name": "bone22",
					"parent": "head",
					"pivot": [25, 9, 2],
					"rotation": [2.49549, 4.61334, -53.19773]
				},
				{
					"name": "bone23",
					"parent": "bone22",
					"pivot": [25.05, 9, 1.97],
					"cubes": [
						{
							"origin": [25.891, 42.165, -2.851],
							"size": [3.168, 2.574, 2.97],
							"uv": {
								"north": {"uv": [101.68871, 7.79886], "uv_size": [-29.71069, 29.04974]},
								"east": {"uv": [101.68871, 7.79886], "uv_size": [-29.71069, 29.04974]},
								"south": {"uv": [101.68871, 7.79886], "uv_size": [-29.71069, 29.04974]},
								"west": {"uv": [101.68871, 7.79886], "uv_size": [-29.71069, 29.04974]},
								"up": {"uv": [71.97802, 36.8486], "uv_size": [29.71069, -29.04974]},
								"down": {"uv": [71.97802, 36.8486], "uv_size": [29.71069, -29.04974]}
							}
						},
						{
							"origin": [7.081, 39.195, -2.851],
							"size": [3.168, 2.574, 2.97],
							"pivot": [25, 9, 2],
							"rotation": [0, 0, 32.5],
							"uv": {
								"north": {"uv": [101.68871, 7.79886], "uv_size": [-29.71069, 29.04974]},
								"east": {"uv": [101.68871, 7.79886], "uv_size": [-29.71069, 29.04974]},
								"south": {"uv": [101.68871, 7.79886], "uv_size": [-29.71069, 29.04974]},
								"west": {"uv": [101.68871, 7.79886], "uv_size": [-29.71069, 29.04974]},
								"up": {"uv": [71.97802, 36.8486], "uv_size": [29.71069, -29.04974]},
								"down": {"uv": [71.97802, 36.8486], "uv_size": [29.71069, -29.04974]}
							}
						},
						{
							"origin": [-2.819, 33.255, -2.851],
							"size": [3.168, 2.574, 2.97],
							"pivot": [25, 9, 2],
							"rotation": [0, 0, 52.5],
							"uv": {
								"north": {"uv": [101.68871, 7.79886], "uv_size": [-29.71069, 29.04974]},
								"east": {"uv": [101.68871, 7.79886], "uv_size": [-29.71069, 29.04974]},
								"south": {"uv": [101.68871, 7.79886], "uv_size": [-29.71069, 29.04974]},
								"west": {"uv": [101.68871, 7.79886], "uv_size": [-29.71069, 29.04974]},
								"up": {"uv": [71.97802, 36.8486], "uv_size": [29.71069, -29.04974]},
								"down": {"uv": [71.97802, 36.8486], "uv_size": [29.71069, -29.04974]}
							}
						},
						{
							"origin": [-10.739, 23.355, -2.851],
							"size": [3.168, 2.574, 2.97],
							"pivot": [25, 9, 2],
							"rotation": [0, 0, 75],
							"uv": {
								"north": {"uv": [101.68871, 7.79886], "uv_size": [-29.71069, 29.04974]},
								"east": {"uv": [101.68871, 7.79886], "uv_size": [-29.71069, 29.04974]},
								"south": {"uv": [101.68871, 7.79886], "uv_size": [-29.71069, 29.04974]},
								"west": {"uv": [101.68871, 7.79886], "uv_size": [-29.71069, 29.04974]},
								"up": {"uv": [71.97802, 36.8486], "uv_size": [29.71069, -29.04974]},
								"down": {"uv": [71.97802, 36.8486], "uv_size": [29.71069, -29.04974]}
							}
						}
					]
				},
				{
					"name": "bone24",
					"parent": "bone22",
					"pivot": [25.05, 13.95, 0.98],
					"cubes": [
						{
							"origin": [25.74844, 41.8086, -0.14277],
							"size": [2.66112, 2.16216, 0.70578],
							"uv": {
								"north": {"uv": [101.68871, 7.79886], "uv_size": [-29.71069, 29.04974]},
								"east": {"uv": [101.68871, 7.79886], "uv_size": [-29.71069, 29.04974]},
								"south": {"uv": [101.68871, 7.79886], "uv_size": [-29.71069, 29.04974]},
								"west": {"uv": [101.68871, 7.79886], "uv_size": [-29.71069, 29.04974]},
								"up": {"uv": [71.97802, 36.8486], "uv_size": [29.71069, -29.04974]},
								"down": {"uv": [71.97802, 36.8486], "uv_size": [29.71069, -29.04974]}
							}
						},
						{
							"origin": [9.94804, 39.3138, -0.14277],
							"size": [2.66112, 2.16216, 0.70578],
							"pivot": [25, 13.95, 1.01],
							"rotation": [0, 0, 32.5],
							"uv": {
								"north": {"uv": [101.68871, 7.79886], "uv_size": [-29.71069, 29.04974]},
								"east": {"uv": [101.68871, 7.79886], "uv_size": [-29.71069, 29.04974]},
								"south": {"uv": [101.68871, 7.79886], "uv_size": [-29.71069, 29.04974]},
								"west": {"uv": [101.68871, 7.79886], "uv_size": [-29.71069, 29.04974]},
								"up": {"uv": [71.97802, 36.8486], "uv_size": [29.71069, -29.04974]},
								"down": {"uv": [71.97802, 36.8486], "uv_size": [29.71069, -29.04974]}
							}
						},
						{
							"origin": [1.63204, 34.3242, -0.14277],
							"size": [2.66112, 2.16216, 0.70578],
							"pivot": [25, 13.95, 1.01],
							"rotation": [0, 0, 52.5],
							"uv": {
								"north": {"uv": [101.68871, 7.79886], "uv_size": [-29.71069, 29.04974]},
								"east": {"uv": [101.68871, 7.79886], "uv_size": [-29.71069, 29.04974]},
								"south": {"uv": [101.68871, 7.79886], "uv_size": [-29.71069, 29.04974]},
								"west": {"uv": [101.68871, 7.79886], "uv_size": [-29.71069, 29.04974]},
								"up": {"uv": [71.97802, 36.8486], "uv_size": [29.71069, -29.04974]},
								"down": {"uv": [71.97802, 36.8486], "uv_size": [29.71069, -29.04974]}
							}
						},
						{
							"origin": [-5.02076, 26.0082, -0.14277],
							"size": [2.66112, 2.16216, 0.70578],
							"pivot": [25, 13.95, 1.01],
							"rotation": [0, 0, 75],
							"uv": {
								"north": {"uv": [101.68871, 7.79886], "uv_size": [-29.71069, 29.04974]},
								"east": {"uv": [101.68871, 7.79886], "uv_size": [-29.71069, 29.04974]},
								"south": {"uv": [101.68871, 7.79886], "uv_size": [-29.71069, 29.04974]},
								"west": {"uv": [101.68871, 7.79886], "uv_size": [-29.71069, 29.04974]},
								"up": {"uv": [71.97802, 36.8486], "uv_size": [29.71069, -29.04974]},
								"down": {"uv": [71.97802, 36.8486], "uv_size": [29.71069, -29.04974]}
							}
						}
					]
				},
				{
					"name": "bone25",
					"parent": "bone22",
					"pivot": [25.05, 13.95, -1.99],
					"cubes": [
						{
							"origin": [25.74844, 41.8086, -3.11277],
							"size": [2.66112, 2.16216, 0.70578],
							"uv": {
								"north": {"uv": [101.68871, 7.79886], "uv_size": [-29.71069, 29.04974]},
								"east": {"uv": [101.68871, 7.79886], "uv_size": [-29.71069, 29.04974]},
								"south": {"uv": [101.68871, 7.79886], "uv_size": [-29.71069, 29.04974]},
								"west": {"uv": [101.68871, 7.79886], "uv_size": [-29.71069, 29.04974]},
								"up": {"uv": [71.97802, 36.8486], "uv_size": [29.71069, -29.04974]},
								"down": {"uv": [71.97802, 36.8486], "uv_size": [29.71069, -29.04974]}
							}
						},
						{
							"origin": [9.94804, 39.3138, -3.11277],
							"size": [2.66112, 2.16216, 0.70578],
							"pivot": [25, 13.95, -1.96],
							"rotation": [0, 0, 32.5],
							"uv": {
								"north": {"uv": [101.68871, 7.79886], "uv_size": [-29.71069, 29.04974]},
								"east": {"uv": [101.68871, 7.79886], "uv_size": [-29.71069, 29.04974]},
								"south": {"uv": [101.68871, 7.79886], "uv_size": [-29.71069, 29.04974]},
								"west": {"uv": [101.68871, 7.79886], "uv_size": [-29.71069, 29.04974]},
								"up": {"uv": [71.97802, 36.8486], "uv_size": [29.71069, -29.04974]},
								"down": {"uv": [71.97802, 36.8486], "uv_size": [29.71069, -29.04974]}
							}
						},
						{
							"origin": [1.63204, 34.3242, -3.11277],
							"size": [2.66112, 2.16216, 0.70578],
							"pivot": [25, 13.95, -1.96],
							"rotation": [0, 0, 52.5],
							"uv": {
								"north": {"uv": [101.68871, 7.79886], "uv_size": [-29.71069, 29.04974]},
								"east": {"uv": [101.68871, 7.79886], "uv_size": [-29.71069, 29.04974]},
								"south": {"uv": [101.68871, 7.79886], "uv_size": [-29.71069, 29.04974]},
								"west": {"uv": [101.68871, 7.79886], "uv_size": [-29.71069, 29.04974]},
								"up": {"uv": [71.97802, 36.8486], "uv_size": [29.71069, -29.04974]},
								"down": {"uv": [71.97802, 36.8486], "uv_size": [29.71069, -29.04974]}
							}
						},
						{
							"origin": [-5.02076, 26.0082, -3.11277],
							"size": [2.66112, 2.16216, 0.70578],
							"pivot": [25, 13.95, -1.96],
							"rotation": [0, 0, 75],
							"uv": {
								"north": {"uv": [101.68871, 7.79886], "uv_size": [-29.71069, 29.04974]},
								"east": {"uv": [101.68871, 7.79886], "uv_size": [-29.71069, 29.04974]},
								"south": {"uv": [101.68871, 7.79886], "uv_size": [-29.71069, 29.04974]},
								"west": {"uv": [101.68871, 7.79886], "uv_size": [-29.71069, 29.04974]},
								"up": {"uv": [71.97802, 36.8486], "uv_size": [29.71069, -29.04974]},
								"down": {"uv": [71.97802, 36.8486], "uv_size": [29.71069, -29.04974]}
							}
						}
					]
				},
				{
					"name": "bone26",
					"parent": "head",
					"pivot": [23, 8, 2],
					"rotation": [2.49549, 4.61334, -53.19773]
				},
				{
					"name": "bone27",
					"parent": "bone26",
					"pivot": [23.05, 8, 1.97],
					"cubes": [
						{
							"origin": [23.891, 41.165, -2.851],
							"size": [3.168, 2.574, 2.97],
							"uv": {
								"north": {"uv": [101.68871, 7.79886], "uv_size": [-29.71069, 29.04974]},
								"east": {"uv": [101.68871, 7.79886], "uv_size": [-29.71069, 29.04974]},
								"south": {"uv": [101.68871, 7.79886], "uv_size": [-29.71069, 29.04974]},
								"west": {"uv": [101.68871, 7.79886], "uv_size": [-29.71069, 29.04974]},
								"up": {"uv": [71.97802, 36.8486], "uv_size": [29.71069, -29.04974]},
								"down": {"uv": [71.97802, 36.8486], "uv_size": [29.71069, -29.04974]}
							}
						},
						{
							"origin": [5.081, 38.195, -2.851],
							"size": [3.168, 2.574, 2.97],
							"pivot": [23, 8, 2],
							"rotation": [0, 0, 32.5],
							"uv": {
								"north": {"uv": [101.68871, 7.79886], "uv_size": [-29.71069, 29.04974]},
								"east": {"uv": [101.68871, 7.79886], "uv_size": [-29.71069, 29.04974]},
								"south": {"uv": [101.68871, 7.79886], "uv_size": [-29.71069, 29.04974]},
								"west": {"uv": [101.68871, 7.79886], "uv_size": [-29.71069, 29.04974]},
								"up": {"uv": [71.97802, 36.8486], "uv_size": [29.71069, -29.04974]},
								"down": {"uv": [71.97802, 36.8486], "uv_size": [29.71069, -29.04974]}
							}
						},
						{
							"origin": [-4.819, 32.255, -2.851],
							"size": [3.168, 2.574, 2.97],
							"pivot": [23, 8, 2],
							"rotation": [0, 0, 52.5],
							"uv": {
								"north": {"uv": [101.68871, 7.79886], "uv_size": [-29.71069, 29.04974]},
								"east": {"uv": [101.68871, 7.79886], "uv_size": [-29.71069, 29.04974]},
								"south": {"uv": [101.68871, 7.79886], "uv_size": [-29.71069, 29.04974]},
								"west": {"uv": [101.68871, 7.79886], "uv_size": [-29.71069, 29.04974]},
								"up": {"uv": [71.97802, 36.8486], "uv_size": [29.71069, -29.04974]},
								"down": {"uv": [71.97802, 36.8486], "uv_size": [29.71069, -29.04974]}
							}
						},
						{
							"origin": [-12.739, 22.355, -2.851],
							"size": [3.168, 2.574, 2.97],
							"pivot": [23, 8, 2],
							"rotation": [0, 0, 75],
							"uv": {
								"north": {"uv": [101.68871, 7.79886], "uv_size": [-29.71069, 29.04974]},
								"east": {"uv": [101.68871, 7.79886], "uv_size": [-29.71069, 29.04974]},
								"south": {"uv": [101.68871, 7.79886], "uv_size": [-29.71069, 29.04974]},
								"west": {"uv": [101.68871, 7.79886], "uv_size": [-29.71069, 29.04974]},
								"up": {"uv": [71.97802, 36.8486], "uv_size": [29.71069, -29.04974]},
								"down": {"uv": [71.97802, 36.8486], "uv_size": [29.71069, -29.04974]}
							}
						}
					]
				},
				{
					"name": "bone28",
					"parent": "bone26",
					"pivot": [23.05, 12.95, 0.98],
					"cubes": [
						{
							"origin": [23.74844, 40.8086, -0.14277],
							"size": [2.66112, 2.16216, 0.70578],
							"uv": {
								"north": {"uv": [101.68871, 7.79886], "uv_size": [-29.71069, 29.04974]},
								"east": {"uv": [101.68871, 7.79886], "uv_size": [-29.71069, 29.04974]},
								"south": {"uv": [101.68871, 7.79886], "uv_size": [-29.71069, 29.04974]},
								"west": {"uv": [101.68871, 7.79886], "uv_size": [-29.71069, 29.04974]},
								"up": {"uv": [71.97802, 36.8486], "uv_size": [29.71069, -29.04974]},
								"down": {"uv": [71.97802, 36.8486], "uv_size": [29.71069, -29.04974]}
							}
						},
						{
							"origin": [7.94804, 38.3138, -0.14277],
							"size": [2.66112, 2.16216, 0.70578],
							"pivot": [23, 12.95, 1.01],
							"rotation": [0, 0, 32.5],
							"uv": {
								"north": {"uv": [101.68871, 7.79886], "uv_size": [-29.71069, 29.04974]},
								"east": {"uv": [101.68871, 7.79886], "uv_size": [-29.71069, 29.04974]},
								"south": {"uv": [101.68871, 7.79886], "uv_size": [-29.71069, 29.04974]},
								"west": {"uv": [101.68871, 7.79886], "uv_size": [-29.71069, 29.04974]},
								"up": {"uv": [71.97802, 36.8486], "uv_size": [29.71069, -29.04974]},
								"down": {"uv": [71.97802, 36.8486], "uv_size": [29.71069, -29.04974]}
							}
						},
						{
							"origin": [-0.36796, 33.3242, -0.14277],
							"size": [2.66112, 2.16216, 0.70578],
							"pivot": [23, 12.95, 1.01],
							"rotation": [0, 0, 52.5],
							"uv": {
								"north": {"uv": [101.68871, 7.79886], "uv_size": [-29.71069, 29.04974]},
								"east": {"uv": [101.68871, 7.79886], "uv_size": [-29.71069, 29.04974]},
								"south": {"uv": [101.68871, 7.79886], "uv_size": [-29.71069, 29.04974]},
								"west": {"uv": [101.68871, 7.79886], "uv_size": [-29.71069, 29.04974]},
								"up": {"uv": [71.97802, 36.8486], "uv_size": [29.71069, -29.04974]},
								"down": {"uv": [71.97802, 36.8486], "uv_size": [29.71069, -29.04974]}
							}
						},
						{
							"origin": [-7.02076, 25.0082, -0.14277],
							"size": [2.66112, 2.16216, 0.70578],
							"pivot": [23, 12.95, 1.01],
							"rotation": [0, 0, 75],
							"uv": {
								"north": {"uv": [101.68871, 7.79886], "uv_size": [-29.71069, 29.04974]},
								"east": {"uv": [101.68871, 7.79886], "uv_size": [-29.71069, 29.04974]},
								"south": {"uv": [101.68871, 7.79886], "uv_size": [-29.71069, 29.04974]},
								"west": {"uv": [101.68871, 7.79886], "uv_size": [-29.71069, 29.04974]},
								"up": {"uv": [71.97802, 36.8486], "uv_size": [29.71069, -29.04974]},
								"down": {"uv": [71.97802, 36.8486], "uv_size": [29.71069, -29.04974]}
							}
						}
					]
				},
				{
					"name": "bone29",
					"parent": "bone26",
					"pivot": [23.05, 12.95, -1.99],
					"cubes": [
						{
							"origin": [23.74844, 40.8086, -3.11277],
							"size": [2.66112, 2.16216, 0.70578],
							"uv": {
								"north": {"uv": [101.68871, 7.79886], "uv_size": [-29.71069, 29.04974]},
								"east": {"uv": [101.68871, 7.79886], "uv_size": [-29.71069, 29.04974]},
								"south": {"uv": [101.68871, 7.79886], "uv_size": [-29.71069, 29.04974]},
								"west": {"uv": [101.68871, 7.79886], "uv_size": [-29.71069, 29.04974]},
								"up": {"uv": [71.97802, 36.8486], "uv_size": [29.71069, -29.04974]},
								"down": {"uv": [71.97802, 36.8486], "uv_size": [29.71069, -29.04974]}
							}
						},
						{
							"origin": [7.94804, 38.3138, -3.11277],
							"size": [2.66112, 2.16216, 0.70578],
							"pivot": [23, 12.95, -1.96],
							"rotation": [0, 0, 32.5],
							"uv": {
								"north": {"uv": [101.68871, 7.79886], "uv_size": [-29.71069, 29.04974]},
								"east": {"uv": [101.68871, 7.79886], "uv_size": [-29.71069, 29.04974]},
								"south": {"uv": [101.68871, 7.79886], "uv_size": [-29.71069, 29.04974]},
								"west": {"uv": [101.68871, 7.79886], "uv_size": [-29.71069, 29.04974]},
								"up": {"uv": [71.97802, 36.8486], "uv_size": [29.71069, -29.04974]},
								"down": {"uv": [71.97802, 36.8486], "uv_size": [29.71069, -29.04974]}
							}
						},
						{
							"origin": [-0.36796, 33.3242, -3.11277],
							"size": [2.66112, 2.16216, 0.70578],
							"pivot": [23, 12.95, -1.96],
							"rotation": [0, 0, 52.5],
							"uv": {
								"north": {"uv": [101.68871, 7.79886], "uv_size": [-29.71069, 29.04974]},
								"east": {"uv": [101.68871, 7.79886], "uv_size": [-29.71069, 29.04974]},
								"south": {"uv": [101.68871, 7.79886], "uv_size": [-29.71069, 29.04974]},
								"west": {"uv": [101.68871, 7.79886], "uv_size": [-29.71069, 29.04974]},
								"up": {"uv": [71.97802, 36.8486], "uv_size": [29.71069, -29.04974]},
								"down": {"uv": [71.97802, 36.8486], "uv_size": [29.71069, -29.04974]}
							}
						},
						{
							"origin": [-7.02076, 25.0082, -3.11277],
							"size": [2.66112, 2.16216, 0.70578],
							"pivot": [23, 12.95, -1.96],
							"rotation": [0, 0, 75],
							"uv": {
								"north": {"uv": [101.68871, 7.79886], "uv_size": [-29.71069, 29.04974]},
								"east": {"uv": [101.68871, 7.79886], "uv_size": [-29.71069, 29.04974]},
								"south": {"uv": [101.68871, 7.79886], "uv_size": [-29.71069, 29.04974]},
								"west": {"uv": [101.68871, 7.79886], "uv_size": [-29.71069, 29.04974]},
								"up": {"uv": [71.97802, 36.8486], "uv_size": [29.71069, -29.04974]},
								"down": {"uv": [71.97802, 36.8486], "uv_size": [29.71069, -29.04974]}
							}
						}
					]
				},
				{
					"name": "bone30",
					"parent": "head",
					"pivot": [26, 8, 2],
					"rotation": [2.49549, 4.61334, -53.19773]
				},
				{
					"name": "bone31",
					"parent": "bone30",
					"pivot": [26.05, 8, 1.97],
					"cubes": [
						{
							"origin": [26.891, 41.165, -2.851],
							"size": [3.168, 2.574, 2.97],
							"uv": {
								"north": {"uv": [101.68871, 7.79886], "uv_size": [-29.71069, 29.04974]},
								"east": {"uv": [101.68871, 7.79886], "uv_size": [-29.71069, 29.04974]},
								"south": {"uv": [101.68871, 7.79886], "uv_size": [-29.71069, 29.04974]},
								"west": {"uv": [101.68871, 7.79886], "uv_size": [-29.71069, 29.04974]},
								"up": {"uv": [71.97802, 36.8486], "uv_size": [29.71069, -29.04974]},
								"down": {"uv": [71.97802, 36.8486], "uv_size": [29.71069, -29.04974]}
							}
						},
						{
							"origin": [8.081, 38.195, -2.851],
							"size": [3.168, 2.574, 2.97],
							"pivot": [26, 8, 2],
							"rotation": [0, 0, 32.5],
							"uv": {
								"north": {"uv": [101.68871, 7.79886], "uv_size": [-29.71069, 29.04974]},
								"east": {"uv": [101.68871, 7.79886], "uv_size": [-29.71069, 29.04974]},
								"south": {"uv": [101.68871, 7.79886], "uv_size": [-29.71069, 29.04974]},
								"west": {"uv": [101.68871, 7.79886], "uv_size": [-29.71069, 29.04974]},
								"up": {"uv": [71.97802, 36.8486], "uv_size": [29.71069, -29.04974]},
								"down": {"uv": [71.97802, 36.8486], "uv_size": [29.71069, -29.04974]}
							}
						},
						{
							"origin": [-1.819, 32.255, -2.851],
							"size": [3.168, 2.574, 2.97],
							"pivot": [26, 8, 2],
							"rotation": [0, 0, 52.5],
							"uv": {
								"north": {"uv": [101.68871, 7.79886], "uv_size": [-29.71069, 29.04974]},
								"east": {"uv": [101.68871, 7.79886], "uv_size": [-29.71069, 29.04974]},
								"south": {"uv": [101.68871, 7.79886], "uv_size": [-29.71069, 29.04974]},
								"west": {"uv": [101.68871, 7.79886], "uv_size": [-29.71069, 29.04974]},
								"up": {"uv": [71.97802, 36.8486], "uv_size": [29.71069, -29.04974]},
								"down": {"uv": [71.97802, 36.8486], "uv_size": [29.71069, -29.04974]}
							}
						},
						{
							"origin": [-9.739, 22.355, -2.851],
							"size": [3.168, 2.574, 2.97],
							"pivot": [26, 8, 2],
							"rotation": [0, 0, 75],
							"uv": {
								"north": {"uv": [101.68871, 7.79886], "uv_size": [-29.71069, 29.04974]},
								"east": {"uv": [101.68871, 7.79886], "uv_size": [-29.71069, 29.04974]},
								"south": {"uv": [101.68871, 7.79886], "uv_size": [-29.71069, 29.04974]},
								"west": {"uv": [101.68871, 7.79886], "uv_size": [-29.71069, 29.04974]},
								"up": {"uv": [71.97802, 36.8486], "uv_size": [29.71069, -29.04974]},
								"down": {"uv": [71.97802, 36.8486], "uv_size": [29.71069, -29.04974]}
							}
						}
					]
				},
				{
					"name": "bone32",
					"parent": "bone30",
					"pivot": [26.05, 12.95, 0.98],
					"cubes": [
						{
							"origin": [26.74844, 40.8086, -0.14277],
							"size": [2.66112, 2.16216, 0.70578],
							"uv": {
								"north": {"uv": [101.68871, 7.79886], "uv_size": [-29.71069, 29.04974]},
								"east": {"uv": [101.68871, 7.79886], "uv_size": [-29.71069, 29.04974]},
								"south": {"uv": [101.68871, 7.79886], "uv_size": [-29.71069, 29.04974]},
								"west": {"uv": [101.68871, 7.79886], "uv_size": [-29.71069, 29.04974]},
								"up": {"uv": [71.97802, 36.8486], "uv_size": [29.71069, -29.04974]},
								"down": {"uv": [71.97802, 36.8486], "uv_size": [29.71069, -29.04974]}
							}
						},
						{
							"origin": [10.94804, 38.3138, -0.14277],
							"size": [2.66112, 2.16216, 0.70578],
							"pivot": [26, 12.95, 1.01],
							"rotation": [0, 0, 32.5],
							"uv": {
								"north": {"uv": [101.68871, 7.79886], "uv_size": [-29.71069, 29.04974]},
								"east": {"uv": [101.68871, 7.79886], "uv_size": [-29.71069, 29.04974]},
								"south": {"uv": [101.68871, 7.79886], "uv_size": [-29.71069, 29.04974]},
								"west": {"uv": [101.68871, 7.79886], "uv_size": [-29.71069, 29.04974]},
								"up": {"uv": [71.97802, 36.8486], "uv_size": [29.71069, -29.04974]},
								"down": {"uv": [71.97802, 36.8486], "uv_size": [29.71069, -29.04974]}
							}
						},
						{
							"origin": [2.63204, 33.3242, -0.14277],
							"size": [2.66112, 2.16216, 0.70578],
							"pivot": [26, 12.95, 1.01],
							"rotation": [0, 0, 52.5],
							"uv": {
								"north": {"uv": [101.68871, 7.79886], "uv_size": [-29.71069, 29.04974]},
								"east": {"uv": [101.68871, 7.79886], "uv_size": [-29.71069, 29.04974]},
								"south": {"uv": [101.68871, 7.79886], "uv_size": [-29.71069, 29.04974]},
								"west": {"uv": [101.68871, 7.79886], "uv_size": [-29.71069, 29.04974]},
								"up": {"uv": [71.97802, 36.8486], "uv_size": [29.71069, -29.04974]},
								"down": {"uv": [71.97802, 36.8486], "uv_size": [29.71069, -29.04974]}
							}
						},
						{
							"origin": [-4.02076, 25.0082, -0.14277],
							"size": [2.66112, 2.16216, 0.70578],
							"pivot": [26, 12.95, 1.01],
							"rotation": [0, 0, 75],
							"uv": {
								"north": {"uv": [101.68871, 7.79886], "uv_size": [-29.71069, 29.04974]},
								"east": {"uv": [101.68871, 7.79886], "uv_size": [-29.71069, 29.04974]},
								"south": {"uv": [101.68871, 7.79886], "uv_size": [-29.71069, 29.04974]},
								"west": {"uv": [101.68871, 7.79886], "uv_size": [-29.71069, 29.04974]},
								"up": {"uv": [71.97802, 36.8486], "uv_size": [29.71069, -29.04974]},
								"down": {"uv": [71.97802, 36.8486], "uv_size": [29.71069, -29.04974]}
							}
						}
					]
				},
				{
					"name": "bone33",
					"parent": "bone30",
					"pivot": [26.05, 12.95, -1.99],
					"cubes": [
						{
							"origin": [26.74844, 40.8086, -3.11277],
							"size": [2.66112, 2.16216, 0.70578],
							"uv": {
								"north": {"uv": [101.68871, 7.79886], "uv_size": [-29.71069, 29.04974]},
								"east": {"uv": [101.68871, 7.79886], "uv_size": [-29.71069, 29.04974]},
								"south": {"uv": [101.68871, 7.79886], "uv_size": [-29.71069, 29.04974]},
								"west": {"uv": [101.68871, 7.79886], "uv_size": [-29.71069, 29.04974]},
								"up": {"uv": [71.97802, 36.8486], "uv_size": [29.71069, -29.04974]},
								"down": {"uv": [71.97802, 36.8486], "uv_size": [29.71069, -29.04974]}
							}
						},
						{
							"origin": [10.94804, 38.3138, -3.11277],
							"size": [2.66112, 2.16216, 0.70578],
							"pivot": [26, 12.95, -1.96],
							"rotation": [0, 0, 32.5],
							"uv": {
								"north": {"uv": [101.68871, 7.79886], "uv_size": [-29.71069, 29.04974]},
								"east": {"uv": [101.68871, 7.79886], "uv_size": [-29.71069, 29.04974]},
								"south": {"uv": [101.68871, 7.79886], "uv_size": [-29.71069, 29.04974]},
								"west": {"uv": [101.68871, 7.79886], "uv_size": [-29.71069, 29.04974]},
								"up": {"uv": [71.97802, 36.8486], "uv_size": [29.71069, -29.04974]},
								"down": {"uv": [71.97802, 36.8486], "uv_size": [29.71069, -29.04974]}
							}
						},
						{
							"origin": [2.63204, 33.3242, -3.11277],
							"size": [2.66112, 2.16216, 0.70578],
							"pivot": [26, 12.95, -1.96],
							"rotation": [0, 0, 52.5],
							"uv": {
								"north": {"uv": [101.68871, 7.79886], "uv_size": [-29.71069, 29.04974]},
								"east": {"uv": [101.68871, 7.79886], "uv_size": [-29.71069, 29.04974]},
								"south": {"uv": [101.68871, 7.79886], "uv_size": [-29.71069, 29.04974]},
								"west": {"uv": [101.68871, 7.79886], "uv_size": [-29.71069, 29.04974]},
								"up": {"uv": [71.97802, 36.8486], "uv_size": [29.71069, -29.04974]},
								"down": {"uv": [71.97802, 36.8486], "uv_size": [29.71069, -29.04974]}
							}
						},
						{
							"origin": [-4.02076, 25.0082, -3.11277],
							"size": [2.66112, 2.16216, 0.70578],
							"pivot": [26, 12.95, -1.96],
							"rotation": [0, 0, 75],
							"uv": {
								"north": {"uv": [101.68871, 7.79886], "uv_size": [-29.71069, 29.04974]},
								"east": {"uv": [101.68871, 7.79886], "uv_size": [-29.71069, 29.04974]},
								"south": {"uv": [101.68871, 7.79886], "uv_size": [-29.71069, 29.04974]},
								"west": {"uv": [101.68871, 7.79886], "uv_size": [-29.71069, 29.04974]},
								"up": {"uv": [71.97802, 36.8486], "uv_size": [29.71069, -29.04974]},
								"down": {"uv": [71.97802, 36.8486], "uv_size": [29.71069, -29.04974]}
							}
						}
					]
				},
				{
					"name": "bone34",
					"parent": "head",
					"pivot": [24, 10, 2],
					"rotation": [1.87101, 4.89947, -60.71821]
				},
				{
					"name": "bone35",
					"parent": "bone34",
					"pivot": [24.05, 10, 1.97],
					"cubes": [
						{
							"origin": [24.891, 43.165, -2.851],
							"size": [3.168, 2.574, 2.97],
							"uv": {
								"north": {"uv": [101.68871, 7.79886], "uv_size": [-29.71069, 29.04974]},
								"east": {"uv": [101.68871, 7.79886], "uv_size": [-29.71069, 29.04974]},
								"south": {"uv": [101.68871, 7.79886], "uv_size": [-29.71069, 29.04974]},
								"west": {"uv": [101.68871, 7.79886], "uv_size": [-29.71069, 29.04974]},
								"up": {"uv": [71.97802, 36.8486], "uv_size": [29.71069, -29.04974]},
								"down": {"uv": [71.97802, 36.8486], "uv_size": [29.71069, -29.04974]}
							}
						},
						{
							"origin": [6.081, 40.195, -2.851],
							"size": [3.168, 2.574, 2.97],
							"pivot": [24, 10, 2],
							"rotation": [0, 0, 32.5],
							"uv": {
								"north": {"uv": [101.68871, 7.79886], "uv_size": [-29.71069, 29.04974]},
								"east": {"uv": [101.68871, 7.79886], "uv_size": [-29.71069, 29.04974]},
								"south": {"uv": [101.68871, 7.79886], "uv_size": [-29.71069, 29.04974]},
								"west": {"uv": [101.68871, 7.79886], "uv_size": [-29.71069, 29.04974]},
								"up": {"uv": [71.97802, 36.8486], "uv_size": [29.71069, -29.04974]},
								"down": {"uv": [71.97802, 36.8486], "uv_size": [29.71069, -29.04974]}
							}
						},
						{
							"origin": [-3.819, 34.255, -2.851],
							"size": [3.168, 2.574, 2.97],
							"pivot": [24, 10, 2],
							"rotation": [0, 0, 52.5],
							"uv": {
								"north": {"uv": [101.68871, 7.79886], "uv_size": [-29.71069, 29.04974]},
								"east": {"uv": [101.68871, 7.79886], "uv_size": [-29.71069, 29.04974]},
								"south": {"uv": [101.68871, 7.79886], "uv_size": [-29.71069, 29.04974]},
								"west": {"uv": [101.68871, 7.79886], "uv_size": [-29.71069, 29.04974]},
								"up": {"uv": [71.97802, 36.8486], "uv_size": [29.71069, -29.04974]},
								"down": {"uv": [71.97802, 36.8486], "uv_size": [29.71069, -29.04974]}
							}
						},
						{
							"origin": [-11.739, 24.355, -2.851],
							"size": [3.168, 2.574, 2.97],
							"pivot": [24, 10, 2],
							"rotation": [0, 0, 75],
							"uv": {
								"north": {"uv": [101.68871, 7.79886], "uv_size": [-29.71069, 29.04974]},
								"east": {"uv": [101.68871, 7.79886], "uv_size": [-29.71069, 29.04974]},
								"south": {"uv": [101.68871, 7.79886], "uv_size": [-29.71069, 29.04974]},
								"west": {"uv": [101.68871, 7.79886], "uv_size": [-29.71069, 29.04974]},
								"up": {"uv": [71.97802, 36.8486], "uv_size": [29.71069, -29.04974]},
								"down": {"uv": [71.97802, 36.8486], "uv_size": [29.71069, -29.04974]}
							}
						}
					]
				},
				{
					"name": "bone36",
					"parent": "bone34",
					"pivot": [24.05, 14.95, 0.98],
					"cubes": [
						{
							"origin": [24.74844, 42.8086, -0.14277],
							"size": [2.66112, 2.16216, 0.70578],
							"uv": {
								"north": {"uv": [101.68871, 7.79886], "uv_size": [-29.71069, 29.04974]},
								"east": {"uv": [101.68871, 7.79886], "uv_size": [-29.71069, 29.04974]},
								"south": {"uv": [101.68871, 7.79886], "uv_size": [-29.71069, 29.04974]},
								"west": {"uv": [101.68871, 7.79886], "uv_size": [-29.71069, 29.04974]},
								"up": {"uv": [71.97802, 36.8486], "uv_size": [29.71069, -29.04974]},
								"down": {"uv": [71.97802, 36.8486], "uv_size": [29.71069, -29.04974]}
							}
						},
						{
							"origin": [8.94804, 40.3138, -0.14277],
							"size": [2.66112, 2.16216, 0.70578],
							"pivot": [24, 14.95, 1.01],
							"rotation": [0, 0, 32.5],
							"uv": {
								"north": {"uv": [101.68871, 7.79886], "uv_size": [-29.71069, 29.04974]},
								"east": {"uv": [101.68871, 7.79886], "uv_size": [-29.71069, 29.04974]},
								"south": {"uv": [101.68871, 7.79886], "uv_size": [-29.71069, 29.04974]},
								"west": {"uv": [101.68871, 7.79886], "uv_size": [-29.71069, 29.04974]},
								"up": {"uv": [71.97802, 36.8486], "uv_size": [29.71069, -29.04974]},
								"down": {"uv": [71.97802, 36.8486], "uv_size": [29.71069, -29.04974]}
							}
						},
						{
							"origin": [0.63204, 35.3242, -0.14277],
							"size": [2.66112, 2.16216, 0.70578],
							"pivot": [24, 14.95, 1.01],
							"rotation": [0, 0, 52.5],
							"uv": {
								"north": {"uv": [101.68871, 7.79886], "uv_size": [-29.71069, 29.04974]},
								"east": {"uv": [101.68871, 7.79886], "uv_size": [-29.71069, 29.04974]},
								"south": {"uv": [101.68871, 7.79886], "uv_size": [-29.71069, 29.04974]},
								"west": {"uv": [101.68871, 7.79886], "uv_size": [-29.71069, 29.04974]},
								"up": {"uv": [71.97802, 36.8486], "uv_size": [29.71069, -29.04974]},
								"down": {"uv": [71.97802, 36.8486], "uv_size": [29.71069, -29.04974]}
							}
						},
						{
							"origin": [-6.02076, 27.0082, -0.14277],
							"size": [2.66112, 2.16216, 0.70578],
							"pivot": [24, 14.95, 1.01],
							"rotation": [0, 0, 75],
							"uv": {
								"north": {"uv": [101.68871, 7.79886], "uv_size": [-29.71069, 29.04974]},
								"east": {"uv": [101.68871, 7.79886], "uv_size": [-29.71069, 29.04974]},
								"south": {"uv": [101.68871, 7.79886], "uv_size": [-29.71069, 29.04974]},
								"west": {"uv": [101.68871, 7.79886], "uv_size": [-29.71069, 29.04974]},
								"up": {"uv": [71.97802, 36.8486], "uv_size": [29.71069, -29.04974]},
								"down": {"uv": [71.97802, 36.8486], "uv_size": [29.71069, -29.04974]}
							}
						}
					]
				},
				{
					"name": "bone37",
					"parent": "bone34",
					"pivot": [24.05, 14.95, -1.99],
					"cubes": [
						{
							"origin": [24.74844, 42.8086, -3.11277],
							"size": [2.66112, 2.16216, 0.70578],
							"uv": {
								"north": {"uv": [101.68871, 7.79886], "uv_size": [-29.71069, 29.04974]},
								"east": {"uv": [101.68871, 7.79886], "uv_size": [-29.71069, 29.04974]},
								"south": {"uv": [101.68871, 7.79886], "uv_size": [-29.71069, 29.04974]},
								"west": {"uv": [101.68871, 7.79886], "uv_size": [-29.71069, 29.04974]},
								"up": {"uv": [71.97802, 36.8486], "uv_size": [29.71069, -29.04974]},
								"down": {"uv": [71.97802, 36.8486], "uv_size": [29.71069, -29.04974]}
							}
						},
						{
							"origin": [8.94804, 40.3138, -3.11277],
							"size": [2.66112, 2.16216, 0.70578],
							"pivot": [24, 14.95, -1.96],
							"rotation": [0, 0, 32.5],
							"uv": {
								"north": {"uv": [101.68871, 7.79886], "uv_size": [-29.71069, 29.04974]},
								"east": {"uv": [101.68871, 7.79886], "uv_size": [-29.71069, 29.04974]},
								"south": {"uv": [101.68871, 7.79886], "uv_size": [-29.71069, 29.04974]},
								"west": {"uv": [101.68871, 7.79886], "uv_size": [-29.71069, 29.04974]},
								"up": {"uv": [71.97802, 36.8486], "uv_size": [29.71069, -29.04974]},
								"down": {"uv": [71.97802, 36.8486], "uv_size": [29.71069, -29.04974]}
							}
						},
						{
							"origin": [0.63204, 35.3242, -3.11277],
							"size": [2.66112, 2.16216, 0.70578],
							"pivot": [24, 14.95, -1.96],
							"rotation": [0, 0, 52.5],
							"uv": {
								"north": {"uv": [101.68871, 7.79886], "uv_size": [-29.71069, 29.04974]},
								"east": {"uv": [101.68871, 7.79886], "uv_size": [-29.71069, 29.04974]},
								"south": {"uv": [101.68871, 7.79886], "uv_size": [-29.71069, 29.04974]},
								"west": {"uv": [101.68871, 7.79886], "uv_size": [-29.71069, 29.04974]},
								"up": {"uv": [71.97802, 36.8486], "uv_size": [29.71069, -29.04974]},
								"down": {"uv": [71.97802, 36.8486], "uv_size": [29.71069, -29.04974]}
							}
						},
						{
							"origin": [-6.02076, 27.0082, -3.11277],
							"size": [2.66112, 2.16216, 0.70578],
							"pivot": [24, 14.95, -1.96],
							"rotation": [0, 0, 75],
							"uv": {
								"north": {"uv": [101.68871, 7.79886], "uv_size": [-29.71069, 29.04974]},
								"east": {"uv": [101.68871, 7.79886], "uv_size": [-29.71069, 29.04974]},
								"south": {"uv": [101.68871, 7.79886], "uv_size": [-29.71069, 29.04974]},
								"west": {"uv": [101.68871, 7.79886], "uv_size": [-29.71069, 29.04974]},
								"up": {"uv": [71.97802, 36.8486], "uv_size": [29.71069, -29.04974]},
								"down": {"uv": [71.97802, 36.8486], "uv_size": [29.71069, -29.04974]}
							}
						}
					]
				},
				{
					"name": "bone38",
					"parent": "head",
					"pivot": [26, 14, 2],
					"rotation": [1.87101, 4.89947, -60.71821]
				},
				{
					"name": "bone39",
					"parent": "bone38",
					"pivot": [26.05, 14, 1.97],
					"cubes": [
						{
							"origin": [26.891, 47.165, -2.851],
							"size": [3.168, 2.574, 2.97],
							"uv": {
								"north": {"uv": [101.68871, 7.79886], "uv_size": [-29.71069, 29.04974]},
								"east": {"uv": [101.68871, 7.79886], "uv_size": [-29.71069, 29.04974]},
								"south": {"uv": [101.68871, 7.79886], "uv_size": [-29.71069, 29.04974]},
								"west": {"uv": [101.68871, 7.79886], "uv_size": [-29.71069, 29.04974]},
								"up": {"uv": [71.97802, 36.8486], "uv_size": [29.71069, -29.04974]},
								"down": {"uv": [71.97802, 36.8486], "uv_size": [29.71069, -29.04974]}
							}
						},
						{
							"origin": [8.081, 44.195, -2.851],
							"size": [3.168, 2.574, 2.97],
							"pivot": [26, 14, 2],
							"rotation": [0, 0, 32.5],
							"uv": {
								"north": {"uv": [101.68871, 7.79886], "uv_size": [-29.71069, 29.04974]},
								"east": {"uv": [101.68871, 7.79886], "uv_size": [-29.71069, 29.04974]},
								"south": {"uv": [101.68871, 7.79886], "uv_size": [-29.71069, 29.04974]},
								"west": {"uv": [101.68871, 7.79886], "uv_size": [-29.71069, 29.04974]},
								"up": {"uv": [71.97802, 36.8486], "uv_size": [29.71069, -29.04974]},
								"down": {"uv": [71.97802, 36.8486], "uv_size": [29.71069, -29.04974]}
							}
						},
						{
							"origin": [-1.819, 38.255, -2.851],
							"size": [3.168, 2.574, 2.97],
							"pivot": [26, 14, 2],
							"rotation": [0, 0, 52.5],
							"uv": {
								"north": {"uv": [101.68871, 7.79886], "uv_size": [-29.71069, 29.04974]},
								"east": {"uv": [101.68871, 7.79886], "uv_size": [-29.71069, 29.04974]},
								"south": {"uv": [101.68871, 7.79886], "uv_size": [-29.71069, 29.04974]},
								"west": {"uv": [101.68871, 7.79886], "uv_size": [-29.71069, 29.04974]},
								"up": {"uv": [71.97802, 36.8486], "uv_size": [29.71069, -29.04974]},
								"down": {"uv": [71.97802, 36.8486], "uv_size": [29.71069, -29.04974]}
							}
						},
						{
							"origin": [-9.739, 28.355, -2.851],
							"size": [3.168, 2.574, 2.97],
							"pivot": [26, 14, 2],
							"rotation": [0, 0, 75],
							"uv": {
								"north": {"uv": [101.68871, 7.79886], "uv_size": [-29.71069, 29.04974]},
								"east": {"uv": [101.68871, 7.79886], "uv_size": [-29.71069, 29.04974]},
								"south": {"uv": [101.68871, 7.79886], "uv_size": [-29.71069, 29.04974]},
								"west": {"uv": [101.68871, 7.79886], "uv_size": [-29.71069, 29.04974]},
								"up": {"uv": [71.97802, 36.8486], "uv_size": [29.71069, -29.04974]},
								"down": {"uv": [71.97802, 36.8486], "uv_size": [29.71069, -29.04974]}
							}
						}
					]
				},
				{
					"name": "bone40",
					"parent": "bone38",
					"pivot": [26.05, 18.95, 0.98],
					"cubes": [
						{
							"origin": [26.74844, 46.8086, -0.14277],
							"size": [2.66112, 2.16216, 0.70578],
							"uv": {
								"north": {"uv": [101.68871, 7.79886], "uv_size": [-29.71069, 29.04974]},
								"east": {"uv": [101.68871, 7.79886], "uv_size": [-29.71069, 29.04974]},
								"south": {"uv": [101.68871, 7.79886], "uv_size": [-29.71069, 29.04974]},
								"west": {"uv": [101.68871, 7.79886], "uv_size": [-29.71069, 29.04974]},
								"up": {"uv": [71.97802, 36.8486], "uv_size": [29.71069, -29.04974]},
								"down": {"uv": [71.97802, 36.8486], "uv_size": [29.71069, -29.04974]}
							}
						},
						{
							"origin": [10.94804, 44.3138, -0.14277],
							"size": [2.66112, 2.16216, 0.70578],
							"pivot": [26, 18.95, 1.01],
							"rotation": [0, 0, 32.5],
							"uv": {
								"north": {"uv": [101.68871, 7.79886], "uv_size": [-29.71069, 29.04974]},
								"east": {"uv": [101.68871, 7.79886], "uv_size": [-29.71069, 29.04974]},
								"south": {"uv": [101.68871, 7.79886], "uv_size": [-29.71069, 29.04974]},
								"west": {"uv": [101.68871, 7.79886], "uv_size": [-29.71069, 29.04974]},
								"up": {"uv": [71.97802, 36.8486], "uv_size": [29.71069, -29.04974]},
								"down": {"uv": [71.97802, 36.8486], "uv_size": [29.71069, -29.04974]}
							}
						},
						{
							"origin": [2.63204, 39.3242, -0.14277],
							"size": [2.66112, 2.16216, 0.70578],
							"pivot": [26, 18.95, 1.01],
							"rotation": [0, 0, 52.5],
							"uv": {
								"north": {"uv": [101.68871, 7.79886], "uv_size": [-29.71069, 29.04974]},
								"east": {"uv": [101.68871, 7.79886], "uv_size": [-29.71069, 29.04974]},
								"south": {"uv": [101.68871, 7.79886], "uv_size": [-29.71069, 29.04974]},
								"west": {"uv": [101.68871, 7.79886], "uv_size": [-29.71069, 29.04974]},
								"up": {"uv": [71.97802, 36.8486], "uv_size": [29.71069, -29.04974]},
								"down": {"uv": [71.97802, 36.8486], "uv_size": [29.71069, -29.04974]}
							}
						},
						{
							"origin": [-4.02076, 31.0082, -0.14277],
							"size": [2.66112, 2.16216, 0.70578],
							"pivot": [26, 18.95, 1.01],
							"rotation": [0, 0, 75],
							"uv": {
								"north": {"uv": [101.68871, 7.79886], "uv_size": [-29.71069, 29.04974]},
								"east": {"uv": [101.68871, 7.79886], "uv_size": [-29.71069, 29.04974]},
								"south": {"uv": [101.68871, 7.79886], "uv_size": [-29.71069, 29.04974]},
								"west": {"uv": [101.68871, 7.79886], "uv_size": [-29.71069, 29.04974]},
								"up": {"uv": [71.97802, 36.8486], "uv_size": [29.71069, -29.04974]},
								"down": {"uv": [71.97802, 36.8486], "uv_size": [29.71069, -29.04974]}
							}
						}
					]
				},
				{
					"name": "bone41",
					"parent": "bone38",
					"pivot": [26.05, 18.95, -1.99],
					"cubes": [
						{
							"origin": [26.74844, 46.8086, -3.11277],
							"size": [2.66112, 2.16216, 0.70578],
							"uv": {
								"north": {"uv": [101.68871, 7.79886], "uv_size": [-29.71069, 29.04974]},
								"east": {"uv": [101.68871, 7.79886], "uv_size": [-29.71069, 29.04974]},
								"south": {"uv": [101.68871, 7.79886], "uv_size": [-29.71069, 29.04974]},
								"west": {"uv": [101.68871, 7.79886], "uv_size": [-29.71069, 29.04974]},
								"up": {"uv": [71.97802, 36.8486], "uv_size": [29.71069, -29.04974]},
								"down": {"uv": [71.97802, 36.8486], "uv_size": [29.71069, -29.04974]}
							}
						},
						{
							"origin": [10.94804, 44.3138, -3.11277],
							"size": [2.66112, 2.16216, 0.70578],
							"pivot": [26, 18.95, -1.96],
							"rotation": [0, 0, 32.5],
							"uv": {
								"north": {"uv": [101.68871, 7.79886], "uv_size": [-29.71069, 29.04974]},
								"east": {"uv": [101.68871, 7.79886], "uv_size": [-29.71069, 29.04974]},
								"south": {"uv": [101.68871, 7.79886], "uv_size": [-29.71069, 29.04974]},
								"west": {"uv": [101.68871, 7.79886], "uv_size": [-29.71069, 29.04974]},
								"up": {"uv": [71.97802, 36.8486], "uv_size": [29.71069, -29.04974]},
								"down": {"uv": [71.97802, 36.8486], "uv_size": [29.71069, -29.04974]}
							}
						},
						{
							"origin": [2.63204, 39.3242, -3.11277],
							"size": [2.66112, 2.16216, 0.70578],
							"pivot": [26, 18.95, -1.96],
							"rotation": [0, 0, 52.5],
							"uv": {
								"north": {"uv": [101.68871, 7.79886], "uv_size": [-29.71069, 29.04974]},
								"east": {"uv": [101.68871, 7.79886], "uv_size": [-29.71069, 29.04974]},
								"south": {"uv": [101.68871, 7.79886], "uv_size": [-29.71069, 29.04974]},
								"west": {"uv": [101.68871, 7.79886], "uv_size": [-29.71069, 29.04974]},
								"up": {"uv": [71.97802, 36.8486], "uv_size": [29.71069, -29.04974]},
								"down": {"uv": [71.97802, 36.8486], "uv_size": [29.71069, -29.04974]}
							}
						},
						{
							"origin": [-4.02076, 31.0082, -3.11277],
							"size": [2.66112, 2.16216, 0.70578],
							"pivot": [26, 18.95, -1.96],
							"rotation": [0, 0, 75],
							"uv": {
								"north": {"uv": [101.68871, 7.79886], "uv_size": [-29.71069, 29.04974]},
								"east": {"uv": [101.68871, 7.79886], "uv_size": [-29.71069, 29.04974]},
								"south": {"uv": [101.68871, 7.79886], "uv_size": [-29.71069, 29.04974]},
								"west": {"uv": [101.68871, 7.79886], "uv_size": [-29.71069, 29.04974]},
								"up": {"uv": [71.97802, 36.8486], "uv_size": [29.71069, -29.04974]},
								"down": {"uv": [71.97802, 36.8486], "uv_size": [29.71069, -29.04974]}
							}
						}
					]
				},
				{
					"name": "bone42",
					"parent": "head",
					"pivot": [28, 16, 2],
					"rotation": [1.87101, 4.89947, -60.71821]
				},
				{
					"name": "bone43",
					"parent": "bone42",
					"pivot": [28.05, 16, 1.97],
					"cubes": [
						{
							"origin": [28.891, 49.165, -2.851],
							"size": [3.168, 2.574, 2.97],
							"uv": {
								"north": {"uv": [101.68871, 7.79886], "uv_size": [-29.71069, 29.04974]},
								"east": {"uv": [101.68871, 7.79886], "uv_size": [-29.71069, 29.04974]},
								"south": {"uv": [101.68871, 7.79886], "uv_size": [-29.71069, 29.04974]},
								"west": {"uv": [101.68871, 7.79886], "uv_size": [-29.71069, 29.04974]},
								"up": {"uv": [71.97802, 36.8486], "uv_size": [29.71069, -29.04974]},
								"down": {"uv": [71.97802, 36.8486], "uv_size": [29.71069, -29.04974]}
							}
						},
						{
							"origin": [10.081, 46.195, -2.851],
							"size": [3.168, 2.574, 2.97],
							"pivot": [28, 16, 2],
							"rotation": [0, 0, 32.5],
							"uv": {
								"north": {"uv": [101.68871, 7.79886], "uv_size": [-29.71069, 29.04974]},
								"east": {"uv": [101.68871, 7.79886], "uv_size": [-29.71069, 29.04974]},
								"south": {"uv": [101.68871, 7.79886], "uv_size": [-29.71069, 29.04974]},
								"west": {"uv": [101.68871, 7.79886], "uv_size": [-29.71069, 29.04974]},
								"up": {"uv": [71.97802, 36.8486], "uv_size": [29.71069, -29.04974]},
								"down": {"uv": [71.97802, 36.8486], "uv_size": [29.71069, -29.04974]}
							}
						},
						{
							"origin": [0.181, 40.255, -2.851],
							"size": [3.168, 2.574, 2.97],
							"pivot": [28, 16, 2],
							"rotation": [0, 0, 52.5],
							"uv": {
								"north": {"uv": [101.68871, 7.79886], "uv_size": [-29.71069, 29.04974]},
								"east": {"uv": [101.68871, 7.79886], "uv_size": [-29.71069, 29.04974]},
								"south": {"uv": [101.68871, 7.79886], "uv_size": [-29.71069, 29.04974]},
								"west": {"uv": [101.68871, 7.79886], "uv_size": [-29.71069, 29.04974]},
								"up": {"uv": [71.97802, 36.8486], "uv_size": [29.71069, -29.04974]},
								"down": {"uv": [71.97802, 36.8486], "uv_size": [29.71069, -29.04974]}
							}
						},
						{
							"origin": [-7.739, 30.355, -2.851],
							"size": [3.168, 2.574, 2.97],
							"pivot": [28, 16, 2],
							"rotation": [0, 0, 75],
							"uv": {
								"north": {"uv": [101.68871, 7.79886], "uv_size": [-29.71069, 29.04974]},
								"east": {"uv": [101.68871, 7.79886], "uv_size": [-29.71069, 29.04974]},
								"south": {"uv": [101.68871, 7.79886], "uv_size": [-29.71069, 29.04974]},
								"west": {"uv": [101.68871, 7.79886], "uv_size": [-29.71069, 29.04974]},
								"up": {"uv": [71.97802, 36.8486], "uv_size": [29.71069, -29.04974]},
								"down": {"uv": [71.97802, 36.8486], "uv_size": [29.71069, -29.04974]}
							}
						}
					]
				},
				{
					"name": "bone44",
					"parent": "bone42",
					"pivot": [28.05, 20.95, 0.98],
					"cubes": [
						{
							"origin": [28.74844, 48.8086, -0.14277],
							"size": [2.66112, 2.16216, 0.70578],
							"uv": {
								"north": {"uv": [101.68871, 7.79886], "uv_size": [-29.71069, 29.04974]},
								"east": {"uv": [101.68871, 7.79886], "uv_size": [-29.71069, 29.04974]},
								"south": {"uv": [101.68871, 7.79886], "uv_size": [-29.71069, 29.04974]},
								"west": {"uv": [101.68871, 7.79886], "uv_size": [-29.71069, 29.04974]},
								"up": {"uv": [71.97802, 36.8486], "uv_size": [29.71069, -29.04974]},
								"down": {"uv": [71.97802, 36.8486], "uv_size": [29.71069, -29.04974]}
							}
						},
						{
							"origin": [12.94804, 46.3138, -0.14277],
							"size": [2.66112, 2.16216, 0.70578],
							"pivot": [28, 20.95, 1.01],
							"rotation": [0, 0, 32.5],
							"uv": {
								"north": {"uv": [101.68871, 7.79886], "uv_size": [-29.71069, 29.04974]},
								"east": {"uv": [101.68871, 7.79886], "uv_size": [-29.71069, 29.04974]},
								"south": {"uv": [101.68871, 7.79886], "uv_size": [-29.71069, 29.04974]},
								"west": {"uv": [101.68871, 7.79886], "uv_size": [-29.71069, 29.04974]},
								"up": {"uv": [71.97802, 36.8486], "uv_size": [29.71069, -29.04974]},
								"down": {"uv": [71.97802, 36.8486], "uv_size": [29.71069, -29.04974]}
							}
						},
						{
							"origin": [4.63204, 41.3242, -0.14277],
							"size": [2.66112, 2.16216, 0.70578],
							"pivot": [28, 20.95, 1.01],
							"rotation": [0, 0, 52.5],
							"uv": {
								"north": {"uv": [101.68871, 7.79886], "uv_size": [-29.71069, 29.04974]},
								"east": {"uv": [101.68871, 7.79886], "uv_size": [-29.71069, 29.04974]},
								"south": {"uv": [101.68871, 7.79886], "uv_size": [-29.71069, 29.04974]},
								"west": {"uv": [101.68871, 7.79886], "uv_size": [-29.71069, 29.04974]},
								"up": {"uv": [71.97802, 36.8486], "uv_size": [29.71069, -29.04974]},
								"down": {"uv": [71.97802, 36.8486], "uv_size": [29.71069, -29.04974]}
							}
						},
						{
							"origin": [-2.02076, 33.0082, -0.14277],
							"size": [2.66112, 2.16216, 0.70578],
							"pivot": [28, 20.95, 1.01],
							"rotation": [0, 0, 75],
							"uv": {
								"north": {"uv": [101.68871, 7.79886], "uv_size": [-29.71069, 29.04974]},
								"east": {"uv": [101.68871, 7.79886], "uv_size": [-29.71069, 29.04974]},
								"south": {"uv": [101.68871, 7.79886], "uv_size": [-29.71069, 29.04974]},
								"west": {"uv": [101.68871, 7.79886], "uv_size": [-29.71069, 29.04974]},
								"up": {"uv": [71.97802, 36.8486], "uv_size": [29.71069, -29.04974]},
								"down": {"uv": [71.97802, 36.8486], "uv_size": [29.71069, -29.04974]}
							}
						}
					]
				},
				{
					"name": "bone45",
					"parent": "bone42",
					"pivot": [28.05, 20.95, -1.99],
					"cubes": [
						{
							"origin": [28.74844, 48.8086, -3.11277],
							"size": [2.66112, 2.16216, 0.70578],
							"uv": {
								"north": {"uv": [101.68871, 7.79886], "uv_size": [-29.71069, 29.04974]},
								"east": {"uv": [101.68871, 7.79886], "uv_size": [-29.71069, 29.04974]},
								"south": {"uv": [101.68871, 7.79886], "uv_size": [-29.71069, 29.04974]},
								"west": {"uv": [101.68871, 7.79886], "uv_size": [-29.71069, 29.04974]},
								"up": {"uv": [71.97802, 36.8486], "uv_size": [29.71069, -29.04974]},
								"down": {"uv": [71.97802, 36.8486], "uv_size": [29.71069, -29.04974]}
							}
						},
						{
							"origin": [12.94804, 46.3138, -3.11277],
							"size": [2.66112, 2.16216, 0.70578],
							"pivot": [28, 20.95, -1.96],
							"rotation": [0, 0, 32.5],
							"uv": {
								"north": {"uv": [101.68871, 7.79886], "uv_size": [-29.71069, 29.04974]},
								"east": {"uv": [101.68871, 7.79886], "uv_size": [-29.71069, 29.04974]},
								"south": {"uv": [101.68871, 7.79886], "uv_size": [-29.71069, 29.04974]},
								"west": {"uv": [101.68871, 7.79886], "uv_size": [-29.71069, 29.04974]},
								"up": {"uv": [71.97802, 36.8486], "uv_size": [29.71069, -29.04974]},
								"down": {"uv": [71.97802, 36.8486], "uv_size": [29.71069, -29.04974]}
							}
						},
						{
							"origin": [4.63204, 41.3242, -3.11277],
							"size": [2.66112, 2.16216, 0.70578],
							"pivot": [28, 20.95, -1.96],
							"rotation": [0, 0, 52.5],
							"uv": {
								"north": {"uv": [101.68871, 7.79886], "uv_size": [-29.71069, 29.04974]},
								"east": {"uv": [101.68871, 7.79886], "uv_size": [-29.71069, 29.04974]},
								"south": {"uv": [101.68871, 7.79886], "uv_size": [-29.71069, 29.04974]},
								"west": {"uv": [101.68871, 7.79886], "uv_size": [-29.71069, 29.04974]},
								"up": {"uv": [71.97802, 36.8486], "uv_size": [29.71069, -29.04974]},
								"down": {"uv": [71.97802, 36.8486], "uv_size": [29.71069, -29.04974]}
							}
						},
						{
							"origin": [-2.02076, 33.0082, -3.11277],
							"size": [2.66112, 2.16216, 0.70578],
							"pivot": [28, 20.95, -1.96],
							"rotation": [0, 0, 75],
							"uv": {
								"north": {"uv": [101.68871, 7.79886], "uv_size": [-29.71069, 29.04974]},
								"east": {"uv": [101.68871, 7.79886], "uv_size": [-29.71069, 29.04974]},
								"south": {"uv": [101.68871, 7.79886], "uv_size": [-29.71069, 29.04974]},
								"west": {"uv": [101.68871, 7.79886], "uv_size": [-29.71069, 29.04974]},
								"up": {"uv": [71.97802, 36.8486], "uv_size": [29.71069, -29.04974]},
								"down": {"uv": [71.97802, 36.8486], "uv_size": [29.71069, -29.04974]}
							}
						}
					]
				}
			]
		}
	]
}