{
  "format_version": "1.10.0",
  "render_controllers": {
    "controller.render.broly": {
      "geometry": "Geometry.broly",
      "textures": [
        "Texture.broly"
      ],
      "materials": [
        {
          "*": "Material.default"
        }
      ]
    },
    "controller.render.brolyoutline": {
      "geometry": "Geometry.brolyoutline",
      "textures": [
        "Texture.black"
      ],
      "materials": [
        {
          "*": "Material.haki"
        }
      ]
    },
    "controller.render.brolyoutline2": {
      "geometry": "Geometry.brolyoutline2",
      "textures": [
        "Texture.black"
      ], 
      "materials": [
        {
          "*": "Material.haki"
        }
      ]
    }
  }
} 