{
  "format_version": "1.10.0",
  "render_controllers": {
    "controller.render.brolyssjl": {
      "geometry": "Geometry.brolyssjl",
      "textures": [
        "Texture.brolyssjl"
      ],
      "materials": [
        {
          "*": "Material.default"
        }
      ]
    },
    "controller.render.brolyssjloutline": {
      "geometry": "Geometry.brolyssjloutline",
      "textures": [
        "Texture.black"
      ],
      "materials": [
        {
          "*": "Material.haki"
        }
      ]
    },
    "controller.render.brolyssjloutline2": {
      "geometry": "Geometry.brolyssjloutline2",
      "textures": [
        "Texture.black"
      ],
      "materials": [
        {
          "*": "Material.haki"
        }
      ]
    },
    "controller.render.brolyssjlcalvo": {
      "geometry": "Geometry.brolyssjl",
      "textures": [
        "Texture.brolyssjl"
      ],
      "materials": [
        {
          "*": "Material.default"
        }
        ]
    }
  }
}