{
  "format_version": "1.10.0",
  "render_controllers": {
    "controller.render.gokussj3": {
      "geometry": "Geometry.gokussj3",
      "textures": [
        "Texture.gokussj3"
      ],
      "materials": [
        {
          "*": "Material.default"
        }
      ]
    },
    "controller.render.gokussj3outline": {
      "geometry": "Geometry.gokussj3outline",
      "textures": [
        "Texture.black"
      ],
      "materials": [
        {
          "*": "Material.haki"

        }
        ]
    }
  }
}






