{
  "format_version": "1.10.0",
  "render_controllers": {
    "controller.render.gokussj": {
      "geometry": "Geometry.gokussj",
      "textures": [
        "Texture.gokussj"
      ],
      "materials": [
        {
          "*": "Material.default"
        }
      ]
    },
    "controller.render.gokussjoutline": {
      "geometry": "Geometry.gokussjoutline",
      "textures": [
        "Texture.black"
      ],
      "materials": [
        {
          "*": "Material.haki"
        }
      ]
    },
    "controller.render.gokussjoutline2": {
      "geometry": "Geometry.gokussjoutline2",
      "textures": [
        "Texture.black"
      ],
      "materials": [
        {
          "*": "Material.haki"
        }
      ]
    },
    "controller.render.gokussjcalvo": {
      "geometry": "Geometry.gokussjcalvo",
      "textures": [
        "Texture.gokussj"
      ],
      "materials": [
        {
          "*": "Material.default"
        }
        ]
    }
  }
}






