{
  "format_version": "1.10.0",
  "render_controllers": {
    "controller.render.goku": {
      "geometry": "Geometry.goku",
      "textures": [
        "Texture.goku"
      ],
      "materials": [
        {
          "*": "Material.default"
        }
      ]
    },
    "controller.render.gokuoutline": {
      "geometry": "Geometry.gokuoutline",
      "textures": [
        "Texture.black"
      ],
      "materials": [
        {
          "*": "Material.haki"
        }
      ]
    },
    "controller.render.gokuoutline2": {
      "geometry": "Geometry.gokuoutline2",
      "textures": [
        "Texture.black"
      ],
      "materials": [
        {
          "*": "Material.haki"
        }
      ]
    },
    "controller.render.gokucalvo": {
      "geometry": "Geometry.gokucalvo",
      "textures": [
        "Texture.goku"
      ],
      "materials": [
        {
          "*": "Material.default"
        }
        ]
    }
  }
}