{
  "format_version": "1.10.0",
  "render_controllers": {
    "controller.render.gokussjg": {
      "geometry": "Geometry.gokussjg",
      "textures": [
        "Texture.gokussjg"
      ],
      "materials": [
        {
          "*": "Material.default"
        }
      ]
    },
    "controller.render.gokussjgoutline": {
      "geometry": "Geometry.gokussjgoutline",
      "textures": [
        "Texture.black"
      ],
      "materials": [
        {
          "*": "Material.haki"
        }
      ]
    },
    "controller.render.gokussjgoutline2": {
      "geometry": "Geometry.gokussjgoutline2",
      "textures": [
        "Texture.black"
      ],
      "materials": [
        {
          "*": "Material.haki"
        }
      ]
    },
    "controller.render.gokussjgcalvo": {
      "geometry": "Geometry.gokussjg",
      "textures": [
        "Texture.gokussjg"
      ],
      "materials": [
        {
          "*": "Material.default"
        }
        ]
    }
  }
}