{
  "format_version": "1.10.0",
  "render_controllers": {
    "controller.render.muikame": {
      "geometry": "Geometry.muikame",
      "textures": [
        "Texture.muikame"
      ],
      "materials": [
        {
          "*": "Material.default"
        }
      ],
      "ignore_lighting": true,
	  "light_color_multiplier": 2
    },
    "controller.render.muikame2": {
      "geometry": "Geometry.muikame2",
      "textures": [
        "Texture.cian"
      ],
      "materials": [
        {
          "*": "Material.haki"
        }
      ],
      "ignore_lighting": true,
	  "light_color_multiplier": 2
    }

  


  }
}