{
  "format_version": "1.10.0",
  "render_controllers": {
    "controller.render.vegetaego": {
      "geometry": "Geometry.vegetaego",
      "textures": [
        "Texture.vegetaego"
      ],
      "materials": [
        {
          "*": "Material.default"
        }
      ]
    },
    "controller.render.vegetaegooutline": {
      "geometry": "Geometry.vegetaegooutline",
      "textures": [
        "Texture.black"
      ],
      "materials": [
        {
          "*": "Material.haki"
        }
      ]
    },
    "controller.render.vegetaegooutline2": {
      "geometry": "Geometry.vegetaegooutline2",
      "textures": [
        "Texture.black"
      ],
      "materials": [
        {
          "*": "Material.haki"
        }
      ]
    },
    "controller.render.vegetaegocalvo": {
      "geometry": "Geometry.vegetaego",
      "textures": [
        "Texture.vegetaego"
      ],
      "materials": [
        {
          "*": "Material.default"
        }
        ]
    }
  }
}










