{
  "format_version": "1.10.0",
  "render_controllers": {
    "controller.render.vegetassjg": {
      "geometry": "Geometry.vegetassjg",
      "textures": [
        "Texture.vegetassjg"
      ],
      "materials": [
        {
          "*": "Material.default"
        }
      ]
    },
    "controller.render.vegetassjgoutline": {
      "geometry": "Geometry.vegetassjgoutline",
      "textures": [
        "Texture.black"
      ],
      "materials": [
        {
          "*": "Material.haki"
        }
      ]
    },
    "controller.render.vegetassjgoutline2": {
      "geometry": "Geometry.vegetassjgoutline2",
      "textures": [
        "Texture.black"
      ],
      "materials": [
        {
          "*": "Material.haki"
        }
      ]
    },
    "controller.render.vegetassjgcalvo": {
      "geometry": "Geometry.vegetassjg",
      "textures": [
        "Texture.vegetassjg"
      ],
      "materials": [
        {
          "*": "Material.default"
        }
        ]
    }
  }
}










