{
  "format_version": "1.10.0",
  "render_controllers": {
    "controller.render.vegeta": {
      "geometry": "Geometry.vegeta",
      "textures": [
        "Texture.vegeta"
      ],
      "materials": [
        {
          "*": "Material.default"
        }
      ]
    },
    "controller.render.vegetaoutline": {
      "geometry": "Geometry.vegetaoutline",
      "textures": [
        "Texture.black"
      ],
      "materials": [
        {
          "*": "Material.haki"
        }
      ]
    },
    "controller.render.vegetaoutline2": {
      "geometry": "Geometry.vegetaoutline2",
      "textures": [
        "Texture.black"
      ], 
      "materials": [
        {
          "*": "Material.haki"
        }
      ]
    }
  }
} 