{
  "format_version": "1.10.0",
  "render_controllers": {
    "controller.render.vegetassjb": {
      "geometry": "Geometry.vegetassjb",
      "textures": [
        "Texture.vegetassjb"
      ],
      "materials": [
        {
          "*": "Material.default"
        }
      ]
    },
    "controller.render.vegetassjboutline": {
      "geometry": "Geometry.vegetassjboutline",
      "textures": [
        "Texture.black"
      ],
      "materials": [
        {
          "*": "Material.haki"
        }
      ]
    },
    "controller.render.vegetassjboutline2": {
      "geometry": "Geometry.vegetassjboutline2",
      "textures": [
        "Texture.black"
      ],
      "materials": [
        {
          "*": "Material.haki"
        }
      ]
    },
    "controller.render.vegetassjbcalvo": {
      "geometry": "Geometry.vegetassjb",
      "textures": [
        "Texture.vegetassjb"
      ],
      "materials": [
        {
          "*": "Material.default"
        }
        ]
    }
  }
}











