{
  "format_version": "1.10.0",
  "render_controllers": {
    "controller.render.vegetassj": {
      "geometry": "Geometry.vegeta",
      "textures": [
        "Texture.vegetassj"
      ],
      "materials": [
        {
          "*": "Material.default"
        }
      ]
    },
    "controller.render.vegetassjoutline": {
      "geometry": "Geometry.vegetaoutline",
      "textures": [
        "Texture.black"
      ],
      "materials": [
        {
          "*": "Material.haki"
        }
      ]
    },
    "controller.render.vegetassjoutline2": {
      "geometry": "Geometry.vegetassjoutline2",
      "textures": [
        "Texture.black"
      ],
      "materials": [
        {
          "*": "Material.haki"
        }
      ]
    },
    "controller.render.vegetassjcalvo": {
      "geometry": "Geometry.vegetassj",
      "textures": [
        "Texture.vegetassj"
      ],
      "materials": [
        {
          "*": "Material.default"
        }
        ]
    }
  }
}






