{
  "format_version": "1.10.0",
  "render_controllers": {
    "controller.render.vegetto": {
      "geometry": "Geometry.vegetto",
      "textures": [
        "Texture.vegetto"
      ],
      "materials": [
        {
          "*": "Material.default"
        }
      ]
    },
    "controller.render.vegettooutline": {
      "geometry": "Geometry.vegettooutline",
      "textures": [
        "Texture.black"
      ],
      "materials": [
        {
          "*": "Material.haki"
        }
      ]
    },
    "controller.render.vegettooutline2": {
      "geometry": "Geometry.vegettooutline2",
      "textures": [
        "Texture.black"
      ],
      "materials": [
        {
          "*": "Material.haki"
        }
      ]
    },
    "controller.render.vegettocalvo": {
      "geometry": "Geometry.vegettocalvo",
      "textures": [
        "Texture.vegetto"
      ],
      "materials": [
        {
          "*": "Material.default"
        }
        ]
    }
  }
}