{
	"format_version": "1.12.0",
	"minecraft:geometry": [
		{
			"description": {
				"identifier": "geometry.ftl_poppy",
				"texture_width": 110,
				"texture_height": 110,
				"visible_bounds_width": 4,
				"visible_bounds_height": 4.5,
				"visible_bounds_offset": [0, 1.75, 0]
			},
			"bones": [
				{
					"name": "waist",
					"pivot": [0, 0, 0]
				},
				{
					"name": "body",
					"parent": "waist",
					"pivot": [0, 17, 0],
					"cubes": [
						{"origin": [-6, 17, -3.5], "size": [12, 13, 7], "uv": [0, 62]},
						{"origin": [-5, 24.4, -3.7], "size": [10, 6, 0], "pivot": [0, 25.8, -3.65], "rotation": [-2.5, 0, 0], "uv": [38, 63]},
						{"origin": [-5, 21.7, -3.6], "size": [10, 6, 0], "pivot": [0, 25.8, -3.65], "rotation": [-2.5, 0, 0], "uv": [38, 68]},
						{"origin": [-2, 30, -2], "size": [4, 2, 4], "uv": [0, 40]}
					]
				},
				{
					"name": "head",
					"parent": "body",
					"pivot": [0, 31.7, 0],
					"cubes": [
						{"origin": [-7.5, 31.7, -7.5], "size": [15, 15, 15], "uv": [0, 0]},
						{"origin": [-9.78054, 34.7, -0.04109], "size": [4, 5, 2], "pivot": [-7.78054, 37.2, 0.55891], "rotation": [0, 60, 0], "uv": [35, 4]},
						{"origin": [5.78054, 34.7, -0.04109], "size": [4, 5, 2], "pivot": [7.78054, 37.2, 0.55891], "rotation": [0, -60, 0], "uv": [35, 4], "mirror": true},
						{"origin": [-1, 36.08006, -7.67372], "size": [2, 3, 2], "pivot": [0, 37.58006, -6.67372], "rotation": [-10, 0, 0], "uv": [34, 9]},
						{"origin": [-8, 31.2, -8], "size": [16, 16, 16], "uv": [0, 30]},
						{"origin": [1.5, 43.4, -10.5], "size": [5, 0, 3], "pivot": [4, 41.7, -10], "rotation": [-45, 0, 0], "uv": [-5, 30]},
						{"origin": [-6.5, 43.4, -10.5], "size": [5, 0, 3], "pivot": [-4, 41.7, -10], "rotation": [-45, 0, 0], "uv": [-5, 30], "mirror": true},
						{"origin": [-13.4, 46.7, -2], "size": [4, 5, 4], "pivot": [-8, 50.2, 0], "rotation": [0, 0, -60], "uv": [45, 0]},
						{"origin": [-9.3, 46.7, -6], "size": [0, 6, 12], "pivot": [-8, 50.2, 0], "rotation": [0, 0, -60], "uv": [57, 26]},
						{"origin": [9.3, 46.7, -6], "size": [0, 6, 12], "pivot": [8, 50.2, 0], "rotation": [0, 0, 60], "uv": [57, 26], "mirror": true},
						{"origin": [-17.43205, 46.75551, -3], "size": [6, 4, 6], "pivot": [-12.43205, 48.25551, 1], "rotation": [0, 0, -140], "uv": [61, 0]},
						{"origin": [-18.52697, 44.11215, -3.5], "size": [7, 12, 7], "pivot": [-13.52697, 45.61215, 1.5], "rotation": [0, 0, -175], "uv": [60, 10]},
						{"origin": [9.4, 46.7, -2], "size": [4, 5, 4], "pivot": [8, 50.2, 0], "rotation": [0, 0, 60], "uv": [45, 0], "mirror": true},
						{"origin": [11.43205, 46.75551, -3], "size": [6, 4, 6], "pivot": [12.43205, 48.25551, 1], "rotation": [0, 0, 140], "uv": [61, 0], "mirror": true},
						{"origin": [11.52697, 44.11215, -3.5], "size": [7, 12, 7], "pivot": [13.52697, 45.61215, 1.5], "rotation": [0, 0, 175], "uv": [60, 10], "mirror": true}
					]
				},
				{
					"name": "scirt",
					"parent": "body",
					"pivot": [0, 18, 0.5],
					"cubes": [
						{"origin": [-8, 4.4, -6.5], "size": [16, 14, 13], "uv": [0, 83]}
					]
				},
				{
					"name": "rightarm",
					"parent": "body",
					"pivot": [-6, 27, 0],
					"rotation": [0, 0, 2.5],
					"cubes": [
						{"origin": [-10, 23, -2], "size": [4, 7, 4], "uv": [94, 13]},
						{"origin": [-10.5, 27, -2.5], "size": [5, 4, 5], "pivot": [-8, 28, 0], "rotation": [0, 0, 12.5], "uv": [90, 26]}
					]
				},
				{
					"name": "rightarmpeice",
					"parent": "rightarm",
					"pivot": [-8, 23, 0],
					"cubes": [
						{"origin": [-10, 15, -2], "size": [4, 8, 4], "uv": [94, 13]}
					]
				},
				{
					"name": "righthand",
					"parent": "rightarmpeice",
					"pivot": [-8, 15, 0],
					"cubes": [
						{"origin": [-9, 10, -2], "size": [2, 5, 4], "uv": [0, 0]}
					]
				},
				{
					"name": "leftarm",
					"parent": "body",
					"pivot": [6, 27, 0],
					"rotation": [0, 0, -2.5],
					"cubes": [
						{"origin": [6, 23, -2], "size": [4, 7, 4], "uv": [94, 13], "mirror": true},
						{"origin": [5.5, 27, -2.5], "size": [5, 4, 5], "pivot": [8, 28, 0], "rotation": [0, 0, -12.5], "uv": [90, 26], "mirror": true}
					]
				},
				{
					"name": "leftarmpeice",
					"parent": "leftarm",
					"pivot": [8, 23, 0],
					"cubes": [
						{"origin": [6, 15, -2], "size": [4, 8, 4], "uv": [94, 13], "mirror": true}
					]
				},
				{
					"name": "lefthand",
					"parent": "leftarmpeice",
					"pivot": [8, 15, 0],
					"cubes": [
						{"origin": [7, 10, -2], "size": [2, 5, 4], "uv": [0, 0], "mirror": true}
					]
				},
				{
					"name": "rightleg",
					"parent": "waist",
					"pivot": [-3, 17, 0],
					"cubes": [
						{"origin": [-5.5, 11, -2.5], "size": [5, 6, 5], "uv": [90, 0]}
					]
				},
				{
					"name": "rightlegpeice",
					"parent": "rightleg",
					"pivot": [-2.5, 11, 0.5],
					"cubes": [
						{"origin": [-5.5, 3, -2.5], "size": [5, 8, 5], "uv": [90, 0]}
					]
				},
				{
					"name": "rightfoot",
					"parent": "rightlegpeice",
					"pivot": [-2.5, 3, 0.5],
					"cubes": [
						{"origin": [-6, 0, -7], "size": [6, 3, 10], "uv": [58, 97]}
					]
				},
				{
					"name": "leftleg",
					"parent": "waist",
					"pivot": [3, 17, 0],
					"cubes": [
						{"origin": [0.5, 11, -2.5], "size": [5, 6, 5], "uv": [90, 0], "mirror": true}
					]
				},
				{
					"name": "leftlegpeice",
					"parent": "leftleg",
					"pivot": [2.5, 11, 0.5],
					"cubes": [
						{"origin": [0.5, 3, -2.5], "size": [5, 8, 5], "uv": [90, 0], "mirror": true}
					]
				},
				{
					"name": "leftfoot",
					"parent": "leftlegpeice",
					"pivot": [2.5, 3, 0.5],
					"cubes": [
						{"origin": [0, 0, -7], "size": [6, 3, 10], "uv": [58, 97], "mirror": true}
					]
				}
			]
		}
	]
}