{
	"format_version": "1.12.0",
	"minecraft:geometry": [
		{
			"description": {
				"identifier": "geometry.ftl_boogie_bot",
				"texture_width": 64,
				"texture_height": 64,
				"visible_bounds_width": 4,
				"visible_bounds_height": 3.5,
				"visible_bounds_offset": [0, 1.25, 0]
			},
			"bones": [
				{
					"name": "waist",
					"pivot": [0, 0, 0]
				},
				{
					"name": "rightleg",
					"parent": "waist",
					"pivot": [-3.5, 4.5, 0],
					"cubes": [
						{"origin": [-5, 0.5, -6], "size": [3, 4, 12], "uv": [32, 8]},
						{"origin": [-5.5, 0, -6.5], "size": [4, 5, 13], "uv": [19, 24]}
					]
				},
				{
					"name": "leftleg",
					"parent": "waist",
					"pivot": [3.5, 4.5, 0],
					"cubes": [
						{"origin": [2, 0.5, -6], "size": [3, 4, 12], "uv": [32, 8], "mirror": true},
						{"origin": [1.5, 0, -6.5], "size": [4, 5, 13], "uv": [19, 24], "mirror": true}
					]
				},
				{
					"name": "body",
					"parent": "waist",
					"pivot": [0, 4.5, 0],
					"cubes": [
						{"origin": [-2, 14.5, -2], "size": [4, 4, 4], "uv": [34, 0]},
						{"origin": [-4.5, 4.5, -2.5], "size": [9, 11, 5], "uv": [0, 20]},
						{"origin": [-5.5, 11, -2.5], "size": [1, 4, 5], "uv": [0, 37]},
						{"origin": [4.5, 11, -2.5], "size": [1, 4, 5], "uv": [0, 37], "mirror": true}
					]
				},
				{
					"name": "head",
					"parent": "body",
					"pivot": [0, 16.5, 0],
					"cubes": [
						{"origin": [-6, 16.5, -5], "size": [12, 10, 10], "uv": [0, 0]}
					]
				},
				{
					"name": "rightarm",
					"parent": "body",
					"pivot": [-5, 12.9, 0],
					"cubes": [
						{"origin": [-10, 11.9, -1], "size": [5, 2, 2], "uv": [10, 44]}
					]
				},
				{
					"name": "rightarmpeice",
					"parent": "rightarm",
					"pivot": [-9, 12.9, 0],
					"cubes": [
						{"origin": [-15.3, 10.9, -2], "size": [6, 4, 4], "uv": [4, 48]},
						{"origin": [-9.5, 11.4, -1.5], "size": [1, 3, 3], "uv": [0, 46]},
						{"origin": [-20.3, 9.9, 0], "size": [5, 6, 0], "uv": [13, 37]}
					]
				},
				{
					"name": "leftarm",
					"parent": "body",
					"pivot": [5, 12.9, 0],
					"cubes": [
						{"origin": [5, 11.9, -1], "size": [5, 2, 2], "uv": [10, 44], "mirror": true}
					]
				},
				{
					"name": "leftarmpeice",
					"parent": "leftarm",
					"pivot": [9, 12.9, 0],
					"cubes": [
						{"origin": [9.3, 10.9, -2], "size": [6, 4, 4], "uv": [4, 48], "mirror": true},
						{"origin": [8.5, 11.4, -1.5], "size": [1, 3, 3], "uv": [0, 46], "mirror": true},
						{"origin": [15.3, 9.9, 0], "size": [5, 6, 0], "uv": [13, 37], "mirror": true}
					]
				}
			]
		}
	]
}