{
	"format_version": "1.8.0",
	"animations": {
		"animation.ftl_poppy.new": {
			"loop": true
		},
		"animation.ftl_poppy.pose1": {
			"loop": true,
			"bones": {
				"waist": {
					"position": [0, -15, 0]
				},
				"head": {
					"rotation": [5, -20, 0]
				},
				"rightleg": {
					"rotation": [-92.5, 12.5, 0]
				},
				"rightlegpeice": {
					"rotation": [2.5, 0, 0]
				},
				"rightfoot": {
					"rotation": [15, 0, 0]
				},
				"leftleg": {
					"rotation": [-92.5, -10, 0]
				},
				"leftlegpeice": {
					"rotation": [2.5, 0, 0]
				},
				"leftfoot": {
					"rotation": [15, 0, 0]
				},
				"scirt": {
					"rotation": [-90, 0, 0],
					"position": [0, 0, 0],
					"scale": [1, 1, 0.7]
				},
				"rightarm": {
					"rotation": [0, 0, 22.5]
				},
				"rightarmpeice": {
					"rotation": [-27.5, 0, 0]
				},
				"righthand": {
					"rotation": [-52.5, 0, 0]
				},
				"leftarm": {
					"rotation": [0, 0, -20]
				},
				"leftarmpeice": {
					"rotation": [-32.5, 0, 0]
				},
				"lefthand": {
					"rotation": [-45, 0, 0]
				}
			}
		},
		"animation.ftl_poppy.general": {
			"loop": true,
			"bones": {
				"waist": {
					"position": [0, -15, 0]
				},
				"head": {
					"rotation": [5, 0, 0]
				},
				"rightleg": {
					"rotation": [-92.5, 12.5, 0]
				},
				"rightlegpeice": {
					"rotation": [2.5, 0, 0]
				},
				"rightfoot": {
					"rotation": [15, 0, 0]
				},
				"leftleg": {
					"rotation": [-92.5, -10, 0]
				},
				"leftlegpeice": {
					"rotation": [2.5, 0, 0]
				},
				"leftfoot": {
					"rotation": [15, 0, 0]
				},
				"scirt": {
					"rotation": [-90, 0, 0],
					"position": [0, 0, 0],
					"scale": [1, 1, 0.7]
				},
				"rightarm": {
					"rotation": [0, 0, 22.5]
				},
				"rightarmpeice": {
					"rotation": [-27.5, 0, 0]
				},
				"righthand": {
					"rotation": [-52.5, 0, 0]
				},
				"leftarm": {
					"rotation": [0, 0, -20]
				},
				"leftarmpeice": {
					"rotation": [-32.5, 0, 0]
				},
				"lefthand": {
					"rotation": [-45, 0, 0]
				}
			}
		},
		"animation.ftl_poppy.jumping": {
			"loop": true,
			"bones": {
				"waist": {
					"position": [0, -15, 0]
				},
				"head": {
					"rotation": [5, 0, 0]
				},
				"rightleg": {
					"rotation": [-92.5, 12.5, 0]
				},
				"rightlegpeice": {
					"rotation": [2.5, 0, 0]
				},
				"rightfoot": {
					"rotation": [15, 0, 0]
				},
				"leftleg": {
					"rotation": [-92.5, -10, 0]
				},
				"leftlegpeice": {
					"rotation": [2.5, 0, 0]
				},
				"leftfoot": {
					"rotation": [15, 0, 0]
				},
				"scirt": {
					"rotation": [-90, 0, 0],
					"position": [0, 0, 0],
					"scale": [1, 1, 0.7]
				},
				"rightarm": {
					"rotation": [0, 0, 22.5]
				},
				"rightarmpeice": {
					"rotation": [-27.5, 0, 0]
				},
				"righthand": {
					"rotation": [-52.5, 0, 0]
				},
				"leftarm": {
					"rotation": [0, 0, -20]
				},
				"leftarmpeice": {
					"rotation": [-32.5, 0, 0]
				},
				"lefthand": {
					"rotation": [-45, 0, 0]
				}
			}
		},
		"animation.ftl_poppy.moving": {
			"loop": true,
			"bones": {
				"waist": {
					"position": [0, -15, 0]
				},
				"head": {
					"rotation": [5, 0, 0]
				},
				"rightleg": {
					"rotation": [-92.5, 12.5, 0]
				},
				"rightlegpeice": {
					"rotation": [2.5, 0, 0]
				},
				"rightfoot": {
					"rotation": [15, 0, 0]
				},
				"leftleg": {
					"rotation": [-92.5, -10, 0]
				},
				"leftlegpeice": {
					"rotation": [2.5, 0, 0]
				},
				"leftfoot": {
					"rotation": [15, 0, 0]
				},
				"scirt": {
					"rotation": [-90, 0, 0],
					"position": [0, 0, 0],
					"scale": [1, 1, 0.7]
				},
				"rightarm": {
					"rotation": [0, 0, 22.5]
				},
				"rightarmpeice": {
					"rotation": [-27.5, 0, 0]
				},
				"righthand": {
					"rotation": [-52.5, 0, 0]
				},
				"leftarm": {
					"rotation": [0, 0, -20]
				},
				"leftarmpeice": {
					"rotation": [-32.5, 0, 0]
				},
				"lefthand": {
					"rotation": [-45, 0, 0]
				}
			}
		}
	}
}