{
	"format_version": "1.8.0",
	"animations": {
		"animation.ftl_boogie_bot.new": {
			"loop": true
		},
		"animation.ftl_boogie_bot.moving": {
			"loop": true,
			"animation_length": 0.33333,
			"anim_time_update": "query.modified_distance_moved * 0.1",
			"bones": {
				"waist": {
					"position": {
						"0.0": [0, 0, 0],
						"0.0833": [0, 0.5, 0],
						"0.1667": [0, 0, 0],
						"0.25": [0, 0.5, 0],
						"0.3333": [0, 0, 0]
					}
				},
				"rightleg": {
					"position": [0, 0, 1]
				},
				"leftleg": {
					"position": [0, 0, 1]
				},
				"body": {
					"rotation": [15, 0, 0],
					"position": {
						"0.0": [0, 0, 0],
						"0.0833": [0, 1, 0],
						"0.1667": [0, 0, 0],
						"0.25": [0, 1, 0],
						"0.3333": [0, 0, 0]
					}
				},
				"head": {
					"rotation": [-12.5, 0, 0],
					"position": {
						"0.0": [0, 0, 0],
						"0.0833": [0, 1, 0],
						"0.1667": [0, 0, 0],
						"0.25": [0, 1, 0],
						"0.3333": [0, 0, 0]
					}
				},
				"rightarm": {
					"rotation": [42.5, -27.5, -35]
				},
				"rightarmpeice": {
					"rotation": [0, -35, 37.5]
				},
				"leftarm": {
					"rotation": [42.5, 27.5, 35]
				},
				"leftarmpeice": {
					"rotation": [0, 35, -37.5]
				}
			}
		},
		"animation.ftl_boogie_bot.running": {
			"loop": true,
			"animation_length": 0.33333,
			"anim_time_update": "query.modified_distance_moved * 0.1",
			"bones": {
				"waist": {
					"position": {
						"0.0": [0, 0, 0],
						"0.0833": [0, 0.5, 0],
						"0.1667": [0, 0, 0],
						"0.25": [0, 0.5, 0],
						"0.3333": [0, 0, 0]
					}
				},
				"rightleg": {
					"position": [0, 0, 1]
				},
				"leftleg": {
					"position": [0, 0, 1]
				},
				"body": {
					"rotation": [15, 0, 0],
					"position": {
						"0.0": [0, 0, 0],
						"0.0833": [0, 1, 0],
						"0.1667": [0, 0, 0],
						"0.25": [0, 1, 0],
						"0.3333": [0, 0, 0]
					}
				},
				"head": {
					"rotation": [-12.5, 0, 0],
					"position": {
						"0.0": [0, 0, 0],
						"0.0833": [0, 1, 0],
						"0.1667": [0, 0, 0],
						"0.25": [0, 1, 0],
						"0.3333": [0, 0, 0]
					}
				},
				"rightarm": {
					"rotation": [42.5, -27.5, -35]
				},
				"rightarmpeice": {
					"rotation": [0, -35, 37.5]
				},
				"leftarm": {
					"rotation": [42.5, 27.5, 35]
				},
				"leftarmpeice": {
					"rotation": [0, 35, -37.5]
				}
			}
		},
		"animation.ftl_boogie_bot.general": {
			"loop": true,
			"animation_length": 2.41667,
			"bones": {
				"body": {
					"rotation": {
						"0.0": {
							"post": [2.5, 0, 0],
							"lerp_mode": "catmullrom"
						},
						"1.1667": {
							"post": [0, 0, 0],
							"lerp_mode": "catmullrom"
						},
						"2.4167": {
							"post": [2.5, 0, 0],
							"lerp_mode": "catmullrom"
						}
					},
					"position": {
						"0.0": {
							"post": [0, 0, 0],
							"lerp_mode": "catmullrom"
						},
						"0.0833": {
							"post": [0, -0.5, 0],
							"lerp_mode": "catmullrom"
						},
						"0.1667": {
							"post": [0, 0, 0],
							"lerp_mode": "catmullrom"
						},
						"0.25": {
							"post": [0, 0, 0],
							"lerp_mode": "catmullrom"
						},
						"0.3333": {
							"post": [0, -0.5, 0],
							"lerp_mode": "catmullrom"
						},
						"0.4167": {
							"post": [0, 0, 0],
							"lerp_mode": "catmullrom"
						},
						"0.5": {
							"post": [0, 0, 0],
							"lerp_mode": "catmullrom"
						},
						"0.5833": {
							"post": [0, -0.5, 0],
							"lerp_mode": "catmullrom"
						},
						"0.6667": {
							"post": [0, 0, 0],
							"lerp_mode": "catmullrom"
						},
						"0.75": {
							"post": [0, 0, 0],
							"lerp_mode": "catmullrom"
						},
						"0.8333": {
							"post": [0, -0.5, 0],
							"lerp_mode": "catmullrom"
						},
						"0.9167": {
							"post": [0, 0, 0],
							"lerp_mode": "catmullrom"
						},
						"1.0": {
							"post": [0, -0.5, 0],
							"lerp_mode": "catmullrom"
						},
						"1.0833": {
							"post": [0, 0, 0],
							"lerp_mode": "catmullrom"
						},
						"1.1667": {
							"post": [0, 0, 0],
							"lerp_mode": "catmullrom"
						},
						"1.25": {
							"post": [0, -0.5, 0],
							"lerp_mode": "catmullrom"
						},
						"1.3333": {
							"post": [0, 0, 0],
							"lerp_mode": "catmullrom"
						},
						"1.4167": {
							"post": [0, 0, 0],
							"lerp_mode": "catmullrom"
						},
						"1.5": {
							"post": [0, -0.5, 0],
							"lerp_mode": "catmullrom"
						},
						"1.5833": {
							"post": [0, 0, 0],
							"lerp_mode": "catmullrom"
						},
						"1.6667": {
							"post": [0, 0, 0],
							"lerp_mode": "catmullrom"
						},
						"1.75": {
							"post": [0, -0.5, 0],
							"lerp_mode": "catmullrom"
						},
						"1.8333": {
							"post": [0, 0, 0],
							"lerp_mode": "catmullrom"
						},
						"1.9167": {
							"post": [0, 0, 0],
							"lerp_mode": "catmullrom"
						},
						"2.0": {
							"post": [0, -0.5, 0],
							"lerp_mode": "catmullrom"
						},
						"2.0833": {
							"post": [0, 0, 0],
							"lerp_mode": "catmullrom"
						},
						"2.1667": {
							"post": [0, -0.5, 0],
							"lerp_mode": "catmullrom"
						},
						"2.25": {
							"post": [0, 0, 0],
							"lerp_mode": "catmullrom"
						},
						"2.3333": {
							"post": [0, -0.5, 0],
							"lerp_mode": "catmullrom"
						},
						"2.4167": {
							"post": [0, 0, 0],
							"lerp_mode": "catmullrom"
						}
					}
				},
				"head": {
					"rotation": {
						"0.0": {
							"post": [-2.5, 0, 0],
							"lerp_mode": "catmullrom"
						},
						"1.1667": {
							"post": [0, 0, 0],
							"lerp_mode": "catmullrom"
						},
						"2.4167": {
							"post": [-2.5, 0, 0],
							"lerp_mode": "catmullrom"
						}
					},
					"position": {
						"0.0": {
							"post": [0, 0, 0],
							"lerp_mode": "catmullrom"
						},
						"0.0833": {
							"post": [0, -1, 0],
							"lerp_mode": "catmullrom"
						},
						"0.1667": {
							"post": [0, 0, 0],
							"lerp_mode": "catmullrom"
						},
						"0.25": {
							"post": [0, 0, 0],
							"lerp_mode": "catmullrom"
						},
						"0.3333": {
							"post": [0, -1, 0],
							"lerp_mode": "catmullrom"
						},
						"0.4167": {
							"post": [0, 0, 0],
							"lerp_mode": "catmullrom"
						},
						"0.5": {
							"post": [0, 0, 0],
							"lerp_mode": "catmullrom"
						},
						"0.5833": {
							"post": [0, -1, 0],
							"lerp_mode": "catmullrom"
						},
						"0.6667": {
							"post": [0, 0, 0],
							"lerp_mode": "catmullrom"
						},
						"0.75": {
							"post": [0, 0, 0],
							"lerp_mode": "catmullrom"
						},
						"0.8333": {
							"post": [0, -1, 0],
							"lerp_mode": "catmullrom"
						},
						"0.9167": {
							"post": [0, 0, 0],
							"lerp_mode": "catmullrom"
						},
						"1.0": {
							"post": [0, -1, 0],
							"lerp_mode": "catmullrom"
						},
						"1.0833": {
							"post": [0, 0, 0],
							"lerp_mode": "catmullrom"
						},
						"1.1667": {
							"post": [0, -1, 0],
							"lerp_mode": "catmullrom"
						},
						"1.25": {
							"post": [0, 0, 0],
							"lerp_mode": "catmullrom"
						},
						"1.3333": {
							"post": [0, 0, 0],
							"lerp_mode": "catmullrom"
						},
						"1.4167": {
							"post": [0, -1, 0],
							"lerp_mode": "catmullrom"
						},
						"1.5": {
							"post": [0, 0, 0],
							"lerp_mode": "catmullrom"
						},
						"1.5833": {
							"post": [0, 0, 0],
							"lerp_mode": "catmullrom"
						},
						"1.6667": {
							"post": [0, -1, 0],
							"lerp_mode": "catmullrom"
						},
						"1.75": {
							"post": [0, 0, 0],
							"lerp_mode": "catmullrom"
						},
						"1.8333": {
							"post": [0, 0, 0],
							"lerp_mode": "catmullrom"
						},
						"1.9167": {
							"post": [0, -1, 0],
							"lerp_mode": "catmullrom"
						},
						"2.0": {
							"post": [0, 0, 0],
							"lerp_mode": "catmullrom"
						},
						"2.0833": {
							"post": [0, -1, 0],
							"lerp_mode": "catmullrom"
						},
						"2.1667": {
							"post": [0, 0, 0],
							"lerp_mode": "catmullrom"
						},
						"2.25": {
							"post": [0, -1, 0],
							"lerp_mode": "catmullrom"
						},
						"2.3333": {
							"post": [0, 0, 0],
							"lerp_mode": "catmullrom"
						},
						"2.4167": {
							"post": [0, -1, 0],
							"lerp_mode": "catmullrom"
						}
					}
				},
				"rightarm": {
					"rotation": {
						"0.0": {
							"post": [0, 0, -57.5],
							"lerp_mode": "catmullrom"
						},
						"2.4167": {
							"post": [0, 0, -57.5],
							"lerp_mode": "catmullrom"
						}
					}
				},
				"rightarmpeice": {
					"rotation": {
						"0.0": {
							"post": [0, -22.5, 5],
							"lerp_mode": "catmullrom"
						},
						"2.4167": {
							"post": [0, -22.5, 5],
							"lerp_mode": "catmullrom"
						}
					}
				},
				"leftarm": {
					"rotation": {
						"0.0": {
							"post": [0, 0, 57.5],
							"lerp_mode": "catmullrom"
						},
						"2.4167": {
							"post": [0, 0, 57.5],
							"lerp_mode": "catmullrom"
						}
					}
				},
				"leftarmpeice": {
					"rotation": {
						"0.0": {
							"post": [0, 22.5, -5],
							"lerp_mode": "catmullrom"
						},
						"2.4167": {
							"post": [0, 22.5, -5],
							"lerp_mode": "catmullrom"
						}
					}
				}
			}
		},
		"animation.ftl_boogie_bot.pose2": {
			"loop": true,
			"bones": {
				"body": {
					"rotation": [17.5, -12.5, 10]
				},
				"head": {
					"rotation": [7.5, 10, 12.5]
				},
				"rightleg": {
					"rotation": [0, 7.5, 15]
				},
				"leftleg": {
					"rotation": [2.5, -20, -10]
				},
				"rightarm": {
					"rotation": [-3.18023, -20.42861, -64.04558]
				},
				"rightarmpeice": {
					"rotation": [0, -10, 7.5]
				},
				"leftarm": {
					"rotation": [0, 17.5, 57.5]
				},
				"leftarmpeice": {
					"rotation": [0, 0, -37.5]
				}
			}
		},
		"animation.ftl_boogie_bot.pose1": {
			"loop": true,
			"bones": {
				"body": {
					"rotation": [10, 17.5, 7.5]
				},
				"head": {
					"rotation": [-5, 17.5, -5]
				},
				"rightleg": {
					"rotation": [20, 30, 30]
				},
				"leftleg": {
					"rotation": [0, 15, 0]
				},
				"rightarm": {
					"rotation": [0, 0, 20]
				},
				"rightarmpeice": {
					"rotation": [0, 0, 45]
				},
				"leftarm": {
					"rotation": [0, 27.5, 25]
				},
				"leftarmpeice": {
					"rotation": [0, 30, -37.5]
				}
			}
		}
	}
}