{
	"format_version": "1.10.0",
	"geometry.ball_projectile": {
		"texturewidth": 64,
		"textureheight": 64,
		"visible_bounds_width": 3,
		"visible_bounds_height": 3,
		"visible_bounds_offset": [0, 1.5, 0],
		"bones": [
			{
				"name": "bone",
				"pivot": [0, 0, 0],
				"cubes": [
					{"origin": [-3, 0, -3], "size": [6, 1, 6], "uv": [-4, -4]},
					{"origin": [-3, 9, -3], "size": [6, 1, 6], "uv": [-4, -4]},
					{"origin": [-4, 1, -4], "size": [8, 8, 8], "uv": [-6, -6]},
					{"origin": [4, 2, -3], "size": [1, 6, 6], "uv": [-4, -4]},
					{"origin": [-5, 2, -3], "size": [1, 6, 6], "uv": [-4, -4]},
					{"origin": [-3, 2, 4], "size": [6, 6, 1], "uv": [1, 1]},
					{"origin": [-3, 2, -5], "size": [6, 6, 1], "uv": [1, 1]}
				]
			}
		]
	}
}