{
  "format_version": "1.12",
  "minecraft:recipe_shaped": {
    "description": {
      "identifier": "sculkbone_sword_6792ba49"
    },
    "tags": [
      "crafting_table"
    ],
    "pattern": [
      "A",
      "B",
      "C"
    ],
    "key": {
      "A": {
        "item": "minecraft:sculk_shrieker",
        "data": 0
      },
      "B": {
        "item": "minecraft:sculk_catalyst",
        "data": 0
      },
      "C": {
        "item": "minecraft:blaze_rod",
        "data": 0
      }
    },
    "result": {
      "item": "m:sculkbone_sword",
      "count": 1
    }
  }
}