{
  "format_version": "1.12",
  "minecraft:recipe_shaped": {
    "description": {
      "identifier": "sculkbone_pickaxe_e7e60b2d"
    },
    "tags": [
      "crafting_table"
    ],
    "pattern": [
      "ABA",
      " C ",
      " C "
    ],
    "key": {
      "A": {
        "item": "minecraft:sculk_catalyst",
        "data": 0
      },
      "B": {
        "item": "minecraft:sculk_shrieker",
        "data": 0
      },
      "C": {
        "item": "minecraft:blaze_rod",
        "data": 0
      }
    },
    "result": {
      "item": "m:sculkbone_pickaxe",
      "count": 1
    }
  }
}