{
  "format_version": "1.12",
  "minecraft:recipe_shaped": {
    "description": {
      "identifier": "sculkbone_hoe_b5be4193"
    },
    "tags": [
      "crafting_table"
    ],
    "pattern": [
      "AB ",
      " C ",
      " C "
    ],
    "key": {
      "A": {
        "item": "minecraft:sculk_catalyst",
        "data": 0
      },
      "B": {
        "item": "minecraft:sculk_shrieker",
        "data": 0
      },
      "C": {
        "item": "minecraft:blaze_rod",
        "data": 0
      }
    },
    "result": {
      "item": "m:sculkbone_hoe",
      "count": 1
    }
  }
}