{
  "format_version": "1.12",
  "minecraft:recipe_shaped": {
    "description": {
      "identifier": "zordenight_sword_b1334b76"
    },
    "tags": [
      "crafting_table"
    ],
    "pattern": [
      "ABA",
      "CDC",
      "EFE"
    ],
    "key": {
      "A": {
        "item": "minecraft:diamond_block",
        "data": 0
      },
      "B": {
        "item": "minecraft:netherstar",
        "data": 0
      },
      "C": {
        "item": "minecraft:netherite_block",
        "data": 0
      },
      "D": {
        "item": "m:sculkbone_sword",
        "data": 0
      },
      "E": {
        "item": "minecraft:echo_shard",
        "data": 0
      },
      "F": {
        "item": "minecraft:blaze_rod",
        "data": 0
      }
    },
    "result": {
      "item": "m:zordenight_sword",
      "count": 1
    }
  }
}