{
   "format_version": "1.18.10",
   "minecraft:entity": {
      "description": {
         "identifier": "dbe:frost",
         "is_spawnable": false,
         "is_summonable": true,
         "is_experimental": false
      },
      "component_groups": {
         "dbe:first_form": {
            "minecraft:variant": {
               "value": 0
            },
            "minecraft:health": {
               "value": 6000,
               "max": 6000
            },
            "minecraft:attack": {
               "damage": 600
            },
            "minecraft:scale": {
               "value": 1.05
            }
         },
         "dbe:second_form": {
            "minecraft:variant": {
               "value": 1
            },
            "minecraft:health": {
               "value": 8500,
               "max": 8500
            },
            "minecraft:attack": {
               "damage": 800
            },
            "minecraft:scale": {
               "value": 1.2
            }
         },
         "dbe:third_form": {
            "minecraft:variant": {
               "value": 2
            },
            "minecraft:health": {
               "value": 10000,
               "max": 10000
            },
            "minecraft:attack": {
               "damage": 1000
            },
            "minecraft:scale": {
               "value": 1.05
            }
         },
         "dbe:movement_walk": {
            "minecraft:navigation.walk": {
               "avoid_damage_blocks": true,
               "can_sink": false
            },
            "minecraft:movement.basic": {
               "max_turn": 360
            },
            "minecraft:physics": {}
         },
         "dbe:movement_flying": {
            "minecraft:navigation.hover": {
               "avoid_damage_blocks": true,
               "can_path_from_air": true,
               "can_path_over_water": true,
               "can_sink": false
            },
            "minecraft:physics": {
               "has_gravity": false
            },
            "minecraft:movement.hover": {
               "max_turn": 360
            },
            "minecraft:can_fly": {}
         },
         "dbe:melee_mode": {
            "minecraft:behavior.melee_attack": {
               "priority": 2,
               "melee_fov": 180,
               "cooldown_time": 0.5,
               "reach_multiplier": 4
            }
         },
         "dbe:ranged_mode": {
            "minecraft:shooter": {
               "def": "dbe:ki_blast"
            },
            "minecraft:behavior.ranged_attack": {
               "priority": 2,
               "attack_interval_min": 4,
               "attack_interval_max": 5,
               "attack_radius": 20
            }
         },
         "dbe:no_special": {
            "minecraft:mark_variant": {
               "value": 0
            },
            "minecraft:knockback_resistance": {
               "value": 0
            },
            "minecraft:timer": {
               "time": [
                  4,
                  8
               ],
               "looping": true,
               "time_down_event": {
                  "event": "dbe:random_event"
               }
            }
         },
         "dbe:attack_ki_blast": {
            "minecraft:mark_variant": {
               "value": 1
            },
            "minecraft:spawn_entity": {
               "entities": [
                  {
                     "min_wait_time": 1,
                     "max_wait_time": 1,
                     "spawn_entity": "dbe:ki_blast",
                     "spawn_event": "minecraft:entity_spawned",
                     "single_use": true
                  }
               ]
            },
            "minecraft:timer": {
               "time": 1,
               "looping": false,
               "time_down_event": {
                  "event": "dbe:reset_special"
               }
            }
         },
         "dbe:defend": {
            "minecraft:mark_variant": {
               "value": 2
            },
            "minecraft:knockback_resistance": {
               "value": 0.5
            },
            "minecraft:spell_effects": {
               "remove_effects": "slowness",
               "add_effects": [
                  {
                     "effect": "slowness",
                     "duration": 1,
                     "amplifier": 1,
                     "visible": false
                  }
               ]
            },
            "minecraft:timer": {
               "time": 1,
               "looping": false,
               "time_down_event": {
                  "event": "dbe:reset_special"
               }
            }
         },
         "dbe:grab": {
            "minecraft:mark_variant": {
               "value": 3
            },
            "minecraft:rideable": {
               "seat_count": 1,
               "family_types": [
                  "player"
               ],
               "seats": {
                  "position": [
                     -0.4,
                     0.5,
                     0.75
                  ],
                  "lock_rider_rotation": 0,
                  "rotate_rider_by": 180
               }
            },
            "minecraft:timer": {
               "time": 1.5,
               "looping": false,
               "time_down_event": {
                  "event": "dbe:reset_special"
               }
            }
         },
         "dbe:knockback": {
            "minecraft:behavior.knockback_roar": {
               "priority": 1,
               "duration": 0.2,
               "attack_time": 0.1,
               "knockback_damage": 70,
               "knockback_strength": 6,
               "knockback_range": 5,
               "on_roar_end": {
                  "event": "dbe:remove_knockback"
               },
               "cooldown_time": 0.1
            }
         },
         "dbe:speed_dash": {
            "minecraft:mark_variant": {
               "value": 4
            },
            "minecraft:spell_effects": {
               "remove_effects": "speed",
               "add_effects": [
                  {
                     "effect": "speed",
                     "duration": 0.8,
                     "amplifier": 5,
                     "visible": false
                  }
               ]
            },
            "minecraft:timer": {
               "time": 0.8,
               "looping": false,
               "time_down_event": {
                  "event": "dbe:defend"
               }
            }
         },
         "dbe:teleport": {
            "minecraft:mark_variant": {
               "value": 5
            },
            "minecraft:spell_effects": {
               "remove_effects": [
                  "invisibility",
                  "speed"
               ],
               "add_effects": [
                  {
                     "effect": "invisibility",
                     "duration": 0.6,
                     "amplifier": 0,
                     "visible": false
                  },
                  {
                     "effect": "speed",
                     "duration": 0.6,
                     "amplifier": 25,
                     "visible": false
                  }
               ]
            },
            "minecraft:timer": {
               "time": 0.6,
               "looping": false,
               "time_down_event": {
                  "event": "dbe:reset_special"
               }
            }
         },
         "dbe:transform": {
            "minecraft:behavior.knockback_roar": {
               "priority": 1,
               "duration": 0.2,
               "attack_time": 0.1,
               "knockback_damage": 0,
               "knockback_strength": 5,
               "knockback_range": 5,
               "on_roar_end": {
                  "event": "dbe:end_transform"
               },
               "cooldown_time": 0.1
            }
         },
         "dbe:cell_angry": {
            "minecraft:angry": {
               "duration": 60,
               "calm_event": {
                  "event": "dbe:despawn",
                  "target": "self"
               }
            }
         },
         "dbe:despawn": {
            "minecraft:instant_despawn": {}
         }
      },
      "components": {
         "minecraft:type_family": {
            "family": [
               "cell"
            ]
         },
         "minecraft:collision_box": {
            "width": 0.6,
            "height": 1.9
         },
         "minecraft:breathable": {
            "total_supply": 15,
            "suffocate_time": 0,
            "generates_bubbles": false
         },
         "minecraft:follow_range": {
            "value": 64,
            "max": 64
         },
         "minecraft:movement": {
            "value": 0.31
         },
         "minecraft:underwater_movement": {
            "value": 0.31
         },
         "minecraft:flying_speed": {
            "value": 0.31
         },
         "minecraft:behavior.float": {
            "priority": 0
         },
         "minecraft:behavior.nearest_attackable_target": {
            "priority": 1,
            "within_radius": 64,
            "entity_types": [
               {
                  "filters": {
                     "test": "is_family",
                     "subject": "other",
                     "value": "player"
                  },
                  "max_dist": 64
               }
            ]
         },
         "minecraft:behavior.summon_entity": {
            "priority": 2,
            "summon_choices": [
               {
                  "weight": 1,
                  "filters": {
                     "test": "is_variant",
                     "value": 2
                  },
                  "cast_duration": 1,
                  "cooldown_time": 120,
                  "min_activation_range": 0,
                  "max_activation_range": 16,
                  "sequence": [
                     {
                        "delay_per_summon": 0.2,
                        "entity_type": "dbe:cell_junior",
                        "entity_lifespan": 30,
                        "num_entities_spawned": 4,
                        "shape": "circle",
                        "size": 1.5
                     }
                  ]
               }
            ]
         },
         "minecraft:behavior.random_stroll": {
            "priority": 7,
            "speed_multiplier": 1
         },
         "minecraft:behavior.look_at_player": {
            "priority": 8,
            "look_distance": 6,
            "probability": 0.02
         },
         "minecraft:behavior.random_look_around": {
            "priority": 9
         },
         "minecraft:target_nearby_sensor": {
            "inside_range": 5,
            "outside_range": 6,
            "on_inside_range": {
               "event": "dbe:switch_to_melee",
               "target": "self"
            },
            "on_outside_range": {
               "event": "dbe:switch_to_ranged",
               "target": "self"
            }
         },
         "minecraft:hurt_on_condition": {
            "damage_conditions": [
               {
                  "filters": {
                     "test": "in_lava",
                     "value": true
                  },
                  "cause": "lava",
                  "damage_per_tick": 4
               }
            ]
         },
         "minecraft:damage_sensor": {
            "triggers": [
               {
                  "cause": "fall",
                  "damage_multiplier": 0.1
               },
               {
                  "on_damage": {
                     "filters": {
                        "test": "is_family",
                        "subject": "other",
                        "value": "cell"
                     }
                  },
                  "deals_damage": false
               },
               {
                  "on_damage": {
                     "filters": {
                        "all_of": [
                           {
                              "test": "is_variant",
                              "operator": "!=",
                              "value": 2
                           },
                           {
                              "test": "has_damage",
                              "value": "fatal"
                           }
                        ]
                     },
                     "event": "dbe:transform",
                     "target": "self"
                  },
                  "deals_damage": false
               },
               {
                  "on_damage": {
                     "filters": {
                        "all_of": [
                           {
                              "test": "is_family",
                              "subject": "other",
                              "value": "player"
                           },
                           {
                              "test": "random_chance",
                              "value": 10
                           },
                           {
                              "test": "is_mark_variant",
                              "value": 0
                           },
                           {
                              "test": "on_ground"
                           }
                        ]
                     },
                     "event": "dbe:defend"
                  }
               },
               {
                  "on_damage": {
                     "filters": {
                        "test": "is_mark_variant",
                        "value": 2
                     }
                  },
                  "damage_multiplier": 0.25
               },
               {
                  "on_damage": {
                     "filters": {
                        "all_of": [
                           {
                              "test": "is_family",
                              "subject": "other",
                              "value": "player"
                           },
                           {
                              "test": "random_chance",
                              "value": 12
                           },
                           {
                              "test": "is_mark_variant",
                              "value": 0
                           }
                        ]
                     },
                     "event": "dbe:grab"
                  }
               }
            ]
         },
         "minecraft:environment_sensor": {
            "triggers": [
               {
                  "filters": {
                     "test": "is_mark_variant",
                     "value": 3
                  },
                  "event": "dbe:grab"
               }
            ]
         },
         "minecraft:on_target_acquired": {
            "event": "dbe:become_angry",
            "target": "self"
         },
         "minecraft:pushable": {
            "is_pushable": true,
            "is_pushable_by_piston": true
         },
         "minecraft:despawn": {
            "despawn_from_distance": {
               "max_distance": 128,
               "min_distance": 64
            }
         },
         "minecraft:nameable": {},
         "minecraft:is_hidden_when_invisible": {},
         "minecraft:jump.static": {},
         "minecraft:can_climb": {},
         "minecraft:conditional_bandwidth_optimization": {}
      },
      "events": {
         "minecraft:entity_spawned": {
            "run_command": {
               "command": [
                  "tag @s add dbe:power_7",
                  "tag @s add dbe:blue_ki"
               ]
            },
            "add": {
               "component_groups": [
                  "dbe:imperfect_cell",
                  "dbe:movement_walk",
                  "dbe:no_special"
               ]
            }
         },
         "dbe:become_angry": {
            "add": {
               "component_groups": [
                  "dbe:cell_angry"
               ]
            }
         },
         "dbe:random_event": {
            "sequence": [
               {
                  "filters": {
                     "all_of": [
                        {
                           "test": "has_target"
                        },
                        {
                           "test": "is_mark_variant",
                           "value": 0
                        }
                     ]
                  },
                  "remove": {
                     "component_groups": [
                        "dbe:no_special"
                     ]
                  },
                  "randomize": [
                     {
                        "weight": 1,
                        "filters": {
                           "test": "has_component",
                           "operator": "!=",
                           "value": "minecraft:shooter"
                        },
                        "add": {
                           "component_groups": [
                              "dbe:attack_ki_blast"
                           ]
                        }
                     },
                     {
                        "weight": 1,
                        "filters": {
                           "test": "has_component",
                           "value": "minecraft:shooter"
                        },
                        "randomize": [
                           {
                              "weight": 2,
                              "trigger": {
                                 "event": "dbe:switch_to_melee"
                              }
                           },
                           {
                              "weight": 8
                           }
                        ]
                     },
                     {
                        "weight": 2,
                        "filters": {
                           "test": "on_ground"
                        },
                        "add": {
                           "component_groups": [
                              "dbe:speed_dash"
                           ]
                        }
                     },
                     {
                        "weight": 2,
                        "trigger": {
                           "event": "dbe:teleport"
                        }
                     }
                  ]
               }
            ]
         },
         "dbe:reset_special": {
            "sequence": [
               {
                  "filters": {
                     "test": "is_mark_variant",
                     "value": 3
                  },
                  "remove": {
                     "component_groups": [
                        "dbe:grab"
                     ]
                  },
                  "add": {
                     "component_groups": [
                        "dbe:knockback"
                     ]
                  }
               },
               {
                  "remove": {
                     "component_groups": [
                        "dbe:attack_ki_blast",
                        "dbe:defend",
                        "dbe:speed_dash",
                        "dbe:teleport"
                     ]
                  },
                  "add": {
                     "component_groups": [
                        "dbe:no_special"
                     ]
                  }
               },
               {
                  "run_command": {
                     "command": [
                        "tag * remove dbe:grab"
                     ]
                  }
               },
               {
                  "filters": {
                     "test": "random_chance",
                     "value": 5
                  },
                  "trigger": {
                     "event": "dbe:random_event"
                  }
               }
            ]
         },
         "dbe:defend": {
            "sequence": [
               {
                  "filters": {
                     "test": "is_mark_variant",
                     "value": 4
                  },
                  "add": {
                     "component_groups": [
                        "dbe:knockback"
                     ]
                  }
               },
               {
                  "add": {
                     "component_groups": [
                        "dbe:defend"
                     ]
                  }
               }
            ]
         },
         "dbe:grab": {
            "sequence": [
               {
                  "filters": {
                     "test": "is_mark_variant",
                     "value": 0
                  },
                  "run_command": {
                     "command": [
                        "tag @s add dbe:grab"
                     ],
                     "target": "other"
                  },
                  "add": {
                     "component_groups": [
                        "dbe:grab"
                     ]
                  }
               },
               {
                  "run_command": {
                     "command": [
                        "ride @e[tag=dbe:grab,r=2,c=1] start_riding @s teleport_rider"
                     ]
                  }
               }
            ]
         },
         "dbe:switch_to_melee": {
            "sequence": [
               {
                  "filters": {
                     "test": "on_ground",
                     "subject": "target"
                  },
                  "remove": {
                     "component_groups": [
                        "dbe:movement_flying"
                     ]
                  },
                  "add": {
                     "component_groups": [
                        "dbe:movement_walk"
                     ]
                  }
               },
               {
                  "remove": {
                     "component_groups": [
                        "dbe:ranged_mode"
                     ]
                  },
                  "add": {
                     "component_groups": [
                        "dbe:melee_mode"
                     ]
                  }
               }
            ]
         },
         "dbe:switch_to_ranged": {
            "sequence": [
               {
                  "remove": {
                     "component_groups": [
                        "dbe:movement_walk",
                        "dbe:melee_mode"
                     ]
                  },
                  "add": {
                     "component_groups": [
                        "dbe:movement_flying",
                        "dbe:ranged_mode"
                     ]
                  }
               }
            ]
         },
         "dbe:remove_knockback": {
            "remove": {
               "component_groups": [
                  "dbe:knockback"
               ]
            }
         },
         "dbe:transform": {
            "sequence": [
               {
                  "filters": {
                     "test": "is_variant",
                     "value": 0
                  },
                  "add": {
                     "component_groups": [
                        "dbe:second_form"
                     ]
                  }
               },
               {
                  "filters": {
                     "test": "is_variant",
                     "value": 1
                  },
                  "add": {
                     "component_groups": [
                        "dbe:third_form"
                     ]
                  }
               },
               {
                  "run_command": {
                     "command": [
                        "effect @s instant_health 1 255 true"
                     ]
                  },
                  "add": {
                     "component_groups": [
                        "dbe:transform"
                     ]
                  }
               }
            ]
         },
         "dbe:end_transform": {
            "remove": {
               "component_groups": [
                  "dbe:transform"
               ]
            }
         },
         "dbe:despawn": {
            "run_command": {
               "command": [
                  "playsound mob.player.teleport2 @a ~~~"
               ]
            },
            "add": {
               "component_groups": [
                  "dbe:despawn"
               ]
            }
         },
         "dbe:teleport": {}
      }
   }
}