{
  "format_version": "1.13.0",
  "minecraft:entity": {
    "description": {
      "identifier": "ic:green_generator",
      "is_spawnable": true,
      "is_summonable": true,
      "is_experimental": false
    },
    "component_groups": {
    "down": {
                "minecraft:transformation": {
                    "into": "ic:green_generator_down"
                }
			}
		}, 
    "components": {
      "minecraft:type_family": {
        "family": [ "inanimate","playtime"]
      },
      "minecraft:damage_sensor": {
      "damage_conditions": [
          {
            "filters": { "test": "in_lava", "subject": "self", "operator": "==", "value": true },
            "cause": "lava",
            "damage_per_tick": 4
          }
        ], 
        "triggers": {
          "cause": "all",
          "deals_damage": false
        }
      },
      "minecraft:knockback_resistance": {
        "value": 1.0,
        "max": 1.0
      },
      "minecraft:collision_box": {
        "width": 0.5,
        "height": 0.5
      },
      "minecraft:health": {
        "value": 10,
        "max": 10
      },
      "minecraft:loot": {
        "table": "loot_tables/entities/boat.json"
      },
      "minecraft:physics": {
      "has_gravity" : false,
      "has_collision" : false 
      },
      "minecraft:on_hurt": {
        "event": "on:hurt",
        "target": "self"
      }, 
              "minecraft:entity_sensor": {
          "sensor_range":1,
          "relative_range": false,
          "require_all": false,
          "event_filters": { 
			"all_of": [
				{"test": "is_family", "subject": "other", "value": "green" }
			]
		  },
          "event": "down"
        }
    }, 
    "events": { 
    "minecraft:entity_transformed": {
				"add": {
					"component_groups": ["test"]
				}
			},
        "down": {
        "add": {
          "component_groups": ["down"] 
        }
      }
    }  
  }
}