{
  "mob.longlegs.jumpscare": {
    "category": "hostile",
    "sounds": [
      "sounds/mobs/longlegs_jumpscare"
    ]
  },
  "door.scan.all": {
    "category": "hostile",
    "min_distance": 100.0,
    "sounds": [
      "sounds/mobs/door_scan"
    ]
  },
  "mob.longlegs.hideseek": {
    "category": "hostile",
    "min_distance": 100.0,
    "sounds": [
      "sounds/mobs/longlegs_hideseek"
    ]
  },
  "mob.longlegs.metplayer": {
    "category": "hostile",
    "min_distance": 100.0,
    "sounds": [
      "sounds/mobs/longlegs_meet"
    ]
  },
  "mob.poppy.kidnap": {
    "category": "hostile",
    "min_distance": 100.0,
    "sounds": [
      "sounds/mobs/poppy_kidnap"
    ]
  },
  "mob.longlegs.chase": {
    "category": "hostile",
    "min_distance": 200.0,
    "sounds": [
    {
      "name" : "sounds/mobs/longlegs_chase", 
      "volume": 0.75 
     }
    ]
  },
  "mob.longlegs.death": {
    "category": "hostile",
    "min_distance": 100.0,
    "sounds": [
      "sounds/mobs/longlegs_death"
    ]
  },
  "grabpack.reel": {
    "category": "hostile",
    "min_distance": 10.0,
    "sounds": [
      {
      "name" : "sounds/mobs/reel", 
      "volume": 0.7
     }
    ]
  },
  "item.grab_pack": {
    "category": "hostile",
    "sounds": [
      "sounds/mobs/grab_pack"
    ]
  },
  "mob.wuggy.wiggle": {
    "category": "hostile",
    "sounds": [
    {
      "name" : "sounds/mobs/wuggy_wiggle",
      "volume": 0.75
     }
    ]
  },
  "mob.wuggy.jumpscare": {
    "category": "hostile",
    "sounds": [
      "sounds/mobs/wuggy_jumpscare"
    ]
  },
  "mob.bunzo.jumpscare": {
    "category": "hostile",
    "sounds": [
      "sounds/mobs/bunzo_jumpscare"
    ]
  },
  "mob.bunzo.cymbals": {
    "category": "hostile",
    "sounds": [
      "sounds/mobs/cymbals"
    ]
  },
  "mob.pugpillar.jumpscare": {
    "category": "hostile",
    "sounds": [
      "sounds/mobs/pugpillar_jumpscare"
    ]
  }, 
  "cutout.mll": {
    "category": "hostile",
    "sounds": [
      "sounds/mobs/Mommy"
    ]
  },
  "cutout.pj": {
    "category": "hostile",
    "sounds": [
      "sounds/mobs/Pj"
    ]
  }, 
  "cutout.huggy": {
    "category": "hostile",
    "sounds": [
      "sounds/mobs/Huggy_wuggy"
    ]
  }, 
  "cutout.missy": {
    "category": "hostile",
    "sounds": [
      "sounds/mobs/Missy"
    ]
  },
  "cutout.bunzo": {
    "category": "hostile",
    "sounds": [
      "sounds/mobs/Bunzo"
    ]
  }, 
  "cutout.catbee": {
    "category": "hostile",
    "sounds": [
      "sounds/mobs/Catbee"
    ]
  }, 
"cutout.daisy": {
    "category": "hostile",
    "sounds": [
      "sounds/mobs/Daisy"
    ]
  },
  "cutout.bron": {
    "category": "hostile",
    "sounds": [
      "sounds/mobs/Bron"
    ]
  }, 
  "cutout.candy": {
    "category": "hostile",
    "sounds": [
      "sounds/mobs/Candy"
    ]
  }, 
  "cutout.boogie": {
    "category": "hostile",
    "sounds": [
      "sounds/mobs/Boogie"
    ]
  }  
}