{
  "format_version": "1.10.0",
  "minecraft:client_entity": {
    "description": {
      "identifier": "stk:whis100",
      "textures": {
        "default": "textures/dbz/whis"
      },
      "materials": {
        "default": "skeleton"
      },
      "geometry": {
        "default": "geometry.whis"
      },
      "render_controllers": [
        "controller.render.translucence"
      ],
      "spawn_egg": {
        "texture": "v",
        "texture_index": 0
      },
      "animations": {
          "all": "controller.animation.npc",
          "npc.stop": "animation.gohanteen.stop",
        "npc.walk": "animation.majinboo.run",
        "npc.atk": "animation.dbz.attack1"
      },
      "scripts": {
        "animate": [
          "all"
         
          
        ]
      }
    }
  }
}    
















 
















