{
	"format_version": "1.8.0",
	"animations": {
		"animation.bm.bob": {
			"loop": true,
			"animation_length": 5,
			"bones": {
				"1": {
					"rotation": {
						"0.0": [0, 0, 0],
						"5.0": [0, -360, 0]
					}
				},
				"2": {
					"rotation": {
						"0.0": [0, 0, 0],
						"5.0": [0, 360, 0]
					}
				},
				"3": {
					"rotation": {
						"0.0": [0, 0, 0],
						"5.0": [0, -360, 0]
					}
				},
				"head": {
					"rotation": {
						"0.0": [5, 0, 0],
						"2.6": [-5, 0, 0],
						"5.0": [5, 0, 0]
					}
				}
			}
		}
	}
}