{
  "format_version": "1.8.0",
  "animations": {
    "animation.player.bow_custom.first_person": {
      "loop": true,
      "bones": {
        "rightitem": {
          "rotation": [ "c.is_first_person ? 30 : 0", "c.is_first_person ? -120 : 0", "c.is_first_person ? -60 : 0" ],
          "position": [ " c.is_first_person ? -6 : 0", "c.is_first_person ? -5 : 0", "c.is_first_person ? -2 : 0" ]
        }
      }
    },
    "animation.player.bow_custom": {
      "loop": true,
      "bones": {
        "rightitem": {
          "position": [ 0.5, -2, 0 ]
        }
      }
    }
  }
}