{
	"format_version": "1.8.0",
	"animations": {
		"animation.titan_c.look_at_target": {
			"loop": true,
			"bones": {
				"head": {
					"rotation": ["query.target_x_rotation", "query.target_y_rotation", 0]
				},
				"body0": {
					"position": [0, 0.3, 0]
				},
				"body1": {
					"rotation": ["query.target_x_rotation * 0.09", "query.target_y_rotation * 0.2", 0]
				},
				"body2": {
					"rotation": ["query.target_x_rotation * 0.12", "query.target_y_rotation * 0.3", 0]
				}
			}
		},
		"animation.titan_c.attack": {
			"animation_length": 2,
			"bones": {
				"head": {
					"rotation": {
						"0.0": {
							"post": [0, 0, 0],
							"lerp_mode": "catmullrom"
						},
						"0.52": {
							"post": [-20, 0, 0],
							"lerp_mode": "catmullrom"
						},
						"1.04": {
							"post": [67.5, 0, 0],
							"lerp_mode": "catmullrom"
						},
						"1.56": [0, 0, 0]
					}
				},
				"body2": {
					"rotation": {
						"0.0": {
							"post": [0, 0, 0],
							"lerp_mode": "catmullrom"
						},
						"0.52": {
							"post": [-22.5, 0, 0],
							"lerp_mode": "catmullrom"
						},
						"1.04": {
							"post": [-38.75, 0, 0],
							"lerp_mode": "catmullrom"
						},
						"1.56": [0, 0, 0]
					}
				},
				"body1": {
					"rotation": {
						"0.0": {
							"post": [0, 0, 0],
							"lerp_mode": "catmullrom"
						},
						"0.52": {
							"post": [-20, 0, 0],
							"lerp_mode": "catmullrom"
						},
						"1.04": {
							"post": [-50, 0, 0],
							"lerp_mode": "catmullrom"
						},
						"1.56": [0, 0, 0]
					}
				},
				"body0": {
					"rotation": {
						"0.0": {
							"post": [0, 0, 0],
							"lerp_mode": "catmullrom"
						},
						"0.52": {
							"post": [-22.5, 0, 0],
							"lerp_mode": "catmullrom"
						},
						"1.04": {
							"post": [18.75, 0, 0],
							"lerp_mode": "catmullrom"
						},
						"1.56": [0, 0, 0]
					},
					"position": {
						"0.0": {
							"post": [0, 0, 0],
							"lerp_mode": "catmullrom"
						},
						"0.52": {
							"post": [0, 3, 6],
							"lerp_mode": "catmullrom"
						},
						"1.04": {
							"post": [0, 1.5, -5.5],
							"lerp_mode": "catmullrom"
						},
						"1.56": [0, 0, 0]
					}
				},
				"rightLeg4": {
					"rotation": {
						"0.0": {
							"post": [0, 0, 0],
							"lerp_mode": "catmullrom"
						},
						"0.52": {
							"post": [-190, 15, 90],
							"lerp_mode": "catmullrom"
						},
						"1.04": {
							"post": [-17.5, 55, 90],
							"lerp_mode": "catmullrom"
						},
						"1.56": [0, 0, 0]
					}
				},
				"rightLeg2": {
					"rotation": {
						"0.0": [0, 0, 0],
						"1.56": [0, 0, 0]
					}
				},
				"rightLeg3": {
					"rotation": {
						"0.0": [0, 0, 0],
						"1.56": [0, 0, 0]
					}
				},
				"rightLeg11": {
					"rotation": {
						"0.0": {
							"post": [0, 0, 0],
							"lerp_mode": "catmullrom"
						},
						"0.52": {
							"post": [40, 0, 0],
							"lerp_mode": "catmullrom"
						},
						"1.04": {
							"post": [-30, 0, 0],
							"lerp_mode": "catmullrom"
						},
						"1.56": [0, 0, 0]
					}
				},
				"rightLeg12": {
					"rotation": {
						"0.0": [0, 0, 0],
						"1.56": [0, 0, 0]
					}
				},
				"rightLeg13": {
					"rotation": {
						"0.0": [0, 0, 0],
						"1.56": [0, 0, 0]
					}
				},
				"rightLeg5": {
					"rotation": {
						"0.0": {
							"post": [0, 0, 0],
							"lerp_mode": "catmullrom"
						},
						"0.52": {
							"post": [-182.5, -12.5, -90],
							"lerp_mode": "catmullrom"
						},
						"1.04": {
							"post": [-25, -55, -90],
							"lerp_mode": "catmullrom"
						},
						"1.56": [0, 0, 0]
					}
				},
				"rightLeg6": {
					"rotation": {
						"0.0": [0, 0, 0],
						"1.56": [0, 0, 0]
					}
				},
				"rightLeg7": {
					"rotation": {
						"0.0": [0, 0, 0],
						"1.56": [0, 0, 0]
					}
				},
				"rightLeg8": {
					"rotation": {
						"0.0": {
							"post": [0, 0, 0],
							"lerp_mode": "catmullrom"
						},
						"0.52": {
							"post": [40, 0, 0],
							"lerp_mode": "catmullrom"
						},
						"1.04": {
							"post": [-32.5, 0, 0],
							"lerp_mode": "catmullrom"
						},
						"1.56": [0, 0, 0]
					}
				},
				"rightLeg9": {
					"rotation": {
						"0.0": [0, 0, 0],
						"1.56": [0, 0, 0]
					}
				},
				"rightLeg10": {
					"rotation": {
						"0.0": [0, 0, 0],
						"1.56": [0, 0, 0]
					}
				}
			}
		},
		"animation.titan_c.attack2": {
			"animation_length": 2,
			"bones": {
				"head": {
					"rotation": {
						"0.0": {
							"post": [0, 0, 0],
							"lerp_mode": "catmullrom"
						},
						"0.52": {
							"post": [27.5, 15, 22.5],
							"lerp_mode": "catmullrom"
						},
						"1.04": {
							"post": [7.5, -22.5, 0],
							"lerp_mode": "catmullrom"
						},
						"1.56": [0, 0, 0]
					}
				},
				"body2": {
					"rotation": {
						"0.0": {
							"post": [0, 0, 0],
							"lerp_mode": "catmullrom"
						},
						"0.52": {
							"post": [37.5, 37.5, 30],
							"lerp_mode": "catmullrom"
						},
						"1.04": {
							"post": [42.5, -27.5, 0],
							"lerp_mode": "catmullrom"
						},
						"1.56": [0, 0, 0]
					}
				},
				"body1": {
					"rotation": {
						"0.0": {
							"post": [0, 0, 0],
							"lerp_mode": "catmullrom"
						},
						"0.52": {
							"post": [47.5, 35, 40],
							"lerp_mode": "catmullrom"
						},
						"1.04": {
							"post": [30, -45, 0],
							"lerp_mode": "catmullrom"
						},
						"1.56": [0, 0, 0]
					}
				},
				"body0": {
					"rotation": {
						"0.0": {
							"post": [0, 0, 0],
							"lerp_mode": "catmullrom"
						},
						"0.52": {
							"post": [-52.5, 0, 0],
							"lerp_mode": "catmullrom"
						},
						"1.04": {
							"post": [17.5, 0, 0],
							"lerp_mode": "catmullrom"
						},
						"1.56": [0, 0, 0]
					},
					"position": {
						"0.0": {
							"post": [0, 0, 0],
							"lerp_mode": "catmullrom"
						},
						"0.52": {
							"post": [0, 2, 3],
							"lerp_mode": "catmullrom"
						},
						"1.04": {
							"post": [0, -1, -5],
							"lerp_mode": "catmullrom"
						},
						"1.56": [0, 0, 0]
					}
				},
				"rightLeg4": {
					"rotation": {
						"0.0": {
							"post": [0, 0, 0],
							"lerp_mode": "catmullrom"
						},
						"0.52": {
							"post": [0, 35, 0],
							"lerp_mode": "catmullrom"
						},
						"1.04": {
							"post": [-12.5, 35, 0],
							"lerp_mode": "catmullrom"
						},
						"1.56": [0, 0, 0]
					}
				},
				"rightLeg2": {
					"rotation": {
						"0.0": [0, 0, 0],
						"1.56": [0, 0, 0]
					}
				},
				"rightLeg3": {
					"rotation": {
						"0.0": [0, 0, 0],
						"1.56": [0, 0, 0]
					}
				},
				"rightLeg11": {
					"rotation": {
						"0.0": {
							"post": [0, 0, 0],
							"lerp_mode": "catmullrom"
						},
						"0.52": {
							"post": [0, -45, 0],
							"lerp_mode": "catmullrom"
						},
						"1.04": {
							"post": [0, -45, 0],
							"lerp_mode": "catmullrom"
						},
						"1.56": [0, 0, 0]
					}
				},
				"rightLeg12": {
					"rotation": {
						"0.0": [0, 0, 0],
						"1.56": [0, 0, 0]
					}
				},
				"rightLeg13": {
					"rotation": {
						"0.0": [0, 0, 0],
						"1.56": [0, 0, 0]
					}
				},
				"rightLeg5": {
					"rotation": {
						"0.0": {
							"post": [0, 0, 0],
							"lerp_mode": "catmullrom"
						},
						"0.52": {
							"post": [0, -35, 0],
							"lerp_mode": "catmullrom"
						},
						"1.04": {
							"post": [-12.5, -35, 0],
							"lerp_mode": "catmullrom"
						},
						"1.56": [0, 0, 0]
					}
				},
				"rightLeg6": {
					"rotation": {
						"0.0": [0, 0, 0],
						"1.56": [0, 0, 0]
					}
				},
				"rightLeg7": {
					"rotation": {
						"0.0": [0, 0, 0],
						"1.56": [0, 0, 0]
					}
				},
				"rightLeg8": {
					"rotation": {
						"0.0": {
							"post": [0, 0, 0],
							"lerp_mode": "catmullrom"
						},
						"0.52": {
							"post": [0, 45, 0],
							"lerp_mode": "catmullrom"
						},
						"1.04": {
							"post": [0, 45, 0],
							"lerp_mode": "catmullrom"
						},
						"1.56": [0, 0, 0]
					}
				},
				"rightLeg9": {
					"rotation": {
						"0.0": [0, 0, 0],
						"1.56": [0, 0, 0]
					}
				},
				"rightLeg10": {
					"rotation": {
						"0.0": [0, 0, 0],
						"1.56": [0, 0, 0]
					}
				}
			}
		},
		"animation.titan_c.attack3": {
			"animation_length": 2,
			"bones": {
				"head": {
					"rotation": {
						"0.0": {
							"post": [0, 0, 0],
							"lerp_mode": "catmullrom"
						},
						"0.52": {
							"post": [-82.5, -5, 0],
							"lerp_mode": "catmullrom"
						},
						"1.04": {
							"post": [27.5, -32.5, 0],
							"lerp_mode": "catmullrom"
						},
						"1.56": [0, 0, 0]
					}
				},
				"body2": {
					"rotation": {
						"0.0": {
							"post": [0, 0, 0],
							"lerp_mode": "catmullrom"
						},
						"0.52": {
							"post": [-52.5, -32.5, 0],
							"lerp_mode": "catmullrom"
						},
						"1.04": {
							"post": [27.5, -17.5, 0],
							"lerp_mode": "catmullrom"
						},
						"1.56": [0, 0, 0]
					}
				},
				"body1": {
					"rotation": {
						"0.0": {
							"post": [0, 0, 0],
							"lerp_mode": "catmullrom"
						},
						"0.52": {
							"post": [-37.5, -12.5, 0],
							"lerp_mode": "catmullrom"
						},
						"1.04": {
							"post": [37.5, -42.5, 0],
							"lerp_mode": "catmullrom"
						},
						"1.56": [0, 0, 0]
					}
				},
				"body0": {
					"rotation": {
						"0.0": {
							"post": [0, 0, 0],
							"lerp_mode": "catmullrom"
						},
						"0.52": {
							"post": [-17.5, 0, 0],
							"lerp_mode": "catmullrom"
						},
						"1.04": {
							"post": [25, 0, 0],
							"lerp_mode": "catmullrom"
						},
						"1.56": [0, 0, 0]
					},
					"position": {
						"0.0": {
							"post": [0, 0, 0],
							"lerp_mode": "catmullrom"
						},
						"0.52": {
							"post": [0, -1, 5],
							"lerp_mode": "catmullrom"
						},
						"1.04": {
							"post": [0, -2, -4],
							"lerp_mode": "catmullrom"
						},
						"1.56": [0, 0, 0]
					}
				},
				"rightLeg4": {
					"rotation": {
						"0.0": {
							"post": [0, 0, 0],
							"lerp_mode": "catmullrom"
						},
						"0.52": {
							"post": [-45, 27.5, 0],
							"lerp_mode": "catmullrom"
						},
						"1.04": {
							"post": [-45, -25, 0],
							"lerp_mode": "catmullrom"
						},
						"1.56": [0, 0, 0]
					}
				},
				"rightLeg2": {
					"rotation": {
						"0.0": [0, 0, 0],
						"1.56": [0, 0, 0]
					}
				},
				"rightLeg3": {
					"rotation": {
						"0.0": [0, 0, 0],
						"1.56": [0, 0, 0]
					}
				},
				"rightLeg11": {
					"rotation": {
						"0.0": {
							"post": [0, 0, 0],
							"lerp_mode": "catmullrom"
						},
						"0.52": {
							"post": [0, 27.5, 0],
							"lerp_mode": "catmullrom"
						},
						"1.04": {
							"post": [0, -40, 0],
							"lerp_mode": "catmullrom"
						},
						"1.56": [0, 0, 0]
					}
				},
				"rightLeg12": {
					"rotation": {
						"0.0": [0, 0, 0],
						"1.56": [0, 0, 0]
					}
				},
				"rightLeg13": {
					"rotation": {
						"0.0": [0, 0, 0],
						"1.56": [0, 0, 0]
					}
				},
				"rightLeg5": {
					"rotation": {
						"0.0": {
							"post": [0, 0, 0],
							"lerp_mode": "catmullrom"
						},
						"0.52": {
							"post": [-45, -25, 0],
							"lerp_mode": "catmullrom"
						},
						"1.04": {
							"post": [-45, 7.5, 0],
							"lerp_mode": "catmullrom"
						},
						"1.56": [0, 0, 0]
					}
				},
				"rightLeg6": {
					"rotation": {
						"0.0": [0, 0, 0],
						"1.56": [0, 0, 0]
					}
				},
				"rightLeg7": {
					"rotation": {
						"0.0": [0, 0, 0],
						"1.56": [0, 0, 0]
					}
				},
				"rightLeg8": {
					"rotation": {
						"0.0": {
							"post": [0, 0, 0],
							"lerp_mode": "catmullrom"
						},
						"0.52": {
							"post": [0, -25, 0],
							"lerp_mode": "catmullrom"
						},
						"1.04": {
							"post": [0, 37.5, 0],
							"lerp_mode": "catmullrom"
						},
						"1.56": [0, 0, 0]
					}
				},
				"rightLeg9": {
					"rotation": {
						"0.0": [0, 0, 0],
						"1.56": [0, 0, 0]
					}
				},
				"rightLeg10": {
					"rotation": {
						"0.0": [0, 0, 0],
						"1.56": [0, 0, 0]
					}
				}
			}
		},
		"animation.titan_c.attack4": {
			"animation_length": 2,
			"bones": {
				"head": {
					"rotation": {
						"0.0": {
							"post": [0, 0, 0],
							"lerp_mode": "catmullrom"
						},
						"0.52": {
							"post": [-82.5, 5, 0],
							"lerp_mode": "catmullrom"
						},
						"1.04": {
							"post": [27.5, 32.5, 0],
							"lerp_mode": "catmullrom"
						},
						"1.56": [0, 0, 0]
					}
				},
				"body2": {
					"rotation": {
						"0.0": {
							"post": [0, 0, 0],
							"lerp_mode": "catmullrom"
						},
						"0.52": {
							"post": [-52.5, 32.5, 0],
							"lerp_mode": "catmullrom"
						},
						"1.04": {
							"post": [27.5, 17.5, 0],
							"lerp_mode": "catmullrom"
						},
						"1.56": [0, 0, 0]
					}
				},
				"body1": {
					"rotation": {
						"0.0": {
							"post": [0, 0, 0],
							"lerp_mode": "catmullrom"
						},
						"0.52": {
							"post": [-37.5, 12.5, 0],
							"lerp_mode": "catmullrom"
						},
						"1.04": {
							"post": [37.5, 42.5, 0],
							"lerp_mode": "catmullrom"
						},
						"1.56": [0, 0, 0]
					}
				},
				"body0": {
					"rotation": {
						"0.0": {
							"post": [0, 0, 0],
							"lerp_mode": "catmullrom"
						},
						"0.52": {
							"post": [-17.5, 0, 0],
							"lerp_mode": "catmullrom"
						},
						"1.04": {
							"post": [25, 0, 0],
							"lerp_mode": "catmullrom"
						},
						"1.56": [0, 0, 0]
					},
					"position": {
						"0.0": {
							"post": [0, 0, 0],
							"lerp_mode": "catmullrom"
						},
						"0.52": {
							"post": [0, -1, 5],
							"lerp_mode": "catmullrom"
						},
						"1.04": {
							"post": [0, -2, -4],
							"lerp_mode": "catmullrom"
						},
						"1.56": [0, 0, 0]
					}
				},
				"rightLeg4": {
					"rotation": {
						"0.0": {
							"post": [0, 0, 0],
							"lerp_mode": "catmullrom"
						},
						"0.52": {
							"post": [-45, 27.5, 0],
							"lerp_mode": "catmullrom"
						},
						"1.04": {
							"post": [-45, -25, 0],
							"lerp_mode": "catmullrom"
						},
						"1.56": [0, 0, 0]
					}
				},
				"rightLeg2": {
					"rotation": {
						"0.0": [0, 0, 0],
						"1.56": [0, 0, 0]
					}
				},
				"rightLeg3": {
					"rotation": {
						"0.0": [0, 0, 0],
						"1.56": [0, 0, 0]
					}
				},
				"rightLeg11": {
					"rotation": {
						"0.0": {
							"post": [0, 0, 0],
							"lerp_mode": "catmullrom"
						},
						"0.52": {
							"post": [0, 27.5, 0],
							"lerp_mode": "catmullrom"
						},
						"1.04": {
							"post": [0, -40, 0],
							"lerp_mode": "catmullrom"
						},
						"1.56": [0, 0, 0]
					}
				},
				"rightLeg12": {
					"rotation": {
						"0.0": [0, 0, 0],
						"1.56": [0, 0, 0]
					}
				},
				"rightLeg13": {
					"rotation": {
						"0.0": [0, 0, 0],
						"1.56": [0, 0, 0]
					}
				},
				"rightLeg5": {
					"rotation": {
						"0.0": {
							"post": [0, 0, 0],
							"lerp_mode": "catmullrom"
						},
						"0.52": {
							"post": [-45, -25, 0],
							"lerp_mode": "catmullrom"
						},
						"1.04": {
							"post": [-45, 7.5, 0],
							"lerp_mode": "catmullrom"
						},
						"1.56": [0, 0, 0]
					}
				},
				"rightLeg6": {
					"rotation": {
						"0.0": [0, 0, 0],
						"1.56": [0, 0, 0]
					}
				},
				"rightLeg7": {
					"rotation": {
						"0.0": [0, 0, 0],
						"1.56": [0, 0, 0]
					}
				},
				"rightLeg8": {
					"rotation": {
						"0.0": {
							"post": [0, 0, 0],
							"lerp_mode": "catmullrom"
						},
						"0.52": {
							"post": [0, -25, 0],
							"lerp_mode": "catmullrom"
						},
						"1.04": {
							"post": [0, 37.5, 0],
							"lerp_mode": "catmullrom"
						},
						"1.56": [0, 0, 0]
					}
				},
				"rightLeg9": {
					"rotation": {
						"0.0": [0, 0, 0],
						"1.56": [0, 0, 0]
					}
				},
				"rightLeg10": {
					"rotation": {
						"0.0": [0, 0, 0],
						"1.56": [0, 0, 0]
					}
				}
			}
		},
		"animation.titan_c.attack5": {
			"animation_length": 2,
			"bones": {
				"head": {
					"rotation": {
						"0.0": {
							"post": [0, 0, 0],
							"lerp_mode": "catmullrom"
						},
						"0.52": {
							"post": [27.5, -15, -22.5],
							"lerp_mode": "catmullrom"
						},
						"1.04": {
							"post": [7.5, 22.5, 0],
							"lerp_mode": "catmullrom"
						},
						"1.56": [0, 0, 0]
					}
				},
				"body2": {
					"rotation": {
						"0.0": {
							"post": [0, 0, 0],
							"lerp_mode": "catmullrom"
						},
						"0.52": {
							"post": [37.5, -37.5, -30],
							"lerp_mode": "catmullrom"
						},
						"1.04": {
							"post": [42.5, 27.5, 0],
							"lerp_mode": "catmullrom"
						},
						"1.56": [0, 0, 0]
					}
				},
				"body1": {
					"rotation": {
						"0.0": {
							"post": [0, 0, 0],
							"lerp_mode": "catmullrom"
						},
						"0.52": {
							"post": [47.5, -35, -40],
							"lerp_mode": "catmullrom"
						},
						"1.04": {
							"post": [30, 45, 0],
							"lerp_mode": "catmullrom"
						},
						"1.56": [0, 0, 0]
					}
				},
				"body0": {
					"rotation": {
						"0.0": {
							"post": [0, 0, 0],
							"lerp_mode": "catmullrom"
						},
						"0.52": {
							"post": [-52.5, 0, 0],
							"lerp_mode": "catmullrom"
						},
						"1.04": {
							"post": [17.5, 0, 0],
							"lerp_mode": "catmullrom"
						},
						"1.56": [0, 0, 0]
					},
					"position": {
						"0.0": {
							"post": [0, 0, 0],
							"lerp_mode": "catmullrom"
						},
						"0.52": {
							"post": [0, 2, 3],
							"lerp_mode": "catmullrom"
						},
						"1.04": {
							"post": [0, -1, -5],
							"lerp_mode": "catmullrom"
						},
						"1.56": [0, 0, 0]
					}
				},
				"rightLeg4": {
					"rotation": {
						"0.0": {
							"post": [0, 0, 0],
							"lerp_mode": "catmullrom"
						},
						"0.52": {
							"post": [0, 35, 0],
							"lerp_mode": "catmullrom"
						},
						"1.04": {
							"post": [-12.5, 35, 0],
							"lerp_mode": "catmullrom"
						},
						"1.56": [0, 0, 0]
					}
				},
				"rightLeg2": {
					"rotation": {
						"0.0": [0, 0, 0],
						"1.56": [0, 0, 0]
					}
				},
				"rightLeg3": {
					"rotation": {
						"0.0": [0, 0, 0],
						"1.56": [0, 0, 0]
					}
				},
				"rightLeg11": {
					"rotation": {
						"0.0": {
							"post": [0, 0, 0],
							"lerp_mode": "catmullrom"
						},
						"0.52": {
							"post": [0, -45, 0],
							"lerp_mode": "catmullrom"
						},
						"1.04": {
							"post": [0, -45, 0],
							"lerp_mode": "catmullrom"
						},
						"1.56": [0, 0, 0]
					}
				},
				"rightLeg12": {
					"rotation": {
						"0.0": [0, 0, 0],
						"1.56": [0, 0, 0]
					}
				},
				"rightLeg13": {
					"rotation": {
						"0.0": [0, 0, 0],
						"1.56": [0, 0, 0]
					}
				},
				"rightLeg5": {
					"rotation": {
						"0.0": {
							"post": [0, 0, 0],
							"lerp_mode": "catmullrom"
						},
						"0.52": {
							"post": [0, -35, 0],
							"lerp_mode": "catmullrom"
						},
						"1.04": {
							"post": [-12.5, -35, 0],
							"lerp_mode": "catmullrom"
						},
						"1.56": [0, 0, 0]
					}
				},
				"rightLeg6": {
					"rotation": {
						"0.0": [0, 0, 0],
						"1.56": [0, 0, 0]
					}
				},
				"rightLeg7": {
					"rotation": {
						"0.0": [0, 0, 0],
						"1.56": [0, 0, 0]
					}
				},
				"rightLeg8": {
					"rotation": {
						"0.0": {
							"post": [0, 0, 0],
							"lerp_mode": "catmullrom"
						},
						"0.52": {
							"post": [0, 45, 0],
							"lerp_mode": "catmullrom"
						},
						"1.04": {
							"post": [0, 45, 0],
							"lerp_mode": "catmullrom"
						},
						"1.56": [0, 0, 0]
					}
				},
				"rightLeg9": {
					"rotation": {
						"0.0": [0, 0, 0],
						"1.56": [0, 0, 0]
					}
				},
				"rightLeg10": {
					"rotation": {
						"0.0": [0, 0, 0],
						"1.56": [0, 0, 0]
					}
				}
			}
		},
		"animation.titan_c.roaring": {
			"animation_length": 3.8,
			"bones": {
				"head": {
					"rotation": {
						"0.0": {
							"post": [0, 0, 0],
							"lerp_mode": "catmullrom"
						},
						"0.52": {
							"post": [-22.5, 0, 0],
							"lerp_mode": "catmullrom"
						},
						"1.04": {
							"post": [-32.5, 0, 0],
							"lerp_mode": "catmullrom"
						},
						"3.12": {
							"post": [-42.5, 0, 0],
							"lerp_mode": "catmullrom"
						},
						"3.8": [0, 0, 0]
					}
				},
				"body2": {
					"rotation": {
						"0.0": {
							"post": [0, 0, 0],
							"lerp_mode": "catmullrom"
						},
						"0.52": {
							"post": [-17.5, 0, 0],
							"lerp_mode": "catmullrom"
						},
						"1.04": {
							"post": [12.5, 0, 0],
							"lerp_mode": "catmullrom"
						},
						"3.12": {
							"post": [20, 0, 0],
							"lerp_mode": "catmullrom"
						},
						"3.8": [0, 0, 0]
					}
				},
				"body1": {
					"rotation": {
						"0.0": {
							"post": [0, 0, 0],
							"lerp_mode": "catmullrom"
						},
						"0.52": {
							"post": [-27.5, 0, 0],
							"lerp_mode": "catmullrom"
						},
						"1.04": {
							"post": [15, 0, 0],
							"lerp_mode": "catmullrom"
						},
						"3.12": {
							"post": [15, 0, 0],
							"lerp_mode": "catmullrom"
						},
						"3.8": [0, 0, 0]
					}
				},
				"body0": {
					"rotation": {
						"0.0": {
							"post": [0, 0, 0],
							"lerp_mode": "catmullrom"
						},
						"0.52": {
							"post": [-20, 0, 0],
							"lerp_mode": "catmullrom"
						},
						"1.04": {
							"post": [5, 0, 0],
							"lerp_mode": "catmullrom"
						},
						"3.12": {
							"post": [7.5, 0, 0],
							"lerp_mode": "catmullrom"
						},
						"3.8": [0, 0, 0]
					},
					"position": {
						"0.0": {
							"post": [0, 0, 0],
							"lerp_mode": "catmullrom"
						},
						"0.52": {
							"post": [0, 0, -1],
							"lerp_mode": "catmullrom"
						},
						"1.04": {
							"post": [0, 0, 4],
							"lerp_mode": "catmullrom"
						},
						"3.12": {
							"post": [0, 0, 4],
							"lerp_mode": "catmullrom"
						},
						"3.8": [0, 0, 0]
					}
				},
				"rightLeg4": {
					"rotation": {
						"0.0": {
							"post": [0, 0, 0],
							"lerp_mode": "catmullrom"
						},
						"0.52": {
							"post": [0, 27.5, 0],
							"lerp_mode": "catmullrom"
						},
						"3.12": {
							"post": [-5, 27.5, 0],
							"lerp_mode": "catmullrom"
						},
						"3.8": [0, 0, 0]
					}
				},
				"rightLeg11": {
					"rotation": {
						"0.0": {
							"post": [0, 0, 0],
							"lerp_mode": "catmullrom"
						},
						"0.52": {
							"post": [-20, 0, 0],
							"lerp_mode": "catmullrom"
						},
						"1.04": {
							"post": [2.5, 0, 0],
							"lerp_mode": "catmullrom"
						},
						"3.08": {
							"post": [5, 0, 0],
							"lerp_mode": "catmullrom"
						},
						"3.8": [0, 0, 0]
					}
				},
				"rightLeg5": {
					"rotation": {
						"0.0": {
							"post": [0, 0, 0],
							"lerp_mode": "catmullrom"
						},
						"0.52": {
							"post": [0, -25, 0],
							"lerp_mode": "catmullrom"
						},
						"3.08": {
							"post": [-5, -25, 0],
							"lerp_mode": "catmullrom"
						},
						"3.8": [0, 0, 0]
					}
				},
				"rightLeg8": {
					"rotation": {
						"0.0": {
							"post": [0, 0, 0],
							"lerp_mode": "catmullrom"
						},
						"0.52": {
							"post": [-17.5, 0, 0],
							"lerp_mode": "catmullrom"
						},
						"1.04": {
							"post": [2.5, 0, 0],
							"lerp_mode": "catmullrom"
						},
						"3.08": {
							"post": [7.5, 0, 0],
							"lerp_mode": "catmullrom"
						},
						"3.8": [0, 0, 0]
					}
				}
			}
		},
		"animation.titan_c.summon": {
			"animation_length": 8.84,
			"bones": {
				"head": {
					"rotation": {
						"0.0": {
							"post": [0, 0, 0],
							"lerp_mode": "catmullrom"
						},
						"1.56": {
							"post": [-30, 0, 0],
							"lerp_mode": "catmullrom"
						},
						"2.84": {
							"post": [55, 0, 0],
							"lerp_mode": "catmullrom"
						},
						"4.16": {
							"post": [60, 0, 0],
							"lerp_mode": "catmullrom"
						},
						"5.2": {
							"post": [-30, 0, 0],
							"lerp_mode": "catmullrom"
						},
						"5.48": {
							"post": [47.5, 0, 0],
							"lerp_mode": "catmullrom"
						},
						"6.24": {
							"post": [57.5, 0, 0],
							"lerp_mode": "catmullrom"
						},
						"7.28": {
							"post": [-47.5, 0, 0],
							"lerp_mode": "catmullrom"
						},
						"8.84": [0, 0, 0]
					}
				},
				"body2": {
					"rotation": {
						"0.0": {
							"post": [0, 0, 0],
							"lerp_mode": "catmullrom"
						},
						"1.56": {
							"post": [27.5, 0, 0],
							"lerp_mode": "catmullrom"
						},
						"2.84": {
							"post": [-15, 0, 0],
							"lerp_mode": "catmullrom"
						},
						"4.16": {
							"post": [-10, 0, 0],
							"lerp_mode": "catmullrom"
						},
						"5.2": {
							"post": [-27.5, 0, 0],
							"lerp_mode": "catmullrom"
						},
						"5.48": {
							"post": [-17.5, 0, 0],
							"lerp_mode": "catmullrom"
						},
						"6.24": {
							"post": [-5, 0, 0],
							"lerp_mode": "catmullrom"
						},
						"7.28": {
							"post": [17.5, 0, 0],
							"lerp_mode": "catmullrom"
						},
						"8.84": [0, 0, 0]
					}
				},
				"body1": {
					"rotation": {
						"0.0": {
							"post": [0, 0, 0],
							"lerp_mode": "catmullrom"
						},
						"1.56": {
							"post": [22.5, 0, 0],
							"lerp_mode": "catmullrom"
						},
						"2.84": {
							"post": [-20, 0, 0],
							"lerp_mode": "catmullrom"
						},
						"4.16": {
							"post": [-10, 0, 0],
							"lerp_mode": "catmullrom"
						},
						"5.2": {
							"post": [-35, 0, 0],
							"lerp_mode": "catmullrom"
						},
						"5.48": {
							"post": [-15, 0, 0],
							"lerp_mode": "catmullrom"
						},
						"6.24": {
							"post": [-7.5, 0, 0],
							"lerp_mode": "catmullrom"
						},
						"7.28": {
							"post": [25, 0, 0],
							"lerp_mode": "catmullrom"
						},
						"8.84": [0, 0, 0]
					}
				},
				"body0": {
					"rotation": {
						"0.0": {
							"post": [0, 0, 0],
							"lerp_mode": "catmullrom"
						},
						"1.56": {
							"post": [0, 0, 0],
							"lerp_mode": "catmullrom"
						},
						"2.84": {
							"post": [-30, 0, 0],
							"lerp_mode": "catmullrom"
						},
						"5.48": {
							"post": [-30, 0, 0],
							"lerp_mode": "catmullrom"
						},
						"6.24": {
							"post": [-22.5, 0, 0],
							"lerp_mode": "catmullrom"
						},
						"7.28": {
							"post": [15, 0, 0],
							"lerp_mode": "catmullrom"
						},
						"8.84": [0, 0, 0]
					},
					"position": {
						"0.0": {
							"post": [0, 0, 0],
							"lerp_mode": "catmullrom"
						},
						"1.56": {
							"post": [0, 0, 0],
							"lerp_mode": "catmullrom"
						},
						"2.84": {
							"post": [0, 1, 0],
							"lerp_mode": "catmullrom"
						},
						"5.48": {
							"post": [0, 1, 0],
							"lerp_mode": "catmullrom"
						},
						"6.24": {
							"post": [0, 1, 0],
							"lerp_mode": "catmullrom"
						},
						"7.28": {
							"post": [0, 0, 1],
							"lerp_mode": "catmullrom"
						},
						"8.84": [0, 0, 0]
					}
				},
				"rightLeg4": {
					"rotation": {
						"0.0": {
							"post": [0, 0, 0],
							"lerp_mode": "catmullrom"
						},
						"1.56": {
							"post": [0, 17.5, 0],
							"lerp_mode": "catmullrom"
						},
						"2.84": {
							"post": [0, 35, 0],
							"lerp_mode": "catmullrom"
						},
						"4.16": {
							"post": [-47.5, 5, 90],
							"lerp_mode": "catmullrom"
						},
						"5.2": {
							"post": [-90, 5, 90],
							"lerp_mode": "catmullrom"
						},
						"5.48": {
							"post": [-30, 5, 90],
							"lerp_mode": "catmullrom"
						},
						"6.24": {
							"post": [-50, 5, 90],
							"lerp_mode": "catmullrom"
						},
						"7.28": {
							"post": [-20, 30, 0],
							"lerp_mode": "catmullrom"
						},
						"8.84": [0, 0, 0]
					}
				},
				"rightLeg11": {
					"rotation": {
						"0.0": {
							"post": [0, 0, 0],
							"lerp_mode": "catmullrom"
						},
						"1.56": {
							"post": [0, 0, 0],
							"lerp_mode": "catmullrom"
						},
						"2.84": {
							"post": [-40, -5, 25],
							"lerp_mode": "catmullrom"
						},
						"5.48": {
							"post": [-40, -5, 25],
							"lerp_mode": "catmullrom"
						},
						"6.24": {
							"post": [-30, -5, 25],
							"lerp_mode": "catmullrom"
						},
						"7.28": {
							"post": [17.5, -5, -12.5],
							"lerp_mode": "catmullrom"
						},
						"8.84": [0, 0, 0]
					}
				},
				"rightLeg5": {
					"rotation": {
						"0.0": {
							"post": [0, 0, 0],
							"lerp_mode": "catmullrom"
						},
						"1.56": {
							"post": [0, -15, 0],
							"lerp_mode": "catmullrom"
						},
						"2.84": {
							"post": [0, -35, 0],
							"lerp_mode": "catmullrom"
						},
						"4.16": {
							"post": [-50, -5, -90],
							"lerp_mode": "catmullrom"
						},
						"5.2": {
							"post": [-90, -5, -90],
							"lerp_mode": "catmullrom"
						},
						"5.48": {
							"post": [-30, -5, -90],
							"lerp_mode": "catmullrom"
						},
						"6.24": {
							"post": [-50, -5, -90],
							"lerp_mode": "catmullrom"
						},
						"7.28": {
							"post": [-20, -30, -2.5],
							"lerp_mode": "catmullrom"
						},
						"8.84": [0, 0, 0]
					}
				},
				"rightLeg8": {
					"rotation": {
						"0.0": {
							"post": [0, 0, 0],
							"lerp_mode": "catmullrom"
						},
						"1.56": {
							"post": [0, 0, 0],
							"lerp_mode": "catmullrom"
						},
						"2.84": {
							"post": [-42.5, 0, -32.5],
							"lerp_mode": "catmullrom"
						},
						"5.48": {
							"post": [-42.5, 0, -32.5],
							"lerp_mode": "catmullrom"
						},
						"6.24": {
							"post": [-35, 0, -32.5],
							"lerp_mode": "catmullrom"
						},
						"7.28": {
							"post": [22.5, 0, 17.5],
							"lerp_mode": "catmullrom"
						},
						"8.84": [0, 0, 0]
					}
				}
			}
		},
		"animation.titan_c.night": {
			"animation_length": 4.68,
			"bones": {
				"body2": {
					"rotation": {
						"0.0": {
							"post": [0, 0, 0],
							"lerp_mode": "catmullrom"
						},
						"1.04": {
							"post": [37.5, 0, 0],
							"lerp_mode": "catmullrom"
						},
						"2.08": {
							"post": [-22.5, 0, 0],
							"lerp_mode": "catmullrom"
						},
						"2.88": {
							"post": [20, 0, 0],
							"lerp_mode": "catmullrom"
						},
						"4.68": [0, 0, 0]
					}
				},
				"body1": {
					"rotation": {
						"0.0": {
							"post": [0, 0, 0],
							"lerp_mode": "catmullrom"
						},
						"1.04": {
							"post": [45, 0, 0],
							"lerp_mode": "catmullrom"
						},
						"2.08": {
							"post": [-25, 0, 0],
							"lerp_mode": "catmullrom"
						},
						"2.88": {
							"post": [32.5, 0, 0],
							"lerp_mode": "catmullrom"
						},
						"4.68": [0, 0, 0]
					}
				},
				"body0": {
					"rotation": {
						"0.0": {
							"post": [0, 0, 0],
							"lerp_mode": "catmullrom"
						},
						"1.04": {
							"post": [0, 0, 0],
							"lerp_mode": "catmullrom"
						},
						"2.08": {
							"post": [-20, 0, 0],
							"lerp_mode": "catmullrom"
						},
						"2.88": {
							"post": [32.5, 0, 0],
							"lerp_mode": "catmullrom"
						},
						"4.68": [0, 0, 0]
					},
					"position": {
						"0.0": {
							"post": [0, 0, 0],
							"lerp_mode": "catmullrom"
						},
						"1.04": {
							"post": [0, 0, 0],
							"lerp_mode": "catmullrom"
						},
						"2.08": {
							"post": [0, 0, 0],
							"lerp_mode": "catmullrom"
						},
						"2.88": {
							"post": [0, 0, 2],
							"lerp_mode": "catmullrom"
						},
						"4.68": [0, 0, 0]
					}
				},
				"head": {
					"rotation": {
						"0.0": {
							"post": [0, 0, 0],
							"lerp_mode": "catmullrom"
						},
						"1.04": {
							"post": [35, 0, 0],
							"lerp_mode": "catmullrom"
						},
						"2.08": {
							"post": [-20, 0, 0],
							"lerp_mode": "catmullrom"
						},
						"2.88": {
							"post": [-65, 0, 0],
							"lerp_mode": "catmullrom"
						},
						"4.68": [0, 0, 0]
					}
				},
				"rightLeg4": {
					"rotation": {
						"0.0": {
							"post": [0, 0, 0],
							"lerp_mode": "catmullrom"
						},
						"1.04": {
							"post": [0, -25, 0],
							"lerp_mode": "catmullrom"
						},
						"2.08": {
							"post": [-62.5, 17.5, 0],
							"lerp_mode": "catmullrom"
						},
						"2.88": {
							"post": [-22.5, 32.5, 0],
							"lerp_mode": "catmullrom"
						},
						"4.68": [0, 0, 0]
					}
				},
				"rightLeg11": {
					"rotation": {
						"0.0": {
							"post": [0, 0, 0],
							"lerp_mode": "catmullrom"
						},
						"1.04": {
							"post": [0, 0, 0],
							"lerp_mode": "catmullrom"
						},
						"2.08": {
							"post": [-35, 0, 22.5],
							"lerp_mode": "catmullrom"
						},
						"2.88": {
							"post": [50, 0, -37.5],
							"lerp_mode": "catmullrom"
						},
						"4.68": [0, 0, 0]
					}
				},
				"rightLeg5": {
					"rotation": {
						"0.0": {
							"post": [0, 0, 0],
							"lerp_mode": "catmullrom"
						},
						"1.04": {
							"post": [0, 17.5, 0],
							"lerp_mode": "catmullrom"
						},
						"2.08": {
							"post": [-65, -17.5, 0],
							"lerp_mode": "catmullrom"
						},
						"2.88": {
							"post": [-22.5, -37.5, 0],
							"lerp_mode": "catmullrom"
						},
						"4.68": [0, 0, 0]
					}
				},
				"rightLeg8": {
					"rotation": {
						"0.0": {
							"post": [0, 0, 0],
							"lerp_mode": "catmullrom"
						},
						"1.04": {
							"post": [0, 0, 0],
							"lerp_mode": "catmullrom"
						},
						"2.08": {
							"post": [-32.5, 0, -20],
							"lerp_mode": "catmullrom"
						},
						"2.88": {
							"post": [50, 0, 37.5],
							"lerp_mode": "catmullrom"
						},
						"4.68": [0, 0, 0]
					}
				}
			}
		},
		"animation.titan_c.summon5": {
			"animation_length": 3,
			"bones": {
				"body2": {
					"rotation": {
						"0.0": {
							"post": [0, 0, 0],
							"lerp_mode": "catmullrom"
						},
						"0.8": {
							"post": [-22.5, 0, 0],
							"lerp_mode": "catmullrom"
						},
						"1.6": {
							"post": [40, 0, 0],
							"lerp_mode": "catmullrom"
						},
						"3.0": [0, 0, 0]
					}
				},
				"body1": {
					"rotation": {
						"0.0": {
							"post": [0, 0, 0],
							"lerp_mode": "catmullrom"
						},
						"0.8": {
							"post": [-25, 0, 0],
							"lerp_mode": "catmullrom"
						},
						"1.6": {
							"post": [75, 0, 0],
							"lerp_mode": "catmullrom"
						},
						"3.0": [0, 0, 0]
					}
				},
				"body0": {
					"rotation": {
						"0.0": {
							"post": [0, 0, 0],
							"lerp_mode": "catmullrom"
						},
						"0.8": {
							"post": [-20, 0, 0],
							"lerp_mode": "catmullrom"
						},
						"1.6": {
							"post": [32.5, 0, 0],
							"lerp_mode": "catmullrom"
						},
						"3.0": [0, 0, 0]
					},
					"position": {
						"0.0": {
							"post": [0, 0, 0],
							"lerp_mode": "catmullrom"
						},
						"0.8": {
							"post": [0, 0, 0],
							"lerp_mode": "catmullrom"
						},
						"1.6": {
							"post": [0, 0, 2],
							"lerp_mode": "catmullrom"
						},
						"3.0": [0, 0, 0]
					}
				},
				"head": {
					"rotation": {
						"0.0": {
							"post": [0, 0, 0],
							"lerp_mode": "catmullrom"
						},
						"0.8": {
							"post": [-20, 0, 0],
							"lerp_mode": "catmullrom"
						},
						"1.6": {
							"post": [2.5, 0, 0],
							"lerp_mode": "catmullrom"
						},
						"3.0": [0, 0, 0]
					}
				},
				"rightLeg4": {
					"rotation": {
						"0.0": {
							"post": [0, 0, 0],
							"lerp_mode": "catmullrom"
						},
						"0.8": {
							"post": [20, 17.5, 0],
							"lerp_mode": "catmullrom"
						},
						"1.6": {
							"post": [-22.5, -17.5, 0],
							"lerp_mode": "catmullrom"
						},
						"3.0": [0, 0, 0]
					}
				},
				"rightLeg11": {
					"rotation": {
						"0.0": {
							"post": [0, 0, 0],
							"lerp_mode": "catmullrom"
						},
						"0.8": {
							"post": [-35, 0, 22.5],
							"lerp_mode": "catmullrom"
						},
						"1.6": {
							"post": [50, 0, -37.5],
							"lerp_mode": "catmullrom"
						},
						"3.0": [0, 0, 0]
					}
				},
				"rightLeg5": {
					"rotation": {
						"0.0": {
							"post": [0, 0, 0],
							"lerp_mode": "catmullrom"
						},
						"0.8": {
							"post": [25, -17.5, 0],
							"lerp_mode": "catmullrom"
						},
						"1.6": {
							"post": [-22.5, 10, 0],
							"lerp_mode": "catmullrom"
						},
						"3.0": [0, 0, 0]
					}
				},
				"rightLeg8": {
					"rotation": {
						"0.0": {
							"post": [0, 0, 0],
							"lerp_mode": "catmullrom"
						},
						"0.8": {
							"post": [-32.5, 0, -20],
							"lerp_mode": "catmullrom"
						},
						"1.6": {
							"post": [50, 0, 37.5],
							"lerp_mode": "catmullrom"
						},
						"3.0": [0, 0, 0]
					}
				}
			}
		},
		"animation.titan_c.summon6": {
			"animation_length": 2.36,
			"bones": {
				"body2": {
					"rotation": {
						"0.0": {
							"post": [0, 0, 0],
							"lerp_mode": "catmullrom"
						},
						"1.04": {
							"post": [50, 0, 0],
							"lerp_mode": "catmullrom"
						},
						"1.56": {
							"post": [25, 0, 0],
							"lerp_mode": "catmullrom"
						},
						"2.36": [0, 0, 0]
					}
				},
				"body1": {
					"rotation": {
						"0.0": {
							"post": [0, 0, 0],
							"lerp_mode": "catmullrom"
						},
						"1.04": {
							"post": [-40, 0, 0],
							"lerp_mode": "catmullrom"
						},
						"1.56": {
							"post": [45, 0, 0],
							"lerp_mode": "catmullrom"
						},
						"2.36": [0, 0, 0]
					}
				},
				"body0": {
					"rotation": {
						"0.0": {
							"post": [0, 0, 0],
							"lerp_mode": "catmullrom"
						},
						"2.36": [0, 0, 0]
					},
					"position": {
						"0.0": {
							"post": [0, 0, 0],
							"lerp_mode": "catmullrom"
						},
						"2.36": [0, 0, 0]
					}
				},
				"head": {
					"rotation": {
						"0.0": {
							"post": [0, 0, 0],
							"lerp_mode": "catmullrom"
						},
						"1.04": {
							"post": [-10, 0, 0],
							"lerp_mode": "catmullrom"
						},
						"1.56": {
							"post": [-70, 0, 0],
							"lerp_mode": "catmullrom"
						},
						"2.36": [0, 0, 0]
					}
				},
				"rightLeg4": {
					"rotation": {
						"0.0": {
							"post": [0, 0, 0],
							"lerp_mode": "catmullrom"
						},
						"2.36": [0, 0, 0]
					}
				},
				"rightLeg2": {
					"rotation": {
						"0.0": {
							"post": [0, 0, 0],
							"lerp_mode": "catmullrom"
						},
						"2.36": [0, 0, 0]
					}
				},
				"rightLeg11": {
					"rotation": {
						"0.0": {
							"post": [0, 0, 0],
							"lerp_mode": "catmullrom"
						},
						"2.36": [0, 0, 0]
					}
				},
				"rightLeg5": {
					"rotation": {
						"0.0": {
							"post": [0, 0, 0],
							"lerp_mode": "catmullrom"
						},
						"1.04": {
							"post": [45, -32.5, 95],
							"lerp_mode": "catmullrom"
						},
						"1.56": {
							"post": [-22.5, -32.5, 95],
							"lerp_mode": "catmullrom"
						},
						"2.36": [0, 0, 0]
					}
				},
				"rightLeg8": {
					"rotation": {
						"0.0": {
							"post": [0, 0, 0],
							"lerp_mode": "catmullrom"
						},
						"2.36": [0, 0, 0]
					}
				},
				"rightLeg6": {
					"rotation": {
						"0.0": {
							"post": [0, 0, 0],
							"lerp_mode": "catmullrom"
						},
						"1.04": [27.5, 0, 0],
						"1.56": [-30, 0, 0],
						"2.36": [0, 0, 0]
					}
				},
				"rightLeg7": {
					"rotation": {
						"0.0": {
							"post": [0, 0, 0],
							"lerp_mode": "catmullrom"
						},
						"1.04": [20, 0, 0],
						"1.56": [-37.5, 0, 0],
						"2.36": [0, 0, 0]
					}
				},
				"rightLeg9": {
					"rotation": {
						"0.0": [0, 0, 0],
						"2.36": [0, 0, 0]
					}
				}
			}
		},
		"animation.titan_c.spawn": {
			"animation_length": 15.6,
			"bones": {
				"head": {
					"rotation": {
						"0.0": {
							"post": [20, 0, 0],
							"lerp_mode": "catmullrom"
						},
						"2.04": {
							"post": [20, 0, 0],
							"lerp_mode": "catmullrom"
						},
						"3.12": {
							"post": [-22.5, 0, 0],
							"lerp_mode": "catmullrom"
						},
						"4.16": {
							"post": [-22.5, 0, 0],
							"lerp_mode": "catmullrom"
						},
						"5.2": {
							"post": [17.5, 0, 0],
							"lerp_mode": "catmullrom"
						},
						"6.24": {
							"post": [17.5, 0, 0],
							"lerp_mode": "catmullrom"
						},
						"7.28": {
							"post": [35, 0, 0],
							"lerp_mode": "catmullrom"
						},
						"8.32": {
							"post": [40, 0, 0],
							"lerp_mode": "catmullrom"
						},
						"8.84": {
							"post": [42.5, 0, 0],
							"lerp_mode": "catmullrom"
						},
						"9.88": {
							"post": [42.5, 0, 0],
							"lerp_mode": "catmullrom"
						},
						"10.92": {
							"post": [20, 0, 0],
							"lerp_mode": "catmullrom"
						},
						"11.96": {
							"post": [-20, 0, 0],
							"lerp_mode": "catmullrom"
						},
						"13.0": {
							"post": [0, -17.5, 0],
							"lerp_mode": "catmullrom"
						},
						"14.04": {
							"post": [0, 17.5, 0],
							"lerp_mode": "catmullrom"
						},
						"15.6": [0, 0, 0]
					}
				},
				"body0": {
					"rotation": {
						"0.0": {
							"post": [30, 0, 0],
							"lerp_mode": "catmullrom"
						},
						"6.24": {
							"post": [30, 0, 0],
							"lerp_mode": "catmullrom"
						},
						"7.28": {
							"post": [15, 0, 0],
							"lerp_mode": "catmullrom"
						},
						"8.32": {
							"post": [15, 0, 0],
							"lerp_mode": "catmullrom"
						},
						"8.84": {
							"post": [15, 0, 0],
							"lerp_mode": "catmullrom"
						},
						"9.88": [0, 0, 0]
					},
					"position": {
						"0.0": {
							"post": [0, -5, 0],
							"lerp_mode": "catmullrom"
						},
						"6.24": {
							"post": [0, -5, 0],
							"lerp_mode": "catmullrom"
						},
						"8.84": {
							"post": [0, -5, 0],
							"lerp_mode": "catmullrom"
						},
						"9.88": [0, 0, 0]
					}
				},
				"body1": {
					"rotation": {
						"0.0": {
							"post": [27.5, 0, 0],
							"lerp_mode": "catmullrom"
						},
						"2.04": {
							"post": [27.5, 0, 0],
							"lerp_mode": "catmullrom"
						},
						"3.12": {
							"post": [12.5, 0, 0],
							"lerp_mode": "catmullrom"
						},
						"4.16": {
							"post": [12.5, 0, 0],
							"lerp_mode": "catmullrom"
						},
						"5.2": {
							"post": [22.5, 0, 0],
							"lerp_mode": "catmullrom"
						},
						"6.24": {
							"post": [22.5, 0, 0],
							"lerp_mode": "catmullrom"
						},
						"7.28": {
							"post": [-17.5, 0, 0],
							"lerp_mode": "catmullrom"
						},
						"8.32": {
							"post": [12.5, 0, 0],
							"lerp_mode": "catmullrom"
						},
						"8.84": {
							"post": [15, 0, 0],
							"lerp_mode": "catmullrom"
						},
						"9.88": {
							"post": [15, 0, 0],
							"lerp_mode": "catmullrom"
						},
						"10.92": {
							"post": [27.5, 0, 0],
							"lerp_mode": "catmullrom"
						},
						"11.96": {
							"post": [50, 0, 0],
							"lerp_mode": "catmullrom"
						},
						"13.0": {
							"post": [-20, 0, -15],
							"lerp_mode": "catmullrom"
						},
						"14.04": {
							"post": [-20, 0, 15],
							"lerp_mode": "catmullrom"
						},
						"15.6": [0, 0, 0]
					}
				},
				"body2": {
					"rotation": {
						"0.0": {
							"post": [17.5, 0, 0],
							"lerp_mode": "catmullrom"
						},
						"2.04": {
							"post": [17.5, 0, 0],
							"lerp_mode": "catmullrom"
						},
						"3.12": {
							"post": [10, 0, 0],
							"lerp_mode": "catmullrom"
						},
						"4.16": {
							"post": [10, 0, 0],
							"lerp_mode": "catmullrom"
						},
						"5.2": {
							"post": [15, 0, 0],
							"lerp_mode": "catmullrom"
						},
						"6.24": {
							"post": [15, 0, 0],
							"lerp_mode": "catmullrom"
						},
						"7.28": {
							"post": [-15, 0, 0],
							"lerp_mode": "catmullrom"
						},
						"8.32": {
							"post": [12.5, 0, 0],
							"lerp_mode": "catmullrom"
						},
						"8.84": {
							"post": [15, 0, 0],
							"lerp_mode": "catmullrom"
						},
						"9.88": {
							"post": [15, 0, 0],
							"lerp_mode": "catmullrom"
						},
						"10.92": {
							"post": [30, 0, 0],
							"lerp_mode": "catmullrom"
						},
						"11.96": {
							"post": [-20, 0, 0],
							"lerp_mode": "catmullrom"
						},
						"13.0": {
							"post": [35, 0, 17.5],
							"lerp_mode": "catmullrom"
						},
						"14.04": {
							"post": [35, 0, -17.5],
							"lerp_mode": "catmullrom"
						},
						"15.6": [0, 0, 0]
					}
				},
				"rightLeg4": {
					"rotation": {
						"0.0": {
							"post": [-50, 0, 20],
							"lerp_mode": "catmullrom"
						},
						"5.2": {
							"post": [-50, 0, 20],
							"lerp_mode": "catmullrom"
						},
						"6.24": {
							"post": [-62.5, 0, 20],
							"lerp_mode": "catmullrom"
						},
						"7.28": {
							"post": [-80, 0, 20],
							"lerp_mode": "catmullrom"
						},
						"8.32": {
							"post": [-55, 0, 0],
							"lerp_mode": "catmullrom"
						},
						"8.84": {
							"post": [-55, 0, 0],
							"lerp_mode": "catmullrom"
						},
						"9.88": [0, 0, 0]
					}
				},
				"rightLeg2": {
					"rotation": {
						"0.0": {
							"post": [-35, 0, 0],
							"lerp_mode": "catmullrom"
						},
						"5.2": {
							"post": [-35, 0, 0],
							"lerp_mode": "catmullrom"
						},
						"6.24": {
							"post": [-22.5, 0, 0],
							"lerp_mode": "catmullrom"
						},
						"7.28": {
							"post": [-55, 0, 0],
							"lerp_mode": "catmullrom"
						},
						"8.32": {
							"post": [0, 0, 0],
							"lerp_mode": "catmullrom"
						},
						"8.84": {
							"post": [0, 0, 0],
							"lerp_mode": "catmullrom"
						},
						"9.88": [0, 0, 0]
					}
				},
				"rightLeg3": {
					"rotation": {
						"0.0": {
							"post": [-42.5, 0, 0],
							"lerp_mode": "catmullrom"
						},
						"5.2": {
							"post": [-42.5, 0, 0],
							"lerp_mode": "catmullrom"
						},
						"6.24": {
							"post": [-22.5, 0, 0],
							"lerp_mode": "catmullrom"
						},
						"7.28": {
							"post": [-50, 0, 0],
							"lerp_mode": "catmullrom"
						},
						"8.32": {
							"post": [0, 0, 0],
							"lerp_mode": "catmullrom"
						},
						"8.84": {
							"post": [0, 0, 0],
							"lerp_mode": "catmullrom"
						},
						"9.88": [0, 0, 0]
					}
				},
				"rightLeg11": {
					"rotation": {
						"0.0": {
							"post": [27.5, -20, -20],
							"lerp_mode": "catmullrom"
						},
						"6.24": {
							"post": [27.5, -20, -20],
							"lerp_mode": "catmullrom"
						},
						"7.28": {
							"post": [12.7, -20, -20],
							"lerp_mode": "catmullrom"
						},
						"8.84": {
							"post": [12.7, -20, -20],
							"lerp_mode": "catmullrom"
						},
						"9.88": {
							"post": [37.7, -20, -20],
							"lerp_mode": "catmullrom"
						},
						"10.92": {
							"post": [-65, 0, 0],
							"lerp_mode": "catmullrom"
						},
						"11.96": [0, 0, 0]
					}
				},
				"rightLeg12": {
					"rotation": {
						"0.0": {
							"post": [-35, 0, 0],
							"lerp_mode": "catmullrom"
						},
						"8.84": {
							"post": [-35, 0, 0],
							"lerp_mode": "catmullrom"
						},
						"9.88": {
							"post": [-35, 0, 0],
							"lerp_mode": "catmullrom"
						},
						"10.92": [0, 0, 0]
					}
				},
				"rightLeg13": {
					"rotation": {
						"0.0": {
							"post": [-42.5, 0, 0],
							"lerp_mode": "catmullrom"
						},
						"8.84": {
							"post": [-42.5, 0, 0],
							"lerp_mode": "catmullrom"
						},
						"9.88": {
							"post": [-42.5, 0, 0],
							"lerp_mode": "catmullrom"
						},
						"10.92": [0, 0, 0]
					}
				},
				"rightLeg5": {
					"rotation": {
						"0.0": {
							"post": [-50, -10, -20],
							"lerp_mode": "catmullrom"
						},
						"5.2": {
							"post": [-50, -10, -20],
							"lerp_mode": "catmullrom"
						},
						"6.24": {
							"post": [-60, -10, -20],
							"lerp_mode": "catmullrom"
						},
						"7.28": {
							"post": [-80, -10, -20],
							"lerp_mode": "catmullrom"
						},
						"8.32": {
							"post": [-57.5, 0, 0],
							"lerp_mode": "catmullrom"
						},
						"8.84": {
							"post": [-57.5, 0, 0],
							"lerp_mode": "catmullrom"
						},
						"9.88": [0, 0, 0]
					}
				},
				"rightLeg6": {
					"rotation": {
						"0.0": {
							"post": [-37.5, 0, 0],
							"lerp_mode": "catmullrom"
						},
						"5.2": {
							"post": [-37.5, 0, 0],
							"lerp_mode": "catmullrom"
						},
						"6.24": {
							"post": [-25, 0, 0],
							"lerp_mode": "catmullrom"
						},
						"7.28": {
							"post": [-47.5, 0, 0],
							"lerp_mode": "catmullrom"
						},
						"8.32": {
							"post": [0, 0, 0],
							"lerp_mode": "catmullrom"
						},
						"8.84": {
							"post": [0, 0, 0],
							"lerp_mode": "catmullrom"
						},
						"9.88": [0, 0, 0]
					}
				},
				"rightLeg7": {
					"rotation": {
						"0.0": {
							"post": [-42.5, 0, 0],
							"lerp_mode": "catmullrom"
						},
						"5.2": {
							"post": [-42.5, 0, 0],
							"lerp_mode": "catmullrom"
						},
						"6.24": {
							"post": [-22.5, 0, 0],
							"lerp_mode": "catmullrom"
						},
						"7.28": {
							"post": [-55, 0, 0],
							"lerp_mode": "catmullrom"
						},
						"8.32": {
							"post": [0, 0, 0],
							"lerp_mode": "catmullrom"
						},
						"8.84": {
							"post": [0, 0, 0],
							"lerp_mode": "catmullrom"
						},
						"9.88": [0, 0, 0]
					}
				},
				"rightLeg8": {
					"rotation": {
						"0.0": {
							"post": [30, 20, 20],
							"lerp_mode": "catmullrom"
						},
						"6.24": {
							"post": [30, 20, 20],
							"lerp_mode": "catmullrom"
						},
						"7.28": {
							"post": [15, 20, 20],
							"lerp_mode": "catmullrom"
						},
						"8.84": {
							"post": [15, 20, 20],
							"lerp_mode": "catmullrom"
						},
						"9.88": {
							"post": [42.5, 20, 20],
							"lerp_mode": "catmullrom"
						},
						"10.92": {
							"post": [30, 0, 0],
							"lerp_mode": "catmullrom"
						},
						"11.96": {
							"post": [-87.5, 0, 0],
							"lerp_mode": "catmullrom"
						},
						"13.0": [0, 0, 0]
					}
				},
				"rightLeg9": {
					"rotation": {
						"0.0": {
							"post": [-37.5, 0, 0],
							"lerp_mode": "catmullrom"
						},
						"8.84": {
							"post": [-37.5, 0, 0],
							"lerp_mode": "catmullrom"
						},
						"9.88": {
							"post": [-37.5, 0, 0],
							"lerp_mode": "catmullrom"
						},
						"10.92": [0, 0, 0]
					}
				},
				"rightLeg10": {
					"rotation": {
						"0.0": {
							"post": [-40, 0, 0],
							"lerp_mode": "catmullrom"
						},
						"8.84": {
							"post": [-40, 0, 0],
							"lerp_mode": "catmullrom"
						},
						"9.88": {
							"post": [-40, 0, 0],
							"lerp_mode": "catmullrom"
						},
						"10.92": [0, 0, 0]
					}
				}
			}
		},
		"animation.titan_c.jump": {
			"animation_length": 7,
			"bones": {
				"head": {
					"rotation": {
						"0.0": {
							"post": [0, 0, 0],
							"lerp_mode": "catmullrom"
						},
						"1.04": {
							"post": [-19.8, 0, -34.53],
							"lerp_mode": "catmullrom"
						},
						"2.08": {
							"post": [-38.83, 0, 34.2],
							"lerp_mode": "catmullrom"
						},
						"3.0": {
							"post": [15, 0, -27.5],
							"lerp_mode": "catmullrom"
						},
						"3.64": {
							"post": [15, 0, -30],
							"lerp_mode": "catmullrom"
						},
						"4.32": {
							"post": [-15, 0, 0],
							"lerp_mode": "catmullrom"
						},
						"5.0": {
							"post": [15, 0, 30],
							"lerp_mode": "catmullrom"
						},
						"5.4": [15, 0, 32.5],
						"7.0": [0, 0, 0]
					}
				},
				"body1": {
					"rotation": {
						"0.0": {
							"post": [0, 0, 0],
							"lerp_mode": "catmullrom"
						},
						"1.04": {
							"post": [16.47, 0, 14.5],
							"lerp_mode": "catmullrom"
						},
						"2.08": {
							"post": [-19.57, 0, 26.91],
							"lerp_mode": "catmullrom"
						},
						"3.0": {
							"post": [47.5, 0, -37.5],
							"lerp_mode": "catmullrom"
						},
						"3.64": {
							"post": [47.5, 0, -40],
							"lerp_mode": "catmullrom"
						},
						"4.32": {
							"post": [-20, 0, 0],
							"lerp_mode": "catmullrom"
						},
						"5.0": {
							"post": [47.5, 0, 40],
							"lerp_mode": "catmullrom"
						},
						"5.4": [47.5, 0, 42.5],
						"7.0": [0, 0, 0]
					}
				},
				"body2": {
					"rotation": {
						"0.0": {
							"post": [0, 0, 0],
							"lerp_mode": "catmullrom"
						},
						"1.04": {
							"post": [13.87, 0, 17.87],
							"lerp_mode": "catmullrom"
						},
						"2.08": {
							"post": [-27.27, 0, 17.32],
							"lerp_mode": "catmullrom"
						},
						"3.0": {
							"post": [40, 0, -35],
							"lerp_mode": "catmullrom"
						},
						"3.64": {
							"post": [40, 0, -37.5],
							"lerp_mode": "catmullrom"
						},
						"4.32": {
							"post": [-15, 0, 0],
							"lerp_mode": "catmullrom"
						},
						"5.0": {
							"post": [40, 0, 37.5],
							"lerp_mode": "catmullrom"
						},
						"5.4": [40, 0, 40],
						"7.0": [0, 0, 0]
					}
				},
				"rightLeg4": {
					"rotation": {
						"0.0": {
							"post": [0, 0, 0],
							"lerp_mode": "catmullrom"
						},
						"3.64": {
							"post": [0, 0, 0],
							"lerp_mode": "catmullrom"
						},
						"4.32": {
							"post": [-62.5, -46.25, 0],
							"lerp_mode": "catmullrom"
						},
						"5.0": {
							"post": [0, -47.5, 0],
							"lerp_mode": "catmullrom"
						},
						"5.4": [0, -47.5, 5],
						"7.0": [0, 0, 0]
					}
				},
				"rightLeg11": {
					"rotation": {
						"0.0": {
							"post": [0, 0, 0],
							"lerp_mode": "catmullrom"
						},
						"3.64": {
							"post": [0, 0, 0],
							"lerp_mode": "catmullrom"
						},
						"4.32": {
							"post": [-60, 40, 0],
							"lerp_mode": "catmullrom"
						},
						"5.0": {
							"post": [0, 40, 0],
							"lerp_mode": "catmullrom"
						},
						"5.4": [0, 40, 5],
						"7.0": [0, 0, 0]
					}
				},
				"rightLeg5": {
					"rotation": {
						"0.0": {
							"post": [0, 0, 0],
							"lerp_mode": "catmullrom"
						},
						"1.04": {
							"post": [0, -26.03, 0],
							"lerp_mode": "catmullrom"
						},
						"2.08": {
							"post": [0, 45.49, 80],
							"lerp_mode": "catmullrom"
						},
						"3.0": {
							"post": [0, 47.5, 0],
							"lerp_mode": "catmullrom"
						},
						"3.64": {
							"post": [0, 47.5, -7.5],
							"lerp_mode": "catmullrom"
						},
						"4.32": {
							"post": [0, 47.5, 0],
							"lerp_mode": "catmullrom"
						},
						"5.4": [0, 47.5, 0],
						"7.0": [0, 0, 0]
					}
				},
				"rightLeg8": {
					"rotation": {
						"0.0": {
							"post": [0, 0, 0],
							"lerp_mode": "catmullrom"
						},
						"1.04": {
							"post": [0, 37, 0],
							"lerp_mode": "catmullrom"
						},
						"2.08": {
							"post": [0, -40.03, 80],
							"lerp_mode": "catmullrom"
						},
						"3.0": {
							"post": [0, -37.5, 0],
							"lerp_mode": "catmullrom"
						},
						"3.64": {
							"post": [0, -37.5, -7.5],
							"lerp_mode": "catmullrom"
						},
						"4.32": {
							"post": [0, -37.5, 0],
							"lerp_mode": "catmullrom"
						},
						"5.4": [0, -37.5, 0],
						"7.0": [0, 0, 0]
					}
				}
			}
		},
		"animation.titan_c.move": {
			"loop": true,
			"bones": {
				"head": {
					"rotation": [0, 0, "Math.cos(query.life_time * 300+(-90)) * 16"]
				},
				"body0": {
					"rotation": [0, 0, "Math.cos(query.life_time * 300+(-30)) * 10"]
				},
				"body1": {
					"rotation": [0, 0, "Math.cos(query.life_time * 300+(-50)) * 12"]
				},
				"body2": {
					"rotation": [0, 0, "Math.cos(query.life_time * 300+(-70)) * 14"]
				},
				"rightLeg4": {
					"rotation": ["-7.5+Math.cos(query.life_time * 300) * -15", "Math.cos(query.life_time * 300+(-600)) * -15", 0]
				},
				"rightLeg11": {
					"rotation": ["-7.5+Math.cos(query.life_time * 300+(-600)) * 15", "Math.cos(query.life_time * 300+(-900)) * 15", 0]
				},
				"rightLeg5": {
					"rotation": ["-7.5+Math.cos(query.life_time * 300) * 15", "Math.cos(query.life_time * 300+(-600)) * -15", 0]
				},
				"rightLeg8": {
					"rotation": ["-7.5+Math.cos(query.life_time * 300+(-600)) * -15", "Math.cos(query.life_time * 300+(-900)) * 15", 0]
				}
			}
		},
		"animation.titan_c.general": {
			"loop": true,
			"bones": {
				"body1": {
					"rotation": ["Math.cos(query.life_time * 100+(-10)) * 3", 0, 0]
				},
				"body2": {
					"rotation": ["Math.cos(query.life_time * 100+(-120)) * 3", 0, 0]
				},
				"head": {
					"rotation": ["Math.cos(query.life_time * 100+(-200)) * 3", 0, 0]
				},
				"body0": {
					"position": [0, 0.1, 0]
				}
			}
		},
		"animation.titan_c.death": {
			"animation_length": 60,
			"bones": {
				"head": {
					"rotation": {
						"0.0": {
							"post": [0, 0, 0],
							"lerp_mode": "catmullrom"
						},
						"1.04": {
							"post": [-30, 27.5, 0],
							"lerp_mode": "catmullrom"
						},
						"2.08": {
							"post": [-22.5, -50, 0],
							"lerp_mode": "catmullrom"
						},
						"4.16": {
							"post": [42.5, 0, 0],
							"lerp_mode": "catmullrom"
						},
						"6.76": {
							"post": [-2.5, 15, 0],
							"lerp_mode": "catmullrom"
						},
						"9.36": {
							"post": [-2.5, 15, 0],
							"lerp_mode": "catmullrom"
						},
						"10.92": {
							"post": [47.5, -22.5, 0],
							"lerp_mode": "catmullrom"
						},
						"11.96": {
							"post": [47.5, -22.5, 0],
							"lerp_mode": "catmullrom"
						},
						"13.0": {
							"post": [-2.5, 0, 0],
							"lerp_mode": "catmullrom"
						},
						"14.56": {
							"post": [22.5, 0, 0],
							"lerp_mode": "catmullrom"
						},
						"18.0": [0, 0, 0]
					}
				},
				"body0": {
					"rotation": {
						"0.0": {
							"post": [0, 0, 0],
							"lerp_mode": "catmullrom"
						},
						"2.08": {
							"post": [0, 0, 0],
							"lerp_mode": "catmullrom"
						},
						"4.16": {
							"post": [-32.5, 0, 0],
							"lerp_mode": "catmullrom"
						},
						"6.76": {
							"post": [-57.5, 0, 0],
							"lerp_mode": "catmullrom"
						},
						"11.96": {
							"post": [-57.5, 0, 0],
							"lerp_mode": "catmullrom"
						},
						"13.0": {
							"post": [-57.5, 0, 0],
							"lerp_mode": "catmullrom"
						},
						"14.56": {
							"post": [10, 0, 0],
							"lerp_mode": "catmullrom"
						},
						"18.0": [0, 0, 0]
					},
					"position": {
						"0.0": {
							"post": [0, 0, 0],
							"lerp_mode": "catmullrom"
						},
						"2.08": {
							"post": [0, 0, 0],
							"lerp_mode": "catmullrom"
						},
						"4.16": {
							"post": [0, -6, 7],
							"lerp_mode": "catmullrom"
						},
						"6.8": {
							"post": [0, -6, 7],
							"lerp_mode": "catmullrom"
						},
						"11.96": {
							"post": [0, -6, 7],
							"lerp_mode": "catmullrom"
						},
						"13.0": {
							"post": [0, -6, 7],
							"lerp_mode": "catmullrom"
						},
						"18.0": [0, 0, 0]
					},
					"scale": {
						"11.96": {
							"post": [1, 1, 1],
							"lerp_mode": "catmullrom"
						},
						"12.24": {
							"post": [1.15, 1, 1.15],
							"lerp_mode": "catmullrom"
						},
						"12.52": {
							"post": [1, 1, 1],
							"lerp_mode": "catmullrom"
						},
						"12.8": {
							"post": [1.15, 1, 1.15],
							"lerp_mode": "catmullrom"
						},
						"13.08": {
							"post": [1, 1, 1],
							"lerp_mode": "catmullrom"
						},
						"13.36": {
							"post": [1.15, 1, 1.15],
							"lerp_mode": "catmullrom"
						},
						"13.64": {
							"post": [1, 1, 1],
							"lerp_mode": "catmullrom"
						},
						"13.92": {
							"post": [1.15, 1, 1.15],
							"lerp_mode": "catmullrom"
						},
						"14.2": {
							"post": [1, 1, 1],
							"lerp_mode": "catmullrom"
						},
						"14.48": {
							"post": [1.15, 1, 1.15],
							"lerp_mode": "catmullrom"
						},
						"14.76": {
							"post": [1, 1, 1],
							"lerp_mode": "catmullrom"
						},
						"15.04": {
							"post": [1.15, 1, 1.15],
							"lerp_mode": "catmullrom"
						},
						"15.32": {
							"post": [1, 1, 1],
							"lerp_mode": "catmullrom"
						},
						"15.6": {
							"post": [1.15, 1, 1.15],
							"lerp_mode": "catmullrom"
						},
						"15.88": {
							"post": [1, 1, 1],
							"lerp_mode": "catmullrom"
						},
						"16.16": {
							"post": [1.15, 1, 1.15],
							"lerp_mode": "catmullrom"
						},
						"16.44": {
							"post": [1, 1, 1],
							"lerp_mode": "catmullrom"
						},
						"16.72": {
							"post": [1.15, 1, 1.15],
							"lerp_mode": "catmullrom"
						},
						"17.0": {
							"post": [1, 1, 1],
							"lerp_mode": "catmullrom"
						},
						"18.0": [1.35, 1, 1.35]
					}
				},
				"body1": {
					"rotation": {
						"0.0": {
							"post": [0, 0, 0],
							"lerp_mode": "catmullrom"
						},
						"1.04": {
							"post": [-22.5, 0, 0],
							"lerp_mode": "catmullrom"
						},
						"2.08": {
							"post": [22.5, 0, 0],
							"lerp_mode": "catmullrom"
						},
						"4.16": {
							"post": [40, 0, 0],
							"lerp_mode": "catmullrom"
						},
						"6.76": {
							"post": [-25, 7.5, 0],
							"lerp_mode": "catmullrom"
						},
						"11.96": {
							"post": [-25, 7.5, 0],
							"lerp_mode": "catmullrom"
						},
						"13.0": {
							"post": [-27.5, 0, 0],
							"lerp_mode": "catmullrom"
						},
						"14.56": {
							"post": [30, 0, 0],
							"lerp_mode": "catmullrom"
						},
						"18.0": [0, 0, 0]
					}
				},
				"body2": {
					"rotation": {
						"0.0": {
							"post": [0, 0, 0],
							"lerp_mode": "catmullrom"
						},
						"1.04": {
							"post": [-17.5, 0, 0],
							"lerp_mode": "catmullrom"
						},
						"2.08": {
							"post": [20, 0, 0],
							"lerp_mode": "catmullrom"
						},
						"4.16": {
							"post": [30, 0, 0],
							"lerp_mode": "catmullrom"
						},
						"6.76": {
							"post": [-7.5, 17.5, 0],
							"lerp_mode": "catmullrom"
						},
						"11.96": {
							"post": [-7.5, 17.5, 0],
							"lerp_mode": "catmullrom"
						},
						"13.0": {
							"post": [-17.5, 0, 0],
							"lerp_mode": "catmullrom"
						},
						"14.56": {
							"post": [20, 0, 0],
							"lerp_mode": "catmullrom"
						},
						"18.0": [0, 0, 0]
					}
				},
				"rightLeg4": {
					"rotation": {
						"0.0": {
							"post": [0, 0, 0],
							"lerp_mode": "catmullrom"
						},
						"2.08": {
							"post": [0, 0, 0],
							"lerp_mode": "catmullrom"
						},
						"4.16": {
							"post": [-27.5, 15, 0],
							"lerp_mode": "catmullrom"
						},
						"6.76": {
							"post": [57.5, 10, -50],
							"lerp_mode": "catmullrom"
						},
						"11.96": {
							"post": [57.5, 10, -50],
							"lerp_mode": "catmullrom"
						},
						"13.0": {
							"post": [-42.5, 0, 0],
							"lerp_mode": "catmullrom"
						},
						"14.56": {
							"post": [-30, 0, 0],
							"lerp_mode": "catmullrom"
						},
						"18.0": [0, 0, 0]
					}
				},
				"rightLeg2": {
					"rotation": {
						"0.0": {
							"post": [0, 0, 0],
							"lerp_mode": "catmullrom"
						},
						"2.08": {
							"post": [0, 0, 0],
							"lerp_mode": "catmullrom"
						},
						"4.16": {
							"post": [-22.5, 0, 0],
							"lerp_mode": "catmullrom"
						},
						"6.76": {
							"post": [-37.5, 0, 0],
							"lerp_mode": "catmullrom"
						},
						"11.96": {
							"post": [-37.5, 0, 0],
							"lerp_mode": "catmullrom"
						},
						"13.0": {
							"post": [0, 0, 0],
							"lerp_mode": "catmullrom"
						},
						"14.56": {
							"post": [-25, 0, 0],
							"lerp_mode": "catmullrom"
						},
						"18.0": [0, 0, 0]
					}
				},
				"rightLeg3": {
					"rotation": {
						"0.0": {
							"post": [0, 0, 0],
							"lerp_mode": "catmullrom"
						},
						"2.08": {
							"post": [0, 0, 0],
							"lerp_mode": "catmullrom"
						},
						"4.16": {
							"post": [-32.5, 0, 0],
							"lerp_mode": "catmullrom"
						},
						"6.76": {
							"post": [-42.5, 0, 0],
							"lerp_mode": "catmullrom"
						},
						"11.96": {
							"post": [-42.5, 0, 0],
							"lerp_mode": "catmullrom"
						},
						"13.0": {
							"post": [0, 0, 0],
							"lerp_mode": "catmullrom"
						},
						"14.56": {
							"post": [-22.5, 0, 0],
							"lerp_mode": "catmullrom"
						},
						"18.0": [0, 0, 0]
					}
				},
				"rightLeg11": {
					"rotation": {
						"0.0": {
							"post": [0, 0, 0],
							"lerp_mode": "catmullrom"
						},
						"2.08": {
							"post": [0, 0, 0],
							"lerp_mode": "catmullrom"
						},
						"4.16": {
							"post": [-25, 75, 0],
							"lerp_mode": "catmullrom"
						},
						"6.76": {
							"post": [-97.5, 0, 57.5],
							"lerp_mode": "catmullrom"
						},
						"11.96": {
							"post": [-97.5, 0, 57.5],
							"lerp_mode": "catmullrom"
						},
						"13.0": {
							"post": [-97.5, 0, 57.5],
							"lerp_mode": "catmullrom"
						},
						"14.56": {
							"post": [-27.5, 0, 0],
							"lerp_mode": "catmullrom"
						},
						"18.0": [0, 0, 0]
					}
				},
				"rightLeg12": {
					"rotation": {
						"0.0": {
							"post": [0, 0, 0],
							"lerp_mode": "catmullrom"
						},
						"2.08": {
							"post": [0, 0, 0],
							"lerp_mode": "catmullrom"
						},
						"4.16": {
							"post": [-30, 0, 0],
							"lerp_mode": "catmullrom"
						},
						"6.76": {
							"post": [-37.5, 0, 0],
							"lerp_mode": "catmullrom"
						},
						"11.96": {
							"post": [-37.5, 0, 0],
							"lerp_mode": "catmullrom"
						},
						"13.0": {
							"post": [-37.5, 0, 0],
							"lerp_mode": "catmullrom"
						},
						"14.56": [0, 0, 0]
					}
				},
				"rightLeg13": {
					"rotation": {
						"0.0": {
							"post": [0, 0, 0],
							"lerp_mode": "catmullrom"
						},
						"2.08": {
							"post": [0, 0, 0],
							"lerp_mode": "catmullrom"
						},
						"4.16": {
							"post": [-32.5, 0, 0],
							"lerp_mode": "catmullrom"
						},
						"6.76": {
							"post": [-42.5, 0, 0],
							"lerp_mode": "catmullrom"
						},
						"11.96": {
							"post": [-42.5, 0, 0],
							"lerp_mode": "catmullrom"
						},
						"13.0": {
							"post": [-42.5, 0, 0],
							"lerp_mode": "catmullrom"
						},
						"14.56": [0, 0, 0]
					}
				},
				"rightLeg5": {
					"rotation": {
						"0.0": {
							"post": [0, 0, 0],
							"lerp_mode": "catmullrom"
						},
						"2.08": {
							"post": [0, 0, 0],
							"lerp_mode": "catmullrom"
						},
						"4.16": {
							"post": [-22.5, -12.5, 0],
							"lerp_mode": "catmullrom"
						},
						"6.76": {
							"post": [55, 0, 50],
							"lerp_mode": "catmullrom"
						},
						"11.96": {
							"post": [55, 0, 50],
							"lerp_mode": "catmullrom"
						},
						"13.0": {
							"post": [-35, 0, 0],
							"lerp_mode": "catmullrom"
						},
						"14.56": {
							"post": [-35, 0, 0],
							"lerp_mode": "catmullrom"
						},
						"18.0": [0, 0, 0]
					}
				},
				"rightLeg6": {
					"rotation": {
						"0.0": {
							"post": [0, 0, 0],
							"lerp_mode": "catmullrom"
						},
						"2.08": {
							"post": [0, 0, 0],
							"lerp_mode": "catmullrom"
						},
						"4.16": {
							"post": [-30, 0, 0],
							"lerp_mode": "catmullrom"
						},
						"6.76": {
							"post": [-35, 0, 0],
							"lerp_mode": "catmullrom"
						},
						"11.96": {
							"post": [-35, 0, 0],
							"lerp_mode": "catmullrom"
						},
						"13.0": {
							"post": [0, 0, 0],
							"lerp_mode": "catmullrom"
						},
						"14.56": {
							"post": [-15, 0, 0],
							"lerp_mode": "catmullrom"
						},
						"18.0": [0, 0, 0]
					}
				},
				"rightLeg7": {
					"rotation": {
						"0.0": {
							"post": [0, 0, 0],
							"lerp_mode": "catmullrom"
						},
						"2.08": {
							"post": [0, 0, 0],
							"lerp_mode": "catmullrom"
						},
						"4.16": {
							"post": [-37.5, 0, 0],
							"lerp_mode": "catmullrom"
						},
						"6.76": {
							"post": [-45, 0, 0],
							"lerp_mode": "catmullrom"
						},
						"11.96": {
							"post": [-45, 0, 0],
							"lerp_mode": "catmullrom"
						},
						"13.0": {
							"post": [0, 0, 0],
							"lerp_mode": "catmullrom"
						},
						"14.56": {
							"post": [-27.5, 0, 0],
							"lerp_mode": "catmullrom"
						},
						"18.0": [0, 0, 0]
					}
				},
				"rightLeg8": {
					"rotation": {
						"0.0": {
							"post": [0, 0, 0],
							"lerp_mode": "catmullrom"
						},
						"2.08": {
							"post": [0, 0, 0],
							"lerp_mode": "catmullrom"
						},
						"4.16": {
							"post": [-20, -80, 0],
							"lerp_mode": "catmullrom"
						},
						"6.76": {
							"post": [-80, 0, -25],
							"lerp_mode": "catmullrom"
						},
						"11.96": {
							"post": [-80, 0, -25],
							"lerp_mode": "catmullrom"
						},
						"13.0": {
							"post": [-80, 0, -25],
							"lerp_mode": "catmullrom"
						},
						"14.56": {
							"post": [-27.5, 0, 0],
							"lerp_mode": "catmullrom"
						},
						"18.0": [0, 0, 0]
					}
				},
				"rightLeg9": {
					"rotation": {
						"0.0": {
							"post": [0, 0, 0],
							"lerp_mode": "catmullrom"
						},
						"2.08": {
							"post": [0, 0, 0],
							"lerp_mode": "catmullrom"
						},
						"4.16": {
							"post": [-30, 0, 0],
							"lerp_mode": "catmullrom"
						},
						"6.76": {
							"post": [-37.5, 0, 0],
							"lerp_mode": "catmullrom"
						},
						"11.96": {
							"post": [-37.5, 0, 0],
							"lerp_mode": "catmullrom"
						},
						"13.0": {
							"post": [-37.5, 0, 0],
							"lerp_mode": "catmullrom"
						},
						"14.56": [0, 0, 0]
					}
				},
				"rightLeg10": {
					"rotation": {
						"0.0": {
							"post": [0, 0, 0],
							"lerp_mode": "catmullrom"
						},
						"2.08": {
							"post": [0, 0, 0],
							"lerp_mode": "catmullrom"
						},
						"4.16": {
							"post": [-32.5, 0, 0],
							"lerp_mode": "catmullrom"
						},
						"6.76": {
							"post": [-42.5, 0, 0],
							"lerp_mode": "catmullrom"
						},
						"11.96": {
							"post": [-42.5, 0, 0],
							"lerp_mode": "catmullrom"
						},
						"13.0": {
							"post": [-42.5, 0, 0],
							"lerp_mode": "catmullrom"
						},
						"14.56": [0, 0, 0]
					}
				}
			}
		},
		"animation.creeper_titan.fly": {
			"loop": true,
			"bones": {
				"body0": {
					"rotation": [72.5, 0, 0],
					"position": [0, 4, 0]
				},
				"body1": {
					"rotation": [-17.5, 0, 0]
				},
				"body2": {
					"rotation": [-17.5, 0, 0]
				}
			}
		}
	}
}