{
	"format_version": "1.8.0",
	"animations": {
		"animation.d_titan.slash2": {
			"animation_length": 6,
			"bones": {
				"bone": {
					"rotation": {
						"0.0": [0, 0, 0],
						"2.08": [-25, 20, 0],
						"2.6": [-25, 20, 0],
						"4.04": [25, -20, 0],
						"4.84": [25, -20, 0],
						"6.0": [0, 0, 0]
					},
					"position": {
						"0.0": [0, 0, 0],
						"2.08": [0, -1, 4],
						"2.6": [0, -1, 4],
						"4.04": [0, -4, -8],
						"4.84": [0, -4, -8],
						"6.0": [0, 0, 0]
					}
				},
				"bone2": {
					"rotation": {
						"0.0": [0, 0, 0],
						"2.08": [-25, 20, 0],
						"2.6": [-30, 20, 0],
						"4.04": [30, -20, 0],
						"4.84": [32.5, -20, 0],
						"6.0": [0, 0, 0]
					}
				},
				"bone3": {
					"rotation": {
						"0.0": [0, 0, 0],
						"2.08": [-25, 20, 0],
						"2.6": [-30, 20, 0],
						"4.04": [10, -20, 0],
						"4.84": [12.5, -20, 0],
						"6.0": [0, 0, 0]
					}
				},
				"head": {
					"rotation": {
						"0.0": [0, 0, 0],
						"2.08": [67.5, -37.5, -45],
						"2.6": [67.5, -37.5, -45],
						"4.04": [-77.5, 35, -37.5],
						"4.84": [-82.5, 35, -37.5],
						"6.0": [0, 0, 0]
					}
				},
				"bone8": {
					"rotation": {
						"0.0": [0, 0, 0],
						"2.08": [0, -45, 0],
						"2.6": [0, -45, 0],
						"4.04": [10, -45, 0],
						"4.84": [20, -45, 0],
						"6.0": [0, 0, 0]
					}
				},
				"bone10": {
					"rotation": {
						"0.0": [0, 0, 0],
						"2.08": [-135, -2.5, -40],
						"2.6": [-135, -2.5, -40],
						"4.04": [0, 37.5, -40],
						"4.84": [0, 37.5, -40],
						"6.0": [0, 0, 0]
					}
				},
				"bone4": {
					"rotation": {
						"0.0": [0, 0, 0],
						"2.08": [42.5, -20, -10],
						"2.6": [45, -20, -10],
						"3.12": [-13.75, 0, 0],
						"3.72": [-30.87, 6.09, -3.04],
						"4.04": [-70, 20, -10],
						"4.84": [-70, 20, -10],
						"6.0": [0, 0, 0]
					}
				},
				"bone5": {
					"rotation": {
						"0.0": [0, 0, 0],
						"2.08": [32.5, 0, 0],
						"2.6": [17.5, 0, 0],
						"3.12": [58.33, 0, 0],
						"3.72": [73.77, 0, 0],
						"4.04": [47.5, 0, 0],
						"4.84": [47.5, 0, 0],
						"6.0": [0, 0, 0]
					}
				},
				"bone6": {
					"rotation": {
						"0.0": [0, 0, 0],
						"2.08": [-12.5, -20, -10],
						"2.6": [-12.5, -20, -10],
						"3.12": [-7.5, 0, 0],
						"4.04": [-2.5, 20, -10],
						"4.84": [-2.5, 20, -10],
						"6.0": [0, 0, 0]
					}
				},
				"bone9": {
					"rotation": {
						"0.0": [0, 0, 0],
						"2.08": [-25, 0, 0],
						"2.6": [-25, 0, 0],
						"4.04": [-50, 0, 0],
						"4.84": [-52.5, 0, 0],
						"6.0": [0, 0, 0]
					}
				},
				"bone11": {
					"rotation": {
						"0.0": [0, 0, 0],
						"2.08": [-40, 0, 0],
						"2.6": [-42.5, 0, 0],
						"4.04": [-25, 0, 0],
						"4.84": [-30, 0, 0],
						"6.0": [0, 0, 0]
					}
				},
				"bone7": {
					"rotation": {
						"0.0": [0, 0, 0],
						"2.08": [40, 0, 0],
						"2.6": [40, 0, 0],
						"4.04": [42.5, 0, 0],
						"4.84": [42.5, 0, 0],
						"6.0": [0, 0, 0]
					}
				},
				"bone12": {
					"rotation": {
						"0.0": [0, 0, 0],
						"2.08": [75, 0, 0],
						"2.6": [75, 0, 0],
						"4.84": [70, 0, 0],
						"6.0": [0, 0, 0]
					}
				},
				"bone13": {
					"rotation": {
						"0.0": [0, 0, 0],
						"2.08": [0, 42.5, 0],
						"2.6": [0, 30, 0],
						"4.04": [0, 47.5, 0],
						"4.84": [0, 47.5, 0],
						"6.0": [0, 0, 0]
					}
				}
			}
		},
		"animation.d_titan.slash2_b": {
			"animation_length": 6,
			"bones": {
				"bone": {
					"rotation": {
						"0.0": [0, 0, 0],
						"2.08": [-25, 20, 0],
						"2.6": [-25, 20, 0],
						"4.04": [25, -20, 0],
						"4.84": [25, -20, 0],
						"6.0": [0, 0, 0]
					},
					"position": {
						"0.0": [0, 0, 0],
						"2.08": [0, -1, 4],
						"2.6": [0, -1, 4],
						"4.04": [0, -4, -8],
						"4.84": [0, -4, -8],
						"6.0": [0, 0, 0]
					}
				},
				"bone2": {
					"rotation": {
						"0.0": [0, 0, 0],
						"2.08": [-25, 20, 0],
						"2.6": [-30, 20, 0],
						"4.04": [30, -20, 0],
						"4.84": [32.5, -20, 0],
						"6.0": [0, 0, 0]
					}
				},
				"bone3": {
					"rotation": {
						"0.0": [0, 0, 0],
						"2.08": [-25, 20, 0],
						"2.6": [-30, 20, 0],
						"4.04": [10, -20, 0],
						"4.84": [12.5, -20, 0],
						"6.0": [0, 0, 0]
					}
				},
				"head": {
					"rotation": {
						"0.0": [0, 0, 0],
						"2.08": [67.5, -37.5, -45],
						"2.6": [67.5, -37.5, -45],
						"4.04": [-77.5, 35, -37.5],
						"4.84": [-82.5, 35, -37.5],
						"6.0": [0, 0, 0]
					}
				},
				"bone8": {
					"rotation": {
						"0.0": [0, 0, 0],
						"2.08": [0, -45, 0],
						"2.6": [0, -45, 0],
						"4.04": [10, -45, 0],
						"4.84": [20, -45, 0],
						"6.0": [0, 0, 0]
					}
				},
				"bone10": {
					"rotation": {
						"0.0": [0, 0, 0],
						"2.08": [-135, -2.5, -40],
						"2.6": [-135, -2.5, -40],
						"4.04": [-120, 37.5, -40],
						"4.84": [-117.5, 37.5, -40],
						"6.0": [0, 0, 0]
					}
				},
				"bone4": {
					"rotation": {
						"0.0": [0, 0, 0],
						"2.08": [42.5, -20, -10],
						"2.6": [45, -20, -10],
						"3.12": [-13.75, 0, 0],
						"3.72": [-30.87, 6.09, -3.04],
						"4.04": [-70, 20, -10],
						"4.84": [-70, 20, -10],
						"6.0": [0, 0, 0]
					}
				},
				"bone5": {
					"rotation": {
						"0.0": [0, 0, 0],
						"2.08": [32.5, 0, 0],
						"2.6": [17.5, 0, 0],
						"3.12": [58.33, 0, 0],
						"3.72": [73.77, 0, 0],
						"4.04": [47.5, 0, 0],
						"4.84": [47.5, 0, 0],
						"6.0": [0, 0, 0]
					}
				},
				"bone6": {
					"rotation": {
						"0.0": [0, 0, 0],
						"2.08": [-12.5, -20, -10],
						"2.6": [-12.5, -20, -10],
						"3.12": [-7.5, 0, 0],
						"4.04": [-2.5, 20, -10],
						"4.84": [-2.5, 20, -10],
						"6.0": [0, 0, 0]
					}
				},
				"bone9": {
					"rotation": {
						"0.0": [0, 0, 0],
						"2.08": [-25, 0, 0],
						"2.6": [-25, 0, 0],
						"4.04": [-50, 0, 0],
						"4.84": [-52.5, 0, 0],
						"6.0": [0, 0, 0]
					}
				},
				"bone11": {
					"rotation": {
						"0.0": [0, 0, 0],
						"2.08": [-40, 0, 0],
						"2.6": [-42.5, 0, 0],
						"4.04": [-25, 0, 0],
						"4.84": [-30, 0, 0],
						"6.0": [0, 0, 0]
					}
				},
				"bone7": {
					"rotation": {
						"0.0": [0, 0, 0],
						"2.08": [40, 0, 0],
						"2.6": [40, 0, 0],
						"4.04": [42.5, 0, 0],
						"4.84": [42.5, 0, 0],
						"6.0": [0, 0, 0]
					}
				},
				"bone12": {
					"rotation": {
						"0.0": [0, 0, 0],
						"2.08": [75, 0, 0],
						"2.6": [75, 0, 0],
						"4.84": [70, 0, 0],
						"6.0": [0, 0, 0]
					}
				},
				"bone13": {
					"rotation": {
						"0.0": [0, 0, 0],
						"2.08": [0, 42.5, 0],
						"2.6": [0, 30, 0],
						"4.04": [0, 100, 0],
						"4.84": [0, 97.5, 0],
						"6.0": [0, 0, 0]
					}
				}
			}
		}
	}
}