{
	"format_version": "1.8.0",
	"animations": {
		"animation.enderman_titan.crystal": {
			"loop" : true,
			"bones": {
				"bone": {
					"rotation": {
						"0.0": [0, 0, 0],
						"1.0": [-270, -180, -90],
						"2.0": [-90, 0, 90]
					}
				},
				"bone3": {
					"rotation": {
						"0.0": [0, 0, 0],
						"1.0": [180, 180, -180],
						"2.0": [0, 0, 0]
					},
					"position": {
						"0.0": [0, 0, 0],
						"1.0": [0, 5, 0],
						"2.0": [0, 0, 0]
					}
				},
				"bone4": {
					"rotation": {
						"0.0": [5, 0, 0],
						"1.0": [-180, 180, -360],
						"2.0": [5, 0, 0]
					}
				}
			}
		}
	}
}