{
  "format_version": "1.8.0",
  "animations": {
		"animation.enderman_titan.look_at_target.default" : {
			"loop" : true,
			"bones" : {
				"ray" : {
					"relative_to" : {
						"rotation" : "entity"
					},
					"rotation" : [ "query.target_x_rotation", "query.target_y_rotation", 0.0 ]
				}
			}
		},
    "animation.enderman_yunshi.base_pose": {
       "loop": true,
       "bones": 
      {"bone": 
      {"rotation": 
      ["query.anim_time * 360.0",
       "query.anim_time * 360.0",
       "query.anim_time * 360.0" ]
      }}},
"animation.enderman_yunshi2.base_pose": {
       "loop": true,
       "bones":{
       "bone":{
   	   "rotation": {
			"0.0": [45, 45, 45],
			"20": [45, 45, 45]
					}
        
      }}

  }}}