{
	"format_version": "1.8.0",
	"animations": {
		"animation.wsj_titan.summon32": {
			"animation_length": 4.8,
			"bones": {
				"bone20": {
					"rotation": {
						"0.0": {
							"post": [0, 0, 0],
							"lerp_mode": "catmullrom"
						},
						"1.0": {
							"post": [0, 0, -20],
							"lerp_mode": "catmullrom"
						},
						"1.4": {
							"post": [0, 0, 5],
							"lerp_mode": "catmullrom"
						},
						"3.4": {
							"post": [0.83, 0, 5.83],
							"lerp_mode": "catmullrom"
						},
						"3.8": {
							"post": [-7.5, 0, 0],
							"lerp_mode": "catmullrom"
						},
						"4.8": [0, 0, 0]
					}
				},
				"bone21": {
					"rotation": {
						"0.0": {
							"post": [0, 0, 0],
							"lerp_mode": "catmullrom"
						},
						"1.0": {
							"post": [0, 0, -15],
							"lerp_mode": "catmullrom"
						},
						"1.4": {
							"post": [0, 0, 5],
							"lerp_mode": "catmullrom"
						},
						"3.4": {
							"post": [0, 0, 5],
							"lerp_mode": "catmullrom"
						},
						"3.8": {
							"post": [-15, 0, 0],
							"lerp_mode": "catmullrom"
						},
						"4.8": [0, 0, 0]
					}
				},
				"bone22": {
					"rotation": {
						"0.0": {
							"post": [0, 0, 0],
							"lerp_mode": "catmullrom"
						},
						"1.0": {
							"post": [70, 50, 0],
							"lerp_mode": "catmullrom"
						},
						"1.4": {
							"post": [-55, 50, 0],
							"lerp_mode": "catmullrom"
						},
						"3.4": {
							"post": [-55, 50, 0],
							"lerp_mode": "catmullrom"
						},
						"3.8": {
							"post": [-162.5, -12.5, 0],
							"lerp_mode": "catmullrom"
						},
						"4.8": [0, 0, 0]
					}
				},
				"bone23": {
					"rotation": {
						"0.0": {
							"post": [0, 0, 0],
							"lerp_mode": "catmullrom"
						},
						"1.0": {
							"post": [-20, 0, 0],
							"lerp_mode": "catmullrom"
						},
						"1.4": {
							"post": [-45, 0, 0],
							"lerp_mode": "catmullrom"
						},
						"3.4": {
							"post": [-56.67, 0, 0],
							"lerp_mode": "catmullrom"
						},
						"3.8": {
							"post": [-51.67, 0, 0],
							"lerp_mode": "catmullrom"
						},
						"4.8": [0, 0, 0]
					}
				},
				"bone24": {
					"rotation": {
						"0.0": {
							"post": [0, 0, 0],
							"lerp_mode": "catmullrom"
						},
						"1.0": {
							"post": [47.5, 0, -10],
							"lerp_mode": "catmullrom"
						},
						"1.4": {
							"post": [-65, 0, -10],
							"lerp_mode": "catmullrom"
						},
						"3.4": {
							"post": [-65, 0, -10],
							"lerp_mode": "catmullrom"
						},
						"3.8": {
							"post": [-103.33, 0, -11.67],
							"lerp_mode": "catmullrom"
						},
						"4.8": [0, 0, 0]
					}
				},
				"bone25": {
					"rotation": {
						"0.0": {
							"post": [0, 0, 0],
							"lerp_mode": "catmullrom"
						},
						"1.0": {
							"post": [-92.5, 0, 0],
							"lerp_mode": "catmullrom"
						},
						"1.4": {
							"post": [-10, 0, 0],
							"lerp_mode": "catmullrom"
						},
						"3.8": {
							"post": [-55, 0, 0],
							"lerp_mode": "catmullrom"
						},
						"4.8": [0, 0, 0]
					}
				},
				"bone26": {
					"rotation": {
						"0.0": {
							"post": [0, 0, 0],
							"lerp_mode": "catmullrom"
						},
						"1.0": {
							"post": [-17.5, 0, 0],
							"lerp_mode": "catmullrom"
						},
						"1.4": {
							"post": [75, 0, 0],
							"lerp_mode": "catmullrom"
						},
						"3.4": {
							"post": [117.5, 0, 0],
							"lerp_mode": "catmullrom"
						},
						"3.8": {
							"post": [70, 0, 0],
							"lerp_mode": "catmullrom"
						},
						"4.8": [0, 0, 0]
					}
				},
				"head2": {
					"rotation": {
						"0.0": {
							"post": [0, 0, 0],
							"lerp_mode": "catmullrom"
						},
						"1.0": {
							"post": [0, 0, -7.5],
							"lerp_mode": "catmullrom"
						},
						"3.4": {
							"post": [0, 0, 0],
							"lerp_mode": "catmullrom"
						},
						"3.8": {
							"post": [25, 0, 0],
							"lerp_mode": "catmullrom"
						},
						"4.8": [0, 0, 0]
					}
				}
			}
		},
		"animation.wskeleton_titan.summon7": {
			"animation_length": 4.8,
			"bones": {
				"bone": {
					"position": {
						"0.0": {
							"post": [0, 0, 0],
							"lerp_mode": "catmullrom"
						},
						"1.0": {
							"post": [0, -1, 2],
							"lerp_mode": "catmullrom"
						},
						"1.4": {
							"post": [0, -1, -5],
							"lerp_mode": "catmullrom"
						},
						"3.4": {
							"post": [0, -1, -4],
							"lerp_mode": "catmullrom"
						},
						"3.8": {
							"post": [0, -1.71, 4.14],
							"lerp_mode": "catmullrom"
						},
						"4.8": [0, 0, 0]
					}
				},
				"bone2": {
					"rotation": {
						"0.0": {
							"post": [0, 0, 0],
							"lerp_mode": "catmullrom"
						},
						"1.0": {
							"post": [0, 0, -10],
							"lerp_mode": "catmullrom"
						},
						"1.4": {
							"post": [0, 0, 5],
							"lerp_mode": "catmullrom"
						},
						"3.4": {
							"post": [0.83, 0, 5.83],
							"lerp_mode": "catmullrom"
						},
						"3.8": {
							"post": [-7.5, 0, 0],
							"lerp_mode": "catmullrom"
						},
						"4.8": [0, 0, 0]
					}
				},
				"bone3": {
					"rotation": {
						"0.0": {
							"post": [0, 0, 0],
							"lerp_mode": "catmullrom"
						},
						"1.0": {
							"post": [0, 0, -10],
							"lerp_mode": "catmullrom"
						},
						"1.4": {
							"post": [0, 0, 5],
							"lerp_mode": "catmullrom"
						},
						"3.4": {
							"post": [0.83, 0, 5.83],
							"lerp_mode": "catmullrom"
						},
						"3.8": {
							"post": [-15, 0, 0],
							"lerp_mode": "catmullrom"
						},
						"4.8": [0, 0, 0]
					}
				},
				"head": {
					"rotation": {
						"0.0": {
							"post": [0, 0, 0],
							"lerp_mode": "catmullrom"
						},
						"3.4": {
							"post": [0, 0, 0],
							"lerp_mode": "catmullrom"
						},
						"3.8": {
							"post": [25, 0, 0],
							"lerp_mode": "catmullrom"
						},
						"4.8": [0, 0, 0]
					}
				},
				"bone8": {
					"rotation": {
						"0.0": {
							"post": [0, 0, 0],
							"lerp_mode": "catmullrom"
						},
						"1.0": {
							"post": [-132.5, 0, 0],
							"lerp_mode": "catmullrom"
						},
						"1.4": {
							"post": [-55, 50, 0],
							"lerp_mode": "catmullrom"
						},
						"3.4": {
							"post": [-55, 50, 0],
							"lerp_mode": "catmullrom"
						},
						"3.8": {
							"post": [-97.5, 0, 0],
							"lerp_mode": "catmullrom"
						},
						"4.8": [0, 0, 0]
					}
				},
				"bone9": {
					"rotation": {
						"0.0": {
							"post": [0, 0, 0],
							"lerp_mode": "catmullrom"
						},
						"1.0": {
							"post": [-75, 0, 0],
							"lerp_mode": "catmullrom"
						},
						"1.4": {
							"post": [-45, 0, 0],
							"lerp_mode": "catmullrom"
						},
						"3.4": {
							"post": [-56.67, 0, 0],
							"lerp_mode": "catmullrom"
						},
						"3.8": {
							"post": [-35, 0, 0],
							"lerp_mode": "catmullrom"
						},
						"4.8": [0, 0, 0]
					}
				},
				"bone10": {
					"rotation": {
						"0.0": {
							"post": [0, 0, 0],
							"lerp_mode": "catmullrom"
						},
						"1.0": {
							"post": [-97.5, 0, -7.5],
							"lerp_mode": "catmullrom"
						},
						"1.4": {
							"post": [-65, 0, -10],
							"lerp_mode": "catmullrom"
						},
						"3.4": {
							"post": [-78.33, 0, -11.67],
							"lerp_mode": "catmullrom"
						},
						"3.8": {
							"post": [-107.5, 0, 0],
							"lerp_mode": "catmullrom"
						},
						"4.8": [0, 0, 0]
					}
				},
				"bone11": {
					"rotation": {
						"0.0": {
							"post": [0, 0, 0],
							"lerp_mode": "catmullrom"
						},
						"1.0": {
							"post": [-67.5, 0, 0],
							"lerp_mode": "catmullrom"
						},
						"1.4": {
							"post": [-10, 0, 0],
							"lerp_mode": "catmullrom"
						},
						"3.8": {
							"post": [-10, 0, 0],
							"lerp_mode": "catmullrom"
						},
						"4.8": [0, 0, 0]
					}
				},
				"bone4": {
					"rotation": {
						"0.0": {
							"post": [0, 0, 0],
							"lerp_mode": "catmullrom"
						},
						"1.0": {
							"post": [15, 0, 0],
							"lerp_mode": "catmullrom"
						},
						"1.4": {
							"post": [-15, 0, 0],
							"lerp_mode": "catmullrom"
						},
						"3.4": {
							"post": [-20.83, 0, 0],
							"lerp_mode": "catmullrom"
						},
						"3.8": {
							"post": [27.5, 0, 0],
							"lerp_mode": "catmullrom"
						},
						"4.8": [0, 0, 0]
					}
				},
				"bone5": {
					"rotation": {
						"0.0": {
							"post": [0, 0, 0],
							"lerp_mode": "catmullrom"
						},
						"1.4": {
							"post": [5, 0, 0],
							"lerp_mode": "catmullrom"
						},
						"4.8": [0, 0, 0]
					}
				},
				"bone6": {
					"rotation": {
						"0.0": {
							"post": [0, 0, 0],
							"lerp_mode": "catmullrom"
						},
						"1.0": {
							"post": [-15, 0, 0],
							"lerp_mode": "catmullrom"
						},
						"1.4": {
							"post": [20, 0, 0],
							"lerp_mode": "catmullrom"
						},
						"3.4": {
							"post": [22.5, 0, 0],
							"lerp_mode": "catmullrom"
						},
						"3.8": {
							"post": [-30, 0, 0],
							"lerp_mode": "catmullrom"
						},
						"4.8": [0, 0, 0]
					}
				},
				"bone7": {
					"rotation": {
						"0.0": {
							"post": [0, 0, 0],
							"lerp_mode": "catmullrom"
						},
						"1.0": {
							"post": [15, 0, 0],
							"lerp_mode": "catmullrom"
						},
						"1.4": {
							"post": [10, 0, 0],
							"lerp_mode": "catmullrom"
						},
						"4.8": [0, 0, 0]
					}
				},
				"bone12": {
					"rotation": {
						"0.0": {
							"post": [0, 0, 0],
							"lerp_mode": "catmullrom"
						},
						"1.0": {
							"post": [0, 0, 0],
							"lerp_mode": "catmullrom"
						},
						"1.4": {
							"post": [75, 0, 0],
							"lerp_mode": "catmullrom"
						},
						"3.4": {
							"post": [95, 0, 0],
							"lerp_mode": "catmullrom"
						},
						"3.8": {
							"post": [40, 0, 0],
							"lerp_mode": "catmullrom"
						},
						"4.8": [0, 0, 0]
					}
				}
			}
		}
	}
}