{
	"format_version": "1.8.0",
	"animations": {
		"animation.zombie_titan.grow": {
			"animation_length": 36,
			"bones": {
				"bone": {
					"rotation": {
						"0.0": [0, 0, 0],
						"0.52": [50, 0, 0],
						"32.24": [0, 0, 0],
						"32.76": [0.54, 0, 0],
						"33.96": [-90, 0, 0]
					},
					"position": {
						"0.0": [0, 0, 0],
						"0.52": [0, -1.5, 0.5],
						"32.24": [0, 0, 0],
						"32.76": [0, -3, 5],
						"35.0": [0, -33, 10]
					}
				},
				"bone2": {
					"rotation": {
						"0.0": [0, 0, 0],
						"0.52": [40, 0, 0],
						"32.24": [0, 0, 0],
						"32.76": [-35, 0, 0],
						"33.96": [30, 0, 0]
					}
				},
				"bone3": {
					"rotation": {
						"0.0": [0, 0, 0],
						"0.52": [30, 0, 0],
						"32.24": [0, 0, 0],
						"32.76": [-35, 0, 0],
						"33.96": [30, 0, 0]
					}
				},
				"head": {
					"rotation": {
						"0.0": [0, 0, 0],
						"0.52": [35, 0, 0],
						"32.24": [0, 0, 0],
						"32.76": [-40, 0, 0],
						"33.96": [-5, 0, 0]
					}
				},
				"bone8": {
					"rotation": {
						"0.0": [0, 0, 0],
						"0.52": [-30, 0, 0],
						"32.24": [0, 0, 0],
						"32.76": [0, -25, 0],
						"33.96": [-37.5, -47.5, 0]
					}
				},
				"bone9": {
					"rotation": [0, 0, 0]
				},
				"bone10": {
					"rotation": {
						"0.0": [0, 0, 0],
						"0.52": [-30, 0, 0],
						"32.24": [0, 0, 0],
						"32.76": [0, 25, 0],
						"33.96": [-37.5, 47.5, 0]
					}
				},
				"bone11": {
					"rotation": [0, 0, 0]
				},
				"bone13": {
					"rotation": [0, 0, 0]
				},
				"bone4": {
					"rotation": {
						"0.0": [0, 0, 0],
						"0.52": [-50, 0, 0],
						"32.24": [0, 0, 0],
						"32.76": [-55, 0, 0],
						"33.96": [-55, 0, 0]
					}
				},
				"bone5": {
					"rotation": {
						"0.0": [0, 0, 0],
						"32.24": [0, 0, 0],
						"32.76": [55, 0, 0],
						"33.96": [27.5, 0, 0]
					}
				},
				"bone6": {
					"rotation": {
						"0.0": [0, 0, 0],
						"0.52": [-50, 0, 0],
						"32.24": [0, 0, 0],
						"32.76": [30, 0, 0],
						"33.96": [-30, 0, 0]
					}
				},
				"bone7": {
					"rotation": {
						"0.0": [0, 0, 0],
						"32.24": [0, 0, 0],
						"32.76": [20, 0, 0],
						"33.96": [75, 0, 0]
					}
				}
			}
		},
		"animation.zombie_pigman_titan.grow": {
			"animation_length": 36,
			"bones": {
				"bone": {
					"rotation": {
						"0.0": [0, 0, 0],
						"0.52": [50, 0, 0],
						"32.24": [0, 0, 0],
						"32.76": [0.54, 0, 0]
					},
					"position": {
						"0.0": [0, 0, 0],
						"0.52": [0, -1.5, 0.5],
						"32.24": [0, 0, 0],
						"32.76": [0, -0.5, 0],
						"35.0": [0, -12, 0]
					}
				},
				"bone2": {
					"rotation": {
						"0.0": [0, 0, 0],
						"0.52": [40, 0, 0],
						"32.24": [0, 0, 0],
						"32.76": [35, 0, 0],
						"35.0": [30, 0, 0]
					}
				},
				"bone3": {
					"rotation": {
						"0.0": [0, 0, 0],
						"0.52": [30, 0, 0],
						"32.24": [0, 0, 0],
						"32.76": [35, 0, 0],
						"35.0": [27.5, 0, 0]
					}
				},
				"head": {
					"rotation": {
						"0.0": [0, 0, 0],
						"0.52": [35, 0, 0],
						"32.24": [0, 0, 0],
						"32.76": [35, 0, 0],
						"35.0": [32.5, 0, 0]
					}
				},
				"bone8": {
					"rotation": {
						"0.0": [0, 0, 0],
						"0.52": [-30, 0, 0],
						"32.24": [0, 0, 0],
						"32.76": [0, -25, 0],
						"35.0": [17.5, -20, 0]
					}
				},
				"bone9": {
					"rotation": {
						"0.0": [0, 0, 0],
						"32.76": [0, 0, 0],
						"35.0": [35, 0, 0]
					}
				},
				"bone10": {
					"rotation": {
						"0.0": [0, 0, 0],
						"0.52": [-30, 0, 0],
						"32.24": [0, 0, 0],
						"32.76": [0, 25, 0],
						"35.0": [-52.5, 22.5, -42.5]
					}
				},
				"bone11": {
					"rotation": {
						"0.0": [0, 0, 0],
						"32.76": [0, 0, 0],
						"35.0": [-7.5, 0, 0]
					}
				},
				"bone13": {
					"rotation": {
						"0.0": [0, 0, 0],
						"32.24": [0, 0, 0],
						"32.76": [107.5, 0, 0],
						"35.0": [180, 0, 0]
					}
				},
				"bone4": {
					"rotation": {
						"0.0": [0, 0, 0],
						"0.52": [-50, 0, 0],
						"32.24": [0, 0, 0],
						"32.76": [-10, 0, 0],
						"35.0": [-90, 70, 0]
					}
				},
				"bone5": {
					"rotation": {
						"0.0": [0, 0, 0],
						"32.24": [0, 0, 0],
						"32.76": [20, 0, 0],
						"35.0": [47.5, 0, 0]
					}
				},
				"bone6": {
					"rotation": {
						"0.0": [0, 0, 0],
						"0.52": [-50, 0, 0],
						"32.24": [0, 0, 0],
						"32.76": [-10, 0, 0],
						"35.0": [-90, -72.5, 0]
					}
				},
				"bone7": {
					"rotation": {
						"0.0": [0, 0, 0],
						"32.24": [0, 0, 0],
						"32.76": [20, 0, 0],
						"35.0": [50, 0, 0]
					}
				}
			}
		},
		"animation.skeleton_titan.grow": {
			"animation_length": 36,
			"bones": {
				"bone": {
					"rotation": {
						"0.0": [0, 0, 0],
						"27.04": [0, 0, 0],
						"30.04": [-90, 0, 0],
						"35.0": [-90, 0, 0]
					},
					"position": {
						"0.0": [0, 0, 0],
						"27.04": [0, 0, 0],
						"30.04": [0, -10, 14],
						"35.0": [0, -10, 14]
					}
				},
				"bone2": {
					"rotation": {
						"0.0": [0, 0, 0],
						"0.52": [35, 0, 0],
						"27.04": [-30, 0, 0],
						"30.04": [50, 0, 0],
						"35.0": [0, 0, 0]
					}
				},
				"bone3": {
					"rotation": {
						"0.0": [0, 0, 0],
						"0.52": [30, 0, 0],
						"27.04": [-35, 0, 0],
						"30.04": [45, 0, 0],
						"35.0": [0, 0, 0]
					}
				},
				"head": {
					"rotation": {
						"0.0": [0, 0, 0],
						"0.52": [55, 0, 0],
						"27.04": [-47.5, 0, 0],
						"30.04": [45, 0, 0],
						"35.0": [0, 0, 0]
					}
				},
				"bone8": {
					"rotation": {
						"0.0": [0, 0, 0],
						"0.52": [-63.75, 0, 0],
						"27.04": [65, 0, 0],
						"30.04": [12.5, 0, -2.5],
						"35.0": [12.5, 0, -40]
					}
				},
				"bone9": {
					"rotation": {
						"0.0": [0, 0, 0],
						"27.04": [0, 0, 0],
						"30.04": [-12.5, 0, 0],
						"35.0": [-12.5, 0, 0]
					}
				},
				"bone10": {
					"rotation": {
						"0.0": [0, 0, 0],
						"0.52": [-63.75, 0, 0],
						"27.04": [65, 0, 0],
						"30.04": [10, 0, 2.5],
						"35.0": [10, 0, 37.5]
					}
				},
				"bone11": {
					"rotation": {
						"0.0": [0, 0, 0],
						"27.04": [0, 0, 0],
						"30.04": [-7.5, 0, 0],
						"35.0": [-7.5, 0, 0]
					}
				},
				"bone13": {
					"rotation": [0, 0, 0]
				},
				"bone4": {
					"rotation": {
						"0.0": [0, 0, 0],
						"27.04": [0, 0, 0],
						"30.04": [-7.5, 0, 12.5],
						"35.0": [-7.5, 0, 12.5]
					}
				},
				"bone5": {
					"rotation": {
						"0.0": [0, 0, 0],
						"27.04": [0, 0, 0],
						"30.04": [27.5, 0, 0],
						"35.0": [27.5, 0, 0]
					}
				},
				"bone6": {
					"rotation": {
						"0.0": [0, 0, 0],
						"27.04": [0, 0, 0],
						"30.04": [-2.5, 0, -17.5],
						"35.0": [-2.5, 0, -17.5]
					}
				},
				"bone7": {
					"rotation": {
						"0.0": [0, 0, 0],
						"27.04": [0, 0, 0],
						"30.04": [15, 0, 0],
						"35.0": [15, 0, 0]
					}
				},
				"bone12": {
					"rotation": {
						"0.0": [0, 0, 0],
						"27.04": [0, 0, 0],
						"30.04": [0, 0, 0],
						"35.0": [0, 0, 0]
					}
				}
			}
		},
		"animation.silverfish_titan.grow": {
			"animation_length": 36,
			"bones": {
				"bone": {
					"rotation": {
						"0.0": [0, 0, 0],
						"0.52": [50, 0, 0],
						"32.24": [0, 0, 0],
						"32.76": [0.54, 0, 0],
						"33.96": [-90, 0, 0]
					},
					"position": {
						"0.0": [0, 0, 0],
						"0.52": [0, -1.5, 0.5],
						"32.24": [0, 0, 0],
						"32.76": [0, -3, 5],
						"35.0": [0, -33, 10]
					}
				},
				"bone2": {
					"rotation": {
						"0.0": [0, 0, 0],
						"0.52": [40, 0, 0],
						"32.24": [0, 0, 0],
						"32.76": [-35, 0, 0],
						"33.96": [30, 0, 0]
					}
				},
				"bone3": {
					"rotation": {
						"0.0": [0, 0, 0],
						"0.52": [30, 0, 0],
						"32.24": [0, 0, 0],
						"32.76": [-35, 0, 0],
						"33.96": [30, 0, 0]
					}
				},
				"head": {
					"rotation": {
						"0.0": [0, 0, 0],
						"0.52": [35, 0, 0],
						"32.24": [0, 0, 0],
						"32.76": [-40, 0, 0],
						"33.96": [-5, 0, 0]
					}
				},
				"bone8": {
					"rotation": {
						"0.0": [0, 0, 0],
						"0.52": [-30, 0, 0],
						"32.24": [0, 0, 0],
						"32.76": [0, -25, 0],
						"33.96": [-37.5, -47.5, 0]
					}
				},
				"bone9": {
					"rotation": [0, 0, 0]
				},
				"bone10": {
					"rotation": {
						"0.0": [0, 0, 0],
						"0.52": [-30, 0, 0],
						"32.24": [0, 0, 0],
						"32.76": [0, 25, 0],
						"33.96": [-37.5, 47.5, 0]
					}
				},
				"bone11": {
					"rotation": [0, 0, 0]
				},
				"bone13": {
					"rotation": [0, 0, 0]
				},
				"bone4": {
					"rotation": {
						"0.0": [0, 0, 0],
						"0.52": [-50, 0, 0],
						"32.24": [0, 0, 0],
						"32.76": [-55, 0, 0],
						"33.96": [-55, 0, 0]
					}
				},
				"bone5": {
					"rotation": {
						"0.0": [0, 0, 0],
						"32.24": [0, 0, 0],
						"32.76": [55, 0, 0],
						"33.96": [27.5, 0, 0]
					}
				},
				"bone6": {
					"rotation": {
						"0.0": [0, 0, 0],
						"0.52": [-50, 0, 0],
						"32.24": [0, 0, 0],
						"32.76": [30, 0, 0],
						"33.96": [-30, 0, 0]
					}
				},
				"bone7": {
					"rotation": {
						"0.0": [0, 0, 0],
						"32.24": [0, 0, 0],
						"32.76": [20, 0, 0],
						"33.96": [75, 0, 0]
					}
				},
				"bodyPart_2": {
					"rotation": {
						"0.0": [0, 0, 0],
						"30.0": [0, 0, 0],
						"35.0": [232.5, 0, -70]
					},
					"position": {
						"30.0": [0, 0, 0],
						"35.0": [2, 0, 1]
					}
				},
				"bodyPart_1": {
					"rotation": {
						"0.0": [0, 0, 0],
						"30.0": [0, 0, 0],
						"35.0": [57.5, 0, 0]
					}
				},
				"bodyPart_0": {
					"rotation": {
						"0.0": [0, 0, 0],
						"30.0": [0, 0, 0],
						"35.0": [95, 0, 0]
					}
				},
				"bodyPart_3": {
					"rotation": {
						"0.0": [0, 0, 0],
						"30.0": [0, 0, 0],
						"35.0": [-65, 0, 10]
					}
				},
				"bodyPart_4": {
					"rotation": {
						"0.0": [0, 0, 0],
						"30.0": [0, 0, 0],
						"35.0": [-67.5, 0, 15]
					}
				},
				"bodyLayer_1": {
					"rotation": {
						"0.0": [0, 0, 0],
						"30.0": [0, 0, 0],
						"35.0": [-40, 0, 15]
					}
				},
				"bodyPart_5": {
					"rotation": {
						"0.0": [0, 0, 0],
						"30.0": [0, 0, 0],
						"35.0": [-57.5, 0, 7.5]
					}
				}
			}
		},
		"animation.blaze_titan.grow": {
			"animation_length": 36,
			"bones": {
				"bone": {
					"rotation": [0, 0, 0],
					"position": {
						"0.0": [0, 0, 0],
						"30.64": [0, 0, 0],
						"35.0": [0, -40, 0]
					}
				},
				"bone2": {
					"rotation": [0, 0, 0],
					"position": [0, 0, 0]
				},
				"bone3": {
					"rotation": [0, 0, 0],
					"position": [0, 0, 0]
				},
				"head": {
					"rotation": {
						"0.0": [0, 0, 0],
						"0.52": [45, 0, 0],
						"30.64": [0, 0, 0]
					}
				},
				"bone8": {
					"rotation": [0, 0, 0]
				},
				"bone9": {
					"rotation": [0, 0, 0]
				},
				"bone10": {
					"rotation": [0, 0, 0]
				},
				"bone11": {
					"rotation": [0, 0, 0]
				},
				"bone13": {
					"rotation": [0, 0, 0]
				},
				"bone4": {
					"rotation": [0, 0, 0],
					"position": [0, 0, 0]
				},
				"bone5": {
					"rotation": [0, 0, 0]
				},
				"bone6": {
					"rotation": [0, 0, 0]
				},
				"bone7": {
					"rotation": [0, 0, 0]
				}
			}
		},
		"animation.spider_titan.grow": {
			"animation_length": 36,
			"bones": {
				"bone": {
					"position": {
						"30.0": [0, 0, 0],
						"32.52": [0, -9, 0],
						"35.0": [0, -16, 0]
					}
				},
				"bone2": {
					"rotation": {
						"0.0": [0, 0, 0],
						"0.52": [40, 0, 0],
						"32.24": [0, 0, 0],
						"32.76": [-35, 0, 0],
						"33.96": [30, 0, 0]
					}
				},
				"head": {
					"rotation": {
						"0.0": [0, 0, 0],
						"0.52": [45, 0, 0],
						"30.0": [0, 0, 0]
					}
				},
				"bone8": {
					"rotation": {
						"30.0": [0, 0, 0],
						"32.52": [0, 0, 40],
						"35.0": [0, 0, -40]
					}
				},
				"bone10": {
					"rotation": {
						"30.0": [0, 0, 0],
						"32.52": [0, 0, 40],
						"35.0": [0, 0, -40]
					}
				},
				"bone4": {
					"rotation": {
						"30.0": [0, 0, 0],
						"32.52": [0, 0, 40],
						"35.0": [0, 0, -40]
					}
				},
				"bone6": {
					"rotation": {
						"30.0": [0, 0, 0],
						"32.52": [0, 0, 40],
						"35.0": [0, 0, -40]
					}
				},
				"bone12": {
					"rotation": {
						"30.0": [0, 0, 0],
						"32.52": [0, 0, -40],
						"35.0": [0, 0, 40]
					}
				},
				"bone14": {
					"rotation": {
						"30.0": [0, 0, 0],
						"32.52": [0, 0, -40],
						"35.0": [0, 0, 40]
					}
				},
				"bone16": {
					"rotation": {
						"30.0": [0, 0, 0],
						"32.52": [0, 0, -40],
						"35.0": [0, 0, 40]
					}
				},
				"bone18": {
					"rotation": {
						"30.0": [0, 0, 0],
						"32.52": [0, 0, -40],
						"35.0": [0, 0, 40]
					}
				}
			}
		},
		"animation.enderman_titan.grow": {
			"animation_length": 36,
			"bones": {
				"bone": {
					"rotation": {
						"0.0": [0, 0, 0],
						"0.52": [50, 0, 0],
						"32.24": [0, 0, 0],
						"32.76": [0.54, 0, 0],
						"33.96": [-90, 0, 0]
					},
					"position": {
						"0.0": [0, 0, 0],
						"0.52": [0, -1.5, 0.5],
						"32.24": [0, 0, 0],
						"32.76": [0, -3, 5],
						"35.0": [0, -33, 10]
					}
				},
				"bone2": {
					"rotation": {
						"0.0": [0, 0, 0],
						"0.52": [40, 0, 0],
						"32.24": [0, 0, 0],
						"32.76": [-35, 0, 0],
						"33.96": [30, 0, 0]
					}
				},
				"bone3": {
					"rotation": {
						"0.0": [0, 0, 0],
						"0.52": [30, 0, 0],
						"32.24": [0, 0, 0],
						"32.76": [-35, 0, 0],
						"33.96": [30, 0, 0]
					}
				},
				"head": {
					"rotation": {
						"0.0": [0, 0, 0],
						"0.52": [60, 0, 0],
						"35.0": [0, 0, 0]
					}
				},
				"bone8": {
					"rotation": {
						"0.0": [0, 0, 0],
						"0.52": [-30, 0, 0],
						"32.24": [0, 0, 0],
						"32.76": [0, -25, 0],
						"33.96": [-37.5, -47.5, 0]
					}
				},
				"bone9": {
					"rotation": [0, 0, 0]
				},
				"bone10": {
					"rotation": {
						"0.0": [0, 0, 0],
						"0.52": [-30, 0, 0],
						"32.24": [0, 0, 0],
						"32.76": [0, 25, 0],
						"33.96": [-37.5, 47.5, 0]
					}
				},
				"bone11": {
					"rotation": [0, 0, 0]
				},
				"bone13": {
					"rotation": [0, 0, 0]
				},
				"bone4": {
					"rotation": {
						"0.0": [0, 0, 0],
						"0.52": [-50, 0, 0],
						"32.24": [0, 0, 0],
						"32.76": [-55, 0, 0],
						"33.96": [-55, 0, 0]
					}
				},
				"bone5": {
					"rotation": {
						"0.0": [0, 0, 0],
						"32.24": [0, 0, 0],
						"32.76": [55, 0, 0],
						"33.96": [27.5, 0, 0]
					}
				},
				"bone6": {
					"rotation": {
						"0.0": [0, 0, 0],
						"0.52": [-50, 0, 0],
						"32.24": [0, 0, 0],
						"32.76": [30, 0, 0],
						"33.96": [-30, 0, 0]
					}
				},
				"bone7": {
					"rotation": {
						"0.0": [0, 0, 0],
						"32.24": [0, 0, 0],
						"32.76": [20, 0, 0],
						"33.96": [75, 0, 0]
					}
				},
				"ALL": {
					"rotation": {
						"0.0": [0, 0, 0],
						"35.0": [0, 0, 0]
					},
					"position": {
						"0.0": [0, 0, 0],
						"35.0": [0, 0, 0]
					}
				},
				"body1": {
					"rotation": {
						"0.0": [-7.5, 0, 0],
						"35.0": [0, 0, 0]
					},
					"position": [0, 0, 0]
				},
				"body2": {
					"rotation": {
						"0.0": [0, 0, 0],
						"35.0": [0, 0, 0]
					}
				},
				"body3": {
					"rotation": {
						"0.0": [0, 0, 0],
						"35.0": [0, 0, 0]
					}
				},
				"head1": {
					"rotation": {
						"0.0": [0, 0, 0],
						"35.0": [0, 0, 0]
					}
				},
				"rightArm": {
					"rotation": {
						"0.0": [0, 0, 0],
						"35.0": [0, 0, 0]
					}
				},
				"rightArm1": {
					"rotation": {
						"0.0": [17.5, 0, 0],
						"35.0": [0, 0, 0]
					}
				},
				"leftArm": {
					"rotation": {
						"0.0": [0, 0, 0],
						"35.0": [0, 0, 0]
					}
				},
				"leftArm1": {
					"rotation": {
						"0.0": [17.5, 0, 0],
						"35.0": [0, 0, 0]
					}
				},
				"rightLeg": {
					"rotation": {
						"0.0": [10, 0, 0],
						"35.0": [0, 0, 0]
					}
				},
				"rightLeg1": {
					"rotation": {
						"0.0": [-7.5, 0, 0],
						"35.0": [0, 0, 0]
					}
				},
				"leftLeg": {
					"rotation": {
						"0.0": [10, 0, 0],
						"35.0": [0, 0, 0]
					}
				},
				"leftLeg1": {
					"rotation": {
						"0.0": [-7.5, 0, 0],
						"35.0": [0, 0, 0]
					}
				},
				"crystal": {
					"scale": 0
				},
				"crystal2": {
					"scale": 0
				},
				"crystal3": {
					"scale": 0
				},
				"crystal4": {
					"scale": 0
				},
				"crystal5": {
					"scale": 0
				},
				"crystal6": {
					"scale": 0
				},
				"crystal7": {
					"scale": 0
				},
				"crystal8": {
					"scale": 0
				},
				"crystal9": {
					"scale": 0
				},
				"beam": {
					"scale": 0
				},
				"beam2": {
					"scale": 0
				},
				"beam3": {
					"scale": 0
				},
				"beam4": {
					"scale": 0
				},
				"beam5": {
					"scale": 0
				},
				"beam6": {
					"scale": 0
				},
				"beam7": {
					"scale": 0
				},
				"beam8": {
					"scale": 0
				},
				"beam9": {
					"scale": 0
				}
			}
		},
		"animation.iron_golem_titan.grow": {
			"animation_length": 36,
			"bones": {
				"head": {
					"rotation": {
						"0.0": [0, 0, 0],
						"0.52": [60, 0, 0],
						"35.0": [0, 0, 0]
					}
				}
			}
		},
		"animation.snow_golem_titan.grow": {
			"animation_length": 36,
			"bones": {
				"bone": {
					"rotation": {
						"0.0": [0, 0, 0],
						"0.52": [50, 0, 0],
						"32.24": [0, 0, 0],
						"32.76": [0.54, 0, 0],
						"33.96": [-90, 0, 0]
					},
					"position": {
						"0.0": [0, 0, 0],
						"0.52": [0, -1.5, 0.5],
						"32.24": [0, 0, 0],
						"32.76": [0, -3, 5],
						"35.0": [0, -33, 10]
					}
				},
				"bone2": {
					"rotation": {
						"0.0": [0, 0, 0],
						"0.52": [40, 0, 0],
						"32.24": [0, 0, 0],
						"32.76": [-35, 0, 0],
						"33.96": [30, 0, 0]
					}
				},
				"bone3": {
					"rotation": {
						"0.0": [0, 0, 0],
						"0.52": [30, 0, 0],
						"32.24": [0, 0, 0],
						"32.76": [-35, 0, 0],
						"33.96": [30, 0, 0]
					}
				},
				"head": {
					"rotation": {
						"0.0": [0, 0, 0],
						"0.52": [60, 0, 0],
						"35.0": [0, 0, 0]
					}
				},
				"bone8": {
					"rotation": {
						"0.0": [0, 0, 0],
						"0.52": [-30, 0, 0],
						"32.24": [0, 0, 0],
						"32.76": [0, -25, 0],
						"33.96": [-37.5, -47.5, 0]
					}
				},
				"bone9": {
					"rotation": [0, 0, 0]
				},
				"bone10": {
					"rotation": {
						"0.0": [0, 0, 0],
						"0.52": [-30, 0, 0],
						"32.24": [0, 0, 0],
						"32.76": [0, 25, 0],
						"33.96": [-37.5, 47.5, 0]
					}
				},
				"bone11": {
					"rotation": [0, 0, 0]
				},
				"bone13": {
					"rotation": [0, 0, 0]
				},
				"bone4": {
					"rotation": {
						"0.0": [0, 0, 0],
						"0.52": [-50, 0, 0],
						"32.24": [0, 0, 0],
						"32.76": [-55, 0, 0],
						"33.96": [-55, 0, 0]
					}
				},
				"bone5": {
					"rotation": {
						"0.0": [0, 0, 0],
						"32.24": [0, 0, 0],
						"32.76": [55, 0, 0],
						"33.96": [27.5, 0, 0]
					}
				},
				"bone6": {
					"rotation": {
						"0.0": [0, 0, 0],
						"0.52": [-50, 0, 0],
						"32.24": [0, 0, 0],
						"32.76": [30, 0, 0],
						"33.96": [-30, 0, 0]
					}
				},
				"bone7": {
					"rotation": {
						"0.0": [0, 0, 0],
						"32.24": [0, 0, 0],
						"32.76": [20, 0, 0],
						"33.96": [75, 0, 0]
					}
				}
			}
		},
		"animation.creeper_titan.grow": {
			"animation_length": 36,
			"bones": {
				"bone": {
					"rotation": {
						"0.0": [0, 0, 0],
						"0.52": [50, 0, 0],
						"32.24": [0, 0, 0],
						"32.76": [0.54, 0, 0],
						"33.96": [-90, 0, 0]
					},
					"position": {
						"0.0": [0, 0, 0],
						"0.52": [0, -1.5, 0.5],
						"32.24": [0, 0, 0],
						"32.76": [0, -3, 5],
						"35.0": [0, -33, 10]
					}
				},
				"bone2": {
					"rotation": {
						"0.0": [0, 0, 0],
						"0.52": [40, 0, 0],
						"32.24": [0, 0, 0],
						"32.76": [-35, 0, 0],
						"33.96": [30, 0, 0]
					}
				},
				"bone3": {
					"rotation": {
						"0.0": [0, 0, 0],
						"0.52": [30, 0, 0],
						"32.24": [0, 0, 0],
						"32.76": [-35, 0, 0],
						"33.96": [30, 0, 0]
					}
				},
				"head": {
					"rotation": {
						"0.0": [0, 0, 0],
						"0.52": [-30, 0, 0],
						"26.52": [-35, 0, 0],
						"27.0": [30, 0, 0],
						"35.0": [20, 0, 0]
					}
				},
				"bone8": {
					"rotation": {
						"0.0": [0, 0, 0],
						"0.52": [-30, 0, 0],
						"32.24": [0, 0, 0],
						"32.76": [0, -25, 0],
						"33.96": [-37.5, -47.5, 0]
					}
				},
				"bone9": {
					"rotation": [0, 0, 0]
				},
				"bone10": {
					"rotation": {
						"0.0": [0, 0, 0],
						"0.52": [-30, 0, 0],
						"32.24": [0, 0, 0],
						"32.76": [0, 25, 0],
						"33.96": [-37.5, 47.5, 0]
					}
				},
				"bone11": {
					"rotation": [0, 0, 0]
				},
				"bone13": {
					"rotation": [0, 0, 0]
				},
				"bone4": {
					"rotation": {
						"0.0": [0, 0, 0],
						"0.52": [-50, 0, 0],
						"32.24": [0, 0, 0],
						"32.76": [-55, 0, 0],
						"33.96": [-55, 0, 0]
					}
				},
				"bone5": {
					"rotation": {
						"0.0": [0, 0, 0],
						"32.24": [0, 0, 0],
						"32.76": [55, 0, 0],
						"33.96": [27.5, 0, 0]
					}
				},
				"bone6": {
					"rotation": {
						"0.0": [0, 0, 0],
						"0.52": [-50, 0, 0],
						"32.24": [0, 0, 0],
						"32.76": [30, 0, 0],
						"33.96": [-30, 0, 0]
					}
				},
				"bone7": {
					"rotation": {
						"0.0": [0, 0, 0],
						"32.24": [0, 0, 0],
						"32.76": [20, 0, 0],
						"33.96": [75, 0, 0]
					}
				},
				"body0": {
					"rotation": {
						"0.0": [0, 0, 0],
						"27.0": [0, 0, 0],
						"35.0": [30, 0, 0]
					},
					"position": {
						"0.0": [0, 0, 0],
						"27.0": [0, 0, 0],
						"35.0": [0, -5, 0]
					}
				},
				"body1": {
					"rotation": {
						"0.0": [0, 0, 0],
						"0.52": [-30, 0, 0],
						"26.52": [-35, 0, 0],
						"27.0": [30, 0, 0],
						"35.0": [27.5, 0, 0]
					}
				},
				"body2": {
					"rotation": {
						"0.0": [0, 0, 0],
						"0.52": [-30, 0, 0],
						"26.52": [-35, 0, 0],
						"27.0": [30, 0, 0],
						"35.0": [17.5, 0, 0]
					}
				},
				"rightLeg4": {
					"rotation": {
						"0.0": [0, 0, 0],
						"27.0": [0, 0, 0],
						"35.0": [-50, 0, 20]
					}
				},
				"rightLeg2": {
					"rotation": {
						"0.0": [0, 0, 0],
						"27.0": [0, 0, 0],
						"35.0": [-35, 0, 0]
					}
				},
				"rightLeg3": {
					"rotation": {
						"0.0": [0, 0, 0],
						"27.0": [0, 0, 0],
						"35.0": [-42.5, 0, 0]
					}
				},
				"rightLeg11": {
					"rotation": {
						"0.0": [0, 0, 0],
						"27.0": [0, 0, 0],
						"35.0": [27.5, -20, -20]
					}
				},
				"rightLeg12": {
					"rotation": {
						"0.0": [0, 0, 0],
						"27.0": [0, 0, 0],
						"35.0": [-35, 0, 0]
					}
				},
				"rightLeg13": {
					"rotation": {
						"0.0": [0, 0, 0],
						"27.0": [0, 0, 0],
						"35.0": [-42.5, 0, 0]
					}
				},
				"rightLeg5": {
					"rotation": {
						"0.0": [0, 0, 0],
						"27.0": [0, 0, 0],
						"35.0": [-50, -10, -20]
					}
				},
				"rightLeg6": {
					"rotation": {
						"0.0": [0, 0, 0],
						"27.0": [0, 0, 0],
						"35.0": [-37.5, 0, 0]
					}
				},
				"rightLeg7": {
					"rotation": {
						"0.0": [0, 0, 0],
						"27.0": [0, 0, 0],
						"35.0": [-42.5, 0, 0]
					}
				},
				"rightLeg8": {
					"rotation": {
						"0.0": [0, 0, 0],
						"27.0": [0, 0, 0],
						"35.0": [30, 20, 20]
					}
				},
				"rightLeg9": {
					"rotation": {
						"0.0": [0, 0, 0],
						"27.0": [0, 0, 0],
						"35.0": [-37.5, 0, 0]
					}
				},
				"rightLeg10": {
					"rotation": {
						"0.0": [0, 0, 0],
						"27.0": [0, 0, 0],
						"35.0": [-40, 0, 0]
					}
				}
			}
		},
		"animation.zombie_titan.summon7": {
			"animation_length": 2.6,
			"bones": {
				"bone": {
					"rotation": {
						"0.0": {
							"post": [0, 0, 0],
							"lerp_mode": "catmullrom"
						},
						"2.6": [0, 0, 0]
					},
					"position": {
						"0.0": {
							"post": [0, 0, 0],
							"lerp_mode": "catmullrom"
						},
						"0.64": {
							"post": [0, -1, 2],
							"lerp_mode": "catmullrom"
						},
						"1.16": {
							"post": [0, -1, 4],
							"lerp_mode": "catmullrom"
						},
						"1.6": {
							"post": [0, -6, -2],
							"lerp_mode": "catmullrom"
						},
						"2.6": [0, 0, 0]
					}
				},
				"bone2": {
					"rotation": {
						"0.0": {
							"post": [0, 0, 0],
							"lerp_mode": "catmullrom"
						},
						"0.64": {
							"post": [22.5, 0, 0],
							"lerp_mode": "catmullrom"
						},
						"1.16": {
							"post": [-30, 0, 0],
							"lerp_mode": "catmullrom"
						},
						"1.6": {
							"post": [100, 0, 0],
							"lerp_mode": "catmullrom"
						},
						"2.6": [0, 0, 0]
					}
				},
				"bone3": {
					"rotation": {
						"0.0": {
							"post": [0, 0, 0],
							"lerp_mode": "catmullrom"
						},
						"0.64": {
							"post": [17.5, 0, 0],
							"lerp_mode": "catmullrom"
						},
						"1.16": {
							"post": [-25, 0, 0],
							"lerp_mode": "catmullrom"
						},
						"1.6": {
							"post": [35, 0, 0],
							"lerp_mode": "catmullrom"
						},
						"2.6": [0, 0, 0]
					}
				},
				"head": {
					"rotation": {
						"0.0": {
							"post": [0, 0, 0],
							"lerp_mode": "catmullrom"
						},
						"0.64": {
							"post": [-40, 0, 0],
							"lerp_mode": "catmullrom"
						},
						"1.16": {
							"post": [52.5, 0, 0],
							"lerp_mode": "catmullrom"
						},
						"1.6": {
							"post": [-105, 0, 0],
							"lerp_mode": "catmullrom"
						},
						"2.6": [0, 0, 0]
					}
				},
				"bone8": {
					"rotation": {
						"0.0": {
							"post": [0, 0, 0],
							"lerp_mode": "catmullrom"
						},
						"0.64": {
							"post": [32.5, -25, 0],
							"lerp_mode": "catmullrom"
						},
						"1.16": {
							"post": [-220, 0, 0],
							"lerp_mode": "catmullrom"
						},
						"1.6": {
							"post": [-45, 0, 0],
							"lerp_mode": "catmullrom"
						},
						"2.6": [0, 0, 0]
					}
				},
				"bone9": {
					"rotation": {
						"0.0": {
							"post": [0, 0, 0],
							"lerp_mode": "catmullrom"
						},
						"0.64": {
							"post": [-62.5, 0, 0],
							"lerp_mode": "catmullrom"
						},
						"1.16": {
							"post": [-90, 0, 0],
							"lerp_mode": "catmullrom"
						},
						"1.6": {
							"post": [0, 0, 60],
							"lerp_mode": "catmullrom"
						},
						"2.6": [0, 0, 0]
					}
				},
				"bone10": {
					"rotation": {
						"0.0": {
							"post": [0, 0, 0],
							"lerp_mode": "catmullrom"
						},
						"0.64": {
							"post": [32.5, 25, 0],
							"lerp_mode": "catmullrom"
						},
						"1.16": {
							"post": [-220, 0, 0],
							"lerp_mode": "catmullrom"
						},
						"1.6": {
							"post": [-45, 0, 0],
							"lerp_mode": "catmullrom"
						},
						"2.6": [0, 0, 0]
					}
				},
				"bone11": {
					"rotation": {
						"0.0": {
							"post": [0, 0, 0],
							"lerp_mode": "catmullrom"
						},
						"0.64": {
							"post": [-62.5, 0, 0],
							"lerp_mode": "catmullrom"
						},
						"1.16": {
							"post": [-90, 0, 0],
							"lerp_mode": "catmullrom"
						},
						"1.6": {
							"post": [0, 0, -60],
							"lerp_mode": "catmullrom"
						},
						"2.6": [0, 0, 0]
					}
				},
				"bone13": {
					"rotation": {
						"0.0": {
							"post": [0, 0, 0],
							"lerp_mode": "catmullrom"
						},
						"0.64": {
							"post": [0, 0, 0],
							"lerp_mode": "catmullrom"
						},
						"1.16": {
							"post": [110, 0, 0],
							"lerp_mode": "catmullrom"
						},
						"1.6": {
							"post": [-1.11, 0, 0],
							"lerp_mode": "catmullrom"
						},
						"2.6": [0, 0, 0]
					}
				},
				"bone4": {
					"rotation": {
						"0.0": {
							"post": [0, 0, 0],
							"lerp_mode": "catmullrom"
						},
						"0.64": {
							"post": [-30, 0, 0],
							"lerp_mode": "catmullrom"
						},
						"1.16": {
							"post": [-130.58, 0, 0],
							"lerp_mode": "catmullrom"
						},
						"1.6": {
							"post": [-70, 0, 0],
							"lerp_mode": "catmullrom"
						},
						"2.6": [0, 0, 0]
					}
				},
				"bone5": {
					"rotation": {
						"0.0": {
							"post": [0, 0, 0],
							"lerp_mode": "catmullrom"
						},
						"0.64": {
							"post": [40, 0, 0],
							"lerp_mode": "catmullrom"
						},
						"1.16": {
							"post": [131.15, 0, 0],
							"lerp_mode": "catmullrom"
						},
						"1.6": {
							"post": [100, 0, 0],
							"lerp_mode": "catmullrom"
						},
						"2.6": [0, 0, 0]
					}
				},
				"bone6": {
					"rotation": {
						"0.0": {
							"post": [0, 0, 0],
							"lerp_mode": "catmullrom"
						},
						"0.64": {
							"post": [-30, 0, 0],
							"lerp_mode": "catmullrom"
						},
						"1.16": {
							"post": [-25, 0, 0],
							"lerp_mode": "catmullrom"
						},
						"1.6": {
							"post": [-45, 0, 0],
							"lerp_mode": "catmullrom"
						},
						"2.6": [0, 0, 0]
					}
				},
				"bone7": {
					"rotation": {
						"0.0": {
							"post": [0, 0, 0],
							"lerp_mode": "catmullrom"
						},
						"0.64": {
							"post": [40, 0, 0],
							"lerp_mode": "catmullrom"
						},
						"1.16": {
							"post": [15, 0, 0],
							"lerp_mode": "catmullrom"
						},
						"1.6": {
							"post": [115, 0, 0],
							"lerp_mode": "catmullrom"
						},
						"2.6": [0, 0, 0]
					}
				}
			}
		},
		"animation.zombie_titan.summon11": {
			"animation_length": 9,
			"bones": {
				"bone": {
					"rotation": {
						"0.0": [0, 0, 0],
						"0.52": [0, 0, 0],
						"1.0": [0, 0, 0],
						"1.04": [0, 0, "Math.cos(query.life_time * 300) * -15"],
						"7.04": [0, 0, "Math.cos(query.life_time * 300) * -15"],
						"7.08": [0, 0, -15],
						"9.0": [0, 0, 0]
					},
					"position": {
						"0.0": [0, 0, 0],
						"0.52": [0, -2, 0],
						"1.0": [0, -1, 0],
						"1.04": [0, -1, 0],
						"7.04": [0, -1, 0],
						"7.08": [0, -1, 0],
						"9.0": [0, 0, 0]
					}
				},
				"bone2": {
					"rotation": {
						"0.0": [0, 0, 0],
						"0.52": [37.5, 0, 0],
						"1.0": [-35, 0, 0],
						"1.04": [-35, 0, "Math.cos(query.life_time * 300+(-100)) * -20"],
						"7.04": [-35, 0, "Math.cos(query.life_time * 300+(-100)) * -20"],
						"7.08": [-35, 0, 20],
						"9.0": [0, 0, 0]
					}
				},
				"bone3": {
					"rotation": {
						"0.0": [0, 0, 0],
						"0.52": [22.5, 0, 0],
						"1.0": [-35, 0, 0],
						"1.04": [-35, 0, "Math.cos(query.life_time * 300+(-150)) * -20"],
						"7.04": [-35, 0, "Math.cos(query.life_time * 300+(-150)) * -20"],
						"7.08": [-35, 0, 20],
						"9.0": [0, 0, 0]
					}
				},
				"head": {
					"rotation": {
						"0.0": [0, 0, 0],
						"0.52": [27.5, 0, 0],
						"1.0": [-35, 0, 0],
						"1.04": [-35, 0, "Math.cos(query.life_time * 300+(-200)) * -20"],
						"7.04": [-35, 0, "Math.cos(query.life_time * 300+(-200)) * -20"],
						"7.08": [-35, 0, 20],
						"9.0": [0, 0, 0]
					}
				},
				"bone8": {
					"rotation": {
						"0.0": [0, 0, 0],
						"0.52": [-25, 0, 0],
						"1.0": [0, -90, 17.5],
						"1.04": [0, -90, 17.5],
						"7.08": [0, -90, 17.5],
						"9.0": [0, 0, 0]
					}
				},
				"bone9": {
					"rotation": {
						"0.0": [0, 0, 0],
						"0.52": [-72.5, 0, 0],
						"1.0": [0, 0, 0],
						"1.04": [0, 0, 0]
					}
				},
				"bone10": {
					"rotation": {
						"0.0": [0, 0, 0],
						"0.52": [-25, 0, 0],
						"1.0": [0, 90, -17.5],
						"1.04": [0, 90, -17.5],
						"7.08": [0, 90, -17.5],
						"9.0": [0, 0, 0]
					}
				},
				"bone11": {
					"rotation": {
						"0.0": [0, 0, 0],
						"0.52": [-72.5, 0, 0],
						"1.0": [0, 0, 0],
						"1.04": [0, 0, 0]
					}
				},
				"bone13": {
					"rotation": [0, 0, 0]
				},
				"bone4": {
					"rotation": {
						"0.0": [0, 0, 0],
						"0.52": [-27.5, 0, 0],
						"1.0": [-20, 0, 17.5],
						"1.04": [-20, 0, "17.5+Math.cos(query.life_time * 300) * 15"],
						"7.04": [-20, 0, "17.5+Math.cos(query.life_time * 300) * 15"],
						"7.08": [-20, 0, 32.5],
						"9.0": [0, 0, 0]
					},
					"position": {
						"0.0": [0, 0, 0],
						"0.52": [0, 0, 0],
						"1.0": [0, 0, 0],
						"1.04": [0, "Math.cos(query.life_time * 300) * 0.5", 0],
						"7.04": [0, "Math.cos(query.life_time * 300) * 0.5", 0],
						"7.08": [0, 0.5, 0],
						"9.0": [0, 0, 0]
					}
				},
				"bone5": {
					"rotation": {
						"0.0": [0, 0, 0],
						"0.52": [62.5, 0, 0],
						"1.0": [40, 0, 0],
						"1.04": [40, 0, 0],
						"7.08": [40, 0, 0],
						"9.0": [0, 0, 0]
					},
					"position": {
						"0.0": [0, 0, 0],
						"1.0": [0, 0, 0],
						"7.08": [0, 0, 0],
						"9.0": [0, 0, 0]
					}
				},
				"bone6": {
					"rotation": {
						"0.0": [0, 0, 0],
						"0.52": [-27.5, 0, 0],
						"1.0": [-20, 0, -17.5],
						"1.04": [-20, 0, "-17.5+Math.cos(query.life_time * 300) * 15"],
						"7.04": [-20, 0, "-17.5+Math.cos(query.life_time * 300) * 15"],
						"7.08": [-20, 0, -2.5],
						"9.0": [0, 0, 0]
					},
					"position": {
						"0.0": [0, 0, 0],
						"0.52": [0, 0, 0],
						"1.0": [0, 0, 0],
						"1.04": [0, "Math.cos(query.life_time * 300) * -0.5", 0],
						"7.04": [0, "Math.cos(query.life_time * 300) * -0.5", 0],
						"7.08": [0, -0.5, 0],
						"9.0": [0, 0, 0]
					}
				},
				"bone7": {
					"rotation": {
						"0.0": [0, 0, 0],
						"0.52": [62.5, 0, 0],
						"1.04": [40, 0, 0],
						"7.08": [40, 0, 0],
						"9.0": [0, 0, 0]
					}
				}
			}
		},
		"animation.zombie_titan.head": {
			"loop": true,
			"bones": {
				"head5": {
					"scale": 0
				}
			}
		},
		"animation.zombie_titan.summon4": {
			"animation_length": 6,
			"bones": {
				"bone": {
					"rotation": {
						"0.0": {
							"post": [0, 0, 0],
							"lerp_mode": "catmullrom"
						},
						"0.52": {
							"post": [0, 0, 0],
							"lerp_mode": "catmullrom"
						},
						"1.16": {
							"post": [0, 0, 15],
							"lerp_mode": "catmullrom"
						},
						"1.8": {
							"post": [0, 0, -15],
							"lerp_mode": "catmullrom"
						},
						"2.24": {
							"post": [0, 0, -15],
							"lerp_mode": "catmullrom"
						},
						"3.0": {
							"post": [0, 0, -15],
							"lerp_mode": "catmullrom"
						},
						"3.72": {
							"post": [0, 0, 15],
							"lerp_mode": "catmullrom"
						},
						"4.24": {
							"post": [0, 0, 15],
							"lerp_mode": "catmullrom"
						},
						"6.0": [0, 0, 0]
					},
					"position": {
						"0.0": {
							"post": [0, 0, 0],
							"lerp_mode": "catmullrom"
						},
						"0.52": {
							"post": [0, -1, 0],
							"lerp_mode": "catmullrom"
						},
						"1.16": {
							"post": [0, 0.5, 0],
							"lerp_mode": "catmullrom"
						},
						"1.8": {
							"post": [0, -0.5, 0],
							"lerp_mode": "catmullrom"
						},
						"2.24": {
							"post": [0, -0.5, 0],
							"lerp_mode": "catmullrom"
						},
						"3.0": {
							"post": [0, 0.5, 0],
							"lerp_mode": "catmullrom"
						},
						"3.72": {
							"post": [0, -0.5, 0],
							"lerp_mode": "catmullrom"
						},
						"4.24": {
							"post": [0, -0.5, 0],
							"lerp_mode": "catmullrom"
						},
						"6.0": [0, 0, 0]
					}
				},
				"bone2": {
					"rotation": {
						"0.0": {
							"post": [0, 0, 0],
							"lerp_mode": "catmullrom"
						},
						"0.52": {
							"post": [20, 0, 0],
							"lerp_mode": "catmullrom"
						},
						"1.16": {
							"post": [-50, 0, 0],
							"lerp_mode": "catmullrom"
						},
						"1.8": {
							"post": [30, 0, 0],
							"lerp_mode": "catmullrom"
						},
						"2.24": {
							"post": [30, 0, 0],
							"lerp_mode": "catmullrom"
						},
						"3.0": {
							"post": [-50, 0, 0],
							"lerp_mode": "catmullrom"
						},
						"3.72": {
							"post": [30, 0, 0],
							"lerp_mode": "catmullrom"
						},
						"4.24": {
							"post": [30, 0, 0],
							"lerp_mode": "catmullrom"
						},
						"6.0": [0, 0, 0]
					}
				},
				"bone3": {
					"rotation": {
						"0.0": {
							"post": [0, 0, 0],
							"lerp_mode": "catmullrom"
						},
						"0.52": {
							"post": [20, 0, 0],
							"lerp_mode": "catmullrom"
						},
						"1.16": {
							"post": [-45, 0, 0],
							"lerp_mode": "catmullrom"
						},
						"1.8": {
							"post": [45, 0, 0],
							"lerp_mode": "catmullrom"
						},
						"2.24": {
							"post": [45, 0, 0],
							"lerp_mode": "catmullrom"
						},
						"3.0": {
							"post": [-45, 0, 0],
							"lerp_mode": "catmullrom"
						},
						"3.72": {
							"post": [45, 0, 0],
							"lerp_mode": "catmullrom"
						},
						"4.24": {
							"post": [45, 0, 0],
							"lerp_mode": "catmullrom"
						},
						"6.0": [0, 0, 0]
					}
				},
				"head": {
					"rotation": {
						"0.0": {
							"post": [0, 0, 0],
							"lerp_mode": "catmullrom"
						},
						"0.52": {
							"post": [-40, 0, 0],
							"lerp_mode": "catmullrom"
						},
						"1.16": {
							"post": [70, 0, 25],
							"lerp_mode": "catmullrom"
						},
						"1.8": {
							"post": [-17.5, 0, 25],
							"lerp_mode": "catmullrom"
						},
						"2.24": {
							"post": [-17.5, 0, 25],
							"lerp_mode": "catmullrom"
						},
						"3.0": {
							"post": [70, 0, -25],
							"lerp_mode": "catmullrom"
						},
						"3.72": {
							"post": [-17.5, 0, 25],
							"lerp_mode": "catmullrom"
						},
						"4.24": {
							"post": [-17.5, 0, 25],
							"lerp_mode": "catmullrom"
						},
						"6.0": [0, 0, 0]
					}
				},
				"bone8": {
					"rotation": {
						"0.0": {
							"post": [0, 0, 0],
							"lerp_mode": "catmullrom"
						},
						"0.52": {
							"post": [0, 0, -20],
							"lerp_mode": "catmullrom"
						},
						"1.16": {
							"post": [-60, -50, 30],
							"lerp_mode": "catmullrom"
						},
						"1.8": {
							"post": [-60, -30, 30],
							"lerp_mode": "catmullrom"
						},
						"2.24": {
							"post": [-60, -30, 30],
							"lerp_mode": "catmullrom"
						},
						"3.0": {
							"post": [-60, 0, 30],
							"lerp_mode": "catmullrom"
						},
						"3.72": {
							"post": [-60, -30, 30],
							"lerp_mode": "catmullrom"
						},
						"4.24": {
							"post": [-60, -30, 30],
							"lerp_mode": "catmullrom"
						},
						"6.0": [0, 0, 0]
					}
				},
				"bone9": {
					"rotation": {
						"0.0": {
							"post": [0, 0, 0],
							"lerp_mode": "catmullrom"
						},
						"0.52": {
							"post": [-70, 0, 0],
							"lerp_mode": "catmullrom"
						},
						"1.16": {
							"post": [-15, 0, 0],
							"lerp_mode": "catmullrom"
						},
						"1.8": {
							"post": [-15, 0, 0],
							"lerp_mode": "catmullrom"
						},
						"2.24": {
							"post": [-15, 0, 0],
							"lerp_mode": "catmullrom"
						},
						"3.0": {
							"post": [-15, 0, 0],
							"lerp_mode": "catmullrom"
						},
						"3.72": {
							"post": [-15, 0, 0],
							"lerp_mode": "catmullrom"
						},
						"4.24": {
							"post": [-15, 0, 0],
							"lerp_mode": "catmullrom"
						},
						"6.0": [0, 0, 0]
					}
				},
				"bone10": {
					"rotation": {
						"0.0": {
							"post": [0, 0, 0],
							"lerp_mode": "catmullrom"
						},
						"0.52": {
							"post": [0, 0, 35],
							"lerp_mode": "catmullrom"
						},
						"1.16": {
							"post": [-60, 30, -30],
							"lerp_mode": "catmullrom"
						},
						"1.8": {
							"post": [-60, 30, -30],
							"lerp_mode": "catmullrom"
						},
						"2.24": {
							"post": [-60, 30, -30],
							"lerp_mode": "catmullrom"
						},
						"3.0": {
							"post": [-60, 30, -30],
							"lerp_mode": "catmullrom"
						},
						"3.72": {
							"post": [-60, 30, -30],
							"lerp_mode": "catmullrom"
						},
						"4.24": {
							"post": [-60, 30, -30],
							"lerp_mode": "catmullrom"
						},
						"6.0": [0, 0, 0]
					}
				},
				"bone11": {
					"rotation": {
						"0.0": {
							"post": [0, 0, 0],
							"lerp_mode": "catmullrom"
						},
						"0.52": {
							"post": [-70, 0, 0],
							"lerp_mode": "catmullrom"
						},
						"1.16": {
							"post": [-15, 0, 0],
							"lerp_mode": "catmullrom"
						},
						"1.8": {
							"post": [-15, 0, 0],
							"lerp_mode": "catmullrom"
						},
						"2.24": {
							"post": [-15, 0, 0],
							"lerp_mode": "catmullrom"
						},
						"3.0": {
							"post": [-15, 0, 0],
							"lerp_mode": "catmullrom"
						},
						"3.72": {
							"post": [-15, 0, 0],
							"lerp_mode": "catmullrom"
						},
						"4.24": {
							"post": [-15, 0, 0],
							"lerp_mode": "catmullrom"
						},
						"6.0": [0, 0, 0]
					}
				},
				"bone13": {
					"rotation": {
						"0.0": {
							"post": [0, 0, 0],
							"lerp_mode": "catmullrom"
						},
						"0.52": {
							"post": [85, 0, 0],
							"lerp_mode": "catmullrom"
						},
						"1.8": {
							"post": [85, 0, 0],
							"lerp_mode": "catmullrom"
						},
						"2.24": {
							"post": [85, 0, 0],
							"lerp_mode": "catmullrom"
						},
						"3.0": {
							"post": [85, 0, 0],
							"lerp_mode": "catmullrom"
						},
						"3.72": {
							"post": [85, 0, 0],
							"lerp_mode": "catmullrom"
						},
						"4.24": {
							"post": [85, 0, 0],
							"lerp_mode": "catmullrom"
						},
						"6.0": [0, 0, 0]
					}
				},
				"bone4": {
					"rotation": {
						"0.0": {
							"post": [0, 0, 0],
							"lerp_mode": "catmullrom"
						},
						"0.52": {
							"post": [-20, 0, 0],
							"lerp_mode": "catmullrom"
						},
						"1.16": {
							"post": [-135, 0, 0],
							"lerp_mode": "catmullrom"
						},
						"1.8": {
							"post": [-30, 45, 15],
							"lerp_mode": "catmullrom"
						},
						"2.24": {
							"post": [-30, 45, 15],
							"lerp_mode": "catmullrom"
						},
						"3.0": {
							"post": [0, 0, 15],
							"lerp_mode": "catmullrom"
						},
						"3.72": {
							"post": [0, 0, -15],
							"lerp_mode": "catmullrom"
						},
						"4.24": {
							"post": [0, 0, -15],
							"lerp_mode": "catmullrom"
						},
						"6.0": [0, 0, 0]
					}
				},
				"bone5": {
					"rotation": {
						"0.0": {
							"post": [0, 0, 0],
							"lerp_mode": "catmullrom"
						},
						"0.52": {
							"post": [40, 0, 0],
							"lerp_mode": "catmullrom"
						},
						"1.16": {
							"post": [125, 0, 0],
							"lerp_mode": "catmullrom"
						},
						"1.8": {
							"post": [40, 0, 0],
							"lerp_mode": "catmullrom"
						},
						"2.24": {
							"post": [40, 0, 0],
							"lerp_mode": "catmullrom"
						},
						"3.0": {
							"post": [0, 0, 0],
							"lerp_mode": "catmullrom"
						},
						"3.72": {
							"post": [0, 0, 0],
							"lerp_mode": "catmullrom"
						},
						"4.24": {
							"post": [0, 0, 0],
							"lerp_mode": "catmullrom"
						},
						"6.0": [0, 0, 0]
					}
				},
				"bone6": {
					"rotation": {
						"0.0": {
							"post": [0, 0, 0],
							"lerp_mode": "catmullrom"
						},
						"0.52": {
							"post": [-20, 0, 0],
							"lerp_mode": "catmullrom"
						},
						"1.16": {
							"post": [0, 0, -15],
							"lerp_mode": "catmullrom"
						},
						"1.8": {
							"post": [0, 0, 15],
							"lerp_mode": "catmullrom"
						},
						"2.24": {
							"post": [0, 0, 15],
							"lerp_mode": "catmullrom"
						},
						"3.0": {
							"post": [-135, 0, 0],
							"lerp_mode": "catmullrom"
						},
						"3.72": {
							"post": [-30, -45, -15],
							"lerp_mode": "catmullrom"
						},
						"4.24": {
							"post": [-30, -45, -15],
							"lerp_mode": "catmullrom"
						},
						"6.0": [0, 0, 0]
					}
				},
				"bone7": {
					"rotation": {
						"0.0": {
							"post": [0, 0, 0],
							"lerp_mode": "catmullrom"
						},
						"0.52": {
							"post": [40, 0, 0],
							"lerp_mode": "catmullrom"
						},
						"1.16": {
							"post": [0, 0, 0],
							"lerp_mode": "catmullrom"
						},
						"1.8": {
							"post": [0, 0, 0],
							"lerp_mode": "catmullrom"
						},
						"2.24": {
							"post": [0, 0, 0],
							"lerp_mode": "catmullrom"
						},
						"3.0": {
							"post": [125, 0, 0],
							"lerp_mode": "catmullrom"
						},
						"3.72": {
							"post": [40, 0, 0],
							"lerp_mode": "catmullrom"
						},
						"4.24": {
							"post": [40, 0, 0],
							"lerp_mode": "catmullrom"
						},
						"6.0": [0, 0, 0]
					}
				}
			}
		},
		"animation.snow_golem_titan.death": {
			"animation_length": 10,
			"bones": {
				"head": {
					"scale": 1
				},
				"hatteh": {
					"scale": 0
				},
				"miann": {
					"scale": {
						"0.0": [1, 1, 1],
						"0.28": [3, 0.05, 3]
					}
				}
			}
		}
	}
}