{
  "format_version": "1.10.0",
  "geometry.mcpe_big_cameramen_scientists": {
    "texturewidth": 128,
    "textureheight": 128,
    "visible_bounds_width": 5,
    "visible_bounds_height": 4,
    "visible_bounds_offset": [
      0,
      2,
      0
    ],
    "bones": [
      {
        "name": "body",
        "pivot": [
          0,
          31,
          0
        ],
        "cubes": [
          {
            "origin": [
              -8,
              16,
              -4
            ],
            "size": [
              16,
              17,
              7
            ],
            "uv": [
              0,
              40
            ]
          }
        ]
      },
      {
        "name": "head",
        "parent": "body",
        "pivot": [
          0,
          32,
          -2
        ],
        "rotation": [
          -0.28396,
          -3.41347,
          -0.89448
        ],
        "cubes": [
          {
            "origin": [
              -4,
              34,
              -5.5
            ],
            "size": [
              8,
              7,
              7
            ],
            "uv": [
              0,
              0
            ]
          },
          {
            "origin": [
              -4,
              41,
              -3.5
            ],
            "size": [
              1,
              3,
              1
            ],
            "uv": [
              0,
              0
            ]
          },
          {
            "origin": [
              4,
              40,
              -3.5
            ],
            "size": [
              2,
              1,
              1
            ],
            "uv": [
              0,
              0
            ]
          },
          {
            "origin": [
              5,
              40,
              -2.5
            ],
            "size": [
              2,
              1,
              1
            ],
            "uv": [
              0,
              0
            ]
          },
          {
            "origin": [
              4,
              40,
              -2.5
            ],
            "size": [
              2,
              1,
              1
            ],
            "uv": [
              0,
              0
            ]
          },
          {
            "origin": [
              5,
              42,
              -1.5
            ],
            "size": [
              1,
              1,
              1
            ],
            "uv": [
              0,
              0
            ]
          },
          {
            "origin": [
              5,
              41,
              -1.5
            ],
            "size": [
              1,
              1,
              1
            ],
            "uv": [
              0,
              0
            ]
          },
          {
            "origin": [
              6,
              41,
              -1.5
            ],
            "size": [
              1,
              1,
              1
            ],
            "uv": [
              0,
              0
            ]
          },
          {
            "origin": [
              6,
              42,
              -1.5
            ],
            "size": [
              1,
              1,
              1
            ],
            "uv": [
              0,
              0
            ]
          },
          {
            "origin": [
              -1,
              31,
              -2.5
            ],
            "size": [
              2,
              5,
              2
            ],
            "uv": [
              0,
              0
            ]
          },
          {
            "origin": [
              -4,
              43,
              -6.5
            ],
            "size": [
              1,
              1,
              3
            ],
            "uv": [
              0,
              0
            ]
          },
          {
            "origin": [
              -1,
              36,
              -7.5
            ],
            "size": [
              2,
              2,
              2
            ],
            "uv": [
              0,
              0
            ]
          },
          {
            "origin": [
              -4,
              34,
              -8.5
            ],
            "size": [
              8,
              6,
              1
            ],
            "uv": [
              24,
              0
            ]
          },
          {
            "origin": [
              -4,
              41,
              -4.5
            ],
            "size": [
              8,
              1,
              1
            ],
            "uv": [
              24,
              0
            ]
          },
          {
            "origin": [
              -0.5,
              39,
              -2
            ],
            "size": [
              1,
              4,
              5
            ],
            "uv": [
              0,
              70
            ],
            "inflate": 0.5
          }
        ],
        "locators": {
          "lead": [
            0,
            32,
            -2
          ]
        }
      },
      {
        "name": "arm0",
        "parent": "body",
        "pivot": [
          0,
          30,
          0
        ],
        "cubes": [
          {
            "origin": [
              -12,
              6.5,
              -2
            ],
            "size": [
              4,
              26,
              4
            ],
            "uv": [
              60,
              21
            ]
          }
        ]
      },
      {
        "name": "arm1",
        "parent": "body",
        "pivot": [
          0,
          31,
          0
        ],
        "cubes": [
          {
            "origin": [
              8,
              6.5,
              -2
            ],
            "size": [
              4,
              26,
              4
            ],
            "uv": [
              60,
              58
            ]
          }
        ]
      },
      {
        "name": "leg0",
        "parent": "body",
        "pivot": [
          -3,
          15,
          0
        ],
        "cubes": [
          {
            "origin": [
              -5.5,
              0,
              -3
            ],
            "size": [
              5,
              16,
              5
            ],
            "uv": [
              37,
              0
            ]
          }
        ]
      },
      {
        "name": "leg1",
        "parent": "body",
        "pivot": [
          4,
          15,
          0
        ],
        "mirror": true,
        "cubes": [
          {
            "origin": [
              0.5,
              0,
              -3
            ],
            "size": [
              5,
              16,
              5
            ],
            "uv": [
              60,
              0
            ]
          }
        ]
      }
    ]
  }
}