{
  "format_version": "1.10.0",
  "geometry.mcpe_big_cameramen": {
    "texturewidth": 128,
    "textureheight": 128,
    "visible_bounds_width": 5,
    "visible_bounds_height": 4,
    "visible_bounds_offset": [
      0,
      2,
      0
    ],
    "bones": [
      {
        "name": "body",
        "pivot": [
          0,
          31,
          0
        ],
        "cubes": [
          {
            "origin": [
              -8,
              16,
              -4
            ],
            "size": [
              16,
              17,
              7
            ],
            "uv": [
              0,
              40
            ]
          }
        ]
      },
      {
        "name": "head",
        "parent": "body",
        "pivot": [
          0,
          33,
          -2
        ],
        "rotation": [
          -0.28396,
          -3.41347,
          -0.89448
        ],
        "cubes": [
          {
            "origin": [
              -4.01558,
              34.00014,
              -5.49412
            ],
            "size": [
              8,
              7,
              7
            ],
            "uv": [
              0,
              0
            ]
          },
          {
            "origin": [
              -4.01558,
              41.00014,
              -3.49412
            ],
            "size": [
              1,
              3,
              1
            ],
            "uv": [
              0,
              0
            ]
          },
          {
            "origin": [
              3.98442,
              40.00014,
              -3.49412
            ],
            "size": [
              2,
              1,
              1
            ],
            "uv": [
              0,
              0
            ]
          },
          {
            "origin": [
              4.98442,
              40.00014,
              -2.49412
            ],
            "size": [
              2,
              1,
              1
            ],
            "uv": [
              0,
              0
            ]
          },
          {
            "origin": [
              3.98442,
              40.00014,
              -2.49412
            ],
            "size": [
              2,
              1,
              1
            ],
            "uv": [
              0,
              0
            ]
          },
          {
            "origin": [
              4.98442,
              42.00014,
              -1.49412
            ],
            "size": [
              1,
              1,
              1
            ],
            "uv": [
              0,
              0
            ]
          },
          {
            "origin": [
              4.98442,
              41.00014,
              -1.49412
            ],
            "size": [
              1,
              1,
              1
            ],
            "uv": [
              0,
              0
            ]
          },
          {
            "origin": [
              5.98442,
              41.00014,
              -1.49412
            ],
            "size": [
              1,
              1,
              1
            ],
            "uv": [
              0,
              0
            ]
          },
          {
            "origin": [
              5.98442,
              42.00014,
              -1.49412
            ],
            "size": [
              1,
              1,
              1
            ],
            "uv": [
              0,
              0
            ]
          },
          {
            "origin": [
              -1.01558,
              31.00014,
              -2.49412
            ],
            "size": [
              2,
              5,
              2
            ],
            "uv": [
              0,
              0
            ]
          },
          {
            "origin": [
              -4.01558,
              43.00014,
              -6.49412
            ],
            "size": [
              1,
              1,
              3
            ],
            "uv": [
              0,
              0
            ]
          },
          {
            "origin": [
              -1.01558,
              36.00014,
              -7.49412
            ],
            "size": [
              2,
              2,
              2
            ],
            "uv": [
              0,
              0
            ]
          },
          {
            "origin": [
              -4.01558,
              34.00014,
              -8.49412
            ],
            "size": [
              8,
              6,
              1
            ],
            "uv": [
              24,
              0
            ]
          },
          {
            "origin": [
              -4.01558,
              41.00014,
              -4.49412
            ],
            "size": [
              8,
              1,
              1
            ],
            "uv": [
              24,
              0
            ]
          }
        ],
        "locators": {
          "lead": [
            -0.01558,
            32.00014,
            -1.99412
          ]
        }
      },
      {
        "name": "bone",
        "parent": "head",
        "pivot": [
          -0.01558,
          7.00014,
          -21.99412
        ],
        "rotation": [
          -32.5,
          0,
          0
        ],
        "cubes": [
          {
            "origin": [
              -0.51558,
              46.00014,
              -22.99412
            ],
            "size": [
              1,
              4,
              5
            ],
            "uv": [
              0,
              70
            ],
            "inflate": 0.5
          }
        ]
      },
      {
        "name": "arm0",
        "parent": "body",
        "pivot": [
          0,
          30,
          0
        ],
        "cubes": [
          {
            "origin": [
              -12,
              6.5,
              -2
            ],
            "size": [
              4,
              26,
              4
            ],
            "uv": [
              60,
              21
            ]
          }
        ]
      },
      {
        "name": "arm1",
        "parent": "body",
        "pivot": [
          0,
          31,
          0
        ],
        "cubes": [
          {
            "origin": [
              8,
              6.5,
              -2
            ],
            "size": [
              4,
              26,
              4
            ],
            "uv": [
              60,
              58
            ]
          }
        ]
      },
      {
        "name": "leg0",
        "parent": "body",
        "pivot": [
          -3,
          15,
          0
        ],
        "cubes": [
          {
            "origin": [
              -5.5,
              0,
              -3
            ],
            "size": [
              5,
              16,
              5
            ],
            "uv": [
              37,
              0
            ]
          }
        ]
      },
      {
        "name": "leg1",
        "parent": "body",
        "pivot": [
          4,
          15,
          0
        ],
        "mirror": true,
        "cubes": [
          {
            "origin": [
              0.5,
              0,
              -3
            ],
            "size": [
              5,
              16,
              5
            ],
            "uv": [
              60,
              0
            ]
          }
        ]
      }
    ]
  }
}