{
	"format_version": "1.12.0",
	"minecraft:geometry": [
		{
			"description": {
				"identifier": "geometry.locker",
				"texture_width": 256,
				"texture_height": 256,
				"visible_bounds_width": 5,
				"visible_bounds_height": 4,
				"visible_bounds_offset": [0, 0, 0]
			},
			"bones": [
				{
					"name": "locker",
					"pivot": [0.45455, 23, -0.38182],
					"cubes": [
						{"origin": [-22, 0, 8], "size": [45, 46, 1], "uv": [0, 18]},
						{"origin": [-21, 1, -8.7], "size": [43, 44, 1], "uv": [0, 101]},
						{"origin": [-21, 0, -9], "size": [43, 1, 17], "uv": [92, 18]},
						{"origin": [-21, 15, -9], "size": [43, 1, 17], "uv": [0, 83]},
						{"origin": [-21, 30, -9], "size": [43, 1, 17], "uv": [0, 65]},
						{"origin": [-22, 45, -9], "size": [44, 1, 17], "uv": [0, 0]},
						{"origin": [22, 0, -9], "size": [1, 46, 17], "uv": [120, 36]},
						{"origin": [-22, 0, -9], "size": [1, 46, 17], "uv": [88, 101]},
						{"origin": [11, 1, -9], "size": [1, 44, 17], "uv": [36, 146]},
						{"origin": [0, 1, -9], "size": [1, 44, 17], "uv": [0, 146]},
						{"origin": [-11, 1, -9], "size": [1, 44, 17], "uv": [124, 124]}
					]
				}
			]
		}
	]
}