{"format_version":"1.12.0","minecraft:geometry":[{"bones":[{"name":"daruma","pivot":[0,0,0]},{"cubes":[{"origin":[-5,0,-4],"size":[10,1,2],"uv":[76,8]},{"origin":[-6,1,-4],"size":[12,1,2],"uv":[70,26]},{"origin":[-7,2,-4],"size":[14,1,2],"uv":[59,59]},{"origin":[-5,0,2],"size":[10,1,2],"uv":[76,4]},{"origin":[-6,1,2],"size":[12,1,2],"uv":[0,72]},{"origin":[-7,2,2],"size":[14,1,2],"uv":[56,46]},{"origin":[-4,0,-5],"size":[8,1,1],"uv":[66,88]},{"origin":[-5,1,-5],"size":[10,1,1],"uv":[23,80]},{"origin":[-6,2,-5],"size":[12,1,1],"uv":[74,19]},{"origin":[-7,3,-5],"size":[14,4,1],"uv":[0,60]},{"origin":[-8,7,-5],"size":[16,1,1],"uv":[56,43]},{"origin":[-7,12,-6],"size":[14,1,1],"uv":[64,32]},{"origin":[-7,8,-5],"size":[14,6,1],"uv":[30,53]},{"origin":[-6,8,-6],"size":[12,4,1],"uv":[64,35]},{"origin":[-7,6,-6],"size":[14,2,1],"uv":[61,53]},{"origin":[-5,7,-7],"size":[10,6,1],"uv":[29,72]},{"origin":[-3,7,-8],"size":[6,8,1],"uv":[21,83]},{"origin":[-1,10,-9],"size":[2,1,1],"uv":[0,0]},{"origin":[-1,9.75,-10],"size":[2,1,1],"uv":[0,26]},{"origin":[-1,7.75,-8.5],"size":[2,1,1],"uv":[0,22]},{"origin":[3,8,-8],"size":[2,1,1],"uv":[0,5]},{"origin":[4,11.75,-8],"size":[1,1,1],"uv":[34,34]},{"origin":[-5,11.75,-8],"size":[1,1,1],"uv":[34,32]},{"origin":[-2,14,-9],"size":[1,1,1],"uv":[34,30]},{"origin":[1,14,-9],"size":[1,1,1],"uv":[0,34]},{"origin":[4,9.5,-8],"size":[1,1,1],"uv":[38,37]},{"origin":[-5,9.5,-8],"size":[1,1,1],"uv":[38,35]},{"origin":[-2,12.25,-9],"size":[1,1,1],"uv":[38,33]},{"origin":[1,12.25,-9],"size":[1,1,1],"uv":[37,26]},{"origin":[-5,8,-8],"size":[2,1,1],"uv":[0,20]},{"origin":[-2,9,-9],"size":[1,1,1],"uv":[31,46]},{"origin":[-3,8,-9],"size":[1,1,1],"uv":[31,42]},{"origin":[-3,12.75,-9],"size":[1,1,1],"uv":[4,37]},{"origin":[2,12.75,-9],"size":[1,1,1],"uv":[0,36]},{"origin":[-1,13.75,-9],"size":[2,1,1],"uv":[0,3]},{"origin":[3,12.75,-8],"size":[1,1,1],"uv":[4,35]},{"origin":[-4,12.75,-8],"size":[1,1,1],"uv":[34,36]},{"origin":[-2.5,8.5,-9],"size":[1,1,1],"uv":[35,47]},{"origin":[-5.5,8.25,-8],"size":[1,2,1],"uv":[41,0]},{"origin":[3.5,12.25,-8],"size":[1,1,1],"uv":[35,43]},{"origin":[4.5,8.25,-8],"size":[1,2,1],"uv":[37,20]},{"origin":[-4.5,12.25,-8],"size":[1,1,1],"uv":[35,45]},{"origin":[1.5,8.5,-9],"size":[1,1,1],"uv":[46,6]},{"origin":[2,8,-9],"size":[1,1,1],"uv":[41,6]},{"origin":[1,9,-9],"size":[1,1,1],"uv":[31,44]},{"origin":[-1,10.75,-9],"size":[2,1,1],"uv":[0,24]},{"origin":[-1,10.25,-9.5],"size":[2,1,1],"uv":[3,29]},{"origin":[-1,11,-8.5],"size":[2,1,1],"uv":[1,26]},{"origin":[-4,1,-6],"size":[8,1,1],"uv":[85,73]},{"origin":[-6,2,-6],"size":[12,4,1],"uv":[27,66]},{"origin":[-3,1,-7],"size":[6,1,1],"uv":[90,57]},{"origin":[-3,2,-8],"size":[6,1,1],"uv":[52,90]},{"origin":[-4,3,-8],"size":[8,2,1],"uv":[85,63]},{"origin":[-3,5,-8],"size":[6,1,1],"uv":[90,40]},{"origin":[-3,6,-9],"size":[6,1,1],"uv":[0,90]},{"origin":[-5,6,-8],"size":[10,1,1],"uv":[67,79]},{"origin":[-4,2,-7],"size":[8,1,1],"uv":[85,70]},{"origin":[-6,3,-7],"size":[12,4,1],"uv":[0,66]},{"origin":[-6,13,-7],"size":[12,1,2],"uv":[0,54]},{"origin":[-4,0,4],"size":[8,1,1],"uv":[0,87]},{"origin":[-5,1,4],"size":[10,1,1],"uv":[67,82]},{"origin":[-6,2,4],"size":[12,1,1],"uv":[74,0]},{"origin":[-7,3,4],"size":[14,11,1],"uv":[0,41]},{"origin":[-2,0,5],"size":[4,1,1],"uv":[36,91]},{"origin":[-4,1,5],"size":[8,1,1],"uv":[86,85]},{"origin":[-5,2,5],"size":[10,1,1],"uv":[0,80]},{"origin":[-6,3,5],"size":[12,11,1],"uv":[49,6]},{"origin":[-2,1,6],"size":[4,1,1],"uv":[90,82]},{"origin":[-4,2,6],"size":[8,1,1],"uv":[85,67]},{"origin":[-5,3,6],"size":[10,11,1],"uv":[62,63]},{"origin":[-3,14,6],"size":[6,1,1],"uv":[89,46]},{"origin":[-5,14,5],"size":[10,1,1],"uv":[78,22]},{"origin":[-3,15,5],"size":[6,1,1],"uv":[85,88]},{"origin":[-6,14,-7],"size":[12,1,3],"uv":[31,61]},{"origin":[-5,15,-7],"size":[10,1,2],"uv":[0,76]},{"origin":[-3,16,-8],"size":[6,1,1],"uv":[36,83]},{"origin":[-4,16,-7],"size":[8,1,3],"uv":[76,12]},{"origin":[-3,17,-6],"size":[6,1,2],"uv":[36,87]},{"origin":[-2,17,-7],"size":[4,1,1],"uv":[90,76]},{"origin":[-4,15,-9],"size":[8,1,2],"uv":[0,83]},{"origin":[-5,14,-8],"size":[1,1,1],"uv":[4,32]},{"origin":[4,14,-8],"size":[1,1,1],"uv":[0,30]},{"origin":[-6,14,4],"size":[12,1,1],"uv":[64,50]},{"origin":[-5,15,4],"size":[10,1,1],"uv":[67,76]},{"origin":[-4,16,4],"size":[8,1,1],"uv":[67,85]},{"origin":[-2,2,7],"size":[4,1,1],"uv":[90,79]},{"origin":[-3,3,7],"size":[6,11,1],"uv":[52,76]},{"origin":[-2,0,-6],"size":[4,1,1],"uv":[91,35]},{"origin":[-6,0,-2],"size":[12,1,4],"uv":[41,26]},{"origin":[-7,1,-2],"size":[14,1,4],"uv":[41,0]},{"origin":[-8,2,-2],"size":[16,1,4],"uv":[37,20]},{"origin":[-8,3,-4],"size":[16,11,8],"uv":[0,0]},{"origin":[-7,14,-4],"size":[14,1,8],"uv":[0,20]},{"origin":[-6,15,-5],"size":[12,1,9],"uv":[0,30]},{"origin":[-5,16,-4],"size":[10,1,8],"uv":[35,33]},{"origin":[-4,17,-4],"size":[8,1,8],"uv":[31,43]}],"name":"body","parent":"daruma","pivot":[0,0,0]}],"description":{"identifier":"geometry.pa_daruma","texture_height":128,"texture_width":128,"visible_bounds_height":3,"visible_bounds_offset":[0,0.5,0],"visible_bounds_width":3}}]}