{
	"format_version": "1.12.0",
	"minecraft:geometry": [
		{
			"description": {
				"identifier": "geometry.teacherstable",
				"texture_width": 256,
				"texture_height": 256,
				"visible_bounds_width": 4,
				"visible_bounds_height": 2,
				"visible_bounds_offset": [0, 0, 0]
			},
			"bones": [
				{
					"name": "table",
					"pivot": [4.78571, 9.57857, -1.94286],
					"cubes": [
						{"origin": [-16, 0, 13], "size": [32, 21, 1], "uv": [94, 0]},
						{"origin": [4, 3, -11.9], "size": [12, 4, 1], "uv": [0, 5]},
						{"origin": [4, 8, -11.9], "size": [12, 4, 1], "uv": [0, 0]},
						{"origin": [4, 12, -12], "size": [12, 1, 25], "uv": [83, 83]},
						{"origin": [8, 10.8, -12.2], "size": [4, 1, 1], "inflate": -0.2, "uv": [11, 13]},
						{"origin": [8, 5.8, -12.2], "size": [4, 1, 1], "inflate": -0.2, "uv": [11, 11]},
						{"origin": [4, 7, -12], "size": [12, 1, 25], "uv": [82, 54]},
						{"origin": [4, 2, -12], "size": [12, 1, 25], "uv": [63, 28]},
						{"origin": [-16, 15, -12], "size": [19, 1, 25], "uv": [0, 27]},
						{"origin": [-17, 21, -12], "size": [34, 1, 26], "uv": [0, 0]},
						{"origin": [16, 0, -12], "size": [1, 21, 26], "uv": [54, 54]},
						{"origin": [-17, 0, -12], "size": [1, 21, 26], "uv": [0, 53]},
						{"origin": [3, 0, -12], "size": [1, 21, 25], "uv": [0, 100]}
					]
				},
				{
					"name": "books",
					"parent": "table",
					"pivot": [25, 15, 66],
					"cubes": [
						{"origin": [9.5, 12.3, 6], "size": [3, 7, 5], "inflate": -0.5, "uv": [0, 27]},
						{"origin": [7.5, 12.2, 6], "size": [3, 6.3, 5], "inflate": -0.5, "uv": [28, 53]},
						{"origin": [11.5, 12.3, 6], "size": [3, 6.7, 5], "inflate": -0.5, "uv": [0, 53]},
						{"origin": [13.5, 12.3, 6], "size": [2, 6.9, 5], "inflate": -0.5, "uv": [44, 53]}
					]
				},
				{
					"name": "books2",
					"parent": "books",
					"pivot": [19, 15, 66],
					"cubes": [
						{"origin": [3.5, 12.3, 6], "size": [3, 7, 5], "inflate": -0.5, "uv": [0, 10]},
						{"origin": [5.5, 12.3, 6], "size": [3, 6.5, 5], "inflate": -0.5, "uv": [0, 39]}
					]
				}
			]
		}
	]
}