{
	"file_path": "C:\\Users\\enner\\AppData\\Local\\Packages\\Microsoft.MinecraftUWP_8wekyb3d8bbwe\\LocalState\\games\\com.mojang\\development_behavior_packs\\Poppy PlayTime addon BP\\entities\\boogie_bot_toy.json",
	"file_type": "entity",
	"format_version": 1,
	"file_uuid": "2dabb8e3_aba7_4bd2_ab9b_6db4406b9aa9",
	"file_version": 2,
	"cache_content": {
		"children": [
			{
				"data": "1.16.0",
				"key": "format_version"
			},
			{
				"open": {
					"format_version": "1.16.0",
					"minecraft:entity": {
						"description": {
							"identifier": "ftl:boogie_bot_toy_on",
							"is_spawnable": true,
							"is_summonable": true,
							"is_experimental": false
						},
						"components": {
							"minecraft:is_hidden_when_invisible": {},
							"minecraft:experience_reward": {
								"on_death": "query.last_hit_by_player ? 5 + (query.equipment_count * Math.Random(1,3)) : 0"
							},
							"minecraft:nameable": {},
							"minecraft:breathable": {
								"total_supply": 15,
								"suffocate_time": 0,
								"breathes_water": true
							},
							"minecraft:health": {
								"value": 40,
								"max": 40
							},
							"minecraft:collision_box": {
								"width": 0.6,
								"height": 1.44
							},
							"minecraft:loot": {
								"table": "loot_tables/entities/wither_skeleton.json"
							},
							"minecraft:movement": {
								"value": 0.24
							},
							"minecraft:navigation.walk": {
								"is_amphibious": true,
								"avoid_water": true
							},
							"minecraft:movement.basic": {},
							"minecraft:jump.static": {},
							"minecraft:can_climb": {},
							"minecraft:scale": {
								"value": 0.6
							},
							"minecraft:tameable": {
								"probability": 0.8,
								"tame_items": [
									"minecraft:iron_ingot"
								]
							},
							"minecraft:follow_range": {
								"value": 50
							},
							"minecraft:behavior.hurt_by_target": {
								"priority": 1
							},
							"minecraft:behavior.follow_owner": {
								"priority": 5,
								"speed_multiplier": 1.15,
								"start_distance": 5,
								"stop_distance": 1
							},
							"minecraft:behavior.random_stroll": {
								"priority": 6,
								"speed_multiplier": 1
							},
							"minecraft:behavior.look_at_player": {
								"priority": 7,
								"look_distance": 100
							},
							"minecraft:behavior.random_look_around": {
								"priority": 8
							},
							"minecraft:knockback_resistance": {
								"value": 0.9
							},
							"minecraft:type_family": {
								"family": [
									"monster",
									"undead",
									"toy"
								]
							},
							"minecraft:physics": {},
							"minecraft:pushable": {
								"is_pushable": true,
								"is_pushable_by_piston": true
							}
						},
						"component_groups": {},
						"events": {}
					}
				},
				"key": "minecraft:entity",
				"children": [
					{
						"open": {
							"description": {
								"identifier": "ftl:boogie_bot_toy_on",
								"is_spawnable": true,
								"is_summonable": true,
								"is_experimental": false
							},
							"components": {
								"minecraft:is_hidden_when_invisible": {},
								"minecraft:experience_reward": {
									"on_death": "query.last_hit_by_player ? 5 + (query.equipment_count * Math.Random(1,3)) : 0"
								},
								"minecraft:nameable": {},
								"minecraft:breathable": {
									"total_supply": 15,
									"suffocate_time": 0,
									"breathes_water": true
								},
								"minecraft:health": {
									"value": 40,
									"max": 40
								},
								"minecraft:collision_box": {
									"width": 0.6,
									"height": 1.44
								},
								"minecraft:loot": {
									"table": "loot_tables/entities/wither_skeleton.json"
								},
								"minecraft:movement": {
									"value": 0.24
								},
								"minecraft:navigation.walk": {
									"is_amphibious": true,
									"avoid_water": true
								},
								"minecraft:movement.basic": {},
								"minecraft:jump.static": {},
								"minecraft:can_climb": {},
								"minecraft:scale": {
									"value": 0.6
								},
								"minecraft:tameable": {
									"probability": 0.8,
									"tame_items": [
										"minecraft:iron_ingot"
									]
								},
								"minecraft:follow_range": {
									"value": 50
								},
								"minecraft:behavior.hurt_by_target": {
									"priority": 1
								},
								"minecraft:behavior.follow_owner": {
									"priority": 5,
									"speed_multiplier": 1.15,
									"start_distance": 5,
									"stop_distance": 1
								},
								"minecraft:behavior.random_stroll": {
									"priority": 6,
									"speed_multiplier": 1
								},
								"minecraft:behavior.look_at_player": {
									"priority": 7,
									"look_distance": 100
								},
								"minecraft:behavior.random_look_around": {
									"priority": 8
								},
								"minecraft:knockback_resistance": {
									"value": 0.9
								},
								"minecraft:type_family": {
									"family": [
										"monster",
										"undead",
										"toy"
									]
								},
								"minecraft:physics": {},
								"minecraft:pushable": {
									"is_pushable": true,
									"is_pushable_by_piston": true
								}
							},
							"component_groups": {},
							"events": {}
						},
						"key": "description",
						"is_minified": true,
						"children": {
							"identifier": "ftl:boogie_bot_toy_on",
							"is_spawnable": true,
							"is_summonable": true,
							"is_experimental": false
						}
					},
					{
						"open": {
							"description": {
								"identifier": "ftl:boogie_bot_toy_on",
								"is_spawnable": true,
								"is_summonable": true,
								"is_experimental": false
							},
							"components": {
								"minecraft:is_hidden_when_invisible": {},
								"minecraft:experience_reward": {
									"on_death": "query.last_hit_by_player ? 5 + (query.equipment_count * Math.Random(1,3)) : 0"
								},
								"minecraft:nameable": {},
								"minecraft:breathable": {
									"total_supply": 15,
									"suffocate_time": 0,
									"breathes_water": true
								},
								"minecraft:health": {
									"value": 40,
									"max": 40
								},
								"minecraft:collision_box": {
									"width": 0.6,
									"height": 1.44
								},
								"minecraft:loot": {
									"table": "loot_tables/entities/wither_skeleton.json"
								},
								"minecraft:movement": {
									"value": 0.24
								},
								"minecraft:navigation.walk": {
									"is_amphibious": true,
									"avoid_water": true
								},
								"minecraft:movement.basic": {},
								"minecraft:jump.static": {},
								"minecraft:can_climb": {},
								"minecraft:scale": {
									"value": 0.6
								},
								"minecraft:tameable": {
									"probability": 0.8,
									"tame_items": [
										"minecraft:iron_ingot"
									]
								},
								"minecraft:follow_range": {
									"value": 50
								},
								"minecraft:behavior.hurt_by_target": {
									"priority": 1
								},
								"minecraft:behavior.follow_owner": {
									"priority": 5,
									"speed_multiplier": 1.15,
									"start_distance": 5,
									"stop_distance": 1
								},
								"minecraft:behavior.random_stroll": {
									"priority": 6,
									"speed_multiplier": 1
								},
								"minecraft:behavior.look_at_player": {
									"priority": 7,
									"look_distance": 100
								},
								"minecraft:behavior.random_look_around": {
									"priority": 8
								},
								"minecraft:knockback_resistance": {
									"value": 0.9
								},
								"minecraft:type_family": {
									"family": [
										"monster",
										"undead",
										"toy"
									]
								},
								"minecraft:physics": {},
								"minecraft:pushable": {
									"is_pushable": true,
									"is_pushable_by_piston": true
								}
							},
							"component_groups": {},
							"events": {}
						},
						"key": "components",
						"children": [
							{
								"key": "minecraft:is_hidden_when_invisible",
								"is_minified": true,
								"children": {}
							},
							{
								"key": "minecraft:experience_reward",
								"is_minified": true,
								"children": {
									"on_death": "query.last_hit_by_player ? 5 + (query.equipment_count * Math.Random(1,3)) : 0"
								}
							},
							{
								"key": "minecraft:nameable",
								"is_minified": true,
								"children": {}
							},
							{
								"key": "minecraft:breathable",
								"is_minified": true,
								"children": {
									"total_supply": 15,
									"suffocate_time": 0,
									"breathes_water": true
								}
							},
							{
								"key": "minecraft:health",
								"is_minified": true,
								"children": {
									"value": 40,
									"max": 40
								}
							},
							{
								"open": {
									"minecraft:is_hidden_when_invisible": {},
									"minecraft:experience_reward": {
										"on_death": "query.last_hit_by_player ? 5 + (query.equipment_count * Math.Random(1,3)) : 0"
									},
									"minecraft:nameable": {},
									"minecraft:breathable": {
										"total_supply": 15,
										"suffocate_time": 0,
										"breathes_water": true
									},
									"minecraft:health": {
										"value": 40,
										"max": 40
									},
									"minecraft:collision_box": {
										"width": 0.6,
										"height": 1.44
									},
									"minecraft:loot": {
										"table": "loot_tables/entities/wither_skeleton.json"
									},
									"minecraft:movement": {
										"value": 0.24
									},
									"minecraft:navigation.walk": {
										"is_amphibious": true,
										"avoid_water": true
									},
									"minecraft:movement.basic": {},
									"minecraft:jump.static": {},
									"minecraft:can_climb": {},
									"minecraft:scale": {
										"value": 0.6
									},
									"minecraft:tameable": {
										"probability": 0.8,
										"tame_items": [
											"minecraft:iron_ingot"
										]
									},
									"minecraft:follow_range": {
										"value": 50
									},
									"minecraft:behavior.hurt_by_target": {
										"priority": 1
									},
									"minecraft:behavior.follow_owner": {
										"priority": 5,
										"speed_multiplier": 1.15,
										"start_distance": 5,
										"stop_distance": 1
									},
									"minecraft:behavior.random_stroll": {
										"priority": 6,
										"speed_multiplier": 1
									},
									"minecraft:behavior.look_at_player": {
										"priority": 7,
										"look_distance": 100
									},
									"minecraft:behavior.random_look_around": {
										"priority": 8
									},
									"minecraft:knockback_resistance": {
										"value": 0.9
									},
									"minecraft:type_family": {
										"family": [
											"monster",
											"undead",
											"toy"
										]
									},
									"minecraft:physics": {},
									"minecraft:pushable": {
										"is_pushable": true,
										"is_pushable_by_piston": true
									}
								},
								"key": "minecraft:collision_box",
								"is_minified": true,
								"children": {
									"width": 0.6,
									"height": 1.44
								}
							},
							{
								"key": "minecraft:loot",
								"is_minified": true,
								"children": {
									"table": "loot_tables/entities/wither_skeleton.json"
								}
							},
							{
								"key": "minecraft:movement",
								"is_minified": true,
								"children": {
									"value": 0.24
								}
							},
							{
								"key": "minecraft:navigation.walk",
								"is_minified": true,
								"children": {
									"is_amphibious": true,
									"avoid_water": true
								}
							},
							{
								"key": "minecraft:movement.basic",
								"is_minified": true,
								"children": {}
							},
							{
								"key": "minecraft:jump.static",
								"is_minified": true,
								"children": {}
							},
							{
								"key": "minecraft:can_climb",
								"is_minified": true,
								"children": {}
							},
							{
								"key": "minecraft:scale",
								"is_minified": true,
								"children": {
									"value": 0.6
								}
							},
							{
								"key": "minecraft:tameable",
								"is_minified": true,
								"children": {
									"probability": 0.8,
									"tame_items": [
										"minecraft:iron_ingot"
									]
								}
							},
							{
								"key": "minecraft:follow_range",
								"is_minified": true,
								"children": {
									"value": 50
								}
							},
							{
								"key": "minecraft:behavior.hurt_by_target",
								"is_minified": true,
								"children": {
									"priority": 1
								}
							},
							{
								"key": "minecraft:behavior.follow_owner",
								"is_minified": true,
								"children": {
									"priority": 5,
									"speed_multiplier": 1.15,
									"start_distance": 5,
									"stop_distance": 1
								}
							},
							{
								"key": "minecraft:behavior.random_stroll",
								"is_minified": true,
								"children": {
									"priority": 6,
									"speed_multiplier": 1
								}
							},
							{
								"key": "minecraft:behavior.look_at_player",
								"is_minified": true,
								"children": {
									"priority": 7,
									"look_distance": 100
								}
							},
							{
								"key": "minecraft:behavior.random_look_around",
								"is_minified": true,
								"children": {
									"priority": 8
								}
							},
							{
								"key": "minecraft:knockback_resistance",
								"is_minified": true,
								"children": {
									"value": 0.9
								}
							},
							{
								"key": "minecraft:type_family",
								"is_minified": true,
								"children": {
									"family": [
										"monster",
										"undead",
										"toy"
									]
								}
							},
							{
								"key": "minecraft:physics",
								"is_minified": true,
								"children": {}
							},
							{
								"key": "minecraft:pushable",
								"is_minified": true,
								"children": {
									"is_pushable": true,
									"is_pushable_by_piston": true
								}
							}
						]
					},
					{
						"key": "component_groups",
						"is_minified": true,
						"children": {}
					},
					{
						"key": "events",
						"is_minified": true,
						"children": {}
					}
				]
			}
		]
	}
}