{
	"file_path": "C:\\Users\\enner\\AppData\\Local\\Packages\\Microsoft.MinecraftUWP_8wekyb3d8bbwe\\LocalState\\games\\com.mojang\\development_behavior_packs\\Poppy PlayTime addon BP\\entities\\poppy.json",
	"file_type": "entity",
	"format_version": 1,
	"file_uuid": "94c190da_cd4a_4372_8aa1_dfc996013f3a",
	"file_version": 1,
	"cache_content": {
		"children": [
			{
				"data": "1.16.0",
				"key": "format_version"
			},
			{
				"open": {
					"format_version": "1.16.0",
					"minecraft:entity": {
						"description": {
							"identifier": "ftl:poppy_playtime",
							"is_spawnable": true,
							"is_summonable": true,
							"is_experimental": false
						},
						"components": {
							"minecraft:is_hidden_when_invisible": {},
							"minecraft:experience_reward": {
								"on_death": "query.last_hit_by_player ? 5 + (query.equipment_count * Math.Random(1,3)) : 0"
							},
							"minecraft:nameable": {},
							"minecraft:health": {
								"value": 100,
								"max": 100
							},
							"minecraft:collision_box": {
								"width": 0.6,
								"height": 1.44
							},
							"minecraft:loot": {
								"table": "loot_tables/entities/wither_skeleton.json"
							},
							"minecraft:scale": {
								"value": 0.55
							},
							"minecraft:knockback_resistance": {
								"value": 0.9
							},
							"minecraft:type_family": {
								"family": [
									"monster",
									"undead",
									"toy"
								]
							},
							"minecraft:physics": {},
							"minecraft:pushable": {
								"is_pushable": true,
								"is_pushable_by_piston": true
							}
						},
						"component_groups": {},
						"events": {}
					}
				},
				"key": "minecraft:entity",
				"children": [
					{
						"open": {
							"description": {
								"identifier": "ftl:poppy_playtime",
								"is_spawnable": true,
								"is_summonable": true,
								"is_experimental": false
							},
							"components": {
								"minecraft:is_hidden_when_invisible": {},
								"minecraft:experience_reward": {
									"on_death": "query.last_hit_by_player ? 5 + (query.equipment_count * Math.Random(1,3)) : 0"
								},
								"minecraft:nameable": {},
								"minecraft:health": {
									"value": 100,
									"max": 100
								},
								"minecraft:collision_box": {
									"width": 0.6,
									"height": 1.44
								},
								"minecraft:loot": {
									"table": "loot_tables/entities/wither_skeleton.json"
								},
								"minecraft:scale": {
									"value": 0.55
								},
								"minecraft:knockback_resistance": {
									"value": 0.9
								},
								"minecraft:type_family": {
									"family": [
										"monster",
										"undead",
										"toy"
									]
								},
								"minecraft:physics": {},
								"minecraft:pushable": {
									"is_pushable": true,
									"is_pushable_by_piston": true
								}
							},
							"component_groups": {},
							"events": {}
						},
						"key": "description",
						"is_minified": true,
						"children": {
							"identifier": "ftl:poppy_playtime",
							"is_spawnable": true,
							"is_summonable": true,
							"is_experimental": false
						}
					},
					{
						"open": {
							"description": {
								"identifier": "ftl:poppy_playtime",
								"is_spawnable": true,
								"is_summonable": true,
								"is_experimental": false
							},
							"components": {
								"minecraft:is_hidden_when_invisible": {},
								"minecraft:experience_reward": {
									"on_death": "query.last_hit_by_player ? 5 + (query.equipment_count * Math.Random(1,3)) : 0"
								},
								"minecraft:nameable": {},
								"minecraft:health": {
									"value": 100,
									"max": 100
								},
								"minecraft:collision_box": {
									"width": 0.6,
									"height": 1.44
								},
								"minecraft:loot": {
									"table": "loot_tables/entities/wither_skeleton.json"
								},
								"minecraft:scale": {
									"value": 0.55
								},
								"minecraft:knockback_resistance": {
									"value": 0.9
								},
								"minecraft:type_family": {
									"family": [
										"monster",
										"undead",
										"toy"
									]
								},
								"minecraft:physics": {},
								"minecraft:pushable": {
									"is_pushable": true,
									"is_pushable_by_piston": true
								}
							},
							"component_groups": {},
							"events": {}
						},
						"key": "components",
						"children": [
							{
								"key": "minecraft:is_hidden_when_invisible",
								"is_minified": true,
								"children": {}
							},
							{
								"key": "minecraft:experience_reward",
								"is_minified": true,
								"children": {
									"on_death": "query.last_hit_by_player ? 5 + (query.equipment_count * Math.Random(1,3)) : 0"
								}
							},
							{
								"key": "minecraft:nameable",
								"is_minified": true,
								"children": {}
							},
							{
								"key": "minecraft:health",
								"is_minified": true,
								"children": {
									"value": 100,
									"max": 100
								}
							},
							{
								"open": {
									"minecraft:is_hidden_when_invisible": {},
									"minecraft:experience_reward": {
										"on_death": "query.last_hit_by_player ? 5 + (query.equipment_count * Math.Random(1,3)) : 0"
									},
									"minecraft:nameable": {},
									"minecraft:health": {
										"value": 100,
										"max": 100
									},
									"minecraft:collision_box": {
										"width": 0.6,
										"height": 1.44
									},
									"minecraft:loot": {
										"table": "loot_tables/entities/wither_skeleton.json"
									},
									"minecraft:scale": {
										"value": 0.55
									},
									"minecraft:knockback_resistance": {
										"value": 0.9
									},
									"minecraft:type_family": {
										"family": [
											"monster",
											"undead",
											"toy"
										]
									},
									"minecraft:physics": {},
									"minecraft:pushable": {
										"is_pushable": true,
										"is_pushable_by_piston": true
									}
								},
								"key": "minecraft:collision_box",
								"is_minified": true,
								"children": {
									"width": 0.6,
									"height": 1.44
								}
							},
							{
								"key": "minecraft:loot",
								"is_minified": true,
								"children": {
									"table": "loot_tables/entities/wither_skeleton.json"
								}
							},
							{
								"open": {
									"minecraft:is_hidden_when_invisible": {},
									"minecraft:experience_reward": {
										"on_death": "query.last_hit_by_player ? 5 + (query.equipment_count * Math.Random(1,3)) : 0"
									},
									"minecraft:nameable": {},
									"minecraft:health": {
										"value": 100,
										"max": 100
									},
									"minecraft:collision_box": {
										"width": 0.6,
										"height": 1.44
									},
									"minecraft:loot": {
										"table": "loot_tables/entities/wither_skeleton.json"
									},
									"minecraft:scale": {
										"value": 0.55
									},
									"minecraft:knockback_resistance": {
										"value": 0.9
									},
									"minecraft:type_family": {
										"family": [
											"monster",
											"undead",
											"toy"
										]
									},
									"minecraft:physics": {},
									"minecraft:pushable": {
										"is_pushable": true,
										"is_pushable_by_piston": true
									}
								},
								"key": "minecraft:scale",
								"is_minified": true,
								"children": {
									"value": 0.55
								}
							},
							{
								"key": "minecraft:knockback_resistance",
								"is_minified": true,
								"children": {
									"value": 0.9
								}
							},
							{
								"key": "minecraft:type_family",
								"is_minified": true,
								"children": {
									"family": [
										"monster",
										"undead",
										"toy"
									]
								}
							},
							{
								"key": "minecraft:physics",
								"is_minified": true,
								"children": {}
							},
							{
								"key": "minecraft:pushable",
								"is_minified": true,
								"children": {
									"is_pushable": true,
									"is_pushable_by_piston": true
								}
							}
						]
					},
					{
						"key": "component_groups",
						"is_minified": true,
						"children": {}
					},
					{
						"key": "events",
						"is_minified": true,
						"children": {}
					}
				]
			}
		]
	}
}