{
  "format_version": "1.8.0",
  "render_controllers": {
  "controller.render.player.mask": {
      "geometry": "Geometry.mask",
      "materials": [ { "*": "Material.default" } ],
      "textures": [ "Texture.mask" ]
    },
    "controller.render.player.first_person": {
      "geometry": "Geometry.default",
      "materials": [ { "*": "Material.default" } ],
      "textures": [ "Texture.default" ],
      "part_visibility": [
        { "*": false },
        { "leftArmArmor": "variable.chest_layer_visible && !query.has_cape" },
        { "rightArmArmor": "variable.chest_layer_visible && !query.has_cape" },
         { "rightArm": "query.get_equipped_item_name(0, 1) == '' || query.get_equipped_item_name(0, 1) == 'map'"},
        { "rightSleeve": "query.get_equipped_item_name(0, 1) == '' || query.get_equipped_item_name(0, 1) == 'map'"},
        { "leftArm": "(query.get_equipped_item_name('main_hand') != 'grabpack_br' && query.get_equipped_item_name('main_hand') != 'grabpack_bg' && query.get_equipped_item_name('main_hand') != 'grabpack_charged' && query.get_equipped_item_name('main_hand') != 'grabpack_green' && query.get_equipped_item_name('main_hand') != 'grabpack_red' && query.get_equipped_item_name('main_hand') != 'grabpack_blue') && query.get_equipped_item_name('off_hand') == ''"},
        { "leftSleeve": "(query.get_equipped_item_name('main_hand') != 'grabpack_br' && query.get_equipped_item_name('main_hand') != 'grabpack_bg' && query.get_equipped_item_name('main_hand') != 'grabpack_charged' && query.get_equipped_item_name('main_hand') != 'grabpack_green' && query.get_equipped_item_name('main_hand') != 'grabpack_red' && query.get_equipped_item_name('main_hand') != 'grabpack_blue') && query.get_equipped_item_name('off_hand') == ''"} 
      ]
    },
    "controller.render.player.third_person": {
      "geometry": "Geometry.default",
      "materials": [ { "*": "Material.default" } ],
      "textures": [ "Texture.default" ],
      "part_visibility": [
        { "*": true },
        { "helmet": "variable.helmet_layer_visible" },
        { "leftLegging": "variable.leg_layer_visible" },
        { "rightLegging": "variable.leg_layer_visible" },
        { "leftBoot": "variable.boot_layer_visible" },
        { "rightBoot": "variable.boot_layer_visible" },
        { "leftSock": "variable.boot_layer_visible && variable.leg_layer_visible" },
        { "rightSock": "variable.boot_layer_visible && variable.leg_layer_visible" },
        { "bodyArmor": "variable.chest_layer_visible && !query.has_cape" },
        { "leftArmArmor": "variable.chest_layer_visible && !query.has_cape" },
        { "rightArmArmor": "variable.chest_layer_visible && !query.has_cape" },
        { "belt": "variable.chest_layer_visible && variable.leg_layer_visible" }
      ]
    },
    "controller.render.player.better_fp": {
      "geometry": "Geometry.bff",
      "materials": [ { "*": "Material.default" } ],
      "textures": [ "Texture.default" ],
      "part_visibility": [
        { "*": false },
        { "rightArm": false},
        { "rightSleeve": false},
        { "leftArm": false},
        { "head": false},
        { "helmet": false},
        { "hat": false},
        { "leftSleeve": false}, 
        { "leftLegging": "variable.leg_layer_visible" },
        { "rightLegging": "variable.leg_layer_visible" },
        { "leftBoot": "variable.boot_layer_visible" },
        { "rightBoot": "variable.boot_layer_visible" },
        { "leftSock": "variable.boot_layer_visible && variable.leg_layer_visible" },
        { "rightSock": "variable.boot_layer_visible && variable.leg_layer_visible" },
        { "bodyArmor": "variable.chest_layer_visible && !query.has_cape" },
        { "belt": "variable.chest_layer_visible && variable.leg_layer_visible" }
      ]
    },
    "controller.render.player.map": {
      "geometry": "Geometry.default",
      "materials": [ { "*": "Material.default" } ],
      "textures": [ "Texture.default" ],
      "part_visibility": [
        { "*": false },
        { "head": true },
        { "hat": true },
        { "helmet": true }
      ]
    }
  }
}
