{
  "format_version": "1.13.0",
  "minecraft:entity": {
    "description": {
      "identifier": "ic:small_door_empty",
      "is_spawnable": true,
      "is_summonable": true,
      "is_experimental": false, 
      "scripts": {
				"animate": [
		  "door"
		]
			},
			"animations": {
				"door": "animation.door"
			} 
    },
    "component_groups": {
    "open": {
                "minecraft:transformation": {
                    "into": "ic:small_door_empty_open"
                }
			}
		}, 
    "components": {
      "minecraft:type_family": {
        "family": [ "inanimate","playtime"]
      },
      "minecraft:damage_sensor": {
        "triggers": {
          "cause": "all",
          "deals_damage": false
        }
      },
      "minecraft:knockback_resistance": {
        "value": 1.0,
        "max": 1.0
      },
      "minecraft:collision_box": {
        "width": 0.5,
        "height": 3.0
      },
      "minecraft:health": {
        "value": 100,
        "max": 100
      },
      "minecraft:loot": {
        "table": "loot_tables/entities/boat.json"
      },
      "minecraft:physics": {
      "has_gravity" : false,
      "has_collision" : false 
      },
      "minecraft:on_hurt": {
        "event": "on:hurt",
        "target": "self"
      }, 
              "minecraft:entity_sensor": {
          "sensor_range":0.7,
          "relative_range": true,
          "require_all": false,
          "event_filters": { 
			"all_of": [
				{"test": "is_family", "subject": "other", "value": "onner" }
			]
		  },
          "event": "open"
        }
    }, 
    "events": { 
    "minecraft:entity_transformed": {
				"add": {
					"component_groups": ["test"]
				}
			},
        "open": {
        "add": {
          "component_groups": ["open"] 
        }
      }
    }  
  }
}