{
  "format_version": "1.13.0",
  "minecraft:entity": {
    "description": {
      "identifier": "ic:small_door_both_open",
      "is_spawnable": false,
      "is_summonable": true,
      "is_experimental": false, 
      "scripts": {
				"animate": [
		  "door_open"
		]
			},
			"animations": {
				"door_open": "animation.dooropen"
			} 
    },
    "component_groups": {
    "close": {
                "minecraft:transformation": {
                    "into": "ic:small_door_both"
                }
			}
		}, 
    "components": {
      "minecraft:type_family": {
        "family": [ "inanimate","playtime"]
      },
      "minecraft:damage_sensor": {
        "triggers": {
          "cause": "all",
          "deals_damage": false
        }
      },
      "minecraft:timer": {
			  "looping": false,
			  "time": 30,
			  "randomInterval": false,
			  "time_down_event": {
				"event": "close"
			  }
			},
      "minecraft:knockback_resistance": {
        "value": 1.0,
        "max": 1.0
      },
      "minecraft:collision_box": {
        "width": 0.2,
        "height": 3.0
      },
      "minecraft:health": {
        "value": 100,
        "max": 100
      },
      "minecraft:loot": {
        "table": "loot_tables/entities/boat.json"
      },
      "minecraft:physics": {
      "has_gravity" : false,
      "has_collision" : false 
      },
      "minecraft:pushable": {
        "is_pushable": false,
        "is_pushable_by_piston": false
      }
    }, 
    "events": { 
    "minecraft:entity_transformed": {
				"add": {
					"component_groups": ["test"]
				}
			},
        "close": {
        "add": {
          "component_groups": ["close"] 
        }
      }
    }  
  }
}