{
   "format_version": "1.12.0",
   "minecraft:geometry": [
      {
         "description": {
            "identifier": "geometry.new_eyes",
            "texture_width": 32,
            "texture_height": 32,
            "visible_bounds_width": 3,
            "visible_bounds_height": 5.5,
            "visible_bounds_offset": [
               0,
               1.25,
               0
            ]
         },
         "bones": [
            {
               "name": "root",
               "pivot": [
                  0,
                  0,
                  0
               ]
            },
            {
               "name": "waist",
               "parent": "root",
               "pivot": [
                  0,
                  12,
                  0
               ]
            },
            {
               "name": "body",
               "parent": "waist",
               "pivot": [
                  0,
                  24,
                  0
               ]
            },
            {
               "name": "head",
               "parent": "body",
               "pivot": [
                  0,
                  24,
                  0
               ]
            },
            {
               "name": "eyes",
               "parent": "head",
               "pivot": [
                  0,
                  28,
                  -4
               ]
            },
            {
               "name": "eyebrow",
               "parent": "eyes",
               "pivot": [
                  0,
                  30,
                  -4
               ],
               "cubes": [
                  {
                     "origin": [
                        -4,
                        24,
                        -4.01
                     ],
                     "size": [
                        8,
                        8,
                        0
                     ],
                     "uv": {
                        "north": {
                           "uv": [
                              0,
                              0
                           ],
                           "uv_size": [
                              16,
                              16
                           ]
                        }
                     }
                  }
               ]
            },
            {
               "name": "leftEye",
               "parent": "eyes",
               "pivot": [
                  0,
                  28,
                  -4
               ],
               "cubes": [
                  {
                     "origin": [
                        0,
                        24,
                        -4.02
                     ],
                     "size": [
                        4,
                        8,
                        0
                     ],
                     "uv": {
                        "north": {
                           "uv": [
                              0,
                              16
                           ],
                           "uv_size": [
                              8,
                              16
                           ]
                        }
                     }
                  }
               ]
            },
            {
               "name": "leftPupil",
               "parent": "leftEye",
               "pivot": [
                  0,
                  28,
                  -4
               ],
               "cubes": [
                  {
                     "origin": [
                        0,
                        24,
                        -4.03
                     ],
                     "size": [
                        4,
                        8,
                        0
                     ],
                     "uv": {
                        "north": {
                           "uv": [
                              16,
                              0
                           ],
                           "uv_size": [
                              8,
                              16
                           ]
                        }
                     }
                  }
               ]
            },
            {
               "name": "rightEye",
               "parent": "eyes",
               "pivot": [
                  0,
                  28,
                  -4
               ],
               "cubes": [
                  {
                     "origin": [
                        -4,
                        24,
                        -4.02
                     ],
                     "size": [
                        4,
                        8,
                        0
                     ],
                     "uv": {
                        "north": {
                           "uv": [
                              8,
                              16
                           ],
                           "uv_size": [
                              8,
                              16
                           ]
                        }
                     }
                  }
               ]
            },
            {
               "name": "rightPupil",
               "parent": "rightEye",
               "pivot": [
                  0,
                  28,
                  -4
               ],
               "cubes": [
                  {
                     "origin": [
                        -4,
                        24,
                        -4.03
                     ],
                     "size": [
                        4,
                        8,
                        0
                     ],
                     "uv": {
                        "north": {
                           "uv": [
                              16,
                              16
                           ],
                           "uv_size": [
                              8,
                              16
                           ]
                        }
                     }
                  }
               ]
            }
         ]
      }
   ]
}