{
  "format_version": "1.8.0",
  "render_controllers": {
    "controller.render.titan": {
      "geometry": "Geometry.default",
      "materials": [{"*":"Material.default"}],
      "textures": ["Texture.default"]
    },
    "controller.render.zombie_titan.villager": {
      "geometry": "Geometry.villager",
      "materials": [{"*":"Material.default"}],
      "textures": ["Texture.default"],
      "part_visibility": [
        { "*": "query.is_saddled" }
      ]
    },
    "controller.render.titan.armor": {
      "geometry": "Geometry.armor",
      "part_visibility": [
        { "*": "query.is_powered" }
      ],
      "materials": [ { "*": "Material.armor" } ],
      "textures": [ "Texture.armor" ],
      "overlay_color": {
        "r": 1.0,
        "g": 1.0,
        "b": 1.0,
        "a": 1.0
      },
      "uv_anim": {
        "offset": [ "(query.is_powered) ? (Math.floor(query.life_time * 20.0) + query.frame_alpha) * 0.01 : 0.0", 
        "(query.is_powered) ? (Math.floor(query.life_time * 20.0) + query.frame_alpha) * 0.01 : 0.0" ],
        "scale": [ 1.0, 1.0 ]
      },
      "light_color_multiplier": 0.5,
      "ignore_lighting" : true
    },
    "controller.render.zombie_titan_armor.villager": {
      "geometry": "Geometry.villager_armor",
      "part_visibility": [
        { "*": "query.is_powered && query.is_saddled" }
      ],
      "materials": [ { "*": "Material.armor" } ],
      "textures": [ "Texture.armor" ],
      "overlay_color": {
        "r": 1.0,
        "g": 1.0,
        "b": 1.0,
        "a": 1.0
      },
      "uv_anim": {
        "offset": [ "(query.is_powered && query.is_saddled) ? (Math.floor(query.life_time * 20.0) + query.frame_alpha) * 0.01 : 0.0", 
        "(query.is_powered && query.is_saddled) ? (Math.floor(query.life_time * 20.0) + query.frame_alpha) * 0.01 : 0.0" ],
        "scale": [ 1.0, 1.0 ]
      },
      "light_color_multiplier": 0.5,
      "ignore_lighting" : true
    },
    "controller.render.wither_titan_armor": {
      "geometry": "Geometry.wither_titan_armor",
      "part_visibility": [
        { "*": "query.is_powered" }
      ],
      "materials": [ { "*": "Material.wither_titan_armor" } ],
      "textures": [ "Texture.wither_titan_armor" ],
      "overlay_color": {
          "r": 1.0,
          "g": 1.0,
          "b": 1.0,
          "a": 1.0
      },
      "uv_anim": {
          "offset": [ "(query.is_powered) ? (Math.floor(query.life_time * 20.0) + query.frame_alpha) * 0.01 : 0.0", 
                      "(query.is_powered) ? (Math.floor(query.life_time * 20.0) + query.frame_alpha) * 0.01 : 0.0" ],
          "scale": [ 1.0, 1.0 ]
      },
      "light_color_multiplier": 0.95,
      "ignore_lighting" : true
    },
    "controller.render.loyal_ghast": {
      "arrays": {
        "textures": {
          "Array.skins": [ "Texture.default", "Texture.shooting" ]
        }
      },
      "geometry": "Geometry.default",
      "materials": [ { "*": "Material.default" } ],
      "textures": [ "Array.skins[query.is_charged]" ]
    },
    "controller.render.skeleton_titan": {
      "arrays": {
        "textures": {
          "Array.skins": [ "Texture.default", "Texture.fire" ]
        }
      },
      "geometry": "Geometry.default",
      "materials": [ { "*": "Material.default" } ],
      "textures": [ "Array.skins[query.mark_variant]" ]
    },
    "controller.render.ghast_titan": {
      "arrays": {
        "textures": {
          "Array.skins": [ "Texture.default", "Texture.shooting" ]
        }
      },
      "geometry": "Geometry.default",
      "materials": [ { "*": "Material.default" } ],
      "textures": [ "Array.skins[variable.has_target]" ]
    },
    "controller.render.loyal_enderman": {
      "arrays": {
        "textures": {
          "Array.variants": [
            "Texture.1",
            "Texture.2",
            "Texture.3",
            "Texture.4"
          ]
        }
      },
      "geometry": "Geometry.default",
      "materials": [ { "*": "Material.default" } ],
      "textures": [ "Array.variants[query.variant]" ]
    },
    "controller.render.enderman_titan.ex": {
      "geometry": "Geometry.ex",
      "materials": [ {"*":"Material.default"}],
      "textures": ["Texture.ex"]
    },
    "controller.render.enderman_titan": {
      "geometry": "Geometry.default",
      "materials": [ {"*":"Material.default"}],
      "textures": ["Texture.default"]
    },
    "controller.render.enderman_ray": {
      "geometry": "Geometry.enderman_ray",
      "part_visibility": [
        { "*": "query.is_powered" }
      ],
      "materials": [ { "*": "Material.enderman_ray" } ],
      "textures": [ "Texture.enderman_ray" ],
      "overlay_color": {
          "r": 1.0,
          "g": 1.0,
          "b": 1.0,
          "a": 1.0
      },
      "uv_anim": {
          "offset": [ "(query.is_powered) ? (Math.floor(query.life_time * 20.0) + query.frame_alpha) * 0.01 : 0.0", 
                      "(query.is_powered) ? (Math.floor(query.life_time * 20.0) + query.frame_alpha) * 0.01 : 0.0" ],
          "scale": [ 1.0, 1.0 ]
      },
      "light_color_multiplier": 0.5,
      "ignore_lighting" : true
    },
    "controller.render.sj_shield": {
      "geometry": "Geometry.charged",
      "part_visibility": [
        { "*": "query.is_powered" }
      ],
      "materials": [ { "*": "Material.charged" } ],
      "textures": [ "Texture.charged" ],
      "overlay_color": {
          "r": 1.0,
          "g": 1.0,
          "b": 1.0,
          "a": 1.0
      },
      "light_color_multiplier": 0.5,
      "ignore_lighting" : true
    },
    "controller.render.wither_titan_flash": {
      "geometry": "Geometry.default",
      "part_visibility": [
        { "*": "query.is_powered" }
      ],
      "materials": [ { "*": "Material.charged" } ],
      "textures": [ "Texture.wither_titan_flash" ],
      "overlay_color": {
          "r": 1.0,
          "g": 1.0,
          "b": 1.0,
          "a": 1.0
      },
      "light_color_multiplier": 0.5,
      "ignore_lighting" : true
    },
    "controller.render.creeper_titan_armor": {
      "geometry": "Geometry.charged",
      "part_visibility": [
        { "*": "query.is_powered" }
      ],
      "materials": [ { "*": "Material.charged" } ],
      "textures": [ "Texture.charged" ],
      "overlay_color": {
          "r": 1.0,
          "g": 1.0,
          "b": 1.0,
          "a": 1.0
      },
      "uv_anim": {
          "offset": [ "(query.is_powered) ? (Math.floor(query.life_time * 20.0) + query.frame_alpha) * 0.01 : 0.0", 
                      "(query.is_powered) ? (Math.floor(query.life_time * 20.0) + query.frame_alpha) * 0.01 : 0.0" ],
          "scale": [ 1.0, 1.0 ]
      },
      "light_color_multiplier": 0.9,
      "ignore_lighting" : true
    }
  }
}