{
  "format_version": "1.8.0",
  "render_controllers": {
    "controller.render.player.creeper_egg": {
      "geometry": "Geometry.sword",
      "materials": [ { "*tool": "Material.legs" } ],
      "textures": [ "Texture.creeper_egg" ]
    },
    "controller.render.player.warden_titan_egg": {
      "geometry": "Geometry.sword",
      "materials": [ { "*tool": "Material.legs" } ],
      "textures": [ "Texture.warden_titan_egg" ]
    },
    "controller.render.player.gargoyle_king_egg": {
      "geometry": "Geometry.sword",
      "materials": [ { "*tool": "Material.legs" } ],
      "textures": [ "Texture.gargoyle_king_egg" ]
    },
    "controller.render.player.ccreeper_egg": {
      "geometry": "Geometry.sword",
      "materials": [ { "*tool": "Material.legs" } ],
      "textures": [ "Texture.ccreeper_egg" ]
    },
    "controller.render.player.skeleton_egg": {
      "geometry": "Geometry.sword",
      "materials": [ { "*tool": "Material.legs" } ],
      "textures": [ "Texture.skeleton_egg" ]
    },
    "controller.render.player.iron_golem_egg": {
      "geometry": "Geometry.sword",
      "materials": [ { "*tool": "Material.legs" } ],
      "textures": [ "Texture.iron_golem_egg" ]
    },
    "controller.render.player.harcadium_shield": {
      "geometry": "Geometry.harcadium_shield",
      "materials": [ { "*harc": "Material.legs" } ],
      "textures": [ "Texture.harcadium_shield" ]
    },
    "controller.render.player.wskeleton_egg": {
      "geometry": "Geometry.sword",
      "materials": [ { "*tool": "Material.legs" } ],
      "textures": [ "Texture.wskeleton_egg" ]
    },
    "controller.render.player.zombie_egg": {
      "geometry": "Geometry.sword",
      "materials": [ { "*tool": "Material.legs" } ],
      "textures": [ "Texture.zombie_egg" ]
    },
    "controller.render.player.zombie_pigman_egg": {
      "geometry": "Geometry.sword",
      "materials": [ { "*tool": "Material.legs" } ],
      "textures": [ "Texture.zombie_pigman_egg" ]
    },
    "controller.render.player.spider_egg": {
      "geometry": "Geometry.sword",
      "materials": [ { "*tool": "Material.legs" } ],
      "textures": [ "Texture.spider_egg" ]
    },
    "controller.render.player.cspider_egg": {
      "geometry": "Geometry.sword",
      "materials": [ { "*tool": "Material.legs" } ],
      "textures": [ "Texture.cspider_egg" ]
    },
    "controller.render.player.ghast_egg": {
      "geometry": "Geometry.sword",
      "materials": [ { "*tool": "Material.legs" } ],
      "textures": [ "Texture.ghast_egg" ]
    },
    "controller.render.player.wither_egg": {
      "geometry": "Geometry.sword",
      "materials": [ { "*tool": "Material.legs" } ],
      "textures": [ "Texture.wither_egg" ]
    },
    "controller.render.player.silverfish_egg": {
      "geometry": "Geometry.sword",
      "materials": [ { "*tool": "Material.legs" } ],
      "textures": [ "Texture.silverfish_egg" ]
    },
    "controller.render.player.blaze_egg": {
      "geometry": "Geometry.sword",
      "materials": [ { "*tool": "Material.legs" } ],
      "textures": [ "Texture.blaze_egg" ]
    },
    "controller.render.player.slime_egg": {
      "geometry": "Geometry.sword",
      "materials": [ { "*tool": "Material.legs" } ],
      "textures": [ "Texture.slime_egg" ]
    },
    "controller.render.player.mcslime_egg": {
      "geometry": "Geometry.sword",
      "materials": [ { "*tool": "Material.legs" } ],
      "textures": [ "Texture.mcslime_egg" ]
    },
    "controller.render.player.enderman_egg": {
      "geometry": "Geometry.sword",
      "materials": [ { "*tool": "Material.legs" } ],
      "textures": [ "Texture.enderman_egg" ]
    },
    "controller.render.player.sj_egg": {
      "geometry": "Geometry.sword",
      "materials": [ { "*tool": "Material.legs" } ],
      "textures": [ "Texture.sj_egg" ]
    },
    "controller.render.player.wsj_egg": {
      "geometry": "Geometry.sword",
      "materials": [ { "*tool": "Material.legs" } ],
      "textures": [ "Texture.wsj_egg" ]
    },
    "controller.render.player.snow_golem_egg": {
      "geometry": "Geometry.sword",
      "materials": [ { "*tool": "Material.legs" } ],
      "textures": [ "Texture.snow_golem_egg" ]
    },
    "controller.render.player.ultima_blade": {
      "geometry": "Geometry.sword2",
      "materials": [ { "*tool": "Material.legs" } ],
      "textures": [ "Texture.ultima_blade" ]
    },
    "controller.render.player.optima_axe": {
      "geometry": "Geometry.optima_axe",
      "materials": [ { "*tool": "Material.legs" } ],
      "textures": [ "Texture.optima_axe" ]
    }
  }
}