{
  "format_version": "1.8.0",
  "animations": {
    "animation.wither_skeleton.attack": {
      "loop": true,
      "bones": {
        "leftarm": {
          "rotation": [
            "-90 - ((math.sin(variable.attack_time * 180.0) * 57.3) * 1.2 - (math.sin((1.0 - (1.0 - variable.attack_time) * (1.0 - variable.attack_time)) * 180.0) * 57.3) * 0.4) - (math.sin(query.life_time * 76.776372) * 2.865) - this",
            "5.73 - ((math.sin(variable.attack_time * 180.0) * 57.3) * 0.6) - this",
            "math.cos(query.life_time * 103.13244) * -2.865 - 2.865 - this"
          ]
        },
        "rightarm": {
          "rotation": [
            "-90 - ((math.sin(variable.attack_time * 180.0) * 57.3) * 1.2 - (math.sin((1.0 - (1.0 - variable.attack_time) * (1.0 - variable.attack_time)) * 180.0) * 57.3) * 0.4) + (math.sin(query.life_time * 76.776372) * 2.865) - this",
            "(math.sin(variable.attack_time * 180.0) * 57.3) * 0.6 - 5.73 - this",
            "math.cos(query.life_time * 103.13244) * 2.865 + 2.865 - this"
          ]
        }
      }
    },
    "animation.sb_upgrade_infected_titan_speaker_man.spw": {
      "animation_length": 4,
      "bones": {
        "Rott": {
          "rotation": {
            "0.0": [
              132.5,
              0,
              0
            ],
            "0.375": [
              53.89,
              0,
              0
            ],
            "1.0833": [
              7.25,
              0,
              0
            ],
            "1.2917": [
              0,
              0,
              0
            ]
          },
          "position": {
            "0.0": [
              0,
              4225,
              0
            ],
            "0.375": [
              0,
              393.17,
              0
            ],
            "1.0833": [
              0,
              57.36,
              0
            ],
            "1.2917": [
              0,
              0,
              0
            ]
          },
          "scale": 1
        },
        "body": {
          "rotation": {
            "1.1667": [
              0,
              0,
              0
            ],
            "1.4583": [
              38.19123,
              16.99656,
              3.67133
            ],
            "2.25": [
              0,
              0,
              0
            ],
            "2.625": [
              0,
              0,
              0
            ],
            "2.7917": [
              -7.5,
              0,
              0
            ],
            "2.9583": [
              10,
              0,
              0
            ],
            "3.75": [
              10,
              0,
              0
            ],
            "4.0": [
              -7.5,
              0,
              0
            ]
          },
          "position": {
            "1.1667": [
              0,
              0,
              0
            ],
            "1.4583": [
              0,
              0,
              5
            ],
            "2.25": [
              0,
              0,
              0
            ]
          },
          "scale": 1
        },
        "Rightarmt": {
          "rotation": {
            "0.5833": [
              0,
              0,
              0
            ],
            "1.3333": [
              0,
              0,
              -10
            ],
            "1.5": [
              -17.5,
              0,
              -5
            ],
            "1.8333": [
              0,
              0,
              5
            ],
            "2.8333": [
              0,
              0,
              5
            ],
            "2.9583": [
              0,
              0,
              -7.5
            ],
            "3.7083": [
              0,
              0,
              -7.5
            ],
            "4.0": [
              0,
              0,
              5
            ]
          },
          "position": {
            "0.0": [
              0,
              0,
              0
            ],
            "2.8333": [
              0,
              0,
              0
            ]
          },
          "scale": {
            "0.0": [
              1,
              1,
              1
            ],
            "2.8333": [
              1,
              1,
              1
            ]
          }
        },
        "bone7": {
          "position": [
            7,
            0,
            10
          ],
          "scale": {
            "1.25": [
              1,
              1,
              1
            ],
            "1.5": [
              1.7,
              1.7,
              1
            ],
            "1.6667": [
              1.7,
              2.3,
              1.7
            ],
            "1.875": [
              1.7,
              0.7,
              1.7
            ],
            "2.0833": [
              1.7,
              0.2,
              1.7
            ]
          }
        },
        "L2": {
          "position": [
            -5,
            0,
            0
          ]
        },
        "Wing": {
          "rotation": {
            "0.9167": [
              0,
              0,
              57.66
            ],
            "2.25": [
              0,
              0,
              0
            ]
          },
          "position": [
            0,
            0,
            0
          ],
          "scale": 1
        },
        "Wing3": {
          "rotation": {
            "0.0": [
              0,
              0,
              -75
            ],
            "0.75": [
              0,
              0,
              -75
            ],
            "1.8333": [
              0,
              0,
              0
            ]
          },
          "position": [
            0,
            0,
            0
          ],
          "scale": 1
        },
        "Wing2": {
          "rotation": {
            "1.0": [
              0,
              0,
              25
            ],
            "2.25": [
              0,
              0,
              0
            ]
          },
          "position": [
            0,
            0,
            0
          ],
          "scale": 1
        },
        "Wing4": {
          "rotation": {
            "1.0": [
              0,
              0,
              -25
            ],
            "2.25": [
              0,
              0,
              0
            ]
          },
          "position": [
            0,
            0,
            0
          ],
          "scale": 1
        },
        "Rightleg": {
          "rotation": {
            "0.6667": [
              0,
              0,
              0
            ],
            "0.875": [
              0,
              0,
              0
            ],
            "1.3333": [
              7.5,
              0,
              0
            ],
            "1.625": [
              0,
              0,
              0
            ]
          },
          "position": {
            "0.6667": [
              0,
              0,
              0
            ],
            "0.875": [
              0,
              5,
              -3
            ],
            "1.3333": [
              0,
              0,
              0
            ],
            "1.625": [
              0,
              0,
              0
            ]
          },
          "scale": 1
        },
        "Leftleg": {
          "rotation": {
            "1.0417": [
              0,
              0,
              0
            ],
            "1.3333": [
              -10,
              0,
              0
            ],
            "1.625": [
              0,
              0,
              0
            ]
          },
          "position": [
            0,
            0,
            0
          ],
          "scale": 1
        },
        "head": {
          "rotation": {
            "3.0": [
              0,
              0,
              0
            ],
            "3.0833": [
              0,
              0,
              10
            ],
            "3.1667": [
              -6.73591,
              -3.83373,
              -5.78046
            ],
            "3.25": [
              -6.7354,
              -1.31213,
              3.89717
            ],
            "3.375": [
              -6.45602,
              0.55935,
              11.16561
            ],
            "3.5": [
              -6.6695,
              -4.46133,
              -8.20133
            ],
            "3.6667": [
              -6.66874,
              -0.68456,
              6.31805
            ],
            "3.875": [
              -6.50392,
              -3.68127,
              -0.55492
            ],
            "4.0": [
              0,
              0,
              0
            ]
          },
          "position": [
            0,
            0,
            0
          ],
          "scale": 1
        },
        "J": {
          "scale": [
            0.6,
            0.7,
            1
          ]
        },
        "Ex": {
          "position": {
            "1.2083": [
              0,
              -65,
              0
            ],
            "1.5": [
              0,
              132,
              0
            ],
            "2.0": [
              0,
              132,
              0
            ],
            "2.125": [
              0,
              41,
              0
            ]
          }
        },
        "bone8": {
          "position": [
            -9,
            0,
            6
          ],
          "scale": {
            "1.25": [
              1,
              1,
              1
            ],
            "1.5": [
              1.7,
              1.7,
              1
            ],
            "1.6667": [
              1.7,
              2.3,
              1.7
            ],
            "1.875": [
              1.7,
              0.7,
              1.7
            ],
            "2.0833": [
              1.7,
              0.2,
              1.7
            ]
          }
        },
        "J2": {
          "scale": [
            0.6,
            0.7,
            1
          ]
        },
        "Leftarmt": {
          "rotation": {
            "0.5833": [
              0,
              0,
              0
            ],
            "1.3333": [
              0,
              0,
              10
            ],
            "1.5": [
              -17.5,
              0,
              5
            ],
            "1.8333": [
              0,
              0,
              -5
            ],
            "2.8333": [
              0,
              0,
              -5
            ],
            "2.9583": [
              0,
              0,
              7.5
            ],
            "3.7083": [
              0,
              0,
              7.5
            ],
            "4.0": [
              0,
              0,
              -5
            ]
          },
          "position": {
            "0.0": [
              0,
              0,
              0
            ],
            "2.8333": [
              0,
              0,
              0
            ]
          },
          "scale": {
            "0.0": [
              1,
              1,
              1
            ],
            "2.8333": [
              1,
              1,
              1
            ]
          }
        }
      }
    },
    "animation.sb_upgrade_infected_titan_speaker_man.bob": {
      "loop": true,
      "animation_length": 15.2917,
      "bones": {
        "bone8": {
          "rotation": {
            "0.0": [
              0,
              0,
              10
            ],
            "9.5": [
              0,
              0,
              10
            ],
            "9.75": [
              0,
              0,
              57.5
            ],
            "10.0": [
              0,
              0,
              57.5
            ],
            "10.25": [
              0,
              0,
              20
            ],
            "15.25": [
              0,
              0,
              10
            ]
          }
        },
        "Jectpack": {
          "position": [
            0,
            11,
            0
          ],
          "scale": 1.2
        },
        "Roket4": {
          "scale": {
            "0.0": [
              1.4,
              1.1,
              1.3
            ],
            "10.125": [
              1.4,
              1.1,
              1.3
            ]
          }
        },
        "Roket5": {
          "position": [
            0,
            0,
            0
          ],
          "scale": [
            1.4,
            1.1,
            1.3
          ]
        },
        "Jari": {
          "rotation": [
            0,
            0,
            -10
          ]
        },
        "Jar": {
          "rotation": [
            0,
            0,
            -22.5
          ]
        },
        "Jari2": {
          "rotation": [
            0,
            0,
            -7.5
          ]
        },
        "Jar2": {
          "rotation": [
            0,
            0,
            -22.5
          ]
        },
        "Jari4": {
          "rotation": [
            -1.01842,
            -0.32211,
            -2.2575
          ]
        },
        "Jar4": {
          "rotation": [
            -0.69675,
            1.21428,
            -12.40915
          ]
        },
        "Jari5": {
          "rotation": [
            2.06754,
            -22.40972,
            2.09039
          ]
        },
        "Jar5": {
          "rotation": [
            15,
            0,
            0
          ]
        },
        "Jari3": {
          "rotation": [
            0,
            0,
            -5
          ]
        },
        "Jar3": {
          "rotation": [
            0,
            0,
            -17.5
          ]
        },
        "Rott": {
          "position": {
            "9.5": [
              0,
              0,
              0
            ],
            "9.75": [
              0,
              -5,
              0
            ],
            "10.0": [
              0,
              -8,
              0
            ],
            "10.5": [
              0,
              73,
              0
            ],
            "11.0": [
              6,
              69,
              0
            ],
            "12.0": [
              1,
              73,
              0
            ],
            "13.0": [
              1,
              70,
              0
            ],
            "15.0": [
              0,
              0,
              0
            ]
          }
        },
        "Kaki": {
          "rotation": {
            "0.0": [
              0,
              0,
              -5
            ],
            "3.0": [
              0,
              0,
              -5
            ],
            "6.0": [
              0,
              0,
              -5
            ],
            "9.0": [
              0,
              0,
              -5
            ],
            "9.5": [
              0,
              0,
              -5
            ],
            "9.75": [
              7.5,
              0,
              -5
            ],
            "11.0": [
              5.83333,
              0,
              -5
            ],
            "12.0": [
              0,
              0,
              -5
            ],
            "13.0": [
              2.5,
              0,
              -5
            ],
            "15.0": [
              0,
              0,
              -5
            ]
          }
        },
        "Kaki2": {
          "rotation": {
            "0.0": [
              0,
              0,
              5
            ],
            "3.0": [
              0,
              0,
              5
            ],
            "6.0": [
              0,
              0,
              5
            ],
            "9.0": [
              0,
              0,
              5
            ],
            "9.5": [
              0,
              0,
              5
            ],
            "9.75": [
              -10,
              0,
              5
            ],
            "10.0": [
              -8.88889,
              0,
              5
            ],
            "10.25": [
              -37.77778,
              0,
              5
            ],
            "11.0": [
              -42.77778,
              0,
              5
            ],
            "12.0": [
              -35.27778,
              0,
              5
            ],
            "13.0": [
              -40.27778,
              0,
              5
            ],
            "14.0": [
              -47.77778,
              0,
              5
            ],
            "15.0": [
              0,
              0,
              5
            ]
          }
        },
        "body": {
          "rotation": {
            "0.0": [
              0,
              0,
              0
            ],
            "1.5": [
              2.5,
              0,
              0
            ],
            "3.0": [
              0,
              0,
              0
            ],
            "4.5": [
              2.5,
              0,
              0
            ],
            "6.0": [
              0,
              0,
              0
            ],
            "7.5": [
              2.5,
              0,
              0
            ],
            "9.0": [
              0,
              0,
              0
            ],
            "9.5": [
              0.83,
              0,
              0
            ],
            "9.75": [
              16.30878,
              -4.79977,
              -1.40243
            ],
            "10.0": [
              19.52293,
              -16.74553,
              -5.15028
            ],
            "10.25": [
              0.83,
              0,
              0
            ],
            "12.0": [
              0,
              0,
              0
            ],
            "13.5": [
              2.5,
              0,
              0
            ],
            "15.0": [
              0,
              0,
              0
            ]
          },
          "position": {
            "9.5": [
              0,
              0,
              0
            ],
            "9.75": [
              0,
              0,
              1
            ],
            "10.0": [
              0,
              0,
              0
            ]
          }
        },
        "Tangan4": {
          "rotation": {
            "0.0": [
              4.99527,
              -0.21782,
              2.4905
            ],
            "1.0": [
              7.49527,
              -0.21782,
              2.4905
            ],
            "3.0": [
              4.99527,
              -0.21782,
              2.4905
            ],
            "4.0": [
              7.49527,
              -0.21782,
              2.4905
            ],
            "6.0": [
              4.99527,
              -0.21782,
              2.4905
            ],
            "7.0": [
              7.49527,
              -0.21782,
              2.4905
            ],
            "9.0": [
              4.99527,
              -0.21782,
              2.4905
            ],
            "9.5": [
              6.24527,
              -0.21782,
              2.4905
            ],
            "9.75": [
              -55.7614,
              -65.76568,
              39.70189
            ],
            "10.0": [
              -60.7614,
              -65.76568,
              39.70189
            ],
            "10.25": [
              7.27276,
              -1.83061,
              14.88842
            ],
            "11.0": [
              7.40366,
              -1.19158,
              9.92767
            ],
            "12.0": [
              7.21969,
              -2.00927,
              16.30671
            ],
            "13.0": [
              7.38122,
              -1.30112,
              10.77809
            ],
            "14.5": [
              7.27276,
              -1.83061,
              14.88842
            ],
            "15.0": [
              4.99527,
              -0.21782,
              2.4905
            ]
          }
        },
        "Tangan2": {
          "rotation": {
            "0.0": [
              5.13863,
              -0.05639,
              -2.49559
            ],
            "1.0": [
              7.5199,
              0.002,
              -3.25582
            ],
            "3.0": [
              5.13863,
              -0.05639,
              -2.49559
            ],
            "4.0": [
              7.5199,
              0.002,
              -3.25582
            ],
            "6.0": [
              5.13863,
              -0.05639,
              -2.49559
            ],
            "7.0": [
              7.5199,
              0.002,
              -3.25582
            ],
            "9.0": [
              5.13863,
              -0.05639,
              -2.49559
            ],
            "9.5": [
              6.32926,
              -0.0272,
              -2.8757
            ],
            "9.75": [
              37.71047,
              12.13829,
              -26.75939
            ],
            "10.0": [
              37.71047,
              12.13829,
              -26.75939
            ],
            "10.25": [
              39.76594,
              1.94301,
              -18.13257
            ],
            "11.0": [
              7.40659,
              1.30415,
              -13.17153
            ],
            "12.0": [
              7.21009,
              2.12138,
              -19.55101
            ],
            "13.0": [
              7.38247,
              1.41367,
              -14.022
            ],
            "14.5": [
              7.26594,
              1.94301,
              -18.13257
            ],
            "15.0": [
              5.13973,
              -0.07843,
              -2.49367
            ]
          }
        },
        "bone": {
          "rotation": {
            "9.5": [
              0,
              0,
              0
            ],
            "9.75": [
              15,
              0,
              0
            ],
            "14.0": [
              15,
              0,
              0
            ],
            "15.0": [
              0,
              0,
              0
            ]
          }
        },
        "Kaki3": {
          "rotation": {
            "9.5": [
              0,
              0,
              0
            ],
            "9.75": [
              9.6281,
              -1.3113,
              -0.07398
            ],
            "10.0": [
              9.6281,
              -1.3113,
              -0.07398
            ],
            "10.25": [
              42.1281,
              -1.3113,
              -0.07398
            ],
            "14.0": [
              34.6281,
              -1.3113,
              -0.07398
            ],
            "15.0": [
              -0.3719,
              -1.3113,
              -0.07398
            ]
          }
        },
        "bone11": {
          "position": [
            11,
            0,
            0
          ]
        },
        "bone12": {
          "position": {
            "10.2917": [
              0,
              15,
              0
            ],
            "10.3333": [
              0,
              0,
              0
            ],
            "10.375": [
              0,
              15,
              0
            ],
            "10.4167": [
              0,
              0,
              0
            ],
            "10.4583": [
              0,
              15,
              0
            ],
            "10.5": [
              0,
              0,
              0
            ],
            "10.5417": [
              0,
              15,
              0
            ],
            "10.5833": [
              0,
              0,
              0
            ],
            "10.625": [
              0,
              15,
              0
            ],
            "10.6667": [
              0,
              0,
              0
            ],
            "10.7083": [
              0,
              15,
              0
            ],
            "10.75": [
              0,
              0,
              0
            ],
            "10.7917": [
              0,
              15,
              0
            ],
            "10.8333": [
              0,
              0,
              0
            ],
            "10.875": [
              0,
              15,
              0
            ],
            "10.9167": [
              0,
              0,
              0
            ],
            "10.9583": [
              0,
              15,
              0
            ],
            "11.0": [
              0,
              0,
              0
            ],
            "11.0417": [
              0,
              15,
              0
            ],
            "11.0833": [
              0,
              0,
              0
            ],
            "11.125": [
              0,
              15,
              0
            ],
            "11.1667": [
              0,
              0,
              0
            ],
            "11.2083": [
              0,
              15,
              0
            ],
            "11.25": [
              0,
              0,
              0
            ],
            "11.2917": [
              0,
              15,
              0
            ],
            "11.3333": [
              0,
              0,
              0
            ],
            "11.375": [
              0,
              15,
              0
            ],
            "11.4167": [
              0,
              0,
              0
            ],
            "11.4583": [
              0,
              15,
              0
            ],
            "11.5": [
              0,
              0,
              0
            ],
            "11.5417": [
              0,
              15,
              0
            ],
            "11.5833": [
              0,
              0,
              0
            ],
            "11.625": [
              0,
              15,
              0
            ],
            "11.6667": [
              0,
              0,
              0
            ],
            "11.7083": [
              0,
              15,
              0
            ],
            "11.75": [
              0,
              0,
              0
            ],
            "11.7917": [
              0,
              15,
              0
            ],
            "11.8333": [
              0,
              0,
              0
            ],
            "11.875": [
              0,
              15,
              0
            ],
            "11.9167": [
              0,
              0,
              0
            ],
            "11.9583": [
              0,
              15,
              0
            ],
            "12.0": [
              0,
              0,
              0
            ],
            "12.0417": [
              0,
              15,
              0
            ],
            "12.0833": [
              0,
              0,
              0
            ],
            "12.125": [
              0,
              15,
              0
            ],
            "12.1667": [
              0,
              0,
              0
            ],
            "12.2083": [
              0,
              15,
              0
            ],
            "12.25": [
              0,
              0,
              0
            ],
            "12.2917": [
              0,
              15,
              0
            ],
            "12.3333": [
              0,
              0,
              0
            ],
            "12.375": [
              0,
              15,
              0
            ],
            "12.4167": [
              0,
              0,
              0
            ],
            "12.4583": [
              0,
              15,
              0
            ],
            "12.5": [
              0,
              0,
              0
            ],
            "12.5417": [
              0,
              15,
              0
            ],
            "12.5833": [
              0,
              0,
              0
            ],
            "12.625": [
              0,
              15,
              0
            ],
            "12.6667": [
              0,
              0,
              0
            ],
            "12.7083": [
              0,
              15,
              0
            ],
            "12.75": [
              0,
              0,
              0
            ],
            "12.7917": [
              0,
              15,
              0
            ],
            "12.8333": [
              0,
              0,
              0
            ],
            "12.875": [
              0,
              15,
              0
            ],
            "12.9167": [
              0,
              0,
              0
            ],
            "12.9583": [
              0,
              15,
              0
            ],
            "13.0": [
              0,
              0,
              0
            ],
            "13.0417": [
              0,
              15,
              0
            ],
            "13.0833": [
              0,
              0,
              0
            ],
            "13.125": [
              0,
              15,
              0
            ],
            "13.1667": [
              0,
              0,
              0
            ],
            "13.2083": [
              0,
              15,
              0
            ],
            "13.25": [
              0,
              0,
              0
            ],
            "13.2917": [
              0,
              15,
              0
            ],
            "13.3333": [
              0,
              0,
              0
            ],
            "13.375": [
              0,
              15,
              0
            ],
            "13.4167": [
              0,
              0,
              0
            ],
            "13.4583": [
              0,
              15,
              0
            ],
            "13.5": [
              0,
              0,
              0
            ],
            "13.5417": [
              0,
              15,
              0
            ],
            "13.5833": [
              0,
              0,
              0
            ],
            "13.625": [
              0,
              15,
              0
            ],
            "13.7083": [
              0,
              15,
              0
            ],
            "13.75": [
              0,
              0,
              0
            ],
            "13.7917": [
              0,
              15,
              0
            ],
            "13.8333": [
              0,
              0,
              0
            ],
            "13.875": [
              0,
              15,
              0
            ],
            "13.9167": [
              0,
              0,
              0
            ],
            "13.9583": [
              0,
              15,
              0
            ],
            "14.0": [
              0,
              0,
              0
            ],
            "14.0417": [
              0,
              15,
              0
            ],
            "14.0833": [
              0,
              0,
              0
            ],
            "14.125": [
              0,
              15,
              0
            ],
            "14.1667": [
              0,
              0,
              0
            ],
            "14.2083": [
              0,
              15,
              0
            ],
            "14.25": [
              0,
              0,
              0
            ],
            "14.2917": [
              0,
              15,
              0
            ],
            "14.3333": [
              0,
              0,
              0
            ],
            "14.375": [
              0,
              15,
              0
            ],
            "14.4167": [
              0,
              0,
              0
            ],
            "14.4583": [
              0,
              15,
              0
            ],
            "14.5": [
              0,
              0,
              0
            ],
            "14.5417": [
              0,
              15,
              0
            ],
            "14.5833": [
              0,
              0,
              0
            ],
            "14.625": [
              0,
              15,
              0
            ],
            "14.6667": [
              0,
              0,
              0
            ],
            "14.7083": [
              0,
              15,
              0
            ],
            "14.75": [
              0,
              0,
              0
            ],
            "14.7917": [
              0,
              15,
              0
            ],
            "14.8333": [
              0,
              0,
              0
            ],
            "14.875": [
              0,
              15,
              0
            ],
            "14.9167": [
              0,
              0,
              0
            ],
            "14.9583": [
              0,
              15,
              0
            ],
            "15.0": [
              0,
              0,
              0
            ],
            "15.0417": [
              0,
              15,
              0
            ],
            "15.0833": [
              0,
              0,
              0
            ],
            "15.125": [
              0,
              15,
              0
            ],
            "15.1667": [
              0,
              0,
              0
            ],
            "15.2083": [
              0,
              15,
              0
            ],
            "15.25": [
              0,
              0,
              0
            ]
          },
          "scale": {
            "13.5": [
              1,
              1,
              1
            ],
            "15.25": [
              1,
              0,
              1
            ]
          }
        },
        "bone13": {
          "position": [
            11,
            0,
            0
          ]
        },
        "Wing": {
          "rotation": {
            "9.5": [
              0,
              0,
              0
            ],
            "9.75": [
              0,
              0,
              95
            ],
            "10.0": [
              0,
              0,
              62.5
            ],
            "10.25": [
              0,
              0,
              67.5
            ],
            "10.5417": [
              0,
              0,
              70
            ],
            "10.7917": [
              0,
              0,
              65
            ],
            "11.0": [
              0,
              0,
              67.5
            ],
            "11.2917": [
              0,
              0,
              75
            ],
            "11.5417": [
              0,
              0,
              70
            ],
            "11.8333": [
              0,
              0,
              62.5
            ],
            "12.0833": [
              0,
              0,
              67.5
            ],
            "12.25": [
              0,
              0,
              62.5
            ],
            "12.4167": [
              0,
              0,
              75
            ],
            "12.7917": [
              0,
              0,
              70
            ],
            "13.125": [
              0,
              0,
              82.5
            ],
            "15.0833": [
              0,
              0,
              0
            ]
          },
          "position": [
            0,
            0,
            0
          ],
          "scale": 1
        },
        "Wing3": {
          "rotation": {
            "9.5": [
              0,
              0,
              0
            ],
            "9.75": [
              0,
              0,
              -95
            ],
            "10.0": [
              0,
              0,
              -62.5
            ],
            "10.25": [
              0,
              0,
              -67.5
            ],
            "10.5417": [
              0,
              0,
              -70
            ],
            "10.7917": [
              0,
              0,
              -65
            ],
            "11.0": [
              0,
              0,
              -67.5
            ],
            "11.2917": [
              0,
              0,
              -75
            ],
            "11.5417": [
              0,
              0,
              -70
            ],
            "11.8333": [
              0,
              0,
              -62.5
            ],
            "12.0833": [
              0,
              0,
              -67.5
            ],
            "12.25": [
              0,
              0,
              -62.5
            ],
            "12.4167": [
              0,
              0,
              -75
            ],
            "12.7917": [
              0,
              0,
              -70
            ],
            "13.125": [
              0,
              0,
              -82.5
            ],
            "15.0833": [
              0,
              0,
              0
            ]
          },
          "position": [
            0,
            0,
            0
          ],
          "scale": 1
        },
        "Wing2": {
          "rotation": {
            "9.5417": [
              0,
              0,
              0
            ],
            "9.7917": [
              0,
              0,
              67.5
            ],
            "10.0417": [
              0,
              0,
              35
            ],
            "10.2917": [
              11.2598,
              6.98554,
              36.96306
            ],
            "10.5833": [
              0,
              0,
              27.5
            ],
            "15.2917": [
              0,
              0,
              0
            ]
          },
          "position": [
            0,
            0,
            0
          ],
          "scale": 1
        },
        "Wing4": {
          "rotation": {
            "9.5": [
              0,
              0,
              0
            ],
            "9.75": [
              0,
              0,
              -67.5
            ],
            "10.0": [
              0,
              0,
              -35
            ],
            "10.25": [
              11.2598,
              -6.98554,
              -36.96306
            ],
            "10.5417": [
              0,
              0,
              -27.5
            ],
            "15.25": [
              0,
              0,
              0
            ]
          },
          "position": [
            0,
            0,
            0
          ],
          "scale": 1
        },
        "Rightleg": {
          "rotation": {
            "9.5": [
              0,
              0,
              0
            ],
            "13.4167": [
              -7.5,
              0,
              0
            ],
            "14.0417": [
              0,
              0,
              0
            ],
            "14.9167": [
              -2.5,
              0,
              0
            ],
            "15.2917": [
              0,
              0,
              0
            ]
          },
          "position": {
            "9.5": [
              0,
              0,
              -1
            ],
            "9.7917": [
              0,
              1,
              -6
            ],
            "10.25": [
              0,
              1,
              0
            ],
            "11.2083": [
              0,
              2,
              0
            ],
            "11.7917": [
              0,
              0,
              0
            ],
            "12.25": [
              0,
              3,
              0
            ],
            "12.75": [
              0,
              2,
              0
            ],
            "14.9167": [
              0,
              2,
              -2
            ],
            "15.2917": [
              0,
              0,
              -1
            ]
          }
        },
        "Leftleg": {
          "rotation": {
            "9.5": [
              12.5,
              0,
              0
            ],
            "9.75": [
              20,
              0,
              0
            ],
            "10.3333": [
              17.5,
              0,
              0
            ],
            "10.625": [
              12.5,
              0,
              0
            ],
            "10.9167": [
              7.5,
              0,
              0
            ],
            "11.25": [
              15,
              0,
              0
            ],
            "11.5833": [
              12.5,
              0,
              0
            ],
            "11.9167": [
              12.5,
              0,
              0
            ],
            "14.9583": [
              -5,
              0,
              0
            ],
            "15.2917": [
              12.5,
              0,
              0
            ]
          },
          "position": {
            "9.5": [
              0,
              0,
              0
            ],
            "10.125": [
              0,
              0,
              -4
            ],
            "10.3333": [
              0,
              5,
              -10
            ],
            "14.9583": [
              0,
              0,
              -4
            ],
            "15.2917": [
              0,
              0,
              0
            ]
          },
          "scale": 1
        },
        "Rightarmt": {
          "rotation": {
            "0.0": [
              -5,
              0,
              0
            ],
            "1.5": [
              -17.46353,
              0.64887,
              2.41461
            ],
            "3.0": [
              -5,
              0,
              0
            ],
            "4.5": [
              -17.46353,
              0.64887,
              2.41461
            ],
            "6.0": [
              -5,
              0,
              0
            ],
            "7.5": [
              -17.46353,
              0.64887,
              2.41461
            ],
            "9.0": [
              -5,
              0,
              0
            ],
            "10.5": [
              -17.46353,
              0.64887,
              2.41461
            ],
            "12.25": [
              -5,
              0,
              0
            ],
            "13.75": [
              -17.46353,
              0.64887,
              2.41461
            ],
            "15.25": [
              -5,
              0,
              0
            ]
          }
        },
        "head": {
          "rotation": {
            "0.0": [
              2.21051,
              -0.71712,
              -7.47129
            ],
            "0.4167": [
              2.29656,
              -0.47396,
              -4.98165
            ],
            "0.5": [
              1.97416,
              -1.72011,
              -17.42379
            ],
            "0.5833": [
              2.21051,
              -0.71712,
              -7.47129
            ],
            "1.0": [
              2.29656,
              -0.47396,
              -4.98165
            ],
            "1.0833": [
              1.97416,
              -1.72011,
              -17.42379
            ],
            "1.1667": [
              2.21051,
              -0.71712,
              -7.47129
            ],
            "1.5833": [
              2.29656,
              -0.47396,
              -4.98165
            ],
            "1.6667": [
              1.97416,
              -1.72011,
              -17.42379
            ],
            "1.75": [
              2.21051,
              -0.71712,
              -7.47129
            ],
            "1.9583": [
              2.21051,
              -0.71712,
              -7.47129
            ],
            "2.375": [
              2.29656,
              -0.47396,
              -4.98165
            ],
            "2.4583": [
              1.97416,
              -1.72011,
              -17.42379
            ],
            "2.5417": [
              2.21051,
              -0.71712,
              -7.47129
            ],
            "2.8333": [
              2.21051,
              -0.71712,
              -7.47129
            ],
            "3.25": [
              2.29656,
              -0.47396,
              -4.98165
            ],
            "3.3333": [
              1.97416,
              -1.72011,
              -17.42379
            ],
            "3.4167": [
              2.21051,
              -0.71712,
              -7.47129
            ],
            "3.5417": [
              2.21051,
              -0.71712,
              -7.47129
            ],
            "3.9583": [
              2.29656,
              -0.47396,
              -4.98165
            ],
            "4.0417": [
              1.97416,
              -1.72011,
              -17.42379
            ],
            "4.125": [
              2.21051,
              -0.71712,
              -7.47129
            ],
            "4.5": [
              2.21051,
              -0.71712,
              -7.47129
            ],
            "4.9167": [
              2.29656,
              -0.47396,
              -4.98165
            ],
            "5.0": [
              1.97416,
              -1.72011,
              -17.42379
            ],
            "5.0833": [
              2.21051,
              -0.71712,
              -7.47129
            ],
            "5.4167": [
              2.21051,
              -0.71712,
              -7.47129
            ],
            "5.8333": [
              2.29656,
              -0.47396,
              -4.98165
            ],
            "5.9167": [
              1.97416,
              -1.72011,
              -17.42379
            ],
            "6.0": [
              2.21051,
              -0.71712,
              -7.47129
            ],
            "6.5": [
              2.21051,
              -0.71712,
              -7.47129
            ],
            "6.9167": [
              2.29656,
              -0.47396,
              -4.98165
            ],
            "7.0": [
              1.97416,
              -1.72011,
              -17.42379
            ],
            "7.0833": [
              2.21051,
              -0.71712,
              -7.47129
            ],
            "7.5833": [
              2.21051,
              -0.71712,
              -7.47129
            ],
            "8.0": [
              2.29656,
              -0.47396,
              -4.98165
            ],
            "8.0833": [
              1.97416,
              -1.72011,
              -17.42379
            ],
            "8.1667": [
              2.21051,
              -0.71712,
              -7.47129
            ],
            "8.5833": [
              2.21051,
              -0.71712,
              -7.47129
            ],
            "9.0": [
              2.29656,
              -0.47396,
              -4.98165
            ],
            "9.0833": [
              1.97416,
              -1.72011,
              -17.42379
            ],
            "9.1667": [
              2.21051,
              -0.71712,
              -7.47129
            ],
            "9.625": [
              2.21051,
              -0.71712,
              -7.47129
            ],
            "10.0417": [
              2.29656,
              -0.47396,
              -4.98165
            ],
            "10.125": [
              1.97416,
              -1.72011,
              -17.42379
            ],
            "10.2083": [
              2.21051,
              -0.71712,
              -7.47129
            ],
            "11.0": [
              2.21051,
              -0.71712,
              -7.47129
            ],
            "11.4167": [
              2.29656,
              -0.47396,
              -4.98165
            ],
            "11.5": [
              1.97416,
              -1.72011,
              -17.42379
            ],
            "11.5833": [
              2.21051,
              -0.71712,
              -7.47129
            ],
            "12.0": [
              2.21051,
              -0.71712,
              -7.47129
            ],
            "12.4167": [
              2.29656,
              -0.47396,
              -4.98165
            ],
            "12.5": [
              1.97416,
              -1.72011,
              -17.42379
            ],
            "12.5833": [
              2.21051,
              -0.71712,
              -7.47129
            ],
            "12.9583": [
              2.21051,
              -0.71712,
              -7.47129
            ],
            "13.375": [
              2.29656,
              -0.47396,
              -4.98165
            ],
            "13.4583": [
              1.97416,
              -1.72011,
              -17.42379
            ],
            "13.5417": [
              2.21051,
              -0.71712,
              -7.47129
            ],
            "13.8333": [
              2.21051,
              -0.71712,
              -7.47129
            ],
            "14.25": [
              2.29656,
              -0.47396,
              -4.98165
            ],
            "14.3333": [
              1.97416,
              -1.72011,
              -17.42379
            ],
            "14.4167": [
              2.21051,
              -0.71712,
              -7.47129
            ],
            "14.7083": [
              2.21051,
              -0.71712,
              -7.47129
            ],
            "15.125": [
              2.29656,
              -0.47396,
              -4.98165
            ],
            "15.2083": [
              1.97416,
              -1.72011,
              -17.42379
            ],
            "15.2917": [
              2.21051,
              -0.71712,
              -7.47129
            ]
          }
        },
        "J": {
          "scale": [
            0.7,
            0.8,
            1
          ]
        },
        "J2": {
          "scale": [
            0.7,
            0.8,
            1
          ]
        },
        "Leftarmt": {
          "rotation": {
            "0.0": [
              -5,
              0,
              0
            ],
            "1.5": [
              -17.46353,
              -0.64887,
              -2.41461
            ],
            "3.0": [
              -5,
              0,
              0
            ],
            "4.5": [
              -17.46353,
              -0.64887,
              -2.41461
            ],
            "6.0": [
              -5,
              0,
              0
            ],
            "7.5": [
              -17.46353,
              -0.64887,
              -2.41461
            ],
            "9.0": [
              -5,
              0,
              0
            ],
            "10.5": [
              -17.46353,
              -0.64887,
              -2.41461
            ],
            "12.25": [
              -5,
              0,
              0
            ],
            "13.75": [
              -17.46353,
              -0.64887,
              -2.41461
            ],
            "15.25": [
              -5,
              0,
              0
            ]
          }
        }
      }
    },
    "animation.sb_upgrade_infected_titan_speaker_man.fly": {
      "loop": true,
      "animation_length": 1.25,
      "bones": {
        "body": {
          "rotation": [
            -10,
            0,
            0
          ]
        },
        "body2": {
          "rotation": [
            12.5,
            0,
            0
          ]
        },
        "Rightarmt": {
          "rotation": [
            -56.5317,
            5.88239,
            -44.41922
          ],
          "position": {
            "0.0": [
              4,
              0,
              0
            ],
            "0.0833": [
              4,
              0,
              3
            ],
            "0.7917": [
              4,
              0,
              0
            ]
          }
        },
        "H": {
          "rotation": [
            0,
            0,
            0
          ],
          "position": {
            "0.0": [
              0,
              0,
              0
            ],
            "0.1667": [
              0,
              -161,
              -15
            ],
            "0.25": [
              8628,
              -45,
              64
            ]
          },
          "scale": {
            "0.0": [
              1,
              1,
              1
            ],
            "0.0833": [
              3.6,
              4.9,
              4.7
            ]
          }
        },
        "Leftarmt": {
          "rotation": [
            -56.5317,
            -5.88239,
            44.41922
          ],
          "position": {
            "0.0": [
              -4,
              0,
              0
            ],
            "0.0833": [
              -4,
              0,
              3
            ],
            "0.7917": [
              -4,
              0,
              0
            ]
          }
        },
        "H2": {
          "rotation": [
            0,
            0,
            0
          ],
          "position": {
            "0.0": [
              0,
              0,
              0
            ],
            "0.1667": [
              0,
              -161,
              -15
            ],
            "0.25": [
              8628,
              -45,
              64
            ]
          },
          "scale": {
            "0.0": [
              1,
              1,
              1
            ],
            "0.0833": [
              3.6,
              4.9,
              4.7
            ]
          }
        },
        "head": {
          "rotation": [
            20,
            0,
            0
          ]
        },
        "Rightleg": {
          "position": {
            "0.0": [
              0,
              7,
              -6
            ],
            "0.25": [
              0,
              2,
              -6
            ],
            "0.7917": [
              0,
              7,
              -6
            ]
          }
        },
        "Leftleg": {
          "rotation": {
            "0.2083": [
              15,
              0,
              0
            ],
            "0.4167": [
              17.5,
              0,
              0
            ],
            "0.7917": [
              15,
              0,
              0
            ]
          }
        },
        "Ex": {
          "position": [
            0,
            62,
            -147
          ]
        },
        "bone7": {
          "position": {
            "0.0": [
              36,
              -7,
              0
            ],
            "0.1667": [
              36,
              52,
              0
            ],
            "0.625": [
              36,
              40,
              0
            ],
            "0.75": [
              36,
              -5,
              0
            ]
          },
          "scale": {
            "0.0": [
              1,
              0.1,
              1
            ],
            "0.1667": [
              2,
              6,
              1
            ],
            "0.25": [
              1,
              6,
              2.7
            ],
            "0.3333": [
              1,
              3.9,
              2.7
            ],
            "0.5": [
              1,
              1,
              2.7
            ],
            "0.6667": [
              1,
              0,
              2.7
            ]
          }
        },
        "bone8": {
          "position": {
            "0.0": [
              -36,
              -7,
              0
            ],
            "0.1667": [
              -36,
              52,
              0
            ],
            "0.625": [
              -36,
              40,
              0
            ],
            "0.75": [
              -36,
              -5,
              0
            ]
          },
          "scale": {
            "0.0": [
              1,
              0.1,
              1
            ],
            "0.1667": [
              2,
              6,
              1
            ],
            "0.25": [
              1,
              6,
              2.7
            ],
            "0.3333": [
              1,
              3.9,
              2.7
            ],
            "0.5": [
              1,
              1,
              2.7
            ],
            "0.6667": [
              1,
              0,
              2.7
            ]
          }
        },
        "Allroot": {
          "position": {
            "0.0": [
              0,
              70,
              119
            ],
            "0.7083": [
              0,
              18,
              119
            ],
            "1.25": [
              0,
              70,
              119
            ]
          }
        }
      }
    }
  }
}