{
  "format_version": "1.10.0",
  "animation_controllers": {
    "controller.animation.cyan": {
      "initial_state": "default",
      "states": {
        "default": {
          "variables": {
            "walk": {
              "input": "query.modified_move_speed",
              "remap_curve": {
                "0.0": 0,
                "0.27": 1
              }
            },
            "idle": {
              "input": "query.modified_move_speed",
              "remap_curve": {
                "0.27": 0,
                "0.0": 1
              }
            }
          },
          "animations": [
            {
              "idle_mouth": "variable.idle"
            },
            {
              "walk": "variable.walk"
            }
          ],
          "transitions": [
            {
              "biting": "variable.attack_time > 0 && query.is_stunned"
            },
            {
              "run": "query.ground_speed >= 4.5 && variable.random == 0"
            },
            {
              "jum": "query.has_rider && !query.is_stunned"
            }
          ],
          "blend_transition": 0.2
        },
        "run": {
          "animations": [
            "run"
          ],
          "transitions": [
            {
              "default": "query.ground_speed <= 3.5"
            }
          ],
          "blend_transition": 0.1
        },
        "biting": {
          "animations": [
            "biting"
          ],
          "transitions": [
            {
              "default": "query.all_animations_finished"
            }
          ],
          "blend_transition": 0.1
        },
        "jum": {
          "animations": [
            "jum"
          ],
          "transitions": [
            {
              "default": "!query.has_rider"
            }
          ],
          "blend_transition": 0.2
        }
      }
    },
    "controller.animation.custom.look_at_target": {
      "states": {
        "default": {
          "animations": [
            "look_at_target"
          ]
        }
      }
    }
  }
}