{
  "format_version": "1.10.0",
  "render_controllers": {
    "controller.render.narutom": {
      "geometry": "Geometry.narutom",
      "textures": [
        "Texture.narutom"
      ],
      "materials": [
        {
          "*": "Material.default"
        }
      ]
    },
    "controller.render.narutom1": {
      "geometry": "Geometry.narutom1",
      "textures": [
        "Texture.narutom1"
      ],
      "materials": [
        {
          "*": "Material.charged"
        }
      ]
    },
    "controller.render.narutom2": {
      "geometry": "Geometry.narutom2",
      "textures": [
        "Texture.narutom2"
      ],
      "materials": [
        {
          "*": "Material.haki"
        }
      ]
    }
  }
}









