{
	"format_version": "1.8.0",
	"animations": {
		"animation.small_door_empty": {
			"animation_length": 30,
			"bones": {
				"door": {
					"rotation": {
						"0.0": {
							"post": [0, 0, 0],
							"lerp_mode": "catmullrom"
						},
						"7.7083": {
							"post": [0, 0, 0],
							"lerp_mode": "catmullrom"
						},
						"28.0": {
							"post": [0, 0, 0],
							"lerp_mode": "catmullrom"
						},
						"30.0": {
							"post": [0, 0, 0],
							"lerp_mode": "catmullrom"
						}
					},
					"position": {
						"0.0": {
							"post": [0, 0, 0],
							"lerp_mode": "catmullrom"
						},
						"0.0833": {
							"post": [0, 1, 0],
							"lerp_mode": "catmullrom"
						},
						"0.7083": {
							"post": [0, 0, 0],
							"lerp_mode": "catmullrom"
						},
						"1.5": {
							"post": [0, 4, 0],
							"lerp_mode": "catmullrom"
						},
						"2.0": {
							"post": [0, 4, 0],
							"lerp_mode": "catmullrom"
						},
						"5.0": {
							"post": [0, 58, 0],
							"lerp_mode": "catmullrom"
						},
						"28.0": {
							"post": [0, 58, 0],
							"lerp_mode": "catmullrom"
						},
						"30.0": {
							"post": [0, 0, 0],
							"lerp_mode": "catmullrom"
						}
					}
				}
			}
		},
		"animation.small_door_open": {
			"animation_length": 30,
			"bones": {
				"door": {
					"rotation": {
						"0.0": {
							"post": [0, 0, 0],
							"lerp_mode": "catmullrom"
						},
						"7.7083": {
							"post": [0, 0, 0],
							"lerp_mode": "catmullrom"
						},
						"28.0": {
							"post": [0, 0, 0],
							"lerp_mode": "catmullrom"
						},
						"30.0": {
							"post": [0, 0, 0],
							"lerp_mode": "catmullrom"
						}
					},
					"position": {
						"0.0": {
							"post": [0, 0, 0],
							"lerp_mode": "catmullrom"
						},
						"8.4583": {
							"post": [0, 1, 0],
							"lerp_mode": "catmullrom"
						},
						"9.0": {
							"post": [0, 0, 0],
							"lerp_mode": "catmullrom"
						},
						"9.25": {
							"post": [0, 4, 0],
							"lerp_mode": "catmullrom"
						},
						"10.0": {
							"post": [0, 4, 0],
							"lerp_mode": "catmullrom"
						},
						"13.0": {
							"post": [0, 58, 0],
							"lerp_mode": "catmullrom"
						},
						"28.0": {
							"post": [0, 58, 0],
							"lerp_mode": "catmullrom"
						},
						"30.0": {
							"post": [0, 0, 0],
							"lerp_mode": "catmullrom"
						}
					}
				},
				"block1": {
					"position": {
						"0.0": {
							"post": [0, 0, 0],
							"lerp_mode": "catmullrom"
						},
						"25.0": {
							"post": [0, 0, 0],
							"lerp_mode": "catmullrom"
						},
						"28.0": {
							"post": [0, 0, 0],
							"lerp_mode": "catmullrom"
						},
						"30.0": {
							"post": [0, 0, 0],
							"lerp_mode": "catmullrom"
						}
					},
					"scale": {
						"0.0": [1, 1, 1],
						"8.0": [0, 1, 1]
					}
				},
				"block2": {
					"rotation": {
						"0.0": {
							"post": [0, 0, 0],
							"lerp_mode": "catmullrom"
						},
						"3.0": {
							"post": [0, 0, 0],
							"lerp_mode": "catmullrom"
						},
						"6.0": {
							"post": [-100, 0, 0],
							"lerp_mode": "catmullrom"
						},
						"25.0": {
							"post": [-100.8, 0, 0],
							"lerp_mode": "catmullrom"
						},
						"28.0": {
							"post": [0, 0, 0],
							"lerp_mode": "catmullrom"
						},
						"30.0": {
							"post": [0, 0, 0],
							"lerp_mode": "catmullrom"
						}
					},
					"position": {
						"0.0": {
							"post": [0, 0, 0],
							"lerp_mode": "catmullrom"
						},
						"25.0": {
							"post": [0, 0, 0],
							"lerp_mode": "catmullrom"
						},
						"28.0": {
							"post": [0, 0, 0],
							"lerp_mode": "catmullrom"
						},
						"30.0": {
							"post": [0, 0, 0],
							"lerp_mode": "catmullrom"
						}
					}
				},
				"block3": {
					"rotation": {
						"0.0": {
							"post": [0, 0, 0],
							"lerp_mode": "catmullrom"
						},
						"6.0": {
							"post": [0, 0, 0],
							"lerp_mode": "catmullrom"
						},
						"9.0": {
							"post": [-102.5, 0, 0],
							"lerp_mode": "catmullrom"
						},
						"25.0": {
							"post": [-102.5, 0, 0],
							"lerp_mode": "catmullrom"
						},
						"28.0": {
							"post": [0, 0, 0],
							"lerp_mode": "catmullrom"
						},
						"30.0": {
							"post": [0, 0, 0],
							"lerp_mode": "catmullrom"
						}
					},
					"position": {
						"0.0": {
							"post": [0, 0, 0],
							"lerp_mode": "catmullrom"
						},
						"25.0": {
							"post": [0, 0, 0],
							"lerp_mode": "catmullrom"
						},
						"28.0": {
							"post": [0, 0, 0],
							"lerp_mode": "catmullrom"
						},
						"30.0": {
							"post": [0, 0, 0],
							"lerp_mode": "catmullrom"
						}
					}
				}
			}
		}
	}
}