{
  "namespace": "how_to_play",

  "how_to_play_screen@how_to_play_common.screen_base": {
    "$selector_stack_panel": "how_to_play.selector_stack_panel",
    "$section_content_panels": "how_to_play.section_content_panels",
    "$header_safezone_control": "common_store.store_top_bar_filler",
    "$header_bar_control": "common_store.store_top_bar",
    "$is_full_screen_layout": true,
    "$fill_alpha": 1.0
  },
  "selector_stack_panel": {
    "$default_selector_toggle_index": 1,
    "anchor_from": "top_left",
    "anchor_to": "top_left",
    "orientation": "vertical",
    "type": "stack_panel",
    "controls": [
      {
        "how_to_play_selector_pane": {
          "type": "stack_panel",
          "controls": [
            { "jujutsukaisen_category@how_to_play_common.topic_category": { "$category": "jujutsukaisen" } },
            { "jujutsukaisen_button@how_to_play.jujutsukaisen_button": { "$toggle_group_forced_index": 1 } },
            { "jujutsukaisen2_button@how_to_play.jujutsukaisen2_button": { "$toggle_group_forced_index": 2 } }
          ]
        }
      }
    ]
  },
  "section_content_panels": {
    "anchor_from": "top_left",
    "anchor_to": "top_left",
    "offset": [ 2, 0 ],
    "size": [ "100% - 5px", "100%c + 5px" ],
    "type": "stack_panel",
    "controls": [
      {
        "general_tips_sections": {
          "type": "stack_panel",
          "controls": [
            {
              "jujutsukaisen_section@how_to_play.jujutsukaisen_section": {}
            },
            {
              "jujutsukaisen2_section@how_to_play.jujutsukaisen2_section": {}
            }
          ]
        }
      }
    ]
  }, 
  "jujutsukaisen_button@how_to_play_common.section_toggle_button": {
    "$section_topic": "jujutsukaisen"
  },
  "jujutsukaisen2_button@how_to_play_common.section_toggle_button": {
    "$section_topic": "jujutsukaisen2"
  },
  "jujutsukaisen_section@how_to_play_common.main_sections": {
    "bindings": [
      {
        "binding_type": "view",
        "source_control_name": "jujutsukaisen_button_toggle",
        "source_property_name": "#toggle_state",
        "target_property_name": "#visible"
      }
    ],
    "controls": [
      {
        "header_0@how_to_play_common.header": {
          "$text": "呪術廻戦 Jujutsu Kaisen"
        }
      },
      {
        "paragraph_0@how_to_play_common.paragraph": {
          "$text": "呪術廻戦アドオンをダウンロードしていただきありがとうございます。\n§c[注意事項]\n§r二次配布、二次改造、自作発言は禁止\n他の用途でこのアドオンを使う場合は、\n概要欄などにこのアドオンの動画のURLをはってください。\nまた、ダウンロードリンクを直接どこかにはるのはやめてください、\nこのアドオンの動画のURLをはってください。"
        }
      },
      {
        "header_1@how_to_play_common.header": {
          "$text": "製作者 一覧"
        }
      },
      {
        "paragraph_1@how_to_play_common.paragraph": {
          "$text": "\n§9アドオン製作者\n§r§lらいちゅう §r§b@Raichu0206§r\n"
        }
      },
      {
        "image_0@how_to_play_common.image": {
          "texture": "textures/creator/lysie"
        }
      },
      {
        "paragraph_1_1@how_to_play_common.paragraph": {
          "$text": "\n§aアイテム§r\n獄門疆\n獄門疆(五条悟)\n帳\n§eスキン§r\n重面のスキン\n§bモデル§r\n術式反転「赫」のモデル\n術式順転「蒼」のモデル\n虚式「茈」のモデル\n帳のモデル\n極ノ番「隕」のモデル\n呪骸のモデル\n乙骨の刀のモデル\n三輪の刀のモデル\n重面の刀のモデル\n釘のモデル\n獄門疆のモデル\n獄門疆(五条悟)のモデル\n里香のモデル"
        }
      },
      {
        "paragraph_2@how_to_play_common.paragraph": {
          "$text": "\n§9スキン、テクスチャ製作者\n§r§lアクセ§r\n"
        }
      },
      {
        "image_1@how_to_play_common.image": {
          "texture": "textures/creator/none"
        }
      },
      {
        "paragraph_2_1@how_to_play_common.paragraph": {
          "$text": "\n§aアイテム§r\n術式順転「蒼」\n術式反転「赫」\n虚式「茈」\n釘崎のハンマー\n負の感情\n呪言の能力\n釘\n釘(+呪力)\n乙骨の刀の柄\n刀の刃\n刀の欠片\n刀の欠片2\n屠坐魔\n§eスキン§r\n五条悟のスキン\n乙骨憂太のスキン\n伏黒甚爾のスキン\n六眼のスキンパーツ"
        }
      },
      {
        "paragraph_3@how_to_play_common.paragraph": {
          "$text": "\n§9テクスチャ、モデル製作者\n§r§lnatu§r"
        }
      },
      {
        "image_2@how_to_play_common.image": {
          "texture": "textures/creator/natu"
        }
      },
      {
        "paragraph_3_1@how_to_play_common.paragraph": {
          "$text": "\n\n§aアイテム§r\n両面宿儺の指\n領域展開「伏魔御厨子」\n極ノ番「隕」\n受胎九相図-1番目\n受胎九相図-2番目\n受胎九相図-3番目\n逕庭拳\n乙骨の刀\n三輪の刀\n重面の刀\n六眼\n呪術高専の制服(上着)\n呪術高専の制服(ズボン)\n遊雲\n五条悟のスポーンエッグ\n呪骸のスポーンエッグ\n乙骨のスポーンエッグ\n重面のスポーンエッグ\n両面宿儺のスポーンエッグ\n特級呪霊のスポーンエッグ\n§bモデル§r\n呪霊1\n呪霊2\n呪霊3\n伏魔御厨子のモデル\n薙刀のモデル\n式神の玉犬のモデル\n式神の蝦蟇のモデル\n特級呪霊のモデル\n漏瑚のモデル\n血塗のモデル\n伏魔御厨子のモデル\n天逆鉾のモデル\n§dパーティクル§r\n呪言のパーティクル\n呪力のパーティクル\n虚式「茈」のパーティクル\n虚式「茈」のパーティクル2\n斬撃のパーティクル\n§eスキン§r\n三輪霞のスキン"
        }
      },
      {
        "paragraph_4@how_to_play_common.paragraph": {
          "$text": "\n§9テクスチャ製作者\n§r§lharu§r"
        }
      },
      {
        "image_3@how_to_play_common.image": {
          "texture": "textures/creator/haru"
        }
      },
      {
        "paragraph_4_1@how_to_play_common.paragraph": {
          "$text": "\n\n§aアイテム§r\n天逆鉾\n夏油の脳みそ\n式神召喚アイテム\n狗巻家のメガホン\n呪言の魂\n冥冥の斧\n薙刀\nノドナオール\n天与呪縛\n甚爾の呪霊\n漏瑚のスポーンエッグ"
        }
      },
      {
        "paragraph_5@how_to_play_common.paragraph": {
          "$text": "\n§9モデル製作者\n§r§lPマン§r\n"
        }
      },
      {
        "image_4@how_to_play_common.image": {
          "texture": "textures/creator/pman"
        }
      },
      {
        "paragraph_5_1@how_to_play_common.paragraph": {
          "$text": "\n§bモデル§r\n狗巻家のメガホンのモデル\n遊雲のモデル"
        }
      },
      {
        "paragraph_6@how_to_play_common.paragraph": {
          "$text": "\n§9スキン製作者\n§r§lエングラム §r§b@Engram0322§r\n"
        }
      },
      {
        "image_5@how_to_play_common.image": {
          "texture": "textures/creator/enguramu"
        }
      },
      {
        "paragraph_6_1@how_to_play_common.paragraph": {
          "$text": "\n§eスキン§r\n呪術高専の制服"
        }
      },
      {
        "paragraph_7@how_to_play_common.paragraph": {
          "$text": "\n§9アイテム製作者\n§r§lかなめハウス\n"
        }
      },
      {
        "paragraph_7_1@how_to_play_common.paragraph": {
          "$text": "\n§eアイテム§r\n呪霊1のスポーンエッグ"
        }
      }
    ]
  },
  "jujutsukaisen2_section@how_to_play_common.main_sections": {
    "bindings": [
      {
        "binding_type": "view",
        "source_control_name": "jujutsukaisen2_button_toggle",
        "source_property_name": "#toggle_state",
        "target_property_name": "#visible"
      }
    ],
    "controls": [
      {
        "header_0@how_to_play_common.header": {
          "$text": "レシピ - Recipe"
        }
      },
      {
        "header_1@how_to_play_common.header": {
          "$text": "屠坐魔"
        }
      },
      {
        "image_0@how_to_play_common.image": {
          "texture": "textures/recipes/tozama"
        }
      },
      {
        "header_2@how_to_play_common.header": {
          "$text": "釘崎のハンマー"
        }
      },
      {
        "image_1@how_to_play_common.image": {
          "texture": "textures/recipes/hammer"
        }
      },
      {
        "header_3@how_to_play_common.header": {
          "$text": "釘(+呪力)"
        }
      },
      {
        "image_2@how_to_play_common.image": {
          "texture": "textures/recipes/nail"
        }
      },
      {
        "header_4@how_to_play_common.header": {
          "$text": "乙骨の刀"
        }
      },
      {
        "image_3@how_to_play_common.image": {
          "texture": "textures/recipes/okkotsu_sword"
        }
      },
      {
        "header_5@how_to_play_common.header": {
          "$text": "三輪の刀"
        }
      },
      {
        "image_4@how_to_play_common.image": {
          "texture": "textures/recipes/miwa_sword"
        }
      },
      {
        "header_6@how_to_play_common.header": {
          "$text": "呪言"
        }
      },
      {
        "image_5@how_to_play_common.image": {
          "texture": "textures/recipes/jugon"
        }
      },
      {
        "header_7@how_to_play_common.header": {
          "$text": "獄門疆"
        }
      },
      {
        "image_6@how_to_play_common.image": {
          "texture": "textures/recipes/gokumonkyou"
        }
      },
      {
        "header_8@how_to_play_common.header": {
          "$text": "刀の刃"
        }
      },
      {
        "image_7@how_to_play_common.image": {
          "texture": "textures/recipes/sword2"
        }
      }
    ]
  }
}
