{
  "entity_sounds": {
    "entities": {
      "seb:large_skibidi_toilet": {
        "volume": 1.0,
        "pitch": [
          0.8,
          1.2
        ],
        "events": {
          "ambient": "mob.seb_skibidi_toilet.idle",
          "death": "mob.axolotl.idle_air2",
          "death.to.zombie": "mob.axolotl.idle_air2",
          "haggle": "mob.axolotl.idle_air2",
          "haggle.no": "mob.axolotl.idle_air2",
          "haggle.yes": "mob.axolotl.idle_air2",
          "hurt": "mob.axolotl.idle_air2"
        }
      },
      "seb:medium_skibidi_toilet": {
        "volume": 1.0,
        "pitch": [
          0.8,
          1.2
        ],
        "events": {
          "ambient": "mob.seb_skibidi_toilet.idle",
          "death": "mob.axolotl.idle_air2",
          "death.to.zombie": "mob.axolotl.idle_air2",
          "haggle": "mob.axolotl.idle_air2",
          "haggle.no": "mob.axolotl.idle_air2",
          "haggle.yes": "mob.axolotl.idle_air2",
          "hurt": "mob.axolotl.idle_air2"
        }
      },
      "seb:glitched_skibidi_toilet": {
        "volume": 1.0,
        "pitch": [
          0.8,
          1.2
        ],
        "events": {
          "ambient": "mob.seb_skibidi_toilet.idle",
          "death": "mob.axolotl.idle_air2",
          "death.to.zombie": "mob.axolotl.idle_air2",
          "haggle": "mob.axolotl.idle_air2",
          "haggle.no": "mob.axolotl.idle_air2",
          "haggle.yes": "mob.axolotl.idle_air2",
          "hurt": "mob.axolotl.idle_air2"
        }
      },
      "seb:very_large_skibidi_toilet": {
        "volume": 1.0,
        "pitch": [
          0.8,
          1.2
        ],
        "events": {
          "ambient": "mob.seb_skibidi_toilet.idle",
          "death": "mob.axolotl.idle_air2",
          "death.to.zombie": "mob.axolotl.idle_air2",
          "haggle": "mob.axolotl.idle_air2",
          "haggle.no": "mob.axolotl.idle_air2",
          "haggle.yes": "mob.axolotl.idle_air2",
          "hurt": "mob.axolotl.idle_air2"
        }
      },
      "seb:police_skibidi_toilet": {
        "volume": 1.0,
        "pitch": [
          0.8,
          1.2
        ],
        "events": {
          "ambient": "mob.seb_skibidi_toilet.idle",
          "death": "mob.axolotl.idle_air2",
          "death.to.zombie": "mob.axolotl.idle_air2",
          "haggle": "mob.axolotl.idle_air2",
          "haggle.no": "mob.axolotl.idle_air2",
          "haggle.yes": "mob.axolotl.idle_air2",
          "hurt": "mob.axolotl.idle_air2"
        }
      },
      "seb:skibidi_toilet": {
        "volume": 1.0,
        "pitch": [
          0.8,
          1.2
        ],
        "events": {
          "ambient": "mob.seb_skibidi_toilet.idle",
          "death": "mob.axolotl.idle_air2",
          "death.to.zombie": "mob.axolotl.idle_air2",
          "haggle": "mob.axolotl.idle_air2",
          "haggle.no": "mob.axolotl.idle_air2",
          "haggle.yes": "mob.axolotl.idle_air2",
          "hurt": "mob.axolotl.idle_air2"
        }
      },
      "seb:large_speakerman_turned": {
        "volume": 1.0,
        "pitch": [
          0.8,
          1.2
        ],
        "events": {
          "ambient": "mob.seb_large_speakerman_turned.idle",
          "death": "mob.seb_large_speakerman_turned.death",
          "death.to.zombie": "mob.seb_large_speakerman_turned.death",
          "haggle": "mob.seb_large_speakerman_turned.haggle",
          "haggle.no": "mob.seb_large_speakerman_turned.no",
          "haggle.yes": "mob.seb_large_speakerman_turned.yes",
          "hurt": "mob.seb_large_speakerman_turned.hit"
        }
      },
      "seb:cameraman_turned": {
        "volume": 1.0,
        "pitch": [
          0.8,
          1.2
        ],
        "events": {
          "ambient": "mob.seb_cameraman_turned.idle",
          "death": "mob.axolotl.idle_air2",
          "death.to.zombie": "mob.axolotl.idle_air2",
          "haggle": "mob.axolotl.idle_air2",
          "haggle.no": "mob.axolotl.idle_air2",
          "haggle.yes": "mob.axolotl.idle_air2",
          "hurt": "mob.axolotl.idle_air2"
        }
      },
      "seb:large_speakerman": {
        "volume": 1.0,
        "pitch": [
          0.8,
          1.2
        ],
        "events": {
          "ambient": "mob.seb_large_speakerman.idle",
          "death": "mob.axolotl.idle_air2",
          "death.to.zombie": "mob.axolotl.idle_air2",
          "haggle": "mob.axolotl.idle_air2",
          "haggle.no": "mob.axolotl.idle_air2",
          "haggle.yes": "mob.axolotl.idle_air2",
          "hurt": "mob.seb_large_speakerman.hit"
        }
      },
      "seb:holy_skibidi_toilet": {
        "volume": 1.0,
        "pitch": [
          0.8,
          1.2
        ],
        "events": {
          "ambient": "mob.seb_holy_skibidi_toilet.idle",
          "death": "mob.axolotl.idle_air2",
          "death.to.zombie": "mob.axolotl.idle_air2",
          "haggle": "mob.axolotl.idle_air2",
          "haggle.no": "mob.axolotl.idle_air2",
          "haggle.yes": "mob.axolotl.idle_air2",
          "hurt": "mob.axolotl.idle_air2"
        }
      },
      "seb:medium_camera_man_turned": {
        "volume": 1.0,
        "pitch": [
          0.8,
          1.2
        ],
        "events": {
          "ambient": "mob.seb_medium_camera_man_turned.idle",
          "death": "mob.seb_medium_camera_man_turned.death",
          "death.to.zombie": "mob.seb_medium_camera_man_turned.death",
          "haggle": "mob.seb_medium_camera_man_turned.haggle",
          "haggle.no": "mob.seb_medium_camera_man_turned.no",
          "haggle.yes": "mob.seb_medium_camera_man_turned.yes",
          "hurt": "mob.seb_medium_camera_man_turned.hit"
        }
      },
      "seb:terrorist_skibidi_toilet": {
        "volume": 1.0,
        "pitch": [
          0.8,
          1.2
        ],
        "events": {
          "ambient": "mob.seb_skibidi_toilet.idle",
          "death": "mob.axolotl.idle_air2",
          "death.to.zombie": "mob.axolotl.idle_air2",
          "haggle": "mob.axolotl.idle_air2",
          "haggle.no": "mob.axolotl.idle_air2",
          "haggle.yes": "mob.axolotl.idle_air2",
          "hurt": "mob.axolotl.idle_air2"
        }
      },
      "seb:skibidi_virus": {
        "volume": 1.0,
        "pitch": [
          0.8,
          1.2
        ],
        "events": {
          "ambient": "mob.seb_skibidi_toilet.idle",
          "death": "mob.axolotl.idle_air2",
          "death.to.zombie": "mob.axolotl.idle_air2",
          "haggle": "mob.axolotl.idle_air2",
          "haggle.no": "mob.axolotl.idle_air2",
          "haggle.yes": "mob.axolotl.idle_air2",
          "hurt": "mob.axolotl.idle_air2"
        }
      },
      "seb:dj_skibidi_toilet": {
        "volume": 1.0,
        "pitch": [
          0.8,
          1.2
        ],
        "events": {
          "ambient": "mob.seb_dj_skibidi_toilet.idle",
          "death": "mob.axolotl.idle_air2",
          "death.to.zombie": "mob.axolotl.idle_air2",
          "haggle": "mob.axolotl.idle_air2",
          "haggle.no": "mob.axolotl.idle_air2",
          "haggle.yes": "mob.axolotl.idle_air2",
          "hurt": "mob.axolotl.idle_air2"
        }
      },
      "seb:big_tv_man": {
        "volume": 1.0,
        "pitch": [
          0.8,
          1.2
        ],
        "events": {
          "ambient": "mob.seb_big_tv_man.idle",
          "death": "mob.seb_big_tv_man.death",
          "death.to.zombie": "mob.seb_big_tv_man.death",
          "haggle": "mob.seb_big_tv_man.haggle",
          "haggle.no": "mob.seb_big_tv_man.no",
          "haggle.yes": "mob.seb_big_tv_man.yes",
          "hurt": "mob.seb_big_tv_man.hit"
        }
      },
      "seb:skibidi_man": {
        "volume": 1.0,
        "pitch": [
          0.8,
          1.2
        ],
        "events": {
          "ambient": "mob.seb_skibidi_toilet.idle",
          "death": "mob.axolotl.idle_air2",
          "death.to.zombie": "mob.axolotl.idle_air2",
          "haggle": "mob.axolotl.idle_air2",
          "haggle.no": "mob.axolotl.idle_air2",
          "haggle.yes": "mob.axolotl.idle_air2",
          "hurt": "mob.axolotl.idle_air2"
        }
      },
      "seb:tv_man": {
        "volume": 1.0,
        "pitch": [
          0.8,
          1.2
        ],
        "events": {
          "ambient": "mob.seb_tv_man.idle",
          "death": "mob.seb_tv_man.death",
          "death.to.zombie": "mob.seb_tv_man.death",
          "haggle": "mob.seb_tv_man.haggle",
          "haggle.no": "mob.seb_tv_man.no",
          "haggle.yes": "mob.seb_tv_man.yes",
          "hurt": "mob.seb_tv_man.hit"
        }
      },
      "seb:metal_skibidi_toilet": {
        "volume": 1.0,
        "pitch": [
          0.8,
          1.2
        ],
        "events": {
          "ambient": "mob.seb_skibidi_toilet.idle",
          "death": "mob.axolotl.idle_air2",
          "death.to.zombie": "mob.axolotl.idle_air2",
          "haggle": "mob.axolotl.idle_air2",
          "haggle.no": "mob.axolotl.idle_air2",
          "haggle.yes": "mob.axolotl.idle_air2",
          "hurt": "mob.axolotl.idle_air2"
        }
      },
      "seb:camo_skibidi_toilet": {
        "volume": 1.0,
        "pitch": [
          0.8,
          1.2
        ],
        "events": {
          "ambient": "mob.seb_skibidi_toilet.idle",
          "death": "mob.axolotl.idle_air2",
          "death.to.zombie": "mob.axolotl.idle_air2",
          "haggle": "mob.axolotl.idle_air2",
          "haggle.no": "mob.axolotl.idle_air2",
          "haggle.yes": "mob.axolotl.idle_air2",
          "hurt": "mob.axolotl.idle_air2"
        }
      },
      "seb:mini_skibidi_toilet": {
        "volume": 1.0,
        "pitch": [
          0.8,
          1.2
        ],
        "events": {
          "ambient": "mob.seb_skibidi_toilet.idle",
          "death": "mob.axolotl.idle_air2",
          "death.to.zombie": "mob.axolotl.idle_air2",
          "haggle": "mob.axolotl.idle_air2",
          "haggle.no": "mob.axolotl.idle_air2",
          "haggle.yes": "mob.axolotl.idle_air2",
          "hurt": "mob.axolotl.idle_air2"
        }
      },
      "seb:titan_tv_man": {
        "volume": 1.0,
        "pitch": [
          0.8,
          1.2
        ],
        "events": {
          "ambient": "mob.seb_titan_tv_man.idle",
          "death": "mob.seb_big_tv_man.death",
          "death.to.zombie": "mob.seb_big_tv_man.death",
          "haggle": "mob.seb_big_tv_man.haggle",
          "haggle.no": "mob.seb_big_tv_man.no",
          "haggle.yes": "mob.seb_big_tv_man.yes",
          "hurt": "mob.seb_big_tv_man.hit"
        }
      },
      "seb:triplet_skibidi_toilet": {
        "volume": 1.0,
        "pitch": [
          0.8,
          1.2
        ],
        "events": {
          "ambient": "mob.seb_skibidi_toilet.idle",
          "death": "mob.axolotl.idle_air2",
          "death.to.zombie": "mob.axolotl.idle_air2",
          "haggle": "mob.axolotl.idle_air2",
          "haggle.no": "mob.axolotl.idle_air2",
          "haggle.yes": "mob.axolotl.idle_air2",
          "hurt": "mob.axolotl.idle_air2"
        }
      },
      "seb:big_skibidi_virus": {
        "volume": 1.0,
        "pitch": [
          0.8,
          1.2
        ],
        "events": {
          "ambient": "mob.seb_skibidi_toilet.idle",
          "death": "mob.axolotl.idle_air2",
          "death.to.zombie": "mob.axolotl.idle_air2",
          "haggle": "mob.axolotl.idle_air2",
          "haggle.no": "mob.axolotl.idle_air2",
          "haggle.yes": "mob.axolotl.idle_air2",
          "hurt": "mob.axolotl.idle_air2"
        }
      },
      "seb:multihead_skibidi_toilet": {
        "volume": 1.0,
        "pitch": [
          0.8,
          1.2
        ],
        "events": {
          "ambient": "mob.seb_multihead_skibidi_toilet.say",
          "hurt": "mob.seb_multihead_skibidi_toilet.hurt",
          "death": "mob.seb_multihead_skibidi_toilet.hurt",
          "step": {
            "sound": "mob.cow.step",
            "volume": 0.15,
            "pitch": 1.0
          }
        }
      },
      "seb:civilian": {
        "volume": 1.0,
        "pitch": [
          0.8,
          1.2
        ],
        "events": {
          "ambient": "mob.villager.idle",
          "death": "mob.axolotl.idle_air2",
          "death.to.zombie": "mob.axolotl.idle_air2",
          "haggle": "mob.axolotl.idle_air2",
          "haggle.no": "mob.axolotl.idle_air2",
          "haggle.yes": "mob.axolotl.idle_air2",
          "hurt": "mob.axolotl.idle_air2"
        }
      },
      "seb:grandpa_skibidi_toilet": {
        "volume": 1.0,
        "pitch": [
          0.8,
          1.2
        ],
        "events": {
          "ambient": "mob.seb_skibidi_toilet.idle",
          "death": "mob.axolotl.idle_air2",
          "death.to.zombie": "mob.axolotl.idle_air2",
          "haggle": "mob.axolotl.idle_air2",
          "haggle.no": "mob.axolotl.idle_air2",
          "haggle.yes": "mob.axolotl.idle_air2",
          "hurt": "mob.axolotl.idle_air2"
        }
      },
      "seb:medium_police_skibidi_toilet": {
        "volume": 1.0,
        "pitch": [
          0.8,
          1.2
        ],
        "events": {
          "ambient": "mob.seb_skibidi_toilet.idle",
          "death": "mob.axolotl.idle_air2",
          "death.to.zombie": "mob.axolotl.idle_air2",
          "haggle": "mob.axolotl.idle_air2",
          "haggle.no": "mob.axolotl.idle_air2",
          "haggle.yes": "mob.axolotl.idle_air2",
          "hurt": "mob.axolotl.idle_air2"
        }
      },
      "seb:professor_skibidi_toilet": {
        "volume": 1.0,
        "pitch": [
          0.8,
          1.2
        ],
        "events": {
          "ambient": "mob.seb_skibidi_toilet.idle",
          "death": "mob.axolotl.idle_air2",
          "death.to.zombie": "mob.axolotl.idle_air2",
          "haggle": "mob.axolotl.idle_air2",
          "haggle.no": "mob.axolotl.idle_air2",
          "haggle.yes": "mob.axolotl.idle_air2",
          "hurt": "mob.axolotl.idle_air2"
        }
      },
      "seb:bathtub_skibidi_toilet": {
        "volume": 1.0,
        "pitch": [
          0.8,
          1.2
        ],
        "events": {
          "ambient": "mob.seb_skibidi_toilet.idle",
          "death": "mob.axolotl.idle_air2",
          "death.to.zombie": "mob.axolotl.idle_air2",
          "haggle": "mob.axolotl.idle_air2",
          "haggle.no": "mob.axolotl.idle_air2",
          "haggle.yes": "mob.axolotl.idle_air2",
          "hurt": "mob.axolotl.idle_air2"
        }
      },
      "seb:flying_column": {
        "volume": 1.0,
        "pitch": [
          0.8,
          1.2
        ],
        "events": {
          "ambient": "mob.seb_large_speakerman.idle",
          "death": "mob.axolotl.idle_air2",
          "death.to.zombie": "mob.axolotl.idle_air2",
          "haggle": "mob.axolotl.idle_air2",
          "haggle.no": "mob.axolotl.idle_air2",
          "haggle.yes": "mob.axolotl.idle_air2",
          "hurt": "mob.seb_large_speakerman.hit"
        }
      },
      "seb:launcher_skibidi_toilet": {
        "volume": 1.0,
        "pitch": [
          0.8,
          1.2
        ],
        "events": {
          "ambient": "mob.seb_skibidi_toilet.idle",
          "death": "mob.axolotl.idle_air2",
          "death.to.zombie": "mob.axolotl.idle_air2",
          "haggle": "mob.axolotl.idle_air2",
          "haggle.no": "mob.axolotl.idle_air2",
          "haggle.yes": "mob.axolotl.idle_air2",
          "hurt": "mob.axolotl.idle_air2"
        }
      },
      "seb:upgraded_titan_tv_man": {
        "volume": 1.0,
        "pitch": [
          0.8,
          1.2
        ],
        "events": {
          "ambient": "mob.seb_titan_tv_man.idle",
          "death": "mob.seb_big_tv_man.death",
          "death.to.zombie": "mob.seb_big_tv_man.death",
          "haggle": "mob.seb_big_tv_man.haggle",
          "haggle.no": "mob.seb_big_tv_man.no",
          "haggle.yes": "mob.seb_big_tv_man.yes",
          "hurt": "mob.seb_big_tv_man.hit"
        }
      },
      "seb:skibi_vac": {
        "volume": 1.0,
        "pitch": [
          0.8,
          1.2
        ],
        "events": {
          "ambient": "mob.seb_skibidi_toilet.idle",
          "death": "mob.axolotl.idle_air2",
          "death.to.zombie": "mob.axolotl.idle_air2",
          "haggle": "mob.axolotl.idle_air2",
          "haggle.no": "mob.axolotl.idle_air2",
          "haggle.yes": "mob.axolotl.idle_air2",
          "hurt": "mob.axolotl.idle_air2"
        }
      },
      "seb:vl_glasses_skibidi_toilet": {
        "volume": 1.0,
        "pitch": [
          0.8,
          1.2
        ],
        "events": {
          "ambient": "mob.seb_skibidi_toilet.idle",
          "death": "mob.axolotl.idle_air2",
          "death.to.zombie": "mob.axolotl.idle_air2",
          "haggle": "mob.axolotl.idle_air2",
          "haggle.no": "mob.axolotl.idle_air2",
          "haggle.yes": "mob.axolotl.idle_air2",
          "hurt": "mob.axolotl.idle_air2"
        }
      },
      "seb:glasses_skibidi_toilet": {
        "volume": 1.0,
        "pitch": [
          0.8,
          1.2
        ],
        "events": {
          "ambient": "mob.seb_skibidi_toilet.idle",
          "death": "mob.axolotl.idle_air2",
          "death.to.zombie": "mob.axolotl.idle_air2",
          "haggle": "mob.axolotl.idle_air2",
          "haggle.no": "mob.axolotl.idle_air2",
          "haggle.yes": "mob.axolotl.idle_air2",
          "hurt": "mob.axolotl.idle_air2"
        }
      },
      "seb:jetpack_skibidi": {
        "volume": 1.0,
        "pitch": [
          0.8,
          1.2
        ],
        "events": {
          "ambient": "mob.seb_skibidi_toilet.idle",
          "death": "mob.axolotl.idle_air2",
          "death.to.zombie": "mob.axolotl.idle_air2",
          "haggle": "mob.axolotl.idle_air2",
          "haggle.no": "mob.axolotl.idle_air2",
          "haggle.yes": "mob.axolotl.idle_air2",
          "hurt": "mob.axolotl.idle_air2"
        }
      },
      "seb:gman_skibidi_toilet": {
        "volume": 1.0,
        "pitch": [
          0.8,
          1.2
        ],
        "events": {
          "ambient": "mob.seb_gman_skibidi_toilet.say",
          "hurt": "mob.seb_gman_skibidi_toilet.hurt",
          "death": "mob.seb_gman_skibidi_toilet.death",
          "step": "mob.seb_gman_skibidi_toilet.step"
        }
      },
      "seb:md_glasses_skibidi": {
        "volume": 1.0,
        "pitch": [
          0.8,
          1.2
        ],
        "events": {
          "ambient": "mob.seb_skibidi_toilet.idle",
          "death": "mob.axolotl.idle_air2",
          "death.to.zombie": "mob.axolotl.idle_air2",
          "haggle": "mob.axolotl.idle_air2",
          "haggle.no": "mob.axolotl.idle_air2",
          "haggle.yes": "mob.axolotl.idle_air2",
          "hurt": "mob.axolotl.idle_air2"
        }
      },
      "seb:lg_glasses_skibidi_toilet": {
        "volume": 1.0,
        "pitch": [
          0.8,
          1.2
        ],
        "events": {
          "ambient": "mob.seb_skibidi_toilet.idle",
          "death": "mob.axolotl.idle_air2",
          "death.to.zombie": "mob.axolotl.idle_air2",
          "haggle": "mob.axolotl.idle_air2",
          "haggle.no": "mob.axolotl.idle_air2",
          "haggle.yes": "mob.axolotl.idle_air2",
          "hurt": "mob.axolotl.idle_air2"
        }
      },
      "seb:mafia_skibidi": {
        "volume": 1.0,
        "pitch": [
          0.8,
          1.2
        ],
        "events": {
          "ambient": "mob.seb_skibidi_toilet.idle",
          "death": "mob.axolotl.idle_air2",
          "death.to.zombie": "mob.axolotl.idle_air2",
          "haggle": "mob.axolotl.idle_air2",
          "haggle.no": "mob.axolotl.idle_air2",
          "haggle.yes": "mob.axolotl.idle_air2",
          "hurt": "mob.axolotl.idle_air2"
        }
      },
      "seb:soldier_toilet": {
        "volume": 1.0,
        "pitch": [
          0.8,
          1.2
        ],
        "events": {
          "ambient": "mob.seb_skibidi_toilet.idle",
          "death": "mob.axolotl.idle_air2",
          "death.to.zombie": "mob.axolotl.idle_air2",
          "haggle": "mob.axolotl.idle_air2",
          "haggle.no": "mob.axolotl.idle_air2",
          "haggle.yes": "mob.axolotl.idle_air2",
          "hurt": "mob.axolotl.idle_air2"
        }
      },
      "seb:heli_toilet": {
        "volume": 1.0,
        "pitch": [
          0.8,
          1.2
        ],
        "events": {
          "ambient": "mob.seb_skibidi_toilet.idle",
          "death": "mob.axolotl.idle_air2",
          "death.to.zombie": "mob.axolotl.idle_air2",
          "haggle": "mob.axolotl.idle_air2",
          "haggle.no": "mob.axolotl.idle_air2",
          "haggle.yes": "mob.axolotl.idle_air2",
          "hurt": "mob.axolotl.idle_air2"
        }
      },
      "seb:long_skibidi": {
        "volume": 1.0,
        "pitch": [
          0.8,
          1.2
        ],
        "events": {
          "ambient": "mob.seb_multihead_skibidi_toilet.say",
          "hurt": "mob.seb_multihead_skibidi_toilet.hurt",
          "death": "mob.seb_multihead_skibidi_toilet.hurt",
          "step": {
            "sound": "mob.cow.step",
            "volume": 0.15,
            "pitch": 1.0
          }
        }
      },
      "seb:heli_skibidi_virus": {
        "volume": 1.0,
        "pitch": [
          0.8,
          1.2
        ],
        "events": {
          "ambient": "mob.seb_skibidi_toilet.idle",
          "death": "mob.axolotl.idle_air2",
          "death.to.zombie": "mob.axolotl.idle_air2",
          "haggle": "mob.axolotl.idle_air2",
          "haggle.no": "mob.axolotl.idle_air2",
          "haggle.yes": "mob.axolotl.idle_air2",
          "hurt": "mob.axolotl.idle_air2"
        }
      },
      "seb:upgraded_gman": {
        "volume": 1.0,
        "pitch": [
          0.8,
          1.2
        ],
        "events": {
          "ambient": "mob.seb_gman_skibidi_toilet.say",
          "hurt": "mob.seb_gman_skibidi_toilet.hurt",
          "death": "mob.seb_gman_skibidi_toilet.death",
          "step": "mob.seb_gman_skibidi_toilet.step"
        }
      },
      "seb:sw_heli_toilet": {
        "volume": 1.0,
        "pitch": [
          0.8,
          1.2
        ],
        "events": {
          "ambient": "mob.seb_skibidi_toilet.idle",
          "death": "mob.axolotl.idle_air2",
          "death.to.zombie": "mob.axolotl.idle_air2",
          "haggle": "mob.axolotl.idle_air2",
          "haggle.no": "mob.axolotl.idle_air2",
          "haggle.yes": "mob.axolotl.idle_air2",
          "hurt": "mob.axolotl.idle_air2"
        }
      },
      "seb:skibidi_strider": {
        "volume": 1.0,
        "pitch": [
          0.8,
          1.2
        ],
        "events": {
          "ambient": "mob.seb_multihead_skibidi_toilet.say",
          "hurt": "mob.seb_multihead_skibidi_toilet.hurt",
          "death": "mob.seb_multihead_skibidi_toilet.hurt",
          "step": {
            "sound": "mob.cow.step",
            "volume": 0.15,
            "pitch": 1.0
          }
        }
      },
      "seb:buzz_skibidi": {
        "volume": 1.0,
        "pitch": [
          0.8,
          1.2
        ],
        "events": {
          "ambient": "mob.seb_skibidi_toilet.idle",
          "death": "mob.axolotl.idle_air2",
          "death.to.zombie": "mob.axolotl.idle_air2",
          "haggle": "mob.axolotl.idle_air2",
          "haggle.no": "mob.axolotl.idle_air2",
          "haggle.yes": "mob.axolotl.idle_air2",
          "hurt": "mob.axolotl.idle_air2"
        }
      },
      "seb:rocket_skibidi_toilet": {
        "volume": 1.0,
        "pitch": [
          0.8,
          1.2
        ],
        "events": {
          "ambient": "mob.seb_rocket_skibidi_toilet.idle",
          "death": "mob.axolotl.idle_air2",
          "death.to.zombie": "mob.axolotl.idle_air2",
          "haggle": "mob.axolotl.idle_air2",
          "haggle.no": "mob.axolotl.idle_air2",
          "haggle.yes": "mob.axolotl.idle_air2",
          "hurt": "mob.axolotl.idle_air2"
        }
      },
      "seb:skibidi_titan": {
        "volume": 1.0,
        "pitch": [
          0.8,
          1.2
        ],
        "events": {
          "ambient": "mob.seb_skibidi_toilet.idle",
          "death": "mob.axolotl.idle_air2",
          "death.to.zombie": "mob.axolotl.idle_air2",
          "haggle": "mob.axolotl.idle_air2",
          "haggle.no": "mob.axolotl.idle_air2",
          "haggle.yes": "mob.axolotl.idle_air2",
          "hurt": "mob.axolotl.idle_air2"
        }
      },
      "seb:flame_toilet": {
        "volume": 1.0,
        "pitch": [
          0.8,
          1.2
        ],
        "events": {
          "ambient": "mob.seb_skibidi_toilet.idle",
          "death": "mob.axolotl.idle_air2",
          "death.to.zombie": "mob.axolotl.idle_air2",
          "haggle": "mob.axolotl.idle_air2",
          "haggle.no": "mob.axolotl.idle_air2",
          "haggle.yes": "mob.axolotl.idle_air2",
          "hurt": "mob.axolotl.idle_air2"
        }
      },
      "seb:tv_woman": {
        "volume": 1.0,
        "pitch": [
          0.8,
          1.2
        ],
        "events": {
          "ambient": "mob.seb_tv_man.idle",
          "death": "mob.seb_tv_man.death",
          "death.to.zombie": "mob.seb_tv_man.death",
          "haggle": "mob.seb_tv_man.haggle",
          "haggle.no": "mob.seb_tv_man.no",
          "haggle.yes": "mob.seb_tv_man.yes",
          "hurt": "mob.seb_tv_man.hit"
        }
      },
      "seb:metal_skibidi_toilet_turn": {
        "volume": 1.0,
        "pitch": [
          0.8,
          1.2
        ],
        "events": {
          "ambient": "mob.seb_metal_skibidi_toilet.idle",
          "death": "mob.axolotl.idle_air2",
          "death.to.zombie": "mob.axolotl.idle_air2",
          "haggle": "mob.axolotl.idle_air2",
          "haggle.no": "mob.axolotl.idle_air2",
          "haggle.yes": "mob.axolotl.idle_air2",
          "hurt": "mob.axolotl.idle_air2"
        }
      },
      "seb:upgraded_large_speakerman": {
        "volume": 1.0,
        "pitch": [
          0.8,
          1.2
        ],
        "events": {
          "ambient": "mob.seb_large_speakerman.idle",
          "death": "mob.axolotl.idle_air2",
          "death.to.zombie": "mob.axolotl.idle_air2",
          "haggle": "mob.axolotl.idle_air2",
          "haggle.no": "mob.axolotl.idle_air2",
          "haggle.yes": "mob.axolotl.idle_air2",
          "hurt": "mob.seb_large_speakerman.hit"
        }
      },
      "seb:skibidi_toilet_turn": {
        "volume": 1.0,
        "pitch": [
          0.8,
          1.2
        ],
        "events": {
          "ambient": "mob.seb_skibidi_toilet.idle",
          "death": "mob.axolotl.idle_air2",
          "death.to.zombie": "mob.axolotl.idle_air2",
          "haggle": "mob.axolotl.idle_air2",
          "haggle.no": "mob.axolotl.idle_air2",
          "haggle.yes": "mob.axolotl.idle_air2",
          "hurt": "mob.axolotl.idle_air2"
        }
      },
      "seb:sirenman": {
        "volume": 1.0,
        "pitch": [
          0.8,
          1.2
        ],
        "events": {
          "ambient": "mob.seb_sirenman.idle.idle",
          "death": "mob.axolotl.idle_air2",
          "death.to.zombie": "mob.axolotl.idle_air2",
          "haggle": "mob.axolotl.idle_air2",
          "haggle.no": "mob.axolotl.idle_air2",
          "haggle.yes": "mob.axolotl.idle_air2",
          "hurt": "mob.seb_large_speakerman.hit"
        }
      },
      "seb:upgraded_skibidi_man": {
        "volume": 1.0,
        "pitch": [
          0.8,
          1.2
        ],
        "events": {
          "ambient": "mob.seb_skibidi_toilet.idle",
          "death": "mob.axolotl.idle_air2",
          "death.to.zombie": "mob.axolotl.idle_air2",
          "haggle": "mob.axolotl.idle_air2",
          "haggle.no": "mob.axolotl.idle_air2",
          "haggle.yes": "mob.axolotl.idle_air2",
          "hurt": "mob.axolotl.idle_air2"
        }
      },
      "seb:skibidi_toilet_dead": {
        "volume": 1.0,
        "pitch": [
          0.8,
          1.2
        ],
        "events": {
          "ambient": "mob.seb_skibidi_toilet.idle",
          "death": "mob.axolotl.idle_air2",
          "death.to.zombie": "mob.axolotl.idle_air2",
          "haggle": "mob.axolotl.idle_air2",
          "haggle.no": "mob.axolotl.idle_air2",
          "haggle.yes": "mob.axolotl.idle_air2",
          "hurt": "mob.axolotl.idle_air2"
        }
      },
      "seb:metal_skibidi_toilet_dead": {
        "volume": 1.0,
        "pitch": [
          0.8,
          1.2
        ],
        "events": {
          "ambient": "mob.seb_skibidi_toilet.idle",
          "death": "mob.axolotl.idle_air2",
          "death.to.zombie": "mob.axolotl.idle_air2",
          "haggle": "mob.axolotl.idle_air2",
          "haggle.no": "mob.axolotl.idle_air2",
          "haggle.yes": "mob.axolotl.idle_air2",
          "hurt": "mob.axolotl.idle_air2"
        }
      },
      "seb:med_skibidi_toilet_dead": {
        "volume": 1.0,
        "pitch": [
          0.8,
          1.2
        ],
        "events": {
          "ambient": "mob.seb_skibidi_toilet.idle",
          "death": "mob.axolotl.idle_air2",
          "death.to.zombie": "mob.axolotl.idle_air2",
          "haggle": "mob.axolotl.idle_air2",
          "haggle.no": "mob.axolotl.idle_air2",
          "haggle.yes": "mob.axolotl.idle_air2",
          "hurt": "mob.axolotl.idle_air2"
        }
      },
      "seb:large_skibidi_toilet_dead": {
        "volume": 1.0,
        "pitch": [
          0.8,
          1.2
        ],
        "events": {
          "ambient": "mob.seb_skibidi_toilet.idle",
          "death": "mob.axolotl.idle_air2",
          "death.to.zombie": "mob.axolotl.idle_air2",
          "haggle": "mob.axolotl.idle_air2",
          "haggle.no": "mob.axolotl.idle_air2",
          "haggle.yes": "mob.axolotl.idle_air2",
          "hurt": "mob.axolotl.idle_air2"
        }
      },
      "seb:vlarge_skibidi_toilet_dead": {
        "volume": 1.0,
        "pitch": [
          0.8,
          1.2
        ],
        "events": {
          "ambient": "mob.seb_skibidi_toilet.idle",
          "death": "mob.axolotl.idle_air2",
          "death.to.zombie": "mob.axolotl.idle_air2",
          "haggle": "mob.axolotl.idle_air2",
          "haggle.no": "mob.axolotl.idle_air2",
          "haggle.yes": "mob.axolotl.idle_air2",
          "hurt": "mob.axolotl.idle_air2"
        }
      },
      "seb:holy_skibidi_toilet_dead": {
        "volume": 1.0,
        "pitch": [
          0.8,
          1.2
        ],
        "events": {
          "ambient": "mob.seb_skibidi_toilet.idle",
          "death": "mob.axolotl.idle_air2",
          "death.to.zombie": "mob.axolotl.idle_air2",
          "haggle": "mob.axolotl.idle_air2",
          "haggle.no": "mob.axolotl.idle_air2",
          "haggle.yes": "mob.axolotl.idle_air2",
          "hurt": "mob.axolotl.idle_air2"
        }
      }
    }
  }
}