
{
  "format_version": "1.10.0",
  "minecraft:client_entity": {
    "description": {
      "identifier":"titan:golem_dead",
      "materials": { "default": "spider","charged": "atomic"}, 
      "textures": {
        "default": "textures/entity/tm_golden_speaker"
      },
      "geometry": {
        "default": "geometry.Speaker_golem_titan"
          
      },
      "animations": {
        "dead": "animation.golem.dead"
      },
			"sound_effects": {
				"stomp": "entity.godzilla21.stomp"
			},
      "scripts": {
        "animate": [
          "dead"
        ]
      },
      "render_controllers": [ "controller.render.godzilla21","controller.render.atomic"],
		"spawn_egg": {
        "texture": "godzilla14",
        "texture_index": 0
			}
    }
  }
} 