{
	"format_version": "1.8.0",
	"animations": {
		"animation.ghast_titan.move": {
			"loop": true,
			"bones": {
				"bone2": {
					"rotation": ["Math.cos(query.life_time * 100+(-50)) * -5", 0, 0]
				},
				"bone3": {
					"rotation": ["Math.cos(query.life_time * 100+(-100)) * -5", 0, 0]
				},
				"bone4": {
					"rotation": ["Math.cos(query.life_time * 100+(-150)) * -5", 0, 0]
				},
				"bone5": {
					"rotation": ["Math.cos(query.life_time * 100+(-250)) * -5", 0, 0]
				},
				"bone6": {
					"rotation": ["Math.cos(query.life_time * 100+(-350)) * -5", 0, 0]
				},
				"bone7": {
					"rotation": ["Math.cos(query.life_time * 100+(-350)) * -5", 0, 0]
				},
				"bone8": {
					"rotation": ["Math.cos(query.life_time * 100+(-10)) * -5", 0, 0]
				},
				"bone9": {
					"rotation": ["Math.cos(query.life_time * 100+(-40)) * -5", 0, 0]
				},
				"bone10": {
					"rotation": ["Math.cos(query.life_time * 100+(-70)) * -5", 0, 0]
				},
				"bone11": {
					"rotation": ["Math.cos(query.life_time * 100+(1000)) * -5", 0, 0]
				},
				"bone12": {
					"rotation": ["Math.cos(query.life_time * 100+(2000)) * -5", 0, 0]
				},
				"bone13": {
					"rotation": ["Math.cos(query.life_time * 100+(3000)) * -5", 0, 0]
				},
				"bone14": {
					"rotation": ["Math.cos(query.life_time * 100+(-100)) * -5", 0, 0]
				},
				"bone15": {
					"rotation": ["Math.cos(query.life_time * 100+(-200)) * -5", 0, 0]
				},
				"bone16": {
					"rotation": ["Math.cos(query.life_time * 100+(-300)) * -5", 0, 0]
				},
				"bone17": {
					"rotation": ["Math.cos(query.life_time * 100+(-500)) * -5", 0, 0]
				},
				"bone18": {
					"rotation": ["Math.cos(query.life_time * 100+(-550)) * -5", 0, 0]
				},
				"bone19": {
					"rotation": ["Math.cos(query.life_time * 100+(-600)) * -5", 0, 0]
				},
				"bone20": {
					"rotation": ["Math.cos(query.life_time * 100+(-150)) * -5", 0, 0]
				},
				"bone21": {
					"rotation": ["Math.cos(query.life_time * 100+(-250)) * -5", 0, 0]
				},
				"bone22": {
					"rotation": ["Math.cos(query.life_time * 100+(-350)) * -5", 0, 0]
				},
				"bone23": {
					"rotation": ["Math.cos(query.life_time * 100+(-150)) * -5", 0, 0]
				},
				"bone24": {
					"rotation": ["Math.cos(query.life_time * 100+(-200)) * -5", 0, 0]
				},
				"bone25": {
					"rotation": ["Math.cos(query.life_time * 100+(-350)) * -5", 0, 0]
				},
				"bone26": {
					"rotation": ["Math.cos(query.life_time * 100+(-50)) * -5", 0, 0]
				},
				"bone27": {
					"rotation": ["Math.cos(query.life_time * 100+(-100)) * -5", 0, 0]
				},
				"bone28": {
					"rotation": ["Math.cos(query.life_time * 100+(-150)) * -5", 0, 0]
				}
			}
		},
		"animation.ghast_titan.death": {
			"loop": true,
			"animation_length": 99,
			"bones": {
				"bone": {
					"rotation": {
						"0.0": [0, -10800, 0],
						"99.0": [0, 0, 0]
					}
				}
			}
		}
	}
}