{
  "entity_sounds": {
    "entities": {
      "sb:upgrade_infected_titan_speaker_man": {
        "volume": 1.0,
        "pitch": [
          0.8,
          1.2
        ],
        "events": {
          "ambient": "mob.sb_upgrade_infected_titan_speaker_man.say",
          "hurt": "mob.sb_upgrade_infected_titan_speaker_man.hurt",
          "death": "mob.sb_upgrade_infected_titan_speaker_man.death",
          "step": "mob.sb_upgrade_infected_titan_speaker_man.step"
        }
      },
      "sb:upgrade_camera_manv2": {
        "volume": 1.0,
        "pitch": [
          0.8,
          1.2
        ],
        "events": {
          "ambient": "mob.sb_upgrade_camera_manv2.say",
          "hurt": "mob.sb_upgrade_camera_manv2.hurt",
          "death": "mob.sb_upgrade_camera_manv2.death",
          "step": "mob.sb_upgrade_camera_manv2.step"
        }
      }
    }
  }
}