{
  "format_version": "1.10.0",
  "minecraft:attachable": {
    "description": {
      "identifier": "rai:miwa_sword",
      "materials": {
        "default": "entity_alphatest",
        "enchanted": "entity_alphatest_glint"
      },
      "textures": {
        "default": "textures/entity/jujutsu/miwa_sword",
        "enchanted": "textures/misc/enchanted_item_glint"
      },
      "geometry": {
        "default": "geometry.miwa_sword"
      },
      "animations": {
        "item": "animation.jujutsu.sword",
        "first_set": "animation.player.sword"
      },
      "scripts": {
        "animate": [
          "item",
          {"first_set": "c.is_first_person"}
        ]
      },
      "render_controllers": [ "controller.render.item_default" ]
    }
  }
}
