{
   "format_version": "1.12.0",
   "minecraft:entity": {
      "component_groups": {
         "exp": {
            "minecraft:explode": {
               "breaks_blocks": false,
               "causes_fire": true,
               "destroy_affected_by_griefing": true,
               "fire_affected_by_griefing": true,
               "fuse_length": 0,
               "fuse_lit": true,
               "power": 0
            }
         }
      },
      "components": {
         "minecraft:behavior.knockback_roar": {
            "attack_time": 0.1,
            "cooldown_time": 0,
            "damage_filters": {
               "operator": "!=",
               "subject": "other",
               "test": "is_family",
               "value": "hardware"
            },
            "duration": 2,
            "knockback_damage": 550000,
            "knockback_filters": {
               "operator": "!=",
               "subject": "other",
               "test": "is_family",
               "value": "hardware"
            },
            "knockback_range": 50,
            "knockback_strength": 6,
            "on_roar_end": {
               "event": "exp"
            },
            "priority": 1
         },
         "minecraft:collision_box": {
            "height": 0.1,
            "width": 0.1
         },
         "minecraft:damage_sensor": [
            {
               "cause": "all",
               "deals_damage": false
            }
         ],
         "minecraft:health": {
            "max": 1,
            "min": 1,
            "value": 1
         },
         "minecraft:physics": {
            "has_collision": true,
            "has_gravity": false
         },
         "minecraft:type_family": {
            "family": [
               "summon",
               "57titan"
            ]
         }
      },
      "description": {
         "animations": {
            "pow": "controller.animation.bash"
         },
         "identifier": "stmc:bcmtbash",
         "is_experimental": false,
         "is_spawnable": false,
         "is_summonable": true,
         "scripts": {
            "animate": [
               "pow"
            ]
         }
      },
      "events": {
         "exp": {
            "add": {
               "component_groups": [
                  "exp"
               ]
            }
         }
      }
   }
}