{
    "tiers": [
        {
            "trades": [
                {
                    "wants": [
                        {
                            "item": "yt:yene",
                            "quantity": {
                                "min": 30,
                                "max": 30
                            }
                        },
                        {
                            "item": "yt:ki_ssj",
                            "quantity": {
                                "min": 15,
                                "max": 15
                            }
                        }
                    ],
                    "gives": [
                        {
                            "item": "yt:k"
                        }
                    ]
                },
                {

                    "wants": [
                        {
                            "item": "yt:vt_gm",
                            "quantity": {
                                "min": 1,
                                "max": 1
                            }
                        }
                    ],
                    "gives": [
                        {
                            "item": "yt:gm_surp"
                        }
                    ]
                },
                {
          "wants": [
            {
              "item": "yt:tp2",
              "quantity": {
                "min": 30,
                "max": 30
              }
            }
          ],
          "gives": [
            {
              "item": "yt:hollow",
                  "quantity": 1
                }
              ],
              "max_uses": 99999999,
              "reward_exp": false
            },
        {
          "wants": [
            {
              "item": "yt:tp2",
              "quantity": {
                "min": 15,
                "max": 15
              }
            }
          ],
          "gives": [
            {
              "item": "yt:dna_ura",
                  "quantity": 1
                }
              ],
              "max_uses": 99999999,
              "reward_exp": false
            },
        {
          "wants": [
            {
              "item": "yt:m2",
              "quantity": {
                "min": 25,
                "max": 25
              }
            }
          ],
          "gives": [
            {
              "item": "yt:tanjiro_espada",
                  "quantity": 1
                }
              ],
              "max_uses": 99999999,
              "reward_exp": false
            },
        {
          "wants": [
            {
              "item": "yt:m2",
              "quantity": {
                "min": 25,
                "max": 25
              }
            }
          ],
          "gives": [
            {
              "item": "yt:rei_demonio_espada",
                  "quantity": 1
                }
              ],
              "max_uses": 99999999,
              "reward_exp": false
            },
        {
          "wants": [
            {
              "item": "yt:m2",
              "quantity": {
                "min": 25,
                "max": 25
              }
            }
          ],
          "gives": [
            {
              "item": "yt:meliodas_espada",
                  "quantity": 1
                }
              ],
              "max_uses": 99999999,
              "reward_exp": false
            },
        {
          "wants": [
            {
              "item": "yt:m2",
              "quantity": {
                "min": 25,
                "max": 25
              }
            }
          ],
          "gives": [
            {
              "item": "yt:rita_machado",
                  "quantity": 1
                }
              ],
              "max_uses": 99999999,
              "reward_exp": false
            },
        {
          "wants": [
            {
              "item": "yt:m2",
              "quantity": {
                "min": 25,
                "max": 25
              }
            }
          ],
          "gives": [
            {
              "item": "yt:zangetsu_espada",
                  "quantity": 1
                }
              ],
              "max_uses": 99999999,
              "reward_exp": false
            },
        {
          "wants": [
            {
              "item": "yt:m2",
              "quantity": {
                "min": 25,
                "max": 25
              }
            }
          ],
          "gives": [
            {
              "item": "yt:zangetsu_espada2",
                  "quantity": 1
                }
              ],
              "max_uses": 99999999,
              "reward_exp": false
            },
        {
          "wants": [
            {
              "item": "yt:dinheiro",
              "quantity": {
                "min": 25,
                "max": 25
              }
            }
          ],
          "gives": [
            {
              "item": "yt:rp_goku",
                  "quantity": 1
                }
              ],
              "max_uses": 99999999,
              "reward_exp": false
            },
        {
          "wants": [
            {
              "item": "yt:dinheiro",
              "quantity": {
                "min": 25,
                "max": 25
              }
            }
          ],
          "gives": [
            {
              "item": "yt:rp_naruto",
                  "quantity": 1
                }
              ],
              "max_uses": 99999999,
              "reward_exp": false
            },
        {
          "wants": [
            {
              "item": "yt:dinheiro",
              "quantity": {
                "min": 25,
                "max": 25
              }
            }
          ],
          "gives": [
            {
              "item": "yt:rp_ichigo",
                  "quantity": 1
                }
              ],
              "max_uses": 99999999,
              "reward_exp": false
            },
        {
          "wants": [
            {
              "item": "yt:dinheiro",
              "quantity": {
                "min": 25,
                "max": 25
              }
            }
          ],
          "gives": [
            {
              "item": "yt:rp_meliodas",
                  "quantity": 1
                }
              ],
              "max_uses": 99999999,
              "reward_exp": false
            },
        {
          "wants": [
            {
              "item": "yt:belly",
              "quantity": {
                "min": 5,
                "max": 5
              }
            }
          ],
          "gives": [
            {
              "item": "yt:c_branca",
                  "quantity": 1
                }
              ],
              "max_uses": 99999999,
              "reward_exp": false
            },
     {
          "wants": [
            {
              "item": "yt:belly",
              "quantity": {
                "min": 5,
                "max": 5
              }
            }
          ],
          "gives": [
            {
              "item": "yt:c_kaido",
                  "quantity": 1
                }
              ],
              "max_uses": 99999999,
              "reward_exp": false
            },
     {
          "wants": [
            {
              "item": "yt:belly",
              "quantity": {
                "min": 5,
                "max": 5
              }
            }
          ],
          "gives": [
            {
                  "item": "yt:c_sanji",
                  "quantity": 1
                }
              ],
              "max_uses": 99999999,
              "reward_exp": false

            },
       {
          "wants": [
            {
              "item": "yt:belly",
              "quantity": {
                "min": 5,
                "max": 5
              }
            }
          ],
          "gives": [
            {
                  "item": "yt:c_zoro",
                  "quantity": 1
                }
              ],
              "max_uses": 99999999,
              "reward_exp": false

            },
        {
          "wants": [
            {
              "item": "yt:belly",
              "quantity": 45
            }
          ],
          "gives": [
            {
              "item": "yt:c_law",
              "quantity": 1
            }
          ],
              "max_uses": 99999999,
              "reward_exp": false
        }
           ]
      
    }
  ]
}
