{
    "pools": [
        {
            "conditions": [
                {
                    "condition": "random_chance_with_looting",
                    "chance": 0.25
                }
            ],
            "rolls": 1,
            "entries": [
                {
                    "type": "item",
                    "name": "rai:tenyojubaku",
                    "functions": [
                        {
                            "function": "specific_enchants",
                            "enchants": [
                                {
                                    "id": "binding",
                                    "level": 1
                                }
                            ]
                        }
                    ]
                }
            ]
        },
        {
            "rolls": 1,
            "entries": [
                {
                    "type": "item",
                    "name": "minecraft:gold_ingot",
                    "functions": [
                        {
                            "function": "set_count",
                            "count": {
                                "min": 15,
                                "max": 20
                            }
                        }
                    ]
                }
            ]
        }
    ]
}