{
	"format_version": "1.10.0",
	"animation_controllers": {
    "controller.animation.chara": {
      "states": {
        "default": {
          "transitions": [ { "walk": "(1.0)" } ],
          "on_entry": [ "/function chara" ]
        },
        "walk": {
          "transitions": [ { "default": "(1.0)" } ],
          "on_entry": [ "/function chara" ]
        }
      }
    },
     "controller.animation.chakra2": {
      "states": {
        "default": {
          "transitions": [ { "walk": "query.is_sneaking" } ],
          "on_entry": [ "/scoreboard players add @p chara 0" ]
        },
        "walk": {
          "transitions": [ { "default": "(1.0)" } ],
          "on_entry": [ "" ]
        }
      }
    }
  }
}
