{
	"format_version": "1.10.0",
	"animation_controllers": {
		"controller.animation.health": {
			"states": {
				"default": {
					"transitions": [
						{"0": "!query.is_alive"},
						{"1": "query.health == 1"},
						{"2": "query.health == 2"},
						{"3": "query.health == 3"},
						{"4": "query.health == 4"},
						{"5": "query.health == 5"},
						{"6": "query.health == 6"},
						{"7": "query.health == 7"},
						{"8": "query.health == 8"},
						{"9": "query.health == 9"},
						{"10": "query.health == 10"},
						{"11": "query.health == 11"},
						{"12": "query.health == 12"},
						{"13": "query.health == 13"},
						{"14": "query.health == 14"},
						{"15": "query.health == 15"},
						{"16": "query.health == 16"},
						{"17": "query.health == 17"},
						{"18": "query.health == 18"},
						{"19": "query.health == 19"},
						{"20": "query.health == 20"},
						{"21": "query.health == 21"},
						{"22": "query.health == 22"},
						{"23": "query.health == 23"},
						{"24": "query.health == 24"},
						{"25": "query.health == 25"},
						{"26": "query.health == 26"},
						{"27": "query.health == 27"},
						{"28": "query.health == 28"},
						{"29": "query.health == 29"},
						{"30": "query.health == 30"},
						{"31": "query.health == 31"},
						{"32": "query.health == 32"},
						{"33": "query.health == 33"},
						{"34": "query.health == 34"},
						{"35": "query.health == 35"},
						{"36": "query.health == 36"},
						{"37": "query.health == 37"},
						{"38": "query.health == 38"},
						{"39": "query.health == 39"},
						{"40": "query.health == 40"},
						{"41": "query.health == 41"},
						{"42": "query.health == 42"},
						{"43": "query.health == 43"},
						{"44": "query.health == 44"},
						{"45": "query.health == 45"},
						{"46": "query.health == 46"},
						{"47": "query.health == 47"},
						{"48": "query.health == 48"},
						{"49": "query.health == 49"},
						{"50": "query.health == 50"},
						{"51": "query.health == 51"},
						{"52": "query.health == 52"},
						{"53": "query.health == 53"},
						{"54": "query.health == 54"},
						{"55": "query.health == 55"},
						{"56": "query.health == 56"},
						{"57": "query.health == 57"},
						{"58": "query.health == 58"},
						{"59": "query.health == 59"},
						{"60": "query.health == 60"},
						{"61": "query.health == 61"},
						{"62": "query.health == 62"},
						{"63": "query.health == 63"},
						{"64": "query.health == 64"},
						{"65": "query.health == 65"},
						{"66": "query.health == 66"},
						{"67": "query.health == 67"},
						{"68": "query.health == 68"},
						{"69": "query.health == 69"},
						{"70": "query.health == 70"},
						{"71": "query.health == 71"},
						{"72": "query.health == 72"},
						{"73": "query.health == 73"},
						{"74": "query.health == 74"},
						{"75": "query.health == 75"},
						{"76": "query.health == 76"},
						{"77": "query.health == 77"},
						{"78": "query.health == 78"},
						{"79": "query.health == 79"},
						{"80": "query.health == 80"},
						{"81": "query.health == 81"},
						{"82": "query.health == 82"},
						{"83": "query.health == 83"},
						{"84": "query.health == 84"},
						{"85": "query.health == 85"},
						{"86": "query.health == 86"},
						{"87": "query.health == 87"},
						{"88": "query.health == 88"},
						{"89": "query.health == 89"},
						{"90": "query.health == 90"},
						{"91": "query.health == 91"},
						{"92": "query.health == 92"},
						{"93": "query.health == 93"},
						{"94": "query.health == 94"},
						{"95": "query.health == 95"},
						{"96": "query.health == 96"},
						{"97": "query.health == 97"},
						{"98": "query.health == 98"},
						{"99": "query.health == 99"},
						{"100": "query.health == 100"},
						{"101": "query.health == 101"},
						{"102": "query.health == 102"},
						{"103": "query.health == 103"},
						{"104": "query.health == 104"},
						{"105": "query.health == 105"},
						{"106": "query.health == 106"},
						{"107": "query.health == 107"},
						{"108": "query.health == 108"},
						{"109": "query.health == 109"},
						{"110": "query.health == 110"},
						{"111": "query.health == 111"},
						{"112": "query.health == 112"},
						{"113": "query.health == 113"},
						{"114": "query.health == 114"},
						{"115": "query.health == 115"},
						{"116": "query.health == 116"},
						{"117": "query.health == 117"},
						{"118": "query.health == 118"},
						{"119": "query.health == 119"},
						{"120": "query.health == 120"},
						{"121": "query.health == 121"},
						{"122": "query.health == 122"},
						{"123": "query.health == 123"},
						{"124": "query.health == 124"},
						{"125": "query.health == 125"},
						{"126": "query.health == 126"},
						{"127": "query.health == 127"},
						{"128": "query.health == 128"},
						{"129": "query.health == 129"},
						{"130": "query.health == 130"},
						{"131": "query.health == 131"},
						{"132": "query.health == 132"},
						{"133": "query.health == 133"},
						{"134": "query.health == 134"},
						{"135": "query.health == 135"},
						{"136": "query.health == 136"},
						{"137": "query.health == 137"},
						{"138": "query.health == 138"},
						{"139": "query.health == 139"},
						{"140": "query.health == 140"},
						{"141": "query.health == 141"},
						{"142": "query.health == 142"},
						{"143": "query.health == 143"},
						{"144": "query.health == 144"},
						{"145": "query.health == 145"},
						{"146": "query.health == 146"},
						{"147": "query.health == 147"},
						{"148": "query.health == 148"},
						{"149": "query.health == 149"},
						{"150": "query.health == 150"},
						{"151": "query.health == 151"},
						{"152": "query.health == 152"},
						{"153": "query.health == 153"},
						{"154": "query.health == 154"},
						{"155": "query.health == 155"},
						{"156": "query.health == 156"},
						{"157": "query.health == 157"},
						{"158": "query.health == 158"},
						{"159": "query.health == 159"},
						{"160": "query.health == 160"},
						{"161": "query.health == 161"},
						{"162": "query.health == 162"},
						{"163": "query.health == 163"},
						{"164": "query.health == 164"},
						{"165": "query.health == 165"},
						{"166": "query.health == 166"},
						{"167": "query.health == 167"},
						{"168": "query.health == 168"},
						{"169": "query.health == 169"},
						{"170": "query.health == 170"},
						{"171": "query.health == 171"},
						{"172": "query.health == 172"},
						{"173": "query.health == 173"},
						{"174": "query.health == 174"},
						{"175": "query.health == 175"},
						{"176": "query.health == 176"},
						{"177": "query.health == 177"},
						{"178": "query.health == 178"},
						{"179": "query.health == 179"},
						{"180": "query.health == 180"},
						{"181": "query.health == 181"},
						{"182": "query.health == 182"},
						{"183": "query.health == 183"},
						{"184": "query.health == 184"},
						{"185": "query.health == 185"},
						{"186": "query.health == 186"},
						{"187": "query.health == 187"},
						{"188": "query.health == 188"},
						{"189": "query.health == 189"},
						{"190": "query.health == 190"},
						{"191": "query.health == 191"},
						{"192": "query.health == 192"},
						{"193": "query.health == 193"},
						{"194": "query.health == 194"},
						{"195": "query.health == 195"},
						{"196": "query.health == 196"},
						{"197": "query.health == 197"},
						{"198": "query.health == 198"},
						{"199": "query.health == 199"},
						{"200": "query.health == 200"},
						{"201": "query.health == 201"},
						{"202": "query.health == 202"},
						{"203": "query.health == 203"},
						{"204": "query.health == 204"},
						{"205": "query.health == 205"},
						{"206": "query.health == 206"},
						{"207": "query.health == 207"},
						{"208": "query.health == 208"},
						{"209": "query.health == 209"},
						{"210": "query.health == 210"},
						{"211": "query.health == 211"},
						{"212": "query.health == 212"},
						{"213": "query.health == 213"},
						{"214": "query.health == 214"},
						{"215": "query.health == 215"},
						{"216": "query.health == 216"},
						{"217": "query.health == 217"},
						{"218": "query.health == 218"},
						{"219": "query.health == 219"},
						{"220": "query.health == 220"},
						{"221": "query.health == 221"},
						{"222": "query.health == 222"},
						{"223": "query.health == 223"},
						{"224": "query.health == 224"},
						{"225": "query.health == 225"},
						{"226": "query.health == 226"},
						{"227": "query.health == 227"},
						{"228": "query.health == 228"},
						{"229": "query.health == 229"},
						{"230": "query.health == 230"},
						{"231": "query.health == 231"},
						{"232": "query.health == 231"},
						{"233": "query.health == 233"},
						{"234": "query.health == 234"},
						{"235": "query.health == 235"},
						{"236": "query.health == 236"},
						{"237": "query.health == 237"},
						{"238": "query.health == 238"},
						{"239": "query.health == 239"},
						{"240": "query.health == 240"},
						{"241": "query.health == 241"},
						{"242": "query.health == 242"},
						{"243": "query.health == 243"},
						{"244": "query.health == 244"},
						{"245": "query.health == 245"},
						{"246": "query.health == 246"},
						{"247": "query.health == 247"},
						{"248": "query.health == 248"},
						{"249": "query.health == 249"},
						{"250": "query.health == 250"},
						{"251": "query.health == 251"},
						{"252": "query.health == 252"},
						{"253": "query.health == 253"},
						{"254": "query.health == 254"},
						{"255": "query.health == 255"},
						{"256": "query.health == 256"},
						{"257": "query.health == 257"},
						{"258": "query.health == 258"},
						{"259": "query.health == 259"},
						{"260": "query.health == 260"},
						{"261": "query.health == 261"},
						{"262": "query.health == 262"},
						{"263": "query.health == 263"},
						{"264": "query.health == 264"},
						{"265": "query.health == 265"},
						{"266": "query.health == 266"},
						{"267": "query.health == 267"},
						{"268": "query.health == 268"},
						{"269": "query.health == 269"},
						{"270": "query.health == 270"},
						{"271": "query.health == 271"},
						{"272": "query.health == 272"},
						{"273": "query.health == 273"},
						{"274": "query.health == 274"},
						{"275": "query.health == 275"},
						{"276": "query.health == 276"},
						{"277": "query.health == 277"},
						{"278": "query.health == 278"},
						{"279": "query.health == 279"},
						{"280": "query.health == 280"},
						{"281": "query.health == 281"},
						{"282": "query.health == 282"},
						{"283": "query.health == 283"},
						{"284": "query.health == 284"},
						{"285": "query.health == 285"},
						{"286": "query.health == 286"},
						{"287": "query.health == 287"},
						{"288": "query.health == 288"},
						{"289": "query.health == 289"},
						{"290": "query.health == 290"},
						{"291": "query.health == 291"},
						{"292": "query.health == 292"},
						{"293": "query.health == 293"},
						{"294": "query.health == 294"},
						{"295": "query.health == 295"},
						{"296": "query.health == 296"},
						{"297": "query.health == 297"},
						{"298": "query.health == 298"},
						{"299": "query.health == 299"},
						{"300": "query.health == 300"}
					]
				},
				"0": { "transitions": [ {"default": "query.health != 0"} ], "on_entry": [ "/scoreboard players set @s health 0"] },
				"1": { "transitions": [ {"default": "query.health != 1"} ], "on_entry": [ "/scoreboard players set @s health 1" ] },
				"2": { "transitions": [ {"default": "query.health != 2"} ], "on_entry": [ "/scoreboard players set @s health 2" ] },
				"3": { "transitions": [ {"default": "query.health != 3"} ], "on_entry": [ "/scoreboard players set @s health 3" ] },
				"4": { "transitions": [ {"default": "query.health != 4"} ], "on_entry": [ "/scoreboard players set @s health 4" ] },
				"5": { "transitions": [ {"default": "query.health != 5"} ], "on_entry": [ "/scoreboard players set @s health 5" ] },
				"6": { "transitions": [ {"default": "query.health != 6"} ], "on_entry": [ "/scoreboard players set @s health 6" ] },
				"7": { "transitions": [ {"default": "query.health != 7"} ], "on_entry": [ "/scoreboard players set @s health 7" ] },
				"8": { "transitions": [ {"default": "query.health != 8"} ], "on_entry": [ "/scoreboard players set @s health 8" ] },
				"9": { "transitions": [ {"default": "query.health != 9"} ], "on_entry": [ "/scoreboard players set @s health 9" ] },
				"10": { "transitions": [ {"default": "query.health != 10"} ], "on_entry": [ "/scoreboard players set @s health 10" ] },
				"11": { "transitions": [ {"default": "query.health != 11"} ], "on_entry": [ "/scoreboard players set @s health 11" ] },
				"12": { "transitions": [ {"default": "query.health != 12"} ], "on_entry": [ "/scoreboard players set @s health 12" ] },
				"13": { "transitions": [ {"default": "query.health != 13"} ], "on_entry": [ "/scoreboard players set @s health 13" ] },
				"14": { "transitions": [ {"default": "query.health != 14"} ], "on_entry": [ "/scoreboard players set @s health 14" ] },
				"15": { "transitions": [ {"default": "query.health != 15"} ], "on_entry": [ "/scoreboard players set @s health 15" ] },
				"16": { "transitions": [ {"default": "query.health != 16"} ], "on_entry": [ "/scoreboard players set @s health 16" ] },
				"17": { "transitions": [ {"default": "query.health != 17"} ], "on_entry": [ "/scoreboard players set @s health 17" ] },
				"18": { "transitions": [ {"default": "query.health != 18"} ], "on_entry": [ "/scoreboard players set @s health 18" ] },
				"19": { "transitions": [ {"default": "query.health != 19"} ], "on_entry": [ "/scoreboard players set @s health 19" ] },
				"20": { "transitions": [ {"default": "query.health != 20"} ], "on_entry": [ "/scoreboard players set @s health 20"] },
				"21": { "transitions": [ {"default": "query.health != 21"} ], "on_entry": [ "/scoreboard players set @s health 21" ] },
				"22": { "transitions": [ {"default": "query.health != 22"} ], "on_entry": [ "/scoreboard players set @s health 22" ] },
				"23": { "transitions": [ {"default": "query.health != 23"} ], "on_entry": [ "/scoreboard players set @s health 23" ] },
				"24": { "transitions": [ {"default": "query.health != 24"} ], "on_entry": [ "/scoreboard players set @s health 24" ] },
				"25": { "transitions": [ {"default": "query.health != 25"} ], "on_entry": [ "/scoreboard players set @s health 25" ] },
				"26": { "transitions": [ {"default": "query.health != 26"} ], "on_entry": [ "/scoreboard players set @s health 26" ] },
				"27": { "transitions": [ {"default": "query.health != 27"} ], "on_entry": [ "/scoreboard players set @s health 27" ] },
				"28": { "transitions": [ {"default": "query.health != 28"} ], "on_entry": [ "/scoreboard players set @s health 28" ] },
				"29": { "transitions": [ {"default": "query.health != 29"} ], "on_entry": [ "/scoreboard players set @s health 29" ] },
				"30": { "transitions": [ {"default": "query.health != 30"} ], "on_entry": [ "/scoreboard players set @s health 30" ] },
				"31": { "transitions": [ {"default": "query.health != 31"} ], "on_entry": [ "/scoreboard players set @s health 31" ] },
				"32": { "transitions": [ {"default": "query.health != 32"} ], "on_entry": [ "/scoreboard players set @s health 32" ] },
				"33": { "transitions": [ {"default": "query.health != 33"} ], "on_entry": [ "/scoreboard players set @s health 33" ] },
				"34": { "transitions": [ {"default": "query.health != 34"} ], "on_entry": [ "/scoreboard players set @s health 34" ] },
				"35": { "transitions": [ {"default": "query.health != 35"} ], "on_entry": [ "/scoreboard players set @s health 35" ] },
				"36": { "transitions": [ {"default": "query.health != 36"} ], "on_entry": [ "/scoreboard players set @s health 36" ] },
				"37": { "transitions": [ {"default": "query.health != 37"} ], "on_entry": [ "/scoreboard players set @s health 37" ] },
				"38": { "transitions": [ {"default": "query.health != 38"} ], "on_entry": [ "/scoreboard players set @s health 38" ] },
				"39": { "transitions": [ {"default": "query.health != 39"} ], "on_entry": [ "/scoreboard players set @s health 39" ] },
				"40": { "transitions": [ {"default": "query.health != 40"} ], "on_entry": [ "/scoreboard players set @s health 40" ] },
				"41": { "transitions": [ {"default": "query.health != 41"} ], "on_entry": [ "/scoreboard players set @s health 41" ] },
				"42": { "transitions": [ {"default": "query.health != 42"} ], "on_entry": [ "/scoreboard players set @s health 42" ] },
				"43": { "transitions": [ {"default": "query.health != 43"} ], "on_entry": [ "/scoreboard players set @s health 43" ] },
				"44": { "transitions": [ {"default": "query.health != 44"} ], "on_entry": [ "/scoreboard players set @s health 44" ] },
				"45": { "transitions": [ {"default": "query.health != 45"} ], "on_entry": [ "/scoreboard players set @s health 45" ] },
				"46": { "transitions": [ {"default": "query.health != 46"} ], "on_entry": [ "/scoreboard players set @s health 46" ] },
				"47": { "transitions": [ {"default": "query.health != 47"} ], "on_entry": [ "/scoreboard players set @s health 47" ] },
				"48": { "transitions": [ {"default": "query.health != 48"} ], "on_entry": [ "/scoreboard players set @s health 48" ] },
				"49": { "transitions": [ {"default": "query.health != 49"} ], "on_entry": [ "/scoreboard players set @s health 49" ] },
				"50": { "transitions": [ {"default": "query.health != 50"} ], "on_entry": [ "/scoreboard players set @s health 50" ] },
				"51": { "transitions": [ {"default": "query.health != 51"} ], "on_entry": [ "/scoreboard players set @s health 51" ] },
				"52": { "transitions": [ {"default": "query.health != 52"} ], "on_entry": [ "/scoreboard players set @s health 52" ] },
				"53": { "transitions": [ {"default": "query.health != 53"} ], "on_entry": [ "/scoreboard players set @s health 53" ] },
				"54": { "transitions": [ {"default": "query.health != 54"} ], "on_entry": [ "/scoreboard players set @s health 54" ] },
				"55": { "transitions": [ {"default": "query.health != 55"} ], "on_entry": [ "/scoreboard players set @s health 55" ] },
				"56": { "transitions": [ {"default": "query.health != 56"} ], "on_entry": [ "/scoreboard players set @s health 56" ] },
				"57": { "transitions": [ {"default": "query.health != 57"} ], "on_entry": [ "/scoreboard players set @s health 57" ] },
				"58": { "transitions": [ {"default": "query.health != 58"} ], "on_entry": [ "/scoreboard players set @s health 58" ] },
				"59": { "transitions": [ {"default": "query.health != 59"} ], "on_entry": [ "/scoreboard players set @s health 59" ] },
				"60": { "transitions": [ {"default": "query.health != 60"} ], "on_entry": [ "/scoreboard players set @s health 60" ] },
				"61": { "transitions": [ {"default": "query.health != 61"} ], "on_entry": [ "/scoreboard players set @s health 61" ] },
				"62": { "transitions": [ {"default": "query.health != 62"} ], "on_entry": [ "/scoreboard players set @s health 62" ] },
				"63": { "transitions": [ {"default": "query.health != 63"} ], "on_entry": [ "/scoreboard players set @s health 63" ] },
				"64": { "transitions": [ {"default": "query.health != 64"} ], "on_entry": [ "/scoreboard players set @s health 64" ] },
				"65": { "transitions": [ {"default": "query.health != 65"} ], "on_entry": [ "/scoreboard players set @s health 65" ] },
				"66": { "transitions": [ {"default": "query.health != 66"} ], "on_entry": [ "/scoreboard players set @s health 66" ] },
				"67": { "transitions": [ {"default": "query.health != 67"} ], "on_entry": [ "/scoreboard players set @s health 67" ] },
				"68": { "transitions": [ {"default": "query.health != 68"} ], "on_entry": [ "/scoreboard players set @s health 68" ] },
				"69": { "transitions": [ {"default": "query.health != 69"} ], "on_entry": [ "/scoreboard players set @s health 69" ] },
				"70": { "transitions": [ {"default": "query.health != 70"} ], "on_entry": [ "/scoreboard players set @s health 70" ] },
				"71": { "transitions": [ {"default": "query.health != 71"} ], "on_entry": [ "/scoreboard players set @s health 71" ] },
				"72": { "transitions": [ {"default": "query.health != 72"} ], "on_entry": [ "/scoreboard players set @s health 72" ] },
				"73": { "transitions": [ {"default": "query.health != 73"} ], "on_entry": [ "/scoreboard players set @s health 73" ] },
				"74": { "transitions": [ {"default": "query.health != 74"} ], "on_entry": [ "/scoreboard players set @s health 74" ] },
				"75": { "transitions": [ {"default": "query.health != 75"} ], "on_entry": [ "/scoreboard players set @s health 75" ] },
				"76": { "transitions": [ {"default": "query.health != 76"} ], "on_entry": [ "/scoreboard players set @s health 76" ] },
				"77": { "transitions": [ {"default": "query.health != 77"} ], "on_entry": [ "/scoreboard players set @s health 77" ] },
				"78": { "transitions": [ {"default": "query.health != 78"} ], "on_entry": [ "/scoreboard players set @s health 78" ] },
				"79": { "transitions": [ {"default": "query.health != 79"} ], "on_entry": [ "/scoreboard players set @s health 79" ] },
				"80": { "transitions": [ {"default": "query.health != 80"} ], "on_entry": [ "/scoreboard players set @s health 80" ] },
				"81": { "transitions": [ {"default": "query.health != 81"} ], "on_entry": [ "/scoreboard players set @s health 81" ] },
				"82": { "transitions": [ {"default": "query.health != 82"} ], "on_entry": [ "/scoreboard players set @s health 82" ] },
				"83": { "transitions": [ {"default": "query.health != 83"} ], "on_entry": [ "/scoreboard players set @s health 83" ] },
				"84": { "transitions": [ {"default": "query.health != 84"} ], "on_entry": [ "/scoreboard players set @s health 84" ] },
				"85": { "transitions": [ {"default": "query.health != 85"} ], "on_entry": [ "/scoreboard players set @s health 85" ] },
				"86": { "transitions": [ {"default": "query.health != 86"} ], "on_entry": [ "/scoreboard players set @s health 86" ] },
				"87": { "transitions": [ {"default": "query.health != 87"} ], "on_entry": [ "/scoreboard players set @s health 87" ] },
				"88": { "transitions": [ {"default": "query.health != 88"} ], "on_entry": [ "/scoreboard players set @s health 88" ] },
				"89": { "transitions": [ {"default": "query.health != 89"} ], "on_entry": [ "/scoreboard players set @s health 89" ] },
				"90": { "transitions": [ {"default": "query.health != 90"} ], "on_entry": [ "/scoreboard players set @s health 90" ] },
				"91": { "transitions": [ {"default": "query.health != 91"} ], "on_entry": [ "/scoreboard players set @s health 91" ] },
				"92": { "transitions": [ {"default": "query.health != 92"} ], "on_entry": [ "/scoreboard players set @s health 92" ] },
				"93": { "transitions": [ {"default": "query.health != 93"} ], "on_entry": [ "/scoreboard players set @s health 93" ] },
				"94": { "transitions": [ {"default": "query.health != 94"} ], "on_entry": [ "/scoreboard players set @s health 94" ] },
				"95": { "transitions": [ {"default": "query.health != 95"} ], "on_entry": [ "/scoreboard players set @s health 95" ] },
				"96": { "transitions": [ {"default": "query.health != 96"} ], "on_entry": [ "/scoreboard players set @s health 96" ] },
				"97": { "transitions": [ {"default": "query.health != 97"} ], "on_entry": [ "/scoreboard players set @s health 97" ] },
				"98": { "transitions": [ {"default": "query.health != 98"} ], "on_entry": [ "/scoreboard players set @s health 98" ] },
				"99": { "transitions": [ {"default": "query.health != 99"} ], "on_entry": [ "/scoreboard players set @s health 99" ] },
				"100": { "transitions": [ {"default": "query.health != 100"} ], "on_entry": [ "/scoreboard players set @s health 100" ] },
				"101": { "transitions": [ {"default": "query.health != 101"} ], "on_entry": [ "/scoreboard players set @s health 101" ] },
				"102": { "transitions": [ {"default": "query.health != 102"} ], "on_entry": [ "/scoreboard players set @s health 102" ] },
				"103": { "transitions": [ {"default": "query.health != 103"} ], "on_entry": [ "/scoreboard players set @s health 103" ] },
				"104": { "transitions": [ {"default": "query.health != 104"} ], "on_entry": [ "/scoreboard players set @s health 104" ] },
				"105": { "transitions": [ {"default": "query.health != 105"} ], "on_entry": [ "/scoreboard players set @s health 105" ] },
				"106": { "transitions": [ {"default": "query.health != 106"} ], "on_entry": [ "/scoreboard players set @s health 106" ] },
				"107": { "transitions": [ {"default": "query.health != 107"} ], "on_entry": [ "/scoreboard players set @s health 107" ] },
				"108": { "transitions": [ {"default": "query.health != 108"} ], "on_entry": [ "/scoreboard players set @s health 108" ] },
				"109": { "transitions": [ {"default": "query.health != 109"} ], "on_entry": [ "/scoreboard players set @s health 109" ] },
				"110": { "transitions": [ {"default": "query.health != 110"} ], "on_entry": [ "/scoreboard players set @s health 110" ] },
				"111": { "transitions": [ {"default": "query.health != 111"} ], "on_entry": [ "/scoreboard players set @s health 111" ] },
				"112": { "transitions": [ {"default": "query.health != 112"} ], "on_entry": [ "/scoreboard players set @s health 112" ] },
				"113": { "transitions": [ {"default": "query.health != 113"} ], "on_entry": [ "/scoreboard players set @s health 113" ] },
				"114": { "transitions": [ {"default": "query.health != 114"} ], "on_entry": [ "/scoreboard players set @s health 114" ] },
				"115": { "transitions": [ {"default": "query.health != 115"} ], "on_entry": [ "/scoreboard players set @s health 115" ] },
				"116": { "transitions": [ {"default": "query.health != 116"} ], "on_entry": [ "/scoreboard players set @s health 116" ] },
				"117": { "transitions": [ {"default": "query.health != 117"} ], "on_entry": [ "/scoreboard players set @s health 117" ] },
				"118": { "transitions": [ {"default": "query.health != 118"} ], "on_entry": [ "/scoreboard players set @s health 118" ] },
				"119": { "transitions": [ {"default": "query.health != 119"} ], "on_entry": [ "/scoreboard players set @s health 119" ] },
				"120": { "transitions": [ {"default": "query.health != 120"} ], "on_entry": [ "/scoreboard players set @s health 120" ] },
				"121": { "transitions": [ {"default": "query.health != 121"} ], "on_entry": [ "/scoreboard players set @s health 121" ] },
				"122": { "transitions": [ {"default": "query.health != 122"} ], "on_entry": [ "/scoreboard players set @s health 122" ] },
				"123": { "transitions": [ {"default": "query.health != 123"} ], "on_entry": [ "/scoreboard players set @s health 123" ] },
				"124": { "transitions": [ {"default": "query.health != 124"} ], "on_entry": [ "/scoreboard players set @s health 124" ] },
				"125": { "transitions": [ {"default": "query.health != 125"} ], "on_entry": [ "/scoreboard players set @s health 125" ] },
				"126": { "transitions": [ {"default": "query.health != 126"} ], "on_entry": [ "/scoreboard players set @s health 126" ] },
				"127": { "transitions": [ {"default": "query.health != 127"} ], "on_entry": [ "/scoreboard players set @s health 127" ] },
				"128": { "transitions": [ {"default": "query.health != 128"} ], "on_entry": [ "/scoreboard players set @s health 128" ] },
				"129": { "transitions": [ {"default": "query.health != 129"} ], "on_entry": [ "/scoreboard players set @s health 129" ] },
				"130": { "transitions": [ {"default": "query.health != 130"} ], "on_entry": [ "/scoreboard players set @s health 130" ] },
				"131": { "transitions": [ {"default": "query.health != 131"} ], "on_entry": [ "/scoreboard players set @s health 131" ] },
				"132": { "transitions": [ {"default": "query.health != 132"} ], "on_entry": [ "/scoreboard players set @s health 132" ] },
				"133": { "transitions": [ {"default": "query.health != 133"} ], "on_entry": [ "/scoreboard players set @s health 133" ] },
				"134": { "transitions": [ {"default": "query.health != 134"} ], "on_entry": [ "/scoreboard players set @s health 134" ] },
				"135": { "transitions": [ {"default": "query.health != 135"} ], "on_entry": [ "/scoreboard players set @s health 135" ] },
				"136": { "transitions": [ {"default": "query.health != 136"} ], "on_entry": [ "/scoreboard players set @s health 136" ] },
				"137": { "transitions": [ {"default": "query.health != 137"} ], "on_entry": [ "/scoreboard players set @s health 137" ] },
				"138": { "transitions": [ {"default": "query.health != 138"} ], "on_entry": [ "/scoreboard players set @s health 138" ] },
				"139": { "transitions": [ {"default": "query.health != 139"} ], "on_entry": [ "/scoreboard players set @s health 139" ] },
				"140": { "transitions": [ {"default": "query.health != 140"} ], "on_entry": [ "/scoreboard players set @s health 140" ] },
				"141": { "transitions": [ {"default": "query.health != 141"} ], "on_entry": [ "/scoreboard players set @s health 141" ] },
				"142": { "transitions": [ {"default": "query.health != 142"} ], "on_entry": [ "/scoreboard players set @s health 142" ] },
				"143": { "transitions": [ {"default": "query.health != 143"} ], "on_entry": [ "/scoreboard players set @s health 143" ] },
				"144": { "transitions": [ {"default": "query.health != 144"} ], "on_entry": [ "/scoreboard players set @s health 144" ] },
				"145": { "transitions": [ {"default": "query.health != 145"} ], "on_entry": [ "/scoreboard players set @s health 145" ] },
				"146": { "transitions": [ {"default": "query.health != 146"} ], "on_entry": [ "/scoreboard players set @s health 146" ] },
				"147": { "transitions": [ {"default": "query.health != 147"} ], "on_entry": [ "/scoreboard players set @s health 147" ] },
				"148": { "transitions": [ {"default": "query.health != 148"} ], "on_entry": [ "/scoreboard players set @s health 148" ] },
				"149": { "transitions": [ {"default": "query.health != 149"} ], "on_entry": [ "/scoreboard players set @s health 149" ] },
				"150": { "transitions": [ {"default": "query.health != 150"} ], "on_entry": [ "/scoreboard players set @s health 150" ] },
				"151": { "transitions": [ {"default": "query.health != 151"} ], "on_entry": [ "/scoreboard players set @s health 151" ] },
				"152": { "transitions": [ {"default": "query.health != 152"} ], "on_entry": [ "/scoreboard players set @s health 152" ] },
				"153": { "transitions": [ {"default": "query.health != 153"} ], "on_entry": [ "/scoreboard players set @s health 153" ] },
				"154": { "transitions": [ {"default": "query.health != 154"} ], "on_entry": [ "/scoreboard players set @s health 154" ] },
				"155": { "transitions": [ {"default": "query.health != 155"} ], "on_entry": [ "/scoreboard players set @s health 155" ] },
				"156": { "transitions": [ {"default": "query.health != 156"} ], "on_entry": [ "/scoreboard players set @s health 156" ] },
				"157": { "transitions": [ {"default": "query.health != 157"} ], "on_entry": [ "/scoreboard players set @s health 157" ] },
				"158": { "transitions": [ {"default": "query.health != 158"} ], "on_entry": [ "/scoreboard players set @s health 158" ] },
				"159": { "transitions": [ {"default": "query.health != 159"} ], "on_entry": [ "/scoreboard players set @s health 159" ] },
				"160": { "transitions": [ {"default": "query.health != 160"} ], "on_entry": [ "/scoreboard players set @s health 160" ] },
				"161": { "transitions": [ {"default": "query.health != 161"} ], "on_entry": [ "/scoreboard players set @s health 161" ] },
				"162": { "transitions": [ {"default": "query.health != 162"} ], "on_entry": [ "/scoreboard players set @s health 162" ] },
				"163": { "transitions": [ {"default": "query.health != 163"} ], "on_entry": [ "/scoreboard players set @s health 163" ] },
				"164": { "transitions": [ {"default": "query.health != 164"} ], "on_entry": [ "/scoreboard players set @s health 164" ] },
				"165": { "transitions": [ {"default": "query.health != 165"} ], "on_entry": [ "/scoreboard players set @s health 165" ] },
				"166": { "transitions": [ {"default": "query.health != 166"} ], "on_entry": [ "/scoreboard players set @s health 166" ] },
				"167": { "transitions": [ {"default": "query.health != 167"} ], "on_entry": [ "/scoreboard players set @s health 167" ] },
				"168": { "transitions": [ {"default": "query.health != 168"} ], "on_entry": [ "/scoreboard players set @s health 168" ] },
				"169": { "transitions": [ {"default": "query.health != 169"} ], "on_entry": [ "/scoreboard players set @s health 169" ] },
				"170": { "transitions": [ {"default": "query.health != 170"} ], "on_entry": [ "/scoreboard players set @s health 170" ] },
				"171": { "transitions": [ {"default": "query.health != 171"} ], "on_entry": [ "/scoreboard players set @s health 171" ] },
				"172": { "transitions": [ {"default": "query.health != 172"} ], "on_entry": [ "/scoreboard players set @s health 172" ] },
				"173": { "transitions": [ {"default": "query.health != 173"} ], "on_entry": [ "/scoreboard players set @s health 173" ] },
				"174": { "transitions": [ {"default": "query.health != 174"} ], "on_entry": [ "/scoreboard players set @s health 174" ] },
				"175": { "transitions": [ {"default": "query.health != 175"} ], "on_entry": [ "/scoreboard players set @s health 175" ] },
				"176": { "transitions": [ {"default": "query.health != 176"} ], "on_entry": [ "/scoreboard players set @s health 176" ] },
				"177": { "transitions": [ {"default": "query.health != 177"} ], "on_entry": [ "/scoreboard players set @s health 177" ] },
				"178": { "transitions": [ {"default": "query.health != 178"} ], "on_entry": [ "/scoreboard players set @s health 178" ] },
				"179": { "transitions": [ {"default": "query.health != 179"} ], "on_entry": [ "/scoreboard players set @s health 179" ] },
				"180": { "transitions": [ {"default": "query.health != 180"} ], "on_entry": [ "/scoreboard players set @s health 180" ] },
				"181": { "transitions": [ {"default": "query.health != 181"} ], "on_entry": [ "/scoreboard players set @s health 181" ] },
				"182": { "transitions": [ {"default": "query.health != 182"} ], "on_entry": [ "/scoreboard players set @s health 182" ] },
				"183": { "transitions": [ {"default": "query.health != 183"} ], "on_entry": [ "/scoreboard players set @s health 183" ] },
				"184": { "transitions": [ {"default": "query.health != 184"} ], "on_entry": [ "/scoreboard players set @s health 184" ] },
				"185": { "transitions": [ {"default": "query.health != 185"} ], "on_entry": [ "/scoreboard players set @s health 185" ] },
				"186": { "transitions": [ {"default": "query.health != 186"} ], "on_entry": [ "/scoreboard players set @s health 186" ] },
				"187": { "transitions": [ {"default": "query.health != 187"} ], "on_entry": [ "/scoreboard players set @s health 187" ] },
				"188": { "transitions": [ {"default": "query.health != 188"} ], "on_entry": [ "/scoreboard players set @s health 188" ] },
				"189": { "transitions": [ {"default": "query.health != 189"} ], "on_entry": [ "/scoreboard players set @s health 189" ] },
				"190": { "transitions": [ {"default": "query.health != 190"} ], "on_entry": [ "/scoreboard players set @s health 190" ] },
				"191": { "transitions": [ {"default": "query.health != 191"} ], "on_entry": [ "/scoreboard players set @s health 191" ] },
				"192": { "transitions": [ {"default": "query.health != 192"} ], "on_entry": [ "/scoreboard players set @s health 192" ] },
				"193": { "transitions": [ {"default": "query.health != 193"} ], "on_entry": [ "/scoreboard players set @s health 193" ] },
				"194": { "transitions": [ {"default": "query.health != 194"} ], "on_entry": [ "/scoreboard players set @s health 194" ] },
				"195": { "transitions": [ {"default": "query.health != 195"} ], "on_entry": [ "/scoreboard players set @s health 195" ] },
				"196": { "transitions": [ {"default": "query.health != 196"} ], "on_entry": [ "/scoreboard players set @s health 196" ] },
				"197": { "transitions": [ {"default": "query.health != 197"} ], "on_entry": [ "/scoreboard players set @s health 197" ] },
				"198": { "transitions": [ {"default": "query.health != 198"} ], "on_entry": [ "/scoreboard players set @s health 198" ] },
				"199": { "transitions": [ {"default": "query.health != 199"} ], "on_entry": [ "/scoreboard players set @s health 199" ] },
				"200": { "transitions": [ {"default": "query.health != 200"} ], "on_entry": [ "/scoreboard players set @s health 200" ] },
				"201": { "transitions": [ {"default": "query.health != 201"} ], "on_entry": [ "/scoreboard players set @s health 201" ] },
				"202": { "transitions": [ {"default": "query.health != 202"} ], "on_entry": [ "/scoreboard players set @s health 202" ] },
				"203": { "transitions": [ {"default": "query.health != 203"} ], "on_entry": [ "/scoreboard players set @s health 203" ] },
				"204": { "transitions": [ {"default": "query.health != 204"} ], "on_entry": [ "/scoreboard players set @s health 204" ] },
				"205": { "transitions": [ {"default": "query.health != 2"} ], "on_entry": [ "/scoreboard players set @s health 205" ] },
				"206": { "transitions": [ {"default": "query.health != 206"} ], "on_entry": [ "/scoreboard players set @s health 206" ] },
				"207": { "transitions": [ {"default": "query.health != 207"} ], "on_entry": [ "/scoreboard players set @s health 207" ] },
				"208": { "transitions": [ {"default": "query.health != 208"} ], "on_entry": [ "/scoreboard players set @s health 208" ] },
				"209": { "transitions": [ {"default": "query.health != 209"} ], "on_entry": [ "/scoreboard players set @s health 209" ] },
				"210": { "transitions": [ {"default": "query.health != 210"} ], "on_entry": [ "/scoreboard players set @s health 210" ] },
				"211": { "transitions": [ {"default": "query.health != 211"} ], "on_entry": [ "/scoreboard players set @s health 211" ] },
				"212": { "transitions": [ {"default": "query.health != 212"} ], "on_entry": [ "/scoreboard players set @s health 211" ] },
				"213": { "transitions": [ {"default": "query.health != 213"} ], "on_entry": [ "/scoreboard players set @s health 213" ] },
				"214": { "transitions": [ {"default": "query.health != 214"} ], "on_entry": [ "/scoreboard players set @s health 214" ] },
				"215": { "transitions": [ {"default": "query.health != 215"} ], "on_entry": [ "/scoreboard players set @s health 215" ] },
				"216": { "transitions": [ {"default": "query.health != 216"} ], "on_entry": [ "/scoreboard players set @s health 216" ] },
				"217": { "transitions": [ {"default": "query.health != 217"} ], "on_entry": [ "/scoreboard players set @s health 217" ] },
				"218": { "transitions": [ {"default": "query.health != 218"} ], "on_entry": [ "/scoreboard players set @s health 218" ] },
				"219": { "transitions": [ {"default": "query.health != 219"} ], "on_entry": [ "/scoreboard players set @s health 219" ] },
				"220": { "transitions": [ {"default": "query.health != 220"} ], "on_entry": [ "/scoreboard players set @s health 220" ] },
				"221": { "transitions": [ {"default": "query.health != 221"} ], "on_entry": [ "/scoreboard players set @s health 221" ] },
				"222": { "transitions": [ {"default": "query.health != 222"} ], "on_entry": [ "/scoreboard players set @s health 222" ] },
				"223": { "transitions": [ {"default": "query.health != 223"} ], "on_entry": [ "/scoreboard players set @s health 223" ] },
				"224": { "transitions": [ {"default": "query.health != 224"} ], "on_entry": [ "/scoreboard players set @s health 224" ] },
				"225": { "transitions": [ {"default": "query.health != 225"} ], "on_entry": [ "/scoreboard players set @s health 225" ] },
				"226": { "transitions": [ {"default": "query.health != 226"} ], "on_entry": [ "/scoreboard players set @s health 226" ] },
				"227": { "transitions": [ {"default": "query.health != 227"} ], "on_entry": [ "/scoreboard players set @s health 227" ] },
				"228": { "transitions": [ {"default": "query.health != 228"} ], "on_entry": [ "/scoreboard players set @s health 228" ] },
				"229": { "transitions": [ {"default": "query.health != 229"} ], "on_entry": [ "/scoreboard players set @s health 229" ] },
				"230": { "transitions": [ {"default": "query.health != 230"} ], "on_entry": [ "/scoreboard players set @s health 230" ] },
				"231": { "transitions": [ {"default": "query.health != 231"} ], "on_entry": [ "/scoreboard players set @s health 231" ] },
				"232": { "transitions": [ {"default": "query.health != 232"} ], "on_entry": [ "/scoreboard players set @s health 232" ] },
				"233": { "transitions": [ {"default": "query.health != 233"} ], "on_entry": [ "/scoreboard players set @s health 233" ] },
				"234": { "transitions": [ {"default": "query.health != 234"} ], "on_entry": [ "/scoreboard players set @s health 234" ] },
				"235": { "transitions": [ {"default": "query.health != 235"} ], "on_entry": [ "/scoreboard players set @s health 235" ] },
				"236": { "transitions": [ {"default": "query.health != 236"} ], "on_entry": [ "/scoreboard players set @s health 236" ] },
				"237": { "transitions": [ {"default": "query.health != 237"} ], "on_entry": [ "/scoreboard players set @s health 237" ] },
				"238": { "transitions": [ {"default": "query.health != 238"} ], "on_entry": [ "/scoreboard players set @s health 238" ] },
				"239": { "transitions": [ {"default": "query.health != 239"} ], "on_entry": [ "/scoreboard players set @s health 239" ] },
				"240": { "transitions": [ {"default": "query.health != 240"} ], "on_entry": [ "/scoreboard players set @s health 240" ] },
				"241": { "transitions": [ {"default": "query.health != 241"} ], "on_entry": [ "/scoreboard players set @s health 241" ] },
				"242": { "transitions": [ {"default": "query.health != 242"} ], "on_entry": [ "/scoreboard players set @s health 242" ] },
				"243": { "transitions": [ {"default": "query.health != 243"} ], "on_entry": [ "/scoreboard players set @s health 243" ] },
				"244": { "transitions": [ {"default": "query.health != 244"} ], "on_entry": [ "/scoreboard players set @s health 244" ] },
				"245": { "transitions": [ {"default": "query.health != 245"} ], "on_entry": [ "/scoreboard players set @s health 245" ] },
				"246": { "transitions": [ {"default": "query.health != 246"} ], "on_entry": [ "/scoreboard players set @s health 246" ] },
				"247": { "transitions": [ {"default": "query.health != 247"} ], "on_entry": [ "/scoreboard players set @s health 247" ] },
				"248": { "transitions": [ {"default": "query.health != 248"} ], "on_entry": [ "/scoreboard players set @s health 248" ] },
				"249": { "transitions": [ {"default": "query.health != 249"} ], "on_entry": [ "/scoreboard players set @s health 249" ] },
				"250": { "transitions": [ {"default": "query.health != 250"} ], "on_entry": [ "/scoreboard players set @s health 250" ] },
				"251": { "transitions": [ {"default": "query.health != 251"} ], "on_entry": [ "/scoreboard players set @s health 251" ] },
				"252": { "transitions": [ {"default": "query.health != 252"} ], "on_entry": [ "/scoreboard players set @s health 252" ] },
				"253": { "transitions": [ {"default": "query.health != 253"} ], "on_entry": [ "/scoreboard players set @s health 253" ] },
				"254": { "transitions": [ {"default": "query.health != 254"} ], "on_entry": [ "/scoreboard players set @s health 254" ] },
				"255": { "transitions": [ {"default": "query.health != 255"} ], "on_entry": [ "/scoreboard players set @s health 255" ] },
				"256": { "transitions": [ {"default": "query.health != 256"} ], "on_entry": [ "/scoreboard players set @s health 256" ] },
				"257": { "transitions": [ {"default": "query.health != 257"} ], "on_entry": [ "/scoreboard players set @s health 257" ] },
				"258": { "transitions": [ {"default": "query.health != 258"} ], "on_entry": [ "/scoreboard players set @s health 258" ] },
				"259": { "transitions": [ {"default": "query.health != 259"} ], "on_entry": [ "/scoreboard players set @s health 259" ] },
				"260": { "transitions": [ {"default": "query.health != 260"} ], "on_entry": [ "/scoreboard players set @s health 260" ] },
				"261": { "transitions": [ {"default": "query.health != 261"} ], "on_entry": [ "/scoreboard players set @s health 261" ] },
				"262": { "transitions": [ {"default": "query.health != 262"} ], "on_entry": [ "/scoreboard players set @s health 262" ] },
				"263": { "transitions": [ {"default": "query.health != 263"} ], "on_entry": [ "/scoreboard players set @s health 263" ] },
				"264": { "transitions": [ {"default": "query.health != 264"} ], "on_entry": [ "/scoreboard players set @s health 264" ] },
				"265": { "transitions": [ {"default": "query.health != 265"} ], "on_entry": [ "/scoreboard players set @s health 265" ] },
				"266": { "transitions": [ {"default": "query.health != 266"} ], "on_entry": [ "/scoreboard players set @s health 266" ] },
				"267": { "transitions": [ {"default": "query.health != 267"} ], "on_entry": [ "/scoreboard players set @s health 267" ] },
				"268": { "transitions": [ {"default": "query.health != 268"} ], "on_entry": [ "/scoreboard players set @s health 268" ] },
				"269": { "transitions": [ {"default": "query.health != 269"} ], "on_entry": [ "/scoreboard players set @s health 269" ] },
				"270": { "transitions": [ {"default": "query.health != 270"} ], "on_entry": [ "/scoreboard players set @s health 270" ] },
				"271": { "transitions": [ {"default": "query.health != 271"} ], "on_entry": [ "/scoreboard players set @s health 271" ] },
				"272": { "transitions": [ {"default": "query.health != 272"} ], "on_entry": [ "/scoreboard players set @s health 272" ] },
				"273": { "transitions": [ {"default": "query.health != 273"} ], "on_entry": [ "/scoreboard players set @s health 273" ] },
				"274": { "transitions": [ {"default": "query.health != 274"} ], "on_entry": [ "/scoreboard players set @s health 274" ] },
				"275": { "transitions": [ {"default": "query.health != 275"} ], "on_entry": [ "/scoreboard players set @s health 275" ] },
				"276": { "transitions": [ {"default": "query.health != 276"} ], "on_entry": [ "/scoreboard players set @s health 276" ] },
				"277": { "transitions": [ {"default": "query.health != 277"} ], "on_entry": [ "/scoreboard players set @s health 277" ] },
				"278": { "transitions": [ {"default": "query.health != 278"} ], "on_entry": [ "/scoreboard players set @s health 278" ] },
				"279": { "transitions": [ {"default": "query.health != 279"} ], "on_entry": [ "/scoreboard players set @s health 279" ] },
				"280": { "transitions": [ {"default": "query.health != 280"} ], "on_entry": [ "/scoreboard players set @s health 280" ] },
				"281": { "transitions": [ {"default": "query.health != 281"} ], "on_entry": [ "/scoreboard players set @s health 281" ] },
				"282": { "transitions": [ {"default": "query.health != 282"} ], "on_entry": [ "/scoreboard players set @s health 282" ] },
				"283": { "transitions": [ {"default": "query.health != 283"} ], "on_entry": [ "/scoreboard players set @s health 283" ] },
				"284": { "transitions": [ {"default": "query.health != 284"} ], "on_entry": [ "/scoreboard players set @s health 284" ] },
				"285": { "transitions": [ {"default": "query.health != 285"} ], "on_entry": [ "/scoreboard players set @s health 285" ] },
				"286": { "transitions": [ {"default": "query.health != 286"} ], "on_entry": [ "/scoreboard players set @s health 286" ] },
				"287": { "transitions": [ {"default": "query.health != 287"} ], "on_entry": [ "/scoreboard players set @s health 287" ] },
				"288": { "transitions": [ {"default": "query.health != 288"} ], "on_entry": [ "/scoreboard players set @s health 288" ] },
				"289": { "transitions": [ {"default": "query.health != 289"} ], "on_entry": [ "/scoreboard players set @s health 289" ] },
				"290": { "transitions": [ {"default": "query.health != 290"} ], "on_entry": [ "/scoreboard players set @s health 290" ] },
				"291": { "transitions": [ {"default": "query.health != 291"} ], "on_entry": [ "/scoreboard players set @s health 291" ] },
				"292": { "transitions": [ {"default": "query.health != 292"} ], "on_entry": [ "/scoreboard players set @s health 292" ] },
				"293": { "transitions": [ {"default": "query.health != 293"} ], "on_entry": [ "/scoreboard players set @s health 293" ] },
				"294": { "transitions": [ {"default": "query.health != 294"} ], "on_entry": [ "/scoreboard players set @s health 294" ] },
				"295": { "transitions": [ {"default": "query.health != 295"} ], "on_entry": [ "/scoreboard players set @s health 295" ] },
				"296": { "transitions": [ {"default": "query.health != 296"} ], "on_entry": [ "/scoreboard players set @s health 296" ] },
				"297": { "transitions": [ {"default": "query.health != 297"} ], "on_entry": [ "/scoreboard players set @s health 297" ] },
				"298": { "transitions": [ {"default": "query.health != 298"} ], "on_entry": [ "/scoreboard players set @s health 298" ] },
				"299": { "transitions": [ {"default": "query.health != 299"} ], "on_entry": [ "/scoreboard players set @s health 299" ] },
				"300": { "transitions": [ {"default": "query.health != 300"} ], "on_entry": [ "/scoreboard players set @s health 300" ] }
			}
		}
	}
}
