{
	"format_version": "1.10.0",
	"animation_controllers": {
		"controller.animation.particle": {
			"states": {
				"default": {
					"transitions": [
						{
							"walk": "1"
						}
					],
					"on_entry": [
						"/function comandos",
						"/function skill_logia_mera",
						"/function skill_logia_goro"
					]
				},
				"walk": {
					"transitions": [
						{
							"default": "1"
						}
					],
					"on_entry": [
						"/function particle",
						"/function skill_logia_magu",
						"/function skill_logia_mera"
					]
				}
			}
		},
		"controller.animation.skill2": {
			"states": {
				"default": {
					"transitions": [
						{
							"walk": "query.is_sneaking"
						}
					],
					"on_entry": [
						"/scoreboard players add @p skill 1"
					]
				},
				"walk": {
					"transitions": [
						{
							"default": "1"
						}
					],
					"on_entry": [
						"0"
					]
				}
			}
		}
	}
}














