{
   "format_version": "1.16.100",
   "minecraft:item": {
      "description": {
         "identifier": "dbe:a17_leggings",
         "category": "equipment"
      },
      "components": {
         "minecraft:creative_category": {
            "parent": "itemGroup.name.leggings"
         },
         "minecraft:icon": {
            "texture": "a17_leg"
         },
         "minecraft:display_name": {
            "value": "A-17 Leggings"
         },
         "minecraft:armor": {
            "protection": 4
         },
         "minecraft:wearable": {
            "slot": "slot.armor.legs"
         },
         "minecraft:max_stack_size": 1
      }
   }
}