{
   "format_version": "1.16.100",
   "minecraft:item": {
      "description": {
         "identifier": "dbe:broly_super_chestplate1",
         "category": "equipment"
      },
      "components": {
         "minecraft:creative_category": {
            "parent": "itemGroup.name.chestplate"
         },
         "minecraft:icon": {
            "texture": "broly_super_chestplate1"
         },
         "minecraft:display_name": {
            "value": "Broly super shirt"
         },
         "minecraft:armor": {
            "protection": 3
         },
         "minecraft:wearable": {
            "slot": "slot.armor.chest"
         },
         "minecraft:max_stack_size": 1
      }
   }
}