{
   "format_version": "1.16.100",
   "minecraft:item": {
      "description": {
         "identifier": "dbe:demonclan_leggings",
         "category": "equipment"
      },
      "components": {
         "minecraft:creative_category": {
            "parent": "itemGroup.name.leggings"
         },
         "minecraft:icon": {
            "texture": "demonclan_leg"
         },
         "minecraft:display_name": {
            "value": "Demonclan Leggings"
         },
         "minecraft:armor": {
            "protection": 5
         },
         "minecraft:wearable": {
            "slot": "slot.armor.legs"
         },
         "minecraft:max_stack_size": 1
      }
   }
}