{
   "format_version": "1.16.100",
   "minecraft:item": {
      "description": {
         "identifier": "dbe:sa17_boots",
         "category": "equipment"
      },
      "components": {
         "minecraft:creative_category": {
            "parent": "itemGroup.name.boots"
         },
         "minecraft:icon": {
            "texture": "sa17_boots"
         },
         "minecraft:display_name": {
            "value": "S.A-17 Boots"
         },
         "minecraft:armor": {
            "protection": 4
         },
         "minecraft:wearable": {
            "slot": "slot.armor.feet"
         },
         "minecraft:max_stack_size": 1
      }
   }
}