{
   "format_version": "1.16.100",
   "minecraft:item": {
      "description": {
         "identifier": "dbe:vegeta_dbs_chestplate",
         "category": "equipment"
      },
      "components": {
         "minecraft:creative_category": {
            "parent": "itemGroup.name.chestplate"
         },
         "minecraft:icon": {
            "texture": "vegeta_dbs_chest"
         },
         "minecraft:display_name": {
            "value": "Vegeta DBS Chestplate"
         },
         "minecraft:armor": {
            "protection": 5
         },
         "minecraft:wearable": {
            "slot": "slot.armor.chest"
         },
         "minecraft:max_stack_size": 1
      }
   }
}