{
	"format_version": "1.10.0",
	"animation_controllers": {
	"controller.animation.expire": {
		"initial_state": "default",
		"states": {
		  "default": {
			"transitions": [
			  {
				"expire": "query.is_item_name_any('slot.hotbar', 1, 'ic:grabpack_charged')"
			  }
			]
		  },
		  "expire": {
			"animations": [
			    "expire"
			 ], 
			"transitions": [
			  {
				"default": "query.is_item_name_any('slot.hotbar', 1, 'ic:grabpack_green')"
			  }
			]
		  }
		}
	  } 
	}
}