{
	"format_version": "1.10.0",
	"animation_controllers": {
	  "controller.animation.jumpscare_wuggy_blue": {
		"initial_state": "default",
		"states": {
		  "default": {
			"transitions": [
			  {
				"attack": "variable.attack_time > 0 && !query.is_stunned"
			  },
			{
				"wait": "query.is_interested"
			  },
			  {
				"add": "query.has_rider && !query.is_stunned"
			  }
			]
		  },
		"wait": {
			"transitions": [
			  {
				"default": "!query.is_interested"
			  }, 
			{
				"attack": "variable.attack_time > 0 && !query.is_stunned"
			  }, 
			{
				"add": "query.has_rider && !query.is_stunned"
			  }
			],
			"on_entry": [
				"/playsound mob.wuggy.wiggle @a"
			 ]
		  },
		  "attack": {
			"transitions": [
			  {
				"default": "1.0"
			  }
			],
			"on_entry": [
                "/function jumpscare_wuggy_blue", 
				"/tag @s add wug"
			 ]
		  },
		  "add": {
			"transitions": [
			  {
				"default": "1.0"
			  }
			],
			"on_entry": [
				"/scoreboard objectives add wug dummy",
				"/effect @e[r=2,type=!ic:wuggy_blue] blindness 1 1 true",  
				"/scoreboard players add @e[r=3,type=!ic:wuggy_blue] wug 1",
				"/execute @e[scores={wug=8..1000}] ~ ~ ~event entity @e[type=ic:wuggy_blue,r=5] ic:jumpscare_stop",
				"/execute @e[scores={wug=8..1000}] ~ ~ ~tag @e[type=ic:wuggy_blue,r=5] remove wug",
				"/kill @e[scores={wug=8..1000}]",
				"/scoreboard players set @a[scores={wug=8..1000}] wug 0"
			 ]
		  }
		}
	  }
  }
}