{
  "format_version": "1.19.0",
  "animation_controllers": {
    "controller.animation.pa_v.baby": {
      "initial_state": "baby",
      "states": {
        "baby": {
          "animations": [
            {
              "baby_transform": "query.is_baby"
            }
          ]
        }
      }
    },
    "controller.animation.pa_v.general": {
      "states": {
        "default": {
          "animations": [
            "general",
            {
              "look_at_target": "!query.is_sleeping"
            }
          ]
        }
      }
    },
    "controller.animation.pa_v.move": {
      "states": {
        "default": {
          "animations": [
            {
              "move": "query.modified_move_speed"
            }
          ]
        }
      }
    }
  }
}