{
    "format_version" : "1.8.0",
	"animation_controllers":{
          "controller.animation.d_titan_time": {
            "states": {
                  "default": {
                "on_entry": [
                  "/summon 57:droar_sounder"
                ]}}},
          "controller.animation.woah19": {
            "states": {
                  "default": {
                "on_entry": [
                  "/spreadplayers ~ ~ 0 25 @s"
                ]}}},
                "controller.animation.woah198": {
                  "states": {
                        "default": {
                      "on_entry": [
                        "/tp @s ~ ~40 ~"
                      ]}}},
                            "controller.animation.d2roar": {
                              "states": {
                                    "default": {
                                  "on_entry": [
                                    "/playsound mob.titan.zroar @e [type=minecraft:player]",
                                    "/summon 57:drowned_rain"
                                  ]}}},
          "controller.animation.ravager_titan_summon_lightning": {
            "states": {
                  "default": {
                   "on_entry": [
         "/summon lightning_bolt ^^24^"
                ],
                "transitions": [ 
      { "lightning": "query.mark_variant==35" }
                ]
                  },
               "lightning": {
                   "on_entry": [
         "/summon lightning_bolt ^^24^"
                ],
                "transitions": [ 
      { "default": "query.mark_variant==35" }
                ]
              }
            }}
	}}