{
  "format_version": "1.10.0",
  "animation_controllers": {
      "controller.animation.pa_arco_arcoiris": {
          "states": {
              "default": {
                  "transitions": [{
                      "lightning2": "query.get_equipped_item_name == 'harcadifdgdfgum_bow' && query.is_using_item"
                  }]
              },
              "lightning2": {
                  "transitions": [{
                      "default": "query.get_equipped_item_name == 'harcadisdfgum_bow' && !query.is_using_item"
                  }],
                  "on_entry": [
                      "@s harc",
                      "/playsound random.bow"
                  ]
              }
          }
      },
      "controller.animation.pa_arco_arcoiris2": {
          "states": {
              "default": {
                  "transitions": [{
                      "lightning2": "query.get_equipped_item_name == 'adminsdfgsdfgium_bow' && query.is_using_item"
                  }]
              },
              "lightning2": {
                  "transitions": [{
                      "default": "query.get_equipped_item_name == 'adminium_sdfgsdfbow' && !query.is_using_item"
                  }],
                  "on_entry": [
                      "@s admin",
                      "/playsound random.bow"
                  ]
              }
          }
      },
      "controller.animation.pa_arco_arcoiris3": {
        "states": {
            "default": {
                "transitions": [{
                    "lightning2": "query.get_equipped_item_name == 'void_sdfgsdfbow' && query.is_using_item"
                }]
            },
            "lightning2": {
                "transitions": [{
                    "default": "query.get_equipped_item_name == 'void_bdsfgsdfow' && !query.is_using_item"
                }],
                "on_entry": [
                    "@s voidic",
                    "/playsound random.bow"
                ]
            }
        }
    },
    "controller.animation.harcadium_shield": {
        "states": {
            "default": {
                "transitions": [{
                    "lightning2": "query.get_equipped_item_name('off_hand') == 'harcadium_shield' && query.is_sneaking"
                }]
            },
            "lightning2": {
                "transitions": [{
                    "default": "query.get_equipped_item_name('off_hand') == 'harcadium_shield' && query.is_sneaking"
                }],
                "on_entry": [
                    "/effect @s absorption 1 5 true",
                    "/effect @s fire_resistance 1 5 true",
                    "/effect @s slow_falling 1 5 true"
                ]
            }
        }
    },
    "controller.animation.harcadium_shield2": {
        "states": {
            "default": {
                "transitions": [{
                    "lightning2": "query.get_equipped_item_name('off_hand') == 'harcadium_shield' && query.is_sneaking"
                }]
            },
            "lightning2": {
                "transitions": [{
                    "default": "query.get_equipped_item_name('off_hand') == 'harcadium_shield' && !query.is_sneaking"
                }],
                "on_entry": [
                    "/summon 57:shield_roar ~~~"
                ]
            }
        }
    },
    "controller.animation.admin2": {
        "states": {
            "default": {
                "transitions": [{
                    "lightning2": "query.variant==301 && query.variant!=999"
                }]
            },
            "lightning2": {
                "transitions": [{
                    "default": "query.variant==301 && query.variant!=999"
                }],
                "on_entry": [
                    "/effect @s health_boost 1 50 true",
                    "/effect @s regeneration 1 99 true",
                    "/effect @s speed 1 15 true",
                    "/effect @s jump_boost 1 10 true",
                    "/effect @s resistance 1 5 true",
                    "/effect @s stength 1 5 true"
                ]
            }
        }
    },
    "controller.animation.harc2": {
        "states": {
            "default": {
                "transitions": [{
                    "lightning2": "query.variant==303 && query.variant!=999"
                }]
            },
            "lightning2": {
                "transitions": [{
                    "default": "query.variant==303 && query.variant!=999"
                }],
                "on_entry": [
                    "/effect @s health_boost 1 12 true",
                    "/effect @s regeneration 1 4 true",
                    "/effect @s speed 1 4 true",
                    "/effect @s jump_boost 1 5 true",
                    "/effect @s resistance 1 5 true",
                    "/effect @s stength 1 1 true"
                ]
            }
        }
    },
    "controller.animation.void2": {
        "states": {
            "default": {
                "transitions": [{
                    "lightning2": "query.variant==302 && query.variant!=999"
                }]
            },
            "lightning2": {
                "transitions": [{
                    "default": "query.variant==302 && query.variant!=999"
                }],
                "on_entry": [
                    "/effect @s health_boost 1 30 true",
                    "/effect @s regeneration 1 8 true",
                    "/effect @s speed 1 8 true",
                    "/effect @s jump_boost 1 8 true",
                    "/effect @s resistance 1 5 true",
                    "/effect @s stength 1 4 true"
                ]
            }
        }
    },
    "controller.animation.bronze2": {
        "states": {
            "default": {
                "transitions": [{
                    "lightning2": "query.variant==304 && query.variant!=999"
                }]
            },
            "lightning2": {
                "transitions": [{
                    "default": "query.variant==304 && query.variant!=999"
                }],
                "on_entry": [
                    "/effect @s health_boost 1 5 true",
                    "/effect @s regeneration 1 2 true"
                ]
            }
        }
    }
  }
}