{
  "format_version": "1.10.0",
  "animation_controllers": {
      "controller.animation.walk2": {
          "states": {
              "default": {
                  "transitions": [{
                      "walk": "(1.0)"
                  }],
                  "on_entry": ["/function start"]
              },
              "walk": {
                  "transitions": [{
                      "default": "(1.0)"
                  }],
                  "on_entry": ["/function start"]
              }
          }
      },
      "controller.animation.cmditem2": {
          "states": {
              "default": {
                  "transitions": [{
                      "cmditem": "query.get_equipped_item_name == 'cmd' && query.is_using_item"
                  }],
                  "on_entry": [""]
              },
              "cmditem": {
                  "transitions": [{
                      "default": "query.get_equipped_item_name == 'cmd' && !query.is_using_item"
                  }],
                  "on_entry": ["/function cmditem"]
              }
          }
      }
  }
}