{
	 "format_version": "1.10.0",
 	"animation_controllers": {
    "controller.animation.ste":{
      "states": {
        "default": {
          "transitions": [
            {
              "lightning2":"query.equipped_item_any_tag('slot.armor.head','ste') && query.equipped_item_any_tag('slot.armor.chest','ste') && query.equipped_item_any_tag('slot.armor.legs','ste') && query.equipped_item_any_tag('slot.armor.feet','ste')"
            }
          ]
        },
        "lightning2": {
		       	"transitions": [
			      			{
			       				"default": "query.equipped_item_any_tag('slot.armor.head','ste') && query.equipped_item_any_tag('slot.armor.chest','ste') && query.equipped_item_any_tag('slot.armor.legs','ste') && query.equipped_item_any_tag('slot.armor.feet','ste')"
		      				}
		     			],
          "on_entry": [
            "/effect @s regeneration 1 1 true",
            "/effect @s speed 1 1 true",
            "/effect @s jump_boost 1 1 true",
            "/effect @s resistance 1 1 true"
          ]
        }
      }
    }
  }
}