{
  "format_version": "1.8.0",
  "animation_controllers": {
      "controller.animation.ztitan_shield": {
          "states": {
              "default": {
                  "transitions": [{
                      "woah": "query.health <= 450000"
                  }]
              },
              "woah": {
                  "on_entry": [
                      "@s shield",
                      "/effect @s strength 999999 1 true",
                      "/effect @s resistance 999999 1 true"
                  ]
              }
          }
      },
      "controller.animation.otitan_shield": {
          "states": {
              "default": {
                  "transitions": [{
                      "woah": "query.health <= 47500"
                  }]
              },
              "woah": {
                  "on_entry": [
                      "@s shield",
                      "/effect @s strength 999999 1 true",
                      "/effect @s resistance 999999 1 true"
                  ]
              }
          }
      },
      "controller.animation.stitan_shield": {
          "states": {
              "default": {
                  "transitions": [{
                      "woah": "query.health <= 450000"
                  }]
              },
              "woah": {
                  "on_entry": [
                      "@s shield",
                      "/effect @s strength 999999 1 true",
                      "/effect @s resistance 999999 1 true"
                  ]
              }
          }
      },
      "controller.animation.wstitan_shield": {
          "states": {
              "default": {
                  "transitions": [{
                      "woah": "query.health <= 4000000"
                  }]
              },
              "woah": {
                  "on_entry": [
                      "@s shield",
                      "/effect @s strength 999999 1 true",
                      "/effect @s resistance 999999 1 true"
                  ]
              }
          }
      },
      "controller.animation.btitan_shield": {
          "states": {
              "default": {
                  "transitions": [{
                      "woah": "query.health <= 650000"
                  }]
              },
              "woah": {
                  "on_entry": [
                      "@s shield",
                      "/effect @s strength 999999 1 true",
                      "/effect @s resistance 999999 1 true"
                  ]
              }
          }
      },
      "controller.animation.zptitan_shield": {
          "states": {
              "default": {
                  "transitions": [{
                      "woah": "query.health <= 475000"
                  }]
              },
              "woah": {
                  "on_entry": [
                      "@s shield",
                      "/effect @s strength 999999 1 true",
                      "/effect @s resistance 999999 1 true"
                  ]
              }
          }
      },
      "controller.animation.s2titan_shield": {
          "states": {
              "default": {
                  "transitions": [{
                      "woah": "query.health <= 80000"
                  }]
              },
              "woah": {
                  "on_entry": [
                      "@s shield",
                      "/effect @s strength 999999 1 true",
                      "/effect @s resistance 999999 1 true"
                  ]
              }
          }
      },
      "controller.animation.cs2titan_shield": {
          "states": {
              "default": {
                  "transitions": [{
                      "woah": "query.health <= 65000"
                  }]
              },
              "woah": {
                  "on_entry": [
                      "@s shield",
                      "/effect @s strength 999999 1 true",
                      "/effect @s resistance 999999 1 true"
                  ]
              }
          }
      },
      "controller.animation.wsj_shield": {
        "states": {
            "default": {
                "transitions": [{
                    "woah": "query.health <= 4425000"
                }]
            },
            "woah": {
                "on_entry": [
                    "@s shield",
                    "/effect @s strength 999999 1 true",
                    "/effect @s resistance 999999 1 true"
                ]
            }
        }
    },
    "controller.animation.sj_shield": {
        "states": {
            "default": {
                "transitions": [{
                    "woah": "query.health <= 875000"
                }]
            },
            "woah": {
                "on_entry": [
                    "@s shield",
                    "/effect @s strength 999999 1 true",
                    "/effect @s resistance 999999 1 true"
                ]
            }
        }
    }
  }
}