{
  "format_version": "1.8.0",
  "animation_controllers": {
      "controller.animation.noenderman_yunshi": {
          "states": {
              "default": {
                  "on_entry": [
                      "/tp @s ~ ~60 ~"
                  ]
              }
          }
      },
      "controller.animation.ender_yunshi2": {
          "states": {
              "default": {
                  "on_entry": [
                      "/spreadplayers ~ ~ 0 40 @s",
                      "/tp @s ~ ~50 ~"
                  ]
              }
          }
      },
      "controller.animation.nomengxin_fly": {
          "states": {
              "default": {
                  "on_entry": [
                      "/effect @e[r=6,type=!mengxin:enderman_titan,type=!mengxin:enderman_titan_ex,type=!player,tag=!tag] levitation 1 60 true"
                  ]
              }
          }
      },
      "controller.animation.noender_crystal": {
          "states": {
              "default": {
                  "on_entry": [
                      "/tp @s ~ ~25 ~"
                  ]
              }
          }
      },
      "controller.animation.notag": {
          "states": {
              "default": {
                  "on_entry": [
                      "/tag @s add tag"
                  ]
              }
          }
      },
      "controller.animation.noendermankill": {
          "states": {
              "fly": {
                  "on_entry": [
                      "/gamerule sendcommandfeedback false",
                      "/tag @a[m=1] add baybay",
                      "/gamemode 0 @a[tag=baybay]", "/clean @a",
                      "/kill @a",
                      "/execute @a[tag=baybay] ~ ~ ~ gamemode 1",
                      "/tag @a[tag=baybay] remove baybay"
                  ],
                  "transitions": [{
                      "default": "!query.is_tamed"
                  }]
              },
              "default": {
                  "transitions": [{
                      "fly": "query.is_tamed"
                  }]
              }
          }
      },
      "controller.animation.ender_yunshi_ball": {
          "states": {
              "default": {
                  "on_entry": [
                      "/spreadplayers ~ ~ 0 50 @s"
                  ]
              }
          }
      },
      "controller.animation.nosummon_enderman": {
          "states": {
              "default": {
                  "on_entry": [
                      "/spreadplayers ~ ~ 0 40 @s"
                  ]
              }
          }
      },
      "controller.animation.noenderman_titan_lightning": {
          "states": {
              "default": {
                  "on_entry": [
                      "/spreadplayers ~ ~ 0 40 @s"
                  ]
              }
          }
      },
      "controller.animation.wither_titan_say2": {
        "states": {
            "default": {
                "transitions": [{
                        "say1": "query.mark_variant == 1"
                    },
                    {
                        "say2": "query.mark_variant == 2"
                    },
                    {
                        "say3": "query.mark_variant == 3"
                    },
                    {
                        "say4": "query.mark_variant == 4"
                    },
                    {
                        "say5": "query.mark_variant == 5"
                    },
                    {
                        "say6": "query.mark_variant == 6"
                    },
                    {
                        "say7": "query.mark_variant == 7"
                    },
                    {
                        "say8": "query.mark_variant == 8"
                    },
                    {
                        "say9": "query.mark_variant == 9"
                    },
                    {
                        "say10": "query.mark_variant == 10"
                    },
                    {
                        "say11": "query.mark_variant == 11"
                    },
                    {
                        "say12": "query.mark_variant == 12"
                    },
                    {
                        "say13": "query.mark_variant == 13"
                    },
                    {
                        "say14": "query.mark_variant == 14"
                    }
                ]
            },
            "say1": {
                "on_entry": [
                    "/say I can finally bring balance to this broken world!",
                    "/summon 57:wither_titan_exp"
                ],
                "transitions": [{
                    "default": "query.mark_variant != 1"
                }]
            },
            "say2": {
                "on_entry": [
                    "/say You are so pathetic that I hold back just to let witness what you are letting me do.",
                    "/summon 57:wither_titan_exp"
                ],
                "transitions": [{
                    "default": "query.mark_variant != 2"
                }]
            },
            "say3": {
                "on_entry": [
                    "/say Thank you for your niavness to let me out of that void!",
                    "/summon 57:wither_titan_exp"
                ],
                "transitions": [{
                    "default": "query.mark_variant != 3"
                }]
            },
            "say4": {
                "on_entry": [
                    "/say Why can you not understand something so simple? The answer to life is §ßconqueringfear.",
                    "/summon 57:wither_titan_exp"
                ],
                "transitions": [{
                    "default": "query.mark_variant != 4"
                }]
            },
            "say5": {
                "on_entry": [
                    "/say Why are you so simple as to let me out without reason?",
                    "/summon 57:wither_titan_exp"
                ],
                "transitions": [{
                    "default": "query.mark_variant != 5"
                }]
            },
            "say6": {
                "on_entry": [
                    "/say IT HAS BECOME CLEAR TO ME YOU ARE THE BIGGEST FOOL TO WALK UNDER ME!",
                    "/summon 57:wither_titan_exp"
                ],
                "transitions": [{
                    "default": "query.mark_variant != 6"
                }]
            },
            "say7": {
                "on_entry": [
                    "/say That was so easy I almost feel bad.",
                    "/summon 57:wither_titan_exp"
                ],
                "transitions": [{
                    "default": "query.mark_variant != 7"
                }]
            },
            "say8": {
                "on_entry": [
                    "/say Aren't you ashamed of what you've done?",
                    "/summon 57:wither_titan_exp"
                ],
                "transitions": [{
                    "default": "query.mark_variant != 8"
                }]
            },
            "say9": {
                "on_entry": [
                    "/say What's so complicated about seeing the flaws of your universe?",
                    "/summon 57:wither_titan_exp"
                ],
                "transitions": [{
                    "default": "query.mark_variant != 9"
                }]
            },
            "say10": {
                "on_entry": [
                    "/say Cower before my awakening!",
                    "/summon 57:wither_titan_exp"
                ],
                "transitions": [{
                    "default": "query.mark_variant != 10"
                }]
            },
            "say11": {
                "on_entry": [
                    "/say Tomfoolery led you here!",
                    "/summon 57:wither_titan_exp"
                ],
                "transitions": [{
                    "default": "query.mark_variant != 11"
                }]
            },
            "say12": {
                "on_entry": [
                    "/say See your world crumble as I make a new one!",
                    "/summon 57:wither_titan_exp"
                ],
                "transitions": [{
                    "default": "query.mark_variant != 12"
                }]
            },
            "say13": {
                "on_entry": [
                    "/say It seems a world with only me and my followers is the only stable world.",
                    "/summon 57:wither_titan_exp"
                ],
                "transitions": [{
                    "default": "query.mark_variant != 13"
                }]
            },
            "say14": {
                "on_entry": [
                    "/say Your existence is pitiful!",
                    "/summon 57:wither_titan_exp"
                ],
                "transitions": [{
                    "default": "query.mark_variant != 14"
                }]
            }
        }
    },
      "controller.animation.wither_titan_say": {
          "states": {
              "default": {
                  "transitions": [{
                          "say1": "query.mark_variant == 1"
                      },
                      {
                          "say2": "query.mark_variant == 2"
                      },
                      {
                          "say3": "query.mark_variant == 3"
                      },
                      {
                          "say4": "query.mark_variant == 4"
                      },
                      {
                          "say5": "query.mark_variant == 5"
                      },
                      {
                          "say6": "query.mark_variant == 6"
                      },
                      {
                          "say7": "query.mark_variant == 7"
                      },
                      {
                          "say8": "query.mark_variant == 8"
                      },
                      {
                          "say9": "query.mark_variant == 9"
                      },
                      {
                          "say10": "query.mark_variant == 10"
                      },
                      {
                          "say11": "query.mark_variant == 11"
                      },
                      {
                          "say12": "query.mark_variant == 12"
                      },
                      {
                          "say13": "query.mark_variant == 13"
                      },
                      {
                          "say14": "query.mark_variant == 14"
                      }
                  ]
              },
              "say1": {
                  "on_entry": [
                      "/say build the portal for me!",
                      "/summon 57:wither_titan_exp"
                  ],
                  "transitions": [{
                      "default": "query.mark_variant != 1"
                  }]
              },
              "say2": {
                  "on_entry": [
                      "/say I fight back to make it easier for you to do it.",
                      "/summon 57:wither_titan_exp"
                  ],
                  "transitions": [{
                      "default": "query.mark_variant != 2"
                  }]
              },
              "say3": {
                  "on_entry": [
                      "/say you beat me and can only achieve my goal.",
                      "/summon 57:wither_titan_exp"
                  ],
                  "transitions": [{
                      "default": "query.mark_variant != 3"
                  }]
              },
              "say4": {
                  "on_entry": [
                      "/say in the end, you yourself are the reason for your failure.",
                      "/summon 57:wither_titan_exp"
                  ],
                  "transitions": [{
                      "default": "query.mark_variant != 4"
                  }]
              },
              "say5": {
                  "on_entry": [
                      "/say the universe is flawed, notch. they destroyed the universe, and I will restore it to balance.",
                      "/summon 57:wither_titan_exp"
                  ],
                  "transitions": [{
                      "default": "query.mark_variant != 5"
                  }]
              },
              "say6": {
                  "on_entry": [
                      "/say it hurts for me to stay here!",
                      "/summon 57:wither_titan_exp"
                  ],
                  "transitions": [{
                      "default": "query.mark_variant != 6"
                  }]
              },
              "say7": {
                  "on_entry": [
                      "/say follow my orders.",
                      "/summon 57:wither_titan_exp"
                  ],
                  "transitions": [{
                      "default": "query.mark_variant != 7"
                  }]
              },
              "say8": {
                  "on_entry": [
                      "/say you have to be ashamed of the selfish behavior that brought me to you.",
                      "/summon 57:wither_titan_exp"
                  ],
                  "transitions": [{
                      "default": "query.mark_variant != 8"
                  }]
              },
              "say9": {
                  "on_entry": [
                      "/say you as a fool can never understand the complicated things I do",
                      "/summon 57:wither_titan_exp"
                  ],
                  "transitions": [{
                      "default": "query.mark_variant != 9"
                  }]
              },
              "say10": {
                  "on_entry": [
                      "/say you weaklings will never realize that real life itself is a game and everything is nothingness! and you refuse to understand!",
                      "/summon 57:wither_titan_exp"
                  ],
                  "transitions": [{
                      "default": "query.mark_variant != 10"
                  }]
              },
              "say11": {
                  "on_entry": [
                      "/say the answer to the mystery of life and everything in the universe is 42. The question is, what do you get when you do six by nine?",
                      "/summon 57:wither_titan_exp"
                  ],
                  "transitions": [{
                      "default": "query.mark_variant != 11"
                  }]
              },
              "say12": {
                  "on_entry": [
                      "/say tremble under my awesome power!",
                      "/summon 57:wither_titan_exp"
                  ],
                  "transitions": [{
                      "default": "query.mark_variant != 12"
                  }]
              },
              "say13": {
                  "on_entry": [
                      "/say Remember the worst day of your life and now imagine I replaced all the bad things, then multiply that by 100.",
                      "/summon 57:wither_titan_exp"
                  ],
                  "transitions": [{
                      "default": "query.mark_variant != 13"
                  }]
              },
              "say14": {
                  "on_entry": [
                      "/say please let me out of here.",
                      "/summon 57:wither_titan_exp"
                  ],
                  "transitions": [{
                      "default": "query.mark_variant != 14"
                  }]
              }
          }
      },
      "controller.animation.wither_titan_spawn_say": {
          "states": {
              "default": {
                  "on_entry": [
                      "/tp @s ~ ~50 ~",
                      "/function wither_titan_spawn_say",
                      "/scoreboard objectives add wither_titan_dummy"
                  ]
              }
          }
      },
      "controller.animation.wither_titan_exp": {
          "states": {
              "default": {
                  "on_entry": [
                      "/spreadplayers ~ ~ 0 60 @s",
                      "/kill @a[r=4]"
                  ]
              }
          }
      },
      "controller.animation.wither_turret_ground": {
          "states": {
              "guard": {
                  "on_entry": [
                      "@s dead"
                  ]
              },
              "guard1": {
                  "transitions": [{
                      "guard": "!query.is_riding"
                  }]
              },
              "default": {
                  "transitions": [{
                      "guard1": "query.is_riding"
                  }]
              }
          }
      },
      "controller.animation.wither_turret": {
          "states": {
              "default": {
                  "on_entry": [
                      "/setblock ~~-1~ bedrock"
                  ],
                  "transitions": [{
                      "demove": "query.variant == 1"
                  }]
              },
              "demove": {
                  "on_entry": [
                      "/setblock ~~-1~ glowstone",
                      "/scoreboard players add @e[type=57:wither_titan] wither_titan 1",
                      "/tag @e[scores={wither_titan=30},type=57:wither_titan] add dearmor"
                  ]
              }
          }
      }
  }
}