{
  "format_version": "1.8.0",
  "minecraft:entity": {
    "description": {
      "identifier": "seb:long_skibidi",
      "is_spawnable": true,
      "is_summonable": true,
      "is_experimental": false
    },
    "component_groups": {
      "minecraft:cow_baby": {
        "minecraft:is_baby": {},
        "minecraft:scale": {
          "value": 0.5
        },
        "minecraft:ageable": {
          "duration": 1200,
          "feedItems": "wheat",
          "grow_up": {
            "event": "minecraft:ageable_grow_up",
            "target": "self"
          }
        },
        "minecraft:behavior.follow_parent": {
          "priority": 6,
          "speed_multiplier": 1.1
        }
      },
      "minecraft:cow_adult": {
        "minecraft:behavior.breed": {
          "priority": 3,
          "speed_multiplier": 1
        },
        "minecraft:breedable": {
          "requireTame": false,
          "breedItems": "wheat",
          "breedsWith": {
            "mateType": "minecraft:cow",
            "babyType": "minecraft:cow",
            "breed_event": {
              "event": "minecraft:entity_born",
              "target": "baby"
            }
          }
        },
        "minecraft:interact": [
          {
            "on_interact": {
              "filters": {
                "all_of": [
                  {
                    "test": "is_family",
                    "subject": "other",
                    "value": "player"
                  },
                  {
                    "test": "has_equipment",
                    "domain": "hand",
                    "subject": "other",
                    "value": "bucket:0"
                  }
                ]
              }
            },
            "use_item": true,
            "transform_to_item": "bucket:1",
            "play_sounds": "milk",
            "interact_text": "action.interact.milk"
          }
        ]
      }
    },
    "components": {
      "minecraft:type_family": {
        "family": [
          "skibidi"
        ]
      },
      "minecraft:breathable": {
        "totalSupply": 15,
        "suffocateTime": 0
      },
      "minecraft:navigation.walk": {
        "can_path_over_water": true,
        "avoid_water": true,
        "avoid_damage_blocks": true
      },
      "minecraft:movement.basic": {},
      "minecraft:jump.static": {},
      "minecraft:can_climb": {},
      "minecraft:collision_box": {
        "height": 1.3,
        "width": 0.9
      },
      "minecraft:nameable": {
        "alwaysShow": false,
        "allowNameTagRenaming": false
      },
      "minecraft:health": {
        "value": 190,
        "max": 190
      },
      "minecraft:movement": {
        "value": 0.28
      },
      "minecraft:behavior.float": {
        "priority": 0
      },
      "minecraft:behavior.mount_pathing": {
        "priority": 2,
        "speed_multiplier": 1.5,
        "target_dist": 0,
        "track_target": true
      },
      "minecraft:behavior.breed": {
        "priority": 3,
        "speed_multiplier": 1
      },
      "minecraft:behavior.tempt": {
        "priority": 4,
        "speed_multiplier": 1.25,
        "items": [
          "wheat"
        ]
      },
      "minecraft:behavior.follow_parent": {
        "priority": 5,
        "speed_multiplier": 1.1
      },
      "minecraft:behavior.random_stroll": {
        "priority": 6,
        "speed_multiplier": 0.8
      },
      "minecraft:behavior.look_at_player": {
        "priority": 7,
        "look_distance": 6,
        "probability": 0.02
      },
      "minecraft:behavior.random_look_around": {
        "priority": 9
      },
      "minecraft:leashable": {
        "soft_distance": 4,
        "hard_distance": 6,
        "max_distance": 10
      },
      "minecraft:balloonable": {},
      "minecraft:physics": {},
      "minecraft:experience_reward": {
        "on_death": "query.last_hit_by_player ? 10 : 0"
      },
      "minecraft:underwater_movement": {
        "value": 0.02
      },
      "minecraft:scale": {
        "value": 2
      },
      "minecraft:attack": {
        "damage": 42
      },
      "minecraft:behavior.melee_attack": {
        "priority": 2,
        "speed_multiplier": 1,
        "target_dist": 0,
        "max_dist": 3,
        "random_stop_interval": 100,
        "track_target": false,
        "reach_multiplier": 1.4
      },
      "minecraft:behavior.nearest_attackable_target": {
        "priority": 3,
        "within_radius": 25,
        "must_reach": false,
        "entity_types": [
          {
            "filters": {
              "any_of": [
                {
                  "test": "is_family",
                  "subject": "other",
                  "value": "player"
                },
                {
                  "test": "is_family",
                  "subject": "other",
                  "value": "zombie_villager"
                },
                {
                  "test": "is_family",
                  "subject": "other",
                  "value": "zombie_pigman"
                },
                {
                  "test": "is_family",
                  "subject": "other",
                  "value": "illager"
                },
                {
                  "test": "is_family",
                  "subject": "other",
                  "value": "vex"
                },
                {
                  "test": "is_family",
                  "subject": "other",
                  "value": "SBB"
                },
                {
                  "test": "is_family",
                  "subject": "other",
                  "value": "scientist"
                },
                {
                  "test": "is_family",
                  "subject": "other",
                  "value": "cameraman"
                },
                {
                  "test": "is_family",
                  "subject": "other",
                  "value": "blueland2"
                },
                {
                  "test": "is_family",
                  "subject": "other",
                  "value": "yellowland2"
                },
                {
                  "test": "is_family",
                  "subject": "other",
                  "value": "redland2"
                },
                {
                  "test": "is_family",
                  "subject": "other",
                  "value": "greenland2"
                },
                {
                  "test": "is_family",
                  "subject": "other",
                  "value": "capturable"
                },
                {
                  "test": "is_family",
                  "subject": "other",
                  "value": "blueland1"
                },
                {
                  "test": "is_family",
                  "subject": "other",
                  "value": "redland1"
                },
                {
                  "test": "is_family",
                  "subject": "other",
                  "value": "yellowland1"
                },
                {
                  "test": "is_family",
                  "subject": "other",
                  "value": "greenland1"
                },
                {
                  "test": "is_family",
                  "subject": "other",
                  "value": "nuclear"
                },
                {
                  "test": "is_family",
                  "subject": "other",
                  "value": "yellow"
                },
                {
                  "test": "is_family",
                  "subject": "other",
                  "value": "green"
                },
                {
                  "test": "is_family",
                  "subject": "other",
                  "value": "blue"
                },
                {
                  "test": "is_family",
                  "subject": "other",
                  "value": "unknown"
                },
                {
                  "test": "is_family",
                  "subject": "other",
                  "value": "dude"
                },
                {
                  "test": "is_family",
                  "subject": "other",
                  "value": "machinery"
                },
                {
                  "test": "is_family",
                  "subject": "other",
                  "value": "Entity"
                },
                {
                  "test": "is_family",
                  "subject": "other",
                  "value": "zombie"
                },
                {
                  "test": "is_family",
                  "subject": "other",
                  "value": "red"
                },
                {
                  "test": "is_family",
                  "subject": "other",
                  "value": "Herobrine"
                },
                {
                  "test": "is_family",
                  "subject": "other",
                  "value": "augustolophus"
                },
                {
                  "test": "is_family",
                  "subject": "other",
                  "value": "bracheo"
                },
                {
                  "test": "is_family",
                  "subject": "other",
                  "value": "hadro"
                },
                {
                  "test": "is_family",
                  "subject": "other",
                  "value": "lampeo"
                },
                {
                  "test": "is_family",
                  "subject": "other",
                  "value": "ourano"
                },
                {
                  "test": "is_family",
                  "subject": "other",
                  "value": "stegosaurus"
                },
                {
                  "test": "is_family",
                  "subject": "other",
                  "value": "herbdinosaur"
                },
                {
                  "test": "is_family",
                  "subject": "other",
                  "value": "axolotl"
                },
                {
                  "test": "is_family",
                  "subject": "other",
                  "value": "goat"
                },
                {
                  "test": "is_family",
                  "subject": "other",
                  "value": "hoglin"
                },
                {
                  "test": "is_family",
                  "subject": "other",
                  "value": "hoglin_baby"
                },
                {
                  "test": "is_family",
                  "subject": "other",
                  "value": "adult_piglin"
                },
                {
                  "test": "is_family",
                  "subject": "other",
                  "value": "piglin_brute"
                },
                {
                  "test": "is_family",
                  "subject": "other",
                  "value": "strider"
                },
                {
                  "test": "is_family",
                  "subject": "other",
                  "value": "strider_baby"
                },
                {
                  "test": "is_family",
                  "subject": "other",
                  "value": "furnicraft"
                },
                {
                  "test": "is_family",
                  "subject": "other",
                  "value": "bat"
                },
                {
                  "test": "is_family",
                  "subject": "other",
                  "value": "bee"
                },
                {
                  "test": "is_family",
                  "subject": "other",
                  "value": "arthropod"
                },
                {
                  "test": "is_family",
                  "subject": "other",
                  "value": "pacified"
                },
                {
                  "test": "is_family",
                  "subject": "other",
                  "value": "cat"
                },
                {
                  "test": "is_family",
                  "subject": "other",
                  "value": "fox"
                },
                {
                  "test": "is_family",
                  "subject": "other",
                  "value": "panda"
                },
                {
                  "test": "is_family",
                  "subject": "other",
                  "value": "panda_aggressive"
                },
                {
                  "test": "is_family",
                  "subject": "other",
                  "value": "pillager"
                },
                {
                  "test": "is_family",
                  "subject": "other",
                  "value": "monster"
                },
                {
                  "test": "is_family",
                  "subject": "other",
                  "value": "ravager"
                },
                {
                  "test": "is_family",
                  "subject": "other",
                  "value": "wandering_trader"
                },
                {
                  "test": "is_family",
                  "subject": "other",
                  "value": "wandering_trader_despawning"
                },
                {
                  "test": "is_family",
                  "subject": "other",
                  "value": "blaze"
                },
                {
                  "test": "is_family",
                  "subject": "other",
                  "value": "cachalote"
                },
                {
                  "test": "is_family",
                  "subject": "other",
                  "value": "cavespider"
                },
                {
                  "test": "is_family",
                  "subject": "other",
                  "value": "chicken"
                },
                {
                  "test": "is_family",
                  "subject": "other",
                  "value": "cow"
                },
                {
                  "test": "is_family",
                  "subject": "other",
                  "value": "crab"
                },
                {
                  "test": "is_family",
                  "subject": "other",
                  "value": "creeper"
                },
                {
                  "test": "is_family",
                  "subject": "other",
                  "value": "dolphin"
                },
                {
                  "test": "is_family",
                  "subject": "other",
                  "value": "donkey"
                },
                {
                  "test": "is_family",
                  "subject": "other",
                  "value": "drowned"
                },
                {
                  "test": "is_family",
                  "subject": "other",
                  "value": "undead"
                },
                {
                  "test": "is_family",
                  "subject": "other",
                  "value": "guardian_elder"
                },
                {
                  "test": "is_family",
                  "subject": "other",
                  "value": "dragon"
                },
                {
                  "test": "is_family",
                  "subject": "other",
                  "value": "enderman"
                },
                {
                  "test": "is_family",
                  "subject": "other",
                  "value": "endermite"
                },
                {
                  "test": "is_family",
                  "subject": "other",
                  "value": "evocation_illager"
                },
                {
                  "test": "is_family",
                  "subject": "other",
                  "value": "cod"
                },
                {
                  "test": "is_family",
                  "subject": "other",
                  "value": "fish"
                },
                {
                  "test": "is_family",
                  "subject": "other",
                  "value": "fishleon"
                },
                {
                  "test": "is_family",
                  "subject": "other",
                  "value": "ghast"
                },
                {
                  "test": "is_family",
                  "subject": "other",
                  "value": "guardian"
                },
                {
                  "test": "is_family",
                  "subject": "other",
                  "value": "hammerhead_shark"
                },
                {
                  "test": "is_family",
                  "subject": "other",
                  "value": "horse"
                },
                {
                  "test": "is_family",
                  "subject": "other",
                  "value": "husk"
                },
                {
                  "test": "is_family",
                  "subject": "other",
                  "value": "irongolem"
                },
                {
                  "test": "is_family",
                  "subject": "other",
                  "value": "car"
                },
                {
                  "test": "is_family",
                  "subject": "other",
                  "value": "llama"
                },
                {
                  "test": "is_family",
                  "subject": "other",
                  "value": "magmacube"
                },
                {
                  "test": "is_family",
                  "subject": "other",
                  "value": "mushroomcow"
                },
                {
                  "test": "is_family",
                  "subject": "other",
                  "value": "mule"
                },
                {
                  "test": "is_family",
                  "subject": "other",
                  "value": "ocelot"
                },
                {
                  "test": "is_family",
                  "subject": "other",
                  "value": "octopus"
                },
                {
                  "test": "is_family",
                  "subject": "other",
                  "value": "parrot_wild"
                },
                {
                  "test": "is_family",
                  "subject": "other",
                  "value": "parrot_tame"
                },
                {
                  "test": "is_family",
                  "subject": "other",
                  "value": "phantom"
                },
                {
                  "test": "is_family",
                  "subject": "other",
                  "value": "pig"
                },
                {
                  "test": "is_family",
                  "subject": "other",
                  "value": "piranha"
                },
                {
                  "test": "is_family",
                  "subject": "other",
                  "value": "polarbear"
                },
                {
                  "test": "is_family",
                  "subject": "other",
                  "value": "pufferfish"
                },
                {
                  "test": "is_family",
                  "subject": "other",
                  "value": "rabbit"
                },
                {
                  "test": "is_family",
                  "subject": "other",
                  "value": "salmon"
                },
                {
                  "test": "is_family",
                  "subject": "other",
                  "value": "shark"
                },
                {
                  "test": "is_family",
                  "subject": "other",
                  "value": "sheep"
                },
                {
                  "test": "is_family",
                  "subject": "other",
                  "value": "shrimp"
                },
                {
                  "test": "is_family",
                  "subject": "other",
                  "value": "shulker"
                },
                {
                  "test": "is_family",
                  "subject": "other",
                  "value": "silverfish"
                },
                {
                  "test": "is_family",
                  "subject": "other",
                  "value": "skeleton"
                },
                {
                  "test": "is_family",
                  "subject": "other",
                  "value": "skeletonhorse"
                },
                {
                  "test": "is_family",
                  "subject": "other",
                  "value": "slime"
                },
                {
                  "test": "is_family",
                  "subject": "other",
                  "value": "snowgolem"
                },
                {
                  "test": "is_family",
                  "subject": "other",
                  "value": "spider"
                },
                {
                  "test": "is_family",
                  "subject": "other",
                  "value": "squid"
                },
                {
                  "test": "is_family",
                  "subject": "other",
                  "value": "stingray"
                },
                {
                  "test": "is_family",
                  "subject": "other",
                  "value": "stray"
                },
                {
                  "test": "is_family",
                  "subject": "other",
                  "value": "turtle"
                },
                {
                  "test": "is_family",
                  "subject": "other",
                  "value": "baby_turtle"
                },
                {
                  "test": "is_family",
                  "subject": "other",
                  "value": "villager"
                },
                {
                  "test": "is_family",
                  "subject": "other",
                  "value": "peasant"
                },
                {
                  "test": "is_family",
                  "subject": "other",
                  "value": "farmer"
                },
                {
                  "test": "is_family",
                  "subject": "other",
                  "value": "fisherman"
                },
                {
                  "test": "is_family",
                  "subject": "other",
                  "value": "shepherd"
                },
                {
                  "test": "is_family",
                  "subject": "other",
                  "value": "fletcher"
                },
                {
                  "test": "is_family",
                  "subject": "other",
                  "value": "librarian"
                },
                {
                  "test": "is_family",
                  "subject": "other",
                  "value": "cartographer"
                },
                {
                  "test": "is_family",
                  "subject": "other",
                  "value": "priest"
                },
                {
                  "test": "is_family",
                  "subject": "other",
                  "value": "cleric"
                },
                {
                  "test": "is_family",
                  "subject": "other",
                  "value": "blacksmith"
                },
                {
                  "test": "is_family",
                  "subject": "other",
                  "value": "armorer"
                },
                {
                  "test": "is_family",
                  "subject": "other",
                  "value": "weaponsmith"
                },
                {
                  "test": "is_family",
                  "subject": "other",
                  "value": "toolsmith"
                },
                {
                  "test": "is_family",
                  "subject": "other",
                  "value": "artisan"
                },
                {
                  "test": "is_family",
                  "subject": "other",
                  "value": "butcher"
                },
                {
                  "test": "is_family",
                  "subject": "other",
                  "value": "leatherworker"
                },
                {
                  "test": "is_family",
                  "subject": "other",
                  "value": "vindicator"
                },
                {
                  "test": "is_family",
                  "subject": "other",
                  "value": "whale"
                },
                {
                  "test": "is_family",
                  "subject": "other",
                  "value": "witch"
                },
                {
                  "test": "is_family",
                  "subject": "other",
                  "value": "wither"
                },
                {
                  "test": "is_family",
                  "subject": "other",
                  "value": "wolf"
                },
                {
                  "test": "is_family",
                  "subject": "other",
                  "value": "zombiehorse"
                },
                {
                  "test": "is_family",
                  "subject": "other",
                  "value": "titan"
                }
              ]
            },
            "max_dist": 35.0,
            "must_see": false
          }
        ],
        "must_see": false,
        "speed_multiplier": 1
      },
      "minecraft:behavior.hurt_by_target": {
        "priority": 3
      },
      "minecraft:behavior.owner_hurt_by_target": {
        "priority": 1
      },
      "minecraft:behavior.owner_hurt_target": {
        "priority": 2
      },
      "minecraft:knockback_resistance": {
        "value": 1.0,
        "max": 1.0
      },
      "minecraft:loot": {
        "table": "loot_tables/entities/seb_long_skibidi.json"
      }
    },
    "events": {
      "minecraft:entity_spawned": {
        "randomize": [
          {
            "weight": 95,
            "add": {
              "component_groups": [
                "minecraft:cow_adult"
              ]
            }
          },
          {
            "weight": 5,
            "add": {
              "component_groups": [
                "minecraft:cow_baby"
              ]
            }
          }
        ]
      },
      "minecraft:entity_born": {
        "add": {
          "component_groups": [
            "minecraft:cow_baby"
          ]
        }
      },
      "minecraft:entity_transformed": {
        "remove": {},
        "add": {
          "component_groups": [
            "minecraft:cow_adult"
          ]
        }
      },
      "minecraft:ageable_grow_up": {
        "remove": {
          "component_groups": [
            "minecraft:cow_baby"
          ]
        },
        "add": {
          "component_groups": [
            "minecraft:cow_adult"
          ]
        }
      },
      "on:death": {
        "run_command": {
          "command": []
        }
      },
      "on:hurt": {
        "run_command": {
          "command": []
        }
      },
      "on:hurt_by_player": {
        "run_command": {
          "command": []
        }
      },
      "on:ignite": {
        "run_command": {
          "command": []
        }
      },
      "on:target_acquired": {
        "run_command": {
          "command": []
        }
      },
      "on:target_escape": {
        "run_command": {
          "command": []
        }
      },
      "on:wake_with_owner": {
        "run_command": {
          "command": []
        }
      }
    }
  }
}