{
	"format_version": "1.8.0",
	"animations": {
		"animation.baby_zombie_titan.summon2": {
			"animation_length": 2,
			"bones": {
				"bone": {
					"rotation": {
						"0.0": {
							"post": [0, 0, 0],
							"lerp_mode": "catmullrom"
						},
						"1.4": [3.46, 0, 0],
						"1.56": [15, 0, 0],
						"1.96": [0, 0, 0]
					}
				},
				"bone2": {
					"rotation": {
						"0.0": {
							"post": [0, 0, 0],
							"lerp_mode": "catmullrom"
						},
						"0.2": {
							"post": [25, 0, 0],
							"lerp_mode": "catmullrom"
						},
						"0.4": {
							"post": [-25, 0, 0],
							"lerp_mode": "catmullrom"
						},
						"1.4": {
							"post": [-27.14, 0, 0],
							"lerp_mode": "catmullrom"
						},
						"1.56": {
							"post": [25.36, 0, 0],
							"lerp_mode": "catmullrom"
						},
						"1.96": [0, 0, 0]
					}
				},
				"bone3": {
					"rotation": {
						"0.0": {
							"post": [0, 0, 0],
							"lerp_mode": "catmullrom"
						},
						"0.2": {
							"post": [15, 0, 0],
							"lerp_mode": "catmullrom"
						},
						"0.4": {
							"post": [-25, 0, 0],
							"lerp_mode": "catmullrom"
						},
						"1.4": {
							"post": [-27.14, 0, 0],
							"lerp_mode": "catmullrom"
						},
						"1.56": {
							"post": [20.36, 0, 0],
							"lerp_mode": "catmullrom"
						},
						"1.96": [0, 0, 0]
					}
				},
				"head": {
					"rotation": {
						"0.0": {
							"post": [0, 0, 0],
							"lerp_mode": "catmullrom"
						},
						"0.2": {
							"post": [-39.45, 0, 0],
							"lerp_mode": "catmullrom"
						},
						"0.4": {
							"post": [-38.91, 0, 0],
							"lerp_mode": "catmullrom"
						},
						"1.0": {
							"post": [-40.07, 0, 0],
							"lerp_mode": "catmullrom"
						},
						"1.2": {
							"post": [51.08, 0, 0],
							"lerp_mode": "catmullrom"
						},
						"1.4": {
							"post": [50.15, 0, 0],
							"lerp_mode": "catmullrom"
						},
						"1.56": {
							"post": [-52.5, 0, 0],
							"lerp_mode": "catmullrom"
						},
						"1.96": [0, 0, 0]
					}
				},
				"bone8": {
					"rotation": {
						"0.0": {
							"post": [0, 0, 0],
							"lerp_mode": "catmullrom"
						},
						"0.2": {
							"post": [-20, -21.25, 63.75],
							"lerp_mode": "catmullrom"
						},
						"0.4": {
							"post": [-40, -42.5, 32.5],
							"lerp_mode": "catmullrom"
						},
						"1.4": {
							"post": [-32.86, -44.64, 25],
							"lerp_mode": "catmullrom"
						},
						"1.56": {
							"post": [-12.86, 22.86, 0],
							"lerp_mode": "catmullrom"
						},
						"1.96": [0, 0, 0]
					}
				},
				"bone10": {
					"rotation": {
						"0.0": {
							"post": [0, 0, 0],
							"lerp_mode": "catmullrom"
						},
						"0.2": {
							"post": [-21.25, 20, -55],
							"lerp_mode": "catmullrom"
						},
						"0.4": {
							"post": [-42.5, 40, -30],
							"lerp_mode": "catmullrom"
						},
						"1.4": {
							"post": [-32.86, 44.64, -25],
							"lerp_mode": "catmullrom"
						},
						"1.56": {
							"post": [-12.86, -22.86, 0],
							"lerp_mode": "catmullrom"
						},
						"1.96": [0, 0, 0]
					}
				},
				"bone13": {
					"rotation": {
						"0.0": {
							"post": [0, 0, 0],
							"lerp_mode": "catmullrom"
						},
						"1.4": {
							"post": [4.87, 0, 5],
							"lerp_mode": "catmullrom"
						},
						"1.56": {
							"post": [50, 0, 25],
							"lerp_mode": "catmullrom"
						},
						"1.96": [0, 0, 0]
					}
				},
				"bone4": {
					"rotation": {
						"0.0": {
							"post": [0, 0, 0],
							"lerp_mode": "catmullrom"
						},
						"0.2": {
							"post": [-10, 10, 0],
							"lerp_mode": "catmullrom"
						},
						"0.4": {
							"post": [-105, 20, 0],
							"lerp_mode": "catmullrom"
						},
						"1.4": {
							"post": [-100, 20.71, 0],
							"lerp_mode": "catmullrom"
						},
						"1.56": {
							"post": [-15, 0.71, 0],
							"lerp_mode": "catmullrom"
						},
						"1.96": [0, 0, 0]
					}
				},
				"bone5": {
					"rotation": {
						"0.0": {
							"post": [0, 0, 0],
							"lerp_mode": "catmullrom"
						},
						"0.2": {
							"post": [17.5, 0, 0],
							"lerp_mode": "catmullrom"
						},
						"0.4": {
							"post": [95, 0, 0],
							"lerp_mode": "catmullrom"
						},
						"1.4": {
							"post": [97.14, 0, 0],
							"lerp_mode": "catmullrom"
						},
						"1.56": {
							"post": [2.14, 0, 0],
							"lerp_mode": "catmullrom"
						},
						"1.96": [0, 0, 0]
					}
				},
				"bone6": {
					"rotation": {
						"0.0": {
							"post": [0, 0, 0],
							"lerp_mode": "catmullrom"
						},
						"0.4": [0, -20, 0],
						"1.4": [0, -20.71, 0],
						"1.56": [-15, -0.71, 0],
						"1.96": [0, 0, 0]
					}
				},
				"bone9": {
					"rotation": {
						"0.0": {
							"post": [0, 0, 0],
							"lerp_mode": "catmullrom"
						},
						"0.2": {
							"post": [0, 0, 76.25],
							"lerp_mode": "catmullrom"
						},
						"0.4": {
							"post": [0, 0, 32.5],
							"lerp_mode": "catmullrom"
						},
						"1.4": {
							"post": [0, 0, 32.5],
							"lerp_mode": "catmullrom"
						},
						"1.56": {
							"post": [0, 0, 0],
							"lerp_mode": "catmullrom"
						},
						"1.96": [0, 0, 0]
					}
				},
				"bone11": {
					"rotation": {
						"0.0": {
							"post": [0, 0, 0],
							"lerp_mode": "catmullrom"
						},
						"0.2": {
							"post": [0, 0, -77.5],
							"lerp_mode": "catmullrom"
						},
						"0.4": {
							"post": [0, 0, -35],
							"lerp_mode": "catmullrom"
						},
						"1.4": {
							"post": [0, 0, -35],
							"lerp_mode": "catmullrom"
						},
						"1.56": {
							"post": [0, 0, 0],
							"lerp_mode": "catmullrom"
						}
					}
				}
			}
		}
	}
}