{
	"format_version": "1.8.0",
	"animations": {
		"animation.baby_zombie_titan.dead": {
			"animation_length": 99,
			"bones": {
				"bone": {
					"rotation": {
						"0.0": {
							"post": [0, 0, 0],
							"lerp_mode": "catmullrom"
						},
						"0.52": {
							"post": [55, 0, 0],
							"lerp_mode": "catmullrom"
						},
						"1.04": {
							"post": [48.61, 0, 0],
							"lerp_mode": "catmullrom"
						},
						"2.08": {
							"post": [27.5, 0, 0],
							"lerp_mode": "catmullrom"
						},
						"3.0": {
							"post": [90, 0, 0],
							"lerp_mode": "catmullrom"
						},
						"4.16": [90, 0, 0]
					},
					"position": {
						"0.0": {
							"post": [0, 0, 0],
							"lerp_mode": "catmullrom"
						},
						"0.52": {
							"post": [0, -4, 5],
							"lerp_mode": "catmullrom"
						},
						"1.04": {
							"post": [0, -4, 15],
							"lerp_mode": "catmullrom"
						},
						"2.08": {
							"post": [0, -4, 15],
							"lerp_mode": "catmullrom"
						},
						"3.0": [0, -12, 8]
					}
				},
				"head": {
					"rotation": {
						"0.0": {
							"post": [0, 0, 0],
							"lerp_mode": "catmullrom"
						},
						"0.52": {
							"post": [20, 0, 0],
							"lerp_mode": "catmullrom"
						},
						"1.04": {
							"post": [32.5, 0, 0],
							"lerp_mode": "catmullrom"
						},
						"2.08": {
							"post": [-27.5, 0, 0],
							"lerp_mode": "catmullrom"
						},
						"3.0": {
							"post": [-47.5, 32.5, 0],
							"lerp_mode": "catmullrom"
						},
						"4.16": [0, 32.5, 0]
					}
				},
				"bone8": {
					"rotation": {
						"0.0": {
							"post": [0, 0, 0],
							"lerp_mode": "catmullrom"
						},
						"0.52": {
							"post": [-40, 0, -10],
							"lerp_mode": "catmullrom"
						},
						"1.04": {
							"post": [-35, 0, -15],
							"lerp_mode": "catmullrom"
						},
						"2.08": {
							"post": [0, -17.5, 0],
							"lerp_mode": "catmullrom"
						},
						"3.0": {
							"post": [-90, 0, 32.5],
							"lerp_mode": "catmullrom"
						},
						"4.16": [-77.5, 0, 32.5]
					}
				},
				"bone10": {
					"rotation": {
						"0.0": {
							"post": [0, 0, 0],
							"lerp_mode": "catmullrom"
						},
						"0.52": {
							"post": [-40, 0, 12.5],
							"lerp_mode": "catmullrom"
						},
						"1.04": {
							"post": [-30, 0, 17.5],
							"lerp_mode": "catmullrom"
						},
						"2.08": {
							"post": [0, 17.5, 0],
							"lerp_mode": "catmullrom"
						},
						"3.0": {
							"post": [-92.5, 0, -27.5],
							"lerp_mode": "catmullrom"
						},
						"4.16": [-77.5, 0, -27.5]
					}
				},
				"bone13": {
					"rotation": {
						"0.0": {
							"post": [0, 0, 0],
							"lerp_mode": "catmullrom"
						},
						"1.04": {
							"post": [0, 0, 0],
							"lerp_mode": "catmullrom"
						},
						"1.72": {
							"post": [475, -90, 0],
							"lerp_mode": "catmullrom"
						}
					},
					"position": {
						"1.04": {
							"post": [0, 0, 0],
							"lerp_mode": "catmullrom"
						},
						"1.72": {
							"post": [0, -22, 25],
							"lerp_mode": "catmullrom"
						}
					},
					"scale": {
						"1.64": {
							"post": [1, 1, 1],
							"lerp_mode": "catmullrom"
						},
						"1.72": {
							"post": [0, 0, 0],
							"lerp_mode": "catmullrom"
						}
					}
				},
				"bone4": {
					"rotation": {
						"0.0": {
							"post": [0, 0, 0],
							"lerp_mode": "catmullrom"
						},
						"0.52": {
							"post": [-105, 0, 0],
							"lerp_mode": "catmullrom"
						},
						"1.04": {
							"post": [-47.5, 0, 0],
							"lerp_mode": "catmullrom"
						},
						"2.08": {
							"post": [-30, 0, 0],
							"lerp_mode": "catmullrom"
						},
						"3.0": {
							"post": [22.5, 0, 27.5],
							"lerp_mode": "catmullrom"
						},
						"4.16": [-12.5, 0, 27.5]
					}
				},
				"bone5": {
					"rotation": {
						"0.0": {
							"post": [0, 0, 0],
							"lerp_mode": "catmullrom"
						},
						"0.52": {
							"post": [52.5, 0, 0],
							"lerp_mode": "catmullrom"
						},
						"1.04": {
							"post": [50, 0, 0],
							"lerp_mode": "catmullrom"
						},
						"2.08": {
							"post": [50, 0, 0],
							"lerp_mode": "catmullrom"
						},
						"3.0": [27.5, 0, 0]
					}
				},
				"bone6": {
					"rotation": {
						"0.0": {
							"post": [0, 0, 0],
							"lerp_mode": "catmullrom"
						},
						"0.52": {
							"post": [-32.5, 0, 0],
							"lerp_mode": "catmullrom"
						},
						"1.04": {
							"post": [-100, 0, 0],
							"lerp_mode": "catmullrom"
						},
						"1.36": {
							"post": [-94.75307, 0, 0.73737],
							"lerp_mode": "catmullrom"
						},
						"1.56": {
							"post": [-88.13596, 0, 1.24577],
							"lerp_mode": "catmullrom"
						},
						"1.76": {
							"post": [-83.40543, 0, 1.8618],
							"lerp_mode": "catmullrom"
						},
						"1.88": {
							"post": [-80.41196, 0, 2.25206],
							"lerp_mode": "catmullrom"
						},
						"2.08": {
							"post": [-77.5, 0, 0],
							"lerp_mode": "catmullrom"
						},
						"3.0": {
							"post": [22.5, 0, -22.5],
							"lerp_mode": "catmullrom"
						},
						"4.16": [-12.5, 0, -22.5]
					}
				},
				"bone7": {
					"rotation": {
						"0.0": {
							"post": [0, 0, 0],
							"lerp_mode": "catmullrom"
						},
						"0.52": {
							"post": [35, 0, 0],
							"lerp_mode": "catmullrom"
						},
						"1.04": {
							"post": [32.5, 0, 0],
							"lerp_mode": "catmullrom"
						},
						"2.08": {
							"post": [32.5, 0, 0],
							"lerp_mode": "catmullrom"
						},
						"3.0": [25, 0, 0]
					}
				},
				"bone2": {
					"rotation": {
						"0.0": {
							"post": [0, 0, 0],
							"lerp_mode": "catmullrom"
						},
						"0.52": {
							"post": [7.5, 0, 0],
							"lerp_mode": "catmullrom"
						},
						"1.04": {
							"post": [22.5, 0, 0],
							"lerp_mode": "catmullrom"
						},
						"2.08": {
							"post": [-12.5, 0, 0],
							"lerp_mode": "catmullrom"
						},
						"3.0": {
							"post": [-40, 0, 0],
							"lerp_mode": "catmullrom"
						},
						"4.16": [0, 0, 0]
					}
				},
				"bone3": {
					"rotation": {
						"0.0": {
							"post": [0, 0, 0],
							"lerp_mode": "catmullrom"
						},
						"0.52": {
							"post": [10, 0, 0],
							"lerp_mode": "catmullrom"
						},
						"1.04": {
							"post": [20, 0, 0],
							"lerp_mode": "catmullrom"
						},
						"2.08": {
							"post": [-10, 0, 0],
							"lerp_mode": "catmullrom"
						},
						"3.0": {
							"post": [-22.5, 0, 0],
							"lerp_mode": "catmullrom"
						},
						"4.16": [0, 0, 0]
					}
				},
				"bone9": {
					"rotation": {
						"0.0": {
							"post": [0, 0, 0],
							"lerp_mode": "catmullrom"
						},
						"0.52": {
							"post": [-55, 0, 0],
							"lerp_mode": "catmullrom"
						},
						"1.04": {
							"post": [-90, 0, 0],
							"lerp_mode": "catmullrom"
						},
						"2.08": {
							"post": [17.5, 0, 0],
							"lerp_mode": "catmullrom"
						},
						"3.0": [-22.5, 0, 0]
					}
				},
				"bone11": {
					"rotation": {
						"0.0": {
							"post": [0, 0, 0],
							"lerp_mode": "catmullrom"
						},
						"0.52": {
							"post": [-55, 0, 0],
							"lerp_mode": "catmullrom"
						},
						"1.04": {
							"post": [-90, 0, 0],
							"lerp_mode": "catmullrom"
						},
						"2.08": {
							"post": [17.5, 0, 0],
							"lerp_mode": "catmullrom"
						},
						"3.0": [-20, 0, 0]
					}
				}
			}
		}
	}
}