{
	"format_version": "1.12.0",
	"minecraft:geometry": [
		{
			"description": {
				"identifier": "geometry.bussola",
				"texture_width": 128,
				"texture_height": 128,
				"visible_bounds_width": 5,
				"visible_bounds_height": 1.5,
				"visible_bounds_offset": [0, 0.25, 0]
			},
			"bones": [
				{
					"name": "bone",
					"pivot": [0, 0, 0],
					"cubes": [
						{
							"origin": [-24, 1, -25],
							"size": [48, 0, 50],
							"uv": {
								"north": {"uv": [0, 0], "uv_size": [48, 0]},
								"east": {"uv": [0, 0], "uv_size": [50, 0]},
								"south": {"uv": [0, 0], "uv_size": [48, 0]},
								"west": {"uv": [0, 0], "uv_size": [50, 0]},
								"up": {"uv": [0, 0], "uv_size": [48, 50]},
								"down": {"uv": [48, 50], "uv_size": [48, -50]}
							}
						}
					]
				}
			]
		}
	]
}