{
	"format_version": "1.12.0",
	"minecraft:geometry": [
		{
			"description": {
				"identifier": "geometry.dekuawkoutline",
				"texture_width": 64,
				"texture_height": 64,
				"visible_bounds_width": 3,
				"visible_bounds_height": 4,
				"visible_bounds_offset": [0, 1, 0]
			},
			"bones": [
				{
					"name": "Tudo",
					"pivot": [0, 12.72, 0]
				},
				{
					"name": "Corpo",
					"parent": "Tudo",
					"pivot": [0, 24.60557, 0],
					"cubes": [
						{
							"origin": [-4.10093, 12.30278, -2.05046],
							"size": [8.20186, 12.30278, 4.10093],
							"inflate": 0.4,
							"uv": {
								"north": {"uv": [0, 0], "uv_size": [8.25, 12.25]},
								"east": {"uv": [0, 13], "uv_size": [4, 12.25]},
								"south": {"uv": [9, 0], "uv_size": [8.25, 12.25]},
								"west": {"uv": [4, 13], "uv_size": [4, 12.25]},
								"up": {"uv": [35, 13], "uv_size": [8.25, 4]},
								"down": {"uv": [37, 4], "uv_size": [8.25, -4]}
							}
						}
					]
				},
				{
					"name": "rightBraco",
					"parent": "Corpo",
					"pivot": [-5.12616, 22.5551, 0],
					"cubes": [
						{
							"origin": [-8.20186, 12.30278, -2.05046],
							"size": [4.10093, 12.30278, 4.10093],
							"inflate": 0.4,
							"uv": {
								"north": {"uv": [8, 13], "uv_size": [4, 12.25]},
								"east": {"uv": [12, 13], "uv_size": [4, 12.25]},
								"south": {"uv": [16, 13], "uv_size": [4, 12.25]},
								"west": {"uv": [18, 0], "uv_size": [4, 12.25]},
								"up": {"uv": [32, 45], "uv_size": [4, 4]},
								"down": {"uv": [45, 39], "uv_size": [4, -4]}
							}
						}
					]
				},
				{
					"name": "leftBraco",
					"parent": "Corpo",
					"pivot": [5.12616, 22.5551, 0],
					"cubes": [
						{
							"origin": [4.10093, 12.30278, -2.05046],
							"size": [4.10093, 12.30278, 4.10093],
							"inflate": 0.4,
							"uv": {
								"north": {"uv": [16, 33], "uv_size": [4, 12.25]},
								"east": {"uv": [20, 33], "uv_size": [4, 12.25]},
								"south": {"uv": [24, 33], "uv_size": [4, 12.25]},
								"west": {"uv": [28, 34], "uv_size": [4, 12.25]},
								"up": {"uv": [14, 46], "uv_size": [4, 4]},
								"down": {"uv": [18, 50], "uv_size": [4, -4]}
							}
						}
					]
				},
				{
					"name": "rightPerna",
					"parent": "Corpo",
					"pivot": [-1.94794, 12.30278, 0],
					"cubes": [
						{
							"origin": [-3.9984, 0, -2.05046],
							"size": [4.10093, 12.30278, 4.10093],
							"inflate": 0.4,
							"uv": {
								"north": {"uv": [20, 13], "uv_size": [4, 12.25]},
								"east": {"uv": [22, 0], "uv_size": [4, 12.25]},
								"south": {"uv": [24, 13], "uv_size": [4, 12.25]},
								"west": {"uv": [0, 26], "uv_size": [4, 12.25]},
								"up": {"uv": [36, 45], "uv_size": [4, 4]},
								"down": {"uv": [40, 49], "uv_size": [4, -4]}
							}
						},
						{
							"origin": [-4.10093, -0.10252, -2.17349],
							"size": [4.34698, 2.6656, 4.34698],
							"inflate": 0.4,
							"uv": {
								"north": {"uv": [14, 50], "uv_size": [4.25, 2.75]},
								"east": {"uv": [19, 50], "uv_size": [4.25, 2.75]},
								"south": {"uv": [50, 30], "uv_size": [4.25, 2.75]},
								"west": {"uv": [51, 6], "uv_size": [4.25, 2.75]},
								"up": {"uv": [32, 40], "uv_size": [4.25, 4.25]},
								"down": {"uv": [40, 39.25], "uv_size": [4.25, -4.25]}
							}
						},
						{
							"origin": [-4.10093, 4.89748, -2.17349],
							"size": [4.34698, 2.6656, 4.34698],
							"inflate": 0.4,
							"uv": {
								"north": {"uv": [44, 51], "uv_size": [4.25, 2.75]},
								"east": {"uv": [49, 51], "uv_size": [4.25, 2.75]},
								"south": {"uv": [0, 52], "uv_size": [4.25, 2.75]},
								"west": {"uv": [52, 14], "uv_size": [4.25, 2.75]},
								"up": {"uv": [42, 22], "uv_size": [4.25, 4.25]},
								"down": {"uv": [42, 44.25], "uv_size": [4.25, -4.25]}
							}
						}
					]
				},
				{
					"name": "leftPerna",
					"parent": "Corpo",
					"pivot": [1.94794, 12.30278, 0],
					"cubes": [
						{
							"origin": [-0.10253, 0, -2.05046],
							"size": [4.10093, 12.30278, 4.10093],
							"inflate": 0.4,
							"uv": {
								"north": {"uv": [26, 0], "uv_size": [4, 12.25]},
								"east": {"uv": [4, 26], "uv_size": [4, 12.25]},
								"south": {"uv": [8, 26], "uv_size": [4, 12.25]},
								"west": {"uv": [12, 26], "uv_size": [4, 12.25]},
								"up": {"uv": [44, 45], "uv_size": [4, 4]},
								"down": {"uv": [46, 4], "uv_size": [4, -4]}
							}
						},
						{
							"origin": [-0.24605, -0.10252, -2.17349],
							"size": [4.34698, 2.6656, 4.34698],
							"inflate": 0.4,
							"uv": {
								"north": {"uv": [24, 51], "uv_size": [4.25, 2.75]},
								"east": {"uv": [51, 27], "uv_size": [4.25, 2.75]},
								"south": {"uv": [51, 37], "uv_size": [4.25, 2.75]},
								"west": {"uv": [51, 40], "uv_size": [4.25, 2.75]},
								"up": {"uv": [37, 40], "uv_size": [4.25, 4.25]},
								"down": {"uv": [42, 21.25], "uv_size": [4.25, -4.25]}
							}
						},
						{
							"origin": [-0.24605, 4.89748, -2.17349],
							"size": [4.34698, 2.6656, 4.34698],
							"inflate": 0.4,
							"uv": {
								"north": {"uv": [52, 17], "uv_size": [4.25, 2.75]},
								"east": {"uv": [52, 20], "uv_size": [4.25, 2.75]},
								"south": {"uv": [52, 23], "uv_size": [4.25, 2.75]},
								"west": {"uv": [38, 52], "uv_size": [4.25, 2.75]},
								"up": {"uv": [0, 43], "uv_size": [4.25, 4.25]},
								"down": {"uv": [5, 47.25], "uv_size": [4.25, -4.25]}
							}
						}
					]
				},
				{
					"name": "head",
					"parent": "Corpo",
					"pivot": [0, 24.12, 0],
					"cubes": [
						{
							"origin": [-3.52, 24.12, -3.52],
							"size": [7.04, 7.04, 7.04],
							"inflate": 0.4,
							"uv": {
								"north": {"uv": [16, 26], "uv_size": [7, 7]},
								"east": {"uv": [23, 26], "uv_size": [7, 7]},
								"south": {"uv": [28, 13], "uv_size": [7, 7]},
								"west": {"uv": [30, 0], "uv_size": [7, 7]},
								"up": {"uv": [30, 20], "uv_size": [7, 7]},
								"down": {"uv": [30, 34], "uv_size": [7, -7]}
							}
						}
					]
				},
				{
					"name": "Hair",
					"parent": "head",
					"pivot": [0.28192, 28.15889, -0.80127],
					"rotation": [-20, 0, 0],
					"cubes": [
						{
							"origin": [-6.1013, 30.60695, -0.65389],
							"size": [2.51143, 1.06865, 1.15375],
							"inflate": 0.4,
							"pivot": [-3.7437, 30.78777, 0.13141],
							"rotation": [-1.03043, -6.34127, -101.35042],
							"uv": {
								"north": {"uv": [59, 20], "uv_size": [2.5, 1]},
								"east": {"uv": [61, 52], "uv_size": [1.25, 1]},
								"south": {"uv": [59, 21], "uv_size": [2.5, 1]},
								"west": {"uv": [54, 61], "uv_size": [1.25, 1]},
								"up": {"uv": [58, 43], "uv_size": [2.5, 1.25]},
								"down": {"uv": [58, 46.25], "uv_size": [2.5, -1.25]}
							}
						},
						{
							"origin": [3.58988, 30.60695, -0.65389],
							"size": [2.51143, 1.06865, 1.15375],
							"inflate": 0.4,
							"pivot": [3.7437, 30.78777, 0.13141],
							"rotation": [-1.03043, 6.34127, 101.35042],
							"uv": {
								"north": {"uv": [59, 22], "uv_size": [2.5, 1]},
								"east": {"uv": [56, 61], "uv_size": [1.25, 1]},
								"south": {"uv": [59, 23], "uv_size": [2.5, 1]},
								"west": {"uv": [61, 56], "uv_size": [1.25, 1]},
								"up": {"uv": [58, 47], "uv_size": [2.5, 1.25]},
								"down": {"uv": [58, 50.25], "uv_size": [2.5, -1.25]}
							}
						},
						{
							"origin": [3.63096, 30.49626, 0.89402],
							"size": [1.90498, 0.78987, 0.78987],
							"inflate": 0.4,
							"pivot": [3.74791, 31.11778, 1.46638],
							"rotation": [-2.02783, -7.64146, 66.98136],
							"uv": {
								"north": {"uv": [50, 14], "uv_size": [2, 0.75]},
								"east": {"uv": [62, 6], "uv_size": [0.75, 0.75]},
								"south": {"uv": [24, 50], "uv_size": [2, 0.75]},
								"west": {"uv": [7, 62], "uv_size": [0.75, 0.75]},
								"up": {"uv": [53, 33], "uv_size": [2, 0.75]},
								"down": {"uv": [60, 55.75], "uv_size": [2, -0.75]}
							}
						},
						{
							"origin": [-5.53593, 30.49626, 0.89402],
							"size": [1.90498, 0.78987, 0.78987],
							"inflate": 0.4,
							"pivot": [-3.74791, 31.11778, 1.46638],
							"rotation": [-2.02783, 7.64146, -66.98136],
							"uv": {
								"north": {"uv": [61, 39], "uv_size": [2, 0.75]},
								"east": {"uv": [62, 7], "uv_size": [0.75, 0.75]},
								"south": {"uv": [61, 40], "uv_size": [2, 0.75]},
								"west": {"uv": [8, 62], "uv_size": [0.75, 0.75]},
								"up": {"uv": [61, 41], "uv_size": [2, 0.75]},
								"down": {"uv": [61, 42.75], "uv_size": [2, -0.75]}
							}
						},
						{
							"origin": [1.87074, 28.43219, -1.60406],
							"size": [3.02009, 1.2545, 1.06865],
							"inflate": 0.4,
							"pivot": [4.19564, 29.75433, -0.76039],
							"rotation": [-1.25069, 15.35787, 112.47455],
							"uv": {
								"north": {"uv": [56, 41], "uv_size": [3, 1.25]},
								"east": {"uv": [58, 61], "uv_size": [1, 1.25]},
								"south": {"uv": [57, 9], "uv_size": [3, 1.25]},
								"west": {"uv": [59, 61], "uv_size": [1, 1.25]},
								"up": {"uv": [38, 12], "uv_size": [3, 1]},
								"down": {"uv": [41, 13], "uv_size": [3, -1]}
							}
						},
						{
							"origin": [-4.89083, 28.43219, -1.60406],
							"size": [3.02009, 1.2545, 1.06865],
							"inflate": 0.4,
							"pivot": [-4.19564, 29.75433, -0.76039],
							"rotation": [-1.93555, -15.28835, -109.88339],
							"uv": {
								"north": {"uv": [45, 57], "uv_size": [3, 1.25]},
								"east": {"uv": [60, 61], "uv_size": [1, 1.25]},
								"south": {"uv": [48, 57], "uv_size": [3, 1.25]},
								"west": {"uv": [61, 61], "uv_size": [1, 1.25]},
								"up": {"uv": [13, 42], "uv_size": [3, 1]},
								"down": {"uv": [45, 12], "uv_size": [3, -1]}
							}
						},
						{
							"origin": [2.28797, 30.83147, -4.12919],
							"size": [2.04976, 0.89062, 1.55381],
							"inflate": 0.4,
							"pivot": [3.654, 31.28221, -3.17706],
							"rotation": [172.15968, 59.42996, 141.37261],
							"uv": {
								"north": {"uv": [28, 33], "uv_size": [2, 1]},
								"east": {"uv": [61, 43], "uv_size": [1.5, 1]},
								"south": {"uv": [45, 39], "uv_size": [2, 1]},
								"west": {"uv": [61, 44], "uv_size": [1.5, 1]},
								"up": {"uv": [30, 47], "uv_size": [2, 1.5]},
								"down": {"uv": [8, 49.5], "uv_size": [2, -1.5]}
							}
						},
						{
							"origin": [-4.33773, 30.83147, -4.12919],
							"size": [2.04976, 0.89062, 1.55381],
							"inflate": 0.4,
							"pivot": [-3.654, 31.28221, -3.17706],
							"rotation": [172.15968, -59.42996, -141.37261],
							"uv": {
								"north": {"uv": [26, 46], "uv_size": [2, 1]},
								"east": {"uv": [45, 61], "uv_size": [1.5, 1]},
								"south": {"uv": [48, 11], "uv_size": [2, 1]},
								"west": {"uv": [61, 45], "uv_size": [1.5, 1]},
								"up": {"uv": [49, 37], "uv_size": [2, 1.5]},
								"down": {"uv": [58, 55.5], "uv_size": [2, -1.5]}
							}
						},
						{
							"origin": [1.11233, 31.4646, -3.5435],
							"size": [3.02009, 1.73966, 1.55381],
							"inflate": 0.4,
							"pivot": [2.62237, 32.33443, -3.00917],
							"rotation": [157.24845, 10.74841, 128.42974],
							"uv": {
								"north": {"uv": [44, 15], "uv_size": [3, 1.75]},
								"east": {"uv": [10, 59], "uv_size": [1.5, 1.75]},
								"south": {"uv": [26, 54], "uv_size": [3, 1.75]},
								"west": {"uv": [12, 59], "uv_size": [1.5, 1.75]},
								"up": {"uv": [56, 27], "uv_size": [3, 1.5]},
								"down": {"uv": [29, 57.5], "uv_size": [3, -1.5]}
							}
						},
						{
							"origin": [-4.13242, 31.4646, -3.5435],
							"size": [3.02009, 1.73966, 1.55381],
							"inflate": 0.4,
							"pivot": [-2.62237, 32.33443, -3.00917],
							"rotation": [157.24845, -10.74841, -128.42974],
							"uv": {
								"north": {"uv": [18, 56], "uv_size": [3, 1.75]},
								"east": {"uv": [59, 14], "uv_size": [1.5, 1.75]},
								"south": {"uv": [26, 56], "uv_size": [3, 1.75]},
								"west": {"uv": [59, 16], "uv_size": [1.5, 1.75]},
								"up": {"uv": [56, 37], "uv_size": [3, 1.5]},
								"down": {"uv": [56, 40.5], "uv_size": [3, -1.5]}
							}
						},
						{
							"origin": [-8.12804, 24.05649, 1.6521],
							"size": [3.02009, 1.2545, 1.06865],
							"inflate": 0.4,
							"pivot": [-3.86253, 31.1111, -0.15828],
							"rotation": [-171.5543, 59.36839, 110.50343],
							"uv": {
								"north": {"uv": [51, 57], "uv_size": [3, 1.25]},
								"east": {"uv": [0, 62], "uv_size": [1, 1.25]},
								"south": {"uv": [54, 57], "uv_size": [3, 1.25]},
								"west": {"uv": [1, 62], "uv_size": [1, 1.25]},
								"up": {"uv": [46, 34], "uv_size": [3, 1]},
								"down": {"uv": [50, 34], "uv_size": [3, -1]}
							}
						},
						{
							"origin": [-4.33103, 32.10384, -3.84723],
							"size": [5.46978, 2.90661, 3.00608],
							"inflate": 0.4,
							"pivot": [-2.24966, 32.00769, -1.99489],
							"rotation": [-170.40117, -11.79672, -92.8532],
							"uv": {
								"north": {"uv": [10, 43], "uv_size": [5.5, 3]},
								"east": {"uv": [37, 31], "uv_size": [3, 3]},
								"south": {"uv": [44, 12], "uv_size": [5.5, 3]},
								"west": {"uv": [13, 39], "uv_size": [3, 3]},
								"up": {"uv": [45, 8], "uv_size": [5.5, 3]},
								"down": {"uv": [45, 30], "uv_size": [5.5, -3]}
							}
						},
						{
							"origin": [-4.33103, 31.3761, -2.39175],
							"size": [5.46978, 2.17886, 1.91447],
							"inflate": 0.4,
							"pivot": [-2.24966, 32.00769, -1.99489],
							"rotation": [-167.6923, -8.93, -107.824],
							"uv": {
								"north": {"uv": [49, 34], "uv_size": [5.5, 2.25]},
								"east": {"uv": [28, 20], "uv_size": [2, 2.25]},
								"south": {"uv": [38, 49], "uv_size": [5.5, 2.25]},
								"west": {"uv": [28, 23], "uv_size": [2, 2.25]},
								"up": {"uv": [51, 9], "uv_size": [5.5, 2]},
								"down": {"uv": [52, 45], "uv_size": [5.5, -2]}
							}
						},
						{
							"origin": [-0.50402, 34.84798, -3.67944],
							"size": [1.70978, 1.32984, 1.30802],
							"inflate": 0.4,
							"pivot": [0.10829, 35.5129, -3.02543],
							"rotation": [162.4645, 10.9779, 102.5748],
							"uv": {
								"north": {"uv": [59, 24], "uv_size": [1.75, 1.25]},
								"east": {"uv": [50, 59], "uv_size": [1.25, 1.25]},
								"south": {"uv": [59, 26], "uv_size": [1.75, 1.25]},
								"west": {"uv": [59, 51], "uv_size": [1.25, 1.25]},
								"up": {"uv": [59, 28], "uv_size": [1.75, 1.25]},
								"down": {"uv": [32, 60.25], "uv_size": [1.75, -1.25]}
							}
						},
						{
							"origin": [-3.36525, 30.27229, -0.42133],
							"size": [4.62074, 2.17886, 1.91447],
							"inflate": 0.4,
							"pivot": [0.10818, 31.2936, -1.56079],
							"rotation": [179.8937, 14.31672, 94.17388],
							"uv": {
								"north": {"uv": [11, 53], "uv_size": [4.5, 2.25]},
								"east": {"uv": [35, 17], "uv_size": [2, 2.25]},
								"south": {"uv": [16, 53], "uv_size": [4.5, 2.25]},
								"west": {"uv": [32, 56], "uv_size": [2, 2.25]},
								"up": {"uv": [0, 55], "uv_size": [4.5, 2]},
								"down": {"uv": [5, 57], "uv_size": [4.5, -2]}
							}
						},
						{
							"origin": [0.05836, 31.13993, -5.12482],
							"size": [3.13558, 2.17886, 1.67189],
							"inflate": 0.4,
							"pivot": [1.88356, 32.10808, -4.10693],
							"rotation": [162.458, 0.405, 118.9856],
							"uv": {
								"north": {"uv": [39, 55], "uv_size": [3.25, 2.25]},
								"east": {"uv": [57, 17], "uv_size": [1.75, 2.25]},
								"south": {"uv": [56, 4], "uv_size": [3.25, 2.25]},
								"west": {"uv": [57, 20], "uv_size": [1.75, 2.25]},
								"up": {"uv": [44, 49], "uv_size": [3.25, 1.75]},
								"down": {"uv": [34, 54.75], "uv_size": [3.25, -1.75]}
							}
						},
						{
							"origin": [-2.28966, 33.27656, -4.48889],
							"size": [1.3459, 1.32984, 1.30802],
							"inflate": 0.4,
							"pivot": [-2.21967, 33.88283, -3.86282],
							"rotation": [162.4645, -10.9779, -102.5748],
							"uv": {
								"north": {"uv": [52, 59], "uv_size": [1.25, 1.25]},
								"east": {"uv": [54, 59], "uv_size": [1.25, 1.25]},
								"south": {"uv": [56, 59], "uv_size": [1.25, 1.25]},
								"west": {"uv": [58, 59], "uv_size": [1.25, 1.25]},
								"up": {"uv": [0, 60], "uv_size": [1.25, 1.25]},
								"down": {"uv": [2, 61.25], "uv_size": [1.25, -1.25]}
							}
						},
						{
							"origin": [-1.68321, 37.03656, -7.76373],
							"size": [1.3459, 1.32984, 1.30802],
							"inflate": 0.4,
							"pivot": [-2.21967, 33.88283, -3.86282],
							"rotation": [162.4645, -10.9779, -102.5748],
							"uv": {
								"north": {"uv": [4, 60], "uv_size": [1.25, 1.25]},
								"east": {"uv": [60, 4], "uv_size": [1.25, 1.25]},
								"south": {"uv": [6, 60], "uv_size": [1.25, 1.25]},
								"west": {"uv": [60, 6], "uv_size": [1.25, 1.25]},
								"up": {"uv": [8, 60], "uv_size": [1.25, 1.25]},
								"down": {"uv": [60, 9.25], "uv_size": [1.25, -1.25]}
							}
						},
						{
							"origin": [-3.19393, 31.13993, -5.12482],
							"size": [3.13558, 2.17886, 1.67189],
							"inflate": 0.4,
							"pivot": [-1.88356, 32.10808, -4.10693],
							"rotation": [162.458, -0.405, -118.9856],
							"uv": {
								"north": {"uv": [10, 56], "uv_size": [3.25, 2.25]},
								"east": {"uv": [21, 57], "uv_size": [1.75, 2.25]},
								"south": {"uv": [56, 11], "uv_size": [3.25, 2.25]},
								"west": {"uv": [23, 57], "uv_size": [1.75, 2.25]},
								"up": {"uv": [56, 7], "uv_size": [3.25, 1.75]},
								"down": {"uv": [14, 57.75], "uv_size": [3.25, -1.75]}
							}
						},
						{
							"origin": [-1.13874, 31.3761, -2.39175],
							"size": [5.46978, 2.17886, 1.91447],
							"inflate": 0.4,
							"pivot": [2.24966, 32.00769, -1.99489],
							"rotation": [-167.6923, 8.93, 107.824],
							"uv": {
								"north": {"uv": [50, 0], "uv_size": [5.5, 2.25]},
								"east": {"uv": [0, 57], "uv_size": [2, 2.25]},
								"south": {"uv": [50, 3], "uv_size": [5.5, 2.25]},
								"west": {"uv": [2, 57], "uv_size": [2, 2.25]},
								"up": {"uv": [52, 45], "uv_size": [5.5, 2]},
								"down": {"uv": [52, 49], "uv_size": [5.5, -2]}
							}
						},
						{
							"origin": [0.94376, 33.27656, -4.48889],
							"size": [1.3459, 1.32984, 1.30802],
							"inflate": 0.4,
							"pivot": [2.21967, 33.88283, -3.86282],
							"rotation": [162.4645, 10.9779, 102.5748],
							"uv": {
								"north": {"uv": [60, 10], "uv_size": [1.25, 1.25]},
								"east": {"uv": [60, 12], "uv_size": [1.25, 1.25]},
								"south": {"uv": [14, 60], "uv_size": [1.25, 1.25]},
								"west": {"uv": [16, 60], "uv_size": [1.25, 1.25]},
								"up": {"uv": [18, 60], "uv_size": [1.25, 1.25]},
								"down": {"uv": [21, 61.25], "uv_size": [1.25, -1.25]}
							}
						},
						{
							"origin": [-1.20576, 35.01561, 1.56661],
							"size": [1.70978, 1.32984, 1.30802],
							"inflate": 0.4,
							"pivot": [-0.10829, 35.68053, 2.22063],
							"rotation": [-158.6893, -6.1139, -102.4127],
							"uv": {
								"north": {"uv": [59, 37], "uv_size": [1.75, 1.25]},
								"east": {"uv": [23, 60], "uv_size": [1.25, 1.25]},
								"south": {"uv": [59, 39], "uv_size": [1.75, 1.25]},
								"west": {"uv": [26, 60], "uv_size": [1.25, 1.25]},
								"up": {"uv": [59, 41], "uv_size": [1.75, 1.25]},
								"down": {"uv": [45, 60.25], "uv_size": [1.75, -1.25]}
							}
						},
						{
							"origin": [-2.11532, 31.35981, 0.8059],
							"size": [4.62074, 2.17886, 1.91447],
							"inflate": 0.4,
							"pivot": [-0.10818, 32.44924, 1.76314],
							"rotation": [-168.898, -8.2792, -92.8607],
							"uv": {
								"north": {"uv": [29, 53], "uv_size": [4.5, 2.25]},
								"east": {"uv": [4, 57], "uv_size": [2, 2.25]},
								"south": {"uv": [21, 54], "uv_size": [4.5, 2.25]},
								"west": {"uv": [6, 57], "uv_size": [2, 2.25]},
								"up": {"uv": [55, 30], "uv_size": [4.5, 2]},
								"down": {"uv": [55, 34], "uv_size": [4.5, -2]}
							}
						},
						{
							"origin": [-4.19393, 31.13993, 1.57422],
							"size": [4.13558, 2.17886, 1.67189],
							"inflate": 0.4,
							"pivot": [-1.88356, 32.10808, 2.22823],
							"rotation": [-153.7874, -14.8502, -120.0875],
							"uv": {
								"north": {"uv": [43, 54], "uv_size": [4.25, 2.25]},
								"east": {"uv": [57, 23], "uv_size": [1.75, 2.25]},
								"south": {"uv": [48, 54], "uv_size": [4.25, 2.25]},
								"west": {"uv": [34, 57], "uv_size": [1.75, 2.25]},
								"up": {"uv": [34, 55], "uv_size": [4.25, 1.75]},
								"down": {"uv": [55, 35.75], "uv_size": [4.25, -1.75]}
							}
						},
						{
							"origin": [1.45032, 33.28426, -0.92649],
							"size": [1.3459, 1.32984, 1.30802],
							"inflate": 0.4,
							"pivot": [2.12327, 33.94918, -0.27248],
							"rotation": [158.8107, 6.1139, 102.4127],
							"uv": {
								"north": {"uv": [28, 60], "uv_size": [1.25, 1.25]},
								"east": {"uv": [30, 60], "uv_size": [1.25, 1.25]},
								"south": {"uv": [60, 30], "uv_size": [1.25, 1.25]},
								"west": {"uv": [60, 32], "uv_size": [1.25, 1.25]},
								"up": {"uv": [34, 60], "uv_size": [1.25, 1.25]},
								"down": {"uv": [60, 35.25], "uv_size": [1.25, -1.25]}
							}
						},
						{
							"origin": [0.94376, 33.26784, 1.84714],
							"size": [1.3459, 1.32984, 1.30802],
							"inflate": 0.4,
							"pivot": [2.21967, 33.87409, 2.52908],
							"rotation": [-158.6893, 6.1139, 102.4127],
							"uv": {
								"north": {"uv": [36, 60], "uv_size": [1.25, 1.25]},
								"east": {"uv": [39, 60], "uv_size": [1.25, 1.25]},
								"south": {"uv": [41, 60], "uv_size": [1.25, 1.25]},
								"west": {"uv": [43, 60], "uv_size": [1.25, 1.25]},
								"up": {"uv": [60, 53], "uv_size": [1.25, 1.25]},
								"down": {"uv": [60, 58.25], "uv_size": [1.25, -1.25]}
							}
						},
						{
							"origin": [0.3373, 37.02784, 5.12198],
							"size": [1.3459, 1.32984, 1.30802],
							"inflate": 0.4,
							"pivot": [2.21967, 33.87409, 2.52908],
							"rotation": [-158.6893, 6.1139, 102.4127],
							"uv": {
								"north": {"uv": [60, 59], "uv_size": [1.25, 1.25]},
								"east": {"uv": [61, 0], "uv_size": [1.25, 1.25]},
								"south": {"uv": [61, 2], "uv_size": [1.25, 1.25]},
								"west": {"uv": [10, 61], "uv_size": [1.25, 1.25]},
								"up": {"uv": [12, 61], "uv_size": [1.25, 1.25]},
								"down": {"uv": [61, 15.25], "uv_size": [1.25, -1.25]}
							}
						},
						{
							"origin": [0.05836, 31.13993, 1.57422],
							"size": [4.13558, 2.17886, 1.67189],
							"inflate": 0.4,
							"pivot": [1.88356, 32.10808, 2.22823],
							"rotation": [-153.7874, 14.8502, 120.0875],
							"uv": {
								"north": {"uv": [54, 51], "uv_size": [4.25, 2.25]},
								"east": {"uv": [36, 57], "uv_size": [1.75, 2.25]},
								"south": {"uv": [53, 54], "uv_size": [4.25, 2.25]},
								"west": {"uv": [43, 57], "uv_size": [1.75, 2.25]},
								"up": {"uv": [56, 0], "uv_size": [4.25, 1.75]},
								"down": {"uv": [56, 3.75], "uv_size": [4.25, -1.75]}
							}
						},
						{
							"origin": [-4.33103, 32.01585, -1.33387],
							"size": [5.46978, 2.17886, 1.91447],
							"inflate": 0.4,
							"pivot": [-2.24966, 32.64744, 0.18374],
							"rotation": [173.0223, -7.7447, -107.7682],
							"uv": {
								"north": {"uv": [8, 50], "uv_size": [5.5, 2.25]},
								"east": {"uv": [8, 57], "uv_size": [2, 2.25]},
								"south": {"uv": [50, 11], "uv_size": [5.5, 2.25]},
								"west": {"uv": [57, 14], "uv_size": [2, 2.25]},
								"up": {"uv": [52, 49], "uv_size": [5.5, 2]},
								"down": {"uv": [5, 55], "uv_size": [5.5, -2]}
							}
						},
						{
							"origin": [-2.28966, 33.26784, 1.84714],
							"size": [1.3459, 1.32984, 1.30802],
							"inflate": 0.4,
							"pivot": [-2.21967, 33.87409, 2.52908],
							"rotation": [-158.6893, -6.1139, -102.4127],
							"uv": {
								"north": {"uv": [61, 16], "uv_size": [1.25, 1.25]},
								"east": {"uv": [61, 24], "uv_size": [1.25, 1.25]},
								"south": {"uv": [61, 26], "uv_size": [1.25, 1.25]},
								"west": {"uv": [61, 28], "uv_size": [1.25, 1.25]},
								"up": {"uv": [32, 61], "uv_size": [1.25, 1.25]},
								"down": {"uv": [61, 38.25], "uv_size": [1.25, -1.25]}
							}
						},
						{
							"origin": [5.10795, 24.05649, 1.6521],
							"size": [3.02009, 1.2545, 1.06865],
							"inflate": 0.4,
							"pivot": [3.86253, 31.1111, -0.15828],
							"rotation": [-171.5543, -59.36839, -110.50343],
							"uv": {
								"north": {"uv": [57, 57], "uv_size": [3, 1.25]},
								"east": {"uv": [2, 62], "uv_size": [1, 1.25]},
								"south": {"uv": [14, 58], "uv_size": [3, 1.25]},
								"west": {"uv": [3, 62], "uv_size": [1, 1.25]},
								"up": {"uv": [5, 52], "uv_size": [3, 1]},
								"down": {"uv": [21, 54], "uv_size": [3, -1]}
							}
						},
						{
							"origin": [-3.65999, 29.88989, -3.49563],
							"size": [7.13628, 3.35905, 6.08664],
							"inflate": 0.4,
							"pivot": [-0.09185, 31.56942, -0.45232],
							"rotation": [-2.68352, 0.11712, 0],
							"uv": {
								"north": {"uv": [37, 27], "uv_size": [7.25, 3.25]},
								"east": {"uv": [7, 39], "uv_size": [6, 3.25]},
								"south": {"uv": [38, 4], "uv_size": [7.25, 3.25]},
								"west": {"uv": [40, 31], "uv_size": [6, 3.25]},
								"up": {"uv": [30, 7], "uv_size": [7.25, 6]},
								"down": {"uv": [32, 40], "uv_size": [7.25, -6]}
							}
						},
						{
							"origin": [-3.47187, 29.29848, -3.9568],
							"size": [6.7081, 3.15751, 1.02807],
							"inflate": 0.4,
							"pivot": [-0.11782, 30.87723, -3.6247],
							"rotation": [10, 0, 0],
							"uv": {
								"north": {"uv": [38, 8], "uv_size": [6.75, 3.25]},
								"east": {"uv": [25, 57], "uv_size": [1, 3.25]},
								"south": {"uv": [0, 39], "uv_size": [6.75, 3.25]},
								"west": {"uv": [38, 57], "uv_size": [1, 3.25]},
								"up": {"uv": [52, 26], "uv_size": [6.75, 1]},
								"down": {"uv": [55, 37], "uv_size": [6.75, -1]}
							}
						},
						{
							"origin": [-2.99742, 29.54661, 2.45511],
							"size": [0.97572, 1.90498, 0.78987],
							"inflate": 0.4,
							"pivot": [-2.47118, 30.87635, 2.79246],
							"rotation": [148.95892, -9.44624, 6.20879],
							"uv": {
								"north": {"uv": [47, 43], "uv_size": [1, 2]},
								"east": {"uv": [20, 61], "uv_size": [0.75, 2]},
								"south": {"uv": [50, 6], "uv_size": [1, 2]},
								"west": {"uv": [25, 61], "uv_size": [0.75, 2]},
								"up": {"uv": [45, 30], "uv_size": [1, 0.75]},
								"down": {"uv": [10, 55.75], "uv_size": [1, -0.75]}
							}
						},
						{
							"origin": [2.0217, 29.54661, 2.45511],
							"size": [0.97572, 1.90498, 0.78987],
							"inflate": 0.4,
							"pivot": [2.47118, 30.87635, 2.79246],
							"rotation": [148.95892, 9.44624, -6.20879],
							"uv": {
								"north": {"uv": [29, 51], "uv_size": [1, 2]},
								"east": {"uv": [38, 61], "uv_size": [0.75, 2]},
								"south": {"uv": [43, 52], "uv_size": [1, 2]},
								"west": {"uv": [61, 46], "uv_size": [0.75, 2]},
								"up": {"uv": [59, 53], "uv_size": [1, 0.75]},
								"down": {"uv": [4, 62.75], "uv_size": [1, -0.75]}
							}
						},
						{
							"origin": [0.54246, 29.50956, 2.51246],
							"size": [0.97572, 1.89228, 0.78987],
							"inflate": 0.4,
							"pivot": [1.03032, 30.03119, 2.90739],
							"rotation": [9.44735, -4.3291, 4.62138],
							"uv": {
								"north": {"uv": [42, 58], "uv_size": [1, 2]},
								"east": {"uv": [47, 61], "uv_size": [0.75, 2]},
								"south": {"uv": [47, 59], "uv_size": [1, 2]},
								"west": {"uv": [61, 48], "uv_size": [0.75, 2]},
								"up": {"uv": [62, 4], "uv_size": [1, 0.75]},
								"down": {"uv": [5, 62.75], "uv_size": [1, -0.75]}
							}
						},
						{
							"origin": [-1.60929, 28.88366, 2.44764],
							"size": [0.97572, 2.37744, 0.78987],
							"inflate": 0.4,
							"pivot": [-2.18286, 30.79918, 2.61077],
							"rotation": [9.44735, 4.3291, -4.62138],
							"uv": {
								"north": {"uv": [37, 4], "uv_size": [1, 2.5]},
								"east": {"uv": [48, 59], "uv_size": [0.75, 2.5]},
								"south": {"uv": [20, 58], "uv_size": [1, 2.5]},
								"west": {"uv": [49, 59], "uv_size": [0.75, 2.5]},
								"up": {"uv": [62, 5], "uv_size": [1, 0.75]},
								"down": {"uv": [6, 62.75], "uv_size": [1, -0.75]}
							}
						}
					]
				},
				{
					"name": "bone",
					"pivot": [0, 12.72, 0]
				}
			]
		}
	]
}