{
	"format_version": "1.12.0",
	"minecraft:geometry": [
		{
			"description": {
				"identifier": "geometry.deku",
				"texture_width": 64,
				"texture_height": 64,
				"visible_bounds_width": 3,
				"visible_bounds_height": 3.5,
				"visible_bounds_offset": [0, 1.25, 0]
			},
			"bones": [
				{
					"name": "Tudo",
					"pivot": [0, 12.72, 0]
				},
				{
					"name": "Corpo",
					"parent": "Tudo",
					"pivot": [0, 24.60557, 0],
					"cubes": [
						{
							"origin": [-4.10093, 12.30278, -2.05046],
							"size": [8.20186, 12.30278, 4.10093],
							"uv": {
								"north": {"uv": [0, 0], "uv_size": [8.25, 12.25]},
								"east": {"uv": [0, 13], "uv_size": [4, 12.25]},
								"south": {"uv": [9, 0], "uv_size": [8.25, 12.25]},
								"west": {"uv": [4, 13], "uv_size": [4, 12.25]},
								"up": {"uv": [37, 40], "uv_size": [8.25, 4]},
								"down": {"uv": [41, 18], "uv_size": [8.25, -4]}
							}
						},
						{
							"origin": [-4.52, 22.12, -4.52],
							"size": [5.04, 3.04, 5.04],
							"pivot": [0, 27.64, 0],
							"rotation": [19.46146, -42.94587, -12.98308],
							"uv": {
								"north": {"uv": [16, 48], "uv_size": [5, 3]},
								"east": {"uv": [21, 48], "uv_size": [-5, 3]},
								"south": {"uv": [48, 44], "uv_size": [5, 3]},
								"west": {"uv": [48, 47], "uv_size": [5, 3]},
								"up": {"uv": [30, 7], "uv_size": [5, 5]},
								"down": {"uv": [41, 23], "uv_size": [5, -5]}
							}
						}
					],
					"locators": {
						"ofabb": [0, 19, -22]
					}
				},
				{
					"name": "rightBraco",
					"parent": "Corpo",
					"pivot": [-5.12616, 22.5551, 0],
					"cubes": [
						{
							"origin": [-8.20186, 12.30278, -2.05046],
							"size": [4.10093, 12.30278, 4.10093],
							"uv": {
								"north": {"uv": [8, 13], "uv_size": [4, 12.25]},
								"east": {"uv": [12, 13], "uv_size": [4, 12.25]},
								"south": {"uv": [16, 13], "uv_size": [4, 12.25]},
								"west": {"uv": [18, 0], "uv_size": [4, 12.25]},
								"up": {"uv": [45, 0], "uv_size": [4, 4]},
								"down": {"uv": [8, 49], "uv_size": [4, -4]}
							}
						},
						{
							"origin": [-8.20186, 17.30278, -2.05046],
							"size": [4.10093, 3.30278, 4.10093],
							"inflate": 0.3,
							"uv": {
								"north": {"uv": [49, 0], "uv_size": [4, 3.25]},
								"east": {"uv": [8, 49], "uv_size": [4, 3.25]},
								"south": {"uv": [12, 49], "uv_size": [4, 3.25]},
								"west": {"uv": [32, 49], "uv_size": [4, 3.25]},
								"up": {"uv": [28, 46], "uv_size": [4, 4]},
								"down": {"uv": [46, 34], "uv_size": [4, -4]}
							}
						}
					],
					"locators": {
						"ofaglint": [-6, 11, 0]
					}
				},
				{
					"name": "leftBraco",
					"parent": "Corpo",
					"pivot": [5.12616, 22.5551, 0],
					"cubes": [
						{
							"origin": [4.10093, 12.30278, -2.05046],
							"size": [4.10093, 12.30278, 4.10093],
							"uv": {
								"north": {"uv": [37, 14], "uv_size": [4, 12.25]},
								"east": {"uv": [37, 27], "uv_size": [4, 12.25]},
								"south": {"uv": [0, 39], "uv_size": [4, 12.25]},
								"west": {"uv": [4, 39], "uv_size": [4, 12.25]},
								"up": {"uv": [46, 34], "uv_size": [4, 4]},
								"down": {"uv": [46, 42], "uv_size": [4, -4]}
							}
						},
						{
							"origin": [4.10093, 17.30278, -2.05046],
							"size": [4.10093, 3.30278, 4.10093],
							"inflate": 0.3,
							"uv": {
								"north": {"uv": [36, 49], "uv_size": [4, 3.25]},
								"east": {"uv": [40, 49], "uv_size": [4, 3.25]},
								"south": {"uv": [44, 49], "uv_size": [4, 3.25]},
								"west": {"uv": [50, 12], "uv_size": [4, 3.25]},
								"up": {"uv": [47, 4], "uv_size": [4, 4]},
								"down": {"uv": [47, 12], "uv_size": [4, -4]}
							}
						}
					],
					"locators": {
						"ofaglint2": [6, 11, 0]
					}
				},
				{
					"name": "rightPerna",
					"parent": "Corpo",
					"pivot": [-1.94794, 12.30278, 0],
					"cubes": [
						{
							"origin": [-3.9984, 0, -2.05046],
							"size": [4.10093, 12.30278, 4.10093],
							"uv": {
								"north": {"uv": [20, 13], "uv_size": [4, 12.25]},
								"east": {"uv": [22, 0], "uv_size": [4, 12.25]},
								"south": {"uv": [24, 13], "uv_size": [4, 12.25]},
								"west": {"uv": [0, 26], "uv_size": [4, 12.25]},
								"up": {"uv": [12, 45], "uv_size": [4, 4]},
								"down": {"uv": [46, 22], "uv_size": [4, -4]}
							}
						},
						{
							"origin": [-4.10093, -0.10252, -2.17349],
							"size": [4.34698, 2.6656, 4.34698],
							"uv": {
								"north": {"uv": [50, 20], "uv_size": [4.25, 2.75]},
								"east": {"uv": [50, 23], "uv_size": [4.25, 2.75]},
								"south": {"uv": [26, 50], "uv_size": [4.25, 2.75]},
								"west": {"uv": [50, 26], "uv_size": [4.25, 2.75]},
								"up": {"uv": [41, 23], "uv_size": [4.25, 4.25]},
								"down": {"uv": [28, 45.25], "uv_size": [4.25, -4.25]}
							}
						},
						{
							"origin": [-4.10093, 4.89748, -2.17349],
							"size": [4.34698, 2.6656, 4.34698],
							"uv": {
								"north": {"uv": [48, 50], "uv_size": [4.25, 2.75]},
								"east": {"uv": [51, 4], "uv_size": [4.25, 2.75]},
								"south": {"uv": [51, 7], "uv_size": [4.25, 2.75]},
								"west": {"uv": [16, 51], "uv_size": [4.25, 2.75]},
								"up": {"uv": [42, 6], "uv_size": [4.25, 4.25]},
								"down": {"uv": [33, 48.25], "uv_size": [4.25, -4.25]}
							}
						}
					]
				},
				{
					"name": "leftPerna",
					"parent": "Corpo",
					"pivot": [1.94794, 12.30278, 0],
					"cubes": [
						{
							"origin": [-0.10253, 0, -2.05046],
							"size": [4.10093, 12.30278, 4.10093],
							"uv": {
								"north": {"uv": [26, 0], "uv_size": [4, 12.25]},
								"east": {"uv": [4, 26], "uv_size": [4, 12.25]},
								"south": {"uv": [8, 26], "uv_size": [4, 12.25]},
								"west": {"uv": [12, 26], "uv_size": [4, 12.25]},
								"up": {"uv": [46, 22], "uv_size": [4, 4]},
								"down": {"uv": [46, 30], "uv_size": [4, -4]}
							}
						},
						{
							"origin": [-0.24605, -0.10252, -2.17349],
							"size": [4.34698, 2.6656, 4.34698],
							"uv": {
								"north": {"uv": [50, 29], "uv_size": [4.25, 2.75]},
								"east": {"uv": [50, 32], "uv_size": [4.25, 2.75]},
								"south": {"uv": [50, 35], "uv_size": [4.25, 2.75]},
								"west": {"uv": [50, 38], "uv_size": [4.25, 2.75]},
								"up": {"uv": [41, 28], "uv_size": [4.25, 4.25]},
								"down": {"uv": [41, 37.25], "uv_size": [4.25, -4.25]}
							}
						},
						{
							"origin": [-0.24605, 4.89748, -2.17349],
							"size": [4.34698, 2.6656, 4.34698],
							"uv": {
								"north": {"uv": [21, 51], "uv_size": [4.25, 2.75]},
								"east": {"uv": [0, 52], "uv_size": [4.25, 2.75]},
								"south": {"uv": [53, 0], "uv_size": [4.25, 2.75]},
								"west": {"uv": [5, 53], "uv_size": [4.25, 2.75]},
								"up": {"uv": [38, 44], "uv_size": [4.25, 4.25]},
								"down": {"uv": [43, 48.25], "uv_size": [4.25, -4.25]}
							}
						}
					]
				},
				{
					"name": "head",
					"parent": "Corpo",
					"pivot": [0, 24.12, 0],
					"cubes": [
						{
							"origin": [-3.52, 24.12, -3.52],
							"size": [7.04, 7.04, 7.04],
							"uv": {
								"north": {"uv": [16, 26], "uv_size": [7, 7]},
								"east": {"uv": [23, 26], "uv_size": [7, 7]},
								"south": {"uv": [28, 13], "uv_size": [7, 7]},
								"west": {"uv": [30, 0], "uv_size": [7, 7]},
								"up": {"uv": [30, 20], "uv_size": [7, 7]},
								"down": {"uv": [30, 34], "uv_size": [7, -7]}
							}
						}
					]
				},
				{
					"name": "Cabelo",
					"parent": "head",
					"pivot": [0, 32.5627, 0.15125],
					"cubes": [
						{
							"origin": [-3.5211, 30.52554, -4.10795],
							"size": [7.0422, 2.3474, 8.80275],
							"uv": {
								"north": {"uv": [50, 16], "uv_size": [6, 2]},
								"east": {"uv": [42, 12], "uv_size": [7.5, 2]},
								"south": {"uv": [50, 18], "uv_size": [6, 2]},
								"west": {"uv": [46, 42], "uv_size": [7.5, 2]},
								"up": {"uv": [16, 40], "uv_size": [6, 7.5]},
								"down": {"uv": [22, 47.5], "uv_size": [6, -7.5]}
							}
						},
						{
							"origin": [-4.6948, 30.52554, -3.5211],
							"size": [9.3896, 1.1737, 7.0422],
							"uv": {
								"north": {"uv": [50, 41], "uv_size": [8, 1]},
								"east": {"uv": [51, 11], "uv_size": [6, 1]},
								"south": {"uv": [51, 10], "uv_size": [8, 1]},
								"west": {"uv": [53, 3], "uv_size": [6, 1]},
								"up": {"uv": [37, 0], "uv_size": [8, 6]},
								"down": {"uv": [8, 45], "uv_size": [8, -6]}
							}
						}
					]
				},
				{
					"name": "Mecha7",
					"parent": "Cabelo",
					"pivot": [-3.20248, 27.77756, -2.71748],
					"rotation": [11.22283, -68.70403, -71.09866],
					"cubes": [
						{
							"origin": [-3.3876, 29.52223, -6.75088],
							"size": [1.23943, 1.23943, 1.23943],
							"pivot": [-3.28748, 26.45216, -2.42664],
							"rotation": [10, 0, 0],
							"uv": {
								"north": {"uv": [34, 12], "uv_size": [1, 1]},
								"east": {"uv": [41, 6], "uv_size": [1, 1]},
								"south": {"uv": [46, 11], "uv_size": [1, 1]},
								"west": {"uv": [32, 48], "uv_size": [1, 1]},
								"up": {"uv": [31, 52], "uv_size": [1, 1]},
								"down": {"uv": [25, 55], "uv_size": [1, -1]}
							}
						},
						{
							"origin": [-3.3876, 28.16377, -7.39043],
							"size": [1.23943, 0.61971, 1.23943],
							"pivot": [-3.28748, 25.34856, -2.48952],
							"rotation": [-2.5, 0, 0],
							"uv": {
								"north": {"uv": [61, 56], "uv_size": [1, 0.5]},
								"east": {"uv": [57, 61], "uv_size": [1, 0.5]},
								"south": {"uv": [61, 57], "uv_size": [1, 0.5]},
								"west": {"uv": [58, 61], "uv_size": [1, 0.5]},
								"up": {"uv": [19, 57], "uv_size": [1, 1]},
								"down": {"uv": [57, 31], "uv_size": [1, -1]}
							}
						},
						{
							"origin": [-3.16451, 31.28001, -6.09423],
							"size": [1.01633, 1.01633, 1.01633],
							"pivot": [-3.17593, 27.50175, -2.47093],
							"rotation": [20, 0, 0],
							"uv": {
								"north": {"uv": [26, 60], "uv_size": [0.75, 0.75]},
								"east": {"uv": [60, 26], "uv_size": [0.75, 0.75]},
								"south": {"uv": [27, 60], "uv_size": [0.75, 0.75]},
								"west": {"uv": [60, 27], "uv_size": [0.75, 0.75]},
								"up": {"uv": [28, 60], "uv_size": [0.75, 0.75]},
								"down": {"uv": [60, 28.75], "uv_size": [0.75, -0.75]}
							}
						},
						{
							"origin": [-2.93075, 32.84756, -5.14825],
							"size": [0.78258, 1.25976, 0.78258],
							"pivot": [-3.05905, 28.96641, -3.08379],
							"rotation": [40, 0, 0],
							"uv": {
								"north": {"uv": [23, 59], "uv_size": [0.75, 1]},
								"east": {"uv": [59, 23], "uv_size": [0.75, 1]},
								"south": {"uv": [24, 59], "uv_size": [0.75, 1]},
								"west": {"uv": [59, 24], "uv_size": [0.75, 1]},
								"up": {"uv": [29, 60], "uv_size": [0.75, 0.75]},
								"down": {"uv": [60, 29.75], "uv_size": [0.75, -0.75]}
							}
						}
					]
				},
				{
					"name": "Mecha6",
					"parent": "Cabelo",
					"pivot": [5.54988, 28.95126, -1.54378],
					"rotation": [-95.16245, 77.15662, 15.25947],
					"cubes": [
						{
							"origin": [6.46163, 28.02332, -2.92769],
							"size": [1.01633, 1.01633, 1.01633],
							"pivot": [6.10013, 28.16866, 2.33404],
							"rotation": [20, 0, 0],
							"uv": {
								"north": {"uv": [30, 60], "uv_size": [0.75, 0.75]},
								"east": {"uv": [60, 30], "uv_size": [0.75, 0.75]},
								"south": {"uv": [31, 60], "uv_size": [0.75, 0.75]},
								"west": {"uv": [60, 31], "uv_size": [0.75, 0.75]},
								"up": {"uv": [32, 60], "uv_size": [0.75, 0.75]},
								"down": {"uv": [60, 32.75], "uv_size": [0.75, -0.75]}
							}
						},
						{
							"origin": [6.46163, 30.38787, -3.22485],
							"size": [0.78258, 1.25976, 0.78258],
							"pivot": [5.98325, 29.63332, 1.72118],
							"rotation": [40, 0, 0],
							"uv": {
								"north": {"uv": [25, 59], "uv_size": [0.75, 1]},
								"east": {"uv": [59, 25], "uv_size": [0.75, 1]},
								"south": {"uv": [26, 59], "uv_size": [0.75, 1]},
								"west": {"uv": [59, 26], "uv_size": [0.75, 1]},
								"up": {"uv": [33, 60], "uv_size": [0.75, 0.75]},
								"down": {"uv": [60, 33.75], "uv_size": [0.75, -0.75]}
							}
						}
					]
				},
				{
					"name": "Mecha3",
					"parent": "Cabelo",
					"pivot": [-4.37618, 26.60386, -1.54378],
					"rotation": [-38.3575, -78.09941, -52.68989],
					"cubes": [
						{
							"origin": [-5.45934, 25.93222, -6.65263],
							"size": [1.23943, 1.23943, 1.23943],
							"pivot": [-4.46118, 25.27846, -1.25294],
							"rotation": [10, 0, 0],
							"uv": {
								"north": {"uv": [57, 31], "uv_size": [1, 1]},
								"east": {"uv": [57, 32], "uv_size": [1, 1]},
								"south": {"uv": [57, 33], "uv_size": [1, 1]},
								"west": {"uv": [57, 34], "uv_size": [1, 1]},
								"up": {"uv": [35, 57], "uv_size": [1, 1]},
								"down": {"uv": [57, 36], "uv_size": [1, -1]}
							}
						},
						{
							"origin": [-5.45934, 24.39827, -6.7437],
							"size": [1.23943, 0.61971, 1.23943],
							"pivot": [-4.46118, 24.17486, -1.31582],
							"rotation": [-2.5, 0, 0],
							"uv": {
								"north": {"uv": [61, 58], "uv_size": [1, 0.5]},
								"east": {"uv": [59, 61], "uv_size": [1, 0.5]},
								"south": {"uv": [61, 59], "uv_size": [1, 0.5]},
								"west": {"uv": [60, 61], "uv_size": [1, 0.5]},
								"up": {"uv": [57, 36], "uv_size": [1, 1]},
								"down": {"uv": [57, 38], "uv_size": [1, -1]}
							}
						},
						{
							"origin": [-5.23624, 27.91346, -6.39922],
							"size": [1.01633, 1.01633, 1.01633],
							"pivot": [-4.34963, 26.32805, -1.29723],
							"rotation": [20, 0, 0],
							"uv": {
								"north": {"uv": [34, 60], "uv_size": [0.75, 0.75]},
								"east": {"uv": [60, 34], "uv_size": [0.75, 0.75]},
								"south": {"uv": [35, 60], "uv_size": [0.75, 0.75]},
								"west": {"uv": [60, 35], "uv_size": [0.75, 0.75]},
								"up": {"uv": [36, 60], "uv_size": [0.75, 0.75]},
								"down": {"uv": [60, 36.75], "uv_size": [0.75, -0.75]}
							}
						},
						{
							"origin": [-5.00249, 30.11899, -6.11407],
							"size": [0.78258, 1.25976, 0.78258],
							"pivot": [-4.23275, 27.79271, -1.91009],
							"rotation": [40, 0, 0],
							"uv": {
								"north": {"uv": [27, 59], "uv_size": [0.75, 1]},
								"east": {"uv": [59, 27], "uv_size": [0.75, 1]},
								"south": {"uv": [28, 59], "uv_size": [0.75, 1]},
								"west": {"uv": [59, 28], "uv_size": [0.75, 1]},
								"up": {"uv": [37, 60], "uv_size": [0.75, 0.75]},
								"down": {"uv": [60, 37.75], "uv_size": [0.75, -0.75]}
							}
						}
					]
				},
				{
					"name": "Mecha8",
					"parent": "Cabelo",
					"pivot": [-4.37618, 31.29866, -3.89118],
					"rotation": [72.53908, -70.44716, 134.13301],
					"cubes": [
						{
							"origin": [-5.08088, 30.42503, -4.8166],
							"size": [1.23943, 1.23943, 1.23943],
							"pivot": [-2.22744, 33.60842, -1.31675],
							"rotation": [10, 0, 0],
							"uv": {
								"north": {"uv": [38, 57], "uv_size": [1, 1]},
								"east": {"uv": [57, 38], "uv_size": [1, 1]},
								"south": {"uv": [57, 39], "uv_size": [1, 1]},
								"west": {"uv": [57, 40], "uv_size": [1, 1]},
								"up": {"uv": [41, 57], "uv_size": [1, 1]},
								"down": {"uv": [42, 58], "uv_size": [1, -1]}
							}
						},
						{
							"origin": [-5.08088, 29.39324, -4.12221],
							"size": [1.23943, 0.61971, 1.23943],
							"pivot": [-2.22744, 32.50483, -1.37963],
							"rotation": [-2.5, 0, 0],
							"uv": {
								"north": {"uv": [61, 60], "uv_size": [1, 0.5]},
								"east": {"uv": [61, 61], "uv_size": [1, 0.5]},
								"south": {"uv": [0, 62], "uv_size": [1, 0.5]},
								"west": {"uv": [62, 0], "uv_size": [1, 0.5]},
								"up": {"uv": [57, 42], "uv_size": [1, 1]},
								"down": {"uv": [57, 44], "uv_size": [1, -1]}
							}
						},
						{
							"origin": [-4.85779, 32.13467, -5.25838],
							"size": [1.01633, 1.01633, 1.01633],
							"pivot": [-2.11589, 34.65802, -1.36104],
							"rotation": [20, 0, 0],
							"uv": {
								"north": {"uv": [38, 60], "uv_size": [0.75, 0.75]},
								"east": {"uv": [60, 38], "uv_size": [0.75, 0.75]},
								"south": {"uv": [39, 60], "uv_size": [0.75, 0.75]},
								"west": {"uv": [60, 39], "uv_size": [0.75, 0.75]},
								"up": {"uv": [40, 60], "uv_size": [0.75, 0.75]},
								"down": {"uv": [60, 40.75], "uv_size": [0.75, -0.75]}
							}
						},
						{
							"origin": [-4.62403, 34.17598, -6.45114],
							"size": [0.78258, 1.25976, 0.78258],
							"pivot": [-1.99902, 36.12268, -1.9739],
							"rotation": [40, 0, 0],
							"uv": {
								"north": {"uv": [29, 59], "uv_size": [0.75, 1]},
								"east": {"uv": [59, 29], "uv_size": [0.75, 1]},
								"south": {"uv": [30, 59], "uv_size": [0.75, 1]},
								"west": {"uv": [59, 30], "uv_size": [0.75, 1]},
								"up": {"uv": [41, 60], "uv_size": [0.75, 0.75]},
								"down": {"uv": [60, 41.75], "uv_size": [0.75, -0.75]}
							}
						}
					]
				},
				{
					"name": "Mecha2",
					"parent": "Cabelo",
					"pivot": [-4.37618, 30.12496, -2.71748],
					"rotation": [-176.89023, -65.73325, 24.91616],
					"cubes": [
						{
							"origin": [-5.08088, 29.25133, -3.6429],
							"size": [1.23943, 1.23943, 1.23943],
							"pivot": [-2.22744, 32.43472, -0.14305],
							"rotation": [10, 0, 0],
							"uv": {
								"north": {"uv": [41, 58], "uv_size": [1, 1]},
								"east": {"uv": [58, 41], "uv_size": [1, 1]},
								"south": {"uv": [42, 58], "uv_size": [1, 1]},
								"west": {"uv": [58, 42], "uv_size": [1, 1]},
								"up": {"uv": [43, 58], "uv_size": [1, 1]},
								"down": {"uv": [58, 44], "uv_size": [1, -1]}
							}
						},
						{
							"origin": [-5.08088, 28.21954, -2.94851],
							"size": [1.23943, 0.61971, 1.23943],
							"pivot": [-2.22744, 31.33113, -0.20593],
							"rotation": [-2.5, 0, 0],
							"uv": {
								"north": {"uv": [35, 62], "uv_size": [1, 0.5]},
								"east": {"uv": [62, 35], "uv_size": [1, 0.5]},
								"south": {"uv": [36, 62], "uv_size": [1, 0.5]},
								"west": {"uv": [62, 36], "uv_size": [1, 0.5]},
								"up": {"uv": [44, 58], "uv_size": [1, 1]},
								"down": {"uv": [58, 45], "uv_size": [1, -1]}
							}
						},
						{
							"origin": [-4.85779, 30.96097, -4.08468],
							"size": [1.01633, 1.01633, 1.01633],
							"pivot": [-2.11589, 33.48432, -0.18734],
							"rotation": [20, 0, 0],
							"uv": {
								"north": {"uv": [61, 16], "uv_size": [0.75, 0.75]},
								"east": {"uv": [17, 61], "uv_size": [0.75, 0.75]},
								"south": {"uv": [61, 17], "uv_size": [0.75, 0.75]},
								"west": {"uv": [18, 61], "uv_size": [0.75, 0.75]},
								"up": {"uv": [61, 18], "uv_size": [0.75, 0.75]},
								"down": {"uv": [19, 61.75], "uv_size": [0.75, -0.75]}
							}
						},
						{
							"origin": [-4.62403, 33.00228, -5.27744],
							"size": [0.78258, 1.25976, 0.78258],
							"pivot": [-1.99902, 34.94898, -0.8002],
							"rotation": [40, 0, 0],
							"uv": {
								"north": {"uv": [6, 60], "uv_size": [0.75, 1]},
								"east": {"uv": [60, 6], "uv_size": [0.75, 1]},
								"south": {"uv": [7, 60], "uv_size": [0.75, 1]},
								"west": {"uv": [60, 7], "uv_size": [0.75, 1]},
								"up": {"uv": [61, 19], "uv_size": [0.75, 0.75]},
								"down": {"uv": [20, 61.75], "uv_size": [0.75, -0.75]}
							}
						}
					]
				},
				{
					"name": "Mecha26",
					"parent": "Cabelo",
					"pivot": [4.37618, 30.12496, -2.71748],
					"rotation": [-176.89023, 65.73325, -24.91616],
					"cubes": [
						{
							"origin": [3.84146, 29.25133, -3.6429],
							"size": [1.23943, 1.23943, 1.23943],
							"pivot": [2.22744, 32.43472, -0.14305],
							"rotation": [10, 0, 0],
							"uv": {
								"north": {"uv": [45, 58], "uv_size": [1, 1]},
								"east": {"uv": [58, 45], "uv_size": [1, 1]},
								"south": {"uv": [46, 58], "uv_size": [1, 1]},
								"west": {"uv": [58, 46], "uv_size": [1, 1]},
								"up": {"uv": [47, 58], "uv_size": [1, 1]},
								"down": {"uv": [58, 48], "uv_size": [1, -1]}
							}
						},
						{
							"origin": [3.84146, 28.21954, -2.94851],
							"size": [1.23943, 0.61971, 1.23943],
							"pivot": [2.22744, 31.33113, -0.20593],
							"rotation": [-2.5, 0, 0],
							"uv": {
								"north": {"uv": [37, 62], "uv_size": [1, 0.5]},
								"east": {"uv": [62, 37], "uv_size": [1, 0.5]},
								"south": {"uv": [38, 62], "uv_size": [1, 0.5]},
								"west": {"uv": [62, 38], "uv_size": [1, 0.5]},
								"up": {"uv": [48, 58], "uv_size": [1, 1]},
								"down": {"uv": [58, 49], "uv_size": [1, -1]}
							}
						},
						{
							"origin": [3.84146, 30.96097, -4.08468],
							"size": [1.01633, 1.01633, 1.01633],
							"pivot": [2.11589, 33.48432, -0.18734],
							"rotation": [20, 0, 0],
							"uv": {
								"north": {"uv": [61, 20], "uv_size": [0.75, 0.75]},
								"east": {"uv": [21, 61], "uv_size": [0.75, 0.75]},
								"south": {"uv": [61, 21], "uv_size": [0.75, 0.75]},
								"west": {"uv": [22, 61], "uv_size": [0.75, 0.75]},
								"up": {"uv": [61, 22], "uv_size": [0.75, 0.75]},
								"down": {"uv": [23, 61.75], "uv_size": [0.75, -0.75]}
							}
						},
						{
							"origin": [3.84146, 33.00228, -5.27744],
							"size": [0.78258, 1.25976, 0.78258],
							"pivot": [1.99902, 34.94898, -0.8002],
							"rotation": [40, 0, 0],
							"uv": {
								"north": {"uv": [8, 60], "uv_size": [0.75, 1]},
								"east": {"uv": [60, 8], "uv_size": [0.75, 1]},
								"south": {"uv": [9, 60], "uv_size": [0.75, 1]},
								"west": {"uv": [60, 9], "uv_size": [0.75, 1]},
								"up": {"uv": [61, 23], "uv_size": [0.75, 0.75]},
								"down": {"uv": [24, 61.75], "uv_size": [0.75, -0.75]}
							}
						}
					]
				},
				{
					"name": "Mecha27",
					"parent": "Cabelo",
					"pivot": [4.37618, 30.12496, -0.37008],
					"rotation": [-126.89023, 65.73325, -24.91616],
					"cubes": [
						{
							"origin": [3.84146, 29.25133, -1.2955],
							"size": [1.23943, 1.23943, 1.23943],
							"pivot": [2.22744, 32.43472, 2.20435],
							"rotation": [10, 0, 0],
							"uv": {
								"north": {"uv": [49, 58], "uv_size": [1, 1]},
								"east": {"uv": [58, 49], "uv_size": [1, 1]},
								"south": {"uv": [50, 58], "uv_size": [1, 1]},
								"west": {"uv": [58, 50], "uv_size": [1, 1]},
								"up": {"uv": [51, 58], "uv_size": [1, 1]},
								"down": {"uv": [58, 52], "uv_size": [1, -1]}
							}
						},
						{
							"origin": [3.84146, 28.21954, -0.60111],
							"size": [1.23943, 0.61971, 1.23943],
							"pivot": [2.22744, 31.33113, 2.14147],
							"rotation": [-2.5, 0, 0],
							"uv": {
								"north": {"uv": [39, 62], "uv_size": [1, 0.5]},
								"east": {"uv": [62, 39], "uv_size": [1, 0.5]},
								"south": {"uv": [40, 62], "uv_size": [1, 0.5]},
								"west": {"uv": [62, 40], "uv_size": [1, 0.5]},
								"up": {"uv": [52, 58], "uv_size": [1, 1]},
								"down": {"uv": [58, 53], "uv_size": [1, -1]}
							}
						},
						{
							"origin": [3.84146, 30.96097, -1.73728],
							"size": [1.01633, 1.01633, 1.01633],
							"pivot": [2.11589, 33.48432, 2.16006],
							"rotation": [20, 0, 0],
							"uv": {
								"north": {"uv": [61, 24], "uv_size": [0.75, 0.75]},
								"east": {"uv": [25, 61], "uv_size": [0.75, 0.75]},
								"south": {"uv": [61, 25], "uv_size": [0.75, 0.75]},
								"west": {"uv": [26, 61], "uv_size": [0.75, 0.75]},
								"up": {"uv": [61, 26], "uv_size": [0.75, 0.75]},
								"down": {"uv": [27, 61.75], "uv_size": [0.75, -0.75]}
							}
						},
						{
							"origin": [3.84146, 33.00228, -2.93004],
							"size": [0.78258, 1.25976, 0.78258],
							"pivot": [1.99902, 34.94898, 1.5472],
							"rotation": [40, 0, 0],
							"uv": {
								"north": {"uv": [10, 60], "uv_size": [0.75, 1]},
								"east": {"uv": [60, 10], "uv_size": [0.75, 1]},
								"south": {"uv": [11, 60], "uv_size": [0.75, 1]},
								"west": {"uv": [60, 11], "uv_size": [0.75, 1]},
								"up": {"uv": [61, 27], "uv_size": [0.75, 0.75]},
								"down": {"uv": [28, 61.75], "uv_size": [0.75, -0.75]}
							}
						}
					]
				},
				{
					"name": "Mecha28",
					"parent": "Cabelo",
					"pivot": [-4.37618, 30.12496, -0.37008],
					"rotation": [-117.1047, -57.21557, 13.81708],
					"cubes": [
						{
							"origin": [-5.08088, 29.25133, -1.2955],
							"size": [1.23943, 1.23943, 1.23943],
							"pivot": [-2.22744, 32.43472, 2.20435],
							"rotation": [10, 0, 0],
							"uv": {
								"north": {"uv": [53, 58], "uv_size": [1, 1]},
								"east": {"uv": [58, 53], "uv_size": [1, 1]},
								"south": {"uv": [54, 58], "uv_size": [1, 1]},
								"west": {"uv": [58, 54], "uv_size": [1, 1]},
								"up": {"uv": [55, 58], "uv_size": [1, 1]},
								"down": {"uv": [58, 56], "uv_size": [1, -1]}
							}
						},
						{
							"origin": [-5.08088, 28.21954, -0.60111],
							"size": [1.23943, 0.61971, 1.23943],
							"pivot": [-2.22744, 31.33113, 2.14147],
							"rotation": [-2.5, 0, 0],
							"uv": {
								"north": {"uv": [41, 62], "uv_size": [1, 0.5]},
								"east": {"uv": [62, 41], "uv_size": [1, 0.5]},
								"south": {"uv": [42, 62], "uv_size": [1, 0.5]},
								"west": {"uv": [62, 42], "uv_size": [1, 0.5]},
								"up": {"uv": [56, 58], "uv_size": [1, 1]},
								"down": {"uv": [58, 57], "uv_size": [1, -1]}
							}
						},
						{
							"origin": [-4.85779, 30.96097, -1.73728],
							"size": [1.01633, 1.01633, 1.01633],
							"pivot": [-2.11589, 33.48432, 2.16006],
							"rotation": [20, 0, 0],
							"uv": {
								"north": {"uv": [61, 28], "uv_size": [0.75, 0.75]},
								"east": {"uv": [29, 61], "uv_size": [0.75, 0.75]},
								"south": {"uv": [61, 29], "uv_size": [0.75, 0.75]},
								"west": {"uv": [30, 61], "uv_size": [0.75, 0.75]},
								"up": {"uv": [61, 30], "uv_size": [0.75, 0.75]},
								"down": {"uv": [31, 61.75], "uv_size": [0.75, -0.75]}
							}
						},
						{
							"origin": [-4.62403, 33.00228, -2.93004],
							"size": [0.78258, 1.25976, 0.78258],
							"pivot": [-1.99902, 34.94898, 1.5472],
							"rotation": [40, 0, 0],
							"uv": {
								"north": {"uv": [12, 60], "uv_size": [0.75, 1]},
								"east": {"uv": [60, 12], "uv_size": [0.75, 1]},
								"south": {"uv": [13, 60], "uv_size": [0.75, 1]},
								"west": {"uv": [60, 13], "uv_size": [0.75, 1]},
								"up": {"uv": [61, 31], "uv_size": [0.75, 0.75]},
								"down": {"uv": [32, 61.75], "uv_size": [0.75, -0.75]}
							}
						}
					]
				},
				{
					"name": "Mecha29",
					"parent": "Cabelo",
					"pivot": [-4.37618, 31.29866, -1.54378],
					"rotation": [-117.1047, -57.21557, 13.81708],
					"cubes": [
						{
							"origin": [-5.08088, 30.42503, -2.4692],
							"size": [1.23943, 1.23943, 1.23943],
							"pivot": [-2.22744, 33.60842, 1.03065],
							"rotation": [10, 0, 0],
							"uv": {
								"north": {"uv": [57, 58], "uv_size": [1, 1]},
								"east": {"uv": [58, 57], "uv_size": [1, 1]},
								"south": {"uv": [58, 58], "uv_size": [1, 1]},
								"west": {"uv": [0, 59], "uv_size": [1, 1]},
								"up": {"uv": [59, 0], "uv_size": [1, 1]},
								"down": {"uv": [1, 60], "uv_size": [1, -1]}
							}
						},
						{
							"origin": [-5.08088, 29.39324, -1.77481],
							"size": [1.23943, 0.61971, 1.23943],
							"pivot": [-2.22744, 32.50483, 0.96777],
							"rotation": [-2.5, 0, 0],
							"uv": {
								"north": {"uv": [43, 62], "uv_size": [1, 0.5]},
								"east": {"uv": [62, 43], "uv_size": [1, 0.5]},
								"south": {"uv": [44, 62], "uv_size": [1, 0.5]},
								"west": {"uv": [62, 44], "uv_size": [1, 0.5]},
								"up": {"uv": [59, 1], "uv_size": [1, 1]},
								"down": {"uv": [2, 60], "uv_size": [1, -1]}
							}
						},
						{
							"origin": [-4.85779, 32.13467, -2.91098],
							"size": [1.01633, 1.01633, 1.01633],
							"pivot": [-2.11589, 34.65802, 0.98636],
							"rotation": [20, 0, 0],
							"uv": {
								"north": {"uv": [61, 32], "uv_size": [0.75, 0.75]},
								"east": {"uv": [33, 61], "uv_size": [0.75, 0.75]},
								"south": {"uv": [61, 33], "uv_size": [0.75, 0.75]},
								"west": {"uv": [34, 61], "uv_size": [0.75, 0.75]},
								"up": {"uv": [61, 34], "uv_size": [0.75, 0.75]},
								"down": {"uv": [35, 61.75], "uv_size": [0.75, -0.75]}
							}
						},
						{
							"origin": [-4.62403, 34.17598, -4.10374],
							"size": [0.78258, 1.25976, 0.78258],
							"pivot": [-1.99902, 36.12268, 0.3735],
							"rotation": [40, 0, 0],
							"uv": {
								"north": {"uv": [14, 60], "uv_size": [0.75, 1]},
								"east": {"uv": [60, 14], "uv_size": [0.75, 1]},
								"south": {"uv": [15, 60], "uv_size": [0.75, 1]},
								"west": {"uv": [60, 15], "uv_size": [0.75, 1]},
								"up": {"uv": [61, 35], "uv_size": [0.75, 0.75]},
								"down": {"uv": [36, 61.75], "uv_size": [0.75, -0.75]}
							}
						}
					]
				},
				{
					"name": "Mecha30",
					"parent": "Cabelo",
					"pivot": [4.37618, 31.29866, -1.54378],
					"rotation": [-117.1047, 57.21557, -13.81708],
					"cubes": [
						{
							"origin": [3.84146, 30.42503, -2.4692],
							"size": [1.23943, 1.23943, 1.23943],
							"pivot": [2.22744, 33.60842, 1.03065],
							"rotation": [10, 0, 0],
							"uv": {
								"north": {"uv": [59, 2], "uv_size": [1, 1]},
								"east": {"uv": [3, 59], "uv_size": [1, 1]},
								"south": {"uv": [59, 3], "uv_size": [1, 1]},
								"west": {"uv": [4, 59], "uv_size": [1, 1]},
								"up": {"uv": [5, 59], "uv_size": [1, 1]},
								"down": {"uv": [59, 6], "uv_size": [1, -1]}
							}
						},
						{
							"origin": [3.84146, 29.39324, -1.77481],
							"size": [1.23943, 0.61971, 1.23943],
							"pivot": [2.22744, 32.50483, 0.96777],
							"rotation": [-2.5, 0, 0],
							"uv": {
								"north": {"uv": [45, 62], "uv_size": [1, 0.5]},
								"east": {"uv": [62, 45], "uv_size": [1, 0.5]},
								"south": {"uv": [46, 62], "uv_size": [1, 0.5]},
								"west": {"uv": [62, 46], "uv_size": [1, 0.5]},
								"up": {"uv": [6, 59], "uv_size": [1, 1]},
								"down": {"uv": [59, 7], "uv_size": [1, -1]}
							}
						},
						{
							"origin": [3.84146, 32.13467, -2.91098],
							"size": [1.01633, 1.01633, 1.01633],
							"pivot": [2.11589, 34.65802, 0.98636],
							"rotation": [20, 0, 0],
							"uv": {
								"north": {"uv": [61, 36], "uv_size": [0.75, 0.75]},
								"east": {"uv": [37, 61], "uv_size": [0.75, 0.75]},
								"south": {"uv": [61, 37], "uv_size": [0.75, 0.75]},
								"west": {"uv": [38, 61], "uv_size": [0.75, 0.75]},
								"up": {"uv": [61, 38], "uv_size": [0.75, 0.75]},
								"down": {"uv": [39, 61.75], "uv_size": [0.75, -0.75]}
							}
						},
						{
							"origin": [3.84146, 34.17598, -4.10374],
							"size": [0.78258, 1.25976, 0.78258],
							"pivot": [1.99902, 36.12268, 0.3735],
							"rotation": [40, 0, 0],
							"uv": {
								"north": {"uv": [16, 60], "uv_size": [0.75, 1]},
								"east": {"uv": [60, 16], "uv_size": [0.75, 1]},
								"south": {"uv": [17, 60], "uv_size": [0.75, 1]},
								"west": {"uv": [60, 17], "uv_size": [0.75, 1]},
								"up": {"uv": [61, 39], "uv_size": [0.75, 0.75]},
								"down": {"uv": [40, 61.75], "uv_size": [0.75, -0.75]}
							}
						}
					]
				},
				{
					"name": "Mecha31",
					"parent": "Cabelo",
					"pivot": [3.37618, 28.95126, 0.80362],
					"rotation": [175.3953, 57.21557, -13.81708],
					"cubes": [
						{
							"origin": [2.84146, 28.07763, -0.1218],
							"size": [1.23943, 1.23943, 1.23943],
							"pivot": [1.22744, 31.26102, 3.37805],
							"rotation": [10, 0, 0],
							"uv": {
								"north": {"uv": [7, 59], "uv_size": [1, 1]},
								"east": {"uv": [59, 7], "uv_size": [1, 1]},
								"south": {"uv": [8, 59], "uv_size": [1, 1]},
								"west": {"uv": [59, 8], "uv_size": [1, 1]},
								"up": {"uv": [9, 59], "uv_size": [1, 1]},
								"down": {"uv": [59, 10], "uv_size": [1, -1]}
							}
						},
						{
							"origin": [2.84146, 27.04584, 0.57259],
							"size": [1.23943, 0.61971, 1.23943],
							"pivot": [1.22744, 30.15743, 3.31517],
							"rotation": [-2.5, 0, 0],
							"uv": {
								"north": {"uv": [47, 62], "uv_size": [1, 0.5]},
								"east": {"uv": [62, 47], "uv_size": [1, 0.5]},
								"south": {"uv": [48, 62], "uv_size": [1, 0.5]},
								"west": {"uv": [62, 48], "uv_size": [1, 0.5]},
								"up": {"uv": [10, 59], "uv_size": [1, 1]},
								"down": {"uv": [59, 11], "uv_size": [1, -1]}
							}
						},
						{
							"origin": [2.84146, 29.78727, -0.56358],
							"size": [1.01633, 1.01633, 1.01633],
							"pivot": [1.11589, 32.31062, 3.33376],
							"rotation": [20, 0, 0],
							"uv": {
								"north": {"uv": [61, 40], "uv_size": [0.75, 0.75]},
								"east": {"uv": [41, 61], "uv_size": [0.75, 0.75]},
								"south": {"uv": [61, 41], "uv_size": [0.75, 0.75]},
								"west": {"uv": [42, 61], "uv_size": [0.75, 0.75]},
								"up": {"uv": [61, 42], "uv_size": [0.75, 0.75]},
								"down": {"uv": [43, 61.75], "uv_size": [0.75, -0.75]}
							}
						},
						{
							"origin": [2.84146, 31.82858, -1.75634],
							"size": [0.78258, 1.25976, 0.78258],
							"pivot": [0.99902, 33.77528, 2.7209],
							"rotation": [40, 0, 0],
							"uv": {
								"north": {"uv": [18, 60], "uv_size": [0.75, 1]},
								"east": {"uv": [60, 18], "uv_size": [0.75, 1]},
								"south": {"uv": [19, 60], "uv_size": [0.75, 1]},
								"west": {"uv": [60, 19], "uv_size": [0.75, 1]},
								"up": {"uv": [61, 43], "uv_size": [0.75, 0.75]},
								"down": {"uv": [44, 61.75], "uv_size": [0.75, -0.75]}
							}
						}
					]
				},
				{
					"name": "Mecha35",
					"parent": "Cabelo",
					"pivot": [-3.37618, 28.95126, 0.80362],
					"rotation": [175.3953, -57.21557, 13.81708],
					"cubes": [
						{
							"origin": [-4.08088, 28.07763, -0.1218],
							"size": [1.23943, 1.23943, 1.23943],
							"pivot": [-1.22744, 31.26102, 3.37805],
							"rotation": [10, 0, 0],
							"uv": {
								"north": {"uv": [8, 59], "uv_size": [-1, 1]},
								"east": {"uv": [60, 8], "uv_size": [-1, 1]},
								"south": {"uv": [9, 59], "uv_size": [-1, 1]},
								"west": {"uv": [60, 7], "uv_size": [-1, 1]},
								"up": {"uv": [10, 59], "uv_size": [-1, 1]},
								"down": {"uv": [60, 10], "uv_size": [-1, -1]}
							}
						},
						{
							"origin": [-4.08088, 27.04584, 0.57259],
							"size": [1.23943, 0.61971, 1.23943],
							"pivot": [-1.22744, 30.15743, 3.31517],
							"rotation": [-2.5, 0, 0],
							"uv": {
								"north": {"uv": [48, 62], "uv_size": [-1, 0.5]},
								"east": {"uv": [63, 48], "uv_size": [-1, 0.5]},
								"south": {"uv": [49, 62], "uv_size": [-1, 0.5]},
								"west": {"uv": [63, 47], "uv_size": [-1, 0.5]},
								"up": {"uv": [11, 59], "uv_size": [-1, 1]},
								"down": {"uv": [60, 11], "uv_size": [-1, -1]}
							}
						},
						{
							"origin": [-3.85779, 29.78727, -0.56358],
							"size": [1.01633, 1.01633, 1.01633],
							"pivot": [-1.11589, 32.31062, 3.33376],
							"rotation": [20, 0, 0],
							"uv": {
								"north": {"uv": [61.75, 40], "uv_size": [-0.75, 0.75]},
								"east": {"uv": [42.75, 61], "uv_size": [-0.75, 0.75]},
								"south": {"uv": [61.75, 41], "uv_size": [-0.75, 0.75]},
								"west": {"uv": [41.75, 61], "uv_size": [-0.75, 0.75]},
								"up": {"uv": [61.75, 42], "uv_size": [-0.75, 0.75]},
								"down": {"uv": [43.75, 61.75], "uv_size": [-0.75, -0.75]}
							}
						},
						{
							"origin": [-3.62403, 31.82858, -1.75634],
							"size": [0.78258, 1.25976, 0.78258],
							"pivot": [-0.99902, 33.77528, 2.7209],
							"rotation": [40, 0, 0],
							"uv": {
								"north": {"uv": [18.75, 60], "uv_size": [-0.75, 1]},
								"east": {"uv": [60.75, 19], "uv_size": [-0.75, 1]},
								"south": {"uv": [19.75, 60], "uv_size": [-0.75, 1]},
								"west": {"uv": [60.75, 18], "uv_size": [-0.75, 1]},
								"up": {"uv": [61.75, 43], "uv_size": [-0.75, 0.75]},
								"down": {"uv": [44.75, 61.75], "uv_size": [-0.75, -0.75]}
							}
						}
					]
				},
				{
					"name": "Mecha32",
					"parent": "Cabelo",
					"pivot": [-4.37618, 28.95126, 0.80362],
					"rotation": [-164.6047, -57.21557, 13.81708],
					"cubes": [
						{
							"origin": [-5.08088, 28.07763, -0.1218],
							"size": [1.23943, 1.23943, 1.23943],
							"pivot": [-2.22744, 31.26102, 3.37805],
							"rotation": [10, 0, 0],
							"uv": {
								"north": {"uv": [11, 59], "uv_size": [1, 1]},
								"east": {"uv": [59, 11], "uv_size": [1, 1]},
								"south": {"uv": [12, 59], "uv_size": [1, 1]},
								"west": {"uv": [59, 12], "uv_size": [1, 1]},
								"up": {"uv": [13, 59], "uv_size": [1, 1]},
								"down": {"uv": [59, 14], "uv_size": [1, -1]}
							}
						},
						{
							"origin": [-5.08088, 27.04584, 0.57259],
							"size": [1.23943, 0.61971, 1.23943],
							"pivot": [-2.22744, 30.15743, 3.31517],
							"rotation": [-2.5, 0, 0],
							"uv": {
								"north": {"uv": [49, 62], "uv_size": [1, 0.5]},
								"east": {"uv": [62, 49], "uv_size": [1, 0.5]},
								"south": {"uv": [50, 62], "uv_size": [1, 0.5]},
								"west": {"uv": [62, 50], "uv_size": [1, 0.5]},
								"up": {"uv": [14, 59], "uv_size": [1, 1]},
								"down": {"uv": [59, 15], "uv_size": [1, -1]}
							}
						},
						{
							"origin": [-4.85779, 29.78727, -0.56358],
							"size": [1.01633, 1.01633, 1.01633],
							"pivot": [-2.11589, 32.31062, 3.33376],
							"rotation": [20, 0, 0],
							"uv": {
								"north": {"uv": [61, 44], "uv_size": [0.75, 0.75]},
								"east": {"uv": [45, 61], "uv_size": [0.75, 0.75]},
								"south": {"uv": [61, 45], "uv_size": [0.75, 0.75]},
								"west": {"uv": [46, 61], "uv_size": [0.75, 0.75]},
								"up": {"uv": [61, 46], "uv_size": [0.75, 0.75]},
								"down": {"uv": [47, 61.75], "uv_size": [0.75, -0.75]}
							}
						},
						{
							"origin": [-4.62403, 31.82858, -1.75634],
							"size": [0.78258, 1.25976, 0.78258],
							"pivot": [-1.99902, 33.77528, 2.7209],
							"rotation": [40, 0, 0],
							"uv": {
								"north": {"uv": [20, 60], "uv_size": [0.75, 1]},
								"east": {"uv": [60, 20], "uv_size": [0.75, 1]},
								"south": {"uv": [21, 60], "uv_size": [0.75, 1]},
								"west": {"uv": [60, 21], "uv_size": [0.75, 1]},
								"up": {"uv": [61, 47], "uv_size": [0.75, 0.75]},
								"down": {"uv": [48, 61.75], "uv_size": [0.75, -0.75]}
							}
						}
					]
				},
				{
					"name": "Mecha36",
					"parent": "Cabelo",
					"pivot": [4.37618, 28.95126, 0.80362],
					"rotation": [-164.6047, 57.21557, -13.81708],
					"cubes": [
						{
							"origin": [3.84146, 28.07763, -0.1218],
							"size": [1.23943, 1.23943, 1.23943],
							"pivot": [2.22744, 31.26102, 3.37805],
							"rotation": [10, 0, 0],
							"uv": {
								"north": {"uv": [12, 59], "uv_size": [-1, 1]},
								"east": {"uv": [60, 12], "uv_size": [-1, 1]},
								"south": {"uv": [13, 59], "uv_size": [-1, 1]},
								"west": {"uv": [60, 11], "uv_size": [-1, 1]},
								"up": {"uv": [14, 59], "uv_size": [-1, 1]},
								"down": {"uv": [60, 14], "uv_size": [-1, -1]}
							}
						},
						{
							"origin": [3.84146, 27.04584, 0.57259],
							"size": [1.23943, 0.61971, 1.23943],
							"pivot": [2.22744, 30.15743, 3.31517],
							"rotation": [-2.5, 0, 0],
							"uv": {
								"north": {"uv": [50, 62], "uv_size": [-1, 0.5]},
								"east": {"uv": [63, 50], "uv_size": [-1, 0.5]},
								"south": {"uv": [51, 62], "uv_size": [-1, 0.5]},
								"west": {"uv": [63, 49], "uv_size": [-1, 0.5]},
								"up": {"uv": [15, 59], "uv_size": [-1, 1]},
								"down": {"uv": [60, 15], "uv_size": [-1, -1]}
							}
						},
						{
							"origin": [3.84146, 29.78727, -0.56358],
							"size": [1.01633, 1.01633, 1.01633],
							"pivot": [2.11589, 32.31062, 3.33376],
							"rotation": [20, 0, 0],
							"uv": {
								"north": {"uv": [61.75, 44], "uv_size": [-0.75, 0.75]},
								"east": {"uv": [46.75, 61], "uv_size": [-0.75, 0.75]},
								"south": {"uv": [61.75, 45], "uv_size": [-0.75, 0.75]},
								"west": {"uv": [45.75, 61], "uv_size": [-0.75, 0.75]},
								"up": {"uv": [61.75, 46], "uv_size": [-0.75, 0.75]},
								"down": {"uv": [47.75, 61.75], "uv_size": [-0.75, -0.75]}
							}
						},
						{
							"origin": [3.84146, 31.82858, -1.75634],
							"size": [0.78258, 1.25976, 0.78258],
							"pivot": [1.99902, 33.77528, 2.7209],
							"rotation": [40, 0, 0],
							"uv": {
								"north": {"uv": [20.75, 60], "uv_size": [-0.75, 1]},
								"east": {"uv": [60.75, 21], "uv_size": [-0.75, 1]},
								"south": {"uv": [21.75, 60], "uv_size": [-0.75, 1]},
								"west": {"uv": [60.75, 20], "uv_size": [-0.75, 1]},
								"up": {"uv": [61.75, 47], "uv_size": [-0.75, 0.75]},
								"down": {"uv": [48.75, 61.75], "uv_size": [-0.75, -0.75]}
							}
						}
					]
				},
				{
					"name": "Mecha33",
					"parent": "Cabelo",
					"pivot": [-4.37618, 30.12496, 3.15102],
					"rotation": [-143.14381, -27.84326, 22.45084],
					"cubes": [
						{
							"origin": [-5.08088, 29.25133, 2.2256],
							"size": [1.23943, 1.23943, 1.23943],
							"pivot": [-2.22744, 32.43472, 5.72545],
							"rotation": [10, 0, 0],
							"uv": {
								"north": {"uv": [15, 59], "uv_size": [1, 1]},
								"east": {"uv": [59, 15], "uv_size": [1, 1]},
								"south": {"uv": [16, 59], "uv_size": [1, 1]},
								"west": {"uv": [59, 16], "uv_size": [1, 1]},
								"up": {"uv": [17, 59], "uv_size": [1, 1]},
								"down": {"uv": [59, 18], "uv_size": [1, -1]}
							}
						},
						{
							"origin": [-5.08088, 28.21954, 2.91999],
							"size": [1.23943, 0.61971, 1.23943],
							"pivot": [-2.22744, 31.33113, 5.66257],
							"rotation": [-2.5, 0, 0],
							"uv": {
								"north": {"uv": [51, 62], "uv_size": [1, 0.5]},
								"east": {"uv": [62, 51], "uv_size": [1, 0.5]},
								"south": {"uv": [52, 62], "uv_size": [1, 0.5]},
								"west": {"uv": [62, 52], "uv_size": [1, 0.5]},
								"up": {"uv": [18, 59], "uv_size": [1, 1]},
								"down": {"uv": [59, 19], "uv_size": [1, -1]}
							}
						},
						{
							"origin": [-4.85779, 30.96097, 1.78382],
							"size": [1.01633, 1.01633, 1.01633],
							"pivot": [-2.11589, 33.48432, 5.68116],
							"rotation": [20, 0, 0],
							"uv": {
								"north": {"uv": [61, 48], "uv_size": [0.75, 0.75]},
								"east": {"uv": [49, 61], "uv_size": [0.75, 0.75]},
								"south": {"uv": [61, 49], "uv_size": [0.75, 0.75]},
								"west": {"uv": [50, 61], "uv_size": [0.75, 0.75]},
								"up": {"uv": [61, 50], "uv_size": [0.75, 0.75]},
								"down": {"uv": [51, 61.75], "uv_size": [0.75, -0.75]}
							}
						},
						{
							"origin": [-4.62403, 33.00228, 0.59106],
							"size": [0.78258, 1.25976, 0.78258],
							"pivot": [-1.99902, 34.94898, 5.0683],
							"rotation": [40, 0, 0],
							"uv": {
								"north": {"uv": [22, 60], "uv_size": [0.75, 1]},
								"east": {"uv": [60, 22], "uv_size": [0.75, 1]},
								"south": {"uv": [23, 60], "uv_size": [0.75, 1]},
								"west": {"uv": [60, 23], "uv_size": [0.75, 1]},
								"up": {"uv": [61, 51], "uv_size": [0.75, 0.75]},
								"down": {"uv": [52, 61.75], "uv_size": [0.75, -0.75]}
							}
						}
					]
				},
				{
					"name": "Mecha34",
					"parent": "Cabelo",
					"pivot": [4.37618, 30.12496, 3.15102],
					"rotation": [-143.14381, 27.84326, -22.45084],
					"cubes": [
						{
							"origin": [3.84146, 29.25133, 2.2256],
							"size": [1.23943, 1.23943, 1.23943],
							"pivot": [2.22744, 32.43472, 5.72545],
							"rotation": [10, 0, 0],
							"uv": {
								"north": {"uv": [19, 59], "uv_size": [1, 1]},
								"east": {"uv": [59, 19], "uv_size": [1, 1]},
								"south": {"uv": [20, 59], "uv_size": [1, 1]},
								"west": {"uv": [59, 20], "uv_size": [1, 1]},
								"up": {"uv": [21, 59], "uv_size": [1, 1]},
								"down": {"uv": [59, 22], "uv_size": [1, -1]}
							}
						},
						{
							"origin": [3.84146, 28.21954, 2.91999],
							"size": [1.23943, 0.61971, 1.23943],
							"pivot": [2.22744, 31.33113, 5.66257],
							"rotation": [-2.5, 0, 0],
							"uv": {
								"north": {"uv": [53, 62], "uv_size": [1, 0.5]},
								"east": {"uv": [62, 53], "uv_size": [1, 0.5]},
								"south": {"uv": [54, 62], "uv_size": [1, 0.5]},
								"west": {"uv": [62, 54], "uv_size": [1, 0.5]},
								"up": {"uv": [22, 59], "uv_size": [1, 1]},
								"down": {"uv": [59, 23], "uv_size": [1, -1]}
							}
						},
						{
							"origin": [3.84146, 30.96097, 1.78382],
							"size": [1.01633, 1.01633, 1.01633],
							"pivot": [2.11589, 33.48432, 5.68116],
							"rotation": [20, 0, 0],
							"uv": {
								"north": {"uv": [61, 52], "uv_size": [0.75, 0.75]},
								"east": {"uv": [53, 61], "uv_size": [0.75, 0.75]},
								"south": {"uv": [61, 53], "uv_size": [0.75, 0.75]},
								"west": {"uv": [54, 61], "uv_size": [0.75, 0.75]},
								"up": {"uv": [61, 54], "uv_size": [0.75, 0.75]},
								"down": {"uv": [55, 61.75], "uv_size": [0.75, -0.75]}
							}
						},
						{
							"origin": [3.84146, 33.00228, 0.59106],
							"size": [0.78258, 1.25976, 0.78258],
							"pivot": [1.99902, 34.94898, 5.0683],
							"rotation": [40, 0, 0],
							"uv": {
								"north": {"uv": [24, 60], "uv_size": [0.75, 1]},
								"east": {"uv": [60, 24], "uv_size": [0.75, 1]},
								"south": {"uv": [25, 60], "uv_size": [0.75, 1]},
								"west": {"uv": [60, 25], "uv_size": [0.75, 1]},
								"up": {"uv": [61, 55], "uv_size": [0.75, 0.75]},
								"down": {"uv": [56, 61.75], "uv_size": [0.75, -0.75]}
							}
						}
					]
				},
				{
					"name": "Mecha15",
					"parent": "Cabelo",
					"pivot": [-3.20248, 27.77756, 3.83118],
					"rotation": [1.87185, 74.14626, -54.67668],
					"cubes": [
						{
							"origin": [-1.73171, 29.61503, 4.7535],
							"size": [1.23943, 1.23943, 2.41313],
							"pivot": [-3.28748, 26.45216, 3.60034],
							"rotation": [-10, 0, 0],
							"uv": {
								"north": {"uv": [57, 44], "uv_size": [1, 1]},
								"east": {"uv": [28, 40], "uv_size": [2, 1]},
								"south": {"uv": [45, 57], "uv_size": [1, 1]},
								"west": {"uv": [3, 55], "uv_size": [2, 1]},
								"up": {"uv": [45, 38], "uv_size": [1, 2]},
								"down": {"uv": [32, 48], "uv_size": [1, -2]}
							}
						},
						{
							"origin": [-1.73171, 28.41842, 6.60481],
							"size": [1.23943, 0.61971, 1.23943],
							"pivot": [-3.28748, 25.34856, 3.66322],
							"rotation": [2.5, 0, 0],
							"uv": {
								"north": {"uv": [1, 62], "uv_size": [1, 0.5]},
								"east": {"uv": [62, 1], "uv_size": [1, 0.5]},
								"south": {"uv": [2, 62], "uv_size": [1, 0.5]},
								"west": {"uv": [62, 2], "uv_size": [1, 0.5]},
								"up": {"uv": [57, 45], "uv_size": [1, 1]},
								"down": {"uv": [46, 58], "uv_size": [1, -1]}
							}
						},
						{
							"origin": [-1.50862, 30.06609, 4.31535],
							"size": [1.01633, 2.19003, 2.19003],
							"pivot": [-3.17593, 27.50175, 3.64463],
							"rotation": [-20, 0, 0],
							"uv": {
								"north": {"uv": [20, 56], "uv_size": [0.75, 1.75]},
								"east": {"uv": [28, 20], "uv_size": [1.75, 1.75]},
								"south": {"uv": [21, 56], "uv_size": [0.75, 1.75]},
								"west": {"uv": [28, 22], "uv_size": [1.75, 1.75]},
								"up": {"uv": [22, 56], "uv_size": [0.75, 1.75]},
								"down": {"uv": [23, 57.75], "uv_size": [0.75, -1.75]}
							}
						},
						{
							"origin": [-1.27486, 32.54894, 4.83657],
							"size": [0.78258, 1.25976, 0.78258],
							"pivot": [-3.05905, 28.96641, 4.25749],
							"rotation": [-40, 0, 0],
							"uv": {
								"north": {"uv": [31, 59], "uv_size": [0.75, 1]},
								"east": {"uv": [59, 31], "uv_size": [0.75, 1]},
								"south": {"uv": [32, 59], "uv_size": [0.75, 1]},
								"west": {"uv": [59, 32], "uv_size": [0.75, 1]},
								"up": {"uv": [42, 60], "uv_size": [0.75, 0.75]},
								"down": {"uv": [60, 42.75], "uv_size": [0.75, -0.75]}
							}
						}
					]
				},
				{
					"name": "Mecha9",
					"parent": "Cabelo",
					"pivot": [-3.20248, 27.77756, -1.54378],
					"rotation": [-1.87185, -74.14626, -54.67668],
					"cubes": [
						{
							"origin": [-3.98982, 29.7057, -5.45405],
							"size": [1.23943, 1.23943, 2.41313],
							"pivot": [-3.28748, 26.45216, -1.25294],
							"rotation": [10, 0, 0],
							"uv": {
								"north": {"uv": [57, 46], "uv_size": [1, 1]},
								"east": {"uv": [55, 30], "uv_size": [2, 1]},
								"south": {"uv": [47, 57], "uv_size": [1, 1]},
								"west": {"uv": [31, 55], "uv_size": [2, 1]},
								"up": {"uv": [31, 50], "uv_size": [1, 2]},
								"down": {"uv": [48, 56], "uv_size": [1, -2]}
							}
						},
						{
							"origin": [-3.98982, 28.36954, -6.13623],
							"size": [1.23943, 0.61971, 1.23943],
							"pivot": [-3.28748, 25.34856, -1.31582],
							"rotation": [-2.5, 0, 0],
							"uv": {
								"north": {"uv": [3, 62], "uv_size": [1, 0.5]},
								"east": {"uv": [62, 3], "uv_size": [1, 0.5]},
								"south": {"uv": [4, 62], "uv_size": [1, 0.5]},
								"west": {"uv": [62, 4], "uv_size": [1, 0.5]},
								"up": {"uv": [57, 47], "uv_size": [1, 1]},
								"down": {"uv": [57, 49], "uv_size": [1, -1]}
							}
						},
						{
							"origin": [-3.76672, 30.26562, -4.76742],
							"size": [1.01633, 2.19003, 2.19003],
							"pivot": [-3.17593, 27.50175, -1.29723],
							"rotation": [20, 0, 0],
							"uv": {
								"north": {"uv": [24, 56], "uv_size": [0.75, 1.75]},
								"east": {"uv": [28, 24], "uv_size": [1.75, 1.75]},
								"south": {"uv": [25, 56], "uv_size": [0.75, 1.75]},
								"west": {"uv": [35, 14], "uv_size": [1.75, 1.75]},
								"up": {"uv": [26, 56], "uv_size": [0.75, 1.75]},
								"down": {"uv": [27, 57.75], "uv_size": [0.75, -1.75]}
							}
						},
						{
							"origin": [-3.53297, 32.94488, -3.77618],
							"size": [0.78258, 1.25976, 0.78258],
							"pivot": [-3.05905, 28.96641, -1.91009],
							"rotation": [40, 0, 0],
							"uv": {
								"north": {"uv": [33, 59], "uv_size": [0.75, 1]},
								"east": {"uv": [59, 33], "uv_size": [0.75, 1]},
								"south": {"uv": [34, 59], "uv_size": [0.75, 1]},
								"west": {"uv": [59, 34], "uv_size": [0.75, 1]},
								"up": {"uv": [43, 60], "uv_size": [0.75, 0.75]},
								"down": {"uv": [60, 43.75], "uv_size": [0.75, -0.75]}
							}
						}
					]
				},
				{
					"name": "Mecha25",
					"parent": "Cabelo",
					"pivot": [-2.95625, 33.5357, 1.57589],
					"rotation": [-97.01233, -76.75061, 45.36662],
					"cubes": [
						{
							"origin": [-4.83465, 32.94385, 1.42505],
							"size": [3.58683, 1.23943, 2.41313],
							"pivot": [-4.1323, 29.69032, 5.62615],
							"rotation": [10, 0, 0],
							"uv": {
								"north": {"uv": [5, 52], "uv_size": [3, 1]},
								"east": {"uv": [55, 31], "uv_size": [2, 1]},
								"south": {"uv": [54, 14], "uv_size": [3, 1]},
								"west": {"uv": [55, 32], "uv_size": [2, 1]},
								"up": {"uv": [30, 53], "uv_size": [3, 2]},
								"down": {"uv": [33, 55], "uv_size": [3, -2]}
							}
						},
						{
							"origin": [-4.83465, 31.60768, 0.74286],
							"size": [3.58683, 0.61971, 1.23943],
							"pivot": [-4.1323, 28.58672, 5.56327],
							"rotation": [-2.5, 0, 0],
							"uv": {
								"north": {"uv": [17, 56], "uv_size": [3, 0.5]},
								"east": {"uv": [5, 62], "uv_size": [1, 0.5]},
								"south": {"uv": [56, 17], "uv_size": [3, 0.5]},
								"west": {"uv": [62, 5], "uv_size": [1, 0.5]},
								"up": {"uv": [54, 15], "uv_size": [3, 1]},
								"down": {"uv": [16, 55], "uv_size": [3, -1]}
							}
						},
						{
							"origin": [-4.61155, 33.50376, 2.11167],
							"size": [3.36373, 2.19003, 2.19003],
							"pivot": [-4.02076, 30.73991, 5.58186],
							"rotation": [20, 0, 0],
							"uv": {
								"north": {"uv": [36, 53], "uv_size": [2.75, 1.75]},
								"east": {"uv": [35, 16], "uv_size": [1.75, 1.75]},
								"south": {"uv": [39, 53], "uv_size": [2.75, 1.75]},
								"west": {"uv": [35, 18], "uv_size": [1.75, 1.75]},
								"up": {"uv": [42, 53], "uv_size": [2.75, 1.75]},
								"down": {"uv": [53, 45.75], "uv_size": [2.75, -1.75]}
							}
						},
						{
							"origin": [-4.3778, 36.18302, 3.10291],
							"size": [3.12998, 1.25976, 0.78258],
							"pivot": [-3.90388, 32.20457, 4.969],
							"rotation": [40, 0, 0],
							"uv": {
								"north": {"uv": [55, 21], "uv_size": [2.75, 1]},
								"east": {"uv": [35, 59], "uv_size": [0.75, 1]},
								"south": {"uv": [22, 55], "uv_size": [2.75, 1]},
								"west": {"uv": [36, 59], "uv_size": [0.75, 1]},
								"up": {"uv": [55, 24], "uv_size": [2.75, 0.75]},
								"down": {"uv": [25, 55.75], "uv_size": [2.75, -0.75]}
							}
						}
					]
				},
				{
					"name": "Mecha16",
					"parent": "Cabelo",
					"pivot": [3.20248, 27.77756, 3.83118],
					"rotation": [1.87185, -74.14626, 54.67668],
					"cubes": [
						{
							"origin": [0.49228, 29.61503, 4.7535],
							"size": [1.23943, 1.23943, 2.41313],
							"pivot": [3.28748, 26.45216, 3.60034],
							"rotation": [-10, 0, 0],
							"uv": {
								"north": {"uv": [49, 57], "uv_size": [1, 1]},
								"east": {"uv": [33, 55], "uv_size": [2, 1]},
								"south": {"uv": [57, 49], "uv_size": [1, 1]},
								"west": {"uv": [55, 33], "uv_size": [2, 1]},
								"up": {"uv": [55, 34], "uv_size": [1, 2]},
								"down": {"uv": [35, 57], "uv_size": [1, -2]}
							}
						},
						{
							"origin": [0.49228, 28.41842, 6.60481],
							"size": [1.23943, 0.61971, 1.23943],
							"pivot": [3.28748, 25.34856, 3.66322],
							"rotation": [2.5, 0, 0],
							"uv": {
								"north": {"uv": [6, 62], "uv_size": [1, 0.5]},
								"east": {"uv": [62, 6], "uv_size": [1, 0.5]},
								"south": {"uv": [7, 62], "uv_size": [1, 0.5]},
								"west": {"uv": [62, 7], "uv_size": [1, 0.5]},
								"up": {"uv": [57, 50], "uv_size": [1, 1]},
								"down": {"uv": [57, 52], "uv_size": [1, -1]}
							}
						},
						{
							"origin": [0.49228, 30.06609, 4.31535],
							"size": [1.01633, 2.19003, 2.19003],
							"pivot": [3.17593, 27.50175, 3.64463],
							"rotation": [-20, 0, 0],
							"uv": {
								"north": {"uv": [28, 56], "uv_size": [0.75, 1.75]},
								"east": {"uv": [45, 4], "uv_size": [1.75, 1.75]},
								"south": {"uv": [29, 56], "uv_size": [0.75, 1.75]},
								"west": {"uv": [26, 48], "uv_size": [1.75, 1.75]},
								"up": {"uv": [30, 56], "uv_size": [0.75, 1.75]},
								"down": {"uv": [31, 57.75], "uv_size": [0.75, -1.75]}
							}
						},
						{
							"origin": [0.49228, 32.54894, 4.83657],
							"size": [0.78258, 1.25976, 0.78258],
							"pivot": [3.05905, 28.96641, 4.25749],
							"rotation": [-40, 0, 0],
							"uv": {
								"north": {"uv": [59, 36], "uv_size": [0.75, 1]},
								"east": {"uv": [37, 59], "uv_size": [0.75, 1]},
								"south": {"uv": [59, 37], "uv_size": [0.75, 1]},
								"west": {"uv": [38, 59], "uv_size": [0.75, 1]},
								"up": {"uv": [44, 60], "uv_size": [0.75, 0.75]},
								"down": {"uv": [60, 44.75], "uv_size": [0.75, -0.75]}
							}
						}
					]
				},
				{
					"name": "Mecha17",
					"parent": "Cabelo",
					"pivot": [3.20248, 27.77756, 5.00488],
					"rotation": [-157.08993, -75.83666, -121.49617],
					"cubes": [
						{
							"origin": [2.50925, 27.91156, 7.59189],
							"size": [1.23943, 1.23943, 2.41313],
							"pivot": [3.28748, 26.45216, 4.77404],
							"rotation": [-10, 0, 0],
							"uv": {
								"north": {"uv": [52, 57], "uv_size": [1, 1]},
								"east": {"uv": [36, 55], "uv_size": [2, 1]},
								"south": {"uv": [57, 52], "uv_size": [1, 1]},
								"west": {"uv": [55, 36], "uv_size": [2, 1]},
								"up": {"uv": [55, 37], "uv_size": [1, 2]},
								"down": {"uv": [38, 57], "uv_size": [1, -2]}
							}
						},
						{
							"origin": [2.50925, 26.39502, 9.03505],
							"size": [1.23943, 0.61971, 1.23943],
							"pivot": [3.28748, 25.34856, 4.83692],
							"rotation": [2.5, 0, 0],
							"uv": {
								"north": {"uv": [8, 62], "uv_size": [1, 0.5]},
								"east": {"uv": [62, 8], "uv_size": [1, 0.5]},
								"south": {"uv": [9, 62], "uv_size": [1, 0.5]},
								"west": {"uv": [62, 9], "uv_size": [1, 0.5]},
								"up": {"uv": [53, 57], "uv_size": [1, 1]},
								"down": {"uv": [54, 58], "uv_size": [1, -1]}
							}
						},
						{
							"origin": [2.50925, 28.67757, 7.42426],
							"size": [1.01633, 2.19003, 2.19003],
							"pivot": [3.17593, 27.50175, 4.81833],
							"rotation": [-20, 0, 0],
							"uv": {
								"north": {"uv": [32, 56], "uv_size": [0.75, 1.75]},
								"east": {"uv": [14, 53], "uv_size": [1.75, 1.75]},
								"south": {"uv": [33, 56], "uv_size": [0.75, 1.75]},
								"west": {"uv": [53, 47], "uv_size": [1.75, 1.75]},
								"up": {"uv": [34, 56], "uv_size": [0.75, 1.75]},
								"down": {"uv": [56, 35.75], "uv_size": [0.75, -1.75]}
							}
						},
						{
							"origin": [2.50925, 31.90605, 8.30367],
							"size": [0.78258, 1.25976, 0.78258],
							"pivot": [3.05905, 28.96641, 5.43119],
							"rotation": [-40, 0, 0],
							"uv": {
								"north": {"uv": [59, 38], "uv_size": [0.75, 1]},
								"east": {"uv": [39, 59], "uv_size": [0.75, 1]},
								"south": {"uv": [59, 39], "uv_size": [0.75, 1]},
								"west": {"uv": [40, 59], "uv_size": [0.75, 1]},
								"up": {"uv": [45, 60], "uv_size": [0.75, 0.75]},
								"down": {"uv": [60, 45.75], "uv_size": [0.75, -0.75]}
							}
						}
					]
				},
				{
					"name": "Mecha18",
					"parent": "Cabelo",
					"pivot": [-3.20248, 27.77756, 5.00488],
					"rotation": [-157.08993, 75.83666, 121.49617],
					"cubes": [
						{
							"origin": [-3.74868, 27.91156, 7.59189],
							"size": [1.23943, 1.23943, 2.41313],
							"pivot": [-3.28748, 26.45216, 4.77404],
							"rotation": [-10, 0, 0],
							"uv": {
								"north": {"uv": [57, 54], "uv_size": [1, 1]},
								"east": {"uv": [39, 55], "uv_size": [2, 1]},
								"south": {"uv": [55, 57], "uv_size": [1, 1]},
								"west": {"uv": [55, 39], "uv_size": [2, 1]},
								"up": {"uv": [41, 55], "uv_size": [1, 2]},
								"down": {"uv": [42, 57], "uv_size": [1, -2]}
							}
						},
						{
							"origin": [-3.74868, 26.39502, 9.03505],
							"size": [1.23943, 0.61971, 1.23943],
							"pivot": [-3.28748, 25.34856, 4.83692],
							"rotation": [2.5, 0, 0],
							"uv": {
								"north": {"uv": [10, 62], "uv_size": [1, 0.5]},
								"east": {"uv": [62, 10], "uv_size": [1, 0.5]},
								"south": {"uv": [11, 62], "uv_size": [1, 0.5]},
								"west": {"uv": [62, 11], "uv_size": [1, 0.5]},
								"up": {"uv": [57, 55], "uv_size": [1, 1]},
								"down": {"uv": [57, 57], "uv_size": [1, -1]}
							}
						},
						{
							"origin": [-3.52558, 28.67757, 7.42426],
							"size": [1.01633, 2.19003, 2.19003],
							"pivot": [-3.17593, 27.50175, 4.81833],
							"rotation": [-20, 0, 0],
							"uv": {
								"north": {"uv": [36, 56], "uv_size": [0.75, 1.75]},
								"east": {"uv": [49, 53], "uv_size": [1.75, 1.75]},
								"south": {"uv": [37, 56], "uv_size": [0.75, 1.75]},
								"west": {"uv": [53, 49], "uv_size": [1.75, 1.75]},
								"up": {"uv": [56, 37], "uv_size": [0.75, 1.75]},
								"down": {"uv": [39, 57.75], "uv_size": [0.75, -1.75]}
							}
						},
						{
							"origin": [-3.29183, 31.90605, 8.30367],
							"size": [0.78258, 1.25976, 0.78258],
							"pivot": [-3.05905, 28.96641, 5.43119],
							"rotation": [-40, 0, 0],
							"uv": {
								"north": {"uv": [59, 40], "uv_size": [0.75, 1]},
								"east": {"uv": [41, 59], "uv_size": [0.75, 1]},
								"south": {"uv": [59, 41], "uv_size": [0.75, 1]},
								"west": {"uv": [42, 59], "uv_size": [0.75, 1]},
								"up": {"uv": [46, 60], "uv_size": [0.75, 0.75]},
								"down": {"uv": [60, 46.75], "uv_size": [0.75, -0.75]}
							}
						}
					]
				},
				{
					"name": "Mecha19",
					"parent": "Cabelo",
					"pivot": [-3.20248, 27.77756, 1.48378],
					"rotation": [3.78153, 20.94537, -56.08063],
					"cubes": [
						{
							"origin": [0.15081, 29.08869, -0.52946],
							"size": [1.23943, 1.23943, 2.41313],
							"pivot": [-3.28748, 26.45216, 1.25294],
							"rotation": [-10, 0, 0],
							"uv": {
								"north": {"uv": [57, 57], "uv_size": [1, 1]},
								"east": {"uv": [55, 40], "uv_size": [2, 1]},
								"south": {"uv": [0, 58], "uv_size": [1, 1]},
								"west": {"uv": [43, 55], "uv_size": [2, 1]},
								"up": {"uv": [45, 55], "uv_size": [1, 2]},
								"down": {"uv": [46, 57], "uv_size": [1, -2]}
							}
						},
						{
							"origin": [0.15081, 28.53993, 1.27751],
							"size": [1.23943, 0.61971, 1.23943],
							"pivot": [-3.28748, 25.34856, 1.31582],
							"rotation": [2.5, 0, 0],
							"uv": {
								"north": {"uv": [12, 62], "uv_size": [1, 0.5]},
								"east": {"uv": [62, 12], "uv_size": [1, 0.5]},
								"south": {"uv": [13, 62], "uv_size": [1, 0.5]},
								"west": {"uv": [62, 13], "uv_size": [1, 0.5]},
								"up": {"uv": [58, 0], "uv_size": [1, 1]},
								"down": {"uv": [1, 59], "uv_size": [1, -1]}
							}
						},
						{
							"origin": [0.37391, 29.03798, -0.83161],
							"size": [1.01633, 2.19003, 2.19003],
							"pivot": [-3.17593, 27.50175, 1.29723],
							"rotation": [-20, 0, 0],
							"uv": {
								"north": {"uv": [40, 56], "uv_size": [0.75, 1.75]},
								"east": {"uv": [51, 53], "uv_size": [1.75, 1.75]},
								"south": {"uv": [43, 56], "uv_size": [0.75, 1.75]},
								"west": {"uv": [53, 51], "uv_size": [1.75, 1.75]},
								"up": {"uv": [44, 56], "uv_size": [0.75, 1.75]},
								"down": {"uv": [56, 45.75], "uv_size": [0.75, -1.75]}
							}
						},
						{
							"origin": [0.60766, 30.62534, 0.21007],
							"size": [0.78258, 1.25976, 0.78258],
							"pivot": [-3.05905, 28.96641, 1.91009],
							"rotation": [-40, 0, 0],
							"uv": {
								"north": {"uv": [59, 42], "uv_size": [0.75, 1]},
								"east": {"uv": [43, 59], "uv_size": [0.75, 1]},
								"south": {"uv": [59, 43], "uv_size": [0.75, 1]},
								"west": {"uv": [44, 59], "uv_size": [0.75, 1]},
								"up": {"uv": [47, 60], "uv_size": [0.75, 0.75]},
								"down": {"uv": [60, 47.75], "uv_size": [0.75, -0.75]}
							}
						}
					]
				},
				{
					"name": "Mecha20",
					"parent": "Cabelo",
					"pivot": [3.20248, 27.77756, 1.48378],
					"rotation": [3.78153, -20.94537, 56.08063],
					"cubes": [
						{
							"origin": [-1.39024, 29.08869, -0.52946],
							"size": [1.23943, 1.23943, 2.41313],
							"pivot": [3.28748, 26.45216, 1.25294],
							"rotation": [-10, 0, 0],
							"uv": {
								"north": {"uv": [58, 1], "uv_size": [1, 1]},
								"east": {"uv": [55, 47], "uv_size": [2, 1]},
								"south": {"uv": [2, 58], "uv_size": [1, 1]},
								"west": {"uv": [55, 48], "uv_size": [2, 1]},
								"up": {"uv": [47, 55], "uv_size": [1, 2]},
								"down": {"uv": [49, 57], "uv_size": [1, -2]}
							}
						},
						{
							"origin": [-1.39024, 28.53993, 1.27751],
							"size": [1.23943, 0.61971, 1.23943],
							"pivot": [3.28748, 25.34856, 1.31582],
							"rotation": [2.5, 0, 0],
							"uv": {
								"north": {"uv": [14, 62], "uv_size": [1, 0.5]},
								"east": {"uv": [62, 14], "uv_size": [1, 0.5]},
								"south": {"uv": [15, 62], "uv_size": [1, 0.5]},
								"west": {"uv": [62, 15], "uv_size": [1, 0.5]},
								"up": {"uv": [58, 2], "uv_size": [1, 1]},
								"down": {"uv": [3, 59], "uv_size": [1, -1]}
							}
						},
						{
							"origin": [-1.39024, 29.03798, -0.83161],
							"size": [1.01633, 2.19003, 2.19003],
							"pivot": [3.17593, 27.50175, 1.29723],
							"rotation": [-20, 0, 0],
							"uv": {
								"north": {"uv": [48, 56], "uv_size": [0.75, 1.75]},
								"east": {"uv": [53, 53], "uv_size": [1.75, 1.75]},
								"south": {"uv": [50, 56], "uv_size": [0.75, 1.75]},
								"west": {"uv": [54, 12], "uv_size": [1.75, 1.75]},
								"up": {"uv": [56, 50], "uv_size": [0.75, 1.75]},
								"down": {"uv": [51, 57.75], "uv_size": [0.75, -1.75]}
							}
						},
						{
							"origin": [-1.39024, 30.62534, 0.21007],
							"size": [0.78258, 1.25976, 0.78258],
							"pivot": [3.05905, 28.96641, 1.91009],
							"rotation": [-40, 0, 0],
							"uv": {
								"north": {"uv": [59, 44], "uv_size": [0.75, 1]},
								"east": {"uv": [45, 59], "uv_size": [0.75, 1]},
								"south": {"uv": [59, 45], "uv_size": [0.75, 1]},
								"west": {"uv": [46, 59], "uv_size": [0.75, 1]},
								"up": {"uv": [48, 60], "uv_size": [0.75, 0.75]},
								"down": {"uv": [60, 48.75], "uv_size": [0.75, -0.75]}
							}
						}
					]
				},
				{
					"name": "Mecha10",
					"parent": "Cabelo",
					"pivot": [3.20248, 27.77756, -1.54378],
					"rotation": [-1.87185, 74.14626, 54.67668],
					"cubes": [
						{
							"origin": [2.75039, 29.7057, -5.45405],
							"size": [1.23943, 1.23943, 1.23943],
							"pivot": [3.28748, 26.45216, -1.25294],
							"rotation": [10, 0, 0],
							"uv": {
								"north": {"uv": [58, 5], "uv_size": [1, 1]},
								"east": {"uv": [6, 58], "uv_size": [1, 1]},
								"south": {"uv": [58, 6], "uv_size": [1, 1]},
								"west": {"uv": [7, 58], "uv_size": [1, 1]},
								"up": {"uv": [8, 58], "uv_size": [1, 1]},
								"down": {"uv": [9, 59], "uv_size": [1, -1]}
							}
						},
						{
							"origin": [2.75039, 28.36954, -6.13623],
							"size": [1.23943, 0.61971, 1.23943],
							"pivot": [3.28748, 25.34856, -1.31582],
							"rotation": [-2.5, 0, 0],
							"uv": {
								"north": {"uv": [16, 62], "uv_size": [1, 0.5]},
								"east": {"uv": [62, 16], "uv_size": [1, 0.5]},
								"south": {"uv": [17, 62], "uv_size": [1, 0.5]},
								"west": {"uv": [62, 17], "uv_size": [1, 0.5]},
								"up": {"uv": [58, 9], "uv_size": [1, 1]},
								"down": {"uv": [10, 59], "uv_size": [1, -1]}
							}
						},
						{
							"origin": [2.75039, 31.43932, -4.76742],
							"size": [1.01633, 1.01633, 1.01633],
							"pivot": [3.17593, 27.50175, -1.29723],
							"rotation": [20, 0, 0],
							"uv": {
								"north": {"uv": [49, 60], "uv_size": [0.75, 0.75]},
								"east": {"uv": [60, 49], "uv_size": [0.75, 0.75]},
								"south": {"uv": [50, 60], "uv_size": [0.75, 0.75]},
								"west": {"uv": [60, 50], "uv_size": [0.75, 0.75]},
								"up": {"uv": [51, 60], "uv_size": [0.75, 0.75]},
								"down": {"uv": [60, 51.75], "uv_size": [0.75, -0.75]}
							}
						},
						{
							"origin": [2.75039, 32.94488, -3.77618],
							"size": [0.78258, 1.25976, 0.78258],
							"pivot": [3.05905, 28.96641, -1.91009],
							"rotation": [40, 0, 0],
							"uv": {
								"north": {"uv": [59, 46], "uv_size": [0.75, 1]},
								"east": {"uv": [47, 59], "uv_size": [0.75, 1]},
								"south": {"uv": [59, 47], "uv_size": [0.75, 1]},
								"west": {"uv": [48, 59], "uv_size": [0.75, 1]},
								"up": {"uv": [52, 60], "uv_size": [0.75, 0.75]},
								"down": {"uv": [60, 52.75], "uv_size": [0.75, -0.75]}
							}
						}
					]
				},
				{
					"name": "Mecha11",
					"parent": "Cabelo",
					"pivot": [5.54988, 28.95126, -1.54378],
					"rotation": [-51.87185, 74.14626, 54.67668],
					"cubes": [
						{
							"origin": [5.43562, 25.93881, -4.27904],
							"size": [1.23943, 1.23943, 2.41313],
							"pivot": [5.9727, 26.59098, 1.13511],
							"rotation": [10, 0, 0],
							"uv": {
								"north": {"uv": [58, 12], "uv_size": [1, 1]},
								"east": {"uv": [55, 49], "uv_size": [2, 1]},
								"south": {"uv": [13, 58], "uv_size": [1, 1]},
								"west": {"uv": [50, 55], "uv_size": [2, 1]},
								"up": {"uv": [55, 50], "uv_size": [1, 2]},
								"down": {"uv": [52, 57], "uv_size": [1, -2]}
							}
						},
						{
							"origin": [5.43562, 24.43268, -4.08712],
							"size": [1.23943, 0.61971, 1.23943],
							"pivot": [5.9727, 25.48739, 1.07222],
							"rotation": [-2.5, 0, 0],
							"uv": {
								"north": {"uv": [18, 62], "uv_size": [1, 0.5]},
								"east": {"uv": [62, 18], "uv_size": [1, 0.5]},
								"south": {"uv": [19, 62], "uv_size": [1, 0.5]},
								"west": {"uv": [62, 19], "uv_size": [1, 0.5]},
								"up": {"uv": [58, 13], "uv_size": [1, 1]},
								"down": {"uv": [14, 59], "uv_size": [1, -1]}
							}
						},
						{
							"origin": [5.43562, 27.94239, -4.2522],
							"size": [1.01633, 1.01633, 2.19003],
							"pivot": [5.86115, 27.64058, 1.09081],
							"rotation": [20, 0, 0],
							"uv": {
								"north": {"uv": [53, 60], "uv_size": [0.75, 0.75]},
								"east": {"uv": [53, 56], "uv_size": [1.75, 0.75]},
								"south": {"uv": [60, 53], "uv_size": [0.75, 0.75]},
								"west": {"uv": [56, 53], "uv_size": [1.75, 0.75]},
								"up": {"uv": [56, 54], "uv_size": [0.75, 1.75]},
								"down": {"uv": [56, 57.75], "uv_size": [0.75, -1.75]}
							}
						},
						{
							"origin": [5.43562, 30.30778, -4.39152],
							"size": [0.78258, 1.25976, 0.78258],
							"pivot": [5.74428, 29.10524, 0.47795],
							"rotation": [40, 0, 0],
							"uv": {
								"north": {"uv": [59, 48], "uv_size": [0.75, 1]},
								"east": {"uv": [49, 59], "uv_size": [0.75, 1]},
								"south": {"uv": [59, 49], "uv_size": [0.75, 1]},
								"west": {"uv": [50, 59], "uv_size": [0.75, 1]},
								"up": {"uv": [54, 60], "uv_size": [0.75, 0.75]},
								"down": {"uv": [60, 54.75], "uv_size": [0.75, -0.75]}
							}
						}
					]
				},
				{
					"name": "Mecha12",
					"parent": "Cabelo",
					"pivot": [2.50084, 33.4185, -2.63763],
					"rotation": [98.12815, -74.14626, -54.67668],
					"cubes": [
						{
							"origin": [1.79612, 32.78338, -2.89569],
							"size": [1.23943, 1.23943, 2.41313],
							"pivot": [2.49847, 30.38212, 1.92472],
							"rotation": [10, 0, 0],
							"uv": {
								"north": {"uv": [15, 58], "uv_size": [1, 1]},
								"east": {"uv": [55, 52], "uv_size": [2, 1]},
								"south": {"uv": [16, 58], "uv_size": [1, 1]},
								"west": {"uv": [53, 55], "uv_size": [2, 1]},
								"up": {"uv": [55, 53], "uv_size": [1, 2]},
								"down": {"uv": [55, 57], "uv_size": [1, -2]}
							}
						},
						{
							"origin": [1.79612, 31.33338, -3.37874],
							"size": [1.23943, 0.61971, 1.23943],
							"pivot": [2.49847, 29.27852, 1.86183],
							"rotation": [-2.5, 0, 0],
							"uv": {
								"north": {"uv": [20, 62], "uv_size": [1, 0.5]},
								"east": {"uv": [62, 20], "uv_size": [1, 0.5]},
								"south": {"uv": [21, 62], "uv_size": [1, 0.5]},
								"west": {"uv": [62, 21], "uv_size": [1, 0.5]},
								"up": {"uv": [58, 16], "uv_size": [1, 1]},
								"down": {"uv": [17, 59], "uv_size": [1, -1]}
							}
						},
						{
							"origin": [2.01922, 34.63748, -2.34765],
							"size": [1.01633, 1.01633, 2.19003],
							"pivot": [2.61002, 31.43171, 1.88042],
							"rotation": [20, 0, 0],
							"uv": {
								"north": {"uv": [55, 60], "uv_size": [0.75, 0.75]},
								"east": {"uv": [0, 57], "uv_size": [1.75, 0.75]},
								"south": {"uv": [60, 55], "uv_size": [0.75, 0.75]},
								"west": {"uv": [2, 57], "uv_size": [1.75, 0.75]},
								"up": {"uv": [4, 57], "uv_size": [0.75, 1.75]},
								"down": {"uv": [5, 58.75], "uv_size": [0.75, -1.75]}
							}
						},
						{
							"origin": [2.25298, 36.44639, -1.561],
							"size": [0.78258, 1.25976, 0.78258],
							"pivot": [2.72689, 32.89637, 1.26756],
							"rotation": [40, 0, 0],
							"uv": {
								"north": {"uv": [59, 50], "uv_size": [0.75, 1]},
								"east": {"uv": [51, 59], "uv_size": [0.75, 1]},
								"south": {"uv": [59, 51], "uv_size": [0.75, 1]},
								"west": {"uv": [52, 59], "uv_size": [0.75, 1]},
								"up": {"uv": [56, 60], "uv_size": [0.75, 0.75]},
								"down": {"uv": [60, 56.75], "uv_size": [0.75, -0.75]}
							}
						}
					]
				},
				{
					"name": "Mecha22",
					"parent": "Cabelo",
					"pivot": [2.19396, 33.4185, -1.46393],
					"rotation": [-84.40544, 86.09328, -15.86921],
					"cubes": [
						{
							"origin": [-1.86185, 32.78338, -1.72199],
							"size": [4.76053, 1.23943, 2.41313],
							"pivot": [2.19633, 30.38212, 3.09842],
							"rotation": [10, 0, 0],
							"uv": {
								"north": {"uv": [30, 12], "uv_size": [4, 1]},
								"east": {"uv": [0, 56], "uv_size": [2, 1]},
								"south": {"uv": [37, 6], "uv_size": [4, 1]},
								"west": {"uv": [2, 56], "uv_size": [2, 1]},
								"up": {"uv": [33, 41], "uv_size": [4, 2]},
								"down": {"uv": [41, 40], "uv_size": [4, -2]}
							}
						},
						{
							"origin": [-1.86185, 31.33338, -2.20504],
							"size": [4.76053, 0.61971, 1.23943],
							"pivot": [2.19633, 29.27852, 3.03553],
							"rotation": [-2.5, 0, 0],
							"uv": {
								"north": {"uv": [4, 56], "uv_size": [4, 0.5]},
								"east": {"uv": [22, 62], "uv_size": [1, 0.5]},
								"south": {"uv": [56, 4], "uv_size": [4, 0.5]},
								"west": {"uv": [62, 22], "uv_size": [1, 0.5]},
								"up": {"uv": [42, 11], "uv_size": [4, 1]},
								"down": {"uv": [33, 44], "uv_size": [4, -1]}
							}
						},
						{
							"origin": [-1.86185, 34.63748, -1.17395],
							"size": [4.53743, 1.01633, 2.19003],
							"pivot": [2.08478, 31.43171, 3.05412],
							"rotation": [20, 0, 0],
							"uv": {
								"north": {"uv": [10, 55], "uv_size": [3.75, 0.75]},
								"east": {"uv": [6, 57], "uv_size": [1.75, 0.75]},
								"south": {"uv": [14, 55], "uv_size": [3.75, 0.75]},
								"west": {"uv": [57, 7], "uv_size": [1.75, 0.75]},
								"up": {"uv": [10, 53], "uv_size": [3.75, 1.75]},
								"down": {"uv": [26, 54.75], "uv_size": [3.75, -1.75]}
							}
						},
						{
							"origin": [-1.86185, 36.44639, -0.3873],
							"size": [4.30368, 1.25976, 0.78258],
							"pivot": [1.96791, 32.89637, 2.44126],
							"rotation": [40, 0, 0],
							"uv": {
								"north": {"uv": [45, 53], "uv_size": [3.75, 1]},
								"east": {"uv": [59, 52], "uv_size": [0.75, 1]},
								"south": {"uv": [53, 46], "uv_size": [3.75, 1]},
								"west": {"uv": [53, 59], "uv_size": [0.75, 1]},
								"up": {"uv": [18, 55], "uv_size": [3.75, 0.75]},
								"down": {"uv": [55, 20.75], "uv_size": [3.75, -0.75]}
							}
						}
					]
				},
				{
					"name": "Mecha13",
					"parent": "Cabelo",
					"pivot": [-2.02878, 27.77756, -1.54378],
					"rotation": [-1.87185, -74.14626, -54.67668],
					"cubes": [
						{
							"origin": [-2.55451, 30.6074, -6.15838],
							"size": [1.23943, 1.23943, 2.41313],
							"pivot": [-1.85217, 27.35387, -1.95726],
							"rotation": [10, 0, 0],
							"uv": {
								"north": {"uv": [18, 58], "uv_size": [1, 1]},
								"east": {"uv": [56, 5], "uv_size": [2, 1]},
								"south": {"uv": [19, 58], "uv_size": [1, 1]},
								"west": {"uv": [56, 6], "uv_size": [2, 1]},
								"up": {"uv": [56, 7], "uv_size": [1, 2]},
								"down": {"uv": [8, 58], "uv_size": [1, -2]}
							}
						},
						{
							"origin": [-2.55451, 29.27123, -6.84056],
							"size": [1.23943, 0.61971, 1.23943],
							"pivot": [-1.85217, 26.25027, -2.02015],
							"rotation": [-2.5, 0, 0],
							"uv": {
								"north": {"uv": [23, 62], "uv_size": [1, 0.5]},
								"east": {"uv": [62, 23], "uv_size": [1, 0.5]},
								"south": {"uv": [24, 62], "uv_size": [1, 0.5]},
								"west": {"uv": [62, 24], "uv_size": [1, 0.5]},
								"up": {"uv": [20, 58], "uv_size": [1, 1]},
								"down": {"uv": [21, 59], "uv_size": [1, -1]}
							}
						},
						{
							"origin": [-2.33141, 32.34101, -5.47174],
							"size": [1.01633, 1.01633, 2.19003],
							"pivot": [-1.74062, 28.40346, -2.00156],
							"rotation": [20, 0, 0],
							"uv": {
								"north": {"uv": [57, 60], "uv_size": [0.75, 0.75]},
								"east": {"uv": [57, 8], "uv_size": [1.75, 0.75]},
								"south": {"uv": [60, 57], "uv_size": [0.75, 0.75]},
								"west": {"uv": [9, 57], "uv_size": [1.75, 0.75]},
								"up": {"uv": [11, 57], "uv_size": [0.75, 1.75]},
								"down": {"uv": [12, 58.75], "uv_size": [0.75, -1.75]}
							}
						},
						{
							"origin": [-2.09766, 33.84658, -4.48051],
							"size": [0.78258, 1.25976, 0.78258],
							"pivot": [-1.62374, 29.86812, -2.61442],
							"rotation": [40, 0, 0],
							"uv": {
								"north": {"uv": [59, 53], "uv_size": [0.75, 1]},
								"east": {"uv": [54, 59], "uv_size": [0.75, 1]},
								"south": {"uv": [59, 54], "uv_size": [0.75, 1]},
								"west": {"uv": [55, 59], "uv_size": [0.75, 1]},
								"up": {"uv": [58, 60], "uv_size": [0.75, 0.75]},
								"down": {"uv": [60, 58.75], "uv_size": [0.75, -0.75]}
							}
						}
					]
				},
				{
					"name": "Mecha14",
					"parent": "Cabelo",
					"pivot": [0.31862, 28.95126, -1.54378],
					"rotation": [0.62815, -74.14626, -54.67668],
					"cubes": [
						{
							"origin": [-0.46872, 31.03252, -5.30873],
							"size": [1.23943, 1.23943, 1.23943],
							"pivot": [0.23362, 27.62586, -1.25294],
							"rotation": [10, 0, 0],
							"uv": {
								"north": {"uv": [58, 21], "uv_size": [1, 1]},
								"east": {"uv": [22, 58], "uv_size": [1, 1]},
								"south": {"uv": [58, 22], "uv_size": [1, 1]},
								"west": {"uv": [23, 58], "uv_size": [1, 1]},
								"up": {"uv": [58, 23], "uv_size": [1, 1]},
								"down": {"uv": [24, 59], "uv_size": [1, -1]}
							}
						},
						{
							"origin": [-0.46872, 29.72419, -6.0275],
							"size": [1.23943, 0.61971, 1.23943],
							"pivot": [0.23362, 26.52226, -1.31582],
							"rotation": [-2.5, 0, 0],
							"uv": {
								"north": {"uv": [25, 62], "uv_size": [1, 0.5]},
								"east": {"uv": [62, 25], "uv_size": [1, 0.5]},
								"south": {"uv": [26, 62], "uv_size": [1, 0.5]},
								"west": {"uv": [62, 26], "uv_size": [1, 0.5]},
								"up": {"uv": [58, 24], "uv_size": [1, 1]},
								"down": {"uv": [25, 59], "uv_size": [1, -1]}
							}
						},
						{
							"origin": [-0.24562, 32.73858, -4.59771],
							"size": [1.01633, 1.01633, 1.01633],
							"pivot": [0.34517, 28.67545, -1.29723],
							"rotation": [20, 0, 0],
							"uv": {
								"north": {"uv": [59, 60], "uv_size": [0.75, 0.75]},
								"east": {"uv": [60, 59], "uv_size": [0.75, 0.75]},
								"south": {"uv": [60, 60], "uv_size": [0.75, 0.75]},
								"west": {"uv": [0, 61], "uv_size": [0.75, 0.75]},
								"up": {"uv": [61, 0], "uv_size": [0.75, 0.75]},
								"down": {"uv": [1, 61.75], "uv_size": [0.75, -0.75]}
							}
						},
						{
							"origin": [-0.01187, 34.17852, -3.57376],
							"size": [0.78258, 1.25976, 0.78258],
							"pivot": [0.46205, 30.14011, -1.91009],
							"rotation": [40, 0, 0],
							"uv": {
								"north": {"uv": [59, 55], "uv_size": [0.75, 1]},
								"east": {"uv": [56, 59], "uv_size": [0.75, 1]},
								"south": {"uv": [59, 56], "uv_size": [0.75, 1]},
								"west": {"uv": [57, 59], "uv_size": [0.75, 1]},
								"up": {"uv": [61, 1], "uv_size": [0.75, 0.75]},
								"down": {"uv": [2, 61.75], "uv_size": [0.75, -0.75]}
							}
						}
					]
				},
				{
					"name": "Mecha23",
					"parent": "Cabelo",
					"pivot": [5.54988, 32.47236, -0.37008],
					"rotation": [67.9315, 86.64278, 56.99889],
					"cubes": [
						{
							"origin": [2.75039, 34.55362, -4.13503],
							"size": [3.58683, 1.23943, 1.23943],
							"pivot": [5.63488, 31.14696, -0.07924],
							"rotation": [10, 0, 0],
							"uv": {
								"north": {"uv": [19, 54], "uv_size": [3, 1]},
								"east": {"uv": [58, 25], "uv_size": [1, 1]},
								"south": {"uv": [22, 54], "uv_size": [3, 1]},
								"west": {"uv": [26, 58], "uv_size": [1, 1]},
								"up": {"uv": [54, 42], "uv_size": [3, 1]},
								"down": {"uv": [54, 44], "uv_size": [3, -1]}
							}
						},
						{
							"origin": [2.75039, 33.24529, -4.8538],
							"size": [3.58683, 0.61971, 1.23943],
							"pivot": [5.63488, 30.04336, -0.14212],
							"rotation": [-2.5, 0, 0],
							"uv": {
								"north": {"uv": [56, 18], "uv_size": [3, 0.5]},
								"east": {"uv": [27, 62], "uv_size": [1, 0.5]},
								"south": {"uv": [56, 19], "uv_size": [3, 0.5]},
								"west": {"uv": [62, 27], "uv_size": [1, 0.5]},
								"up": {"uv": [45, 54], "uv_size": [3, 1]},
								"down": {"uv": [0, 56], "uv_size": [3, -1]}
							}
						},
						{
							"origin": [2.75039, 36.25968, -3.42401],
							"size": [3.36373, 1.01633, 1.01633],
							"pivot": [5.52333, 32.19655, -0.12353],
							"rotation": [20, 0, 0],
							"uv": {
								"north": {"uv": [55, 25], "uv_size": [2.75, 0.75]},
								"east": {"uv": [61, 2], "uv_size": [0.75, 0.75]},
								"south": {"uv": [55, 26], "uv_size": [2.75, 0.75]},
								"west": {"uv": [3, 61], "uv_size": [0.75, 0.75]},
								"up": {"uv": [55, 27], "uv_size": [2.75, 0.75]},
								"down": {"uv": [28, 55.75], "uv_size": [2.75, -0.75]}
							}
						},
						{
							"origin": [2.75039, 37.69962, -2.40006],
							"size": [3.12998, 1.25976, 0.78258],
							"pivot": [5.40645, 33.66121, -0.73639],
							"rotation": [40, 0, 0],
							"uv": {
								"north": {"uv": [55, 22], "uv_size": [2.75, 1]},
								"east": {"uv": [59, 57], "uv_size": [0.75, 1]},
								"south": {"uv": [55, 23], "uv_size": [2.75, 1]},
								"west": {"uv": [58, 59], "uv_size": [0.75, 1]},
								"up": {"uv": [55, 28], "uv_size": [2.75, 0.75]},
								"down": {"uv": [55, 29.75], "uv_size": [2.75, -0.75]}
							}
						}
					]
				},
				{
					"name": "Mecha4",
					"parent": "Cabelo",
					"pivot": [0.31862, 28.95126, 1.48378],
					"rotation": [-0.62815, 74.14626, -54.67668],
					"cubes": [
						{
							"origin": [-0.46872, 31.03252, 4.0693],
							"size": [1.23943, 1.23943, 1.23943],
							"pivot": [0.23362, 27.62586, 1.25294],
							"rotation": [-10, 0, 0],
							"uv": {
								"north": {"uv": [58, 26], "uv_size": [1, 1]},
								"east": {"uv": [27, 58], "uv_size": [1, 1]},
								"south": {"uv": [58, 27], "uv_size": [1, 1]},
								"west": {"uv": [28, 58], "uv_size": [1, 1]},
								"up": {"uv": [58, 28], "uv_size": [1, 1]},
								"down": {"uv": [29, 59], "uv_size": [1, -1]}
							}
						},
						{
							"origin": [-0.46872, 29.72419, 4.78807],
							"size": [1.23943, 0.61971, 1.23943],
							"pivot": [0.23362, 26.52226, 1.31582],
							"rotation": [2.5, 0, 0],
							"uv": {
								"north": {"uv": [28, 62], "uv_size": [1, 0.5]},
								"east": {"uv": [62, 28], "uv_size": [1, 0.5]},
								"south": {"uv": [29, 62], "uv_size": [1, 0.5]},
								"west": {"uv": [62, 29], "uv_size": [1, 0.5]},
								"up": {"uv": [58, 29], "uv_size": [1, 1]},
								"down": {"uv": [30, 59], "uv_size": [1, -1]}
							}
						},
						{
							"origin": [-0.24562, 32.73858, 3.58138],
							"size": [1.01633, 1.01633, 1.01633],
							"pivot": [0.34517, 28.67545, 1.29723],
							"rotation": [-20, 0, 0],
							"uv": {
								"north": {"uv": [61, 3], "uv_size": [0.75, 0.75]},
								"east": {"uv": [4, 61], "uv_size": [0.75, 0.75]},
								"south": {"uv": [61, 4], "uv_size": [0.75, 0.75]},
								"west": {"uv": [5, 61], "uv_size": [0.75, 0.75]},
								"up": {"uv": [61, 5], "uv_size": [0.75, 0.75]},
								"down": {"uv": [6, 61.75], "uv_size": [0.75, -0.75]}
							}
						},
						{
							"origin": [-0.01187, 34.17852, 2.79119],
							"size": [0.78258, 1.25976, 0.78258],
							"pivot": [0.46205, 30.14011, 1.91009],
							"rotation": [-40, 0, 0],
							"uv": {
								"north": {"uv": [59, 58], "uv_size": [0.75, 1]},
								"east": {"uv": [59, 59], "uv_size": [0.75, 1]},
								"south": {"uv": [0, 60], "uv_size": [0.75, 1]},
								"west": {"uv": [60, 0], "uv_size": [0.75, 1]},
								"up": {"uv": [61, 6], "uv_size": [0.75, 0.75]},
								"down": {"uv": [7, 61.75], "uv_size": [0.75, -0.75]}
							}
						}
					]
				},
				{
					"name": "Mecha5",
					"parent": "Cabelo",
					"pivot": [-0.31862, 28.95126, 1.48378],
					"rotation": [-0.62815, -74.14626, 54.67668],
					"cubes": [
						{
							"origin": [-0.77071, 31.03252, 4.0693],
							"size": [1.23943, 1.23943, 1.23943],
							"pivot": [-0.23362, 27.62586, 1.25294],
							"rotation": [-10, 0, 0],
							"uv": {
								"north": {"uv": [58, 30], "uv_size": [1, 1]},
								"east": {"uv": [31, 58], "uv_size": [1, 1]},
								"south": {"uv": [58, 31], "uv_size": [1, 1]},
								"west": {"uv": [32, 58], "uv_size": [1, 1]},
								"up": {"uv": [58, 32], "uv_size": [1, 1]},
								"down": {"uv": [33, 59], "uv_size": [1, -1]}
							}
						},
						{
							"origin": [-0.77071, 29.72419, 4.78807],
							"size": [1.23943, 0.61971, 1.23943],
							"pivot": [-0.23362, 26.52226, 1.31582],
							"rotation": [2.5, 0, 0],
							"uv": {
								"north": {"uv": [30, 62], "uv_size": [1, 0.5]},
								"east": {"uv": [62, 30], "uv_size": [1, 0.5]},
								"south": {"uv": [31, 62], "uv_size": [1, 0.5]},
								"west": {"uv": [62, 31], "uv_size": [1, 0.5]},
								"up": {"uv": [58, 33], "uv_size": [1, 1]},
								"down": {"uv": [34, 59], "uv_size": [1, -1]}
							}
						},
						{
							"origin": [-0.77071, 32.73858, 3.58138],
							"size": [1.01633, 1.01633, 1.01633],
							"pivot": [-0.34517, 28.67545, 1.29723],
							"rotation": [-20, 0, 0],
							"uv": {
								"north": {"uv": [61, 7], "uv_size": [0.75, 0.75]},
								"east": {"uv": [8, 61], "uv_size": [0.75, 0.75]},
								"south": {"uv": [61, 8], "uv_size": [0.75, 0.75]},
								"west": {"uv": [9, 61], "uv_size": [0.75, 0.75]},
								"up": {"uv": [61, 9], "uv_size": [0.75, 0.75]},
								"down": {"uv": [10, 61.75], "uv_size": [0.75, -0.75]}
							}
						},
						{
							"origin": [-0.77071, 34.17852, 2.79119],
							"size": [0.78258, 1.25976, 0.78258],
							"pivot": [-0.46205, 30.14011, 1.91009],
							"rotation": [-40, 0, 0],
							"uv": {
								"north": {"uv": [1, 60], "uv_size": [0.75, 1]},
								"east": {"uv": [60, 1], "uv_size": [0.75, 1]},
								"south": {"uv": [2, 60], "uv_size": [0.75, 1]},
								"west": {"uv": [60, 2], "uv_size": [0.75, 1]},
								"up": {"uv": [61, 10], "uv_size": [0.75, 0.75]},
								"down": {"uv": [11, 61.75], "uv_size": [0.75, -0.75]}
							}
						}
					]
				},
				{
					"name": "Mecha24",
					"parent": "Cabelo",
					"pivot": [-0.31862, 28.95126, -0.86362],
					"rotation": [-15.62815, -74.14626, 54.67668],
					"cubes": [
						{
							"origin": [-1.94441, 31.03252, 1.7219],
							"size": [2.41313, 1.23943, 1.23943],
							"pivot": [-0.23362, 27.62586, -1.09446],
							"rotation": [-10, 0, 0],
							"uv": {
								"north": {"uv": [9, 56], "uv_size": [2, 1]},
								"east": {"uv": [58, 34], "uv_size": [1, 1]},
								"south": {"uv": [56, 9], "uv_size": [2, 1]},
								"west": {"uv": [35, 58], "uv_size": [1, 1]},
								"up": {"uv": [11, 56], "uv_size": [2, 1]},
								"down": {"uv": [56, 13], "uv_size": [2, -1]}
							}
						},
						{
							"origin": [-1.94441, 29.72419, 2.44067],
							"size": [2.41313, 0.61971, 1.23943],
							"pivot": [-0.23362, 26.52226, -1.03158],
							"rotation": [2.5, 0, 0],
							"uv": {
								"north": {"uv": [58, 35], "uv_size": [2, 0.5]},
								"east": {"uv": [32, 62], "uv_size": [1, 0.5]},
								"south": {"uv": [36, 58], "uv_size": [2, 0.5]},
								"west": {"uv": [62, 32], "uv_size": [1, 0.5]},
								"up": {"uv": [13, 56], "uv_size": [2, 1]},
								"down": {"uv": [56, 14], "uv_size": [2, -1]}
							}
						},
						{
							"origin": [-1.94441, 32.73858, 1.23398],
							"size": [2.19003, 1.01633, 1.01633],
							"pivot": [-0.34517, 28.67545, -1.05017],
							"rotation": [-20, 0, 0],
							"uv": {
								"north": {"uv": [57, 11], "uv_size": [1.75, 0.75]},
								"east": {"uv": [61, 11], "uv_size": [0.75, 0.75]},
								"south": {"uv": [13, 57], "uv_size": [1.75, 0.75]},
								"west": {"uv": [12, 61], "uv_size": [0.75, 0.75]},
								"up": {"uv": [57, 14], "uv_size": [1.75, 0.75]},
								"down": {"uv": [15, 57.75], "uv_size": [1.75, -0.75]}
							}
						},
						{
							"origin": [-1.94441, 34.17852, 0.44379],
							"size": [1.95628, 1.25976, 0.78258],
							"pivot": [-0.46205, 30.14011, -0.43731],
							"rotation": [-40, 0, 0],
							"uv": {
								"north": {"uv": [15, 56], "uv_size": [1.75, 1]},
								"east": {"uv": [3, 60], "uv_size": [0.75, 1]},
								"south": {"uv": [56, 16], "uv_size": [1.75, 1]},
								"west": {"uv": [60, 3], "uv_size": [0.75, 1]},
								"up": {"uv": [57, 15], "uv_size": [1.75, 0.75]},
								"down": {"uv": [17, 57.75], "uv_size": [1.75, -0.75]}
							}
						}
					]
				},
				{
					"name": "Mecha21",
					"parent": "Cabelo",
					"pivot": [-0.85508, 28.95126, -2.71748],
					"rotation": [53.62807, -62.57209, -110.85034],
					"cubes": [
						{
							"origin": [-0.58059, 30.85689, -6.51339],
							"size": [1.23943, 1.23943, 1.23943],
							"pivot": [-0.94008, 27.62586, -2.42664],
							"rotation": [10, 0, 0],
							"uv": {
								"north": {"uv": [58, 36], "uv_size": [1, 1]},
								"east": {"uv": [58, 37], "uv_size": [1, 1]},
								"south": {"uv": [38, 58], "uv_size": [1, 1]},
								"west": {"uv": [58, 38], "uv_size": [1, 1]},
								"up": {"uv": [39, 58], "uv_size": [1, 1]},
								"down": {"uv": [58, 40], "uv_size": [1, -1]}
							}
						},
						{
							"origin": [-0.58059, 29.54602, -7.19342],
							"size": [1.23943, 0.61971, 1.23943],
							"pivot": [-0.94008, 26.52226, -2.48952],
							"rotation": [-2.5, 0, 0],
							"uv": {
								"north": {"uv": [33, 62], "uv_size": [1, 0.5]},
								"east": {"uv": [62, 33], "uv_size": [1, 0.5]},
								"south": {"uv": [34, 62], "uv_size": [1, 0.5]},
								"west": {"uv": [62, 34], "uv_size": [1, 0.5]},
								"up": {"uv": [40, 58], "uv_size": [1, 1]},
								"down": {"uv": [58, 41], "uv_size": [1, -1]}
							}
						},
						{
							"origin": [-0.3575, 32.571, -5.83241],
							"size": [1.01633, 1.01633, 1.01633],
							"pivot": [-0.82853, 28.67545, -2.47093],
							"rotation": [20, 0, 0],
							"uv": {
								"north": {"uv": [61, 12], "uv_size": [0.75, 0.75]},
								"east": {"uv": [13, 61], "uv_size": [0.75, 0.75]},
								"south": {"uv": [61, 13], "uv_size": [0.75, 0.75]},
								"west": {"uv": [14, 61], "uv_size": [0.75, 0.75]},
								"up": {"uv": [61, 14], "uv_size": [0.75, 0.75]},
								"down": {"uv": [15, 61.75], "uv_size": [0.75, -0.75]}
							}
						},
						{
							"origin": [-0.12374, 34.04191, -4.8621],
							"size": [0.78258, 1.25976, 0.78258],
							"pivot": [-0.71165, 30.14011, -3.08379],
							"rotation": [40, 0, 0],
							"uv": {
								"north": {"uv": [4, 60], "uv_size": [0.75, 1]},
								"east": {"uv": [60, 4], "uv_size": [0.75, 1]},
								"south": {"uv": [5, 60], "uv_size": [0.75, 1]},
								"west": {"uv": [60, 5], "uv_size": [0.75, 1]},
								"up": {"uv": [61, 15], "uv_size": [0.75, 0.75]},
								"down": {"uv": [16, 61.75], "uv_size": [0.75, -0.75]}
							}
						}
					]
				},
				{
					"name": "Face",
					"parent": "head",
					"pivot": [0, 27.64, -2.6],
					"cubes": [
						{
							"origin": [-3.52, 24.12, -2.6],
							"size": [7.04, 7.04, 0],
							"uv": {
								"north": {"uv": [16, 33], "uv_size": [7, 7]},
								"east": {"uv": [0, 0], "uv_size": [0, 7]},
								"south": {"uv": [23, 33], "uv_size": [7, 7]},
								"west": {"uv": [0, 0], "uv_size": [0, 7]},
								"up": {"uv": [0, 0], "uv_size": [7, 0]},
								"down": {"uv": [0, 0], "uv_size": [7, 0]}
							}
						}
					]
				},
				{
					"name": "Face3",
					"parent": "head",
					"pivot": [0, 27.64, -2.6],
					"cubes": [
						{
							"origin": [-3.52, 24.12, -2.6],
							"size": [7.04, 7.04, 0],
							"uv": {
								"north": {"uv": [30, 34], "uv_size": [7, 7]},
								"east": {"uv": [0, 0], "uv_size": [0, 7]},
								"south": {"uv": [35, 7], "uv_size": [7, 7]},
								"west": {"uv": [0, 0], "uv_size": [0, 7]},
								"up": {"uv": [0, 0], "uv_size": [7, 0]},
								"down": {"uv": [0, 0], "uv_size": [7, 0]}
							}
						}
					]
				}
			]
		}
	]
}