{
	"format_version": "1.12.0",
	"minecraft:geometry": [
		{
			"description": {
				"identifier": "geometry.dio",
				"texture_width": 128,
				"texture_height": 128,
				"visible_bounds_width": 4,
				"visible_bounds_height": 4.5,
				"visible_bounds_offset": [0, 1.75, 0]
			},
			"bones": [
				{
					"name": "tudo",
					"pivot": [0, 0, 0]
				},
				{
					"name": "Corpo",
					"parent": "tudo",
					"pivot": [0, 14.31998, 0],
					"cubes": [
						{
							"origin": [-4.77333, 14.31998, -2.38666],
							"size": [9.54666, 14.31998, 4.77333],
							"uv": {
								"north": {"uv": [0, 0], "uv_size": [9.5, 14.25]},
								"east": {"uv": [29, 20], "uv_size": [4.75, 14.25]},
								"south": {"uv": [10, 0], "uv_size": [9.5, 14.25]},
								"west": {"uv": [0, 30], "uv_size": [4.75, 14.25]},
								"up": {"uv": [64, 38], "uv_size": [9.5, 4.75]},
								"down": {"uv": [16, 70.75], "uv_size": [9.5, -4.75]}
							}
						},
						{
							"origin": [-4.77333, 19.31998, -2.38666],
							"size": [9.54666, 9.31998, 4.77333],
							"inflate": 0.3,
							"uv": {
								"north": {"uv": [20, 0], "uv_size": [9.5, 9.25]},
								"east": {"uv": [10, 68], "uv_size": [4.75, 9.25]},
								"south": {"uv": [20, 10], "uv_size": [9.5, 9.25]},
								"west": {"uv": [35, 68], "uv_size": [4.75, 9.25]},
								"up": {"uv": [67, 43], "uv_size": [9.5, 4.75]},
								"down": {"uv": [67, 52.75], "uv_size": [9.5, -4.75]}
							}
						}
					]
				},
				{
					"name": "rightBraco",
					"parent": "Corpo",
					"pivot": [-5.96666, 26.2533, 0],
					"cubes": [
						{
							"origin": [-9.54666, 14.31998, -2.38666],
							"size": [4.77333, 14.31998, 4.77333],
							"uv": {
								"north": {"uv": [30, 0], "uv_size": [4.75, 14.25]},
								"east": {"uv": [5, 30], "uv_size": [4.75, 14.25]},
								"south": {"uv": [10, 30], "uv_size": [4.75, 14.25]},
								"west": {"uv": [15, 30], "uv_size": [4.75, 14.25]},
								"up": {"uv": [3, 78], "uv_size": [4.75, 4.75]},
								"down": {"uv": [8, 82.75], "uv_size": [4.75, -4.75]}
							}
						},
						{
							"origin": [-9.54666, 24.31998, -2.38666],
							"size": [4.77333, 4.31998, 4.77333],
							"inflate": 0.3,
							"uv": {
								"north": {"uv": [82, 0], "uv_size": [4.75, 4.25]},
								"east": {"uv": [0, 83], "uv_size": [4.75, 4.25]},
								"south": {"uv": [86.75, 0], "uv_size": [-4.75, 4.25]},
								"west": {"uv": [10, 83], "uv_size": [4.75, 4.25]},
								"up": {"uv": [44, 78], "uv_size": [4.75, 4.75]},
								"down": {"uv": [78, 58.75], "uv_size": [4.75, -4.75]}
							}
						}
					]
				},
				{
					"name": "leftBraco",
					"parent": "Corpo",
					"pivot": [5.96666, 26.2533, 0],
					"cubes": [
						{
							"origin": [4.77333, 14.31998, -2.38666],
							"size": [4.77333, 14.31998, 4.77333],
							"uv": {
								"north": {"uv": [44, 15], "uv_size": [4.75, 14.25]},
								"east": {"uv": [44, 30], "uv_size": [4.75, 14.25]},
								"south": {"uv": [0, 45], "uv_size": [4.75, 14.25]},
								"west": {"uv": [45, 0], "uv_size": [4.75, 14.25]},
								"up": {"uv": [78, 59], "uv_size": [4.75, 4.75]},
								"down": {"uv": [79, 39.75], "uv_size": [4.75, -4.75]}
							}
						},
						{
							"origin": [4.77333, 24.31998, -2.38666],
							"size": [4.77333, 4.31998, 4.77333],
							"inflate": 0.3,
							"uv": {
								"north": {"uv": [24, 83], "uv_size": [4.75, 4.25]},
								"east": {"uv": [29, 83], "uv_size": [4.75, 4.25]},
								"south": {"uv": [28.75, 83], "uv_size": [-4.75, 4.25]},
								"west": {"uv": [39, 83], "uv_size": [4.75, 4.25]},
								"up": {"uv": [49, 79], "uv_size": [4.75, 4.75]},
								"down": {"uv": [54, 83.75], "uv_size": [4.75, -4.75]}
							}
						}
					]
				},
				{
					"name": "rightPerna",
					"parent": "Corpo",
					"pivot": [-2.26733, 14.31998, 0],
					"cubes": [
						{
							"origin": [-4.65399, 0, -2.38666],
							"size": [4.77333, 14.31998, 4.77333],
							"uv": {
								"north": {"uv": [34, 15], "uv_size": [4.75, 14.25]},
								"east": {"uv": [34, 30], "uv_size": [4.75, 14.25]},
								"south": {"uv": [35, 0], "uv_size": [4.75, 14.25]},
								"west": {"uv": [29, 35], "uv_size": [4.75, 14.25]},
								"up": {"uv": [24, 78], "uv_size": [4.75, 4.75]},
								"down": {"uv": [29, 82.75], "uv_size": [4.75, -4.75]}
							}
						},
						{
							"origin": [-4.77333, 2.25987, -2.52986],
							"size": [5.05972, 1.10266, 5.05972],
							"uv": {
								"north": {"uv": [88, 85], "uv_size": [5, 2]},
								"east": {"uv": [89, 32], "uv_size": [5, 2]},
								"south": {"uv": [89, 34], "uv_size": [5, 2]},
								"west": {"uv": [89, 36], "uv_size": [5, 2]},
								"up": {"uv": [3, 73], "uv_size": [5, 5]},
								"down": {"uv": [25, 78], "uv_size": [5, -5]}
							}
						}
					]
				},
				{
					"name": "leftPerna",
					"parent": "Corpo",
					"pivot": [2.26733, 14.31998, 0],
					"cubes": [
						{
							"origin": [-0.11933, 0, -2.38666],
							"size": [4.77333, 14.31998, 4.77333],
							"uv": {
								"north": {"uv": [20, 36], "uv_size": [4.75, 14.25]},
								"east": {"uv": [39, 15], "uv_size": [4.75, 14.25]},
								"south": {"uv": [39, 30], "uv_size": [4.75, 14.25]},
								"west": {"uv": [40, 0], "uv_size": [4.75, 14.25]},
								"up": {"uv": [34, 78], "uv_size": [4.75, 4.75]},
								"down": {"uv": [39, 82.75], "uv_size": [4.75, -4.75]}
							}
						},
						{
							"origin": [-0.2864, 2.25987, -2.52986],
							"size": [5.05972, 1.10266, 5.05972],
							"uv": {
								"north": {"uv": [89, 38], "uv_size": [5, 2]},
								"east": {"uv": [49, 89], "uv_size": [5, 2]},
								"south": {"uv": [54, 89], "uv_size": [5, 2]},
								"west": {"uv": [59, 89], "uv_size": [5, 2]},
								"up": {"uv": [30, 73], "uv_size": [5, 5]},
								"down": {"uv": [74, 40], "uv_size": [5, -5]}
							}
						}
					]
				},
				{
					"name": "head",
					"parent": "Corpo",
					"pivot": [0, 28.0828, 0],
					"cubes": [
						{
							"origin": [-3.77997, 28.0828, -3.77997],
							"size": [7.55995, 7.55995, 7.55995],
							"uv": {
								"north": {"uv": [59, 45], "uv_size": [8, 8]},
								"east": {"uv": [59, 53], "uv_size": [8, 8]},
								"south": {"uv": [0, 60], "uv_size": [8, 8]},
								"west": {"uv": [60, 0], "uv_size": [8, 8]},
								"up": {"uv": [8, 60], "uv_size": [8, 8]},
								"down": {"uv": [56.25, 107.5], "uv_size": [8, -8]}
							}
						}
					]
				},
				{
					"name": "Hair",
					"parent": "head",
					"pivot": [0.28192, 32.15889, -0.80127],
					"rotation": [-15, 0, 0],
					"cubes": [
						{
							"origin": [3.45211, 33.81005, -3.44315],
							"size": [2.39014, 1.06865, 1.15375],
							"pivot": [3.90546, 34.50763, -2.75984],
							"rotation": [-3.68775, -12.15475, 77.35255],
							"uv": {
								"north": {"uv": [93, 84], "uv_size": [2.5, 1.25]},
								"east": {"uv": [76, 95], "uv_size": [1.25, 1.25]},
								"south": {"uv": [88, 93], "uv_size": [2.5, 1.25]},
								"west": {"uv": [78, 95], "uv_size": [1.25, 1.25]},
								"up": {"uv": [91, 93], "uv_size": [2.5, 1.25]},
								"down": {"uv": [94, 18.25], "uv_size": [2.5, -1.25]}
							}
						},
						{
							"origin": [-5.84225, 33.81005, -3.44315],
							"size": [2.39014, 1.06865, 1.15375],
							"pivot": [-3.90546, 34.50763, -2.75984],
							"rotation": [-3.68775, 12.15475, -77.35255],
							"uv": {
								"north": {"uv": [94, 19], "uv_size": [2.5, 1.25]},
								"east": {"uv": [80, 95], "uv_size": [1.25, 1.25]},
								"south": {"uv": [94, 21], "uv_size": [2.5, 1.25]},
								"west": {"uv": [82, 95], "uv_size": [1.25, 1.25]},
								"up": {"uv": [94, 23], "uv_size": [2.5, 1.25]},
								"down": {"uv": [94, 26.25], "uv_size": [2.5, -1.25]}
							}
						},
						{
							"origin": [-6.1013, 34.60695, -0.65389],
							"size": [2.51143, 1.06865, 1.15375],
							"pivot": [-3.7437, 34.78777, 0.13141],
							"rotation": [-1.03043, -6.34127, -101.35042],
							"uv": {
								"north": {"uv": [93, 60], "uv_size": [2.75, 1.25]},
								"east": {"uv": [84, 95], "uv_size": [1.25, 1.25]},
								"south": {"uv": [61, 93], "uv_size": [2.75, 1.25]},
								"west": {"uv": [88, 95], "uv_size": [1.25, 1.25]},
								"up": {"uv": [93, 69], "uv_size": [2.75, 1.25]},
								"down": {"uv": [93, 72.25], "uv_size": [2.75, -1.25]}
							}
						},
						{
							"origin": [3.58988, 34.60695, -0.65389],
							"size": [2.51143, 1.06865, 1.15375],
							"pivot": [3.7437, 34.78777, 0.13141],
							"rotation": [-1.03043, 6.34127, 101.35042],
							"uv": {
								"north": {"uv": [77, 93], "uv_size": [2.75, 1.25]},
								"east": {"uv": [90, 95], "uv_size": [1.25, 1.25]},
								"south": {"uv": [93, 78], "uv_size": [2.75, 1.25]},
								"west": {"uv": [92, 95], "uv_size": [1.25, 1.25]},
								"up": {"uv": [93, 80], "uv_size": [2.75, 1.25]},
								"down": {"uv": [93, 83.25], "uv_size": [2.75, -1.25]}
							}
						},
						{
							"origin": [3.63096, 34.49626, 0.89402],
							"size": [1.90498, 0.78987, 0.78987],
							"pivot": [3.74791, 35.11778, 1.46638],
							"rotation": [-2.02783, -7.64146, 66.98136],
							"uv": {
								"north": {"uv": [91, 78], "uv_size": [2, 0.75]},
								"east": {"uv": [79, 73], "uv_size": [0.75, 0.75]},
								"south": {"uv": [93, 4], "uv_size": [2, 0.75]},
								"west": {"uv": [85, 74], "uv_size": [0.75, 0.75]},
								"up": {"uv": [93, 48], "uv_size": [2, 0.75]},
								"down": {"uv": [93, 62.75], "uv_size": [2, -0.75]}
							}
						},
						{
							"origin": [-5.53593, 34.49626, 0.89402],
							"size": [1.90498, 0.78987, 0.78987],
							"pivot": [-3.74791, 35.11778, 1.46638],
							"rotation": [-2.02783, 7.64146, -66.98136],
							"uv": {
								"north": {"uv": [93, 67], "uv_size": [2, 0.75]},
								"east": {"uv": [85, 75], "uv_size": [0.75, 0.75]},
								"south": {"uv": [93, 73], "uv_size": [2, 0.75]},
								"west": {"uv": [23, 87], "uv_size": [0.75, 0.75]},
								"up": {"uv": [94, 39], "uv_size": [2, 0.75]},
								"down": {"uv": [94, 90.75], "uv_size": [2, -0.75]}
							}
						},
						{
							"origin": [1.87074, 32.43219, -1.60406],
							"size": [3.02009, 1.2545, 1.06865],
							"pivot": [4.19564, 33.75433, -0.76039],
							"rotation": [2.86324, 15.14544, 128.02392],
							"uv": {
								"north": {"uv": [53, 91], "uv_size": [3.25, 1.25]},
								"east": {"uv": [94, 95], "uv_size": [1.25, 1.25]},
								"south": {"uv": [57, 91], "uv_size": [3.25, 1.25]},
								"west": {"uv": [96, 27], "uv_size": [1.25, 1.25]},
								"up": {"uv": [91, 63], "uv_size": [3.25, 1.25]},
								"down": {"uv": [91, 66.25], "uv_size": [3.25, -1.25]}
							}
						},
						{
							"origin": [-4.89083, 32.43219, -1.60406],
							"size": [3.02009, 1.2545, 1.06865],
							"pivot": [-4.19564, 33.75433, -0.76039],
							"rotation": [2.86324, -15.14544, -128.02392],
							"uv": {
								"north": {"uv": [91, 74], "uv_size": [3.25, 1.25]},
								"east": {"uv": [96, 31], "uv_size": [1.25, 1.25]},
								"south": {"uv": [91, 76], "uv_size": [3.25, 1.25]},
								"west": {"uv": [96, 33], "uv_size": [1.25, 1.25]},
								"up": {"uv": [77, 91], "uv_size": [3.25, 1.25]},
								"down": {"uv": [88, 92.25], "uv_size": [3.25, -1.25]}
							}
						},
						{
							"origin": [2.28797, 34.83147, -4.12919],
							"size": [2.04976, 0.89062, 1.55381],
							"pivot": [3.654, 35.28221, -3.17706],
							"rotation": [172.15968, 59.42996, 141.37261],
							"uv": {
								"north": {"uv": [25, 49], "uv_size": [2.25, 1]},
								"east": {"uv": [57, 60], "uv_size": [1.75, 1]},
								"south": {"uv": [60, 14], "uv_size": [2.25, 1]},
								"west": {"uv": [80, 34], "uv_size": [1.75, 1]},
								"up": {"uv": [64, 43], "uv_size": [2.25, 1.75]},
								"down": {"uv": [78, 65.75], "uv_size": [2.25, -1.75]}
							}
						},
						{
							"origin": [-4.33773, 34.83147, -4.12919],
							"size": [2.04976, 0.89062, 1.55381],
							"pivot": [-3.654, 35.28221, -3.17706],
							"rotation": [172.15968, -59.42996, -141.37261],
							"uv": {
								"north": {"uv": [54, 60], "uv_size": [2.25, 1]},
								"east": {"uv": [82, 34], "uv_size": [1.75, 1]},
								"south": {"uv": [50, 68], "uv_size": [2.25, 1]},
								"west": {"uv": [91, 67], "uv_size": [1.75, 1]},
								"up": {"uv": [61, 91], "uv_size": [2.25, 1.75]},
								"down": {"uv": [12, 94.75], "uv_size": [2.25, -1.75]}
							}
						},
						{
							"origin": [1.11233, 35.4646, -3.5435],
							"size": [3.02009, 1.73966, 1.55381],
							"pivot": [2.62237, 36.33443, -3.00917],
							"rotation": [157.24845, 10.74841, 128.42974],
							"uv": {
								"north": {"uv": [80, 32], "uv_size": [3.25, 1.75]},
								"east": {"uv": [80, 93], "uv_size": [1.75, 1.75]},
								"south": {"uv": [81, 69], "uv_size": [3.25, 1.75]},
								"west": {"uv": [94, 27], "uv_size": [1.75, 1.75]},
								"up": {"uv": [90, 50], "uv_size": [3.25, 1.75]},
								"down": {"uv": [90, 53.75], "uv_size": [3.25, -1.75]}
							}
						},
						{
							"origin": [-4.13242, 35.4646, -3.5435],
							"size": [3.02009, 1.73966, 1.55381],
							"pivot": [-2.62237, 36.33443, -3.00917],
							"rotation": [157.24845, -10.74841, -128.42974],
							"uv": {
								"north": {"uv": [0, 91], "uv_size": [3.25, 1.75]},
								"east": {"uv": [94, 31], "uv_size": [1.75, 1.75]},
								"south": {"uv": [4, 91], "uv_size": [3.25, 1.75]},
								"west": {"uv": [94, 33], "uv_size": [1.75, 1.75]},
								"up": {"uv": [8, 91], "uv_size": [3.25, 1.75]},
								"down": {"uv": [91, 12.75], "uv_size": [3.25, -1.75]}
							}
						},
						{
							"origin": [-8.12804, 28.05649, 1.6521],
							"size": [3.02009, 1.2545, 1.06865],
							"pivot": [-3.86253, 35.1111, -0.15828],
							"rotation": [-171.5543, 59.36839, 110.50343],
							"uv": {
								"north": {"uv": [92, 91], "uv_size": [3.25, 1.25]},
								"east": {"uv": [35, 96], "uv_size": [1.25, 1.25]},
								"south": {"uv": [0, 93], "uv_size": [3.25, 1.25]},
								"west": {"uv": [96, 35], "uv_size": [1.25, 1.25]},
								"up": {"uv": [93, 0], "uv_size": [3.25, 1.25]},
								"down": {"uv": [93, 3.25], "uv_size": [3.25, -1.25]}
							}
						},
						{
							"origin": [-4.33103, 36.10384, -3.84723],
							"size": [5.46978, 2.90661, 3.00608],
							"pivot": [-2.24966, 36.00769, -1.99489],
							"rotation": [-170.40117, -11.79672, -92.8532],
							"uv": {
								"north": {"uv": [70, 66], "uv_size": [5.75, 3]},
								"east": {"uv": [25, 46], "uv_size": [3.25, 3]},
								"south": {"uv": [80, 76], "uv_size": [5.75, 3]},
								"west": {"uv": [26, 65], "uv_size": [3.25, 3]},
								"up": {"uv": [84, 13], "uv_size": [5.75, 3.25]},
								"down": {"uv": [84, 53.25], "uv_size": [5.75, -3.25]}
							}
						},
						{
							"origin": [-4.33103, 35.3761, -2.39175],
							"size": [5.46978, 2.17886, 1.91447],
							"pivot": [-2.24966, 36.00769, -1.99489],
							"rotation": [-167.6923, -8.93, -107.824],
							"uv": {
								"north": {"uv": [87, 0], "uv_size": [5.75, 2.25]},
								"east": {"uv": [72, 35], "uv_size": [2, 2.25]},
								"south": {"uv": [83, 87], "uv_size": [5.75, 2.25]},
								"west": {"uv": [35, 91], "uv_size": [2, 2.25]},
								"up": {"uv": [85, 11], "uv_size": [5.75, 2]},
								"down": {"uv": [87, 5], "uv_size": [5.75, -2]}
							}
						},
						{
							"origin": [-0.50402, 38.84798, -3.67944],
							"size": [1.70978, 1.32984, 1.30802],
							"pivot": [0.10829, 39.5129, -3.02543],
							"rotation": [162.4645, 10.9779, 102.5748],
							"uv": {
								"north": {"uv": [35, 94], "uv_size": [1.75, 1.5]},
								"east": {"uv": [47, 94], "uv_size": [1.5, 1.5]},
								"south": {"uv": [94, 35], "uv_size": [1.75, 1.5]},
								"west": {"uv": [49, 94], "uv_size": [1.5, 1.5]},
								"up": {"uv": [37, 94], "uv_size": [1.75, 1.5]},
								"down": {"uv": [94, 38.5], "uv_size": [1.75, -1.5]}
							}
						},
						{
							"origin": [-3.36525, 34.27229, -0.42133],
							"size": [4.62074, 2.17886, 1.91447],
							"pivot": [0.10818, 35.2936, -1.56079],
							"rotation": [179.8937, 14.31672, 94.17388],
							"uv": {
								"north": {"uv": [29, 88], "uv_size": [5, 2.25]},
								"east": {"uv": [37, 91], "uv_size": [2, 2.25]},
								"south": {"uv": [88, 29], "uv_size": [5, 2.25]},
								"west": {"uv": [39, 91], "uv_size": [2, 2.25]},
								"up": {"uv": [88, 72], "uv_size": [5, 2]},
								"down": {"uv": [88, 81], "uv_size": [5, -2]}
							}
						},
						{
							"origin": [0.05836, 35.13993, -5.12482],
							"size": [3.13558, 2.17886, 1.67189],
							"pivot": [1.88356, 36.10808, -4.10693],
							"rotation": [162.458, 0.405, 118.9856],
							"uv": {
								"north": {"uv": [88, 40], "uv_size": [4.5, 2.25]},
								"east": {"uv": [93, 42], "uv_size": [1.75, 2.25]},
								"south": {"uv": [88, 43], "uv_size": [4.5, 2.25]},
								"west": {"uv": [93, 45], "uv_size": [1.75, 2.25]},
								"up": {"uv": [77, 89], "uv_size": [4.5, 1.75]},
								"down": {"uv": [89, 88.75], "uv_size": [4.5, -1.75]}
							}
						},
						{
							"origin": [-2.28966, 37.27656, -4.48889],
							"size": [1.3459, 1.32984, 1.30802],
							"pivot": [-2.21967, 37.88283, -3.86282],
							"rotation": [162.4645, -10.9779, -102.5748],
							"uv": {
								"north": {"uv": [94, 50], "uv_size": [1.5, 1.5]},
								"east": {"uv": [51, 94], "uv_size": [1.5, 1.5]},
								"south": {"uv": [94, 52], "uv_size": [1.5, 1.5]},
								"west": {"uv": [64, 94], "uv_size": [1.5, 1.5]},
								"up": {"uv": [66, 94], "uv_size": [1.5, 1.5]},
								"down": {"uv": [74, 95.5], "uv_size": [1.5, -1.5]}
							}
						},
						{
							"origin": [-1.68321, 41.03656, -7.76373],
							"size": [1.3459, 1.32984, 1.30802],
							"pivot": [-2.21967, 37.88283, -3.86282],
							"rotation": [162.4645, -10.9779, -102.5748],
							"uv": {
								"north": {"uv": [86, 94], "uv_size": [1.5, 1.5]},
								"east": {"uv": [94, 86], "uv_size": [1.5, 1.5]},
								"south": {"uv": [94, 88], "uv_size": [1.5, 1.5]},
								"west": {"uv": [94, 93], "uv_size": [1.5, 1.5]},
								"up": {"uv": [0, 95], "uv_size": [1.5, 1.5]},
								"down": {"uv": [2, 96.5], "uv_size": [1.5, -1.5]}
							}
						},
						{
							"origin": [-3.19393, 35.13993, -5.12482],
							"size": [3.13558, 2.17886, 1.67189],
							"pivot": [-1.88356, 36.10808, -4.10693],
							"rotation": [162.458, -0.405, -118.9856],
							"uv": {
								"north": {"uv": [44, 88], "uv_size": [4.5, 2.25]},
								"east": {"uv": [53, 93], "uv_size": [1.75, 2.25]},
								"south": {"uv": [88, 46], "uv_size": [4.5, 2.25]},
								"west": {"uv": [93, 54], "uv_size": [1.75, 2.25]},
								"up": {"uv": [89, 89], "uv_size": [4.5, 1.75]},
								"down": {"uv": [90, 6.75], "uv_size": [4.5, -1.75]}
							}
						},
						{
							"origin": [-1.13874, 35.3761, -2.39175],
							"size": [5.46978, 2.17886, 1.91447],
							"pivot": [2.24966, 36.00769, -1.99489],
							"rotation": [-167.6923, 8.93, 107.824],
							"uv": {
								"north": {"uv": [0, 88], "uv_size": [5.75, 2.25]},
								"east": {"uv": [41, 91], "uv_size": [2, 2.25]},
								"south": {"uv": [6, 88], "uv_size": [5.75, 2.25]},
								"west": {"uv": [43, 91], "uv_size": [2, 2.25]},
								"up": {"uv": [23, 88], "uv_size": [5.75, 2]},
								"down": {"uv": [88, 25], "uv_size": [5.75, -2]}
							}
						},
						{
							"origin": [0.94376, 37.27656, -4.48889],
							"size": [1.3459, 1.32984, 1.30802],
							"pivot": [2.21967, 37.88283, -3.86282],
							"rotation": [162.4645, 10.9779, 102.5748],
							"uv": {
								"north": {"uv": [4, 95], "uv_size": [1.5, 1.5]},
								"east": {"uv": [95, 4], "uv_size": [1.5, 1.5]},
								"south": {"uv": [6, 95], "uv_size": [1.5, 1.5]},
								"west": {"uv": [95, 6], "uv_size": [1.5, 1.5]},
								"up": {"uv": [8, 95], "uv_size": [1.5, 1.5]},
								"down": {"uv": [95, 9.5], "uv_size": [1.5, -1.5]}
							}
						},
						{
							"origin": [-1.20576, 39.01561, 1.56661],
							"size": [1.70978, 1.32984, 1.30802],
							"pivot": [-0.10829, 39.68053, 2.22063],
							"rotation": [-158.6893, -6.1139, -102.4127],
							"uv": {
								"north": {"uv": [39, 94], "uv_size": [1.75, 1.5]},
								"east": {"uv": [10, 95], "uv_size": [1.5, 1.5]},
								"south": {"uv": [41, 94], "uv_size": [1.75, 1.5]},
								"west": {"uv": [95, 10], "uv_size": [1.5, 1.5]},
								"up": {"uv": [43, 94], "uv_size": [1.75, 1.5]},
								"down": {"uv": [45, 95.5], "uv_size": [1.75, -1.5]}
							}
						},
						{
							"origin": [-2.11532, 35.35981, 0.8059],
							"size": [4.62074, 2.17886, 1.91447],
							"pivot": [-0.10818, 36.44924, 1.76314],
							"rotation": [-168.898, -8.2792, -92.8607],
							"uv": {
								"north": {"uv": [34, 88], "uv_size": [5, 2.25]},
								"east": {"uv": [45, 91], "uv_size": [2, 2.25]},
								"south": {"uv": [39, 88], "uv_size": [5, 2.25]},
								"west": {"uv": [47, 91], "uv_size": [2, 2.25]},
								"up": {"uv": [88, 81], "uv_size": [5, 2]},
								"down": {"uv": [88, 85], "uv_size": [5, -2]}
							}
						},
						{
							"origin": [-4.19393, 35.13993, 1.57422],
							"size": [4.13558, 2.17886, 1.67189],
							"pivot": [-1.88356, 36.10808, 2.22823],
							"rotation": [-153.7874, -14.8502, -120.0875],
							"uv": {
								"north": {"uv": [88, 54], "uv_size": [4.5, 2.25]},
								"east": {"uv": [55, 93], "uv_size": [1.75, 2.25]},
								"south": {"uv": [88, 57], "uv_size": [4.5, 2.25]},
								"west": {"uv": [57, 93], "uv_size": [1.75, 2.25]},
								"up": {"uv": [90, 7], "uv_size": [4.5, 1.75]},
								"down": {"uv": [90, 10.75], "uv_size": [4.5, -1.75]}
							}
						},
						{
							"origin": [1.45032, 37.28426, -0.92649],
							"size": [1.3459, 1.32984, 1.30802],
							"pivot": [2.12327, 37.94918, -0.27248],
							"rotation": [158.8107, 6.1139, 102.4127],
							"uv": {
								"north": {"uv": [12, 95], "uv_size": [1.5, 1.5]},
								"east": {"uv": [95, 12], "uv_size": [1.5, 1.5]},
								"south": {"uv": [95, 14], "uv_size": [1.5, 1.5]},
								"west": {"uv": [23, 95], "uv_size": [1.5, 1.5]},
								"up": {"uv": [25, 95], "uv_size": [1.5, 1.5]},
								"down": {"uv": [27, 96.5], "uv_size": [1.5, -1.5]}
							}
						},
						{
							"origin": [0.94376, 37.26784, 1.84714],
							"size": [1.3459, 1.32984, 1.30802],
							"pivot": [2.21967, 37.87409, 2.52908],
							"rotation": [-158.6893, 6.1139, 102.4127],
							"uv": {
								"north": {"uv": [29, 95], "uv_size": [1.5, 1.5]},
								"east": {"uv": [31, 95], "uv_size": [1.5, 1.5]},
								"south": {"uv": [33, 95], "uv_size": [1.5, 1.5]},
								"west": {"uv": [95, 42], "uv_size": [1.5, 1.5]},
								"up": {"uv": [95, 44], "uv_size": [1.5, 1.5]},
								"down": {"uv": [95, 47.5], "uv_size": [1.5, -1.5]}
							}
						},
						{
							"origin": [0.3373, 41.02784, 5.12198],
							"size": [1.3459, 1.32984, 1.30802],
							"pivot": [2.21967, 37.87409, 2.52908],
							"rotation": [-158.6893, 6.1139, 102.4127],
							"uv": {
								"north": {"uv": [95, 54], "uv_size": [1.5, 1.5]},
								"east": {"uv": [95, 56], "uv_size": [1.5, 1.5]},
								"south": {"uv": [95, 58], "uv_size": [1.5, 1.5]},
								"west": {"uv": [61, 95], "uv_size": [1.5, 1.5]},
								"up": {"uv": [95, 62], "uv_size": [1.5, 1.5]},
								"down": {"uv": [95, 65.5], "uv_size": [1.5, -1.5]}
							}
						},
						{
							"origin": [0.05836, 35.13993, 1.57422],
							"size": [4.13558, 2.17886, 1.67189],
							"pivot": [1.88356, 36.10808, 2.22823],
							"rotation": [-153.7874, 14.8502, 120.0875],
							"uv": {
								"north": {"uv": [88, 60], "uv_size": [4.5, 2.25]},
								"east": {"uv": [93, 57], "uv_size": [1.75, 2.25]},
								"south": {"uv": [88, 69], "uv_size": [4.5, 2.25]},
								"west": {"uv": [59, 93], "uv_size": [1.75, 2.25]},
								"up": {"uv": [90, 13], "uv_size": [4.5, 1.75]},
								"down": {"uv": [90, 16.75], "uv_size": [4.5, -1.75]}
							}
						},
						{
							"origin": [-4.33103, 36.01585, -1.33387],
							"size": [5.46978, 2.17886, 1.91447],
							"pivot": [-2.24966, 36.64744, 0.18374],
							"rotation": [173.0223, -7.7447, -107.7682],
							"uv": {
								"north": {"uv": [88, 17], "uv_size": [5.75, 2.25]},
								"east": {"uv": [49, 91], "uv_size": [2, 2.25]},
								"south": {"uv": [88, 20], "uv_size": [5.75, 2.25]},
								"west": {"uv": [51, 91], "uv_size": [2, 2.25]},
								"up": {"uv": [88, 25], "uv_size": [5.75, 2]},
								"down": {"uv": [88, 29], "uv_size": [5.75, -2]}
							}
						},
						{
							"origin": [-2.28966, 37.26784, 1.84714],
							"size": [1.3459, 1.32984, 1.30802],
							"pivot": [-2.21967, 37.87409, 2.52908],
							"rotation": [-158.6893, -6.1139, -102.4127],
							"uv": {
								"north": {"uv": [95, 66], "uv_size": [1.5, 1.5]},
								"east": {"uv": [68, 95], "uv_size": [1.5, 1.5]},
								"south": {"uv": [70, 95], "uv_size": [1.5, 1.5]},
								"west": {"uv": [72, 95], "uv_size": [1.5, 1.5]},
								"up": {"uv": [95, 73], "uv_size": [1.5, 1.5]},
								"down": {"uv": [95, 76.5], "uv_size": [1.5, -1.5]}
							}
						},
						{
							"origin": [5.10795, 28.05649, 1.6521],
							"size": [3.02009, 1.2545, 1.06865],
							"pivot": [3.86253, 35.1111, -0.15828],
							"rotation": [-171.5543, -59.36839, -110.50343],
							"uv": {
								"north": {"uv": [4, 93], "uv_size": [3.25, 1.25]},
								"east": {"uv": [37, 96], "uv_size": [1.25, 1.25]},
								"south": {"uv": [8, 93], "uv_size": [3.25, 1.25]},
								"west": {"uv": [96, 37], "uv_size": [1.25, 1.25]},
								"up": {"uv": [93, 29], "uv_size": [3.25, 1.25]},
								"down": {"uv": [93, 41.25], "uv_size": [3.25, -1.25]}
							}
						},
						{
							"origin": [-3.65999, 33.88989, -3.49563],
							"size": [7.13628, 3.35905, 6.08664],
							"pivot": [-0.09185, 35.56942, -0.45232],
							"rotation": [-2.68352, 0.11712, 0],
							"uv": {
								"north": {"uv": [72, 17], "uv_size": [7.5, 3.5]},
								"east": {"uv": [77, 13], "uv_size": [6.5, 3.5]},
								"south": {"uv": [72, 21], "uv_size": [7.5, 3.5]},
								"west": {"uv": [77, 50], "uv_size": [6.5, 3.5]},
								"up": {"uv": [64, 24], "uv_size": [7.5, 6.5]},
								"down": {"uv": [64, 37.5], "uv_size": [7.5, -6.5]}
							}
						},
						{
							"origin": [-3.47187, 33.29848, -3.9568],
							"size": [6.7081, 3.15751, 1.02807],
							"pivot": [-0.11782, 34.87723, -3.6247],
							"rotation": [10, 0, 0],
							"uv": {
								"north": {"uv": [77, 5], "uv_size": [7.25, 3.25]},
								"east": {"uv": [28, 36], "uv_size": [1, 3.25]},
								"south": {"uv": [77, 9], "uv_size": [7.25, 3.25]},
								"west": {"uv": [28, 40], "uv_size": [1, 3.25]},
								"up": {"uv": [88, 49], "uv_size": [7.25, 1]},
								"down": {"uv": [89, 69], "uv_size": [7.25, -1]}
							}
						},
						{
							"origin": [-2.99742, 33.54661, 2.45511],
							"size": [0.97572, 1.90498, 0.78987],
							"pivot": [-2.47118, 34.87635, 2.79246],
							"rotation": [148.95892, -9.44624, 6.20879],
							"uv": {
								"north": {"uv": [28, 44], "uv_size": [1, 2]},
								"east": {"uv": [63, 13], "uv_size": [0.75, 2]},
								"south": {"uv": [33, 56], "uv_size": [1, 2]},
								"west": {"uv": [19, 64], "uv_size": [0.75, 2]},
								"up": {"uv": [28, 49], "uv_size": [1, 0.75]},
								"down": {"uv": [25, 65.75], "uv_size": [1, -0.75]}
							}
						},
						{
							"origin": [2.0217, 33.54661, 2.45511],
							"size": [0.97572, 1.90498, 0.78987],
							"pivot": [2.47118, 34.87635, 2.79246],
							"rotation": [148.95892, 9.44624, -6.20879],
							"uv": {
								"north": {"uv": [33, 58], "uv_size": [1, 2]},
								"east": {"uv": [71, 5], "uv_size": [0.75, 2]},
								"south": {"uv": [19, 60], "uv_size": [1, 2]},
								"west": {"uv": [25, 71], "uv_size": [0.75, 2]},
								"up": {"uv": [53, 68], "uv_size": [1, 0.75]},
								"down": {"uv": [71, 7.75], "uv_size": [1, -0.75]}
							}
						},
						{
							"origin": [0.54246, 33.50956, 2.51246],
							"size": [0.97572, 1.89228, 0.78987],
							"pivot": [1.03032, 34.03119, 2.90739],
							"rotation": [9.44735, -4.3291, 4.62138],
							"uv": {
								"north": {"uv": [19, 62], "uv_size": [1, 2]},
								"east": {"uv": [77, 54], "uv_size": [0.75, 2]},
								"south": {"uv": [63, 8], "uv_size": [1, 2]},
								"west": {"uv": [77, 56], "uv_size": [0.75, 2]},
								"up": {"uv": [24, 77], "uv_size": [1, 0.75]},
								"down": {"uv": [49, 78.75], "uv_size": [1, -0.75]}
							}
						},
						{
							"origin": [-1.60929, 32.88366, 2.44764],
							"size": [0.97572, 2.37744, 0.78987],
							"pivot": [-2.18286, 34.79918, 2.61077],
							"rotation": [9.44735, 4.3291, -4.62138],
							"uv": {
								"north": {"uv": [33, 50], "uv_size": [1, 2.5]},
								"east": {"uv": [63, 10], "uv_size": [0.75, 2.5]},
								"south": {"uv": [33, 53], "uv_size": [1, 2.5]},
								"west": {"uv": [15, 68], "uv_size": [0.75, 2.5]},
								"up": {"uv": [79, 71], "uv_size": [1, 0.75]},
								"down": {"uv": [79, 72.75], "uv_size": [1, -0.75]}
							}
						}
					]
				},
				{
					"name": "tudo2",
					"pivot": [12, 0, 10]
				},
				{
					"name": "Corpo2",
					"parent": "tudo2",
					"pivot": [12, 15.03598, 10.5],
					"cubes": [
						{
							"origin": [6.98801, 15.03598, 7.494],
							"size": [10.02399, 15.03598, 5.01199],
							"uv": {
								"north": {"uv": [0, 15], "uv_size": [9.5, 14.25]},
								"east": {"uv": [5, 45], "uv_size": [4.75, 14.25]},
								"south": {"uv": [10, 15], "uv_size": [9.5, 14.25]},
								"west": {"uv": [10, 45], "uv_size": [4.75, 14.25]},
								"up": {"uv": [67, 53], "uv_size": [9.5, 4.75]},
								"down": {"uv": [0, 72.75], "uv_size": [9.5, -4.75]}
							}
						},
						{
							"origin": [5.93801, 15.03598, 7.9],
							"size": [1.62399, 4.53598, 3.96199],
							"uv": {
								"north": {"uv": [70, 90], "uv_size": [1.5, 4.25]},
								"east": {"uv": [30, 15], "uv_size": [3.75, 4.25]},
								"south": {"uv": [72, 90], "uv_size": [1.5, 4.25]},
								"west": {"uv": [75, 84], "uv_size": [3.75, 4.25]},
								"up": {"uv": [86, 90], "uv_size": [1.5, 3.75]},
								"down": {"uv": [29, 94.75], "uv_size": [1.5, -3.75]}
							}
						},
						{
							"origin": [16.43801, 15.03598, 7.9],
							"size": [1.62399, 4.53598, 3.96199],
							"uv": {
								"north": {"uv": [82, 90], "uv_size": [1.5, 4.25]},
								"east": {"uv": [79, 84], "uv_size": [3.75, 4.25]},
								"south": {"uv": [84, 90], "uv_size": [1.5, 4.25]},
								"west": {"uv": [84, 79], "uv_size": [3.75, 4.25]},
								"up": {"uv": [31, 91], "uv_size": [1.5, 3.75]},
								"down": {"uv": [33, 94.75], "uv_size": [1.5, -3.75]}
							}
						},
						{
							"origin": [10.11801, 20.26598, 7.474],
							"size": [1.66399, 9.82598, 5.05199],
							"inflate": 0.4,
							"pivot": [12, 0, 10],
							"rotation": [0, 0, -5],
							"uv": {
								"north": {"uv": [15, 87], "uv_size": [1.5, 9.25]},
								"east": {"uv": [40, 68], "uv_size": [4.75, 9.25]},
								"south": {"uv": [17, 87], "uv_size": [1.5, 9.25]},
								"west": {"uv": [45, 68], "uv_size": [4.75, 9.25]},
								"up": {"uv": [23, 90], "uv_size": [1.5, 4.75]},
								"down": {"uv": [25, 94.75], "uv_size": [1.5, -4.75]}
							}
						},
						{
							"origin": [12.21801, 20.26598, 7.474],
							"size": [1.66399, 9.82598, 5.05199],
							"inflate": 0.4,
							"pivot": [12, 0, 10],
							"rotation": [0, 0, 5],
							"uv": {
								"north": {"uv": [19, 87], "uv_size": [1.5, 9.25]},
								"east": {"uv": [50, 69], "uv_size": [4.75, 9.25]},
								"south": {"uv": [21, 87], "uv_size": [1.5, 9.25]},
								"west": {"uv": [55, 69], "uv_size": [4.75, 9.25]},
								"up": {"uv": [27, 90], "uv_size": [1.5, 4.75]},
								"down": {"uv": [68, 94.75], "uv_size": [1.5, -4.75]}
							}
						},
						{
							"origin": [13.3565, 20.0329, 12.724],
							"size": [2.71399, 9.82598, 2.95199],
							"inflate": 0.4,
							"uv": {
								"north": {"uv": [15, 77], "uv_size": [2.5, 9.25]},
								"east": {"uv": [25, 36], "uv_size": [2.75, 9.25]},
								"south": {"uv": [18, 77], "uv_size": [2.5, 9.25]},
								"west": {"uv": [30, 50], "uv_size": [2.75, 9.25]},
								"up": {"uv": [67, 58], "uv_size": [2.5, 2.75]},
								"down": {"uv": [68, 7.75], "uv_size": [2.5, -2.75]}
							}
						},
						{
							"origin": [7.92951, 20.0329, 12.724],
							"size": [2.71399, 9.82598, 2.95199],
							"inflate": 0.4,
							"uv": {
								"north": {"uv": [21, 77], "uv_size": [2.5, 9.25]},
								"east": {"uv": [72, 25], "uv_size": [2.75, 9.25]},
								"south": {"uv": [77, 40], "uv_size": [2.5, 9.25]},
								"west": {"uv": [0, 73], "uv_size": [2.75, 9.25]},
								"up": {"uv": [74, 40], "uv_size": [2.5, 2.75]},
								"down": {"uv": [76, 73.75], "uv_size": [2.5, -2.75]}
							}
						}
					]
				},
				{
					"name": "rightBraco2",
					"parent": "Corpo2",
					"pivot": [5.73501, 27.56597, 10.5],
					"cubes": [
						{
							"origin": [1.97601, 15.03598, 7.494],
							"size": [5.01199, 15.03598, 5.01199],
							"uv": {
								"north": {"uv": [15, 45], "uv_size": [4.75, 14.25]},
								"east": {"uv": [34, 45], "uv_size": [4.75, 14.25]},
								"south": {"uv": [39, 45], "uv_size": [4.75, 14.25]},
								"west": {"uv": [44, 45], "uv_size": [4.75, 14.25]},
								"up": {"uv": [59, 79], "uv_size": [4.75, 4.75]},
								"down": {"uv": [64, 83.75], "uv_size": [4.75, -4.75]}
							}
						},
						{
							"origin": [1.96101, 25.52098, 7.479],
							"size": [5.04199, 4.56598, 5.04199],
							"inflate": 0.3,
							"uv": {
								"north": {"uv": [44, 83], "uv_size": [4.75, 4.25]},
								"east": {"uv": [83, 54], "uv_size": [4.75, 4.25]},
								"south": {"uv": [83, 59], "uv_size": [4.75, 4.25]},
								"west": {"uv": [84, 32], "uv_size": [4.75, 4.25]},
								"up": {"uv": [69, 79], "uv_size": [4.75, 4.75]},
								"down": {"uv": [74, 83.75], "uv_size": [4.75, -4.75]}
							}
						}
					]
				},
				{
					"name": "rightBracoBarrage",
					"parent": "rightBraco2",
					"pivot": [5.73501, 27.56597, 10.5],
					"cubes": [
						{
							"origin": [1.97601, 15.03598, 7.494],
							"size": [5.01199, 15.03598, 5.01199],
							"uv": {
								"north": {"uv": [15, 45], "uv_size": [4.75, 14.25]},
								"east": {"uv": [34, 45], "uv_size": [4.75, 14.25]},
								"south": {"uv": [39, 45], "uv_size": [4.75, 14.25]},
								"west": {"uv": [44, 45], "uv_size": [4.75, 14.25]},
								"up": {"uv": [59, 79], "uv_size": [4.75, 4.75]},
								"down": {"uv": [64, 83.75], "uv_size": [4.75, -4.75]}
							}
						},
						{
							"origin": [1.96101, 25.52098, 7.479],
							"size": [5.04199, 4.56598, 5.04199],
							"inflate": 0.3,
							"uv": {
								"north": {"uv": [44, 83], "uv_size": [4.75, 4.25]},
								"east": {"uv": [83, 54], "uv_size": [4.75, 4.25]},
								"south": {"uv": [83, 59], "uv_size": [4.75, 4.25]},
								"west": {"uv": [84, 32], "uv_size": [4.75, 4.25]},
								"up": {"uv": [69, 79], "uv_size": [4.75, 4.75]},
								"down": {"uv": [74, 83.75], "uv_size": [4.75, -4.75]}
							}
						}
					]
				},
				{
					"name": "rightBracoBarrage2",
					"parent": "rightBraco2",
					"pivot": [5.73501, 27.56597, 10.5],
					"cubes": [
						{
							"origin": [1.97601, 15.03598, 7.494],
							"size": [5.01199, 15.03598, 5.01199],
							"uv": {
								"north": {"uv": [15, 45], "uv_size": [4.75, 14.25]},
								"east": {"uv": [34, 45], "uv_size": [4.75, 14.25]},
								"south": {"uv": [39, 45], "uv_size": [4.75, 14.25]},
								"west": {"uv": [44, 45], "uv_size": [4.75, 14.25]},
								"up": {"uv": [59, 79], "uv_size": [4.75, 4.75]},
								"down": {"uv": [64, 83.75], "uv_size": [4.75, -4.75]}
							}
						},
						{
							"origin": [1.96101, 25.52098, 7.479],
							"size": [5.04199, 4.56598, 5.04199],
							"inflate": 0.3,
							"uv": {
								"north": {"uv": [44, 83], "uv_size": [4.75, 4.25]},
								"east": {"uv": [83, 54], "uv_size": [4.75, 4.25]},
								"south": {"uv": [83, 59], "uv_size": [4.75, 4.25]},
								"west": {"uv": [84, 32], "uv_size": [4.75, 4.25]},
								"up": {"uv": [69, 79], "uv_size": [4.75, 4.75]},
								"down": {"uv": [74, 83.75], "uv_size": [4.75, -4.75]}
							}
						}
					]
				},
				{
					"name": "leftBraco2",
					"parent": "Corpo2",
					"pivot": [18.26499, 27.56597, 10.5],
					"cubes": [
						{
							"origin": [17.01199, 15.03598, 7.494],
							"size": [5.01199, 15.03598, 5.01199],
							"uv": {
								"north": {"uv": [19.75, 45], "uv_size": [-4.75, 14.25]},
								"east": {"uv": [48.75, 45], "uv_size": [-4.75, 14.25]},
								"south": {"uv": [43.75, 45], "uv_size": [-4.75, 14.25]},
								"west": {"uv": [38.75, 45], "uv_size": [-4.75, 14.25]},
								"up": {"uv": [63.75, 79], "uv_size": [-4.75, 4.75]},
								"down": {"uv": [68.75, 83.75], "uv_size": [-4.75, -4.75]}
							}
						},
						{
							"origin": [16.99699, 25.52098, 7.479],
							"size": [5.04199, 4.56598, 5.04199],
							"inflate": 0.3,
							"uv": {
								"north": {"uv": [48.75, 83], "uv_size": [-4.75, 4.25]},
								"east": {"uv": [88.75, 32], "uv_size": [-4.75, 4.25]},
								"south": {"uv": [87.75, 59], "uv_size": [-4.75, 4.25]},
								"west": {"uv": [87.75, 54], "uv_size": [-4.75, 4.25]},
								"up": {"uv": [73.75, 79], "uv_size": [-4.75, 4.75]},
								"down": {"uv": [78.75, 83.75], "uv_size": [-4.75, -4.75]}
							}
						}
					]
				},
				{
					"name": "leftBracoBarrage",
					"parent": "leftBraco2",
					"pivot": [18.26499, 27.56597, 10.5],
					"cubes": [
						{
							"origin": [17.01199, 15.03598, 7.494],
							"size": [5.01199, 15.03598, 5.01199],
							"uv": {
								"north": {"uv": [19.75, 45], "uv_size": [-4.75, 14.25]},
								"east": {"uv": [48.75, 45], "uv_size": [-4.75, 14.25]},
								"south": {"uv": [43.75, 45], "uv_size": [-4.75, 14.25]},
								"west": {"uv": [38.75, 45], "uv_size": [-4.75, 14.25]},
								"up": {"uv": [63.75, 79], "uv_size": [-4.75, 4.75]},
								"down": {"uv": [68.75, 83.75], "uv_size": [-4.75, -4.75]}
							}
						},
						{
							"origin": [16.99699, 25.52098, 7.479],
							"size": [5.04199, 4.56598, 5.04199],
							"inflate": 0.3,
							"uv": {
								"north": {"uv": [48.75, 83], "uv_size": [-4.75, 4.25]},
								"east": {"uv": [88.75, 32], "uv_size": [-4.75, 4.25]},
								"south": {"uv": [87.75, 59], "uv_size": [-4.75, 4.25]},
								"west": {"uv": [87.75, 54], "uv_size": [-4.75, 4.25]},
								"up": {"uv": [73.75, 79], "uv_size": [-4.75, 4.75]},
								"down": {"uv": [78.75, 83.75], "uv_size": [-4.75, -4.75]}
							}
						}
					]
				},
				{
					"name": "leftBracoBarrage2",
					"parent": "leftBraco2",
					"pivot": [18.26499, 27.56597, 10.5],
					"cubes": [
						{
							"origin": [17.01199, 15.03598, 7.494],
							"size": [5.01199, 15.03598, 5.01199],
							"uv": {
								"north": {"uv": [19.75, 45], "uv_size": [-4.75, 14.25]},
								"east": {"uv": [48.75, 45], "uv_size": [-4.75, 14.25]},
								"south": {"uv": [43.75, 45], "uv_size": [-4.75, 14.25]},
								"west": {"uv": [38.75, 45], "uv_size": [-4.75, 14.25]},
								"up": {"uv": [63.75, 79], "uv_size": [-4.75, 4.75]},
								"down": {"uv": [68.75, 83.75], "uv_size": [-4.75, -4.75]}
							}
						},
						{
							"origin": [16.99699, 25.52098, 7.479],
							"size": [5.04199, 4.56598, 5.04199],
							"inflate": 0.3,
							"uv": {
								"north": {"uv": [48.75, 83], "uv_size": [-4.75, 4.25]},
								"east": {"uv": [88.75, 32], "uv_size": [-4.75, 4.25]},
								"south": {"uv": [87.75, 59], "uv_size": [-4.75, 4.25]},
								"west": {"uv": [87.75, 54], "uv_size": [-4.75, 4.25]},
								"up": {"uv": [73.75, 79], "uv_size": [-4.75, 4.75]},
								"down": {"uv": [78.75, 83.75], "uv_size": [-4.75, -4.75]}
							}
						}
					]
				},
				{
					"name": "rightPerna2",
					"parent": "Corpo2",
					"pivot": [9.6193, 15.03598, 10.5],
					"cubes": [
						{
							"origin": [7.11331, 0, 7.494],
							"size": [5.01199, 15.03598, 5.01199],
							"uv": {
								"north": {"uv": [25, 50], "uv_size": [4.75, 14.25]},
								"east": {"uv": [20, 51], "uv_size": [4.75, 14.25]},
								"south": {"uv": [54, 15], "uv_size": [4.75, 14.25]},
								"west": {"uv": [54, 30], "uv_size": [4.75, 14.25]},
								"up": {"uv": [80, 40], "uv_size": [4.75, 4.75]},
								"down": {"uv": [80, 49.75], "uv_size": [4.75, -4.75]}
							}
						},
						{
							"origin": [6.98801, 2.37286, 7.34364],
							"size": [5.31271, 6.4078, 3.21271],
							"uv": {
								"north": {"uv": [15, 71], "uv_size": [5, 6]},
								"east": {"uv": [60, 8], "uv_size": [3, 6]},
								"south": {"uv": [20, 71], "uv_size": [5, 6]},
								"west": {"uv": [16, 60], "uv_size": [3, 6]},
								"up": {"uv": [84, 37], "uv_size": [5, 3]},
								"down": {"uv": [83, 87], "uv_size": [5, -3]}
							}
						}
					]
				},
				{
					"name": "leftPerna2",
					"parent": "Corpo2",
					"pivot": [14.3807, 15.03598, 10.5],
					"cubes": [
						{
							"origin": [11.8747, 0, 7.494],
							"size": [5.01199, 15.03598, 5.01199],
							"uv": {
								"north": {"uv": [54, 45], "uv_size": [4.75, 14.25]},
								"east": {"uv": [55, 0], "uv_size": [4.75, 14.25]},
								"south": {"uv": [59, 15], "uv_size": [4.75, 14.25]},
								"west": {"uv": [59, 30], "uv_size": [4.75, 14.25]},
								"up": {"uv": [80, 71], "uv_size": [4.75, 4.75]},
								"down": {"uv": [81, 68.75], "uv_size": [4.75, -4.75]}
							}
						},
						{
							"origin": [11.69928, 2.37286, 7.34364],
							"size": [5.31271, 6.4078, 3.21271],
							"uv": {
								"north": {"uv": [72, 5], "uv_size": [5, 6]},
								"east": {"uv": [69, 84], "uv_size": [3, 6]},
								"south": {"uv": [72, 11], "uv_size": [5, 6]},
								"west": {"uv": [72, 84], "uv_size": [3, 6]},
								"up": {"uv": [85, 5], "uv_size": [5, 3]},
								"down": {"uv": [85, 11], "uv_size": [5, -3]}
							}
						}
					]
				},
				{
					"name": "Head2",
					"parent": "Corpo2",
					"pivot": [12, 29.73598, 10.5],
					"cubes": [
						{
							"origin": [8.03103, 29.50188, 6.06103],
							"size": [7.93795, 7.93795, 7.93795],
							"uv": {
								"north": {"uv": [38, 60], "uv_size": [8, 8]},
								"east": {"uv": [46, 60], "uv_size": [8, 8]},
								"south": {"uv": [54, 61], "uv_size": [8, 8]},
								"west": {"uv": [62, 61], "uv_size": [8, 8]},
								"up": {"uv": [64, 8], "uv_size": [8, 8]},
								"down": {"uv": [64, 24], "uv_size": [8, -8]}
							}
						},
						{
							"origin": [8.89869, 35.89054, 15.71729],
							"size": [1.86261, 4.64595, 4.64595],
							"pivot": [13.07722, 35.43018, 16.1847],
							"rotation": [50.4532, -60.2458, -46.4357],
							"uv": {
								"north": {"uv": [64, 89], "uv_size": [2, 5]},
								"east": {"uv": [76, 66], "uv_size": [5, 5]},
								"south": {"uv": [66, 89], "uv_size": [2, 5]},
								"west": {"uv": [77, 0], "uv_size": [5, 5]},
								"up": {"uv": [89, 74], "uv_size": [2, 5]},
								"down": {"uv": [75, 94], "uv_size": [2, -5]}
							}
						},
						{
							"origin": [13.03886, 35.89054, 15.71729],
							"size": [1.86261, 4.64595, 4.64595],
							"pivot": [10.72293, 35.43018, 16.1847],
							"rotation": [50.4532, 60.2458, 46.4357],
							"uv": {
								"north": {"uv": [8, 73], "uv_size": [2, 5]},
								"east": {"uv": [75, 30], "uv_size": [5, 5]},
								"south": {"uv": [13, 78], "uv_size": [2, 5]},
								"west": {"uv": [75, 74], "uv_size": [5, 5]},
								"up": {"uv": [12, 88], "uv_size": [2, 5]},
								"down": {"uv": [89, 68], "uv_size": [2, -5]}
							}
						},
						{
							"origin": [7.72154, 33.69082, 8.55113],
							"size": [8.35707, 4.64595, 5.57373],
							"pivot": [11.90008, 33.23045, 10.8741],
							"rotation": [22.5, 0, 0],
							"uv": {
								"north": {"uv": [68, 0], "uv_size": [9, 5]},
								"east": {"uv": [60, 69], "uv_size": [8, 5]},
								"south": {"uv": [26, 68], "uv_size": [9, 5]},
								"west": {"uv": [68, 69], "uv_size": [8, 5]},
								"up": {"uv": [20, 20], "uv_size": [9, 8]},
								"down": {"uv": [20, 36], "uv_size": [9, -8]}
							}
						}
					]
				}
			]
		}
	]
}