{
	"format_version": "1.12.0",
	"minecraft:geometry": [
		{
			"description": {
				"identifier": "geometry.dummy",
				"texture_width": 64,
				"texture_height": 64,
				"visible_bounds_width": 3,
				"visible_bounds_height": 4,
				"visible_bounds_offset": [0, 1, 0]
			},
			"bones": [
				{
					"name": "Tudo",
					"pivot": [0, 12.72, 0]
				},
				{
					"name": "Corpo",
					"parent": "Tudo",
					"pivot": [0, 24.60557, 0],
					"cubes": [
						{
							"origin": [-4.10093, 12.30278, -2.05046],
							"size": [8.20186, 12.30278, 4.10093],
							"uv": {
								"north": {"uv": [0, 0], "uv_size": [8.25, 12.25]},
								"east": {"uv": [0, 13], "uv_size": [4, 12.25]},
								"south": {"uv": [9, 0], "uv_size": [8.25, 12.25]},
								"west": {"uv": [4, 13], "uv_size": [4, 12.25]},
								"up": {"uv": [35, 13], "uv_size": [8.25, 4]},
								"down": {"uv": [37, 4], "uv_size": [8.25, -4]}
							}
						}
					],
					"locators": {
						"100ab": [0, 17, -15]
					}
				},
				{
					"name": "rightBraco",
					"parent": "Corpo",
					"pivot": [-5.12616, 22.5551, 0],
					"cubes": [
						{
							"origin": [-8.20186, 12.30278, -2.05046],
							"size": [4.10093, 12.30278, 4.10093],
							"uv": {
								"north": {"uv": [8, 13], "uv_size": [4, 12.25]},
								"east": {"uv": [12, 13], "uv_size": [4, 12.25]},
								"south": {"uv": [16, 13], "uv_size": [4, 12.25]},
								"west": {"uv": [18, 0], "uv_size": [4, 12.25]},
								"up": {"uv": [32, 45], "uv_size": [4, 4]},
								"down": {"uv": [45, 39], "uv_size": [4, -4]}
							}
						}
					],
					"locators": {
						"100glint": [-6, 11, 0]
					}
				},
				{
					"name": "leftBraco",
					"parent": "Corpo",
					"pivot": [5.12616, 22.5551, 0],
					"cubes": [
						{
							"origin": [4.10093, 12.30278, -2.05046],
							"size": [4.10093, 12.30278, 4.10093],
							"uv": {
								"north": {"uv": [16, 33], "uv_size": [4, 12.25]},
								"east": {"uv": [20, 33], "uv_size": [4, 12.25]},
								"south": {"uv": [24, 33], "uv_size": [4, 12.25]},
								"west": {"uv": [28, 34], "uv_size": [4, 12.25]},
								"up": {"uv": [14, 46], "uv_size": [4, 4]},
								"down": {"uv": [18, 50], "uv_size": [4, -4]}
							}
						}
					],
					"locators": {
						"100glint2": [6, 11, 0]
					}
				},
				{
					"name": "rightPerna",
					"parent": "Corpo",
					"pivot": [-1.94794, 12.30278, 0],
					"cubes": [
						{
							"origin": [-3.9984, 0, -2.05046],
							"size": [4.10093, 12.30278, 4.10093],
							"uv": {
								"north": {"uv": [20, 13], "uv_size": [4, 12.25]},
								"east": {"uv": [22, 0], "uv_size": [4, 12.25]},
								"south": {"uv": [24, 13], "uv_size": [4, 12.25]},
								"west": {"uv": [0, 26], "uv_size": [4, 12.25]},
								"up": {"uv": [36, 45], "uv_size": [4, 4]},
								"down": {"uv": [40, 49], "uv_size": [4, -4]}
							}
						}
					],
					"locators": {
						"100glint3": [-2, -1, 0]
					}
				},
				{
					"name": "leftPerna",
					"parent": "Corpo",
					"pivot": [1.94794, 12.30278, 0],
					"cubes": [
						{
							"origin": [-0.10253, 0, -2.05046],
							"size": [4.10093, 12.30278, 4.10093],
							"uv": {
								"north": {"uv": [26, 0], "uv_size": [4, 12.25]},
								"east": {"uv": [4, 26], "uv_size": [4, 12.25]},
								"south": {"uv": [8, 26], "uv_size": [4, 12.25]},
								"west": {"uv": [12, 26], "uv_size": [4, 12.25]},
								"up": {"uv": [44, 45], "uv_size": [4, 4]},
								"down": {"uv": [46, 4], "uv_size": [4, -4]}
							}
						}
					],
					"locators": {
						"100glint4": [2, -1, 0]
					}
				},
				{
					"name": "head",
					"parent": "Corpo",
					"pivot": [0, 24.12, 0],
					"cubes": [
						{
							"origin": [-3.52, 24.12, -3.52],
							"size": [7.04, 7.04, 7.04],
							"uv": {
								"north": {"uv": [16, 26], "uv_size": [7, 7]},
								"east": {"uv": [23, 26], "uv_size": [7, 7]},
								"south": {"uv": [28, 13], "uv_size": [7, 7]},
								"west": {"uv": [30, 0], "uv_size": [7, 7]},
								"up": {"uv": [30, 20], "uv_size": [7, 7]},
								"down": {"uv": [30, 34], "uv_size": [7, -7]}
							}
						}
					]
				},
				{
					"name": "bone",
					"pivot": [0, 12.72, 0],
					"locators": {
						"100ab2": [0, 0, 0]
					}
				}
			]
		}
	]
}