{
	"format_version": "1.12.0",
	"minecraft:geometry": [
		{
			"description": {
				"identifier": "geometry.gokussjgoutline",
				"texture_width": 64,
				"texture_height": 64,
				"visible_bounds_width": 3,
				"visible_bounds_height": 4.5,
				"visible_bounds_offset": [0, 1.75, 0]
			},
			"bones": [
				{
					"name": "Tudo",
					"pivot": [0, 12.72, 0]
				},
				{
					"name": "Corpo",
					"parent": "Tudo",
					"pivot": [0, 24.60557, 0],
					"cubes": [
						{
							"origin": [-4.10093, 12.30278, -2.05046],
							"size": [8.20186, 12.30278, 4.10093],
							"inflate": 0.3,
							"uv": {
								"north": {"uv": [0, 0], "uv_size": [8, 12]},
								"east": {"uv": [0, 27], "uv_size": [4, 12]},
								"south": {"uv": [8, 0], "uv_size": [8, 12]},
								"west": {"uv": [4, 27], "uv_size": [4, 12]},
								"up": {"uv": [22, 39], "uv_size": [8, 4]},
								"down": {"uv": [40, 16], "uv_size": [8, -4]}
							}
						}
					],
					"locators": {
						"aura": [0, 19, 0]
					}
				},
				{
					"name": "Roupa",
					"parent": "Corpo",
					"pivot": [0, 21.01726, 0],
					"cubes": [
						{
							"origin": [-4.429, 18.20812, -2.2145],
							"size": [8.858, 6.6435, 4.429],
							"inflate": 0.3,
							"uv": {
								"north": {"uv": [0, 12], "uv_size": [10.75, 7.5]},
								"east": {"uv": [40, 16], "uv_size": [4.25, 7.5]},
								"south": {"uv": [11, 12], "uv_size": [10.75, 7.5]},
								"west": {"uv": [40, 24], "uv_size": [4.25, 7.5]},
								"up": {"uv": [0, 39], "uv_size": [10.75, 4.25]},
								"down": {"uv": [11, 43.25], "uv_size": [10.75, -4.25]}
							}
						}
					]
				},
				{
					"name": "rightBraco",
					"parent": "Corpo",
					"pivot": [-5.12616, 22.5551, 0],
					"cubes": [
						{
							"origin": [-8.20186, 12.30278, -2.05046],
							"size": [4.10093, 12.30278, 4.10093],
							"inflate": 0.3,
							"uv": {
								"north": {"uv": [24, 27], "uv_size": [4, 12]},
								"east": {"uv": [28, 14], "uv_size": [4, 12]},
								"south": {"uv": [28, 26], "uv_size": [4, 12]},
								"west": {"uv": [29, 0], "uv_size": [4, 12]},
								"up": {"uv": [51, 29], "uv_size": [4, 4]},
								"down": {"uv": [51, 37], "uv_size": [4, -4]}
							}
						}
					]
				},
				{
					"name": "leftBiceps",
					"parent": "rightBraco",
					"pivot": [-5.63878, 19.47941, -0.51262],
					"cubes": [
						{
							"origin": [-7.29965, 17.30592, -2.17349],
							"size": [3.32175, 4.34698, 3.32175],
							"inflate": 0.3,
							"uv": {
								"north": {"uv": [13, 52], "uv_size": [3.25, 4.25]},
								"east": {"uv": [40, 52], "uv_size": [3.25, 4.25]},
								"south": {"uv": [44, 52], "uv_size": [3.25, 4.25]},
								"west": {"uv": [48, 52], "uv_size": [3.25, 4.25]},
								"up": {"uv": [55, 32], "uv_size": [3.25, 3.25]},
								"down": {"uv": [55, 39.25], "uv_size": [3.25, -3.25]}
							}
						}
					]
				},
				{
					"name": "leftBraco",
					"parent": "Corpo",
					"pivot": [5.12616, 22.5551, 0],
					"cubes": [
						{
							"origin": [4.10093, 12.30278, -2.05046],
							"size": [4.10093, 12.30278, 4.10093],
							"inflate": 0.3,
							"uv": {
								"north": {"uv": [28, 27], "uv_size": [-4, 12]},
								"east": {"uv": [33, 0], "uv_size": [-4, 12]},
								"south": {"uv": [32, 26], "uv_size": [-4, 12]},
								"west": {"uv": [32, 14], "uv_size": [-4, 12]},
								"up": {"uv": [55, 29], "uv_size": [-4, 4]},
								"down": {"uv": [55, 37], "uv_size": [-4, -4]}
							}
						}
					]
				},
				{
					"name": "rightBiceps",
					"parent": "leftBraco",
					"pivot": [5.63878, 19.47941, -0.51262],
					"cubes": [
						{
							"origin": [3.9779, 17.30592, -2.17349],
							"size": [3.32175, 4.34698, 3.32175],
							"inflate": 0.3,
							"uv": {
								"north": {"uv": [16.25, 52], "uv_size": [-3.25, 4.25]},
								"east": {"uv": [51.25, 52], "uv_size": [-3.25, 4.25]},
								"south": {"uv": [47.25, 52], "uv_size": [-3.25, 4.25]},
								"west": {"uv": [43.25, 52], "uv_size": [-3.25, 4.25]},
								"up": {"uv": [58.25, 32], "uv_size": [-3.25, 3.25]},
								"down": {"uv": [58.25, 39.25], "uv_size": [-3.25, -3.25]}
							}
						}
					]
				},
				{
					"name": "rightPerna",
					"parent": "Corpo",
					"pivot": [-1.94794, 12.30278, 0],
					"cubes": [
						{
							"origin": [-3.9984, 0, -2.05046],
							"size": [4.10093, 12.30278, 4.10093],
							"inflate": 0.3,
							"uv": {
								"north": {"uv": [8, 27], "uv_size": [4, 12]},
								"east": {"uv": [12, 27], "uv_size": [4, 12]},
								"south": {"uv": [16, 27], "uv_size": [4, 12]},
								"west": {"uv": [20, 27], "uv_size": [4, 12]},
								"up": {"uv": [50, 44], "uv_size": [4, 4]},
								"down": {"uv": [51, 8], "uv_size": [4, -4]}
							}
						},
						{
							"origin": [-4.72222, 4.41958, -2.77428],
							"size": [5.54856, 3.1126, 5.54856],
							"inflate": 0.3,
							"uv": {
								"north": {"uv": [12, 49], "uv_size": [5.5, 3]},
								"east": {"uv": [40, 49], "uv_size": [5.5, 3]},
								"south": {"uv": [46, 49], "uv_size": [5.5, 3]},
								"west": {"uv": [50, 14], "uv_size": [5.5, 3]},
								"up": {"uv": [22, 14], "uv_size": [5.5, 5.5]},
								"down": {"uv": [23, 5.5], "uv_size": [5.5, -5.5]}
							}
						},
						{
							"origin": [-4.50027, 5.73499, -2.55233],
							"size": [5.10467, 4.58598, 5.10467],
							"inflate": 0.3,
							"uv": {
								"north": {"uv": [15, 44], "uv_size": [5, 4.5]},
								"east": {"uv": [40, 44], "uv_size": [5, 4.5]},
								"south": {"uv": [45, 16], "uv_size": [5, 4.5]},
								"west": {"uv": [45, 21], "uv_size": [5, 4.5]},
								"up": {"uv": [27, 43], "uv_size": [5, 5]},
								"down": {"uv": [0, 49], "uv_size": [5, -5]}
							}
						},
						{
							"origin": [-4.10093, -0.10252, -2.17349],
							"size": [4.34698, 2.6656, 4.34698],
							"inflate": 0.3,
							"uv": {
								"north": {"uv": [25, 53], "uv_size": [4.25, 2.5]},
								"east": {"uv": [30, 53], "uv_size": [4.25, 2.5]},
								"south": {"uv": [35, 53], "uv_size": [4.25, 2.5]},
								"west": {"uv": [52, 53], "uv_size": [4.25, 2.5]},
								"up": {"uv": [20, 48], "uv_size": [4.25, 4.25]},
								"down": {"uv": [25, 52.25], "uv_size": [4.25, -4.25]}
							}
						}
					]
				},
				{
					"name": "leftPerna",
					"parent": "Corpo",
					"pivot": [1.94794, 12.30278, 0],
					"cubes": [
						{
							"origin": [-0.10252, 0, -2.05046],
							"size": [4.10093, 12.30278, 4.10093],
							"inflate": 0.3,
							"uv": {
								"north": {"uv": [12, 27], "uv_size": [-4, 12]},
								"east": {"uv": [24, 27], "uv_size": [-4, 12]},
								"south": {"uv": [20, 27], "uv_size": [-4, 12]},
								"west": {"uv": [16, 27], "uv_size": [-4, 12]},
								"up": {"uv": [54, 44], "uv_size": [-4, 4]},
								"down": {"uv": [55, 8], "uv_size": [-4, -4]}
							}
						},
						{
							"origin": [-0.82634, 4.41958, -2.77428],
							"size": [5.54856, 3.1126, 5.54856],
							"inflate": 0.3,
							"uv": {
								"north": {"uv": [17.5, 49], "uv_size": [-5.5, 3]},
								"east": {"uv": [55.5, 14], "uv_size": [-5.5, 3]},
								"south": {"uv": [51.5, 49], "uv_size": [-5.5, 3]},
								"west": {"uv": [45.5, 49], "uv_size": [-5.5, 3]},
								"up": {"uv": [27.5, 14], "uv_size": [-5.5, 5.5]},
								"down": {"uv": [28.5, 5.5], "uv_size": [-5.5, -5.5]}
							}
						},
						{
							"origin": [-0.60439, 5.73499, -2.55233],
							"size": [5.10467, 4.58598, 5.10467],
							"inflate": 0.3,
							"uv": {
								"north": {"uv": [20, 44], "uv_size": [-5, 4.5]},
								"east": {"uv": [50, 21], "uv_size": [-5, 4.5]},
								"south": {"uv": [50, 16], "uv_size": [-5, 4.5]},
								"west": {"uv": [45, 44], "uv_size": [-5, 4.5]},
								"up": {"uv": [32, 43], "uv_size": [-5, 5]},
								"down": {"uv": [5, 49], "uv_size": [-5, -5]}
							}
						},
						{
							"origin": [-0.24606, -0.10252, -2.17349],
							"size": [4.34698, 2.6656, 4.34698],
							"inflate": 0.3,
							"uv": {
								"north": {"uv": [29.25, 53], "uv_size": [-4.25, 2.5]},
								"east": {"uv": [56.25, 53], "uv_size": [-4.25, 2.5]},
								"south": {"uv": [39.25, 53], "uv_size": [-4.25, 2.5]},
								"west": {"uv": [34.25, 53], "uv_size": [-4.25, 2.5]},
								"up": {"uv": [24.25, 48], "uv_size": [-4.25, 4.25]},
								"down": {"uv": [29.25, 52.25], "uv_size": [-4.25, -4.25]}
							}
						}
					]
				},
				{
					"name": "head",
					"parent": "Corpo",
					"pivot": [0, 24.12, 0],
					"cubes": [
						{
							"origin": [-3.52, 24.12, -3.52],
							"size": [7.04, 7.04, 7.04],
							"inflate": 0.3,
							"uv": {
								"north": {"uv": [16, 0], "uv_size": [7, 7]},
								"east": {"uv": [21, 20], "uv_size": [-7, 7]},
								"south": {"uv": [7, 20], "uv_size": [7, 7]},
								"west": {"uv": [14, 20], "uv_size": [7, 7]},
								"up": {"uv": [16, 7], "uv_size": [6, 5]},
								"down": {"uv": [22, 14], "uv_size": [7, -7]}
							}
						}
					]
				},
				{
					"name": "Face",
					"parent": "head",
					"pivot": [0, 27.64, -2.6],
					"cubes": [
						{
							"origin": [-3.52, 24.12, -2.6],
							"size": [7.04, 7.04, 0],
							"inflate": 0.3,
							"uv": {
								"north": {"uv": [0, 20], "uv_size": [7, 7]},
								"east": {"uv": [0, 20], "uv_size": [7, 7]},
								"south": {"uv": [7, 20], "uv_size": [7, 7]},
								"west": {"uv": [14, 20], "uv_size": [7, 7]},
								"up": {"uv": [21, 20], "uv_size": [7, 7]},
								"down": {"uv": [22, 14], "uv_size": [7, -7]}
							}
						}
					]
				},
				{
					"name": "Face2",
					"parent": "head",
					"pivot": [0, 27.64, -2.6],
					"cubes": [
						{
							"origin": [-3.52, 24.12, -2.6],
							"size": [7.04, 7.04, 0],
							"inflate": 0.3,
							"uv": {
								"north": {"uv": [21, 20], "uv_size": [7, 7]},
								"east": {"uv": [0, 20], "uv_size": [7, 7]},
								"south": {"uv": [7, 20], "uv_size": [7, 7]},
								"west": {"uv": [14, 20], "uv_size": [7, 7]},
								"up": {"uv": [21, 20], "uv_size": [7, 7]},
								"down": {"uv": [22, 14], "uv_size": [7, -7]}
							}
						}
					]
				},
				{
					"name": "Hair",
					"parent": "head",
					"pivot": [0, 31.87, 1.25],
					"cubes": [
						{
							"origin": [-3.88, 27.3964, -0.97],
							"size": [7.76, 4.85, 5.82],
							"inflate": 0.3,
							"uv": {
								"north": {"uv": [46, 36], "uv_size": [5, 4]},
								"east": {"uv": [46, 40], "uv_size": [5, 4]},
								"south": {"uv": [47, 0], "uv_size": [5, 4]},
								"west": {"uv": [48, 10], "uv_size": [5, 4]},
								"up": {"uv": [41, 5], "uv_size": [5, 5]},
								"down": {"uv": [22, 48], "uv_size": [5, -5]}
							}
						},
						{
							"origin": [-2.91, 31.2764, -2.91],
							"size": [5.82, 1.94, 6.79],
							"inflate": 0.3,
							"uv": {
								"north": {"uv": [0, 49], "uv_size": [6, 3]},
								"east": {"uv": [51, 41], "uv_size": [5, 3]},
								"south": {"uv": [6, 49], "uv_size": [6, 3]},
								"west": {"uv": [8, 52], "uv_size": [5, 3]},
								"up": {"uv": [16, 7], "uv_size": [6, 5]},
								"down": {"uv": [41, 5], "uv_size": [6, -5]}
							}
						}
					]
				},
				{
					"name": "Mecha",
					"parent": "Hair",
					"pivot": [1.26568, 32.31983, -2.76762],
					"rotation": [0, 10, 0],
					"cubes": [
						{
							"origin": [0.06024, 31.33664, -4.72953],
							"size": [1.81953, 1.81953, 1.81953],
							"inflate": 0.3,
							"pivot": [0.97, 32.2464, -2.91],
							"rotation": [19.05168, 53.46139, -17.4843],
							"uv": {
								"north": {"uv": [30, 41], "uv_size": [2, 2]},
								"east": {"uv": [48, 14], "uv_size": [2, 2]},
								"south": {"uv": [51, 8], "uv_size": [2, 2]},
								"west": {"uv": [56, 51], "uv_size": [2, 2]},
								"up": {"uv": [56, 56], "uv_size": [2, 2]},
								"down": {"uv": [57, 9], "uv_size": [2, -2]}
							}
						},
						{
							"origin": [-1.30342, 30.0482, -5.16653],
							"size": [1.65577, 1.65577, 1.65577],
							"inflate": 0.3,
							"pivot": [-0.47554, 30.87608, -4.33865],
							"rotation": [31.55168, 53.46139, -17.4843],
							"uv": {
								"north": {"uv": [58, 20], "uv_size": [1.75, 1.75]},
								"east": {"uv": [21, 58], "uv_size": [1.75, 1.75]},
								"south": {"uv": [58, 22], "uv_size": [1.75, 1.75]},
								"west": {"uv": [23, 58], "uv_size": [1.75, 1.75]},
								"up": {"uv": [58, 24], "uv_size": [1.75, 1.75]},
								"down": {"uv": [25, 59.75], "uv_size": [1.75, -1.75]}
							}
						},
						{
							"origin": [-1.46813, 31.01186, -7.03256],
							"size": [1.25184, 1.25184, 0.88793],
							"inflate": 0.3,
							"pivot": [0.9773, 30.72802, -5.86078],
							"rotation": [46.55168, 53.46139, -17.4843],
							"uv": {
								"north": {"uv": [58, 55], "uv_size": [1.5, 1.5]},
								"east": {"uv": [47, 10], "uv_size": [1, 1.5]},
								"south": {"uv": [56, 58], "uv_size": [1.5, 1.5]},
								"west": {"uv": [50, 29], "uv_size": [1, 1.5]},
								"up": {"uv": [47, 4], "uv_size": [1.5, 1]},
								"down": {"uv": [20, 48], "uv_size": [1.5, -1]}
							}
						},
						{
							"origin": [-0.41208, 29.26378, -4.8228],
							"size": [0.96391, 0.96391, 1.38423],
							"inflate": 0.3,
							"pivot": [0.06988, 27.92621, -5.04045],
							"rotation": [56.55168, 53.46139, -17.4843],
							"uv": {
								"north": {"uv": [45, 31], "uv_size": [1, 1]},
								"east": {"uv": [49, 4], "uv_size": [1.5, 1]},
								"south": {"uv": [19, 52], "uv_size": [1, 1]},
								"west": {"uv": [50, 48], "uv_size": [1.5, 1]},
								"up": {"uv": [7, 56], "uv_size": [1, 1.5]},
								"down": {"uv": [16, 60.5], "uv_size": [1, -1.5]}
							}
						}
					]
				},
				{
					"name": "Mecha6",
					"parent": "Hair",
					"pivot": [0.73432, 32.31983, -2.76762],
					"rotation": [-3.45117, -9.39128, 20.28356],
					"cubes": [
						{
							"origin": [0.23851, 31.45491, -4.49299],
							"size": [1.58299, 1.58299, 1.58299],
							"inflate": 0.3,
							"pivot": [1.03, 32.2464, -2.91],
							"rotation": [19.05168, -53.46139, 17.4843],
							"uv": {
								"north": {"uv": [32, 41], "uv_size": [-2, 2]},
								"east": {"uv": [58, 51], "uv_size": [-2, 2]},
								"south": {"uv": [53, 8], "uv_size": [-2, 2]},
								"west": {"uv": [50, 14], "uv_size": [-2, 2]},
								"up": {"uv": [58, 56], "uv_size": [-2, 2]},
								"down": {"uv": [59, 9], "uv_size": [-2, -2]}
							}
						},
						{
							"origin": [1.56736, 30.33397, -4.87318],
							"size": [1.44052, 1.44052, 1.44052],
							"inflate": 0.3,
							"pivot": [2.28762, 31.05422, -4.15292],
							"rotation": [31.55168, -53.46139, 17.4843],
							"uv": {
								"north": {"uv": [59.75, 20], "uv_size": [-1.75, 1.75]},
								"east": {"uv": [24.75, 58], "uv_size": [-1.75, 1.75]},
								"south": {"uv": [59.75, 22], "uv_size": [-1.75, 1.75]},
								"west": {"uv": [22.75, 58], "uv_size": [-1.75, 1.75]},
								"up": {"uv": [59.75, 24], "uv_size": [-1.75, 1.75]},
								"down": {"uv": [26.75, 59.75], "uv_size": [-1.75, -1.75]}
							}
						},
						{
							"origin": [2.06208, 31.17235, -6.49662],
							"size": [1.0891, 1.0891, 0.7725],
							"inflate": 0.3,
							"pivot": [1.02365, 30.92541, -5.47718],
							"rotation": [46.55168, -53.46139, 17.4843],
							"uv": {
								"north": {"uv": [59.5, 55], "uv_size": [-1.5, 1.5]},
								"east": {"uv": [51, 29], "uv_size": [-1, 1.5]},
								"south": {"uv": [57.5, 58], "uv_size": [-1.5, 1.5]},
								"west": {"uv": [48, 10], "uv_size": [-1, 1.5]},
								"up": {"uv": [48.5, 4], "uv_size": [-1.5, 1]},
								"down": {"uv": [21.5, 48], "uv_size": [-1.5, -1]}
							}
						},
						{
							"origin": [1.39381, 29.65152, -4.57413],
							"size": [0.8386, 0.8386, 1.20428],
							"inflate": 0.3,
							"pivot": [1.81311, 28.48783, -4.76349],
							"rotation": [56.55168, -53.46139, 17.4843],
							"uv": {
								"north": {"uv": [46, 31], "uv_size": [-1, 1]},
								"east": {"uv": [51.5, 48], "uv_size": [-1.5, 1]},
								"south": {"uv": [20, 52], "uv_size": [-1, 1]},
								"west": {"uv": [50.5, 4], "uv_size": [-1.5, 1]},
								"up": {"uv": [8, 56], "uv_size": [-1, 1.5]},
								"down": {"uv": [17, 60.5], "uv_size": [-1, -1.5]}
							}
						}
					]
				},
				{
					"name": "Mecha5",
					"parent": "Hair",
					"pivot": [-1.67432, 31.31983, -2.76762],
					"rotation": [-0.93836, 22.46, -5.28293],
					"cubes": [
						{
							"origin": [-2.67044, 30.54596, -4.31087],
							"size": [1.40087, 1.40087, 1.40087],
							"inflate": 0.3,
							"pivot": [-1.97, 31.2464, -2.91],
							"rotation": [19.05168, 53.46139, -17.4843],
							"uv": {
								"north": {"uv": [30, 41], "uv_size": [2, 2]},
								"east": {"uv": [48, 14], "uv_size": [2, 2]},
								"south": {"uv": [51, 8], "uv_size": [2, 2]},
								"west": {"uv": [56, 51], "uv_size": [2, 2]},
								"up": {"uv": [56, 56], "uv_size": [2, 2]},
								"down": {"uv": [57, 9], "uv_size": [2, -2]}
							}
						},
						{
							"origin": [-3.72034, 29.55398, -4.64733],
							"size": [1.2748, 1.2748, 1.2748],
							"inflate": 0.3,
							"pivot": [-3.08294, 30.19138, -4.00993],
							"rotation": [31.55168, 53.46139, -17.4843],
							"uv": {
								"north": {"uv": [58, 20], "uv_size": [1.75, 1.75]},
								"east": {"uv": [21, 58], "uv_size": [1.75, 1.75]},
								"south": {"uv": [58, 22], "uv_size": [1.75, 1.75]},
								"west": {"uv": [23, 58], "uv_size": [1.75, 1.75]},
								"up": {"uv": [58, 24], "uv_size": [1.75, 1.75]},
								"down": {"uv": [25, 59.75], "uv_size": [1.75, -1.75]}
							}
						},
						{
							"origin": [-3.84715, 30.29591, -6.084],
							"size": [0.9638, 0.9638, 0.68363],
							"inflate": 0.3,
							"pivot": [-1.96438, 30.07738, -5.18184],
							"rotation": [46.55168, 53.46139, -17.4843],
							"uv": {
								"north": {"uv": [58, 55], "uv_size": [1.5, 1.5]},
								"east": {"uv": [47, 10], "uv_size": [1, 1.5]},
								"south": {"uv": [56, 58], "uv_size": [1.5, 1.5]},
								"west": {"uv": [50, 29], "uv_size": [1, 1.5]},
								"up": {"uv": [47, 4], "uv_size": [1.5, 1]},
								"down": {"uv": [20, 48], "uv_size": [1.5, -1]}
							}
						},
						{
							"origin": [-3.03408, 28.95005, -4.38268],
							"size": [0.74213, 0.74213, 1.06573],
							"inflate": 0.3,
							"pivot": [-2.66302, 27.92023, -4.55026],
							"rotation": [56.55168, 53.46139, -17.4843],
							"uv": {
								"north": {"uv": [45, 31], "uv_size": [1, 1]},
								"east": {"uv": [49, 4], "uv_size": [1.5, 1]},
								"south": {"uv": [19, 52], "uv_size": [1, 1]},
								"west": {"uv": [50, 48], "uv_size": [1.5, 1]},
								"up": {"uv": [7, 56], "uv_size": [1, 1.5]},
								"down": {"uv": [16, 60.5], "uv_size": [1, -1.5]}
							}
						}
					]
				},
				{
					"name": "Mecha7",
					"parent": "Hair",
					"pivot": [3.18682, 30.68883, -3.62539],
					"rotation": [-4.01586, -22.13527, 13.38245],
					"cubes": [
						{
							"origin": [2.26293, 30.45318, -3.8845],
							"size": [1.34236, 1.34236, 1.34236],
							"inflate": 0.3,
							"pivot": [2.9341, 31.12438, -3.21332],
							"rotation": [31.55168, -53.46139, 17.4843],
							"uv": {
								"north": {"uv": [59.75, 20], "uv_size": [-1.75, 1.75]},
								"east": {"uv": [24.75, 58], "uv_size": [-1.75, 1.75]},
								"south": {"uv": [59.75, 22], "uv_size": [-1.75, 1.75]},
								"west": {"uv": [22.75, 58], "uv_size": [-1.75, 1.75]},
								"up": {"uv": [59.75, 24], "uv_size": [-1.75, 1.75]},
								"down": {"uv": [26.75, 59.75], "uv_size": [-1.75, -1.75]}
							}
						},
						{
							"origin": [2.72394, 31.23444, -5.39731],
							"size": [1.01489, 1.01489, 0.71986],
							"inflate": 0.3,
							"pivot": [1.75626, 31.00432, -4.44732],
							"rotation": [46.55168, -53.46139, 17.4843],
							"uv": {
								"north": {"uv": [59.5, 55], "uv_size": [-1.5, 1.5]},
								"east": {"uv": [51, 29], "uv_size": [-1, 1.5]},
								"south": {"uv": [57.5, 58], "uv_size": [-1.5, 1.5]},
								"west": {"uv": [48, 10], "uv_size": [-1, 1.5]},
								"up": {"uv": [48.5, 4], "uv_size": [-1.5, 1]},
								"down": {"uv": [21.5, 48], "uv_size": [-1.5, -1]}
							}
						},
						{
							"origin": [2.10121, 29.81724, -3.60582],
							"size": [0.78146, 0.78146, 1.12221],
							"inflate": 0.3,
							"pivot": [2.49194, 28.73285, -3.78227],
							"rotation": [56.55168, -53.46139, 17.4843],
							"uv": {
								"north": {"uv": [46, 31], "uv_size": [-1, 1]},
								"east": {"uv": [51.5, 48], "uv_size": [-1.5, 1]},
								"south": {"uv": [20, 52], "uv_size": [-1, 1]},
								"west": {"uv": [50.5, 4], "uv_size": [-1.5, 1]},
								"up": {"uv": [8, 56], "uv_size": [-1, 1.5]},
								"down": {"uv": [17, 60.5], "uv_size": [-1, -1.5]}
							}
						}
					]
				},
				{
					"name": "Mecha2",
					"parent": "Hair",
					"pivot": [-0.47918, 32.82613, -0.27848],
					"rotation": [-18.03294, 29.72526, 109.60911],
					"cubes": [
						{
							"origin": [-0.9343, 32.54978, -3.2612],
							"size": [2.91, 2.91, 1.94],
							"inflate": 0.3,
							"pivot": [1.05106, 33.3862, 0.27368],
							"rotation": [19.05168, 53.46139, -17.4843],
							"uv": {
								"north": {"uv": [57, 9], "uv_size": [2, 2]},
								"east": {"uv": [57, 11], "uv_size": [2, 2]},
								"south": {"uv": [13, 57], "uv_size": [2, 2]},
								"west": {"uv": [15, 57], "uv_size": [2, 2]},
								"up": {"uv": [40, 57], "uv_size": [2, 2]},
								"down": {"uv": [42, 59], "uv_size": [2, -2]}
							}
						},
						{
							"origin": [-2.8692, 30.81141, -3.94261],
							"size": [2.7354, 2.7354, 2.7354],
							"inflate": 0.3,
							"pivot": [-0.97115, 31.2415, -1.74168],
							"rotation": [31.55168, 53.46139, -17.4843],
							"uv": {
								"north": {"uv": [32, 58], "uv_size": [1.75, 1.75]},
								"east": {"uv": [29, 12], "uv_size": [2.75, 1.75]},
								"south": {"uv": [34, 58], "uv_size": [1.75, 1.75]},
								"west": {"uv": [41, 10], "uv_size": [2.75, 1.75]},
								"up": {"uv": [30, 38], "uv_size": [1.75, 2.75]},
								"down": {"uv": [20, 46.75], "uv_size": [1.75, -2.75]}
							}
						},
						{
							"origin": [-2.95494, 31.47858, -6.07293],
							"size": [2.30472, 2.30472, 2.88672],
							"inflate": 0.3,
							"pivot": [-1.27223, 31.29716, -2.2101],
							"rotation": [54.05168, 53.46139, -17.4843],
							"uv": {
								"north": {"uv": [58, 57], "uv_size": [1.5, 1.5]},
								"east": {"uv": [25, 56], "uv_size": [3, 1.5]},
								"south": {"uv": [59, 7], "uv_size": [1.5, 1.5]},
								"west": {"uv": [56, 26], "uv_size": [3, 1.5]},
								"up": {"uv": [28, 56], "uv_size": [1.5, 3]},
								"down": {"uv": [30, 59], "uv_size": [1.5, -3]}
							}
						}
					]
				},
				{
					"name": "Mecha13",
					"parent": "Hair",
					"pivot": [-1.47918, 32.17387, -1.27848],
					"rotation": [11.8539, 17.68846, -20.15839],
					"cubes": [
						{
							"origin": [-1.9343, 29.54022, -4.2612],
							"size": [2.91, 2.91, 1.94],
							"inflate": 0.3,
							"pivot": [0.05106, 31.6138, -0.72632],
							"rotation": [-19.05168, 53.46139, 17.4843],
							"uv": {
								"north": {"uv": [57, 11], "uv_size": [2, -2]},
								"east": {"uv": [57, 13], "uv_size": [2, -2]},
								"south": {"uv": [13, 59], "uv_size": [2, -2]},
								"west": {"uv": [15, 59], "uv_size": [2, -2]},
								"up": {"uv": [42, 57], "uv_size": [2, 2]},
								"down": {"uv": [40, 59], "uv_size": [2, -2]}
							}
						},
						{
							"origin": [-3.8692, 31.45319, -4.94261],
							"size": [2.7354, 2.7354, 2.7354],
							"inflate": 0.3,
							"pivot": [-1.97115, 33.7585, -2.74168],
							"rotation": [-31.55168, 53.46139, 17.4843],
							"uv": {
								"north": {"uv": [32, 59.75], "uv_size": [1.75, -1.75]},
								"east": {"uv": [29, 13.75], "uv_size": [2.75, -1.75]},
								"south": {"uv": [34, 59.75], "uv_size": [1.75, -1.75]},
								"west": {"uv": [41, 11.75], "uv_size": [2.75, -1.75]},
								"up": {"uv": [20, 44], "uv_size": [1.75, 2.75]},
								"down": {"uv": [30, 40.75], "uv_size": [1.75, -2.75]}
							}
						},
						{
							"origin": [-3.95494, 31.2167, -7.07293],
							"size": [2.30472, 2.30472, 2.88672],
							"inflate": 0.3,
							"pivot": [-2.27223, 33.70284, -3.2101],
							"rotation": [-54.05168, 53.46139, 17.4843],
							"uv": {
								"north": {"uv": [58, 58.5], "uv_size": [1.5, -1.5]},
								"east": {"uv": [25, 57.5], "uv_size": [3, -1.5]},
								"south": {"uv": [59, 8.5], "uv_size": [1.5, -1.5]},
								"west": {"uv": [56, 27.5], "uv_size": [3, -1.5]},
								"up": {"uv": [30, 56], "uv_size": [1.5, 3]},
								"down": {"uv": [28, 59], "uv_size": [1.5, -3]}
							}
						}
					]
				},
				{
					"name": "Mecha4",
					"parent": "Hair",
					"pivot": [-2.41918, 30.85613, -0.27848],
					"rotation": [172.83672, -11.73797, -25.20512],
					"cubes": [
						{
							"origin": [-2.8743, 30.57978, -3.2612],
							"size": [2.91, 2.91, 1.94],
							"inflate": 0.3,
							"pivot": [-0.88894, 31.4162, 0.27368],
							"rotation": [19.05168, 53.46139, -17.4843],
							"uv": {
								"north": {"uv": [57, 9], "uv_size": [2, 2]},
								"east": {"uv": [57, 11], "uv_size": [2, 2]},
								"south": {"uv": [13, 57], "uv_size": [2, 2]},
								"west": {"uv": [15, 57], "uv_size": [2, 2]},
								"up": {"uv": [40, 57], "uv_size": [2, 2]},
								"down": {"uv": [42, 59], "uv_size": [2, -2]}
							}
						},
						{
							"origin": [-4.8092, 29.81141, -3.94261],
							"size": [2.7354, 1.7654, 2.7354],
							"inflate": 0.3,
							"pivot": [-2.91115, 29.2715, -1.74168],
							"rotation": [31.55168, 53.46139, -17.4843],
							"uv": {
								"north": {"uv": [32, 58], "uv_size": [1.75, 1.75]},
								"east": {"uv": [29, 12], "uv_size": [2.75, 1.75]},
								"south": {"uv": [34, 58], "uv_size": [1.75, 1.75]},
								"west": {"uv": [41, 10], "uv_size": [2.75, 1.75]},
								"up": {"uv": [30, 38], "uv_size": [1.75, 2.75]},
								"down": {"uv": [20, 46.75], "uv_size": [1.75, -2.75]}
							}
						},
						{
							"origin": [-4.89494, 30.47858, -6.07293],
							"size": [2.30472, 1.33472, 2.88672],
							"inflate": 0.3,
							"pivot": [-3.21223, 29.32716, -2.2101],
							"rotation": [54.05168, 53.46139, -17.4843],
							"uv": {
								"north": {"uv": [58, 57], "uv_size": [1.5, 1.5]},
								"east": {"uv": [25, 56], "uv_size": [3, 1.5]},
								"south": {"uv": [59, 7], "uv_size": [1.5, 1.5]},
								"west": {"uv": [56, 26], "uv_size": [3, 1.5]},
								"up": {"uv": [28, 56], "uv_size": [1.5, 3]},
								"down": {"uv": [30, 59], "uv_size": [1.5, -3]}
							}
						}
					]
				},
				{
					"name": "Mecha10",
					"parent": "Hair",
					"pivot": [5.57115, 31.28745, 2.0156],
					"rotation": [150.57642, 17.94493, 6.14838],
					"cubes": [
						{
							"origin": [1.15226, 32.695, 0.90825],
							"size": [2.91, 2.91, 2.91],
							"inflate": 0.3,
							"pivot": [2.07691, 33.53142, 4.44313],
							"rotation": [19.05168, -53.46139, 17.4843],
							"uv": {
								"north": {"uv": [59, 9], "uv_size": [-2, 2]},
								"east": {"uv": [17, 57], "uv_size": [-2, 2]},
								"south": {"uv": [15, 57], "uv_size": [-2, 2]},
								"west": {"uv": [59, 11], "uv_size": [-2, 2]},
								"up": {"uv": [42, 57], "uv_size": [-2, 2]},
								"down": {"uv": [44, 59], "uv_size": [-2, -2]}
							}
						},
						{
							"origin": [4.53928, 30.43347, 1.34913],
							"size": [2.29774, 2.29774, 2.29774],
							"inflate": 0.3,
							"pivot": [5.68815, 31.58234, 2.498],
							"rotation": [31.55168, -53.46139, 17.4843],
							"uv": {
								"north": {"uv": [33.75, 58], "uv_size": [-1.75, 1.75]},
								"east": {"uv": [43.75, 10], "uv_size": [-2.75, 1.75]},
								"south": {"uv": [35.75, 58], "uv_size": [-1.75, 1.75]},
								"west": {"uv": [31.75, 12], "uv_size": [-2.75, 1.75]},
								"up": {"uv": [31.75, 38], "uv_size": [-1.75, 2.75]},
								"down": {"uv": [21.75, 46.75], "uv_size": [-1.75, -2.75]}
							}
						},
						{
							"origin": [3.90489, 32.794, -1.19512],
							"size": [2.30472, 1.33472, 2.88672],
							"inflate": 0.3,
							"pivot": [4.5269, 31.64258, 2.66771],
							"rotation": [54.05168, -53.46139, 17.4843],
							"uv": {
								"north": {"uv": [59.5, 57], "uv_size": [-1.5, 1.5]},
								"east": {"uv": [59, 26], "uv_size": [-3, 1.5]},
								"south": {"uv": [60.5, 7], "uv_size": [-1.5, 1.5]},
								"west": {"uv": [28, 56], "uv_size": [-3, 1.5]},
								"up": {"uv": [29.5, 56], "uv_size": [-1.5, 3]},
								"down": {"uv": [31.5, 59], "uv_size": [-1.5, -3]}
							}
						}
					]
				},
				{
					"name": "Mecha12",
					"parent": "Hair",
					"pivot": [4.60115, 33.22745, 4.9256],
					"rotation": [-166.92358, 17.94493, 6.14838],
					"cubes": [
						{
							"origin": [0.18226, 34.635, 3.81825],
							"size": [2.91, 2.91, 2.91],
							"inflate": 0.3,
							"pivot": [1.10691, 35.47142, 7.35313],
							"rotation": [19.05168, -53.46139, 17.4843],
							"uv": {
								"north": {"uv": [59, 9], "uv_size": [-2, 2]},
								"east": {"uv": [17, 57], "uv_size": [-2, 2]},
								"south": {"uv": [15, 57], "uv_size": [-2, 2]},
								"west": {"uv": [59, 11], "uv_size": [-2, 2]},
								"up": {"uv": [42, 57], "uv_size": [-2, 2]},
								"down": {"uv": [44, 59], "uv_size": [-2, -2]}
							}
						},
						{
							"origin": [3.56928, 32.37347, 4.25913],
							"size": [2.29774, 2.29774, 2.29774],
							"inflate": 0.3,
							"pivot": [4.71815, 33.52234, 5.408],
							"rotation": [31.55168, -53.46139, 17.4843],
							"uv": {
								"north": {"uv": [33.75, 58], "uv_size": [-1.75, 1.75]},
								"east": {"uv": [43.75, 10], "uv_size": [-2.75, 1.75]},
								"south": {"uv": [35.75, 58], "uv_size": [-1.75, 1.75]},
								"west": {"uv": [31.75, 12], "uv_size": [-2.75, 1.75]},
								"up": {"uv": [31.75, 38], "uv_size": [-1.75, 2.75]},
								"down": {"uv": [21.75, 46.75], "uv_size": [-1.75, -2.75]}
							}
						},
						{
							"origin": [3.91739, 32.72158, 3.10665],
							"size": [1.60152, 1.60152, 2.42602],
							"inflate": 0.3,
							"pivot": [4.71815, 33.52234, 5.408],
							"rotation": [31.55168, -53.46139, 17.4843],
							"uv": {
								"north": {"uv": [33.75, 58], "uv_size": [-1.75, 1.75]},
								"east": {"uv": [43.75, 10], "uv_size": [-2.75, 1.75]},
								"south": {"uv": [35.75, 58], "uv_size": [-1.75, 1.75]},
								"west": {"uv": [31.75, 12], "uv_size": [-2.75, 1.75]},
								"up": {"uv": [31.75, 38], "uv_size": [-1.75, 2.75]},
								"down": {"uv": [21.75, 46.75], "uv_size": [-1.75, -2.75]}
							}
						}
					]
				},
				{
					"name": "Mecha8",
					"parent": "Hair",
					"pivot": [-2.41918, 29.88613, 3.60152],
					"rotation": [11.17459, 30.73991, 27.97978],
					"cubes": [
						{
							"origin": [-3.82914, 28.27261, 0.99147],
							"size": [2.05155, 2.29405, 2.05155],
							"inflate": 0.3,
							"pivot": [-2.4056, 28.83767, 2.64216],
							"rotation": [31.55168, 53.46139, -17.4843],
							"uv": {
								"north": {"uv": [32, 58], "uv_size": [1.75, 1.75]},
								"east": {"uv": [29, 12], "uv_size": [2.75, 1.75]},
								"south": {"uv": [34, 58], "uv_size": [1.75, 1.75]},
								"west": {"uv": [41, 10], "uv_size": [2.75, 1.75]},
								"up": {"uv": [30, 38], "uv_size": [1.75, 2.75]},
								"down": {"uv": [20, 46.75], "uv_size": [1.75, -2.75]}
							}
						},
						{
							"origin": [-3.89344, 29.74299, -0.60628],
							"size": [1.72854, 1.00104, 2.16504],
							"inflate": 0.3,
							"pivot": [-2.63141, 28.87942, 2.29084],
							"rotation": [54.05168, 53.46139, -17.4843],
							"uv": {
								"north": {"uv": [58, 57], "uv_size": [1.5, 1.5]},
								"east": {"uv": [25, 56], "uv_size": [3, 1.5]},
								"south": {"uv": [59, 7], "uv_size": [1.5, 1.5]},
								"west": {"uv": [56, 26], "uv_size": [3, 1.5]},
								"up": {"uv": [28, 56], "uv_size": [1.5, 3]},
								"down": {"uv": [30, 59], "uv_size": [1.5, -3]}
							}
						}
					]
				},
				{
					"name": "Mecha9",
					"parent": "Hair",
					"pivot": [2.41918, 29.88613, 3.60152],
					"rotation": [4.96422, -66.75483, -45.37312],
					"cubes": [
						{
							"origin": [1.77759, 28.27261, 0.99147],
							"size": [2.05155, 2.29405, 2.05155],
							"inflate": 0.3,
							"pivot": [2.4056, 28.83767, 2.64216],
							"rotation": [31.55168, -53.46139, 17.4843],
							"uv": {
								"north": {"uv": [33.75, 58], "uv_size": [-1.75, 1.75]},
								"east": {"uv": [43.75, 10], "uv_size": [-2.75, 1.75]},
								"south": {"uv": [35.75, 58], "uv_size": [-1.75, 1.75]},
								"west": {"uv": [31.75, 12], "uv_size": [-2.75, 1.75]},
								"up": {"uv": [31.75, 38], "uv_size": [-1.75, 2.75]},
								"down": {"uv": [21.75, 46.75], "uv_size": [-1.75, -2.75]}
							}
						},
						{
							"origin": [2.1649, 29.74299, -0.60628],
							"size": [1.72854, 1.00104, 2.16504],
							"inflate": 0.3,
							"pivot": [2.63141, 28.87942, 2.29084],
							"rotation": [54.05168, -53.46139, 17.4843],
							"uv": {
								"north": {"uv": [59.5, 57], "uv_size": [-1.5, 1.5]},
								"east": {"uv": [59, 26], "uv_size": [-3, 1.5]},
								"south": {"uv": [60.5, 7], "uv_size": [-1.5, 1.5]},
								"west": {"uv": [28, 56], "uv_size": [-3, 1.5]},
								"up": {"uv": [29.5, 56], "uv_size": [-1.5, 3]},
								"down": {"uv": [31.5, 59], "uv_size": [-1.5, -3]}
							}
						}
					]
				},
				{
					"name": "Mecha11",
					"parent": "Hair",
					"pivot": [2.41918, 28.88613, 2.63152],
					"rotation": [-84.64099, -46.77213, 66.18624],
					"cubes": [
						{
							"origin": [1.92203, 27.40257, 0.40113],
							"size": [1.57969, 1.76642, 1.57969],
							"inflate": 0.3,
							"pivot": [2.4056, 27.83767, 1.67216],
							"rotation": [31.55168, -53.46139, 17.4843],
							"uv": {
								"north": {"uv": [33.75, 58], "uv_size": [-1.75, 1.75]},
								"east": {"uv": [43.75, 10], "uv_size": [-2.75, 1.75]},
								"south": {"uv": [35.75, 58], "uv_size": [-1.75, 1.75]},
								"west": {"uv": [31.75, 12], "uv_size": [-2.75, 1.75]},
								"up": {"uv": [31.75, 38], "uv_size": [-1.75, 2.75]},
								"down": {"uv": [21.75, 46.75], "uv_size": [-1.75, -2.75]}
							}
						},
						{
							"origin": [2.22026, 28.53477, -0.82914],
							"size": [1.33098, 0.7708, 1.66708],
							"inflate": 0.3,
							"pivot": [2.57947, 27.86982, 1.40165],
							"rotation": [54.05168, -53.46139, 17.4843],
							"uv": {
								"north": {"uv": [59.5, 57], "uv_size": [-1.5, 1.5]},
								"east": {"uv": [59, 26], "uv_size": [-3, 1.5]},
								"south": {"uv": [60.5, 7], "uv_size": [-1.5, 1.5]},
								"west": {"uv": [28, 56], "uv_size": [-3, 1.5]},
								"up": {"uv": [29.5, 56], "uv_size": [-1.5, 3]},
								"down": {"uv": [31.5, 59], "uv_size": [-1.5, -3]}
							}
						}
					]
				},
				{
					"name": "Mecha3",
					"parent": "Hair",
					"pivot": [-0.47918, 32.79613, -0.27848],
					"rotation": [26.31332, 35.28007, 94.34169],
					"cubes": [
						{
							"origin": [-0.9343, 31.54978, -3.2612],
							"size": [2.91, 3.88, 1.94],
							"inflate": 0.3,
							"pivot": [1.05106, 33.3562, 0.27368],
							"rotation": [19.05168, 53.46139, -17.4843],
							"uv": {
								"north": {"uv": [57, 9], "uv_size": [2, 2]},
								"east": {"uv": [57, 11], "uv_size": [2, 2]},
								"south": {"uv": [13, 57], "uv_size": [2, 2]},
								"west": {"uv": [15, 57], "uv_size": [2, 2]},
								"up": {"uv": [40, 57], "uv_size": [2, 2]},
								"down": {"uv": [42, 59], "uv_size": [2, -2]}
							}
						},
						{
							"origin": [-2.8692, 29.81141, -3.94261],
							"size": [2.7354, 3.7054, 2.7354],
							"inflate": 0.3,
							"pivot": [-0.97115, 31.2115, -1.74168],
							"rotation": [31.55168, 53.46139, -17.4843],
							"uv": {
								"north": {"uv": [32, 58], "uv_size": [1.75, 1.75]},
								"east": {"uv": [29, 12], "uv_size": [2.75, 1.75]},
								"south": {"uv": [34, 58], "uv_size": [1.75, 1.75]},
								"west": {"uv": [41, 10], "uv_size": [2.75, 1.75]},
								"up": {"uv": [30, 38], "uv_size": [1.75, 2.75]},
								"down": {"uv": [20, 46.75], "uv_size": [1.75, -2.75]}
							}
						},
						{
							"origin": [-2.95494, 30.47858, -6.07293],
							"size": [2.30472, 3.27472, 2.88672],
							"inflate": 0.3,
							"pivot": [-1.27223, 31.26716, -2.2101],
							"rotation": [54.05168, 53.46139, -17.4843],
							"uv": {
								"north": {"uv": [58, 57], "uv_size": [1.5, 1.5]},
								"east": {"uv": [25, 56], "uv_size": [3, 1.5]},
								"south": {"uv": [59, 7], "uv_size": [1.5, 1.5]},
								"west": {"uv": [56, 26], "uv_size": [3, 1.5]},
								"up": {"uv": [28, 56], "uv_size": [1.5, 3]},
								"down": {"uv": [30, 59], "uv_size": [1.5, -3]}
							}
						},
						{
							"origin": [-4.39548, 26.57945, -5.46013],
							"size": [1.68245, 1.68245, 2.10731],
							"inflate": 0.3,
							"pivot": [-3.55426, 27.42067, -4.40648],
							"rotation": [64.05168, 53.46139, -17.4843],
							"uv": {
								"north": {"uv": [58, 57], "uv_size": [1.5, 1.5]},
								"east": {"uv": [25, 56], "uv_size": [3, 1.5]},
								"south": {"uv": [59, 7], "uv_size": [1.5, 1.5]},
								"west": {"uv": [56, 26], "uv_size": [3, 1.5]},
								"up": {"uv": [28, 56], "uv_size": [1.5, 3]},
								"down": {"uv": [30, 59], "uv_size": [1.5, -3]}
							}
						}
					]
				}
			]
		}
	]
}