{
	"format_version": "1.12.0",
	"minecraft:geometry": [
		{
			"description": {
				"identifier": "geometry.gokussj3outline",
				"texture_width": 64,
				"texture_height": 64,
				"visible_bounds_width": 3,
				"visible_bounds_height": 4.5,
				"visible_bounds_offset": [0, 1.75, 0]
			},
			"bones": [
				{
					"name": "Tudo",
					"pivot": [0, 12.72, 0]
				},
				{
					"name": "Corpo",
					"parent": "Tudo",
					"pivot": [0, 24.60557, 0],
					"cubes": [
						{
							"origin": [-4.10093, 12.30278, -2.05046],
							"size": [8.20186, 12.30278, 4.10093],
							"inflate": 0.4,
							"uv": {
								"north": {"uv": [0, 0], "uv_size": [8, 12]},
								"east": {"uv": [0, 27], "uv_size": [4, 12]},
								"south": {"uv": [8, 0], "uv_size": [8, 12]},
								"west": {"uv": [4, 27], "uv_size": [4, 12]},
								"up": {"uv": [22, 39], "uv_size": [8, 4]},
								"down": {"uv": [40, 16], "uv_size": [8, -4]}
							}
						}
					],
					"locators": {
						"gokussj3outline": [0, 19, 0]
					}
				},
				{
					"name": "Roupa",
					"parent": "Corpo",
					"pivot": [0, 21.01726, 0],
					"cubes": [
						{
							"origin": [-4.91619, 17.84273, -2.4581],
							"size": [9.83238, 7.37429, 4.91619],
							"inflate": 0.4,
							"uv": {
								"north": {"uv": [0, 12], "uv_size": [10.75, 7.5]},
								"east": {"uv": [40, 16], "uv_size": [4.25, 7.5]},
								"south": {"uv": [11, 12], "uv_size": [10.75, 7.5]},
								"west": {"uv": [40, 24], "uv_size": [4.25, 7.5]},
								"up": {"uv": [0, 39], "uv_size": [10.75, 4.25]},
								"down": {"uv": [11, 43.25], "uv_size": [10.75, -4.25]}
							}
						}
					]
				},
				{
					"name": "rightBraco",
					"parent": "Corpo",
					"pivot": [-5.12616, 22.5551, 0],
					"cubes": [
						{
							"origin": [-8.20186, 12.30278, -2.05046],
							"size": [4.10093, 12.30278, 4.10093],
							"inflate": 0.4,
							"uv": {
								"north": {"uv": [24, 27], "uv_size": [4, 12]},
								"east": {"uv": [28, 14], "uv_size": [4, 12]},
								"south": {"uv": [28, 26], "uv_size": [4, 12]},
								"west": {"uv": [29, 0], "uv_size": [4, 12]},
								"up": {"uv": [51, 29], "uv_size": [4, 4]},
								"down": {"uv": [51, 37], "uv_size": [4, -4]}
							}
						}
					]
				},
				{
					"name": "leftBiceps",
					"parent": "rightBraco",
					"pivot": [-5.63878, 19.47941, -0.51262],
					"cubes": [
						{
							"origin": [-7.49896, 17.0451, -2.3728],
							"size": [3.72036, 4.86862, 3.72036],
							"inflate": 0.4,
							"uv": {
								"north": {"uv": [13, 52], "uv_size": [3.25, 4.25]},
								"east": {"uv": [40, 52], "uv_size": [3.25, 4.25]},
								"south": {"uv": [44, 52], "uv_size": [3.25, 4.25]},
								"west": {"uv": [48, 52], "uv_size": [3.25, 4.25]},
								"up": {"uv": [55, 32], "uv_size": [3.25, 3.25]},
								"down": {"uv": [55, 39.25], "uv_size": [3.25, -3.25]}
							}
						}
					]
				},
				{
					"name": "leftBraco",
					"parent": "Corpo",
					"pivot": [5.12616, 22.5551, 0],
					"cubes": [
						{
							"origin": [4.10093, 12.30278, -2.05046],
							"size": [4.10093, 12.30278, 4.10093],
							"inflate": 0.4,
							"uv": {
								"north": {"uv": [28, 27], "uv_size": [-4, 12]},
								"east": {"uv": [33, 0], "uv_size": [-4, 12]},
								"south": {"uv": [32, 26], "uv_size": [-4, 12]},
								"west": {"uv": [32, 14], "uv_size": [-4, 12]},
								"up": {"uv": [55, 29], "uv_size": [-4, 4]},
								"down": {"uv": [55, 37], "uv_size": [-4, -4]}
							}
						}
					]
				},
				{
					"name": "rightBiceps",
					"parent": "leftBraco",
					"pivot": [5.63878, 19.47941, -0.51262],
					"cubes": [
						{
							"origin": [3.7786, 17.0451, -2.3728],
							"size": [3.72036, 4.86862, 3.72036],
							"inflate": 0.4,
							"uv": {
								"north": {"uv": [16.25, 52], "uv_size": [-3.25, 4.25]},
								"east": {"uv": [51.25, 52], "uv_size": [-3.25, 4.25]},
								"south": {"uv": [47.25, 52], "uv_size": [-3.25, 4.25]},
								"west": {"uv": [43.25, 52], "uv_size": [-3.25, 4.25]},
								"up": {"uv": [58.25, 32], "uv_size": [-3.25, 3.25]},
								"down": {"uv": [58.25, 39.25], "uv_size": [-3.25, -3.25]}
							}
						}
					]
				},
				{
					"name": "rightPerna",
					"parent": "Corpo",
					"pivot": [-1.94794, 12.30278, 0],
					"cubes": [
						{
							"origin": [-3.9984, 0, -2.05046],
							"size": [4.10093, 12.30278, 4.10093],
							"inflate": 0.4,
							"uv": {
								"north": {"uv": [8, 27], "uv_size": [4, 12]},
								"east": {"uv": [12, 27], "uv_size": [4, 12]},
								"south": {"uv": [16, 27], "uv_size": [4, 12]},
								"west": {"uv": [20, 27], "uv_size": [4, 12]},
								"up": {"uv": [50, 44], "uv_size": [4, 4]},
								"down": {"uv": [51, 8], "uv_size": [4, -4]}
							}
						},
						{
							"origin": [-4.72222, 4.41958, -2.77428],
							"size": [5.54856, 3.1126, 5.54856],
							"inflate": 0.4,
							"uv": {
								"north": {"uv": [12, 49], "uv_size": [5.5, 3]},
								"east": {"uv": [40, 49], "uv_size": [5.5, 3]},
								"south": {"uv": [46, 49], "uv_size": [5.5, 3]},
								"west": {"uv": [50, 14], "uv_size": [5.5, 3]},
								"up": {"uv": [22, 14], "uv_size": [5.5, 5.5]},
								"down": {"uv": [23, 5.5], "uv_size": [5.5, -5.5]}
							}
						},
						{
							"origin": [-4.50027, 5.73499, -2.55233],
							"size": [5.10467, 4.58598, 5.10467],
							"inflate": 0.4,
							"uv": {
								"north": {"uv": [15, 44], "uv_size": [5, 4.5]},
								"east": {"uv": [40, 44], "uv_size": [5, 4.5]},
								"south": {"uv": [45, 16], "uv_size": [5, 4.5]},
								"west": {"uv": [45, 21], "uv_size": [5, 4.5]},
								"up": {"uv": [27, 43], "uv_size": [5, 5]},
								"down": {"uv": [0, 49], "uv_size": [5, -5]}
							}
						},
						{
							"origin": [-4.10093, -0.10252, -2.17349],
							"size": [4.34698, 2.6656, 4.34698],
							"inflate": 0.4,
							"uv": {
								"north": {"uv": [25, 53], "uv_size": [4.25, 2.5]},
								"east": {"uv": [30, 53], "uv_size": [4.25, 2.5]},
								"south": {"uv": [35, 53], "uv_size": [4.25, 2.5]},
								"west": {"uv": [52, 53], "uv_size": [4.25, 2.5]},
								"up": {"uv": [20, 48], "uv_size": [4.25, 4.25]},
								"down": {"uv": [25, 52.25], "uv_size": [4.25, -4.25]}
							}
						}
					]
				},
				{
					"name": "leftPerna",
					"parent": "Corpo",
					"pivot": [1.94794, 12.30278, 0],
					"cubes": [
						{
							"origin": [-0.10252, 0, -2.05046],
							"size": [4.10093, 12.30278, 4.10093],
							"inflate": 0.4,
							"uv": {
								"north": {"uv": [12, 27], "uv_size": [-4, 12]},
								"east": {"uv": [24, 27], "uv_size": [-4, 12]},
								"south": {"uv": [20, 27], "uv_size": [-4, 12]},
								"west": {"uv": [16, 27], "uv_size": [-4, 12]},
								"up": {"uv": [54, 44], "uv_size": [-4, 4]},
								"down": {"uv": [55, 8], "uv_size": [-4, -4]}
							}
						},
						{
							"origin": [-0.82634, 4.41958, -2.77428],
							"size": [5.54856, 3.1126, 5.54856],
							"inflate": 0.4,
							"uv": {
								"north": {"uv": [17.5, 49], "uv_size": [-5.5, 3]},
								"east": {"uv": [55.5, 14], "uv_size": [-5.5, 3]},
								"south": {"uv": [51.5, 49], "uv_size": [-5.5, 3]},
								"west": {"uv": [45.5, 49], "uv_size": [-5.5, 3]},
								"up": {"uv": [27.5, 14], "uv_size": [-5.5, 5.5]},
								"down": {"uv": [28.5, 5.5], "uv_size": [-5.5, -5.5]}
							}
						},
						{
							"origin": [-0.60439, 5.73499, -2.55233],
							"size": [5.10467, 4.58598, 5.10467],
							"inflate": 0.4,
							"uv": {
								"north": {"uv": [20, 44], "uv_size": [-5, 4.5]},
								"east": {"uv": [50, 21], "uv_size": [-5, 4.5]},
								"south": {"uv": [50, 16], "uv_size": [-5, 4.5]},
								"west": {"uv": [45, 44], "uv_size": [-5, 4.5]},
								"up": {"uv": [32, 43], "uv_size": [-5, 5]},
								"down": {"uv": [5, 49], "uv_size": [-5, -5]}
							}
						},
						{
							"origin": [-0.24606, -0.10252, -2.17349],
							"size": [4.34698, 2.6656, 4.34698],
							"inflate": 0.4,
							"uv": {
								"north": {"uv": [29.25, 53], "uv_size": [-4.25, 2.5]},
								"east": {"uv": [56.25, 53], "uv_size": [-4.25, 2.5]},
								"south": {"uv": [39.25, 53], "uv_size": [-4.25, 2.5]},
								"west": {"uv": [34.25, 53], "uv_size": [-4.25, 2.5]},
								"up": {"uv": [24.25, 48], "uv_size": [-4.25, 4.25]},
								"down": {"uv": [29.25, 52.25], "uv_size": [-4.25, -4.25]}
							}
						}
					]
				},
				{
					"name": "head",
					"parent": "Corpo",
					"pivot": [0, 24.12, 0],
					"cubes": [
						{
							"origin": [-3.52, 24.12, -3.52],
							"size": [7.04, 7.04, 7.04],
							"inflate": 0.4,
							"uv": {
								"north": {"uv": [16, 0], "uv_size": [7, 7]},
								"east": {"uv": [0, 20], "uv_size": [7, 7]},
								"south": {"uv": [7, 20], "uv_size": [7, 7]},
								"west": {"uv": [14, 20], "uv_size": [7, 7]},
								"up": {"uv": [21, 20], "uv_size": [7, 7]},
								"down": {"uv": [22, 14], "uv_size": [7, -7]}
							}
						}
					]
				},
				{
					"name": "Hair",
					"parent": "head",
					"pivot": [0, 0, 0],
					"cubes": [
						{
							"origin": [-3.88, 27.3964, -0.97],
							"size": [7.76, 4.85, 5.82],
							"inflate": 0.2,
							"uv": {
								"north": {"uv": [46, 36], "uv_size": [5, 4]},
								"east": {"uv": [46, 40], "uv_size": [5, 4]},
								"south": {"uv": [47, 0], "uv_size": [5, 4]},
								"west": {"uv": [48, 10], "uv_size": [5, 4]},
								"up": {"uv": [41, 5], "uv_size": [5, 5]},
								"down": {"uv": [22, 48], "uv_size": [5, -5]}
							}
						},
						{
							"origin": [-2.91, 31.2764, -2.91],
							"size": [5.82, 1.94, 6.79],
							"inflate": 0.2,
							"uv": {
								"north": {"uv": [0, 49], "uv_size": [6, 3]},
								"east": {"uv": [51, 41], "uv_size": [5, 3]},
								"south": {"uv": [6, 49], "uv_size": [6, 3]},
								"west": {"uv": [8, 52], "uv_size": [5, 3]},
								"up": {"uv": [16, 7], "uv_size": [6, 5]},
								"down": {"uv": [41, 5], "uv_size": [6, -5]}
							}
						}
					]
				},
				{
					"name": "Mecha",
					"parent": "Hair",
					"pivot": [0.68392, 30.83337, -2.98379],
					"rotation": [14.94472, 19.40838, -2.82076],
					"cubes": [
						{
							"origin": [0.85408, 31.02284, -5.032],
							"size": [2.1187, 1.2587, 2.1187],
							"inflate": 0.2,
							"pivot": [1.91343, 31.22219, -3.97265],
							"rotation": [-35.94832, -53.46139, 17.4843],
							"uv": {
								"north": {"uv": [32, 41], "uv_size": [-2, 2]},
								"east": {"uv": [58, 51], "uv_size": [-2, 2]},
								"south": {"uv": [53, 8], "uv_size": [-2, 2]},
								"west": {"uv": [50, 14], "uv_size": [-2, 2]},
								"up": {"uv": [58, 56], "uv_size": [-2, 2]},
								"down": {"uv": [59, 9], "uv_size": [-2, -2]}
							}
						},
						{
							"origin": [1.36502, 30.28827, -5.34235],
							"size": [1.92802, 1.92802, 1.92802],
							"inflate": 0.2,
							"pivot": [2.32903, 31.25228, -4.37835],
							"rotation": [31.55168, -53.46139, 17.4843],
							"uv": {
								"north": {"uv": [59.75, 20], "uv_size": [-1.75, 1.75]},
								"east": {"uv": [24.75, 58], "uv_size": [-1.75, 1.75]},
								"south": {"uv": [59.75, 22], "uv_size": [-1.75, 1.75]},
								"west": {"uv": [22.75, 58], "uv_size": [-1.75, 1.75]},
								"up": {"uv": [59.75, 24], "uv_size": [-1.75, 1.75]},
								"down": {"uv": [26.75, 59.75], "uv_size": [-1.75, -1.75]}
							}
						},
						{
							"origin": [2.02717, 31.41039, -7.5152],
							"size": [1.45767, 1.45767, 1.03393],
							"inflate": 0.2,
							"pivot": [0.6373, 31.07986, -6.15075],
							"rotation": [46.55168, -53.46139, 17.4843],
							"uv": {
								"north": {"uv": [59.5, 55], "uv_size": [-1.5, 1.5]},
								"east": {"uv": [51, 29], "uv_size": [-1, 1.5]},
								"south": {"uv": [57.5, 58], "uv_size": [-1.5, 1.5]},
								"west": {"uv": [48, 10], "uv_size": [-1, 1.5]},
								"up": {"uv": [48.5, 4], "uv_size": [-1.5, 1]},
								"down": {"uv": [21.5, 48], "uv_size": [-1.5, -1]}
							}
						},
						{
							"origin": [1.13273, 29.37487, -4.9421],
							"size": [1.1224, 1.1224, 1.61182],
							"inflate": 0.2,
							"pivot": [1.69394, 27.81737, -5.19554],
							"rotation": [56.55168, -53.46139, 17.4843],
							"uv": {
								"north": {"uv": [46, 31], "uv_size": [-1, 1]},
								"east": {"uv": [51.5, 48], "uv_size": [-1.5, 1]},
								"south": {"uv": [20, 52], "uv_size": [-1, 1]},
								"west": {"uv": [50.5, 4], "uv_size": [-1.5, 1]},
								"up": {"uv": [8, 56], "uv_size": [-1, 1.5]},
								"down": {"uv": [17, 60.5], "uv_size": [-1, -1.5]}
							}
						}
					]
				},
				{
					"name": "Hairraiz",
					"parent": "Hair",
					"pivot": [0, 31.87, 1.25]
				},
				{
					"name": "Mecha2",
					"parent": "Hairraiz",
					"pivot": [-1.52082, 31.82613, -1.72152],
					"rotation": [60.39876, 74.76206, -108.49959],
					"cubes": [
						{
							"origin": [-3.9757, 31.54978, -0.6788],
							"size": [2.91, 2.91, 1.94],
							"inflate": 0.2,
							"pivot": [-3.05106, 32.3862, -2.27368],
							"rotation": [-19.05168, 53.46139, 17.4843],
							"uv": {
								"north": {"uv": [13, 57], "uv_size": [2, 2]},
								"east": {"uv": [15, 57], "uv_size": [2, 2]},
								"south": {"uv": [57, 9], "uv_size": [2, 2]},
								"west": {"uv": [57, 11], "uv_size": [2, 2]},
								"up": {"uv": [42, 59], "uv_size": [-2, -2]},
								"down": {"uv": [44, 57], "uv_size": [-2, 2]}
							}
						},
						{
							"origin": [-1.8662, 29.81141, -0.79279],
							"size": [2.7354, 2.7354, 2.7354],
							"inflate": 0.2,
							"pivot": [-1.02885, 30.2415, -0.25832],
							"rotation": [-31.55168, 53.46139, 17.4843],
							"uv": {
								"north": {"uv": [34, 58], "uv_size": [1.75, 1.75]},
								"east": {"uv": [41, 10], "uv_size": [2.75, 1.75]},
								"south": {"uv": [32, 58], "uv_size": [1.75, 1.75]},
								"west": {"uv": [29, 12], "uv_size": [2.75, 1.75]},
								"up": {"uv": [31.75, 40.75], "uv_size": [-1.75, -2.75]},
								"down": {"uv": [21.75, 44], "uv_size": [-1.75, 2.75]}
							}
						},
						{
							"origin": [-1.34978, 30.47858, 1.18621],
							"size": [2.30472, 2.30472, 2.88672],
							"inflate": 0.2,
							"pivot": [-0.72777, 30.29716, 0.2101],
							"rotation": [-54.05168, 53.46139, 17.4843],
							"uv": {
								"north": {"uv": [59, 7], "uv_size": [1.5, 1.5]},
								"east": {"uv": [56, 26], "uv_size": [3, 1.5]},
								"south": {"uv": [58, 57], "uv_size": [1.5, 1.5]},
								"west": {"uv": [25, 56], "uv_size": [3, 1.5]},
								"up": {"uv": [29.5, 59], "uv_size": [-1.5, -3]},
								"down": {"uv": [31.5, 56], "uv_size": [-1.5, 3]}
							}
						}
					]
				},
				{
					"name": "Mecha13",
					"parent": "Hairraiz",
					"pivot": [0.52082, 31.82613, -2.72152],
					"rotation": [68.04118, -67.6079, 106.14377],
					"cubes": [
						{
							"origin": [0.0657, 31.54978, -1.6788],
							"size": [2.91, 2.91, 1.94],
							"inflate": 0.2,
							"pivot": [2.05106, 32.3862, -3.27368],
							"rotation": [-19.05168, -53.46139, -17.4843],
							"uv": {
								"north": {"uv": [15, 57], "uv_size": [-2, 2]},
								"east": {"uv": [59, 11], "uv_size": [-2, 2]},
								"south": {"uv": [59, 9], "uv_size": [-2, 2]},
								"west": {"uv": [17, 57], "uv_size": [-2, 2]},
								"up": {"uv": [40, 59], "uv_size": [2, -2]},
								"down": {"uv": [42, 57], "uv_size": [2, 2]}
							}
						},
						{
							"origin": [-1.8692, 29.81141, -1.79279],
							"size": [2.7354, 2.7354, 2.7354],
							"inflate": 0.2,
							"pivot": [0.02885, 30.2415, -1.25832],
							"rotation": [-31.55168, -53.46139, -17.4843],
							"uv": {
								"north": {"uv": [35.75, 58], "uv_size": [-1.75, 1.75]},
								"east": {"uv": [31.75, 12], "uv_size": [-2.75, 1.75]},
								"south": {"uv": [33.75, 58], "uv_size": [-1.75, 1.75]},
								"west": {"uv": [43.75, 10], "uv_size": [-2.75, 1.75]},
								"up": {"uv": [30, 40.75], "uv_size": [1.75, -2.75]},
								"down": {"uv": [20, 44], "uv_size": [1.75, 2.75]}
							}
						},
						{
							"origin": [-1.95494, 30.47858, 0.18621],
							"size": [2.30472, 2.30472, 2.88672],
							"inflate": 0.2,
							"pivot": [-0.27223, 30.29716, -0.7899],
							"rotation": [-54.05168, -53.46139, -17.4843],
							"uv": {
								"north": {"uv": [60.5, 7], "uv_size": [-1.5, 1.5]},
								"east": {"uv": [28, 56], "uv_size": [-3, 1.5]},
								"south": {"uv": [59.5, 57], "uv_size": [-1.5, 1.5]},
								"west": {"uv": [59, 26], "uv_size": [-3, 1.5]},
								"up": {"uv": [28, 59], "uv_size": [1.5, -3]},
								"down": {"uv": [30, 56], "uv_size": [1.5, 3]}
							}
						}
					]
				},
				{
					"name": "Mecha4",
					"parent": "Hairraiz",
					"pivot": [-2.41918, 30.85613, -0.27848],
					"rotation": [-179.46834, -32.81753, -49.30482],
					"cubes": [
						{
							"origin": [-2.8743, 29.57978, -3.2612],
							"size": [2.91, 3.91, 1.94],
							"inflate": 0.2,
							"pivot": [-0.88894, 31.4162, 0.27368],
							"rotation": [19.05168, 53.46139, -17.4843],
							"uv": {
								"north": {"uv": [57, 9], "uv_size": [2, 2]},
								"east": {"uv": [57, 11], "uv_size": [2, 2]},
								"south": {"uv": [13, 57], "uv_size": [2, 2]},
								"west": {"uv": [15, 57], "uv_size": [2, 2]},
								"up": {"uv": [40, 57], "uv_size": [2, 2]},
								"down": {"uv": [42, 59], "uv_size": [2, -2]}
							}
						},
						{
							"origin": [-4.8092, 28.81141, -3.94261],
							"size": [2.7354, 2.7654, 2.7354],
							"inflate": 0.2,
							"pivot": [-2.91115, 29.2715, -1.74168],
							"rotation": [31.55168, 53.46139, -17.4843],
							"uv": {
								"north": {"uv": [32, 58], "uv_size": [1.75, 1.75]},
								"east": {"uv": [29, 12], "uv_size": [2.75, 1.75]},
								"south": {"uv": [34, 58], "uv_size": [1.75, 1.75]},
								"west": {"uv": [41, 10], "uv_size": [2.75, 1.75]},
								"up": {"uv": [30, 38], "uv_size": [1.75, 2.75]},
								"down": {"uv": [20, 46.75], "uv_size": [1.75, -2.75]}
							}
						},
						{
							"origin": [-4.89494, 29.47858, -6.07293],
							"size": [2.30472, 2.33472, 2.88672],
							"inflate": 0.2,
							"pivot": [-3.21223, 29.32716, -2.2101],
							"rotation": [54.05168, 53.46139, -17.4843],
							"uv": {
								"north": {"uv": [58, 57], "uv_size": [1.5, 1.5]},
								"east": {"uv": [25, 56], "uv_size": [3, 1.5]},
								"south": {"uv": [59, 7], "uv_size": [1.5, 1.5]},
								"west": {"uv": [56, 26], "uv_size": [3, 1.5]},
								"up": {"uv": [28, 56], "uv_size": [1.5, 3]},
								"down": {"uv": [30, 59], "uv_size": [1.5, -3]}
							}
						}
					]
				},
				{
					"name": "Mecha9",
					"parent": "Hairraiz",
					"pivot": [2.41918, 29.85613, 1.72152],
					"rotation": [169.51434, 31.28038, 28.7051],
					"cubes": [
						{
							"origin": [-0.0357, 28.57978, -1.2612],
							"size": [2.91, 3.91, 1.94],
							"inflate": 0.2,
							"pivot": [0.88894, 30.4162, 2.27368],
							"rotation": [19.05168, -53.46139, 17.4843],
							"uv": {
								"north": {"uv": [59, 9], "uv_size": [-2, 2]},
								"east": {"uv": [17, 57], "uv_size": [-2, 2]},
								"south": {"uv": [15, 57], "uv_size": [-2, 2]},
								"west": {"uv": [59, 11], "uv_size": [-2, 2]},
								"up": {"uv": [42, 57], "uv_size": [-2, 2]},
								"down": {"uv": [44, 59], "uv_size": [-2, -2]}
							}
						},
						{
							"origin": [2.0738, 27.81141, -1.94261],
							"size": [2.7354, 2.7654, 2.7354],
							"inflate": 0.2,
							"pivot": [2.91115, 28.2715, 0.25832],
							"rotation": [31.55168, -53.46139, 17.4843],
							"uv": {
								"north": {"uv": [33.75, 58], "uv_size": [-1.75, 1.75]},
								"east": {"uv": [43.75, 10], "uv_size": [-2.75, 1.75]},
								"south": {"uv": [35.75, 58], "uv_size": [-1.75, 1.75]},
								"west": {"uv": [31.75, 12], "uv_size": [-2.75, 1.75]},
								"up": {"uv": [31.75, 38], "uv_size": [-1.75, 2.75]},
								"down": {"uv": [21.75, 46.75], "uv_size": [-1.75, -2.75]}
							}
						},
						{
							"origin": [2.59022, 28.47858, -4.07293],
							"size": [2.30472, 2.33472, 2.88672],
							"inflate": 0.2,
							"pivot": [3.21223, 28.32716, -0.2101],
							"rotation": [54.05168, -53.46139, 17.4843],
							"uv": {
								"north": {"uv": [59.5, 57], "uv_size": [-1.5, 1.5]},
								"east": {"uv": [59, 26], "uv_size": [-3, 1.5]},
								"south": {"uv": [60.5, 7], "uv_size": [-1.5, 1.5]},
								"west": {"uv": [28, 56], "uv_size": [-3, 1.5]},
								"up": {"uv": [29.5, 56], "uv_size": [-1.5, 3]},
								"down": {"uv": [31.5, 59], "uv_size": [-1.5, -3]}
							}
						}
					]
				},
				{
					"name": "Mecha10",
					"parent": "Hairraiz",
					"pivot": [5.57115, 33.28745, 2.0156],
					"rotation": [150.57642, 17.94493, -23.85162],
					"cubes": [
						{
							"origin": [1.15226, 34.695, 0.90825],
							"size": [2.91, 2.91, 2.91],
							"inflate": 0.2,
							"pivot": [2.07691, 35.53142, 4.44313],
							"rotation": [19.05168, -53.46139, 17.4843],
							"uv": {
								"north": {"uv": [59, 9], "uv_size": [-2, 2]},
								"east": {"uv": [17, 57], "uv_size": [-2, 2]},
								"south": {"uv": [15, 57], "uv_size": [-2, 2]},
								"west": {"uv": [59, 11], "uv_size": [-2, 2]},
								"up": {"uv": [42, 57], "uv_size": [-2, 2]},
								"down": {"uv": [44, 59], "uv_size": [-2, -2]}
							}
						},
						{
							"origin": [4.53928, 32.43347, 1.34913],
							"size": [2.29774, 2.29774, 2.29774],
							"inflate": 0.2,
							"pivot": [5.68815, 33.58234, 2.498],
							"rotation": [31.55168, -53.46139, 17.4843],
							"uv": {
								"north": {"uv": [33.75, 58], "uv_size": [-1.75, 1.75]},
								"east": {"uv": [43.75, 10], "uv_size": [-2.75, 1.75]},
								"south": {"uv": [35.75, 58], "uv_size": [-1.75, 1.75]},
								"west": {"uv": [31.75, 12], "uv_size": [-2.75, 1.75]},
								"up": {"uv": [31.75, 38], "uv_size": [-1.75, 2.75]},
								"down": {"uv": [21.75, 46.75], "uv_size": [-1.75, -2.75]}
							}
						},
						{
							"origin": [3.90489, 34.794, -1.19512],
							"size": [2.30472, 1.33472, 2.88672],
							"inflate": 0.2,
							"pivot": [4.5269, 33.64258, 2.66771],
							"rotation": [54.05168, -53.46139, 17.4843],
							"uv": {
								"north": {"uv": [59.5, 57], "uv_size": [-1.5, 1.5]},
								"east": {"uv": [59, 26], "uv_size": [-3, 1.5]},
								"south": {"uv": [60.5, 7], "uv_size": [-1.5, 1.5]},
								"west": {"uv": [28, 56], "uv_size": [-3, 1.5]},
								"up": {"uv": [29.5, 56], "uv_size": [-1.5, 3]},
								"down": {"uv": [31.5, 59], "uv_size": [-1.5, -3]}
							}
						}
					]
				},
				{
					"name": "Mecha14",
					"parent": "Hairraiz",
					"pivot": [-5.57115, 35.28745, 1.0156],
					"rotation": [176.09843, -26.21983, 14.0932],
					"cubes": [
						{
							"origin": [-4.06226, 35.695, -0.09175],
							"size": [2.91, 3.91, 2.91],
							"inflate": 0.2,
							"pivot": [-2.07691, 37.53142, 3.44313],
							"rotation": [19.05168, 53.46139, -17.4843],
							"uv": {
								"north": {"uv": [57, 9], "uv_size": [2, 2]},
								"east": {"uv": [57, 11], "uv_size": [2, 2]},
								"south": {"uv": [13, 57], "uv_size": [2, 2]},
								"west": {"uv": [15, 57], "uv_size": [2, 2]},
								"up": {"uv": [40, 57], "uv_size": [2, 2]},
								"down": {"uv": [42, 59], "uv_size": [2, -2]}
							}
						},
						{
							"origin": [-6.83702, 33.43347, 0.34913],
							"size": [2.29774, 3.29774, 2.29774],
							"inflate": 0.2,
							"pivot": [-5.68815, 35.58234, 1.498],
							"rotation": [31.55168, 53.46139, -17.4843],
							"uv": {
								"north": {"uv": [32, 58], "uv_size": [1.75, 1.75]},
								"east": {"uv": [29, 12], "uv_size": [2.75, 1.75]},
								"south": {"uv": [34, 58], "uv_size": [1.75, 1.75]},
								"west": {"uv": [41, 10], "uv_size": [2.75, 1.75]},
								"up": {"uv": [30, 38], "uv_size": [1.75, 2.75]},
								"down": {"uv": [20, 46.75], "uv_size": [1.75, -2.75]}
							}
						},
						{
							"origin": [-6.20961, 35.794, -2.19512],
							"size": [2.30472, 2.33472, 2.88672],
							"inflate": 0.2,
							"pivot": [-4.5269, 35.64258, 1.66771],
							"rotation": [54.05168, 53.46139, -17.4843],
							"uv": {
								"north": {"uv": [58, 57], "uv_size": [1.5, 1.5]},
								"east": {"uv": [25, 56], "uv_size": [3, 1.5]},
								"south": {"uv": [59, 7], "uv_size": [1.5, 1.5]},
								"west": {"uv": [56, 26], "uv_size": [3, 1.5]},
								"up": {"uv": [28, 56], "uv_size": [1.5, 3]},
								"down": {"uv": [30, 59], "uv_size": [1.5, -3]}
							}
						}
					]
				},
				{
					"name": "Mecha15",
					"parent": "Hairraiz",
					"pivot": [-3.57115, 35.28745, 6.0156],
					"rotation": [-172.88099, -28.2316, 31.53821],
					"cubes": [
						{
							"origin": [-2.06226, 35.695, 4.90825],
							"size": [2.91, 3.91, 4.91],
							"inflate": 0.2,
							"pivot": [-0.07691, 37.53142, 8.44313],
							"rotation": [19.05168, 53.46139, -17.4843],
							"uv": {
								"north": {"uv": [57, 9], "uv_size": [2, 2]},
								"east": {"uv": [57, 11], "uv_size": [2, 2]},
								"south": {"uv": [13, 57], "uv_size": [2, 2]},
								"west": {"uv": [15, 57], "uv_size": [2, 2]},
								"up": {"uv": [40, 57], "uv_size": [2, 2]},
								"down": {"uv": [42, 59], "uv_size": [2, -2]}
							}
						},
						{
							"origin": [-4.83702, 33.43347, 5.34913],
							"size": [2.29774, 3.29774, 2.29774],
							"inflate": 0.2,
							"pivot": [-3.68815, 35.58234, 6.498],
							"rotation": [31.55168, 53.46139, -17.4843],
							"uv": {
								"north": {"uv": [32, 58], "uv_size": [1.75, 1.75]},
								"east": {"uv": [29, 12], "uv_size": [2.75, 1.75]},
								"south": {"uv": [34, 58], "uv_size": [1.75, 1.75]},
								"west": {"uv": [41, 10], "uv_size": [2.75, 1.75]},
								"up": {"uv": [30, 38], "uv_size": [1.75, 2.75]},
								"down": {"uv": [20, 46.75], "uv_size": [1.75, -2.75]}
							}
						},
						{
							"origin": [-4.20961, 35.794, 2.80488],
							"size": [2.30472, 2.33472, 2.88672],
							"inflate": 0.2,
							"pivot": [-2.5269, 35.64258, 6.66771],
							"rotation": [54.05168, 53.46139, -17.4843],
							"uv": {
								"north": {"uv": [58, 57], "uv_size": [1.5, 1.5]},
								"east": {"uv": [25, 56], "uv_size": [3, 1.5]},
								"south": {"uv": [59, 7], "uv_size": [1.5, 1.5]},
								"west": {"uv": [56, 26], "uv_size": [3, 1.5]},
								"up": {"uv": [28, 56], "uv_size": [1.5, 3]},
								"down": {"uv": [30, 59], "uv_size": [1.5, -3]}
							}
						}
					]
				},
				{
					"name": "Mecha12",
					"parent": "Hairraiz",
					"pivot": [4.60115, 33.22745, 4.9256],
					"rotation": [-166.92358, 17.94493, 6.14838],
					"cubes": [
						{
							"origin": [0.18226, 34.635, 3.81825],
							"size": [2.91, 2.91, 2.91],
							"inflate": 0.2,
							"pivot": [1.10691, 35.47142, 7.35313],
							"rotation": [19.05168, -53.46139, 17.4843],
							"uv": {
								"north": {"uv": [59, 9], "uv_size": [-2, 2]},
								"east": {"uv": [17, 57], "uv_size": [-2, 2]},
								"south": {"uv": [15, 57], "uv_size": [-2, 2]},
								"west": {"uv": [59, 11], "uv_size": [-2, 2]},
								"up": {"uv": [42, 57], "uv_size": [-2, 2]},
								"down": {"uv": [44, 59], "uv_size": [-2, -2]}
							}
						},
						{
							"origin": [3.56928, 32.37347, 4.25913],
							"size": [2.29774, 2.29774, 2.29774],
							"inflate": 0.2,
							"pivot": [4.71815, 33.52234, 5.408],
							"rotation": [31.55168, -53.46139, 17.4843],
							"uv": {
								"north": {"uv": [33.75, 58], "uv_size": [-1.75, 1.75]},
								"east": {"uv": [43.75, 10], "uv_size": [-2.75, 1.75]},
								"south": {"uv": [35.75, 58], "uv_size": [-1.75, 1.75]},
								"west": {"uv": [31.75, 12], "uv_size": [-2.75, 1.75]},
								"up": {"uv": [31.75, 38], "uv_size": [-1.75, 2.75]},
								"down": {"uv": [21.75, 46.75], "uv_size": [-1.75, -2.75]}
							}
						},
						{
							"origin": [3.91739, 32.72158, 3.10665],
							"size": [1.60152, 1.60152, 2.42602],
							"inflate": 0.2,
							"pivot": [4.71815, 33.52234, 5.408],
							"rotation": [31.55168, -53.46139, 17.4843],
							"uv": {
								"north": {"uv": [33.75, 58], "uv_size": [-1.75, 1.75]},
								"east": {"uv": [43.75, 10], "uv_size": [-2.75, 1.75]},
								"south": {"uv": [35.75, 58], "uv_size": [-1.75, 1.75]},
								"west": {"uv": [31.75, 12], "uv_size": [-2.75, 1.75]},
								"up": {"uv": [31.75, 38], "uv_size": [-1.75, 2.75]},
								"down": {"uv": [21.75, 46.75], "uv_size": [-1.75, -2.75]}
							}
						}
					]
				},
				{
					"name": "Mecha8",
					"parent": "Hairraiz",
					"pivot": [-2.41918, 27.88613, 3.60152],
					"rotation": [-175.11936, -8.48194, -34.32011],
					"cubes": [
						{
							"origin": [-3.82914, 26.27261, 0.99147],
							"size": [2.05155, 2.29405, 2.05155],
							"inflate": 0.2,
							"pivot": [-2.4056, 26.83767, 2.64216],
							"rotation": [31.55168, 53.46139, -17.4843],
							"uv": {
								"north": {"uv": [32, 58], "uv_size": [1.75, 1.75]},
								"east": {"uv": [29, 12], "uv_size": [2.75, 1.75]},
								"south": {"uv": [34, 58], "uv_size": [1.75, 1.75]},
								"west": {"uv": [41, 10], "uv_size": [2.75, 1.75]},
								"up": {"uv": [30, 38], "uv_size": [1.75, 2.75]},
								"down": {"uv": [20, 46.75], "uv_size": [1.75, -2.75]}
							}
						},
						{
							"origin": [-3.89344, 27.74299, -0.60628],
							"size": [1.72854, 1.00104, 2.16504],
							"inflate": 0.2,
							"pivot": [-2.63141, 26.87942, 2.29084],
							"rotation": [54.05168, 53.46139, -17.4843],
							"uv": {
								"north": {"uv": [58, 57], "uv_size": [1.5, 1.5]},
								"east": {"uv": [25, 56], "uv_size": [3, 1.5]},
								"south": {"uv": [59, 7], "uv_size": [1.5, 1.5]},
								"west": {"uv": [56, 26], "uv_size": [3, 1.5]},
								"up": {"uv": [28, 56], "uv_size": [1.5, 3]},
								"down": {"uv": [30, 59], "uv_size": [1.5, -3]}
							}
						}
					]
				},
				{
					"name": "Mecha16",
					"parent": "Hairraiz",
					"pivot": [2.41918, 27.88613, 3.60152],
					"rotation": [-175.11936, 8.48194, 34.32011],
					"cubes": [
						{
							"origin": [1.77759, 26.27261, 0.99147],
							"size": [2.05155, 2.29405, 2.05155],
							"inflate": 0.2,
							"pivot": [2.4056, 26.83767, 2.64216],
							"rotation": [31.55168, -53.46139, 17.4843],
							"uv": {
								"north": {"uv": [33.75, 58], "uv_size": [-1.75, 1.75]},
								"east": {"uv": [43.75, 10], "uv_size": [-2.75, 1.75]},
								"south": {"uv": [35.75, 58], "uv_size": [-1.75, 1.75]},
								"west": {"uv": [31.75, 12], "uv_size": [-2.75, 1.75]},
								"up": {"uv": [31.75, 38], "uv_size": [-1.75, 2.75]},
								"down": {"uv": [21.75, 46.75], "uv_size": [-1.75, -2.75]}
							}
						},
						{
							"origin": [2.1649, 27.74299, -0.60628],
							"size": [1.72854, 1.00104, 2.16504],
							"inflate": 0.2,
							"pivot": [2.63141, 26.87942, 2.29084],
							"rotation": [54.05168, -53.46139, 17.4843],
							"uv": {
								"north": {"uv": [59.5, 57], "uv_size": [-1.5, 1.5]},
								"east": {"uv": [59, 26], "uv_size": [-3, 1.5]},
								"south": {"uv": [60.5, 7], "uv_size": [-1.5, 1.5]},
								"west": {"uv": [28, 56], "uv_size": [-3, 1.5]},
								"up": {"uv": [29.5, 56], "uv_size": [-1.5, 3]},
								"down": {"uv": [31.5, 59], "uv_size": [-1.5, -3]}
							}
						}
					]
				},
				{
					"name": "Mecha3",
					"parent": "Hairraiz",
					"pivot": [0.29033, 31.35389, 1.55711],
					"rotation": [53.55336, -46.82185, -147.37171],
					"cubes": [
						{
							"origin": [-3.84798, 29.27076, -4.18991],
							"size": [7.0439, 6.2952, 3.7926],
							"inflate": 0.2,
							"pivot": [-0.65519, 31.60104, 0.37009],
							"rotation": [19.05168, -53.46139, 17.4843],
							"uv": {
								"north": {"uv": [59, 9], "uv_size": [-2, 2]},
								"east": {"uv": [17, 57], "uv_size": [-2, 2]},
								"south": {"uv": [15, 57], "uv_size": [-2, 2]},
								"west": {"uv": [59, 11], "uv_size": [-2, 2]},
								"up": {"uv": [42, 57], "uv_size": [-2, 2]},
								"down": {"uv": [44, 59], "uv_size": [-2, -2]}
							}
						},
						{
							"origin": [-0.28525, 27.20406, -4.91774],
							"size": [5.81867, 6.06997, 3.52867],
							"inflate": 0.2,
							"pivot": [1.79493, 29.01017, -2.07855],
							"rotation": [31.55168, -53.46139, 17.4843],
							"uv": {
								"north": {"uv": [33.75, 58], "uv_size": [-1.75, 1.75]},
								"east": {"uv": [43.75, 10], "uv_size": [-2.75, 1.75]},
								"south": {"uv": [35.75, 58], "uv_size": [-1.75, 1.75]},
								"west": {"uv": [31.75, 12], "uv_size": [-2.75, 1.75]},
								"up": {"uv": [31.75, 38], "uv_size": [-1.75, 2.75]},
								"down": {"uv": [21.75, 46.75], "uv_size": [-1.75, -2.75]}
							}
						},
						{
							"origin": [2.2285, 28.95027, -7.06774],
							"size": [4.26309, 4.22439, 2.72387],
							"inflate": 0.2,
							"pivot": [3.03089, 29.96753, -3.08469],
							"rotation": [54.05168, -53.46139, 17.4843],
							"uv": {
								"north": {"uv": [59.5, 57], "uv_size": [-1.5, 1.5]},
								"east": {"uv": [59, 26], "uv_size": [-3, 1.5]},
								"south": {"uv": [60.5, 7], "uv_size": [-1.5, 1.5]},
								"west": {"uv": [28, 56], "uv_size": [-3, 1.5]},
								"up": {"uv": [29.5, 56], "uv_size": [-1.5, 3]},
								"down": {"uv": [31.5, 59], "uv_size": [-1.5, -3]}
							}
						},
						{
							"origin": [4.68288, 23.83424, -6.92772],
							"size": [3.46035, 3.17035, 2.71842],
							"inflate": 0.2,
							"pivot": [5.76805, 25.91942, -5.5685],
							"rotation": [64.05168, -53.46139, 17.4843],
							"uv": {
								"north": {"uv": [59.5, 57], "uv_size": [-1.5, 1.5]},
								"east": {"uv": [59, 26], "uv_size": [-3, 1.5]},
								"south": {"uv": [60.5, 7], "uv_size": [-1.5, 1.5]},
								"west": {"uv": [28, 56], "uv_size": [-3, 1.5]},
								"up": {"uv": [29.5, 56], "uv_size": [-1.5, 3]},
								"down": {"uv": [31.5, 59], "uv_size": [-1.5, -3]}
							}
						}
					]
				},
				{
					"name": "Hairraiz2",
					"parent": "Hairraiz",
					"pivot": [0, 32.87, 3.25],
					"rotation": [-107.5, 0, 0]
				},
				{
					"name": "Mecha5",
					"parent": "Hairraiz2",
					"pivot": [-1.52082, 36.28869, 1.2838],
					"rotation": [60.39876, 74.76206, -108.49959],
					"cubes": [
						{
							"origin": [-3.9757, 36.01234, 2.32652],
							"size": [2.91, 2.91, 1.94],
							"inflate": 0.2,
							"pivot": [-3.05106, 36.84876, 0.73164],
							"rotation": [-19.05168, 53.46139, 17.4843],
							"uv": {
								"north": {"uv": [13, 57], "uv_size": [2, 2]},
								"east": {"uv": [15, 57], "uv_size": [2, 2]},
								"south": {"uv": [57, 9], "uv_size": [2, 2]},
								"west": {"uv": [57, 11], "uv_size": [2, 2]},
								"up": {"uv": [42, 59], "uv_size": [-2, -2]},
								"down": {"uv": [44, 57], "uv_size": [-2, 2]}
							}
						},
						{
							"origin": [-1.8662, 34.27397, 2.21253],
							"size": [2.7354, 2.7354, 2.7354],
							"inflate": 0.2,
							"pivot": [-1.02885, 34.70406, 2.747],
							"rotation": [-31.55168, 53.46139, 17.4843],
							"uv": {
								"north": {"uv": [34, 58], "uv_size": [1.75, 1.75]},
								"east": {"uv": [41, 10], "uv_size": [2.75, 1.75]},
								"south": {"uv": [32, 58], "uv_size": [1.75, 1.75]},
								"west": {"uv": [29, 12], "uv_size": [2.75, 1.75]},
								"up": {"uv": [31.75, 40.75], "uv_size": [-1.75, -2.75]},
								"down": {"uv": [21.75, 44], "uv_size": [-1.75, 2.75]}
							}
						},
						{
							"origin": [-1.34978, 34.94114, 4.19153],
							"size": [2.30472, 2.30472, 2.88672],
							"inflate": 0.2,
							"pivot": [-0.72777, 34.75972, 3.21542],
							"rotation": [-54.05168, 53.46139, 17.4843],
							"uv": {
								"north": {"uv": [59, 7], "uv_size": [1.5, 1.5]},
								"east": {"uv": [56, 26], "uv_size": [3, 1.5]},
								"south": {"uv": [58, 57], "uv_size": [1.5, 1.5]},
								"west": {"uv": [25, 56], "uv_size": [3, 1.5]},
								"up": {"uv": [29.5, 59], "uv_size": [-1.5, -3]},
								"down": {"uv": [31.5, 56], "uv_size": [-1.5, 3]}
							}
						}
					]
				},
				{
					"name": "Mecha6",
					"parent": "Hairraiz2",
					"pivot": [0.52082, 36.28869, 0.2838],
					"rotation": [68.04118, -67.6079, 106.14377],
					"cubes": [
						{
							"origin": [0.0657, 36.01234, 1.32652],
							"size": [2.91, 2.91, 1.94],
							"inflate": 0.2,
							"pivot": [2.05106, 36.84876, -0.26836],
							"rotation": [-19.05168, -53.46139, -17.4843],
							"uv": {
								"north": {"uv": [15, 57], "uv_size": [-2, 2]},
								"east": {"uv": [59, 11], "uv_size": [-2, 2]},
								"south": {"uv": [59, 9], "uv_size": [-2, 2]},
								"west": {"uv": [17, 57], "uv_size": [-2, 2]},
								"up": {"uv": [40, 59], "uv_size": [2, -2]},
								"down": {"uv": [42, 57], "uv_size": [2, 2]}
							}
						},
						{
							"origin": [-1.8692, 34.27397, 1.21253],
							"size": [2.7354, 2.7354, 2.7354],
							"inflate": 0.2,
							"pivot": [0.02885, 34.70406, 1.747],
							"rotation": [-31.55168, -53.46139, -17.4843],
							"uv": {
								"north": {"uv": [35.75, 58], "uv_size": [-1.75, 1.75]},
								"east": {"uv": [31.75, 12], "uv_size": [-2.75, 1.75]},
								"south": {"uv": [33.75, 58], "uv_size": [-1.75, 1.75]},
								"west": {"uv": [43.75, 10], "uv_size": [-2.75, 1.75]},
								"up": {"uv": [30, 40.75], "uv_size": [1.75, -2.75]},
								"down": {"uv": [20, 44], "uv_size": [1.75, 2.75]}
							}
						},
						{
							"origin": [-1.95494, 34.94114, 3.19153],
							"size": [2.30472, 2.30472, 2.88672],
							"inflate": 0.2,
							"pivot": [-0.27223, 34.75972, 2.21542],
							"rotation": [-54.05168, -53.46139, -17.4843],
							"uv": {
								"north": {"uv": [60.5, 7], "uv_size": [-1.5, 1.5]},
								"east": {"uv": [28, 56], "uv_size": [-3, 1.5]},
								"south": {"uv": [59.5, 57], "uv_size": [-1.5, 1.5]},
								"west": {"uv": [59, 26], "uv_size": [-3, 1.5]},
								"up": {"uv": [28, 59], "uv_size": [1.5, -3]},
								"down": {"uv": [30, 56], "uv_size": [1.5, 3]}
							}
						}
					]
				},
				{
					"name": "Mecha7",
					"parent": "Hairraiz2",
					"pivot": [-2.41918, 35.31869, 2.72684],
					"rotation": [-179.46834, -32.81753, -49.30482],
					"cubes": [
						{
							"origin": [-2.8743, 34.04234, -0.25588],
							"size": [2.91, 3.91, 1.94],
							"inflate": 0.2,
							"pivot": [-0.88894, 35.87876, 3.279],
							"rotation": [19.05168, 53.46139, -17.4843],
							"uv": {
								"north": {"uv": [57, 9], "uv_size": [2, 2]},
								"east": {"uv": [57, 11], "uv_size": [2, 2]},
								"south": {"uv": [13, 57], "uv_size": [2, 2]},
								"west": {"uv": [15, 57], "uv_size": [2, 2]},
								"up": {"uv": [40, 57], "uv_size": [2, 2]},
								"down": {"uv": [42, 59], "uv_size": [2, -2]}
							}
						},
						{
							"origin": [-4.8092, 33.27397, -0.93729],
							"size": [2.7354, 2.7654, 2.7354],
							"inflate": 0.2,
							"pivot": [-2.91115, 33.73406, 1.26364],
							"rotation": [31.55168, 53.46139, -17.4843],
							"uv": {
								"north": {"uv": [32, 58], "uv_size": [1.75, 1.75]},
								"east": {"uv": [29, 12], "uv_size": [2.75, 1.75]},
								"south": {"uv": [34, 58], "uv_size": [1.75, 1.75]},
								"west": {"uv": [41, 10], "uv_size": [2.75, 1.75]},
								"up": {"uv": [30, 38], "uv_size": [1.75, 2.75]},
								"down": {"uv": [20, 46.75], "uv_size": [1.75, -2.75]}
							}
						},
						{
							"origin": [-4.89494, 33.94114, -3.06761],
							"size": [2.30472, 2.33472, 2.88672],
							"inflate": 0.2,
							"pivot": [-3.21223, 33.78972, 0.79522],
							"rotation": [54.05168, 53.46139, -17.4843],
							"uv": {
								"north": {"uv": [58, 57], "uv_size": [1.5, 1.5]},
								"east": {"uv": [25, 56], "uv_size": [3, 1.5]},
								"south": {"uv": [59, 7], "uv_size": [1.5, 1.5]},
								"west": {"uv": [56, 26], "uv_size": [3, 1.5]},
								"up": {"uv": [28, 56], "uv_size": [1.5, 3]},
								"down": {"uv": [30, 59], "uv_size": [1.5, -3]}
							}
						}
					]
				},
				{
					"name": "Mecha11",
					"parent": "Hairraiz2",
					"pivot": [2.41918, 34.31869, 4.72684],
					"rotation": [169.51434, 31.28038, 28.7051],
					"cubes": [
						{
							"origin": [-0.0357, 33.04234, 1.74412],
							"size": [2.91, 3.91, 1.94],
							"inflate": 0.2,
							"pivot": [0.88894, 34.87876, 5.279],
							"rotation": [19.05168, -53.46139, 17.4843],
							"uv": {
								"north": {"uv": [59, 9], "uv_size": [-2, 2]},
								"east": {"uv": [17, 57], "uv_size": [-2, 2]},
								"south": {"uv": [15, 57], "uv_size": [-2, 2]},
								"west": {"uv": [59, 11], "uv_size": [-2, 2]},
								"up": {"uv": [42, 57], "uv_size": [-2, 2]},
								"down": {"uv": [44, 59], "uv_size": [-2, -2]}
							}
						},
						{
							"origin": [2.0738, 32.27397, 1.06271],
							"size": [2.7354, 2.7654, 2.7354],
							"inflate": 0.2,
							"pivot": [2.91115, 32.73406, 3.26364],
							"rotation": [31.55168, -53.46139, 17.4843],
							"uv": {
								"north": {"uv": [33.75, 58], "uv_size": [-1.75, 1.75]},
								"east": {"uv": [43.75, 10], "uv_size": [-2.75, 1.75]},
								"south": {"uv": [35.75, 58], "uv_size": [-1.75, 1.75]},
								"west": {"uv": [31.75, 12], "uv_size": [-2.75, 1.75]},
								"up": {"uv": [31.75, 38], "uv_size": [-1.75, 2.75]},
								"down": {"uv": [21.75, 46.75], "uv_size": [-1.75, -2.75]}
							}
						},
						{
							"origin": [2.59022, 32.94114, -1.06761],
							"size": [2.30472, 2.33472, 2.88672],
							"inflate": 0.2,
							"pivot": [3.21223, 32.78972, 2.79522],
							"rotation": [54.05168, -53.46139, 17.4843],
							"uv": {
								"north": {"uv": [59.5, 57], "uv_size": [-1.5, 1.5]},
								"east": {"uv": [59, 26], "uv_size": [-3, 1.5]},
								"south": {"uv": [60.5, 7], "uv_size": [-1.5, 1.5]},
								"west": {"uv": [28, 56], "uv_size": [-3, 1.5]},
								"up": {"uv": [29.5, 56], "uv_size": [-1.5, 3]},
								"down": {"uv": [31.5, 59], "uv_size": [-1.5, -3]}
							}
						}
					]
				},
				{
					"name": "Mecha17",
					"parent": "Hairraiz2",
					"pivot": [5.57115, 37.75001, 5.02092],
					"rotation": [150.57642, 17.94493, -23.85162],
					"cubes": [
						{
							"origin": [1.15226, 39.15756, 3.91357],
							"size": [2.91, 2.91, 2.91],
							"inflate": 0.2,
							"pivot": [2.07691, 39.99398, 7.44845],
							"rotation": [19.05168, -53.46139, 17.4843],
							"uv": {
								"north": {"uv": [59, 9], "uv_size": [-2, 2]},
								"east": {"uv": [17, 57], "uv_size": [-2, 2]},
								"south": {"uv": [15, 57], "uv_size": [-2, 2]},
								"west": {"uv": [59, 11], "uv_size": [-2, 2]},
								"up": {"uv": [42, 57], "uv_size": [-2, 2]},
								"down": {"uv": [44, 59], "uv_size": [-2, -2]}
							}
						},
						{
							"origin": [4.53928, 36.89603, 4.35445],
							"size": [2.29774, 2.29774, 2.29774],
							"inflate": 0.2,
							"pivot": [5.68815, 38.0449, 5.50332],
							"rotation": [31.55168, -53.46139, 17.4843],
							"uv": {
								"north": {"uv": [33.75, 58], "uv_size": [-1.75, 1.75]},
								"east": {"uv": [43.75, 10], "uv_size": [-2.75, 1.75]},
								"south": {"uv": [35.75, 58], "uv_size": [-1.75, 1.75]},
								"west": {"uv": [31.75, 12], "uv_size": [-2.75, 1.75]},
								"up": {"uv": [31.75, 38], "uv_size": [-1.75, 2.75]},
								"down": {"uv": [21.75, 46.75], "uv_size": [-1.75, -2.75]}
							}
						},
						{
							"origin": [3.90489, 39.25656, 1.8102],
							"size": [2.30472, 1.33472, 2.88672],
							"inflate": 0.2,
							"pivot": [4.5269, 38.10514, 5.67303],
							"rotation": [54.05168, -53.46139, 17.4843],
							"uv": {
								"north": {"uv": [59.5, 57], "uv_size": [-1.5, 1.5]},
								"east": {"uv": [59, 26], "uv_size": [-3, 1.5]},
								"south": {"uv": [60.5, 7], "uv_size": [-1.5, 1.5]},
								"west": {"uv": [28, 56], "uv_size": [-3, 1.5]},
								"up": {"uv": [29.5, 56], "uv_size": [-1.5, 3]},
								"down": {"uv": [31.5, 59], "uv_size": [-1.5, -3]}
							}
						}
					]
				},
				{
					"name": "Mecha18",
					"parent": "Hairraiz2",
					"pivot": [-5.57115, 39.75001, 4.02092],
					"rotation": [176.09843, -26.21983, 14.0932],
					"cubes": [
						{
							"origin": [-4.06226, 40.15756, 2.91357],
							"size": [2.91, 3.91, 2.91],
							"inflate": 0.2,
							"pivot": [-2.07691, 41.99398, 6.44845],
							"rotation": [19.05168, 53.46139, -17.4843],
							"uv": {
								"north": {"uv": [57, 9], "uv_size": [2, 2]},
								"east": {"uv": [57, 11], "uv_size": [2, 2]},
								"south": {"uv": [13, 57], "uv_size": [2, 2]},
								"west": {"uv": [15, 57], "uv_size": [2, 2]},
								"up": {"uv": [40, 57], "uv_size": [2, 2]},
								"down": {"uv": [42, 59], "uv_size": [2, -2]}
							}
						},
						{
							"origin": [-6.83702, 37.89603, 3.35445],
							"size": [2.29774, 3.29774, 2.29774],
							"inflate": 0.2,
							"pivot": [-5.68815, 40.0449, 4.50332],
							"rotation": [31.55168, 53.46139, -17.4843],
							"uv": {
								"north": {"uv": [32, 58], "uv_size": [1.75, 1.75]},
								"east": {"uv": [29, 12], "uv_size": [2.75, 1.75]},
								"south": {"uv": [34, 58], "uv_size": [1.75, 1.75]},
								"west": {"uv": [41, 10], "uv_size": [2.75, 1.75]},
								"up": {"uv": [30, 38], "uv_size": [1.75, 2.75]},
								"down": {"uv": [20, 46.75], "uv_size": [1.75, -2.75]}
							}
						},
						{
							"origin": [-6.20961, 40.25656, 0.8102],
							"size": [2.30472, 2.33472, 2.88672],
							"inflate": 0.2,
							"pivot": [-4.5269, 40.10514, 4.67303],
							"rotation": [54.05168, 53.46139, -17.4843],
							"uv": {
								"north": {"uv": [58, 57], "uv_size": [1.5, 1.5]},
								"east": {"uv": [25, 56], "uv_size": [3, 1.5]},
								"south": {"uv": [59, 7], "uv_size": [1.5, 1.5]},
								"west": {"uv": [56, 26], "uv_size": [3, 1.5]},
								"up": {"uv": [28, 56], "uv_size": [1.5, 3]},
								"down": {"uv": [30, 59], "uv_size": [1.5, -3]}
							}
						}
					]
				},
				{
					"name": "Mecha19",
					"parent": "Hairraiz2",
					"pivot": [-3.57115, 39.75001, 9.02092],
					"rotation": [-172.88099, -28.2316, 31.53821],
					"cubes": [
						{
							"origin": [-2.06226, 40.15756, 7.91357],
							"size": [2.91, 3.91, 4.91],
							"inflate": 0.2,
							"pivot": [-0.07691, 41.99398, 11.44845],
							"rotation": [19.05168, 53.46139, -17.4843],
							"uv": {
								"north": {"uv": [57, 9], "uv_size": [2, 2]},
								"east": {"uv": [57, 11], "uv_size": [2, 2]},
								"south": {"uv": [13, 57], "uv_size": [2, 2]},
								"west": {"uv": [15, 57], "uv_size": [2, 2]},
								"up": {"uv": [40, 57], "uv_size": [2, 2]},
								"down": {"uv": [42, 59], "uv_size": [2, -2]}
							}
						},
						{
							"origin": [-4.83702, 37.89603, 8.35445],
							"size": [2.29774, 3.29774, 2.29774],
							"inflate": 0.2,
							"pivot": [-3.68815, 40.0449, 9.50332],
							"rotation": [31.55168, 53.46139, -17.4843],
							"uv": {
								"north": {"uv": [32, 58], "uv_size": [1.75, 1.75]},
								"east": {"uv": [29, 12], "uv_size": [2.75, 1.75]},
								"south": {"uv": [34, 58], "uv_size": [1.75, 1.75]},
								"west": {"uv": [41, 10], "uv_size": [2.75, 1.75]},
								"up": {"uv": [30, 38], "uv_size": [1.75, 2.75]},
								"down": {"uv": [20, 46.75], "uv_size": [1.75, -2.75]}
							}
						},
						{
							"origin": [-4.20961, 40.25656, 5.8102],
							"size": [2.30472, 2.33472, 2.88672],
							"inflate": 0.2,
							"pivot": [-2.5269, 40.10514, 9.67303],
							"rotation": [54.05168, 53.46139, -17.4843],
							"uv": {
								"north": {"uv": [58, 57], "uv_size": [1.5, 1.5]},
								"east": {"uv": [25, 56], "uv_size": [3, 1.5]},
								"south": {"uv": [59, 7], "uv_size": [1.5, 1.5]},
								"west": {"uv": [56, 26], "uv_size": [3, 1.5]},
								"up": {"uv": [28, 56], "uv_size": [1.5, 3]},
								"down": {"uv": [30, 59], "uv_size": [1.5, -3]}
							}
						}
					]
				},
				{
					"name": "Mecha20",
					"parent": "Hairraiz2",
					"pivot": [4.60115, 37.69001, 7.93092],
					"rotation": [-166.92358, 17.94493, 6.14838],
					"cubes": [
						{
							"origin": [0.18226, 39.09756, 6.82357],
							"size": [2.91, 2.91, 2.91],
							"inflate": 0.2,
							"pivot": [1.10691, 39.93398, 10.35845],
							"rotation": [19.05168, -53.46139, 17.4843],
							"uv": {
								"north": {"uv": [59, 9], "uv_size": [-2, 2]},
								"east": {"uv": [17, 57], "uv_size": [-2, 2]},
								"south": {"uv": [15, 57], "uv_size": [-2, 2]},
								"west": {"uv": [59, 11], "uv_size": [-2, 2]},
								"up": {"uv": [42, 57], "uv_size": [-2, 2]},
								"down": {"uv": [44, 59], "uv_size": [-2, -2]}
							}
						},
						{
							"origin": [3.56928, 36.83603, 7.26445],
							"size": [2.29774, 2.29774, 2.29774],
							"inflate": 0.2,
							"pivot": [4.71815, 37.9849, 8.41332],
							"rotation": [31.55168, -53.46139, 17.4843],
							"uv": {
								"north": {"uv": [33.75, 58], "uv_size": [-1.75, 1.75]},
								"east": {"uv": [43.75, 10], "uv_size": [-2.75, 1.75]},
								"south": {"uv": [35.75, 58], "uv_size": [-1.75, 1.75]},
								"west": {"uv": [31.75, 12], "uv_size": [-2.75, 1.75]},
								"up": {"uv": [31.75, 38], "uv_size": [-1.75, 2.75]},
								"down": {"uv": [21.75, 46.75], "uv_size": [-1.75, -2.75]}
							}
						},
						{
							"origin": [3.91739, 37.18414, 6.11197],
							"size": [1.60152, 1.60152, 2.42602],
							"inflate": 0.2,
							"pivot": [4.71815, 37.9849, 8.41332],
							"rotation": [31.55168, -53.46139, 17.4843],
							"uv": {
								"north": {"uv": [33.75, 58], "uv_size": [-1.75, 1.75]},
								"east": {"uv": [43.75, 10], "uv_size": [-2.75, 1.75]},
								"south": {"uv": [35.75, 58], "uv_size": [-1.75, 1.75]},
								"west": {"uv": [31.75, 12], "uv_size": [-2.75, 1.75]},
								"up": {"uv": [31.75, 38], "uv_size": [-1.75, 2.75]},
								"down": {"uv": [21.75, 46.75], "uv_size": [-1.75, -2.75]}
							}
						}
					]
				},
				{
					"name": "Mecha21",
					"parent": "Hairraiz2",
					"pivot": [-2.41918, 32.34869, 6.60684],
					"rotation": [-175.11936, -8.48194, -34.32011],
					"cubes": [
						{
							"origin": [-3.82914, 30.73517, 3.99679],
							"size": [2.05155, 2.29405, 2.05155],
							"inflate": 0.2,
							"pivot": [-2.4056, 31.30023, 5.64748],
							"rotation": [31.55168, 53.46139, -17.4843],
							"uv": {
								"north": {"uv": [32, 58], "uv_size": [1.75, 1.75]},
								"east": {"uv": [29, 12], "uv_size": [2.75, 1.75]},
								"south": {"uv": [34, 58], "uv_size": [1.75, 1.75]},
								"west": {"uv": [41, 10], "uv_size": [2.75, 1.75]},
								"up": {"uv": [30, 38], "uv_size": [1.75, 2.75]},
								"down": {"uv": [20, 46.75], "uv_size": [1.75, -2.75]}
							}
						},
						{
							"origin": [-3.89344, 32.20555, 2.39904],
							"size": [1.72854, 1.00104, 2.16504],
							"inflate": 0.2,
							"pivot": [-2.63141, 31.34198, 5.29616],
							"rotation": [54.05168, 53.46139, -17.4843],
							"uv": {
								"north": {"uv": [58, 57], "uv_size": [1.5, 1.5]},
								"east": {"uv": [25, 56], "uv_size": [3, 1.5]},
								"south": {"uv": [59, 7], "uv_size": [1.5, 1.5]},
								"west": {"uv": [56, 26], "uv_size": [3, 1.5]},
								"up": {"uv": [28, 56], "uv_size": [1.5, 3]},
								"down": {"uv": [30, 59], "uv_size": [1.5, -3]}
							}
						}
					]
				},
				{
					"name": "Mecha22",
					"parent": "Hairraiz2",
					"pivot": [2.41918, 32.34869, 6.60684],
					"rotation": [-175.11936, 8.48194, 34.32011],
					"cubes": [
						{
							"origin": [1.77759, 30.73517, 3.99679],
							"size": [2.05155, 2.29405, 2.05155],
							"inflate": 0.2,
							"pivot": [2.4056, 31.30023, 5.64748],
							"rotation": [31.55168, -53.46139, 17.4843],
							"uv": {
								"north": {"uv": [33.75, 58], "uv_size": [-1.75, 1.75]},
								"east": {"uv": [43.75, 10], "uv_size": [-2.75, 1.75]},
								"south": {"uv": [35.75, 58], "uv_size": [-1.75, 1.75]},
								"west": {"uv": [31.75, 12], "uv_size": [-2.75, 1.75]},
								"up": {"uv": [31.75, 38], "uv_size": [-1.75, 2.75]},
								"down": {"uv": [21.75, 46.75], "uv_size": [-1.75, -2.75]}
							}
						},
						{
							"origin": [2.1649, 32.20555, 2.39904],
							"size": [1.72854, 1.00104, 2.16504],
							"inflate": 0.2,
							"pivot": [2.63141, 31.34198, 5.29616],
							"rotation": [54.05168, -53.46139, 17.4843],
							"uv": {
								"north": {"uv": [59.5, 57], "uv_size": [-1.5, 1.5]},
								"east": {"uv": [59, 26], "uv_size": [-3, 1.5]},
								"south": {"uv": [60.5, 7], "uv_size": [-1.5, 1.5]},
								"west": {"uv": [28, 56], "uv_size": [-3, 1.5]},
								"up": {"uv": [29.5, 56], "uv_size": [-1.5, 3]},
								"down": {"uv": [31.5, 59], "uv_size": [-1.5, -3]}
							}
						}
					]
				},
				{
					"name": "Mecha23",
					"parent": "Hairraiz2",
					"pivot": [0.29033, 35.81645, 4.56243],
					"rotation": [53.55336, -46.82185, -147.37171],
					"cubes": [
						{
							"origin": [-3.84798, 32.73332, -1.18459],
							"size": [10.0439, 8.2952, 5.7926],
							"inflate": 0.2,
							"pivot": [-0.65519, 36.0636, 3.37541],
							"rotation": [19.05168, -53.46139, 17.4843],
							"uv": {
								"north": {"uv": [59, 9], "uv_size": [-2, 2]},
								"east": {"uv": [17, 57], "uv_size": [-2, 2]},
								"south": {"uv": [15, 57], "uv_size": [-2, 2]},
								"west": {"uv": [59, 11], "uv_size": [-2, 2]},
								"up": {"uv": [42, 57], "uv_size": [-2, 2]},
								"down": {"uv": [44, 59], "uv_size": [-2, -2]}
							}
						},
						{
							"origin": [-0.28525, 31.66662, -1.91242],
							"size": [5.81867, 6.06997, 3.52867],
							"inflate": 0.2,
							"pivot": [1.79493, 33.47273, 0.92677],
							"rotation": [31.55168, -53.46139, 17.4843],
							"uv": {
								"north": {"uv": [33.75, 58], "uv_size": [-1.75, 1.75]},
								"east": {"uv": [43.75, 10], "uv_size": [-2.75, 1.75]},
								"south": {"uv": [35.75, 58], "uv_size": [-1.75, 1.75]},
								"west": {"uv": [31.75, 12], "uv_size": [-2.75, 1.75]},
								"up": {"uv": [31.75, 38], "uv_size": [-1.75, 2.75]},
								"down": {"uv": [21.75, 46.75], "uv_size": [-1.75, -2.75]}
							}
						},
						{
							"origin": [2.2285, 33.41283, -4.06242],
							"size": [4.26309, 4.22439, 2.72387],
							"inflate": 0.2,
							"pivot": [3.03089, 34.43009, -0.07937],
							"rotation": [54.05168, -53.46139, 17.4843],
							"uv": {
								"north": {"uv": [59.5, 57], "uv_size": [-1.5, 1.5]},
								"east": {"uv": [59, 26], "uv_size": [-3, 1.5]},
								"south": {"uv": [60.5, 7], "uv_size": [-1.5, 1.5]},
								"west": {"uv": [28, 56], "uv_size": [-3, 1.5]},
								"up": {"uv": [29.5, 56], "uv_size": [-1.5, 3]},
								"down": {"uv": [31.5, 59], "uv_size": [-1.5, -3]}
							}
						},
						{
							"origin": [4.68288, 28.2968, -3.9224],
							"size": [3.46035, 3.17035, 2.71842],
							"inflate": 0.2,
							"pivot": [5.76805, 30.38198, -2.56318],
							"rotation": [64.05168, -53.46139, 17.4843],
							"uv": {
								"north": {"uv": [59.5, 57], "uv_size": [-1.5, 1.5]},
								"east": {"uv": [59, 26], "uv_size": [-3, 1.5]},
								"south": {"uv": [60.5, 7], "uv_size": [-1.5, 1.5]},
								"west": {"uv": [28, 56], "uv_size": [-3, 1.5]},
								"up": {"uv": [29.5, 56], "uv_size": [-1.5, 3]},
								"down": {"uv": [31.5, 59], "uv_size": [-1.5, -3]}
							}
						}
					]
				},
				{
					"name": "Hairraiz3",
					"parent": "Hairraiz2",
					"pivot": [0, 39.87, 9.75],
					"rotation": [-90, 0, 0]
				},
				{
					"name": "Mecha24",
					"parent": "Hairraiz3",
					"pivot": [1.52082, 41.28869, 12.7162],
					"rotation": [-60.39876, 74.76206, 108.49959],
					"cubes": [
						{
							"origin": [1.0657, 41.01234, 9.73348],
							"size": [2.91, 2.91, 1.94],
							"inflate": 0.2,
							"pivot": [3.05106, 41.84876, 13.26836],
							"rotation": [19.05168, 53.46139, -17.4843],
							"uv": {
								"north": {"uv": [57, 9], "uv_size": [2, 2]},
								"east": {"uv": [57, 11], "uv_size": [2, 2]},
								"south": {"uv": [13, 57], "uv_size": [2, 2]},
								"west": {"uv": [15, 57], "uv_size": [2, 2]},
								"up": {"uv": [40, 57], "uv_size": [2, 2]},
								"down": {"uv": [42, 59], "uv_size": [2, -2]}
							}
						},
						{
							"origin": [-0.8692, 39.27397, 9.05207],
							"size": [2.7354, 2.7354, 2.7354],
							"inflate": 0.2,
							"pivot": [1.02885, 39.70406, 11.253],
							"rotation": [31.55168, 53.46139, -17.4843],
							"uv": {
								"north": {"uv": [32, 58], "uv_size": [1.75, 1.75]},
								"east": {"uv": [29, 12], "uv_size": [2.75, 1.75]},
								"south": {"uv": [34, 58], "uv_size": [1.75, 1.75]},
								"west": {"uv": [41, 10], "uv_size": [2.75, 1.75]},
								"up": {"uv": [30, 38], "uv_size": [1.75, 2.75]},
								"down": {"uv": [20, 46.75], "uv_size": [1.75, -2.75]}
							}
						},
						{
							"origin": [-0.95494, 39.94114, 6.92175],
							"size": [2.30472, 2.30472, 2.88672],
							"inflate": 0.2,
							"pivot": [0.72777, 39.75972, 10.78458],
							"rotation": [54.05168, 53.46139, -17.4843],
							"uv": {
								"north": {"uv": [58, 57], "uv_size": [1.5, 1.5]},
								"east": {"uv": [25, 56], "uv_size": [3, 1.5]},
								"south": {"uv": [59, 7], "uv_size": [1.5, 1.5]},
								"west": {"uv": [56, 26], "uv_size": [3, 1.5]},
								"up": {"uv": [28, 56], "uv_size": [1.5, 3]},
								"down": {"uv": [30, 59], "uv_size": [1.5, -3]}
							}
						}
					]
				},
				{
					"name": "Mecha25",
					"parent": "Hairraiz3",
					"pivot": [-0.52082, 41.28869, 13.7162],
					"rotation": [-68.04118, -67.6079, -106.14377],
					"cubes": [
						{
							"origin": [-2.9757, 41.01234, 10.73348],
							"size": [2.91, 2.91, 1.94],
							"inflate": 0.2,
							"pivot": [-2.05106, 41.84876, 14.26836],
							"rotation": [19.05168, -53.46139, 17.4843],
							"uv": {
								"north": {"uv": [59, 9], "uv_size": [-2, 2]},
								"east": {"uv": [17, 57], "uv_size": [-2, 2]},
								"south": {"uv": [15, 57], "uv_size": [-2, 2]},
								"west": {"uv": [59, 11], "uv_size": [-2, 2]},
								"up": {"uv": [42, 57], "uv_size": [-2, 2]},
								"down": {"uv": [44, 59], "uv_size": [-2, -2]}
							}
						},
						{
							"origin": [-0.8662, 39.27397, 10.05207],
							"size": [2.7354, 2.7354, 2.7354],
							"inflate": 0.2,
							"pivot": [-0.02885, 39.70406, 12.253],
							"rotation": [31.55168, -53.46139, 17.4843],
							"uv": {
								"north": {"uv": [33.75, 58], "uv_size": [-1.75, 1.75]},
								"east": {"uv": [43.75, 10], "uv_size": [-2.75, 1.75]},
								"south": {"uv": [35.75, 58], "uv_size": [-1.75, 1.75]},
								"west": {"uv": [31.75, 12], "uv_size": [-2.75, 1.75]},
								"up": {"uv": [31.75, 38], "uv_size": [-1.75, 2.75]},
								"down": {"uv": [21.75, 46.75], "uv_size": [-1.75, -2.75]}
							}
						},
						{
							"origin": [-0.34978, 39.94114, 7.92175],
							"size": [2.30472, 2.30472, 2.88672],
							"inflate": 0.2,
							"pivot": [0.27223, 39.75972, 11.78458],
							"rotation": [54.05168, -53.46139, 17.4843],
							"uv": {
								"north": {"uv": [59.5, 57], "uv_size": [-1.5, 1.5]},
								"east": {"uv": [59, 26], "uv_size": [-3, 1.5]},
								"south": {"uv": [60.5, 7], "uv_size": [-1.5, 1.5]},
								"west": {"uv": [28, 56], "uv_size": [-3, 1.5]},
								"up": {"uv": [29.5, 56], "uv_size": [-1.5, 3]},
								"down": {"uv": [31.5, 59], "uv_size": [-1.5, -3]}
							}
						}
					]
				},
				{
					"name": "Mecha26",
					"parent": "Hairraiz3",
					"pivot": [2.41918, 40.31869, 11.27316],
					"rotation": [179.46834, -32.81753, 49.30482],
					"cubes": [
						{
							"origin": [-0.0357, 39.04234, 12.31588],
							"size": [2.91, 3.91, 1.94],
							"inflate": 0.2,
							"pivot": [0.88894, 40.87876, 10.721],
							"rotation": [-19.05168, 53.46139, 17.4843],
							"uv": {
								"north": {"uv": [13, 57], "uv_size": [2, 2]},
								"east": {"uv": [15, 57], "uv_size": [2, 2]},
								"south": {"uv": [57, 9], "uv_size": [2, 2]},
								"west": {"uv": [57, 11], "uv_size": [2, 2]},
								"up": {"uv": [42, 59], "uv_size": [-2, -2]},
								"down": {"uv": [44, 57], "uv_size": [-2, 2]}
							}
						},
						{
							"origin": [2.0738, 38.27397, 12.20189],
							"size": [2.7354, 2.7654, 2.7354],
							"inflate": 0.2,
							"pivot": [2.91115, 38.73406, 12.73636],
							"rotation": [-31.55168, 53.46139, 17.4843],
							"uv": {
								"north": {"uv": [34, 58], "uv_size": [1.75, 1.75]},
								"east": {"uv": [41, 10], "uv_size": [2.75, 1.75]},
								"south": {"uv": [32, 58], "uv_size": [1.75, 1.75]},
								"west": {"uv": [29, 12], "uv_size": [2.75, 1.75]},
								"up": {"uv": [31.75, 40.75], "uv_size": [-1.75, -2.75]},
								"down": {"uv": [21.75, 44], "uv_size": [-1.75, 2.75]}
							}
						},
						{
							"origin": [2.59022, 38.94114, 14.18089],
							"size": [2.30472, 2.33472, 2.88672],
							"inflate": 0.2,
							"pivot": [3.21223, 38.78972, 13.20478],
							"rotation": [-54.05168, 53.46139, 17.4843],
							"uv": {
								"north": {"uv": [59, 7], "uv_size": [1.5, 1.5]},
								"east": {"uv": [56, 26], "uv_size": [3, 1.5]},
								"south": {"uv": [58, 57], "uv_size": [1.5, 1.5]},
								"west": {"uv": [25, 56], "uv_size": [3, 1.5]},
								"up": {"uv": [29.5, 59], "uv_size": [-1.5, -3]},
								"down": {"uv": [31.5, 56], "uv_size": [-1.5, 3]}
							}
						}
					]
				},
				{
					"name": "Mecha27",
					"parent": "Hairraiz3",
					"pivot": [-2.41918, 39.31869, 9.27316],
					"rotation": [-169.51434, 31.28038, -28.7051],
					"cubes": [
						{
							"origin": [-2.8743, 38.04234, 10.31588],
							"size": [2.91, 3.91, 1.94],
							"inflate": 0.2,
							"pivot": [-0.88894, 39.87876, 8.721],
							"rotation": [-19.05168, -53.46139, -17.4843],
							"uv": {
								"north": {"uv": [15, 57], "uv_size": [-2, 2]},
								"east": {"uv": [59, 11], "uv_size": [-2, 2]},
								"south": {"uv": [59, 9], "uv_size": [-2, 2]},
								"west": {"uv": [17, 57], "uv_size": [-2, 2]},
								"up": {"uv": [40, 59], "uv_size": [2, -2]},
								"down": {"uv": [42, 57], "uv_size": [2, 2]}
							}
						},
						{
							"origin": [-4.8092, 37.27397, 10.20189],
							"size": [2.7354, 2.7654, 2.7354],
							"inflate": 0.2,
							"pivot": [-2.91115, 37.73406, 10.73636],
							"rotation": [-31.55168, -53.46139, -17.4843],
							"uv": {
								"north": {"uv": [35.75, 58], "uv_size": [-1.75, 1.75]},
								"east": {"uv": [31.75, 12], "uv_size": [-2.75, 1.75]},
								"south": {"uv": [33.75, 58], "uv_size": [-1.75, 1.75]},
								"west": {"uv": [43.75, 10], "uv_size": [-2.75, 1.75]},
								"up": {"uv": [30, 40.75], "uv_size": [1.75, -2.75]},
								"down": {"uv": [20, 44], "uv_size": [1.75, 2.75]}
							}
						},
						{
							"origin": [-4.89494, 37.94114, 12.18089],
							"size": [2.30472, 2.33472, 2.88672],
							"inflate": 0.2,
							"pivot": [-3.21223, 37.78972, 11.20478],
							"rotation": [-54.05168, -53.46139, -17.4843],
							"uv": {
								"north": {"uv": [60.5, 7], "uv_size": [-1.5, 1.5]},
								"east": {"uv": [28, 56], "uv_size": [-3, 1.5]},
								"south": {"uv": [59.5, 57], "uv_size": [-1.5, 1.5]},
								"west": {"uv": [59, 26], "uv_size": [-3, 1.5]},
								"up": {"uv": [28, 59], "uv_size": [1.5, -3]},
								"down": {"uv": [30, 56], "uv_size": [1.5, 3]}
							}
						}
					]
				},
				{
					"name": "Mecha28",
					"parent": "Hairraiz3",
					"pivot": [-5.57115, 42.75001, 8.97908],
					"rotation": [-150.57642, 17.94493, 23.85162],
					"cubes": [
						{
							"origin": [-4.06226, 44.15756, 7.17643],
							"size": [2.91, 2.91, 2.91],
							"inflate": 0.2,
							"pivot": [-2.07691, 44.99398, 6.55155],
							"rotation": [-19.05168, -53.46139, -17.4843],
							"uv": {
								"north": {"uv": [15, 57], "uv_size": [-2, 2]},
								"east": {"uv": [59, 11], "uv_size": [-2, 2]},
								"south": {"uv": [59, 9], "uv_size": [-2, 2]},
								"west": {"uv": [17, 57], "uv_size": [-2, 2]},
								"up": {"uv": [40, 59], "uv_size": [2, -2]},
								"down": {"uv": [42, 57], "uv_size": [2, 2]}
							}
						},
						{
							"origin": [-6.83702, 41.89603, 7.34781],
							"size": [2.29774, 2.29774, 2.29774],
							"inflate": 0.2,
							"pivot": [-5.68815, 43.0449, 8.49668],
							"rotation": [-31.55168, -53.46139, -17.4843],
							"uv": {
								"north": {"uv": [35.75, 58], "uv_size": [-1.75, 1.75]},
								"east": {"uv": [31.75, 12], "uv_size": [-2.75, 1.75]},
								"south": {"uv": [33.75, 58], "uv_size": [-1.75, 1.75]},
								"west": {"uv": [43.75, 10], "uv_size": [-2.75, 1.75]},
								"up": {"uv": [30, 40.75], "uv_size": [1.75, -2.75]},
								"down": {"uv": [20, 44], "uv_size": [1.75, 2.75]}
							}
						},
						{
							"origin": [-6.20961, 44.25656, 9.30308],
							"size": [2.30472, 1.33472, 2.88672],
							"inflate": 0.2,
							"pivot": [-4.5269, 43.10514, 8.32697],
							"rotation": [-54.05168, -53.46139, -17.4843],
							"uv": {
								"north": {"uv": [60.5, 7], "uv_size": [-1.5, 1.5]},
								"east": {"uv": [28, 56], "uv_size": [-3, 1.5]},
								"south": {"uv": [59.5, 57], "uv_size": [-1.5, 1.5]},
								"west": {"uv": [59, 26], "uv_size": [-3, 1.5]},
								"up": {"uv": [28, 59], "uv_size": [1.5, -3]},
								"down": {"uv": [30, 56], "uv_size": [1.5, 3]}
							}
						}
					]
				},
				{
					"name": "Mecha29",
					"parent": "Hairraiz3",
					"pivot": [5.57115, 44.75001, 9.97908],
					"rotation": [-176.09843, -26.21983, -14.0932],
					"cubes": [
						{
							"origin": [1.15226, 45.15756, 8.17643],
							"size": [2.91, 3.91, 2.91],
							"inflate": 0.2,
							"pivot": [2.07691, 46.99398, 7.55155],
							"rotation": [-19.05168, 53.46139, 17.4843],
							"uv": {
								"north": {"uv": [13, 57], "uv_size": [2, 2]},
								"east": {"uv": [15, 57], "uv_size": [2, 2]},
								"south": {"uv": [57, 9], "uv_size": [2, 2]},
								"west": {"uv": [57, 11], "uv_size": [2, 2]},
								"up": {"uv": [42, 59], "uv_size": [-2, -2]},
								"down": {"uv": [44, 57], "uv_size": [-2, 2]}
							}
						},
						{
							"origin": [4.53928, 42.89603, 8.34781],
							"size": [2.29774, 3.29774, 2.29774],
							"inflate": 0.2,
							"pivot": [5.68815, 45.0449, 9.49668],
							"rotation": [-31.55168, 53.46139, 17.4843],
							"uv": {
								"north": {"uv": [34, 58], "uv_size": [1.75, 1.75]},
								"east": {"uv": [41, 10], "uv_size": [2.75, 1.75]},
								"south": {"uv": [32, 58], "uv_size": [1.75, 1.75]},
								"west": {"uv": [29, 12], "uv_size": [2.75, 1.75]},
								"up": {"uv": [31.75, 40.75], "uv_size": [-1.75, -2.75]},
								"down": {"uv": [21.75, 44], "uv_size": [-1.75, 2.75]}
							}
						},
						{
							"origin": [3.90489, 45.25656, 10.30308],
							"size": [2.30472, 2.33472, 2.88672],
							"inflate": 0.2,
							"pivot": [4.5269, 45.10514, 9.32697],
							"rotation": [-54.05168, 53.46139, 17.4843],
							"uv": {
								"north": {"uv": [59, 7], "uv_size": [1.5, 1.5]},
								"east": {"uv": [56, 26], "uv_size": [3, 1.5]},
								"south": {"uv": [58, 57], "uv_size": [1.5, 1.5]},
								"west": {"uv": [25, 56], "uv_size": [3, 1.5]},
								"up": {"uv": [29.5, 59], "uv_size": [-1.5, -3]},
								"down": {"uv": [31.5, 56], "uv_size": [-1.5, 3]}
							}
						}
					]
				},
				{
					"name": "Mecha30",
					"parent": "Hairraiz3",
					"pivot": [3.57115, 44.75001, 4.97908],
					"rotation": [172.88099, -28.2316, -31.53821],
					"cubes": [
						{
							"origin": [-0.84774, 45.15756, 1.17643],
							"size": [2.91, 3.91, 4.91],
							"inflate": 0.2,
							"pivot": [0.07691, 46.99398, 2.55155],
							"rotation": [-19.05168, 53.46139, 17.4843],
							"uv": {
								"north": {"uv": [13, 57], "uv_size": [2, 2]},
								"east": {"uv": [15, 57], "uv_size": [2, 2]},
								"south": {"uv": [57, 9], "uv_size": [2, 2]},
								"west": {"uv": [57, 11], "uv_size": [2, 2]},
								"up": {"uv": [42, 59], "uv_size": [-2, -2]},
								"down": {"uv": [44, 57], "uv_size": [-2, 2]}
							}
						},
						{
							"origin": [2.53928, 42.89603, 3.34781],
							"size": [2.29774, 3.29774, 2.29774],
							"inflate": 0.2,
							"pivot": [3.68815, 45.0449, 4.49668],
							"rotation": [-31.55168, 53.46139, 17.4843],
							"uv": {
								"north": {"uv": [34, 58], "uv_size": [1.75, 1.75]},
								"east": {"uv": [41, 10], "uv_size": [2.75, 1.75]},
								"south": {"uv": [32, 58], "uv_size": [1.75, 1.75]},
								"west": {"uv": [29, 12], "uv_size": [2.75, 1.75]},
								"up": {"uv": [31.75, 40.75], "uv_size": [-1.75, -2.75]},
								"down": {"uv": [21.75, 44], "uv_size": [-1.75, 2.75]}
							}
						},
						{
							"origin": [1.90489, 45.25656, 5.30308],
							"size": [2.30472, 2.33472, 2.88672],
							"inflate": 0.2,
							"pivot": [2.5269, 45.10514, 4.32697],
							"rotation": [-54.05168, 53.46139, 17.4843],
							"uv": {
								"north": {"uv": [59, 7], "uv_size": [1.5, 1.5]},
								"east": {"uv": [56, 26], "uv_size": [3, 1.5]},
								"south": {"uv": [58, 57], "uv_size": [1.5, 1.5]},
								"west": {"uv": [25, 56], "uv_size": [3, 1.5]},
								"up": {"uv": [29.5, 59], "uv_size": [-1.5, -3]},
								"down": {"uv": [31.5, 56], "uv_size": [-1.5, 3]}
							}
						}
					]
				},
				{
					"name": "Mecha31",
					"parent": "Hairraiz3",
					"pivot": [-4.60115, 42.69001, 6.06908],
					"rotation": [166.92358, 17.94493, -6.14838],
					"cubes": [
						{
							"origin": [-3.09226, 44.09756, 4.26643],
							"size": [2.91, 2.91, 2.91],
							"inflate": 0.2,
							"pivot": [-1.10691, 44.93398, 3.64155],
							"rotation": [-19.05168, -53.46139, -17.4843],
							"uv": {
								"north": {"uv": [15, 57], "uv_size": [-2, 2]},
								"east": {"uv": [59, 11], "uv_size": [-2, 2]},
								"south": {"uv": [59, 9], "uv_size": [-2, 2]},
								"west": {"uv": [17, 57], "uv_size": [-2, 2]},
								"up": {"uv": [40, 59], "uv_size": [2, -2]},
								"down": {"uv": [42, 57], "uv_size": [2, 2]}
							}
						},
						{
							"origin": [-5.86702, 41.83603, 4.43781],
							"size": [2.29774, 2.29774, 2.29774],
							"inflate": 0.2,
							"pivot": [-4.71815, 42.9849, 5.58668],
							"rotation": [-31.55168, -53.46139, -17.4843],
							"uv": {
								"north": {"uv": [35.75, 58], "uv_size": [-1.75, 1.75]},
								"east": {"uv": [31.75, 12], "uv_size": [-2.75, 1.75]},
								"south": {"uv": [33.75, 58], "uv_size": [-1.75, 1.75]},
								"west": {"uv": [43.75, 10], "uv_size": [-2.75, 1.75]},
								"up": {"uv": [30, 40.75], "uv_size": [1.75, -2.75]},
								"down": {"uv": [20, 44], "uv_size": [1.75, 2.75]}
							}
						},
						{
							"origin": [-5.51891, 42.18414, 5.46201],
							"size": [1.60152, 1.60152, 2.42602],
							"inflate": 0.2,
							"pivot": [-4.71815, 42.9849, 5.58668],
							"rotation": [-31.55168, -53.46139, -17.4843],
							"uv": {
								"north": {"uv": [35.75, 58], "uv_size": [-1.75, 1.75]},
								"east": {"uv": [31.75, 12], "uv_size": [-2.75, 1.75]},
								"south": {"uv": [33.75, 58], "uv_size": [-1.75, 1.75]},
								"west": {"uv": [43.75, 10], "uv_size": [-2.75, 1.75]},
								"up": {"uv": [30, 40.75], "uv_size": [1.75, -2.75]},
								"down": {"uv": [20, 44], "uv_size": [1.75, 2.75]}
							}
						}
					]
				},
				{
					"name": "Mecha32",
					"parent": "Hairraiz3",
					"pivot": [2.41918, 37.34869, 7.39316],
					"rotation": [175.11936, -8.48194, 34.32011],
					"cubes": [
						{
							"origin": [1.77759, 35.73517, 7.95166],
							"size": [2.05155, 2.29405, 2.05155],
							"inflate": 0.2,
							"pivot": [2.4056, 36.30023, 8.35252],
							"rotation": [-31.55168, 53.46139, 17.4843],
							"uv": {
								"north": {"uv": [34, 58], "uv_size": [1.75, 1.75]},
								"east": {"uv": [41, 10], "uv_size": [2.75, 1.75]},
								"south": {"uv": [32, 58], "uv_size": [1.75, 1.75]},
								"west": {"uv": [29, 12], "uv_size": [2.75, 1.75]},
								"up": {"uv": [31.75, 40.75], "uv_size": [-1.75, -2.75]},
								"down": {"uv": [21.75, 44], "uv_size": [-1.75, 2.75]}
							}
						},
						{
							"origin": [2.1649, 37.20555, 9.43592],
							"size": [1.72854, 1.00104, 2.16504],
							"inflate": 0.2,
							"pivot": [2.63141, 36.34198, 8.70384],
							"rotation": [-54.05168, 53.46139, 17.4843],
							"uv": {
								"north": {"uv": [59, 7], "uv_size": [1.5, 1.5]},
								"east": {"uv": [56, 26], "uv_size": [3, 1.5]},
								"south": {"uv": [58, 57], "uv_size": [1.5, 1.5]},
								"west": {"uv": [25, 56], "uv_size": [3, 1.5]},
								"up": {"uv": [29.5, 59], "uv_size": [-1.5, -3]},
								"down": {"uv": [31.5, 56], "uv_size": [-1.5, 3]}
							}
						}
					]
				},
				{
					"name": "Mecha33",
					"parent": "Hairraiz3",
					"pivot": [-0.41918, 36.34869, 8.39316],
					"rotation": [175.11936, 8.48194, -34.32011],
					"cubes": [
						{
							"origin": [-1.82914, 34.73517, 8.95166],
							"size": [2.05155, 2.29405, 2.05155],
							"inflate": 0.2,
							"pivot": [-0.4056, 35.30023, 9.35252],
							"rotation": [-31.55168, -53.46139, -17.4843],
							"uv": {
								"north": {"uv": [35.75, 58], "uv_size": [-1.75, 1.75]},
								"east": {"uv": [31.75, 12], "uv_size": [-2.75, 1.75]},
								"south": {"uv": [33.75, 58], "uv_size": [-1.75, 1.75]},
								"west": {"uv": [43.75, 10], "uv_size": [-2.75, 1.75]},
								"up": {"uv": [30, 40.75], "uv_size": [1.75, -2.75]},
								"down": {"uv": [20, 44], "uv_size": [1.75, 2.75]}
							}
						},
						{
							"origin": [-1.89344, 36.20555, 10.43592],
							"size": [1.72854, 1.00104, 2.16504],
							"inflate": 0.2,
							"pivot": [-0.63141, 35.34198, 9.70384],
							"rotation": [-54.05168, -53.46139, -17.4843],
							"uv": {
								"north": {"uv": [60.5, 7], "uv_size": [-1.5, 1.5]},
								"east": {"uv": [28, 56], "uv_size": [-3, 1.5]},
								"south": {"uv": [59.5, 57], "uv_size": [-1.5, 1.5]},
								"west": {"uv": [59, 26], "uv_size": [-3, 1.5]},
								"up": {"uv": [28, 59], "uv_size": [1.5, -3]},
								"down": {"uv": [30, 56], "uv_size": [1.5, 3]}
							}
						}
					]
				},
				{
					"name": "Mecha34",
					"parent": "Hairraiz3",
					"pivot": [-0.29033, 40.81645, 9.43757],
					"rotation": [-53.55336, -46.82185, 147.37171],
					"cubes": [
						{
							"origin": [-3.19592, 38.73332, 7.39199],
							"size": [7.0439, 6.2952, 7.7926],
							"inflate": 0.2,
							"pivot": [0.65519, 41.0636, 10.62459],
							"rotation": [-19.05168, -53.46139, -17.4843],
							"uv": {
								"north": {"uv": [15, 57], "uv_size": [-2, 2]},
								"east": {"uv": [59, 11], "uv_size": [-2, 2]},
								"south": {"uv": [59, 9], "uv_size": [-2, 2]},
								"west": {"uv": [17, 57], "uv_size": [-2, 2]},
								"up": {"uv": [40, 59], "uv_size": [2, -2]},
								"down": {"uv": [42, 57], "uv_size": [2, 2]}
							}
						},
						{
							"origin": [-5.53342, 36.66662, 12.38375],
							"size": [5.81867, 6.06997, 3.52867],
							"inflate": 0.2,
							"pivot": [-1.79493, 38.47273, 13.07323],
							"rotation": [-31.55168, -53.46139, -17.4843],
							"uv": {
								"north": {"uv": [35.75, 58], "uv_size": [-1.75, 1.75]},
								"east": {"uv": [31.75, 12], "uv_size": [-2.75, 1.75]},
								"south": {"uv": [33.75, 58], "uv_size": [-1.75, 1.75]},
								"west": {"uv": [43.75, 10], "uv_size": [-2.75, 1.75]},
								"up": {"uv": [30, 40.75], "uv_size": [1.75, -2.75]},
								"down": {"uv": [20, 44], "uv_size": [1.75, 2.75]}
							}
						},
						{
							"origin": [-6.49159, 38.41283, 15.33855],
							"size": [4.26309, 4.22439, 2.72387],
							"inflate": 0.2,
							"pivot": [-3.03089, 39.43009, 14.07937],
							"rotation": [-54.05168, -53.46139, -17.4843],
							"uv": {
								"north": {"uv": [60.5, 7], "uv_size": [-1.5, 1.5]},
								"east": {"uv": [28, 56], "uv_size": [-3, 1.5]},
								"south": {"uv": [59.5, 57], "uv_size": [-1.5, 1.5]},
								"west": {"uv": [59, 26], "uv_size": [-3, 1.5]},
								"up": {"uv": [28, 59], "uv_size": [1.5, -3]},
								"down": {"uv": [30, 56], "uv_size": [1.5, 3]}
							}
						},
						{
							"origin": [-8.14323, 33.2968, 15.20398],
							"size": [3.46035, 3.17035, 2.71842],
							"inflate": 0.2,
							"pivot": [-5.76805, 35.38198, 16.56318],
							"rotation": [-64.05168, -53.46139, -17.4843],
							"uv": {
								"north": {"uv": [60.5, 7], "uv_size": [-1.5, 1.5]},
								"east": {"uv": [28, 56], "uv_size": [-3, 1.5]},
								"south": {"uv": [59.5, 57], "uv_size": [-1.5, 1.5]},
								"west": {"uv": [59, 26], "uv_size": [-3, 1.5]},
								"up": {"uv": [28, 59], "uv_size": [1.5, -3]},
								"down": {"uv": [30, 56], "uv_size": [1.5, 3]}
							}
						}
					]
				}
			]
		}
	]
}