{
	"format_version": "1.12.0",
	"minecraft:geometry": [
		{
			"description": {
				"identifier": "geometry.itadorioutline2",
				"texture_width": 64,
				"texture_height": 64,
				"visible_bounds_width": 3,
				"visible_bounds_height": 3.5,
				"visible_bounds_offset": [0, 1.25, 0]
			},
			"bones": [
				{
					"name": "Tudo",
					"pivot": [0, 12.72, 0]
				},
				{
					"name": "Corpo",
					"parent": "Tudo",
					"pivot": [0, 24.60557, 0],
					"cubes": [
						{
							"origin": [-4.10093, 12.30278, -2.05046],
							"size": [8.20186, 12.30278, 4.10093],
							"inflate": 0.4,
							"uv": {
								"north": {"uv": [0, 0], "uv_size": [8.25, 12.25]},
								"east": {"uv": [16, 19], "uv_size": [4, 12.25]},
								"south": {"uv": [9, 0], "uv_size": [8.25, 12.25]},
								"west": {"uv": [0, 20], "uv_size": [4, 12.25]},
								"up": {"uv": [43, 37], "uv_size": [8.25, 4]},
								"down": {"uv": [19, 49], "uv_size": [8.25, -4]}
							}
						},
						{
							"origin": [-4.10093, 21.69201, -3.14821],
							"size": [8.20186, 3.30278, 7.10093],
							"inflate": 0.4,
							"pivot": [0, 23.8434, -0.09774],
							"rotation": [2.5, 0, 0],
							"uv": {
								"north": {"uv": [46, 41], "uv_size": [8.25, 3.25]},
								"east": {"uv": [37, 7], "uv_size": [6, 3.25]},
								"south": {"uv": [46, 45], "uv_size": [8.25, 3.25]},
								"west": {"uv": [49, 21], "uv_size": [6, 3.25]},
								"up": {"uv": [16, 13], "uv_size": [8.25, 6]},
								"down": {"uv": [18, 6], "uv_size": [8.25, -6]}
							}
						}
					],
					"locators": {
						"aura": [0, 19, 0]
					}
				},
				{
					"name": "rightBraco",
					"parent": "Corpo",
					"pivot": [-5.12616, 22.5551, 0],
					"cubes": [
						{
							"origin": [-8.20186, 12.30278, -2.05046],
							"size": [4.10093, 12.30278, 4.10093],
							"inflate": 0.4,
							"uv": {
								"north": {"uv": [4, 20], "uv_size": [4, 12.25]},
								"east": {"uv": [8, 20], "uv_size": [4, 12.25]},
								"south": {"uv": [12, 20], "uv_size": [4, 12.25]},
								"west": {"uv": [20, 19], "uv_size": [4, 12.25]},
								"up": {"uv": [43, 49], "uv_size": [4, 4]},
								"down": {"uv": [47, 53], "uv_size": [4, -4]}
							}
						}
					]
				},
				{
					"name": "leftBraco",
					"parent": "Corpo",
					"pivot": [5.12616, 22.5551, 0],
					"cubes": [
						{
							"origin": [4.10093, 12.30278, -2.05046],
							"size": [4.10093, 12.30278, 4.10093],
							"inflate": 0.4,
							"uv": {
								"north": {"uv": [24, 19], "uv_size": [4, 12.25]},
								"east": {"uv": [25, 6], "uv_size": [4, 12.25]},
								"south": {"uv": [28, 19], "uv_size": [4, 12.25]},
								"west": {"uv": [29, 0], "uv_size": [4, 12.25]},
								"up": {"uv": [0, 50], "uv_size": [4, 4]},
								"down": {"uv": [4, 54], "uv_size": [4, -4]}
							}
						}
					]
				},
				{
					"name": "rightPerna",
					"parent": "Corpo",
					"pivot": [-1.94794, 12.30278, 0],
					"cubes": [
						{
							"origin": [-3.9984, 0, -2.05046],
							"size": [4.10093, 12.30278, 4.10093],
							"inflate": 0.4,
							"uv": {
								"north": {"uv": [32, 13], "uv_size": [4, 12.25]},
								"east": {"uv": [16, 32], "uv_size": [4, 12.25]},
								"south": {"uv": [20, 32], "uv_size": [4, 12.25]},
								"west": {"uv": [24, 32], "uv_size": [4, 12.25]},
								"up": {"uv": [50, 6], "uv_size": [4, 4]},
								"down": {"uv": [50, 14], "uv_size": [4, -4]}
							}
						},
						{
							"origin": [-4.10093, -0.10252, -2.17349],
							"size": [4.34698, 2.6656, 4.34698],
							"inflate": 0.4,
							"uv": {
								"north": {"uv": [26, 51], "uv_size": [4.25, 2.75]},
								"east": {"uv": [31, 51], "uv_size": [4.25, 2.75]},
								"south": {"uv": [36, 51], "uv_size": [4.25, 2.75]},
								"west": {"uv": [51, 49], "uv_size": [4.25, 2.75]},
								"up": {"uv": [11, 33], "uv_size": [4.25, 4.25]},
								"down": {"uv": [11, 42.25], "uv_size": [4.25, -4.25]}
							}
						}
					]
				},
				{
					"name": "leftPerna",
					"parent": "Corpo",
					"pivot": [1.94794, 12.30278, 0],
					"cubes": [
						{
							"origin": [-0.10253, 0, -2.05046],
							"size": [4.10093, 12.30278, 4.10093],
							"inflate": 0.4,
							"uv": {
								"north": {"uv": [32, 26], "uv_size": [4, 12.25]},
								"east": {"uv": [28, 32], "uv_size": [4, 12.25]},
								"south": {"uv": [0, 33], "uv_size": [4, 12.25]},
								"west": {"uv": [33, 0], "uv_size": [4, 12.25]},
								"up": {"uv": [50, 14], "uv_size": [4, 4]},
								"down": {"uv": [8, 55], "uv_size": [4, -4]}
							}
						},
						{
							"origin": [-0.24605, -0.10252, -2.17349],
							"size": [4.34698, 2.6656, 4.34698],
							"inflate": 0.4,
							"uv": {
								"north": {"uv": [52, 0], "uv_size": [4.25, 2.75]},
								"east": {"uv": [52, 3], "uv_size": [4.25, 2.75]},
								"south": {"uv": [18, 52], "uv_size": [4.25, 2.75]},
								"west": {"uv": [52, 37], "uv_size": [4.25, 2.75]},
								"up": {"uv": [49, 25], "uv_size": [4.25, 4.25]},
								"down": {"uv": [49, 34.25], "uv_size": [4.25, -4.25]}
							}
						}
					]
				},
				{
					"name": "head",
					"parent": "Corpo",
					"pivot": [0, 24.12, 0],
					"cubes": [
						{
							"origin": [-3.52, 24.12, -3.52],
							"size": [7.04, 7.04, 7.04],
							"inflate": 0.4,
							"uv": {
								"north": {"uv": [18, 6], "uv_size": [7, 7]},
								"east": {"uv": [4, 33], "uv_size": [7, 7]},
								"south": {"uv": [36, 13], "uv_size": [7, 7]},
								"west": {"uv": [36, 20], "uv_size": [7, 7]},
								"up": {"uv": [36, 27], "uv_size": [7, 7]},
								"down": {"uv": [36, 41], "uv_size": [7, -7]}
							}
						}
					]
				},
				{
					"name": "Face",
					"parent": "head",
					"pivot": [0, 27.64, -2.6],
					"cubes": [
						{
							"origin": [-3.52, 24.12, -2.6],
							"size": [7.04, 7.04, 0],
							"inflate": 0.4,
							"uv": {
								"north": {"uv": [37, 0], "uv_size": [7, 7]},
								"east": {"uv": [0, 0], "uv_size": [0, 7]},
								"south": {"uv": [44, 0], "uv_size": [-7, 7]},
								"west": {"uv": [0, 0], "uv_size": [0, 7]},
								"up": {"uv": [0, 0], "uv_size": [7, 0]},
								"down": {"uv": [0, 0], "uv_size": [7, 0]}
							}
						}
					]
				},
				{
					"name": "Face3",
					"parent": "head",
					"pivot": [0, 27.64, -2.6],
					"cubes": [
						{
							"origin": [-3.52, 24.12, -2.6],
							"size": [7.04, 7.04, 0],
							"inflate": 0.4,
							"uv": {
								"north": {"uv": [43, 7], "uv_size": [7, 7]},
								"east": {"uv": [0, 0], "uv_size": [0, 7]},
								"south": {"uv": [50, 7], "uv_size": [-7, 7]},
								"west": {"uv": [0, 0], "uv_size": [0, 7]},
								"up": {"uv": [0, 0], "uv_size": [7, 0]},
								"down": {"uv": [0, 0], "uv_size": [7, 0]}
							}
						}
					]
				}
			]
		}
	]
}