{
	"format_version": "1.12.0",
	"minecraft:geometry": [
		{
			"description": {
				"identifier": "geometry.muikameoutline",
				"texture_width": 1024,
				"texture_height": 1024,
				"visible_bounds_width": 135,
				"visible_bounds_height": 11,
				"visible_bounds_offset": [0, 2.5, 0]
			},
			"bones": [
				{
					"name": "Kamehameha",
					"pivot": [-0.66667, 26, -8.33333],
					"cubes": [
						{
							"origin": [-34, -8, -931],
							"size": [67, 68, 874],
							"inflate": 0.6,
							"uv": {
								"north": {"uv": [524, 136], "uv_size": [67, 68]},
								"east": {"uv": [0, 0], "uv_size": [874, 68]},
								"south": {"uv": [524, 204], "uv_size": [67, 68]},
								"west": {"uv": [0, 68], "uv_size": [874, 68]},
								"up": {"uv": [0, 136], "uv_size": [67, 874]},
								"down": {"uv": [67, 1010], "uv_size": [67, -874]}
							}
						},
						{
							"origin": [-50, -31, -1084],
							"size": [100, 111, 390],
							"inflate": 0.6,
							"uv": {
								"north": {"uv": [761, 731], "uv_size": [100, 111]},
								"east": {"uv": [134, 136], "uv_size": [390, 111]},
								"south": {"uv": [259, 799], "uv_size": [100, 111]},
								"west": {"uv": [134, 247], "uv_size": [390, 111]},
								"up": {"uv": [134, 358], "uv_size": [100, 390]},
								"down": {"uv": [234, 748], "uv_size": [100, -390]}
							}
						},
						{
							"origin": [-61, -43, -1068],
							"size": [125, 140, 271],
							"inflate": 0.6,
							"uv": {
								"north": {"uv": [134, 748], "uv_size": [125, 140]},
								"east": {"uv": [334, 358], "uv_size": [271, 140]},
								"south": {"uv": [761, 591], "uv_size": [125, 140]},
								"west": {"uv": [334, 498], "uv_size": [271, 140]},
								"up": {"uv": [605, 136], "uv_size": [125, 271]},
								"down": {"uv": [605, 678], "uv_size": [125, -271]}
							}
						},
						{
							"origin": [-65, -52, -1036],
							"size": [133, 161, 147],
							"inflate": 0.6,
							"uv": {
								"north": {"uv": [628, 678], "uv_size": [133, 161]},
								"east": {"uv": [334, 638], "uv_size": [147, 161]},
								"south": {"uv": [730, 136], "uv_size": [133, 161]},
								"west": {"uv": [481, 678], "uv_size": [147, 161]},
								"up": {"uv": [730, 297], "uv_size": [133, 147]},
								"down": {"uv": [730, 591], "uv_size": [133, -147]}
							}
						},
						{
							"origin": [-30, -6, -63],
							"size": [59, 64, 39],
							"inflate": 0.6,
							"uv": {
								"north": {"uv": [524, 272], "uv_size": [59, 64]},
								"east": {"uv": [518, 839], "uv_size": [39, 64]},
								"south": {"uv": [359, 799], "uv_size": [59, 64]},
								"west": {"uv": [557, 839], "uv_size": [39, 64]},
								"up": {"uv": [481, 638], "uv_size": [59, 39]},
								"down": {"uv": [540, 677], "uv_size": [59, -39]}
							}
						},
						{
							"origin": [-26, -3, -28],
							"size": [50, 58, 21],
							"inflate": 0.6,
							"uv": {
								"north": {"uv": [418, 799], "uv_size": [50, 58]},
								"east": {"uv": [583, 272], "uv_size": [21, 58]},
								"south": {"uv": [468, 839], "uv_size": [50, 58]},
								"west": {"uv": [730, 591], "uv_size": [21, 58]},
								"up": {"uv": [524, 336], "uv_size": [50, 21]},
								"down": {"uv": [259, 769], "uv_size": [50, -21]}
							}
						}
					]
				}
			]
		}
	]
}











