{
	"format_version": "1.12.0",
	"minecraft:geometry": [
		{
			"description": {
				"identifier": "geometry.shenlong",
				"texture_width": 64,
				"texture_height": 64,
				"visible_bounds_width": 39,
				"visible_bounds_height": 31,
				"visible_bounds_offset": [0, -9.5, 0]
			},
			"bones": [
				{
					"name": "corpo",
					"pivot": [-0.26258, 18.84645, -7.17635],
					"rotation": [-17.5, 0, 0],
					"cubes": [
						{
							"origin": [-4.39833, 16.84286, -8.86912],
							"size": [8.441, 8.441, 13.882],
							"pivot": [-0.17783, 27.04434, -1.8639],
							"rotation": [17.5, 0, 0],
							"uv": {
								"north": {"uv": [0, 18], "uv_size": [8.5, 8.5]},
								"east": {"uv": [0, 0], "uv_size": [14, 8.5]},
								"south": {"uv": [23, 0], "uv_size": [8.5, 8.5]},
								"west": {"uv": [0, 9], "uv_size": [14, 8.5]},
								"up": {"uv": [14, 0], "uv_size": [8.5, 14]},
								"down": {"uv": [14, 28], "uv_size": [8.5, -14]}
							}
						},
						{
							"origin": [-0.34733, 24.49286, -7.86912],
							"size": [0, 2.181, 14.012],
							"pivot": [-0.17783, 27.04434, -1.8639],
							"rotation": [17.5, 0, 0],
							"uv": {
								"north": {"uv": [0, 0], "uv_size": [0, 2.25]},
								"east": {"uv": [32, 0], "uv_size": [14, 2.25]},
								"south": {"uv": [0, 0], "uv_size": [0, 2.25]},
								"west": {"uv": [32, 3], "uv_size": [14, 2.25]},
								"up": {"uv": [0, 0], "uv_size": [0, 14]},
								"down": {"uv": [0, 14], "uv_size": [0, -14]}
							}
						}
					]
				},
				{
					"name": "Head",
					"parent": "corpo",
					"pivot": [0.32058, 17.60173, -6.76668],
					"rotation": [20, 0, 0],
					"cubes": [
						{
							"origin": [-6.16965, 14.5719, -15.62464],
							"size": [13.4144, 6.7072, 8.384],
							"uv": {
								"north": {"uv": [31, 27], "uv_size": [8, 4]},
								"east": {"uv": [18, 34], "uv_size": [5, 4]},
								"south": {"uv": [31, 31], "uv_size": [8, 4]},
								"west": {"uv": [23, 35], "uv_size": [5, 4]},
								"up": {"uv": [8, 28], "uv_size": [8, 5]},
								"down": {"uv": [16, 34], "uv_size": [8, -5]}
							}
						},
						{
							"origin": [-2.81605, 16.2487, -25.68544],
							"size": [6.7072, 3.3536, 10.0608],
							"uv": {
								"north": {"uv": [42, 9], "uv_size": [4, 2]},
								"east": {"uv": [32, 6], "uv_size": [6, 2]},
								"south": {"uv": [42, 33], "uv_size": [4, 2]},
								"west": {"uv": [41, 19], "uv_size": [6, 2]},
								"up": {"uv": [10, 33], "uv_size": [4, 6]},
								"down": {"uv": [14, 40], "uv_size": [4, -6]}
							}
						},
						{
							"origin": [-5.71692, 15.02463, -16.77324],
							"size": [12.50893, 9.15533, 10.68122],
							"uv": {
								"north": {"uv": [23, 23], "uv_size": [7.5, 5.5]},
								"east": {"uv": [24, 29], "uv_size": [6.25, 5.5]},
								"south": {"uv": [0, 27], "uv_size": [7.5, 5.5]},
								"west": {"uv": [31, 9], "uv_size": [6.25, 5.5]},
								"up": {"uv": [23, 9], "uv_size": [7.5, 6.25]},
								"down": {"uv": [23, 22.25], "uv_size": [7.5, -6.25]}
							}
						},
						{
							"origin": [-7.36878, 13.17219, -16.77324],
							"size": [0, 9.15533, 10.68122],
							"pivot": [-7.36878, 17.74985, -11.43264],
							"rotation": [0, -27.5, 42.5],
							"uv": {
								"north": {"uv": [0, 0], "uv_size": [0, 5.5]},
								"east": {"uv": [31, 15], "uv_size": [6.25, 5.5]},
								"south": {"uv": [0, 0], "uv_size": [0, 5.5]},
								"west": {"uv": [31, 21], "uv_size": [6.25, 5.5]},
								"up": {"uv": [0, 0], "uv_size": [0, 6.25]},
								"down": {"uv": [0, 6.25], "uv_size": [0, -6.25]}
							}
						},
						{
							"origin": [7.36878, 13.17219, -16.77324],
							"size": [0, 9.15533, 10.68122],
							"pivot": [7.36878, 17.74985, -11.43264],
							"rotation": [0, 27.5, -42.5],
							"uv": {
								"north": {"uv": [0, 0], "uv_size": [0, 5.5]},
								"east": {"uv": [37.25, 21], "uv_size": [-6.25, 5.5]},
								"south": {"uv": [0, 0], "uv_size": [0, 5.5]},
								"west": {"uv": [37.25, 15], "uv_size": [-6.25, 5.5]},
								"up": {"uv": [0, 0], "uv_size": [0, 6.25]},
								"down": {"uv": [0, 6.25], "uv_size": [0, -6.25]}
							}
						}
					]
				},
				{
					"name": "Jaw",
					"parent": "Head",
					"pivot": [0.53755, 13.0787, -16.11824],
					"rotation": [12.5, 0, 0],
					"cubes": [
						{
							"origin": [-2.81605, 12.8951, -24.00864],
							"size": [6.7072, 3.3536, 8.384],
							"pivot": [0.53755, 14.5719, -15.62464],
							"rotation": [12.5, 0, 0],
							"uv": {
								"north": {"uv": [42, 35], "uv_size": [4, 2]},
								"east": {"uv": [39, 41], "uv_size": [5, 2]},
								"south": {"uv": [42, 37], "uv_size": [4, 2]},
								"west": {"uv": [0, 42], "uv_size": [5, 2]},
								"up": {"uv": [28, 35], "uv_size": [4, 5]},
								"down": {"uv": [32, 40], "uv_size": [4, -5]}
							}
						}
					]
				},
				{
					"name": "chifres",
					"parent": "Head",
					"pivot": [-7.76089, 25.85297, -1.24999],
					"rotation": [-14.37125, 7.79284, -44.79313],
					"cubes": [
						{
							"origin": [-17.99737, 21.99664, -9.80308],
							"size": [8.39222, 2.12937, 2.12937],
							"pivot": [-8.77086, 21.80373, -12.5112],
							"rotation": [0, 35, 85],
							"uv": {
								"north": {"uv": [42, 39], "uv_size": [5, 1.25]},
								"east": {"uv": [14, 49], "uv_size": [1.25, 1.25]},
								"south": {"uv": [9, 43], "uv_size": [5, 1.25]},
								"west": {"uv": [31, 49], "uv_size": [1.25, 1.25]},
								"up": {"uv": [43, 11], "uv_size": [5, 1.25]},
								"down": {"uv": [43, 14.25], "uv_size": [5, -1.25]}
							}
						},
						{
							"origin": [-12.98162, 23.12143, -5.9367],
							"size": [5.39453, 2.0229, 2.0229],
							"pivot": [-8.56878, 24.18569, -4.45928],
							"rotation": [-9.54013, 17.66046, 56.01461],
							"uv": {
								"north": {"uv": [39, 45], "uv_size": [3.25, 1.25]},
								"east": {"uv": [33, 49], "uv_size": [1.25, 1.25]},
								"south": {"uv": [46, 0], "uv_size": [3.25, 1.25]},
								"west": {"uv": [49, 36], "uv_size": [1.25, 1.25]},
								"up": {"uv": [46, 2], "uv_size": [3.25, 1.25]},
								"down": {"uv": [46, 5.25], "uv_size": [3.25, -1.25]}
							}
						},
						{
							"origin": [-12.81354, 21.45057, -8.2415],
							"size": [4.13693, 2.0229, 2.0229],
							"pivot": [-9.0295, 21.25724, -5.50647],
							"rotation": [-17.49524, 9.84655, 23.48124],
							"uv": {
								"north": {"uv": [46, 37], "uv_size": [2.5, 1.25]},
								"east": {"uv": [2, 50], "uv_size": [1.25, 1.25]},
								"south": {"uv": [47, 19], "uv_size": [2.5, 1.25]},
								"west": {"uv": [50, 2], "uv_size": [1.25, 1.25]},
								"up": {"uv": [39, 47], "uv_size": [2.5, 1.25]},
								"down": {"uv": [47, 40.25], "uv_size": [2.5, -1.25]}
							}
						},
						{
							"origin": [-8.90796, 31.52209, -3.36062],
							"size": [5.97664, 1.87385, 1.87385],
							"pivot": [-7.17725, 32.45902, -6.1965],
							"rotation": [5.38152, 19.291, 100.91527],
							"uv": {
								"north": {"uv": [46, 10], "uv_size": [3.5, 1]},
								"east": {"uv": [13, 18], "uv_size": [1, 1]},
								"south": {"uv": [46, 17], "uv_size": [3.5, 1]},
								"west": {"uv": [13, 19], "uv_size": [1, 1]},
								"up": {"uv": [46, 21], "uv_size": [3.5, 1]},
								"down": {"uv": [46, 23], "uv_size": [3.5, -1]}
							}
						},
						{
							"origin": [-11.44992, 28.27122, -4.94946],
							"size": [8.49184, 1.87385, 1.87385],
							"pivot": [-7.06479, 27.40074, -3.90883],
							"rotation": [12.36199, 23.6047, 123.35957],
							"uv": {
								"north": {"uv": [8, 27], "uv_size": [5, 1]},
								"east": {"uv": [13, 20], "uv_size": [1, 1]},
								"south": {"uv": [16, 28], "uv_size": [5, 1]},
								"west": {"uv": [13, 21], "uv_size": [1, 1]},
								"up": {"uv": [32, 8], "uv_size": [5, 1]},
								"down": {"uv": [43, 19], "uv_size": [5, -1]}
							}
						}
					]
				},
				{
					"name": "chifres2",
					"parent": "Head",
					"pivot": [7.76089, 25.85297, -1.24999],
					"rotation": [-14.37125, -7.79284, 44.79313],
					"cubes": [
						{
							"origin": [9.60515, 21.99664, -9.80308],
							"size": [8.39222, 2.12937, 2.12937],
							"pivot": [8.77086, 21.80373, -12.5112],
							"rotation": [0, -35, -85],
							"uv": {
								"north": {"uv": [43, 24], "uv_size": [5, 1.25]},
								"east": {"uv": [4, 50], "uv_size": [1.25, 1.25]},
								"south": {"uv": [43, 26], "uv_size": [5, 1.25]},
								"west": {"uv": [50, 4], "uv_size": [1.25, 1.25]},
								"up": {"uv": [43, 28], "uv_size": [5, 1.25]},
								"down": {"uv": [43, 31.25], "uv_size": [5, -1.25]}
							}
						},
						{
							"origin": [7.58709, 23.12143, -5.9367],
							"size": [5.39453, 2.0229, 2.0229],
							"pivot": [8.56878, 24.18569, -4.45928],
							"rotation": [-9.54013, -17.66046, -56.01461],
							"uv": {
								"north": {"uv": [46, 6], "uv_size": [3.25, 1.25]},
								"east": {"uv": [6, 50], "uv_size": [1.25, 1.25]},
								"south": {"uv": [46, 8], "uv_size": [3.25, 1.25]},
								"west": {"uv": [50, 6], "uv_size": [1.25, 1.25]},
								"up": {"uv": [46, 15], "uv_size": [3.25, 1.25]},
								"down": {"uv": [21, 47.25], "uv_size": [3.25, -1.25]}
							}
						},
						{
							"origin": [8.67662, 21.45057, -8.2415],
							"size": [4.13693, 2.0229, 2.0229],
							"pivot": [9.0295, 21.25724, -5.50647],
							"rotation": [-17.49524, -9.84655, -23.48124],
							"uv": {
								"north": {"uv": [42, 47], "uv_size": [2.5, 1.25]},
								"east": {"uv": [8, 50], "uv_size": [1.25, 1.25]},
								"south": {"uv": [45, 47], "uv_size": [2.5, 1.25]},
								"west": {"uv": [50, 8], "uv_size": [1.25, 1.25]},
								"up": {"uv": [0, 48], "uv_size": [2.5, 1.25]},
								"down": {"uv": [3, 49.25], "uv_size": [2.5, -1.25]}
							}
						},
						{
							"origin": [2.93132, 31.52209, -3.36062],
							"size": [5.97664, 1.87385, 1.87385],
							"pivot": [7.17725, 32.45902, -6.1965],
							"rotation": [5.38152, -19.291, -100.91527],
							"uv": {
								"north": {"uv": [46, 23], "uv_size": [3.5, 1]},
								"east": {"uv": [13, 22], "uv_size": [1, 1]},
								"south": {"uv": [25, 46], "uv_size": [3.5, 1]},
								"west": {"uv": [13, 23], "uv_size": [1, 1]},
								"up": {"uv": [29, 46], "uv_size": [3.5, 1]},
								"down": {"uv": [46, 34], "uv_size": [3.5, -1]}
							}
						},
						{
							"origin": [2.95808, 28.27122, -4.94946],
							"size": [8.49184, 1.87385, 1.87385],
							"pivot": [7.06479, 27.40074, -3.90883],
							"rotation": [12.36199, -23.6047, -123.35957],
							"uv": {
								"north": {"uv": [43, 32], "uv_size": [5, 1]},
								"east": {"uv": [13, 24], "uv_size": [1, 1]},
								"south": {"uv": [39, 43], "uv_size": [5, 1]},
								"west": {"uv": [13, 25], "uv_size": [1, 1]},
								"up": {"uv": [0, 44], "uv_size": [5, 1]},
								"down": {"uv": [39, 45], "uv_size": [5, -1]}
							}
						}
					]
				},
				{
					"name": "corpo2",
					"parent": "corpo",
					"pivot": [-0.26258, 23.81079, 6.94112],
					"cubes": [
						{
							"origin": [-4.39833, 21.01726, 4.37038],
							"size": [8.441, 8.441, 13.882],
							"pivot": [-0.17783, 31.21874, 11.3756],
							"rotation": [17.5, 0, 0],
							"uv": {
								"north": {"uv": [0, 18], "uv_size": [8.5, 8.5]},
								"east": {"uv": [0, 0], "uv_size": [14, 8.5]},
								"south": {"uv": [23, 0], "uv_size": [8.5, 8.5]},
								"west": {"uv": [0, 9], "uv_size": [14, 8.5]},
								"up": {"uv": [14, 0], "uv_size": [8.5, 14]},
								"down": {"uv": [14, 28], "uv_size": [8.5, -14]}
							}
						},
						{
							"origin": [-0.34733, 28.66726, 5.37038],
							"size": [0, 2.181, 14.012],
							"pivot": [-0.17783, 31.21874, 11.3756],
							"rotation": [17.5, 0, 0],
							"uv": {
								"north": {"uv": [0, 0], "uv_size": [0, 2.25]},
								"east": {"uv": [32, 0], "uv_size": [14, 2.25]},
								"south": {"uv": [0, 0], "uv_size": [0, 2.25]},
								"west": {"uv": [32, 3], "uv_size": [14, 2.25]},
								"up": {"uv": [0, 0], "uv_size": [0, 14]},
								"down": {"uv": [0, 14], "uv_size": [0, -14]}
							}
						}
					]
				},
				{
					"name": "corpo3",
					"parent": "corpo2",
					"pivot": [-0.26258, 26.84645, 19.82365],
					"cubes": [
						{
							"origin": [-4.39833, 25.19165, 17.60988],
							"size": [8.441, 8.441, 13.882],
							"pivot": [-0.17783, 35.39313, 24.6151],
							"rotation": [17.5, 0, 0],
							"uv": {
								"north": {"uv": [0, 18], "uv_size": [8.5, 8.5]},
								"east": {"uv": [0, 0], "uv_size": [14, 8.5]},
								"south": {"uv": [23, 0], "uv_size": [8.5, 8.5]},
								"west": {"uv": [0, 9], "uv_size": [14, 8.5]},
								"up": {"uv": [14, 0], "uv_size": [8.5, 14]},
								"down": {"uv": [14, 28], "uv_size": [8.5, -14]}
							}
						},
						{
							"origin": [-0.34733, 32.84165, 18.60988],
							"size": [0, 2.181, 14.012],
							"pivot": [-0.17783, 35.39313, 24.6151],
							"rotation": [17.5, 0, 0],
							"uv": {
								"north": {"uv": [0, 0], "uv_size": [0, 2.25]},
								"east": {"uv": [32, 0], "uv_size": [14, 2.25]},
								"south": {"uv": [0, 0], "uv_size": [0, 2.25]},
								"west": {"uv": [32, 3], "uv_size": [14, 2.25]},
								"up": {"uv": [0, 0], "uv_size": [0, 14]},
								"down": {"uv": [0, 14], "uv_size": [0, -14]}
							}
						}
					]
				},
				{
					"name": "corpo4",
					"parent": "corpo3",
					"pivot": [-0.26258, 31.81079, 33.94112],
					"cubes": [
						{
							"origin": [-4.39833, 29.36605, 30.84937],
							"size": [8.441, 8.441, 13.882],
							"pivot": [-0.17783, 39.56753, 37.85459],
							"rotation": [17.5, 0, 0],
							"uv": {
								"north": {"uv": [0, 18], "uv_size": [8.5, 8.5]},
								"east": {"uv": [0, 0], "uv_size": [14, 8.5]},
								"south": {"uv": [23, 0], "uv_size": [8.5, 8.5]},
								"west": {"uv": [0, 9], "uv_size": [14, 8.5]},
								"up": {"uv": [14, 0], "uv_size": [8.5, 14]},
								"down": {"uv": [14, 28], "uv_size": [8.5, -14]}
							}
						},
						{
							"origin": [-0.34733, 37.01605, 31.84937],
							"size": [0, 2.181, 14.012],
							"pivot": [-0.17783, 39.56753, 37.85459],
							"rotation": [17.5, 0, 0],
							"uv": {
								"north": {"uv": [0, 0], "uv_size": [0, 2.25]},
								"east": {"uv": [32, 0], "uv_size": [14, 2.25]},
								"south": {"uv": [0, 0], "uv_size": [0, 2.25]},
								"west": {"uv": [32, 3], "uv_size": [14, 2.25]},
								"up": {"uv": [0, 0], "uv_size": [0, 14]},
								"down": {"uv": [0, 14], "uv_size": [0, -14]}
							}
						}
					]
				},
				{
					"name": "corpo5",
					"parent": "corpo4",
					"pivot": [-0.26258, 35.84645, 44.82365],
					"cubes": [
						{
							"origin": [-4.39833, 33.54045, 44.08887],
							"size": [8.441, 8.441, 13.882],
							"pivot": [-0.17783, 43.74193, 51.09409],
							"rotation": [17.5, 0, 0],
							"uv": {
								"north": {"uv": [0, 18], "uv_size": [8.5, 8.5]},
								"east": {"uv": [0, 0], "uv_size": [14, 8.5]},
								"south": {"uv": [23, 0], "uv_size": [8.5, 8.5]},
								"west": {"uv": [0, 9], "uv_size": [14, 8.5]},
								"up": {"uv": [14, 0], "uv_size": [8.5, 14]},
								"down": {"uv": [14, 28], "uv_size": [8.5, -14]}
							}
						},
						{
							"origin": [-0.34733, 41.19045, 45.08887],
							"size": [0, 2.181, 14.012],
							"pivot": [-0.17783, 43.74193, 51.09409],
							"rotation": [17.5, 0, 0],
							"uv": {
								"north": {"uv": [0, 0], "uv_size": [0, 2.25]},
								"east": {"uv": [32, 0], "uv_size": [14, 2.25]},
								"south": {"uv": [0, 0], "uv_size": [0, 2.25]},
								"west": {"uv": [32, 3], "uv_size": [14, 2.25]},
								"up": {"uv": [0, 0], "uv_size": [0, 14]},
								"down": {"uv": [0, 14], "uv_size": [0, -14]}
							}
						}
					]
				},
				{
					"name": "corpo6",
					"parent": "corpo5",
					"pivot": [-0.26258, 40.81079, 58.94112],
					"cubes": [
						{
							"origin": [-4.39833, 37.71485, 57.32837],
							"size": [8.441, 8.441, 13.882],
							"pivot": [-0.17783, 47.91633, 64.33359],
							"rotation": [17.5, 0, 0],
							"uv": {
								"north": {"uv": [0, 18], "uv_size": [8.5, 8.5]},
								"east": {"uv": [0, 0], "uv_size": [14, 8.5]},
								"south": {"uv": [23, 0], "uv_size": [8.5, 8.5]},
								"west": {"uv": [0, 9], "uv_size": [14, 8.5]},
								"up": {"uv": [14, 0], "uv_size": [8.5, 14]},
								"down": {"uv": [14, 28], "uv_size": [8.5, -14]}
							}
						},
						{
							"origin": [-0.34733, 45.36485, 58.32837],
							"size": [0, 2.181, 14.012],
							"pivot": [-0.17783, 47.91633, 64.33359],
							"rotation": [17.5, 0, 0],
							"uv": {
								"north": {"uv": [0, 0], "uv_size": [0, 2.25]},
								"east": {"uv": [32, 0], "uv_size": [14, 2.25]},
								"south": {"uv": [0, 0], "uv_size": [0, 2.25]},
								"west": {"uv": [32, 3], "uv_size": [14, 2.25]},
								"up": {"uv": [0, 0], "uv_size": [0, 14]},
								"down": {"uv": [0, 14], "uv_size": [0, -14]}
							}
						}
					]
				},
				{
					"name": "corpo7",
					"parent": "corpo6",
					"pivot": [-0.26258, 43.84645, 71.82365],
					"cubes": [
						{
							"origin": [-4.39833, 41.88924, 70.56787],
							"size": [8.441, 8.441, 13.882],
							"pivot": [-0.17783, 52.09072, 77.57309],
							"rotation": [17.5, 0, 0],
							"uv": {
								"north": {"uv": [0, 18], "uv_size": [8.5, 8.5]},
								"east": {"uv": [0, 0], "uv_size": [14, 8.5]},
								"south": {"uv": [23, 0], "uv_size": [8.5, 8.5]},
								"west": {"uv": [0, 9], "uv_size": [14, 8.5]},
								"up": {"uv": [14, 0], "uv_size": [8.5, 14]},
								"down": {"uv": [14, 28], "uv_size": [8.5, -14]}
							}
						},
						{
							"origin": [-0.34733, 49.53924, 71.56787],
							"size": [0, 2.181, 14.012],
							"pivot": [-0.17783, 52.09072, 77.57309],
							"rotation": [17.5, 0, 0],
							"uv": {
								"north": {"uv": [0, 0], "uv_size": [0, 2.25]},
								"east": {"uv": [32, 0], "uv_size": [14, 2.25]},
								"south": {"uv": [0, 0], "uv_size": [0, 2.25]},
								"west": {"uv": [32, 3], "uv_size": [14, 2.25]},
								"up": {"uv": [0, 0], "uv_size": [0, 14]},
								"down": {"uv": [0, 14], "uv_size": [0, -14]}
							}
						}
					]
				},
				{
					"name": "corpo8",
					"parent": "corpo7",
					"pivot": [-0.26258, 48.81079, 85.94112],
					"cubes": [
						{
							"origin": [-4.39833, 46.06364, 83.80737],
							"size": [8.441, 8.441, 13.882],
							"pivot": [-0.17783, 56.26512, 90.81259],
							"rotation": [17.5, 0, 0],
							"uv": {
								"north": {"uv": [0, 18], "uv_size": [8.5, 8.5]},
								"east": {"uv": [0, 0], "uv_size": [14, 8.5]},
								"south": {"uv": [23, 0], "uv_size": [8.5, 8.5]},
								"west": {"uv": [0, 9], "uv_size": [14, 8.5]},
								"up": {"uv": [14, 0], "uv_size": [8.5, 14]},
								"down": {"uv": [14, 28], "uv_size": [8.5, -14]}
							}
						},
						{
							"origin": [-0.34733, 53.71364, 84.80737],
							"size": [0, 2.181, 14.012],
							"pivot": [-0.17783, 56.26512, 90.81259],
							"rotation": [17.5, 0, 0],
							"uv": {
								"north": {"uv": [0, 0], "uv_size": [0, 2.25]},
								"east": {"uv": [32, 0], "uv_size": [14, 2.25]},
								"south": {"uv": [0, 0], "uv_size": [0, 2.25]},
								"west": {"uv": [32, 3], "uv_size": [14, 2.25]},
								"up": {"uv": [0, 0], "uv_size": [0, 14]},
								"down": {"uv": [0, 14], "uv_size": [0, -14]}
							}
						}
					]
				},
				{
					"name": "corpo9",
					"parent": "corpo8",
					"pivot": [-0.26258, 52.84645, 100.82365],
					"cubes": [
						{
							"origin": [-4.39833, 50.10691, 96.88357],
							"size": [8.441, 8.441, 13.882],
							"pivot": [-0.17783, 60.30839, 103.88879],
							"rotation": [17.5, 0, 0],
							"uv": {
								"north": {"uv": [0, 18], "uv_size": [8.5, 8.5]},
								"east": {"uv": [0, 0], "uv_size": [14, 8.5]},
								"south": {"uv": [23, 0], "uv_size": [8.5, 8.5]},
								"west": {"uv": [0, 9], "uv_size": [14, 8.5]},
								"up": {"uv": [14, 0], "uv_size": [8.5, 14]},
								"down": {"uv": [14, 28], "uv_size": [8.5, -14]}
							}
						},
						{
							"origin": [-0.34733, 57.75691, 97.88357],
							"size": [0, 2.181, 14.012],
							"pivot": [-0.17783, 60.30839, 103.88879],
							"rotation": [17.5, 0, 0],
							"uv": {
								"north": {"uv": [0, 0], "uv_size": [0, 2.25]},
								"east": {"uv": [32, 0], "uv_size": [14, 2.25]},
								"south": {"uv": [0, 0], "uv_size": [0, 2.25]},
								"west": {"uv": [32, 3], "uv_size": [14, 2.25]},
								"up": {"uv": [0, 0], "uv_size": [0, 14]},
								"down": {"uv": [0, 14], "uv_size": [0, -14]}
							}
						}
					]
				},
				{
					"name": "corpo10",
					"parent": "corpo9",
					"pivot": [-0.26258, 57.81079, 114.94112],
					"cubes": [
						{
							"origin": [-4.39833, 54.28131, 110.12307],
							"size": [8.441, 8.441, 13.882],
							"pivot": [-0.17783, 64.48279, 117.12829],
							"rotation": [17.5, 0, 0],
							"uv": {
								"north": {"uv": [0, 18], "uv_size": [8.5, 8.5]},
								"east": {"uv": [0, 0], "uv_size": [14, 8.5]},
								"south": {"uv": [23, 0], "uv_size": [8.5, 8.5]},
								"west": {"uv": [0, 9], "uv_size": [14, 8.5]},
								"up": {"uv": [14, 0], "uv_size": [8.5, 14]},
								"down": {"uv": [14, 28], "uv_size": [8.5, -14]}
							}
						},
						{
							"origin": [-0.34733, 61.93131, 111.12307],
							"size": [0, 2.181, 14.012],
							"pivot": [-0.17783, 64.48279, 117.12829],
							"rotation": [17.5, 0, 0],
							"uv": {
								"north": {"uv": [0, 0], "uv_size": [0, 2.25]},
								"east": {"uv": [32, 0], "uv_size": [14, 2.25]},
								"south": {"uv": [0, 0], "uv_size": [0, 2.25]},
								"west": {"uv": [32, 3], "uv_size": [14, 2.25]},
								"up": {"uv": [0, 0], "uv_size": [0, 14]},
								"down": {"uv": [0, 14], "uv_size": [0, -14]}
							}
						}
					]
				},
				{
					"name": "corpo11",
					"parent": "corpo10",
					"pivot": [-0.26258, 60.84645, 127.82365],
					"cubes": [
						{
							"origin": [-4.39833, 58.45571, 123.36256],
							"size": [8.441, 8.441, 13.882],
							"pivot": [-0.17783, 68.65719, 130.36778],
							"rotation": [17.5, 0, 0],
							"uv": {
								"north": {"uv": [0, 18], "uv_size": [8.5, 8.5]},
								"east": {"uv": [0, 0], "uv_size": [14, 8.5]},
								"south": {"uv": [23, 0], "uv_size": [8.5, 8.5]},
								"west": {"uv": [0, 9], "uv_size": [14, 8.5]},
								"up": {"uv": [14, 0], "uv_size": [8.5, 14]},
								"down": {"uv": [14, 28], "uv_size": [8.5, -14]}
							}
						},
						{
							"origin": [-0.34733, 66.10571, 124.36256],
							"size": [0, 2.181, 14.012],
							"pivot": [-0.17783, 68.65719, 130.36778],
							"rotation": [17.5, 0, 0],
							"uv": {
								"north": {"uv": [0, 0], "uv_size": [0, 2.25]},
								"east": {"uv": [32, 0], "uv_size": [14, 2.25]},
								"south": {"uv": [0, 0], "uv_size": [0, 2.25]},
								"west": {"uv": [32, 3], "uv_size": [14, 2.25]},
								"up": {"uv": [0, 0], "uv_size": [0, 14]},
								"down": {"uv": [0, 14], "uv_size": [0, -14]}
							}
						}
					]
				},
				{
					"name": "corpo12",
					"parent": "corpo11",
					"pivot": [-0.26258, 65.81079, 141.94112],
					"cubes": [
						{
							"origin": [-4.39833, 62.6301, 136.60206],
							"size": [8.441, 8.441, 13.882],
							"pivot": [-0.17783, 72.83158, 143.60728],
							"rotation": [17.5, 0, 0],
							"uv": {
								"north": {"uv": [0, 18], "uv_size": [8.5, 8.5]},
								"east": {"uv": [0, 0], "uv_size": [14, 8.5]},
								"south": {"uv": [23, 0], "uv_size": [8.5, 8.5]},
								"west": {"uv": [0, 9], "uv_size": [14, 8.5]},
								"up": {"uv": [14, 0], "uv_size": [8.5, 14]},
								"down": {"uv": [14, 28], "uv_size": [8.5, -14]}
							}
						},
						{
							"origin": [-0.34733, 70.2801, 137.60206],
							"size": [0, 2.181, 14.012],
							"pivot": [-0.17783, 72.83158, 143.60728],
							"rotation": [17.5, 0, 0],
							"uv": {
								"north": {"uv": [0, 0], "uv_size": [0, 2.25]},
								"east": {"uv": [32, 0], "uv_size": [14, 2.25]},
								"south": {"uv": [0, 0], "uv_size": [0, 2.25]},
								"west": {"uv": [32, 3], "uv_size": [14, 2.25]},
								"up": {"uv": [0, 0], "uv_size": [0, 14]},
								"down": {"uv": [0, 14], "uv_size": [0, -14]}
							}
						}
					]
				},
				{
					"name": "corpo13",
					"parent": "corpo12",
					"pivot": [-0.26258, 69.84645, 152.82365],
					"cubes": [
						{
							"origin": [-4.39833, 66.8045, 149.84156],
							"size": [8.441, 8.441, 13.882],
							"pivot": [-0.17783, 77.00598, 156.84678],
							"rotation": [17.5, 0, 0],
							"uv": {
								"north": {"uv": [0, 18], "uv_size": [8.5, 8.5]},
								"east": {"uv": [0, 0], "uv_size": [14, 8.5]},
								"south": {"uv": [23, 0], "uv_size": [8.5, 8.5]},
								"west": {"uv": [0, 9], "uv_size": [14, 8.5]},
								"up": {"uv": [14, 0], "uv_size": [8.5, 14]},
								"down": {"uv": [14, 28], "uv_size": [8.5, -14]}
							}
						},
						{
							"origin": [-0.34733, 74.4545, 150.84156],
							"size": [0, 2.181, 14.012],
							"pivot": [-0.17783, 77.00598, 156.84678],
							"rotation": [17.5, 0, 0],
							"uv": {
								"north": {"uv": [0, 0], "uv_size": [0, 2.25]},
								"east": {"uv": [32, 0], "uv_size": [14, 2.25]},
								"south": {"uv": [0, 0], "uv_size": [0, 2.25]},
								"west": {"uv": [32, 3], "uv_size": [14, 2.25]},
								"up": {"uv": [0, 0], "uv_size": [0, 14]},
								"down": {"uv": [0, 14], "uv_size": [0, -14]}
							}
						}
					]
				},
				{
					"name": "corpo14",
					"parent": "corpo13",
					"pivot": [-0.26258, 74.81079, 166.94112],
					"cubes": [
						{
							"origin": [-3.39833, 71.9789, 163.08106],
							"size": [6.441, 6.441, 13.882],
							"pivot": [-0.17783, 81.18038, 170.08628],
							"rotation": [17.5, 0, 0],
							"uv": {
								"north": {"uv": [0, 18], "uv_size": [8.5, 8.5]},
								"east": {"uv": [0, 0], "uv_size": [14, 8.5]},
								"south": {"uv": [23, 0], "uv_size": [8.5, 8.5]},
								"west": {"uv": [0, 9], "uv_size": [14, 8.5]},
								"up": {"uv": [14, 0], "uv_size": [8.5, 14]},
								"down": {"uv": [14, 28], "uv_size": [8.5, -14]}
							}
						},
						{
							"origin": [-0.34733, 77.6289, 164.08106],
							"size": [0, 2.181, 14.012],
							"pivot": [-0.17783, 81.18038, 170.08628],
							"rotation": [17.5, 0, 0],
							"uv": {
								"north": {"uv": [0, 0], "uv_size": [0, 2.25]},
								"east": {"uv": [32, 0], "uv_size": [14, 2.25]},
								"south": {"uv": [0, 0], "uv_size": [0, 2.25]},
								"west": {"uv": [32, 3], "uv_size": [14, 2.25]},
								"up": {"uv": [0, 0], "uv_size": [0, 14]},
								"down": {"uv": [0, 14], "uv_size": [0, -14]}
							}
						}
					]
				},
				{
					"name": "corpo15",
					"parent": "corpo14",
					"pivot": [-0.26258, 77.84645, 179.82365],
					"cubes": [
						{
							"origin": [-2.39833, 77.1533, 176.32056],
							"size": [4.441, 4.441, 13.882],
							"pivot": [-0.17783, 85.35478, 183.32578],
							"rotation": [17.5, 0, 0],
							"uv": {
								"north": {"uv": [0, 18], "uv_size": [8.5, 8.5]},
								"east": {"uv": [0, 0], "uv_size": [14, 8.5]},
								"south": {"uv": [23, 0], "uv_size": [8.5, 8.5]},
								"west": {"uv": [0, 9], "uv_size": [14, 8.5]},
								"up": {"uv": [14, 0], "uv_size": [8.5, 14]},
								"down": {"uv": [14, 28], "uv_size": [8.5, -14]}
							}
						},
						{
							"origin": [-0.34733, 80.8033, 177.32056],
							"size": [0, 2.181, 14.012],
							"pivot": [-0.17783, 85.35478, 183.32578],
							"rotation": [17.5, 0, 0],
							"uv": {
								"north": {"uv": [0, 0], "uv_size": [0, 2.25]},
								"east": {"uv": [32, 0], "uv_size": [14, 2.25]},
								"south": {"uv": [0, 0], "uv_size": [0, 2.25]},
								"west": {"uv": [32, 3], "uv_size": [14, 2.25]},
								"up": {"uv": [0, 0], "uv_size": [0, 14]},
								"down": {"uv": [0, 14], "uv_size": [0, -14]}
							}
						}
					]
				},
				{
					"name": "corpo16",
					"parent": "corpo15",
					"pivot": [-0.26258, 82.81079, 193.94112],
					"cubes": [
						{
							"origin": [-1.39833, 82.32769, 189.56006],
							"size": [2.441, 2.441, 13.882],
							"pivot": [-0.17783, 89.52917, 196.56528],
							"rotation": [17.5, 0, 0],
							"uv": {
								"north": {"uv": [0, 18], "uv_size": [8.5, 8.5]},
								"east": {"uv": [0, 0], "uv_size": [14, 8.5]},
								"south": {"uv": [23, 0], "uv_size": [8.5, 8.5]},
								"west": {"uv": [0, 9], "uv_size": [14, 8.5]},
								"up": {"uv": [14, 0], "uv_size": [8.5, 14]},
								"down": {"uv": [14, 28], "uv_size": [8.5, -14]}
							}
						},
						{
							"origin": [-0.34733, 83.97769, 190.56006],
							"size": [0, 2.181, 14.012],
							"pivot": [-0.17783, 89.52917, 196.56528],
							"rotation": [17.5, 0, 0],
							"uv": {
								"north": {"uv": [0, 0], "uv_size": [0, 2.25]},
								"east": {"uv": [32, 0], "uv_size": [14, 2.25]},
								"south": {"uv": [0, 0], "uv_size": [0, 2.25]},
								"west": {"uv": [32, 3], "uv_size": [14, 2.25]},
								"up": {"uv": [0, 0], "uv_size": [0, 14]},
								"down": {"uv": [0, 14], "uv_size": [0, -14]}
							}
						}
					]
				},
				{
					"name": "leftBracoTraseiro",
					"parent": "corpo10",
					"pivot": [4.53169, 59.17155, 121.83578],
					"rotation": [99.717, 24.75399, -25.11904],
					"cubes": [
						{
							"origin": [3.78003, 49.14053, 121.28351],
							"size": [3.1416, 9.0174, 3.0116],
							"uv": {
								"north": {"uv": [12.25, 18], "uv_size": [-3.25, 9]},
								"east": {"uv": [10, 33], "uv_size": [-3, 9]},
								"south": {"uv": [3.25, 33], "uv_size": [-3.25, 9]},
								"west": {"uv": [7, 33], "uv_size": [-3, 9]},
								"up": {"uv": [8.25, 42], "uv_size": [-3.25, 3]},
								"down": {"uv": [45.25, 9], "uv_size": [-3.25, -3]}
							}
						},
						{
							"origin": [2.78003, 52.14053, 120.28351],
							"size": [3.1416, 5.0174, 3.0116],
							"uv": {
								"north": {"uv": [39.25, 35], "uv_size": [-3.25, 5]},
								"east": {"uv": [41, 16], "uv_size": [-3, 5]},
								"south": {"uv": [41.25, 6], "uv_size": [-3.25, 5]},
								"west": {"uv": [41, 11], "uv_size": [-3, 5]},
								"up": {"uv": [20.25, 42], "uv_size": [-3.25, 3]},
								"down": {"uv": [45.25, 24], "uv_size": [-3.25, -3]}
							}
						},
						{
							"origin": [3.54934, 56.11399, 120.92282],
							"size": [3.73299, 4.09369, 3.73299],
							"pivot": [4.91583, 59.66083, 123.28931],
							"rotation": [0, 0, -20],
							"uv": {
								"north": {"uv": [21.75, 38], "uv_size": [-3.75, 4]},
								"east": {"uv": [25.75, 39], "uv_size": [-3.75, 4]},
								"south": {"uv": [13.75, 39], "uv_size": [-3.75, 4]},
								"west": {"uv": [41.75, 21], "uv_size": [-3.75, 4]},
								"up": {"uv": [42.75, 25], "uv_size": [-3.75, 3.75]},
								"down": {"uv": [42.75, 32.75], "uv_size": [-3.75, -3.75]}
							}
						}
					]
				},
				{
					"name": "leftAnte2",
					"parent": "leftBracoTraseiro",
					"pivot": [4.6536, 49.28755, 124.41931],
					"cubes": [
						{
							"origin": [4.2333, 44.60011, 122.2838],
							"size": [2.53067, 5.41134, 2.53067],
							"pivot": [4.6536, 50.28755, 124.41931],
							"rotation": [-12.5, 0, 2.5],
							"uv": {
								"north": {"uv": [16.5, 40], "uv_size": [-2.5, 5.5]},
								"east": {"uv": [34.5, 40], "uv_size": [-2.5, 5.5]},
								"south": {"uv": [31.5, 40], "uv_size": [-2.5, 5.5]},
								"west": {"uv": [28.5, 40], "uv_size": [-2.5, 5.5]},
								"up": {"uv": [45.5, 15], "uv_size": [-2.5, 2.5]},
								"down": {"uv": [23.5, 45.5], "uv_size": [-2.5, -2.5]}
							}
						},
						{
							"origin": [4.30774, 37.61392, 120.9614],
							"size": [1.70107, 7.48114, 1.70107],
							"pivot": [4.65827, 42.48449, 122.31194],
							"rotation": [-12.5, 0, 2.5],
							"uv": {
								"north": {"uv": [41.75, 33], "uv_size": [-1.75, 7.5]},
								"east": {"uv": [42.75, 11], "uv_size": [-1.75, 7.5]},
								"south": {"uv": [38.75, 40], "uv_size": [-1.75, 7.5]},
								"west": {"uv": [36.75, 40], "uv_size": [-1.75, 7.5]},
								"up": {"uv": [32.75, 47], "uv_size": [-1.75, 1.75]},
								"down": {"uv": [7.75, 49.75], "uv_size": [-1.75, -1.75]}
							}
						},
						{
							"origin": [4.1362, 36.61017, 119.08636],
							"size": [1.70107, 2.48114, 1.70107],
							"pivot": [4.94312, 38.54563, 120.36182],
							"rotation": [-53.95534, -31.81666, -18.48998],
							"uv": {
								"north": {"uv": [25.75, 43], "uv_size": [-1.75, 2.5]},
								"east": {"uv": [1.75, 45], "uv_size": [-1.75, 2.5]},
								"south": {"uv": [45.75, 44], "uv_size": [-1.75, 2.5]},
								"west": {"uv": [45.75, 41], "uv_size": [-1.75, 2.5]},
								"up": {"uv": [9.75, 48], "uv_size": [-1.75, 1.75]},
								"down": {"uv": [11.75, 49.75], "uv_size": [-1.75, -1.75]}
							}
						},
						{
							"origin": [5.77416, 36.44539, 118.10351],
							"size": [1.30982, 1.91048, 1.30982],
							"pivot": [6.42907, 37.40063, 118.75842],
							"rotation": [-18.95534, -31.81666, -18.48998],
							"uv": {
								"north": {"uv": [19.25, 48], "uv_size": [-1.25, 2]},
								"east": {"uv": [49.25, 24], "uv_size": [-1.25, 2]},
								"south": {"uv": [23.25, 48], "uv_size": [-1.25, 2]},
								"west": {"uv": [21.25, 48], "uv_size": [-1.25, 2]},
								"up": {"uv": [40.25, 49], "uv_size": [-1.25, 1.25]},
								"down": {"uv": [42.25, 50.25], "uv_size": [-1.25, -1.25]}
							}
						},
						{
							"origin": [3.92421, 37.15576, 119.95156],
							"size": [1.70107, 2.48114, 1.70107],
							"pivot": [4.94312, 39.54563, 120.36182],
							"rotation": [-51.93606, 35.80852, 27.11562],
							"uv": {
								"north": {"uv": [3.75, 45], "uv_size": [-1.75, 2.5]},
								"east": {"uv": [9.75, 45], "uv_size": [-1.75, 2.5]},
								"south": {"uv": [7.75, 45], "uv_size": [-1.75, 2.5]},
								"west": {"uv": [5.75, 45], "uv_size": [-1.75, 2.5]},
								"up": {"uv": [49.75, 11], "uv_size": [-1.75, 1.75]},
								"down": {"uv": [13.75, 49.75], "uv_size": [-1.75, -1.75]}
							}
						},
						{
							"origin": [4.0261, 37.39475, 119.99259],
							"size": [1.53096, 2.23303, 1.53096],
							"pivot": [4.94312, 39.54563, 120.36182],
							"rotation": [47.11474, 69.34636, 158.17067],
							"uv": {
								"north": {"uv": [15.5, 46], "uv_size": [-1.5, 2.25]},
								"east": {"uv": [47.5, 41], "uv_size": [-1.5, 2.25]},
								"south": {"uv": [47.5, 34], "uv_size": [-1.5, 2.25]},
								"west": {"uv": [34.5, 46], "uv_size": [-1.5, 2.25]},
								"up": {"uv": [36.5, 48], "uv_size": [-1.5, 1.5]},
								"down": {"uv": [38.5, 49.5], "uv_size": [-1.5, -1.5]}
							}
						},
						{
							"origin": [2.3476, 38.66257, 120.57851],
							"size": [1.25879, 1.83604, 1.25879],
							"pivot": [3.10158, 40.43107, 120.8821],
							"rotation": [102.11474, 69.34636, 158.17067],
							"uv": {
								"north": {"uv": [49.25, 41], "uv_size": [-1.25, 1.75]},
								"east": {"uv": [49.25, 47], "uv_size": [-1.25, 1.75]},
								"south": {"uv": [49.25, 45], "uv_size": [-1.25, 1.75]},
								"west": {"uv": [49.25, 43], "uv_size": [-1.25, 1.75]},
								"up": {"uv": [44.25, 49], "uv_size": [-1.25, 1.25]},
								"down": {"uv": [46.25, 50.25], "uv_size": [-1.25, -1.25]}
							}
						},
						{
							"origin": [2.56974, 36.9263, 118.57795],
							"size": [1.30982, 1.91048, 1.30982],
							"pivot": [3.3543, 38.7665, 118.89385],
							"rotation": [-26.93606, 35.80852, 27.11562],
							"uv": {
								"north": {"uv": [49.25, 26], "uv_size": [-1.25, 2]},
								"east": {"uv": [49.25, 34], "uv_size": [-1.25, 2]},
								"south": {"uv": [49.25, 30], "uv_size": [-1.25, 2]},
								"west": {"uv": [49.25, 28], "uv_size": [-1.25, 2]},
								"up": {"uv": [48.25, 49], "uv_size": [-1.25, 1.25]},
								"down": {"uv": [50.25, 50.25], "uv_size": [-1.25, -1.25]}
							}
						},
						{
							"origin": [4.1362, 36.61017, 119.08636],
							"size": [1.70107, 2.48114, 1.70107],
							"pivot": [4.94312, 38.54563, 120.36182],
							"rotation": [-72.40532, 4.32875, 5.00477],
							"uv": {
								"north": {"uv": [11.75, 45], "uv_size": [-1.75, 2.5]},
								"east": {"uv": [20.75, 45], "uv_size": [-1.75, 2.5]},
								"south": {"uv": [18.75, 45], "uv_size": [-1.75, 2.5]},
								"west": {"uv": [13.75, 45], "uv_size": [-1.75, 2.5]},
								"up": {"uv": [49.75, 13], "uv_size": [-1.75, 1.75]},
								"down": {"uv": [17.75, 49.75], "uv_size": [-1.75, -1.75]}
							}
						},
						{
							"origin": [4.16808, 35.76037, 117.72332],
							"size": [1.24178, 2.54123, 1.24178],
							"pivot": [4.75712, 37.90326, 118.6544],
							"rotation": [-44.90532, 4.32875, 5.00477],
							"uv": {
								"north": {"uv": [47.25, 44], "uv_size": [-1.25, 2.5]},
								"east": {"uv": [30.25, 47], "uv_size": [-1.25, 2.5]},
								"south": {"uv": [28.25, 47], "uv_size": [-1.25, 2.5]},
								"west": {"uv": [26.25, 47], "uv_size": [-1.25, 2.5]},
								"up": {"uv": [1.25, 50], "uv_size": [-1.25, 1.25]},
								"down": {"uv": [51.25, 1.25], "uv_size": [-1.25, -1.25]}
							}
						}
					]
				},
				{
					"name": "rightBracoTraseiro",
					"parent": "corpo10",
					"pivot": [-4.53169, 59.17155, 121.83578],
					"rotation": [99.717, -24.75399, 25.11904],
					"cubes": [
						{
							"origin": [-6.92163, 49.14053, 121.28351],
							"size": [3.1416, 9.0174, 3.0116],
							"uv": {
								"north": {"uv": [9, 18], "uv_size": [3.25, 9]},
								"east": {"uv": [4, 33], "uv_size": [3, 9]},
								"south": {"uv": [0, 33], "uv_size": [3.25, 9]},
								"west": {"uv": [7, 33], "uv_size": [3, 9]},
								"up": {"uv": [5, 42], "uv_size": [3.25, 3]},
								"down": {"uv": [42, 9], "uv_size": [3.25, -3]}
							}
						},
						{
							"origin": [-5.92163, 52.14053, 120.28351],
							"size": [3.1416, 5.0174, 3.0116],
							"uv": {
								"north": {"uv": [36, 35], "uv_size": [3.25, 5]},
								"east": {"uv": [38, 11], "uv_size": [3, 5]},
								"south": {"uv": [38, 6], "uv_size": [3.25, 5]},
								"west": {"uv": [38, 16], "uv_size": [3, 5]},
								"up": {"uv": [17, 42], "uv_size": [3.25, 3]},
								"down": {"uv": [42, 24], "uv_size": [3.25, -3]}
							}
						},
						{
							"origin": [-7.28233, 56.11399, 120.92282],
							"size": [3.73299, 4.09369, 3.73299],
							"pivot": [-4.91583, 59.66083, 123.28931],
							"rotation": [0, 0, 20],
							"uv": {
								"north": {"uv": [18, 38], "uv_size": [3.75, 4]},
								"east": {"uv": [38, 21], "uv_size": [3.75, 4]},
								"south": {"uv": [10, 39], "uv_size": [3.75, 4]},
								"west": {"uv": [22, 39], "uv_size": [3.75, 4]},
								"up": {"uv": [39, 25], "uv_size": [3.75, 3.75]},
								"down": {"uv": [39, 32.75], "uv_size": [3.75, -3.75]}
							}
						}
					]
				},
				{
					"name": "rightAnte2",
					"parent": "rightBracoTraseiro",
					"pivot": [-4.6536, 49.28755, 124.41931],
					"cubes": [
						{
							"origin": [-6.76397, 44.60011, 122.2838],
							"size": [2.53067, 5.41134, 2.53067],
							"pivot": [-4.6536, 50.28755, 124.41931],
							"rotation": [-12.5, 0, -2.5],
							"uv": {
								"north": {"uv": [14, 40], "uv_size": [2.5, 5.5]},
								"east": {"uv": [26, 40], "uv_size": [2.5, 5.5]},
								"south": {"uv": [29, 40], "uv_size": [2.5, 5.5]},
								"west": {"uv": [32, 40], "uv_size": [2.5, 5.5]},
								"up": {"uv": [43, 15], "uv_size": [2.5, 2.5]},
								"down": {"uv": [21, 45.5], "uv_size": [2.5, -2.5]}
							}
						},
						{
							"origin": [-6.00881, 37.61392, 120.9614],
							"size": [1.70107, 7.48114, 1.70107],
							"pivot": [-4.65827, 42.48449, 122.31194],
							"rotation": [-12.5, 0, -2.5],
							"uv": {
								"north": {"uv": [40, 33], "uv_size": [1.75, 7.5]},
								"east": {"uv": [35, 40], "uv_size": [1.75, 7.5]},
								"south": {"uv": [37, 40], "uv_size": [1.75, 7.5]},
								"west": {"uv": [41, 11], "uv_size": [1.75, 7.5]},
								"up": {"uv": [31, 47], "uv_size": [1.75, 1.75]},
								"down": {"uv": [6, 49.75], "uv_size": [1.75, -1.75]}
							}
						},
						{
							"origin": [-5.83727, 36.61017, 119.08636],
							"size": [1.70107, 2.48114, 1.70107],
							"pivot": [-4.94312, 38.54563, 120.36182],
							"rotation": [-53.95534, 31.81666, 18.48998],
							"uv": {
								"north": {"uv": [24, 43], "uv_size": [1.75, 2.5]},
								"east": {"uv": [44, 41], "uv_size": [1.75, 2.5]},
								"south": {"uv": [44, 44], "uv_size": [1.75, 2.5]},
								"west": {"uv": [0, 45], "uv_size": [1.75, 2.5]},
								"up": {"uv": [8, 48], "uv_size": [1.75, 1.75]},
								"down": {"uv": [10, 49.75], "uv_size": [1.75, -1.75]}
							}
						},
						{
							"origin": [-7.08399, 36.44539, 118.10351],
							"size": [1.30982, 1.91048, 1.30982],
							"pivot": [-6.42907, 37.40063, 118.75842],
							"rotation": [-18.95534, 31.81666, 18.48998],
							"uv": {
								"north": {"uv": [18, 48], "uv_size": [1.25, 2]},
								"east": {"uv": [20, 48], "uv_size": [1.25, 2]},
								"south": {"uv": [22, 48], "uv_size": [1.25, 2]},
								"west": {"uv": [48, 24], "uv_size": [1.25, 2]},
								"up": {"uv": [39, 49], "uv_size": [1.25, 1.25]},
								"down": {"uv": [41, 50.25], "uv_size": [1.25, -1.25]}
							}
						},
						{
							"origin": [-5.62528, 37.15576, 119.95156],
							"size": [1.70107, 2.48114, 1.70107],
							"pivot": [-4.94312, 39.54563, 120.36182],
							"rotation": [-51.93606, -35.80852, -27.11562],
							"uv": {
								"north": {"uv": [2, 45], "uv_size": [1.75, 2.5]},
								"east": {"uv": [4, 45], "uv_size": [1.75, 2.5]},
								"south": {"uv": [6, 45], "uv_size": [1.75, 2.5]},
								"west": {"uv": [8, 45], "uv_size": [1.75, 2.5]},
								"up": {"uv": [48, 11], "uv_size": [1.75, 1.75]},
								"down": {"uv": [12, 49.75], "uv_size": [1.75, -1.75]}
							}
						},
						{
							"origin": [-5.55707, 37.39475, 119.99259],
							"size": [1.53096, 2.23303, 1.53096],
							"pivot": [-4.94312, 39.54563, 120.36182],
							"rotation": [47.11474, -69.34636, -158.17067],
							"uv": {
								"north": {"uv": [14, 46], "uv_size": [1.5, 2.25]},
								"east": {"uv": [33, 46], "uv_size": [1.5, 2.25]},
								"south": {"uv": [46, 34], "uv_size": [1.5, 2.25]},
								"west": {"uv": [46, 41], "uv_size": [1.5, 2.25]},
								"up": {"uv": [35, 48], "uv_size": [1.5, 1.5]},
								"down": {"uv": [37, 49.5], "uv_size": [1.5, -1.5]}
							}
						},
						{
							"origin": [-3.60639, 38.66257, 120.57851],
							"size": [1.25879, 1.83604, 1.25879],
							"pivot": [-3.10158, 40.43107, 120.8821],
							"rotation": [102.11474, -69.34636, -158.17067],
							"uv": {
								"north": {"uv": [48, 41], "uv_size": [1.25, 1.75]},
								"east": {"uv": [48, 43], "uv_size": [1.25, 1.75]},
								"south": {"uv": [48, 45], "uv_size": [1.25, 1.75]},
								"west": {"uv": [48, 47], "uv_size": [1.25, 1.75]},
								"up": {"uv": [43, 49], "uv_size": [1.25, 1.25]},
								"down": {"uv": [45, 50.25], "uv_size": [1.25, -1.25]}
							}
						},
						{
							"origin": [-3.87957, 36.9263, 118.57795],
							"size": [1.30982, 1.91048, 1.30982],
							"pivot": [-3.3543, 38.7665, 118.89385],
							"rotation": [-26.93606, -35.80852, -27.11562],
							"uv": {
								"north": {"uv": [48, 26], "uv_size": [1.25, 2]},
								"east": {"uv": [48, 28], "uv_size": [1.25, 2]},
								"south": {"uv": [48, 30], "uv_size": [1.25, 2]},
								"west": {"uv": [48, 34], "uv_size": [1.25, 2]},
								"up": {"uv": [47, 49], "uv_size": [1.25, 1.25]},
								"down": {"uv": [49, 50.25], "uv_size": [1.25, -1.25]}
							}
						},
						{
							"origin": [-5.83727, 36.61017, 119.08636],
							"size": [1.70107, 2.48114, 1.70107],
							"pivot": [-4.94312, 38.54563, 120.36182],
							"rotation": [-72.40532, -4.32875, -5.00477],
							"uv": {
								"north": {"uv": [10, 45], "uv_size": [1.75, 2.5]},
								"east": {"uv": [12, 45], "uv_size": [1.75, 2.5]},
								"south": {"uv": [17, 45], "uv_size": [1.75, 2.5]},
								"west": {"uv": [19, 45], "uv_size": [1.75, 2.5]},
								"up": {"uv": [48, 13], "uv_size": [1.75, 1.75]},
								"down": {"uv": [16, 49.75], "uv_size": [1.75, -1.75]}
							}
						},
						{
							"origin": [-5.40986, 35.76037, 117.72332],
							"size": [1.24178, 2.54123, 1.24178],
							"pivot": [-4.75712, 37.90326, 118.6544],
							"rotation": [-44.90532, -4.32875, -5.00477],
							"uv": {
								"north": {"uv": [46, 44], "uv_size": [1.25, 2.5]},
								"east": {"uv": [25, 47], "uv_size": [1.25, 2.5]},
								"south": {"uv": [27, 47], "uv_size": [1.25, 2.5]},
								"west": {"uv": [29, 47], "uv_size": [1.25, 2.5]},
								"up": {"uv": [0, 50], "uv_size": [1.25, 1.25]},
								"down": {"uv": [50, 1.25], "uv_size": [1.25, -1.25]}
							}
						}
					]
				},
				{
					"name": "rightBracoFrontal",
					"parent": "corpo4",
					"pivot": [-4.53169, 32.17155, 37.83578],
					"rotation": [99.717, -24.75399, 25.11904],
					"cubes": [
						{
							"origin": [-6.92163, 22.14053, 37.28351],
							"size": [3.1416, 9.0174, 3.0116],
							"uv": {
								"north": {"uv": [9, 18], "uv_size": [3.25, 9]},
								"east": {"uv": [4, 33], "uv_size": [3, 9]},
								"south": {"uv": [0, 33], "uv_size": [3.25, 9]},
								"west": {"uv": [7, 33], "uv_size": [3, 9]},
								"up": {"uv": [5, 42], "uv_size": [3.25, 3]},
								"down": {"uv": [42, 9], "uv_size": [3.25, -3]}
							}
						},
						{
							"origin": [-5.92163, 25.14053, 36.28351],
							"size": [3.1416, 5.0174, 3.0116],
							"uv": {
								"north": {"uv": [36, 35], "uv_size": [3.25, 5]},
								"east": {"uv": [38, 11], "uv_size": [3, 5]},
								"south": {"uv": [38, 6], "uv_size": [3.25, 5]},
								"west": {"uv": [38, 16], "uv_size": [3, 5]},
								"up": {"uv": [17, 42], "uv_size": [3.25, 3]},
								"down": {"uv": [42, 24], "uv_size": [3.25, -3]}
							}
						},
						{
							"origin": [-7.28233, 29.11399, 36.92282],
							"size": [3.73299, 4.09369, 3.73299],
							"pivot": [-4.91583, 32.66083, 39.28931],
							"rotation": [0, 0, 20],
							"uv": {
								"north": {"uv": [18, 38], "uv_size": [3.75, 4]},
								"east": {"uv": [38, 21], "uv_size": [3.75, 4]},
								"south": {"uv": [10, 39], "uv_size": [3.75, 4]},
								"west": {"uv": [22, 39], "uv_size": [3.75, 4]},
								"up": {"uv": [39, 25], "uv_size": [3.75, 3.75]},
								"down": {"uv": [39, 32.75], "uv_size": [3.75, -3.75]}
							}
						}
					]
				},
				{
					"name": "rightAnte",
					"parent": "rightBracoFrontal",
					"pivot": [-4.6536, 22.28755, 40.41931],
					"cubes": [
						{
							"origin": [-6.76397, 17.60011, 38.2838],
							"size": [2.53067, 5.41134, 2.53067],
							"pivot": [-4.6536, 23.28755, 40.41931],
							"rotation": [-12.5, 0, -2.5],
							"uv": {
								"north": {"uv": [14, 40], "uv_size": [2.5, 5.5]},
								"east": {"uv": [26, 40], "uv_size": [2.5, 5.5]},
								"south": {"uv": [29, 40], "uv_size": [2.5, 5.5]},
								"west": {"uv": [32, 40], "uv_size": [2.5, 5.5]},
								"up": {"uv": [43, 15], "uv_size": [2.5, 2.5]},
								"down": {"uv": [21, 45.5], "uv_size": [2.5, -2.5]}
							}
						},
						{
							"origin": [-6.00881, 10.61392, 36.9614],
							"size": [1.70107, 7.48114, 1.70107],
							"pivot": [-4.65827, 15.48449, 38.31194],
							"rotation": [-12.5, 0, -2.5],
							"uv": {
								"north": {"uv": [40, 33], "uv_size": [1.75, 7.5]},
								"east": {"uv": [35, 40], "uv_size": [1.75, 7.5]},
								"south": {"uv": [37, 40], "uv_size": [1.75, 7.5]},
								"west": {"uv": [41, 11], "uv_size": [1.75, 7.5]},
								"up": {"uv": [31, 47], "uv_size": [1.75, 1.75]},
								"down": {"uv": [6, 49.75], "uv_size": [1.75, -1.75]}
							}
						},
						{
							"origin": [-5.83727, 9.61017, 35.08636],
							"size": [1.70107, 2.48114, 1.70107],
							"pivot": [-4.94312, 11.54563, 36.36182],
							"rotation": [-53.95534, 31.81666, 18.48998],
							"uv": {
								"north": {"uv": [24, 43], "uv_size": [1.75, 2.5]},
								"east": {"uv": [44, 41], "uv_size": [1.75, 2.5]},
								"south": {"uv": [44, 44], "uv_size": [1.75, 2.5]},
								"west": {"uv": [0, 45], "uv_size": [1.75, 2.5]},
								"up": {"uv": [8, 48], "uv_size": [1.75, 1.75]},
								"down": {"uv": [10, 49.75], "uv_size": [1.75, -1.75]}
							}
						},
						{
							"origin": [-7.08399, 9.44539, 34.10351],
							"size": [1.30982, 1.91048, 1.30982],
							"pivot": [-6.42907, 10.40063, 34.75842],
							"rotation": [-18.95534, 31.81666, 18.48998],
							"uv": {
								"north": {"uv": [18, 48], "uv_size": [1.25, 2]},
								"east": {"uv": [20, 48], "uv_size": [1.25, 2]},
								"south": {"uv": [22, 48], "uv_size": [1.25, 2]},
								"west": {"uv": [48, 24], "uv_size": [1.25, 2]},
								"up": {"uv": [39, 49], "uv_size": [1.25, 1.25]},
								"down": {"uv": [41, 50.25], "uv_size": [1.25, -1.25]}
							}
						},
						{
							"origin": [-5.62528, 10.15576, 35.95156],
							"size": [1.70107, 2.48114, 1.70107],
							"pivot": [-4.94312, 12.54563, 36.36182],
							"rotation": [-51.93606, -35.80852, -27.11562],
							"uv": {
								"north": {"uv": [2, 45], "uv_size": [1.75, 2.5]},
								"east": {"uv": [4, 45], "uv_size": [1.75, 2.5]},
								"south": {"uv": [6, 45], "uv_size": [1.75, 2.5]},
								"west": {"uv": [8, 45], "uv_size": [1.75, 2.5]},
								"up": {"uv": [48, 11], "uv_size": [1.75, 1.75]},
								"down": {"uv": [12, 49.75], "uv_size": [1.75, -1.75]}
							}
						},
						{
							"origin": [-5.55707, 10.39475, 35.99259],
							"size": [1.53096, 2.23303, 1.53096],
							"pivot": [-4.94312, 12.54563, 36.36182],
							"rotation": [47.11474, -69.34636, -158.17067],
							"uv": {
								"north": {"uv": [14, 46], "uv_size": [1.5, 2.25]},
								"east": {"uv": [33, 46], "uv_size": [1.5, 2.25]},
								"south": {"uv": [46, 34], "uv_size": [1.5, 2.25]},
								"west": {"uv": [46, 41], "uv_size": [1.5, 2.25]},
								"up": {"uv": [35, 48], "uv_size": [1.5, 1.5]},
								"down": {"uv": [37, 49.5], "uv_size": [1.5, -1.5]}
							}
						},
						{
							"origin": [-3.60639, 11.66257, 36.57851],
							"size": [1.25879, 1.83604, 1.25879],
							"pivot": [-3.10158, 13.43107, 36.8821],
							"rotation": [102.11474, -69.34636, -158.17067],
							"uv": {
								"north": {"uv": [48, 41], "uv_size": [1.25, 1.75]},
								"east": {"uv": [48, 43], "uv_size": [1.25, 1.75]},
								"south": {"uv": [48, 45], "uv_size": [1.25, 1.75]},
								"west": {"uv": [48, 47], "uv_size": [1.25, 1.75]},
								"up": {"uv": [43, 49], "uv_size": [1.25, 1.25]},
								"down": {"uv": [45, 50.25], "uv_size": [1.25, -1.25]}
							}
						},
						{
							"origin": [-3.87957, 9.9263, 34.57795],
							"size": [1.30982, 1.91048, 1.30982],
							"pivot": [-3.3543, 11.7665, 34.89385],
							"rotation": [-26.93606, -35.80852, -27.11562],
							"uv": {
								"north": {"uv": [48, 26], "uv_size": [1.25, 2]},
								"east": {"uv": [48, 28], "uv_size": [1.25, 2]},
								"south": {"uv": [48, 30], "uv_size": [1.25, 2]},
								"west": {"uv": [48, 34], "uv_size": [1.25, 2]},
								"up": {"uv": [47, 49], "uv_size": [1.25, 1.25]},
								"down": {"uv": [49, 50.25], "uv_size": [1.25, -1.25]}
							}
						},
						{
							"origin": [-5.83727, 9.61017, 35.08636],
							"size": [1.70107, 2.48114, 1.70107],
							"pivot": [-4.94312, 11.54563, 36.36182],
							"rotation": [-72.40532, -4.32875, -5.00477],
							"uv": {
								"north": {"uv": [10, 45], "uv_size": [1.75, 2.5]},
								"east": {"uv": [12, 45], "uv_size": [1.75, 2.5]},
								"south": {"uv": [17, 45], "uv_size": [1.75, 2.5]},
								"west": {"uv": [19, 45], "uv_size": [1.75, 2.5]},
								"up": {"uv": [48, 13], "uv_size": [1.75, 1.75]},
								"down": {"uv": [16, 49.75], "uv_size": [1.75, -1.75]}
							}
						},
						{
							"origin": [-5.40986, 8.76037, 33.72332],
							"size": [1.24178, 2.54123, 1.24178],
							"pivot": [-4.75712, 10.90326, 34.6544],
							"rotation": [-44.90532, -4.32875, -5.00477],
							"uv": {
								"north": {"uv": [46, 44], "uv_size": [1.25, 2.5]},
								"east": {"uv": [25, 47], "uv_size": [1.25, 2.5]},
								"south": {"uv": [27, 47], "uv_size": [1.25, 2.5]},
								"west": {"uv": [29, 47], "uv_size": [1.25, 2.5]},
								"up": {"uv": [0, 50], "uv_size": [1.25, 1.25]},
								"down": {"uv": [50, 1.25], "uv_size": [1.25, -1.25]}
							}
						}
					]
				},
				{
					"name": "leftBracoFrontal",
					"parent": "corpo4",
					"pivot": [4.53169, 32.17155, 37.83578],
					"rotation": [99.717, 24.75399, -25.11904],
					"cubes": [
						{
							"origin": [3.78003, 22.14053, 37.28351],
							"size": [3.1416, 9.0174, 3.0116],
							"uv": {
								"north": {"uv": [12.25, 18], "uv_size": [-3.25, 9]},
								"east": {"uv": [10, 33], "uv_size": [-3, 9]},
								"south": {"uv": [3.25, 33], "uv_size": [-3.25, 9]},
								"west": {"uv": [7, 33], "uv_size": [-3, 9]},
								"up": {"uv": [8.25, 42], "uv_size": [-3.25, 3]},
								"down": {"uv": [45.25, 9], "uv_size": [-3.25, -3]}
							}
						},
						{
							"origin": [2.78003, 25.14053, 36.28351],
							"size": [3.1416, 5.0174, 3.0116],
							"uv": {
								"north": {"uv": [39.25, 35], "uv_size": [-3.25, 5]},
								"east": {"uv": [41, 16], "uv_size": [-3, 5]},
								"south": {"uv": [41.25, 6], "uv_size": [-3.25, 5]},
								"west": {"uv": [41, 11], "uv_size": [-3, 5]},
								"up": {"uv": [20.25, 42], "uv_size": [-3.25, 3]},
								"down": {"uv": [45.25, 24], "uv_size": [-3.25, -3]}
							}
						},
						{
							"origin": [3.54934, 29.11399, 36.92282],
							"size": [3.73299, 4.09369, 3.73299],
							"pivot": [4.91583, 32.66083, 39.28931],
							"rotation": [0, 0, -20],
							"uv": {
								"north": {"uv": [21.75, 38], "uv_size": [-3.75, 4]},
								"east": {"uv": [25.75, 39], "uv_size": [-3.75, 4]},
								"south": {"uv": [13.75, 39], "uv_size": [-3.75, 4]},
								"west": {"uv": [41.75, 21], "uv_size": [-3.75, 4]},
								"up": {"uv": [42.75, 25], "uv_size": [-3.75, 3.75]},
								"down": {"uv": [42.75, 32.75], "uv_size": [-3.75, -3.75]}
							}
						}
					]
				},
				{
					"name": "leftAnte",
					"parent": "leftBracoFrontal",
					"pivot": [4.6536, 22.28755, 40.41931],
					"cubes": [
						{
							"origin": [4.2333, 17.60011, 38.2838],
							"size": [2.53067, 5.41134, 2.53067],
							"pivot": [4.6536, 23.28755, 40.41931],
							"rotation": [-12.5, 0, 2.5],
							"uv": {
								"north": {"uv": [16.5, 40], "uv_size": [-2.5, 5.5]},
								"east": {"uv": [34.5, 40], "uv_size": [-2.5, 5.5]},
								"south": {"uv": [31.5, 40], "uv_size": [-2.5, 5.5]},
								"west": {"uv": [28.5, 40], "uv_size": [-2.5, 5.5]},
								"up": {"uv": [45.5, 15], "uv_size": [-2.5, 2.5]},
								"down": {"uv": [23.5, 45.5], "uv_size": [-2.5, -2.5]}
							}
						},
						{
							"origin": [4.30774, 10.61392, 36.9614],
							"size": [1.70107, 7.48114, 1.70107],
							"pivot": [4.65827, 15.48449, 38.31194],
							"rotation": [-12.5, 0, 2.5],
							"uv": {
								"north": {"uv": [41.75, 33], "uv_size": [-1.75, 7.5]},
								"east": {"uv": [42.75, 11], "uv_size": [-1.75, 7.5]},
								"south": {"uv": [38.75, 40], "uv_size": [-1.75, 7.5]},
								"west": {"uv": [36.75, 40], "uv_size": [-1.75, 7.5]},
								"up": {"uv": [32.75, 47], "uv_size": [-1.75, 1.75]},
								"down": {"uv": [7.75, 49.75], "uv_size": [-1.75, -1.75]}
							}
						},
						{
							"origin": [4.1362, 9.61017, 35.08636],
							"size": [1.70107, 2.48114, 1.70107],
							"pivot": [4.94312, 11.54563, 36.36182],
							"rotation": [-53.95534, -31.81666, -18.48998],
							"uv": {
								"north": {"uv": [25.75, 43], "uv_size": [-1.75, 2.5]},
								"east": {"uv": [1.75, 45], "uv_size": [-1.75, 2.5]},
								"south": {"uv": [45.75, 44], "uv_size": [-1.75, 2.5]},
								"west": {"uv": [45.75, 41], "uv_size": [-1.75, 2.5]},
								"up": {"uv": [9.75, 48], "uv_size": [-1.75, 1.75]},
								"down": {"uv": [11.75, 49.75], "uv_size": [-1.75, -1.75]}
							}
						},
						{
							"origin": [5.77416, 9.44539, 34.10351],
							"size": [1.30982, 1.91048, 1.30982],
							"pivot": [6.42907, 10.40063, 34.75842],
							"rotation": [-18.95534, -31.81666, -18.48998],
							"uv": {
								"north": {"uv": [19.25, 48], "uv_size": [-1.25, 2]},
								"east": {"uv": [49.25, 24], "uv_size": [-1.25, 2]},
								"south": {"uv": [23.25, 48], "uv_size": [-1.25, 2]},
								"west": {"uv": [21.25, 48], "uv_size": [-1.25, 2]},
								"up": {"uv": [40.25, 49], "uv_size": [-1.25, 1.25]},
								"down": {"uv": [42.25, 50.25], "uv_size": [-1.25, -1.25]}
							}
						},
						{
							"origin": [3.92421, 10.15576, 35.95156],
							"size": [1.70107, 2.48114, 1.70107],
							"pivot": [4.94312, 12.54563, 36.36182],
							"rotation": [-51.93606, 35.80852, 27.11562],
							"uv": {
								"north": {"uv": [3.75, 45], "uv_size": [-1.75, 2.5]},
								"east": {"uv": [9.75, 45], "uv_size": [-1.75, 2.5]},
								"south": {"uv": [7.75, 45], "uv_size": [-1.75, 2.5]},
								"west": {"uv": [5.75, 45], "uv_size": [-1.75, 2.5]},
								"up": {"uv": [49.75, 11], "uv_size": [-1.75, 1.75]},
								"down": {"uv": [13.75, 49.75], "uv_size": [-1.75, -1.75]}
							}
						},
						{
							"origin": [4.0261, 10.39475, 35.99259],
							"size": [1.53096, 2.23303, 1.53096],
							"pivot": [4.94312, 12.54563, 36.36182],
							"rotation": [47.11474, 69.34636, 158.17067],
							"uv": {
								"north": {"uv": [15.5, 46], "uv_size": [-1.5, 2.25]},
								"east": {"uv": [47.5, 41], "uv_size": [-1.5, 2.25]},
								"south": {"uv": [47.5, 34], "uv_size": [-1.5, 2.25]},
								"west": {"uv": [34.5, 46], "uv_size": [-1.5, 2.25]},
								"up": {"uv": [36.5, 48], "uv_size": [-1.5, 1.5]},
								"down": {"uv": [38.5, 49.5], "uv_size": [-1.5, -1.5]}
							}
						},
						{
							"origin": [2.3476, 11.66257, 36.57851],
							"size": [1.25879, 1.83604, 1.25879],
							"pivot": [3.10158, 13.43107, 36.8821],
							"rotation": [102.11474, 69.34636, 158.17067],
							"uv": {
								"north": {"uv": [49.25, 41], "uv_size": [-1.25, 1.75]},
								"east": {"uv": [49.25, 47], "uv_size": [-1.25, 1.75]},
								"south": {"uv": [49.25, 45], "uv_size": [-1.25, 1.75]},
								"west": {"uv": [49.25, 43], "uv_size": [-1.25, 1.75]},
								"up": {"uv": [44.25, 49], "uv_size": [-1.25, 1.25]},
								"down": {"uv": [46.25, 50.25], "uv_size": [-1.25, -1.25]}
							}
						},
						{
							"origin": [2.56974, 9.9263, 34.57795],
							"size": [1.30982, 1.91048, 1.30982],
							"pivot": [3.3543, 11.7665, 34.89385],
							"rotation": [-26.93606, 35.80852, 27.11562],
							"uv": {
								"north": {"uv": [49.25, 26], "uv_size": [-1.25, 2]},
								"east": {"uv": [49.25, 34], "uv_size": [-1.25, 2]},
								"south": {"uv": [49.25, 30], "uv_size": [-1.25, 2]},
								"west": {"uv": [49.25, 28], "uv_size": [-1.25, 2]},
								"up": {"uv": [48.25, 49], "uv_size": [-1.25, 1.25]},
								"down": {"uv": [50.25, 50.25], "uv_size": [-1.25, -1.25]}
							}
						},
						{
							"origin": [4.1362, 9.61017, 35.08636],
							"size": [1.70107, 2.48114, 1.70107],
							"pivot": [4.94312, 11.54563, 36.36182],
							"rotation": [-72.40532, 4.32875, 5.00477],
							"uv": {
								"north": {"uv": [11.75, 45], "uv_size": [-1.75, 2.5]},
								"east": {"uv": [20.75, 45], "uv_size": [-1.75, 2.5]},
								"south": {"uv": [18.75, 45], "uv_size": [-1.75, 2.5]},
								"west": {"uv": [13.75, 45], "uv_size": [-1.75, 2.5]},
								"up": {"uv": [49.75, 13], "uv_size": [-1.75, 1.75]},
								"down": {"uv": [17.75, 49.75], "uv_size": [-1.75, -1.75]}
							}
						},
						{
							"origin": [4.16808, 8.76037, 33.72332],
							"size": [1.24178, 2.54123, 1.24178],
							"pivot": [4.75712, 10.90326, 34.6544],
							"rotation": [-44.90532, 4.32875, 5.00477],
							"uv": {
								"north": {"uv": [47.25, 44], "uv_size": [-1.25, 2.5]},
								"east": {"uv": [30.25, 47], "uv_size": [-1.25, 2.5]},
								"south": {"uv": [28.25, 47], "uv_size": [-1.25, 2.5]},
								"west": {"uv": [26.25, 47], "uv_size": [-1.25, 2.5]},
								"up": {"uv": [1.25, 50], "uv_size": [-1.25, 1.25]},
								"down": {"uv": [51.25, 1.25], "uv_size": [-1.25, -1.25]}
							}
						}
					]
				}
			]
		}
	]
}