{
	"format_version": "1.12.0",
	"minecraft:geometry": [
		{
			"description": {
				"identifier": "geometry.sukuna",
				"texture_width": 64,
				"texture_height": 64,
				"visible_bounds_width": 3,
				"visible_bounds_height": 3.5,
				"visible_bounds_offset": [0, 1.25, 0]
			},
			"bones": [
				{
					"name": "Tudo",
					"pivot": [0, 12.72, 0]
				},
				{
					"name": "Corpo",
					"parent": "Tudo",
					"pivot": [0, 24.60557, 0],
					"cubes": [
						{
							"origin": [-4.10093, 12.30278, -2.05046],
							"size": [8.20186, 12.30278, 4.10093],
							"uv": {
								"north": {"uv": [0, 0], "uv_size": [8.25, 12.25]},
								"east": {"uv": [16, 19], "uv_size": [4, 12.25]},
								"south": {"uv": [9, 0], "uv_size": [8.25, 12.25]},
								"west": {"uv": [0, 20], "uv_size": [4, 12.25]},
								"up": {"uv": [43, 37], "uv_size": [8.25, 4]},
								"down": {"uv": [19, 49], "uv_size": [8.25, -4]}
							}
						}
					],
					"locators": {
						"sukuna": [0, 19, 0]
					}
				},
				{
					"name": "Roupa",
					"parent": "Corpo",
					"pivot": [4.55047, 22.95417, -1.05046],
					"rotation": [-7.5, 0, 90],
					"cubes": [
						{
							"origin": [3, 16.30278, -1.05046],
							"size": [5.10093, 3.30278, 0],
							"pivot": [4.05047, 18.45417, -2.05046],
							"rotation": [0, 0, -90],
							"uv": {
								"north": {"uv": [61, 41.5], "uv_size": [3, 3.25]},
								"east": {"uv": [25, 6], "uv_size": [4, 12.25]},
								"south": {"uv": [64, 43.75], "uv_size": [0, -0.25]},
								"west": {"uv": [29, 0], "uv_size": [4, 12.25]},
								"up": {"uv": [0, 50], "uv_size": [4, 4]},
								"down": {"uv": [4, 54], "uv_size": [4, -4]}
							}
						}
					]
				},
				{
					"name": "rightBraco",
					"parent": "Corpo",
					"pivot": [-5.12616, 22.5551, 0],
					"cubes": [
						{
							"origin": [-8.20186, 12.30278, -2.05046],
							"size": [4.10093, 12.30278, 4.10093],
							"uv": {
								"north": {"uv": [4, 20], "uv_size": [4, 12.25]},
								"east": {"uv": [8, 20], "uv_size": [4, 12.25]},
								"south": {"uv": [12, 20], "uv_size": [4, 12.25]},
								"west": {"uv": [20, 19], "uv_size": [4, 12.25]},
								"up": {"uv": [43, 49], "uv_size": [4, 4]},
								"down": {"uv": [47, 53], "uv_size": [4, -4]}
							}
						}
					]
				},
				{
					"name": "leftBraco",
					"parent": "Corpo",
					"pivot": [5.12616, 22.5551, 0],
					"cubes": [
						{
							"origin": [4.10093, 12.30278, -2.05046],
							"size": [4.10093, 12.30278, 4.10093],
							"uv": {
								"north": {"uv": [24, 19], "uv_size": [4, 12.25]},
								"east": {"uv": [25, 6], "uv_size": [4, 12.25]},
								"south": {"uv": [28, 19], "uv_size": [4, 12.25]},
								"west": {"uv": [29, 0], "uv_size": [4, 12.25]},
								"up": {"uv": [0, 50], "uv_size": [4, 4]},
								"down": {"uv": [4, 54], "uv_size": [4, -4]}
							}
						}
					]
				},
				{
					"name": "rightPerna",
					"parent": "Corpo",
					"pivot": [-1.94794, 12.30278, 0],
					"cubes": [
						{
							"origin": [-3.9984, 0, -2.05046],
							"size": [4.10093, 12.30278, 4.10093],
							"uv": {
								"north": {"uv": [32, 13], "uv_size": [4, 12.25]},
								"east": {"uv": [16, 32], "uv_size": [4, 12.25]},
								"south": {"uv": [20, 32], "uv_size": [4, 12.25]},
								"west": {"uv": [24, 32], "uv_size": [4, 12.25]},
								"up": {"uv": [50, 6], "uv_size": [4, 4]},
								"down": {"uv": [50, 14], "uv_size": [4, -4]}
							}
						},
						{
							"origin": [-4.10093, -0.10252, -2.17349],
							"size": [4.34698, 2.6656, 4.34698],
							"uv": {
								"north": {"uv": [26, 51], "uv_size": [4.25, 2.75]},
								"east": {"uv": [31, 51], "uv_size": [4.25, 2.75]},
								"south": {"uv": [36, 51], "uv_size": [4.25, 2.75]},
								"west": {"uv": [51, 49], "uv_size": [4.25, 2.75]},
								"up": {"uv": [11, 33], "uv_size": [4.25, 4.25]},
								"down": {"uv": [11, 42.25], "uv_size": [4.25, -4.25]}
							}
						}
					]
				},
				{
					"name": "leftPerna",
					"parent": "Corpo",
					"pivot": [1.94794, 12.30278, 0],
					"cubes": [
						{
							"origin": [-0.10253, 0, -2.05046],
							"size": [4.10093, 12.30278, 4.10093],
							"uv": {
								"north": {"uv": [32, 26], "uv_size": [4, 12.25]},
								"east": {"uv": [28, 32], "uv_size": [4, 12.25]},
								"south": {"uv": [0, 33], "uv_size": [4, 12.25]},
								"west": {"uv": [33, 0], "uv_size": [4, 12.25]},
								"up": {"uv": [50, 14], "uv_size": [4, 4]},
								"down": {"uv": [8, 55], "uv_size": [4, -4]}
							}
						},
						{
							"origin": [-0.24605, -0.10252, -2.17349],
							"size": [4.34698, 2.6656, 4.34698],
							"uv": {
								"north": {"uv": [52, 0], "uv_size": [4.25, 2.75]},
								"east": {"uv": [52, 3], "uv_size": [4.25, 2.75]},
								"south": {"uv": [18, 52], "uv_size": [4.25, 2.75]},
								"west": {"uv": [52, 37], "uv_size": [4.25, 2.75]},
								"up": {"uv": [49, 25], "uv_size": [4.25, 4.25]},
								"down": {"uv": [49, 34.25], "uv_size": [4.25, -4.25]}
							}
						}
					]
				},
				{
					"name": "head",
					"parent": "Corpo",
					"pivot": [0, 24.12, 0],
					"cubes": [
						{
							"origin": [-3.52, 24.12, -3.52],
							"size": [7.04, 7.04, 7.04],
							"uv": {
								"north": {"uv": [18, 6], "uv_size": [7, 7]},
								"east": {"uv": [4, 33], "uv_size": [7, 7]},
								"south": {"uv": [36, 13], "uv_size": [7, 7]},
								"west": {"uv": [36, 20], "uv_size": [7, 7]},
								"up": {"uv": [36, 27], "uv_size": [7, 7]},
								"down": {"uv": [36, 41], "uv_size": [7, -7]}
							}
						}
					]
				},
				{
					"name": "Cabelo",
					"parent": "head",
					"pivot": [0, 19.12, 1],
					"cubes": [
						{
							"origin": [-4, 28.12, -3],
							"size": [8, 3, 7],
							"uv": {
								"north": {"uv": [0, 47], "uv_size": [8, 3]},
								"east": {"uv": [36, 48], "uv_size": [7, 3]},
								"south": {"uv": [28, 48], "uv_size": [8, 3]},
								"west": {"uv": [19, 49], "uv_size": [7, 3]},
								"up": {"uv": [0, 13], "uv_size": [8, 7]},
								"down": {"uv": [8, 20], "uv_size": [8, -7]}
							}
						},
						{
							"origin": [-3, 31.12, -3.5],
							"size": [6, 2, 7.5],
							"uv": {
								"north": {"uv": [37, 11], "uv_size": [6, 2]},
								"east": {"uv": [49, 35], "uv_size": [8, 2]},
								"south": {"uv": [12, 51], "uv_size": [6, 2]},
								"west": {"uv": [50, 18], "uv_size": [8, 2]},
								"up": {"uv": [43, 21], "uv_size": [6, 8]},
								"down": {"uv": [43, 37], "uv_size": [6, -8]}
							}
						},
						{
							"origin": [-4, 31.12, -3],
							"size": [8, 1, 6],
							"uv": {
								"north": {"uv": [50, 20], "uv_size": [8, 1]},
								"east": {"uv": [44, 6], "uv_size": [6, 1]},
								"south": {"uv": [52, 40], "uv_size": [8, 1]},
								"west": {"uv": [12, 53], "uv_size": [6, 1]},
								"up": {"uv": [44, 0], "uv_size": [8, 6]},
								"down": {"uv": [11, 51], "uv_size": [8, -6]}
							}
						}
					]
				},
				{
					"name": "Mecha7",
					"parent": "Cabelo",
					"pivot": [-1.72853, 31.62534, -3.28976],
					"rotation": [169.09269, -68.06472, 129.51007],
					"cubes": [
						{
							"origin": [-2.10299, 32.59582, -3.51065],
							"size": [1.056, 1.056, 1.056],
							"pivot": [-2.01768, 29.9801, 0.17363],
							"rotation": [10, 0, 0],
							"uv": {
								"north": {"uv": [18, 51], "uv_size": [1, 1]},
								"east": {"uv": [57, 26], "uv_size": [1, 1]},
								"south": {"uv": [27, 57], "uv_size": [1, 1]},
								"west": {"uv": [57, 27], "uv_size": [1, 1]},
								"up": {"uv": [28, 57], "uv_size": [1, 1]},
								"down": {"uv": [57, 29], "uv_size": [1, -1]}
							}
						},
						{
							"origin": [-2.10299, 31.4384, -4.05555],
							"size": [1.056, 0.528, 1.056],
							"pivot": [-2.01768, 29.03983, 0.12005],
							"rotation": [-2.5, 0, 0],
							"uv": {
								"north": {"uv": [34, 60], "uv_size": [1, 0.5]},
								"east": {"uv": [60, 34], "uv_size": [1, 0.5]},
								"south": {"uv": [35, 60], "uv_size": [1, 0.5]},
								"west": {"uv": [60, 35], "uv_size": [1, 0.5]},
								"up": {"uv": [57, 29], "uv_size": [1, 1]},
								"down": {"uv": [57, 31], "uv_size": [1, -1]}
							}
						},
						{
							"origin": [-1.91291, 34.09346, -2.95118],
							"size": [0.86592, 0.86592, 0.86592],
							"pivot": [-1.92264, 30.87436, 0.13589],
							"rotation": [20, 0, 0],
							"uv": {
								"north": {"uv": [59, 37], "uv_size": [0.75, 0.75]},
								"east": {"uv": [38, 59], "uv_size": [0.75, 0.75]},
								"south": {"uv": [59, 38], "uv_size": [0.75, 0.75]},
								"west": {"uv": [39, 59], "uv_size": [0.75, 0.75]},
								"up": {"uv": [59, 39], "uv_size": [0.75, 0.75]},
								"down": {"uv": [40, 59.75], "uv_size": [0.75, -0.75]}
							}
						},
						{
							"origin": [-1.71375, 35.42902, -2.1452],
							"size": [0.66676, 1.07332, 0.66676],
							"pivot": [-1.82306, 32.12226, -0.38627],
							"rotation": [40, 0, 0],
							"uv": {
								"north": {"uv": [51, 58], "uv_size": [0.75, 1]},
								"east": {"uv": [58, 51], "uv_size": [0.75, 1]},
								"south": {"uv": [52, 58], "uv_size": [0.75, 1]},
								"west": {"uv": [58, 52], "uv_size": [0.75, 1]},
								"up": {"uv": [41, 59], "uv_size": [0.75, 0.75]},
								"down": {"uv": [59, 41.75], "uv_size": [0.75, -0.75]}
							}
						}
					]
				},
				{
					"name": "Mecha2",
					"parent": "Cabelo",
					"pivot": [1.72853, 31.62534, -3.28976],
					"rotation": [169.09269, 68.06472, -129.51007],
					"cubes": [
						{
							"origin": [1.04699, 32.59582, -3.51065],
							"size": [1.056, 1.056, 1.056],
							"pivot": [2.01768, 29.9801, 0.17363],
							"rotation": [10, 0, 0],
							"uv": {
								"north": {"uv": [19, 51], "uv_size": [-1, 1]},
								"east": {"uv": [58, 27], "uv_size": [-1, 1]},
								"south": {"uv": [28, 57], "uv_size": [-1, 1]},
								"west": {"uv": [58, 26], "uv_size": [-1, 1]},
								"up": {"uv": [29, 57], "uv_size": [-1, 1]},
								"down": {"uv": [58, 29], "uv_size": [-1, -1]}
							}
						},
						{
							"origin": [1.04699, 31.4384, -4.05555],
							"size": [1.056, 0.528, 1.056],
							"pivot": [2.01768, 29.03983, 0.12005],
							"rotation": [-2.5, 0, 0],
							"uv": {
								"north": {"uv": [35, 60], "uv_size": [-1, 0.5]},
								"east": {"uv": [61, 35], "uv_size": [-1, 0.5]},
								"south": {"uv": [36, 60], "uv_size": [-1, 0.5]},
								"west": {"uv": [61, 34], "uv_size": [-1, 0.5]},
								"up": {"uv": [58, 29], "uv_size": [-1, 1]},
								"down": {"uv": [58, 31], "uv_size": [-1, -1]}
							}
						},
						{
							"origin": [1.04699, 34.09346, -2.95118],
							"size": [0.86592, 0.86592, 0.86592],
							"pivot": [1.92264, 30.87436, 0.13589],
							"rotation": [20, 0, 0],
							"uv": {
								"north": {"uv": [59.75, 37], "uv_size": [-0.75, 0.75]},
								"east": {"uv": [39.75, 59], "uv_size": [-0.75, 0.75]},
								"south": {"uv": [59.75, 38], "uv_size": [-0.75, 0.75]},
								"west": {"uv": [38.75, 59], "uv_size": [-0.75, 0.75]},
								"up": {"uv": [59.75, 39], "uv_size": [-0.75, 0.75]},
								"down": {"uv": [40.75, 59.75], "uv_size": [-0.75, -0.75]}
							}
						},
						{
							"origin": [1.04699, 35.42902, -2.1452],
							"size": [0.66676, 1.07332, 0.66676],
							"pivot": [1.82306, 32.12226, -0.38627],
							"rotation": [40, 0, 0],
							"uv": {
								"north": {"uv": [51.75, 58], "uv_size": [-0.75, 1]},
								"east": {"uv": [58.75, 52], "uv_size": [-0.75, 1]},
								"south": {"uv": [52.75, 58], "uv_size": [-0.75, 1]},
								"west": {"uv": [58.75, 51], "uv_size": [-0.75, 1]},
								"up": {"uv": [41.75, 59], "uv_size": [-0.75, 0.75]},
								"down": {"uv": [59.75, 41.75], "uv_size": [-0.75, -0.75]}
							}
						}
					]
				},
				{
					"name": "Mecha6",
					"parent": "Cabelo",
					"pivot": [3.13088, 30.73328, -2.67744],
					"rotation": [-45.16245, 77.15662, 15.25947],
					"cubes": [
						{
							"origin": [2.96216, 32.2414, -3.4249],
							"size": [0.86592, 0.86592, 0.86592],
							"pivot": [2.65416, 32.36523, 1.05813],
							"rotation": [20, 0, 0],
							"uv": {
								"north": {"uv": [46, 59], "uv_size": [0.75, 0.75]},
								"east": {"uv": [59, 46], "uv_size": [0.75, 0.75]},
								"south": {"uv": [47, 59], "uv_size": [0.75, 0.75]},
								"west": {"uv": [59, 47], "uv_size": [0.75, 0.75]},
								"up": {"uv": [48, 59], "uv_size": [0.75, 0.75]},
								"down": {"uv": [49, 59.75], "uv_size": [0.75, -0.75]}
							}
						},
						{
							"origin": [2.96216, 34.25601, -3.67808],
							"size": [0.66676, 1.07332, 0.66676],
							"pivot": [2.55458, 33.61313, 0.53597],
							"rotation": [40, 0, 0],
							"uv": {
								"north": {"uv": [55, 58], "uv_size": [0.75, 1]},
								"east": {"uv": [58, 55], "uv_size": [0.75, 1]},
								"south": {"uv": [56, 58], "uv_size": [0.75, 1]},
								"west": {"uv": [58, 56], "uv_size": [0.75, 1]},
								"up": {"uv": [59, 49], "uv_size": [0.75, 0.75]},
								"down": {"uv": [50, 59.75], "uv_size": [0.75, -0.75]}
							}
						}
					]
				},
				{
					"name": "Mecha8",
					"parent": "Cabelo",
					"pivot": [-3.13088, 30.73328, -2.67744],
					"rotation": [-45.16245, -77.15662, -15.25947],
					"cubes": [
						{
							"origin": [-3.82808, 32.2414, -3.4249],
							"size": [0.86592, 0.86592, 0.86592],
							"pivot": [-2.65416, 32.36523, 1.05813],
							"rotation": [20, 0, 0],
							"uv": {
								"north": {"uv": [46.75, 59], "uv_size": [-0.75, 0.75]},
								"east": {"uv": [59.75, 47], "uv_size": [-0.75, 0.75]},
								"south": {"uv": [47.75, 59], "uv_size": [-0.75, 0.75]},
								"west": {"uv": [59.75, 46], "uv_size": [-0.75, 0.75]},
								"up": {"uv": [48.75, 59], "uv_size": [-0.75, 0.75]},
								"down": {"uv": [49.75, 59.75], "uv_size": [-0.75, -0.75]}
							}
						},
						{
							"origin": [-3.62892, 34.25601, -3.67808],
							"size": [0.66676, 1.07332, 0.66676],
							"pivot": [-2.55458, 33.61313, 0.53597],
							"rotation": [40, 0, 0],
							"uv": {
								"north": {"uv": [55.75, 58], "uv_size": [-0.75, 1]},
								"east": {"uv": [58.75, 56], "uv_size": [-0.75, 1]},
								"south": {"uv": [56.75, 58], "uv_size": [-0.75, 1]},
								"west": {"uv": [58.75, 55], "uv_size": [-0.75, 1]},
								"up": {"uv": [59.75, 49], "uv_size": [-0.75, 0.75]},
								"down": {"uv": [50.75, 59.75], "uv_size": [-0.75, -0.75]}
							}
						}
					]
				},
				{
					"name": "Mecha15",
					"parent": "Cabelo",
					"pivot": [-2.72853, 28.62534, 3.28975],
					"rotation": [1.87185, 74.14626, -54.67668],
					"cubes": [
						{
							"origin": [-1.47543, 30.34424, 4.05001],
							"size": [1.056, 1.056, 2.056],
							"pivot": [-2.80095, 27.64945, 3.06751],
							"rotation": [-10, 0, 0],
							"uv": {
								"north": {"uv": [17, 58], "uv_size": [1, 1]},
								"east": {"uv": [41, 55], "uv_size": [2, 1]},
								"south": {"uv": [18, 58], "uv_size": [1, 1]},
								"west": {"uv": [55, 41], "uv_size": [2, 1]},
								"up": {"uv": [55, 42], "uv_size": [1, 2]},
								"down": {"uv": [43, 57], "uv_size": [1, -2]}
							}
						},
						{
							"origin": [-1.47543, 29.32472, 5.62734],
							"size": [1.056, 0.528, 1.056],
							"pivot": [-2.80095, 26.70918, 3.12109],
							"rotation": [2.5, 0, 0],
							"uv": {
								"north": {"uv": [54, 60], "uv_size": [1, 0.5]},
								"east": {"uv": [60, 54], "uv_size": [1, 0.5]},
								"south": {"uv": [55, 60], "uv_size": [1, 0.5]},
								"west": {"uv": [60, 55], "uv_size": [1, 0.5]},
								"up": {"uv": [58, 18], "uv_size": [1, 1]},
								"down": {"uv": [19, 59], "uv_size": [1, -1]}
							}
						},
						{
							"origin": [-1.28535, 30.72854, 3.67671],
							"size": [0.86592, 1.86592, 1.86592],
							"pivot": [-2.70591, 28.54371, 3.10525],
							"rotation": [-20, 0, 0],
							"uv": {
								"north": {"uv": [48, 56], "uv_size": [0.75, 1.75]},
								"east": {"uv": [27, 4], "uv_size": [1.75, 1.75]},
								"south": {"uv": [56, 49], "uv_size": [0.75, 1.75]},
								"west": {"uv": [26, 49], "uv_size": [1.75, 1.75]},
								"up": {"uv": [51, 56], "uv_size": [0.75, 1.75]},
								"down": {"uv": [56, 52.75], "uv_size": [0.75, -1.75]}
							}
						},
						{
							"origin": [-1.08619, 32.84395, 4.12079],
							"size": [0.66676, 1.07332, 0.66676],
							"pivot": [-2.60633, 29.79161, 3.62741],
							"rotation": [-40, 0, 0],
							"uv": {
								"north": {"uv": [59, 12], "uv_size": [0.75, 1]},
								"east": {"uv": [13, 59], "uv_size": [0.75, 1]},
								"south": {"uv": [14, 59], "uv_size": [0.75, 1]},
								"west": {"uv": [15, 59], "uv_size": [0.75, 1]},
								"up": {"uv": [10, 60], "uv_size": [0.75, 0.75]},
								"down": {"uv": [60, 10.75], "uv_size": [0.75, -0.75]}
							}
						}
					]
				},
				{
					"name": "Mecha9",
					"parent": "Cabelo",
					"pivot": [-2.72853, 28.62534, -1.28975],
					"rotation": [-1.87185, -74.14626, -54.67668],
					"cubes": [
						{
							"origin": [-3.39935, 30.42149, -4.64689],
							"size": [1.056, 1.056, 2.056],
							"pivot": [-2.80095, 27.64945, -1.06751],
							"rotation": [10, 0, 0],
							"uv": {
								"north": {"uv": [49, 57], "uv_size": [1, 1]},
								"east": {"uv": [47, 54], "uv_size": [2, 1]},
								"south": {"uv": [57, 49], "uv_size": [1, 1]},
								"west": {"uv": [21, 55], "uv_size": [2, 1]},
								"up": {"uv": [15, 43], "uv_size": [1, 2]},
								"down": {"uv": [55, 24], "uv_size": [1, -2]}
							}
						},
						{
							"origin": [-3.39935, 29.28307, -5.22811],
							"size": [1.056, 0.528, 1.056],
							"pivot": [-2.80095, 26.70918, -1.12109],
							"rotation": [-2.5, 0, 0],
							"uv": {
								"north": {"uv": [42, 60], "uv_size": [1, 0.5]},
								"east": {"uv": [60, 42], "uv_size": [1, 0.5]},
								"south": {"uv": [43, 60], "uv_size": [1, 0.5]},
								"west": {"uv": [60, 43], "uv_size": [1, 0.5]},
								"up": {"uv": [50, 57], "uv_size": [1, 1]},
								"down": {"uv": [57, 51], "uv_size": [1, -1]}
							}
						},
						{
							"origin": [-3.20927, 30.89854, -4.06187],
							"size": [0.86592, 1.86592, 1.86592],
							"pivot": [-2.70591, 28.54371, -1.10525],
							"rotation": [20, 0, 0],
							"uv": {
								"north": {"uv": [25, 56], "uv_size": [0.75, 1.75]},
								"east": {"uv": [27, 0], "uv_size": [1.75, 1.75]},
								"south": {"uv": [26, 56], "uv_size": [0.75, 1.75]},
								"west": {"uv": [27, 2], "uv_size": [1.75, 1.75]},
								"up": {"uv": [29, 56], "uv_size": [0.75, 1.75]},
								"down": {"uv": [30, 57.75], "uv_size": [0.75, -1.75]}
							}
						},
						{
							"origin": [-3.01011, 33.18129, -3.21733],
							"size": [0.66676, 1.07332, 0.66676],
							"pivot": [-2.60633, 29.79161, -1.62741],
							"rotation": [40, 0, 0],
							"uv": {
								"north": {"uv": [59, 0], "uv_size": [0.75, 1]},
								"east": {"uv": [1, 59], "uv_size": [0.75, 1]},
								"south": {"uv": [59, 1], "uv_size": [0.75, 1]},
								"west": {"uv": [2, 59], "uv_size": [0.75, 1]},
								"up": {"uv": [59, 54], "uv_size": [0.75, 0.75]},
								"down": {"uv": [55, 59.75], "uv_size": [0.75, -0.75]}
							}
						}
					]
				},
				{
					"name": "Mecha25",
					"parent": "Cabelo",
					"pivot": [-2.51874, 33.53131, 1.36823],
					"rotation": [-97.01233, -76.75061, 45.36662],
					"cubes": [
						{
							"origin": [-4.11915, 33.18041, 1.21415],
							"size": [3.056, 1.056, 2.056],
							"pivot": [-3.52075, 30.40838, 4.79352],
							"rotation": [10, 0, 0],
							"uv": {
								"north": {"uv": [54, 28], "uv_size": [3, 1]},
								"east": {"uv": [15, 56], "uv_size": [2, 1]},
								"south": {"uv": [54, 29], "uv_size": [3, 1]},
								"west": {"uv": [56, 15], "uv_size": [2, 1]},
								"up": {"uv": [29, 13], "uv_size": [3, 2]},
								"down": {"uv": [29, 17], "uv_size": [3, -2]}
							}
						},
						{
							"origin": [-4.11915, 32.04199, 0.63292],
							"size": [3.056, 0.528, 1.056],
							"pivot": [-3.52075, 29.46811, 4.73994],
							"rotation": [-2.5, 0, 0],
							"uv": {
								"north": {"uv": [22, 56], "uv_size": [3, 0.5]},
								"east": {"uv": [61, 16], "uv_size": [1, 0.5]},
								"south": {"uv": [56, 22], "uv_size": [3, 0.5]},
								"west": {"uv": [17, 61], "uv_size": [1, 0.5]},
								"up": {"uv": [54, 30], "uv_size": [3, 1]},
								"down": {"uv": [31, 55], "uv_size": [3, -1]}
							}
						},
						{
							"origin": [-3.92907, 33.65746, 1.79916],
							"size": [2.86592, 1.86592, 1.86592],
							"pivot": [-3.42571, 31.30264, 4.75578],
							"rotation": [20, 0, 0],
							"uv": {
								"north": {"uv": [29, 17], "uv_size": [2.75, 1.75]},
								"east": {"uv": [54, 16], "uv_size": [1.75, 1.75]},
								"south": {"uv": [8, 47], "uv_size": [2.75, 1.75]},
								"west": {"uv": [23, 54], "uv_size": [1.75, 1.75]},
								"up": {"uv": [8, 49], "uv_size": [2.75, 1.75]},
								"down": {"uv": [23, 53.75], "uv_size": [2.75, -1.75]}
							}
						},
						{
							"origin": [-3.72991, 35.94021, 2.6437],
							"size": [2.66676, 1.07332, 0.66676],
							"pivot": [-3.32613, 32.55054, 4.23362],
							"rotation": [40, 0, 0],
							"uv": {
								"north": {"uv": [41, 54], "uv_size": [2.75, 1]},
								"east": {"uv": [59, 36], "uv_size": [0.75, 1]},
								"south": {"uv": [44, 54], "uv_size": [2.75, 1]},
								"west": {"uv": [37, 59], "uv_size": [0.75, 1]},
								"up": {"uv": [18, 55], "uv_size": [2.75, 0.75]},
								"down": {"uv": [55, 21.75], "uv_size": [2.75, -0.75]}
							}
						}
					]
				},
				{
					"name": "Mecha16",
					"parent": "Cabelo",
					"pivot": [2.72853, 28.62534, 3.28975],
					"rotation": [1.87185, -74.14626, 54.67668],
					"cubes": [
						{
							"origin": [0.41943, 30.34424, 4.05001],
							"size": [1.056, 1.056, 2.056],
							"pivot": [2.80095, 27.64945, 3.06751],
							"rotation": [-10, 0, 0],
							"uv": {
								"north": {"uv": [58, 19], "uv_size": [1, 1]},
								"east": {"uv": [44, 55], "uv_size": [2, 1]},
								"south": {"uv": [20, 58], "uv_size": [1, 1]},
								"west": {"uv": [55, 44], "uv_size": [2, 1]},
								"up": {"uv": [55, 45], "uv_size": [1, 2]},
								"down": {"uv": [46, 57], "uv_size": [1, -2]}
							}
						},
						{
							"origin": [0.41943, 29.32472, 5.62734],
							"size": [1.056, 0.528, 1.056],
							"pivot": [2.80095, 26.70918, 3.12109],
							"rotation": [2.5, 0, 0],
							"uv": {
								"north": {"uv": [56, 60], "uv_size": [1, 0.5]},
								"east": {"uv": [60, 56], "uv_size": [1, 0.5]},
								"south": {"uv": [57, 60], "uv_size": [1, 0.5]},
								"west": {"uv": [60, 57], "uv_size": [1, 0.5]},
								"up": {"uv": [58, 20], "uv_size": [1, 1]},
								"down": {"uv": [21, 59], "uv_size": [1, -1]}
							}
						},
						{
							"origin": [0.41943, 30.72854, 3.67671],
							"size": [0.86592, 1.86592, 1.86592],
							"pivot": [2.70591, 28.54371, 3.10525],
							"rotation": [-20, 0, 0],
							"uv": {
								"north": {"uv": [52, 56], "uv_size": [0.75, 1.75]},
								"east": {"uv": [41, 51], "uv_size": [1.75, 1.75]},
								"south": {"uv": [54, 56], "uv_size": [0.75, 1.75]},
								"west": {"uv": [49, 53], "uv_size": [1.75, 1.75]},
								"up": {"uv": [55, 56], "uv_size": [0.75, 1.75]},
								"down": {"uv": [56, 56.75], "uv_size": [0.75, -1.75]}
							}
						},
						{
							"origin": [0.41943, 32.84395, 4.12079],
							"size": [0.66676, 1.07332, 0.66676],
							"pivot": [2.60633, 29.79161, 3.62741],
							"rotation": [-40, 0, 0],
							"uv": {
								"north": {"uv": [59, 15], "uv_size": [0.75, 1]},
								"east": {"uv": [16, 59], "uv_size": [0.75, 1]},
								"south": {"uv": [59, 16], "uv_size": [0.75, 1]},
								"west": {"uv": [17, 59], "uv_size": [0.75, 1]},
								"up": {"uv": [11, 60], "uv_size": [0.75, 0.75]},
								"down": {"uv": [60, 11.75], "uv_size": [0.75, -0.75]}
							}
						}
					]
				},
				{
					"name": "Mecha17",
					"parent": "Cabelo",
					"pivot": [2.72853, 28.62534, 4.28975],
					"rotation": [-157.08993, -75.83666, -121.49617],
					"cubes": [
						{
							"origin": [2.1379, 28.89287, 6.46834],
							"size": [1.056, 1.056, 2.056],
							"pivot": [2.80095, 27.64945, 4.06751],
							"rotation": [-10, 0, 0],
							"uv": {
								"north": {"uv": [58, 21], "uv_size": [1, 1]},
								"east": {"uv": [47, 55], "uv_size": [2, 1]},
								"south": {"uv": [22, 58], "uv_size": [1, 1]},
								"west": {"uv": [55, 47], "uv_size": [2, 1]},
								"up": {"uv": [49, 55], "uv_size": [1, 2]},
								"down": {"uv": [50, 57], "uv_size": [1, -2]}
							}
						},
						{
							"origin": [2.1379, 27.60077, 7.69792],
							"size": [1.056, 0.528, 1.056],
							"pivot": [2.80095, 26.70918, 4.12109],
							"rotation": [2.5, 0, 0],
							"uv": {
								"north": {"uv": [58, 60], "uv_size": [1, 0.5]},
								"east": {"uv": [60, 58], "uv_size": [1, 0.5]},
								"south": {"uv": [59, 60], "uv_size": [1, 0.5]},
								"west": {"uv": [60, 59], "uv_size": [1, 0.5]},
								"up": {"uv": [23, 58], "uv_size": [1, 1]},
								"down": {"uv": [58, 24], "uv_size": [1, -1]}
							}
						},
						{
							"origin": [2.1379, 29.54551, 6.32552],
							"size": [0.86592, 1.86592, 1.86592],
							"pivot": [2.70591, 28.54371, 4.10525],
							"rotation": [-20, 0, 0],
							"uv": {
								"north": {"uv": [0, 57], "uv_size": [0.75, 1.75]},
								"east": {"uv": [54, 6], "uv_size": [1.75, 1.75]},
								"south": {"uv": [57, 0], "uv_size": [0.75, 1.75]},
								"west": {"uv": [54, 8], "uv_size": [1.75, 1.75]},
								"up": {"uv": [1, 57], "uv_size": [0.75, 1.75]},
								"down": {"uv": [57, 3.75], "uv_size": [0.75, -1.75]}
							}
						},
						{
							"origin": [2.1379, 32.2962, 7.07478],
							"size": [0.66676, 1.07332, 0.66676],
							"pivot": [2.60633, 29.79161, 4.62741],
							"rotation": [-40, 0, 0],
							"uv": {
								"north": {"uv": [59, 17], "uv_size": [0.75, 1]},
								"east": {"uv": [18, 59], "uv_size": [0.75, 1]},
								"south": {"uv": [59, 18], "uv_size": [0.75, 1]},
								"west": {"uv": [19, 59], "uv_size": [0.75, 1]},
								"up": {"uv": [12, 60], "uv_size": [0.75, 0.75]},
								"down": {"uv": [60, 12.75], "uv_size": [0.75, -0.75]}
							}
						}
					]
				},
				{
					"name": "Mecha18",
					"parent": "Cabelo",
					"pivot": [-2.72853, 28.62534, 4.28975],
					"rotation": [-157.08993, 75.83666, 121.49617],
					"cubes": [
						{
							"origin": [-3.1939, 28.89287, 6.46834],
							"size": [1.056, 1.056, 2.056],
							"pivot": [-2.80095, 27.64945, 4.06751],
							"rotation": [-10, 0, 0],
							"uv": {
								"north": {"uv": [24, 58], "uv_size": [1, 1]},
								"east": {"uv": [55, 48], "uv_size": [2, 1]},
								"south": {"uv": [25, 58], "uv_size": [1, 1]},
								"west": {"uv": [51, 55], "uv_size": [2, 1]},
								"up": {"uv": [55, 52], "uv_size": [1, 2]},
								"down": {"uv": [53, 57], "uv_size": [1, -2]}
							}
						},
						{
							"origin": [-3.1939, 27.60077, 7.69792],
							"size": [1.056, 0.528, 1.056],
							"pivot": [-2.80095, 26.70918, 4.12109],
							"rotation": [2.5, 0, 0],
							"uv": {
								"north": {"uv": [60, 60], "uv_size": [1, 0.5]},
								"east": {"uv": [0, 61], "uv_size": [1, 0.5]},
								"south": {"uv": [61, 0], "uv_size": [1, 0.5]},
								"west": {"uv": [1, 61], "uv_size": [1, 0.5]},
								"up": {"uv": [26, 58], "uv_size": [1, 1]},
								"down": {"uv": [58, 27], "uv_size": [1, -1]}
							}
						},
						{
							"origin": [-3.00382, 29.54551, 6.32552],
							"size": [0.86592, 1.86592, 1.86592],
							"pivot": [-2.70591, 28.54371, 4.10525],
							"rotation": [-20, 0, 0],
							"uv": {
								"north": {"uv": [4, 57], "uv_size": [0.75, 1.75]},
								"east": {"uv": [54, 10], "uv_size": [1.75, 1.75]},
								"south": {"uv": [57, 4], "uv_size": [0.75, 1.75]},
								"west": {"uv": [12, 54], "uv_size": [1.75, 1.75]},
								"up": {"uv": [5, 57], "uv_size": [0.75, 1.75]},
								"down": {"uv": [6, 58.75], "uv_size": [0.75, -1.75]}
							}
						},
						{
							"origin": [-2.80466, 32.2962, 7.07478],
							"size": [0.66676, 1.07332, 0.66676],
							"pivot": [-2.60633, 29.79161, 4.62741],
							"rotation": [-40, 0, 0],
							"uv": {
								"north": {"uv": [59, 19], "uv_size": [0.75, 1]},
								"east": {"uv": [20, 59], "uv_size": [0.75, 1]},
								"south": {"uv": [59, 20], "uv_size": [0.75, 1]},
								"west": {"uv": [21, 59], "uv_size": [0.75, 1]},
								"up": {"uv": [13, 60], "uv_size": [0.75, 0.75]},
								"down": {"uv": [60, 13.75], "uv_size": [0.75, -0.75]}
							}
						}
					]
				},
				{
					"name": "Mecha19",
					"parent": "Cabelo",
					"pivot": [-2.72853, 28.62534, 1.28975],
					"rotation": [3.78153, 20.94537, -56.08063],
					"cubes": [
						{
							"origin": [0.12849, 29.89579, -0.4511],
							"size": [1.056, 1.056, 2.056],
							"pivot": [-2.80095, 27.64945, 1.06751],
							"rotation": [-10, 0, 0],
							"uv": {
								"north": {"uv": [27, 58], "uv_size": [1, 1]},
								"east": {"uv": [54, 55], "uv_size": [2, 1]},
								"south": {"uv": [58, 27], "uv_size": [1, 1]},
								"west": {"uv": [0, 56], "uv_size": [2, 1]},
								"up": {"uv": [2, 56], "uv_size": [1, 2]},
								"down": {"uv": [3, 58], "uv_size": [1, -2]}
							}
						},
						{
							"origin": [0.12849, 29.42824, 1.08845],
							"size": [1.056, 0.528, 1.056],
							"pivot": [-2.80095, 26.70918, 1.12109],
							"rotation": [2.5, 0, 0],
							"uv": {
								"north": {"uv": [61, 1], "uv_size": [1, 0.5]},
								"east": {"uv": [2, 61], "uv_size": [1, 0.5]},
								"south": {"uv": [61, 2], "uv_size": [1, 0.5]},
								"west": {"uv": [3, 61], "uv_size": [1, 0.5]},
								"up": {"uv": [28, 58], "uv_size": [1, 1]},
								"down": {"uv": [58, 29], "uv_size": [1, -1]}
							}
						},
						{
							"origin": [0.31857, 29.85259, -0.70854],
							"size": [0.86592, 1.86592, 1.86592],
							"pivot": [-2.70591, 28.54371, 1.10525],
							"rotation": [-20, 0, 0],
							"uv": {
								"north": {"uv": [57, 6], "uv_size": [0.75, 1.75]},
								"east": {"uv": [54, 12], "uv_size": [1.75, 1.75]},
								"south": {"uv": [7, 57], "uv_size": [0.75, 1.75]},
								"west": {"uv": [14, 54], "uv_size": [1.75, 1.75]},
								"up": {"uv": [9, 57], "uv_size": [0.75, 1.75]},
								"down": {"uv": [10, 58.75], "uv_size": [0.75, -1.75]}
							}
						},
						{
							"origin": [0.51773, 31.20503, 0.17898],
							"size": [0.66676, 1.07332, 0.66676],
							"pivot": [-2.60633, 29.79161, 1.62741],
							"rotation": [-40, 0, 0],
							"uv": {
								"north": {"uv": [59, 21], "uv_size": [0.75, 1]},
								"east": {"uv": [22, 59], "uv_size": [0.75, 1]},
								"south": {"uv": [59, 22], "uv_size": [0.75, 1]},
								"west": {"uv": [23, 59], "uv_size": [0.75, 1]},
								"up": {"uv": [14, 60], "uv_size": [0.75, 0.75]},
								"down": {"uv": [60, 14.75], "uv_size": [0.75, -0.75]}
							}
						}
					]
				},
				{
					"name": "Mecha20",
					"parent": "Cabelo",
					"pivot": [2.72853, 28.62534, 1.28975],
					"rotation": [3.78153, -20.94537, 56.08063],
					"cubes": [
						{
							"origin": [-1.18449, 29.89579, -0.4511],
							"size": [1.056, 1.056, 2.056],
							"pivot": [2.80095, 27.64945, 1.06751],
							"rotation": [-10, 0, 0],
							"uv": {
								"north": {"uv": [29, 58], "uv_size": [1, 1]},
								"east": {"uv": [4, 56], "uv_size": [2, 1]},
								"south": {"uv": [58, 29], "uv_size": [1, 1]},
								"west": {"uv": [6, 56], "uv_size": [2, 1]},
								"up": {"uv": [56, 6], "uv_size": [1, 2]},
								"down": {"uv": [8, 58], "uv_size": [1, -2]}
							}
						},
						{
							"origin": [-1.18449, 29.42824, 1.08845],
							"size": [1.056, 0.528, 1.056],
							"pivot": [2.80095, 26.70918, 1.12109],
							"rotation": [2.5, 0, 0],
							"uv": {
								"north": {"uv": [61, 3], "uv_size": [1, 0.5]},
								"east": {"uv": [4, 61], "uv_size": [1, 0.5]},
								"south": {"uv": [61, 4], "uv_size": [1, 0.5]},
								"west": {"uv": [5, 61], "uv_size": [1, 0.5]},
								"up": {"uv": [30, 58], "uv_size": [1, 1]},
								"down": {"uv": [58, 31], "uv_size": [1, -1]}
							}
						},
						{
							"origin": [-1.18449, 29.85259, -0.70854],
							"size": [0.86592, 1.86592, 1.86592],
							"pivot": [2.70591, 28.54371, 1.10525],
							"rotation": [-20, 0, 0],
							"uv": {
								"north": {"uv": [11, 57], "uv_size": [0.75, 1.75]},
								"east": {"uv": [54, 14], "uv_size": [1.75, 1.75]},
								"south": {"uv": [12, 57], "uv_size": [0.75, 1.75]},
								"west": {"uv": [16, 54], "uv_size": [1.75, 1.75]},
								"up": {"uv": [13, 57], "uv_size": [0.75, 1.75]},
								"down": {"uv": [14, 58.75], "uv_size": [0.75, -1.75]}
							}
						},
						{
							"origin": [-1.18449, 31.20503, 0.17898],
							"size": [0.66676, 1.07332, 0.66676],
							"pivot": [2.60633, 29.79161, 1.62741],
							"rotation": [-40, 0, 0],
							"uv": {
								"north": {"uv": [59, 23], "uv_size": [0.75, 1]},
								"east": {"uv": [24, 59], "uv_size": [0.75, 1]},
								"south": {"uv": [59, 24], "uv_size": [0.75, 1]},
								"west": {"uv": [25, 59], "uv_size": [0.75, 1]},
								"up": {"uv": [15, 60], "uv_size": [0.75, 0.75]},
								"down": {"uv": [60, 15.75], "uv_size": [0.75, -0.75]}
							}
						}
					]
				},
				{
					"name": "Mecha10",
					"parent": "Cabelo",
					"pivot": [2.72853, 28.62534, -1.28975],
					"rotation": [-1.87185, 74.14626, 54.67668],
					"cubes": [
						{
							"origin": [2.34335, 30.42149, -4.64689],
							"size": [1.056, 1.056, 1.056],
							"pivot": [2.80095, 27.64945, -1.06751],
							"rotation": [10, 0, 0],
							"uv": {
								"north": {"uv": [57, 51], "uv_size": [1, 1]},
								"east": {"uv": [57, 52], "uv_size": [1, 1]},
								"south": {"uv": [53, 57], "uv_size": [1, 1]},
								"west": {"uv": [57, 54], "uv_size": [1, 1]},
								"up": {"uv": [57, 55], "uv_size": [1, 1]},
								"down": {"uv": [56, 58], "uv_size": [1, -1]}
							}
						},
						{
							"origin": [2.34335, 29.28307, -5.22811],
							"size": [1.056, 0.528, 1.056],
							"pivot": [2.80095, 26.70918, -1.12109],
							"rotation": [-2.5, 0, 0],
							"uv": {
								"north": {"uv": [44, 60], "uv_size": [1, 0.5]},
								"east": {"uv": [60, 44], "uv_size": [1, 0.5]},
								"south": {"uv": [45, 60], "uv_size": [1, 0.5]},
								"west": {"uv": [60, 45], "uv_size": [1, 0.5]},
								"up": {"uv": [57, 56], "uv_size": [1, 1]},
								"down": {"uv": [57, 58], "uv_size": [1, -1]}
							}
						},
						{
							"origin": [2.34335, 31.89854, -4.06187],
							"size": [0.86592, 0.86592, 0.86592],
							"pivot": [2.70591, 28.54371, -1.10525],
							"rotation": [20, 0, 0],
							"uv": {
								"north": {"uv": [59, 55], "uv_size": [0.75, 0.75]},
								"east": {"uv": [56, 59], "uv_size": [0.75, 0.75]},
								"south": {"uv": [59, 56], "uv_size": [0.75, 0.75]},
								"west": {"uv": [57, 59], "uv_size": [0.75, 0.75]},
								"up": {"uv": [59, 57], "uv_size": [0.75, 0.75]},
								"down": {"uv": [58, 59.75], "uv_size": [0.75, -0.75]}
							}
						},
						{
							"origin": [2.34335, 33.18129, -3.21733],
							"size": [0.66676, 1.07332, 0.66676],
							"pivot": [2.60633, 29.79161, -1.62741],
							"rotation": [40, 0, 0],
							"uv": {
								"north": {"uv": [59, 2], "uv_size": [0.75, 1]},
								"east": {"uv": [3, 59], "uv_size": [0.75, 1]},
								"south": {"uv": [59, 3], "uv_size": [0.75, 1]},
								"west": {"uv": [4, 59], "uv_size": [0.75, 1]},
								"up": {"uv": [59, 58], "uv_size": [0.75, 0.75]},
								"down": {"uv": [59, 59.75], "uv_size": [0.75, -0.75]}
							}
						}
					]
				},
				{
					"name": "Mecha11",
					"parent": "Cabelo",
					"pivot": [3.32578, 31.63666, -2.35851],
					"rotation": [-45.03724, 68.14401, 29.27119],
					"cubes": [
						{
							"origin": [2.8702, 31.29721, -3.06338],
							"size": [1.056, 1.056, 2.056],
							"pivot": [3.3278, 31.85287, 1.54951],
							"rotation": [10, 0, 0],
							"uv": {
								"north": {"uv": [58, 0], "uv_size": [1, 1]},
								"east": {"uv": [55, 24], "uv_size": [2, 1]},
								"south": {"uv": [58, 1], "uv_size": [1, 1]},
								"west": {"uv": [25, 55], "uv_size": [2, 1]},
								"up": {"uv": [27, 55], "uv_size": [1, 2]},
								"down": {"uv": [28, 57], "uv_size": [1, -2]}
							}
						},
						{
							"origin": [2.8702, 30.01398, -2.89986],
							"size": [1.056, 0.528, 1.056],
							"pivot": [3.3278, 30.9126, 1.49593],
							"rotation": [-2.5, 0, 0],
							"uv": {
								"north": {"uv": [46, 60], "uv_size": [1, 0.5]},
								"east": {"uv": [60, 46], "uv_size": [1, 0.5]},
								"south": {"uv": [47, 60], "uv_size": [1, 0.5]},
								"west": {"uv": [60, 47], "uv_size": [1, 0.5]},
								"up": {"uv": [2, 58], "uv_size": [1, 1]},
								"down": {"uv": [58, 3], "uv_size": [1, -1]}
							}
						},
						{
							"origin": [2.8702, 33.00428, -3.04051],
							"size": [0.86592, 0.86592, 1.86592],
							"pivot": [3.23276, 32.74713, 1.51177],
							"rotation": [20, 0, 0],
							"uv": {
								"north": {"uv": [0, 60], "uv_size": [0.75, 0.75]},
								"east": {"uv": [56, 23], "uv_size": [1.75, 0.75]},
								"south": {"uv": [60, 0], "uv_size": [0.75, 0.75]},
								"west": {"uv": [31, 56], "uv_size": [1.75, 0.75]},
								"up": {"uv": [35, 56], "uv_size": [0.75, 1.75]},
								"down": {"uv": [36, 57.75], "uv_size": [0.75, -1.75]}
							}
						},
						{
							"origin": [2.8702, 35.0196, -3.15921],
							"size": [0.66676, 1.07332, 0.66676],
							"pivot": [3.13318, 33.99503, 0.98961],
							"rotation": [40, 0, 0],
							"uv": {
								"north": {"uv": [59, 4], "uv_size": [0.75, 1]},
								"east": {"uv": [5, 59], "uv_size": [0.75, 1]},
								"south": {"uv": [59, 5], "uv_size": [0.75, 1]},
								"west": {"uv": [6, 59], "uv_size": [0.75, 1]},
								"up": {"uv": [1, 60], "uv_size": [0.75, 0.75]},
								"down": {"uv": [60, 1.75], "uv_size": [0.75, -0.75]}
							}
						}
					]
				},
				{
					"name": "Mecha26",
					"parent": "Cabelo",
					"pivot": [-3.32578, 31.63666, -2.35851],
					"rotation": [-45.03724, -68.14401, -29.27119],
					"cubes": [
						{
							"origin": [-3.9262, 31.29721, -3.06338],
							"size": [1.056, 1.056, 2.056],
							"pivot": [-3.3278, 31.85287, 1.54951],
							"rotation": [10, 0, 0],
							"uv": {
								"north": {"uv": [59, 0], "uv_size": [-1, 1]},
								"east": {"uv": [27, 55], "uv_size": [-2, 1]},
								"south": {"uv": [59, 1], "uv_size": [-1, 1]},
								"west": {"uv": [57, 24], "uv_size": [-2, 1]},
								"up": {"uv": [28, 55], "uv_size": [-1, 2]},
								"down": {"uv": [29, 57], "uv_size": [-1, -2]}
							}
						},
						{
							"origin": [-3.9262, 30.01398, -2.89986],
							"size": [1.056, 0.528, 1.056],
							"pivot": [-3.3278, 30.9126, 1.49593],
							"rotation": [-2.5, 0, 0],
							"uv": {
								"north": {"uv": [47, 60], "uv_size": [-1, 0.5]},
								"east": {"uv": [61, 47], "uv_size": [-1, 0.5]},
								"south": {"uv": [48, 60], "uv_size": [-1, 0.5]},
								"west": {"uv": [61, 46], "uv_size": [-1, 0.5]},
								"up": {"uv": [3, 58], "uv_size": [-1, 1]},
								"down": {"uv": [59, 3], "uv_size": [-1, -1]}
							}
						},
						{
							"origin": [-3.73612, 33.00428, -3.04051],
							"size": [0.86592, 0.86592, 1.86592],
							"pivot": [-3.23276, 32.74713, 1.51177],
							"rotation": [20, 0, 0],
							"uv": {
								"north": {"uv": [0.75, 60], "uv_size": [-0.75, 0.75]},
								"east": {"uv": [32.75, 56], "uv_size": [-1.75, 0.75]},
								"south": {"uv": [60.75, 0], "uv_size": [-0.75, 0.75]},
								"west": {"uv": [57.75, 23], "uv_size": [-1.75, 0.75]},
								"up": {"uv": [35.75, 56], "uv_size": [-0.75, 1.75]},
								"down": {"uv": [36.75, 57.75], "uv_size": [-0.75, -1.75]}
							}
						},
						{
							"origin": [-3.53696, 35.0196, -3.15921],
							"size": [0.66676, 1.07332, 0.66676],
							"pivot": [-3.13318, 33.99503, 0.98961],
							"rotation": [40, 0, 0],
							"uv": {
								"north": {"uv": [59.75, 4], "uv_size": [-0.75, 1]},
								"east": {"uv": [6.75, 59], "uv_size": [-0.75, 1]},
								"south": {"uv": [59.75, 5], "uv_size": [-0.75, 1]},
								"west": {"uv": [5.75, 59], "uv_size": [-0.75, 1]},
								"up": {"uv": [1.75, 60], "uv_size": [-0.75, 0.75]},
								"down": {"uv": [60.75, 1.75], "uv_size": [-0.75, -0.75]}
							}
						}
					]
				},
				{
					"name": "Mecha12",
					"parent": "Cabelo",
					"pivot": [0.86927, 33.43146, -2.22172],
					"rotation": [-114.11718, 53.74929, -59.57678],
					"cubes": [
						{
							"origin": [0.57164, 33.97211, -2.13088],
							"size": [1.056, 1.056, 2.056],
							"pivot": [1.02924, 31.92622, 1.97614],
							"rotation": [10, 0, 0],
							"uv": {
								"north": {"uv": [3, 58], "uv_size": [1, 1]},
								"east": {"uv": [29, 55], "uv_size": [2, 1]},
								"south": {"uv": [58, 3], "uv_size": [1, 1]},
								"west": {"uv": [31, 55], "uv_size": [2, 1]},
								"up": {"uv": [33, 55], "uv_size": [1, 2]},
								"down": {"uv": [34, 57], "uv_size": [1, -2]}
							}
						},
						{
							"origin": [0.57164, 32.7367, -2.54244],
							"size": [1.056, 0.528, 1.056],
							"pivot": [1.02924, 30.98595, 1.92256],
							"rotation": [-2.5, 0, 0],
							"uv": {
								"north": {"uv": [48, 60], "uv_size": [1, 0.5]},
								"east": {"uv": [60, 48], "uv_size": [1, 0.5]},
								"south": {"uv": [49, 60], "uv_size": [1, 0.5]},
								"west": {"uv": [60, 49], "uv_size": [1, 0.5]},
								"up": {"uv": [58, 4], "uv_size": [1, 1]},
								"down": {"uv": [58, 6], "uv_size": [1, -1]}
							}
						},
						{
							"origin": [0.57164, 35.55182, -1.66394],
							"size": [0.86592, 0.86592, 1.86592],
							"pivot": [0.9342, 32.82048, 1.9384],
							"rotation": [20, 0, 0],
							"uv": {
								"north": {"uv": [2, 60], "uv_size": [0.75, 0.75]},
								"east": {"uv": [37, 56], "uv_size": [1.75, 0.75]},
								"south": {"uv": [60, 2], "uv_size": [0.75, 0.75]},
								"west": {"uv": [41, 56], "uv_size": [1.75, 0.75]},
								"up": {"uv": [56, 42], "uv_size": [0.75, 1.75]},
								"down": {"uv": [44, 57.75], "uv_size": [0.75, -1.75]}
							}
						},
						{
							"origin": [0.57164, 37.09302, -0.99371],
							"size": [0.66676, 1.07332, 0.66676],
							"pivot": [0.83462, 34.06838, 1.41624],
							"rotation": [40, 0, 0],
							"uv": {
								"north": {"uv": [59, 6], "uv_size": [0.75, 1]},
								"east": {"uv": [7, 59], "uv_size": [0.75, 1]},
								"south": {"uv": [59, 7], "uv_size": [0.75, 1]},
								"west": {"uv": [8, 59], "uv_size": [0.75, 1]},
								"up": {"uv": [3, 60], "uv_size": [0.75, 0.75]},
								"down": {"uv": [60, 3.75], "uv_size": [0.75, -0.75]}
							}
						}
					]
				},
				{
					"name": "Mecha22",
					"parent": "Cabelo",
					"pivot": [1.86927, 33.43146, -1.22172],
					"rotation": [-84.40544, 86.09328, -15.86921],
					"cubes": [
						{
							"origin": [-1.58631, 33.04369, -1.46715],
							"size": [4.056, 1.056, 2.056],
							"pivot": [1.87129, 30.9978, 2.63987],
							"rotation": [10, 0, 0],
							"uv": {
								"north": {"uv": [0, 46], "uv_size": [4, 1]},
								"east": {"uv": [56, 12], "uv_size": [2, 1]},
								"south": {"uv": [28, 47], "uv_size": [4, 1]},
								"west": {"uv": [13, 56], "uv_size": [2, 1]},
								"up": {"uv": [32, 39], "uv_size": [4, 2]},
								"down": {"uv": [11, 45], "uv_size": [4, -2]}
							}
						},
						{
							"origin": [-1.58631, 31.80828, -1.87871],
							"size": [4.056, 0.528, 1.056],
							"pivot": [1.87129, 30.05753, 2.58629],
							"rotation": [-2.5, 0, 0],
							"uv": {
								"north": {"uv": [56, 13], "uv_size": [4, 0.5]},
								"east": {"uv": [61, 14], "uv_size": [1, 0.5]},
								"south": {"uv": [56, 14], "uv_size": [4, 0.5]},
								"west": {"uv": [15, 61], "uv_size": [1, 0.5]},
								"up": {"uv": [41, 53], "uv_size": [4, 1]},
								"down": {"uv": [45, 54], "uv_size": [4, -1]}
							}
						},
						{
							"origin": [-1.58631, 34.6234, -1.00021],
							"size": [3.86592, 0.86592, 1.86592],
							"pivot": [1.77625, 31.89206, 2.60213],
							"rotation": [20, 0, 0],
							"uv": {
								"north": {"uv": [54, 31], "uv_size": [3.75, 0.75]},
								"east": {"uv": [57, 24], "uv_size": [1.75, 0.75]},
								"south": {"uv": [54, 32], "uv_size": [3.75, 0.75]},
								"west": {"uv": [57, 25], "uv_size": [1.75, 0.75]},
								"up": {"uv": [28, 45], "uv_size": [3.75, 1.75]},
								"down": {"uv": [51, 53.75], "uv_size": [3.75, -1.75]}
							}
						},
						{
							"origin": [-1.58631, 36.1646, -0.32998],
							"size": [3.66676, 1.07332, 0.66676],
							"pivot": [1.67667, 33.13996, 2.07997],
							"rotation": [40, 0, 0],
							"uv": {
								"north": {"uv": [0, 54], "uv_size": [3.75, 1]},
								"east": {"uv": [59, 34], "uv_size": [0.75, 1]},
								"south": {"uv": [4, 54], "uv_size": [3.75, 1]},
								"west": {"uv": [35, 59], "uv_size": [0.75, 1]},
								"up": {"uv": [54, 33], "uv_size": [3.75, 0.75]},
								"down": {"uv": [34, 54.75], "uv_size": [3.75, -0.75]}
							}
						}
					]
				},
				{
					"name": "Mecha13",
					"parent": "Cabelo",
					"pivot": [-1.72853, 32.62534, -1.28975],
					"rotation": [-60.80834, -55.95745, 8.53606],
					"cubes": [
						{
							"origin": [-3.06802, 32.98076, -2.03364],
							"size": [1.056, 1.056, 2.056],
							"pivot": [-2.46962, 30.20873, 1.54574],
							"rotation": [10, 0, 0],
							"uv": {
								"north": {"uv": [58, 6], "uv_size": [1, 1]},
								"east": {"uv": [35, 55], "uv_size": [2, 1]},
								"south": {"uv": [58, 7], "uv_size": [1, 1]},
								"west": {"uv": [37, 55], "uv_size": [2, 1]},
								"up": {"uv": [39, 55], "uv_size": [1, 2]},
								"down": {"uv": [40, 57], "uv_size": [1, -2]}
							}
						},
						{
							"origin": [-3.06802, 31.84234, -2.61486],
							"size": [1.056, 0.528, 1.056],
							"pivot": [-2.46962, 29.26846, 1.49216],
							"rotation": [-2.5, 0, 0],
							"uv": {
								"north": {"uv": [50, 60], "uv_size": [1, 0.5]},
								"east": {"uv": [60, 50], "uv_size": [1, 0.5]},
								"south": {"uv": [51, 60], "uv_size": [1, 0.5]},
								"west": {"uv": [60, 51], "uv_size": [1, 0.5]},
								"up": {"uv": [8, 58], "uv_size": [1, 1]},
								"down": {"uv": [58, 9], "uv_size": [1, -1]}
							}
						},
						{
							"origin": [-2.87794, 34.45781, -1.44862],
							"size": [0.86592, 0.86592, 1.86592],
							"pivot": [-2.37458, 31.10299, 1.508],
							"rotation": [20, 0, 0],
							"uv": {
								"north": {"uv": [4, 60], "uv_size": [0.75, 0.75]},
								"east": {"uv": [56, 45], "uv_size": [1.75, 0.75]},
								"south": {"uv": [60, 4], "uv_size": [0.75, 0.75]},
								"west": {"uv": [56, 46], "uv_size": [1.75, 0.75]},
								"up": {"uv": [45, 56], "uv_size": [0.75, 1.75]},
								"down": {"uv": [47, 57.75], "uv_size": [0.75, -1.75]}
							}
						},
						{
							"origin": [-2.67878, 35.74056, -0.60408],
							"size": [0.66676, 1.07332, 0.66676],
							"pivot": [-2.275, 32.35089, 0.98584],
							"rotation": [40, 0, 0],
							"uv": {
								"north": {"uv": [59, 8], "uv_size": [0.75, 1]},
								"east": {"uv": [9, 59], "uv_size": [0.75, 1]},
								"south": {"uv": [59, 9], "uv_size": [0.75, 1]},
								"west": {"uv": [10, 59], "uv_size": [0.75, 1]},
								"up": {"uv": [5, 60], "uv_size": [0.75, 0.75]},
								"down": {"uv": [60, 5.75], "uv_size": [0.75, -0.75]}
							}
						}
					]
				},
				{
					"name": "Mecha14",
					"parent": "Cabelo",
					"pivot": [0.27147, 33.62534, -2.28975],
					"rotation": [-70.26249, -36.0139, 24.06373],
					"cubes": [
						{
							"origin": [-0.32895, 33.20192, -2.13598],
							"size": [1.056, 1.056, 1.056],
							"pivot": [0.26945, 30.29942, 1.31958],
							"rotation": [10, 0, 0],
							"uv": {
								"north": {"uv": [58, 9], "uv_size": [1, 1]},
								"east": {"uv": [58, 10], "uv_size": [1, 1]},
								"south": {"uv": [58, 11], "uv_size": [1, 1]},
								"west": {"uv": [58, 12], "uv_size": [1, 1]},
								"up": {"uv": [15, 58], "uv_size": [1, 1]},
								"down": {"uv": [58, 16], "uv_size": [1, -1]}
							}
						},
						{
							"origin": [-0.32895, 32.08721, -2.74838],
							"size": [1.056, 0.528, 1.056],
							"pivot": [0.26945, 29.35915, 1.266],
							"rotation": [-2.5, 0, 0],
							"uv": {
								"north": {"uv": [52, 60], "uv_size": [1, 0.5]},
								"east": {"uv": [60, 52], "uv_size": [1, 0.5]},
								"south": {"uv": [53, 60], "uv_size": [1, 0.5]},
								"west": {"uv": [60, 53], "uv_size": [1, 0.5]},
								"up": {"uv": [16, 58], "uv_size": [1, 1]},
								"down": {"uv": [58, 17], "uv_size": [1, -1]}
							}
						},
						{
							"origin": [-0.13887, 34.65549, -1.53019],
							"size": [0.86592, 0.86592, 0.86592],
							"pivot": [0.36449, 31.19368, 1.28184],
							"rotation": [20, 0, 0],
							"uv": {
								"north": {"uv": [6, 60], "uv_size": [0.75, 0.75]},
								"east": {"uv": [60, 6], "uv_size": [0.75, 0.75]},
								"south": {"uv": [7, 60], "uv_size": [0.75, 0.75]},
								"west": {"uv": [60, 7], "uv_size": [0.75, 0.75]},
								"up": {"uv": [8, 60], "uv_size": [0.75, 0.75]},
								"down": {"uv": [60, 8.75], "uv_size": [0.75, -0.75]}
							}
						},
						{
							"origin": [0.06029, 35.88233, -0.65778],
							"size": [0.66676, 1.07332, 0.66676],
							"pivot": [0.46407, 32.44158, 0.75968],
							"rotation": [40, 0, 0],
							"uv": {
								"north": {"uv": [59, 10], "uv_size": [0.75, 1]},
								"east": {"uv": [11, 59], "uv_size": [0.75, 1]},
								"south": {"uv": [59, 11], "uv_size": [0.75, 1]},
								"west": {"uv": [12, 59], "uv_size": [0.75, 1]},
								"up": {"uv": [9, 60], "uv_size": [0.75, 0.75]},
								"down": {"uv": [60, 9.75], "uv_size": [0.75, -0.75]}
							}
						}
					]
				},
				{
					"name": "Mecha23",
					"parent": "Cabelo",
					"pivot": [0.27147, 29.62534, -0.28975],
					"rotation": [2.9315, -86.64278, -56.99889],
					"cubes": [
						{
							"origin": [-0.39935, 31.55195, -3.52307],
							"size": [3.056, 1.056, 1.056],
							"pivot": [0.19905, 28.64945, -0.06751],
							"rotation": [10, 0, 0],
							"uv": {
								"north": {"uv": [43, 48], "uv_size": [3, 1]},
								"east": {"uv": [58, 49], "uv_size": [1, 1]},
								"south": {"uv": [25, 54], "uv_size": [3, 1]},
								"west": {"uv": [58, 50], "uv_size": [1, 1]},
								"up": {"uv": [54, 25], "uv_size": [3, 1]},
								"down": {"uv": [54, 27], "uv_size": [3, -1]}
							}
						},
						{
							"origin": [-0.39935, 30.43724, -4.13547],
							"size": [3.056, 0.528, 1.056],
							"pivot": [0.19905, 27.70918, -0.12109],
							"rotation": [-2.5, 0, 0],
							"uv": {
								"north": {"uv": [56, 17], "uv_size": [3, 0.5]},
								"east": {"uv": [61, 15], "uv_size": [1, 0.5]},
								"south": {"uv": [19, 56], "uv_size": [3, 0.5]},
								"west": {"uv": [16, 61], "uv_size": [1, 0.5]},
								"up": {"uv": [54, 27], "uv_size": [3, 1]},
								"down": {"uv": [28, 55], "uv_size": [3, -1]}
							}
						},
						{
							"origin": [-0.20927, 33.00552, -2.91728],
							"size": [2.86592, 0.86592, 0.86592],
							"pivot": [0.29409, 29.54371, -0.10525],
							"rotation": [20, 0, 0],
							"uv": {
								"north": {"uv": [51, 54], "uv_size": [2.75, 0.75]},
								"east": {"uv": [33, 60], "uv_size": [0.75, 0.75]},
								"south": {"uv": [54, 54], "uv_size": [2.75, 0.75]},
								"west": {"uv": [60, 33], "uv_size": [0.75, 0.75]},
								"up": {"uv": [0, 55], "uv_size": [2.75, 0.75]},
								"down": {"uv": [3, 55.75], "uv_size": [2.75, -0.75]}
							}
						},
						{
							"origin": [-0.01011, 34.23236, -2.04487],
							"size": [2.66676, 1.07332, 0.66676],
							"pivot": [0.39367, 30.79161, -0.62741],
							"rotation": [40, 0, 0],
							"uv": {
								"north": {"uv": [54, 34], "uv_size": [2.75, 1]},
								"east": {"uv": [59, 35], "uv_size": [0.75, 1]},
								"south": {"uv": [38, 54], "uv_size": [2.75, 1]},
								"west": {"uv": [36, 59], "uv_size": [0.75, 1]},
								"up": {"uv": [6, 55], "uv_size": [2.75, 0.75]},
								"down": {"uv": [9, 55.75], "uv_size": [2.75, -0.75]}
							}
						}
					]
				},
				{
					"name": "Mecha4",
					"parent": "Cabelo",
					"pivot": [0.27147, 29.62534, 1.28975],
					"rotation": [-0.62815, 74.14626, -54.67668],
					"cubes": [
						{
							"origin": [-0.39935, 31.55195, 3.46707],
							"size": [1.056, 1.056, 1.056],
							"pivot": [0.19905, 28.64945, 1.06751],
							"rotation": [-10, 0, 0],
							"uv": {
								"north": {"uv": [39, 58], "uv_size": [1, 1]},
								"east": {"uv": [58, 39], "uv_size": [1, 1]},
								"south": {"uv": [40, 58], "uv_size": [1, 1]},
								"west": {"uv": [41, 58], "uv_size": [1, 1]},
								"up": {"uv": [58, 41], "uv_size": [1, 1]},
								"down": {"uv": [42, 59], "uv_size": [1, -1]}
							}
						},
						{
							"origin": [-0.39935, 30.43724, 4.07947],
							"size": [1.056, 0.528, 1.056],
							"pivot": [0.19905, 27.70918, 1.12109],
							"rotation": [2.5, 0, 0],
							"uv": {
								"north": {"uv": [61, 9], "uv_size": [1, 0.5]},
								"east": {"uv": [10, 61], "uv_size": [1, 0.5]},
								"south": {"uv": [61, 10], "uv_size": [1, 0.5]},
								"west": {"uv": [11, 61], "uv_size": [1, 0.5]},
								"up": {"uv": [58, 42], "uv_size": [1, 1]},
								"down": {"uv": [43, 59], "uv_size": [1, -1]}
							}
						},
						{
							"origin": [-0.20927, 33.00552, 3.05136],
							"size": [0.86592, 0.86592, 0.86592],
							"pivot": [0.29409, 29.54371, 1.10525],
							"rotation": [-20, 0, 0],
							"uv": {
								"north": {"uv": [24, 60], "uv_size": [0.75, 0.75]},
								"east": {"uv": [60, 24], "uv_size": [0.75, 0.75]},
								"south": {"uv": [25, 60], "uv_size": [0.75, 0.75]},
								"west": {"uv": [60, 25], "uv_size": [0.75, 0.75]},
								"up": {"uv": [26, 60], "uv_size": [0.75, 0.75]},
								"down": {"uv": [60, 26.75], "uv_size": [0.75, -0.75]}
							}
						},
						{
							"origin": [-0.01011, 34.23236, 2.37811],
							"size": [0.66676, 1.07332, 0.66676],
							"pivot": [0.39367, 30.79161, 1.62741],
							"rotation": [-40, 0, 0],
							"uv": {
								"north": {"uv": [59, 29], "uv_size": [0.75, 1]},
								"east": {"uv": [30, 59], "uv_size": [0.75, 1]},
								"south": {"uv": [59, 30], "uv_size": [0.75, 1]},
								"west": {"uv": [31, 59], "uv_size": [0.75, 1]},
								"up": {"uv": [27, 60], "uv_size": [0.75, 0.75]},
								"down": {"uv": [60, 27.75], "uv_size": [0.75, -0.75]}
							}
						}
					]
				},
				{
					"name": "Mecha5",
					"parent": "Cabelo",
					"pivot": [-0.27147, 29.62534, 1.28975],
					"rotation": [-0.62815, -74.14626, 54.67668],
					"cubes": [
						{
							"origin": [-0.65665, 31.55195, 3.46707],
							"size": [1.056, 1.056, 1.056],
							"pivot": [-0.19905, 28.64945, 1.06751],
							"rotation": [-10, 0, 0],
							"uv": {
								"north": {"uv": [58, 43], "uv_size": [1, 1]},
								"east": {"uv": [44, 58], "uv_size": [1, 1]},
								"south": {"uv": [58, 44], "uv_size": [1, 1]},
								"west": {"uv": [45, 58], "uv_size": [1, 1]},
								"up": {"uv": [58, 45], "uv_size": [1, 1]},
								"down": {"uv": [46, 59], "uv_size": [1, -1]}
							}
						},
						{
							"origin": [-0.65665, 30.43724, 4.07947],
							"size": [1.056, 0.528, 1.056],
							"pivot": [-0.19905, 27.70918, 1.12109],
							"rotation": [2.5, 0, 0],
							"uv": {
								"north": {"uv": [61, 11], "uv_size": [1, 0.5]},
								"east": {"uv": [12, 61], "uv_size": [1, 0.5]},
								"south": {"uv": [61, 12], "uv_size": [1, 0.5]},
								"west": {"uv": [13, 61], "uv_size": [1, 0.5]},
								"up": {"uv": [58, 46], "uv_size": [1, 1]},
								"down": {"uv": [47, 59], "uv_size": [1, -1]}
							}
						},
						{
							"origin": [-0.65665, 33.00552, 3.05136],
							"size": [0.86592, 0.86592, 0.86592],
							"pivot": [-0.29409, 29.54371, 1.10525],
							"rotation": [-20, 0, 0],
							"uv": {
								"north": {"uv": [28, 60], "uv_size": [0.75, 0.75]},
								"east": {"uv": [60, 28], "uv_size": [0.75, 0.75]},
								"south": {"uv": [29, 60], "uv_size": [0.75, 0.75]},
								"west": {"uv": [60, 29], "uv_size": [0.75, 0.75]},
								"up": {"uv": [30, 60], "uv_size": [0.75, 0.75]},
								"down": {"uv": [60, 30.75], "uv_size": [0.75, -0.75]}
							}
						},
						{
							"origin": [-0.65665, 34.23236, 2.37811],
							"size": [0.66676, 1.07332, 0.66676],
							"pivot": [-0.39367, 30.79161, 1.62741],
							"rotation": [-40, 0, 0],
							"uv": {
								"north": {"uv": [59, 31], "uv_size": [0.75, 1]},
								"east": {"uv": [32, 59], "uv_size": [0.75, 1]},
								"south": {"uv": [59, 32], "uv_size": [0.75, 1]},
								"west": {"uv": [33, 59], "uv_size": [0.75, 1]},
								"up": {"uv": [31, 60], "uv_size": [0.75, 0.75]},
								"down": {"uv": [60, 31.75], "uv_size": [0.75, -0.75]}
							}
						}
					]
				},
				{
					"name": "Mecha24",
					"parent": "Cabelo",
					"pivot": [-0.27147, 29.62534, -0.71025],
					"rotation": [-15.62815, -74.14626, 54.67668],
					"cubes": [
						{
							"origin": [-1.65665, 31.55195, 1.46707],
							"size": [2.056, 1.056, 1.056],
							"pivot": [-0.19905, 28.64945, -0.93249],
							"rotation": [-10, 0, 0],
							"uv": {
								"north": {"uv": [56, 8], "uv_size": [2, 1]},
								"east": {"uv": [58, 47], "uv_size": [1, 1]},
								"south": {"uv": [9, 56], "uv_size": [2, 1]},
								"west": {"uv": [48, 58], "uv_size": [1, 1]},
								"up": {"uv": [56, 9], "uv_size": [2, 1]},
								"down": {"uv": [56, 11], "uv_size": [2, -1]}
							}
						},
						{
							"origin": [-1.65665, 30.43724, 2.07947],
							"size": [2.056, 0.528, 1.056],
							"pivot": [-0.19905, 27.70918, -0.87891],
							"rotation": [2.5, 0, 0],
							"uv": {
								"north": {"uv": [58, 48], "uv_size": [2, 0.5]},
								"east": {"uv": [61, 13], "uv_size": [1, 0.5]},
								"south": {"uv": [49, 58], "uv_size": [2, 0.5]},
								"west": {"uv": [14, 61], "uv_size": [1, 0.5]},
								"up": {"uv": [11, 56], "uv_size": [2, 1]},
								"down": {"uv": [56, 12], "uv_size": [2, -1]}
							}
						},
						{
							"origin": [-1.65665, 33.00552, 1.05136],
							"size": [1.86592, 0.86592, 0.86592],
							"pivot": [-0.29409, 29.54371, -0.89475],
							"rotation": [-20, 0, 0],
							"uv": {
								"north": {"uv": [56, 53], "uv_size": [1.75, 0.75]},
								"east": {"uv": [32, 60], "uv_size": [0.75, 0.75]},
								"south": {"uv": [15, 57], "uv_size": [1.75, 0.75]},
								"west": {"uv": [60, 32], "uv_size": [0.75, 0.75]},
								"up": {"uv": [17, 57], "uv_size": [1.75, 0.75]},
								"down": {"uv": [19, 57.75], "uv_size": [1.75, -0.75]}
							}
						},
						{
							"origin": [-1.65665, 34.23236, 0.37811],
							"size": [1.66676, 1.07332, 0.66676],
							"pivot": [-0.39367, 30.79161, -0.37259],
							"rotation": [-40, 0, 0],
							"uv": {
								"north": {"uv": [56, 16], "uv_size": [1.75, 1]},
								"east": {"uv": [59, 33], "uv_size": [0.75, 1]},
								"south": {"uv": [17, 56], "uv_size": [1.75, 1]},
								"west": {"uv": [34, 59], "uv_size": [0.75, 1]},
								"up": {"uv": [21, 57], "uv_size": [1.75, 0.75]},
								"down": {"uv": [23, 57.75], "uv_size": [1.75, -0.75]}
							}
						}
					]
				},
				{
					"name": "Mecha21",
					"parent": "Cabelo",
					"pivot": [0.27147, 32.62534, -3.28975],
					"rotation": [-84.80909, -70.8805, 36.10749],
					"cubes": [
						{
							"origin": [0.26547, 33.46958, -3.37573],
							"size": [1.056, 1.056, 1.056],
							"pivot": [-0.04081, 30.71672, 0.10621],
							"rotation": [10, 0, 0],
							"uv": {
								"north": {"uv": [31, 58], "uv_size": [1, 1]},
								"east": {"uv": [58, 31], "uv_size": [1, 1]},
								"south": {"uv": [32, 58], "uv_size": [1, 1]},
								"west": {"uv": [58, 32], "uv_size": [1, 1]},
								"up": {"uv": [33, 58], "uv_size": [1, 1]},
								"down": {"uv": [58, 34], "uv_size": [1, -1]}
							}
						},
						{
							"origin": [0.26547, 32.35271, -3.95512],
							"size": [1.056, 0.528, 1.056],
							"pivot": [-0.04081, 29.77645, 0.05263],
							"rotation": [-2.5, 0, 0],
							"uv": {
								"north": {"uv": [61, 5], "uv_size": [1, 0.5]},
								"east": {"uv": [6, 61], "uv_size": [1, 0.5]},
								"south": {"uv": [61, 6], "uv_size": [1, 0.5]},
								"west": {"uv": [7, 61], "uv_size": [1, 0.5]},
								"up": {"uv": [34, 58], "uv_size": [1, 1]},
								"down": {"uv": [58, 35], "uv_size": [1, -1]}
							}
						},
						{
							"origin": [0.45555, 34.93001, -2.79553],
							"size": [0.86592, 0.86592, 0.86592],
							"pivot": [0.05423, 31.61098, 0.06847],
							"rotation": [20, 0, 0],
							"uv": {
								"north": {"uv": [16, 60], "uv_size": [0.75, 0.75]},
								"east": {"uv": [60, 16], "uv_size": [0.75, 0.75]},
								"south": {"uv": [17, 60], "uv_size": [0.75, 0.75]},
								"west": {"uv": [60, 17], "uv_size": [0.75, 0.75]},
								"up": {"uv": [18, 60], "uv_size": [0.75, 0.75]},
								"down": {"uv": [60, 18.75], "uv_size": [0.75, -0.75]}
							}
						},
						{
							"origin": [0.65471, 36.18324, -1.96882],
							"size": [0.66676, 1.07332, 0.66676],
							"pivot": [0.15381, 32.85888, -0.45369],
							"rotation": [40, 0, 0],
							"uv": {
								"north": {"uv": [59, 25], "uv_size": [0.75, 1]},
								"east": {"uv": [26, 59], "uv_size": [0.75, 1]},
								"south": {"uv": [59, 26], "uv_size": [0.75, 1]},
								"west": {"uv": [27, 59], "uv_size": [0.75, 1]},
								"up": {"uv": [19, 60], "uv_size": [0.75, 0.75]},
								"down": {"uv": [60, 19.75], "uv_size": [0.75, -0.75]}
							}
						}
					]
				},
				{
					"name": "Roupa2",
					"parent": "Corpo",
					"pivot": [-4.1514, 20.65139, -1.05046],
					"rotation": [0, 7.5, 0],
					"cubes": [
						{
							"origin": [-3.10136, -0.69722, -1.04387],
							"size": [4.10093, 9.30278, 0],
							"pivot": [-1.5509, 11.45417, -3.04387],
							"rotation": [0, 0, -180],
							"uv": {
								"north": {"uv": [64, 51.25], "uv_size": [-3, 7.25]},
								"east": {"uv": [33, 0], "uv_size": [-4, 12.25]},
								"south": {"uv": [64, 43.75], "uv_size": [0, -0.25]},
								"west": {"uv": [29, 6], "uv_size": [-4, 12.25]},
								"up": {"uv": [4, 50], "uv_size": [-4, 4]},
								"down": {"uv": [8, 54], "uv_size": [-4, -4]}
							}
						},
						{
							"origin": [-2.13344, 11.60556, 1.97077],
							"size": [4.10093, 9.30278, 0],
							"pivot": [-1.0367, 17.25695, 1.67006],
							"rotation": [0, 15, -180],
							"uv": {
								"north": {"uv": [64, 43.75], "uv_size": [0, -0.25]},
								"east": {"uv": [29, 0], "uv_size": [4, 12.25]},
								"south": {"uv": [61, 51.25], "uv_size": [3, 7.25]},
								"west": {"uv": [25, 6], "uv_size": [4, 12.25]},
								"up": {"uv": [4, 54], "uv_size": [-4, -4]},
								"down": {"uv": [8, 50], "uv_size": [-4, 4]}
							}
						}
					]
				},
				{
					"name": "Roupa3",
					"parent": "Corpo",
					"pivot": [4.1514, 20.65139, -1.05046],
					"rotation": [0, -7.5, 0],
					"cubes": [
						{
							"origin": [-0.99957, -0.69722, -1.04387],
							"size": [4.10093, 9.30278, 0],
							"pivot": [1.5509, 11.45417, -3.04387],
							"rotation": [0, 0, 180],
							"uv": {
								"north": {"uv": [61, 51.25], "uv_size": [3, 7.25]},
								"east": {"uv": [25, 6], "uv_size": [4, 12.25]},
								"south": {"uv": [64, 43.75], "uv_size": [0, -0.25]},
								"west": {"uv": [29, 0], "uv_size": [4, 12.25]},
								"up": {"uv": [0, 50], "uv_size": [4, 4]},
								"down": {"uv": [4, 54], "uv_size": [4, -4]}
							}
						},
						{
							"origin": [-1.96749, 11.60556, 1.97077],
							"size": [4.10093, 9.30278, 0],
							"pivot": [1.0367, 17.25695, 1.67006],
							"rotation": [0, -15, 180],
							"uv": {
								"north": {"uv": [64, 43.75], "uv_size": [0, -0.25]},
								"east": {"uv": [29, 6], "uv_size": [-4, 12.25]},
								"south": {"uv": [64, 51.25], "uv_size": [-3, 7.25]},
								"west": {"uv": [33, 0], "uv_size": [-4, 12.25]},
								"up": {"uv": [0, 54], "uv_size": [4, -4]},
								"down": {"uv": [4, 50], "uv_size": [4, 4]}
							}
						}
					]
				}
			]
		}
	]
}