{
	"format_version": "1.12.0",
	"minecraft:geometry": [
		{
			"description": {
				"identifier": "geometry.sukunaoutline2",
				"texture_width": 64,
				"texture_height": 64,
				"visible_bounds_width": 3,
				"visible_bounds_height": 3.5,
				"visible_bounds_offset": [0, 1.25, 0]
			},
			"bones": [
				{
					"name": "Tudo",
					"pivot": [0, 12.72, 0]
				},
				{
					"name": "Corpo",
					"parent": "Tudo",
					"pivot": [0, 24.60557, 0],
					"cubes": [
						{
							"origin": [-4.10093, 12.30278, -2.05046],
							"size": [8.20186, 12.30278, 4.10093],
							"inflate": 0.4,
							"uv": {
								"north": {"uv": [0, 0], "uv_size": [8.25, 12.25]},
								"east": {"uv": [16, 19], "uv_size": [4, 12.25]},
								"south": {"uv": [9, 0], "uv_size": [8.25, 12.25]},
								"west": {"uv": [0, 20], "uv_size": [4, 12.25]},
								"up": {"uv": [43, 37], "uv_size": [8.25, 4]},
								"down": {"uv": [19, 49], "uv_size": [8.25, -4]}
							}
						}
					],
					"locators": {
						"sukunaoutline2": [0, 19, 0]
					}
				},
				{
					"name": "Roupa",
					"parent": "Corpo",
					"pivot": [4.55047, 22.95417, -1.05046],
					"rotation": [-7.5, 0, 90],
					"cubes": [
						{
							"origin": [3, 16.30278, -1.05046],
							"size": [5.10093, 3.30278, 0],
							"inflate": 0.4,
							"pivot": [4.05047, 18.45417, -2.05046],
							"rotation": [0, 0, -90],
							"uv": {
								"north": {"uv": [61, 41.5], "uv_size": [3, 3.25]},
								"east": {"uv": [25, 6], "uv_size": [4, 12.25]},
								"south": {"uv": [64, 43.75], "uv_size": [0, -0.25]},
								"west": {"uv": [29, 0], "uv_size": [4, 12.25]},
								"up": {"uv": [0, 50], "uv_size": [4, 4]},
								"down": {"uv": [4, 54], "uv_size": [4, -4]}
							}
						}
					]
				},
				{
					"name": "rightBraco",
					"parent": "Corpo",
					"pivot": [-5.12616, 22.5551, 0],
					"cubes": [
						{
							"origin": [-8.20186, 12.30278, -2.05046],
							"size": [4.10093, 12.30278, 4.10093],
							"inflate": 0.4,
							"uv": {
								"north": {"uv": [4, 20], "uv_size": [4, 12.25]},
								"east": {"uv": [8, 20], "uv_size": [4, 12.25]},
								"south": {"uv": [12, 20], "uv_size": [4, 12.25]},
								"west": {"uv": [20, 19], "uv_size": [4, 12.25]},
								"up": {"uv": [43, 49], "uv_size": [4, 4]},
								"down": {"uv": [47, 53], "uv_size": [4, -4]}
							}
						}
					]
				},
				{
					"name": "leftBraco",
					"parent": "Corpo",
					"pivot": [5.12616, 22.5551, 0],
					"cubes": [
						{
							"origin": [4.10093, 12.30278, -2.05046],
							"size": [4.10093, 12.30278, 4.10093],
							"inflate": 0.4,
							"uv": {
								"north": {"uv": [24, 19], "uv_size": [4, 12.25]},
								"east": {"uv": [25, 6], "uv_size": [4, 12.25]},
								"south": {"uv": [28, 19], "uv_size": [4, 12.25]},
								"west": {"uv": [29, 0], "uv_size": [4, 12.25]},
								"up": {"uv": [0, 50], "uv_size": [4, 4]},
								"down": {"uv": [4, 54], "uv_size": [4, -4]}
							}
						}
					]
				},
				{
					"name": "rightPerna",
					"parent": "Corpo",
					"pivot": [-1.94794, 12.30278, 0],
					"cubes": [
						{
							"origin": [-3.9984, 0, -2.05046],
							"size": [4.10093, 12.30278, 4.10093],
							"inflate": 0.4,
							"uv": {
								"north": {"uv": [32, 13], "uv_size": [4, 12.25]},
								"east": {"uv": [16, 32], "uv_size": [4, 12.25]},
								"south": {"uv": [20, 32], "uv_size": [4, 12.25]},
								"west": {"uv": [24, 32], "uv_size": [4, 12.25]},
								"up": {"uv": [50, 6], "uv_size": [4, 4]},
								"down": {"uv": [50, 14], "uv_size": [4, -4]}
							}
						},
						{
							"origin": [-4.10093, -0.10252, -2.17349],
							"size": [4.34698, 2.6656, 4.34698],
							"inflate": 0.4,
							"uv": {
								"north": {"uv": [26, 51], "uv_size": [4.25, 2.75]},
								"east": {"uv": [31, 51], "uv_size": [4.25, 2.75]},
								"south": {"uv": [36, 51], "uv_size": [4.25, 2.75]},
								"west": {"uv": [51, 49], "uv_size": [4.25, 2.75]},
								"up": {"uv": [11, 33], "uv_size": [4.25, 4.25]},
								"down": {"uv": [11, 42.25], "uv_size": [4.25, -4.25]}
							}
						}
					]
				},
				{
					"name": "leftPerna",
					"parent": "Corpo",
					"pivot": [1.94794, 12.30278, 0],
					"cubes": [
						{
							"origin": [-0.10253, 0, -2.05046],
							"size": [4.10093, 12.30278, 4.10093],
							"inflate": 0.4,
							"uv": {
								"north": {"uv": [32, 26], "uv_size": [4, 12.25]},
								"east": {"uv": [28, 32], "uv_size": [4, 12.25]},
								"south": {"uv": [0, 33], "uv_size": [4, 12.25]},
								"west": {"uv": [33, 0], "uv_size": [4, 12.25]},
								"up": {"uv": [50, 14], "uv_size": [4, 4]},
								"down": {"uv": [8, 55], "uv_size": [4, -4]}
							}
						},
						{
							"origin": [-0.24605, -0.10252, -2.17349],
							"size": [4.34698, 2.6656, 4.34698],
							"inflate": 0.4,
							"uv": {
								"north": {"uv": [52, 0], "uv_size": [4.25, 2.75]},
								"east": {"uv": [52, 3], "uv_size": [4.25, 2.75]},
								"south": {"uv": [18, 52], "uv_size": [4.25, 2.75]},
								"west": {"uv": [52, 37], "uv_size": [4.25, 2.75]},
								"up": {"uv": [49, 25], "uv_size": [4.25, 4.25]},
								"down": {"uv": [49, 34.25], "uv_size": [4.25, -4.25]}
							}
						}
					]
				},
				{
					"name": "head",
					"parent": "Corpo",
					"pivot": [0, 24.12, 0],
					"cubes": [
						{
							"origin": [-3.52, 24.12, -3.52],
							"size": [7.04, 7.04, 7.04],
							"inflate": 0.4,
							"uv": {
								"north": {"uv": [18, 6], "uv_size": [7, 7]},
								"east": {"uv": [4, 33], "uv_size": [7, 7]},
								"south": {"uv": [36, 13], "uv_size": [7, 7]},
								"west": {"uv": [36, 20], "uv_size": [7, 7]},
								"up": {"uv": [36, 27], "uv_size": [7, 7]},
								"down": {"uv": [36, 41], "uv_size": [7, -7]}
							}
						}
					]
				},
				{
					"name": "Roupa2",
					"parent": "Corpo",
					"pivot": [-4.1514, 20.65139, -1.05046],
					"rotation": [0, 7.5, 0],
					"cubes": [
						{
							"origin": [-3.10136, -0.69722, -1.04387],
							"size": [4.10093, 9.30278, 0],
							"inflate": 0.4,
							"pivot": [-1.5509, 11.45417, -3.04387],
							"rotation": [0, 0, -180],
							"uv": {
								"north": {"uv": [64, 51.25], "uv_size": [-3, 7.25]},
								"east": {"uv": [33, 0], "uv_size": [-4, 12.25]},
								"south": {"uv": [64, 43.75], "uv_size": [0, -0.25]},
								"west": {"uv": [29, 6], "uv_size": [-4, 12.25]},
								"up": {"uv": [4, 50], "uv_size": [-4, 4]},
								"down": {"uv": [8, 54], "uv_size": [-4, -4]}
							}
						},
						{
							"origin": [-2.13344, 11.60556, 1.97077],
							"size": [4.10093, 9.30278, 0],
							"inflate": 0.4,
							"pivot": [-1.0367, 17.25695, 1.67006],
							"rotation": [0, 15, -180],
							"uv": {
								"north": {"uv": [64, 43.75], "uv_size": [0, -0.25]},
								"east": {"uv": [29, 0], "uv_size": [4, 12.25]},
								"south": {"uv": [61, 51.25], "uv_size": [3, 7.25]},
								"west": {"uv": [25, 6], "uv_size": [4, 12.25]},
								"up": {"uv": [4, 54], "uv_size": [-4, -4]},
								"down": {"uv": [8, 50], "uv_size": [-4, 4]}
							}
						}
					]
				},
				{
					"name": "Roupa3",
					"parent": "Corpo",
					"pivot": [4.1514, 20.65139, -1.05046],
					"rotation": [0, -7.5, 0],
					"cubes": [
						{
							"origin": [-0.99957, -0.69722, -1.04387],
							"size": [4.10093, 9.30278, 0],
							"inflate": 0.4,
							"pivot": [1.5509, 11.45417, -3.04387],
							"rotation": [0, 0, 180],
							"uv": {
								"north": {"uv": [61, 51.25], "uv_size": [3, 7.25]},
								"east": {"uv": [25, 6], "uv_size": [4, 12.25]},
								"south": {"uv": [64, 43.75], "uv_size": [0, -0.25]},
								"west": {"uv": [29, 0], "uv_size": [4, 12.25]},
								"up": {"uv": [0, 50], "uv_size": [4, 4]},
								"down": {"uv": [4, 54], "uv_size": [4, -4]}
							}
						},
						{
							"origin": [-1.96749, 11.60556, 1.97077],
							"size": [4.10093, 9.30278, 0],
							"inflate": 0.4,
							"pivot": [1.0367, 17.25695, 1.67006],
							"rotation": [0, -15, 180],
							"uv": {
								"north": {"uv": [64, 43.75], "uv_size": [0, -0.25]},
								"east": {"uv": [29, 6], "uv_size": [-4, 12.25]},
								"south": {"uv": [64, 51.25], "uv_size": [-3, 7.25]},
								"west": {"uv": [33, 0], "uv_size": [-4, 12.25]},
								"up": {"uv": [0, 54], "uv_size": [4, -4]},
								"down": {"uv": [4, 50], "uv_size": [4, 4]}
							}
						}
					]
				}
			]
		}
	]
}