{
	"format_version": "1.12.0",
	"minecraft:geometry": [
		{
			"description": {
				"identifier": "geometry.vegetto",
				"texture_width": 64,
				"texture_height": 64,
				"visible_bounds_width": 3,
				"visible_bounds_height": 4.5,
				"visible_bounds_offset": [0, 1.75, 0]
			},
			"bones": [
				{
					"name": "Tudo",
					"pivot": [0, 12.72, 0]
				},
				{
					"name": "Corpo",
					"parent": "Tudo",
					"pivot": [0, 24.60557, 0],
					"cubes": [
						{
							"origin": [-4.10093, 12.30278, -2.05046],
							"size": [8.20186, 12.30278, 4.10093],
							"uv": {
								"north": {"uv": [0, 0], "uv_size": [8, 12]},
								"east": {"uv": [0, 27], "uv_size": [4, 12]},
								"south": {"uv": [8, 0], "uv_size": [8, 12]},
								"west": {"uv": [4, 27], "uv_size": [4, 12]},
								"up": {"uv": [22, 39], "uv_size": [8, 4]},
								"down": {"uv": [40, 16], "uv_size": [8, -4]}
							}
						}
					],
					"locators": {
						"aura": [0, 19, 0]
					}
				},
				{
					"name": "Roupa",
					"parent": "Corpo",
					"pivot": [0, 21.01726, 0],
					"cubes": [
						{
							"origin": [-4.91619, 17.84273, -2.4581],
							"size": [9.83238, 7.37429, 4.91619],
							"uv": {
								"north": {"uv": [0, 12], "uv_size": [10.75, 7.5]},
								"east": {"uv": [40, 16], "uv_size": [4.25, 7.5]},
								"south": {"uv": [11, 12], "uv_size": [10.75, 7.5]},
								"west": {"uv": [40, 24], "uv_size": [4.25, 7.5]},
								"up": {"uv": [0, 39], "uv_size": [10.75, 4.25]},
								"down": {"uv": [11, 43.25], "uv_size": [10.75, -4.25]}
							}
						}
					]
				},
				{
					"name": "rightBraco",
					"parent": "Corpo",
					"pivot": [-5.12616, 22.5551, 0],
					"cubes": [
						{
							"origin": [-8.20186, 12.30278, -2.05046],
							"size": [4.10093, 12.30278, 4.10093],
							"uv": {
								"north": {"uv": [24, 27], "uv_size": [4, 12]},
								"east": {"uv": [28, 14], "uv_size": [4, 12]},
								"south": {"uv": [28, 26], "uv_size": [4, 12]},
								"west": {"uv": [29, 0], "uv_size": [4, 12]},
								"up": {"uv": [51, 29], "uv_size": [4, 4]},
								"down": {"uv": [51, 37], "uv_size": [4, -4]}
							}
						}
					]
				},
				{
					"name": "leftBiceps",
					"parent": "rightBraco",
					"pivot": [-5.63878, 19.47941, -0.51262],
					"cubes": [
						{
							"origin": [-7.49896, 17.0451, -2.3728],
							"size": [3.72036, 4.86862, 3.72036],
							"uv": {
								"north": {"uv": [13, 52], "uv_size": [3.25, 4.25]},
								"east": {"uv": [40, 52], "uv_size": [3.25, 4.25]},
								"south": {"uv": [44, 52], "uv_size": [3.25, 4.25]},
								"west": {"uv": [48, 52], "uv_size": [3.25, 4.25]},
								"up": {"uv": [55, 32], "uv_size": [3.25, 3.25]},
								"down": {"uv": [55, 39.25], "uv_size": [3.25, -3.25]}
							}
						}
					]
				},
				{
					"name": "leftBraco",
					"parent": "Corpo",
					"pivot": [5.12616, 22.5551, 0],
					"cubes": [
						{
							"origin": [4.10093, 12.30278, -2.05046],
							"size": [4.10093, 12.30278, 4.10093],
							"uv": {
								"north": {"uv": [28, 27], "uv_size": [-4, 12]},
								"east": {"uv": [33, 0], "uv_size": [-4, 12]},
								"south": {"uv": [32, 26], "uv_size": [-4, 12]},
								"west": {"uv": [32, 14], "uv_size": [-4, 12]},
								"up": {"uv": [55, 29], "uv_size": [-4, 4]},
								"down": {"uv": [55, 37], "uv_size": [-4, -4]}
							}
						}
					]
				},
				{
					"name": "rightBiceps",
					"parent": "leftBraco",
					"pivot": [5.63878, 19.47941, -0.51262],
					"cubes": [
						{
							"origin": [3.7786, 17.0451, -2.3728],
							"size": [3.72036, 4.86862, 3.72036],
							"uv": {
								"north": {"uv": [16.25, 52], "uv_size": [-3.25, 4.25]},
								"east": {"uv": [51.25, 52], "uv_size": [-3.25, 4.25]},
								"south": {"uv": [47.25, 52], "uv_size": [-3.25, 4.25]},
								"west": {"uv": [43.25, 52], "uv_size": [-3.25, 4.25]},
								"up": {"uv": [58.25, 32], "uv_size": [-3.25, 3.25]},
								"down": {"uv": [58.25, 39.25], "uv_size": [-3.25, -3.25]}
							}
						}
					]
				},
				{
					"name": "rightPerna",
					"parent": "Corpo",
					"pivot": [-1.94794, 12.30278, 0],
					"cubes": [
						{
							"origin": [-3.9984, 0, -2.05046],
							"size": [4.10093, 12.30278, 4.10093],
							"uv": {
								"north": {"uv": [8, 27], "uv_size": [4, 12]},
								"east": {"uv": [12, 27], "uv_size": [4, 12]},
								"south": {"uv": [16, 27], "uv_size": [4, 12]},
								"west": {"uv": [20, 27], "uv_size": [4, 12]},
								"up": {"uv": [50, 44], "uv_size": [4, 4]},
								"down": {"uv": [51, 8], "uv_size": [4, -4]}
							}
						},
						{
							"origin": [-4.72222, 4.41958, -2.77428],
							"size": [5.54856, 3.1126, 5.54856],
							"uv": {
								"north": {"uv": [12, 49], "uv_size": [5.5, 3]},
								"east": {"uv": [40, 49], "uv_size": [5.5, 3]},
								"south": {"uv": [46, 49], "uv_size": [5.5, 3]},
								"west": {"uv": [50, 14], "uv_size": [5.5, 3]},
								"up": {"uv": [22, 14], "uv_size": [5.5, 5.5]},
								"down": {"uv": [23, 5.5], "uv_size": [5.5, -5.5]}
							}
						},
						{
							"origin": [-4.50027, 5.73499, -2.55233],
							"size": [5.10467, 4.58598, 5.10467],
							"uv": {
								"north": {"uv": [15, 44], "uv_size": [5, 4.5]},
								"east": {"uv": [40, 44], "uv_size": [5, 4.5]},
								"south": {"uv": [45, 16], "uv_size": [5, 4.5]},
								"west": {"uv": [45, 21], "uv_size": [5, 4.5]},
								"up": {"uv": [27, 43], "uv_size": [5, 5]},
								"down": {"uv": [0, 49], "uv_size": [5, -5]}
							}
						},
						{
							"origin": [-4.10093, -0.10252, -2.17349],
							"size": [4.34698, 2.6656, 4.34698],
							"uv": {
								"north": {"uv": [25, 53], "uv_size": [4.25, 2.5]},
								"east": {"uv": [30, 53], "uv_size": [4.25, 2.5]},
								"south": {"uv": [35, 53], "uv_size": [4.25, 2.5]},
								"west": {"uv": [52, 53], "uv_size": [4.25, 2.5]},
								"up": {"uv": [20, 48], "uv_size": [4.25, 4.25]},
								"down": {"uv": [25, 52.25], "uv_size": [4.25, -4.25]}
							}
						}
					]
				},
				{
					"name": "leftPerna",
					"parent": "Corpo",
					"pivot": [1.94794, 12.30278, 0],
					"cubes": [
						{
							"origin": [-0.10252, 0, -2.05046],
							"size": [4.10093, 12.30278, 4.10093],
							"uv": {
								"north": {"uv": [12, 27], "uv_size": [-4, 12]},
								"east": {"uv": [24, 27], "uv_size": [-4, 12]},
								"south": {"uv": [20, 27], "uv_size": [-4, 12]},
								"west": {"uv": [16, 27], "uv_size": [-4, 12]},
								"up": {"uv": [54, 44], "uv_size": [-4, 4]},
								"down": {"uv": [55, 8], "uv_size": [-4, -4]}
							}
						},
						{
							"origin": [-0.82634, 4.41958, -2.77428],
							"size": [5.54856, 3.1126, 5.54856],
							"uv": {
								"north": {"uv": [17.5, 49], "uv_size": [-5.5, 3]},
								"east": {"uv": [55.5, 14], "uv_size": [-5.5, 3]},
								"south": {"uv": [51.5, 49], "uv_size": [-5.5, 3]},
								"west": {"uv": [45.5, 49], "uv_size": [-5.5, 3]},
								"up": {"uv": [27.5, 14], "uv_size": [-5.5, 5.5]},
								"down": {"uv": [28.5, 5.5], "uv_size": [-5.5, -5.5]}
							}
						},
						{
							"origin": [-0.60439, 5.73499, -2.55233],
							"size": [5.10467, 4.58598, 5.10467],
							"uv": {
								"north": {"uv": [20, 44], "uv_size": [-5, 4.5]},
								"east": {"uv": [50, 21], "uv_size": [-5, 4.5]},
								"south": {"uv": [50, 16], "uv_size": [-5, 4.5]},
								"west": {"uv": [45, 44], "uv_size": [-5, 4.5]},
								"up": {"uv": [32, 43], "uv_size": [-5, 5]},
								"down": {"uv": [5, 49], "uv_size": [-5, -5]}
							}
						},
						{
							"origin": [-0.24606, -0.10252, -2.17349],
							"size": [4.34698, 2.6656, 4.34698],
							"uv": {
								"north": {"uv": [29.25, 53], "uv_size": [-4.25, 2.5]},
								"east": {"uv": [56.25, 53], "uv_size": [-4.25, 2.5]},
								"south": {"uv": [39.25, 53], "uv_size": [-4.25, 2.5]},
								"west": {"uv": [34.25, 53], "uv_size": [-4.25, 2.5]},
								"up": {"uv": [24.25, 48], "uv_size": [-4.25, 4.25]},
								"down": {"uv": [29.25, 52.25], "uv_size": [-4.25, -4.25]}
							}
						}
					]
				},
				{
					"name": "head",
					"parent": "Corpo",
					"pivot": [0, 24.12, 0],
					"cubes": [
						{
							"origin": [-3.52, 24.12, -3.52],
							"size": [7.04, 7.04, 7.04],
							"uv": {
								"north": {"uv": [16, 0], "uv_size": [7, 7]},
								"east": {"uv": [0, 20], "uv_size": [7, 7]},
								"south": {"uv": [7, 20], "uv_size": [7, 7]},
								"west": {"uv": [14, 20], "uv_size": [7, 7]},
								"up": {"uv": [21, 20], "uv_size": [7, 7]},
								"down": {"uv": [22, 14], "uv_size": [7, -7]}
							}
						}
					]
				},
				{
					"name": "Hair",
					"parent": "head",
					"pivot": [0.75, 28.87, 2],
					"rotation": [7.50926, 0.57826, -0.09863],
					"cubes": [
						{
							"origin": [-0.99656, 29.02754, -1.60107],
							"size": [5, 3, 5],
							"uv": {
								"north": {"uv": [46, 36], "uv_size": [5, 4]},
								"east": {"uv": [46, 40], "uv_size": [5, 4]},
								"south": {"uv": [47, 0], "uv_size": [5, 4]},
								"west": {"uv": [48, 10], "uv_size": [5, 4]},
								"up": {"uv": [41, 5], "uv_size": [5, 5]},
								"down": {"uv": [22, 48], "uv_size": [5, -5]}
							}
						},
						{
							"origin": [-3.99656, 29.02754, -0.60107],
							"size": [7, 3, 5],
							"uv": {
								"north": {"uv": [46, 36], "uv_size": [5, 4]},
								"east": {"uv": [46, 40], "uv_size": [5, 4]},
								"south": {"uv": [47, 0], "uv_size": [5, 4]},
								"west": {"uv": [48, 10], "uv_size": [5, 4]},
								"up": {"uv": [41, 5], "uv_size": [5, 5]},
								"down": {"uv": [22, 48], "uv_size": [5, -5]}
							}
						},
						{
							"origin": [-2.99656, 30.02754, -2.60107],
							"size": [6, 3, 6],
							"uv": {
								"north": {"uv": [0, 49], "uv_size": [6, 3]},
								"east": {"uv": [51, 41], "uv_size": [5, 3]},
								"south": {"uv": [6, 49], "uv_size": [6, 3]},
								"west": {"uv": [8, 52], "uv_size": [5, 3]},
								"up": {"uv": [16, 7], "uv_size": [6, 5]},
								"down": {"uv": [41, 5], "uv_size": [6, -5]}
							}
						}
					]
				},
				{
					"name": "Mecha",
					"parent": "Hair",
					"pivot": [0.05577, 31.81399, -3.37651],
					"rotation": [12.94149, -18.33674, 14.00915],
					"cubes": [
						{
							"origin": [-2.2279, 31.02574, -5.16753],
							"size": [2.56, 1.28, 3.84],
							"pivot": [-0.9479, 31.02574, -3.24753],
							"rotation": [-20.94832, 53.46139, -17.4843],
							"uv": {
								"north": {"uv": [30, 41], "uv_size": [2, 2]},
								"east": {"uv": [48, 14], "uv_size": [2, 2]},
								"south": {"uv": [51, 8], "uv_size": [2, 2]},
								"west": {"uv": [56, 51], "uv_size": [2, 2]},
								"up": {"uv": [56, 56], "uv_size": [2, 2]},
								"down": {"uv": [57, 9], "uv_size": [2, -2]}
							}
						},
						{
							"origin": [-2.19251, 31.19648, -4.28557],
							"size": [2.3296, 1.0496, 2.3296],
							"pivot": [-1.14566, 28.64975, -3.91284],
							"rotation": [31.55168, 53.46139, -17.4843],
							"uv": {
								"north": {"uv": [58, 20], "uv_size": [1.75, 1.75]},
								"east": {"uv": [21, 58], "uv_size": [1.75, 1.75]},
								"south": {"uv": [58, 22], "uv_size": [1.75, 1.75]},
								"west": {"uv": [23, 58], "uv_size": [1.75, 1.75]},
								"up": {"uv": [58, 24], "uv_size": [1.75, 1.75]},
								"down": {"uv": [25, 59.75], "uv_size": [1.75, -1.75]}
							}
						},
						{
							"origin": [-0.93843, 28.25028, -2.84855],
							"size": [1.35619, 1.35619, 3.22755],
							"pivot": [-0.37829, 24.49939, -4.90024],
							"rotation": [56.55168, 53.46139, -17.4843],
							"uv": {
								"north": {"uv": [45, 31], "uv_size": [1, 1]},
								"east": {"uv": [49, 4], "uv_size": [1.5, 1]},
								"south": {"uv": [19, 52], "uv_size": [1, 1]},
								"west": {"uv": [50, 48], "uv_size": [1.5, 1]},
								"up": {"uv": [7, 56], "uv_size": [1, 1.5]},
								"down": {"uv": [16, 60.5], "uv_size": [1, -1.5]}
							}
						}
					]
				},
				{
					"name": "Mecha25",
					"parent": "Hair",
					"pivot": [-0.05577, 31.81399, -3.37651],
					"rotation": [-9.4703, 34.52154, -13.76326],
					"cubes": [
						{
							"origin": [0.0579, 31.02574, -4.58253],
							"size": [1.78, 0.89, 2.67],
							"pivot": [0.9479, 31.02574, -3.24753],
							"rotation": [-20.94832, -53.46139, 17.4843],
							"uv": {
								"north": {"uv": [32, 41], "uv_size": [-2, 2]},
								"east": {"uv": [58, 51], "uv_size": [-2, 2]},
								"south": {"uv": [53, 8], "uv_size": [-2, 2]},
								"west": {"uv": [50, 14], "uv_size": [-2, 2]},
								"up": {"uv": [58, 56], "uv_size": [-2, 2]},
								"down": {"uv": [59, 9], "uv_size": [-2, -2]}
							}
						},
						{
							"origin": [0.19349, 31.14446, -3.96929],
							"size": [1.6198, 0.7298, 1.6198],
							"pivot": [1.08541, 29.37369, -3.71013],
							"rotation": [31.55168, -53.46139, 17.4843],
							"uv": {
								"north": {"uv": [59.75, 20], "uv_size": [-1.75, 1.75]},
								"east": {"uv": [24.75, 58], "uv_size": [-1.75, 1.75]},
								"south": {"uv": [59.75, 22], "uv_size": [-1.75, 1.75]},
								"west": {"uv": [22.75, 58], "uv_size": [-1.75, 1.75]},
								"up": {"uv": [59.75, 24], "uv_size": [-1.75, 1.75]},
								"down": {"uv": [26.75, 59.75], "uv_size": [-1.75, -1.75]}
							}
						},
						{
							"origin": [-0.00166, 29.09593, -2.97012],
							"size": [0.94297, 0.94297, 2.24415],
							"pivot": [0.55184, 26.48789, -4.39668],
							"rotation": [56.55168, -53.46139, 17.4843],
							"uv": {
								"north": {"uv": [46, 31], "uv_size": [-1, 1]},
								"east": {"uv": [51.5, 48], "uv_size": [-1.5, 1]},
								"south": {"uv": [20, 52], "uv_size": [-1, 1]},
								"west": {"uv": [50.5, 4], "uv_size": [-1.5, 1]},
								"up": {"uv": [8, 56], "uv_size": [-1, 1.5]},
								"down": {"uv": [17, 60.5], "uv_size": [-1, -1.5]}
							}
						}
					]
				},
				{
					"name": "Mecha26",
					"parent": "Hair",
					"pivot": [-2.12585, 30.75099, -1.84684],
					"rotation": [15.83547, -1.05703, 27.59419],
					"cubes": [
						{
							"origin": [-2.97554, 30.69265, -3.36197],
							"size": [1.7082, 0.8541, 1.3923],
							"pivot": [-2.12144, 30.69265, -2.08082],
							"rotation": [-20.94832, 53.46139, -17.4843],
							"uv": {
								"north": {"uv": [30, 41], "uv_size": [2, 2]},
								"east": {"uv": [48, 14], "uv_size": [2, 2]},
								"south": {"uv": [51, 8], "uv_size": [2, 2]},
								"west": {"uv": [56, 51], "uv_size": [2, 2]},
								"up": {"uv": [56, 56], "uv_size": [2, 2]},
								"down": {"uv": [57, 9], "uv_size": [2, -2]}
							}
						},
						{
							"origin": [-2.95192, 30.80658, -2.77347],
							"size": [1.55446, 0.70036, 1.55446],
							"pivot": [-2.25339, 29.10724, -2.52476],
							"rotation": [31.55168, 53.46139, -17.4843],
							"uv": {
								"north": {"uv": [58, 20], "uv_size": [1.75, 1.75]},
								"east": {"uv": [21, 58], "uv_size": [1.75, 1.75]},
								"south": {"uv": [58, 22], "uv_size": [1.75, 1.75]},
								"west": {"uv": [23, 58], "uv_size": [1.75, 1.75]},
								"up": {"uv": [58, 24], "uv_size": [1.75, 1.75]},
								"down": {"uv": [25, 59.75], "uv_size": [1.75, -1.75]}
							}
						},
						{
							"origin": [-2.11512, 28.84068, -1.8146],
							"size": [0.90494, 0.90494, 2.15363],
							"pivot": [-1.74135, 26.33784, -3.18362],
							"rotation": [56.55168, 53.46139, -17.4843],
							"uv": {
								"north": {"uv": [45, 31], "uv_size": [1, 1]},
								"east": {"uv": [49, 4], "uv_size": [1.5, 1]},
								"south": {"uv": [19, 52], "uv_size": [1, 1]},
								"west": {"uv": [50, 48], "uv_size": [1.5, 1]},
								"up": {"uv": [7, 56], "uv_size": [1, 1.5]},
								"down": {"uv": [16, 60.5], "uv_size": [1, -1.5]}
							}
						}
					]
				},
				{
					"name": "Mecha2",
					"parent": "Hair",
					"pivot": [2.60028, 26.29419, 4.60424],
					"rotation": [37.0555, 58.5423, -147.59816],
					"cubes": [
						{
							"origin": [3.0267, 23.52184, 1.37408],
							"size": [2, 2, 2],
							"pivot": [3, 26.12, 4],
							"rotation": [19.05168, 53.46139, -17.4843],
							"uv": {
								"north": {"uv": [57, 9], "uv_size": [2, 2]},
								"east": {"uv": [57, 11], "uv_size": [2, 2]},
								"south": {"uv": [13, 57], "uv_size": [2, 2]},
								"west": {"uv": [15, 57], "uv_size": [2, 2]},
								"up": {"uv": [40, 57], "uv_size": [2, 2]},
								"down": {"uv": [42, 59], "uv_size": [2, -2]}
							}
						},
						{
							"origin": [1.49118, 22.13765, 0.61735],
							"size": [1.82, 1.82, 2.82],
							"pivot": [1.37448, 24.47245, 2.48434],
							"rotation": [31.55168, 53.46139, -17.4843],
							"uv": {
								"north": {"uv": [32, 58], "uv_size": [1.75, 1.75]},
								"east": {"uv": [29, 12], "uv_size": [2.75, 1.75]},
								"south": {"uv": [34, 58], "uv_size": [1.75, 1.75]},
								"west": {"uv": [41, 10], "uv_size": [2.75, 1.75]},
								"up": {"uv": [30, 38], "uv_size": [1.75, 2.75]},
								"down": {"uv": [20, 46.75], "uv_size": [1.75, -2.75]}
							}
						},
						{
							"origin": [1.76332, 22.83645, -2.19715],
							"size": [1.376, 1.376, 2.976],
							"pivot": [1.42462, 24.47457, 2.52024],
							"rotation": [54.05168, 53.46139, -17.4843],
							"uv": {
								"north": {"uv": [58, 57], "uv_size": [1.5, 1.5]},
								"east": {"uv": [25, 56], "uv_size": [3, 1.5]},
								"south": {"uv": [59, 7], "uv_size": [1.5, 1.5]},
								"west": {"uv": [56, 26], "uv_size": [3, 1.5]},
								"up": {"uv": [28, 56], "uv_size": [1.5, 3]},
								"down": {"uv": [30, 59], "uv_size": [1.5, -3]}
							}
						}
					]
				},
				{
					"name": "Mecha6",
					"parent": "Hair",
					"pivot": [-2.60028, 26.29419, 4.60424],
					"rotation": [37.0555, -58.5423, 147.59816],
					"cubes": [
						{
							"origin": [-5.0267, 23.52184, 1.37408],
							"size": [2, 2, 2],
							"pivot": [-3, 26.12, 4],
							"rotation": [19.05168, -53.46139, 17.4843],
							"uv": {
								"north": {"uv": [59, 9], "uv_size": [-2, 2]},
								"east": {"uv": [17, 57], "uv_size": [-2, 2]},
								"south": {"uv": [15, 57], "uv_size": [-2, 2]},
								"west": {"uv": [59, 11], "uv_size": [-2, 2]},
								"up": {"uv": [42, 57], "uv_size": [-2, 2]},
								"down": {"uv": [44, 59], "uv_size": [-2, -2]}
							}
						},
						{
							"origin": [-3.31118, 22.13765, 0.61735],
							"size": [1.82, 1.82, 2.82],
							"pivot": [-1.37448, 24.47245, 2.48434],
							"rotation": [31.55168, -53.46139, 17.4843],
							"uv": {
								"north": {"uv": [33.75, 58], "uv_size": [-1.75, 1.75]},
								"east": {"uv": [43.75, 10], "uv_size": [-2.75, 1.75]},
								"south": {"uv": [35.75, 58], "uv_size": [-1.75, 1.75]},
								"west": {"uv": [31.75, 12], "uv_size": [-2.75, 1.75]},
								"up": {"uv": [31.75, 38], "uv_size": [-1.75, 2.75]},
								"down": {"uv": [21.75, 46.75], "uv_size": [-1.75, -2.75]}
							}
						},
						{
							"origin": [-3.13932, 22.83645, -2.19715],
							"size": [1.376, 1.376, 2.976],
							"pivot": [-1.42462, 24.47457, 2.52024],
							"rotation": [54.05168, -53.46139, 17.4843],
							"uv": {
								"north": {"uv": [59.5, 57], "uv_size": [-1.5, 1.5]},
								"east": {"uv": [59, 26], "uv_size": [-3, 1.5]},
								"south": {"uv": [60.5, 7], "uv_size": [-1.5, 1.5]},
								"west": {"uv": [28, 56], "uv_size": [-3, 1.5]},
								"up": {"uv": [29.5, 56], "uv_size": [-1.5, 3]},
								"down": {"uv": [31.5, 59], "uv_size": [-1.5, -3]}
							}
						}
					]
				},
				{
					"name": "Mecha21",
					"parent": "Hair",
					"pivot": [2.60028, 27.29419, 4.60424],
					"rotation": [34.39925, 64.42453, -179.89763],
					"cubes": [
						{
							"origin": [3.49871, 25.14634, 1.10231],
							"size": [2, 2, 2],
							"pivot": [3, 27.12, 4],
							"rotation": [19.05168, 53.46139, -17.4843],
							"uv": {
								"north": {"uv": [57, 9], "uv_size": [2, 2]},
								"east": {"uv": [57, 11], "uv_size": [2, 2]},
								"south": {"uv": [13, 57], "uv_size": [2, 2]},
								"west": {"uv": [15, 57], "uv_size": [2, 2]},
								"up": {"uv": [40, 57], "uv_size": [2, 2]},
								"down": {"uv": [42, 59], "uv_size": [2, -2]}
							}
						},
						{
							"origin": [1.96319, 23.80617, 0.48719],
							"size": [1.82, 1.82, 2.82],
							"pivot": [1.37448, 25.47245, 2.48434],
							"rotation": [31.55168, 53.46139, -17.4843],
							"uv": {
								"north": {"uv": [32, 58], "uv_size": [1.75, 1.75]},
								"east": {"uv": [29, 12], "uv_size": [2.75, 1.75]},
								"south": {"uv": [34, 58], "uv_size": [1.75, 1.75]},
								"west": {"uv": [41, 10], "uv_size": [2.75, 1.75]},
								"up": {"uv": [30, 38], "uv_size": [1.75, 2.75]},
								"down": {"uv": [20, 46.75], "uv_size": [1.75, -2.75]}
							}
						},
						{
							"origin": [2.23533, 24.50389, -2.06157],
							"size": [1.376, 1.376, 2.976],
							"pivot": [1.42462, 25.47457, 2.52024],
							"rotation": [54.05168, 53.46139, -17.4843],
							"uv": {
								"north": {"uv": [58, 57], "uv_size": [1.5, 1.5]},
								"east": {"uv": [25, 56], "uv_size": [3, 1.5]},
								"south": {"uv": [59, 7], "uv_size": [1.5, 1.5]},
								"west": {"uv": [56, 26], "uv_size": [3, 1.5]},
								"up": {"uv": [28, 56], "uv_size": [1.5, 3]},
								"down": {"uv": [30, 59], "uv_size": [1.5, -3]}
							}
						}
					]
				},
				{
					"name": "Mecha8",
					"parent": "Hair",
					"pivot": [-2.60028, 27.29419, 4.60424],
					"rotation": [34.39925, -64.42453, 179.89763],
					"cubes": [
						{
							"origin": [-5.49871, 25.14634, 1.10231],
							"size": [2, 2, 2],
							"pivot": [-3, 27.12, 4],
							"rotation": [19.05168, -53.46139, 17.4843],
							"uv": {
								"north": {"uv": [59, 9], "uv_size": [-2, 2]},
								"east": {"uv": [17, 57], "uv_size": [-2, 2]},
								"south": {"uv": [15, 57], "uv_size": [-2, 2]},
								"west": {"uv": [59, 11], "uv_size": [-2, 2]},
								"up": {"uv": [42, 57], "uv_size": [-2, 2]},
								"down": {"uv": [44, 59], "uv_size": [-2, -2]}
							}
						},
						{
							"origin": [-3.78319, 23.80617, 0.48719],
							"size": [1.82, 1.82, 2.82],
							"pivot": [-1.37448, 25.47245, 2.48434],
							"rotation": [31.55168, -53.46139, 17.4843],
							"uv": {
								"north": {"uv": [33.75, 58], "uv_size": [-1.75, 1.75]},
								"east": {"uv": [43.75, 10], "uv_size": [-2.75, 1.75]},
								"south": {"uv": [35.75, 58], "uv_size": [-1.75, 1.75]},
								"west": {"uv": [31.75, 12], "uv_size": [-2.75, 1.75]},
								"up": {"uv": [31.75, 38], "uv_size": [-1.75, 2.75]},
								"down": {"uv": [21.75, 46.75], "uv_size": [-1.75, -2.75]}
							}
						},
						{
							"origin": [-3.61133, 24.50389, -2.06157],
							"size": [1.376, 1.376, 2.976],
							"pivot": [-1.42462, 25.47457, 2.52024],
							"rotation": [54.05168, -53.46139, 17.4843],
							"uv": {
								"north": {"uv": [59.5, 57], "uv_size": [-1.5, 1.5]},
								"east": {"uv": [59, 26], "uv_size": [-3, 1.5]},
								"south": {"uv": [60.5, 7], "uv_size": [-1.5, 1.5]},
								"west": {"uv": [28, 56], "uv_size": [-3, 1.5]},
								"up": {"uv": [29.5, 56], "uv_size": [-1.5, 3]},
								"down": {"uv": [31.5, 59], "uv_size": [-1.5, -3]}
							}
						}
					]
				},
				{
					"name": "Mecha22",
					"parent": "Hair",
					"pivot": [1.60028, 25.29419, 3.60424],
					"rotation": [-179.2793, 25.80365, -7.15764],
					"cubes": [
						{
							"origin": [0.60109, 22.22292, 0.50809],
							"size": [2, 2, 2],
							"pivot": [2, 25.12, 3],
							"rotation": [19.05168, 53.46139, -17.4843],
							"uv": {
								"north": {"uv": [57, 9], "uv_size": [2, 2]},
								"east": {"uv": [57, 11], "uv_size": [2, 2]},
								"south": {"uv": [13, 57], "uv_size": [2, 2]},
								"west": {"uv": [15, 57], "uv_size": [2, 2]},
								"up": {"uv": [40, 57], "uv_size": [2, 2]},
								"down": {"uv": [42, 59], "uv_size": [2, -2]}
							}
						},
						{
							"origin": [-0.93443, 20.81681, -0.31651],
							"size": [1.82, 1.82, 2.82],
							"pivot": [0.37448, 23.47245, 1.48434],
							"rotation": [31.55168, 53.46139, -17.4843],
							"uv": {
								"north": {"uv": [32, 58], "uv_size": [1.75, 1.75]},
								"east": {"uv": [29, 12], "uv_size": [2.75, 1.75]},
								"south": {"uv": [34, 58], "uv_size": [1.75, 1.75]},
								"west": {"uv": [41, 10], "uv_size": [2.75, 1.75]},
								"up": {"uv": [30, 38], "uv_size": [1.75, 2.75]},
								"down": {"uv": [20, 46.75], "uv_size": [1.75, -2.75]}
							}
						},
						{
							"origin": [-0.66229, 21.51473, -3.25883],
							"size": [1.376, 1.376, 2.976],
							"pivot": [0.42462, 23.47457, 1.52024],
							"rotation": [54.05168, 53.46139, -17.4843],
							"uv": {
								"north": {"uv": [58, 57], "uv_size": [1.5, 1.5]},
								"east": {"uv": [25, 56], "uv_size": [3, 1.5]},
								"south": {"uv": [59, 7], "uv_size": [1.5, 1.5]},
								"west": {"uv": [56, 26], "uv_size": [3, 1.5]},
								"up": {"uv": [28, 56], "uv_size": [1.5, 3]},
								"down": {"uv": [30, 59], "uv_size": [1.5, -3]}
							}
						}
					]
				},
				{
					"name": "Mecha23",
					"parent": "Hair",
					"pivot": [-1.60028, 25.29419, 3.60424],
					"rotation": [-179.2793, -25.80365, 7.15764],
					"cubes": [
						{
							"origin": [-2.59506, 22.2249, 0.50542],
							"size": [2, 2, 2],
							"pivot": [-2, 25.12, 3],
							"rotation": [19.05168, -53.46139, 17.4843],
							"uv": {
								"north": {"uv": [59, 9], "uv_size": [-2, 2]},
								"east": {"uv": [17, 57], "uv_size": [-2, 2]},
								"south": {"uv": [15, 57], "uv_size": [-2, 2]},
								"west": {"uv": [59, 11], "uv_size": [-2, 2]},
								"up": {"uv": [42, 57], "uv_size": [-2, 2]},
								"down": {"uv": [44, 59], "uv_size": [-2, -2]}
							}
						},
						{
							"origin": [-0.87954, 20.81932, -0.31869],
							"size": [1.82, 1.82, 2.82],
							"pivot": [-0.37448, 23.47245, 1.48434],
							"rotation": [31.55168, -53.46139, 17.4843],
							"uv": {
								"north": {"uv": [33.75, 58], "uv_size": [-1.75, 1.75]},
								"east": {"uv": [43.75, 10], "uv_size": [-2.75, 1.75]},
								"south": {"uv": [35.75, 58], "uv_size": [-1.75, 1.75]},
								"west": {"uv": [31.75, 12], "uv_size": [-2.75, 1.75]},
								"up": {"uv": [31.75, 38], "uv_size": [-1.75, 2.75]},
								"down": {"uv": [21.75, 46.75], "uv_size": [-1.75, -2.75]}
							}
						},
						{
							"origin": [-0.70768, 21.51787, -3.25988],
							"size": [1.376, 1.376, 2.976],
							"pivot": [-0.42462, 23.47457, 1.52024],
							"rotation": [54.05168, -53.46139, 17.4843],
							"uv": {
								"north": {"uv": [59.5, 57], "uv_size": [-1.5, 1.5]},
								"east": {"uv": [59, 26], "uv_size": [-3, 1.5]},
								"south": {"uv": [60.5, 7], "uv_size": [-1.5, 1.5]},
								"west": {"uv": [28, 56], "uv_size": [-3, 1.5]},
								"up": {"uv": [29.5, 56], "uv_size": [-1.5, 3]},
								"down": {"uv": [31.5, 59], "uv_size": [-1.5, -3]}
							}
						}
					]
				},
				{
					"name": "Mecha24",
					"parent": "Hair",
					"pivot": [-0.60028, 29.29419, 3.60424],
					"rotation": [-179.2793, -25.80365, 7.15764],
					"cubes": [
						{
							"origin": [-1.59506, 26.2249, 0.50542],
							"size": [2, 2, 2],
							"pivot": [-1, 29.12, 3],
							"rotation": [19.05168, -53.46139, 17.4843],
							"uv": {
								"north": {"uv": [59, 9], "uv_size": [-2, 2]},
								"east": {"uv": [17, 57], "uv_size": [-2, 2]},
								"south": {"uv": [15, 57], "uv_size": [-2, 2]},
								"west": {"uv": [59, 11], "uv_size": [-2, 2]},
								"up": {"uv": [42, 57], "uv_size": [-2, 2]},
								"down": {"uv": [44, 59], "uv_size": [-2, -2]}
							}
						},
						{
							"origin": [0.12046, 24.81932, -0.31869],
							"size": [1.82, 1.82, 2.82],
							"pivot": [0.62552, 27.47245, 1.48434],
							"rotation": [31.55168, -53.46139, 17.4843],
							"uv": {
								"north": {"uv": [33.75, 58], "uv_size": [-1.75, 1.75]},
								"east": {"uv": [43.75, 10], "uv_size": [-2.75, 1.75]},
								"south": {"uv": [35.75, 58], "uv_size": [-1.75, 1.75]},
								"west": {"uv": [31.75, 12], "uv_size": [-2.75, 1.75]},
								"up": {"uv": [31.75, 38], "uv_size": [-1.75, 2.75]},
								"down": {"uv": [21.75, 46.75], "uv_size": [-1.75, -2.75]}
							}
						},
						{
							"origin": [0.29232, 25.51787, -3.25988],
							"size": [1.376, 1.376, 2.976],
							"pivot": [0.57538, 27.47457, 1.52024],
							"rotation": [54.05168, -53.46139, 17.4843],
							"uv": {
								"north": {"uv": [59.5, 57], "uv_size": [-1.5, 1.5]},
								"east": {"uv": [59, 26], "uv_size": [-3, 1.5]},
								"south": {"uv": [60.5, 7], "uv_size": [-1.5, 1.5]},
								"west": {"uv": [28, 56], "uv_size": [-3, 1.5]},
								"up": {"uv": [29.5, 56], "uv_size": [-1.5, 3]},
								"down": {"uv": [31.5, 59], "uv_size": [-1.5, -3]}
							}
						}
					]
				},
				{
					"name": "Mecha3",
					"parent": "Hair",
					"pivot": [1.60028, 30.29419, 3.60424],
					"rotation": [17.40044, 65.98388, -158.46934],
					"cubes": [
						{
							"origin": [1.65784, 27.36846, 0.29336],
							"size": [2, 2, 2],
							"pivot": [2, 30.12, 3],
							"rotation": [19.05168, 53.46139, -17.4843],
							"uv": {
								"north": {"uv": [44, 57], "uv_size": [2, 2]},
								"east": {"uv": [46, 57], "uv_size": [2, 2]},
								"south": {"uv": [48, 57], "uv_size": [2, 2]},
								"west": {"uv": [50, 57], "uv_size": [2, 2]},
								"up": {"uv": [57, 53], "uv_size": [2, 2]},
								"down": {"uv": [4, 60], "uv_size": [2, -2]}
							}
						},
						{
							"origin": [0.12232, 26.00537, -0.49465],
							"size": [1.82, 1.82, 2.82],
							"pivot": [0.37448, 28.47245, 1.48434],
							"rotation": [31.55168, 53.46139, -17.4843],
							"uv": {
								"north": {"uv": [36, 58], "uv_size": [1.75, 1.75]},
								"east": {"uv": [44, 10], "uv_size": [2.75, 1.75]},
								"south": {"uv": [58, 40], "uv_size": [1.75, 1.75]},
								"west": {"uv": [4, 56], "uv_size": [2.75, 1.75]},
								"up": {"uv": [18, 49], "uv_size": [1.75, 2.75]},
								"down": {"uv": [56, 15.75], "uv_size": [1.75, -2.75]}
							}
						},
						{
							"origin": [0.39446, 26.7571, -3.35125],
							"size": [1.376, 1.376, 2.976],
							"pivot": [0.42462, 28.47457, 1.52024],
							"rotation": [54.05168, 53.46139, -17.4843],
							"uv": {
								"north": {"uv": [59, 9], "uv_size": [1.5, 1.5]},
								"east": {"uv": [32, 56], "uv_size": [3, 1.5]},
								"south": {"uv": [59, 11], "uv_size": [1.5, 1.5]},
								"west": {"uv": [35, 56], "uv_size": [3, 1.5]},
								"up": {"uv": [38, 56], "uv_size": [1.5, 3]},
								"down": {"uv": [56, 43], "uv_size": [1.5, -3]}
							}
						}
					]
				},
				{
					"name": "Mecha7",
					"parent": "Hair",
					"pivot": [-1.60028, 30.29419, 3.60424],
					"rotation": [17.40044, -65.98388, 158.46934],
					"cubes": [
						{
							"origin": [-3.65784, 27.36846, 0.29336],
							"size": [2, 2, 2],
							"pivot": [-2, 30.12, 3],
							"rotation": [19.05168, -53.46139, 17.4843],
							"uv": {
								"north": {"uv": [46, 57], "uv_size": [-2, 2]},
								"east": {"uv": [52, 57], "uv_size": [-2, 2]},
								"south": {"uv": [50, 57], "uv_size": [-2, 2]},
								"west": {"uv": [48, 57], "uv_size": [-2, 2]},
								"up": {"uv": [59, 53], "uv_size": [-2, 2]},
								"down": {"uv": [6, 60], "uv_size": [-2, -2]}
							}
						},
						{
							"origin": [-1.94232, 26.00537, -0.49465],
							"size": [1.82, 1.82, 2.82],
							"pivot": [-0.37448, 28.47245, 1.48434],
							"rotation": [31.55168, -53.46139, 17.4843],
							"uv": {
								"north": {"uv": [37.75, 58], "uv_size": [-1.75, 1.75]},
								"east": {"uv": [6.75, 56], "uv_size": [-2.75, 1.75]},
								"south": {"uv": [59.75, 40], "uv_size": [-1.75, 1.75]},
								"west": {"uv": [46.75, 10], "uv_size": [-2.75, 1.75]},
								"up": {"uv": [19.75, 49], "uv_size": [-1.75, 2.75]},
								"down": {"uv": [57.75, 15.75], "uv_size": [-1.75, -2.75]}
							}
						},
						{
							"origin": [-1.77046, 26.7571, -3.35125],
							"size": [1.376, 1.376, 2.976],
							"pivot": [-0.42462, 28.47457, 1.52024],
							"rotation": [54.05168, -53.46139, 17.4843],
							"uv": {
								"north": {"uv": [60.5, 9], "uv_size": [-1.5, 1.5]},
								"east": {"uv": [38, 56], "uv_size": [-3, 1.5]},
								"south": {"uv": [60.5, 11], "uv_size": [-1.5, 1.5]},
								"west": {"uv": [35, 56], "uv_size": [-3, 1.5]},
								"up": {"uv": [39.5, 56], "uv_size": [-1.5, 3]},
								"down": {"uv": [57.5, 43], "uv_size": [-1.5, -3]}
							}
						}
					]
				},
				{
					"name": "Mecha4",
					"parent": "Hair",
					"pivot": [2.60028, 29.29419, -0.39576],
					"rotation": [31.4017, 30.40216, 179.70047],
					"cubes": [
						{
							"origin": [3.58556, 27.59495, -4.10015],
							"size": [2, 2, 2],
							"pivot": [3, 29.12, -1],
							"rotation": [19.05168, 53.46139, -17.4843],
							"uv": {
								"north": {"uv": [6, 58], "uv_size": [2, 2]},
								"east": {"uv": [8, 58], "uv_size": [2, 2]},
								"south": {"uv": [10, 58], "uv_size": [2, 2]},
								"west": {"uv": [58, 13], "uv_size": [2, 2]},
								"up": {"uv": [17, 58], "uv_size": [2, 2]},
								"down": {"uv": [19, 60], "uv_size": [2, -2]}
							}
						},
						{
							"origin": [2.05004, 26.28796, -4.61338],
							"size": [1.82, 1.82, 2.82],
							"pivot": [1.37448, 27.47245, -2.51566],
							"rotation": [31.55168, 53.46139, -17.4843],
							"uv": {
								"north": {"uv": [58, 42], "uv_size": [1.75, 1.75]},
								"east": {"uv": [56, 16], "uv_size": [2.75, 1.75]},
								"south": {"uv": [58, 51], "uv_size": [1.75, 1.75]},
								"west": {"uv": [56, 18], "uv_size": [2.75, 1.75]},
								"up": {"uv": [56, 20], "uv_size": [1.75, 2.75]},
								"down": {"uv": [56, 25.75], "uv_size": [1.75, -2.75]}
							}
						},
						{
							"origin": [2.32218, 26.98749, -6.97011],
							"size": [1.376, 1.376, 2.976],
							"pivot": [1.42462, 27.47457, -2.47976],
							"rotation": [54.05168, 53.46139, -17.4843],
							"uv": {
								"north": {"uv": [12, 59], "uv_size": [1.5, 1.5]},
								"east": {"uv": [56, 47], "uv_size": [3, 1.5]},
								"south": {"uv": [14, 59], "uv_size": [1.5, 1.5]},
								"west": {"uv": [56, 49], "uv_size": [3, 1.5]},
								"up": {"uv": [52, 56], "uv_size": [1.5, 3]},
								"down": {"uv": [54, 59], "uv_size": [1.5, -3]}
							}
						}
					]
				},
				{
					"name": "Mecha10",
					"parent": "Hair",
					"pivot": [1.46298, 31.45348, -2.29686],
					"rotation": [46.13309, -43.05702, 160.79497],
					"cubes": [
						{
							"origin": [2.39934, 31.24619, -3.8289],
							"size": [2.4, 2.4, 2.4],
							"pivot": [2.39812, 32.33568, 0.16636],
							"rotation": [19.05168, 53.46139, -17.4843],
							"uv": {
								"north": {"uv": [6, 58], "uv_size": [2, 2]},
								"east": {"uv": [8, 58], "uv_size": [2, 2]},
								"south": {"uv": [10, 58], "uv_size": [2, 2]},
								"west": {"uv": [58, 13], "uv_size": [2, 2]},
								"up": {"uv": [17, 58], "uv_size": [2, 2]},
								"down": {"uv": [19, 60], "uv_size": [2, -2]}
							}
						},
						{
							"origin": [0.55672, 29.71979, -4.27796],
							"size": [2.184, 2.184, 3.384],
							"pivot": [0.4475, 30.35862, -1.65243],
							"rotation": [31.55168, 53.46139, -17.4843],
							"uv": {
								"north": {"uv": [58, 42], "uv_size": [1.75, 1.75]},
								"east": {"uv": [56, 16], "uv_size": [2.75, 1.75]},
								"south": {"uv": [58, 51], "uv_size": [1.75, 1.75]},
								"west": {"uv": [56, 18], "uv_size": [2.75, 1.75]},
								"up": {"uv": [56, 20], "uv_size": [1.75, 2.75]},
								"down": {"uv": [56, 25.75], "uv_size": [1.75, -2.75]}
							}
						},
						{
							"origin": [0.88328, 30.5411, -6.79833],
							"size": [1.6512, 1.6512, 3.5712],
							"pivot": [0.50766, 30.36117, -1.60935],
							"rotation": [54.05168, 53.46139, -17.4843],
							"uv": {
								"north": {"uv": [12, 59], "uv_size": [1.5, 1.5]},
								"east": {"uv": [56, 47], "uv_size": [3, 1.5]},
								"south": {"uv": [14, 59], "uv_size": [1.5, 1.5]},
								"west": {"uv": [56, 49], "uv_size": [3, 1.5]},
								"up": {"uv": [52, 56], "uv_size": [1.5, 3]},
								"down": {"uv": [54, 59], "uv_size": [1.5, -3]}
							}
						}
					]
				},
				{
					"name": "Mecha14",
					"parent": "Hair",
					"pivot": [2.60028, 32.29419, 0.60424],
					"rotation": [94.50853, 38.78756, -168.88394],
					"cubes": [
						{
							"origin": [3.72885, 31.24441, -2.81749],
							"size": [2.4, 2.4, 2.4],
							"pivot": [3, 32.12, 0],
							"rotation": [19.05168, 53.46139, -17.4843],
							"uv": {
								"north": {"uv": [6, 58], "uv_size": [2, 2]},
								"east": {"uv": [8, 58], "uv_size": [2, 2]},
								"south": {"uv": [10, 58], "uv_size": [2, 2]},
								"west": {"uv": [58, 13], "uv_size": [2, 2]},
								"up": {"uv": [17, 58], "uv_size": [2, 2]},
								"down": {"uv": [19, 60], "uv_size": [2, -2]}
							}
						},
						{
							"origin": [1.88623, 29.45802, -3.24817],
							"size": [2.184, 2.184, 3.384],
							"pivot": [1.04938, 30.14294, -1.81879],
							"rotation": [31.55168, 53.46139, -17.4843],
							"uv": {
								"north": {"uv": [58, 42], "uv_size": [1.75, 1.75]},
								"east": {"uv": [56, 16], "uv_size": [2.75, 1.75]},
								"south": {"uv": [58, 51], "uv_size": [1.75, 1.75]},
								"west": {"uv": [56, 18], "uv_size": [2.75, 1.75]},
								"up": {"uv": [56, 20], "uv_size": [1.75, 2.75]},
								"down": {"uv": [56, 25.75], "uv_size": [1.75, -2.75]}
							}
						},
						{
							"origin": [2.21279, 29.8251, -5.87722],
							"size": [1.6512, 1.6512, 3.5712],
							"pivot": [1.10954, 30.14549, -1.77571],
							"rotation": [54.05168, 53.46139, -17.4843],
							"uv": {
								"north": {"uv": [12, 59], "uv_size": [1.5, 1.5]},
								"east": {"uv": [56, 47], "uv_size": [3, 1.5]},
								"south": {"uv": [14, 59], "uv_size": [1.5, 1.5]},
								"west": {"uv": [56, 49], "uv_size": [3, 1.5]},
								"up": {"uv": [52, 56], "uv_size": [1.5, 3]},
								"down": {"uv": [54, 59], "uv_size": [1.5, -3]}
							}
						}
					]
				},
				{
					"name": "Mecha15",
					"parent": "Hair",
					"pivot": [-2.60028, 31.29419, -0.39576],
					"rotation": [63.59914, -30.00048, -177.44194],
					"cubes": [
						{
							"origin": [-6.13027, 30.23785, -3.81597],
							"size": [2.4, 2.4, 2.4],
							"pivot": [-3, 31.12, -1],
							"rotation": [19.05168, -53.46139, 17.4843],
							"uv": {
								"north": {"uv": [8, 58], "uv_size": [-2, 2]},
								"east": {"uv": [60, 13], "uv_size": [-2, 2]},
								"south": {"uv": [12, 58], "uv_size": [-2, 2]},
								"west": {"uv": [10, 58], "uv_size": [-2, 2]},
								"up": {"uv": [19, 58], "uv_size": [-2, 2]},
								"down": {"uv": [21, 60], "uv_size": [-2, -2]}
							}
						},
						{
							"origin": [-4.07165, 28.45129, -4.2481],
							"size": [2.184, 2.184, 3.384],
							"pivot": [-1.04938, 29.14294, -2.81879],
							"rotation": [31.55168, -53.46139, 17.4843],
							"uv": {
								"north": {"uv": [59.75, 42], "uv_size": [-1.75, 1.75]},
								"east": {"uv": [58.75, 18], "uv_size": [-2.75, 1.75]},
								"south": {"uv": [59.75, 51], "uv_size": [-1.75, 1.75]},
								"west": {"uv": [58.75, 16], "uv_size": [-2.75, 1.75]},
								"up": {"uv": [57.75, 20], "uv_size": [-1.75, 2.75]},
								"down": {"uv": [57.75, 25.75], "uv_size": [-1.75, -2.75]}
							}
						},
						{
							"origin": [-3.86541, 28.81885, -6.87974],
							"size": [1.6512, 1.6512, 3.5712],
							"pivot": [-1.10954, 29.14549, -2.77571],
							"rotation": [54.05168, -53.46139, 17.4843],
							"uv": {
								"north": {"uv": [13.5, 59], "uv_size": [-1.5, 1.5]},
								"east": {"uv": [59, 49], "uv_size": [-3, 1.5]},
								"south": {"uv": [15.5, 59], "uv_size": [-1.5, 1.5]},
								"west": {"uv": [59, 47], "uv_size": [-3, 1.5]},
								"up": {"uv": [53.5, 56], "uv_size": [-1.5, 3]},
								"down": {"uv": [55.5, 59], "uv_size": [-1.5, -3]}
							}
						}
					]
				},
				{
					"name": "Mecha16",
					"parent": "Hair",
					"pivot": [-2.60028, 31.29419, 1.60424],
					"rotation": [103.92262, -19.89071, 143.51595],
					"cubes": [
						{
							"origin": [-6.18013, 29.96593, -1.12255],
							"size": [2.4, 2.4, 2.4],
							"pivot": [-3, 31.12, 1],
							"rotation": [19.05168, -53.46139, 17.4843],
							"uv": {
								"north": {"uv": [8, 58], "uv_size": [-2, 2]},
								"east": {"uv": [60, 13], "uv_size": [-2, 2]},
								"south": {"uv": [12, 58], "uv_size": [-2, 2]},
								"west": {"uv": [10, 58], "uv_size": [-2, 2]},
								"up": {"uv": [19, 58], "uv_size": [-2, 2]},
								"down": {"uv": [21, 60], "uv_size": [-2, -2]}
							}
						},
						{
							"origin": [-4.12151, 28.03573, -1.62998],
							"size": [2.184, 2.184, 3.384],
							"pivot": [-1.04938, 29.14294, -0.81879],
							"rotation": [31.55168, -53.46139, 17.4843],
							"uv": {
								"north": {"uv": [59.75, 42], "uv_size": [-1.75, 1.75]},
								"east": {"uv": [58.75, 18], "uv_size": [-2.75, 1.75]},
								"south": {"uv": [59.75, 51], "uv_size": [-1.75, 1.75]},
								"west": {"uv": [58.75, 16], "uv_size": [-2.75, 1.75]},
								"up": {"uv": [57.75, 20], "uv_size": [-1.75, 2.75]},
								"down": {"uv": [57.75, 25.75], "uv_size": [-1.75, -2.75]}
							}
						},
						{
							"origin": [-3.91527, 28.19838, -4.46769],
							"size": [1.6512, 1.6512, 3.5712],
							"pivot": [-1.10954, 29.14549, -0.77571],
							"rotation": [54.05168, -53.46139, 17.4843],
							"uv": {
								"north": {"uv": [13.5, 59], "uv_size": [-1.5, 1.5]},
								"east": {"uv": [59, 49], "uv_size": [-3, 1.5]},
								"south": {"uv": [15.5, 59], "uv_size": [-1.5, 1.5]},
								"west": {"uv": [59, 47], "uv_size": [-3, 1.5]},
								"up": {"uv": [53.5, 56], "uv_size": [-1.5, 3]},
								"down": {"uv": [55.5, 59], "uv_size": [-1.5, -3]}
							}
						}
					]
				},
				{
					"name": "Mecha18",
					"parent": "Hair",
					"pivot": [1.60028, 30.29419, 1.60424],
					"rotation": [95.58099, 32.97719, -167.43057],
					"cubes": [
						{
							"origin": [2.73171, 29.29411, -1.7585],
							"size": [2.4, 2.4, 2.4],
							"pivot": [2, 30.12, 1],
							"rotation": [19.05168, 53.46139, -17.4843],
							"uv": {
								"north": {"uv": [6, 58], "uv_size": [2, 2]},
								"east": {"uv": [8, 58], "uv_size": [2, 2]},
								"south": {"uv": [10, 58], "uv_size": [2, 2]},
								"west": {"uv": [58, 13], "uv_size": [2, 2]},
								"up": {"uv": [17, 58], "uv_size": [2, 2]},
								"down": {"uv": [19, 60], "uv_size": [2, -2]}
							}
						},
						{
							"origin": [0.88909, 27.49377, -2.17982],
							"size": [2.184, 2.184, 3.384],
							"pivot": [0.04938, 28.14294, -0.81879],
							"rotation": [31.55168, 53.46139, -17.4843],
							"uv": {
								"north": {"uv": [58, 42], "uv_size": [1.75, 1.75]},
								"east": {"uv": [56, 16], "uv_size": [2.75, 1.75]},
								"south": {"uv": [58, 51], "uv_size": [1.75, 1.75]},
								"west": {"uv": [56, 18], "uv_size": [2.75, 1.75]},
								"up": {"uv": [56, 20], "uv_size": [1.75, 2.75]},
								"down": {"uv": [56, 25.75], "uv_size": [1.75, -2.75]}
							}
						},
						{
							"origin": [1.21565, 27.83197, -4.8004],
							"size": [1.6512, 1.6512, 3.5712],
							"pivot": [0.10954, 28.14549, -0.77571],
							"rotation": [54.05168, 53.46139, -17.4843],
							"uv": {
								"north": {"uv": [12, 59], "uv_size": [1.5, 1.5]},
								"east": {"uv": [56, 47], "uv_size": [3, 1.5]},
								"south": {"uv": [14, 59], "uv_size": [1.5, 1.5]},
								"west": {"uv": [56, 49], "uv_size": [3, 1.5]},
								"up": {"uv": [52, 56], "uv_size": [1.5, 3]},
								"down": {"uv": [54, 59], "uv_size": [1.5, -3]}
							}
						}
					]
				},
				{
					"name": "Mecha19",
					"parent": "Hair",
					"pivot": [-1.60028, 30.29419, 1.60424],
					"rotation": [95.58099, -32.97719, 167.43057],
					"cubes": [
						{
							"origin": [-5.13333, 29.28776, -1.75638],
							"size": [2.4, 2.4, 2.4],
							"pivot": [-2, 30.12, 1],
							"rotation": [19.05168, -53.46139, 17.4843],
							"uv": {
								"north": {"uv": [8, 58], "uv_size": [-2, 2]},
								"east": {"uv": [60, 13], "uv_size": [-2, 2]},
								"south": {"uv": [12, 58], "uv_size": [-2, 2]},
								"west": {"uv": [10, 58], "uv_size": [-2, 2]},
								"up": {"uv": [19, 58], "uv_size": [-2, 2]},
								"down": {"uv": [21, 60], "uv_size": [-2, -2]}
							}
						},
						{
							"origin": [-3.07471, 27.48712, -2.17912],
							"size": [2.184, 2.184, 3.384],
							"pivot": [-0.04938, 28.14294, -0.81879],
							"rotation": [31.55168, -53.46139, 17.4843],
							"uv": {
								"north": {"uv": [59.75, 42], "uv_size": [-1.75, 1.75]},
								"east": {"uv": [58.75, 18], "uv_size": [-2.75, 1.75]},
								"south": {"uv": [59.75, 51], "uv_size": [-1.75, 1.75]},
								"west": {"uv": [58.75, 16], "uv_size": [-2.75, 1.75]},
								"up": {"uv": [57.75, 20], "uv_size": [-1.75, 2.75]},
								"down": {"uv": [57.75, 25.75], "uv_size": [-1.75, -2.75]}
							}
						},
						{
							"origin": [-2.86847, 27.82555, -4.8023],
							"size": [1.6512, 1.6512, 3.5712],
							"pivot": [-0.10954, 28.14549, -0.77571],
							"rotation": [54.05168, -53.46139, 17.4843],
							"uv": {
								"north": {"uv": [13.5, 59], "uv_size": [-1.5, 1.5]},
								"east": {"uv": [59, 49], "uv_size": [-3, 1.5]},
								"south": {"uv": [15.5, 59], "uv_size": [-1.5, 1.5]},
								"west": {"uv": [59, 47], "uv_size": [-3, 1.5]},
								"up": {"uv": [53.5, 56], "uv_size": [-1.5, 3]},
								"down": {"uv": [55.5, 59], "uv_size": [-1.5, -3]}
							}
						}
					]
				},
				{
					"name": "Mecha11",
					"parent": "Hair",
					"pivot": [-1.30782, 31.40665, -4.29112],
					"rotation": [43.4735, -13.71175, 165.37324],
					"cubes": [
						{
							"origin": [-3.56883, 30.83339, -5.3412],
							"size": [2.4, 2.4, 2.4],
							"pivot": [-1.16472, 31.92885, -1.34772],
							"rotation": [19.05168, -53.46139, 17.4843],
							"uv": {
								"north": {"uv": [8, 58], "uv_size": [-2, 2]},
								"east": {"uv": [60, 13], "uv_size": [-2, 2]},
								"south": {"uv": [12, 58], "uv_size": [-2, 2]},
								"west": {"uv": [10, 58], "uv_size": [-2, 2]},
								"up": {"uv": [19, 58], "uv_size": [-2, 2]},
								"down": {"uv": [21, 60], "uv_size": [-2, -2]}
							}
						},
						{
							"origin": [-1.51021, 29.30674, -5.79159],
							"size": [2.184, 2.184, 3.384],
							"pivot": [0.7859, 29.95179, -3.16651],
							"rotation": [31.55168, -53.46139, 17.4843],
							"uv": {
								"north": {"uv": [59.75, 42], "uv_size": [-1.75, 1.75]},
								"east": {"uv": [58.75, 18], "uv_size": [-2.75, 1.75]},
								"south": {"uv": [59.75, 51], "uv_size": [-1.75, 1.75]},
								"west": {"uv": [58.75, 16], "uv_size": [-2.75, 1.75]},
								"up": {"uv": [57.75, 20], "uv_size": [-1.75, 2.75]},
								"down": {"uv": [57.75, 25.75], "uv_size": [-1.75, -2.75]}
							}
						},
						{
							"origin": [-1.30397, 30.12835, -8.31438],
							"size": [1.6512, 1.6512, 3.5712],
							"pivot": [0.72574, 29.95434, -3.12343],
							"rotation": [54.05168, -53.46139, 17.4843],
							"uv": {
								"north": {"uv": [13.5, 59], "uv_size": [-1.5, 1.5]},
								"east": {"uv": [59, 49], "uv_size": [-3, 1.5]},
								"south": {"uv": [15.5, 59], "uv_size": [-1.5, 1.5]},
								"west": {"uv": [59, 47], "uv_size": [-3, 1.5]},
								"up": {"uv": [53.5, 56], "uv_size": [-1.5, 3]},
								"down": {"uv": [55.5, 59], "uv_size": [-1.5, -3]}
							}
						}
					]
				},
				{
					"name": "Mecha12",
					"parent": "Hair",
					"pivot": [-0.39972, 31.29419, -1.39576],
					"rotation": [90.09716, -30.2091, 125.79536],
					"cubes": [
						{
							"origin": [-1.71015, 30.71891, -5.16111],
							"size": [2.4, 2.4, 3.4],
							"pivot": [0, 31.12, -2],
							"rotation": [19.05168, 53.46139, -17.4843],
							"uv": {
								"north": {"uv": [6, 58], "uv_size": [2, 2]},
								"east": {"uv": [8, 58], "uv_size": [2, 2]},
								"south": {"uv": [10, 58], "uv_size": [2, 2]},
								"west": {"uv": [58, 13], "uv_size": [2, 2]},
								"up": {"uv": [17, 58], "uv_size": [2, 2]},
								"down": {"uv": [19, 60], "uv_size": [2, -2]}
							}
						},
						{
							"origin": [-3.55277, 29.21208, -6.45724],
							"size": [2.184, 2.184, 3.384],
							"pivot": [-1.95062, 29.14294, -3.81879],
							"rotation": [31.55168, 53.46139, -17.4843],
							"uv": {
								"north": {"uv": [58, 42], "uv_size": [1.75, 1.75]},
								"east": {"uv": [56, 16], "uv_size": [2.75, 1.75]},
								"south": {"uv": [58, 51], "uv_size": [1.75, 1.75]},
								"west": {"uv": [56, 18], "uv_size": [2.75, 1.75]},
								"up": {"uv": [56, 20], "uv_size": [1.75, 2.75]},
								"down": {"uv": [56, 25.75], "uv_size": [1.75, -2.75]}
							}
						},
						{
							"origin": [-3.22621, 29.98444, -8.70569],
							"size": [1.6512, 1.6512, 3.5712],
							"pivot": [-1.89046, 29.14549, -3.77571],
							"rotation": [54.05168, 53.46139, -17.4843],
							"uv": {
								"north": {"uv": [12, 59], "uv_size": [1.5, 1.5]},
								"east": {"uv": [56, 47], "uv_size": [3, 1.5]},
								"south": {"uv": [14, 59], "uv_size": [1.5, 1.5]},
								"west": {"uv": [56, 49], "uv_size": [3, 1.5]},
								"up": {"uv": [52, 56], "uv_size": [1.5, 3]},
								"down": {"uv": [54, 59], "uv_size": [1.5, -3]}
							}
						}
					]
				},
				{
					"name": "Mecha13",
					"parent": "Hair",
					"pivot": [1.39972, 31.29419, -0.39576],
					"rotation": [61.531, 4.63809, -139.84657],
					"cubes": [
						{
							"origin": [0.30412, 30.72221, -5.16134],
							"size": [2.4, 2.4, 2.4],
							"pivot": [1, 31.12, -1],
							"rotation": [19.05168, -53.46139, 17.4843],
							"uv": {
								"north": {"uv": [8, 58], "uv_size": [-2, 2]},
								"east": {"uv": [60, 13], "uv_size": [-2, 2]},
								"south": {"uv": [12, 58], "uv_size": [-2, 2]},
								"west": {"uv": [10, 58], "uv_size": [-2, 2]},
								"up": {"uv": [19, 58], "uv_size": [-2, 2]},
								"down": {"uv": [21, 60], "uv_size": [-2, -2]}
							}
						},
						{
							"origin": [2.36274, 29.21536, -5.45675],
							"size": [2.184, 2.184, 3.384],
							"pivot": [2.95062, 29.14294, -2.81879],
							"rotation": [31.55168, -53.46139, 17.4843],
							"uv": {
								"north": {"uv": [59.75, 42], "uv_size": [-1.75, 1.75]},
								"east": {"uv": [58.75, 18], "uv_size": [-2.75, 1.75]},
								"south": {"uv": [59.75, 51], "uv_size": [-1.75, 1.75]},
								"west": {"uv": [58.75, 16], "uv_size": [-2.75, 1.75]},
								"up": {"uv": [57.75, 20], "uv_size": [-1.75, 2.75]},
								"down": {"uv": [57.75, 25.75], "uv_size": [-1.75, -2.75]}
							}
						},
						{
							"origin": [2.56898, 29.98729, -7.70399],
							"size": [1.6512, 1.6512, 3.5712],
							"pivot": [2.89046, 29.14549, -2.77571],
							"rotation": [54.05168, -53.46139, 17.4843],
							"uv": {
								"north": {"uv": [13.5, 59], "uv_size": [-1.5, 1.5]},
								"east": {"uv": [59, 49], "uv_size": [-3, 1.5]},
								"south": {"uv": [15.5, 59], "uv_size": [-1.5, 1.5]},
								"west": {"uv": [59, 47], "uv_size": [-3, 1.5]},
								"up": {"uv": [53.5, 56], "uv_size": [-1.5, 3]},
								"down": {"uv": [55.5, 59], "uv_size": [-1.5, -3]}
							}
						}
					]
				},
				{
					"name": "Mecha5",
					"parent": "Hair",
					"pivot": [-2.60028, 29.29419, -0.39576],
					"rotation": [53.47242, -18.40289, 170.29012],
					"cubes": [
						{
							"origin": [-5.58725, 27.59023, -4.09543],
							"size": [2, 2, 2],
							"pivot": [-3, 29.12, -1],
							"rotation": [19.05168, -53.46139, 17.4843],
							"uv": {
								"north": {"uv": [8, 58], "uv_size": [-2, 2]},
								"east": {"uv": [60, 13], "uv_size": [-2, 2]},
								"south": {"uv": [12, 58], "uv_size": [-2, 2]},
								"west": {"uv": [10, 58], "uv_size": [-2, 2]},
								"up": {"uv": [19, 58], "uv_size": [-2, 2]},
								"down": {"uv": [21, 60], "uv_size": [-2, -2]}
							}
						},
						{
							"origin": [-3.87173, 26.28233, -4.60979],
							"size": [1.82, 1.82, 2.82],
							"pivot": [-1.37448, 27.47245, -2.51566],
							"rotation": [31.55168, -53.46139, 17.4843],
							"uv": {
								"north": {"uv": [59.75, 42], "uv_size": [-1.75, 1.75]},
								"east": {"uv": [58.75, 18], "uv_size": [-2.75, 1.75]},
								"south": {"uv": [59.75, 51], "uv_size": [-1.75, 1.75]},
								"west": {"uv": [58.75, 16], "uv_size": [-2.75, 1.75]},
								"up": {"uv": [57.75, 20], "uv_size": [-1.75, 2.75]},
								"down": {"uv": [57.75, 25.75], "uv_size": [-1.75, -2.75]}
							}
						},
						{
							"origin": [-3.69987, 26.98092, -6.96895],
							"size": [1.376, 1.376, 2.976],
							"pivot": [-1.42462, 27.47457, -2.47976],
							"rotation": [54.05168, -53.46139, 17.4843],
							"uv": {
								"north": {"uv": [13.5, 59], "uv_size": [-1.5, 1.5]},
								"east": {"uv": [59, 49], "uv_size": [-3, 1.5]},
								"south": {"uv": [15.5, 59], "uv_size": [-1.5, 1.5]},
								"west": {"uv": [59, 47], "uv_size": [-3, 1.5]},
								"up": {"uv": [53.5, 56], "uv_size": [-1.5, 3]},
								"down": {"uv": [55.5, 59], "uv_size": [-1.5, -3]}
							}
						}
					]
				}
			]
		}
	]
}