{
	"format_version": "1.12.0",
	"minecraft:geometry": [
		{
			"description": {
				"identifier": "geometry.whis",
				"texture_width": 128,
				"texture_height": 128,
				"visible_bounds_width": 5,
				"visible_bounds_height": 4.5,
				"visible_bounds_offset": [0, 1.75, 0]
			},
			"bones": [
				{
					"name": "Tudo",
					"pivot": [0, 13.72, 0]
				},
				{
					"name": "Corpo",
					"parent": "Tudo",
					"pivot": [0, 27.32796, 0],
					"cubes": [
						{
							"origin": [-3.84887, 12.88906, -2.54503],
							"size": [7.69775, 5.64021, 5.09007],
							"uv": {
								"north": {"uv": [53, 11], "uv_size": [7.25, 5.25]},
								"east": {"uv": [62, 57], "uv_size": [4.75, 5.25]},
								"south": {"uv": [0, 56], "uv_size": [7.25, 5.25]},
								"west": {"uv": [35, 63], "uv_size": [4.75, 5.25]},
								"up": {"uv": [17, 59], "uv_size": [7.25, 4.75]},
								"down": {"uv": [59, 28.75], "uv_size": [7.25, -4.75]}
							}
						},
						{
							"origin": [-4.91887, 2.18906, -2.54503],
							"size": [9.83775, 10.99021, 5.09007],
							"uv": {
								"north": {"uv": [16, 14], "uv_size": [9.25, 10.25]},
								"east": {"uv": [48, 7], "uv_size": [4.75, 10.25]},
								"south": {"uv": [16, 25], "uv_size": [9.25, 10.25]},
								"west": {"uv": [27, 50], "uv_size": [4.75, 10.25]},
								"up": {"uv": [51, 36], "uv_size": [9.25, 4.75]},
								"down": {"uv": [51, 45.75], "uv_size": [9.25, -4.75]}
							}
						},
						{
							"origin": [-4.31339, 18.38759, -2.85219],
							"size": [8.62679, 7.48317, 5.70439],
							"uv": {
								"north": {"uv": [34, 0], "uv_size": [8, 7]},
								"east": {"uv": [56, 17], "uv_size": [5.25, 7]},
								"south": {"uv": [34, 7], "uv_size": [8, 7]},
								"west": {"uv": [11, 57], "uv_size": [5.25, 7]},
								"up": {"uv": [51, 46], "uv_size": [8, 5.25]},
								"down": {"uv": [51, 57.25], "uv_size": [8, -5.25]}
							}
						},
						{
							"origin": [-9.41294, 20.5745, -3.41817],
							"size": [18.82588, 5.69497, 6.78823],
							"uv": {
								"north": {"uv": [26, 14], "uv_size": [17.5, 5.25]},
								"east": {"uv": [59, 29], "uv_size": [6.25, 5.25]},
								"south": {"uv": [26, 20], "uv_size": [17.5, 5.25]},
								"west": {"uv": [59, 46], "uv_size": [6.25, 5.25]},
								"up": {"uv": [16, 0], "uv_size": [17.5, 6.25]},
								"down": {"uv": [16, 13.25], "uv_size": [17.5, -6.25]}
							}
						},
						{
							"origin": [-8.34294, 28.40947, -5.55817],
							"size": [16.68588, 0, 16.41823],
							"pivot": [0, 23.42199, -0.02406],
							"rotation": [37.5, 0, 0],
							"uv": {
								"north": {"uv": [0, 0], "uv_size": [15.5, 0]},
								"east": {"uv": [0, 0], "uv_size": [15.25, 0]},
								"south": {"uv": [0, 0], "uv_size": [15.5, 0]},
								"west": {"uv": [0, 0], "uv_size": [15.25, 0]},
								"up": {"uv": [0, 0], "uv_size": [15.5, 15.25]},
								"down": {"uv": [0, 31.25], "uv_size": [15.5, -15.25]}
							}
						},
						{
							"origin": [-2.99294, 9.52953, -3.41817],
							"size": [5.98588, 11.04497, 0.36823],
							"uv": {
								"north": {"uv": [26, 26], "uv_size": [5.5, 10.25]},
								"east": {"uv": [38, 26], "uv_size": [0.25, 10.25]},
								"south": {"uv": [0, 32], "uv_size": [5.5, 10.25]},
								"west": {"uv": [39, 26], "uv_size": [0.25, 10.25]},
								"up": {"uv": [20, 36], "uv_size": [5.5, 0.25]},
								"down": {"uv": [64, 5.25], "uv_size": [5.5, -0.25]}
							}
						},
						{
							"origin": [-2.99294, 9.52953, 3.00183],
							"size": [5.98588, 11.04497, 0.36823],
							"uv": {
								"north": {"uv": [5.5, 32], "uv_size": [-5.5, 10.25]},
								"east": {"uv": [38.25, 26], "uv_size": [-0.25, 10.25]},
								"south": {"uv": [31.5, 26], "uv_size": [-5.5, 10.25]},
								"west": {"uv": [39.25, 26], "uv_size": [-0.25, 10.25]},
								"up": {"uv": [20, 36.25], "uv_size": [5.5, -0.25]},
								"down": {"uv": [64, 5], "uv_size": [5.5, 0.25]}
							}
						}
					],
					"locators": {
						"aurabills": [0, 20.03821, 0]
					}
				},
				{
					"name": "rightBraco",
					"parent": "Corpo",
					"pivot": [-5.48499, 25.13396, 0],
					"cubes": [
						{
							"origin": [-7.70599, 12.87218, -2.19399],
							"size": [3.318, 13.16397, 4.388],
							"uv": {
								"north": {"uv": [44, 54], "uv_size": [3, 12.25]},
								"east": {"uv": [28, 37], "uv_size": [4, 12.25]},
								"south": {"uv": [47, 54], "uv_size": [3, 12.25]},
								"west": {"uv": [32, 37], "uv_size": [4, 12.25]},
								"up": {"uv": [5, 62], "uv_size": [3, 4]},
								"down": {"uv": [65, 56], "uv_size": [3, -4]}
							}
						}
					]
				},
				{
					"name": "Cajado",
					"parent": "rightBraco",
					"pivot": [-5.35, 14.91, 0],
					"cubes": [
						{
							"origin": [-5.992, 14.04621, -23.112],
							"size": [1.284, 1.284, 33.384],
							"uv": {
								"north": {"uv": [46, 7], "uv_size": [1.25, 1.25]},
								"east": {"uv": [53, 7], "uv_size": [31.25, 1.25]},
								"south": {"uv": [46, 9], "uv_size": [1.25, 1.25]},
								"west": {"uv": [53, 9], "uv_size": [31.25, 1.25]},
								"up": {"uv": [40, 52], "uv_size": [1.25, 31.25]},
								"down": {"uv": [42, 83.25], "uv_size": [1.25, -31.25]}
							}
						},
						{
							"origin": [-7.062, 12.97621, -28.462],
							"size": [3.424, 3.424, 3.424],
							"uv": {
								"north": {"uv": [67, 20], "uv_size": [3.25, 3.25]},
								"east": {"uv": [67, 24], "uv_size": [3.25, 3.25]},
								"south": {"uv": [44, 67], "uv_size": [3.25, 3.25]},
								"west": {"uv": [67, 56], "uv_size": [3.25, 3.25]},
								"up": {"uv": [67, 60], "uv_size": [3.25, 3.25]},
								"down": {"uv": [67, 67.25], "uv_size": [3.25, -3.25]}
							}
						},
						{
							"origin": [-5.778, 10.83621, -30.602],
							"size": [0, 7.704, 7.704],
							"uv": {
								"north": {"uv": [0, 0], "uv_size": [0, 7.25]},
								"east": {"uv": [12, 36], "uv_size": [7.25, 7.25]},
								"south": {"uv": [0, 0], "uv_size": [0, 7.25]},
								"west": {"uv": [20, 37], "uv_size": [7.25, 7.25]},
								"up": {"uv": [0, 0], "uv_size": [0, 7.25]},
								"down": {"uv": [0, 7.25], "uv_size": [0, -7.25]}
							}
						}
					]
				},
				{
					"name": "leftBraco",
					"parent": "Corpo",
					"pivot": [5.48499, 25.13396, 0],
					"cubes": [
						{
							"origin": [4.388, 12.87218, -2.19399],
							"size": [3.318, 13.16397, 4.388],
							"uv": {
								"north": {"uv": [8, 56], "uv_size": [3, 12.25]},
								"east": {"uv": [36, 37], "uv_size": [4, 12.25]},
								"south": {"uv": [32, 56], "uv_size": [3, 12.25]},
								"west": {"uv": [40, 26], "uv_size": [4, 12.25]},
								"up": {"uv": [5, 66], "uv_size": [3, 4]},
								"down": {"uv": [66, 33], "uv_size": [3, -4]}
							}
						}
					]
				},
				{
					"name": "rightPerna",
					"parent": "Corpo",
					"pivot": [-2.0843, 14.16397, 0],
					"cubes": [
						{
							"origin": [-4.27829, -0.29179, -2.19399],
							"size": [4.388, 13.16397, 4.388],
							"uv": {
								"north": {"uv": [40, 39], "uv_size": [4, 12.25]},
								"east": {"uv": [42, 0], "uv_size": [4, 12.25]},
								"south": {"uv": [0, 43], "uv_size": [4, 12.25]},
								"west": {"uv": [4, 43], "uv_size": [4, 12.25]},
								"up": {"uv": [12, 32], "uv_size": [4, 4]},
								"down": {"uv": [61, 46], "uv_size": [4, -4]}
							}
						},
						{
							"origin": [-4.388, -0.40149, -2.32563],
							"size": [4.65127, 2.85219, 4.65127],
							"uv": {
								"north": {"uv": [66, 33], "uv_size": [4.25, 2.75]},
								"east": {"uv": [66, 36], "uv_size": [4.25, 2.75]},
								"south": {"uv": [66, 39], "uv_size": [4.25, 2.75]},
								"west": {"uv": [66, 46], "uv_size": [4.25, 2.75]},
								"up": {"uv": [11, 64], "uv_size": [4.25, 4.25]},
								"down": {"uv": [16, 68.25], "uv_size": [4.25, -4.25]}
							}
						}
					]
				},
				{
					"name": "leftPerna",
					"parent": "Corpo",
					"pivot": [2.0843, 14.16397, 0],
					"cubes": [
						{
							"origin": [-0.1097, -0.29179, -2.19399],
							"size": [4.388, 13.16397, 4.388],
							"uv": {
								"north": {"uv": [8, 43], "uv_size": [4, 12.25]},
								"east": {"uv": [12, 44], "uv_size": [4, 12.25]},
								"south": {"uv": [44, 13], "uv_size": [4, 12.25]},
								"west": {"uv": [16, 44], "uv_size": [4, 12.25]},
								"up": {"uv": [21, 64], "uv_size": [4, 4]},
								"down": {"uv": [65, 46], "uv_size": [4, -4]}
							}
						},
						{
							"origin": [-0.26328, -0.40149, -2.32563],
							"size": [4.65127, 2.85219, 4.65127],
							"uv": {
								"north": {"uv": [66, 49], "uv_size": [4.25, 2.75]},
								"east": {"uv": [67, 11], "uv_size": [4.25, 2.75]},
								"south": {"uv": [67, 14], "uv_size": [4.25, 2.75]},
								"west": {"uv": [67, 17], "uv_size": [4.25, 2.75]},
								"up": {"uv": [50, 64], "uv_size": [4.25, 4.25]},
								"down": {"uv": [55, 68.25], "uv_size": [4.25, -4.25]}
							}
						}
					]
				},
				{
					"name": "head",
					"parent": "Corpo",
					"pivot": [0, 26.12, 0],
					"cubes": [
						{
							"origin": [-3.52, 26.12, -3.52],
							"size": [7.04, 7.04, 7.04],
							"uv": {
								"north": {"uv": [44, 26], "uv_size": [7, 7]},
								"east": {"uv": [44, 33], "uv_size": [7, 7]},
								"south": {"uv": [44, 40], "uv_size": [7, 7]},
								"west": {"uv": [20, 45], "uv_size": [7, 7]},
								"up": {"uv": [46, 0], "uv_size": [7, 7]},
								"down": {"uv": [44, 54], "uv_size": [7, -7]}
							}
						}
					]
				},
				{
					"name": "Hair",
					"parent": "head",
					"pivot": [0, 32, 0],
					"cubes": [
						{
							"origin": [-4, 28, -2],
							"size": [8, 6, 6],
							"uv": {
								"north": {"uv": [48, 18], "uv_size": [8, 6]},
								"east": {"uv": [50, 58], "uv_size": [6, 6]},
								"south": {"uv": [32, 50], "uv_size": [8, 6]},
								"west": {"uv": [56, 58], "uv_size": [6, 6]},
								"up": {"uv": [51, 24], "uv_size": [8, 6]},
								"down": {"uv": [51, 36], "uv_size": [8, -6]}
							}
						},
						{
							"origin": [-3, 33, -3],
							"size": [6, 7, 5],
							"pivot": [0, 32, 0],
							"rotation": [-2.5, 0, 0],
							"uv": {
								"north": {"uv": [20, 52], "uv_size": [6, 7]},
								"east": {"uv": [35, 56], "uv_size": [5, 7]},
								"south": {"uv": [53, 0], "uv_size": [6, 7]},
								"west": {"uv": [59, 0], "uv_size": [5, 7]},
								"up": {"uv": [59, 52], "uv_size": [6, 5]},
								"down": {"uv": [61, 16], "uv_size": [6, -5]}
							}
						},
						{
							"origin": [-2.52, 38.88948, -2.13651],
							"size": [5.04, 6.56, 4.2],
							"pivot": [0, 39.44298, -0.66674],
							"rotation": [-37.5, 0, 0],
							"uv": {
								"north": {"uv": [25, 61], "uv_size": [5, 6.5]},
								"east": {"uv": [0, 62], "uv_size": [4.25, 6.5]},
								"south": {"uv": [61, 35], "uv_size": [5, 6.5]},
								"west": {"uv": [62, 16], "uv_size": [4.25, 6.5]},
								"up": {"uv": [62, 63], "uv_size": [5, 4.25]},
								"down": {"uv": [64, 4.25], "uv_size": [5, -4.25]}
							}
						}
					]
				}
			]
		}
	]
}