{
   "mob.buzzsaw.buzz": {
      "category": "hostile",
      "min_distance": 100,
      "sounds": [
         "sounds/buzzsaw"
      ]
   },
   "mob.ctitan.getup": {
      "category": "hostile",
      "min_distance": 100,
      "sounds": [
         "sounds/mob/creeper_titan_getup"
      ]
   },
   "mob.enderman_titan.ambient": {
      "category": "hostile",
      "min_distance": 100,
      "sounds": [
         "sounds/mob/enderman_titan_ambient",
         "sounds/mob/enderman_titan_ambient2",
         "sounds/mob/enderman_titan_ambient3",
         "sounds/mob/enderman_titan_ambient4",
         "sounds/mob/enderman_titan_ambient5",
         "sounds/mob/enderman_titan_ambient6"
      ]
   },
   "mob.enderman_titan.attack": {
      "category": "hostile",
      "min_distance": 100,
      "sounds": [
         "sounds/mob/enderman_titan_attack",
         "sounds/mob/enderman_titan_attack2"
      ]
   },
   "mob.enderman_titan.death": {
      "category": "hostile",
      "min_distance": 100,
      "sounds": [
         "sounds/mob/enderman_titan_death",
         "sounds/mob/enderman_titan_death2"
      ]
   },
   "mob.enderman_titan.hurt": {
      "category": "hostile",
      "min_distance": 100,
      "sounds": [
         "sounds/mob/enderman_titan_hurt",
         "sounds/mob/enderman_titan_hurt2",
         "sounds/mob/enderman_titan_hurt3",
         "sounds/mob/enderman_titan_hurt4",
         "sounds/mob/enderman_titan_ambient",
         "sounds/mob/enderman_titan_ambient2",
         "sounds/mob/enderman_titan_ambient3",
         "sounds/mob/enderman_titan_ambient4",
         "sounds/mob/enderman_titan_ambient5",
         "sounds/mob/enderman_titan_ambient6"
      ]
   },
   "mob.enderman_titan.spawn": {
      "category": "hostile",
      "min_distance": 100,
      "sounds": [
         "sounds/mob/enderman_titan_spawn"
      ]
   },
   "mob.enderman_titan.step": {
      "category": "hostile",
      "min_distance": 100,
      "sounds": [
         "sounds/mob/enderman_titan_step",
         "sounds/mob/enderman_titan_step2"
      ]
   },
   "mob.ewtrtw.ambient": {
      "category": "hostile",
      "min_distance": 100,
      "sounds": [
         "sounds/mob.ewtrtw.ambient"
      ]
   },
   "mob.fox.ambient2": {
      "category": "hostile",
      "min_distance": 100,
      "sounds": [
         {
            "load_on_low_memory": true,
            "name": "sounds/mob/fox/idle1",
            "volume": 0.8
         },
         {
            "name": "sounds/mob/fox/idle2",
            "volume": 1
         },
         {
            "name": "sounds/mob/fox/idle3",
            "volume": 1
         },
         {
            "name": "sounds/mob/fox/idle4",
            "volume": 1
         },
         {
            "name": "sounds/mob/fox/idle5",
            "volume": 1
         },
         {
            "name": "sounds/mob/fox/idle6",
            "volume": 1
         }
      ]
   },
   "mob.fox.death2": {
      "category": "hostile",
      "min_distance": 100,
      "sounds": [
         {
            "name": "sounds/mob/fox/death1",
            "volume": 0.9
         },
         {
            "name": "sounds/mob/fox/death2",
            "volume": 0.9
         }
      ]
   },
   "mob.fox.hurt2": {
      "category": "hostile",
      "min_distance": 100,
      "sounds": [
         {
            "name": "sounds/mob/fox/hurt1",
            "volume": 0.75
         },
         {
            "name": "sounds/mob/fox/hurt2",
            "volume": 0.75
         },
         {
            "name": "sounds/mob/fox/hurt3",
            "volume": 0.75
         },
         {
            "name": "sounds/mob/fox/hurt4",
            "volume": 0.75
         }
      ]
   },
   "mob.gargoyle_king.ambient": {
      "category": "hostile",
      "min_distance": 100,
      "sounds": [
         "sounds/mob/gargoyle_king/ambient1",
         "sounds/mob/gargoyle_king/ambient2",
         "sounds/mob/gargoyle_king/ambient3"
      ]
   },
   "mob.gargoyle_king.death": {
      "category": "hostile",
      "min_distance": 100,
      "sounds": [
         "sounds/mob/gargoyle_king/death"
      ]
   },
   "mob.gargoyle_king.hurt": {
      "category": "hostile",
      "min_distance": 100,
      "sounds": [
         "sounds/mob/gargoyle_king/hurt1",
         "sounds/mob/gargoyle_king/hurt2",
         "sounds/mob/gargoyle_king/hurt3",
         "sounds/mob/gargoyle_king/hurt4"
      ]
   },
   "mob.ghast_titan.ambient": {
      "category": "hostile",
      "min_distance": 100,
      "sounds": [
         "sounds/mob/ghast_titan/ghast_titan_ambient",
         "sounds/mob/ghast_titan/ghast_titan_ambient2",
         "sounds/mob/ghast_titan/ghast_titan_ambient3",
         "sounds/mob/ghast_titan/ghast_titan_ambient4",
         "sounds/mob/ghast_titan/ghast_titan_ambient5",
         "sounds/mob/ghast_titan/ghast_titan_ambient6",
         "sounds/mob/ghast_titan/ghast_titan_ambient7"
      ]
   },
   "mob.ghast_titan.charge": {
      "category": "hostile",
      "min_distance": 100,
      "sounds": [
         "sounds/mob/ghast_titan/ghast_titan_charge"
      ]
   },
   "mob.ghast_titan.death": {
      "category": "hostile",
      "min_distance": 100,
      "sounds": [
         "sounds/mob/ghast_titan/ghast_titan_dead"
      ]
   },
   "mob.ghast_titan.hurt": {
      "category": "hostile",
      "min_distance": 100,
      "sounds": [
         "sounds/mob/ghast_titan/ghast_titan_hurt",
         "sounds/mob/ghast_titan/ghast_titan_hurt2",
         "sounds/mob/ghast_titan/ghast_titan_hurt3",
         "sounds/mob/ghast_titan/ghast_titan_hurt4",
         "sounds/mob/ghast_titan/ghast_titan_hurt5"
      ]
   },
   "mob.ghast_titan.hurt2": {
      "category": "hostile",
      "min_distance": 100,
      "sounds": [
         "sounds/titan_hurt"
      ]
   },
   "mob.ghast_titan.shoot": {
      "category": "hostile",
      "min_distance": 100,
      "sounds": [
         "sounds/mob/ghast_titan/ghast_titan_shoot"
      ]
   },
   "mob.giant_st.ambient": {
      "category": "hostile",
      "min_distance": 100,
      "sounds": [
         "sounds/mob/giant_skibidi_toilet_ambient"
      ]
   },
   "mob.ig_titan.hurt": {
      "category": "hostile",
      "min_distance": 100,
      "sounds": [
         "sounds/mob/ig_hurt"
      ]
   },
   "mob.new_titan.attack": {
      "category": "hostile",
      "min_distance": 100,
      "sounds": [
         "sounds/mortarhit"
      ]
   },
   "mob.ohmygod": {
      "category": "hostile",
      "min_distance": 100,
      "sounds": [
         "sounds/mob/ohmygod"
      ]
   },
   "mob.pig.death2": {
      "category": "hostile",
      "min_distance": 100,
      "sounds": [
         "sounds/mob/pig/death"
      ]
   },
   "mob.pig.say2": {
      "category": "hostile",
      "min_distance": 100,
      "sounds": [
         {
            "load_on_low_memory": true,
            "name": "sounds/mob/pig/say1"
         },
         "sounds/mob/pig/say2",
         "sounds/mob/pig/say3"
      ]
   },
   "mob.pig.step2": {
      "category": "hostile",
      "min_distance": 100,
      "sounds": [
         "sounds/mob/pig/step1",
         "sounds/mob/pig/step2",
         "sounds/mob/pig/step3",
         "sounds/mob/pig/step4",
         "sounds/mob/pig/step5"
      ]
   },
   "mob.silverfish_titan.ambient": {
      "category": "hostile",
      "min_distance": 100,
      "sounds": [
         "sounds/mob/silverfish_titan/silverfish_titan_ambient",
         "sounds/mob/silverfish_titan/silverfish_titan_ambient2",
         "sounds/mob/silverfish_titan/silverfish_titan_ambient3",
         "sounds/mob/silverfish_titan/silverfish_titan_ambient4"
      ]
   },
   "mob.silverfish_titan.death": {
      "category": "hostile",
      "min_distance": 100,
      "sounds": [
         "sounds/mob/silverfish_titan/silverfish_titan_dead"
      ]
   },
   "mob.silverfish_titan.hurt": {
      "category": "hostile",
      "min_distance": 100,
      "sounds": [
         "sounds/mob/silverfish_titan/silverfish_titan_hurt",
         "sounds/mob/silverfish_titan/silverfish_titan_hurt2",
         "sounds/mob/silverfish_titan/silverfish_titan_hurt3"
      ]
   },
   "mob.sj_titan.ambient": {
      "category": "hostile",
      "min_distance": 100,
      "sounds": [
         "sounds/mob/skeleton_titan/skeleton_titan_ambient",
         "sounds/mob/skeleton_titan/skeleton_titan_ambient2",
         "sounds/mob/skeleton_titan/skeleton_titan_ambient3",
         "sounds/mob/skeleton_titan/skeleton_titan_ambient4",
         "sounds/mob/spider_titan/spider_titan_ambient",
         "sounds/mob/spider_titan/spider_titan_ambient2",
         "sounds/mob/spider_titan/spider_titan_ambient3",
         "sounds/mob/spider_titan/spider_titan_ambient4"
      ]
   },
   "mob.sj_titan.hurt": {
      "category": "hostile",
      "min_distance": 100,
      "sounds": [
         "sounds/mob/skeleton_titan/skeleton_titan_hurt",
         "sounds/mob/skeleton_titan/skeleton_titan_hurt2",
         "sounds/mob/skeleton_titan/skeleton_titan_hurt3",
         "sounds/mob/skeleton_titan/skeleton_titan_hurt4",
         "sounds/mob/spider_titan/spider_titan_hurt",
         "sounds/mob/spider_titan/spider_titan_hurt2",
         "sounds/mob/spider_titan/spider_titan_hurt3",
         "sounds/mob/spider_titan/spider_titan_hurt4"
      ]
   },
   "mob.skeleton_titan.ambient": {
      "category": "hostile",
      "min_distance": 100,
      "sounds": [
         "sounds/mob/skeleton_titan/skeleton_titan_ambient",
         "sounds/mob/skeleton_titan/skeleton_titan_ambient2",
         "sounds/mob/skeleton_titan/skeleton_titan_ambient3",
         "sounds/mob/skeleton_titan/skeleton_titan_ambient4"
      ]
   },
   "mob.skeleton_titan.attack": {
      "category": "hostile",
      "min_distance": 100,
      "sounds": [
         "sounds/mob/creeper_titan_attack",
         "sounds/mob/creeper_titan_attack2"
      ]
   },
   "mob.skeleton_titan.hurt": {
      "category": "hostile",
      "min_distance": 100,
      "sounds": [
         "sounds/mob/skeleton_titan/skeleton_titan_hurt",
         "sounds/mob/skeleton_titan/skeleton_titan_hurt2",
         "sounds/mob/skeleton_titan/skeleton_titan_hurt3",
         "sounds/mob/skeleton_titan/skeleton_titan_hurt4"
      ]
   },
   "mob.skeleton_titan.spawn": {
      "category": "hostile",
      "min_distance": 100,
      "sounds": [
         "sounds/mob/creeper_titan_spawn"
      ]
   },
   "mob.skeleton_titan.step": {
      "category": "hostile",
      "min_distance": 100,
      "sounds": [
         "sounds/mob/creeper_titan_step",
         "sounds/mob/creeper_titan_step2"
      ]
   },
   "mob.spider_titan.ambient": {
      "category": "hostile",
      "min_distance": 100,
      "sounds": [
         "sounds/mob/spider_titan/spider_titan_ambient",
         "sounds/mob/spider_titan/spider_titan_ambient2",
         "sounds/mob/spider_titan/spider_titan_ambient3",
         "sounds/mob/spider_titan/spider_titan_ambient4"
      ]
   },
   "mob.spider_titan.death": {
      "category": "hostile",
      "min_distance": 100,
      "sounds": [
         "sounds/mob/spider_titan/spider_titan_dead"
      ]
   },
   "mob.spider_titan.hurt": {
      "category": "hostile",
      "min_distance": 100,
      "sounds": [
         "sounds/mob/spider_titan/spider_titan_hurt",
         "sounds/mob/spider_titan/spider_titan_hurt2",
         "sounds/mob/spider_titan/spider_titan_hurt3",
         "sounds/mob/spider_titan/spider_titan_hurt4"
      ]
   },
   "mob.st.buzz": {
      "category": "hostile",
      "min_distance": 100,
      "sounds": [
         "sounds/big_skibidi_toilet_ambient"
      ]
   },
   "mob.titan.bash": {
      "category": "hostile",
      "min_distance": 100,
      "sounds": [
         "sounds/mob/bash"
      ]
   },
   "mob.titan.charge": {
      "category": "hostile",
      "min_distance": 100,
      "sounds": [
         "sounds/mob/titan_charge"
      ]
   },
   "mob.titan.land": {
      "category": "hostile",
      "min_distance": 100,
      "sounds": [
         "sounds/mob/titan_land"
      ]
   },
   "mob.titan.pow": {
      "category": "hostile",
      "min_distance": 100,
      "sounds": [
         "sounds/mob/chomp",
         "sounds/mob/chomp2",
         "sounds/mob/chomp3",
         "sounds/mob/chomp4"
      ]
   },
   "mob.titan.powother": {
      "category": "hostile",
      "min_distance": 100,
      "sounds": [
         "sounds/mob/enderman_titan_death2"
      ]
   },
   "mob.titan.predator": {
      "category": "hostile",
      "min_distance": 100,
      "sounds": [
         "sounds/mob/predatorspider"
      ]
   },
   "mob.titan.rash": {
      "category": "hostile",
      "min_distance": 100,
      "sounds": [
         "sounds/mob/rash"
      ]
   },
   "mob.titan.slam": {
      "__use_legacy_max_distance": "true",
      "category": "hostile",
      "min_distance": 100,
      "sounds": [
         {
            "name": "sounds/mob/titanslam",
            "volume": 7
         }
      ]
   },
   "mob.titan.slash": {
      "category": "hostile",
      "min_distance": 100,
      "sounds": [
         "sounds/mob/slashflesh"
      ]
   },
   "mob.titan.warn": {
      "category": "hostile",
      "min_distance": 100,
      "sounds": [
         "sounds/mob/titan_warn"
      ]
   },
   "mob.titan.woosh": {
      "category": "hostile",
      "min_distance": 100,
      "sounds": [
         "sounds/mob/woosh"
      ]
   },
   "mob.titan.zroar": {
      "category": "hostile",
      "min_distance": 100,
      "sounds": [
         "sounds/mob/zombie_titan/zombie_titan_dead2"
      ]
   },
   "mob.titan_blaze.ambient": {
      "category": "hostile",
      "min_distance": 100,
      "sounds": [
         "sounds/mob/blaze/idle1",
         "sounds/mob/blaze/idle2",
         "sounds/mob/blaze/idle3",
         "sounds/mob/blaze/idle4"
      ]
   },
   "mob.titan_blaze.death": {
      "category": "hostile",
      "min_distance": 100,
      "sounds": [
         "sounds/mob/blaze/death"
      ]
   },
   "mob.titan_blaze.hurt": {
      "category": "hostile",
      "min_distance": 100,
      "sounds": [
         "sounds/mob/blaze/hurt1",
         "sounds/mob/blaze/hurt2",
         "sounds/mob/blaze/hurt3",
         "sounds/mob/blaze/hurt4"
      ]
   },
   "mob.titan_creeper.ambient": {
      "category": "hostile",
      "min_distance": 100,
      "sounds": [
         "sounds/mob/creeper_titan_ambient",
         "sounds/mob/creeper_titan_ambient2",
         "sounds/mob/creeper_titan_ambient4"
      ]
   },
   "mob.titan_creeper.attack": {
      "category": "hostile",
      "min_distance": 100,
      "sounds": [
         "sounds/mob/creeper_titan_attack",
         "sounds/mob/creeper_titan_attack2"
      ]
   },
   "mob.titan_creeper.death": {
      "category": "hostile",
      "min_distance": 100,
      "sounds": [
         "sounds/mob/creeper_titan_dead"
      ]
   },
   "mob.titan_creeper.hurt": {
      "category": "hostile",
      "min_distance": 100,
      "sounds": [
         "sounds/mob/creeper_titan_hurt",
         "sounds/mob/creeper_titan_hurt2",
         "sounds/mob/creeper_titan_hurt3",
         "sounds/mob/creeper_titan_hurt4"
      ]
   },
   "mob.titan_creeper.spawn": {
      "category": "hostile",
      "min_distance": 100,
      "sounds": [
         "sounds/mob/creeper_titan_spawn"
      ]
   },
   "mob.titan_creeper.step": {
      "category": "hostile",
      "min_distance": 100,
      "sounds": [
         "sounds/mob/creeper_titan_step",
         "sounds/mob/creeper_titan_step2"
      ]
   },
   "mob.titan_zombie_pigman.ambient": {
      "category": "hostile",
      "min_distance": 100,
      "sounds": [
         "sounds/mob/pigzombie/idle1",
         "sounds/mob/pigzombie/idle2",
         "sounds/mob/pigzombie/idle3",
         "sounds/mob/pigzombie/idle4",
         "sounds/mob/pigzombie/idle5",
         "sounds/mob/pigzombie/idle6",
         "sounds/mob/pigzombie/idle7",
         "sounds/mob/pigzombie/idle8",
         "sounds/mob/pigzombie/idle9",
         "sounds/mob/pigzombie/idle10"
      ]
   },
   "mob.titan_zombie_pigman.death": {
      "category": "hostile",
      "min_distance": 100,
      "sounds": [
         "sounds/mob/pigzombie/death1",
         "sounds/mob/pigzombie/death2"
      ]
   },
   "mob.titan_zombie_pigman.hurt": {
      "category": "hostile",
      "min_distance": 100,
      "sounds": [
         "sounds/mob/pigzombie/hurt1",
         "sounds/mob/pigzombie/hurt2",
         "sounds/mob/pigzombie/hurt3",
         "sounds/mob/pigzombie/hurt4",
         "sounds/mob/pigzombie/hurt5",
         "sounds/mob/pigzombie/hurt6",
         "sounds/mob/pigzombie/hurt7",
         "sounds/mob/pigzombie/hurt8",
         "sounds/mob/pigzombie/hurt9",
         "sounds/mob/pigzombie/hurt10",
         "sounds/mob/pigzombie/hurt11",
         "sounds/mob/pigzombie//hurt12"
      ]
   },
   "mob.toilet.ambient": {
      "category": "hostile",
      "min_distance": 100,
      "sounds": [
         "sounds/big_skibidi_toilet_ambient"
      ]
   },
   "mob.turret.shoot": {
      "category": "hostile",
      "min_distance": 100,
      "sounds": [
         "sounds/mob/turret"
      ]
   },
   "mob.warden_titan.ambient": {
      "category": "hostile",
      "min_distance": 100,
      "sounds": [
         "sounds/mob/warden_titan/ambient1",
         "sounds/mob/warden_titan/ambient2",
         "sounds/mob/warden_titan/ambient3",
         "sounds/mob/warden_titan/ambient4"
      ]
   },
   "mob.warden_titan.death": {
      "category": "hostile",
      "min_distance": 100,
      "sounds": [
         "sounds/mob/warden_titan/death"
      ]
   },
   "mob.warden_titan.hurt": {
      "category": "hostile",
      "min_distance": 100,
      "sounds": [
         "sounds/mob/warden_titan/hurt1",
         "sounds/mob/warden_titan/hurt2"
      ]
   },
   "mob.warden_titan.roar": {
      "category": "hostile",
      "min_distance": 100,
      "sounds": [
         "sounds/mob/warden_titan/roar"
      ]
   },
   "mob.wither_titan.ambient": {
      "category": "hostile",
      "min_distance": 100,
      "sounds": [
         "sounds/mob/wither_titan/wither_titan_ambient",
         "sounds/mob/wither_titan/wither_titan_ambient2",
         "sounds/mob/wither_titan/wither_titan_ambient3",
         "sounds/mob/wither_titan/wither_titan_ambient4"
      ]
   },
   "mob.wither_titan.death": {
      "category": "hostile",
      "min_distance": 100,
      "sounds": [
         "sounds/mob/wither_titan/wither_titan_dead"
      ]
   },
   "mob.wither_titan.hurt": {
      "category": "hostile",
      "min_distance": 100,
      "sounds": [
         "sounds/mob/wither_titan/wither_titan_hurt",
         "sounds/mob/wither_titan/wither_titan_hurt2",
         "sounds/mob/wither_titan/wither_titan_hurt3",
         "sounds/mob/wither_titan/wither_titan_hurt4"
      ]
   },
   "mob.wither_titan.spawn": {
      "category": "hostile",
      "min_distance": 100,
      "sounds": [
         "sounds/mob/wither_titan/wither_titan_spawn"
      ]
   },
   "mob.wsj_titan.ambient": {
      "category": "hostile",
      "min_distance": 100,
      "sounds": [
         "sounds/mob/skeleton_titan/idle1",
         "sounds/mob/skeleton_titan/idle2",
         "sounds/mob/skeleton_titan/idle3",
         "sounds/mob/skeleton_titan/idle4",
         "sounds/mob/spider_titan/spider_titan_ambient",
         "sounds/mob/spider_titan/spider_titan_ambient2",
         "sounds/mob/spider_titan/spider_titan_ambient3",
         "sounds/mob/spider_titan/spider_titan_ambient4"
      ]
   },
   "mob.wsj_titan.hurt": {
      "category": "hostile",
      "min_distance": 100,
      "sounds": [
         "sounds/mob/skeleton_titan/hurt1",
         "sounds/mob/skeleton_titan/hurt2",
         "sounds/mob/skeleton_titan/hurt3",
         "sounds/mob/skeleton_titan/hurt4",
         "sounds/mob/spider_titan/spider_titan_hurt",
         "sounds/mob/spider_titan/spider_titan_hurt2",
         "sounds/mob/spider_titan/spider_titan_hurt3",
         "sounds/mob/spider_titan/spider_titan_hurt4"
      ]
   },
   "mob.wskeleton_titan.ambient": {
      "category": "hostile",
      "min_distance": 100,
      "sounds": [
         "sounds/mob/skeleton_titan/idle1",
         "sounds/mob/skeleton_titan/idle2",
         "sounds/mob/skeleton_titan/idle3",
         "sounds/mob/skeleton_titan/idle4"
      ]
   },
   "mob.wskeleton_titan.hurt": {
      "category": "hostile",
      "min_distance": 100,
      "sounds": [
         "sounds/mob/skeleton_titan/hurt1",
         "sounds/mob/skeleton_titan/hurt2",
         "sounds/mob/skeleton_titan/hurt3",
         "sounds/mob/skeleton_titan/hurt4"
      ]
   },
   "mob.zombie_titan.ambient": {
      "category": "hostile",
      "min_distance": 100,
      "sounds": [
         "sounds/mob/zombie_titan/zombie_titan_ambient",
         "sounds/mob/zombie_titan/zombie_titan_ambient2",
         "sounds/mob/zombie_titan/zombie_titan_ambient3",
         "sounds/mob/zombie_titan/zombie_titan_ambient4",
         "sounds/mob/zombie_titan/zombie_titan_ambient5",
         "sounds/mob/zombie_titan/zombie_titan_ambient6",
         "sounds/mob/zombie_titan/zombie_titan_ambient7",
         "sounds/mob/zombie_titan/zombie_titan_ambient8",
         "sounds/mob/zombie_titan/zombie_titan_ambient9",
         "sounds/mob/zombie_titan/zombie_titan_ambient10"
      ]
   },
   "mob.zombie_titan.death": {
      "category": "hostile",
      "min_distance": 100,
      "sounds": [
         "sounds/mob/zombie_titan/zombie_titan_dead",
         "sounds/mob/zombie_titan/zombie_titan_dead2"
      ]
   },
   "mob.zombie_titan.hurt": {
      "category": "hostile",
      "min_distance": 100,
      "sounds": [
         "sounds/mob/zombie_titan/zombie_titan_hurt",
         "sounds/mob/zombie_titan/zombie_titan_hurt2",
         "sounds/mob/zombie_titan/zombie_titan_hurt3",
         "sounds/mob/zombie_titan/zombie_titan_hurt4",
         "sounds/mob/zombie_titan/zombie_titan_hurt5",
         "sounds/mob/zombie_titan/zombie_titan_hurt6",
         "sounds/mob/zombie_titan/zombie_titan_hurt7",
         "sounds/mob/zombie_titan/zombie_titan_hurt8",
         "sounds/mob/zombie_titan/zombie_titan_hurt9",
         "sounds/mob/zombie_titan/zombie_titan_hurt10",
         "sounds/mob/zombie_titan/zombie_titan_hurt11",
         "sounds/mob/zombie_titan/zombie_titan_hurt12"
      ]
   }
}