{
  "\u0070\u006f\u006f\u006c\u0073": [
    {
      "\u0072\u006f\u006c\u006c\u0073": 1,
      "\u0065\u006e\u0074\u0072\u0069\u0065\u0073": [
        {
          "\u0074\u0079\u0070\u0065": "item",
          "\u006e\u0061\u006d\u0065": "dbe:sapling_ajisa",
          "\u0077\u0065\u0069\u0067\u0068\u0074": 5
        },
        {
          "\u0074\u0079\u0070\u0065": "loot_table",
          "\u006e\u0061\u006d\u0065": "loot_tables/empty.json",
          "\u0077\u0065\u0069\u0067\u0068\u0074": 95
        }
      ]
    }
  ]
}