{
	"format_version": "1.12.0",
	"minecraft:geometry": [
		{
			"description": {
				"identifier": "geometry.broly_dbs_base_hair",
				"texture_width": 32,
				"texture_height": 16,
				"visible_bounds_width": 3,
				"visible_bounds_height": 5.5,
				"visible_bounds_offset": [0, 1.25, 0]
			},
			"bones": [
				{
					"name": "root",
					"pivot": [0, 0, 0]
				},
				{
					"name": "waist",
					"parent": "root",
					"pivot": [0, 12, 0]
				},
				{
					"name": "body",
					"parent": "waist",
					"pivot": [0, 24, 0]
				},
				{
					"name": "head",
					"parent": "body",
					"pivot": [0, 24, 0],
					"cubes": [
						{
							"origin": [-4, 24, -4],
							"size": [8, 8, 8],
							"inflate": 0.05,
							"uv": {
								"north": {"uv": [8, 8], "uv_size": [8, 8]},
								"east": {"uv": [0, 8], "uv_size": [8, 8]},
								"south": {"uv": [16, 0], "uv_size": [8, 8]},
								"west": {"uv": [16, 8], "uv_size": [8, 8]},
								"up": {"uv": [16, 8], "uv_size": [-8, -8]}
							}
						}
					]
				},
				{
					"name": "hair",
					"parent": "head",
					"pivot": [0, 24, 0],
					"cubes": [
						{
							"origin": [-4, 32, -4],
							"size": [8, 2, 2],
							"pivot": [-3, 32, -3],
							"rotation": [32.5, 0, 0],
							"uv": {
								"north": {"uv": [0, 0], "uv_size": [1, 1]},
								"east": {"uv": [0, 0], "uv_size": [1, 1]},
								"south": {"uv": [0, 0], "uv_size": [1, 1]},
								"west": {"uv": [0, 0], "uv_size": [1, 1]},
								"up": {"uv": [1, 1], "uv_size": [-1, -1]},
								"down": {"uv": [1, 1], "uv_size": [-1, -1]}
							}
						},
						{
							"origin": [2, 12, 3],
							"size": [2, 4, 2],
							"pivot": [0, 24, 0],
							"rotation": [26.3862, 37.8179, -103.7292],
							"uv": {
								"north": {"uv": [0, 0], "uv_size": [1, 1]},
								"east": {"uv": [0, 0], "uv_size": [1, 1]},
								"south": {"uv": [0, 0], "uv_size": [1, 1]},
								"west": {"uv": [0, 0], "uv_size": [1, 1]},
								"up": {"uv": [1, 1], "uv_size": [-1, -1]},
								"down": {"uv": [1, 1], "uv_size": [-1, -1]}
							}
						},
						{
							"origin": [9, 25, -1],
							"size": [2, 5, 6],
							"pivot": [0, 0, 0],
							"rotation": [0, 0, -12.5],
							"uv": {
								"north": {"uv": [0, 0], "uv_size": [1, 1]},
								"east": {"uv": [0, 0], "uv_size": [1, 1]},
								"south": {"uv": [0, 0], "uv_size": [1, 1]},
								"west": {"uv": [0, 0], "uv_size": [1, 1]},
								"up": {"uv": [1, 1], "uv_size": [-1, -1]},
								"down": {"uv": [1, 1], "uv_size": [-1, -1]}
							}
						},
						{
							"origin": [-11, 25, -1],
							"size": [2, 5, 6],
							"pivot": [0, 0, 0],
							"rotation": [0, 0, 12.5],
							"uv": {
								"north": {"uv": [1, 0], "uv_size": [-1, 1]},
								"east": {"uv": [1, 0], "uv_size": [-1, 1]},
								"south": {"uv": [1, 0], "uv_size": [-1, 1]},
								"west": {"uv": [1, 0], "uv_size": [-1, 1]},
								"up": {"uv": [0, 1], "uv_size": [1, -1]},
								"down": {"uv": [0, 1], "uv_size": [1, -1]}
							}
						},
						{
							"origin": [-4.4282, 31.66987, -2],
							"size": [9, 2, 6],
							"inflate": 0.1,
							"uv": {
								"north": {"uv": [0, 0], "uv_size": [1, 1]},
								"east": {"uv": [0, 0], "uv_size": [1, 1]},
								"south": {"uv": [0, 0], "uv_size": [1, 1]},
								"west": {"uv": [0, 0], "uv_size": [1, 1]},
								"up": {"uv": [1, 1], "uv_size": [-1, -1]},
								"down": {"uv": [1, 1], "uv_size": [-1, -1]}
							}
						},
						{
							"origin": [6.5718, 33.66987, -2],
							"size": [3, 3, 3],
							"inflate": 0.1,
							"pivot": [2.5718, 23.66987, 0],
							"rotation": [-10, 0, -60],
							"uv": {
								"north": {"uv": [0, 0], "uv_size": [1, 1]},
								"east": {"uv": [0, 0], "uv_size": [1, 1]},
								"south": {"uv": [0, 0], "uv_size": [1, 1]},
								"west": {"uv": [0, 0], "uv_size": [1, 1]},
								"up": {"uv": [1, 1], "uv_size": [-1, -1]},
								"down": {"uv": [1, 1], "uv_size": [-1, -1]}
							}
						},
						{
							"origin": [-2.4282, 32.66987, 1],
							"size": [3, 5, 3],
							"pivot": [2.5718, 23.66987, 0],
							"rotation": [-10.0845, -7.3854, -16.1904],
							"uv": {
								"north": {"uv": [0, 0], "uv_size": [1, 1]},
								"east": {"uv": [0, 0], "uv_size": [1, 1]},
								"south": {"uv": [0, 0], "uv_size": [1, 1]},
								"west": {"uv": [0, 0], "uv_size": [1, 1]},
								"up": {"uv": [1, 1], "uv_size": [-1, -1]},
								"down": {"uv": [1, 1], "uv_size": [-1, -1]}
							}
						},
						{
							"origin": [-2.4282, 28.66987, -9],
							"size": [3, 4, 3],
							"inflate": 0.1,
							"pivot": [2.5718, 23.66987, 0],
							"rotation": [-31.88738, 14.23439, 19.74036],
							"uv": {
								"north": {"uv": [0, 0], "uv_size": [1, 1]},
								"east": {"uv": [0, 0], "uv_size": [1, 1]},
								"south": {"uv": [0, 0], "uv_size": [1, 1]},
								"west": {"uv": [0, 0], "uv_size": [1, 1]},
								"up": {"uv": [1, 1], "uv_size": [-1, -1]},
								"down": {"uv": [1, 1], "uv_size": [-1, -1]}
							}
						},
						{
							"origin": [1.5718, 33.66987, -2],
							"size": [3, 4, 3],
							"inflate": 0.1,
							"pivot": [2.5718, 23.66987, 0],
							"rotation": [0, 0, -30],
							"uv": {
								"north": {"uv": [0, 0], "uv_size": [1, 1]},
								"east": {"uv": [0, 0], "uv_size": [1, 1]},
								"south": {"uv": [0, 0], "uv_size": [1, 1]},
								"west": {"uv": [0, 0], "uv_size": [1, 1]},
								"up": {"uv": [1, 1], "uv_size": [-1, -1]},
								"down": {"uv": [1, 1], "uv_size": [-1, -1]}
							}
						}
					]
				},
				{
					"name": "bunch",
					"parent": "hair",
					"pivot": [0, 32, 1],
					"rotation": [1.01781, -3.2142, 4.9399],
					"cubes": [
						{
							"origin": [-0.95, 36.19494, -7],
							"size": [2, 2, 2],
							"pivot": [-4.10966, 35.67866, -1.83676],
							"rotation": [65.74455, 11.18558, 14.06545],
							"uv": {
								"north": {"uv": [0, 0], "uv_size": [1, 1]},
								"east": {"uv": [0, 0], "uv_size": [1, 1]},
								"south": {"uv": [0, 0], "uv_size": [1, 1]},
								"west": {"uv": [0, 0], "uv_size": [1, 1]},
								"up": {"uv": [1, 1], "uv_size": [-1, -1]},
								"down": {"uv": [1, 1], "uv_size": [-1, -1]}
							}
						},
						{
							"origin": [-1.47294, 33.0221, -5.9],
							"size": [2, 2, 4],
							"pivot": [-1.52595, 33.0221, -1.56764],
							"rotation": [21.3029, 10.5479, 14.044],
							"uv": {
								"north": {"uv": [0, 0], "uv_size": [1, 1]},
								"east": {"uv": [0, 0], "uv_size": [1, 1]},
								"south": {"uv": [0, 0], "uv_size": [1, 1]},
								"west": {"uv": [0, 0], "uv_size": [1, 1]},
								"up": {"uv": [1, 1], "uv_size": [-1, -1]},
								"down": {"uv": [1, 1], "uv_size": [-1, -1]}
							}
						}
					]
				},
				{
					"name": "bunch4",
					"parent": "hair",
					"pivot": [0, 32, 1],
					"rotation": [1.01781, 3.2142, -4.9399],
					"cubes": [
						{
							"origin": [-1.05, 36.19494, -7],
							"size": [2, 2, 2],
							"pivot": [4.10966, 35.67866, -1.83676],
							"rotation": [65.74455, -11.18558, -14.06545],
							"uv": {
								"north": {"uv": [1, 0], "uv_size": [-1, 1]},
								"east": {"uv": [1, 0], "uv_size": [-1, 1]},
								"south": {"uv": [1, 0], "uv_size": [-1, 1]},
								"west": {"uv": [1, 0], "uv_size": [-1, 1]},
								"up": {"uv": [0, 1], "uv_size": [1, -1]},
								"down": {"uv": [0, 1], "uv_size": [1, -1]}
							}
						},
						{
							"origin": [-0.52706, 33.0221, -5.9],
							"size": [2, 2, 4],
							"pivot": [1.52595, 33.0221, -1.56764],
							"rotation": [21.3029, -10.5479, -14.044],
							"uv": {
								"north": {"uv": [1, 0], "uv_size": [-1, 1]},
								"east": {"uv": [1, 0], "uv_size": [-1, 1]},
								"south": {"uv": [1, 0], "uv_size": [-1, 1]},
								"west": {"uv": [1, 0], "uv_size": [-1, 1]},
								"up": {"uv": [0, 1], "uv_size": [1, -1]},
								"down": {"uv": [0, 1], "uv_size": [1, -1]}
							}
						}
					]
				},
				{
					"name": "bunch2",
					"parent": "hair",
					"pivot": [1, 32, 0]
				},
				{
					"name": "bunch3",
					"parent": "hair",
					"pivot": [-3, 31, -1],
					"rotation": [-27.5, 0, 0],
					"cubes": [
						{
							"origin": [-2.62736, 32.09045, -7.56764],
							"size": [2, 2, 3],
							"pivot": [-1.62736, 32.09045, -3.56764],
							"rotation": [39.55274, 23.03563, 33.65184],
							"uv": {
								"north": {"uv": [0, 0], "uv_size": [1, 1]},
								"east": {"uv": [0, 0], "uv_size": [1, 1]},
								"south": {"uv": [0, 0], "uv_size": [1, 1]},
								"west": {"uv": [0, 0], "uv_size": [1, 1]},
								"up": {"uv": [1, 1], "uv_size": [-1, -1]},
								"down": {"uv": [1, 1], "uv_size": [-1, -1]}
							}
						},
						{
							"origin": [-3.47435, 32.86329, -7.4],
							"size": [2, 2, 2],
							"pivot": [-3.21107, 31.74701, -3.83676],
							"rotation": [62.41904, 19.84776, 28.48055],
							"uv": {
								"north": {"uv": [0, 0], "uv_size": [1, 1]},
								"east": {"uv": [0, 0], "uv_size": [1, 1]},
								"south": {"uv": [0, 0], "uv_size": [1, 1]},
								"west": {"uv": [0, 0], "uv_size": [1, 1]},
								"up": {"uv": [1, 1], "uv_size": [-1, -1]},
								"down": {"uv": [1, 1], "uv_size": [-1, -1]}
							}
						}
					]
				},
				{
					"name": "bunch42",
					"parent": "hair",
					"pivot": [3, 32, 0],
					"cubes": [
						{
							"origin": [2.27946, 31.45734, -5.62748],
							"size": [2, 2, 3],
							"pivot": [3.27946, 31.45734, -3.62748],
							"rotation": [45.5589, -21.0882, -27.102],
							"uv": {
								"north": {"uv": [0, 0], "uv_size": [1, 1]},
								"east": {"uv": [0, 0], "uv_size": [1, 1]},
								"south": {"uv": [0, 0], "uv_size": [1, 1]},
								"west": {"uv": [0, 0], "uv_size": [1, 1]},
								"up": {"uv": [1, 1], "uv_size": [-1, -1]},
								"down": {"uv": [1, 1], "uv_size": [-1, -1]}
							}
						},
						{
							"origin": [2.55433, 32.14433, -7.6454],
							"size": [2, 2, 2],
							"pivot": [3.55433, 33.14433, -3.6454],
							"rotation": [51.77096, -5.13836, -10.65576],
							"uv": {
								"north": {"uv": [0, 0], "uv_size": [1, 1]},
								"east": {"uv": [0, 0], "uv_size": [1, 1]},
								"south": {"uv": [0, 0], "uv_size": [1, 1]},
								"west": {"uv": [0, 0], "uv_size": [1, 1]},
								"up": {"uv": [1, 1], "uv_size": [-1, -1]},
								"down": {"uv": [1, 1], "uv_size": [-1, -1]}
							}
						}
					]
				},
				{
					"name": "bunch43",
					"parent": "hair",
					"pivot": [-3, 32, 0],
					"cubes": [
						{
							"origin": [-4.27946, 31.45734, -5.62748],
							"size": [2, 2, 3],
							"pivot": [-3.27946, 31.45734, -3.62748],
							"rotation": [45.5589, 21.0882, 27.102],
							"uv": {
								"north": {"uv": [1, 0], "uv_size": [-1, 1]},
								"east": {"uv": [1, 0], "uv_size": [-1, 1]},
								"south": {"uv": [1, 0], "uv_size": [-1, 1]},
								"west": {"uv": [1, 0], "uv_size": [-1, 1]},
								"up": {"uv": [0, 1], "uv_size": [1, -1]},
								"down": {"uv": [0, 1], "uv_size": [1, -1]}
							}
						},
						{
							"origin": [-4.55433, 32.14433, -7.6454],
							"size": [2, 2, 2],
							"pivot": [-3.55433, 33.14433, -3.6454],
							"rotation": [51.77096, 5.13836, 10.65576],
							"uv": {
								"north": {"uv": [1, 0], "uv_size": [-1, 1]},
								"east": {"uv": [1, 0], "uv_size": [-1, 1]},
								"south": {"uv": [1, 0], "uv_size": [-1, 1]},
								"west": {"uv": [1, 0], "uv_size": [-1, 1]},
								"up": {"uv": [0, 1], "uv_size": [1, -1]},
								"down": {"uv": [0, 1], "uv_size": [1, -1]}
							}
						}
					]
				},
				{
					"name": "bunch5",
					"parent": "hair",
					"pivot": [3, 32, 0]
				},
				{
					"name": "bunch6",
					"parent": "hair",
					"pivot": [-2, 33, -3],
					"cubes": [
						{
							"origin": [3.61367, 31.63162, -10.3],
							"size": [3, 3, 3],
							"pivot": [11.61367, 22.63162, 13.64501],
							"rotation": [-23.08717, -5.73028, -38.55341],
							"uv": {
								"north": {"uv": [0, 0], "uv_size": [1, 1]},
								"east": {"uv": [0, 0], "uv_size": [1, 1]},
								"south": {"uv": [0, 0], "uv_size": [1, 1]},
								"west": {"uv": [0, 0], "uv_size": [1, 1]},
								"up": {"uv": [1, 1], "uv_size": [-1, -1]},
								"down": {"uv": [1, 1], "uv_size": [-1, -1]}
							}
						}
					]
				},
				{
					"name": "bunch7",
					"parent": "hair",
					"pivot": [-3, 31, -4],
					"cubes": [
						{
							"origin": [-11.74235, 29.32816, -4],
							"size": [4, 3, 2],
							"inflate": 0.01,
							"pivot": [-4.74235, 21.32816, 0],
							"rotation": [0, 0, 30],
							"uv": {
								"north": {"uv": [0, 0], "uv_size": [1, 1]},
								"east": {"uv": [0, 0], "uv_size": [1, 1]},
								"south": {"uv": [0, 0], "uv_size": [1, 1]},
								"west": {"uv": [0, 0], "uv_size": [1, 1]},
								"up": {"uv": [1, 1], "uv_size": [-1, -1]},
								"down": {"uv": [1, 1], "uv_size": [-1, -1]}
							}
						}
					]
				},
				{
					"name": "bunch8",
					"parent": "hair",
					"pivot": [-2, 33, 1],
					"rotation": [0, -5, -5],
					"cubes": [
						{
							"origin": [-0.25219, 30.67967, -6.2],
							"size": [4, 5, 5],
							"inflate": 0.1,
							"pivot": [-2.25219, 23.67967, 1],
							"rotation": [-23.06725, 13.99544, -13.21918],
							"uv": {
								"north": {"uv": [1, 0], "uv_size": [-1, 1]},
								"east": {"uv": [1, 0], "uv_size": [-1, 1]},
								"south": {"uv": [1, 0], "uv_size": [-1, 1]},
								"west": {"uv": [1, 0], "uv_size": [-1, 1]},
								"up": {"uv": [0, 1], "uv_size": [1, -1]},
								"down": {"uv": [0, 1], "uv_size": [1, -1]}
							}
						},
						{
							"origin": [9, 32.64644, -5],
							"size": [3, 5, 3.5],
							"pivot": [2.18889, 23.64644, 0],
							"rotation": [-17.5, 0, -55],
							"uv": {
								"north": {"uv": [0, 0], "uv_size": [1, 1]},
								"east": {"uv": [0, 0], "uv_size": [1, 1]},
								"south": {"uv": [0, 0], "uv_size": [1, 1]},
								"west": {"uv": [0, 0], "uv_size": [1, 1]},
								"up": {"uv": [1, 1], "uv_size": [-1, -1]},
								"down": {"uv": [1, 1], "uv_size": [-1, -1]}
							}
						}
					]
				},
				{
					"name": "bunch10",
					"parent": "hair",
					"pivot": [3, 31, 1],
					"cubes": [
						{
							"origin": [-6.58915, 30.45494, -9.3],
							"size": [3, 4, 3],
							"pivot": [-11.58915, 22.45494, 14.64501],
							"rotation": [-23.08717, 5.73028, 38.55341],
							"uv": {
								"north": {"uv": [1, 0], "uv_size": [-1, 1]},
								"east": {"uv": [1, 0], "uv_size": [-1, 1]},
								"south": {"uv": [1, 0], "uv_size": [-1, 1]},
								"west": {"uv": [1, 0], "uv_size": [-1, 1]},
								"up": {"uv": [0, 1], "uv_size": [1, -1]},
								"down": {"uv": [0, 1], "uv_size": [1, -1]}
							}
						}
					]
				},
				{
					"name": "bunch11",
					"parent": "hair",
					"pivot": [4, 31, -3],
					"cubes": [
						{
							"origin": [8.22803, 28.27897, -4],
							"size": [2, 3, 3],
							"inflate": 0.1,
							"pivot": [2.22803, 23.27897, 0],
							"rotation": [0, 0, -30],
							"uv": {
								"north": {"uv": [0, 0], "uv_size": [1, 1]},
								"east": {"uv": [0, 0], "uv_size": [1, 1]},
								"south": {"uv": [0, 0], "uv_size": [1, 1]},
								"west": {"uv": [0, 0], "uv_size": [1, 1]},
								"up": {"uv": [1, 1], "uv_size": [-1, -1]},
								"down": {"uv": [1, 1], "uv_size": [-1, -1]}
							}
						}
					]
				},
				{
					"name": "bunch12",
					"parent": "hair",
					"pivot": [-4, 33, 0],
					"cubes": [
						{
							"origin": [4.582, 33.70226, -2],
							"size": [3, 3, 3],
							"inflate": 0.1,
							"pivot": [2.582, 23.70226, 0],
							"rotation": [0, 0, -57.5],
							"uv": {
								"north": {"uv": [0, 0], "uv_size": [1, 1]},
								"east": {"uv": [0, 0], "uv_size": [1, 1]},
								"south": {"uv": [0, 0], "uv_size": [1, 1]},
								"west": {"uv": [0, 0], "uv_size": [1, 1]},
								"up": {"uv": [1, 1], "uv_size": [-1, -1]},
								"down": {"uv": [1, 1], "uv_size": [-1, -1]}
							}
						}
					]
				},
				{
					"name": "bunch16",
					"parent": "hair",
					"pivot": [0, 33, 5],
					"cubes": [
						{
							"origin": [4.8, 27.74722, -4],
							"size": [4, 4, 4],
							"inflate": 0.1,
							"pivot": [-2.763, 23.74722, 0],
							"rotation": [-20.61721, -20.17499, -41.00588],
							"uv": {
								"north": {"uv": [1, 0], "uv_size": [-1, 1]},
								"east": {"uv": [1, 0], "uv_size": [-1, 1]},
								"south": {"uv": [1, 0], "uv_size": [-1, 1]},
								"west": {"uv": [1, 0], "uv_size": [-1, 1]},
								"up": {"uv": [0, 1], "uv_size": [1, -1]},
								"down": {"uv": [0, 1], "uv_size": [1, -1]}
							}
						}
					]
				},
				{
					"name": "bunch18",
					"parent": "hair",
					"pivot": [0, 28, 5],
					"cubes": [
						{
							"origin": [-2.06638, 20.10328, 3.89444],
							"size": [4, 5, 3],
							"inflate": -0.1,
							"pivot": [-0.06638, 26.10328, -0.10556],
							"rotation": [2.5, 0, 0],
							"uv": {
								"north": {"uv": [0, 0], "uv_size": [1, 1]},
								"east": {"uv": [0, 0], "uv_size": [1, 1]},
								"south": {"uv": [0, 0], "uv_size": [1, 1]},
								"west": {"uv": [0, 0], "uv_size": [1, 1]},
								"up": {"uv": [1, 1], "uv_size": [-1, -1]},
								"down": {"uv": [1, 1], "uv_size": [-1, -1]}
							}
						},
						{
							"origin": [-2.06638, 23.00126, 4],
							"size": [4, 8, 4],
							"pivot": [-0.06638, 24.00126, 0],
							"rotation": [17.5, 0, 0],
							"uv": {
								"north": {"uv": [0, 0], "uv_size": [1, 1]},
								"east": {"uv": [0, 0], "uv_size": [1, 1]},
								"south": {"uv": [0, 0], "uv_size": [1, 1]},
								"west": {"uv": [0, 0], "uv_size": [1, 1]},
								"up": {"uv": [1, 1], "uv_size": [-1, -1]},
								"down": {"uv": [1, 1], "uv_size": [-1, -1]}
							}
						}
					]
				},
				{
					"name": "bunch19",
					"parent": "hair",
					"pivot": [1, 30, 6],
					"cubes": [
						{
							"origin": [0.4, 23.00801, 8],
							"size": [2, 2, 2.4],
							"inflate": 0.1,
							"pivot": [0.73765, 24.00801, 0],
							"rotation": [29.81422, -8.59513, -1.59992],
							"uv": {
								"north": {"uv": [0, 0], "uv_size": [1, 1]},
								"east": {"uv": [0, 0], "uv_size": [1, 1]},
								"south": {"uv": [0, 0], "uv_size": [1, 1]},
								"west": {"uv": [0, 0], "uv_size": [1, 1]},
								"up": {"uv": [1, 1], "uv_size": [-1, -1]},
								"down": {"uv": [1, 1], "uv_size": [-1, -1]}
							}
						},
						{
							"origin": [-1.6, 19.30801, -12],
							"size": [4, 5, 3],
							"pivot": [3.30945, 23.67788, 0],
							"rotation": [-138.3938, -3.52103, 1.56923],
							"uv": {
								"north": {"uv": [0, 0], "uv_size": [1, 1]},
								"east": {"uv": [0, 0], "uv_size": [1, 1]},
								"south": {"uv": [0, 0], "uv_size": [1, 1]},
								"west": {"uv": [0, 0], "uv_size": [1, 1]},
								"up": {"uv": [1, 1], "uv_size": [-1, -1]},
								"down": {"uv": [1, 1], "uv_size": [-1, -1]}
							}
						}
					]
				},
				{
					"name": "bunch20",
					"parent": "hair",
					"pivot": [-3, 31, 5]
				},
				{
					"name": "bunch21",
					"parent": "hair",
					"pivot": [4, 31, 5],
					"cubes": [
						{
							"origin": [0.78092, 18.62736, -13],
							"size": [3, 6, 3],
							"pivot": [-2.21908, 23.62736, 0],
							"rotation": [-143.99479, 18.74724, -6.35865],
							"uv": {
								"north": {"uv": [1, 0], "uv_size": [-1, 1]},
								"east": {"uv": [1, 0], "uv_size": [-1, 1]},
								"south": {"uv": [1, 0], "uv_size": [-1, 1]},
								"west": {"uv": [1, 0], "uv_size": [-1, 1]},
								"up": {"uv": [0, 1], "uv_size": [1, -1]},
								"down": {"uv": [0, 1], "uv_size": [1, -1]}
							}
						},
						{
							"origin": [0.15823, 21.8, 10.6],
							"size": [3, 4, 3],
							"inflate": 0.1,
							"pivot": [2.15823, 23.49972, 0],
							"rotation": [70.4377, 4.2453, 4.26782],
							"uv": {
								"north": {"uv": [0, 0], "uv_size": [1, 1]},
								"east": {"uv": [0, 0], "uv_size": [1, 1]},
								"south": {"uv": [0, 0], "uv_size": [1, 1]},
								"west": {"uv": [0, 0], "uv_size": [1, 1]},
								"up": {"uv": [1, 1], "uv_size": [-1, -1]},
								"down": {"uv": [1, 1], "uv_size": [-1, -1]}
							}
						}
					]
				},
				{
					"name": "bunch44",
					"parent": "hair",
					"pivot": [-4, 31, 5],
					"cubes": [
						{
							"origin": [-3.78092, 18.62736, -13],
							"size": [3, 6, 3],
							"pivot": [2.21908, 23.62736, 0],
							"rotation": [-143.99479, -18.74724, 6.35865],
							"uv": {
								"north": {"uv": [0, 0], "uv_size": [1, 1]},
								"east": {"uv": [0, 0], "uv_size": [1, 1]},
								"south": {"uv": [0, 0], "uv_size": [1, 1]},
								"west": {"uv": [0, 0], "uv_size": [1, 1]},
								"up": {"uv": [1, 1], "uv_size": [-1, -1]},
								"down": {"uv": [1, 1], "uv_size": [-1, -1]}
							}
						},
						{
							"origin": [-3.15823, 21.8, 10.6],
							"size": [3, 4, 3],
							"inflate": 0.1,
							"pivot": [-2.15823, 23.49972, 0],
							"rotation": [70.4377, -4.2453, -4.26782],
							"uv": {
								"north": {"uv": [1, 0], "uv_size": [-1, 1]},
								"east": {"uv": [1, 0], "uv_size": [-1, 1]},
								"south": {"uv": [1, 0], "uv_size": [-1, 1]},
								"west": {"uv": [1, 0], "uv_size": [-1, 1]},
								"up": {"uv": [0, 1], "uv_size": [1, -1]},
								"down": {"uv": [0, 1], "uv_size": [1, -1]}
							}
						}
					]
				},
				{
					"name": "bunch22",
					"parent": "hair",
					"pivot": [-3, 28, 6],
					"cubes": [
						{
							"origin": [-7.31298, 19.96822, 4.5],
							"size": [2, 7, 2],
							"inflate": 0.1,
							"pivot": [0.18702, 23.96822, 0],
							"rotation": [44.2363, 5.188, 33.2637],
							"uv": {
								"north": {"uv": [1, 0], "uv_size": [-1, 1]},
								"east": {"uv": [1, 0], "uv_size": [-1, 1]},
								"south": {"uv": [1, 0], "uv_size": [-1, 1]},
								"west": {"uv": [1, 0], "uv_size": [-1, 1]},
								"up": {"uv": [0, 1], "uv_size": [1, -1]},
								"down": {"uv": [0, 1], "uv_size": [1, -1]}
							}
						}
					]
				},
				{
					"name": "bunch23",
					"parent": "hair",
					"pivot": [3, 28, 6],
					"cubes": [
						{
							"origin": [5.38139, 20.27052, 5],
							"size": [2, 7, 2],
							"inflate": 0.1,
							"pivot": [0.38139, 24.27052, 0],
							"rotation": [44.2363, -5.188, -33.2637],
							"uv": {
								"north": {"uv": [0, 0], "uv_size": [1, 1]},
								"east": {"uv": [0, 0], "uv_size": [1, 1]},
								"south": {"uv": [0, 0], "uv_size": [1, 1]},
								"west": {"uv": [0, 0], "uv_size": [1, 1]},
								"up": {"uv": [1, 1], "uv_size": [-1, -1]},
								"down": {"uv": [1, 1], "uv_size": [-1, -1]}
							}
						}
					]
				},
				{
					"name": "bunch24",
					"parent": "hair",
					"pivot": [3, 27, 5],
					"cubes": [
						{
							"origin": [0.81078, 21.78712, 4],
							"size": [3, 7, 3],
							"pivot": [-0.18922, 23.78712, 0],
							"rotation": [24.6097, 3.7317, -11.9385],
							"uv": {
								"north": {"uv": [0, 0], "uv_size": [1, 1]},
								"east": {"uv": [0, 0], "uv_size": [1, 1]},
								"south": {"uv": [0, 0], "uv_size": [1, 1]},
								"west": {"uv": [0, 0], "uv_size": [1, 1]},
								"up": {"uv": [1, 1], "uv_size": [-1, -1]},
								"down": {"uv": [1, 1], "uv_size": [-1, -1]}
							}
						},
						{
							"origin": [2.42465, 21.64758, 3.23001],
							"size": [2, 4, 3],
							"pivot": [1.42465, 27.64758, -0.76999],
							"rotation": [4.6438, -9.6101, -5.2706],
							"uv": {
								"north": {"uv": [0, 0], "uv_size": [1, 1]},
								"east": {"uv": [0, 0], "uv_size": [1, 1]},
								"south": {"uv": [0, 0], "uv_size": [1, 1]},
								"west": {"uv": [0, 0], "uv_size": [1, 1]},
								"up": {"uv": [1, 1], "uv_size": [-1, -1]},
								"down": {"uv": [1, 1], "uv_size": [-1, -1]}
							}
						}
					]
				},
				{
					"name": "bunch25",
					"parent": "hair",
					"pivot": [-3, 27, 5],
					"cubes": [
						{
							"origin": [-3.81078, 21.78712, 4],
							"size": [3, 7, 3],
							"pivot": [0.18922, 23.78712, 0],
							"rotation": [24.6097, -3.7317, 11.9385],
							"uv": {
								"north": {"uv": [1, 0], "uv_size": [-1, 1]},
								"east": {"uv": [1, 0], "uv_size": [-1, 1]},
								"south": {"uv": [1, 0], "uv_size": [-1, 1]},
								"west": {"uv": [1, 0], "uv_size": [-1, 1]},
								"up": {"uv": [0, 1], "uv_size": [1, -1]},
								"down": {"uv": [0, 1], "uv_size": [1, -1]}
							}
						},
						{
							"origin": [-4.42465, 21.64758, 3.23001],
							"size": [2, 4, 3],
							"pivot": [-1.42465, 27.64758, -0.76999],
							"rotation": [4.6438, 9.6101, 5.2706],
							"uv": {
								"north": {"uv": [1, 0], "uv_size": [-1, 1]},
								"east": {"uv": [1, 0], "uv_size": [-1, 1]},
								"south": {"uv": [1, 0], "uv_size": [-1, 1]},
								"west": {"uv": [1, 0], "uv_size": [-1, 1]},
								"up": {"uv": [0, 1], "uv_size": [1, -1]},
								"down": {"uv": [0, 1], "uv_size": [1, -1]}
							}
						}
					]
				},
				{
					"name": "bunch26",
					"parent": "hair",
					"pivot": [3, 30, 6],
					"cubes": [
						{
							"origin": [6.47749, 22.42625, 0.9641],
							"size": [2, 3, 3],
							"inflate": 0.1,
							"pivot": [-4.52251, 22.42625, -2.0359],
							"rotation": [30.99077, -25.36943, -0.16649],
							"uv": {
								"north": {"uv": [0, 0], "uv_size": [1, 1]},
								"east": {"uv": [0, 0], "uv_size": [1, 1]},
								"south": {"uv": [0, 0], "uv_size": [1, 1]},
								"west": {"uv": [0, 0], "uv_size": [1, 1]},
								"up": {"uv": [1, 1], "uv_size": [-1, -1]},
								"down": {"uv": [1, 1], "uv_size": [-1, -1]}
							}
						},
						{
							"origin": [4.66743, 21.6896, 3],
							"size": [3, 6, 3],
							"inflate": 0.1,
							"pivot": [-0.33257, 24.6896, 0],
							"rotation": [16.7363, -5.188, -33.2637],
							"uv": {
								"north": {"uv": [0, 0], "uv_size": [1, 1]},
								"east": {"uv": [0, 0], "uv_size": [1, 1]},
								"south": {"uv": [0, 0], "uv_size": [1, 1]},
								"west": {"uv": [0, 0], "uv_size": [1, 1]},
								"up": {"uv": [1, 1], "uv_size": [-1, -1]},
								"down": {"uv": [1, 1], "uv_size": [-1, -1]}
							}
						}
					]
				},
				{
					"name": "bunch46",
					"parent": "hair",
					"pivot": [-3, 30, 6],
					"cubes": [
						{
							"origin": [-8.47749, 22.42625, 0.9641],
							"size": [2, 3, 3],
							"inflate": 0.1,
							"pivot": [4.52251, 22.42625, -2.0359],
							"rotation": [30.99077, 25.36943, 0.16649],
							"uv": {
								"north": {"uv": [1, 0], "uv_size": [-1, 1]},
								"east": {"uv": [1, 0], "uv_size": [-1, 1]},
								"south": {"uv": [1, 0], "uv_size": [-1, 1]},
								"west": {"uv": [1, 0], "uv_size": [-1, 1]},
								"up": {"uv": [0, 1], "uv_size": [1, -1]},
								"down": {"uv": [0, 1], "uv_size": [1, -1]}
							}
						},
						{
							"origin": [-7.66743, 21.6896, 3],
							"size": [3, 6, 3],
							"inflate": 0.1,
							"pivot": [0.33257, 24.6896, 0],
							"rotation": [16.7363, 5.188, 33.2637],
							"uv": {
								"north": {"uv": [1, 0], "uv_size": [-1, 1]},
								"east": {"uv": [1, 0], "uv_size": [-1, 1]},
								"south": {"uv": [1, 0], "uv_size": [-1, 1]},
								"west": {"uv": [1, 0], "uv_size": [-1, 1]},
								"up": {"uv": [0, 1], "uv_size": [1, -1]},
								"down": {"uv": [0, 1], "uv_size": [1, -1]}
							}
						}
					]
				},
				{
					"name": "bunch45",
					"parent": "hair",
					"pivot": [-3, 30, 6]
				},
				{
					"name": "bunch27",
					"parent": "hair",
					"pivot": [-5, 27, 4]
				},
				{
					"name": "bunch28",
					"parent": "hair",
					"pivot": [5, 29, 3],
					"cubes": [
						{
							"origin": [5.86633, 18.86415, 2],
							"size": [2, 6, 2],
							"inflate": 0.1,
							"pivot": [-0.13367, 23.86415, 0],
							"rotation": [17.5, 0, -50],
							"uv": {
								"north": {"uv": [0, 0], "uv_size": [1, 1]},
								"east": {"uv": [0, 0], "uv_size": [1, 1]},
								"south": {"uv": [0, 0], "uv_size": [1, 1]},
								"west": {"uv": [0, 0], "uv_size": [1, 1]},
								"up": {"uv": [1, 1], "uv_size": [-1, -1]},
								"down": {"uv": [1, 1], "uv_size": [-1, -1]}
							}
						}
					]
				},
				{
					"name": "bunch29",
					"parent": "hair",
					"pivot": [-5, 29, 4],
					"cubes": [
						{
							"origin": [-10.53842, 25.31494, 4],
							"size": [2, 4, 2],
							"inflate": 0.01,
							"pivot": [-4.53842, 21.31494, 0],
							"rotation": [7.5, 0, 30],
							"uv": {
								"north": {"uv": [0, 0], "uv_size": [1, 1]},
								"east": {"uv": [0, 0], "uv_size": [1, 1]},
								"south": {"uv": [0, 0], "uv_size": [1, 1]},
								"west": {"uv": [0, 0], "uv_size": [1, 1]},
								"up": {"uv": [1, 1], "uv_size": [-1, -1]},
								"down": {"uv": [1, 1], "uv_size": [-1, -1]}
							}
						}
					]
				},
				{
					"name": "bunch30",
					"parent": "hair",
					"pivot": [-4, 27, 3],
					"cubes": [
						{
							"origin": [-8.9621, 23.27538, 2],
							"size": [2, 4, 2],
							"inflate": 0.01,
							"pivot": [-4.9621, 21.27538, 0],
							"rotation": [0, 0, 30],
							"uv": {
								"north": {"uv": [0, 0], "uv_size": [1, 1]},
								"east": {"uv": [0, 0], "uv_size": [1, 1]},
								"south": {"uv": [0, 0], "uv_size": [1, 1]},
								"west": {"uv": [0, 0], "uv_size": [1, 1]},
								"up": {"uv": [1, 1], "uv_size": [-1, -1]},
								"down": {"uv": [1, 1], "uv_size": [-1, -1]}
							}
						}
					]
				},
				{
					"name": "bunch49",
					"parent": "hair",
					"pivot": [4, 27, 3],
					"cubes": [
						{
							"origin": [6.9621, 23.27538, 2],
							"size": [2, 4, 2],
							"inflate": 0.01,
							"pivot": [4.9621, 21.27538, 0],
							"rotation": [0, 0, -30],
							"uv": {
								"north": {"uv": [1, 0], "uv_size": [-1, 1]},
								"east": {"uv": [1, 0], "uv_size": [-1, 1]},
								"south": {"uv": [1, 0], "uv_size": [-1, 1]},
								"west": {"uv": [1, 0], "uv_size": [-1, 1]},
								"up": {"uv": [0, 1], "uv_size": [1, -1]},
								"down": {"uv": [0, 1], "uv_size": [1, -1]}
							}
						}
					]
				},
				{
					"name": "bunch32",
					"parent": "hair",
					"pivot": [-6, 29, 2],
					"cubes": [
						{
							"origin": [-10.35266, 26.72532, 0],
							"size": [2, 4, 2],
							"inflate": 0.01,
							"pivot": [-5.35266, 21.72532, 0],
							"rotation": [0, 0, 30],
							"uv": {
								"north": {"uv": [0, 0], "uv_size": [1, 1]},
								"east": {"uv": [0, 0], "uv_size": [1, 1]},
								"south": {"uv": [0, 0], "uv_size": [1, 1]},
								"west": {"uv": [0, 0], "uv_size": [1, 1]},
								"up": {"uv": [1, 1], "uv_size": [-1, -1]},
								"down": {"uv": [1, 1], "uv_size": [-1, -1]}
							}
						}
					]
				},
				{
					"name": "bunch17",
					"parent": "hair",
					"pivot": [6, 29, 2],
					"cubes": [
						{
							"origin": [8.35266, 26.72532, 0],
							"size": [2, 4, 2],
							"inflate": 0.01,
							"pivot": [5.35266, 21.72532, 0],
							"rotation": [0, 0, -30],
							"uv": {
								"north": {"uv": [1, 0], "uv_size": [-1, 1]},
								"east": {"uv": [1, 0], "uv_size": [-1, 1]},
								"south": {"uv": [1, 0], "uv_size": [-1, 1]},
								"west": {"uv": [1, 0], "uv_size": [-1, 1]},
								"up": {"uv": [0, 1], "uv_size": [1, -1]},
								"down": {"uv": [0, 1], "uv_size": [1, -1]}
							}
						}
					]
				},
				{
					"name": "bunch33",
					"parent": "hair",
					"pivot": [-5, 33, 2],
					"cubes": [
						{
							"origin": [-12.90571, 25.84202, 1],
							"size": [3, 5, 2],
							"inflate": 0.01,
							"pivot": [-4.90571, 21.84202, 0],
							"rotation": [0, 0, 42.5],
							"uv": {
								"north": {"uv": [0, 0], "uv_size": [1, 1]},
								"east": {"uv": [0, 0], "uv_size": [1, 1]},
								"south": {"uv": [0, 0], "uv_size": [1, 1]},
								"west": {"uv": [0, 0], "uv_size": [1, 1]},
								"up": {"uv": [1, 1], "uv_size": [-1, -1]},
								"down": {"uv": [1, 1], "uv_size": [-1, -1]}
							}
						}
					]
				},
				{
					"name": "bunch48",
					"parent": "hair",
					"pivot": [5, 33, 2],
					"cubes": [
						{
							"origin": [9.90571, 25.84202, 1],
							"size": [3, 5, 2],
							"inflate": 0.01,
							"pivot": [4.90571, 21.84202, 0],
							"rotation": [0, 0, -42.5],
							"uv": {
								"north": {"uv": [1, 0], "uv_size": [-1, 1]},
								"east": {"uv": [1, 0], "uv_size": [-1, 1]},
								"south": {"uv": [1, 0], "uv_size": [-1, 1]},
								"west": {"uv": [1, 0], "uv_size": [-1, 1]},
								"up": {"uv": [0, 1], "uv_size": [1, -1]},
								"down": {"uv": [0, 1], "uv_size": [1, -1]}
							}
						}
					]
				},
				{
					"name": "bunch31",
					"parent": "hair",
					"pivot": [5, 33, 2],
					"cubes": [
						{
							"origin": [7.90571, 27.84202, 1],
							"size": [3, 5, 2],
							"inflate": 0.01,
							"pivot": [4.90571, 21.84202, 0],
							"rotation": [0, 0, -30],
							"uv": {
								"north": {"uv": [1, 0], "uv_size": [-1, 1]},
								"east": {"uv": [1, 0], "uv_size": [-1, 1]},
								"south": {"uv": [1, 0], "uv_size": [-1, 1]},
								"west": {"uv": [1, 0], "uv_size": [-1, 1]},
								"up": {"uv": [0, 1], "uv_size": [1, -1]},
								"down": {"uv": [0, 1], "uv_size": [1, -1]}
							}
						}
					]
				},
				{
					"name": "bunch34",
					"parent": "hair",
					"pivot": [-7, 34, 2]
				},
				{
					"name": "bunch36",
					"parent": "hair",
					"pivot": [4, 36, 5]
				},
				{
					"name": "bunch35",
					"parent": "hair",
					"pivot": [-4, 36, 5]
				},
				{
					"name": "bunch47",
					"parent": "hair",
					"pivot": [4, 36, 5]
				},
				{
					"name": "bunch37",
					"parent": "hair",
					"pivot": [5, 32, 0],
					"cubes": [
						{
							"origin": [1.21442, 30.13498, -3],
							"size": [2, 5, 3],
							"pivot": [9.21442, 25.13498, 0],
							"rotation": [-17.35932, 2.24944, 14.65656],
							"uv": {
								"north": {"uv": [0, 0], "uv_size": [1, 1]},
								"east": {"uv": [0, 0], "uv_size": [1, 1]},
								"south": {"uv": [0, 0], "uv_size": [1, 1]},
								"west": {"uv": [0, 0], "uv_size": [1, 1]},
								"up": {"uv": [1, 1], "uv_size": [-1, -1]},
								"down": {"uv": [1, 1], "uv_size": [-1, -1]}
							}
						}
					]
				},
				{
					"name": "bunch38",
					"parent": "hair",
					"pivot": [-5, 33, 1],
					"cubes": [
						{
							"origin": [-4.63111, 31.86006, -4],
							"size": [2, 2, 3],
							"pivot": [-10.00901, 24.86006, 0],
							"rotation": [-24.95392, -1.08089, -12.38206],
							"uv": {
								"north": {"uv": [1, 0], "uv_size": [-1, 1]},
								"east": {"uv": [1, 0], "uv_size": [-1, 1]},
								"south": {"uv": [1, 0], "uv_size": [-1, 1]},
								"west": {"uv": [1, 0], "uv_size": [-1, 1]},
								"up": {"uv": [0, 1], "uv_size": [1, -1]},
								"down": {"uv": [0, 1], "uv_size": [1, -1]}
							}
						}
					]
				},
				{
					"name": "bunch39",
					"parent": "hair",
					"pivot": [2, 34, 0],
					"cubes": [
						{
							"origin": [-7.4282, 29.66987, -1],
							"size": [3, 5, 3],
							"pivot": [2.5718, 23.66987, 0],
							"rotation": [0, 0, 50],
							"uv": {
								"north": {"uv": [0, 0], "uv_size": [1, 1]},
								"east": {"uv": [0, 0], "uv_size": [1, 1]},
								"south": {"uv": [0, 0], "uv_size": [1, 1]},
								"west": {"uv": [0, 0], "uv_size": [1, 1]},
								"up": {"uv": [1, 1], "uv_size": [-1, -1]},
								"down": {"uv": [1, 1], "uv_size": [-1, -1]}
							}
						}
					]
				},
				{
					"name": "bunch40",
					"parent": "hair",
					"pivot": [-3, 35, 0]
				},
				{
					"name": "bunch41",
					"parent": "hair",
					"pivot": [0, 24, 0],
					"cubes": [
						{
							"origin": [-5.84177, 21.8, 6.6],
							"size": [3, 4, 4],
							"inflate": 0.1,
							"pivot": [2.15823, 23.49972, 0],
							"rotation": [77.50675, 15.74419, 43.26588],
							"uv": {
								"north": {"uv": [0, 0], "uv_size": [1, 1]},
								"east": {"uv": [0, 0], "uv_size": [1, 1]},
								"south": {"uv": [0, 0], "uv_size": [1, 1]},
								"west": {"uv": [0, 0], "uv_size": [1, 1]},
								"up": {"uv": [1, 1], "uv_size": [-1, -1]},
								"down": {"uv": [1, 1], "uv_size": [-1, -1]}
							}
						}
					]
				},
				{
					"name": "bunch9",
					"parent": "hair",
					"pivot": [0, 24, 0]
				},
				{
					"name": "bunch13",
					"parent": "hair",
					"pivot": [4, 33, 0]
				}
			]
		}
	]
}