{
	"format_version": "1.12.0",
	"minecraft:geometry": [
		{
			"description": {
				"identifier": "geometry.broly_dbs_super_saiyan_4_hair",
				"texture_width": 32,
				"texture_height": 16,
				"visible_bounds_width": 3,
				"visible_bounds_height": 5.5,
				"visible_bounds_offset": [0, 1.25, 0]
			},
			"bones": [
				{
					"name": "root",
					"pivot": [0, 0, 0]
				},
				{
					"name": "waist",
					"parent": "root",
					"pivot": [0, 12, 0]
				},
				{
					"name": "body",
					"parent": "waist",
					"pivot": [0, 24, 0]
				},
				{
					"name": "head",
					"parent": "body",
					"pivot": [0, 24, 0],
					"cubes": [
						{
							"origin": [-4, 24, -4],
							"size": [8, 8, 8],
							"inflate": 0.05,
							"uv": {
								"north": {"uv": [8, 8], "uv_size": [8, 8]},
								"east": {"uv": [0, 8], "uv_size": [8, 8]},
								"south": {"uv": [16, 0], "uv_size": [8, 8]},
								"west": {"uv": [16, 8], "uv_size": [8, 8]},
								"up": {"uv": [16, 8], "uv_size": [-8, -8]}
							}
						}
					]
				},
				{
					"name": "hair",
					"parent": "head",
					"pivot": [0, 24, 0],
					"cubes": [
						{
							"origin": [-4, 32, -4],
							"size": [8, 2, 2],
							"pivot": [-3, 32, -3],
							"rotation": [32.5, 0, 0],
							"uv": {
								"north": {"uv": [0, 0], "uv_size": [1, 1]},
								"east": {"uv": [0, 0], "uv_size": [1, 1]},
								"south": {"uv": [0, 0], "uv_size": [1, 1]},
								"west": {"uv": [0, 0], "uv_size": [1, 1]},
								"up": {"uv": [1, 1], "uv_size": [-1, -1]},
								"down": {"uv": [1, 1], "uv_size": [-1, -1]}
							}
						},
						{
							"origin": [2, 12, 3],
							"size": [2, 4, 2],
							"pivot": [0, 24, 0],
							"rotation": [26.3862, 37.8179, -103.7292],
							"uv": {
								"north": {"uv": [0, 0], "uv_size": [1, 1]},
								"east": {"uv": [0, 0], "uv_size": [1, 1]},
								"south": {"uv": [0, 0], "uv_size": [1, 1]},
								"west": {"uv": [0, 0], "uv_size": [1, 1]},
								"up": {"uv": [1, 1], "uv_size": [-1, -1]},
								"down": {"uv": [1, 1], "uv_size": [-1, -1]}
							}
						},
						{
							"origin": [9, 25, -1],
							"size": [2, 5, 6],
							"pivot": [0, 0, 0],
							"rotation": [0, 0, -12.5],
							"uv": {
								"north": {"uv": [0, 0], "uv_size": [1, 1]},
								"east": {"uv": [0, 0], "uv_size": [1, 1]},
								"south": {"uv": [0, 0], "uv_size": [1, 1]},
								"west": {"uv": [0, 0], "uv_size": [1, 1]},
								"up": {"uv": [1, 1], "uv_size": [-1, -1]},
								"down": {"uv": [1, 1], "uv_size": [-1, -1]}
							}
						},
						{
							"origin": [-11, 25, -1],
							"size": [2, 5, 6],
							"pivot": [0, 0, 0],
							"rotation": [0, 0, 12.5],
							"uv": {
								"north": {"uv": [1, 0], "uv_size": [-1, 1]},
								"east": {"uv": [1, 0], "uv_size": [-1, 1]},
								"south": {"uv": [1, 0], "uv_size": [-1, 1]},
								"west": {"uv": [1, 0], "uv_size": [-1, 1]},
								"up": {"uv": [0, 1], "uv_size": [1, -1]},
								"down": {"uv": [0, 1], "uv_size": [1, -1]}
							}
						},
						{
							"origin": [-4.4282, 31.66987, -2],
							"size": [9, 2, 6],
							"inflate": 0.1,
							"uv": {
								"north": {"uv": [0, 0], "uv_size": [1, 1]},
								"east": {"uv": [0, 0], "uv_size": [1, 1]},
								"south": {"uv": [0, 0], "uv_size": [1, 1]},
								"west": {"uv": [0, 0], "uv_size": [1, 1]},
								"up": {"uv": [1, 1], "uv_size": [-1, -1]},
								"down": {"uv": [1, 1], "uv_size": [-1, -1]}
							}
						},
						{
							"origin": [-6.09313, 36.71159, -5],
							"size": [2, 5, 2],
							"inflate": 0.1,
							"pivot": [-8.09313, 24.71159, -1],
							"rotation": [-17.5, 0, 12.5],
							"uv": {
								"north": {"uv": [0, 0], "uv_size": [1, 1]},
								"east": {"uv": [0, 0], "uv_size": [1, 1]},
								"south": {"uv": [0, 0], "uv_size": [1, 1]},
								"west": {"uv": [0, 0], "uv_size": [1, 1]},
								"up": {"uv": [1, 1], "uv_size": [-1, -1]},
								"down": {"uv": [1, 1], "uv_size": [-1, -1]}
							}
						},
						{
							"origin": [-2.4282, 32.66987, 1],
							"size": [3, 5, 3],
							"pivot": [2.5718, 23.66987, 0],
							"rotation": [-10.0845, -7.3854, -16.1904],
							"uv": {
								"north": {"uv": [0, 0], "uv_size": [1, 1]},
								"east": {"uv": [0, 0], "uv_size": [1, 1]},
								"south": {"uv": [0, 0], "uv_size": [1, 1]},
								"west": {"uv": [0, 0], "uv_size": [1, 1]},
								"up": {"uv": [1, 1], "uv_size": [-1, -1]},
								"down": {"uv": [1, 1], "uv_size": [-1, -1]}
							}
						},
						{
							"origin": [2.5718, 32.66987, -1],
							"size": [3, 5, 3],
							"pivot": [2.5718, 23.66987, 0],
							"rotation": [0, 0, -7.5],
							"uv": {
								"north": {"uv": [0, 0], "uv_size": [1, 1]},
								"east": {"uv": [0, 0], "uv_size": [1, 1]},
								"south": {"uv": [0, 0], "uv_size": [1, 1]},
								"west": {"uv": [0, 0], "uv_size": [1, 1]},
								"up": {"uv": [1, 1], "uv_size": [-1, -1]},
								"down": {"uv": [1, 1], "uv_size": [-1, -1]}
							}
						},
						{
							"origin": [-6.1, 31.66987, -1.5],
							"size": [3, 5, 3],
							"pivot": [2.5718, 23.66987, 0],
							"rotation": [0, 0, 10],
							"uv": {
								"north": {"uv": [0, 0], "uv_size": [1, 1]},
								"east": {"uv": [0, 0], "uv_size": [1, 1]},
								"south": {"uv": [0, 0], "uv_size": [1, 1]},
								"west": {"uv": [0, 0], "uv_size": [1, 1]},
								"up": {"uv": [1, 1], "uv_size": [-1, -1]},
								"down": {"uv": [1, 1], "uv_size": [-1, -1]}
							}
						},
						{
							"origin": [1.4282, 29.66987, 0],
							"size": [3, 4, 3],
							"inflate": 0.1,
							"pivot": [-2.5718, 23.66987, 0],
							"rotation": [0, 0, -40],
							"uv": {
								"north": {"uv": [1, 0], "uv_size": [-1, 1]},
								"east": {"uv": [1, 0], "uv_size": [-1, 1]},
								"south": {"uv": [1, 0], "uv_size": [-1, 1]},
								"west": {"uv": [1, 0], "uv_size": [-1, 1]},
								"up": {"uv": [0, 1], "uv_size": [1, -1]},
								"down": {"uv": [0, 1], "uv_size": [1, -1]}
							}
						},
						{
							"origin": [-5.4282, 30.66987, -2],
							"size": [3, 4, 3],
							"inflate": 0.1,
							"pivot": [2.5718, 23.66987, 0],
							"rotation": [0, 0, 40],
							"uv": {
								"north": {"uv": [0, 0], "uv_size": [1, 1]},
								"east": {"uv": [0, 0], "uv_size": [1, 1]},
								"south": {"uv": [0, 0], "uv_size": [1, 1]},
								"west": {"uv": [0, 0], "uv_size": [1, 1]},
								"up": {"uv": [1, 1], "uv_size": [-1, -1]},
								"down": {"uv": [1, 1], "uv_size": [-1, -1]}
							}
						},
						{
							"origin": [1.5718, 33.66987, -2],
							"size": [3, 4, 3],
							"inflate": 0.1,
							"pivot": [2.5718, 23.66987, 0],
							"rotation": [0, 0, -30],
							"uv": {
								"north": {"uv": [0, 0], "uv_size": [1, 1]},
								"east": {"uv": [0, 0], "uv_size": [1, 1]},
								"south": {"uv": [0, 0], "uv_size": [1, 1]},
								"west": {"uv": [0, 0], "uv_size": [1, 1]},
								"up": {"uv": [1, 1], "uv_size": [-1, -1]},
								"down": {"uv": [1, 1], "uv_size": [-1, -1]}
							}
						},
						{
							"origin": [-5.93782, 33.5718, 5],
							"size": [2, 4, 2],
							"inflate": 0.01,
							"pivot": [-4.93782, 21.5718, 0],
							"rotation": [7.5, 0, 30],
							"uv": {
								"north": {"uv": [0, 0], "uv_size": [1, 1]},
								"east": {"uv": [0, 0], "uv_size": [1, 1]},
								"south": {"uv": [0, 0], "uv_size": [1, 1]},
								"west": {"uv": [0, 0], "uv_size": [1, 1]},
								"up": {"uv": [1, 1], "uv_size": [-1, -1]},
								"down": {"uv": [1, 1], "uv_size": [-1, -1]}
							}
						}
					]
				},
				{
					"name": "bunch",
					"parent": "hair",
					"pivot": [-1, 32, 0],
					"cubes": [
						{
							"origin": [-2.57294, 34.19494, -8.3],
							"size": [2, 2, 2],
							"pivot": [-5.10966, 35.67866, -2.83676],
							"rotation": [41.79389, 6.95327, 4.88804],
							"uv": {
								"north": {"uv": [0, 0], "uv_size": [1, 1]},
								"east": {"uv": [0, 0], "uv_size": [1, 1]},
								"south": {"uv": [0, 0], "uv_size": [1, 1]},
								"west": {"uv": [0, 0], "uv_size": [1, 1]},
								"up": {"uv": [1, 1], "uv_size": [-1, -1]},
								"down": {"uv": [1, 1], "uv_size": [-1, -1]}
							}
						},
						{
							"origin": [-2.47294, 33.0221, -5.9],
							"size": [2, 2, 3],
							"pivot": [-2.52595, 33.0221, -2.56764],
							"rotation": [21.3029, 10.5479, 14.044],
							"uv": {
								"north": {"uv": [0, 0], "uv_size": [1, 1]},
								"east": {"uv": [0, 0], "uv_size": [1, 1]},
								"south": {"uv": [0, 0], "uv_size": [1, 1]},
								"west": {"uv": [0, 0], "uv_size": [1, 1]},
								"up": {"uv": [1, 1], "uv_size": [-1, -1]},
								"down": {"uv": [1, 1], "uv_size": [-1, -1]}
							}
						}
					]
				},
				{
					"name": "bunch2",
					"parent": "hair",
					"pivot": [1, 32, 0],
					"cubes": [
						{
							"origin": [0.45335, 31.00954, -9],
							"size": [2, 2, 3],
							"pivot": [0.74238, 32.19324, -6.85316],
							"rotation": [65.96197, -9.98275, -11.65721],
							"uv": {
								"north": {"uv": [0, 0], "uv_size": [1, 1]},
								"east": {"uv": [0, 0], "uv_size": [1, 1]},
								"south": {"uv": [0, 0], "uv_size": [1, 1]},
								"west": {"uv": [0, 0], "uv_size": [1, 1]},
								"up": {"uv": [1, 1], "uv_size": [-1, -1]},
								"down": {"uv": [1, 1], "uv_size": [-1, -1]}
							}
						},
						{
							"origin": [-1.54263, 33.73397, -7.40817],
							"size": [2, 2, 5],
							"pivot": [-2.54263, 32.73397, -1.40817],
							"rotation": [35.75978, -16.32556, -22.44031],
							"uv": {
								"north": {"uv": [0, 0], "uv_size": [1, 1]},
								"east": {"uv": [0, 0], "uv_size": [1, 1]},
								"south": {"uv": [0, 0], "uv_size": [1, 1]},
								"west": {"uv": [0, 0], "uv_size": [1, 1]},
								"up": {"uv": [1, 1], "uv_size": [-1, -1]},
								"down": {"uv": [1, 1], "uv_size": [-1, -1]}
							}
						}
					]
				},
				{
					"name": "bunch3",
					"parent": "hair",
					"pivot": [-4, 32, 0],
					"cubes": [
						{
							"origin": [-3.62736, 33.09045, -6.56764],
							"size": [2, 2, 3],
							"pivot": [-2.62736, 33.09045, -2.56764],
							"rotation": [39.55274, 23.03563, 33.65184],
							"uv": {
								"north": {"uv": [0, 0], "uv_size": [1, 1]},
								"east": {"uv": [0, 0], "uv_size": [1, 1]},
								"south": {"uv": [0, 0], "uv_size": [1, 1]},
								"west": {"uv": [0, 0], "uv_size": [1, 1]},
								"up": {"uv": [1, 1], "uv_size": [-1, -1]},
								"down": {"uv": [1, 1], "uv_size": [-1, -1]}
							}
						},
						{
							"origin": [-4.47435, 33.86329, -6.4],
							"size": [2, 2, 2],
							"pivot": [-4.21107, 32.74701, -2.83676],
							"rotation": [62.41904, 19.84776, 28.48055],
							"uv": {
								"north": {"uv": [0, 0], "uv_size": [1, 1]},
								"east": {"uv": [0, 0], "uv_size": [1, 1]},
								"south": {"uv": [0, 0], "uv_size": [1, 1]},
								"west": {"uv": [0, 0], "uv_size": [1, 1]},
								"up": {"uv": [1, 1], "uv_size": [-1, -1]},
								"down": {"uv": [1, 1], "uv_size": [-1, -1]}
							}
						}
					]
				},
				{
					"name": "bunch4",
					"parent": "hair",
					"pivot": [3, 32, 0],
					"cubes": [
						{
							"origin": [2.27946, 31.45734, -5.62748],
							"size": [2, 2, 3],
							"pivot": [3.27946, 31.45734, -3.62748],
							"rotation": [45.5589, -21.0882, -27.102],
							"uv": {
								"north": {"uv": [0, 0], "uv_size": [1, 1]},
								"east": {"uv": [0, 0], "uv_size": [1, 1]},
								"south": {"uv": [0, 0], "uv_size": [1, 1]},
								"west": {"uv": [0, 0], "uv_size": [1, 1]},
								"up": {"uv": [1, 1], "uv_size": [-1, -1]},
								"down": {"uv": [1, 1], "uv_size": [-1, -1]}
							}
						},
						{
							"origin": [2.55433, 32.14433, -7.6454],
							"size": [2, 2, 2],
							"pivot": [3.55433, 33.14433, -3.6454],
							"rotation": [51.77096, -5.13836, -10.65576],
							"uv": {
								"north": {"uv": [0, 0], "uv_size": [1, 1]},
								"east": {"uv": [0, 0], "uv_size": [1, 1]},
								"south": {"uv": [0, 0], "uv_size": [1, 1]},
								"west": {"uv": [0, 0], "uv_size": [1, 1]},
								"up": {"uv": [1, 1], "uv_size": [-1, -1]},
								"down": {"uv": [1, 1], "uv_size": [-1, -1]}
							}
						}
					]
				},
				{
					"name": "bunch5",
					"parent": "hair",
					"pivot": [3, 32, 0],
					"cubes": [
						{
							"origin": [1.859, 33.13352, -7.6454],
							"size": [2, 2, 2],
							"pivot": [3.35666, 33.13352, -3.6454],
							"rotation": [17.33303, -36.4802, -16.96718],
							"uv": {
								"north": {"uv": [0, 0], "uv_size": [1, 1]},
								"east": {"uv": [0, 0], "uv_size": [1, 1]},
								"south": {"uv": [0, 0], "uv_size": [1, 1]},
								"west": {"uv": [0, 0], "uv_size": [1, 1]},
								"up": {"uv": [1, 1], "uv_size": [-1, -1]},
								"down": {"uv": [1, 1], "uv_size": [-1, -1]}
							}
						},
						{
							"origin": [2.08179, 31.44653, -7.62748],
							"size": [2, 2, 5],
							"pivot": [3.08179, 31.44653, -3.62748],
							"rotation": [-15.14175, -34.8576, -20.3337],
							"uv": {
								"north": {"uv": [0, 0], "uv_size": [1, 1]},
								"east": {"uv": [0, 0], "uv_size": [1, 1]},
								"south": {"uv": [0, 0], "uv_size": [1, 1]},
								"west": {"uv": [0, 0], "uv_size": [1, 1]},
								"up": {"uv": [1, 1], "uv_size": [-1, -1]},
								"down": {"uv": [1, 1], "uv_size": [-1, -1]}
							}
						}
					]
				},
				{
					"name": "bunch6",
					"parent": "hair",
					"pivot": [-2, 33, -3],
					"cubes": [
						{
							"origin": [3.61367, 31.63162, -10.3],
							"size": [3, 3, 3],
							"pivot": [11.61367, 22.63162, 13.64501],
							"rotation": [-23.08717, -5.73028, -38.55341],
							"uv": {
								"north": {"uv": [0, 0], "uv_size": [1, 1]},
								"east": {"uv": [0, 0], "uv_size": [1, 1]},
								"south": {"uv": [0, 0], "uv_size": [1, 1]},
								"west": {"uv": [0, 0], "uv_size": [1, 1]},
								"up": {"uv": [1, 1], "uv_size": [-1, -1]},
								"down": {"uv": [1, 1], "uv_size": [-1, -1]}
							}
						},
						{
							"origin": [1.61367, 28.63162, -11.35499],
							"size": [2, 3, 2],
							"pivot": [11.61367, 22.63162, 13.64501],
							"rotation": [-35.44009, -8.27194, -33.04164],
							"uv": {
								"north": {"uv": [0, 0], "uv_size": [1, 1]},
								"east": {"uv": [0, 0], "uv_size": [1, 1]},
								"south": {"uv": [0, 0], "uv_size": [1, 1]},
								"west": {"uv": [0, 0], "uv_size": [1, 1]},
								"up": {"uv": [1, 1], "uv_size": [-1, -1]},
								"down": {"uv": [1, 1], "uv_size": [-1, -1]}
							}
						}
					]
				},
				{
					"name": "bunch7",
					"parent": "hair",
					"pivot": [-3, 31, -4]
				},
				{
					"name": "bunch8",
					"parent": "hair",
					"pivot": [-2, 33, 0],
					"cubes": [
						{
							"origin": [-0.25219, 30.67967, -7],
							"size": [4, 5, 5],
							"inflate": 0.1,
							"pivot": [-2.25219, 23.67967, 0],
							"rotation": [-18.06725, 13.99544, -13.21918],
							"uv": {
								"north": {"uv": [1, 0], "uv_size": [-1, 1]},
								"east": {"uv": [1, 0], "uv_size": [-1, 1]},
								"south": {"uv": [1, 0], "uv_size": [-1, 1]},
								"west": {"uv": [1, 0], "uv_size": [-1, 1]},
								"up": {"uv": [0, 1], "uv_size": [1, -1]},
								"down": {"uv": [0, 1], "uv_size": [1, -1]}
							}
						},
						{
							"origin": [-2.36617, 31.9098, -5.8],
							"size": [3, 4, 4],
							"pivot": [-6.36617, 28.65937, 5.53467],
							"rotation": [-26.18299, 6.59889, -3.3857],
							"uv": {
								"north": {"uv": [1, 0], "uv_size": [-1, 1]},
								"east": {"uv": [1, 0], "uv_size": [-1, 1]},
								"south": {"uv": [1, 0], "uv_size": [-1, 1]},
								"west": {"uv": [1, 0], "uv_size": [-1, 1]},
								"up": {"uv": [0, 1], "uv_size": [1, -1]},
								"down": {"uv": [0, 1], "uv_size": [1, -1]}
							}
						}
					]
				},
				{
					"name": "bunch9",
					"parent": "hair",
					"pivot": [1, 33, 0],
					"cubes": [
						{
							"origin": [-5.13893, 30.68569, -7.35499],
							"size": [4, 6, 4],
							"pivot": [-11.68996, 22.68569, 13.64501],
							"rotation": [-17.69034, 5.83832, 22.00933],
							"uv": {
								"north": {"uv": [1, 0], "uv_size": [-1, 1]},
								"east": {"uv": [1, 0], "uv_size": [-1, 1]},
								"south": {"uv": [1, 0], "uv_size": [-1, 1]},
								"west": {"uv": [1, 0], "uv_size": [-1, 1]},
								"up": {"uv": [0, 1], "uv_size": [1, -1]},
								"down": {"uv": [0, 1], "uv_size": [1, -1]}
							}
						},
						{
							"origin": [-2.68996, 28.68569, -8.6],
							"size": [3, 5, 3],
							"pivot": [-11.68996, 22.68569, 13.64501],
							"rotation": [-29.78238, 2.58412, 13.77214],
							"uv": {
								"north": {"uv": [1, 0], "uv_size": [-1, 1]},
								"east": {"uv": [1, 0], "uv_size": [-1, 1]},
								"south": {"uv": [1, 0], "uv_size": [-1, 1]},
								"west": {"uv": [1, 0], "uv_size": [-1, 1]},
								"up": {"uv": [0, 1], "uv_size": [1, -1]},
								"down": {"uv": [0, 1], "uv_size": [1, -1]}
							}
						}
					]
				},
				{
					"name": "bunch10",
					"parent": "hair",
					"pivot": [3, 31, 0],
					"cubes": [
						{
							"origin": [-6.58915, 30.45494, -10.3],
							"size": [3, 4, 3],
							"pivot": [-11.58915, 22.45494, 13.64501],
							"rotation": [-23.08717, 5.73028, 38.55341],
							"uv": {
								"north": {"uv": [1, 0], "uv_size": [-1, 1]},
								"east": {"uv": [1, 0], "uv_size": [-1, 1]},
								"south": {"uv": [1, 0], "uv_size": [-1, 1]},
								"west": {"uv": [1, 0], "uv_size": [-1, 1]},
								"up": {"uv": [0, 1], "uv_size": [1, -1]},
								"down": {"uv": [0, 1], "uv_size": [1, -1]}
							}
						},
						{
							"origin": [-3.58915, 28.45494, -11.35499],
							"size": [2, 3, 2],
							"pivot": [-11.58915, 22.45494, 13.64501],
							"rotation": [-35.44009, 8.27194, 33.04164],
							"uv": {
								"north": {"uv": [1, 0], "uv_size": [-1, 1]},
								"east": {"uv": [1, 0], "uv_size": [-1, 1]},
								"south": {"uv": [1, 0], "uv_size": [-1, 1]},
								"west": {"uv": [1, 0], "uv_size": [-1, 1]},
								"up": {"uv": [0, 1], "uv_size": [1, -1]},
								"down": {"uv": [0, 1], "uv_size": [1, -1]}
							}
						}
					]
				},
				{
					"name": "bunch11",
					"parent": "hair",
					"pivot": [4, 31, -2],
					"cubes": [
						{
							"origin": [7.22803, 28.27897, -3],
							"size": [3, 3, 3],
							"inflate": 0.1,
							"pivot": [2.22803, 23.27897, 1],
							"rotation": [0, 0, -30],
							"uv": {
								"north": {"uv": [0, 0], "uv_size": [1, 1]},
								"east": {"uv": [0, 0], "uv_size": [1, 1]},
								"south": {"uv": [0, 0], "uv_size": [1, 1]},
								"west": {"uv": [0, 0], "uv_size": [1, 1]},
								"up": {"uv": [1, 1], "uv_size": [-1, -1]},
								"down": {"uv": [1, 1], "uv_size": [-1, -1]}
							}
						},
						{
							"origin": [-9.84377, 39.19104, -5.35499],
							"size": [2, 3, 2],
							"pivot": [-11.4948, 22.19104, 14.64501],
							"rotation": [-4.70214, -13.66279, 38.95373],
							"uv": {
								"north": {"uv": [1, 0], "uv_size": [-1, 1]},
								"east": {"uv": [1, 0], "uv_size": [-1, 1]},
								"south": {"uv": [1, 0], "uv_size": [-1, 1]},
								"west": {"uv": [1, 0], "uv_size": [-1, 1]},
								"up": {"uv": [0, 1], "uv_size": [1, -1]},
								"down": {"uv": [0, 1], "uv_size": [1, -1]}
							}
						}
					]
				},
				{
					"name": "bunch45",
					"parent": "hair",
					"pivot": [-4, 31, -2],
					"cubes": [
						{
							"origin": [-10.22803, 28.27897, -3],
							"size": [3, 3, 3],
							"inflate": 0.1,
							"pivot": [-2.22803, 23.27897, 1],
							"rotation": [0, 0, 30],
							"uv": {
								"north": {"uv": [1, 0], "uv_size": [-1, 1]},
								"east": {"uv": [1, 0], "uv_size": [-1, 1]},
								"south": {"uv": [1, 0], "uv_size": [-1, 1]},
								"west": {"uv": [1, 0], "uv_size": [-1, 1]},
								"up": {"uv": [0, 1], "uv_size": [1, -1]},
								"down": {"uv": [0, 1], "uv_size": [1, -1]}
							}
						},
						{
							"origin": [7.84377, 39.19104, -5.35499],
							"size": [2, 3, 2],
							"pivot": [11.4948, 22.19104, 14.64501],
							"rotation": [-4.70214, 13.66279, -38.95373],
							"uv": {
								"north": {"uv": [0, 0], "uv_size": [1, 1]},
								"east": {"uv": [0, 0], "uv_size": [1, 1]},
								"south": {"uv": [0, 0], "uv_size": [1, 1]},
								"west": {"uv": [0, 0], "uv_size": [1, 1]},
								"up": {"uv": [1, 1], "uv_size": [-1, -1]},
								"down": {"uv": [1, 1], "uv_size": [-1, -1]}
							}
						}
					]
				},
				{
					"name": "bunch12",
					"parent": "hair",
					"pivot": [-4, 33, 0],
					"cubes": [
						{
							"origin": [4.582, 33.70226, -2],
							"size": [3, 3, 3],
							"inflate": 0.1,
							"pivot": [2.582, 23.70226, 0],
							"rotation": [0, 0, -57.5],
							"uv": {
								"north": {"uv": [0, 0], "uv_size": [1, 1]},
								"east": {"uv": [0, 0], "uv_size": [1, 1]},
								"south": {"uv": [0, 0], "uv_size": [1, 1]},
								"west": {"uv": [0, 0], "uv_size": [1, 1]},
								"up": {"uv": [1, 1], "uv_size": [-1, -1]},
								"down": {"uv": [1, 1], "uv_size": [-1, -1]}
							}
						}
					]
				},
				{
					"name": "bunch13",
					"parent": "hair",
					"pivot": [0, 34, 0],
					"cubes": [
						{
							"origin": [-5.28758, 31.69837, 0],
							"size": [5, 7, 4],
							"inflate": 0.1,
							"pivot": [-3.28758, 23.69837, 0],
							"rotation": [3.42049, -2.75384, 13.21818],
							"uv": {
								"north": {"uv": [1, 0], "uv_size": [-1, 1]},
								"east": {"uv": [1, 0], "uv_size": [-1, 1]},
								"south": {"uv": [1, 0], "uv_size": [-1, 1]},
								"west": {"uv": [1, 0], "uv_size": [-1, 1]},
								"up": {"uv": [0, 1], "uv_size": [1, -1]},
								"down": {"uv": [0, 1], "uv_size": [1, -1]}
							}
						},
						{
							"origin": [-2.40156, 33.9285, -5],
							"size": [4, 6, 3],
							"pivot": [-7.40156, 28.67807, 5.53467],
							"rotation": [-31.21854, 1.97261, 7.10106],
							"uv": {
								"north": {"uv": [1, 0], "uv_size": [-1, 1]},
								"east": {"uv": [1, 0], "uv_size": [-1, 1]},
								"south": {"uv": [1, 0], "uv_size": [-1, 1]},
								"west": {"uv": [1, 0], "uv_size": [-1, 1]},
								"up": {"uv": [0, 1], "uv_size": [1, -1]},
								"down": {"uv": [0, 1], "uv_size": [1, -1]}
							}
						}
					]
				},
				{
					"name": "bunch14",
					"parent": "hair",
					"pivot": [3, 34, 2]
				},
				{
					"name": "bunch15",
					"parent": "hair",
					"pivot": [4, 30, 0]
				},
				{
					"name": "bunch16",
					"parent": "hair",
					"pivot": [0, 33, 5],
					"cubes": [
						{
							"origin": [-1.2, 31.74722, -4],
							"size": [4, 6, 4],
							"inflate": 0.1,
							"pivot": [-2.763, 23.74722, 0],
							"rotation": [-28.48415, -1.77553, -1.76183],
							"uv": {
								"north": {"uv": [1, 0], "uv_size": [-1, 1]},
								"east": {"uv": [1, 0], "uv_size": [-1, 1]},
								"south": {"uv": [1, 0], "uv_size": [-1, 1]},
								"west": {"uv": [1, 0], "uv_size": [-1, 1]},
								"up": {"uv": [0, 1], "uv_size": [1, -1]},
								"down": {"uv": [0, 1], "uv_size": [1, -1]}
							}
						},
						{
							"origin": [-1.3, 33.97735, -2],
							"size": [3.5, 3, 4],
							"pivot": [-6.87698, 28.72692, 5.53467],
							"rotation": [-31.12567, -3.21314, -1.45269],
							"uv": {
								"north": {"uv": [1, 0], "uv_size": [-1, 1]},
								"east": {"uv": [1, 0], "uv_size": [-1, 1]},
								"south": {"uv": [1, 0], "uv_size": [-1, 1]},
								"west": {"uv": [1, 0], "uv_size": [-1, 1]},
								"up": {"uv": [0, 1], "uv_size": [1, -1]},
								"down": {"uv": [0, 1], "uv_size": [1, -1]}
							}
						},
						{
							"origin": [-1, 37.17735, 2.3],
							"size": [2.8, 5, 3],
							"pivot": [-6.87698, 28.72692, 5.53467],
							"rotation": [-8.62567, -3.21314, -1.45269],
							"uv": {
								"north": {"uv": [1, 0], "uv_size": [-1, 1]},
								"east": {"uv": [1, 0], "uv_size": [-1, 1]},
								"south": {"uv": [1, 0], "uv_size": [-1, 1]},
								"west": {"uv": [1, 0], "uv_size": [-1, 1]},
								"up": {"uv": [0, 1], "uv_size": [1, -1]},
								"down": {"uv": [0, 1], "uv_size": [1, -1]}
							}
						}
					]
				},
				{
					"name": "bunch42",
					"parent": "hair",
					"pivot": [4, 28, 3],
					"rotation": [-13.76424, 30.96058, -35.37165],
					"cubes": [
						{
							"origin": [7, 20, 1],
							"size": [2, 4, 2],
							"pivot": [0, 21, 3],
							"rotation": [0, 0, -35],
							"uv": {
								"north": {"uv": [0, 0], "uv_size": [1, 1]},
								"east": {"uv": [0, 0], "uv_size": [1, 1]},
								"south": {"uv": [0, 0], "uv_size": [1, 1]},
								"west": {"uv": [0, 0], "uv_size": [1, 1]},
								"up": {"uv": [1, 1], "uv_size": [-1, -1]},
								"down": {"uv": [1, 1], "uv_size": [-1, -1]}
							}
						},
						{
							"origin": [5.7264, 21.34767, 1],
							"size": [2, 2, 2],
							"pivot": [-1.2736, 25.34767, 3],
							"rotation": [0, 0, -12.5],
							"uv": {
								"north": {"uv": [0, 0], "uv_size": [1, 1]},
								"east": {"uv": [0, 0], "uv_size": [1, 1]},
								"south": {"uv": [0, 0], "uv_size": [1, 1]},
								"west": {"uv": [0, 0], "uv_size": [1, 1]},
								"up": {"uv": [1, 1], "uv_size": [-1, -1]},
								"down": {"uv": [1, 1], "uv_size": [-1, -1]}
							}
						},
						{
							"origin": [7.94551, 23.29063, 1],
							"size": [2, 2, 2],
							"inflate": -0.01,
							"pivot": [1.94551, 30.29063, 3],
							"rotation": [0, 0, 15],
							"uv": {
								"north": {"uv": [0, 0], "uv_size": [1, 1]},
								"east": {"uv": [0, 0], "uv_size": [1, 1]},
								"south": {"uv": [0, 0], "uv_size": [1, 1]},
								"west": {"uv": [0, 0], "uv_size": [1, 1]},
								"up": {"uv": [1, 1], "uv_size": [-1, -1]},
								"down": {"uv": [1, 1], "uv_size": [-1, -1]}
							}
						}
					]
				},
				{
					"name": "bunch48",
					"parent": "hair",
					"pivot": [4, 26, 2],
					"rotation": [-39.00405, 47.32294, -50.17379],
					"cubes": [
						{
							"origin": [7, 18, 0],
							"size": [2, 4, 2],
							"pivot": [0, 19, 2],
							"rotation": [0, 0, -35],
							"uv": {
								"north": {"uv": [0, 0], "uv_size": [1, 1]},
								"east": {"uv": [0, 0], "uv_size": [1, 1]},
								"south": {"uv": [0, 0], "uv_size": [1, 1]},
								"west": {"uv": [0, 0], "uv_size": [1, 1]},
								"up": {"uv": [1, 1], "uv_size": [-1, -1]},
								"down": {"uv": [1, 1], "uv_size": [-1, -1]}
							}
						},
						{
							"origin": [5.7264, 19.34767, 0],
							"size": [2, 2, 2],
							"pivot": [-1.2736, 23.34767, 2],
							"rotation": [0, 0, -12.5],
							"uv": {
								"north": {"uv": [0, 0], "uv_size": [1, 1]},
								"east": {"uv": [0, 0], "uv_size": [1, 1]},
								"south": {"uv": [0, 0], "uv_size": [1, 1]},
								"west": {"uv": [0, 0], "uv_size": [1, 1]},
								"up": {"uv": [1, 1], "uv_size": [-1, -1]},
								"down": {"uv": [1, 1], "uv_size": [-1, -1]}
							}
						},
						{
							"origin": [7.94551, 21.29063, 0],
							"size": [2, 2, 2],
							"inflate": -0.01,
							"pivot": [1.94551, 28.29063, 2],
							"rotation": [0, 0, 15],
							"uv": {
								"north": {"uv": [0, 0], "uv_size": [1, 1]},
								"east": {"uv": [0, 0], "uv_size": [1, 1]},
								"south": {"uv": [0, 0], "uv_size": [1, 1]},
								"west": {"uv": [0, 0], "uv_size": [1, 1]},
								"up": {"uv": [1, 1], "uv_size": [-1, -1]},
								"down": {"uv": [1, 1], "uv_size": [-1, -1]}
							}
						}
					]
				},
				{
					"name": "bunch49",
					"parent": "hair",
					"pivot": [-4, 26, 2],
					"rotation": [-39.00405, -47.32294, 50.17379],
					"cubes": [
						{
							"origin": [-9, 18, 0],
							"size": [2, 4, 2],
							"pivot": [0, 19, 2],
							"rotation": [0, 0, 35],
							"uv": {
								"north": {"uv": [1, 0], "uv_size": [-1, 1]},
								"east": {"uv": [1, 0], "uv_size": [-1, 1]},
								"south": {"uv": [1, 0], "uv_size": [-1, 1]},
								"west": {"uv": [1, 0], "uv_size": [-1, 1]},
								"up": {"uv": [0, 1], "uv_size": [1, -1]},
								"down": {"uv": [0, 1], "uv_size": [1, -1]}
							}
						},
						{
							"origin": [-7.7264, 19.34767, 0],
							"size": [2, 2, 2],
							"pivot": [1.2736, 23.34767, 2],
							"rotation": [0, 0, 12.5],
							"uv": {
								"north": {"uv": [1, 0], "uv_size": [-1, 1]},
								"east": {"uv": [1, 0], "uv_size": [-1, 1]},
								"south": {"uv": [1, 0], "uv_size": [-1, 1]},
								"west": {"uv": [1, 0], "uv_size": [-1, 1]},
								"up": {"uv": [0, 1], "uv_size": [1, -1]},
								"down": {"uv": [0, 1], "uv_size": [1, -1]}
							}
						},
						{
							"origin": [-9.94551, 21.29063, 0],
							"size": [2, 2, 2],
							"inflate": -0.01,
							"pivot": [-1.94551, 28.29063, 2],
							"rotation": [0, 0, -15],
							"uv": {
								"north": {"uv": [1, 0], "uv_size": [-1, 1]},
								"east": {"uv": [1, 0], "uv_size": [-1, 1]},
								"south": {"uv": [1, 0], "uv_size": [-1, 1]},
								"west": {"uv": [1, 0], "uv_size": [-1, 1]},
								"up": {"uv": [0, 1], "uv_size": [1, -1]},
								"down": {"uv": [0, 1], "uv_size": [1, -1]}
							}
						}
					]
				},
				{
					"name": "bunch46",
					"parent": "hair",
					"pivot": [4, 27, 3],
					"rotation": [-49.50377, 27.35537, -63.03099],
					"cubes": [
						{
							"origin": [7, 19, 1],
							"size": [2, 4, 2],
							"pivot": [0, 20, 3],
							"rotation": [0, 0, -35],
							"uv": {
								"north": {"uv": [0, 0], "uv_size": [1, 1]},
								"east": {"uv": [0, 0], "uv_size": [1, 1]},
								"south": {"uv": [0, 0], "uv_size": [1, 1]},
								"west": {"uv": [0, 0], "uv_size": [1, 1]},
								"up": {"uv": [1, 1], "uv_size": [-1, -1]},
								"down": {"uv": [1, 1], "uv_size": [-1, -1]}
							}
						},
						{
							"origin": [5.7264, 20.34767, 1],
							"size": [2, 2, 2],
							"pivot": [-1.2736, 24.34767, 3],
							"rotation": [0, 0, -12.5],
							"uv": {
								"north": {"uv": [0, 0], "uv_size": [1, 1]},
								"east": {"uv": [0, 0], "uv_size": [1, 1]},
								"south": {"uv": [0, 0], "uv_size": [1, 1]},
								"west": {"uv": [0, 0], "uv_size": [1, 1]},
								"up": {"uv": [1, 1], "uv_size": [-1, -1]},
								"down": {"uv": [1, 1], "uv_size": [-1, -1]}
							}
						},
						{
							"origin": [7.94551, 22.29063, 1],
							"size": [2, 2, 2],
							"inflate": -0.01,
							"pivot": [1.94551, 29.29063, 3],
							"rotation": [0, 0, 15],
							"uv": {
								"north": {"uv": [0, 0], "uv_size": [1, 1]},
								"east": {"uv": [0, 0], "uv_size": [1, 1]},
								"south": {"uv": [0, 0], "uv_size": [1, 1]},
								"west": {"uv": [0, 0], "uv_size": [1, 1]},
								"up": {"uv": [1, 1], "uv_size": [-1, -1]},
								"down": {"uv": [1, 1], "uv_size": [-1, -1]}
							}
						}
					]
				},
				{
					"name": "bunch47",
					"parent": "hair",
					"pivot": [-4, 27, 3],
					"rotation": [-49.50377, -27.35537, 63.03099],
					"cubes": [
						{
							"origin": [-9, 19, 1],
							"size": [2, 4, 2],
							"pivot": [0, 20, 3],
							"rotation": [0, 0, 35],
							"uv": {
								"north": {"uv": [1, 0], "uv_size": [-1, 1]},
								"east": {"uv": [1, 0], "uv_size": [-1, 1]},
								"south": {"uv": [1, 0], "uv_size": [-1, 1]},
								"west": {"uv": [1, 0], "uv_size": [-1, 1]},
								"up": {"uv": [0, 1], "uv_size": [1, -1]},
								"down": {"uv": [0, 1], "uv_size": [1, -1]}
							}
						},
						{
							"origin": [-7.7264, 20.34767, 1],
							"size": [2, 2, 2],
							"pivot": [1.2736, 24.34767, 3],
							"rotation": [0, 0, 12.5],
							"uv": {
								"north": {"uv": [1, 0], "uv_size": [-1, 1]},
								"east": {"uv": [1, 0], "uv_size": [-1, 1]},
								"south": {"uv": [1, 0], "uv_size": [-1, 1]},
								"west": {"uv": [1, 0], "uv_size": [-1, 1]},
								"up": {"uv": [0, 1], "uv_size": [1, -1]},
								"down": {"uv": [0, 1], "uv_size": [1, -1]}
							}
						},
						{
							"origin": [-9.94551, 22.29063, 1],
							"size": [2, 2, 2],
							"inflate": -0.01,
							"pivot": [-1.94551, 29.29063, 3],
							"rotation": [0, 0, -15],
							"uv": {
								"north": {"uv": [1, 0], "uv_size": [-1, 1]},
								"east": {"uv": [1, 0], "uv_size": [-1, 1]},
								"south": {"uv": [1, 0], "uv_size": [-1, 1]},
								"west": {"uv": [1, 0], "uv_size": [-1, 1]},
								"up": {"uv": [0, 1], "uv_size": [1, -1]},
								"down": {"uv": [0, 1], "uv_size": [1, -1]}
							}
						}
					]
				},
				{
					"name": "bunch43",
					"parent": "hair",
					"pivot": [-4, 28, 3],
					"rotation": [-13.76424, -30.96058, 35.37165],
					"cubes": [
						{
							"origin": [-9, 20, 1],
							"size": [2, 4, 2],
							"pivot": [0, 21, 3],
							"rotation": [0, 0, 35],
							"uv": {
								"north": {"uv": [1, 0], "uv_size": [-1, 1]},
								"east": {"uv": [1, 0], "uv_size": [-1, 1]},
								"south": {"uv": [1, 0], "uv_size": [-1, 1]},
								"west": {"uv": [1, 0], "uv_size": [-1, 1]},
								"up": {"uv": [0, 1], "uv_size": [1, -1]},
								"down": {"uv": [0, 1], "uv_size": [1, -1]}
							}
						},
						{
							"origin": [-7.7264, 21.34767, 1],
							"size": [2, 2, 2],
							"pivot": [1.2736, 25.34767, 3],
							"rotation": [0, 0, 12.5],
							"uv": {
								"north": {"uv": [1, 0], "uv_size": [-1, 1]},
								"east": {"uv": [1, 0], "uv_size": [-1, 1]},
								"south": {"uv": [1, 0], "uv_size": [-1, 1]},
								"west": {"uv": [1, 0], "uv_size": [-1, 1]},
								"up": {"uv": [0, 1], "uv_size": [1, -1]},
								"down": {"uv": [0, 1], "uv_size": [1, -1]}
							}
						},
						{
							"origin": [-9.94551, 23.29063, 1],
							"size": [2, 2, 2],
							"inflate": -0.01,
							"pivot": [-1.94551, 30.29063, 3],
							"rotation": [0, 0, -15],
							"uv": {
								"north": {"uv": [1, 0], "uv_size": [-1, 1]},
								"east": {"uv": [1, 0], "uv_size": [-1, 1]},
								"south": {"uv": [1, 0], "uv_size": [-1, 1]},
								"west": {"uv": [1, 0], "uv_size": [-1, 1]},
								"up": {"uv": [0, 1], "uv_size": [1, -1]},
								"down": {"uv": [0, 1], "uv_size": [1, -1]}
							}
						}
					]
				},
				{
					"name": "bunch18",
					"parent": "hair",
					"pivot": [0, 28, 5],
					"cubes": [
						{
							"origin": [-2.06638, 17.10328, 2.89444],
							"size": [4, 7, 3],
							"inflate": -0.1,
							"pivot": [-0.06638, 26.10328, -0.10556],
							"rotation": [27.5, 0, 0],
							"uv": {
								"north": {"uv": [0, 0], "uv_size": [1, 1]},
								"east": {"uv": [0, 0], "uv_size": [1, 1]},
								"south": {"uv": [0, 0], "uv_size": [1, 1]},
								"west": {"uv": [0, 0], "uv_size": [1, 1]},
								"up": {"uv": [1, 1], "uv_size": [-1, -1]},
								"down": {"uv": [1, 1], "uv_size": [-1, -1]}
							}
						},
						{
							"origin": [-2.06638, 22.00126, 4],
							"size": [4, 9, 4],
							"pivot": [-0.06638, 24.00126, 0],
							"rotation": [17.5, 0, 0],
							"uv": {
								"north": {"uv": [0, 0], "uv_size": [1, 1]},
								"east": {"uv": [0, 0], "uv_size": [1, 1]},
								"south": {"uv": [0, 0], "uv_size": [1, 1]},
								"west": {"uv": [0, 0], "uv_size": [1, 1]},
								"up": {"uv": [1, 1], "uv_size": [-1, -1]},
								"down": {"uv": [1, 1], "uv_size": [-1, -1]}
							}
						}
					]
				},
				{
					"name": "bunch19",
					"parent": "hair",
					"pivot": [1, 30, 6],
					"cubes": [
						{
							"origin": [0.4, 23.00801, 8],
							"size": [2, 2, 2.4],
							"inflate": 0.1,
							"pivot": [0.73765, 24.00801, 0],
							"rotation": [29.81422, -8.59513, -1.59992],
							"uv": {
								"north": {"uv": [0, 0], "uv_size": [1, 1]},
								"east": {"uv": [0, 0], "uv_size": [1, 1]},
								"south": {"uv": [0, 0], "uv_size": [1, 1]},
								"west": {"uv": [0, 0], "uv_size": [1, 1]},
								"up": {"uv": [1, 1], "uv_size": [-1, -1]},
								"down": {"uv": [1, 1], "uv_size": [-1, -1]}
							}
						},
						{
							"origin": [-1.6, 31.30801, 1],
							"size": [4, 4, 3],
							"pivot": [3.30945, 23.67788, 0],
							"rotation": [-28.3938, -3.52103, 1.56923],
							"uv": {
								"north": {"uv": [0, 0], "uv_size": [1, 1]},
								"east": {"uv": [0, 0], "uv_size": [1, 1]},
								"south": {"uv": [0, 0], "uv_size": [1, 1]},
								"west": {"uv": [0, 0], "uv_size": [1, 1]},
								"up": {"uv": [1, 1], "uv_size": [-1, -1]},
								"down": {"uv": [1, 1], "uv_size": [-1, -1]}
							}
						},
						{
							"origin": [-1.2, 33.57981, 2],
							"size": [3, 4, 2],
							"inflate": 0.01,
							"pivot": [-4.20017, 21.57981, 0],
							"rotation": [-18.99021, -3.97059, 1.87726],
							"uv": {
								"north": {"uv": [0, 0], "uv_size": [1, 1]},
								"east": {"uv": [0, 0], "uv_size": [1, 1]},
								"south": {"uv": [0, 0], "uv_size": [1, 1]},
								"west": {"uv": [0, 0], "uv_size": [1, 1]},
								"up": {"uv": [1, 1], "uv_size": [-1, -1]},
								"down": {"uv": [1, 1], "uv_size": [-1, -1]}
							}
						}
					]
				},
				{
					"name": "bunch20",
					"parent": "hair",
					"pivot": [-3, 31, 5],
					"cubes": [
						{
							"origin": [-2.0786, 31.55643, -3],
							"size": [3, 6, 3],
							"pivot": [2.9214, 23.55643, 0],
							"rotation": [-40, 0, -17.5],
							"uv": {
								"north": {"uv": [0, 0], "uv_size": [1, 1]},
								"east": {"uv": [0, 0], "uv_size": [1, 1]},
								"south": {"uv": [0, 0], "uv_size": [1, 1]},
								"west": {"uv": [0, 0], "uv_size": [1, 1]},
								"up": {"uv": [1, 1], "uv_size": [-1, -1]},
								"down": {"uv": [1, 1], "uv_size": [-1, -1]}
							}
						},
						{
							"origin": [-3.1504, 34.45836, 1.5],
							"size": [2, 3, 2],
							"inflate": 0.01,
							"pivot": [-4.58822, 21.45836, 0],
							"rotation": [-23.17368, -34.41878, 14.11372],
							"uv": {
								"north": {"uv": [0, 0], "uv_size": [1, 1]},
								"east": {"uv": [0, 0], "uv_size": [1, 1]},
								"south": {"uv": [0, 0], "uv_size": [1, 1]},
								"west": {"uv": [0, 0], "uv_size": [1, 1]},
								"up": {"uv": [1, 1], "uv_size": [-1, -1]},
								"down": {"uv": [1, 1], "uv_size": [-1, -1]}
							}
						}
					]
				},
				{
					"name": "bunch21",
					"parent": "hair",
					"pivot": [4, 31, 5],
					"cubes": [
						{
							"origin": [-0.21908, 31.62736, -3],
							"size": [3, 6, 3],
							"pivot": [-2.21908, 23.62736, 0],
							"rotation": [-40, 0, 17.5],
							"uv": {
								"north": {"uv": [1, 0], "uv_size": [-1, 1]},
								"east": {"uv": [1, 0], "uv_size": [-1, 1]},
								"south": {"uv": [1, 0], "uv_size": [-1, 1]},
								"west": {"uv": [1, 0], "uv_size": [-1, 1]},
								"up": {"uv": [0, 1], "uv_size": [1, -1]},
								"down": {"uv": [0, 1], "uv_size": [1, -1]}
							}
						},
						{
							"origin": [1.85272, 34.52929, 1.5],
							"size": [2, 3, 2],
							"inflate": 0.01,
							"pivot": [5.29054, 21.52929, 0],
							"rotation": [-23.17368, 34.41878, -14.11372],
							"uv": {
								"north": {"uv": [1, 0], "uv_size": [-1, 1]},
								"east": {"uv": [1, 0], "uv_size": [-1, 1]},
								"south": {"uv": [1, 0], "uv_size": [-1, 1]},
								"west": {"uv": [1, 0], "uv_size": [-1, 1]},
								"up": {"uv": [0, 1], "uv_size": [1, -1]},
								"down": {"uv": [0, 1], "uv_size": [1, -1]}
							}
						}
					]
				},
				{
					"name": "bunch22",
					"parent": "hair",
					"pivot": [-3, 28, 6],
					"cubes": [
						{
							"origin": [-7.31298, 19.96822, 4.5],
							"size": [2, 7, 2],
							"inflate": 0.1,
							"pivot": [0.18702, 23.96822, 0],
							"rotation": [44.2363, 5.188, 33.2637],
							"uv": {
								"north": {"uv": [1, 0], "uv_size": [-1, 1]},
								"east": {"uv": [1, 0], "uv_size": [-1, 1]},
								"south": {"uv": [1, 0], "uv_size": [-1, 1]},
								"west": {"uv": [1, 0], "uv_size": [-1, 1]},
								"up": {"uv": [0, 1], "uv_size": [1, -1]},
								"down": {"uv": [0, 1], "uv_size": [1, -1]}
							}
						},
						{
							"origin": [-1.81298, 24.26822, 8],
							"size": [2, 2, 3.3],
							"inflate": 0.1,
							"pivot": [0.18702, 23.96822, 0],
							"rotation": [24.8199, -29.71208, 2.65153],
							"uv": {
								"north": {"uv": [1, 0], "uv_size": [-1, 1]},
								"east": {"uv": [1, 0], "uv_size": [-1, 1]},
								"south": {"uv": [1, 0], "uv_size": [-1, 1]},
								"west": {"uv": [1, 0], "uv_size": [-1, 1]},
								"up": {"uv": [0, 1], "uv_size": [1, -1]},
								"down": {"uv": [0, 1], "uv_size": [1, -1]}
							}
						}
					]
				},
				{
					"name": "bunch23",
					"parent": "hair",
					"pivot": [3, 28, 6],
					"cubes": [
						{
							"origin": [5.38139, 20.27052, 5],
							"size": [2, 7, 2],
							"inflate": 0.1,
							"pivot": [0.38139, 24.27052, 0],
							"rotation": [44.2363, -5.188, -33.2637],
							"uv": {
								"north": {"uv": [0, 0], "uv_size": [1, 1]},
								"east": {"uv": [0, 0], "uv_size": [1, 1]},
								"south": {"uv": [0, 0], "uv_size": [1, 1]},
								"west": {"uv": [0, 0], "uv_size": [1, 1]},
								"up": {"uv": [1, 1], "uv_size": [-1, -1]},
								"down": {"uv": [1, 1], "uv_size": [-1, -1]}
							}
						},
						{
							"origin": [3.18139, 23.67052, 8],
							"size": [2, 2, 3.3],
							"inflate": 0.1,
							"pivot": [0.38139, 24.27052, 0],
							"rotation": [26.20328, 12.00689, -12.66515],
							"uv": {
								"north": {"uv": [0, 0], "uv_size": [1, 1]},
								"east": {"uv": [0, 0], "uv_size": [1, 1]},
								"south": {"uv": [0, 0], "uv_size": [1, 1]},
								"west": {"uv": [0, 0], "uv_size": [1, 1]},
								"up": {"uv": [1, 1], "uv_size": [-1, -1]},
								"down": {"uv": [1, 1], "uv_size": [-1, -1]}
							}
						}
					]
				},
				{
					"name": "bunch24",
					"parent": "hair",
					"pivot": [3, 27, 5]
				},
				{
					"name": "bunch25",
					"parent": "hair",
					"pivot": [-3, 28, 5],
					"cubes": [
						{
							"origin": [-4.4133, 21.04935, 4],
							"size": [3, 8, 3],
							"pivot": [-0.4133, 24.04935, 0],
							"rotation": [24.0103, -6.6978, 10.8215],
							"uv": {
								"north": {"uv": [0, 0], "uv_size": [1, 1]},
								"east": {"uv": [0, 0], "uv_size": [1, 1]},
								"south": {"uv": [0, 0], "uv_size": [1, 1]},
								"west": {"uv": [0, 0], "uv_size": [1, 1]},
								"up": {"uv": [1, 1], "uv_size": [-1, -1]},
								"down": {"uv": [1, 1], "uv_size": [-1, -1]}
							}
						},
						{
							"origin": [-2.78464, 18.20133, 1.1086],
							"size": [2, 5, 2],
							"pivot": [0.21536, 28.20133, 0.1086],
							"rotation": [40.3907, -10.2689, 4.8602],
							"uv": {
								"north": {"uv": [0, 0], "uv_size": [1, 1]},
								"east": {"uv": [0, 0], "uv_size": [1, 1]},
								"south": {"uv": [0, 0], "uv_size": [1, 1]},
								"west": {"uv": [0, 0], "uv_size": [1, 1]},
								"up": {"uv": [1, 1], "uv_size": [-1, -1]},
								"down": {"uv": [1, 1], "uv_size": [-1, -1]}
							}
						}
					]
				},
				{
					"name": "bunch50",
					"parent": "hair",
					"pivot": [3, 28, 5],
					"cubes": [
						{
							"origin": [1.4133, 21.04935, 4],
							"size": [3, 8, 3],
							"pivot": [0.4133, 24.04935, 0],
							"rotation": [24.0103, 6.6978, -10.8215],
							"uv": {
								"north": {"uv": [1, 0], "uv_size": [-1, 1]},
								"east": {"uv": [1, 0], "uv_size": [-1, 1]},
								"south": {"uv": [1, 0], "uv_size": [-1, 1]},
								"west": {"uv": [1, 0], "uv_size": [-1, 1]},
								"up": {"uv": [0, 1], "uv_size": [1, -1]},
								"down": {"uv": [0, 1], "uv_size": [1, -1]}
							}
						},
						{
							"origin": [0.78464, 18.20133, 1.1086],
							"size": [2, 5, 2],
							"pivot": [-0.21536, 28.20133, 0.1086],
							"rotation": [40.3907, 10.2689, -4.8602],
							"uv": {
								"north": {"uv": [1, 0], "uv_size": [-1, 1]},
								"east": {"uv": [1, 0], "uv_size": [-1, 1]},
								"south": {"uv": [1, 0], "uv_size": [-1, 1]},
								"west": {"uv": [1, 0], "uv_size": [-1, 1]},
								"up": {"uv": [0, 1], "uv_size": [1, -1]},
								"down": {"uv": [0, 1], "uv_size": [1, -1]}
							}
						}
					]
				},
				{
					"name": "bunch26",
					"parent": "hair",
					"pivot": [3, 30, 6],
					"cubes": [
						{
							"origin": [0.47749, 8.42625, 0.9641],
							"size": [2, 4, 3],
							"inflate": 0.1,
							"pivot": [-4.52251, 22.42625, -2.0359],
							"rotation": [35.3045, 18.3532, -59.6395],
							"uv": {
								"north": {"uv": [0, 0], "uv_size": [1, 1]},
								"east": {"uv": [0, 0], "uv_size": [1, 1]},
								"south": {"uv": [0, 0], "uv_size": [1, 1]},
								"west": {"uv": [0, 0], "uv_size": [1, 1]},
								"up": {"uv": [1, 1], "uv_size": [-1, -1]},
								"down": {"uv": [1, 1], "uv_size": [-1, -1]}
							}
						},
						{
							"origin": [4.66743, 21.6896, 3],
							"size": [3, 6, 3],
							"inflate": 0.1,
							"pivot": [-0.33257, 24.6896, 0],
							"rotation": [16.7363, -5.188, -33.2637],
							"uv": {
								"north": {"uv": [0, 0], "uv_size": [1, 1]},
								"east": {"uv": [0, 0], "uv_size": [1, 1]},
								"south": {"uv": [0, 0], "uv_size": [1, 1]},
								"west": {"uv": [0, 0], "uv_size": [1, 1]},
								"up": {"uv": [1, 1], "uv_size": [-1, -1]},
								"down": {"uv": [1, 1], "uv_size": [-1, -1]}
							}
						}
					]
				},
				{
					"name": "bunch27",
					"parent": "hair",
					"pivot": [-3, 30, 6],
					"cubes": [
						{
							"origin": [-2.47749, 8.42625, 0.9641],
							"size": [2, 4, 3],
							"inflate": 0.1,
							"pivot": [4.52251, 22.42625, -2.0359],
							"rotation": [35.3045, -18.3532, 59.6395],
							"uv": {
								"north": {"uv": [1, 0], "uv_size": [-1, 1]},
								"east": {"uv": [1, 0], "uv_size": [-1, 1]},
								"south": {"uv": [1, 0], "uv_size": [-1, 1]},
								"west": {"uv": [1, 0], "uv_size": [-1, 1]},
								"up": {"uv": [0, 1], "uv_size": [1, -1]},
								"down": {"uv": [0, 1], "uv_size": [1, -1]}
							}
						},
						{
							"origin": [-7.66743, 21.6896, 3],
							"size": [3, 6, 3],
							"inflate": 0.1,
							"pivot": [0.33257, 24.6896, 0],
							"rotation": [16.7363, 5.188, 33.2637],
							"uv": {
								"north": {"uv": [1, 0], "uv_size": [-1, 1]},
								"east": {"uv": [1, 0], "uv_size": [-1, 1]},
								"south": {"uv": [1, 0], "uv_size": [-1, 1]},
								"west": {"uv": [1, 0], "uv_size": [-1, 1]},
								"up": {"uv": [0, 1], "uv_size": [1, -1]},
								"down": {"uv": [0, 1], "uv_size": [1, -1]}
							}
						}
					]
				},
				{
					"name": "bunch28",
					"parent": "hair",
					"pivot": [5, 29, 3],
					"cubes": [
						{
							"origin": [5.86633, 18.86415, 2],
							"size": [2, 6, 2],
							"inflate": 0.1,
							"pivot": [-0.13367, 23.86415, 0],
							"rotation": [17.5, 0, -50],
							"uv": {
								"north": {"uv": [0, 0], "uv_size": [1, 1]},
								"east": {"uv": [0, 0], "uv_size": [1, 1]},
								"south": {"uv": [0, 0], "uv_size": [1, 1]},
								"west": {"uv": [0, 0], "uv_size": [1, 1]},
								"up": {"uv": [1, 1], "uv_size": [-1, -1]},
								"down": {"uv": [1, 1], "uv_size": [-1, -1]}
							}
						}
					]
				},
				{
					"name": "bunch29",
					"parent": "hair",
					"pivot": [-5, 29, 4],
					"cubes": [
						{
							"origin": [-10.53842, 25.31494, 4],
							"size": [2, 4, 2],
							"inflate": 0.01,
							"pivot": [-4.53842, 21.31494, 0],
							"rotation": [7.5, 0, 30],
							"uv": {
								"north": {"uv": [0, 0], "uv_size": [1, 1]},
								"east": {"uv": [0, 0], "uv_size": [1, 1]},
								"south": {"uv": [0, 0], "uv_size": [1, 1]},
								"west": {"uv": [0, 0], "uv_size": [1, 1]},
								"up": {"uv": [1, 1], "uv_size": [-1, -1]},
								"down": {"uv": [1, 1], "uv_size": [-1, -1]}
							}
						}
					]
				},
				{
					"name": "bunch30",
					"parent": "hair",
					"pivot": [-4, 27, 3],
					"cubes": [
						{
							"origin": [-8.9621, 23.27538, 2],
							"size": [2, 4, 2],
							"inflate": 0.01,
							"pivot": [-4.9621, 21.27538, 0],
							"rotation": [0, 0, 30],
							"uv": {
								"north": {"uv": [0, 0], "uv_size": [1, 1]},
								"east": {"uv": [0, 0], "uv_size": [1, 1]},
								"south": {"uv": [0, 0], "uv_size": [1, 1]},
								"west": {"uv": [0, 0], "uv_size": [1, 1]},
								"up": {"uv": [1, 1], "uv_size": [-1, -1]},
								"down": {"uv": [1, 1], "uv_size": [-1, -1]}
							}
						}
					]
				},
				{
					"name": "bunch32",
					"parent": "hair",
					"pivot": [-6, 29, 2],
					"cubes": [
						{
							"origin": [-10.35266, 26.72532, 0],
							"size": [2, 4, 2],
							"inflate": 0.01,
							"pivot": [-5.35266, 21.72532, 0],
							"rotation": [0, 0, 30],
							"uv": {
								"north": {"uv": [0, 0], "uv_size": [1, 1]},
								"east": {"uv": [0, 0], "uv_size": [1, 1]},
								"south": {"uv": [0, 0], "uv_size": [1, 1]},
								"west": {"uv": [0, 0], "uv_size": [1, 1]},
								"up": {"uv": [1, 1], "uv_size": [-1, -1]},
								"down": {"uv": [1, 1], "uv_size": [-1, -1]}
							}
						}
					]
				},
				{
					"name": "bunch17",
					"parent": "hair",
					"pivot": [6, 29, 2],
					"cubes": [
						{
							"origin": [8.35266, 26.72532, 0],
							"size": [2, 4, 2],
							"inflate": 0.01,
							"pivot": [5.35266, 21.72532, 0],
							"rotation": [0, 0, -30],
							"uv": {
								"north": {"uv": [1, 0], "uv_size": [-1, 1]},
								"east": {"uv": [1, 0], "uv_size": [-1, 1]},
								"south": {"uv": [1, 0], "uv_size": [-1, 1]},
								"west": {"uv": [1, 0], "uv_size": [-1, 1]},
								"up": {"uv": [0, 1], "uv_size": [1, -1]},
								"down": {"uv": [0, 1], "uv_size": [1, -1]}
							}
						}
					]
				},
				{
					"name": "bunch33",
					"parent": "hair",
					"pivot": [-5, 33, 2],
					"cubes": [
						{
							"origin": [-10.90571, 27.84202, 1],
							"size": [3, 5, 2],
							"inflate": 0.01,
							"pivot": [-4.90571, 21.84202, 0],
							"rotation": [0, 0, 30],
							"uv": {
								"north": {"uv": [0, 0], "uv_size": [1, 1]},
								"east": {"uv": [0, 0], "uv_size": [1, 1]},
								"south": {"uv": [0, 0], "uv_size": [1, 1]},
								"west": {"uv": [0, 0], "uv_size": [1, 1]},
								"up": {"uv": [1, 1], "uv_size": [-1, -1]},
								"down": {"uv": [1, 1], "uv_size": [-1, -1]}
							}
						}
					]
				},
				{
					"name": "bunch31",
					"parent": "hair",
					"pivot": [5, 33, 2],
					"cubes": [
						{
							"origin": [7.90571, 27.84202, 1],
							"size": [3, 5, 2],
							"inflate": 0.01,
							"pivot": [4.90571, 21.84202, 0],
							"rotation": [0, 0, -30],
							"uv": {
								"north": {"uv": [1, 0], "uv_size": [-1, 1]},
								"east": {"uv": [1, 0], "uv_size": [-1, 1]},
								"south": {"uv": [1, 0], "uv_size": [-1, 1]},
								"west": {"uv": [1, 0], "uv_size": [-1, 1]},
								"up": {"uv": [0, 1], "uv_size": [1, -1]},
								"down": {"uv": [0, 1], "uv_size": [1, -1]}
							}
						}
					]
				},
				{
					"name": "bunch34",
					"parent": "hair",
					"pivot": [-7, 34, 2]
				},
				{
					"name": "bunch36",
					"parent": "hair",
					"pivot": [4, 36, 5],
					"cubes": [
						{
							"origin": [-6.84177, 31.49972, 3],
							"size": [3, 4, 3],
							"inflate": 0.1,
							"pivot": [2.15823, 23.49972, 0],
							"rotation": [0, 0, 40],
							"uv": {
								"north": {"uv": [0, 0], "uv_size": [1, 1]},
								"east": {"uv": [0, 0], "uv_size": [1, 1]},
								"south": {"uv": [0, 0], "uv_size": [1, 1]},
								"west": {"uv": [0, 0], "uv_size": [1, 1]},
								"up": {"uv": [1, 1], "uv_size": [-1, -1]},
								"down": {"uv": [1, 1], "uv_size": [-1, -1]}
							}
						},
						{
							"origin": [1.48643, 35.75939, 3.2],
							"size": [2, 4, 2.7],
							"pivot": [9.26433, 24.75939, 0],
							"rotation": [0, 0, 7.5],
							"uv": {
								"north": {"uv": [0, 0], "uv_size": [1, 1]},
								"east": {"uv": [0, 0], "uv_size": [1, 1]},
								"south": {"uv": [0, 0], "uv_size": [1, 1]},
								"west": {"uv": [0, 0], "uv_size": [1, 1]},
								"up": {"uv": [1, 1], "uv_size": [-1, -1]},
								"down": {"uv": [1, 1], "uv_size": [-1, -1]}
							}
						}
					]
				},
				{
					"name": "bunch35",
					"parent": "hair",
					"pivot": [-4, 36, 5],
					"cubes": [
						{
							"origin": [3.84177, 31.49972, 3],
							"size": [3, 4, 3],
							"inflate": 0.1,
							"pivot": [-2.15823, 23.49972, 0],
							"rotation": [0, 0, -40],
							"uv": {
								"north": {"uv": [1, 0], "uv_size": [-1, 1]},
								"east": {"uv": [1, 0], "uv_size": [-1, 1]},
								"south": {"uv": [1, 0], "uv_size": [-1, 1]},
								"west": {"uv": [1, 0], "uv_size": [-1, 1]},
								"up": {"uv": [0, 1], "uv_size": [1, -1]},
								"down": {"uv": [0, 1], "uv_size": [1, -1]}
							}
						},
						{
							"origin": [-3.48643, 35.75939, 3.2],
							"size": [2, 4, 2.7],
							"pivot": [-9.26433, 24.75939, 0],
							"rotation": [0, 0, -7.5],
							"uv": {
								"north": {"uv": [1, 0], "uv_size": [-1, 1]},
								"east": {"uv": [1, 0], "uv_size": [-1, 1]},
								"south": {"uv": [1, 0], "uv_size": [-1, 1]},
								"west": {"uv": [1, 0], "uv_size": [-1, 1]},
								"up": {"uv": [0, 1], "uv_size": [1, -1]},
								"down": {"uv": [0, 1], "uv_size": [1, -1]}
							}
						}
					]
				},
				{
					"name": "bunch37",
					"parent": "hair",
					"pivot": [5, 32, 0],
					"cubes": [
						{
							"origin": [1.21442, 30.13498, -3],
							"size": [2, 5, 3],
							"pivot": [9.21442, 25.13498, 0],
							"rotation": [-17.35932, 2.24944, 14.65656],
							"uv": {
								"north": {"uv": [0, 0], "uv_size": [1, 1]},
								"east": {"uv": [0, 0], "uv_size": [1, 1]},
								"south": {"uv": [0, 0], "uv_size": [1, 1]},
								"west": {"uv": [0, 0], "uv_size": [1, 1]},
								"up": {"uv": [1, 1], "uv_size": [-1, -1]},
								"down": {"uv": [1, 1], "uv_size": [-1, -1]}
							}
						},
						{
							"origin": [1.40744, 32.4, -2.8],
							"size": [2, 3, 3],
							"pivot": [14.40744, 27.52274, -0.05474],
							"rotation": [-35, 0, 20],
							"uv": {
								"north": {"uv": [0, 0], "uv_size": [1, 1]},
								"east": {"uv": [0, 0], "uv_size": [1, 1]},
								"south": {"uv": [0, 0], "uv_size": [1, 1]},
								"west": {"uv": [0, 0], "uv_size": [1, 1]},
								"up": {"uv": [1, 1], "uv_size": [-1, -1]},
								"down": {"uv": [1, 1], "uv_size": [-1, -1]}
							}
						}
					]
				},
				{
					"name": "bunch44",
					"parent": "hair",
					"pivot": [-5, 32, 0],
					"cubes": [
						{
							"origin": [-3.21442, 30.13498, -3],
							"size": [2, 5, 3],
							"pivot": [-9.21442, 25.13498, 0],
							"rotation": [-17.35932, -2.24944, -14.65656],
							"uv": {
								"north": {"uv": [1, 0], "uv_size": [-1, 1]},
								"east": {"uv": [1, 0], "uv_size": [-1, 1]},
								"south": {"uv": [1, 0], "uv_size": [-1, 1]},
								"west": {"uv": [1, 0], "uv_size": [-1, 1]},
								"up": {"uv": [0, 1], "uv_size": [1, -1]},
								"down": {"uv": [0, 1], "uv_size": [1, -1]}
							}
						},
						{
							"origin": [-3.40744, 32.4, -2.8],
							"size": [2, 3, 3],
							"pivot": [-14.40744, 27.52274, -0.05474],
							"rotation": [-35, 0, -20],
							"uv": {
								"north": {"uv": [1, 0], "uv_size": [-1, 1]},
								"east": {"uv": [1, 0], "uv_size": [-1, 1]},
								"south": {"uv": [1, 0], "uv_size": [-1, 1]},
								"west": {"uv": [1, 0], "uv_size": [-1, 1]},
								"up": {"uv": [0, 1], "uv_size": [1, -1]},
								"down": {"uv": [0, 1], "uv_size": [1, -1]}
							}
						}
					]
				},
				{
					"name": "bunch38",
					"parent": "hair",
					"pivot": [-5, 33, 1]
				},
				{
					"name": "bunch39",
					"parent": "hair",
					"pivot": [2, 34, -1]
				},
				{
					"name": "bunch40",
					"parent": "hair",
					"pivot": [0, 24, 0]
				},
				{
					"name": "bunch41",
					"parent": "hair",
					"pivot": [0, 24, 0]
				}
			]
		}
	]
}