{
   "format_version": "1.18.10",
   "animation_controllers": {
      "controller.animation.player.attacks": {
         "states": {
            "default": {
               "blend_transition": 0.2,
               "transitions": [
                  {
                     "defend": "q.property('property:is_defending')"
                  },
                  {
                     "genki_dama": "q.property('property:is_loading_attack') && q.get_equipped_item_name('main_hand') == 'genki_dama'"
                  },
                  {
                     "kamehameha": "q.property('property:is_loading_attack') && q.get_equipped_item_name('main_hand') == 'kamehameha'"
                  },
                  {
                     "ki_blast": "q.property('property:is_loading_attack') && q.get_equipped_item_name('main_hand') == 'ki_blast'"
                  },
                  {
                     "kienzan": "q.property('property:is_loading_attack') && q.get_equipped_item_name('main_hand') == 'kienzan'"
                  }
               ]
            },
            "defend": {
               "blend_transition": 0.2,
               "animations": [
                  {
                     "first_person_defend": "v.is_first_person"
                  },
                  {
                     "defend": "!v.is_first_person"
                  }
               ],
               "transitions": [
                  {
                     "default": "!q.property('property:is_defending')"
                  }
               ]
            },
            "genki_dama": {
               "blend_transition": 0.2,
               "animations": [
                  {
                     "first_person_genki_dama": "v.is_first_person"
                  },
                  {
                     "genki_dama": "!v.is_first_person"
                  }
               ],
               "transitions": [
                  {
                     "default": "!q.property('property:is_loading_attack') || q.get_equipped_item_name('main_hand') != 'genki_dama'"
                  }
               ]
            },
            "kamehameha": {
               "blend_transition": 0.2,
               "animations": [
                  {
                     "first_person_kamehameha_beam": "v.is_first_person"
                  },
                  {
                     "kamehameha_beam": "!v.is_first_person"
                  }
               ],
               "transitions": [
                  {
                     "kamehameha_attack": "!q.property('property:is_loading_attack')"
                  }
               ]
            },
            "kamehameha_attack": {
               "blend_transition": 0.2,
               "animations": [
                  {
                     "first_person_kamehameha_attack": "v.is_first_person"
                  },
                  {
                     "kamehameha_attack": "!v.is_first_person"
                  }
               ],
               "transitions": [
                  {
                     "default": "q.any_animation_finished"
                  }
               ]
            },
            "ki_blast": {
               "blend_transition": 0.2,
               "animations": [
                  {
                     "first_person_ki_blast": "v.is_first_person"
                  }
               ],
               "transitions": [
                  {
                     "default": "!q.property('property:is_loading_attack') || q.get_equipped_item_name('main_hand') != 'ki_blast'"
                  }
               ]
            },
            "kienzan": {
               "blend_transition": 0.2,
               "animations": [
                  {
                     "kienzan": "!v.is_first_person"
                  }
               ],
               "transitions": [
                  {
                     "default": "!q.property('property:is_loading_attack') || q.get_equipped_item_name('main_hand') != 'kienzan'"
                  }
               ]
            }
         }
      },
      "controller.animation.player.charge_energy": {
         "states": {
            "default": {
               "transitions": [
                  {
                     "aura": "v.aura && q.property('property:ultra_instinct') == 0"
                  },
                  {
                     "aura2": "v.aura && q.property('property:ultra_instinct') == 0"
                  },
                  {
                     "ultra_instinct": "q.property('property:ultra_instinct') > 0"
                  }
               ]
            },
            "aura": {
               "blend_transition": 0.2,
               "animations": [
                  {
                     "charge_energy": "!v.is_first_person && !q.is_moving && !q.is_using_item"
                  },
                  {
                     "sfx_aura_super_saiyan": "q.property('property:aura_sound') == 0"
                  },
                  {
                     "sfx_aura_super_saiyan_2": "q.property('property:aura_sound') == 1"
                  },
                  {
                     "sfx_aura_super_saiyan_3": "q.property('property:aura_sound') == 2"
                  },
                  {
                     "sfx_aura_super_saiyan_god": "q.property('property:aura_sound') == 3"
                  },
                  {
                     "sfx_aura_super_saiyan_blue": "q.property('property:aura_sound') == 4"
                  },
                  {
                     "cooler_mask": "q.property('property:a_mask') == 1"
                  }
               ],
               "particle_effects": [
                  {
                     "effect": "aura",
                     "pre_effect_script": "v.r = (q.property('property:is_legendary') ? 57 : q.property('property:aura_color_r')) / 255; v.g = (q.property('property:is_legendary') ? 237 : q.property('property:aura_color_g')) / 255; v.b = (q.property('property:is_legendary') ? 8 : q.property('property:aura_color_b')) / 255;"
                  }
               ],
               "transitions": [
                  {
                     "default": "!v.aura || v.form != q.property('property:form') || q.property('property:ultra_instinct') > 0"
                  }
               ],
               "on_entry": [
                  "v.form = q.property('property:form');"
               ]
            },
            "aura2": {
               "blend_transition": 0.3,
               "animations": [
                  {
                     "charge_energy": "!v.is_first_person && !q.is_moving && !q.is_using_item"
                  },
                  {
                     "sfx_aura_super_saiyan": "q.property('property:aura_sound') == 0"
                  },
                  {
                     "sfx_aura_super_saiyan_2": "q.property('property:aura_sound') == 1"
                  },
                  {
                     "sfx_aura_super_saiyan_3": "q.property('property:aura_sound') == 2"
                  },
                  {
                     "sfx_aura_super_saiyan_god": "q.property('property:aura_sound') == 3"
                  },
                  {
                     "sfx_aura_super_saiyan_blue": "q.property('property:aura_sound') == 4"
                  }
               ],
               "particle_effects": [
                  {
                     "effect": "aura2",
                     "pre_effect_script": "v.r1 = (q.property('property:is_legendary') ? 57 : q.property('property:aura_color_r1')) / 255; v.g1 = (q.property('property:is_legendary') ? 237 : q.property('property:aura_color_g1')) / 255; v.b1 = (q.property('property:is_legendary') ? 8 : q.property('property:aura_color_b1')) / 255;"
                  }
               ],
               "transitions": [
                  {
                     "default": "!v.aura || v.form != q.property('property:form') || q.property('property:ultra_instinct') > 0"
                  }
               ],
               "on_entry": [
                  "v.form = q.property('property:form');"
               ]
            },
            "ultra_instinct": {
               "blend_transition": 0.2,
               "animations": [
                  {
                     "hair_move": "q.is_sneaking"
                  }
               ],
               "particle_effects": [
                  {
                     "effect": "ultra_instinct_aura"
                  }
               ],
               "transitions": [
                  {
                     "default": "q.property('property:ultra_instinct') == 0"
                  }
               ]
            }
         }
      },
      "controller.animation.player.fly.sprinting": {
         "states": {
            "default": {
               "blend_transition": 0.2,
               "transitions": [
                  {
                     "fly_sprinting": "v.fly_sprinting"
                  }
               ]
            },
            "fly_sprinting": {
               "blend_transition": 0.2,
               "animations": [
                  {
                     "fly_sprinting": "!v.is_first_person"
                  }
               ],
               "transitions": [
                  {
                     "default": "!v.fly_sprinting"
                  }
               ]
            }
         }
      },
      "controller.animation.player.fly.walk": {
         "states": {
            "default": {
               "blend_transition": 0.2,
               "transitions": [
                  {
                     "fly_walk": "v.fly && !q.is_sprinting"
                  }
               ]
            },
            "fly_walk": {
               "blend_transition": 0.2,
               "animations": [
                  {
                     "fly_walk": "!v.is_first_person"
                  }
               ],
               "transitions": [
                  {
                     "default": "!v.fly || q.is_sprinting"
                  }
               ]
            }
         }
      },
      "controller.animation.player.hair.move": {
         "states": {
            "default": {
               "blend_transition": 0.5,
               "transitions": [
                  {
                     "hair_move": "!q.is_sneaking"
                  }
               ]
            },
            "hair_move": {
               "blend_transition": 0.5,
               "animations": [
                  "hair_move"
               ],
               "transitions": [
                  {
                     "default": "q.is_sneaking"
                  }
               ]
            }
         }
      },
      "controller.animation.player.hold": {
         "states": {
            "default": {
               "blend_transition": 0.2,
               "transitions": [
                  {
                     "z_sword": "v.hold && q.get_equipped_item_name('main_hand') == 'z_sword'"
                  }
               ]
            },
            "z_sword": {
               "blend_transition": 0.2,
               "animations": [
                  {
                     "hold_z_sword": "!v.is_first_person"
                  }
               ],
               "transitions": [
                  {
                     "default": "!v.hold || q.get_equipped_item_name('main_hand') != 'z_sword'"
                  }
               ]
            }
         }
      },
      "controller.animation.player.idle": {
         "states": {
            "default": {
               "blend_transition": 0.2,
               "transitions": [
                  {
                     "idle": "v.idle"
                  }
               ]
            },
            "idle": {
               "blend_transition": 0.2,
               "animations": [
                  {
                     "idle": "!v.is_first_person"
                  }
               ],
               "transitions": [
                  {
                     "default": "!v.idle"
                  }
               ]
            }
         }
      },
      "controller.animation.player.tail": {
         "states": {
            "default": {
               "blend_transition": 0.2,
               "transitions": [
                  {
                     "tail_move": "q.property('property:tail_curled') == false && q.get_equipped_item_name('off_hand') != 'turtle_shell'"
                  },
                  {
                     "tail_curled": "q.property('property:tail_curled') == true || q.get_equipped_item_name('off_hand') == 'turtle_shell'"
                  }
               ]
            },
            "tail_move": {
               "blend_transition": 0.2,
               "animations": [
                  "tail_move"
               ],
               "transitions": [
                  {
                     "default": "q.property('property:tail_curled') == true || q.get_equipped_item_name('off_hand') == 'turtle_shell'"
                  }
               ]
            },
            "tail_curled": {
               "blend_transition": 0.2,
               "animations": [
                  "tail_curled"
               ],
               "transitions": [
                  {
                     "default": "q.property('property:tail_curled') == false && q.get_equipped_item_name('off_hand') != 'turtle_shell'"
                  }
               ]
            }
         }
      }
   }
}