{
  "format_version": "1.10.0",
  "particle_effect": {
    "description": {
      "identifier": "57:adminium_effect",
      "basic_render_parameters": {
        "material": "particles_alpha",
        "texture": "textures/particle/particles"
      }
    },
    "components": {
      "minecraft:emitter_local_space": {
        "position": true,
        "rotation": true
      },
      "minecraft:emitter_rate_instant": {
        "num_particles": 1
      },        
      "minecraft:emitter_shape_disc": {
				"radius": 0.1,
				"surface_only": false,
				"direction": "outwards"
			},
      "minecraft:emitter_lifetime_once": {
      },
      "minecraft:particle_initial_speed": "Math.random(1, 2)",
      "minecraft:particle_lifetime_expression": {
        "max_lifetime": 0.7
      },
      "minecraft:particle_motion_dynamic": {
        "linear_acceleration": [ 0, 4.0, 0 ],
        "linear_drag_coefficient": 0.0
      },
      "minecraft:particle_appearance_billboard": {
        "size": [ 0.2, 0.2 ],
        "facing_camera_mode": "lookat_xyz",
        "uv": {
          "texture_width": 128,
          "texture_height": 128,
          "flipbook": {
            "base_UV": [ 56, 0 ],
            "size_UV": [ 8, 8 ],
            "step_UV": [ -8, 0 ],
            "frames_per_second": 8,
            "max_frame": 8,
            "stretch_to_lifetime": true,
            "loop": false
          }
        }
      },
      "minecraft:particle_appearance_tinting": {
        "color": [ "variable.particle_random_1*0.5", "variable.particle_random_1*0.5", "variable.particle_random_1*0.5", 1.0 ]
      },
      "minecraft:particle_appearance_lighting": {}
    }
  }
}
