{
	"format_version": "1.10.0",
	"particle_effect": {
		"description": {
			"identifier": "57:blaze_emitter",
			"basic_render_parameters": {
				"material": "particles_alpha",
				"texture": "textures/flame_atlas"
			}
		},
		"components": {
			"minecraft:emitter_local_space": {
				"position": true,
				"rotation": true
			},
			"minecraft:emitter_rate_steady": {
				"spawn_rate": "Math.random(11, 11)",
				"max_particles": 50
			},
			"minecraft:emitter_lifetime_expression": {
				"activation_expression": 1
			},
			"minecraft:emitter_shape_sphere": {
				"radius": 10,
				"direction": "outwards"
			},
			"minecraft:particle_lifetime_expression": {
				"max_lifetime": 1.15
			},
			"minecraft:particle_initial_speed": "Math.random(0, 10)",
			"minecraft:particle_motion_dynamic": {
				"linear_acceleration": [0, 70, 0]
			},
			"minecraft:particle_appearance_billboard": {
				"size": [3, 3],
				"facing_camera_mode": "lookat_xyz",
				"uv": {
					"texture_width": 1,
					"texture_height": 32,
					"flipbook": {
						"base_UV": [0, 0],
						"size_UV": [1, 1],
						"step_UV": [0, 1],
						"frames_per_second": 32,
						"max_frame": 32,
						"stretch_to_lifetime": true
					}
				}
			}
		}
	}
}