{
  "format_version": "1.10.0",
  "particle_effect": {
    "description": {
      "identifier": "57:cure_ray",
      "basic_render_parameters": {
        "material": "particles_alpha",
        "texture": "textures/particle/particles"
      }
    },
    "components": {
      "minecraft:emitter_rate_steady": {
        "spawn_rate": 400,
        "max_particles": 99999
      },

      "minecraft:emitter_lifetime_looping": {
        "active_time": 10
      },

      "minecraft:emitter_shape_sphere": {
        "radius": 3,
        "direction": "inward"
      },
            "minecraft:particle_initial_speed": "0",
      "minecraft:emitter_shape_point": {
        "direction": [ 0, 1, 0 ]
      },
"minecraft:particle_motion_dynamic": {  	"linear_acceleration": [ 0 ,0 ,0 ], 	"linear_drag_coefficient": 0.0,		    "rotation_drag_coefficient": 0.0         
      }, 
            "minecraft:particle_appearance_tinting": {
        "color": [ "Math.random(0.7176, 0.8745)", 0.0, "Math.random(0.8235, 0.9765)", 1.0 ]
      },
      "minecraft:particle_appearance_billboard": {
        "size": [
          "0.3",
          "0.3"
        ],
        "facing_camera_mode": "lookat_xyz",
        "uv": {
          "texture_width": 128,
          "texture_height": 128,
          "flipbook": {
            "base_UV": [ 56, 0 ],
            "size_UV": [ 8, 8 ],
            "step_UV": [ -8, 0 ],
            "frames_per_second": 8,
            "max_frame": 8,
            "stretch_to_lifetime": true,
            "loop": false
          }
        }
      }
    }
  }
}