{
   "format_version": "1.10.0",
   "minecraft:client_entity": {
      "description": {
         "animations": {
            "attack.positions": "animation.player.attack.positions",
            "vegeta.idle": "animation.player.vegeta.idle",
            "attack.rotations": "animation.player.attack.rotations",
            "attacks_controller": "controller.animation.player.attacks",
            "base_controller": "controller.animation.player.base",
            "blink": "animation.player.blink",
            "bob": "animation.player.bob",
            "bow_and_arrow": "animation.humanoid.bow_and_arrow",
            "brandish_spear": "animation.humanoid.brandish_spear",
            "cape": "animation.player.cape",
            "charge_energy": "animation.player.charge_energy",
            "charge_energy_controller": "controller.animation.player.charge_energy",
            "charging": "animation.humanoid.charging",
            "crossbow_controller": "controller.animation.player.crossbow",
            "crossbow_hold": "animation.player.crossbow_hold",
            "damage_nearby_mobs": "animation.humanoid.damage_nearby_mobs",
            "defend": "animation.player.defend",
            "first_person_attack_controller": "controller.animation.player.first_person_attack",
            "first_person_attack_rotation": "animation.player.first_person.attack_rotation",
            "first_person_base_pose": "animation.player.first_person.base_pose",
            "first_person_crossbow_equipped": "animation.player.first_person.crossbow_equipped",
            "first_person_defend": "animation.player.first_person.defend",
            "first_person_empty_hand": "animation.player.first_person.empty_hand",
            "first_person_genki_dama": "animation.player.first_person.genki_dama",
            "first_person_kamehameha_attack": "animation.player.first_person.kamehameha_attack",
            "first_person_kamehameha_beam": "animation.player.first_person.kamehameha_beam",
            "first_person_ki_blast": "animation.player.first_person.ki_blast",
            "first_person_map_controller": "controller.animation.player.first_person_map",
            "first_person_map_hold": "animation.player.first_person.map_hold",
            "first_person_map_hold_attack": "animation.player.first_person.map_hold_attack",
            "first_person_map_hold_main_hand": "animation.player.first_person.map_hold_main_hand",
            "first_person_map_hold_off_hand": "animation.player.first_person.map_hold_off_hand",
            "first_person_shield_block": "animation.player.first_person.shield_block",
            "first_person_swap_item": "animation.player.first_person.swap_item",
            "first_person_vr_attack_rotation": "animation.player.first_person.vr_attack_rotation",
            "first_person_walk": "animation.player.first_person.walk",
            "fly_sprinting": "animation.player.fly.sprinting",
            "fly_sprinting_controller": "controller.animation.player.fly.sprinting",
            "fly_walk": "animation.player.fly.walk",
            "fly_walk_controller": "controller.animation.player.fly.walk",
            "flying_nimbus": "animation.player.flying_nimbus",
            "genki_dama": "animation.player.genki_dama",
            "hair_move": "animation.player.hair.move",
            "hair_move_controller": "controller.animation.player.hair.move",
            "hold_controller": "controller.animation.player.hold",
            "hold_ki_sword": "animation.player.ki_sword",
            "hold_z_sword": "animation.player.hold_z_sword",
            "holding": "animation.player.holding",
            "holding_spyglass": "animation.humanoid.holding_spyglass",
            "hudplayer": "controller.animation.player.hudplayer",
            "humanoid_base_pose": "animation.humanoid.base_pose",
            "idle": "animation.player.idle",
            "idle_controller": "controller.animation.player.idle",
            "kamehameha_attack": "animation.player.kamehameha_attack",
            "kamehameha_beam": "animation.player.kamehameha_beam",
            "kienzan": "animation.player.kienzan",
            "knocked_out": "animation.player.knocked_out",
            "look_at_target": "controller.animation.humanoid.look_at_target",
            "look_at_target_default": "animation.humanoid.look_at_target.default",
            "look_at_target_gliding": "animation.humanoid.look_at_target.gliding",
            "look_at_target_inverted": "animation.player.look_at_target.inverted",
            "look_at_target_swimming": "animation.humanoid.look_at_target.swimming",
            "look_at_target_ui": "animation.player.look_at_target.ui",
            "move.arms": "animation.player.move.arms",
            "move.legs": "animation.player.move.legs",
            "muscular": "animation.player.muscular",
            "riding.arms": "animation.player.riding.arms",
            "riding.legs": "animation.player.riding.legs",
            "root": "controller.animation.dragon_ball.player.root",
            "sfx_aura_super_saiyan": "animation.sfx.aura_super_saiyan",
            "sfx_aura_super_saiyan_2": "animation.sfx.aura_super_saiyan_2",
            "sfx_aura_super_saiyan_3": "animation.sfx.aura_super_saiyan_3",
            "sfx_aura_super_saiyan_blue": "animation.sfx.aura_super_saiyan_blue",
            "sfx_aura_super_saiyan_god": "animation.sfx.aura_super_saiyan_god",
            "shield_block_main_hand": "animation.player.shield_block_main_hand",
            "shield_block_off_hand": "animation.player.shield_block_off_hand",
            "skeleton_attack": "animation.skeleton.attack",
            "sleeping": "animation.player.sleeping",
            "swimming": "animation.player.swim",
            "swimming.legs": "animation.player.swim.legs",
            "tail_controller": "controller.animation.player.tail",
            "tail_curled": "animation.player.tail.curled",
            "tail_move": "animation.player.tail.move",
            "third_person_bow_equipped": "animation.player.bow_equipped",
            "third_person_crossbow_equipped": "animation.player.crossbow_equipped",
            "tooting_goat_horn": "animation.humanoid.tooting_goat_horn",
            "use_item_progress": "animation.humanoid.use_item_progress",
            "is_there": "controller.animation.is_there",
            "is_there2": "controller.animation.is_there2",
            "is_there3": "controller.animation.is_there3",
            "free4": "animation.player.free4",
            "free360": "animation.player.free360"
         },
         "enable_attachables": true,
         "geometry": {
            "arcosian": "geometry.arcosian",
            "broly_base_hair": "geometry.broly_base_hair",
            "broly_beast_hair": "geometry.broly_beast_hair",
            "broly_beserker_hair": "geometry.broly_beserker_hair",
            "broly_dbs_base_hair": "geometry.broly_dbs_base_hair",
            "broly_dbs_beast_hair": "geometry.broly_dbs_beast_hair",
            "broly_dbs_super_saiyan_2_hair": "geometry.broly_dbs_super_saiyan_2_hair",
            "broly_dbs_super_saiyan_4_hair": "geometry.broly_dbs_super_saiyan_4_hair",
            "broly_dbs_super_saiyan_hair": "geometry.broly_dbs_super_saiyan_hair",
            "broly_super_saiyan_4_hair": "geometry.broly_super_saiyan_4_hair",
            "broly_super_saiyan_hair": "geometry.broly_super_saiyan_hair",
            "cape": "geometry.cape",
            "caulifla_base_hair": "geometry.caulifla_base_hair",
            "caulifla_super_saiyan_2_hair": "geometry.caulifla_super_saiyan_2_hair",
            "caulifla_super_saiyan_3_hair": "geometry.caulifla_super_saiyan_3_hair",
            "caulifla_super_saiyan_4_hair": "geometry.caulifla_super_saiyan_4_hair",
            "caulifla_super_saiyan_hair": "geometry.caulifla_super_saiyan_hair",
            "cell": "geometry.cell",
            "clothes": "geometry.clothes",
            "default": "geometry.humanoid.custom",
            "eyes": "geometry.eyes",
            "genki_dama": "geometry.ki_blast",
            "gine_base_hair": "geometry.gine_base_hair",
            "gine_beast_hair": "geometry.gine_beast_hair",
            "gine_super_saiyan_2_hair": "geometry.gine_super_saiyan_2_hair",
            "gine_super_saiyan_3_hair": "geometry.gine_super_saiyan_3_hair",
            "gine_super_saiyan_4_hair": "geometry.gine_super_saiyan_4_hair",
            "gine_super_saiyan_hair": "geometry.gine_super_saiyan_hair",
            "gohan_base_hair": "geometry.gohan_base_hair",
            "gohan_beast_hair": "geometry.gohan_beast_hair",
            "gohan_super_saiyan_4_hair": "geometry.gohan_super_saiyan_4_hair",
            "gohan_super_saiyan_hair": "geometry.gohan_super_saiyan_hair",
            "gohan_g_base_hair": "geometry.gohan_g_base",
            "gohan_g_ssj_hair": "geometry.gohan_g_ssj",
            "gohan_g_ssj_2_hair": "geometry.gohan_g_ssj_2",
            "gohan_g_ssj_4_hair": "geometry.gohan_g_ssj_4",
            "gohan_g_beast_hair": "geometry.gohan_g_beast",
            "goku_base_hair": "geometry.goku_base_hair",
            "goku_beast_hair": "geometry.goku_beast_hair",
            "goku_super_saiyan_2_hair": "geometry.goku_super_saiyan_2_hair",
            "goku_super_saiyan_3_hair": "geometry.goku_super_saiyan_3_hair",
            "goku_super_saiyan_4_hair": "geometry.goku_super_saiyan_4_hair",
            "goku_super_saiyan_hair": "geometry.goku_super_saiyan_hair",
            "goku_ultra_ego_hair": "geometry.goku_ultra_ego_hair",
            "halo": "geometry.halo",
            "human": "geometry.humanoid.dragon_ball",
            "kamehameha": "geometry.kamehameha",
            "ki_scythe": "geometry.ki_scythe",
            "ki_sword": "geometry.ki_sword",
            "kienzan": "geometry.kienzan",
            "majin": "geometry.majin",
            "namekian": "geometry.namekian",
            "new_eyes": "geometry.new_eyes",
            "raditz_base_hair": "geometry.raditz_base_hair",
            "saiyan_female": "geometry.saiyan_female",
            "saiyan_male": "geometry.saiyan_male",
            "saiyan_tail": "geometry.saiyan_tail",
            "trunks_base_hair": "geometry.trunks_base_hair",
            "future_base_hair": "geometry.future_base_hair",
            "future_ego_hair": "geometry.future_ego_hair",
            "future_beast_hair": "geometry.future_beast_hair",
            "future_ssj_hair": "geometry.future_ssj_hair",
            "future_ssj_2_hair": "geometry.future_ssj_2_hair",
            "future_ssj_3_hair": "geometry.future_ssj_3_hair",
            "future_ssj_4_hair": "geometry.future_ssj_4_hair",
            "trunks_beast_hair": "geometry.trunks_beast_hair",
            "trunks_super_saiyan_2_hair": "geometry.trunks_super_saiyan_2_hair",
            "trunks_super_saiyan_3_hair": "geometry.trunks_super_saiyan_3_hair",
            "trunks_super_saiyan_4_hair": "geometry.trunks_super_saiyan_4_hair",
            "trunks_super_saiyan_hair": "geometry.trunks_super_saiyan_hair",
            "trunks_super_saiyan_rage_hair": "geometry.trunks_super_saiyan_rage_hair",
            "vegeta_base_hair": "geometry.vegeta_base_hair",
            "vegeta_beast_hair": "geometry.vegeta_beast_hair",
            "vegeta_super_saiyan_2_hair": "geometry.vegeta_super_saiyan_2_hair",
            "vegeta_super_saiyan_4_hair": "geometry.vegeta_super_saiyan_4_hair",
            "vegeta_super_saiyan_hair": "geometry.vegeta_super_saiyan_hair",
            "vegeta_ultra_ego_hair": "geometry.vegeta_ultra_ego_hair"
         },
         "identifier": "minecraft:player",
         "materials": {
            "animated": "player_animated",
            "cape": "entity_alphatest",
            "charged": "charged_creeper",
            "default": "entity_alphatest",
            "entity_emissive": "entity_emissive_alpha",
            "masked": "llama",
            "translucent": "entity_alphablend",
            "blend": "entity_alphablend"
         },
         "particle_effects": {
            "aura": "dbe:aura",
            "aura2": "dbe:aura2",
            "ultra_instinct_aura": "dbe:ultra_instinct_aura"
         },
         "render_controllers": [
            {
               "controller.render.player.first_person": "v.is_first_person"
            },
            {
               "controller.render.player.third_person": "!v.is_first_person && !v.map_face_icon"
            },
            {
               "controller.render.player.map": "v.map_face_icon"
            },
            {
               "controller.render.halo": "!v.is_first_person && q.property('property:is_death')"
            },
            {
               "controller.render.player.potara_fusion.first_person": "v.is_first_person && q.property('property:in_potara_fusion')"
            },
            {
               "controller.render.player.potara_fusion.third_person": "!v.is_first_person && q.property('property:in_potara_fusion')"
            },
            {
               "controller.render.player.ki_scythe": "q.property('property:ki_weapons') == 1"
            },
            {
               "controller.render.player.ki_sword": "q.property('property:ki_weapons') == 2"
            },
            {
               "controller.render.player.genki_dama": "q.property('property:is_loading_attack') && q.is_item_name_any('slot.weapon.mainhand','dbe:genki_dama')"
            },
            {
               "controller.render.player.genki_dama.armor": "q.property('property:is_loading_attack') && q.is_item_name_any('slot.weapon.mainhand','dbe:genki_dama')"
            },
            {
               "controller.render.player.kamehameha": "q.property('property:is_loading_attack') && q.is_item_name_any('slot.weapon.mainhand','dbe:kamehameha')"
            },
            {
               "controller.render.player.kamehameha.armor": "q.property('property:is_loading_attack') && q.is_item_name_any('slot.weapon.mainhand','dbe:kamehameha')"
            },
            {
               "controller.render.dragon_ball.kienzan": "q.property('property:is_loading_attack') && q.is_item_name_any('slot.weapon.mainhand','dbe:kienzan')"
            },
            {
               "controller.render.player.saiyan.eyes": "!v.is_first_person && q.property('property:race') == 1"
            },
            {
               "controller.render.player.saiyan.first_person": "v.is_first_person && q.property('property:race') == 1"
            },
            {
               "controller.render.player.saiyan.third_person": "!v.is_first_person && !v.map_face_icon && q.property('property:race') == 1"
            },
            {
               "controller.render.player.saiyan.hair": "!v.is_first_person && q.property('property:race') == 1 && !v.oozaru"
            },
            {
               "controller.render.player.saiyan.tail": "!v.is_first_person && q.property('property:race') == 1 && q.property('property:has_tail')"
            },
            {
               "controller.render.player.namekian.eyes": "!v.is_first_person && q.property('property:race') == 2"
            },
            {
               "controller.render.player.namekian.first_person": "v.is_first_person && q.property('property:race') == 2"
            },
            {
               "controller.render.player.namekian.third_person": "!v.is_first_person && !v.map_face_icon && q.property('property:race') == 2"
            },
            {
               "controller.render.player.arcosian.eyes": "!v.is_first_person && q.property('property:race') == 3"
            },
            {
               "controller.render.player.arcosian.first_person": "v.is_first_person && q.property('property:race') == 3"
            },
            {
               "controller.render.player.arcosian.third_person": "!v.is_first_person && !v.map_face_icon && q.property('property:race') == 3"
            },
            {
               "controller.render.player.majin.eyes": "!v.is_first_person && q.property('property:race') == 4"
            },
            {
               "controller.render.player.majin.first_person": "v.is_first_person && q.property('property:race') == 4"
            },
            {
               "controller.render.player.majin.third_person": "!v.is_first_person && !v.map_face_icon && q.property('property:race') == 4"
            },
            {
               "controller.render.player.cellrace.eyes": "!v.is_first_person && q.property('property:race') == 5"
            },
            {
               "controller.render.player.cellrace.first_person": "v.is_first_person && q.property('property:race') == 5"
            },
            {
               "controller.render.player.cellrace.third_person": "!v.is_first_person && !v.map_face_icon && q.property('property:race') == 5"
            },
            {
               "controller.render.player.map": "variable.map_face_icon"
            },
            {
               "controller.render.player.third_person": "!variable.is_first_person && !variable.map_face_icon"
            },
            {
               "controller.render.player.first_person": "variable.is_first_person"
            }
         ],
         "scripts": {
            "animate": [
               "root",
               "attacks_controller",
               "blink",
               "charge_energy_controller",
               {
                  "flying_nimbus": "!v.is_first_person && q.is_riding ? (q.get_ride -> q.owner_identifier) == 'dbe:flying_nimbus'"
               },
               "fly_sprinting_controller",
               "fly_walk_controller",
               "hold_controller",
               "idle_controller",
               {
                  "knocked_out": "q.property('property:knocked_out')"
               },
               {
                  "muscular": "(q.property('property:race') == 1 && (q.property('property:form') == 3 || q.property('property:form') == 5 || q.property('property:form') == 7)) || (q.property('property:race') == 3 && q.property('property:form') == 2)"
               },
               "tail_controller",
               {
                  "is_there3": "query.is_sneaking == 0 && query.is_in_ui == 0"
               },
               {
                  "is_there2": "query.is_sneaking == 0 && query.is_in_ui == 0"
               },
               {
                  "is_there": "query.is_sneaking == 0 && query.is_in_ui == 0"
               },
               {
                  "free4": "query.get_equipped_item_name('main_hand') == 'stick' && query.is_moving == 0 && query.ground_speed <= 0.05 && query.is_sneaking == 0"
               }
            ],
            "initialize": [
               "v.is_holding_right = 0.0;",
               "v.is_blinking = 0.0;",
               "v.last_blink_time = 0.0;",
               "v.hand_bob = 0.0;",
               "variable.hand_bob = 0.0;",
               "variable.life_time = 0.0;",
               "variable.is_there3 = 0.0;",
               "variable.is_there2 = 0.0;",
               "variable.is_there = 0.0;",
               "variable.last_blink_time = 0.0;",
               "variable.is_blinking = 0.0;",
               "variable.is_holding_right = 0.0;"
            ],
            "pre_animation": [
               "v.helmet_layer_visible = 1.0;",
               "v.leg_layer_visible = 1.0;",
               "v.boot_layer_visible = 1.0;",
               "v.chest_layer_visible = 1.0;",
               "v.attack_body_rot_y = Math.sin(360*Math.sqrt(v.attack_time)) * 5.0;",
               "v.tcos0 = (math.cos(q.modified_distance_moved * 38.17) * q.modified_move_speed / v.gliding_speed_value) * 57.3;",
               "v.first_person_rotation_factor = math.sin((1 - v.attack_time) * 180.0);",
               "v.hand_bob = q.life_time < 0.01 ? 0.0 : v.hand_bob + ((q.is_on_ground && q.is_alive ? math.clamp(math.sqrt(math.pow(q.position_delta(0), 2.0) + math.pow(q.position_delta(2), 2.0)), 0.0, 0.1) : 0.0) - v.hand_bob) * 0.02;",
               "v.map_angle = math.clamp(1 - v.player_x_rotation / 45.1, 0.0, 1.0);",
               "v.item_use_normalized = q.main_hand_item_use_duration / q.main_hand_item_max_duration;",
               "v.hair_move = math.cos(q.life_time * math.random(195, 200)) * 5;",
               "v.rightarm_visible = q.is_on_screen && (q.property('property:is_defending') || q.is_item_name_any('slot.weapon.mainhand','dbe:genki_dama') || q.is_item_name_any('slot.weapon.mainhand','dbe:kamehameha') || q.is_item_name_any('slot.weapon.mainhand','dbe:ki_blast') || q.is_item_name_any('slot.weapon.mainhand','dbe:kienzan') || q.is_item_name_any('slot.weapon.mainhand','dbe:functions') || q.is_item_name_any('slot.weapon.mainhand','dbe:teleport') || q.equipped_item_any_tag('slot.weapon.mainhand','invisible_item'));",
               "v.leftarm_visible = q.is_on_screen && (q.property('property:is_defending') || q.property('property:is_loading_attack') && q.is_item_name_any('slot.weapon.mainhand','dbe:genki_dama'));",
               "v.oozaru = q.property('property:race') == 1 && (q.property('property:form') == 1 || q.property('property:form') == 6);",
               "v.super_saiyan_5 = q.property('property:ultra_instinct') == 2 && q.property('property:race') == 1 && q.property('property:form') == 7;",
               "v.legendary_super_saiyan = q.property('property:is_legendary') && q.property('property:race') == 1 && q.property('property:form') > 1 && q.property('property:form') < 6;",
               "v.aura = (q.is_sneaking && !q.is_sleeping) || ((q.is_riding ? (q.get_ride -> q.owner_identifier) == 'dbe:fly') && q.is_jumping);",
               "v.fly = !q.property('property:is_loading_attack') && (q.is_on_screen && !q.is_on_ground && q.is_moving && !q.is_in_water && !q.is_sleeping && !q.is_riding && !q.is_gliding) || ((q.is_riding ? (q.get_ride -> q.owner_identifier) == 'dbe:fly') && !q.is_jumping);",
               "v.fly_sprinting = !q.property('property:is_loading_attack') && (v.fly && q.is_sprinting) || ((q.is_riding ? (q.get_ride -> q.owner_identifier) == 'dbe:fly') && q.is_jumping);",
               "v.hold = !v.aura && q.is_on_ground && !q.is_riding && !q.is_in_water && q.equipped_item_any_tag('slot.weapon.mainhand','hold') || q.property('property:is_loading_attack');",
               "v.idle = q.is_on_screen && !q.is_moving && !q.is_in_water && !q.is_sneaking && !q.is_sleeping && !q.is_riding && !q.item_is_charged && !q.is_using_item;",
               "v.jumping = q.is_jumping && !q.is_in_water && !q.is_riding;",
               "v.walk = q.is_on_screen && q.is_on_ground && q.is_moving && !q.is_in_water && !q.is_sneaking && !q.is_sleeping && !q.is_riding && !q.item_is_charged && !q.is_using_item;",
               "variable.health = math.round(query.health / query.max_health * 100);",
               "variable.item_use_normalized = query.main_hand_item_use_duration / query.main_hand_item_max_duration;",
               "variable.map_angle = math.clamp(1 - variable.player_x_rotation / 45.1, 0.0, 1.0);",
               "variable.hand_bob = query.life_time < 0.01 ? 0.0 : variable.hand_bob + ((query.is_on_ground && query.is_alive ? math.clamp(math.sqrt(math.pow(query.position_delta(0), 2.0) + math.pow(query.position_delta(2), 2.0)), 0.0, 0.1) : 0.0) - variable.hand_bob) * 0.02;",
               "variable.attack_body_rot_y = Math.sin(360*Math.sqrt(variable.attack_time)) * 5.0;",
               "variable.first_person_rotation_factor = math.sin((1 - variable.attack_time) * 180.0);",
               "variable.tcos0 = (math.cos(query.modified_distance_moved * 38.17) * query.modified_move_speed / variable.gliding_speed_value) * 57.3;",
               "variable.chest_layer_visible = 1.0;",
               "variable.boot_layer_visible = 1.0;",
               "variable.is_there3 = variable.is_there3;",
               "variable.is_there2 = variable.is_there2;",
               "variable.is_there = variable.is_there;",
               "variable.leg_layer_visible = 1.0;",
               "variable.helmet_layer_visible = 1.0;"
            ],
            "scale": "0.9375"
         },
         "sound_effects": {
            "aura_super_saiyan": "mob.player.aura.super_saiyan",
            "aura_super_saiyan_2": "mob.player.aura.super_saiyan_2",
            "aura_super_saiyan_3": "mob.player.aura.super_saiyan_3",
            "aura_super_saiyan_blue": "mob.player.aura.super_saiyan_blue",
            "aura_super_saiyan_god": "mob.player.aura.super_saiyan_god",
            "dodge": "mob.player.dodge",
            "cooler_mask": "mob.player.mask",
            "kamehameha_attack": "mob.player.attack.kamehameha_attack",
            "kamehameha_beam": "mob.player.attack.kamehameha_beam",
            "teleport1": "mob.player.teleport1",
            "teleport2": "mob.player.teleport2",
            "transformation": "mob.player.aura.transformation"
         },
         "textures": {
            "decor_none": "textures/entity/llama/decor/decor_none",
            "default": "textures/entity/steve",
            "empty": "textures/empty",
            "eye_arcosian": "textures/models/eyes/races/arcosian/arcosian_base",
            "eye_arcosian_fourth_form": "textures/models/eyes/races/arcosian/arcosian_fourth_form",
            "eye_cell_god": "textures/models/eyes/races/bio_android/cell_god",
            "eye_cell_imperfect": "textures/models/eyes/races/bio_android/cell_imperfect",
            "eye_cell_max": "textures/models/eyes/races/bio_android/cell_max",
            "eye_cell_perfect": "textures/models/eyes/races/bio_android/cell_perfect",
            "eye_cell_semi_perfect": "textures/models/eyes/races/bio_android/cell_semi_perfect",
            "eye_cooler_form": "textures/models/eyes/races/arcosian/cooler_form",
            "eye_female_beast": "textures/models/eyes/races/saiyan/female_beast",
            "eye_female_broly_super_saiyan": "textures/models/eyes/races/saiyan/female_broly_super_saiyan",
            "eye_female_incomplete_ultra_instinct": "textures/models/eyes/races/saiyan/female_incomplete_ultra_instinct",
            "eye_female_legendary_super_saiyan": "textures/models/eyes/races/saiyan/female_legendary_super_saiyan",
            "eye_female_oozaru": "textures/models/eyes/races/saiyan/female_oozaru",
            "eye_female_saiyan": "textures/models/eyes/races/saiyan/female_saiyan_base",
            "eye_female_super_saiyan": "textures/models/eyes/races/saiyan/female_super_saiyan",
            "eye_female_super_saiyan_3": "textures/models/eyes/races/saiyan/female_super_saiyan_3",
            "eye_female_super_saiyan_4": "textures/models/eyes/races/saiyan/female_super_saiyan_4",
            "eye_female_super_saiyan_blue": "textures/models/eyes/races/saiyan/female_super_saiyan_blue",
            "eye_female_super_saiyan_blue_evolution": "textures/models/eyes/races/saiyan/female_super_saiyan_blue_evolution",
            "eye_female_super_saiyan_god": "textures/models/eyes/races/saiyan/female_super_saiyan_god",
            "eye_female_super_saiyan_rose": "textures/models/eyes/races/saiyan/female_super_saiyan_rose",
            "eye_female_super_saiyan_rose_evolution": "textures/models/eyes/races/saiyan/female_super_saiyan_rose_evolution",
            "eye_female_ultra_ego": "textures/models/eyes/races/saiyan/female_ultra_ego",
            "eye_female_ultra_instinct": "textures/models/eyes/races/saiyan/female_ultra_instinct",
            "eye_majin": "textures/models/eyes/races/majin/majin_base",
            "eye_majin_evil": "textures/models/eyes/races/majin/majin_evil",
            "eye_male_beast": "textures/models/eyes/races/saiyan/male_beast",
            "eye_male_broly_super_saiyan": "textures/models/eyes/races/saiyan/male_broly_super_saiyan",
            "eye_male_incomplete_ultra_instinct": "textures/models/eyes/races/saiyan/male_incomplete_ultra_instinct",
            "eye_male_legendary_super_saiyan": "textures/models/eyes/races/saiyan/male_legendary_super_saiyan",
            "eye_male_oozaru": "textures/models/eyes/races/saiyan/male_oozaru",
            "eye_male_saiyan": "textures/models/eyes/races/saiyan/male_saiyan_base",
            "eye_male11": "textures/models/eyes/races/saiyan/more_eyes/male_saiyan0_base",
            "eye_male_2": "textures/models/eyes/races/saiyan/more_eyes/male_saiyan1_base",
            "eye_male_0": "textures/models/eyes/races/saiyan/more_eyes/male_saiyan2_base",
            "eye_female_0": "textures/models/eyes/races/saiyan/more_eyes/male_saiyan2_base",
            "eye_female_1": "textures/models/eyes/races/saiyan/more_eyes/male_saiyan3_base",
            "eye_female_2": "textures/models/eyes/races/saiyan/more_eyes/male_saiyan1_base",
            "eye_female_3": "textures/models/eyes/races/saiyan/more_eyes/male_saiyan9_base",
            "eye_female_4": "textures/models/eyes/races/saiyan/more_eyes/male_saiyan6_base",
            "eye_female_5": "textures/models/eyes/races/saiyan/more_eyes/male_saiyan8_base",
            "eye_female_6": "textures/models/eyes/races/saiyan/more_eyes/male_saiyan7_base",
            "eye_female_7": "textures/models/eyes/races/saiyan/more_eyes/male_saiyan4_base",
            "eye_female_8": "textures/models/eyes/races/saiyan/more_eyes/male_saiyan5_base",
            "eye_female_9": "textures/models/eyes/races/saiyan/more_eyes/male_saiyan10_base",
            "eye_female_10": "textures/models/eyes/races/saiyan/more_eyes/male_saiyan11_base",
            "eye_female_11": "textures/models/eyes/races/saiyan/more_eyes/male_saiyan0_base",
            "eye_female_12": "textures/models/eyes/races/saiyan/more_eyes/male_saiyan12_base",
            "eye_female_13": "textures/models/eyes/races/saiyan/more_eyes/male_saiyan13_base",
            "eye_male_1": "textures/models/eyes/races/saiyan/more_eyes/male_saiyan3_base",
            "eye_male_7": "textures/models/eyes/races/saiyan/more_eyes/male_saiyan4_base",
            "eye_male_8": "textures/models/eyes/races/saiyan/more_eyes/male_saiyan5_base",
            "eye_male_4": "textures/models/eyes/races/saiyan/more_eyes/male_saiyan6_base",
            "eye_male_6": "textures/models/eyes/races/saiyan/more_eyes/male_saiyan7_base",
            "eye_male_5": "textures/models/eyes/races/saiyan/more_eyes/male_saiyan8_base",
            "eye_male_3": "textures/models/eyes/races/saiyan/more_eyes/male_saiyan9_base",
            "eye_male_9": "textures/models/eyes/races/saiyan/more_eyes/male_saiyan10_base",
            "eye_male_10": "textures/models/eyes/races/saiyan/more_eyes/male_saiyan11_base",
            "eye_male_11": "textures/models/eyes/races/saiyan/more_eyes/male_saiyan12_base",
            "eye_male_12": "textures/models/eyes/races/saiyan/more_eyes/male_saiyan12_base",
            "eye_male_13": "textures/models/eyes/races/saiyan/more_eyes/male_saiyan13_base",
            "eye_male_super_saiyan": "textures/models/eyes/races/saiyan/male_super_saiyan",
            "eye_male_super_saiyan_3": "textures/models/eyes/races/saiyan/male_super_saiyan_3",
            "eye_male_super_saiyan_4": "textures/models/eyes/races/saiyan/male_super_saiyan_4",
            "eye_male_super_saiyan_blue": "textures/models/eyes/races/saiyan/male_super_saiyan_blue",
            "eye_male_super_saiyan_blue_evolution": "textures/models/eyes/races/saiyan/male_super_saiyan_blue_evolution",
            "eye_male_super_saiyan_god": "textures/models/eyes/races/saiyan/male_super_saiyan_god",
            "eye_male_super_saiyan_rose": "textures/models/eyes/races/saiyan/male_super_saiyan_rose",
            "eye_male_super_saiyan_rose_evolution": "textures/models/eyes/races/saiyan/male_super_saiyan_rose_evolution",
            "eye_male_ultra_ego": "textures/models/eyes/races/saiyan/male_ultra_ego",
            "eye_male_ultra_instinct": "textures/models/eyes/races/saiyan/male_ultra_instinct",
            "eye_namekian": "textures/models/eyes/races/namekian/namekian_base",
            "eye_namekian_god": "textures/models/eyes/races/namekian/namekian_god",
            "eye_namekian_potential_unleashed": "textures/models/eyes/races/namekian/namekian_potential_unleashed",
            "genki_dama": "textures/entity/attack_colors/blue",
            "hair_beast": "textures/models/hairs/saiyan/beast",
            "hair_broly_super_saiyan": "textures/models/hairs/saiyan/broly_super_saiyan",
            "hair_legendary_super_saiyan": "textures/models/hairs/saiyan/legendary_super_saiyan",
            "hair_saiyan": "textures/models/hairs/saiyan/saiyan_base",
            "hair_color2": "textures/models/hairs/saiyan/more_hair/saiyan_base1",
            "hair_color9": "textures/models/hairs/saiyan/more_hair/saiyan_base11",
            "hair_color0": "textures/models/hairs/saiyan/more_hair/saiyan_base3",
            "hair_color1": "textures/models/hairs/saiyan/more_hair/saiyan_base4",
            "hair_color7": "textures/models/hairs/saiyan/more_hair/saiyan_base5",
            "hair_color8": "textures/models/hairs/saiyan/more_hair/saiyan_base6",
            "hair_color4": "textures/models/hairs/saiyan/more_hair/saiyan_base7",
            "hair_color5": "textures/models/hairs/saiyan/more_hair/saiyan_base9",
            "hair_color6": "textures/models/hairs/saiyan/more_hair/saiyan_base8",
            "hair_color3": "textures/models/hairs/saiyan/more_hair/saiyan_base10",
            "hair_color10": "textures/models/hairs/saiyan/more_hair/saiyan_base12",
            "hair_color11": "textures/models/hairs/saiyan/more_hair/saiyan_base2",
            "hair_color12": "textures/models/hairs/saiyan/more_hair/saiyan_base13",
            "hair_color13": "textures/models/hairs/saiyan/more_hair/saiyan_base14",
            "hair_super_saiyan": "textures/models/hairs/saiyan/super_saiyan",
            "hair_super_saiyan_3": "textures/models/hairs/saiyan/super_saiyan_3",
            "hair_super_saiyan_4": "textures/models/hairs/saiyan/super_saiyan_4",
            "hair_super_saiyan_blue": "textures/models/hairs/saiyan/super_saiyan_blue",
            "hair_super_saiyan_blue_evolution": "textures/models/hairs/saiyan/super_saiyan_blue_evolution",
            "hair_super_saiyan_god": "textures/models/hairs/saiyan/super_saiyan_god",
            "hair_super_saiyan_rose": "textures/models/hairs/saiyan/super_saiyan_rose",
            "hair_super_saiyan_rose_evolution": "textures/models/hairs/saiyan/super_saiyan_rose_evolution",
            "hair_ultra_ego": "textures/models/hairs/saiyan/ultra_ego",
            "hair_ultra_instinct": "textures/models/hairs/saiyan/ultra_instinct",
            "halo": "textures/models/halo",
            "kamehameha": "textures/entity/attack_colors/blue",
            "ki_scythe": "textures/entity/ki_scythe",
            "ki_sword": "textures/entity/ki_sword",
            "kienzan": "textures/entity/attack_colors/blue",
            "skin_arcosian": "textures/entity/races/arcosian/arcosian_base",
            "skin_arcosian5": "textures/entity/races/arcosian/arcosian5_base",
            "skin_arcosian1": "textures/entity/races/arcosian/arcosian1_base",
            "skin_arcosian2": "textures/entity/races/arcosian/arcosian2_base",
            "skin_arcosian3": "textures/entity/races/arcosian/arcosian3_base",
            "skin_arcosian4": "textures/entity/races/arcosian/arcosian4_base",
            "skin_arcosian_fourth_form": "textures/entity/races/arcosian/arcosian_fourth_form",
            "skin_arcosian5_fourth_form": "textures/entity/races/arcosian/arcosian5_fourth_form",
            "skin_arcosian1_fourth_form": "textures/entity/races/arcosian/arcosian1_fourth_form",
            "skin_arcosian2_fourth_form": "textures/entity/races/arcosian/arcosian2_fourth_form",
            "skin_arcosian3_fourth_form": "textures/entity/races/arcosian/arcosian3_fourth_form",
            "skin_arcosian4_fourth_form": "textures/entity/races/arcosian/arcosian4_fourth_form",
            "skin_arcosian_third_form": "textures/entity/races/arcosian/arcosian_third_form",
            "skin_arcosian5_third_form": "textures/entity/races/arcosian/arcosian5_third_form",
            "skin_arcosian1_third_form": "textures/entity/races/arcosian/arcosian1_third_form",
            "skin_arcosian2_third_form": "textures/entity/races/arcosian/arcosian2_third_form",
            "skin_arcosian3_third_form": "textures/entity/races/arcosian/arcosian3_third_form",
            "skin_arcosian4_third_form": "textures/entity/races/arcosian/arcosian4_third_form",
            "skin_black_arcosian": "textures/entity/races/arcosian/black_arcosian",
            "skin_black5_arcosian": "textures/entity/races/arcosian/black5_arcosian",
            "skin_super_black": "textures/entity/races/arcosian/super_black",
            "skin_super5_black": "textures/entity/races/arcosian/super5_black",
            "skin_cell_god": "textures/entity/races/bio_android/cell_god",
            "skin_cell1_god": "textures/entity/races/bio_android/cell1_god",
            "skin_cell2_god": "textures/entity/races/bio_android/cell2_god",
            "skin_cell3_god": "textures/entity/races/bio_android/cell3_god",
            "skin_cell4_god": "textures/entity/races/bio_android/cell4_god",
            "skin_cell_imperfect": "textures/entity/races/bio_android/cell_imperfect",
            "skin_cell1_imperfect": "textures/entity/races/bio_android/cell1_imperfect",
            "skin_cell2_imperfect": "textures/entity/races/bio_android/cell2_imperfect",
            "skin_cell3_imperfect": "textures/entity/races/bio_android/cell3_imperfect",
            "skin_cell4_imperfect": "textures/entity/races/bio_android/cell4_imperfect",
            "skin_cell_max": "textures/entity/races/bio_android/cell_max",
            "skin_cell1_max": "textures/entity/races/bio_android/cell1_max",
            "skin_cell2_max": "textures/entity/races/bio_android/cell2_max",
            "skin_cell3_max": "textures/entity/races/bio_android/cell3_max",
            "skin_cell4_max": "textures/entity/races/bio_android/cell4_max",
            "skin_cell_perfect": "textures/entity/races/bio_android/cell_perfect",
            "skin_cell1_perfect": "textures/entity/races/bio_android/cell1_perfect",
            "skin_cell2_perfect": "textures/entity/races/bio_android/cell2_perfect",
            "skin_cell3_perfect": "textures/entity/races/bio_android/cell3_perfect",
            "skin_cell4_perfect": "textures/entity/races/bio_android/cell4_perfect",
            "skin_cell_semi_perfect": "textures/entity/races/bio_android/cell_semi_perfect",
            "skin_cell1_semi_perfect": "textures/entity/races/bio_android/cell1_semi_perfect",
            "skin_cell2_semi_perfect": "textures/entity/races/bio_android/cell2_semi_perfect",
            "skin_cell3_semi_perfect": "textures/entity/races/bio_android/cell3_semi_perfect",
            "skin_cell4_semi_perfect": "textures/entity/races/bio_android/cell4_semi_perfect",
            "skin_golden_arcosian": "textures/entity/races/arcosian/golden_arcosian",
            "skin_golden1_arcosian": "textures/entity/races/arcosian/golden1_arcosian",
            "skin_golden2_arcosian": "textures/entity/races/arcosian/golden2_arcosian",
            "skin_golden3_arcosian": "textures/entity/races/arcosian/golden3_arcosian",
            "skin_golden4_arcosian": "textures/entity/races/arcosian/golden4_arcosian",
            "skin_golden5_arcosian": "textures/entity/races/arcosian/golden5_arcosian",
            "skin_super_golden": "textures/entity/races/arcosian/super_golden",
            "skin_super5_golden": "textures/entity/races/arcosian/super5_golden",
            "skin_super1_golden": "textures/entity/races/arcosian/super1_golden",
            "skin_super2_golden": "textures/entity/races/arcosian/super2_golden",
            "skin_super3_golden": "textures/entity/races/arcosian/super3_golden",
            "skin_golden_oozaru": "textures/entity/races/saiyan/golden_oozaru",
            "skin_majin": "textures/entity/races/majin/majin_base",
            "skin_majin1": "textures/entity/races/majin/majin1_base",
            "skin_majin2": "textures/entity/races/majin/majin2_base",
            "skin_majin3": "textures/entity/races/majin/majin3_base",
            "skin_majin4": "textures/entity/races/majin/majin4_base",
            "skin_majin_evil": "textures/entity/races/majin/majin_evil",
            "skin_majin_fat": "textures/entity/races/majin/majin_fat",
            "skin_majin1_fat": "textures/entity/races/majin/majin1_fat",
            "skin_majin2_fat": "textures/entity/races/majin/majin2_fat",
            "skin_majin3_fat": "textures/entity/races/majin/majin3_fat",
            "skin_majin4_fat": "textures/entity/races/majin/majin4_fat",
            "skin_majin_super": "textures/entity/races/majin/majin_super",
            "skin_majin1_super": "textures/entity/races/majin/majin1_super",
            "skin_majin2_super": "textures/entity/races/majin/majin2_super",
            "skin_majin3_super": "textures/entity/races/majin/majin3_super",
            "skin_majin4_super": "textures/entity/races/majin/majin4_super",
            "skin_namekian_base_1": "textures/entity/races/namekian/namekian_base_1",
            "skin_namekian1_base": "textures/entity/races/namekian/namekian1_base",
            "skin_namekian2_base": "textures/entity/races/namekian/namekian2_base",
            "skin_namekian3_base": "textures/entity/races/namekian/namekian3_base",
            "skin_namekian_base_2": "textures/entity/races/namekian/namekian_base_2",
            "skin_namekian1_form_2": "textures/entity/races/namekian/namekian1_form_2",
            "skin_namekian1_form_3": "textures/entity/races/namekian/namekian1_form_3",
            "skin_namekian1_form_4": "textures/entity/races/namekian/namekian1_form_4",
            "skin_namekian2_form_4": "textures/entity/races/namekian/namekian2_form_4",
            "skin_namekian3_form_4": "textures/entity/races/namekian/namekian3_form_4",
            "skin_namekian2_form_3": "textures/entity/races/namekian/namekian2_form_3",
            "skin_namekian3_form_3": "textures/entity/races/namekian/namekian3_form_3",
            "skin_namekian2_form_2": "textures/entity/races/namekian/namekian2_form_2",
            "skin_namekian3_form_2": "textures/entity/races/namekian/namekian3_form_2",
            "skin_namekian_base_3": "textures/entity/races/namekian/namekian_base_3",
            "skin_namekian_base_4": "textures/entity/races/namekian/namekian_base_4",
            "skin_namekian_god": "textures/entity/races/namekian/namekian_base_6",
            "skin_namekian_orangue": "textures/entity/races/namekian/namekian_base_5",
            "skin_oozaru": "textures/entity/races/saiyan/oozaru",
            "skin_saiyan_female_base_1": "textures/entity/races/saiyan/saiyan_female_base_1",
            "skin_saiyan_female_base_2": "textures/entity/races/saiyan/saiyan_female_base_1",
            "skin_saiyan_female_base_3": "textures/entity/races/saiyan/saiyan_female_base_1",
            "skin_saiyan_male_base_1": "textures/entity/races/saiyan/saiyan_male_base_1",
            "skin_saiyan1_base_1": "textures/entity/races/saiyan/saiyan1_base_1",
            "skin_saiyan1_base_2": "textures/entity/races/saiyan/saiyan1_base_2",
            "skin_saiyan1_base_3": "textures/entity/races/saiyan/saiyan1_base_3",
            "skin_saiyan2_base_1": "textures/entity/races/saiyan/saiyan2_base_1",
            "skin_saiyan2_base_2": "textures/entity/races/saiyan/saiyan2_base_2",
            "skin_saiyan2_base_3": "textures/entity/races/saiyan/saiyan2_base_3",
            "skin_saiyan3_base_1": "textures/entity/races/saiyan/saiyan3_base_1",
            "skin_saiyan3_base_2": "textures/entity/races/saiyan/saiyan3_base_2",
            "skin_saiyan3_base_3": "textures/entity/races/saiyan/saiyan3_base_3",
            "skin_saiyan4_base_1": "textures/entity/races/saiyan/saiyan4_base_1",
            "skin_saiyan4_base_2": "textures/entity/races/saiyan/saiyan4_base_2",
            "skin_saiyan4_base_3": "textures/entity/races/saiyan/saiyan4_base_3",
            "skin_saiyan5_base_1": "textures/entity/races/saiyan/saiyan5_base_1",
            "skin_saiyan5_base_2": "textures/entity/races/saiyan/saiyan5_base_2",
            "skin_saiyan5_base_3": "textures/entity/races/saiyan/saiyan5_base_3",
            "skin_saiyan_male_base_2": "textures/entity/races/saiyan/saiyan_male_base_2",
            "skin_saiyan_male_base_3": "textures/entity/races/saiyan/saiyan_male_base_3",
            "skin_super_form": "textures/entity/races/arcosian/super_form",
            "skin_super5_form": "textures/entity/races/arcosian/super5_form",
            "skin_super1_form": "textures/entity/races/arcosian/super1_form",
            "skin_super2_form": "textures/entity/races/arcosian/super2_form",
            "skin_super3_form": "textures/entity/races/arcosian/super3_form",
            "skin_super4_form": "textures/entity/races/arcosian/super4_form",
            "skin_super_saiyan_4": "textures/entity/races/saiyan/super_saiyan_4",
            "skin_super_saiyan_5": "textures/entity/races/saiyan/super_saiyan_5",
            "vegetto_clothes": "textures/models/armor/vegetto_clothes",
            "cape": "textures/entity/cape_invisible"
         }
      }
   }
}