{
	"format_version": "1.8.0",
	"animations": {
		"animation.wither_titan.move": {
			"loop": true,
			"bones": {
				"bone1": {
					"rotation": ["15+Math.cos(query.life_time * 50+(-50)) * -15", 0, 0],
					"position": [0.5, 0, 0]
				},
				"bone2": {
					"rotation": ["15+Math.cos(query.life_time * 50+(-100)) * -15", 0, 0]
				},
				"head2": {
					"rotation": ["Math.cos(query.life_time * 50+(-150)) * -5", 0, 0]
				},
				"head3": {
					"rotation": ["Math.cos(query.life_time * 50+(-150)) * -5", 0, 0]
				},
				"bone3": {
					"rotation": [0, "15+Math.cos(query.life_time * 10) * -360", 0],
					"position": [0, 6, 0]
				},
				"bone4": {
					"rotation": [0, 0, -40]
				},
				"bone5": {
					"rotation": [0, 0, 40]
				},
				"bone6": {
					"rotation": [40, 0, 0]
				},
				"bone7": {
					"rotation": [-40, 0, 0]
				},
				"bone8": {
					"rotation": [-20, 0, 20]
				},
				"bone9": {
					"rotation": [20, 0, 20]
				},
				"bone10": {
					"rotation": [20, 0, -20]
				},
				"bone11": {
					"rotation": [-20, 0, -20]
				}
			}
		}
	}
}