{
	"format_version": "1.12.0",
	"minecraft:geometry": [
		{
			"description": {
				"identifier": "geometry.jc_grandmother",
				"texture_width": 64,
				"texture_height": 64,
				"visible_bounds_width": 3,
				"visible_bounds_height": 4.5,
				"visible_bounds_offset": [0, 1.75, 0]
			},
			"bones": [
				{
					"name": "body",
					"pivot": [0, 0, 0],
					"cubes": [
						{"origin": [-8.6, 0, -4], "size": [17.2, 7, 9], "uv": [12, 48]},
						{"origin": [-8.5, 7, -3.8], "size": [17, 2, 8.6], "uv": [14, 54]},
						{"origin": [-7.9, 9, -3.7], "size": [15.8, 2.7, 8.4], "uv": [18, 54]},
						{"origin": [-7.6, 11.5, -3.5], "size": [15.2, 4.7, 8], "uv": [18, 52]},
						{"origin": [-7.2, 16.1, -3.3], "size": [14.4, 3.7, 7.6], "uv": [21, 54]},
						{"origin": [-7, 19.8, -3.1], "size": [14, 10.2, 7.2], "uv": [22, 47]},
						{"origin": [-7, 30, -3], "size": [1.7, 1.3, 7], "uv": [35, 52]},
						{"origin": [5.4, 30, -3], "size": [1.6, 1.3, 7], "uv": [42, 51]}
					]
				},
				{
					"name": "arm",
					"parent": "body",
					"pivot": [0, 0, 0]
				},
				{
					"name": "rightarm",
					"parent": "arm",
					"pivot": [-7, 28, 0],
					"cubes": [
						{"origin": [-14, 11.8, -1.1], "size": [3, 16.2, 4.2], "pivot": [0, 2, 0], "rotation": [0, 0, 10], "uv": [50, 0]},
						{"origin": [-15, 11.8, -1.1], "size": [1, 15.2, 4.2], "pivot": [0, 2, 0], "rotation": [0, 0, 10], "uv": [54, 0]}
					]
				},
				{
					"name": "item",
					"parent": "rightarm",
					"pivot": [0, 0, 0],
					"cubes": [
						{"origin": [-11.6, 14.3, -23.6], "size": [2.2, 2.6, 0.6], "uv": [0, 33]},
						{"origin": [-11.8, 14.1, -23], "size": [2.6, 3, 8], "uv": [0, 33]},
						{"origin": [-11.6, 14.3, -15], "size": [2.2, 2.5, 8], "uv": [0, 33]},
						{"origin": [-11.4, 14.5, -7], "size": [1.8, 2.1, 3], "uv": [0, 33]},
						{"origin": [-11.2, 14.7, -4], "size": [1.4, 1.7, 2], "uv": [0, 33]},
						{"origin": [-11, 15, -2], "size": [1, 1, 6], "uv": [0, 33]},
						{"origin": [-11.5, 14.6, 4], "size": [1.9, 1.8, 1], "uv": [0, 33]}
					]
				},
				{
					"name": "leftarm",
					"parent": "arm",
					"pivot": [7, 27, 0],
					"cubes": [
						{"origin": [10, 12, 0], "size": [3, 16.2, 4.2], "pivot": [0, 0, 0], "rotation": [0, 0, -7.5], "uv": [60, 0]},
						{"origin": [13, 12, 0], "size": [1, 15.2, 4.2], "pivot": [0, 0, 0], "rotation": [0, 0, -7.5], "uv": [60, 0]}
					]
				},
				{
					"name": "head",
					"pivot": [0, 35, 0],
					"cubes": [
						{"origin": [-6.5, 31, -6], "size": [13, 12, 13], "uv": [0, 0]},
						{"origin": [-6.5, 43, -5], "size": [13, 1, 12], "uv": [0, 0]},
						{"origin": [-5.5, 43, -6], "size": [12, 1, 1], "uv": [0, 0]},
						{"origin": [-5.5, 32, -7], "size": [11, 11, 1], "uv": [0, 0]},
						{"origin": [6.5, 32, -5], "size": [1, 11, 11], "uv": [0, 0]},
						{"origin": [-7.5, 32, -5], "size": [1, 11, 11], "uv": [0, 0]},
						{"origin": [-5.5, 32, 7], "size": [11, 11, 1], "uv": [0, 0]},
						{"origin": [-5.5, 30, -5], "size": [11, 1, 11], "uv": [0, 0]},
						{"origin": [-5.5, 44, -5], "size": [11, 1, 11], "uv": [0, 0]}
					]
				},
				{
					"name": "hat",
					"parent": "head",
					"pivot": [0, 37, -2],
					"rotation": [0, 0, -37.5],
					"cubes": [
						{"origin": [-0.5, 45, -7], "size": [1, 1, 10], "pivot": [0, 45, -2], "rotation": [180, -80, -180], "uv": [42, 53]},
						{"origin": [-0.5, 45, -7], "size": [1, 1, 10], "pivot": [0, 45, -2], "rotation": [180, -70, -180], "uv": [42, 53]},
						{"origin": [-0.5, 45, -7], "size": [1, 1, 10], "pivot": [0, 45, -2], "rotation": [180, -60, -180], "uv": [42, 53]},
						{"origin": [-0.5, 45, -7], "size": [1, 1, 10], "pivot": [0, 45, -2], "rotation": [180, -50, -180], "uv": [42, 53]},
						{"origin": [-0.5, 45, -7], "size": [1, 1, 10], "pivot": [0, 45, -2], "rotation": [180, -40, -180], "uv": [42, 53]},
						{"origin": [-0.5, 45, -7], "size": [1, 1, 10], "pivot": [0, 45, -2], "rotation": [180, -30, -180], "uv": [42, 53]},
						{"origin": [-0.5, 45, -7], "size": [1, 1, 10], "pivot": [0, 45, -2], "rotation": [180, -20, -180], "uv": [42, 53]},
						{"origin": [-0.5, 45, -7], "size": [1, 1, 10], "pivot": [0, 45, -2], "rotation": [180, -10, -180], "uv": [42, 53]},
						{"origin": [-0.5, 45, -7], "size": [1, 1, 10], "pivot": [0, 45, -2], "rotation": [0, -70, 0], "uv": [42, 53]},
						{"origin": [-0.5, 45, -7], "size": [1, 1, 10], "pivot": [0, 45, -2], "rotation": [0, -90, 0], "uv": [42, 53]},
						{"origin": [-0.5, 45, -7], "size": [1, 1, 10], "pivot": [0, 45, -2], "rotation": [0, -80, 0], "uv": [42, 53]},
						{"origin": [-0.5, 45, -7], "size": [1, 1, 10], "pivot": [0, 45, -2], "rotation": [0, -60, 0], "uv": [42, 53]},
						{"origin": [-0.5, 45, -7], "size": [1, 1, 10], "pivot": [0, 45, -2], "rotation": [0, -50, 0], "uv": [42, 53]},
						{"origin": [-0.5, 45, -7], "size": [1, 1, 10], "pivot": [0, 45, -2], "rotation": [0, -40, 0], "uv": [42, 53]},
						{"origin": [-0.5, 45, -7], "size": [1, 1, 10], "pivot": [0, 45, -2], "rotation": [0, -30, 0], "uv": [42, 53]},
						{"origin": [-0.5, 45, -7], "size": [1, 1, 10], "pivot": [0, 45, -2], "rotation": [0, -20, 0], "uv": [42, 53]},
						{"origin": [-0.5, 45, -7], "size": [1, 1, 10], "pivot": [0, 45, -2], "rotation": [0, -10, 0], "uv": [42, 53]},
						{"origin": [-0.5, 45, -7], "size": [1, 1, 10], "pivot": [0, 45, -2], "rotation": [0, 0, 0], "uv": [42, 53]}
					]
				},
				{
					"name": "top",
					"parent": "hat",
					"pivot": [0, 45, -2],
					"cubes": [
						{"origin": [-0.5, 46, -6], "size": [1, 3, 8], "pivot": [0, 45, -2], "rotation": [180, -25, -180], "uv": [46, 53]},
						{"origin": [-0.5, 46, -6], "size": [1, 3, 8], "pivot": [0, 45, -2], "rotation": [180, -12.5, -180], "uv": [46, 53]},
						{"origin": [-0.5, 46, -6], "size": [1, 3, 8], "pivot": [0, 45, -2], "rotation": [180, -37.5, -180], "uv": [46, 53]},
						{"origin": [-0.5, 46, -6], "size": [1, 3, 8], "pivot": [0, 45, -2], "rotation": [180, -52, -180], "uv": [46, 53]},
						{"origin": [-0.5, 46, -6], "size": [1, 3, 8], "pivot": [0, 45, -2], "rotation": [180, -65, -180], "uv": [46, 53]},
						{"origin": [-0.5, 46, -6], "size": [1, 3, 8], "pivot": [0, 45, -2], "rotation": [180, -77.5, -180], "uv": [46, 53]},
						{"origin": [-0.5, 46, -6], "size": [1, 3, 8], "pivot": [0, 45, -2], "rotation": [0, -25, 0], "uv": [46, 53]},
						{"origin": [-0.5, 46, -6], "size": [1, 3, 8], "pivot": [0, 45, -2], "rotation": [0, -12.5, 0], "uv": [46, 53]},
						{"origin": [-0.5, 46, -6], "size": [1, 3, 8], "pivot": [0, 45, -2], "rotation": [0, -52.5, 0], "uv": [46, 53]},
						{"origin": [-0.5, 46, -6], "size": [1, 3, 8], "pivot": [0, 45, -2], "rotation": [0, -39.5, 0], "uv": [46, 53]},
						{"origin": [-0.5, 46, -6], "size": [1, 3, 8], "pivot": [0, 45, -2], "rotation": [0, -65, 0], "uv": [46, 53]},
						{"origin": [-0.5, 46, -6], "size": [1, 3, 8], "pivot": [0, 45, -2], "rotation": [0, -77.5, 0], "uv": [46, 53]},
						{"origin": [-0.5, 46, -6], "size": [1, 3, 8], "pivot": [0, 45, -2], "rotation": [0, -90, 0], "uv": [46, 53]},
						{"origin": [-0.5, 46, -6], "size": [1, 3, 8], "pivot": [0, 45, -2], "rotation": [0, 0, 0], "uv": [46, 53]}
					]
				},
				{
					"name": "part",
					"parent": "top",
					"pivot": [0, 47.5, -2],
					"rotation": [0, -32.5, 0],
					"cubes": [
						{"origin": [-4.5, 47, -4], "size": [1, 1, 4], "pivot": [-4, 47.5, -2], "rotation": [27.5, 0, 0], "uv": [0, 59]},
						{"origin": [-4.5, 47, -4], "size": [1, 1, 4], "pivot": [-4, 47.5, -2], "rotation": [0, 0, 0], "uv": [0, 59]},
						{"origin": [-4.5, 47, -4], "size": [1, 1, 4], "pivot": [-4, 47.5, -2], "rotation": [-27.5, 0, 0], "uv": [0, 59]}
					]
				},
				{
					"name": "ear",
					"parent": "head",
					"pivot": [3, 37.5, -7]
				},
				{
					"name": "leftear",
					"parent": "ear",
					"pivot": [2.6, 36.3, -7],
					"cubes": [
						{"origin": [7.1, 42.8, -0.2], "size": [1, 5, 0.7], "uv": [0, 0]},
						{"origin": [7.1, 42.8, -0.2], "size": [1, 5, 0.7], "pivot": [7.6, 45.3, 0], "rotation": [0, 0, -22.5], "uv": [0, 0]},
						{"origin": [7.1, 42.8, -0.2], "size": [1, 5, 0.7], "pivot": [7.6, 45.3, 0], "rotation": [0, 0, -45], "uv": [0, 0]},
						{"origin": [7.1, 42.8, -0.2], "size": [1, 5, 0.7], "pivot": [7.6, 45.3, 0], "rotation": [0, 0, -67.5], "uv": [0, 0]},
						{"origin": [7.1, 42.8, -0.2], "size": [1, 5, 0.7], "pivot": [7.6, 45.3, 0], "rotation": [0, 0, -90], "uv": [0, 0]},
						{"origin": [7.1, 42.8, -0.2], "size": [1, 5, 0.7], "pivot": [7.6, 45.3, 0], "rotation": [0, 0, -112.5], "uv": [0, 0]},
						{"origin": [7.1, 42.8, -0.2], "size": [1, 5, 0.7], "pivot": [7.6, 45.3, 0], "rotation": [0, 0, -135], "uv": [0, 0]},
						{"origin": [7.1, 42.8, -0.2], "size": [1, 5, 0.7], "pivot": [7.6, 45.3, 0], "rotation": [0, 0, -157.5], "uv": [0, 0]}
					]
				},
				{
					"name": "eyes",
					"parent": "head",
					"pivot": [0, -4, 0]
				},
				{
					"name": "righteye",
					"parent": "eyes",
					"pivot": [0, -4, 0],
					"cubes": [
						{"origin": [-3.5, 38, -7.2], "size": [1, 3, 0.2], "uv": [37, 31]},
						{"origin": [-3.5, 38, -7.2], "size": [1, 3, 0.2], "pivot": [-3, 39.5, -7], "rotation": [0, 0, -32.5], "uv": [37, 31]},
						{"origin": [-3.5, 38, -7.2], "size": [1, 3, 0.2], "pivot": [-3, 39.5, -7], "rotation": [0, 0, -67.5], "uv": [37, 31]},
						{"origin": [-3.5, 38, -7.2], "size": [1, 3, 0.2], "pivot": [-3, 39.5, -7], "rotation": [0, 0, -105], "uv": [37, 31]},
						{"origin": [-3.5, 38, -7.2], "size": [1, 3, 0.2], "pivot": [-3, 39.5, -7], "rotation": [0, 0, -142.5], "uv": [37, 31]}
					]
				},
				{
					"name": "righteye2",
					"parent": "eyes",
					"pivot": [-3, 39.2, -7.1],
					"cubes": [
						{"origin": [-3, 38.5, -7.3], "size": [0.5, 1.4, 0.1], "uv": [48, 37]},
						{"origin": [-3, 38.5, -7.3], "size": [0.5, 1.4, 0.1], "pivot": [-2.75, 39.2, -7.1], "rotation": [0, 0, -40], "uv": [48, 37]},
						{"origin": [-3, 38.5, -7.3], "size": [0.5, 1.4, 0.1], "pivot": [-2.75, 39.2, -7.1], "rotation": [0, 0, -77.5], "uv": [48, 37]},
						{"origin": [-3, 38.5, -7.3], "size": [0.5, 1.4, 0.1], "pivot": [-2.75, 39.2, -7.1], "rotation": [0, 0, -120], "uv": [48, 37]},
						{"origin": [-3, 38.5, -7.3], "size": [0.5, 1.4, 0.1], "pivot": [-2.75, 39.2, -7.1], "rotation": [0, 0, -147.5], "uv": [48, 37]}
					]
				},
				{
					"name": "lefteye2",
					"parent": "eyes",
					"pivot": [2.4, 39.1, -7.1],
					"cubes": [
						{"origin": [2.4, 38.4, -7.3], "size": [0.5, 1.4, 0.1], "uv": [48, 37]},
						{"origin": [2.4, 38.4, -7.3], "size": [0.5, 1.4, 0.1], "pivot": [2.65, 39.1, -7.1], "rotation": [0, 0, -40], "uv": [48, 37]},
						{"origin": [2.4, 38.4, -7.3], "size": [0.5, 1.4, 0.1], "pivot": [2.65, 39.1, -7.1], "rotation": [0, 0, -77.5], "uv": [48, 37]},
						{"origin": [2.4, 38.4, -7.3], "size": [0.5, 1.4, 0.1], "pivot": [2.65, 39.1, -7.1], "rotation": [0, 0, -120], "uv": [48, 37]},
						{"origin": [2.4, 38.4, -7.3], "size": [0.5, 1.4, 0.1], "pivot": [2.65, 39.1, -7.1], "rotation": [0, 0, -147.5], "uv": [48, 37]}
					]
				},
				{
					"name": "lefteye",
					"parent": "eyes",
					"pivot": [6, -4, 0],
					"cubes": [
						{"origin": [2.5, 38, -7.2], "size": [1, 3, 0.2], "uv": [38, 31]},
						{"origin": [2.5, 38, -7.2], "size": [1, 3, 0.2], "pivot": [3, 39.5, -7], "rotation": [0, 0, -32.5], "uv": [38, 31]},
						{"origin": [2.5, 38, -7.2], "size": [1, 3, 0.2], "pivot": [3, 39.5, -7], "rotation": [0, 0, -67.5], "uv": [38, 31]},
						{"origin": [2.5, 38, -7.2], "size": [1, 3, 0.2], "pivot": [3, 39.5, -7], "rotation": [0, 0, -105], "uv": [38, 31]},
						{"origin": [2.5, 38, -7.2], "size": [1, 3, 0.2], "pivot": [3, 39.5, -7], "rotation": [0, 0, -142.5], "uv": [38, 31]}
					]
				},
				{
					"name": "nose",
					"parent": "head",
					"pivot": [0, 34, 0],
					"cubes": [
						{"origin": [-1, 33, -8], "size": [2, 6, 1], "pivot": [0, 36, 0], "rotation": [0, 0, -147.5], "uv": [58, 22]},
						{"origin": [-1, 33, -8], "size": [2, 6, 1], "uv": [58, 22]},
						{"origin": [-1, 33, -8], "size": [2, 6, 1], "pivot": [0, 36, 0], "rotation": [0, 0, -35], "uv": [58, 22]},
						{"origin": [-1, 33, -8], "size": [2, 6, 1], "pivot": [0, 36, 0], "rotation": [0, 0, -72.5], "uv": [58, 22]},
						{"origin": [-1, 33, -8], "size": [2, 6, 1], "pivot": [0, 36, 0], "rotation": [0, 0, -110], "uv": [58, 22]}
					]
				},
				{
					"name": "nose2",
					"parent": "nose",
					"pivot": [0, -4, 0],
					"cubes": [
						{"origin": [-1.8, 35.4, -8.1], "size": [0.3, 1, 0.1], "uv": [62, 35]},
						{"origin": [-1.8, 35.4, -8.1], "size": [0.3, 1, 0.1], "pivot": [-1.65, 35.9, -8], "rotation": [0, 0, -30], "uv": [62, 35]},
						{"origin": [-1.8, 35.4, -8.1], "size": [0.3, 1, 0.1], "pivot": [-1.65, 35.9, -8], "rotation": [0, 0, -55], "uv": [62, 35]},
						{"origin": [-1.8, 35.4, -8.1], "size": [0.3, 1, 0.1], "pivot": [-1.65, 35.9, -8], "rotation": [0, 0, -80], "uv": [62, 35]},
						{"origin": [-1.8, 35.4, -8.1], "size": [0.3, 1, 0.1], "pivot": [-1.65, 35.9, -8], "rotation": [0, 0, -105], "uv": [62, 35]},
						{"origin": [-1.8, 35.4, -8.1], "size": [0.3, 1, 0.1], "pivot": [-1.65, 35.9, -8], "rotation": [0, 0, -132.5], "uv": [62, 35]},
						{"origin": [-1.8, 35.4, -8.1], "size": [0.3, 1, 0.1], "pivot": [-1.65, 35.9, -8], "rotation": [0, 0, -147.5], "uv": [62, 35]}
					]
				},
				{
					"name": "nose3",
					"parent": "nose",
					"pivot": [3.2, -4, 0],
					"cubes": [
						{"origin": [1.4, 35.4, -8.1], "size": [0.3, 1, 0.1], "uv": [62, 35]},
						{"origin": [1.4, 35.4, -8.1], "size": [0.3, 1, 0.1], "pivot": [1.55, 35.9, -8], "rotation": [0, 0, -30], "uv": [62, 35]},
						{"origin": [1.4, 35.4, -8.1], "size": [0.3, 1, 0.1], "pivot": [1.55, 35.9, -8], "rotation": [0, 0, -55], "uv": [62, 35]},
						{"origin": [1.4, 35.4, -8.1], "size": [0.3, 1, 0.1], "pivot": [1.55, 35.9, -8], "rotation": [0, 0, -80], "uv": [62, 35]},
						{"origin": [1.4, 35.4, -8.1], "size": [0.3, 1, 0.1], "pivot": [1.55, 35.9, -8], "rotation": [0, 0, -105], "uv": [62, 35]},
						{"origin": [1.4, 35.4, -8.1], "size": [0.3, 1, 0.1], "pivot": [1.55, 35.9, -8], "rotation": [0, 0, -132.5], "uv": [62, 35]},
						{"origin": [1.4, 35.4, -8.1], "size": [0.3, 1, 0.1], "pivot": [1.55, 35.9, -8], "rotation": [0, 0, -147.5], "uv": [62, 35]}
					]
				}
			]
		}
	]
}