{
  "format_version": "1.10.0",
  "minecraft:entity": {
    "description": {
      "identifier": "minecraft:arrow",
      "is_spawnable": false,
      "is_summonable": true,
      "is_experimental": false
    },
    "component_groups": {
      "minecraft:hard_arrow": {
        "minecraft:projectile": {
          "onHit": {
            "definition_event": {
              "affectProjectile": true,
              "eventTrigger": {
                "event": "minecraft:explode",
                "target": "self"
              }
            }
          },
          "hitSound": "bow.hit",
          "power": 1.6,
          "gravity": 0.05,
          "uncertaintyBase": 16,
          "uncertaintyMultiplier": 4,
          "anchor": 1,
          "shouldbounce": true,
          "offset": [
            0,
            -0.1,
            0
          ]
        }
      },
      "minecraft:player_arrow": {
        "minecraft:projectile": {
          "onHit": {
            "definition_event": {
              "affectProjectile": true,
              "eventTrigger": {
                "event": "minecraft:explode",
                "target": "self"
              }
            }
          },
          "hitSound": "bow.hit",
          "power": 5,
          "gravity": 0.05,
          "uncertaintyBase": 1,
          "uncertaintyMultiplier": 0,
          "anchor": 1,
          "shouldbounce": true,
          "offset": [
            0,
            -0.1,
            0
          ]
        }
      },
      "minecraft:pillager_arrow": {
        "minecraft:projectile": {
          "onHit": {
            "definition_event": {
              "affectProjectile": true,
              "eventTrigger": {
                "event": "minecraft:explode",
                "target": "self"
              }
            }
          },
          "hitSound": "bow.hit",
          "power": 1.6,
          "gravity": 0.05,
          "uncertaintyBase": 16,
          "uncertaintyMultiplier": 4,
          "anchor": 1,
          "shouldbounce": true,
          "offset": [
            0,
            -0.1,
            0
          ]
        }
      },
      "minecraft:exploding": {
        "minecraft:explode": {
          "fuseLength": 0,
          "fuseLit": true,
          "power": 8.8,
          "causesFire": false,
          "fireAffectedByGriefing": true,
          "destroyAffectedByGriefing": true
        }
      }
    },
    "components": {
      "minecraft:collision_box": {
        "width": 0.25,
        "height": 0.25
      },
      "minecraft:projectile": {
        "onHit": {
          "definition_event": {
            "affectProjectile": true,
            "eventTrigger": {
              "event": "minecraft:explode",
              "target": "self"
            }
          }
        },
        "hitSound": "bow.hit",
        "power": 7.6,
        "gravity": 0.05,
        "uncertaintyBase": 16,
        "uncertaintyMultiplier": 4,
        "anchor": 1,
        "shouldbounce": true,
        "offset": [
          0,
          -0.1,
          0
        ],
        "on_hit": {
          "definition_event": {
            "affectProjectile": true,
            "eventTrigger": {
              "event": "minecraft:explode",
              "target": "self"
            }
          }
        }
      },
      "minecraft:physics": {}
    },
    "events": {
      "minecraft:entity_spawned": {
        "sequence": [
          {
            "filters": {
              "test": "is_difficulty",
              "value": "hard"
            },
            "add": {
              "component_groups": [
                "minecraft:hard_arrow"
              ]
            }
          },
          {
            "filters": {
              "test": "is_family",
              "subject": "other",
              "value": "player"
            },
            "add": {
              "component_groups": [
                "minecraft:player_arrow"
              ]
            }
          },
          {
            "filters": {
              "test": "is_family",
              "subject": "other",
              "value": "pillager"
            },
            "add": {
              "component_groups": [
                "minecraft:pillager_arrow"
              ]
            }
          }
        ]
      },
      "minecraft:explode": {
        "add": {
          "component_groups": [
            "minecraft:exploding"
          ]
        }
      }
    }
  }
}