{
  "format_version": "1.13.0",
  "minecraft:entity": {
    "description": {
      "identifier": "ic:cutout_longlegs",
      "is_spawnable": true,
      "is_summonable": true,
      "is_experimental": false, 
      "scripts": {
				"animate": [
		  "setup"
		]
			},
			"animations": {
				"setup": "animation.cutout_longlegs"
			} 
    },
"component_groups": {
"sound": {
                "minecraft:transformation": {
                    "into": "ic:cutout_longlegs"
                }
			}
					},
    "components": {
      "minecraft:type_family": {
        "family": [ "inanimate", "playtime" ]
      },
      "minecraft:knockback_resistance": {
        "value": 1.0,
        "max": 1.0
      },
      "minecraft:collision_box": {
        "width": 0.5,
        "height": 1.5
      },
      "minecraft:health": {
        "value": 270,
        "max": 270
      },
      "minecraft:loot": {
        "table": "loot_tables/entities/boat.json"
      },
      "minecraft:is_stackable": {
      },
      "minecraft:physics": {
      "has_gravity" : true
      },
      "minecraft:pushable": {
        "is_pushable": true,
        "is_pushable_by_piston": true
      }, 
      "minecraft:on_hurt_by_player": {
        "event": "fall",
        "target": "self"
      },
      "minecraft:on_hurt": {
        "event": "fall",
        "target": "self"
      }
    }, 
        "events": { 
        "fall": {
        "add": {
          "component_groups": ["sound"] 
        }
      }
    } 
  }
}