{
	"file_path": "C:\\Users\\enner\\AppData\\Local\\Packages\\Microsoft.MinecraftUWP_8wekyb3d8bbwe\\LocalState\\games\\com.mojang\\development_resource_packs\\Poppy PlayTime addon RP\\animation_controllers\\boogie_bot.json",
	"file_type": "rp_animation_controller",
	"format_version": 1,
	"file_uuid": "a639cccd_eb66_4ed5_863c_4b3d864e445b",
	"file_version": 1,
	"cache_content": {
		"children": [
			{
				"data": "1.10.0",
				"key": "format_version"
			},
			{
				"open": {
					"format_version": "1.10.0",
					"animation_controllers": {
						"controller.animation.ftl_boogie_bot.general": {
							"initial_state": "moving",
							"states": {
								"moving": {
									"variables": {
										"move_speed": {
											"input": "query.modified_move_speed",
											"remap_curve": {
												"0": 0,
												"1": 1
											}
										},
										"is_idling": {
											"input": "query.modified_move_speed",
											"remap_curve": {
												"0": 1,
												"1": 0
											}
										}
									},
									"blend_transition": 0.1,
									"animations": [
										{
											"moving": "variable.move_speed"
										},
										{
											"ftl_boogie_bot_general": "variable.is_idling"
										}
									],
									"transitions": [
										{
											"running": "query.ground_speed >= 4.0 && query.is_on_ground"
										},
										{
											"jumping": "!query.is_on_ground && !query.is_in_water && !query.is_wall_climbing"
										},
										{
											"climbing": "query.is_wall_climbing"
										}
									]
								},
								"running": {
									"animations": [
										"running"
									],
									"transitions": [
										{
											"moving": "query.ground_speed <= 4.0 && query.is_on_ground"
										}
									],
									"blend_transition": 0.1
								},
								"jumping": {
									"animations": [
										"jumping"
									],
									"transitions": [
										{
											"moving": "query.is_on_ground"
										}
									],
									"blend_transition": 0.5
								},
								"climbing": {
									"animations": [
										"climbing"
									],
									"transitions": [
										{
											"moving": "!query.is_wall_climbing"
										}
									],
									"blend_transition": 0.5
								}
							}
						},
						"controller.animation.ftl_huggy_wuggy.looking_at": {
							"states": {
								"default": {
									"animations": [
										"looking"
									]
								}
							}
						}
					}
				},
				"key": "animation_controllers",
				"children": [
					{
						"key": "controller.animation.ftl_boogie_bot.general",
						"is_minified": true,
						"children": {
							"initial_state": "moving",
							"states": {
								"moving": {
									"variables": {
										"move_speed": {
											"input": "query.modified_move_speed",
											"remap_curve": {
												"0": 0,
												"1": 1
											}
										},
										"is_idling": {
											"input": "query.modified_move_speed",
											"remap_curve": {
												"0": 1,
												"1": 0
											}
										}
									},
									"blend_transition": 0.1,
									"animations": [
										{
											"moving": "variable.move_speed"
										},
										{
											"ftl_boogie_bot_general": "variable.is_idling"
										}
									],
									"transitions": [
										{
											"running": "query.ground_speed >= 4.0 && query.is_on_ground"
										},
										{
											"jumping": "!query.is_on_ground && !query.is_in_water && !query.is_wall_climbing"
										},
										{
											"climbing": "query.is_wall_climbing"
										}
									]
								},
								"running": {
									"animations": [
										"running"
									],
									"transitions": [
										{
											"moving": "query.ground_speed <= 4.0 && query.is_on_ground"
										}
									],
									"blend_transition": 0.1
								},
								"jumping": {
									"animations": [
										"jumping"
									],
									"transitions": [
										{
											"moving": "query.is_on_ground"
										}
									],
									"blend_transition": 0.5
								},
								"climbing": {
									"animations": [
										"climbing"
									],
									"transitions": [
										{
											"moving": "!query.is_wall_climbing"
										}
									],
									"blend_transition": 0.5
								}
							}
						}
					},
					{
						"open": {
							"controller.animation.ftl_boogie_bot.general": {
								"initial_state": "moving",
								"states": {
									"moving": {
										"variables": {
											"move_speed": {
												"input": "query.modified_move_speed",
												"remap_curve": {
													"0": 0,
													"1": 1
												}
											},
											"is_idling": {
												"input": "query.modified_move_speed",
												"remap_curve": {
													"0": 1,
													"1": 0
												}
											}
										},
										"blend_transition": 0.1,
										"animations": [
											{
												"moving": "variable.move_speed"
											},
											{
												"ftl_boogie_bot_general": "variable.is_idling"
											}
										],
										"transitions": [
											{
												"running": "query.ground_speed >= 4.0 && query.is_on_ground"
											},
											{
												"jumping": "!query.is_on_ground && !query.is_in_water && !query.is_wall_climbing"
											},
											{
												"climbing": "query.is_wall_climbing"
											}
										]
									},
									"running": {
										"animations": [
											"running"
										],
										"transitions": [
											{
												"moving": "query.ground_speed <= 4.0 && query.is_on_ground"
											}
										],
										"blend_transition": 0.1
									},
									"jumping": {
										"animations": [
											"jumping"
										],
										"transitions": [
											{
												"moving": "query.is_on_ground"
											}
										],
										"blend_transition": 0.5
									},
									"climbing": {
										"animations": [
											"climbing"
										],
										"transitions": [
											{
												"moving": "!query.is_wall_climbing"
											}
										],
										"blend_transition": 0.5
									}
								}
							},
							"controller.animation.ftl_huggy_wuggy.looking_at": {
								"states": {
									"default": {
										"animations": [
											"looking"
										]
									}
								}
							}
						},
						"key": "controller.animation.ftl_huggy_wuggy.looking_at",
						"is_minified": true,
						"children": {
							"states": {
								"default": {
									"animations": [
										"looking"
									]
								}
							}
						}
					}
				]
			}
		]
	}
}