{
	"file_path": "C:\\Users\\enner\\AppData\\Local\\Packages\\Microsoft.MinecraftUWP_8wekyb3d8bbwe\\LocalState\\games\\com.mojang\\development_resource_packs\\Poppy PlayTime addon RP\\animation_controllers\\huggy_wuggy.json",
	"file_type": "rp_animation_controller",
	"format_version": 1,
	"file_uuid": "4bc2a5c1_1dca_414e_add4_9181a1daff8c",
	"file_version": 7,
	"cache_content": {
		"children": [
			{
				"data": "1.10.0",
				"key": "format_version"
			},
			{
				"open": {
					"format_version": "1.10.0",
					"animation_controllers": {
						"controller.animation.ftl_huggy_wuggy.general": {
							"initial_state": "moving",
							"states": {
								"moving": {
									"variables": {
										"move_speed": {
											"input": "query.modified_move_speed",
											"remap_curve": {
												"0": 0,
												"1": 1
											}
										},
										"is_idling": {
											"input": "query.modified_move_speed",
											"remap_curve": {
												"0": 1,
												"1": 0
											}
										}
									},
									"blend_transition": 0.1,
									"animations": [
										{
											"moving": "variable.move_speed"
										},
										{
											"ftl_huggy_wuggy_general": "variable.is_idling"
										}
									],
									"transitions": [
										{
											"running": "query.ground_speed >= 4.0 && query.is_on_ground"
										},
										{
											"jumping": "!query.is_on_ground && !query.is_in_water && !query.is_wall_climbing"
										},
										{
											"climbing": "query.is_wall_climbing"
										}
									]
								},
								"running": {
									"animations": [
										"running"
									],
									"transitions": [
										{
											"moving": "query.ground_speed <= 4.0 && query.is_on_ground"
										}
									],
									"blend_transition": 0.1
								},
								"jumping": {
									"animations": [
										"jumping"
									],
									"transitions": [
										{
											"moving": "query.is_on_ground"
										}
									],
									"blend_transition": 0.5
								},
								"climbing": {
									"animations": [
										"climbing"
									],
									"transitions": [
										{
											"moving": "!query.is_wall_climbing"
										}
									],
									"blend_transition": 0.5
								}
							}
						},
						"controller.animation.ftl_huggy_wuggy.attack": {
							"states": {
								"default": {
									"transitions": [
										{
											"attack1": "variable.attack_time > 0"
										}
									],
									"blend_transition": 0.1
								},
								"attack1": {
									"animations": [
										"attack"
									],
									"transitions": [
										{
											"default": "query.all_animations_finished"
										}
									],
									"blend_transition": 0.1
								},
								"attack2": {
									"animations": [
										"attack2"
									],
									"transitions": [
										{
											"default": "query.all_animations_finished"
										}
									],
									"blend_transition": 0.1
								}
							}
						},
						"controller.animation.ftl_huggy_wuggy.looking_at": {
							"states": {
								"default": {
									"animations": [
										"looking"
									]
								}
							}
						}
					}
				},
				"key": "animation_controllers",
				"children": [
					{
						"key": "controller.animation.ftl_huggy_wuggy.general",
						"children": [
							{
								"data": "moving",
								"key": "initial_state"
							},
							{
								"key": "states",
								"children": [
									{
										"key": "moving",
										"is_minified": true,
										"children": {
											"variables": {
												"move_speed": {
													"input": "query.modified_move_speed",
													"remap_curve": {
														"0": 0,
														"1": 1
													}
												},
												"is_idling": {
													"input": "query.modified_move_speed",
													"remap_curve": {
														"0": 1,
														"1": 0
													}
												}
											},
											"blend_transition": 0.1,
											"animations": [
												{
													"moving": "variable.move_speed"
												},
												{
													"ftl_huggy_wuggy_general": "variable.is_idling"
												}
											],
											"transitions": [
												{
													"running": "query.ground_speed >= 4.0 && query.is_on_ground"
												},
												{
													"jumping": "!query.is_on_ground && !query.is_in_water && !query.is_wall_climbing"
												},
												{
													"climbing": "query.is_wall_climbing"
												}
											]
										}
									},
									{
										"key": "running",
										"is_minified": true,
										"children": {
											"animations": [
												"running"
											],
											"transitions": [
												{
													"moving": "query.ground_speed <= 4.0 && query.is_on_ground"
												}
											],
											"blend_transition": 0.1
										}
									},
									{
										"key": "jumping",
										"is_minified": true,
										"children": {
											"animations": [
												"jumping"
											],
											"transitions": [
												{
													"moving": "query.is_on_ground"
												}
											],
											"blend_transition": 0.5
										}
									},
									{
										"key": "climbing",
										"children": [
											{
												"open": {
													"animations": [
														"climbing"
													],
													"transitions": [
														{
															"moving": "!query.is_wall_climbing"
														}
													],
													"blend_transition": 0.5
												},
												"key": "animations",
												"is_minified": true,
												"children": [
													"climbing"
												]
											},
											{
												"open": {
													"animations": [
														"climbing"
													],
													"transitions": [
														{
															"moving": "!query.is_wall_climbing"
														}
													],
													"blend_transition": 0.5
												},
												"key": "transitions",
												"children": [
													{
														"open": [
															{
																"moving": "!query.is_wall_climbing"
															}
														],
														"is_minified": true,
														"children": {
															"moving": "!query.is_wall_climbing"
														}
													}
												]
											},
											{
												"data": "0.5",
												"key": "blend_transition"
											}
										]
									}
								]
							}
						]
					},
					{
						"key": "controller.animation.ftl_huggy_wuggy.attack",
						"is_minified": true,
						"children": {
							"states": {
								"default": {
									"transitions": [
										{
											"attack1": "variable.attack_time > 0"
										}
									],
									"blend_transition": 0.1
								},
								"attack1": {
									"animations": [
										"attack"
									],
									"transitions": [
										{
											"default": "query.all_animations_finished"
										}
									],
									"blend_transition": 0.1
								},
								"attack2": {
									"animations": [
										"attack2"
									],
									"transitions": [
										{
											"default": "query.all_animations_finished"
										}
									],
									"blend_transition": 0.1
								}
							}
						}
					},
					{
						"key": "controller.animation.ftl_huggy_wuggy.looking_at",
						"is_minified": true,
						"children": {
							"states": {
								"default": {
									"animations": [
										"looking"
									]
								}
							}
						}
					}
				]
			}
		]
	}
}