{
	"file_path": "C:\\Users\\enner\\AppData\\Local\\Packages\\Microsoft.MinecraftUWP_8wekyb3d8bbwe\\LocalState\\games\\com.mojang\\development_resource_packs\\Poppy PlayTime addon RP\\animation_controllers\\huggy_wuggy_statue.json",
	"file_type": "rp_animation_controller",
	"format_version": 1,
	"file_uuid": "abc346cb_4a40_4d39_8f9a_23ce9579e9a1",
	"file_version": 2,
	"cache_content": {
		"children": [
			{
				"data": "1.10.0",
				"key": "format_version"
			},
			{
				"open": {
					"format_version": "1.10.0",
					"animation_controllers": {
						"controller.animation.ftl_huggy_wuggy_statue.general": {
							"initial_state": "moving",
							"states": {
								"moving": {
									"variables": {
										"move_speed": {
											"input": "query.modified_move_speed",
											"remap_curve": {
												"0": 0,
												"1": 1
											}
										},
										"is_idling": {
											"input": "query.modified_move_speed",
											"remap_curve": {
												"0": 1,
												"1": 0
											}
										}
									},
									"blend_transition": 0.1,
									"animations": [
										{
											"moving": "variable.move_speed"
										},
										{
											"ftl_huggy_wuggy_statue_general": "variable.is_idling"
										}
									],
									"transitions": [
										{
											"running": "query.ground_speed >= 4.0 && query.is_on_ground"
										},
										{
											"jumping": "!query.is_on_ground && !query.is_in_water && !query.is_wall_climbing"
										},
										{
											"climbing": "query.is_wall_climbing"
										}
									]
								},
								"running": {
									"animations": [
										"running"
									],
									"transitions": [
										{
											"moving": "query.ground_speed <= 4.0 && query.is_on_ground"
										}
									],
									"blend_transition": 0.1
								},
								"jumping": {
									"animations": [
										"jumping"
									],
									"transitions": [
										{
											"moving": "query.is_on_ground"
										}
									],
									"blend_transition": 0.5
								},
								"climbing": {
									"animations": [
										"climbing"
									],
									"transitions": [
										{
											"moving": "!query.is_wall_climbing"
										}
									],
									"blend_transition": 0.5
								}
							}
						},
						"controller.animation.ftl_huggy_wuggy_statue.looking_at": {
							"states": {
								"default": {
									"animations": [
										"looking"
									]
								}
							}
						}
					}
				},
				"key": "animation_controllers",
				"children": [
					{
						"key": "controller.animation.ftl_huggy_wuggy_statue.general",
						"children": [
							{
								"data": "moving",
								"key": "initial_state"
							},
							{
								"key": "states",
								"children": [
									{
										"open": {
											"moving": {
												"variables": {
													"move_speed": {
														"input": "query.modified_move_speed",
														"remap_curve": {
															"0": 0,
															"1": 1
														}
													},
													"is_idling": {
														"input": "query.modified_move_speed",
														"remap_curve": {
															"0": 1,
															"1": 0
														}
													}
												},
												"blend_transition": 0.1,
												"animations": [
													{
														"moving": "variable.move_speed"
													},
													{
														"ftl_huggy_wuggy_statue_general": "variable.is_idling"
													}
												],
												"transitions": [
													{
														"running": "query.ground_speed >= 4.0 && query.is_on_ground"
													},
													{
														"jumping": "!query.is_on_ground && !query.is_in_water && !query.is_wall_climbing"
													},
													{
														"climbing": "query.is_wall_climbing"
													}
												]
											},
											"running": {
												"animations": [
													"running"
												],
												"transitions": [
													{
														"moving": "query.ground_speed <= 4.0 && query.is_on_ground"
													}
												],
												"blend_transition": 0.1
											},
											"jumping": {
												"animations": [
													"jumping"
												],
												"transitions": [
													{
														"moving": "query.is_on_ground"
													}
												],
												"blend_transition": 0.5
											},
											"climbing": {
												"animations": [
													"climbing"
												],
												"transitions": [
													{
														"moving": "!query.is_wall_climbing"
													}
												],
												"blend_transition": 0.5
											}
										},
										"key": "moving",
										"children": [
											{
												"key": "variables",
												"is_minified": true,
												"children": {
													"move_speed": {
														"input": "query.modified_move_speed",
														"remap_curve": {
															"0": 0,
															"1": 1
														}
													},
													"is_idling": {
														"input": "query.modified_move_speed",
														"remap_curve": {
															"0": 1,
															"1": 0
														}
													}
												}
											},
											{
												"data": "0.1",
												"key": "blend_transition"
											},
											{
												"open": {
													"variables": {
														"move_speed": {
															"input": "query.modified_move_speed",
															"remap_curve": {
																"0": 0,
																"1": 1
															}
														},
														"is_idling": {
															"input": "query.modified_move_speed",
															"remap_curve": {
																"0": 1,
																"1": 0
															}
														}
													},
													"blend_transition": 0.1,
													"animations": [
														{
															"moving": "variable.move_speed"
														},
														{
															"ftl_huggy_wuggy_statue_general": "variable.is_idling"
														}
													],
													"transitions": [
														{
															"running": "query.ground_speed >= 4.0 && query.is_on_ground"
														},
														{
															"jumping": "!query.is_on_ground && !query.is_in_water && !query.is_wall_climbing"
														},
														{
															"climbing": "query.is_wall_climbing"
														}
													]
												},
												"key": "animations",
												"children": [
													{
														"is_minified": true,
														"children": {
															"moving": "variable.move_speed"
														}
													},
													{
														"open": [
															{
																"moving": "variable.move_speed"
															},
															{
																"ftl_huggy_wuggy_statue_general": "variable.is_idling"
															}
														],
														"is_minified": true,
														"children": {
															"ftl_huggy_wuggy_statue_general": "variable.is_idling"
														}
													}
												]
											},
											{
												"key": "transitions",
												"is_minified": true,
												"children": [
													{
														"running": "query.ground_speed >= 4.0 && query.is_on_ground"
													},
													{
														"jumping": "!query.is_on_ground && !query.is_in_water && !query.is_wall_climbing"
													},
													{
														"climbing": "query.is_wall_climbing"
													}
												]
											}
										]
									},
									{
										"key": "running",
										"is_minified": true,
										"children": {
											"animations": [
												"running"
											],
											"transitions": [
												{
													"moving": "query.ground_speed <= 4.0 && query.is_on_ground"
												}
											],
											"blend_transition": 0.1
										}
									},
									{
										"key": "jumping",
										"is_minified": true,
										"children": {
											"animations": [
												"jumping"
											],
											"transitions": [
												{
													"moving": "query.is_on_ground"
												}
											],
											"blend_transition": 0.5
										}
									},
									{
										"key": "climbing",
										"is_minified": true,
										"children": {
											"animations": [
												"climbing"
											],
											"transitions": [
												{
													"moving": "!query.is_wall_climbing"
												}
											],
											"blend_transition": 0.5
										}
									}
								]
							}
						]
					},
					{
						"open": {
							"controller.animation.ftl_huggy_wuggy_statue.general": {
								"initial_state": "moving",
								"states": {
									"moving": {
										"variables": {
											"move_speed": {
												"input": "query.modified_move_speed",
												"remap_curve": {
													"0": 0,
													"1": 1
												}
											},
											"is_idling": {
												"input": "query.modified_move_speed",
												"remap_curve": {
													"0": 1,
													"1": 0
												}
											}
										},
										"blend_transition": 0.1,
										"animations": [
											{
												"moving": "variable.move_speed"
											},
											{
												"ftl_huggy_wuggy_statue_general": "variable.is_idling"
											}
										],
										"transitions": [
											{
												"running": "query.ground_speed >= 4.0 && query.is_on_ground"
											},
											{
												"jumping": "!query.is_on_ground && !query.is_in_water && !query.is_wall_climbing"
											},
											{
												"climbing": "query.is_wall_climbing"
											}
										]
									},
									"running": {
										"animations": [
											"running"
										],
										"transitions": [
											{
												"moving": "query.ground_speed <= 4.0 && query.is_on_ground"
											}
										],
										"blend_transition": 0.1
									},
									"jumping": {
										"animations": [
											"jumping"
										],
										"transitions": [
											{
												"moving": "query.is_on_ground"
											}
										],
										"blend_transition": 0.5
									},
									"climbing": {
										"animations": [
											"climbing"
										],
										"transitions": [
											{
												"moving": "!query.is_wall_climbing"
											}
										],
										"blend_transition": 0.5
									}
								}
							},
							"controller.animation.ftl_huggy_wuggy_statue.looking_at": {
								"states": {
									"default": {
										"animations": [
											"looking"
										]
									}
								}
							}
						},
						"key": "controller.animation.ftl_huggy_wuggy_statue.looking_at",
						"is_minified": true,
						"children": {
							"states": {
								"default": {
									"animations": [
										"looking"
									]
								}
							}
						}
					}
				]
			}
		]
	}
}