{
  "format_version": "1.12.0",
  "minecraft:entity": {
    "description": {
      "identifier": "57:creeper_lightning_ball",
      "animations": {
        "esummon_creeper": "controller.animation.summon_cexp"},        
              "scripts": {
                "animate": [
                  "esummon_creeper"
                 ]
              },
      "is_spawnable": false,
      "is_summonable": true,
      "is_experimental": false,
      "runtime_identifier": "minecraft:snowball"
    },
    "components": {
      "minecraft:collision_box": {
        "width": 0.25,
        "height": 0.25
      },
      "minecraft:projectile": {
        "on_hit": {
          "spawn_chance": {
            "first_spawn_chance": 1,
            "second_spawn_chance": 9999,
            "first_spawn_count": 35,
            "second_spawn_count": 1,
            "spawn_definition": "57:2creeper_lightning"
          },
          "remove_on_hit": {}
        },
        "power": 0,
        "gravity": 1,
        "angle_offset": 0.0
      },
	    "minecraft:physics": {
      },
      "minecraft:pushable": {
        "is_pushable": true,
        "is_pushable_by_piston": true
      }
    }
  }
}