{
  "format_version": "1.12.0",
  "minecraft:entity": {
    "description": {
      "identifier": "57:getup_sound",
      "animations": {
        "epow": "controller.animation.getup_sound"},
              "scripts": {
        "animate": [
          "epow"
         ]
      },
            "is_spawnable": false,
      "is_summonable": true,
      "is_experimental": false
    },
         "component_groups": {
             "exp":{          "minecraft:explode": {
     "fuse_length": 0,
     "fuse_lit": true,
     "power": 0,
     "causes_fire": true,
         "breaks_blocks": false,
     "fire_affected_by_griefing": true,
     "destroy_affected_by_griefing": true
    }}
         },                 "components": {
                   "minecraft:collision_box": {
        "width": 0.1,
        "height": 0.1
      },
            "minecraft:behavior.knockback_roar": {
          "priority": 1,
          "duration": 0,
          "attack_time": 0.1,
          "cooldown_time": 0,
          "knockback_damage": 0,
          "knockback_strength": -1,
          "knockback_range": 0,
          "knockback_filters": {
            "test": "is_family",
            "subject": "other",
            "operator": "!=",
            "value": "titan"
          },
          "damage_filters": {
            "test": "is_family",
            "subject": "other",
            "operator": "!=",
            "value": "titan"
          },
          "on_roar_end": {
            "event": "exp"
          }
        },
        "minecraft:health":{
      "value":1,
        "min":1,
        "max":1
         },        
               "minecraft:type_family": {
        "family": [ "summon","57titan" ]
      },
            "minecraft:physics": {
        "has_gravity": false,
        "has_collision": true
      },    "minecraft:damage_sensor": [
        {
          "cause": "all",
          "deals_damage": false
        }
      ]
         },                       "events": {
                 "exp": {
        "add": {
          "component_groups": [
            "exp"
          ]
        }
      }
         }}}