{
  "format_version": "1.12.0",
  "minecraft:entity": {
    "description": {
      "identifier": "57:2creeper_lightning",
        "animations": {
"summon_creeper": "controller.animation.creeper_ball"},        
      "scripts": {
        "animate": [
          "summon_creeper"
         ]
      },
      "is_spawnable": false,
      "is_summonable": true,
      "is_experimental": false,
      "runtime_identifier": "minecraft:snowball"
    },
    "components": {
      "minecraft:collision_box": {
        "width": 0.25,
        "height": 0.6
      },
             "minecraft:explode": {
     "fuse_length": 2,
     "fuse_lit": true,
     "power": 0,
     "causes_fire": true,
         "breaks_blocks": false,
     "fire_affected_by_griefing": true,
     "destroy_affected_by_griefing": true
    },
      "minecraft:projectile": {
        "on_hit": {
          "spawn_chance": {
            "first_spawn_chance": 1,
            "second_spawn_chance": 9999,
            "first_spawn_count": 1,
            "second_spawn_count": 1,
            "spawn_baby": true,
            "spawn_definition": "minecraft:lightning_bolt"
          },
          "remove_on_hit": {}
        },
        "power": 0,
        "gravity": 1,
        "angle_offset": 0.0
      },
	    "minecraft:physics": {
      },
      "minecraft:pushable": {
        "is_pushable": true,
        "is_pushable_by_piston": true
      }
    }
  }
}
