{
  "format_version": "1.12.0",
 "minecraft:entity": {
  "description": {
    "identifier":"57:log",
    "animations": {
      "what": "controller.animation.egger"

  },
  "scripts": {
      "animate": [
          "what"
      ]
  },
    "is_spawnable": false,
    "is_summonable": true,
    "is_experimental": false
  },
  "component_groups": {
   "minecraft:exploding": {
    "minecraft:explode": {
     "fuse_length": 0,
     "fuse_lit": true,
     "power": 0.5,
     "causes_fire": false,
         "breaks_blocks": true,
     "fire_affected_by_griefing": true,
     "destroy_affected_by_griefing": true
    }
   }
  },

  "components": {
        "minecraft:type_family": {
        "family": [ "fox","summon"  ]
      },
   "minecraft:collision_box": {
    "width": 0.2,
    "height": 0.2
   },
   "minecraft:projectile": {
    "on_hit": {
      "impact_damage":{
        "damage": 500,
        "knockback": true,
        "catch_fire": false
      },
          "spawn_chance": {
            "first_spawn_chance": 1,
            "second_spawn_chance": 9999,
            "first_spawn_count": 1,
            "second_spawn_count": 1,
            "spawn_baby": true,
            "spawn_definition": "minecraft:no"
          },
     "definition_event": {
      "affect_projectile": true,
      "event_trigger": {
         "event": "minecraft:explode",
          "target": "self"
      }
     }
    },
    "power": 0.9,
    "gravity": 0.005,
    "uncertainty_base": 0,
    "anchor": 1,
    "offset": [ 0, 10, 0 ]
   },
   "minecraft:physics": {
   },
   "minecraft:pushable": {
    "is_pushable": true,
    "is_pushable_by_piston": true
   }
  },
  "events": {
   "minecraft:explode": {
    "add": {
     "component_groups": [
      "minecraft:exploding"
     ]
    }
   }
  }
 }
}