{
  "format_version": "1.12.0",
 "minecraft:entity": {
  "description": {
    "identifier":"57:sg_shoot",
    "is_spawnable": false,
    "is_summonable": true,
    "is_experimental": false,
    "runtime_identifier":"minecraft:snowball"
  },
  "component_groups": {
   "minecraft:exploding": {
    "minecraft:explode": {
     "fuse_length": 0,
     "fuse_lit": true,
     "power": 6,
     "causes_fire": false,
         "breaks_blocks": true,
     "fire_affected_by_griefing": true,
     "destroy_affected_by_griefing": true
    }
   }
  },

  "components": {
        "minecraft:type_family": {
        "family": [ "snowgolem","summon"  ]
      },
   "minecraft:collision_box": {
    "width": 0.2,
    "height": 0.2
   },
   "minecraft:projectile": {
    "on_hit": {
      "impact_damage":{
        "damage": 5000,
        "knockback": true,
        "catch_fire": false
      },
          "spawn_chance": {
            "first_spawn_chance": 1,
            "second_spawn_chance": 9999,
            "first_spawn_count": 1,
            "second_spawn_count": 1,
            "spawn_baby": true,
            "spawn_definition": "57:nah"
          },
     "definition_event": {
      "affect_projectile": true,
      "event_trigger": {
         "event": "minecraft:explode",
          "target": "self"
      }
     }
    },
    "power": 0.9,
    "gravity": 0.01,
    "uncertainty_base": 0,
    "uncertainty_multiplier": 0,
    "anchor": 1,
    "offset": [ 0, 1.2, 0 ]
   },
   "minecraft:physics": {
   },
   "minecraft:pushable": {
    "is_pushable": true,
    "is_pushable_by_piston": true
   }
  },
  "events": {
   "minecraft:explode": {
    "add": {
     "component_groups": [
      "minecraft:exploding"
     ]
    }
   }
  }
 }
}