{
  "mob.sb_upgrade_infected_titan_speaker_man.say": {
    "category": " neutral",
    "sounds": [
      "sounds/mob/sb_upgrade_infected_titan_speaker_man/say/say1",
      "sounds/mob/sb_upgrade_infected_titan_speaker_man/say/say2",
      {
        "load_on_low_memory": true,
        "name": "sounds/mob/sb_upgrade_infected_titan_speaker_man/say/say3"
      }
    ]
  },
  "mob.sb_upgrade_infected_titan_speaker_man.hurt": {
    "category": " neutral",
    "sounds": [
      "sounds/mob/sb_upgrade_infected_titan_speaker_man/hurt/hurt1",
      "sounds/mob/sb_upgrade_infected_titan_speaker_man/hurt/hurt2",
      "sounds/mob/sb_upgrade_infected_titan_speaker_man/hurt/hurt3",
      "sounds/mob/sb_upgrade_infected_titan_speaker_man/hurt/hurt4"
    ]
  },
  "mob.sb_upgrade_infected_titan_speaker_man.death": {
    "category": " neutral",
    "sounds": [
      "sounds/mob/sb_upgrade_infected_titan_speaker_man/death/death"
    ]
  },
  "mob.sb_upgrade_infected_titan_speaker_man.step": {
    "category": " neutral",
    "sounds": [
      {
        "load_on_low_memory": true,
        "name": "sounds/mob/sb_upgrade_infected_titan_speaker_man/step/step1"
      },
      "sounds/mob/sb_upgrade_infected_titan_speaker_man/step/step2",
      "sounds/mob/sb_upgrade_infected_titan_speaker_man/step/step3",
      "sounds/mob/sb_upgrade_infected_titan_speaker_man/step/step4"
    ]
  },
  "mob.sb_upgrade_camera_manv2.say": {
    "category": " neutral",
    "sounds": [
      "sounds/mob/sb_upgrade_camera_manv2/say/say1",
      "sounds/mob/sb_upgrade_camera_manv2/say/say2",
      {
        "load_on_low_memory": true,
        "name": "sounds/mob/sb_upgrade_camera_manv2/say/say3"
      }
    ]
  },
  "mob.sb_upgrade_camera_manv2.hurt": {
    "category": " neutral",
    "sounds": [
      "sounds/mob/sb_upgrade_camera_manv2/hurt/hurt1",
      "sounds/mob/sb_upgrade_camera_manv2/hurt/hurt2",
      "sounds/mob/sb_upgrade_camera_manv2/hurt/hurt3",
      "sounds/mob/sb_upgrade_camera_manv2/hurt/hurt4"
    ]
  },
  "mob.sb_upgrade_camera_manv2.death": {
    "category": " neutral",
    "sounds": [
      "sounds/mob/sb_upgrade_camera_manv2/death/death"
    ]
  },
  "mob.sb_upgrade_camera_manv2.step": {
    "category": " neutral",
    "sounds": [
      {
        "load_on_low_memory": true,
        "name": "sounds/mob/sb_upgrade_camera_manv2/step/step1"
      },
      "sounds/mob/sb_upgrade_camera_manv2/step/step2",
      "sounds/mob/sb_upgrade_camera_manv2/step/step3",
      "sounds/mob/sb_upgrade_camera_manv2/step/step4"
    ]
  }
}