{"format_version":"1.8.0","animations":{"animation.yg_joy.general":{"loop":true,"animation_length":2,"bones":{"bone":{"rotation":{"0.0":{"post":[0,0,0],"lerp_mode":"catmullrom"},"1.0":{"post":[5,0,0],"lerp_mode":"catmullrom"},"1.5":{"post":[5,0,0],"lerp_mode":"catmullrom"},"2.0":{"post":[0,0,0],"lerp_mode":"catmullrom"}}},"Head":{"rotation":{"0.0":{"post":[0,0,0],"lerp_mode":"catmullrom"},"1.0":{"post":[-5,0,0],"lerp_mode":"catmullrom"},"2.0":{"post":[0,0,0],"lerp_mode":"catmullrom"}}},"Rightarm":{"rotation":{"0.0":{"post":[9.99067,-0.43399,12.46207],"lerp_mode":"catmullrom"},"1.0":{"post":[9.96271,-0.86717,14.92442],"lerp_mode":"catmullrom"},"1.5":{"post":[9.96,-0.87,14.92],"lerp_mode":"catmullrom"},"2.0":{"post":[9.99067,-0.43399,12.46207],"lerp_mode":"catmullrom"}}},"bone2":{"rotation":{"0.0":{"post":[-25,0,0],"lerp_mode":"catmullrom"},"1.0":{"post":[-29.97638,-1.2497,-2.16541],"lerp_mode":"catmullrom"},"1.5":{"post":[-30,0,0],"lerp_mode":"catmullrom"},"2.0":{"post":[-25,0,0],"lerp_mode":"catmullrom"}}},"Rightleg":{"rotation":{"0.0":{"post":[0,10,0],"lerp_mode":"catmullrom"}}},"Leftarm":{"rotation":{"0.0":{"post":[7.5,0,-12.5],"lerp_mode":"catmullrom"},"1.0":{"post":[7.49294,0.32621,-14.97864],"lerp_mode":"catmullrom"},"1.5":{"post":[7.49,0.33,-14.98],"lerp_mode":"catmullrom"},"2.0":{"post":[7.5,0,-12.5],"lerp_mode":"catmullrom"}}},"bone6":{"rotation":{"0.0":{"post":[-22.5,0,0],"lerp_mode":"catmullrom"},"1.0":{"post":[-24.97911,1.05627,2.26603],"lerp_mode":"catmullrom"},"1.5":{"post":[-25,0,0],"lerp_mode":"catmullrom"},"2.0":{"post":[-22.5,0,0],"lerp_mode":"catmullrom"}}},"Leftleg":{"rotation":{"0.0":{"post":[0,-15,0],"lerp_mode":"catmullrom"}}}},"particle_effects":{"0.0":{"effect":"fog","locator":"fog"}}},"animation.yg_joy.looking":{"loop":true,"bones":{"Head":{"rotation":{"0.0":{"post":["query.target_x_rotation-this","query.target_y_rotation-this",0],"lerp_mode":"catmullrom"}}}}},"animation.yg_joy.move":{"loop":true,"animation_length":1,"bones":{"Root":{"position":{"0.0":{"post":[0,-1,0],"lerp_mode":"catmullrom"},"0.25":{"post":[0,0,0],"lerp_mode":"catmullrom"},"0.5":{"post":[0,-1,0],"lerp_mode":"catmullrom"},"0.75":{"post":[0,0,0],"lerp_mode":"catmullrom"},"1.0":{"post":[0,-1,0],"lerp_mode":"catmullrom"}}},"bone":{"rotation":{"0.0":{"post":[5.00474,2.49048,0.21803],"lerp_mode":"catmullrom"},"0.5":{"post":[7.48776,-5.04478,-0.65839],"lerp_mode":"catmullrom"},"1.0":{"post":[5.00474,2.49048,0.21803],"lerp_mode":"catmullrom"}}},"Head":{"rotation":{"0.0":{"post":[-5,0,0],"lerp_mode":"catmullrom"},"0.5":{"post":[-7.5,0,0],"lerp_mode":"catmullrom"},"1.0":{"post":[-5,0,0],"lerp_mode":"catmullrom"}}},"Rightarm":{"rotation":{"0.0":{"post":[0,0,22.5],"lerp_mode":"catmullrom"},"0.5":{"post":[2.5,0,27.5],"lerp_mode":"catmullrom"},"1.0":{"post":[0,0,22.5],"lerp_mode":"catmullrom"}}},"bone2":{"rotation":{"0.0":{"post":[-42.5,0,0],"lerp_mode":"catmullrom"},"0.5":{"post":[-50,0,0],"lerp_mode":"catmullrom"},"1.0":{"post":[-42.5,0,0],"lerp_mode":"catmullrom"}}},"Rightleg":{"rotation":{"0.0":{"post":[-27.5,0,0],"lerp_mode":"catmullrom"},"0.5":{"post":[12.5,0,0],"lerp_mode":"catmullrom"},"1.0":{"post":[-27.5,0,0],"lerp_mode":"catmullrom"}},"position":{"0.0":{"post":[0,0,-1],"lerp_mode":"catmullrom"},"0.25":{"post":[0,0,0],"lerp_mode":"catmullrom"},"0.5":{"post":[0,0,1],"lerp_mode":"catmullrom"},"0.75":{"post":[0,2,0],"lerp_mode":"catmullrom"},"1.0":{"post":[0,0,-1],"lerp_mode":"catmullrom"}}},"bone4":{"rotation":{"0.0":{"post":[27.5,0,0],"lerp_mode":"catmullrom"},"0.5":{"post":[20,0,0],"lerp_mode":"catmullrom"},"0.75":{"post":[6.25,0,0],"lerp_mode":"catmullrom"},"1.0":{"post":[27.5,0,0],"lerp_mode":"catmullrom"}}},"bone5":{"rotation":{"0.0":{"post":[0,0,0],"lerp_mode":"catmullrom"},"0.25":{"post":[-17.96875,0,0],"lerp_mode":"catmullrom"},"0.5":{"post":[-7.5,0,0],"lerp_mode":"catmullrom"},"1.0":{"post":[0,0,0],"lerp_mode":"catmullrom"}}},"Leftarm":{"rotation":{"0.0":{"post":[0,0,-20],"lerp_mode":"catmullrom"},"0.5":{"post":[2.5,0,-25],"lerp_mode":"catmullrom"},"1.0":{"post":[0,0,-20],"lerp_mode":"catmullrom"}}},"bone6":{"rotation":{"0.0":{"post":[-42.5,0,0],"lerp_mode":"catmullrom"},"0.5":{"post":[-47.5,0,0],"lerp_mode":"catmullrom"},"1.0":{"post":[-42.5,0,0],"lerp_mode":"catmullrom"}}},"Leftleg":{"rotation":{"0.0":{"post":[12.5,0,0],"lerp_mode":"catmullrom"},"0.5":{"post":[-27.5,0,0],"lerp_mode":"catmullrom"},"1.0":{"post":[12.5,0,0],"lerp_mode":"catmullrom"}},"position":{"0.0":{"post":[0,0,1],"lerp_mode":"catmullrom"},"0.25":{"post":[0,2,0],"lerp_mode":"catmullrom"},"0.5":{"post":[0,0,-1],"lerp_mode":"catmullrom"},"0.75":{"post":[0,0,0],"lerp_mode":"catmullrom"},"1.0":{"post":[0,0,1],"lerp_mode":"catmullrom"}}},"bone8":{"rotation":{"0.0":{"post":[20,0,0],"lerp_mode":"catmullrom"},"0.25":{"post":[6.25,0,0],"lerp_mode":"catmullrom"},"0.5":{"post":[27.5,0,0],"lerp_mode":"catmullrom"},"1.0":{"post":[20,0,0],"lerp_mode":"catmullrom"}}},"bone9":{"rotation":{"0.0":{"post":[-7.5,0,0],"lerp_mode":"catmullrom"},"0.5":{"post":[6.25,0,0],"lerp_mode":"catmullrom"},"0.75":{"post":[-16.48437,0,0],"lerp_mode":"catmullrom"},"1.0":{"post":[-7.5,0,0],"lerp_mode":"catmullrom"}}}}},"animation.yg_joy.attack":{"animation_length":1,"bones":{"Body":{"rotation":{"0.0":{"post":[0,0,0],"lerp_mode":"catmullrom"},"0.1667":{"post":[0,20,0],"lerp_mode":"catmullrom"},"0.3333":{"post":[7.5,-15,0],"lerp_mode":"catmullrom"},"0.6667":{"post":[7.70847,-19.95609,-0.69346],"lerp_mode":"catmullrom"},"1.0":{"post":[0,0,0],"lerp_mode":"catmullrom"}}},"bone":{"rotation":{"0.0":{"post":[0,0,0],"lerp_mode":"catmullrom"},"0.1667":{"post":[-10,0,0],"lerp_mode":"catmullrom"},"0.3333":{"post":[7.7614,-14.8687,-2.00307],"lerp_mode":"catmullrom"},"0.6667":{"post":[7.97532,-19.82169,-2.71994],"lerp_mode":"catmullrom"},"1.0":{"post":[0,0,0],"lerp_mode":"catmullrom"}}},"Head":{"rotation":{"0.0":{"post":[0,0,0],"lerp_mode":"catmullrom"},"0.1667":{"post":[11.38714,-27.24513,-8.44236],"lerp_mode":"catmullrom"},"0.3333":{"post":[-4.74413,9.63515,-1.4399],"lerp_mode":"catmullrom"},"0.6667":{"post":[-2.52282,29.90864,2.44314],"lerp_mode":"catmullrom"},"1.0":{"post":[0,0,0],"lerp_mode":"catmullrom"}}},"Rightarm":{"rotation":{"0.0":{"post":[0,0,0],"lerp_mode":"catmullrom"},"0.1667":{"post":[0,12.5,62.5],"lerp_mode":"catmullrom"},"0.3333":{"post":[-41.15088,11.72145,13.0867],"lerp_mode":"catmullrom"},"0.6667":{"post":[-59.07465,-7.6032,1.49959],"lerp_mode":"catmullrom"},"1.0":{"post":[0,0,0],"lerp_mode":"catmullrom"}}},"bone2":{"rotation":{"0.0":{"post":[0,0,0],"lerp_mode":"catmullrom"},"0.1667":{"post":[-80,0,0],"lerp_mode":"catmullrom"},"0.3333":{"post":[-38.82005,-29.8742,-31.76017],"lerp_mode":"catmullrom"},"0.6667":{"post":[-55.12647,-23.33702,-23.28697],"lerp_mode":"catmullrom"},"1.0":{"post":[0,0,0],"lerp_mode":"catmullrom"}}},"bone3":{"rotation":{"0.0":{"post":[0,0,0],"lerp_mode":"catmullrom"},"0.1667":{"post":[14.65993,-3.21132,52.08681],"lerp_mode":"catmullrom"},"0.3333":{"post":[0,0,-45],"lerp_mode":"catmullrom"},"0.6667":{"post":[0,0,-30],"lerp_mode":"catmullrom"},"1.0":{"post":[0,0,0],"lerp_mode":"catmullrom"}}},"Leftarm":{"rotation":{"0.0":{"post":[0,0,0],"lerp_mode":"catmullrom"},"0.1667":{"post":[12.5,0,-20],"lerp_mode":"catmullrom"},"0.3333":{"post":[17.5,0,-20],"lerp_mode":"catmullrom"},"0.6667":{"post":[17.5,0,-20],"lerp_mode":"catmullrom"},"1.0":{"post":[0,0,0],"lerp_mode":"catmullrom"}}},"bone6":{"rotation":{"0.0":{"post":[0,0,0],"lerp_mode":"catmullrom"},"0.1667":{"post":[-27.5,0,0],"lerp_mode":"catmullrom"},"0.3333":{"post":[-35,0,0],"lerp_mode":"catmullrom"},"0.6667":{"post":[-35,0,0],"lerp_mode":"catmullrom"},"1.0":{"post":[0,0,0],"lerp_mode":"catmullrom"}}},"bone7":{"rotation":{"0.0":{"post":[0,0,0],"lerp_mode":"catmullrom"},"0.1667":{"post":[-12.5,0,0],"lerp_mode":"catmullrom"},"0.3333":{"post":[2.41492,-0.64686,14.98637],"lerp_mode":"catmullrom"},"0.6667":{"post":[2.41,-0.65,14.99],"lerp_mode":"catmullrom"},"1.0":{"post":[0,0,0],"lerp_mode":"catmullrom"}}}}},"animation.yg_joy.jump":{"loop":true,"bones":{"Root":{"rotation":{"0.0":{"post":[22.5,0,0],"lerp_mode":"catmullrom"}},"position":{"0.0":{"post":[0,0,5],"lerp_mode":"catmullrom"}}},"Body":{"rotation":{"0.0":{"post":[12.5,0,0],"lerp_mode":"catmullrom"}}},"bone":{"rotation":{"0.0":{"post":[-7.5,0,0],"lerp_mode":"catmullrom"}}},"Head":{"rotation":{"0.0":{"post":[-17.35932,2.24944,7.15656],"lerp_mode":"catmullrom"}}},"Rightarm":{"rotation":{"0.0":{"post":[-55.41141,18.82943,12.54707],"lerp_mode":"catmullrom"}}},"bone2":{"rotation":{"0.0":{"post":[-52.5,0,0],"lerp_mode":"catmullrom"}}},"Rightleg":{"rotation":{"0.0":{"post":[22.5,0,17.5],"lerp_mode":"catmullrom"}}},"bone4":{"rotation":{"0.0":{"post":[50,0,0],"lerp_mode":"catmullrom"}}},"Leftarm":{"rotation":{"0.0":{"post":[-55.41141,-18.82943,-12.54707],"lerp_mode":"catmullrom"}}},"bone6":{"rotation":{"0.0":{"post":[-52.5,0,0],"lerp_mode":"catmullrom"}}},"Leftleg":{"rotation":{"0.0":{"post":[0,0,-10],"lerp_mode":"catmullrom"}}},"bone8":{"rotation":{"0.0":{"post":[55,0,0],"lerp_mode":"catmullrom"}}}}},"animation.yg_joy.jumpscare":{"animation_length":2,"bones":{"bone":{"rotation":{"0.0":{"post":[0,0,0],"lerp_mode":"catmullrom"},"0.1667":{"post":[-10,0,0],"lerp_mode":"catmullrom"},"0.3333":{"post":[12.5,0,0],"lerp_mode":"catmullrom"},"1.75":{"post":[12.5,0,0],"lerp_mode":"catmullrom"},"2.0":{"post":[0,0,0],"lerp_mode":"catmullrom"}}},"Head":{"rotation":{"0.0":{"post":[0,0,0],"lerp_mode":"catmullrom"},"0.1667":{"post":[-10,0,0],"lerp_mode":"catmullrom"},"0.3333":{"post":[-9.89638,1.61888,7.32417],"lerp_mode":"catmullrom"},"1.0":{"post":[-10.02156,0.32001,-0.06372],"lerp_mode":"catmullrom"},"1.5":{"post":[-9.95672,1.18785,4.86087],"lerp_mode":"catmullrom"},"1.75":{"post":[-9.96,1.19,4.86],"lerp_mode":"catmullrom"},"2.0":{"post":[0,0,0],"lerp_mode":"catmullrom"}}},"Rightarm":{"rotation":{"0.0":{"post":[0,0,0],"lerp_mode":"catmullrom"},"0.1667":{"post":[3.83075,-7.98499,16.85495],"lerp_mode":"catmullrom"},"0.3333":{"post":[-17.98545,-7.62094,11.82158],"lerp_mode":"catmullrom"},"1.75":{"post":[-17.99,-7.62,11.82],"lerp_mode":"catmullrom"},"2.0":{"post":[0,0,0],"lerp_mode":"catmullrom"}}},"bone2":{"rotation":{"0.0":{"post":[0,0,0],"lerp_mode":"catmullrom"},"0.1667":{"post":[-12.5,0,0],"lerp_mode":"catmullrom"},"0.3333":{"post":[-52.5,0,0],"lerp_mode":"catmullrom"},"1.75":{"post":[-52.5,0,0],"lerp_mode":"catmullrom"},"2.0":{"post":[0,0,0],"lerp_mode":"catmullrom"}}},"Leftarm":{"rotation":{"0.0":{"post":[0,0,0],"lerp_mode":"catmullrom"},"0.1667":{"post":[0,0,-17.5],"lerp_mode":"catmullrom"},"0.3333":{"post":[-12.5,0,-10],"lerp_mode":"catmullrom"},"1.75":{"post":[-12.5,0,-10],"lerp_mode":"catmullrom"},"2.0":{"post":[0,0,0],"lerp_mode":"catmullrom"}}},"bone6":{"rotation":{"0.0":{"post":[0,0,0],"lerp_mode":"catmullrom"},"0.1667":{"post":[-12.5,0,0],"lerp_mode":"catmullrom"},"0.3333":{"post":[-52.5,0,0],"lerp_mode":"catmullrom"},"1.75":{"post":[-52.5,0,0],"lerp_mode":"catmullrom"},"2.0":{"post":[0,0,0],"lerp_mode":"catmullrom"}}}}}}}