{
  "format_version": "1.10.0",
  "minecraft:client_entity": {
    "description": {
      "identifier": "minecraft:player",
      "materials": {
          "charged": "charged_creeper",
        "default": "entity_alphatest",
        "cape": "entity_alphatest",
        "animated": "player_animated",
        "haki": "haki"
      },
      "textures": {
        "default": "textures/entity/steve",
        "cape": "textures/entity/cape_invisible",
        "gohant": "textures/dbz/gohanteen",
        "gohantssj": "textures/dbz/gohantssj2",
        "naruto": "textures/naruto/narutoc",
        "narutom": "textures/naruto/naruto1calda",
        "narutom1": "textures/naruto/manto1calda",
        "narutom2": "textures/naruto/manto1caldaoutline",
        "goku": "textures/dbz/goku",
        "gokussj": "textures/dbz/gokussj",
        
      "akaza": "textures/ds/akaza",
      "rengoku": "textures/ds/rengoku",
      "fdragon": "textures/firedragon",
      "black": "textures/black",
      "itadori": "textures/jk/itadori",
      "sukuna": "textures/jk/sukuna"
          ,
          
          "gojo": "textures/jk/gojo"
      ,
      "gojoawk": "textures/jk/gojoawk",
      "ebert": "textures/ytb/ebert",
      "deku": "textures/bnh/deku",
      "green": "textures/green",
      "dekuawk": "textures/bnh/dekuawk",
      "cian": "textures/cian",
      "vegeta": "textures/dbz/vegeta",
      "broly": "textures/dbz/broly",
      "dio": "textures/jojo/dio",
      "gokussj3": "textures/dbz/gokussj3",
      "brolyssjl": "textures/dbz/brolyssjl",
      "vegetassj": "textures/dbz/vegetassj",
      "gokussjg": "textures/dbz/gokussjg",
"gokussjb": "textures/dbz/gokussjb",
"gokumui": "textures/dbz/gokumui",
"vegetassjg": "textures/dbz/vegetassjg",
"vegetassjb": "textures/dbz/vegetassjb",
"vegetaego": "textures/dbz/vegetaego",
"vegetto": "textures/dbz/vegetto",
"muikame": "textures/dbz/muikame"

          
      },
      "geometry": {
        "default": "geometry.humanoid.custom",
        "cape": "geometry.cape",
        "gohant": "geometry.gohanteen",
        "gohantssj": "geometry.gohantssj2",
        "naruto": "geometry.narutoc",
        "narutom": "geometry.narutoc",
        "narutom1": "geometry.manto1calda",
        "narutom2": "geometry.manto1caldaoutline",
        "goku": "geometry.goku",
        "gokussj": "geometry.gokussj",
        "akaza": "geometry.akaza",
        "rengoku": "geometry.rengoku",
        "fdragon": "geometry.firedragon",
        "akazaoutline": "geometry.akazaoutline",
        "narutooutline": "geometry.narutooutline",
        "rengokuoutline": "geometry.rengokuoutline",
        "gohantssjoutline": "geometry.gohantssj2outline",
         "gokuoutline": "geometry.gokuoutline",
         "gokussjoutline": "geometry.gokussjoutline",
         "gohantoutline": "geometry.gohanteenoutline",
         "itadori": "geometry.itadori",
        "itadorioutline": "geometry.itadorioutline",
        "sukuna": "geometry.sukuna",
         "sukunaoutline": "geometry.sukunaoutline",
         "gojo": "geometry.gojo",
         "gojooutline": "geometry.gojooutline",
         "gojoawk": "geometry.gojoawk",
         "gojoawkoutline": "geometry.gojoawkoutline",
         "ebert": "geometry.ebert",
         "ebertoutline": "geometry.ebertoutline",
         "deku": "geometry.deku",
         "dekuoutline": "geometry.dekuoutline",
         "dekuoutline2": "geometry.dekuoutline2",
         "dekucalvo": "geometry.dekucalvo",
         "gojoawkoutline2": "geometry.gojoawkoutline2",
         "gojoawkcalvo": "geometry.gojoawkcalvo",
         "gojooutline2": "geometry.gojooutline2",
         "gojocalvo": "geometry.gojocalvo",
         "akazaoutline2": "geometry.akazaoutline2",
         "akazacalvo": "geometry.akazacalvo",
         "rengokuoutline2": "geometry.rengokuoutline2",
         "rengokucalvo": "geometry.rengokucalvo",
         "gokuoutline2": "geometry.gokuoutline2",
         "gokucalvo": "geometry.gokucalvo",
         "gokussjoutline2": "geometry.gokussjoutline2",
         "gokussjcalvo": "geometry.gokussjcalvo",
         "gohantoutline2": "geometry.gohanteenoutline2",
         "gohantcalvo": "geometry.gohanteencalvo",
         "gohantssjoutline2": "geometry.gohantssj2outline2",
         "itadorioutline2": "geometry.itadorioutline2",
         "itadoricalvo": "geometry.itadoricalvo",
         "sukunaoutline2": "geometry.sukunaoutline2",
         "sukunacalvo": "geometry.sukunacalvo",
         "narutooutline2": "geometry.narutooutline2",
         "narutocalvo": "geometry.narutoccalvo",
         "dekuawk": "geometry.dekuawk",
         "dekuawkoutline": "geometry.dekuawkoutline",
         "vegeta": "geometry.vegeta",
         "vegetaoutline": "geometry.vegetaoutline",
         "broly": "geometry.broly",
         "brolyoutline": "geometry.brolyoutline",
         "dio": "geometry.dio",
         "diooutline": "geometry.diooutline",
         "gokussj3": "geometry.gokussj3",
         "gokussj3outline": "geometry.gokussj3outline",
         "brolyssjl": "geometry.brolyssjl",
         "brolyssjloutline": "geometry.brolyssjloutline",
         "gokussjg": "geometry.gokussjg",
"gokussjb": "geometry.gokussjb",
"gokumui": "geometry.gokumui",
"vegetassjg": "geometry.vegetassjg",
"vegetassjb": "geometry.vegetassjb",
"vegetaego": "geometry.vegetaego",
"gokussjgoutline": "geometry.gokussjgoutline",
"gokussjboutline": "geometry.gokussjboutline",
"gokumuioutline": "geometry.gokumuioutline",
"vegetassjgoutline": "geometry.vegetassjgoutline",
"vegetassjboutline": "geometry.vegetassjboutline",
"vegetaegooutline": "geometry.vegetaegooutline",
"vegetto": "geometry.vegetto",
"muikame": "geometry.muikame",
"muikame2": "geometry.muikameoutline"


      },
       "particle_effects": {
			"ssj_tr": "stk:ssj_tr",
			"rasengan": "stk:rasengan",
			"kurama_transform": "stk:kurama_transform",
			"urasengan": "stk:urasengan",
			"kame_charge": "stk:kame_charge",
			"rengoku1":"stk:rengoku1",
       "rengoku2":"stk:rengoku2",
       "rengoku3":"stk:rengoku3",
       "rengoku3_1":"stk:rengoku3_1",
       "rengoku3_2":"stk:rengoku3_2",
 "cursedene": "stk:cursedene",
 "kokusen1": "stk:kokusen1",
 "kokusen2": "stk:kokusen2",
 "wslash1": "stk:wslash1",
 "wslash2": "stk:wslash2",
 "wslash3": "stk:wslash3",
 "wslash3_1": "stk:wslash3_1",
 "water": "stk:water",
 "fdragon": "stk:fdragon",
 "texas1": "stk:texas1",
 "texas2": "stk:texas2",
 "texas3": "stk:texas3",
 

 "ofabarrage": "stk:ofabarrage",
 "ofabarrage2": "stk:ofabarrage2",
 "ofabarrage3": "stk:ofabarrage3",
 
 "delaware4": "stk:delaware4",
 "delawareglint": "stk:delawareglint",
 "ofaglint1": "stk:ofaglint1",
 "ofaglint2": "stk:ofaglint2",
 "ofarays4": "stk:ofarays4",
 "detroit": "stk:detroit",
 "ofa1002": "stk:ofa1002",
 "tr100": "stk:tr100"
       },
      "sound_effects": {
          "aura": "aura",
          "rengoku": "rengoku",
          "sukuna_laugh": "sukuna_laugh",
          "infinite100": "infinite100",
          "dio_knifes": "dio_knifes",
          "dio_barrage": "dio_barrage",
          "dio_ts": "dio_ts",
          "gohantransform": "gohantransform",
          "broly_ssj_transform": "broly_ssj_transform",
          "vegeta_ult": "vegeta_ult"
         
          
      },
      "scripts": {
        "scale": "0.9375",
        "initialize": [
          "variable.is_holding_right = 0.0;",
          "variable.is_blinking = 0.0;",
          "variable.last_blink_time = 0.0;",
          "variable.hand_bob = 0.0;"
        ],
        "pre_animation": [
          "variable.is_third_person = (!variable.is_first_person && !variable.map_face_icon && !variable.is_paperdoll);",
          "variable.helmet_layer_visible = 1.0;",
          "variable.leg_layer_visible = 1.0;",
          "variable.boot_layer_visible = 1.0;",
          "variable.chest_layer_visible = 1.0;",
          "variable.attack_body_rot_y = Math.sin(360*Math.sqrt(variable.attack_time)) * 5.0;",
          "variable.tcos0 = (math.cos(query.modified_distance_moved * 38.17) * query.modified_move_speed / variable.gliding_speed_value) * 57.3;",
          "variable.first_person_rotation_factor = math.sin((1 - variable.attack_time) * 180.0);",
          "variable.hand_bob = query.life_time < 0.01 ? 0.0 : variable.hand_bob + ((query.is_on_ground && query.is_alive ? math.clamp(math.sqrt(math.pow(query.position_delta(0), 2.0) + math.pow(query.position_delta(2), 2.0)), 0.0, 0.1) : 0.0) - variable.hand_bob) * 0.02;",
          "variable.map_angle = math.clamp(1 - variable.player_x_rotation / 45.1, 0.0, 1.0);",
          "variable.item_use_normalized = query.main_hand_item_use_duration / query.main_hand_item_max_duration;",
          "variable.randomfour = math.round(math.random(0,3));"
        ],
        "animate": [
            { "root": "(query.property('property:anim') == 0)" },
          { "gohant": "(query.property('property:gohant') == 1)" },
          { "narutoc": "(query.property('property:naruto') == 1)" },
          { "gohantssj": "(query.property('property:gohantssj') == 1)" },
           { "skills": "(query.property('property:gohant') == 1) || (query.property('property:gohantssj') == 1)" },
            { "skillsn": "(query.property('property:naruto') == 1) || (query.property('property:narutom') == 1)" },
            { "narutom": "(query.property('property:narutom') == 1)" },
            { "gokussj": "(query.property('property:gokussj') == 1) || (query.property('property:gokussj3') == 1) || (query.property('property:gokussjg') == 1) || (query.property('property:gokussjb') == 1) || (query.property('property:gokumui') == 1) || (query.property('property:vegetto') == 1)" },
            { "goku": "(query.property('property:goku') == 1)" },
            { "skillsg": "(query.property('property:goku') == 1) || (query.property('property:gokussj') == 1) || (query.property('property:gokussj3') == 1) || (query.property('property:gokussjg') == 1) || (query.property('property:gokussjb') == 1) || (query.property('property:gokumui') == 1) || (query.property('property:vegetto') == 1)" },
            { "akaza": "(query.property('property:akaza') == 1)" },
            { "rengoku": "(query.property('property:rengoku') == 1)" },
             { "itadori": "(query.property('property:itadori') == 1)" },
              { "sukuna": "(query.property('property:sukuna') == 1)" },
              { "gojo": "(query.property('property:gojo') == 1)" },
              { "gojoawk": "(query.property('property:gojoawk') == 1)" },
              { "ebert": "(query.property('property:ebert') == 1)"},
              { "deku": "(query.property('property:deku') == 1)" },
               { "fdragon": "(query.property('property:firedragon') == 1)" },
               { "dekuawk": "(query.property('property:dekuawk') == 1)" },
               { "vegeta": "(query.property('property:vegeta') == 1) || (query.property('property:vegetassj') == 1) || (query.property('property:vegetassjg') == 1) || (query.property('property:vegetassjb') == 1) || (query.property('property:vegetaego') == 1)" },
               { "dio": "(query.property('property:dio') == 1)" },
               { "broly": "(query.property('property:broly') == 1) || (query.property('property:brolyssjl') == 1)" },
               "muikame"
        ]
      },
      "animations": {
          "gohant": "controller.animation.gohan",
           "gohantssj": "controller.animation.gohantssj",
          "skills": "controller.animation.skills",
          
          "gostop": "animation.gohanteen.stop",
          "walk": "animation.mobs.walk",
          "run": "animation.mobs.run",
          "goatk": "animation.dbz.attack1",
          "go2": "animation.dbz.attack2",
          "go3": "animation.dbz.attack3",
         "go4": "animation.dbz.attack4", 
         "sneak": "animation.gohanteen.charging",
         
         "chegada": "animation.gohanteen.chega",
         
         "masenkohold": "animation.gohanteen.masenko_hold", 
          "masenko": "animation.gohanteen.masenko", 
          
          "fkamehold": "animation.gohantssj2.fkame_hold", 
          "fkame": "animation.gohantssj2.fkame", 
          
          "gossjstop": "animation.gohanteen.stop",
          "walkssj": "animation.mobs.walk",
          "runssj": "animation.mobs.run",
          "gossjatk": "animation.dbz.attack1",
          "gossj2": "animation.dbz.attack2",
          "gossj3": "animation.dbz.attack3",
         "gossj4": "animation.dbz.attack4", 
         "sneakssj": "animation.gohanteen.charging",
         
         "chegadassj": "animation.transform",
          "narutoc": "controller.animation.narutoc",
         "nastop": "animation.narutoc.stop",
          "nawalk": "animation.mobs.walk",
          "narun": "animation.ninja.run",
          "naatk": "animation.narutoc.attack1",
          "na2": "animation.narutoc.attack2",
          "na3": "animation.narutoc.attack3",
         "na4": "animation.narutoc.attack4", 
         "nasneak": "animation.narutoc.charging",
          "narutom": "controller.animation.narutom",
         "namstop": "animation.naruto1calda.stop",
          "namwalk": "animation.mobs.walk",
          "namatk": "animation.narutoc.attack1",
          "nam2": "animation.narutoc.attack2",
          "nam3": "animation.narutoc.attack3",
         "nam4": "animation.narutoc.attack4", 
          "namrun": "animation.naruto1calda.run",
         "namsneak": "animation.narutoc.charging",
         
         "skillsn": "controller.animation.skillsn",
         "rasenganhold": "animation.narutoc.rasengan_hold",
         "rasengan": "animation.narutoc.rasengan",
         "urasenganhold": "animation.naruto1calda.rasengan_hold",
         "urasengan": "animation.naruto1calda.rasengan",
          
          "goku": "controller.animation.goku",
          
          "gokustop": "animation.gohanteen.stop",
          "gokuwalk": "animation.mobs.walk",
          "gokurun": "animation.mobs.run",
          "gokuatk": "animation.dbz.attack1",
          "goku2": "animation.dbz.attack2",
          "goku3": "animation.dbz.attack3",
         "goku4": "animation.dbz.attack4", 
         "gokusneak": "animation.gohanteen.charging",
         
         "gokussj": "controller.animation.gokussj",
          
          "gokussjstop": "animation.gohanteen.stop",
          "gokussjwalk": "animation.mobs.walk",
          "gokussjrun": "animation.mobs.run",
          "gokussjatk": "animation.dbz.attack1",
          "gokussj2": "animation.dbz.attack2",
          "gokussj3": "animation.dbz.attack3",
         "gokussj4": "animation.dbz.attack4", 
         "gokussjsneak": "animation.gohanteen.charging",
         
         "skillsg": "controller.animation.skillsg",
         "kamehold": "animation.goku.kame_hold", 
          "kame": "animation.goku.kame", 
          "dragonstrikehold": "animation.gohanteen.charging", 
          "dragonstrike": "animation.goku.dragonstrike", 
          
          "genkihold": "animation.goku.genkidama_hold", 
          "genki": "animation.goku.genkidama", 
         
          "akaza": "controller.animation.akaza",
          
          "akazastop": "animation.akaza.stop",
          "akazawalk": "animation.mobs.walk",
          "akazarun": "animation.mobs.run",
          "akazaatk": "animation.akaza.attack1",
          "akaza2": "animation.akaza.attack2",
          "akaza3": "animation.akaza.attack3",
         "akazasneak": "animation.akaza.charging",
         "kushikihold": "animation.akaza.charging", 
          "kushiki": "animation.akaza.attack1", 
          "ranshikihold": "animation.akaza.disorder", 
          "ranshiki": "animation.akaza.attack1", 
           "rashinhold": "animation.akaza.bussolahold", 
          "rashin": "animation.akaza.bussola", 
          "kishinyahold": "animation.akaza.charging", 
          "kishinya": "animation.akaza.annihilation", 
          
          "rengoku": "controller.animation.rengoku",
          
          "rengokustop": "animation.rengoku.stop",
          "rengokuwalk": "animation.rengoku.walk",
          "rengokurun": "animation.rengoku.run",
          "rengokuatk": "animation.rengoku.attack1",
          "rengoku2": "animation.rengoku.attack2",
          "rengoku3": "animation.rengoku.attack3",
         "rengoku4": "animation.rengoku.attack1", 
         "rengokusneak": "animation.rengoku.charging",
         "fslashhold": "animation.rengoku.9thhold",
         "fslash": "animation.rengoku.attack1",
         "fcirclehold": "animation.rengoku.9thhold",
         "fcircle": "animation.rengoku.forma6",
         "ftigerhold": "animation.rengoku.9thhold",
         "ftiger": "animation.rengoku.forma5",
         "rengoku9hold": "animation.rengoku.9thhold",
         "rengoku9": "animation.rengoku.forma9",
        
         "itadori": "controller.animation.itadori",
          
          "sukuna": "controller.animation.itadori",
          
          "itadoristop": "animation.itadori.stop",
          "itadoriwalk": "animation.mobs.walk",
          "itadorirun": "animation.mobs.run",
          "itadoriatk": "animation.itadori.attack1",
          "itadori2": "animation.itadori.attack2",
          "itadori3": "animation.itadori.attack3",
         "itadori4": "animation.itadori.attack1", 
         "itadorisneak": "animation.itadori.charging",
         "kokusenhold": "animation.itadori.kokusenhold",
         "kokusen": "animation.itadori.kokusen",
         "kokukickhold": "animation.itadori.charging",
         "kokukick": "animation.itadori.kokusenkick",
         
         "aircuthold": "animation.itadori.kokusenhold",
         "aircut": "animation.sukuna.aircut",
         "sukunasneak": "animation.sukuna.charging",
         "stomphold": "animation.sukuna.stomphold",
         "stomp": "animation.sukuna.stomp",
         "sexp": "animation.sukuna.expansion",
         
         "sexphold": "animation.gojo.hold",
         
         "gojo": "controller.animation.gojo",
         "gojoawk": "controller.animation.gojo",
          
          "gojostop": "animation.gojo.stop",
          "gojowalk": "animation.mobs.walk",
          "gojorun": "animation.mobs.run",
          "gojoatk": "animation.gojo.attack1",
          "gojo2": "animation.gojo.attack2",
          "gojo3": "animation.dbz.attack3",
         "gojo4": "animation.dbz.attack4", 
         "gojosneak": "animation.itadori.charging",
         "embahold": "animation.itadori.charging",
         "emba": "animation.gojo.embarrassed",
         "destructivehold": "animation.gojo.hold",
         "destructive": "animation.gojo.destructive",
         "red": "animation.gojo.red",
     
     "ebert": "controller.animation.ebert",
          
          "ebertstop": "animation.ebert.stop",
          "ebertwalk": "animation.rengoku.walk",
          "ebertrun": "animation.rengoku.run",
          "ebertatk": "animation.ebert.attack1",
          "ebert2": "animation.ebert.attack2",
          "ebert3": "animation.ebert.attack3",
         "ebert4": "animation.ebert.attack1", 
         "ebertsneak": "animation.rengoku.charging",
         "wslash": "animation.ebert.attack1",
         "wslashhold": "animation.ebert.hold",
         "wcircle": "animation.rengoku.forma7",
         "wcirclehold": "animation.ebert.hold",
         "wpistol": "animation.ebert.attack1",
         "wpistolhold": "animation.ebert.pistol",
         
         "deku": "controller.animation.deku",
          
          "dekustop": "animation.deku.stop",
          "dekuwalk": "animation.mobs.walk",
          "dekurun": "animation.mobs.run",
          "dekuatk": "animation.deku.attack1",
          "deku2": "animation.deku.attack2",
          "deku3": "animation.deku.attack3",
         "deku4": "animation.deku.attack4", 
         "dekusneak": "animation.deku.charging",
          "smashhold": "animation.deku.charging",
          "smash": "animation.deku.detroitsmash",
          "dsmashhold": "animation.deku.delawaresmash",
          "dsmash": "animation.deku.delawaresmash",
          "tsmash": "animation.deku.manchestersmash",
          "bsmashhold": "animation.deku.texassmash",
          "bsmash": "animation.deku.texasfinish",
          "infinite100": "animation.dekuawk.infinite100",
          "fdragon":"animation.firedragon",
          
          "dekuawk": "controller.animation.dekuawk",
          
          "dekuawkstop": "animation.dekuawk.stop",
        
         "dekuawksneak": "animation.dekuawk.charging",
         "tr100": "animation.dekuawk.trans",
          
         "vegeta": "controller.animation.vegeta",
          
          "vegetastop": "animation.vegeta.stop",
          "vegetawalk": "animation.mobs.walk",
          "vegetarun": "animation.mobs.run",
          "vegetaatk": "animation.dbz.attack1",
          "vegeta2": "animation.dbz.attack2",
          "vegeta3": "animation.dbz.attack3",
          "vegeta4": "animation.dbz.attack3",
         "vegetasneak": "animation.gohanteen.charging",
         "galickhohold": "animation.vegeta.galickho_hold",
         "galickho": "animation.vegeta.galickho",
         "bigbanghold": "animation.vegeta.bigbangattack",
         "bigbang": "animation.vegeta.bigbangattack",
         "finalflashhold": "animation.vegeta.finalflash_hold",
         "finalflash": "animation.vegeta.finalflash",
          "hakaihold": "animation.vegetaego.hakaihold",
         "hakai": "animation.vegetaego.hakai",
         
         
         
         
         "dio": "controller.animation.dio",
          
          "diostop": "animation.dio.stop",
          "diowalk": "animation.dio.walk",
          "diorun": "animation.dio.run",
          "dioatk": "animation.dio.attack1",
          "dio2": "animation.dio.attack2",
          "dio3": "animation.dio.attack3",
          "dio4": "animation.dio.attack3",
         "diosneak": "animation.dio.charging",
         "timestop": "animation.dio.timestop",
         "timestophold": "animation.deku.charging",
         "hpunch": "animation.dio.heavypunch",
         "hpunchhold": "animation.deku.charging",
         
         "barrage": "animation.dio.bage",
         "barragehold": "animation.deku.charging",
         
         "knifes": "animation.dio.knifes",
         "knifeshold": "animation.deku.charging",
         
         "broly": "controller.animation.broly",
          
          "brolystop": "animation.gohanteen.stop",
          "brolywalk": "animation.mobs.walk",
          "brolyrun": "animation.mobs.run",
          "brolyatk": "animation.dbz.attack1",
          "broly2": "animation.dbz.attack2",
          "broly3": "animation.dbz.attack3",
         "broly4": "animation.dbz.attack4", 
         "brolysneak": "animation.gohanteen.charging",
         "eraserhold": "animation.broly.ereaserbow_hold", 
         "eraser": "animation.broly.ereaserbow", 
         "erasercannonhold": "animation.broly.meteor", 
         "erasercannon": "animation.broly.erasercannon", 
         "meteorhold": "animation.brolyssjl.ultimate", 
         "meteor": "animation.brolyssjl.ultimate",
         
         
         "muikame": "controller.animation.muikame",
         "muikamek": "animation.kamehamehagoku.ult",
         
         
         
         
          
          
        "root": "controller.animation.player.root",
        "base_controller": "controller.animation.player.base",
        "hudplayer": "controller.animation.player.hudplayer",
        "humanoid_base_pose": "animation.humanoid.base_pose",
        "look_at_target": "controller.animation.humanoid.look_at_target",
        "look_at_target_ui": "animation.player.look_at_target.ui",
        "look_at_target_default": "animation.humanoid.look_at_target.default",
        "look_at_target_gliding": "animation.humanoid.look_at_target.gliding",
        "look_at_target_swimming": "animation.humanoid.look_at_target.swimming",
        "look_at_target_inverted": "animation.player.look_at_target.inverted",
        "cape": "animation.player.cape",
        "move.arms": "animation.player.move.arms",
        "move.legs": "animation.player.move.legs",
        "swimming": "animation.player.swim",
        "swimming.legs": "animation.player.swim.legs",
        "riding.arms": "animation.player.riding.arms",
        "riding.legs": "animation.player.riding.legs",
        "holding": "animation.player.holding",
        "brandish_spear": "animation.humanoid.brandish_spear",
        "charging": "animation.humanoid.charging",
        "attack.positions": "animation.player.attack.positions",
        "attack.rotations": "animation.player.attack.rotations",
        "sneaking": "animation.player.sneaking",
        "bob": "animation.player.bob",
        "damage_nearby_mobs": "animation.humanoid.damage_nearby_mobs",
        "bow_and_arrow": "animation.humanoid.bow_and_arrow",
        "fishing_rod": "animation.humanoid.fishing_rod",
        "use_item_progress": "animation.humanoid.use_item_progress",
        "skeleton_attack": "animation.skeleton.attack",
        "sleeping": "animation.player.sleeping",
        "first_person_base_pose": "animation.player.first_person.base_pose",
        "first_person_empty_hand": "animation.player.first_person.empty_hand",
        "first_person_swap_item": "animation.player.first_person.swap_item",
        "first_person_attack_controller": "controller.animation.player.first_person_attack",
        "first_person_attack_rotation": "animation.player.first_person.attack_rotation",
        "first_person_vr_attack_rotation": "animation.player.first_person.vr_attack_rotation",
        "first_person_walk": "animation.player.first_person.walk",
        "first_person_map_controller": "controller.animation.player.first_person_map",
        "first_person_map_hold": "animation.player.first_person.map_hold",
        "first_person_map_hold_attack": "animation.player.first_person.map_hold_attack",
        "first_person_map_hold_off_hand": "animation.player.first_person.map_hold_off_hand",
        "first_person_map_hold_main_hand": "animation.player.first_person.map_hold_main_hand",
        "first_person_crossbow_equipped": "animation.player.first_person.crossbow_equipped",
        "third_person_crossbow_equipped": "animation.player.crossbow_equipped",
        "third_person_bow_equipped": "animation.player.bow_equipped",
        "crossbow_hold": "animation.player.crossbow_hold",
        "crossbow_controller": "controller.animation.player.crossbow",
        "shield_block_main_hand": "animation.player.shield_block_main_hand",
        "shield_block_off_hand": "animation.player.shield_block_off_hand",
        "blink": "controller.animation.persona.blink",
        "hold.first_person": "animation.first_person.hold",
        "hold.third_person": "animation.hold"
      },
      "render_controllers": [
        {
          "controller.render.player.first_person": "variable.is_first_person"
        },
        {
          "controller.render.player.third_person": "!variable.is_first_person && !variable.map_face_icon && (query.property('property:gohant') != 1) && (query.property('property:gohantssj') != 1) && (query.property('property:naruto') != 1) && (query.property('property:narutom') != 1) && (query.property('property:goku') != 1) && (query.property('property:gokussj') != 1) && (query.property('property:akaza') != 1) && (query.property('property:rengoku') != 1) && (query.property('property:itadori') != 1) && (query.property('property:sukuna') != 1) && (query.property('property:gojo') != 1) && (query.property('property:gojoawk') != 1) && (query.property('property:ebert') != 1) && (query.property('property:deku') != 1) && (query.property('property:dekuawk') != 1) && (query.property('property:dio') != 1) && (query.property('property:broly') != 1) && (query.property('property:vegeta') != 1) && (query.property('property:gokussj3') != 1) && (query.property('property:brolyssjl') != 1) && (query.property('property:vegetassj') != 1) && (query.property('property:vegetassjg') != 1) && (query.property('property:vegetassjb') != 1) && (query.property('property:vegetaego') != 1) && (query.property('property:gokussjg') != 1) && (query.property('property:gokussjb') != 1) && (query.property('property:gokumui') != 1) && (query.property('property:vegetto') != 1)"
        },
        {
          "controller.render.player.map": "variable.map_face_icon"
        },
        {
        "controller.render.gohant": "(query.property('property:gohant') == 1) && (query.property('property:gohantssj') != 1) && !variable.is_first_person && !query.is_item_name_any('slot.armor.head','stk:cp')"
        },
        {
        "controller.render.gohantoutline": "(query.property('property:gohant') == 1) && (query.property('property:gohantssj') != 1) && !variable.is_first_person && !query.is_item_name_any('slot.armor.head','stk:cp')"
        },
        {
        "controller.render.gohantssj": "(query.property('property:gohantssj') == 1) && !variable.is_first_person && !query.is_item_name_any('slot.armor.head','stk:cp')"
        },
        {
        "controller.render.gohantssjoutline": "(query.property('property:gohantssj') == 1) && !variable.is_first_person && !query.is_item_name_any('slot.armor.head','stk:cp')"
        },
        {
        "controller.render.naruto": "(query.property('property:naruto') == 1) && !variable.is_first_person && !query.is_item_name_any('slot.armor.head','stk:cp')"
        },
        {
        "controller.render.narutooutline": "(query.property('property:naruto') == 1) && !variable.is_first_person && !query.is_item_name_any('slot.armor.head','stk:cp')"
        },
        {
        "controller.render.narutom": "(query.property('property:narutom') == 1) && !variable.is_first_person"
        },
        {
        "controller.render.narutom1": "(query.property('property:narutom') == 1) && !variable.is_first_person"
        },
        {
        "controller.render.narutom2": "(query.property('property:narutom') == 1) && !variable.is_first_person"
        },
        {
        "controller.render.goku": "(query.property('property:goku') == 1) && !variable.is_first_person && !query.is_item_name_any('slot.armor.head','stk:cp')"
        },
        {
        "controller.render.gokuoutline": "(query.property('property:goku') == 1) && !variable.is_first_person && !query.is_item_name_any('slot.armor.head','stk:cp')"
        },
        {
        "controller.render.gokussj": "(query.property('property:gokussj') == 1) && !variable.is_first_person && !query.is_item_name_any('slot.armor.head','stk:cp')"
        },
        {
        "controller.render.gokussjoutline": "(query.property('property:gokussj') == 1) && !variable.is_first_person && !query.is_item_name_any('slot.armor.head','stk:cp')"
        },
        {
        "controller.render.akaza": "(query.property('property:akaza') == 1) && !variable.is_first_person && !query.is_item_name_any('slot.armor.head','stk:cp')"
        },
        {
        "controller.render.akazaoutline": "(query.property('property:akaza') == 1) && !variable.is_first_person && !query.is_item_name_any('slot.armor.head','stk:cp')"
        },
        {
        "controller.render.rengoku": "(query.property('property:rengoku') == 1) && !variable.is_first_person && !query.is_item_name_any('slot.armor.head','stk:cp')"
        },
        {
        "controller.render.rengokuoutline": "(query.property('property:rengoku') == 1) && !variable.is_first_person && !query.is_item_name_any('slot.armor.head','stk:cp')"
        },
        {
        "controller.render.fdragon": "(query.property('property:firedragon') == 1) && !variable.is_first_person"
        },
        {
        "controller.render.itadori": "(query.property('property:itadori') == 1) && !variable.is_first_person && !query.is_item_name_any('slot.armor.head','stk:cp')"
        },
        {
        "controller.render.itadorioutline": "(query.property('property:itadori') == 1) && !variable.is_first_person && !query.is_item_name_any('slot.armor.head','stk:cp')"
        
        },
        {
        "controller.render.sukuna": "(query.property('property:sukuna') == 1) && !variable.is_first_person && !query.is_item_name_any('slot.armor.head','stk:cp')"
        },
        {
        "controller.render.sukunaoutline": "(query.property('property:sukuna') == 1) && !variable.is_first_person && !query.is_item_name_any('slot.armor.head','stk:cp')"
        },
        {
        "controller.render.gojo": "(query.property('property:gojo') == 1) && !variable.is_first_person && !query.is_item_name_any('slot.armor.head','stk:cp')"
        },
        {
        "controller.render.gojooutline": "(query.property('property:gojo') == 1) && !variable.is_first_person && !query.is_item_name_any('slot.armor.head','stk:cp')"
        },
        {
        "controller.render.gojoawk": "(query.property('property:gojoawk') == 1) && !variable.is_first_person && !query.is_item_name_any('slot.armor.head','stk:cp')"
        },
        {
        "controller.render.gojoawkoutline": "(query.property('property:gojoawk') == 1) && !variable.is_first_person && !query.is_item_name_any('slot.armor.head','stk:cp')"
        },
        {
        "controller.render.gojoawkcalvo": "(query.property('property:gojoawk') == 1) && !variable.is_first_person && query.is_item_name_any('slot.armor.head','stk:cp')"
        },
        {
        "controller.render.gojoawkoutline2": "(query.property('property:gojoawk') == 1) && !variable.is_first_person && query.is_item_name_any('slot.armor.head','stk:cp')"
        },
        {
        "controller.render.ebert": "(query.property('property:ebert') == 1) && !variable.is_first_person"
        },
        {
        "controller.render.ebertoutline": "(query.property('property:ebert') == 1) && !variable.is_first_person"
        },
        {
        "controller.render.deku": "(query.property('property:deku') == 1) && !variable.is_first_person && !query.is_item_name_any('slot.armor.head','stk:cp')"
        },
        {
        "controller.render.dekuoutline": "(query.property('property:deku') == 1) && !variable.is_first_person"
        },
        {
        "controller.render.dekuoutline2": "(query.property('property:deku') == 1) && !variable.is_first_person && !query.is_item_name_any('slot.armor.head','stk:cp')"
        },
        {
        "controller.render.dekucalvo": "(query.property('property:deku') == 1) && !variable.is_first_person && query.is_item_name_any('slot.armor.head','stk:cp')"
        
        },
        {
        "controller.render.rengokucalvo": "(query.property('property:rengoku') == 1) && !variable.is_first_person && query.is_item_name_any('slot.armor.head','stk:cp')"
        },
        {
        "controller.render.rengokuoutline2": "(query.property('property:rengoku') == 1) && !variable.is_first_person && query.is_item_name_any('slot.armor.head','stk:cp')"
        
        },
        {
        "controller.render.akazacalvo": "(query.property('property:akaza') == 1) && !variable.is_first_person && query.is_item_name_any('slot.armor.head','stk:cp')"
        },
        {
        "controller.render.akazaoutline2": "(query.property('property:akaza') == 1) && !variable.is_first_person && query.is_item_name_any('slot.armor.head','stk:cp')"
        },
        {
        "controller.render.gohantcalvo": "(query.property('property:gohant') == 1) && !variable.is_first_person && query.is_item_name_any('slot.armor.head','stk:cp')"
        },
        {
        "controller.render.gohantoutline2": "(query.property('property:gohant') == 1) && !variable.is_first_person && query.is_item_name_any('slot.armor.head','stk:cp')"
        },
        {
        "controller.render.gohantssjcalvo": "(query.property('property:gohantssj') == 1) && !variable.is_first_person && query.is_item_name_any('slot.armor.head','stk:cp')"
        },
        {
        "controller.render.gohantssjoutline2": "(query.property('property:gohantssj') == 1) && !variable.is_first_person && query.is_item_name_any('slot.armor.head','stk:cp')"
        },
        {
        "controller.render.gokucalvo": "(query.property('property:goku') == 1) && !variable.is_first_person && query.is_item_name_any('slot.armor.head','stk:cp')"
        },
        {
        "controller.render.gokuoutline2": "(query.property('property:goku') == 1) && !variable.is_first_person && query.is_item_name_any('slot.armor.head','stk:cp')"
        },
        {
        "controller.render.gokussjcalvo": "(query.property('property:gokussj') == 1) && !variable.is_first_person && query.is_item_name_any('slot.armor.head','stk:cp')"
        },
        {
        "controller.render.gokussjoutline2": "(query.property('property:gokussj') == 1) && !variable.is_first_person && query.is_item_name_any('slot.armor.head','stk:cp')"
        },
        {
        "controller.render.itadoricalvo": "(query.property('property:itadori') == 1) && !variable.is_first_person && query.is_item_name_any('slot.armor.head','stk:cp')"
        },
        {
        "controller.render.itadorioutline2": "(query.property('property:itadori') == 1) && !variable.is_first_person && query.is_item_name_any('slot.armor.head','stk:cp')"
        },
        {
        "controller.render.sukunacalvo": "(query.property('property:sukuna') == 1) && !variable.is_first_person && query.is_item_name_any('slot.armor.head','stk:cp')"
        },
        {
        "controller.render.sukunaoutline2": "(query.property('property:sukuna') == 1) && !variable.is_first_person && query.is_item_name_any('slot.armor.head','stk:cp')"
        },
        {
        "controller.render.narutocalvo": "(query.property('property:naruto') == 1) && !variable.is_first_person && query.is_item_name_any('slot.armor.head','stk:cp')"
        },
        {
        "controller.render.narutooutline2": "(query.property('property:naruto') == 1) && !variable.is_first_person && query.is_item_name_any('slot.armor.head','stk:cp')"
        },
        {
        "controller.render.gojocalvo": "(query.property('property:gojo') == 1) && !variable.is_first_person && query.is_item_name_any('slot.armor.head','stk:cp')"
        },
        {
        "controller.render.gojooutline2": "(query.property('property:gojo') == 1) && !variable.is_first_person && query.is_item_name_any('slot.armor.head','stk:cp')"
        },
        {
        "controller.render.dekuawk": "(query.property('property:dekuawk') == 1) && !variable.is_first_person && !query.is_item_name_any('slot.armor.head','stk:cp')"
        },
        {
        "controller.render.dekuawkoutline": "(query.property('property:dekuawk') == 1) && !variable.is_first_person"
        },
        {
        "controller.render.vegeta": "(query.property('property:vegeta') == 1) && !variable.is_first_person"
        },
        {
        "controller.render.vegetaoutline": "(query.property('property:vegeta') == 1) && !variable.is_first_person"
        },
        {
        "controller.render.vegetassj": "(query.property('property:vegetassj') == 1) && !variable.is_first_person"
        },
        {
        "controller.render.broly": "(query.property('property:broly') == 1) && !variable.is_first_person"
        },
        {
        "controller.render.brolyoutline": "(query.property('property:broly') == 1) && !variable.is_first_person"
        },
        {
        "controller.render.brolyssjl": "(query.property('property:brolyssjl') == 1) && !variable.is_first_person"
        },
        {
        "controller.render.brolyssjloutline": "(query.property('property:brolyssjl') == 1) && !variable.is_first_person"
        },
        {
        "controller.render.dio": "(query.property('property:dio') == 1) && !variable.is_first_person"
        },
        {
        "controller.render.diooutline": "(query.property('property:dio') == 1) && !variable.is_first_person"
        },
        {
        "controller.render.gokussj3": "(query.property('property:gokussj3') == 1) && !variable.is_first_person"
        },
        {
        "controller.render.gokussj3outline": "(query.property('property:gokussj3') == 1) && !variable.is_first_person"
        },
{
  "controller.render.gokussjg": "(query.property('property:gokussjg') == 1) && !variable.is_first_person && !query.is_item_name_any('slot.armor.head','stk:cp')"
},
{
  "controller.render.gokussjgoutline": "(query.property('property:gokussjg') == 1) && !variable.is_first_person && !query.is_item_name_any('slot.armor.head','stk:cp')"
},
{
  "controller.render.gokussjb": "(query.property('property:gokussjb') == 1) && !variable.is_first_person && !query.is_item_name_any('slot.armor.head','stk:cp')"
},
{
  "controller.render.gokussjboutline": "(query.property('property:gokussjb') == 1) && !variable.is_first_person && !query.is_item_name_any('slot.armor.head','stk:cp')"
},
{
  "controller.render.gokumuioutline": "(query.property('property:gokumui') == 1) && !variable.is_first_person && !query.is_item_name_any('slot.armor.head','stk:cp')"
},
{
  "controller.render.gokumui": "(query.property('property:gokumui') == 1) && !variable.is_first_person && !query.is_item_name_any('slot.armor.head','stk:cp')"
},
{
  "controller.render.vegetassjg": "(query.property('property:vegetassjg') == 1) && !variable.is_first_person && !query.is_item_name_any('slot.armor.head','stk:cp')"
},
{
  "controller.render.vegetassjgoutline": "(query.property('property:vegetassjg') == 1) && !variable.is_first_person && !query.is_item_name_any('slot.armor.head','stk:cp')"
},
{
  "controller.render.vegetassjb": "(query.property('property:vegetassjb') == 1) && !variable.is_first_person && !query.is_item_name_any('slot.armor.head','stk:cp')"
},
{
  "controller.render.vegetassjboutline": "(query.property('property:vegetassjb') == 1) && !variable.is_first_person && !query.is_item_name_any('slot.armor.head','stk:cp')"
},
{
  "controller.render.vegetaego": "(query.property('property:vegetaego') == 1) && !variable.is_first_person && !query.is_item_name_any('slot.armor.head','stk:cp')"
},
{
  "controller.render.vegetaegooutline": "(query.property('property:vegetaego') == 1) && !variable.is_first_person && !query.is_item_name_any('slot.armor.head','stk:cp')"
},
{
  "controller.render.vegetto": "(query.property('property:vegetto') == 1) && !variable.is_first_person && !query.is_item_name_any('slot.armor.head','stk:cp')"
},
{
  "controller.render.muikame": "(query.property('property:muikame') == 1) && !variable.is_first_person && !query.is_item_name_any('slot.armor.head','stk:cp')"
},
{
  "controller.render.muikame2": "(query.property('property:muikame') == 1) && !variable.is_first_person && !query.is_item_name_any('slot.armor.head','stk:cp')"


        }
      ],
      "enable_attachables": true
    }
  }
}










































































































































































































































































































































































































































































































































































































































































































































































































































































































































































































































































































































































































































































































































































































































































































































































































































































































































































































































































































































































































































































































































































































































































































































































