{
	"file_path": "C:\\Users\\enner\\AppData\\Local\\Packages\\Microsoft.MinecraftUWP_8wekyb3d8bbwe\\LocalState\\games\\com.mojang\\development_resource_packs\\Poppy PlayTime addon RP\\sounds.json",
	"file_type": "client_sound",
	"format_version": 1,
	"file_uuid": "43f16c49_000c_4b23_94c3_07aa313e6e04",
	"file_version": 1,
	"cache_content": {
		"children": [
			{
				"key": "individual_event_sounds",
				"is_minified": true,
				"children": {
					"events": {}
				}
			},
			{
				"key": "block_sounds",
				"is_minified": true,
				"children": {}
			},
			{
				"open": {
					"individual_event_sounds": {
						"events": {}
					},
					"block_sounds": {},
					"entity_sounds": {
						"defaults": {
							"volume": 1,
							"pitch": [
								0.8,
								1.2
							],
							"events": {
								"fall.big": {
									"sound": "damage.fallbig",
									"volume": 0.75,
									"pitch": 1
								},
								"fall.small": {
									"sound": "damage.fallsmall",
									"volume": 0.75,
									"pitch": 1
								},
								"splash": {
									"sound": "random.splash",
									"pitch": [
										0.6,
										1.4
									]
								},
								"swim": {
									"sound": "random.swim",
									"pitch": [
										0.6,
										1.4
									]
								},
								"fizz": {
									"sound": "random.fizz",
									"volume": 0.7,
									"pitch": [
										1.2,
										2
									]
								},
								"drink": {
									"sound": "random.drink",
									"volume": 0.5,
									"pitch": [
										0.9,
										1
									]
								},
								"eat": {
									"sound": "random.eat",
									"volume": [
										0.5,
										1.5
									],
									"pitch": [
										0.8,
										1.2
									]
								},
								"ambient": {},
								"flop": {},
								"hurt": "game.player.hurt",
								"death": "game.player.die",
								"ambient.in.water": {},
								"hurt.in.water": {},
								"death.in.water": {},
								"ambient.in.raid": {}
							}
						},
						"entities": {
							"ftl:huggy_wuggy": {
								"volume": 50,
								"pitch": 1,
								"events": {
									"ambient": {
										"volume": 50,
										"pitch": 1,
										"sound": "mob.huggy.idle"
									},
									"hurt": {
										"volume": 50,
										"pitch": 1,
										"sound": "mob.huggy.hurt"
									},
									"step": {
										"volume": 8,
										"pitch": 1,
										"sound": "mob.huggy.step"
									},
									"attack": {
										"volume": 50,
										"pitch": 1,
										"sound": "mob.huggy.attack"
									},
									"death": {
										"volume": 50,
										"pitch": 1,
										"sound": "mob.huggy.death"
									}
								}
							},
							"ftl:huggy_wuggy_vent": {
								"volume": 50,
								"pitch": 1,
								"events": {
									"ambient": {
										"volume": 50,
										"pitch": 1,
										"sound": "mob.huggy.idle"
									},
									"hurt": {
										"volume": 50,
										"pitch": 1,
										"sound": "mob.huggy.hurt"
									},
									"step": {
										"volume": 8,
										"pitch": 1,
										"sound": "mob.huggy.step"
									},
									"attack": {
										"volume": 50,
										"pitch": 1,
										"sound": "mob.huggy.attack"
									},
									"death": {
										"volume": 50,
										"pitch": 1,
										"sound": "mob.huggy.death"
									}
								}
							},
							"ftl:huggy_wuggy_pink": {
								"volume": 50,
								"pitch": 1,
								"events": {
									"ambient": {
										"volume": 50,
										"pitch": 1,
										"sound": "mob.huggy.idle"
									},
									"hurt": {
										"volume": 50,
										"pitch": 1,
										"sound": "mob.huggy.hurt"
									},
									"step": {
										"volume": 8,
										"pitch": 1,
										"sound": "mob.huggy.step"
									},
									"attack": {
										"volume": 50,
										"pitch": 1,
										"sound": "mob.huggy.attack"
									},
									"death": {
										"volume": 50,
										"pitch": 1,
										"sound": "mob.huggy.death"
									}
								}
							}
						}
					}
				},
				"key": "entity_sounds",
				"children": [
					{
						"key": "defaults",
						"is_minified": true,
						"children": {
							"volume": 1,
							"pitch": [
								0.8,
								1.2
							],
							"events": {
								"fall.big": {
									"sound": "damage.fallbig",
									"volume": 0.75,
									"pitch": 1
								},
								"fall.small": {
									"sound": "damage.fallsmall",
									"volume": 0.75,
									"pitch": 1
								},
								"splash": {
									"sound": "random.splash",
									"pitch": [
										0.6,
										1.4
									]
								},
								"swim": {
									"sound": "random.swim",
									"pitch": [
										0.6,
										1.4
									]
								},
								"fizz": {
									"sound": "random.fizz",
									"volume": 0.7,
									"pitch": [
										1.2,
										2
									]
								},
								"drink": {
									"sound": "random.drink",
									"volume": 0.5,
									"pitch": [
										0.9,
										1
									]
								},
								"eat": {
									"sound": "random.eat",
									"volume": [
										0.5,
										1.5
									],
									"pitch": [
										0.8,
										1.2
									]
								},
								"ambient": {},
								"flop": {},
								"hurt": "game.player.hurt",
								"death": "game.player.die",
								"ambient.in.water": {},
								"hurt.in.water": {},
								"death.in.water": {},
								"ambient.in.raid": {}
							}
						}
					},
					{
						"open": {
							"defaults": {
								"volume": 1,
								"pitch": [
									0.8,
									1.2
								],
								"events": {
									"fall.big": {
										"sound": "damage.fallbig",
										"volume": 0.75,
										"pitch": 1
									},
									"fall.small": {
										"sound": "damage.fallsmall",
										"volume": 0.75,
										"pitch": 1
									},
									"splash": {
										"sound": "random.splash",
										"pitch": [
											0.6,
											1.4
										]
									},
									"swim": {
										"sound": "random.swim",
										"pitch": [
											0.6,
											1.4
										]
									},
									"fizz": {
										"sound": "random.fizz",
										"volume": 0.7,
										"pitch": [
											1.2,
											2
										]
									},
									"drink": {
										"sound": "random.drink",
										"volume": 0.5,
										"pitch": [
											0.9,
											1
										]
									},
									"eat": {
										"sound": "random.eat",
										"volume": [
											0.5,
											1.5
										],
										"pitch": [
											0.8,
											1.2
										]
									},
									"ambient": {},
									"flop": {},
									"hurt": "game.player.hurt",
									"death": "game.player.die",
									"ambient.in.water": {},
									"hurt.in.water": {},
									"death.in.water": {},
									"ambient.in.raid": {}
								}
							},
							"entities": {
								"ftl:huggy_wuggy": {
									"volume": 50,
									"pitch": 1,
									"events": {
										"ambient": {
											"volume": 50,
											"pitch": 1,
											"sound": "mob.huggy.idle"
										},
										"hurt": {
											"volume": 50,
											"pitch": 1,
											"sound": "mob.huggy.hurt"
										},
										"step": {
											"volume": 8,
											"pitch": 1,
											"sound": "mob.huggy.step"
										},
										"attack": {
											"volume": 50,
											"pitch": 1,
											"sound": "mob.huggy.attack"
										},
										"death": {
											"volume": 50,
											"pitch": 1,
											"sound": "mob.huggy.death"
										}
									}
								},
								"ftl:huggy_wuggy_vent": {
									"volume": 50,
									"pitch": 1,
									"events": {
										"ambient": {
											"volume": 50,
											"pitch": 1,
											"sound": "mob.huggy.idle"
										},
										"hurt": {
											"volume": 50,
											"pitch": 1,
											"sound": "mob.huggy.hurt"
										},
										"step": {
											"volume": 8,
											"pitch": 1,
											"sound": "mob.huggy.step"
										},
										"attack": {
											"volume": 50,
											"pitch": 1,
											"sound": "mob.huggy.attack"
										},
										"death": {
											"volume": 50,
											"pitch": 1,
											"sound": "mob.huggy.death"
										}
									}
								},
								"ftl:huggy_wuggy_pink": {
									"volume": 50,
									"pitch": 1,
									"events": {
										"ambient": {
											"volume": 50,
											"pitch": 1,
											"sound": "mob.huggy.idle"
										},
										"hurt": {
											"volume": 50,
											"pitch": 1,
											"sound": "mob.huggy.hurt"
										},
										"step": {
											"volume": 8,
											"pitch": 1,
											"sound": "mob.huggy.step"
										},
										"attack": {
											"volume": 50,
											"pitch": 1,
											"sound": "mob.huggy.attack"
										},
										"death": {
											"volume": 50,
											"pitch": 1,
											"sound": "mob.huggy.death"
										}
									}
								}
							}
						},
						"key": "entities",
						"is_minified": true,
						"children": {
							"ftl:huggy_wuggy": {
								"volume": 50,
								"pitch": 1,
								"events": {
									"ambient": {
										"volume": 50,
										"pitch": 1,
										"sound": "mob.huggy.idle"
									},
									"hurt": {
										"volume": 50,
										"pitch": 1,
										"sound": "mob.huggy.hurt"
									},
									"step": {
										"volume": 8,
										"pitch": 1,
										"sound": "mob.huggy.step"
									},
									"attack": {
										"volume": 50,
										"pitch": 1,
										"sound": "mob.huggy.attack"
									},
									"death": {
										"volume": 50,
										"pitch": 1,
										"sound": "mob.huggy.death"
									}
								}
							},
							"ftl:huggy_wuggy_vent": {
								"volume": 50,
								"pitch": 1,
								"events": {
									"ambient": {
										"volume": 50,
										"pitch": 1,
										"sound": "mob.huggy.idle"
									},
									"hurt": {
										"volume": 50,
										"pitch": 1,
										"sound": "mob.huggy.hurt"
									},
									"step": {
										"volume": 8,
										"pitch": 1,
										"sound": "mob.huggy.step"
									},
									"attack": {
										"volume": 50,
										"pitch": 1,
										"sound": "mob.huggy.attack"
									},
									"death": {
										"volume": 50,
										"pitch": 1,
										"sound": "mob.huggy.death"
									}
								}
							},
							"ftl:huggy_wuggy_pink": {
								"volume": 50,
								"pitch": 1,
								"events": {
									"ambient": {
										"volume": 50,
										"pitch": 1,
										"sound": "mob.huggy.idle"
									},
									"hurt": {
										"volume": 50,
										"pitch": 1,
										"sound": "mob.huggy.hurt"
									},
									"step": {
										"volume": 8,
										"pitch": 1,
										"sound": "mob.huggy.step"
									},
									"attack": {
										"volume": 50,
										"pitch": 1,
										"sound": "mob.huggy.attack"
									},
									"death": {
										"volume": 50,
										"pitch": 1,
										"sound": "mob.huggy.death"
									}
								}
							}
						}
					}
				]
			}
		]
	}
}