{
  "\u0070\u006f\u006f\u006c\u0073": [
    {
      "\u0072\u006f\u006c\u006c\u0073": 1,
      "\u0065\u006e\u0074\u0072\u0069\u0065\u0073": [
        {
          "\u0074\u0079\u0070\u0065": "item",
          "\u006e\u0061\u006d\u0065": "minecraft:heart_of_the_sea"
        }
      ]
    },
    {
      "\u0072\u006f\u006c\u006c\u0073": {
        "\u006d\u0069\u006e": 5,
        "\u006d\u0061\u0078": 12
      },
      "\u0065\u006e\u0074\u0072\u0069\u0065\u0073": [
        {
          "\u0074\u0079\u0070\u0065": "item",
          "\u006e\u0061\u006d\u0065": "minecraft:prismarine_crystals",
          "\u0066\u0075\u006e\u0063\u0074\u0069\u006f\u006e\u0073": [
            {
              "\u0066\u0075\u006e\u0063\u0074\u0069\u006f\u006e": "set_count",
              "\u0063\u006f\u0075\u006e\u0074": {
                "\u006d\u0069\u006e": 1,
                "\u006d\u0061\u0078": 5
              }
            }
          ],
          "\u0077\u0065\u0069\u0067\u0068\u0074": 5
        },
        {
          "\u0074\u0079\u0070\u0065": "item",
          "\u006e\u0061\u006d\u0065": "minecraft:iron_ingot",
          "\u0066\u0075\u006e\u0063\u0074\u0069\u006f\u006e\u0073": [
            {
              "\u0066\u0075\u006e\u0063\u0074\u0069\u006f\u006e": "set_count",
              "\u0063\u006f\u0075\u006e\u0074": {
                "\u006d\u0069\u006e": 3,
                "\u006d\u0061\u0078": 5
              }
            }
          ],
          "\u0077\u0065\u0069\u0067\u0068\u0074": 20
        },
        {
          "\u0074\u0079\u0070\u0065": "item",
          "\u006e\u0061\u006d\u0065": "minecraft:gold_ingot",
          "\u0066\u0075\u006e\u0063\u0074\u0069\u006f\u006e\u0073": [
            {
              "\u0066\u0075\u006e\u0063\u0074\u0069\u006f\u006e": "set_count",
              "\u0063\u006f\u0075\u006e\u0074": {
                "\u006d\u0069\u006e": 1,
                "\u006d\u0061\u0078": 5
              }
            }
          ],
          "\u0077\u0065\u0069\u0067\u0068\u0074": 10
        },
        {
          "\u0074\u0079\u0070\u0065": "item",
          "\u006e\u0061\u006d\u0065": "minecraft:tnt",
          "\u0066\u0075\u006e\u0063\u0074\u0069\u006f\u006e\u0073": [
            {
              "\u0066\u0075\u006e\u0063\u0074\u0069\u006f\u006e": "set_count",
              "\u0063\u006f\u0075\u006e\u0074": {
                "\u006d\u0069\u006e": 1,
                "\u006d\u0061\u0078": 2
              }
            }
          ],
          "\u0077\u0065\u0069\u0067\u0068\u0074": 10
        },
        {
          "\u0074\u0079\u0070\u0065": "item",
          "\u006e\u0061\u006d\u0065": "minecraft:diamond",
          "\u0077\u0065\u0069\u0067\u0068\u0074": 15
        },
        {
          "\u0074\u0079\u0070\u0065": "item",
          "\u006e\u0061\u006d\u0065": "minecraft:record_wait",
          "\u0077\u0065\u0069\u0067\u0068\u0074": 5
        },
        {
          "\u0074\u0079\u0070\u0065": "item",
          "\u006e\u0061\u006d\u0065": "minecraft:record_mellohi",
          "\u0077\u0065\u0069\u0067\u0068\u0074": 5
        },
        {
          "\u0074\u0079\u0070\u0065": "item",
          "\u006e\u0061\u006d\u0065": "minecraft:name_tag",
          "\u0077\u0065\u0069\u0067\u0068\u0074": 10
        },
        {
          "\u0074\u0079\u0070\u0065": "item",
          "\u006e\u0061\u006d\u0065": "minecraft:chainmail_chestplate",
          "\u0077\u0065\u0069\u0067\u0068\u0074": 20
        },
        {
          "\u0074\u0079\u0070\u0065": "item",
          "\u006e\u0061\u006d\u0065": "minecraft:chainmail_helmet",
          "\u0077\u0065\u0069\u0067\u0068\u0074": 20
        },
        {
          "\u0074\u0079\u0070\u0065": "item",
          "\u006e\u0061\u006d\u0065": "minecraft:chainmail_leggings",
          "\u0077\u0065\u0069\u0067\u0068\u0074": 20
        },
        {
          "\u0074\u0079\u0070\u0065": "item",
          "\u006e\u0061\u006d\u0065": "minecraft:chainmail_boots",
          "\u0077\u0065\u0069\u0067\u0068\u0074": 20
        },
        {
          "\u0074\u0079\u0070\u0065": "item",
          "\u006e\u0061\u006d\u0065": "minecraft:writable_book",
          "\u0066\u0075\u006e\u0063\u0074\u0069\u006f\u006e\u0073": [
            {
              "\u0066\u0075\u006e\u0063\u0074\u0069\u006f\u006e": "set_count",
              "\u0063\u006f\u0075\u006e\u0074": {
                "\u006d\u0069\u006e": 1,
                "\u006d\u0061\u0078": 2
              }
            }
          ],
          "\u0077\u0065\u0069\u0067\u0068\u0074": 5
        },
        {
          "\u0074\u0079\u0070\u0065": "item",
          "\u006e\u0061\u006d\u0065": "minecraft:lead",
          "\u0066\u0075\u006e\u0063\u0074\u0069\u006f\u006e\u0073": [
            {
              "\u0066\u0075\u006e\u0063\u0074\u0069\u006f\u006e": "set_count",
              "\u0063\u006f\u0075\u006e\u0074": {
                "\u006d\u0069\u006e": 1,
                "\u006d\u0061\u0078": 3
              }
            }
          ],
          "\u0077\u0065\u0069\u0067\u0068\u0074": 10
        },
        {
          "\u0074\u0079\u0070\u0065": "item",
          "\u006e\u0061\u006d\u0065": "minecraft:experience_bottle",
          "\u0077\u0065\u0069\u0067\u0068\u0074": 3
        },
        {
          "\u0074\u0079\u0070\u0065": "item",
          "\u006e\u0061\u006d\u0065": "minecraft:potion",
          "\u0066\u0075\u006e\u0063\u0074\u0069\u006f\u006e\u0073": [
            {
              "\u0066\u0075\u006e\u0063\u0074\u0069\u006f\u006e": "set_data",
              "\u0064\u0061\u0074\u0061": 19
            }
          ],
          "\u0077\u0065\u0069\u0067\u0068\u0074": 15
        },
        {
          "\u0074\u0079\u0070\u0065": "item",
          "\u006e\u0061\u006d\u0065": "minecraft:potion",
          "\u0066\u0075\u006e\u0063\u0074\u0069\u006f\u006e\u0073": [
            {
              "\u0066\u0075\u006e\u0063\u0074\u0069\u006f\u006e": "set_data",
              "\u0064\u0061\u0074\u0061": 28
            }
          ],
          "\u0077\u0065\u0069\u0067\u0068\u0074": 10
        },
        {
          "\u0074\u0079\u0070\u0065": "item",
          "\u006e\u0061\u006d\u0065": "minecraft:cake",
          "\u0077\u0065\u0069\u0067\u0068\u0074": 1
        }
      ]
    },
    {
      "\u0072\u006f\u006c\u006c\u0073": 1,
      "\u0065\u006e\u0074\u0072\u0069\u0065\u0073": [
        {
          "\u0074\u0079\u0070\u0065": "loot_table",
          "\u006e\u0061\u006d\u0065": "loot_tables/chests/dragon_ball.json"
        }
      ]
    }
  ]
}