{
  "\u0070\u006f\u006f\u006c\u0073": [
    {
      "\u0072\u006f\u006c\u006c\u0073": {
        "\u006d\u0069\u006e": 2,
        "\u006d\u0061\u0078": 6
      },
      "\u0065\u006e\u0074\u0072\u0069\u0065\u0073": [
        {
          "\u0074\u0079\u0070\u0065": "item",
          "\u006e\u0061\u006d\u0065": "minecraft:diamond",
          "\u0066\u0075\u006e\u0063\u0074\u0069\u006f\u006e\u0073": [
            {
              "\u0066\u0075\u006e\u0063\u0074\u0069\u006f\u006e": "set_count",
              "\u0063\u006f\u0075\u006e\u0074": {
                "\u006d\u0069\u006e": 1,
                "\u006d\u0061\u0078": 3
              }
            }
          ],
          "\u0077\u0065\u0069\u0067\u0068\u0074": 15
        },
        {
          "\u0074\u0079\u0070\u0065": "item",
          "\u006e\u0061\u006d\u0065": "minecraft:iron_ingot",
          "\u0066\u0075\u006e\u0063\u0074\u0069\u006f\u006e\u0073": [
            {
              "\u0066\u0075\u006e\u0063\u0074\u0069\u006f\u006e": "set_count",
              "\u0063\u006f\u0075\u006e\u0074": {
                "\u006d\u0069\u006e": 1,
                "\u006d\u0061\u0078": 5
              }
            }
          ],
          "\u0077\u0065\u0069\u0067\u0068\u0074": 50
        },
        {
          "\u0074\u0079\u0070\u0065": "item",
          "\u006e\u0061\u006d\u0065": "minecraft:gold_ingot",
          "\u0066\u0075\u006e\u0063\u0074\u0069\u006f\u006e\u0073": [
            {
              "\u0066\u0075\u006e\u0063\u0074\u0069\u006f\u006e": "set_count",
              "\u0063\u006f\u0075\u006e\u0074": {
                "\u006d\u0069\u006e": 2,
                "\u006d\u0061\u0078": 7
              }
            }
          ],
          "\u0077\u0065\u0069\u0067\u0068\u0074": 75
        },
        {
          "\u0074\u0079\u0070\u0065": "item",
          "\u006e\u0061\u006d\u0065": "minecraft:emerald",
          "\u0066\u0075\u006e\u0063\u0074\u0069\u006f\u006e\u0073": [
            {
              "\u0066\u0075\u006e\u0063\u0074\u0069\u006f\u006e": "set_count",
              "\u0063\u006f\u0075\u006e\u0074": {
                "\u006d\u0069\u006e": 1,
                "\u006d\u0061\u0078": 3
              }
            }
          ],
          "\u0077\u0065\u0069\u0067\u0068\u0074": 10
        },
        {
          "\u0074\u0079\u0070\u0065": "item",
          "\u006e\u0061\u006d\u0065": "minecraft:bone",
          "\u0066\u0075\u006e\u0063\u0074\u0069\u006f\u006e\u0073": [
            {
              "\u0066\u0075\u006e\u0063\u0074\u0069\u006f\u006e": "set_count",
              "\u0063\u006f\u0075\u006e\u0074": {
                "\u006d\u0069\u006e": 4,
                "\u006d\u0061\u0078": 6
              }
            }
          ],
          "\u0077\u0065\u0069\u0067\u0068\u0074": 100
        },
        {
          "\u0074\u0079\u0070\u0065": "item",
          "\u006e\u0061\u006d\u0065": "minecraft:rotten_flesh",
          "\u0066\u0075\u006e\u0063\u0074\u0069\u006f\u006e\u0073": [
            {
              "\u0066\u0075\u006e\u0063\u0074\u0069\u006f\u006e": "set_count",
              "\u0063\u006f\u0075\u006e\u0074": {
                "\u006d\u0069\u006e": 3,
                "\u006d\u0061\u0078": 7
              }
            }
          ],
          "\u0077\u0065\u0069\u0067\u0068\u0074": 80
        },
        {
          "\u0074\u0079\u0070\u0065": "item",
          "\u006e\u0061\u006d\u0065": "minecraft:bamboo",
          "\u0066\u0075\u006e\u0063\u0074\u0069\u006f\u006e\u0073": [
            {
              "\u0066\u0075\u006e\u0063\u0074\u0069\u006f\u006e": "set_count",
              "\u0063\u006f\u0075\u006e\u0074": {
                "\u006d\u0069\u006e": 1,
                "\u006d\u0061\u0078": 3
              }
            }
          ],
          "\u0077\u0065\u0069\u0067\u0068\u0074": 75
        },
        {
          "\u0074\u0079\u0070\u0065": "item",
          "\u006e\u0061\u006d\u0065": "minecraft:saddle",
          "\u0077\u0065\u0069\u0067\u0068\u0074": 15
        },
        {
          "\u0074\u0079\u0070\u0065": "item",
          "\u006e\u0061\u006d\u0065": "minecraft:horsearmoriron",
          "\u0077\u0065\u0069\u0067\u0068\u0074": 5
        },
        {
          "\u0074\u0079\u0070\u0065": "item",
          "\u006e\u0061\u006d\u0065": "minecraft:horsearmorgold",
          "\u0077\u0065\u0069\u0067\u0068\u0074": 5
        },
        {
          "\u0074\u0079\u0070\u0065": "item",
          "\u006e\u0061\u006d\u0065": "minecraft:horsearmordiamond",
          "\u0077\u0065\u0069\u0067\u0068\u0074": 5
        },
        {
          "\u0074\u0079\u0070\u0065": "item",
          "\u006e\u0061\u006d\u0065": "minecraft:book",
          "\u0077\u0065\u0069\u0067\u0068\u0074": 6,
          "\u0066\u0075\u006e\u0063\u0074\u0069\u006f\u006e\u0073": [
            {
              "\u0066\u0075\u006e\u0063\u0074\u0069\u006f\u006e": "enchant_with_levels",
              "\u006c\u0065\u0076\u0065\u006c\u0073": 30,
              "\u0074\u0072\u0065\u0061\u0073\u0075\u0072\u0065": true
            }
          ]
        }
      ]
    },
    {
      "\u0072\u006f\u006c\u006c\u0073": 1,
      "\u0065\u006e\u0074\u0072\u0069\u0065\u0073": [
        {
          "\u0074\u0079\u0070\u0065": "loot_table",
          "\u006e\u0061\u006d\u0065": "loot_tables/chests/dragon_ball.json"
        }
      ]
    }
  ]
}