{
  "\u0070\u006f\u006f\u006c\u0073": [
    {
      "\u0072\u006f\u006c\u006c\u0073": 1,
      "\u0065\u006e\u0074\u0072\u0069\u0065\u0073": [
        {
          "\u0074\u0079\u0070\u0065": "item",
          "\u006e\u0061\u006d\u0065": "dbe:piccolo_chestplate",
          "\u0077\u0065\u0069\u0067\u0068\u0074": 4
        },
        {
          "\u0074\u0079\u0070\u0065": "item",
          "\u006e\u0061\u006d\u0065": "dbe:piccolo_leggings",
          "\u0077\u0065\u0069\u0067\u0068\u0074": 4
        },
        {
          "\u0074\u0079\u0070\u0065": "item",
          "\u006e\u0061\u006d\u0065": "dbe:piccolo_boots",
          "\u0077\u0065\u0069\u0067\u0068\u0074": 4
        },
        // {
        //   "\u0074\u0079\u0070\u0065": "item",
        //   "\u006e\u0061\u006d\u0065": "dbe:namek_dragon_ball_item",
        //   "\u0077\u0065\u0069\u0067\u0068\u0074": 1
        // },
        {
          "\u0074\u0079\u0070\u0065": "empty",
          "\u0077\u0065\u0069\u0067\u0068\u0074": 7
        }
      ]
    },
    {
      "\u0072\u006f\u006c\u006c\u0073": {
        "\u006d\u0069\u006e": 2,
        "\u006d\u0061\u0078": 7
      },
      "\u0065\u006e\u0074\u0072\u0069\u0065\u0073": [
        {
          "\u0074\u0079\u0070\u0065": "item",
          "\u006e\u0061\u006d\u0065": "dbe:sapling_ajisa_item",
          "\u0066\u0075\u006e\u0063\u0074\u0069\u006f\u006e\u0073": [
            {
              "\u0066\u0075\u006e\u0063\u0074\u0069\u006f\u006e": "set_count",
              "\u0063\u006f\u0075\u006e\u0074": {
                "\u006d\u0069\u006e": 1,
                "\u006d\u0061\u0078": 3
              }
            }
          ],
          "\u0077\u0065\u0069\u0067\u0068\u0074": 6
        },
        {
          "\u0074\u0079\u0070\u0065": "item",
          "\u006e\u0061\u006d\u0065": "dbe:medical_moss_item",
          "\u0066\u0075\u006e\u0063\u0074\u0069\u006f\u006e\u0073": [
            {
              "\u0066\u0075\u006e\u0063\u0074\u0069\u006f\u006e": "set_count",
              "\u0063\u006f\u0075\u006e\u0074": {
                "\u006d\u0069\u006e": 2,
                "\u006d\u0061\u0078": 4
              }
            }
          ],
          "\u0077\u0065\u0069\u0067\u0068\u0074": 5
        },
        {
          "\u0074\u0079\u0070\u0065": "item",
          "\u006e\u0061\u006d\u0065": "dbe:medical_moss_seeds",
          "\u0066\u0075\u006e\u0063\u0074\u0069\u006f\u006e\u0073": [
            {
              "\u0066\u0075\u006e\u0063\u0074\u0069\u006f\u006e": "set_count",
              "\u0063\u006f\u0075\u006e\u0074": {
                "\u006d\u0069\u006e": 3,
                "\u006d\u0061\u0078": 6
              }
            }
          ],
          "\u0077\u0065\u0069\u0067\u0068\u0074": 4
        },
        {
          "\u0074\u0079\u0070\u0065": "item",
          "\u006e\u0061\u006d\u0065": "dbe:ajisa_orange",
          "\u0066\u0075\u006e\u0063\u0074\u0069\u006f\u006e\u0073": [
            {
              "\u0066\u0075\u006e\u0063\u0074\u0069\u006f\u006e": "set_count",
              "\u0063\u006f\u0075\u006e\u0074": {
                "\u006d\u0069\u006e": 1,
                "\u006d\u0061\u0078": 2
              }
            }
          ],
          "\u0077\u0065\u0069\u0067\u0068\u0074": 4
        }
      ]
    }
  ]
}