{
  "\u0070\u006f\u006f\u006c\u0073": [
    {
      "\u0072\u006f\u006c\u006c\u0073": {
        "\u006d\u0069\u006e": 3,
        "\u006d\u0061\u0078": 6
      },
      "\u0065\u006e\u0074\u0072\u0069\u0065\u0073": [
        {
          "\u0074\u0079\u0070\u0065": "item",
          "\u006e\u0061\u006d\u0065": "minecraft:iron_ingot",
          "\u0077\u0065\u0069\u0067\u0068\u0074": 90,
          "\u0066\u0075\u006e\u0063\u0074\u0069\u006f\u006e\u0073": [
            {
              "\u0066\u0075\u006e\u0063\u0074\u0069\u006f\u006e": "set_count",
              "\u0063\u006f\u0075\u006e\u0074": {
                "\u006d\u0069\u006e": 1,
                "\u006d\u0061\u0078": 5
              }
            }
          ]
        },
        {
          "\u0074\u0079\u0070\u0065": "item",
          "\u006e\u0061\u006d\u0065": "minecraft:gold_ingot",
          "\u0077\u0065\u0069\u0067\u0068\u0074": 10,
          "\u0066\u0075\u006e\u0063\u0074\u0069\u006f\u006e\u0073": [
            {
              "\u0066\u0075\u006e\u0063\u0074\u0069\u006f\u006e": "set_count",
              "\u0063\u006f\u0075\u006e\u0074": {
                "\u006d\u0069\u006e": 1,
                "\u006d\u0061\u0078": 5
              }
            }
          ]
        },
        {
          "\u0074\u0079\u0070\u0065": "item",
          "\u006e\u0061\u006d\u0065": "minecraft:emerald",
          "\u0077\u0065\u0069\u0067\u0068\u0074": 40,
          "\u0066\u0075\u006e\u0063\u0074\u0069\u006f\u006e\u0073": [
            {
              "\u0066\u0075\u006e\u0063\u0074\u0069\u006f\u006e": "set_count",
              "\u0063\u006f\u0075\u006e\u0074": {
                "\u006d\u0069\u006e": 1,
                "\u006d\u0061\u0078": 5
              }
            }
          ]
        },
        {
          "\u0074\u0079\u0070\u0065": "item",
          "\u006e\u0061\u006d\u0065": "minecraft:diamond",
          "\u0077\u0065\u0069\u0067\u0068\u0074": 5
        },
        {
          "\u0074\u0079\u0070\u0065": "item",
          "\u006e\u0061\u006d\u0065": "minecraft:experience_bottle",
          "\u0077\u0065\u0069\u0067\u0068\u0074": 5
        }
      ]
    },
    {
      "\u0072\u006f\u006c\u006c\u0073": {
        "\u006d\u0069\u006e": 2,
        "\u006d\u0061\u0078": 5
      },
      "\u0065\u006e\u0074\u0072\u0069\u0065\u0073": [
        {
          "\u0074\u0079\u0070\u0065": "item",
          "\u006e\u0061\u006d\u0065": "minecraft:iron_nugget",
          "\u0077\u0065\u0069\u0067\u0068\u0074": 50,
          "\u0066\u0075\u006e\u0063\u0074\u0069\u006f\u006e\u0073": [
            {
              "\u0066\u0075\u006e\u0063\u0074\u0069\u006f\u006e": "set_count",
              "\u0063\u006f\u0075\u006e\u0074": {
                "\u006d\u0069\u006e": 1,
                "\u006d\u0061\u0078": 10
              }
            }
          ]
        },
        {
          "\u0074\u0079\u0070\u0065": "item",
          "\u006e\u0061\u006d\u0065": "minecraft:gold_nugget",
          "\u0077\u0065\u0069\u0067\u0068\u0074": 10,
          "\u0066\u0075\u006e\u0063\u0074\u0069\u006f\u006e\u0073": [
            {
              "\u0066\u0075\u006e\u0063\u0074\u0069\u006f\u006e": "set_count",
              "\u0063\u006f\u0075\u006e\u0074": {
                "\u006d\u0069\u006e": 1,
                "\u006d\u0061\u0078": 10
              }
            }
          ]
        },
        {
          "\u0074\u0079\u0070\u0065": "item",
          "\u006e\u0061\u006d\u0065": "minecraft:dye",
          "\u0077\u0065\u0069\u0067\u0068\u0074": 20,
          "\u0066\u0075\u006e\u0063\u0074\u0069\u006f\u006e\u0073": [
            {
              "\u0066\u0075\u006e\u0063\u0074\u0069\u006f\u006e": "set_count",
              "\u0063\u006f\u0075\u006e\u0074": {
                "\u006d\u0069\u006e": 1,
                "\u006d\u0061\u0078": 10
              }
            },
            {
              "\u0066\u0075\u006e\u0063\u0074\u0069\u006f\u006e": "set_data",
              "\u0064\u0061\u0074\u0061": 4
            }
          ]
        }
      ]
    },
    {
      "\u0072\u006f\u006c\u006c\u0073": 1,
      "\u0065\u006e\u0074\u0072\u0069\u0065\u0073": [
        {
          "\u0074\u0079\u0070\u0065": "loot_table",
          "\u006e\u0061\u006d\u0065": "loot_tables/chests/dragon_ball.json"
        }
      ]
    }
  ]
}