{
  "\u0070\u006f\u006f\u006c\u0073": [
    {
      "\u0072\u006f\u006c\u006c\u0073": {
        "\u006d\u0069\u006e": 2,
        "\u006d\u0061\u0078": 10
      },
      "\u0065\u006e\u0074\u0072\u0069\u0065\u0073": [
        {
          "\u0074\u0079\u0070\u0065": "item",
          "\u006e\u0061\u006d\u0065": "minecraft:book",
          "\u0066\u0075\u006e\u0063\u0074\u0069\u006f\u006e\u0073": [
            {
              "\u0066\u0075\u006e\u0063\u0074\u0069\u006f\u006e": "set_count",
              "\u0063\u006f\u0075\u006e\u0074": {
                "\u006d\u0069\u006e": 1,
                "\u006d\u0061\u0078": 3
              }
            }
          ],
          "\u0077\u0065\u0069\u0067\u0068\u0074": 100
        },
        {
          "\u0074\u0079\u0070\u0065": "item",
          "\u006e\u0061\u006d\u0065": "minecraft:paper",
          "\u0066\u0075\u006e\u0063\u0074\u0069\u006f\u006e\u0073": [
            {
              "\u0066\u0075\u006e\u0063\u0074\u0069\u006f\u006e": "set_count",
              "\u0063\u006f\u0075\u006e\u0074": {
                "\u006d\u0069\u006e": 2,
                "\u006d\u0061\u0078": 7
              }
            }
          ],
          "\u0077\u0065\u0069\u0067\u0068\u0074": 100
        },
        {
          "\u0074\u0079\u0070\u0065": "item",
          "\u006e\u0061\u006d\u0065": "minecraft:map",
          "\u0077\u0065\u0069\u0067\u0068\u0074": 5
        },
        {
          "\u0074\u0079\u0070\u0065": "item",
          "\u006e\u0061\u006d\u0065": "minecraft:compass",
          "\u0077\u0065\u0069\u0067\u0068\u0074": 5
        },
        {
          "\u0074\u0079\u0070\u0065": "item",
          "\u006e\u0061\u006d\u0065": "minecraft:book",
          "\u0077\u0065\u0069\u0067\u0068\u0074": 60,
          "\u0066\u0075\u006e\u0063\u0074\u0069\u006f\u006e\u0073": [
            {
              "\u0066\u0075\u006e\u0063\u0074\u0069\u006f\u006e": "enchant_with_levels",
              "\u006c\u0065\u0076\u0065\u006c\u0073": 30,
              "\u0074\u0072\u0065\u0061\u0073\u0075\u0072\u0065": true
            }
          ]
        }
      ]
    },
    {
      "\u0072\u006f\u006c\u006c\u0073": 1,
      "\u0065\u006e\u0074\u0072\u0069\u0065\u0073": [
        {
          "\u0074\u0079\u0070\u0065": "loot_table",
          "\u006e\u0061\u006d\u0065": "loot_tables/chests/dragon_ball.json"
        }
      ]
    }
  ]
}