{
	"format_version": "1.8.0",
	"animations": {
		"animation.iron_golem_titan.dead": {
			"animation_length": 99,
			"bones": {
				"bone": {
					"rotation": {
						"0.0": {
							"post": [0, 0, 0],
							"lerp_mode": "catmullrom"
						},
						"0.9833": {
							"post": [0, 0, 0],
							"lerp_mode": "catmullrom"
						},
						"3.5": {
							"post": [0, 0, 0],
							"lerp_mode": "catmullrom"
						},
						"5.0": [90, 0, 0]
					},
					"position": {
						"0.0": {
							"post": [0, 0, 0],
							"lerp_mode": "catmullrom"
						},
						"0.9833": {
							"post": [0, -1.5, 5],
							"lerp_mode": "catmullrom"
						},
						"2.5": {
							"post": [0, -1.3, 17],
							"lerp_mode": "catmullrom"
						},
						"3.5": {
							"post": [0, -1.3, 17],
							"lerp_mode": "catmullrom"
						},
						"5.0": [0, -13, 9]
					}
				},
				"bone2": {
					"rotation": {
						"0.0": {
							"post": [0, 0, 0],
							"lerp_mode": "catmullrom"
						},
						"0.9833": {
							"post": [30, 0, 0],
							"lerp_mode": "catmullrom"
						},
						"2.4833": {
							"post": [37.5, 0, 0],
							"lerp_mode": "catmullrom"
						},
						"3.5": {
							"post": [-7.5, 0, 0],
							"lerp_mode": "catmullrom"
						},
						"5.0": {
							"post": [-25, 0, 0],
							"lerp_mode": "catmullrom"
						},
						"6.0": [2.5, 0, 0]
					}
				},
				"bone7": {
					"rotation": {
						"0.0": {
							"post": [0, 0, 0],
							"lerp_mode": "catmullrom"
						},
						"0.9833": {
							"post": [-52.5, -27.5, 0],
							"lerp_mode": "catmullrom"
						},
						"2.4833": {
							"post": [-52.5, -30, 0],
							"lerp_mode": "catmullrom"
						},
						"3.5": {
							"post": [-110, 42.5, 10],
							"lerp_mode": "catmullrom"
						},
						"5.0": {
							"post": [-212.5, 7.5, -17.5],
							"lerp_mode": "catmullrom"
						},
						"6.0": [-150, 7.5, -17.5]
					}
				},
				"bone4": {
					"rotation": {
						"0.0": {
							"post": [0, 0, 0],
							"lerp_mode": "catmullrom"
						},
						"0.9833": {
							"post": [-52.5, 27.5, 0],
							"lerp_mode": "catmullrom"
						},
						"2.4833": {
							"post": [-52.5, 30, 0],
							"lerp_mode": "catmullrom"
						},
						"3.5": {
							"post": [-110, -42.5, -10],
							"lerp_mode": "catmullrom"
						},
						"5.0": {
							"post": [-212.5, -7.5, 17.5],
							"lerp_mode": "catmullrom"
						},
						"6.0": [-150, -7.5, 17.5]
					}
				},
				"head": {
					"rotation": {
						"0.0": {
							"post": [0, 0, 0],
							"lerp_mode": "catmullrom"
						},
						"0.9833": {
							"post": [37.5, 0, 0],
							"lerp_mode": "catmullrom"
						},
						"2.4833": {
							"post": [55, 0, 0],
							"lerp_mode": "catmullrom"
						},
						"3.5": {
							"post": [-25, 0, 0],
							"lerp_mode": "catmullrom"
						},
						"5.0": {
							"post": [-45, 45, 0],
							"lerp_mode": "catmullrom"
						},
						"6.0": [-7.5, 45, 0]
					}
				},
				"bone14": {
					"rotation": {
						"0.0": {
							"post": [0, 0, 0],
							"lerp_mode": "catmullrom"
						},
						"0.9833": {
							"post": [35, 0, 0],
							"lerp_mode": "catmullrom"
						},
						"2.5": {
							"post": [40, 0, 0],
							"lerp_mode": "catmullrom"
						},
						"3.5": {
							"post": [40, 0, 0],
							"lerp_mode": "catmullrom"
						},
						"5.0": [30, 0, 0]
					}
				},
				"bone16": {
					"rotation": {
						"0.0": {
							"post": [0, 0, 0],
							"lerp_mode": "catmullrom"
						},
						"0.9833": {
							"post": [30, 0, 0],
							"lerp_mode": "catmullrom"
						},
						"2.5": {
							"post": [32.5, 0, 0],
							"lerp_mode": "catmullrom"
						},
						"3.5": {
							"post": [32.5, 0, 0],
							"lerp_mode": "catmullrom"
						},
						"5.0": [27.5, 0, 0]
					}
				},
				"bone3": {
					"rotation": {
						"0.0": {
							"post": [0, 0, 0],
							"lerp_mode": "catmullrom"
						}
					}
				},
				"bone8": {
					"rotation": {
						"0.0": {
							"post": [0, 0, 0],
							"lerp_mode": "catmullrom"
						},
						"2.4833": {
							"post": [0, 0, -20],
							"lerp_mode": "catmullrom"
						},
						"3.5": {
							"post": [15, 0, 0],
							"lerp_mode": "catmullrom"
						},
						"5.0": [-17.5, 0, 0]
					}
				},
				"bone9": {
					"rotation": {
						"0.0": {
							"post": [0, 0, 0],
							"lerp_mode": "catmullrom"
						},
						"2.4833": {
							"post": [0, 0, -20],
							"lerp_mode": "catmullrom"
						},
						"3.5": {
							"post": [15, 0, 0],
							"lerp_mode": "catmullrom"
						},
						"5.0": [-15, 0, 0]
					}
				},
				"bone10": {
					"rotation": {
						"0.0": {
							"post": [0, 0, 0],
							"lerp_mode": "catmullrom"
						},
						"2.4833": {
							"post": [0, 0, -7.5],
							"lerp_mode": "catmullrom"
						},
						"3.5": {
							"post": [15, 0, 0],
							"lerp_mode": "catmullrom"
						},
						"5.0": [-7.5, 0, 0]
					}
				},
				"bone5": {
					"rotation": {
						"0.0": {
							"post": [0, 0, 0],
							"lerp_mode": "catmullrom"
						},
						"2.4833": {
							"post": [0, 0, 15],
							"lerp_mode": "catmullrom"
						},
						"3.5": {
							"post": [15, 0, 0],
							"lerp_mode": "catmullrom"
						},
						"5.0": [-17.5, 0, 0]
					}
				},
				"bone6": {
					"rotation": {
						"0.0": {
							"post": [0, 0, 0],
							"lerp_mode": "catmullrom"
						},
						"2.4833": {
							"post": [0, 0, 17.5],
							"lerp_mode": "catmullrom"
						},
						"3.5": {
							"post": [15, 0, 0],
							"lerp_mode": "catmullrom"
						},
						"5.0": [-15, 0, 0]
					}
				},
				"bone11": {
					"rotation": {
						"0.0": {
							"post": [0, 0, 0],
							"lerp_mode": "catmullrom"
						},
						"2.4833": {
							"post": [0, 0, 10],
							"lerp_mode": "catmullrom"
						},
						"3.5": {
							"post": [15, 0, 0],
							"lerp_mode": "catmullrom"
						},
						"5.0": [-12.5, 0, 0]
					}
				},
				"bone13": {
					"rotation": {
						"0.0": {
							"post": [0, 0, 0],
							"lerp_mode": "catmullrom"
						},
						"0.9833": {
							"post": [-35, 0, 0],
							"lerp_mode": "catmullrom"
						},
						"2.5": {
							"post": [10, 0, 0],
							"lerp_mode": "catmullrom"
						},
						"3.5": {
							"post": [10, 0, 0],
							"lerp_mode": "catmullrom"
						},
						"5.0": {
							"post": [10, 0, 12.5],
							"lerp_mode": "catmullrom"
						},
						"6.0": [-17.5, 0, 12.5]
					}
				},
				"bone15": {
					"rotation": {
						"0.0": {
							"post": [0, 0, 0],
							"lerp_mode": "catmullrom"
						},
						"0.9833": {
							"post": [22.5, 0, 0],
							"lerp_mode": "catmullrom"
						},
						"2.5": {
							"post": [-32.5, 0, 0],
							"lerp_mode": "catmullrom"
						},
						"3.5": {
							"post": [-32.5, 0, 0],
							"lerp_mode": "catmullrom"
						},
						"5.0": {
							"post": [10, 0, -12.5],
							"lerp_mode": "catmullrom"
						},
						"6.0": [-17.5, 0, -12.5]
					}
				}
			}
		},
		"animation.gargoyle_king.dead": {
			"animation_length": 99,
			"bones": {
				"bone": {
					"rotation": {
						"0.0": {
							"post": [0, 0, 0],
							"lerp_mode": "catmullrom"
						},
						"0.9833": {
							"post": [0, 0, 0],
							"lerp_mode": "catmullrom"
						},
						"3.5": {
							"post": [0, 0, 0],
							"lerp_mode": "catmullrom"
						},
						"5.0": [90, 0, 0]
					},
					"position": {
						"0.0": {
							"post": [0, 0, 0],
							"lerp_mode": "catmullrom"
						},
						"0.9833": {
							"post": [0, -1.5, 5],
							"lerp_mode": "catmullrom"
						},
						"2.5": {
							"post": [0, -1.3, 17],
							"lerp_mode": "catmullrom"
						},
						"3.5": {
							"post": [0, -1.3, 17],
							"lerp_mode": "catmullrom"
						},
						"5.0": [0, -11, 9]
					}
				},
				"bone2": {
					"rotation": {
						"0.0": {
							"post": [0, 0, 0],
							"lerp_mode": "catmullrom"
						},
						"0.9833": {
							"post": [30, 0, 0],
							"lerp_mode": "catmullrom"
						},
						"2.4833": {
							"post": [37.5, 0, 0],
							"lerp_mode": "catmullrom"
						},
						"3.5": {
							"post": [-7.5, 0, 0],
							"lerp_mode": "catmullrom"
						},
						"5.0": {
							"post": [-25, 0, 0],
							"lerp_mode": "catmullrom"
						},
						"6.0": [2.5, 0, 0]
					}
				},
				"bone7": {
					"rotation": {
						"0.0": {
							"post": [0, 0, 0],
							"lerp_mode": "catmullrom"
						},
						"0.9833": {
							"post": [-52.5, -27.5, 0],
							"lerp_mode": "catmullrom"
						},
						"2.4833": {
							"post": [-52.5, -30, 0],
							"lerp_mode": "catmullrom"
						},
						"3.5": {
							"post": [-110, 42.5, 10],
							"lerp_mode": "catmullrom"
						},
						"5.0": {
							"post": [-212.5, 7.5, -17.5],
							"lerp_mode": "catmullrom"
						},
						"6.0": [-175, 7.5, -17.5]
					}
				},
				"bone4": {
					"rotation": {
						"0.0": {
							"post": [0, 0, 0],
							"lerp_mode": "catmullrom"
						},
						"0.9833": {
							"post": [-52.5, 27.5, 0],
							"lerp_mode": "catmullrom"
						},
						"2.4833": {
							"post": [-52.5, 30, 0],
							"lerp_mode": "catmullrom"
						},
						"3.5": {
							"post": [-110, -42.5, -10],
							"lerp_mode": "catmullrom"
						},
						"5.0": {
							"post": [-212.5, -7.5, 17.5],
							"lerp_mode": "catmullrom"
						},
						"6.0": [-172.5, -7.5, 17.5]
					}
				},
				"head": {
					"rotation": {
						"0.0": {
							"post": [0, 0, 0],
							"lerp_mode": "catmullrom"
						},
						"0.9833": {
							"post": [37.5, 0, 0],
							"lerp_mode": "catmullrom"
						},
						"2.4833": {
							"post": [55, 0, 0],
							"lerp_mode": "catmullrom"
						},
						"3.5": {
							"post": [-25, 0, 0],
							"lerp_mode": "catmullrom"
						},
						"5.0": {
							"post": [-45, 45, 0],
							"lerp_mode": "catmullrom"
						},
						"6.0": [-7.5, 45, 0]
					}
				},
				"bone14": {
					"rotation": {
						"0.0": {
							"post": [0, 0, 0],
							"lerp_mode": "catmullrom"
						},
						"0.9833": {
							"post": [35, 0, 0],
							"lerp_mode": "catmullrom"
						},
						"2.5": {
							"post": [40, 0, 0],
							"lerp_mode": "catmullrom"
						},
						"3.5": {
							"post": [40, 0, 0],
							"lerp_mode": "catmullrom"
						},
						"5.0": [30, 0, 0]
					}
				},
				"bone16": {
					"rotation": {
						"0.0": {
							"post": [0, 0, 0],
							"lerp_mode": "catmullrom"
						},
						"0.9833": {
							"post": [30, 0, 0],
							"lerp_mode": "catmullrom"
						},
						"2.5": {
							"post": [32.5, 0, 0],
							"lerp_mode": "catmullrom"
						},
						"3.5": {
							"post": [32.5, 0, 0],
							"lerp_mode": "catmullrom"
						},
						"5.0": [27.5, 0, 0]
					}
				},
				"bone3": {
					"rotation": {
						"0.0": {
							"post": [0, 0, 0],
							"lerp_mode": "catmullrom"
						}
					}
				},
				"bone8": {
					"rotation": {
						"0.0": {
							"post": [0, 0, 0],
							"lerp_mode": "catmullrom"
						},
						"2.4833": {
							"post": [0, 0, -20],
							"lerp_mode": "catmullrom"
						},
						"3.5": {
							"post": [15, 0, 0],
							"lerp_mode": "catmullrom"
						},
						"5.0": [-17.5, 0, 0]
					}
				},
				"bone9": {
					"rotation": {
						"0.0": {
							"post": [0, 0, 0],
							"lerp_mode": "catmullrom"
						},
						"2.4833": {
							"post": [0, 0, -20],
							"lerp_mode": "catmullrom"
						},
						"3.5": {
							"post": [15, 0, 0],
							"lerp_mode": "catmullrom"
						},
						"5.0": [-15, 0, 0]
					}
				},
				"bone10": {
					"rotation": {
						"0.0": {
							"post": [0, 0, 0],
							"lerp_mode": "catmullrom"
						},
						"2.4833": {
							"post": [0, 0, -7.5],
							"lerp_mode": "catmullrom"
						},
						"3.5": {
							"post": [15, 0, 0],
							"lerp_mode": "catmullrom"
						},
						"5.0": [-7.5, 0, 0]
					}
				},
				"bone5": {
					"rotation": {
						"0.0": {
							"post": [0, 0, 0],
							"lerp_mode": "catmullrom"
						},
						"2.4833": {
							"post": [0, 0, 15],
							"lerp_mode": "catmullrom"
						},
						"3.5": {
							"post": [15, 0, 0],
							"lerp_mode": "catmullrom"
						},
						"5.0": [-17.5, 0, 0]
					}
				},
				"bone6": {
					"rotation": {
						"0.0": {
							"post": [0, 0, 0],
							"lerp_mode": "catmullrom"
						},
						"2.4833": {
							"post": [0, 0, 17.5],
							"lerp_mode": "catmullrom"
						},
						"3.5": {
							"post": [15, 0, 0],
							"lerp_mode": "catmullrom"
						},
						"5.0": [-15, 0, 0]
					}
				},
				"bone11": {
					"rotation": {
						"0.0": {
							"post": [0, 0, 0],
							"lerp_mode": "catmullrom"
						},
						"2.4833": {
							"post": [0, 0, 10],
							"lerp_mode": "catmullrom"
						},
						"3.5": {
							"post": [15, 0, 0],
							"lerp_mode": "catmullrom"
						},
						"5.0": [-12.5, 0, 0]
					}
				},
				"bone13": {
					"rotation": {
						"0.0": {
							"post": [0, 0, 0],
							"lerp_mode": "catmullrom"
						},
						"0.9833": {
							"post": [-35, 0, 0],
							"lerp_mode": "catmullrom"
						},
						"2.5": {
							"post": [10, 0, 0],
							"lerp_mode": "catmullrom"
						},
						"3.5": {
							"post": [10, 0, 0],
							"lerp_mode": "catmullrom"
						},
						"5.0": {
							"post": [10, 0, 12.5],
							"lerp_mode": "catmullrom"
						},
						"6.0": [-17.5, 0, 12.5]
					}
				},
				"bone15": {
					"rotation": {
						"0.0": {
							"post": [0, 0, 0],
							"lerp_mode": "catmullrom"
						},
						"0.9833": {
							"post": [22.5, 0, 0],
							"lerp_mode": "catmullrom"
						},
						"2.5": {
							"post": [-32.5, 0, 0],
							"lerp_mode": "catmullrom"
						},
						"3.5": {
							"post": [-32.5, 0, 0],
							"lerp_mode": "catmullrom"
						},
						"5.0": {
							"post": [10, 0, -12.5],
							"lerp_mode": "catmullrom"
						},
						"6.0": [-17.5, 0, -12.5]
					}
				}
			}
		}
	}
}