{
	"format_version": "1.8.0",
	"animations": {
		"animation.iron_golem_titan.move": {
			"loop": true,
			"bones": {
				"bone2": {
					"rotation": [0, 0, "Math.cos(query.life_time * 300) * -15"]
				},
				"bone7": {
					"rotation": ["30+Math.cos(query.life_time * 300) * 50", 0, 0]
				},
				"bone8": {
					"rotation": ["-25+Math.cos(query.life_time * 300+(-50)) * 25", 0, 0]
				},
				"bone9": {
					"rotation": ["-25+Math.cos(query.life_time * 300+(-60)) * 25", 0, 0]
				},
				"bone10": {
					"rotation": ["-25+Math.cos(query.life_time * 300+(-70)) * 25", 0, 0]
				},
				"bone4": {
					"rotation": ["30+Math.cos(query.life_time * 300) * -50", 0, 0]
				},
				"bone5": {
					"rotation": ["-25+Math.cos(query.life_time * 300+(-50)) * -25", 0, 0]
				},
				"bone6": {
					"rotation": ["-25+Math.cos(query.life_time * 300+(-60)) * -25", 0, 0]
				},
				"bone11": {
					"rotation": ["-25+Math.cos(query.life_time * 300+(-70)) * -25", 0, 0]
				},
				"bone13": {
					"rotation": ["Math.cos(query.life_time * 300) * -40", 0, 0]
				},
				"bone14": {
					"rotation": ["35+Math.cos(query.life_time * 300+(-50)) * -35", 0, 0]
				},
				"bone15": {
					"rotation": ["Math.cos(query.life_time * 300) * 40", 0, 0]
				},
				"bone16": {
					"rotation": ["35+Math.cos(query.life_time * 300+(-50)) * 35", 0, 0]
				},
				"head": {
					"rotation": [0, 0, "Math.cos(query.life_time * 300+(-50)) * -15"]
				}
			}
		}
	}
}