{
  "format_version": "1.10.0",
  "minecraft:spawn_rules": {
    "description": {
      "identifier": "themarce:nether_warden",
      "population_control": "monster"
    },
    "conditions": [
      {
        "minecraft:spawns_underground": {},
        "minecraft:spawns_on_surface": {},
        "minecraft:weight": {
          "default": 10
        },
        "minecraft:herd": {
          "min_size": 1,
          "max_size": 1
        },
        "minecraft:density_limit": {
          "surface": 1,
          "underground": 1
        },
        "minecraft:biome_filter": [
          {
            "any_of": [
              {
                "test": "has_biome_tag",
                "operator": "==",
                "value": "nether"
              },
              {
                "test": "has_biome_tag",
                "operator": "==",
                "value": "hell"
              }
            ]
          }
        ],
        "minecraft:spawns_on_block_filter": "minecraft:polished_blackstone_bricks:0"
      },
      {
        "minecraft:spawns_underground": {},
        "minecraft:weight": {
          "default": 10
        },
        "minecraft:herd": {
          "min_size": 1,
          "max_size": 1
        },
        "minecraft:density_limit": {
          "surface": 1,
          "underground": 1
        },
        "minecraft:biome_filter": [
          {
            "any_of": [
              {
                "test": "has_biome_tag",
                "operator": "==",
                "value": "nether"
              },
              {
                "test": "has_biome_tag",
                "operator": "==",
                "value": "hell"
              }
            ]
          }
        ]
      }
    ]
  }
}