{
  "resource_pack_name": "TGC R",
  "texture_name": "atlas.items",
  "texture_data": {
    "m": {
      "textures": "textures/items/m"
    },
   "ggt_ssj1": {
      "textures": "textures/items/ggt_ssj1"
    },
    "senju": {
        "textures": "textures/items/senju"
    },
    "r_sj": {

        "textures": "textures/items/r_sj"
    },
    "r_arco": {

        "textures": "textures/items/r_arco"

    },
    "r_namek": {

        "textures": "textures/items/r_namek"

    },
    "foice_ki": {
        "textures": "textures/items/foice_ki"
    },
    "foice_ki": {
        "textures": "textures/items/foice_ki"
    },
    "espada_z": {

        "textures": "textures/items/espada_z"
    },
    "foice_ki": {
        "textures": "textures/items/foice_ki"
    },
    "foice_ki": {
        "textures": "textures/items/foice_ki"
    },
   "ggt_ssj2": {
      "textures": "textures/items/ggt_ssj2"
    },
   "ggt_ssj_god": {
      "textures": "textures/items/ggt_ssj_god"
    },
   "voo": {
      "textures": "textures/items/voo"
    },
   "namek4": {
      "textures": "textures/items/namek4"
    },
   "dna_namek": {
      "textures": "textures/items/dna_namek"
    },
    "dna_arco": {

      "textures": "textures/items/dna_arco"
    },
   "ssj_beast_gh": {
      "textures": "textures/items/ssj_beast_gh"
    },
   "dna_gk": {
      "textures": "textures/items/dna_gk"
    },
   "dna_vg": {
      "textures": "textures/items/dna_vg"
    },
   "colete": {
      "textures": "textures/items/colete"
    },
   "ki_black": {
      "textures": "textures/items/ki_black"
    },
   "dna_gh": {
      "textures": "textures/items/dna_gh"
    },
   "ki_oozar": {
      "textures": "textures/items/ki_oozar"
    },
   "ssj4_gk": {
      "textures": "textures/items/ssj4_gk"
    },
   "ggt_ssj_blue": {
      "textures": "textures/items/ggt_ssj_blue"
    },
   "moro3": {
      "textures": "textures/items/moro3"
    },
   "jiren3": {
      "textures": "textures/items/jiren3"
    },
   "e_branco": {
      "textures": "textures/items/e_branco"
    },
   "ssj_deus": {
      "textures": "textures/items/ssj_deus"
    },
   "e_pardo": {
      "textures": "textures/items/e_pardo"
    },
   "e_negro": {
      "textures": "textures/items/e_negro"
    },
   "ssj_false": {
      "textures": "textures/items/ssj_false"
    },

   "ssj_lendario": {
      "textures": "textures/items/ssj_lendario"
    },
   "ssj_lendario2": {
      "textures": "textures/items/ssj_lendario2"
    },
   "yene": {
      "textures": "textures/items/yene"
    },
    "sj": {
      "textures": "textures/items/sj"
    },
   "cell": {
      "textures": "textures/items/cell"
    },
    "anjo": {
      "textures": "textures/items/anjo"
    },
   "deus_destruicao": {
      "textures": "textures/items/deus_destruicao"
    },
   "k": {
      "textures": "textures/items/k"
    },
    "fn": {
        "textures": "textures/items/fn"
    },
   "genki": {
      "textures": "textures/items/genki"
    },
   "kienzan": {
      "textures": "textures/items/kienzan"
    },
    "colete": {
      "textures": "textures/items/colete"
    },
   "tele": {
      "textures": "textures/items/tele"
    },
   "cell3": {
      "textures": "textures/items/cell3"
    },
   "cell4": {
      "textures": "textures/items/cell4"
    },
   "escolher_cerealjin": {
      "textures": "textures/items/escolher_cerealjin"
    },
   "radar": {
      "textures": "textures/items/radar"
    },
   "ki_divino2": {
      "textures": "textures/items/ki_divino2"
    },
   "ki_hakai2": {
      "textures": "textures/items/ki_hakai2"
    },
   "tp2": {
      "textures": "textures/items/tp2"
    },
   "moro": {
      "textures": "textures/items/moro"
    },
   "moro2": {
      "textures": "textures/items/moro2"
    },
   "cereal": {
      "textures": "textures/items/cereal"
    },
   "ge": {
      "textures": "textures/items/ge"
    },
   "g": {
      "textures": "textures/items/g"
    },
   "k": {
      "textures": "textures/items/k"
    },
       "esfera": {
      "textures": "textures/items/esfera"
    },
       "esfera2": {
      "textures": "textures/items/esfera2"
    },
   "r_majin": {
      "textures": "textures/items/r_majin"
    },
    "ssj_final_gohan": {
        "textures": "textures/items/ssj_final_gohan"
    },
   "cell5": {
      "textures": "textures/items/cell5"
    },
   "nuvem": {
      "textures": "textures/items/nuvem"
    },
   "ssj_rose3": {
      "textures": "textures/items/ssj_rose3"
    },
    "roupa_goku": {
        "textures": "textures/items/roupa_goku"
    },
    "ki_arco": {
        "textures": "textures/items/ki_arco"
    },
    "ki_blast_vermelho": {
        "textures": "textures/items/ki_blast_vermelho"
    },
    "r_jiren": {
        "textures": "textures/items/r_jiren"
    },
    "x": {
        "textures": "textures/items/x"
    },
   "metamoro": {
      "textures": "textures/items/metamoro"
    },
   "potara": {
      "textures": "textures/items/potara"
    },
   "ssj_ego_lendario": {
      "textures": "textures/items/ssj_ego_lendario"
    },
   "corpo1": {
      "textures": "textures/items/corpo1"
    },
   "ki2": {
      "textures": "textures/items/ki2"
    },
   "ki_blue": {
      "textures": "textures/items/ki_blue"
    },
    "ssj3": {
        "textures": "textures/items/ssj3"
    },
    "ssj2": {
        "textures": "textures/items/ssj2"
    },
    "ssj1": {
        "textures": "textures/items/ssj1"
    },
    "corpo2": {
      "textures": "textures/items/corpo2"
    },
   "ki_namek": {
      "textures": "textures/items/ki_namek"
    },
   "ki_ssj": {
      "textures": "textures/items/ki_ssj"
    },
       "ki_namek2": {
      "textures": "textures/items/ki_namek2"
    },
   "ki_beast": {
      "textures": "textures/items/ki_beast"
    },
   "roupa_vegetto": {
      "textures": "textures/items/roupa_vegetto"
    },
   "ssj3_lendario": {
      "textures": "textures/items/ssj3_lendario"
    },
   "corpo3": {
      "textures": "textures/items/corpo3"
    },
    "namek5": {
        "textures": "textures/items/namek5"
    },
    "ssj_god": {
        "textures": "textures/items/ssj_god"
    },
    "ssj_blue2_vg": {
        "textures": "textures/items/ssj_blue2_vg"
    },
    "ssj_instinto_gk": {
        "textures": "textures/items/ssj_instinto_gk"
    },
    "ssj_ego_vg": {
        "textures": "textures/items/ssj_ego_vg"
    },

    "namek": {
        "textures": "textures/items/namek"
    },
    "namek2": {
        "textures": "textures/items/namek2"
    },
    "namek3": {
        "textures": "textures/items/namek3"
    },
    "namek4": {
        "textures": "textures/items/namek4"
    },
    "m": {
        "textures": "textures/items/m"
    },
    "ki1": {
        "textures": "textures/items/ki1"
    },
    "ki_instinto": {
        "textures": "textures/items/ki_instinto"
    },
    "ki_ego": {
        "textures": "textures/items/ki_ego"
    },
    "ki_hakai": {
        "textures": "textures/items/ki_hakai"
    },
    "ki_maligno": {
        "textures": "textures/items/ki_maligno"
    },
    "ki1": {
        "textures": "textures/items/ki1"
    },
    "oozaru": {
        "textures": "textures/items/oozaru"
    },
    "arco": {
        "textures": "textures/items/arco"
    },
    "oozaru2": {
        "textures": "textures/items/oozaru2"
    },
    "oozaru6": {
        "textures": "textures/items/oozaru6"
    },
    "oozaru7": {
        "textures": "textures/items/oozaru7"
    },
    "oozaru8": {
        "textures": "textures/items/oozaru8"
    },
    "bastao": {
        "textures": "textures/items/bastao"
    },
    "ki": {
        "textures": "textures/items/ki"
    },
    "kamehameha": {
        "textures": "textures/items/kamehameha"
    },
    "galick_ho": {
        "textures": "textures/items/galick_ho"
    },
    "bigbang_atack": {
        "textures": "textures/items/bigbang_atack"
    },
    "final_flash": {
        "textures": "textures/items/final_flash"
    },
    "cauda": {
        "textures": "textures/items/cauda"
    },
    "espadaz": {
        "textures": "textures/items/espadaz"
    },
    "oozaru3": {
        "textures": "textures/items/oozaru3"
    },
    "ssj_blue_rose": {
        "textures": "textures/items/ssj_blue_rose"
    },
    "android": {
        "textures": "textures/items/android"
    },
    "android2": {
        "textures": "textures/items/android2"
    },
    "android3": {
        "textures": "textures/items/android3"
    },
    "oozaru5": {
        "textures": "textures/items/oozaru5"
    },
    "oozaru4": {
        "textures": "textures/items/oozaru4"
    },
    "android4": {
        "textures": "textures/items/android4"
    },
    "ssj3": {
        "textures": "textures/items/ssj3"
    },
    "hakai": {
        "textures": "textures/items/hakai"
    },
    "arcosiano5": {
        "textures": "textures/items/arcosiano5"
    },
    "senzu": {
        "textures": "textures/items/senzu"
    },
    "kaioken": {
        "textures": "textures/items/kaioken"
    },
    "ki_hakai": {
        "textures": "textures/items/ki_hakai"
    },
    "ki_divino": {
        "textures": "textures/items/ki_divino"
    },
    "arco2": {
        "textures": "textures/items/arco2"
    },
    "roupa_goku": {
        "textures": "textures/items/roupa_goku"
    },
    "roupa_vegeta": {
        "textures": "textures/items/roupa_vegeta"
    },
    "roupa_tropadoorgulho": {
        "textures": "textures/items/roupa_tropadoorgulho"
    },
    "roupa_black": {
        "textures": "textures/items/roupa_black"
    },
    "espadaki": {
        "textures": "textures/items/espadaki"
    },
    "foice_ki": {
        "textures": "textures/items/foice_ki"
    },
    "ssj_lendario": {
        "textures": "textures/items/ssj_lendario"
    },
    "re": {
        "textures": "textures/items/re"
    },
    "ssj4": {
        "textures": "textures/items/ssj4"
    },
    "ssj_instinto2": {
        "textures": "textures/items/ssj_instinto2"
    },
    "android3": {
        "textures": "textures/items/android3"
    },
    "android4": {
        "textures": "textures/items/android4"
    },
    "arco": {
        "textures": "textures/items/arco"
    },
    "arco3": {
        "textures": "textures/items/arco3"
    },
    "arco4": {
        "textures": "textures/items/arco4"
    },
    "majin": {
        "textures": "textures/items/majin"
    },
    "majin2": {
        "textures": "textures/items/majin2"
    },
    "majin4": {
        "textures": "textures/items/majin4"
    },
    "arco5": {
        "textures": "textures/items/arco5"
    },
    "potara": {
        "textures": "textures/items/potara"
    },
    "majin3": { 
        "textures": "textures/items/majin3"
    },
    "metamoro": {
       "textures": "textures/items/metamoro"
    },
    "status": {
        "textures": "textures/items/status"
    },
        "escolher_sayajin": {
        "textures": "textures/items/escolher_sayajin"
    },
        "escolher_half_sayajin": {
        "textures": "textures/items/escolher_half_sayajin"
    },
    "escolher_android": {
        "textures": "textures/items/escolher_android"
    },
    "treino1": {
        "textures": "textures/items/treino1"
    },
    "treino2": {
        "textures": "textures/items/treino2"
    },
    "escolher_namekusejin": {
        "textures": "textures/items/escolher_namekusejin"
    },
        "escolher_arcosiano": {
        "textures": "textures/items/escolher_arcosiano"
    },
    "escolher_bio_android": {
        "textures": "textures/items/escolher_bio_android"
    },
    "escolher_majin": {
        "textures": "textures/items/escolher_majin"
    },
    "espada_ki": {
        "textures": "textures/items/espada_ki"
    },
    "foice_ki": {
        "textures": "textures/items/foice_ki"
    },
    "escolher_jiren": {
        "textures": "textures/items/escolher_jiren"
    },
    "jiren": {
        "textures": "textures/items/jiren"
    },
    "half_rage": {
        "textures": "textures/items/half_rage"
    },
    "jiren2": {
        "textures": "textures/items/jiren2"
    },
    "ssj_blue2": {
        "textures": "textures/items/ssj_blue2"
    },
    "ssj_rose": {
        "textures": "textures/items/ssj_rose"
    },
    "ssj5": {
        "textures": "textures/items/ssj5"
    },
    "arco6": {
        "textures": "textures/items/arco6"
    },
    "ssj_rose2": {
        "textures": "textures/items/ssj_rose2"
    },
   "r_goku": {
      "textures": "textures/items/r_goku"
    },
    "ssj3": {
        "textures": "textures/items/ssj3"
    },
    "ssj2": {
        "textures": "textures/items/ssj2"
    },
   "r_vegeta": {
      "textures": "textures/items/r_vegeta"
    },
   "r_black": {
      "textures": "textures/items/r_black"
    },
   "noelle5": {
      "textures": "textures/items/noelle5"
    },
   "r_gohan": {
      "textures": "textures/items/r_gohan"
    },
   "g_magma": {
      "textures": "textures/items/g_magma"
    },
   "magma1": {
      "textures": "textures/items/magma1"
    },
   "magma2": {
      "textures": "textures/items/magma2"
    },
   "magma3": {
      "textures": "textures/items/magma3"
    },
   "ssj1": {
      "textures": "textures/items/ssj1"
    },
    "c_goku": {
        "textures": "textures/items/c_goku"
    },
    "c_gohan": {
        "textures": "textures/items/c_gohan"
    },
    "c_vegeta": {
        "textures": "textures/items/c_vegeta"
    },
    "ssj_blue": {
        "textures": "textures/items/ssj_blue"
    },
    "g_yami": {
        "textures": "textures/items/g_yami"
    },
    "g_luck": {
        "textures": "textures/items/g_luck"
    },
    "tp": {
        "textures": "textures/items/tp"
    },
    "yuno1": {
        "textures": "textures/items/yuno1"
    },
    "luck2": {
        "textures": "textures/items/luck2"
    },
    "yuno2": {
        "textures": "textures/items/yuno2"
    },
    "luck3": {
        "textures": "textures/items/luck3"
    },
    "ssj_god": {
        "textures": "textures/items/ssj_god"
    },
    "luck4": {
        "textures": "textures/items/luck4"
    },
    "yuno4": {
        "textures": "textures/items/yuno4"
    },
    "g_yuno": {
        "textures": "textures/items/g_yuno"
    },
    "g_jack": {
        "textures": "textures/items/g_jack"
    },
    "jack": {
        "textures": "textures/items/jack"
    },
    "g_gauche": {
        "textures": "textures/items/g_gauche"
    },
    "jack1": {
        "textures": "textures/items/jack1"
    },
    "gauche1": {
        "textures": "textures/items/gauche1"
    },
    "jack2": {
        "textures": "textures/items/jack2"
    },
    "gauche2": {
        "textures": "textures/items/gauche2"
    },
    "jack3": {
        "textures": "textures/items/jack3"
    },
    "gauche3": {
        "textures": "textures/items/gauche3"
    },
    "o_yami2": {
        "textures": "textures/items/o_yami2"
    },
    "o_jack2": {
        "textures": "textures/items/o_jack2"
    },
    "o_charllote2": {
        "textures": "textures/items/o_charllote2"
    },
    "hana": {
        "textures": "textures/items/hana"
    },
    "despertar": {
        "textures": "textures/items/despertar"
    },
    "o_asta3": {
      "textures": "textures/items/o_asta3"
    },

   "o_yuno3": {
      "textures": "textures/items/o_yuno3"
    },
    "carne": {
        "textures": "textures/items/carne"
    },
    "o_yuno2": {
        "textures": "textures/items/o_yuno2"
    },
    "atori2": {
        "textures": "textures/items/atori2"
    },
    "mereoleone1": {
        "textures": "textures/items/mereoleone1"
    },
    "mereoleone2": {
        "textures": "textures/items/mereoleone2"
    },
    "missao": {
        "textures": "textures/items/missao"
    },
    "m": {
        "textures": "textures/items/m"
    },
    "m1": {
        "textures": "textures/items/m1"
    },
    "m2": {
        "textures": "textures/items/m2"
    },
    "m3": {
        "textures": "textures/items/m3"
    },
   "auo_nika": {
      "textures": "textures/items/auo_nika"
    },
   "escolha_marinha": {
      "textures": "textures/items/escolha_marinha"
    },
   "c10": {
      "textures": "textures/items/+10"
    },
   "c15": {
      "textures": "textures/items/+15"
    },
   "c20": {
      "textures": "textures/items/+20"
    },
   "c25": {
      "textures": "textures/items/+25"
    },
   "g_mereoleona": {
      "textures": "textures/items/g_mereoleona"
    },
   "escolha_cacador": {
      "textures": "textures/items/escolha_cacador"
    },
   "ahito_nika": {
      "textures": "textures/items/ahito_nika"
    },
   "escolha_cp9": {
      "textures": "textures/items/escolha_cp9"
    },
   "escolha_tritao": {
      "textures": "textures/items/escolha_tritao"
    },
   "escolha_skypea": {
      "textures": "textures/items/escolha_skypea"
    },
   "escolha_humano": {
      "textures": "textures/items/escolha_humano"
    },
   "escolha_mink": {
      "textures": "textures/items/escolha_mink"
    },
   "g_charmy": {
      "textures": "textures/items/g_charmy"
    },
    "charmy1": {
        "textures": "textures/items/charmy1"
    },
    "charmy2": {
        "textures": "textures/items/charmy2"
    },
    "charmy3": {
        "textures": "textures/items/charmy3"
    },
    "agomu_nika": {
        "textures": "textures/items/agomu_nika"
    },
    "atori_nika": {
        "textures": "textures/items/atori_nika"
    },
    "abari": {
        "textures": "textures/items/abari"
    },
    "manto": {
        "textures": "textures/items/manto"
    },
    "asoru": {
        "textures": "textures/items/asoru"
    },
    "aushi": {
        "textures": "textures/items/aushi"
    },
    "ushi": {
        "textures": "textures/items/ushi"
    },
    "ssj_best": {
        "textures": "textures/items/ssj_best"
    },
    "nero2": {
        "textures": "textures/items/nero2"
    },
    "bomu": {
        "textures": "textures/items/bomu"
    },
    "abomu": {
        "textures": "textures/items/abomu"
    },
    "des": {
        "textures": "textures/items/des"
    },
    "o_noelle": {
        "textures": "textures/items/o_noelle"
    },
    "o_yuno": {
        "textures": "textures/items/o_yuno"
    },
    "o_yami": {
        "textures": "textures/items/o_yami"
    },
    "o_charllote": {
        "textures": "textures/items/o_charllote"
    },
    "o_luck": {
        "textures": "textures/items/o_luck"
    },
    "o_vanessa": {
        "textures": "textures/items/o_vanessa"
    },
    "o_asta": {
        "textures": "textures/items/o_asta"
    },
    "o_jack": {
        "textures": "textures/items/o_jack"
    },
    "o_magma": {
        "textures": "textures/items/o_magma"
    },
    "abomu": {
        "textures": "textures/items/abomu"
    },
    "auo": {
        "textures": "textures/items/auo"
    },
    "o_asta2": {
        "textures": "textures/items/o_asta2"
    },
    "asuna": {
        "textures": "textures/items/asuna"
    },
    "g_nero": {
        "textures": "textures/items/g_nero"
    },
    "nero1": {
        "textures": "textures/items/nero1"
    },
    "nero2": {
        "textures": "textures/items/nero2"
    },
    "nero3": {
        "textures": "textures/items/nero3"
    },
    "anikyu": {
        "textures": "textures/items/anikyu"
    },
    "aope": {
        "textures": "textures/items/aope"
    },
    "amagu": {
        "textures": "textures/items/amagu"
    },
    "luffy": {
        "textures": "textures/items/luffy"
    },

    "nikyu": {
        "textures": "textures/items/nikyu"
    },
    "barba_negra": {
        "textures": "textures/items/barba_negra"
    },
    "olho": {
        "textures": "textures/items/olho"
    },
    "mera": {
        "textures": "textures/items/mera"
    },
    "xp2": {
        "textures": "textures/items/xp2"
    },
    "xp": {
        "textures": "textures/items/xp"
    },
    "bau": {
        "textures": "textures/items/bau"
    },
    "belly": {
        "textures": "textures/items/belly"
    },
    "tori": {
        "textures": "textures/items/tori"
    },
    "yami": {
        "textures": "textures/items/yami"
    },
    "goro": {
        "textures": "textures/items/goro"
    },
    "ito": {
        "textures": "textures/items/ito"
    },
    "suna": {
        "textures": "textures/items/suna"
    },
    "gura": {
        "textures": "textures/items/gura"
    },
    "magu": {
        "textures": "textures/items/magu"
    },
    "mero": {
        "textures": "textures/items/mero"
    },
    "ope": {
        "textures": "textures/items/ope"
    },
    "fragmento_belly": {
        "textures": "textures/items/fragmento_belly"
    },
    "haki_arma1": {
        "textures": "textures/items/haki_arma1"
    },
    "missao": {
        "textures": "textures/items/missao"
    },
    "haki_arma2": {
        "textures": "textures/items/haki_arma2"
    },
    "haki_arma3": {
        "textures": "textures/items/haki_arma3"
    },
    "haki_rei": {
        "textures": "textures/items/haki_rei"
    },
    "haki_obser": {
        "textures": "textures/items/haki_obser"
    },
    "cartaz": {
        "textures": "textures/items/cartaz"
    },
    "lv": {
        "textures": "textures/items/lv"
    },
    "zushi": {
        "textures": "textures/items/zushi"
    },
    "diable": {
        "textures": "textures/items/diable"
    },
    "diable2": {
        "textures": "textures/items/diable2"
    },
    "treino": {
        "textures": "textures/items/treino"
    },
    "fragmento_haki": {
        "textures": "textures/items/fragmento_haki"
    },
    "chute3": {
        "textures": "textures/items/chute3"
    },
    "chute4": {
        "textures": "textures/items/chute4"
    },
    "uo": {
        "textures": "textures/items/uo"
    },
    "chapeu": {
        "textures": "textures/items/chapeu"
    },
    "capa_yonkou": {
        "textures": "textures/items/capa_yonkou"
    },
    "espada2": {
        "textures": "textures/items/espada2"
    },
    "4": {
        "textures": "textures/items/4"
    },
    "5": {
        "textures": "textures/items/5"
    },
    "yoru": {
        "textures": "textures/items/yoru"
    },
    "tri": {
        "textures": "textures/items/tri"
    },
    "clava": {
        "textures": "textures/items/clava"
    },
    "o_zoro": {
        "textures": "textures/items/o_zoro"
    },
    "o_zoro2": {
        "textures": "textures/items/o_zoro2"
    },
    "o_luffy": {
        "textures": "textures/items/o_luffy"
    },
    "o_luffy2": {
        "textures": "textures/items/o_luffy2"
    },
    "o_rei_mago": {
        "textures": "textures/items/o_rei_mago"
    },
    "o_roger": {
        "textures": "textures/items/o_roger"
    },
    "o_sanji": {
        "textures": "textures/items/o_sanji"
    },
    "o_negra": {
        "textures": "textures/items/o_negra"
    },
    "pika": {
        "textures": "textures/items/pika"
    },
    "hito": {
        "textures": "textures/items/hito"
    },
    "moku": {
        "textures": "textures/items/moku"
    },
    "o_shanks": { 
        "textures": "textures/items/o_shanks"
    },
    "shanks": {
       "textures": "textures/items/shanks"
    },
    "bane": {
        "textures": "textures/items/bane"
    },
    "estilo_dragon": {
        "textures": "textures/items/estilo_dragon"
    },
    "estilo_tritao": {
        "textures": "textures/items/estilo_tritao"
    },
    "estilo_eletrico": {
        "textures": "textures/items/estilo_eletrico"
    },
    "capa_marinha": {
        "textures": "textures/items/capa_marinha"
    },
    "capa_doflamingo": {
        "textures": "textures/items/capa_doflamingo"
    },
    "doku": {
        "textures": "textures/items/doku"
    },
   "ssj2_gh": {

      "textures": "textures/items/ssj2_gh"

    },
   "ssj_gh": {

      "textures": "textures/items/ssj_gh"

    },
   "ssj_mist_gh": {

      "textures": "textures/items/ssj_mist_gh"

    },   
   "r_kame": {
      "textures": "textures/items/r_kame"
    },
   "r_bills": {
      "textures": "textures/items/r_bills"
    },
   "sj_gh": {
      "textures": "textures/items/sj_gh"
    },
   "sj_vg": {
      "textures": "textures/items/sj_vg"
    },
   "ssj_vg": {
      "textures": "textures/items/ssj_vg"
    },
   "ssj2_vg": {
      "textures": "textures/items/ssj2_vg"
    },
   "ssj_god_vg": {
      "textures": "textures/items/ssj_god_vg"
    },
   "ssj_blue_vg": {
      "textures": "textures/items/ssj_blue_vg"
    },
   "moro3": {
      "textures": "textures/items/moro3"
    },
   "jiren3": {
      "textures": "textures/items/jiren3"
    },
   "e_branco": {
      "textures": "textures/items/e_branco"
    },
   "ssj_deus": {
      "textures": "textures/items/ssj_deus"
    },
   "e_pardo": {
      "textures": "textures/items/e_pardo"
    },
   "e_negro": {
      "textures": "textures/items/e_negro"
    },
   "ssj_false": {
      "textures": "textures/items/ssj_false"
    },

   "ssj_lendario": {
      "textures": "textures/items/ssj_lendario"
    },
   "ssj_lendario2": {
      "textures": "textures/items/ssj_lendario2"
    },
   "r_trunks": {
      "textures": "textures/items/r_trunks"
    },
    "sj_gk": {
      "textures": "textures/items/sj_gk"
    },
   "cell": {
      "textures": "textures/items/cell"
    },
    "anjo": {
      "textures": "textures/items/anjo"
    },
   "deus_destruicao": {
      "textures": "textures/items/deus_destruicao"
    },
   "daishinkan": {
      "textures": "textures/items/daishinkan"
    },
    "ki_hakai3": {
        "textures": "textures/items/ki_hakai3"
    },
   "zeno": {
      "textures": "textures/items/zeno"
    },
   "cell2": {
      "textures": "textures/items/cell2"
    },
    "colete": {
      "textures": "textures/items/colete"
    },
   "cell": {
      "textures": "textures/items/cell"
    },
   "cell3": {
      "textures": "textures/items/cell3"
    },
   "cell4": {
      "textures": "textures/items/cell4"
    },
   "escolher_cerealjin": {
      "textures": "textures/items/escolher_cerealjin"
    },
   "radar": {
      "textures": "textures/items/radar"
    },
   "ki_divino2": {
      "textures": "textures/items/ki_divino2"
    },
   "ki_hakai2": {
      "textures": "textures/items/ki_hakai2"
    },
   "tp2": {
      "textures": "textures/items/tp2"
    },
   "moro": {
      "textures": "textures/items/moro"
    },
   "moro2": {
      "textures": "textures/items/moro2"
    },
   "cereal": {
      "textures": "textures/items/cereal"
    },
   "ge": {
      "textures": "textures/items/ge"
    },
   "g": {
      "textures": "textures/items/g"
    },
   "k": {
      "textures": "textures/items/k"
    },
       "esfera": {
      "textures": "textures/items/esfera"
    },
       "esfera2": {
      "textures": "textures/items/esfera2"
    },
   "r_majin": {
      "textures": "textures/items/r_majin"
    },
    "ssj_final_gohan": {
        "textures": "textures/items/ssj_final_gohan"
    },
   "cell5": {
      "textures": "textures/items/cell5"
    },
   "nuvem": {
      "textures": "textures/items/nuvem"
    },
   "ssj_rose3": {
      "textures": "textures/items/ssj_rose3"
    },
    "roupa_goku": {
        "textures": "textures/items/roupa_goku"
    },
    "r_piccolo": {
        "textures": "textures/items/r_piccolo"
    },
    "ki_blast_vermelho": {
        "textures": "textures/items/ki_blast_vermelho"
    },
    "r_jiren": {
        "textures": "textures/items/r_jiren"
    },
    "x": {
        "textures": "textures/items/x"
    },
   "metamoro": {
      "textures": "textures/items/metamoro"
    },
   "potara": {
      "textures": "textures/items/potara"
    },
   "ssj_ego_lendario": {
      "textures": "textures/items/ssj_ego_lendario"
    },
   "corpo1": {
      "textures": "textures/items/corpo1"
    },
   "ki2": {
      "textures": "textures/items/ki2"
    },
   "ki3": {
      "textures": "textures/items/ki3"
    },
    "ssj3_gk": {
        "textures": "textures/items/ssj3_gk"
    },
    "ssj2_gk": {
        "textures": "textures/items/ssj2_gk"
    },
    "ssj1": {
        "textures": "textures/items/ssj1"
    },
    "corpo2": {
      "textures": "textures/items/corpo2"
    },
   "ki_namekusejin": {
      "textures": "textures/items/ki_namekusejin"
    },
   "ki_sayajin": {
      "textures": "textures/items/ki_sayajin"
    },
       "ki_namekusejin2": {
      "textures": "textures/items/ki_namekusejin2"
    },
   "ki_sayajin2": {
      "textures": "textures/items/ki_sayajin2"
    },
   "roupa_vegetto": {
      "textures": "textures/items/roupa_vegetto"
    },
   "ssj3_lendario": {
      "textures": "textures/items/ssj3_lendario"
    },
   "corpo3": {
      "textures": "textures/items/corpo3"
    },
    "namek5": {
        "textures": "textures/items/namek5"
    },
    "ssj_god_gk": {
        "textures": "textures/items/ssj_god_gk"
    },
    "ssj_blue": {
        "textures": "textures/items/ssj_blue"
    },
    "ssj_instinto": {
        "textures": "textures/items/ssj_instinto"
    },
    "ssj_ego": {
        "textures": "textures/items/ssj_ego"
    },

    "namek": {
        "textures": "textures/items/namek"
    },
    "namek2": {
        "textures": "textures/items/namek2"
    },
    "namek3": {
        "textures": "textures/items/namek3"
    },
    "namek4": {
        "textures": "textures/items/namek4"
    },
    "m": {
        "textures": "textures/items/m"
    },
    "ki1": {
        "textures": "textures/items/ki1"
    },
    "ki_divino": {
        "textures": "textures/items/ki_divino"
    },
    "ki_divino3": {
        "textures": "textures/items/ki_divino3"
    },
    "ki_hakai": {
        "textures": "textures/items/ki_hakai"
    },
    "ki_maligno": {
        "textures": "textures/items/ki_maligno"
    },
    "ki1": {
        "textures": "textures/items/ki1"
    },
    "oozaru": {
        "textures": "textures/items/oozaru"
    },
    "arco": {
        "textures": "textures/items/arco"
    },
    "oozaru2": {
        "textures": "textures/items/oozaru2"
    },
    "oozaru6": {
        "textures": "textures/items/oozaru6"
    },
    "oozaru7": {
        "textures": "textures/items/oozaru7"
    },
    "oozaru8": {
        "textures": "textures/items/oozaru8"
    },
    "bastao": {
        "textures": "textures/items/bastao"
    },
    "ki": {
        "textures": "textures/items/ki"
    },
    "kamehameha": {
        "textures": "textures/items/kamehameha"
    },
    "galick_ho": {
        "textures": "textures/items/galick_ho"
    },
    "bigbang_atack": {
        "textures": "textures/items/bigbang_atack"
    },
    "final_flash": {
        "textures": "textures/items/final_flash"
    },
    "cauda": {
        "textures": "textures/items/cauda"
    },
    "espadaz": {
        "textures": "textures/items/espadaz"
    },
    "oozaru3": {
        "textures": "textures/items/oozaru3"
    },
    "ssj_blue_rose": {
        "textures": "textures/items/ssj_blue_rose"
    },
    "android": {
        "textures": "textures/items/android"
    },
    "android2": {
        "textures": "textures/items/android2"
    },
    "android3": {
        "textures": "textures/items/android3"
    },
    "oozaru5": {
        "textures": "textures/items/oozaru5"
    },
    "oozaru4": {
        "textures": "textures/items/oozaru4"
    },
    "android4": {
        "textures": "textures/items/android4"
    },
    "ssj_gh": {
        "textures": "textures/items/ssj_gh"
    },
    "hakai": {
        "textures": "textures/items/hakai"
    },
    "arcosiano5": {
        "textures": "textures/items/arcosiano5"
    },
    "senzu": {
        "textures": "textures/items/senzu"
    },
    "kaioken": {
        "textures": "textures/items/kaioken"
    },
    "ki_hakai": {
        "textures": "textures/items/ki_hakai"
    },
    "ki_divino": {
        "textures": "textures/items/ki_divino"
    },
    "arco2": {
        "textures": "textures/items/arco2"
    },
    "roupa_goku": {
        "textures": "textures/items/roupa_goku"
    },
    "roupa_vegeta": {
        "textures": "textures/items/roupa_vegeta"
    },
    "roupa_tropadoorgulho": {
        "textures": "textures/items/roupa_tropadoorgulho"
    },
    "roupa_black": {
        "textures": "textures/items/roupa_black"
    },
    "espadaki": {
        "textures": "textures/items/espadaki"
    },
    "foice_ki": {
        "textures": "textures/items/foice_ki"
    },
    "ssj_lendario": {
        "textures": "textures/items/ssj_lendario"
    },
    "re": {
        "textures": "textures/items/re"
    },
    "ssj4": {
        "textures": "textures/items/ssj4"
    },
    "ssj_instinto2": {
        "textures": "textures/items/ssj_instinto2"
    },
    "android3": {
        "textures": "textures/items/android3"
    },
    "android4": {
        "textures": "textures/items/android4"
    },
    "arco": {
        "textures": "textures/items/arco"
    },
    "arco3": {
        "textures": "textures/items/arco3"
    },
    "arco4": {
        "textures": "textures/items/arco4"
    },
    "majin": {
        "textures": "textures/items/majin"
    },
    "majin2": {
        "textures": "textures/items/majin2"
    },
    "majin4": {
        "textures": "textures/items/majin4"
    },
    "arco5": {
        "textures": "textures/items/arco5"
    },
    "potara": {
        "textures": "textures/items/potara"
    },
    "majin3": { 
        "textures": "textures/items/majin3"
    },
    "metamoro": {
       "textures": "textures/items/metamoro"
    },
    "status": {
        "textures": "textures/items/status"
    },
        "escolher_sayajin": {
        "textures": "textures/items/escolher_sayajin"
    },
        "escolher_half_sayajin": {
        "textures": "textures/items/escolher_half_sayajin"
    },
    "escolher_android": {
        "textures": "textures/items/escolher_android"
    },
    "treino1": {
        "textures": "textures/items/treino1"
    },
    "treino2": {
        "textures": "textures/items/treino2"
    },
    "escolher_namekusejin": {
        "textures": "textures/items/escolher_namekusejin"
    },
        "escolher_arcosiano": {
        "textures": "textures/items/escolher_arcosiano"
    },
    "escolher_bio_android": {
        "textures": "textures/items/escolher_bio_android"
    },
    "escolher_majin": {
        "textures": "textures/items/escolher_majin"
    },
    "espada_ki": {
        "textures": "textures/items/espada_ki"
    },
    "foice_ki": {
        "textures": "textures/items/foice_ki"
    },
    "escolher_jiren": {
        "textures": "textures/items/escolher_jiren"
    },
    "jiren": {
        "textures": "textures/items/jiren"
    },
    "half_rage": {
        "textures": "textures/items/half_rage"
    },
    "jiren2": {
        "textures": "textures/items/jiren2"
    },
    "ssj_blue2": {
        "textures": "textures/items/ssj_blue2"
    },
    "ssj_rose": {
        "textures": "textures/items/ssj_rose"
    },
    "ssj5": {
        "textures": "textures/items/ssj5"
    },
    "arco6": {
        "textures": "textures/items/arco6"
    },
    "ssj_rose2": {
        "textures": "textures/items/ssj_rose2"
    },
   "r_goku": {
      "textures": "textures/items/r_goku"
    },
    "ssj3": {
        "textures": "textures/items/ssj3"
    },
    "ssj2": {
        "textures": "textures/items/ssj2"
    },
   "r_vegeta": {
      "textures": "textures/items/r_vegeta"
    },
   "r_black": {
      "textures": "textures/items/r_black"
    },
   "noelle5": {
      "textures": "textures/items/noelle5"
    },
   "r_gohan": {
      "textures": "textures/items/r_gohan"
    },
   "g_magma": {
      "textures": "textures/items/g_magma"
    },
   "magma1": {
      "textures": "textures/items/magma1"
    },
   "magma2": {
      "textures": "textures/items/magma2"
    },
   "magma3": {
      "textures": "textures/items/magma3"
    },
   "ssj_gk": {
      "textures": "textures/items/ssj_gk"
    },
    "c_goku": {
        "textures": "textures/items/c_goku"
    },
    "c_gohan": {
        "textures": "textures/items/c_gohan"
    },
    "c_vegeta": {
        "textures": "textures/items/c_vegeta"
    },
    "ssj_blue_gk": {
        "textures": "textures/items/ssj_blue_gk"
    },
    "g_yami": {
        "textures": "textures/items/g_yami"
    },
    "g_luck": {
        "textures": "textures/items/g_luck"
    },
    "tp": {
        "textures": "textures/items/tp"
    },
    "yuno1": {
        "textures": "textures/items/yuno1"
    },
    "luck2": {
        "textures": "textures/items/luck2"
    },
    "yuno2": {
        "textures": "textures/items/yuno2"
    },
    "luck3": {
        "textures": "textures/items/luck3"
    },
    "ssj_god_gk": {
        "textures": "textures/items/ssj_god_gk"
    },
    "luck4": {
        "textures": "textures/items/luck4"
    },
    "yuno4": {
        "textures": "textures/items/yuno4"
    },
    "g_yuno": {
        "textures": "textures/items/g_yuno"
    },
    "g_jack": {
        "textures": "textures/items/g_jack"
    },
    "jack": {
        "textures": "textures/items/jack"
    },
    "g_gauche": {
        "textures": "textures/items/g_gauche"
    },
    "jack1": {
        "textures": "textures/items/jack1"
    },
    "gauche1": {
        "textures": "textures/items/gauche1"
    },
    "jack2": {
        "textures": "textures/items/jack2"
    },
    "gauche2": {
        "textures": "textures/items/gauche2"
    },
    "jack3": {
        "textures": "textures/items/jack3"
    },
    "gauche3": {
        "textures": "textures/items/gauche3"
    },
    "o_yami2": {
        "textures": "textures/items/o_yami2"
    },
    "o_jack2": {
        "textures": "textures/items/o_jack2"
    },
    "o_charllote2": {
        "textures": "textures/items/o_charllote2"
    },
    "hana": {
        "textures": "textures/items/hana"
    },
    "despertar": {
        "textures": "textures/items/despertar"
    },
    "o_asta3": {
      "textures": "textures/items/o_asta3"
    },

   "o_yuno3": {
      "textures": "textures/items/o_yuno3"
    },
    "carne": {
        "textures": "textures/items/carne"
    },
    "o_yuno2": {
        "textures": "textures/items/o_yuno2"
    },
    "atori2": {
        "textures": "textures/items/atori2"
    },
    "mereoleone1": {
        "textures": "textures/items/mereoleone1"
    },
    "mereoleone2": {
        "textures": "textures/items/mereoleone2"
    },
    "missao": {
        "textures": "textures/items/missao"
    },
    "m": {
        "textures": "textures/items/m"
    },
    "m1": {
        "textures": "textures/items/m1"
    },
    "m2": {
        "textures": "textures/items/m2"
    },
    "m3": {
        "textures": "textures/items/m3"
    },
   "auo_nika": {
      "textures": "textures/items/auo_nika"
    },
   "escolha_marinha": {
      "textures": "textures/items/escolha_marinha"
    },
   "c10": {
      "textures": "textures/items/+10"
    },
   "c15": {
      "textures": "textures/items/+15"
    },
   "c20": {
      "textures": "textures/items/+20"
    },
   "c25": {
      "textures": "textures/items/+25"
    },
   "g_mereoleona": {
      "textures": "textures/items/g_mereoleona"
    },
   "escolha_cacador": {
      "textures": "textures/items/escolha_cacador"
    },
   "ahito_nika": {
      "textures": "textures/items/ahito_nika"
    },
   "escolha_cp9": {
      "textures": "textures/items/escolha_cp9"
    },
   "escolha_tritao": {
      "textures": "textures/items/escolha_tritao"
    },
   "escolha_skypea": {
      "textures": "textures/items/escolha_skypea"
    },
   "escolha_humano": {
      "textures": "textures/items/escolha_humano"
    },
   "escolha_mink": {
      "textures": "textures/items/escolha_mink"
    },
   "g_charmy": {
      "textures": "textures/items/g_charmy"
    },
    "charmy1": {
        "textures": "textures/items/charmy1"
    },
    "charmy2": {
        "textures": "textures/items/charmy2"
    },
    "charmy3": {
        "textures": "textures/items/charmy3"
    },
    "agomu_nika": {
        "textures": "textures/items/agomu_nika"
    },
    "atori_nika": {
        "textures": "textures/items/atori_nika"
    },
    "abari": {
        "textures": "textures/items/abari"
    },
    "manto": {
        "textures": "textures/items/manto"
    },
    "asoru": {
        "textures": "textures/items/asoru"
    },
    "aushi": {
        "textures": "textures/items/aushi"
    },
    "ushi": {
        "textures": "textures/items/ushi"
    },
    "ssj_best": {
        "textures": "textures/items/ssj_best"
    },
    "nero2": {
        "textures": "textures/items/nero2"
    },
    "bomu": {
        "textures": "textures/items/bomu"
    },
    "abomu": {
        "textures": "textures/items/abomu"
    },
    "des": {
        "textures": "textures/items/des"
    },
    "o_noelle": {
        "textures": "textures/items/o_noelle"
    },
    "o_yuno": {
        "textures": "textures/items/o_yuno"
    },
    "o_yami": {
        "textures": "textures/items/o_yami"
    },
    "o_charllote": {
        "textures": "textures/items/o_charllote"
    },
    "o_luck": {
        "textures": "textures/items/o_luck"
    },
    "o_vanessa": {
        "textures": "textures/items/o_vanessa"
    },
    "o_asta": {
        "textures": "textures/items/o_asta"
    },
    "o_jack": {
        "textures": "textures/items/o_jack"
    },
    "o_magma": {
        "textures": "textures/items/o_magma"
    },
    "abomu": {
        "textures": "textures/items/abomu"
    },
    "auo": {
        "textures": "textures/items/auo"
    },
    "o_asta2": {
        "textures": "textures/items/o_asta2"
    },
    "asuna": {
        "textures": "textures/items/asuna"
    },
    "g_nero": {
        "textures": "textures/items/g_nero"
    },
    "nero1": {
        "textures": "textures/items/nero1"
    },
    "nero2": {
        "textures": "textures/items/nero2"
    },
    "nero3": {
        "textures": "textures/items/nero3"
    },
    "anikyu": {
        "textures": "textures/items/anikyu"
    },
    "aope": {
        "textures": "textures/items/aope"
    },
    "amagu": {
        "textures": "textures/items/amagu"
    },
    "luffy": {
        "textures": "textures/items/luffy"
    },

    "nikyu": {
        "textures": "textures/items/nikyu"
    },
    "barba_negra": {
        "textures": "textures/items/barba_negra"
    },
    "olho": {
        "textures": "textures/items/olho"
    },
    "mera": {
        "textures": "textures/items/mera"
    },
    "xp2": {
        "textures": "textures/items/xp2"
    },
    "xp": {
        "textures": "textures/items/xp"
    },
    "bau": {
        "textures": "textures/items/bau"
    },
    "belly": {
        "textures": "textures/items/belly"
    },
    "tori": {
        "textures": "textures/items/tori"
    },
    "yami": {
        "textures": "textures/items/yami"
    },
    "goro": {
        "textures": "textures/items/goro"
    },
    "ito": {
        "textures": "textures/items/ito"
    },
    "suna": {
        "textures": "textures/items/suna"
    },
    "gura": {
        "textures": "textures/items/gura"
    },
    "magu": {
        "textures": "textures/items/magu"
    },
    "mero": {
        "textures": "textures/items/mero"
    },
    "ope": {
        "textures": "textures/items/ope"
    },
    "fragmento_belly": {
        "textures": "textures/items/fragmento_belly"
    },
    "haki_arma1": {
        "textures": "textures/items/haki_arma1"
    },
    "missao": {
        "textures": "textures/items/missao"
    },
    "haki_arma2": {
        "textures": "textures/items/haki_arma2"
    },
    "haki_arma3": {
        "textures": "textures/items/haki_arma3"
    },
    "haki_rei": {
        "textures": "textures/items/haki_rei"
    },
    "haki_obser": {
        "textures": "textures/items/haki_obser"
    },
    "cartaz": {
        "textures": "textures/items/cartaz"
    },
    "lv": {
        "textures": "textures/items/lv"
    },
    "zushi": {
        "textures": "textures/items/zushi"
    },
    "diable": {
        "textures": "textures/items/diable"
    },
    "diable2": {
        "textures": "textures/items/diable2"
    },
    "treino": {
        "textures": "textures/items/treino"
    },
    "fragmento_haki": {
        "textures": "textures/items/fragmento_haki"
    },
    "chute3": {
        "textures": "textures/items/chute3"
    },
    "chute4": {
        "textures": "textures/items/chute4"
    },
    "uo": {
        "textures": "textures/items/uo"
    },
    "chapeu": {
        "textures": "textures/items/chapeu"
    },
    "capa_yonkou": {
        "textures": "textures/items/capa_yonkou"
    },
    "espada2": {
        "textures": "textures/items/espada2"
    },
    "4": {
        "textures": "textures/items/4"
    },
    "5": {
        "textures": "textures/items/5"
    },
    "yoru": {
        "textures": "textures/items/yoru"
    },
    "tri": {
        "textures": "textures/items/tri"
    },
    "clava": {
        "textures": "textures/items/clava"
    },
    "o_zoro": {
        "textures": "textures/items/o_zoro"
    },
    "o_zoro2": {
        "textures": "textures/items/o_zoro2"
    },
    "o_luffy": {
        "textures": "textures/items/o_luffy"
    },
    "o_luffy2": {
        "textures": "textures/items/o_luffy2"
    },
    "o_rei_mago": {
        "textures": "textures/items/o_rei_mago"
    },
    "o_roger": {
        "textures": "textures/items/o_roger"
    },
    "o_sanji": {
        "textures": "textures/items/o_sanji"
    },
    "o_negra": {
        "textures": "textures/items/o_negra"
    },
    "pika": {
        "textures": "textures/items/pika"
    },
    "hito": {
        "textures": "textures/items/hito"
    },
    "moku": {
        "textures": "textures/items/moku"
    },
    "o_shanks": { 
        "textures": "textures/items/o_shanks"
    },
    "shanks": {
       "textures": "textures/items/shanks"
    },
    "bane": {
        "textures": "textures/items/bane"
    },
    "estilo_dragon": {
        "textures": "textures/items/estilo_dragon"
    },
    "estilo_tritao": {
        "textures": "textures/items/estilo_tritao"
    },
    "estilo_eletrico": {
        "textures": "textures/items/estilo_eletrico"
    },
    "capa_marinha": {
        "textures": "textures/items/capa_marinha"
    },
    "capa_doflamingo": {
        "textures": "textures/items/capa_doflamingo"
    },
    "doku": {
        "textures": "textures/items/doku"
    },
    "moku": {
        "textures": "textures/items/moku"
    }
}
}
