{
  "resource_pack_name": "vanilla",
  "texture_name": "atlas.terrain",
  "padding": 8,
  "num_mip_levels": 4,
  "texture_data": {
    "craft_dna": {
      "textures": [
        "textures/blocks/craft_dna"
      ]
    },
    "luk2": {
      "textures": [
        "textures/blocks/luk2"
      ]
    },
    "luk3": {
      "textures": [
        "textures/blocks/luk3"
      ]
    },
    "luk4": {
      "textures": [
        "textures/blocks/luk4"
      ]
    },
    "luk5": {
      "textures": [
        "textures/blocks/luk5"
      ]
    },
    "luk6": {
      "textures": [
        "textures/blocks/luk6"
      ]
    },
    "luk7": {
      "textures": [
        "textures/blocks/luk7"
      ]
    },
    "luk8": {
      "textures": [
        "textures/blocks/luk8"
      ]
    },
    "luk_block2": {
      "textures": [
        "textures/blocks/luk_block2"
      ]
    },
    "luk_inicial": {
      "textures": [
        "textures/blocks/luk_inicial"
      ]
    },
    "luk_armas": {
      "textures": [
        "textures/blocks/luk_armas"
      ]
    },
    "kit_box": {
      "textures": [
        "textures/blocks/kit_box"
      ]
    }
  }
}
