{
  "format_version": "1.10.0",
  "particle_effect": {
    "description": {
      "identifier": "gm:otamatoneskibiditoilet",
      "basic_render_parameters": {
        "material": "particles_alpha",
        "texture": "textures/pa_particles/gm_otamatoneskibiditoilet"
      }
    },
    "components": {
      "minecraft:emitter_initialization": {
        "creation_expression": "v.height=2.5;v.width=5.5;"
      },
      "minecraft:emitter_local_space": {
        "position": true,
        "rotation": true,
        "velocity": true
      },
      "minecraft:emitter_rate_instant": {
        "num_particles": 1.0
      },
      "minecraft:emitter_lifetime_once": {
        "active_time": 1.0
      },
      "minecraft:emitter_shape_point": {
        "offset": [
          0.0,
          "-v.height",
          0.0
        ]
      },
      "minecraft:particle_lifetime_expression": {
        "max_lifetime": 999999.0
      },
      "minecraft:particle_appearance_billboard": {
        "size": [
          "v.width",
          "v.height"
        ],
        "facing_camera_mode": "lookat_xyz",
        "uv": {
          "texture_width": 1,
          "texture_height": 103,
          "flipbook": {
            "base_UV": [
              0,
              0
            ],
            "size_UV": [
              1,
              1
            ],
            "step_UV": [
              0,
              1
            ],
            "frames_per_second": 10,
            "max_frame": 103,
            "loop": true
          }
        }
      }
    }
  }
}