{
	"format_version": "1.8.0",
	"animations": {
	  "animation.bunzo.play3": {
		"loop": false,
		"animation_length": 15.0,
		"timeline" :{
		"0.0" : "/execute @s ~ ~ ~ tp ^ ^ ^", 
		"0.5" : "/execute @s ~ ~ ~ tp ^ ^ ^", 
		"1.0" : "/execute @s ~ ~ ~ tp ^ ^ ^",
		"1.5" : "/execute @s ~ ~ ~ tp ^ ^ ^", 
		"2.0" : "/execute @s ~ ~ ~ tp ^ ^ ^",
		"2.5" : "/execute @s ~ ~ ~ tp ^ ^ ^", 
		"3.0" : "/execute @s ~ ~ ~ tp ^ ^ ^", 
		"3.5" : "/execute @s ~ ~ ~ tp ^ ^ ^",
		"4.0" : "/execute @s ~ ~ ~ tp ^ ^ ^", 
		"4.5" : "/execute @s ~ ~ ~ tp ^ ^ ^",
		"5.0" : "/execute @s ~ ~ ~ tp ^ ^ ^",
		"5.5" : "/execute @s ~ ~ ~ tp ^ ^ ^", 
		"6.0" : "/execute @s ~ ~ ~ tp ^ ^ ^", 
		"6.5" : "/execute @s ~ ~ ~ tp ^ ^ ^",
		"7.0" : "/execute @s ~ ~ ~ tp ^ ^ ^", 
		"7.5" : "/execute @s ~ ~ ~ tp ^ ^ ^",
		"8.0" : "/execute @s ~ ~ ~ tp ^ ^ ^", 
		"8.5" : "/execute @s ~ ~ ~ tp ^ ^ ^", 
		"9.0" : "/execute @s ~ ~ ~ tp ^ ^ ^",
		"9.5" : "/execute @s ~ ~ ~ tp ^ ^ ^", 
		"10.0" : "/execute @s ~ ~ ~ tp ^ ^ ^",
		"10.5" : "/execute @s ~ ~ ~ tp ^ ^ ^", 
		"11.0" : "/execute @s ~ ~ ~ tp ^ ^ ^", 
		"11.5" : "/execute @s ~ ~ ~ tp ^ ^ ^",
		"12.0" : "/execute @s ~ ~ ~ tp ^ ^ ^", 
		"12.5" : "/execute @s ~ ~ ~ tp ^ ^ ^",
		"13.0" : "/execute @s ~ ~ ~ tp ^ ^ ^", 
		"13.5" : "/execute @s ~ ~ ~ tp ^ ^ ^", 
		"14.0" : "/execute @s ~ ~ ~ tp ^ ^ ^",
		"14.5" : "/execute @s ~ ~ ~ tp ^ ^ ^", 
		"15.0" : "/execute @s ~ ~ ~ tp ^ ^ ^"
		}
	  }
  }
}