{
  "format_version": "1.12.0",
  "minecraft:geometry": [
    {
      "description": {
        "identifier": "geometry.sb_big_skibidi_toilet",
        "texture_width": 128,
        "texture_height": 128,
        "visible_bounds_width": 4,
        "visible_bounds_height": 3.5,
        "visible_bounds_offset": [
          0,
          1.25,
          0
        ]
      },
      "bones": [
        {
          "name": "bone",
          "pivot": [
            0,
            1,
            6
          ],
          "cubes": [
            {
              "origin": [
                -1.15,
                1,
                -3.05
              ],
              "size": [
                5.75,
                6.9,
                13.8
              ],
              "pivot": [
                0,
                9.05,
                6
              ],
              "rotation": [
                0,
                0,
                -7.5
              ],
              "uv": [
                19,
                41
              ]
            },
            {
              "origin": [
                2.3,
                5.6,
                -4.2
              ],
              "size": [
                2.45,
                10.2,
                12.35
              ],
              "pivot": [
                0,
                9.05,
                6
              ],
              "rotation": [
                0,
                0,
                17.5
              ],
              "uv": [
                0,
                48
              ]
            },
            {
              "origin": [
                -4.75,
                5.6,
                -4.2
              ],
              "size": [
                2.45,
                10.2,
                12.35
              ],
              "pivot": [
                0,
                9.05,
                6
              ],
              "rotation": [
                0,
                0,
                -17.5
              ],
              "uv": [
                0,
                48
              ],
              "mirror": true
            },
            {
              "origin": [
                -4.6,
                1,
                -3.05
              ],
              "size": [
                5.75,
                6.9,
                13.8
              ],
              "pivot": [
                0,
                9.05,
                6
              ],
              "rotation": [
                0,
                0,
                7.5
              ],
              "uv": [
                32,
                22
              ]
            },
            {
              "origin": [
                -4.45,
                7.75,
                -4.35
              ],
              "size": [
                8.9,
                6.9,
                2.45
              ],
              "pivot": [
                0,
                6.75,
                -3.2
              ],
              "rotation": [
                20,
                0,
                0
              ],
              "uv": [
                67,
                63
              ]
            },
            {
              "origin": [
                -2.9,
                6.9,
                -3.85
              ],
              "size": [
                6.65,
                3.95,
                11.2
              ],
              "uv": [
                44,
                49
              ]
            },
            {
              "origin": [
                -2.3,
                2.15,
                7.15
              ],
              "size": [
                4.45,
                5.75,
                6.9
              ],
              "uv": [
                67,
                46
              ]
            },
            {
              "origin": [
                -5.75,
                -0.15,
                -6.5
              ],
              "size": [
                11.5,
                2.3,
                20.7
              ],
              "uv": [
                0,
                0
              ]
            },
            {
              "origin": [
                -5.75,
                7.85,
                17.2
              ],
              "size": [
                11.5,
                15.3,
                1
              ],
              "uv": [
                28,
                63
              ]
            },
            {
              "origin": [
                -5.75,
                14.85,
                5.5
              ],
              "size": [
                11.5,
                12.3,
                1.7
              ],
              "uv": [
                55,
                22
              ]
            },
            {
              "origin": [
                -4.75,
                6.85,
                6.5
              ],
              "size": [
                9.5,
                7.3,
                1.7
              ],
              "uv": [
                23,
                22
              ]
            },
            {
              "origin": [
                -7,
                13,
                -4
              ],
              "size": [
                3,
                2,
                9
              ],
              "uv": [
                52,
                63
              ],
              "mirror": true
            },
            {
              "origin": [
                4,
                13,
                -4
              ],
              "size": [
                3,
                2,
                9
              ],
              "uv": [
                52,
                63
              ]
            },
            {
              "origin": [
                -7,
                13,
                -7
              ],
              "size": [
                14,
                2,
                3
              ],
              "uv": [
                42,
                41
              ]
            },
            {
              "origin": [
                -7,
                13,
                5
              ],
              "size": [
                14,
                2,
                4
              ],
              "uv": [
                42,
                14
              ]
            }
          ]
        },
        {
          "name": "bone2",
          "parent": "bone",
          "pivot": [
            0,
            8.05,
            -3.05
          ],
          "rotation": [
            -10,
            0,
            0
          ],
          "cubes": [
            {
              "origin": [
                -4.64919,
                1.75053,
                -4.2
              ],
              "size": [
                5.75,
                6.9,
                2.3
              ],
              "pivot": [
                -5.75,
                9.05,
                -3.05
              ],
              "rotation": [
                0,
                7.5,
                7.5
              ],
              "uv": [
                79,
                21
              ]
            },
            {
              "origin": [
                -1.10081,
                1.75053,
                -4.2
              ],
              "size": [
                5.75,
                6.9,
                2.3
              ],
              "pivot": [
                5.75,
                9.05,
                -3.05
              ],
              "rotation": [
                0,
                -7.5,
                -7.5
              ],
              "uv": [
                16,
                79
              ]
            }
          ]
        },
        {
          "name": "bone4",
          "parent": "bone",
          "pivot": [
            0,
            1,
            7
          ],
          "cubes": [
            {
              "origin": [
                -0.9,
                7.9,
                8.15
              ],
              "size": [
                7.65,
                17.95,
                9.2
              ],
              "uv": [
                0,
                22
              ]
            },
            {
              "origin": [
                -6.75,
                7.9,
                8.15
              ],
              "size": [
                7.65,
                17.95,
                9.2
              ],
              "uv": [
                0,
                22
              ],
              "mirror": true
            },
            {
              "origin": [
                -0.555,
                22.55,
                7.46
              ],
              "size": [
                8.26,
                4.6,
                10.81
              ],
              "uv": [
                42,
                0
              ]
            },
            {
              "origin": [
                -7.705,
                22.55,
                7.46
              ],
              "size": [
                8.26,
                4.6,
                10.81
              ],
              "uv": [
                42,
                0
              ],
              "mirror": true
            },
            {
              "origin": [
                -1.705,
                23.55,
                11.46
              ],
              "size": [
                3.26,
                5.6,
                2.81
              ],
              "uv": [
                42,
                46
              ]
            },
            {
              "origin": [
                -2.705,
                23.55,
                10.46
              ],
              "size": [
                5.26,
                4.6,
                4.81
              ],
              "uv": [
                73,
                35
              ]
            }
          ]
        },
        {
          "name": "bone3",
          "parent": "bone",
          "pivot": [
            0,
            11.35,
            1.7
          ],
          "cubes": [
            {
              "origin": [
                -2.3,
                6.45,
                -1.75
              ],
              "size": [
                4.6,
                11.5,
                5.75
              ],
              "uv": [
                0,
                0
              ]
            },
            {
              "origin": [
                -3.45,
                20.25,
                -4.05
              ],
              "size": [
                3.45,
                5.75,
                2.3
              ],
              "pivot": [
                -1.15,
                26,
                -2.9
              ],
              "rotation": [
                57.40093,
                4.21541,
                -2.69136
              ],
              "uv": [
                30,
                79
              ]
            },
            {
              "origin": [
                0,
                20.25,
                -4.05
              ],
              "size": [
                3.45,
                5.75,
                2.3
              ],
              "pivot": [
                1.15,
                26,
                -2.9
              ],
              "rotation": [
                57.40093,
                -4.21541,
                2.69136
              ],
              "uv": [
                0,
                48
              ]
            },
            {
              "origin": [
                -2.3,
                16.8,
                -2.9
              ],
              "size": [
                4.6,
                2.3,
                1.15
              ],
              "uv": [
                32,
                30
              ]
            },
            {
              "origin": [
                -3.45,
                16.8,
                -3.015
              ],
              "size": [
                6.9,
                4.6,
                0
              ],
              "uv": [
                0,
                16
              ]
            },
            {
              "origin": [
                0.55,
                22.8,
                -3.015
              ],
              "size": [
                2.9,
                1.6,
                0
              ],
              "pivot": [
                1,
                24.2,
                -3
              ],
              "rotation": [
                0,
                0,
                -17.5
              ],
              "uv": [
                0,
                0
              ],
              "mirror": true
            },
            {
              "origin": [
                -3.45,
                22.8,
                -3.015
              ],
              "size": [
                2.9,
                1.6,
                0
              ],
              "pivot": [
                -1,
                24.2,
                -3
              ],
              "rotation": [
                0,
                0,
                17.5
              ],
              "uv": [
                0,
                0
              ]
            },
            {
              "origin": [
                -3.45,
                16.8,
                -3.015
              ],
              "size": [
                6.9,
                4.6,
                0
              ],
              "uv": [
                0,
                16
              ]
            },
            {
              "origin": [
                -3.45,
                20.25,
                -2.67
              ],
              "size": [
                3.45,
                5.75,
                6.9
              ],
              "uv": [
                0,
                70
              ]
            },
            {
              "origin": [
                0,
                20.25,
                -2.67
              ],
              "size": [
                3.45,
                5.75,
                6.9
              ],
              "uv": [
                0,
                70
              ],
              "mirror": true
            },
            {
              "origin": [
                -5.29,
                21.4,
                0.78
              ],
              "size": [
                5.75,
                3.45,
                2.3
              ],
              "pivot": [
                -2.3,
                23.7,
                4
              ],
              "rotation": [
                0,
                -12.5,
                -15
              ],
              "uv": [
                12,
                70
              ]
            },
            {
              "origin": [
                -0.46,
                21.4,
                0.78
              ],
              "size": [
                5.75,
                3.45,
                2.3
              ],
              "pivot": [
                2.3,
                23.7,
                4
              ],
              "rotation": [
                0,
                12.5,
                15
              ],
              "uv": [
                16,
                48
              ]
            },
            {
              "origin": [
                -0.575,
                20.25,
                -2.67
              ],
              "size": [
                1.15,
                5.75,
                4.6
              ],
              "pivot": [
                0,
                23.7,
                -1.75
              ],
              "rotation": [
                -17.5,
                0,
                0
              ],
              "uv": [
                42,
                0
              ]
            },
            {
              "origin": [
                -3.45,
                26,
                -2.67
              ],
              "size": [
                3.45,
                1.15,
                6.9
              ],
              "uv": [
                72,
                14
              ]
            },
            {
              "origin": [
                0,
                26,
                -2.67
              ],
              "size": [
                3.45,
                1.15,
                6.9
              ],
              "uv": [
                46,
                74
              ]
            },
            {
              "origin": [
                0,
                16.8,
                -2.9
              ],
              "size": [
                3.45,
                3.45,
                6.9
              ],
              "pivot": [
                3.45,
                20.25,
                0.55
              ],
              "rotation": [
                0,
                0,
                20
              ],
              "uv": [
                70,
                71
              ]
            },
            {
              "origin": [
                -3.45,
                16.8,
                -2.9
              ],
              "size": [
                3.45,
                3.45,
                6.9
              ],
              "pivot": [
                -3.45,
                20.25,
                0.55
              ],
              "rotation": [
                0,
                0,
                -20
              ],
              "uv": [
                68,
                0
              ]
            }
          ]
        }
      ]
    }
  ]
}