{
  "format_version": "1.13.0",
  "minecraft:entity": {
    "description": {
      "identifier": "titan:tri_dead",
      "is_spawnable": false,
      "is_summonable": true,
      "is_experimental": false
    },
    "component_groups": {
     "minecraft:dead_titan":{
      "minecraft:knockback_resistance": {
        "value": 100
      },
      "minecraft:variant": {
        "value": 50
      },
              "minecraft:timer": {
         "looping":false,
         "time": 200,
         "time_down_event": {
           "event":"minecraft:titan_despawn"
         }
       }
     },
     "minecraft:titan_despawn":{
				"minecraft:instant_despawn": {},
      "minecraft:knockback_resistance": {
        "value": 100
      },
        "minecraft:type_family": {
          "family": [ "dead" ]
        }
     }
    },
    "components": {
      "minecraft:knockback_resistance": {
        "value": 100
      },
			"minecraft:despawn": {
				"filters": {
					"all_of": [
						{
							"test": "is_family",
							"subject": "self",
							"value": "dead"
						}
					]
				}
			},
        "minecraft:type_family": {
          "family": [ "dead_titan" ]
        },
      "minecraft:behavior.random_stroll": {
        "priority": 5,
        "speed_multiplier": 0.0
      },
      "minecraft:behavior.move_towards_restriction": {
        "priority": 5,
        "speed_multiplier": 0.0
      },
      "minecraft:movement": {
        "value": 0.0
      },
      "minecraft:breathable": {
        "totalSupply": 15,
        "suffocateTime": 0,
        "breathesWater": true
      },
      "minecraft:health": {
        "value": 1000000,
        "max": 1000000
      },
        "minecraft:scale": {
          "value": 5.10
        },
      "minecraft:collision_box": {
        "width": 2,
        "height": 2
      },
			"minecraft:physics": {},
            "minecraft:pushable": {
                "is_pushable": true,
         "is_pushable_by_piston": true
            },
            "minecraft:nameable": {
                "alwaysShow": true
            },
      "minecraft:fire_immune": true
    },
    "events": {
			"minecraft:entity_transformed": {
				"add": {
					"component_groups": [
						"minecraft:dead_titan"
					]
				}
			},
"minecraft:dead_titan": {
        "randomize": [
          {
            "weight": 50,
            "remove": {
              "component_groups": [
                "minecraft:titan_despawn"
              ]
            },
            "add": {
              "component_groups": [
                "minecraft:dead_titan"
              ]
            }
          }
        ]
      },
"minecraft:turn_into_2021": {
        "remove": {
          "component_groups": [
                "minecraft:dead_titan"
          ]
        },
        "add": {
          "component_groups": [
            "minecraft:turn_into_2021"
          ]
        }
      }
    }
  }
}

