{
	"format_version": "1.10.0",
	"particle_effect": {
		"description": {
			"identifier": "jujutsu:muryokusho",
			"basic_render_parameters": {
				"material": "particles_alpha",
				"texture": "textures/particle/particles"
			}
		},
		"components": {
			"minecraft:emitter_rate_steady": {
				"spawn_rate": 80,
				"max_particles": 4000
			},
			"minecraft:emitter_lifetime_once": {
				"active_time": 56
			},
			"minecraft:emitter_shape_box": {
				"offset": [0, 15, 0],
				"half_dimensions": [15, 0, 15],
				"direction": ["Math.random(-1, 1)", "-1.2-Math.random(0, 1)", "Math.random(-1, 1)"]
			},
			"minecraft:particle_lifetime_expression": {
				"max_lifetime": 8
			},
			"minecraft:particle_initial_spin": {
				"rotation": "variable.particle_random_3*360"
			},
			"minecraft:particle_initial_speed": 4,
			"minecraft:particle_motion_dynamic": {
				"linear_acceleration": [0, -0.2, 0]
			},
			"minecraft:particle_appearance_billboard": {
				"size": ["0.07+variable.particle_random_1/6", "0.07+variable.particle_random_1/6"],
				"facing_camera_mode": "rotate_xyz",
				"uv": {
					"texture_width": 128,
					"texture_height": 128,
					"uv": ["math.floor(variable.particle_random_2*8)*8", 72],
					"uv_size": [8, 8]
				}
			}
		}
	}
}