{
  "format_version": "1.10.0",
  "animation_controllers": {
"controller.animation.enderman_titan.attack": {
      "states": {
        "default": {
          "transitions": [
            { "attack_ex": "query.is_delayed_attacking" },
            { "attack_ex2": "query.is_delayed_attacking" }
          ]
        },
        "attack_ex": {
          "transitions": [
            { "attack": "query.is_delayed_attacking" },
            { "attack3": "query.is_delayed_attacking" }
          ]
        },
        "attack_ex2": {
          "transitions": [
            { "attack2": "query.is_delayed_attacking" },
            { "attack4": "query.is_delayed_attacking" }
          ]
        },
        "attack": {
          "animations": [
        "attack"
          ],
          "transitions": [
            { "default": "!query.is_delayed_attacking" }
          ]
        },
        "attack2": {
          "animations": [
        "attack2"
          ],
          "transitions": [
            { "default": "!query.is_delayed_attacking" }
          ]
        },
        "attack3": {
          "animations": [
        "attack3"
          ],
          "transitions": [
            { "default": "!query.is_delayed_attacking" }
          ]
        },
        "attack4": {
          "animations": [
        "attack4"
          ],
          "transitions": [
            { "default": "!query.is_delayed_attacking" }
          ]
        }
      }
    },
"controller.animation.enderman_titan.dead": {
      "states": {
        "default": {
          "transitions": [
            { "dead": "query.variant == 10" }
          ]
        },
        "dead": {
          "animations": [
        "dead"
          ]
        }
      }
    },
"controller.animation.enderman_titan.de": {
      "states": {
        "default": {
          "transitions": [
            { "de": "query.variant == 8" }
          ]
        },
        "de": {
          "animations": [
        "de"
          ]
        }
      }
    },
"controller.animation.enderman_titan.summon": {
      "states": {
        "default": {
          "transitions": [
            { "summon": "query.is_casting && query.variant == 2" }
          ]
        },
        "summon": {
          "animations": [
        "summon"
          ],
          "transitions": [
            { "default": "query.all_animations_finished == 1 && !query.is_casting" }
          ]
        }
      }
    },
"controller.animation.enderman_titan.summon2": {
      "states": {
        "default": {
          "transitions": [
            { "summon2": "query.is_casting && query.variant == 3" }
          ]
        },
        "summon2": {
          "animations": [
        "summon2"
          ],
          "transitions": [
            { "default": "query.all_animations_finished == 1 && !query.is_casting" }
          ]
        }
      }
    },
    "controller.animation.enderman_titan.summon4": {
      "states": {
        "default": {
          "transitions": [
            { "summon2": "query.is_casting && query.variant == 11" }
          ]
        },
        "summon2": {
          "animations": [
        "summon2"
          ],
          "transitions": [
            { "default": "query.all_animations_finished == 1 && !query.is_casting" }
          ]
        }
      }
    },
"controller.animation.enderman_titan.summon5": {
      "states": {
        "default": {
          "transitions": [
            { "summon3": "query.variant == 7 && query.is_casting" }
          ]
        },
        "summon3": {
          "animations": [
        "summon3"
          ],
          "transitions": [
            { "default": "query.all_animations_finished == 1 && query.variant != 7" }
          ]
        }
      }
    },
"controller.animation.enderman_titan.ender_ray": {
      "states": {
        "default": {
          "transitions": [
            { "ray": "query.variant == 4" }
          ]
        },
        "ray": {
          "animations": [
        "ender_ray1"
          ],
          "transitions": [
            { "default": "query.all_animations_finished == 1 && query.variant != 4" }
          ]
        }
      }
    },
"controller.animation.enderman_titan.trample": {
      "states": {
        "default": {
          "transitions": [
            { "trample": "query.is_roaring == 1" }
          ]
        },
        "trample": {
          "animations": [
        "trample"
          ],
          "transitions": [
            { "default": "query.all_animations_finished == 1 && query.is_roaring == 0" }
          ]
        }
      }
    },
"controller.animation.enderman_titan.spawn": {
      "states": {
        "default": {
          "transitions": [
            { "spawn": "query.variant == 0" }
          ]
        },
        "spawn": {
          "animations": [
        "spawn"
          ]
        }
      }
    },
    		"controller.animation.enderman_titan.move2" : {
			"initial_state" : "default",
			"states" : {
				"default" : {
					"animations" : [ "move" ]
				}
			}
		},
    
          "controller.animation.enderman_titan.move": {
      "states": {
                  "move": {
           "animations": [{ 
           "move":"query.modified_move_speed * !query.is_tamed" 
            }
          ]
        },
        "default": {
                    "transitions": [
     { "move": "query.variant != 0" } ]
        }
      }
    }
  }
}