{
  "format_version": "1.10.0",
  "animation_controllers": {
"controller.animation.ztitan.spawn": {
      "states": {
        "default": {
          "transitions": [
            { "spawn": "query.variant == 0" }
          ]
        },
        "spawn": {
          "animations": [
        "spawn"
          ]
        }
      }
    },
"controller.animation.ztitan.dead": {
      "states": {
        "default": {
          "transitions": [
            { "dead": "query.variant == 10" }
          ]
        },
        "dead": {
          "animations": [
        "dead"
          ]
        }
      }
    },
"controller.animation.zombie_titan.look": {
      "states": {
        "default": {
          "transitions": [
            { "summon": "query.variant == 3||query.variant == 4" }
          ]
        },
        "summon": {
          "animations": [
        "look"
          ],
          "transitions": [
            { "default": "query.variant != 3&&query.variant != 4" }
          ]
        }
      }
    },
    "controller.animation.zombie_titan.summon9": {
      "states": {
        "default": {
          "transitions": [
            { "summon": "query.variant == 9" }
          ]
        },
        "summon": {
          "animations": [
        "summon9"
          ],
          "transitions": [
            { "default": "query.variant != 9" }
          ]
        }
      }
    },
    "controller.animation.57titan.general": {
      "states": {
        "default": {
          "transitions": [
            { "summon": "query.is_chested" }
          ]
        },
        "summon": {
          "animations": [
        "general"
          ],
          "transitions": [
            { "default": "!query.is_chested" }
          ]
        }
      }
    },
    "controller.animation.57titan.looking": {
      "states": {
        "default": {
          "transitions": [
            { "summon": "query.is_chested" }
          ]
        },
        "summon": {
          "animations": [
        "looking"
          ],
          "transitions": [
            { "default": "!query.is_chested" }
          ]
        }
      }
    },
    "controller.animation.zombie_titan.summon11": {
      "states": {
        "default": {
          "transitions": [
            { "summon": "query.variant == 11" }
          ]
        },
        "summon": {
          "animations": [
        "summon11"
          ],
          "transitions": [
            { "default": "query.variant != 11" }
          ]
        }
      }
    },
    "controller.animation.the_roar": {
      "states": {
        "default": {
          "transitions": [
            { "the_roar": "!query.is_daytime" }
          ]
        },
        "the_roar": {
          "animations": [
        "the_roar"
          ],
          "transitions": [
            { "default": "query.is_daytime" }
          ]
        }
      }
    },
    "controller.animation.zombie_titan.jump": {
      "states": {
        "default": {
          "transitions": [
            { "jump": "query.variant == 100" }
          ]
        },
        "jump": {
          "animations": [
        "jump"
          ],
          "transitions": [
            { "default": "query.variant != 100" }
          ]
        }
      }
    },
    "controller.animation.zombie_titan.summon7": {
      "states": {
        "default": {
          "transitions": [
            { "summon": "query.variant == 7" }
          ]
        },
        "summon": {
          "animations": [
        "summon7"
          ],
          "transitions": [
            { "default": "query.variant != 7" }
          ]
        }
      }
    },
    "controller.animation.zombie_titan.summon8": {
      "states": {
        "default": {
          "transitions": [
            { "summon": "query.variant == 8" }
          ]
        },
        "summon": {
          "animations": [
        "summon8"
          ],
          "transitions": [
            { "default": "query.variant != 8" }
          ]
        }
      }
    },
"controller.animation.zombie_titan.summon": {
      "states": {
        "default": {
          "transitions": [
            { "summon": "query.variant == 2" }
          ]
        },
        "summon": {
          "animations": [
        "summon"
          ],
          "transitions": [
            { "default": "query.variant != 2" }
          ]
        }
      }
    },
    "controller.animation.ws_titan.summon7": {
      "states": {
        "default": {
          "transitions": [
            { "summon": "query.variant == 8" }
          ]
        },
        "summon": {
          "animations": [
        "summon7"
          ],
          "transitions": [
            { "default": "query.variant != 8" }
          ]
        }
      }
    },
"controller.animation.zombie_titan.summon2": {
      "states": {
        "default": {
          "transitions": [
            { "summon": "query.variant == 3" }
          ]
        },
        "summon": {
          "animations": [
        "summon2"
          ],
          "transitions": [
            { "default": "query.variant != 3" }
          ]
        }
      }
    },
    "controller.animation.zombie_titan.summon6": {
      "states": {
        "default": {
          "transitions": [
            { "summon": "query.variant == 7" }
          ]
        },
        "summon": {
          "animations": [
        "summon6"
          ],
          "transitions": [
            { "default": "query.variant != 7" }
          ]
        }
      }
    },
    "controller.animation.zombie_titan.slash": {
      "states": {
        "default": {
          "transitions": [
            { "summon": "query.variant == 6" }
          ]
        },
        "summon": {
          "animations": [
        "slash"
          ],
          "transitions": [
            { "default": "query.variant != 6" }
          ]
        }
      }
    },
    "controller.animation.zombie_titan.head": {
      "states": {
        "default": {
          "transitions": [
            { "summon": "!query.is_saddled" }
          ]
        },
        "summon": {
          "animations": [
        "head"
          ],
          "transitions": [
            { "default": "query.is_saddled" }
          ]
        }
      }
    },
"controller.animation.zombie_titan.summon3": {
      "states": {
        "default": {
          "transitions": [
            { "summon": "query.variant == 4" }
          ]
        },
        "summon": {
          "animations": [
        "summon3"
          ],
          "transitions": [
            { "default": "query.variant != 4" }
          ]
        }
      }
    },
    "controller.animation.zombie_titan.summon4": {
      "states": {
        "default": {
          "transitions": [
            { "summon": "query.variant == 5" }
          ]
        },
        "summon": {
          "animations": [
        "summon4"
          ],
          "transitions": [
            { "default": "query.variant != 5" }
          ]
        }
      }
    },
    "controller.animation.zombie_titan.attack": {
      "states": {
        "default": {
          "transitions": [
            { "attack_ex": "query.is_delayed_attacking" },
            { "attack_ex2": "query.is_delayed_attacking" }
          ]
        },
        "attack_ex": {
          "transitions": [
            { "attack": "query.is_delayed_attacking" },
            { "attack2": "query.is_delayed_attacking" }
          ]
        },
        "attack_ex2": {
          "transitions": [
            { "attack3": "query.is_delayed_attacking" },
          { "attack4": "query.is_delayed_attacking" }
          ]
        },
        "attack": {
          "animations": [
        "attack"
          ],
          "transitions": [
            { "default": "!query.is_delayed_attacking" }
          ]
        },
        "attack2": {
          "animations": [
        "attack2"
          ],
          "transitions": [
            { "default": "!query.is_delayed_attacking" }
          ]
        },
        "attack3": {
          "animations": [
        "attack3"
          ],
          "transitions": [
            { "default": "!query.is_delayed_attacking" }
          ]
        },
        "attack4": {
          "animations": [
        "attack4"
          ],
          "transitions": [
            { "default": "!query.is_delayed_attacking" }
          ]
        },
        "attack5": {
          "animations": [
        "attack5"
          ],
          "transitions": [
            { "default": "!query.is_delayed_attacking" }
          ]
        }
      }
    },
          "controller.animation.ztitan.move": {
      "states": {
                  "move": {
           "animations": [{ 
           "move":"query.modified_move_speed * !query.is_tamed" 
            }
          ]
        },
        "default": {
                    "transitions": [
     { "move": "query.variant != 0" } ]
        }
      }
    },
    "controller.animation.ztitan.fall": {
      "states": {
                  "fall": {
           "animations": [{ 
           "fall":"!query.is_on_ground && !query.is_tamed" 
            }
          ]
        },
        "default": {
                    "transitions": [
     { "fall": "query.variant != 0" } ]
        }
      }
    }
  }
}
