{                                                                     
  "format_version": "1.16.100",
  "minecraft:item": {
    "description": {
      "identifier": "yt:colete",
      "category" : "items"
    },
    "components": {
      "minecraft:icon": {
        "texture": "colete"
      },
		"minecraft:render_offsets": {
			"main_hand": {
			  "first_person": { 
				"scale": [0.003,0.003,0.003]
			  },
			  "third_person": { 
				"scale": [0.003,0.003,0.003]
			  }
			},
			"off_hand": {
			  "first_person": { 
				"scale": [0.003,0.003,0.003]
			  },
			  "third_person": { 
				"scale": [0.003,0.003,0.003]
			  }
			}
		  },
        "minecraft:display_name": {
        "value": "⭐ COLETE (FUSAO)⭐"},
      "minecraft:stacked_by_data": false,
      "minecraft:max_stack_size": 64,
      "minecraft:foil": false,
      "minecraft:hand_equipped": true,
      "minecraft:on_use": {
        "on_use": {
          "event": "function",
          "target": "self"
        }
      }
    },
    "events": {
      "function": {
        "run_command": {
          "command": [ 
              
"function p2",

"execute @s[tag=!lbane] ~~~ tag @e[rm=1,r=9999999] add lbane",

"execute @s[tag=lbane] ~~~ function not_eat"

],
          "target": "self"
        }
      }
    }
  }
}
