{
  "format_version": "1.16.100",
  "minecraft:item": {
    "description": {
      "identifier": "yt:espada_z",
      "category": "equipment"
    },
    "components": {
    "minecraft:render_offsets": {
        "main_hand": {
            "first_person": { 
                "scale": [0.0021,0.0021,0.0021]
            },
            "third_person": { 
                "scale": [0.011,0.011,0.011]
            }
        }
    },
        "minecraft:display_name": {
        "value": "[ ESPADADA Z ]"},
      "minecraft:creative_category": {
        "parent": "itemGroup.name.sword"
      },
      "minecraft:icon": {
        "texture": "espada_z"
      },
	  "minecraft:allow_off_hand": true,
      "minecraft:max_stack_size": 1,
      "minecraft:use_duration": 5000,
      "minecraft:hand_equipped": true,
      "minecraft:durability": {
        "max_durability": 5000
      },
      "minecraft:mining_speed": 1,
      "minecraft:damage": 8,
      "minecraft:enchantable": {
        "value": 10,
        "slot": "sword"
      },
      "minecraft:can_destroy_in_creative": false,
      "minecraft:digger": {
        "use_efficiency": false,
        "destroy_speeds": [
          {
            "block": "minecraft:web",
            "speed": 20
          },
          {
            "block": "minecraft:bamboo",
            "speed": 25
          }
        ]
      },
      "minecraft:weapon": {}
    }
  }
}
