{
    "format_version": "1.16.100",
    "minecraft:item": {
        "description": {
            "identifier":  "yt:genki" ,
            "category" : "items"
        },
        "components": {
     "minecraft:display_name": {
        "value": "[ GENKI DAMA ] "
      },
          "minecraft:max_stack_size": 1,
          "minecraft:icon": {
            "texture": "genki"
          },
      "minecraft:render_offsets": {
        "main_hand": {
          "third_person": {
            "scale": [
              0.000,
              0.000,
              0.000
            ]
          },
          "first_person": {
            "scale": [
              0.0000000000000000,
              0.0000000000000000,
              0.0000000000000000
            ]
          }
        },
        "off_hand": {
          "third_person": {
            "scale": [
              0.000,
              0.000,
              0.000
            ]
          },
          "first_person": {
            "scale": [
              0.0000000000000000,
              0.0000000000000000,
              0.0000000000000000]
          }
        }
      },
          "minecraft:cooldown": {
           "category": "enderarl",
            "duration": 30
         },
          "minecraft:throwable": {
            "do_swing_animation": false
          },
          "minecraft:on_use": {
            "on_use": {
              "event": "test1",
              "target": "self"
            }
          }
        },
        "events": {
          "test1": {
            "shoot": {
              "projectile": "yt:genki",
              "launch_power": 0.4,
              "angle_offset": 20
            },
		"run_command": {
		  "command": [
       "playanimation @s animation.genki"

		  ]
	    }
          }
        }
      }
    }
