{
    "format_version":    "1.16.100",
    "minecraft:item":  {
        "description":  {
            "category": "nature",
            "identifier":  "yt:namek2"
        },
        "components":  {
            "minecraft:max_stack_size":  1,
            "minecraft:enchantable":  {
                "value":  10,
                "slot":  "armor_gui"
            },
            "minecraft:damageable":  {
                "max_damage":  10000000,
                "damage_chance":  {
                    "min":  10000000,
                    "max":  10000000
                },
                "repair_items":  [
                    ""
                ]
            },
            "minecraft:icon": {
                "texture": "namek2"
            },
            "minecraft:display_name": {
    "value": "Super Namekusejin \n Picolo Forma "
            },
            "minecraft:armor":  {
                "protection":  10
            }, 
            "minecraft:wearable":  {
                "slot":  "slot.armor.feet"
            },
	  "minecraft:on_use": {
		"on_use": {
		  "event": "gaara"
		}
	  }
    },
    "events": {
	  "gaara": {
		"run_command": {
		  "command": [
		    "function namek2"
		  ]
	    }
	  }
        }
    }
}
