{
  "format_version": "1.12.0",
  "minecraft:geometry": [
    {
      "description": {
        "identifier": "geometry.sb_upgrade_infected_titan_speaker_man",
        "texture_width": 256,
        "texture_height": 256,
        "visible_bounds_width": 20,
        "visible_bounds_height": 283,
        "visible_bounds_offset": [
          0,
          129.5,
          0
        ]
      },
      "bones": [
        {
          "name": "Allroot",
          "pivot": [
            0,
            0,
            0
          ]
        },
        {
          "name": "Rott",
          "parent": "Allroot",
          "pivot": [
            0,
            57,
            0
          ]
        },
        {
          "name": "body",
          "parent": "Rott",
          "pivot": [
            0,
            45,
            3
          ],
          "cubes": [
            {
              "origin": [
                -7,
                50,
                -3
              ],
              "size": [
                14,
                15,
                11
              ],
              "pivot": [
                0,
                54,
                0
              ],
              "rotation": [
                20,
                0,
                0
              ],
              "uv": [
                104,
                46
              ]
            },
            {
              "origin": [
                -9,
                50,
                -1
              ],
              "size": [
                18,
                15,
                11
              ],
              "uv": [
                93,
                94
              ]
            },
            {
              "origin": [
                -10,
                53,
                -2
              ],
              "size": [
                20,
                2,
                13
              ],
              "uv": [
                0,
                97
              ]
            },
            {
              "origin": [
                -7.5,
                45,
                2
              ],
              "size": [
                15,
                10,
                6
              ],
              "inflate": 0.5,
              "uv": [
                154,
                52
              ]
            }
          ]
        },
        {
          "name": "body2",
          "parent": "body",
          "pivot": [
            0,
            61,
            6
          ],
          "rotation": [
            12.5,
            0,
            0
          ],
          "cubes": [
            {
              "origin": [
                -4,
                63,
                -7
              ],
              "size": [
                8,
                9,
                4
              ],
              "uv": [
                68,
                162
              ]
            },
            {
              "origin": [
                -3,
                64,
                -10
              ],
              "size": [
                6,
                7,
                4
              ],
              "uv": [
                53,
                97
              ]
            },
            {
              "origin": [
                -12,
                60,
                -3
              ],
              "size": [
                24,
                13,
                13
              ],
              "uv": [
                72,
                0
              ]
            },
            {
              "origin": [
                -9,
                49,
                10
              ],
              "size": [
                18,
                25,
                3
              ],
              "uv": [
                104,
                120
              ]
            },
            {
              "origin": [
                -13,
                42,
                12
              ],
              "size": [
                26,
                43,
                10
              ],
              "uv": [
                0,
                0
              ]
            },
            {
              "origin": [
                -15,
                59,
                12
              ],
              "size": [
                13,
                11,
                12
              ],
              "uv": [
                54,
                108
              ]
            },
            {
              "origin": [
                2,
                59,
                12
              ],
              "size": [
                13,
                11,
                12
              ],
              "uv": [
                54,
                108
              ],
              "mirror": true
            },
            {
              "origin": [
                -14,
                77,
                13
              ],
              "size": [
                28,
                9,
                11
              ],
              "uv": [
                72,
                26
              ]
            },
            {
              "origin": [
                -16,
                44,
                15
              ],
              "size": [
                32,
                39,
                5
              ],
              "uv": [
                0,
                53
              ]
            },
            {
              "origin": [
                15,
                38,
                14
              ],
              "size": [
                7,
                51,
                8
              ],
              "uv": [
                74,
                46
              ]
            },
            {
              "origin": [
                -18,
                31,
                19
              ],
              "size": [
                3,
                7,
                3
              ],
              "uv": [
                90,
                131
              ],
              "mirror": true
            },
            {
              "origin": [
                15,
                31,
                19
              ],
              "size": [
                3,
                7,
                3
              ],
              "uv": [
                90,
                131
              ]
            },
            {
              "origin": [
                -18,
                31,
                14
              ],
              "size": [
                3,
                7,
                3
              ],
              "uv": [
                90,
                131
              ],
              "mirror": true
            },
            {
              "origin": [
                15,
                31,
                14
              ],
              "size": [
                3,
                7,
                3
              ],
              "uv": [
                90,
                131
              ]
            },
            {
              "origin": [
                -22,
                31,
                19
              ],
              "size": [
                3,
                7,
                3
              ],
              "uv": [
                90,
                131
              ],
              "mirror": true
            },
            {
              "origin": [
                19,
                31,
                19
              ],
              "size": [
                3,
                7,
                3
              ],
              "uv": [
                90,
                131
              ]
            },
            {
              "origin": [
                -22,
                31,
                14
              ],
              "size": [
                3,
                7,
                3
              ],
              "uv": [
                90,
                131
              ],
              "mirror": true
            },
            {
              "origin": [
                19,
                31,
                14
              ],
              "size": [
                3,
                7,
                3
              ],
              "uv": [
                90,
                131
              ]
            },
            {
              "origin": [
                -22,
                38,
                14
              ],
              "size": [
                7,
                51,
                8
              ],
              "uv": [
                74,
                46
              ],
              "mirror": true
            },
            {
              "origin": [
                -4,
                65,
                1
              ],
              "size": [
                8,
                13,
                8
              ],
              "pivot": [
                0,
                65,
                6
              ],
              "rotation": [
                25,
                0,
                0
              ],
              "uv": [
                124,
                169
              ]
            },
            {
              "origin": [
                4.15226,
                61.55004,
                -7.10308
              ],
              "size": [
                8,
                12,
                10
              ],
              "pivot": [
                8.08902,
                68.18906,
                -2.91276
              ],
              "rotation": [
                1.21255,
                -1.37321,
                7.70666
              ],
              "uv": [
                104,
                72
              ],
              "mirror": true
            },
            {
              "origin": [
                -12.15226,
                61.55,
                -7.10308
              ],
              "size": [
                8,
                12,
                10
              ],
              "pivot": [
                -8.08902,
                68.18906,
                -2.91276
              ],
              "rotation": [
                1.21255,
                1.37321,
                -7.70666
              ],
              "uv": [
                104,
                72
              ]
            }
          ]
        },
        {
          "name": "head2",
          "parent": "body2",
          "pivot": [
            0,
            79,
            4
          ]
        },
        {
          "name": "Rightarmt",
          "parent": "body2",
          "pivot": [
            11,
            71,
            4
          ],
          "rotation": [
            2.44081,
            0.54094,
            -12.48848
          ],
          "cubes": [
            {
              "origin": [
                12.91098,
                48.68906,
                -3.91276
              ],
              "size": [
                8,
                26,
                10
              ],
              "pivot": [
                16.91098,
                56.18906,
                2.08724
              ],
              "rotation": [
                0,
                -162.5,
                0
              ],
              "uv": [
                0,
                112
              ]
            },
            {
              "origin": [
                10.91098,
                47.68906,
                -4.91276
              ],
              "size": [
                5,
                26,
                3
              ],
              "pivot": [
                16.91098,
                56.18906,
                2.08724
              ],
              "rotation": [
                0,
                -162.5,
                0
              ],
              "uv": [
                178,
                180
              ]
            },
            {
              "origin": [
                10.91098,
                49.68906,
                -4.91276
              ],
              "size": [
                2,
                10,
                3
              ],
              "pivot": [
                16.91098,
                61.18906,
                2.08724
              ],
              "rotation": [
                -168.54304,
                -13.31791,
                138.65802
              ],
              "uv": [
                0,
                97
              ]
            },
            {
              "origin": [
                11.91098,
                47.68906,
                -2.91276
              ],
              "size": [
                8,
                26,
                10
              ],
              "uv": [
                0,
                112
              ]
            },
            {
              "origin": [
                20.91098,
                19.68906,
                -0.91276
              ],
              "size": [
                6,
                29,
                6
              ],
              "pivot": [
                32.91098,
                47.18906,
                4.08724
              ],
              "rotation": [
                -20,
                0,
                0
              ],
              "uv": [
                100,
                148
              ]
            },
            {
              "origin": [
                19.91098,
                23.68906,
                -1.91276
              ],
              "size": [
                8,
                23,
                8
              ],
              "pivot": [
                32.91098,
                47.18906,
                4.08724
              ],
              "rotation": [
                -20,
                0,
                0
              ],
              "uv": [
                146,
                0
              ]
            },
            {
              "origin": [
                26.91098,
                42.68906,
                -0.91276
              ],
              "size": [
                2,
                15,
                2
              ],
              "pivot": [
                32.91098,
                47.18906,
                4.08724
              ],
              "rotation": [
                -20,
                0,
                0
              ],
              "uv": [
                46,
                112
              ]
            },
            {
              "origin": [
                26.91098,
                42.68906,
                3.08724
              ],
              "size": [
                2,
                13,
                2
              ],
              "pivot": [
                32.91098,
                47.18906,
                4.08724
              ],
              "rotation": [
                -20,
                0,
                0
              ],
              "uv": [
                28,
                148
              ]
            },
            {
              "origin": [
                18.91098,
                55.68906,
                -0.91276
              ],
              "size": [
                8,
                2,
                2
              ],
              "pivot": [
                32.91098,
                47.18906,
                4.08724
              ],
              "rotation": [
                -20,
                0,
                0
              ],
              "uv": [
                133,
                0
              ]
            },
            {
              "origin": [
                18.91098,
                52.74313,
                5.72261
              ],
              "size": [
                8,
                2,
                2
              ],
              "pivot": [
                25.91098,
                54.18906,
                8.08724
              ],
              "rotation": [
                -21.88023,
                -23.39896,
                9.06159
              ],
              "uv": [
                133,
                0
              ]
            },
            {
              "origin": [
                18.91098,
                33.68906,
                -2.91276
              ],
              "size": [
                10,
                3,
                10
              ],
              "pivot": [
                32.91098,
                47.18906,
                4.08724
              ],
              "rotation": [
                -20,
                0,
                0
              ],
              "uv": [
                168,
                21
              ]
            },
            {
              "origin": [
                18.91098,
                44.68906,
                -2.91276
              ],
              "size": [
                11,
                3,
                10
              ],
              "pivot": [
                32.91098,
                47.18906,
                4.08724
              ],
              "rotation": [
                -20,
                0,
                0
              ],
              "uv": [
                151,
                98
              ]
            },
            {
              "origin": [
                18.91098,
                27.68906,
                -2.91276
              ],
              "size": [
                10,
                3,
                10
              ],
              "pivot": [
                32.91098,
                47.18906,
                4.08724
              ],
              "rotation": [
                -20,
                0,
                0
              ],
              "uv": [
                168,
                21
              ]
            },
            {
              "origin": [
                19.91098,
                13.68906,
                -1.91276
              ],
              "size": [
                3,
                10,
                3
              ],
              "pivot": [
                32.91098,
                47.18906,
                4.08724
              ],
              "rotation": [
                -20,
                0,
                0
              ],
              "uv": [
                72,
                0
              ]
            },
            {
              "origin": [
                24.91098,
                13.68906,
                -1.91276
              ],
              "size": [
                3,
                10,
                3
              ],
              "pivot": [
                32.91098,
                47.18906,
                4.08724
              ],
              "rotation": [
                -20,
                0,
                0
              ],
              "uv": [
                72,
                0
              ]
            },
            {
              "origin": [
                21.91098,
                13.68906,
                3.08724
              ],
              "size": [
                3,
                10,
                3
              ],
              "pivot": [
                32.91098,
                47.18906,
                4.08724
              ],
              "rotation": [
                -20,
                0,
                0
              ],
              "uv": [
                72,
                0
              ]
            },
            {
              "origin": [
                15.08902,
                71.68906,
                3.08724
              ],
              "size": [
                8,
                11,
                10
              ],
              "pivot": [
                16.08902,
                80.18906,
                2.08724
              ],
              "rotation": [
                -8.79525,
                1.32192,
                24.99948
              ],
              "uv": [
                161,
                159
              ]
            },
            {
              "origin": [
                15.08902,
                82.68906,
                3.08724
              ],
              "size": [
                8,
                21,
                10
              ],
              "pivot": [
                16.08902,
                80.18906,
                2.08724
              ],
              "rotation": [
                -8.79525,
                1.32192,
                24.99948
              ],
              "uv": [
                64,
                131
              ]
            },
            {
              "origin": [
                13.95489,
                76.94187,
                0.15072
              ],
              "size": [
                6.2,
                19.88,
                5.74
              ],
              "pivot": [
                16,
                77.8,
                -0.14
              ],
              "rotation": [
                -16.24074,
                6.60796,
                29.05613
              ],
              "uv": [
                156,
                180
              ]
            },
            {
              "origin": [
                15.08902,
                15.32722,
                -3.96488
              ],
              "size": [
                6,
                33,
                8
              ],
              "pivot": [
                18.08902,
                41.18906,
                4.08724
              ],
              "rotation": [
                -20.17924,
                17.29075,
                -3.7087
              ],
              "uv": [
                36,
                131
              ],
              "mirror": true
            }
          ]
        },
        {
          "name": "bone2",
          "parent": "Rightarmt",
          "pivot": [
            22.08902,
            71.18906,
            2.08724
          ],
          "cubes": [
            {
              "origin": [
                30.26095,
                78.94181,
                4.74658
              ],
              "size": [
                3,
                17,
                2
              ],
              "pivot": [
                31.08902,
                80.18906,
                2.08724
              ],
              "rotation": [
                -8.79525,
                1.32192,
                24.99948
              ],
              "uv": [
                36,
                112
              ]
            },
            {
              "origin": [
                24.26095,
                90.94181,
                4.74658
              ],
              "size": [
                6,
                1,
                2
              ],
              "pivot": [
                31.08902,
                80.18906,
                2.08724
              ],
              "rotation": [
                -8.79525,
                1.32192,
                24.99948
              ],
              "uv": [
                96,
                46
              ]
            },
            {
              "origin": [
                24.26095,
                80.94181,
                4.74658
              ],
              "size": [
                6,
                1,
                2
              ],
              "pivot": [
                31.08902,
                80.18906,
                2.08724
              ],
              "rotation": [
                -8.79525,
                1.32192,
                24.99948
              ],
              "uv": [
                96,
                46
              ]
            },
            {
              "origin": [
                24.26095,
                85.94181,
                4.74658
              ],
              "size": [
                6,
                1,
                2
              ],
              "pivot": [
                31.08902,
                80.18906,
                2.08724
              ],
              "rotation": [
                -8.79525,
                1.32192,
                24.99948
              ],
              "uv": [
                96,
                46
              ]
            },
            {
              "origin": [
                24.54011,
                68.63485,
                3.60991
              ],
              "size": [
                3,
                16,
                2
              ],
              "pivot": [
                22.08902,
                75.18906,
                2.08724
              ],
              "rotation": [
                -7.99999,
                3.89734,
                42.32851
              ],
              "uv": [
                124,
                148
              ]
            },
            {
              "origin": [
                39.17629,
                87.42431,
                0.92075
              ],
              "size": [
                1,
                7,
                13
              ],
              "pivot": [
                40.08902,
                92.18906,
                2.08724
              ],
              "rotation": [
                -8.79525,
                1.32192,
                24.99948
              ],
              "uv": [
                81,
                170
              ]
            },
            {
              "origin": [
                39.17629,
                79.42431,
                0.92075
              ],
              "size": [
                1,
                7,
                13
              ],
              "pivot": [
                40.08902,
                92.18906,
                2.08724
              ],
              "rotation": [
                -8.79525,
                1.32192,
                24.99948
              ],
              "uv": [
                81,
                170
              ]
            },
            {
              "origin": [
                27.54011,
                78.63485,
                -2.39009
              ],
              "size": [
                1,
                8,
                13
              ],
              "pivot": [
                22.08902,
                75.18906,
                2.08724
              ],
              "rotation": [
                -7.99999,
                3.89734,
                42.32851
              ],
              "uv": [
                15,
                167
              ]
            },
            {
              "origin": [
                27.54011,
                69.63485,
                -2.39009
              ],
              "size": [
                1,
                8,
                13
              ],
              "pivot": [
                22.08902,
                75.18906,
                2.08724
              ],
              "rotation": [
                -7.99999,
                3.89734,
                42.32851
              ],
              "uv": [
                15,
                167
              ]
            }
          ]
        },
        {
          "name": "E",
          "parent": "Rightarmt",
          "pivot": [
            32.91098,
            47.18906,
            4.08724
          ],
          "cubes": [
            {
              "origin": [
                12.91098,
                15.68906,
                -1.91276
              ],
              "size": [
                6,
                33,
                8
              ],
              "pivot": [
                32.91098,
                47.18906,
                4.08724
              ],
              "rotation": [
                -20,
                0,
                0
              ],
              "uv": [
                36,
                131
              ]
            },
            {
              "origin": [
                11.91098,
                10.68906,
                -1.91276
              ],
              "size": [
                2,
                5,
                2
              ],
              "pivot": [
                32.91098,
                47.18906,
                4.08724
              ],
              "rotation": [
                -20,
                0,
                0
              ],
              "uv": [
                0,
                0
              ]
            },
            {
              "origin": [
                15.91098,
                14.13076,
                -12.39393
              ],
              "size": [
                2,
                5,
                2
              ],
              "pivot": [
                19.91098,
                19.18906,
                -10.91276
              ],
              "rotation": [
                -20,
                0,
                0
              ],
              "uv": [
                0,
                0
              ]
            },
            {
              "origin": [
                16.91098,
                14.13076,
                -9.39393
              ],
              "size": [
                2,
                5,
                2
              ],
              "pivot": [
                19.91098,
                19.18906,
                -10.91276
              ],
              "rotation": [
                -20,
                0,
                0
              ],
              "uv": [
                0,
                0
              ]
            },
            {
              "origin": [
                16.91098,
                14.13076,
                -6.39393
              ],
              "size": [
                2,
                5,
                2
              ],
              "pivot": [
                19.91098,
                19.18906,
                -10.91276
              ],
              "rotation": [
                -20,
                0,
                0
              ],
              "uv": [
                0,
                0
              ]
            },
            {
              "origin": [
                14.91098,
                9.79497,
                -14.62698
              ],
              "size": [
                2,
                5,
                2
              ],
              "pivot": [
                17.91098,
                13.18906,
                -13.91276
              ],
              "rotation": [
                -18.88172,
                6.71771,
                18.88172
              ],
              "uv": [
                0,
                0
              ]
            },
            {
              "origin": [
                16.91098,
                10.79497,
                -11.62698
              ],
              "size": [
                2,
                4,
                2
              ],
              "pivot": [
                17.91098,
                13.18906,
                -13.91276
              ],
              "rotation": [
                -18.88172,
                6.71771,
                18.88172
              ],
              "uv": [
                62,
                0
              ]
            },
            {
              "origin": [
                16.91098,
                10.79497,
                -8.62698
              ],
              "size": [
                2,
                4,
                2
              ],
              "pivot": [
                17.91098,
                13.18906,
                -13.91276
              ],
              "rotation": [
                -18.88172,
                6.71771,
                18.88172
              ],
              "uv": [
                62,
                0
              ]
            },
            {
              "origin": [
                15.91098,
                26.68906,
                0.08724
              ],
              "size": [
                6,
                14,
                4
              ],
              "pivot": [
                32.91098,
                47.18906,
                4.08724
              ],
              "rotation": [
                -20,
                0,
                0
              ],
              "uv": [
                105,
                186
              ]
            }
          ]
        },
        {
          "name": "H",
          "parent": "Rightarmt",
          "pivot": [
            22,
            30,
            -6
          ],
          "cubes": [
            {
              "origin": [
                21,
                29,
                -7
              ],
              "size": [
                2,
                2,
                2
              ],
              "uv": [
                62,
                6
              ]
            }
          ]
        },
        {
          "name": "Leftarmt",
          "parent": "body2",
          "pivot": [
            -11,
            71,
            4
          ],
          "rotation": [
            2.44081,
            -0.54094,
            12.48848
          ],
          "cubes": [
            {
              "origin": [
                -20.91098,
                48.68906,
                -3.91276
              ],
              "size": [
                8,
                26,
                10
              ],
              "pivot": [
                -16.91098,
                56.18906,
                2.08724
              ],
              "rotation": [
                0,
                162.5,
                0
              ],
              "uv": [
                0,
                112
              ],
              "mirror": true
            },
            {
              "origin": [
                -15.91098,
                47.68906,
                -4.91276
              ],
              "size": [
                5,
                26,
                3
              ],
              "pivot": [
                -16.91098,
                56.18906,
                2.08724
              ],
              "rotation": [
                0,
                162.5,
                0
              ],
              "uv": [
                178,
                180
              ],
              "mirror": true
            },
            {
              "origin": [
                -12.91098,
                49.68906,
                -4.91276
              ],
              "size": [
                2,
                10,
                3
              ],
              "pivot": [
                -16.91098,
                61.18906,
                2.08724
              ],
              "rotation": [
                -168.54304,
                13.31791,
                -138.65802
              ],
              "uv": [
                0,
                97
              ],
              "mirror": true
            },
            {
              "origin": [
                -19.91098,
                47.68906,
                -2.91276
              ],
              "size": [
                8,
                26,
                10
              ],
              "uv": [
                0,
                112
              ],
              "mirror": true
            },
            {
              "origin": [
                -26.91098,
                19.68906,
                -0.91276
              ],
              "size": [
                6,
                29,
                6
              ],
              "pivot": [
                -32.91098,
                47.18906,
                4.08724
              ],
              "rotation": [
                -20,
                0,
                0
              ],
              "uv": [
                100,
                148
              ],
              "mirror": true
            },
            {
              "origin": [
                -27.91098,
                23.68906,
                -1.91276
              ],
              "size": [
                8,
                23,
                8
              ],
              "pivot": [
                -32.91098,
                47.18906,
                4.08724
              ],
              "rotation": [
                -20,
                0,
                0
              ],
              "uv": [
                146,
                0
              ],
              "mirror": true
            },
            {
              "origin": [
                -28.91098,
                42.68906,
                -0.91276
              ],
              "size": [
                2,
                15,
                2
              ],
              "pivot": [
                -32.91098,
                47.18906,
                4.08724
              ],
              "rotation": [
                -20,
                0,
                0
              ],
              "uv": [
                46,
                112
              ],
              "mirror": true
            },
            {
              "origin": [
                -28.91098,
                42.68906,
                3.08724
              ],
              "size": [
                2,
                13,
                2
              ],
              "pivot": [
                -32.91098,
                47.18906,
                4.08724
              ],
              "rotation": [
                -20,
                0,
                0
              ],
              "uv": [
                28,
                148
              ],
              "mirror": true
            },
            {
              "origin": [
                -26.91098,
                55.68906,
                -0.91276
              ],
              "size": [
                8,
                2,
                2
              ],
              "pivot": [
                -32.91098,
                47.18906,
                4.08724
              ],
              "rotation": [
                -20,
                0,
                0
              ],
              "uv": [
                133,
                0
              ],
              "mirror": true
            },
            {
              "origin": [
                -26.91098,
                52.74313,
                5.72261
              ],
              "size": [
                8,
                2,
                2
              ],
              "pivot": [
                -25.91098,
                54.18906,
                8.08724
              ],
              "rotation": [
                -21.88023,
                23.39896,
                -9.06159
              ],
              "uv": [
                133,
                0
              ],
              "mirror": true
            },
            {
              "origin": [
                -28.91098,
                33.68906,
                -2.91276
              ],
              "size": [
                10,
                3,
                10
              ],
              "pivot": [
                -32.91098,
                47.18906,
                4.08724
              ],
              "rotation": [
                -20,
                0,
                0
              ],
              "uv": [
                168,
                21
              ],
              "mirror": true
            },
            {
              "origin": [
                -29.91098,
                44.68906,
                -2.91276
              ],
              "size": [
                11,
                3,
                10
              ],
              "pivot": [
                -32.91098,
                47.18906,
                4.08724
              ],
              "rotation": [
                -20,
                0,
                0
              ],
              "uv": [
                151,
                98
              ],
              "mirror": true
            },
            {
              "origin": [
                -28.91098,
                27.68906,
                -2.91276
              ],
              "size": [
                10,
                3,
                10
              ],
              "pivot": [
                -32.91098,
                47.18906,
                4.08724
              ],
              "rotation": [
                -20,
                0,
                0
              ],
              "uv": [
                168,
                21
              ],
              "mirror": true
            },
            {
              "origin": [
                -22.91098,
                13.68906,
                -1.91276
              ],
              "size": [
                3,
                10,
                3
              ],
              "pivot": [
                -32.91098,
                47.18906,
                4.08724
              ],
              "rotation": [
                -20,
                0,
                0
              ],
              "uv": [
                72,
                0
              ],
              "mirror": true
            },
            {
              "origin": [
                -27.91098,
                13.68906,
                -1.91276
              ],
              "size": [
                3,
                10,
                3
              ],
              "pivot": [
                -32.91098,
                47.18906,
                4.08724
              ],
              "rotation": [
                -20,
                0,
                0
              ],
              "uv": [
                72,
                0
              ],
              "mirror": true
            },
            {
              "origin": [
                -24.91098,
                13.68906,
                3.08724
              ],
              "size": [
                3,
                10,
                3
              ],
              "pivot": [
                -32.91098,
                47.18906,
                4.08724
              ],
              "rotation": [
                -20,
                0,
                0
              ],
              "uv": [
                72,
                0
              ],
              "mirror": true
            },
            {
              "origin": [
                -23.08902,
                71.68906,
                3.08724
              ],
              "size": [
                8,
                11,
                10
              ],
              "pivot": [
                -16.08902,
                80.18906,
                2.08724
              ],
              "rotation": [
                -8.79525,
                -1.32192,
                -24.99948
              ],
              "uv": [
                161,
                159
              ],
              "mirror": true
            },
            {
              "origin": [
                -23.08902,
                82.68906,
                3.08724
              ],
              "size": [
                8,
                21,
                10
              ],
              "pivot": [
                -16.08902,
                80.18906,
                2.08724
              ],
              "rotation": [
                -8.79525,
                -1.32192,
                -24.99948
              ],
              "uv": [
                64,
                131
              ],
              "mirror": true
            },
            {
              "origin": [
                -21.08902,
                15.32722,
                -3.96488
              ],
              "size": [
                6,
                33,
                8
              ],
              "pivot": [
                -18.08902,
                41.18906,
                4.08724
              ],
              "rotation": [
                -20.17924,
                -17.29075,
                3.7087
              ],
              "uv": [
                36,
                131
              ]
            },
            {
              "origin": [
                -20.15489,
                76.94187,
                0.15072
              ],
              "size": [
                6.2,
                19.88,
                5.74
              ],
              "pivot": [
                -16,
                77.8,
                -0.14
              ],
              "rotation": [
                -16.24074,
                -6.60796,
                -29.05613
              ],
              "uv": [
                156,
                180
              ],
              "mirror": true
            }
          ]
        },
        {
          "name": "bone5",
          "parent": "Leftarmt",
          "pivot": [
            -22.08902,
            71.18906,
            2.08724
          ],
          "cubes": [
            {
              "origin": [
                -33.26095,
                78.94181,
                4.74658
              ],
              "size": [
                3,
                17,
                2
              ],
              "pivot": [
                -31.08902,
                80.18906,
                2.08724
              ],
              "rotation": [
                -8.79525,
                -1.32192,
                -24.99948
              ],
              "uv": [
                36,
                112
              ],
              "mirror": true
            },
            {
              "origin": [
                -30.26095,
                90.94181,
                4.74658
              ],
              "size": [
                6,
                1,
                2
              ],
              "pivot": [
                -31.08902,
                80.18906,
                2.08724
              ],
              "rotation": [
                -8.79525,
                -1.32192,
                -24.99948
              ],
              "uv": [
                96,
                46
              ],
              "mirror": true
            },
            {
              "origin": [
                -30.26095,
                80.94181,
                4.74658
              ],
              "size": [
                6,
                1,
                2
              ],
              "pivot": [
                -31.08902,
                80.18906,
                2.08724
              ],
              "rotation": [
                -8.79525,
                -1.32192,
                -24.99948
              ],
              "uv": [
                96,
                46
              ],
              "mirror": true
            },
            {
              "origin": [
                -30.26095,
                85.94181,
                4.74658
              ],
              "size": [
                6,
                1,
                2
              ],
              "pivot": [
                -31.08902,
                80.18906,
                2.08724
              ],
              "rotation": [
                -8.79525,
                -1.32192,
                -24.99948
              ],
              "uv": [
                96,
                46
              ],
              "mirror": true
            },
            {
              "origin": [
                -27.54011,
                68.63485,
                3.60991
              ],
              "size": [
                3,
                16,
                2
              ],
              "pivot": [
                -22.08902,
                75.18906,
                2.08724
              ],
              "rotation": [
                -7.99999,
                -3.89734,
                -42.32851
              ],
              "uv": [
                124,
                148
              ],
              "mirror": true
            },
            {
              "origin": [
                -40.17629,
                87.42431,
                0.92075
              ],
              "size": [
                1,
                7,
                13
              ],
              "pivot": [
                -40.08902,
                92.18906,
                2.08724
              ],
              "rotation": [
                -8.79525,
                -1.32192,
                -24.99948
              ],
              "uv": [
                81,
                170
              ],
              "mirror": true
            },
            {
              "origin": [
                -40.17629,
                79.42431,
                0.92075
              ],
              "size": [
                1,
                7,
                13
              ],
              "pivot": [
                -40.08902,
                92.18906,
                2.08724
              ],
              "rotation": [
                -8.79525,
                -1.32192,
                -24.99948
              ],
              "uv": [
                81,
                170
              ],
              "mirror": true
            },
            {
              "origin": [
                -28.54011,
                78.63485,
                -2.39009
              ],
              "size": [
                1,
                8,
                13
              ],
              "pivot": [
                -22.08902,
                75.18906,
                2.08724
              ],
              "rotation": [
                -7.99999,
                -3.89734,
                -42.32851
              ],
              "uv": [
                15,
                167
              ],
              "mirror": true
            },
            {
              "origin": [
                -28.54011,
                69.63485,
                -2.39009
              ],
              "size": [
                1,
                8,
                13
              ],
              "pivot": [
                -22.08902,
                75.18906,
                2.08724
              ],
              "rotation": [
                -7.99999,
                -3.89734,
                -42.32851
              ],
              "uv": [
                15,
                167
              ],
              "mirror": true
            }
          ]
        },
        {
          "name": "G",
          "parent": "Leftarmt",
          "pivot": [
            -32.91098,
            47.18906,
            4.08724
          ],
          "cubes": [
            {
              "origin": [
                -18.91098,
                15.68906,
                -1.91276
              ],
              "size": [
                6,
                33,
                8
              ],
              "pivot": [
                -32.91098,
                47.18906,
                4.08724
              ],
              "rotation": [
                -20,
                0,
                0
              ],
              "uv": [
                36,
                131
              ],
              "mirror": true
            },
            {
              "origin": [
                -13.91098,
                10.68906,
                -1.91276
              ],
              "size": [
                2,
                5,
                2
              ],
              "pivot": [
                -32.91098,
                47.18906,
                4.08724
              ],
              "rotation": [
                -20,
                0,
                0
              ],
              "uv": [
                0,
                0
              ],
              "mirror": true
            },
            {
              "origin": [
                -17.91098,
                14.13076,
                -12.39393
              ],
              "size": [
                2,
                5,
                2
              ],
              "pivot": [
                -19.91098,
                19.18906,
                -10.91276
              ],
              "rotation": [
                -20,
                0,
                0
              ],
              "uv": [
                0,
                0
              ],
              "mirror": true
            },
            {
              "origin": [
                -18.91098,
                14.13076,
                -9.39393
              ],
              "size": [
                2,
                5,
                2
              ],
              "pivot": [
                -19.91098,
                19.18906,
                -10.91276
              ],
              "rotation": [
                -20,
                0,
                0
              ],
              "uv": [
                0,
                0
              ],
              "mirror": true
            },
            {
              "origin": [
                -18.91098,
                14.13076,
                -6.39393
              ],
              "size": [
                2,
                5,
                2
              ],
              "pivot": [
                -19.91098,
                19.18906,
                -10.91276
              ],
              "rotation": [
                -20,
                0,
                0
              ],
              "uv": [
                0,
                0
              ],
              "mirror": true
            },
            {
              "origin": [
                -16.91098,
                9.79497,
                -14.62698
              ],
              "size": [
                2,
                5,
                2
              ],
              "pivot": [
                -17.91098,
                13.18906,
                -13.91276
              ],
              "rotation": [
                -18.88172,
                -6.71771,
                -18.88172
              ],
              "uv": [
                0,
                0
              ],
              "mirror": true
            },
            {
              "origin": [
                -18.91098,
                10.79497,
                -11.62698
              ],
              "size": [
                2,
                4,
                2
              ],
              "pivot": [
                -17.91098,
                13.18906,
                -13.91276
              ],
              "rotation": [
                -18.88172,
                -6.71771,
                -18.88172
              ],
              "uv": [
                62,
                0
              ],
              "mirror": true
            },
            {
              "origin": [
                -18.91098,
                10.79497,
                -8.62698
              ],
              "size": [
                2,
                4,
                2
              ],
              "pivot": [
                -17.91098,
                13.18906,
                -13.91276
              ],
              "rotation": [
                -18.88172,
                -6.71771,
                -18.88172
              ],
              "uv": [
                62,
                0
              ],
              "mirror": true
            },
            {
              "origin": [
                -21.91098,
                26.68906,
                0.08724
              ],
              "size": [
                6,
                14,
                4
              ],
              "pivot": [
                -32.91098,
                47.18906,
                4.08724
              ],
              "rotation": [
                -20,
                0,
                0
              ],
              "uv": [
                105,
                186
              ],
              "mirror": true
            }
          ]
        },
        {
          "name": "H2",
          "parent": "Leftarmt",
          "pivot": [
            -22,
            30,
            -6
          ],
          "cubes": [
            {
              "origin": [
                -23,
                29,
                -7
              ],
              "size": [
                2,
                2,
                2
              ],
              "uv": [
                62,
                6
              ],
              "mirror": true
            }
          ]
        },
        {
          "name": "head",
          "parent": "body2",
          "pivot": [
            0,
            76,
            1
          ],
          "rotation": [
            -7.8342,
            2.57594,
            -2.28217
          ],
          "cubes": [
            {
              "origin": [
                -4.3,
                74.28,
                -3.59
              ],
              "size": [
                8.6,
                17.2,
                9.46
              ],
              "uv": [
                146,
                111
              ]
            },
            {
              "origin": [
                3.7,
                74.28,
                -2.59
              ],
              "size": [
                1.6,
                17.2,
                9.46
              ],
              "uv": [
                34,
                179
              ]
            },
            {
              "origin": [
                -5.3,
                74.28,
                -2.59
              ],
              "size": [
                1.6,
                17.2,
                9.46
              ],
              "uv": [
                34,
                179
              ],
              "mirror": true
            },
            {
              "origin": [
                -4.3,
                74.28,
                -3.59
              ],
              "size": [
                8.6,
                17.2,
                9.46
              ],
              "pivot": [
                0,
                91,
                -3
              ],
              "rotation": [
                22.5,
                0,
                0
              ],
              "uv": [
                146,
                111
              ]
            },
            {
              "origin": [
                -5.3,
                77.28,
                3.41
              ],
              "size": [
                10.6,
                17.2,
                9.46
              ],
              "uv": [
                140,
                72
              ]
            },
            {
              "origin": [
                -8.3,
                96.28,
                4.41
              ],
              "size": [
                10.6,
                1.2,
                2.46
              ],
              "pivot": [
                -3,
                97,
                0
              ],
              "rotation": [
                0,
                0,
                -60
              ],
              "uv": [
                139,
                31
              ]
            },
            {
              "origin": [
                -2.3,
                96.28,
                4.41
              ],
              "size": [
                10.6,
                1.2,
                2.46
              ],
              "pivot": [
                3,
                97,
                0
              ],
              "rotation": [
                0,
                0,
                60
              ],
              "uv": [
                139,
                31
              ],
              "mirror": true
            },
            {
              "origin": [
                -8.3,
                96.28,
                9.41
              ],
              "size": [
                10.6,
                1.2,
                2.46
              ],
              "pivot": [
                -3,
                97,
                0
              ],
              "rotation": [
                0,
                0,
                -60
              ],
              "uv": [
                139,
                31
              ]
            },
            {
              "origin": [
                -2.3,
                96.28,
                9.41
              ],
              "size": [
                10.6,
                1.2,
                2.46
              ],
              "pivot": [
                3,
                97,
                0
              ],
              "rotation": [
                0,
                0,
                60
              ],
              "uv": [
                139,
                31
              ],
              "mirror": true
            },
            {
              "origin": [
                -4.3,
                74.28,
                -4.59
              ],
              "size": [
                8.6,
                7.2,
                9.46
              ],
              "uv": [
                171,
                128
              ]
            },
            {
              "origin": [
                -8.6,
                74.28,
                0.99
              ],
              "size": [
                17.2,
                6.88,
                7.74
              ],
              "uv": [
                143,
                39
              ]
            },
            {
              "origin": [
                -10.6,
                78.28,
                3.99
              ],
              "size": [
                6.2,
                20.88,
                5.74
              ],
              "pivot": [
                -7,
                81.8,
                1.86
              ],
              "rotation": [
                0,
                0,
                -7.5
              ],
              "uv": [
                178,
                68
              ]
            },
            {
              "origin": [
                4.4,
                78.28,
                3.99
              ],
              "size": [
                6.2,
                20.88,
                5.74
              ],
              "pivot": [
                7,
                81.8,
                1.86
              ],
              "rotation": [
                0,
                0,
                7.5
              ],
              "uv": [
                178,
                68
              ],
              "mirror": true
            },
            {
              "origin": [
                4.3,
                74.28,
                -4.59
              ],
              "size": [
                5.16,
                7.74,
                7.74
              ],
              "uv": [
                171,
                144
              ],
              "mirror": true
            },
            {
              "origin": [
                -9.46,
                74.28,
                -4.59
              ],
              "size": [
                5.16,
                7.74,
                7.74
              ],
              "uv": [
                171,
                144
              ]
            },
            {
              "origin": [
                -0.04511,
                69.94187,
                -3.84928
              ],
              "size": [
                6.2,
                19.88,
                5.74
              ],
              "pivot": [
                16,
                77.8,
                -0.14
              ],
              "rotation": [
                -16.24074,
                6.60796,
                29.05613
              ],
              "uv": [
                156,
                180
              ]
            },
            {
              "origin": [
                -6.15489,
                69.94187,
                -3.84928
              ],
              "size": [
                6.2,
                19.88,
                5.74
              ],
              "pivot": [
                -16,
                77.8,
                -0.14
              ],
              "rotation": [
                -16.24074,
                -6.60796,
                -29.05613
              ],
              "uv": [
                156,
                180
              ],
              "mirror": true
            }
          ]
        },
        {
          "name": "J",
          "parent": "head",
          "pivot": [
            9.08902,
            75.18906,
            4.08724
          ],
          "rotation": [
            0,
            0,
            -12.5
          ],
          "cubes": [
            {
              "origin": [
                14.26095,
                82.94181,
                6.74658
              ],
              "size": [
                3,
                17,
                2
              ],
              "pivot": [
                15.08902,
                84.18906,
                4.08724
              ],
              "rotation": [
                -8.79525,
                1.32192,
                24.99948
              ],
              "uv": [
                36,
                112
              ]
            },
            {
              "origin": [
                8.26095,
                94.94181,
                6.74658
              ],
              "size": [
                6,
                1,
                2
              ],
              "pivot": [
                15.08902,
                84.18906,
                4.08724
              ],
              "rotation": [
                -8.79525,
                1.32192,
                24.99948
              ],
              "uv": [
                96,
                46
              ]
            },
            {
              "origin": [
                8.26095,
                84.94181,
                6.74658
              ],
              "size": [
                6,
                1,
                2
              ],
              "pivot": [
                15.08902,
                84.18906,
                4.08724
              ],
              "rotation": [
                -8.79525,
                1.32192,
                24.99948
              ],
              "uv": [
                96,
                46
              ]
            },
            {
              "origin": [
                8.26095,
                89.94181,
                6.74658
              ],
              "size": [
                6,
                1,
                2
              ],
              "pivot": [
                15.08902,
                84.18906,
                4.08724
              ],
              "rotation": [
                -8.79525,
                1.32192,
                24.99948
              ],
              "uv": [
                96,
                46
              ]
            },
            {
              "origin": [
                8.54011,
                72.63485,
                5.60991
              ],
              "size": [
                3,
                16,
                2
              ],
              "pivot": [
                6.08902,
                79.18906,
                4.08724
              ],
              "rotation": [
                -7.99999,
                3.89734,
                42.32851
              ],
              "uv": [
                124,
                148
              ]
            },
            {
              "origin": [
                23.17629,
                91.42431,
                2.92075
              ],
              "size": [
                1,
                7,
                13
              ],
              "pivot": [
                24.08902,
                96.18906,
                4.08724
              ],
              "rotation": [
                -8.79525,
                1.32192,
                24.99948
              ],
              "uv": [
                81,
                170
              ]
            },
            {
              "origin": [
                23.17629,
                83.42431,
                2.92075
              ],
              "size": [
                1,
                7,
                13
              ],
              "pivot": [
                24.08902,
                96.18906,
                4.08724
              ],
              "rotation": [
                -8.79525,
                1.32192,
                24.99948
              ],
              "uv": [
                81,
                170
              ]
            },
            {
              "origin": [
                11.54011,
                82.63485,
                -0.39009
              ],
              "size": [
                1,
                8,
                13
              ],
              "pivot": [
                6.08902,
                79.18906,
                4.08724
              ],
              "rotation": [
                -7.99999,
                3.89734,
                42.32851
              ],
              "uv": [
                15,
                167
              ]
            },
            {
              "origin": [
                11.54011,
                73.63485,
                -0.39009
              ],
              "size": [
                1,
                8,
                13
              ],
              "pivot": [
                6.08902,
                79.18906,
                4.08724
              ],
              "rotation": [
                -7.99999,
                3.89734,
                42.32851
              ],
              "uv": [
                15,
                167
              ]
            }
          ]
        },
        {
          "name": "J2",
          "parent": "head",
          "pivot": [
            -9.08902,
            75.18906,
            4.08724
          ],
          "rotation": [
            0,
            0,
            12.5
          ],
          "cubes": [
            {
              "origin": [
                -17.26095,
                82.94181,
                6.74658
              ],
              "size": [
                3,
                17,
                2
              ],
              "pivot": [
                -15.08902,
                84.18906,
                4.08724
              ],
              "rotation": [
                -8.79525,
                -1.32192,
                -24.99948
              ],
              "uv": [
                36,
                112
              ],
              "mirror": true
            },
            {
              "origin": [
                -14.26095,
                94.94181,
                6.74658
              ],
              "size": [
                6,
                1,
                2
              ],
              "pivot": [
                -15.08902,
                84.18906,
                4.08724
              ],
              "rotation": [
                -8.79525,
                -1.32192,
                -24.99948
              ],
              "uv": [
                96,
                46
              ],
              "mirror": true
            },
            {
              "origin": [
                -14.26095,
                84.94181,
                6.74658
              ],
              "size": [
                6,
                1,
                2
              ],
              "pivot": [
                -15.08902,
                84.18906,
                4.08724
              ],
              "rotation": [
                -8.79525,
                -1.32192,
                -24.99948
              ],
              "uv": [
                96,
                46
              ],
              "mirror": true
            },
            {
              "origin": [
                -14.26095,
                89.94181,
                6.74658
              ],
              "size": [
                6,
                1,
                2
              ],
              "pivot": [
                -15.08902,
                84.18906,
                4.08724
              ],
              "rotation": [
                -8.79525,
                -1.32192,
                -24.99948
              ],
              "uv": [
                96,
                46
              ],
              "mirror": true
            },
            {
              "origin": [
                -11.54011,
                72.63485,
                5.60991
              ],
              "size": [
                3,
                16,
                2
              ],
              "pivot": [
                -6.08902,
                79.18906,
                4.08724
              ],
              "rotation": [
                -7.99999,
                -3.89734,
                -42.32851
              ],
              "uv": [
                124,
                148
              ],
              "mirror": true
            },
            {
              "origin": [
                -24.17629,
                91.42431,
                2.92075
              ],
              "size": [
                1,
                7,
                13
              ],
              "pivot": [
                -24.08902,
                96.18906,
                4.08724
              ],
              "rotation": [
                -8.79525,
                -1.32192,
                -24.99948
              ],
              "uv": [
                81,
                170
              ],
              "mirror": true
            },
            {
              "origin": [
                -24.17629,
                83.42431,
                2.92075
              ],
              "size": [
                1,
                7,
                13
              ],
              "pivot": [
                -24.08902,
                96.18906,
                4.08724
              ],
              "rotation": [
                -8.79525,
                -1.32192,
                -24.99948
              ],
              "uv": [
                81,
                170
              ],
              "mirror": true
            },
            {
              "origin": [
                -12.54011,
                82.63485,
                -0.39009
              ],
              "size": [
                1,
                8,
                13
              ],
              "pivot": [
                -6.08902,
                79.18906,
                4.08724
              ],
              "rotation": [
                -7.99999,
                -3.89734,
                -42.32851
              ],
              "uv": [
                15,
                167
              ],
              "mirror": true
            },
            {
              "origin": [
                -12.54011,
                73.63485,
                -0.39009
              ],
              "size": [
                1,
                8,
                13
              ],
              "pivot": [
                -6.08902,
                79.18906,
                4.08724
              ],
              "rotation": [
                -7.99999,
                -3.89734,
                -42.32851
              ],
              "uv": [
                15,
                167
              ],
              "mirror": true
            }
          ]
        },
        {
          "name": "Rightleg",
          "parent": "Rott",
          "pivot": [
            3,
            40,
            4
          ],
          "rotation": [
            -19.9299,
            -1.70818,
            -4.69986
          ],
          "cubes": [
            {
              "origin": [
                1.85,
                23.05877,
                -0.26808
              ],
              "size": [
                8.4,
                21.7,
                9.1
              ],
              "pivot": [
                13.2,
                41.25877,
                2.63192
              ],
              "rotation": [
                17.48436,
                0.75155,
                -2.38443
              ],
              "uv": [
                137,
                139
              ]
            },
            {
              "origin": [
                4,
                -1.89123,
                5.88192
              ],
              "size": [
                6.1,
                24,
                8.1
              ],
              "inflate": 0.5,
              "pivot": [
                13.2,
                22.95877,
                2.63192
              ],
              "rotation": [
                20,
                0,
                0
              ],
              "uv": [
                0,
                148
              ]
            },
            {
              "origin": [
                4,
                6.53176,
                8.48304
              ],
              "size": [
                6.1,
                18,
                3
              ],
              "inflate": 0.5,
              "pivot": [
                8.2,
                12.95877,
                5.63192
              ],
              "rotation": [
                29.97638,
                1.2497,
                -2.16541
              ],
              "uv": [
                178,
                0
              ]
            },
            {
              "origin": [
                4,
                25.53176,
                8.48304
              ],
              "size": [
                1.1,
                7,
                1
              ],
              "inflate": 0.5,
              "pivot": [
                8.2,
                12.95877,
                5.63192
              ],
              "rotation": [
                29.97638,
                1.2497,
                -2.16541
              ],
              "uv": [
                72,
                26
              ]
            },
            {
              "origin": [
                9,
                25.53176,
                8.48304
              ],
              "size": [
                1.1,
                7,
                1
              ],
              "inflate": 0.5,
              "pivot": [
                8.2,
                12.95877,
                5.63192
              ],
              "rotation": [
                29.97638,
                1.2497,
                -2.16541
              ],
              "uv": [
                72,
                26
              ]
            },
            {
              "origin": [
                4,
                31.53176,
                9.48304
              ],
              "size": [
                1.1,
                1,
                5
              ],
              "inflate": 0.5,
              "pivot": [
                8.2,
                12.95877,
                5.63192
              ],
              "rotation": [
                29.97638,
                1.2497,
                -2.16541
              ],
              "uv": [
                69,
                48
              ]
            },
            {
              "origin": [
                9,
                31.53176,
                9.48304
              ],
              "size": [
                1.1,
                1,
                5
              ],
              "inflate": 0.5,
              "pivot": [
                8.2,
                12.95877,
                5.63192
              ],
              "rotation": [
                29.97638,
                1.2497,
                -2.16541
              ],
              "uv": [
                69,
                48
              ]
            }
          ]
        },
        {
          "name": "Leftleg",
          "parent": "Rott",
          "pivot": [
            -3,
            40,
            4
          ],
          "rotation": [
            -19.9299,
            1.70818,
            4.69986
          ],
          "cubes": [
            {
              "origin": [
                -10.25,
                23.05877,
                -0.26808
              ],
              "size": [
                8.4,
                21.7,
                9.1
              ],
              "pivot": [
                -13.2,
                41.25877,
                2.63192
              ],
              "rotation": [
                17.48436,
                -0.75155,
                2.38443
              ],
              "uv": [
                137,
                139
              ],
              "mirror": true
            },
            {
              "origin": [
                -10.1,
                -1.89123,
                5.88192
              ],
              "size": [
                6.1,
                24,
                8.1
              ],
              "inflate": 0.5,
              "pivot": [
                -13.2,
                22.95877,
                2.63192
              ],
              "rotation": [
                20,
                0,
                0
              ],
              "uv": [
                0,
                148
              ],
              "mirror": true
            },
            {
              "origin": [
                -10.1,
                6.53176,
                8.48304
              ],
              "size": [
                6.1,
                18,
                3
              ],
              "inflate": 0.5,
              "pivot": [
                -8.2,
                12.95877,
                5.63192
              ],
              "rotation": [
                29.97638,
                -1.2497,
                2.16541
              ],
              "uv": [
                178,
                0
              ],
              "mirror": true
            },
            {
              "origin": [
                -5.1,
                25.53176,
                8.48304
              ],
              "size": [
                1.1,
                7,
                1
              ],
              "inflate": 0.5,
              "pivot": [
                -8.2,
                12.95877,
                5.63192
              ],
              "rotation": [
                29.97638,
                -1.2497,
                2.16541
              ],
              "uv": [
                72,
                26
              ],
              "mirror": true
            },
            {
              "origin": [
                -10.1,
                25.53176,
                8.48304
              ],
              "size": [
                1.1,
                7,
                1
              ],
              "inflate": 0.5,
              "pivot": [
                -8.2,
                12.95877,
                5.63192
              ],
              "rotation": [
                29.97638,
                -1.2497,
                2.16541
              ],
              "uv": [
                72,
                26
              ],
              "mirror": true
            },
            {
              "origin": [
                -5.1,
                31.53176,
                9.48304
              ],
              "size": [
                1.1,
                1,
                5
              ],
              "inflate": 0.5,
              "pivot": [
                -8.2,
                12.95877,
                5.63192
              ],
              "rotation": [
                29.97638,
                -1.2497,
                2.16541
              ],
              "uv": [
                69,
                48
              ],
              "mirror": true
            },
            {
              "origin": [
                -10.1,
                31.53176,
                9.48304
              ],
              "size": [
                1.1,
                1,
                5
              ],
              "inflate": 0.5,
              "pivot": [
                -8.2,
                12.95877,
                5.63192
              ],
              "rotation": [
                29.97638,
                -1.2497,
                2.16541
              ],
              "uv": [
                69,
                48
              ],
              "mirror": true
            }
          ]
        },
        {
          "name": "Ex",
          "parent": "Allroot",
          "pivot": [
            0,
            -133,
            -8
          ]
        },
        {
          "name": "bone7",
          "parent": "Ex",
          "pivot": [
            0,
            -133,
            -8
          ],
          "cubes": [
            {
              "origin": [
                -1,
                -133,
                -17
              ],
              "size": [
                2,
                13,
                13
              ],
              "uv": [
                51,
                162
              ]
            },
            {
              "origin": [
                -1,
                -133,
                -17
              ],
              "size": [
                2,
                13,
                13
              ],
              "pivot": [
                0,
                -133,
                -10
              ],
              "rotation": [
                0,
                100,
                0
              ],
              "uv": [
                51,
                162
              ]
            }
          ]
        },
        {
          "name": "bone8",
          "parent": "Ex",
          "pivot": [
            0,
            -133,
            -8
          ],
          "cubes": [
            {
              "origin": [
                -1,
                -133,
                -17
              ],
              "size": [
                2,
                13,
                13
              ],
              "uv": [
                51,
                162
              ]
            },
            {
              "origin": [
                -1,
                -133,
                -17
              ],
              "size": [
                2,
                13,
                13
              ],
              "pivot": [
                0,
                -133,
                -10
              ],
              "rotation": [
                0,
                100,
                0
              ],
              "uv": [
                51,
                162
              ]
            }
          ]
        }
      ]
    }
  ]
}