{
  "format_version": "1.10.0",
  "minecraft:client_entity": {
    "description": {
      "identifier": "ag1:dead_sst",
      "materials": {
        "default": "spider"
      },
      "textures": {
        "default": "textures/entity/Sst ag1"
      },
      "geometry": {
        "default": "geometry.Sst_ag1"
      },
      "animations": {
        "dead": "animation.Sst_ag1.dea",
        "general": "controller.animation.dead.general"
      },
      "scripts": {
        "animate": [
          "general"
        ]
      },
      "render_controllers": [
        "controller.render.spider"
      ]
    }
  }
}