{
  "format_version": "1.10.0",
  "render_controllers": {
    "controller.render.gojo": {
      "geometry": "Geometry.gojo",
      "textures": [
        "Texture.gojo"
      ],
      "materials": [
        {
          "*": "Material.default"
        }
      ]
    },
    "controller.render.gojooutline": {
      "geometry": "Geometry.gojooutline",
      "textures": [
        "Texture.black"
      ],
      "materials": [
        {
          "*": "Material.haki"
        }
      ]
    },
    "controller.render.gojooutline2": {
      "geometry": "Geometry.gojooutline2",
      "textures": [
        "Texture.black"
      ],
      "materials": [
        {
          "*": "Material.haki"
        }
      ]
    },
    "controller.render.gojocalvo": {
      "geometry": "Geometry.gojocalvo",
      "textures": [
        "Texture.gojo"
      ],
      "materials": [
        {
          "*": "Material.default"
        }
        ]
    }
  }
}