{
  "format_version": "1.10.0",
  "render_controllers": {
    "controller.render.gojoawk": {
      "geometry": "Geometry.gojoawk",
      "textures": [
        "Texture.gojoawk"
      ],
      "materials": [
        {
          "*": "Material.default"
        }
      ]
    },
    "controller.render.gojoawkoutline": {
      "geometry": "Geometry.gojoawkoutline",
      "textures": [
        "Texture.black"
      ],
      "materials": [
        {
          "*": "Material.haki"
        }
      ]
    },
    "controller.render.gojoawkoutline2": {
      "geometry": "Geometry.gojoawkoutline2",
      "textures": [
        "Texture.black"
      ],
      "materials": [
        {
          "*": "Material.haki"
        }
      ]
    },
    "controller.render.gojoawkcalvo": {
      "geometry": "Geometry.gojoawkcalvo",
      "textures": [
        "Texture.gojoawk"
      ],
      "materials": [
        {
          "*": "Material.default"
        }
        ]
    }
  }
}