{
	"format_version": "1.8.0",
	"animations": {
		"animation.silverfish_titan.dead": {
			"animation_length": 50,
			"bones": {
				"bodyPart_2": {
					"rotation": {
						"0.0": ["-", 0, 0],
						"0.4833": [-20, 0, 0],
						"1.5167": [-165, 0, 0],
						"2.4333": [-175, 0, 0]
					},
					"position": {
						"0.4833": [0, 0, 0],
						"1.5167": [0, 11, 0],
						"2.4333": [0, -1, 0]
					}
				},
				"bodyPart_1": {
					"rotation": {
						"0.0": [0, 0, 0],
						"0.4833": [-15, 0, 0],
						"1.5167": [45, 0, 0],
						"2.4333": [-30, 0, 0],
						"4.0": [-28.91, 0, 0],
						"5.0": [-20, 0, 0],
						"5.5": [20, 0, 0],
						"5.8": [35, 0, 0],
						"6.0": [-20, 0, 0]
					},
					"position": [0, 0, 0]
				},
				"bodyPart_0": {
					"rotation": {
						"0.0": [0, 0, 0],
						"0.4833": [-15, 0, 0],
						"1.5167": [50, 0, 0],
						"2.4333": [-15, 0, 0],
						"4.0": [-16.86, 0, 0],
						"5.5": [50, 0, 0],
						"5.8": [60, 0, 0],
						"6.0": [-15, 0, 0]
					}
				},
				"bodyPart_3": {
					"rotation": {
						"0.0": [0, 0, 0],
						"0.4833": [20, 0, 0],
						"1.5167": [-25, 0, 0],
						"2.4333": [-5, 0, 0],
						"3.0": [10, 0, 0],
						"4.0": [12.5, 0, 0],
						"5.0": [-25, 0, 0],
						"5.5": [-30, 0, 0],
						"5.8": [-45, 0, 0],
						"6.0": [10, 0, 0]
					}
				},
				"bodyPart_4": {
					"rotation": {
						"0.0": [0, 0, 0],
						"1.5167": [-40, 0, 0],
						"2.4333": [-15, 0, 0],
						"3.0": [10, 0, 0],
						"4.0": [15, 0, 0],
						"5.0": [-20, 0, 0],
						"5.5": [15, 0, 0],
						"5.8": [-25, 0, 0],
						"6.0": [15, 0, 0]
					}
				},
				"bodyLayer_1": {
					"rotation": {
						"0.0": [0, 0, 0],
						"1.5167": [0, 0, 0],
						"2.4333": [0, 0, 0],
						"3.0": [0, 0, 0]
					}
				},
				"bodyPart_5": {
					"rotation": {
						"0.0": [0, 0, 0],
						"1.5167": [-40, 0, 0],
						"2.4333": [-20, 0, 0],
						"3.0": [-5, 0, 0],
						"4.0": [10, 0, 0],
						"5.0": [-25, 0, 0],
						"5.5": [10, 0, 0],
						"5.8": [-25, 0, 0],
						"6.0": [-10, 0, 0]
					}
				},
				"bodyPart_6": {
					"rotation": {
						"0.0": [0, 0, 0],
						"1.5167": [-10, 0, 0],
						"3.0": [5, 0, 0],
						"4.0": [2.5, 0, 0],
						"5.0": [-10, 0, 0],
						"5.5": [5, 0, 0],
						"5.8": [-10, 0, 0],
						"50.0": [0, 0, 0],
						"6.0": [0, 0, 0]
					}
				},
				"bodyLayer_0": {
					"position": [0, 0, 0]
				}
			}
		}
	}
}