{
	"format_version": "1.8.0",
	"animations": {
		"animation.silverfish_titan.summon": {
			"animation_length": 2,
			"bones": {
				"bodyPart_2": {
					"rotation": {
						"0.0": {
							"post": [0, 0, 0],
							"lerp_mode": "catmullrom"
						},
						"0.8": {
							"post": [0, -20, 0],
							"lerp_mode": "catmullrom"
						},
						"1.2": {
							"post": [0, 205, 0],
							"lerp_mode": "catmullrom"
						},
						"2.0": [0, 360, 0]
					}
				},
				"bodyPart_0": {
					"rotation": {
						"0.0": {
							"post": [0, 0, 0],
							"lerp_mode": "catmullrom"
						},
						"0.8": {
							"post": [15, 45, 0],
							"lerp_mode": "catmullrom"
						},
						"1.2": {
							"post": [0, -15, 35],
							"lerp_mode": "catmullrom"
						},
						"2.0": [0, 0, 0]
					}
				},
				"bodyPart_1": {
					"rotation": {
						"0.0": {
							"post": [0, 0, 0],
							"lerp_mode": "catmullrom"
						},
						"0.8": {
							"post": [-17.5, -35, 0],
							"lerp_mode": "catmullrom"
						},
						"1.2": {
							"post": [0, -15, -17.5],
							"lerp_mode": "catmullrom"
						},
						"2.0": [0, -5, 0]
					}
				},
				"bodyPart_3": {
					"rotation": {
						"0.0": {
							"post": [0, 0, 0],
							"lerp_mode": "catmullrom"
						},
						"0.8": {
							"post": [-15, -40, 0],
							"lerp_mode": "catmullrom"
						},
						"1.2": {
							"post": [20, 30, 0],
							"lerp_mode": "catmullrom"
						},
						"2.0": [0, -5, 0]
					}
				},
				"bodyLayer_1": {
					"rotation": {
						"0.0": {
							"post": [0, 0, 0],
							"lerp_mode": "catmullrom"
						},
						"0.8": {
							"post": [-27.5, -32.5, 0],
							"lerp_mode": "catmullrom"
						},
						"1.2": {
							"post": [17.5, 27.5, 0],
							"lerp_mode": "catmullrom"
						},
						"2.0": [0, 0, 0]
					},
					"position": {
						"0.0": {
							"post": [0, 0, 0],
							"lerp_mode": "catmullrom"
						}
					}
				},
				"bodyPart_5": {
					"rotation": {
						"0.0": {
							"post": [0, 0, 0],
							"lerp_mode": "catmullrom"
						},
						"0.8": {
							"post": [-32.5, -30, 0],
							"lerp_mode": "catmullrom"
						},
						"1.2": {
							"post": [7.5, 30, 0],
							"lerp_mode": "catmullrom"
						},
						"2.0": [0, 0, 0]
					}
				},
				"bodyPart_4": {
					"rotation": {
						"0.0": {
							"post": [0, 0, 0],
							"lerp_mode": "catmullrom"
						},
						"0.8": {
							"post": [2.5, -50, 0],
							"lerp_mode": "catmullrom"
						},
						"1.2": {
							"post": [12.5, 14.17, 0],
							"lerp_mode": "catmullrom"
						},
						"2.0": [0, 0, 0]
					}
				}
			}
		}
	}
}