{
	"format_version": "1.8.0",
	"animations": {
		"animation.silverfish_titan.summon3": {
			"animation_length": 99,
			"bones": {
				"bodyPart_2": {
					"rotation": {
						"0.0": {
							"post": [0, 0, 0],
							"lerp_mode": "catmullrom"
						},
						"0.6": {
							"post": [0, 0, 0],
							"lerp_mode": "catmullrom"
						},
						"0.88": {
							"post": [2.33, 0, 0],
							"lerp_mode": "catmullrom"
						},
						"1.2": {
							"post": [-70, 0, 0],
							"lerp_mode": "catmullrom"
						},
						"1.8": {
							"post": [75, 0, 0],
							"lerp_mode": "catmullrom"
						},
						"2.2": {
							"post": [85, 0, 0],
							"lerp_mode": "catmullrom"
						},
						"5.0": [0, 0, 0]
					},
					"position": {
						"0.0": {
							"post": [0, 0, 0],
							"lerp_mode": "catmullrom"
						},
						"0.6": {
							"post": [0, -0.5, 0.5],
							"lerp_mode": "catmullrom"
						},
						"0.88": {
							"post": [0, 0.4, 0.6],
							"lerp_mode": "catmullrom"
						},
						"1.2": {
							"post": [0, 25, 5],
							"lerp_mode": "catmullrom"
						},
						"1.8": {
							"post": [0, 22, 1],
							"lerp_mode": "catmullrom"
						},
						"2.2": {
							"post": [0, -4, 1],
							"lerp_mode": "catmullrom"
						},
						"2.52": {
							"post": [0, -5, 1],
							"lerp_mode": "catmullrom"
						},
						"2.84": {
							"post": [0, -6, 1],
							"lerp_mode": "catmullrom"
						},
						"3.12": {
							"post": [0, -7, 1],
							"lerp_mode": "catmullrom"
						},
						"3.4": {
							"post": [0, -8, 1],
							"lerp_mode": "catmullrom"
						},
						"3.72": {
							"post": [0, -9, 1],
							"lerp_mode": "catmullrom"
						},
						"4.0": {
							"post": [0, -10, 1],
							"lerp_mode": "catmullrom"
						},
						"4.32": {
							"post": [0, -11, 1],
							"lerp_mode": "catmullrom"
						},
						"4.52": {
							"post": [0, -12, 1],
							"lerp_mode": "catmullrom"
						},
						"5.0": [0, -12, 1],
						"99.0": [0, -12, 1]
					}
				},
				"bodyPart_1": {
					"rotation": {
						"0.0": {
							"post": [0, 0, 0],
							"lerp_mode": "catmullrom"
						},
						"0.6": {
							"post": [21.59, 0, 0],
							"lerp_mode": "catmullrom"
						},
						"1.2": {
							"post": [-21.82, 0, 0],
							"lerp_mode": "catmullrom"
						},
						"1.8": {
							"post": [20, 0, 0],
							"lerp_mode": "catmullrom"
						},
						"5.0": [0, 0, 0]
					}
				},
				"bodyPart_0": {
					"rotation": {
						"0.0": {
							"post": [0, 0, 0],
							"lerp_mode": "catmullrom"
						},
						"0.6": {
							"post": [-25.91, 0, 0],
							"lerp_mode": "catmullrom"
						},
						"1.2": {
							"post": [-41.82, 0, 0],
							"lerp_mode": "catmullrom"
						},
						"1.8": {
							"post": [20, 0, 0],
							"lerp_mode": "catmullrom"
						},
						"5.0": [0, 0, 0],
						"20.0": [0, 0, 0]
					}
				},
				"bodyPart_3": {
					"rotation": {
						"0.0": {
							"post": [0, 0, 0],
							"lerp_mode": "catmullrom"
						},
						"0.6": {
							"post": [27.5, 0, 0],
							"lerp_mode": "catmullrom"
						},
						"1.2": {
							"post": [-20, 0, 0],
							"lerp_mode": "catmullrom"
						},
						"1.8": {
							"post": [40.91, -0.91, 0],
							"lerp_mode": "catmullrom"
						},
						"2.52": {
							"post": [12.5, -20, 0],
							"lerp_mode": "catmullrom"
						},
						"2.84": {
							"post": [10, 15, 0],
							"lerp_mode": "catmullrom"
						},
						"3.12": {
							"post": [15, -20, 0],
							"lerp_mode": "catmullrom"
						},
						"3.4": {
							"post": [20, 15, 0],
							"lerp_mode": "catmullrom"
						},
						"3.72": {
							"post": [22.5, -15, 0],
							"lerp_mode": "catmullrom"
						},
						"4.0": {
							"post": [-10, 15, 0],
							"lerp_mode": "catmullrom"
						},
						"4.32": {
							"post": [-10, -15, 0],
							"lerp_mode": "catmullrom"
						},
						"4.52": {
							"post": [-10, 15, 0],
							"lerp_mode": "catmullrom"
						},
						"5.0": [0, 0, 0]
					}
				},
				"bodyLayer_1": {
					"rotation": {
						"0.0": {
							"post": [0, 0, 0],
							"lerp_mode": "catmullrom"
						},
						"0.6": {
							"post": [25, 0, 0],
							"lerp_mode": "catmullrom"
						},
						"1.2": {
							"post": [-25, 0, 0],
							"lerp_mode": "catmullrom"
						},
						"1.8": {
							"post": [53.87, -0.91, 0],
							"lerp_mode": "catmullrom"
						},
						"2.52": {
							"post": [-10, -22.5, 0],
							"lerp_mode": "catmullrom"
						},
						"2.84": {
							"post": [-10, 15, 0],
							"lerp_mode": "catmullrom"
						},
						"3.12": {
							"post": [-10, -20, 0],
							"lerp_mode": "catmullrom"
						},
						"3.4": {
							"post": [15, 10, 0],
							"lerp_mode": "catmullrom"
						},
						"3.72": {
							"post": [7.5, -15, 0],
							"lerp_mode": "catmullrom"
						},
						"4.0": {
							"post": [-10, 15, 0],
							"lerp_mode": "catmullrom"
						},
						"4.32": {
							"post": [-10, -15, 0],
							"lerp_mode": "catmullrom"
						},
						"4.52": {
							"post": [-10, 15, 0],
							"lerp_mode": "catmullrom"
						},
						"5.0": [0, 0, 0]
					}
				},
				"bodyPart_5": {
					"rotation": {
						"0.0": {
							"post": [0, 0, 0],
							"lerp_mode": "catmullrom"
						},
						"0.6": {
							"post": [22.5, 0, 0],
							"lerp_mode": "catmullrom"
						},
						"1.2": {
							"post": [-27.5, 0, 0],
							"lerp_mode": "catmullrom"
						},
						"1.8": {
							"post": [31.59, -0.91, 0],
							"lerp_mode": "catmullrom"
						},
						"2.52": {
							"post": [-10, -22.5, 0],
							"lerp_mode": "catmullrom"
						},
						"2.84": {
							"post": [-10, 20, 0],
							"lerp_mode": "catmullrom"
						},
						"3.12": {
							"post": [-10, -10, 0],
							"lerp_mode": "catmullrom"
						},
						"3.4": {
							"post": [22.5, -10, 0],
							"lerp_mode": "catmullrom"
						},
						"3.72": {
							"post": [17.5, -10, 0],
							"lerp_mode": "catmullrom"
						},
						"4.0": {
							"post": [-10, 20, 0],
							"lerp_mode": "catmullrom"
						},
						"4.32": {
							"post": [-10, -10, 0],
							"lerp_mode": "catmullrom"
						},
						"4.52": {
							"post": [-10, 20, 0],
							"lerp_mode": "catmullrom"
						},
						"5.0": [0, 5, 0],
						"21.0": [0, 0, 0]
					}
				},
				"bodyPart_4": {
					"rotation": {
						"0.0": {
							"post": [0, 0, 0],
							"lerp_mode": "catmullrom"
						},
						"0.6": {
							"post": [42.5, 0, 0],
							"lerp_mode": "catmullrom"
						},
						"1.2": {
							"post": [-37.5, 0, 0],
							"lerp_mode": "catmullrom"
						},
						"1.8": {
							"post": [22.5, 0, 0],
							"lerp_mode": "catmullrom"
						},
						"2.52": {
							"post": [0, -22.5, 0],
							"lerp_mode": "catmullrom"
						},
						"2.84": {
							"post": [0, 17.5, 0],
							"lerp_mode": "catmullrom"
						},
						"3.12": {
							"post": [0, -15, 0],
							"lerp_mode": "catmullrom"
						},
						"3.4": {
							"post": [37.5, -15, 0],
							"lerp_mode": "catmullrom"
						},
						"5.0": [0, 0, 0]
					}
				}
			}
		}
	}
}