{
	"format_version": "1.8.0",
	"animations": {
		"animation.poppy.walk": {
			"loop": true,
			"animation_length": 1.25,
			"bones": {
				"Body": {
					"position": {
						"0.0": {
							"post": [0, 0, 0],
							"lerp_mode": "catmullrom"
						},
						"0.25": {
							"post": [0, -0.5, 0],
							"lerp_mode": "catmullrom"
						},
						"0.5": {
							"post": [0, 0, 0],
							"lerp_mode": "catmullrom"
						},
						"0.75": {
							"post": [0, -0.5, 0],
							"lerp_mode": "catmullrom"
						},
						"1.0": {
							"post": [0, 0, 0],
							"lerp_mode": "catmullrom"
						},
						"1.25": {
							"post": [0, 0, 0],
							"lerp_mode": "catmullrom"
						}
					}
				},
				"rightarm": {
					"rotation": {
						"0.0": [0, 0, 0],
						"0.25": [-33.2713, -32.68214, 19.50986],
						"0.5": [14.94548, -1.29256, 4.83045],
						"1.0": [7.4884, 63.67018, 30.41333],
						"1.25": [0, 0, 0]
					},
					"position": {
						"0.0": [0, 0, 0],
						"0.25": [0, 1, -2],
						"0.5": [0, 0, -1],
						"1.0": [0, 0, 1],
						"1.25": [0, 0, 0]
					}
				}
			}
		}
	}
}