{
  "format_version": "1.10.0",
  "minecraft:client_entity": {
    "description": {
      "identifier": "mcpe:fire_breathing_toilet",
      "textures": {
        "default": "textures/entity/pamobile/mcpe_fire_breathing_toilet"
      },
      "materials": {
        "default": "skeleton"
      },
      "geometry": {
        "default": "geometry.mcpe_fire_breathing_toilet"
      },
      "render_controllers": [
        "controller.render.translucence"
      ],
      "spawn_egg": {
        "texture": "mcpe:fire_breathing_toilet",
        "texture_index": 0
      },
      "animations": {
        "walk": "animation.robot.walk",
        "idle": "animation.robot.idle",
        "mad": "animation.robot.mad"
      },
      "scripts": {
        "animate": [
          "root",
          {
            "walk": "query.is_moving"
          },
          {
            "mad": "query.is_moving && query.is_angry"
          },
          {
            "idle": "!query.is_moving"
          }
        ]
      }
    }
  }
}