{
  "format_version": "1.13.0",
  "minecraft:entity": {
    "description": {
      "identifier": "ic:handle",
      "is_spawnable": true,
      "is_summonable": true,
      "is_experimental": false, 
      "scripts": {
				"animate": [
		  "setup",
		"spawn"
		]
			},
			"animations": {
				"setup": "animation.setup",
				"spawn": "animation.spawn"
			} 
    },
"component_groups": {
"reset": {
                "minecraft:transformation": {
                    "into": "ic:handle"
                }
			},
		"grapple": {
			"minecraft:spawn_entity": {
        "entities": [
          {
            "min_wait_time": 0.2,
            "max_wait_time": 0.2,
            "spawn_entity": "ic:grapple",
            "single_use": true,
            "num_to_spawn": 1,
            "should_leash": true
          }
        ]
      }
			  }
					},
    "components": {
      "minecraft:type_family": {
        "family": [ "inanimate", "playtime" ]
      },
      "minecraft:knockback_resistance": {
        "value": 1.0,
        "max": 1.0
      },
      "minecraft:collision_box": {
        "width": 0.7,
        "height": 1.0
      },
      "minecraft:health": {
        "value": 100,
        "max": 100
      },
      "minecraft:loot": {
        "table": "loot_tables/entities/boat.json"
      },
      "minecraft:is_stackable": {
      },
      "minecraft:physics": {
      "has_gravity" : true
      },
      "minecraft:pushable": {
        "is_pushable": false,
        "is_pushable_by_piston": false
      }, 
      "minecraft:on_hurt_by_player": {
        "event": "fall",
        "target": "self"
      },
      "minecraft:on_hurt": {
        "event": "fall",
        "target": "self"
      }
    }, 
        "events": { 
        "minecraft:entity_transformed": {
				"add": {
					"component_groups": ["grapple"]
				}
			},
        "fall": {
        "add": {
          "component_groups": ["reset"] 
        }
      }
    } 
  }
}