{
  "format_version": "1.13.0",
  "minecraft:entity": {
    "description": {
      "identifier": "ic:owen",
      "is_spawnable": true,
      "is_summonable": true,
      "is_experimental": false
    },
    "components": {
      "minecraft:type_family": {
        "family": [ "inanimate","playtime"]
      },
      "minecraft:knockback_resistance": {
        "value": 1.0,
        "max": 1.0
      },
      "minecraft:collision_box": {
        "width": 0.7,
        "height": 0.7
      },
      "minecraft:health": {
        "value": 100,
        "max": 100
      },
      "minecraft:scale": {
        "value": 0.8
      },
      "minecraft:loot": {
        "table": "loot_tables/entities/boat.json"
      },
      "minecraft:is_stackable": {
      },
      "minecraft:physics": {
      "has_gravity" : true,
      "has_collision" : true
      },
      "minecraft:pushable": {
        "is_pushable": true,
        "is_pushable_by_piston": false
      }
    }
  }
}