{
	"format_version": "1.8.0",
	"animations": {
		"animation.grabpack.hold": {
			"loop": true,
			"animation_length": 0.5,
			"bones": {
				"pack": {
					"rotation": [90, -2.5, 180],
					"position": [-19, 4, 3],
					"scale": 1.27
				},
				"grab": {
					"rotation": [-180, 0, -180],
					"position": [0, 4, -3],
					"scale": [0.8, 0.8, 1]
				},
				"hand": {
					"position": [-1, 0.7, 0],
					"scale": [1, 1.1, 0.9]
				},
				"hand3": {
					"scale": [0.8, 0.8, 0.9]
				},
				"Manocargada": {
					"scale": [0.8, 0.8, 1]
				},
				"Braso1": {
					"position": [-1, 0, 0]
				},
				"Braso11": {
					"position": [1, 0, 0]
				},
				"Braso10": {
					"scale": [1.1, 0.7, 0.7]
				},
				"Braso20": {
					"scale": [1.1, 0.7, 0.7]
				},
				"handoff": {
					"position": [1, 0.7, 0],
					"scale": [1, 1.1, 0.9]
				},
				"hand4": {
					"scale": [0.8, 0.8, 0.9]
				}
			}
		},
		"animation.grabpack.hold_view": {
			"loop": true,
			"animation_length": 11.96667,
			"bones": {
				"pack": {
					"rotation": [-90, 0, 0],
					"position": [0, 0, 0]
				},
				"grab": {
					"rotation": [0, 0, 0],
					"position": [0, 1, 0],
					"scale": [0.9, 0.9, 1]
				},
				"hand3": {
					"scale": [0.8, 0.9, 0.9]
				},
				"leftArm": {
					"rotation": [-71.83416, -9.88744, -7.68615]
				},
				"rightArm": {
					"rotation": [-51.83416, 9.88744, 7.68615]
				},
				"hand4": {
					"scale": [0.8, 0.9, 0.9]
				}
			}
		}
	}
}