{
	"format_version": "1.8.0",
	"animations": {
		"animation.grab_pack.charged": {
			"loop": true,
			"animation_length": 1,
			"bones": {
				"electric": {
					"rotation": {
						"0.0": {
							"post": [0, 0, 0],
							"lerp_mode": "catmullrom"
						},
						"1.0": {
							"post": [0, 0, 360],
							"lerp_mode": "catmullrom"
						}
					}
				},
				"Manocargada": {
					"position": {
						"0.0": [0, 0, 0],
						"0.5": [0, -1, 0],
						"1.0": [0, 0, 0]
					},
					"scale": {
						"0.0": [1, 1, 1],
						"0.5": [1.1, 1.3, 1.4],
						"1.0": [1, 1, 1]
					}
				}
			}
		}
	}
}