{
	"format_version": "1.12.0",
	"minecraft:geometry": [
		{
			"description": {
				"identifier": "geometry.ftl_mommy_player_mad",
				"texture_width": 128,
				"texture_height": 128,
				"visible_bounds_width": 7,
				"visible_bounds_height": 11.5,
				"visible_bounds_offset": [0, 5.25, 0]
			},
			"bones": [
				{
					"name": "mwaist",
					"pivot": [0, 0, 0]
				},
				{
					"name": "mbody",
					"parent": "mwaist",
					"pivot": [0, 60, 0],
					"cubes": [
						{"origin": [-7, 60, -7], "size": [14, 15, 14], "uv": [0, 68]}
					]
				},
				{
					"name": "middlembody",
					"parent": "mbody",
					"pivot": [0, 73.1, 0],
					"cubes": [
						{"origin": [-2, 72.6, -2], "size": [4, 6, 4], "inflate": -0.54, "uv": [48, 10]}
					]
				},
				{
					"name": "middlembodypiece3",
					"parent": "middlembody",
					"pivot": [0, 77.1, 0],
					"cubes": [
						{"origin": [-2, 76.6, -2], "size": [4, 5, 4], "inflate": -0.53, "uv": [48, 10]}
					]
				},
				{
					"name": "middlembodypiece2",
					"parent": "middlembodypiece3",
					"pivot": [0, 80.1, 0],
					"cubes": [
						{"origin": [-2, 79.6, -2], "size": [4, 5, 4], "inflate": -0.52, "uv": [48, 10]}
					]
				},
				{
					"name": "middlembodypiece1",
					"parent": "middlembodypiece2",
					"pivot": [0, 83.1, 0],
					"cubes": [
						{"origin": [-2, 82.6, -2], "size": [4, 5, 4], "inflate": -0.51, "uv": [48, 10]}
					]
				},
				{
					"name": "middlembodypiece",
					"parent": "middlembodypiece1",
					"pivot": [0, 86.1, 0],
					"cubes": [
						{"origin": [-2, 85.6, -2], "size": [4, 5, 4], "inflate": -0.5, "uv": [48, 10]}
					]
				},
				{
					"name": "topmbody",
					"parent": "middlembodypiece",
					"pivot": [0, 89, 0],
					"cubes": [
						{"origin": [-5, 94, -4], "size": [10, 8, 8], "uv": [0, 52]},
						{"origin": [-3.5, 89, -3.5], "size": [7, 5, 7], "uv": [28, 48]}
					]
				},
				{
					"name": "neck",
					"parent": "topmbody",
					"pivot": [0, 101, 0],
					"cubes": [
						{"origin": [-2, 100.6, -2], "size": [4, 6, 4], "inflate": -0.12, "uv": [48, 0]},
						{"origin": [-2, 101.4, -2], "size": [4, 2, 4], "uv": [36, 60]}
					]
				},
				{
					"name": "neckpeice4",
					"parent": "neck",
					"pivot": [0, 106, 0],
					"cubes": [
						{"origin": [-2, 105.4, -2], "size": [4, 5, 4], "inflate": -0.11, "uv": [48, 0]}
					]
				},
				{
					"name": "neckpeice3",
					"parent": "neckpeice4",
					"pivot": [0, 110, 0],
					"cubes": [
						{"origin": [-2, 109.2, -2], "size": [4, 5, 4], "inflate": -0.1, "uv": [48, 0]}
					]
				},
				{
					"name": "neckpeice2",
					"parent": "neckpeice3",
					"pivot": [0, 113, 0],
					"cubes": [
						{"origin": [-2, 113, -2], "size": [4, 5, 4], "inflate": -0.09, "uv": [48, 0]}
					]
				},
				{
					"name": "neckpeice1",
					"parent": "neckpeice2",
					"pivot": [0, 117, 0],
					"cubes": [
						{"origin": [-2, 116.9, -2], "size": [4, 5, 4], "inflate": -0.08, "uv": [48, 0]}
					]
				},
				{
					"name": "mhead",
					"parent": "neckpeice1",
					"pivot": [0, 120, 0],
					"cubes": [
						{"origin": [-6.5, 120, -5.5], "size": [13, 11, 11], "uv": [0, 0]},
						{"origin": [1, 127.4, -6.2], "size": [5, 3, 1], "inflate": -0.6, "pivot": [3.5, 128.5, -5.7], "rotation": [5, 0, 0], "uv": [37, 0]},
						{"origin": [-6, 127.4, -6.2], "size": [5, 3, 1], "inflate": -0.6, "pivot": [-3.5, 128.5, -5.7], "rotation": [5, 0, 0], "uv": [37, 0], "mirror": true},
						{"origin": [-5.5, 129, -6.5], "size": [5, 3, 4], "pivot": [1.5, 131.75, -4.5], "rotation": [0, 5, -5], "uv": [0, 28]},
						{"origin": [-0.91412, 129.37905, -6.31808], "size": [9, 7, 4], "pivot": [3.58588, 132.87905, -4.31808], "rotation": [0, 0, -7.5], "uv": [18, 23]},
						{"origin": [-8.5, 131, -1.5], "size": [5, 2, 3], "pivot": [-4, 132, 0], "rotation": [0, 0, -22.5], "uv": [0, 23]},
						{"origin": [-23.8963, 121.80845, -1.29971], "size": [16, 17, 0], "pivot": [-12.8963, 130.30845, -1.29971], "rotation": [1.52251, -1.98315, -67.52635], "uv": [0, 35]},
						{"origin": [-20.58065, 127.94724, 0], "size": [16, 17, 0], "pivot": [-12.58065, 133.44724, 0], "rotation": [0, 0, -5], "uv": [0, 35]},
						{"origin": [-22.55042, 134.03586, 1.2], "size": [16, 17, 0], "pivot": [-13.55042, 129.53586, 1], "rotation": [4.98107, 0.43523, 35.01893], "uv": [0, 35]}
					]
				},
				{
					"name": "eyepepright",
					"parent": "mhead",
					"pivot": [-3.5, 126, -5.6],
					"cubes": [
						{"origin": [-5, 124.5, -5.6], "size": [3, 3, 0], "uv": [0, 0]}
					]
				},
				{
					"name": "eyepepleft",
					"parent": "mhead",
					"pivot": [3.5, 126, -5.6],
					"cubes": [
						{"origin": [2, 124.5, -5.6], "size": [3, 3, 0], "uv": [0, 0], "mirror": true}
					]
				},
				{
					"name": "rightmarm",
					"parent": "topmbody",
					"pivot": [-4, 98, 0],
					"rotation": [0, 0, 10],
					"cubes": [
						{"origin": [-7, 94, -2], "size": [4, 6, 4], "uv": [50, 20]}
					]
				},
				{
					"name": "rightmarmpiece1",
					"parent": "rightmarm",
					"pivot": [-5, 95, 0],
					"cubes": [
						{"origin": [-7, 89, -2], "size": [4, 6, 4], "inflate": -0.01, "uv": [50, 20]}
					]
				},
				{
					"name": "rightmarmpiece2",
					"parent": "rightmarmpiece1",
					"pivot": [-5, 90, 0],
					"cubes": [
						{"origin": [-7, 84, -2], "size": [4, 6, 4], "inflate": -0.02, "uv": [50, 20]}
					]
				},
				{
					"name": "rightmarmpiece3",
					"parent": "rightmarmpiece2",
					"pivot": [-5, 85, 0],
					"cubes": [
						{"origin": [-7, 79, -2], "size": [4, 6, 4], "inflate": -0.03, "uv": [50, 20]}
					]
				},
				{
					"name": "rightmarmpiece4",
					"parent": "rightmarmpiece3",
					"pivot": [-5, 80, 0],
					"cubes": [
						{"origin": [-7, 74, -2], "size": [4, 6, 4], "inflate": -0.04, "uv": [50, 20]}
					]
				},
				{
					"name": "rightmarmpiece5",
					"parent": "rightmarmpiece4",
					"pivot": [-5, 75, 0],
					"cubes": [
						{"origin": [-7, 69, -2], "size": [4, 6, 4], "inflate": -0.05, "uv": [50, 20]}
					]
				},
				{
					"name": "rightmarmpiece6",
					"parent": "rightmarmpiece5",
					"pivot": [-5, 70, 0],
					"cubes": [
						{"origin": [-7, 64, -2], "size": [4, 6, 4], "inflate": -0.06, "uv": [50, 20]}
					]
				},
				{
					"name": "rightmarmpiece7",
					"parent": "rightmarmpiece6",
					"pivot": [-5, 65, 0],
					"cubes": [
						{"origin": [-7, 59, -2], "size": [4, 6, 4], "inflate": -0.07, "uv": [50, 20]}
					]
				},
				{
					"name": "rightmarmpiece8",
					"parent": "rightmarmpiece7",
					"pivot": [-5, 60, 0],
					"cubes": [
						{"origin": [-7, 54, -2], "size": [4, 6, 4], "inflate": -0.08, "uv": [50, 20]}
					]
				},
				{
					"name": "rightmarmpiece9",
					"parent": "rightmarmpiece8",
					"pivot": [-5, 55, 0],
					"cubes": [
						{"origin": [-7, 49, -2], "size": [4, 6, 4], "inflate": -0.09, "uv": [50, 20]}
					]
				},
				{
					"name": "rightmarmpiece10",
					"parent": "rightmarmpiece9",
					"pivot": [-5, 50, 0],
					"cubes": [
						{"origin": [-7, 44, -2], "size": [4, 6, 4], "inflate": -0.1, "uv": [50, 20]}
					]
				},
				{
					"name": "rightmhand",
					"parent": "rightmarmpiece10",
					"pivot": [-5, 45, 0],
					"cubes": [
						{"origin": [-8, 44, -3], "size": [6, 2, 6], "uv": [47, 30]},
						{"origin": [-6.5, 37, -3], "size": [3, 7, 6], "uv": [49, 38]}
					]
				},
				{
					"name": "rightfinger1",
					"parent": "rightmhand",
					"pivot": [-5.5, 37.1, -2],
					"rotation": [-2.5, 0, 0],
					"cubes": [
						{"origin": [-6.5, 33.1, -3], "size": [2, 4, 2], "inflate": -0.01, "uv": [39, 41]}
					]
				},
				{
					"name": "rightfingerpiece1",
					"parent": "rightfinger1",
					"pivot": [-5.5, 33.1, -2],
					"rotation": [0, 0, -30],
					"cubes": [
						{"origin": [-6.5, 29.8, -3], "size": [2, 4, 2], "inflate": -0.05, "uv": [39, 41]},
						{"origin": [-6.5, 25.9, -3], "size": [2, 4, 2], "inflate": -0.05, "uv": [39, 41]}
					]
				},
				{
					"name": "rightfinger2",
					"parent": "rightmhand",
					"pivot": [-5.5, 37.1, 2],
					"rotation": [2.5, 0, 0],
					"cubes": [
						{"origin": [-6.5, 33.1, 1], "size": [2, 4, 2], "inflate": -0.01, "uv": [39, 41]}
					]
				},
				{
					"name": "rightfingerpiece2",
					"parent": "rightfinger2",
					"pivot": [-5.5, 33.1, 2],
					"rotation": [0, 0, -22.5],
					"cubes": [
						{"origin": [-6.5, 29.8, 1], "size": [2, 4, 2], "inflate": -0.05, "uv": [39, 41]},
						{"origin": [-6.5, 25.9, 1], "size": [2, 4, 2], "inflate": -0.05, "uv": [39, 41]}
					]
				},
				{
					"name": "rightfinger3",
					"parent": "rightmhand",
					"pivot": [-5.5, 37.1, 0],
					"cubes": [
						{"origin": [-6.5, 33.1, -1], "size": [2, 4, 2], "inflate": -0.01, "uv": [39, 41]}
					]
				},
				{
					"name": "rightfingerpiece3",
					"parent": "rightfinger3",
					"pivot": [-5.5, 33.1, 0],
					"rotation": [0, 0, -22.5],
					"cubes": [
						{"origin": [-6.5, 29.8, -1], "size": [2, 4, 2], "inflate": -0.05, "uv": [39, 41]},
						{"origin": [-6.5, 25.9, -1], "size": [2, 4, 2], "inflate": -0.05, "uv": [39, 41]}
					]
				},
				{
					"name": "rightfinger4",
					"parent": "rightmhand",
					"pivot": [-4.5, 41.1, -2.7],
					"rotation": [-14.33501, -4.46375, -16.93839],
					"cubes": [
						{"origin": [-5.5, 37.1, -3.7], "size": [2, 4, 2], "inflate": -0.01, "uv": [39, 41]}
					]
				},
				{
					"name": "rightfingerpiece4",
					"parent": "rightfinger4",
					"pivot": [-4.5, 37.1, -2.7],
					"rotation": [10, 0, 0],
					"cubes": [
						{"origin": [-5.5, 33.8, -3.7], "size": [2, 4, 2], "inflate": -0.05, "uv": [39, 41]},
						{"origin": [-5.5, 29.9, -3.7], "size": [2, 4, 2], "inflate": -0.05, "uv": [39, 41]}
					]
				},
				{
					"name": "leftmarm",
					"parent": "topmbody",
					"pivot": [4, 98, 0],
					"rotation": [0, 0, -10],
					"cubes": [
						{"origin": [3, 94, -2], "size": [4, 6, 4], "uv": [50, 20], "mirror": true}
					]
				},
				{
					"name": "leftmarmpiece1",
					"parent": "leftmarm",
					"pivot": [5, 95, 0],
					"cubes": [
						{"origin": [3, 89, -2], "size": [4, 6, 4], "inflate": -0.01, "uv": [50, 20], "mirror": true}
					]
				},
				{
					"name": "leftmarmpiece2",
					"parent": "leftmarmpiece1",
					"pivot": [5, 90, 0],
					"cubes": [
						{"origin": [3, 84, -2], "size": [4, 6, 4], "inflate": -0.02, "uv": [50, 20], "mirror": true}
					]
				},
				{
					"name": "leftmarmpiece3",
					"parent": "leftmarmpiece2",
					"pivot": [5, 85, 0],
					"cubes": [
						{"origin": [3, 79, -2], "size": [4, 6, 4], "inflate": -0.03, "uv": [50, 20], "mirror": true}
					]
				},
				{
					"name": "leftmarmpiece4",
					"parent": "leftmarmpiece3",
					"pivot": [5, 80, 0],
					"cubes": [
						{"origin": [3, 74, -2], "size": [4, 6, 4], "inflate": -0.04, "uv": [50, 20], "mirror": true}
					]
				},
				{
					"name": "leftmarmpiece5",
					"parent": "leftmarmpiece4",
					"pivot": [5, 75, 0],
					"cubes": [
						{"origin": [3, 69, -2], "size": [4, 6, 4], "inflate": -0.05, "uv": [50, 20], "mirror": true}
					]
				},
				{
					"name": "leftmarmpiece6",
					"parent": "leftmarmpiece5",
					"pivot": [5, 70, 0],
					"cubes": [
						{"origin": [3, 64, -2], "size": [4, 6, 4], "inflate": -0.06, "uv": [50, 20], "mirror": true}
					]
				},
				{
					"name": "leftmarmpiece7",
					"parent": "leftmarmpiece6",
					"pivot": [5, 65, 0],
					"cubes": [
						{"origin": [3, 59, -2], "size": [4, 6, 4], "inflate": -0.07, "uv": [50, 20], "mirror": true}
					]
				},
				{
					"name": "leftmarmpiece8",
					"parent": "leftmarmpiece7",
					"pivot": [5, 60, 0],
					"cubes": [
						{"origin": [3, 54, -2], "size": [4, 6, 4], "inflate": -0.08, "uv": [50, 20], "mirror": true}
					]
				},
				{
					"name": "leftmarmpiece9",
					"parent": "leftmarmpiece8",
					"pivot": [5, 55, 0],
					"cubes": [
						{"origin": [3, 49, -2], "size": [4, 6, 4], "inflate": -0.09, "uv": [50, 20], "mirror": true}
					]
				},
				{
					"name": "leftmarmpiece10",
					"parent": "leftmarmpiece9",
					"pivot": [5, 50, 0],
					"cubes": [
						{"origin": [3, 44, -2], "size": [4, 6, 4], "inflate": -0.1, "uv": [50, 20], "mirror": true}
					]
				},
				{
					"name": "leftmhand",
					"parent": "leftmarmpiece10",
					"pivot": [5, 45, 0],
					"cubes": [
						{"origin": [2, 44, -3], "size": [6, 2, 6], "uv": [47, 30], "mirror": true},
						{"origin": [3.5, 37, -3], "size": [3, 7, 6], "uv": [49, 38], "mirror": true}
					]
				},
				{
					"name": "leftfinger1",
					"parent": "leftmhand",
					"pivot": [5.5, 37.1, -2],
					"rotation": [-2.5, 0, 0],
					"cubes": [
						{"origin": [4.5, 33.1, -3], "size": [2, 4, 2], "inflate": -0.01, "uv": [39, 41], "mirror": true}
					]
				},
				{
					"name": "leftfingerpiece1",
					"parent": "leftfinger1",
					"pivot": [5.5, 33.1, -2],
					"rotation": [0, 0, 30],
					"cubes": [
						{"origin": [4.5, 29.8, -3], "size": [2, 4, 2], "inflate": -0.05, "uv": [39, 41], "mirror": true},
						{"origin": [4.5, 25.9, -3], "size": [2, 4, 2], "inflate": -0.05, "uv": [39, 41], "mirror": true}
					]
				},
				{
					"name": "leftfinger2",
					"parent": "leftmhand",
					"pivot": [5.5, 37.1, 2],
					"rotation": [2.5, 0, 0],
					"cubes": [
						{"origin": [4.5, 33.1, 1], "size": [2, 4, 2], "inflate": -0.01, "uv": [39, 41], "mirror": true}
					]
				},
				{
					"name": "leftfingerpiece2",
					"parent": "leftfinger2",
					"pivot": [5.5, 33.1, 2],
					"rotation": [0, 0, 22.5],
					"cubes": [
						{"origin": [4.5, 29.8, 1], "size": [2, 4, 2], "inflate": -0.05, "uv": [39, 41], "mirror": true},
						{"origin": [4.5, 25.9, 1], "size": [2, 4, 2], "inflate": -0.05, "uv": [39, 41], "mirror": true}
					]
				},
				{
					"name": "leftfinger3",
					"parent": "leftmhand",
					"pivot": [5.5, 37.1, 0],
					"cubes": [
						{"origin": [4.5, 33.1, -1], "size": [2, 4, 2], "inflate": -0.01, "uv": [39, 41], "mirror": true}
					]
				},
				{
					"name": "leftfingerpiece3",
					"parent": "leftfinger3",
					"pivot": [5.5, 33.1, 0],
					"rotation": [0, 0, 22.5],
					"cubes": [
						{"origin": [4.5, 29.8, -1], "size": [2, 4, 2], "inflate": -0.05, "uv": [39, 41], "mirror": true},
						{"origin": [4.5, 25.9, -1], "size": [2, 4, 2], "inflate": -0.05, "uv": [39, 41], "mirror": true}
					]
				},
				{
					"name": "leftfinger4",
					"parent": "leftmhand",
					"pivot": [4.5, 41.1, -2.7],
					"rotation": [-14.33501, 4.46375, 16.93839],
					"cubes": [
						{"origin": [3.5, 37.1, -3.7], "size": [2, 4, 2], "inflate": -0.01, "uv": [39, 41], "mirror": true}
					]
				},
				{
					"name": "leftfingerpiece4",
					"parent": "leftfinger4",
					"pivot": [4.5, 37.1, -2.7],
					"rotation": [10, 0, 0],
					"cubes": [
						{"origin": [3.5, 33.8, -3.7], "size": [2, 4, 2], "inflate": -0.05, "uv": [39, 41], "mirror": true},
						{"origin": [3.5, 29.9, -3.7], "size": [2, 4, 2], "inflate": -0.05, "uv": [39, 41], "mirror": true}
					]
				},
				{
					"name": "rightmleg",
					"parent": "mbody",
					"pivot": [-4, 61, 0],
					"cubes": [
						{"origin": [-6, 55, -2], "size": [4, 6, 4], "uv": [50, 20]}
					]
				},
				{
					"name": "rightmlegpiece1",
					"parent": "rightmleg",
					"pivot": [-4, 56, 0],
					"cubes": [
						{"origin": [-6, 50, -2], "size": [4, 6, 4], "inflate": -0.01, "uv": [50, 20]}
					]
				},
				{
					"name": "rightmlegpiece2",
					"parent": "rightmlegpiece1",
					"pivot": [-4, 51, 0],
					"cubes": [
						{"origin": [-6, 45, -2], "size": [4, 6, 4], "inflate": -0.02, "uv": [50, 20]}
					]
				},
				{
					"name": "rightmlegpiece3",
					"parent": "rightmlegpiece2",
					"pivot": [-4, 46, 0],
					"cubes": [
						{"origin": [-6, 40, -2], "size": [4, 6, 4], "inflate": -0.03, "uv": [50, 20]}
					]
				},
				{
					"name": "rightmlegpiece4",
					"parent": "rightmlegpiece3",
					"pivot": [-4, 41, 0],
					"cubes": [
						{"origin": [-6, 35, -2], "size": [4, 6, 4], "inflate": -0.04, "uv": [50, 20]}
					]
				},
				{
					"name": "rightmlegpiece5",
					"parent": "rightmlegpiece4",
					"pivot": [-4, 36, 0],
					"cubes": [
						{"origin": [-6, 30, -2], "size": [4, 6, 4], "inflate": -0.05, "uv": [50, 20]}
					]
				},
				{
					"name": "rightmlegpiece6",
					"parent": "rightmlegpiece5",
					"pivot": [-4, 31, 0],
					"cubes": [
						{"origin": [-6, 25, -2], "size": [4, 6, 4], "inflate": -0.06, "uv": [50, 20]}
					]
				},
				{
					"name": "rightmlegpiece7",
					"parent": "rightmlegpiece6",
					"pivot": [-4, 26, 0],
					"cubes": [
						{"origin": [-6, 20, -2], "size": [4, 6, 4], "inflate": -0.07, "uv": [50, 20]}
					]
				},
				{
					"name": "rightmlegpiece8",
					"parent": "rightmlegpiece7",
					"pivot": [-4, 21, 0],
					"cubes": [
						{"origin": [-6, 15, -2], "size": [4, 6, 4], "inflate": -0.08, "uv": [50, 20]}
					]
				},
				{
					"name": "rightmlegpiece9",
					"parent": "rightmlegpiece8",
					"pivot": [-4, 16, 0],
					"cubes": [
						{"origin": [-6, 10, -2], "size": [4, 6, 4], "inflate": -0.09, "uv": [50, 20]}
					]
				},
				{
					"name": "rightmlegpiece10",
					"parent": "rightmlegpiece9",
					"pivot": [-4, 11, 0],
					"cubes": [
						{"origin": [-6, 5, -2], "size": [4, 6, 4], "inflate": -0.1, "uv": [50, 20]}
					]
				},
				{
					"name": "rightfoot",
					"parent": "rightmlegpiece10",
					"pivot": [-4, 6, 0],
					"cubes": [
						{"origin": [-7, 5, -3], "size": [6, 2, 6], "uv": [47, 30]},
						{"origin": [-7.5, 0, -11.5], "size": [7, 5, 15], "uv": [42, 62]}
					]
				},
				{
					"name": "leftmleg",
					"parent": "mbody",
					"pivot": [4, 61, 0],
					"cubes": [
						{"origin": [2, 55, -2], "size": [4, 6, 4], "uv": [50, 20], "mirror": true}
					]
				},
				{
					"name": "leftmlegpiece1",
					"parent": "leftmleg",
					"pivot": [4, 56, 0],
					"cubes": [
						{"origin": [2, 50, -2], "size": [4, 6, 4], "inflate": -0.01, "uv": [50, 20], "mirror": true}
					]
				},
				{
					"name": "leftmlegpiece2",
					"parent": "leftmlegpiece1",
					"pivot": [4, 51, 0],
					"cubes": [
						{"origin": [2, 45, -2], "size": [4, 6, 4], "inflate": -0.02, "uv": [50, 20], "mirror": true}
					]
				},
				{
					"name": "leftmlegpiece3",
					"parent": "leftmlegpiece2",
					"pivot": [4, 46, 0],
					"cubes": [
						{"origin": [2, 40, -2], "size": [4, 6, 4], "inflate": -0.03, "uv": [50, 20], "mirror": true}
					]
				},
				{
					"name": "leftmlegpiece4",
					"parent": "leftmlegpiece3",
					"pivot": [4, 41, 0],
					"cubes": [
						{"origin": [2, 35, -2], "size": [4, 6, 4], "inflate": -0.04, "uv": [50, 20], "mirror": true}
					]
				},
				{
					"name": "leftmlegpiece5",
					"parent": "leftmlegpiece4",
					"pivot": [4, 36, 0],
					"cubes": [
						{"origin": [2, 30, -2], "size": [4, 6, 4], "inflate": -0.05, "uv": [50, 20], "mirror": true}
					]
				},
				{
					"name": "leftmlegpiece6",
					"parent": "leftmlegpiece5",
					"pivot": [4, 31, 0],
					"cubes": [
						{"origin": [2, 25, -2], "size": [4, 6, 4], "inflate": -0.06, "uv": [50, 20], "mirror": true}
					]
				},
				{
					"name": "leftmlegpiece7",
					"parent": "leftmlegpiece6",
					"pivot": [4, 26, 0],
					"cubes": [
						{"origin": [2, 20, -2], "size": [4, 6, 4], "inflate": -0.07, "uv": [50, 20], "mirror": true}
					]
				},
				{
					"name": "leftmlegpiece8",
					"parent": "leftmlegpiece7",
					"pivot": [4, 21, 0],
					"cubes": [
						{"origin": [2, 15, -2], "size": [4, 6, 4], "inflate": -0.08, "uv": [50, 20], "mirror": true}
					]
				},
				{
					"name": "leftmlegpiece9",
					"parent": "leftmlegpiece8",
					"pivot": [4, 16, 0],
					"cubes": [
						{"origin": [2, 10, -2], "size": [4, 6, 4], "inflate": -0.09, "uv": [50, 20], "mirror": true}
					]
				},
				{
					"name": "leftmlegpiece10",
					"parent": "leftmlegpiece9",
					"pivot": [4, 11, 0],
					"cubes": [
						{"origin": [2, 5, -2], "size": [4, 6, 4], "inflate": -0.1, "uv": [50, 20], "mirror": true}
					]
				},
				{
					"name": "leftfoot",
					"parent": "leftmlegpiece10",
					"pivot": [4, 6, 0],
					"cubes": [
						{"origin": [1, 5, -3], "size": [6, 2, 6], "uv": [47, 30], "mirror": true},
						{"origin": [0.5, 0, -11.5], "size": [7, 5, 15], "uv": [42, 62], "mirror": true}
					]
				}
			]
		}
	]
}
\\"": \\\\""?\\\"": \\\\""?\\\"": \\\\""?\\\"": \\\\""?\\\"": \\\\""?\\\"": \\\\""?\\\"": \\\\""?\\\"": \\\\""?\\\"": \\\\""?\\\"": \\\\""?\\\"": \\\\""?\\\"": \\\\""?\\\"": \\\\""?\\\"": \\\\""?\\\"": \\\\""?\\\"": \\\\""?\\\"": \\\\""?\\\"": \\\\""?\\\"": \\\\""?\\\"": \\\\""?\\\"": \\\\""?\\\"": \\\\""?\\\"": \\\\""?\\\"": \\\\""?\\\"": \\\\""?\\\"": \\\\""?\\\"": \\\\""?\\\"": \\\\""?\\\"": \\\\""?\\\"": \\\\""?\\\"": \\\\""?\\\"": \\\\""?\\\"": \\\\""?\\\"": \\\\""?\\\"": \\\\""?\\\"": \\\\""?\\\"": \\\\""?\\\"": \\\\""?\\\"": \\\\""?\\\"": \\\\""?\\\"": \\\\""?\\\"": \\\\""?\\\"": \\\\""?\\\"": \\\\""?\\\"": \\\\""?\\\"": \\\\""?\\\"": \\\\""?\\\"": \\\\""?\\\"": \\\\""?\\\"": \\\\""?\\\"": \\\\""?\]}}}}}