{
    "format_version": "1.16.100",
    "minecraft:item": {
        "description": {
            "identifier": "rai:ao",
            "category": "Items"
        },
        "components": {
            "minecraft:on_use":{
                "on_use": {
                    "condition": "q.variant == 1 && q.scoreboard('cooltime2') <= 0 && ((q.scoreboard('juryoku') > 200 && q.is_on_ground) || (q.scoreboard('juryoku') > 60 && !q.is_on_ground))",
                    "event": "ao"
                }
            },
            "minecraft:creative_category": {
                "parent": "itemGroup.name.jujutsu"
            },
            "minecraft:icon": {
                "texture": "ao"
            },
            "minecraft:max_stack_size": 1,
            "minecraft:use_duration": 999999,
            "minecraft:can_destroy_in_creative": false
        },
        "events": {
            "ao": {
                "swing": {},
                "run_command": {
                    "command": [
                        "scoreboard players remove @s[m=!c,tag=on_ground] juryoku 200",
                        "scoreboard players remove @s[m=!c,tag=!on_ground] juryoku 60",
                        "scoreboard players set @s cooltime2 60",
                        "tellraw @a[r=40,tag=on_ground] {\"rawtext\":[{\"text\":\"<\"},{\"selector\":\"@s\"},{\"text\":\"> \"},{\"translate\":\"entity.rai:ao.name\"}]}",
                        "scoreboard players set @s[tag=on_ground] ao 75",
                        "tag @s[tag=on_ground] add ao",
                        "event entity @s[tag=on_ground] ao",
                        "execute @s[tag=on_ground] ~~~ summon rai:ao_explode",
                        "execute @s[tag=on_ground] ~~~ particle jujutsu:ao ~~~",
                        "tag @s[tag=!on_ground] add ao_tp",
                        "effect @s[tag=!on_ground] levitation 1 0 true",
                        "execute @s[tag=!on_ground] ~~1~ summon rai:ao ^^^5 tp",
                        "scoreboard players set @s[tag=!on_ground] ao_tp 3"
                    ]
                }
            }
        }
    }
}