{
	"format_version": "1.16.100",
	"minecraft:item": {
		"description": {
			"identifier": "rai:guitar",
            "category": "Equipment"
		},
        "components": {
            "minecraft:durability": {
				"max_durability": 300
			},
            "minecraft:on_use":{
                "on_use": {
                    "condition": "q.variant != 3 && q.scoreboard('juryoku') > 40",
                    "event": "guitar"
                }
            },
            "minecraft:creative_category": {
                "parent": "itemGroup.name.jujutsu"
            },
            "minecraft:icon": {
                "texture": "guitar"
            },
            "minecraft:max_stack_size": 1,
            "minecraft:hand_equipped": true,
            "minecraft:can_destroy_in_creative": false
        },
        "events": {
            "guitar": {
                "swing": {},
                "run_command": {
                    "command": [
                        "scoreboard players remove @s[m=!c] juryoku 40",
                        "scoreboard players set @s cooltime2 30",
                        "tag @s add guitar",
                        "scoreboard players set @s guitar 10",
                        "playsound jujutsu.guitar @a ~~~",
                        "event entity @s guitar"
                    ]
                },
                "damage": {
                    "type": "magic",
                    "amount": 1
                }
            }
        }
	}
}