{
    "format_version": "1.16.100",
    "minecraft:item": {
        "description": {
            "identifier": "rai:jogo_gokunoban",
            "category": "Items"
        },
        "components": {
            "minecraft:durability": {
				"max_durability": 20
			},
            "minecraft:weapon": {
            },
            "minecraft:on_use":{
                "on_use": {
                    "condition": "q.variant != 3 && q.scoreboard('juryoku') > 300 && q.scoreboard('cooltime2') <= 0",
                    "event": "jogo_gokunoban"
                }
            },
            "minecraft:creative_category": {
                "parent": "itemGroup.name.jujutsu"
            },
            "minecraft:icon": {
                "texture": "jogo_gokunoban"
            },
            "minecraft:render_offsets": {
				"main_hand": {
					"third_person": {
						"scale": [0.045, 0.045, 0.045]
					},
					"first_person": {
						"scale": [0.017, 0.017, 0.017]
					}
				}
			},
            "minecraft:max_stack_size": 1,
            "minecraft:can_destroy_in_creative": false
        },
        "events": {
            "jogo_gokunoban": {
                "swing": {},
                "run_command": {
                    "command": [
                        "scoreboard players remove @s[m=!c] juryoku 300",
                        "scoreboard players set @s cooltime2 120",
                        "tellraw @a[r=16] {\"rawtext\":[{\"text\":\"<\"},{\"selector\":\"@s\"},{\"text\":\"> \"},{\"translate\":\"item.rai:jogo_gokunoban\"}]}",
                        "event entity @s jogo_gokunoban",
                        "playsound mob.blaze.shoot @a ~~~"
                    ]
                },
                "damage": {
                    "type": "magic",
                    "amount": 1
                }
            }
        }
    }
}