{
    "format_version": "1.16.100",
    "minecraft:item": {
        "description": {
            "identifier": "rai:jutaikusouzu3",
            "category": "Items"
        },
        "components": {
            "minecraft:creative_category": {
                "parent": "itemGroup.name.jujutsu"
            },
            "minecraft:icon": {
                "texture": "jutaikusouzu3"
            },
            "minecraft:render_offsets": {
				"main_hand": {
					"third_person": {
						"scale": [0.045, 0.045, 0.045]
					},
					"first_person": {
						"scale": [0.017, 0.017, 0.017]
					}
				}
			},
            "minecraft:max_stack_size": 1,
            "minecraft:can_destroy_in_creative": false
        }
    }
}