{
	"format_version": "1.16.100",
	"minecraft:item": {
		"description": {
			"identifier": "rai:mahito_hand",
            "category": "Equipment"
		},
        "components": {
            "minecraft:durability": {
				"max_durability": 100
			},
            "minecraft:weapon": {
                "on_hurt_entity": {
                    "event": "on_attack",
                    "condition": "q.variant != 3 && q.scoreboard('juryoku') > 10"
                }
            },
            "minecraft:creative_category": {
                "parent": "itemGroup.name.jujutsu"
            },
            "minecraft:icon": {
                "texture": "mahito_hand"
            },
			"minecraft:render_offsets": {
				"main_hand": {
					"first_person": {
						"scale": 0,
                        "position": [999999, 999999, 999999]
					}
				}
			},
            "minecraft:max_stack_size": 1
        },
        "events": {
            "on_attack": {
                "sequence": [
                    {
                        "randomize": [
                            {
                                "weight": 3,
                                "sequence": [
                                    {
                                        "run_command": {
                                            "command": [
                                                "effect @s speed 15 4 true",
                                                "effect @s jump_boost 15 4 true",
                                                "effect @s regeneration 15 2 true",
                                                "summon rai:kokusen"
                                            ]
                                        }
                                    },
                                    {
                                        "damage": {
                                            "type": "entity_attack",
                                            "target": "other",
                                            "amount": 200
                                        },
                                        "run_command": {
                                            "command": [
                                                "particle jujutsu:kokusen ~~1~",
                                                "tag @s add kokusen2",
                                                "scoreboard players set @s kokusen2 3"
                                            ],
                                            "target": "other"
                                        }
                                    }
                                ]
                            },
                            {
                                "weight": 97
                            }
                        ]
                    },
                    {
                        "randomize": [
                            {
                                "weight": 6,
                                "damage": {
                                    "type": "entity_attack",
                                    "target": "other",
                                    "amount": 6
                                }
                            },
                            {
                                "weight": 6,
                                "damage": {
                                    "type": "entity_attack",
                                    "target": "other",
                                    "amount": 12
                                }
                            },
                            {
                                "weight": 1,
                                "damage": {
                                    "type": "entity_attack",
                                    "target": "other",
                                    "amount": 24
                                }
                            },
                            {
                                "weight": 1,
                                "damage": {
                                    "type": "entity_attack",
                                    "target": "other",
                                    "amount": 36
                                }
                            },
                            {
                                "weight": 1,
                                "damage": {
                                    "type": "entity_attack",
                                    "target": "other",
                                    "amount": 48
                                }
                            },
                            {
                                "weight": 1,
                                "damage": {
                                    "type": "entity_attack",
                                    "target": "other",
                                    "amount": 60
                                }
                            }
                        ]
                    },
                    {
                        "run_command": {
                            "command": [
                                "event entity @s cooltime",
                                "scoreboard players remove @s[m=!c] juryoku 10",
                                "scoreboard players set @s cooltime 10"
                            ]
                        },
                        "damage": {
                            "type": "magic",
                            "amount": 1
                        }
                    }
                ]
            }
        }
    }
}