{
	"format_version": "1.16.100",
	"minecraft:item": {
		"description": {
			"identifier": "rai:megumi_sword",
            "category": "Equipment"
		},
        "components": {
            "minecraft:durability": {
				"max_durability": 150
			},
            "minecraft:damage": 8,
            "minecraft:weapon": {
                "on_hurt_entity": {
                    "event": "on_attack",
                    "target": "self"
                }
            },
            "minecraft:creative_category": {
                "parent": "itemGroup.name.jujutsu"
            },
            "minecraft:icon": {
                "texture": "megumi_sword"
            },
            "minecraft:max_stack_size": 1,
            "minecraft:hand_equipped": true,
            "minecraft:can_destroy_in_creative": false
        },
        "events": {
            "on_attack": {
                "sequence": [
                    {
                        "randomize": [
                            {
                                "weight": 3,
                                "sequence": [
                                    {
                                        "run_command": {
                                            "command": [
                                                "effect @s speed 15 4 true",
                                                "effect @s jump_boost 15 4 true",
                                                "effect @s regeneration 15 2 true",
                                                "summon rai:kokusen"
                                            ]
                                        }
                                    },
                                    {
                                        "damage": {
                                            "type": "entity_attack",
                                            "target": "other",
                                            "amount": 200
                                        },
                                        "run_command": {
                                            "command": [
                                                "particle jujutsu:kokusen ~~1~",
                                                "tag @s add kokusen2",
                                                "scoreboard players set @s kokusen2 3"
                                            ],
                                            "target": "other"
                                        }
                                    }
                                ]
                            },
                            {
                                "weight": 97
                            }
                        ]
                    },
                    {
                        "run_command": {
                            "command": [
                                "event entity @s cooltime",
                                "scoreboard players set @s cooltime 20",
                                "particle jujutsu:slash ~~~",
                                "playsound jujutsu.sweep5 @a ~~~"
                            ],
                            "target": "other"
                        },
                        "damage": {
                            "type": "magic",
                            "amount": 1
                        }
                    }
                ]
            }
        }
	}
}