{
	"format_version": "1.16.100",
	"minecraft:item": {
		"description": {
			"identifier": "rai:nanami_sunglasses",
			"category": "Equipment"
		},
		"components": {
			"minecraft:armor": {
                "protection": 8
            },
            "minecraft:wearable": {
                "slot": "slot.armor.head"
            },
            "minecraft:durability": {
				"max_durability": 300
			},
			"minecraft:icon": {
				"texture": "nanami_sunglasses"
			},
			"minecraft:render_offsets": {
				"main_hand": {
					"third_person": {
						"scale": [0.0225, 0.0225, 0.0225]
					},
					"first_person": {
						"scale": [0.0085, 0.0085, 0.0085]
					}
				}
			},
			"minecraft:max_stack_size": 1
		}
	}
}