{
	"format_version": "1.16.100",
	"minecraft:item": {
		"description": {
			"identifier": "rai:rikugan",
			"category": "Equipment"
		},
		"components": {
			"minecraft:armor": {
                "protection": 5
            },
            "minecraft:wearable": {
                "slot": "slot.armor.head"
            },
			"minecraft:creative_category": {
				"parent": "itemGroup.name.jujutsu"
			},
			"minecraft:max_stack_size": 1,
			"minecraft:icon": {
				"texture": "rikugan"
			},
			"minecraft:render_offsets": {
				"main_hand": {
					"third_person": {
						"scale": [0.03, 0.03, 0.03]
					},
					"first_person": {
						"scale": [0.0085, 0.0085, 0.0085]
					}
				}
			}
		}
	}
}