{
	"format_version": "1.16.100",
	"minecraft:item": {
		"description": {
			"identifier": "rai:seihuku_legs",
			"category": "Equipment"
		},
		"components": {
			"minecraft:armor": {
                "protection": 6
            },
            "minecraft:wearable": {
                "slot": "slot.armor.legs"
            },
            "minecraft:durability": {
				"max_durability": 300
			},
			"minecraft:creative_category": {
				"parent": "itemGroup.name.leggings"
			},
			"minecraft:max_stack_size": 1,
			"minecraft:icon": {
				"texture": "seihuku_legs"
			}
		}
	}
}