{
    "format_version": "1.16.100",
    "minecraft:item": {
        "description": {
            "identifier": "rai:senketsu",
            "category": "Items"
        },
        "components": {
            "minecraft:on_use":{
                "on_use": {
                    "condition": "q.variant != 3 && q.scoreboard('juryoku') > 20 && q.scoreboard('cooltime2') <= 0",
                    "event": "senketsu"
                }
            },
            "minecraft:creative_category": {
                "parent": "itemGroup.name.jujutsu"
            },
            "minecraft:icon": {
                "texture": "senketsu"
            },
            "minecraft:render_offsets": {
				"main_hand": {
					"third_person": {
						"scale": [0.0225, 0.0225, 0.0225]
					},
					"first_person": {
						"scale": [0.0085, 0.0085, 0.0085]
					}
				}
			},
            "minecraft:max_stack_size": 1,
            "minecraft:can_destroy_in_creative": false
        },
        "events": {
            "senketsu": {
                "swing": {},
                "run_command": {
                    "command": [
                        "scoreboard players remove @s[m=!c] juryoku 20",
                        "scoreboard players set @s cooltime2 60",
                        "tellraw @a[r=20] {\"rawtext\":[{\"text\":\"<\"},{\"selector\":\"@s\"},{\"text\":\"> \"},{\"translate\":\"item.rai:senketsu\"}]}",
                        "event entity @s senketsu"
                    ]
                },
                "damage": {
                    "type": "entity_attack",
                    "target": "holder",
                    "amount": 5
                }
            }
        }
    }
}