{
    "format_version": "1.16.100",
    "minecraft:item": {
        "description": {
            "identifier": "rai:sword3",
            "category": "Items"
        },
        "components": {
            "minecraft:creative_category": {
                "parent": "itemGroup.name.jujutsu"
            },
            "minecraft:icon": {
                "texture": "sword4"
            },
            "minecraft:max_stack_size": 32,
            "minecraft:can_destroy_in_creative": false
        }
    }
}