{
    "format_version": "1.16.100",
    "minecraft:item": {
        "description": {
            "identifier": "rai:tobari",
            "category": "Items"
        },
        "components": {
            "minecraft:creative_category": {
                "parent": "itemGroup.name.jujutsu"
            },
            "minecraft:icon": {
                "texture": "tobari"
            },
            "minecraft:cooldown": {
                "category": "tobari",
                "duration": 600
            },
            "minecraft:on_use":{
                "on_use": {
                    "condition": "q.variant != 3",
                    "event": "tobari"
                }
            },
            "minecraft:max_stack_size": 1,
            "minecraft:foil": true,
            "minecraft:can_destroy_in_creative": false
        },
        "events": {
            "tobari": {
                "swing": {},
                "run_command": {
                    "command": [
                        "tellraw @a[r=30] {\"rawtext\":[{\"text\":\"<\"},{\"selector\":\"@s\"},{\"text\":\"> \"},{\"translate\":\"tellraw.tobari\"}]}",
                        "time set midnight",
                        "summon rai:tobari"
                    ]
                }
            }
        }
    }
}