{
    "format_version": "1.16.100",
    "minecraft:item": {
        "description": {
            "identifier": "rai:ziheiendonka",
            "category": "Items"
        },
        "components": {
            "minecraft:on_use":{
                "on_use": {
                    "condition": "q.variant != 3 && q.scoreboard('cooltime2') <= 0",
                    "event": "ziheiendonka"
                }
            },
            "minecraft:creative_category": {
                "parent": "itemGroup.name.jujutsu"
            },
            "minecraft:icon": {
                "texture": "ziheiendonka"
            },
			"minecraft:render_offsets": {
				"main_hand": {
					"third_person": {
						"scale": [0.0225, 0.0225, 0.0225]
					},
					"first_person": {
						"scale": [0.0085, 0.0085, 0.0085]
					}
				}
			},
            "minecraft:max_stack_size": 1,
            "minecraft:can_destroy_in_creative": false
        },
        "events": {
            "ziheiendonka": {
                "swing": {},
                "run_command": {
                    "command": [
                        "tellraw @a[r=18] {\"rawtext\":[{\"text\":\"<\"},{\"selector\":\"@s\"},{\"text\":\"> \"},{\"translate\":\"item.rai:ziheiendonka\"}]}",
                        "tag @s add ziheiendonka",
                        "scoreboard players set @s ziheiendonka 1200",
                        "event entity @s ziheiendonka"
                    ]
                }
            }
        }
    }
}