{
	"format_version": "1.8.0",
	"animations": {
		"animation.missy.anim": {
			"loop": true,
			"animation_length": 10,
			"bones": {
				"head": {
					"rotation": {
						"0.0": {
							"post": [0, 0, 0],
							"lerp_mode": "catmullrom"
						},
						"0.75": {
							"post": [0, 0, 0],
							"lerp_mode": "catmullrom"
						},
						"1.0": {
							"post": [25, 0, 0],
							"lerp_mode": "catmullrom"
						},
						"2.0": {
							"post": [25, 0, 0],
							"lerp_mode": "catmullrom"
						},
						"2.25": {
							"post": [37.40744, 43.65747, 12.2127],
							"lerp_mode": "catmullrom"
						},
						"3.5": {
							"post": [37.40744, 43.65747, 12.2127],
							"lerp_mode": "catmullrom"
						},
						"3.75": {
							"post": [25, 0, 0],
							"lerp_mode": "catmullrom"
						},
						"4.75": {
							"post": [25, 0, 0],
							"lerp_mode": "catmullrom"
						},
						"5.0": {
							"post": [37.40744, 43.65747, 12.2127],
							"lerp_mode": "catmullrom"
						},
						"8.75": {
							"post": [37.40744, 43.65747, 12.2127],
							"lerp_mode": "catmullrom"
						},
						"9.5": {
							"post": [27.5, 0, 0],
							"lerp_mode": "catmullrom"
						},
						"10.0": {
							"post": [0, 0, 0],
							"lerp_mode": "catmullrom"
						}
					},
					"position": {
						"0.0": {
							"post": [0, 0, 0],
							"lerp_mode": "catmullrom"
						},
						"0.75": {
							"post": [0, 0, 0],
							"lerp_mode": "catmullrom"
						},
						"1.0": {
							"post": [0, 0, -1],
							"lerp_mode": "catmullrom"
						},
						"2.0": {
							"post": [0, 0, -1],
							"lerp_mode": "catmullrom"
						},
						"2.25": {
							"post": [0, 0, -1],
							"lerp_mode": "catmullrom"
						},
						"3.5": {
							"post": [0, 0, -1],
							"lerp_mode": "catmullrom"
						},
						"3.75": {
							"post": [0, 0, -1],
							"lerp_mode": "catmullrom"
						},
						"4.75": {
							"post": [0, 0, -1],
							"lerp_mode": "catmullrom"
						},
						"5.0": {
							"post": [0, 0, -1],
							"lerp_mode": "catmullrom"
						},
						"8.75": {
							"post": [0, 0, -1],
							"lerp_mode": "catmullrom"
						},
						"9.5": {
							"post": [0, 0, -1],
							"lerp_mode": "catmullrom"
						},
						"10.0": {
							"post": [0, 0, -1],
							"lerp_mode": "catmullrom"
						}
					}
				},
				"rightArm": {
					"rotation": {
						"0.0": {
							"post": [0, 0, 0],
							"lerp_mode": "catmullrom"
						},
						"5.25": {
							"post": [0, 0, 0],
							"lerp_mode": "catmullrom"
						},
						"5.75": {
							"post": [0, 0, 22.5],
							"lerp_mode": "catmullrom"
						},
						"6.25": [0, 0, 22.5],
						"6.5": {
							"pre": [0, 0, -12.5],
							"post": [0, 0, -12.5],
							"lerp_mode": "catmullrom"
						},
						"7.0": {
							"post": [0, 0, 0],
							"lerp_mode": "catmullrom"
						},
						"7.5": {
							"post": [0, 0, 22.5],
							"lerp_mode": "catmullrom"
						},
						"8.0": [0, 0, 22.5],
						"8.25": {
							"pre": [0, 0, -12.5],
							"post": [0, 0, -12.5],
							"lerp_mode": "catmullrom"
						},
						"8.75": {
							"post": [0, 0, 0],
							"lerp_mode": "catmullrom"
						},
						"10.0": {
							"post": [0, 0, 0],
							"lerp_mode": "catmullrom"
						}
					},
					"position": {
						"0.0": {
							"post": [0, 0, 0],
							"lerp_mode": "catmullrom"
						}
					}
				},
				"rightArm2": {
					"rotation": {
						"5.25": {
							"pre": [0, 0, 0],
							"post": [0, 0, 0],
							"lerp_mode": "catmullrom"
						},
						"5.75": {
							"post": [0, 0, 0],
							"lerp_mode": "catmullrom"
						},
						"6.25": [0, 0, 0],
						"6.5": {
							"pre": [0, 0, 0],
							"post": [0, 0, 0],
							"lerp_mode": "catmullrom"
						},
						"7.0": {
							"post": [0, 0, 0],
							"lerp_mode": "catmullrom"
						},
						"7.5": {
							"post": [0, 0, 0],
							"lerp_mode": "catmullrom"
						},
						"8.0": [0, 0, 0],
						"8.25": {
							"pre": [0, 0, 0],
							"post": [0, 0, 0],
							"lerp_mode": "catmullrom"
						}
					}
				},
				"rightArm3": {
					"rotation": {
						"5.25": {
							"pre": [0, 0, 0],
							"post": [0, 0, 0],
							"lerp_mode": "catmullrom"
						},
						"5.75": {
							"post": [0, 0, 20],
							"lerp_mode": "catmullrom"
						},
						"6.25": [0, 0, 20],
						"6.5": {
							"pre": [0, 0, 0],
							"post": [0, 0, 0],
							"lerp_mode": "catmullrom"
						},
						"7.0": {
							"post": [0, 0, 0],
							"lerp_mode": "catmullrom"
						},
						"7.5": {
							"post": [0, 0, 20],
							"lerp_mode": "catmullrom"
						},
						"8.0": [0, 0, 20],
						"8.25": {
							"pre": [0, 0, 0],
							"post": [0, 0, 0],
							"lerp_mode": "catmullrom"
						},
						"10.0": {
							"post": [0, 0, 0],
							"lerp_mode": "catmullrom"
						}
					}
				},
				"rightArm4": {
					"rotation": {
						"5.25": {
							"pre": [0, 0, 0],
							"post": [0, 0, 0],
							"lerp_mode": "catmullrom"
						},
						"5.75": {
							"post": [0, 0, 30],
							"lerp_mode": "catmullrom"
						},
						"6.25": [0, 0, 30],
						"6.5": {
							"pre": [0, 0, 0],
							"post": [0, 0, 0],
							"lerp_mode": "catmullrom"
						},
						"7.0": {
							"post": [0, 0, 0],
							"lerp_mode": "catmullrom"
						},
						"7.5": {
							"post": [0, 0, 30],
							"lerp_mode": "catmullrom"
						},
						"8.0": [0, 0, 30],
						"8.25": {
							"pre": [0, 0, 0],
							"post": [0, 0, 0],
							"lerp_mode": "catmullrom"
						}
					}
				},
				"rightArm5": {
					"rotation": {
						"5.25": {
							"pre": [0, 0, 0],
							"post": [0, 0, 0],
							"lerp_mode": "catmullrom"
						},
						"5.75": {
							"post": [0, 0, 32.5],
							"lerp_mode": "catmullrom"
						},
						"6.25": [0, 0, 32.5],
						"6.5": {
							"pre": [0, 0, 0],
							"post": [0, 0, 0],
							"lerp_mode": "catmullrom"
						},
						"7.0": {
							"post": [0, 0, 0],
							"lerp_mode": "catmullrom"
						},
						"7.5": {
							"post": [0, 0, 32.5],
							"lerp_mode": "catmullrom"
						},
						"8.0": [0, 0, 32.5],
						"8.25": {
							"pre": [0, 0, 0],
							"post": [0, 0, 0],
							"lerp_mode": "catmullrom"
						},
						"10.0": {
							"post": [0, 0, 0],
							"lerp_mode": "catmullrom"
						}
					}
				},
				"rightArm6": {
					"rotation": {
						"5.25": {
							"pre": [0, 0, 0],
							"post": [0, 0, 0],
							"lerp_mode": "catmullrom"
						},
						"5.75": {
							"post": [0, 0, 25],
							"lerp_mode": "catmullrom"
						},
						"6.25": [0, 0, 25],
						"6.5": {
							"pre": [0, 0, 0],
							"post": [0, 0, 0],
							"lerp_mode": "catmullrom"
						},
						"7.0": {
							"post": [0, 0, 0],
							"lerp_mode": "catmullrom"
						},
						"7.5": {
							"post": [0, 0, 25],
							"lerp_mode": "catmullrom"
						},
						"8.0": [0, 0, 25],
						"8.25": {
							"pre": [0, 0, 0],
							"post": [0, 0, 0],
							"lerp_mode": "catmullrom"
						},
						"10.0": {
							"post": [0, 0, 0],
							"lerp_mode": "catmullrom"
						}
					}
				}
			}
		}
	}
}