{
   "format_version": "1.8.0",
   "minecraft:entity": {
      "components": {
         "minecraft:ageable": {
            "duration": 24.44,
            "grow_up": {
               "event": "spawn",
               "target": "self"
            }
         },
         "minecraft:attack": {
            "damage": 100000
         },
         "minecraft:behavior.float": {
            "priority": 2,
            "speed_multiplier": 1
         },
         "minecraft:behavior.hurt_by_target": {
            "priority": 1
         },
         "minecraft:behavior.look_at_player": {
            "look_distance": 8,
            "priority": 6
         },
         "minecraft:behavior.melee_attack": {
            "priority": 4,
            "speed_multiplier": 1.25,
            "target_dist": 1.2,
            "track_target": true
         },
         "minecraft:behavior.nearest_attackable_target": {
            "entity_types": [
               {
                  "filters": {
                     "all_of": [
                        {
                           "operator": "!=",
                           "subject": "other",
                           "test": "is_family",
                           "value": "skibidi_toilet"
                        },
                        {
                           "operator": "!=",
                           "subject": "other",
                           "test": "is_family",
                           "value": "summon"
                        }
                     ]
                  },
                  "max_dist": 99
               }
            ],
            "must_see": false,
            "priority": 3
         },
         "minecraft:behavior.random_look_around": {
            "priority": 6
         },
         "minecraft:behavior.random_stroll": {
            "priority": 5,
            "speed_multiplier": 1
         },
         "minecraft:behavior.ranged_attack": {
            "attack_interval_max": 0.2,
            "attack_interval_min": 1,
            "attack_radius": 500,
            "burst_interval": 0.1,
            "burst_shots": 500
         },
         "minecraft:boss": {
            "hud_range": 125,
            "name": "FlameThrower Skibidi Toilet",
            "should_darken_sky": false
         },
         "minecraft:collision_box": {
            "height": 2.01,
            "width": 0.72
         },
         "minecraft:fall_damage": {
            "value": 0
         },
         "minecraft:fire_immune": true,
         "minecraft:health": {
            "max": 555000,
            "value": 555000
         },
         "minecraft:jump.static": {},
         "minecraft:knockback_resistance": {
            "max": 100,
            "value": 100
         },
         "minecraft:movement": {
            "value": 0.25
         },
         "minecraft:movement.basic": {},
         "minecraft:navigation.walk": {
            "avoid_sun": true,
            "avoid_water": true,
            "is_amphibious": true
         },
         "minecraft:physics": {},
         "minecraft:scale": {
            "value": 5.3
         },
         "minecraft:scale_by_age": {
            "end_scale": 5.3,
            "start_scale": 5.3
         },
         "minecraft:shooter": {
            "def": "stmc:flame",
            "type": "Flame"
         },
         "minecraft:type_family": {
            "family": [
               "skibidi_toilet"
            ]
         },
         "minecraft:underwater_movement": {
            "value": 0.02
         }
      },
      "description": {
         "identifier": "stmc:flamethrower_st",
         "is_experimental": false,
         "is_spawnable": true,
         "is_summonable": true,
         "runtime_identifier": "minecraft:wither_skeleton"
      },
      "events": {
         "minecraft:entity_spawned": {},
         "on:death": {
            "run_command": {
               "command": []
            }
         },
         "on:hurt": {
            "run_command": {
               "command": []
            }
         },
         "on:hurt_by_player": {
            "run_command": {
               "command": []
            }
         },
         "on:ignite": {
            "run_command": {
               "command": []
            }
         },
         "on:target_acquired": {
            "run_command": {
               "command": []
            }
         },
         "on:target_escape": {
            "run_command": {
               "command": []
            }
         },
         "on:wake_with_owner": {
            "run_command": {
               "command": []
            }
         }
      }
   }
}