{
   "format_version": "1.10.0",
   "minecraft:entity": {
      "components": {
         "minecraft:ageable": {
            "duration": 24.44,
            "grow_up": {
               "event": "spawn",
               "target": "self"
            }
         },
         "minecraft:annotation.open_door": {},
         "minecraft:attack": {
            "damage": 100000
         },
         "minecraft:behavior.float": {
            "priority": 0
         },
         "minecraft:behavior.look_at_player": {
            "look_distance": 8,
            "priority": 12,
            "probability": 0.02
         },
         "minecraft:behavior.melee_attack": {
            "max_dist": 3,
            "priority": 2,
            "random_stop_interval": 100,
            "reach_multiplier": 1.4,
            "speed_multiplier": 1,
            "target_dist": 0,
            "track_target": true
         },
         "minecraft:behavior.move_towards_restriction": {
            "priority": 7,
            "speed_multiplier": 0.6
         },
         "minecraft:behavior.nearest_attackable_target": {
            "entity_types": [
               {
                  "filters": {
                     "all_of": [
                        {
                           "operator": "!=",
                           "subject": "other",
                           "test": "is_family",
                           "value": "skibidi_toilet"
                        },
                        {
                           "operator": "!=",
                           "subject": "other",
                           "test": "is_family",
                           "value": "summon"
                        }
                     ]
                  },
                  "max_dist": 99
               }
            ],
            "must_see": false,
            "priority": 3
         },
         "minecraft:behavior.random_stroll": {
            "priority": 11,
            "speed_multiplier": 0.6
         },
         "minecraft:behavior.ranged_attack": {
            "attack_interval_max": 0.1,
            "attack_interval_min": 1,
            "attack_radius": 500,
            "burst_interval": 0.1,
            "burst_shots": 500
         },
         "minecraft:behavior.share_items": {
            "entity_types": [
               {
                  "filters": {
                     "subject": "other",
                     "test": "is_family",
                     "value": "villager"
                  }
               }
            ],
            "goal_radius": 2,
            "max_dist": 3,
            "priority": 8,
            "speed_multiplier": 0.5
         },
         "minecraft:boss": {
            "hud_range": 125,
            "name": "Militant Skibidi Toilet",
            "should_darken_sky": false
         },
         "minecraft:collision_box": {
            "height": 1.8,
            "width": 0.6
         },
         "minecraft:damage_sensor": [
            {
               "deals_damage": false,
               "on_damage": {
                  "event": "become_witch",
                  "filters": {
                     "subject": "other",
                     "test": "is_family",
                     "value": "lightning"
                  }
               }
            },
            {
               "on_damage": {
                  "event": "become_zombie",
                  "filters": {
                     "all_of": [
                        {
                           "test": "has_damage",
                           "value": "fatal"
                        }
                     ],
                     "any_of": [
                        {
                           "subject": "other",
                           "test": "is_family",
                           "value": "zombie"
                        },
                        {
                           "subject": "other",
                           "test": "is_family",
                           "value": "husk"
                        }
                     ]
                  }
               }
            }
         ],
         "minecraft:fall_damage": {
            "value": 0
         },
         "minecraft:fire_immune": true,
         "minecraft:health": {
            "max": 68000000,
            "value": 68000000
         },
         "minecraft:jump.static": {},
         "minecraft:knockback_resistance": {
            "max": 100,
            "value": 100
         },
         "minecraft:movement": {
            "value": 0.5
         },
         "minecraft:movement.basic": {},
         "minecraft:navigation.walk": {
            "avoid_water": true,
            "can_open_doors": true,
            "can_pass_doors": true,
            "can_path_over_water": true,
            "can_walk": true,
            "is_amphibious": true
         },
         "minecraft:physics": {},
         "minecraft:scale": {
            "value": 5.3
         },
         "minecraft:scale_by_age": {
            "end_scale": 5.3,
            "start_scale": 5.3
         },
         "minecraft:shooter": {
            "def": "stmc:laser",
            "type": "Laser"
         },
         "minecraft:type_family": {
            "family": [
               "skibidi_toilet"
            ]
         },
         "minecraft:underwater_movement": {
            "value": 0.02
         }
      },
      "description": {
         "identifier": "stmc:militant_st",
         "is_experimental": false,
         "is_spawnable": true,
         "is_summonable": true,
         "runtime_identifier": "pa:villager_with_player_model"
      },
      "events": {
         "minecraft:ageable_grow_up": {
            "sequence": [
               {
                  "add": {
                     "component_groups": [
                        "adult"
                     ]
                  },
                  "remove": {
                     "component_groups": [
                        "baby"
                     ]
                  }
               }
            ]
         },
         "minecraft:entity_born": {
            "sequence": [
               {
                  "add": {
                     "component_groups": [
                        "baby"
                     ]
                  }
               }
            ]
         },
         "minecraft:entity_spawned": {
            "sequence": [
               {
                  "filters": {
                     "operator": "!=",
                     "test": "has_component",
                     "value": "minecraft:variant"
                  },
                  "randomize": [
                     {
                        "add": {
                           "component_groups": [
                              "baby"
                           ]
                        },
                        "weight": 5
                     },
                     {
                        "add": {
                           "component_groups": [
                              "adult"
                           ]
                        },
                        "weight": 95
                     }
                  ]
               }
            ]
         },
         "minecraft:entity_transformed": {
            "sequence": [
               {
                  "add": {
                     "component_groups": [
                        "baby"
                     ]
                  },
                  "filters": {
                     "subject": "other",
                     "test": "has_component",
                     "value": "minecraft:is_baby"
                  }
               },
               {
                  "add": {
                     "component_groups": [
                        "adult"
                     ]
                  },
                  "filters": {
                     "operator": "!=",
                     "subject": "other",
                     "test": "has_component",
                     "value": "minecraft:is_baby"
                  }
               }
            ]
         },
         "on:death": {
            "run_command": {
               "command": []
            }
         },
         "on:hurt": {
            "run_command": {
               "command": []
            }
         },
         "on:hurt_by_player": {
            "run_command": {
               "command": []
            }
         },
         "on:ignite": {
            "run_command": {
               "command": []
            }
         },
         "on:target_acquired": {
            "run_command": {
               "command": []
            }
         },
         "on:target_escape": {
            "run_command": {
               "command": []
            }
         },
         "on:wake_with_owner": {
            "run_command": {
               "command": []
            }
         }
      }
   }
}