{
   "format_version": "1.8.0",
   "minecraft:entity": {
      "component_groups": {
         "minecraft:lightning_immune": {
            "minecraft:damage_sensor": [
               {
                  "deals_damage": false,
                  "on_damage": {
                     "filters": {
                        "other_with_families": "lightning"
                     }
                  }
               }
            ]
         },
         "minecraft:melee_attack": {
            "minecraft:behavior.melee_attack": {
               "priority": 4,
               "speed_multiplier": 1.25,
               "target_dist": 1.2,
               "track_target": true
            },
            "minecraft:environment_sensor": {
               "on_environment": {
                  "event": "minecraft:ranged_mode",
                  "filters": {
                     "operator": "==",
                     "subject": "self",
                     "test": "in_water",
                     "value": false
                  }
               }
            }
         },
         "minecraft:ranged_attack": {
            "minecraft:behavior.ranged_attack": {
               "attack_interval_max": 3,
               "attack_interval_min": 1,
               "attack_radius": 15
            },
            "minecraft:environment_sensor": {
               "on_environment": {
                  "event": "minecraft:melee_mode",
                  "filters": {
                     "operator": "==",
                     "subject": "self",
                     "test": "is_underwater",
                     "value": true
                  }
               }
            },
            "minecraft:shooter": {
               "def": "minecraft:arrow",
               "type": "Arrow"
            }
         }
      },
      "components": {
         "minecraft:ageable": {
            "duration": 24.44,
            "grow_up": {
               "event": "spawn",
               "target": "self"
            }
         },
         "minecraft:attack": {
            "damage": 10000
         },
         "minecraft:behavior.float": {
            "priority": 2,
            "speed_multiplier": 1
         },
         "minecraft:behavior.hurt_by_target": {
            "priority": 1
         },
         "minecraft:behavior.look_at_player": {
            "look_distance": 8,
            "priority": 6
         },
         "minecraft:behavior.melee_attack": {
            "max_dist": 3,
            "priority": 2,
            "random_stop_interval": 100,
            "reach_multiplier": 1.4,
            "speed_multiplier": 1,
            "target_dist": 0,
            "track_target": true
         },
         "minecraft:behavior.nearest_attackable_target": {
            "entity_types": [
               {
                  "filters": {
                     "all_of": [
                        {
                           "operator": "!=",
                           "subject": "other",
                           "test": "is_family",
                           "value": "skibidi_toilet"
                        },
                        {
                           "operator": "!=",
                           "subject": "other",
                           "test": "is_family",
                           "value": "summon"
                        }
                     ]
                  },
                  "max_dist": 99
               }
            ],
            "must_see": false,
            "priority": 3
         },
         "minecraft:behavior.random_look_around": {
            "priority": 6
         },
         "minecraft:behavior.random_stroll": {
            "priority": 5,
            "speed_multiplier": 1
         },
         "minecraft:behavior.ranged_attack": {
            "attack_interval_max": 0.2,
            "attack_interval_min": 1,
            "attack_radius": 600,
            "burst_interval": 0.1,
            "burst_shots": 600
         },
         "minecraft:boss": {
            "hud_range": 125,
            "name": "Skull Dismantler Skibidi Toilet",
            "should_darken_sky": false
         },
         "minecraft:collision_box": {
            "height": 1.95,
            "width": 0.6
         },
         "minecraft:environment_sensor": {
            "on_environment": {
               "event": "minecraft:melee_mode",
               "filters": {
                  "operator": "==",
                  "subject": "self",
                  "test": "is_underwater",
                  "value": true
               }
            }
         },
         "minecraft:fall_damage": {
            "value": 0
         },
         "minecraft:fire_immune": true,
         "minecraft:health": {
            "max": 680000,
            "value": 680000
         },
         "minecraft:jump.static": {},
         "minecraft:knockback_resistance": {
            "max": 100,
            "value": 100
         },
         "minecraft:movement": {
            "value": 0.25
         },
         "minecraft:movement.basic": {},
         "minecraft:navigation.walk": {
            "avoid_sun": true,
            "avoid_water": true,
            "is_amphibious": true
         },
         "minecraft:physics": {},
         "minecraft:scale": {
            "value": 5.3
         },
         "minecraft:scale_by_age": {
            "end_scale": 5.3,
            "start_scale": 5.3
         },
         "minecraft:shooter": {
            "def": "stmc:acid_spitfire",
            "type": "Acid Spitfire"
         },
         "minecraft:type_family": {
            "family": [
               "skibidi_toilet"
            ]
         },
         "minecraft:underwater_movement": {
            "value": 0.02
         }
      },
      "description": {
         "identifier": "stmc:skull_dismantler_st",
         "is_experimental": false,
         "is_spawnable": true,
         "is_summonable": true,
         "runtime_identifier": "minecraft:skeleton"
      },
      "events": {
         "minecraft:entity_spawned": {
            "add": {
               "component_groups": [
                  "minecraft:ranged_attack"
               ]
            }
         },
         "minecraft:melee_mode": {
            "add": {
               "component_groups": [
                  "minecraft:melee_attack"
               ]
            },
            "remove": {
               "component_groups": [
                  "minecraft:ranged_attack"
               ]
            }
         },
         "minecraft:ranged_mode": {
            "add": {
               "component_groups": [
                  "minecraft:ranged_attack"
               ]
            },
            "remove": {
               "component_groups": [
                  "minecraft:melee_attack"
               ]
            }
         },
         "minecraft:spring_trap": {
            "add": {
               "component_groups": [
                  "minecraft:lightning_immune"
               ]
            }
         },
         "on:death": {
            "run_command": {
               "command": []
            }
         },
         "on:hurt": {
            "run_command": {
               "command": []
            }
         },
         "on:hurt_by_player": {
            "run_command": {
               "command": []
            }
         },
         "on:ignite": {
            "run_command": {
               "command": []
            }
         },
         "on:target_acquired": {
            "run_command": {
               "command": []
            }
         },
         "on:target_escape": {
            "run_command": {
               "command": []
            }
         },
         "on:wake_with_owner": {
            "run_command": {
               "command": []
            }
         }
      }
   }
}