{
	"file_path": "C:\\Users\\enner\\AppData\\Local\\Packages\\Microsoft.MinecraftUWP_8wekyb3d8bbwe\\LocalState\\games\\com.mojang\\development_resource_packs\\Poppy PlayTime addon RP\\textures\\item_texture.json",
	"file_type": "item_texture",
	"format_version": 1,
	"file_uuid": "975cf572_e4e7_4ff9_a4ee_f676c07011de",
	"file_version": 5,
	"cache_content": {
		"children": [
			{
				"data": "bridgeRP",
				"key": "resource_pack_name"
			},
			{
				"data": "atlas.items",
				"key": "texture_name"
			},
			{
				"open": {
					"resource_pack_name": "bridgeRP",
					"texture_name": "atlas.items",
					"texture_data": {
						"ftl_huggy_wuggy_spawn": {
							"textures": "textures/items/ftl_huggy_wuggy_spawn"
						},
						"ftl_huggy_wuggy_friendly_spawn": {
							"textures": "textures/items/ftl_huggy_wuggy_friendly_spawn"
						},
						"ftl_huggy_wuggy_friendly_pink_spawn": {
							"textures": "textures/items/ftl_huggy_wuggy_friendly_pink_spawn"
						},
						"ftl_huggy_toy_spawn": {
							"textures": "textures/items/ftl_huggy_toy_spawn"
						},
						"ftl_boogie_bot_spawn": {
							"textures": "textures/items/ftl_boogie_bot_spawn"
						},
						"ftl_poppy_spawn": {
							"textures": "textures/items/ftl_poppy_spawn"
						}
					}
				},
				"key": "texture_data",
				"is_minified": true,
				"children": {
					"ftl_huggy_wuggy_spawn": {
						"textures": "textures/items/ftl_huggy_wuggy_spawn"
					},
					"ftl_huggy_wuggy_friendly_spawn": {
						"textures": "textures/items/ftl_huggy_wuggy_friendly_spawn"
					},
					"ftl_huggy_wuggy_friendly_pink_spawn": {
						"textures": "textures/items/ftl_huggy_wuggy_friendly_pink_spawn"
					},
					"ftl_huggy_toy_spawn": {
						"textures": "textures/items/ftl_huggy_toy_spawn"
					},
					"ftl_boogie_bot_spawn": {
						"textures": "textures/items/ftl_boogie_bot_spawn"
					},
					"ftl_poppy_spawn": {
						"textures": "textures/items/ftl_poppy_spawn"
					}
				}
			}
		]
	}
}