{
	"format_version": "1.8.0",
	"animations": {
		"animation.floor.open": {
			"loop": "hold_on_last_frame",
			"animation_length": 5,
			"bones": {
				"Leftfloor": {
					"rotation": [0, 0, 0],
					"position": {
						"0.0": [0, 0, 0],
						"0.2917": [0, -17, 0],
						"0.4583": [0, -16, 0],
						"2.4167": [0, -16, 0],
						"4.9167": [-82, -16, 0]
					}
				},
				"Rightfloor": {
					"rotation": [0, 0, 0],
					"position": {
						"0.0": [0, 0, 0],
						"0.2917": [0, -17, 0],
						"0.4583": [0, -16, 0],
						"2.4167": [0, -16, 0],
						"4.9167": [83, -16, 0]
					}
				}
			}
		}
	}
}