{"animations":{"animation.player.fall2":{"animation_length":0.875,"bones":{"body":{"position":{"0.0":[0,0,0],"0.1667":[0,-0.5,6],"0.3333":[0,-2.6,11.6],"0.4583":[0,-6.2,16.7],"0.5833":[0,-11.13,20.13],"0.6667":[0,-16.07,22.07],"0.75":[0,-22,24]},"rotation":{"0.0":[0,0,0],"0.1667":[-15,0,0],"0.3333":[-30,0,0],"0.75":[-90,0,0]}},"head":{"position":[0,-1,0],"rotation":[0,0,0],"scale":[0.1,0.1,0.1]},"leftArm":{"position":[0,0,0],"rotation":{"0.0":[0,0,0],"0.1667":[-15.42,-1.25,-10.83],"0.3333":[-19.34,7.5,-21.66],"0.5":[-25.13,3.75,-32.5],"0.6667":[-35.09,0,-43.33],"0.7917":[-22.54,-3.75,-54.16],"0.875":[-2.5,-7.5,-65]}},"leftLeg":{"position":[0,0,0],"rotation":{"0.0":[0,0,0],"0.8333":[0,-10,-22.5]}},"rightArm":{"position":[0,0,0],"rotation":{"0.0":[0,0,0],"0.1667":[-17.5,2.92,8.33],"0.3333":[-21,0.84,16.66],"0.4583":[-28.25,5.01,25],"0.5833":[-38.83,9.17,33.33],"0.6667":[-20.66,13.34,41.67],"0.75":[-0.66,13.34,41.67]}},"rightLeg":{"position":[0,0,0],"rotation":{"0.0":[0,0,0],"0.8333":[0,-10,10]}}},"loop":"hold_on_last_frame"}},"format_version":"1.8.0"}