{
	"format_version": "1.12.0",
	"minecraft:geometry": [
		{
			"description": {
				"identifier": "geometry.Proyectyle",
				"texture_width": 256,
				"texture_height": 256,
				"visible_bounds_width": 44,
				"visible_bounds_height": 283,
				"visible_bounds_offset": [0, 129.5, 0]
			},
			"bones": [
				{
					"name": "Allroot",
					"pivot": [0, 0, 0]
				},
				{
					"name": "Rightarmt",
					"parent": "Allroot",
					"pivot": [11, 71, 4],
					"rotation": [-69.46679, 9.19087, -86.00271],
					"cubes": [
						{"origin": [20.91098, 61.68906, -0.91276], "size": [6, 0, 6], "pivot": [32.91098, 47.18906, 4.08724], "rotation": [-20, 0, 0], "uv": [100, 148]}
					]
				},
				{
					"name": "Leftarmt",
					"parent": "Allroot",
					"pivot": [-11, 71, 4],
					"rotation": [-69.46679, -9.19087, 86.00271],
					"cubes": [
						{"origin": [-26.91098, 61.68906, -0.91276], "size": [6, 0, 6], "pivot": [-32.91098, 47.18906, 4.08724], "rotation": [-20, 0, 0], "uv": [100, 148], "mirror": true}
					]
				}
			]
		}
	]
}