{
  "format_version": "1.8.0",
  "minecraft:client_entity": {
    "description": {
      "identifier": "ic:owen",
      "textures": {
        "default": "textures/entity/pamobile/ic_owen"
      },
      "spawn_egg": {
        "texture": "ic:owen",
        "texture_index": 0
      },
      "materials": {
        "default": "entity_alphatest"
      },
      "render_controllers": [
        "controller.render.default"
      ],
      "geometry": {
        "default": "geometry.gpd"
      }
    }
  }
}