{
  "\u0070\u006f\u006f\u006c\u0073": [
    {
      "\u0072\u006f\u006c\u006c\u0073": 1,
      "\u0065\u006e\u0074\u0072\u0069\u0065\u0073": [
        {
          "\u0074\u0079\u0070\u0065": "item",
          "\u006e\u0061\u006d\u0065": "minecraft:leather",
          "\u0077\u0065\u0069\u0067\u0068\u0074": 1,
          "\u0066\u0075\u006e\u0063\u0074\u0069\u006f\u006e\u0073": [
            {
              "\u0066\u0075\u006e\u0063\u0074\u0069\u006f\u006e": "set_count",
              "\u0063\u006f\u0075\u006e\u0074": {
                "\u006d\u0069\u006e": 0,
                "\u006d\u0061\u0078": 2
              }
            },
            {
              "\u0066\u0075\u006e\u0063\u0074\u0069\u006f\u006e": "looting_enchant",
              "\u0063\u006f\u0075\u006e\u0074": {
                "\u006d\u0069\u006e": 0,
                "\u006d\u0061\u0078": 1
              }
            }
          ]
        }
      ]
    }
  ]
}