{
  "resource_pack_name": "vanilla",
  "texture_name": "atlas.items",
  "texture_data": {
    "m_sculkbone_sword": {
      "textures": "textures/items/pamobile/m_sculkbone_sword"
    },
    "m_sculkbone_axe": {
      "textures": "textures/items/pamobile/m_sculkbone_axe"
    },
    "m_sculkbone_pickaxe": {
      "textures": "textures/items/pamobile/m_sculkbone_pickaxe"
    },
    "m_sculkbone_hoe": {
      "textures": "textures/items/pamobile/m_sculkbone_hoe"
    },
    "m_sculkbone_shovel": {
      "textures": "textures/items/pamobile/m_sculkbone_shovel"
    },
    "m_zordenight_sword": {
      "textures": "textures/items/pamobile/m_zordenight_sword"
    }
  }
}