{
	"file_path": "C:\\Users\\enner\\AppData\\Local\\Packages\\Microsoft.MinecraftUWP_8wekyb3d8bbwe\\LocalState\\games\\com.mojang\\development_resource_packs\\Poppy PlayTime addon RP\\entity\\huggy_wuggy_vent.json",
	"file_type": "client_entity",
	"format_version": 1,
	"file_uuid": "1c0f0fcb_cfe1_4604_8ef6_53e45b8aef66",
	"file_version": 0,
	"cache_content": {
		"children": [
			{
				"open": {
					"format_version": "1.10.0",
					"minecraft:client_entity": {
						"description": {
							"identifier": "ftl:huggy_wuggy_vent",
							"materials": {
								"default": "enderman"
							},
							"textures": {
								"default": "textures/entity/huggy_wuggy/ftl_huggy_wuggy"
							},
							"geometry": {
								"default": "geometry.ftl_huggy_wuggy"
							},
							"animations": {
								"moving": "animation.ftl_huggy_wuggy_vent.moving",
								"ftl_huggy_wuggy_vent_general": "animation.ftl_huggy_wuggy_vent.general",
								"running": "animation.ftl_huggy_wuggy_vent.running",
								"jumping": "animation.ftl_huggy_wuggy_vent.jumping",
								"looking": "animation.ftl_huggy_wuggy_vent.looking",
								"move": "controller.animation.ftl_huggy_wuggy_vent.move",
								"general": "controller.animation.ftl_huggy_wuggy_vent.general",
								"looking_at": "controller.animation.ftl_huggy_wuggy_vent.looking_at"
							},
							"scripts": {
								"animate": [
									"move",
									"general",
									"looking_at"
								]
							},
							"render_controllers": [
								"controller.render.skeleton"
							],
							"spawn_egg": {
								"texture": "ftl_huggy_wuggy_spawn",
								"texture_index": 0
							}
						}
					}
				},
				"data": "1.10.0",
				"key": "format_version"
			},
			{
				"open": {
					"format_version": "1.10.0",
					"minecraft:client_entity": {
						"description": {
							"identifier": "ftl:huggy_wuggy_vent",
							"materials": {
								"default": "enderman"
							},
							"textures": {
								"default": "textures/entity/huggy_wuggy/ftl_huggy_wuggy"
							},
							"geometry": {
								"default": "geometry.ftl_huggy_wuggy"
							},
							"animations": {
								"moving": "animation.ftl_huggy_wuggy_vent.moving",
								"ftl_huggy_wuggy_vent_general": "animation.ftl_huggy_wuggy_vent.general",
								"running": "animation.ftl_huggy_wuggy_vent.running",
								"jumping": "animation.ftl_huggy_wuggy_vent.jumping",
								"looking": "animation.ftl_huggy_wuggy_vent.looking",
								"move": "controller.animation.ftl_huggy_wuggy_vent.move",
								"general": "controller.animation.ftl_huggy_wuggy_vent.general",
								"looking_at": "controller.animation.ftl_huggy_wuggy_vent.looking_at"
							},
							"scripts": {
								"animate": [
									"move",
									"general",
									"looking_at"
								]
							},
							"render_controllers": [
								"controller.render.skeleton"
							],
							"spawn_egg": {
								"texture": "ftl_huggy_wuggy_spawn",
								"texture_index": 0
							}
						}
					}
				},
				"key": "minecraft:client_entity",
				"children": [
					{
						"open": {
							"description": {
								"identifier": "ftl:huggy_wuggy_vent",
								"materials": {
									"default": "enderman"
								},
								"textures": {
									"default": "textures/entity/huggy_wuggy/ftl_huggy_wuggy"
								},
								"geometry": {
									"default": "geometry.ftl_huggy_wuggy"
								},
								"animations": {
									"moving": "animation.ftl_huggy_wuggy_vent.moving",
									"ftl_huggy_wuggy_vent_general": "animation.ftl_huggy_wuggy_vent.general",
									"running": "animation.ftl_huggy_wuggy_vent.running",
									"jumping": "animation.ftl_huggy_wuggy_vent.jumping",
									"looking": "animation.ftl_huggy_wuggy_vent.looking",
									"move": "controller.animation.ftl_huggy_wuggy_vent.move",
									"general": "controller.animation.ftl_huggy_wuggy_vent.general",
									"looking_at": "controller.animation.ftl_huggy_wuggy_vent.looking_at"
								},
								"scripts": {
									"animate": [
										"move",
										"general",
										"looking_at"
									]
								},
								"render_controllers": [
									"controller.render.skeleton"
								],
								"spawn_egg": {
									"texture": "ftl_huggy_wuggy_spawn",
									"texture_index": 0
								}
							}
						},
						"key": "description",
						"is_minified": true,
						"children": {
							"identifier": "ftl:huggy_wuggy_vent",
							"materials": {
								"default": "enderman"
							},
							"textures": {
								"default": "textures/entity/huggy_wuggy/ftl_huggy_wuggy"
							},
							"geometry": {
								"default": "geometry.ftl_huggy_wuggy"
							},
							"animations": {
								"moving": "animation.ftl_huggy_wuggy_vent.moving",
								"ftl_huggy_wuggy_vent_general": "animation.ftl_huggy_wuggy_vent.general",
								"running": "animation.ftl_huggy_wuggy_vent.running",
								"jumping": "animation.ftl_huggy_wuggy_vent.jumping",
								"looking": "animation.ftl_huggy_wuggy_vent.looking",
								"move": "controller.animation.ftl_huggy_wuggy_vent.move",
								"general": "controller.animation.ftl_huggy_wuggy_vent.general",
								"looking_at": "controller.animation.ftl_huggy_wuggy_vent.looking_at"
							},
							"scripts": {
								"animate": [
									"move",
									"general",
									"looking_at"
								]
							},
							"render_controllers": [
								"controller.render.skeleton"
							],
							"spawn_egg": {
								"texture": "ftl_huggy_wuggy_spawn",
								"texture_index": 0
							}
						}
					}
				]
			}
		]
	}
}