{
	"file_path": "C:\\Users\\enner\\AppData\\Local\\Packages\\Microsoft.MinecraftUWP_8wekyb3d8bbwe\\LocalState\\games\\com.mojang\\development_resource_packs\\Poppy PlayTime addon RP\\entity\\huggy_wuggy.json",
	"file_type": "client_entity",
	"format_version": 1,
	"file_uuid": "a22d8af8_e40b_41d1_a059_0e133d571eb9",
	"file_version": 5,
	"cache_content": {
		"children": [
			{
				"open": {
					"format_version": "1.10.0",
					"minecraft:client_entity": {
						"description": {
							"identifier": "ftl:huggy_wuggy",
							"materials": {
								"default": "enderman"
							},
							"textures": {
								"default": "textures/entity/huggy_wuggy/ftl_huggy_wuggy"
							},
							"geometry": {
								"default": "geometry.ftl_huggy_wuggy"
							},
							"animations": {
								"moving": "animation.ftl_huggy_wuggy.moving",
								"ftl_huggy_wuggy_general": "animation.ftl_huggy_wuggy.general",
								"running": "animation.ftl_huggy_wuggy.running",
								"jumping": "animation.ftl_huggy_wuggy.jumping",
								"climbing": "animation.ftl_huggy_wuggy.climbing",
								"looking": "animation.ftl_huggy_wuggy.looking",
								"attack_controllers": "controller.animation.ftl_huggy_wuggy.attack",
								"attack": "animation.ftl_huggy_wuggy.attack",
								"attack2": "animation.ftl_huggy_wuggy.attack2",
								"move": "controller.animation.ftl_huggy_wuggy.move",
								"general": "controller.animation.ftl_huggy_wuggy.general",
								"looking_at": "controller.animation.ftl_huggy_wuggy.looking_at"
							},
							"scripts": {
								"animate": [
									"move",
									"general",
									"attack_controllers",
									"looking_at"
								],
								"pre_animation": [
									"variable.attack = Math.sin(variable.attack_time * 30.0);"
								]
							},
							"render_controllers": [
								"controller.render.skeleton"
							],
							"spawn_egg": {
								"texture": "ftl_huggy_wuggy_spawn",
								"texture_index": 0
							}
						}
					}
				},
				"data": "1.10.0",
				"key": "format_version"
			},
			{
				"open": {
					"format_version": "1.10.0",
					"minecraft:client_entity": {
						"description": {
							"identifier": "ftl:huggy_wuggy",
							"materials": {
								"default": "enderman"
							},
							"textures": {
								"default": "textures/entity/huggy_wuggy/ftl_huggy_wuggy"
							},
							"geometry": {
								"default": "geometry.ftl_huggy_wuggy"
							},
							"animations": {
								"moving": "animation.ftl_huggy_wuggy.moving",
								"ftl_huggy_wuggy_general": "animation.ftl_huggy_wuggy.general",
								"running": "animation.ftl_huggy_wuggy.running",
								"jumping": "animation.ftl_huggy_wuggy.jumping",
								"climbing": "animation.ftl_huggy_wuggy.climbing",
								"looking": "animation.ftl_huggy_wuggy.looking",
								"attack_controllers": "controller.animation.ftl_huggy_wuggy.attack",
								"attack": "animation.ftl_huggy_wuggy.attack",
								"attack2": "animation.ftl_huggy_wuggy.attack2",
								"move": "controller.animation.ftl_huggy_wuggy.move",
								"general": "controller.animation.ftl_huggy_wuggy.general",
								"looking_at": "controller.animation.ftl_huggy_wuggy.looking_at"
							},
							"scripts": {
								"animate": [
									"move",
									"general",
									"attack_controllers",
									"looking_at"
								],
								"pre_animation": [
									"variable.attack = Math.sin(variable.attack_time * 30.0);"
								]
							},
							"render_controllers": [
								"controller.render.skeleton"
							],
							"spawn_egg": {
								"texture": "ftl_huggy_wuggy_spawn",
								"texture_index": 0
							}
						}
					}
				},
				"key": "minecraft:client_entity",
				"children": [
					{
						"open": {
							"description": {
								"identifier": "ftl:huggy_wuggy",
								"materials": {
									"default": "enderman"
								},
								"textures": {
									"default": "textures/entity/huggy_wuggy/ftl_huggy_wuggy"
								},
								"geometry": {
									"default": "geometry.ftl_huggy_wuggy"
								},
								"animations": {
									"moving": "animation.ftl_huggy_wuggy.moving",
									"ftl_huggy_wuggy_general": "animation.ftl_huggy_wuggy.general",
									"running": "animation.ftl_huggy_wuggy.running",
									"jumping": "animation.ftl_huggy_wuggy.jumping",
									"climbing": "animation.ftl_huggy_wuggy.climbing",
									"looking": "animation.ftl_huggy_wuggy.looking",
									"attack_controllers": "controller.animation.ftl_huggy_wuggy.attack",
									"attack": "animation.ftl_huggy_wuggy.attack",
									"attack2": "animation.ftl_huggy_wuggy.attack2",
									"move": "controller.animation.ftl_huggy_wuggy.move",
									"general": "controller.animation.ftl_huggy_wuggy.general",
									"looking_at": "controller.animation.ftl_huggy_wuggy.looking_at"
								},
								"scripts": {
									"animate": [
										"move",
										"general",
										"attack_controllers",
										"looking_at"
									],
									"pre_animation": [
										"variable.attack = Math.sin(variable.attack_time * 30.0);"
									]
								},
								"render_controllers": [
									"controller.render.skeleton"
								],
								"spawn_egg": {
									"texture": "ftl_huggy_wuggy_spawn",
									"texture_index": 0
								}
							}
						},
						"key": "description",
						"children": [
							{
								"data": "ftl:huggy_wuggy",
								"key": "identifier"
							},
							{
								"key": "materials",
								"is_minified": true,
								"children": {
									"default": "enderman"
								}
							},
							{
								"key": "textures",
								"is_minified": true,
								"children": {
									"default": "textures/entity/huggy_wuggy/ftl_huggy_wuggy"
								}
							},
							{
								"open": {
									"identifier": "ftl:huggy_wuggy",
									"materials": {
										"default": "enderman"
									},
									"textures": {
										"default": "textures/entity/huggy_wuggy/ftl_huggy_wuggy"
									},
									"geometry": {
										"default": "geometry.ftl_huggy_wuggy"
									},
									"animations": {
										"moving": "animation.ftl_huggy_wuggy.moving",
										"ftl_huggy_wuggy_general": "animation.ftl_huggy_wuggy.general",
										"running": "animation.ftl_huggy_wuggy.running",
										"jumping": "animation.ftl_huggy_wuggy.jumping",
										"climbing": "animation.ftl_huggy_wuggy.climbing",
										"looking": "animation.ftl_huggy_wuggy.looking",
										"attack_controllers": "controller.animation.ftl_huggy_wuggy.attack",
										"attack": "animation.ftl_huggy_wuggy.attack",
										"attack2": "animation.ftl_huggy_wuggy.attack2",
										"move": "controller.animation.ftl_huggy_wuggy.move",
										"general": "controller.animation.ftl_huggy_wuggy.general",
										"looking_at": "controller.animation.ftl_huggy_wuggy.looking_at"
									},
									"scripts": {
										"animate": [
											"move",
											"general",
											"attack_controllers",
											"looking_at"
										],
										"pre_animation": [
											"variable.attack = Math.sin(variable.attack_time * 30.0);"
										]
									},
									"render_controllers": [
										"controller.render.skeleton"
									],
									"spawn_egg": {
										"texture": "ftl_huggy_wuggy_spawn",
										"texture_index": 0
									}
								},
								"key": "geometry",
								"is_minified": true,
								"children": {
									"default": "geometry.ftl_huggy_wuggy"
								}
							},
							{
								"open": {
									"identifier": "ftl:huggy_wuggy",
									"materials": {
										"default": "enderman"
									},
									"textures": {
										"default": "textures/entity/huggy_wuggy/ftl_huggy_wuggy"
									},
									"geometry": {
										"default": "geometry.ftl_huggy_wuggy"
									},
									"animations": {
										"moving": "animation.ftl_huggy_wuggy.moving",
										"ftl_huggy_wuggy_general": "animation.ftl_huggy_wuggy.general",
										"running": "animation.ftl_huggy_wuggy.running",
										"jumping": "animation.ftl_huggy_wuggy.jumping",
										"climbing": "animation.ftl_huggy_wuggy.climbing",
										"looking": "animation.ftl_huggy_wuggy.looking",
										"attack_controllers": "controller.animation.ftl_huggy_wuggy.attack",
										"attack": "animation.ftl_huggy_wuggy.attack",
										"attack2": "animation.ftl_huggy_wuggy.attack2",
										"move": "controller.animation.ftl_huggy_wuggy.move",
										"general": "controller.animation.ftl_huggy_wuggy.general",
										"looking_at": "controller.animation.ftl_huggy_wuggy.looking_at"
									},
									"scripts": {
										"animate": [
											"move",
											"general",
											"attack_controllers",
											"looking_at"
										],
										"pre_animation": [
											"variable.attack = Math.sin(variable.attack_time * 30.0);"
										]
									},
									"render_controllers": [
										"controller.render.skeleton"
									],
									"spawn_egg": {
										"texture": "ftl_huggy_wuggy_spawn",
										"texture_index": 0
									}
								},
								"key": "animations",
								"is_minified": true,
								"children": {
									"moving": "animation.ftl_huggy_wuggy.moving",
									"ftl_huggy_wuggy_general": "animation.ftl_huggy_wuggy.general",
									"running": "animation.ftl_huggy_wuggy.running",
									"jumping": "animation.ftl_huggy_wuggy.jumping",
									"climbing": "animation.ftl_huggy_wuggy.climbing",
									"looking": "animation.ftl_huggy_wuggy.looking",
									"attack_controllers": "controller.animation.ftl_huggy_wuggy.attack",
									"attack": "animation.ftl_huggy_wuggy.attack",
									"attack2": "animation.ftl_huggy_wuggy.attack2",
									"move": "controller.animation.ftl_huggy_wuggy.move",
									"general": "controller.animation.ftl_huggy_wuggy.general",
									"looking_at": "controller.animation.ftl_huggy_wuggy.looking_at"
								}
							},
							{
								"key": "scripts",
								"is_minified": true,
								"children": {
									"animate": [
										"move",
										"general",
										"attack_controllers",
										"looking_at"
									],
									"pre_animation": [
										"variable.attack = Math.sin(variable.attack_time * 30.0);"
									]
								}
							},
							{
								"key": "render_controllers",
								"is_minified": true,
								"children": [
									"controller.render.skeleton"
								]
							},
							{
								"key": "spawn_egg",
								"is_minified": true,
								"children": {
									"texture": "ftl_huggy_wuggy_spawn",
									"texture_index": 0
								}
							}
						]
					}
				]
			}
		]
	}
}