{
  "format_version": "1.8.0",
  "animations": {
    "animation.witch.general": {
      "loop": true,
      "bones": {
        "nose": {
          "rotation": [
            "(variable.isholdingitem ? -25.7831 : (math.sin(query.life_time * 57.296) * 4.5)) - this",
            0,
            "(math.cos(query.life_time * 57.296) * 2.5) - this"
          ]
        }
      }
    },
    "animation.witch.villager_general": {
      "loop": true,
      "bones": {
        "arms": {
          "position": [
            0,
            -1,
            -1
          ],
          "rotation": [
            "-42.97 - this",
            0,
            0
          ]
        }
      }
    },
    "animation.witch.move": {
      "anim_time_update": "query.modified_distance_moved",
      "loop": true,
      "bones": {
        "leg0": {
          "rotation": [
            "(math.cos(query.anim_time * 38.17) * 40.0) - this",
            "-this",
            0
          ]
        },
        "leg1": {
          "rotation": [
            "(math.cos(query.anim_time * 38.17 + 180) * 40.0) - this",
            "-this",
            0
          ]
        }
      }
    },
    "animation.Cyan.idle": {
      "loop": true,
      "animation_length": 5,
      "bones": {
        "Jaw": {
          "rotation": {
            "0.0": [
              0,
              0,
              0
            ],
            "0.1667": [
              -52.5,
              0,
              0
            ],
            "0.3333": [
              3.4,
              0,
              0
            ],
            "0.625": [
              2.27,
              0,
              0
            ],
            "0.7083": [
              -18.05,
              0,
              0
            ],
            "0.7917": [
              -5.04,
              0,
              0
            ],
            "0.9583": [
              -15.52,
              0,
              0
            ],
            "1.2083": [
              0,
              0,
              0
            ],
            "2.25": {
              "pre": [
                0,
                0,
                0
              ],
              "post": [
                0,
                0,
                0
              ],
              "lerp_mode": "catmullrom"
            },
            "2.5": {
              "post": [
                -7.5,
                0,
                0
              ],
              "lerp_mode": "catmullrom"
            },
            "2.75": {
              "post": [
                0,
                0,
                0
              ],
              "lerp_mode": "catmullrom"
            }
          }
        },
        "Head": {
          "rotation": {
            "0.0": [
              0,
              0,
              0
            ],
            "0.1667": [
              12.5,
              0,
              0
            ],
            "0.4583": [
              15.84288,
              30.32448,
              12.2921
            ],
            "0.625": [
              15.84,
              30.32,
              12.29
            ],
            "0.7917": [
              15.29532,
              -28.02942,
              -11.17061
            ],
            "1.0": [
              15.3,
              -28.03,
              -11.17
            ],
            "1.2083": [
              -9.71432,
              9.38487,
              3.45369
            ],
            "1.4167": [
              0,
              0,
              0
            ]
          }
        },
        "bone10": {
          "rotation": [
            0,
            0,
            0
          ]
        },
        "Leg": {
          "rotation": {
            "0.5833": [
              0,
              0,
              0
            ],
            "0.7083": [
              0,
              10,
              0
            ],
            "0.7917": [
              0,
              -1.67,
              0
            ],
            "0.9583": [
              0,
              6.5,
              0
            ],
            "1.2083": [
              0,
              0,
              0
            ],
            "2.25": {
              "pre": [
                0,
                0,
                0
              ],
              "post": [
                0,
                0,
                0
              ],
              "lerp_mode": "catmullrom"
            },
            "2.5417": {
              "post": [
                0,
                0,
                0
              ],
              "lerp_mode": "catmullrom"
            },
            "2.75": {
              "post": [
                0,
                0,
                0
              ],
              "lerp_mode": "catmullrom"
            }
          }
        },
        "Body": {
          "rotation": {
            "0.0": {
              "post": [
                0,
                0,
                0
              ],
              "lerp_mode": "catmullrom"
            },
            "0.1667": {
              "post": [
                -17.5,
                0,
                0
              ],
              "lerp_mode": "catmullrom"
            },
            "0.4583": {
              "post": [
                -19.75689,
                -4.70704,
                1.68825
              ],
              "lerp_mode": "catmullrom"
            },
            "0.75": {
              "post": [
                -17.5,
                0,
                0
              ],
              "lerp_mode": "catmullrom"
            },
            "0.875": {
              "post": [
                0,
                0,
                0
              ],
              "lerp_mode": "catmullrom"
            },
            "1.125": {
              "post": [
                3.67,
                0,
                0
              ],
              "lerp_mode": "catmullrom"
            },
            "1.4167": {
              "post": [
                0,
                0,
                0
              ],
              "lerp_mode": "catmullrom"
            },
            "1.875": {
              "post": [
                4.75,
                0,
                0
              ],
              "lerp_mode": "catmullrom"
            },
            "2.4167": {
              "post": [
                0,
                0,
                0
              ],
              "lerp_mode": "catmullrom"
            },
            "2.7917": {
              "post": [
                2.18,
                0,
                0
              ],
              "lerp_mode": "catmullrom"
            },
            "3.25": {
              "post": [
                0,
                0,
                0
              ],
              "lerp_mode": "catmullrom"
            },
            "3.625": {
              "post": [
                -4.33526,
                0.18416,
                -0.0684
              ],
              "lerp_mode": "catmullrom"
            },
            "3.875": {
              "post": [
                -2.26917,
                0.19587,
                -0.07392
              ],
              "lerp_mode": "catmullrom"
            },
            "4.25": {
              "post": [
                -4.34,
                0.18,
                -0.07
              ],
              "lerp_mode": "catmullrom"
            },
            "4.6667": {
              "post": [
                -1.84026,
                0.17977,
                -0.07009
              ],
              "lerp_mode": "catmullrom"
            },
            "5.0": {
              "post": [
                -4.34,
                0.18,
                -0.07
              ],
              "lerp_mode": "catmullrom"
            }
          }
        },
        "Tail": {
          "rotation": [
            0,
            0,
            0
          ]
        },
        "Tail2": {
          "rotation": {
            "0.0": {
              "post": [
                0,
                0,
                0
              ],
              "lerp_mode": "catmullrom"
            },
            "0.25": {
              "post": [
                32.5,
                0,
                0
              ],
              "lerp_mode": "catmullrom"
            },
            "0.6667": {
              "post": [
                10.29208,
                22.48496,
                -0.84476
              ],
              "lerp_mode": "catmullrom"
            },
            "1.0": {
              "post": [
                4.69658,
                -27.78767,
                4.66992
              ],
              "lerp_mode": "catmullrom"
            },
            "1.375": {
              "post": [
                0,
                0,
                0
              ],
              "lerp_mode": "catmullrom"
            }
          }
        },
        "Tail3": {
          "rotation": {
            "0.0": {
              "post": [
                0,
                0,
                0
              ],
              "lerp_mode": "catmullrom"
            },
            "0.25": {
              "post": [
                22.5,
                0,
                0
              ],
              "lerp_mode": "catmullrom"
            },
            "0.7917": {
              "post": [
                -22.51105,
                47.27024,
                5.41209
              ],
              "lerp_mode": "catmullrom"
            },
            "1.25": {
              "post": [
                -9.18301,
                -32.37072,
                -3.04696
              ],
              "lerp_mode": "catmullrom"
            },
            "1.5833": {
              "post": [
                0,
                0,
                0
              ],
              "lerp_mode": "catmullrom"
            }
          }
        },
        "Leg1": {
          "rotation": {
            "0.1667": [
              0,
              0,
              0
            ],
            "0.3333": [
              0,
              -5,
              0
            ],
            "0.4583": [
              -5,
              -6.04455,
              0
            ],
            "0.5833": [
              6.875,
              -7.08909,
              0
            ],
            "0.7917": [
              0,
              -8.83,
              0
            ],
            "0.9583": [
              0,
              0,
              0
            ]
          }
        }
      }
    },
    "animation.Cyan.walk": {
      "loop": true,
      "animation_length": 0.75,
      "bones": {
        "Jaw": {
          "rotation": {
            "0.0": [
              -76.70297,
              0.65906,
              1.69781
            ],
            "0.1667": [
              -24.20231,
              0.65927,
              1.6983
            ],
            "0.3333": [
              -51.70165,
              0.65948,
              1.69878
            ],
            "0.5417": [
              -21.70099,
              0.65969,
              1.69927
            ],
            "0.75": [
              -76.7,
              0.66,
              1.7
            ]
          }
        },
        "Head": {
          "rotation": {
            "0.0": [
              35,
              0,
              0
            ],
            "0.1667": [
              21.94384,
              -4.04888,
              -17.51631
            ],
            "0.3333": [
              46.54022,
              1.89908,
              -0.22395
            ],
            "0.5417": [
              23.69919,
              -2.79754,
              9.65611
            ],
            "0.75": [
              35,
              0,
              0
            ]
          },
          "position": {
            "0.0": [
              0,
              1,
              0
            ],
            "0.3333": [
              0,
              1,
              0
            ],
            "0.75": [
              0,
              1,
              0
            ]
          }
        },
        "bone9": {
          "rotation": [
            0,
            0,
            0
          ]
        },
        "Leg": {
          "rotation": {
            "0.0": [
              25,
              0,
              0
            ],
            "0.3333": [
              -35,
              0,
              0
            ],
            "0.75": [
              25,
              0,
              0
            ]
          },
          "position": {
            "0.0": [
              0,
              0,
              0
            ],
            "0.1667": [
              0,
              2,
              0
            ],
            "0.3333": [
              0,
              0,
              0
            ],
            "0.75": [
              0,
              0,
              0
            ]
          }
        },
        "bone7": {
          "rotation": {
            "0.0": [
              27.5,
              0,
              0
            ],
            "0.1667": [
              -45,
              0,
              0
            ],
            "0.3333": [
              37.5,
              0,
              0
            ],
            "0.75": [
              27.5,
              0,
              0
            ]
          },
          "position": [
            0,
            0,
            0
          ]
        },
        "Body": {
          "rotation": {
            "0.0": [
              0,
              0,
              0
            ],
            "0.1667": [
              -3.49472,
              0.57949,
              11.21469
            ],
            "0.3333": [
              -7.0844,
              -0.07154,
              2.46694
            ],
            "0.5417": [
              -3.50731,
              -0.49753,
              -6.2524
            ],
            "0.75": [
              0,
              0,
              0
            ]
          },
          "position": {
            "0.0": [
              0,
              -1,
              0
            ],
            "0.1667": [
              0,
              -2,
              0
            ],
            "0.3333": [
              0,
              -1,
              0
            ],
            "0.5417": [
              0,
              -2,
              0
            ],
            "0.75": [
              0,
              -1,
              0
            ]
          }
        },
        "Tail": {
          "rotation": {
            "0.0": [
              7.5,
              0,
              0
            ],
            "0.1667": [
              11.63621,
              -14.70521,
              -2.99237
            ],
            "0.3333": [
              15,
              0,
              0
            ],
            "0.5417": [
              11.41902,
              9.80594,
              1.97018
            ],
            "0.75": [
              7.5,
              0,
              0
            ]
          }
        },
        "Tail2": {
          "rotation": {
            "0.0": [
              0,
              -25,
              0
            ],
            "0.3333": [
              0,
              35,
              0
            ],
            "0.75": [
              0,
              -25,
              0
            ]
          }
        },
        "Tail3": {
          "rotation": {
            "0.0": [
              0,
              -35,
              0
            ],
            "0.3333": [
              -20,
              42.5,
              0
            ],
            "0.75": [
              0,
              -35,
              0
            ]
          }
        },
        "Leg1": {
          "rotation": {
            "0.0": [
              -25,
              0,
              0
            ],
            "0.3333": [
              17.5,
              0,
              0
            ],
            "0.75": [
              -25,
              0,
              0
            ]
          },
          "position": {
            "0.0": [
              0,
              0,
              0
            ],
            "0.3333": [
              0,
              0,
              0
            ],
            "0.5417": [
              0,
              2,
              0
            ],
            "0.75": [
              0,
              0,
              0
            ]
          }
        },
        "bone14": {
          "rotation": {
            "0.0": [
              27.5,
              0,
              0
            ],
            "0.3333": [
              7.5,
              0,
              0
            ],
            "0.5417": [
              -37.5,
              0,
              0
            ],
            "0.75": [
              27.5,
              0,
              0
            ]
          }
        }
      }
    },
    "animation.Cyan.jump": {
      "animation_length": 1.5,
      "bones": {
        "Jaw": {
          "rotation": {
            "0.0": {
              "post": [
                0,
                0,
                0
              ],
              "lerp_mode": "catmullrom"
            },
            "0.5833": {
              "post": [
                2.5,
                0,
                0
              ],
              "lerp_mode": "catmullrom"
            },
            "1.125": {
              "post": [
                -37.5,
                0,
                0
              ],
              "lerp_mode": "catmullrom"
            },
            "1.5": {
              "post": [
                0,
                0,
                0
              ],
              "lerp_mode": "catmullrom"
            }
          }
        },
        "Head": {
          "rotation": {
            "0.0": {
              "post": [
                0,
                0,
                0
              ],
              "lerp_mode": "catmullrom"
            },
            "0.5833": {
              "post": [
                30,
                0,
                0
              ],
              "lerp_mode": "catmullrom"
            },
            "1.1667": {
              "post": [
                -31.28,
                0,
                0
              ],
              "lerp_mode": "catmullrom"
            },
            "1.5": {
              "post": [
                0,
                0,
                0
              ],
              "lerp_mode": "catmullrom"
            }
          }
        },
        "Leg": {
          "rotation": {
            "0.0": {
              "post": [
                0,
                0,
                0
              ],
              "lerp_mode": "catmullrom"
            },
            "0.5833": {
              "post": [
                -52.5,
                0,
                0
              ],
              "lerp_mode": "catmullrom"
            },
            "1.25": {
              "post": [
                -38.37,
                0,
                0
              ],
              "lerp_mode": "catmullrom"
            },
            "1.5": {
              "post": [
                0,
                0,
                0
              ],
              "lerp_mode": "catmullrom"
            }
          },
          "position": {
            "0.0": {
              "post": [
                0,
                0,
                0
              ],
              "lerp_mode": "catmullrom"
            },
            "0.5833": {
              "post": [
                0,
                3,
                0
              ],
              "lerp_mode": "catmullrom"
            },
            "1.25": {
              "post": [
                0,
                0.76,
                -1
              ],
              "lerp_mode": "catmullrom"
            },
            "1.5": {
              "post": [
                0,
                0,
                0
              ],
              "lerp_mode": "catmullrom"
            }
          }
        },
        "bone7": {
          "rotation": {
            "0.0": {
              "post": [
                0,
                0,
                0
              ],
              "lerp_mode": "catmullrom"
            },
            "0.5833": {
              "post": [
                -37.5,
                0,
                0
              ],
              "lerp_mode": "catmullrom"
            },
            "1.25": {
              "post": [
                80.94,
                0,
                0
              ],
              "lerp_mode": "catmullrom"
            },
            "1.5": {
              "post": [
                0,
                0,
                0
              ],
              "lerp_mode": "catmullrom"
            }
          }
        },
        "Body": {
          "rotation": {
            "0.0": {
              "post": [
                0,
                0,
                0
              ],
              "lerp_mode": "catmullrom"
            },
            "0.5": {
              "post": [
                -22.5,
                0,
                0
              ],
              "lerp_mode": "catmullrom"
            },
            "1.0833": {
              "post": [
                29.94,
                0,
                0
              ],
              "lerp_mode": "catmullrom"
            },
            "1.5": {
              "post": [
                0,
                0,
                0
              ],
              "lerp_mode": "catmullrom"
            }
          }
        },
        "Tail": {
          "rotation": {
            "0.0": [
              0,
              0,
              0
            ],
            "0.875": [
              0,
              0,
              0
            ],
            "1.5": [
              0,
              0,
              0
            ]
          }
        },
        "Tail2": {
          "rotation": {
            "0.0": {
              "post": [
                0,
                0,
                0
              ],
              "lerp_mode": "catmullrom"
            },
            "0.5833": {
              "post": [
                -22.5,
                0,
                0
              ],
              "lerp_mode": "catmullrom"
            },
            "1.1667": {
              "post": [
                50.45,
                0,
                0
              ],
              "lerp_mode": "catmullrom"
            },
            "1.5": {
              "post": [
                0,
                0,
                0
              ],
              "lerp_mode": "catmullrom"
            }
          }
        },
        "Tail3": {
          "rotation": {
            "0.0": {
              "post": [
                0,
                0,
                0
              ],
              "lerp_mode": "catmullrom"
            },
            "0.5833": {
              "post": [
                -55,
                0,
                0
              ],
              "lerp_mode": "catmullrom"
            },
            "1.1667": {
              "post": [
                6.92,
                0,
                0
              ],
              "lerp_mode": "catmullrom"
            },
            "1.5": {
              "post": [
                0,
                0,
                0
              ],
              "lerp_mode": "catmullrom"
            }
          }
        },
        "Leg1": {
          "rotation": {
            "0.0": {
              "post": [
                0,
                0,
                0
              ],
              "lerp_mode": "catmullrom"
            },
            "0.5833": {
              "post": [
                -33.2561,
                6.671,
                7.06371
              ],
              "lerp_mode": "catmullrom"
            },
            "1.1667": {
              "post": [
                -44.94293,
                2.49599,
                2.64292
              ],
              "lerp_mode": "catmullrom"
            },
            "1.5": {
              "post": [
                0,
                0,
                0
              ],
              "lerp_mode": "catmullrom"
            }
          },
          "position": {
            "0.0": {
              "post": [
                0,
                0,
                0
              ],
              "lerp_mode": "catmullrom"
            },
            "0.5833": {
              "post": [
                0,
                3,
                0
              ],
              "lerp_mode": "catmullrom"
            },
            "1.1667": {
              "post": [
                0,
                1.12,
                -1
              ],
              "lerp_mode": "catmullrom"
            },
            "1.5": {
              "post": [
                0,
                0,
                0
              ],
              "lerp_mode": "catmullrom"
            }
          }
        },
        "bone14": {
          "rotation": {
            "0.0": {
              "post": [
                0,
                0,
                0
              ],
              "lerp_mode": "catmullrom"
            },
            "0.6667": {
              "post": [
                -55,
                0,
                0
              ],
              "lerp_mode": "catmullrom"
            },
            "1.25": {
              "post": [
                61.58,
                0,
                0
              ],
              "lerp_mode": "catmullrom"
            },
            "1.5": {
              "post": [
                0,
                0,
                0
              ],
              "lerp_mode": "catmullrom"
            }
          }
        }
      }
    }
  }
}