{
  "format_version": "1.8.0",
  "animations": {
    "animation.witch.general": {
      "loop": true,
      "bones": {
        "nose": {
          "rotation": [
            "(variable.isholdingitem ? -25.7831 : (math.sin(query.life_time * 57.296) * 4.5)) - this",
            0,
            "(math.cos(query.life_time * 57.296) * 2.5) - this"
          ]
        }
      }
    },
    "animation.witch.villager_general": {
      "loop": true,
      "bones": {
        "arms": {
          "position": [
            0,
            -1,
            -1
          ],
          "rotation": [
            "-42.97 - this",
            0,
            0
          ]
        }
      }
    },
    "animation.witch.move": {
      "anim_time_update": "query.modified_distance_moved",
      "loop": true,
      "bones": {
        "leg0": {
          "rotation": [
            "(math.cos(query.anim_time * 38.17) * 40.0) - this",
            "-this",
            0
          ]
        },
        "leg1": {
          "rotation": [
            "(math.cos(query.anim_time * 38.17 + 180) * 40.0) - this",
            "-this",
            0
          ]
        }
      }
    },
    "animation.Green.idle": {
      "loop": true,
      "animation_length": 2.08333,
      "bones": {
        "bone": {
          "rotation": {
            "0.0": [
              0,
              0,
              0
            ],
            "0.4583": [
              -15,
              0,
              0
            ],
            "0.75": [
              -15,
              0,
              0
            ],
            "1.0417": [
              0,
              0,
              0
            ]
          }
        },
        "bone3": {
          "position": {
            "0.0": [
              0,
              0,
              0
            ],
            "0.5": [
              0,
              2,
              0
            ],
            "1.0": [
              2,
              2,
              0
            ],
            "1.5": [
              2,
              0,
              0
            ],
            "2.0": [
              0,
              0,
              0
            ]
          },
          "scale": 1
        },
        "bone4": {
          "rotation": {
            "0.0": [
              0,
              0,
              0
            ],
            "0.4583": [
              20,
              0,
              0
            ],
            "0.75": [
              20,
              0,
              0
            ],
            "1.0417": [
              0,
              0,
              0
            ]
          }
        },
        "bone6": {
          "rotation": {
            "0.0": {
              "post": [
                0,
                0,
                0
              ],
              "lerp_mode": "catmullrom"
            },
            "0.4583": {
              "post": [
                -17.5,
                0,
                0
              ],
              "lerp_mode": "catmullrom"
            },
            "0.7917": [
              -7.5,
              0,
              0
            ],
            "1.0833": [
              0,
              0,
              0
            ]
          }
        },
        "bone7": {
          "rotation": {
            "0.0": {
              "post": [
                0,
                0,
                0
              ],
              "lerp_mode": "catmullrom"
            },
            "0.7917": {
              "post": [
                -53.71732,
                42.33892,
                -37.51561
              ],
              "lerp_mode": "catmullrom"
            },
            "1.2917": {
              "post": [
                -38.19947,
                -3.58732,
                -88.4662
              ],
              "lerp_mode": "catmullrom"
            },
            "1.7917": {
              "post": [
                -38.2,
                -3.59,
                -88.47
              ],
              "lerp_mode": "catmullrom"
            },
            "2.0833": {
              "post": [
                0,
                0,
                0
              ],
              "lerp_mode": "catmullrom"
            }
          }
        },
        "bone10": {
          "rotation": [
            0,
            0,
            0
          ]
        },
        "bone11": {
          "position": {
            "0.0": [
              0,
              0,
              0
            ],
            "0.5": [
              0,
              -2,
              0
            ],
            "1.0": [
              -2,
              -2,
              0
            ],
            "1.5": [
              -2,
              0,
              0
            ],
            "2.0": [
              0,
              0,
              0
            ]
          }
        },
        "bone12": {
          "rotation": {
            "0.0": {
              "post": [
                0,
                0,
                0
              ],
              "lerp_mode": "catmullrom"
            },
            "0.5": {
              "post": [
                12.5,
                -25,
                0
              ],
              "lerp_mode": "catmullrom"
            },
            "1.0": {
              "post": [
                11.88408,
                -20.22307,
                1.60048
              ],
              "lerp_mode": "catmullrom"
            },
            "1.25": {
              "post": [
                13.77014,
                13.40638,
                11.46122
              ],
              "lerp_mode": "catmullrom"
            },
            "1.7917": {
              "post": [
                13.18753,
                14.19889,
                9.01962
              ],
              "lerp_mode": "catmullrom"
            },
            "2.0833": {
              "post": [
                0,
                0,
                0
              ],
              "lerp_mode": "catmullrom"
            }
          }
        },
        "bone13": {
          "rotation": {
            "0.0": [
              0,
              0,
              0
            ],
            "0.7917": [
              0,
              10,
              0
            ],
            "1.2917": [
              0,
              5,
              0
            ],
            "2.0833": [
              0,
              0,
              0
            ]
          }
        },
        "bone14": {
          "rotation": {
            "0.0": [
              0,
              0,
              0
            ],
            "0.7917": [
              0,
              0,
              2.5
            ],
            "1.2917": [
              0,
              -10,
              2.5
            ],
            "2.0833": [
              0,
              0,
              0
            ]
          }
        },
        "bone15": {
          "rotation": {
            "0.0": [
              0,
              0,
              0
            ],
            "0.7917": [
              0,
              0,
              0
            ],
            "1.2917": [
              0,
              0,
              15
            ],
            "1.7917": [
              0,
              0,
              15
            ],
            "2.0833": [
              0,
              0,
              0
            ]
          }
        },
        "bone16": {
          "rotation": {
            "0.0": [
              0,
              0,
              0
            ],
            "0.7917": [
              0,
              0,
              0
            ],
            "1.2917": [
              0,
              0,
              72.5
            ],
            "1.7917": [
              0,
              0,
              77.5
            ],
            "2.0833": [
              0,
              0,
              0
            ]
          }
        },
        "bone17": {
          "rotation": {
            "0.7917": [
              0,
              0,
              0
            ],
            "1.2917": [
              0,
              0,
              72.5
            ],
            "1.7917": [
              0,
              0,
              55
            ],
            "2.0833": [
              0,
              0,
              0
            ]
          }
        },
        "bone18": {
          "rotation": {
            "0.0": {
              "post": [
                0,
                0,
                0
              ],
              "lerp_mode": "catmullrom"
            },
            "0.8333": {
              "post": [
                0,
                0,
                5
              ],
              "lerp_mode": "catmullrom"
            },
            "1.2917": {
              "post": [
                0,
                0,
                -90
              ],
              "lerp_mode": "catmullrom"
            },
            "1.7917": {
              "post": [
                29.02504,
                9.57658,
                -79.09948
              ],
              "lerp_mode": "catmullrom"
            },
            "2.0833": {
              "post": [
                0,
                0,
                0
              ],
              "lerp_mode": "catmullrom"
            }
          }
        },
        "bone19": {
          "rotation": {
            "0.0": [
              0,
              0,
              0
            ],
            "0.7917": [
              0,
              0,
              12.5
            ],
            "1.2917": [
              0,
              0,
              45
            ],
            "1.7917": [
              38.9854,
              17.66046,
              54.54013
            ],
            "2.0833": [
              0,
              0,
              0
            ]
          }
        },
        "bone20": {
          "rotation": {
            "0.0": [
              0,
              0,
              0
            ],
            "0.7917": [
              0,
              0,
              10
            ],
            "1.0": [
              -5.36396,
              1.33139,
              27.03128
            ],
            "1.625": [
              0,
              0,
              47.5
            ],
            "2.0833": [
              0,
              0,
              0
            ]
          }
        },
        "bone21": {
          "rotation": {
            "0.0": [
              0,
              0,
              0
            ],
            "0.7917": [
              0,
              0,
              32.5
            ],
            "1.2917": [
              0,
              0,
              67.5
            ],
            "1.7917": [
              32.5,
              0,
              67.5
            ],
            "2.0833": [
              0,
              0,
              0
            ]
          }
        }
      }
    },
    "animation.Green.walk": {
      "loop": true,
      "animation_length": 2.08333,
      "bones": {
        "bone": {
          "rotation": {
            "0.0": [
              0,
              0,
              0
            ],
            "0.4583": [
              -15,
              0,
              0
            ],
            "0.75": [
              -15,
              0,
              0
            ],
            "1.0417": [
              0,
              0,
              0
            ]
          }
        },
        "bone3": {
          "position": {
            "0.0": [
              0,
              0,
              0
            ],
            "0.5": [
              0,
              2,
              0
            ],
            "1.0": [
              2,
              2,
              0
            ],
            "1.5": [
              2,
              0,
              0
            ],
            "2.0": [
              0,
              0,
              0
            ]
          },
          "scale": 1
        },
        "bone4": {
          "rotation": {
            "0.0": [
              0,
              0,
              0
            ],
            "0.4583": [
              20,
              0,
              0
            ],
            "0.75": [
              20,
              0,
              0
            ],
            "1.0417": [
              0,
              0,
              0
            ]
          }
        },
        "bone6": {
          "rotation": {
            "0.0": {
              "post": [
                0,
                0,
                0
              ],
              "lerp_mode": "catmullrom"
            },
            "0.4583": {
              "post": [
                -17.5,
                0,
                0
              ],
              "lerp_mode": "catmullrom"
            },
            "0.7917": [
              -7.5,
              0,
              0
            ],
            "1.0833": [
              0,
              0,
              0
            ]
          }
        },
        "bone7": {
          "rotation": {
            "0.0": {
              "post": [
                0,
                0,
                0
              ],
              "lerp_mode": "catmullrom"
            },
            "0.7917": {
              "post": [
                -53.71732,
                42.33892,
                -37.51561
              ],
              "lerp_mode": "catmullrom"
            },
            "1.2917": {
              "post": [
                -38.19947,
                -3.58732,
                -88.4662
              ],
              "lerp_mode": "catmullrom"
            },
            "1.7917": {
              "post": [
                -38.2,
                -3.59,
                -88.47
              ],
              "lerp_mode": "catmullrom"
            },
            "2.0833": {
              "post": [
                0,
                0,
                0
              ],
              "lerp_mode": "catmullrom"
            }
          }
        },
        "bone10": {
          "rotation": [
            0,
            0,
            0
          ]
        },
        "bone11": {
          "position": {
            "0.0": [
              0,
              0,
              0
            ],
            "0.5": [
              0,
              -2,
              0
            ],
            "1.0": [
              -2,
              -2,
              0
            ],
            "1.5": [
              -2,
              0,
              0
            ],
            "2.0": [
              0,
              0,
              0
            ]
          }
        },
        "bone12": {
          "rotation": {
            "0.0": {
              "post": [
                0,
                0,
                0
              ],
              "lerp_mode": "catmullrom"
            },
            "0.25": {
              "post": [
                4.94768,
                0.86588,
                -4.92464
              ],
              "lerp_mode": "catmullrom"
            },
            "0.5417": {
              "post": [
                10,
                0,
                0
              ],
              "lerp_mode": "catmullrom"
            },
            "0.875": {
              "post": [
                5.63113,
                -0.97517,
                5.19996
              ],
              "lerp_mode": "catmullrom"
            },
            "1.1667": {
              "post": [
                1.89,
                0,
                0
              ],
              "lerp_mode": "catmullrom"
            },
            "1.5": {
              "post": [
                4.05546,
                0.44494,
                -2.74171
              ],
              "lerp_mode": "catmullrom"
            },
            "1.75": {
              "post": [
                5.29,
                0,
                0
              ],
              "lerp_mode": "catmullrom"
            },
            "2.0833": {
              "post": [
                0,
                0,
                0
              ],
              "lerp_mode": "catmullrom"
            }
          }
        },
        "bone13": {
          "rotation": {
            "0.0": [
              0,
              0,
              0
            ],
            "0.3333": [
              -27.5,
              4.21053,
              0
            ],
            "0.5833": [
              0,
              10,
              0
            ],
            "0.9583": [
              32.5,
              7.66667,
              0
            ],
            "1.2917": [
              0,
              5,
              0
            ],
            "1.6667": [
              -40,
              2.63158,
              0
            ],
            "2.0833": [
              0,
              0,
              0
            ]
          },
          "position": {
            "0.0": [
              0,
              0,
              0
            ],
            "0.3333": [
              0,
              0,
              -4
            ],
            "0.5833": [
              0,
              0,
              0
            ],
            "0.9583": [
              0,
              0,
              -3
            ],
            "1.2917": [
              0,
              0,
              0
            ],
            "1.6667": [
              0,
              1,
              -5
            ],
            "2.0833": [
              0,
              0,
              0
            ]
          }
        },
        "bone14": {
          "rotation": {
            "0.0": [
              0,
              0,
              0
            ],
            "0.4583": [
              25,
              0,
              1.44737
            ],
            "0.7917": [
              0,
              0,
              2.5
            ],
            "1.0417": [
              -37.5,
              -5,
              2.5
            ],
            "1.2917": [
              0,
              -10,
              2.5
            ],
            "1.625": [
              20,
              -5.78947,
              1.44737
            ],
            "2.0833": [
              0,
              0,
              0
            ]
          }
        },
        "bone15": {
          "rotation": {
            "0.0": [
              0,
              0,
              0
            ],
            "0.7917": [
              0,
              0,
              0
            ],
            "1.2917": [
              0,
              0,
              15
            ],
            "1.7917": [
              0,
              0,
              15
            ],
            "2.0833": [
              0,
              0,
              0
            ]
          }
        },
        "bone16": {
          "rotation": {
            "0.0": [
              0,
              0,
              0
            ],
            "0.7917": [
              0,
              0,
              0
            ],
            "1.2917": [
              0,
              0,
              72.5
            ],
            "1.7917": [
              0,
              0,
              77.5
            ],
            "2.0833": [
              0,
              0,
              0
            ]
          }
        },
        "bone17": {
          "rotation": {
            "0.7917": [
              0,
              0,
              0
            ],
            "1.2917": [
              0,
              0,
              72.5
            ],
            "1.7917": [
              0,
              0,
              55
            ],
            "2.0833": [
              0,
              0,
              0
            ]
          }
        },
        "bone18": {
          "rotation": {
            "0.0": {
              "post": [
                0,
                0,
                0
              ],
              "lerp_mode": "catmullrom"
            },
            "0.8333": {
              "post": [
                0,
                0,
                5
              ],
              "lerp_mode": "catmullrom"
            },
            "1.2917": {
              "post": [
                0,
                0,
                -90
              ],
              "lerp_mode": "catmullrom"
            },
            "1.7917": {
              "post": [
                29.02504,
                9.57658,
                -79.09948
              ],
              "lerp_mode": "catmullrom"
            },
            "2.0833": {
              "post": [
                0,
                0,
                0
              ],
              "lerp_mode": "catmullrom"
            }
          }
        },
        "bone19": {
          "rotation": {
            "0.0": [
              0,
              0,
              0
            ],
            "0.7917": [
              0,
              0,
              12.5
            ],
            "1.2917": [
              0,
              0,
              45
            ],
            "1.7917": [
              38.9854,
              17.66046,
              54.54013
            ],
            "2.0833": [
              0,
              0,
              0
            ]
          }
        },
        "bone20": {
          "rotation": {
            "0.0": [
              0,
              0,
              0
            ],
            "0.7917": [
              0,
              0,
              10
            ],
            "1.0": [
              -5.36396,
              1.33139,
              27.03128
            ],
            "1.625": [
              0,
              0,
              47.5
            ],
            "2.0833": [
              0,
              0,
              0
            ]
          }
        },
        "bone21": {
          "rotation": {
            "0.0": [
              0,
              0,
              0
            ],
            "0.7917": [
              0,
              0,
              32.5
            ],
            "1.2917": [
              0,
              0,
              67.5
            ],
            "1.7917": [
              32.5,
              0,
              67.5
            ],
            "2.0833": [
              0,
              0,
              0
            ]
          }
        }
      }
    }
  }
}