{
  "format_version": "1.8.0",
  "animations": {
    "animation.chicken.general.v1.0": {
      "loop": true,
      "bones": {
        "body": {
          "rotation": [
            "90.0 - this",
            0,
            0
          ]
        },
        "wing0": {
          "rotation": [
            0,
            0,
            "variable.wing_flap - this"
          ]
        },
        "wing1": {
          "rotation": [
            0,
            0,
            "-variable.wing_flap - this"
          ]
        }
      }
    },
    "animation.pa_lookie4.baby_transform": {
      "loop": true,
      "bones": {
        "head": {
          "scale": 2
        }
      }
    },
    "animation.chicken.general": {
      "loop": true,
      "bones": {
        "body": {
          "rotation": [
            "-this",
            0,
            0
          ]
        },
        "wing0": {
          "rotation": [
            0,
            0,
            "variable.wing_flap - this"
          ]
        },
        "wing1": {
          "rotation": [
            0,
            0,
            "-variable.wing_flap - this"
          ]
        }
      }
    },
    "animation.chicken.move": {
      "anim_time_update": "query.modified_distance_moved",
      "loop": true,
      "bones": {
        "leg0": {
          "rotation": [
            "math.cos(query.anim_time * 38.17) *  80.0",
            0,
            0
          ]
        },
        "leg1": {
          "rotation": [
            "math.cos(query.anim_time * 38.17) * -80.0",
            0,
            0
          ]
        }
      }
    },
    "animation.Lookie.walk": {
      "loop": true,
      "animation_length": 5,
      "bones": {
        "bone": {
          "rotation": {
            "0.0": {
              "post": [
                0,
                0,
                0
              ],
              "lerp_mode": "catmullrom"
            },
            "1.9583": {
              "post": [
                9.1798,
                -289.38399,
                -323.98744
              ],
              "lerp_mode": "catmullrom"
            },
            "5.0": {
              "post": [
                0,
                -720,
                0
              ],
              "lerp_mode": "catmullrom"
            }
          },
          "position": {
            "0.0": [
              0,
              0,
              0
            ],
            "1.2083": [
              0,
              15,
              0
            ],
            "1.9583": [
              0,
              1.89,
              0
            ],
            "3.125": [
              0,
              14.17,
              0
            ],
            "4.0": [
              0,
              12.56,
              0
            ],
            "5.0": [
              0,
              0,
              0
            ]
          }
        }
      }
    },
    "animation.Lookie.idle2": {
      "loop": true,
      "animation_length": 1,
      "bones": {
        "bone": {
          "rotation": {
            "0.0": {
              "post": [
                0,
                0,
                0
              ],
              "lerp_mode": "catmullrom"
            },
            "0.25": {
              "post": [
                0,
                0,
                -2.5
              ],
              "lerp_mode": "catmullrom"
            },
            "0.5": {
              "post": [
                0,
                0,
                0
              ],
              "lerp_mode": "catmullrom"
            },
            "0.75": {
              "post": [
                0,
                0,
                2.66
              ],
              "lerp_mode": "catmullrom"
            },
            "1.0": {
              "post": [
                0,
                0,
                0
              ],
              "lerp_mode": "catmullrom"
            }
          },
          "scale": {
            "0.0": {
              "post": [
                1,
                1,
                1
              ],
              "lerp_mode": "catmullrom"
            },
            "0.25": {
              "post": [
                1,
                1.1,
                1
              ],
              "lerp_mode": "catmullrom"
            },
            "0.5": {
              "post": [
                1,
                1,
                1
              ],
              "lerp_mode": "catmullrom"
            },
            "0.75": {
              "post": [
                1,
                1.0935,
                1
              ],
              "lerp_mode": "catmullrom"
            },
            "1.0": {
              "post": [
                1,
                1,
                1
              ],
              "lerp_mode": "catmullrom"
            }
          }
        }
      }
    }
  }
}