{
  "format_version": "1.8.0",
  "animations": {
    "animation.witch.general": {
      "loop": true,
      "bones": {
        "nose": {
          "rotation": [
            "(variable.isholdingitem ? -25.7831 : (math.sin(query.life_time * 57.296) * 4.5)) - this",
            0,
            "(math.cos(query.life_time * 57.296) * 2.5) - this"
          ]
        }
      }
    },
    "animation.witch.villager_general": {
      "loop": true,
      "bones": {
        "arms": {
          "position": [
            0,
            -1,
            -1
          ],
          "rotation": [
            "-42.97 - this",
            0,
            0
          ]
        }
      }
    },
    "animation.witch.move": {
      "anim_time_update": "query.modified_distance_moved",
      "loop": true,
      "bones": {
        "leg0": {
          "rotation": [
            "(math.cos(query.anim_time * 38.17) * 40.0) - this",
            "-this",
            0
          ]
        },
        "leg1": {
          "rotation": [
            "(math.cos(query.anim_time * 38.17 + 180) * 40.0) - this",
            "-this",
            0
          ]
        }
      }
    },
    "animation.yg_orange.general": {
      "loop": true,
      "animation_length": 2,
      "bones": {
        "Rightarm": {
          "rotation": {
            "0.0": [
              0,
              0,
              -12.5
            ],
            "1.0": [
              0,
              0,
              -20
            ],
            "2.0": [
              0,
              0,
              -12.5
            ]
          }
        },
        "Leftarm": {
          "rotation": {
            "0.0": [
              0,
              0,
              10
            ],
            "1.0": [
              0,
              0,
              17.5
            ],
            "2.0": [
              0,
              0,
              10
            ]
          }
        }
      }
    },
    "animation.yg_orange.looking": {
      "loop": true,
      "bones": {
        "Head": {
          "rotation": [
            "query.target_x_rotation-this",
            "query.target_y_rotation-this",
            0
          ]
        }
      }
    },
    "animation.yg_orange.move": {
      "loop": true,
      "animation_length": 1,
      "anim_time_update": "query.modified_distance_moved * 0.1",
      "bones": {
        "Body": {
          "rotation": {
            "0.0": [
              10,
              0,
              0
            ],
            "0.25": [
              0,
              0,
              0
            ],
            "0.5": [
              12.5,
              0,
              0
            ],
            "0.75": [
              0,
              0,
              0
            ],
            "1.0": [
              10,
              0,
              0
            ]
          }
        },
        "bone": {
          "rotation": {
            "0.0": [
              35,
              0,
              0
            ],
            "0.25": [
              17.5,
              0,
              0
            ],
            "0.5": [
              35,
              0,
              0
            ],
            "0.75": [
              12.5,
              0,
              0
            ],
            "1.0": [
              35,
              0,
              0
            ]
          }
        },
        "Rightarm": {
          "rotation": {
            "0.0": [
              0,
              0,
              -20
            ],
            "0.25": [
              0,
              0,
              7.5
            ],
            "0.5": [
              0,
              0,
              -20
            ],
            "0.75": [
              0,
              0,
              -15
            ],
            "1.0": [
              0,
              0,
              -20
            ]
          }
        },
        "Leftarm": {
          "rotation": {
            "0.0": [
              0,
              0,
              12.5
            ],
            "0.25": [
              0,
              0,
              -10
            ],
            "0.5": [
              0,
              0,
              12.5
            ],
            "0.75": [
              0,
              0,
              15
            ],
            "1.0": [
              0,
              0,
              12.5
            ]
          }
        },
        "Rightleg": {
          "rotation": {
            "0.0": [
              47.5,
              0,
              0
            ],
            "0.25": [
              0,
              0,
              0
            ],
            "0.5": [
              -40,
              0,
              0
            ],
            "0.75": [
              0,
              0,
              0
            ],
            "1.0": [
              47.5,
              0,
              0
            ]
          }
        },
        "bone6": {
          "rotation": {
            "0.0": [
              0,
              47.5,
              0
            ],
            "0.25": [
              0,
              0,
              0
            ],
            "0.5": [
              0,
              -5,
              0
            ],
            "0.75": [
              0,
              0,
              0
            ],
            "1.0": [
              0,
              47.5,
              0
            ]
          }
        },
        "Root": {
          "position": {
            "0.0": [
              0,
              -1,
              0
            ],
            "0.25": [
              0,
              0,
              0
            ],
            "0.5": [
              0,
              -1,
              0
            ],
            "0.75": [
              0,
              0,
              0
            ],
            "1.0": [
              0,
              -1,
              0
            ]
          }
        },
        "Leftleg": {
          "rotation": {
            "0.0": [
              -35,
              0,
              0
            ],
            "0.25": [
              0,
              0,
              0
            ],
            "0.5": [
              12.5,
              0,
              0
            ],
            "0.75": [
              0,
              0,
              0
            ],
            "1.0": [
              -35,
              0,
              0
            ]
          }
        },
        "bone8": {
          "rotation": {
            "0.0": [
              0,
              10,
              0
            ],
            "0.25": [
              0,
              0,
              0
            ],
            "0.5": [
              0,
              -85,
              0
            ],
            "0.75": [
              0,
              0,
              0
            ],
            "1.0": [
              0,
              10,
              0
            ]
          }
        }
      }
    },
    "animation.yg_orange.attack": {
      "animation_length": 0.91667,
      "bones": {
        "Body": {
          "rotation": {
            "0.0": [
              5,
              0,
              0
            ],
            "0.25": [
              15,
              0,
              0
            ],
            "0.5": [
              2.5,
              0,
              0
            ],
            "0.75": [
              17.5,
              0,
              0
            ],
            "0.9167": [
              5,
              0,
              0
            ]
          }
        },
        "Head": {
          "rotation": {
            "0.0": [
              0,
              0,
              0
            ],
            "0.25": [
              -3.38262,
              3.68425,
              47.39118
            ],
            "0.5": [
              -10,
              0,
              0
            ],
            "0.75": [
              -8.21888,
              5.71617,
              34.58897
            ],
            "0.9167": [
              0,
              0,
              0
            ]
          }
        },
        "bone": {
          "rotation": {
            "0.0": [
              0,
              0,
              0
            ],
            "0.25": [
              32.5,
              0,
              0
            ],
            "0.5": [
              15,
              0,
              0
            ],
            "0.75": [
              50,
              0,
              0
            ],
            "0.9167": [
              0,
              0,
              0
            ]
          }
        },
        "Rightarm": {
          "rotation": {
            "0.0": [
              0,
              0,
              -5
            ],
            "0.25": [
              0,
              -22.5,
              -5
            ],
            "0.5": [
              0,
              -30,
              -5
            ],
            "0.75": [
              0,
              -40,
              -5
            ],
            "0.9167": [
              0,
              0,
              -5
            ]
          }
        },
        "Leftarm": {
          "rotation": {
            "0.0": [
              0,
              0,
              7.5
            ],
            "0.25": [
              0,
              27.5,
              7.5
            ],
            "0.5": [
              0,
              30,
              7.5
            ],
            "0.75": [
              0,
              45,
              7.5
            ],
            "0.9167": [
              0,
              0,
              7.5
            ]
          }
        }
      }
    },
    "animation.pa_orange.idle": {
      "loop": true,
      "animation_length": 1.75,
      "bones": {
        "Body": {
          "rotation": {
            "0.0": {
              "post": [
                0,
                0,
                0
              ],
              "lerp_mode": "catmullrom"
            },
            "0.8333": {
              "post": [
                2.5,
                0,
                0
              ],
              "lerp_mode": "catmullrom"
            },
            "1.75": {
              "post": [
                0,
                0,
                0
              ],
              "lerp_mode": "catmullrom"
            }
          }
        },
        "Head": {
          "rotation": {
            "0.0": {
              "post": [
                0,
                0,
                0
              ],
              "lerp_mode": "catmullrom"
            },
            "0.8333": {
              "post": [
                -12.5,
                0,
                0
              ],
              "lerp_mode": "catmullrom"
            },
            "1.75": {
              "post": [
                0,
                0,
                0
              ],
              "lerp_mode": "catmullrom"
            }
          }
        },
        "bone": {
          "rotation": {
            "0.0": {
              "post": [
                0,
                0,
                0
              ],
              "lerp_mode": "catmullrom"
            },
            "0.8333": {
              "post": [
                12.5,
                0,
                0
              ],
              "lerp_mode": "catmullrom"
            },
            "1.75": {
              "post": [
                0,
                0,
                0
              ],
              "lerp_mode": "catmullrom"
            }
          }
        },
        "Leftarm": {
          "rotation": {
            "0.0": {
              "post": [
                0,
                0,
                0
              ],
              "lerp_mode": "catmullrom"
            },
            "0.8333": {
              "post": [
                0,
                0,
                5
              ],
              "lerp_mode": "catmullrom"
            },
            "1.75": {
              "post": [
                0,
                0,
                0
              ],
              "lerp_mode": "catmullrom"
            }
          }
        },
        "bone4": {
          "rotation": {
            "0.0": {
              "post": [
                0,
                0,
                0
              ],
              "lerp_mode": "catmullrom"
            },
            "0.8333": {
              "post": [
                0,
                7.5,
                0
              ],
              "lerp_mode": "catmullrom"
            },
            "1.75": {
              "post": [
                0,
                0,
                0
              ],
              "lerp_mode": "catmullrom"
            }
          }
        },
        "bone5": {
          "rotation": {
            "0.0": {
              "post": [
                0,
                0,
                0
              ],
              "lerp_mode": "catmullrom"
            },
            "0.8333": {
              "post": [
                26.84828,
                1.08183,
                10.15384
              ],
              "lerp_mode": "catmullrom"
            },
            "1.75": {
              "post": [
                0,
                0,
                0
              ],
              "lerp_mode": "catmullrom"
            }
          }
        },
        "Rightarm": {
          "rotation": {
            "0.0": {
              "post": [
                0,
                0,
                0
              ],
              "lerp_mode": "catmullrom"
            },
            "0.8333": {
              "post": [
                0,
                0,
                -7.5
              ],
              "lerp_mode": "catmullrom"
            },
            "1.75": {
              "post": [
                0,
                0,
                0
              ],
              "lerp_mode": "catmullrom"
            }
          }
        },
        "bone6": {
          "rotation": {
            "0.0": {
              "post": [
                0,
                0,
                0
              ],
              "lerp_mode": "catmullrom"
            },
            "0.8333": {
              "post": [
                0,
                -5,
                0
              ],
              "lerp_mode": "catmullrom"
            },
            "1.75": {
              "post": [
                0,
                0,
                0
              ],
              "lerp_mode": "catmullrom"
            }
          }
        },
        "bone7": {
          "rotation": {
            "0.0": {
              "post": [
                0,
                0,
                0
              ],
              "lerp_mode": "catmullrom"
            },
            "0.8333": {
              "post": [
                27.22644,
                -4.82868,
                -6.15681
              ],
              "lerp_mode": "catmullrom"
            },
            "1.75": {
              "post": [
                0,
                0,
                0
              ],
              "lerp_mode": "catmullrom"
            }
          }
        },
        "bone10": {
          "rotation": {
            "0.0": {
              "post": [
                0,
                0,
                0
              ],
              "lerp_mode": "catmullrom"
            },
            "0.5417": {
              "post": [
                0,
                -25,
                0
              ],
              "lerp_mode": "catmullrom"
            },
            "1.1667": {
              "post": [
                0,
                21.53,
                0
              ],
              "lerp_mode": "catmullrom"
            },
            "1.75": {
              "post": [
                0,
                0,
                0
              ],
              "lerp_mode": "catmullrom"
            }
          }
        },
        "bone11": {
          "rotation": {
            "0.0": {
              "post": [
                0,
                0,
                0
              ],
              "lerp_mode": "catmullrom"
            },
            "0.5417": {
              "post": [
                0,
                -30,
                0
              ],
              "lerp_mode": "catmullrom"
            },
            "1.1667": {
              "post": [
                -2.15953,
                22.45582,
                0.64315
              ],
              "lerp_mode": "catmullrom"
            },
            "1.75": {
              "post": [
                0,
                0,
                0
              ],
              "lerp_mode": "catmullrom"
            }
          }
        },
        "bone12": {
          "rotation": {
            "0.0": {
              "post": [
                0,
                0,
                0
              ],
              "lerp_mode": "catmullrom"
            },
            "0.5417": {
              "post": [
                0,
                -52.5,
                0
              ],
              "lerp_mode": "catmullrom"
            },
            "1.1667": {
              "post": [
                0,
                16.72,
                0
              ],
              "lerp_mode": "catmullrom"
            },
            "1.75": {
              "post": [
                0,
                0,
                0
              ],
              "lerp_mode": "catmullrom"
            }
          }
        },
        "bone13": {
          "rotation": {
            "0.0": {
              "post": [
                0,
                0,
                0
              ],
              "lerp_mode": "catmullrom"
            },
            "0.5417": {
              "post": [
                4.95028,
                -15.92439,
                -36.07777
              ],
              "lerp_mode": "catmullrom"
            },
            "1.1667": {
              "post": [
                -29.72436,
                38.84313,
                -36.47506
              ],
              "lerp_mode": "catmullrom"
            },
            "1.75": {
              "post": [
                0,
                0,
                0
              ],
              "lerp_mode": "catmullrom"
            }
          }
        },
        "bone15": {
          "rotation": {
            "0.0": {
              "post": [
                0,
                0,
                0
              ],
              "lerp_mode": "catmullrom"
            },
            "0.3333": {
              "post": [
                0,
                -37.5,
                0
              ],
              "lerp_mode": "catmullrom"
            },
            "0.5": {
              "post": [
                0,
                -37.5,
                0
              ],
              "lerp_mode": "catmullrom"
            },
            "0.7917": {
              "post": [
                0,
                0,
                0
              ],
              "lerp_mode": "catmullrom"
            }
          }
        },
        "bone16": {
          "rotation": {
            "0.0": {
              "post": [
                0,
                0,
                0
              ],
              "lerp_mode": "catmullrom"
            },
            "0.25": {
              "post": [
                -2.88066,
                29.8742,
                -5.76863
              ],
              "lerp_mode": "catmullrom"
            },
            "0.5": {
              "post": [
                -2.88,
                29.87,
                -5.77
              ],
              "lerp_mode": "catmullrom"
            },
            "0.75": {
              "post": [
                0,
                0,
                0
              ],
              "lerp_mode": "catmullrom"
            }
          }
        }
      }
    },
    "animation.pa_orange.walk": {
      "loop": true,
      "animation_length": 0.75,
      "bones": {
        "Body": {
          "rotation": {
            "0.0": [
              0,
              0,
              0
            ],
            "0.1667": [
              0,
              0,
              10
            ],
            "0.375": [
              12.5,
              0,
              0
            ],
            "0.5833": [
              0,
              0,
              -7.5
            ],
            "0.75": [
              0,
              0,
              0
            ]
          }
        },
        "Head": {
          "rotation": {
            "0.0": [
              -18.88172,
              -6.71771,
              -18.88172
            ],
            "0.1667": [
              -5.94491,
              -4.98814,
              1.15032
            ],
            "0.375": [
              -18.88,
              -6.72,
              -18.88
            ],
            "0.5417": [
              -3.34323,
              -5.99313,
              -1.28596
            ],
            "0.75": [
              -18.88,
              -6.72,
              -18.88
            ]
          }
        },
        "bone": {
          "rotation": {
            "0.0": [
              30,
              0,
              0
            ],
            "0.1667": [
              -2.5,
              0,
              0
            ],
            "0.375": [
              30,
              0,
              0
            ],
            "0.5417": [
              2.5,
              0,
              0
            ],
            "0.75": [
              30,
              0,
              0
            ]
          }
        },
        "Leftarm": {
          "rotation": {
            "0.0": [
              0,
              0,
              0
            ],
            "0.75": [
              0,
              0,
              0
            ]
          }
        },
        "bone4": {
          "rotation": {
            "0.0": [
              0,
              0,
              0
            ],
            "0.75": [
              0,
              0,
              0
            ]
          }
        },
        "Leftleg": {
          "rotation": {
            "0.0": [
              0,
              25,
              0
            ],
            "0.2083": [
              9.3658,
              -2.22261,
              0.09892
            ],
            "0.375": [
              34.42962,
              -44.05541,
              20.49753
            ],
            "0.5833": [
              -75.70967,
              9.02786,
              -85.44833
            ],
            "0.75": [
              0,
              25,
              0
            ]
          }
        },
        "bone8": {
          "rotation": {
            "0.0": [
              2.94943,
              2.00999,
              -60.18428
            ],
            "0.2083": [
              -9.31688,
              0.75138,
              -12.629
            ],
            "0.375": [
              -14.73869,
              -0.3682,
              6.88899
            ],
            "0.5833": [
              -0.43026,
              2.73932,
              -50.78532
            ],
            "0.75": [
              2.95,
              2.01,
              -60.18
            ]
          }
        },
        "bone9": {
          "rotation": {
            "0.0": [
              0,
              -52.5,
              0
            ],
            "0.2083": [
              15.32529,
              8.10912,
              30.36982
            ],
            "0.375": [
              24.45824,
              25.57814,
              48.33136
            ],
            "0.5833": [
              11.27762,
              -52.5699,
              17.40249
            ],
            "0.75": [
              0,
              -52.5,
              0
            ]
          }
        },
        "Rightleg": {
          "rotation": {
            "0.0": [
              0,
              42.5,
              0
            ],
            "0.1667": [
              -59.27361,
              4.68997,
              73.86756
            ],
            "0.375": [
              6.41882,
              -0.14155,
              1.24935
            ],
            "0.5417": [
              -13.44228,
              3.5503,
              21.51491
            ],
            "0.75": [
              0,
              42.5,
              0
            ]
          }
        },
        "bone2": {
          "rotation": {
            "0.0": [
              0,
              0,
              0
            ],
            "0.375": [
              0,
              0,
              75
            ],
            "0.5833": [
              -9.14625,
              1.85055,
              -0.34637
            ],
            "0.75": [
              0,
              0,
              0
            ]
          }
        },
        "bone3": {
          "rotation": {
            "0.0": [
              0,
              -35,
              0
            ],
            "0.1667": [
              0,
              -17.22,
              0
            ],
            "0.375": [
              0,
              50,
              0
            ],
            "0.5833": [
              0,
              -22.22,
              0
            ],
            "0.75": [
              0,
              -35,
              0
            ]
          }
        },
        "Rightarm": {
          "rotation": {
            "0.0": [
              0,
              0,
              0
            ],
            "0.75": [
              0,
              0,
              0
            ]
          }
        },
        "bone6": {
          "rotation": {
            "0.0": [
              0,
              0,
              0
            ],
            "0.75": [
              0,
              0,
              0
            ]
          }
        },
        "bone10": {
          "rotation": {
            "0.0": [
              0,
              0,
              0
            ],
            "0.1667": [
              0,
              32.5,
              0
            ],
            "0.375": [
              0,
              0,
              0
            ],
            "0.5833": [
              0,
              -27.5,
              0
            ],
            "0.75": [
              0,
              0,
              0
            ]
          }
        },
        "bone11": {
          "rotation": {
            "0.0": [
              0,
              0,
              0
            ],
            "0.1667": [
              0,
              35,
              0
            ],
            "0.375": [
              0,
              0,
              0
            ],
            "0.5833": [
              0,
              -27.5,
              0
            ],
            "0.75": [
              0,
              0,
              0
            ]
          }
        },
        "bone12": {
          "rotation": {
            "0.0": [
              0,
              0,
              0
            ],
            "0.1667": [
              0,
              30,
              0
            ],
            "0.375": [
              0,
              0,
              0
            ],
            "0.5833": [
              0,
              -47.5,
              0
            ],
            "0.75": [
              0,
              0,
              0
            ]
          }
        },
        "bone13": {
          "rotation": {
            "0.0": [
              0,
              0,
              0
            ],
            "0.1667": [
              0,
              32.5,
              0
            ],
            "0.375": [
              0,
              0,
              0
            ],
            "0.5833": [
              0,
              -45,
              0
            ],
            "0.75": [
              0,
              0,
              0
            ]
          }
        },
        "bone14": {
          "rotation": {
            "0.0": [
              0,
              0,
              0
            ],
            "0.1667": [
              -17.06488,
              10.58927,
              30.90686
            ],
            "0.375": [
              0,
              0,
              0
            ],
            "0.5833": [
              -44.68491,
              -18.15489,
              -17.48614
            ],
            "0.75": [
              0,
              0,
              0
            ]
          }
        },
        "bone15": {
          "rotation": {
            "0.0": [
              0,
              0,
              0
            ],
            "0.75": [
              0,
              0,
              0
            ]
          }
        }
      }
    }
  }
}