{
  "format_version": "1.8.0",
  "animations": {
    "animation.witch.general": {
      "loop": true,
      "bones": {
        "nose": {
          "rotation": [
            "(variable.isholdingitem ? -25.7831 : (math.sin(query.life_time * 57.296) * 4.5)) - this",
            0,
            "(math.cos(query.life_time * 57.296) * 2.5) - this"
          ]
        }
      }
    },
    "animation.witch.villager_general": {
      "loop": true,
      "bones": {
        "arms": {
          "position": [
            0,
            -1,
            -1
          ],
          "rotation": [
            "-42.97 - this",
            0,
            0
          ]
        }
      }
    },
    "animation.witch.move": {
      "anim_time_update": "query.modified_distance_moved",
      "loop": true,
      "bones": {
        "leg0": {
          "rotation": [
            "(math.cos(query.anim_time * 38.17) * 40.0) - this",
            "-this",
            0
          ]
        },
        "leg1": {
          "rotation": [
            "(math.cos(query.anim_time * 38.17 + 180) * 40.0) - this",
            "-this",
            0
          ]
        }
      }
    },
    "animation.Purpless.idle": {
      "loop": true,
      "animation_length": 1,
      "bones": {
        "bone": {
          "rotation": {
            "0.0": [
              0,
              0,
              0
            ],
            "0.5": [
              0,
              5,
              0
            ],
            "1.0": [
              0,
              0,
              0
            ]
          }
        },
        "bone16": {
          "rotation": {
            "0.0": [
              0,
              0,
              0
            ],
            "0.5": [
              0,
              -5,
              0
            ],
            "1.0": [
              0,
              0,
              0
            ]
          }
        },
        "Head": {
          "rotation": {
            "0.0": [
              0,
              0,
              0
            ],
            "0.25": [
              15,
              0,
              0
            ],
            "0.5": [
              0,
              0,
              0
            ],
            "0.75": [
              20,
              0,
              0
            ],
            "1.0": [
              0,
              0,
              0
            ]
          },
          "position": {
            "0.0": [
              0,
              0,
              0
            ],
            "0.5": [
              0,
              -1,
              0
            ],
            "1.0": [
              0,
              0,
              0
            ]
          }
        },
        "bone32": {
          "rotation": [
            0,
            0,
            -2.5
          ]
        },
        "bone37": {
          "rotation": {
            "0.0": [
              0,
              0,
              0
            ],
            "0.125": [
              -10,
              0,
              0
            ],
            "0.25": [
              0,
              0,
              0
            ],
            "0.375": [
              0,
              0,
              7.5
            ],
            "0.5": [
              0,
              0,
              0
            ],
            "0.625": [
              0,
              0,
              -15
            ],
            "0.75": [
              0,
              0,
              0
            ],
            "0.9167": [
              0,
              0,
              2.5
            ],
            "1.0": [
              0,
              0,
              0
            ]
          },
          "position": {
            "0.0": [
              0,
              0,
              0
            ],
            "0.125": [
              0,
              -1,
              0
            ],
            "0.25": [
              0,
              0,
              0
            ],
            "0.375": [
              0,
              -1,
              0
            ],
            "0.5": [
              0,
              0,
              0
            ],
            "0.625": [
              0,
              -1,
              0
            ],
            "0.75": [
              0,
              0,
              0
            ],
            "0.875": [
              0,
              -1,
              0
            ],
            "1.0": [
              0,
              0,
              0
            ]
          },
          "scale": {
            "0.0": [
              1,
              1,
              1
            ],
            "0.125": [
              1,
              0.5,
              1
            ],
            "0.25": [
              1,
              1,
              1
            ],
            "0.375": [
              1,
              0.3,
              1
            ],
            "0.5": [
              1,
              1,
              1
            ],
            "0.625": [
              1,
              0.2,
              1
            ],
            "0.75": [
              1,
              1,
              1
            ],
            "0.875": [
              1,
              0.3,
              1
            ],
            "1.0": [
              1,
              1,
              1
            ]
          }
        }
      }
    },
    "animation.Purpless.run": {
      "loop": true,
      "animation_length": 0.75,
      "bones": {
        "bone": {
          "rotation": {
            "0.0": [
              -27.5,
              0,
              0
            ],
            "0.1667": [
              -44.72,
              0,
              0
            ],
            "0.375": [
              12.5,
              0,
              0
            ],
            "0.75": [
              -27.5,
              0,
              0
            ]
          }
        },
        "bone15": {
          "rotation": {
            "0.0": [
              60,
              0,
              0
            ],
            "0.1667": [
              -23.33,
              0,
              0
            ],
            "0.375": [
              -15,
              0,
              0
            ],
            "0.75": [
              60,
              0,
              0
            ]
          }
        },
        "bone2": {
          "rotation": {
            "0.0": [
              -40,
              0,
              0
            ],
            "0.1667": [
              -53.61,
              0,
              0
            ],
            "0.375": [
              2.5,
              0,
              0
            ],
            "0.75": [
              -40,
              0,
              0
            ]
          }
        },
        "bone11": {
          "scale": 1
        },
        "bone16": {
          "rotation": {
            "0.0": [
              20,
              0,
              0
            ],
            "0.375": [
              -17.5,
              0,
              0
            ],
            "0.5833": [
              -34.17,
              0,
              0
            ],
            "0.75": [
              20,
              0,
              0
            ]
          }
        },
        "bone17": {
          "rotation": {
            "0.0": [
              -32.5,
              0,
              0
            ],
            "0.375": [
              40,
              0,
              0
            ],
            "0.5833": [
              -40.28,
              0,
              0
            ],
            "0.75": [
              -32.5,
              0,
              0
            ]
          }
        },
        "bone18": {
          "rotation": {
            "0.0": [
              17.5,
              0,
              0
            ],
            "0.375": [
              -25,
              0,
              0
            ],
            "0.5833": [
              -26.39,
              0,
              0
            ],
            "0.75": [
              17.5,
              0,
              0
            ]
          }
        },
        "Head": {
          "rotation": {
            "0.0": [
              22.5,
              0,
              0
            ],
            "0.375": [
              2.5,
              0,
              0
            ],
            "0.75": [
              22.5,
              0,
              0
            ]
          }
        },
        "bone37": {
          "rotation": {
            "0.0": [
              -7.5,
              0,
              0
            ],
            "0.125": [
              -7.52832,
              4.95712,
              -0.65426
            ],
            "0.25": [
              -7.62155,
              9.91342,
              -1.31999
            ],
            "0.375": [
              -7.5,
              0,
              0
            ],
            "0.5": [
              -7.61435,
              -9.91358,
              1.31845
            ],
            "0.625": [
              -7.79113,
              -14.86769,
              2.01316
            ],
            "0.75": [
              -7.5,
              0,
              0
            ]
          },
          "position": {
            "0.0": [
              0,
              0,
              0
            ],
            "0.125": [
              0,
              -2,
              0
            ],
            "0.25": [
              0,
              0,
              0
            ],
            "0.375": [
              0,
              -2,
              0
            ],
            "0.5": [
              0,
              0,
              0
            ],
            "0.625": [
              0,
              -1,
              0
            ],
            "0.75": [
              0,
              0,
              0
            ]
          },
          "scale": {
            "0.0": [
              1,
              1,
              1
            ],
            "0.125": [
              1,
              0.8,
              1
            ],
            "0.25": [
              1,
              1,
              1
            ],
            "0.375": [
              1,
              0.8,
              1
            ],
            "0.5": [
              1,
              1,
              1
            ],
            "0.625": [
              1,
              0.7,
              1
            ],
            "0.75": [
              1,
              1,
              1
            ]
          }
        },
        "bone38": {
          "scale": 1
        }
      }
    }
  }
}