{
  "format_version": "1.8.0",
  "animations": {
    "animation.witch.general": {
      "loop": true,
      "bones": {
        "nose": {
          "rotation": [
            "(variable.isholdingitem ? -25.7831 : (math.sin(query.life_time * 57.296) * 4.5)) - this",
            0,
            "(math.cos(query.life_time * 57.296) * 2.5) - this"
          ]
        }
      }
    },
    "animation.witch.villager_general": {
      "loop": true,
      "bones": {
        "arms": {
          "position": [
            0,
            -1,
            -1
          ],
          "rotation": [
            "-42.97 - this",
            0,
            0
          ]
        }
      }
    },
    "animation.witch.move": {
      "anim_time_update": "query.modified_distance_moved",
      "loop": true,
      "bones": {
        "leg0": {
          "rotation": [
            "(math.cos(query.anim_time * 38.17) * 40.0) - this",
            "-this",
            0
          ]
        },
        "leg1": {
          "rotation": [
            "(math.cos(query.anim_time * 38.17 + 180) * 40.0) - this",
            "-this",
            0
          ]
        }
      }
    },
    "animation.pa_red.move_1": {
      "loop": true,
      "animation_length": 0.5,
      "anim_time_update": "query.modified_distance_moved * 0.1",
      "bones": {
        "RightArm": {
          "rotation": {
            "0.0": {
              "post": [
                17.5,
                0,
                0
              ],
              "lerp_mode": "catmullrom"
            },
            "0.25": {
              "post": [
                -20,
                0,
                0
              ],
              "lerp_mode": "catmullrom"
            },
            "0.5": {
              "post": [
                17.5,
                0,
                0
              ],
              "lerp_mode": "catmullrom"
            }
          }
        },
        "LeftArm": {
          "rotation": {
            "0.0": {
              "post": [
                -20,
                0,
                0
              ],
              "lerp_mode": "catmullrom"
            },
            "0.25": {
              "post": [
                17.5,
                0,
                0
              ],
              "lerp_mode": "catmullrom"
            },
            "0.5": {
              "post": [
                -20,
                0,
                0
              ],
              "lerp_mode": "catmullrom"
            }
          }
        },
        "RightLeg": {
          "rotation": {
            "0.0": {
              "post": [
                -20,
                0,
                0
              ],
              "lerp_mode": "catmullrom"
            },
            "0.25": {
              "post": [
                17.5,
                0,
                0
              ],
              "lerp_mode": "catmullrom"
            },
            "0.5": {
              "post": [
                -20,
                0,
                0
              ],
              "lerp_mode": "catmullrom"
            }
          }
        },
        "LeftLeg": {
          "rotation": {
            "0.0": {
              "post": [
                17.5,
                0,
                0
              ],
              "lerp_mode": "catmullrom"
            },
            "0.25": {
              "post": [
                -20,
                0,
                0
              ],
              "lerp_mode": "catmullrom"
            },
            "0.5": {
              "post": [
                17.5,
                0,
                0
              ],
              "lerp_mode": "catmullrom"
            }
          }
        },
        "Root": {
          "position": {
            "0.0": [
              0,
              -1,
              0
            ],
            "0.125": [
              0,
              0,
              0
            ],
            "0.25": [
              0,
              -1,
              0
            ],
            "0.375": [
              0,
              0,
              0
            ],
            "0.5": [
              0,
              -1,
              0
            ]
          }
        },
        "Head": {
          "rotation": {
            "0.0": [
              0,
              0,
              0
            ],
            "0.25": [
              7.5,
              0,
              0
            ],
            "0.5": [
              0,
              0,
              0
            ]
          }
        }
      }
    },
    "animation.pa_red.idle": {
      "loop": true,
      "animation_length": 1,
      "bones": {
        "Body": {
          "rotation": {
            "0.0": [
              0,
              0,
              0
            ],
            "0.5": [
              2.5,
              0,
              0
            ],
            "1.0": [
              0,
              0,
              0
            ]
          }
        },
        "Head": {
          "rotation": {
            "0.0": [
              -0.44113,
              -0.07097,
              -2.45948
            ],
            "0.25": [
              0.07854,
              -1.04232,
              -5.81134
            ],
            "0.5": [
              2.05441,
              -0.16023,
              0.03865
            ],
            "0.75": [
              0.79497,
              -2.68479,
              3.75418
            ],
            "1.0": [
              -0.44,
              -0.07,
              -2.46
            ]
          }
        },
        "RightArm": {
          "rotation": {
            "0.0": [
              0,
              0,
              0
            ],
            "0.5": [
              -5,
              0,
              0
            ],
            "1.0": [
              0,
              0,
              0
            ]
          }
        },
        "LeftArm": {
          "rotation": {
            "0.0": [
              0,
              0,
              0
            ],
            "0.5": [
              -2.5,
              0,
              0
            ],
            "1.0": [
              0,
              0,
              0
            ]
          }
        }
      }
    }
  }
}