{
  "format_version": "1.8.0",
  "animations": {
    "animation.witch.general": {
      "loop": true,
      "bones": {
        "nose": {
          "rotation": [
            "(variable.isholdingitem ? -25.7831 : (math.sin(query.life_time * 57.296) * 4.5)) - this",
            0,
            "(math.cos(query.life_time * 57.296) * 2.5) - this"
          ]
        }
      }
    },
    "animation.witch.villager_general": {
      "loop": true,
      "bones": {
        "arms": {
          "position": [
            0,
            -1,
            -1
          ],
          "rotation": [
            "-42.97 - this",
            0,
            0
          ]
        }
      }
    },
    "animation.witch.move": {
      "anim_time_update": "query.modified_distance_moved",
      "loop": true,
      "bones": {
        "leg0": {
          "rotation": [
            "(math.cos(query.anim_time * 38.17) * 40.0) - this",
            "-this",
            0
          ]
        },
        "leg1": {
          "rotation": [
            "(math.cos(query.anim_time * 38.17 + 180) * 40.0) - this",
            "-this",
            0
          ]
        }
      }
    },
    "animation.Yewwow.idle": {
      "loop": true,
      "animation_length": 1.5,
      "bones": {
        "Body": {
          "rotation": {
            "0.0": {
              "post": [
                0,
                0,
                0
              ],
              "lerp_mode": "catmullrom"
            },
            "0.75": {
              "post": [
                4.55243,
                0.20539,
                -2.04987
              ],
              "lerp_mode": "catmullrom"
            },
            "1.5": {
              "post": [
                0,
                0,
                0
              ],
              "lerp_mode": "catmullrom"
            }
          }
        },
        "Fan": {
          "rotation": {
            "0.0": {
              "post": [
                0,
                0,
                0
              ],
              "lerp_mode": "catmullrom"
            },
            "0.9167": {
              "post": [
                -12.5,
                0,
                -50
              ],
              "lerp_mode": "catmullrom"
            },
            "1.5": {
              "post": [
                0,
                0,
                0
              ],
              "lerp_mode": "catmullrom"
            }
          }
        },
        "Head": {
          "rotation": {
            "0.0": {
              "post": [
                0,
                0,
                0
              ],
              "lerp_mode": "catmullrom"
            },
            "0.75": {
              "post": [
                -2.5,
                0,
                0
              ],
              "lerp_mode": "catmullrom"
            },
            "1.5": {
              "post": [
                0,
                0,
                0
              ],
              "lerp_mode": "catmullrom"
            }
          }
        },
        "Hand": {
          "rotation": {
            "0.0": {
              "post": [
                0,
                0,
                0
              ],
              "lerp_mode": "catmullrom"
            },
            "0.75": {
              "post": [
                -2.5,
                0,
                0
              ],
              "lerp_mode": "catmullrom"
            },
            "1.5": {
              "post": [
                0,
                0,
                0
              ],
              "lerp_mode": "catmullrom"
            }
          }
        },
        "Hand2": {
          "rotation": {
            "0.0": {
              "post": [
                0,
                0,
                0
              ],
              "lerp_mode": "catmullrom"
            },
            "0.75": {
              "post": [
                -2.5,
                0,
                0
              ],
              "lerp_mode": "catmullrom"
            },
            "1.5": {
              "post": [
                0,
                0,
                0
              ],
              "lerp_mode": "catmullrom"
            }
          }
        }
      }
    },
    "animation.Yewwow.fly": {
      "loop": true,
      "animation_length": 4.5,
      "bones": {
        "Legs": {
          "rotation": {
            "0.3333": [
              -55,
              0,
              0
            ],
            "3.25": [
              -3.19317,
              1.85038,
              -29.55205
            ],
            "4.5": [
              -55,
              0,
              0
            ]
          },
          "position": {
            "0.0": {
              "post": [
                0,
                0,
                0
              ],
              "lerp_mode": "catmullrom"
            }
          }
        },
        "Nees": {
          "rotation": {
            "0.5": [
              97.5,
              0,
              0
            ],
            "4.5": [
              97.5,
              0,
              0
            ]
          }
        },
        "Toes": {
          "rotation": [
            0,
            0,
            0
          ]
        },
        "Legs2": {
          "rotation": {
            "0.3333": [
              -57.5,
              0,
              0
            ],
            "3.25": [
              0.10579,
              1.30571,
              21.34418
            ],
            "4.5": [
              -57.5,
              0,
              0
            ]
          },
          "position": {
            "0.0": {
              "post": [
                0,
                0,
                0
              ],
              "lerp_mode": "catmullrom"
            }
          }
        },
        "Nees2": {
          "rotation": {
            "0.5": [
              85,
              0,
              0
            ],
            "4.5": [
              85,
              0,
              0
            ]
          }
        },
        "Body": {
          "rotation": {
            "0.0": {
              "post": [
                12.5,
                0,
                0
              ],
              "lerp_mode": "catmullrom"
            },
            "0.8333": {
              "post": [
                15,
                0,
                0
              ],
              "lerp_mode": "catmullrom"
            },
            "1.75": {
              "post": [
                12.5,
                0,
                0
              ],
              "lerp_mode": "catmullrom"
            },
            "3.4583": {
              "post": [
                17.39,
                0,
                0
              ],
              "lerp_mode": "catmullrom"
            },
            "4.5": {
              "post": [
                12.5,
                0,
                0
              ],
              "lerp_mode": "catmullrom"
            }
          }
        },
        "Fan": {
          "rotation": {
            "0.0": [
              0,
              0,
              -360
            ],
            "4.5": [
              0,
              0,
              1440
            ]
          }
        },
        "Arm": {
          "rotation": {
            "0.5": {
              "pre": [
                0,
                0,
                -50
              ],
              "post": [
                0,
                0,
                -50
              ],
              "lerp_mode": "catmullrom"
            },
            "2.5": {
              "post": [
                0,
                0,
                -51.25
              ],
              "lerp_mode": "catmullrom"
            },
            "3.75": {
              "post": [
                0,
                0,
                -59.15
              ],
              "lerp_mode": "catmullrom"
            },
            "4.5": {
              "post": [
                0,
                0,
                -50
              ],
              "lerp_mode": "catmullrom"
            }
          }
        },
        "Hand": {
          "rotation": {
            "0.5": [
              90,
              0,
              0
            ],
            "3.0": [
              86.73387,
              -52.05153,
              -7.10099
            ],
            "4.5": [
              85,
              0,
              0
            ]
          }
        },
        "Arm2": {
          "rotation": {
            "0.5": {
              "pre": [
                0,
                0,
                55
              ],
              "post": [
                0,
                0,
                55
              ],
              "lerp_mode": "catmullrom"
            },
            "2.5": {
              "post": [
                0,
                0,
                59.38
              ],
              "lerp_mode": "catmullrom"
            },
            "3.75": {
              "post": [
                0,
                0,
                63.23
              ],
              "lerp_mode": "catmullrom"
            },
            "4.5": {
              "post": [
                0,
                0,
                55
              ],
              "lerp_mode": "catmullrom"
            }
          }
        },
        "Hand2": {
          "rotation": {
            "0.5": [
              95,
              0,
              0
            ],
            "3.0": [
              96.93341,
              37.92221,
              4.13777
            ],
            "4.5": [
              95,
              0,
              0
            ]
          }
        }
      }
    },
    "animation.Yewwow.general": {
      "loop": true,
      "animation_length": 1.5,
      "bones": {
        "Body": {
          "rotation": {
            "0.0": {
              "post": [
                0,
                0,
                0
              ],
              "lerp_mode": "catmullrom"
            },
            "0.75": {
              "post": [
                4.55243,
                0.20539,
                -2.04987
              ],
              "lerp_mode": "catmullrom"
            },
            "1.5": {
              "post": [
                0,
                0,
                0
              ],
              "lerp_mode": "catmullrom"
            }
          }
        },
        "Fan": {
          "rotation": {
            "0.0": {
              "post": [
                0,
                0,
                0
              ],
              "lerp_mode": "catmullrom"
            },
            "0.9167": {
              "post": [
                -12.5,
                0,
                -50
              ],
              "lerp_mode": "catmullrom"
            },
            "1.5": {
              "post": [
                0,
                0,
                0
              ],
              "lerp_mode": "catmullrom"
            }
          }
        },
        "Head": {
          "rotation": {
            "0.0": {
              "post": [
                0,
                0,
                0
              ],
              "lerp_mode": "catmullrom"
            },
            "0.75": {
              "post": [
                -2.5,
                0,
                0
              ],
              "lerp_mode": "catmullrom"
            },
            "1.5": {
              "post": [
                0,
                0,
                0
              ],
              "lerp_mode": "catmullrom"
            }
          }
        },
        "Hand": {
          "rotation": {
            "0.0": {
              "post": [
                0,
                0,
                0
              ],
              "lerp_mode": "catmullrom"
            },
            "0.75": {
              "post": [
                -2.5,
                0,
                0
              ],
              "lerp_mode": "catmullrom"
            },
            "1.5": {
              "post": [
                0,
                0,
                0
              ],
              "lerp_mode": "catmullrom"
            }
          }
        },
        "Hand2": {
          "rotation": {
            "0.0": {
              "post": [
                0,
                0,
                0
              ],
              "lerp_mode": "catmullrom"
            },
            "0.75": {
              "post": [
                -2.5,
                0,
                0
              ],
              "lerp_mode": "catmullrom"
            },
            "1.5": {
              "post": [
                0,
                0,
                0
              ],
              "lerp_mode": "catmullrom"
            }
          }
        }
      }
    },
    "animation.Yewwow.walkii": {
      "loop": true,
      "animation_length": 0.79167,
      "bones": {
        "Legs": {
          "rotation": {
            "0.0": {
              "post": [
                -44.99909,
                6.92588,
                7.63759
              ],
              "lerp_mode": "catmullrom"
            },
            "0.375": {
              "post": [
                21.78046,
                9.60584,
                0.4102
              ],
              "lerp_mode": "catmullrom"
            },
            "0.5833": {
              "post": [
                -49.93605,
                8.43542,
                3.57339
              ],
              "lerp_mode": "catmullrom"
            },
            "0.7917": {
              "post": [
                -45,
                6.93,
                7.64
              ],
              "lerp_mode": "catmullrom"
            }
          }
        },
        "Nees": {
          "rotation": {
            "0.0": {
              "post": [
                17.5,
                0,
                0
              ],
              "lerp_mode": "catmullrom"
            },
            "0.375": {
              "post": [
                17.5,
                0,
                0
              ],
              "lerp_mode": "catmullrom"
            },
            "0.5833": {
              "post": [
                105,
                0,
                0
              ],
              "lerp_mode": "catmullrom"
            },
            "0.7917": {
              "post": [
                17.5,
                0,
                0
              ],
              "lerp_mode": "catmullrom"
            }
          }
        },
        "Toes": {
          "rotation": {
            "0.0": {
              "post": [
                37.5,
                0,
                0
              ],
              "lerp_mode": "catmullrom"
            },
            "0.375": {
              "post": [
                17.5,
                0,
                0
              ],
              "lerp_mode": "catmullrom"
            },
            "0.5833": {
              "post": [
                -13.75,
                0,
                0
              ],
              "lerp_mode": "catmullrom"
            },
            "0.7917": {
              "post": [
                37.5,
                0,
                0
              ],
              "lerp_mode": "catmullrom"
            }
          }
        },
        "Legs2": {
          "rotation": {
            "0.0": {
              "post": [
                21.59833,
                -9.34441,
                15.36625
              ],
              "lerp_mode": "catmullrom"
            },
            "0.2083": {
              "post": [
                -45.91096,
                -14.71756,
                8.11151
              ],
              "lerp_mode": "catmullrom"
            },
            "0.375": {
              "post": [
                -27.21178,
                -18.31016,
                3.26071
              ],
              "lerp_mode": "catmullrom"
            },
            "0.7917": {
              "post": [
                21.6,
                -9.34,
                15.37
              ],
              "lerp_mode": "catmullrom"
            }
          }
        },
        "Nees2": {
          "rotation": {
            "0.0": {
              "post": [
                45,
                0,
                0
              ],
              "lerp_mode": "catmullrom"
            },
            "0.1667": {
              "post": [
                106.57,
                0,
                0
              ],
              "lerp_mode": "catmullrom"
            },
            "0.375": {
              "post": [
                22.5,
                0,
                0
              ],
              "lerp_mode": "catmullrom"
            },
            "0.7917": {
              "post": [
                45,
                0,
                0
              ],
              "lerp_mode": "catmullrom"
            }
          }
        },
        "Toes2": {
          "rotation": {
            "0.0": {
              "post": [
                -13.27824,
                -1.68177,
                -0.7021
              ],
              "lerp_mode": "catmullrom"
            },
            "0.2083": {
              "post": [
                -16.60169,
                -1.68137,
                -0.70162
              ],
              "lerp_mode": "catmullrom"
            },
            "0.375": {
              "post": [
                44.22094,
                -1.68095,
                -0.70112
              ],
              "lerp_mode": "catmullrom"
            },
            "0.7917": {
              "post": [
                -13.28,
                -1.68,
                -0.7
              ],
              "lerp_mode": "catmullrom"
            }
          }
        },
        "Body": {
          "rotation": {
            "0.0": {
              "post": [
                17.5,
                0,
                0
              ],
              "lerp_mode": "catmullrom"
            },
            "0.1667": {
              "post": [
                17.46158,
                -1.11586,
                3.54265
              ],
              "lerp_mode": "catmullrom"
            },
            "0.375": {
              "post": [
                17.48436,
                -0.75155,
                2.38443
              ],
              "lerp_mode": "catmullrom"
            },
            "0.5833": {
              "post": [
                17.49265,
                0.39858,
                -1.26454
              ],
              "lerp_mode": "catmullrom"
            },
            "0.7917": {
              "post": [
                17.5,
                0,
                0
              ],
              "lerp_mode": "catmullrom"
            }
          }
        },
        "Fan": {
          "rotation": {
            "0.0": {
              "post": [
                0,
                0,
                0
              ],
              "lerp_mode": "catmullrom"
            },
            "0.375": {
              "post": [
                0,
                0,
                -12.5
              ],
              "lerp_mode": "catmullrom"
            },
            "0.7917": {
              "post": [
                0,
                0,
                0
              ],
              "lerp_mode": "catmullrom"
            }
          }
        },
        "Head": {
          "rotation": {
            "0.0": {
              "post": [
                0,
                0,
                5
              ],
              "lerp_mode": "catmullrom"
            },
            "0.1667": {
              "post": [
                -2.36283,
                0,
                2.72634
              ],
              "lerp_mode": "catmullrom"
            },
            "0.375": {
              "post": [
                0,
                0,
                0
              ],
              "lerp_mode": "catmullrom"
            },
            "0.5833": {
              "post": [
                -2.5,
                0,
                2.1875
              ],
              "lerp_mode": "catmullrom"
            },
            "0.7917": {
              "post": [
                0,
                0,
                5
              ],
              "lerp_mode": "catmullrom"
            }
          }
        },
        "Arm": {
          "rotation": {
            "0.0": {
              "post": [
                -5,
                0,
                0
              ],
              "lerp_mode": "catmullrom"
            },
            "0.375": {
              "post": [
                -10.05481,
                -1.02681,
                -2.27665
              ],
              "lerp_mode": "catmullrom"
            },
            "0.7917": {
              "post": [
                -5,
                0,
                0
              ],
              "lerp_mode": "catmullrom"
            }
          }
        },
        "Hand": {
          "rotation": {
            "0.0": {
              "post": [
                0,
                0,
                0
              ],
              "lerp_mode": "catmullrom"
            },
            "0.375": {
              "post": [
                0,
                10,
                0
              ],
              "lerp_mode": "catmullrom"
            },
            "0.7917": {
              "post": [
                0,
                0,
                0
              ],
              "lerp_mode": "catmullrom"
            }
          }
        },
        "Arm2": {
          "rotation": {
            "0.0": {
              "post": [
                0,
                0,
                0
              ],
              "lerp_mode": "catmullrom"
            },
            "0.375": {
              "post": [
                -5,
                0,
                5
              ],
              "lerp_mode": "catmullrom"
            },
            "0.7917": {
              "post": [
                0,
                0,
                0
              ],
              "lerp_mode": "catmullrom"
            }
          }
        },
        "Hand2": {
          "rotation": {
            "0.0": {
              "post": [
                -2.5,
                0,
                0
              ],
              "lerp_mode": "catmullrom"
            },
            "0.375": {
              "post": [
                -1.49407,
                -9.8711,
                -1.89199
              ],
              "lerp_mode": "catmullrom"
            },
            "0.7917": {
              "post": [
                -2.5,
                0,
                0
              ],
              "lerp_mode": "catmullrom"
            }
          }
        }
      }
    },
    "animation.Yewwow.flying": {
      "loop": true,
      "animation_length": 5,
      "bones": {
        "Legs": {
          "rotation": {
            "0.0": [
              0,
              0,
              0
            ],
            "0.3333": [
              -55,
              0,
              0
            ],
            "3.25": [
              -3.19317,
              1.85038,
              -29.55205
            ],
            "4.5": [
              -55,
              0,
              0
            ],
            "5.0": [
              0,
              0,
              0
            ]
          },
          "position": {
            "0.0": {
              "post": [
                0,
                0,
                0
              ],
              "lerp_mode": "catmullrom"
            },
            "0.3333": {
              "post": [
                0,
                24,
                0
              ],
              "lerp_mode": "catmullrom"
            },
            "4.5": {
              "post": [
                0,
                24,
                0
              ],
              "lerp_mode": "catmullrom"
            },
            "5.0": {
              "post": [
                0,
                0,
                0
              ],
              "lerp_mode": "catmullrom"
            }
          }
        },
        "Nees": {
          "rotation": {
            "0.0": [
              0,
              0,
              0
            ],
            "0.5": [
              97.5,
              0,
              0
            ],
            "4.5": [
              97.5,
              0,
              0
            ],
            "5.0": [
              0,
              0,
              0
            ]
          }
        },
        "Toes": {
          "rotation": [
            0,
            0,
            0
          ]
        },
        "Legs2": {
          "rotation": {
            "0.0": [
              0,
              0,
              0
            ],
            "0.3333": [
              -57.5,
              0,
              0
            ],
            "3.25": [
              0.10579,
              1.30571,
              21.34418
            ],
            "4.5": [
              -57.5,
              0,
              0
            ],
            "5.0": [
              0,
              0,
              0
            ]
          },
          "position": {
            "0.0": {
              "post": [
                0,
                0,
                0
              ],
              "lerp_mode": "catmullrom"
            },
            "0.3333": {
              "post": [
                0,
                24,
                0
              ],
              "lerp_mode": "catmullrom"
            },
            "4.5": {
              "post": [
                0,
                24,
                0
              ],
              "lerp_mode": "catmullrom"
            },
            "5.0": {
              "post": [
                0,
                0,
                0
              ],
              "lerp_mode": "catmullrom"
            }
          }
        },
        "Nees2": {
          "rotation": {
            "0.0": [
              0,
              0,
              0
            ],
            "0.5": [
              85,
              0,
              0
            ],
            "4.5": [
              85,
              0,
              0
            ],
            "5.0": [
              0,
              0,
              0
            ]
          }
        },
        "Body": {
          "rotation": [
            12.5,
            0,
            0
          ],
          "position": {
            "0.0": {
              "post": [
                0,
                0,
                0
              ],
              "lerp_mode": "catmullrom"
            },
            "0.3333": {
              "post": [
                0,
                24,
                0
              ],
              "lerp_mode": "catmullrom"
            },
            "4.5": {
              "post": [
                0,
                24,
                0
              ],
              "lerp_mode": "catmullrom"
            },
            "5.0": {
              "post": [
                0,
                0,
                0
              ],
              "lerp_mode": "catmullrom"
            }
          }
        },
        "Fan": {
          "rotation": {
            "0.0": [
              0,
              0,
              -360
            ],
            "4.7083": [
              0,
              0,
              1440
            ],
            "4.9167": [
              0.01142,
              -2.31074,
              1444.43433
            ],
            "5.0": [
              0,
              0,
              1440
            ]
          }
        },
        "Arm": {
          "rotation": {
            "0.0": {
              "post": [
                0,
                0,
                0
              ],
              "lerp_mode": "catmullrom"
            },
            "0.5": {
              "post": [
                0,
                0,
                -50
              ],
              "lerp_mode": "catmullrom"
            },
            "2.5": {
              "post": [
                0,
                0,
                -51.25
              ],
              "lerp_mode": "catmullrom"
            },
            "3.75": {
              "post": [
                0,
                0,
                -59.15
              ],
              "lerp_mode": "catmullrom"
            },
            "4.5": {
              "post": [
                0,
                0,
                -50
              ],
              "lerp_mode": "catmullrom"
            },
            "5.0": {
              "post": [
                0,
                0,
                0
              ],
              "lerp_mode": "catmullrom"
            }
          }
        },
        "Hand": {
          "rotation": {
            "0.0": [
              0,
              0,
              0
            ],
            "0.5": [
              90,
              0,
              0
            ],
            "3.0": [
              86.73387,
              -52.05153,
              -7.10099
            ],
            "4.5": [
              85,
              0,
              0
            ],
            "5.0": [
              0,
              0,
              0
            ]
          }
        },
        "Arm2": {
          "rotation": {
            "0.0": {
              "post": [
                0,
                0,
                0
              ],
              "lerp_mode": "catmullrom"
            },
            "0.5": {
              "post": [
                0,
                0,
                55
              ],
              "lerp_mode": "catmullrom"
            },
            "2.5": {
              "post": [
                0,
                0,
                59.38
              ],
              "lerp_mode": "catmullrom"
            },
            "3.75": {
              "post": [
                0,
                0,
                63.23
              ],
              "lerp_mode": "catmullrom"
            },
            "4.5": {
              "post": [
                0,
                0,
                55
              ],
              "lerp_mode": "catmullrom"
            },
            "5.0": {
              "post": [
                0,
                0,
                0
              ],
              "lerp_mode": "catmullrom"
            }
          }
        },
        "Hand2": {
          "rotation": {
            "0.0": [
              0,
              0,
              0
            ],
            "0.5": [
              95,
              0,
              0
            ],
            "3.0": [
              96.93341,
              37.92221,
              4.13777
            ],
            "4.5": [
              95,
              0,
              0
            ],
            "5.0": [
              0,
              0,
              0
            ]
          }
        }
      }
    },
    "animation.Yewwow.glitch": {
      "animation_length": 0.125,
      "bones": {
        "Body": {
          "rotation": {
            "0.0": [
              0,
              0,
              0
            ],
            "0.0417": [
              0,
              0,
              7.5
            ],
            "0.0833": [
              0,
              0,
              -20
            ],
            "0.125": [
              0,
              0,
              0
            ]
          }
        },
        "Fan": {
          "rotation": {
            "0.0": [
              0,
              0,
              0
            ],
            "0.0417": [
              0,
              22.5,
              0
            ],
            "0.125": [
              0,
              0,
              0
            ]
          }
        },
        "Head": {
          "rotation": {
            "0.0": [
              0,
              0,
              0
            ],
            "0.0417": [
              -70.76939,
              40.40211,
              -24.25877
            ],
            "0.0833": [
              -8.59143,
              5.5332,
              -67.44472
            ],
            "0.125": [
              0,
              0,
              0
            ]
          }
        },
        "Arm": {
          "rotation": {
            "0.0": [
              0,
              0,
              0
            ],
            "0.0417": [
              0,
              -32.5,
              0
            ],
            "0.0833": [
              10.70424,
              -23.32948,
              -28.62778
            ],
            "0.125": [
              0,
              0,
              0
            ]
          }
        },
        "Arm2": {
          "rotation": {
            "0.0": [
              0,
              0,
              0
            ],
            "0.0417": [
              -1.078,
              16.41134,
              23.80861
            ],
            "0.0833": [
              -6.12555,
              7.32111,
              2.60217
            ],
            "0.125": [
              0,
              0,
              0
            ]
          }
        }
      }
    }
  }
}