{
	"format_version": "1.8.0",
	"animations": {
		"animation.ba.bob": {
			"loop": true,
			"animation_length": 2,
			"bones": {
				"Body": {
					"rotation": {
						"0.0": [7.5, 0, 0],
						"1.0": [2.43905, 0.74426, 0.26279],
						"2.0": [7.43905, 0.74426, 0.26279]
					}
				},
				"Peluru": {
					"position": [0, 0, 25],
					"scale": [1, 1, 0.1]
				},
				"M": {
					"position": [0, -3, 0],
					"scale": 1.6
				},
				"Head": {
					"rotation": {
						"0.0": [5, 0, 0],
						"0.25": [10, 0, 0],
						"1.25": [5, 0, 0],
						"2.0": [5, 0, 0]
					}
				},
				"Mulut2": {
					"position": {
						"0.0": [0, 0, 0],
						"0.0417": [0, 1, 0],
						"0.125": [0, 0, 0],
						"0.1667": [0, 1, 0],
						"0.2917": [0, 0, 0],
						"0.5": [0, 0, 0],
						"0.5417": [0, 1, 0],
						"0.625": [0, 0, 0],
						"0.6667": [0, 1, 0],
						"0.7917": [0, 0, 0],
						"1.0": [0, 0, 0],
						"1.0417": [0, 1, 0],
						"1.125": [0, 0, 0],
						"1.1667": [0, 1, 0],
						"1.2917": [0, 0, 0],
						"1.5": [0, 0, 0],
						"1.5417": [0, 1, 0],
						"1.625": [0, 0, 0],
						"1.6667": [0, 1, 0],
						"1.7917": [0, 0, 0]
					}
				},
				"Kaki": {
					"rotation": {
						"0.0": [-7.5, 22.5, 0],
						"1.0": [-4.0923, 23.38053, 5.98585],
						"2.0": [-7.5, 22.5, 0]
					}
				},
				"Kaki4": {
					"rotation": {
						"0.0": [-7.5, -25, 0],
						"1.0": [-4.63349, -25.67754, -5.72302],
						"2.0": [-7.5, -25, 0]
					}
				},
				"Kaki2": {
					"rotation": {
						"0.0": [0, 0, 0],
						"1.0": [-5, 0, 0],
						"2.0": [0, 0, 0]
					}
				},
				"All": {
					"position": {
						"0.0": [0, 6, 0],
						"1.0": [0, 9, 0],
						"2.0": [0, 6, 0]
					}
				}
			}
		},
		"animation.ba.walk": {
			"loop": true,
			"animation_length": 2,
			"bones": {
				"Kaki4": {
					"rotation": {
						"0.0": [20.52743, 52.1102, 4.77015],
						"0.75": [-5.59345, -8.44422, 19.81219],
						"1.0": [-7.5, -25, 0],
						"2.0": [20.52743, 52.1102, 4.77015]
					}
				},
				"bone4": {
					"rotation": {
						"0.0": [0, 0, 0],
						"0.75": [-3.09597, -26.22047, -23.47802],
						"1.0": [-27.84808, -34.29778, 30.10437],
						"2.0": [0, 0, 0]
					}
				},
				"Kaki": {
					"rotation": {
						"0.0": [-7.5, 25, 0],
						"1.0": [26.37286, -51.48967, -9.80447],
						"1.75": [-4.13669, 14.29102, -19.57948],
						"2.0": [-7.5, 25, 0]
					}
				},
				"bone": {
					"rotation": {
						"0.0": [-31.48843, 23.76089, -42.22942],
						"1.0": [0, 0, 0],
						"1.75": [-14.29011, 25.95883, -7.74204],
						"2.0": [-31.48843, 23.76089, -42.22942]
					}
				},
				"Kaki2": {
					"rotation": {
						"0.0": [-15, 0, 0],
						"1.0": [-15, 0, 0],
						"1.75": [15, 0, 0],
						"2.0": [-15, 0, 0]
					}
				},
				"bone2": {
					"rotation": {
						"0.0": [-22.5, 0, 0],
						"1.0": [22.79714, -13.42138, -0.25209],
						"2.0": [-22.5, 0, 0]
					}
				},
				"All": {
					"rotation": {
						"0.0": [10.14726, 0.19669, -2.48765],
						"0.75": [0, 0, 5],
						"1.0": [10, 0, 5],
						"1.75": [0, 0, -5],
						"2.0": [10.14726, 0.19669, -2.48765]
					},
					"position": {
						"0.0": [0, 0, 0],
						"0.75": [0, 2, 0],
						"1.75": [0, 2, 0],
						"2.0": [0, 0, 0]
					}
				}
			}
		},
		"animation.ba.bow_and_arrow": {
			"loop": true,
			"animation_length": 5,
			"bones": {
				"Body": {
					"rotation": {
						"0.0": [0, 0, 0],
						"1.0": [-5, 0, 0],
						"4.5": [-5, 0, 0],
						"5.0": [0, 0, 0]
					}
				},
				"bone3": {
					"rotation": {
						"1.25": [0, 0, 0],
						"1.3333": [5, 0, 0],
						"1.4167": [-2.50954, 4.99523, -0.21865],
						"1.5": [4.99046, 4.99523, -0.21865],
						"1.5833": [0, 0, 0],
						"1.6667": [0, -10, 0],
						"1.75": [-7.5, -10, 0],
						"1.8333": [0, 0, 0],
						"1.9167": [0, 0, 0],
						"2.0": [5, 0, 0],
						"2.0833": [-2.50954, 4.99523, -0.21865],
						"2.1667": [4.99046, 4.99523, -0.21865],
						"2.25": [0, 0, 0],
						"2.3333": [0, -10, 0],
						"2.4167": [-7.5, -10, 0],
						"2.5": [0, 0, 0],
						"2.5833": [0, 0, 0],
						"2.6667": [5, 0, 0],
						"2.75": [-2.50954, 4.99523, -0.21865],
						"2.8333": [4.99046, 4.99523, -0.21865],
						"2.9167": [0, 0, 0],
						"3.0": [0, -10, 0],
						"3.0833": [-7.5, -10, 0],
						"3.1667": [0, 0, 0],
						"3.25": [5, 0, 0],
						"3.3333": [-2.50954, 4.99523, -0.21865],
						"3.4167": [4.99046, 4.99523, -0.21865],
						"3.5": [0, 0, 0],
						"3.5833": [0, -10, 0],
						"3.6667": [-7.5, -10, 0],
						"3.75": [0, 0, 0],
						"3.8333": [5, 0, 0],
						"3.9167": [-2.50954, 4.99523, -0.21865],
						"4.0": [4.99046, 4.99523, -0.21865],
						"4.0833": [0, 0, 0],
						"4.1667": [0, -10, 0],
						"4.25": [-7.5, -10, 0],
						"4.3333": [0, 0, 0]
					}
				},
				"Peluru": {
					"position": {
						"1.4583": [0, 0, 0],
						"1.5": [0, 0, -25],
						"1.5417": [0, 0, 0],
						"1.5833": [0, 0, -25],
						"1.625": [0, 0, 0],
						"1.6667": [0, 0, -25],
						"1.7083": [0, 0, 0],
						"1.75": [0, 0, -25],
						"1.7917": [0, 0, 0],
						"1.8333": [0, 0, -25],
						"1.875": [0, 0, 0],
						"1.9167": [0, 0, -25],
						"1.9583": [0, 0, 0],
						"2.0": [0, 0, -25],
						"2.0417": [0, 0, 0],
						"2.0833": [0, 0, -25],
						"2.125": [0, 0, 0],
						"2.1667": [0, 0, -25],
						"2.2083": [0, 0, 0],
						"2.25": [0, 0, -25],
						"2.2917": [0, 0, 0],
						"2.3333": [0, 0, -25],
						"2.375": [0, 0, 0],
						"2.4167": [0, 0, -25],
						"2.4583": [0, 0, 0],
						"2.5": [0, 0, -25],
						"2.5417": [0, 0, 0],
						"2.5833": [0, 0, -25],
						"2.625": [0, 0, 0],
						"2.6667": [0, 0, -25],
						"2.7083": [0, 0, 0],
						"2.75": [0, 0, -25],
						"2.7917": [0, 0, 0],
						"2.8333": [0, 0, -25],
						"2.875": [0, 0, 0],
						"2.9167": [0, 0, -25],
						"2.9583": [0, 0, 0],
						"3.0": [0, 0, -25],
						"3.0417": [0, 0, 0],
						"3.0833": [0, 0, -25],
						"3.125": [0, 0, 0],
						"3.1667": [0, 0, -25],
						"3.2083": [0, 0, 0],
						"3.25": [0, 0, -25],
						"3.2917": [0, 0, 0],
						"3.3333": [0, 0, -25],
						"3.375": [0, 0, 0],
						"3.4167": [0, 0, -25],
						"3.4583": [0, 0, 0],
						"3.5": [0, 0, -25],
						"3.5417": [0, 0, 0],
						"3.5833": [0, 0, -25],
						"3.625": [0, 0, 0],
						"3.6667": [0, 0, -25],
						"3.7083": [0, 0, 0],
						"3.75": [0, 0, -25],
						"3.7917": [0, 0, 0],
						"3.8333": [0, 0, -25],
						"3.875": [0, 0, 0],
						"3.9167": [0, 0, -25],
						"3.9583": [0, 0, 0],
						"4.0": [0, 0, -25],
						"4.0417": [0, 0, 0],
						"4.0833": [0, 0, -25],
						"4.125": [0, 0, 0]
					},
					"scale": {
						"1.4583": [1, 1, 1],
						"1.5": [1, 1, 20.2],
						"1.5417": [1, 1, 1],
						"1.5833": [1, 1, 20.2],
						"1.625": [1, 1, 1],
						"1.6667": [1, 1, 20.2],
						"1.7083": [1, 1, 1],
						"1.75": [1, 1, 20.2],
						"1.7917": [1, 1, 1],
						"1.8333": [1, 1, 20.2],
						"1.875": [1, 1, 1],
						"1.9167": [1, 1, 20.2],
						"1.9583": [1, 1, 1],
						"2.0": [1, 1, 20.2],
						"2.0417": [1, 1, 1],
						"2.0833": [1, 1, 20.2],
						"2.125": [1, 1, 1],
						"2.1667": [1, 1, 20.2],
						"2.2083": [1, 1, 1],
						"2.25": [1, 1, 20.2],
						"2.2917": [1, 1, 1],
						"2.3333": [1, 1, 20.2],
						"2.375": [1, 1, 1],
						"2.4167": [1, 1, 20.2],
						"2.4583": [1, 1, 1],
						"2.5": [1, 1, 20.2],
						"2.5417": [1, 1, 1],
						"2.5833": [1, 1, 20.2],
						"2.625": [1, 1, 1],
						"2.6667": [1, 1, 20.2],
						"2.7083": [1, 1, 1],
						"2.75": [1, 1, 20.2],
						"2.7917": [1, 1, 1],
						"2.8333": [1, 1, 20.2],
						"2.875": [1, 1, 1],
						"2.9167": [1, 1, 20.2],
						"2.9583": [1, 1, 1],
						"3.0": [1, 1, 20.2],
						"3.0417": [1, 1, 1],
						"3.0833": [1, 1, 20.2],
						"3.125": [1, 1, 1],
						"3.1667": [1, 1, 20.2],
						"3.2083": [1, 1, 1],
						"3.25": [1, 1, 20.2],
						"3.2917": [1, 1, 1],
						"3.3333": [1, 1, 20.2],
						"3.375": [1, 1, 1],
						"3.4167": [1, 1, 20.2],
						"3.4583": [1, 1, 1],
						"3.5": [1, 1, 20.2],
						"3.5417": [1, 1, 1],
						"3.5833": [1, 1, 20.2],
						"3.625": [1, 1, 1],
						"3.6667": [1, 1, 20.2],
						"3.7083": [1, 1, 1],
						"3.75": [1, 1, 20.2],
						"3.7917": [1, 1, 1],
						"3.8333": [1, 1, 20.2],
						"3.875": [1, 1, 1],
						"3.9167": [1, 1, 20.2],
						"3.9583": [1, 1, 1],
						"4.0": [1, 1, 20.2],
						"4.0417": [1, 1, 1],
						"4.0833": [1, 1, 20.2],
						"4.125": [1, 1, 1]
					}
				},
				"Head": {
					"rotation": {
						"1.25": [0, 0, 0],
						"1.2917": [5, 0, 0],
						"1.3333": [4.95744, -0.65182, 7.47178],
						"1.375": [14.95744, -0.65182, 7.47178],
						"1.4167": [-2.39089, -1.0833, -2.52008],
						"1.4583": [4.92473, -1.74011, 4.95342],
						"1.5": [0, 0, 0],
						"1.5417": [5, 0, 0],
						"1.5833": [4.95744, -0.65182, 7.47178],
						"1.625": [14.95744, -0.65182, 7.47178],
						"1.6667": [-2.39089, -1.0833, -2.52008],
						"1.7083": [4.92473, -1.74011, 4.95342],
						"1.75": [0, 0, 0],
						"1.7917": [5, 0, 0],
						"1.8333": [4.95744, -0.65182, 7.47178],
						"1.875": [14.95744, -0.65182, 7.47178],
						"1.9167": [-2.39089, -1.0833, -2.52008],
						"1.9583": [4.92473, -1.74011, 4.95342],
						"2.0": [0, 0, 0],
						"2.0417": [5, 0, 0],
						"2.0833": [4.95744, -0.65182, 7.47178],
						"2.125": [14.95744, -0.65182, 7.47178],
						"2.1667": [-2.39089, -1.0833, -2.52008],
						"2.2083": [4.92473, -1.74011, 4.95342],
						"2.25": [0, 0, 0],
						"2.2917": [5, 0, 0],
						"2.3333": [4.95744, -0.65182, 7.47178],
						"2.375": [14.95744, -0.65182, 7.47178],
						"2.4167": [-2.39089, -1.0833, -2.52008],
						"2.4583": [4.92473, -1.74011, 4.95342],
						"2.5": [0, 0, 0],
						"2.5417": [5, 0, 0],
						"2.5833": [4.95744, -0.65182, 7.47178],
						"2.625": [14.95744, -0.65182, 7.47178],
						"2.6667": [-2.39089, -1.0833, -2.52008],
						"2.7083": [4.92473, -1.74011, 4.95342],
						"2.75": [0, 0, 0],
						"2.7917": [5, 0, 0],
						"2.8333": [4.95744, -0.65182, 7.47178],
						"2.875": [14.95744, -0.65182, 7.47178],
						"2.9167": [-2.39089, -1.0833, -2.52008],
						"2.9583": [4.92473, -1.74011, 4.95342],
						"3.0": [0, 0, 0],
						"3.0417": [5, 0, 0],
						"3.0833": [4.95744, -0.65182, 7.47178],
						"3.125": [14.95744, -0.65182, 7.47178],
						"3.1667": [-2.39089, -1.0833, -2.52008],
						"3.2083": [4.92473, -1.74011, 4.95342],
						"3.25": [0, 0, 0],
						"3.2917": [5, 0, 0],
						"3.3333": [4.95744, -0.65182, 7.47178],
						"3.375": [14.95744, -0.65182, 7.47178],
						"3.4167": [-2.39089, -1.0833, -2.52008],
						"3.4583": [4.92473, -1.74011, 4.95342],
						"3.5": [0, 0, 0],
						"3.5417": [5, 0, 0],
						"3.5833": [4.95744, -0.65182, 7.47178],
						"3.625": [14.95744, -0.65182, 7.47178],
						"3.6667": [-2.39089, -1.0833, -2.52008],
						"3.7083": [4.92473, -1.74011, 4.95342],
						"3.75": [0, 0, 0],
						"3.7917": [5, 0, 0],
						"3.8333": [4.95744, -0.65182, 7.47178],
						"3.875": [14.95744, -0.65182, 7.47178],
						"3.9167": [-2.39089, -1.0833, -2.52008],
						"3.9583": [4.92473, -1.74011, 4.95342],
						"4.0": [0, 0, 0],
						"4.0417": [5, 0, 0],
						"4.0833": [4.95744, -0.65182, 7.47178],
						"4.125": [14.95744, -0.65182, 7.47178],
						"4.1667": [-2.39089, -1.0833, -2.52008],
						"4.2083": [4.92473, -1.74011, 4.95342],
						"4.5": [0, 0, 0]
					}
				}
			}
		}
	}
}