{
	"format_version": "1.8.0",
	"animations": {
		"animation.bcat.bob": {
			"loop": true,
			"animation_length": 19.75,
			"bones": {
				"Body": {
					"rotation": {
						"0.5": [0, 0, 0],
						"1.0": [15, 0, 0],
						"2.5": [17.5, 0, 0],
						"4.0": [15, 0, 0],
						"5.5": [17.5, 0, 0],
						"7.0": [15, 0, 0],
						"8.5": [17.5, 0, 0],
						"10.0": [15, 0, 0],
						"11.5": [17.5, 0, 0],
						"13.0": [15, 0, 0],
						"14.5": [17.5, 0, 0],
						"16.0": [15, 0, 0],
						"17.5": [17.5, 0, 0],
						"19.0": [15, 0, 0],
						"19.75": [0, 0, 0]
					}
				},
				"Tangan2": {
					"rotation": {
						"0.25": [0, 0, 0],
						"0.3333": [-17.5, 0, 20],
						"2.5": [-17.48436, -0.75155, 17.61557],
						"4.0": [-17.5, 0, 20],
						"5.5": [-17.48436, -0.75155, 17.61557],
						"7.0": [-17.5, 0, 20],
						"8.5": [-17.48436, -0.75155, 17.61557],
						"10.0": [-17.5, 0, 20],
						"11.5": [-17.48436, -0.75155, 17.61557],
						"13.0": [-17.5, 0, 20],
						"14.5": [-17.48436, -0.75155, 17.61557],
						"16.0": [-17.5, 0, 20],
						"17.5": [-17.48436, -0.75155, 17.61557],
						"19.0": [-17.5, 0, 20],
						"19.75": [0, 0, 0]
					}
				},
				"Tangan77": {
					"rotation": {
						"0.25": [0.75904, -0.29214, -0.01831],
						"0.3333": [0, 0, -20],
						"4.0": [0, 0, -20],
						"7.0": [0, 0, -20],
						"10.0": [0, 0, -20],
						"13.0": [0, 0, -20],
						"16.0": [0, 0, -20],
						"19.0": [0, 0, -20],
						"19.75": [0.75904, -0.29214, -0.01831]
					}
				},
				"Head": {
					"rotation": {
						"0.25": [0, 0, 0],
						"0.2917": [-9.60965, 26.22449, 21.66433],
						"0.3333": [-11.98097, 25.28721, 16.21073],
						"0.375": [-9.60965, 26.22449, 21.66433],
						"0.4167": [-4.60965, 26.22449, 21.66433],
						"0.4583": [-5.86093, 27.23592, 29.98669],
						"0.5": [-13.11989, 24.74385, 13.51782],
						"1.0": [0, 0, 0],
						"4.5": [0, 0, 0],
						"4.5417": [0, 0, -2.5],
						"4.5833": [0, -5, -2.5],
						"4.625": [5, -5, -2.5],
						"4.6667": [4.98093, -0.01893, -2.06477],
						"4.7083": [4.93606, -0.66811, 5.40726],
						"4.75": [0, 0, 0],
						"11.0": [0, 0, 0],
						"11.0417": [0, -7.5, 0],
						"11.0833": [0, 0, 0],
						"11.125": [-7.5, 0, 0],
						"11.1667": [-7.56397, -7.43547, 0.98448],
						"11.2083": [-6.53013, -8.35694, -6.53013],
						"11.25": [-6.46131, -0.90495, -7.38078],
						"11.2917": [-6.52387, -0.05569, 0.07131],
						"11.3333": [-6.58051, -7.50684, 0.92839],
						"11.375": [-5.9011, -8.05073, -4.08815],
						"11.4167": [-5.84304, -0.58997, -4.85711],
						"11.4583": [-13.34304, -0.58997, -4.85711],
						"11.5": [0, 0, 0]
					}
				},
				"Tangan": {
					"rotation": {
						"0.25": [0.27485, 1.82036, 0.39976],
						"0.3333": [-17.19986, -1.70818, -19.9299],
						"2.5": [-17.25563, -0.96765, -17.54142],
						"4.0": [-17.19986, -1.70818, -19.9299],
						"5.5": [-17.25563, -0.96765, -17.54142],
						"7.0": [-17.19986, -1.70818, -19.9299],
						"8.5": [-17.25563, -0.96765, -17.54142],
						"10.0": [-17.19986, -1.70818, -19.9299],
						"11.5": [-17.25563, -0.96765, -17.54142],
						"13.0": [-17.19986, -1.70818, -19.9299],
						"14.5": [-17.25563, -0.96765, -17.54142],
						"16.0": [-17.19986, -1.70818, -19.9299],
						"17.5": [-17.25563, -0.96765, -17.54142],
						"19.0": [-17.19986, -1.70818, -19.9299],
						"19.75": [0.27485, 1.82036, 0.39976]
					}
				},
				"Tangan78": {
					"rotation": {
						"0.25": [0, 0, 0],
						"0.3333": [0, 0, 20],
						"4.0": [0, 0, 20],
						"7.0": [0, 0, 20],
						"10.0": [0, 0, 20],
						"13.0": [0, 0, 20],
						"16.0": [0, 0, 20],
						"19.0": [0, 0, 20],
						"19.75": [0, 0, 0]
					}
				},
				"LeftLeg": {
					"rotation": {
						"0.5": [-0.6065, 1.48376, -2.3348],
						"1.0": [0, 0, -10],
						"19.0": [0, 0, -10],
						"19.75": [-0.6065, 1.48376, -2.3348]
					}
				},
				"RightLeg": {
					"rotation": {
						"0.5": [0, 0, 0],
						"1.0": [0, 0, 10],
						"19.0": [0, 0, 10],
						"19.75": [0, 0, 0]
					}
				},
				"Body9": {
					"rotation": [-42.5, 0, 0],
					"position": [0, 14, -22],
					"scale": 0.2
				},
				"Leher2": {
					"scale": [1.4, 1.4, 1.7]
				},
				"Head2": {
					"rotation": [50, 0, 0]
				},
				"Listrik": {
					"position": {
						"1.0": [0, 0, 0],
						"1.0833": [0, 0, 16],
						"1.1667": [0, 0, 0],
						"1.25": [0, 0, 0],
						"1.3333": [0, 0, 16],
						"1.4167": [0, 0, 0],
						"1.5": [0, 0, 0],
						"1.5833": [0, 0, 16],
						"1.6667": [0, 0, 0],
						"1.75": [0, 0, 0],
						"1.8333": [0, 0, 16],
						"1.9167": [0, 0, 0],
						"2.0": [0, 0, 0],
						"2.0833": [0, 0, 16],
						"2.1667": [0, 0, 0],
						"2.25": [0, 0, 0],
						"2.3333": [0, 0, 16],
						"2.4167": [0, 0, 0],
						"2.5": [0, 0, 0],
						"2.5833": [0, 0, 16],
						"2.6667": [0, 0, 0],
						"2.75": [0, 0, 0],
						"2.8333": [0, 0, 16],
						"2.9167": [0, 0, 0],
						"3.0": [0, 0, 0],
						"3.0833": [0, 0, 16],
						"3.1667": [0, 0, 0],
						"3.25": [0, 0, 0],
						"3.3333": [0, 0, 16],
						"3.4167": [0, 0, 0],
						"3.5": [0, 0, 0],
						"3.5833": [0, 0, 16],
						"3.6667": [0, 0, 0],
						"3.75": [0, 0, 0],
						"3.8333": [0, 0, 16],
						"3.9167": [0, 0, 0],
						"4.0": [0, 0, 0],
						"4.0833": [0, 0, 16],
						"4.1667": [0, 0, 0],
						"4.25": [0, 0, 0],
						"4.3333": [0, 0, 16],
						"4.4167": [0, 0, 0],
						"4.5": [0, 0, 0],
						"4.5833": [0, 0, 16],
						"4.6667": [0, 0, 0],
						"4.75": [0, 0, 0],
						"4.8333": [0, 0, 16],
						"4.9167": [0, 0, 0],
						"5.0": [0, 0, 0],
						"5.0833": [0, 0, 16],
						"5.1667": [0, 0, 0],
						"5.25": [0, 0, 0],
						"5.3333": [0, 0, 16],
						"5.4167": [0, 0, 0],
						"5.5": [0, 0, 0],
						"5.5833": [0, 0, 16],
						"5.6667": [0, 0, 0],
						"5.75": [0, 0, 0],
						"5.8333": [0, 0, 16],
						"5.9167": [0, 0, 0],
						"6.0": [0, 0, 0],
						"6.0833": [0, 0, 16],
						"6.1667": [0, 0, 0],
						"6.25": [0, 0, 0],
						"6.3333": [0, 0, 16],
						"6.4167": [0, 0, 0],
						"6.5": [0, 0, 0],
						"6.5833": [0, 0, 16],
						"6.6667": [0, 0, 0],
						"6.75": [0, 0, 0],
						"6.8333": [0, 0, 16],
						"6.9167": [0, 0, 0],
						"7.0": [0, 0, 0],
						"7.0833": [0, 0, 16],
						"7.1667": [0, 0, 0],
						"7.25": [0, 0, 0],
						"7.3333": [0, 0, 16],
						"7.4167": [0, 0, 0],
						"7.5": [0, 0, 0],
						"7.5833": [0, 0, 16],
						"7.6667": [0, 0, 0],
						"7.75": [0, 0, 0],
						"7.8333": [0, 0, 16],
						"7.9167": [0, 0, 0],
						"8.0": [0, 0, 0],
						"8.0833": [0, 0, 16],
						"8.1667": [0, 0, 0],
						"8.25": [0, 0, 0],
						"8.3333": [0, 0, 16],
						"8.4167": [0, 0, 0],
						"8.5": [0, 0, 0],
						"8.5833": [0, 0, 16],
						"8.6667": [0, 0, 0],
						"8.75": [0, 0, 0],
						"8.8333": [0, 0, 16],
						"8.9167": [0, 0, 0],
						"9.0": [0, 0, 0],
						"9.0833": [0, 0, 16],
						"9.1667": [0, 0, 0],
						"9.25": [0, 0, 0],
						"9.3333": [0, 0, 16],
						"9.4167": [0, 0, 0],
						"9.5": [0, 0, 0],
						"9.5833": [0, 0, 16],
						"9.6667": [0, 0, 0],
						"9.75": [0, 0, 0],
						"9.8333": [0, 0, 16],
						"9.9167": [0, 0, 0],
						"10.0": [0, 0, 0],
						"10.0833": [0, 0, 16],
						"10.1667": [0, 0, 0],
						"10.25": [0, 0, 0],
						"10.3333": [0, 0, 16],
						"10.4167": [0, 0, 0],
						"10.5": [0, 0, 0],
						"10.5833": [0, 0, 16],
						"10.6667": [0, 0, 0],
						"10.75": [0, 0, 0],
						"10.8333": [0, 0, 16],
						"10.9167": [0, 0, 0],
						"11.0": [0, 0, 0],
						"11.0833": [0, 0, 16],
						"11.1667": [0, 0, 0],
						"11.25": [0, 0, 0],
						"11.3333": [0, 0, 16],
						"11.4167": [0, 0, 0],
						"11.5": [0, 0, 0],
						"11.5833": [0, 0, 16],
						"11.6667": [0, 0, 0],
						"11.75": [0, 0, 0],
						"11.8333": [0, 0, 16],
						"11.9167": [0, 0, 0],
						"12.0": [0, 0, 0],
						"12.0833": [0, 0, 16],
						"12.1667": [0, 0, 0],
						"12.25": [0, 0, 0],
						"12.3333": [0, 0, 16],
						"12.4167": [0, 0, 0],
						"12.5": [0, 0, 0],
						"12.5833": [0, 0, 16],
						"12.6667": [0, 0, 0],
						"12.75": [0, 0, 0],
						"12.8333": [0, 0, 16],
						"12.9167": [0, 0, 0],
						"13.0": [0, 0, 0],
						"13.0833": [0, 0, 16],
						"13.1667": [0, 0, 0],
						"13.25": [0, 0, 0],
						"13.3333": [0, 0, 16],
						"13.4167": [0, 0, 0],
						"13.5": [0, 0, 0],
						"13.5833": [0, 0, 16],
						"13.6667": [0, 0, 0],
						"13.75": [0, 0, 0],
						"13.8333": [0, 0, 16],
						"13.9167": [0, 0, 0],
						"14.0": [0, 0, 0],
						"14.0833": [0, 0, 16],
						"14.1667": [0, 0, 0],
						"14.25": [0, 0, 0],
						"14.3333": [0, 0, 16],
						"14.4167": [0, 0, 0],
						"14.5": [0, 0, 0],
						"14.5833": [0, 0, 16],
						"14.6667": [0, 0, 0],
						"14.75": [0, 0, 0],
						"14.8333": [0, 0, 16],
						"14.9167": [0, 0, 0],
						"15.0": [0, 0, 0],
						"15.0833": [0, 0, 16],
						"15.1667": [0, 0, 0],
						"15.25": [0, 0, 0],
						"15.3333": [0, 0, 16],
						"15.4167": [0, 0, 0],
						"15.5": [0, 0, 0],
						"15.5833": [0, 0, 16],
						"15.6667": [0, 0, 0],
						"15.75": [0, 0, 0],
						"15.8333": [0, 0, 16],
						"15.9167": [0, 0, 0],
						"16.0": [0, 0, 0],
						"16.0833": [0, 0, 16],
						"16.1667": [0, 0, 0],
						"16.25": [0, 0, 0],
						"16.3333": [0, 0, 16],
						"16.4167": [0, 0, 0],
						"16.5": [0, 0, 0],
						"16.5833": [0, 0, 16],
						"16.6667": [0, 0, 0],
						"16.75": [0, 0, 0],
						"16.8333": [0, 0, 16],
						"16.9167": [0, 0, 0],
						"17.0": [0, 0, 0],
						"17.0833": [0, 0, 16],
						"17.1667": [0, 0, 0],
						"17.25": [0, 0, 0],
						"17.3333": [0, 0, 16],
						"17.4167": [0, 0, 0],
						"17.5": [0, 0, 0],
						"17.5833": [0, 0, 16],
						"17.6667": [0, 0, 0],
						"17.75": [0, 0, 0],
						"17.8333": [0, 0, 16],
						"17.9167": [0, 0, 0],
						"18.0": [0, 0, 0],
						"18.0833": [0, 0, 16],
						"18.1667": [0, 0, 0],
						"18.25": [0, 0, 0],
						"18.3333": [0, 0, 16],
						"18.4167": [0, 0, 0],
						"18.5": [0, 0, 0],
						"18.5833": [0, 0, 16],
						"18.6667": [0, 0, 0],
						"18.75": [0, 0, 0],
						"18.8333": [0, 0, 16],
						"18.9167": [0, 0, 0]
					},
					"scale": {
						"0.9583": [0, 0, 1],
						"1.0": [1, 1, 1]
					}
				}
			}
		},
		"animation.bcat.walk": {
			"loop": true,
			"animation_length": 2.25,
			"bones": {
				"All": {
					"position": {
						"0.0": [0, -2, 0],
						"0.2083": [0, 0, 0],
						"0.375": [0, -2, 0],
						"0.5833": [0, 0, 0],
						"0.75": [0, -2, 0],
						"0.9583": [0, 0, 0],
						"1.125": [0, -2, 0],
						"1.3333": [0, 0, 0],
						"1.5": [0, -2, 0],
						"1.7083": [0, 0, 0],
						"1.875": [0, -2, 0],
						"2.0833": [0, 0, 0],
						"2.25": [0, -2, 0]
					}
				},
				"Body": {
					"rotation": {
						"0.0": [-5, 0, 0],
						"0.75": [-5, 0, 0],
						"1.5": [-5, 0, 0]
					}
				},
				"Tangan2": {
					"rotation": {
						"0.0": [4.37136, -15.15995, 18.47485],
						"0.25": [16.73634, -5.188, 19.23634],
						"0.5": [4.37136, -15.15995, 18.47485],
						"0.75": [16.73634, -5.188, 19.23634],
						"1.0": [4.37136, -15.15995, 18.47485],
						"1.25": [16.73634, -5.188, 19.23634],
						"1.5": [4.37136, -15.15995, 18.47485],
						"1.75": [16.73634, -5.188, 19.23634]
					}
				},
				"Tangan77": {
					"rotation": {
						"0.0": [-80, 0, 0],
						"0.75": [-80, 0, 0],
						"1.5": [-80, 0, 0]
					}
				},
				"Head": {
					"rotation": {
						"0.0": [1.68054, 0.16537, -14.90276],
						"0.75": [1.68054, 0.16537, -14.90276],
						"1.5": [1.68054, 0.16537, -14.90276]
					}
				},
				"Tangan": {
					"rotation": {
						"0.0": [17.06333, 23.26919, -7.71191],
						"0.25": [4.02401, 27.78533, -8.17784],
						"0.5": [17.06333, 23.26919, -7.71191],
						"0.75": [4.02401, 27.78533, -8.17784],
						"1.0": [17.06333, 23.26919, -7.71191],
						"1.25": [4.02401, 27.78533, -8.17784],
						"1.5": [17.06333, 23.26919, -7.71191],
						"1.75": [4.02401, 27.78533, -8.17784],
						"2.0": [17.06333, 23.26919, -7.71191]
					}
				},
				"Tangan78": {
					"rotation": {
						"0.0": [-55, 0, 0],
						"0.75": [-55, 0, 0],
						"1.5": [-55, 0, 0]
					}
				},
				"LeftLeg": {
					"rotation": {
						"0.0": [-20, 0, 0],
						"0.375": [20, 0, 0],
						"0.75": [-20, 0, 0],
						"1.125": [20, 0, 0],
						"1.5": [-20, 0, 0],
						"1.875": [20, 0, 0],
						"2.25": [-17.5, 0, 0]
					}
				},
				"Kaki99": {
					"rotation": {
						"0.0": [0, 0, 0],
						"0.375": [20, 0, 0],
						"0.75": [0, 0, 0],
						"1.125": [20, 0, 0],
						"1.5": [0, 0, 0],
						"1.875": [20, 0, 0],
						"2.25": [0, 0, 0]
					}
				},
				"RightLeg": {
					"rotation": {
						"0.0": [20, 0, 0],
						"0.375": [-20, 0, 0],
						"0.75": [20, 0, 0],
						"1.125": [-20, 0, 0],
						"1.5": [20, 0, 0],
						"1.875": [-20, 0, 0],
						"2.25": [20, 0, 0]
					}
				},
				"Kaki98": {
					"rotation": {
						"0.0": [30, 0, 0],
						"0.125": [47.5, 0, 0],
						"0.3333": [0, 0, 0],
						"0.75": [30, 0, 0],
						"0.875": [47.5, 0, 0],
						"1.0833": [0, 0, 0],
						"1.5": [30, 0, 0],
						"1.625": [47.5, 0, 0],
						"1.8333": [0, 0, 0],
						"2.25": [30, 0, 0]
					}
				}
			}
		},
		"animation.bcat.attack": {
			"animation_length": 1,
			"bones": {
				"Tangan2": {
					"rotation": {
						"0.0": [0, 0, 0],
						"0.1667": [0, 0, 55],
						"0.375": [0, 0, 60],
						"0.5": [-61.99589, -7.59621, -12.1512],
						"0.625": [-61.99589, -7.59621, -12.1512],
						"1.0": [0, 0, 0]
					}
				},
				"Tangan": {
					"rotation": {
						"0.0": [0, 0, 0],
						"0.1667": [0, 0, -55],
						"0.375": [-0.00371, -0.60748, -59.96296],
						"0.5": [-63.36125, 9.79075, 11.96854],
						"0.625": [-63.36125, 9.79075, 11.96854],
						"1.0": [0, 0, 0]
					}
				}
			}
		}
	}
}