{
	"format_version": "1.8.0",
	"animations": {
		"animation.cat.bob": {
			"loop": true,
			"animation_length": 8,
			"bones": {
				"Body": {
					"position": {
						"0.75": [0, 0, 0],
						"1.5": [0, -2, 0],
						"7.5": [0, -2, 0],
						"8.0": [0, 0, 0]
					}
				},
				"bone99": {
					"rotation": {
						"0.0": [0, 0, 0],
						"0.0833": [-7.5, 0, 0],
						"1.0": [-7.5, 0, 0],
						"1.5": [15, 0, 0],
						"3.0": [12.58689, 0.5238, -0.4018],
						"3.5": [15, 0, 0],
						"5.0": [12.58689, 0.5238, -0.4018],
						"5.5": [15, 0, 0],
						"7.0": [12.58689, 0.5238, -0.4018],
						"7.5": [17.40949, -0.54024, 0.37941],
						"8.0": [0, 0, 0]
					}
				},
				"Tangan2": {
					"rotation": {
						"0.0": [-0.14321, 3.00017, 2.03561],
						"0.0833": [0.63886, 2.93492, 17.05572],
						"1.0": [0.63886, 2.93492, 17.05572],
						"1.5": [-17.25002, 2.99318, 9.54589],
						"3.0": [-16.93839, 4.46375, 14.33501],
						"3.5": [-17.25002, 2.99318, 9.54589],
						"5.0": [-16.93839, 4.46375, 14.33501],
						"5.5": [-17.25002, 2.99318, 9.54589],
						"7.0": [-16.93839, 4.46375, 14.33501],
						"7.5": [-17.25002, 2.99318, 9.54589],
						"8.0": [-0.14321, 3.00017, 2.03561]
					}
				},
				"Bone7777": {
					"rotation": {
						"0.0": [0, 0, 0],
						"0.75": [0, 0, 0],
						"1.5": [0, 0, -10]
					}
				},
				"Tangan": {
					"rotation": {
						"0.0": [-0.16709, -3.41228, -1.89474],
						"0.0833": [0.57628, -3.36747, -14.41665],
						"1.0": [0.57628, -3.36747, -14.41665],
						"1.5": [-19.71975, -3.40487, -9.40804],
						"3.0": [-19.37006, -5.07855, -14.13272],
						"3.5": [-19.71975, -3.40487, -9.40804],
						"5.0": [-19.37006, -5.07855, -14.13272],
						"5.5": [-19.71975, -3.40487, -9.40804],
						"7.0": [-19.37006, -5.07855, -14.13272],
						"7.5": [-19.71975, -3.40487, -9.40804],
						"8.0": [-0.16709, -3.41228, -1.89474]
					}
				},
				"Bone888": {
					"rotation": {
						"0.0": [0, 0, 0],
						"0.75": [0, 0, 0],
						"1.5": [0, 0, 12.5]
					}
				},
				"RightLeg": {
					"rotation": {
						"0.75": [-0.10166, -0.21348, 0.21783],
						"1.5": [10, 0, 10],
						"8.0": [-0.10166, -0.21348, 0.21783]
					}
				},
				"Bone5555": {
					"rotation": {
						"0.75": [0, 0, 0],
						"1.5": [25, 0, 0],
						"7.5": [25, 0, 0],
						"8.0": [0, 0, 0]
					}
				},
				"Head": {
					"rotation": {
						"0.0": [0, 0, 0],
						"0.0417": [-8.30314, -5.39631, -28.1427],
						"0.1667": [-8.30314, -5.39631, -28.1427],
						"0.2083": [0, 0, 0],
						"0.25": [-6.22736, -4.04724, -21.10702],
						"0.2917": [-6.68966, -1.24893, 3.03986],
						"0.3333": [-5.88241, -1.91812, -4.69824],
						"0.375": [-5.42397, -1.25902, 0.7514],
						"0.4167": [-2.32131, -1.11913, 0.66791],
						"0.4583": [-1.98652, -1.06689, -1.91444],
						"0.5": [-6.70273, -0.91448, -1.64095],
						"0.75": [0, 0, 0],
						"1.5": [27.5, 0, 0],
						"8.0": [0, 0, 0]
					}
				},
				"LeftLeg": {
					"rotation": {
						"0.75": [1.37693, -1.26665, 2.39772],
						"1.5": [-20, 0, -10],
						"7.5": [-20, 0, -10],
						"8.0": [1.37693, -1.26665, 2.39772]
					}
				},
				"Bone6666": {
					"rotation": {
						"0.75": [-0.62964, -0.96278, -1.962],
						"1.5": [21.76702, -0.58081, 5.59079],
						"7.5": [21.76702, -0.58081, 5.59079],
						"8.0": [-0.62964, -0.96278, -1.962]
					}
				},
				"Body2": {
					"rotation": [-25, 0, 0],
					"position": [0, 10, -15],
					"scale": 0.2
				},
				"Leher2": {
					"rotation": {
						"0.0": [-45, 0, 0],
						"0.25": [17.5, 0, 0],
						"0.5": [2.5, 0, 0],
						"7.75": [2.5, 0, 0],
						"8.0": [-45, 0, 0]
					},
					"scale": [1.6, 1.6, 1.9]
				},
				"Head2": {
					"rotation": [37.5, 0, 0]
				},
				"Listrik": {
					"position": {
						"1.5": [0, 0, 0],
						"1.5417": [0, 9, 3],
						"1.625": [0, 0, 0],
						"1.6667": [0, 9, 3],
						"1.75": [0, 0, 0],
						"1.7917": [0, 9, 3],
						"1.875": [0, 0, 0],
						"1.9167": [0, 9, 3],
						"2.0": [0, 0, 0],
						"2.0417": [0, 9, 3],
						"2.125": [0, 0, 0],
						"2.1667": [0, 9, 3],
						"2.25": [0, 0, 0],
						"2.2917": [0, 9, 3],
						"2.375": [0, 0, 0],
						"2.4167": [0, 9, 3],
						"2.5": [0, 0, 0],
						"2.5417": [0, 9, 3],
						"2.625": [0, 0, 0],
						"2.6667": [0, 9, 3],
						"2.75": [0, 0, 0],
						"2.7917": [0, 9, 3],
						"2.875": [0, 0, 0],
						"2.9167": [0, 9, 3],
						"3.0": [0, 0, 0],
						"3.0417": [0, 9, 3],
						"3.125": [0, 0, 0],
						"3.1667": [0, 9, 3],
						"3.25": [0, 0, 0],
						"3.2917": [0, 9, 3],
						"3.375": [0, 0, 0],
						"3.4167": [0, 9, 3],
						"3.5": [0, 0, 0]
					}
				},
				"Listrik2": {
					"position": {
						"1.5": [0, 10, 0],
						"1.5417": [0, 10, -5],
						"1.625": [0, 10, 0],
						"1.6667": [0, 10, -5],
						"1.75": [0, 10, 0],
						"1.7917": [0, 10, 0],
						"1.8333": [0, 10, -5],
						"1.9167": [0, 10, 0],
						"1.9583": [0, 10, -5],
						"2.0417": [0, 10, 0],
						"2.0833": [0, 10, 0],
						"2.125": [0, 10, -5],
						"2.2083": [0, 10, 0],
						"2.25": [0, 10, -5],
						"2.3333": [0, 10, 0],
						"2.375": [0, 10, 0],
						"2.4167": [0, 10, -5],
						"2.5": [0, 10, 0],
						"2.5417": [0, 10, -5],
						"2.625": [0, 10, 0],
						"2.6667": [0, 10, 0],
						"2.7083": [0, 10, -5],
						"2.7917": [0, 10, 0],
						"2.8333": [0, 10, -5],
						"2.9167": [0, 10, 0],
						"2.9583": [0, 10, 0],
						"3.0": [0, 10, -5],
						"3.0833": [0, 10, 0],
						"3.125": [0, 10, -5],
						"3.2083": [0, 10, 0],
						"3.25": [0, 10, 0],
						"3.2917": [0, 10, -5],
						"3.375": [0, 10, 0],
						"3.4167": [0, 10, -5],
						"3.5": [0, 10, 0],
						"3.5417": [0, 10, -5],
						"3.625": [0, 10, 0],
						"3.6667": [0, 10, -5],
						"3.75": [0, 10, 0],
						"3.7917": [0, 10, 0],
						"3.8333": [0, 10, -5],
						"3.9167": [0, 10, 0],
						"3.9583": [0, 10, -5],
						"4.0417": [0, 10, 0],
						"4.0833": [0, 10, 0],
						"4.125": [0, 10, -5],
						"4.2083": [0, 10, 0],
						"4.25": [0, 10, -5],
						"4.3333": [0, 10, 0],
						"4.375": [0, 10, 0],
						"4.4167": [0, 10, -5],
						"4.5": [0, 10, 0],
						"4.5417": [0, 10, -5],
						"4.625": [0, 10, 0],
						"4.6667": [0, 10, 0],
						"4.7083": [0, 10, -5],
						"4.7917": [0, 10, 0],
						"4.8333": [0, 10, -5],
						"4.9167": [0, 10, 0],
						"4.9583": [0, 10, 0],
						"5.0": [0, 10, -5],
						"5.0833": [0, 10, 0],
						"5.125": [0, 10, -5],
						"5.2083": [0, 10, 0],
						"5.25": [0, 10, 0],
						"5.2917": [0, 10, -5],
						"5.375": [0, 10, 0],
						"5.4167": [0, 10, -5],
						"5.5": [0, 10, 0],
						"5.5417": [0, 10, -5],
						"5.625": [0, 10, 0],
						"5.6667": [0, 10, -5],
						"5.75": [0, 10, 0],
						"5.7917": [0, 10, 0],
						"5.8333": [0, 10, -5],
						"5.9167": [0, 10, 0],
						"5.9583": [0, 10, -5],
						"6.0417": [0, 10, 0],
						"6.0833": [0, 10, 0],
						"6.125": [0, 10, -5],
						"6.2083": [0, 10, 0],
						"6.25": [0, 10, -5],
						"6.3333": [0, 10, 0],
						"6.375": [0, 10, 0],
						"6.4167": [0, 10, -5],
						"6.5": [0, 10, 0],
						"6.5417": [0, 10, -5],
						"6.625": [0, 10, 0],
						"6.6667": [0, 10, 0],
						"6.7083": [0, 10, -5],
						"6.7917": [0, 10, 0],
						"6.8333": [0, 10, -5],
						"6.9167": [0, 10, 0],
						"6.9583": [0, 10, 0],
						"7.0": [0, 10, -5],
						"7.0833": [0, 10, 0],
						"7.125": [0, 10, -5],
						"7.2083": [0, 10, 0],
						"7.25": [0, 10, 0],
						"7.2917": [0, 10, -5],
						"7.375": [0, 10, 0],
						"7.4167": [0, 10, -5],
						"7.5": [0, 10, 0],
						"7.5417": [0, 10, 0],
						"7.5833": [0, 10, -5],
						"7.6667": [0, 10, 0],
						"7.7083": [0, 10, -5],
						"7.7917": [0, 10, 0],
						"7.8333": [0, 10, 0],
						"7.875": [0, 10, -5]
					}
				}
			}
		},
		"animation.cat.walk": {
			"loop": true,
			"animation_length": 4,
			"bones": {
				"Body": {
					"position": {
						"0.0": [0, -2, 0],
						"0.125": [0, -1, 0],
						"0.25": [0, -2, 0],
						"0.375": [0, -1, 0],
						"0.5": [0, -2, 0],
						"0.625": [0, -1, 0],
						"0.75": [0, -2, 0],
						"0.875": [0, -1, 0],
						"1.0": [0, -2, 0],
						"1.125": [0, -1, 0],
						"1.25": [0, -2, 0],
						"1.375": [0, -1, 0],
						"1.5": [0, -2, 0],
						"1.625": [0, -1, 0],
						"1.75": [0, -2, 0],
						"1.875": [0, -1, 0],
						"2.0": [0, -2, 0],
						"2.125": [0, -1, 0],
						"2.25": [0, -2, 0],
						"2.375": [0, -1, 0],
						"2.5": [0, -2, 0],
						"2.625": [0, -1, 0],
						"2.75": [0, -2, 0],
						"2.875": [0, -1, 0],
						"3.0": [0, -2, 0],
						"3.125": [0, -1, 0],
						"3.25": [0, -2, 0],
						"3.375": [0, -1, 0],
						"3.5": [0, -2, 0],
						"3.625": [0, -1, 0],
						"3.75": [0, -2, 0],
						"3.875": [0, -1, 0],
						"4.0": [0, -2, 0]
					}
				},
				"bone99": {
					"rotation": {
						"0.0": [25.33761, -9.05478, -4.26175],
						"0.25": [26.39218, -18.05776, -8.74472],
						"0.5": [25.33761, -9.05478, -4.26175],
						"0.75": [26.39218, -18.05776, -8.74472],
						"1.0": [25.33761, -9.05478, -4.26175],
						"1.25": [26.39218, -18.05776, -8.74472],
						"1.5": [25.33761, -9.05478, -4.26175],
						"1.75": [26.39218, -18.05776, -8.74472],
						"2.0": [25.33761, -9.05478, -4.26175],
						"2.25": [26.39218, -18.05776, -8.74472],
						"2.5": [25.33761, -9.05478, -4.26175],
						"2.75": [26.39218, -18.05776, -8.74472],
						"3.0": [25.33761, -9.05478, -4.26175],
						"3.25": [26.39218, -18.05776, -8.74472],
						"3.5": [25.33761, -9.05478, -4.26175],
						"3.75": [26.39218, -18.05776, -8.74472],
						"4.0": [25.33761, -9.05478, -4.26175]
					}
				},
				"Tangan2": {
					"rotation": {
						"0.0": [-20.57639, 9.30727, 23.30696],
						"0.25": [-21.66151, 6.14167, 15.07711],
						"0.5": [-20.57639, 9.30727, 23.30696],
						"0.75": [-21.66151, 6.14167, 15.07711],
						"1.0": [-20.57639, 9.30727, 23.30696],
						"1.25": [-21.66151, 6.14167, 15.07711],
						"1.5": [-20.57639, 9.30727, 23.30696],
						"1.75": [-21.66151, 6.14167, 15.07711],
						"2.0": [-20.57639, 9.30727, 23.30696],
						"2.25": [-21.66151, 6.14167, 15.07711],
						"2.5": [-20.57639, 9.30727, 23.30696],
						"2.75": [-21.66151, 6.14167, 15.07711],
						"3.0": [-20.57639, 9.30727, 23.30696],
						"3.25": [-21.66151, 6.14167, 15.07711],
						"3.5": [-20.57639, 9.30727, 23.30696],
						"3.75": [-21.66151, 6.14167, 15.07711],
						"4.0": [-20.57639, 9.30727, 23.30696]
					}
				},
				"Tangan": {
					"rotation": {
						"0.0": [-34.636, -0.39737, -44.75515],
						"0.25": [-26.86321, -4.64951, -50.94071],
						"0.5": [-34.636, -0.39737, -44.75515],
						"0.75": [-26.86321, -4.64951, -50.94071],
						"1.0": [-34.636, -0.39737, -44.75515],
						"1.25": [-26.86321, -4.64951, -50.94071],
						"1.5": [-34.636, -0.39737, -44.75515],
						"1.75": [-26.86321, -4.64951, -50.94071],
						"2.0": [-34.636, -0.39737, -44.75515],
						"2.25": [-26.86321, -4.64951, -50.94071],
						"2.5": [-34.636, -0.39737, -44.75515],
						"2.75": [-26.86321, -4.64951, -50.94071],
						"3.0": [-34.636, -0.39737, -44.75515],
						"3.25": [-26.86321, -4.64951, -50.94071],
						"3.5": [-34.636, -0.39737, -44.75515],
						"3.75": [-26.86321, -4.64951, -50.94071],
						"4.0": [-34.636, -0.39737, -44.75515]
					}
				},
				"Bone888": {
					"rotation": {
						"0.0": [0, 0, 45],
						"0.25": [0, 0, 26.25],
						"0.5": [0, 0, 45],
						"0.75": [0, 0, 26.25],
						"1.0": [0, 0, 45],
						"1.25": [0, 0, 26.25],
						"1.5": [0, 0, 45],
						"1.75": [0, 0, 26.25],
						"2.0": [0, 0, 45],
						"2.25": [0, 0, 26.25],
						"2.5": [0, 0, 45],
						"2.75": [0, 0, 26.25],
						"3.0": [0, 0, 45],
						"3.25": [0, 0, 26.25],
						"3.5": [0, 0, 45],
						"3.75": [0, 0, 26.25],
						"4.0": [0, 0, 45]
					}
				},
				"Head": {
					"rotation": {
						"1.5": [-45.27017, 16.59699, -2.82087],
						"3.5": [-45.27017, 16.59699, -2.82087]
					}
				},
				"RightLeg": {
					"rotation": {
						"0.0": [13.33, 0, 0],
						"0.25": [-45, 0, 0],
						"0.5": [13.33, 0, 0],
						"0.75": [-45, 0, 0],
						"1.0": [13.33, 0, 0],
						"1.25": [-45, 0, 0],
						"1.5": [13.33, 0, 0],
						"1.75": [-45, 0, 0],
						"2.0": [13.33, 0, 0],
						"2.25": [-45, 0, 0],
						"2.5": [13.33, 0, 0],
						"2.75": [-45, 0, 0],
						"3.0": [13.33, 0, 0],
						"3.25": [-45, 0, 0],
						"3.5": [13.33, 0, 0],
						"3.75": [-45, 0, 0],
						"4.0": [13.33, 0, 0]
					}
				},
				"Bone5555": {
					"rotation": {
						"0.0": [40, 0, 0],
						"0.25": [40, 0, 0],
						"0.375": [0, 0, 0],
						"0.5": [40, 0, 0],
						"0.75": [40, 0, 0],
						"0.875": [0, 0, 0],
						"1.0": [40, 0, 0],
						"1.25": [40, 0, 0],
						"1.375": [0, 0, 0],
						"1.5": [40, 0, 0],
						"1.75": [40, 0, 0],
						"1.875": [0, 0, 0],
						"2.0": [40, 0, 0],
						"2.25": [40, 0, 0],
						"2.375": [0, 0, 0],
						"2.5": [40, 0, 0],
						"2.75": [40, 0, 0],
						"2.875": [0, 0, 0],
						"3.0": [40, 0, 0],
						"3.25": [40, 0, 0],
						"3.375": [0, 0, 0],
						"3.5": [40, 0, 0],
						"3.75": [40, 0, 0],
						"3.875": [0, 0, 0],
						"4.0": [40, 0, 0]
					}
				},
				"LeftLeg": {
					"rotation": {
						"0.0": [-30, 0, 0],
						"0.25": [32.5, 0, 0],
						"0.5": [-30, 0, 0],
						"0.75": [32.5, 0, 0],
						"1.0": [-30, 0, 0],
						"1.25": [32.5, 0, 0],
						"1.5": [-30, 0, 0],
						"1.75": [32.5, 0, 0],
						"2.0": [-30, 0, 0],
						"2.25": [32.5, 0, 0],
						"2.5": [-30, 0, 0],
						"2.75": [32.5, 0, 0],
						"3.0": [-30, 0, 0],
						"3.25": [32.5, 0, 0],
						"3.5": [-30, 0, 0],
						"3.75": [32.5, 0, 0],
						"4.0": [-30, 0, 0]
					}
				},
				"Bone6666": {
					"rotation": {
						"0.0": [37.46137, -2.26625, -0.25151],
						"0.125": [-0.03863, -2.26625, -0.25151],
						"0.25": [37.46137, -2.26625, -0.25151],
						"0.5": [37.46137, -2.26625, -0.25151],
						"0.625": [-0.03863, -2.26625, -0.25151],
						"0.75": [37.46137, -2.26625, -0.25151],
						"1.0": [37.46137, -2.26625, -0.25151],
						"1.125": [-0.03863, -2.26625, -0.25151],
						"1.25": [37.46137, -2.26625, -0.25151],
						"1.5": [37.46137, -2.26625, -0.25151],
						"1.625": [-0.03863, -2.26625, -0.25151],
						"1.75": [37.46137, -2.26625, -0.25151],
						"2.0": [37.46137, -2.26625, -0.25151],
						"2.125": [-0.03863, -2.26625, -0.25151],
						"2.25": [37.46137, -2.26625, -0.25151],
						"2.5": [37.46137, -2.26625, -0.25151],
						"2.625": [-0.03863, -2.26625, -0.25151],
						"2.75": [37.46137, -2.26625, -0.25151],
						"3.0": [37.46137, -2.26625, -0.25151],
						"3.125": [-0.03863, -2.26625, -0.25151],
						"3.25": [37.46137, -2.26625, -0.25151],
						"3.5": [37.46137, -2.26625, -0.25151],
						"3.625": [-0.03863, -2.26625, -0.25151],
						"3.75": [37.46137, -2.26625, -0.25151]
					}
				}
			}
		},
		"animation.cat.attack": {
			"animation_length": 1,
			"bones": {
				"Tangan2": {
					"rotation": {
						"0.0": [0, 0, 0],
						"0.125": [0, 0, 110],
						"0.25": [-39.50004, 5.98636, 129.09178],
						"0.75": [-39.50004, 5.98636, 129.09178],
						"1.0": [0, 0, 0]
					}
				},
				"Tangan77": {
					"rotation": {
						"0.0": [0, 0, 0],
						"0.125": [-88.21641, 24.8136, -76.8549],
						"0.375": [-88.32266, -15.16962, -78.04266]
					}
				},
				"Tangan": {
					"rotation": {
						"0.0": [0, 0, 0],
						"0.125": [0, 0, -60],
						"0.25": [-44.4395, -6.80974, -78.81608],
						"0.75": [-44.4395, -6.80974, -78.81608],
						"1.0": [0, 0, 0]
					}
				},
				"Tangan78": {
					"rotation": {
						"0.2917": [0, 0, 17.5],
						"0.5": [0, 0, 47.5]
					}
				},
				"bone99": {
					"rotation": {
						"0.0": [2.5, 0, 0],
						"0.125": [20, 0, 0],
						"0.75": [20, 0, 0],
						"1.0": [2.5, 0, 0]
					}
				},
				"Head": {
					"rotation": {
						"0.0": [0, 0, 0],
						"0.125": [-31.99693, 4.24067, -5.31759],
						"0.25": [-11.99693, 4.24067, -5.31759],
						"0.3333": [-21.99693, 4.24067, -5.31759],
						"0.4167": [-22.38113, 11.18669, -8.17418],
						"0.5": [-22.02293, -5.03382, -1.57391],
						"0.5833": [-29.52293, -5.03382, -1.57391],
						"0.6667": [-29.40014, -0.67972, -4.03558],
						"0.75": [-19.40014, -0.67972, -4.03558],
						"1.0": [0, 0, 0]
					}
				},
				"Bone7777": {
					"rotation": {
						"0.0": [0, 0, 0],
						"0.125": [-72.5, 0, 0],
						"0.25": [-44.50193, 30.82594, 10.8448],
						"0.75": [-44.50193, 30.82594, 10.8448],
						"1.0": [0, 0, 0]
					}
				},
				"Bone888": {
					"rotation": {
						"0.0": [0, 0, 0],
						"0.125": [-87.5, 0, 0],
						"0.25": [-48.56862, -29.91193, -23.75529],
						"0.75": [-48.56862, -29.91193, -23.75529],
						"1.0": [0, 0, 0]
					}
				}
			}
		}
	}
}