{
	"format_version": "1.8.0",
	"animations": {
		"animation.caw.bob": {
			"loop": true,
			"animation_length": 3,
			"bones": {
				"Tangan70": {
					"rotation": [0, 30, 0]
				},
				"Tangan71": {
					"rotation": {
						"0.0": [0, 0, 85],
						"1.5": [0, 0, 72.5],
						"3.0": [0, 0, 85]
					}
				},
				"Tangan72": {
					"rotation": [1.39075, -3.59152, -14.27407]
				},
				"Tangan73": {
					"rotation": [0, 0, -10]
				},
				"Tangan74": {
					"rotation": [-0.01121, 0.94512, -12.41]
				},
				"Tangan75": {
					"rotation": [0, 0, -20]
				},
				"Tangan78": {
					"rotation": [0, 0, -15]
				},
				"Tangan79": {
					"rotation": [0.85948, -1.46931, -24.81557]
				},
				"Tangan80": {
					"rotation": [0, 0, -17.5]
				},
				"Tangan81": {
					"rotation": [0, 0, -20]
				},
				"Tangan82": {
					"rotation": {
						"0.0": [0, 0, -20],
						"1.5": [0, 0, -10],
						"3.0": [0, 0, -20]
					}
				},
				"Tangan83": {
					"rotation": [0, 0, -15]
				},
				"Tangan84": {
					"rotation": [0, 0, -5]
				},
				"Tangan25": {
					"rotation": [0, 0, 32.5]
				},
				"Tangan27": {
					"rotation": {
						"0.0": [33.12598, 10.51794, 41.79286],
						"1.5": [30.50178, 17.12812, 30.85909],
						"3.0": [33.12598, 10.51794, 41.79286]
					}
				},
				"Tangan28": {
					"rotation": [0, 0, -12.5]
				},
				"Tangan29": {
					"rotation": [0, 0, -12.5]
				},
				"Tangan32": {
					"rotation": [0, 0, -17.5]
				},
				"Tangan33": {
					"rotation": [0, 0, -15]
				},
				"Tangan34": {
					"rotation": {
						"0.0": [0, 0, -30],
						"1.5": [0, 0, -20],
						"3.0": [0, 0, -30]
					}
				},
				"Tangan35": {
					"rotation": [0, 0, -35]
				},
				"Tangan36": {
					"rotation": [0, 0, -15]
				},
				"Tangan37": {
					"rotation": [0, 0, -20]
				},
				"Tangan38": {
					"rotation": [0, 0, -5]
				},
				"Tangan47": {
					"rotation": {
						"0.0": [-180, -150, -180],
						"1.5": [-177.11934, -150.1258, -174.23137],
						"3.0": [-180, -150, -180]
					}
				},
				"Tangan48": {
					"rotation": [0, 0, 77.5]
				},
				"Tangan49": {
					"rotation": [0, 0, -15]
				},
				"Tangan50": {
					"rotation": [0, 0, -2.5]
				},
				"Tangan51": {
					"rotation": [0, 0, -7.5]
				},
				"Tangan52": {
					"rotation": [0, 0, -12.5]
				},
				"Tangan55": {
					"rotation": [0, 0, -25]
				},
				"Tangan56": {
					"rotation": [0, 0, -25]
				},
				"Tangan57": {
					"rotation": [0, 0, -22.5]
				},
				"Tangan58": {
					"rotation": {
						"0.0": [0, 0, -15],
						"1.5": [0, 0, -10],
						"3.0": [0, 0, -15]
					}
				},
				"Tangan59": {
					"rotation": [0, 0, -17.5]
				},
				"Tangan60": {
					"rotation": [0, 0, -10]
				},
				"Tangan61": {
					"rotation": [0, 0, -10]
				},
				"Tangan62": {
					"rotation": [0, 0, -5]
				},
				"Body": {
					"position": {
						"0.0": [0, 2, 0],
						"1.5": [0, 4, 0],
						"3.0": [0, 2, 0]
					}
				},
				"Tangan2": {
					"rotation": [0, 0, 22.5]
				},
				"Tangan4": {
					"rotation": {
						"0.0": [-15.42117, -21.93599, 18.26236],
						"1.5": [-11.07656, -26.76081, 3.90214],
						"3.0": [-15.42117, -21.93599, 18.26236]
					}
				},
				"Tangan5": {
					"rotation": {
						"0.0": [0, 0, 27.5],
						"3.0": [0, 0, 27.5]
					}
				},
				"Tangan6": {
					"rotation": [0, 0, -12.5]
				},
				"Tangan9": {
					"rotation": [0, 0, -20]
				},
				"Tangan10": {
					"rotation": [0, 0, -25]
				},
				"Tangan11": {
					"rotation": [0, 0, -17.5]
				},
				"Tangan12": {
					"rotation": {
						"0.0": [0, 0, -30],
						"1.5": [0, 0, -17.5],
						"3.0": [0, 0, -30]
					}
				},
				"Tangan13": {
					"rotation": [0, 0, -27.5]
				},
				"Tangan14": {
					"rotation": [0, 0, -12.5]
				},
				"Tangan15": {
					"rotation": [0, 0, -7.5]
				},
				"Tangan16": {
					"rotation": [0, 0, -2.5]
				},
				"Tangan93": {
					"rotation": {
						"0.0": [0, 15, 0],
						"0.2": [5.23619, 14.0761, 20.6469],
						"1.5": [5.23619, 14.0761, 20.6469],
						"1.7": [0, 15, 0]
					}
				},
				"Tangan96": {
					"rotation": [0, 0, 35]
				},
				"Tangan98": {
					"rotation": [0, -15, 0]
				},
				"Tangan103": {
					"rotation": {
						"0.0": [0, -17.5, 0],
						"0.2": [0, -50, 0],
						"1.5": [0, -50, 0],
						"1.7": [0, -17.5, 0]
					}
				},
				"Tangan105": {
					"rotation": [0, -20, 0]
				},
				"Tangan107": {
					"rotation": [0, -22.5, 0]
				},
				"Tangan111": {
					"rotation": {
						"0.0": [0, -25, 0],
						"0.2": [0, 5, 0],
						"1.5": [0, 5, 0],
						"1.7": [0, -25, 0]
					}
				},
				"Tangan117": {
					"rotation": {
						"0.0": [-0.84658, -23.85568, 7.27431],
						"1.3": [-0.84658, -23.85568, 7.27431],
						"1.5": [-7.33585, -22.77766, 23.57509],
						"2.1": [-7.33585, -22.77766, 23.57509],
						"2.4": [-0.84658, -23.85568, 7.27431],
						"3.0": [-0.84658, -23.85568, 7.27431]
					}
				},
				"Tangan119": {
					"rotation": [0, 0, 10]
				},
				"Tangan120": {
					"rotation": [3.52149, 9.30272, -0.79531]
				},
				"Tangan124": {
					"rotation": [0, 15, 0]
				},
				"Tangan126": {
					"rotation": [0, 10, 0]
				},
				"Tangan128": {
					"rotation": [0, 25, 0]
				},
				"Tangan130": {
					"rotation": {
						"0.0": [0, 42.5, 0],
						"2.1": [0, 40, 0],
						"2.3": [0, 12.5, 0],
						"2.8": [0, 12.5, 0],
						"3.0": [0, 40, 0]
					}
				},
				"Tangan135": {
					"rotation": {
						"0.0": [0, 15, 0],
						"2.1": [0, 15, 0],
						"2.3": [0, 50, 0],
						"2.8": [0, 50, 0],
						"3.0": [0, 15, 0]
					}
				},
				"Tangan115": {
					"rotation": {
						"1.3": [0, 0, 0],
						"2.7": [720, 0, 0]
					}
				},
				"Tangan138": {
					"rotation": {
						"0.6": [0, 0, 0],
						"1.8": [720, 0, 0]
					}
				},
				"Leher": {
					"position": [0, 1, 0]
				},
				"Head": {
					"scale": 0.9
				},
				"bone19": {
					"position": {
						"0.0": [0, 0, 0],
						"0.1": [0, 1, 0],
						"1.1": [0, 1, 0],
						"1.2": [0, 0, 0]
					}
				},
				"Bibir2": {
					"position": {
						"0.0": [0, 0, 0],
						"0.1": [0, -1, 0],
						"0.2": [0, 0, 0],
						"0.3": [0, -1, 0],
						"0.4": [0, 0, 0],
						"0.7": [0, 0, 0],
						"0.8": [0, -1, 0],
						"0.9": [0, 0, 0],
						"1.0": [0, -1, 0],
						"1.1": [0, 0, 0],
						"1.3": [0, 0, 0],
						"1.4": [0, -1, 0],
						"1.5": [0, 0, 0],
						"1.6": [0, -1, 0],
						"1.7": [0, 0, 0],
						"1.9": [0, 0, 0],
						"2.0": [0, -1, 0],
						"2.1": [0, 0, 0],
						"2.2": [0, -1, 0],
						"2.3": [0, 0, 0],
						"2.5": [0, 0, 0],
						"2.6": [0, -1, 0],
						"2.7": [0, 0, 0],
						"2.8": [0, -1, 0],
						"2.9": [0, 0, 0]
					}
				}
			}
		},
		"animation.caw.attack": {
			"animation_length": 1,
			"bones": {
				"Tangan94": {
					"rotation": {
						"0.0": [0, 0, 0],
						"0.25": [-43.92809, 53.77546, -17.0883],
						"0.5833": [-49.21605, 57.21748, -23.49998],
						"0.75": [18.9645, -34.46305, -16.16188]
					}
				},
				"Tangan98": {
					"rotation": {
						"0.0": [0, 0, 0],
						"0.25": [0, -47.5, 0],
						"0.5833": [0, -47.5, 0],
						"0.75": [0, -32.5, 0]
					}
				},
				"Tangan103": {
					"rotation": {
						"0.0": [0, 0, 0],
						"0.25": [0, -12.5, 0],
						"0.5833": [0, -12.5, 0],
						"0.75": [0, 42.5, 0]
					}
				},
				"Tangan105": {
					"rotation": {
						"0.5833": [0, 0, 0],
						"0.75": [0, 10, 0]
					}
				},
				"Tangan107": {
					"rotation": {
						"0.5833": [0, 0, 0],
						"0.75": [0, 20, 0]
					}
				},
				"Tangan115": {
					"rotation": {
						"0.25": [0, 0, 0],
						"0.5833": [360, 0, 0]
					}
				},
				"Tangan117": {
					"rotation": {
						"0.25": [0, 0, 0],
						"0.5": [0, -35, 0],
						"0.75": [0, -35, 0],
						"0.875": [0, 57.5, 0]
					}
				},
				"Tangan120": {
					"rotation": {
						"0.25": [0, 0, 0],
						"0.5": [0, 32.5, 0],
						"0.8333": [0, 32.5, 0],
						"1.0": [0, 2.5, 0]
					}
				},
				"Tangan124": {
					"rotation": {
						"0.25": [0, 0, 0],
						"0.5": [0, 27.5, 0],
						"0.75": [0, 27.5, 0],
						"0.875": [0, -40, 0]
					}
				},
				"Tangan126": {
					"rotation": {
						"0.25": [0, 0, 0],
						"0.5": [0, 30, 0],
						"0.75": [0, 30, 0],
						"0.875": [0, 22.5, 0]
					}
				},
				"Tangan130": {
					"rotation": {
						"0.25": [0, 0, 0],
						"0.5": [0, -35, 0],
						"0.75": [0, -35, 0],
						"0.875": [0, -37.5, 0]
					}
				},
				"Tangan135": {
					"rotation": {
						"0.2917": [0, 0, 0],
						"0.5": [0, -15, 0],
						"0.75": [0, -15, 0]
					}
				},
				"bone19": {
					"position": {
						"0.0": [0, 0, 0],
						"0.375": [0, 1, 0]
					}
				},
				"Tangan138": {
					"rotation": [0, 0, 0]
				}
			}
		},
		"animation.caw.walk": {
			"loop": true,
			"animation_length": 3,
			"bones": {
				"Tangan4": {
					"rotation": {
						"0.0": [42.72317, 17.31933, -35.80322],
						"1.3333": [-19.86928, -0.86756, 15.82832],
						"1.5": [-16.95756, -10.54635, -12.74711],
						"3.0": [42.72317, 17.31933, -35.80322]
					}
				},
				"Tangan10": {
					"rotation": {
						"1.25": [0, 0, 0],
						"1.5": [20, 0, 12.5],
						"3.0": [0, 0, 0]
					}
				},
				"Tangan12": {
					"rotation": {
						"0.0": [0, 0, 17.5],
						"1.5": [0, 0, 0],
						"3.0": [0, 0, 17.5]
					}
				},
				"Tangan27": {
					"rotation": {
						"0.0": [0, 0, -12.5],
						"1.0": [-50.75193, -27.25801, -48.08385],
						"2.75": [-20.25266, -1.89161, 6.15591],
						"3.0": [0, 0, -12.5]
					}
				},
				"Tangan35": {
					"rotation": {
						"0.0": [0, 0, 0],
						"1.0": [0, 0, 22.5],
						"2.5": [0, 0, 0]
					}
				},
				"Tangan36": {
					"rotation": {
						"0.0": [0, 0, 0],
						"1.0": [0, 0, 5],
						"2.5": [0, 0, 0]
					}
				},
				"Tangan37": {
					"rotation": {
						"0.0": [0, 0, 0],
						"1.0": [0, 0, 30],
						"2.5": [0, 0, 0]
					}
				},
				"Body": {
					"rotation": {
						"0.0": [0, 0, 0],
						"0.5": [0, 0, 0],
						"1.3333": [0, 0, 2.5],
						"1.5": [0, 0, 0],
						"2.0": [0, 0, 0],
						"2.8333": [0, 0, -2.5],
						"3.0": [0, 0, 0]
					},
					"position": {
						"0.0": [0, 0, -2],
						"0.5": [0, 0, 0],
						"1.3333": [0, 1, -1],
						"1.5": [0, -1, -2],
						"2.0": [0, 0, 0],
						"2.8333": [0, 2, -1],
						"3.0": [0, 0, -2]
					}
				},
				"Tangan71": {
					"rotation": {
						"0.0": [-47.5, 0, 0],
						"1.5": [-2.5, 0, 0],
						"2.75": [-39.32466, 7.9972, 9.63846],
						"3.0": [-47.5, 0, 0]
					}
				},
				"Tangan47": {
					"rotation": {
						"0.0": [0, 0, 0],
						"1.5": [0, -42.5, 0],
						"3.0": [0, 0, 0]
					}
				}
			}
		}
	}
}