{
  "format_version": "1.8.0",
  "animations": {
    "animation.pa_v.baby_transform": {
      "loop": true,
      "bones": {
        "Head": {
          "scale": [
            1.5,
            1.5,
            1.5
          ]
        }
      }
    },
    "animation.pa_v.general": {
      "loop": true,
      "bones": {
        "arms": {
          "rotation": [
            "-42.97 - this",
            0,
            0
          ],
          "position": [
            0,
            -1,
            -1
          ]
        }
      }
    },
    "animation.villager.general.v1.0": {
      "loop": true,
      "bones": {
        "arms": {
          "rotation": [
            "-42.97 - this",
            0,
            0
          ],
          "position": [
            0,
            "-3.0 - this",
            "-1.0 - this"
          ]
        }
      }
    },
    "animation.villager.get_in_bed": {
      "loop": true,
      "bones": {
        "Body": {
          "rotation": [
            -90,
            0,
            0
          ],
          "position": [
            0,
            1,
            -15
          ]
        }
      }
    },
    "animation.pa_v.move": {
      "loop": true,
      "anim_time_update": "query.modified_distance_moved",
      "bones": {
        "leg0": {
          "rotation": [
            "(math.cos(query.anim_time * 38.17) * 40.0) - this",
            "-this",
            0
          ]
        },
        "leg1": {
          "rotation": [
            "(math.cos(query.anim_time * 38.17 + 180) * 40.0) - this",
            "-this",
            0
          ]
        }
      }
    },
    "animation.villager.raise_arms": {
      "loop": true,
      "bones": {
        "arms": {
          "rotation": [
            "variable.raise_arms * -15.0",
            0,
            0
          ]
        }
      }
    },
    "animation.pa_v.bob": {
      "loop": true,
      "animation_length": 4.5,
      "bones": {
        "Head": {
          "rotation": {
            "1.4167": [
              0,
              0,
              0
            ],
            "1.5417": [
              -12.79362,
              12.19908,
              -2.74715
            ],
            "1.5833": [
              -12.79362,
              12.19908,
              -2.74715
            ],
            "1.6667": [
              -2.81332,
              -19.74916,
              2.68109
            ],
            "1.7083": [
              -2.81332,
              -19.74916,
              2.68109
            ],
            "1.7917": [
              7.00935,
              27.69671,
              0.33877
            ],
            "1.8333": [
              7.00935,
              27.69671,
              0.33877
            ],
            "1.9167": [
              0,
              0,
              0
            ],
            "2.9167": [
              0,
              0,
              0
            ],
            "3.0": [
              10.42638,
              -14.63639,
              -3.31914
            ],
            "3.0417": [
              10.42638,
              -14.63639,
              -3.31914
            ],
            "3.125": [
              10.42638,
              -14.63639,
              -3.31914
            ],
            "3.2083": [
              0,
              0,
              0
            ],
            "3.625": [
              0,
              -360,
              0
            ]
          },
          "position": {
            "0.4167": [
              0,
              0,
              0
            ],
            "0.5": [
              0,
              0,
              -5
            ],
            "0.6667": [
              0,
              0,
              -5
            ],
            "0.75": [
              0,
              0,
              0
            ],
            "1.9167": [
              0,
              0,
              0
            ],
            "2.0": [
              0,
              0,
              -4
            ],
            "2.0417": [
              0,
              0,
              -4
            ],
            "2.1667": [
              0,
              0,
              0
            ],
            "2.2917": [
              0,
              0,
              -4
            ],
            "2.3333": [
              0,
              0,
              -4
            ],
            "2.5": [
              0,
              0,
              0
            ],
            "2.9167": [
              0,
              0,
              0
            ],
            "3.0": [
              1,
              0,
              -4
            ],
            "3.125": [
              1,
              7,
              -4
            ],
            "3.2083": [
              0,
              8,
              0
            ],
            "3.625": [
              0,
              8,
              0
            ],
            "3.75": [
              0,
              0,
              -5
            ],
            "3.9583": [
              0,
              0,
              -5
            ],
            "4.0833": [
              0,
              0,
              1
            ],
            "4.2083": [
              0,
              0,
              -5
            ],
            "4.5": [
              0,
              0,
              0
            ]
          }
        },
        "Bibir": {
          "position": {
            "1.3333": [
              0,
              0,
              0
            ],
            "1.4167": [
              0,
              1,
              0
            ],
            "1.5": [
              0,
              0,
              0
            ],
            "1.5833": [
              0,
              1,
              0
            ],
            "1.6667": [
              0,
              0,
              0
            ],
            "1.75": [
              0,
              1,
              0
            ],
            "1.8333": [
              0,
              0,
              0
            ],
            "1.9167": [
              0,
              0,
              0
            ],
            "2.0": [
              0,
              1,
              0
            ],
            "2.0833": [
              0,
              1,
              0
            ],
            "2.1667": [
              0,
              0,
              0
            ],
            "2.2917": [
              0,
              1,
              0
            ],
            "2.3333": [
              0,
              1,
              0
            ],
            "2.5": [
              0,
              0,
              0
            ],
            "2.875": [
              0,
              0,
              0
            ],
            "2.9583": [
              0,
              1,
              0
            ],
            "3.0417": [
              0,
              0,
              0
            ],
            "3.125": [
              0,
              1,
              0
            ],
            "3.2083": [
              0,
              0,
              0
            ],
            "3.625": [
              0,
              0,
              0
            ],
            "3.75": [
              0,
              1,
              0
            ],
            "3.9583": [
              0,
              1,
              0
            ],
            "4.0833": [
              0,
              0,
              0
            ],
            "4.2083": [
              0,
              1,
              0
            ],
            "4.25": [
              0,
              0,
              0
            ]
          }
        },
        "Bibir2": {
          "position": {
            "0.4167": [
              0,
              0,
              0
            ],
            "0.5": [
              0,
              -1,
              0
            ],
            "0.75": [
              0,
              -1,
              0
            ],
            "0.8333": [
              0,
              0,
              0
            ],
            "0.9583": [
              0,
              0,
              0
            ],
            "1.0417": [
              0,
              -1,
              0
            ],
            "1.125": [
              0,
              0.29,
              0
            ],
            "1.2083": [
              0,
              -0.83,
              0
            ],
            "1.3333": [
              0,
              0,
              0
            ],
            "1.4167": [
              0,
              -1,
              0
            ],
            "1.5": [
              0,
              0,
              0
            ],
            "1.5833": [
              0,
              -1,
              0
            ],
            "1.6667": [
              0,
              0,
              0
            ],
            "1.75": [
              0,
              -1,
              0
            ],
            "1.8333": [
              0,
              0,
              0
            ],
            "1.9167": [
              0,
              -1,
              0
            ],
            "2.0": [
              0,
              -1,
              0
            ],
            "2.0833": [
              0,
              -1,
              0
            ],
            "2.1667": [
              0,
              0,
              0
            ],
            "2.875": [
              0,
              0,
              0
            ],
            "2.9583": [
              0,
              -1,
              0
            ],
            "3.0417": [
              0,
              0,
              0
            ],
            "3.125": [
              0,
              -1,
              0
            ],
            "3.2083": [
              0,
              0,
              0
            ],
            "3.625": [
              0,
              0,
              0
            ],
            "3.75": [
              0,
              -1,
              0
            ],
            "3.9583": [
              0,
              -1,
              0
            ],
            "4.0833": [
              0,
              0,
              0
            ],
            "4.2083": [
              0,
              -1,
              0
            ],
            "4.25": [
              0,
              0,
              0
            ]
          }
        },
        "Leher": {
          "rotation": {
            "0.4167": [
              0,
              0,
              0
            ],
            "0.5": [
              62.5,
              0,
              0
            ],
            "0.6667": [
              62.5,
              0,
              0
            ],
            "0.75": [
              0,
              0,
              0
            ],
            "1.9167": [
              0,
              0,
              0
            ],
            "2.0": [
              60,
              0,
              0
            ],
            "2.1667": [
              0,
              0,
              0
            ],
            "2.2917": [
              60,
              0,
              0
            ],
            "2.5": [
              0,
              0,
              0
            ],
            "3.625": [
              2.5,
              0,
              0
            ],
            "3.75": [
              62.5,
              0,
              0
            ],
            "3.9583": [
              65,
              0,
              0
            ],
            "4.0833": [
              0,
              0,
              0
            ],
            "4.25": [
              65,
              0,
              0
            ],
            "4.5": [
              0,
              0,
              0
            ]
          },
          "scale": {
            "0.375": [
              1,
              1,
              1
            ],
            "0.4167": [
              1,
              0.7,
              1
            ],
            "0.75": [
              1,
              1,
              1
            ]
          }
        },
        "Biru": {
          "position": {
            "0.0": [
              0,
              -2,
              0
            ],
            "0.0417": [
              0,
              0,
              0
            ],
            "0.25": [
              0,
              0,
              0
            ],
            "0.2917": [
              0,
              -2,
              0
            ],
            "0.5": [
              0,
              -2,
              0
            ],
            "0.5417": [
              0,
              0,
              0
            ],
            "0.75": [
              0,
              0,
              0
            ],
            "0.7917": [
              0,
              -2,
              0
            ],
            "1.0": [
              0,
              -2,
              0
            ],
            "1.0417": [
              0,
              0,
              0
            ],
            "1.25": [
              0,
              0,
              0
            ],
            "1.2917": [
              0,
              -2,
              0
            ],
            "1.5": [
              0,
              -2,
              0
            ],
            "1.5417": [
              0,
              0,
              0
            ],
            "1.75": [
              0,
              0,
              0
            ],
            "1.7917": [
              0,
              -2,
              0
            ],
            "2.0": [
              0,
              -2,
              0
            ],
            "2.0417": [
              0,
              0,
              0
            ],
            "2.25": [
              0,
              0,
              0
            ],
            "2.2917": [
              0,
              -2,
              0
            ],
            "2.5": [
              0,
              -2,
              0
            ],
            "2.5417": [
              0,
              0,
              0
            ],
            "2.75": [
              0,
              0,
              0
            ],
            "2.7917": [
              0,
              -2,
              0
            ],
            "3.0": [
              0,
              -2,
              0
            ],
            "3.0417": [
              0,
              0,
              0
            ],
            "3.25": [
              0,
              0,
              0
            ],
            "3.2917": [
              0,
              -2,
              0
            ],
            "3.5": [
              0,
              -2,
              0
            ],
            "3.5417": [
              0,
              0,
              0
            ],
            "3.75": [
              0,
              0,
              0
            ],
            "3.7917": [
              0,
              -2,
              0
            ],
            "4.0": [
              0,
              -2,
              0
            ],
            "4.0417": [
              0,
              0,
              0
            ],
            "4.25": [
              0,
              0,
              0
            ],
            "4.2917": [
              0,
              -2,
              0
            ]
          }
        },
        "Birtu": {
          "position": {
            "0.0": [
              0,
              0,
              0
            ],
            "0.0417": [
              0,
              -2,
              0
            ],
            "0.25": [
              0,
              -2,
              0
            ],
            "0.2917": [
              0,
              0,
              0
            ],
            "0.5": [
              0,
              0,
              0
            ],
            "0.5417": [
              0,
              -2,
              0
            ],
            "0.75": [
              0,
              -2,
              0
            ],
            "0.7917": [
              0,
              0,
              0
            ],
            "1.0": [
              0,
              0,
              0
            ],
            "1.0417": [
              0,
              -2,
              0
            ],
            "1.25": [
              0,
              -2,
              0
            ],
            "1.2917": [
              0,
              0,
              0
            ],
            "1.5": [
              0,
              0,
              0
            ],
            "1.5417": [
              0,
              -2,
              0
            ],
            "1.75": [
              0,
              -2,
              0
            ],
            "1.7917": [
              0,
              0,
              0
            ],
            "2.0": [
              0,
              0,
              0
            ],
            "2.0417": [
              0,
              -2,
              0
            ],
            "2.25": [
              0,
              -2,
              0
            ],
            "2.2917": [
              0,
              0,
              0
            ],
            "2.5": [
              0,
              0,
              0
            ],
            "2.5417": [
              0,
              -2,
              0
            ],
            "2.75": [
              0,
              -2,
              0
            ],
            "2.7917": [
              0,
              0,
              0
            ],
            "3.0": [
              0,
              0,
              0
            ],
            "3.0417": [
              0,
              -2,
              0
            ],
            "3.25": [
              0,
              -2,
              0
            ],
            "3.2917": [
              0,
              0,
              0
            ],
            "3.5": [
              0,
              0,
              0
            ],
            "3.5417": [
              0,
              -2,
              0
            ],
            "3.75": [
              0,
              -2,
              0
            ],
            "3.7917": [
              0,
              0,
              0
            ],
            "4.0": [
              0,
              0,
              0
            ],
            "4.0417": [
              0,
              -2,
              0
            ],
            "4.25": [
              0,
              -2,
              0
            ],
            "4.2917": [
              0,
              0,
              0
            ]
          }
        },
        "Merah": {
          "position": {
            "0.0": [
              0,
              0,
              0
            ],
            "0.0417": [
              0,
              -2,
              0
            ],
            "0.25": [
              0,
              -2,
              0
            ],
            "0.2917": [
              0,
              0,
              0
            ],
            "0.5": [
              0,
              0,
              0
            ],
            "0.5417": [
              0,
              -2,
              0
            ],
            "0.75": [
              0,
              -2,
              0
            ],
            "0.7917": [
              0,
              0,
              0
            ],
            "1.0": [
              0,
              0,
              0
            ],
            "1.0417": [
              0,
              -2,
              0
            ],
            "1.25": [
              0,
              -2,
              0
            ],
            "1.2917": [
              0,
              0,
              0
            ],
            "1.5": [
              0,
              0,
              0
            ],
            "1.5417": [
              0,
              -2,
              0
            ],
            "1.75": [
              0,
              -2,
              0
            ],
            "1.7917": [
              0,
              0,
              0
            ],
            "2.0": [
              0,
              0,
              0
            ],
            "2.0417": [
              0,
              -2,
              0
            ],
            "2.25": [
              0,
              -2,
              0
            ],
            "2.2917": [
              0,
              0,
              0
            ],
            "2.5": [
              0,
              0,
              0
            ],
            "2.5417": [
              0,
              -2,
              0
            ],
            "2.75": [
              0,
              -2,
              0
            ],
            "2.7917": [
              0,
              0,
              0
            ],
            "3.0": [
              0,
              0,
              0
            ],
            "3.0417": [
              0,
              -2,
              0
            ],
            "3.25": [
              0,
              -2,
              0
            ],
            "3.2917": [
              0,
              0,
              0
            ],
            "3.5": [
              0,
              0,
              0
            ],
            "3.5417": [
              0,
              -2,
              0
            ],
            "3.75": [
              0,
              -2,
              0
            ],
            "3.7917": [
              0,
              0,
              0
            ],
            "4.0": [
              0,
              0,
              0
            ],
            "4.0417": [
              0,
              -2,
              0
            ],
            "4.25": [
              0,
              -2,
              0
            ],
            "4.2917": [
              0,
              0,
              0
            ]
          }
        },
        "Erah": {
          "position": {
            "0.0": [
              0,
              -2,
              0
            ],
            "0.0417": [
              0,
              0,
              0
            ],
            "0.25": [
              0,
              0,
              0
            ],
            "0.2917": [
              0,
              -2,
              0
            ],
            "0.5": [
              0,
              -2,
              0
            ],
            "0.5417": [
              0,
              0,
              0
            ],
            "0.75": [
              0,
              0,
              0
            ],
            "0.7917": [
              0,
              -2,
              0
            ],
            "1.0": [
              0,
              -2,
              0
            ],
            "1.0417": [
              0,
              0,
              0
            ],
            "1.25": [
              0,
              0,
              0
            ],
            "1.2917": [
              0,
              -2,
              0
            ],
            "1.5": [
              0,
              -2,
              0
            ],
            "1.5417": [
              0,
              0,
              0
            ],
            "1.75": [
              0,
              0,
              0
            ],
            "1.7917": [
              0,
              -2,
              0
            ],
            "2.0": [
              0,
              -2,
              0
            ],
            "2.0417": [
              0,
              0,
              0
            ],
            "2.25": [
              0,
              0,
              0
            ],
            "2.2917": [
              0,
              -2,
              0
            ],
            "2.5": [
              0,
              -2,
              0
            ],
            "2.5417": [
              0,
              0,
              0
            ],
            "2.75": [
              0,
              0,
              0
            ],
            "2.7917": [
              0,
              -2,
              0
            ],
            "3.0": [
              0,
              -2,
              0
            ],
            "3.0417": [
              0,
              0,
              0
            ],
            "3.25": [
              0,
              0,
              0
            ],
            "3.2917": [
              0,
              -2,
              0
            ],
            "3.5": [
              0,
              -2,
              0
            ],
            "3.5417": [
              0,
              0,
              0
            ],
            "3.75": [
              0,
              0,
              0
            ],
            "3.7917": [
              0,
              -2,
              0
            ],
            "4.0": [
              0,
              -2,
              0
            ],
            "4.0417": [
              0,
              0,
              0
            ],
            "4.25": [
              0,
              0,
              0
            ],
            "4.2917": [
              0,
              -2,
              0
            ]
          }
        },
        "Alis": {
          "position": {
            "0.4167": [
              0,
              0,
              0
            ],
            "0.5": [
              0,
              1,
              0
            ],
            "0.6667": [
              0,
              1,
              0
            ],
            "0.8333": [
              0,
              0,
              0
            ],
            "3.625": [
              0,
              0,
              0
            ],
            "3.75": [
              0,
              1,
              0
            ],
            "3.9583": [
              0,
              1,
              0
            ],
            "4.0833": [
              0,
              0,
              0
            ],
            "4.2083": [
              0,
              1,
              0
            ],
            "4.25": [
              0,
              0,
              0
            ]
          }
        }
      },
      "sound_effects": {
        "0.0": {
          "effect": "y2mate.com.mp3"
        }
      }
    },
    "animation.toilet.attack": {
      "animation_length": 0.5,
      "bones": {
        "Leher": {
          "rotation": {
            "0.0": [
              0,
              0,
              0
            ],
            "0.0833": [
              -12.5,
              0,
              0
            ],
            "0.1667": [
              -12.5,
              0,
              0
            ],
            "0.375": [
              -12.5,
              0,
              0
            ],
            "0.5": [
              0,
              0,
              0
            ]
          },
          "position": {
            "0.0": [
              0,
              0,
              0
            ],
            "0.0833": [
              0,
              0,
              0
            ]
          },
          "scale": {
            "0.0": [
              1,
              1,
              1
            ],
            "0.0833": [
              1,
              1.6,
              1
            ],
            "0.1667": [
              1,
              2.2,
              1
            ]
          }
        },
        "Head": {
          "rotation": {
            "0.0": [
              0,
              0,
              0
            ],
            "0.0833": [
              10,
              0,
              0
            ],
            "0.2083": [
              10,
              0,
              0
            ],
            "0.2917": [
              77.5,
              0,
              0
            ],
            "0.375": [
              50,
              0,
              0
            ],
            "0.5": [
              0,
              0,
              0
            ]
          },
          "position": {
            "0.0": [
              0,
              0,
              0
            ],
            "0.0833": [
              0,
              14,
              1
            ],
            "0.2083": [
              0,
              14,
              1
            ],
            "0.2917": [
              0,
              3,
              -13
            ],
            "0.375": [
              0,
              9,
              -9
            ],
            "0.5": [
              0,
              0,
              0
            ]
          },
          "scale": 1
        },
        "Bibir": {
          "position": {
            "0.0": [
              0,
              0,
              0
            ],
            "0.0833": [
              0,
              1,
              0
            ]
          }
        },
        "Bibir2": {
          "position": {
            "0.0": [
              0,
              0,
              0
            ],
            "0.0833": [
              0,
              -1,
              0
            ]
          }
        }
      }
    }
  }
}