{
	"format_version": "1.8.0",
	"animations": {
		"animation.spet.bob": {
			"loop": true,
			"animation_length": 11.91667,
			"bones": {
				"Body2": {
					"rotation": [-27.5, 0, 0],
					"position": [0, 11, -18],
					"scale": 0.2
				},
				"Perti": {
					"position": {
						"0.0": [0, 0, 0],
						"0.0417": [0, 0, 0],
						"0.0833": [0, 0, 2],
						"0.125": [0, 0, 0],
						"0.1667": [0, 0, 0],
						"0.2083": [0, 0, 2],
						"0.25": [0, 0, 0],
						"0.2917": [0, 0, 0],
						"0.3333": [0, 0, 2],
						"0.375": [0, 0, 0],
						"0.4167": [0, 0, 0],
						"0.4583": [0, 0, 2],
						"0.5": [0, 0, 0],
						"0.5417": [0, 0, 0],
						"0.5833": [0, 0, 2],
						"0.625": [0, 0, 0],
						"0.6667": [0, 0, 0],
						"0.7083": [0, 0, 2],
						"0.75": [0, 0, 0],
						"0.7917": [0, 0, 0],
						"0.8333": [0, 0, 2],
						"0.875": [0, 0, 0],
						"0.9167": [0, 0, 0],
						"0.9583": [0, 0, 2],
						"1.0": [0, 0, 0],
						"1.0417": [0, 0, 0],
						"1.0833": [0, 0, 2],
						"1.125": [0, 0, 0],
						"1.1667": [0, 0, 0],
						"1.2083": [0, 0, 2],
						"1.25": [0, 0, 0],
						"1.2917": [0, 0, 0],
						"1.3333": [0, 0, 2],
						"1.375": [0, 0, 0],
						"1.4167": [0, 0, 0],
						"1.4583": [0, 0, 2],
						"1.5": [0, 0, 0],
						"1.5417": [0, 0, 0],
						"1.5833": [0, 0, 2],
						"1.625": [0, 0, 0],
						"1.6667": [0, 0, 0],
						"1.7083": [0, 0, 2],
						"1.75": [0, 0, 0],
						"1.7917": [0, 0, 0],
						"1.8333": [0, 0, 2],
						"1.875": [0, 0, 0],
						"1.9167": [0, 0, 0],
						"1.9583": [0, 0, 0],
						"2.0": [0, 0, 0],
						"2.0417": [0, 0, 2],
						"2.0833": [0, 0, 0],
						"2.125": [0, 0, 0],
						"2.1667": [0, 0, 2],
						"2.2083": [0, 0, 0],
						"2.25": [0, 0, 0],
						"2.2917": [0, 0, 2],
						"2.3333": [0, 0, 0],
						"2.375": [0, 0, 0],
						"2.4167": [0, 0, 2],
						"2.4583": [0, 0, 0],
						"2.5": [0, 0, 0],
						"2.5417": [0, 0, 2],
						"2.5833": [0, 0, 0],
						"2.625": [0, 0, 0],
						"2.6667": [0, 0, 2],
						"2.7083": [0, 0, 0],
						"2.75": [0, 0, 0],
						"2.7917": [0, 0, 2],
						"2.8333": [0, 0, 0],
						"2.875": [0, 0, 0],
						"2.9167": [0, 0, 0],
						"2.9583": [0, 0, 0],
						"3.0": [0, 0, 2],
						"3.0417": [0, 0, 0],
						"3.0833": [0, 0, 0],
						"3.125": [0, 0, 2],
						"3.1667": [0, 0, 0],
						"3.2083": [0, 0, 0],
						"3.25": [0, 0, 2],
						"3.2917": [0, 0, 0],
						"3.3333": [0, 0, 0],
						"3.375": [0, 0, 2],
						"3.4167": [0, 0, 0],
						"3.4583": [0, 0, 0],
						"3.5": [0, 0, 2],
						"3.5417": [0, 0, 0],
						"3.5833": [0, 0, 0],
						"3.625": [0, 0, 2],
						"3.6667": [0, 0, 0],
						"3.7083": [0, 0, 0],
						"3.75": [0, 0, 2],
						"3.7917": [0, 0, 0],
						"3.8333": [0, 0, 0],
						"3.875": [0, 0, 2],
						"3.9167": [0, 0, 0],
						"3.9583": [0, 0, 0],
						"4.0": [0, 0, 2],
						"4.0417": [0, 0, 0],
						"4.0833": [0, 0, 0],
						"4.125": [0, 0, 2],
						"4.1667": [0, 0, 0],
						"4.2083": [0, 0, 0],
						"4.25": [0, 0, 2],
						"4.2917": [0, 0, 0],
						"4.3333": [0, 0, 0],
						"4.375": [0, 0, 2],
						"4.4167": [0, 0, 0],
						"4.4583": [0, 0, 0],
						"4.5": [0, 0, 2],
						"4.5417": [0, 0, 0],
						"4.5833": [0, 0, 0],
						"4.625": [0, 0, 2],
						"4.6667": [0, 0, 0],
						"4.7083": [0, 0, 0],
						"4.75": [0, 0, 2],
						"4.7917": [0, 0, 0],
						"4.8333": [0, 0, 0],
						"4.875": [0, 0, 0],
						"4.9167": [0, 0, 0],
						"4.9583": [0, 0, 2],
						"5.0": [0, 0, 0],
						"5.0417": [0, 0, 0],
						"5.0833": [0, 0, 2],
						"5.125": [0, 0, 0],
						"5.1667": [0, 0, 0],
						"5.2083": [0, 0, 2],
						"5.25": [0, 0, 0],
						"5.2917": [0, 0, 0],
						"5.3333": [0, 0, 2],
						"5.375": [0, 0, 0],
						"5.4167": [0, 0, 0],
						"5.4583": [0, 0, 2],
						"5.5": [0, 0, 0],
						"5.5417": [0, 0, 0],
						"5.5833": [0, 0, 2],
						"5.625": [0, 0, 0],
						"5.6667": [0, 0, 0],
						"5.7083": [0, 0, 2],
						"5.75": [0, 0, 0],
						"5.7917": [0, 0, 0],
						"5.8333": [0, 0, 2],
						"5.875": [0, 0, 0],
						"5.9167": [0, 0, 2],
						"5.9583": [0, 0, 0],
						"6.0": [0, 0, 0],
						"6.0417": [0, 0, 2],
						"6.0833": [0, 0, 0],
						"6.125": [0, 0, 0],
						"6.1667": [0, 0, 2],
						"6.2083": [0, 0, 0],
						"6.25": [0, 0, 0],
						"6.2917": [0, 0, 2],
						"6.3333": [0, 0, 0],
						"6.375": [0, 0, 0],
						"6.4167": [0, 0, 2],
						"6.4583": [0, 0, 0],
						"6.5": [0, 0, 0],
						"6.5417": [0, 0, 2],
						"6.5833": [0, 0, 0],
						"6.625": [0, 0, 0],
						"6.6667": [0, 0, 2],
						"6.7083": [0, 0, 0],
						"6.75": [0, 0, 0],
						"6.7917": [0, 0, 2],
						"6.8333": [0, 0, 0],
						"6.875": [0, 0, 0],
						"6.9167": [0, 0, 2],
						"6.9583": [0, 0, 0],
						"7.0": [0, 0, 0],
						"7.0417": [0, 0, 2],
						"7.0833": [0, 0, 0],
						"7.125": [0, 0, 0],
						"7.1667": [0, 0, 2],
						"7.2083": [0, 0, 0],
						"7.25": [0, 0, 0],
						"7.2917": [0, 0, 2],
						"7.3333": [0, 0, 0],
						"7.375": [0, 0, 0],
						"7.4167": [0, 0, 2],
						"7.4583": [0, 0, 0],
						"7.5": [0, 0, 0],
						"7.5417": [0, 0, 2],
						"7.5833": [0, 0, 0],
						"7.625": [0, 0, 0],
						"7.6667": [0, 0, 2],
						"7.7083": [0, 0, 0],
						"7.75": [0, 0, 0],
						"7.7917": [0, 0, 2],
						"7.8333": [0, 0, 0],
						"7.875": [0, 0, 0],
						"7.9167": [0, 0, 0],
						"7.9583": [0, 0, 0],
						"8.0": [0, 0, 2],
						"8.0417": [0, 0, 0],
						"8.0833": [0, 0, 0],
						"8.125": [0, 0, 2],
						"8.1667": [0, 0, 0],
						"8.2083": [0, 0, 0],
						"8.25": [0, 0, 2],
						"8.2917": [0, 0, 0],
						"8.3333": [0, 0, 0],
						"8.375": [0, 0, 2],
						"8.4167": [0, 0, 0],
						"8.4583": [0, 0, 0],
						"8.5": [0, 0, 2],
						"8.5417": [0, 0, 0],
						"8.5833": [0, 0, 0],
						"8.625": [0, 0, 2],
						"8.6667": [0, 0, 0],
						"8.7083": [0, 0, 0],
						"8.75": [0, 0, 2],
						"8.7917": [0, 0, 0],
						"8.8333": [0, 0, 0],
						"8.875": [0, 0, 0],
						"8.9167": [0, 0, 0],
						"8.9583": [0, 0, 2],
						"9.0": [0, 0, 0],
						"9.0417": [0, 0, 0],
						"9.0833": [0, 0, 2],
						"9.125": [0, 0, 0],
						"9.1667": [0, 0, 0],
						"9.2083": [0, 0, 2],
						"9.25": [0, 0, 0],
						"9.2917": [0, 0, 0],
						"9.3333": [0, 0, 2],
						"9.375": [0, 0, 0],
						"9.4167": [0, 0, 0],
						"9.4583": [0, 0, 2],
						"9.5": [0, 0, 0],
						"9.5417": [0, 0, 0],
						"9.5833": [0, 0, 2],
						"9.625": [0, 0, 0],
						"9.6667": [0, 0, 0],
						"9.7083": [0, 0, 2],
						"9.75": [0, 0, 0],
						"9.7917": [0, 0, 0],
						"9.8333": [0, 0, 2],
						"9.875": [0, 0, 0],
						"9.9167": [0, 0, 0],
						"9.9583": [0, 0, 2],
						"10.0": [0, 0, 0],
						"10.0417": [0, 0, 0],
						"10.0833": [0, 0, 2],
						"10.125": [0, 0, 0],
						"10.1667": [0, 0, 0],
						"10.2083": [0, 0, 2],
						"10.25": [0, 0, 0],
						"10.2917": [0, 0, 0],
						"10.3333": [0, 0, 2],
						"10.375": [0, 0, 0],
						"10.4167": [0, 0, 0],
						"10.4583": [0, 0, 2],
						"10.5": [0, 0, 0],
						"10.5417": [0, 0, 0],
						"10.5833": [0, 0, 2],
						"10.625": [0, 0, 0],
						"10.6667": [0, 0, 0],
						"10.7083": [0, 0, 2],
						"10.75": [0, 0, 0],
						"10.7917": [0, 0, 0],
						"10.8333": [0, 0, 0],
						"10.875": [0, 0, 0],
						"10.9167": [0, 0, 2],
						"10.9583": [0, 0, 0],
						"11.0": [0, 0, 0],
						"11.0417": [0, 0, 2],
						"11.0833": [0, 0, 0],
						"11.125": [0, 0, 0],
						"11.1667": [0, 0, 2],
						"11.2083": [0, 0, 0],
						"11.25": [0, 0, 0],
						"11.2917": [0, 0, 2],
						"11.3333": [0, 0, 0],
						"11.375": [0, 0, 0],
						"11.4167": [0, 0, 2],
						"11.4583": [0, 0, 0],
						"11.5": [0, 0, 0],
						"11.5417": [0, 0, 2],
						"11.5833": [0, 0, 0],
						"11.625": [0, 0, 0],
						"11.6667": [0, 0, 2],
						"11.7083": [0, 0, 0],
						"11.75": [0, 0, 0],
						"11.7917": [0, 0, 2],
						"11.8333": [0, 0, 0],
						"11.875": [0, 0, 2]
					}
				},
				"Body": {
					"rotation": {
						"0.0": [17.5, 0, 0],
						"0.25": [17.08, 0, 0],
						"0.3333": [4.44, 0, 0],
						"1.5": [4.44, 0, 0],
						"2.9167": [17.5, 0, 0],
						"4.4167": [15, 0, 0],
						"5.9167": [17.47121, 0.2912, 0.24789],
						"5.9583": [17.5, 0, 0],
						"7.4583": [15, 0, 0],
						"8.875": [17.5, 0, 0],
						"10.375": [15, 0, 0],
						"11.875": [17.47121, 0.2912, 0.24789]
					}
				},
				"bone5": {
					"rotation": {
						"0.0": [20, 0, 0],
						"0.25": [20, 0, 0],
						"0.3333": [2.5, 0, 0],
						"1.5": [2.5, 0, 0],
						"2.9167": [20, 0, 0],
						"5.9583": [20, 0, 0],
						"8.875": [20, 0, 0]
					}
				},
				"Tangan2": {
					"rotation": {
						"0.0": [-36.08597, 7.52076, 21.26765],
						"0.25": [-36.03702, 7.76534, 21.60852],
						"0.3333": [-6.02071, 7.84687, 21.72215],
						"1.5": [-6.02071, 7.84687, 21.72215],
						"2.9167": [-36.08597, 7.52076, 21.26765],
						"4.4167": [-35.79228, 8.98823, 23.31289],
						"5.9167": [-36.08597, 7.52076, 21.26765],
						"5.9583": [-36.08597, 7.52076, 21.26765],
						"7.4583": [-35.79228, 8.98823, 23.31289],
						"8.875": [-36.08597, 7.52076, 21.26765],
						"10.375": [-35.79228, 8.98823, 23.31289],
						"11.875": [-36.08597, 7.52076, 21.26765]
					}
				},
				"bone": {
					"rotation": {
						"0.0": [0, 0, -15],
						"2.9167": [0, 0, -15],
						"5.9583": [0, 0, -15],
						"8.875": [0, 0, -15]
					}
				},
				"Tangan": {
					"rotation": {
						"0.0": [-39.22692, 0.51687, -21.72388],
						"0.25": [-39.22538, 0.25337, -22.04666],
						"0.3333": [-9.22486, 0.16554, -22.15425],
						"1.5": [-9.22486, 0.16554, -22.15425],
						"2.9167": [-39.22692, 0.51687, -21.72388],
						"4.4167": [-39.21767, -1.06411, -23.66058],
						"5.9167": [-39.22692, 0.51687, -21.72388],
						"5.9583": [-39.22692, 0.51687, -21.72388],
						"7.4583": [-39.21767, -1.06411, -23.66058],
						"8.875": [-39.22692, 0.51687, -21.72388],
						"10.375": [-39.21767, -1.06411, -23.66058],
						"11.875": [-39.22692, 0.51687, -21.72388]
					}
				},
				"bone2": {
					"rotation": {
						"0.0": [0, 0, 15],
						"2.9167": [0, 0, 15],
						"5.9583": [0, 0, 15],
						"8.875": [0, 0, 15]
					}
				},
				"Head": {
					"rotation": {
						"0.0": [30, 0, 0],
						"0.25": [30, 0, 0],
						"0.3333": [-4.30849, 3.6498, -4.43053],
						"0.5": [-4.30849, 3.6498, -4.43053],
						"0.5833": [-4.59189, 6.25935, 5.19521],
						"0.6667": [-4.09421, 2.77726, -7.70761],
						"0.75": [-3.70711, 3.37685, 0.11373],
						"0.8333": [11.22607, 3.40718, -0.39118],
						"0.9167": [-12.43778, 5.66297, 8.88465],
						"1.0": [-1.27646, 5.37538, 6.98248],
						"1.5": [-4.30849, 3.6498, -4.43053],
						"2.9167": [30, 0, 0],
						"5.9583": [30, 0, 0],
						"8.875": [30, 0, 0]
					}
				},
				"RightLeg": {
					"rotation": {
						"0.0": [-5, 0, 10],
						"5.9583": [-5, 0, 10]
					}
				},
				"bone3": {
					"rotation": {
						"0.0": [5, 0, 0],
						"2.9167": [5, 0, 0],
						"5.9583": [5, 0, 0],
						"8.875": [5, 0, 0]
					}
				},
				"LeftLeg": {
					"rotation": {
						"0.0": [-5, 0, -10],
						"5.9583": [-5, 0, -10]
					}
				},
				"bone4": {
					"rotation": {
						"0.0": [5, 0, 0],
						"2.9167": [5, 0, 0],
						"5.9583": [5, 0, 0],
						"8.875": [5, 0, 0]
					}
				},
				"Etir": {
					"position": {
						"0.0": [0, 0, 0],
						"0.0417": [0, 2, 4],
						"0.0833": [0, 0, 0],
						"0.125": [0, 2, 4],
						"0.1667": [0, 0, 0],
						"0.2083": [0, 2, 4],
						"0.25": [0, 0, 0],
						"0.2917": [0, 2, 4],
						"0.3333": [0, 0, 0],
						"0.375": [0, 2, 4],
						"0.4167": [0, 0, 0],
						"0.4583": [0, 2, 4],
						"0.5": [0, 0, 0],
						"0.5417": [0, 2, 4],
						"0.5833": [0, 0, 0],
						"0.625": [0, 2, 4],
						"0.6667": [0, 0, 0],
						"0.7083": [0, 2, 4],
						"0.75": [0, 0, 0],
						"0.7917": [0, 2, 4],
						"0.8333": [0, 0, 0],
						"0.875": [0, 2, 4],
						"0.9167": [0, 0, 0],
						"0.9583": [0, 2, 4],
						"1.0": [0, 0, 0],
						"1.0417": [0, 2, 4],
						"1.0833": [0, 0, 0],
						"1.125": [0, 2, 4],
						"1.1667": [0, 0, 0],
						"1.2083": [0, 2, 4],
						"1.25": [0, 0, 0],
						"1.2917": [0, 2, 4],
						"1.3333": [0, 0, 0],
						"1.375": [0, 2, 4],
						"1.4167": [0, 0, 0],
						"1.4583": [0, 2, 4],
						"1.5": [0, 0, 0],
						"1.5417": [0, 2, 4],
						"1.5833": [0, 0, 0],
						"1.625": [0, 2, 4],
						"1.6667": [0, 0, 0],
						"1.7083": [0, 2, 4],
						"1.75": [0, 0, 0],
						"1.7917": [0, 2, 4],
						"1.8333": [0, 0, 0],
						"1.875": [0, 2, 4],
						"1.9167": [0, 0, 0],
						"1.9583": [0, 2, 4],
						"2.0": [0, 0, 0],
						"2.0417": [0, 2, 4],
						"2.0833": [0, 0, 0],
						"2.125": [0, 2, 4],
						"2.1667": [0, 0, 0],
						"2.2083": [0, 2, 4],
						"2.25": [0, 0, 0],
						"2.2917": [0, 2, 4],
						"2.3333": [0, 0, 0],
						"2.375": [0, 2, 4],
						"2.4167": [0, 0, 0],
						"2.4583": [0, 2, 4],
						"2.5": [0, 0, 0],
						"2.5417": [0, 2, 4],
						"2.5833": [0, 0, 0],
						"2.625": [0, 2, 4],
						"2.6667": [0, 0, 0],
						"2.7083": [0, 2, 4],
						"2.75": [0, 0, 0],
						"2.7917": [0, 2, 4],
						"2.8333": [0, 0, 0],
						"2.875": [0, 2, 4],
						"2.9167": [0, 0, 0],
						"2.9583": [0, 2, 4],
						"3.0": [0, 0, 0],
						"3.0417": [0, 2, 4],
						"3.0833": [0, 0, 0],
						"3.125": [0, 2, 4],
						"3.1667": [0, 0, 0],
						"3.2083": [0, 2, 4],
						"3.25": [0, 0, 0],
						"3.2917": [0, 2, 4],
						"3.3333": [0, 0, 0],
						"3.375": [0, 2, 4],
						"3.4167": [0, 0, 0],
						"3.4583": [0, 2, 4],
						"3.5": [0, 0, 0],
						"3.5417": [0, 2, 4],
						"3.5833": [0, 0, 0],
						"3.625": [0, 2, 4],
						"3.6667": [0, 0, 0],
						"3.7083": [0, 2, 4],
						"3.75": [0, 0, 0],
						"3.7917": [0, 2, 4],
						"3.8333": [0, 0, 0],
						"3.875": [0, 2, 4],
						"3.9167": [0, 0, 0],
						"3.9583": [0, 2, 4],
						"4.0": [0, 0, 0],
						"4.0417": [0, 2, 4],
						"4.0833": [0, 0, 0],
						"4.125": [0, 2, 4],
						"4.1667": [0, 0, 0],
						"4.2083": [0, 2, 4],
						"4.25": [0, 0, 0],
						"4.2917": [0, 2, 4],
						"4.3333": [0, 0, 0],
						"4.375": [0, 2, 4],
						"4.4167": [0, 0, 0],
						"4.4583": [0, 2, 4],
						"4.5": [0, 0, 0],
						"4.5417": [0, 2, 4],
						"4.5833": [0, 0, 0],
						"4.625": [0, 2, 4],
						"4.6667": [0, 0, 0],
						"4.7083": [0, 2, 4],
						"4.75": [0, 0, 0],
						"4.7917": [0, 2, 4],
						"4.8333": [0, 0, 0],
						"4.875": [0, 2, 4],
						"4.9167": [0, 0, 0],
						"4.9583": [0, 2, 4],
						"5.0": [0, 0, 0],
						"5.0417": [0, 2, 4],
						"5.0833": [0, 0, 0],
						"5.125": [0, 2, 4],
						"5.1667": [0, 0, 0],
						"5.2083": [0, 2, 4],
						"5.25": [0, 0, 0],
						"5.2917": [0, 2, 4],
						"5.3333": [0, 0, 0],
						"5.375": [0, 2, 4],
						"5.4167": [0, 0, 0],
						"5.4583": [0, 2, 4],
						"5.5": [0, 0, 0],
						"5.5417": [0, 2, 4],
						"5.5833": [0, 0, 0],
						"5.625": [0, 2, 4],
						"5.6667": [0, 0, 0],
						"5.7083": [0, 2, 4],
						"5.75": [0, 0, 0],
						"5.7917": [0, 2, 4],
						"5.8333": [0, 0, 0],
						"5.875": [0, 2, 4],
						"5.9167": [0, 0, 0],
						"5.9583": [0, 0, 0],
						"6.0": [0, 2, 4],
						"6.0417": [0, 0, 0],
						"6.0833": [0, 2, 4],
						"6.125": [0, 0, 0],
						"6.1667": [0, 2, 4],
						"6.2083": [0, 0, 0],
						"6.25": [0, 2, 4],
						"6.2917": [0, 0, 0],
						"6.3333": [0, 2, 4],
						"6.375": [0, 0, 0],
						"6.4167": [0, 2, 4],
						"6.4583": [0, 0, 0],
						"6.5": [0, 2, 4],
						"6.5417": [0, 0, 0],
						"6.5833": [0, 2, 4],
						"6.625": [0, 0, 0],
						"6.6667": [0, 2, 4],
						"6.7083": [0, 0, 0],
						"6.75": [0, 2, 4],
						"6.7917": [0, 0, 0],
						"6.8333": [0, 2, 4],
						"6.875": [0, 0, 0],
						"6.9167": [0, 2, 4],
						"6.9583": [0, 0, 0],
						"7.0": [0, 2, 4],
						"7.0417": [0, 0, 0],
						"7.0833": [0, 2, 4],
						"7.125": [0, 0, 0],
						"7.1667": [0, 2, 4],
						"7.2083": [0, 0, 0],
						"7.25": [0, 2, 4],
						"7.2917": [0, 0, 0],
						"7.3333": [0, 2, 4],
						"7.375": [0, 0, 0],
						"7.4167": [0, 2, 4],
						"7.4583": [0, 0, 0],
						"7.5": [0, 2, 4],
						"7.5417": [0, 0, 0],
						"7.5833": [0, 2, 4],
						"7.625": [0, 0, 0],
						"7.6667": [0, 2, 4],
						"7.7083": [0, 0, 0],
						"7.75": [0, 2, 4],
						"7.7917": [0, 0, 0],
						"7.8333": [0, 2, 4],
						"7.875": [0, 0, 0],
						"7.9167": [0, 2, 4],
						"7.9583": [0, 0, 0],
						"8.0": [0, 2, 4],
						"8.0417": [0, 0, 0],
						"8.0833": [0, 2, 4],
						"8.125": [0, 0, 0],
						"8.1667": [0, 2, 4],
						"8.2083": [0, 0, 0],
						"8.25": [0, 2, 4],
						"8.2917": [0, 0, 0],
						"8.3333": [0, 2, 4],
						"8.375": [0, 0, 0],
						"8.4167": [0, 2, 4],
						"8.4583": [0, 0, 0],
						"8.5": [0, 2, 4],
						"8.5417": [0, 0, 0],
						"8.5833": [0, 2, 4],
						"8.625": [0, 0, 0],
						"8.6667": [0, 2, 4],
						"8.7083": [0, 0, 0],
						"8.75": [0, 2, 4],
						"8.7917": [0, 0, 0],
						"8.8333": [0, 2, 4],
						"8.875": [0, 0, 0],
						"8.9167": [0, 2, 4],
						"8.9583": [0, 0, 0],
						"9.0": [0, 2, 4],
						"9.0417": [0, 0, 0],
						"9.0833": [0, 2, 4],
						"9.125": [0, 0, 0],
						"9.1667": [0, 2, 4],
						"9.2083": [0, 0, 0],
						"9.25": [0, 2, 4],
						"9.2917": [0, 0, 0],
						"9.3333": [0, 2, 4],
						"9.375": [0, 0, 0],
						"9.4167": [0, 2, 4],
						"9.4583": [0, 0, 0],
						"9.5": [0, 2, 4],
						"9.5417": [0, 0, 0],
						"9.5833": [0, 2, 4],
						"9.625": [0, 0, 0],
						"9.6667": [0, 2, 4],
						"9.7083": [0, 0, 0],
						"9.75": [0, 2, 4],
						"9.7917": [0, 0, 0],
						"9.8333": [0, 2, 4],
						"9.875": [0, 0, 0],
						"9.9167": [0, 2, 4],
						"9.9583": [0, 0, 0],
						"10.0": [0, 2, 4],
						"10.0417": [0, 0, 0],
						"10.0833": [0, 2, 4],
						"10.125": [0, 0, 0],
						"10.1667": [0, 2, 4],
						"10.2083": [0, 0, 0],
						"10.25": [0, 2, 4],
						"10.2917": [0, 0, 0],
						"10.3333": [0, 2, 4],
						"10.375": [0, 0, 0],
						"10.4167": [0, 2, 4],
						"10.4583": [0, 0, 0],
						"10.5": [0, 2, 4],
						"10.5417": [0, 0, 0],
						"10.5833": [0, 2, 4],
						"10.625": [0, 0, 0],
						"10.6667": [0, 2, 4],
						"10.7083": [0, 0, 0],
						"10.75": [0, 2, 4],
						"10.7917": [0, 0, 0],
						"10.8333": [0, 2, 4],
						"10.875": [0, 0, 0],
						"10.9167": [0, 2, 4],
						"10.9583": [0, 0, 0],
						"11.0": [0, 2, 4],
						"11.0417": [0, 0, 0],
						"11.0833": [0, 2, 4],
						"11.125": [0, 0, 0],
						"11.1667": [0, 2, 4],
						"11.2083": [0, 0, 0],
						"11.25": [0, 2, 4],
						"11.2917": [0, 0, 0],
						"11.3333": [0, 2, 4],
						"11.375": [0, 0, 0],
						"11.4167": [0, 2, 4],
						"11.4583": [0, 0, 0],
						"11.5": [0, 2, 4],
						"11.5417": [0, 0, 0],
						"11.5833": [0, 2, 4],
						"11.625": [0, 0, 0],
						"11.6667": [0, 2, 4],
						"11.7083": [0, 0, 0],
						"11.75": [0, 2, 4],
						"11.7917": [0, 0, 0],
						"11.8333": [0, 2, 4],
						"11.875": [0, 0, 0],
						"11.9167": [0, 2, 4]
					}
				}
			}
		},
		"animation.spet.walk": {
			"loop": true,
			"animation_length": 0.5,
			"bones": {
				"Body": {
					"rotation": [15, 0, 0],
					"position": {
						"0.0": [0, -1, 0],
						"0.25": [0, 0, 0],
						"0.5": [0, -1, 0]
					}
				},
				"bone5": {
					"rotation": {
						"0.0": [9.57362, -14.63639, 3.31914],
						"0.25": [9.57362, 14.63639, -3.31914],
						"0.5": [-7.92638, -14.63639, 3.31914]
					}
				},
				"Tangan2": {
					"rotation": [-1.13443, -35.51465, 76.81456]
				},
				"bone": {
					"rotation": [-85, 0, 0]
				},
				"Tangan": {
					"rotation": [-2.03352, 29.18298, -71.77221]
				},
				"bone2": {
					"rotation": [-85, 0, 0]
				},
				"Head": {
					"rotation": [-50, 0, 0]
				},
				"RightLeg": {
					"rotation": {
						"0.0": [55, 0, 0],
						"0.25": [-25, 0, 0],
						"0.5": [55, 0, 0]
					}
				},
				"bone3": {
					"rotation": {
						"0.0": [47.5, 0, 0],
						"0.25": [0, 0, 0],
						"0.5": [47.5, 0, 0]
					}
				},
				"LeftLeg": {
					"rotation": {
						"0.0": [-25, 0, 0],
						"0.25": [55, 0, 0],
						"0.5": [-25, 0, 0]
					}
				},
				"bone4": {
					"rotation": {
						"0.0": [0, 0, 0],
						"0.25": [50, 0, 0],
						"0.5": [0, 0, 0]
					}
				}
			}
		},
		"animation.spet.attack": {
			"animation_length": 1,
			"bones": {
				"Tangan2": {
					"rotation": {
						"0.0": [0, 0, 0],
						"0.25": [17.17774, 85.55675, 77.10322],
						"0.5": [51.54317, 81.87344, 118.71516],
						"0.625": [-80.43766, 73.4485, -14.83936],
						"0.75": [-93.53663, -58.44342, -9.72497]
					}
				},
				"Head": {
					"rotation": [-57.5, 0, 0]
				}
			}
		}
	}
}