{
	"format_version": "1.8.0",
	"animations": {
		"animation.tb.bob": {
			"loop": true,
			"animation_length": 4.5,
			"bones": {
				"Head": {
					"rotation": {
						"0.4167": [0, 0, 0],
						"0.5": [-2.5, 0, 0],
						"1.25": [-2.5, 0, 0],
						"1.3333": [-0.02154, 7.49282, -0.32902],
						"1.4167": [-0.02154, 7.49282, -0.32902],
						"1.5": [-5.02188, -12.50718, -0.32148],
						"1.5833": [-5.02188, -12.50718, -0.32148],
						"1.6667": [-2.5, 0, 0],
						"1.75": [-12.5, 0, 0],
						"1.8333": [-2.5, 0, 0],
						"3.125": [-2.5, 0, 0],
						"3.375": [-2.5, 0, -360],
						"3.625": [-2.5, 0, -360],
						"3.75": [-2.58807, -14.98539, -359.33037],
						"3.9583": [-2.58807, -14.98539, -359.33037],
						"4.0417": [-2.5, 0, -360],
						"4.1667": [-2.5, 0, -360],
						"4.25": [-2.58807, -14.98539, -359.33037],
						"4.375": [-2.58807, -14.98539, -359.33037],
						"4.5": [-2.5, 0, -360]
					},
					"position": {
						"0.4167": [0, 0, 0],
						"0.5": [0, 0, -2],
						"1.6667": [0, 0, -2],
						"1.75": [0, 0, -2],
						"1.8333": [0, 0, -2],
						"2.5": [0, 0, -2],
						"2.625": [0, 0, -2],
						"3.0417": [0, 0, -2],
						"3.125": [0, 0, -2],
						"4.375": [0, 0, -2],
						"4.5": [0, 0, 0]
					}
				},
				"Bibir": {
					"position": {
						"0.4167": [0, 0, 0],
						"0.5": [0, 0, 0],
						"1.3333": [0, 0, 0],
						"1.4167": [0, 1, 0],
						"1.5": [0, 0, 0],
						"1.5833": [0, 1, 0],
						"1.6667": [0, 0, 0],
						"1.75": [0, 1, 0],
						"1.8333": [0, 0, 0],
						"1.9167": [0, 0, 0],
						"2.0": [0, 1, 0],
						"2.0833": [0, 1, 0],
						"2.1667": [0, 0, 0],
						"2.2917": [0, 1, 0],
						"2.3333": [0, 1, 0],
						"2.5": [0, 0, 0],
						"2.875": [0, 0, 0],
						"2.9583": [0, 1, 0],
						"3.0417": [0, 0, 0],
						"3.125": [0, 1, 0],
						"3.2083": [0, 0, 0],
						"3.2917": [0, 1, 0],
						"3.375": [0, 0, 0],
						"3.625": [0, 0, 0],
						"4.25": [0, 0, 0]
					}
				},
				"Bibir2": {
					"position": {
						"0.4167": [0, 0, 0],
						"0.5": [0, -1, 0],
						"0.75": [0, -1, 0],
						"0.8333": [0, 0, 0],
						"0.9583": [0, 0, 0],
						"1.0417": [0, -1, 0],
						"1.125": [0, 0.29, 0],
						"1.2083": [0, -0.83, 0],
						"1.3333": [0, 0, 0],
						"1.4167": [0, -1, 0],
						"1.5": [0, 0, 0],
						"1.5833": [0, -1, 0],
						"1.6667": [0, 0, 0],
						"1.75": [0, -1, 0],
						"1.8333": [0, 0, 0],
						"1.9167": [0, -1, 0],
						"2.0": [0, -1, 0],
						"2.0833": [0, -1, 0],
						"2.1667": [0, 0, 0],
						"2.2917": [0, -1, 0],
						"2.5": [0, 0, 0],
						"2.875": [0, 0, 0],
						"2.9583": [0, -1, 0],
						"3.0417": [0, 0, 0],
						"3.125": [0, -1, 0],
						"3.2083": [0, 0, 0],
						"3.625": [0, 0, 0],
						"4.25": [0, 0, 0]
					},
					"scale": {
						"3.5": [0.8, 1, 1],
						"3.625": [0.8, 1, 1],
						"3.75": [1, 1, 1],
						"3.9583": [1, 1, 1],
						"4.0833": [0.8, 1, 1],
						"4.25": [1, 1, 1]
					}
				},
				"Leher": {
					"position": {
						"1.8333": [0, 0, 0],
						"1.9167": [0, 4, 0],
						"2.5": [0, 4, 0],
						"2.625": [0, 1, 0],
						"3.0417": [0, 1, 0],
						"3.125": [0, 6, 0],
						"3.4167": [0, 6, 0],
						"3.5417": [0, 0, 0]
					}
				},
				"Alis": {
					"position": {
						"0.4167": [0, 0, 0],
						"0.5": [0, 1, 0],
						"0.75": [0, 1, 0],
						"0.8333": [0, 0, 0],
						"1.0833": [0, 0, 0],
						"1.1667": [0, -1, 0],
						"1.3333": [0, -1, 0],
						"1.8333": [0, -1, 0],
						"1.9167": [0, 0, 0],
						"2.1667": [0, 0, 0],
						"2.25": [0, 1, 0],
						"2.5": [0, 1, 0],
						"2.625": [0, 0, 0]
					}
				},
				"bone2": {
					"rotation": {
						"0.4167": [0, 0, 0],
						"0.5": [0, 0, -22.5],
						"0.75": [0, 0, -22.5],
						"0.8333": [0, 0, 0],
						"1.3333": [0, 0, 0],
						"1.4167": [0, 0, 15],
						"1.5": [0, 0, 15],
						"1.5833": [0, 0, 27.5],
						"1.8333": [0, 0, 27.5],
						"1.9167": [0, 0, 0],
						"2.1667": [0, 0, 0],
						"2.25": [0, 0, -17.5],
						"2.5": [0, 0, -17.5],
						"2.625": [0, 0, -10],
						"3.4167": [0, 0, -10],
						"3.5": [0, 0, 0],
						"3.6667": [0, 0, 0],
						"3.75": [0, 0, -10],
						"3.9583": [0, 0, -10],
						"4.0833": [0, 0, 7.5],
						"4.2083": [0, 0, -10]
					}
				},
				"bone3": {
					"rotation": {
						"0.4167": [0, 0, 0],
						"0.5": [0, 0, 17.5],
						"0.75": [0, 0, 17.5],
						"0.8333": [0, 0, 0],
						"1.3333": [0, 0, 0],
						"1.4167": [0, 0, -15],
						"1.5": [0, 0, -15],
						"1.5833": [0, 0, -27.5],
						"1.8333": [0, 0, -27.5],
						"1.9167": [0, 0, 0],
						"2.1667": [0, 0, 0],
						"2.25": [0, 0, 17.5],
						"2.5": [0, 0, 17.5],
						"2.625": [0, 0, 10],
						"3.4167": [0, 0, 10],
						"3.5": [0, 0, 0],
						"3.6667": [0, 0, 0],
						"3.75": [0, 0, 10],
						"3.9583": [0, 0, 10],
						"4.0833": [0, 0, -10],
						"4.2083": [0, 0, 10]
					}
				},
				"Bibir3": {
					"scale": {
						"0.4167": [1, 1, 1],
						"0.5": [0.6, 1, 1],
						"2.1667": [0.6, 1, 1],
						"2.25": [1, 1, 1],
						"3.375": [1, 1, 1],
						"3.5": [0.7, 1, 1],
						"3.625": [0.7, 1, 1],
						"3.75": [1, 1, 1],
						"3.9583": [1, 1, 1],
						"4.0833": [0.4, 1, 1],
						"4.2083": [1.2, 1, 1]
					}
				},
				"Bibir4": {
					"scale": {
						"0.4167": [1, 1, 1],
						"0.5": [0.7, 1, 1],
						"2.1667": [0.7, 1, 1],
						"2.25": [1, 1, 1],
						"3.375": [1, 1, 1],
						"3.5": [0.7, 1, 1],
						"3.625": [0.7, 1, 1],
						"3.75": [1, 1, 1],
						"3.9583": [1, 1, 1],
						"4.0833": [0.4, 1, 1],
						"4.2083": [1.1, 1, 1]
					}
				}
			}
		},
		"animation.tb.attack": {
			"animation_length": 0.5,
			"bones": {
				"Leher": {
					"rotation": {
						"0.125": [0, 0, 0],
						"0.2083": [0, 0, 0],
						"0.2917": [82.5, 0, 0],
						"0.375": [65, 0, 0],
						"0.5": [0, 0, 0]
					},
					"position": {
						"0.0": [0, 0, 0],
						"0.125": [0, 9, 0],
						"0.2083": [0, 10, 0],
						"0.5": [0, 0, 0]
					},
					"scale": {
						"0.0": [1, 1, 1],
						"0.125": [1, 1.4, 1],
						"0.5": [1, 1, 1]
					}
				},
				"Head": {
					"scale": {
						"0.0": [1, 1, 1],
						"0.125": [1, 0.7, 1],
						"0.375": [1, 1, 1],
						"0.5": [1, 0.7, 1]
					}
				},
				"Bibir": {
					"position": {
						"0.0": [0, 0, 0],
						"0.0833": [0, 1, 0]
					}
				},
				"Bibir2": {
					"position": {
						"0.0": [0, 0, 0],
						"0.0833": [0, -1, 0]
					}
				}
			}
		}
	}
}