{
	"format_version": "1.8.0",
	"animations": {
		"animation.tca.bob": {
			"loop": true,
			"animation_length": 22,
			"bones": {
				"Pinggul": {
					"position": [0, -1, 3]
				},
				"Kaki": {
					"rotation": [-4.89805, -0.63178, -4.66981]
				},
				"Kaki2": {
					"rotation": [-7.5, 0, 2.5]
				},
				"Kaki3": {
					"rotation": [12.39619, -0.93434, -0.4356]
				},
				"Body": {
					"rotation": {
						"0.0": [2.5, 0, 0],
						"6.0": [0, 0, 0],
						"7.0": [0, 5, 0],
						"7.5": [0, 5, 0],
						"8.75": [0, -5, 0],
						"10.6667": [0, -10.17, 0],
						"11.25": [0, 0, 0]
					}
				},
				"Head2": {
					"rotation": {
						"0.0": [0, 0, 0],
						"1.0": [12.5, 0, 0],
						"2.0": [0, 0, 0],
						"5.25": [0, 0, 0],
						"6.75": [20, 6.66667, 0],
						"7.75": [17.20887, 12.2907, -16.81003],
						"9.25": [0, -37.5, 0],
						"11.0": [0, -42.5, 0],
						"11.75": [0, 0, 0],
						"16.0": [0, 0, 0],
						"16.5": [-7.5, 0, 0],
						"17.0": [-7.5, 0, 0],
						"17.25": [0, 0, 0]
					}
				},
				"Tangan3": {
					"rotation": {
						"0.0": [0, 0, -7.5],
						"2.0": [0, 0, -10],
						"4.0": [0, 0, -7.5],
						"6.0": [0, 0, -10],
						"8.0": [0, 0, -7.5],
						"10.0": [0, 0, -10],
						"12.0": [0, 0, -7.5]
					}
				},
				"bone8": {
					"rotation": [0, 0, 7.5]
				},
				"Tangan4": {
					"rotation": {
						"0.0": [0, 0, 5],
						"2.0": [0, 0, 7.5],
						"4.0": [0, 0, 5],
						"5.0": [0.24474, 0.19366, 10.97656],
						"5.5": [-33.89025, -18.66624, 16.72802],
						"7.75": [-33.89025, -18.66624, 16.72802],
						"9.0833": [0, 0, 7.5],
						"9.75": [0.59015, 0.51037, 9.94142],
						"12.0": [0.56733, 0.53562, 7.44144],
						"14.0": [0, 0, 5],
						"16.0": [0, 0, 7.5],
						"18.0": [0, 0, 5],
						"20.0": [0, 0, 7.5],
						"22.0": [0, 0, 5]
					}
				},
				"bone9": {
					"rotation": {
						"0.0": [0, 0, -7.5],
						"4.6667": [0, 0, -7.5],
						"6.25": [-68.61039, -39.04235, -77.94567],
						"8.0": [-68.61039, -39.04235, -77.94567],
						"9.25": [0, 0, -7.5]
					},
					"position": {
						"4.6667": [0, 0, 0],
						"6.25": [8, -1, -10],
						"8.0": [8, -1, -10],
						"8.5": [1.8, -2.6, -2],
						"9.25": [0, 0, 0]
					}
				},
				"bone": {
					"rotation": [7.4888, 0.14994, 0.18603]
				},
				"bone4": {
					"rotation": {
						"0.0": [0, 0, 0],
						"7.25": [0, 0, 0],
						"11.0": [0, 0, 0]
					}
				},
				"Jari": {
					"rotation": {
						"0.0": [0, 0, 5],
						"6.25": [0, 0, 5],
						"7.25": [0, 0, -35],
						"8.25": [0, 0, 2.5]
					}
				},
				"Jar": {
					"rotation": [0, 0, -20]
				},
				"Jari2": {
					"rotation": {
						"0.0": [0, 0, 10],
						"6.25": [0, 0, 10],
						"7.25": [0, 0, -37.5],
						"8.25": [0, 0, 0]
					}
				},
				"Jar2": {
					"rotation": [0, 0, -25]
				},
				"Jari4": {
					"rotation": {
						"0.0": [0, 0, 2.5],
						"6.25": [0, 0, 2.5],
						"6.75": [0, 0, -25],
						"7.25": [0, 0, 19.17],
						"8.25": [0, 0, 2.5]
					}
				},
				"Jar4": {
					"rotation": [0, 0, -30]
				},
				"Jar6": {
					"rotation": [0, 0, 0]
				},
				"Jari5": {
					"rotation": [-2.5, 0, 10]
				},
				"Jar5": {
					"rotation": [22.5, 0, 0]
				},
				"Jari3": {
					"rotation": {
						"0.0": [0, 0, 10],
						"6.25": [0, 0, 10],
						"7.25": [0, 0, -32.5],
						"8.25": [0, 0, 0]
					}
				},
				"Jar3": {
					"rotation": [-3.41387, -2.2798, -28.71067]
				},
				"bone2": {
					"rotation": {
						"6.4167": [0, 0, 0],
						"7.0": [0, 0, 87.5],
						"7.5": [0, 0, 80.83],
						"7.75": [0, 0, 67.5],
						"8.0": [0, 0, 67.5],
						"8.5": [0, 0, 90],
						"9.0": [0, 0, 90],
						"9.25": [0, 0, 0],
						"18.0": [0, 0, 0],
						"18.5": [0, 0, 90],
						"19.0": [0, 0, 90],
						"19.25": [0, 0, 0]
					}
				},
				"bone3": {
					"rotation": {
						"8.75": [0, 0, 0],
						"9.0": [0, 0, -87.5],
						"9.5": [0, 0, -87.5],
						"9.75": [0, 0, -35],
						"10.25": [0, 0, -35],
						"10.5": [0, 0, -90],
						"11.0": [0, 0, -90],
						"11.25": [0, 0, 0],
						"14.0": [0, 0, 0],
						"14.5": [0, 0, -32.5],
						"15.0": [0, 0, -32.5],
						"15.25": [0, 0, -87.5],
						"15.75": [0, 0, -87.5],
						"16.0": [0, 0, 0],
						"18.0": [0, 0, 0],
						"18.5": [0, 0, -87.5],
						"19.0": [0, 0, -87.5],
						"19.25": [0, 0, 0]
					}
				},
				"Tangan2": {
					"rotation": {
						"0.0": [0, 0, -5],
						"2.0": [0, 0, -7.5],
						"4.0": [-0.22456, -0.38222, -5.03886],
						"6.0": [-0.20767, -0.39165, -7.5389],
						"8.0": [-0.22456, -0.38222, -5.03886],
						"10.0": [-0.22998, -0.37871, -4.20552],
						"12.0": [-0.20191, -0.39454, -8.37225],
						"14.0": [0.04486, -0.20849, -5.01849],
						"16.0": [0.5976, -0.04162, -7.45212],
						"18.0": [0.59521, -0.06765, -4.95225],
						"20.0": [0.5976, -0.04162, -7.45212],
						"22.0": [0, 0, -5]
					}
				},
				"bone5": {
					"rotation": [0, 0, 7.5]
				},
				"Jar7": {
					"rotation": [0, 0, 10]
				},
				"Jar8": {
					"rotation": [0, 0, 7.5]
				},
				"Jar9": {
					"rotation": [0, 0, 37.5]
				},
				"Jar11": {
					"rotation": [20, 0, 0]
				},
				"Jar12": {
					"rotation": [0, 0, 12.5]
				},
				"Wer2": {
					"rotation": {
						"0.0": [0, 0, 0],
						"1.0": [0, 0, 5],
						"2.0": [0, 0, 0],
						"3.0": [0, 0, 5],
						"5.0": [0, 0, 0],
						"9.0": [0, 0, 0],
						"10.0": [0, 0, 5],
						"11.0": [0, 0, 0],
						"12.0": [0, 0, 5],
						"14.0": [0, 0, 0]
					}
				},
				"Wer": {
					"rotation": {
						"0.0": [0, 0, 0],
						"1.0": [0, 0, -5],
						"2.0": [0, 0, 0],
						"3.0": [0, 0, -5],
						"5.0": [0, 0, 0],
						"9.0": [0, 0, 0],
						"10.0": [0.33237, 0.50144, -4.96225],
						"11.0": [0.60705, 0.6672, 2.5579],
						"12.0": [0.54659, 0.71757, -2.44221],
						"14.0": [0, 0, 0]
					}
				}
			}
		},
		"animation.tca.walk": {
			"loop": true,
			"animation_length": 2,
			"bones": {
				"Kaki": {
					"rotation": {
						"0.0": [-15, 0, 0],
						"1.0": [25, 0, 0],
						"2.0": [-15, 0, 0]
					}
				},
				"Kaki2": {
					"rotation": {
						"0.0": [25, 0, 0],
						"1.0": [-15, 0, 0],
						"2.0": [25, 0, 0]
					}
				},
				"bone": {
					"rotation": {
						"0.0": [0, 0, 0],
						"1.0": [0, 0, 0],
						"1.25": [32.5, 0, 0],
						"1.75": [40, 0, 0],
						"2.0": [0, 0, 0]
					}
				},
				"Kaki3": {
					"rotation": {
						"0.0": [0, 0, 0],
						"0.25": [32.5, 0, 0],
						"0.75": [40, 0, 0],
						"1.0": [-2.5, 0, 0]
					}
				},
				"Tangan3": {
					"rotation": {
						"0.0": [4.99248, -0.06191, 4.73022],
						"1.0": [-4.96965, 0.80855, 4.73039],
						"2.0": [5.0401, 0.80202, 4.73095]
					}
				},
				"Tangan4": {
					"rotation": {
						"0.0": [-4.98107, -0.43523, 0.01893],
						"1.0": [4.98107, 0.43523, -4.98107],
						"2.0": [-4.98107, -0.43523, 0.01893]
					}
				},
				"Tangan2": {
					"rotation": {
						"0.0": [5, 0, 5],
						"1.0": [-9.99235, -0.25386, -0.57664],
						"2.0": [5, 0, 5]
					}
				}
			}
		},
		"animation.tca.jumpscare": {
			"loop": true,
			"animation_length": 1.5,
			"bones": {
				"Body": {
					"rotation": {
						"0.0": [0, 0, 0],
						"0.25": [22.5, 0, 0],
						"1.25": [22.5, 0, 0],
						"1.5": [0, 0, 0]
					}
				},
				"Tangan3": {
					"rotation": {
						"0.0": [0, 0, 0],
						"0.25": [10, 0, 0],
						"1.25": [10, 0, 0],
						"1.5": [0, 0, 0]
					}
				},
				"bone8": {
					"rotation": {
						"0.0": [0, 0, 0],
						"0.25": [-22.5, 0, 0],
						"1.25": [-22.5, 0, 0],
						"1.5": [0, 0, 0]
					}
				},
				"Tangan4": {
					"rotation": {
						"0.0": [0, 0, 0],
						"0.25": [7.04228, -2.50464, 7.99025],
						"1.25": [7.04228, -2.50464, 7.99025],
						"1.5": [0, 0, 0]
					}
				},
				"bone9": {
					"rotation": {
						"0.0": [0, 0, 0],
						"0.25": [-25, 0, 0],
						"1.25": [-25, 0, 0],
						"1.5": [0, 0, 0]
					}
				},
				"Laser": {
					"rotation": {
						"1.3125": [10, 0, 0],
						"1.375": [17.5, 0, 0]
					},
					"position": {
						"0.25": [0, 0, 0],
						"0.375": [0, -7, -27.12],
						"1.25": [0, 0, -1],
						"1.3125": [0, -23.5, -111.5],
						"1.375": [0, -65, -222],
						"1.4375": [0, -117.5, -332.5],
						"1.5": [0, -199, -443]
					},
					"scale": {
						"0.25": [1, 1, 1],
						"0.375": [9.1, 10.8, 21.7],
						"1.25": [1, 1, 21.7],
						"1.5": [1, 1, 0.9]
					}
				},
				"Tangan2": {
					"rotation": {
						"0.0": [0, 0, 0],
						"0.25": [7.5, 0, -7.5],
						"1.25": [7.5, 0, -7.5],
						"1.5": [0, 0, 0]
					}
				},
				"bone5": {
					"rotation": {
						"0.0": [0, 0, 0],
						"0.25": [-25, 0, 0],
						"1.25": [-25, 0, 0],
						"1.5": [0, 0, 0]
					}
				},
				"bone6": {
					"rotation": [0, 0, 0]
				}
			}
		},
		"animation.tca.attack": {
			"animation_length": 1,
			"bones": {
				"Pinggul": {
					"rotation": {
						"0.0": [0, 0, 0],
						"0.25": [0, 12.5, 0],
						"0.75": [0, 12.5, 0],
						"1.0": [0, 0, 0]
					},
					"position": {
						"0.0": [0, 0, 0],
						"0.25": [0, -5, 0],
						"0.75": [0, -5, 0],
						"1.0": [0, 0, 0]
					}
				},
				"Kaki": {
					"rotation": {
						"0.0": [0, 0, 0],
						"0.25": [20, 0, 0],
						"0.75": [20, 0, 0],
						"1.0": [0, 0, 0]
					}
				},
				"bone": {
					"rotation": {
						"0.0": [0, 0, 0],
						"0.25": [17.5, 0, 0],
						"0.75": [17.5, 0, 0],
						"1.0": [0, 0, 0]
					}
				},
				"Kaki2": {
					"rotation": {
						"0.0": [0, 0, 0],
						"0.25": [-22.5, 0, 0],
						"0.5": [-22.5, 0, 0],
						"0.7083": [-35, 0, 0],
						"0.8333": [-35, 0, 0],
						"1.0": [0, 0, 0]
					}
				},
				"Kaki3": {
					"rotation": {
						"0.0": [0, 0, 0],
						"0.25": [17.5, 0, 0],
						"0.5": [57.5, 0, 0],
						"0.7083": [-10, 0, 0],
						"0.8333": [-10, 0, 0],
						"1.0": [0, 0, 0]
					}
				},
				"Body": {
					"rotation": {
						"0.0": [0, 0, 0],
						"0.25": [26.78135, 20.29348, 9.92926],
						"0.4167": [26.78135, 20.29348, 9.92926],
						"0.6667": [12.58377, -4.53051, -2.11751],
						"1.0": [0, 0, 0]
					}
				},
				"Tangan4": {
					"rotation": {
						"0.0": [0, 0, 0],
						"0.25": [-150, 87.5, -97.5],
						"0.4167": [-150, 87.5, -97.5],
						"0.5417": [-88.73104, -17.7173, 11.81101],
						"0.75": [-103.36215, -33.69903, 36.7251],
						"1.0": [0, 0, 0]
					}
				},
				"bone9": {
					"rotation": {
						"0.0": [0, 0, 0],
						"0.25": [0, 0, -85],
						"0.375": [0, 0, -85],
						"0.5": [0, 0, -2.5],
						"0.75": [0, 0, -37.5],
						"1.0": [0, 0, 0]
					}
				},
				"Jar": {
					"rotation": {
						"0.125": [0, 0, 0],
						"0.375": [0, 0, -92.5]
					}
				},
				"Jar2": {
					"rotation": {
						"0.125": [0, 0, 0],
						"0.375": [0, 0, -87.5]
					}
				},
				"Jar4": {
					"rotation": {
						"0.125": [0, 0, -2.5],
						"0.375": [0, 0, -92.5]
					}
				},
				"Jar3": {
					"rotation": {
						"0.125": [0, 0, 0],
						"0.375": [0, 0, -92.5]
					}
				},
				"Tangan2": {
					"rotation": {
						"0.0": [0, 0, 0],
						"0.25": [18.88172, 6.71771, -18.88172],
						"0.5": [18.88172, 6.71771, -18.88172],
						"0.75": [41.38172, 6.71771, -18.88172],
						"1.0": [0, 0, 0]
					}
				},
				"bone5": {
					"rotation": {
						"0.0": [0, 0, 0],
						"0.25": [-60, 0, 0],
						"1.0": [0, 0, 0]
					}
				}
			}
		},
		"animation.tca.look_at_target_default": {
			"loop": true,
			"animation_length": 30,
			"bones": {
				"Pinggul": {
					"position": {
						"0.0": [-1, 0, 0],
						"1.0": [-1, 0, 0],
						"2.0": [-1, -3, 0],
						"22.0": [-1, -3, 0],
						"24.0": [-1, 0, 0]
					}
				},
				"Kaki": {
					"rotation": {
						"1.0": [0, 0, 0],
						"2.0": [-20, 0, 0],
						"22.0": [-20, 0, 0],
						"24.0": [0, 0, 0]
					}
				},
				"bone": {
					"rotation": {
						"1.0": [0, 0, 0],
						"2.0": [10, 0, 0],
						"20.0": [10, 0, 0],
						"22.0": [10, 0, 0],
						"24.0": [0, 0, 0]
					}
				},
				"Kaki2": {
					"rotation": {
						"1.0": [0, 0, 0],
						"2.0": [17.5, 0, 0],
						"22.0": [17.5, 0, 0],
						"24.0": [0, 0, 0]
					}
				},
				"Body": {
					"rotation": {
						"0.0": [5, 0, 0],
						"1.0": [5, 0, 0],
						"1.75": [20, 0, 0],
						"22.0": [20, 0, 0],
						"24.0": [5, 0, 0]
					}
				},
				"bone9": {
					"rotation": {
						"0.0": [-7.5, 0, 0],
						"1.0": [-7.5, 0, 0],
						"2.0": [-37.5, 0, 0],
						"22.0": [-37.5, 0, 0],
						"24.0": [-7.5, 0, 0],
						"25.0": [-2.5, 0, 0]
					}
				},
				"Tangan2": {
					"rotation": {
						"0.0": [0, 0, 0],
						"0.5": [-121.18939, 15.09492, -8.95891],
						"1.0": [-233.73077, -27.56951, 12.57616],
						"2.0": [-40, 15, 0],
						"20.5": [-40, 15, 0],
						"22.5": [-233.73077, -27.56951, 12.57616],
						"24.0": [0, 0, 0],
						"25.0": [-2.51123, -0.11279, 0.20565]
					}
				},
				"bone5": {
					"rotation": {
						"0.0": [0, 0, 0],
						"1.0": [-97.5, 0, 0],
						"2.0": [-59.55435, 33.48545, 17.96717],
						"22.0": [-59.55435, 33.48545, 17.96717],
						"24.0": [0, 0, 0],
						"25.0": [-2.5, 0, 0]
					}
				},
				"Tameng": {
					"rotation": {
						"1.0": [0, 0, 0],
						"1.25": [2.5, 0, 0],
						"1.5": [40, 0, 0],
						"2.0": [165.00852, -0.16835, -0.23112],
						"20.5": [165.00852, -0.16835, -0.23112],
						"22.5": [0, 0, 0]
					},
					"position": {
						"1.0": [0, 0, 0],
						"1.25": [16.5, 53.5, 6.5],
						"1.5": [33, 61, -39],
						"1.75": [16, 45.5, -80],
						"1.9167": [4.67, 5.83, -84.67],
						"2.0": [7, -16, -77],
						"20.5": [7, -16, -77],
						"20.75": [6.61, 13.89, -81.72],
						"21.25": [5.83, 57.79708, -71.49852],
						"21.5": [5.06, 75.54754, -44.18384],
						"21.75": [4.28, 78.25415, -22.34603],
						"22.0": [2.85, 67.62846, 2.0801],
						"22.25": [2.14, 55.27061, 11.73155],
						"22.5": [0, 0, 0]
					},
					"scale": {
						"1.2083": [1, 1, 1],
						"1.75": [1, 1.4, 1],
						"20.5": [1, 1.4, 1],
						"22.5": [1, 1, 1]
					}
				},
				"Tangan4": {
					"rotation": {
						"1.0": [0, 0, 0],
						"2.0": [7.5, 0, 0],
						"22.0": [7.5, 0, 0],
						"24.0": [0, 0, 0],
						"25.0": [-2.5, 0, 0]
					}
				},
				"Jar7": {
					"rotation": {
						"0.0": [0, 0, 0],
						"0.5": [0, 0, 80]
					}
				},
				"Jar8": {
					"rotation": {
						"0.0": [0, 0, 0],
						"0.5": [0, 0, 80]
					}
				},
				"Jar9": {
					"rotation": {
						"0.0": [0, 0, 0],
						"0.5": [0, 0, 52.5]
					}
				},
				"Jar12": {
					"rotation": {
						"0.0": [0, 0, 0],
						"0.5": [0, 0, 82.5]
					}
				}
			}
		}
	}
}