{
	"format_version": "1.8.0",
	"animations": {
		"animation.tv.bow_and_arrow": {
			"loop": true,
			"animation_length": 5,
			"bones": {
				"bone6": {
					"position": {
						"0.9583": [0, 0, 0],
						"1.0": [0, 0, -3],
						"4.5": [0, 0, -1],
						"4.5417": [0, 0, 1]
					}
				},
				"bone7": {
					"position": {
						"0.0": [0, 0, 0],
						"0.9583": [0, 0, 0],
						"1.0": [0, 0, 2],
						"4.5417": [0, 0, 0]
					}
				},
				"Sinar5": {
					"position": {
						"1.0": [0, 0, 0],
						"1.0417": [0, 0, -2],
						"4.5": [0, 0, -131],
						"4.75": [0, 0, -182]
					},
					"scale": {
						"1.0": [1, 1, 0.7],
						"2.75": [1, 2.7, 1.8],
						"4.5": [1, 2.7, 2],
						"4.75": [1, 2.7, 0.1]
					}
				},
				"Sinar": {
					"rotation": [0, 10, 0],
					"position": {
						"1.0417": [0, 0, 0],
						"1.125": [-10, 0, -19],
						"2.75": [-11, 0, -25]
					}
				},
				"Sinar4": {
					"rotation": [0, -7.5, 0],
					"position": {
						"1.0": [0, 0, -1],
						"1.0833": [4, 0, -31],
						"2.75": [6, 0, -42],
						"4.0": [6, 0, -73]
					}
				},
				"Sinar3": {
					"rotation": [0, -202.5, 0],
					"position": {
						"1.0417": [0, 0, 0],
						"1.2083": [6, 0, -12],
						"2.75": [14, 0, -27]
					}
				},
				"Sinar2": {
					"position": {
						"1.0417": [0, 0, 0],
						"1.125": [0, 0, -9],
						"4.5": [0, 0, 37]
					}
				},
				"LeftLeg": {
					"position": [0, -2, 0]
				},
				"Sinar6": {
					"position": {
						"1.125": [0, 0, 0],
						"1.25": [0, 0, -2],
						"4.5": [0, 0, -3],
						"4.75": [0, 0, -75]
					},
					"scale": {
						"1.0": [1, 1, 1],
						"4.5": [1, 2.7, 1.8],
						"4.75": [1, 2.7, 0]
					}
				},
				"Sinar7": {
					"position": {
						"1.125": [0, 0, 0],
						"1.2083": [11, -11, -14],
						"2.75": [11, -25, -37],
						"4.0": [11, -40, -65]
					},
					"scale": {
						"2.75": [1, 1, 1],
						"4.0": [-0.1, 1, 1]
					}
				},
				"Sinar8": {
					"position": {
						"1.5": [0, 0, 0],
						"2.0": [0, 11, -16],
						"2.75": [0, 26, -42],
						"4.7917": [0, 44, -82]
					}
				},
				"Sinar9": {
					"position": {
						"2.0": [0, 0, 0],
						"4.75": [0, 0, -17]
					}
				},
				"Sinar10": {
					"position": {
						"2.5417": [0, 0, 0],
						"4.75": [0, 3, -72]
					}
				},
				"Sinar11": {
					"position": {
						"0.0": [0, 0, 0],
						"2.25": [0, 0, 0.19],
						"2.75": [0, 0, -0.91],
						"2.7917": [0, 0, -1],
						"4.75": [0, 0, -1],
						"4.9583": [0, 0, -103.83],
						"5.0": [0, 0, -74]
					},
					"scale": {
						"2.75": [1, 1, 1],
						"4.75": [1, 2, 1.6],
						"5.0": [1, 2, 0]
					}
				},
				"Sinar12": {
					"position": {
						"2.7917": [0, 0, 0],
						"3.5": [0, 12, -26],
						"4.75": [0, 24, -54]
					}
				},
				"Sinar13": {
					"position": {
						"3.5": [0, 0, 0],
						"4.75": [0, 0, -47]
					}
				},
				"Sinar14": {
					"position": {
						"3.9167": [0, 0, 0],
						"4.75": [0, -29, -63]
					}
				},
				"Sinar15": {
					"position": {
						"4.125": [0, 0, 0],
						"4.75": [0, -7, -30]
					}
				},
				"Sinar16": {
					"position": {
						"1.0": [0, 0, 0],
						"1.0833": [0, 0, -1]
					}
				},
				"bone8": {
					"position": {
						"4.4583": [0, 0, 0],
						"4.5417": [0, 0, -156],
						"4.5833": [0, 0, -172]
					},
					"scale": {
						"0.9583": [1, 1, 1],
						"1.0": [1, 1, 50.2488],
						"4.4583": [1.2929, 1.2929, 56.2076],
						"4.5417": [1.3, 1.3, -0.0512]
					}
				},
				"bone10": {
					"rotation": {
						"0.9583": [0, -10, 0],
						"1.0": [-4.99523, -0.0095, -0.21782]
					},
					"position": {
						"4.4583": [0, 0, 0],
						"4.5417": [0, 10, -156]
					},
					"scale": {
						"0.9583": [1, 1, 1],
						"1.0": [1, 1, 50.2],
						"4.4583": [1, 1, 56.1],
						"4.5417": [1, 1, 0]
					}
				},
				"bone11": {
					"rotation": {
						"0.9583": [0, 0, 0],
						"1.0": [-2.5, 0, 0]
					},
					"position": {
						"4.4583": [0, 0, 0],
						"4.5417": [0, 6, -155]
					},
					"scale": {
						"0.9583": [1, 1, 1],
						"1.0": [1, 1, 50.3],
						"4.4583": [1, 1, 55.7],
						"4.5417": [1, 1, 0.2],
						"4.5833": [1, 1, 0]
					}
				},
				"bone9": {
					"rotation": {
						"0.9583": [0, 0, 0],
						"1.0": [2.5, 0, 0]
					},
					"position": {
						"4.4583": [0, 0, 0],
						"4.5417": [0, -6, -155]
					},
					"scale": {
						"0.9583": [1, 1, 1],
						"1.0": [1, 1, 50],
						"4.4583": [1, 1, 55.7],
						"4.5417": [1, 1, 0.1]
					}
				},
				"bone12": {
					"rotation": {
						"0.9583": [0, 0, 0],
						"1.0": [5, 0, 0]
					},
					"position": {
						"4.5": [0, 0, 0],
						"4.5417": [0, 0, -60]
					},
					"scale": {
						"0.9583": [1, 1, 1],
						"1.0": [1, 1, 50.2],
						"4.5": [1, 1, 53.7],
						"4.5417": [1, 1, 0.6]
					}
				},
				"Lampu": {
					"scale": {
						"0.9583": [0.1, 0, 0],
						"1.0": [3.9, 8.2, 58.1],
						"4.5417": [3.9, 8.2, 58.1],
						"4.5833": [0.1, 0, 0]
					}
				}
			}
		},
		"animation.tv.walk": {
			"loop": true,
			"animation_length": 2,
			"bones": {
				"Tangan2": {
					"rotation": {
						"0.0": [-10, 0, 0],
						"1.0": [12.37134, 1.80033, 0.09824],
						"2.0": [-10, 0, 0]
					}
				},
				"Tangan": {
					"rotation": {
						"0.0": [10, 0, 0],
						"1.0": [-10, 0, 0],
						"2.0": [10, 0, 0]
					}
				},
				"RightLeg": {
					"rotation": {
						"0.0": [22.5, 0, 0],
						"0.7917": [-42.08, 0, 0],
						"1.0": [-25.23469, -1.61959, -2.31839],
						"2.0": [22.5, 0, 0]
					}
				},
				"bone3": {
					"rotation": {
						"0.0": [12.5, 0, 0],
						"0.7917": [45, 0, 0],
						"1.0": [5, 0, 0],
						"2.0": [12.5, 0, 0]
					}
				},
				"Head": {
					"rotation": {
						"0.0": [7.5, 0, 0],
						"1.0": [2.5, 0, 0],
						"2.0": [7.5, 0, 0]
					}
				},
				"LeftLeg": {
					"rotation": {
						"0.0": [-17.5, 0, 0],
						"1.0": [17.5, 0, 0],
						"1.7917": [-37.5, 0, 0],
						"2.0": [-17.5, 0, 0]
					}
				},
				"bone4": {
					"rotation": {
						"0.0": [0.03829, 0.44948, 0.713],
						"1.0": [12.5, 0, 0],
						"1.7917": [37.5, 0, 0],
						"2.0": [0.03829, 0.44948, 0.713]
					}
				},
				"bone": {
					"rotation": {
						"0.0": [-17.5, 0, 0],
						"1.0": [12.5, 0, 0],
						"1.5": [12.5, 0, 0],
						"2.0": [-17.5, 0, 0]
					}
				},
				"bone2": {
					"rotation": {
						"0.0": [17.5, 0, 0],
						"0.5": [18.75, 0, 0],
						"1.0": [-10, 0, 0],
						"2.0": [17.5, 0, 0]
					}
				},
				"Body": {
					"position": {
						"0.0": [0, -1, 0],
						"0.5": [0, 0, 0],
						"1.0": [0, -1, 0],
						"1.5": [0, 0, 0],
						"2.0": [0, -1, 0]
					}
				}
			}
		},
		"animation.tv.bob": {
			"loop": true,
			"animation_length": 2,
			"bones": {
				"bone5": {
					"rotation": {
						"0.0": [5, 0, 0],
						"1.0": [5, 0, 0],
						"2.0": [5, 0, 0]
					}
				},
				"Tangan2": {
					"rotation": {
						"0.0": [3.3151, -0.19067, 6.87773],
						"1.0": [3.32025, -0.04597, 4.38192],
						"2.0": [3.3151, -0.19067, 6.87773]
					}
				},
				"Tangan": {
					"rotation": {
						"0.0": [2.51889, -0.21658, -4.97626],
						"1.0": [2.50706, -0.32621, -2.47864],
						"2.0": [2.51889, -0.21658, -4.97626]
					}
				},
				"bone": {
					"rotation": [-12.5, 0, 0]
				},
				"bone2": {
					"rotation": [-17.5, 0, 0]
				},
				"Head": {
					"position": [0, -1, -1]
				},
				"Lampu": {
					"scale": [0.2, 0.1, 0.1]
				}
			}
		}
	}
}