{
  "format_version": "1.8.0",
  "animations": {
    "animation.endermite.move": {
      "loop": true,
      "bones": {
        "section_0": {
          "position": [
            "(math.cos(-query.life_time * 928.26) * 1.26) - this",
            0,
            0
          ],
          "rotation": [
            0,
            "(math.cos(query.life_time * 928.26) * 26.9) - this",
            0
          ]
        },
        "section_1": {
          "position": [
            "(math.sin(query.life_time * 928.26) * 0.63) - this",
            0,
            0
          ],
          "rotation": [
            0,
            "(math.cos(query.life_time * 928.26) * 16) - this",
            0
          ]
        },
        "section_2": {
          "position": [
            0,
            0,
            0
          ],
          "rotation": [
            0,
            "(math.cos(query.life_time * 928.26) * 9.17) - this",
            0
          ]
        },
        "section_3": {
          "position": [
            "(math.cos(query.life_time * 928.26) * 0.8) - this",
            0,
            0
          ]
        }
      }
    },
    "animation.sb_many_head_skibidi_toilet.st": {
      "loop": true,
      "animation_length": 0.875,
      "bones": {
        "bone": {
          "rotation": {
            "0.0": [
              0,
              -2.5,
              0
            ],
            "0.25": [
              0,
              2.5,
              0
            ],
            "0.4583": [
              0,
              -2.5,
              0
            ],
            "0.6667": [
              0,
              2.5,
              0
            ],
            "0.875": [
              0,
              -2.5,
              0
            ]
          }
        },
        "bone3": {
          "rotation": {
            "0.0": [
              4.99762,
              0.10901,
              -2.49762
            ],
            "0.2083": [
              0.00238,
              0.10901,
              0.00238
            ],
            "0.4167": [
              4.99762,
              -0.10901,
              2.49762
            ],
            "0.6667": [
              0.00238,
              -0.10901,
              -0.00238
            ],
            "0.875": [
              4.99762,
              0.10901,
              -2.49762
            ]
          },
          "position": {
            "0.0": [
              0,
              1,
              0
            ],
            "0.2083": [
              0,
              0,
              0
            ],
            "0.4167": [
              0,
              1,
              0
            ],
            "0.6667": [
              0,
              0,
              0
            ],
            "0.875": [
              0,
              1,
              0
            ]
          },
          "scale": {
            "0.0": [
              1,
              1.2,
              1
            ],
            "0.2083": [
              1,
              1,
              1
            ],
            "0.4167": [
              1,
              1.2,
              1
            ],
            "0.6667": [
              1,
              1,
              1
            ],
            "0.875": [
              1,
              1.2,
              1
            ]
          }
        }
      }
    },
    "animation.sb_many_head_skibidi_toilet.run": {
      "loop": true,
      "animation_length": 0.5,
      "bones": {
        "bone": {
          "rotation": {
            "0.0": [
              0,
              10,
              0
            ],
            "0.25": [
              0,
              -10,
              0
            ],
            "0.5": [
              0,
              10,
              0
            ]
          },
          "position": {
            "0.0": [
              0,
              1,
              0
            ],
            "0.125": [
              0,
              0,
              0
            ],
            "0.25": [
              0,
              1,
              0
            ],
            "0.375": [
              0,
              0,
              0
            ],
            "0.5": [
              0,
              1,
              0
            ]
          }
        },
        "bone5": {
          "rotation": {
            "0.0": [
              -0.51242,
              7.11154,
              -4.11373
            ],
            "0.125": [
              -2.91819,
              1.85522,
              5.75882
            ],
            "0.25": [
              -2.35923,
              -0.30777,
              -5.20001
            ],
            "0.375": [
              -2.91819,
              1.85522,
              5.75882
            ],
            "0.5": [
              -0.51242,
              7.11154,
              -4.11373
            ]
          },
          "scale": {
            "0.0": [
              1,
              1.1,
              1
            ],
            "0.125": [
              1,
              1.2,
              1
            ],
            "0.25": [
              1,
              1.1,
              1
            ],
            "0.375": [
              1,
              1.2,
              1
            ],
            "0.5": [
              1,
              1.1,
              1
            ]
          }
        },
        "bone6": {
          "rotation": {
            "0.0": [
              -0.51242,
              -7.11154,
              4.11373
            ],
            "0.125": [
              -2.91819,
              -1.85522,
              -5.75882
            ],
            "0.25": [
              -2.35923,
              0.30777,
              5.20001
            ],
            "0.375": [
              -2.91819,
              -1.85522,
              -5.75882
            ],
            "0.5": [
              -0.51242,
              -7.11154,
              4.11373
            ]
          },
          "scale": {
            "0.0": [
              1,
              1.1,
              1
            ],
            "0.125": [
              1,
              1.2,
              1
            ],
            "0.25": [
              1,
              1.1,
              1
            ],
            "0.375": [
              1,
              1.2,
              1
            ],
            "0.5": [
              1,
              1.1,
              1
            ]
          }
        },
        "bone8": {
          "rotation": {
            "0.0": [
              -0.51242,
              7.11154,
              -4.11373
            ],
            "0.125": [
              -2.91819,
              1.85522,
              5.75882
            ],
            "0.25": [
              -2.35923,
              -0.30777,
              -5.20001
            ],
            "0.375": [
              -2.91819,
              1.85522,
              5.75882
            ],
            "0.5": [
              -0.51242,
              7.11154,
              -4.11373
            ]
          },
          "scale": {
            "0.0": [
              1,
              1.1,
              1
            ],
            "0.125": [
              1,
              1.2,
              1
            ],
            "0.25": [
              1,
              1.1,
              1
            ],
            "0.375": [
              1,
              1.2,
              1
            ],
            "0.5": [
              1,
              1.1,
              1
            ]
          }
        },
        "bone7": {
          "rotation": {
            "0.0": [
              -0.51242,
              -7.11154,
              4.11373
            ],
            "0.125": [
              -2.91819,
              -1.85522,
              -5.75882
            ],
            "0.25": [
              -2.35923,
              0.30777,
              5.20001
            ],
            "0.375": [
              -2.91819,
              -1.85522,
              -5.75882
            ],
            "0.5": [
              -0.51242,
              -7.11154,
              4.11373
            ]
          },
          "scale": {
            "0.0": [
              1,
              1.1,
              1
            ],
            "0.125": [
              1,
              1.2,
              1
            ],
            "0.25": [
              1,
              1.1,
              1
            ],
            "0.375": [
              1,
              1.2,
              1
            ],
            "0.5": [
              1,
              1.1,
              1
            ]
          }
        },
        "bone9": {
          "rotation": {
            "0.0": [
              0,
              0,
              2.5
            ],
            "0.25": [
              0,
              0,
              -7.5
            ],
            "0.5": [
              0,
              0,
              2.5
            ]
          }
        },
        "bone10": {
          "rotation": {
            "0.0": [
              0,
              0,
              7.5
            ],
            "0.25": [
              0,
              0,
              -2.5
            ],
            "0.5": [
              0,
              0,
              7.5
            ]
          }
        },
        "bone11": {
          "rotation": {
            "0.0": [
              -0.51242,
              7.11154,
              -4.11373
            ],
            "0.125": [
              -2.91819,
              1.85522,
              5.75882
            ],
            "0.25": [
              -2.35923,
              -0.30777,
              -5.20001
            ],
            "0.375": [
              -2.91819,
              1.85522,
              5.75882
            ],
            "0.5": [
              -0.51242,
              7.11154,
              -4.11373
            ]
          },
          "scale": {
            "0.0": [
              1,
              1.1,
              1
            ],
            "0.125": [
              1,
              1.2,
              1
            ],
            "0.25": [
              1,
              1.1,
              1
            ],
            "0.375": [
              1,
              1.2,
              1
            ],
            "0.5": [
              1,
              1.1,
              1
            ]
          }
        },
        "bone12": {
          "rotation": {
            "0.0": [
              0,
              0,
              -5
            ],
            "0.25": [
              0,
              0,
              5
            ],
            "0.5": [
              0,
              0,
              -5
            ]
          }
        },
        "bone15": {
          "rotation": {
            "0.0": [
              10.53573,
              29.38781,
              -33.83839
            ],
            "0.1667": [
              40.74211,
              -4.67373,
              8.29072
            ],
            "0.3333": [
              48.85973,
              -11.75621,
              -10.51878
            ],
            "0.5": [
              10.53573,
              29.38781,
              -33.83839
            ]
          }
        },
        "bone16": {
          "rotation": {
            "0.0": [
              0,
              0,
              -12.5
            ],
            "0.25": [
              0,
              0,
              10
            ],
            "0.5": [
              0,
              0,
              -12.5
            ]
          }
        },
        "bone17": {
          "rotation": {
            "0.0": [
              -12.5,
              0,
              0
            ],
            "0.25": [
              0,
              0,
              0
            ],
            "0.5": [
              -12.5,
              0,
              0
            ]
          }
        },
        "bone18": {
          "rotation": {
            "0.0": [
              -45,
              0,
              0
            ],
            "0.25": [
              30,
              0,
              0
            ],
            "0.5": [
              -45,
              0,
              0
            ]
          }
        },
        "bone13": {
          "rotation": {
            "0.0": [
              10.53573,
              29.38781,
              -33.83839
            ],
            "0.1667": [
              40.74211,
              -4.67373,
              8.29072
            ],
            "0.3333": [
              48.85973,
              -11.75621,
              -10.51878
            ],
            "0.5": [
              10.53573,
              29.38781,
              -33.83839
            ]
          }
        },
        "bone14": {
          "rotation": {
            "0.0": [
              0,
              0,
              12.5
            ],
            "0.25": [
              0,
              0,
              -10
            ],
            "0.5": [
              0,
              0,
              12.5
            ]
          }
        }
      }
    }
  }
}