{
  "format_version": "1.8.0",
  "animations": {
    "animation.endermite.move": {
      "loop": true,
      "bones": {
        "section_0": {
          "position": [
            "(math.cos(-query.life_time * 928.26) * 1.26) - this",
            0,
            0
          ],
          "rotation": [
            0,
            "(math.cos(query.life_time * 928.26) * 26.9) - this",
            0
          ]
        },
        "section_1": {
          "position": [
            "(math.sin(query.life_time * 928.26) * 0.63) - this",
            0,
            0
          ],
          "rotation": [
            0,
            "(math.cos(query.life_time * 928.26) * 16) - this",
            0
          ]
        },
        "section_2": {
          "position": [
            0,
            0,
            0
          ],
          "rotation": [
            0,
            "(math.cos(query.life_time * 928.26) * 9.17) - this",
            0
          ]
        },
        "section_3": {
          "position": [
            "(math.cos(query.life_time * 928.26) * 0.8) - this",
            0,
            0
          ]
        }
      }
    },
    "animation.sb_skibidi_toilet.st": {
      "loop": true,
      "animation_length": 0.875,
      "bones": {
        "bone": {
          "rotation": {
            "0.0": [
              0,
              -2.5,
              0
            ],
            "0.25": [
              0,
              2.5,
              0
            ],
            "0.4583": [
              0,
              -2.5,
              0
            ],
            "0.6667": [
              0,
              2.5,
              0
            ],
            "0.875": [
              0,
              -2.5,
              0
            ]
          }
        },
        "bone3": {
          "rotation": {
            "0.0": [
              4.99762,
              0.10901,
              -2.49762
            ],
            "0.2083": [
              0.00238,
              0.10901,
              0.00238
            ],
            "0.4167": [
              4.99762,
              -0.10901,
              2.49762
            ],
            "0.6667": [
              0.00238,
              -0.10901,
              -0.00238
            ],
            "0.875": [
              4.99762,
              0.10901,
              -2.49762
            ]
          },
          "position": {
            "0.0": [
              0,
              1,
              0
            ],
            "0.2083": [
              0,
              0,
              0
            ],
            "0.4167": [
              0,
              1,
              0
            ],
            "0.6667": [
              0,
              0,
              0
            ],
            "0.875": [
              0,
              1,
              0
            ]
          },
          "scale": {
            "0.0": [
              1,
              1.2,
              1
            ],
            "0.2083": [
              1,
              1,
              1
            ],
            "0.4167": [
              1,
              1.2,
              1
            ],
            "0.6667": [
              1,
              1,
              1
            ],
            "0.875": [
              1,
              1.2,
              1
            ]
          }
        }
      }
    }
  }
}