{
  "format_version": "1.10.0",
  "render_controllers": {
    "controller.render.dio": {
      "geometry": "Geometry.dio",
      "textures": [
        "Texture.dio"
      ],
      "materials": [
        {
          "*": "Material.default"
        }
      ]
    },
    "controller.render.diooutline": {
      "geometry": "Geometry.diooutline",
      "textures": [
        "Texture.black"
      ],
      "materials": [
        {
          "*": "Material.haki"
        }
      ]
    },
    "controller.render.diooutline2": {
      "geometry": "Geometry.diooutline2",
      "textures": [
        "Texture.black"
      ], 
      "materials": [
        {
          "*": "Material.haki"
        }
      ]
    }
  }
} 