{
   "format_version": "1.10.0",
   "minecraft:attachable": {
      "description": {
         "identifier": "dbe:demonclan2_chestplate",
         "materials": {
            "default": "armor",
            "enchanted": "armor_enchanted"
         },
         "textures": {
            "default": "textures/models/armor/demonclan2_clothes",
            "enchanted": "textures/misc/enchanted_item_glint"
         },
         "geometry": {
            "default": "geometry.dragon_evolution_armor.chestplate"
         },
         "scripts": {
            "parent_setup": "v.chest_layer_visible = 0.0;"
         },
         "render_controllers": [
            "controller.render.armor"
         ]
      }
   }
}