{
   "format_version": "1.10.0",
   "minecraft:attachable": {
      "description": {
         "identifier": "dbe:demonclan_boots.player",
         "item": {
            "dbe:demonclan_boots": "q.owner_identifier == 'minecraft:player'"
         },
         "materials": {
            "default": "armor",
            "enchanted": "armor_enchanted"
         },
         "textures": {
            "default": "textures/models/armor/demonclan_clothes",
            "enchanted": "textures/misc/enchanted_item_glint"
         },
         "geometry": {
            "default": "geometry.dragon_evolution_armor.boots"
         },
         "scripts": {
            "parent_setup": "v.boot_layer_visible = 0.0;"
         },
         "render_controllers": [
            "controller.render.armor"
         ]
      }
   }
}