{
	"format_version": "1.8.0",
	"animations": {
		"animation.sj_titan.summon6": {
			"animation_length": 3.28,
			"bones": {
				"bone2": {
					"rotation": [0, 0, 0],
					"position": [0, 0, 0]
				},
				"bone20": {
					"rotation": {
						"0.0": {
							"post": [0, 0, 0],
							"lerp_mode": "catmullrom"
						},
						"0.52": {
							"post": [-15, 0, 0],
							"lerp_mode": "catmullrom"
						},
						"1.0": {
							"post": [0, -17.5, 0],
							"lerp_mode": "catmullrom"
						},
						"3.0": {
							"post": [0, -17.5, 0],
							"lerp_mode": "catmullrom"
						},
						"3.28": [0, 0, 0]
					}
				},
				"bone21": {
					"rotation": {
						"0.0": {
							"post": [0, 0, 0],
							"lerp_mode": "catmullrom"
						},
						"0.52": {
							"post": [-25, 0, 0],
							"lerp_mode": "catmullrom"
						},
						"1.0": {
							"post": [0, -45, 0],
							"lerp_mode": "catmullrom"
						},
						"3.0": {
							"post": [0, -45, 0],
							"lerp_mode": "catmullrom"
						},
						"3.28": [0, 0, 0]
					}
				},
				"bone22": {
					"rotation": {
						"0.0": {
							"post": [0, 0, 0],
							"lerp_mode": "catmullrom"
						},
						"0.52": {
							"post": [-47.5, -47.5, -17.5],
							"lerp_mode": "catmullrom"
						},
						"1.0": {
							"post": [-45, 65, -42.5],
							"lerp_mode": "catmullrom"
						},
						"3.0": {
							"post": [-45, 65, -42.5],
							"lerp_mode": "catmullrom"
						},
						"3.28": [0, 0, 0]
					}
				},
				"bone23": {
					"rotation": {
						"0.0": {
							"post": [0, 0, 0],
							"lerp_mode": "catmullrom"
						},
						"0.52": {
							"post": [-55, 0, 0],
							"lerp_mode": "catmullrom"
						},
						"1.0": {
							"post": [-85, -12.5, 0],
							"lerp_mode": "catmullrom"
						},
						"1.04": {
							"post": [-100, -12.5, 0],
							"lerp_mode": "catmullrom"
						},
						"1.08": {
							"post": [-55, -12.5, 0],
							"lerp_mode": "catmullrom"
						},
						"1.12": {
							"post": [-100, -12.5, 0],
							"lerp_mode": "catmullrom"
						},
						"1.16": {
							"post": [-55, -12.5, 0],
							"lerp_mode": "catmullrom"
						},
						"1.2": {
							"post": [-100, -12.5, 0],
							"lerp_mode": "catmullrom"
						},
						"1.24": {
							"post": [-55, -12.5, 0],
							"lerp_mode": "catmullrom"
						},
						"1.28": {
							"post": [-100, -12.5, 0],
							"lerp_mode": "catmullrom"
						},
						"1.32": {
							"post": [-55, -12.5, 0],
							"lerp_mode": "catmullrom"
						},
						"1.36": {
							"post": [-100, -12.5, 0],
							"lerp_mode": "catmullrom"
						},
						"1.4": {
							"post": [-55, -12.5, 0],
							"lerp_mode": "catmullrom"
						},
						"1.44": {
							"post": [-100, -12.5, 0],
							"lerp_mode": "catmullrom"
						},
						"1.48": {
							"post": [-55, -12.5, 0],
							"lerp_mode": "catmullrom"
						},
						"1.52": {
							"post": [-100, -12.5, 0],
							"lerp_mode": "catmullrom"
						},
						"1.56": {
							"post": [-55, -12.5, 0],
							"lerp_mode": "catmullrom"
						},
						"1.6": {
							"post": [-100, -12.5, 0],
							"lerp_mode": "catmullrom"
						},
						"1.64": {
							"post": [-55, -12.5, 0],
							"lerp_mode": "catmullrom"
						},
						"1.68": {
							"post": [-100, -12.5, 0],
							"lerp_mode": "catmullrom"
						},
						"1.72": {
							"post": [-55, -12.5, 0],
							"lerp_mode": "catmullrom"
						},
						"1.76": {
							"post": [-100, -12.5, 0],
							"lerp_mode": "catmullrom"
						},
						"1.8": {
							"post": [-55, -12.5, 0],
							"lerp_mode": "catmullrom"
						},
						"1.84": {
							"post": [-100, -12.5, 0],
							"lerp_mode": "catmullrom"
						},
						"1.88": {
							"post": [-55, -12.5, 0],
							"lerp_mode": "catmullrom"
						},
						"1.92": {
							"post": [-100, -12.5, 0],
							"lerp_mode": "catmullrom"
						},
						"1.96": {
							"post": [-55, -12.5, 0],
							"lerp_mode": "catmullrom"
						},
						"2.0": {
							"post": [-100, -12.5, 0],
							"lerp_mode": "catmullrom"
						},
						"2.04": {
							"post": [-55, -12.5, 0],
							"lerp_mode": "catmullrom"
						},
						"2.08": {
							"post": [-100, -12.5, 0],
							"lerp_mode": "catmullrom"
						},
						"2.12": {
							"post": [-55, -12.5, 0],
							"lerp_mode": "catmullrom"
						},
						"2.16": {
							"post": [-100, -12.5, 0],
							"lerp_mode": "catmullrom"
						},
						"2.2": {
							"post": [-55, -12.5, 0],
							"lerp_mode": "catmullrom"
						},
						"2.24": {
							"post": [-100, -12.5, 0],
							"lerp_mode": "catmullrom"
						},
						"2.28": {
							"post": [-55, -12.5, 0],
							"lerp_mode": "catmullrom"
						},
						"2.32": {
							"post": [-100, -12.5, 0],
							"lerp_mode": "catmullrom"
						},
						"2.36": {
							"post": [-55, -12.5, 0],
							"lerp_mode": "catmullrom"
						},
						"2.4": {
							"post": [-100, -12.5, 0],
							"lerp_mode": "catmullrom"
						},
						"2.44": {
							"post": [-55, -12.5, 0],
							"lerp_mode": "catmullrom"
						},
						"2.48": {
							"post": [-100, -12.5, 0],
							"lerp_mode": "catmullrom"
						},
						"2.52": {
							"post": [-55, -12.5, 0],
							"lerp_mode": "catmullrom"
						},
						"2.56": {
							"post": [-100, -12.5, 0],
							"lerp_mode": "catmullrom"
						},
						"2.6": {
							"post": [-55, -12.5, 0],
							"lerp_mode": "catmullrom"
						},
						"2.64": {
							"post": [-100, -12.5, 0],
							"lerp_mode": "catmullrom"
						},
						"2.68": {
							"post": [-55, -12.5, 0],
							"lerp_mode": "catmullrom"
						},
						"2.72": {
							"post": [-100, -12.5, 0],
							"lerp_mode": "catmullrom"
						},
						"2.76": {
							"post": [-55, -12.5, 0],
							"lerp_mode": "catmullrom"
						},
						"2.8": {
							"post": [-100, -12.5, 0],
							"lerp_mode": "catmullrom"
						},
						"2.84": {
							"post": [-55, -12.5, 0],
							"lerp_mode": "catmullrom"
						},
						"2.88": {
							"post": [-100, -12.5, 0],
							"lerp_mode": "catmullrom"
						},
						"2.92": {
							"post": [-55, -12.5, 0],
							"lerp_mode": "catmullrom"
						},
						"2.96": {
							"post": [-100, -12.5, 0],
							"lerp_mode": "catmullrom"
						},
						"3.0": {
							"post": [-55, -12.5, 0],
							"lerp_mode": "catmullrom"
						},
						"3.28": [0, 0, 0]
					}
				},
				"bone24": {
					"rotation": {
						"0.0": {
							"post": [0, 0, 0],
							"lerp_mode": "catmullrom"
						},
						"0.52": {
							"post": [-47.5, 47.5, 17.5],
							"lerp_mode": "catmullrom"
						},
						"1.0": {
							"post": [-22.5, 20, 0],
							"lerp_mode": "catmullrom"
						},
						"3.0": {
							"post": [-22.5, 20, 0],
							"lerp_mode": "catmullrom"
						},
						"3.28": [0, 0, 0]
					}
				},
				"bone25": {
					"rotation": {
						"0.0": {
							"post": [0, 0, 0],
							"lerp_mode": "catmullrom"
						},
						"0.52": {
							"post": [-55, 0, 0],
							"lerp_mode": "catmullrom"
						},
						"1.0": {
							"post": [-57.5, -42.5, -22.5],
							"lerp_mode": "catmullrom"
						},
						"3.0": {
							"post": [-57.5, -42.5, -22.5],
							"lerp_mode": "catmullrom"
						},
						"3.28": [0, 0, 0]
					}
				},
				"bone26": {
					"rotation": {
						"0.0": {
							"post": [0, 0, 0],
							"lerp_mode": "catmullrom"
						},
						"1.0": {
							"post": [0, 0, 87.5],
							"lerp_mode": "catmullrom"
						},
						"3.0": {
							"post": [0, 0, 87.5],
							"lerp_mode": "catmullrom"
						},
						"3.28": [0, 0, 0]
					},
					"position": {
						"0.0": {
							"post": [0, 0, 0],
							"lerp_mode": "catmullrom"
						},
						"0.52": [0, 0, 0],
						"1.0": {
							"post": [2, -2, 0],
							"lerp_mode": "catmullrom"
						},
						"3.0": {
							"post": [2, -2, 0],
							"lerp_mode": "catmullrom"
						},
						"3.28": [0, 0, 0]
					}
				},
				"head2": {
					"rotation": {
						"0.0": {
							"post": [0, 0, 0],
							"lerp_mode": "catmullrom"
						},
						"0.52": {
							"post": [-22.5, 0, 0],
							"lerp_mode": "catmullrom"
						},
						"1.0": {
							"post": [-25, 57.5, -32.5],
							"lerp_mode": "catmullrom"
						},
						"3.0": {
							"post": [-25, 57.5, -32.5],
							"lerp_mode": "catmullrom"
						},
						"3.28": [0, 0, 0]
					}
				}
			}
		},
		"animation.s_titan.summon6": {
			"animation_length": 4.68,
			"bones": {
				"bone": {
					"rotation": {
						"0.0": {
							"post": [0, 0, 0],
							"lerp_mode": "catmullrom"
						},
						"1.04": {
							"post": [0, 0, 0],
							"lerp_mode": "catmullrom"
						},
						"3.04": {
							"post": [0, 0, 0],
							"lerp_mode": "catmullrom"
						},
						"3.32": {
							"post": [0, 0, 0],
							"lerp_mode": "catmullrom"
						},
						"4.68": [0, 0, 0]
					},
					"position": {
						"0.0": {
							"post": [0, 0, 0],
							"lerp_mode": "catmullrom"
						},
						"0.52": {
							"post": [0, -2, -4],
							"lerp_mode": "catmullrom"
						},
						"1.04": {
							"post": [0, -1.5, 4],
							"lerp_mode": "catmullrom"
						},
						"3.04": {
							"post": [0, -1.5, 4],
							"lerp_mode": "catmullrom"
						},
						"3.32": {
							"post": [0, -1.5, 4],
							"lerp_mode": "catmullrom"
						},
						"4.68": [0, 0, 0]
					}
				},
				"bone2": {
					"rotation": {
						"0.0": {
							"post": [0, 0, 0],
							"lerp_mode": "catmullrom"
						},
						"0.52": {
							"post": [-20, 0, 0],
							"lerp_mode": "catmullrom"
						},
						"1.04": {
							"post": [0, -22.5, 0],
							"lerp_mode": "catmullrom"
						},
						"3.04": {
							"post": [-5, -22.5, 0],
							"lerp_mode": "catmullrom"
						},
						"3.32": {
							"post": [-10, -22.5, 0],
							"lerp_mode": "catmullrom"
						},
						"4.68": [0, 0, 0]
					}
				},
				"bone3": {
					"rotation": {
						"0.0": {
							"post": [0, 0, 0],
							"lerp_mode": "catmullrom"
						},
						"0.52": {
							"post": [-17.5, 0, 0],
							"lerp_mode": "catmullrom"
						},
						"1.04": {
							"post": [0, -22.5, 0],
							"lerp_mode": "catmullrom"
						},
						"3.04": {
							"post": [-5, -22.5, 0],
							"lerp_mode": "catmullrom"
						},
						"3.32": {
							"post": [-10, -22.5, 0],
							"lerp_mode": "catmullrom"
						},
						"4.68": [0, 0, 0]
					}
				},
				"bone8": {
					"rotation": {
						"0.0": {
							"post": [0, 0, 0],
							"lerp_mode": "catmullrom"
						},
						"0.52": {
							"post": [-45, 0, 0],
							"lerp_mode": "catmullrom"
						},
						"1.04": {
							"post": [-37.5, 32.5, 0],
							"lerp_mode": "catmullrom"
						},
						"3.04": {
							"post": [12.5, 32.5, -35],
							"lerp_mode": "catmullrom"
						},
						"3.32": {
							"post": [12.5, 32.5, -107.5],
							"lerp_mode": "catmullrom"
						},
						"4.68": [0, 0, 0]
					}
				},
				"bone9": {
					"rotation": {
						"0.0": {
							"post": [0, 0, 0],
							"lerp_mode": "catmullrom"
						},
						"0.52": {
							"post": [-62.5, 0, 0],
							"lerp_mode": "catmullrom"
						},
						"1.04": {
							"post": [-97.5, 0, 0],
							"lerp_mode": "catmullrom"
						},
						"3.04": {
							"post": [-155, 0, 0],
							"lerp_mode": "catmullrom"
						},
						"3.32": {
							"post": [-37.5, 0, 0],
							"lerp_mode": "catmullrom"
						},
						"4.68": [0, 0, 0]
					}
				},
				"bone10": {
					"rotation": {
						"0.0": {
							"post": [0, 0, 0],
							"lerp_mode": "catmullrom"
						},
						"0.52": {
							"post": [-37.5, 0, 0],
							"lerp_mode": "catmullrom"
						},
						"1.04": {
							"post": [-75, 0, 0],
							"lerp_mode": "catmullrom"
						},
						"3.04": {
							"post": [-75, 0, 0],
							"lerp_mode": "catmullrom"
						},
						"3.32": {
							"post": [-75, 10, 0],
							"lerp_mode": "catmullrom"
						},
						"4.68": [0, 0, 0]
					}
				},
				"bone11": {
					"rotation": {
						"0.0": {
							"post": [0, 0, 0],
							"lerp_mode": "catmullrom"
						},
						"0.52": {
							"post": [-67.5, 0, 0],
							"lerp_mode": "catmullrom"
						},
						"1.04": {
							"post": [-10, -17.5, -50],
							"lerp_mode": "catmullrom"
						},
						"3.04": {
							"post": [-10, -7.5, -50],
							"lerp_mode": "catmullrom"
						},
						"3.32": {
							"post": [-10, -7.5, -37.5],
							"lerp_mode": "catmullrom"
						},
						"4.68": [0, 0, 0]
					}
				},
				"bone12": {
					"rotation": {
						"0.0": {
							"post": [0, 0, 0],
							"lerp_mode": "catmullrom"
						},
						"0.52": {
							"post": [0, 0, 0],
							"lerp_mode": "catmullrom"
						},
						"1.04": {
							"post": [0, 0, 90],
							"lerp_mode": "catmullrom"
						},
						"3.04": {
							"post": [0, 0, 90],
							"lerp_mode": "catmullrom"
						},
						"3.32": {
							"post": [0, 0, 77.5],
							"lerp_mode": "catmullrom"
						},
						"4.68": [0, 0, 0]
					}
				},
				"head": {
					"rotation": {
						"0.0": {
							"post": [0, 0, 0],
							"lerp_mode": "catmullrom"
						},
						"0.52": {
							"post": [-25, 0, 0],
							"lerp_mode": "catmullrom"
						},
						"1.04": {
							"post": [-10, 42.5, -22.5],
							"lerp_mode": "catmullrom"
						},
						"3.04": {
							"post": [-2.5, 42.5, -22.5],
							"lerp_mode": "catmullrom"
						},
						"3.32": {
							"post": [-12.5, 42.5, -27.5],
							"lerp_mode": "catmullrom"
						},
						"4.68": [0, 0, 0]
					}
				},
				"bone4": {
					"rotation": {
						"0.0": {
							"post": [0, 0, 0],
							"lerp_mode": "catmullrom"
						},
						"0.52": {
							"post": [12.5, 0, 0],
							"lerp_mode": "catmullrom"
						},
						"1.04": {
							"post": [-35, 0, 0],
							"lerp_mode": "catmullrom"
						},
						"3.04": {
							"post": [-35, 0, 0],
							"lerp_mode": "catmullrom"
						},
						"3.32": {
							"post": [-35, 0, 0],
							"lerp_mode": "catmullrom"
						},
						"4.68": [0, 0, 0]
					}
				},
				"bone5": {
					"rotation": {
						"0.0": {
							"post": [0, 0, 0],
							"lerp_mode": "catmullrom"
						},
						"0.52": {
							"post": [25, 0, 0],
							"lerp_mode": "catmullrom"
						},
						"1.04": {
							"post": [35, 0, 0],
							"lerp_mode": "catmullrom"
						},
						"3.04": {
							"post": [35, 0, 0],
							"lerp_mode": "catmullrom"
						},
						"3.32": {
							"post": [35, 0, 0],
							"lerp_mode": "catmullrom"
						},
						"4.68": [0, 0, 0]
					}
				},
				"bone6": {
					"rotation": {
						"0.0": {
							"post": [0, 0, 0],
							"lerp_mode": "catmullrom"
						},
						"0.52": {
							"post": [-42.5, 0, 0],
							"lerp_mode": "catmullrom"
						},
						"1.04": {
							"post": [20, 0, 0],
							"lerp_mode": "catmullrom"
						},
						"3.04": {
							"post": [20, 0, 0],
							"lerp_mode": "catmullrom"
						},
						"3.32": {
							"post": [20, 0, 0],
							"lerp_mode": "catmullrom"
						},
						"4.68": [0, 0, 0]
					}
				},
				"bone7": {
					"rotation": {
						"0.0": {
							"post": [0, 0, 0],
							"lerp_mode": "catmullrom"
						},
						"0.52": {
							"post": [45, 0, 0],
							"lerp_mode": "catmullrom"
						},
						"1.04": {
							"post": [22.5, 0, 0],
							"lerp_mode": "catmullrom"
						},
						"3.04": {
							"post": [22.5, 0, 0],
							"lerp_mode": "catmullrom"
						},
						"3.32": {
							"post": [22.5, 0, 0],
							"lerp_mode": "catmullrom"
						},
						"4.68": [0, 0, 0]
					}
				}
			}
		}
	}
}