{
	"format_version": "1.8.0",
	"animations": {
		"animation.skeleton_titan.newdead": {
			"animation_length": 50,
			"bones": {
				"bone": {
					"rotation": {
						"0.0": {
							"post": [0, 0, 0],
							"lerp_mode": "catmullrom"
						},
						"1.04": {
							"post": [27.5, 0, 0],
							"lerp_mode": "catmullrom"
						},
						"2.08": {
							"post": [27.5, 0, 0],
							"lerp_mode": "catmullrom"
						},
						"3.12": [87.5, 0, 0]
					},
					"position": {
						"0.0": {
							"post": [0, 0, 0],
							"lerp_mode": "catmullrom"
						},
						"1.04": {
							"post": [0, -2, 2],
							"lerp_mode": "catmullrom"
						},
						"2.08": {
							"post": [0, -2, 10],
							"lerp_mode": "catmullrom"
						},
						"3.12": [0, -10, 10]
					}
				},
				"bone2": {
					"rotation": {
						"0.0": {
							"post": [0, 0, 0],
							"lerp_mode": "catmullrom"
						},
						"1.04": {
							"post": [17.5, 0, 0],
							"lerp_mode": "catmullrom"
						},
						"2.08": {
							"post": [22.5, 0, 0],
							"lerp_mode": "catmullrom"
						},
						"3.12": [-37.5, -10, -15]
					},
					"position": {
						"0.0": {
							"post": [0, 0, 0],
							"lerp_mode": "catmullrom"
						},
						"2.08": {
							"post": [0, 0, 0],
							"lerp_mode": "catmullrom"
						},
						"3.12": [4, 6, -3]
					}
				},
				"bone3": {
					"rotation": {
						"0.0": {
							"post": [0, 0, 0],
							"lerp_mode": "catmullrom"
						},
						"1.04": {
							"post": [22.5, 0, 0],
							"lerp_mode": "catmullrom"
						},
						"2.08": {
							"post": [30, 0, 0],
							"lerp_mode": "catmullrom"
						},
						"3.12": [40, 0, 17.5]
					},
					"position": {
						"0.0": {
							"post": [0, 0, 0],
							"lerp_mode": "catmullrom"
						}
					}
				},
				"bone8": {
					"rotation": {
						"0.0": {
							"post": [0, 0, 0],
							"lerp_mode": "catmullrom"
						},
						"1.04": {
							"post": [-60, 0, 0],
							"lerp_mode": "catmullrom"
						},
						"2.08": {
							"post": [-122.5, 0, 0],
							"lerp_mode": "catmullrom"
						},
						"3.12": [-102.5, -67.5, 0]
					},
					"position": {
						"0.0": {
							"post": [0, 0, 0],
							"lerp_mode": "catmullrom"
						},
						"3.12": [0, 0, 0]
					}
				},
				"bone9": {
					"rotation": {
						"0.0": {
							"post": [0, 0, 0],
							"lerp_mode": "catmullrom"
						},
						"1.04": {
							"post": [0, 0, 20],
							"lerp_mode": "catmullrom"
						},
						"2.08": {
							"post": [0, 0, 27.5],
							"lerp_mode": "catmullrom"
						},
						"3.12": [-42.5, 0, -10]
					}
				},
				"bone10": {
					"rotation": {
						"0.0": {
							"post": [0, 0, 0],
							"lerp_mode": "catmullrom"
						},
						"1.04": {
							"post": [-62.5, 0, 0],
							"lerp_mode": "catmullrom"
						},
						"2.08": {
							"post": [-120, 0, 0],
							"lerp_mode": "catmullrom"
						},
						"3.12": [-102.5, 55, 0]
					},
					"position": {
						"0.0": {
							"post": [0, 0, 0],
							"lerp_mode": "catmullrom"
						},
						"3.12": [0, 0, 0]
					}
				},
				"bone11": {
					"rotation": {
						"0.0": {
							"post": [0, 0, 0],
							"lerp_mode": "catmullrom"
						},
						"1.04": {
							"post": [0, 0, -15],
							"lerp_mode": "catmullrom"
						},
						"2.08": {
							"post": [0, 0, -30],
							"lerp_mode": "catmullrom"
						},
						"3.12": [0, -12.5, 30]
					},
					"position": {
						"2.08": {
							"post": [0, 0, 0],
							"lerp_mode": "catmullrom"
						},
						"2.6": {
							"post": [-5.5, 0, 3],
							"lerp_mode": "catmullrom"
						},
						"3.12": [-6, -6, 6]
					}
				},
				"head": {
					"rotation": {
						"0.0": {
							"post": [0, 0, 0],
							"lerp_mode": "catmullrom"
						},
						"1.04": {
							"post": [27.5, 0, 0],
							"lerp_mode": "catmullrom"
						},
						"2.08": {
							"post": [30, 0, 0],
							"lerp_mode": "catmullrom"
						},
						"4.68": [255, 15, -317.5]
					},
					"position": {
						"0.0": {
							"post": [0, 0, 0],
							"lerp_mode": "catmullrom"
						},
						"2.08": {
							"post": [0, 0, 0],
							"lerp_mode": "catmullrom"
						},
						"3.12": {
							"post": [-12.46, 9.21, 5.83],
							"lerp_mode": "catmullrom"
						},
						"4.0": {
							"post": [-23, 17, -4],
							"lerp_mode": "catmullrom"
						},
						"4.68": [-19, 17, -4]
					}
				},
				"bone4": {
					"rotation": {
						"0.0": {
							"post": [0, 0, 0],
							"lerp_mode": "catmullrom"
						},
						"1.04": {
							"post": [-2.5, 0, 0],
							"lerp_mode": "catmullrom"
						},
						"2.08": {
							"post": [-62.5, 0, 0],
							"lerp_mode": "catmullrom"
						},
						"2.6": {
							"post": [2.5, 0, 12.5],
							"lerp_mode": "catmullrom"
						},
						"3.12": [-12.5, 0, 25]
					},
					"position": {
						"0.0": {
							"post": [0, 0, 0],
							"lerp_mode": "catmullrom"
						}
					}
				},
				"bone5": {
					"rotation": {
						"0.0": {
							"post": [0, 0, 0],
							"lerp_mode": "catmullrom"
						},
						"1.04": {
							"post": [20, 0, 0],
							"lerp_mode": "catmullrom"
						},
						"3.12": [20, 0, 0]
					}
				},
				"bone6": {
					"rotation": {
						"0.0": {
							"post": [0, 0, 0],
							"lerp_mode": "catmullrom"
						},
						"1.04": {
							"post": [-65, 0, 0],
							"lerp_mode": "catmullrom"
						},
						"2.08": {
							"post": [-20, 0, 0],
							"lerp_mode": "catmullrom"
						},
						"2.6": {
							"post": [1.25, 0, 0],
							"lerp_mode": "catmullrom"
						},
						"3.12": [-7.5, 0, 0]
					},
					"position": {
						"0.0": {
							"post": [0, 0, 0],
							"lerp_mode": "catmullrom"
						}
					}
				},
				"bone7": {
					"rotation": {
						"0.0": {
							"post": [0, 0, 0],
							"lerp_mode": "catmullrom"
						},
						"1.04": {
							"post": [47.5, 0, 0],
							"lerp_mode": "catmullrom"
						},
						"2.08": {
							"post": [40, 0, 0],
							"lerp_mode": "catmullrom"
						},
						"3.12": [7.5, 0, -17.5]
					},
					"position": {
						"2.08": {
							"post": [0, 0, 0],
							"lerp_mode": "catmullrom"
						},
						"3.12": [8, -3, 0]
					}
				},
				"bone12": {
					"rotation": {
						"0.0": {
							"post": [0, 0, 0],
							"lerp_mode": "catmullrom"
						},
						"3.12": [0, 0, 0]
					}
				}
			}
		}
	}
}