{
  "format_version": "1.12.0",
  "minecraft:geometry": [
    {
      "description": {
        "identifier": "geometry.pa_cer",
        "texture_width": 256,
        "texture_height": 256,
        "visible_bounds_width": 14,
        "visible_bounds_height": 13,
        "visible_bounds_offset": [
          0,
          4.5,
          0
        ]
      },
      "bones": [
        {
          "name": "Paha",
          "pivot": [
            0,
            75,
            -7
          ],
          "cubes": [
            {
              "origin": [
                -15,
                75,
                -7
              ],
              "size": [
                30,
                16,
                14
              ],
              "uv": [
                84,
                40
              ]
            }
          ]
        },
        {
          "name": "RightLeg",
          "parent": "Paha",
          "pivot": [
            -8,
            76,
            0
          ],
          "cubes": [
            {
              "origin": [
                -14,
                35,
                -6
              ],
              "size": [
                13,
                40,
                12
              ],
              "uv": [
                124,
                115
              ]
            }
          ]
        },
        {
          "name": "bone5",
          "parent": "RightLeg",
          "pivot": [
            -8,
            35,
            -5
          ],
          "cubes": [
            {
              "origin": [
                -13,
                0,
                -5
              ],
              "size": [
                11,
                35,
                10
              ],
              "uv": [
                164,
                157
              ]
            }
          ]
        },
        {
          "name": "LeftLeg",
          "parent": "Paha",
          "pivot": [
            9,
            76,
            0
          ],
          "cubes": [
            {
              "origin": [
                1,
                35,
                -6
              ],
              "size": [
                13,
                40,
                12
              ],
              "uv": [
                124,
                115
              ]
            }
          ]
        },
        {
          "name": "bone4",
          "parent": "LeftLeg",
          "pivot": [
            7,
            35,
            -5
          ],
          "cubes": [
            {
              "origin": [
                2,
                0,
                -5
              ],
              "size": [
                11,
                35,
                10
              ],
              "uv": [
                164,
                157
              ]
            }
          ]
        },
        {
          "name": "bone3",
          "parent": "Paha",
          "pivot": [
            0,
            91,
            1
          ],
          "cubes": [
            {
              "origin": [
                -16,
                91,
                -8
              ],
              "size": [
                32,
                21,
                16
              ],
              "uv": [
                68,
                78
              ]
            }
          ]
        },
        {
          "name": "Body",
          "parent": "bone3",
          "pivot": [
            0,
            113,
            0
          ],
          "cubes": [
            {
              "origin": [
                -26,
                112,
                -10
              ],
              "size": [
                53,
                19,
                21
              ],
              "uv": [
                0,
                0
              ]
            }
          ]
        },
        {
          "name": "Dasi",
          "parent": "Body",
          "pivot": [
            0,
            127,
            -11
          ],
          "cubes": [
            {
              "origin": [
                -2,
                115,
                -11
              ],
              "size": [
                4,
                12,
                1
              ],
              "uv": [
                0,
                40
              ]
            }
          ]
        },
        {
          "name": "bone6",
          "parent": "Dasi",
          "pivot": [
            0,
            115,
            -11
          ],
          "cubes": [
            {
              "origin": [
                -2,
                101,
                -11
              ],
              "size": [
                4,
                14,
                1
              ],
              "uv": [
                0,
                40
              ]
            }
          ]
        },
        {
          "name": "bone7",
          "parent": "bone6",
          "pivot": [
            0,
            101,
            -11
          ],
          "cubes": [
            {
              "origin": [
                -2,
                89,
                -11
              ],
              "size": [
                4,
                12,
                1
              ],
              "uv": [
                0,
                40
              ]
            },
            {
              "origin": [
                -1,
                87,
                -11
              ],
              "size": [
                2,
                2,
                1
              ],
              "uv": [
                10,
                13
              ]
            }
          ]
        },
        {
          "name": "Tangan",
          "parent": "Body",
          "pivot": [
            -26,
            128,
            2
          ],
          "cubes": [
            {
              "origin": [
                -37,
                101,
                -5
              ],
              "size": [
                16,
                27,
                15
              ],
              "uv": [
                62,
                115
              ]
            },
            {
              "origin": [
                -36,
                79,
                -4
              ],
              "size": [
                13,
                22,
                13
              ],
              "uv": [
                174,
                105
              ]
            }
          ]
        },
        {
          "name": "bone",
          "parent": "Tangan",
          "pivot": [
            -29,
            79,
            8
          ],
          "cubes": [
            {
              "origin": [
                -35,
                39,
                -3
              ],
              "size": [
                11,
                40,
                11
              ],
              "uv": [
                158,
                0
              ]
            }
          ]
        },
        {
          "name": "Tangan2",
          "parent": "Body",
          "pivot": [
            27,
            128,
            2
          ],
          "cubes": [
            {
              "origin": [
                21,
                101,
                -5
              ],
              "size": [
                16,
                27,
                15
              ],
              "uv": [
                0,
                94
              ]
            },
            {
              "origin": [
                22,
                79,
                -4
              ],
              "size": [
                13,
                22,
                13
              ],
              "uv": [
                94,
                167
              ]
            }
          ]
        },
        {
          "name": "bone2",
          "parent": "Tangan2",
          "pivot": [
            29,
            79,
            8
          ],
          "cubes": [
            {
              "origin": [
                23,
                39,
                -3
              ],
              "size": [
                11,
                40,
                11
              ],
              "uv": [
                158,
                0
              ]
            }
          ]
        },
        {
          "name": "Head",
          "parent": "Body",
          "pivot": [
            0,
            131,
            -3
          ],
          "cubes": [
            {
              "origin": [
                -11,
                127,
                -12
              ],
              "size": [
                22,
                34,
                20
              ],
              "uv": [
                0,
                40
              ]
            }
          ]
        }
      ]
    }
  ]
}