{
  "format_version": "1.17.100",
  "minecraft:npc_dialogue": {
    "scenes": [
      // enma daioh
      {
        "scene_tag": "ui_enma_daioh",
        "npc_name": "ui.enma_daioh.title",
        "text": {
          "rawtext": [
            {
              "translate": "text.enma_daioh.4"
            }
          ]
        },
        "buttons": [
          {
            "name": {
              "rawtext": [
                {
                  "translate": "ui.enma_daioh.button.1"
                }
              ]
            },
            "commands": [
              "tag @initiator add dbe:exit_other_world"
            ]
          },
          {
            "name": {
              "rawtext": [
                {
                  "translate": "ui.enma_daioh.button.2"
                }
              ]
            },
            "commands": [
              "dialogue open @s @initiator ui_enma_daioh_reincarnate"
            ]
          }
        ]
      },
      
      // reincarnate
      {
        "scene_tag": "ui_enma_daioh_reincarnate",
        "npc_name": "ui.enma_daioh_reincarnate.title",
        "text": {
          "rawtext": [
            {
              "translate": "ui.enma_daioh_reincarnate.description"
            }
          ]
        },
        "buttons": [
          {
            "name": {
              "rawtext": [
                {
                  "translate": "ui.enma_daioh_reincarnate.button.1"
                }
              ]
            },
            "commands": [
              "execute as @initiator run function dbe/start",
              "tag @initiator add dbe:exit_other_world"
            ]
          },
          {
            "name": {
              "rawtext": [
                {
                  "text": "§f"
                },
                {
                  "translate": "gui.cancel"
                }
              ]
            },
            "commands": [
              "dialogue open @s @initiator ui_enma_daioh"
            ]
          }
        ]
      }
    ]
  }
}