{
  "format_version": "1.17.100",
  "minecraft:npc_dialogue": {
    "scenes": [
      // goku
      {
        "scene_tag": "ui_goku",
        "npc_name": "ui.goku.title",
        "text": {
          "rawtext": [
            {
              "translate": "ui.goku.description"
            }
          ]
        },
        "buttons": [
          {
            "name": {
              "rawtext": [
                {
                  "translate": "ui.goku.button.1"
                }
              ]
            },
            "commands": [
              "dialogue open @s @initiator ui_goku_weight"
            ]
          },
          {
            "name": {
              "rawtext": [
                {
                  "translate": "ui.goku.button.2"
                }
              ]
            },
            "commands": [
              "dialogue open @s @initiator ui_goku_kamehameha"
            ]
          },
          {
            "name": {
              "rawtext": [
                {
                  "translate": "ui.goku.button.3"
                }
              ]
            },
            "commands": [
              "dialogue open @s @initiator ui_goku_teleport"
            ]
          }
        ]
      },
      // weight
      {
        "scene_tag": "ui_goku_weight",
        "npc_name": "ui.goku.title",
        "text": {
          "rawtext": [
            {
              "translate": "ui.weight.description",
              "with": {
                "rawtext": [
                  {
                    "text": "20"
                  },
                  {
                    "text": "3"
                  }
                ]
              }
            }
          ]
        },
        "buttons": [
          {
            "name": {
              "rawtext": [
                {
                  "translate": "ui.goku_weight.button.1"
                }
              ]
            },
            "commands": [
              "give @initiator dbe:turtle_shell"
            ]
          },
          {
            "name": {
              "rawtext": [
                {
                  "translate": "gui.back"
                }
              ]
            },
            "commands": [
              "dialogue open @s @initiator ui_goku"
            ]
          }
        ]
      },
      // kamehameha
      {
        "scene_tag": "ui_goku_kamehameha",
        "npc_name": "ui.goku.title",
        "text": {
          "rawtext": [
            {
              "translate": "learn.description",
              "with": {
                "rawtext": [
                  {
                    "translate": "item.dbe:kamehameha.name"
                  },
                  {
                    "text": "300"
                  }
                ]
              }
            }
          ]
        },
        "buttons": [
          {
            "name": {
              "rawtext": [
                {
                  "translate": "learn"
                }
              ]
            },
            "commands": [
              "give @initiator[scores={dbe:tp=300..}] dbe:kamehameha 1 0 {\"minecraft:keep_on_death\":{}}",
              "tellraw @initiator[scores={dbe:tp=300..}] {\"rawtext\":[{\"translate\":\"learn.learn\",\"with\":{\"rawtext\":[{\"translate\":\"item.dbe:kamehameha.name\"}]}}]}",
              "tellraw @initiator[scores={dbe:tp=!300..}] {\"rawtext\":[{\"translate\":\"learn.error.1\"}]}",
              "scoreboard players remove @initiator[scores={dbe:tp=300..}] dbe:tp 300"
            ]
          },
          {
            "name": {
              "rawtext": [
                {
                  "translate": "gui.back"
                }
              ]
            },
            "commands": [
              "dialogue open @s @initiator ui_goku"
            ]
          }
        ]
      },
      // teleport
      {
        "scene_tag": "ui_goku_teleport",
        "npc_name": "ui.goku.title",
        "text": {
          "rawtext": [
            {
              "translate": "learn.description",
              "with": {
                "rawtext": [
                  {
                    "translate": "item.dbe:teleport.name"
                  },
                  {
                    "text": "500"
                  }
                ]
              }
            }
          ]
        },
        "buttons": [
          {
            "name": {
              "rawtext": [
                {
                  "translate": "learn"
                }
              ]
            },
            "commands": [
              "give @initiator[scores={dbe:tp=500..}] dbe:teleport 1 0 {\"minecraft:keep_on_death\":{}}",
              "tellraw @initiator[scores={dbe:tp=500..}] {\"rawtext\":[{\"translate\":\"learn.learn\",\"with\":{\"rawtext\":[{\"translate\":\"item.dbe:teleport.name\"}]}}]}",
              "tellraw @initiator[scores={dbe:tp=!500..}] {\"rawtext\":[{\"translate\":\"learn.error.1\"}]}",
              "scoreboard players remove @initiator[scores={dbe:tp=500..}] dbe:tp 500"
            ]
          },
          {
            "name": {
              "rawtext": [
                {
                  "translate": "gui.back"
                }
              ]
            },
            "commands": [
              "dialogue open @s @initiator ui_goku"
            ]
          }
        ]
      }
    ]
  }
}