{
  "format_version": "1.17.100",
  "minecraft:npc_dialogue": {
    "scenes": [
      // piccolo
      {
        "scene_tag": "ui_piccolo",
        "npc_name": "ui.piccolo.title",
        "text": {
          "rawtext": [
            {
              "translate": "ui.piccolo.description"
            }
          ]
        },
        "buttons": [
          {
            "name": {
              "rawtext": [
                {
                  "translate": "ui.piccolo.button.1"
                }
              ]
            },
            "commands": [
              "dialogue open @s @initiator ui_piccolo_weight"
            ]
          },
          {
            "name": {
              "rawtext": [
                {
                  "translate": "ui.piccolo.button.2"
                }
              ]
            },
            "commands": [
              "dialogue open @s @initiator ui_piccolo_kienzan"
            ]
          },
          {
            "name": {
              "rawtext": [
                {
                  "translate": "ui.piccolo.button.3"
                }
              ]
            },
            "commands": [
              "dialogue open @s @initiator ui_piccolo_ki_blast"
            ]
          }
        ]
      },
      // weight
      {
        "scene_tag": "ui_piccolo_weight",
        "npc_name": "ui.piccolo.title",
        "text": {
          "rawtext": [
            {
              "translate": "ui.weight.description",
              "with": {
                "rawtext": [
                  {
                    "text": "10"
                  },
                  {
                    "text": "2"
                  }
                ]
              }
            }
          ]
        },
        "buttons": [
          {
            "name": {
              "rawtext": [
                {
                  "translate": "ui.piccolo_weight.button.1"
                }
              ]
            },
            "commands": [
              "give @initiator dbe:piccolo_cape"
            ]
          },
          {
            "name": {
              "rawtext": [
                {
                  "translate": "gui.back"
                }
              ]
            },
            "commands": [
              "dialogue open @s @initiator ui_piccolo"
            ]
          }
        ]
      },
      // kienzan
      {
        "scene_tag": "ui_piccolo_kienzan",
        "npc_name": "ui.piccolo.title",
        "text": {
          "rawtext": [
            {
              "translate": "learn.description",
              "with": {
                "rawtext": [
                  {
                    "translate": "item.dbe:kienzan.name"
                  },
                  {
                    "text": "300"
                  }
                ]
              }
            }
          ]
        },
        "buttons": [
          {
            "name": {
              "rawtext": [
                {
                  "translate": "learn"
                }
              ]
            },
            "commands": [
              "give @initiator[scores={dbe:tp=300..}] dbe:kienzan 1 0 {\"minecraft:keep_on_death\":{}}",
              "tellraw @initiator[scores={dbe:tp=300..}] {\"rawtext\":[{\"translate\":\"learn.learn\",\"with\":{\"rawtext\":[{\"translate\":\"item.dbe:kienzan.name\"}]}}]}",
              "tellraw @initiator[scores={dbe:tp=!300..}] {\"rawtext\":[{\"translate\":\"learn.error.1\"}]}",
              "scoreboard players remove @initiator[scores={dbe:tp=300..}] dbe:tp 300"
            ]
          },
          {
            "name": {
              "rawtext": [
                {
                  "translate": "gui.back"
                }
              ]
            },
            "commands": [
              "dialogue open @s @initiator ui_piccolo"
            ]
          }
        ]
      },
      // ki blast
      {
        "scene_tag": "ui_piccolo_ki_blast",
        "npc_name": "ui.piccolo.title",
        "text": {
          "rawtext": [
            {
              "translate": "learn.description",
              "with": {
                "rawtext": [
                  {
                    "translate": "item.dbe:ki_blast.name"
                  },
                  {
                    "text": "200"
                  }
                ]
              }
            }
          ]
        },
        "buttons": [
          {
            "name": {
              "rawtext": [
                {
                  "translate": "learn"
                }
              ]
            },
            "commands": [
              "give @initiator[scores={dbe:tp=200..}] dbe:ki_blast 1 0 {\"minecraft:keep_on_death\":{}}",
              "tellraw @initiator[scores={dbe:tp=200..}] {\"rawtext\":[{\"translate\":\"learn.learn\",\"with\":{\"rawtext\":[{\"translate\":\"item.dbe:ki_blast.name\"}]}}]}",
              "tellraw @initiator[scores={dbe:tp=!200..}] {\"rawtext\":[{\"translate\":\"learn.error.1\"}]}",
              "scoreboard players remove @initiator[scores={dbe:tp=200..}] dbe:tp 200"
            ]
          },
          {
            "name": {
              "rawtext": [
                {
                  "translate": "gui.back"
                }
              ]
            },
            "commands": [
              "dialogue open @s @initiator ui_piccolo"
            ]
          }
        ]
      }
    ]
  }
}