{
  "format_version": "1.17.100",
  "minecraft:npc_dialogue": {
    "scenes": [
      // whis
      {
        "scene_tag": "ui_whis",
        "npc_name": "ui.whis.title",
        "text": {
          "rawtext": [
            {
              "translate": "ui.whis.description"
            }
          ]
        },
        "buttons": [
          {
            "name": {
              "rawtext": [
                {
                  "translate": "ui.whis.button.1"
                }
              ]
            },
            "commands": [
              "dialogue open @s @initiator ui_whis_ultra_instinct"
            ]
          }
        ]
      },
      // ultra instinct
      {
        "scene_tag": "ui_whis_ultra_instinct",
        "npc_name": "ui.whis.title",
        "text": {
          "rawtext": [
            {
              "translate": "learn.description",
              "with": {
                "rawtext": [
                  {
                    "translate": "ultra_instinct"
                  },
                  {
                    "text": "80000"
                  }
                ]
              }
            }
          ]
        },
        "buttons": [
          {
            "name": {
              "rawtext": [
                {
                  "translate": "learn"
                }
              ]
            },
            "commands": [
              "tag @initiator[scores={dbe:tp=80000..}] add dbe:has_ultra_instinct",
              "tellraw @initiator[scores={dbe:tp=80000..}] {\"rawtext\":[{\"translate\":\"learn.learn\",\"with\":{\"rawtext\":[{\"translate\":\"ultra_instinct\"}]}}]}",
              "tellraw @initiator[scores={dbe:tp=!80000..}] {\"rawtext\":[{\"translate\":\"learn.error.1\"}]}",
              "scoreboard players remove @initiator[scores={dbe:tp=80000..}] dbe:tp 80000"
            ]
          },
          {
            "name": {
              "rawtext": [
                {
                  "translate": "gui.back"
                }
              ]
            },
            "commands": [
              "dialogue open @s @initiator ui_whis"
            ]
          }
        ]
      }
    ]
  }
}