{
	"format_version": "1.8.0",
	"animations": {
		"animation.spider_titan.move": {
			"loop": true,
			"bones": {
				"head": {
					"rotation": [0, 0, "Math.cos(query.life_time * 300) * -15"]
				},
				"bone4": {
					"rotation": ["Math.cos(query.life_time * 300) * -5", "Math.cos(query.life_time * 300+(-400)) * -5", "Math.cos(query.life_time * 300+(-400)) * -5"]
				},
				"bone6": {
					"rotation": ["Math.cos(query.life_time * 300) * 5", "Math.cos(query.life_time * 300+(-400)) * 5", "Math.cos(query.life_time * 300+(-400)) * 5"]
				},
				"bone8": {
					"rotation": ["Math.cos(query.life_time * 300) * -5", "Math.cos(query.life_time * 300+(-400)) * -5", "Math.cos(query.life_time * 300+(-400)) * -5"]
				},
				"bone10": {
					"rotation": ["Math.cos(query.life_time * 300) * 5", "Math.cos(query.life_time * 300+(-400)) * 5", "Math.cos(query.life_time * 300+(-400)) * 5"]
				},
				"bone12": {
					"rotation": ["Math.cos(query.life_time * 300) * -5", "Math.cos(query.life_time * -300+(-400)) * -5", "Math.cos(query.life_time * -300+(-400)) * -5"]
				},
				"bone14": {
					"rotation": ["Math.cos(query.life_time * 300) * 5", "Math.cos(query.life_time * -300+(-400)) * 5", "Math.cos(query.life_time * -300+(-400)) * 5"]
				},
				"bone16": {
					"rotation": ["Math.cos(query.life_time * 300) * -5", "Math.cos(query.life_time * -300+(-400)) * -5", "Math.cos(query.life_time * -300+(-400)) * -5"]
				},
				"bone18": {
					"rotation": ["Math.cos(query.life_time * 300) * 5", "Math.cos(query.life_time * -300+(-400)) * 5", "Math.cos(query.life_time * -300+(-400)) * 5"]
				},
				"bone3": {
					"rotation": [0, 0, "Math.cos(query.life_time * 300) * 15"]
				}
			}
		},
		"animation.spider_titan.general": {
			"loop": true,
			"bones": {
				"head": {
					"rotation": ["Math.cos(query.life_time * 100) * -2", 0, 0]
				},
				"bone3": {
					"rotation": [0, "Math.cos(query.life_time * 100) * -2", 0]
				}
			}
		},
		"animation.sj_titan.general": {
			"loop": true,
			"bones": {
				"head": {
					"rotation": ["Math.cos(query.life_time * 100) * 2", 0, 0]
				},
				"bone3": {
					"rotation": [0, "Math.cos(query.life_time * 100) * 2", 0]
				},
				"bone20": {
					"rotation": ["Math.cos(query.life_time * 100) * -2", 0, 0]
				},
				"bone21": {
					"rotation": ["Math.cos(query.life_time * 100) * -2", 0, 0]
				},
				"head2": {
					"rotation": ["Math.cos(query.life_time * 100) * -2", 0, 0]
				}
			}
		},
		"animation.sj_titan.newdead": {
			"loop": true,
			"animation_length": 99,
			"bones": {
				"head": {
					"rotation": {
						"0.0": [0, 0, 0],
						"2.08": [50, 0, 0]
					}
				},
				"bone3": {
					"rotation": {
						"0.0": [0, 0, 0],
						"2.08": [-45, 0, 0]
					}
				},
				"bone20": {
					"rotation": {
						"0.0": [0, 0, 0],
						"2.08": [30, 0, 0]
					}
				},
				"bone21": {
					"rotation": {
						"0.0": [0, 0, 0],
						"2.08": [45, 0, 0]
					}
				},
				"head2": {
					"rotation": {
						"0.0": [0, 0, 0],
						"2.08": [37.5, 0, 0]
					}
				},
				"bone": {
					"rotation": {
						"0.0": [0, 0, 0],
						"99.0": [0, 36000, 0]
					}
				},
				"bone2": {
					"rotation": {
						"0.0": [0, 0, 0],
						"99.0": [0, 36000, 0]
					}
				},
				"bone22": {
					"rotation": {
						"0.0": [0, 0, 0],
						"2.08": [-77.5, 0, 0]
					}
				},
				"bone24": {
					"rotation": {
						"0.0": [0, 0, 0],
						"2.08": [-77.5, 0, 0]
					}
				}
			}
		},
		"animation.wsj_titan.general": {
			"loop": true,
			"bones": {
				"head": {
					"rotation": ["Math.cos(query.life_time * 100) * 2", 0, 0]
				},
				"bone3": {
					"rotation": [0, "Math.cos(query.life_time * 100) * 2", 0]
				},
				"bone20": {
					"rotation": ["Math.cos(query.life_time * 100) * -2", 0, 0]
				},
				"bone21": {
					"rotation": ["Math.cos(query.life_time * 100) * -2", 0, 0]
				},
				"head2": {
					"rotation": ["Math.cos(query.life_time * 100) * -2", 0, 0]
				},
				"bone": {
					"position": [0, -1.5, 0],
					"scale": 0.7
				}
			}
		}
	}
}