{
	"format_version": "1.8.0",
	"animations": {
		"animation.spider_titan.dead": {
			"animation_length": 50,
			"bones": {
				"bone": {
					"rotation": {
						"2.0": [0, 0, 0],
						"3.0": [35, 0, 0],
						"5.5": [0, 0, 0]
					},
					"position": {
						"0.0": [0, 0, 0],
						"1.0": [0, -5, 0],
						"2.0": [0, "-", 0],
						"5.5": [0, -6, 0]
					}
				},
				"head": {
					"rotation": {
						"0.0": [0, 0, 0],
						"1.0": [15, -15, 0],
						"2.0": [-25, 0, 0],
						"3.0": [0, 0, 0],
						"5.5": [20, 0, -35],
						"50.0": [20, 0, -35]
					}
				},
				"bone3": {
					"rotation": {
						"0.0": [0, 0, 0],
						"1.0": [-15, 0, 0],
						"2.0": [20, 0, 0],
						"3.0": [10, 0, 0]
					}
				},
				"bone4": {
					"rotation": {
						"0.0333": [0, 0, 0],
						"1.0": [-30, 0, 45],
						"2.0": [25, 0, 15],
						"3.0": [45, 0, 40],
						"5.5": [45, 0, 15]
					}
				},
				"bone5": {
					"rotation": {
						"0.0333": [0, 0, 0],
						"1.0": [0, 0, -45],
						"3.0": [0, 0, 15]
					}
				},
				"bone6": {
					"rotation": {
						"0.0333": [0, 0, 0],
						"1.0": [0, 0, 45],
						"2.0": [20, 0, 15],
						"3.0": [40, 0, 40],
						"5.5": [40, 0, 20]
					}
				},
				"bone7": {
					"rotation": {
						"0.0333": [0, 0, 0],
						"1.0": [0, 0, -45],
						"3.0": [0, 0, 5]
					}
				},
				"bone8": {
					"rotation": {
						"0.0333": [0, 0, 0],
						"1.0": [10, 0, 45],
						"2.0": [15, 0, 15],
						"3.0": [35, 0, 40],
						"5.5": [35, 0, 25]
					}
				},
				"bone9": {
					"rotation": {
						"0.0333": [0, 0, 0],
						"1.0": [0, 0, -45],
						"3.0": [0, 0, 10],
						"5.5": [0, 0, 0]
					}
				},
				"bone10": {
					"rotation": {
						"0.0333": [0, 0, 0],
						"1.0": [10, 0, 45],
						"2.0": [10, 0, 15],
						"3.0": [35, 0, 40],
						"5.5": [35, 0, 25]
					}
				},
				"bone11": {
					"rotation": {
						"0.0333": [0, 0, "-"],
						"1.0": [0, 0, -45],
						"3.0": [0, 0, 0]
					}
				},
				"bone12": {
					"rotation": {
						"0.0333": ["-", 0, 0],
						"1.0": [-30, 0, -45],
						"2.0": [25, 0, -15],
						"3.0": [45, 0, -40],
						"5.5": [45, 0, -25]
					},
					"position": [0, -1, 0]
				},
				"bone13": {
					"rotation": {
						"0.0333": [0, 0, 0],
						"1.0": [0, 0, 45],
						"3.0": [0, 0, -10]
					}
				},
				"bone14": {
					"rotation": {
						"0.0333": [0, 0, 0],
						"1.0": [0, 0, -45],
						"2.0": [20, 0, -15],
						"3.0": [40, 0, -40],
						"5.5": [40, 0, -25]
					}
				},
				"bone15": {
					"rotation": {
						"0.0333": [0, 0, 4],
						"1.0": [0, 0, 45],
						"3.0": [0, 0, -15]
					}
				},
				"bone16": {
					"rotation": {
						"0.0333": [0, 0, 0],
						"1.0": [10, 0, -45],
						"2.0": [15, 0, -15],
						"3.0": [35, 0, -40],
						"5.5": [35, 0, -25]
					}
				},
				"bone17": {
					"rotation": {
						"0.0333": [0, 0, 0],
						"1.0": [0, 0, 45],
						"3.0": [0, 0, -35],
						"5.5": [0, 0, -20]
					}
				},
				"bone18": {
					"rotation": {
						"0.0333": [0, 0, 0],
						"1.0": [10, 0, -45],
						"2.0": [10, 0, -15],
						"3.0": [35, 0, -40],
						"5.5": [35, 0, -25]
					}
				},
				"bone19": {
					"rotation": {
						"0.0333": [0, 0, 0],
						"1.0": [0, 0, 45],
						"3.0": [0, 0, -20]
					}
				}
			}
		}
	}
}