{
  "format_version": "1.8.0",
  "animations": {
    "animation.iron_golem.attack": {
      "loop": true,
      "bones": {
        "arm0": {
          "rotation": [
            "-114 + ((1.5 * math.abs(math.mod(variable.attack_animation_tick - query.frame_alpha, 10) - 5) - 2.5) / 5) * 57.3",
            0,
            0
          ]
        },
        "arm1": {
          "rotation": [
            "-114 + ((1.5 * math.abs(math.mod(variable.attack_animation_tick - query.frame_alpha, 10) - 5) - 2.5) / 5) * 57.3",
            0,
            0
          ]
        }
      }
    },
    "animation.pa_mechatan.flower": {
      "loop": true,
      "bones": {
        "arm0": {
          "rotation": [
            "-45.8 + ((0.25 * math.abs(math.mod(variable.offer_flower_tick, 70) - 35) - 17.5) / 35)",
            0,
            0
          ]
        }
      }
    },
    "animation.iron_golem.move": {
      "loop": true,
      "bones": {
        "arm0": {
          "rotation": [
            "-variable.modified_tcos0 * 2.0",
            0,
            0
          ]
        },
        "arm1": {
          "rotation": [
            "variable.modified_tcos0 * 2.0",
            0,
            0
          ]
        }
      }
    },
    "animation.iron_golem.move_to_target": {
      "loop": true,
      "bones": {
        "arm0": {
          "rotation": [
            "((math.abs(math.mod(query.modified_distance_moved, 13) - 6.5) - 3.25) / 2.25) * 30.0",
            0,
            0
          ]
        },
        "arm1": {
          "rotation": [
            "((math.abs(math.mod(query.modified_distance_moved, 13) - 6.5) - 3.25) / 2.25) * -30.0",
            0,
            0
          ]
        }
      }
    },
    "animation.iron_golem.walk": {
      "loop": true,
      "bones": {
        "body": {
          "rotation": [
            0,
            0,
            "variable.modified_tcos0 / 1.5"
          ]
        },
        "head": {
          "rotation": [
            0,
            0,
            "variable.modified_tcos0 / 1.5"
          ]
        },
        "leg0": {
          "rotation": [
            "variable.modified_tcos0 * 6.0",
            0,
            0
          ]
        },
        "leg1": {
          "rotation": [
            "-variable.modified_tcos0 * 6.0",
            0,
            0
          ]
        }
      }
    },
    "animation.iron_golem.walk_to_target": {
      "loop": true,
      "bones": {
        "body": {
          "rotation": [
            0,
            0,
            "2.0 * (math.abs(math.mod(query.modified_distance_moved + 6, 13.0) - 6.5) - 3.25)"
          ]
        },
        "head": {
          "rotation": [
            0,
            0,
            "2.0 * (math.abs(math.mod(query.modified_distance_moved + 6, 13.0) - 6.5) - 3.25)"
          ]
        },
        "leg0": {
          "rotation": [
            "(math.cos(query.modified_distance_moved * 38.17) * 40.0)",
            0,
            0
          ]
        },
        "leg1": {
          "rotation": [
            "(math.cos(query.modified_distance_moved * 38.17 + 180) * 40.0)",
            0,
            0
          ]
        }
      }
    },
    "animation.pa_mechatan.move_1": {
      "loop": true,
      "animation_length": 1,
      "bones": {
        "arm0": {
          "rotation": [
            0,
            0,
            25
          ],
          "position": {
            "0.0": [
              0,
              -1,
              0
            ],
            "0.25": [
              0,
              6,
              0
            ],
            "0.625": [
              0,
              -6,
              0
            ],
            "0.9167": [
              0,
              -1,
              0
            ]
          }
        },
        "bone2": {
          "rotation": [
            0,
            -90,
            0
          ]
        },
        "arm1": {
          "rotation": [
            0,
            0,
            -37.5
          ],
          "position": {
            "0.0": [
              0,
              -1,
              0
            ],
            "0.25": [
              0,
              3,
              0
            ],
            "0.625": [
              0,
              -6,
              0
            ],
            "0.9167": [
              0,
              -1,
              0
            ]
          }
        },
        "bone4": {
          "rotation": [
            0,
            95,
            0
          ],
          "position": [
            3,
            0,
            0
          ]
        },
        "leg0": {
          "rotation": [
            -7.5,
            0,
            0
          ]
        },
        "bone5": {
          "rotation": [
            17.5,
            0,
            0
          ]
        },
        "bone8": {
          "rotation": [
            -7.5,
            0,
            0
          ]
        },
        "bone": {
          "rotation": [
            -7.5,
            0,
            0
          ]
        },
        "bone6": {
          "rotation": [
            12.5,
            0,
            0
          ]
        },
        "bone7": {
          "rotation": [
            -5.16864,
            0.82783,
            0.37718
          ]
        }
      }
    },
    "animation.pa_mechatan.walk_2": {
      "loop": true,
      "animation_length": 1.16667,
      "bones": {
        "body": {
          "rotation": [
            5,
            0,
            0
          ]
        },
        "head": {
          "rotation": [
            -7.5,
            0,
            0
          ]
        },
        "arm0": {
          "rotation": {
            "0.0": [
              -9.81288,
              1.47428,
              23.49258
            ],
            "0.1667": [
              -2.31288,
              1.47428,
              23.49258
            ],
            "0.3333": [
              -44.81288,
              1.47428,
              23.49258
            ],
            "0.8333": [
              10.18712,
              1.47428,
              23.49258
            ]
          },
          "position": {
            "0.0": [
              0,
              0,
              0
            ],
            "0.2083": [
              0,
              6,
              0
            ]
          }
        },
        "bone2": {
          "rotation": {
            "0.0": [
              5.12654,
              -2.33361,
              -11.26861
            ],
            "0.3333": [
              -22.37346,
              -2.33361,
              -11.26861
            ],
            "0.7083": [
              -9.87346,
              -2.33361,
              -11.26861
            ]
          },
          "position": [
            0,
            0,
            0
          ]
        },
        "arm1": {
          "rotation": {
            "0.0": [
              -12.22395,
              -2.21881,
              -28.35361
            ],
            "0.8333": [
              -34.23878,
              -5.36532,
              -23.11826
            ],
            "1.0": [
              10.76122,
              -5.36532,
              -23.11826
            ]
          },
          "position": {
            "0.0": [
              0,
              0,
              0
            ],
            "0.7083": [
              0,
              3,
              0
            ]
          }
        },
        "bone4": {
          "rotation": {
            "0.0": [
              2.35363,
              3.16119,
              14.25768
            ],
            "0.9167": [
              -25.14637,
              3.16119,
              14.25768
            ],
            "1.0": [
              -0.14637,
              3.16119,
              14.25768
            ]
          },
          "position": [
            0,
            0,
            0
          ]
        },
        "leg0": {
          "rotation": [
            -4.80018,
            1.36688,
            0.10897
          ],
          "position": {
            "0.0": [
              0,
              0,
              0
            ],
            "0.1667": [
              0,
              13,
              0
            ],
            "0.5417": [
              0,
              13,
              -9
            ],
            "0.6667": [
              0,
              1,
              -9
            ],
            "0.75": [
              0,
              1,
              -1
            ]
          }
        },
        "bone5": {
          "rotation": {
            "0.0": [
              0,
              0,
              0
            ],
            "0.4167": [
              45,
              0,
              0
            ],
            "0.5417": [
              2.5,
              0,
              0
            ]
          },
          "position": [
            0,
            0,
            0
          ]
        },
        "bone8": {
          "position": [
            0,
            0,
            0
          ]
        },
        "bone": {
          "rotation": [
            -4.44806,
            0.35615,
            1.51988
          ],
          "position": {
            "0.6667": [
              0,
              0,
              0
            ],
            "0.875": [
              0,
              14,
              0
            ],
            "1.0": [
              0,
              5.64,
              -7.64
            ],
            "1.0833": [
              0,
              1,
              -1
            ]
          }
        },
        "bone6": {
          "rotation": {
            "0.7083": [
              0,
              0,
              0
            ],
            "0.875": [
              43.73176,
              0.02509,
              -0.05389
            ],
            "1.125": [
              0,
              0,
              0
            ]
          },
          "position": [
            0,
            0,
            0
          ]
        },
        "bone7": {
          "position": [
            0,
            0,
            0
          ]
        }
      }
    },
    "animation.pa_mechatan.attack_3": {
      "animation_length": 0.70833,
      "bones": {
        "body": {
          "rotation": [
            0,
            0,
            0
          ]
        },
        "head": {
          "rotation": [
            2.5,
            0,
            0
          ]
        },
        "arm0": {
          "rotation": {
            "0.0": [
              0,
              0,
              0
            ],
            "0.1667": [
              -87.5,
              0,
              0
            ],
            "0.25": [
              -48.41923,
              81.41334,
              42.724
            ],
            "0.3333": [
              -31.26856,
              80.76781,
              59.98528
            ],
            "0.4167": [
              -63.78855,
              35.73742,
              33.25423
            ],
            "0.5833": [
              -68.9493,
              -3.51821,
              15.85899
            ],
            "0.625": [
              -1.4493,
              -3.51821,
              15.85899
            ]
          },
          "position": {
            "0.0": [
              0,
              1,
              0
            ],
            "0.1667": [
              0,
              5,
              0
            ]
          }
        },
        "bone2": {
          "rotation": {
            "0.0": [
              -3.48108,
              -0.74073,
              0.30217
            ],
            "0.25": [
              0,
              0,
              -87.5
            ],
            "0.625": [
              0,
              0,
              -42.5
            ]
          }
        }
      }
    }
  }
}