{
	"format_version": "1.12.0",
	"minecraft:geometry": [
		{
			"description": {
				"identifier": "geometry.nn_maxwellthecat",
				"texture_width": 64,
				"texture_height": 64,
				"visible_bounds_width": 4,
				"visible_bounds_height": 4.5,
				"visible_bounds_offset": [0, 1.75, 0]
			},
			"bones": [
				{
					"name": "lgunm",
					"pivot": [0, 24, 0],
					"cubes": [
						{
							"origin": [-24, 0, 0],
							"size": [48, 48, 0],
							"uv": {
								"north": {"uv": [0, 0], "uv_size": [64, 64]}
							}
						}
					]
				}
			]
		}
	]
}