{
	"format_version": "1.8.0",
	"animations": {
		"animation.Longlegs.move": {
			"loop": true,
			"animation_length": 0.6875,
			"bones": {
				"Head": {
					"rotation": {
						"0.0": [0, 0, 0],
						"0.125": [7.5, 0, 0],
						"0.3125": [0, 0, 0],
						"0.5": [7.5, 0, 0],
						"0.6875": [0, 0, 0]
					}
				},
				"Boca": {
					"scale": {
						"0.0": [1, 1, 1],
						"0.3125": [1.1, 1.1, 1.1],
						"0.6875": [1, 1, 1]
					}
				},
				"leftarm1": {
					"rotation": {
						"0.0": [0, 0, -15],
						"0.1875": [-0.04606, 0.01128, 0.00007],
						"0.375": [-0.03631, -9.99132, -3.45174],
						"0.6875": [0, 0, -15]
					},
					"position": {
						"0.0": [0, 0, -1],
						"0.1875": [0, 0, 0],
						"0.375": [0, 0, 1.77],
						"0.6875": [0, 0, -1]
					}
				},
				"rightarm1": {
					"rotation": {
						"0.0": [0, 0, 0],
						"0.1875": [0, 0, 12.5],
						"0.375": [0, -15, 0],
						"0.6875": [0, 0, 0]
					},
					"position": {
						"0.0": [0, 0, 0],
						"0.1875": [0, 0, -1],
						"0.375": [0, 0, 1],
						"0.6875": [0, 0, 0]
					}
				},
				"leftleg4": {
					"rotation": {
						"0.0": [0, 0, 0],
						"0.1875": [0, 0, 12.5],
						"0.375": [0, -15, 0],
						"0.6875": [0, 0, 0]
					},
					"position": {
						"0.0": [0, 0, 0],
						"0.1875": [0, 0, -1],
						"0.375": [0, 0, 1],
						"0.6875": [0, 0, 0]
					}
				},
				"rightleg4": {
					"rotation": {
						"0.0": [0, 0, 12.5],
						"0.1875": [-0.04606, 0.01128, 0.00007],
						"0.375": [-0.03631, -9.99132, -3.45174],
						"0.6875": [0, 0, 12.5]
					},
					"position": {
						"0.0": [0, 0, -1],
						"0.1875": [0, 0, 0],
						"0.375": [0, 0, 1.77],
						"0.6875": [0, 0, -1]
					}
				},
				"PiernaDerecha": {
					"rotation": {
						"0.0": [0, 35, 0],
						"0.1875": [0, 0, 0],
						"0.375": [0, -42.5, 0],
						"0.6875": [0, 35, 0]
					}
				},
				"PiernaIzquierda": {
					"rotation": {
						"0.0": [0, 35, 0],
						"0.1875": [0, 0, 0],
						"0.375": [0, -42.5, 0],
						"0.6875": [0, 35, 0]
					}
				}
			}
		}
	}
}