{
	"format_version": "1.8.0",
	"animations": {
		"animation.Longlegs.meetplayer": {
			"loop": true,
			"animation_length": 70,
			"bones": {
				"body_main": {
					"rotation": {
						"0.0": {
							"post": [0, 0, 0],
							"lerp_mode": "catmullrom"
						},
						"21.25": [0, 0, 0],
						"24.25": [-42.5, 0, -180],
						"59.0": [-42.5, 0, -180],
						"70.0": [-42.5, 0, -180]
					},
					"position": {
						"0.0": {
							"post": [0, 144, 0],
							"lerp_mode": "catmullrom"
						},
						"4.0": {
							"post": [0, 144, 0],
							"lerp_mode": "catmullrom"
						},
						"4.5": {
							"post": [0, 144, 0],
							"lerp_mode": "catmullrom"
						},
						"8.5": {
							"post": [0, 64, 0],
							"lerp_mode": "catmullrom"
						},
						"21.25": [0, 64, 0],
						"24.25": [0, 64, 0],
						"59.0": [0, 64, 0],
						"63.75": [0, 373, 0],
						"70.0": [0, 373, 0]
					}
				},
				"Body": {
					"rotation": {
						"0.0": {
							"post": [0, 0, 0],
							"lerp_mode": "catmullrom"
						}
					},
					"position": {
						"0.0": {
							"post": [0, 0, 0],
							"lerp_mode": "catmullrom"
						}
					}
				},
				"Head4": {
					"rotation": {
						"0.0": {
							"post": [-50, 0, 0],
							"lerp_mode": "catmullrom"
						},
						"8.75": {
							"post": [-47.91, 0, 0],
							"lerp_mode": "catmullrom"
						},
						"12.0": {
							"post": [-46.18806, 1.52572, 9.88409],
							"lerp_mode": "catmullrom"
						},
						"12.25": {
							"post": [-43.97, 1.5, 9.74],
							"lerp_mode": "catmullrom"
						},
						"12.5": {
							"post": [-41.63, 1.42, 9.23],
							"lerp_mode": "catmullrom"
						},
						"12.75": {
							"post": [-38.78763, -3.54124, -10.72192],
							"lerp_mode": "catmullrom"
						},
						"13.0": {
							"post": [-42.69406, 5.81887, 35.79227],
							"lerp_mode": "catmullrom"
						},
						"13.25": {
							"post": [-48.07496, -2.91602, 3.88356],
							"lerp_mode": "catmullrom"
						},
						"13.5": {
							"post": [-44.44124, 1.91088, 16.17791],
							"lerp_mode": "catmullrom"
						},
						"13.75": {
							"post": [-56.34452, -0.93707, -10.43401],
							"lerp_mode": "catmullrom"
						},
						"14.0": {
							"post": [-50.25, -0.99, -10.72],
							"lerp_mode": "catmullrom"
						},
						"14.75": {
							"post": [-48.60146, -0.37478, -4.04445],
							"lerp_mode": "catmullrom"
						},
						"15.25": {
							"post": [-60, 0, 0],
							"lerp_mode": "catmullrom"
						},
						"17.75": {
							"post": [-68.19821, 1.77668, -1.5089],
							"lerp_mode": "catmullrom"
						},
						"17.9583": {
							"post": [-66.07203, -5.80125, 5.06014],
							"lerp_mode": "catmullrom"
						},
						"18.25": {
							"post": [-62.20079, 8.25492, -5.51903],
							"lerp_mode": "catmullrom"
						},
						"18.5": {
							"post": [-66.24453, -10.49771, 6.80446],
							"lerp_mode": "catmullrom"
						},
						"18.75": {
							"post": [-61.51021, 3.45963, -3.61861],
							"lerp_mode": "catmullrom"
						},
						"19.0": {
							"post": [-65.52574, 22.91116, 32.54958],
							"lerp_mode": "catmullrom"
						},
						"19.25": {
							"post": [-64.36486, -11.37205, -9.84076],
							"lerp_mode": "catmullrom"
						},
						"19.625": {
							"post": [-56.0691, -24.78378, -3.1681],
							"lerp_mode": "catmullrom"
						},
						"19.9167": {
							"post": [-57.31966, 4.20687, -11.90329],
							"lerp_mode": "catmullrom"
						},
						"20.25": {
							"post": [-49.51351, -9.88068, 5.94823],
							"lerp_mode": "catmullrom"
						},
						"20.5": {
							"post": [-45.35469, -5.67422, -12.65314],
							"lerp_mode": "catmullrom"
						},
						"21.0": {
							"post": [-55, 0, 0],
							"lerp_mode": "catmullrom"
						},
						"21.25": {
							"post": [-45, 0, 0],
							"lerp_mode": "catmullrom"
						},
						"24.25": {
							"post": [-22.5, 0, 0],
							"lerp_mode": "catmullrom"
						},
						"24.75": {
							"post": [-21.89, 0, 0],
							"lerp_mode": "catmullrom"
						},
						"25.0": {
							"post": [-21.84567, 0.99395, -17.47263],
							"lerp_mode": "catmullrom"
						},
						"25.25": {
							"post": [-21.50674, 0.09326, -2.49433],
							"lerp_mode": "catmullrom"
						},
						"25.5833": {
							"post": [-21.24, 0.09, -2.38],
							"lerp_mode": "catmullrom"
						},
						"25.75": {
							"post": [-13.57442, 7.57228, -1.85914],
							"lerp_mode": "catmullrom"
						},
						"26.0": {
							"post": [-13.38, 7.57, -1.85],
							"lerp_mode": "catmullrom"
						},
						"26.25": {
							"post": [-13.22, 7.53, -1.84],
							"lerp_mode": "catmullrom"
						},
						"29.2917": {
							"post": [-10.68, 6.86, -1.68],
							"lerp_mode": "catmullrom"
						},
						"29.5417": {
							"post": [-5.49738, 6.81196, -1.66826],
							"lerp_mode": "catmullrom"
						},
						"30.0417": {
							"post": [-5.15, 6.72, -1.65],
							"lerp_mode": "catmullrom"
						},
						"30.2917": {
							"post": [4.15299, 23.04948, 4.77518],
							"lerp_mode": "catmullrom"
						},
						"31.75": {
							"post": [4.97, 22.51, 4.76],
							"lerp_mode": "catmullrom"
						},
						"32.0": {
							"post": [15.05, 22.34, 4.72],
							"lerp_mode": "catmullrom"
						},
						"33.5": {
							"post": [15.42, 21.14, 4.47],
							"lerp_mode": "catmullrom"
						},
						"34.0": {
							"post": [2.77939, 14.11141, 12.22414],
							"lerp_mode": "catmullrom"
						},
						"34.5": {
							"post": [-16.74097, 4.58107, 78.128],
							"lerp_mode": "catmullrom"
						},
						"40.0": {
							"post": [-7.46, 2.34, 56.75],
							"lerp_mode": "catmullrom"
						},
						"40.25": {
							"post": [-27.02038, 2.27887, 55.67869],
							"lerp_mode": "catmullrom"
						},
						"40.5": {
							"post": [-26.65, 2.24, 54.85],
							"lerp_mode": "catmullrom"
						},
						"40.625": {
							"post": [-21.34341, 2.22354, 54.44778],
							"lerp_mode": "catmullrom"
						},
						"40.75": {
							"post": [-28.53748, 2.20711, 54.04554],
							"lerp_mode": "catmullrom"
						},
						"41.75": {
							"post": [-25.56, 2.04, 49.96],
							"lerp_mode": "catmullrom"
						},
						"42.0": {
							"post": [-2.09056, 15.98528, 34.49967],
							"lerp_mode": "catmullrom"
						},
						"46.5": {
							"post": [9.82, 6.68, 12.23],
							"lerp_mode": "catmullrom"
						},
						"46.75": {
							"post": [-26.98064, 6.01016, 10.8204],
							"lerp_mode": "catmullrom"
						},
						"46.875": {
							"post": [-19.15342, 5.84163, 10.51278],
							"lerp_mode": "catmullrom"
						},
						"48.1667": {
							"post": [-1.84, 2.97, 5.34],
							"lerp_mode": "catmullrom"
						},
						"48.3333": {
							"post": [-12.07527, 2.58315, 4.644],
							"lerp_mode": "catmullrom"
						},
						"49.0833": {
							"post": [-26.56356, 0.82197, 1.47772],
							"lerp_mode": "catmullrom"
						},
						"49.5": {
							"post": [-7.07, 0, 0],
							"lerp_mode": "catmullrom"
						},
						"58.5": {
							"post": [-42.5, 0, 0],
							"lerp_mode": "catmullrom"
						},
						"59.0": {
							"post": [-42.5, 0, 0],
							"lerp_mode": "catmullrom"
						},
						"70.0": {
							"post": [17.5, 0, 0],
							"lerp_mode": "catmullrom"
						}
					},
					"position": {
						"15.25": {
							"pre": [0, 0, 0],
							"post": [0, 0, 0],
							"lerp_mode": "catmullrom"
						},
						"21.0": {
							"post": [0, 0, 0],
							"lerp_mode": "catmullrom"
						},
						"21.25": {
							"post": [0, 0, 0],
							"lerp_mode": "catmullrom"
						},
						"24.25": {
							"post": [0, 0, 0],
							"lerp_mode": "catmullrom"
						},
						"49.5": {
							"post": [0, 0, 0],
							"lerp_mode": "catmullrom"
						},
						"58.5": {
							"post": [0, 0, 3],
							"lerp_mode": "catmullrom"
						},
						"59.0": {
							"post": [0, 0, 3],
							"lerp_mode": "catmullrom"
						},
						"70.0": {
							"post": [0, 0, 3],
							"lerp_mode": "catmullrom"
						}
					},
					"scale": {
						"0.0": {
							"post": [1, 1, 1],
							"lerp_mode": "catmullrom"
						},
						"15.25": {
							"post": [1, 1, 1],
							"lerp_mode": "catmullrom"
						},
						"17.75": {
							"post": [1, 1, 3],
							"lerp_mode": "catmullrom"
						},
						"21.0": {
							"post": [1, 1, 1],
							"lerp_mode": "catmullrom"
						},
						"21.25": {
							"post": [1, 1, 1],
							"lerp_mode": "catmullrom"
						},
						"24.25": {
							"post": [1, 1, 1],
							"lerp_mode": "catmullrom"
						},
						"49.5": {
							"post": [1, 1, 1],
							"lerp_mode": "catmullrom"
						},
						"58.5": {
							"post": [1, 1, 5.3],
							"lerp_mode": "catmullrom"
						},
						"59.0": {
							"post": [1, 1, 5.3],
							"lerp_mode": "catmullrom"
						},
						"70.0": {
							"post": [1, 1, 5.3],
							"lerp_mode": "catmullrom"
						}
					}
				},
				"leftarm": {
					"rotation": {
						"0.0": {
							"post": [0, 0, 0],
							"lerp_mode": "catmullrom"
						},
						"0.125": {
							"post": [0, 0, 0],
							"lerp_mode": "catmullrom"
						},
						"0.375": {
							"post": [0, 0, 20],
							"lerp_mode": "catmullrom"
						},
						"3.25": {
							"post": [0, 0, 20],
							"lerp_mode": "catmullrom"
						},
						"3.75": {
							"post": [0, 0, 0],
							"lerp_mode": "catmullrom"
						},
						"4.0": {
							"post": [0, 0, 0],
							"lerp_mode": "catmullrom"
						},
						"4.5": {
							"post": [0, 0, 0],
							"lerp_mode": "catmullrom"
						},
						"4.75": {
							"post": [0, 0, -22.5],
							"lerp_mode": "catmullrom"
						},
						"5.0": {
							"post": [16.39211, 28.46296, 9.18416],
							"lerp_mode": "catmullrom"
						},
						"5.25": {
							"post": [0, 0, 22.5],
							"lerp_mode": "catmullrom"
						},
						"6.0": {
							"post": [0, 0, 0],
							"lerp_mode": "catmullrom"
						},
						"6.25": {
							"post": [0, 0, -22.5],
							"lerp_mode": "catmullrom"
						},
						"6.5": {
							"post": [16.39211, 28.46296, 9.18416],
							"lerp_mode": "catmullrom"
						},
						"6.75": {
							"post": [0, 0, 22.5],
							"lerp_mode": "catmullrom"
						},
						"7.75": {
							"post": [0, 0, 0],
							"lerp_mode": "catmullrom"
						},
						"8.0": {
							"post": [0, 0, -22.5],
							"lerp_mode": "catmullrom"
						},
						"8.25": {
							"post": [16.39211, 28.46296, 9.18416],
							"lerp_mode": "catmullrom"
						},
						"8.5": {
							"post": [0, 0, 22.5],
							"lerp_mode": "catmullrom"
						},
						"21.25": {
							"post": [0, 0, 22.5],
							"lerp_mode": "catmullrom"
						},
						"22.25": {
							"post": [0, 0, 75],
							"lerp_mode": "catmullrom"
						},
						"23.25": {
							"post": [0, 0, -2.5],
							"lerp_mode": "catmullrom"
						},
						"24.25": {
							"post": [0, 0, 22.5],
							"lerp_mode": "catmullrom"
						},
						"59.0": {
							"post": [0, 0, 22.5],
							"lerp_mode": "catmullrom"
						},
						"59.5": {
							"post": [0, 0, 22.5],
							"lerp_mode": "catmullrom"
						},
						"59.75": {
							"post": [16.39211, 28.46296, 9.18416],
							"lerp_mode": "catmullrom"
						},
						"60.0": {
							"post": [0, 0, -22.5],
							"lerp_mode": "catmullrom"
						},
						"60.25": {
							"post": [0, 0, 0],
							"lerp_mode": "catmullrom"
						},
						"61.25": {
							"post": [0, 0, 22.5],
							"lerp_mode": "catmullrom"
						},
						"61.5": {
							"post": [16.39211, 28.46296, 9.18416],
							"lerp_mode": "catmullrom"
						},
						"61.75": {
							"post": [0, 0, -22.5],
							"lerp_mode": "catmullrom"
						},
						"62.0": {
							"post": [0, 0, 0],
							"lerp_mode": "catmullrom"
						},
						"62.75": {
							"post": [0, 0, 22.5],
							"lerp_mode": "catmullrom"
						},
						"70.0": {
							"post": [0, 0, 22.5],
							"lerp_mode": "catmullrom"
						}
					},
					"position": {
						"0.0": {
							"post": [0, 0, 0],
							"lerp_mode": "catmullrom"
						},
						"4.0": {
							"post": [0, 0, 0],
							"lerp_mode": "catmullrom"
						},
						"4.5": {
							"post": [0, 0, 0],
							"lerp_mode": "catmullrom"
						},
						"5.25": {
							"post": [0, 0, 0],
							"lerp_mode": "catmullrom"
						},
						"6.0": {
							"post": [0, 0, 0],
							"lerp_mode": "catmullrom"
						},
						"6.75": {
							"post": [0, 0, 0],
							"lerp_mode": "catmullrom"
						},
						"7.75": {
							"post": [0, 0, 0],
							"lerp_mode": "catmullrom"
						},
						"8.5": {
							"post": [0, 0, 0],
							"lerp_mode": "catmullrom"
						},
						"21.25": {
							"post": [0, 0, 0],
							"lerp_mode": "catmullrom"
						},
						"23.25": {
							"post": [0, 0, 0],
							"lerp_mode": "catmullrom"
						},
						"24.25": {
							"post": [0, 0, 0],
							"lerp_mode": "catmullrom"
						},
						"59.0": {
							"post": [0, 0, 0],
							"lerp_mode": "catmullrom"
						},
						"59.5": {
							"post": [0, 0, 0],
							"lerp_mode": "catmullrom"
						},
						"60.25": {
							"post": [0, 0, 0],
							"lerp_mode": "catmullrom"
						},
						"61.25": {
							"post": [0, 0, 0],
							"lerp_mode": "catmullrom"
						},
						"62.0": {
							"post": [0, 0, 0],
							"lerp_mode": "catmullrom"
						},
						"62.75": {
							"post": [0, 0, 0],
							"lerp_mode": "catmullrom"
						},
						"70.0": {
							"post": [0, 0, 0],
							"lerp_mode": "catmullrom"
						}
					}
				},
				"leftarm2": {
					"rotation": {
						"0.0": {
							"post": [0, 0, 0],
							"lerp_mode": "catmullrom"
						},
						"0.125": {
							"post": [0, 0, 0],
							"lerp_mode": "catmullrom"
						},
						"0.375": {
							"post": [0, 5, 0],
							"lerp_mode": "catmullrom"
						},
						"3.25": {
							"post": [0, 5, 0],
							"lerp_mode": "catmullrom"
						},
						"3.75": {
							"post": [0, 0, 0],
							"lerp_mode": "catmullrom"
						},
						"4.0": {
							"post": [0, -90, 0],
							"lerp_mode": "catmullrom"
						},
						"4.5": {
							"post": [0, -92.5, 0],
							"lerp_mode": "catmullrom"
						},
						"4.75": {
							"post": [0, -72.5, 0],
							"lerp_mode": "catmullrom"
						},
						"5.0": {
							"post": [-5.38861, -74.60402, 1.4051],
							"lerp_mode": "catmullrom"
						},
						"5.25": {
							"post": [0, -102.5, 0],
							"lerp_mode": "catmullrom"
						},
						"6.0": {
							"post": [0, -92.5, 0],
							"lerp_mode": "catmullrom"
						},
						"6.25": {
							"post": [0, -72.5, 0],
							"lerp_mode": "catmullrom"
						},
						"6.5": {
							"post": [-5.38861, -74.60402, 1.4051],
							"lerp_mode": "catmullrom"
						},
						"6.75": {
							"post": [0, -102.5, 0],
							"lerp_mode": "catmullrom"
						},
						"7.75": {
							"post": [0, -92.5, 0],
							"lerp_mode": "catmullrom"
						},
						"8.0": {
							"post": [0, -72.5, 0],
							"lerp_mode": "catmullrom"
						},
						"8.25": {
							"post": [-5.38861, -74.60402, 1.4051],
							"lerp_mode": "catmullrom"
						},
						"8.5": {
							"post": [0, -102.5, 0],
							"lerp_mode": "catmullrom"
						},
						"21.25": {
							"post": [0, -102.5, 0],
							"lerp_mode": "catmullrom"
						},
						"22.25": {
							"post": [0, -10, 0],
							"lerp_mode": "catmullrom"
						},
						"23.25": {
							"post": [0, -105.78, 0],
							"lerp_mode": "catmullrom"
						},
						"24.25": {
							"post": [0, -102.5, 0],
							"lerp_mode": "catmullrom"
						},
						"59.0": {
							"post": [0, -102.5, 0],
							"lerp_mode": "catmullrom"
						},
						"59.5": {
							"post": [0, -102.5, 0],
							"lerp_mode": "catmullrom"
						},
						"59.75": {
							"post": [-5.38861, -74.60402, 1.4051],
							"lerp_mode": "catmullrom"
						},
						"60.0": {
							"post": [0, -72.5, 0],
							"lerp_mode": "catmullrom"
						},
						"60.25": {
							"post": [0, -92.5, 0],
							"lerp_mode": "catmullrom"
						},
						"61.25": {
							"post": [0, -102.5, 0],
							"lerp_mode": "catmullrom"
						},
						"61.5": {
							"post": [-5.38861, -74.60402, 1.4051],
							"lerp_mode": "catmullrom"
						},
						"61.75": {
							"post": [0, -72.5, 0],
							"lerp_mode": "catmullrom"
						},
						"62.0": {
							"post": [0, -92.5, 0],
							"lerp_mode": "catmullrom"
						},
						"62.75": {
							"post": [0, -102.5, 0],
							"lerp_mode": "catmullrom"
						},
						"70.0": {
							"post": [0, -102.5, 0],
							"lerp_mode": "catmullrom"
						}
					},
					"position": {
						"0.0": {
							"post": [0, 0, 0],
							"lerp_mode": "catmullrom"
						},
						"0.125": {
							"post": [0, 0, 0],
							"lerp_mode": "catmullrom"
						},
						"0.375": {
							"post": [5, 0, 4],
							"lerp_mode": "catmullrom"
						},
						"3.25": {
							"post": [5, 0, 4],
							"lerp_mode": "catmullrom"
						},
						"3.75": {
							"post": [0, 0, 0],
							"lerp_mode": "catmullrom"
						},
						"4.0": {
							"post": [0, 0, 0],
							"lerp_mode": "catmullrom"
						},
						"21.25": {
							"post": [0, 0, 0],
							"lerp_mode": "catmullrom"
						},
						"24.25": {
							"post": [0, 0, 0],
							"lerp_mode": "catmullrom"
						},
						"59.0": {
							"post": [0, 0, 0],
							"lerp_mode": "catmullrom"
						},
						"70.0": {
							"post": [0, 0, 0],
							"lerp_mode": "catmullrom"
						}
					},
					"scale": {
						"0.0": {
							"post": [1, 1, 1],
							"lerp_mode": "catmullrom"
						},
						"0.125": {
							"post": [1, 1, 1],
							"lerp_mode": "catmullrom"
						},
						"0.375": {
							"post": [1, 1, 7],
							"lerp_mode": "catmullrom"
						},
						"3.25": {
							"post": [1, 1, 1],
							"lerp_mode": "catmullrom"
						},
						"3.75": {
							"post": [1, 1, 1],
							"lerp_mode": "catmullrom"
						},
						"4.0": {
							"post": [1, 1, 1],
							"lerp_mode": "catmullrom"
						},
						"21.25": {
							"post": [1, 1, 1],
							"lerp_mode": "catmullrom"
						},
						"24.25": {
							"post": [1, 1, 1],
							"lerp_mode": "catmullrom"
						},
						"59.0": {
							"post": [1, 1, 1],
							"lerp_mode": "catmullrom"
						},
						"70.0": {
							"post": [1, 1, 1],
							"lerp_mode": "catmullrom"
						}
					}
				},
				"leftarm4": {
					"rotation": {
						"0.0": {
							"post": [0, 0, 0],
							"lerp_mode": "catmullrom"
						},
						"0.125": {
							"post": [0, 0, 0],
							"lerp_mode": "catmullrom"
						},
						"0.375": [90, 12.5, 0],
						"3.25": {
							"pre": [0, 0, 0],
							"post": [0, 0, 0],
							"lerp_mode": "catmullrom"
						},
						"3.75": {
							"post": [0, 0, 0],
							"lerp_mode": "catmullrom"
						},
						"4.0": {
							"post": [0, 0, 0],
							"lerp_mode": "catmullrom"
						},
						"59.0": {
							"post": [0, 0, 0],
							"lerp_mode": "catmullrom"
						},
						"70.0": {
							"post": [0, 0, 0],
							"lerp_mode": "catmullrom"
						}
					},
					"position": {
						"0.0": {
							"post": [0, 0, 0],
							"lerp_mode": "catmullrom"
						},
						"0.125": {
							"post": [0, 0, 0],
							"lerp_mode": "catmullrom"
						},
						"0.375": {
							"post": [-0.5, 0, -1.5],
							"lerp_mode": "catmullrom"
						},
						"3.25": {
							"post": [0, 0, 0],
							"lerp_mode": "catmullrom"
						},
						"3.75": {
							"post": [0, 0, 0],
							"lerp_mode": "catmullrom"
						},
						"4.0": {
							"post": [0, 0, 0],
							"lerp_mode": "catmullrom"
						},
						"59.0": {
							"post": [0, 0, 0],
							"lerp_mode": "catmullrom"
						},
						"70.0": {
							"post": [0, 0, 0],
							"lerp_mode": "catmullrom"
						}
					},
					"scale": {
						"0.0": {
							"post": [1, 1, 1],
							"lerp_mode": "catmullrom"
						},
						"0.125": {
							"post": [1, 1, 1],
							"lerp_mode": "catmullrom"
						},
						"0.375": {
							"post": [0.6, 1, 0.2],
							"lerp_mode": "catmullrom"
						},
						"3.25": {
							"post": [1, 1, 1],
							"lerp_mode": "catmullrom"
						},
						"3.75": {
							"post": [1, 1, 1],
							"lerp_mode": "catmullrom"
						},
						"4.0": {
							"post": [1, 1, 1],
							"lerp_mode": "catmullrom"
						},
						"59.0": {
							"post": [1, 1, 1],
							"lerp_mode": "catmullrom"
						},
						"70.0": {
							"post": [1, 1, 1],
							"lerp_mode": "catmullrom"
						}
					}
				},
				"rightarm": {
					"rotation": {
						"0.0": {
							"post": [0, 0, 107.5],
							"lerp_mode": "catmullrom"
						},
						"4.0": {
							"post": [0, 0, 107.5],
							"lerp_mode": "catmullrom"
						},
						"4.5": {
							"post": [0, 0, 107.5],
							"lerp_mode": "catmullrom"
						},
						"9.75": {
							"post": [0, 0, 107.5],
							"lerp_mode": "catmullrom"
						},
						"12.0": {
							"post": [-32.80969, 1.51267, -14.40358],
							"lerp_mode": "catmullrom"
						},
						"12.25": {
							"post": [-32.81, 1.51, -14.4],
							"lerp_mode": "catmullrom"
						},
						"12.5": {
							"post": [-45.31, 1.51, -14.4],
							"lerp_mode": "catmullrom"
						},
						"12.75": {
							"post": [-46.01667, -9.00398, -3.66331],
							"lerp_mode": "catmullrom"
						},
						"13.0": {
							"post": [-45.71106, 1.44695, -21.46865],
							"lerp_mode": "catmullrom"
						},
						"13.25": {
							"post": [-44.03321, 13.84332, -8.97934],
							"lerp_mode": "catmullrom"
						},
						"13.5": {
							"post": [-49.17184, 13.43795, -23.80613],
							"lerp_mode": "catmullrom"
						},
						"13.75": {
							"post": [-47.59399, -0.2566, -15.86729],
							"lerp_mode": "catmullrom"
						},
						"14.0": {
							"post": [-58.89569, 13.07263, -26.10942],
							"lerp_mode": "catmullrom"
						},
						"14.75": {
							"post": [-32.80969, 1.51267, -14.40358],
							"lerp_mode": "catmullrom"
						},
						"21.25": {
							"post": [-32.81, 1.51, -14.4],
							"lerp_mode": "catmullrom"
						},
						"22.25": {
							"post": [-52.49802, -6.81932, 17.82921],
							"lerp_mode": "catmullrom"
						},
						"23.25": {
							"post": [-62.63038, -22.94761, 11.21183],
							"lerp_mode": "catmullrom"
						},
						"24.25": {
							"post": [-10.31, 1.51, -14.4],
							"lerp_mode": "catmullrom"
						},
						"34.0": {
							"post": [-8.63, 2.29, -15.22],
							"lerp_mode": "catmullrom"
						},
						"34.5": {
							"post": [-93.68, 2.26, -15.19],
							"lerp_mode": "catmullrom"
						},
						"34.6667": {
							"post": [-96.15, 2.26, -15.19],
							"lerp_mode": "catmullrom"
						},
						"34.8333": {
							"post": [-96.5309, 0.31437, -32.58677],
							"lerp_mode": "catmullrom"
						},
						"35.25": {
							"post": [-96.00474, 2.00031, -17.07116],
							"lerp_mode": "catmullrom"
						},
						"35.5": {
							"post": [-96.20176, 0.48692, -31.35121],
							"lerp_mode": "catmullrom"
						},
						"35.75": {
							"post": [-95.52088, 2.57057, -11.06066],
							"lerp_mode": "catmullrom"
						},
						"36.0": {
							"post": [-95.98369, 0.12131, -35.38579],
							"lerp_mode": "catmullrom"
						},
						"36.25": {
							"post": [-95.42908, 2.15233, -15.07871],
							"lerp_mode": "catmullrom"
						},
						"36.5": {
							"post": [-95.70974, 0.32818, -34.02902],
							"lerp_mode": "catmullrom"
						},
						"36.75": {
							"post": [-95.70974, 0.32818, -34.02902],
							"lerp_mode": "catmullrom"
						},
						"37.0": {
							"post": [-94.83767, 2.60718, -9.34475],
							"lerp_mode": "catmullrom"
						},
						"37.1667": {
							"post": [-95.24995, 0.96466, -28.58905],
							"lerp_mode": "catmullrom"
						},
						"37.3333": {
							"post": [-94.56248, 2.50077, -10.74573],
							"lerp_mode": "catmullrom"
						},
						"37.5": {
							"post": [-94.96719, 1.12148, -27.7077],
							"lerp_mode": "catmullrom"
						},
						"37.75": {
							"post": [-93.99584, 2.68082, -7.79405],
							"lerp_mode": "catmullrom"
						},
						"38.0": {
							"post": [-94.42651, 1.12262, -30.20612],
							"lerp_mode": "catmullrom"
						},
						"38.25": {
							"post": [-93.68, 2.26, -15.19],
							"lerp_mode": "catmullrom"
						},
						"59.0": {
							"post": [-93.68, 2.26, -15.19],
							"lerp_mode": "catmullrom"
						},
						"70.0": {
							"post": [-93.68, 2.26, -15.19],
							"lerp_mode": "catmullrom"
						}
					},
					"position": {
						"0.0": {
							"post": [0, 0, 0],
							"lerp_mode": "catmullrom"
						},
						"4.0": {
							"post": [0, 0, 0],
							"lerp_mode": "catmullrom"
						},
						"4.5": {
							"post": [0, 0, 0],
							"lerp_mode": "catmullrom"
						},
						"21.25": {
							"post": [0, 0, 0],
							"lerp_mode": "catmullrom"
						},
						"24.25": {
							"post": [0, 0, 0],
							"lerp_mode": "catmullrom"
						},
						"34.0": {
							"post": [0, 0, 0],
							"lerp_mode": "catmullrom"
						},
						"38.25": {
							"post": [0, 0, 0],
							"lerp_mode": "catmullrom"
						},
						"59.0": {
							"post": [0, 0, 0],
							"lerp_mode": "catmullrom"
						},
						"70.0": {
							"post": [0, 0, 0],
							"lerp_mode": "catmullrom"
						}
					}
				},
				"rightarm4": {
					"rotation": {
						"0.0": {
							"post": [27.5, 0, 0],
							"lerp_mode": "catmullrom"
						},
						"20.25": {
							"post": [27.5, 0, 0],
							"lerp_mode": "catmullrom"
						},
						"23.25": {
							"post": [27.01361, 33.35003, 187.00643],
							"lerp_mode": "catmullrom"
						},
						"58.0": {
							"post": [27.01, 33.35, 187.01],
							"lerp_mode": "catmullrom"
						},
						"70.0": {
							"post": [27.01, 33.35, 187.01],
							"lerp_mode": "catmullrom"
						}
					}
				},
				"root": {
					"rotation": {
						"0.0": {
							"post": [62.5, 0, 0],
							"lerp_mode": "catmullrom"
						}
					},
					"position": {
						"0.0": {
							"post": [0, -24, -14],
							"lerp_mode": "catmullrom"
						}
					}
				},
				"leftleg": {
					"rotation": {
						"0.0": {
							"post": [0, 0, -42.5],
							"lerp_mode": "catmullrom"
						},
						"4.0": {
							"post": [0, 0, -42.5],
							"lerp_mode": "catmullrom"
						},
						"4.5": {
							"post": [0, 0, -42.5],
							"lerp_mode": "catmullrom"
						},
						"4.75": {
							"post": [51.6243, 46.02575, -16.15409],
							"lerp_mode": "catmullrom"
						},
						"4.875": {
							"post": [120.20596, 46.73908, 23.80432],
							"lerp_mode": "catmullrom"
						},
						"5.0": {
							"post": [168.26955, 5.81311, 37.82213],
							"lerp_mode": "catmullrom"
						},
						"6.25": {
							"post": [0, 0, -42.5],
							"lerp_mode": "catmullrom"
						},
						"6.5": {
							"post": [51.6243, 46.02575, -16.15409],
							"lerp_mode": "catmullrom"
						},
						"6.625": {
							"post": [120.20596, 46.73908, 23.80432],
							"lerp_mode": "catmullrom"
						},
						"6.75": {
							"post": [168.26955, 5.81311, 37.82213],
							"lerp_mode": "catmullrom"
						},
						"7.5": {
							"post": [0, 0, -42.5],
							"lerp_mode": "catmullrom"
						},
						"7.75": {
							"post": [51.6243, 46.02575, -16.15409],
							"lerp_mode": "catmullrom"
						},
						"7.875": {
							"post": [120.20596, 46.73908, 23.80432],
							"lerp_mode": "catmullrom"
						},
						"8.0": {
							"post": [168.26955, 5.81311, 37.82213],
							"lerp_mode": "catmullrom"
						},
						"8.75": {
							"post": [0, 0, -42.5],
							"lerp_mode": "catmullrom"
						},
						"21.25": {
							"post": [0, 0, -42.5],
							"lerp_mode": "catmullrom"
						},
						"22.5": {
							"post": [0, 0, 42.5],
							"lerp_mode": "catmullrom"
						},
						"24.25": {
							"post": [0, 0, -42.5],
							"lerp_mode": "catmullrom"
						},
						"59.0": {
							"post": [0, 0, -42.5],
							"lerp_mode": "catmullrom"
						},
						"59.25": {
							"post": [0, 0, -42.5],
							"lerp_mode": "catmullrom"
						},
						"60.0": {
							"post": [168.26955, 5.81311, 37.82213],
							"lerp_mode": "catmullrom"
						},
						"60.125": {
							"post": [120.20596, 46.73908, 23.80432],
							"lerp_mode": "catmullrom"
						},
						"60.25": {
							"post": [51.6243, 46.02575, -16.15409],
							"lerp_mode": "catmullrom"
						},
						"60.5": {
							"post": [0, 0, -42.5],
							"lerp_mode": "catmullrom"
						},
						"61.25": {
							"post": [168.26955, 5.81311, 37.82213],
							"lerp_mode": "catmullrom"
						},
						"61.375": {
							"post": [120.20596, 46.73908, 23.80432],
							"lerp_mode": "catmullrom"
						},
						"61.5": {
							"post": [51.6243, 46.02575, -16.15409],
							"lerp_mode": "catmullrom"
						},
						"61.75": {
							"post": [0, 0, -42.5],
							"lerp_mode": "catmullrom"
						},
						"70.0": {
							"post": [0, 0, -42.5],
							"lerp_mode": "catmullrom"
						}
					},
					"position": {
						"0.0": {
							"post": [-5, 0, 0],
							"lerp_mode": "catmullrom"
						},
						"21.25": {
							"post": [-5, 0, 0],
							"lerp_mode": "catmullrom"
						},
						"24.25": {
							"post": [-5, 0, 0],
							"lerp_mode": "catmullrom"
						},
						"59.0": {
							"post": [-5, 0, 0],
							"lerp_mode": "catmullrom"
						},
						"70.0": {
							"post": [-5, 0, 0],
							"lerp_mode": "catmullrom"
						}
					}
				},
				"leftleg1": {
					"rotation": {
						"0.0": {
							"post": [0, -45, 0],
							"lerp_mode": "catmullrom"
						},
						"4.0": {
							"post": [0, -45, 0],
							"lerp_mode": "catmullrom"
						},
						"4.5": {
							"post": [0, -45, 0],
							"lerp_mode": "catmullrom"
						},
						"21.25": {
							"post": [0, -45, 0],
							"lerp_mode": "catmullrom"
						},
						"22.5": {
							"post": [0, -45, 0],
							"lerp_mode": "catmullrom"
						},
						"23.5": {
							"post": [0, -12.5, 0],
							"lerp_mode": "catmullrom"
						},
						"24.25": {
							"post": [0, -45, 0],
							"lerp_mode": "catmullrom"
						},
						"59.0": {
							"post": [0, -45, 0],
							"lerp_mode": "catmullrom"
						},
						"70.0": {
							"post": [0, -45, 0],
							"lerp_mode": "catmullrom"
						}
					}
				},
				"rightLeg": {
					"rotation": {
						"0.0": {
							"post": [180, 0, -37.5],
							"lerp_mode": "catmullrom"
						},
						"4.0": {
							"post": [180, 0, -37.5],
							"lerp_mode": "catmullrom"
						},
						"4.5": {
							"post": [180, 0, -37.5],
							"lerp_mode": "catmullrom"
						},
						"5.25": {
							"post": [0, 0, 32.5],
							"lerp_mode": "catmullrom"
						},
						"5.5": {
							"post": [105.1149, -36.3964, -15.45787],
							"lerp_mode": "catmullrom"
						},
						"5.625": {
							"post": [135.23177, -23.98667, -35.52578],
							"lerp_mode": "catmullrom"
						},
						"5.75": {
							"post": [179.34412, 0.10096, -42.03447],
							"lerp_mode": "catmullrom"
						},
						"6.9167": {
							"post": [0, 0, 32.5],
							"lerp_mode": "catmullrom"
						},
						"7.1667": {
							"post": [105.1149, -36.3964, -15.45787],
							"lerp_mode": "catmullrom"
						},
						"7.2917": {
							"post": [135.23177, -23.98667, -35.52578],
							"lerp_mode": "catmullrom"
						},
						"7.4167": {
							"post": [179.34412, 0.10096, -42.03447],
							"lerp_mode": "catmullrom"
						},
						"8.125": {
							"post": [0, 0, 32.5],
							"lerp_mode": "catmullrom"
						},
						"8.375": {
							"post": [105.1149, -36.3964, -15.45787],
							"lerp_mode": "catmullrom"
						},
						"8.5833": {
							"post": [135.23177, -23.98667, -35.52578],
							"lerp_mode": "catmullrom"
						},
						"8.75": {
							"post": [179.34412, 0.10096, -42.03447],
							"lerp_mode": "catmullrom"
						},
						"21.25": {
							"post": [179.34, 0.1, -42.03],
							"lerp_mode": "catmullrom"
						},
						"22.5": {
							"post": [179.44409, 0.36955, -17.03122],
							"lerp_mode": "catmullrom"
						},
						"23.875": {
							"post": [194.34849, 0.10361, -41.3697],
							"lerp_mode": "catmullrom"
						},
						"24.25": {
							"post": [194.04373, -2.9734, -29.24906],
							"lerp_mode": "catmullrom"
						},
						"59.0": {
							"post": [194.04, -2.97, -29.25],
							"lerp_mode": "catmullrom"
						},
						"59.25": {
							"post": [179.34412, 0.10096, -42.03447],
							"lerp_mode": "catmullrom"
						},
						"59.4167": {
							"post": [135.23177, -23.98667, -35.52578],
							"lerp_mode": "catmullrom"
						},
						"59.625": {
							"post": [105.1149, -36.3964, -15.45787],
							"lerp_mode": "catmullrom"
						},
						"59.875": {
							"post": [0, 0, 32.5],
							"lerp_mode": "catmullrom"
						},
						"60.5833": {
							"post": [179.34412, 0.10096, -42.03447],
							"lerp_mode": "catmullrom"
						},
						"60.7083": {
							"post": [135.23177, -23.98667, -35.52578],
							"lerp_mode": "catmullrom"
						},
						"60.8333": {
							"post": [105.1149, -36.3964, -15.45787],
							"lerp_mode": "catmullrom"
						},
						"61.0833": {
							"post": [0, 0, 32.5],
							"lerp_mode": "catmullrom"
						},
						"62.25": {
							"post": [179.34412, 0.10096, -42.03447],
							"lerp_mode": "catmullrom"
						},
						"62.375": {
							"post": [135.23177, -23.98667, -35.52578],
							"lerp_mode": "catmullrom"
						},
						"62.5": {
							"post": [105.1149, -36.3964, -15.45787],
							"lerp_mode": "catmullrom"
						},
						"62.75": {
							"post": [0, 0, 32.5],
							"lerp_mode": "catmullrom"
						},
						"70.0": {
							"post": [0, 0, 32.5],
							"lerp_mode": "catmullrom"
						}
					},
					"position": {
						"0.0": {
							"post": [5, 0, 0],
							"lerp_mode": "catmullrom"
						},
						"21.25": {
							"post": [5, 0, 0],
							"lerp_mode": "catmullrom"
						},
						"24.25": {
							"post": [5, 0, 0],
							"lerp_mode": "catmullrom"
						},
						"59.0": {
							"post": [5, 0, 0],
							"lerp_mode": "catmullrom"
						},
						"70.0": {
							"post": [5, 0, 0],
							"lerp_mode": "catmullrom"
						}
					}
				},
				"rightLeg1": {
					"rotation": {
						"0.0": {
							"post": [0, 55, 0],
							"lerp_mode": "catmullrom"
						},
						"21.25": {
							"post": [0, 55, 0],
							"lerp_mode": "catmullrom"
						},
						"22.5": {
							"post": [0, 35, 0],
							"lerp_mode": "catmullrom"
						},
						"23.875": {
							"post": [0, 82.97, 0],
							"lerp_mode": "catmullrom"
						},
						"24.25": {
							"post": [0, 55, 0],
							"lerp_mode": "catmullrom"
						},
						"59.0": {
							"post": [0, 55, 0],
							"lerp_mode": "catmullrom"
						},
						"70.0": {
							"post": [0, 55, 0],
							"lerp_mode": "catmullrom"
						}
					}
				},
				"head": {
					"rotation": {
						"0.0": {
							"post": [55, 0, 0],
							"lerp_mode": "catmullrom"
						},
						"8.75": {
							"post": [55, 0, 0],
							"lerp_mode": "catmullrom"
						},
						"12.0": {
							"post": [66.42162, 27.37758, 22.83957],
							"lerp_mode": "catmullrom"
						},
						"12.25": {
							"post": [66.42, 27.38, 22.84],
							"lerp_mode": "catmullrom"
						},
						"12.5": {
							"post": [58.92, 27.38, 22.84],
							"lerp_mode": "catmullrom"
						},
						"12.75": {
							"post": [64.90972, 14.58672, 39.36212],
							"lerp_mode": "catmullrom"
						},
						"13.0": {
							"post": [44.13689, 39.76218, -3.41709],
							"lerp_mode": "catmullrom"
						},
						"13.25": {
							"post": [65.84716, 24.34261, 27.2548],
							"lerp_mode": "catmullrom"
						},
						"13.5": {
							"post": [57.99436, 35.53314, 11.66691],
							"lerp_mode": "catmullrom"
						},
						"13.75": {
							"post": [74.06522, 15.4895, 36.65496],
							"lerp_mode": "catmullrom"
						},
						"14.0": {
							"post": [74.06522, 15.4895, 36.65496],
							"lerp_mode": "catmullrom"
						},
						"14.75": {
							"post": [59.94479, -3.28313, -0.52039],
							"lerp_mode": "catmullrom"
						},
						"15.25": {
							"post": [59.94, -3.28, -0.52],
							"lerp_mode": "catmullrom"
						},
						"15.5": {
							"post": [60.19221, -11.04855, 9.35802],
							"lerp_mode": "catmullrom"
						},
						"15.75": {
							"post": [62.60705, 7.23949, -12.31367],
							"lerp_mode": "catmullrom"
						},
						"16.0": {
							"post": [62.60705, 7.23949, -12.31367],
							"lerp_mode": "catmullrom"
						},
						"16.125": {
							"post": [63.00819, -10.13767, 7.54],
							"lerp_mode": "catmullrom"
						},
						"16.5": {
							"post": [63.00819, -10.13767, 7.54],
							"lerp_mode": "catmullrom"
						},
						"16.625": {
							"post": [65.24274, 6.21662, -10.22664],
							"lerp_mode": "catmullrom"
						},
						"17.0": {
							"post": [69.68753, -8.59052, 3.65661],
							"lerp_mode": "catmullrom"
						},
						"17.375": {
							"post": [71.22451, 10.58396, -12.09166],
							"lerp_mode": "catmullrom"
						},
						"17.75": {
							"post": [74.6584, -7.23703, 2.55001],
							"lerp_mode": "catmullrom"
						},
						"18.0": {
							"post": [74.03113, 8.08578, -9.50633],
							"lerp_mode": "catmullrom"
						},
						"18.25": {
							"post": [73.10371, -9.46288, 4.73342],
							"lerp_mode": "catmullrom"
						},
						"18.5": {
							"post": [72.60142, 7.5485, -9.4545],
							"lerp_mode": "catmullrom"
						},
						"18.75": {
							"post": [71.75567, -7.67551, 3.5562],
							"lerp_mode": "catmullrom"
						},
						"19.0": {
							"post": [69.70582, 14.42521, -16.23136],
							"lerp_mode": "catmullrom"
						},
						"19.25": {
							"post": [69.59587, -9.95444, 6.28743],
							"lerp_mode": "catmullrom"
						},
						"19.625": {
							"post": [68.43026, 7.57582, -10.74652],
							"lerp_mode": "catmullrom"
						},
						"19.9167": {
							"post": [66.37824, -10.61326, 7.6808],
							"lerp_mode": "catmullrom"
						},
						"20.25": {
							"post": [65.20537, 5.26818, -9.73966],
							"lerp_mode": "catmullrom"
						},
						"20.5": {
							"post": [62.84992, -9.20798, 6.84675],
							"lerp_mode": "catmullrom"
						},
						"20.75": {
							"post": [61.74184, 2.32274, -7.45516],
							"lerp_mode": "catmullrom"
						},
						"21.0": {
							"post": [59.94, -3.28, -0.52],
							"lerp_mode": "catmullrom"
						},
						"21.5": {
							"post": [59.94, -3.28, -0.52],
							"lerp_mode": "catmullrom"
						},
						"24.25": {
							"post": [22.44, -3.28, -0.52],
							"lerp_mode": "catmullrom"
						},
						"24.75": {
							"post": [22.44, -3.28, -0.52],
							"lerp_mode": "catmullrom"
						},
						"25.0": {
							"post": [20.80674, -2.81019, 29.51982],
							"lerp_mode": "catmullrom"
						},
						"25.25": {
							"post": [17.72641, -3.27273, -5.52819],
							"lerp_mode": "catmullrom"
						},
						"25.5833": {
							"post": [17.72641, -3.27273, -5.52819],
							"lerp_mode": "catmullrom"
						},
						"25.75": {
							"post": [16.83988, -1.20037, 16.89471],
							"lerp_mode": "catmullrom"
						},
						"26.0": {
							"post": [17.46004, -2.84479, -0.53941],
							"lerp_mode": "catmullrom"
						},
						"26.25": {
							"post": [16.75717, -0.70333, 21.87064],
							"lerp_mode": "catmullrom"
						},
						"26.5": {
							"post": [17.34112, -2.62254, 1.95353],
							"lerp_mode": "catmullrom"
						},
						"26.75": {
							"post": [16.73207, -0.45259, 24.35816],
							"lerp_mode": "catmullrom"
						},
						"27.0": {
							"post": [17.46004, -2.84479, -0.53941],
							"lerp_mode": "catmullrom"
						},
						"27.25": {
							"post": [16.73207, -0.45259, 24.35816],
							"lerp_mode": "catmullrom"
						},
						"27.5": {
							"post": [17.58855, -3.06166, -3.0333],
							"lerp_mode": "catmullrom"
						},
						"27.75": {
							"post": [16.73207, -0.45259, 24.35816],
							"lerp_mode": "catmullrom"
						},
						"28.0": {
							"post": [16.73, -0.45, 24.36],
							"lerp_mode": "catmullrom"
						},
						"28.25": {
							"post": [25.22332, -3.27152, -5.52619],
							"lerp_mode": "catmullrom"
						},
						"28.5417": {
							"post": [11.61286, -3.93879, 11.99613],
							"lerp_mode": "catmullrom"
						},
						"28.7917": {
							"post": [11.61, -3.94, 12],
							"lerp_mode": "catmullrom"
						},
						"29.0417": {
							"post": [21.76522, -8.15943, -12.78735],
							"lerp_mode": "catmullrom"
						},
						"29.2917": {
							"post": [4.70089, -6.2565, 22.45005],
							"lerp_mode": "catmullrom"
						},
						"29.5417": {
							"post": [11.35858, -15.28127, -12.03132],
							"lerp_mode": "catmullrom"
						},
						"29.7917": {
							"post": [4.97807, -7.01505, 20.05182],
							"lerp_mode": "catmullrom"
						},
						"30.0417": {
							"post": [10.70048, -14.78403, -9.49443],
							"lerp_mode": "catmullrom"
						},
						"30.2917": {
							"post": [4.24427, -4.70824, 27.22631],
							"lerp_mode": "catmullrom"
						},
						"30.5417": {
							"post": [8.8794, -13.13144, -1.95556],
							"lerp_mode": "catmullrom"
						},
						"30.75": {
							"post": [8.88, -13.13, -1.96],
							"lerp_mode": "catmullrom"
						},
						"31.0": {
							"post": [-3.62, -13.13, -1.96],
							"lerp_mode": "catmullrom"
						},
						"31.125": {
							"post": [18.88, -13.13, -1.96],
							"lerp_mode": "catmullrom"
						},
						"31.25": {
							"post": [-1.12, -13.13, -1.96],
							"lerp_mode": "catmullrom"
						},
						"31.375": {
							"post": [16.38, -13.13, -1.96],
							"lerp_mode": "catmullrom"
						},
						"31.5": {
							"post": [1.38, -13.13, -1.96],
							"lerp_mode": "catmullrom"
						},
						"31.625": {
							"post": [13.88, -13.13, -1.96],
							"lerp_mode": "catmullrom"
						},
						"31.75": {
							"post": [1.38, -13.13, -1.96],
							"lerp_mode": "catmullrom"
						},
						"32.0": {
							"post": [-2.00145, -3.30093, 21.29882],
							"lerp_mode": "catmullrom"
						},
						"32.1667": {
							"post": [-2.00145, -3.30093, 21.29882],
							"lerp_mode": "catmullrom"
						},
						"32.4167": {
							"post": [1.94425, -14.01945, -4.36361],
							"lerp_mode": "catmullrom"
						},
						"32.5833": {
							"post": [1.94425, -14.01945, -4.36361],
							"lerp_mode": "catmullrom"
						},
						"32.8333": {
							"post": [-2.00145, -3.30093, 21.29882],
							"lerp_mode": "catmullrom"
						},
						"33.0": {
							"post": [-2.00145, -3.30093, 21.29882],
							"lerp_mode": "catmullrom"
						},
						"33.25": {
							"post": [4.60002, -17.32106, -14.16979],
							"lerp_mode": "catmullrom"
						},
						"33.5": {
							"post": [4.6, -17.32, -14.17],
							"lerp_mode": "catmullrom"
						},
						"34.0": {
							"post": [4.6, -17.32, -14.17],
							"lerp_mode": "catmullrom"
						},
						"34.5": {
							"post": [1.51368, 34.98746, -32.06717],
							"lerp_mode": "catmullrom"
						},
						"38.5": {
							"post": [1.51, 34.99, -32.07],
							"lerp_mode": "catmullrom"
						},
						"38.75": {
							"post": [-15.99, 34.99, -32.07],
							"lerp_mode": "catmullrom"
						},
						"39.25": {
							"post": [-15.99, 34.99, -32.07],
							"lerp_mode": "catmullrom"
						},
						"39.5": {
							"post": [-23.98018, 21.37438, -48.77703],
							"lerp_mode": "catmullrom"
						},
						"39.75": {
							"post": [1.07458, 46.46118, -6.29535],
							"lerp_mode": "catmullrom"
						},
						"40.0": {
							"post": [-21.62325, 26.71043, -43.00226],
							"lerp_mode": "catmullrom"
						},
						"40.25": {
							"post": [13.61371, 39.42599, -24.46969],
							"lerp_mode": "catmullrom"
						},
						"40.5": {
							"post": [23.61371, 39.42599, -24.46969],
							"lerp_mode": "catmullrom"
						},
						"40.625": {
							"post": [8.61371, 39.42599, -24.46969],
							"lerp_mode": "catmullrom"
						},
						"40.75": {
							"post": [21.11371, 39.42599, -24.46969],
							"lerp_mode": "catmullrom"
						},
						"40.875": {
							"post": [1.11371, 39.42599, -24.46969],
							"lerp_mode": "catmullrom"
						},
						"41.0": {
							"post": [16.11371, 39.42599, -24.46969],
							"lerp_mode": "catmullrom"
						},
						"41.125": {
							"post": [8.61371, 39.42599, -24.46969],
							"lerp_mode": "catmullrom"
						},
						"41.25": {
							"post": [26.11371, 39.42599, -24.46969],
							"lerp_mode": "catmullrom"
						},
						"41.375": {
							"post": [13.61371, 39.42599, -24.46969],
							"lerp_mode": "catmullrom"
						},
						"41.5": {
							"post": [23.61371, 39.42599, -24.46969],
							"lerp_mode": "catmullrom"
						},
						"41.75": {
							"post": [23.61, 39.43, -24.47],
							"lerp_mode": "catmullrom"
						},
						"42.0": {
							"post": [23.96799, 1.52498, -5.14103],
							"lerp_mode": "catmullrom"
						},
						"42.25": {
							"post": [23.97, 1.52, -5.14],
							"lerp_mode": "catmullrom"
						},
						"42.5": {
							"post": [36.47, 1.52, -5.14],
							"lerp_mode": "catmullrom"
						},
						"42.625": {
							"post": [18.97, 1.52, -5.14],
							"lerp_mode": "catmullrom"
						},
						"42.75": {
							"post": [36.47, 1.52, -5.14],
							"lerp_mode": "catmullrom"
						},
						"42.875": {
							"post": [18.97, 1.52, -5.14],
							"lerp_mode": "catmullrom"
						},
						"43.0": {
							"post": [36.47, 1.52, -5.14],
							"lerp_mode": "catmullrom"
						},
						"43.125": {
							"post": [18.97, 1.52, -5.14],
							"lerp_mode": "catmullrom"
						},
						"43.25": {
							"post": [36.47, 1.52, -5.14],
							"lerp_mode": "catmullrom"
						},
						"43.375": {
							"post": [18.97, 1.52, -5.14],
							"lerp_mode": "catmullrom"
						},
						"43.5": {
							"post": [36.47, 1.52, -5.14],
							"lerp_mode": "catmullrom"
						},
						"43.625": {
							"post": [18.97, 1.52, -5.14],
							"lerp_mode": "catmullrom"
						},
						"43.75": {
							"post": [36.47, 1.52, -5.14],
							"lerp_mode": "catmullrom"
						},
						"43.875": {
							"post": [18.97, 1.52, -5.14],
							"lerp_mode": "catmullrom"
						},
						"44.0": {
							"post": [36.47, 1.52, -5.14],
							"lerp_mode": "catmullrom"
						},
						"44.125": {
							"post": [18.97, 1.52, -5.14],
							"lerp_mode": "catmullrom"
						},
						"44.5": {
							"post": [18.97, 1.52, -5.14],
							"lerp_mode": "catmullrom"
						},
						"44.75": {
							"post": [18.72509, 0.72053, -17.6169],
							"lerp_mode": "catmullrom"
						},
						"45.0": {
							"post": [18.72509, 0.72053, -17.6169],
							"lerp_mode": "catmullrom"
						},
						"45.1667": {
							"post": [20.0697, 2.97781, 22.34366],
							"lerp_mode": "catmullrom"
						},
						"45.3333": {
							"post": [18.85116, 1.20677, -10.1316],
							"lerp_mode": "catmullrom"
						},
						"45.5": {
							"post": [20.20191, 3.08095, 24.84503],
							"lerp_mode": "catmullrom"
						},
						"45.75": {
							"post": [18.90716, 1.36468, -7.63596],
							"lerp_mode": "catmullrom"
						},
						"46.0": {
							"post": [20.0697, 2.97781, 22.34366],
							"lerp_mode": "catmullrom"
						},
						"46.25": {
							"post": [18.85116, 1.20677, -10.1316],
							"lerp_mode": "catmullrom"
						},
						"46.5": {
							"post": [18.85, 1.21, -10.13],
							"lerp_mode": "catmullrom"
						},
						"46.75": {
							"post": [36.47, 1.52, -5.14],
							"lerp_mode": "catmullrom"
						},
						"46.875": {
							"post": [18.97, 1.52, -5.14],
							"lerp_mode": "catmullrom"
						},
						"47.0": {
							"post": [36.47, 1.52, -5.14],
							"lerp_mode": "catmullrom"
						},
						"47.125": {
							"post": [18.97, 1.52, -5.14],
							"lerp_mode": "catmullrom"
						},
						"47.25": {
							"post": [36.47, 1.52, -5.14],
							"lerp_mode": "catmullrom"
						},
						"47.375": {
							"post": [18.97, 1.52, -5.14],
							"lerp_mode": "catmullrom"
						},
						"47.5": {
							"post": [36.47, 1.52, -5.14],
							"lerp_mode": "catmullrom"
						},
						"47.625": {
							"post": [18.97, 1.52, -5.14],
							"lerp_mode": "catmullrom"
						},
						"47.7917": {
							"post": [18.97, 1.52, -5.14],
							"lerp_mode": "catmullrom"
						},
						"47.9167": {
							"post": [31.47, 1.52, -5.14],
							"lerp_mode": "catmullrom"
						},
						"48.0": {
							"post": [16.47, 1.52, -5.14],
							"lerp_mode": "catmullrom"
						},
						"48.1667": {
							"post": [33.97, 1.52, -5.14],
							"lerp_mode": "catmullrom"
						},
						"48.3333": {
							"post": [21.47, 1.52, -5.14],
							"lerp_mode": "catmullrom"
						},
						"48.5833": {
							"post": [36.47, 1.52, -5.14],
							"lerp_mode": "catmullrom"
						},
						"48.7083": {
							"post": [18.97, 1.52, -5.14],
							"lerp_mode": "catmullrom"
						},
						"48.8333": {
							"post": [36.47, 1.52, -5.14],
							"lerp_mode": "catmullrom"
						},
						"48.9583": {
							"post": [18.97, 1.52, -5.14],
							"lerp_mode": "catmullrom"
						},
						"49.0833": {
							"post": [36.47, 1.52, -5.14],
							"lerp_mode": "catmullrom"
						},
						"49.5": {
							"post": [16.47, 1.52, -5.14],
							"lerp_mode": "catmullrom"
						},
						"58.5": {
							"post": [21.47, 1.52, -5.14],
							"lerp_mode": "catmullrom"
						},
						"59.0": {
							"post": [21.47, 1.52, -5.14],
							"lerp_mode": "catmullrom"
						},
						"70.0": {
							"post": [21.47, 1.52, -5.14],
							"lerp_mode": "catmullrom"
						}
					},
					"position": {
						"8.75": [0, 0, 0],
						"12.0": [0, 0, 0],
						"12.25": [0, 0, 0],
						"15.25": [0, 0, 0],
						"16.125": [1, 0, -6],
						"16.5": [0.71, 0.43, -7.71],
						"16.625": [-0.43, -0.06, -8.57],
						"17.0": [1.78, -1.03, -10.28],
						"17.375": [-1.98, -1.48, -11.08],
						"17.75": [1, -2, -12],
						"21.0": [0, 0, 0],
						"21.5": [0, 0, 0],
						"24.25": [0, 0, 0],
						"49.5": [0, 0, 0],
						"58.5": [-2, 10, -28],
						"59.0": [-2, 10, -28],
						"70.0": [-2, 10, -28]
					}
				}
			}
		}
	}
}