{
	"format_version": "1.8.0",
	"animations": {
		"animation.longlegs.hideseek": {
			"loop": true,
			"animation_length": 32,
			"bones": {
				"Head": {
					"rotation": {
						"1.0": [0, 0, 0],
						"1.25": [0, 0, 87.5],
						"1.5": [0, 0, 180],
						"1.75": [0, 0, 270],
						"1.7917": [0, 0, 304.38],
						"1.8333": [0, 0, 313.75],
						"1.875": [0, 0, 320.63],
						"1.9167": [0, 0, 317.5],
						"1.9583": [0, 0, 353.75]
					}
				},
				"Daisy": {
					"position": {
						"0.2083": [0, 116, 0],
						"1.0": [0, 0, 0],
						"2.5": [0, 0, 0],
						"3.0": [0, 116, 0]
					}
				},
				"Boca": {
					"scale": {
						"2.0": [1, 1, 1],
						"2.25": [1.4, 1, 1],
						"2.5": [1, 1, 1]
					}
				},
				"Brazoizquierdo": {
					"rotation": {
						"0.9167": [0, 0, 0],
						"1.25": [0, 0, -45]
					}
				},
				"Brazo": {
					"rotation": {
						"1.0": [0, 0, 0],
						"1.3333": [0, 0, -90]
					}
				},
				"Mano": {
					"rotation": {
						"0.9167": [0, 0, 0],
						"1.25": [-90, 0, 0]
					}
				},
				"Brazoderecho": {
					"rotation": {
						"0.9167": [0, 0, 0],
						"1.25": [0, 0, 45]
					}
				},
				"Brazo2": {
					"rotation": {
						"1.0": [0, 0, 0],
						"1.3333": [0, 0, 90]
					}
				},
				"Mano2": {
					"rotation": {
						"0.9167": [0, 0, 0],
						"1.25": [-90, 0, 0]
					}
				},
				"PiernaDerecha": {
					"rotation": {
						"0.75": [0, 0, 25],
						"1.0": [0, 0, 0]
					}
				},
				"PiernaIzquierda": {
					"rotation": {
						"0.75": [0, 0, -25],
						"1.0": [0, 0, 0]
					}
				}
			}
		}
	}
}