
{
  "format_version": "1.8.0",
  "minecraft:client_entity": {
    "description": {
      "identifier":"titan:gman",
      "materials": { "default": "spider","charged": "atomic"},
      "textures": {
        "charged": "textures/entity/god_ray",
        "default": "textures/entity/sb_upgraded_g_man"
      },
      "geometry": {
        "charged": "geometry.Proyectyle",
        "default": "geometry.upgraded_2_g_man_toiled"
          
      },
      "animations": {
        "roaring": "animation.3upgraded_g_man.roaring",
        "running": "animation.3upgraded_g_man.running",
        "roaring2": "animation.muto_prime.roaring2",
        "spawned": "animation.3upgraded_g_man.spawned",
        "sonic_roar": "animation.muto_prime.sonic_roar",
        "idle": "animation.3upgraded_g_man.idle",
        "look_at_target": "animation.3upgraded_g_man.look_at_target",
        "move": "animation.3upgraded_g_man.move",
        "smash": "animation.3upgraded_g_man.smash",
        "attack": "animation.3upgraded_g_man.attack"
      },
			"sound_effects": {
				"stomp": "entity.godzilla21.stomp"
			},
      "animation_controllers": [
        { "general": "controller.animation.muto_prime.general" }
      ],
      "render_controllers": [ "controller.render.titans","controller.render.sonic_roar"],
		"spawn_egg": {
        "texture": "gman3",
        "texture_index": 0
			}
    }
  }
}