
{
  "format_version": "1.8.0",
  "minecraft:client_entity": {
    "description": {
      "identifier":"titan:trafficman",
      "materials": { "default": "spider","charged": "atomic"}, 
      "textures": {
        "charged": "textures/entity/Atomic_speakerman",
        "charged_atomic": "textures/entity/Traffic light man",
        "default": "textures/entity/Traffic light man"
      },
      "geometry": {
        "charged": "geometry.Proyectyle",
        "default": "geometry.titan_traffic_light"
          
      },
      "animations": {
        "roaring": "animation.titanspeakerman.roaring",
        "roaring2": "animation.titanspeakerman.roaring2",
        "running": "animation.titanspeakerman.running",
        "spawned": "animation.titanspeakerman.spawned",
        "tail_attack": "animation.titanspeakerman.tail_attack",
        "atomic": "animation.trafficman.atomic",
        "atomic2": "animation.titanspeakerman.atomic2",
        "idle": "animation.titanspeakerman.idle",
        "look_at_target": "animation.titanspeakerman.look_at_target",
        "move": "animation.titanspeakerman.move",
        "attack": "animation.titanspeakerman.attack",
        "attack2": "animation.titanspeakerman.attack2",
				"swim": "animation.titanspeakerman.swim"
      },
			"sound_effects": {
				"stomp": "entity.godzilla21.stomp"
			},
      "animation_controllers": [
        { "general": "controller.animation.dagon14.general" },
        { "move": "controller.animation.dagon14.move" }
      ],
      "render_controllers": [ "controller.render.godzilla14","controller.render.atomic"],
		"spawn_egg": {
        "texture": "titan_speakerman",
        "texture_index": 0
			}
    }
  }
}