
{
  "format_version": "1.8.0",
  "minecraft:client_entity": {
    "description": {
      "identifier":"titan:tri",
      "materials": { "default": "spider","charged": "atomic"}, 
      "textures": {
        "charged": "textures/entity/red_atomic",
        "charged_atomic": "textures/entity/sb_trl_titan",
        "default": "textures/entity/sb_trl_titan"
      },
      "geometry": {
        "charged": "geometry.Atomic_titan_tvman",
        "default": "geometry.tri_titan"
          
      },
      "animations": {
        "roaring": "animation.tri_titan.roaring",
        "roaring2": "animation.tri_titan.roaring2",
        "running": "animation.tri_titan.running",
        "spawned": "animation.tri_titan.spawned",
        "tail_attack": "animation.tri_titan.tail_attack",
        "atomic": "animation.tri_titan.atomic",
        "atomic2": "animation.tri_titan.atomic2",
        "idle": "animation.tri_titan.idle",
        "look_at_target": "animation.tri_titan.look_at_target",
        "move": "animation.tri_titan.move",
        "attack": "animation.tri_titan.attack",
        "attack2": "animation.tri_titan.attack2",
				"swim": "animation.tri_titan.swim"
      },
			"sound_effects": {
				"stomp": "entity.godzilla21.stomp"
			},
      "animation_controllers": [
        { "general": "controller.animation.dagon14.general" },
        { "move": "controller.animation.dagon14.move" }
      ],
      "render_controllers": [ "controller.render.godzilla14","controller.render.atomic"],
		"spawn_egg": {
        "texture": "Tri",
        "texture_index": 0
			}
    }
  }
}