
{
  "format_version": "1.8.0",
  "minecraft:client_entity": {
    "description": {
      "identifier":"titan:upgrade_speakerman_2",
      "materials": { "default": "spider","charged": "atomic"}, 
      "textures": {
        "charged": "textures/entity/Atomic_speakerman",
        "charged_atomic": "textures/entity/upgrade_infected_titan_speaker_man",
        "default": "textures/entity/upgrade_infected_titan_speaker_man"
      },
      "geometry": {
        "charged": "geometry.Proyectyle",
        "default": "geometry.upgrade_infected_titan_speaker_man_2"
          
      },
      "animations": {
        "roaring": "animation.speaker2.roaring",
        "roaring2": "animation.speaker2.roaring2",
        "running": "animation.speaker2.running",
        "spawned": "animation.speaker2.spawned",
        "tail_attack": "animation.speaker2.tail_attack",
        "atomic": "animation.speaker2.atomic",
        "atomic2": "animation.speaker2.atomic2",
        "idle": "animation.speaker2.idle",
        "look_at_target": "animation.speaker2.look_at_target",
        "move": "animation.speaker2.move",
        "attack": "animation.speaker2.attack",
        "attack2": "animation.speaker2.attack2",
				"swim": "animation.speaker2.swim"
      },
			"sound_effects": {
				"stomp": "entity.godzilla21.stomp"
			},
      "animation_controllers": [
        { "general": "controller.animation.dagon14.general" },
        { "move": "controller.animation.dagon14.move" }
      ],
      "render_controllers": [ "controller.render.godzilla14","controller.render.atomic"],
		"spawn_egg": {
        "texture": "speaker2",
        "texture_index": 0
			}
    }
  }
}