{
  "format_version": "1.12.0",
  "minecraft:entity": {
    "description": {
      "identifier": "57:creeper_pow2",
            "is_spawnable": false,
      "is_summonable": true,
      "is_experimental": false
    },
         "component_groups": {},                 "components": {
                   "minecraft:collision_box": {
        "width": 0.01,
        "height": 0.01
      },
          "minecraft:explode": {
     "fuse_length": 12.5,
     "fuse_lit": true,
     "power": 0,
     "causes_fire": true,
         "breaks_blocks": false,
     "fire_affected_by_griefing": true,
     "destroy_affected_by_griefing": true
    },
    "minecraft:spawn_entity":{
          "min_wait_time": 12.16,
          "max_wait_time": 12.16,
"spawn_entity":"57:pow"
      },
        "minecraft:health":{
      "value":1,
        "min":1,
        "max":1
         },        
               "minecraft:type_family": {
        "family": [ "summon","57titan" ]
      },
            "minecraft:physics": {
        "has_gravity": false,
        "has_collision": true
      },    "minecraft:damage_sensor": [
        {
          "cause": "all",
          "deals_damage": true
        }
      ]
         },                       "events": {}}}