{
	"format_version": "1.8.0",
	"animations": {
		"animation.asta3": {
			"animation_length": 1.375,
			"bones": {
				"rightArm": {
					"rotation": {
						"0.0": [-145, 0, 127.5],
						"0.25": [25, 0, 127.5]
					}
				},
				"leftArm": {
					"rotation": {
						"0.0": [-95, 0, 0],
						"0.25": [-45.17667, 7.3052, -35.0935]
					}
				},
				"leftLeg": {
					"rotation": {
						"0.0": [0, 0, 0],
						"0.25": [22.5, 0, 0]
					},
					"position": {
						"0.0": [0, 0, 0],
						"0.25": [0, 0, -3]
					}
				}
			}
		}
	}
}