{
	"format_version": "1.8.0",
	"animations": {
		"animation.kurama.ataque": {
			"animation_length": 0.33333,
			"bones": {
				"bone2": {
					"rotation": {
						"0.0": [-34.76905, 4.29357, 6.15518],
						"0.25": [-30.56393, -17.94973, -27.55814]
					},
					"position": {
						"0.0": [-3, -12, -13],
						"0.25": [9, -5, -13]
					}
				},
				"bone3": {
					"rotation": {
						"0.0": [-22.01816, -4.75113, -11.57518],
						"0.25": [-20.17393, 10.17781, 25.68482]
					},
					"position": {
						"0.0": [4, -12, 0],
						"0.25": [-8, -1, -7]
					}
				}
			}
		}
	}
}