{
	"format_version": "1.8.0",
	"animations": {
		"animation.lancar_chao": {
			"loop": true,
			"animation_length": 1.75,
			"bones": {
				"rightArm": {
					"rotation": [-40, 0, 0],
					"position": [2, -1, -4]
				},
				"leftArm": {
					"rotation": [-82.5, 30, 0],
					"position": [2, 0, 2]
				},
				"rightLeg": {
					"rotation": [-40, 0, -27.5],
					"position": [-7, 6, 1]
				},
				"leftLeg": {
					"rotation": [-40, 0, 27.5],
					"position": [7, 6, 1]
				},
				"root": {
					"rotation": [40, 0, 0],
					"position": [0, -3, 13]
				}
			}
		}
	}
}
