{
	"format_version": "1.8.0",
	"animations": {
	"animation.player.attack.rotations" : {

			"loop" : true,

			"bones" : {

				"body" : {

					"rotation" : [ 0.0, "variable.attack_body_rot_y", 0.0 ]

				},

				"leftarm" : {

					"rotation" : [ "-(math.sin((1 - math.pow((1 - variable.attack_time), 4)) * 180) * 1.2 + math.sin(variable.attack_time * 180)) * 10.0", 0.0, 0.0 ]

				},

				"rightarm" : {

					"rotation" : [ "-(math.sin((1 - math.pow((1 - variable.attack_time), 4)) * 180) * 1.2 + math.sin(variable.attack_time * 180)) * 47", "-(math.sin((1 - math.pow((1 - variable.attack_time), 4)) * 180) ? (-90.0 * math.sin((1 - math.pow((1 - variable.attack_time), 4)) * 180)) + 3.7 : 0.0)", 0.0 ]

				}

			}

		},
		"animation.player.weapon.hold": {
			"loop": true,
			"bones": {
				"leftArm": {
					"rotation": {
						"0.0": {
							"post": [-38.83883, 34.38752, 35.04888],
							"lerp_mode": "catmullrom"
						}
					},
					"position": {
						"0.0": {
							"post": [0, -1, -1],
							"lerp_mode": "catmullrom"
						}
					}
				},
				"rightArm": {
					"rotation": {
						"0.0": {
							"post": [-49.56754, -7.64427, -6.46635],
							"lerp_mode": "catmullrom"
						}
					}
				}
			}
		}
	}
}