{
	"format_version": "1.8.0",
	"animations": {
		"animation.player.jump": {
			"loop": true,
			"animation_length": 0.25,
			"bones": {
				"rightArm": {
					"rotation": {
						"0.0": {
							"post": [0, 0, 47.5],
							"lerp_mode": "catmullrom"
						}
					}
				},
				"leftArm": {
					"rotation": {
						"0.0": {
							"post": [0, 0, -35],
							"lerp_mode": "catmullrom"
						}
					}
				}, 
				"rightleg": {
					"rotation": {
						"0.0": {
							"post": [9.91615, -1.29876, 7.38733],
							"lerp_mode": "catmullrom"
						},
						"0.25": {
							"post": [9.91615, -1.29876, 7.38733],
							"lerp_mode": "catmullrom"
						}
					}
				},
				"leftleg": {
					"rotation": {
						"0.0": {
							"post": [14.87739, 1.93597, -7.24721],
							"lerp_mode": "catmullrom"
						},
						"0.25": {
							"post": [14.87739, 1.93597, -7.24721],
							"lerp_mode": "catmullrom"
						}
					}
				} 
			}
		}
	}
}