{
	"format_version": "1.8.0",
	"animations": {
		"animation.first.stationary2": {
			"loop": true,
			"animation_length": 20,
			"bones": {
				"body": {
					"rotation": {
						"0.0": {
							"post": [0, 0, 0],
							"lerp_mode": "catmullrom"
						},
						"10.0": {
							"post": [0, 0, 0],
							"lerp_mode": "catmullrom"
						},
						"10.25": {
							"post": [0, 27.5, 0],
							"lerp_mode": "catmullrom"
						},
						"11.25": {
							"post": [0, 27.5, 0],
							"lerp_mode": "catmullrom"
						},
						"11.5": {
							"post": [0, -22.5, 0],
							"lerp_mode": "catmullrom"
						},
						"12.75": {
							"post": [0, -22.5, 0],
							"lerp_mode": "catmullrom"
						},
						"13.0": {
							"post": [0, 0, 0],
							"lerp_mode": "catmullrom"
						},
						"20.0": {
							"post": [0, 0, 0],
							"lerp_mode": "catmullrom"
						}
					},
					"position": {
						"0.0": {
							"post": [0, 0, 0],
							"lerp_mode": "catmullrom"
						},
						"10.0": {
							"post": [0, 0, 0],
							"lerp_mode": "catmullrom"
						},
						"20.0": {
							"post": [0, 0, 0],
							"lerp_mode": "catmullrom"
						}
					}
				},
				"head": {
					"rotation": {
						"0.0": {
							"post": [0, 0, 0],
							"lerp_mode": "catmullrom"
						},
						"10.0": {
							"post": [0, 0, 0],
							"lerp_mode": "catmullrom"
						},
						"10.25": {
							"post": [0, 27.5, 0],
							"lerp_mode": "catmullrom"
						},
						"11.25": {
							"post": [0, 27.5, 0],
							"lerp_mode": "catmullrom"
						},
						"11.5": {
							"post": [0, -52.5, 0],
							"lerp_mode": "catmullrom"
						},
						"12.75": {
							"post": [0, -52.5, 0],
							"lerp_mode": "catmullrom"
						},
						"13.0": {
							"post": [0, 0, 0],
							"lerp_mode": "catmullrom"
						},
						"20.0": {
							"post": [0, 0, 0],
							"lerp_mode": "catmullrom"
						}
					},
					"position": {
						"0.0": {
							"post": [0, 0, 0],
							"lerp_mode": "catmullrom"
						},
						"10.0": {
							"post": [0, 0, 0],
							"lerp_mode": "catmullrom"
						},
						"20.0": {
							"post": [0, 0, 0],
							"lerp_mode": "catmullrom"
						}
					}
				}
			}
		}
	}
}