{
	"format_version": "1.8.0",
	"animations": {
		"animation.player.sleeping": {
			"loop": true,
			"override_previous_animation": true,
			"animation_length": 2,
			"bones": {
				"root" : {
					"position" : [ "24.0 * math.cos(query.body_y_rotation) * math.cos(query.sleep_rotation) - 24.0 * math.sin(query.body_y_rotation) * math.sin(query.sleep_rotation)", 0.0, "24.0 * math.cos(query.body_y_rotation) * math.sin(query.sleep_rotation) + 24.0 * math.sin(query.body_y_rotation) * math.cos(query.sleep_rotation)" ],
					"rotation" : [ 90.0, "270.0 - query.sleep_rotation - query.body_y_rotation", 0.0 ]
				},
				"body": {
					"rotation": {
						"0.0": {
							"post": [0, -65, 0],
							"lerp_mode": "catmullrom"
						},
						"2.0": {
							"post": [0, -65, 0],
							"lerp_mode": "catmullrom"
						}
					},
					"position": {
						"0.0": {
							"post": [2, 0, 1],
							"lerp_mode": "catmullrom"
						},
						"2.0": {
							"post": [2, 0, 1],
							"lerp_mode": "catmullrom"
						}
					}
				},
				"head": {
					"rotation": {
						"0.0": {
							"post": [1.41614, 19.471, 61.99446],
							"lerp_mode": "catmullrom"
						},
						"1.0": {
							"post": [-1.08, 19.47, 61.99],
							"lerp_mode": "catmullrom"
						},
						"2.0": {
							"post": [1.41614, 19.471, 61.99446],
							"lerp_mode": "catmullrom"
						}
					},
					"position": {
						"0.0": {
							"post": [0, 0, 0],
							"lerp_mode": "catmullrom"
						},
						"2.0": {
							"post": [0, 0, 0],
							"lerp_mode": "catmullrom"
						}
					}
				},
				"leftArm": {
					"rotation": {
						"0.0": {
							"post": [-95.3191, 19.92066, -1.81693],
							"lerp_mode": "catmullrom"
						},
						"2.0": {
							"post": [-95.32, 19.92, -1.82],
							"lerp_mode": "catmullrom"
						}
					},
					"position": {
						"0.0": {
							"post": [0, 0, 0],
							"lerp_mode": "catmullrom"
						},
						"2.0": {
							"post": [0, 0, 0],
							"lerp_mode": "catmullrom"
						}
					}
				},
				"rightArm": {
					"rotation": {
						"0.0": {
							"post": [-17.5, 27.5, 180],
							"lerp_mode": "catmullrom"
						},
						"2.0": {
							"post": [-17.5, 27.5, 180],
							"lerp_mode": "catmullrom"
						}
					},
					"position": {
						"0.0": {
							"post": [2, 0, 0],
							"lerp_mode": "catmullrom"
						},
						"2.0": {
							"post": [2, 0, 0],
							"lerp_mode": "catmullrom"
						}
					}
				},
				"rightleg": {
					"rotation": {
						"0.0": {
							"post": [-130.97267, -79.94207, 101.23714],
							"lerp_mode": "catmullrom"
						},
						"2.0": {
							"post": [-130.97, -79.94, 101.24],
							"lerp_mode": "catmullrom"
						}
					},
					"position": {
						"0.0": {
							"post": [2, 1, 0],
							"lerp_mode": "catmullrom"
						},
						"2.0": {
							"post": [2, 1, 0],
							"lerp_mode": "catmullrom"
						}
					}
				},
				"leftleg": {
					"rotation": {
						"0.0": {
							"post": [0, 0, 0],
							"lerp_mode": "catmullrom"
						},
						"2.0": {
							"post": [0, 0, 0],
							"lerp_mode": "catmullrom"
						}
					},
					"position": {
						"0.0": {
							"post": [2, 3, 2],
							"lerp_mode": "catmullrom"
						},
						"2.0": {
							"post": [2, 3, 2],
							"lerp_mode": "catmullrom"
						}
					}
				}
			}
		}
	}
}