{
	"format_version": "1.8.0",
	"animations": {
		"animation.fn": {
			"animation_length": 1.375,
			"bones": {
				"rightArm": {
					"rotation": {
						"0.0": [86.46671, 44.94549, 177.50238],
						"0.5": [-87.29431, -22.47741, -1.03509]
					}
				},
				"leftArm": {
					"rotation": {
						"0.0": [78.30408, -64.53645, -169.41322],
						"0.5": [-84.07764, 32.36121, 3.17805]
					}
				},
				"rightLeg": {
					"rotation": [30, 0, 0],
					"position": [0, 0, 0]
				},
				"leftLeg": {
					"rotation": [40, 0, 0],
					"position": [0, 2, -3]
				}
			}
		}
	}
}