{
	"format_version": "1.8.0",
	"animations": {
		"animation.genki": {
			"animation_length": 1.20833,
			"bones": {
				"body": {
					"rotation": {
						"0.0": [0, 0, 0],
						"0.7083": [47.5, 0, 0]
					},
					"position": {
						"0.0": [0, 0, 0],
						"0.7083": [0, -4, -7]
					}
				},
				"rightArm": {
					"rotation": {
						"0.0": [-177.5, 0, 0],
						"0.7083": [-17.5, 0, 0]
					},
					"position": {
						"0.0": [0, 1, 0],
						"0.7083": [0, -5, -6]
					}
				},
				"leftArm": {
					"rotation": {
						"0.0": [-182.5, 0, 0],
						"0.7083": [-27.5, 0, 0]
					},
					"position": {
						"0.0": [0, 1, 0],
						"0.7083": [0, -5, -5]
					}
				},
				"head": {
					"rotation": {
						"0.0": [0, 0, 0],
						"0.7083": [35, 0, 0]
					},
					"position": {
						"0.0": [0, 0, 0],
						"0.7083": [0, -4, -7]
					}
				}
			}
		}
	}
}