{
	"format_version": "1.8.0",
	"animations": {
		"animation.ich1": {
			"animation_length": 1,
			"bones": {
				"rightArm": {
					"rotation": {
						"0.0": [-118.58074, -15.76495, 7.69069],
						"0.5": [-16.1639, -21.98643, -23.2392]
					}
				},
				"leftArm": {
					"rotation": {
						"0.0": [-125.17674, 29.78401, -19.29534],
						"0.5": [-29.74864, 42.91763, 5.29418]
					}
				},
				"rightArm2": {
					"rotation": {
						"0.0": [0, 0, 17.5],
						"0.5": [0, 12.5, 27.5]
					},
					"position": {
						"0.0": [4, 0, 0],
						"0.5": [3, -4, 0]
					}
				}
			}
		}
	}
}