{
	"format_version": "1.8.0",
	"animations": {
		"animation.k": {
			"animation_length": 1.375,
			"bones": {
				"body": {
					"rotation": [0, -35, 0]
				},
				"rightArm": {
					"rotation": {
						"0.0": [-24.04618, -6.3202, -57.27652],
						"0.5": [-94.04618, -6.3202, -57.27652]
					}
				},
				"leftArm": {
					"rotation": {
						"0.0": [-91.17753, 42.56956, -80.83393],
						"0.5": [-90.87038, -4.92385, -79.96258]
					}
				},
				"rightLeg": {
					"rotation": [0, -22.5, 0]
				},
				"leftLeg": {
					"rotation": [0, -12.5, 0]
				}
			}
		}
	}
}