{
	"format_version": "1.8.0",
	"animations": {
		"animation.hollow2.walk": {
			"loop": true,
			"animation_length": 0.5,
			"bones": {
				"bone9": {
					"rotation": {
						"0.0": [0, 0, -5],
						"0.25": [0, 0, 30],
						"0.5": [0, 0, -5]
					},
					"position": {
						"0.0": [7, -1, 0],
						"0.25": [-40, 9, 0],
						"0.5": [7, -1, 0]
					}
				},
				"bone10": {
					"rotation": {
						"0.0": [0, 0, 5],
						"0.25": [0, 0, -35],
						"0.5": [0, 0, 5]
					},
					"position": {
						"0.0": [-6, 1, 0],
						"0.25": [46, 14, 0],
						"0.5": [-6, 1, 0]
					}
				}
			}
		}
	}
}