{
	"format_version": "1.8.0",
	"animations": {
		"animation.kurama.move": {
			"loop": true,
			"animation_length": 0.83333,
			"bones": {
				"bone2": {
					"rotation": {
						"0.0": [-20, 0, 0],
						"0.5": [22.5, 0, 0],
						"0.8333": [-20, 0, 0]
					},
					"position": {
						"0.0": [0, -8, -8],
						"0.5": [0, 7, 6],
						"0.8333": [0, -8, -8]
					}
				},
				"bone3": {
					"rotation": {
						"0.0": [17.5, 0, 0],
						"0.5": [-17.5, 0, 0],
						"0.8333": [17.5, 0, 0]
					},
					"position": {
						"0.0": [0, 5, 5],
						"0.5": [0, -10, -6],
						"0.8333": [0, 5, 5]
					}
				},
				"bone4": {
					"rotation": {
						"0.0": [-20, 0, 0],
						"0.5": [22.5, 0, 0],
						"0.8333": [-20, 0, 0]
					},
					"position": {
						"0.0": [0, 0, -8],
						"0.5": [0, 0, 4],
						"0.8333": [0, 0, -8]
					}
				},
				"bone5": {
					"rotation": {
						"0.0": [25, 0, 0],
						"0.5": [-10, 0, 0],
						"0.8333": [25, 0, 0]
					},
					"position": {
						"0.0": [0, 0, 3],
						"0.5": [0, -2, -8],
						"0.8333": [0, 0, 3]
					}
				}
			}
		}
	}
}