{
	"format_version": "1.8.0",
	"animations": {
		"animation.neko1": {
			"animation_length": 0.5,
			"bones": {
				"bone": {
					"rotation": [57.5, 0, 0],
					"position": {
						"0.0": [0, 2, 3],
						"0.25": [0, 6, 6]
					}
				},
				"bone6": {
					"position": {
						"0.0": [0, -9, -11],
						"0.25": [0, -1, -11]
					}
				},
				"bone3": {
					"rotation": {
						"0.0": [-30, 0, 0],
						"0.25": [20, 0, 0]
					},
					"position": {
						"0.0": [0, -4, -21],
						"0.25": [0, 1, -2]
					}
				},
				"bone4": {
					"rotation": {
						"0.0": [160, 0, 0],
						"0.25": [190, 0, 0]
					},
					"position": {
						"0.0": [0, 49, -50],
						"0.25": [0, 29, -70]
					}
				},
				"bone7": {
					"position": {
						"0.0": [0, 78, 0],
						"0.25": [0, 2, 12]
					}
				},
				"bone2": {
					"rotation": {
						"0.0": [-77.5, 0, 0],
						"0.25": [-5, 0, 0]
					},
					"position": {
						"0.0": [0, 8, -33],
						"0.25": [0, -2, -15]
					}
				},
				"bone5": {
					"rotation": {
						"0.0": [197.5, 0, 0],
						"0.25": [220, 0, 0]
					},
					"position": {
						"0.0": [0, 55, -39],
						"0.25": [0, 38, -56]
					}
				}
			}
		}
	}
}