{
	"format_version": "1.8.0",
	"animations": {
		"animation.neko2": {
			"animation_length": 0.5,
			"bones": {
				"rightArm": {
					"rotation": {
						"0.0": [-232.5, 0, 87.5],
						"0.25": [85, 0, 87.5],
						"0.4583": [-117.5, 0, 87.5]
					},
					"position": {
						"0.0": [-5, 0, -7],
						"0.25": [6, 0, 5],
						"0.4583": [-5, -1, 7]
					}
				},
				"body": {
					"rotation": {
						"0.0": [0, 0, 0],
						"0.25": [0, 280, 0],
						"0.4583": [0, 0, 0]
					}
				},
				"leftArm": {
					"rotation": {
						"0.0": [-92.25754, -4.85556, 7.34775],
						"0.25": [-92.67076, 32.61241, -354.28359],
						"0.4583": [-267.32924, -32.61241, 185.71641]
					},
					"position": {
						"0.0": [0, 0, -3],
						"0.25": [-7, 0, -5],
						"0.4583": [0, 0, 0]
					}
				},
				"rightLeg": {
					"rotation": {
						"0.0": [0, 92.5, 0],
						"0.25": [0, 180, 0]
					},
					"position": {
						"0.0": [0, 0, 0],
						"0.25": [1, 0, -1],
						"0.4583": [0, 0, -1]
					}
				},
				"leftLeg": {
					"rotation": {
						"0.0": [-354.62334, -5.55815, -360.45237],
						"0.2083": [0, 0, -97.5],
						"0.25": [-662.5, 0, -97.5],
						"0.4583": [-360, 7.5, -382.5]
					},
					"position": {
						"0.0": [0, 0, -3],
						"0.25": [-2, 0, 4],
						"0.4583": [1, 0, -3]
					}
				},
				"head": {
					"rotation": {
						"0.0": [0, -2.5, 0],
						"0.25": [0, 167.5, 0],
						"0.4583": [0, 360, 0]
					}
				}
			}
		}
	}
}