{
	"format_version": "1.8.0",
	"animations": {
		"animation.neko3": {
			"animation_length": 0.33333,
			"bones": {
				"rightArm": {
					"rotation": [0, 0, 65]
				},
				"body": {
					"rotation": [-70, 0, 0]
				},
				"leftArm": {
					"rotation": [0, 0, -55]
				},
				"rightLeg": {
					"rotation": [-90, 0, 0],
					"position": [0, 8, -10]
				},
				"leftLeg": {
					"rotation": [-32.5, 0, 0],
					"position": [0, 11, -10]
				},
				"head": {
					"rotation": [-17.5, 0, 0]
				}
			}
		}
	}
}