{
	"format_version": "1.8.0",
	"animations": {
		"animation.noelle1": {
			"animation_length": 1.70833,
			"bones": {
				"body": {
					"rotation": {
						"0.0": [0, 0, 0],
						"0.2917": [0, -85, 0],
						"1.5": [0, -365, 0]
					}
				},
				"rightArm": {
					"rotation": {
						"0.0": [0, 0, 90],
						"0.2917": [-95, 0, 90],
						"1.5": [-357.5, 0, 90]
					},
					"position": {
						"0.0": [-1, 0, 0],
						"0.2917": [5, 0, -6],
						"1.5": [0, 0, 0]
					}
				},
				"leftArm": {
					"rotation": {
						"0.0": [0.69583, 0.35049, -92.37339],
						"0.2917": [90.69583, 0.35049, -92.37339],
						"1.5": [358.19583, 0.35049, -92.37339]
					},
					"position": {
						"0.0": [1, 0, 0],
						"0.2917": [-5, 0, 6],
						"1.5": [2, 0, 0]
					}
				},
				"rightLeg": {
					"rotation": {
						"0.0": [0, 0, 0],
						"0.2917": [0, -85, 0],
						"1.5": [0, -545, 0]
					},
					"position": {
						"0.0": [0, 0, 0],
						"0.2917": [2, 0, -2],
						"1.5": [0, 0, 0]
					}
				},
				"leftLeg": {
					"rotation": {
						"0.0": [0, -2.5, 0],
						"0.2917": [0, -90, 0],
						"1.5": [0, -285, 0]
					},
					"position": {
						"0.0": [0, 0, 0],
						"0.2917": [-2, 0, 2],
						"1.5": [0, 0, 0]
					}
				},
				"head": {
					"rotation": {
						"0.0": [-30, 0, 0],
						"0.2917": [-26.78571, -75, 0],
						"1.5": [-13.31159, -11.95093, 361.37981]
					}
				}
			}
		}
	}
}