{
	"format_version": "1.8.0",
	"animations": {
		"animation.picles": {
			"loop": true,
			"animation_length": 1,
			"bones": {
				"bone2": {
					"rotation": {
						"0.0": [0, 0, 15],
						"0.5": [0, 0, 0],
						"1.0": [0, 0, 15]
					},
					"position": {
						"0.0": [-9, 0, 0],
						"0.5": [-2, 0, 0],
						"1.0": [-9, 0, 0]
					}
				},
				"bone3": {
					"rotation": {
						"0.0": [0, 0, -12.5],
						"0.5": [0, 0, 0],
						"1.0": [0, 0, -12.5]
					},
					"position": {
						"0.0": [9, 0, 0],
						"0.5": [4, 0, 0],
						"1.0": [9, 0, 0]
					}
				},
				"bone4": {
					"rotation": {
						"0.0": [12.5, 0, 0],
						"0.5": [0, 0, 0],
						"1.0": [12.5, 0, 0]
					},
					"position": {
						"0.0": [0, 0, 5],
						"0.5": [0, 0, 0],
						"1.0": [0, 0, 5]
					}
				}
			}
		}
	}
}