{
	"format_version": "1.8.0",
	"animations": {
		"animation.tos1": {
			"animation_length": 1.75,
			"override_previous_animation": true,
			"bones": {
				"bone": {
					"position": {
						"0.0": [0, -162, 0],
						"0.25": [0, 21, 0]
					}
				},
				"bone4": {
					"position": {
						"0.0": [0, -226, 0],
						"0.75": [0, 7, 0]
					}
				},
				"bone7": {
					"position": {
						"0.0": [0, -141, 0],
						"0.75": [0, 14, 0]
					}
				},
				"bone10": {
					"position": {
						"0.0": [0, -211, 0],
						"1.25": [0, 4, 0]
					}
				},
				"bone13": {
					"position": {
						"0.0": [0, -113, 0],
						"1.25": [0, 13, 0]
					}
				},
				"bone16": {
					"position": {
						"0.0": [0, -137, 0],
						"0.5": [0, 11, 0]
					}
				},
				"bone19": {
					"position": {
						"0.0": [0, -239, 0],
						"0.5": [0, 7, 0]
					}
				},
				"bone22": {
					"position": {
						"0.0": [0, -179, 0],
						"1.0": [0, -1, 0]
					}
				},
				"bone23": {
					"position": [0, 0, 0]
				},
				"bone25": {
					"position": {
						"0.0": [0, -209, 0],
						"1.0": [0, 13, 0]
					}
				}
			}
		}
	}
}