{
	"format_version": "1.8.0",
	"animations": {
		"animation.ura2": {
			"animation_length": 1.5,
			"bones": {
				"bb_main": {
					"position": {
						"0.0": [0, -44, 0],
						"0.75": [0, 66, 0],
						"1.25": [0, 63.67, 0],
						"1.5": [0, -50, 0]
					}
				},
				"bb_main3": {
					"position": {
						"0.0": [0, -9, 0],
						"0.25": [0, 66, 0],
						"0.5": [0, 65, 0],
						"1.25": [0, 68, 0],
						"1.5": [0, -47, 0]
					}
				},
				"bb_main5": {
					"position": {
						"0.0": [0, -39, 0],
						"1.0": [0, 67, 0],
						"1.375": [0, 68, 0],
						"1.5": [0, 4, 0]
					}
				}
			}
		}
	}
}