{
	"format_version": "1.8.0",
	"animations": {
		"animation.voo.default": {
			"loop": true,
			"animation_length": 1.20833,
			"bones": {
				"body": {
					"rotation": [-332.5, 0, 0]
				},
				"rightArm": {
					"rotation": [61.59914, -36.43129, 17.80232]
				},
				"leftArm": {
					"rotation": [70.43162, 26.12797, -8.89674]
				},
				"rightLeg": {
					"rotation": [42.5, 0, 0],
					"position": [0, 2, 4]
				},
				"leftLeg": {
					"rotation": [45, 0, 0],
					"position": [0, 2, 4]
				}
			}
		}
	}
}