{
    "format_version": "1.10.0",
    "animation_controllers": {
        "controller.animation.armor_function": {
            "states": {
                "default": {
                    "transitions": [{
                            "ice_armor": "(query.is_chested)"
                        },
                        {
                            "slime_armor": "(query.is_tamed)"
                        },
                        {
                            "prismarine_armor": "(query.is_stunned)"
                        },
                        {
                            "magma_armor": "(query.is_powered)"
                        },
                        {
                            "wool_armor": "(query.is_stackable)"
                        },
                        {
                            "remove_wool_armor": "(!query.is_stackable)"
                        }
                    ]
                },
                "ice_armor": {
                    "transitions": [{
                        "default": "(1.0)"
                    }],
                    "on_entry": [
                        "/execute @s ~~~ detect ~~-1~ water -1 /fill ~-1~-1~-1~+1~~+1 ice 0 replace water -1",
                        "/execute @s ~~~ detect ~1~-1~ water -1 /fill ~-1~-1~-1~+1~~+1 ice 0 replace water -1",
                        "/execute @s ~~~ detect ~~-1~1 water -1 /fill ~-1~-1~-1~+1~~+1 ice 0 replace water -1",
                        "/execute @s ~~~ detect ~-1~-1~ water -1 /fill ~-1~-1~-1~+1~~+1 ice 0 replace water -1",
                        "/execute @s ~~~ detect ~~-1~-1 water -1 /fill ~-1~-1~-1~+1~~+1 ice 0 replace water -1"
                    ]
                },
                "slime_armor": {
                    "transitions": [{
                        "default": "(1.0)"
                    }],
                    "on_entry": [
                        "/effect @s regeneration 1 2 true"
                    ]
                },
                "prismarine_armor": {
                    "transitions": [{
                        "default": "(1.0)"
                    }],
                    "on_entry": [
                        "/effect @s regeneration 1 4 true",
                        "/effect @s speed 1 4 true",
                        "/effect @s strength 1 3 true"
                    ]
                },
                "magma_armor": {
                    "transitions": [{
                        "default": "(1.0)"
                    }],
                    "on_entry": [
                        "/effect @s regeneration 1 8 true",
                        "/effect @s speed 1 8 true",
                        "/effect @s strength 1 4 true"
                    ]
                },
                "wool_armor": {
                    "transitions": [{
                        "default": "(1.0)"
                    }],
                    "on_entry": [
                        "/effect @s regeneration 1 99 true",
                        "/effect @s speed 1 15 true",
                        "/effect @s strength 1 5 true"
                    ]
                },
                "remove_wool_armor": {
                    "transitions": [{
                        "default": "(1.0)"
                    }],
                    "on_entry": [
                        "/tag @s remove wool"
                    ]
                }
            }
        }
    }
}