{
	"format_version": "1.10.0",
	"animation_controllers": {
	    "controller.animation.bow_loop":{
			"states": {
				"default": {
					"transitions": [
						{
							"bow": "1.0"
						}
					]
				},
				"bow": {
                    "transitions": [
						{
							"default": "1.0"
						}
                    ],
					"on_entry":[
			"/execute @s[scores={bow=1}] ~~~ /event entity @s new:bow_actived",
			"/execute @s[scores={bow=0}] ~~~ /event entity @s new:bow_desactived",
			"/execute @a[tag=nowheredone] ~~~ tag @a add nowheredone",
			"/execute @a[tag=voiddone] ~~~ tag @a add voiddone",
			"/execute @s ~~~ detect ~ -64 ~ bedrock -1 fog @s remove nowhere",
			"/execute @s ~~~ detect ~ -64 ~ bedrock -1 fog @s remove void"
					]
				}
			}
	    },
		"controller.animation.bow_function": {
			"states": {
				"default": {
					"transitions": [
						{
							"bow": "query.is_stunned && query.is_using_item && query.is_ignited || query.get_equipped_item_name('off_hand') == 'harcadium_arrow'"
						}
					],
					"on_entry":[
						"/tag @s remove using",
						"@s new:bow_animated_return",
                        "/clear @s[m=!1] 57:harcadium_arrow 0 1",
						"/event entity @s new:bow_function",
						"/playsound random.bow @a[r=10] ~~~ 4 1 4",
						"tag @s add harc"
					]
				},
				"bow": {
                    "transitions": [
						{
							"default": "!query.is_using_item"
						}
                    ],
					"on_entry":[
						"/tag @s add using"
					]
				}
			}
		},
		"controller.animation.arrow_particle": {
			"states": {
				"default": {
					"transitions": [
						{
							"bow": "1.0"
						}
					]
				},
				"bow": {
                    "transitions": [
						{
							"default": "1.0"
						}
                    ],
					"on_entry":[
						"@s new:particle"
					]
				}
			}
		},
		"controller.animation.bow_function.loop": {
			"states": {
				"default": {
					"transitions": [
						{
							"bow": "query.is_ignited || query.get_equipped_item_name('off_hand') == 'harcadium_arrow'"
						}
					],
					"on_entry":[
						"@s new:remove_animated_active"
					]
				},
				"bow": {
                    "transitions": [
						{
							"default": "!query.is_ignited"
						}
					],
					"on_entry":[
						"@s new:animated_active"
                    ]
				}
			}
		}
	}
}