{
  "format_version": "1.8.0",
  "animation_controllers": {
      "controller.animation.enderman_yunshi": {
          "states": {
              "default": {
                  "on_entry": [
                      "/tp @s ~ ~60 ~"
                  ]
              }
          }
      },
      "controller.animation.ender_yunshi": {
          "states": {
              "default": {
                  "on_entry": [
                      "/tp @s ~ ~60 ~"
                  ]
              }
          }
      },
      "controller.animation.fly": {
          "states": {
              "default": {
                  "on_entry": [
                      "/effect @e[r=6,type=!57:enderman_titan,type=!57:enderman_titan_ex,type=!player,tag=!tag] levitation 1 60 true"
                  ]
              }
          }
      },
      "controller.animation.fly2": {
          "states": {
              "default": {
                  "on_entry": [
                      "/camerashake add @a 4 0.5",
                      "/playsound mob.titan.pow @e [type=minecraft:player]",
                      "/effect @e[r=6,type=!57:enderman_titan,type=!57:enderman_titan_ex,type=!player,tag=!tag] levitation 1 60 true"
                  ]
              }
          }
      },

      "controller.animation.ecnight": {
          "states": {
              "default": {
                  "on_entry": [
                      "/time set night",
                      "/summon 57:enderman_titan_lightning"
                  ]
              }
          }
      },
      "controller.animation.ender_crystal": {
          "states": {
              "default": {
                  "on_entry": [
                      "/tp @s ~ ~25 ~"
                  ]
              }
          }
      },
      "controller.animation.tag": {
          "states": {
              "default": {
                  "on_entry": [
                      "/tag @s add tag"
                  ]
              }
          }
      },
      "controller.animation.endermankill": {
          "states": {
              "fly": {
                  "on_entry": [
                      "/gamerule sendcommandfeedback false",
                      "/tag @a[m=1] add baybay",
                      "/gamemode 0 @a[tag=baybay]", "/clean @a",
                      "/kill @a",
                      "/execute @a[tag=baybay] ~ ~ ~ gamemode 1",
                      "/tag @a[tag=baybay] remove baybay"
                  ],
                  "transitions": [{
                      "default": "!query.is_tamed"
                  }]
              },
              "default": {
                  "transitions": [{
                      "fly": "query.is_tamed"
                  }]
              }
          }
      },
      "controller.animation.ender_yunshi_spreadlol": {
          "states": {
              "default": {
                  "on_entry": [
                      "/spreadplayers ~ ~ 0 15 @s"
                  ]
              }
          }
      },
      "controller.animation.summon_enderman": {
          "states": {
              "default": {
                  "on_entry": [
                      "/spreadplayers ~ ~ 0 40 @s"
                  ]
              }
          }
      },
      "controller.animation.enderman_titan_lightning": {
          "states": {
              "default": {
                  "on_entry": [
                      "/spreadplayers ~ ~ 0 40 @s"
                  ]
              }
          }
      },
      "controller.animation.ecdead": {
          "states": {
              "default": {
                  "transitions": [{
                      "woahe": "query.variant == 10"
                  }]
              },
              "woahe": {
                  "on_entry": [
                      "/summon 57:ec_dead_pow"
                  ]
              }
          }
      }
  }
}