{
  "format_version": "1.8.0",
  "animation_controllers": {
    "controller.animation.warden_titan.hit": {
        "states": {
            "default": {
                "transitions": [{
                    "lightning": "variable.attack_time"
                }]
            },
            "lightning": {
                "on_entry": [
                    "/camerashake add @a[r=60] 4 0.5",
                    "/damage @e[r=30,family=mob,family=!titan] 0",
                    "/damage @a[r=30] 0",
                    "/tag @a[tag=!adminium,m=c,r=30] add Creative",
                    "/gamemode s @a[tag=Creative]",
                    "/kill @a[tag=Creative]",
                    "/gamemode c @a[tag=Creative]",
                    "/tag @a remove Creative"
                ],
                "transitions": [{
                    "default": "!variable.attack_time"
                }]
            }
        }
    },
    "controller.animation.warden_titan.rain": {
        "states": {
            "default": {
                "transitions": [{
                    "lightning": "query.is_powered"
                }]
            },
            "lightning": {
                "on_entry": [
                    "/summon 57:warden_titan_ball ~~~ rain",
                    "/summon 57:warden_titan_ball ~~~ rain",
                    "/summon 57:warden_titan_ball ~~~ rain",
                    "/summon 57:warden_titan_ball ~~~ rain",
                    "/summon 57:warden_titan_ball ~~~ rain"
                ],
                "transitions": [{
                    "default": "query.is_powered"
                }]
            }
        }
    }
  }
}