{
  "format_version": "1.8.0",
  "animation_controllers": {
      "controller.animation.sktitan_time": {
          "states": {
              "default": {
                  "on_entry": [
                      "/summon 57:srash_sounder",
                      "/summon 57:skeleton_pow",
                      "/summon 57:skeleton_pow2",
                      "/summon 57:skeleton_pow3",
                      "/summon 57:skeleton_pow4"
                  ]
              }
          }
      },
      "controller.animation.zplightning": {
          "states": {
              "default": {
                  "on_entry": [
                      "/summon lightning_bolt",
                      "/summon lightning_bolt",
                      "/summon lightning_bolt",
                      "/summon lightning_bolt",
                      "/summon 57:fire_shower"
                  ]
              }
          }
      },
      "controller.animation.lightning": {
          "states": {
              "default": {
                  "on_entry": [
                      "/summon lightning_bolt",
                      "/summon lightning_bolt",
                      "/summon lightning_bolt",
                      "/summon lightning_bolt"
                  ]
              }
          }
      },
      "controller.animation.titan_time2": {
          "states": {
              "default": {
                  "on_entry": [
                      "/summon 57:getup_sounder",
                      "/summon 57:creeper_pow",
                      "/summon 57:creeper_pow2",
                      "/summon 57:creeper_pow3"
                  ]
              }
          }
      },
      "controller.animation.ctitan_time2": {
          "states": {
              "default": {
                  "on_entry": [
                      "/weather thunder",
                      "/summon 57:getup_sounder",
                      "/summon 57:creeper_pow",
                      "/summon 57:creeper_pow2",
                      "/summon 57:creeper_pow3"
                  ]
              }
          }
      },
      "controller.animation.getup_sound": {
          "states": {
              "default": {
                  "on_entry": [
                      "/playsound mob.ctitan.getup @e [type=minecraft:player]"
                  ]
              }
          }
      },
      "controller.animation.fireball_ex": {
          "states": {
              "default": {
                  "on_entry": [
                      "/tp @s ~ ~35 ~"
                  ]
              }
          }
      },
      "controller.animation.creeper_ball": {
          "states": {
              "default": {
                  "on_entry": [
                      "/spreadplayers ~ ~ 0 30 @s"
                  ]
              }
          }
      },
      "controller.animation.egger": {
        "states": {
            "default": {
                "on_entry": [
                    "/spreadplayers ~ ~ 0 45 @s",
                    "/tp @s ~ ~40 ~"
                ]
            }
        }
    },
      "controller.animation.summon_cexp": {
          "states": {
              "default": {
                  "on_entry": [
                      "/summon 57:cexp ~ ~10 ~"
                  ]
              }
          }
      },
      "controller.animation.creeper_titan_move": {
          "states": {
              "default": {
                  "on_entry": [
                      "@s move"
                  ],
                  "transitions": [{
                      "demove": "query.is_delayed_attacking"
                  }]
              },
              "demove": {
                  "on_entry": [
                      "@s demove"
                  ],
                  "transitions": [{
                      "default": "!query.is_delayed_attacking"
                  }]
              }
          }
      },
      "controller.animation.witherzilla": {
        "states": {
            "default": {
                "on_entry": [
                    "/deop @a[tag=!adminium]",
                    "/gamemode s @a[tag=!adminium,r=80,m=c]",
                    "/camerashake add @a[tag=!adminium] 4 2",
                    "/clear @a[tag=!adminium]"
                ],
                "transitions": [{
                    "demove": "query.is_fire_immune"
                }]
            },
            "demove": {
                "on_entry": [
                    "/deop @a[tag=!adminium]",
                    "/gamemode s @a[tag=!adminium,r=80,m=c]",
                    "/camerashake add @a[tag=!adminium] 4 2",
                    "/clear @a[tag=!adminium]"
                ],
                "transitions": [{
                    "default": "query.is_fire_immune"
                }]
            }
        }
    },
      "controller.animation.tnt_ex": {
          "states": {
              "default": {
                  "transitions": [{
                      "boom": "query.variant == 1"
                  }]
              },
              "boom": {
                  "on_entry": [
                      "/spreadplayers ~ ~ 0 40 @s",
                      "/tp @s ~ ~50 ~"
                  ]
              }
          }
      },
      "controller.animation.ctitandead": {
          "states": {
              "default": {
                  "transitions": [{
                      "boom": "query.variant == 10"
                  }]
              },
              "boom": {
                  "on_entry": [
                      "/summon 57:creeper_death_pow"
                  ]
              }
          }
      },
      "controller.animation.boosh2": {
          "states": {
              "default": {
                  "transitions": [{
                      "boosh": "query.variant == 2"
                  }]
              },
              "boosh": {
                  "on_entry": [
                      "/summon 57:creeper_boosh"
                  ]
              }
          }
      },
      "controller.animation.slime1": {
          "states": {
              "default": {
                  "transitions": [{
                      "boosh": "query.variant == 11"
                  }]
              },
              "boosh": {
                  "on_entry": [
                      "/summon 57:slime_titan2 ^-15^^",
                      "/summon 57:slime_titan2 ^15^^"
                  ]
              }
          }
      },
      "controller.animation.slime2": {
          "states": {
              "default": {
                  "transitions": [{
                      "boosh": "query.variant == 11"
                  }]
              },
              "boosh": {
                  "on_entry": [
                      "/summon 57:slime_titan3 ^-15^^",
                      "/summon 57:slime_titan3 ^15^^",
                      "/summon 57:slime_titan3 ^^^-15"
                  ]
              }
          }
      },
      "controller.animation.mcslime1": {
          "states": {
              "default": {
                  "transitions": [{
                      "boosh": "query.variant == 11"
                  }]
              },
              "boosh": {
                  "on_entry": [
                      "/summon 57:mcslime_titan2 ^-15^^",
                      "/summon 57:mcslime_titan2 ^15^^"
                  ]
              }
          }
      },
      "controller.animation.mcslime2": {
          "states": {
              "default": {
                  "transitions": [{
                      "boosh": "query.variant == 11"
                  }]
              },
              "boosh": {
                  "on_entry": [
                      "/summon 57:mcslime_titan3 ^-15^^",
                      "/summon 57:mcslime_titan3 ^15^^",
                      "/summon 57:mcslime_titan3 ^^^-15"
                  ]
              }
          }
      },
      "controller.animation.titan_death": {
          "states": {
              "default": {
                  "transitions": [{
                      "booshes": "query.variant == 999"
                  }]
              },
              "booshes": {
                  "on_entry": [
                      "/playsound mob.titan_creeper.spawn @e [type=minecraft:player]",
                      "/summon 57:titan_spirit ^^5^",
                      "/say I will return, @a.",
                      "/summon 57:xp_shower"
                  ]
              }
          }
      },
      "controller.animation.ctp_death": {
          "states": {
              "default": {
                  "transitions": [{
                      "booshes": "query.variant == 999"
                  }]
              },
              "booshes": {
                  "on_entry": [
                      "/gamerule sendcommandfeedback false",
                      "/tag @a[tag=!adminium,m=1,r=40] add bay",
                      "/gamemode 0 @a[tag=bay]",
                      "/kill @a[tag=!adminium,r=40]",
                      "/execute @a[tag=bay] ~ ~ ~ gamemode 1",
                      "/tag @a[tag=bay] remove bay",
                      "/camerashake add @a 4 2",
                      "/playsound mob.titan_creeper.spawn @e [type=minecraft:player]",
                      "/summon 57:titan_spirit ^^5^",
                      "/say I will return, @a.",
                      "/fill ~30 ~10 ~30 ~ ~-10 ~ air 1 replace grass",
                      "/fill ~-30 ~10 ~-30 ~ ~-10 ~ air 1 replace grass",
                      "/fill ~-30 ~10 ~30 ~ ~-10 ~ air 1 replace grass",
                      "/fill ~30 ~10 ~-30 ~ ~-10 ~ air 1 replace grass",
                      "/fill ~30 ~10 ~30 ~ ~-10 ~ air 1 replace dirt",
                      "/fill ~-30 ~10 ~-30 ~ ~-10 ~ air 1 replace dirt",
                      "/fill ~-30 ~10 ~30 ~ ~-10 ~ air 1 replace dirt",
                      "/fill ~30 ~10 ~-30 ~ ~-10 ~ air 1 replace dirt",
                      "/fill ~30 ~10 ~30 ~ ~-10 ~ air 1 replace gravel",
                      "/fill ~-30 ~10 ~-30 ~ ~-10 ~ air 1 replace gravel",
                      "/fill ~-30 ~10 ~30 ~ ~-10 ~ air 1 replace gravel",
                      "/fill ~30 ~10 ~-30 ~ ~-10 ~ air 1 replace gravel",
                      "/fill ~30 ~10 ~30 ~ ~-10 ~ air 1 replace obsidian",
                      "/fill ~-30 ~10 ~-30 ~ ~-10 ~ air 1 replace obsidian",
                      "/fill ~-30 ~10 ~30 ~ ~-10 ~ air 1 replace obsidian",
                      "/fill ~30 ~10 ~-30 ~ ~-10 ~ air 1 replace obsidian",
                      "/fill ~30 ~10 ~30 ~ ~-10 ~ air 1 replace sand",
                      "/fill ~-30 ~10 ~-30 ~ ~-10 ~ air 1 replace sand",
                      "/fill ~-30 ~10 ~30 ~ ~-10 ~ air 1 replace sand",
                      "/fill ~30 ~10 ~-30 ~ ~-10 ~ air 1 replace sand",
                      "/fill ~30 ~10 ~30 ~ ~-10 ~ air 1 replace stone",
                      "/fill ~-30 ~10 ~-30 ~ ~-10 ~ air 1 replace stone",
                      "/fill ~-30 ~10 ~30 ~ ~-10 ~ air 1 replace stone",
                      "/fill ~30 ~10 ~-30 ~ ~-10 ~ air 1 replace stone",
                      "/fill ~30 ~10 ~30 ~ ~-10 ~ air 1 replace sandstone",
                      "/fill ~-30 ~10 ~-30 ~ ~-10 ~ air 1 replace sandstone",
                      "/fill ~-30 ~10 ~30 ~ ~-10 ~ air 1 replace sandstone",
                      "/fill ~30 ~10 ~-30 ~ ~-10 ~ air 1 replace sandstone",
                      "/fill ~30 ~10 ~30 ~ ~-10 ~ air 1 replace cobblestone",
                      "/fill ~-30 ~10 ~-30 ~ ~-10 ~ air 1 replace cobblestone",
                      "/fill ~-30 ~10 ~30 ~ ~-10 ~ air 1 replace cobblestone",
                      "/fill ~30 ~10 ~-30 ~ ~-10 ~ air 1 replace cobblestone",
                      "/fill ~30 ~10 ~30 ~ ~-3 ~ air 1 replace grass",
                      "/fill ~-30 ~10 ~-30 ~ ~-3 ~ air 1 replace grass",
                      "/fill ~-30 ~10 ~30 ~ ~-3 ~ air 1 replace grass",
                      "/fill ~30 ~10 ~-30 ~ ~-3 ~ air 1 replace grass",
                      "/fill ~30 ~10 ~30 ~ ~-3 ~ air 1 replace dirt",
                      "/fill ~-30 ~10 ~-30 ~ ~-3 ~ air 1 replace dirt",
                      "/fill ~-30 ~10 ~30 ~ ~-3 ~ air 1 replace dirt",
                      "/fill ~30 ~10 ~-30 ~ ~-3 ~ air 1 replace dirt",
                      "/fill ~30 ~10 ~30 ~ ~-3 ~ air 1 replace gravel",
                      "/fill ~-30 ~10 ~-30 ~ ~-3 ~ air 1 replace gravel",
                      "/fill ~-30 ~10 ~30 ~ ~-3 ~ air 1 replace gravel",
                      "/fill ~30 ~10 ~-30 ~ ~-3 ~ air 1 replace gravel",
                      "/fill ~30 ~10 ~30 ~ ~-3 ~ air 1 replace obsidian",
                      "/fill ~-30 ~10 ~-30 ~ ~-3 ~ air 1 replace obsidian",
                      "/fill ~-30 ~10 ~30 ~ ~-3 ~ air 1 replace obsidian",
                      "/fill ~30 ~10 ~-30 ~ ~-3 ~ air 1 replace obsidian",
                      "/fill ~30 ~10 ~30 ~ ~-3 ~ air 1 replace sand",
                      "/fill ~-30 ~10 ~-30 ~ ~-3 ~ air 1 replace sand",
                      "/fill ~-30 ~10 ~30 ~ ~-3 ~ air 1 replace sand",
                      "/fill ~30 ~10 ~-30 ~ ~-3 ~ air 1 replace sand",
                      "/fill ~30 ~10 ~30 ~ ~-3 ~ air 1 replace stone",
                      "/fill ~-30 ~10 ~-30 ~ ~-3 ~ air 1 replace stone",
                      "/fill ~-30 ~10 ~30 ~ ~-3 ~ air 1 replace stone",
                      "/fill ~30 ~10 ~-30 ~ ~-3 ~ air 1 replace stone",
                      "/fill ~30 ~10 ~30 ~ ~-3 ~ air 1 replace sandstone",
                      "/fill ~-30 ~10 ~-30 ~ ~-3 ~ air 1 replace sandstone",
                      "/fill ~-30 ~10 ~30 ~ ~-3 ~ air 1 replace sandstone",
                      "/fill ~30 ~10 ~-30 ~ ~-3 ~ air 1 replace sandstone",
                      "/fill ~30 ~10 ~30 ~ ~-3 ~ air 1 replace cobblestone",
                      "/fill ~-30 ~10 ~-30 ~ ~-3 ~ air 1 replace cobblestone",
                      "/fill ~-30 ~10 ~30 ~ ~-3 ~ air 1 replace cobblestone",
                      "/fill ~30 ~10 ~-30 ~ ~-3 ~ air 1 replace cobblestone",
                      "/summon 57:ctp_explosion",
                      "/summon 57:xp_shower"
                  ]
              }
          }
      },
      "controller.animation.ctp_warn": {
          "states": {
              "default": {
                  "transitions": [{
                      "booshes": "query.variant == 998"
                  }]
              },
              "booshes": {
                  "on_entry": [
                      "/playsound mob.titan.warn @e [type=minecraft:player]"
                  ]
              }
          }
      },
      "controller.animation.titan_begin": {
          "states": {
              "default": {
                  "transitions": [{
                      "booshes": "query.variant == 999"
                  }]
              },
              "booshes": {
                  "on_entry": [
                      "/summon 57:falling_titan_spirit ^^10^",
                      "/say Hello again, @a."
                  ]
              }
          }
      },
      "controller.animation.titan_start": {
          "states": {
              "default": {
                  "transitions": [{
                      "booshes": "query.variant == 999"
                  }]
              },
              "booshes": {
                  "on_entry": [
                      "/summon 57:summon_random_titan ^^1^"
                  ]
              }
          }
      }
  }
}