{
  "format_version": "1.10.0",
  "geometry.stmc_skull_dismantler_st": {
    "texturewidth": 128,
    "textureheight": 128,
    "visible_bounds_width": 4,
    "visible_bounds_height": 3,
    "visible_bounds_offset": [
      0,
      1.5,
      0
    ],
    "bones": [
      {
        "name": "body0",
        "pivot": [
          0,
          17,
          0
        ]
      },
      {
        "name": "body1",
        "parent": "body0",
        "pivot": [
          0,
          21,
          0
        ]
      },
      {
        "name": "body2",
        "parent": "body1",
        "pivot": [
          0,
          25,
          0
        ]
      },
      {
        "name": "head",
        "parent": "body2",
        "pivot": [
          0,
          29,
          0
        ]
      },
      {
        "name": "bone",
        "pivot": [
          0,
          0,
          0
        ],
        "cubes": [
          {
            "origin": [
              -6,
              0,
              -8
            ],
            "size": [
              12,
              2,
              15
            ],
            "uv": [
              0,
              44
            ]
          },
          {
            "origin": [
              -4.5,
              2,
              -7
            ],
            "size": [
              9,
              6,
              14
            ],
            "uv": [
              0,
              61
            ]
          },
          {
            "origin": [
              -11.5,
              3,
              -8
            ],
            "size": [
              7,
              7,
              15
            ],
            "uv": [
              34,
              8
            ]
          },
          {
            "origin": [
              4.5,
              3,
              -8
            ],
            "size": [
              7,
              7,
              15
            ],
            "uv": [
              34,
              0
            ]
          },
          {
            "origin": [
              -3.5,
              8,
              -6
            ],
            "size": [
              7,
              2,
              12
            ],
            "uv": [
              2,
              67
            ]
          },
          {
            "origin": [
              -5.5,
              10,
              -7
            ],
            "size": [
              11,
              3,
              14
            ],
            "uv": [
              0,
              81
            ]
          },
          {
            "origin": [
              -2,
              13,
              -3
            ],
            "size": [
              4,
              8,
              4
            ],
            "uv": [
              18,
              16
            ]
          },
          {
            "origin": [
              -6.5,
              13,
              -7
            ],
            "size": [
              2,
              6,
              14
            ],
            "uv": [
              9,
              61
            ]
          },
          {
            "origin": [
              4.5,
              13,
              -7
            ],
            "size": [
              2,
              6,
              14
            ],
            "uv": [
              9,
              61
            ]
          },
          {
            "origin": [
              -5.5,
              13,
              -8
            ],
            "size": [
              11,
              6,
              2
            ],
            "uv": [
              0,
              90
            ]
          },
          {
            "origin": [
              -4.5,
              13,
              6
            ],
            "size": [
              9,
              6,
              1
            ],
            "uv": [
              108,
              121
            ]
          },
          {
            "origin": [
              -4.5,
              33,
              8
            ],
            "size": [
              9,
              2,
              9
            ],
            "uv": [
              34,
              33
            ]
          },
          {
            "origin": [
              -6.5,
              0,
              7
            ],
            "size": [
              11,
              33,
              11
            ],
            "uv": [
              34,
              0
            ]
          }
        ]
      },
      {
        "name": "head2",
        "parent": "bone",
        "pivot": [
          0,
          20,
          -1
        ],
        "cubes": [
          {
            "origin": [
              -4,
              20,
              -5
            ],
            "size": [
              8,
              8,
              8
            ],
            "uv": [
              0,
              0
            ]
          },
          {
            "origin": [
              -3,
              28,
              -4
            ],
            "size": [
              6,
              1,
              6
            ],
            "uv": [
              0,
              28
            ]
          },
          {
            "origin": [
              -4,
              23,
              -6
            ],
            "size": [
              8,
              4,
              1
            ],
            "uv": [
              0,
              16
            ]
          },
          {
            "origin": [
              -5,
              21,
              -4
            ],
            "size": [
              1,
              6,
              6
            ],
            "uv": [
              4,
              16
            ]
          },
          {
            "origin": [
              4,
              21,
              -4
            ],
            "size": [
              1,
              6,
              6
            ],
            "uv": [
              4,
              16
            ],
            "mirror": true
          }
        ]
      },
      {
        "name": "bone6",
        "parent": "head2",
        "pivot": [
          0,
          8,
          -2
        ]
      }
    ]
  }
}