{
  "format_version": "1.10.0",
  "geometry.stmc_gman_st": {
    "texturewidth": 128,
    "textureheight": 128,
    "visible_bounds_width": 25,
    "visible_bounds_height": 26,
    "visible_bounds_offset": [
      0,
      -10,
      0
    ],
    "bones": [
      {
        "name": "head",
        "pivot": [
          0,
          22,
          -2
        ],
        "cubes": [
          {
            "origin": [
              -4,
              22,
              -6
            ],
            "size": [
              8,
              8,
              8
            ],
            "uv": [
              0,
              0
            ]
          }
        ]
      },
      {
        "name": "bone6",
        "parent": "head",
        "pivot": [
          0,
          10,
          -3
        ]
      },
      {
        "name": "bone4",
        "parent": "head",
        "pivot": [
          0,
          -373,
          -7
        ],
        "cubes": [
          {
            "origin": [
              -3,
              -374,
              -71
            ],
            "size": [
              2,
              2,
              65
            ],
            "uv": [
              0,
              61
            ]
          },
          {
            "origin": [
              -3,
              -374,
              -136
            ],
            "size": [
              2,
              2,
              65
            ],
            "uv": [
              0,
              61
            ]
          },
          {
            "origin": [
              -3,
              -374,
              -201
            ],
            "size": [
              2,
              2,
              65
            ],
            "uv": [
              0,
              61
            ]
          },
          {
            "origin": [
              1,
              -374,
              -71
            ],
            "size": [
              2,
              2,
              65
            ],
            "uv": [
              0,
              61
            ]
          },
          {
            "origin": [
              1,
              -374,
              -136
            ],
            "size": [
              2,
              2,
              65
            ],
            "uv": [
              0,
              61
            ]
          },
          {
            "origin": [
              1,
              -374,
              -201
            ],
            "size": [
              2,
              2,
              65
            ],
            "uv": [
              0,
              61
            ]
          }
        ]
      },
      {
        "name": "bone",
        "pivot": [
          0,
          0,
          0
        ],
        "cubes": [
          {
            "origin": [
              -5,
              4,
              -6
            ],
            "size": [
              10,
              6,
              10
            ],
            "uv": [
              0,
              48
            ]
          },
          {
            "origin": [
              -8,
              0,
              -8
            ],
            "size": [
              16,
              4,
              12
            ],
            "uv": [
              0,
              48
            ]
          },
          {
            "origin": [
              -3,
              0,
              -9
            ],
            "size": [
              6,
              4,
              1
            ],
            "uv": [
              50,
              0
            ]
          },
          {
            "origin": [
              -5,
              10,
              -6
            ],
            "size": [
              10,
              2,
              10
            ],
            "uv": [
              11,
              27
            ]
          },
          {
            "origin": [
              -2,
              12,
              -4
            ],
            "size": [
              4,
              10,
              4
            ],
            "uv": [
              45,
              13
            ]
          },
          {
            "origin": [
              -9,
              0,
              4
            ],
            "size": [
              18,
              31,
              9
            ],
            "uv": [
              0,
              24
            ]
          },
          {
            "origin": [
              -9,
              29,
              13
            ],
            "size": [
              18,
              2,
              2
            ],
            "uv": [
              7,
              31
            ]
          },
          {
            "origin": [
              5,
              12,
              -6
            ],
            "size": [
              2,
              2,
              11
            ],
            "uv": [
              12,
              24
            ]
          },
          {
            "origin": [
              6,
              14,
              -8
            ],
            "size": [
              2,
              4,
              13
            ],
            "uv": [
              17,
              23
            ]
          },
          {
            "origin": [
              -7,
              12,
              -8
            ],
            "size": [
              14,
              2,
              2
            ],
            "uv": [
              12,
              37
            ]
          },
          {
            "origin": [
              -7,
              14,
              -10
            ],
            "size": [
              14,
              4,
              2
            ],
            "uv": [
              0,
              36
            ]
          },
          {
            "origin": [
              -7,
              12,
              -6
            ],
            "size": [
              2,
              2,
              11
            ],
            "uv": [
              19,
              35
            ]
          },
          {
            "origin": [
              -8,
              14,
              -8
            ],
            "size": [
              2,
              4,
              13
            ],
            "uv": [
              19,
              46
            ]
          }
        ]
      },
      {
        "name": "bone2",
        "parent": "bone",
        "pivot": [
          -8,
          4,
          9
        ],
        "rotation": [
          0,
          0,
          32.5
        ]
      },
      {
        "name": "bone3",
        "parent": "bone",
        "pivot": [
          -8,
          10,
          9
        ],
        "rotation": [
          87.5,
          0,
          32.5
        ]
      },
      {
        "name": "bone7",
        "parent": "bone",
        "pivot": [
          0,
          16,
          2
        ],
        "rotation": [
          -5,
          0,
          0
        ]
      }
    ]
  }
}