{
  "format_version": "1.8.0",
  "render_controllers": {
    "controller.render.base": {
      "geometry": "Geometry.default",
      "materials": [ { "*": "Material.default" } ],
      "textures": [ "Texture.default" ]
    },
    "controller.render.imbued": {
      "geometry": "Geometry.imbued",
      "materials": [ { "*": "Material.default" } ],
      "textures": [ "Texture.imbued" ]
    },
    "controller.render.gura_cracks": {
      "geometry": "Geometry.gura_cracks",
      "materials": [ { "*": "Material.default" } ],
      "textures": [ "Texture.gura_cracks" ]
    }
  }
}










