{
	"format_version": "1.8.0",
	"animations": {
		"animation.unused.emerge": {
			"animation_length": 6.64,
			"bones": {
				"body": {
					"rotation": {
						"0.0": {
							"post": [0, 0, 0],
							"lerp_mode": "catmullrom"
						},
						"0.52": {
							"post": [0, 0, -22.5],
							"lerp_mode": "catmullrom"
						},
						"1.2": {
							"post": [0, 0, -7.5],
							"lerp_mode": "catmullrom"
						},
						"1.68": {
							"post": [0, 0, 10],
							"lerp_mode": "catmullrom"
						},
						"1.8": {
							"post": [0, 0, 10],
							"lerp_mode": "catmullrom"
						},
						"2.28": {
							"post": [0, 0, 10],
							"lerp_mode": "catmullrom"
						},
						"2.88": {
							"post": [0, 0, 10],
							"lerp_mode": "catmullrom"
						},
						"3.76": {
							"post": [25, 0, -7.5],
							"lerp_mode": "catmullrom"
						},
						"3.92": {
							"post": [35, 0, -7.5],
							"lerp_mode": "catmullrom"
						},
						"4.08": {
							"post": [25, 0, -7.5],
							"lerp_mode": "catmullrom"
						},
						"4.44": {
							"post": [47.5, 0, 0],
							"lerp_mode": "catmullrom"
						},
						"4.56": {
							"post": [47.5, 0, 0],
							"lerp_mode": "catmullrom"
						},
						"4.68": {
							"post": [47.5, 0, 0],
							"lerp_mode": "catmullrom"
						},
						"5.0": {
							"post": [70, 0, 2.5],
							"lerp_mode": "catmullrom"
						},
						"5.8": {
							"post": [70, 0, 2.5],
							"lerp_mode": "catmullrom"
						},
						"6.64": {
							"post": [0, 0, 0],
							"lerp_mode": "catmullrom"
						}
					},
					"position": {
						"0.0": {
							"post": [0, -63, 0],
							"lerp_mode": "catmullrom"
						},
						"0.52": {
							"post": [0, -56, 0],
							"lerp_mode": "catmullrom"
						},
						"1.2": {
							"post": [0, -32, 0],
							"lerp_mode": "catmullrom"
						},
						"1.68": {
							"post": [0, -32, 0],
							"lerp_mode": "catmullrom"
						},
						"1.8": {
							"post": [0, -32, 0],
							"lerp_mode": "catmullrom"
						},
						"2.28": {
							"post": [0, -32, 0],
							"lerp_mode": "catmullrom"
						},
						"2.88": {
							"post": [0, -32, 0],
							"lerp_mode": "catmullrom"
						},
						"3.16": {
							"post": [0, -27, 0],
							"lerp_mode": "catmullrom"
						},
						"3.76": {
							"post": [0, -14, 0],
							"lerp_mode": "catmullrom"
						},
						"3.92": {
							"post": [0, -11, 0],
							"lerp_mode": "catmullrom"
						},
						"4.08": {
							"post": [0, -14, 0],
							"lerp_mode": "catmullrom"
						},
						"4.44": {
							"post": [0, -6, -3],
							"lerp_mode": "catmullrom"
						},
						"4.56": {
							"post": [0, -4, -3],
							"lerp_mode": "catmullrom"
						},
						"4.68": {
							"post": [0, -6, -3],
							"lerp_mode": "catmullrom"
						},
						"5.0": {
							"post": [0, -3, -4],
							"lerp_mode": "catmullrom"
						},
						"5.8": {
							"post": [0, -3, -4],
							"lerp_mode": "catmullrom"
						},
						"6.64": {
							"post": [0, 0, 0],
							"lerp_mode": "catmullrom"
						}
					}
				},
				"head": {
					"rotation": {
						"0.0": {
							"post": [0, 0, 0],
							"lerp_mode": "catmullrom"
						},
						"0.52": {
							"post": [0, 0, 0],
							"lerp_mode": "catmullrom"
						},
						"0.92": {
							"post": [0.74, 0, -40.38],
							"lerp_mode": "catmullrom"
						},
						"1.16": {
							"post": [-67.5, 0, -2.5],
							"lerp_mode": "catmullrom"
						},
						"1.24": {
							"post": [-67.5, 0, -2.5],
							"lerp_mode": "catmullrom"
						},
						"1.32": {
							"post": [-47.5, 0, -2.5],
							"lerp_mode": "catmullrom"
						},
						"1.4": {
							"post": [-67.5, 0, -2.5],
							"lerp_mode": "catmullrom"
						},
						"1.68": {
							"post": [-67.5, 0, 15],
							"lerp_mode": "catmullrom"
						},
						"1.76": {
							"post": [-67.5, 0, -5],
							"lerp_mode": "catmullrom"
						},
						"1.84": {
							"post": [-52.5, 0, -5],
							"lerp_mode": "catmullrom"
						},
						"1.92": {
							"post": [-67.5, 0, -5],
							"lerp_mode": "catmullrom"
						},
						"2.64": {
							"post": [-17.5, 0, -10],
							"lerp_mode": "catmullrom"
						},
						"3.76": {
							"post": [70, 0, 12.5],
							"lerp_mode": "catmullrom"
						},
						"4.04": {
							"post": [70, 0, 12.5],
							"lerp_mode": "catmullrom"
						},
						"4.12": {
							"post": [80, 0, 12.5],
							"lerp_mode": "catmullrom"
						},
						"4.24": {
							"post": [70, 0, 12.5],
							"lerp_mode": "catmullrom"
						},
						"5.0": {
							"post": [77.5, 0, -2.5],
							"lerp_mode": "catmullrom"
						},
						"6.64": {
							"post": [0, 0, 0],
							"lerp_mode": "catmullrom"
						}
					},
					"position": {
						"0.0": {
							"post": [0, 0, 0],
							"lerp_mode": "catmullrom"
						},
						"0.52": {
							"post": [-8, -11, 0],
							"lerp_mode": "catmullrom"
						},
						"0.92": {
							"post": [0, 0, 0],
							"lerp_mode": "catmullrom"
						},
						"1.24": {
							"post": [0, 0.47, -0.95],
							"lerp_mode": "catmullrom"
						},
						"1.32": {
							"post": [0, 0.47, -0.95],
							"lerp_mode": "catmullrom"
						},
						"1.4": {
							"post": [0, 0.47, -0.95],
							"lerp_mode": "catmullrom"
						},
						"1.68": {
							"post": [0, 1, -2],
							"lerp_mode": "catmullrom"
						},
						"1.76": {
							"post": [0, 1, -2],
							"lerp_mode": "catmullrom"
						},
						"1.84": {
							"post": [0, 1, -2],
							"lerp_mode": "catmullrom"
						},
						"1.92": {
							"post": [0, 1, -2],
							"lerp_mode": "catmullrom"
						},
						"2.64": {
							"post": [0, -2, -2],
							"lerp_mode": "catmullrom"
						},
						"3.76": {
							"post": [0, -4, 1],
							"lerp_mode": "catmullrom"
						},
						"4.04": {
							"post": [0, -1, 1],
							"lerp_mode": "catmullrom"
						},
						"4.12": {
							"post": [0, -1, 1],
							"lerp_mode": "catmullrom"
						},
						"4.24": {
							"post": [0, -1, 1],
							"lerp_mode": "catmullrom"
						},
						"5.0": {
							"post": [0, -1, 1],
							"lerp_mode": "catmullrom"
						},
						"6.64": {
							"post": [0, 0, 0],
							"lerp_mode": "catmullrom"
						}
					}
				},
				"right_arm": {
					"rotation": {
						"0.0": {
							"post": [0, 0, 0],
							"lerp_mode": "catmullrom"
						},
						"0.52": {
							"post": [0, 0, 0],
							"lerp_mode": "catmullrom"
						},
						"1.2": {
							"post": [-152.5, 2.5, 7.5],
							"lerp_mode": "catmullrom"
						},
						"1.68": {
							"post": [-180, 12.5, -10],
							"lerp_mode": "catmullrom"
						},
						"1.8": {
							"post": [-90, 12.5, -10],
							"lerp_mode": "catmullrom"
						},
						"2.28": {
							"post": [-90, 12.5, -10],
							"lerp_mode": "catmullrom"
						},
						"2.88": {
							"post": [-90, 12.5, -10],
							"lerp_mode": "catmullrom"
						},
						"3.08": {
							"post": [-95, 12.5, -10],
							"lerp_mode": "catmullrom"
						},
						"3.24": {
							"post": [-83.93, 3.93, 5.71],
							"lerp_mode": "catmullrom"
						},
						"3.36": {
							"post": [-80, 7.5, 17.5],
							"lerp_mode": "catmullrom"
						},
						"3.76": {
							"post": [-67.5, 2.5, 0],
							"lerp_mode": "catmullrom"
						},
						"4.08": {
							"post": [-67.5, 2.5, 0],
							"lerp_mode": "catmullrom"
						},
						"4.44": {
							"post": [-55, 2.5, 0],
							"lerp_mode": "catmullrom"
						},
						"4.56": {
							"post": [-60, 2.5, 0],
							"lerp_mode": "catmullrom"
						},
						"4.68": {
							"post": [-55, 2.5, 0],
							"lerp_mode": "catmullrom"
						},
						"5.0": {
							"post": [-67.5, 0, 0],
							"lerp_mode": "catmullrom"
						},
						"5.56": {
							"post": [-50.45, 0, 2.69],
							"lerp_mode": "catmullrom"
						},
						"6.08": {
							"post": [-62.72, 0, 4.3],
							"lerp_mode": "catmullrom"
						},
						"6.64": {
							"post": [0, 0, 0],
							"lerp_mode": "catmullrom"
						}
					},
					"position": {
						"0.0": {
							"post": [0, 0, 0],
							"lerp_mode": "catmullrom"
						},
						"0.52": {
							"post": [0, 0, 0],
							"lerp_mode": "catmullrom"
						},
						"1.2": {
							"post": [0, -21, 9],
							"lerp_mode": "catmullrom"
						},
						"1.68": {
							"post": [2, -2, 0],
							"lerp_mode": "catmullrom"
						},
						"1.8": {
							"post": [2, 0, 0],
							"lerp_mode": "catmullrom"
						},
						"2.28": {
							"post": [2, 0, 0],
							"lerp_mode": "catmullrom"
						},
						"2.88": {
							"post": [2, 0, 0],
							"lerp_mode": "catmullrom"
						},
						"3.08": {
							"post": [2, -2, 0],
							"lerp_mode": "catmullrom"
						},
						"3.24": {
							"post": [2, 2.71, 3.86],
							"lerp_mode": "catmullrom"
						},
						"3.36": {
							"post": [2, 1, 5],
							"lerp_mode": "catmullrom"
						},
						"3.76": {
							"post": [2, 3, 3],
							"lerp_mode": "catmullrom"
						},
						"4.08": {
							"post": [2, 3, 3],
							"lerp_mode": "catmullrom"
						},
						"4.44": {
							"post": [2.67, 4, 0],
							"lerp_mode": "catmullrom"
						},
						"4.56": {
							"post": [2.67, 0, 0],
							"lerp_mode": "catmullrom"
						},
						"4.68": {
							"post": [2.67, 4, 0],
							"lerp_mode": "catmullrom"
						},
						"5.0": {
							"post": [0.67, 3, 4],
							"lerp_mode": "catmullrom"
						},
						"6.64": {
							"post": [0, 0, 0],
							"lerp_mode": "catmullrom"
						}
					}
				},
				"left_arm": {
					"rotation": {
						"0.0": {
							"post": [0, 0, 0],
							"lerp_mode": "catmullrom"
						},
						"0.12": {
							"post": [-167.5, -17.5, -7.5],
							"lerp_mode": "catmullrom"
						},
						"0.6": {
							"post": [-167.5, -17.5, -7.5],
							"lerp_mode": "catmullrom"
						},
						"0.88": {
							"post": [-175, -17.5, 15],
							"lerp_mode": "catmullrom"
						},
						"1.16": {
							"post": [-190, -17.5, 5],
							"lerp_mode": "catmullrom"
						},
						"1.28": {
							"post": [-90, -5, 5],
							"lerp_mode": "catmullrom"
						},
						"1.68": {
							"post": [-90, -17.5, -12.5],
							"lerp_mode": "catmullrom"
						},
						"1.8": {
							"post": [-90, -17.5, -12.5],
							"lerp_mode": "catmullrom"
						},
						"2.28": {
							"post": [-90, -17.5, -12.5],
							"lerp_mode": "catmullrom"
						},
						"2.88": {
							"post": [-90, -17.5, -12.5],
							"lerp_mode": "catmullrom"
						},
						"3.04": {
							"post": [-81.29, -10.64, -14.21],
							"lerp_mode": "catmullrom"
						},
						"3.16": {
							"post": [-83.5, -5.5, -15.5],
							"lerp_mode": "catmullrom"
						},
						"3.76": {
							"post": [-62.5, -7.5, 5],
							"lerp_mode": "catmullrom"
						},
						"3.92": {
							"post": [-58.75, -3.75, 5],
							"lerp_mode": "catmullrom"
						},
						"4.08": {
							"post": [-55, 0, 0],
							"lerp_mode": "catmullrom"
						},
						"4.44": {
							"post": [-52.5, 0, 5],
							"lerp_mode": "catmullrom"
						},
						"4.56": {
							"post": [-50, 0, 5],
							"lerp_mode": "catmullrom"
						},
						"4.68": {
							"post": [-52.5, 0, 5],
							"lerp_mode": "catmullrom"
						},
						"5.0": {
							"post": [-72.5, -2.5, 5],
							"lerp_mode": "catmullrom"
						},
						"5.56": {
							"post": [-57.5, -4.54, 2.99],
							"lerp_mode": "catmullrom"
						},
						"6.08": {
							"post": [-70.99, -5.77, 1.78],
							"lerp_mode": "catmullrom"
						},
						"6.64": {
							"post": [0, 0, 0],
							"lerp_mode": "catmullrom"
						}
					},
					"position": {
						"0.0": {
							"post": [0, 0, 0],
							"lerp_mode": "catmullrom"
						},
						"0.12": {
							"post": [0, -8, 0],
							"lerp_mode": "catmullrom"
						},
						"0.6": {
							"post": [0, -8, 0],
							"lerp_mode": "catmullrom"
						},
						"0.88": {
							"post": [0, 0, 0],
							"lerp_mode": "catmullrom"
						},
						"1.2": {
							"post": [-2, 0, 0],
							"lerp_mode": "catmullrom"
						},
						"1.68": {
							"post": [-4, 3, 0],
							"lerp_mode": "catmullrom"
						},
						"1.8": {
							"post": [-4, 3, 0],
							"lerp_mode": "catmullrom"
						},
						"2.28": {
							"post": [-4, 3, 0],
							"lerp_mode": "catmullrom"
						},
						"2.88": {
							"post": [-4, 3, 0],
							"lerp_mode": "catmullrom"
						},
						"3.04": {
							"post": [-3.23, 5.7, 4.97],
							"lerp_mode": "catmullrom"
						},
						"3.16": {
							"post": [-1.49, 2.22, 5.25],
							"lerp_mode": "catmullrom"
						},
						"3.76": {
							"post": [-1.14, 1.71, 1.86],
							"lerp_mode": "catmullrom"
						},
						"3.92": {
							"post": [-1.14, 1.21, 3.86],
							"lerp_mode": "catmullrom"
						},
						"4.08": {
							"post": [-1.14, 2.71, 4.86],
							"lerp_mode": "catmullrom"
						},
						"4.44": {
							"post": [-1, 1, 3],
							"lerp_mode": "catmullrom"
						},
						"4.56": {
							"post": [0, 1, 1],
							"lerp_mode": "catmullrom"
						},
						"4.68": {
							"post": [0, 1, 3],
							"lerp_mode": "catmullrom"
						},
						"5.0": {
							"post": [-2, 0, 4],
							"lerp_mode": "catmullrom"
						},
						"6.64": {
							"post": [0, 0, 0],
							"lerp_mode": "catmullrom"
						}
					}
				},
				"right_leg": {
					"rotation": {
						"0.0": {
							"post": [0, 0, 0],
							"lerp_mode": "catmullrom"
						},
						"0.52": {
							"post": [0, 0, 0],
							"lerp_mode": "catmullrom"
						},
						"2.28": {
							"post": [0, 0, 0],
							"lerp_mode": "catmullrom"
						},
						"2.88": {
							"post": [0, 0, 0],
							"lerp_mode": "catmullrom"
						},
						"3.36": {
							"post": [0, 0, 0],
							"lerp_mode": "catmullrom"
						},
						"4.32": {
							"post": [0, 0, 0],
							"lerp_mode": "catmullrom"
						},
						"4.48": {
							"post": [55, 0, 0],
							"lerp_mode": "catmullrom"
						},
						"4.6": {
							"post": [0, 0, 0],
							"lerp_mode": "catmullrom"
						},
						"5.0": {
							"post": [0, 0, 0],
							"lerp_mode": "catmullrom"
						},
						"5.8": {
							"post": [0, 0, 0],
							"lerp_mode": "catmullrom"
						},
						"6.64": {
							"post": [0, 0, 0],
							"lerp_mode": "catmullrom"
						}
					},
					"position": {
						"0.0": {
							"post": [0, -63, 0],
							"lerp_mode": "catmullrom"
						},
						"0.52": {
							"post": [0, -56, 0],
							"lerp_mode": "catmullrom"
						},
						"1.2": {
							"post": [0, -32, 0],
							"lerp_mode": "catmullrom"
						},
						"1.68": {
							"post": [0, -32, 0],
							"lerp_mode": "catmullrom"
						},
						"1.8": {
							"post": [0, -32, 0],
							"lerp_mode": "catmullrom"
						},
						"2.28": {
							"post": [0, -32, 0],
							"lerp_mode": "catmullrom"
						},
						"2.88": {
							"post": [0, -32, 0],
							"lerp_mode": "catmullrom"
						},
						"3.36": {
							"post": [0, -22, 0],
							"lerp_mode": "catmullrom"
						},
						"3.76": {
							"post": [0, -12.28, 2.48],
							"lerp_mode": "catmullrom"
						},
						"3.92": {
							"post": [0, -9.28, 2.48],
							"lerp_mode": "catmullrom"
						},
						"4.08": {
							"post": [0, -12.28, 2.48],
							"lerp_mode": "catmullrom"
						},
						"4.32": {
							"post": [0, -4.14, 4.14],
							"lerp_mode": "catmullrom"
						},
						"4.48": {
							"post": [0, -0.57, -8.43],
							"lerp_mode": "catmullrom"
						},
						"4.6": {
							"post": [0, 0, 0],
							"lerp_mode": "catmullrom"
						},
						"5.0": {
							"post": [0, 0, 0],
							"lerp_mode": "catmullrom"
						},
						"5.8": {
							"post": [0, 0, 0],
							"lerp_mode": "catmullrom"
						},
						"6.64": {
							"post": [0, 0, 0],
							"lerp_mode": "catmullrom"
						}
					}
				},
				"left_leg": {
					"rotation": {
						"0.0": {
							"post": [0, 0, 0],
							"lerp_mode": "catmullrom"
						},
						"0.52": {
							"post": [0, 0, 0],
							"lerp_mode": "catmullrom"
						},
						"2.28": {
							"post": [0, 0, 0],
							"lerp_mode": "catmullrom"
						},
						"2.88": {
							"post": [0, 0, 0],
							"lerp_mode": "catmullrom"
						},
						"3.36": {
							"post": [0, 0, 0],
							"lerp_mode": "catmullrom"
						},
						"3.84": {
							"post": [20, 0, -17.5],
							"lerp_mode": "catmullrom"
						},
						"4.0": {
							"post": [0, 0, 0],
							"lerp_mode": "catmullrom"
						},
						"4.68": {
							"post": [20, 0, 0],
							"lerp_mode": "catmullrom"
						},
						"4.84": {
							"post": [10, 0, 0],
							"lerp_mode": "catmullrom"
						},
						"5.0": {
							"post": [0, 0, 0],
							"lerp_mode": "catmullrom"
						},
						"5.8": {
							"post": [0, 0, 0],
							"lerp_mode": "catmullrom"
						},
						"6.64": {
							"post": [0, 0, 0],
							"lerp_mode": "catmullrom"
						}
					},
					"position": {
						"0.0": {
							"post": [0, -63, 0],
							"lerp_mode": "catmullrom"
						},
						"0.52": {
							"post": [0, -56, 0],
							"lerp_mode": "catmullrom"
						},
						"1.2": {
							"post": [0, -32, 0],
							"lerp_mode": "catmullrom"
						},
						"1.68": {
							"post": [0, -32, 0],
							"lerp_mode": "catmullrom"
						},
						"1.8": {
							"post": [0, -32, 0],
							"lerp_mode": "catmullrom"
						},
						"2.28": {
							"post": [0, -32, 0],
							"lerp_mode": "catmullrom"
						},
						"2.88": {
							"post": [0, -32, 0],
							"lerp_mode": "catmullrom"
						},
						"3.36": {
							"post": [0, -22, 0],
							"lerp_mode": "catmullrom"
						},
						"3.84": {
							"post": [-4, 2, -7],
							"lerp_mode": "catmullrom"
						},
						"4.0": {
							"post": [-4, 0, -5],
							"lerp_mode": "catmullrom"
						},
						"4.68": {
							"post": [-4, 0, -9],
							"lerp_mode": "catmullrom"
						},
						"4.84": {
							"post": [-2, 2, -3.5],
							"lerp_mode": "catmullrom"
						},
						"5.0": {
							"post": [0, 0, 0],
							"lerp_mode": "catmullrom"
						},
						"5.8": {
							"post": [0, 0, 0],
							"lerp_mode": "catmullrom"
						},
						"6.64": {
							"post": [0, 0, 0],
							"lerp_mode": "catmullrom"
						}
					}
				}
			},
			"particle_effects": {
				"0.0": {
					"effect": "digging",
					"pre_effect_script": "variable.dig_particle_texture_coordinate = query.surface_particle_texture_coordinate; variable.dig_particle_texture_size = query.surface_particle_texture_size; variable.dig_particle_color = query.surface_particle_color;"
				}
			},
			"sound_effects": {
				"0.0": {
					"effect": "emerge"
				}
			}
		},
		"animation.unused.dig": {
			"loop": "hold_on_last_frame",
			"animation_length": 5,
			"bones": {
				"body": {
					"rotation": {
						"0.0": {
							"post": [0, 0, 0],
							"lerp_mode": "catmullrom"
						},
						"0.1667": {
							"post": [20, 0, 0],
							"lerp_mode": "catmullrom"
						},
						"0.3333": {
							"post": [40.98084, 11.43563, 9.77243],
							"lerp_mode": "catmullrom"
						},
						"0.625": {
							"post": [64.48032, 13.63022, 14.37511],
							"lerp_mode": "catmullrom"
						},
						"0.9167": {
							"post": [40.98084, -11.4356, -9.7724],
							"lerp_mode": "catmullrom"
						},
						"1.2083": {
							"post": [64.48032, -13.6302, -14.3751],
							"lerp_mode": "catmullrom"
						},
						"1.5": {
							"post": [40.98084, 11.43563, 9.77243],
							"lerp_mode": "catmullrom"
						},
						"1.7917": {
							"post": [64.48032, 13.63022, 14.37511],
							"lerp_mode": "catmullrom"
						},
						"2.0833": {
							"post": [40.98084, -11.4356, -9.7724],
							"lerp_mode": "catmullrom"
						},
						"2.375": {
							"post": [64.48032, -13.6302, -14.3751],
							"lerp_mode": "catmullrom"
						}
					},
					"position": {
						"0.0": {
							"post": [0, 0, 0],
							"lerp_mode": "catmullrom"
						},
						"0.1667": {
							"post": [0, 0, -2],
							"lerp_mode": "catmullrom"
						},
						"0.625": {
							"post": [0, -3, -3],
							"lerp_mode": "catmullrom"
						},
						"0.9167": {
							"post": [0, -3, -3],
							"lerp_mode": "catmullrom"
						},
						"1.2083": {
							"post": [0, -3, -3],
							"lerp_mode": "catmullrom"
						},
						"1.7917": {
							"post": [0, -3, -3],
							"lerp_mode": "catmullrom"
						},
						"2.0833": {
							"post": [0, -3, -3],
							"lerp_mode": "catmullrom"
						},
						"2.375": {
							"post": [0, -3, -3],
							"lerp_mode": "catmullrom"
						}
					}
				},
				"head": {
					"rotation": {
						"0.0": {
							"post": [0, 0, 0],
							"lerp_mode": "catmullrom"
						},
						"0.1667": {
							"post": [7.5, 0, 0],
							"lerp_mode": "catmullrom"
						},
						"0.3333": {
							"post": [-19.98351, -14.96087, -0.81585],
							"lerp_mode": "catmullrom"
						},
						"0.5833": {
							"post": [-55.50397, -33.63497, 18.01135],
							"lerp_mode": "catmullrom"
						},
						"0.875": {
							"post": [-19.98351, 14.9609, 0.8158],
							"lerp_mode": "catmullrom"
						},
						"1.2083": {
							"post": [-55.50397, 33.635, -18.0114],
							"lerp_mode": "catmullrom"
						},
						"1.5": {
							"post": [-19.98351, -14.96087, -0.81585],
							"lerp_mode": "catmullrom"
						},
						"1.75": {
							"post": [-55.50397, -33.63497, 18.01135],
							"lerp_mode": "catmullrom"
						},
						"2.0417": {
							"post": [-19.98351, 14.9609, 0.8158],
							"lerp_mode": "catmullrom"
						},
						"2.375": {
							"post": [-55.50397, 33.635, -18.0114],
							"lerp_mode": "catmullrom"
						}
					},
					"position": {
						"0.0": {
							"post": [0, 0, 0],
							"lerp_mode": "catmullrom"
						}
					}
				},
				"right_arm": {
					"rotation": {
						"0.0": {
							"post": [0, 0, 0],
							"lerp_mode": "catmullrom"
						},
						"0.1667": {
							"post": [-19.71975, 3.40487, 9.40804],
							"lerp_mode": "catmullrom"
						},
						"0.3333": {
							"post": [-21.22266, -15.8637, 66.81816],
							"lerp_mode": "catmullrom"
						},
						"0.5833": {
							"post": [71.49457, -35.08359, 27.49561],
							"lerp_mode": "catmullrom"
						},
						"0.875": {
							"post": [-58.27597, -13.0773, 0.22533],
							"lerp_mode": "catmullrom"
						},
						"1.5": {
							"post": [-21.22266, -15.8637, 66.81816],
							"lerp_mode": "catmullrom"
						},
						"1.75": {
							"post": [71.49457, -35.08359, 27.49561],
							"lerp_mode": "catmullrom"
						},
						"2.0417": {
							"post": [-58.27597, -13.0773, 0.22533],
							"lerp_mode": "catmullrom"
						}
					},
					"position": {
						"0.0": {
							"post": [0, 0, 0],
							"lerp_mode": "catmullrom"
						},
						"0.1667": {
							"post": [1, -3, -2],
							"lerp_mode": "catmullrom"
						},
						"0.3333": {
							"post": [4, -2, 0],
							"lerp_mode": "catmullrom"
						},
						"0.875": {
							"post": [-2, -2, 11],
							"lerp_mode": "catmullrom"
						},
						"1.1667": {
							"post": [0, 1, -1],
							"lerp_mode": "catmullrom"
						},
						"1.5": {
							"post": [4, -2, 0],
							"lerp_mode": "catmullrom"
						},
						"2.0417": {
							"post": [-2, -2, 11],
							"lerp_mode": "catmullrom"
						},
						"2.3333": {
							"post": [0, 1, -1],
							"lerp_mode": "catmullrom"
						}
					}
				},
				"left_arm": {
					"rotation": {
						"0.0": {
							"post": [0, 0, 0],
							"lerp_mode": "catmullrom"
						},
						"0.1667": {
							"post": [-19.8423, 2.55868, 7.05239],
							"lerp_mode": "catmullrom"
						},
						"0.3333": {
							"post": [-53.27597, 13.07726, 0.22533],
							"lerp_mode": "catmullrom"
						},
						"0.875": {
							"post": [-21.22266, 15.8637, -66.8182],
							"lerp_mode": "catmullrom"
						},
						"1.2083": {
							"post": [71.49457, 35.0836, -27.4956],
							"lerp_mode": "catmullrom"
						},
						"1.5": {
							"post": [-53.27597, 13.07726, 0.22533],
							"lerp_mode": "catmullrom"
						},
						"2.0417": {
							"post": [-21.22266, 15.8637, -66.8182],
							"lerp_mode": "catmullrom"
						},
						"2.375": {
							"post": [71.49457, 35.0836, -27.4956],
							"lerp_mode": "catmullrom"
						}
					},
					"position": {
						"0.0": {
							"post": [0, 0, 0],
							"lerp_mode": "catmullrom"
						},
						"0.3333": {
							"post": [0, 3, 9],
							"lerp_mode": "catmullrom"
						},
						"0.5833": {
							"post": [0, -1, 1],
							"lerp_mode": "catmullrom"
						},
						"0.875": {
							"post": [-4, -2, 0],
							"lerp_mode": "catmullrom"
						},
						"1.5": {
							"post": [0, 3, 9],
							"lerp_mode": "catmullrom"
						},
						"1.75": {
							"post": [0, -1, 1],
							"lerp_mode": "catmullrom"
						},
						"2.0417": {
							"post": [-4, -2, 0],
							"lerp_mode": "catmullrom"
						}
					}
				},
				"right_leg": {
					"rotation": {
						"0.0": {
							"post": [0, 0, 0],
							"lerp_mode": "catmullrom"
						}
					},
					"position": {
						"0.0": {
							"post": [0, 0, 0],
							"lerp_mode": "catmullrom"
						}
					}
				},
				"left_leg": {
					"rotation": {
						"0.0": {
							"post": [0, 0, 0],
							"lerp_mode": "catmullrom"
						}
					},
					"position": {
						"0.0": {
							"post": [0, 0, 0],
							"lerp_mode": "catmullrom"
						}
					}
				}
			},
			"sound_effects": {
				"0.0": {
					"effect": "dig"
				}
			},
			"particle_effects": {
				"0.0": {
					"effect": "digging",
					"pre_effect_script": "variable.dig_particle_texture_coordinate = query.surface_particle_texture_coordinate; variable.dig_particle_texture_size = query.surface_particle_texture_size; variable.dig_particle_color = query.surface_particle_color;"
				}
			}
		},
		"animation.unused.sniff": {
			"animation_length": 3.32,
			"bones": {
				"body": {
					"rotation": {
						"0.0": {
							"post": [0, 0, 0],
							"lerp_mode": "catmullrom"
						},
						"0.56": {
							"post": [17.5, 32.5, 0],
							"lerp_mode": "catmullrom"
						},
						"0.96": {
							"post": [0, 32.5, 0],
							"lerp_mode": "catmullrom"
						},
						"2.2": {
							"post": [10, 0, 0],
							"lerp_mode": "catmullrom"
						},
						"2.8": {
							"post": [10, -30, 0],
							"lerp_mode": "catmullrom"
						},
						"3.32": {
							"post": [0, 0, 0],
							"lerp_mode": "catmullrom"
						}
					}
				},
				"head": {
					"rotation": {
						"0.0": {
							"post": [0, 0, 0],
							"lerp_mode": "catmullrom"
						},
						"0.68": {
							"post": [0, 40, 0],
							"lerp_mode": "catmullrom"
						},
						"0.96": {
							"post": [-22.5, 40, 0],
							"lerp_mode": "catmullrom"
						},
						"1.24": {
							"post": [0, 20, 0],
							"lerp_mode": "catmullrom"
						},
						"1.52": {
							"post": [-35, 20, 0],
							"lerp_mode": "catmullrom"
						},
						"1.76": {
							"post": [0, 20, 0],
							"lerp_mode": "catmullrom"
						},
						"2.28": {
							"post": [0, -20, 0],
							"lerp_mode": "catmullrom"
						},
						"2.6": {
							"post": [-25, -23.65037, 0],
							"lerp_mode": "catmullrom"
						},
						"2.88": {
							"post": [0, -20, 0],
							"lerp_mode": "catmullrom"
						},
						"3.32": {
							"post": [0, 0, 0],
							"lerp_mode": "catmullrom"
						}
					}
				},
				"right_arm": {
					"rotation": {
						"0.0": {
							"post": [0, 0, 0],
							"lerp_mode": "catmullrom"
						},
						"0.96": {
							"post": [17.5, 0, 0],
							"lerp_mode": "catmullrom"
						},
						"2.2": {
							"post": [0, 0, 0],
							"lerp_mode": "catmullrom"
						},
						"2.76": {
							"post": [-15, 0, 0],
							"lerp_mode": "catmullrom"
						},
						"3.32": {
							"post": [0, 0, 0],
							"lerp_mode": "catmullrom"
						}
					}
				},
				"left_arm": {
					"rotation": {
						"0.0": {
							"post": [0, 0, 0],
							"lerp_mode": "catmullrom"
						},
						"0.96": {
							"post": [-15, 0, 0],
							"lerp_mode": "catmullrom"
						},
						"2.2": {
							"post": [0, 0, 0],
							"lerp_mode": "catmullrom"
						},
						"2.76": {
							"post": [17.5, 0, 0],
							"lerp_mode": "catmullrom"
						},
						"3.32": {
							"post": [0, 0, 0],
							"lerp_mode": "catmullrom"
						}
					}
				}
			},
			"sound_effects": {
				"0.0": {
					"effect": "sniff"
				}
			}
		},
		"animation.unused.attack": {
			"animation_length": 0.33333,
			"bones": {
				"body": {
					"rotation": {
						"0.0": {
							"post": [0, 0, 0],
							"lerp_mode": "catmullrom"
						},
						"0.1667": {
							"post": [25, 0, 0],
							"lerp_mode": "catmullrom"
						},
						"0.3333": {
							"post": [0, 0, 0],
							"lerp_mode": "catmullrom"
						}
					},
					"position": {
						"0.0": {
							"post": [0, 0, 0],
							"lerp_mode": "catmullrom"
						},
						"0.1667": {
							"post": [0, -1, -5],
							"lerp_mode": "catmullrom"
						},
						"0.3333": {
							"post": [0, 0, 0],
							"lerp_mode": "catmullrom"
						}
					}
				},
				"head": {
					"rotation": {
						"0.0": {
							"post": [0, 0, 0],
							"lerp_mode": "catmullrom"
						},
						"0.1667": {
							"post": [45, 0, 0],
							"lerp_mode": "catmullrom"
						},
						"0.3333": {
							"post": [0, 0, 0],
							"lerp_mode": "catmullrom"
						}
					},
					"position": {
						"0.0": {
							"post": [0, 0, 0],
							"lerp_mode": "catmullrom"
						},
						"0.3333": {
							"post": [0, 0, 0],
							"lerp_mode": "catmullrom"
						}
					}
				},
				"right_arm": {
					"rotation": {
						"0.0": {
							"post": [0, 0, 0],
							"lerp_mode": "catmullrom"
						},
						"0.0833": {
							"post": [-66.9078, -25.85581, 0.40243],
							"lerp_mode": "catmullrom"
						},
						"0.1667": {
							"post": [-41.15832, -68.43731, -30.53266],
							"lerp_mode": "catmullrom"
						},
						"0.3333": {
							"post": [0, 0, 0],
							"lerp_mode": "catmullrom"
						}
					},
					"position": {
						"0.0": {
							"post": [0, 0, 0],
							"lerp_mode": "catmullrom"
						},
						"0.1667": {
							"post": [0, 0, -4],
							"lerp_mode": "catmullrom"
						},
						"0.3333": {
							"post": [0, 0, 0],
							"lerp_mode": "catmullrom"
						}
					}
				},
				"left_arm": {
					"rotation": {
						"0.0": {
							"post": [0, 0, 0],
							"lerp_mode": "catmullrom"
						},
						"0.0833": {
							"post": [-60.7176, -1.56339, 7.88696],
							"lerp_mode": "catmullrom"
						},
						"0.2083": {
							"post": [-50.75129, 36.36169, 39.84754],
							"lerp_mode": "catmullrom"
						},
						"0.3333": {
							"post": [0, 0, 0],
							"lerp_mode": "catmullrom"
						}
					},
					"position": {
						"0.0": {
							"post": [0, 0, 0],
							"lerp_mode": "catmullrom"
						},
						"0.2083": {
							"post": [0, -10, 2],
							"lerp_mode": "catmullrom"
						},
						"0.3333": {
							"post": [0, 0, 0],
							"lerp_mode": "catmullrom"
						}
					}
				}
			}
		},
		"animation.unused.roar": {
			"animation_length": 4.2,
			"bones": {
				"body": {
					"rotation": {
						"0.0": {
							"post": [0, 0, 0],
							"lerp_mode": "catmullrom"
						},
						"0.83": {
							"post": [-25, 0, 0],
							"lerp_mode": "catmullrom"
						},
						"1.24": {
							"post": [-25, 0, 0],
							"lerp_mode": "catmullrom"
						},
						"1.6": {
							"post": [60.24529, 5.52235, 5.08269],
							"lerp_mode": "catmullrom"
						},
						"2.0": {
							"post": [60.24529, 5.52235, 5.08269],
							"lerp_mode": "catmullrom"
						},
						"2.3": {
							"post": [52.96997, 6.94363, 7.15166],
							"lerp_mode": "catmullrom"
						},
						"2.58": {
							"post": [63.09363, -2.96529, -16.40355],
							"lerp_mode": "catmullrom"
						},
						"3.17": {
							"post": [63.09363, -2.96529, -16.40355],
							"lerp_mode": "catmullrom"
						},
						"3.39": {
							"post": [58.00828, -1.64223, -14.28058],
							"lerp_mode": "catmullrom"
						},
						"3.66": {
							"post": [51.33062, 5.26644, 7.97638],
							"lerp_mode": "catmullrom"
						},
						"4.19": {
							"post": [0, 0, 0],
							"lerp_mode": "catmullrom"
						}
					},
					"position": {
						"0.0": {
							"post": [0, 0, 0],
							"lerp_mode": "catmullrom"
						},
						"0.83": {
							"post": [0, -1, 3],
							"lerp_mode": "catmullrom"
						},
						"1.24": {
							"post": [0, -1, 3],
							"lerp_mode": "catmullrom"
						},
						"1.6": {
							"post": [0, -2, -4],
							"lerp_mode": "catmullrom"
						},
						"2.0": {
							"post": [0, -2, -4],
							"lerp_mode": "catmullrom"
						},
						"3.66": {
							"post": [0, -2, -4],
							"lerp_mode": "catmullrom"
						},
						"4.19": {
							"post": [0, 0, 0],
							"lerp_mode": "catmullrom"
						}
					}
				},
				"head": {
					"rotation": {
						"0.0": {
							"post": [0, 0, 0],
							"lerp_mode": "catmullrom"
						},
						"0.83": {
							"post": [12.5, 0, 0],
							"lerp_mode": "catmullrom"
						},
						"1.24": {
							"post": [12.5, 0, 0],
							"lerp_mode": "catmullrom"
						},
						"1.6": {
							"post": [-41.08462, -2.53975, 4.88456],
							"lerp_mode": "catmullrom"
						},
						"2.0": {
							"post": [-41.08462, -2.53975, 4.88456],
							"lerp_mode": "catmullrom"
						},
						"2.3": {
							"post": [-41.01173, -6.06632, 4.64029],
							"lerp_mode": "catmullrom"
						},
						"2.58": {
							"post": [-33.35729, -19.99563, -0.39268],
							"lerp_mode": "catmullrom"
						},
						"3.17": {
							"post": [-33.35729, -19.99563, -0.39268],
							"lerp_mode": "catmullrom"
						},
						"3.39": {
							"post": [-32.12769, -13.6843, -4.62885],
							"lerp_mode": "catmullrom"
						},
						"3.66": {
							"post": [-17.46576, 8.90506, -0.87296],
							"lerp_mode": "catmullrom"
						},
						"4.19": {
							"post": [0, 0, 0],
							"lerp_mode": "catmullrom"
						}
					},
					"position": {
						"0.0": {
							"post": [0, 0, 0],
							"lerp_mode": "catmullrom"
						},
						"0.83": {
							"post": [0, 0, 0],
							"lerp_mode": "catmullrom"
						},
						"1.24": {
							"post": [0, 0, 0],
							"lerp_mode": "catmullrom"
						},
						"4.19": {
							"post": [0, 0, 0],
							"lerp_mode": "catmullrom"
						}
					}
				},
				"right_tendril": {
					"rotation": {
						"0.0": {
							"post": [0, 0, 0],
							"lerp_mode": "catmullrom"
						}
					}
				},
				"left_tendril": {
					"rotation": {
						"0.0": {
							"post": [0, 0, 0],
							"lerp_mode": "catmullrom"
						}
					}
				},
				"right_arm": {
					"rotation": {
						"0.0": {
							"post": [0, 0, 0],
							"lerp_mode": "catmullrom"
						},
						"0.83": {
							"post": [-82.32005, 12.39135, -18.3425],
							"lerp_mode": "catmullrom"
						},
						"1.24": {
							"post": [-82.32005, 12.39135, -18.3425],
							"lerp_mode": "catmullrom"
						},
						"1.6": {
							"post": [35.01567, 11.75727, 55.51867],
							"lerp_mode": "catmullrom"
						},
						"2.0": {
							"post": [35.01567, 11.75727, 55.51867],
							"lerp_mode": "catmullrom"
						},
						"3.66": {
							"post": [35.01567, 11.75727, 55.51867],
							"lerp_mode": "catmullrom"
						},
						"4.19": {
							"post": [0, 0, 0],
							"lerp_mode": "catmullrom"
						}
					},
					"position": {
						"0.0": {
							"post": [0, 0, 0],
							"lerp_mode": "catmullrom"
						},
						"0.83": {
							"post": [3, -2, 0],
							"lerp_mode": "catmullrom"
						},
						"1.24": {
							"post": [3, -2, 0],
							"lerp_mode": "catmullrom"
						},
						"3.66": [3, -2, 0],
						"4.19": [0, 0, 0]
					}
				},
				"left_arm": {
					"rotation": {
						"0.0": {
							"post": [0, 0, 0],
							"lerp_mode": "catmullrom"
						},
						"0.83": {
							"post": [-82.38565, -9.91358, 18.68155],
							"lerp_mode": "catmullrom"
						},
						"1.24": {
							"post": [-82.38565, -9.91358, 18.68155],
							"lerp_mode": "catmullrom"
						},
						"1.6": {
							"post": [36.3849, -6.14225, -47.82437],
							"lerp_mode": "catmullrom"
						},
						"2.0": {
							"post": [36.3849, -6.14225, -47.82437],
							"lerp_mode": "catmullrom"
						},
						"3.66": {
							"post": [36.3849, -6.14225, -47.82437],
							"lerp_mode": "catmullrom"
						},
						"4.19": {
							"post": [0, 0, 0],
							"lerp_mode": "catmullrom"
						}
					},
					"position": {
						"0.0": {
							"post": [0, 0, 0],
							"lerp_mode": "catmullrom"
						},
						"0.83": {
							"post": [-3, -2, 0],
							"lerp_mode": "catmullrom"
						},
						"1.24": {
							"post": [-3, -2, 0],
							"lerp_mode": "catmullrom"
						},
						"3.66": [-3, -2, 0],
						"4.19": [0, 0, 0]
					}
				}
			},
			"sound_effects": {
				"1.25": {
					"effect": "roar"
				}
			}
		}
	}
}