{
  "format_version": "1.10.0",
  "render_controllers": {
    "controller.render.akaza": {
      "geometry": "Geometry.akaza",
      "textures": [
        "Texture.akaza"
      ],
      "materials": [
        {
          "*": "Material.default"
        }
      ]
    },
    "controller.render.akazaoutline": {
      "geometry": "Geometry.akazaoutline",
      "textures": [
        "Texture.black"
      ],
      "materials": [
        {
          "*": "Material.haki"
        }
      ]
    },
    "controller.render.akazaoutline2": {
      "geometry": "Geometry.akazaoutline2",
      "textures": [
        "Texture.black"
      ],
      "materials": [
        {
          "*": "Material.haki"
        }
      ]
    },
    "controller.render.akazacalvo": {
      "geometry": "Geometry.akazacalvo",
      "textures": [
        "Texture.akaza"
      ],
      "materials": [
        {
          "*": "Material.default"
        }
        ]
    }
  }
}