{
  "format_version": "1.10.0",
  "render_controllers": {
    "controller.render.rengoku": {
      "geometry": "Geometry.rengoku",
      "textures": [
        "Texture.rengoku"
      ],
      "materials": [
        {
          "*": "Material.default"
        }
      ]
    },
    "controller.render.rengokuoutline": {
      "geometry": "Geometry.rengokuoutline",
      "textures": [
        "Texture.black"
      ],
      "materials": [
        {
          "*": "Material.haki"
        }
      ]
    },
    "controller.render.rengokuoutline2": {
      "geometry": "Geometry.rengokuoutline2",
      "textures": [
        "Texture.black"
      ],
      "materials": [
        {
          "*": "Material.haki"
        }
      ]
    },
    "controller.render.rengokucalvo": {
      "geometry": "Geometry.rengokucalvo",
      "textures": [
        "Texture.rengoku"
      ],
      "materials": [
        {
          "*": "Material.default"
        }
        ]
    }
  }
}