{
	"format_version": "1.8.0",
	"animations": {
		"animation.dragonstrike.dragon_strike": {
			"loop": true,
			"animation_length": 3.83333,
			"bones": {
				"corpo": {
					"rotation": {
						"0.0": {
							"post": [-81.75249, 3.81024, 22.19157],
							"lerp_mode": "catmullrom"
						},
						"0.25": {
							"post": [-63.88927, -4.59902, -27.14233],
							"lerp_mode": "catmullrom"
						},
						"0.4583": {
							"post": [-76.04478, 26.26334, -134.40255],
							"lerp_mode": "catmullrom"
						},
						"0.6667": {
							"post": [-25.84148, 61.51297, -193.47355],
							"lerp_mode": "catmullrom"
						},
						"1.0417": {
							"post": [78.39301, 80.91372, -210.55632],
							"lerp_mode": "catmullrom"
						},
						"1.1667": {
							"post": [103.39301, 80.91372, -210.55632],
							"lerp_mode": "catmullrom"
						},
						"1.4583": {
							"post": [13.07059, 9.44799, -329.68578],
							"lerp_mode": "catmullrom"
						},
						"1.7083": {
							"post": [41.61076, 20.42243, -334.69133],
							"lerp_mode": "catmullrom"
						},
						"1.7917": {
							"post": [42.12617, -23.26082, -353.8282],
							"lerp_mode": "catmullrom"
						},
						"1.9167": {
							"post": [5.07692, 4.33393, -341.76763],
							"lerp_mode": "catmullrom"
						},
						"3.0417": {
							"post": [5.08, 4.33, -341.77],
							"lerp_mode": "catmullrom"
						},
						"3.8333": {
							"post": [5.08, 4.33, -341.77],
							"lerp_mode": "catmullrom"
						}
					},
					"position": {
						"0.0": {
							"post": [29, -41, 58],
							"lerp_mode": "catmullrom"
						},
						"0.25": {
							"post": [29, 13, 46],
							"lerp_mode": "catmullrom"
						},
						"0.3333": {
							"post": [9.8, 28, 46],
							"lerp_mode": "catmullrom"
						},
						"0.4583": {
							"post": [-22, 25, 46],
							"lerp_mode": "catmullrom"
						},
						"0.6667": {
							"post": [-15, 7, -58],
							"lerp_mode": "catmullrom"
						},
						"1.0417": {
							"post": [14, 32, -156],
							"lerp_mode": "catmullrom"
						},
						"1.1667": {
							"post": [1, 40, -351],
							"lerp_mode": "catmullrom"
						},
						"1.4583": {
							"post": [-10, 38.77, -571.15],
							"lerp_mode": "catmullrom"
						},
						"1.7083": {
							"post": [1, 21, -853],
							"lerp_mode": "catmullrom"
						},
						"1.8333": {
							"post": [1, 21, -944],
							"lerp_mode": "catmullrom"
						},
						"3.0417": {
							"post": [1, 21, -944],
							"lerp_mode": "catmullrom"
						},
						"3.8333": {
							"post": [1, 21, -944],
							"lerp_mode": "catmullrom"
						}
					}
				},
				"Head": {
					"rotation": {
						"0.6667": [2.79588, -28.02432, 28.82977],
						"1.3333": [10, 20, -50],
						"1.7083": [14.72444, -8.05229, -7.9314],
						"2.2083": [-9.28406, 2.43117, -14.71475],
						"3.0417": [-9.28, 2.43, -14.71]
					}
				},
				"Jaw": {
					"rotation": {
						"2.2083": {
							"pre": [32.5, 0, 0],
							"post": [32.5, 0, 0],
							"lerp_mode": "catmullrom"
						},
						"3.0417": {
							"post": [32.5, 0, 0],
							"lerp_mode": "catmullrom"
						},
						"3.8333": {
							"post": [32.5, 0, 0],
							"lerp_mode": "catmullrom"
						}
					}
				},
				"corpo2": {
					"rotation": {
						"0.0": {
							"post": [0, -40, 0],
							"lerp_mode": "catmullrom"
						},
						"0.6667": {
							"post": [9.03751, -38.02919, -54.97726],
							"lerp_mode": "catmullrom"
						},
						"1.375": {
							"post": [16.84031, -14.02872, -23.91491],
							"lerp_mode": "catmullrom"
						},
						"1.4583": {
							"post": [13.15856, 23.33014, -49.85589],
							"lerp_mode": "catmullrom"
						},
						"1.5417": {
							"post": [32.10096, 35.5771, -1.56715],
							"lerp_mode": "catmullrom"
						},
						"1.7083": {
							"post": [24.92887, -35.79288, -23.92421],
							"lerp_mode": "catmullrom"
						},
						"1.8333": {
							"post": [-0.94877, 30.87865, -15.27347],
							"lerp_mode": "catmullrom"
						},
						"1.9583": {
							"post": [20.02612, -3.27821, -9.91047],
							"lerp_mode": "catmullrom"
						},
						"2.0833": {
							"post": [-2.47388, -3.27821, -9.91047],
							"lerp_mode": "catmullrom"
						},
						"3.0417": {
							"post": [-2.47, -3.28, -9.91],
							"lerp_mode": "catmullrom"
						},
						"3.8333": {
							"post": [-2.47, -3.28, -9.91],
							"lerp_mode": "catmullrom"
						}
					}
				},
				"corpo3": {
					"rotation": {
						"0.0": {
							"post": [0, -30, 0],
							"lerp_mode": "catmullrom"
						},
						"0.3333": {
							"post": [-6.4061, -7.8646, 4.49286],
							"lerp_mode": "catmullrom"
						},
						"0.4583": {
							"post": [0, -20, 0],
							"lerp_mode": "catmullrom"
						},
						"0.6667": {
							"post": [0, -40, 0],
							"lerp_mode": "catmullrom"
						},
						"0.9583": {
							"post": [-22.04406, -5.89746, -17.3531],
							"lerp_mode": "catmullrom"
						},
						"1.0417": {
							"post": [-30.00784, -21.17912, -14.46793],
							"lerp_mode": "catmullrom"
						},
						"1.3333": {
							"post": [-40.70923, -2.60931, -31.66187],
							"lerp_mode": "catmullrom"
						},
						"1.5": {
							"post": [-52.50784, -21.17912, -14.46793],
							"lerp_mode": "catmullrom"
						},
						"1.7083": {
							"post": [-38.63862, 2.41428, 1.81586],
							"lerp_mode": "catmullrom"
						},
						"1.8333": {
							"post": [-16.13862, 2.41428, 1.81586],
							"lerp_mode": "catmullrom"
						},
						"1.9583": {
							"post": [6.36138, 2.41428, 1.81586],
							"lerp_mode": "catmullrom"
						},
						"3.0417": {
							"post": [6.36, 2.41, 1.82],
							"lerp_mode": "catmullrom"
						},
						"3.8333": {
							"post": [6.36, 2.41, 1.82],
							"lerp_mode": "catmullrom"
						}
					}
				},
				"corpo4": {
					"rotation": {
						"0.0": {
							"post": [0, 40, 0],
							"lerp_mode": "catmullrom"
						},
						"0.25": {
							"post": [0, -7.5, 0],
							"lerp_mode": "catmullrom"
						},
						"0.9583": {
							"post": [5, -30, 0],
							"lerp_mode": "catmullrom"
						},
						"1.25": {
							"post": [-25.3101, -28.4559, 0.18674],
							"lerp_mode": "catmullrom"
						},
						"1.4583": {
							"post": [-23.80009, -4.40367, -12.14889],
							"lerp_mode": "catmullrom"
						},
						"1.6667": {
							"post": [-6.86509, -14.23291, -8.23581],
							"lerp_mode": "catmullrom"
						},
						"1.7083": {
							"post": [-6.70054, -6.78524, -9.13609],
							"lerp_mode": "catmullrom"
						},
						"3.0417": {
							"post": [-6.7, -6.79, -9.14],
							"lerp_mode": "catmullrom"
						},
						"3.8333": {
							"post": [-6.7, -6.79, -9.14],
							"lerp_mode": "catmullrom"
						}
					}
				},
				"corpo5": {
					"rotation": {
						"0.0": {
							"post": [0, -15, 0],
							"lerp_mode": "catmullrom"
						},
						"0.4583": {
							"post": [0, -32.5, 0],
							"lerp_mode": "catmullrom"
						},
						"1.0417": {
							"post": [0, -15, 0],
							"lerp_mode": "catmullrom"
						},
						"1.4583": {
							"post": [0, -2.5, 0],
							"lerp_mode": "catmullrom"
						},
						"3.0417": {
							"post": [0, -2.5, 0],
							"lerp_mode": "catmullrom"
						},
						"3.8333": {
							"post": [0, -2.5, 0],
							"lerp_mode": "catmullrom"
						}
					}
				},
				"corpo6": {
					"rotation": {
						"0.0": {
							"post": [0, -2.5, 0],
							"lerp_mode": "catmullrom"
						},
						"0.4583": {
							"post": [0, -22.5, 0],
							"lerp_mode": "catmullrom"
						},
						"1.3333": {
							"post": [-38.73452, -11.01214, -10.0955],
							"lerp_mode": "catmullrom"
						},
						"1.4583": {
							"post": [-44.41835, -24.06306, 2.24413],
							"lerp_mode": "catmullrom"
						},
						"1.5833": {
							"post": [-45, -22.5, 0],
							"lerp_mode": "catmullrom"
						},
						"1.7083": {
							"post": [-2.30959, -0.01928, -0.95645],
							"lerp_mode": "catmullrom"
						},
						"3.0417": {
							"post": [-2.31, -0.02, -0.96],
							"lerp_mode": "catmullrom"
						},
						"3.8333": {
							"post": [-2.31, -0.02, -0.96],
							"lerp_mode": "catmullrom"
						}
					}
				},
				"corpo7": {
					"rotation": {
						"0.0": {
							"post": [0, -35, 0],
							"lerp_mode": "catmullrom"
						},
						"0.25": {
							"post": [0, 5, 0],
							"lerp_mode": "catmullrom"
						},
						"0.4583": {
							"post": [-27.5, -25, 0],
							"lerp_mode": "catmullrom"
						},
						"0.6667": {
							"post": [37.5, -25, 0],
							"lerp_mode": "catmullrom"
						},
						"1.0": {
							"post": [17.5, -25, 0],
							"lerp_mode": "catmullrom"
						},
						"1.25": {
							"post": [18.29632, -29.75842, -1.72999],
							"lerp_mode": "catmullrom"
						},
						"1.4583": {
							"post": [25.0581, -46.21828, -11.28288],
							"lerp_mode": "catmullrom"
						},
						"1.7083": {
							"post": [2.07005, 3.31074, 8.38554],
							"lerp_mode": "catmullrom"
						},
						"1.8333": {
							"post": [-32.92995, 3.31074, 8.38554],
							"lerp_mode": "catmullrom"
						},
						"1.9583": {
							"post": [-2.92995, 3.31074, 8.38554],
							"lerp_mode": "catmullrom"
						},
						"3.0417": {
							"post": [-2.93, 3.31, 8.39],
							"lerp_mode": "catmullrom"
						},
						"3.8333": {
							"post": [-2.93, 3.31, 8.39],
							"lerp_mode": "catmullrom"
						}
					}
				},
				"corpo8": {
					"rotation": {
						"0.0": {
							"post": [37.5, 0, 0],
							"lerp_mode": "catmullrom"
						},
						"0.25": {
							"post": [5, 0, 0],
							"lerp_mode": "catmullrom"
						},
						"0.4583": {
							"post": [-19.36696, -27.38656, -2.59775],
							"lerp_mode": "catmullrom"
						},
						"0.6667": {
							"post": [33.13304, -27.38656, -2.59775],
							"lerp_mode": "catmullrom"
						},
						"1.2917": {
							"post": [14.03314, -24.7417, -3.96429],
							"lerp_mode": "catmullrom"
						},
						"1.4583": {
							"post": [19.48296, -50.34653, -13.46903],
							"lerp_mode": "catmullrom"
						},
						"1.625": {
							"post": [9.74309, 14.503, 4.80029],
							"lerp_mode": "catmullrom"
						},
						"1.7083": {
							"post": [-0.24888, 2.00312, 4.85593],
							"lerp_mode": "catmullrom"
						},
						"3.0417": {
							"post": [-0.25, 2, 4.86],
							"lerp_mode": "catmullrom"
						},
						"3.8333": {
							"post": [-0.25, 2, 4.86],
							"lerp_mode": "catmullrom"
						}
					}
				},
				"corpo9": {
					"rotation": {
						"0.0": {
							"post": [35, 0, 0],
							"lerp_mode": "catmullrom"
						},
						"1.0": {
							"post": [15, 0, 0],
							"lerp_mode": "catmullrom"
						},
						"1.3333": {
							"post": [20.68998, -15.342, -5.19811],
							"lerp_mode": "catmullrom"
						},
						"1.5417": {
							"post": [21.06499, 9.61243, 4.10929],
							"lerp_mode": "catmullrom"
						},
						"1.7083": {
							"post": [-8.81871, -2.73901, 6.03792],
							"lerp_mode": "catmullrom"
						},
						"2.2083": {
							"post": [6.18129, -2.73901, 6.03792],
							"lerp_mode": "catmullrom"
						},
						"3.0417": {
							"post": [6.18, -2.74, 6.04],
							"lerp_mode": "catmullrom"
						},
						"3.8333": {
							"post": [6.18, -2.74, 6.04],
							"lerp_mode": "catmullrom"
						}
					}
				},
				"corpo10": {
					"rotation": {
						"0.0": {
							"post": [40, 0, 0],
							"lerp_mode": "catmullrom"
						},
						"0.25": {
							"post": [-10, 0, 0],
							"lerp_mode": "catmullrom"
						},
						"1.0": {
							"post": [45, 0, 0],
							"lerp_mode": "catmullrom"
						},
						"1.4583": {
							"post": [48.45844, 13.72521, 9.82586],
							"lerp_mode": "catmullrom"
						},
						"1.5833": {
							"post": [1.39218, 18.05776, 8.74472],
							"lerp_mode": "catmullrom"
						},
						"1.7083": {
							"post": [1.32757, -4.43607, 8.2104],
							"lerp_mode": "catmullrom"
						},
						"3.0417": {
							"post": [1.33, -4.44, 8.21],
							"lerp_mode": "catmullrom"
						},
						"3.8333": {
							"post": [1.33, -4.44, 8.21],
							"lerp_mode": "catmullrom"
						}
					}
				},
				"corpo11": {
					"rotation": {
						"0.0": {
							"post": [32.5, 0, 0],
							"lerp_mode": "catmullrom"
						},
						"0.25": {
							"post": [-2.5, 0, 0],
							"lerp_mode": "catmullrom"
						},
						"0.6667": {
							"post": [-2.66022, 19.98015, -0.90956],
							"lerp_mode": "catmullrom"
						},
						"1.0": {
							"post": [-2.5, 0, 0],
							"lerp_mode": "catmullrom"
						},
						"3.0417": {
							"post": [-2.5, 0, 0],
							"lerp_mode": "catmullrom"
						},
						"3.8333": {
							"post": [-2.5, 0, 0],
							"lerp_mode": "catmullrom"
						}
					}
				},
				"corpo12": {
					"rotation": {
						"0.0": {
							"post": [45, 0, 0],
							"lerp_mode": "catmullrom"
						},
						"0.25": {
							"post": [-30, 0, 0],
							"lerp_mode": "catmullrom"
						},
						"0.6667": {
							"post": [5, 0, 0],
							"lerp_mode": "catmullrom"
						},
						"1.0417": {
							"post": [5.17544, 14.94159, 1.3378],
							"lerp_mode": "catmullrom"
						},
						"1.5833": {
							"post": [5.40961, -22.40972, -2.06754],
							"lerp_mode": "catmullrom"
						},
						"3.0417": {
							"post": [5.41, -22.41, -2.07],
							"lerp_mode": "catmullrom"
						},
						"3.8333": {
							"post": [5.41, -22.41, -2.07],
							"lerp_mode": "catmullrom"
						}
					}
				},
				"corpo13": {
					"rotation": {
						"0.0": {
							"post": [25, 0, 0],
							"lerp_mode": "catmullrom"
						},
						"0.25": {
							"post": [-37.5, 0, 0],
							"lerp_mode": "catmullrom"
						},
						"0.6667": {
							"post": [10, 0, 0],
							"lerp_mode": "catmullrom"
						},
						"1.0417": {
							"post": [11.50839, 29.4987, 5.72511],
							"lerp_mode": "catmullrom"
						},
						"3.0417": {
							"post": [11.51, 29.5, 5.73],
							"lerp_mode": "catmullrom"
						},
						"3.8333": {
							"post": [11.51, 29.5, 5.73],
							"lerp_mode": "catmullrom"
						}
					}
				}
			}
		}
	}
}