{
	"format_version": "1.8.0",
	"animations": {
		"animation.enemygoku.ult": {
			"animation_length": 6,
			"bones": {
				"Tudo": {
					"rotation": [0, -180, 0],
					"position": [0, 0, -5]
				},
				"Corpo": {
					"rotation": {
						"0.0": {
							"post": [0, 0, 0],
							"lerp_mode": "catmullrom"
						},
						"0.125": {
							"post": [0, 12.5, 0],
							"lerp_mode": "catmullrom"
						},
						"0.375": {
							"post": [1.18174, 25.28421, 2.76507],
							"lerp_mode": "catmullrom"
						},
						"0.4583": {
							"post": [-9.43978, 7.49158, 1.75018],
							"lerp_mode": "catmullrom"
						},
						"0.7917": {
							"post": [0, 0, 0],
							"lerp_mode": "catmullrom"
						},
						"0.875": {
							"post": [0, 0, 0],
							"lerp_mode": "catmullrom"
						},
						"0.9583": {
							"post": [0, 0, -27.5],
							"lerp_mode": "catmullrom"
						},
						"1.0417": {
							"post": [0, -25, 20],
							"lerp_mode": "catmullrom"
						},
						"1.125": {
							"post": [25, 37.5, 20],
							"lerp_mode": "catmullrom"
						},
						"1.2083": {
							"post": [12.69705, 31.28022, -4.89531],
							"lerp_mode": "catmullrom"
						},
						"1.2917": {
							"post": [-1.51494, 21.95139, 24.16088],
							"lerp_mode": "catmullrom"
						},
						"1.375": {
							"post": [-16.89838, 14.29956, -22.68026],
							"lerp_mode": "catmullrom"
						},
						"1.4583": {
							"post": [-139.90108, 20.77725, 8.09605],
							"lerp_mode": "catmullrom"
						},
						"1.5": {
							"post": [-74.90108, 20.77725, 8.09605],
							"lerp_mode": "catmullrom"
						},
						"1.6667": {
							"post": [35.09892, 20.77725, 8.09605],
							"lerp_mode": "catmullrom"
						},
						"1.875": {
							"post": [70.05005, -15.23655, 53.75306],
							"lerp_mode": "catmullrom"
						},
						"1.9583": {
							"post": [70.05, -15.24, 53.75],
							"lerp_mode": "catmullrom"
						},
						"3.4583": {
							"post": [70.05, -15.24, 53.75],
							"lerp_mode": "catmullrom"
						},
						"3.5417": {
							"post": [155.10723, -7.57293, 174.69662],
							"lerp_mode": "catmullrom"
						},
						"6.0": {
							"post": [155.11, -7.57, 174.7],
							"lerp_mode": "catmullrom"
						}
					},
					"position": {
						"0.0": {
							"post": [0, 0, 0],
							"lerp_mode": "catmullrom"
						},
						"0.375": {
							"post": [0, 0, 0],
							"lerp_mode": "catmullrom"
						},
						"0.7917": {
							"post": [0, 0, 0],
							"lerp_mode": "catmullrom"
						},
						"0.875": {
							"post": [0, 0, -5],
							"lerp_mode": "catmullrom"
						},
						"1.375": {
							"post": [0, 0, -5],
							"lerp_mode": "catmullrom"
						},
						"1.4583": {
							"post": [0, -12, -2],
							"lerp_mode": "catmullrom"
						},
						"1.5": {
							"post": [0, -9, 4],
							"lerp_mode": "catmullrom"
						},
						"1.6667": {
							"post": [0, 16, -11],
							"lerp_mode": "catmullrom"
						},
						"1.75": {
							"post": [0, 18, -11],
							"lerp_mode": "catmullrom"
						},
						"1.875": {
							"post": [4, 18, -11],
							"lerp_mode": "catmullrom"
						},
						"1.9583": {
							"post": [4, 18, -11],
							"lerp_mode": "catmullrom"
						},
						"3.4583": {
							"post": [4, 18, -11],
							"lerp_mode": "catmullrom"
						},
						"3.5417": {
							"post": [-5, 18, -18],
							"lerp_mode": "catmullrom"
						},
						"6.0": {
							"post": [-5, 18, -18],
							"lerp_mode": "catmullrom"
						}
					},
					"scale": {
						"0.0": {
							"post": [1, 1, 1],
							"lerp_mode": "catmullrom"
						},
						"0.375": {
							"post": [1, 1, 1],
							"lerp_mode": "catmullrom"
						},
						"0.7917": {
							"post": [1, 1, 1],
							"lerp_mode": "catmullrom"
						},
						"0.875": {
							"post": [1, 1, 1],
							"lerp_mode": "catmullrom"
						},
						"1.9583": {
							"post": [1, 1, 1],
							"lerp_mode": "catmullrom"
						},
						"3.4583": {
							"post": [1, 1, 1],
							"lerp_mode": "catmullrom"
						},
						"6.0": {
							"post": [1, 1, 1],
							"lerp_mode": "catmullrom"
						}
					}
				},
				"rightBraco": {
					"rotation": {
						"0.0": {
							"post": [0, 0, 0],
							"lerp_mode": "catmullrom"
						},
						"0.125": {
							"post": [-110.00533, 28.48042, -9.8491],
							"lerp_mode": "catmullrom"
						},
						"0.375": {
							"post": [-110.01, 28.48, -9.85],
							"lerp_mode": "catmullrom"
						},
						"0.875": {
							"post": [-110.01, 28.48, -9.85],
							"lerp_mode": "catmullrom"
						},
						"0.9583": {
							"post": [-247.6233, 37.80817, -165.83424],
							"lerp_mode": "catmullrom"
						},
						"1.0417": {
							"post": [-107.56688, 4.76821, -1.50603],
							"lerp_mode": "catmullrom"
						},
						"1.125": {
							"post": [-172.56688, 4.76821, -1.50603],
							"lerp_mode": "catmullrom"
						},
						"1.2083": {
							"post": [-188.5398, 2.22892, -134.48238],
							"lerp_mode": "catmullrom"
						},
						"1.2917": {
							"post": [-179.27325, 8.79405, -54.26006],
							"lerp_mode": "catmullrom"
						},
						"1.375": {
							"post": [-223.51521, -2.32171, -164.14308],
							"lerp_mode": "catmullrom"
						},
						"1.4583": {
							"post": [-167.91546, -7.45987, -142.14901],
							"lerp_mode": "catmullrom"
						},
						"1.5": {
							"post": [-225.41546, -7.45987, -142.14901],
							"lerp_mode": "catmullrom"
						},
						"1.6667": {
							"post": [-127.91546, -7.45987, -142.14901],
							"lerp_mode": "catmullrom"
						},
						"1.75": {
							"post": [-157.91546, -7.45987, -142.14901],
							"lerp_mode": "catmullrom"
						},
						"1.9583": {
							"post": [-157.92, -7.46, -142.15],
							"lerp_mode": "catmullrom"
						},
						"3.4583": {
							"post": [-157.92, -7.46, -142.15],
							"lerp_mode": "catmullrom"
						},
						"6.0": {
							"post": [-157.92, -7.46, -142.15],
							"lerp_mode": "catmullrom"
						}
					},
					"position": {
						"0.0": {
							"post": [0, 0, 0],
							"lerp_mode": "catmullrom"
						},
						"0.125": {
							"post": [0, 0, 3],
							"lerp_mode": "catmullrom"
						},
						"0.375": {
							"post": [0, 0, 3],
							"lerp_mode": "catmullrom"
						},
						"0.875": {
							"post": [0, 0, 3],
							"lerp_mode": "catmullrom"
						},
						"1.9583": {
							"post": [0, 0, 3],
							"lerp_mode": "catmullrom"
						},
						"3.4583": {
							"post": [0, 0, 3],
							"lerp_mode": "catmullrom"
						},
						"3.5417": {
							"post": [0, 0, 1],
							"lerp_mode": "catmullrom"
						},
						"6.0": {
							"post": [0, 0, 1],
							"lerp_mode": "catmullrom"
						}
					},
					"scale": {
						"0.0": {
							"post": [1, 1, 1],
							"lerp_mode": "catmullrom"
						},
						"0.375": {
							"post": [1, 1, 1],
							"lerp_mode": "catmullrom"
						},
						"0.875": {
							"post": [1, 1, 1],
							"lerp_mode": "catmullrom"
						},
						"1.9583": {
							"post": [1, 1, 1],
							"lerp_mode": "catmullrom"
						},
						"3.4583": {
							"post": [1, 1, 1],
							"lerp_mode": "catmullrom"
						},
						"6.0": {
							"post": [1, 1, 1],
							"lerp_mode": "catmullrom"
						}
					}
				},
				"leftBraco": {
					"rotation": {
						"0.0": {
							"post": [0, 0, 0],
							"lerp_mode": "catmullrom"
						},
						"0.125": {
							"post": [-92.5, 0, 0],
							"lerp_mode": "catmullrom"
						},
						"0.375": {
							"post": [-92.56062, -12.48791, 0.55404],
							"lerp_mode": "catmullrom"
						},
						"0.875": {
							"post": [-92.56, -12.49, 0.55],
							"lerp_mode": "catmullrom"
						},
						"0.9583": {
							"post": [36.8308, -0.68649, -15.7336],
							"lerp_mode": "catmullrom"
						},
						"1.0417": {
							"post": [18.26706, 32.56033, -75.12852],
							"lerp_mode": "catmullrom"
						},
						"1.125": {
							"post": [-31.16994, 20.70904, -166.3399],
							"lerp_mode": "catmullrom"
						},
						"1.2083": {
							"post": [35.33237, 11.17183, -31.93674],
							"lerp_mode": "catmullrom"
						},
						"1.2917": {
							"post": [-15.25763, 33.94304, -132.68657],
							"lerp_mode": "catmullrom"
						},
						"1.375": {
							"post": [36.05243, -8.1308, -5.65497],
							"lerp_mode": "catmullrom"
						},
						"1.4583": {
							"post": [-51.44757, -8.1308, -5.65497],
							"lerp_mode": "catmullrom"
						},
						"1.5": {
							"post": [-1.44757, -8.1308, -5.65497],
							"lerp_mode": "catmullrom"
						},
						"1.6667": {
							"post": [-63.94757, -8.1308, -5.65497],
							"lerp_mode": "catmullrom"
						},
						"1.75": {
							"post": [-51.44757, -8.1308, -5.65497],
							"lerp_mode": "catmullrom"
						},
						"1.9583": {
							"post": [-51.45, -8.13, -5.65],
							"lerp_mode": "catmullrom"
						},
						"3.4583": {
							"post": [-51.45, -8.13, -5.65],
							"lerp_mode": "catmullrom"
						},
						"6.0": {
							"post": [-51.45, -8.13, -5.65],
							"lerp_mode": "catmullrom"
						}
					},
					"position": {
						"0.0": {
							"post": [0, 0, 0],
							"lerp_mode": "catmullrom"
						},
						"0.375": {
							"post": [0, 0, 0],
							"lerp_mode": "catmullrom"
						},
						"0.875": {
							"post": [0, 0, 0],
							"lerp_mode": "catmullrom"
						},
						"1.9583": {
							"post": [0, 0, 0],
							"lerp_mode": "catmullrom"
						},
						"3.4583": {
							"post": [0, 0, 0],
							"lerp_mode": "catmullrom"
						},
						"6.0": {
							"post": [0, 0, 0],
							"lerp_mode": "catmullrom"
						}
					},
					"scale": {
						"0.0": {
							"post": [1, 1, 1],
							"lerp_mode": "catmullrom"
						},
						"0.375": {
							"post": [1, 1, 1],
							"lerp_mode": "catmullrom"
						},
						"0.875": {
							"post": [1, 1, 1],
							"lerp_mode": "catmullrom"
						},
						"1.9583": {
							"post": [1, 1, 1],
							"lerp_mode": "catmullrom"
						},
						"3.4583": {
							"post": [1, 1, 1],
							"lerp_mode": "catmullrom"
						},
						"6.0": {
							"post": [1, 1, 1],
							"lerp_mode": "catmullrom"
						}
					}
				},
				"rightPerna": {
					"rotation": {
						"0.0": {
							"post": [0, 0, 0],
							"lerp_mode": "catmullrom"
						},
						"0.125": {
							"post": [0, 0, 15],
							"lerp_mode": "catmullrom"
						},
						"0.375": {
							"post": [0, 0, 15],
							"lerp_mode": "catmullrom"
						},
						"0.875": {
							"post": [0, 0, 15],
							"lerp_mode": "catmullrom"
						},
						"0.9583": {
							"post": [-35, 0, -35],
							"lerp_mode": "catmullrom"
						},
						"1.0417": {
							"post": [50.99226, 34.84748, 61.0963],
							"lerp_mode": "catmullrom"
						},
						"1.125": {
							"post": [-49.21103, 37.74763, -66.2236],
							"lerp_mode": "catmullrom"
						},
						"1.2083": {
							"post": [-181.71103, 37.74763, -66.2236],
							"lerp_mode": "catmullrom"
						},
						"1.2917": {
							"post": [-217.56067, -4.40897, -159.13872],
							"lerp_mode": "catmullrom"
						},
						"1.375": {
							"post": [-73.81501, 30.24017, -104.66058],
							"lerp_mode": "catmullrom"
						},
						"1.4583": {
							"post": [-18.95366, 42.14918, 54.04545],
							"lerp_mode": "catmullrom"
						},
						"1.6667": {
							"post": [-74.47929, 19.39455, 11.40462],
							"lerp_mode": "catmullrom"
						},
						"1.75": {
							"post": [-56.97929, 19.39455, 11.40462],
							"lerp_mode": "catmullrom"
						},
						"1.9583": {
							"post": [-56.98, 19.39, 11.4],
							"lerp_mode": "catmullrom"
						},
						"3.4583": {
							"post": [-56.98, 19.39, 11.4],
							"lerp_mode": "catmullrom"
						},
						"3.5417": {
							"post": [6.03936, 4.51935, 1.93906],
							"lerp_mode": "catmullrom"
						},
						"6.0": {
							"post": [6.04, 4.52, 1.94],
							"lerp_mode": "catmullrom"
						}
					},
					"position": {
						"0.0": {
							"post": [0, 0, 0],
							"lerp_mode": "catmullrom"
						},
						"0.375": {
							"post": [0, 0, 0],
							"lerp_mode": "catmullrom"
						},
						"0.875": {
							"post": [0, 0, 0],
							"lerp_mode": "catmullrom"
						},
						"1.9583": {
							"post": [0, 0, 0],
							"lerp_mode": "catmullrom"
						},
						"3.4583": {
							"post": [0, 0, 0],
							"lerp_mode": "catmullrom"
						},
						"6.0": {
							"post": [0, 0, 0],
							"lerp_mode": "catmullrom"
						}
					},
					"scale": {
						"0.0": {
							"post": [1, 1, 1],
							"lerp_mode": "catmullrom"
						},
						"0.375": {
							"post": [1, 1, 1],
							"lerp_mode": "catmullrom"
						},
						"0.875": {
							"post": [1, 1, 1],
							"lerp_mode": "catmullrom"
						},
						"1.9583": {
							"post": [1, 1, 1],
							"lerp_mode": "catmullrom"
						},
						"3.4583": {
							"post": [1, 1, 1],
							"lerp_mode": "catmullrom"
						},
						"6.0": {
							"post": [1, 1, 1],
							"lerp_mode": "catmullrom"
						}
					}
				},
				"leftPerna": {
					"rotation": {
						"0.0": {
							"post": [0, 0, 0],
							"lerp_mode": "catmullrom"
						},
						"0.125": {
							"post": [14.65993, 3.21132, -12.08681],
							"lerp_mode": "catmullrom"
						},
						"0.375": {
							"post": [14.66, 3.21, -12.09],
							"lerp_mode": "catmullrom"
						},
						"0.875": {
							"post": [14.66, 3.21, -12.09],
							"lerp_mode": "catmullrom"
						},
						"0.9583": {
							"post": [12.00181, 9.06407, -36.54824],
							"lerp_mode": "catmullrom"
						},
						"1.0417": {
							"post": [-17.99819, 9.06407, -36.54824],
							"lerp_mode": "catmullrom"
						},
						"1.125": {
							"post": [-82.99819, 9.06407, -36.54824],
							"lerp_mode": "catmullrom"
						},
						"1.2083": {
							"post": [34.50181, 9.06407, -36.54824],
							"lerp_mode": "catmullrom"
						},
						"1.2917": {
							"post": [11.64213, 33.8075, -93.31911],
							"lerp_mode": "catmullrom"
						},
						"1.375": {
							"post": [34.36029, -9.65275, -9.85894],
							"lerp_mode": "catmullrom"
						},
						"1.4583": {
							"post": [-8.13971, -9.65275, -9.85894],
							"lerp_mode": "catmullrom"
						},
						"1.6667": {
							"post": [-33.13971, -9.65275, -9.85894],
							"lerp_mode": "catmullrom"
						},
						"1.9583": {
							"post": [-33.14, -9.65, -9.86],
							"lerp_mode": "catmullrom"
						},
						"3.4583": {
							"post": [-33.14, -9.65, -9.86],
							"lerp_mode": "catmullrom"
						},
						"6.0": {
							"post": [-33.14, -9.65, -9.86],
							"lerp_mode": "catmullrom"
						}
					},
					"position": {
						"0.0": {
							"post": [0, 0, 0],
							"lerp_mode": "catmullrom"
						},
						"0.375": {
							"post": [0, 0, 0],
							"lerp_mode": "catmullrom"
						},
						"0.875": {
							"post": [0, 0, 0],
							"lerp_mode": "catmullrom"
						},
						"1.9583": {
							"post": [0, 0, 0],
							"lerp_mode": "catmullrom"
						},
						"3.4583": {
							"post": [0, 0, 0],
							"lerp_mode": "catmullrom"
						},
						"6.0": {
							"post": [0, 0, 0],
							"lerp_mode": "catmullrom"
						}
					},
					"scale": {
						"0.0": {
							"post": [1, 1, 1],
							"lerp_mode": "catmullrom"
						},
						"0.375": {
							"post": [1, 1, 1],
							"lerp_mode": "catmullrom"
						},
						"0.875": {
							"post": [1, 1, 1],
							"lerp_mode": "catmullrom"
						},
						"1.9583": {
							"post": [1, 1, 1],
							"lerp_mode": "catmullrom"
						},
						"3.4583": {
							"post": [1, 1, 1],
							"lerp_mode": "catmullrom"
						},
						"6.0": {
							"post": [1, 1, 1],
							"lerp_mode": "catmullrom"
						}
					}
				},
				"head": {
					"rotation": {
						"0.0": {
							"post": [0, 0, 0],
							"lerp_mode": "catmullrom"
						},
						"0.375": {
							"post": [0, 0, 0],
							"lerp_mode": "catmullrom"
						},
						"0.4583": {
							"post": [-7.7614, 14.8687, -2.00307],
							"lerp_mode": "catmullrom"
						},
						"0.875": {
							"post": [-7.76, 14.87, -2],
							"lerp_mode": "catmullrom"
						},
						"0.9583": {
							"post": [23.45953, 14.13906, -7.10927],
							"lerp_mode": "catmullrom"
						},
						"1.0417": {
							"post": [-44.04047, 14.13906, -7.10927],
							"lerp_mode": "catmullrom"
						},
						"1.125": {
							"post": [90.95953, 14.13906, -7.10927],
							"lerp_mode": "catmullrom"
						},
						"1.2083": {
							"post": [-57.4059, -49.88746, 52.36436],
							"lerp_mode": "catmullrom"
						},
						"1.2917": {
							"post": [-35.93499, 22.33977, -13.14174],
							"lerp_mode": "catmullrom"
						},
						"1.375": {
							"post": [-54.99919, -48.49635, 49.18526],
							"lerp_mode": "catmullrom"
						},
						"1.4583": {
							"post": [48.9313, 6.60825, -33.29153],
							"lerp_mode": "catmullrom"
						},
						"1.75": {
							"post": [-3.5687, 6.60825, -33.29153],
							"lerp_mode": "catmullrom"
						},
						"1.9583": {
							"post": [-3.57, 6.61, -33.29],
							"lerp_mode": "catmullrom"
						},
						"3.4583": {
							"post": [-3.57, 6.61, -33.29],
							"lerp_mode": "catmullrom"
						},
						"3.5417": {
							"post": [-37.26952, 7.50517, -3.06866],
							"lerp_mode": "catmullrom"
						},
						"6.0": {
							"post": [-37.27, 7.51, -3.07],
							"lerp_mode": "catmullrom"
						}
					},
					"position": {
						"0.0": {
							"post": [0, 0, 0],
							"lerp_mode": "catmullrom"
						},
						"6.0": {
							"post": [0, 0, 0],
							"lerp_mode": "catmullrom"
						}
					},
					"scale": {
						"0.0": {
							"post": [1, 1, 1],
							"lerp_mode": "catmullrom"
						},
						"6.0": {
							"post": [1, 1, 1],
							"lerp_mode": "catmullrom"
						}
					}
				}
			}
		}
	}
}