{
	"format_version": "1.8.0",
	"animations": {
		"animation.goku.genkidama_hold": {
			"loop": true,
			"animation_length": 0.45833,
			"bones": {
				"Corpo": {
					"rotation": [-10, 0, 0],
					"position": [0, 0, 0],
					"scale": 1
				},
				"rightBraco": {
					"rotation": [-146.83158, 56.1582, 15.24689],
					"position": [0, 3, -1],
					"scale": 1
				},
				"leftBraco": {
					"rotation": [-141.08801, -57.72524, -20.55024],
					"position": [0, 3, -1],
					"scale": 1
				},
				"rightPerna": {
					"rotation": [22.6239, 13.77754, 19.16164],
					"position": [0, 0, 0],
					"scale": 1
				},
				"leftPerna": {
					"rotation": [22.23667, -9.15536, -17.21552],
					"position": [0, 0, 0],
					"scale": 1
				}
			}
		},
		"animation.goku.genkidama": {
			"animation_length": 1.33333,
			"bones": {
				"Corpo": {
					"rotation": {
						"0.0": {
							"post": [-10, 0, 0],
							"lerp_mode": "catmullrom"
						},
						"0.0833": {
							"post": [-10, 0, 0],
							"lerp_mode": "catmullrom"
						},
						"0.1667": {
							"post": [-15, 0, 0],
							"lerp_mode": "catmullrom"
						},
						"0.375": {
							"post": [55, 0, 0],
							"lerp_mode": "catmullrom"
						},
						"1.3333": {
							"post": [55, 0, 0],
							"lerp_mode": "catmullrom"
						}
					},
					"position": {
						"0.0": {
							"post": [0, 0, 0],
							"lerp_mode": "catmullrom"
						},
						"0.0833": {
							"post": [0, 0, 0],
							"lerp_mode": "catmullrom"
						},
						"0.1667": {
							"post": [0, 0, 0],
							"lerp_mode": "catmullrom"
						},
						"0.375": {
							"post": [0, -5, -2],
							"lerp_mode": "catmullrom"
						},
						"1.3333": {
							"post": [0, -5, -2],
							"lerp_mode": "catmullrom"
						}
					},
					"scale": {
						"0.0": {
							"post": [1, 1, 1],
							"lerp_mode": "catmullrom"
						},
						"0.0833": {
							"post": [1, 1, 1],
							"lerp_mode": "catmullrom"
						},
						"0.1667": {
							"post": [1, 1, 1],
							"lerp_mode": "catmullrom"
						},
						"1.3333": {
							"post": [1, 1, 1],
							"lerp_mode": "catmullrom"
						}
					}
				},
				"rightBraco": {
					"rotation": {
						"0.0": {
							"post": [-146.83158, 56.1582, 15.24689],
							"lerp_mode": "catmullrom"
						},
						"0.0833": {
							"post": [-146.83158, 56.1582, 15.24689],
							"lerp_mode": "catmullrom"
						},
						"0.1667": {
							"post": [-206.62573, 61.82674, -33.28019],
							"lerp_mode": "catmullrom"
						},
						"0.375": {
							"post": [-105.07907, -32.63438, 103.6927],
							"lerp_mode": "catmullrom"
						},
						"1.3333": {
							"post": [-105.08, -32.63, 103.69],
							"lerp_mode": "catmullrom"
						}
					},
					"position": {
						"0.0": {
							"post": [0, 3, -1],
							"lerp_mode": "catmullrom"
						},
						"0.0833": {
							"post": [0, 3, -1],
							"lerp_mode": "catmullrom"
						},
						"0.1667": {
							"post": [0, 3, -1],
							"lerp_mode": "catmullrom"
						},
						"0.375": {
							"post": [0, -1, -3],
							"lerp_mode": "catmullrom"
						},
						"1.3333": {
							"post": [0, -1, -3],
							"lerp_mode": "catmullrom"
						}
					},
					"scale": {
						"0.0": {
							"post": [1, 1, 1],
							"lerp_mode": "catmullrom"
						},
						"0.0833": {
							"post": [1, 1, 1],
							"lerp_mode": "catmullrom"
						},
						"0.1667": {
							"post": [1, 1, 1],
							"lerp_mode": "catmullrom"
						},
						"1.3333": {
							"post": [1, 1, 1],
							"lerp_mode": "catmullrom"
						}
					}
				},
				"leftBraco": {
					"rotation": {
						"0.0": {
							"post": [-141.08801, -57.72524, -20.55024],
							"lerp_mode": "catmullrom"
						},
						"0.0833": {
							"post": [-141.08801, -57.72524, -20.55024],
							"lerp_mode": "catmullrom"
						},
						"0.1667": {
							"post": [-181.02301, -65.12446, 13.24612],
							"lerp_mode": "catmullrom"
						},
						"0.375": {
							"post": [-101.16949, 28.75837, -92.62038],
							"lerp_mode": "catmullrom"
						},
						"1.3333": {
							"post": [-101.17, 28.76, -92.62],
							"lerp_mode": "catmullrom"
						}
					},
					"position": {
						"0.0": {
							"post": [0, 3, -1],
							"lerp_mode": "catmullrom"
						},
						"0.0833": {
							"post": [0, 3, -1],
							"lerp_mode": "catmullrom"
						},
						"0.1667": {
							"post": [0, 3, -1],
							"lerp_mode": "catmullrom"
						},
						"0.375": {
							"post": [0, -1, -3],
							"lerp_mode": "catmullrom"
						},
						"1.3333": {
							"post": [0, -1, -3],
							"lerp_mode": "catmullrom"
						}
					},
					"scale": {
						"0.0": {
							"post": [1, 1, 1],
							"lerp_mode": "catmullrom"
						},
						"0.0833": {
							"post": [1, 1, 1],
							"lerp_mode": "catmullrom"
						},
						"0.1667": {
							"post": [1, 1, 1],
							"lerp_mode": "catmullrom"
						},
						"1.3333": {
							"post": [1, 1, 1],
							"lerp_mode": "catmullrom"
						}
					}
				},
				"rightPerna": {
					"rotation": {
						"0.0": {
							"post": [22.6239, 13.77754, 19.16164],
							"lerp_mode": "catmullrom"
						},
						"0.0833": {
							"post": [22.6239, 13.77754, 19.16164],
							"lerp_mode": "catmullrom"
						},
						"0.1667": {
							"post": [32.6239, 13.77754, 19.16164],
							"lerp_mode": "catmullrom"
						},
						"0.375": {
							"post": [-134.74492, 27.58857, -21.38699],
							"lerp_mode": "catmullrom"
						},
						"1.3333": {
							"post": [-134.74, 27.59, -21.39],
							"lerp_mode": "catmullrom"
						}
					},
					"position": {
						"0.0": {
							"post": [0, 0, 0],
							"lerp_mode": "catmullrom"
						},
						"0.0833": {
							"post": [0, 0, 0],
							"lerp_mode": "catmullrom"
						},
						"0.1667": {
							"post": [0, 0, 0],
							"lerp_mode": "catmullrom"
						},
						"1.3333": {
							"post": [0, 0, 0],
							"lerp_mode": "catmullrom"
						}
					},
					"scale": {
						"0.0": {
							"post": [1, 1, 1],
							"lerp_mode": "catmullrom"
						},
						"0.0833": {
							"post": [1, 1, 1],
							"lerp_mode": "catmullrom"
						},
						"0.1667": {
							"post": [1, 1, 1],
							"lerp_mode": "catmullrom"
						},
						"1.3333": {
							"post": [1, 1, 1],
							"lerp_mode": "catmullrom"
						}
					}
				},
				"leftPerna": {
					"rotation": {
						"0.0": {
							"post": [22.23667, -9.15536, -17.21552],
							"lerp_mode": "catmullrom"
						},
						"0.0833": {
							"post": [22.23667, -9.15536, -17.21552],
							"lerp_mode": "catmullrom"
						},
						"0.1667": {
							"post": [27.23667, -9.15536, -17.21552],
							"lerp_mode": "catmullrom"
						},
						"0.375": {
							"post": [-126.21165, -41.5605, -8.91093],
							"lerp_mode": "catmullrom"
						},
						"1.3333": {
							"post": [-126.21, -41.56, -8.91],
							"lerp_mode": "catmullrom"
						}
					},
					"position": {
						"0.0": {
							"post": [0, 0, 0],
							"lerp_mode": "catmullrom"
						},
						"0.0833": {
							"post": [0, 0, 0],
							"lerp_mode": "catmullrom"
						},
						"0.1667": {
							"post": [0, 0, 0],
							"lerp_mode": "catmullrom"
						},
						"1.3333": {
							"post": [0, 0, 0],
							"lerp_mode": "catmullrom"
						}
					},
					"scale": {
						"0.0": {
							"post": [1, 1, 1],
							"lerp_mode": "catmullrom"
						},
						"0.0833": {
							"post": [1, 1, 1],
							"lerp_mode": "catmullrom"
						},
						"0.1667": {
							"post": [1, 1, 1],
							"lerp_mode": "catmullrom"
						},
						"1.3333": {
							"post": [1, 1, 1],
							"lerp_mode": "catmullrom"
						}
					}
				}
			}
		},
		"animation.goku.ki_pistol": {
			"loop": true,
			"animation_length": 0.375,
			"bones": {
				"Corpo": {
					"rotation": {
						"0.0": {
							"post": [0, -50, 0],
							"lerp_mode": "catmullrom"
						},
						"0.0833": {
							"post": [0, -50, 0],
							"lerp_mode": "catmullrom"
						},
						"0.1667": {
							"post": [0, -40, 0],
							"lerp_mode": "catmullrom"
						},
						"0.375": {
							"post": [0, -50, 0],
							"lerp_mode": "catmullrom"
						}
					}
				},
				"rightBraco": {
					"rotation": {
						"0.0": {
							"post": [-90, 47.5, 0],
							"lerp_mode": "catmullrom"
						},
						"0.0833": {
							"post": [-90, 47.5, 0],
							"lerp_mode": "catmullrom"
						},
						"0.1667": {
							"post": [-100.31385, 35.2428, 3.28825],
							"lerp_mode": "catmullrom"
						},
						"0.25": {
							"post": [-87.46437, 45.2344, 3.8272],
							"lerp_mode": "catmullrom"
						},
						"0.375": {
							"post": [-90, 47.5, 0],
							"lerp_mode": "catmullrom"
						}
					}
				},
				"leftBraco": {
					"rotation": {
						"0.0": {
							"post": [-75.84604, -32.41052, 43.85585],
							"lerp_mode": "catmullrom"
						},
						"0.0833": {
							"post": [-75.85, -32.41, 43.86],
							"lerp_mode": "catmullrom"
						},
						"0.375": {
							"post": [-75.85, -32.41, 43.86],
							"lerp_mode": "catmullrom"
						}
					},
					"position": {
						"0.0": {
							"post": [0, -1, 2],
							"lerp_mode": "catmullrom"
						},
						"0.0833": {
							"post": [0, -1, 2],
							"lerp_mode": "catmullrom"
						},
						"0.375": {
							"post": [0, -1, 2],
							"lerp_mode": "catmullrom"
						}
					}
				}
			}
		}
	}
}