{
	"format_version": "1.8.0",
	"animations": {
		"animation.goku.dragonstrike": {
			"animation_length": 3,
			"bones": {
				"Corpo": {
					"rotation": {
						"0.0": {
							"post": [0, 20, 0],
							"lerp_mode": "catmullrom"
						},
						"0.75": {
							"post": [18.36522, -37.99894, -9.30625],
							"lerp_mode": "catmullrom"
						},
						"1.0": {
							"post": [18.37, -38, -9.31],
							"lerp_mode": "catmullrom"
						},
						"2.0": {
							"post": [18.37, -38, -9.31],
							"lerp_mode": "catmullrom"
						},
						"2.1667": {
							"post": [25.84127, 55.26706, 23.94779],
							"lerp_mode": "catmullrom"
						},
						"3.0": {
							"post": [25.84, 55.27, 23.95],
							"lerp_mode": "catmullrom"
						}
					}
				},
				"rightBraco": {
					"rotation": {
						"0.0": {
							"post": [0, 0, 0],
							"lerp_mode": "catmullrom"
						},
						"0.75": {
							"post": [-52.83218, -77.52294, -36.51073],
							"lerp_mode": "catmullrom"
						},
						"1.0": {
							"post": [-52.83, -77.52, -36.51],
							"lerp_mode": "catmullrom"
						},
						"2.0": {
							"post": [-52.83, -77.52, -36.51],
							"lerp_mode": "catmullrom"
						},
						"2.1667": {
							"post": [-72.69139, 63.9701, 15.64589],
							"lerp_mode": "catmullrom"
						},
						"3.0": {
							"post": [-72.69, 63.97, 15.65],
							"lerp_mode": "catmullrom"
						}
					}
				},
				"leftBraco": {
					"rotation": {
						"0.0": {
							"post": [-130.98084, -11.43563, -5.22757],
							"lerp_mode": "catmullrom"
						},
						"0.75": {
							"post": [-87.11556, -9.57255, -29.80806],
							"lerp_mode": "catmullrom"
						},
						"1.0": {
							"post": [-87.12, -9.57, -29.81],
							"lerp_mode": "catmullrom"
						},
						"2.0": {
							"post": [-87.12, -9.57, -29.81],
							"lerp_mode": "catmullrom"
						},
						"2.1667": {
							"post": [-48.23598, -36.21718, -76.68726],
							"lerp_mode": "catmullrom"
						},
						"3.0": {
							"post": [-48.24, -36.22, -76.69],
							"lerp_mode": "catmullrom"
						}
					},
					"position": {
						"0.0": {
							"post": [0, -3, 0],
							"lerp_mode": "catmullrom"
						},
						"0.75": {
							"post": [0, -1, 5],
							"lerp_mode": "catmullrom"
						},
						"1.0": {
							"post": [0, -1, 5],
							"lerp_mode": "catmullrom"
						},
						"2.0": {
							"post": [0, -1, 5],
							"lerp_mode": "catmullrom"
						},
						"2.1667": {
							"post": [2, 1, -2],
							"lerp_mode": "catmullrom"
						},
						"3.0": {
							"post": [2, 1, -2],
							"lerp_mode": "catmullrom"
						}
					}
				},
				"rightPerna": {
					"rotation": {
						"0.0": {
							"post": [4.81152, 24.68092, 5.49891],
							"lerp_mode": "catmullrom"
						},
						"0.75": {
							"post": [-27.68848, 24.68092, 5.49891],
							"lerp_mode": "catmullrom"
						},
						"1.0": {
							"post": [-27.69, 24.68, 5.5],
							"lerp_mode": "catmullrom"
						},
						"2.0": {
							"post": [-27.69, 24.68, 5.5],
							"lerp_mode": "catmullrom"
						},
						"2.1667": {
							"post": [21.33081, 21.36196, 15.75406],
							"lerp_mode": "catmullrom"
						},
						"3.0": {
							"post": [21.33, 21.36, 15.75],
							"lerp_mode": "catmullrom"
						}
					}
				},
				"leftPerna": {
					"rotation": {
						"0.0": {
							"post": [0, -25, 0],
							"lerp_mode": "catmullrom"
						},
						"0.75": {
							"post": [26.36144, -20.853, -9.88524],
							"lerp_mode": "catmullrom"
						},
						"1.0": {
							"post": [26.36, -20.85, -9.89],
							"lerp_mode": "catmullrom"
						},
						"2.0": {
							"post": [26.36, -20.85, -9.89],
							"lerp_mode": "catmullrom"
						},
						"2.1667": {
							"post": [-6.89749, -55.83917, -8.72552],
							"lerp_mode": "catmullrom"
						},
						"3.0": {
							"post": [-6.9, -55.84, -8.73],
							"lerp_mode": "catmullrom"
						}
					}
				},
				"head": {
					"rotation": {
						"0.0": {
							"post": [0, -17.5, 0],
							"lerp_mode": "catmullrom"
						},
						"0.75": {
							"post": [0, 42.5, 0],
							"lerp_mode": "catmullrom"
						},
						"1.0": {
							"post": [0, 42.5, 0],
							"lerp_mode": "catmullrom"
						},
						"2.0": {
							"post": [0, 42.5, 0],
							"lerp_mode": "catmullrom"
						},
						"2.1667": {
							"post": [0, -40, 0],
							"lerp_mode": "catmullrom"
						},
						"3.0": {
							"post": [0, -40, 0],
							"lerp_mode": "catmullrom"
						}
					}
				}
			}
		},
		"animation.dragontomou": {
			"animation_length": 3,
			"bones": {
				"Corpo": {
					"rotation": {
						"0.0": {
							"post": [42.5, 0, 0],
							"lerp_mode": "catmullrom"
						},
						"0.75": {
							"post": [-35, 0, 0],
							"lerp_mode": "catmullrom"
						},
						"1.0": {
							"post": [-35, 0, 0],
							"lerp_mode": "catmullrom"
						},
						"2.0": {
							"post": [-7.5, 0, 0],
							"lerp_mode": "catmullrom"
						},
						"2.1667": {
							"post": [-5, 0, 0],
							"lerp_mode": "catmullrom"
						},
						"2.3333": {
							"post": [5, 0, 0],
							"lerp_mode": "catmullrom"
						},
						"2.75": {
							"post": [45, 0, 0],
							"lerp_mode": "catmullrom"
						},
						"2.9167": {
							"post": [-72.5, 0, 0],
							"lerp_mode": "catmullrom"
						},
						"3.0": {
							"post": [-72.5, 0, 0],
							"lerp_mode": "catmullrom"
						}
					},
					"position": {
						"0.0": {
							"post": [0, -4, -7],
							"lerp_mode": "catmullrom"
						},
						"0.75": {
							"post": [0, -4, 11],
							"lerp_mode": "catmullrom"
						},
						"1.0": {
							"post": [0, -4, 11],
							"lerp_mode": "catmullrom"
						},
						"2.0": {
							"post": [0, -1, -1],
							"lerp_mode": "catmullrom"
						},
						"2.1667": {
							"post": [0, -1, 2],
							"lerp_mode": "catmullrom"
						},
						"2.3333": {
							"post": [0, -1, 10],
							"lerp_mode": "catmullrom"
						},
						"2.75": {
							"post": [0, -1, 35],
							"lerp_mode": "catmullrom"
						},
						"2.9167": {
							"post": [0, -20, 49],
							"lerp_mode": "catmullrom"
						},
						"3.0": {
							"post": [0, -20, 49],
							"lerp_mode": "catmullrom"
						}
					}
				},
				"rightBraco": {
					"rotation": {
						"0.0": {
							"post": [-55, 0, 0],
							"lerp_mode": "catmullrom"
						},
						"0.75": {
							"post": [47.5, 0, 0],
							"lerp_mode": "catmullrom"
						},
						"1.0": {
							"post": [47.5, 0, 0],
							"lerp_mode": "catmullrom"
						},
						"2.0": {
							"post": [7.5, 0, 0],
							"lerp_mode": "catmullrom"
						},
						"2.1667": {
							"post": [6.80423, -3.1622, 24.81197],
							"lerp_mode": "catmullrom"
						},
						"2.3333": {
							"post": [-95.69577, -3.1622, 24.81197],
							"lerp_mode": "catmullrom"
						},
						"2.75": {
							"post": [-115.69577, -3.1622, 24.81197],
							"lerp_mode": "catmullrom"
						},
						"2.9167": {
							"post": [26.80423, -3.1622, 24.81197],
							"lerp_mode": "catmullrom"
						},
						"3.0": {
							"post": [26.8, -3.16, 24.81],
							"lerp_mode": "catmullrom"
						}
					}
				},
				"leftBraco": {
					"rotation": {
						"0.0": {
							"post": [-55, 0, 0],
							"lerp_mode": "catmullrom"
						},
						"0.75": {
							"post": [35, 0, 0],
							"lerp_mode": "catmullrom"
						},
						"1.0": {
							"post": [35, 0, 0],
							"lerp_mode": "catmullrom"
						},
						"2.0": {
							"post": [12.5, 0, 0],
							"lerp_mode": "catmullrom"
						},
						"2.1667": {
							"post": [12.2127, 2.68507, -12.2127],
							"lerp_mode": "catmullrom"
						},
						"2.3333": {
							"post": [-102.7873, 2.68507, -12.2127],
							"lerp_mode": "catmullrom"
						},
						"2.75": {
							"post": [-137.7873, 2.68507, -12.2127],
							"lerp_mode": "catmullrom"
						},
						"2.9167": {
							"post": [19.7127, 2.68507, -12.2127],
							"lerp_mode": "catmullrom"
						},
						"3.0": {
							"post": [19.71, 2.69, -12.21],
							"lerp_mode": "catmullrom"
						}
					}
				},
				"rightPerna": {
					"rotation": {
						"0.0": {
							"post": [-42.5, 0, 0],
							"lerp_mode": "catmullrom"
						},
						"0.75": {
							"post": [17.5, 0, 0],
							"lerp_mode": "catmullrom"
						},
						"1.0": {
							"post": [17.5, 0, 0],
							"lerp_mode": "catmullrom"
						},
						"2.0": {
							"post": [-5, 0, 0],
							"lerp_mode": "catmullrom"
						},
						"2.1667": {
							"post": [-4.88206, 1.08089, 12.45392],
							"lerp_mode": "catmullrom"
						},
						"2.3333": {
							"post": [-67.38206, 1.08089, 12.45392],
							"lerp_mode": "catmullrom"
						},
						"2.75": {
							"post": [-122.38206, 1.08089, 12.45392],
							"lerp_mode": "catmullrom"
						},
						"2.9167": {
							"post": [-29.88206, 1.08089, 12.45392],
							"lerp_mode": "catmullrom"
						},
						"3.0": {
							"post": [-29.88, 1.08, 12.45],
							"lerp_mode": "catmullrom"
						}
					}
				},
				"leftPerna": {
					"rotation": {
						"0.0": {
							"post": [-47.5, 0, 0],
							"lerp_mode": "catmullrom"
						},
						"0.75": {
							"post": [67.5, 0, 0],
							"lerp_mode": "catmullrom"
						},
						"1.0": {
							"post": [67.5, 0, 0],
							"lerp_mode": "catmullrom"
						},
						"2.0": {
							"post": [22.5, 0, 0],
							"lerp_mode": "catmullrom"
						},
						"2.1667": {
							"post": [22.01816, 4.75113, -11.57518],
							"lerp_mode": "catmullrom"
						},
						"2.3333": {
							"post": [-72.98184, 4.75113, -11.57518],
							"lerp_mode": "catmullrom"
						},
						"2.75": {
							"post": [-122.98184, 4.75113, -11.57518],
							"lerp_mode": "catmullrom"
						},
						"2.9167": {
							"post": [-31.24865, -2.45869, -36.46987],
							"lerp_mode": "catmullrom"
						},
						"3.0": {
							"post": [-31.25, -2.46, -36.47],
							"lerp_mode": "catmullrom"
						}
					}
				},
				"head": {
					"rotation": {
						"0.0": {
							"post": [70, 0, 0],
							"lerp_mode": "catmullrom"
						},
						"0.75": {
							"post": [40, 0, 0],
							"lerp_mode": "catmullrom"
						},
						"1.0": {
							"post": [40, 0, 0],
							"lerp_mode": "catmullrom"
						},
						"2.0": {
							"post": [10, 0, 0],
							"lerp_mode": "catmullrom"
						},
						"2.1667": {
							"post": [30, 0, 0],
							"lerp_mode": "catmullrom"
						},
						"2.3333": {
							"post": [45, 0, 0],
							"lerp_mode": "catmullrom"
						},
						"2.9167": {
							"post": [-27.5, 0, 0],
							"lerp_mode": "catmullrom"
						},
						"3.0": {
							"post": [-27.5, 0, 0],
							"lerp_mode": "catmullrom"
						}
					}
				}
			}
		}
	}
}








































































































































































































