{
	"format_version": "1.8.0",
	"animations": {
		"animation.goku.palm": {
			"loop": true,
			"animation_length": 0.5,
			"bones": {
				"Corpo": {
					"position": {
						"0.0": {
							"post": [0, -4, 0],
							"lerp_mode": "catmullrom"
						},
						"0.1667": {
							"post": [0, -5, 0],
							"lerp_mode": "catmullrom"
						},
						"0.25": {
							"post": [0, 0, 0],
							"lerp_mode": "catmullrom"
						},
						"0.5": {
							"post": [0, 0, 0],
							"lerp_mode": "catmullrom"
						}
					}
				},
				"rightBraco": {
					"rotation": {
						"0.0": {
							"post": [-90, -70, 0],
							"lerp_mode": "catmullrom"
						},
						"0.1667": {
							"post": [-90, -80, 0],
							"lerp_mode": "catmullrom"
						},
						"0.25": {
							"post": [89.99998, 87.5, 179.99998],
							"lerp_mode": "catmullrom"
						},
						"0.5": {
							"post": [90, 87.5, 180],
							"lerp_mode": "catmullrom"
						}
					}
				},
				"leftBraco": {
					"rotation": {
						"0.0": {
							"post": [-84.59842, 62.39543, 4.78974],
							"lerp_mode": "catmullrom"
						},
						"0.1667": {
							"post": [-78.59515, 77.25635, 11.13101],
							"lerp_mode": "catmullrom"
						},
						"0.25": {
							"post": [71.50494, -82.09657, -161.66882],
							"lerp_mode": "catmullrom"
						},
						"0.5": {
							"post": [71.5, -82.1, -161.67],
							"lerp_mode": "catmullrom"
						}
					}
				},
				"rightPerna": {
					"rotation": {
						"0.0": {
							"post": [0, 35, 0],
							"lerp_mode": "catmullrom"
						},
						"0.1667": {
							"post": [0, 45, 0],
							"lerp_mode": "catmullrom"
						},
						"0.25": {
							"post": [0, 2.5, 0],
							"lerp_mode": "catmullrom"
						},
						"0.5": {
							"post": [0, 2.5, 0],
							"lerp_mode": "catmullrom"
						}
					},
					"position": {
						"0.0": {
							"post": [-2, 3, -2],
							"lerp_mode": "catmullrom"
						},
						"0.1667": {
							"post": [-2, 4, -2],
							"lerp_mode": "catmullrom"
						},
						"0.25": {
							"post": [0, 0, 0],
							"lerp_mode": "catmullrom"
						},
						"0.5": {
							"post": [0, 0, 0],
							"lerp_mode": "catmullrom"
						}
					}
				},
				"leftPerna": {
					"rotation": {
						"0.0": {
							"post": [0, -50, 0],
							"lerp_mode": "catmullrom"
						},
						"0.1667": {
							"post": [0, -60, 0],
							"lerp_mode": "catmullrom"
						},
						"0.25": {
							"post": [0, 2.5, 0],
							"lerp_mode": "catmullrom"
						},
						"0.5": {
							"post": [0, 2.5, 0],
							"lerp_mode": "catmullrom"
						}
					},
					"position": {
						"0.0": {
							"post": [2, 3, -2],
							"lerp_mode": "catmullrom"
						},
						"0.1667": {
							"post": [2, 4, -2],
							"lerp_mode": "catmullrom"
						},
						"0.25": {
							"post": [0, 0, 0],
							"lerp_mode": "catmullrom"
						},
						"0.5": {
							"post": [0, 0, 0],
							"lerp_mode": "catmullrom"
						}
					}
				}
			}
		}
	}
}