{
	"format_version": "1.8.0",
	"animations": {
		"animation.goku.teleport": {
			"animation_length": 1,
			"bones": {
				"leftBraco": {
					"rotation": {
						"0.0": {
							"post": [0, 0, 0],
							"lerp_mode": "catmullrom"
						},
						"0.1667": {
							"post": [22.5, 0, -12.5],
							"lerp_mode": "catmullrom"
						},
						"0.25": {
							"post": [-149.19304, 9.30727, -33.07639],
							"lerp_mode": "catmullrom"
						},
						"0.7083": {
							"post": [-149.19, 9.31, -33.08],
							"lerp_mode": "catmullrom"
						},
						"0.8333": {
							"post": [0, 0, 0],
							"lerp_mode": "catmullrom"
						},
						"1.0": {
							"post": [0, 0, 0],
							"lerp_mode": "catmullrom"
						}
					}
				}
			}
		}
	}
}