{
	"format_version": "1.8.0",
	"animations": {
		"animation.sukuna.stop": {
			"loop": true,
			"animation_length": 0.29167,
			"bones": {
				"Corpo": {
					"rotation": [-7.5, 0, 0]
				},
				"rightBraco": {
					"rotation": [6.13848, -10.13318, 9.50948]
				},
				"leftBraco": {
					"rotation": [12.19924, 0.28699, -7.6851]
				},
				"rightPerna": {
					"rotation": [5, 10, 7.5]
				},
				"leftPerna": {
					"rotation": [12.5, -5, -2.5]
				}
			}
		},
		"animation.sukuna.aircut": {
			"loop": true,
			"animation_length": 0.875,
			"bones": {
				"Corpo": {
					"rotation": {
						"0.0": {
							"post": [12.5, 27.5, 0],
							"lerp_mode": "catmullrom"
						},
						"0.125": {
							"post": [23.86901, 41.4331, 6.78079],
							"lerp_mode": "catmullrom"
						},
						"0.2917": {
							"post": [23.87, 41.43, 6.78],
							"lerp_mode": "catmullrom"
						},
						"0.375": {
							"post": [21.48008, 6.46414, 13.86958],
							"lerp_mode": "catmullrom"
						},
						"0.4583": {
							"post": [-6.2874, -50.76555, 0.68734],
							"lerp_mode": "catmullrom"
						},
						"0.5833": {
							"post": [-11.2874, -50.76555, 0.68734],
							"lerp_mode": "catmullrom"
						},
						"0.875": {
							"post": [-11.29, -50.77, 0.69],
							"lerp_mode": "catmullrom"
						}
					},
					"position": {
						"0.0": {
							"post": [0, -1, 0],
							"lerp_mode": "catmullrom"
						},
						"0.125": {
							"post": [0, -2, -1],
							"lerp_mode": "catmullrom"
						},
						"0.2917": {
							"post": [0, -2, -1],
							"lerp_mode": "catmullrom"
						},
						"0.375": {
							"post": [4, -2, -1],
							"lerp_mode": "catmullrom"
						},
						"0.4583": {
							"post": [0, -2, -1],
							"lerp_mode": "catmullrom"
						},
						"0.875": {
							"post": [0, -2, -1],
							"lerp_mode": "catmullrom"
						}
					}
				},
				"rightBraco": {
					"rotation": {
						"0.0": {
							"post": [49.04618, 49.85118, 66.44059],
							"lerp_mode": "catmullrom"
						},
						"0.125": {
							"post": [38.58312, 46.88654, 72.50606],
							"lerp_mode": "catmullrom"
						},
						"0.2917": {
							"post": [38.58, 46.89, 72.51],
							"lerp_mode": "catmullrom"
						},
						"0.375": {
							"post": [79.87593, 50.51485, 132.43084],
							"lerp_mode": "catmullrom"
						},
						"0.4167": {
							"post": [-76.62052, 80.83338, -49.63738],
							"lerp_mode": "catmullrom"
						},
						"0.4583": {
							"post": [-104.8359, -60.766, -82.76158],
							"lerp_mode": "catmullrom"
						},
						"0.5833": {
							"post": [-120.10625, -65.83389, -66.07563],
							"lerp_mode": "catmullrom"
						},
						"0.875": {
							"post": [-120.11, -65.83, -66.08],
							"lerp_mode": "catmullrom"
						}
					},
					"position": {
						"0.0": {
							"post": [0, 0, 0],
							"lerp_mode": "catmullrom"
						},
						"0.2917": {
							"post": [0, 0, 0],
							"lerp_mode": "catmullrom"
						},
						"0.375": {
							"post": [0, -0.5, 3],
							"lerp_mode": "catmullrom"
						},
						"0.4583": {
							"post": [0, 3, -2],
							"lerp_mode": "catmullrom"
						},
						"0.5833": {
							"post": [0, 4, -2],
							"lerp_mode": "catmullrom"
						},
						"0.875": {
							"post": [0, 4, -2],
							"lerp_mode": "catmullrom"
						}
					}
				},
				"leftBraco": {
					"rotation": {
						"0.0": {
							"post": [-60.92663, 19.05681, -32.70848],
							"lerp_mode": "catmullrom"
						},
						"0.125": {
							"post": [-70.92663, 19.05681, -32.70848],
							"lerp_mode": "catmullrom"
						},
						"0.2917": {
							"post": [-70.93, 19.06, -32.71],
							"lerp_mode": "catmullrom"
						},
						"0.375": {
							"post": [-68.96194, -30.65792, -50.24713],
							"lerp_mode": "catmullrom"
						},
						"0.4583": {
							"post": [-135.84539, -29.76013, 25.22942],
							"lerp_mode": "catmullrom"
						},
						"0.5833": {
							"post": [-139.35101, -34.82387, 31.77985],
							"lerp_mode": "catmullrom"
						},
						"0.875": {
							"post": [-139.35, -34.82, 31.78],
							"lerp_mode": "catmullrom"
						}
					},
					"position": {
						"0.0": {
							"post": [0, 0, 0],
							"lerp_mode": "catmullrom"
						},
						"0.2917": {
							"post": [0, 0, 0],
							"lerp_mode": "catmullrom"
						},
						"0.4583": {
							"post": [-2, -3, 4],
							"lerp_mode": "catmullrom"
						},
						"0.5833": {
							"post": [-3, -3, 4],
							"lerp_mode": "catmullrom"
						},
						"0.875": {
							"post": [-3, -3, 4],
							"lerp_mode": "catmullrom"
						}
					}
				},
				"rightPerna": {
					"rotation": {
						"0.0": {
							"post": [10.68307, 6.48365, 6.26395],
							"lerp_mode": "catmullrom"
						},
						"0.2917": {
							"post": [10.68, 6.48, 6.26],
							"lerp_mode": "catmullrom"
						},
						"0.5833": {
							"post": [23.18, 6.48, 6.26],
							"lerp_mode": "catmullrom"
						},
						"0.875": {
							"post": [23.18, 6.48, 6.26],
							"lerp_mode": "catmullrom"
						}
					},
					"position": {
						"0.0": {
							"post": [0, 0, 0],
							"lerp_mode": "catmullrom"
						},
						"0.2917": {
							"post": [0, 0, 0],
							"lerp_mode": "catmullrom"
						},
						"0.375": {
							"post": [0, 1, -3],
							"lerp_mode": "catmullrom"
						},
						"0.4583": {
							"post": [0, 1, 1],
							"lerp_mode": "catmullrom"
						},
						"0.875": {
							"post": [0, 1, 1],
							"lerp_mode": "catmullrom"
						}
					}
				},
				"leftPerna": {
					"rotation": {
						"0.0": {
							"post": [-15, 0, 0],
							"lerp_mode": "catmullrom"
						},
						"0.125": {
							"post": [-14.94548, -1.29256, -4.83045],
							"lerp_mode": "catmullrom"
						},
						"0.2917": {
							"post": [-14.98, -0.43, -1.61],
							"lerp_mode": "catmullrom"
						},
						"0.4583": {
							"post": [2.52, -0.43, -1.61],
							"lerp_mode": "catmullrom"
						},
						"0.5833": {
							"post": [10.02, -0.43, -1.61],
							"lerp_mode": "catmullrom"
						},
						"0.875": {
							"post": [10.02, -0.43, -1.61],
							"lerp_mode": "catmullrom"
						}
					},
					"position": {
						"0.0": {
							"post": [0, 1, -2],
							"lerp_mode": "catmullrom"
						},
						"0.125": {
							"post": [0, 2, -3],
							"lerp_mode": "catmullrom"
						},
						"0.2917": {
							"post": [0, 2, -3],
							"lerp_mode": "catmullrom"
						},
						"0.375": {
							"post": [0, 2, -2],
							"lerp_mode": "catmullrom"
						},
						"0.875": {
							"post": [0, 2, -2],
							"lerp_mode": "catmullrom"
						}
					}
				}
			}
		},
		"animation.sukuna.stomp": {
			"loop": true,
			"animation_length": 1.54167,
			"bones": {
				"Corpo": {
					"rotation": {
						"0.0": {
							"post": [32.5, 15, 0],
							"lerp_mode": "catmullrom"
						},
						"0.6667": {
							"post": [30.46296, 15, 0],
							"lerp_mode": "catmullrom"
						},
						"0.875": {
							"post": [42.04824, 36.92757, 18.67311],
							"lerp_mode": "catmullrom"
						},
						"1.125": {
							"post": [49.21782, 39.0523, 24.91],
							"lerp_mode": "catmullrom"
						},
						"1.2083": {
							"post": [59.3319, 2.52314, -0.07184],
							"lerp_mode": "catmullrom"
						},
						"1.2917": {
							"post": [66.8319, 2.52314, -0.07184],
							"lerp_mode": "catmullrom"
						},
						"1.375": {
							"post": [59.3319, 2.52314, -0.07184],
							"lerp_mode": "catmullrom"
						},
						"1.5417": {
							"post": [59.33, 2.52, -0.07],
							"lerp_mode": "catmullrom"
						}
					},
					"position": {
						"0.0": {
							"post": [0, -2, -3],
							"lerp_mode": "catmullrom"
						},
						"1.125": {
							"post": [0, -2, -3],
							"lerp_mode": "catmullrom"
						},
						"1.2083": {
							"post": [0, -10, -6],
							"lerp_mode": "catmullrom"
						},
						"1.2917": {
							"post": [0, -11, -7],
							"lerp_mode": "catmullrom"
						},
						"1.375": {
							"post": [0, -10, -6],
							"lerp_mode": "catmullrom"
						},
						"1.5417": {
							"post": [0, -10, -6],
							"lerp_mode": "catmullrom"
						}
					}
				},
				"rightBraco": {
					"rotation": {
						"0.0": {
							"post": [82.2492, 49.74086, 141.57006],
							"lerp_mode": "catmullrom"
						},
						"0.375": {
							"post": [100.11736, 55.45431, 191.18157],
							"lerp_mode": "catmullrom"
						},
						"1.125": {
							"post": [98.18458, 45.57527, 188.68168],
							"lerp_mode": "catmullrom"
						},
						"1.2083": {
							"post": [278.41598, 0.81821, 400.43821],
							"lerp_mode": "catmullrom"
						},
						"1.5417": {
							"post": [278.42, 0.82, 400.44],
							"lerp_mode": "catmullrom"
						}
					},
					"position": {
						"0.0": {
							"post": [0, 0, 2],
							"lerp_mode": "catmullrom"
						},
						"1.0": {
							"post": [0, 0, 2],
							"lerp_mode": "catmullrom"
						},
						"1.125": {
							"post": [0, 0, 1.4],
							"lerp_mode": "catmullrom"
						},
						"1.2083": {
							"post": [0, 0, -4],
							"lerp_mode": "catmullrom"
						},
						"1.2917": {
							"post": [0, -1, -3],
							"lerp_mode": "catmullrom"
						},
						"1.375": {
							"post": [0, 0, -5],
							"lerp_mode": "catmullrom"
						},
						"1.5417": {
							"post": [0, 0, -5],
							"lerp_mode": "catmullrom"
						}
					}
				},
				"leftBraco": {
					"rotation": {
						"0.0": {
							"post": [-96.66067, -3.45533, -27.29887],
							"lerp_mode": "catmullrom"
						},
						"0.3333": {
							"post": [-61.66067, -3.45533, -27.29887],
							"lerp_mode": "catmullrom"
						},
						"0.5833": {
							"post": [-1.66067, -3.45533, -27.29887],
							"lerp_mode": "catmullrom"
						},
						"0.7917": {
							"post": [-48.62769, 34.35871, 40.74434],
							"lerp_mode": "catmullrom"
						},
						"1.2083": {
							"post": [-79.43441, 4.5066, -30.94236],
							"lerp_mode": "catmullrom"
						},
						"1.5417": {
							"post": [-79.43, 4.51, -30.94],
							"lerp_mode": "catmullrom"
						}
					},
					"position": {
						"0.0": {
							"post": [0, 0, -1],
							"lerp_mode": "catmullrom"
						},
						"1.0": {
							"post": [0, 0, -1],
							"lerp_mode": "catmullrom"
						},
						"1.125": {
							"post": [0, 0, 0.2],
							"lerp_mode": "catmullrom"
						},
						"1.2083": {
							"post": [0, 0, -4],
							"lerp_mode": "catmullrom"
						},
						"1.2917": {
							"post": [0, -1, -3],
							"lerp_mode": "catmullrom"
						},
						"1.375": {
							"post": [0, 0, -4],
							"lerp_mode": "catmullrom"
						},
						"1.5417": {
							"post": [0, 0, -4],
							"lerp_mode": "catmullrom"
						}
					}
				},
				"rightPerna": {
					"rotation": {
						"0.0": {
							"post": [17.5, 0, 0],
							"lerp_mode": "catmullrom"
						},
						"0.2917": {
							"post": [-90, 0, 0],
							"lerp_mode": "catmullrom"
						},
						"0.75": {
							"post": [-102.5, 0, 0],
							"lerp_mode": "catmullrom"
						},
						"0.875": {
							"post": [-104.72765, -31.63886, 7.85085],
							"lerp_mode": "catmullrom"
						},
						"1.125": {
							"post": [-104.35885, -29.21893, 7.12284],
							"lerp_mode": "catmullrom"
						},
						"1.2083": {
							"post": [-30.29425, 3.22116, 8.72679],
							"lerp_mode": "catmullrom"
						},
						"1.5417": {
							"post": [-30.29, 3.22, 8.73],
							"lerp_mode": "catmullrom"
						}
					},
					"position": {
						"0.0": {
							"post": [0, 4, -4],
							"lerp_mode": "catmullrom"
						},
						"0.3333": {
							"post": [0, 3, -2],
							"lerp_mode": "catmullrom"
						},
						"1.125": {
							"post": [0, 3, -2],
							"lerp_mode": "catmullrom"
						},
						"1.2083": {
							"post": [0, 7, -3],
							"lerp_mode": "catmullrom"
						},
						"1.2917": {
							"post": [0, 7, -2],
							"lerp_mode": "catmullrom"
						},
						"1.375": {
							"post": [0, 8, -3],
							"lerp_mode": "catmullrom"
						},
						"1.5417": {
							"post": [0, 8, -3],
							"lerp_mode": "catmullrom"
						}
					}
				},
				"leftPerna": {
					"rotation": {
						"0.0": {
							"post": [15, 0, 0],
							"lerp_mode": "catmullrom"
						},
						"0.3333": {
							"post": [75, 0, 0],
							"lerp_mode": "catmullrom"
						},
						"0.75": {
							"post": [55, 0, 0],
							"lerp_mode": "catmullrom"
						},
						"1.125": {
							"post": [73, 0, 0],
							"lerp_mode": "catmullrom"
						},
						"1.2083": {
							"post": [3, 0, 0],
							"lerp_mode": "catmullrom"
						},
						"1.5417": {
							"post": [3, 0, 0],
							"lerp_mode": "catmullrom"
						}
					},
					"position": {
						"0.0": {
							"post": [0, 0, 0],
							"lerp_mode": "catmullrom"
						},
						"0.3333": {
							"post": [0, 0, -4],
							"lerp_mode": "catmullrom"
						},
						"0.75": {
							"post": [0, 1, -3],
							"lerp_mode": "catmullrom"
						},
						"1.125": {
							"post": [0, 1, -3],
							"lerp_mode": "catmullrom"
						},
						"1.2083": {
							"post": [0, 3, -4],
							"lerp_mode": "catmullrom"
						},
						"1.375": {
							"post": [0, 3, -3],
							"lerp_mode": "catmullrom"
						},
						"1.5417": {
							"post": [0, 3, -3],
							"lerp_mode": "catmullrom"
						}
					}
				}
			}
		},
		"animation.sukuna.uppercut": {
			"loop": true,
			"animation_length": 1.29167,
			"bones": {
				"Corpo": {
					"rotation": {
						"0.0": {
							"post": [30.35635, 39.6429, 15.31505],
							"lerp_mode": "catmullrom"
						},
						"0.0833": {
							"post": [35.60307, 48.04353, 22.86339],
							"lerp_mode": "catmullrom"
						},
						"0.1667": {
							"post": [2.60984, -43.76175, -29.03983],
							"lerp_mode": "catmullrom"
						},
						"0.25": {
							"post": [2.85926, -48.75608, -29.38473],
							"lerp_mode": "catmullrom"
						},
						"0.375": {
							"post": [2.86, -48.76, -29.38],
							"lerp_mode": "catmullrom"
						},
						"0.4583": {
							"post": [43.90113, 3.85509, -12.49131],
							"lerp_mode": "catmullrom"
						},
						"0.5833": {
							"post": [-17.12809, -1.70372, -1.97288],
							"lerp_mode": "catmullrom"
						},
						"1.0": {
							"post": [-17.13, -1.7, -1.97],
							"lerp_mode": "catmullrom"
						},
						"1.2917": {
							"post": [-17.13, -1.7, -1.97],
							"lerp_mode": "catmullrom"
						}
					},
					"position": {
						"0.0": {
							"post": [0, 0, -3],
							"lerp_mode": "catmullrom"
						},
						"0.0833": {
							"post": [0, 0, -3],
							"lerp_mode": "catmullrom"
						},
						"0.1667": {
							"post": [-5, -3, -2],
							"lerp_mode": "catmullrom"
						},
						"0.375": {
							"post": [-5, -3, -2],
							"lerp_mode": "catmullrom"
						},
						"0.4583": {
							"post": [-3.4, -6, -6],
							"lerp_mode": "catmullrom"
						},
						"0.5833": {
							"post": [-1, -1, 0],
							"lerp_mode": "catmullrom"
						},
						"1.0": {
							"post": [-1, 0, 2],
							"lerp_mode": "catmullrom"
						},
						"1.2917": {
							"post": [-1, 0, 2],
							"lerp_mode": "catmullrom"
						}
					},
					"scale": {
						"0.375": {
							"pre": [1, 1, 1],
							"post": [1, 1, 1],
							"lerp_mode": "catmullrom"
						},
						"1.2917": {
							"post": [1, 1, 1],
							"lerp_mode": "catmullrom"
						}
					}
				},
				"rightBraco": {
					"rotation": {
						"0.0": {
							"post": [-110.64067, 3.32727, -32.77616],
							"lerp_mode": "catmullrom"
						},
						"0.0833": {
							"post": [-104.72419, 23.75968, -49.2335],
							"lerp_mode": "catmullrom"
						},
						"0.1667": {
							"post": [-108.1175, -41.57676, -30.93902],
							"lerp_mode": "catmullrom"
						},
						"0.25": {
							"post": [-110.61862, -48.65511, -27.41632],
							"lerp_mode": "catmullrom"
						},
						"0.375": {
							"post": [-110.62, -48.66, -27.42],
							"lerp_mode": "catmullrom"
						},
						"0.5833": {
							"post": [40.09625, -2.83715, 42.94742],
							"lerp_mode": "catmullrom"
						},
						"1.0": {
							"post": [40.13824, 1.99954, 37.21351],
							"lerp_mode": "catmullrom"
						},
						"1.2917": {
							"post": [40.14, 2, 37.21],
							"lerp_mode": "catmullrom"
						}
					},
					"position": {
						"0.0": {
							"post": [0, -1, 4],
							"lerp_mode": "catmullrom"
						},
						"0.0833": {
							"post": [0, -1, 4],
							"lerp_mode": "catmullrom"
						},
						"0.1667": {
							"post": [2, 2, -5],
							"lerp_mode": "catmullrom"
						},
						"0.375": {
							"post": [2, 2, -5],
							"lerp_mode": "catmullrom"
						},
						"0.5833": {
							"post": [0, 0, 2],
							"lerp_mode": "catmullrom"
						},
						"1.0": {
							"post": [0, -1, 2],
							"lerp_mode": "catmullrom"
						},
						"1.2917": {
							"post": [0, -1, 2],
							"lerp_mode": "catmullrom"
						}
					},
					"scale": {
						"0.375": {
							"pre": [1, 1, 1],
							"post": [1, 1, 1],
							"lerp_mode": "catmullrom"
						},
						"1.0": {
							"post": [1, 1, 1],
							"lerp_mode": "catmullrom"
						},
						"1.2917": {
							"post": [1, 1, 1],
							"lerp_mode": "catmullrom"
						}
					}
				},
				"leftBraco": {
					"rotation": {
						"0.0": {
							"post": [-77.5, 0, 0],
							"lerp_mode": "catmullrom"
						},
						"0.0833": {
							"post": [-95, 0, 0],
							"lerp_mode": "catmullrom"
						},
						"0.1667": {
							"post": [-120.15354, 35.08213, 29.63171],
							"lerp_mode": "catmullrom"
						},
						"0.25": {
							"post": [-117.29324, 26.30476, 35.21557],
							"lerp_mode": "catmullrom"
						},
						"0.375": {
							"post": [-117.29, 26.3, 35.22],
							"lerp_mode": "catmullrom"
						},
						"0.5833": {
							"post": [45.43201, -6.93719, -45.56709],
							"lerp_mode": "catmullrom"
						},
						"1.0": {
							"post": [44.89152, -10.48385, -42.00097],
							"lerp_mode": "catmullrom"
						},
						"1.2917": {
							"post": [44.89, -10.48, -42],
							"lerp_mode": "catmullrom"
						}
					},
					"position": {
						"0.0": {
							"post": [0, 0, 0],
							"lerp_mode": "catmullrom"
						},
						"0.0833": {
							"post": [0, 0, 0],
							"lerp_mode": "catmullrom"
						},
						"0.1667": {
							"post": [1, -4, 2],
							"lerp_mode": "catmullrom"
						},
						"0.375": {
							"post": [1, -4, 2],
							"lerp_mode": "catmullrom"
						},
						"0.5833": {
							"post": [0, 0, 1],
							"lerp_mode": "catmullrom"
						},
						"1.0": {
							"post": [0, -1, 1],
							"lerp_mode": "catmullrom"
						},
						"1.2917": {
							"post": [0, -1, 1],
							"lerp_mode": "catmullrom"
						}
					},
					"scale": {
						"0.375": {
							"pre": [1, 1, 1],
							"post": [1, 1, 1],
							"lerp_mode": "catmullrom"
						},
						"1.0": {
							"post": [1, 1, 1],
							"lerp_mode": "catmullrom"
						},
						"1.2917": {
							"post": [1, 1, 1],
							"lerp_mode": "catmullrom"
						}
					}
				},
				"rightPerna": {
					"rotation": {
						"0.0": {
							"post": [10, 0, 0],
							"lerp_mode": "catmullrom"
						},
						"0.0833": {
							"post": [10, 0, 0],
							"lerp_mode": "catmullrom"
						},
						"0.1667": {
							"post": [8.45862, -5.35355, 32.10382],
							"lerp_mode": "catmullrom"
						},
						"0.25": {
							"post": [13.45862, -5.35355, 32.10382],
							"lerp_mode": "catmullrom"
						},
						"0.375": {
							"post": [13.46, -5.35, 32.1],
							"lerp_mode": "catmullrom"
						},
						"0.4583": {
							"post": [-46.46077, 11.84748, 5.11849],
							"lerp_mode": "catmullrom"
						},
						"0.5833": {
							"post": [41.72997, 2.62983, 0.56009],
							"lerp_mode": "catmullrom"
						},
						"1.0": {
							"post": [34.22997, 2.62983, 0.56009],
							"lerp_mode": "catmullrom"
						},
						"1.2917": {
							"post": [34.23, 2.63, 0.56],
							"lerp_mode": "catmullrom"
						}
					},
					"position": {
						"0.0": {
							"post": [0, 3, -4],
							"lerp_mode": "catmullrom"
						},
						"0.0833": {
							"post": [0, 4, -4],
							"lerp_mode": "catmullrom"
						},
						"0.1667": {
							"post": [0, 1, -4],
							"lerp_mode": "catmullrom"
						},
						"0.375": {
							"post": [0, 1, -4],
							"lerp_mode": "catmullrom"
						},
						"0.4583": {
							"post": [0, 5.6, -2.4],
							"lerp_mode": "catmullrom"
						},
						"0.5833": {
							"post": [0, 0, 0],
							"lerp_mode": "catmullrom"
						},
						"1.0": {
							"post": [0, 0, 0],
							"lerp_mode": "catmullrom"
						},
						"1.2917": {
							"post": [0, 0, 0],
							"lerp_mode": "catmullrom"
						}
					},
					"scale": {
						"0.375": {
							"pre": [1, 1, 1],
							"post": [1, 1, 1],
							"lerp_mode": "catmullrom"
						},
						"1.0": {
							"post": [1, 1, 1],
							"lerp_mode": "catmullrom"
						},
						"1.2917": {
							"post": [1, 1, 1],
							"lerp_mode": "catmullrom"
						}
					}
				},
				"leftPerna": {
					"rotation": {
						"0.0": {
							"post": [2.5, 0, 0],
							"lerp_mode": "catmullrom"
						},
						"0.0833": {
							"post": [2.5, 0, 0],
							"lerp_mode": "catmullrom"
						},
						"0.1667": {
							"post": [42.5, 0, 0],
							"lerp_mode": "catmullrom"
						},
						"0.25": {
							"post": [47.5, 0, 0],
							"lerp_mode": "catmullrom"
						},
						"0.375": {
							"post": [47.5, 0, 0],
							"lerp_mode": "catmullrom"
						},
						"0.4583": {
							"post": [-7.5, 0, 0],
							"lerp_mode": "catmullrom"
						},
						"0.5833": {
							"post": [45, 0, 0],
							"lerp_mode": "catmullrom"
						},
						"1.0": {
							"post": [12.5, 0, 0],
							"lerp_mode": "catmullrom"
						},
						"1.2917": {
							"post": [12.5, 0, 0],
							"lerp_mode": "catmullrom"
						}
					},
					"position": {
						"0.0": {
							"post": [0, 0, 0],
							"lerp_mode": "catmullrom"
						},
						"0.0833": {
							"post": [0, 0, 0],
							"lerp_mode": "catmullrom"
						},
						"0.1667": {
							"post": [0, 0, 1],
							"lerp_mode": "catmullrom"
						},
						"0.375": {
							"post": [0, 0, 1],
							"lerp_mode": "catmullrom"
						},
						"0.5833": {
							"post": [0, 0, -5],
							"lerp_mode": "catmullrom"
						},
						"1.0": {
							"post": [0, 0, -1],
							"lerp_mode": "catmullrom"
						},
						"1.2917": {
							"post": [0, 0, -1],
							"lerp_mode": "catmullrom"
						}
					},
					"scale": {
						"0.375": {
							"pre": [1, 1, 1],
							"post": [1, 1, 1],
							"lerp_mode": "catmullrom"
						},
						"1.0": {
							"post": [1, 1, 1],
							"lerp_mode": "catmullrom"
						},
						"1.2917": {
							"post": [1, 1, 1],
							"lerp_mode": "catmullrom"
						}
					}
				}
			}
		},
		"animation.narutoc.uppercut_punch": {
			"loop": true,
			"animation_length": 0.95833,
			"bones": {
				"Corpo": {
					"rotation": {
						"0.0": {
							"post": [-9.31, 1.64, -2.45],
							"lerp_mode": "catmullrom"
						},
						"0.125": {
							"post": [-9.30729, 1.63534, -2.44757],
							"lerp_mode": "catmullrom"
						},
						"0.2083": {
							"post": [54.28999, -5.62287, -4.02547],
							"lerp_mode": "catmullrom"
						},
						"0.3333": {
							"post": [-15.71001, -5.62287, -4.02547],
							"lerp_mode": "catmullrom"
						},
						"0.4583": {
							"post": [-15.71001, -5.62287, -4.02547],
							"lerp_mode": "catmullrom"
						},
						"0.5417": {
							"post": [41.79, -5.62, -4.03],
							"lerp_mode": "catmullrom"
						},
						"0.7083": {
							"post": [41.79, -5.62, -4.03],
							"lerp_mode": "catmullrom"
						},
						"0.9583": {
							"post": [41.79, -5.62, -4.03],
							"lerp_mode": "catmullrom"
						}
					},
					"position": {
						"0.0": {
							"post": [0, -2, -2],
							"lerp_mode": "catmullrom"
						},
						"0.125": {
							"post": [0, -2, -2],
							"lerp_mode": "catmullrom"
						},
						"0.2083": {
							"post": [0, -5, -5],
							"lerp_mode": "catmullrom"
						},
						"0.3333": {
							"post": [0, 0, 0],
							"lerp_mode": "catmullrom"
						},
						"0.4583": {
							"post": [0, 0, 0],
							"lerp_mode": "catmullrom"
						},
						"0.5417": {
							"post": [0, -3, -1],
							"lerp_mode": "catmullrom"
						},
						"0.7083": {
							"post": [0, -3, -1],
							"lerp_mode": "catmullrom"
						},
						"0.9583": {
							"post": [0, -3, -1],
							"lerp_mode": "catmullrom"
						}
					},
					"scale": {
						"0.0": {
							"post": [1, 1, 1],
							"lerp_mode": "catmullrom"
						},
						"0.125": {
							"post": [1, 1, 1],
							"lerp_mode": "catmullrom"
						},
						"0.5417": {
							"post": [1, 1, 1],
							"lerp_mode": "catmullrom"
						},
						"0.7083": {
							"post": [1, 1, 1],
							"lerp_mode": "catmullrom"
						},
						"0.9583": {
							"post": [1, 1, 1],
							"lerp_mode": "catmullrom"
						}
					}
				},
				"rightBraco": {
					"rotation": {
						"0.0": {
							"post": [42.69, 61.96, 78.42],
							"lerp_mode": "catmullrom"
						},
						"0.125": {
							"post": [42.69131, 61.95932, 78.41855],
							"lerp_mode": "catmullrom"
						},
						"0.2083": {
							"post": [-65.88966, -48.51428, 23.15939],
							"lerp_mode": "catmullrom"
						},
						"0.3333": {
							"post": [-219.6473, -7.02164, 26.55549],
							"lerp_mode": "catmullrom"
						},
						"0.4583": {
							"post": [-219.6473, -7.02164, 26.55549],
							"lerp_mode": "catmullrom"
						},
						"0.5417": {
							"post": [-92.2, -14.52, 26.84],
							"lerp_mode": "catmullrom"
						},
						"0.7083": {
							"post": [-92.2, -14.52, 26.84],
							"lerp_mode": "catmullrom"
						},
						"0.9583": {
							"post": [-92.2, -14.52, 26.84],
							"lerp_mode": "catmullrom"
						}
					},
					"position": {
						"0.0": {
							"post": [0, -1, 1],
							"lerp_mode": "catmullrom"
						},
						"0.125": {
							"post": [0, -1, 1],
							"lerp_mode": "catmullrom"
						},
						"0.2083": {
							"post": [-1, -1, -1],
							"lerp_mode": "catmullrom"
						},
						"0.3333": {
							"post": [0, 3, 2],
							"lerp_mode": "catmullrom"
						},
						"0.4583": {
							"post": [0, 3, 2],
							"lerp_mode": "catmullrom"
						},
						"0.5417": {
							"post": [1, -1, -2],
							"lerp_mode": "catmullrom"
						},
						"0.7083": {
							"post": [1, -1, -2],
							"lerp_mode": "catmullrom"
						},
						"0.9583": {
							"post": [1, -1, -2],
							"lerp_mode": "catmullrom"
						}
					},
					"scale": {
						"0.0": {
							"post": [1, 1, 1],
							"lerp_mode": "catmullrom"
						},
						"0.125": {
							"post": [1, 1, 1],
							"lerp_mode": "catmullrom"
						},
						"0.5417": {
							"post": [1, 1, 1],
							"lerp_mode": "catmullrom"
						},
						"0.7083": {
							"post": [1, 1, 1],
							"lerp_mode": "catmullrom"
						},
						"0.9583": {
							"post": [1, 1, 1],
							"lerp_mode": "catmullrom"
						}
					}
				},
				"leftBraco": {
					"rotation": {
						"0.0": {
							"post": [42.66, -40.45, -56.05],
							"lerp_mode": "catmullrom"
						},
						"0.125": {
							"post": [42.66254, -40.45323, -56.04639],
							"lerp_mode": "catmullrom"
						},
						"0.2083": {
							"post": [-61.46103, 41.77732, -12.59666],
							"lerp_mode": "catmullrom"
						},
						"0.3333": {
							"post": [-226.30498, 9.78692, -28.74211],
							"lerp_mode": "catmullrom"
						},
						"0.4583": {
							"post": [-226.30498, 9.78692, -28.74211],
							"lerp_mode": "catmullrom"
						},
						"0.5417": {
							"post": [-91.48, 29.78, -29.26],
							"lerp_mode": "catmullrom"
						},
						"0.7083": {
							"post": [-91.48, 29.78, -29.26],
							"lerp_mode": "catmullrom"
						},
						"0.9583": {
							"post": [-91.48, 29.78, -29.26],
							"lerp_mode": "catmullrom"
						}
					},
					"position": {
						"0.0": {
							"post": [0, -2, 1],
							"lerp_mode": "catmullrom"
						},
						"0.125": {
							"post": [0, -2, 1],
							"lerp_mode": "catmullrom"
						},
						"0.2083": {
							"post": [0, -1, -1],
							"lerp_mode": "catmullrom"
						},
						"0.3333": {
							"post": [-0.67, 2.96, 1.37],
							"lerp_mode": "catmullrom"
						},
						"0.4583": {
							"post": [-0.67, 2.96, 1.37],
							"lerp_mode": "catmullrom"
						},
						"0.5417": {
							"post": [-1, -1, -2],
							"lerp_mode": "catmullrom"
						},
						"0.7083": {
							"post": [-1, -1, -2],
							"lerp_mode": "catmullrom"
						},
						"0.9583": {
							"post": [-1, -1, -2],
							"lerp_mode": "catmullrom"
						}
					},
					"scale": {
						"0.0": {
							"post": [1, 1, 1],
							"lerp_mode": "catmullrom"
						},
						"0.125": {
							"post": [1, 1, 1],
							"lerp_mode": "catmullrom"
						},
						"0.5417": {
							"post": [1, 1, 1],
							"lerp_mode": "catmullrom"
						},
						"0.7083": {
							"post": [1, 1, 1],
							"lerp_mode": "catmullrom"
						},
						"0.9583": {
							"post": [1, 1, 1],
							"lerp_mode": "catmullrom"
						}
					}
				},
				"rightPerna": {
					"rotation": {
						"0.0": {
							"post": [27.46, 0.17, 5.22],
							"lerp_mode": "catmullrom"
						},
						"0.125": {
							"post": [27.45564, 0.1725, 5.2214],
							"lerp_mode": "catmullrom"
						},
						"0.2083": {
							"post": [-25.04303, 3.97786, 8.08819],
							"lerp_mode": "catmullrom"
						},
						"0.3333": {
							"post": [30.01971, 1.43659, 13.38032],
							"lerp_mode": "catmullrom"
						},
						"0.4583": {
							"post": [30.01971, 1.43659, 13.38032],
							"lerp_mode": "catmullrom"
						},
						"0.5417": {
							"post": [-128.46, 42.13, -13.93],
							"lerp_mode": "catmullrom"
						},
						"0.7083": {
							"post": [-128.46, 42.13, -13.93],
							"lerp_mode": "catmullrom"
						},
						"0.9583": {
							"post": [-128.46, 42.13, -13.93],
							"lerp_mode": "catmullrom"
						}
					},
					"position": {
						"0.0": {
							"post": [0, 0, 0],
							"lerp_mode": "catmullrom"
						},
						"0.125": {
							"post": [0, 0, 0],
							"lerp_mode": "catmullrom"
						},
						"0.2083": {
							"post": [0, 4, -4],
							"lerp_mode": "catmullrom"
						},
						"0.3333": {
							"post": [0, 0, 0],
							"lerp_mode": "catmullrom"
						},
						"0.4583": {
							"post": [0, 0, 0],
							"lerp_mode": "catmullrom"
						},
						"0.5417": {
							"post": [0, 0, 0],
							"lerp_mode": "catmullrom"
						},
						"0.7083": {
							"post": [0, 0, 0],
							"lerp_mode": "catmullrom"
						},
						"0.9583": {
							"post": [0, 0, 0],
							"lerp_mode": "catmullrom"
						}
					},
					"scale": {
						"0.0": {
							"post": [1, 1, 1],
							"lerp_mode": "catmullrom"
						},
						"0.125": {
							"post": [1, 1, 1],
							"lerp_mode": "catmullrom"
						},
						"0.5417": {
							"post": [1, 1, 1],
							"lerp_mode": "catmullrom"
						},
						"0.7083": {
							"post": [1, 1, 1],
							"lerp_mode": "catmullrom"
						},
						"0.9583": {
							"post": [1, 1, 1],
							"lerp_mode": "catmullrom"
						}
					}
				},
				"leftPerna": {
					"rotation": {
						"0.0": {
							"post": [27.94, -4.39, 1.11],
							"lerp_mode": "catmullrom"
						},
						"0.125": {
							"post": [27.94162, -4.38921, 1.1116],
							"lerp_mode": "catmullrom"
						},
						"0.2083": {
							"post": [-23.20779, 6.07799, -4.20455],
							"lerp_mode": "catmullrom"
						},
						"0.3333": {
							"post": [35.54156, -6.27063, -12.4597],
							"lerp_mode": "catmullrom"
						},
						"0.4583": {
							"post": [35.54156, -6.27063, -12.4597],
							"lerp_mode": "catmullrom"
						},
						"0.5417": {
							"post": [-120.77, -28.26, 0.1],
							"lerp_mode": "catmullrom"
						},
						"0.7083": {
							"post": [-120.77, -28.26, 0.1],
							"lerp_mode": "catmullrom"
						},
						"0.9583": {
							"post": [-120.77, -28.26, 0.1],
							"lerp_mode": "catmullrom"
						}
					},
					"position": {
						"0.0": {
							"post": [0, 1, -2],
							"lerp_mode": "catmullrom"
						},
						"0.125": {
							"post": [0, 1, -2],
							"lerp_mode": "catmullrom"
						},
						"0.2083": {
							"post": [0, 4, -4],
							"lerp_mode": "catmullrom"
						},
						"0.3333": {
							"post": [0, 0, 0],
							"lerp_mode": "catmullrom"
						},
						"0.4583": {
							"post": [0, 0, 0],
							"lerp_mode": "catmullrom"
						},
						"0.5417": {
							"post": [0, 0, 0],
							"lerp_mode": "catmullrom"
						},
						"0.7083": {
							"post": [0, 0, 0],
							"lerp_mode": "catmullrom"
						},
						"0.9583": {
							"post": [0, 0, 0],
							"lerp_mode": "catmullrom"
						}
					},
					"scale": {
						"0.0": {
							"post": [1, 1, 1],
							"lerp_mode": "catmullrom"
						},
						"0.125": {
							"post": [1, 1, 1],
							"lerp_mode": "catmullrom"
						},
						"0.5417": {
							"post": [1, 1, 1],
							"lerp_mode": "catmullrom"
						},
						"0.7083": {
							"post": [1, 1, 1],
							"lerp_mode": "catmullrom"
						},
						"0.9583": {
							"post": [1, 1, 1],
							"lerp_mode": "catmullrom"
						}
					}
				}
			}
		},
		"animation.sukuna.expansion": {
			"loop": true,
			"animation_length": 2.70833,
			"bones": {
				"Corpo": {
					"rotation": {
						"0.0": [0, 0, 0],
						"0.375": [-15, 0, 0],
						"0.4583": [2.5, 0, 0],
						"2.7083": [2.5, 0, 0]
					},
					"position": {
						"0.0": [0, 0, 0],
						"0.375": [0, 0, 3],
						"0.4583": [0, -1, -1],
						"2.7083": [0, -1, -1]
					},
					"scale": {
						"0.0": [1, 1, 1],
						"2.7083": [1, 1, 1]
					}
				},
				"rightBraco": {
					"rotation": {
						"0.0": [0, 0, 0],
						"0.125": [0, 17.5, 10],
						"0.375": [8.49877, 23.0166, 59.50795],
						"0.4583": [-134.12717, 3.89957, 79.95253],
						"0.5833": [-135.04937, 11.03042, 72.87694],
						"2.7083": [-135.05, 11.03, 72.88]
					},
					"position": {
						"0.0": [0, 0, 0],
						"0.375": [-0.64, 0, -0.45],
						"0.4583": [-2, 0, -3],
						"0.5833": [-2, -1, -3],
						"2.7083": [-2, -1, -3]
					},
					"scale": {
						"0.0": [1, 1, 1],
						"2.7083": [1, 1, 1]
					}
				},
				"leftBraco": {
					"rotation": {
						"0.0": [0, 0, 0],
						"0.125": [0, -15, -12.5],
						"0.375": [11.17505, -10.07026, -60.9877],
						"0.4583": [-145.02254, -0.14871, -75.47983],
						"0.5833": [-145.45483, -5.86013, -67.25656],
						"2.7083": [-145.45, -5.86, -67.26]
					},
					"position": {
						"0.0": [0, 0, 0],
						"0.375": [0.64, 0, 0.55],
						"0.4583": [2, 0, -3],
						"0.5833": [2, -1, -3],
						"2.7083": [2, -1, -3]
					},
					"scale": {
						"0.0": [1, 1, 1],
						"2.7083": [1, 1, 1]
					}
				},
				"rightPerna": {
					"rotation": {
						"0.0": [0, 0, 0],
						"0.375": [17.5, 0, 0],
						"0.4583": [-9.97296, 6.22373, 6.52225],
						"2.7083": [-9.97, 6.22, 6.52]
					},
					"position": {
						"0.0": [0, 0, 0],
						"0.4583": [0, 1, -3],
						"2.7083": [0, 1, -3]
					},
					"scale": {
						"0.0": [1, 1, 1],
						"2.7083": [1, 1, 1]
					}
				},
				"leftPerna": {
					"rotation": {
						"0.0": [0, 0, 0],
						"0.375": [17.5, 0, 0],
						"0.4583": [25.10914, -5.74034, -5.44169],
						"2.7083": [25.11, -5.74, -5.44]
					},
					"position": {
						"0.0": [0, 0, 0],
						"0.4583": [0, 0, 0],
						"2.7083": [0, 0, 0]
					},
					"scale": {
						"0.0": [1, 1, 1],
						"2.7083": [1, 1, 1]
					}
				}
			}
		},
		"animation.sukuna.attack1": {
			"loop": true,
			"animation_length": 0.66667,
			"bones": {
				"Corpo": {
					"rotation": {
						"0.0": {
							"post": [15, 35, 0],
							"lerp_mode": "catmullrom"
						},
						"0.125": {
							"post": [17.3257, 44.6086, 3.61948],
							"lerp_mode": "catmullrom"
						},
						"0.2917": {
							"post": [17.33, 44.61, 3.62],
							"lerp_mode": "catmullrom"
						},
						"0.375": {
							"post": [28.96011, -32.67835, -10.67204],
							"lerp_mode": "catmullrom"
						},
						"0.5": {
							"post": [31.70793, -39.15578, -15.34706],
							"lerp_mode": "catmullrom"
						},
						"0.6667": {
							"post": [31.71, -39.16, -15.35],
							"lerp_mode": "catmullrom"
						}
					},
					"position": {
						"0.0": {
							"post": [-1, -1, 0],
							"lerp_mode": "catmullrom"
						},
						"0.2917": {
							"post": [-1, -1, 0],
							"lerp_mode": "catmullrom"
						},
						"0.375": {
							"post": [-1, -1, -2],
							"lerp_mode": "catmullrom"
						},
						"0.6667": {
							"post": [-1, -1, -2],
							"lerp_mode": "catmullrom"
						}
					}
				},
				"rightBraco": {
					"rotation": {
						"0.0": {
							"post": [-266.11419, 49.93505, -177.02424],
							"lerp_mode": "catmullrom"
						},
						"0.125": {
							"post": [-246.64515, 40.21017, -151.08657],
							"lerp_mode": "catmullrom"
						},
						"0.2917": {
							"post": [-246.65, 40.21, -151.09],
							"lerp_mode": "catmullrom"
						},
						"0.375": {
							"post": [-122.53081, -55.74569, 41.13458],
							"lerp_mode": "catmullrom"
						},
						"0.4167": {
							"post": [-137.94035, -65.20682, 58.97672],
							"lerp_mode": "catmullrom"
						},
						"0.5": {
							"post": [-138.06803, -63.68829, 53.29613],
							"lerp_mode": "catmullrom"
						},
						"0.6667": {
							"post": [-138.07, -63.69, 53.3],
							"lerp_mode": "catmullrom"
						}
					},
					"position": {
						"0.0": {
							"post": [-1, 0, 1],
							"lerp_mode": "catmullrom"
						},
						"0.2917": {
							"post": [-1, 0, 1],
							"lerp_mode": "catmullrom"
						},
						"0.375": {
							"post": [3, 0, -4],
							"lerp_mode": "catmullrom"
						},
						"0.6667": {
							"post": [3, 0, -4],
							"lerp_mode": "catmullrom"
						}
					}
				},
				"leftBraco": {
					"rotation": {
						"0.0": {
							"post": [-53.99479, 18.74724, -23.85865],
							"lerp_mode": "catmullrom"
						},
						"0.125": {
							"post": [-61.49479, 18.74724, -23.85865],
							"lerp_mode": "catmullrom"
						},
						"0.2917": {
							"post": [-61.49, 18.75, -23.86],
							"lerp_mode": "catmullrom"
						},
						"0.375": {
							"post": [17.64841, -7.44093, -32.36156],
							"lerp_mode": "catmullrom"
						},
						"0.5": {
							"post": [30.14841, -7.44093, -32.36156],
							"lerp_mode": "catmullrom"
						},
						"0.6667": {
							"post": [30.15, -7.44, -32.36],
							"lerp_mode": "catmullrom"
						}
					}
				},
				"rightPerna": {
					"rotation": {
						"0.0": {
							"post": [-27.5, 0, 0],
							"lerp_mode": "catmullrom"
						},
						"0.125": {
							"post": [-27.41063, -2.30644, -4.43745],
							"lerp_mode": "catmullrom"
						},
						"0.2917": {
							"post": [-27.47, -0.77, -1.48],
							"lerp_mode": "catmullrom"
						},
						"0.5": {
							"post": [-27.44031, 1.53642, 2.95666],
							"lerp_mode": "catmullrom"
						},
						"0.6667": {
							"post": [-27.44, 1.54, 2.96],
							"lerp_mode": "catmullrom"
						}
					},
					"position": {
						"0.0": {
							"post": [0, 1, -3],
							"lerp_mode": "catmullrom"
						},
						"0.2917": {
							"post": [0, 1, -3],
							"lerp_mode": "catmullrom"
						},
						"0.6667": {
							"post": [0, 1, -3],
							"lerp_mode": "catmullrom"
						}
					}
				},
				"leftPerna": {
					"rotation": {
						"0.0": {
							"post": [10, 0, 0],
							"lerp_mode": "catmullrom"
						},
						"0.2917": {
							"post": [10, 0, 0],
							"lerp_mode": "catmullrom"
						},
						"0.6667": {
							"post": [10, 0, 0],
							"lerp_mode": "catmullrom"
						}
					}
				}
			}
		},
		"animation.sukuna.attack2": {
			"loop": true,
			"animation_length": 0.625,
			"bones": {
				"Corpo": {
					"rotation": {
						"0.0": {
							"post": [33.40659, -12.60837, -8.19252],
							"lerp_mode": "catmullrom"
						},
						"0.125": {
							"post": [36.33914, -24.94169, -17.23442],
							"lerp_mode": "catmullrom"
						},
						"0.2917": {
							"post": [36.34, -24.94, -17.23],
							"lerp_mode": "catmullrom"
						},
						"0.375": {
							"post": [38.76675, 30.89299, 22.41138],
							"lerp_mode": "catmullrom"
						},
						"0.5": {
							"post": [40.83191, 34.73607, 26.21905],
							"lerp_mode": "catmullrom"
						},
						"0.625": {
							"post": [40.83, 34.74, 26.22],
							"lerp_mode": "catmullrom"
						}
					},
					"position": {
						"0.0": {
							"post": [0, -4, -5],
							"lerp_mode": "catmullrom"
						},
						"0.2917": {
							"post": [0, -4, -5],
							"lerp_mode": "catmullrom"
						},
						"0.625": {
							"post": [0, -4, -5],
							"lerp_mode": "catmullrom"
						}
					}
				},
				"rightBraco": {
					"rotation": {
						"0.0": {
							"post": [-66.33765, -8.31087, 18.25612],
							"lerp_mode": "catmullrom"
						},
						"0.125": {
							"post": [-78.83765, -8.31087, 18.25612],
							"lerp_mode": "catmullrom"
						},
						"0.2917": {
							"post": [-78.84, -8.31, 18.26],
							"lerp_mode": "catmullrom"
						},
						"0.375": {
							"post": [41.21336, 8.71736, 33.02245],
							"lerp_mode": "catmullrom"
						},
						"0.5": {
							"post": [51.92363, 11.82652, 37.00254],
							"lerp_mode": "catmullrom"
						},
						"0.625": {
							"post": [51.92, 11.83, 37],
							"lerp_mode": "catmullrom"
						}
					}
				},
				"leftBraco": {
					"rotation": {
						"0.0": {
							"post": [-245.26142, -65.48376, 157.25541],
							"lerp_mode": "catmullrom"
						},
						"0.125": {
							"post": [-255.37229, -46.55847, 169.26948],
							"lerp_mode": "catmullrom"
						},
						"0.2917": {
							"post": [-255.37, -46.56, 169.27],
							"lerp_mode": "catmullrom"
						},
						"0.375": {
							"post": [-106.1562, 51.38128, -12.75126],
							"lerp_mode": "catmullrom"
						},
						"0.5": {
							"post": [-115.90388, 60.87339, -18.4484],
							"lerp_mode": "catmullrom"
						},
						"0.625": {
							"post": [-115.9, 60.87, -18.45],
							"lerp_mode": "catmullrom"
						}
					},
					"position": {
						"0.0": {
							"post": [0, 0, 2],
							"lerp_mode": "catmullrom"
						},
						"0.2917": {
							"post": [0, 0, 2],
							"lerp_mode": "catmullrom"
						},
						"0.375": {
							"post": [-2, 0, -4],
							"lerp_mode": "catmullrom"
						},
						"0.625": {
							"post": [-2, 0, -4],
							"lerp_mode": "catmullrom"
						}
					}
				},
				"rightPerna": {
					"rotation": {
						"0.0": {
							"post": [12.5, 0, 0],
							"lerp_mode": "catmullrom"
						},
						"0.2917": {
							"post": [12.5, 0, 0],
							"lerp_mode": "catmullrom"
						},
						"0.625": {
							"post": [12.5, 0, 0],
							"lerp_mode": "catmullrom"
						}
					}
				},
				"leftPerna": {
					"rotation": {
						"0.0": {
							"post": [-37.5, 0, 0],
							"lerp_mode": "catmullrom"
						},
						"0.125": {
							"post": [-37.26251, 4.55749, 5.96275],
							"lerp_mode": "catmullrom"
						},
						"0.2917": {
							"post": [-37.42, 1.52, 1.99],
							"lerp_mode": "catmullrom"
						},
						"0.375": {
							"post": [-34.7641, -14.88949, -20.31043],
							"lerp_mode": "catmullrom"
						},
						"0.5": {
							"post": [-34.1887, -16.30483, -22.45007],
							"lerp_mode": "catmullrom"
						},
						"0.625": {
							"post": [-34.19, -16.3, -22.45],
							"lerp_mode": "catmullrom"
						}
					},
					"position": {
						"0.0": {
							"post": [0, 3, -2],
							"lerp_mode": "catmullrom"
						},
						"0.2917": {
							"post": [0, 3, -2],
							"lerp_mode": "catmullrom"
						},
						"0.625": {
							"post": [0, 3, -2],
							"lerp_mode": "catmullrom"
						}
					}
				}
			}
		},
		"animation.sukuna.attack3": {
			"loop": true,
			"animation_length": 0.66667,
			"bones": {
				"Corpo": {
					"rotation": {
						"0.0": {
							"post": [-12.5, 0, 0],
							"lerp_mode": "catmullrom"
						},
						"0.125": {
							"post": [-15, 0, 0],
							"lerp_mode": "catmullrom"
						},
						"0.2917": {
							"post": [-15, 0, 0],
							"lerp_mode": "catmullrom"
						},
						"0.375": {
							"post": [33.33, 0, 0],
							"lerp_mode": "catmullrom"
						},
						"0.5": {
							"post": [38.33, 0, 0],
							"lerp_mode": "catmullrom"
						},
						"0.6667": {
							"post": [38.33, 0, 0],
							"lerp_mode": "catmullrom"
						}
					},
					"position": {
						"0.0": {
							"post": [0, -2, 3],
							"lerp_mode": "catmullrom"
						},
						"0.2917": {
							"post": [0, -2, 3],
							"lerp_mode": "catmullrom"
						},
						"0.375": {
							"post": [0, -5, -6],
							"lerp_mode": "catmullrom"
						},
						"0.6667": {
							"post": [0, -5, -6],
							"lerp_mode": "catmullrom"
						}
					}
				},
				"rightBraco": {
					"rotation": {
						"0.0": {
							"post": [84.20964, 44.95616, 178.77452],
							"lerp_mode": "catmullrom"
						},
						"0.125": {
							"post": [85.2704, 30.01798, 180.50265],
							"lerp_mode": "catmullrom"
						},
						"0.2917": {
							"post": [85.27, 30.02, 180.5],
							"lerp_mode": "catmullrom"
						},
						"0.375": {
							"post": [-76.96275, -43.72724, -11.58078],
							"lerp_mode": "catmullrom"
						},
						"0.5": {
							"post": [-70.62567, -60.5674, -19.51543],
							"lerp_mode": "catmullrom"
						},
						"0.6667": {
							"post": [-70.63, -60.57, -19.52],
							"lerp_mode": "catmullrom"
						}
					},
					"position": {
						"0.0": {
							"post": [0, 1, 3],
							"lerp_mode": "catmullrom"
						},
						"0.2917": {
							"post": [0, 1, 3],
							"lerp_mode": "catmullrom"
						},
						"0.375": {
							"post": [2, 0, -3],
							"lerp_mode": "catmullrom"
						},
						"0.5": {
							"post": [3, 0, -3],
							"lerp_mode": "catmullrom"
						},
						"0.6667": {
							"post": [3, 0, -3],
							"lerp_mode": "catmullrom"
						}
					}
				},
				"leftBraco": {
					"rotation": {
						"0.0": {
							"post": [74.66019, -48.97354, -168.30792],
							"lerp_mode": "catmullrom"
						},
						"0.125": {
							"post": [78.19132, -31.94715, -173.68726],
							"lerp_mode": "catmullrom"
						},
						"0.2917": {
							"post": [78.19, -31.95, -173.69],
							"lerp_mode": "catmullrom"
						},
						"0.375": {
							"post": [-80.76582, 35.61576, 30.12365],
							"lerp_mode": "catmullrom"
						},
						"0.5": {
							"post": [-76.76907, 55.25189, 35.64938],
							"lerp_mode": "catmullrom"
						},
						"0.6667": {
							"post": [-76.77, 55.25, 35.65],
							"lerp_mode": "catmullrom"
						}
					},
					"position": {
						"0.0": {
							"post": [0, 1, 2],
							"lerp_mode": "catmullrom"
						},
						"0.2917": {
							"post": [0, 1, 2],
							"lerp_mode": "catmullrom"
						},
						"0.375": {
							"post": [-2, 1, -2],
							"lerp_mode": "catmullrom"
						},
						"0.5": {
							"post": [-3, 1, -2],
							"lerp_mode": "catmullrom"
						},
						"0.6667": {
							"post": [-3, 1, -2],
							"lerp_mode": "catmullrom"
						}
					}
				},
				"rightPerna": {
					"rotation": {
						"0.0": {
							"post": [47.5, 0, 0],
							"lerp_mode": "catmullrom"
						},
						"0.125": {
							"post": [52.5, 0, 0],
							"lerp_mode": "catmullrom"
						},
						"0.2917": {
							"post": [49.17, 0, 0],
							"lerp_mode": "catmullrom"
						},
						"0.375": {
							"post": [11.67, 0, 0],
							"lerp_mode": "catmullrom"
						},
						"0.5": {
							"post": [-3.33, 0, 0],
							"lerp_mode": "catmullrom"
						},
						"0.6667": {
							"post": [-3.33, 0, 0],
							"lerp_mode": "catmullrom"
						}
					},
					"position": {
						"0.0": {
							"post": [0, 0, 0],
							"lerp_mode": "catmullrom"
						},
						"0.6667": {
							"post": [0, 0, 0],
							"lerp_mode": "catmullrom"
						}
					}
				},
				"leftPerna": {
					"rotation": {
						"0.0": {
							"post": [7.5, 0, 0],
							"lerp_mode": "catmullrom"
						},
						"0.125": {
							"post": [12.5, 0, 0],
							"lerp_mode": "catmullrom"
						},
						"0.2917": {
							"post": [12.5, 0, 0],
							"lerp_mode": "catmullrom"
						},
						"0.375": {
							"post": [-35, 0, 0],
							"lerp_mode": "catmullrom"
						},
						"0.5": {
							"post": [-42.5, 0, 0],
							"lerp_mode": "catmullrom"
						},
						"0.6667": {
							"post": [-42.5, 0, 0],
							"lerp_mode": "catmullrom"
						}
					},
					"position": {
						"0.0": {
							"post": [0, 1, -3],
							"lerp_mode": "catmullrom"
						},
						"0.2917": {
							"post": [0, 1, -3],
							"lerp_mode": "catmullrom"
						},
						"0.375": {
							"post": [0, 5, -3],
							"lerp_mode": "catmullrom"
						},
						"0.6667": {
							"post": [0, 5, -3],
							"lerp_mode": "catmullrom"
						}
					}
				}
			}
		},
		"animation.sukuna.charging": {
			"loop": true,
			"animation_length": 0.75,
			"bones": {
				"Corpo": {
					"rotation": [4.54263, -12.55127, 1.32421],
					"position": [0, -1, 0]
				},
				"rightBraco": {
					"rotation": [-20, 45, 7.5]
				},
				"leftBraco": {
					"rotation": [-18.61159, -26.5412, -10.41525]
				},
				"rightPerna": {
					"rotation": [14.81733, 4.67592, 11.58065]
				},
				"leftPerna": {
					"rotation": [-6.15895, -8.63325, -9.04239],
					"position": [0, 1, -3]
				}
			}
		},
		"animation.sukuna.stomphold": {
			"loop": true,
			"bones": {
				"Corpo": {
					"rotation": [10.34527, 14.76689, 2.66399]
				},
				"rightBraco": {
					"rotation": [-57.5, 0, 40],
					"position": [0, 0, 3]
				},
				"leftBraco": {
					"rotation": [-42.06341, -6.73717, -44.90702]
				},
				"rightPerna": {
					"rotation": [-27.14233, -4.59902, -8.88927]
				},
				"leftPerna": {
					"rotation": [30, 0, 0],
					"position": [0, 2, -4]
				}
			}
		}
	}
}