{
	"format_version": "1.8.0",
	"animations": {
		"animation.vegetassj.ult": {
			"loop": false,
			"animation_length": 35.08333,
			"bones": {
				"Corpo": {
					"rotation": {
						"0.0": {
							"post": [0, -37.5, 0],
							"lerp_mode": "catmullrom"
						},
						"0.2917": {
							"post": [-7.5, -37.5, 0],
							"lerp_mode": "catmullrom"
						},
						"0.375": {
							"post": [0, -37.5, 0],
							"lerp_mode": "catmullrom"
						},
						"8.4583": {
							"post": [0, -37.5, 0],
							"lerp_mode": "catmullrom"
						},
						"8.5417": {
							"post": [0, -15, 0],
							"lerp_mode": "catmullrom"
						},
						"8.7083": {
							"post": [0, -5, 0],
							"lerp_mode": "catmullrom"
						},
						"14.2917": {
							"post": [0.21865, -4.99523, -2.50954],
							"lerp_mode": "catmullrom"
						},
						"17.0": {
							"post": [0.22, -5, -2.51],
							"lerp_mode": "catmullrom"
						},
						"17.125": {
							"post": [32.5, 0, 0],
							"lerp_mode": "catmullrom"
						},
						"17.875": {
							"post": [32.5, 0, 0],
							"lerp_mode": "catmullrom"
						},
						"18.0417": {
							"post": [-15, 0, 0],
							"lerp_mode": "catmullrom"
						},
						"18.2917": {
							"post": [-20, 0, 0],
							"lerp_mode": "catmullrom"
						},
						"24.125": {
							"post": [-20, 0, 0],
							"lerp_mode": "catmullrom"
						},
						"27.5833": {
							"post": [-12.5, 0, 0],
							"lerp_mode": "catmullrom"
						},
						"27.6667": {
							"post": [-20, 0, 0],
							"lerp_mode": "catmullrom"
						},
						"35.0833": {
							"post": [-20, 0, 0],
							"lerp_mode": "catmullrom"
						}
					},
					"position": {
						"8.4583": {
							"pre": [0, 0, 0],
							"post": [0, 0, 0],
							"lerp_mode": "catmullrom"
						},
						"17.0": {
							"post": [0, 0, 0],
							"lerp_mode": "catmullrom"
						},
						"17.125": {
							"post": [0, -4, 0],
							"lerp_mode": "catmullrom"
						},
						"17.875": {
							"post": [0, -4, 0],
							"lerp_mode": "catmullrom"
						},
						"18.0417": {
							"post": [0, -1, 2],
							"lerp_mode": "catmullrom"
						},
						"24.125": {
							"post": [0, -1, 2],
							"lerp_mode": "catmullrom"
						},
						"35.0833": {
							"post": [0, -1, 2],
							"lerp_mode": "catmullrom"
						}
					},
					"scale": {
						"8.4583": {
							"pre": [1, 1, 1],
							"post": [1, 1, 1],
							"lerp_mode": "catmullrom"
						},
						"17.0": {
							"post": [1, 1, 1],
							"lerp_mode": "catmullrom"
						},
						"17.125": {
							"post": [1, 1, 1],
							"lerp_mode": "catmullrom"
						},
						"17.875": {
							"post": [1, 1, 1],
							"lerp_mode": "catmullrom"
						},
						"18.0417": {
							"post": [1, 1, 1],
							"lerp_mode": "catmullrom"
						},
						"24.125": {
							"post": [1, 1, 1],
							"lerp_mode": "catmullrom"
						},
						"35.0833": {
							"post": [1, 1, 1],
							"lerp_mode": "catmullrom"
						}
					}
				},
				"rightBraco": {
					"rotation": {
						"0.0": {
							"post": [0, 5, 12.5],
							"lerp_mode": "catmullrom"
						},
						"8.4583": {
							"post": [0, 5, 12.5],
							"lerp_mode": "catmullrom"
						},
						"8.7083": {
							"post": [5, 5, 12.5],
							"lerp_mode": "catmullrom"
						},
						"14.2917": {
							"post": [5.60865, 4.30566, 19.99256],
							"lerp_mode": "catmullrom"
						},
						"17.0417": {
							"post": [5.61, 4.31, 19.99],
							"lerp_mode": "catmullrom"
						},
						"17.125": {
							"post": [-115.88713, -32.28123, -81.25463],
							"lerp_mode": "catmullrom"
						},
						"17.2083": {
							"post": [-118.33987, -38.96053, -77.05173],
							"lerp_mode": "catmullrom"
						},
						"17.2917": {
							"post": [-115.88713, -32.28123, -81.25463],
							"lerp_mode": "catmullrom"
						},
						"17.5": {
							"post": [-120.48638, -43.31747, -73.79185],
							"lerp_mode": "catmullrom"
						},
						"17.875": {
							"post": [-120.49, -43.32, -73.79],
							"lerp_mode": "catmullrom"
						},
						"18.0417": {
							"post": [-112.45271, 0.76956, -23.09047],
							"lerp_mode": "catmullrom"
						},
						"18.4167": {
							"post": [-112.45, 0.77, -23.09],
							"lerp_mode": "catmullrom"
						},
						"18.75": {
							"post": [-190.72265, 59.74614, -157.67293],
							"lerp_mode": "catmullrom"
						},
						"24.125": {
							"post": [-190.72, 59.75, -157.67],
							"lerp_mode": "catmullrom"
						},
						"27.5833": {
							"post": [-137.62865, 47.93386, -94.4481],
							"lerp_mode": "catmullrom"
						},
						"27.6667": {
							"post": [-171.44761, 60.12346, -152.73431],
							"lerp_mode": "catmullrom"
						},
						"35.0833": {
							"post": [-171.45, 60.12, -152.73],
							"lerp_mode": "catmullrom"
						}
					},
					"position": {
						"0.0": {
							"post": [0, 0, 0],
							"lerp_mode": "catmullrom"
						},
						"0.0833": {
							"post": [0, 1, 0],
							"lerp_mode": "catmullrom"
						},
						"0.1667": {
							"post": [0, 0, 0],
							"lerp_mode": "catmullrom"
						},
						"8.4583": {
							"post": [0, 0, 0],
							"lerp_mode": "catmullrom"
						},
						"17.0417": {
							"post": [0, 0, 0],
							"lerp_mode": "catmullrom"
						},
						"17.125": {
							"post": [0, -5, 0],
							"lerp_mode": "catmullrom"
						},
						"17.875": {
							"post": [0, -5, 0],
							"lerp_mode": "catmullrom"
						},
						"18.0417": {
							"post": [0, 0, 2],
							"lerp_mode": "catmullrom"
						},
						"18.4167": {
							"post": [0, 0, 2],
							"lerp_mode": "catmullrom"
						},
						"24.125": {
							"post": [0, 0, 2],
							"lerp_mode": "catmullrom"
						},
						"35.0833": {
							"post": [0, 0, 2],
							"lerp_mode": "catmullrom"
						}
					},
					"scale": {
						"8.4583": {
							"pre": [1, 1, 1],
							"post": [1, 1, 1],
							"lerp_mode": "catmullrom"
						},
						"17.0417": {
							"post": [1, 1, 1],
							"lerp_mode": "catmullrom"
						},
						"17.125": {
							"post": [1, 1, 1],
							"lerp_mode": "catmullrom"
						},
						"17.875": {
							"post": [1, 1, 1],
							"lerp_mode": "catmullrom"
						},
						"18.0417": {
							"post": [1, 1, 1],
							"lerp_mode": "catmullrom"
						},
						"18.4167": {
							"post": [1, 1, 1],
							"lerp_mode": "catmullrom"
						},
						"24.125": {
							"post": [1, 1, 1],
							"lerp_mode": "catmullrom"
						},
						"35.0833": {
							"post": [1, 1, 1],
							"lerp_mode": "catmullrom"
						}
					}
				},
				"leftBraco": {
					"rotation": {
						"0.0": {
							"post": [-10.01319, -5.79149, -4.05601],
							"lerp_mode": "catmullrom"
						},
						"8.4583": {
							"post": [-10.01, -5.79, -4.06],
							"lerp_mode": "catmullrom"
						},
						"8.7083": {
							"post": [8.12663, -12.54374, -10.0986],
							"lerp_mode": "catmullrom"
						},
						"14.2917": {
							"post": [0.62663, -12.54374, -10.0986],
							"lerp_mode": "catmullrom"
						},
						"17.0417": {
							"post": [0.63, -12.54, -10.1],
							"lerp_mode": "catmullrom"
						},
						"17.125": {
							"post": [-114.62284, 29.21893, 75.64115],
							"lerp_mode": "catmullrom"
						},
						"17.2083": {
							"post": [-115.24005, 31.48606, 74.42],
							"lerp_mode": "catmullrom"
						},
						"17.2917": {
							"post": [-112.77467, 20.05728, 80.05848],
							"lerp_mode": "catmullrom"
						},
						"17.375": {
							"post": [-118.52814, 40.41357, 68.83909],
							"lerp_mode": "catmullrom"
						},
						"17.5": {
							"post": [-116.7032, 35.98202, 71.78765],
							"lerp_mode": "catmullrom"
						},
						"17.875": {
							"post": [-116.7, 35.98, 71.79],
							"lerp_mode": "catmullrom"
						},
						"18.0417": {
							"post": [-92.91057, -23.57105, 56.94013],
							"lerp_mode": "catmullrom"
						},
						"18.4167": {
							"post": [-92.91, -23.57, 56.94],
							"lerp_mode": "catmullrom"
						},
						"18.75": {
							"post": [-258.79235, -76.14863, 224.8859],
							"lerp_mode": "catmullrom"
						},
						"24.125": {
							"post": [-258.79, -76.15, 224.89],
							"lerp_mode": "catmullrom"
						},
						"27.5833": {
							"post": [-94.77419, -56.0034, 59.74299],
							"lerp_mode": "catmullrom"
						},
						"27.6667": {
							"post": [-236.39171, -78.59215, 222.43283],
							"lerp_mode": "catmullrom"
						},
						"35.0833": {
							"post": [-236.39, -78.59, 222.43],
							"lerp_mode": "catmullrom"
						}
					},
					"position": {
						"0.0": {
							"post": [0, 0, 0],
							"lerp_mode": "catmullrom"
						},
						"0.0833": {
							"post": [0, 1, 0],
							"lerp_mode": "catmullrom"
						},
						"0.1667": {
							"post": [0, 0, 0],
							"lerp_mode": "catmullrom"
						},
						"8.4583": {
							"post": [0, 0, 0],
							"lerp_mode": "catmullrom"
						},
						"17.0417": {
							"post": [0, 0, 0],
							"lerp_mode": "catmullrom"
						},
						"17.125": {
							"post": [0, -4, 0],
							"lerp_mode": "catmullrom"
						},
						"17.875": {
							"post": [0, -4, 0],
							"lerp_mode": "catmullrom"
						},
						"18.0417": {
							"post": [0, -2, 3],
							"lerp_mode": "catmullrom"
						},
						"18.4167": {
							"post": [0, -2, 3],
							"lerp_mode": "catmullrom"
						},
						"18.75": {
							"post": [0, 0, 3],
							"lerp_mode": "catmullrom"
						},
						"24.125": {
							"post": [0, 0, 3],
							"lerp_mode": "catmullrom"
						},
						"35.0833": {
							"post": [0, 0, 3],
							"lerp_mode": "catmullrom"
						}
					},
					"scale": {
						"8.4583": {
							"pre": [1, 1, 1],
							"post": [1, 1, 1],
							"lerp_mode": "catmullrom"
						},
						"17.0417": {
							"post": [1, 1, 1],
							"lerp_mode": "catmullrom"
						},
						"17.125": {
							"post": [1, 1, 1],
							"lerp_mode": "catmullrom"
						},
						"17.875": {
							"post": [1, 1, 1],
							"lerp_mode": "catmullrom"
						},
						"18.0417": {
							"post": [1, 1, 1],
							"lerp_mode": "catmullrom"
						},
						"18.4167": {
							"post": [1, 1, 1],
							"lerp_mode": "catmullrom"
						},
						"24.125": {
							"post": [1, 1, 1],
							"lerp_mode": "catmullrom"
						},
						"35.0833": {
							"post": [1, 1, 1],
							"lerp_mode": "catmullrom"
						}
					}
				},
				"rightPerna": {
					"rotation": {
						"0.0": {
							"post": [0, 25, 7.5],
							"lerp_mode": "catmullrom"
						},
						"0.2917": {
							"post": [7.5, 25, 7.5],
							"lerp_mode": "catmullrom"
						},
						"0.375": {
							"post": [0, 25, 7.5],
							"lerp_mode": "catmullrom"
						},
						"8.4583": {
							"post": [0, 25, 7.5],
							"lerp_mode": "catmullrom"
						},
						"14.2917": {
							"post": [2.3273, 24.89837, 13.01385],
							"lerp_mode": "catmullrom"
						},
						"17.0417": {
							"post": [2.33, 24.9, 13.01],
							"lerp_mode": "catmullrom"
						},
						"17.125": {
							"post": [-29.40842, 6.21271, 10.86815],
							"lerp_mode": "catmullrom"
						},
						"17.875": {
							"post": [-29.41, 6.21, 10.87],
							"lerp_mode": "catmullrom"
						},
						"18.0417": {
							"post": [18.07779, 14.2906, 24.60659],
							"lerp_mode": "catmullrom"
						},
						"18.4167": {
							"post": [18.08, 14.29, 24.61],
							"lerp_mode": "catmullrom"
						},
						"24.125": {
							"post": [18.08, 14.29, 24.61],
							"lerp_mode": "catmullrom"
						},
						"35.0833": {
							"post": [18.08, 14.29, 24.61],
							"lerp_mode": "catmullrom"
						}
					},
					"position": {
						"8.4583": {
							"pre": [0, 0, 0],
							"post": [0, 0, 0],
							"lerp_mode": "catmullrom"
						},
						"17.0417": {
							"post": [0, 0, 0],
							"lerp_mode": "catmullrom"
						},
						"17.125": {
							"post": [-1, 3, -3],
							"lerp_mode": "catmullrom"
						},
						"17.875": {
							"post": [-1, 3, -3],
							"lerp_mode": "catmullrom"
						},
						"18.0417": {
							"post": [0, 0, 0],
							"lerp_mode": "catmullrom"
						},
						"18.4167": {
							"post": [0, 0, 0],
							"lerp_mode": "catmullrom"
						},
						"24.125": {
							"post": [0, 0, 0],
							"lerp_mode": "catmullrom"
						},
						"35.0833": {
							"post": [0, 0, 0],
							"lerp_mode": "catmullrom"
						}
					},
					"scale": {
						"8.4583": {
							"pre": [1, 1, 1],
							"post": [1, 1, 1],
							"lerp_mode": "catmullrom"
						},
						"17.0417": {
							"post": [1, 1, 1],
							"lerp_mode": "catmullrom"
						},
						"17.125": {
							"post": [1, 1, 1],
							"lerp_mode": "catmullrom"
						},
						"17.875": {
							"post": [1, 1, 1],
							"lerp_mode": "catmullrom"
						},
						"18.0417": {
							"post": [1, 1, 1],
							"lerp_mode": "catmullrom"
						},
						"18.4167": {
							"post": [1, 1, 1],
							"lerp_mode": "catmullrom"
						},
						"24.125": {
							"post": [1, 1, 1],
							"lerp_mode": "catmullrom"
						},
						"35.0833": {
							"post": [1, 1, 1],
							"lerp_mode": "catmullrom"
						}
					}
				},
				"leftPerna": {
					"rotation": {
						"0.0": {
							"post": [0.55404, -12.48791, -7.56062],
							"lerp_mode": "catmullrom"
						},
						"0.2917": {
							"post": [10.55404, -12.48791, -7.56062],
							"lerp_mode": "catmullrom"
						},
						"0.375": {
							"post": [0.55404, -12.48791, -7.56062],
							"lerp_mode": "catmullrom"
						},
						"8.4583": {
							"post": [0.55, -12.49, -7.56],
							"lerp_mode": "catmullrom"
						},
						"8.5417": {
							"post": [13.05, -12.49, -7.56],
							"lerp_mode": "catmullrom"
						},
						"8.7083": {
							"post": [-4.45, -12.49, -7.56],
							"lerp_mode": "catmullrom"
						},
						"14.2917": {
							"post": [-6.05973, -11.80206, 0.0797],
							"lerp_mode": "catmullrom"
						},
						"17.0417": {
							"post": [-6.06, -11.8, 0.08],
							"lerp_mode": "catmullrom"
						},
						"17.125": {
							"post": [-31.16914, -17.93931, -0.95459],
							"lerp_mode": "catmullrom"
						},
						"18.0417": {
							"post": [19.34918, -4.35865, -17.44401],
							"lerp_mode": "catmullrom"
						},
						"18.4167": {
							"post": [19.35, -4.36, -17.44],
							"lerp_mode": "catmullrom"
						},
						"24.125": {
							"post": [19.35, -4.36, -17.44],
							"lerp_mode": "catmullrom"
						},
						"35.0833": {
							"post": [19.35, -4.36, -17.44],
							"lerp_mode": "catmullrom"
						}
					},
					"position": {
						"8.4583": {
							"pre": [0, 0, 0],
							"post": [0, 0, 0],
							"lerp_mode": "catmullrom"
						},
						"8.5417": {
							"post": [0, 0, -2],
							"lerp_mode": "catmullrom"
						},
						"8.7083": {
							"post": [0, 0, 0],
							"lerp_mode": "catmullrom"
						},
						"17.0417": {
							"post": [0, 0, 0],
							"lerp_mode": "catmullrom"
						},
						"17.125": {
							"post": [1, 3, -3],
							"lerp_mode": "catmullrom"
						},
						"18.0417": {
							"post": [0, 0, 0],
							"lerp_mode": "catmullrom"
						},
						"18.4167": {
							"post": [0, 0, 0],
							"lerp_mode": "catmullrom"
						},
						"24.125": {
							"post": [0, 0, 0],
							"lerp_mode": "catmullrom"
						},
						"35.0833": {
							"post": [0, 0, 0],
							"lerp_mode": "catmullrom"
						}
					},
					"scale": {
						"8.4583": {
							"pre": [1, 1, 1],
							"post": [1, 1, 1],
							"lerp_mode": "catmullrom"
						},
						"17.0417": {
							"post": [1, 1, 1],
							"lerp_mode": "catmullrom"
						},
						"18.0417": {
							"post": [1, 1, 1],
							"lerp_mode": "catmullrom"
						},
						"18.4167": {
							"post": [1, 1, 1],
							"lerp_mode": "catmullrom"
						},
						"24.125": {
							"post": [1, 1, 1],
							"lerp_mode": "catmullrom"
						},
						"35.0833": {
							"post": [1, 1, 1],
							"lerp_mode": "catmullrom"
						}
					}
				},
				"head": {
					"rotation": {
						"0.0": {
							"post": [0, 30, 0],
							"lerp_mode": "catmullrom"
						},
						"0.2917": {
							"post": [8.91859, 29.64294, 2.85212],
							"lerp_mode": "catmullrom"
						},
						"0.5417": {
							"post": [0, 30, 0],
							"lerp_mode": "catmullrom"
						},
						"2.2083": {
							"post": [6.86347, 30, 0],
							"lerp_mode": "catmullrom"
						},
						"2.75": {
							"post": [-7.5, 30, 0],
							"lerp_mode": "catmullrom"
						},
						"5.0833": {
							"post": [-7.5, 30, 0],
							"lerp_mode": "catmullrom"
						},
						"5.25": {
							"post": [2.5, 30, 0],
							"lerp_mode": "catmullrom"
						},
						"8.4583": {
							"post": [2.5, 30, 0],
							"lerp_mode": "catmullrom"
						},
						"8.5417": {
							"post": [2.21761, 12.51455, -0.76984],
							"lerp_mode": "catmullrom"
						},
						"10.0417": {
							"post": [11.62688, 5.19705, -2.31296],
							"lerp_mode": "catmullrom"
						},
						"13.375": {
							"post": [11.62688, 5.19705, -2.31296],
							"lerp_mode": "catmullrom"
						},
						"14.2917": {
							"post": [-25.14178, 50.12502, -20.64555],
							"lerp_mode": "catmullrom"
						},
						"17.0417": {
							"post": [-25.14, 50.13, -20.65],
							"lerp_mode": "catmullrom"
						},
						"17.125": {
							"post": [12.5, 0, 0],
							"lerp_mode": "catmullrom"
						},
						"17.875": {
							"post": [12.5, 0, 0],
							"lerp_mode": "catmullrom"
						},
						"18.0417": {
							"post": [-7.5, 0, 0],
							"lerp_mode": "catmullrom"
						},
						"18.4167": {
							"post": [-7.5, 0, 0],
							"lerp_mode": "catmullrom"
						},
						"24.125": {
							"post": [-7.5, 0, 0],
							"lerp_mode": "catmullrom"
						},
						"35.0833": {
							"post": [-7.5, 0, 0],
							"lerp_mode": "catmullrom"
						}
					},
					"position": {
						"5.0833": {
							"pre": [0, 0, 0],
							"post": [0, 0, 0],
							"lerp_mode": "catmullrom"
						},
						"8.4583": {
							"post": [0, 0, 0],
							"lerp_mode": "catmullrom"
						},
						"17.0417": {
							"post": [0, 0, 0],
							"lerp_mode": "catmullrom"
						},
						"17.125": {
							"post": [0, 0, 0],
							"lerp_mode": "catmullrom"
						},
						"17.875": {
							"post": [0, 0, 0],
							"lerp_mode": "catmullrom"
						},
						"18.0417": {
							"post": [0, 0, 0],
							"lerp_mode": "catmullrom"
						},
						"18.4167": {
							"post": [0, 0, 0],
							"lerp_mode": "catmullrom"
						},
						"24.125": {
							"post": [0, 0, 0],
							"lerp_mode": "catmullrom"
						},
						"35.0833": {
							"post": [0, 0, 0],
							"lerp_mode": "catmullrom"
						}
					},
					"scale": {
						"8.4583": {
							"pre": [1, 1, 1],
							"post": [1, 1, 1],
							"lerp_mode": "catmullrom"
						},
						"17.0417": {
							"post": [1, 1, 1],
							"lerp_mode": "catmullrom"
						},
						"17.125": {
							"post": [1, 1, 1],
							"lerp_mode": "catmullrom"
						},
						"17.875": {
							"post": [1, 1, 1],
							"lerp_mode": "catmullrom"
						},
						"18.0417": {
							"post": [1, 1, 1],
							"lerp_mode": "catmullrom"
						},
						"18.4167": {
							"post": [1, 1, 1],
							"lerp_mode": "catmullrom"
						},
						"24.125": {
							"post": [1, 1, 1],
							"lerp_mode": "catmullrom"
						},
						"35.0833": {
							"post": [1, 1, 1],
							"lerp_mode": "catmullrom"
						}
					}
				},
				"Face": {
					"position": {
						"0.0": [0, 0, 0],
						"17.0833": [0, 0, 0],
						"17.125": [0, 0, -1],
						"17.7917": [0, 0, -1]
					}
				},
				"Face2": {
					"rotation": [0, 0, 0],
					"position": {
						"0.0": [0, 0, -1],
						"0.9167": [0, 0, -1],
						"1.1667": [0, 0, -1],
						"1.2083": [0, 0, 0],
						"1.3333": [0, 0, -1],
						"1.5": [0, 0, -1],
						"1.5417": [0, 0, 0],
						"1.6667": [0, 0, -1],
						"1.8333": [0, 0, -1],
						"1.875": [0, 0, 0],
						"2.0": [0, 0, -1],
						"2.0833": [0, 0, -1],
						"2.125": [0, 0, 1],
						"2.25": [0, 0, -1],
						"2.4583": [0, 0, -1],
						"2.5": [0, 0, 0],
						"2.625": [0, 0, -1],
						"3.1667": [0, 0, -1],
						"3.2083": [0, 0, 0],
						"3.3333": [0, 0, -1],
						"3.5": [0, 0, -1],
						"3.5417": [0, 0, 0],
						"3.6667": [0, 0, -1],
						"3.8333": [0, 0, -1],
						"3.875": [0, 0, 0],
						"4.0": [0, 0, -1],
						"4.1667": [0, 0, -1],
						"4.2083": [0, 0, 0],
						"4.3333": [0, 0, -1],
						"4.4167": [0, 0, -1],
						"4.4583": [0, 0, 1],
						"4.5833": [0, 0, -1],
						"4.75": [0, 0, -1],
						"4.7917": [0, 0, 0],
						"4.9167": [0, 0, -1],
						"17.0417": [0, 0, -1],
						"17.0833": [0, 0, 0]
					},
					"scale": 1
				},
				"Face3": {
					"rotation": [0, 0, 0],
					"position": {
						"0.0": [0, 0, 0],
						"1.2083": [0, 0, -1],
						"1.2917": [0, 0, -1],
						"1.375": [0, 0, 0],
						"1.4583": [0, 0, 0],
						"1.5417": [0, 0, -1],
						"1.625": [0, 0, -1],
						"1.7083": [0, 0, 0],
						"1.7917": [0, 0, 0],
						"1.875": [0, 0, -1],
						"1.9583": [0, 0, -1],
						"2.0417": [0, 0, 0],
						"2.125": [0, 0, -1],
						"2.2083": [0, 0, -1],
						"2.3333": [0, 0, 0],
						"2.4167": [0, 0, 0],
						"2.5": [0, 0, -1],
						"2.5833": [0, 0, -1],
						"2.6667": [0, 0, 1],
						"2.75": [0, 0, 1],
						"3.0": [0, 0, 0],
						"3.125": [0, 0, 0],
						"3.2083": [0, 0, -1],
						"3.2917": [0, 0, -1],
						"3.375": [0, 0, 0],
						"3.4583": [0, 0, 0],
						"3.5417": [0, 0, -1],
						"3.625": [0, 0, -1],
						"3.7083": [0, 0, 0],
						"3.7917": [0, 0, 0],
						"3.875": [0, 0, -1],
						"3.9583": [0, 0, -1],
						"4.0417": [0, 0, 0],
						"4.125": [0, 0, 0],
						"4.2083": [0, 0, -1],
						"4.2917": [0, 0, -1],
						"4.375": [0, 0, 0],
						"4.4583": [0, 0, -1],
						"4.5417": [0, 0, -1],
						"4.625": [0, 0, 0],
						"4.7083": [0, 0, 0],
						"4.7917": [0, 0, -1],
						"4.875": [0, 0, -1],
						"4.9583": [0, 0, 0],
						"5.5833": [0, 0, 0],
						"5.6667": [0, 0, -1],
						"5.75": [0, 0, -1],
						"5.8333": [0, 0, 0],
						"5.9167": [0, 0, 0],
						"6.0": [0, 0, -1],
						"6.0833": [0, 0, 0],
						"6.1667": [0, 0, 0],
						"6.25": [0, 0, -1],
						"6.3333": [0, 0, -1],
						"6.4167": [0, 0, 0],
						"6.5": [0, 0, 0],
						"6.5833": [0, 0, -1],
						"6.6667": [0, 0, -1],
						"6.75": [0, 0, 0],
						"6.8333": [0, 0, 0],
						"6.9167": [0, 0, -1],
						"7.0": [0, 0, -1],
						"7.0833": [0, 0, 0],
						"7.1667": [0, 0, 0],
						"7.25": [0, 0, -1],
						"7.3333": [0, 0, -1],
						"7.4167": [0, 0, 0],
						"7.5": [0, 0, 0],
						"7.5833": [0, 0, -1],
						"7.6667": [0, 0, -1],
						"7.75": [0, 0, 0],
						"7.8333": [0, 0, 0]
					}
				},
				"Face4": {
					"position": {
						"0.0": {
							"post": [0, 0, 0],
							"lerp_mode": "catmullrom"
						},
						"17.9583": {
							"post": [0, 0, 0],
							"lerp_mode": "catmullrom"
						},
						"18.0417": {
							"post": [0, 0, -1],
							"lerp_mode": "catmullrom"
						},
						"24.125": {
							"post": [0, 0, -1],
							"lerp_mode": "catmullrom"
						},
						"35.0833": {
							"post": [0, 0, -1],
							"lerp_mode": "catmullrom"
						}
					}
				}
			},
			"sound_effects": {
				"0.0": {
					"effect": "vegeta_ult"
				}
			}
		}
	}
}










