{
	"format_version": "1.8.0",
	"animations": {
		"animation.gokumui.dodge": {
			"animation_length": 0.25,
			"bones": {
				"Tudo": {
					"rotation": {
						"0.0": {
							"post": [-12.5, 42.5, 0],
							"lerp_mode": "catmullrom"
						},
						"0.25": {
							"post": [-17.04711, 57.0208, -5.9069],
							"lerp_mode": "catmullrom"
						}
					},
					"position": {
						"0.0": {
							"post": [7, 0, 0],
							"lerp_mode": "catmullrom"
						},
						"0.25": {
							"post": [9, 0, 0],
							"lerp_mode": "catmullrom"
						}
					}
				},
				"rightBraco": {
					"rotation": {
						"0.0": {
							"post": [32.5, 0, 0],
							"lerp_mode": "catmullrom"
						},
						"0.25": {
							"post": [40, 0, 0],
							"lerp_mode": "catmullrom"
						}
					}
				},
				"leftBraco": {
					"rotation": {
						"0.0": {
							"post": [20, 0, 0],
							"lerp_mode": "catmullrom"
						},
						"0.25": {
							"post": [35, 0, 0],
							"lerp_mode": "catmullrom"
						}
					}
				},
				"rightPerna": {
					"rotation": {
						"0.0": {
							"post": [0, 0, 20],
							"lerp_mode": "catmullrom"
						},
						"0.25": {
							"post": [-7.5, 0, 20],
							"lerp_mode": "catmullrom"
						}
					}
				},
				"leftPerna": {
					"rotation": {
						"0.0": {
							"post": [22.5, 0, 0],
							"lerp_mode": "catmullrom"
						},
						"0.25": {
							"post": [32.5, 0, 0],
							"lerp_mode": "catmullrom"
						}
					}
				}
			}
		},
		"animation.gokumui.dodge2": {
			"animation_length": 0.25,
			"bones": {
				"Tudo": {
					"rotation": {
						"0.0": {
							"post": [0, -50, 0],
							"lerp_mode": "catmullrom"
						},
						"0.25": {
							"post": [0, -60, 0],
							"lerp_mode": "catmullrom"
						}
					},
					"position": {
						"0.0": {
							"post": [-8, 0, 0],
							"lerp_mode": "catmullrom"
						},
						"0.25": {
							"post": [-11, 0, 0],
							"lerp_mode": "catmullrom"
						}
					}
				},
				"rightBraco": {
					"rotation": {
						"0.0": {
							"post": [-42.93235, -8.90692, 46.21215],
							"lerp_mode": "catmullrom"
						},
						"0.25": {
							"post": [-36.28252, -3.03927, 54.35768],
							"lerp_mode": "catmullrom"
						}
					}
				},
				"leftBraco": {
					"rotation": {
						"0.0": {
							"post": [-45.68899, 9.9902, -66.23299],
							"lerp_mode": "catmullrom"
						},
						"0.25": {
							"post": [-36.52338, 0.96494, -74.93039],
							"lerp_mode": "catmullrom"
						}
					}
				},
				"rightPerna": {
					"rotation": {
						"0.0": {
							"post": [-14.65993, -3.21132, -12.08681],
							"lerp_mode": "catmullrom"
						},
						"0.25": {
							"post": [-4.65993, -3.21132, -12.08681],
							"lerp_mode": "catmullrom"
						}
					}
				},
				"leftPerna": {
					"rotation": {
						"0.0": {
							"post": [-17.5, 0, 0],
							"lerp_mode": "catmullrom"
						},
						"0.25": {
							"post": [-32.5, 0, 0],
							"lerp_mode": "catmullrom"
						}
					}
				}
			}
		}
	}
}