{
	"format_version": "1.12.0",
	"minecraft:geometry": [
		{
			"description": {
				"identifier": "geometry.namekian",
				"texture_width": 256,
				"texture_height": 256,
				"visible_bounds_width": 4,
				"visible_bounds_height": 3,
				"visible_bounds_offset": [0, 1.5, 0]
			},
			"bones": [
				{
					"name": "root",
					"pivot": [0, 0, 0]
				},
				{
					"name": "leftLeg",
					"parent": "root",
					"pivot": [1.9, 12, 0],
					"cubes": [
						{
							"origin": [-0.1, 6, -2],
							"size": [4, 6, 4],
							"uv": {
								"north": {"uv": [80, 208], "uv_size": [16, 24]},
								"east": {"uv": [64, 208], "uv_size": [16, 24]},
								"south": {"uv": [112, 208], "uv_size": [16, 24]},
								"west": {"uv": [96, 208], "uv_size": [16, 24]},
								"up": {"uv": [96, 208], "uv_size": [-16, -16]},
								"down": {"uv": [112, 208], "uv_size": [-16, -16]}
							}
						}
					]
				},
				{
					"name": "leftLeg2",
					"parent": "leftLeg",
					"pivot": [1.9, 6, -2],
					"cubes": [
						{
							"origin": [-0.1, 0, -2],
							"size": [4, 6, 4],
							"uv": {
								"north": {"uv": [80, 232], "uv_size": [16, 24]},
								"east": {"uv": [64, 232], "uv_size": [16, 24]},
								"south": {"uv": [128, 232], "uv_size": [-16, 24]},
								"west": {"uv": [96, 232], "uv_size": [16, 24]},
								"up": {"uv": [112, 208], "uv_size": [-16, -16]},
								"down": {"uv": [112, 208], "uv_size": [-16, -16]}
							}
						}
					]
				},
				{
					"name": "rightLeg",
					"parent": "root",
					"pivot": [-1.9, 12, 0],
					"cubes": [
						{
							"origin": [-3.9, 6, -2],
							"size": [4, 6, 4],
							"uv": {
								"north": {"uv": [16, 80], "uv_size": [16, 24]},
								"east": {"uv": [0, 80], "uv_size": [16, 24]},
								"south": {"uv": [48, 80], "uv_size": [16, 24]},
								"west": {"uv": [32, 80], "uv_size": [16, 24]},
								"up": {"uv": [32, 80], "uv_size": [-16, -16]},
								"down": {"uv": [48, 80], "uv_size": [-16, -16]}
							}
						}
					]
				},
				{
					"name": "rightLeg2",
					"parent": "rightLeg",
					"pivot": [-1.9, 6, -2],
					"cubes": [
						{
							"origin": [-3.9, 0, -2],
							"size": [4, 6, 4],
							"uv": {
								"north": {"uv": [96, 232], "uv_size": [-16, 24]},
								"east": {"uv": [96, 232], "uv_size": [16, 24]},
								"south": {"uv": [112, 232], "uv_size": [16, 24]},
								"west": {"uv": [64, 232], "uv_size": [16, 24]},
								"up": {"uv": [112, 208], "uv_size": [-16, -16]},
								"down": {"uv": [112, 208], "uv_size": [-16, -16]}
							}
						}
					]
				},
				{
					"name": "waist",
					"parent": "root",
					"pivot": [0, 12, 0]
				},
				{
					"name": "body",
					"parent": "waist",
					"pivot": [0, 24, 0],
					"cubes": [
						{
							"origin": [-4, 12, -2],
							"size": [8, 12, 4],
							"uv": {
								"north": {"uv": [80, 80], "uv_size": [32, 48]},
								"east": {"uv": [64, 80], "uv_size": [16, 48]},
								"south": {"uv": [128, 80], "uv_size": [32, 48]},
								"west": {"uv": [112, 80], "uv_size": [16, 48]},
								"up": {"uv": [80, 64], "uv_size": [32, 16]},
								"down": {"uv": [112, 80], "uv_size": [32, -16]}
							}
						},
						{
							"origin": [-4.1, 18.6, -2.3],
							"size": [8.2, 5.6, 4.6],
							"uv": {
								"north": {"uv": [176, 16], "uv_size": [32, 20]},
								"east": {"uv": [160, 16], "uv_size": [16, 20]},
								"south": {"uv": [224, 16], "uv_size": [32, 20]},
								"west": {"uv": [208, 16], "uv_size": [16, 20]},
								"up": {"uv": [176, 0], "uv_size": [32, 16]},
								"down": {"uv": [208, 16], "uv_size": [32, -16]}
							}
						}
					]
				},
				{
					"name": "head",
					"parent": "body",
					"pivot": [0, 24, 0],
					"cubes": [
						{
							"origin": [-4, 24, -4],
							"size": [8, 8, 8],
							"uv": {
								"north": {"uv": [32, 32], "uv_size": [32, 32]},
								"east": {"uv": [0, 32], "uv_size": [32, 32]},
								"south": {"uv": [32, 0], "uv_size": [32, 32]},
								"west": {"uv": [64, 32], "uv_size": [32, 32]},
								"up": {"uv": [96, 32], "uv_size": [32, 32]},
								"down": {"uv": [64, 32], "uv_size": [32, -32]}
							}
						},
						{
							"origin": [-0.17615, 26.70466, -3.73769],
							"size": [4.1, 2, 1],
							"pivot": [2, 29.2, 0],
							"rotation": [-15.72162, 0.01322, -10.41013],
							"uv": {
								"north": {"uv": [148, 108], "uv_size": [5, 4]},
								"east": {"uv": [148, 108], "uv_size": [5, 4]},
								"south": {"uv": [148, 108], "uv_size": [5, 4]},
								"west": {"uv": [148, 108], "uv_size": [5, 4]},
								"up": {"uv": [153, 112], "uv_size": [-5, -4]},
								"down": {"uv": [153, 112], "uv_size": [-5, -4]}
							}
						},
						{
							"origin": [-3.92385, 26.70466, -3.73769],
							"size": [4.1, 2, 1],
							"pivot": [-2, 29.2, 0],
							"rotation": [-15.72162, -0.01322, 10.41013],
							"uv": {
								"north": {"uv": [148, 109], "uv_size": [4, 3]},
								"east": {"uv": [148, 109], "uv_size": [4, 3]},
								"south": {"uv": [148, 109], "uv_size": [4, 3]},
								"west": {"uv": [148, 109], "uv_size": [4, 3]},
								"up": {"uv": [152, 112], "uv_size": [-4, -3]},
								"down": {"uv": [152, 112], "uv_size": [-4, -3]}
							}
						}
					]
				},
				{
					"name": "leftAntenna",
					"parent": "head",
					"pivot": [2, 30, -4],
					"rotation": [-15, -15, 0],
					"cubes": [
						{
							"origin": [1.6, 29.5, -6.1],
							"size": [1, 1, 2.6],
							"pivot": [2.3, 30.5, -6.1],
							"rotation": [19, 0, 180],
							"uv": {
								"north": {"uv": [256, 0], "uv_size": [-4, 4]},
								"east": {"uv": [256, 0], "uv_size": [-4, 4]},
								"south": {"uv": [256, 0], "uv_size": [-4, 4]},
								"west": {"uv": [256, 0], "uv_size": [-4, 4]},
								"up": {"uv": [252, 4], "uv_size": [4, -4]},
								"down": {"uv": [252, 4], "uv_size": [4, -4]}
							}
						},
						{
							"origin": [1.6, 29.5, -8.1],
							"size": [1, 1, 2],
							"pivot": [2.3, 30.5, -6.1],
							"rotation": [44, 0, 180],
							"uv": {
								"north": {"uv": [256, 0], "uv_size": [-3, 3]},
								"east": {"uv": [256, 0], "uv_size": [-3, 3]},
								"south": {"uv": [256, 0], "uv_size": [-3, 3]},
								"west": {"uv": [256, 0], "uv_size": [-3, 3]},
								"up": {"uv": [253, 3], "uv_size": [3, -3]},
								"down": {"uv": [253, 3], "uv_size": [3, -3]}
							}
						},
						{
							"origin": [2, 30, -6],
							"size": [1, 1, 2],
							"uv": {
								"north": {"uv": [96.2, 5.8], "uv_size": [6.6, -5.8]},
								"east": {"uv": [96.2, 5.8], "uv_size": [6.6, -5.8]},
								"south": {"uv": [96.2, 5.8], "uv_size": [6.6, -5.8]},
								"west": {"uv": [96.2, 5.8], "uv_size": [6.6, -5.8]},
								"up": {"uv": [102.8, 0], "uv_size": [-6.6, 5.8]},
								"down": {"uv": [102.8, 0], "uv_size": [-6.6, 5.8]}
							}
						},
						{
							"origin": [2, 30, -8],
							"size": [1, 1, 2],
							"pivot": [3, 31, -6],
							"rotation": [25, 0, 0],
							"uv": {
								"north": {"uv": [103.9, 7.8], "uv_size": [-7.9, -7.8]},
								"east": {"uv": [103.9, 7.8], "uv_size": [-7.9, -7.8]},
								"south": {"uv": [103.9, 7.8], "uv_size": [-7.9, -7.8]},
								"west": {"uv": [103.9, 7.8], "uv_size": [-7.9, -7.8]},
								"up": {"uv": [96, 0], "uv_size": [7.9, 7.8]},
								"down": {"uv": [96, 0], "uv_size": [7.9, 7.8]}
							}
						}
					]
				},
				{
					"name": "leftEar",
					"parent": "head",
					"pivot": [4, 28, -3],
					"rotation": [0, -75, 0],
					"cubes": [
						{
							"origin": [4.7, 26, -1.8],
							"size": [3, 3, 0],
							"pivot": [0, 0, 0],
							"rotation": [0, 15, 0],
							"uv": {
								"north": {"uv": [12, 0], "uv_size": [-12, 12]}
							}
						}
					]
				},
				{
					"name": "rightAntenna",
					"parent": "head",
					"pivot": [-2, 30, -4],
					"rotation": [-15, 15, 0],
					"cubes": [
						{
							"origin": [-3, 30, -6],
							"size": [1, 1, 2],
							"uv": {
								"north": {"uv": [96, 0], "uv_size": [6, 7]},
								"east": {"uv": [96, 0], "uv_size": [6, 7]},
								"south": {"uv": [96, 0], "uv_size": [6, 7]},
								"west": {"uv": [96, 0], "uv_size": [6, 7]},
								"up": {"uv": [102, 7], "uv_size": [-6, -7]},
								"down": {"uv": [102, 7], "uv_size": [-6, -7]}
							}
						},
						{
							"origin": [-3, 30, -8],
							"size": [1, 1, 2],
							"pivot": [-3, 31, -6],
							"rotation": [25, 0, 0],
							"uv": {
								"north": {"uv": [102, 6], "uv_size": [-6, -6]},
								"east": {"uv": [102, 6], "uv_size": [-6, -6]},
								"south": {"uv": [102, 6], "uv_size": [-6, -6]},
								"west": {"uv": [102, 6], "uv_size": [-6, -6]},
								"up": {"uv": [96, 0], "uv_size": [6, 6]},
								"down": {"uv": [96, 0], "uv_size": [6, 6]}
							}
						},
						{
							"origin": [-3.4, 29.5, -6.1],
							"size": [1, 1, 2.6],
							"pivot": [-2.7, 30.5, -6.1],
							"rotation": [19, 0, 180],
							"uv": {
								"north": {"uv": [253, 3], "uv_size": [3, -3]},
								"east": {"uv": [253, 3], "uv_size": [3, -3]},
								"south": {"uv": [253, 3], "uv_size": [3, -3]},
								"west": {"uv": [253, 3], "uv_size": [3, -3]},
								"up": {"uv": [256, 0], "uv_size": [-3, 3]},
								"down": {"uv": [256, 0], "uv_size": [-3, 3]}
							}
						},
						{
							"origin": [-3.4, 29.5, -8.1],
							"size": [1, 1, 2],
							"pivot": [-2.7, 30.5, -6.1],
							"rotation": [44, 0, 180],
							"uv": {
								"north": {"uv": [252, 0], "uv_size": [4, 4]},
								"east": {"uv": [252, 0], "uv_size": [4, 4]},
								"south": {"uv": [252, 0], "uv_size": [4, 4]},
								"west": {"uv": [252, 0], "uv_size": [4, 4]},
								"up": {"uv": [256, 4], "uv_size": [-4, -4]},
								"down": {"uv": [256, 4], "uv_size": [-4, -4]}
							}
						}
					]
				},
				{
					"name": "rightEar",
					"parent": "head",
					"pivot": [-4, 28, -3],
					"rotation": [0, 75, 0],
					"cubes": [
						{
							"origin": [-7.7, 26, -1.8],
							"size": [3, 3, 0],
							"pivot": [0, 0, 0],
							"rotation": [0, -15, 0],
							"uv": {
								"north": {"uv": [0, 0], "uv_size": [12, 12]}
							}
						}
					]
				},
				{
					"name": "leftArm",
					"parent": "body",
					"pivot": [5, 22, 0],
					"cubes": [
						{
							"origin": [4, 18, -2],
							"size": [4, 6, 4],
							"uv": {
								"north": {"uv": [144, 208], "uv_size": [16, 24]},
								"east": {"uv": [128, 208], "uv_size": [16, 24]},
								"south": {"uv": [176, 208], "uv_size": [16, 24]},
								"west": {"uv": [160, 208], "uv_size": [16, 24]},
								"up": {"uv": [144, 208], "uv_size": [16, -16]},
								"down": {"uv": [176, 208], "uv_size": [-16, -16]}
							}
						},
						{
							"origin": [3.8, 19.5, -2.3],
							"size": [4.5, 4.7, 4.6],
							"uv": {
								"north": {"uv": [32, 144], "uv_size": [-16, 20]},
								"east": {"uv": [32, 144], "uv_size": [16, 20]},
								"south": {"uv": [64, 144], "uv_size": [-16, 20]},
								"west": {"uv": [0, 144], "uv_size": [16, 20]},
								"up": {"uv": [32, 144], "uv_size": [-16, -16]},
								"down": {"uv": [48, 144], "uv_size": [-16, -16]}
							}
						}
					]
				},
				{
					"name": "leftForearm",
					"parent": "leftArm",
					"pivot": [6, 18, 2],
					"cubes": [
						{
							"origin": [4, 12, -2],
							"size": [4, 6, 4],
							"uv": {
								"north": {"uv": [176, 104], "uv_size": [16, 24]},
								"east": {"uv": [192, 104], "uv_size": [16, 24]},
								"south": {"uv": [208, 104], "uv_size": [16, 24]},
								"west": {"uv": [160, 104], "uv_size": [16, 24]},
								"up": {"uv": [192, 80], "uv_size": [-16, -16]},
								"down": {"uv": [208, 80], "uv_size": [-16, -16]}
							}
						}
					]
				},
				{
					"name": "rightArm",
					"parent": "body",
					"pivot": [-5, 22, 0],
					"cubes": [
						{
							"origin": [-8, 18, -2],
							"size": [4, 6, 4],
							"uv": {
								"north": {"uv": [176, 80], "uv_size": [16, 24]},
								"east": {"uv": [160, 80], "uv_size": [16, 24]},
								"south": {"uv": [208, 80], "uv_size": [16, 24]},
								"west": {"uv": [208, 80], "uv_size": [-16, 24]},
								"up": {"uv": [176, 80], "uv_size": [16, -16]},
								"down": {"uv": [192, 80], "uv_size": [16, -16]}
							}
						},
						{
							"origin": [-8.3, 19.5, -2.3],
							"size": [4.5, 4.7, 4.6],
							"uv": {
								"north": {"uv": [16, 144], "uv_size": [16, 20]},
								"east": {"uv": [0, 144], "uv_size": [16, 20]},
								"south": {"uv": [48, 144], "uv_size": [16, 20]},
								"west": {"uv": [32, 144], "uv_size": [16, 20]},
								"up": {"uv": [16, 144], "uv_size": [16, -16]},
								"down": {"uv": [48, 144], "uv_size": [-16, -16]}
							}
						}
					]
				},
				{
					"name": "rightForearm",
					"parent": "rightArm",
					"pivot": [-6, 18, 2],
					"cubes": [
						{
							"origin": [-8, 12, -2],
							"size": [4, 6, 4],
							"uv": {
								"north": {"uv": [192, 104], "uv_size": [-16, 24]},
								"east": {"uv": [160, 104], "uv_size": [16, 24]},
								"south": {"uv": [224, 104], "uv_size": [-16, 24]},
								"west": {"uv": [192, 104], "uv_size": [16, 24]},
								"up": {"uv": [192, 80], "uv_size": [-16, -16]},
								"down": {"uv": [208, 80], "uv_size": [-16, -16]}
							}
						}
					]
				}
			]
		}
	]
}