{
  "format_version": "1.12.0",
  "minecraft:geometry": [
    {
      "description": {
        "identifier": "geometry.pa_sain",
        "texture_width": 128,
        "texture_height": 128,
        "visible_bounds_width": 3,
        "visible_bounds_height": 3.5,
        "visible_bounds_offset": [
          0,
          1.25,
          0
        ]
      },
      "bones": [
        {
          "name": "Body",
          "pivot": [
            0,
            12,
            0
          ],
          "cubes": [
            {
              "origin": [
                -4,
                0,
                -4
              ],
              "size": [
                8,
                4,
                8
              ],
              "uv": [
                36,
                23
              ]
            },
            {
              "origin": [
                -3,
                4,
                -3
              ],
              "size": [
                6,
                3,
                6
              ],
              "uv": [
                48,
                0
              ]
            },
            {
              "origin": [
                -6,
                7,
                -6
              ],
              "size": [
                12,
                2,
                12
              ],
              "uv": [
                0,
                23
              ]
            },
            {
              "origin": [
                -8,
                9,
                -8
              ],
              "size": [
                16,
                7,
                16
              ],
              "uv": [
                0,
                0
              ]
            },
            {
              "origin": [
                -7,
                16,
                8
              ],
              "size": [
                14,
                14,
                3
              ],
              "uv": [
                32,
                36
              ]
            },
            {
              "origin": [
                -3,
                16,
                -2
              ],
              "size": [
                6,
                5,
                4
              ],
              "uv": [
                0,
                58
              ]
            }
          ]
        },
        {
          "name": "bone",
          "parent": "Body",
          "pivot": [
            0,
            28,
            10
          ],
          "cubes": [
            {
              "origin": [
                -1,
                28,
                1
              ],
              "size": [
                2,
                2,
                9
              ],
              "uv": [
                64,
                0
              ]
            },
            {
              "origin": [
                -1,
                30,
                -3
              ],
              "size": [
                2,
                2,
                6
              ],
              "uv": [
                0,
                0
              ]
            }
          ]
        },
        {
          "name": "bone2",
          "parent": "bone",
          "pivot": [
            0,
            30,
            -1
          ],
          "cubes": [
            {
              "origin": [
                -0.5,
                28,
                -8
              ],
              "size": [
                1,
                2,
                8
              ],
              "pivot": [
                0,
                29,
                1
              ],
              "rotation": [
                -17.5,
                0,
                0
              ],
              "uv": [
                20,
                53
              ]
            }
          ]
        },
        {
          "name": "bone3",
          "parent": "bone2",
          "pivot": [
            0,
            31,
            -7
          ],
          "cubes": [
            {
              "origin": [
                -1,
                30,
                -15
              ],
              "size": [
                2,
                2,
                9
              ],
              "uv": [
                64,
                0
              ]
            }
          ]
        },
        {
          "name": "bone4",
          "parent": "bone3",
          "pivot": [
            0,
            31,
            -15
          ],
          "cubes": [
            {
              "origin": [
                -0.5,
                29.90386,
                -22.13912
              ],
              "size": [
                1,
                2,
                8
              ],
              "uv": [
                92,
                118
              ]
            },
            {
              "origin": [
                -1.5,
                29.90386,
                -22.13912
              ],
              "size": [
                3,
                1,
                1
              ],
              "uv": [
                40,
                74
              ]
            },
            {
              "origin": [
                1,
                30,
                -26
              ],
              "size": [
                0,
                1,
                5
              ],
              "uv": [
                40,
                68
              ]
            },
            {
              "origin": [
                -1,
                30,
                -26
              ],
              "size": [
                0,
                1,
                5
              ],
              "uv": [
                40,
                68
              ]
            }
          ]
        },
        {
          "name": "Head",
          "parent": "Body",
          "pivot": [
            0,
            18,
            0
          ],
          "cubes": [
            {
              "origin": [
                -4,
                18,
                -4
              ],
              "size": [
                8,
                8,
                8
              ],
              "uv": [
                0,
                37
              ]
            },
            {
              "origin": [
                4,
                21,
                -1
              ],
              "size": [
                1,
                2,
                3
              ],
              "uv": [
                7,
                8
              ]
            }
          ]
        },
        {
          "name": "Bibir",
          "parent": "Head",
          "pivot": [
            0,
            21,
            -8
          ],
          "cubes": [
            {
              "origin": [
                -2,
                20,
                -4.1
              ],
              "size": [
                4,
                1,
                0
              ],
              "uv": [
                0,
                0
              ]
            },
            {
              "origin": [
                -3,
                21,
                -4.1
              ],
              "size": [
                1,
                1,
                0
              ],
              "uv": [
                1,
                2
              ]
            },
            {
              "origin": [
                2,
                21,
                -4.1
              ],
              "size": [
                1,
                1,
                0
              ],
              "uv": [
                0,
                2
              ]
            }
          ]
        },
        {
          "name": "Bibir2",
          "parent": "Head",
          "pivot": [
            0,
            20,
            -4
          ],
          "cubes": [
            {
              "origin": [
                -2,
                19,
                -4.1
              ],
              "size": [
                4,
                1,
                0
              ],
              "uv": [
                0,
                0
              ]
            },
            {
              "origin": [
                -3,
                20,
                -4.1
              ],
              "size": [
                1,
                1,
                0
              ],
              "uv": [
                0,
                2
              ]
            },
            {
              "origin": [
                2,
                20,
                -4.1
              ],
              "size": [
                1,
                1,
                0
              ],
              "uv": [
                0,
                3
              ]
            }
          ]
        }
      ]
    }
  ]
}