{
  "format_version": "1.12.0",
  "minecraft:geometry": [
    {
      "description": {
        "identifier": "geometry.pa_toilet",
        "texture_width": 128,
        "texture_height": 128,
        "visible_bounds_width": 3,
        "visible_bounds_height": 3.5,
        "visible_bounds_offset": [
          0,
          1.25,
          0
        ]
      },
      "bones": [
        {
          "name": "Body",
          "pivot": [
            0,
            12,
            0
          ],
          "cubes": [
            {
              "origin": [
                -4,
                0,
                -4
              ],
              "size": [
                8,
                4,
                8
              ],
              "uv": [
                36,
                23
              ]
            },
            {
              "origin": [
                -3,
                4,
                -3
              ],
              "size": [
                6,
                3,
                6
              ],
              "uv": [
                48,
                0
              ]
            },
            {
              "origin": [
                -6,
                7,
                -6
              ],
              "size": [
                12,
                2,
                12
              ],
              "uv": [
                0,
                23
              ]
            },
            {
              "origin": [
                -8,
                9,
                -8
              ],
              "size": [
                16,
                7,
                16
              ],
              "uv": [
                0,
                0
              ]
            },
            {
              "origin": [
                -7,
                16,
                8
              ],
              "size": [
                14,
                14,
                2
              ],
              "uv": [
                32,
                37
              ]
            }
          ]
        },
        {
          "name": "Head",
          "parent": "Body",
          "pivot": [
            0,
            18,
            0
          ],
          "cubes": [
            {
              "origin": [
                -4,
                18,
                -4
              ],
              "size": [
                8,
                8,
                8
              ],
              "uv": [
                0,
                37
              ]
            }
          ]
        },
        {
          "name": "Bibir",
          "parent": "Head",
          "pivot": [
            0,
            21,
            -8
          ],
          "cubes": [
            {
              "origin": [
                -2,
                20,
                -4.1
              ],
              "size": [
                4,
                1,
                0
              ],
              "uv": [
                0,
                1
              ]
            },
            {
              "origin": [
                -3,
                21,
                -4.1
              ],
              "size": [
                1,
                1,
                0
              ],
              "uv": [
                2,
                3
              ]
            },
            {
              "origin": [
                2,
                21,
                -4.1
              ],
              "size": [
                1,
                1,
                0
              ],
              "uv": [
                0,
                3
              ]
            }
          ]
        },
        {
          "name": "Bibir2",
          "parent": "Head",
          "pivot": [
            0,
            20,
            -4
          ],
          "cubes": [
            {
              "origin": [
                -2,
                19,
                -4.1
              ],
              "size": [
                4,
                1,
                0
              ],
              "uv": [
                0,
                0
              ]
            },
            {
              "origin": [
                -3,
                20,
                -4.1
              ],
              "size": [
                1,
                1,
                0
              ],
              "uv": [
                2,
                2
              ]
            },
            {
              "origin": [
                2,
                20,
                -4.1
              ],
              "size": [
                1,
                1,
                0
              ],
              "uv": [
                0,
                2
              ]
            }
          ]
        },
        {
          "name": "Leher",
          "parent": "Head",
          "pivot": [
            0,
            18,
            0
          ],
          "cubes": [
            {
              "origin": [
                -2,
                8,
                -2
              ],
              "size": [
                4,
                10,
                4
              ],
              "uv": [
                82,
                13
              ]
            }
          ]
        }
      ]
    }
  ]
}