{
	"format_version": "1.8.0",
	"animations": {
		"animation.jc:piggy.attack": {
			"animation_length": 2.54167,
			"bones": {
				"head": {
					"rotation": [0, 0, 0]
				},
				"body": {
					"rotation": [0, 0, 0]
				},
				"rightarm": {
					"rotation": {
						"0.0": [0, 0, 0],
						"0.25": [-90, 0, 0],
						"0.4167": [-90, 85, 0],
						"0.5833": [-90, 95, 30],
						"0.7083": [-52.5, -12.5, 15],
						"0.8333": [0, 0, 0]
					}
				},
				"leftarm": {
					"rotation": [0, 0, 0]
				}
			},
			"sound_effects": {}
		}
	}
}