{
  "format_version": "1.10.0",
  "minecraft:client_entity": {
    "description": {
      "identifier": "ag1:cyan",
      "min_engine_version": "1.8.0",
      "materials": {
        "default": "spider"
      },
      "textures": {
        "default": "textures/entity/pamobile/ag1_cyan"
      },
      "geometry": {
        "default": "geometry.ag1_cyan"
      },
      "spawn_egg": {
        "texture": "ag1:cyan",
        "texture_index": 0
      },
      "scripts": {
        "animate": [
          "controller_base",
          "look_at_target"
        ],
        "pre_animation": [
          "variable.attack = Math.sin(variable.attack_time * 30.0);",
          "variable.random = math.round(math.random(0,2));",
          "variable.random1 = math.round(math.random(0,2));"
        ]
      },
      "animations": {
        "look_at_target": "animation.Blue_ag1.loo",
        "idle_mouth": "animation.Blue_ag1.gen",
        "biting": "animation.Blue_ag1.att",
        "walk": "animation.Blue_ag1.mov",
        "controller_look_at_target": "controller.animation.custom.look_at_target",
        "controller_base": "controller.animation.cyan",
        "run": "animation.Blue_ag1.run",
        "jum": "animation.Blue_ag1.jum"
      },
      "render_controllers": [
        "controller.render.spider"
      ]
    }
  }
}