{
  "format_version": "1.8.0",
  "animations": {
    "animation.seb_ufo_skibidi_toilet.laser": {
      "loop": "hold_on_last_frame",
      "animation_length": 0.25,
      "bones": {
        "Model": {
          "scale": 1
        },
        "Laser": {
          "position": {
            "0.0": [
              0,
              0,
              0
            ],
            "0.25": [
              -2,
              -4,
              -51
            ]
          },
          "scale": {
            "0.0": [
              1.1,
              1,
              1
            ],
            "0.25": [
              5.1,
              1,
              1
            ]
          }
        }
      }
    }
  }
}