{
	"format_version": "1.8.0",
	"animations": {
		"animation.seb_multihead.bob": {
			"loop": "hold_on_last_frame",
			"animation_length": 1,
			"bones": {
				"bone": {
					"rotation": {
						"0.0": [0, 0, 0],
						"0.25": [0, -312.5, 0],
						"0.5": [0, -647.5, 0],
						"0.75": [0, -970, 0],
						"1.0": [0, -1285, 0]
					},
					"position": {
						"0.0": [0, 0, 0],
						"0.5": [2, 0, 0],
						"0.75": [1, 0, 0]
					},
					"scale": {
						"0.0": [1, 1, 1],
						"0.5": [0.4, 1, 0.4],
						"0.75": [0.4, 0.6, 0.4],
						"1.0": [0, 0.1, 0.1]
					}
				},
				"Model": {
					"rotation": [0, 0, 0],
					"position": [0, 0, 0]
				},
				"bone5": {
					"rotation": {
						"0.0": [0, 0, 0],
						"0.25": [0, 0, 0],
						"0.5": [0, 0, 0],
						"0.5417": [0, 0, 0],
						"0.7917": [0, 0, 90]
					},
					"position": {
						"0.0": [0, 0, 0],
						"0.25": [0, 0, 0],
						"0.5": [0, 0, 0],
						"0.5417": [0, 0, 0]
					}
				}
			}
		}
	}
}