{"format_version":"1.8.0","geometry.pa_player":{"bones":[{"cubes":[{"inflate":0,"origin":[-4,12,-2],"size":[8,12,4],"uv":[16,16]}],"name":"body","pivot":[0,24,0]},{"name":"waist","pivot":[0,12,0]},{"cubes":[{"inflate":0,"origin":[-8,12,-2],"size":[4,12,4],"uv":[40,16]}],"name":"rightArm","parent":"body","pivot":[-5,22,0]},{"name":"rightItem","parent":"rightArm","pivot":[-6,15,1]},{"cubes":[{"inflate":0,"origin":[4,12,-2],"size":[4,12,4],"uv":[40,16]}],"mirror":true,"name":"leftArm","parent":"body","pivot":[5,22,0]},{"cubes":[{"inflate":0,"origin":[-3.9,0,-2],"size":[4,12,4],"uv":[0,16]}],"name":"rightLeg","parent":"body","pivot":[-1.9,12,0]},{"cubes":[{"inflate":0,"origin":[-0.1,0,-2],"size":[4,12,4],"uv":[0,16]}],"mirror":true,"name":"leftLeg","parent":"body","pivot":[1.9,12,0]},{"name":"helmet","pivot":[0,24,0]},{"name":"rightArmArmor","parent":"rightArm","pivot":[-5,22,0]},{"mirror":true,"name":"leftArmArmor","parent":"leftArm","pivot":[5,22,0]},{"name":"rightLegging","parent":"rightLeg","pivot":[-1.9,12,0]},{"mirror":true,"name":"leftLegging","parent":"leftLeg","pivot":[1.9,12,0]},{"name":"rightBoot","parent":"rightLeg","pivot":[-1.9,12,0]},{"mirror":true,"name":"leftBoot","parent":"leftLeg","pivot":[1.9,12,0]},{"name":"rightSock","parent":"rightLeg","pivot":[-1.9,12,0]},{"mirror":true,"name":"leftSock","parent":"leftLeg","pivot":[1.9,12,0]},{"name":"bodyArmor","parent":"body","pivot":[0,24,0]},{"name":"belt","parent":"body","pivot":[0,24,0]}],"visible_bounds_height":1,"visible_bounds_offset":[0,0.5,0],"visible_bounds_width":1}}