{
	"format_version": "1.12.0",
	"minecraft:geometry": [
		{
			"description": {
				"identifier": "geometry.studentschair",
				"texture_width": 64,
				"texture_height": 64,
				"visible_bounds_width": 2,
				"visible_bounds_height": 2,
				"visible_bounds_offset": [0, 0, 0]
			},
			"bones": [
				{
					"name": "chair",
					"pivot": [0, 0, 0],
					"cubes": [
						{"origin": [-6, 8, -2], "size": [12, 1, 8], "pivot": [0.00625, 7.64525, 1.07881], "rotation": [0, 180, 0], "uv": [0, 0]},
						{"origin": [-6, 9.92232, 4.934], "size": [12, 1, 1.5], "pivot": [0.00625, 7.64525, 1.07881], "rotation": [-25, 180, 0], "uv": [0, 15]},
						{"origin": [-6, -0.45671, 5.61809], "size": [1, 8.7, 1], "inflate": -0.1, "pivot": [0.00625, 7.64525, 1.07881], "rotation": [5, 180, 0], "uv": [16, 23]},
						{"origin": [-6, -0.29614, -2.6251], "size": [1, 9, 1], "inflate": -0.1, "pivot": [0.00625, 7.64525, 1.07881], "rotation": [-5, 180, 0], "uv": [8, 23]},
						{"origin": [5, -0.29614, -2.6251], "size": [1, 9, 1], "inflate": -0.1, "pivot": [0.00625, 7.64525, 1.07881], "rotation": [-5, 180, 0], "uv": [4, 23]},
						{"origin": [5, 8.46396, -2.56359], "size": [1, 11, 1], "inflate": -0.1, "pivot": [0.00625, 7.64525, 1.07881], "rotation": [5, 180, 0], "uv": [0, 23]},
						{"origin": [-6, 8.46396, -2.56359], "size": [1, 11, 1], "inflate": -0.1, "pivot": [0.00625, 7.64525, 1.07881], "rotation": [5, 180, 0], "uv": [21, 22]},
						{"origin": [5, -0.45671, 5.61809], "size": [1, 8.7, 1], "inflate": -0.1, "pivot": [0.00625, 7.64525, 1.07881], "rotation": [5, 180, 0], "uv": [12, 23]},
						{"origin": [-5.1, 18.31419, -2.53843], "size": [10.3, 1, 1], "inflate": -0.1, "pivot": [0.00625, 7.64525, 1.07881], "rotation": [5, 180, 0], "uv": [0, 21]},
						{"origin": [-5.1, 16.3218, -2.61274], "size": [10.3, 1, 1], "inflate": -0.1, "pivot": [0.00625, 7.64525, 1.07881], "rotation": [5, 180, 0], "uv": [0, 19]},
						{"origin": [-6.15, 15.24225, -1.89085], "size": [12.3, 5, 1], "inflate": -0.1, "pivot": [0.00625, 7.64525, 1.07881], "rotation": [5, 180, 0], "uv": [0, 9]},
						{"origin": [-5.3, 5.1493, 5.58032], "size": [10.6, 1, 1], "inflate": -0.1, "pivot": [0.00625, 7.64525, 1.07881], "rotation": [5, 180, 0], "uv": [0, 17]},
						{"origin": [-6, 0, 6.2], "size": [1, 1, 1], "pivot": [0.00625, 7.64525, 1.07881], "rotation": [0, 180, 0], "uv": [3, 1]},
						{"origin": [5, 0, 6.2], "size": [1, 1, 1], "pivot": [0.00625, 7.64525, 1.07881], "rotation": [0, 180, 0], "uv": [3, 3]},
						{"origin": [5, 0, -3.23], "size": [1, 1, 1], "pivot": [0.00625, 7.64525, 1.07881], "rotation": [0, 180, 0], "uv": [0, 2]},
						{"origin": [-6, 0, -3.23], "size": [1, 1, 1], "pivot": [0.00625, 7.64525, 1.07881], "rotation": [0, 180, 0], "uv": [0, 0]}
					]
				}
			]
		}
	]
}