{
	"format_version": "1.12.0",
	"minecraft:geometry": [
		{
			"description": {
				"identifier": "geometry.tablelamp",
				"texture_width": 64,
				"texture_height": 64,
				"visible_bounds_width": 3,
				"visible_bounds_height": 2.5,
				"visible_bounds_offset": [0, 0.75, 0]
			},
			"bones": [
				{
					"name": "stand",
					"pivot": [0, 0, 6],
					"cubes": [
						{"origin": [-6.3, 0, 0], "size": [12.3, 1.2, 12], "uv": [0, 0]},
						{"origin": [-4.3, 1.48296, 0.87059], "size": [8.3, 2, 10], "pivot": [-0.15, 1.98296, 6.37059], "rotation": [15, 0, 0], "uv": [0, 13]},
						{"origin": [-1.3, 0, 5], "size": [2.3, 5.7, 2], "pivot": [0, 3.5, 6], "rotation": [-32.5, 0, 0], "uv": [10, 37]},
						{"origin": [-1.3, 4.538, 6], "size": [2.3, 3.9, 2], "pivot": [0, 6.988, 6.58503], "rotation": [2.5, 0, 0], "uv": [28, 50]},
						{"origin": [-1.3, 7.429, 6], "size": [2.3, 4.9, 2], "pivot": [0, 7.97898, 6.35656], "rotation": [37.5, 0, 0], "uv": [37, 28]},
						{"origin": [-1.3, 11, 3], "size": [2.3, 2, 2], "inflate": 0.05, "uv": [46, 0]},
						{"origin": [-1.3, 12.5, 2.3], "size": [2.3, 3, 2], "inflate": 0.1, "pivot": [-0.15, 13.9, 4], "rotation": [37.5, 0, 0], "uv": [20, 50]}
					]
				},
				{
					"name": "lamp",
					"pivot": [-1.69808, 8.37692, 12.925],
					"rotation": [7.5, 0, 0],
					"cubes": [
						{"origin": [-2.325, 5.8, 12.5], "size": [1, 5, 1.05], "pivot": [-0.25, 17.3, 12.75], "rotation": [-90, 0, -180], "uv": [52, 53]},
						{"origin": [-2.325, 5.8, 12.5], "size": [1, 5, 1.05], "pivot": [-0.25, 17.3, 12.75], "rotation": [-90, 0, -60], "uv": [48, 53]},
						{"origin": [-2.325, 5.8, 12.5], "size": [1, 5, 1.05], "pivot": [-0.25, 17.3, 12.75], "rotation": [-90, 0, -90], "uv": [16, 53]},
						{"origin": [-1.525, 6.8, 10.2], "size": [2.7, 5, 3.05], "pivot": [0.75, 18.3, 12.75], "rotation": [-90, 0, -90], "uv": [0, 25]},
						{"origin": [-1.525, -0.2, 10.2], "size": [2.7, 7, 3.05], "inflate": -1, "pivot": [0.75, 18.3, 12.75], "rotation": [-90, 0, -90], "uv": [0, 0]},
						{"origin": [-1.425, 0.8, 10.2], "size": [2.7, 3, 3.05], "inflate": 0.01, "pivot": [0.75, 18.3, 12.75], "rotation": [-90, 0, -90], "uv": [10, 25]},
						{"origin": [-1.525, 1.8, 10.2], "size": [2.7, 5, 3.05], "inflate": -1, "pivot": [0.75, 18.3, 12.75], "rotation": [-90, 0, -90], "uv": [0, 13]},
						{"origin": [-2.325, 5.8, 12.5], "size": [1, 5, 1.05], "pivot": [-0.25, 17.3, 12.75], "rotation": [-90, 0, -120], "uv": [12, 53]},
						{"origin": [-2.325, 5.8, 12.5], "size": [1, 5, 1.05], "pivot": [-0.25, 17.3, 12.75], "rotation": [-90, 0, -150], "uv": [44, 52]},
						{"origin": [-2.325, 5.8, 12.5], "size": [1, 5, 1.05], "pivot": [-0.25, 17.3, 12.75], "rotation": [-90, 0, -30], "uv": [40, 52]},
						{"origin": [-2.325, 5.8, 12.5], "size": [1, 5, 1.05], "pivot": [-0.25, 17.3, 12.75], "rotation": [-90, 0, 0], "uv": [4, 52]},
						{"origin": [-2.325, 5.8, 12.5], "size": [1, 5, 1.05], "pivot": [-0.25, 17.3, 12.75], "rotation": [-90, 0, 60], "uv": [0, 52]},
						{"origin": [-2.325, 5.8, 12.5], "size": [1, 5, 1.05], "pivot": [-0.25, 17.3, 12.75], "rotation": [-90, 0, 30], "uv": [51, 33]},
						{"origin": [-2.325, 5.8, 12.5], "size": [1, 5, 1.05], "pivot": [-0.25, 17.3, 12.75], "rotation": [-90, 0, 90], "uv": [50, 42]},
						{"origin": [-2.325, 5.8, 12.5], "size": [1, 5, 1.05], "pivot": [-0.25, 17.3, 12.75], "rotation": [-90, 0, 120], "uv": [36, 50]},
						{"origin": [-2.325, 5.8, 12.5], "size": [1, 5, 1.05], "pivot": [-0.25, 17.3, 12.75], "rotation": [-90, 0, 150], "uv": [8, 49]}
					]
				},
				{
					"name": "lamp2",
					"pivot": [2.07708, -6.47708, 27.375],
					"rotation": [7.5, 0, 0],
					"cubes": [
						{"origin": [1.175, -9.7, 28.5], "size": [2.5, 3, 2.5], "pivot": [-0.25, 19.3, 29.75], "rotation": [-90, 0, -180], "uv": [49, 28]},
						{"origin": [1.175, -9.7, 28.5], "size": [2.5, 3, 2.5], "pivot": [-0.25, 19.3, 29.75], "rotation": [-90, 0, -60], "uv": [49, 21]},
						{"origin": [-3, 22.975, 0], "size": [2.5, 3, 2.5], "pivot": [-0.25, 23.475, 1.25], "rotation": [-90, 0, -90], "uv": [48, 9]},
						{"origin": [1.175, -9.7, 28.5], "size": [2.5, 3, 2.5], "pivot": [-0.25, 19.3, 29.75], "rotation": [-90, 0, -120], "uv": [48, 48]},
						{"origin": [1.175, -9.7, 28.5], "size": [2.5, 3, 2.5], "pivot": [-0.25, 19.3, 29.75], "rotation": [-90, 0, -150], "uv": [12, 48]},
						{"origin": [1.175, -9.7, 28.5], "size": [2.5, 3, 2.5], "pivot": [-0.25, 19.3, 29.75], "rotation": [-90, 0, -30], "uv": [47, 16]},
						{"origin": [1.175, -9.7, 28.5], "size": [2.5, 3, 2.5], "pivot": [-0.25, 19.3, 29.75], "rotation": [-90, 0, 0], "uv": [40, 47]},
						{"origin": [1.175, -9.7, 28.5], "size": [2.5, 3, 2.5], "pivot": [-0.25, 19.3, 29.75], "rotation": [-90, 0, 60], "uv": [0, 47]},
						{"origin": [1.175, -9.7, 28.5], "size": [2.5, 3, 2.5], "pivot": [-0.25, 19.3, 29.75], "rotation": [-90, 0, 30], "uv": [32, 45]},
						{"origin": [1.175, -9.7, 28.5], "size": [2.5, 3, 2.5], "pivot": [-0.25, 19.3, 29.75], "rotation": [-90, 0, 120], "uv": [24, 45]},
						{"origin": [1.175, -9.7, 28.5], "size": [2.5, 3, 2.5], "pivot": [-0.25, 19.3, 29.75], "rotation": [-90, 0, 150], "uv": [44, 37]}
					]
				},
				{
					"name": "lamp3",
					"pivot": [2.07708, -6.47708, 27.375],
					"rotation": [7.5, 0, 0],
					"cubes": [
						{"origin": [2.175, -11.7, 28.5], "size": [2.5, 3, 2.7], "pivot": [-0.25, 19.3, 29.75], "rotation": [-90, 0, -180], "uv": [44, 4]},
						{"origin": [2.175, -11.7, 28.5], "size": [2.5, 3, 2.7], "pivot": [-0.25, 19.3, 29.75], "rotation": [-90, 0, -60], "uv": [6, 44]},
						{"origin": [-2, 20.975, 0], "size": [2.5, 3, 2.7], "pivot": [-0.25, 23.475, 1.25], "rotation": [-90, 0, -90], "uv": [43, 32]},
						{"origin": [2.175, -11.7, 28.5], "size": [2.5, 3, 2.7], "pivot": [-0.25, 19.3, 29.75], "rotation": [-90, 0, -120], "uv": [43, 25]},
						{"origin": [2.175, -11.7, 28.5], "size": [2.5, 3, 2.7], "pivot": [-0.25, 19.3, 29.75], "rotation": [-90, 0, -150], "uv": [16, 43]},
						{"origin": [2.175, -11.7, 28.5], "size": [2.5, 3, 2.7], "pivot": [-0.25, 19.3, 29.75], "rotation": [-90, 0, -30], "uv": [42, 42]},
						{"origin": [2.175, -11.7, 28.5], "size": [2.5, 3, 2.7], "pivot": [-0.25, 19.3, 29.75], "rotation": [-90, 0, 0], "uv": [41, 20]},
						{"origin": [2.175, -11.7, 28.5], "size": [2.5, 3, 2.7], "pivot": [-0.25, 19.3, 29.75], "rotation": [-90, 0, 60], "uv": [40, 13]},
						{"origin": [2.175, -11.7, 28.5], "size": [2.5, 3, 2.7], "pivot": [-0.25, 19.3, 29.75], "rotation": [-90, 0, 30], "uv": [34, 40]},
						{"origin": [2.175, -11.7, 28.5], "size": [2.5, 3, 2.7], "pivot": [-0.25, 19.3, 29.75], "rotation": [-90, 0, 90], "uv": [26, 40]},
						{"origin": [2.175, -11.7, 28.5], "size": [2.5, 3, 2.7], "pivot": [-0.25, 19.3, 29.75], "rotation": [-90, 0, 120], "uv": [0, 40]},
						{"origin": [2.175, -11.7, 28.5], "size": [2.5, 3, 2.7], "pivot": [-0.25, 19.3, 29.75], "rotation": [-90, 0, 150], "uv": [18, 38]}
					]
				},
				{
					"name": "lamp4",
					"pivot": [2.07708, -6.47708, 27.375],
					"rotation": [7.5, 0, 0],
					"cubes": [
						{"origin": [3.175, -13.7, 28.5], "size": [2.5, 3, 3.2], "pivot": [-0.25, 19.3, 29.75], "rotation": [-90, 0, -180], "uv": [36, 6]},
						{"origin": [3.175, -13.7, 28.5], "size": [2.5, 3, 3.2], "pivot": [-0.25, 19.3, 29.75], "rotation": [-90, 0, -60], "uv": [36, 0]},
						{"origin": [-1, 18.975, 0], "size": [2.5, 3, 3.2], "pivot": [-0.25, 23.475, 1.25], "rotation": [-90, 0, -90], "uv": [34, 34]},
						{"origin": [3.175, -13.7, 28.5], "size": [2.5, 3, 3.2], "pivot": [-0.25, 19.3, 29.75], "rotation": [-90, 0, -120], "uv": [24, 34]},
						{"origin": [3.175, -13.7, 28.5], "size": [2.5, 3, 3.2], "pivot": [-0.25, 19.3, 29.75], "rotation": [-90, 0, -150], "uv": [0, 34]},
						{"origin": [3.175, -13.7, 28.5], "size": [2.5, 3, 3.2], "pivot": [-0.25, 19.3, 29.75], "rotation": [-90, 0, -30], "uv": [33, 22]},
						{"origin": [3.175, -13.7, 28.5], "size": [2.5, 3, 3.2], "pivot": [-0.25, 19.3, 29.75], "rotation": [-90, 0, 0], "uv": [33, 16]},
						{"origin": [3.175, -13.7, 28.5], "size": [2.5, 3, 3.2], "pivot": [-0.25, 19.3, 29.75], "rotation": [-90, 0, 60], "uv": [17, 31]},
						{"origin": [3.175, -13.7, 28.5], "size": [2.5, 3, 3.2], "pivot": [-0.25, 19.3, 29.75], "rotation": [-90, 0, 30], "uv": [7, 31]},
						{"origin": [3.175, -13.7, 28.5], "size": [2.5, 3, 3.2], "pivot": [-0.25, 19.3, 29.75], "rotation": [-90, 0, 90], "uv": [27, 28]},
						{"origin": [3.175, -13.7, 28.5], "size": [2.5, 3, 3.2], "pivot": [-0.25, 19.3, 29.75], "rotation": [-90, 0, 120], "uv": [26, 13]},
						{"origin": [3.175, -13.7, 28.5], "size": [2.5, 3, 3.2], "pivot": [-0.25, 19.3, 29.75], "rotation": [-90, 0, 150], "uv": [20, 25]}
					]
				},
				{
					"name": "light",
					"pivot": [-1.69808, 8.37692, 12.925],
					"rotation": [7.5, 0, 0]
				}
			]
		}
	]
}