{
  "format_version": "1.10.0",
  "animation_controllers": {
    "controller.animation.jum_tert": {
      "initial_state": "default",
      "states": {
        "default": {
          "transitions": [
            {
              "attack": "variable.attack_time \u003e 0 \u0026\u0026 !query.is_stunned"
            },
            {
              "add": "query.has_rider \u0026\u0026 !query.is_stunned"
            }
          ]
        },
        "attack": {
          "transitions": [
            {
              "default": "1.0"
            }
          ],
          "on_entry": [
            "/function jum_rf",
            "/tag @s add tert"
          ]
        },
        "add": {
          "transitions": [
            {
              "default": "1.0"
            }
          ],
          "on_entry": [
            "/scoreboard objectives add blue dummy",
            "/scoreboard players add @e[r\u003d3,type\u003d!ag1:blue,family\u003d!rf] blue 1",
            "/execute @e[scores\u003d{blue\u003d8..1000}] ~ ~ ~ event entity @e[type\u003dag1:blue] ag1:jum_stop",
            "/execute @e[scores\u003d{blue\u003d8..1000}] ~ ~ ~ tag @e[type\u003dag1:blue,r\u003d2] remove blue",
            "/kill @e[scores\u003d{blue\u003d8..1000}]",
            "/scoreboard players set @a[scores\u003d{blue\u003d8..1000}] blue 0"
          ]
        }
      }
    }
  }
}