{
	"file_path": "C:\\Users\\enner\\AppData\\Local\\Packages\\Microsoft.MinecraftUWP_8wekyb3d8bbwe\\LocalState\\games\\com.mojang\\development_resource_packs\\Poppy PlayTime addon RP\\entity\\toys\\boogie_bot_toy.json",
	"file_type": "client_entity",
	"format_version": 1,
	"file_uuid": "69316c4f_7904_4a4c_82d9_7217a9e29275",
	"file_version": 1,
	"cache_content": {
		"children": [
			{
				"open": {
					"format_version": "1.10.0",
					"minecraft:client_entity": {
						"description": {
							"identifier": "ftl:boogie_bot_toy_on",
							"materials": {
								"default": "enderman"
							},
							"textures": {
								"default": "textures/entity/boogie_bot/ftl_boogie_bot_on"
							},
							"geometry": {
								"default": "geometry.ftl_boogie_bot"
							},
							"animations": {
								"moving": "animation.ftl_boogie_bot.moving",
								"ftl_boogie_bot_general": "animation.ftl_boogie_bot.general",
								"running": "animation.ftl_boogie_bot.running",
								"jumping": "animation.ftl_boogie_bot.jumping",
								"looking": "animation.ftl_huggy_wuggy.looking",
								"move": "controller.animation.ftl_boogie_bot.move",
								"general": "controller.animation.ftl_boogie_bot.general",
								"looking_at": "controller.animation.ftl_boogie_bot.looking_at"
							},
							"scripts": {
								"animate": [
									"move",
									"general",
									"looking_at"
								]
							},
							"render_controllers": [
								"controller.render.skeleton"
							],
							"spawn_egg": {
								"texture": "ftl_boogie_bot_spawn",
								"texture_index": 0
							}
						}
					}
				},
				"data": "1.10.0",
				"key": "format_version"
			},
			{
				"open": {
					"format_version": "1.10.0",
					"minecraft:client_entity": {
						"description": {
							"identifier": "ftl:boogie_bot_toy_on",
							"materials": {
								"default": "enderman"
							},
							"textures": {
								"default": "textures/entity/boogie_bot/ftl_boogie_bot_on"
							},
							"geometry": {
								"default": "geometry.ftl_boogie_bot"
							},
							"animations": {
								"moving": "animation.ftl_boogie_bot.moving",
								"ftl_boogie_bot_general": "animation.ftl_boogie_bot.general",
								"running": "animation.ftl_boogie_bot.running",
								"jumping": "animation.ftl_boogie_bot.jumping",
								"looking": "animation.ftl_huggy_wuggy.looking",
								"move": "controller.animation.ftl_boogie_bot.move",
								"general": "controller.animation.ftl_boogie_bot.general",
								"looking_at": "controller.animation.ftl_boogie_bot.looking_at"
							},
							"scripts": {
								"animate": [
									"move",
									"general",
									"looking_at"
								]
							},
							"render_controllers": [
								"controller.render.skeleton"
							],
							"spawn_egg": {
								"texture": "ftl_boogie_bot_spawn",
								"texture_index": 0
							}
						}
					}
				},
				"key": "minecraft:client_entity",
				"is_minified": true,
				"children": {
					"description": {
						"identifier": "ftl:boogie_bot_toy_on",
						"materials": {
							"default": "enderman"
						},
						"textures": {
							"default": "textures/entity/boogie_bot/ftl_boogie_bot_on"
						},
						"geometry": {
							"default": "geometry.ftl_boogie_bot"
						},
						"animations": {
							"moving": "animation.ftl_boogie_bot.moving",
							"ftl_boogie_bot_general": "animation.ftl_boogie_bot.general",
							"running": "animation.ftl_boogie_bot.running",
							"jumping": "animation.ftl_boogie_bot.jumping",
							"looking": "animation.ftl_huggy_wuggy.looking",
							"move": "controller.animation.ftl_boogie_bot.move",
							"general": "controller.animation.ftl_boogie_bot.general",
							"looking_at": "controller.animation.ftl_boogie_bot.looking_at"
						},
						"scripts": {
							"animate": [
								"move",
								"general",
								"looking_at"
							]
						},
						"render_controllers": [
							"controller.render.skeleton"
						],
						"spawn_egg": {
							"texture": "ftl_boogie_bot_spawn",
							"texture_index": 0
						}
					}
				}
			}
		]
	}
}