{
   "resource_pack_name": "vanilla",
   "texture_data": {
      "astegg": {
         "textures": "textures/items/st/astegg"
      },
      "bcmtegg": {
         "textures": "textures/items/bcmtegg"
      },
      "boomboxmantitanegg": {
         "textures": "textures/items/boomboxmantitanegg"
      },
      "bsmtegg": {
         "textures": "textures/items/bsmtegg"
      },
      "cmegg": {
         "textures": "textures/items/cmegg"
      },
      "computermantitanegg": {
         "textures": "textures/items/computermantitanegg"
      },
      "ftstegg": {
         "textures": "textures/items/st/ftstegg"
      },
      "lasermantitanegg": {
         "textures": "textures/items/lasermantitanegg"
      },
      "nokiamantitanegg": {
         "textures": "textures/items/nokiamantitanegg"
      },
      "phonemantitanegg": {
         "textures": "textures/items/phonemantitanegg"
      },
      "pmegg": {
         "textures": "textures/items/pmegg"
      },
      "projectormantitanegg": {
         "textures": "textures/items/projectormantitanegg"
      },
      "sirenmantitanegg": {
         "textures": "textures/items/sirenmantitanegg"
      },
      "speakermantitanegg": {
         "textures": "textures/items/speakermantitanegg"
      },
      "tlmegg": {
         "textures": "textures/items/tlmegg"
      },
      "tvmantitanegg": {
         "textures": "textures/items/tvmantitanegg"
      },
      "vstegg": {
         "textures": "textures/items/st/vstegg"
      }
   },
   "texture_name": "atlas.items"
}