{
   "format_version": "1.8.0",
   "minecraft:client_entity": {
      "description": {
         "animation_controllers": [
            {
               "fly": "controller.animation.titan.fly"
            },
            {
               "general": "controller.animation.57titan.general"
            },
            {
               "looking": "controller.animation.57titan.looking"
            },
            {
               "attack": "controller.animation.57_titan.attack"
            },
            {
               "move": "controller.animation.ztitan.move"
            },
            {
               "spawn": "controller.animation.ztitan.spawn"
            },
            {
               "dead": "controller.animation.ztitan.dead"
            },
            {
               "spawlookn": "controller.animation.zombie_titan.look"
            },
            {
               "summon": "controller.animation.zombie_titan.summon"
            },
            {
               "summon2": "controller.animation.zombie_titan.summon2"
            },
            {
               "summon3": "controller.animation.zombie_titan.summon3"
            },
            {
               "summon4": "controller.animation.zombie_titan.summon4"
            },
            {
               "summon6": "controller.animation.zombie_titan.summon6"
            },
            {
               "summon7": "controller.animation.ws_titan.summon7"
            },
            {
               "summon9": "controller.animation.zombie_titan.summon9"
            },
            {
               "slash": "controller.animation.zombie_titan.slash"
            },
            {
               "fall": "controller.animation.ztitan.fall"
            }
         ],
         "animations": {
            "attack": "animation.skeleton_titan.attack",
            "attack2": "animation.skeleton_titan.attack2",
            "attack3": "animation.skeleton_titan.attack3",
            "attack4": "animation.wskeleton_titan.attack4",
            "dead": "animation.skeleton_titan.newdead",
            "fall": "animation.zombie_titan.fall",
            "fly": "animation.zombie_titan.fly",
            "general": "animation.zombie_titan.general",
            "look_at_target_default": "animation.humanoid.look_at_target.default.v1.0",
            "look_at_target_gliding": "animation.humanoid.look_at_target.gliding.v1.0",
            "look_at_target_swimming": "animation.humanoid.look_at_target.swimming.v1.0",
            "looking": "animation.zombie_titan.look",
            "move": "animation.skeleton_titan.move",
            "slash": "animation.ws_titan.slash",
            "spawn": "animation.skeleton_titan.spawn",
            "summon": "animation.s_titan.summon",
            "summon2": "animation.s_titan.summon2",
            "summon3": "animation.s_titan.summon3",
            "summon4": "animation.zombie_titan.summon4",
            "summon6": "animation.s_titan.summon6",
            "summon7": "animation.wskeleton_titan.summon7",
            "summon9": "animation.ws_titan.summon9"
         },
         "enable_attachables": true,
         "geometry": {
            "default": "geometry.cameraman_titan"
         },
         "identifier": "stmc:cameraman_titan",
         "materials": {
            "default": "zombie"
         },
         "particle_effects": {
            "fly": "57:titan_fly"
         },
         "render_controllers": [
            "controller.render.zombie",
            "controller.render.creeper_armor"
         ],
         "scripts": {
            "pre_animation": [
               "variable.tcos0 = (Math.cos(query.modified_distance_moved * 38.17) * query.modified_move_speed / variable.gliding_speed_value) * 57.3;"
            ],
            "scale": "3"
         },
         "spawn_egg": {
            "texture": "cmegg",
            "texture_index": 0
         },
         "textures": {
            "default": "textures/entity/titans/cameraman_titan"
         }
      }
   }
}