{
	"format_version": "1.8.0",
	"animations": {
		"animation.cw.bob": {
			"loop": true,
			"animation_length": 3,
			"bones": {
				"bone6": {
					"scale": [0.8, 0.8, 1]
				},
				"bone5": {
					"rotation": {
						"0.0": [0, 0, 0],
						"1.5": [2.5, 0, 0],
						"3.0": [0, 0, 0]
					},
					"position": [0, 0, 0]
				},
				"Tangan2": {
					"rotation": {
						"0.0": [0, 0, 0],
						"1.5": [0, 0, 5],
						"3.0": [0, 0, 0]
					}
				},
				"Tangan": {
					"rotation": {
						"0.0": [0, 0, 0],
						"1.5": [0, 0, -5],
						"3.0": [0, 0, 0]
					}
				},
				"Afi": {
					"scale": [0.5, 0.5, 1]
				}
			}
		},
		"animation.cw.bow_and_arrow": {
			"loop": true,
			"animation_length": 8,
			"bones": {
				"Body": {
					"rotation": {
						"0.9583": [0, 0, 0],
						"1.2083": [0, 0, -5],
						"6.5": [0, 0, -5],
						"7.0": [0, 0, 0]
					},
					"position": {
						"0.9583": [0, 0, 0],
						"1.2083": [-2, 0, 0],
						"6.5": [-2, 0, 0],
						"7.0": [0, 0, 0]
					}
				},
				"bone5": {
					"rotation": {
						"1.0833": [0, 0, 0],
						"1.25": [14.94548, -1.29256, 4.83045],
						"1.4167": [14.94548, -1.29256, 4.83045],
						"1.4583": [6.61215, -1.29256, 4.83045],
						"1.75": [14.94548, -1.29256, 4.83045],
						"2.9583": [14.94548, -1.29256, 4.83045],
						"3.0": [1.5427, -1.29256, 4.83045],
						"3.25": [14.0427, -1.29256, 4.83045],
						"4.4583": [13.97326, -1.29256, 4.83045],
						"4.5": [1.47326, -1.29256, 4.83045],
						"4.75": [13.97326, -1.29256, 4.83045],
						"5.9583": [14.25104, -1.29256, 4.83045],
						"6.0": [11.75104, -1.29256, 4.83045],
						"6.25": [14.25104, -1.29256, 4.83045],
						"6.5": [14.94548, -1.29256, 4.83045],
						"7.0": [0, 0, 0]
					}
				},
				"Tembak": {
					"rotation": {
						"0.6667": [0, 0, 0],
						"0.8333": [77.30315, -0.668, 1.80412],
						"6.5": [77.30315, -0.668, 1.80412],
						"7.0": [0, 0, 0]
					},
					"position": {
						"1.4583": [0, 0, 0],
						"1.5": [0, -2, 1],
						"1.75": [0, 0, 0],
						"2.9583": [0, 0, 0],
						"3.0": [0, -2, 1],
						"3.25": [0, 0, 0],
						"4.4583": [0, 0, 0],
						"4.5": [0, -2, 1],
						"4.75": [0, 0, 0],
						"5.9583": [0, 0, 0],
						"6.0": [0, -2, 1],
						"6.25": [0, 0, 0],
						"6.5": [0, 0, 0]
					}
				},
				"Tangan2": {
					"rotation": {
						"0.5": [0, 0, 0],
						"0.75": [12.5, 0, 12.5],
						"1.0": [12.48848, 0.54094, 10.05919],
						"6.5": [12.48848, 0.54094, 10.05919],
						"7.0": [0, 0, 0]
					}
				},
				"bone": {
					"rotation": {
						"0.75": [0, 0, 0],
						"1.0": [0, 0, -32.5],
						"6.5": [0, 0, -32.5],
						"7.0": [0, 0, 0]
					}
				},
				"Tangan": {
					"rotation": {
						"0.5": [0, 0, 0],
						"0.75": [10.12155, -1.44978, -12.15685],
						"1.0": [10.04983, -1.88765, -9.69444],
						"6.5": [10.04983, -1.88765, -9.69444],
						"7.0": [0, 0, 0]
					}
				},
				"bone2": {
					"rotation": {
						"0.75": [0, 0, 0],
						"1.0": [0, 0, 27.5],
						"6.5": [0, 0, 27.5],
						"7.0": [0, 0, 0]
					}
				},
				"Leher": {
					"rotation": {
						"0.8333": [0, 0, 0],
						"1.0": [130, 0, 0],
						"6.5": [130, 0, 0],
						"7.0": [0, 0, 0]
					}
				},
				"bone6": {
					"rotation": {
						"0.0": [0, 0, 0],
						"0.0833": [0, 12.5, 0],
						"0.1667": [0, 12.5, 0],
						"0.25": [4.68453, -10.11005, 1.31924],
						"0.3333": [4.68453, -10.11005, 1.31924],
						"0.4167": [-0.43505, 4.68117, 3.82301],
						"0.5": [-0.43505, 4.68117, 3.82301],
						"0.5833": [7.06233, -7.81847, 3.91806],
						"0.6667": [7.06233, -7.81847, 3.91806],
						"0.75": [0, 0, 0],
						"0.8333": [0, 0, 0],
						"1.0": [-145, 0, 0],
						"6.5": [-145, 0, 0],
						"7.0": [0, 0, 0]
					},
					"position": {
						"0.8333": [0, 0, 0],
						"1.0": [0, 0, 1],
						"6.5": [0, 0, 1]
					}
				},
				"Lamrah": {
					"position": {
						"1.0833": [0, 0, 0],
						"1.125": [0, 0, -7],
						"6.5": [0, 0, -7],
						"6.5417": [0, 0, 0]
					}
				},
				"Lampu": {
					"position": {
						"1.0833": [0, 0, 0],
						"1.125": [0, 0, 6],
						"6.5": [0, 0, 6],
						"6.5417": [0, 0, 0]
					}
				},
				"RightLeg": {
					"rotation": {
						"0.75": [0, 0, 0],
						"0.9583": [-24.81197, 3.1622, 6.80423],
						"1.2083": [-6.47594, 7.30111, 15.9477],
						"6.5": [-6.47594, 7.30111, 15.9477],
						"7.0": [0, 0, 0]
					}
				},
				"bone3": {
					"rotation": {
						"0.75": [0, 0, 0],
						"1.0": [17.5, 0, 0],
						"6.5": [17.5, 0, 0]
					}
				},
				"LeftLeg": {
					"rotation": {
						"0.75": [0, 0, 0],
						"1.0": [-7.5, 0, 0],
						"6.5": [-7.5, 0, 0]
					}
				},
				"bone4": {
					"rotation": {
						"0.75": [0, 0, 0],
						"1.0": [17.5, 0, 0],
						"6.5": [17.5, 0, 0]
					}
				},
				"Afi": {
					"position": {
						"0.875": [0, 0, -8],
						"3.0": [0, 0, -8],
						"4.5": [0, 0, -8],
						"6.0": [0, 0, -8]
					},
					"scale": {
						"0.8333": [1, 1, 0],
						"0.875": [1, 1, 16.6],
						"0.9167": [1, 1, 16.6],
						"0.9583": [1, 1, 0],
						"2.9583": [1, 1, 0],
						"3.0": [1, 1, 16.6],
						"3.0417": [1, 1, 16.6],
						"3.0833": [1, 1, 0],
						"4.4583": [1, 1, 0],
						"4.5": [1, 1, 16.6],
						"4.5417": [1, 1, 16.6],
						"4.5833": [1, 1, 0],
						"5.9583": [1, 1, 0],
						"6.0": [1, 1, 16.6],
						"6.0417": [1, 1, 16.6],
						"6.0833": [1, 1, 0]
					}
				}
			}
		},
		"animation.cw.walk": {
			"loop": true,
			"animation_length": 2,
			"bones": {
				"Tangan2": {
					"rotation": [25, 0, 0]
				},
				"bone": {
					"rotation": [0, 0, -50]
				},
				"Tangan": {
					"rotation": [25, 0, 0]
				},
				"bone2": {
					"rotation": [0, 0, 52.5]
				},
				"RightLeg": {
					"rotation": {
						"0.0": [-17.5, 0, 0],
						"0.9583": [20, 0, 0],
						"2.0": [-17.5, 0, 0]
					}
				},
				"bone3": {
					"rotation": {
						"1.0": [0, 0, 0],
						"1.5": [30, 0, 0],
						"2.0": [0, 0, 0]
					}
				},
				"LeftLeg": {
					"rotation": {
						"0.0": [22.5, 0, 0],
						"1.0": [-17.5, 0, 0],
						"2.0": [22.5, 0, 0]
					}
				},
				"bone4": {
					"rotation": {
						"0.0": [0, 0, 0],
						"0.5": [30, 0, 0],
						"1.0": [0, 0, 0]
					}
				}
			}
		}
	}
}