{
	"format_version": "1.8.0",
	"animations": {
		"animation.gman.bob": {
			"loop": true,
			"animation_length": 4.75,
			"bones": {
				"Head3": {
					"rotation": {
						"0.5": [0, 0, 0],
						"0.5833": [5, 0, 0],
						"0.6667": [0, 0, 0],
						"1.4167": [0, 0, 0],
						"1.5": [0, 0, 5],
						"1.5833": [0, 0, 0],
						"1.6667": [0, 0, 0],
						"1.75": [0, 0, -5],
						"1.8333": [0, 0, 0]
					},
					"position": {
						"0.0": [0, 0, 0],
						"0.5833": [0, 0, 0],
						"0.6667": [0, 0, -3],
						"0.75": [0, 0, 0],
						"2.0": [0, 0, 0],
						"2.0833": [0, 1, 0],
						"2.1667": [0, 1, 0],
						"2.25": [0, 0, 0],
						"2.3333": [0, 1, 0],
						"2.4167": [0, 1, 0],
						"2.5": [0, 0, 0],
						"3.75": [0, 0, 0],
						"3.8333": [0, 1, 0],
						"3.9167": [0, 1, 0],
						"4.0": [0, 0, 0],
						"4.0833": [0, 0, 0],
						"4.1667": [0, 1, 0],
						"4.25": [0, 1, 0],
						"4.4167": [0, 0, 0]
					}
				},
				"Bibir": {
					"position": [0, 0, 0]
				},
				"Bibir2": {
					"position": {
						"0.0": [0, 0, 0],
						"0.5": [0, 0, 0],
						"0.5833": [0, -1, 0],
						"0.7083": [0, -1, 0],
						"0.7917": [0, 0, 0],
						"1.0": [0, 0, 0],
						"1.0833": [0, -1, 0],
						"1.1667": [0, 0, 0],
						"1.25": [0, -1, 0],
						"1.3333": [0, 0, 0],
						"1.4167": [0, 0, 0],
						"1.5": [0, -1, 0],
						"1.5833": [0, 0, 0],
						"1.6667": [0, 0, 0],
						"1.75": [0, -1, 0],
						"1.8333": [0, 0, 0],
						"1.9167": [0, -1, 0],
						"2.0": [0, 0, 0],
						"2.0833": [0, -2, 0],
						"2.1667": [0, -2, 0],
						"2.25": [0, 0, 0],
						"2.3333": [0, -2, 0],
						"2.4167": [0, -2, 0],
						"2.5": [0, 0, 0],
						"2.6667": [0, 0, 0],
						"2.75": [0, -1, 0],
						"2.8333": [0, 0, 0],
						"2.9167": [0, -1, 0],
						"3.0": [0, 0, 0],
						"3.25": [0, 0, 0],
						"3.3333": [0, -1, 0],
						"3.4167": [0, 0, 0],
						"3.5": [0, -1, 0],
						"3.5833": [0, 0, 0],
						"3.75": [0, 0, 0],
						"3.8333": [0, -2, 0],
						"3.9167": [0, -2, 0],
						"4.0": [0, 0, 0],
						"4.0833": [0, 0, 0],
						"4.1667": [0, -2, 0],
						"4.25": [0, -2, 0],
						"4.4167": [0, 0, 0]
					}
				},
				"bone3": {
					"position": {
						"0.0": [0, 0, 0],
						"0.5": [0, 0, 0],
						"0.5833": [0, -1, 0],
						"0.7083": [0, -1, 0],
						"0.7917": [0, 0, 0],
						"1.4167": [0, 0, 0],
						"1.5": [0, -1, 0],
						"1.5833": [0, 0, 0],
						"1.6667": [0, 0, 0],
						"1.75": [0, -1, 0],
						"1.8333": [0, 0, 0],
						"1.9167": [0, -1, 0],
						"2.0": [0, 0, 0],
						"2.0833": [0, -1, 0],
						"2.1667": [0, -1, 0],
						"2.25": [0, 0, 0],
						"2.3333": [0, -1, 0],
						"2.4167": [0, -1, 0],
						"2.5": [0, 0, 0],
						"3.25": [0, 0, 0],
						"3.3333": [0, -1, 0],
						"3.4167": [0, 0, 0],
						"3.5": [0, -1, 0],
						"3.5833": [0, 0, 0],
						"3.75": [0, 0, 0],
						"3.8333": [0, -1, 0],
						"3.9167": [0, -1, 0],
						"4.0": [0, 0, 0],
						"4.0833": [0, 0, 0],
						"4.1667": [0, -1, 0],
						"4.25": [0, -1, 0],
						"4.4167": [0, 0, 0]
					}
				},
				"Alis": {
					"position": {
						"0.0": [0, 0, 0],
						"2.0": [0, 0, 0],
						"2.0833": [0, 1, 0],
						"2.1667": [0, 1, 0],
						"2.25": [0, 0, 0],
						"2.3333": [0, 1, 0],
						"2.4167": [0, 1, 0],
						"2.5": [0, 0, 0],
						"3.75": [0, 0, 0],
						"3.8333": [0, 1, 0],
						"3.9167": [0, 1, 0],
						"4.0": [0, 0, 0],
						"4.0833": [0, 0, 0],
						"4.1667": [0, 1, 0],
						"4.25": [0, 1, 0],
						"4.4167": [0, 0, 0]
					}
				},
				"Mata": {
					"position": {
						"0.0": [0, 0, 1],
						"2.0833": [0, 0, 1]
					},
					"scale": 1
				},
				"Tembak2": {
					"rotation": [35, 0, 0]
				},
				"Laser3": {
					"position": [0, -5, 0],
					"scale": [1, 0.1, 1]
				},
				"Tembak3": {
					"rotation": [35, 0, 0]
				},
				"Laser2": {
					"position": [0, -5, 0],
					"scale": [1, 0.1, 1]
				},
				"Api": {
					"position": {
						"0.0": [0, 11, 0],
						"0.0833": [0, 0, 0],
						"0.1667": [0, 11, 0],
						"0.25": [0, 0, 0],
						"0.3333": [0, 11, 0],
						"0.4167": [0, 0, 0],
						"0.5": [0, 11, 0],
						"0.5833": [0, 0, 0],
						"0.6667": [0, 11, 0],
						"0.75": [0, 0, 0],
						"0.8333": [0, 11, 0],
						"0.9167": [0, 0, 0],
						"1.0": [0, 11, 0],
						"1.0833": [0, 0, 0],
						"1.1667": [0, 11, 0],
						"1.25": [0, 0, 0],
						"1.3333": [0, 11, 0],
						"1.4167": [0, 0, 0],
						"1.5": [0, 11, 0],
						"1.5833": [0, 0, 0],
						"1.6667": [0, 11, 0],
						"1.75": [0, 0, 0],
						"1.8333": [0, 11, 0],
						"1.9167": [0, 0, 0],
						"2.0": [0, 11, 0],
						"2.0833": [0, 0, 0],
						"2.1667": [0, 11, 0],
						"2.25": [0, 0, 0],
						"2.3333": [0, 11, 0],
						"2.4167": [0, 0, 0],
						"2.5": [0, 11, 0],
						"2.5833": [0, 0, 0],
						"2.6667": [0, 11, 0],
						"2.75": [0, 0, 0],
						"2.8333": [0, 11, 0],
						"2.9167": [0, 0, 0],
						"3.0": [0, 11, 0],
						"3.0833": [0, 0, 0],
						"3.1667": [0, 11, 0],
						"3.25": [0, 0, 0],
						"3.3333": [0, 11, 0],
						"3.4167": [0, 0, 0],
						"3.5": [0, 11, 0],
						"3.5833": [0, 0, 0],
						"3.6667": [0, 11, 0],
						"3.75": [0, 0, 0],
						"3.8333": [0, 11, 0],
						"3.9167": [0, 0, 0],
						"4.0": [0, 11, 0],
						"4.0833": [0, 0, 0],
						"4.1667": [0, 11, 0],
						"4.25": [0, 0, 0],
						"4.3333": [0, 11, 0],
						"4.4167": [0, 0, 0],
						"4.5": [0, 11, 0],
						"4.5833": [0, 0, 0],
						"4.6667": [0, 11, 0],
						"4.75": [0, 0, 0]
					}
				},
				"Api3": {
					"position": {
						"0.0": [0, 0, 0],
						"0.0833": [0, 11, 0],
						"0.1667": [0, 0, 0],
						"0.25": [0, 11, 0],
						"0.3333": [0, 0, 0],
						"0.4167": [0, 11, 0],
						"0.5": [0, 0, 0],
						"0.5833": [0, 11, 0],
						"0.6667": [0, 0, 0],
						"0.75": [0, 11, 0],
						"0.8333": [0, 0, 0],
						"0.9167": [0, 11, 0],
						"1.0": [0, 0, 0],
						"1.0833": [0, 11, 0],
						"1.1667": [0, 0, 0],
						"1.25": [0, 11, 0],
						"1.3333": [0, 0, 0],
						"1.4167": [0, 11, 0],
						"1.5": [0, 0, 0],
						"1.5833": [0, 11, 0],
						"1.6667": [0, 0, 0],
						"1.75": [0, 11, 0],
						"1.8333": [0, 0, 0],
						"1.9167": [0, 11, 0],
						"2.0": [0, 0, 0],
						"2.0833": [0, 11, 0],
						"2.1667": [0, 0, 0],
						"2.25": [0, 11, 0],
						"2.3333": [0, 0, 0],
						"2.4167": [0, 11, 0],
						"2.5": [0, 0, 0],
						"2.5833": [0, 11, 0],
						"2.6667": [0, 0, 0],
						"2.75": [0, 11, 0],
						"2.8333": [0, 0, 0],
						"2.9167": [0, 11, 0],
						"3.0": [0, 0, 0],
						"3.0833": [0, 11, 0],
						"3.1667": [0, 0, 0],
						"3.25": [0, 11, 0],
						"3.3333": [0, 0, 0],
						"3.4167": [0, 11, 0],
						"3.5": [0, 0, 0],
						"3.5833": [0, 11, 0],
						"3.6667": [0, 0, 0],
						"3.75": [0, 11, 0],
						"3.8333": [0, 0, 0],
						"3.9167": [0, 11, 0],
						"4.0": [0, 0, 0],
						"4.0833": [0, 11, 0],
						"4.1667": [0, 0, 0],
						"4.25": [0, 11, 0],
						"4.3333": [0, 0, 0],
						"4.4167": [0, 11, 0],
						"4.5": [0, 0, 0],
						"4.5833": [0, 11, 0],
						"4.6667": [0, 0, 0],
						"4.75": [0, 11, 0]
					}
				},
				"Head": {
					"rotation": {
						"0.0": [0, 0, 0],
						"1.0": [0, 0, 2.5],
						"2.0": [0, 0, 0],
						"3.0": [0.56992, 0.27306, -2.41746],
						"4.75": [0, 0, 0]
					},
					"position": {
						"0.0": [0, 13, 0],
						"2.0": [0, 13, 0],
						"3.0": [0, 13, 0],
						"4.75": [0, 13, 0]
					}
				},
				"Tembak6": {
					"rotation": [35.19772, 1.54346, 0.6486]
				},
				"Laser6": {
					"position": [0, -5, 0],
					"scale": [1, 0.1, 1]
				},
				"Tembak7": {
					"rotation": [35.0642, 0.50514, 0.23798]
				},
				"Laser7": {
					"position": [0, -5, 0],
					"scale": [1, 0.1, 1]
				},
				"Tembak5": {
					"rotation": [35.0642, 0.50514, 0.23798]
				},
				"Laser5": {
					"position": [0, -5, 0],
					"scale": [1, 0.1, 1]
				},
				"Tembak4": {
					"rotation": [35.0642, 0.50514, 0.23798]
				},
				"Laser4": {
					"position": [0, -5, 0],
					"scale": [1, 0.1, 1]
				}
			},
			"sound_effects": {
				"0.0": {
					"effect": "y2mate.com.mp3"
				}
			}
		},
		"animation.gman.bow_and_arrow": {
			"loop": true,
			"animation_length": 5.5,
			"bones": {
				"Alis": {
					"position": {
						"0.0": [0, 0, 0],
						"0.8": [0, 0.2, 0],
						"1.0": [0, 2, 0],
						"1.2": [0, -0.17, 0],
						"1.4": [0, 0.12, 0],
						"1.5": [0, 2.27, 0],
						"2.7": [0, 2.27, 0],
						"3.0": [0, 0.27, 0]
					}
				},
				"Mata": {
					"position": [0, 0, -1],
					"scale": {
						"0.0": [1, 0, 1],
						"1.1": [1, 0, 1],
						"1.3": [1, 0.7333, 1],
						"1.4": [1, 0.7333, 1],
						"1.5": [1, 1.1, 1],
						"4.2": [1, 1.1, 1],
						"4.4": [0.6, 0, 1]
					}
				},
				"bone6": {
					"rotation": {
						"1.2": [0, 0, 0],
						"1.5": [0, 0, 15],
						"4.2": [0, 0, 15],
						"4.7": [0, 0, 0]
					}
				},
				"bone5": {
					"rotation": {
						"1.2": [0, 0, 0],
						"1.5": [0, 0, -15],
						"4.2": [0, 0, -15],
						"4.7": [0, 0, 0]
					}
				},
				"Tembak2": {
					"rotation": {
						"0.0": [0, 0, 0],
						"1.2": [-35, 0, 0],
						"4.8": [-35, 0, 0],
						"5.5": [0, 0, 0]
					}
				},
				"Laser3": {
					"scale": {
						"0.0": [1, 1, 1],
						"1.4": [1, 1, 1],
						"1.5": [1, 53.8, 1]
					}
				},
				"Tembak3": {
					"rotation": {
						"0.0": [0, 0, 0],
						"1.2": [-35, 0, 0],
						"4.8": [-35, 0, 0],
						"5.5": [0, 0, 0]
					}
				},
				"Laser2": {
					"position": [0, 0, 0],
					"scale": {
						"0.0": [1, 1, 1],
						"1.4": [1, 1, 1],
						"1.5": [1, 53.8, 1]
					}
				},
				"Tembak6": {
					"rotation": {
						"0.0": [0, 0, 0],
						"1.2": [-35, 0, 0],
						"4.8": [-35, 0, 0],
						"5.5": [0, 0, 0]
					}
				},
				"Laser6": {
					"position": [0, 0, 0],
					"scale": {
						"0.0": [1, 1, 1],
						"1.4": [1, 1, 1],
						"1.5": [1, 53.8, 1]
					}
				},
				"Tembak7": {
					"rotation": {
						"0.0": [0, 0, 0],
						"1.2": [-35, 0, 0],
						"4.8": [-35, 0, 0],
						"5.5": [0, 0, 0]
					}
				},
				"Laser7": {
					"position": [0, 0, 0],
					"scale": {
						"0.0": [1, 1, 1],
						"1.4": [1, 1, 1],
						"1.5": [1, 53.8, 1]
					}
				},
				"Tembak5": {
					"rotation": {
						"0.0": [0, 0, 0],
						"1.2": [-35, 0, 0],
						"4.8": [-35, 0, 0],
						"5.5": [0, 0, 0]
					}
				},
				"Laser5": {
					"position": [0, 0, 0],
					"scale": {
						"0.0": [1, 1, 1],
						"1.4": [1, 1, 1],
						"1.5": [1, 53.8, 1]
					}
				},
				"Tembak4": {
					"rotation": {
						"0.0": [0, 0, 0],
						"1.2": [-35, 0, 0],
						"4.8": [-35, 0, 0],
						"5.5": [0, 0, 0]
					}
				},
				"Laser4": {
					"position": [0, 0, 0],
					"scale": {
						"0.0": [1, 1, 1],
						"1.4": [1, 1, 1],
						"1.5": [1, 53.8, 1]
					}
				}
			}
		},
		"animation.gman.walk": {
			"loop": true,
			"animation_length": 3.25,
			"bones": {
				"Head": {
					"rotation": {
						"0.0": [0, 0, 0],
						"1.5": [-5, 0, 0],
						"1.75": [0, 0, 0],
						"2.75": [7.5, 0, 0],
						"3.25": [0, 0, 0]
					},
					"position": {
						"0.0": [0, 0, 0],
						"1.5": [0, 6, 2],
						"1.75": [0, 7, 1],
						"2.25": [0, 7, 0],
						"2.75": [0, 4, 0],
						"3.25": [0, 0, 0]
					}
				}
			}
		}
	}
}