{
	"format_version": "1.8.0",
	"animations": {
		"animation.tpeg.bob": {
			"loop": true,
			"animation_length": 15.25,
			"bones": {
				"bone8": {
					"rotation": {
						"0.0": [0, 0, 10],
						"9.5": [0, 0, 10],
						"9.75": [0, 0, 57.5],
						"10.0": [0, 0, 57.5],
						"10.25": [0, 0, 20]
					}
				},
				"bone7": {
					"rotation": [0, 0, -12.5]
				},
				"Jectpack": {
					"position": [0, 11, 0],
					"scale": 1.2
				},
				"Roket4": {
					"scale": {
						"0.0": [1.4, 1.1, 1.3],
						"10.125": [1.4, 1.1, 1.3]
					}
				},
				"Roket5": {
					"position": [10, -3, 0],
					"scale": [1, 0.9, 1]
				},
				"Jari": {
					"rotation": [0, 0, -10]
				},
				"Jar": {
					"rotation": [0, 0, -22.5]
				},
				"Jari2": {
					"rotation": [0, 0, -7.5]
				},
				"Jar2": {
					"rotation": [0, 0, -22.5]
				},
				"Jari4": {
					"rotation": [-1.01842, -0.32211, -2.2575]
				},
				"Jar4": {
					"rotation": [-0.69675, 1.21428, -12.40915]
				},
				"Jari5": {
					"rotation": [2.06754, -22.40972, 2.09039]
				},
				"Jar5": {
					"rotation": [15, 0, 0]
				},
				"Jari3": {
					"rotation": [0, 0, -5]
				},
				"Jar3": {
					"rotation": [0, 0, -17.5]
				},
				"Pinggul": {
					"position": {
						"9.5": [0, 0, 0],
						"9.75": [0, -5, 0],
						"10.0": [0, -8, 0],
						"10.5": [0, 73, 0],
						"11.0": [6, 69, 0],
						"12.0": [1, 73, 0],
						"13.0": [1, 70, 0],
						"15.0": [0, 0, 0]
					}
				},
				"Kaki": {
					"rotation": {
						"0.0": [0, 0, -5],
						"3.0": [0, 0, -5],
						"6.0": [0, 0, -5],
						"9.0": [0, 0, -5],
						"9.5": [0, 0, -5],
						"9.75": [7.5, 0, -5],
						"10.25": [46.83333, 0, -5],
						"11.0": [5.83333, 0, -5],
						"12.0": [0, 0, -5],
						"13.0": [2.5, 0, -5],
						"15.0": [0, 0, -5]
					}
				},
				"Kaki2": {
					"rotation": {
						"0.0": [0, 0, 5],
						"3.0": [0, 0, 5],
						"6.0": [0, 0, 5],
						"9.0": [0, 0, 5],
						"9.5": [0, 0, 5],
						"9.75": [-10, 0, 5],
						"10.0": [-8.88889, 0, 5],
						"10.25": [-23.97834, -5.20376, 7.21008],
						"11.0": [-42.77778, 0, 5],
						"12.0": [-35.27778, 0, 5],
						"13.0": [-40.27778, 0, 5],
						"14.0": [-47.77778, 0, 5],
						"15.0": [0, 0, 5]
					}
				},
				"Body": {
					"rotation": {
						"0.0": [5, 0, 0],
						"0.1667": [17.43, 0, 0],
						"0.75": [17.43, 0, 0],
						"1.0": [5, 0, 0],
						"9.5": [0.83, 0, 0],
						"9.75": [16.79148, -14.38754, -4.28801],
						"10.0": [19.52293, -16.74553, -5.15028],
						"10.25": [28.33, 0, 0],
						"12.0": [28.33, 0, 0],
						"13.5": [28.33, 0, 0],
						"15.0": [0, 0, 0],
						"15.25": [5, 0, 0]
					}
				},
				"Tangan4": {
					"rotation": {
						"0.0": [4.99527, -0.21782, 2.4905],
						"1.0": [7.49527, -0.21782, 2.4905],
						"3.0": [4.99527, -0.21782, 2.4905],
						"4.0": [7.49527, -0.21782, 2.4905],
						"6.0": [4.99527, -0.21782, 2.4905],
						"7.0": [7.49527, -0.21782, 2.4905],
						"9.0": [4.99527, -0.21782, 2.4905],
						"9.5": [6.24527, -0.21782, 2.4905],
						"10.25": [7.27276, -1.83061, 14.88842],
						"11.0": [7.40366, -1.19158, 9.92767],
						"12.0": [7.21969, -2.00927, 16.30671],
						"13.0": [7.38122, -1.30112, 10.77809],
						"14.5": [7.27276, -1.83061, 14.88842],
						"15.0": [4.99527, -0.21782, 2.4905]
					}
				},
				"bone9": {
					"rotation": {
						"0.0": [-10, 0, 0],
						"1.0": [-12.5, 0, 0],
						"3.0": [-10, 0, 0],
						"4.0": [-12.5, 0, 0],
						"6.0": [-10, 0, 0],
						"7.0": [-12.5, 0, 0],
						"9.0": [-10, 0, 0],
						"9.5": [-11.25, 0, 0],
						"9.75": [-76.87, 0, 0],
						"10.0": [-76.87, 0, 0],
						"10.25": [-12.5, 0, 0],
						"12.0": [-10, 0, 0],
						"13.0": [-12.5, 0, 0],
						"15.0": [-10, 0, 0]
					}
				},
				"Tangan2": {
					"rotation": {
						"0.0": [5.13863, -0.05639, -2.49559],
						"1.0": [7.5199, 0.002, -3.25582],
						"3.0": [5.13863, -0.05639, -2.49559],
						"4.0": [7.5199, 0.002, -3.25582],
						"6.0": [5.13863, -0.05639, -2.49559],
						"7.0": [7.5199, 0.002, -3.25582],
						"9.0": [5.13863, -0.05639, -2.49559],
						"9.5": [6.32926, -0.0272, -2.8757],
						"10.25": [39.76594, 1.94301, -18.13257],
						"11.0": [7.40659, 1.30415, -13.17153],
						"12.0": [7.21009, 2.12138, -19.55101],
						"13.0": [7.38247, 1.41367, -14.022],
						"14.5": [7.26594, 1.94301, -18.13257],
						"15.0": [5.13973, -0.07843, -2.49367]
					}
				},
				"bone5": {
					"rotation": {
						"0.0": [-10, 0, 0],
						"1.5": [-12.5, 0, 0],
						"3.0": [-10, 0, 0],
						"4.5": [-12.5, 0, 0],
						"6.0": [-10, 0, 0],
						"7.5": [-12.5, 0, 0],
						"9.0": [-10, 0, 0],
						"9.5": [-10.83, 0, 0],
						"9.75": [-76.25, 0, 0],
						"10.0": [-55, 0, 0],
						"10.25": [-10.83, 0, 0],
						"10.5": [-12.5, 0, 0],
						"12.0": [-10, 0, 0],
						"13.5": [-12.5, 0, 0],
						"15.0": [-10, 0, 0]
					}
				},
				"bone": {
					"rotation": {
						"9.5": [0, 0, 0],
						"9.75": [15, 0, 0],
						"14.0": [15, 0, 0],
						"15.0": [0, 0, 0]
					}
				},
				"Kaki3": {
					"rotation": {
						"9.5": [0, 0, 0],
						"9.75": [9.6281, -1.3113, -0.07398],
						"10.0": [9.6281, -1.3113, -0.07398],
						"10.25": [-2.8719, -1.3113, -0.07398],
						"14.0": [34.6281, -1.3113, -0.07398],
						"15.0": [-0.3719, -1.3113, -0.07398]
					}
				},
				"bone10": {
					"position": {
						"9.9583": [0, 23, 0],
						"10.2083": [0, 0, 0],
						"10.25": [0, 15, 0],
						"10.2917": [0, 0, 0],
						"10.3333": [0, 15, 0],
						"10.375": [0, 0, 0],
						"10.4167": [0, 15, 0],
						"10.4583": [0, 0, 0],
						"10.5": [0, 15, 0],
						"10.5417": [0, 0, 0],
						"10.5833": [0, 15, 0],
						"10.625": [0, 0, 0],
						"10.6667": [0, 15, 0],
						"10.7083": [0, 0, 0],
						"10.75": [0, 15, 0],
						"10.7917": [0, 0, 0],
						"10.8333": [0, 15, 0],
						"10.875": [0, 0, 0],
						"10.9167": [0, 15, 0],
						"10.9583": [0, 0, 0],
						"11.0": [0, 15, 0],
						"11.0417": [0, 0, 0],
						"11.0833": [0, 15, 0],
						"11.125": [0, 0, 0],
						"11.1667": [0, 15, 0],
						"11.2083": [0, 0, 0],
						"11.25": [0, 15, 0],
						"11.2917": [0, 0, 0],
						"11.3333": [0, 15, 0],
						"11.375": [0, 0, 0],
						"11.4167": [0, 15, 0],
						"11.4583": [0, 0, 0],
						"11.5": [0, 15, 0],
						"11.5417": [0, 0, 0],
						"11.5833": [0, 15, 0],
						"11.625": [0, 0, 0],
						"11.6667": [0, 15, 0],
						"11.7083": [0, 0, 0],
						"11.75": [0, 15, 0],
						"11.7917": [0, 0, 0],
						"11.8333": [0, 15, 0],
						"11.875": [0, 0, 0],
						"11.9167": [0, 15, 0],
						"11.9583": [0, 0, 0],
						"12.0": [0, 15, 0],
						"12.0417": [0, 0, 0],
						"12.0833": [0, 15, 0],
						"12.125": [0, 0, 0],
						"12.1667": [0, 15, 0],
						"12.2083": [0, 0, 0],
						"12.25": [0, 15, 0],
						"12.2917": [0, 0, 0],
						"12.3333": [0, 15, 0],
						"12.375": [0, 0, 0],
						"12.4167": [0, 15, 0],
						"12.4583": [0, 0, 0],
						"12.5": [0, 15, 0],
						"12.5417": [0, 0, 0],
						"12.5833": [0, 15, 0],
						"12.625": [0, 0, 0],
						"12.6667": [0, 15, 0],
						"12.7083": [0, 0, 0],
						"12.75": [0, 15, 0],
						"12.7917": [0, 0, 0],
						"12.8333": [0, 15, 0],
						"12.875": [0, 0, 0],
						"12.9167": [0, 15, 0],
						"12.9583": [0, 0, 0],
						"13.0": [0, 15, 0],
						"13.0417": [0, 0, 0],
						"13.0833": [0, 15, 0],
						"13.125": [0, 0, 0],
						"13.1667": [0, 15, 0],
						"13.2083": [0, 0, 0],
						"13.25": [0, 15, 0],
						"13.2917": [0, 0, 0],
						"13.3333": [0, 15, 0],
						"13.375": [0, 0, 0],
						"13.4167": [0, 15, 0],
						"13.4583": [0, 0, 0],
						"13.5": [0, 15, 0],
						"13.5417": [0, 0, 0],
						"13.5833": [0, 15, 0],
						"13.625": [0, 0, 0],
						"13.6667": [0, 15, 0],
						"13.7083": [0, 0, 0],
						"13.75": [0, 15, 0],
						"13.7917": [0, 0, 0],
						"13.8333": [0, 15, 0],
						"13.875": [0, 0, 0],
						"13.9167": [0, 15, 0],
						"13.9583": [0, 0, 0],
						"14.0": [0, 15, 0],
						"14.0417": [0, 0, 0],
						"14.0833": [0, 15, 0],
						"14.125": [0, 0, 0],
						"14.1667": [0, 15, 0],
						"14.2083": [0, 0, 0],
						"14.25": [0, 15, 0],
						"14.2917": [0, 0, 0],
						"14.3333": [0, 15, 0],
						"14.375": [0, 0, 0],
						"14.4167": [0, 15, 0],
						"14.4583": [0, 0, 0],
						"14.5": [0, 15, 0],
						"14.5417": [0, 0, 0],
						"14.5833": [0, 15, 0],
						"14.625": [0, 0, 0],
						"14.6667": [0, 15, 0],
						"14.7083": [0, 0, 0],
						"14.75": [0, 15, 0],
						"14.7917": [0, 0, 0],
						"14.8333": [0, 15, 0],
						"14.875": [0, 0, 0],
						"14.9167": [0, 15, 0],
						"14.9583": [0, 0, 0],
						"15.0": [0, 15, 0]
					},
					"scale": {
						"10.0": [1, 1, 1],
						"10.0417": [1, 4.8, 1],
						"10.2917": [1, 1, 1],
						"13.0": [1, 1, 1],
						"15.0": [1, 0, 1]
					}
				},
				"bone11": {
					"position": [11, 0, 0]
				},
				"bone12": {
					"position": {
						"10.2917": [0, 25, 0],
						"10.3333": [0, 0, 0],
						"10.375": [0, 15, 0],
						"10.4167": [0, 0, 0],
						"10.4583": [0, 15, 0],
						"10.5": [0, 0, 0],
						"10.5417": [0, 15, 0],
						"10.5833": [0, 0, 0],
						"10.625": [0, 15, 0],
						"10.6667": [0, 0, 0],
						"10.7083": [0, 15, 0],
						"10.75": [0, 0, 0],
						"10.7917": [0, 15, 0],
						"10.8333": [0, 0, 0],
						"10.875": [0, 15, 0],
						"10.9167": [0, 0, 0],
						"10.9583": [0, 15, 0],
						"11.0": [0, 0, 0],
						"11.0417": [0, 15, 0],
						"11.0833": [0, 0, 0],
						"11.125": [0, 15, 0],
						"11.1667": [0, 0, 0],
						"11.2083": [0, 15, 0],
						"11.25": [0, 0, 0],
						"11.2917": [0, 15, 0],
						"11.3333": [0, 0, 0],
						"11.375": [0, 15, 0],
						"11.4167": [0, 0, 0],
						"11.4583": [0, 15, 0],
						"11.5": [0, 0, 0],
						"11.5417": [0, 15, 0],
						"11.5833": [0, 0, 0],
						"11.625": [0, 15, 0],
						"11.6667": [0, 0, 0],
						"11.7083": [0, 15, 0],
						"11.75": [0, 0, 0],
						"11.7917": [0, 15, 0],
						"11.8333": [0, 0, 0],
						"11.875": [0, 15, 0],
						"11.9167": [0, 0, 0],
						"11.9583": [0, 15, 0],
						"12.0": [0, 0, 0],
						"12.0417": [0, 15, 0],
						"12.0833": [0, 0, 0],
						"12.125": [0, 15, 0],
						"12.1667": [0, 0, 0],
						"12.2083": [0, 15, 0],
						"12.25": [0, 0, 0],
						"12.2917": [0, 15, 0],
						"12.3333": [0, 0, 0],
						"12.375": [0, 15, 0],
						"12.4167": [0, 0, 0],
						"12.4583": [0, 15, 0],
						"12.5": [0, 0, 0],
						"12.5417": [0, 15, 0],
						"12.5833": [0, 0, 0],
						"12.625": [0, 15, 0],
						"12.6667": [0, 0, 0],
						"12.7083": [0, 15, 0],
						"12.75": [0, 0, 0],
						"12.7917": [0, 15, 0],
						"12.8333": [0, 0, 0],
						"12.875": [0, 15, 0],
						"12.9167": [0, 0, 0],
						"12.9583": [0, 15, 0],
						"13.0": [0, 0, 0],
						"13.0417": [0, 15, 0],
						"13.0833": [0, 0, 0],
						"13.125": [0, 15, 0],
						"13.1667": [0, 0, 0],
						"13.2083": [0, 15, 0],
						"13.25": [0, 0, 0],
						"13.2917": [0, 15, 0],
						"13.3333": [0, 0, 0],
						"13.375": [0, 15, 0],
						"13.4167": [0, 0, 0],
						"13.4583": [0, 15, 0],
						"13.5": [0, 0, 0],
						"13.5417": [0, 15, 0],
						"13.5833": [0, 0, 0],
						"13.625": [0, 15, 0],
						"13.7083": [0, 15, 0],
						"13.75": [0, 0, 0],
						"13.7917": [0, 15, 0],
						"13.8333": [0, 0, 0],
						"13.875": [0, 15, 0],
						"13.9167": [0, 0, 0],
						"13.9583": [0, 15, 0],
						"14.0": [0, 0, 0],
						"14.0417": [0, 15, 0],
						"14.0833": [0, 0, 0],
						"14.125": [0, 15, 0],
						"14.1667": [0, 0, 0],
						"14.2083": [0, 15, 0],
						"14.25": [0, 0, 0],
						"14.2917": [0, 15, 0],
						"14.3333": [0, 0, 0],
						"14.375": [0, 15, 0],
						"14.4167": [0, 0, 0],
						"14.4583": [0, 15, 0],
						"14.5": [0, 0, 0],
						"14.5417": [0, 15, 0],
						"14.5833": [0, 0, 0],
						"14.625": [0, 15, 0],
						"14.6667": [0, 0, 0],
						"14.7083": [0, 15, 0],
						"14.75": [0, 0, 0],
						"14.7917": [0, 15, 0],
						"14.8333": [0, 0, 0],
						"14.875": [0, 15, 0],
						"14.9167": [0, 0, 0],
						"14.9583": [0, 15, 0],
						"15.0": [0, 0, 0],
						"15.0417": [0, 15, 0],
						"15.0833": [0, 0, 0],
						"15.125": [0, 15, 0],
						"15.1667": [0, 0, 0],
						"15.2083": [0, 15, 0],
						"15.25": [0, 0, 0]
					},
					"scale": {
						"13.5": [1, 1, 1],
						"15.25": [1, 0, 1]
					}
				},
				"bone13": {
					"position": [11, 0, 0]
				},
				"bone14": {
					"position": {
						"0.0": [0, 0, 6],
						"0.0417": [0, 0, -1],
						"0.0833": [0, 0, 6],
						"0.125": [0, 0, -1],
						"0.1667": [0, 0, 6],
						"0.2083": [0, 0, -1],
						"0.25": [0, 0, 6],
						"0.2917": [0, 0, -1],
						"0.3333": [0, 0, 6],
						"0.375": [0, 0, -1],
						"0.4167": [0, 0, 6],
						"0.4583": [0, 0, -1],
						"0.5": [0, 0, 6],
						"0.5417": [0, 0, -1],
						"0.5833": [0, 0, 6],
						"0.625": [0, 0, -1],
						"0.6667": [0, 0, 6],
						"0.7083": [0, 0, -1],
						"0.75": [0, 0, 6],
						"0.7917": [0, 0, -1],
						"0.8333": [0, 0, 6],
						"0.875": [0, 0, -1],
						"0.9167": [0, 0, 6],
						"0.9583": [0, 0, -1],
						"1.0": [0, 0, 6],
						"1.0417": [0, 0, -1],
						"1.0833": [0, 0, 6],
						"1.125": [0, 0, -1],
						"1.1667": [0, 0, 6],
						"1.2083": [0, 0, -1],
						"1.25": [0, 0, 6],
						"1.2917": [0, 0, -1],
						"1.3333": [0, 0, 6],
						"1.375": [0, 0, -1],
						"1.4167": [0, 0, 6],
						"1.4583": [0, 0, -1],
						"1.5": [0, 0, 6],
						"1.5417": [0, 0, -1],
						"1.5833": [0, 0, 6],
						"1.625": [0, 0, -1],
						"1.6667": [0, 0, 6],
						"1.7083": [0, 0, -1],
						"1.75": [0, 0, 6],
						"1.7917": [0, 0, -1],
						"1.8333": [0, 0, 6],
						"1.875": [0, 0, -1],
						"1.9167": [0, 0, 6],
						"1.9583": [0, 0, -1],
						"2.0": [0, 0, 6],
						"2.0417": [0, 0, -1],
						"2.0833": [0, 0, 6],
						"2.125": [0, 0, -1],
						"2.1667": [0, 0, 6],
						"2.2083": [0, 0, -1],
						"2.25": [0, 0, 6],
						"2.2917": [0, 0, -1],
						"2.3333": [0, 0, 6],
						"2.375": [0, 0, -1],
						"2.4167": [0, 0, 6],
						"2.4583": [0, 0, -1],
						"2.5": [0, 0, 6],
						"2.5417": [0, 0, -1],
						"2.5833": [0, 0, 6],
						"2.625": [0, 0, -1],
						"2.6667": [0, 0, 6],
						"2.7083": [0, 0, -1],
						"2.75": [0, 0, 6],
						"2.7917": [0, 0, -1],
						"2.8333": [0, 0, 6],
						"2.875": [0, 0, -1],
						"2.9167": [0, 0, 6],
						"2.9583": [0, 0, -1],
						"3.0": [0, 0, 6],
						"3.0417": [0, 0, -1],
						"3.0833": [0, 0, 6],
						"3.125": [0, 0, -1],
						"3.1667": [0, 0, 6],
						"3.2083": [0, 0, -1],
						"3.25": [0, 0, 6],
						"3.2917": [0, 0, -1],
						"3.3333": [0, 0, 6],
						"3.375": [0, 0, -1],
						"3.4167": [0, 0, 6],
						"3.4583": [0, 0, -1],
						"3.5": [0, 0, 6],
						"3.5417": [0, 0, -1],
						"3.5833": [0, 0, 6],
						"3.625": [0, 0, -1],
						"3.6667": [0, 0, 6],
						"3.7083": [0, 0, -1],
						"3.75": [0, 0, 6],
						"3.7917": [0, 0, -1],
						"3.8333": [0, 0, 6],
						"3.875": [0, 0, -1],
						"3.9167": [0, 0, 6],
						"3.9583": [0, 0, -1],
						"4.0": [0, 0, 6],
						"4.0417": [0, 0, -1],
						"4.0833": [0, 0, 6],
						"4.125": [0, 0, -1],
						"4.1667": [0, 0, 6],
						"4.2083": [0, 0, -1],
						"4.25": [0, 0, 6],
						"4.2917": [0, 0, -1],
						"4.3333": [0, 0, 6],
						"4.375": [0, 0, -1],
						"4.4167": [0, 0, 6],
						"4.4583": [0, 0, -1],
						"4.5": [0, 0, 6],
						"4.5417": [0, 0, -1],
						"4.5833": [0, 0, 6],
						"4.625": [0, 0, -1],
						"4.6667": [0, 0, 6],
						"4.7083": [0, 0, -1],
						"4.75": [0, 0, 6],
						"4.7917": [0, 0, -1],
						"4.8333": [0, 0, 6],
						"4.875": [0, 0, -1],
						"4.9167": [0, 0, 6],
						"4.9583": [0, 0, -1],
						"5.0": [0, 0, 6],
						"5.0417": [0, 0, -1],
						"5.0833": [0, 0, 6],
						"5.125": [0, 0, -1],
						"5.1667": [0, 0, 6],
						"5.2083": [0, 0, -1],
						"5.25": [0, 0, 6],
						"5.2917": [0, 0, -1],
						"5.3333": [0, 0, 6],
						"5.375": [0, 0, -1],
						"5.4167": [0, 0, 6],
						"5.4583": [0, 0, -1],
						"5.5": [0, 0, 6],
						"5.5417": [0, 0, -1],
						"5.5833": [0, 0, 6],
						"5.625": [0, 0, -1],
						"5.6667": [0, 0, 6],
						"5.7083": [0, 0, -1],
						"5.75": [0, 0, 6],
						"5.7917": [0, 0, -1],
						"5.8333": [0, 0, 6],
						"5.875": [0, 0, -1],
						"5.9167": [0, 0, 6],
						"5.9583": [0, 0, -1],
						"6.0": [0, 0, 6],
						"6.0417": [0, 0, -1],
						"6.0833": [0, 0, 6],
						"6.125": [0, 0, -1],
						"6.1667": [0, 0, 6],
						"6.2083": [0, 0, -1],
						"6.25": [0, 0, 6],
						"6.2917": [0, 0, -1],
						"6.3333": [0, 0, 6],
						"6.375": [0, 0, -1],
						"6.4167": [0, 0, 6],
						"6.4583": [0, 0, -1],
						"6.5": [0, 0, 6],
						"6.5417": [0, 0, -1],
						"6.5833": [0, 0, 6],
						"6.625": [0, 0, -1],
						"6.6667": [0, 0, 6],
						"6.7083": [0, 0, -1],
						"6.75": [0, 0, 6],
						"6.7917": [0, 0, -1],
						"6.8333": [0, 0, 6],
						"6.875": [0, 0, -1],
						"6.9167": [0, 0, 6],
						"6.9583": [0, 0, -1],
						"7.0": [0, 0, 6],
						"7.0417": [0, 0, -1],
						"7.0833": [0, 0, 6],
						"7.125": [0, 0, -1],
						"7.1667": [0, 0, 6],
						"7.2083": [0, 0, -1],
						"7.25": [0, 0, 6],
						"7.2917": [0, 0, -1],
						"7.3333": [0, 0, 6],
						"7.375": [0, 0, -1],
						"7.4167": [0, 0, 6],
						"7.4583": [0, 0, -1],
						"7.5": [0, 0, 6],
						"7.5417": [0, 0, -1],
						"7.5833": [0, 0, 6],
						"7.625": [0, 0, -1],
						"7.6667": [0, 0, 6],
						"7.7083": [0, 0, -1],
						"7.75": [0, 0, 6],
						"7.7917": [0, 0, -1],
						"7.8333": [0, 0, 6],
						"7.875": [0, 0, -1],
						"7.9167": [0, 0, 6],
						"7.9583": [0, 0, -1],
						"8.0": [0, 0, 6],
						"8.0417": [0, 0, -1],
						"8.0833": [0, 0, 6],
						"8.125": [0, 0, -1],
						"8.1667": [0, 0, 6],
						"8.2083": [0, 0, -1],
						"8.25": [0, 0, 6],
						"8.2917": [0, 0, -1],
						"8.3333": [0, 0, 6],
						"8.375": [0, 0, -1],
						"8.4167": [0, 0, 6],
						"8.4583": [0, 0, -1],
						"8.5": [0, 0, 6],
						"8.5417": [0, 0, -1],
						"8.5833": [0, 0, 6],
						"8.625": [0, 0, -1],
						"8.6667": [0, 0, 6],
						"8.7083": [0, 0, -1],
						"8.75": [0, 0, 6],
						"8.7917": [0, 0, -1],
						"8.8333": [0, 0, 6],
						"8.875": [0, 0, -1],
						"8.9167": [0, 0, 6],
						"8.9583": [0, 0, -1],
						"9.0": [0, 0, 6],
						"9.0417": [0, 0, -1],
						"9.0833": [0, 0, 6],
						"9.125": [0, 0, -1],
						"9.1667": [0, 0, 6],
						"9.2083": [0, 0, -1],
						"9.25": [0, 0, 6],
						"9.2917": [0, 0, -1],
						"9.3333": [0, 0, 6],
						"9.375": [0, 0, -1],
						"9.4167": [0, 0, 6],
						"9.4583": [0, 0, -1],
						"9.5": [0, 0, 6],
						"9.5417": [0, 0, -1],
						"9.5833": [0, 0, 6],
						"9.625": [0, 0, -1],
						"9.6667": [0, 0, 6],
						"9.7083": [0, 0, -1],
						"9.75": [0, 0, 6],
						"9.7917": [0, 0, -1],
						"9.8333": [0, 0, 6],
						"9.875": [0, 0, -1],
						"9.9167": [0, 0, 6],
						"9.9583": [0, 0, -1],
						"10.0": [0, 0, 6],
						"10.0417": [0, 0, -1],
						"10.0833": [0, 0, 6],
						"10.125": [0, 0, -1],
						"10.1667": [0, 0, 6],
						"10.2083": [0, 0, -1],
						"10.25": [0, 0, 6],
						"10.2917": [0, 0, -1],
						"10.3333": [0, 0, 6],
						"10.375": [0, 0, -1],
						"10.4167": [0, 0, 6],
						"10.4583": [0, 0, -1],
						"10.5": [0, 0, 6],
						"10.5417": [0, 0, -1],
						"10.5833": [0, 0, 6],
						"10.625": [0, 0, -1],
						"10.6667": [0, 0, 6],
						"10.7083": [0, 0, -1],
						"10.75": [0, 0, 6],
						"10.7917": [0, 0, -1],
						"10.8333": [0, 0, 6],
						"10.875": [0, 0, -1],
						"10.9167": [0, 0, 6],
						"10.9583": [0, 0, -1],
						"11.0": [0, 0, 6],
						"11.0417": [0, 0, -1],
						"11.0833": [0, 0, 6],
						"11.125": [0, 0, -1],
						"11.1667": [0, 0, 6],
						"11.2083": [0, 0, -1],
						"11.25": [0, 0, 6],
						"11.2917": [0, 0, -1],
						"11.3333": [0, 0, 6],
						"11.375": [0, 0, -1],
						"11.4167": [0, 0, 6],
						"11.4583": [0, 0, -1],
						"11.5": [0, 0, 6],
						"11.5417": [0, 0, -1],
						"11.5833": [0, 0, 6],
						"11.625": [0, 0, -1],
						"11.6667": [0, 0, 6],
						"11.7083": [0, 0, -1],
						"11.75": [0, 0, 6],
						"11.7917": [0, 0, -1],
						"11.8333": [0, 0, 6],
						"11.875": [0, 0, -1],
						"11.9167": [0, 0, 6],
						"11.9583": [0, 0, -1],
						"12.0": [0, 0, 6],
						"12.0417": [0, 0, -1],
						"12.0833": [0, 0, 6],
						"12.125": [0, 0, -1],
						"12.1667": [0, 0, 6],
						"12.2083": [0, 0, -1],
						"12.25": [0, 0, 6],
						"12.2917": [0, 0, -1],
						"12.3333": [0, 0, 6],
						"12.375": [0, 0, -1],
						"12.4167": [0, 0, 6],
						"12.4583": [0, 0, -1],
						"12.5": [0, 0, 6],
						"12.5417": [0, 0, -1],
						"12.5833": [0, 0, 6],
						"12.625": [0, 0, -1],
						"12.6667": [0, 0, 6],
						"12.7083": [0, 0, -1],
						"12.75": [0, 0, 6],
						"12.7917": [0, 0, -1],
						"12.8333": [0, 0, 6],
						"12.875": [0, 0, -1],
						"12.9167": [0, 0, 6],
						"12.9583": [0, 0, -1],
						"13.0": [0, 0, 6],
						"13.0417": [0, 0, -1],
						"13.0833": [0, 0, 6],
						"13.125": [0, 0, -1],
						"13.1667": [0, 0, 6],
						"13.2083": [0, 0, -1],
						"13.25": [0, 0, 6],
						"13.2917": [0, 0, -1],
						"13.3333": [0, 0, 6],
						"13.375": [0, 0, -1],
						"13.4167": [0, 0, 6],
						"13.4583": [0, 0, -1],
						"13.5": [0, 0, 6],
						"13.5417": [0, 0, -1],
						"13.5833": [0, 0, 6],
						"13.625": [0, 0, -1],
						"13.6667": [0, 0, 6],
						"13.7083": [0, 0, -1],
						"13.75": [0, 0, 6],
						"13.7917": [0, 0, -1],
						"13.8333": [0, 0, 6],
						"13.875": [0, 0, -1],
						"13.9167": [0, 0, 6],
						"13.9583": [0, 0, -1],
						"14.0": [0, 0, 6],
						"14.0417": [0, 0, -1],
						"14.0833": [0, 0, 6],
						"14.125": [0, 0, -1],
						"14.1667": [0, 0, 6],
						"14.2083": [0, 0, -1],
						"14.25": [0, 0, 6],
						"14.2917": [0, 0, -1],
						"14.3333": [0, 0, 6],
						"14.375": [0, 0, -1],
						"14.4167": [0, 0, 6],
						"14.4583": [0, 0, -1],
						"14.5": [0, 0, 6],
						"14.5417": [0, 0, -1],
						"14.5833": [0, 0, 6],
						"14.625": [0, 0, -1],
						"14.6667": [0, 0, 6],
						"14.7083": [0, 0, -1],
						"14.75": [0, 0, 6],
						"14.7917": [0, 0, -1],
						"14.8333": [0, 0, 6],
						"14.875": [0, 0, -1],
						"14.9167": [0, 0, 6],
						"14.9583": [0, 0, -1]
					}
				},
				"Listrik": {
					"position": {
						"0.0": [0, 0, -1],
						"0.0417": [0, 0, 6],
						"0.0833": [0, 0, -1],
						"0.125": [0, 0, 6],
						"0.1667": [0, 0, -1],
						"0.2083": [0, 0, 6],
						"0.25": [0, 0, -1],
						"0.2917": [0, 0, 6],
						"0.3333": [0, 0, -1],
						"0.375": [0, 0, 6],
						"0.4167": [0, 0, -1],
						"0.4583": [0, 0, 6],
						"0.5": [0, 0, -1],
						"0.5417": [0, 0, 6],
						"0.5833": [0, 0, -1],
						"0.625": [0, 0, 6],
						"0.6667": [0, 0, -1],
						"0.7083": [0, 0, 6],
						"0.75": [0, 0, -1],
						"0.7917": [0, 0, 6],
						"0.8333": [0, 0, -1],
						"0.875": [0, 0, 6],
						"0.9167": [0, 0, -1],
						"0.9583": [0, 0, 6],
						"1.0": [0, 0, -1],
						"1.0417": [0, 0, 6],
						"1.0833": [0, 0, -1],
						"1.125": [0, 0, 6],
						"1.1667": [0, 0, -1],
						"1.2083": [0, 0, 6],
						"1.25": [0, 0, -1],
						"1.2917": [0, 0, 6],
						"1.3333": [0, 0, -1],
						"1.375": [0, 0, 6],
						"1.4167": [0, 0, -1],
						"1.4583": [0, 0, 6],
						"1.5": [0, 0, -1],
						"1.5417": [0, 0, 6],
						"1.5833": [0, 0, -1],
						"1.625": [0, 0, 6],
						"1.6667": [0, 0, -1],
						"1.7083": [0, 0, 6],
						"1.75": [0, 0, -1],
						"1.7917": [0, 0, 6],
						"1.8333": [0, 0, -1],
						"1.875": [0, 0, 6],
						"1.9167": [0, 0, -1],
						"1.9583": [0, 0, 6],
						"2.0": [0, 0, -1],
						"2.0417": [0, 0, 6],
						"2.0833": [0, 0, -1],
						"2.125": [0, 0, 6],
						"2.1667": [0, 0, -1],
						"2.2083": [0, 0, 6],
						"2.25": [0, 0, -1],
						"2.2917": [0, 0, 6],
						"2.3333": [0, 0, -1],
						"2.375": [0, 0, 6],
						"2.4167": [0, 0, -1],
						"2.4583": [0, 0, 6],
						"2.5": [0, 0, -1],
						"2.5417": [0, 0, 6],
						"2.5833": [0, 0, -1],
						"2.625": [0, 0, 6],
						"2.6667": [0, 0, -1],
						"2.7083": [0, 0, 6],
						"2.75": [0, 0, -1],
						"2.7917": [0, 0, 6],
						"2.8333": [0, 0, -1],
						"2.875": [0, 0, 6],
						"2.9167": [0, 0, -1],
						"2.9583": [0, 0, 6],
						"3.0": [0, 0, -1],
						"3.0417": [0, 0, 6],
						"3.0833": [0, 0, -1],
						"3.125": [0, 0, 6],
						"3.1667": [0, 0, -1],
						"3.2083": [0, 0, 6],
						"3.25": [0, 0, -1],
						"3.2917": [0, 0, 6],
						"3.3333": [0, 0, -1],
						"3.375": [0, 0, 6],
						"3.4167": [0, 0, -1],
						"3.4583": [0, 0, 6],
						"3.5": [0, 0, -1],
						"3.5417": [0, 0, 6],
						"3.5833": [0, 0, -1],
						"3.625": [0, 0, 6],
						"3.6667": [0, 0, -1],
						"3.7083": [0, 0, 6],
						"3.75": [0, 0, -1],
						"3.7917": [0, 0, 6],
						"3.8333": [0, 0, -1],
						"3.875": [0, 0, 6],
						"3.9167": [0, 0, -1],
						"3.9583": [0, 0, 6],
						"4.0": [0, 0, -1],
						"4.0417": [0, 0, 6],
						"4.0833": [0, 0, -1],
						"4.125": [0, 0, 6],
						"4.1667": [0, 0, -1],
						"4.2083": [0, 0, 6],
						"4.25": [0, 0, -1],
						"4.2917": [0, 0, 6],
						"4.3333": [0, 0, -1],
						"4.375": [0, 0, 6],
						"4.4167": [0, 0, -1],
						"4.4583": [0, 0, 6],
						"4.5": [0, 0, -1],
						"4.5417": [0, 0, 6],
						"4.5833": [0, 0, -1],
						"4.625": [0, 0, 6],
						"4.6667": [0, 0, -1],
						"4.7083": [0, 0, 6],
						"4.75": [0, 0, -1],
						"4.7917": [0, 0, 6],
						"4.8333": [0, 0, -1],
						"4.875": [0, 0, 6],
						"4.9167": [0, 0, -1],
						"4.9583": [0, 0, 6],
						"5.0": [0, 0, -1],
						"5.0417": [0, 0, 6],
						"5.0833": [0, 0, -1],
						"5.125": [0, 0, 6],
						"5.1667": [0, 0, -1],
						"5.2083": [0, 0, 6],
						"5.25": [0, 0, -1],
						"5.2917": [0, 0, 6],
						"5.3333": [0, 0, -1],
						"5.375": [0, 0, 6],
						"5.4167": [0, 0, -1],
						"5.4583": [0, 0, 6],
						"5.5": [0, 0, -1],
						"5.5417": [0, 0, 6],
						"5.5833": [0, 0, -1],
						"5.625": [0, 0, 6],
						"5.6667": [0, 0, -1],
						"5.7083": [0, 0, 6],
						"5.75": [0, 0, -1],
						"5.7917": [0, 0, 6],
						"5.8333": [0, 0, -1],
						"5.875": [0, 0, 6],
						"5.9167": [0, 0, -1],
						"5.9583": [0, 0, 6],
						"6.0": [0, 0, -1],
						"6.0417": [0, 0, 6],
						"6.0833": [0, 0, -1],
						"6.125": [0, 0, 6],
						"6.1667": [0, 0, -1],
						"6.2083": [0, 0, 6],
						"6.25": [0, 0, -1],
						"6.2917": [0, 0, 6],
						"6.3333": [0, 0, -1],
						"6.375": [0, 0, 6],
						"6.4167": [0, 0, -1],
						"6.4583": [0, 0, 6],
						"6.5": [0, 0, -1],
						"6.5417": [0, 0, 6],
						"6.5833": [0, 0, -1],
						"6.625": [0, 0, 6],
						"6.6667": [0, 0, -1],
						"6.7083": [0, 0, 6],
						"6.75": [0, 0, -1],
						"6.7917": [0, 0, 6],
						"6.8333": [0, 0, -1],
						"6.875": [0, 0, 6],
						"6.9167": [0, 0, -1],
						"6.9583": [0, 0, 6],
						"7.0": [0, 0, -1],
						"7.0417": [0, 0, 6],
						"7.0833": [0, 0, -1],
						"7.125": [0, 0, 6],
						"7.1667": [0, 0, -1],
						"7.2083": [0, 0, 6],
						"7.25": [0, 0, -1],
						"7.2917": [0, 0, 6],
						"7.3333": [0, 0, -1],
						"7.375": [0, 0, 6],
						"7.4167": [0, 0, -1],
						"7.4583": [0, 0, 6],
						"7.5": [0, 0, -1],
						"7.5417": [0, 0, 6],
						"7.5833": [0, 0, -1],
						"7.625": [0, 0, 6],
						"7.6667": [0, 0, -1],
						"7.7083": [0, 0, 6],
						"7.75": [0, 0, -1],
						"7.7917": [0, 0, 6],
						"7.8333": [0, 0, -1],
						"7.875": [0, 0, 6],
						"7.9167": [0, 0, -1],
						"7.9583": [0, 0, 6],
						"8.0": [0, 0, -1],
						"8.0417": [0, 0, 6],
						"8.0833": [0, 0, -1],
						"8.125": [0, 0, 6],
						"8.1667": [0, 0, -1],
						"8.2083": [0, 0, 6],
						"8.25": [0, 0, -1],
						"8.2917": [0, 0, 6],
						"8.3333": [0, 0, -1],
						"8.375": [0, 0, 6],
						"8.4167": [0, 0, -1],
						"8.4583": [0, 0, 6],
						"8.5": [0, 0, -1],
						"8.5417": [0, 0, 6],
						"8.5833": [0, 0, -1],
						"8.625": [0, 0, 6],
						"8.6667": [0, 0, -1],
						"8.7083": [0, 0, 6],
						"8.75": [0, 0, -1],
						"8.7917": [0, 0, 6],
						"8.8333": [0, 0, -1],
						"8.875": [0, 0, 6],
						"8.9167": [0, 0, -1],
						"8.9583": [0, 0, 6],
						"9.0": [0, 0, -1],
						"9.0417": [0, 0, 6],
						"9.0833": [0, 0, -1],
						"9.125": [0, 0, 6],
						"9.1667": [0, 0, -1],
						"9.2083": [0, 0, 6],
						"9.25": [0, 0, -1],
						"9.2917": [0, 0, 6],
						"9.3333": [0, 0, -1],
						"9.375": [0, 0, 6],
						"9.4167": [0, 0, -1],
						"9.4583": [0, 0, 6],
						"9.5": [0, 0, -1],
						"9.5417": [0, 0, 6],
						"9.5833": [0, 0, -1],
						"9.625": [0, 0, 6],
						"9.6667": [0, 0, -1],
						"9.7083": [0, 0, 6],
						"9.75": [0, 0, -1],
						"9.7917": [0, 0, 6],
						"9.8333": [0, 0, -1],
						"9.875": [0, 0, 6],
						"9.9167": [0, 0, -1],
						"9.9583": [0, 0, 6],
						"10.0": [0, 0, -1],
						"10.0417": [0, 0, 6],
						"10.0833": [0, 0, -1],
						"10.125": [0, 0, 6],
						"10.1667": [0, 0, -1],
						"10.2083": [0, 0, 6],
						"10.25": [0, 0, -1],
						"10.2917": [0, 0, 6],
						"10.3333": [0, 0, -1],
						"10.375": [0, 0, 6],
						"10.4167": [0, 0, -1],
						"10.4583": [0, 0, 6],
						"10.5": [0, 0, -1],
						"10.5417": [0, 0, 6],
						"10.5833": [0, 0, -1],
						"10.625": [0, 0, 6],
						"10.6667": [0, 0, -1],
						"10.7083": [0, 0, 6],
						"10.75": [0, 0, -1],
						"10.7917": [0, 0, 6],
						"10.8333": [0, 0, -1],
						"10.875": [0, 0, 6],
						"10.9167": [0, 0, -1],
						"10.9583": [0, 0, 6],
						"11.0": [0, 0, -1],
						"11.0417": [0, 0, 6],
						"11.0833": [0, 0, -1],
						"11.125": [0, 0, 6],
						"11.1667": [0, 0, -1],
						"11.2083": [0, 0, 6],
						"11.25": [0, 0, -1],
						"11.2917": [0, 0, 6],
						"11.3333": [0, 0, -1],
						"11.375": [0, 0, 6],
						"11.4167": [0, 0, -1],
						"11.4583": [0, 0, 6],
						"11.5": [0, 0, -1],
						"11.5417": [0, 0, 6],
						"11.5833": [0, 0, -1],
						"11.625": [0, 0, 6],
						"11.6667": [0, 0, -1],
						"11.7083": [0, 0, 6],
						"11.75": [0, 0, -1],
						"11.7917": [0, 0, 6],
						"11.8333": [0, 0, -1],
						"11.875": [0, 0, 6],
						"11.9167": [0, 0, -1],
						"11.9583": [0, 0, 6],
						"12.0": [0, 0, -1],
						"12.0417": [0, 0, 6],
						"12.0833": [0, 0, -1],
						"12.125": [0, 0, 6],
						"12.1667": [0, 0, -1],
						"12.2083": [0, 0, 6],
						"12.25": [0, 0, -1],
						"12.2917": [0, 0, 6],
						"12.3333": [0, 0, -1],
						"12.375": [0, 0, 6],
						"12.4167": [0, 0, -1],
						"12.4583": [0, 0, 6],
						"12.5": [0, 0, -1],
						"12.5417": [0, 0, 6],
						"12.5833": [0, 0, -1],
						"12.625": [0, 0, 6],
						"12.6667": [0, 0, -1],
						"12.7083": [0, 0, 6],
						"12.75": [0, 0, -1],
						"12.7917": [0, 0, 6],
						"12.8333": [0, 0, -1],
						"12.875": [0, 0, 6],
						"12.9167": [0, 0, -1],
						"12.9583": [0, 0, 6],
						"13.0": [0, 0, -1],
						"13.0417": [0, 0, 6],
						"13.0833": [0, 0, -1],
						"13.125": [0, 0, 6],
						"13.1667": [0, 0, -1],
						"13.2083": [0, 0, 6],
						"13.25": [0, 0, -1],
						"13.2917": [0, 0, 6],
						"13.3333": [0, 0, -1],
						"13.375": [0, 0, 6],
						"13.4167": [0, 0, -1],
						"13.4583": [0, 0, 6],
						"13.5": [0, 0, -1],
						"13.5417": [0, 0, 6],
						"13.5833": [0, 0, -1],
						"13.625": [0, 0, 6],
						"13.6667": [0, 0, -1],
						"13.7083": [0, 0, 6],
						"13.75": [0, 0, -1],
						"13.7917": [0, 0, 6],
						"13.8333": [0, 0, -1],
						"13.875": [0, 0, 6],
						"13.9167": [0, 0, -1],
						"13.9583": [0, 0, 6],
						"14.0": [0, 0, -1],
						"14.0417": [0, 0, 6],
						"14.0833": [0, 0, -1],
						"14.125": [0, 0, 6],
						"14.1667": [0, 0, -1],
						"14.2083": [0, 0, 6],
						"14.25": [0, 0, -1],
						"14.2917": [0, 0, 6],
						"14.3333": [0, 0, -1],
						"14.375": [0, 0, 6],
						"14.4167": [0, 0, -1],
						"14.4583": [0, 0, 6],
						"14.5": [0, 0, -1],
						"14.5417": [0, 0, 6],
						"14.5833": [0, 0, -1],
						"14.625": [0, 0, 6],
						"14.6667": [0, 0, -1],
						"14.7083": [0, 0, 6],
						"14.75": [0, 0, -1],
						"14.7917": [0, 0, 6],
						"14.8333": [0, 0, -1],
						"14.875": [0, 0, 6],
						"14.9167": [0, 0, -1],
						"14.9583": [0, 0, 6]
					}
				},
				"bone15": {
					"position": {
						"0.0": [0, 4, -9],
						"0.0417": [0, 0, -2],
						"0.0833": [0, 4, -9],
						"0.125": [0, 0, -2],
						"0.1667": [0, 4, -9],
						"0.2083": [0, 0, -2],
						"0.25": [0, 4, -9],
						"0.2917": [0, 0, -2],
						"0.3333": [0, 4, -9],
						"0.375": [0, 0, -2],
						"0.4167": [0, 4, -9],
						"0.4583": [0, 0, -2],
						"0.5": [0, 4, -9],
						"0.5417": [0, 0, -2],
						"0.5833": [0, 4, -9],
						"0.625": [0, 0, -2],
						"0.6667": [0, 4, -9],
						"0.7083": [0, 0, -2],
						"0.75": [0, 4, -9],
						"0.7917": [0, 0, -2],
						"0.8333": [0, 4, -9],
						"0.875": [0, 0, -2],
						"0.9167": [0, 4, -9],
						"0.9583": [0, 0, -2],
						"1.0": [0, 4, -9],
						"1.0417": [0, 0, -2],
						"1.0833": [0, 4, -9],
						"1.125": [0, 0, -2],
						"1.1667": [0, 4, -9],
						"1.2083": [0, 0, -2],
						"1.25": [0, 4, -9],
						"1.2917": [0, 0, -2],
						"1.3333": [0, 4, -9],
						"1.375": [0, 0, -2],
						"1.4167": [0, 4, -9],
						"1.4583": [0, 0, -2],
						"1.5": [0, 4, -9],
						"1.5417": [0, 0, -2],
						"1.5833": [0, 4, -9],
						"1.625": [0, 0, -2],
						"1.6667": [0, 4, -9],
						"1.7083": [0, 0, -2],
						"1.75": [0, 4, -9],
						"1.7917": [0, 0, -2],
						"1.8333": [0, 4, -9],
						"1.875": [0, 0, -2],
						"1.9167": [0, 4, -9],
						"1.9583": [0, 0, -2],
						"2.0": [0, 4, -9],
						"2.0417": [0, 0, -2],
						"2.0833": [0, 4, -9],
						"2.125": [0, 0, -2],
						"2.1667": [0, 4, -9],
						"2.2083": [0, 0, -2],
						"2.25": [0, 4, -9],
						"2.2917": [0, 0, -2],
						"2.3333": [0, 4, -9],
						"2.375": [0, 0, -2],
						"2.4167": [0, 4, -9],
						"2.4583": [0, 0, -2],
						"2.5": [0, 4, -9],
						"2.5417": [0, 0, -2],
						"2.5833": [0, 4, -9],
						"2.625": [0, 0, -2],
						"2.6667": [0, 4, -9],
						"2.7083": [0, 0, -2],
						"2.75": [0, 4, -9],
						"2.7917": [0, 0, -2],
						"2.8333": [0, 4, -9],
						"2.875": [0, 0, -2],
						"2.9167": [0, 4, -9],
						"2.9583": [0, 0, -2],
						"3.0": [0, 4, -9],
						"3.0417": [0, 0, -2],
						"3.0833": [0, 4, -9],
						"3.125": [0, 0, -2],
						"3.1667": [0, 4, -9],
						"3.2083": [0, 0, -2],
						"3.25": [0, 4, -9],
						"3.2917": [0, 0, -2],
						"3.3333": [0, 4, -9],
						"3.375": [0, 0, -2],
						"3.4167": [0, 4, -9],
						"3.4583": [0, 0, -2],
						"3.5": [0, 4, -9],
						"3.5417": [0, 0, -2],
						"3.5833": [0, 4, -9],
						"3.625": [0, 0, -2],
						"3.6667": [0, 4, -9],
						"3.7083": [0, 0, -2],
						"3.75": [0, 4, -9],
						"3.7917": [0, 0, -2],
						"3.8333": [0, 4, -9],
						"3.875": [0, 0, -2],
						"3.9167": [0, 4, -9],
						"3.9583": [0, 0, -2],
						"4.0": [0, 4, -9],
						"4.0417": [0, 0, -2],
						"4.0833": [0, 4, -9],
						"4.125": [0, 0, -2],
						"4.1667": [0, 4, -9],
						"4.2083": [0, 0, -2],
						"4.25": [0, 4, -9],
						"4.2917": [0, 0, -2],
						"4.3333": [0, 4, -9],
						"4.375": [0, 0, -2],
						"4.4167": [0, 4, -9],
						"4.4583": [0, 0, -2],
						"4.5": [0, 4, -9],
						"4.5417": [0, 0, -2],
						"4.5833": [0, 4, -9],
						"4.625": [0, 0, -2],
						"4.6667": [0, 4, -9],
						"4.7083": [0, 0, -2],
						"4.75": [0, 4, -9],
						"4.7917": [0, 0, -2],
						"4.8333": [0, 4, -9],
						"4.875": [0, 0, -2],
						"4.9167": [0, 4, -9],
						"4.9583": [0, 0, -2],
						"5.0": [0, 4, -9],
						"5.0417": [0, 0, -2],
						"5.0833": [0, 4, -9],
						"5.125": [0, 0, -2],
						"5.1667": [0, 4, -9],
						"5.2083": [0, 0, -2],
						"5.25": [0, 4, -9],
						"5.2917": [0, 0, -2],
						"5.3333": [0, 4, -9],
						"5.375": [0, 0, -2],
						"5.4167": [0, 4, -9],
						"5.4583": [0, 0, -2],
						"5.5": [0, 4, -9],
						"5.5417": [0, 0, -2],
						"5.5833": [0, 4, -9],
						"5.625": [0, 0, -2],
						"5.6667": [0, 4, -9],
						"5.7083": [0, 0, -2],
						"5.75": [0, 4, -9],
						"5.7917": [0, 0, -2],
						"5.8333": [0, 4, -9],
						"5.875": [0, 0, -2],
						"5.9167": [0, 4, -9],
						"5.9583": [0, 0, -2],
						"6.0": [0, 4, -9],
						"6.0417": [0, 0, -2],
						"6.0833": [0, 4, -9],
						"6.125": [0, 0, -2],
						"6.1667": [0, 4, -9],
						"6.2083": [0, 0, -2],
						"6.25": [0, 4, -9],
						"6.2917": [0, 0, -2],
						"6.3333": [0, 4, -9],
						"6.375": [0, 0, -2],
						"6.4167": [0, 4, -9],
						"6.4583": [0, 0, -2],
						"6.5": [0, 4, -9],
						"6.5417": [0, 0, -2],
						"6.5833": [0, 4, -9],
						"6.625": [0, 0, -2],
						"6.6667": [0, 4, -9],
						"6.7083": [0, 0, -2],
						"6.75": [0, 4, -9],
						"6.7917": [0, 0, -2],
						"6.8333": [0, 4, -9],
						"6.875": [0, 0, -2],
						"6.9167": [0, 4, -9],
						"6.9583": [0, 0, -2],
						"7.0": [0, 4, -9],
						"7.0417": [0, 0, -2],
						"7.0833": [0, 4, -9],
						"7.125": [0, 0, -2],
						"7.1667": [0, 4, -9],
						"7.2083": [0, 0, -2],
						"7.25": [0, 4, -9],
						"7.2917": [0, 0, -2],
						"7.3333": [0, 4, -9],
						"7.375": [0, 0, -2],
						"7.4167": [0, 4, -9],
						"7.4583": [0, 0, -2],
						"7.5": [0, 4, -9],
						"7.5417": [0, 0, -2],
						"7.5833": [0, 4, -9],
						"7.625": [0, 0, -2],
						"7.6667": [0, 4, -9],
						"7.7083": [0, 0, -2],
						"7.75": [0, 4, -9],
						"7.7917": [0, 0, -2],
						"7.8333": [0, 4, -9],
						"7.875": [0, 0, -2],
						"7.9167": [0, 4, -9],
						"7.9583": [0, 0, -2],
						"8.0": [0, 4, -9],
						"8.0417": [0, 0, -2],
						"8.0833": [0, 4, -9],
						"8.125": [0, 0, -2],
						"8.1667": [0, 4, -9],
						"8.2083": [0, 0, -2],
						"8.25": [0, 4, -9],
						"8.2917": [0, 0, -2],
						"8.3333": [0, 4, -9],
						"8.375": [0, 0, -2],
						"8.4167": [0, 4, -9],
						"8.4583": [0, 0, -2],
						"8.5": [0, 4, -9],
						"8.5417": [0, 0, -2],
						"8.5833": [0, 4, -9],
						"8.625": [0, 0, -2],
						"8.6667": [0, 4, -9],
						"8.7083": [0, 0, -2],
						"8.75": [0, 4, -9],
						"8.7917": [0, 0, -2],
						"8.8333": [0, 4, -9],
						"8.875": [0, 0, -2],
						"8.9167": [0, 4, -9],
						"8.9583": [0, 0, -2],
						"9.0": [0, 4, -9],
						"9.0417": [0, 0, -2],
						"9.0833": [0, 4, -9],
						"9.125": [0, 0, -2],
						"9.1667": [0, 4, -9],
						"9.2083": [0, 0, -2],
						"9.25": [0, 4, -9],
						"9.2917": [0, 0, -2],
						"9.3333": [0, 4, -9],
						"9.375": [0, 0, -2],
						"9.4167": [0, 4, -9],
						"9.4583": [0, 0, -2],
						"9.5": [0, 4, -9],
						"9.5417": [0, 0, -2],
						"9.5833": [0, 4, -9],
						"9.625": [0, 0, -2],
						"9.6667": [0, 4, -9],
						"9.7083": [0, 0, -2],
						"9.75": [0, 4, -9],
						"9.7917": [0, 0, -2],
						"9.8333": [0, 4, -9],
						"9.875": [0, 0, -2],
						"9.9167": [0, 4, -9],
						"9.9583": [0, 0, -2],
						"10.0": [0, 4, -9],
						"10.0417": [0, 0, -2],
						"10.0833": [0, 4, -9],
						"10.125": [0, 0, -2],
						"10.1667": [0, 4, -9],
						"10.2083": [0, 0, -2],
						"10.25": [0, 4, -9],
						"10.2917": [0, 0, -2],
						"10.3333": [0, 4, -9],
						"10.375": [0, 0, -2],
						"10.4167": [0, 4, -9],
						"10.4583": [0, 0, -2],
						"10.5": [0, 4, -9],
						"10.5417": [0, 0, -2],
						"10.5833": [0, 4, -9],
						"10.625": [0, 0, -2],
						"10.6667": [0, 4, -9],
						"10.7083": [0, 0, -2],
						"10.75": [0, 4, -9],
						"10.7917": [0, 0, -2],
						"10.8333": [0, 4, -9],
						"10.875": [0, 0, -2],
						"10.9167": [0, 4, -9],
						"10.9583": [0, 0, -2],
						"11.0": [0, 4, -9],
						"11.0417": [0, 0, -2],
						"11.0833": [0, 4, -9],
						"11.125": [0, 0, -2],
						"11.1667": [0, 4, -9],
						"11.2083": [0, 0, -2],
						"11.25": [0, 4, -9],
						"11.2917": [0, 0, -2],
						"11.3333": [0, 4, -9],
						"11.375": [0, 0, -2],
						"11.4167": [0, 4, -9],
						"11.4583": [0, 0, -2],
						"11.5": [0, 4, -9],
						"11.5417": [0, 0, -2],
						"11.5833": [0, 4, -9],
						"11.625": [0, 0, -2],
						"11.6667": [0, 4, -9],
						"11.7083": [0, 0, -2],
						"11.75": [0, 4, -9],
						"11.7917": [0, 0, -2],
						"11.8333": [0, 4, -9],
						"11.875": [0, 0, -2],
						"11.9167": [0, 4, -9],
						"11.9583": [0, 0, -2],
						"12.0": [0, 4, -9],
						"12.0417": [0, 0, -2],
						"12.0833": [0, 4, -9],
						"12.125": [0, 0, -2],
						"12.1667": [0, 4, -9],
						"12.2083": [0, 0, -2],
						"12.25": [0, 4, -9],
						"12.2917": [0, 0, -2],
						"12.3333": [0, 4, -9],
						"12.375": [0, 0, -2],
						"12.4167": [0, 4, -9],
						"12.4583": [0, 0, -2],
						"12.5": [0, 4, -9],
						"12.5417": [0, 0, -2],
						"12.5833": [0, 4, -9],
						"12.625": [0, 0, -2],
						"12.6667": [0, 4, -9],
						"12.7083": [0, 0, -2],
						"12.75": [0, 4, -9],
						"12.7917": [0, 0, -2],
						"12.8333": [0, 4, -9],
						"12.875": [0, 0, -2],
						"12.9167": [0, 4, -9],
						"12.9583": [0, 0, -2],
						"13.0": [0, 4, -9],
						"13.0417": [0, 0, -2],
						"13.0833": [0, 4, -9],
						"13.125": [0, 0, -2],
						"13.1667": [0, 4, -9],
						"13.2083": [0, 0, -2],
						"13.25": [0, 4, -9],
						"13.2917": [0, 0, -2],
						"13.3333": [0, 4, -9],
						"13.375": [0, 0, -2],
						"13.4167": [0, 4, -9],
						"13.4583": [0, 0, -2],
						"13.5": [0, 4, -9],
						"13.5417": [0, 0, -2],
						"13.5833": [0, 4, -9],
						"13.625": [0, 0, -2],
						"13.6667": [0, 4, -9],
						"13.7083": [0, 0, -2],
						"13.75": [0, 4, -9],
						"13.7917": [0, 0, -2],
						"13.8333": [0, 4, -9],
						"13.875": [0, 0, -2],
						"13.9167": [0, 4, -9],
						"13.9583": [0, 0, -2],
						"14.0": [0, 4, -9],
						"14.0417": [0, 0, -2],
						"14.0833": [0, 4, -9],
						"14.125": [0, 0, -2],
						"14.1667": [0, 4, -9],
						"14.2083": [0, 0, -2],
						"14.25": [0, 4, -9],
						"14.2917": [0, 0, -2],
						"14.3333": [0, 4, -9],
						"14.375": [0, 0, -2],
						"14.4167": [0, 4, -9],
						"14.4583": [0, 0, -2],
						"14.5": [0, 4, -9],
						"14.5417": [0, 0, -2],
						"14.5833": [0, 4, -9],
						"14.625": [0, 0, -2],
						"14.6667": [0, 4, -9],
						"14.7083": [0, 0, -2],
						"14.75": [0, 4, -9],
						"14.7917": [0, 0, -2],
						"14.8333": [0, 4, -9],
						"14.875": [0, 0, -2],
						"14.9167": [0, 4, -9],
						"14.9583": [0, 0, -2],
						"15.0": [0, 0, -6],
						"15.0417": [0, 0, 2],
						"15.0833": [0, 0, -6],
						"15.125": [0, 0, 8],
						"15.1667": [0, 0, -5],
						"15.2083": [0, 0, 5],
						"15.25": [0, 0, -6]
					},
					"scale": [0.4, 0.4, 1]
				},
				"Head": {
					"rotation": {
						"0.0": [17.5, 0, 0],
						"0.0833": [22.42287, 1.91134, -4.62111],
						"0.1667": [17.45524, -0.01335, 0.04235],
						"0.25": [17.36965, -4.92915, -9.35114],
						"0.3333": [20.05052, 9.43146, -4.77429],
						"0.4167": [21.27676, -5.84327, 0.17972],
						"0.5": [18.85721, 8.19626, 5.61445],
						"0.5833": [21.49941, -10.52308, -1.71168],
						"0.6667": [22.36709, 1.63459, -4.91268],
						"0.75": [20.12738, -1.92245, 4.23245],
						"0.8333": [20.48477, -9.56077, -3.98659],
						"0.9167": [26.13647, 7.51796, 7.73363],
						"1.0": [2.5, 0, 0],
						"9.5": [17.5, 0, 0],
						"9.5833": [18.84359, 21.40584, 7.09999],
						"9.6667": [18.34639, -16.97707, -5.52859],
						"9.75": [18.87014, 21.34102, 7.09119],
						"9.8333": [18.16467, -14.66958, -4.74665],
						"9.9167": [18.88821, 21.24066, 7.0682],
						"10.0": [18.4285, -17.14634, -5.6058],
						"10.0833": [18.15684, 14.06537, 4.55987],
						"10.1667": [17.5, 0, 0],
						"15.25": [17.5, 0, 0]
					}
				},
				"bone19": {
					"position": {
						"0.0": [0, 0, -1],
						"0.0417": [0, 0, 6],
						"0.0833": [0, 0, -1],
						"0.125": [0, 0, 6],
						"0.1667": [0, 0, -1],
						"0.2083": [0, 0, 6],
						"0.25": [0, 0, -1],
						"0.2917": [0, 0, 6],
						"0.3333": [0, 0, -1],
						"0.375": [0, 0, 6],
						"0.4167": [0, 0, -1],
						"0.4583": [0, 0, 6],
						"0.5": [0, 0, -1],
						"0.5417": [0, 0, 6],
						"0.5833": [0, 0, -1],
						"0.625": [0, 0, 6],
						"0.6667": [0, 0, -1],
						"0.7083": [0, 0, 6],
						"0.75": [0, 0, -1],
						"0.7917": [0, 0, 6],
						"0.8333": [0, 0, -1],
						"0.875": [0, 0, 6],
						"0.9167": [0, 0, -1],
						"0.9583": [0, 0, 6],
						"1.0": [0, 0, -1],
						"1.0417": [0, 0, 6],
						"1.0833": [0, 0, -1],
						"1.125": [0, 0, 6],
						"1.1667": [0, 0, -1],
						"1.2083": [0, 0, 6],
						"1.25": [0, 0, -1],
						"1.2917": [0, 0, 6],
						"1.3333": [0, 0, -1],
						"1.375": [0, 0, 6],
						"1.4167": [0, 0, -1],
						"1.4583": [0, 0, 6],
						"1.5": [0, 0, -1],
						"1.5417": [0, 0, 6],
						"1.5833": [0, 0, -1],
						"1.625": [0, 0, 6],
						"1.6667": [0, 0, -1],
						"1.7083": [0, 0, 6],
						"1.75": [0, 0, -1],
						"1.7917": [0, 0, 6],
						"1.8333": [0, 0, -1],
						"1.875": [0, 0, 6],
						"1.9167": [0, 0, -1],
						"1.9583": [0, 0, 6],
						"2.0": [0, 0, -1],
						"2.0417": [0, 0, 6],
						"2.0833": [0, 0, -1],
						"2.125": [0, 0, 6],
						"2.1667": [0, 0, -1],
						"2.2083": [0, 0, 6],
						"2.25": [0, 0, -1],
						"2.2917": [0, 0, 6],
						"2.3333": [0, 0, -1],
						"2.375": [0, 0, 6],
						"2.4167": [0, 0, -1],
						"2.4583": [0, 0, 6],
						"2.5": [0, 0, -1],
						"2.5417": [0, 0, 6],
						"2.5833": [0, 0, -1],
						"2.625": [0, 0, 6],
						"2.6667": [0, 0, -1],
						"2.7083": [0, 0, 6],
						"2.75": [0, 0, -1],
						"2.7917": [0, 0, 6],
						"2.8333": [0, 0, -1],
						"2.875": [0, 0, 6],
						"2.9167": [0, 0, -1],
						"2.9583": [0, 0, 6],
						"3.0": [0, 0, -1],
						"3.0417": [0, 0, 6],
						"3.0833": [0, 0, -1],
						"3.125": [0, 0, 6],
						"3.1667": [0, 0, -1],
						"3.2083": [0, 0, 6],
						"3.25": [0, 0, -1],
						"3.2917": [0, 0, 6],
						"3.3333": [0, 0, -1],
						"3.375": [0, 0, 6],
						"3.4167": [0, 0, -1],
						"3.4583": [0, 0, 6],
						"3.5": [0, 0, -1],
						"3.5417": [0, 0, 6],
						"3.5833": [0, 0, -1],
						"3.625": [0, 0, 6],
						"3.6667": [0, 0, -1],
						"3.7083": [0, 0, 6],
						"3.75": [0, 0, -1],
						"3.7917": [0, 0, 6],
						"3.8333": [0, 0, -1],
						"3.875": [0, 0, 6],
						"3.9167": [0, 0, -1],
						"3.9583": [0, 0, 6],
						"4.0": [0, 0, -1],
						"4.0417": [0, 0, 6],
						"4.0833": [0, 0, -1],
						"4.125": [0, 0, 6],
						"4.1667": [0, 0, -1],
						"4.2083": [0, 0, 6],
						"4.25": [0, 0, -1],
						"4.2917": [0, 0, 6],
						"4.3333": [0, 0, -1],
						"4.375": [0, 0, 6],
						"4.4167": [0, 0, -1],
						"4.4583": [0, 0, 6],
						"4.5": [0, 0, -1],
						"4.5417": [0, 0, 6],
						"4.5833": [0, 0, -1],
						"4.625": [0, 0, 6],
						"4.6667": [0, 0, -1],
						"4.7083": [0, 0, 6],
						"4.75": [0, 0, -1],
						"4.7917": [0, 0, 6],
						"4.8333": [0, 0, -1],
						"4.875": [0, 0, 6],
						"4.9167": [0, 0, -1],
						"4.9583": [0, 0, 6],
						"5.0": [0, 0, -1],
						"5.0417": [0, 0, 6],
						"5.0833": [0, 0, -1],
						"5.125": [0, 0, 6],
						"5.1667": [0, 0, -1],
						"5.2083": [0, 0, 6],
						"5.25": [0, 0, -1],
						"5.2917": [0, 0, 6],
						"5.3333": [0, 0, -1],
						"5.375": [0, 0, 6],
						"5.4167": [0, 0, -1],
						"5.4583": [0, 0, 6],
						"5.5": [0, 0, -1],
						"5.5417": [0, 0, 6],
						"5.5833": [0, 0, -1],
						"5.625": [0, 0, 6],
						"5.6667": [0, 0, -1],
						"5.7083": [0, 0, 6],
						"5.75": [0, 0, -1],
						"5.7917": [0, 0, 6],
						"5.8333": [0, 0, -1],
						"5.875": [0, 0, 6],
						"5.9167": [0, 0, -1],
						"5.9583": [0, 0, 6],
						"6.0": [0, 0, -1],
						"6.0417": [0, 0, 6],
						"6.0833": [0, 0, -1],
						"6.125": [0, 0, 6],
						"6.1667": [0, 0, -1],
						"6.2083": [0, 0, 6],
						"6.25": [0, 0, -1],
						"6.2917": [0, 0, 6],
						"6.3333": [0, 0, -1],
						"6.375": [0, 0, 6],
						"6.4167": [0, 0, -1],
						"6.4583": [0, 0, 6],
						"6.5": [0, 0, -1],
						"6.5417": [0, 0, 6],
						"6.5833": [0, 0, -1],
						"6.625": [0, 0, 6],
						"6.6667": [0, 0, -1],
						"6.7083": [0, 0, 6],
						"6.75": [0, 0, -1],
						"6.7917": [0, 0, 6],
						"6.8333": [0, 0, -1],
						"6.875": [0, 0, 6],
						"6.9167": [0, 0, -1],
						"6.9583": [0, 0, 6],
						"7.0": [0, 0, -1],
						"7.0417": [0, 0, 6],
						"7.0833": [0, 0, -1],
						"7.125": [0, 0, 6],
						"7.1667": [0, 0, -1],
						"7.2083": [0, 0, 6],
						"7.25": [0, 0, -1],
						"7.2917": [0, 0, 6],
						"7.3333": [0, 0, -1],
						"7.375": [0, 0, 6],
						"7.4167": [0, 0, -1],
						"7.4583": [0, 0, 6],
						"7.5": [0, 0, -1],
						"7.5417": [0, 0, 6],
						"7.5833": [0, 0, -1],
						"7.625": [0, 0, 6],
						"7.6667": [0, 0, -1],
						"7.7083": [0, 0, 6],
						"7.75": [0, 0, -1],
						"7.7917": [0, 0, 6],
						"7.8333": [0, 0, -1],
						"7.875": [0, 0, 6],
						"7.9167": [0, 0, -1],
						"7.9583": [0, 0, 6],
						"8.0": [0, 0, -1],
						"8.0417": [0, 0, 6],
						"8.0833": [0, 0, -1],
						"8.125": [0, 0, 6],
						"8.1667": [0, 0, -1],
						"8.2083": [0, 0, 6],
						"8.25": [0, 0, -1],
						"8.2917": [0, 0, 6],
						"8.3333": [0, 0, -1],
						"8.375": [0, 0, 6],
						"8.4167": [0, 0, -1],
						"8.4583": [0, 0, 6],
						"8.5": [0, 0, -1],
						"8.5417": [0, 0, 6],
						"8.5833": [0, 0, -1],
						"8.625": [0, 0, 6],
						"8.6667": [0, 0, -1],
						"8.7083": [0, 0, 6],
						"8.75": [0, 0, -1],
						"8.7917": [0, 0, 6],
						"8.8333": [0, 0, -1],
						"8.875": [0, 0, 6],
						"8.9167": [0, 0, -1],
						"8.9583": [0, 0, 6],
						"9.0": [0, 0, -1],
						"9.0417": [0, 0, 6],
						"9.0833": [0, 0, -1],
						"9.125": [0, 0, 6],
						"9.1667": [0, 0, -1],
						"9.2083": [0, 0, 6],
						"9.25": [0, 0, -1],
						"9.2917": [0, 0, 6],
						"9.3333": [0, 0, -1],
						"9.375": [0, 0, 6],
						"9.4167": [0, 0, -1],
						"9.4583": [0, 0, 6],
						"9.5": [0, 0, -1],
						"9.5417": [0, 0, 6],
						"9.5833": [0, 0, -1],
						"9.625": [0, 0, 6],
						"9.6667": [0, 0, -1],
						"9.7083": [0, 0, 6],
						"9.75": [0, 0, -1],
						"9.7917": [0, 0, 6],
						"9.8333": [0, 0, -1],
						"9.875": [0, 0, 6],
						"9.9167": [0, 0, -1],
						"9.9583": [0, 0, 6],
						"10.0": [0, 0, -1],
						"10.0417": [0, 0, 6],
						"10.0833": [0, 0, -1],
						"10.125": [0, 0, 6],
						"10.1667": [0, 0, -1],
						"10.2083": [0, 0, 6],
						"10.25": [0, 0, -1],
						"10.2917": [0, 0, 6],
						"10.3333": [0, 0, -1],
						"10.375": [0, 0, 6],
						"10.4167": [0, 0, -1],
						"10.4583": [0, 0, 6],
						"10.5": [0, 0, -1],
						"10.5417": [0, 0, 6],
						"10.5833": [0, 0, -1],
						"10.625": [0, 0, 6],
						"10.6667": [0, 0, -1],
						"10.7083": [0, 0, 6],
						"10.75": [0, 0, -1],
						"10.7917": [0, 0, 6],
						"10.8333": [0, 0, -1],
						"10.875": [0, 0, 6],
						"10.9167": [0, 0, -1],
						"10.9583": [0, 0, 6],
						"11.0": [0, 0, -1],
						"11.0417": [0, 0, 6],
						"11.0833": [0, 0, -1],
						"11.125": [0, 0, 6],
						"11.1667": [0, 0, -1],
						"11.2083": [0, 0, 6],
						"11.25": [0, 0, -1],
						"11.2917": [0, 0, 6],
						"11.3333": [0, 0, -1],
						"11.375": [0, 0, 6],
						"11.4167": [0, 0, -1],
						"11.4583": [0, 0, 6],
						"11.5": [0, 0, -1],
						"11.5417": [0, 0, 6],
						"11.5833": [0, 0, -1],
						"11.625": [0, 0, 6],
						"11.6667": [0, 0, -1],
						"11.7083": [0, 0, 6],
						"11.75": [0, 0, -1],
						"11.7917": [0, 0, 6],
						"11.8333": [0, 0, -1],
						"11.875": [0, 0, 6],
						"11.9167": [0, 0, -1],
						"11.9583": [0, 0, 6],
						"12.0": [0, 0, -1],
						"12.0417": [0, 0, 6],
						"12.0833": [0, 0, -1],
						"12.125": [0, 0, 6],
						"12.1667": [0, 0, -1],
						"12.2083": [0, 0, 6],
						"12.25": [0, 0, -1],
						"12.2917": [0, 0, 6],
						"12.3333": [0, 0, -1],
						"12.375": [0, 0, 6],
						"12.4167": [0, 0, -1],
						"12.4583": [0, 0, 6],
						"12.5": [0, 0, -1],
						"12.5417": [0, 0, 6],
						"12.5833": [0, 0, -1],
						"12.625": [0, 0, 6],
						"12.6667": [0, 0, -1],
						"12.7083": [0, 0, 6],
						"12.75": [0, 0, -1],
						"12.7917": [0, 0, 6],
						"12.8333": [0, 0, -1],
						"12.875": [0, 0, 6],
						"12.9167": [0, 0, -1],
						"12.9583": [0, 0, 6],
						"13.0": [0, 0, -1],
						"13.0417": [0, 0, 6],
						"13.0833": [0, 0, -1],
						"13.125": [0, 0, 6],
						"13.1667": [0, 0, -1],
						"13.2083": [0, 0, 6],
						"13.25": [0, 0, -1],
						"13.2917": [0, 0, 6],
						"13.3333": [0, 0, -1],
						"13.375": [0, 0, 6],
						"13.4167": [0, 0, -1],
						"13.4583": [0, 0, 6],
						"13.5": [0, 0, -1],
						"13.5417": [0, 0, 6],
						"13.5833": [0, 0, -1],
						"13.625": [0, 0, 6],
						"13.6667": [0, 0, -1],
						"13.7083": [0, 0, 6],
						"13.75": [0, 0, -1],
						"13.7917": [0, 0, 6],
						"13.8333": [0, 0, -1],
						"13.875": [0, 0, 6],
						"13.9167": [0, 0, -1],
						"13.9583": [0, 0, 6],
						"14.0": [0, 0, -1],
						"14.0417": [0, 0, 6],
						"14.0833": [0, 0, -1],
						"14.125": [0, 0, 6],
						"14.1667": [0, 0, -1],
						"14.2083": [0, 0, 6],
						"14.25": [0, 0, -1],
						"14.2917": [0, 0, 6],
						"14.3333": [0, 0, -1],
						"14.375": [0, 0, 6],
						"14.4167": [0, 0, -1],
						"14.4583": [0, 0, 6],
						"14.5": [0, 0, -1],
						"14.5417": [0, 0, 6],
						"14.5833": [0, 0, -1],
						"14.625": [0, 0, 6],
						"14.6667": [0, 0, -1],
						"14.7083": [0, 0, 6],
						"14.75": [0, 0, -1],
						"14.7917": [0, 0, 6],
						"14.8333": [0, 0, -1],
						"14.875": [0, 0, 6],
						"14.9167": [0, 0, -1],
						"14.9583": [0, 0, 6]
					}
				},
				"bone17": {
					"position": {
						"0.0": [0, 0, 1],
						"0.0417": [0, 0, -7],
						"0.0833": [0, 0, 1],
						"0.125": [0, 0, -7],
						"0.1667": [0, 0, 1],
						"0.2083": [0, 0, -7],
						"0.25": [0, 0, 1],
						"0.2917": [0, 0, -7],
						"0.3333": [0, 0, 1],
						"0.375": [0, 0, -7],
						"0.4167": [0, 0, 1],
						"0.4583": [0, 0, -7],
						"0.5": [0, 0, 1],
						"0.5417": [0, 0, -7],
						"0.5833": [0, 0, 1],
						"0.625": [0, 0, -7],
						"0.6667": [0, 0, 1],
						"0.7083": [0, 0, -7],
						"0.75": [0, 0, 1],
						"0.7917": [0, 0, -7],
						"0.8333": [0, 0, 1],
						"0.875": [0, 0, -7],
						"0.9167": [0, 0, 1],
						"0.9583": [0, 0, -7],
						"1.0": [0, 0, 1],
						"1.0417": [0, 0, -7],
						"1.0833": [0, 0, 1],
						"1.125": [0, 0, -7],
						"1.1667": [0, 0, 1],
						"1.2083": [0, 0, -7],
						"1.25": [0, 0, 1],
						"1.2917": [0, 0, -7],
						"1.3333": [0, 0, 1],
						"1.375": [0, 0, -7],
						"1.4167": [0, 0, 1],
						"1.4583": [0, 0, -7],
						"1.5": [0, 0, 1],
						"1.5417": [0, 0, -7],
						"1.5833": [0, 0, 1],
						"1.625": [0, 0, -7],
						"1.6667": [0, 0, 1],
						"1.7083": [0, 0, -7],
						"1.75": [0, 0, 1],
						"1.7917": [0, 0, -7],
						"1.8333": [0, 0, 1],
						"1.875": [0, 0, -7],
						"1.9167": [0, 0, 1],
						"1.9583": [0, 0, -7],
						"2.0": [0, 0, 1],
						"2.0417": [0, 0, -7],
						"2.0833": [0, 0, 1],
						"2.125": [0, 0, -7],
						"2.1667": [0, 0, 1],
						"2.2083": [0, 0, -7],
						"2.25": [0, 0, 1],
						"2.2917": [0, 0, -7],
						"2.3333": [0, 0, 1],
						"2.375": [0, 0, -7],
						"2.4167": [0, 0, 1],
						"2.4583": [0, 0, -7],
						"2.5": [0, 0, 1],
						"2.5417": [0, 0, -7],
						"2.5833": [0, 0, 1],
						"2.625": [0, 0, -7],
						"2.6667": [0, 0, 1],
						"2.7083": [0, 0, -7],
						"2.75": [0, 0, 1],
						"2.7917": [0, 0, -7],
						"2.8333": [0, 0, 1],
						"2.875": [0, 0, -7],
						"2.9167": [0, 0, 1],
						"2.9583": [0, 0, -7],
						"3.0": [0, 0, 1],
						"3.0417": [0, 0, -7],
						"3.0833": [0, 0, 1],
						"3.125": [0, 0, -7],
						"3.1667": [0, 0, 1],
						"3.2083": [0, 0, -7],
						"3.25": [0, 0, 1],
						"3.2917": [0, 0, -7],
						"3.3333": [0, 0, 1],
						"3.375": [0, 0, -7],
						"3.4167": [0, 0, 1],
						"3.4583": [0, 0, -7],
						"3.5": [0, 0, 1],
						"3.5417": [0, 0, -7],
						"3.5833": [0, 0, 1],
						"3.625": [0, 0, -7],
						"3.6667": [0, 0, 1],
						"3.7083": [0, 0, -7],
						"3.75": [0, 0, 1],
						"3.7917": [0, 0, -7],
						"3.8333": [0, 0, 1],
						"3.875": [0, 0, -7],
						"3.9167": [0, 0, 1],
						"3.9583": [0, 0, -7],
						"4.0": [0, 0, 1],
						"4.0417": [0, 0, -7],
						"4.0833": [0, 0, 1],
						"4.125": [0, 0, -7],
						"4.1667": [0, 0, 1],
						"4.2083": [0, 0, -7],
						"4.25": [0, 0, 1],
						"4.2917": [0, 0, -7],
						"4.3333": [0, 0, 1],
						"4.375": [0, 0, -7],
						"4.4167": [0, 0, 1],
						"4.4583": [0, 0, -7],
						"4.5": [0, 0, 1],
						"4.5417": [0, 0, -7],
						"4.5833": [0, 0, 1],
						"4.625": [0, 0, -7],
						"4.6667": [0, 0, 1],
						"4.7083": [0, 0, -7],
						"4.75": [0, 0, 1],
						"4.7917": [0, 0, -7],
						"4.8333": [0, 0, 1],
						"4.875": [0, 0, -7],
						"4.9167": [0, 0, 1],
						"4.9583": [0, 0, -7],
						"5.0": [0, 0, 1],
						"5.0417": [0, 0, -7],
						"5.0833": [0, 0, 1],
						"5.125": [0, 0, -7],
						"5.1667": [0, 0, 1],
						"5.2083": [0, 0, -7],
						"5.25": [0, 0, 1],
						"5.2917": [0, 0, -7],
						"5.3333": [0, 0, 1],
						"5.375": [0, 0, -7],
						"5.4167": [0, 0, 1],
						"5.4583": [0, 0, -7],
						"5.5": [0, 0, 1],
						"5.5417": [0, 0, -7],
						"5.5833": [0, 0, 1],
						"5.625": [0, 0, -7],
						"5.6667": [0, 0, 1],
						"5.7083": [0, 0, -7],
						"5.75": [0, 0, 1],
						"5.7917": [0, 0, -7],
						"5.8333": [0, 0, 1],
						"5.875": [0, 0, -7],
						"5.9167": [0, 0, 1],
						"5.9583": [0, 0, -7],
						"6.0": [0, 0, 1],
						"6.0417": [0, 0, -7],
						"6.0833": [0, 0, 1],
						"6.125": [0, 0, -7],
						"6.1667": [0, 0, 1],
						"6.2083": [0, 0, -7],
						"6.25": [0, 0, 1],
						"6.2917": [0, 0, -7],
						"6.3333": [0, 0, 1],
						"6.375": [0, 0, -7],
						"6.4167": [0, 0, 1],
						"6.4583": [0, 0, -7],
						"6.5": [0, 0, 1],
						"6.5417": [0, 0, -7],
						"6.5833": [0, 0, 1],
						"6.625": [0, 0, -7],
						"6.6667": [0, 0, 1],
						"6.7083": [0, 0, -7],
						"6.75": [0, 0, 1],
						"6.7917": [0, 0, -7],
						"6.8333": [0, 0, 1],
						"6.875": [0, 0, -7],
						"6.9167": [0, 0, 1],
						"6.9583": [0, 0, -7],
						"7.0": [0, 0, 1],
						"7.0417": [0, 0, -7],
						"7.0833": [0, 0, 1],
						"7.125": [0, 0, -7],
						"7.1667": [0, 0, 1],
						"7.2083": [0, 0, -7],
						"7.25": [0, 0, 1],
						"7.2917": [0, 0, -7],
						"7.3333": [0, 0, 1],
						"7.375": [0, 0, -7],
						"7.4167": [0, 0, 1],
						"7.4583": [0, 0, -7],
						"7.5": [0, 0, 1],
						"7.5417": [0, 0, -7],
						"7.5833": [0, 0, 1],
						"7.625": [0, 0, -7],
						"7.6667": [0, 0, 1],
						"7.7083": [0, 0, -7],
						"7.75": [0, 0, 1],
						"7.7917": [0, 0, -7],
						"7.8333": [0, 0, 1],
						"7.875": [0, 0, -7],
						"7.9167": [0, 0, 1],
						"7.9583": [0, 0, -7],
						"8.0": [0, 0, 1],
						"8.0417": [0, 0, -7],
						"8.0833": [0, 0, 1],
						"8.125": [0, 0, -7],
						"8.1667": [0, 0, 1],
						"8.2083": [0, 0, -7],
						"8.25": [0, 0, 1],
						"8.2917": [0, 0, -7],
						"8.3333": [0, 0, 1],
						"8.375": [0, 0, -7],
						"8.4167": [0, 0, 1],
						"8.4583": [0, 0, -7],
						"8.5": [0, 0, 1],
						"8.5417": [0, 0, -7],
						"8.5833": [0, 0, 1],
						"8.625": [0, 0, -7],
						"8.6667": [0, 0, 1],
						"8.7083": [0, 0, -7],
						"8.75": [0, 0, 1],
						"8.7917": [0, 0, -7],
						"8.8333": [0, 0, 1],
						"8.875": [0, 0, -7],
						"8.9167": [0, 0, 1],
						"8.9583": [0, 0, -7],
						"9.0": [0, 0, 1],
						"9.0417": [0, 0, -7],
						"9.0833": [0, 0, 1],
						"9.125": [0, 0, -7],
						"9.1667": [0, 0, 1],
						"9.2083": [0, 0, -7],
						"9.25": [0, 0, 1],
						"9.2917": [0, 0, -7],
						"9.3333": [0, 0, 1],
						"9.375": [0, 0, -7],
						"9.4167": [0, 0, 1],
						"9.4583": [0, 0, -7],
						"9.5": [0, 0, 1],
						"9.5417": [0, 0, -7],
						"9.5833": [0, 0, 1],
						"9.625": [0, 0, -7],
						"9.6667": [0, 0, 1],
						"9.7083": [0, 0, -7],
						"9.75": [0, 0, 1],
						"9.7917": [0, 0, -7],
						"9.8333": [0, 0, 1],
						"9.875": [0, 0, -7],
						"9.9167": [0, 0, 1],
						"9.9583": [0, 0, -7],
						"10.0": [0, 0, 1],
						"10.0417": [0, 0, -7],
						"10.0833": [0, 0, 1],
						"10.125": [0, 0, -7],
						"10.1667": [0, 0, 1],
						"10.2083": [0, 0, -7],
						"10.25": [0, 0, 1],
						"10.2917": [0, 0, -7],
						"10.3333": [0, 0, 1],
						"10.375": [0, 0, -7],
						"10.4167": [0, 0, 1],
						"10.4583": [0, 0, -7],
						"10.5": [0, 0, 1],
						"10.5417": [0, 0, -7],
						"10.5833": [0, 0, 1],
						"10.625": [0, 0, -7],
						"10.6667": [0, 0, 1],
						"10.7083": [0, 0, -7],
						"10.75": [0, 0, 1],
						"10.7917": [0, 0, -7],
						"10.8333": [0, 0, 1],
						"10.875": [0, 0, -7],
						"10.9167": [0, 0, 1],
						"10.9583": [0, 0, -7],
						"11.0": [0, 0, 1],
						"11.0417": [0, 0, -7],
						"11.0833": [0, 0, 1],
						"11.125": [0, 0, -7],
						"11.1667": [0, 0, 1],
						"11.2083": [0, 0, -7],
						"11.25": [0, 0, 1],
						"11.2917": [0, 0, -7],
						"11.3333": [0, 0, 1],
						"11.375": [0, 0, -7],
						"11.4167": [0, 0, 1],
						"11.4583": [0, 0, -7],
						"11.5": [0, 0, 1],
						"11.5417": [0, 0, -7],
						"11.5833": [0, 0, 1],
						"11.625": [0, 0, -7],
						"11.6667": [0, 0, 1],
						"11.7083": [0, 0, -7],
						"11.75": [0, 0, 1],
						"11.7917": [0, 0, -7],
						"11.8333": [0, 0, 1],
						"11.875": [0, 0, -7],
						"11.9167": [0, 0, 1],
						"11.9583": [0, 0, -7],
						"12.0": [0, 0, 1],
						"12.0417": [0, 0, -7],
						"12.0833": [0, 0, 1],
						"12.125": [0, 0, -7],
						"12.1667": [0, 0, 1],
						"12.2083": [0, 0, -7],
						"12.25": [0, 0, 1],
						"12.2917": [0, 0, -7],
						"12.3333": [0, 0, 1],
						"12.375": [0, 0, -7],
						"12.4167": [0, 0, 1],
						"12.4583": [0, 0, -7],
						"12.5": [0, 0, 1],
						"12.5417": [0, 0, -7],
						"12.5833": [0, 0, 1],
						"12.625": [0, 0, -7],
						"12.6667": [0, 0, 1],
						"12.7083": [0, 0, -7],
						"12.75": [0, 0, 1],
						"12.7917": [0, 0, -7],
						"12.8333": [0, 0, 1],
						"12.875": [0, 0, -7],
						"12.9167": [0, 0, 1],
						"12.9583": [0, 0, -7],
						"13.0": [0, 0, 1],
						"13.0417": [0, 0, -7],
						"13.0833": [0, 0, 1],
						"13.125": [0, 0, -7],
						"13.1667": [0, 0, 1],
						"13.2083": [0, 0, -7],
						"13.25": [0, 0, 1],
						"13.2917": [0, 0, -7],
						"13.3333": [0, 0, 1],
						"13.375": [0, 0, -7],
						"13.4167": [0, 0, 1],
						"13.4583": [0, 0, -7],
						"13.5": [0, 0, 1],
						"13.5417": [0, 0, -7],
						"13.5833": [0, 0, 1],
						"13.625": [0, 0, -7],
						"13.6667": [0, 0, 1],
						"13.7083": [0, 0, -7],
						"13.75": [0, 0, 1],
						"13.7917": [0, 0, -7],
						"13.8333": [0, 0, 1],
						"13.875": [0, 0, -7],
						"13.9167": [0, 0, 1],
						"13.9583": [0, 0, -7],
						"14.0": [0, 0, 1],
						"14.0417": [0, 0, -7],
						"14.0833": [0, 0, 1],
						"14.125": [0, 0, -7],
						"14.1667": [0, 0, 1],
						"14.2083": [0, 0, -7],
						"14.25": [0, 0, 1],
						"14.2917": [0, 0, -7],
						"14.3333": [0, 0, 1],
						"14.375": [0, 0, -7],
						"14.4167": [0, 0, 1],
						"14.4583": [0, 0, -7],
						"14.5": [0, 0, 1],
						"14.5417": [0, 0, -7],
						"14.5833": [0, 0, 1],
						"14.625": [0, 0, -7],
						"14.6667": [0, 0, 1],
						"14.7083": [0, 0, -7],
						"14.75": [0, 0, 1],
						"14.7917": [0, 0, -7],
						"14.8333": [0, 0, 1],
						"14.875": [0, 0, -7],
						"14.9167": [0, 0, 1],
						"14.9583": [0, 0, -7],
						"15.0": [0, 0, 5],
						"15.0417": [0, 0, -7],
						"15.0833": [0, 0, 1],
						"15.125": [0, 0, -6],
						"15.1667": [0, 0, 3],
						"15.2083": [0, 0, -8],
						"15.25": [0, 0, 1]
					},
					"scale": [0.1, 0.4, 1]
				},
				"Peluru": {
					"position": [0, 27, 0]
				},
				"Peluru2": {
					"position": [0.65194, 14.98578, 0.03686],
					"scale": [0.6, 1, 0.6]
				},
				"Listrik2": {
					"position": {
						"0.0": [0, 0, -1],
						"0.0417": [0, 0, 6],
						"0.0833": [0, 0, -1],
						"0.125": [0, 0, 6],
						"0.1667": [0, 0, -1],
						"0.2083": [0, 0, 6],
						"0.25": [0, 0, -1],
						"0.2917": [0, 0, 6],
						"0.3333": [0, 0, -1],
						"0.375": [0, 0, 6],
						"0.4167": [0, 0, -1],
						"0.4583": [0, 0, 6],
						"0.5": [0, 0, -1],
						"0.5417": [0, 0, 6],
						"0.5833": [0, 0, -1],
						"0.625": [0, 0, 6],
						"0.6667": [0, 0, -1],
						"0.7083": [0, 0, 6],
						"0.75": [0, 0, -1],
						"0.7917": [0, 0, 6],
						"0.8333": [0, 0, -1],
						"0.875": [0, 0, 6],
						"0.9167": [0, 0, -1],
						"0.9583": [0, 0, 6],
						"1.0": [0, 0, -1],
						"1.0417": [0, 0, 6],
						"1.0833": [0, 0, -1],
						"1.125": [0, 0, 6],
						"1.1667": [0, 0, -1],
						"1.2083": [0, 0, 6],
						"1.25": [0, 0, -1],
						"1.2917": [0, 0, 6],
						"1.3333": [0, 0, -1],
						"1.375": [0, 0, 6],
						"1.4167": [0, 0, -1],
						"1.4583": [0, 0, 6],
						"1.5": [0, 0, -1],
						"1.5417": [0, 0, 6],
						"1.5833": [0, 0, -1],
						"1.625": [0, 0, 6],
						"1.6667": [0, 0, -1],
						"1.7083": [0, 0, 6],
						"1.75": [0, 0, -1],
						"1.7917": [0, 0, 6],
						"1.8333": [0, 0, -1],
						"1.875": [0, 0, 6],
						"1.9167": [0, 0, -1],
						"1.9583": [0, 0, 6],
						"2.0": [0, 0, -1],
						"2.0417": [0, 0, 6],
						"2.0833": [0, 0, -1],
						"2.125": [0, 0, 6],
						"2.1667": [0, 0, -1],
						"2.2083": [0, 0, 6],
						"2.25": [0, 0, -1],
						"2.2917": [0, 0, 6],
						"2.3333": [0, 0, -1],
						"2.375": [0, 0, 6],
						"2.4167": [0, 0, -1],
						"2.4583": [0, 0, 6],
						"2.5": [0, 0, -1],
						"2.5417": [0, 0, 6],
						"2.5833": [0, 0, -1],
						"2.625": [0, 0, 6],
						"2.6667": [0, 0, -1],
						"2.7083": [0, 0, 6],
						"2.75": [0, 0, -1],
						"2.7917": [0, 0, 6],
						"2.8333": [0, 0, -1],
						"2.875": [0, 0, 6],
						"2.9167": [0, 0, -1],
						"2.9583": [0, 0, 6],
						"3.0": [0, 0, -1],
						"3.0417": [0, 0, 6],
						"3.0833": [0, 0, -1],
						"3.125": [0, 0, 6],
						"3.1667": [0, 0, -1],
						"3.2083": [0, 0, 6],
						"3.25": [0, 0, -1],
						"3.2917": [0, 0, 6],
						"3.3333": [0, 0, -1],
						"3.375": [0, 0, 6],
						"3.4167": [0, 0, -1],
						"3.4583": [0, 0, 6],
						"3.5": [0, 0, -1],
						"3.5417": [0, 0, 6],
						"3.5833": [0, 0, -1],
						"3.625": [0, 0, 6],
						"3.6667": [0, 0, -1],
						"3.7083": [0, 0, 6],
						"3.75": [0, 0, -1],
						"3.7917": [0, 0, 6],
						"3.8333": [0, 0, -1],
						"3.875": [0, 0, 6],
						"3.9167": [0, 0, -1],
						"3.9583": [0, 0, 6],
						"4.0": [0, 0, -1],
						"4.0417": [0, 0, 6],
						"4.0833": [0, 0, -1],
						"4.125": [0, 0, 6],
						"4.1667": [0, 0, -1],
						"4.2083": [0, 0, 6],
						"4.25": [0, 0, -1],
						"4.2917": [0, 0, 6],
						"4.3333": [0, 0, -1],
						"4.375": [0, 0, 6],
						"4.4167": [0, 0, -1],
						"4.4583": [0, 0, 6],
						"4.5": [0, 0, -1],
						"4.5417": [0, 0, 6],
						"4.5833": [0, 0, -1],
						"4.625": [0, 0, 6],
						"4.6667": [0, 0, -1],
						"4.7083": [0, 0, 6],
						"4.75": [0, 0, -1],
						"4.7917": [0, 0, 6],
						"4.8333": [0, 0, -1],
						"4.875": [0, 0, 6],
						"4.9167": [0, 0, -1],
						"4.9583": [0, 0, 6],
						"5.0": [0, 0, -1],
						"5.0417": [0, 0, 6],
						"5.0833": [0, 0, -1],
						"5.125": [0, 0, 6],
						"5.1667": [0, 0, -1],
						"5.2083": [0, 0, 6],
						"5.25": [0, 0, -1],
						"5.2917": [0, 0, 6],
						"5.3333": [0, 0, -1],
						"5.375": [0, 0, 6],
						"5.4167": [0, 0, -1],
						"5.4583": [0, 0, 6],
						"5.5": [0, 0, -1],
						"5.5417": [0, 0, 6],
						"5.5833": [0, 0, -1],
						"5.625": [0, 0, 6],
						"5.6667": [0, 0, -1],
						"5.7083": [0, 0, 6],
						"5.75": [0, 0, -1],
						"5.7917": [0, 0, 6],
						"5.8333": [0, 0, -1],
						"5.875": [0, 0, 6],
						"5.9167": [0, 0, -1],
						"5.9583": [0, 0, 6],
						"6.0": [0, 0, -1],
						"6.0417": [0, 0, 6],
						"6.0833": [0, 0, -1],
						"6.125": [0, 0, 6],
						"6.1667": [0, 0, -1],
						"6.2083": [0, 0, 6],
						"6.25": [0, 0, -1],
						"6.2917": [0, 0, 6],
						"6.3333": [0, 0, -1],
						"6.375": [0, 0, 6],
						"6.4167": [0, 0, -1],
						"6.4583": [0, 0, 6],
						"6.5": [0, 0, -1],
						"6.5417": [0, 0, 6],
						"6.5833": [0, 0, -1],
						"6.625": [0, 0, 6],
						"6.6667": [0, 0, -1],
						"6.7083": [0, 0, 6],
						"6.75": [0, 0, -1],
						"6.7917": [0, 0, 6],
						"6.8333": [0, 0, -1],
						"6.875": [0, 0, 6],
						"6.9167": [0, 0, -1],
						"6.9583": [0, 0, 6],
						"7.0": [0, 0, -1],
						"7.0417": [0, 0, 6],
						"7.0833": [0, 0, -1],
						"7.125": [0, 0, 6],
						"7.1667": [0, 0, -1],
						"7.2083": [0, 0, 6],
						"7.25": [0, 0, -1],
						"7.2917": [0, 0, 6],
						"7.3333": [0, 0, -1],
						"7.375": [0, 0, 6],
						"7.4167": [0, 0, -1],
						"7.4583": [0, 0, 6],
						"7.5": [0, 0, -1],
						"7.5417": [0, 0, 6],
						"7.5833": [0, 0, -1],
						"7.625": [0, 0, 6],
						"7.6667": [0, 0, -1],
						"7.7083": [0, 0, 6],
						"7.75": [0, 0, -1],
						"7.7917": [0, 0, 6],
						"7.8333": [0, 0, -1],
						"7.875": [0, 0, 6],
						"7.9167": [0, 0, -1],
						"7.9583": [0, 0, 6],
						"8.0": [0, 0, -1],
						"8.0417": [0, 0, 6],
						"8.0833": [0, 0, -1],
						"8.125": [0, 0, 6],
						"8.1667": [0, 0, -1],
						"8.2083": [0, 0, 6],
						"8.25": [0, 0, -1],
						"8.2917": [0, 0, 6],
						"8.3333": [0, 0, -1],
						"8.375": [0, 0, 6],
						"8.4167": [0, 0, -1],
						"8.4583": [0, 0, 6],
						"8.5": [0, 0, -1],
						"8.5417": [0, 0, 6],
						"8.5833": [0, 0, -1],
						"8.625": [0, 0, 6],
						"8.6667": [0, 0, -1],
						"8.7083": [0, 0, 6],
						"8.75": [0, 0, -1],
						"8.7917": [0, 0, 6],
						"8.8333": [0, 0, -1],
						"8.875": [0, 0, 6],
						"8.9167": [0, 0, -1],
						"8.9583": [0, 0, 6],
						"9.0": [0, 0, -1],
						"9.0417": [0, 0, 6],
						"9.0833": [0, 0, -1],
						"9.125": [0, 0, 6],
						"9.1667": [0, 0, -1],
						"9.2083": [0, 0, 6],
						"9.25": [0, 0, -1],
						"9.2917": [0, 0, 6],
						"9.3333": [0, 0, -1],
						"9.375": [0, 0, 6],
						"9.4167": [0, 0, -1],
						"9.4583": [0, 0, 6],
						"9.5": [0, 0, -1],
						"9.5417": [0, 0, 6],
						"9.5833": [0, 0, -1],
						"9.625": [0, 0, 6],
						"9.6667": [0, 0, -1],
						"9.7083": [0, 0, 6],
						"9.75": [0, 0, -1],
						"9.7917": [0, 0, 6],
						"9.8333": [0, 0, -1],
						"9.875": [0, 0, 6],
						"9.9167": [0, 0, -1],
						"9.9583": [0, 0, 6],
						"10.0": [0, 0, -1],
						"10.0417": [0, 0, 6],
						"10.0833": [0, 0, -1],
						"10.125": [0, 0, 6],
						"10.1667": [0, 0, -1],
						"10.2083": [0, 0, 6],
						"10.25": [0, 0, -1],
						"10.2917": [0, 0, 6],
						"10.3333": [0, 0, -1],
						"10.375": [0, 0, 6],
						"10.4167": [0, 0, -1],
						"10.4583": [0, 0, 6],
						"10.5": [0, 0, -1],
						"10.5417": [0, 0, 6],
						"10.5833": [0, 0, -1],
						"10.625": [0, 0, 6],
						"10.6667": [0, 0, -1],
						"10.7083": [0, 0, 6],
						"10.75": [0, 0, -1],
						"10.7917": [0, 0, 6],
						"10.8333": [0, 0, -1],
						"10.875": [0, 0, 6],
						"10.9167": [0, 0, -1],
						"10.9583": [0, 0, 6],
						"11.0": [0, 0, -1],
						"11.0417": [0, 0, 6],
						"11.0833": [0, 0, -1],
						"11.125": [0, 0, 6],
						"11.1667": [0, 0, -1],
						"11.2083": [0, 0, 6],
						"11.25": [0, 0, -1],
						"11.2917": [0, 0, 6],
						"11.3333": [0, 0, -1],
						"11.375": [0, 0, 6],
						"11.4167": [0, 0, -1],
						"11.4583": [0, 0, 6],
						"11.5": [0, 0, -1],
						"11.5417": [0, 0, 6],
						"11.5833": [0, 0, -1],
						"11.625": [0, 0, 6],
						"11.6667": [0, 0, -1],
						"11.7083": [0, 0, 6],
						"11.75": [0, 0, -1],
						"11.7917": [0, 0, 6],
						"11.8333": [0, 0, -1],
						"11.875": [0, 0, 6],
						"11.9167": [0, 0, -1],
						"11.9583": [0, 0, 6],
						"12.0": [0, 0, -1],
						"12.0417": [0, 0, 6],
						"12.0833": [0, 0, -1],
						"12.125": [0, 0, 6],
						"12.1667": [0, 0, -1],
						"12.2083": [0, 0, 6],
						"12.25": [0, 0, -1],
						"12.2917": [0, 0, 6],
						"12.3333": [0, 0, -1],
						"12.375": [0, 0, 6],
						"12.4167": [0, 0, -1],
						"12.4583": [0, 0, 6],
						"12.5": [0, 0, -1],
						"12.5417": [0, 0, 6],
						"12.5833": [0, 0, -1],
						"12.625": [0, 0, 6],
						"12.6667": [0, 0, -1],
						"12.7083": [0, 0, 6],
						"12.75": [0, 0, -1],
						"12.7917": [0, 0, 6],
						"12.8333": [0, 0, -1],
						"12.875": [0, 0, 6],
						"12.9167": [0, 0, -1],
						"12.9583": [0, 0, 6],
						"13.0": [0, 0, -1],
						"13.0417": [0, 0, 6],
						"13.0833": [0, 0, -1],
						"13.125": [0, 0, 6],
						"13.1667": [0, 0, -1],
						"13.2083": [0, 0, 6],
						"13.25": [0, 0, -1],
						"13.2917": [0, 0, 6],
						"13.3333": [0, 0, -1],
						"13.375": [0, 0, 6],
						"13.4167": [0, 0, -1],
						"13.4583": [0, 0, 6],
						"13.5": [0, 0, -1],
						"13.5417": [0, 0, 6],
						"13.5833": [0, 0, -1],
						"13.625": [0, 0, 6],
						"13.6667": [0, 0, -1],
						"13.7083": [0, 0, 6],
						"13.75": [0, 0, -1],
						"13.7917": [0, 0, 6],
						"13.8333": [0, 0, -1],
						"13.875": [0, 0, 6],
						"13.9167": [0, 0, -1],
						"13.9583": [0, 0, 6],
						"14.0": [0, 0, -1],
						"14.0417": [0, 0, 6],
						"14.0833": [0, 0, -1],
						"14.125": [0, 0, 6],
						"14.1667": [0, 0, -1],
						"14.2083": [0, 0, 6],
						"14.25": [0, 0, -1],
						"14.2917": [0, 0, 6],
						"14.3333": [0, 0, -1],
						"14.375": [0, 0, 6],
						"14.4167": [0, 0, -1],
						"14.4583": [0, 0, 6],
						"14.5": [0, 0, -1],
						"14.5417": [0, 0, 6],
						"14.5833": [0, 0, -1],
						"14.625": [0, 0, 6],
						"14.6667": [0, 0, -1],
						"14.7083": [0, 0, 6],
						"14.75": [0, 0, -1],
						"14.7917": [0, 0, 6],
						"14.8333": [0, 0, -1],
						"14.875": [0, 0, 6],
						"14.9167": [0, 0, -1],
						"14.9583": [0, 0, 6]
					}
				},
				"Tembak2": {
					"scale": 1.4
				},
				"Tembak": {
					"scale": 1.4
				},
				"bone16": {
					"scale": [1, 1, 1.8]
				},
				"bone20": {
					"scale": [1, 1, 1.8]
				},
				"Petir": {
					"position": {
						"0.0": [0, 0, -1],
						"0.0417": [0, 0, 6],
						"0.0833": [0, 0, -1],
						"0.125": [0, 0, 6],
						"0.1667": [0, 0, -1],
						"0.2083": [0, 0, 6],
						"0.25": [0, 0, -1],
						"0.2917": [0, 0, 6],
						"0.3333": [0, 0, -1],
						"0.375": [0, 0, 6],
						"0.4167": [0, 0, -1],
						"0.4583": [0, 0, 6],
						"0.5": [0, 0, -1],
						"0.5417": [0, 0, 6],
						"0.5833": [0, 0, -1],
						"0.625": [0, 0, 6],
						"0.6667": [0, 0, -1],
						"0.7083": [0, 0, 6],
						"0.75": [0, 0, -1],
						"0.7917": [0, 0, 6],
						"0.8333": [0, 0, -1],
						"0.875": [0, 0, 6],
						"0.9167": [0, 0, -1],
						"0.9583": [0, 0, 6],
						"1.0": [0, 0, -1],
						"1.0417": [0, 0, 6],
						"1.0833": [0, 0, -1],
						"1.125": [0, 0, 6],
						"1.1667": [0, 0, -1],
						"1.2083": [0, 0, 6],
						"1.25": [0, 0, -1],
						"1.2917": [0, 0, 6],
						"1.3333": [0, 0, -1],
						"1.375": [0, 0, 6],
						"1.4167": [0, 0, -1],
						"1.4583": [0, 0, 6],
						"1.5": [0, 0, -1],
						"1.5417": [0, 0, 6],
						"1.5833": [0, 0, -1],
						"1.625": [0, 0, 6],
						"1.6667": [0, 0, -1],
						"1.7083": [0, 0, 6],
						"1.75": [0, 0, -1],
						"1.7917": [0, 0, 6],
						"1.8333": [0, 0, -1],
						"1.875": [0, 0, 6],
						"1.9167": [0, 0, -1],
						"1.9583": [0, 0, 6],
						"2.0": [0, 0, -1],
						"2.0417": [0, 0, 6],
						"2.0833": [0, 0, -1],
						"2.125": [0, 0, 6],
						"2.1667": [0, 0, -1],
						"2.2083": [0, 0, 6],
						"2.25": [0, 0, -1],
						"2.2917": [0, 0, 6],
						"2.3333": [0, 0, -1],
						"2.375": [0, 0, 6],
						"2.4167": [0, 0, -1],
						"2.4583": [0, 0, 6],
						"2.5": [0, 0, -1],
						"2.5417": [0, 0, 6],
						"2.5833": [0, 0, -1],
						"2.625": [0, 0, 6],
						"2.6667": [0, 0, -1],
						"2.7083": [0, 0, 6],
						"2.75": [0, 0, -1],
						"2.7917": [0, 0, 6],
						"2.8333": [0, 0, -1],
						"2.875": [0, 0, 6],
						"2.9167": [0, 0, -1],
						"2.9583": [0, 0, 6],
						"3.0": [0, 0, -1],
						"3.0417": [0, 0, 6],
						"3.0833": [0, 0, -1],
						"3.125": [0, 0, 6],
						"3.1667": [0, 0, -1],
						"3.2083": [0, 0, 6],
						"3.25": [0, 0, -1],
						"3.2917": [0, 0, 6],
						"3.3333": [0, 0, -1],
						"3.375": [0, 0, 6],
						"3.4167": [0, 0, -1],
						"3.4583": [0, 0, 6],
						"3.5": [0, 0, -1],
						"3.5417": [0, 0, 6],
						"3.5833": [0, 0, -1],
						"3.625": [0, 0, 6],
						"3.6667": [0, 0, -1],
						"3.7083": [0, 0, 6],
						"3.75": [0, 0, -1],
						"3.7917": [0, 0, 6],
						"3.8333": [0, 0, -1],
						"3.875": [0, 0, 6],
						"3.9167": [0, 0, -1],
						"3.9583": [0, 0, 6],
						"4.0": [0, 0, -1],
						"4.0417": [0, 0, 6],
						"4.0833": [0, 0, -1],
						"4.125": [0, 0, 6],
						"4.1667": [0, 0, -1],
						"4.2083": [0, 0, 6],
						"4.25": [0, 0, -1],
						"4.2917": [0, 0, 6],
						"4.3333": [0, 0, -1],
						"4.375": [0, 0, 6],
						"4.4167": [0, 0, -1],
						"4.4583": [0, 0, 6],
						"4.5": [0, 0, -1],
						"4.5417": [0, 0, 6],
						"4.5833": [0, 0, -1],
						"4.625": [0, 0, 6],
						"4.6667": [0, 0, -1],
						"4.7083": [0, 0, 6],
						"4.75": [0, 0, -1],
						"4.7917": [0, 0, 6],
						"4.8333": [0, 0, -1],
						"4.875": [0, 0, 6],
						"4.9167": [0, 0, -1],
						"4.9583": [0, 0, 6],
						"5.0": [0, 0, -1],
						"5.0417": [0, 0, 6],
						"5.0833": [0, 0, -1],
						"5.125": [0, 0, 6],
						"5.1667": [0, 0, -1],
						"5.2083": [0, 0, 6],
						"5.25": [0, 0, -1],
						"5.2917": [0, 0, 6],
						"5.3333": [0, 0, -1],
						"5.375": [0, 0, 6],
						"5.4167": [0, 0, -1],
						"5.4583": [0, 0, 6],
						"5.5": [0, 0, -1],
						"5.5417": [0, 0, 6],
						"5.5833": [0, 0, -1],
						"5.625": [0, 0, 6],
						"5.6667": [0, 0, -1],
						"5.7083": [0, 0, 6],
						"5.75": [0, 0, -1],
						"5.7917": [0, 0, 6],
						"5.8333": [0, 0, -1],
						"5.875": [0, 0, 6],
						"5.9167": [0, 0, -1],
						"5.9583": [0, 0, 6],
						"6.0": [0, 0, -1],
						"6.0417": [0, 0, 6],
						"6.0833": [0, 0, -1],
						"6.125": [0, 0, 6],
						"6.1667": [0, 0, -1],
						"6.2083": [0, 0, 6],
						"6.25": [0, 0, -1],
						"6.2917": [0, 0, 6],
						"6.3333": [0, 0, -1],
						"6.375": [0, 0, 6],
						"6.4167": [0, 0, -1],
						"6.4583": [0, 0, 6],
						"6.5": [0, 0, -1],
						"6.5417": [0, 0, 6],
						"6.5833": [0, 0, -1],
						"6.625": [0, 0, 6],
						"6.6667": [0, 0, -1],
						"6.7083": [0, 0, 6],
						"6.75": [0, 0, -1],
						"6.7917": [0, 0, 6],
						"6.8333": [0, 0, -1],
						"6.875": [0, 0, 6],
						"6.9167": [0, 0, -1],
						"6.9583": [0, 0, 6],
						"7.0": [0, 0, -1],
						"7.0417": [0, 0, 6],
						"7.0833": [0, 0, -1],
						"7.125": [0, 0, 6],
						"7.1667": [0, 0, -1],
						"7.2083": [0, 0, 6],
						"7.25": [0, 0, -1],
						"7.2917": [0, 0, 6],
						"7.3333": [0, 0, -1],
						"7.375": [0, 0, 6],
						"7.4167": [0, 0, -1],
						"7.4583": [0, 0, 6],
						"7.5": [0, 0, -1],
						"7.5417": [0, 0, 6],
						"7.5833": [0, 0, -1],
						"7.625": [0, 0, 6],
						"7.6667": [0, 0, -1],
						"7.7083": [0, 0, 6],
						"7.75": [0, 0, -1],
						"7.7917": [0, 0, 6],
						"7.8333": [0, 0, -1],
						"7.875": [0, 0, 6],
						"7.9167": [0, 0, -1],
						"7.9583": [0, 0, 6],
						"8.0": [0, 0, -1],
						"8.0417": [0, 0, 6],
						"8.0833": [0, 0, -1],
						"8.125": [0, 0, 6],
						"8.1667": [0, 0, -1],
						"8.2083": [0, 0, 6],
						"8.25": [0, 0, -1],
						"8.2917": [0, 0, 6],
						"8.3333": [0, 0, -1],
						"8.375": [0, 0, 6],
						"8.4167": [0, 0, -1],
						"8.4583": [0, 0, 6],
						"8.5": [0, 0, -1],
						"8.5417": [0, 0, 6],
						"8.5833": [0, 0, -1],
						"8.625": [0, 0, 6],
						"8.6667": [0, 0, -1],
						"8.7083": [0, 0, 6],
						"8.75": [0, 0, -1],
						"8.7917": [0, 0, 6],
						"8.8333": [0, 0, -1],
						"8.875": [0, 0, 6],
						"8.9167": [0, 0, -1],
						"8.9583": [0, 0, 6],
						"9.0": [0, 0, -1],
						"9.0417": [0, 0, 6],
						"9.0833": [0, 0, -1],
						"9.125": [0, 0, 6],
						"9.1667": [0, 0, -1],
						"9.2083": [0, 0, 6],
						"9.25": [0, 0, -1],
						"9.2917": [0, 0, 6],
						"9.3333": [0, 0, -1],
						"9.375": [0, 0, 6],
						"9.4167": [0, 0, -1],
						"9.4583": [0, 0, 6],
						"9.5": [0, 0, -1],
						"9.5417": [0, 0, 6],
						"9.5833": [0, 0, -1],
						"9.625": [0, 0, 6],
						"9.6667": [0, 0, -1],
						"9.7083": [0, 0, 6],
						"9.75": [0, 0, -1],
						"9.7917": [0, 0, 6],
						"9.8333": [0, 0, -1],
						"9.875": [0, 0, 6],
						"9.9167": [0, 0, -1],
						"9.9583": [0, 0, 6],
						"10.0": [0, 0, -1],
						"10.0417": [0, 0, 6],
						"10.0833": [0, 0, -1],
						"10.125": [0, 0, 6],
						"10.1667": [0, 0, -1],
						"10.2083": [0, 0, 6],
						"10.25": [0, 0, -1],
						"10.2917": [0, 0, 6],
						"10.3333": [0, 0, -1],
						"10.375": [0, 0, 6],
						"10.4167": [0, 0, -1],
						"10.4583": [0, 0, 6],
						"10.5": [0, 0, -1],
						"10.5417": [0, 0, 6],
						"10.5833": [0, 0, -1],
						"10.625": [0, 0, 6],
						"10.6667": [0, 0, -1],
						"10.7083": [0, 0, 6],
						"10.75": [0, 0, -1],
						"10.7917": [0, 0, 6],
						"10.8333": [0, 0, -1],
						"10.875": [0, 0, 6],
						"10.9167": [0, 0, -1],
						"10.9583": [0, 0, 6],
						"11.0": [0, 0, -1],
						"11.0417": [0, 0, 6],
						"11.0833": [0, 0, -1],
						"11.125": [0, 0, 6],
						"11.1667": [0, 0, -1],
						"11.2083": [0, 0, 6],
						"11.25": [0, 0, -1],
						"11.2917": [0, 0, 6],
						"11.3333": [0, 0, -1],
						"11.375": [0, 0, 6],
						"11.4167": [0, 0, -1],
						"11.4583": [0, 0, 6],
						"11.5": [0, 0, -1],
						"11.5417": [0, 0, 6],
						"11.5833": [0, 0, -1],
						"11.625": [0, 0, 6],
						"11.6667": [0, 0, -1],
						"11.7083": [0, 0, 6],
						"11.75": [0, 0, -1],
						"11.7917": [0, 0, 6],
						"11.8333": [0, 0, -1],
						"11.875": [0, 0, 6],
						"11.9167": [0, 0, -1],
						"11.9583": [0, 0, 6],
						"12.0": [0, 0, -1],
						"12.0417": [0, 0, 6],
						"12.0833": [0, 0, -1],
						"12.125": [0, 0, 6],
						"12.1667": [0, 0, -1],
						"12.2083": [0, 0, 6],
						"12.25": [0, 0, -1],
						"12.2917": [0, 0, 6],
						"12.3333": [0, 0, -1],
						"12.375": [0, 0, 6],
						"12.4167": [0, 0, -1],
						"12.4583": [0, 0, 6],
						"12.5": [0, 0, -1],
						"12.5417": [0, 0, 6],
						"12.5833": [0, 0, -1],
						"12.625": [0, 0, 6],
						"12.6667": [0, 0, -1],
						"12.7083": [0, 0, 6],
						"12.75": [0, 0, -1],
						"12.7917": [0, 0, 6],
						"12.8333": [0, 0, -1],
						"12.875": [0, 0, 6],
						"12.9167": [0, 0, -1],
						"12.9583": [0, 0, 6],
						"13.0": [0, 0, -1],
						"13.0417": [0, 0, 6],
						"13.0833": [0, 0, -1],
						"13.125": [0, 0, 6],
						"13.1667": [0, 0, -1],
						"13.2083": [0, 0, 6],
						"13.25": [0, 0, -1],
						"13.2917": [0, 0, 6],
						"13.3333": [0, 0, -1],
						"13.375": [0, 0, 6],
						"13.4167": [0, 0, -1],
						"13.4583": [0, 0, 6],
						"13.5": [0, 0, -1],
						"13.5417": [0, 0, 6],
						"13.5833": [0, 0, -1],
						"13.625": [0, 0, 6],
						"13.6667": [0, 0, -1],
						"13.7083": [0, 0, 6],
						"13.75": [0, 0, -1],
						"13.7917": [0, 0, 6],
						"13.8333": [0, 0, -1],
						"13.875": [0, 0, 6],
						"13.9167": [0, 0, -1],
						"13.9583": [0, 0, 6],
						"14.0": [0, 0, -1],
						"14.0417": [0, 0, 6],
						"14.0833": [0, 0, -1],
						"14.125": [0, 0, 6],
						"14.1667": [0, 0, -1],
						"14.2083": [0, 0, 6],
						"14.25": [0, 0, -1],
						"14.2917": [0, 0, 6],
						"14.3333": [0, 0, -1],
						"14.375": [0, 0, 6],
						"14.4167": [0, 0, -1],
						"14.4583": [0, 0, 6],
						"14.5": [0, 0, -1],
						"14.5417": [0, 0, 6],
						"14.5833": [0, 0, -1],
						"14.625": [0, 0, 6],
						"14.6667": [0, 0, -1],
						"14.7083": [0, 0, 6],
						"14.75": [0, 0, -1],
						"14.7917": [0, 0, 6],
						"14.8333": [0, 0, -1],
						"14.875": [0, 0, 6],
						"14.9167": [0, 0, -1],
						"14.9583": [0, 0, 6]
					},
					"scale": [1, 0.5, 1]
				},
				"Peluru3": {
					"position": [0.68731, 15.98523, -0.00261],
					"scale": [0.6, 1, 0.6]
				},
				"Tembak4": {
					"position": [2, 34, 0]
				},
				"Tembak3": {
					"position": [1, 36, 0]
				}
			}
		},
		"animation.tpeg.walk": {
			"loop": true,
			"animation_length": 2,
			"bones": {
				"Pinggul": {
					"rotation": [0, 0, 0],
					"position": {
						"0.0": [0, -3, 0],
						"0.5": [0, 0, 0],
						"1.0": [0, -3, 0],
						"1.5": [0, 0, 0],
						"2.0": [0, -3, 0]
					}
				},
				"Kaki": {
					"rotation": {
						"0.0": [-32.5, 0, 0],
						"1.0": [32.5, 0, 0],
						"2.0": [-30, 0, 0]
					}
				},
				"bone": {
					"rotation": {
						"0.0": [0, 0, 0],
						"1.0": [0, 0, 0],
						"1.75": [50, 0, 0],
						"2.0": [0, 0, 0]
					}
				},
				"Kaki2": {
					"rotation": {
						"0.0": [35, 0, 0],
						"1.0": [-32.5, 0, 0],
						"2.0": [35, 0, 0]
					}
				},
				"Kaki3": {
					"rotation": {
						"0.0": [0, 0, 0],
						"0.75": [30, 0, 0],
						"1.0": [0, 0, 0]
					}
				},
				"Tangan4": {
					"rotation": {
						"0.0": [-7.48107, -0.43523, -4.98107],
						"1.0": [7.5, 0, 0],
						"2.0": [-7.48107, -0.43523, -4.98107]
					}
				},
				"Tangan2": {
					"rotation": {
						"0.0": [5, 0, 0],
						"1.0": [-7.47178, 0.65182, 4.95744],
						"2.0": [5, 0, 0]
					}
				}
			}
		},
		"animation.tpeg.bow_and_arrow": {
			"loop": true,
			"animation_length": 19,
			"bones": {
				"Tangan4": {
					"rotation": {
						"0.0": [0, 0, 0],
						"0.9": [0, 0, 45],
						"1.0": [0, 0, 45],
						"1.2": [25, 0, 45],
						"1.3": [30, 0, 45],
						"1.6": [-5, 0, 45],
						"1.8": [0, 0, 45],
						"2.9": [0, 0, 32.5],
						"3.0": [19.39095, -10.35589, 20.6772],
						"3.2": [30.48005, -11.86554, 19.25656],
						"3.4": [0.40058, 1.3602, 32.63982],
						"5.9": [0, 0, 32.5],
						"6.0": [19.39095, -10.35589, 20.6772],
						"6.2": [30.48005, -11.86554, 19.25656],
						"6.4": [0.40058, 1.3602, 32.63982],
						"8.9": [0, 0, 32.5],
						"9.0": [19.39095, -10.35589, 20.6772],
						"9.2": [30.48005, -11.86554, 19.25656],
						"9.4": [0.40058, 1.3602, 32.63982],
						"11.9": [0, 0, 32.5],
						"12.0": [19.39095, -10.35589, 20.6772],
						"12.2": [30.48005, -11.86554, 19.25656],
						"12.4": [0.40058, 1.3602, 32.63982],
						"14.9": [0, 0, 32.5],
						"15.0": [19.39095, -10.35589, 20.6772],
						"15.2": [30.48005, -11.86554, 19.25656],
						"15.4": [0.40058, 1.3602, 32.63982],
						"17.4": [0.40058, 1.3602, 32.63982],
						"18.0": [0, 0, 0]
					}
				},
				"bone9": {
					"rotation": {
						"0.0": [0, 0, 0],
						"0.9": [-87.5, 0, 0],
						"17.4": [-87.5, 0, 0],
						"18.0": [0, 0, 0]
					}
				},
				"Tangan2": {
					"rotation": {
						"0.0": [0, 0, 0],
						"0.9": [0, 0, -45],
						"1.0": [0, 0, -45],
						"1.2": [23.28763, 8.60365, -46.82855],
						"1.3": [28.28763, 8.60365, -46.82855],
						"1.6": [-16.71237, 8.60365, -46.82855],
						"1.8": [0, 0, -45],
						"2.9": [0, 0, -30],
						"3.0": [21.6887, 8.29339, -28.48953],
						"3.2": [28.88636, 15.58394, -25.96295],
						"3.4": [0, 0, -30],
						"5.9": [0, 0, -30],
						"6.0": [21.6887, 8.29339, -28.48953],
						"6.2": [28.88636, 15.58394, -25.96295],
						"6.4": [0, 0, -30],
						"8.9": [0, 0, -30],
						"9.0": [21.6887, 8.29339, -28.48953],
						"9.2": [28.88636, 15.58394, -25.96295],
						"9.4": [0, 0, -30],
						"11.9": [0, 0, -30],
						"12.0": [21.6887, 8.29339, -28.48953],
						"12.2": [28.88636, 15.58394, -25.96295],
						"12.4": [0, 0, -30],
						"14.9": [0, 0, -30],
						"15.0": [21.6887, 8.29339, -28.48953],
						"15.2": [28.88636, 15.58394, -25.96295],
						"15.4": [0, 0, -30],
						"17.4": [0, 0, -30],
						"18.0": [0, 0, 0]
					}
				},
				"bone5": {
					"rotation": {
						"0.0": [0, 0, 0],
						"0.9": [-90, 0, 0],
						"17.4": [-90, 0, 0],
						"18.0": [0, 0, 0]
					}
				},
				"Body": {
					"rotation": {
						"0.8": [0, 0, 0],
						"1.0": [10, 0, 0],
						"1.4": [-5, 0, 0],
						"1.6": [5, 0, 0],
						"1.8": [0, 0, 0],
						"2.9": [0, 0, 0],
						"3.0": [-17.58568, 0.60802, 0.23997],
						"3.4": [0, 0, 0],
						"5.9": [0, 0, 0],
						"6.0": [-17.58568, 0.60802, 0.23997],
						"6.4": [0, 0, 0],
						"6.7": [0, 0, 0],
						"6.9": [37.5, 0, 0],
						"7.1": [0, 0, 0],
						"7.5": [0, 0, 0],
						"8.1": [35, 0, 0],
						"10.5": [35, 0, 0],
						"11.9": [0, 0, 0],
						"12.0": [-17.58568, 0.60802, 0.23997],
						"12.4": [0, 0, 0],
						"14.9": [0, 0, 0],
						"15.0": [-17.58568, 0.60802, 0.23997],
						"15.4": [0, 0, 0]
					}
				},
				"Senggek2": {
					"position": {
						"1.0": [0, 0, 0],
						"1.2": [0, 8, 0],
						"1.4": [0, 8, 0],
						"1.6": [0, -7, 0]
					}
				},
				"Head": {
					"rotation": {
						"1.5": [0, 0, 0],
						"2.9": [0, 0, 0],
						"3.0": [17.5, 0, 0],
						"3.4": [0, 0, 0],
						"5.9": [0, 0, 0],
						"6.0": [17.5, 0, 0],
						"6.4": [0, 0, 0],
						"8.9": [0, 0, 0],
						"9.0": [17.5, 0, 0],
						"9.4": [0, 0, 0],
						"11.9": [0, 0, 0],
						"12.0": [17.5, 0, 0],
						"12.4": [0, 0, 0],
						"14.9": [0, 0, 0],
						"15.0": [17.5, 0, 0],
						"15.4": [0, 0, 0]
					}
				},
				"Senggek": {
					"position": {
						"1.0": [0, 0, 0],
						"1.2": [0, 8, 0],
						"1.4": [0, 8, 0],
						"1.6": [0, -8, 0]
					}
				},
				"Effeck": {
					"rotation": {
						"1.5": [0, 0, 0],
						"15.0": [0, -630, 0]
					},
					"position": {
						"1.5": [0, 0, 0],
						"1.6": [0, -41, 0],
						"1.8": [0, -47.4, 0],
						"2.1": [0, -27, 0]
					},
					"scale": {
						"1.5": [1, 1, 1],
						"1.6": [1.5, 1, 1.5],
						"2.1": [1, 1, 1]
					}
				},
				"Effect": {
					"rotation": {
						"1.5": [0, 0, 0],
						"15.0": [0, 630, 0]
					},
					"position": {
						"1.5": [0, 0, 0],
						"1.6": [0, -41, 0],
						"1.8": [0, -47.4, 0],
						"2.1": [0, -27, 0]
					},
					"scale": {
						"1.5": [1, 1, 1],
						"1.6": [1.5, 1, 1.5],
						"2.1": [1, 1, 1]
					}
				},
				"Peluru2": {
					"position": {
						"2.9": [0, 0, 0],
						"3.0": [0.15206, -36.99405, 0.11208],
						"5.9": [0, 0, 0],
						"6.0": [0.15206, -36.99405, 0.11208],
						"8.9": [0, 0, 0],
						"9.0": [0.15206, -36.99405, 0.11208],
						"11.9": [0, 0, 0],
						"12.0": [0.15206, -36.99405, 0.11208],
						"14.9": [0, 0, 0],
						"15.0": [0.15206, -36.99405, 0.11208]
					},
					"scale": {
						"2.9": [1, 1, 1],
						"3.0": [2.8, 1, 2.8],
						"3.1": [2.3, 1, 2.3],
						"3.2": [0, 1, 0],
						"5.9": [1, 1, 1],
						"6.0": [2.8, 1, 2.8],
						"6.1": [2.3, 1, 2.3],
						"6.2": [0, 1, 0],
						"8.9": [1, 1, 1],
						"9.0": [2.8, 1, 2.8],
						"9.1": [2.3, 1, 2.3],
						"9.2": [0, 1, 0],
						"11.9": [1, 1, 1],
						"12.0": [2.8, 1, 2.8],
						"12.1": [2.3, 1, 2.3],
						"12.2": [0, 1, 0],
						"14.9": [1, 1, 1],
						"15.0": [2.8, 1, 2.8],
						"15.1": [2.3, 1, 2.3],
						"15.2": [0, 1, 0]
					}
				},
				"Peluru": {
					"position": {
						"3.0": [0, 0, 0],
						"3.2": [0, -42, 0],
						"3.6": [0, -372, 0],
						"6.0": [0, 0, 0],
						"6.2": [0, -42, 0],
						"6.6": [0, -372, 0],
						"9.0": [0, 0, 0],
						"9.2": [0, -42, 0],
						"9.6": [0, -372, 0],
						"12.0": [0, 0, 0],
						"12.2": [0, -42, 0],
						"12.6": [0, -372, 0],
						"15.0": [0, 0, 0],
						"15.2": [0, -42, 0],
						"15.6": [0, -372, 0]
					},
					"scale": {
						"3.0": [0, 3, 0],
						"3.2": [3, 3, 3],
						"3.6": [0, 3, 0],
						"6.0": [0, 3, 0],
						"6.2": [3, 3, 3],
						"6.6": [0, 3, 0],
						"9.0": [0, 3, 0],
						"9.2": [3, 3, 3],
						"9.6": [0, 3, 0],
						"12.0": [0, 3, 0],
						"12.2": [3, 3, 3],
						"12.6": [0, 3, 0],
						"15.0": [0, 3, 0],
						"15.2": [3, 3, 3],
						"15.6": [0, 3, 0]
					}
				},
				"Pinggul": {
					"rotation": {
						"6.6": [0, 0, 0],
						"7.0": [0, -176.25, 0],
						"8.1": [0, -360, 0],
						"11.4": [0, -360, 0]
					},
					"position": {
						"0.0": [0, 0, 0],
						"0.9": [0, -24, 0],
						"6.3": [0, -24, 0],
						"6.6": [0, -7, 0],
						"7.0": [0, -9.56, 18.56],
						"7.5": [0, 51, 69],
						"8.4": [0, 86.7, 105.89],
						"10.8": [0, 57.18, 77.65],
						"11.4": [0, -7, 0],
						"12.0": [0, -24, 0],
						"17.4": [0, -24, 0],
						"18.0": [0, 0, 0]
					}
				},
				"Kaki": {
					"rotation": {
						"0.0": [0, 0, 0],
						"0.9": [-67.5, 0, 0],
						"6.3": [-67.5, 0, 0],
						"6.9": [-12.5, 0, 0],
						"7.5": [-13.11819, -0.16564, -14.99911],
						"10.8": [-13.11819, -0.16564, -14.99911],
						"11.4": [-67.5, 0, 0],
						"17.4": [-67.5, 0, 0],
						"18.0": [0, 0, 0]
					}
				},
				"bone": {
					"rotation": {
						"0.0": [0, 0, 0],
						"0.9": [62.5, 0, 0],
						"6.3": [62.5, 0, 0],
						"6.9": [15, 0, 0],
						"7.5": [42.71, 0, 0],
						"10.8": [42.71, 0, 0],
						"17.4": [62.5, 0, 0],
						"18.0": [0, 0, 0]
					}
				},
				"Kaki2": {
					"rotation": {
						"0.0": [0, 0, 0],
						"0.9": [27.5, 0, 0],
						"6.3": [27.5, 0, 0],
						"6.9": [2.5, 0, 0],
						"7.5": [-42.28145, 4.71374, 17.51929],
						"10.8": [-42.28145, 4.71374, 17.51929],
						"11.4": [27.5, 0, 0],
						"17.4": [27.5, 0, 0],
						"18.0": [0, 0, 0]
					}
				},
				"Kaki3": {
					"rotation": {
						"0.0": [0, 0, 0],
						"0.9": [57.5, 0, 0],
						"6.3": [57.5, 0, 0],
						"6.9": [12.5, 0, 0],
						"7.5": [37.57, 0, 0],
						"10.8": [37.57, 0, 0],
						"11.4": [57.5, 0, 0],
						"17.4": [57.5, 0, 0],
						"18.0": [0, 0, 0]
					}
				},
				"Peluru3": {
					"position": {
						"2.9": [0, 0, 0],
						"3.0": [0.15206, -36.99405, 0.11208],
						"5.9": [0, 0, 0],
						"6.0": [0.15206, -36.99405, 0.11208],
						"8.9": [0, 0, 0],
						"9.0": [0.15206, -36.99405, 0.11208],
						"11.9": [0, 0, 0],
						"12.0": [0.15206, -36.99405, 0.11208],
						"14.9": [0, 0, 0],
						"15.0": [0.15206, -36.99405, 0.11208]
					},
					"scale": {
						"2.9": [1, 1, 1],
						"3.0": [2.8, 1, 2.8],
						"3.1": [2.3, 1, 2.3],
						"3.2": [0, 1, 0],
						"5.9": [1, 1, 1],
						"6.0": [2.8, 1, 2.8],
						"6.1": [2.3, 1, 2.3],
						"6.2": [0, 1, 0],
						"8.9": [1, 1, 1],
						"9.0": [2.8, 1, 2.8],
						"9.1": [2.3, 1, 2.3],
						"9.2": [0, 1, 0],
						"11.9": [1, 1, 1],
						"12.0": [2.8, 1, 2.8],
						"12.1": [2.3, 1, 2.3],
						"12.2": [0, 1, 0],
						"14.9": [1, 1, 1],
						"15.0": [2.8, 1, 2.8],
						"15.1": [2.3, 1, 2.3],
						"15.2": [0, 1, 0]
					}
				},
				"Jar": {
					"rotation": {
						"0.0": [0, 0, 0],
						"0.6": [0, 0, -77.5]
					}
				},
				"Jar2": {
					"rotation": {
						"0.0": [0, 0, 0],
						"0.6": [0, 0, -70]
					}
				},
				"Jar4": {
					"rotation": {
						"0.0": [0, 0, 0],
						"0.6": [0, 0, -70]
					}
				},
				"Jar3": {
					"rotation": {
						"0.0": [0, 0, 0],
						"0.6": [0, 0, -72.5]
					}
				},
				"Tembak2": {
					"rotation": {
						"2.9": [0, 0, 0],
						"3.0": [25, 0, 0],
						"3.2": [25, 0, 0],
						"3.4": [0, 0, 0],
						"5.9": [0, 0, 0],
						"6.0": [25, 0, 0],
						"6.2": [25, 0, 0],
						"6.4": [0, 0, 0],
						"8.9": [0, 0, 0],
						"9.0": [25, 0, 0],
						"9.2": [25, 0, 0],
						"9.4": [0, 0, 0],
						"11.9": [0, 0, 0],
						"12.0": [25, 0, 0],
						"12.2": [25, 0, 0],
						"12.4": [0, 0, 0],
						"14.9": [0, 0, 0],
						"15.0": [25, 0, 0],
						"15.2": [25, 0, 0],
						"15.4": [0, 0, 0]
					}
				},
				"bone7": {
					"rotation": {
						"0.0": [0, 0, 0],
						"0.9": [0, 0, -40],
						"17.4": [0, 0, -40],
						"18.0": [0, 0, 0]
					}
				},
				"bone8": {
					"rotation": {
						"0.0": [0, 0, 0],
						"0.9": [0, 0, 40],
						"17.4": [0, 0, 40],
						"18.0": [0, 0, 0]
					}
				},
				"Tembak": {
					"rotation": {
						"2.9": [0, 0, 0],
						"3.0": [-25, 0, 0],
						"3.2": [-25, 0, 0],
						"3.4": [0, 0, 0],
						"5.9": [0, 0, 0],
						"6.0": [-25, 0, 0],
						"6.2": [-25, 0, 0],
						"6.4": [0, 0, 0],
						"8.9": [0, 0, 0],
						"9.0": [-25, 0, 0],
						"9.2": [-25, 0, 0],
						"9.4": [0, 0, 0],
						"11.9": [0, 0, 0],
						"12.0": [-25, 0, 0],
						"12.2": [-25, 0, 0],
						"12.4": [0, 0, 0],
						"14.9": [0, 0, 0],
						"15.0": [-25, 0, 0],
						"15.2": [-25, 0, 0],
						"15.4": [0, 0, 0]
					}
				},
				"Tembak4": {
					"position": {
						"2.9": [-4, 0, 0],
						"3.0": [14, -125, -44],
						"3.3": [84, -531, -10],
						"5.9": [-4, 0, 0],
						"6.0": [14, -125, -44],
						"6.3": [84, -531, -10],
						"8.9": [-4, 0, 0],
						"9.0": [14, -125, -44],
						"9.3": [84, -531, -10],
						"11.9": [-4, 0, 0],
						"12.0": [14, -125, -44],
						"12.3": [84, -531, -10],
						"15.2": [-4, 0, 0],
						"15.3": [14, -125, -44],
						"15.6": [84, -531, -10]
					},
					"scale": {
						"2.9": [1, 0, 0],
						"3.0": [1, 1, 1],
						"3.3": [1, 0, 0],
						"5.9": [1, 0, 0],
						"6.0": [1, 1, 1],
						"6.3": [1, 0, 0],
						"8.9": [1, 0, 0],
						"9.0": [1, 1, 1],
						"9.3": [1, 0, 0],
						"11.9": [1, 0, 0],
						"12.0": [1, 1, 1],
						"12.3": [1, 0, 0],
						"15.2": [1, 0, 0],
						"15.3": [1, 1, 1],
						"15.6": [1, 0, 0]
					}
				},
				"Tembak3": {
					"position": {
						"2.9": [-4, 0, 0],
						"3.0": [-8, -125, 56],
						"3.3": [265, -531, 104],
						"5.9": [-4, 0, 0],
						"6.0": [-8, -125, 56],
						"6.3": [265, -531, 104],
						"8.9": [-4, 0, 0],
						"9.0": [-8, -125, 56],
						"9.3": [265, -531, 104],
						"11.9": [-4, 0, 0],
						"12.0": [-8, -125, 56],
						"12.3": [265, -531, 104],
						"15.2": [-4, 0, 0],
						"15.3": [-8, -125, 56],
						"15.6": [265, -531, 104]
					},
					"scale": {
						"2.9": [1, 0, 0],
						"3.0": [1, 1, 1],
						"3.3": [1, 0, 0],
						"5.9": [1, 0, 0],
						"6.0": [1, 1, 1],
						"6.3": [1, 0, 0],
						"8.9": [1, 0, 0],
						"9.0": [1, 1, 1],
						"9.3": [1, 0, 0],
						"11.9": [1, 0, 0],
						"12.0": [1, 1, 1],
						"12.3": [1, 0, 0],
						"15.2": [1, 0, 0],
						"15.3": [1, 1, 1],
						"15.6": [1, 0, 0]
					}
				},
				"bone12": {
					"scale": {
						"6.9": [1, 1.1, 1],
						"7.0": [1, 2, 1],
						"7.1": [1, 1.1, 1],
						"7.2": [1, 2, 1],
						"7.3": [1, 1.1, 1],
						"7.4": [1, 2, 1],
						"7.5": [1, 1.1, 1],
						"7.6": [1, 2, 1],
						"7.7": [1, 1.1, 1],
						"7.8": [1, 2, 1],
						"7.9": [1, 1.1, 1],
						"8.0": [1, 2, 1],
						"8.1": [1, 1.1, 1],
						"8.2": [1, 2, 1],
						"8.3": [1, 1.1, 1],
						"8.4": [1, 2, 1],
						"8.5": [1, 1.1, 1],
						"8.6": [1, 2, 1],
						"8.7": [1, 1.1, 1],
						"8.8": [1, 2, 1],
						"8.9": [1, 1.1, 1],
						"9.0": [1, 2, 1],
						"9.1": [1, 1.1, 1],
						"9.2": [1, 2, 1],
						"9.3": [1, 1.1, 1],
						"9.4": [1, 2, 1],
						"9.5": [1, 1.1, 1],
						"9.6": [1, 2, 1],
						"9.7": [1, 1.1, 1],
						"9.8": [1, 2, 1],
						"9.9": [1, 1.1, 1],
						"10.0": [1, 2, 1],
						"10.1": [1, 1.1, 1],
						"10.2": [1, 2, 1],
						"10.3": [1, 1.1, 1],
						"10.4": [1, 2, 1],
						"10.5": [1, 1.1, 1],
						"10.6": [1, 2, 1],
						"10.7": [1, 1.1, 1],
						"10.8": [1, 2, 1],
						"10.9": [1, 1.1, 1],
						"11.0": [1, 2, 1],
						"11.1": [1, 1.1, 1],
						"11.2": [1, 2, 1],
						"11.3": [1, 1.1, 1],
						"11.4": [1, 2, 1],
						"11.5": [1, 1.1, 1],
						"11.6": [1, 2, 1],
						"11.7": [1, 1.1, 1],
						"11.8": [1, 2, 1],
						"11.9": [1, 1.1, 1]
					}
				}
			}
		}
	}
}