{
	"format_version": "1.8.0",
	"animations": {
		"animation.sain.attack": {
			"animation_length": 1,
			"bones": {
				"bone": {
					"rotation": {
						"0.0": [-32.5, 0, 0],
						"0.25": [-65, 0, 0],
						"0.3333": [-65, 0, 0],
						"0.5": [12.5, 0, 0],
						"0.7083": [12.5, 0, 0],
						"0.9167": [-32.5, 0, 0]
					}
				},
				"bone2": {
					"rotation": [24.98925, -0.29216, -0.16199]
				},
				"bone3": {
					"rotation": {
						"0.0": [27.5, 0, 0],
						"0.3333": [-32.5, 0, 0],
						"0.5833": [5, 0, 0],
						"1.0": [27.5, 0, 0]
					}
				},
				"bone4": {
					"rotation": {
						"0.0": [70, 0, 0],
						"0.4167": [-27.5, 0, 0],
						"0.6667": [35, 0, 0],
						"1.0": [70, 0, 0]
					}
				},
				"Head": {
					"rotation": {
						"0.0": [0, 0, 0],
						"0.0833": [-10, 0, 0],
						"0.25": [-10, 0, 0],
						"0.4167": [0, 0, 0]
					}
				},
				"Bibir": {
					"position": {
						"0.0833": [0, 0, 0],
						"0.25": [0, 1, 0]
					}
				},
				"Bibir2": {
					"position": {
						"0.0833": [0, 0, 0],
						"0.25": [0, -1, 0]
					}
				}
			}
		},
		"animation.sain.bob": {
			"loop": true,
			"animation_length": 4.75,
			"bones": {
				"Head": {
					"rotation": {
						"0.5": [0, 0, 0],
						"0.5833": [5, 0, 0],
						"0.6667": [0, 0, 0],
						"1.4167": [0, 0, 0],
						"1.5": [0, 0, 5],
						"1.5833": [0, 0, 0],
						"1.6667": [0, 0, 0],
						"1.75": [0, 0, -5],
						"1.8333": [0, 0, 0]
					},
					"position": {
						"0.0": [0, 0, 0],
						"0.5833": [0, 0, 0],
						"0.6667": [0, 0, -3],
						"0.75": [0, 0, 0],
						"2.0": [0, 0, 0],
						"2.0833": [0, 1, 0],
						"2.1667": [0, 1, 0],
						"2.25": [0, 0, 0],
						"2.3333": [0, 1, 0],
						"2.4167": [0, 1, 0],
						"2.5": [0, 0, 0],
						"3.75": [0, 0, 0],
						"3.8333": [0, 1, 0],
						"3.9167": [0, 1, 0],
						"4.0": [0, 0, 0],
						"4.0833": [0, 0, 0],
						"4.1667": [0, 1, 0],
						"4.25": [0, 1, 0],
						"4.4167": [0, 0, 0]
					}
				},
				"Bibir": {
					"position": [0, 0, 0]
				},
				"Bibir2": {
					"position": {
						"0.0": [0, 0, 0],
						"0.5": [0, 0, 0],
						"0.5833": [0, -1, 0],
						"0.7083": [0, -1, 0],
						"0.7917": [0, 0, 0],
						"1.0": [0, 0, 0],
						"1.0833": [0, -1, 0],
						"1.1667": [0, 0, 0],
						"1.25": [0, -1, 0],
						"1.3333": [0, 0, 0],
						"1.4167": [0, 0, 0],
						"1.5": [0, -1, 0],
						"1.5833": [0, 0, 0],
						"1.6667": [0, 0, 0],
						"1.75": [0, -1, 0],
						"1.8333": [0, 0, 0],
						"1.9167": [0, -1, 0],
						"2.0": [0, 0, 0],
						"2.0833": [0, -1, 0],
						"2.1667": [0, -1, 0],
						"2.25": [0, 0, 0],
						"2.3333": [0, -1, 0],
						"2.4167": [0, -1, 0],
						"2.5": [0, 0, 0],
						"2.6667": [0, 0, 0],
						"2.75": [0, -1, 0],
						"2.8333": [0, 0, 0],
						"2.9167": [0, -1, 0],
						"3.0": [0, 0, 0],
						"3.25": [0, 0, 0],
						"3.3333": [0, -1, 0],
						"3.4167": [0, 0, 0],
						"3.5": [0, -1, 0],
						"3.5833": [0, 0, 0],
						"3.75": [0, 0, 0],
						"3.8333": [0, -1, 0],
						"3.9167": [0, -1, 0],
						"4.0": [0, 0, 0],
						"4.0833": [0, 0, 0],
						"4.1667": [0, -1, 0],
						"4.25": [0, -1, 0],
						"4.4167": [0, 0, 0]
					}
				},
				"bone2": {
					"rotation": [12.5, 0, 0]
				},
				"bone3": {
					"rotation": [7.19233, -1.80396, 1.02021]
				},
				"Alis": {
					"position": {
						"0.0": [0, 0, 0],
						"2.0": [0, 0, 0],
						"2.0833": [0, 1, 0],
						"2.1667": [0, 1, 0],
						"2.25": [0, 0, 0],
						"2.3333": [0, 1, 0],
						"2.4167": [0, 1, 0],
						"2.5": [0, 0, 0],
						"3.75": [0, 0, 0],
						"3.8333": [0, 1, 0],
						"3.9167": [0, 1, 0],
						"4.0": [0, 0, 0],
						"4.0833": [0, 0, 0],
						"4.1667": [0, 1, 0],
						"4.25": [0, 1, 0],
						"4.4167": [0, 0, 0]
					}
				},
				"Laser": {
					"position": [0, -121, 0]
				},
				"Eppect": {
					"position": {
						"1.375": [0, 0, -1],
						"1.5": [0, 0, -53],
						"3.0": [0, 0, 0]
					},
					"scale": {
						"1.375": [1, 1, 0.9],
						"1.5": [1, 1, 0],
						"3.0": [1, 1, 1]
					}
				},
				"Eppect2": {
					"rotation": {
						"1.375": [0, 0, 0],
						"3.0": [0, -17.5, 362.5]
					},
					"position": {
						"1.375": [0, 0, 1],
						"1.5": [0, 0, -53],
						"3.0": [12, 0, -10]
					},
					"scale": {
						"1.5": [1, 1, 0],
						"3.0": [1, 1, 0.8]
					}
				},
				"Mata": {
					"position": {
						"0.0": [0, 0, 1],
						"2.0833": [0, 0, 1]
					},
					"scale": 1
				},
				"bone": {
					"rotation": [-30, 0, 0]
				},
				"bone6": {
					"rotation": [17.5, 0, 0]
				}
			},
			"sound_effects": {
				"0.0": {
					"effect": "y2mate.com.mp3"
				}
			}
		}
	}
}