{
	"format_version": "1.8.0",
	"animations": {
		"animation.tk.bob": {
			"loop": true,
			"animation_length": 3,
			"bones": {
				"Head": {
					"rotation": {
						"0.0": [0, 0, 0],
						"0.0417": [0, 2.5, 0],
						"0.0833": [0, -2.5, 0],
						"0.125": [-2.5, -2.5, 0],
						"0.1667": [0.00001, 2.49525, -0.21803],
						"0.2083": [2.50001, 2.49525, -0.21803],
						"0.25": [0, 0, 0],
						"0.2917": [0, 2.5, 0],
						"0.3333": [0, -2.5, 0],
						"0.375": [-2.5, -2.5, 0],
						"0.4167": [0.00001, 2.49525, -0.21803],
						"0.4583": [2.50001, 2.49525, -0.21803],
						"0.5": [0, 0, 0],
						"0.5417": [0, 2.5, 0],
						"0.5833": [0, -2.5, 0],
						"0.625": [-2.5, -2.5, 0],
						"0.6667": [0.00001, 2.49525, -0.21803],
						"0.7083": [2.50001, 2.49525, -0.21803],
						"0.75": [0, 0, 0],
						"0.7917": [0, 2.5, 0],
						"0.8333": [0, -2.5, 0],
						"0.875": [-2.5, -2.5, 0],
						"0.9167": [0.00001, 2.49525, -0.21803],
						"0.9583": [2.50001, 2.49525, -0.21803],
						"1.0": [0, 0, 0],
						"1.0417": [0, 2.5, 0],
						"1.0833": [0, -2.5, 0],
						"1.125": [-2.5, -2.5, 0],
						"1.1667": [0.00001, 2.49525, -0.21803],
						"1.2083": [2.50001, 2.49525, -0.21803],
						"1.25": [0, 0, 0],
						"1.2917": [0, 2.5, 0],
						"1.3333": [0, -2.5, 0],
						"1.375": [-2.5, -2.5, 0],
						"1.4167": [0.00001, 2.49525, -0.21803],
						"1.4583": [2.50001, 2.49525, -0.21803],
						"1.5": [0, 0, 0],
						"1.5417": [0, 2.5, 0],
						"1.5833": [0, -2.5, 0],
						"1.625": [-2.5, -2.5, 0],
						"1.6667": [0.00001, 2.49525, -0.21803],
						"1.7083": [2.50001, 2.49525, -0.21803],
						"1.75": [0, 0, 0],
						"1.7917": [0, 2.5, 0],
						"1.8333": [0, -2.5, 0],
						"1.875": [-2.5, -2.5, 0],
						"1.9167": [0.00001, 2.49525, -0.21803],
						"1.9583": [2.50001, 2.49525, -0.21803],
						"2.0": [0, 0, 0],
						"2.0417": [0, 2.5, 0],
						"2.0833": [0, -2.5, 0],
						"2.125": [-2.5, -2.5, 0],
						"2.1667": [0.00001, 2.49525, -0.21803],
						"2.2083": [2.50001, 2.49525, -0.21803],
						"2.25": [0, 0, 0],
						"2.2917": [0, 2.5, 0],
						"2.3333": [0, -2.5, 0],
						"2.375": [-2.5, -2.5, 0],
						"2.4167": [0.00001, 2.49525, -0.21803],
						"2.4583": [2.50001, 2.49525, -0.21803],
						"2.5": [0, 0, 0],
						"2.5417": [0, 2.5, 0],
						"2.5833": [0, -2.5, 0],
						"2.625": [-2.5, -2.5, 0],
						"2.6667": [0.00001, 2.49525, -0.21803],
						"2.7083": [2.50001, 2.49525, -0.21803],
						"2.75": [0, 0, 0],
						"2.7917": [0, 2.5, 0],
						"2.8333": [0, -2.5, 0],
						"2.875": [-2.5, -2.5, 0],
						"2.9167": [0.00001, 2.49525, -0.21803],
						"2.9583": [2.50001, 2.49525, -0.21803],
						"3.0": [0, -2.5, 0]
					},
					"scale": [1, 1.1, 1]
				},
				"bone2": {
					"rotation": {
						"0.0": [-5, 0, 0],
						"1.5": [0, 0, 0],
						"3.0": [-5, 0, 0]
					}
				},
				"Racun": {
					"scale": [0.8, 0.2, 0.9]
				}
			}
		},
		"animation.tk.bow_and_arrow": {
			"loop": true,
			"animation_length": 5,
			"bones": {
				"Head": {
					"rotation": {
						"0.0": [0, 0, 0],
						"0.5": [-10, 0, 0],
						"2.0": [-10, 0, 0],
						"2.5": [0, 0, 0]
					}
				},
				"bone2": {
					"rotation": {
						"0.25": [0, 0, 0],
						"0.6667": [17.5, 0, 0],
						"1.125": [17.5, 0, 0],
						"1.5": [-5, 0, 0]
					}
				},
				"Leher": {
					"rotation": {
						"0.0": [0, 0, 0],
						"0.5": [25, 0, 0],
						"1.9583": [25, 0, 0],
						"2.5": [0, 0, 0]
					}
				},
				"Racun": {
					"position": [0, 0, 0]
				},
				"Asam": {
					"position": {
						"0.25": [0, 0, 0],
						"0.6667": [0, 0, -15],
						"1.125": [0, -9, -31]
					},
					"scale": {
						"0.25": [1, 1, 1],
						"0.6667": [1, 3.7, 1],
						"0.9167": [1, 3.7, 1],
						"1.125": [0, 0, 1]
					}
				},
				"Asam2": {
					"position": {
						"0.375": [0, 0, 0],
						"0.7917": [0, 0, -15],
						"1.25": [0, -9, -31]
					},
					"scale": {
						"0.375": [1, 1, 1],
						"0.7917": [1, 3.7, 1],
						"1.0417": [1, 3.7, 1],
						"1.25": [0, 0, 1]
					}
				},
				"Asam3": {
					"position": {
						"0.4583": [0, 0, 0],
						"0.875": [0, 0, -15],
						"1.3333": [0, -9, -31]
					},
					"scale": {
						"0.4583": [1, 1, 1],
						"0.875": [1, 3.7, 1],
						"1.125": [1, 3.7, 1],
						"1.3333": [0, 0, 1]
					}
				}
			}
		}
	}
}