{
  "namespace": "debug_screen",
  "access_button@common_buttons.light_content_button": {
    "$pressed_button_name": "button.access",
    "size": [ 30, 30 ],
    "offset": [ 30, 30 ],
    "anchor_to": "top_right",
    "anchor_from": "top_right",
    "bindings": [
      {
        "binding_name": "#access_screen_visible",
        "binding_name_override": "#visible"
      }
    ]
  },
  "special_render": {
    "type": "label",
    "text": "§aRyp Animes Craft \n§bBy: Ryp \n§eN1MR4_OFC",
    "color": [ 2.0, 2.0, 2.0 ],
    "shadow": true,
    "font_size": "medium",
    "visible": "$pack_info_debug",
    "text_alignment": "left",
    "anchor_from": "top_right",
    "anchor_to": "top_right",
    "alpha": 20,
    "font_type": "smooth"
  }}

















































