{
	"format_version": "1.10.0",
	"particle_effect": {
		"description": {
			"identifier": "yt:g_mereoleona",
			"basic_render_parameters": {
				"material": "particles_alpha",
				"texture": "textures/efeitos/xp"
			}
		},
		"components": {
			"minecraft:emitter_rate_steady": {
				"spawn_rate": 5,
				"max_particles": 5
			},
			"minecraft:emitter_lifetime_looping": {
				"active_time": 1
			},
			"minecraft:emitter_shape_disc": {
				"radius": 2,
				"surface_only": true,
				"direction": "outwards"
			},
			"minecraft:particle_lifetime_expression": {
				"max_lifetime": 1
			},
			"minecraft:particle_initial_spin": {
				"rotation": 0.1,
				"rotation_rate": 1
			},
			"minecraft:particle_initial_speed": 0.1,
			"minecraft:particle_motion_dynamic": {
				"linear_acceleration": [0, 0.2, 0],
				"rotation_acceleration": 13
			},
			"minecraft:particle_appearance_billboard": {
				"size": [0.2, 0.2],
				"facing_camera_mode": "rotate_xyz",
				"uv": {
					"texture_width": 16,
					"texture_height": 16,
					"uv": [0, 0],
					"uv_size": [16, 16]
				}
			},
			"minecraft:particle_appearance_tinting": {
				"color": {
					"interpolant": "v.particle_age / v.particle_lifetime",
					"gradient": {
						"0.0": "#FF94451E",
						"0.32": "#FFFF4B15",
						"0.53": "#E0C8C860",
						"0.75": "#FFEDAF4D",
						"1.0": "#C2874531"
					}
				}
			}
		}
	}
}