{
	"format_version": "1.10.0",
	"particle_effect": {
		"description": {
			"identifier": "yt:mereoleona3",
			"basic_render_parameters": {
				"material": "particles_blend",
				"texture": "textures/efeitos/fumaca"
			}
		},
		"components": {
			"minecraft:emitter_rate_steady": {
				"spawn_rate": 300,
				"max_particles": 300
			},
			"minecraft:emitter_lifetime_looping": {
				"active_time": 5
			},
			"minecraft:emitter_shape_disc": {
				"offset": [0, 2.2, 0],
				"radius": 1,
				"plane_normal": [0, 5, 0],
				"direction": "outwards"
			},
			"minecraft:particle_lifetime_expression": {
				"max_lifetime": 1
			},
			"minecraft:particle_initial_speed": 2,
			"minecraft:particle_motion_dynamic": {
				"linear_acceleration": [0, 55, 0]
			},
			"minecraft:particle_appearance_billboard": {
				"size": [0.6, 0.6],
				"facing_camera_mode": "rotate_xyz",
				"uv": {
					"texture_width": 16,
					"texture_height": 64,
					"flipbook": {
						"base_UV": [0, 0],
						"size_UV": [16, 16],
						"step_UV": [0, 16],
						"max_frame": 4,
						"stretch_to_lifetime": true,
						"loop": true
					}
				}
			},
			"minecraft:particle_appearance_lighting": {},
			"minecraft:particle_appearance_tinting": {
				"color": {
					"interpolant": "v.particle_age / v.particle_lifetime",
					"gradient": {
						"0.0": "#FFFF9324",
						"0.5": "#FFFFF0D3",
						"1.0": "#FFF13131"
					}
				}
			}
		}
	}
}