{
	"format_version": "1.10.0",
	"particle_effect": {
		"description": {
			"identifier": "yt:mereoleona1_3",
			"basic_render_parameters": {
				"material": "particles_alpha",
				"texture": "textures/efeitos/mereoleona1_1"
			}
		},
		"components": {
			"minecraft:emitter_rate_steady": {
				"spawn_rate": 300,
				"max_particles": 300
			},
			"minecraft:emitter_lifetime_looping": {
				"active_time": 2,
				"sleep_time": 2
			},
			"minecraft:emitter_shape_sphere": {
				"radius": 10,
				"surface_only": true,
				"direction": "outwards"
			},
			"minecraft:particle_lifetime_expression": {
				"max_lifetime": 2
			},
			"minecraft:particle_initial_speed": 5,
			"minecraft:particle_motion_dynamic": {},
			"minecraft:particle_appearance_billboard": {
				"size": [2, 2],
				"facing_camera_mode": "rotate_xyz",
				"uv": {
					"texture_width": 16,
					"texture_height": 64,
					"flipbook": {
						"base_UV": [0, 0],
						"size_UV": [16, 16],
						"step_UV": [0, 16],
						"max_frame": 4,
						"stretch_to_lifetime": true,
						"loop": true
					}
				}
			},
			"minecraft:particle_appearance_lighting": {},
			"minecraft:particle_appearance_tinting": {
				"color": {
					"interpolant": "v.particle_age / v.particle_lifetime",
					"gradient": {
						"0.0": "#FFFF4A00",
						"0.5": "#FFFFC500",
						"1.0": "#FFBB1717"
					}
				}
			}
		}
	}
}