{
	"format_version": "1.10.0",
	"particle_effect": {
		"description": {
			"identifier": "yt:noelle1",
			"basic_render_parameters": {
				"material": "particles_alpha",
				"texture": "textures/efeitos/gelo"
			}
		},
		"components": {
			"minecraft:emitter_rate_steady": {
				"spawn_rate": 100,
				"max_particles": 100
			},
			"minecraft:emitter_lifetime_looping": {
				"active_time": 2
			},
			"minecraft:emitter_shape_disc": {
				"offset": [0, 1.6, 0],
				"radius": 5,
				"surface_only": true,
				"direction": "outwards"
			},
			"minecraft:particle_lifetime_expression": {
				"max_lifetime": 3
			},
			"minecraft:particle_initial_spin": {
				"rotation_rate": 4
			},
			"minecraft:particle_initial_speed": 1,
			"minecraft:particle_motion_dynamic": {
				"rotation_acceleration": 360
			},
			"minecraft:particle_appearance_billboard": {
				"size": [1, 1],
				"facing_camera_mode": "rotate_xyz",
				"uv": {
					"texture_width": 16,
					"texture_height": 16,
					"uv": [0, 0],
					"uv_size": [16, 16]
				}
			},
			"minecraft:particle_appearance_tinting": {
				"color": {
					"interpolant": "v.particle_age / v.particle_lifetime",
					"gradient": {
						"0.0": "#FF2EADFF",
						"0.5": "#FFB3CFFF",
						"1.0": "#FF1B78A4"
					}
				}
			}
		}
	}
}