{
	"format_version": "1.10.0",
	"particle_effect": {
		"description": {
			"identifier": "yt:varinha",
			"basic_render_parameters": {
				"material": "particles_alpha",
				"texture": "textures/efeitos/asta1_2"
			}
		},
		"components": {
			"minecraft:emitter_rate_steady": {
				"spawn_rate": 40,
				"max_particles": 40
			},
			"minecraft:emitter_lifetime_looping": {
				"active_time": 1
			},
			"minecraft:emitter_shape_sphere": {
				"direction": "outwards"
			},
			"minecraft:particle_lifetime_expression": {
				"max_lifetime": 1
			},
			"minecraft:particle_initial_spin": {
				"rotation_rate": 1
			},
			"minecraft:particle_initial_speed": 2,
			"minecraft:particle_motion_dynamic": {
				"rotation_acceleration": 360
			},
			"minecraft:particle_appearance_billboard": {
				"size": [0.2, 0.2],
				"facing_camera_mode": "rotate_xyz",
				"uv": {
					"texture_width": 16,
					"texture_height": 16,
					"uv": [0, 0],
					"uv_size": [16, 16]
				}
			},
			"minecraft:particle_appearance_lighting": {},
			"minecraft:particle_appearance_tinting": {
				"color": {
					"interpolant": "v.particle_age / v.particle_lifetime",
					"gradient": {
						"0.0": "#FF858585",
						"0.5": "#FFC7C7C7",
						"1.0": "#FF454545"
					}
				}
			}
		}
	}
}