{
	"format_version": "1.10.0",
	"particle_effect": {
		"description": {
			"identifier": "yt:yami3",
			"basic_render_parameters": {
				"material": "particles_alpha",
				"texture": "textures/efeitos/asta1_1"
			}
		},
		"components": {
			"minecraft:emitter_rate_steady": {
				"spawn_rate": 50,
				"max_particles": 50
			},
			"minecraft:emitter_lifetime_looping": {
				"active_time": 2,
				"sleep_time": 2
			},
			"minecraft:emitter_shape_point": {
				"offset": [0, -5, 0]
			},
			"minecraft:particle_lifetime_expression": {
				"max_lifetime": 1
			},
			"minecraft:particle_initial_spin": {
				"rotation": 1,
				"rotation_rate": 100000
			},
			"minecraft:particle_initial_speed": 2,
			"minecraft:particle_motion_dynamic": {
				"linear_acceleration": [0, 50, 0],
				"rotation_acceleration": 100000
			},
			"minecraft:particle_appearance_billboard": {
				"size": [1, 1],
				"facing_camera_mode": "rotate_xyz",
				"uv": {
					"texture_width": 16,
					"texture_height": 16,
					"uv": [0, 0],
					"uv_size": [16, 16]
				}
			},
			"minecraft:particle_appearance_lighting": {},
			"minecraft:particle_appearance_tinting": {
				"color": {
					"interpolant": "v.particle_age / v.particle_lifetime",
					"gradient": {
						"0.0": "#FF6F28FF",
						"1.0": "#FF000000"
					}
				}
			}
		}
	}
}