{
	"format_version": "1.10.0",
	"particle_effect": {
		"description": {
			"identifier": "yt:yami1_2",
			"basic_render_parameters": {
				"material": "particles_blend",
				"texture": "textures/efeitos/fumaca"
			}
		},
		"components": {
			"minecraft:emitter_rate_steady": {
				"spawn_rate": 500,
				"max_particles": 500
			},
			"minecraft:emitter_lifetime_looping": {
				"active_time": 3
			},
			"minecraft:emitter_shape_disc": {
				"radius": 3,
				"surface_only": true,
				"direction": "outwards"
			},
			"minecraft:particle_lifetime_expression": {
				"max_lifetime": 3
			},
			"minecraft:particle_initial_spin": {
				"rotation_rate": 66
			},
			"minecraft:particle_initial_speed": 2,
			"minecraft:particle_motion_dynamic": {
				"rotation_acceleration": 166
			},
			"minecraft:particle_appearance_billboard": {
				"size": [1, 1],
				"facing_camera_mode": "rotate_xyz",
				"uv": {
					"texture_width": 16,
					"texture_height": 16,
					"uv": [0, 0],
					"uv_size": [16, 16]
				}
			},
			"minecraft:particle_appearance_lighting": {},
			"minecraft:particle_appearance_tinting": {
				"color": {
					"interpolant": "v.particle_age / v.particle_lifetime",
					"gradient": {
						"0.0": "#FF8D8695",
						"0.5": "#FF2A252B",
						"1.0": "#FF6E647D"
					}
				}
			}
		}
	}
}