{
	"format_version": "1.10.0",
	"particle_effect": {
		"description": {
			"identifier": "yt:yami1",
			"basic_render_parameters": {
				"material": "particles_alpha",
				"texture": "textures/efeitos/meia_lua"
			}
		},
		"components": {
			"minecraft:emitter_rate_steady": {
				"spawn_rate": 5,
				"max_particles": 5
			},
			"minecraft:emitter_lifetime_looping": {
				"active_time": 3
			},
			"minecraft:emitter_shape_disc": {
				"offset": [0, 1.1, 0],
				"radius": 3,
				"surface_only": true,
				"direction": "outwards"
			},
			"minecraft:particle_lifetime_expression": {
				"max_lifetime": 1
			},
			"minecraft:particle_initial_spin": {
				"rotation_rate": 66
			},
			"minecraft:particle_initial_speed": 5,
			"minecraft:particle_motion_dynamic": {
				"rotation_acceleration": 166
			},
			"minecraft:particle_appearance_billboard": {
				"size": [5, 5],
				"facing_camera_mode": "direction_y",
				"direction": {
					"mode": "derive_from_velocity",
					"min_speed_threshold": 0.0595
				},
				"uv": {
					"texture_width": 16,
					"texture_height": 16,
					"uv": [0, 0],
					"uv_size": [16, 16]
				}
			},
			"minecraft:particle_appearance_lighting": {},
			"minecraft:particle_appearance_tinting": {
				"color": {
					"interpolant": "v.particle_age / v.particle_lifetime",
					"gradient": {
						"0.0": "#FF593689",
						"0.5": "#FF34143F",
						"1.0": "#FF9447EE"
					}
				}
			}
		}
	}
}