{
	"format_version": "1.10.0",
	"particle_effect": {
		"description": {
			"identifier": "yt:yuno2",
			"basic_render_parameters": {
				"material": "particles_blend",
				"texture": "textures/efeitos/fumaca"
			}
		},
		"components": {
			"minecraft:emitter_rate_instant": {
				"num_particles": 500
			},
			"minecraft:emitter_lifetime_looping": {
				"active_time": 5
			},
			"minecraft:emitter_shape_box": {
				"offset": [0, 3, 0],
				"half_dimensions": [4, 4, 4],
				"surface_only": true,
				"direction": "outwards"
			},
			"minecraft:particle_lifetime_expression": {
				"max_lifetime": 5
			},
			"minecraft:particle_initial_speed": 0,
			"minecraft:particle_motion_dynamic": {},
			"minecraft:particle_appearance_billboard": {
				"size": [0.7, 0.7],
				"facing_camera_mode": "rotate_xyz",
				"uv": {
					"texture_width": 16,
					"texture_height": 16,
					"uv": [0, 0],
					"uv_size": [16, 16]
				}
			},
			"minecraft:particle_appearance_lighting": {},
			"minecraft:particle_appearance_tinting": {
				"color": {
					"interpolant": "v.particle_age / v.particle_lifetime",
					"gradient": {
						"0.0": "#FFB6B6B6",
						"0.5": "#ffffffff",
						"1.0": "#FF777777"
					}
				}
			}
		}
	}
}