{
	"format_version": "1.10.0",
	"particle_effect": {
		"description": {
			"identifier": "yt:yuno3",
			"basic_render_parameters": {
				"material": "particles_blend",
				"texture": "textures/efeitos/fumaca"
			}
		},
		"components": {
			"minecraft:emitter_rate_steady": {
				"spawn_rate": 300,
				"max_particles": 300
			},
			"minecraft:emitter_lifetime_looping": {
				"active_time": 3
			},
			"minecraft:emitter_shape_disc": {
				"radius": 5,
				"plane_normal": [0, 3748, 0],
				"surface_only": true,
				"direction": "outwards"
			},
			"minecraft:particle_lifetime_expression": {
				"max_lifetime": 1
			},
			"minecraft:particle_initial_spin": {
				"rotation_rate": 5
			},
			"minecraft:particle_initial_speed": 0,
			"minecraft:particle_motion_dynamic": {
				"linear_acceleration": [0, 100, 0],
				"rotation_acceleration": 3600
			},
			"minecraft:particle_appearance_billboard": {
				"size": [2, 2],
				"facing_camera_mode": "lookat_xyz",
				"uv": {
					"texture_width": 16,
					"texture_height": 16,
					"uv": [0, 0],
					"uv_size": [16, 16]
				}
			},
			"minecraft:particle_appearance_lighting": {},
			"minecraft:particle_appearance_tinting": {
				"color": {
					"interpolant": "v.particle_age / v.particle_lifetime",
					"gradient": {
						"0.0": "#E3FFFFFF",
						"0.5": "#FF535353",
						"1.0": "#E3A7A7A7"
					}
				}
			}
		}
	}
}