{
  "format_version": "1.10.0",
  "minecraft:client_entity": {
    "description": {
      "identifier": "rai:item",
      "materials": {
        "default": "skeleton"
      },
      "textures": {
        "naginata": "textures/entity/jujutsu/naginata",
        "nanami_sword": "textures/entity/jujutsu/nanami_sword",
        "yuun": "textures/entity/jujutsu/yuun",
        "touji_sword": "textures/entity/jujutsu/touji_sword",
        "amanosakahoko": "textures/entity/jujutsu/amanosakahoko",
        "megumi_sword": "textures/entity/jujutsu/megumi_sword"
      },
      "geometry": {
        "naginata": "geometry.naginata",
        "nanami_sword": "geometry.nanami_sword",
        "yuun": "geometry.yuun",
        "touji_sword": "geometry.touji_sword",
        "amanosakahoko": "geometry.amanosakahoko",
        "megumi_sword": "geometry.megumi_sword"
      },
      "scripts" : {
        "animate" : [
          "item"
        ]
      },
      "animations" : {
        "item" : "animation.jujutsu.item_position"
      },
      "render_controllers": [
        "controller.render.3d_items"
      ]
    }
  }
}