{
  "format_version": "1.8.0",
  "minecraft:client_entity": {
    "description": {
      "identifier": "rai:ketizu",
      "materials": {
        "default": "skeleton"
      },
      "textures": {
        "default": "textures/entity/jujutsu/ketizu"
      },
      "geometry": {
        "default": "geometry.ketizu"
      },
      "scripts": {
        "scale": "1.4",
        "pre_animation": [
          "variable.tcos0 = (Math.cos(query.modified_distance_moved * 38.17) * query.modified_move_speed / variable.gliding_speed_value) * 20;"
        ]
      },
      "animations": {
        "move": "animation.jujutsu.move2",
        "attack.rotations": "animation.jujutsu.attack.rotations2",
        "damage_nearby_mobs": "animation.jujutsu.damage_nearby_mobs2"
      },
      "animation_controllers": [
        { "move": "controller.animation.humanoid.move" },
        { "attack": "controller.animation.humanoid.attack" },
        { "damage_nearby_mobs": "controller.animation.humanoid.damage_nearby_mobs" }
      ],
      "render_controllers": [
        "controller.render.default"
      ]
    }
  }
}