{
    "format_version": "1.10.0",
    "minecraft:client_entity": {
      "description": {
        "identifier": "rai:shigemo_sword2",
        "materials": {
          "default": "skeleton"
        },
        "textures": {
          "default": "textures/entity/jujutsu/shigemo_sword"
        },
        "geometry": {
          "default": "geometry.shigemo_sword2"
        },
        "scripts" : {
          "animate" : [
            "throw"
          ]
        },
        "animations" : {
          "throw" : "animation.throw_shigemo"
        },
        "render_controllers": [ "controller.render.default" ]
      }
    }
  }