{
  "format_version": "1.10.0",
  "minecraft:client_entity": {
    "description": {
      "identifier": "kg:speakertitan",
      "min_engine_version": "1.8.0",
      "materials": {
        "default": "vindicator"
      },
      "textures": {
        "default": "textures/entity/pamobile/kg_speakertitan"
      },
      "geometry": {
        "default": "geometry.kg_speakertitan"
      },
      "spawn_egg": {
        "texture": "kg:speakertitan",
        "texture_index": 0
      },
      "scripts": {
        "scale": "0.9375",
        "animate": [
          "vindicator_base",
          "vindicator_walk",
          "controller_look_at_target",
          "controller_vindicator_base",
          "controller_riding"
        ]
      },
      "animations": {
        "look_at_target_default": "animation.kg_speakertitan.walk.difuegbgrtj",
        "look_at_target_gliding": "animation.kg_speakertitan.walk.difuegbgrtj",
        "look_at_target_swimming": "animation.kg_speakertitan.walk.difuegbgrtj",
        "riding.arms": "animation.kg_speakertitan.walk.difuegbgrtj",
        "riding.legs": "animation.kg_speakertitan.walk.difuegbgrtj",
        "vindicator_base": "animation.kg_speakertitan.walk.difuegbgrtj",
        "vindicator_attack": "animation.kg_speakertitan.walk.difuegbgrtj",
        "vindicator_hand_attack": "animation.kg_speakertitan.walk.difuegbgrtj",
        "vindicator_walk": "animation.kg_speakertitan.walk.difuegbgrtj",
        "celebrating": "animation.kg_speakertitan.walk.difuegbgrtj",
        "controller_look_at_target": "animation.kg_speakertitan.walk.difuegbgrtj",
        "controller_vindicator_base": "animation.kg_speakertitan.walk.difuegbgrtj",
        "controller_riding": "animation.kg_speakertitan.walk.difuegbgrtj"
      },
      "render_controllers": [
        "controller.render.vindicator"
      ],
      "enable_attachables": true,
      "hide_armor": true
    }
  }
}