{
	"format_version": "1.8.0",
	"animations": {
		"animation.silverfish_titan.newdead": {
			"animation_length": 99,
			"bones": {
				"bodyPart_2": {
					"rotation": {
						"0.0": {
							"post": [0, 0, 0],
							"lerp_mode": "catmullrom"
						},
						"1.04": {
							"post": [-180, 0, 0],
							"lerp_mode": "catmullrom"
						},
						"2.08": [-180, 0, 0]
					},
					"position": {
						"0.0": {
							"post": [0, 0, 0],
							"lerp_mode": "catmullrom"
						},
						"1.04": {
							"post": [0, 17, 0],
							"lerp_mode": "catmullrom"
						},
						"2.08": [0, 0, 0]
					}
				},
				"bodyPart_1": {
					"rotation": {
						"0.0": {
							"post": [0, 0, 0],
							"lerp_mode": "catmullrom"
						},
						"1.04": {
							"post": [-15, 0, 0],
							"lerp_mode": "catmullrom"
						},
						"2.08": {
							"post": [20, 0, 0],
							"lerp_mode": "catmullrom"
						},
						"3.12": {
							"post": [-10, 0, 0],
							"lerp_mode": "catmullrom"
						},
						"4.16": {
							"post": [-17.5, 0, 0],
							"lerp_mode": "catmullrom"
						},
						"4.68": {
							"post": [-17.5, 0, 0],
							"lerp_mode": "catmullrom"
						},
						"5.2": {
							"post": [37.5, 0, 0],
							"lerp_mode": "catmullrom"
						},
						"5.96": {
							"post": [47.5, 0, 0],
							"lerp_mode": "catmullrom"
						},
						"7.28": {
							"post": [52.5, 0, 0],
							"lerp_mode": "catmullrom"
						},
						"8.84": [-27.5, 0, 0]
					}
				},
				"bodyPart_0": {
					"rotation": {
						"0.0": {
							"post": [0, 0, 0],
							"lerp_mode": "catmullrom"
						},
						"1.04": {
							"post": [-12.5, 0, 0],
							"lerp_mode": "catmullrom"
						},
						"2.08": {
							"post": [45, 0, 0],
							"lerp_mode": "catmullrom"
						},
						"3.12": {
							"post": [-20, 0, 0],
							"lerp_mode": "catmullrom"
						},
						"4.16": {
							"post": [-25, 0, 0],
							"lerp_mode": "catmullrom"
						},
						"4.68": {
							"post": [-25, 0, 0],
							"lerp_mode": "catmullrom"
						},
						"5.2": {
							"post": [42.5, 0, 0],
							"lerp_mode": "catmullrom"
						},
						"5.96": {
							"post": [57.5, 0, 0],
							"lerp_mode": "catmullrom"
						},
						"7.28": {
							"post": [45, 0, 0],
							"lerp_mode": "catmullrom"
						},
						"8.84": [-27.5, 0, 0]
					}
				},
				"bodyPart_3": {
					"rotation": {
						"0.0": {
							"post": [0, 0, 0],
							"lerp_mode": "catmullrom"
						},
						"1.04": {
							"post": [20, 0, 0],
							"lerp_mode": "catmullrom"
						},
						"2.08": {
							"post": [-10, 0, 0],
							"lerp_mode": "catmullrom"
						},
						"3.12": {
							"post": [5, 0, 0],
							"lerp_mode": "catmullrom"
						},
						"4.16": {
							"post": [7.5, 0, 0],
							"lerp_mode": "catmullrom"
						},
						"4.68": {
							"post": [-35, 0, 0],
							"lerp_mode": "catmullrom"
						},
						"5.2": {
							"post": [-40, 0, 0],
							"lerp_mode": "catmullrom"
						},
						"5.96": {
							"post": [-42.5, 0, 0],
							"lerp_mode": "catmullrom"
						},
						"7.28": {
							"post": [-47.5, 0, 0],
							"lerp_mode": "catmullrom"
						},
						"8.84": [22.5, 0, 0]
					}
				},
				"bodyPart_4": {
					"rotation": {
						"0.0": {
							"post": [0, 0, 0],
							"lerp_mode": "catmullrom"
						},
						"1.04": {
							"post": [22.5, 0, 0],
							"lerp_mode": "catmullrom"
						},
						"2.08": {
							"post": [-15, 0, 0],
							"lerp_mode": "catmullrom"
						},
						"3.12": {
							"post": [5, 0, 0],
							"lerp_mode": "catmullrom"
						},
						"4.16": {
							"post": [12.5, 0, 0],
							"lerp_mode": "catmullrom"
						},
						"4.68": {
							"post": [25, 0, 0],
							"lerp_mode": "catmullrom"
						},
						"5.2": {
							"post": [32.5, 0, 0],
							"lerp_mode": "catmullrom"
						},
						"5.96": {
							"post": [-30, 0, 0],
							"lerp_mode": "catmullrom"
						},
						"7.28": {
							"post": [-22.5, 0, 0],
							"lerp_mode": "catmullrom"
						},
						"8.84": [-5.62, 0, 0]
					}
				},
				"bodyLayer_1": {
					"rotation": {
						"0.0": {
							"post": [0, 0, 0],
							"lerp_mode": "catmullrom"
						},
						"1.04": {
							"post": [20, 0, 0],
							"lerp_mode": "catmullrom"
						},
						"2.08": {
							"post": [2.5, 0, 0],
							"lerp_mode": "catmullrom"
						},
						"4.16": {
							"post": [5, 0, 0],
							"lerp_mode": "catmullrom"
						},
						"4.68": {
							"post": [27.5, 0, 0],
							"lerp_mode": "catmullrom"
						},
						"5.2": {
							"post": [30, 0, 0],
							"lerp_mode": "catmullrom"
						},
						"5.96": {
							"post": [-42.5, 0, 0],
							"lerp_mode": "catmullrom"
						},
						"7.28": {
							"post": [-32.5, 0, 0],
							"lerp_mode": "catmullrom"
						},
						"8.84": [15, 0, 0]
					}
				},
				"bodyPart_5": {
					"rotation": {
						"0.0": {
							"post": [0, 0, 0],
							"lerp_mode": "catmullrom"
						},
						"1.04": {
							"post": [-7.5, 0, 0],
							"lerp_mode": "catmullrom"
						},
						"2.08": {
							"post": [-7.5, 0, 0],
							"lerp_mode": "catmullrom"
						},
						"3.12": {
							"post": [15, 0, 0],
							"lerp_mode": "catmullrom"
						},
						"4.16": {
							"post": [17.5, 0, 0],
							"lerp_mode": "catmullrom"
						},
						"4.68": {
							"post": [37.5, 0, 0],
							"lerp_mode": "catmullrom"
						},
						"5.2": {
							"post": [40, 0, 0],
							"lerp_mode": "catmullrom"
						},
						"5.96": {
							"post": [-30, 0, 0],
							"lerp_mode": "catmullrom"
						},
						"7.28": {
							"post": [-25, 0, 0],
							"lerp_mode": "catmullrom"
						},
						"8.84": [-30, 0, 0]
					}
				}
			}
		}
	}
}