{
	"format_version": "1.8.0",
	"animations": {
		"animation.sj_titan.summon": {
			"animation_length": 4,
			"bones": {
				"bone": {
					"rotation": {
						"0.0": {
							"post": [0, 0, 0],
							"lerp_mode": "catmullrom"
						},
						"0.5": {
							"post": [5, 0, 0],
							"lerp_mode": "catmullrom"
						},
						"1.0": {
							"post": [-40, 0, 0],
							"lerp_mode": "catmullrom"
						},
						"3.0": {
							"post": [-28.33, 0, 0],
							"lerp_mode": "catmullrom"
						},
						"4.0": [0, 0, 0]
					},
					"position": {
						"0.0": {
							"post": [0, 0, 0],
							"lerp_mode": "catmullrom"
						},
						"1.0": {
							"post": [0, 2, 0],
							"lerp_mode": "catmullrom"
						},
						"3.0": {
							"post": [0, 2, 0],
							"lerp_mode": "catmullrom"
						},
						"4.0": [0, 0, 0]
					}
				},
				"head": {
					"rotation": {
						"0.0": {
							"post": [0, 0, 0],
							"lerp_mode": "catmullrom"
						},
						"0.5": {
							"post": [-7.5, 0, 0],
							"lerp_mode": "catmullrom"
						},
						"1.0": {
							"post": [30, 0, 0],
							"lerp_mode": "catmullrom"
						},
						"3.0": {
							"post": [30, 0, 0],
							"lerp_mode": "catmullrom"
						},
						"4.0": [0, 0, 0]
					}
				},
				"bone3": {
					"rotation": {
						"0.0": {
							"post": [0, 0, 0],
							"lerp_mode": "catmullrom"
						},
						"0.5": {
							"post": [20, 0, 0],
							"lerp_mode": "catmullrom"
						},
						"1.0": {
							"post": [-65, 0, 0],
							"lerp_mode": "catmullrom"
						},
						"1.1": {
							"post": [-44.08, 0, 0],
							"lerp_mode": "catmullrom"
						},
						"1.2": {
							"post": [-64.22, 0, 0],
							"lerp_mode": "catmullrom"
						},
						"1.3": {
							"post": [-44.08, 0, 0],
							"lerp_mode": "catmullrom"
						},
						"1.4": {
							"post": [-64.22, 0, 0],
							"lerp_mode": "catmullrom"
						},
						"1.5": {
							"post": [-44.08, 0, 0],
							"lerp_mode": "catmullrom"
						},
						"1.6": {
							"post": [-64.22, 0, 0],
							"lerp_mode": "catmullrom"
						},
						"1.7": {
							"post": [-44.08, 0, 0],
							"lerp_mode": "catmullrom"
						},
						"1.8": {
							"post": [-64.22, 0, 0],
							"lerp_mode": "catmullrom"
						},
						"1.9": {
							"post": [-44.08, 0, 0],
							"lerp_mode": "catmullrom"
						},
						"2.0": {
							"post": [-64.22, 0, 0],
							"lerp_mode": "catmullrom"
						},
						"2.1": {
							"post": [-44.08, 0, 0],
							"lerp_mode": "catmullrom"
						},
						"2.2": {
							"post": [-64.22, 0, 0],
							"lerp_mode": "catmullrom"
						},
						"2.3": {
							"post": [-44.08, 0, 0],
							"lerp_mode": "catmullrom"
						},
						"2.4": {
							"post": [-64.22, 0, 0],
							"lerp_mode": "catmullrom"
						},
						"2.5": {
							"post": [-44.08, 0, 0],
							"lerp_mode": "catmullrom"
						},
						"2.6": {
							"post": [-64.22, 0, 0],
							"lerp_mode": "catmullrom"
						},
						"2.7": {
							"post": [-44.08, 0, 0],
							"lerp_mode": "catmullrom"
						},
						"2.8": {
							"post": [-64.22, 0, 0],
							"lerp_mode": "catmullrom"
						},
						"2.9": {
							"post": [-44.08, 0, 0],
							"lerp_mode": "catmullrom"
						},
						"3.0": {
							"post": [-64.22, 0, 0],
							"lerp_mode": "catmullrom"
						},
						"4.0": [0, 0, 0]
					}
				},
				"bone4": {
					"rotation": {
						"0.0": {
							"post": [0, 0, 0],
							"lerp_mode": "catmullrom"
						},
						"1.0": {
							"post": [0, 0, 70],
							"lerp_mode": "catmullrom"
						},
						"3.0": {
							"post": [0, 0, 63.33],
							"lerp_mode": "catmullrom"
						},
						"4.0": [0, 0, 0]
					}
				},
				"bone5": {
					"rotation": {
						"0.0": {
							"post": [0, 0, 0],
							"lerp_mode": "catmullrom"
						},
						"1.0": {
							"post": [0, 0, -30],
							"lerp_mode": "catmullrom"
						},
						"3.0": {
							"post": [0, 0, -35],
							"lerp_mode": "catmullrom"
						},
						"4.0": [0, 0, 0]
					}
				},
				"bone6": {
					"rotation": {
						"0.0": {
							"post": [0, 0, 0],
							"lerp_mode": "catmullrom"
						},
						"0.5": {
							"post": [-22.5, -17.5, -15],
							"lerp_mode": "catmullrom"
						},
						"1.0": {
							"post": [0, -35, -30],
							"lerp_mode": "catmullrom"
						},
						"3.0": {
							"post": [0, -36.67, -10],
							"lerp_mode": "catmullrom"
						},
						"4.0": [0, 0, 0]
					}
				},
				"bone8": {
					"rotation": {
						"0.0": {
							"post": [0, 0, 0],
							"lerp_mode": "catmullrom"
						},
						"0.5": {
							"post": [-20, -17.5, -12.5],
							"lerp_mode": "catmullrom"
						},
						"1.0": {
							"post": [0, -35, -25],
							"lerp_mode": "catmullrom"
						},
						"3.0": {
							"post": [0, -31.67, -8.33],
							"lerp_mode": "catmullrom"
						},
						"4.0": [0, 0, 0]
					}
				},
				"bone10": {
					"rotation": {
						"0.0": {
							"post": [0, 0, 0],
							"lerp_mode": "catmullrom"
						},
						"0.5": {
							"post": [-22.5, -15, -7.5],
							"lerp_mode": "catmullrom"
						},
						"1.0": {
							"post": [0, -30, -15],
							"lerp_mode": "catmullrom"
						},
						"3.0": {
							"post": [0, -25, -5],
							"lerp_mode": "catmullrom"
						},
						"4.0": [0, 0, 0]
					}
				},
				"bone12": {
					"rotation": {
						"0.0": {
							"post": [0, 0, 0],
							"lerp_mode": "catmullrom"
						},
						"1.0": {
							"post": [0, 0, -70],
							"lerp_mode": "catmullrom"
						},
						"3.0": {
							"post": [0, 0, -63.33],
							"lerp_mode": "catmullrom"
						},
						"4.0": [0, 0, 0]
					}
				},
				"bone13": {
					"rotation": {
						"0.0": {
							"post": [0, 0, 0],
							"lerp_mode": "catmullrom"
						},
						"1.0": {
							"post": [0, 0, 30],
							"lerp_mode": "catmullrom"
						},
						"3.0": {
							"post": [0, 0, 35],
							"lerp_mode": "catmullrom"
						},
						"4.0": [0, 0, 0]
					}
				},
				"bone14": {
					"rotation": {
						"0.0": {
							"post": [0, 0, 0],
							"lerp_mode": "catmullrom"
						},
						"0.5": {
							"post": [-22.5, 22.5, 15],
							"lerp_mode": "catmullrom"
						},
						"1.0": {
							"post": [0, 45, 30],
							"lerp_mode": "catmullrom"
						},
						"3.0": {
							"post": [0, 40, 10],
							"lerp_mode": "catmullrom"
						},
						"4.0": [0, 0, 0]
					}
				},
				"bone15": {
					"rotation": [0, 0, 0]
				},
				"bone16": {
					"rotation": {
						"0.0": {
							"post": [0, 0, 0],
							"lerp_mode": "catmullrom"
						},
						"0.5": {
							"post": [-25, 20, 12.5],
							"lerp_mode": "catmullrom"
						},
						"1.0": {
							"post": [0, 40, 25],
							"lerp_mode": "catmullrom"
						},
						"3.0": {
							"post": [0, 33.33, 8.33],
							"lerp_mode": "catmullrom"
						},
						"4.0": [0, 0, 0]
					}
				},
				"bone18": {
					"rotation": {
						"0.0": {
							"post": [0, 0, 0],
							"lerp_mode": "catmullrom"
						},
						"0.5": {
							"post": [-27.5, 17.5, 7.5],
							"lerp_mode": "catmullrom"
						},
						"1.0": {
							"post": [0, 35, 15],
							"lerp_mode": "catmullrom"
						},
						"3.0": {
							"post": [0, 26.67, 5],
							"lerp_mode": "catmullrom"
						},
						"4.0": [0, 0, 0]
					}
				},
				"bone2": {
					"position": {
						"0.0": [0, 0, 0],
						"0.5": [0, 1, 0],
						"1.0": [0, 1, 4],
						"3.0": [0, 1, 3],
						"4.0": [0, 0, 0]
					}
				}
			}
		},
		"animation.spider_titan.summon": {
			"animation_length": 4,
			"bones": {
				"bone": {
					"rotation": {
						"0.0": {
							"post": [0, 0, 0],
							"lerp_mode": "catmullrom"
						},
						"0.5": {
							"post": [5, 0, 0],
							"lerp_mode": "catmullrom"
						},
						"1.0": {
							"post": [-40, 0, 0],
							"lerp_mode": "catmullrom"
						},
						"3.0": {
							"post": [-28.33, 0, 0],
							"lerp_mode": "catmullrom"
						},
						"4.0": [0, 0, 0]
					},
					"position": {
						"0.0": {
							"post": [0, 0, 0],
							"lerp_mode": "catmullrom"
						},
						"1.0": {
							"post": [0, 2, 0],
							"lerp_mode": "catmullrom"
						},
						"3.0": {
							"post": [0, 2, 0],
							"lerp_mode": "catmullrom"
						},
						"4.0": [0, 0, 0]
					}
				},
				"head": {
					"rotation": {
						"0.0": {
							"post": [0, 0, 0],
							"lerp_mode": "catmullrom"
						},
						"0.5": {
							"post": [-7.5, 0, 0],
							"lerp_mode": "catmullrom"
						},
						"1.0": {
							"post": [30, 0, 0],
							"lerp_mode": "catmullrom"
						},
						"3.0": {
							"post": [30, 0, 0],
							"lerp_mode": "catmullrom"
						},
						"4.0": [0, 0, 0]
					}
				},
				"bone3": {
					"rotation": {
						"0.0": {
							"post": [0, 0, 0],
							"lerp_mode": "catmullrom"
						},
						"0.5": {
							"post": [20, 0, 0],
							"lerp_mode": "catmullrom"
						},
						"1.0": {
							"post": [-65, 0, 0],
							"lerp_mode": "catmullrom"
						},
						"1.1": {
							"post": [-44.08, 0, 0],
							"lerp_mode": "catmullrom"
						},
						"1.2": {
							"post": [-64.22, 0, 0],
							"lerp_mode": "catmullrom"
						},
						"1.3": {
							"post": [-44.08, 0, 0],
							"lerp_mode": "catmullrom"
						},
						"1.4": {
							"post": [-64.22, 0, 0],
							"lerp_mode": "catmullrom"
						},
						"1.5": {
							"post": [-44.08, 0, 0],
							"lerp_mode": "catmullrom"
						},
						"1.6": {
							"post": [-64.22, 0, 0],
							"lerp_mode": "catmullrom"
						},
						"1.7": {
							"post": [-44.08, 0, 0],
							"lerp_mode": "catmullrom"
						},
						"1.8": {
							"post": [-64.22, 0, 0],
							"lerp_mode": "catmullrom"
						},
						"1.9": {
							"post": [-44.08, 0, 0],
							"lerp_mode": "catmullrom"
						},
						"2.0": {
							"post": [-64.22, 0, 0],
							"lerp_mode": "catmullrom"
						},
						"2.1": {
							"post": [-44.08, 0, 0],
							"lerp_mode": "catmullrom"
						},
						"2.2": {
							"post": [-64.22, 0, 0],
							"lerp_mode": "catmullrom"
						},
						"2.3": {
							"post": [-44.08, 0, 0],
							"lerp_mode": "catmullrom"
						},
						"2.4": {
							"post": [-64.22, 0, 0],
							"lerp_mode": "catmullrom"
						},
						"2.5": {
							"post": [-44.08, 0, 0],
							"lerp_mode": "catmullrom"
						},
						"2.6": {
							"post": [-64.22, 0, 0],
							"lerp_mode": "catmullrom"
						},
						"2.7": {
							"post": [-44.08, 0, 0],
							"lerp_mode": "catmullrom"
						},
						"2.8": {
							"post": [-64.22, 0, 0],
							"lerp_mode": "catmullrom"
						},
						"2.9": {
							"post": [-44.08, 0, 0],
							"lerp_mode": "catmullrom"
						},
						"3.0": {
							"post": [-64.22, 0, 0],
							"lerp_mode": "catmullrom"
						},
						"4.0": [0, 0, 0]
					}
				},
				"bone4": {
					"rotation": {
						"0.0": {
							"post": [0, 0, 0],
							"lerp_mode": "catmullrom"
						},
						"1.0": {
							"post": [0, 0, 70],
							"lerp_mode": "catmullrom"
						},
						"3.0": {
							"post": [0, 0, 63.33],
							"lerp_mode": "catmullrom"
						},
						"4.0": [0, 0, 0]
					}
				},
				"bone5": {
					"rotation": {
						"0.0": {
							"post": [0, 0, 0],
							"lerp_mode": "catmullrom"
						},
						"1.0": {
							"post": [0, 0, -30],
							"lerp_mode": "catmullrom"
						},
						"3.0": {
							"post": [0, 0, -35],
							"lerp_mode": "catmullrom"
						},
						"4.0": [0, 0, 0]
					}
				},
				"bone6": {
					"rotation": {
						"0.0": {
							"post": [0, 0, 0],
							"lerp_mode": "catmullrom"
						},
						"0.5": {
							"post": [-22.5, -17.5, -15],
							"lerp_mode": "catmullrom"
						},
						"1.0": {
							"post": [0, -35, -30],
							"lerp_mode": "catmullrom"
						},
						"3.0": {
							"post": [0, -36.67, -10],
							"lerp_mode": "catmullrom"
						},
						"4.0": [0, 0, 0]
					}
				},
				"bone8": {
					"rotation": {
						"0.0": {
							"post": [0, 0, 0],
							"lerp_mode": "catmullrom"
						},
						"0.5": {
							"post": [-20, -17.5, -12.5],
							"lerp_mode": "catmullrom"
						},
						"1.0": {
							"post": [0, -35, -25],
							"lerp_mode": "catmullrom"
						},
						"3.0": {
							"post": [0, -31.67, -8.33],
							"lerp_mode": "catmullrom"
						},
						"4.0": [0, 0, 0]
					}
				},
				"bone10": {
					"rotation": {
						"0.0": {
							"post": [0, 0, 0],
							"lerp_mode": "catmullrom"
						},
						"0.5": {
							"post": [-22.5, -15, -7.5],
							"lerp_mode": "catmullrom"
						},
						"1.0": {
							"post": [0, -30, -15],
							"lerp_mode": "catmullrom"
						},
						"3.0": {
							"post": [0, -25, -5],
							"lerp_mode": "catmullrom"
						},
						"4.0": [0, 0, 0]
					}
				},
				"bone12": {
					"rotation": {
						"0.0": {
							"post": [0, 0, 0],
							"lerp_mode": "catmullrom"
						},
						"1.0": {
							"post": [0, 0, -70],
							"lerp_mode": "catmullrom"
						},
						"3.0": {
							"post": [0, 0, -63.33],
							"lerp_mode": "catmullrom"
						},
						"4.0": [0, 0, 0]
					}
				},
				"bone13": {
					"rotation": {
						"0.0": {
							"post": [0, 0, 0],
							"lerp_mode": "catmullrom"
						},
						"1.0": {
							"post": [0, 0, 30],
							"lerp_mode": "catmullrom"
						},
						"3.0": {
							"post": [0, 0, 35],
							"lerp_mode": "catmullrom"
						},
						"4.0": [0, 0, 0]
					}
				},
				"bone14": {
					"rotation": {
						"0.0": {
							"post": [0, 0, 0],
							"lerp_mode": "catmullrom"
						},
						"0.5": {
							"post": [-22.5, 22.5, 15],
							"lerp_mode": "catmullrom"
						},
						"1.0": {
							"post": [0, 45, 30],
							"lerp_mode": "catmullrom"
						},
						"3.0": {
							"post": [0, 40, 10],
							"lerp_mode": "catmullrom"
						},
						"4.0": [0, 0, 0]
					}
				},
				"bone15": {
					"rotation": [0, 0, 0]
				},
				"bone16": {
					"rotation": {
						"0.0": {
							"post": [0, 0, 0],
							"lerp_mode": "catmullrom"
						},
						"0.5": {
							"post": [-25, 20, 12.5],
							"lerp_mode": "catmullrom"
						},
						"1.0": {
							"post": [0, 40, 25],
							"lerp_mode": "catmullrom"
						},
						"3.0": {
							"post": [0, 33.33, 8.33],
							"lerp_mode": "catmullrom"
						},
						"4.0": [0, 0, 0]
					}
				},
				"bone18": {
					"rotation": {
						"0.0": {
							"post": [0, 0, 0],
							"lerp_mode": "catmullrom"
						},
						"0.5": {
							"post": [-27.5, 17.5, 7.5],
							"lerp_mode": "catmullrom"
						},
						"1.0": {
							"post": [0, 35, 15],
							"lerp_mode": "catmullrom"
						},
						"3.0": {
							"post": [0, 26.67, 5],
							"lerp_mode": "catmullrom"
						},
						"4.0": [0, 0, 0]
					}
				}
			}
		},
		"animation.spider_titan.fly": {
			"loop": true,
			"bones": {
				"bone": {
					"rotation": [12.5, 0, 0],
					"position": [0, 4, 0]
				},
				"bone3": {
					"rotation": [15, 0, 0]
				}
			}
		}
	}
}