{
  "format_version": "1.12.0",
  "minecraft:geometry": [
    {
      "description": {
        "identifier": "geometry.good_mutant_skibidi_toilet",
        "texture_width": 608,
        "texture_height": 608,
        "visible_bounds_width": 18,
        "visible_bounds_height": 21,
        "visible_bounds_offset": [
          0,
          2.5,
          0
        ]
      },
      "bones": [
        {
          "name": "bb_main",
          "pivot": [
            0,
            0,
            0
          ],
          "cubes": [
            {
              "origin": [
                -25,
                0,
                -14
              ],
              "size": [
                13,
                5,
                25
              ],
              "uv": [
                166,
                298
              ]
            },
            {
              "origin": [
                11,
                0,
                -14
              ],
              "size": [
                13,
                5,
                25
              ],
              "uv": [
                166,
                268
              ]
            },
            {
              "origin": [
                -13,
                0,
                -11
              ],
              "size": [
                2,
                5,
                21
              ],
              "uv": [
                202,
                516
              ]
            },
            {
              "origin": [
                -26,
                0,
                -11
              ],
              "size": [
                2,
                5,
                21
              ],
              "uv": [
                156,
                516
              ]
            },
            {
              "origin": [
                10,
                0,
                -11
              ],
              "size": [
                2,
                5,
                21
              ],
              "uv": [
                110,
                516
              ]
            },
            {
              "origin": [
                23,
                0,
                -11
              ],
              "size": [
                2,
                5,
                21
              ],
              "uv": [
                64,
                516
              ]
            },
            {
              "origin": [
                -25,
                5,
                -12
              ],
              "size": [
                13,
                2,
                22
              ],
              "uv": [
                154,
                434
              ]
            },
            {
              "origin": [
                11,
                5,
                -12
              ],
              "size": [
                13,
                2,
                22
              ],
              "uv": [
                154,
                410
              ]
            },
            {
              "origin": [
                -24,
                7,
                -10
              ],
              "size": [
                11,
                2,
                19
              ],
              "uv": [
                212,
                485
              ]
            },
            {
              "origin": [
                12,
                7,
                -10
              ],
              "size": [
                11,
                2,
                19
              ],
              "uv": [
                212,
                464
              ]
            },
            {
              "origin": [
                -24,
                9,
                -3
              ],
              "size": [
                11,
                66,
                12
              ],
              "uv": [
                0,
                190
              ]
            },
            {
              "origin": [
                12,
                9,
                -3
              ],
              "size": [
                11,
                66,
                12
              ],
              "uv": [
                204,
                112
              ]
            },
            {
              "origin": [
                -25,
                7,
                -2
              ],
              "size": [
                1,
                68,
                10
              ],
              "uv": [
                118,
                332
              ]
            },
            {
              "origin": [
                11,
                7,
                -2
              ],
              "size": [
                1,
                68,
                10
              ],
              "uv": [
                96,
                332
              ]
            },
            {
              "origin": [
                23,
                7,
                -2
              ],
              "size": [
                1,
                68,
                10
              ],
              "uv": [
                74,
                332
              ]
            },
            {
              "origin": [
                -13,
                7,
                -2
              ],
              "size": [
                1,
                68,
                10
              ],
              "uv": [
                52,
                332
              ]
            },
            {
              "origin": [
                -19,
                75,
                -3
              ],
              "size": [
                37,
                46,
                12
              ],
              "uv": [
                350,
                54
              ]
            },
            {
              "origin": [
                -18,
                76,
                -4
              ],
              "size": [
                35,
                45,
                1
              ],
              "uv": [
                210,
                190
              ]
            },
            {
              "origin": [
                -4,
                76,
                -5
              ],
              "size": [
                8,
                45,
                1
              ],
              "uv": [
                76,
                556
              ]
            },
            {
              "origin": [
                -18,
                76,
                9
              ],
              "size": [
                35,
                45,
                1
              ],
              "uv": [
                138,
                190
              ]
            },
            {
              "origin": [
                -18,
                75,
                -3
              ],
              "size": [
                7,
                16,
                12
              ],
              "pivot": [
                -20,
                92,
                0
              ],
              "rotation": [
                0,
                0,
                22.5
              ],
              "uv": [
                38,
                556
              ]
            },
            {
              "origin": [
                -8,
                67,
                -3
              ],
              "size": [
                7,
                16,
                12
              ],
              "pivot": [
                -20,
                92,
                0
              ],
              "rotation": [
                0,
                0,
                22.5
              ],
              "uv": [
                0,
                556
              ]
            },
            {
              "origin": [
                14.13522,
                73.92947,
                -3
              ],
              "size": [
                7,
                16,
                12
              ],
              "pivot": [
                18,
                81,
                0
              ],
              "rotation": [
                0,
                0,
                -17.5
              ],
              "uv": [
                286,
                516
              ]
            },
            {
              "origin": [
                6.13522,
                64.92947,
                -3
              ],
              "size": [
                7,
                16,
                12
              ],
              "pivot": [
                18,
                81,
                0
              ],
              "rotation": [
                0,
                0,
                -17.5
              ],
              "uv": [
                248,
                516
              ]
            },
            {
              "origin": [
                -25,
                121,
                -3
              ],
              "size": [
                49,
                29,
                12
              ],
              "uv": [
                126,
                54
              ]
            },
            {
              "origin": [
                -5,
                150,
                -4
              ],
              "size": [
                12,
                23,
                12
              ],
              "uv": [
                164,
                464
              ]
            },
            {
              "origin": [
                -15,
                165,
                -14
              ],
              "size": [
                29,
                34,
                22
              ],
              "uv": [
                248,
                54
              ]
            },
            {
              "origin": [
                -15,
                164,
                -13
              ],
              "size": [
                29,
                36,
                20
              ],
              "uv": [
                0,
                112
              ]
            },
            {
              "origin": [
                -16,
                165,
                -13
              ],
              "size": [
                1,
                34,
                20
              ],
              "uv": [
                0,
                410
              ]
            },
            {
              "origin": [
                14,
                165,
                -13
              ],
              "size": [
                1,
                34,
                20
              ],
              "uv": [
                140,
                332
              ]
            },
            {
              "origin": [
                15,
                165,
                -12
              ],
              "size": [
                1,
                34,
                18
              ],
              "uv": [
                38,
                464
              ]
            },
            {
              "origin": [
                -17,
                165,
                -12
              ],
              "size": [
                1,
                34,
                18
              ],
              "uv": [
                0,
                464
              ]
            },
            {
              "origin": [
                -41,
                114,
                -4
              ],
              "size": [
                16,
                36,
                15
              ],
              "pivot": [
                -26,
                141,
                0
              ],
              "rotation": [
                0,
                0,
                20
              ],
              "uv": [
                62,
                268
              ]
            },
            {
              "origin": [
                -49.21904,
                84.42892,
                -3
              ],
              "size": [
                14,
                37,
                12
              ],
              "pivot": [
                -35,
                114,
                0
              ],
              "rotation": [
                0,
                0,
                10
              ],
              "uv": [
                0,
                332
              ]
            },
            {
              "origin": [
                -53,
                53,
                -2
              ],
              "size": [
                12,
                35,
                10
              ],
              "uv": [
                120,
                464
              ]
            },
            {
              "origin": [
                -54,
                35,
                -3
              ],
              "size": [
                4,
                21,
                10
              ],
              "pivot": [
                -36,
                68,
                0
              ],
              "rotation": [
                -1.2525,
                2.60857,
                -8.11398
              ],
              "uv": [
                122,
                556
              ]
            },
            {
              "origin": [
                -47,
                45,
                -3
              ],
              "size": [
                4,
                11,
                10
              ],
              "pivot": [
                -36,
                68,
                0
              ],
              "rotation": [
                -1.2525,
                2.60857,
                -8.11398
              ],
              "uv": [
                150,
                577
              ]
            },
            {
              "origin": [
                -24,
                123,
                -23
              ],
              "size": [
                47,
                27,
                20
              ],
              "uv": [
                134,
                0
              ]
            },
            {
              "origin": [
                -24,
                150,
                -23
              ],
              "size": [
                4,
                2,
                52
              ],
              "uv": [
                380,
                0
              ]
            },
            {
              "origin": [
                19,
                150,
                -23
              ],
              "size": [
                4,
                2,
                52
              ],
              "uv": [
                268,
                0
              ]
            },
            {
              "origin": [
                -20,
                150,
                26
              ],
              "size": [
                39,
                2,
                4
              ],
              "uv": [
                154,
                458
              ]
            },
            {
              "origin": [
                -6,
                131,
                22
              ],
              "size": [
                12,
                55,
                9
              ],
              "uv": [
                124,
                268
              ]
            },
            {
              "origin": [
                -4,
                186,
                23
              ],
              "size": [
                8,
                4,
                7
              ],
              "uv": [
                178,
                571
              ]
            },
            {
              "origin": [
                6,
                176,
                23
              ],
              "size": [
                8,
                8,
                7
              ],
              "uv": [
                178,
                556
              ]
            },
            {
              "origin": [
                5,
                150,
                -24
              ],
              "size": [
                14,
                2,
                3
              ],
              "uv": [
                178,
                587
              ]
            },
            {
              "origin": [
                -20,
                150,
                -24
              ],
              "size": [
                14,
                2,
                3
              ],
              "uv": [
                178,
                582
              ]
            },
            {
              "origin": [
                -23,
                123,
                -24
              ],
              "size": [
                45,
                27,
                1
              ],
              "uv": [
                46,
                218
              ]
            },
            {
              "origin": [
                -19,
                99,
                -32
              ],
              "size": [
                36,
                28,
                17
              ],
              "pivot": [
                0,
                134,
                -23
              ],
              "rotation": [
                45,
                0,
                0
              ],
              "uv": [
                98,
                112
              ]
            },
            {
              "origin": [
                -19,
                91,
                -22
              ],
              "size": [
                36,
                13,
                27
              ],
              "pivot": [
                0,
                134,
                -23
              ],
              "rotation": [
                45,
                0,
                0
              ],
              "uv": [
                0,
                54
              ]
            },
            {
              "origin": [
                17,
                92,
                -22
              ],
              "size": [
                1,
                12,
                27
              ],
              "pivot": [
                0,
                134,
                -23
              ],
              "rotation": [
                45,
                0,
                0
              ],
              "uv": [
                98,
                410
              ]
            },
            {
              "origin": [
                -20,
                92,
                -22
              ],
              "size": [
                1,
                12,
                27
              ],
              "pivot": [
                0,
                134,
                -23
              ],
              "rotation": [
                45,
                0,
                0
              ],
              "uv": [
                42,
                410
              ]
            },
            {
              "origin": [
                -20,
                102,
                -31
              ],
              "size": [
                1,
                25,
                15
              ],
              "pivot": [
                0,
                134,
                -23
              ],
              "rotation": [
                45,
                0,
                0
              ],
              "uv": [
                32,
                516
              ]
            },
            {
              "origin": [
                17,
                102,
                -31
              ],
              "size": [
                1,
                25,
                15
              ],
              "pivot": [
                0,
                134,
                -23
              ],
              "rotation": [
                45,
                0,
                0
              ],
              "uv": [
                0,
                516
              ]
            },
            {
              "origin": [
                -23,
                123,
                29
              ],
              "size": [
                45,
                27,
                1
              ],
              "uv": [
                46,
                190
              ]
            },
            {
              "origin": [
                -24,
                123,
                9
              ],
              "size": [
                47,
                27,
                20
              ],
              "uv": [
                0,
                0
              ]
            },
            {
              "origin": [
                -24,
                121,
                9
              ],
              "size": [
                47,
                28,
                1
              ],
              "uv": [
                98,
                157
              ]
            },
            {
              "origin": [
                25,
                114,
                -4
              ],
              "size": [
                16,
                36,
                15
              ],
              "pivot": [
                26,
                141,
                0
              ],
              "rotation": [
                0,
                0,
                -20
              ],
              "uv": [
                0,
                268
              ]
            },
            {
              "origin": [
                35.21904,
                84.42892,
                -3
              ],
              "size": [
                14,
                37,
                12
              ],
              "pivot": [
                35,
                114,
                0
              ],
              "rotation": [
                0,
                0,
                -10
              ],
              "uv": [
                242,
                268
              ]
            },
            {
              "origin": [
                41,
                53,
                -2
              ],
              "size": [
                12,
                35,
                10
              ],
              "uv": [
                76,
                464
              ]
            },
            {
              "origin": [
                50,
                35,
                -3
              ],
              "size": [
                4,
                21,
                10
              ],
              "pivot": [
                36,
                68,
                0
              ],
              "rotation": [
                -1.2525,
                -2.60857,
                8.11398
              ],
              "uv": [
                94,
                556
              ]
            },
            {
              "origin": [
                43,
                45,
                -3
              ],
              "size": [
                4,
                11,
                10
              ],
              "pivot": [
                36,
                68,
                0
              ],
              "rotation": [
                -1.2525,
                -2.60857,
                8.11398
              ],
              "uv": [
                150,
                556
              ]
            }
          ]
        }
      ]
    }
  ]
}