{
  "format_version": "1.12.0",
  "minecraft:geometry": [
    {
      "description": {
        "identifier": "geometry.good_large_tvhead",
        "texture_width": 688,
        "texture_height": 688,
        "visible_bounds_width": 21,
        "visible_bounds_height": 24,
        "visible_bounds_offset": [
          0,
          2,
          0
        ]
      },
      "bones": [
        {
          "name": "bb_main",
          "pivot": [
            0,
            0,
            0
          ],
          "cubes": [
            {
              "origin": [
                -25,
                0,
                -14
              ],
              "size": [
                13,
                5,
                25
              ],
              "uv": [
                156,
                419
              ]
            },
            {
              "origin": [
                11,
                0,
                -14
              ],
              "size": [
                13,
                5,
                25
              ],
              "uv": [
                156,
                389
              ]
            },
            {
              "origin": [
                -13,
                0,
                -11
              ],
              "size": [
                2,
                5,
                21
              ],
              "uv": [
                92,
                575
              ]
            },
            {
              "origin": [
                -26,
                0,
                -11
              ],
              "size": [
                2,
                5,
                21
              ],
              "uv": [
                46,
                575
              ]
            },
            {
              "origin": [
                10,
                0,
                -11
              ],
              "size": [
                2,
                5,
                21
              ],
              "uv": [
                0,
                575
              ]
            },
            {
              "origin": [
                23,
                0,
                -11
              ],
              "size": [
                2,
                5,
                21
              ],
              "uv": [
                410,
                545
              ]
            },
            {
              "origin": [
                -25,
                5,
                -12
              ],
              "size": [
                13,
                2,
                22
              ],
              "uv": [
                66,
                491
              ]
            },
            {
              "origin": [
                11,
                5,
                -12
              ],
              "size": [
                13,
                2,
                22
              ],
              "uv": [
                66,
                467
              ]
            },
            {
              "origin": [
                -24,
                7,
                -10
              ],
              "size": [
                11,
                2,
                19
              ],
              "uv": [
                216,
                545
              ]
            },
            {
              "origin": [
                12,
                7,
                -10
              ],
              "size": [
                11,
                2,
                19
              ],
              "uv": [
                156,
                545
              ]
            },
            {
              "origin": [
                -24,
                9,
                -3
              ],
              "size": [
                11,
                66,
                12
              ],
              "uv": [
                0,
                265
              ]
            },
            {
              "origin": [
                12,
                9,
                -3
              ],
              "size": [
                11,
                66,
                12
              ],
              "uv": [
                212,
                187
              ]
            },
            {
              "origin": [
                -25,
                7,
                -2
              ],
              "size": [
                1,
                68,
                10
              ],
              "uv": [
                44,
                467
              ]
            },
            {
              "origin": [
                11,
                7,
                -2
              ],
              "size": [
                1,
                68,
                10
              ],
              "uv": [
                22,
                467
              ]
            },
            {
              "origin": [
                23,
                7,
                -2
              ],
              "size": [
                1,
                68,
                10
              ],
              "uv": [
                0,
                467
              ]
            },
            {
              "origin": [
                -13,
                7,
                -2
              ],
              "size": [
                1,
                68,
                10
              ],
              "uv": [
                232,
                389
              ]
            },
            {
              "origin": [
                -19,
                75,
                -3
              ],
              "size": [
                37,
                46,
                12
              ],
              "uv": [
                244,
                129
              ]
            },
            {
              "origin": [
                -18.76284,
                76.02712,
                -4.96583
              ],
              "size": [
                35,
                45,
                2
              ],
              "pivot": [
                0,
                82,
                0
              ],
              "rotation": [
                1.40203,
                1.80475,
                -0.41148
              ],
              "uv": [
                150,
                265
              ]
            },
            {
              "origin": [
                -18,
                76,
                9
              ],
              "size": [
                35,
                45,
                1
              ],
              "uv": [
                102,
                343
              ]
            },
            {
              "origin": [
                -18,
                75,
                -3
              ],
              "size": [
                7,
                16,
                12
              ],
              "pivot": [
                -20,
                92,
                0
              ],
              "rotation": [
                0,
                0,
                22.5
              ],
              "uv": [
                226,
                615
              ]
            },
            {
              "origin": [
                -8,
                67,
                -3
              ],
              "size": [
                7,
                16,
                12
              ],
              "pivot": [
                -20,
                92,
                0
              ],
              "rotation": [
                0,
                0,
                22.5
              ],
              "uv": [
                188,
                615
              ]
            },
            {
              "origin": [
                14.13522,
                73.92947,
                -3
              ],
              "size": [
                7,
                16,
                12
              ],
              "pivot": [
                18,
                81,
                0
              ],
              "rotation": [
                0,
                0,
                -17.5
              ],
              "uv": [
                150,
                615
              ]
            },
            {
              "origin": [
                6.13522,
                64.92947,
                -3
              ],
              "size": [
                7,
                16,
                12
              ],
              "pivot": [
                18,
                81,
                0
              ],
              "rotation": [
                0,
                0,
                -17.5
              ],
              "uv": [
                112,
                615
              ]
            },
            {
              "origin": [
                -25,
                121,
                -3
              ],
              "size": [
                49,
                29,
                12
              ],
              "uv": [
                122,
                129
              ]
            },
            {
              "origin": [
                -41,
                114,
                -4
              ],
              "size": [
                16,
                36,
                15
              ],
              "uv": [
                94,
                389
              ]
            },
            {
              "origin": [
                -46,
                154,
                -5
              ],
              "size": [
                31,
                6,
                16
              ],
              "pivot": [
                0,
                141,
                0
              ],
              "rotation": [
                0,
                0,
                -12.5
              ],
              "uv": [
                0,
                389
              ]
            },
            {
              "origin": [
                15.87705,
                147.00827,
                -5
              ],
              "size": [
                31,
                6,
                16
              ],
              "pivot": [
                37,
                141,
                0
              ],
              "rotation": [
                0,
                0,
                10
              ],
              "uv": [
                274,
                343
              ]
            },
            {
              "origin": [
                24,
                112,
                -4
              ],
              "size": [
                16,
                38,
                15
              ],
              "uv": [
                0,
                411
              ]
            },
            {
              "origin": [
                -40,
                78,
                -3
              ],
              "size": [
                14,
                18,
                12
              ],
              "uv": [
                104,
                545
              ]
            },
            {
              "origin": [
                -40,
                96,
                -3
              ],
              "size": [
                14,
                18,
                12
              ],
              "uv": [
                0,
                545
              ]
            },
            {
              "origin": [
                24,
                76,
                -3
              ],
              "size": [
                14,
                18,
                12
              ],
              "uv": [
                52,
                545
              ]
            },
            {
              "origin": [
                24,
                94,
                -3
              ],
              "size": [
                14,
                18,
                12
              ],
              "uv": [
                136,
                502
              ]
            },
            {
              "origin": [
                -40,
                61,
                -2
              ],
              "size": [
                12,
                18,
                10
              ],
              "uv": [
                366,
                545
              ]
            },
            {
              "origin": [
                25,
                60,
                -2
              ],
              "size": [
                12,
                18,
                10
              ],
              "uv": [
                322,
                545
              ]
            },
            {
              "origin": [
                -40,
                45,
                -2
              ],
              "size": [
                4,
                17,
                10
              ],
              "pivot": [
                -36,
                68,
                0
              ],
              "rotation": [
                -1.2525,
                2.60857,
                -8.11398
              ],
              "uv": [
                28,
                655
              ]
            },
            {
              "origin": [
                32,
                53,
                1
              ],
              "size": [
                4,
                17,
                10
              ],
              "pivot": [
                -36,
                68,
                0
              ],
              "rotation": [
                1.88028,
                2.19684,
                6.89367
              ],
              "uv": [
                0,
                655
              ]
            },
            {
              "origin": [
                -35,
                69,
                0
              ],
              "size": [
                15,
                2,
                8
              ],
              "pivot": [
                -36,
                68,
                0
              ],
              "rotation": [
                3.89928,
                1.95744,
                69.56558
              ],
              "uv": [
                272,
                615
              ]
            },
            {
              "origin": [
                20.46369,
                55.18035,
                -1.00549
              ],
              "size": [
                15,
                2,
                8
              ],
              "pivot": [
                29,
                57,
                0
              ],
              "rotation": [
                4.24548,
                -1.00387,
                109.46173
              ],
              "uv": [
                226,
                643
              ]
            },
            {
              "origin": [
                -24,
                121,
                -6
              ],
              "size": [
                47,
                29,
                3
              ],
              "uv": [
                0,
                205
              ]
            },
            {
              "origin": [
                -24,
                150,
                -6
              ],
              "size": [
                47,
                8,
                17
              ],
              "uv": [
                342,
                129
              ]
            },
            {
              "origin": [
                -4,
                138,
                -8
              ],
              "size": [
                8,
                18,
                17
              ],
              "uv": [
                136,
                467
              ]
            },
            {
              "origin": [
                -4,
                127,
                -8
              ],
              "size": [
                6,
                11,
                17
              ],
              "uv": [
                276,
                545
              ]
            },
            {
              "origin": [
                -3,
                151,
                0
              ],
              "size": [
                5,
                19,
                6
              ],
              "uv": [
                56,
                655
              ]
            },
            {
              "origin": [
                -24,
                170,
                -8
              ],
              "size": [
                45,
                30,
                22
              ],
              "uv": [
                266,
                0
              ]
            },
            {
              "origin": [
                48,
                159,
                16
              ],
              "size": [
                39,
                31,
                22
              ],
              "uv": [
                0,
                129
              ]
            },
            {
              "origin": [
                48,
                72,
                16
              ],
              "size": [
                39,
                31,
                22
              ],
              "uv": [
                368,
                68
              ]
            },
            {
              "origin": [
                -85,
                72,
                16
              ],
              "size": [
                39,
                31,
                22
              ],
              "uv": [
                246,
                68
              ]
            },
            {
              "origin": [
                -85,
                160,
                16
              ],
              "size": [
                39,
                31,
                22
              ],
              "uv": [
                124,
                68
              ]
            },
            {
              "origin": [
                -24,
                170,
                -17
              ],
              "size": [
                5,
                30,
                10
              ],
              "uv": [
                288,
                575
              ]
            },
            {
              "origin": [
                16,
                170,
                -17
              ],
              "size": [
                5,
                30,
                10
              ],
              "uv": [
                258,
                575
              ]
            },
            {
              "origin": [
                82,
                74,
                9
              ],
              "size": [
                5,
                30,
                10
              ],
              "uv": [
                228,
                575
              ]
            },
            {
              "origin": [
                -51,
                74,
                9
              ],
              "size": [
                5,
                30,
                10
              ],
              "uv": [
                138,
                575
              ]
            },
            {
              "origin": [
                48,
                74,
                9
              ],
              "size": [
                5,
                30,
                10
              ],
              "uv": [
                198,
                575
              ]
            },
            {
              "origin": [
                -85,
                74,
                9
              ],
              "size": [
                5,
                30,
                10
              ],
              "uv": [
                168,
                575
              ]
            },
            {
              "origin": [
                83,
                159,
                9
              ],
              "size": [
                4,
                30,
                10
              ],
              "uv": [
                84,
                615
              ]
            },
            {
              "origin": [
                48,
                159,
                9
              ],
              "size": [
                4,
                30,
                10
              ],
              "uv": [
                56,
                615
              ]
            },
            {
              "origin": [
                -85,
                159,
                9
              ],
              "size": [
                4,
                30,
                10
              ],
              "uv": [
                28,
                615
              ]
            },
            {
              "origin": [
                -50,
                159,
                9
              ],
              "size": [
                4,
                30,
                10
              ],
              "uv": [
                0,
                615
              ]
            },
            {
              "origin": [
                -24,
                191,
                -18
              ],
              "size": [
                45,
                5,
                11
              ],
              "pivot": [
                0,
                193,
                0
              ],
              "rotation": [
                -25,
                0,
                0
              ],
              "uv": [
                0,
                237
              ]
            },
            {
              "origin": [
                48,
                192,
                10
              ],
              "size": [
                39,
                5,
                11
              ],
              "pivot": [
                0,
                193,
                0
              ],
              "rotation": [
                -25,
                0,
                0
              ],
              "uv": [
                174,
                359
              ]
            },
            {
              "origin": [
                -85,
                193,
                10
              ],
              "size": [
                39,
                5,
                11
              ],
              "pivot": [
                0,
                193,
                0
              ],
              "rotation": [
                -25,
                0,
                0
              ],
              "uv": [
                174,
                343
              ]
            },
            {
              "origin": [
                48,
                114,
                46
              ],
              "size": [
                39,
                5,
                12
              ],
              "pivot": [
                0,
                193,
                0
              ],
              "rotation": [
                -25,
                0,
                0
              ],
              "uv": [
                0,
                360
              ]
            },
            {
              "origin": [
                -85,
                114,
                46
              ],
              "size": [
                39,
                5,
                12
              ],
              "pivot": [
                0,
                193,
                0
              ],
              "rotation": [
                -25,
                0,
                0
              ],
              "uv": [
                0,
                343
              ]
            },
            {
              "origin": [
                -24,
                172,
                -23
              ],
              "size": [
                45,
                5,
                13
              ],
              "pivot": [
                0,
                193,
                0
              ],
              "rotation": [
                20,
                0,
                0
              ],
              "uv": [
                0,
                187
              ]
            },
            {
              "origin": [
                48,
                155,
                -3
              ],
              "size": [
                39,
                5,
                13
              ],
              "pivot": [
                0,
                193,
                0
              ],
              "rotation": [
                20,
                0,
                0
              ],
              "uv": [
                46,
                319
              ]
            },
            {
              "origin": [
                -85,
                155,
                -3
              ],
              "size": [
                39,
                5,
                13
              ],
              "pivot": [
                0,
                193,
                0
              ],
              "rotation": [
                20,
                0,
                0
              ],
              "uv": [
                46,
                265
              ]
            },
            {
              "origin": [
                48,
                74,
                -32
              ],
              "size": [
                39,
                5,
                13
              ],
              "pivot": [
                0,
                193,
                0
              ],
              "rotation": [
                20,
                0,
                0
              ],
              "uv": [
                46,
                301
              ]
            },
            {
              "origin": [
                -85,
                74,
                -32
              ],
              "size": [
                39,
                5,
                13
              ],
              "pivot": [
                0,
                193,
                0
              ],
              "rotation": [
                20,
                0,
                0
              ],
              "uv": [
                46,
                283
              ]
            },
            {
              "origin": [
                22.95395,
                149.10847,
                1.10994
              ],
              "size": [
                4,
                3,
                58
              ],
              "pivot": [
                25,
                153,
                13
              ],
              "rotation": [
                46.02385,
                52.91838,
                29.48891
              ],
              "uv": [
                0,
                68
              ]
            },
            {
              "origin": [
                -50.4066,
                141.68527,
                -13.68621
              ],
              "size": [
                4,
                3,
                58
              ],
              "pivot": [
                -41,
                153,
                13
              ],
              "rotation": [
                5.55483,
                64.41032,
                -142.32426
              ],
              "uv": [
                400,
                0
              ]
            },
            {
              "origin": [
                29.95395,
                105.10847,
                7.10994
              ],
              "size": [
                4,
                3,
                65
              ],
              "pivot": [
                25,
                153,
                13
              ],
              "rotation": [
                4.66529,
                62.89348,
                30.83114
              ],
              "uv": [
                0,
                0
              ]
            },
            {
              "origin": [
                10.11765,
                104.22583,
                7.66026
              ],
              "size": [
                4,
                3,
                60
              ],
              "pivot": [
                -16,
                121,
                44
              ],
              "rotation": [
                -177.45157,
                64.59597,
                157.67662
              ],
              "uv": [
                138,
                0
              ]
            },
            {
              "origin": [
                -24,
                121,
                9
              ],
              "size": [
                47,
                28,
                1
              ],
              "uv": [
                116,
                187
              ]
            }
          ]
        }
      ]
    }
  ]
}