{
  "format_version": "1.12.0",
  "minecraft:geometry": [
    {
      "description": {
        "identifier": "geometry.good_scientist_toilet",
        "texture_width": 128,
        "texture_height": 128,
        "visible_bounds_width": 5,
        "visible_bounds_height": 7,
        "visible_bounds_offset": [
          0,
          1.5,
          0
        ]
      },
      "bones": [
        {
          "name": "bb_main",
          "pivot": [
            0,
            0,
            0
          ],
          "cubes": [
            {
              "origin": [
                -5,
                0,
                -6
              ],
              "size": [
                10,
                10,
                11
              ],
              "uv": [
                54,
                0
              ]
            },
            {
              "origin": [
                -4,
                0,
                -7
              ],
              "size": [
                8,
                10,
                1
              ],
              "uv": [
                52,
                69
              ]
            },
            {
              "origin": [
                -4,
                0,
                5
              ],
              "size": [
                8,
                10,
                1
              ],
              "uv": [
                34,
                69
              ]
            },
            {
              "origin": [
                -6,
                0,
                -5
              ],
              "size": [
                1,
                10,
                9
              ],
              "uv": [
                46,
                39
              ]
            },
            {
              "origin": [
                5,
                0,
                -5
              ],
              "size": [
                1,
                10,
                9
              ],
              "uv": [
                26,
                39
              ]
            },
            {
              "origin": [
                -6,
                10,
                -9
              ],
              "size": [
                12,
                3,
                15
              ],
              "uv": [
                0,
                0
              ]
            },
            {
              "origin": [
                -6,
                8,
                -11
              ],
              "size": [
                12,
                3,
                5
              ],
              "pivot": [
                0,
                0,
                0
              ],
              "rotation": [
                -10,
                0,
                0
              ],
              "uv": [
                66,
                21
              ]
            },
            {
              "origin": [
                -5,
                9,
                -12
              ],
              "size": [
                10,
                2,
                1
              ],
              "pivot": [
                0,
                0,
                0
              ],
              "rotation": [
                -10,
                0,
                0
              ],
              "uv": [
                0,
                90
              ]
            },
            {
              "origin": [
                -2,
                10,
                1
              ],
              "size": [
                4,
                11,
                4
              ],
              "pivot": [
                0,
                0,
                0
              ],
              "rotation": [
                22.5,
                0,
                0
              ],
              "uv": [
                0,
                69
              ]
            },
            {
              "origin": [
                -3,
                17,
                -8
              ],
              "size": [
                6,
                7,
                7
              ],
              "uv": [
                0,
                39
              ]
            },
            {
              "origin": [
                -3,
                24,
                -7
              ],
              "size": [
                6,
                1,
                5
              ],
              "uv": [
                0,
                84
              ]
            },
            {
              "origin": [
                -3,
                16,
                -7
              ],
              "size": [
                6,
                1,
                5
              ],
              "uv": [
                70,
                69
              ]
            },
            {
              "origin": [
                -4,
                17,
                -7
              ],
              "size": [
                1,
                7,
                5
              ],
              "uv": [
                34,
                84
              ]
            },
            {
              "origin": [
                3,
                17,
                -7
              ],
              "size": [
                1,
                7,
                5
              ],
              "uv": [
                22,
                84
              ]
            },
            {
              "origin": [
                4,
                22,
                -7
              ],
              "size": [
                1,
                1,
                1
              ],
              "uv": [
                8,
                110
              ]
            },
            {
              "origin": [
                4,
                21,
                -7
              ],
              "size": [
                1,
                1,
                1
              ],
              "uv": [
                4,
                110
              ]
            },
            {
              "origin": [
                4,
                21,
                -7
              ],
              "size": [
                1,
                1,
                1
              ],
              "pivot": [
                4,
                22,
                -6
              ],
              "rotation": [
                -50,
                0,
                0
              ],
              "uv": [
                12,
                110
              ]
            },
            {
              "origin": [
                4,
                21,
                -6
              ],
              "size": [
                1,
                2,
                3
              ],
              "uv": [
                44,
                96
              ]
            },
            {
              "origin": [
                -5,
                13,
                3
              ],
              "size": [
                10,
                12,
                4
              ],
              "uv": [
                38,
                21
              ]
            },
            {
              "origin": [
                -4,
                14,
                7
              ],
              "size": [
                8,
                10,
                1
              ],
              "uv": [
                16,
                69
              ]
            },
            {
              "origin": [
                -1,
                4,
                17
              ],
              "size": [
                2,
                2,
                9
              ],
              "pivot": [
                0,
                0,
                0
              ],
              "rotation": [
                50,
                0,
                0
              ],
              "uv": [
                66,
                58
              ]
            },
            {
              "origin": [
                -1,
                23.53168,
                11.25869
              ],
              "size": [
                2,
                2,
                9
              ],
              "pivot": [
                0,
                24,
                13
              ],
              "rotation": [
                100,
                0,
                0
              ],
              "uv": [
                44,
                58
              ]
            },
            {
              "origin": [
                -1,
                27.53168,
                6.25869
              ],
              "size": [
                2,
                1,
                11
              ],
              "pivot": [
                0,
                24,
                13
              ],
              "rotation": [
                75,
                0,
                0
              ],
              "uv": [
                66,
                39
              ]
            },
            {
              "origin": [
                -1,
                24.95012,
                5.61406
              ],
              "size": [
                2,
                2,
                9
              ],
              "pivot": [
                0,
                29,
                8
              ],
              "rotation": [
                150,
                0,
                0
              ],
              "uv": [
                22,
                58
              ]
            },
            {
              "origin": [
                -1,
                34.16251,
                1.88054
              ],
              "size": [
                2,
                2,
                9
              ],
              "pivot": [
                0,
                35,
                3
              ],
              "rotation": [
                175,
                0,
                0
              ],
              "uv": [
                0,
                58
              ]
            },
            {
              "origin": [
                -1,
                37.16251,
                -7.11946
              ],
              "size": [
                2,
                1,
                17
              ],
              "pivot": [
                0,
                35,
                3
              ],
              "rotation": [
                157.5,
                0,
                0
              ],
              "uv": [
                0,
                21
              ]
            },
            {
              "origin": [
                -1,
                34.72882,
                -14.0168
              ],
              "size": [
                2,
                2,
                5
              ],
              "pivot": [
                0,
                35,
                -9
              ],
              "rotation": [
                -165,
                0,
                0
              ],
              "uv": [
                30,
                103
              ]
            },
            {
              "origin": [
                -1,
                34.72882,
                -9.0168
              ],
              "size": [
                2,
                2,
                5
              ],
              "pivot": [
                0,
                35,
                -9
              ],
              "rotation": [
                -165,
                0,
                0
              ],
              "uv": [
                30,
                96
              ]
            },
            {
              "origin": [
                -2,
                34.72882,
                -6.0168
              ],
              "size": [
                1,
                2,
                6
              ],
              "pivot": [
                0,
                35,
                -9
              ],
              "rotation": [
                -165,
                0,
                0
              ],
              "uv": [
                0,
                96
              ]
            },
            {
              "origin": [
                1,
                34.72882,
                -6.0168
              ],
              "size": [
                1,
                2,
                6
              ],
              "pivot": [
                0,
                35,
                -9
              ],
              "rotation": [
                -165,
                0,
                0
              ],
              "uv": [
                46,
                84
              ]
            },
            {
              "origin": [
                -6,
                13,
                3
              ],
              "size": [
                1,
                11,
                3
              ],
              "uv": [
                22,
                96
              ]
            },
            {
              "origin": [
                5,
                13,
                3
              ],
              "size": [
                1,
                11,
                3
              ],
              "uv": [
                14,
                96
              ]
            },
            {
              "origin": [
                4,
                25,
                4
              ],
              "size": [
                1,
                2,
                1
              ],
              "uv": [
                0,
                110
              ]
            }
          ]
        }
      ]
    }
  ]
}