{
  "format_version": "1.12.0",
  "minecraft:geometry": [
    {
      "description": {
        "identifier": "geometry.good_large_speakerman",
        "texture_width": 448,
        "texture_height": 448,
        "visible_bounds_width": 16,
        "visible_bounds_height": 20,
        "visible_bounds_offset": [
          0,
          3,
          0
        ]
      },
      "bones": [
        {
          "name": "bb_main",
          "pivot": [
            0,
            0,
            0
          ],
          "cubes": [
            {
              "origin": [
                -25,
                0,
                -14
              ],
              "size": [
                13,
                5,
                25
              ],
              "uv": [
                0,
                223
              ]
            },
            {
              "origin": [
                11,
                0,
                -14
              ],
              "size": [
                13,
                5,
                25
              ],
              "uv": [
                0,
                193
              ]
            },
            {
              "origin": [
                -13,
                0,
                -11
              ],
              "size": [
                2,
                5,
                21
              ],
              "uv": [
                92,
                379
              ]
            },
            {
              "origin": [
                -26,
                0,
                -11
              ],
              "size": [
                2,
                5,
                21
              ],
              "uv": [
                46,
                379
              ]
            },
            {
              "origin": [
                10,
                0,
                -11
              ],
              "size": [
                2,
                5,
                21
              ],
              "uv": [
                0,
                379
              ]
            },
            {
              "origin": [
                23,
                0,
                -11
              ],
              "size": [
                2,
                5,
                21
              ],
              "uv": [
                260,
                349
              ]
            },
            {
              "origin": [
                -25,
                5,
                -12
              ],
              "size": [
                13,
                2,
                22
              ],
              "uv": [
                44,
                295
              ]
            },
            {
              "origin": [
                11,
                5,
                -12
              ],
              "size": [
                13,
                2,
                22
              ],
              "uv": [
                44,
                271
              ]
            },
            {
              "origin": [
                -24,
                7,
                -10
              ],
              "size": [
                11,
                2,
                19
              ],
              "uv": [
                112,
                349
              ]
            },
            {
              "origin": [
                12,
                7,
                -10
              ],
              "size": [
                11,
                2,
                19
              ],
              "uv": [
                52,
                349
              ]
            },
            {
              "origin": [
                -24,
                9,
                -3
              ],
              "size": [
                11,
                66,
                12
              ],
              "uv": [
                146,
                64
              ]
            },
            {
              "origin": [
                12,
                9,
                -3
              ],
              "size": [
                11,
                66,
                12
              ],
              "uv": [
                100,
                64
              ]
            },
            {
              "origin": [
                -25,
                7,
                -2
              ],
              "size": [
                1,
                68,
                10
              ],
              "uv": [
                22,
                271
              ]
            },
            {
              "origin": [
                11,
                7,
                -2
              ],
              "size": [
                1,
                68,
                10
              ],
              "uv": [
                98,
                193
              ]
            },
            {
              "origin": [
                23,
                7,
                -2
              ],
              "size": [
                1,
                68,
                10
              ],
              "uv": [
                76,
                193
              ]
            },
            {
              "origin": [
                -13,
                7,
                -2
              ],
              "size": [
                1,
                68,
                10
              ],
              "uv": [
                0,
                271
              ]
            },
            {
              "origin": [
                -19,
                75,
                -3
              ],
              "size": [
                37,
                46,
                12
              ],
              "uv": [
                214,
                0
              ]
            },
            {
              "origin": [
                -18,
                76,
                -4
              ],
              "size": [
                35,
                45,
                1
              ],
              "uv": [
                72,
                142
              ]
            },
            {
              "origin": [
                -18,
                76,
                9
              ],
              "size": [
                35,
                45,
                1
              ],
              "uv": [
                0,
                142
              ]
            },
            {
              "origin": [
                -18,
                75,
                -3
              ],
              "size": [
                7,
                16,
                12
              ],
              "pivot": [
                -20,
                92,
                0
              ],
              "rotation": [
                0,
                0,
                22.5
              ],
              "uv": [
                0,
                407
              ]
            },
            {
              "origin": [
                -8,
                67,
                -3
              ],
              "size": [
                7,
                16,
                12
              ],
              "pivot": [
                -20,
                92,
                0
              ],
              "rotation": [
                0,
                0,
                22.5
              ],
              "uv": [
                138,
                379
              ]
            },
            {
              "origin": [
                14.13522,
                73.92947,
                -3
              ],
              "size": [
                7,
                16,
                12
              ],
              "pivot": [
                18,
                81,
                0
              ],
              "rotation": [
                0,
                0,
                -17.5
              ],
              "uv": [
                214,
                379
              ]
            },
            {
              "origin": [
                6.13522,
                64.92947,
                -3
              ],
              "size": [
                7,
                16,
                12
              ],
              "pivot": [
                18,
                81,
                0
              ],
              "rotation": [
                0,
                0,
                -17.5
              ],
              "uv": [
                176,
                379
              ]
            },
            {
              "origin": [
                -25,
                121,
                -3
              ],
              "size": [
                49,
                29,
                12
              ],
              "uv": [
                0,
                0
              ]
            },
            {
              "origin": [
                -13,
                150,
                -11
              ],
              "size": [
                26,
                44,
                20
              ],
              "uv": [
                122,
                0
              ]
            },
            {
              "origin": [
                -41,
                114,
                -4
              ],
              "size": [
                16,
                36,
                15
              ],
              "uv": [
                206,
                142
              ]
            },
            {
              "origin": [
                24,
                114,
                -4
              ],
              "size": [
                16,
                36,
                15
              ],
              "uv": [
                144,
                142
              ]
            },
            {
              "origin": [
                -40,
                96,
                -3
              ],
              "size": [
                14,
                18,
                12
              ],
              "uv": [
                0,
                349
              ]
            },
            {
              "origin": [
                24,
                96,
                -3
              ],
              "size": [
                14,
                18,
                12
              ],
              "uv": [
                44,
                319
              ]
            },
            {
              "origin": [
                -39,
                78,
                -2
              ],
              "size": [
                12,
                18,
                10
              ],
              "uv": [
                216,
                349
              ]
            },
            {
              "origin": [
                25,
                78,
                -2
              ],
              "size": [
                12,
                18,
                10
              ],
              "uv": [
                172,
                349
              ]
            },
            {
              "origin": [
                -38,
                68,
                -2
              ],
              "size": [
                4,
                10,
                10
              ],
              "pivot": [
                -36,
                68,
                0
              ],
              "rotation": [
                6.2475,
                2.60857,
                -8.11398
              ],
              "uv": [
                102,
                407
              ]
            },
            {
              "origin": [
                30.7836,
                68.30976,
                -3.0895
              ],
              "size": [
                4,
                10,
                10
              ],
              "pivot": [
                35,
                68,
                0
              ],
              "rotation": [
                6.76291,
                -0.269,
                16.72774
              ],
              "uv": [
                74,
                407
              ]
            },
            {
              "origin": [
                -36,
                77,
                -2
              ],
              "size": [
                8,
                3,
                10
              ],
              "pivot": [
                -36,
                68,
                0
              ],
              "rotation": [
                6.74045,
                0.614,
                9.27979
              ],
              "uv": [
                38,
                420
              ]
            },
            {
              "origin": [
                24.30558,
                75.84886,
                -2.94
              ],
              "size": [
                8,
                3,
                10
              ],
              "pivot": [
                29,
                77,
                0
              ],
              "rotation": [
                5.99972,
                3.8828,
                -10.56429
              ],
              "uv": [
                38,
                407
              ]
            },
            {
              "origin": [
                -24,
                121,
                -6
              ],
              "size": [
                47,
                29,
                3
              ],
              "uv": [
                0,
                64
              ]
            },
            {
              "origin": [
                -24,
                121,
                9
              ],
              "size": [
                47,
                28,
                1
              ],
              "uv": [
                0,
                96
              ]
            }
          ]
        }
      ]
    }
  ]
}