{
  "format_version": "1.12.0",
  "minecraft:geometry": [
    {
      "description": {
        "identifier": "geometry.good_ufo_toilet",
        "texture_width": 224,
        "texture_height": 224,
        "visible_bounds_width": 6,
        "visible_bounds_height": 7,
        "visible_bounds_offset": [
          0,
          1.5,
          0
        ]
      },
      "bones": [
        {
          "name": "bb_main",
          "pivot": [
            0,
            0,
            0
          ],
          "cubes": [
            {
              "origin": [
                -14,
                33,
                -16
              ],
              "size": [
                28,
                6,
                28
              ],
              "uv": [
                0,
                0
              ]
            },
            {
              "origin": [
                -12,
                33,
                -17
              ],
              "size": [
                1,
                6,
                1
              ],
              "uv": [
                32,
                200
              ]
            },
            {
              "origin": [
                -15,
                33,
                -15
              ],
              "size": [
                1,
                6,
                1
              ],
              "uv": [
                8,
                200
              ]
            },
            {
              "origin": [
                -15,
                33,
                -11
              ],
              "size": [
                1,
                6,
                1
              ],
              "uv": [
                0,
                200
              ]
            },
            {
              "origin": [
                -15,
                33,
                -7
              ],
              "size": [
                1,
                6,
                1
              ],
              "uv": [
                56,
                193
              ]
            },
            {
              "origin": [
                -15,
                33,
                -3
              ],
              "size": [
                1,
                6,
                1
              ],
              "uv": [
                48,
                193
              ]
            },
            {
              "origin": [
                -15,
                33,
                1
              ],
              "size": [
                1,
                6,
                1
              ],
              "uv": [
                40,
                193
              ]
            },
            {
              "origin": [
                -15,
                33,
                5
              ],
              "size": [
                1,
                6,
                1
              ],
              "uv": [
                32,
                193
              ]
            },
            {
              "origin": [
                -15,
                33,
                9
              ],
              "size": [
                1,
                6,
                1
              ],
              "uv": [
                24,
                193
              ]
            },
            {
              "origin": [
                -12,
                33,
                12
              ],
              "size": [
                1,
                6,
                1
              ],
              "uv": [
                16,
                193
              ]
            },
            {
              "origin": [
                -8,
                33,
                12
              ],
              "size": [
                1,
                6,
                1
              ],
              "uv": [
                8,
                193
              ]
            },
            {
              "origin": [
                -4,
                33,
                12
              ],
              "size": [
                1,
                6,
                1
              ],
              "uv": [
                0,
                193
              ]
            },
            {
              "origin": [
                -1,
                33,
                12
              ],
              "size": [
                1,
                6,
                1
              ],
              "uv": [
                74,
                186
              ]
            },
            {
              "origin": [
                -8,
                33,
                -17
              ],
              "size": [
                1,
                6,
                1
              ],
              "uv": [
                28,
                200
              ]
            },
            {
              "origin": [
                -3,
                33,
                -17
              ],
              "size": [
                1,
                6,
                1
              ],
              "uv": [
                24,
                200
              ]
            },
            {
              "origin": [
                2,
                33,
                -17
              ],
              "size": [
                1,
                6,
                1
              ],
              "uv": [
                20,
                200
              ]
            },
            {
              "origin": [
                6,
                33,
                -17
              ],
              "size": [
                1,
                6,
                1
              ],
              "uv": [
                16,
                200
              ]
            },
            {
              "origin": [
                11,
                33,
                -17
              ],
              "size": [
                1,
                6,
                1
              ],
              "uv": [
                12,
                200
              ]
            },
            {
              "origin": [
                -5,
                31,
                -5
              ],
              "size": [
                10,
                2,
                8
              ],
              "uv": [
                62,
                103
              ]
            },
            {
              "origin": [
                -4,
                29,
                -4
              ],
              "size": [
                8,
                2,
                6
              ],
              "uv": [
                0,
                127
              ]
            },
            {
              "origin": [
                -5,
                24,
                -4
              ],
              "size": [
                1,
                5,
                6
              ],
              "pivot": [
                0,
                0,
                0
              ],
              "rotation": [
                0,
                0,
                10
              ],
              "uv": [
                34,
                165
              ]
            },
            {
              "origin": [
                -0.6588,
                22.37981,
                -4
              ],
              "size": [
                1,
                3,
                6
              ],
              "pivot": [
                0,
                25,
                0
              ],
              "rotation": [
                0,
                0,
                -10
              ],
              "uv": [
                28,
                176
              ]
            },
            {
              "origin": [
                -4,
                21,
                -4
              ],
              "size": [
                8,
                2,
                6
              ],
              "uv": [
                78,
                117
              ]
            },
            {
              "origin": [
                1,
                19,
                -4
              ],
              "size": [
                3,
                2,
                6
              ],
              "pivot": [
                3,
                20,
                0
              ],
              "rotation": [
                0,
                0,
                -52.5
              ],
              "uv": [
                72,
                152
              ]
            },
            {
              "origin": [
                -2,
                18,
                -4
              ],
              "size": [
                4,
                3,
                6
              ],
              "uv": [
                34,
                152
              ]
            },
            {
              "origin": [
                -1,
                19,
                -10
              ],
              "size": [
                2,
                2,
                6
              ],
              "uv": [
                66,
                165
              ]
            },
            {
              "origin": [
                -1,
                21,
                -11
              ],
              "size": [
                2,
                1,
                7
              ],
              "uv": [
                0,
                165
              ]
            },
            {
              "origin": [
                -1,
                18,
                -11
              ],
              "size": [
                2,
                1,
                7
              ],
              "uv": [
                90,
                152
              ]
            },
            {
              "origin": [
                1,
                19,
                -11
              ],
              "size": [
                1,
                2,
                7
              ],
              "uv": [
                18,
                165
              ]
            },
            {
              "origin": [
                -2,
                19,
                -11
              ],
              "size": [
                1,
                2,
                8
              ],
              "uv": [
                54,
                152
              ]
            },
            {
              "origin": [
                -3.79436,
                25.33673,
                -4
              ],
              "size": [
                1,
                4,
                6
              ],
              "pivot": [
                -3,
                29,
                0
              ],
              "rotation": [
                0,
                0,
                20
              ],
              "uv": [
                14,
                176
              ]
            },
            {
              "origin": [
                -5.79436,
                22.33673,
                -4
              ],
              "size": [
                1,
                4,
                6
              ],
              "pivot": [
                -3,
                29,
                0
              ],
              "rotation": [
                0.19383,
                0.78172,
                -17.56393
              ],
              "uv": [
                96,
                165
              ]
            },
            {
              "origin": [
                3.06031,
                24.66371,
                -4
              ],
              "size": [
                1,
                4,
                6
              ],
              "pivot": [
                0,
                28,
                0
              ],
              "rotation": [
                -0.88544,
                -0.98887,
                -12.45766
              ],
              "uv": [
                0,
                176
              ]
            },
            {
              "origin": [
                4.06031,
                23.66371,
                -4
              ],
              "size": [
                1,
                4,
                6
              ],
              "pivot": [
                0,
                28,
                0
              ],
              "rotation": [
                -1.26122,
                -0.41371,
                17.53925
              ],
              "uv": [
                82,
                165
              ]
            },
            {
              "origin": [
                -8,
                39,
                6
              ],
              "size": [
                16,
                22,
                6
              ],
              "uv": [
                0,
                63
              ]
            },
            {
              "origin": [
                -7,
                39,
                12
              ],
              "size": [
                14,
                21,
                1
              ],
              "uv": [
                0,
                91
              ]
            },
            {
              "origin": [
                -9,
                39,
                7
              ],
              "size": [
                1,
                21,
                4
              ],
              "uv": [
                38,
                127
              ]
            },
            {
              "origin": [
                8,
                39,
                7
              ],
              "size": [
                1,
                21,
                4
              ],
              "uv": [
                28,
                127
              ]
            },
            {
              "origin": [
                -7,
                45,
                4
              ],
              "size": [
                14,
                14,
                2
              ],
              "uv": [
                30,
                91
              ]
            },
            {
              "origin": [
                -6,
                39,
                -10
              ],
              "size": [
                1,
                6,
                1
              ],
              "uv": [
                24,
                207
              ]
            },
            {
              "origin": [
                -8,
                39,
                -5
              ],
              "size": [
                1,
                6,
                1
              ],
              "uv": [
                52,
                200
              ]
            },
            {
              "origin": [
                -8,
                39,
                -2
              ],
              "size": [
                1,
                6,
                1
              ],
              "uv": [
                44,
                200
              ]
            },
            {
              "origin": [
                -8,
                39,
                1
              ],
              "size": [
                1,
                6,
                1
              ],
              "uv": [
                40,
                200
              ]
            },
            {
              "origin": [
                -8,
                39,
                4
              ],
              "size": [
                1,
                6,
                1
              ],
              "uv": [
                36,
                200
              ]
            },
            {
              "origin": [
                -8,
                39,
                -8
              ],
              "size": [
                1,
                6,
                1
              ],
              "uv": [
                48,
                200
              ]
            },
            {
              "origin": [
                -3,
                39,
                -10
              ],
              "size": [
                1,
                6,
                1
              ],
              "uv": [
                20,
                207
              ]
            },
            {
              "origin": [
                5,
                39,
                -10
              ],
              "size": [
                1,
                6,
                1
              ],
              "uv": [
                16,
                207
              ]
            },
            {
              "origin": [
                1,
                39,
                -10
              ],
              "size": [
                1,
                6,
                1
              ],
              "uv": [
                12,
                207
              ]
            },
            {
              "origin": [
                7,
                39,
                -8
              ],
              "size": [
                1,
                6,
                1
              ],
              "uv": [
                8,
                207
              ]
            },
            {
              "origin": [
                7,
                39,
                -5
              ],
              "size": [
                1,
                6,
                1
              ],
              "uv": [
                4,
                207
              ]
            },
            {
              "origin": [
                7,
                39,
                -2
              ],
              "size": [
                1,
                6,
                1
              ],
              "uv": [
                0,
                207
              ]
            },
            {
              "origin": [
                7,
                39,
                1
              ],
              "size": [
                1,
                6,
                1
              ],
              "uv": [
                60,
                200
              ]
            },
            {
              "origin": [
                7,
                39,
                4
              ],
              "size": [
                1,
                6,
                1
              ],
              "uv": [
                56,
                200
              ]
            },
            {
              "origin": [
                -12,
                39,
                4
              ],
              "size": [
                1,
                6,
                1
              ],
              "pivot": [
                -12,
                42,
                4
              ],
              "rotation": [
                0,
                0,
                10
              ],
              "uv": [
                40,
                207
              ]
            },
            {
              "origin": [
                -12,
                39,
                -3
              ],
              "size": [
                1,
                6,
                1
              ],
              "pivot": [
                -12,
                42,
                4
              ],
              "rotation": [
                0,
                0,
                10
              ],
              "uv": [
                36,
                207
              ]
            },
            {
              "origin": [
                -11,
                44,
                4
              ],
              "size": [
                6,
                1,
                1
              ],
              "pivot": [
                -12,
                42,
                4
              ],
              "rotation": [
                0,
                0,
                10
              ],
              "uv": [
                56,
                190
              ]
            },
            {
              "origin": [
                -11,
                44,
                -3
              ],
              "size": [
                6,
                1,
                1
              ],
              "pivot": [
                -12,
                42,
                4
              ],
              "rotation": [
                0,
                0,
                10
              ],
              "uv": [
                56,
                188
              ]
            },
            {
              "origin": [
                -14,
                35,
                -19
              ],
              "size": [
                29,
                1,
                3
              ],
              "uv": [
                44,
                67
              ]
            },
            {
              "origin": [
                -14,
                35,
                12
              ],
              "size": [
                29,
                1,
                3
              ],
              "uv": [
                44,
                63
              ]
            },
            {
              "origin": [
                -16,
                35,
                -16
              ],
              "size": [
                2,
                1,
                28
              ],
              "uv": [
                0,
                34
              ]
            },
            {
              "origin": [
                15,
                35,
                -16
              ],
              "size": [
                2,
                1,
                28
              ],
              "uv": [
                112,
                0
              ]
            },
            {
              "origin": [
                5,
                44,
                4
              ],
              "size": [
                6,
                1,
                1
              ],
              "pivot": [
                12,
                42,
                4
              ],
              "rotation": [
                0,
                0,
                -10
              ],
              "uv": [
                56,
                186
              ]
            },
            {
              "origin": [
                11,
                39,
                4
              ],
              "size": [
                1,
                6,
                1
              ],
              "pivot": [
                12,
                42,
                4
              ],
              "rotation": [
                0,
                0,
                -10
              ],
              "uv": [
                32,
                207
              ]
            },
            {
              "origin": [
                5,
                44,
                -3
              ],
              "size": [
                6,
                1,
                1
              ],
              "pivot": [
                12,
                42,
                4
              ],
              "rotation": [
                0,
                0,
                -10
              ],
              "uv": [
                42,
                190
              ]
            },
            {
              "origin": [
                11,
                39,
                -3
              ],
              "size": [
                1,
                6,
                1
              ],
              "pivot": [
                12,
                42,
                4
              ],
              "rotation": [
                0,
                0,
                -10
              ],
              "uv": [
                28,
                207
              ]
            },
            {
              "origin": [
                0,
                33,
                12
              ],
              "size": [
                1,
                6,
                1
              ],
              "uv": [
                4,
                200
              ]
            },
            {
              "origin": [
                14,
                33,
                -15
              ],
              "size": [
                1,
                6,
                1
              ],
              "uv": [
                60,
                193
              ]
            },
            {
              "origin": [
                14,
                33,
                -11
              ],
              "size": [
                1,
                6,
                1
              ],
              "uv": [
                52,
                193
              ]
            },
            {
              "origin": [
                14,
                33,
                -7
              ],
              "size": [
                1,
                6,
                1
              ],
              "uv": [
                44,
                193
              ]
            },
            {
              "origin": [
                14,
                33,
                -3
              ],
              "size": [
                1,
                6,
                1
              ],
              "uv": [
                36,
                193
              ]
            },
            {
              "origin": [
                14,
                33,
                1
              ],
              "size": [
                1,
                6,
                1
              ],
              "uv": [
                28,
                193
              ]
            },
            {
              "origin": [
                14,
                33,
                5
              ],
              "size": [
                1,
                6,
                1
              ],
              "uv": [
                20,
                193
              ]
            },
            {
              "origin": [
                14,
                33,
                9
              ],
              "size": [
                1,
                6,
                1
              ],
              "uv": [
                12,
                193
              ]
            },
            {
              "origin": [
                11,
                33,
                12
              ],
              "size": [
                1,
                6,
                1
              ],
              "uv": [
                4,
                193
              ]
            },
            {
              "origin": [
                7,
                33,
                12
              ],
              "size": [
                1,
                6,
                1
              ],
              "uv": [
                78,
                186
              ]
            },
            {
              "origin": [
                3,
                33,
                12
              ],
              "size": [
                1,
                6,
                1
              ],
              "uv": [
                70,
                186
              ]
            },
            {
              "origin": [
                -7,
                39,
                -9
              ],
              "size": [
                14,
                6,
                15
              ],
              "uv": [
                60,
                34
              ]
            },
            {
              "origin": [
                -2,
                42,
                -4
              ],
              "size": [
                4,
                6,
                5
              ],
              "uv": [
                16,
                152
              ]
            },
            {
              "origin": [
                -3,
                48,
                -5
              ],
              "size": [
                6,
                7,
                7
              ],
              "uv": [
                0,
                113
              ]
            },
            {
              "origin": [
                -4,
                55,
                -6
              ],
              "size": [
                8,
                3,
                9
              ],
              "uv": [
                62,
                91
              ]
            },
            {
              "origin": [
                -3,
                58,
                -5
              ],
              "size": [
                6,
                1,
                7
              ],
              "uv": [
                48,
                127
              ]
            },
            {
              "origin": [
                -8,
                57,
                -2
              ],
              "size": [
                5,
                2,
                2
              ],
              "pivot": [
                -3,
                56,
                0
              ],
              "rotation": [
                0,
                0,
                30
              ],
              "uv": [
                42,
                186
              ]
            },
            {
              "origin": [
                -8,
                54,
                -2
              ],
              "size": [
                5,
                2,
                2
              ],
              "pivot": [
                -3,
                56,
                0
              ],
              "rotation": [
                0,
                0,
                2.5
              ],
              "uv": [
                0,
                186
              ]
            },
            {
              "origin": [
                -11,
                58,
                -2
              ],
              "size": [
                5,
                2,
                2
              ],
              "pivot": [
                -3,
                56,
                0
              ],
              "rotation": [
                0,
                0,
                90
              ],
              "uv": [
                28,
                186
              ]
            },
            {
              "origin": [
                -2,
                59,
                -4
              ],
              "size": [
                4,
                1,
                5
              ],
              "uv": [
                48,
                165
              ]
            },
            {
              "origin": [
                -3,
                49,
                -6
              ],
              "size": [
                6,
                6,
                1
              ],
              "uv": [
                56,
                176
              ]
            },
            {
              "origin": [
                -3,
                49,
                2
              ],
              "size": [
                6,
                6,
                1
              ],
              "uv": [
                42,
                176
              ]
            },
            {
              "origin": [
                -4,
                49,
                -5
              ],
              "size": [
                1,
                6,
                7
              ],
              "uv": [
                0,
                152
              ]
            },
            {
              "origin": [
                3,
                49,
                -5
              ],
              "size": [
                1,
                6,
                7
              ],
              "uv": [
                48,
                135
              ]
            },
            {
              "origin": [
                -7,
                45,
                -9
              ],
              "size": [
                14,
                2,
                2
              ],
              "uv": [
                78,
                113
              ]
            },
            {
              "origin": [
                5,
                45,
                -7
              ],
              "size": [
                2,
                2,
                11
              ],
              "uv": [
                52,
                113
              ]
            },
            {
              "origin": [
                -7,
                45,
                -7
              ],
              "size": [
                2,
                2,
                11
              ],
              "uv": [
                26,
                113
              ]
            },
            {
              "origin": [
                3,
                54,
                -2
              ],
              "size": [
                5,
                2,
                2
              ],
              "pivot": [
                3,
                56,
                0
              ],
              "rotation": [
                0,
                0,
                -2.5
              ],
              "uv": [
                14,
                186
              ]
            },
            {
              "origin": [
                3,
                57,
                -2
              ],
              "size": [
                5,
                2,
                2
              ],
              "pivot": [
                3,
                56,
                0
              ],
              "rotation": [
                0,
                0,
                -30
              ],
              "uv": [
                84,
                176
              ]
            },
            {
              "origin": [
                6,
                58,
                -4
              ],
              "size": [
                5,
                2,
                2
              ],
              "pivot": [
                3,
                56,
                0
              ],
              "rotation": [
                0,
                25,
                -90
              ],
              "uv": [
                70,
                180
              ]
            },
            {
              "origin": [
                5,
                58,
                -1
              ],
              "size": [
                5,
                2,
                2
              ],
              "pivot": [
                3,
                56,
                0
              ],
              "rotation": [
                0,
                -30,
                -90
              ],
              "uv": [
                70,
                176
              ]
            }
          ]
        }
      ]
    }
  ]
}