{
  "format_version": "1.12.0",
  "minecraft:geometry": [
    {
      "description": {
        "identifier": "geometry.good_hydra_toilet",
        "texture_width": 240,
        "texture_height": 240,
        "visible_bounds_width": 9,
        "visible_bounds_height": 8,
        "visible_bounds_offset": [
          0,
          2,
          0
        ]
      },
      "bones": [
        {
          "name": "bb_main",
          "pivot": [
            0,
            23,
            0
          ],
          "cubes": [
            {
              "origin": [
                -5,
                23,
                -6
              ],
              "size": [
                10,
                10,
                11
              ],
              "uv": [
                54,
                3
              ]
            },
            {
              "origin": [
                -4,
                23,
                -7
              ],
              "size": [
                8,
                10,
                1
              ],
              "uv": [
                34,
                111
              ]
            },
            {
              "origin": [
                -4,
                22,
                -5
              ],
              "size": [
                8,
                1,
                9
              ],
              "uv": [
                0,
                24
              ]
            },
            {
              "origin": [
                -4,
                23,
                5
              ],
              "size": [
                8,
                10,
                1
              ],
              "uv": [
                16,
                111
              ]
            },
            {
              "origin": [
                -6,
                23,
                -5
              ],
              "size": [
                1,
                10,
                9
              ],
              "uv": [
                72,
                38
              ]
            },
            {
              "origin": [
                5,
                23,
                -5
              ],
              "size": [
                1,
                10,
                9
              ],
              "uv": [
                52,
                38
              ]
            },
            {
              "origin": [
                -6,
                33,
                -9
              ],
              "size": [
                12,
                3,
                15
              ],
              "uv": [
                0,
                3
              ]
            },
            {
              "origin": [
                -22,
                35,
                -2
              ],
              "size": [
                16,
                2,
                1
              ],
              "pivot": [
                -12,
                33,
                0
              ],
              "rotation": [
                0,
                0,
                27.5
              ],
              "uv": [
                0,
                82
              ]
            },
            {
              "origin": [
                5.37277,
                33.30328,
                -2
              ],
              "size": [
                16,
                2,
                1
              ],
              "pivot": [
                9,
                33,
                0
              ],
              "rotation": [
                0,
                0,
                -27.5
              ],
              "uv": [
                0,
                79
              ]
            },
            {
              "origin": [
                -22.02043,
                37.91018,
                -2
              ],
              "size": [
                3,
                2,
                1
              ],
              "pivot": [
                -19,
                39,
                0
              ],
              "rotation": [
                0,
                0,
                57.5
              ],
              "uv": [
                20,
                138
              ]
            },
            {
              "origin": [
                -43,
                40,
                -2
              ],
              "size": [
                37,
                2,
                1
              ],
              "pivot": [
                -12,
                33,
                0
              ],
              "rotation": [
                0,
                0,
                -82.5
              ],
              "uv": [
                152,
                0
              ]
            },
            {
              "origin": [
                -28.82737,
                34.88023,
                14
              ],
              "size": [
                37,
                2,
                1
              ],
              "pivot": [
                2,
                33,
                16
              ],
              "rotation": [
                -92.53554,
                12.16192,
                -90.54157
              ],
              "uv": [
                76,
                0
              ]
            },
            {
              "origin": [
                -31.82737,
                35.88023,
                14
              ],
              "size": [
                3,
                1,
                1
              ],
              "pivot": [
                2,
                33,
                16
              ],
              "rotation": [
                -92.53554,
                12.16192,
                -90.54157
              ],
              "uv": [
                36,
                138
              ]
            },
            {
              "origin": [
                -2.82737,
                35.88023,
                14
              ],
              "size": [
                16,
                2,
                1
              ],
              "pivot": [
                2,
                33,
                16
              ],
              "rotation": [
                94.99711,
                60.23258,
                94.33338
              ],
              "uv": [
                84,
                57
              ]
            },
            {
              "origin": [
                -7.82737,
                30.88023,
                14
              ],
              "size": [
                4,
                2,
                1
              ],
              "pivot": [
                2,
                33,
                16
              ],
              "rotation": [
                92.48161,
                2.82388,
                90.11527
              ],
              "uv": [
                10,
                138
              ]
            },
            {
              "origin": [
                0.43812,
                16.43824,
                -2
              ],
              "size": [
                37,
                2,
                1
              ],
              "pivot": [
                18,
                20,
                14
              ],
              "rotation": [
                0,
                0,
                -95
              ],
              "uv": [
                0,
                0
              ]
            },
            {
              "origin": [
                16.86078,
                39.22778,
                -2
              ],
              "size": [
                4,
                2,
                1
              ],
              "pivot": [
                19,
                40,
                -2
              ],
              "rotation": [
                0,
                0,
                -52.5
              ],
              "uv": [
                0,
                138
              ]
            },
            {
              "origin": [
                -2.56188,
                17.43824,
                -2
              ],
              "size": [
                3,
                1,
                1
              ],
              "pivot": [
                18,
                20,
                14
              ],
              "rotation": [
                0,
                0,
                -95
              ],
              "uv": [
                28,
                140
              ]
            },
            {
              "origin": [
                -46,
                40,
                -2
              ],
              "size": [
                3,
                1,
                1
              ],
              "pivot": [
                -12,
                33,
                0
              ],
              "rotation": [
                0,
                0,
                -82.5
              ],
              "uv": [
                28,
                138
              ]
            },
            {
              "origin": [
                -6,
                31,
                -11
              ],
              "size": [
                12,
                3,
                5
              ],
              "pivot": [
                0,
                23,
                0
              ],
              "rotation": [
                -10,
                0,
                0
              ],
              "uv": [
                34,
                24
              ]
            },
            {
              "origin": [
                -5,
                32,
                -12
              ],
              "size": [
                10,
                2,
                1
              ],
              "pivot": [
                0,
                23,
                0
              ],
              "rotation": [
                -10,
                0,
                0
              ],
              "uv": [
                32,
                126
              ]
            },
            {
              "origin": [
                -8,
                33.06569,
                -0.35757
              ],
              "size": [
                4,
                14,
                4
              ],
              "pivot": [
                -6,
                37,
                0
              ],
              "rotation": [
                16.98216,
                14.98328,
                -40.25057
              ],
              "uv": [
                0,
                93
              ]
            },
            {
              "origin": [
                -15.89219,
                42.94705,
                -4.22051
              ],
              "size": [
                4,
                6,
                4
              ],
              "pivot": [
                -15,
                45,
                0
              ],
              "rotation": [
                38.36473,
                18.26883,
                -52.84154
              ],
              "uv": [
                16,
                126
              ]
            },
            {
              "origin": [
                2.67213,
                33.38686,
                -5.73398
              ],
              "size": [
                4,
                13,
                4
              ],
              "pivot": [
                4,
                40,
                -3
              ],
              "rotation": [
                18.19144,
                -13.47157,
                35.3335
              ],
              "uv": [
                16,
                93
              ]
            },
            {
              "origin": [
                6,
                42.30243,
                -7.49307
              ],
              "size": [
                4,
                11,
                4
              ],
              "pivot": [
                7,
                44,
                -6
              ],
              "rotation": [
                22.5,
                0,
                0
              ],
              "uv": [
                58,
                93
              ]
            },
            {
              "origin": [
                -3.23045,
                34.20053,
                0.11378
              ],
              "size": [
                4,
                18,
                4
              ],
              "pivot": [
                2,
                40,
                -5
              ],
              "rotation": [
                5.22297,
                3.22511,
                2.98641
              ],
              "uv": [
                68,
                57
              ]
            },
            {
              "origin": [
                -6.23045,
                34.20053,
                -3.88622
              ],
              "size": [
                4,
                18,
                4
              ],
              "pivot": [
                2,
                40,
                -5
              ],
              "rotation": [
                23.80719,
                4.81574,
                -17.00058
              ],
              "uv": [
                0,
                57
              ]
            },
            {
              "origin": [
                -6.23045,
                45.20053,
                3.11378
              ],
              "size": [
                4,
                6,
                4
              ],
              "pivot": [
                2,
                40,
                -5
              ],
              "rotation": [
                68.80719,
                4.81574,
                -17.00058
              ],
              "uv": [
                0,
                126
              ]
            },
            {
              "origin": [
                -1.90328,
                52.97779,
                -4.36923
              ],
              "size": [
                4,
                11,
                4
              ],
              "pivot": [
                1,
                58,
                2
              ],
              "rotation": [
                37.72297,
                3.22511,
                2.98641
              ],
              "uv": [
                0,
                111
              ]
            },
            {
              "origin": [
                -1.73528,
                31.76436,
                -12.11503
              ],
              "size": [
                4,
                11,
                4
              ],
              "pivot": [
                0,
                43,
                -11
              ],
              "rotation": [
                40.1635,
                -0.86182,
                0.10473
              ],
              "uv": [
                90,
                93
              ]
            },
            {
              "origin": [
                -1.73528,
                41.76436,
                -12.11503
              ],
              "size": [
                4,
                11,
                4
              ],
              "pivot": [
                0,
                43,
                -11
              ],
              "rotation": [
                62.66807,
                1.63818,
                0.10476
              ],
              "uv": [
                74,
                93
              ]
            },
            {
              "origin": [
                -19,
                42,
                -10
              ],
              "size": [
                6,
                7,
                7
              ],
              "uv": [
                26,
                38
              ]
            },
            {
              "origin": [
                -3,
                45,
                -22
              ],
              "size": [
                6,
                7,
                7
              ],
              "uv": [
                120,
                24
              ]
            },
            {
              "origin": [
                -12,
                48,
                -16
              ],
              "size": [
                6,
                7,
                7
              ],
              "uv": [
                68,
                24
              ]
            },
            {
              "origin": [
                5,
                51,
                -12
              ],
              "size": [
                6,
                7,
                7
              ],
              "uv": [
                94,
                24
              ]
            },
            {
              "origin": [
                -4,
                45,
                -21
              ],
              "size": [
                8,
                7,
                5
              ],
              "uv": [
                42,
                57
              ]
            },
            {
              "origin": [
                -13,
                48,
                -15
              ],
              "size": [
                8,
                7,
                5
              ],
              "uv": [
                92,
                38
              ]
            },
            {
              "origin": [
                4,
                51,
                -11
              ],
              "size": [
                8,
                7,
                5
              ],
              "uv": [
                16,
                57
              ]
            },
            {
              "origin": [
                -3,
                44,
                -21
              ],
              "size": [
                6,
                9,
                5
              ],
              "uv": [
                78,
                79
              ]
            },
            {
              "origin": [
                -12,
                47,
                -15
              ],
              "size": [
                6,
                9,
                5
              ],
              "uv": [
                34,
                79
              ]
            },
            {
              "origin": [
                5,
                50,
                -11
              ],
              "size": [
                6,
                9,
                5
              ],
              "uv": [
                56,
                79
              ]
            },
            {
              "origin": [
                -3,
                59,
                -8
              ],
              "size": [
                6,
                7,
                7
              ],
              "uv": [
                0,
                38
              ]
            },
            {
              "origin": [
                -19,
                49,
                -9
              ],
              "size": [
                6,
                1,
                5
              ],
              "uv": [
                74,
                117
              ]
            },
            {
              "origin": [
                -19,
                41,
                -9
              ],
              "size": [
                6,
                1,
                5
              ],
              "uv": [
                74,
                111
              ]
            },
            {
              "origin": [
                -3,
                58,
                -7
              ],
              "size": [
                6,
                1,
                5
              ],
              "uv": [
                52,
                117
              ]
            },
            {
              "origin": [
                -3,
                66,
                -7
              ],
              "size": [
                6,
                1,
                5
              ],
              "uv": [
                52,
                111
              ]
            },
            {
              "origin": [
                -20,
                42,
                -9
              ],
              "size": [
                1,
                7,
                5
              ],
              "uv": [
                102,
                126
              ]
            },
            {
              "origin": [
                -4,
                59,
                -7
              ],
              "size": [
                1,
                7,
                5
              ],
              "uv": [
                78,
                126
              ]
            },
            {
              "origin": [
                3,
                59,
                -7
              ],
              "size": [
                1,
                7,
                5
              ],
              "uv": [
                54,
                126
              ]
            },
            {
              "origin": [
                2,
                59,
                -7
              ],
              "size": [
                1,
                7,
                5
              ],
              "uv": [
                66,
                126
              ]
            },
            {
              "origin": [
                -13,
                42,
                -9
              ],
              "size": [
                1,
                7,
                5
              ],
              "uv": [
                90,
                126
              ]
            },
            {
              "origin": [
                -4,
                34,
                5
              ],
              "size": [
                8,
                2,
                5
              ],
              "uv": [
                32,
                93
              ]
            },
            {
              "origin": [
                1,
                35,
                8
              ],
              "size": [
                1,
                3,
                1
              ],
              "uv": [
                44,
                138
              ]
            },
            {
              "origin": [
                -4,
                30,
                0
              ],
              "size": [
                8,
                4,
                11
              ],
              "pivot": [
                0,
                31,
                7
              ],
              "rotation": [
                72.5,
                0,
                0
              ],
              "uv": [
                96,
                3
              ]
            }
          ]
        }
      ]
    }
  ]
}