{
  "format_version": "1.12.0",
  "minecraft:geometry": [
    {
      "description": {
        "identifier": "geometry.good_flamethrower_toilet",
        "texture_width": 368,
        "texture_height": 368,
        "visible_bounds_width": 6,
        "visible_bounds_height": 5.5,
        "visible_bounds_offset": [
          0,
          2.25,
          0
        ]
      },
      "bones": [
        {
          "name": "bone",
          "pivot": [
            0,
            2,
            0
          ],
          "cubes": [
            {
              "origin": [
                -22.42299,
                33.97525,
                4.59389
              ],
              "size": [
                12,
                6,
                5
              ],
              "pivot": [
                -12,
                36,
                9
              ],
              "rotation": [
                179.85033,
                51.52886,
                179.30119
              ],
              "uv": [
                106,
                317
              ]
            },
            {
              "origin": [
                -12,
                11,
                -8
              ],
              "size": [
                1,
                23,
                24
              ],
              "uv": [
                100,
                97
              ]
            },
            {
              "origin": [
                -10,
                34,
                -11
              ],
              "size": [
                20,
                6,
                6
              ],
              "uv": [
                120,
                255
              ]
            },
            {
              "origin": [
                -13,
                11,
                -7
              ],
              "size": [
                1,
                23,
                22
              ],
              "uv": [
                150,
                97
              ]
            },
            {
              "origin": [
                23.42299,
                33.97525,
                -1.40611
              ],
              "size": [
                10,
                6,
                5
              ],
              "pivot": [
                12,
                36,
                9
              ],
              "rotation": [
                179.90685,
                -1.52895,
                -179.41588
              ],
              "uv": [
                30,
                331
              ]
            },
            {
              "origin": [
                6,
                34,
                -12
              ],
              "size": [
                9,
                6,
                6
              ],
              "pivot": [
                7,
                36,
                -7
              ],
              "rotation": [
                0.16639,
                -55.97093,
                0.44374
              ],
              "uv": [
                198,
                317
              ]
            },
            {
              "origin": [
                10.42299,
                33.97525,
                4.59389
              ],
              "size": [
                12,
                6,
                5
              ],
              "pivot": [
                12,
                36,
                9
              ],
              "rotation": [
                179.85033,
                -51.52886,
                -179.30119
              ],
              "uv": [
                72,
                317
              ]
            },
            {
              "origin": [
                9.40074,
                33.96062,
                -3.77376
              ],
              "size": [
                13,
                6,
                5
              ],
              "pivot": [
                12,
                36,
                0
              ],
              "rotation": [
                1.32503,
                -85.96997,
                -0.74012
              ],
              "uv": [
                0,
                317
              ]
            },
            {
              "origin": [
                -33.42299,
                33.97525,
                -1.40611
              ],
              "size": [
                10,
                6,
                5
              ],
              "pivot": [
                -12,
                36,
                9
              ],
              "rotation": [
                179.90685,
                1.52895,
                179.41588
              ],
              "uv": [
                0,
                331
              ]
            },
            {
              "origin": [
                -29.42299,
                35.97525,
                -4.40611
              ],
              "size": [
                10,
                30,
                6
              ],
              "pivot": [
                -12,
                36,
                9
              ],
              "rotation": [
                179.90685,
                1.52895,
                179.41588
              ],
              "uv": [
                36,
                255
              ]
            },
            {
              "origin": [
                -2.83766,
                55.14991,
                20.22128
              ],
              "size": [
                4,
                11,
                5
              ],
              "pivot": [
                3,
                60,
                22
              ],
              "rotation": [
                149.90685,
                1.52895,
                179.41588
              ],
              "uv": [
                60,
                331
              ]
            },
            {
              "origin": [
                -15,
                34,
                -12
              ],
              "size": [
                9,
                6,
                6
              ],
              "pivot": [
                -7,
                36,
                -7
              ],
              "rotation": [
                0.16639,
                55.97093,
                -0.44374
              ],
              "uv": [
                168,
                317
              ]
            },
            {
              "origin": [
                -11,
                11,
                -9
              ],
              "size": [
                22,
                23,
                26
              ],
              "uv": [
                0,
                0
              ]
            },
            {
              "origin": [
                -21,
                5,
                -9
              ],
              "size": [
                8,
                11,
                26
              ],
              "uv": [
                164,
                0
              ]
            },
            {
              "origin": [
                -20,
                5,
                -10
              ],
              "size": [
                6,
                10,
                1
              ],
              "uv": [
                0,
                347
              ]
            },
            {
              "origin": [
                -20,
                5,
                17
              ],
              "size": [
                6,
                10,
                1
              ],
              "uv": [
                196,
                331
              ]
            },
            {
              "origin": [
                -13,
                6,
                -8
              ],
              "size": [
                1,
                9,
                24
              ],
              "uv": [
                200,
                222
              ]
            },
            {
              "origin": [
                -15,
                0,
                -8
              ],
              "size": [
                1,
                9,
                24
              ],
              "uv": [
                100,
                222
              ]
            },
            {
              "origin": [
                -20,
                0,
                -8
              ],
              "size": [
                1,
                9,
                24
              ],
              "uv": [
                50,
                222
              ]
            },
            {
              "origin": [
                -19,
                2,
                -8
              ],
              "size": [
                4,
                7,
                24
              ],
              "uv": [
                46,
                144
              ]
            },
            {
              "origin": [
                -22,
                6,
                -8
              ],
              "size": [
                1,
                9,
                24
              ],
              "uv": [
                150,
                222
              ]
            },
            {
              "origin": [
                -20,
                16,
                -8
              ],
              "size": [
                6,
                1,
                24
              ],
              "uv": [
                0,
                189
              ]
            },
            {
              "origin": [
                12,
                11,
                -7
              ],
              "size": [
                1,
                23,
                22
              ],
              "uv": [
                0,
                144
              ]
            },
            {
              "origin": [
                -11,
                33,
                14
              ],
              "size": [
                22,
                1,
                2
              ],
              "uv": [
                84,
                304
              ]
            },
            {
              "origin": [
                11,
                12,
                -8
              ],
              "size": [
                1,
                23,
                24
              ],
              "uv": [
                50,
                97
              ]
            },
            {
              "origin": [
                -12,
                12,
                -9
              ],
              "size": [
                1,
                23,
                25
              ],
              "uv": [
                104,
                49
              ]
            },
            {
              "origin": [
                11,
                11,
                -8
              ],
              "size": [
                1,
                23,
                24
              ],
              "uv": [
                0,
                97
              ]
            },
            {
              "origin": [
                -12,
                11,
                -9
              ],
              "size": [
                1,
                23,
                25
              ],
              "uv": [
                52,
                49
              ]
            },
            {
              "origin": [
                -12,
                12,
                -8
              ],
              "size": [
                1,
                23,
                24
              ],
              "uv": [
                156,
                49
              ]
            },
            {
              "origin": [
                11,
                12,
                -9
              ],
              "size": [
                1,
                23,
                25
              ],
              "uv": [
                0,
                49
              ]
            },
            {
              "origin": [
                14,
                16,
                -8
              ],
              "size": [
                6,
                1,
                24
              ],
              "uv": [
                158,
                144
              ]
            },
            {
              "origin": [
                13,
                5,
                -9
              ],
              "size": [
                8,
                11,
                26
              ],
              "uv": [
                96,
                0
              ]
            },
            {
              "origin": [
                21,
                6,
                -8
              ],
              "size": [
                1,
                9,
                24
              ],
              "uv": [
                0,
                222
              ]
            },
            {
              "origin": [
                12,
                6,
                -8
              ],
              "size": [
                1,
                9,
                24
              ],
              "uv": [
                216,
                189
              ]
            },
            {
              "origin": [
                14,
                0,
                -8
              ],
              "size": [
                1,
                9,
                24
              ],
              "uv": [
                166,
                189
              ]
            },
            {
              "origin": [
                15,
                2,
                -8
              ],
              "size": [
                4,
                7,
                24
              ],
              "uv": [
                102,
                144
              ]
            },
            {
              "origin": [
                14,
                5,
                17
              ],
              "size": [
                6,
                10,
                1
              ],
              "uv": [
                210,
                331
              ]
            },
            {
              "origin": [
                14,
                5,
                -10
              ],
              "size": [
                6,
                10,
                1
              ],
              "uv": [
                182,
                331
              ]
            },
            {
              "origin": [
                19,
                0,
                -8
              ],
              "size": [
                1,
                9,
                24
              ],
              "uv": [
                116,
                189
              ]
            },
            {
              "origin": [
                -4,
                28,
                -2
              ],
              "size": [
                9,
                25,
                9
              ],
              "pivot": [
                0,
                38,
                0
              ],
              "rotation": [
                20,
                0,
                0
              ],
              "uv": [
                0,
                255
              ]
            },
            {
              "origin": [
                -7,
                48,
                -9
              ],
              "size": [
                15,
                15,
                13
              ],
              "uv": [
                60,
                189
              ]
            },
            {
              "origin": [
                -5,
                44,
                -10
              ],
              "size": [
                11,
                8,
                1
              ],
              "uv": [
                78,
                331
              ]
            },
            {
              "origin": [
                -7,
                48,
                4
              ],
              "size": [
                15,
                15,
                1
              ],
              "uv": [
                132,
                291
              ]
            },
            {
              "origin": [
                -6,
                49,
                5
              ],
              "size": [
                13,
                13,
                1
              ],
              "uv": [
                140,
                317
              ]
            },
            {
              "origin": [
                -7,
                54,
                -14
              ],
              "size": [
                15,
                9,
                4
              ],
              "uv": [
                84,
                291
              ]
            },
            {
              "origin": [
                -7,
                54,
                -10
              ],
              "size": [
                15,
                9,
                1
              ],
              "uv": [
                87,
                294
              ]
            },
            {
              "origin": [
                4,
                54,
                -12
              ],
              "size": [
                6,
                9,
                4
              ],
              "pivot": [
                0,
                38,
                0
              ],
              "rotation": [
                0,
                65,
                0
              ],
              "uv": [
                142,
                331
              ]
            },
            {
              "origin": [
                3,
                59,
                -9
              ],
              "size": [
                5,
                1,
                4
              ],
              "pivot": [
                0,
                38,
                0
              ],
              "rotation": [
                0,
                92.5,
                0
              ],
              "uv": [
                32,
                352
              ]
            },
            {
              "origin": [
                -4.99239,
                60,
                -17.34896
              ],
              "size": [
                5,
                1,
                4
              ],
              "pivot": [
                0,
                58,
                -8
              ],
              "rotation": [
                98.26132,
                72.32786,
                97.87648
              ],
              "uv": [
                14,
                352
              ]
            },
            {
              "origin": [
                -8.30153,
                56,
                -6.18114
              ],
              "size": [
                6,
                1,
                4
              ],
              "pivot": [
                -7,
                57,
                -4
              ],
              "rotation": [
                -94.99052,
                59.90568,
                -94.32055
              ],
              "uv": [
                162,
                331
              ]
            },
            {
              "origin": [
                -8,
                49,
                -9
              ],
              "size": [
                1,
                13,
                13
              ],
              "uv": [
                56,
                291
              ]
            },
            {
              "origin": [
                8,
                49,
                -9
              ],
              "size": [
                1,
                13,
                13
              ],
              "uv": [
                28,
                291
              ]
            },
            {
              "origin": [
                -6,
                46,
                -9
              ],
              "size": [
                13,
                2,
                13
              ],
              "uv": [
                68,
                255
              ]
            },
            {
              "origin": [
                -6,
                63,
                -9
              ],
              "size": [
                13,
                1,
                13
              ],
              "uv": [
                68,
                270
              ]
            },
            {
              "origin": [
                -5,
                64,
                -8
              ],
              "size": [
                11,
                1,
                11
              ],
              "uv": [
                120,
                267
              ]
            },
            {
              "origin": [
                2.30153,
                56,
                -6.18114
              ],
              "size": [
                6,
                1,
                4
              ],
              "pivot": [
                7,
                57,
                -4
              ],
              "rotation": [
                -94.99052,
                -59.90568,
                94.32055
              ],
              "uv": [
                162,
                336
              ]
            },
            {
              "origin": [
                4.68213,
                54,
                -11.52336
              ],
              "size": [
                6,
                9,
                4
              ],
              "pivot": [
                8,
                57,
                -10
              ],
              "rotation": [
                0,
                -60,
                0
              ],
              "uv": [
                122,
                331
              ]
            },
            {
              "origin": [
                -0.00761,
                60,
                -17.34896
              ],
              "size": [
                5,
                1,
                4
              ],
              "pivot": [
                0,
                58,
                -8
              ],
              "rotation": [
                98.26132,
                -72.32786,
                -97.87648
              ],
              "uv": [
                32,
                347
              ]
            },
            {
              "origin": [
                -9,
                54,
                -12
              ],
              "size": [
                6,
                9,
                4
              ],
              "pivot": [
                0,
                38,
                0
              ],
              "rotation": [
                0,
                -65,
                0
              ],
              "uv": [
                102,
                331
              ]
            },
            {
              "origin": [
                -8,
                59,
                -9
              ],
              "size": [
                5,
                1,
                4
              ],
              "pivot": [
                0,
                38,
                0
              ],
              "rotation": [
                0,
                -92.5,
                0
              ],
              "uv": [
                14,
                347
              ]
            },
            {
              "origin": [
                7,
                49,
                -9
              ],
              "size": [
                1,
                13,
                13
              ],
              "uv": [
                0,
                291
              ]
            },
            {
              "origin": [
                -22.40074,
                33.96062,
                -3.77376
              ],
              "size": [
                13,
                6,
                5
              ],
              "pivot": [
                -12,
                36,
                0
              ],
              "rotation": [
                1.32503,
                85.96997,
                0.74012
              ],
              "uv": [
                164,
                291
              ]
            }
          ]
        }
      ]
    }
  ]
}