{
  "format_version": "1.12.0",
  "minecraft:geometry": [
    {
      "description": {
        "identifier": "geometry.good_titan_tv_man",
        "texture_width": 800,
        "texture_height": 800,
        "visible_bounds_width": 19,
        "visible_bounds_height": 24,
        "visible_bounds_offset": [
          0,
          3,
          0
        ]
      },
      "bones": [
        {
          "name": "bb_main2",
          "pivot": [
            0,
            0,
            0
          ],
          "cubes": [
            {
              "origin": [
                -27,
                95,
                -11
              ],
              "size": [
                3,
                55,
                16
              ],
              "pivot": [
                -20,
                103,
                0
              ],
              "rotation": [
                0,
                -77.5,
                0
              ],
              "uv": [
                0,
                423
              ]
            },
            {
              "origin": [
                -27,
                107,
                -10
              ],
              "size": [
                3,
                28,
                7
              ],
              "pivot": [
                -20,
                103,
                0
              ],
              "rotation": [
                22.5,
                -77.5,
                0
              ],
              "uv": [
                66,
                674
              ]
            },
            {
              "origin": [
                -24.64932,
                58.86962,
                -1.08761
              ],
              "size": [
                3,
                38,
                5
              ],
              "pivot": [
                -17,
                76,
                0
              ],
              "rotation": [
                20,
                -77.5,
                0
              ],
              "uv": [
                34,
                674
              ]
            },
            {
              "origin": [
                -24.64932,
                62.86962,
                3.91239
              ],
              "size": [
                3,
                34,
                1
              ],
              "pivot": [
                -17,
                76,
                0
              ],
              "rotation": [
                20,
                -77.5,
                0
              ],
              "uv": [
                72,
                717
              ]
            },
            {
              "origin": [
                -24.64932,
                64.86962,
                4.91239
              ],
              "size": [
                3,
                32,
                1
              ],
              "pivot": [
                -17,
                76,
                0
              ],
              "rotation": [
                20,
                -77.5,
                0
              ],
              "uv": [
                80,
                717
              ]
            },
            {
              "origin": [
                -24.64932,
                67.86962,
                5.91239
              ],
              "size": [
                3,
                29,
                1
              ],
              "pivot": [
                -17,
                76,
                0
              ],
              "rotation": [
                20,
                -77.5,
                0
              ],
              "uv": [
                126,
                717
              ]
            },
            {
              "origin": [
                -24.64932,
                70.86962,
                6.91239
              ],
              "size": [
                3,
                24,
                1
              ],
              "pivot": [
                -17,
                76,
                0
              ],
              "rotation": [
                20,
                -77.5,
                0
              ],
              "uv": [
                228,
                752
              ]
            },
            {
              "origin": [
                -24.64932,
                73.86962,
                7.91239
              ],
              "size": [
                3,
                23,
                1
              ],
              "pivot": [
                -17,
                76,
                0
              ],
              "rotation": [
                20,
                -77.5,
                0
              ],
              "uv": [
                236,
                752
              ]
            },
            {
              "origin": [
                -24.64932,
                76.86962,
                8.91239
              ],
              "size": [
                3,
                18,
                1
              ],
              "pivot": [
                -17,
                76,
                0
              ],
              "rotation": [
                20,
                -77.5,
                0
              ],
              "uv": [
                36,
                778
              ]
            },
            {
              "origin": [
                -24.64932,
                78.86962,
                9.91239
              ],
              "size": [
                3,
                15,
                1
              ],
              "pivot": [
                -17,
                76,
                0
              ],
              "rotation": [
                20,
                -77.5,
                0
              ],
              "uv": [
                52,
                778
              ]
            },
            {
              "origin": [
                -24.64932,
                81.86962,
                10.91239
              ],
              "size": [
                3,
                12,
                1
              ],
              "pivot": [
                -17,
                76,
                0
              ],
              "rotation": [
                20,
                -77.5,
                0
              ],
              "uv": [
                60,
                778
              ]
            },
            {
              "origin": [
                -24.64932,
                84.86962,
                11.91239
              ],
              "size": [
                3,
                9,
                1
              ],
              "pivot": [
                -17,
                76,
                0
              ],
              "rotation": [
                20,
                -77.5,
                0
              ],
              "uv": [
                68,
                790
              ]
            },
            {
              "origin": [
                -24.64932,
                87.86962,
                12.91239
              ],
              "size": [
                3,
                5,
                1
              ],
              "pivot": [
                -17,
                76,
                0
              ],
              "rotation": [
                20,
                -77.5,
                0
              ],
              "uv": [
                76,
                778
              ]
            },
            {
              "origin": [
                -27,
                60,
                -5
              ],
              "size": [
                3,
                90,
                14
              ],
              "pivot": [
                -20,
                103,
                0
              ],
              "rotation": [
                0,
                10,
                0
              ],
              "uv": [
                34,
                152
              ]
            },
            {
              "origin": [
                23,
                60,
                -13
              ],
              "size": [
                3,
                90,
                14
              ],
              "pivot": [
                -20,
                103,
                0
              ],
              "rotation": [
                0,
                -10,
                0
              ],
              "uv": [
                0,
                152
              ]
            },
            {
              "origin": [
                -22,
                60,
                8
              ],
              "size": [
                48,
                90,
                4
              ],
              "pivot": [
                -20,
                103,
                0
              ],
              "rotation": [
                0,
                2.5,
                0
              ],
              "uv": [
                104,
                0
              ]
            },
            {
              "origin": [
                11.03331,
                115,
                6.47332
              ],
              "size": [
                20,
                59,
                11
              ],
              "pivot": [
                15,
                132,
                0
              ],
              "rotation": [
                -18.82908,
                11.12199,
                43.61688
              ],
              "uv": [
                130,
                152
              ]
            },
            {
              "origin": [
                11.03331,
                165,
                19.47332
              ],
              "size": [
                20,
                8,
                11
              ],
              "pivot": [
                15,
                132,
                0
              ],
              "rotation": [
                1.17092,
                11.12199,
                43.61688
              ],
              "uv": [
                224,
                588
              ]
            },
            {
              "origin": [
                11.03331,
                173,
                22.47332
              ],
              "size": [
                6,
                9,
                5
              ],
              "pivot": [
                15,
                132,
                0
              ],
              "rotation": [
                1.17092,
                11.12199,
                43.61688
              ],
              "uv": [
                176,
                752
              ]
            },
            {
              "origin": [
                18.03331,
                173,
                22.47332
              ],
              "size": [
                6,
                9,
                5
              ],
              "pivot": [
                15,
                132,
                0
              ],
              "rotation": [
                1.17092,
                11.12199,
                43.61688
              ],
              "uv": [
                110,
                752
              ]
            },
            {
              "origin": [
                25.03331,
                173,
                22.47332
              ],
              "size": [
                6,
                9,
                5
              ],
              "pivot": [
                15,
                132,
                0
              ],
              "rotation": [
                1.17092,
                11.12199,
                43.61688
              ],
              "uv": [
                162,
                717
              ]
            },
            {
              "origin": [
                40.12286,
                146.29415,
                17.15377
              ],
              "size": [
                6,
                9,
                5
              ],
              "pivot": [
                50,
                160,
                0
              ],
              "rotation": [
                46.17092,
                11.12199,
                43.61688
              ],
              "uv": [
                154,
                752
              ]
            },
            {
              "origin": [
                54.12286,
                146.29415,
                17.15377
              ],
              "size": [
                6,
                9,
                5
              ],
              "pivot": [
                50,
                160,
                0
              ],
              "rotation": [
                46.17092,
                11.12199,
                43.61688
              ],
              "uv": [
                66,
                752
              ]
            },
            {
              "origin": [
                55.12286,
                155.29415,
                18.15377
              ],
              "size": [
                4,
                5,
                3
              ],
              "pivot": [
                50,
                160,
                0
              ],
              "rotation": [
                46.17092,
                11.12199,
                43.61688
              ],
              "uv": [
                68,
                754
              ]
            },
            {
              "origin": [
                48.12286,
                155.29415,
                18.15377
              ],
              "size": [
                4,
                5,
                3
              ],
              "pivot": [
                50,
                160,
                0
              ],
              "rotation": [
                46.17092,
                11.12199,
                43.61688
              ],
              "uv": [
                68,
                754
              ]
            },
            {
              "origin": [
                41.12286,
                155.29415,
                18.15377
              ],
              "size": [
                4,
                5,
                3
              ],
              "pivot": [
                50,
                160,
                0
              ],
              "rotation": [
                46.17092,
                11.12199,
                43.61688
              ],
              "uv": [
                68,
                754
              ]
            },
            {
              "origin": [
                47.12286,
                146.29415,
                17.15377
              ],
              "size": [
                6,
                9,
                5
              ],
              "pivot": [
                50,
                160,
                0
              ],
              "rotation": [
                46.17092,
                11.12199,
                43.61688
              ],
              "uv": [
                22,
                752
              ]
            },
            {
              "origin": [
                7.20817,
                94,
                -7.85334
              ],
              "size": [
                3,
                56,
                14
              ],
              "pivot": [
                16,
                103,
                0
              ],
              "rotation": [
                0,
                -105,
                0
              ],
              "uv": [
                114,
                423
              ]
            },
            {
              "origin": [
                7.20817,
                101,
                -1.85334
              ],
              "size": [
                3,
                27,
                9
              ],
              "pivot": [
                16,
                103,
                0
              ],
              "rotation": [
                160,
                -75,
                180
              ],
              "uv": [
                302,
                638
              ]
            },
            {
              "origin": [
                7.20817,
                60,
                3.14666
              ],
              "size": [
                3,
                37,
                5
              ],
              "pivot": [
                16,
                103,
                0
              ],
              "rotation": [
                162.5,
                -75,
                180
              ],
              "uv": [
                50,
                674
              ]
            },
            {
              "origin": [
                7.20817,
                67,
                2.14666
              ],
              "size": [
                3,
                30,
                1
              ],
              "pivot": [
                16,
                103,
                0
              ],
              "rotation": [
                162.5,
                -75,
                180
              ],
              "uv": [
                110,
                717
              ]
            },
            {
              "origin": [
                7.20817,
                68,
                1.14666
              ],
              "size": [
                3,
                29,
                1
              ],
              "pivot": [
                16,
                103,
                0
              ],
              "rotation": [
                162.5,
                -75,
                180
              ],
              "uv": [
                118,
                717
              ]
            },
            {
              "origin": [
                7.20817,
                70,
                0.14666
              ],
              "size": [
                3,
                25,
                1
              ],
              "pivot": [
                16,
                103,
                0
              ],
              "rotation": [
                162.5,
                -75,
                180
              ],
              "uv": [
                220,
                752
              ]
            },
            {
              "origin": [
                7.20817,
                74,
                -0.85334
              ],
              "size": [
                3,
                21,
                1
              ],
              "pivot": [
                16,
                103,
                0
              ],
              "rotation": [
                162.5,
                -75,
                180
              ],
              "uv": [
                20,
                778
              ]
            },
            {
              "origin": [
                7.20817,
                77,
                -1.85334
              ],
              "size": [
                3,
                18,
                1
              ],
              "pivot": [
                16,
                103,
                0
              ],
              "rotation": [
                162.5,
                -75,
                180
              ],
              "uv": [
                28,
                778
              ]
            },
            {
              "origin": [
                7.20817,
                80,
                -2.85334
              ],
              "size": [
                3,
                15,
                1
              ],
              "pivot": [
                16,
                103,
                0
              ],
              "rotation": [
                162.5,
                -75,
                180
              ],
              "uv": [
                44,
                778
              ]
            },
            {
              "origin": [
                7.20817,
                84,
                -3.85334
              ],
              "size": [
                3,
                11,
                1
              ],
              "pivot": [
                16,
                103,
                0
              ],
              "rotation": [
                162.5,
                -75,
                180
              ],
              "uv": [
                68,
                778
              ]
            },
            {
              "origin": [
                -29.03331,
                123,
                10.47332
              ],
              "size": [
                18,
                27,
                4
              ],
              "pivot": [
                -15,
                132,
                0
              ],
              "rotation": [
                -18.82908,
                -11.12199,
                -43.61688
              ],
              "uv": [
                132,
                607
              ]
            },
            {
              "origin": [
                -26,
                60,
                8
              ],
              "size": [
                48,
                90,
                4
              ],
              "pivot": [
                20,
                103,
                0
              ],
              "rotation": [
                0,
                -2.5,
                0
              ],
              "uv": [
                0,
                0
              ]
            },
            {
              "origin": [
                -60.12286,
                146.29415,
                17.15377
              ],
              "size": [
                6,
                9,
                5
              ],
              "pivot": [
                -50,
                160,
                0
              ],
              "rotation": [
                46.17092,
                -11.12199,
                -43.61688
              ],
              "uv": [
                198,
                752
              ]
            },
            {
              "origin": [
                -59.12286,
                155.29415,
                18.15377
              ],
              "size": [
                4,
                5,
                3
              ],
              "pivot": [
                -50,
                160,
                0
              ],
              "rotation": [
                46.17092,
                -11.12199,
                -43.61688
              ],
              "uv": [
                200,
                754
              ]
            },
            {
              "origin": [
                -52.12286,
                155.29415,
                18.15377
              ],
              "size": [
                4,
                5,
                3
              ],
              "pivot": [
                -50,
                160,
                0
              ],
              "rotation": [
                46.17092,
                -11.12199,
                -43.61688
              ],
              "uv": [
                200,
                754
              ]
            },
            {
              "origin": [
                -45.12286,
                155.29415,
                18.15377
              ],
              "size": [
                4,
                5,
                3
              ],
              "pivot": [
                -50,
                160,
                0
              ],
              "rotation": [
                46.17092,
                -11.12199,
                -43.61688
              ],
              "uv": [
                200,
                754
              ]
            },
            {
              "origin": [
                -31.03331,
                115,
                6.47332
              ],
              "size": [
                20,
                59,
                11
              ],
              "pivot": [
                -15,
                132,
                0
              ],
              "rotation": [
                -18.82908,
                -11.12199,
                -43.61688
              ],
              "uv": [
                68,
                152
              ]
            },
            {
              "origin": [
                -31.03331,
                165,
                19.47332
              ],
              "size": [
                20,
                8,
                11
              ],
              "pivot": [
                -15,
                132,
                0
              ],
              "rotation": [
                1.17092,
                -11.12199,
                -43.61688
              ],
              "uv": [
                224,
                569
              ]
            },
            {
              "origin": [
                -31.03331,
                173,
                22.47332
              ],
              "size": [
                6,
                9,
                5
              ],
              "pivot": [
                -15,
                132,
                0
              ],
              "rotation": [
                1.17092,
                -11.12199,
                -43.61688
              ],
              "uv": [
                132,
                752
              ]
            },
            {
              "origin": [
                -17.03331,
                173,
                22.47332
              ],
              "size": [
                6,
                9,
                5
              ],
              "pivot": [
                -15,
                132,
                0
              ],
              "rotation": [
                1.17092,
                -11.12199,
                -43.61688
              ],
              "uv": [
                88,
                752
              ]
            },
            {
              "origin": [
                -46.12286,
                146.29415,
                17.15377
              ],
              "size": [
                6,
                9,
                5
              ],
              "pivot": [
                -50,
                160,
                0
              ],
              "rotation": [
                46.17092,
                -11.12199,
                -43.61688
              ],
              "uv": [
                44,
                752
              ]
            },
            {
              "origin": [
                -53.12286,
                146.29415,
                17.15377
              ],
              "size": [
                6,
                9,
                5
              ],
              "pivot": [
                -50,
                160,
                0
              ],
              "rotation": [
                46.17092,
                -11.12199,
                -43.61688
              ],
              "uv": [
                0,
                752
              ]
            },
            {
              "origin": [
                -24.03331,
                173,
                22.47332
              ],
              "size": [
                6,
                9,
                5
              ],
              "pivot": [
                -15,
                132,
                0
              ],
              "rotation": [
                1.17092,
                -11.12199,
                -43.61688
              ],
              "uv": [
                134,
                735
              ]
            }
          ]
        },
        {
          "name": "bb_main",
          "pivot": [
            0,
            106,
            0
          ],
          "cubes": [
            {
              "origin": [
                10,
                4,
                3
              ],
              "size": [
                13,
                6,
                25
              ],
              "pivot": [
                18,
                9,
                4
              ],
              "rotation": [
                10,
                0,
                0
              ],
              "uv": [
                38,
                454
              ]
            },
            {
              "origin": [
                8,
                6,
                6
              ],
              "size": [
                2,
                5,
                21
              ],
              "pivot": [
                10,
                8,
                15
              ],
              "rotation": [
                7.5,
                0,
                0
              ],
              "uv": [
                314,
                607
              ]
            },
            {
              "origin": [
                23,
                6,
                6
              ],
              "size": [
                2,
                5,
                21
              ],
              "pivot": [
                24,
                9,
                16
              ],
              "rotation": [
                10,
                0,
                0
              ],
              "uv": [
                268,
                607
              ]
            },
            {
              "origin": [
                10,
                10,
                5
              ],
              "size": [
                13,
                2,
                22
              ],
              "pivot": [
                16,
                9,
                11
              ],
              "rotation": [
                7.5,
                0,
                0
              ],
              "uv": [
                148,
                447
              ]
            },
            {
              "origin": [
                11,
                12,
                7
              ],
              "size": [
                11,
                2,
                19
              ],
              "pivot": [
                17,
                11,
                15
              ],
              "rotation": [
                10,
                0,
                0
              ],
              "uv": [
                60,
                607
              ]
            },
            {
              "origin": [
                11,
                8,
                6
              ],
              "size": [
                10,
                67,
                10
              ],
              "pivot": [
                18,
                44,
                0
              ],
              "rotation": [
                17.5,
                0,
                0
              ],
              "uv": [
                148,
                346
              ]
            },
            {
              "origin": [
                10,
                8,
                7
              ],
              "size": [
                1,
                67,
                8
              ],
              "pivot": [
                18,
                44,
                0
              ],
              "rotation": [
                17.5,
                0,
                0
              ],
              "uv": [
                54,
                494
              ]
            },
            {
              "origin": [
                21,
                8,
                7
              ],
              "size": [
                1,
                67,
                8
              ],
              "pivot": [
                18,
                44,
                0
              ],
              "rotation": [
                17.5,
                0,
                0
              ],
              "uv": [
                36,
                494
              ]
            },
            {
              "origin": [
                -19,
                75,
                -3
              ],
              "size": [
                37,
                46,
                12
              ],
              "uv": [
                244,
                94
              ]
            },
            {
              "origin": [
                -18,
                76,
                -4
              ],
              "size": [
                35,
                45,
                1
              ],
              "uv": [
                220,
                298
              ]
            },
            {
              "origin": [
                -2,
                96,
                -6
              ],
              "size": [
                1,
                5,
                1
              ],
              "uv": [
                76,
                788
              ]
            },
            {
              "origin": [
                -1,
                96,
                -6
              ],
              "size": [
                4,
                1,
                1
              ],
              "uv": [
                76,
                786
              ]
            },
            {
              "origin": [
                -1,
                100,
                -6
              ],
              "size": [
                4,
                1,
                1
              ],
              "uv": [
                76,
                784
              ]
            },
            {
              "origin": [
                -18,
                96,
                -5
              ],
              "size": [
                35,
                5,
                1
              ],
              "uv": [
                60,
                628
              ]
            },
            {
              "origin": [
                -18,
                76,
                9
              ],
              "size": [
                35,
                45,
                1
              ],
              "uv": [
                148,
                298
              ]
            },
            {
              "origin": [
                -18,
                75,
                -3
              ],
              "size": [
                7,
                16,
                12
              ],
              "pivot": [
                -20,
                92,
                0
              ],
              "rotation": [
                0,
                0,
                22.5
              ],
              "uv": [
                38,
                638
              ]
            },
            {
              "origin": [
                14.13522,
                73.92947,
                -3
              ],
              "size": [
                7,
                16,
                12
              ],
              "pivot": [
                18,
                81,
                0
              ],
              "rotation": [
                0,
                0,
                -17.5
              ],
              "uv": [
                0,
                638
              ]
            },
            {
              "origin": [
                6.13522,
                64.92947,
                -5
              ],
              "size": [
                7,
                16,
                10
              ],
              "pivot": [
                18,
                81,
                0
              ],
              "rotation": [
                20,
                0,
                -17.5
              ],
              "uv": [
                0,
                674
              ]
            },
            {
              "origin": [
                -25,
                121,
                -3
              ],
              "size": [
                49,
                29,
                12
              ],
              "uv": [
                0,
                94
              ]
            },
            {
              "origin": [
                -24,
                153,
                4
              ],
              "size": [
                49,
                27,
                12
              ],
              "pivot": [
                0,
                163,
                9
              ],
              "rotation": [
                -15,
                0,
                0
              ],
              "uv": [
                122,
                94
              ]
            },
            {
              "origin": [
                -5,
                150,
                -3
              ],
              "size": [
                11,
                3,
                7
              ],
              "uv": [
                36,
                717
              ]
            },
            {
              "origin": [
                -41,
                114,
                -7
              ],
              "size": [
                16,
                36,
                15
              ],
              "pivot": [
                -35,
                129,
                0
              ],
              "rotation": [
                -7.5,
                0,
                17.5
              ],
              "uv": [
                250,
                346
              ]
            },
            {
              "origin": [
                -52.86985,
                125.72935,
                26.49582
              ],
              "size": [
                6,
                6,
                4
              ],
              "pivot": [
                -47,
                102,
                22
              ],
              "rotation": [
                16.5498,
                -41.70738,
                9.04107
              ],
              "uv": [
                0,
                788
              ]
            },
            {
              "origin": [
                -42,
                77,
                -12
              ],
              "size": [
                12,
                28,
                10
              ],
              "pivot": [
                -34,
                86,
                0
              ],
              "rotation": [
                -12.5,
                0,
                -5
              ],
              "uv": [
                180,
                569
              ]
            },
            {
              "origin": [
                -40,
                64,
                -17
              ],
              "size": [
                9,
                15,
                10
              ],
              "pivot": [
                -36,
                68,
                0
              ],
              "rotation": [
                -18.7525,
                2.60857,
                -8.11398
              ],
              "uv": [
                114,
                638
              ]
            },
            {
              "origin": [
                -45,
                72,
                -17
              ],
              "size": [
                11,
                5,
                11
              ],
              "pivot": [
                -36,
                68,
                0
              ],
              "rotation": [
                9.13178,
                17.04852,
                89.36443
              ],
              "uv": [
                326,
                638
              ]
            },
            {
              "origin": [
                -24,
                121,
                -6
              ],
              "size": [
                47,
                29,
                3
              ],
              "uv": [
                130,
                222
              ]
            },
            {
              "origin": [
                -19,
                118,
                -20
              ],
              "size": [
                38,
                32,
                14
              ],
              "uv": [
                342,
                94
              ]
            },
            {
              "origin": [
                -43.89999,
                146.63794,
                -6
              ],
              "size": [
                19,
                30,
                18
              ],
              "pivot": [
                -34,
                158,
                0
              ],
              "rotation": [
                0,
                0,
                -20
              ],
              "uv": [
                74,
                298
              ]
            },
            {
              "origin": [
                -24,
                121,
                9
              ],
              "size": [
                47,
                28,
                1
              ],
              "uv": [
                352,
                256
              ]
            },
            {
              "origin": [
                -13.13522,
                64.92947,
                -5
              ],
              "size": [
                7,
                16,
                10
              ],
              "pivot": [
                -18,
                81,
                0
              ],
              "rotation": [
                20,
                0,
                17.5
              ],
              "uv": [
                268,
                638
              ]
            },
            {
              "origin": [
                -11,
                8,
                7
              ],
              "size": [
                1,
                67,
                8
              ],
              "pivot": [
                -18,
                44,
                0
              ],
              "rotation": [
                17.5,
                0,
                0
              ],
              "uv": [
                18,
                494
              ]
            },
            {
              "origin": [
                -21,
                8,
                6
              ],
              "size": [
                10,
                67,
                10
              ],
              "pivot": [
                -18,
                44,
                0
              ],
              "rotation": [
                17.5,
                0,
                0
              ],
              "uv": [
                108,
                346
              ]
            },
            {
              "origin": [
                -22,
                8,
                7
              ],
              "size": [
                1,
                67,
                8
              ],
              "pivot": [
                -18,
                44,
                0
              ],
              "rotation": [
                17.5,
                0,
                0
              ],
              "uv": [
                0,
                494
              ]
            },
            {
              "origin": [
                -23,
                10,
                5
              ],
              "size": [
                13,
                2,
                22
              ],
              "pivot": [
                -16,
                9,
                11
              ],
              "rotation": [
                7.5,
                0,
                0
              ],
              "uv": [
                148,
                423
              ]
            },
            {
              "origin": [
                -22,
                12,
                7
              ],
              "size": [
                11,
                2,
                19
              ],
              "pivot": [
                -17,
                11,
                15
              ],
              "rotation": [
                10,
                0,
                0
              ],
              "uv": [
                0,
                607
              ]
            },
            {
              "origin": [
                -10,
                6,
                6
              ],
              "size": [
                2,
                5,
                21
              ],
              "pivot": [
                -10,
                8,
                15
              ],
              "rotation": [
                7.5,
                0,
                0
              ],
              "uv": [
                222,
                607
              ]
            },
            {
              "origin": [
                -23,
                4,
                3
              ],
              "size": [
                13,
                6,
                25
              ],
              "pivot": [
                -18,
                9,
                4
              ],
              "rotation": [
                10,
                0,
                0
              ],
              "uv": [
                38,
                423
              ]
            },
            {
              "origin": [
                -25,
                6,
                6
              ],
              "size": [
                2,
                5,
                21
              ],
              "pivot": [
                -24,
                9,
                16
              ],
              "rotation": [
                10,
                0,
                0
              ],
              "uv": [
                176,
                607
              ]
            },
            {
              "origin": [
                25,
                114,
                -7
              ],
              "size": [
                16,
                36,
                15
              ],
              "pivot": [
                35,
                129,
                0
              ],
              "rotation": [
                -7.5,
                0,
                -17.5
              ],
              "uv": [
                188,
                346
              ]
            },
            {
              "origin": [
                30,
                98,
                -27
              ],
              "size": [
                14,
                18,
                12
              ],
              "pivot": [
                0,
                0,
                0
              ],
              "rotation": [
                -10,
                0,
                0
              ],
              "uv": [
                128,
                569
              ]
            },
            {
              "origin": [
                36,
                98.33407,
                2.81846
              ],
              "size": [
                6,
                12,
                12
              ],
              "pivot": [
                36,
                102,
                7
              ],
              "rotation": [
                -11.24314,
                27.0478,
                -5.16524
              ],
              "uv": [
                188,
                638
              ]
            },
            {
              "origin": [
                34,
                98.33407,
                24.81846
              ],
              "size": [
                6,
                12,
                5
              ],
              "pivot": [
                36,
                102,
                7
              ],
              "rotation": [
                -13.4502,
                41.70738,
                -9.04107
              ],
              "uv": [
                88,
                734
              ]
            },
            {
              "origin": [
                46.86985,
                105.72935,
                23.49582
              ],
              "size": [
                6,
                21,
                5
              ],
              "pivot": [
                47,
                102,
                22
              ],
              "rotation": [
                9.0498,
                41.70738,
                -9.04107
              ],
              "uv": [
                216,
                674
              ]
            },
            {
              "origin": [
                46.86985,
                75.72935,
                22.49582
              ],
              "size": [
                6,
                21,
                5
              ],
              "pivot": [
                47,
                102,
                22
              ],
              "rotation": [
                -25.9502,
                41.70738,
                -9.04107
              ],
              "uv": [
                194,
                674
              ]
            },
            {
              "origin": [
                44.94937,
                70.42168,
                9.05991
              ],
              "size": [
                6,
                6,
                4
              ],
              "pivot": [
                47,
                73,
                14
              ],
              "rotation": [
                -43.4502,
                41.70738,
                -9.04107
              ],
              "uv": [
                244,
                752
              ]
            },
            {
              "origin": [
                46.86985,
                125.72935,
                26.49582
              ],
              "size": [
                6,
                6,
                4
              ],
              "pivot": [
                47,
                102,
                22
              ],
              "rotation": [
                16.5498,
                41.70738,
                -9.04107
              ],
              "uv": [
                264,
                752
              ]
            },
            {
              "origin": [
                34,
                98.33407,
                14.81846
              ],
              "size": [
                6,
                12,
                10
              ],
              "pivot": [
                36,
                102,
                7
              ],
              "rotation": [
                -13.4502,
                41.70738,
                -9.04107
              ],
              "uv": [
                118,
                674
              ]
            },
            {
              "origin": [
                30,
                77,
                -12
              ],
              "size": [
                12,
                28,
                10
              ],
              "pivot": [
                34,
                86,
                0
              ],
              "rotation": [
                -12.5,
                0,
                5
              ],
              "uv": [
                84,
                569
              ]
            },
            {
              "origin": [
                31,
                64,
                -17
              ],
              "size": [
                9,
                15,
                10
              ],
              "pivot": [
                36,
                68,
                0
              ],
              "rotation": [
                -18.7525,
                -2.60857,
                8.11398
              ],
              "uv": [
                76,
                638
              ]
            },
            {
              "origin": [
                34,
                72,
                -17
              ],
              "size": [
                11,
                5,
                11
              ],
              "pivot": [
                36,
                68,
                0
              ],
              "rotation": [
                9.13178,
                -17.04852,
                -89.36443
              ],
              "uv": [
                224,
                638
              ]
            },
            {
              "origin": [
                31.89999,
                176.63794,
                0
              ],
              "size": [
                5,
                5,
                5
              ],
              "pivot": [
                34,
                158,
                0
              ],
              "rotation": [
                0,
                0,
                20
              ],
              "uv": [
                0,
                778
              ]
            },
            {
              "origin": [
                30.89999,
                181.63794,
                -1
              ],
              "size": [
                7,
                2,
                7
              ],
              "pivot": [
                34,
                158,
                0
              ],
              "rotation": [
                0,
                0,
                20
              ],
              "uv": [
                134,
                726
              ]
            },
            {
              "origin": [
                -24,
                182,
                -10
              ],
              "size": [
                49,
                4,
                5
              ],
              "uv": [
                0,
                346
              ]
            },
            {
              "origin": [
                -24,
                153,
                -10
              ],
              "size": [
                49,
                4,
                5
              ],
              "uv": [
                292,
                298
              ]
            },
            {
              "origin": [
                -24,
                157,
                -10
              ],
              "size": [
                4,
                25,
                5
              ],
              "uv": [
                18,
                717
              ]
            },
            {
              "origin": [
                21,
                157,
                -10
              ],
              "size": [
                4,
                25,
                5
              ],
              "uv": [
                0,
                717
              ]
            },
            {
              "origin": [
                -24,
                153,
                -5
              ],
              "size": [
                49,
                33,
                17
              ],
              "uv": [
                208,
                0
              ]
            },
            {
              "origin": [
                -24,
                153,
                -5
              ],
              "size": [
                49,
                33,
                17
              ],
              "uv": [
                208,
                0
              ]
            },
            {
              "origin": [
                -25,
                153,
                -5
              ],
              "size": [
                49,
                33,
                17
              ],
              "uv": [
                208,
                0
              ]
            },
            {
              "origin": [
                -37.89999,
                181.63794,
                -1
              ],
              "size": [
                7,
                2,
                7
              ],
              "pivot": [
                -34,
                158,
                0
              ],
              "rotation": [
                0,
                0,
                -20
              ],
              "uv": [
                134,
                717
              ]
            },
            {
              "origin": [
                -36.89999,
                176.63794,
                0
              ],
              "size": [
                5,
                5,
                5
              ],
              "pivot": [
                -34,
                158,
                0
              ],
              "rotation": [
                0,
                0,
                -20
              ],
              "uv": [
                264,
                762
              ]
            },
            {
              "origin": [
                -25,
                157,
                -10
              ],
              "size": [
                4,
                25,
                5
              ],
              "uv": [
                238,
                674
              ]
            },
            {
              "origin": [
                -44,
                98,
                -27
              ],
              "size": [
                14,
                18,
                12
              ],
              "pivot": [
                0,
                0,
                0
              ],
              "rotation": [
                -10,
                0,
                0
              ],
              "uv": [
                0,
                573
              ]
            },
            {
              "origin": [
                -42,
                98.33407,
                2.81846
              ],
              "size": [
                6,
                12,
                12
              ],
              "pivot": [
                -36,
                102,
                7
              ],
              "rotation": [
                -11.24314,
                -27.0478,
                5.16524
              ],
              "uv": [
                152,
                638
              ]
            },
            {
              "origin": [
                -40,
                98.33407,
                14.81846
              ],
              "size": [
                6,
                12,
                10
              ],
              "pivot": [
                -36,
                102,
                7
              ],
              "rotation": [
                -13.4502,
                -41.70738,
                9.04107
              ],
              "uv": [
                86,
                674
              ]
            },
            {
              "origin": [
                -40,
                98.33407,
                24.81846
              ],
              "size": [
                6,
                12,
                5
              ],
              "pivot": [
                -36,
                102,
                7
              ],
              "rotation": [
                -13.4502,
                -41.70738,
                9.04107
              ],
              "uv": [
                88,
                717
              ]
            },
            {
              "origin": [
                -50.94937,
                70.42168,
                9.05991
              ],
              "size": [
                6,
                6,
                4
              ],
              "pivot": [
                -47,
                73,
                14
              ],
              "rotation": [
                -43.4502,
                -41.70738,
                9.04107
              ],
              "uv": [
                244,
                762
              ]
            },
            {
              "origin": [
                -52.86985,
                105.72935,
                23.49582
              ],
              "size": [
                6,
                21,
                5
              ],
              "pivot": [
                -47,
                102,
                22
              ],
              "rotation": [
                9.0498,
                -41.70738,
                9.04107
              ],
              "uv": [
                172,
                674
              ]
            },
            {
              "origin": [
                -52.86985,
                75.72935,
                22.49582
              ],
              "size": [
                6,
                21,
                5
              ],
              "pivot": [
                -47,
                102,
                22
              ],
              "rotation": [
                -25.9502,
                -41.70738,
                9.04107
              ],
              "uv": [
                150,
                674
              ]
            },
            {
              "origin": [
                24.89999,
                146.63794,
                -6
              ],
              "size": [
                19,
                30,
                18
              ],
              "pivot": [
                34,
                158,
                0
              ],
              "rotation": [
                0,
                0,
                20
              ],
              "uv": [
                74,
                298
              ],
              "mirror": true
            }
          ]
        },
        {
          "name": "bone",
          "pivot": [
            42,
            183,
            4
          ],
          "cubes": [
            {
              "origin": [
                42,
                182,
                2
              ],
              "size": [
                2,
                2,
                1
              ],
              "pivot": [
                42,
                182,
                3
              ],
              "rotation": [
                0,
                0,
                20
              ],
              "uv": [
                76,
                797
              ]
            },
            {
              "origin": [
                3,
                183,
                1
              ],
              "size": [
                39,
                1,
                3
              ],
              "pivot": [
                42,
                182,
                3
              ],
              "rotation": [
                0,
                0,
                27.5
              ],
              "uv": [
                0,
                569
              ]
            },
            {
              "origin": [
                44,
                183,
                1
              ],
              "size": [
                39,
                1,
                3
              ],
              "pivot": [
                42,
                182,
                3
              ],
              "rotation": [
                3.68232,
                -2.62654,
                -4.00592
              ],
              "uv": [
                72,
                502
              ]
            },
            {
              "origin": [
                41,
                183,
                -39
              ],
              "size": [
                3,
                1,
                41
              ],
              "pivot": [
                42,
                182,
                3
              ],
              "rotation": [
                -10.10261,
                -3.83534,
                18.49825
              ],
              "uv": [
                264,
                256
              ]
            },
            {
              "origin": [
                41,
                183,
                3
              ],
              "size": [
                3,
                1,
                41
              ],
              "pivot": [
                42,
                182,
                3
              ],
              "rotation": [
                12.39739,
                -3.83534,
                18.49825
              ],
              "uv": [
                88,
                256
              ]
            }
          ]
        },
        {
          "name": "bone2",
          "pivot": [
            -45,
            184,
            3
          ],
          "rotation": [
            0,
            0,
            -42.5
          ],
          "cubes": [
            {
              "origin": [
                -45.87398,
                182.89557,
                2
              ],
              "size": [
                2,
                2,
                1
              ],
              "pivot": [
                -45.87398,
                182.89557,
                3
              ],
              "rotation": [
                0,
                0,
                20
              ],
              "uv": [
                76,
                797
              ]
            },
            {
              "origin": [
                -45.87398,
                180.89557,
                2
              ],
              "size": [
                2,
                2,
                1
              ],
              "pivot": [
                -45.87398,
                182.89557,
                3
              ],
              "rotation": [
                0,
                0,
                20
              ],
              "uv": [
                76,
                797
              ]
            },
            {
              "origin": [
                -84.87398,
                183.89557,
                1
              ],
              "size": [
                39,
                1,
                3
              ],
              "pivot": [
                -45.87398,
                182.89557,
                3
              ],
              "rotation": [
                0,
                0,
                35
              ],
              "uv": [
                0,
                569
              ]
            },
            {
              "origin": [
                -43.87398,
                183.89557,
                1
              ],
              "size": [
                39,
                1,
                3
              ],
              "pivot": [
                -45.87398,
                182.89557,
                3
              ],
              "rotation": [
                2.87765,
                -3.48971,
                10.99085
              ],
              "uv": [
                72,
                502
              ]
            },
            {
              "origin": [
                -46.87398,
                183.89557,
                -39
              ],
              "size": [
                3,
                1,
                41
              ],
              "pivot": [
                -45.87398,
                182.89557,
                3
              ],
              "rotation": [
                -10.10261,
                -3.83534,
                18.49825
              ],
              "uv": [
                264,
                256
              ]
            },
            {
              "origin": [
                -46.87398,
                183.89557,
                3
              ],
              "size": [
                3,
                1,
                41
              ],
              "pivot": [
                -45.87398,
                182.89557,
                3
              ],
              "rotation": [
                12.39739,
                -3.83534,
                18.49825
              ],
              "uv": [
                88,
                256
              ]
            }
          ]
        }
      ]
    }
  ]
}