{
  "format_version": "1.12.0",
  "minecraft:geometry": [
    {
      "description": {
        "identifier": "geometry.good_gman_toilet",
        "texture_width": 1216,
        "texture_height": 1216,
        "visible_bounds_width": 24,
        "visible_bounds_height": 25,
        "visible_bounds_offset": [
          0,
          1.5,
          0
        ]
      },
      "bones": [
        {
          "name": "bb_main",
          "pivot": [
            0,
            0,
            0
          ],
          "cubes": [
            {
              "origin": [
                -31,
                0,
                -30
              ],
              "size": [
                62,
                84,
                66
              ],
              "uv": [
                320,
                300
              ]
            },
            {
              "origin": [
                -35,
                84,
                -46
              ],
              "size": [
                72,
                15,
                88
              ],
              "uv": [
                0,
                300
              ]
            },
            {
              "origin": [
                -23,
                128,
                -28
              ],
              "size": [
                49,
                60,
                40
              ],
              "uv": [
                0,
                489
              ]
            },
            {
              "origin": [
                -21,
                126,
                -28
              ],
              "size": [
                45,
                64,
                40
              ],
              "uv": [
                0,
                597
              ]
            },
            {
              "origin": [
                -21,
                190,
                -28
              ],
              "size": [
                45,
                1,
                40
              ],
              "uv": [
                122,
                824
              ]
            },
            {
              "origin": [
                26,
                156,
                -19
              ],
              "size": [
                2,
                34,
                31
              ],
              "uv": [
                368,
                883
              ]
            },
            {
              "origin": [
                -24,
                156,
                -19
              ],
              "size": [
                2,
                34,
                31
              ],
              "uv": [
                302,
                883
              ]
            },
            {
              "origin": [
                -24,
                173,
                -28
              ],
              "size": [
                2,
                16,
                9
              ],
              "uv": [
                22,
                948
              ]
            },
            {
              "origin": [
                25,
                173,
                -28
              ],
              "size": [
                2,
                16,
                9
              ],
              "uv": [
                0,
                948
              ]
            },
            {
              "origin": [
                -23,
                188,
                -27
              ],
              "size": [
                2,
                2,
                8
              ],
              "uv": [
                66,
                958
              ]
            },
            {
              "origin": [
                24,
                188,
                -27
              ],
              "size": [
                2,
                2,
                8
              ],
              "uv": [
                66,
                948
              ]
            },
            {
              "origin": [
                -22,
                187,
                -19
              ],
              "size": [
                2,
                3,
                31
              ],
              "uv": [
                524,
                883
              ]
            },
            {
              "origin": [
                24,
                187,
                -19
              ],
              "size": [
                2,
                3,
                31
              ],
              "uv": [
                434,
                913
              ]
            },
            {
              "origin": [
                -20,
                128,
                -30
              ],
              "size": [
                43,
                60,
                2
              ],
              "uv": [
                108,
                883
              ]
            },
            {
              "origin": [
                -14,
                147,
                -321
              ],
              "size": [
                9,
                7,
                291
              ],
              "pivot": [
                0,
                174,
                -52
              ],
              "rotation": [
                62.5,
                0,
                0
              ],
              "uv": [
                604,
                0
              ]
            },
            {
              "origin": [
                9,
                147,
                -323
              ],
              "size": [
                9,
                7,
                293
              ],
              "pivot": [
                0,
                174,
                -52
              ],
              "rotation": [
                62.5,
                0,
                0
              ],
              "uv": [
                0,
                0
              ]
            },
            {
              "origin": [
                -20,
                128,
                12
              ],
              "size": [
                43,
                28,
                2
              ],
              "uv": [
                434,
                883
              ]
            },
            {
              "origin": [
                -23,
                156,
                12
              ],
              "size": [
                50,
                34,
                2
              ],
              "uv": [
                198,
                883
              ]
            },
            {
              "origin": [
                -13,
                99,
                -15
              ],
              "size": [
                27,
                29,
                27
              ],
              "uv": [
                0,
                883
              ]
            },
            {
              "origin": [
                -37,
                99,
                29
              ],
              "size": [
                76,
                71,
                13
              ],
              "uv": [
                122,
                740
              ]
            },
            {
              "origin": [
                -44,
                85,
                42
              ],
              "size": [
                90,
                93,
                35
              ],
              "uv": [
                576,
                300
              ]
            },
            {
              "origin": [
                -48,
                178,
                42
              ],
              "size": [
                99,
                4,
                35
              ],
              "uv": [
                0,
                450
              ]
            },
            {
              "origin": [
                34,
                179,
                60
              ],
              "size": [
                6,
                12,
                5
              ],
              "uv": [
                44,
                948
              ]
            },
            {
              "origin": [
                -35,
                170,
                29
              ],
              "size": [
                72,
                2,
                13
              ],
              "uv": [
                122,
                865
              ]
            },
            {
              "origin": [
                -32,
                172,
                29
              ],
              "size": [
                67,
                2,
                13
              ],
              "uv": [
                300,
                740
              ]
            },
            {
              "origin": [
                -37,
                84,
                -44
              ],
              "size": [
                2,
                15,
                84
              ],
              "uv": [
                170,
                597
              ]
            },
            {
              "origin": [
                37,
                85,
                -44
              ],
              "size": [
                2,
                14,
                83
              ],
              "uv": [
                342,
                597
              ]
            },
            {
              "origin": [
                -33,
                0,
                -28
              ],
              "size": [
                2,
                84,
                63
              ],
              "uv": [
                398,
                450
              ]
            },
            {
              "origin": [
                31,
                0,
                -28
              ],
              "size": [
                2,
                84,
                63
              ],
              "uv": [
                268,
                450
              ]
            },
            {
              "origin": [
                -35,
                0,
                -26
              ],
              "size": [
                2,
                84,
                59
              ],
              "uv": [
                0,
                740
              ]
            },
            {
              "origin": [
                33,
                0,
                -26
              ],
              "size": [
                2,
                84,
                59
              ],
              "uv": [
                512,
                597
              ]
            }
          ]
        }
      ]
    }
  ]
}