{
  "format_version": "1.12.0",
  "minecraft:geometry": [
    {
      "description": {
        "identifier": "geometry.good_dj_toilet",
        "texture_width": 128,
        "texture_height": 128,
        "visible_bounds_width": 5,
        "visible_bounds_height": 5,
        "visible_bounds_offset": [
          0,
          0.5,
          0
        ]
      },
      "bones": [
        {
          "name": "bb_main",
          "pivot": [
            0,
            0,
            0
          ],
          "cubes": [
            {
              "origin": [
                -5,
                0,
                -6
              ],
              "size": [
                10,
                10,
                11
              ],
              "uv": [
                54,
                0
              ]
            },
            {
              "origin": [
                -4,
                0,
                -7
              ],
              "size": [
                8,
                10,
                1
              ],
              "uv": [
                54,
                57
              ]
            },
            {
              "origin": [
                -4,
                0,
                5
              ],
              "size": [
                8,
                10,
                1
              ],
              "uv": [
                36,
                57
              ]
            },
            {
              "origin": [
                -6,
                0,
                -5
              ],
              "size": [
                1,
                10,
                9
              ],
              "uv": [
                0,
                57
              ]
            },
            {
              "origin": [
                5,
                0,
                -5
              ],
              "size": [
                1,
                10,
                9
              ],
              "uv": [
                60,
                38
              ]
            },
            {
              "origin": [
                -6,
                10,
                -9
              ],
              "size": [
                12,
                3,
                15
              ],
              "uv": [
                0,
                0
              ]
            },
            {
              "origin": [
                -6,
                8,
                -11
              ],
              "size": [
                12,
                3,
                5
              ],
              "pivot": [
                0,
                0,
                0
              ],
              "rotation": [
                -10,
                0,
                0
              ],
              "uv": [
                0,
                38
              ]
            },
            {
              "origin": [
                -5,
                9,
                -12
              ],
              "size": [
                10,
                2,
                1
              ],
              "pivot": [
                0,
                0,
                0
              ],
              "rotation": [
                -10,
                0,
                0
              ],
              "uv": [
                22,
                82
              ]
            },
            {
              "origin": [
                -2,
                10,
                1
              ],
              "size": [
                4,
                11,
                4
              ],
              "pivot": [
                0,
                0,
                0
              ],
              "rotation": [
                22.5,
                0,
                0
              ],
              "uv": [
                20,
                57
              ]
            },
            {
              "origin": [
                -3,
                17,
                -8
              ],
              "size": [
                6,
                7,
                7
              ],
              "uv": [
                34,
                38
              ]
            },
            {
              "origin": [
                -3,
                24,
                -7
              ],
              "size": [
                6,
                1,
                5
              ],
              "uv": [
                22,
                76
              ]
            },
            {
              "origin": [
                -3,
                25,
                -7
              ],
              "size": [
                6,
                1,
                5
              ],
              "uv": [
                0,
                76
              ]
            },
            {
              "origin": [
                -4,
                24,
                -7
              ],
              "size": [
                1,
                1,
                5
              ],
              "uv": [
                42,
                102
              ]
            },
            {
              "origin": [
                3,
                24,
                -7
              ],
              "size": [
                1,
                1,
                5
              ],
              "uv": [
                30,
                102
              ]
            },
            {
              "origin": [
                -3,
                24,
                -8
              ],
              "size": [
                6,
                1,
                1
              ],
              "uv": [
                0,
                113
              ]
            },
            {
              "origin": [
                -3,
                23,
                -9
              ],
              "size": [
                6,
                1,
                1
              ],
              "uv": [
                56,
                102
              ]
            },
            {
              "origin": [
                -3,
                23,
                -1
              ],
              "size": [
                6,
                1,
                1
              ],
              "uv": [
                42,
                108
              ]
            },
            {
              "origin": [
                -4,
                23,
                -2
              ],
              "size": [
                8,
                1,
                1
              ],
              "uv": [
                12,
                104
              ]
            },
            {
              "origin": [
                -4,
                23,
                -8
              ],
              "size": [
                8,
                1,
                1
              ],
              "uv": [
                12,
                102
              ]
            },
            {
              "origin": [
                4,
                20,
                -7
              ],
              "size": [
                1,
                4,
                5
              ],
              "uv": [
                0,
                102
              ]
            },
            {
              "origin": [
                5,
                20,
                -7
              ],
              "size": [
                1,
                4,
                5
              ],
              "uv": [
                52,
                88
              ]
            },
            {
              "origin": [
                4,
                24,
                -5
              ],
              "size": [
                1,
                4,
                1
              ],
              "pivot": [
                5,
                24,
                -5
              ],
              "rotation": [
                0,
                0,
                -45
              ],
              "uv": [
                26,
                111
              ]
            },
            {
              "origin": [
                7,
                27,
                -5
              ],
              "size": [
                1,
                4,
                1
              ],
              "pivot": [
                5,
                24,
                -5
              ],
              "rotation": [
                0,
                0,
                -90
              ],
              "uv": [
                22,
                111
              ]
            },
            {
              "origin": [
                -3,
                24,
                -2
              ],
              "size": [
                6,
                1,
                1
              ],
              "uv": [
                0,
                111
              ]
            },
            {
              "origin": [
                -3,
                16,
                -7
              ],
              "size": [
                6,
                1,
                5
              ],
              "uv": [
                0,
                82
              ]
            },
            {
              "origin": [
                -4,
                17,
                -7
              ],
              "size": [
                1,
                7,
                5
              ],
              "uv": [
                0,
                88
              ]
            },
            {
              "origin": [
                3,
                17,
                -7
              ],
              "size": [
                1,
                7,
                5
              ],
              "uv": [
                44,
                76
              ]
            },
            {
              "origin": [
                -5,
                13,
                3
              ],
              "size": [
                10,
                12,
                4
              ],
              "uv": [
                38,
                21
              ]
            },
            {
              "origin": [
                -8,
                12,
                7
              ],
              "size": [
                16,
                14,
                3
              ],
              "uv": [
                0,
                21
              ]
            },
            {
              "origin": [
                -7,
                13,
                10
              ],
              "size": [
                14,
                12,
                1
              ],
              "uv": [
                66,
                21
              ]
            },
            {
              "origin": [
                -6,
                13,
                3
              ],
              "size": [
                1,
                11,
                3
              ],
              "uv": [
                20,
                88
              ]
            },
            {
              "origin": [
                5,
                13,
                3
              ],
              "size": [
                1,
                11,
                3
              ],
              "uv": [
                12,
                88
              ]
            },
            {
              "origin": [
                5,
                26,
                8
              ],
              "size": [
                1,
                2,
                1
              ],
              "uv": [
                30,
                111
              ]
            },
            {
              "origin": [
                -5,
                24,
                -5
              ],
              "size": [
                1,
                4,
                1
              ],
              "pivot": [
                -5,
                24,
                -5
              ],
              "rotation": [
                0,
                0,
                45
              ],
              "uv": [
                18,
                111
              ]
            },
            {
              "origin": [
                -5,
                20,
                -7
              ],
              "size": [
                1,
                4,
                5
              ],
              "uv": [
                40,
                88
              ]
            },
            {
              "origin": [
                -6,
                20,
                -7
              ],
              "size": [
                1,
                4,
                5
              ],
              "uv": [
                28,
                88
              ]
            },
            {
              "origin": [
                -8,
                27,
                -5
              ],
              "size": [
                1,
                4,
                1
              ],
              "pivot": [
                -5,
                24,
                -5
              ],
              "rotation": [
                0,
                0,
                90
              ],
              "uv": [
                14,
                111
              ]
            }
          ]
        }
      ]
    }
  ]
}