{
  "format_version": "1.12.0",
  "minecraft:geometry": [
    {
      "description": {
        "identifier": "geometry.good_titan_speackerman",
        "texture_width": 688,
        "texture_height": 688,
        "visible_bounds_width": 19,
        "visible_bounds_height": 24,
        "visible_bounds_offset": [
          0,
          3,
          0
        ]
      },
      "bones": [
        {
          "name": "bb_main2",
          "pivot": [
            0,
            0,
            0
          ]
        },
        {
          "name": "bb_main",
          "pivot": [
            0,
            0,
            0
          ],
          "cubes": [
            {
              "origin": [
                -24,
                9,
                23
              ],
              "size": [
                11,
                66,
                12
              ],
              "pivot": [
                0,
                4,
                0
              ],
              "rotation": [
                20,
                0,
                0
              ],
              "uv": [
                0,
                142
              ]
            },
            {
              "origin": [
                -25,
                9,
                24
              ],
              "size": [
                1,
                66,
                10
              ],
              "pivot": [
                0,
                4,
                0
              ],
              "rotation": [
                20,
                0,
                0
              ],
              "uv": [
                44,
                346
              ]
            },
            {
              "origin": [
                -13,
                9,
                24
              ],
              "size": [
                1,
                66,
                10
              ],
              "pivot": [
                0,
                4,
                0
              ],
              "rotation": [
                20,
                0,
                0
              ],
              "uv": [
                22,
                346
              ]
            },
            {
              "origin": [
                -19,
                79,
                -3
              ],
              "size": [
                37,
                46,
                12
              ],
              "uv": [
                122,
                0
              ]
            },
            {
              "origin": [
                -18,
                80,
                -4
              ],
              "size": [
                35,
                45,
                1
              ],
              "uv": [
                0,
                220
              ]
            },
            {
              "origin": [
                -2,
                100,
                -6
              ],
              "size": [
                1,
                5,
                1
              ],
              "uv": [
                176,
                669
              ]
            },
            {
              "origin": [
                -1,
                100,
                -6
              ],
              "size": [
                4,
                2,
                1
              ],
              "uv": [
                166,
                672
              ]
            },
            {
              "origin": [
                -1,
                104,
                -6
              ],
              "size": [
                4,
                2,
                1
              ],
              "uv": [
                166,
                669
              ]
            },
            {
              "origin": [
                -18,
                100,
                -5
              ],
              "size": [
                35,
                5,
                1
              ],
              "uv": [
                0,
                460
              ]
            },
            {
              "origin": [
                -18,
                79,
                -3
              ],
              "size": [
                7,
                16,
                12
              ],
              "pivot": [
                -20,
                96,
                0
              ],
              "rotation": [
                0,
                0,
                22.5
              ],
              "uv": [
                180,
                506
              ]
            },
            {
              "origin": [
                -8,
                71,
                -3
              ],
              "size": [
                7,
                16,
                12
              ],
              "pivot": [
                -20,
                96,
                0
              ],
              "rotation": [
                10,
                0,
                22.5
              ],
              "uv": [
                142,
                506
              ]
            },
            {
              "origin": [
                14.13522,
                77.92947,
                -3
              ],
              "size": [
                7,
                16,
                12
              ],
              "pivot": [
                18,
                85,
                0
              ],
              "rotation": [
                0,
                0,
                -17.5
              ],
              "uv": [
                104,
                506
              ]
            },
            {
              "origin": [
                -25,
                125,
                -3
              ],
              "size": [
                49,
                29,
                12
              ],
              "uv": [
                0,
                0
              ]
            },
            {
              "origin": [
                -12,
                154,
                -9
              ],
              "size": [
                25,
                8,
                18
              ],
              "uv": [
                62,
                286
              ]
            },
            {
              "origin": [
                -7,
                162,
                -7
              ],
              "size": [
                15,
                21,
                16
              ],
              "uv": [
                248,
                286
              ]
            },
            {
              "origin": [
                -13,
                162,
                -3
              ],
              "size": [
                8,
                24,
                12
              ],
              "pivot": [
                0,
                162,
                0
              ],
              "rotation": [
                0,
                0,
                -17.5
              ],
              "uv": [
                72,
                460
              ]
            },
            {
              "origin": [
                -11,
                181,
                -4
              ],
              "size": [
                4,
                4,
                1
              ],
              "pivot": [
                0,
                162,
                0
              ],
              "rotation": [
                0,
                0,
                -17.5
              ],
              "uv": [
                136,
                674
              ]
            },
            {
              "origin": [
                -11,
                175,
                -4
              ],
              "size": [
                4,
                4,
                1
              ],
              "pivot": [
                0,
                162,
                0
              ],
              "rotation": [
                0,
                0,
                -17.5
              ],
              "uv": [
                136,
                669
              ]
            },
            {
              "origin": [
                -11,
                169,
                -4
              ],
              "size": [
                4,
                4,
                1
              ],
              "pivot": [
                0,
                162,
                0
              ],
              "rotation": [
                0,
                0,
                -17.5
              ],
              "uv": [
                126,
                674
              ]
            },
            {
              "origin": [
                -3,
                174,
                -8
              ],
              "size": [
                7,
                7,
                1
              ],
              "uv": [
                72,
                669
              ]
            },
            {
              "origin": [
                -10,
                155,
                -10
              ],
              "size": [
                6,
                6,
                1
              ],
              "uv": [
                102,
                669
              ]
            },
            {
              "origin": [
                5,
                155,
                -10
              ],
              "size": [
                6,
                6,
                1
              ],
              "uv": [
                88,
                669
              ]
            },
            {
              "origin": [
                0,
                158,
                -10
              ],
              "size": [
                1,
                1,
                1
              ],
              "uv": [
                176,
                677
              ]
            },
            {
              "origin": [
                0,
                165,
                -8
              ],
              "size": [
                1,
                1,
                1
              ],
              "uv": [
                176,
                675
              ]
            },
            {
              "origin": [
                -41,
                118,
                -4
              ],
              "size": [
                16,
                36,
                15
              ],
              "pivot": [
                -35,
                133,
                0
              ],
              "rotation": [
                0,
                0,
                17.5
              ],
              "uv": [
                0,
                286
              ]
            },
            {
              "origin": [
                24.33238,
                118.34918,
                -13
              ],
              "size": [
                16,
                36,
                15
              ],
              "pivot": [
                37,
                133,
                0
              ],
              "rotation": [
                -32.5,
                0,
                -17.5
              ],
              "uv": [
                168,
                220
              ]
            },
            {
              "origin": [
                -44,
                102,
                -3
              ],
              "size": [
                14,
                18,
                12
              ],
              "uv": [
                260,
                422
              ]
            },
            {
              "origin": [
                27,
                89.25601,
                -9.65899
              ],
              "size": [
                14,
                21,
                12
              ],
              "pivot": [
                0,
                122,
                6
              ],
              "rotation": [
                -65,
                0,
                0
              ],
              "uv": [
                120,
                422
              ]
            },
            {
              "origin": [
                -42,
                81,
                -2
              ],
              "size": [
                12,
                28,
                10
              ],
              "pivot": [
                -34,
                90,
                0
              ],
              "rotation": [
                0,
                0,
                -5
              ],
              "uv": [
                216,
                422
              ]
            },
            {
              "origin": [
                24.27018,
                57.18806,
                -40
              ],
              "size": [
                12,
                22,
                10
              ],
              "pivot": [
                37,
                90,
                0
              ],
              "rotation": [
                -67.5,
                0,
                7.5
              ],
              "uv": [
                112,
                460
              ]
            },
            {
              "origin": [
                27.27018,
                63.18806,
                -30
              ],
              "size": [
                9,
                16,
                3
              ],
              "pivot": [
                37,
                90,
                0
              ],
              "rotation": [
                -67.5,
                0,
                7.5
              ],
              "uv": [
                68,
                631
              ]
            },
            {
              "origin": [
                25.27018,
                54.18806,
                -27
              ],
              "size": [
                13,
                25,
                13
              ],
              "pivot": [
                37,
                90,
                0
              ],
              "rotation": [
                -67.5,
                0,
                7.5
              ],
              "uv": [
                88,
                346
              ]
            },
            {
              "origin": [
                25.27018,
                50.18806,
                -28
              ],
              "size": [
                13,
                29,
                1
              ],
              "pivot": [
                37,
                90,
                0
              ],
              "rotation": [
                -67.5,
                0,
                7.5
              ],
              "uv": [
                76,
                549
              ]
            },
            {
              "origin": [
                25.27018,
                50.18806,
                -14
              ],
              "size": [
                13,
                29,
                1
              ],
              "pivot": [
                37,
                90,
                0
              ],
              "rotation": [
                -67.5,
                0,
                7.5
              ],
              "uv": [
                48,
                549
              ]
            },
            {
              "origin": [
                26.27018,
                87.91488,
                -41.54461
              ],
              "size": [
                12,
                5,
                1
              ],
              "pivot": [
                37,
                90,
                -43
              ],
              "rotation": [
                -77.5,
                0,
                7.5
              ],
              "uv": [
                112,
                655
              ]
            },
            {
              "origin": [
                27.70597,
                101.07719,
                -49.33751
              ],
              "size": [
                12,
                3,
                1
              ],
              "pivot": [
                37,
                101,
                -48
              ],
              "rotation": [
                135,
                0,
                7.5
              ],
              "uv": [
                112,
                651
              ]
            },
            {
              "origin": [
                38.27018,
                50.18806,
                -27
              ],
              "size": [
                1,
                29,
                13
              ],
              "pivot": [
                37,
                90,
                0
              ],
              "rotation": [
                -67.5,
                0,
                7.5
              ],
              "uv": [
                0,
                506
              ]
            },
            {
              "origin": [
                39.07165,
                86.16924,
                -52.30998
              ],
              "size": [
                1,
                3,
                13
              ],
              "pivot": [
                37,
                90,
                -41
              ],
              "rotation": [
                -66.21227,
                18.42031,
                15.42945
              ],
              "uv": [
                40,
                647
              ]
            },
            {
              "origin": [
                24.95721,
                87.47497,
                -53.15411
              ],
              "size": [
                1,
                3,
                13
              ],
              "pivot": [
                30,
                90,
                -41
              ],
              "rotation": [
                -66.21227,
                -18.42031,
                -0.42945
              ],
              "uv": [
                40,
                631
              ]
            },
            {
              "origin": [
                25.27018,
                50.18806,
                -27
              ],
              "size": [
                1,
                29,
                13
              ],
              "pivot": [
                37,
                90,
                0
              ],
              "rotation": [
                -67.5,
                0,
                7.5
              ],
              "uv": [
                204,
                460
              ]
            },
            {
              "origin": [
                -40,
                69,
                -4
              ],
              "size": [
                4,
                14,
                10
              ],
              "pivot": [
                -36,
                72,
                0
              ],
              "rotation": [
                -8.7525,
                2.60857,
                -8.11398
              ],
              "uv": [
                28,
                592
              ]
            },
            {
              "origin": [
                27.83878,
                23.03579,
                -47.23665
              ],
              "size": [
                4,
                14,
                10
              ],
              "pivot": [
                40,
                72,
                0
              ],
              "rotation": [
                -83.25955,
                0.61399,
                9.27979
              ],
              "uv": [
                0,
                592
              ]
            },
            {
              "origin": [
                -45,
                76,
                -4
              ],
              "size": [
                11,
                3,
                10
              ],
              "pivot": [
                -36,
                72,
                0
              ],
              "rotation": [
                8.8533,
                9.64042,
                88.16044
              ],
              "uv": [
                118,
                549
              ]
            },
            {
              "origin": [
                -12.18571,
                66.91051,
                -50.39884
              ],
              "size": [
                11,
                3,
                10
              ],
              "pivot": [
                30,
                76,
                0
              ],
              "rotation": [
                4.73027,
                -4.26285,
                106.74778
              ],
              "uv": [
                76,
                579
              ]
            },
            {
              "origin": [
                -24,
                125,
                -6
              ],
              "size": [
                47,
                29,
                3
              ],
              "uv": [
                0,
                64
              ]
            },
            {
              "origin": [
                -6,
                133,
                -10
              ],
              "size": [
                13,
                12,
                4
              ],
              "uv": [
                56,
                592
              ]
            },
            {
              "origin": [
                -6,
                146,
                -13
              ],
              "size": [
                13,
                2,
                7
              ],
              "uv": [
                130,
                601
              ]
            },
            {
              "origin": [
                -6,
                132,
                -13
              ],
              "size": [
                13,
                2,
                7
              ],
              "uv": [
                130,
                592
              ]
            },
            {
              "origin": [
                -8,
                134,
                -13
              ],
              "size": [
                2,
                12,
                8
              ],
              "uv": [
                112,
                631
              ]
            },
            {
              "origin": [
                -18,
                134,
                -11
              ],
              "size": [
                10,
                16,
                6
              ],
              "uv": [
                160,
                549
              ]
            },
            {
              "origin": [
                9,
                134,
                -11
              ],
              "size": [
                10,
                16,
                6
              ],
              "uv": [
                118,
                562
              ]
            },
            {
              "origin": [
                12,
                143,
                -12
              ],
              "size": [
                4,
                4,
                1
              ],
              "uv": [
                156,
                674
              ]
            },
            {
              "origin": [
                12,
                136,
                -12
              ],
              "size": [
                4,
                4,
                1
              ],
              "uv": [
                156,
                669
              ]
            },
            {
              "origin": [
                -15,
                136,
                -12
              ],
              "size": [
                4,
                4,
                1
              ],
              "uv": [
                146,
                674
              ]
            },
            {
              "origin": [
                -15,
                143,
                -12
              ],
              "size": [
                4,
                4,
                1
              ],
              "uv": [
                146,
                669
              ]
            },
            {
              "origin": [
                7,
                134,
                -13
              ],
              "size": [
                2,
                12,
                8
              ],
              "uv": [
                92,
                631
              ]
            },
            {
              "origin": [
                -24,
                125,
                9
              ],
              "size": [
                47,
                28,
                1
              ],
              "uv": [
                0,
                96
              ]
            },
            {
              "origin": [
                -9,
                122,
                10
              ],
              "size": [
                29,
                49,
                15
              ],
              "uv": [
                220,
                0
              ]
            },
            {
              "origin": [
                -23,
                122,
                10
              ],
              "size": [
                14,
                49,
                15
              ],
              "uv": [
                46,
                142
              ]
            },
            {
              "origin": [
                -21,
                106,
                25
              ],
              "size": [
                12,
                54,
                12
              ],
              "pivot": [
                0,
                130,
                19
              ],
              "rotation": [
                17.5,
                0,
                0
              ],
              "uv": [
                120,
                220
              ]
            },
            {
              "origin": [
                6,
                106,
                25
              ],
              "size": [
                12,
                54,
                12
              ],
              "pivot": [
                0,
                130,
                19
              ],
              "rotation": [
                17.5,
                0,
                0
              ],
              "uv": [
                72,
                220
              ]
            },
            {
              "origin": [
                12,
                72,
                25
              ],
              "size": [
                0,
                34,
                12
              ],
              "pivot": [
                0,
                130,
                19
              ],
              "rotation": [
                17.5,
                0,
                0
              ],
              "uv": [
                180,
                460
              ]
            },
            {
              "origin": [
                6.88568,
                80.17012,
                43.69068
              ],
              "size": [
                0,
                33,
                10
              ],
              "pivot": [
                14,
                103,
                47
              ],
              "rotation": [
                85.7087,
                -70.15029,
                -85.77464
              ],
              "uv": [
                0,
                549
              ]
            },
            {
              "origin": [
                6.88568,
                80.17012,
                51.69068
              ],
              "size": [
                0,
                33,
                5
              ],
              "pivot": [
                14,
                103,
                47
              ],
              "rotation": [
                103.2087,
                -70.15029,
                -85.77464
              ],
              "uv": [
                30,
                631
              ]
            },
            {
              "origin": [
                6.88568,
                80.17012,
                40.69068
              ],
              "size": [
                0,
                33,
                5
              ],
              "pivot": [
                14,
                103,
                47
              ],
              "rotation": [
                65.7087,
                -70.15029,
                -85.77464
              ],
              "uv": [
                20,
                631
              ]
            },
            {
              "origin": [
                12,
                72,
                18
              ],
              "size": [
                0,
                34,
                5
              ],
              "pivot": [
                0,
                130,
                19
              ],
              "rotation": [
                45,
                0,
                0
              ],
              "uv": [
                120,
                592
              ]
            },
            {
              "origin": [
                12,
                82,
                35
              ],
              "size": [
                0,
                34,
                5
              ],
              "pivot": [
                0,
                130,
                19
              ],
              "rotation": [
                -7.5,
                0,
                0
              ],
              "uv": [
                110,
                592
              ]
            },
            {
              "origin": [
                -32,
                139,
                10
              ],
              "size": [
                14,
                49,
                11
              ],
              "pivot": [
                -27,
                141,
                0
              ],
              "rotation": [
                0,
                0,
                -17.5
              ],
              "uv": [
                198,
                286
              ]
            },
            {
              "origin": [
                -7,
                124,
                10
              ],
              "size": [
                12,
                29,
                2
              ],
              "uv": [
                20,
                549
              ]
            },
            {
              "origin": [
                12,
                9,
                24
              ],
              "size": [
                1,
                66,
                10
              ],
              "pivot": [
                0,
                4,
                0
              ],
              "rotation": [
                20,
                0,
                0
              ],
              "uv": [
                66,
                346
              ]
            },
            {
              "origin": [
                13,
                3,
                16
              ],
              "size": [
                11,
                6,
                19
              ],
              "pivot": [
                0,
                4,
                0
              ],
              "rotation": [
                20,
                0,
                0
              ],
              "uv": [
                60,
                422
              ]
            },
            {
              "origin": [
                -24,
                3,
                16
              ],
              "size": [
                11,
                6,
                19
              ],
              "pivot": [
                0,
                4,
                0
              ],
              "rotation": [
                20,
                0,
                0
              ],
              "uv": [
                0,
                422
              ]
            },
            {
              "origin": [
                24,
                9,
                24
              ],
              "size": [
                1,
                66,
                10
              ],
              "pivot": [
                0,
                4,
                0
              ],
              "rotation": [
                20,
                0,
                0
              ],
              "uv": [
                0,
                346
              ]
            },
            {
              "origin": [
                6,
                162,
                -3
              ],
              "size": [
                8,
                24,
                12
              ],
              "pivot": [
                0,
                162,
                0
              ],
              "rotation": [
                0,
                0,
                17.5
              ],
              "uv": [
                0,
                466
              ]
            },
            {
              "origin": [
                8,
                181,
                -4
              ],
              "size": [
                4,
                4,
                1
              ],
              "pivot": [
                0,
                162,
                0
              ],
              "rotation": [
                0,
                0,
                17.5
              ],
              "uv": [
                126,
                669
              ]
            },
            {
              "origin": [
                8,
                175,
                -4
              ],
              "size": [
                4,
                4,
                1
              ],
              "pivot": [
                0,
                162,
                0
              ],
              "rotation": [
                0,
                0,
                17.5
              ],
              "uv": [
                116,
                674
              ]
            },
            {
              "origin": [
                8,
                169,
                -4
              ],
              "size": [
                4,
                4,
                1
              ],
              "pivot": [
                0,
                162,
                0
              ],
              "rotation": [
                0,
                0,
                17.5
              ],
              "uv": [
                116,
                669
              ]
            },
            {
              "origin": [
                16,
                139,
                10
              ],
              "size": [
                14,
                49,
                11
              ],
              "pivot": [
                27,
                141,
                0
              ],
              "rotation": [
                0,
                0,
                17.5
              ],
              "uv": [
                148,
                286
              ]
            },
            {
              "origin": [
                19,
                171,
                9
              ],
              "size": [
                8,
                10,
                1
              ],
              "pivot": [
                27,
                141,
                0
              ],
              "rotation": [
                0,
                0,
                17.5
              ],
              "uv": [
                54,
                669
              ]
            },
            {
              "origin": [
                19,
                157,
                9
              ],
              "size": [
                8,
                10,
                1
              ],
              "pivot": [
                27,
                141,
                0
              ],
              "rotation": [
                0,
                0,
                17.5
              ],
              "uv": [
                18,
                669
              ]
            },
            {
              "origin": [
                -29,
                157,
                9
              ],
              "size": [
                8,
                10,
                1
              ],
              "pivot": [
                -27,
                141,
                0
              ],
              "rotation": [
                0,
                0,
                -17.5
              ],
              "uv": [
                36,
                669
              ]
            },
            {
              "origin": [
                -29,
                171,
                9
              ],
              "size": [
                8,
                10,
                1
              ],
              "pivot": [
                -27,
                141,
                0
              ],
              "rotation": [
                0,
                0,
                -17.5
              ],
              "uv": [
                0,
                669
              ]
            },
            {
              "origin": [
                13,
                9,
                23
              ],
              "size": [
                11,
                66,
                12
              ],
              "pivot": [
                0,
                4,
                0
              ],
              "rotation": [
                20,
                0,
                0
              ],
              "uv": [
                100,
                64
              ]
            },
            {
              "origin": [
                -6.88568,
                80.17012,
                40.69068
              ],
              "size": [
                0,
                33,
                10
              ],
              "pivot": [
                -14,
                103,
                47
              ],
              "rotation": [
                85.7087,
                70.15029,
                85.77464
              ],
              "uv": [
                218,
                506
              ]
            },
            {
              "origin": [
                1,
                71,
                -3
              ],
              "size": [
                7,
                16,
                12
              ],
              "pivot": [
                20,
                96,
                0
              ],
              "rotation": [
                10,
                0,
                -22.5
              ],
              "uv": [
                28,
                506
              ]
            },
            {
              "origin": [
                -15,
                72,
                25
              ],
              "size": [
                0,
                34,
                12
              ],
              "pivot": [
                0,
                130,
                19
              ],
              "rotation": [
                17.5,
                0,
                0
              ],
              "uv": [
                156,
                460
              ]
            },
            {
              "origin": [
                -6.88568,
                80.17012,
                48.69068
              ],
              "size": [
                0,
                33,
                5
              ],
              "pivot": [
                -14,
                103,
                47
              ],
              "rotation": [
                103.2087,
                70.15029,
                85.77464
              ],
              "uv": [
                10,
                631
              ]
            },
            {
              "origin": [
                -6.88568,
                80.17012,
                37.69068
              ],
              "size": [
                0,
                33,
                5
              ],
              "pivot": [
                -14,
                103,
                47
              ],
              "rotation": [
                65.7087,
                70.15029,
                85.77464
              ],
              "uv": [
                0,
                631
              ]
            },
            {
              "origin": [
                -17,
                80,
                9
              ],
              "size": [
                35,
                45,
                1
              ],
              "uv": [
                104,
                142
              ]
            },
            {
              "origin": [
                -15,
                72,
                18
              ],
              "size": [
                0,
                34,
                5
              ],
              "pivot": [
                0,
                130,
                19
              ],
              "rotation": [
                45,
                0,
                0
              ],
              "uv": [
                100,
                592
              ]
            },
            {
              "origin": [
                -15,
                82,
                35
              ],
              "size": [
                0,
                34,
                5
              ],
              "pivot": [
                0,
                130,
                19
              ],
              "rotation": [
                -7.5,
                0,
                0
              ],
              "uv": [
                90,
                592
              ]
            }
          ]
        }
      ]
    }
  ]
}