{
  "format_version": "1.12.0",
  "minecraft:geometry": [
    {
      "description": {
        "identifier": "geometry.good_upgraded_gamn",
        "texture_width": 1104,
        "texture_height": 1104,
        "visible_bounds_width": 24,
        "visible_bounds_height": 27,
        "visible_bounds_offset": [
          0,
          2.5,
          0
        ]
      },
      "bones": [
        {
          "name": "bb_main",
          "pivot": [
            0,
            41,
            0
          ],
          "cubes": [
            {
              "origin": [
                -31,
                56,
                -30
              ],
              "size": [
                62,
                71,
                66
              ],
              "uv": [
                0,
                102
              ]
            },
            {
              "origin": [
                -27,
                40,
                -52
              ],
              "size": [
                53,
                13,
                88
              ],
              "uv": [
                256,
                102
              ]
            },
            {
              "origin": [
                -15,
                40,
                -53
              ],
              "size": [
                29,
                13,
                1
              ],
              "uv": [
                170,
                914
              ]
            },
            {
              "origin": [
                26,
                42,
                -52
              ],
              "size": [
                7,
                11,
                10
              ],
              "uv": [
                318,
                802
              ]
            },
            {
              "origin": [
                -34,
                42,
                -52
              ],
              "size": [
                7,
                11,
                10
              ],
              "uv": [
                312,
                928
              ]
            },
            {
              "origin": [
                -34,
                48,
                -42
              ],
              "size": [
                67,
                5,
                80
              ],
              "uv": [
                538,
                102
              ]
            },
            {
              "origin": [
                -27,
                53,
                -47
              ],
              "size": [
                53,
                3,
                83
              ],
              "uv": [
                0,
                239
              ]
            },
            {
              "origin": [
                -40,
                53,
                -41
              ],
              "size": [
                9,
                3,
                35
              ],
              "pivot": [
                0,
                41,
                0
              ],
              "rotation": [
                0,
                -12.5,
                0
              ],
              "uv": [
                176,
                1026
              ]
            },
            {
              "origin": [
                -38,
                53,
                -13
              ],
              "size": [
                9,
                3,
                35
              ],
              "pivot": [
                0,
                41,
                0
              ],
              "rotation": [
                0,
                -2.5,
                0
              ],
              "uv": [
                88,
                1026
              ]
            },
            {
              "origin": [
                -29,
                53,
                -20
              ],
              "size": [
                7,
                3,
                42
              ],
              "pivot": [
                0,
                41,
                0
              ],
              "rotation": [
                0,
                -2.5,
                0
              ],
              "uv": [
                0,
                738
              ]
            },
            {
              "origin": [
                23,
                53,
                -20
              ],
              "size": [
                7,
                3,
                42
              ],
              "pivot": [
                0,
                41,
                0
              ],
              "rotation": [
                0,
                2.5,
                0
              ],
              "uv": [
                282,
                609
              ]
            },
            {
              "origin": [
                -38,
                53,
                22
              ],
              "size": [
                9,
                3,
                20
              ],
              "pivot": [
                0,
                41,
                0
              ],
              "rotation": [
                0,
                -2.5,
                0
              ],
              "uv": [
                688,
                1099
              ]
            },
            {
              "origin": [
                -29,
                53,
                22
              ],
              "size": [
                31,
                3,
                20
              ],
              "pivot": [
                0,
                41,
                0
              ],
              "rotation": [
                0,
                -2.5,
                0
              ],
              "uv": [
                176,
                690
              ],
              "mirror": true
            },
            {
              "origin": [
                -22,
                71,
                -25
              ],
              "size": [
                45,
                63,
                23
              ],
              "pivot": [
                0,
                41,
                0
              ],
              "rotation": [
                12.5,
                0,
                0
              ],
              "uv": [
                504,
                374
              ]
            },
            {
              "origin": [
                -22,
                77,
                -40
              ],
              "size": [
                45,
                57,
                2
              ],
              "pivot": [
                0,
                41,
                0
              ],
              "rotation": [
                5,
                0,
                0
              ],
              "uv": [
                0,
                609
              ]
            },
            {
              "origin": [
                20.43563,
                81.78809,
                -40.75715
              ],
              "size": [
                31,
                4,
                2
              ],
              "pivot": [
                25,
                81,
                -40
              ],
              "rotation": [
                -5.39404,
                -42.04763,
                3.85309
              ],
              "uv": [
                236,
                767
              ]
            },
            {
              "origin": [
                22.43563,
                96.78809,
                -42.75715
              ],
              "size": [
                30,
                4,
                2
              ],
              "pivot": [
                25,
                81,
                -40
              ],
              "rotation": [
                4.01242,
                -47.18679,
                -10.11351
              ],
              "uv": [
                236,
                773
              ]
            },
            {
              "origin": [
                -22,
                68.53697,
                -40.68353
              ],
              "size": [
                45,
                5,
                2
              ],
              "pivot": [
                0,
                70,
                -41
              ],
              "rotation": [
                32.5,
                0,
                0
              ],
              "uv": [
                766,
                690
              ]
            },
            {
              "origin": [
                -24,
                72,
                -30
              ],
              "size": [
                11,
                65,
                16
              ],
              "pivot": [
                0,
                41,
                0
              ],
              "rotation": [
                13.08619,
                17.07228,
                3.90399
              ],
              "uv": [
                104,
                738
              ]
            },
            {
              "origin": [
                -23,
                169,
                -28
              ],
              "size": [
                49,
                60,
                40
              ],
              "uv": [
                192,
                239
              ]
            },
            {
              "origin": [
                -21,
                167,
                -28
              ],
              "size": [
                45,
                64,
                40
              ],
              "uv": [
                370,
                239
              ]
            },
            {
              "origin": [
                26,
                197,
                -19
              ],
              "size": [
                2,
                34,
                31
              ],
              "uv": [
                506,
                609
              ]
            },
            {
              "origin": [
                -24,
                197,
                -19
              ],
              "size": [
                2,
                34,
                31
              ],
              "uv": [
                158,
                738
              ]
            },
            {
              "origin": [
                -24,
                214,
                -28
              ],
              "size": [
                2,
                16,
                9
              ],
              "uv": [
                480,
                928
              ]
            },
            {
              "origin": [
                25,
                214,
                -28
              ],
              "size": [
                2,
                16,
                9
              ],
              "uv": [
                452,
                802
              ]
            },
            {
              "origin": [
                -23,
                229,
                -27
              ],
              "size": [
                2,
                2,
                8
              ],
              "uv": [
                200,
                968
              ]
            },
            {
              "origin": [
                24,
                229,
                -27
              ],
              "size": [
                2,
                2,
                8
              ],
              "uv": [
                64,
                842
              ]
            },
            {
              "origin": [
                -22,
                228,
                -19
              ],
              "size": [
                2,
                3,
                31
              ],
              "uv": [
                750,
                819
              ]
            },
            {
              "origin": [
                24,
                228,
                -19
              ],
              "size": [
                2,
                3,
                31
              ],
              "uv": [
                0,
                728
              ]
            },
            {
              "origin": [
                19,
                169,
                -30
              ],
              "size": [
                4,
                60,
                27
              ],
              "uv": [
                338,
                509
              ]
            },
            {
              "origin": [
                -37,
                140,
                29
              ],
              "size": [
                76,
                9,
                13
              ],
              "uv": [
                0,
                550
              ]
            },
            {
              "origin": [
                -34,
                126,
                42
              ],
              "size": [
                68,
                107,
                28
              ],
              "uv": [
                0,
                239
              ]
            },
            {
              "origin": [
                34,
                220,
                49
              ],
              "size": [
                3,
                8,
                14
              ],
              "uv": [
                250,
                802
              ]
            },
            {
              "origin": [
                34,
                189,
                49
              ],
              "size": [
                3,
                8,
                14
              ],
              "uv": [
                216,
                802
              ]
            },
            {
              "origin": [
                34,
                148,
                49
              ],
              "size": [
                3,
                8,
                14
              ],
              "uv": [
                422,
                1170
              ],
              "mirror": true
            },
            {
              "origin": [
                37,
                220,
                52
              ],
              "size": [
                3,
                8,
                8
              ],
              "uv": [
                22,
                842
              ]
            },
            {
              "origin": [
                37,
                189,
                52
              ],
              "size": [
                3,
                8,
                8
              ],
              "uv": [
                0,
                842
              ]
            },
            {
              "origin": [
                40,
                148,
                48
              ],
              "size": [
                14,
                83,
                17
              ],
              "uv": [
                446,
                509
              ]
            },
            {
              "origin": [
                39,
                132,
                47
              ],
              "size": [
                16,
                16,
                19
              ],
              "uv": [
                90,
                1064
              ],
              "mirror": true
            },
            {
              "origin": [
                40,
                127,
                48
              ],
              "size": [
                14,
                5,
                17
              ],
              "uv": [
                174,
                728
              ]
            },
            {
              "origin": [
                49,
                103,
                42
              ],
              "size": [
                17,
                25,
                2
              ],
              "pivot": [
                49,
                127,
                48
              ],
              "rotation": [
                92.35551,
                -89.44043,
                -90.83785
              ],
              "uv": [
                66,
                802
              ]
            },
            {
              "origin": [
                49,
                103,
                56
              ],
              "size": [
                17,
                25,
                2
              ],
              "pivot": [
                49,
                127,
                48
              ],
              "rotation": [
                124.01594,
                -89.63913,
                -127.52334
              ],
              "uv": [
                28,
                802
              ]
            },
            {
              "origin": [
                65,
                103,
                44
              ],
              "size": [
                2,
                25,
                12
              ],
              "pivot": [
                49,
                127,
                48
              ],
              "rotation": [
                126.51594,
                -89.63913,
                -127.52334
              ],
              "uv": [
                0,
                802
              ]
            },
            {
              "origin": [
                48,
                103,
                44
              ],
              "size": [
                2,
                25,
                12
              ],
              "pivot": [
                49,
                127,
                48
              ],
              "rotation": [
                126.51594,
                -89.63913,
                -127.52334
              ],
              "uv": [
                0,
                802
              ]
            },
            {
              "origin": [
                13,
                120,
                44
              ],
              "size": [
                37,
                11,
                12
              ],
              "pivot": [
                49,
                127,
                48
              ],
              "rotation": [
                178.36498,
                -79.78119,
                -179.39776
              ],
              "uv": [
                278,
                690
              ]
            },
            {
              "origin": [
                10.23371,
                121.91843,
                14.61586
              ],
              "size": [
                37,
                7,
                8
              ],
              "pivot": [
                53,
                127,
                18
              ],
              "rotation": [
                177.84051,
                -82.27985,
                -178.86692
              ],
              "uv": [
                466,
                705
              ]
            },
            {
              "origin": [
                26.90692,
                121.58492,
                -47.88375
              ],
              "size": [
                21,
                7,
                8
              ],
              "pivot": [
                49,
                127,
                -34
              ],
              "rotation": [
                126.51594,
                -89.63913,
                -127.52334
              ],
              "uv": [
                236,
                728
              ]
            },
            {
              "origin": [
                45.90692,
                121.58492,
                -47.88375
              ],
              "size": [
                15,
                7,
                8
              ],
              "pivot": [
                49,
                127,
                -34
              ],
              "rotation": [
                176.81225,
                -84.77723,
                -177.83231
              ],
              "uv": [
                208,
                1185
              ],
              "mirror": true
            },
            {
              "origin": [
                -67,
                120,
                29
              ],
              "size": [
                26,
                11,
                12
              ],
              "pivot": [
                49,
                127,
                48
              ],
              "rotation": [
                7.23481,
                -87.69642,
                -8.23588
              ],
              "uv": [
                0,
                762
              ]
            },
            {
              "origin": [
                -70,
                121,
                30
              ],
              "size": [
                3,
                9,
                10
              ],
              "pivot": [
                49,
                127,
                48
              ],
              "rotation": [
                7.23481,
                -87.69642,
                -8.23588
              ],
              "uv": [
                202,
                1207
              ],
              "mirror": true
            },
            {
              "origin": [
                -55,
                125,
                27
              ],
              "size": [
                2,
                2,
                2
              ],
              "pivot": [
                49,
                127,
                48
              ],
              "rotation": [
                7.23481,
                -87.69642,
                -8.23588
              ],
              "uv": [
                138,
                850
              ]
            },
            {
              "origin": [
                -55,
                131,
                34
              ],
              "size": [
                2,
                2,
                2
              ],
              "pivot": [
                49,
                127,
                48
              ],
              "rotation": [
                7.23481,
                -87.69642,
                -8.23588
              ],
              "uv": [
                138,
                846
              ]
            },
            {
              "origin": [
                -66,
                116,
                30
              ],
              "size": [
                20,
                2,
                10
              ],
              "pivot": [
                49,
                127,
                48
              ],
              "rotation": [
                7.23481,
                -87.69642,
                -8.23588
              ],
              "uv": [
                236,
                755
              ]
            },
            {
              "origin": [
                57.58802,
                116.55339,
                -73.38215
              ],
              "size": [
                4,
                2,
                10
              ],
              "pivot": [
                57,
                127,
                -68
              ],
              "rotation": [
                -83.2518,
                -70.16345,
                82.65356
              ],
              "uv": [
                288,
                1219
              ],
              "mirror": true
            },
            {
              "origin": [
                -56,
                118,
                34
              ],
              "size": [
                2,
                2,
                2
              ],
              "pivot": [
                49,
                127,
                48
              ],
              "rotation": [
                7.23481,
                -87.69642,
                -8.23588
              ],
              "uv": [
                138,
                842
              ]
            },
            {
              "origin": [
                -56,
                125,
                41
              ],
              "size": [
                2,
                2,
                2
              ],
              "pivot": [
                49,
                127,
                48
              ],
              "rotation": [
                7.23481,
                -87.69642,
                -8.23588
              ],
              "uv": [
                126,
                852
              ]
            },
            {
              "origin": [
                52,
                62,
                46
              ],
              "size": [
                0,
                66,
                8
              ],
              "pivot": [
                49,
                127,
                48
              ],
              "rotation": [
                90.81424,
                -74.7085,
                -91.79336
              ],
              "uv": [
                158,
                728
              ]
            },
            {
              "origin": [
                52,
                55,
                66
              ],
              "size": [
                0,
                31,
                5
              ],
              "pivot": [
                49,
                127,
                48
              ],
              "rotation": [
                68.31424,
                -74.7085,
                -91.79336
              ],
              "uv": [
                484,
                802
              ]
            },
            {
              "origin": [
                50.30328,
                64.23518,
                58.33124
              ],
              "size": [
                0,
                66,
                8
              ],
              "pivot": [
                49,
                86,
                62
              ],
              "rotation": [
                164.69361,
                2.62617,
                178.3323
              ],
              "uv": [
                142,
                728
              ]
            },
            {
              "origin": [
                39,
                185,
                47
              ],
              "size": [
                16,
                16,
                19
              ],
              "uv": [
                626,
                690
              ]
            },
            {
              "origin": [
                39,
                219,
                47
              ],
              "size": [
                16,
                16,
                19
              ],
              "uv": [
                530,
                1064
              ],
              "mirror": true
            },
            {
              "origin": [
                37,
                148,
                52
              ],
              "size": [
                3,
                8,
                8
              ],
              "uv": [
                526,
                826
              ]
            },
            {
              "origin": [
                -35,
                149,
                29
              ],
              "size": [
                72,
                2,
                13
              ],
              "uv": [
                0,
                572
              ]
            },
            {
              "origin": [
                -32,
                151,
                29
              ],
              "size": [
                67,
                2,
                13
              ],
              "uv": [
                178,
                581
              ]
            },
            {
              "origin": [
                -37,
                126,
                -44
              ],
              "size": [
                2,
                14,
                84
              ],
              "uv": [
                0,
                374
              ]
            },
            {
              "origin": [
                37,
                126,
                -44
              ],
              "size": [
                2,
                14,
                83
              ],
              "uv": [
                520,
                272
              ],
              "mirror": true
            },
            {
              "origin": [
                49,
                79,
                -23
              ],
              "size": [
                2,
                46,
                54
              ],
              "pivot": [
                0,
                41,
                0
              ],
              "rotation": [
                0,
                0,
                -7.5
              ],
              "uv": [
                640,
                374
              ]
            },
            {
              "origin": [
                35,
                75,
                -23
              ],
              "size": [
                2,
                18,
                54
              ],
              "pivot": [
                0,
                41,
                0
              ],
              "rotation": [
                0,
                0,
                10
              ],
              "uv": [
                178,
                509
              ]
            },
            {
              "origin": [
                -33,
                56,
                -28
              ],
              "size": [
                2,
                72,
                63
              ],
              "uv": [
                342,
                374
              ]
            },
            {
              "origin": [
                31,
                56,
                -28
              ],
              "size": [
                2,
                70,
                63
              ],
              "uv": [
                130,
                374
              ]
            },
            {
              "origin": [
                -37,
                56,
                -26
              ],
              "size": [
                2,
                70,
                59
              ],
              "uv": [
                0,
                509
              ]
            },
            {
              "origin": [
                33,
                56,
                -26
              ],
              "size": [
                2,
                71,
                59
              ],
              "uv": [
                260,
                374
              ]
            },
            {
              "origin": [
                -2,
                53,
                22
              ],
              "size": [
                31,
                3,
                20
              ],
              "pivot": [
                0,
                41,
                0
              ],
              "rotation": [
                0,
                2.5,
                0
              ],
              "uv": [
                176,
                690
              ]
            },
            {
              "origin": [
                31,
                53,
                -41
              ],
              "size": [
                9,
                3,
                35
              ],
              "pivot": [
                0,
                41,
                0
              ],
              "rotation": [
                0,
                12.5,
                0
              ],
              "uv": [
                176,
                1026
              ],
              "mirror": true
            },
            {
              "origin": [
                29,
                53,
                -13
              ],
              "size": [
                9,
                3,
                35
              ],
              "pivot": [
                0,
                41,
                0
              ],
              "rotation": [
                0,
                2.5,
                0
              ],
              "uv": [
                88,
                1026
              ],
              "mirror": true
            },
            {
              "origin": [
                29,
                53,
                22
              ],
              "size": [
                9,
                3,
                20
              ],
              "pivot": [
                0,
                41,
                0
              ],
              "rotation": [
                0,
                2.5,
                0
              ],
              "uv": [
                688,
                1099
              ],
              "mirror": true
            },
            {
              "origin": [
                19.60889,
                65.54358,
                -36.88359
              ],
              "size": [
                11,
                65,
                14
              ],
              "pivot": [
                27,
                103,
                -32
              ],
              "rotation": [
                13.74538,
                -24.3683,
                -5.7632
              ],
              "uv": [
                572,
                609
              ]
            },
            {
              "origin": [
                -35,
                56,
                -26
              ],
              "size": [
                2,
                71,
                59
              ],
              "uv": [
                260,
                374
              ],
              "mirror": true
            },
            {
              "origin": [
                -30.60889,
                65.54358,
                -36.88359
              ],
              "size": [
                11,
                65,
                14
              ],
              "pivot": [
                -27,
                103,
                -32
              ],
              "rotation": [
                13.74538,
                24.3683,
                5.7632
              ],
              "uv": [
                572,
                609
              ],
              "mirror": true
            },
            {
              "origin": [
                -52.43563,
                96.78809,
                -42.75715
              ],
              "size": [
                30,
                4,
                2
              ],
              "pivot": [
                -25,
                81,
                -40
              ],
              "rotation": [
                4.01242,
                47.18679,
                10.11351
              ],
              "uv": [
                236,
                773
              ],
              "mirror": true
            },
            {
              "origin": [
                -51.43563,
                81.78809,
                -40.75715
              ],
              "size": [
                31,
                4,
                2
              ],
              "pivot": [
                -25,
                81,
                -40
              ],
              "rotation": [
                -5.39404,
                42.04763,
                -3.85309
              ],
              "uv": [
                236,
                767
              ],
              "mirror": true
            },
            {
              "origin": [
                -51,
                79,
                -23
              ],
              "size": [
                2,
                46,
                54
              ],
              "pivot": [
                0,
                41,
                0
              ],
              "rotation": [
                0,
                0,
                7.5
              ],
              "uv": [
                640,
                374
              ],
              "mirror": true
            },
            {
              "origin": [
                -37,
                75,
                -23
              ],
              "size": [
                2,
                18,
                54
              ],
              "pivot": [
                0,
                41,
                0
              ],
              "rotation": [
                0,
                0,
                -10
              ],
              "uv": [
                178,
                509
              ],
              "mirror": true
            },
            {
              "origin": [
                -54,
                136,
                48
              ],
              "size": [
                14,
                12,
                17
              ],
              "uv": [
                76,
                854
              ]
            },
            {
              "origin": [
                -37,
                148,
                49
              ],
              "size": [
                3,
                8,
                14
              ],
              "uv": [
                422,
                1170
              ]
            },
            {
              "origin": [
                -37,
                220,
                49
              ],
              "size": [
                3,
                8,
                14
              ],
              "uv": [
                250,
                802
              ],
              "mirror": true
            },
            {
              "origin": [
                -37,
                189,
                49
              ],
              "size": [
                3,
                8,
                14
              ],
              "uv": [
                216,
                802
              ],
              "mirror": true
            },
            {
              "origin": [
                -40,
                220,
                52
              ],
              "size": [
                3,
                8,
                8
              ],
              "uv": [
                22,
                842
              ],
              "mirror": true
            },
            {
              "origin": [
                -40,
                189,
                52
              ],
              "size": [
                3,
                8,
                8
              ],
              "uv": [
                0,
                842
              ],
              "mirror": true
            },
            {
              "origin": [
                -40,
                148,
                52
              ],
              "size": [
                3,
                8,
                8
              ],
              "uv": [
                526,
                826
              ],
              "mirror": true
            },
            {
              "origin": [
                -54,
                148,
                48
              ],
              "size": [
                14,
                83,
                17
              ],
              "uv": [
                446,
                509
              ],
              "mirror": true
            },
            {
              "origin": [
                -39,
                140,
                29
              ],
              "size": [
                76,
                9,
                13
              ],
              "uv": [
                0,
                550
              ],
              "mirror": true
            },
            {
              "origin": [
                -55,
                219,
                47
              ],
              "size": [
                16,
                16,
                19
              ],
              "uv": [
                530,
                1064
              ]
            },
            {
              "origin": [
                -55,
                132,
                47
              ],
              "size": [
                16,
                16,
                19
              ],
              "uv": [
                90,
                1064
              ]
            },
            {
              "origin": [
                -55,
                185,
                47
              ],
              "size": [
                16,
                16,
                19
              ],
              "uv": [
                626,
                690
              ],
              "mirror": true
            },
            {
              "origin": [
                -26,
                35,
                -50
              ],
              "size": [
                53,
                5,
                5
              ],
              "uv": [
                622,
                609
              ]
            },
            {
              "origin": [
                -64,
                103,
                42
              ],
              "size": [
                14,
                25,
                2
              ],
              "pivot": [
                -49,
                127,
                48
              ],
              "rotation": [
                131.51594,
                89.63913,
                127.52334
              ],
              "uv": [
                178,
                928
              ]
            },
            {
              "origin": [
                -33,
                56,
                -28
              ],
              "size": [
                2,
                70,
                63
              ],
              "uv": [
                130,
                374
              ],
              "mirror": true
            },
            {
              "origin": [
                -54,
                127,
                48
              ],
              "size": [
                14,
                5,
                17
              ],
              "uv": [
                174,
                728
              ],
              "mirror": true
            },
            {
              "origin": [
                -66,
                103,
                42
              ],
              "size": [
                17,
                25,
                2
              ],
              "pivot": [
                -49,
                127,
                48
              ],
              "rotation": [
                92.35551,
                89.44043,
                90.83785
              ],
              "uv": [
                66,
                802
              ],
              "mirror": true
            },
            {
              "origin": [
                -66,
                103,
                56
              ],
              "size": [
                17,
                25,
                2
              ],
              "pivot": [
                -49,
                127,
                48
              ],
              "rotation": [
                124.01594,
                89.63913,
                127.52334
              ],
              "uv": [
                28,
                802
              ],
              "mirror": true
            },
            {
              "origin": [
                -67,
                103,
                44
              ],
              "size": [
                2,
                25,
                12
              ],
              "pivot": [
                -49,
                127,
                48
              ],
              "rotation": [
                126.51594,
                89.63913,
                127.52334
              ],
              "uv": [
                0,
                802
              ],
              "mirror": true
            },
            {
              "origin": [
                -50,
                120,
                44
              ],
              "size": [
                37,
                11,
                12
              ],
              "pivot": [
                -49,
                127,
                48
              ],
              "rotation": [
                178.36498,
                79.78119,
                179.39776
              ],
              "uv": [
                278,
                690
              ],
              "mirror": true
            },
            {
              "origin": [
                -39,
                126,
                -44
              ],
              "size": [
                2,
                14,
                83
              ],
              "uv": [
                712,
                239
              ],
              "mirror": true
            },
            {
              "origin": [
                -60.90692,
                121.58492,
                -47.88375
              ],
              "size": [
                15,
                7,
                8
              ],
              "pivot": [
                -49,
                127,
                -34
              ],
              "rotation": [
                176.81225,
                84.77723,
                177.83231
              ],
              "uv": [
                208,
                1185
              ]
            },
            {
              "origin": [
                67,
                121,
                30
              ],
              "size": [
                3,
                9,
                10
              ],
              "pivot": [
                -49,
                127,
                48
              ],
              "rotation": [
                7.23481,
                87.69642,
                8.23588
              ],
              "uv": [
                202,
                1207
              ]
            },
            {
              "origin": [
                -53.85135,
                124.45742,
                -76.52565
              ],
              "size": [
                222,
                7,
                8
              ],
              "pivot": [
                -51,
                123,
                -66
              ],
              "rotation": [
                87.43077,
                27.18632,
                89.82082
              ],
              "uv": [
                0,
                15
              ]
            },
            {
              "origin": [
                -39,
                126,
                -44
              ],
              "size": [
                2,
                14,
                83
              ],
              "uv": [
                0,
                376
              ]
            },
            {
              "origin": [
                53,
                125,
                27
              ],
              "size": [
                2,
                2,
                2
              ],
              "pivot": [
                -49,
                127,
                48
              ],
              "rotation": [
                7.23481,
                87.69642,
                8.23588
              ],
              "uv": [
                138,
                850
              ],
              "mirror": true
            },
            {
              "origin": [
                -61.58802,
                116.55339,
                -73.38215
              ],
              "size": [
                4,
                2,
                10
              ],
              "pivot": [
                -57,
                127,
                -68
              ],
              "rotation": [
                -83.2518,
                70.16345,
                -82.65356
              ],
              "uv": [
                288,
                1219
              ]
            },
            {
              "origin": [
                -60.58802,
                131.55339,
                -73.38215
              ],
              "size": [
                4,
                2,
                10
              ],
              "pivot": [
                -57,
                127,
                -68
              ],
              "rotation": [
                84.66337,
                64.61347,
                86.17141
              ],
              "uv": [
                260,
                1219
              ]
            },
            {
              "origin": [
                54,
                118,
                34
              ],
              "size": [
                2,
                2,
                2
              ],
              "pivot": [
                -49,
                127,
                48
              ],
              "rotation": [
                7.23481,
                87.69642,
                8.23588
              ],
              "uv": [
                138,
                842
              ],
              "mirror": true
            },
            {
              "origin": [
                -55,
                132,
                47
              ],
              "size": [
                16,
                16,
                19
              ],
              "uv": [
                90,
                1064
              ]
            },
            {
              "origin": [
                54,
                125,
                41
              ],
              "size": [
                2,
                2,
                2
              ],
              "pivot": [
                -49,
                127,
                48
              ],
              "rotation": [
                7.23481,
                87.69642,
                8.23588
              ],
              "uv": [
                126,
                852
              ],
              "mirror": true
            },
            {
              "origin": [
                -47.23371,
                121.91843,
                14.61586
              ],
              "size": [
                37,
                7,
                8
              ],
              "pivot": [
                -53,
                127,
                18
              ],
              "rotation": [
                177.84051,
                82.27985,
                178.86692
              ],
              "uv": [
                466,
                705
              ],
              "mirror": true
            },
            {
              "origin": [
                -39,
                126,
                -44
              ],
              "size": [
                2,
                14,
                83
              ],
              "uv": [
                520,
                272
              ]
            },
            {
              "origin": [
                -59.90692,
                121.58492,
                -47.88375
              ],
              "size": [
                37,
                7,
                8
              ],
              "pivot": [
                -49,
                127,
                -34
              ],
              "rotation": [
                7.23481,
                87.69642,
                8.23588
              ],
              "uv": [
                290,
                819
              ]
            },
            {
              "origin": [
                -47.90692,
                121.58492,
                -47.88375
              ],
              "size": [
                21,
                7,
                8
              ],
              "pivot": [
                -49,
                127,
                -34
              ],
              "rotation": [
                126.51594,
                89.63913,
                127.52334
              ],
              "uv": [
                236,
                728
              ],
              "mirror": true
            },
            {
              "origin": [
                41,
                120,
                29
              ],
              "size": [
                26,
                11,
                12
              ],
              "pivot": [
                -49,
                127,
                48
              ],
              "rotation": [
                7.23481,
                87.69642,
                8.23588
              ],
              "uv": [
                0,
                762
              ],
              "mirror": true
            },
            {
              "origin": [
                53,
                131,
                34
              ],
              "size": [
                2,
                2,
                2
              ],
              "pivot": [
                -49,
                127,
                48
              ],
              "rotation": [
                7.23481,
                87.69642,
                8.23588
              ],
              "uv": [
                138,
                846
              ],
              "mirror": true
            },
            {
              "origin": [
                46,
                122,
                25
              ],
              "size": [
                20,
                8,
                2
              ],
              "pivot": [
                -49,
                127,
                48
              ],
              "rotation": [
                7.23481,
                87.69642,
                8.23588
              ],
              "uv": [
                318,
                823
              ],
              "mirror": true
            },
            {
              "origin": [
                -67.25303,
                121.71087,
                -69.46009
              ],
              "size": [
                5,
                8,
                2
              ],
              "pivot": [
                -66,
                123,
                -68
              ],
              "rotation": [
                0.85675,
                70.2127,
                1.81303
              ],
              "uv": [
                220,
                968
              ]
            },
            {
              "origin": [
                46,
                122,
                43
              ],
              "size": [
                20,
                8,
                2
              ],
              "pivot": [
                -49,
                127,
                48
              ],
              "rotation": [
                7.23481,
                87.69642,
                8.23588
              ],
              "uv": [
                44,
                1217
              ]
            },
            {
              "origin": [
                -47.96988,
                121.39964,
                -68.48294
              ],
              "size": [
                4,
                8,
                2
              ],
              "pivot": [
                -48,
                123,
                -67
              ],
              "rotation": [
                178.895,
                74.78257,
                179.94059
              ],
              "uv": [
                262,
                968
              ]
            },
            {
              "origin": [
                46,
                133,
                30
              ],
              "size": [
                20,
                2,
                10
              ],
              "pivot": [
                -49,
                127,
                48
              ],
              "rotation": [
                7.23481,
                87.69642,
                8.23588
              ],
              "uv": [
                118,
                1145
              ]
            },
            {
              "origin": [
                46,
                116,
                30
              ],
              "size": [
                20,
                2,
                10
              ],
              "pivot": [
                -49,
                127,
                48
              ],
              "rotation": [
                7.23481,
                87.69642,
                8.23588
              ],
              "uv": [
                236,
                755
              ],
              "mirror": true
            },
            {
              "origin": [
                44.90707,
                121.41788,
                -67.41446
              ],
              "size": [
                5,
                8,
                2
              ],
              "pivot": [
                49,
                127,
                -67
              ],
              "rotation": [
                179.24895,
                -67.28351,
                179.68594
              ],
              "uv": [
                112,
                842
              ]
            },
            {
              "origin": [
                56.58802,
                131.55339,
                -73.38215
              ],
              "size": [
                4,
                2,
                10
              ],
              "pivot": [
                57,
                127,
                -68
              ],
              "rotation": [
                84.66337,
                -64.61347,
                -86.17141
              ],
              "uv": [
                260,
                1219
              ],
              "mirror": true
            },
            {
              "origin": [
                -66,
                133,
                30
              ],
              "size": [
                20,
                2,
                10
              ],
              "pivot": [
                49,
                127,
                48
              ],
              "rotation": [
                7.23481,
                -87.69642,
                -8.23588
              ],
              "uv": [
                118,
                1145
              ],
              "mirror": true
            },
            {
              "origin": [
                -66,
                122,
                25
              ],
              "size": [
                20,
                8,
                2
              ],
              "pivot": [
                49,
                127,
                48
              ],
              "rotation": [
                7.23481,
                -87.69642,
                -8.23588
              ],
              "uv": [
                318,
                823
              ]
            },
            {
              "origin": [
                -66,
                122,
                43
              ],
              "size": [
                20,
                8,
                2
              ],
              "pivot": [
                49,
                127,
                48
              ],
              "rotation": [
                7.23481,
                -87.69642,
                -8.23588
              ],
              "uv": [
                44,
                1217
              ],
              "mirror": true
            },
            {
              "origin": [
                -66,
                122,
                25
              ],
              "size": [
                20,
                8,
                2
              ],
              "pivot": [
                49,
                127,
                48
              ],
              "rotation": [
                7.23481,
                -87.69642,
                -8.23588
              ],
              "uv": [
                318,
                823
              ]
            },
            {
              "origin": [
                55.14279,
                121.7463,
                -65.39223
              ],
              "size": [
                5,
                8,
                2
              ],
              "pivot": [
                66,
                123,
                -61
              ],
              "rotation": [
                0.63265,
                -62.71331,
                -1.56911
              ],
              "uv": [
                98,
                842
              ]
            },
            {
              "origin": [
                5,
                181,
                -31
              ],
              "size": [
                15,
                8,
                1
              ],
              "pivot": [
                14,
                187,
                -28
              ],
              "rotation": [
                0,
                0,
                -60
              ],
              "uv": [
                494,
                830
              ]
            },
            {
              "origin": [
                -50.30328,
                64.23518,
                58.33124
              ],
              "size": [
                0,
                66,
                8
              ],
              "pivot": [
                -49,
                86,
                62
              ],
              "rotation": [
                164.69361,
                -2.62617,
                -178.3323
              ],
              "uv": [
                142,
                728
              ],
              "mirror": true
            },
            {
              "origin": [
                -50.30328,
                50.23518,
                60.33124
              ],
              "size": [
                0,
                34,
                6
              ],
              "pivot": [
                -49,
                86,
                62
              ],
              "rotation": [
                -172.80639,
                -2.62617,
                -178.3323
              ],
              "uv": [
                418,
                802
              ],
              "mirror": true
            },
            {
              "origin": [
                -50.30328,
                50.23518,
                60.33124
              ],
              "size": [
                0,
                34,
                6
              ],
              "pivot": [
                -49,
                86,
                62
              ],
              "rotation": [
                144.7148,
                -5.10644,
                -178.6465
              ],
              "uv": [
                418,
                802
              ],
              "mirror": true
            },
            {
              "origin": [
                50.30328,
                50.23518,
                60.33124
              ],
              "size": [
                0,
                34,
                6
              ],
              "pivot": [
                49,
                86,
                62
              ],
              "rotation": [
                144.7148,
                5.10644,
                178.6465
              ],
              "uv": [
                418,
                802
              ]
            },
            {
              "origin": [
                -52,
                62,
                46
              ],
              "size": [
                0,
                66,
                8
              ],
              "pivot": [
                -49,
                127,
                48
              ],
              "rotation": [
                90.81424,
                74.7085,
                91.79336
              ],
              "uv": [
                158,
                728
              ],
              "mirror": true
            },
            {
              "origin": [
                -52,
                52,
                31
              ],
              "size": [
                0,
                31,
                5
              ],
              "pivot": [
                -49,
                127,
                48
              ],
              "rotation": [
                110.81424,
                74.7085,
                91.79336
              ],
              "uv": [
                484,
                802
              ],
              "mirror": true
            },
            {
              "origin": [
                -52,
                55,
                66
              ],
              "size": [
                0,
                31,
                5
              ],
              "pivot": [
                -49,
                127,
                48
              ],
              "rotation": [
                68.31424,
                74.7085,
                91.79336
              ],
              "uv": [
                484,
                802
              ],
              "mirror": true
            },
            {
              "origin": [
                -37,
                126,
                -46
              ],
              "size": [
                72,
                14,
                88
              ],
              "uv": [
                460,
                0
              ],
              "mirror": true
            },
            {
              "origin": [
                -26,
                169,
                -28
              ],
              "size": [
                49,
                60,
                40
              ],
              "uv": [
                192,
                239
              ],
              "mirror": true
            },
            {
              "origin": [
                -24,
                167,
                -28
              ],
              "size": [
                45,
                64,
                40
              ],
              "uv": [
                370,
                239
              ],
              "mirror": true
            },
            {
              "origin": [
                -24,
                231,
                -28
              ],
              "size": [
                45,
                1,
                40
              ],
              "uv": [
                0,
                509
              ],
              "mirror": true
            },
            {
              "origin": [
                -28,
                197,
                -19
              ],
              "size": [
                2,
                34,
                31
              ],
              "uv": [
                506,
                609
              ],
              "mirror": true
            },
            {
              "origin": [
                22,
                197,
                -19
              ],
              "size": [
                2,
                34,
                31
              ],
              "uv": [
                158,
                738
              ],
              "mirror": true
            },
            {
              "origin": [
                22,
                214,
                -28
              ],
              "size": [
                2,
                16,
                9
              ],
              "uv": [
                480,
                928
              ],
              "mirror": true
            },
            {
              "origin": [
                -27,
                214,
                -28
              ],
              "size": [
                2,
                16,
                9
              ],
              "uv": [
                452,
                802
              ],
              "mirror": true
            },
            {
              "origin": [
                21,
                229,
                -27
              ],
              "size": [
                2,
                2,
                8
              ],
              "uv": [
                200,
                968
              ],
              "mirror": true
            },
            {
              "origin": [
                -26,
                229,
                -27
              ],
              "size": [
                2,
                2,
                8
              ],
              "uv": [
                64,
                842
              ],
              "mirror": true
            },
            {
              "origin": [
                20,
                228,
                -19
              ],
              "size": [
                2,
                3,
                31
              ],
              "uv": [
                750,
                819
              ],
              "mirror": true
            },
            {
              "origin": [
                -26,
                228,
                -19
              ],
              "size": [
                2,
                3,
                31
              ],
              "uv": [
                0,
                728
              ],
              "mirror": true
            },
            {
              "origin": [
                -25,
                169,
                -30
              ],
              "size": [
                44,
                60,
                2
              ],
              "uv": [
                94,
                609
              ],
              "mirror": true
            },
            {
              "origin": [
                -23,
                169,
                12
              ],
              "size": [
                43,
                28,
                2
              ],
              "uv": [
                376,
                690
              ],
              "mirror": true
            },
            {
              "origin": [
                -27,
                197,
                12
              ],
              "size": [
                50,
                34,
                2
              ],
              "uv": [
                282,
                654
              ],
              "mirror": true
            },
            {
              "origin": [
                -14,
                140,
                -15
              ],
              "size": [
                27,
                29,
                27
              ],
              "uv": [
                338,
                509
              ],
              "mirror": true
            },
            {
              "origin": [
                -37,
                149,
                29
              ],
              "size": [
                72,
                2,
                13
              ],
              "uv": [
                0,
                572
              ],
              "mirror": true
            },
            {
              "origin": [
                -35,
                151,
                29
              ],
              "size": [
                67,
                2,
                13
              ],
              "uv": [
                178,
                581
              ],
              "mirror": true
            },
            {
              "origin": [
                35,
                126,
                -44
              ],
              "size": [
                2,
                14,
                84
              ],
              "uv": [
                0,
                374
              ],
              "mirror": true
            },
            {
              "origin": [
                31,
                56,
                -28
              ],
              "size": [
                2,
                72,
                63
              ],
              "uv": [
                342,
                374
              ],
              "mirror": true
            },
            {
              "origin": [
                35,
                56,
                33
              ],
              "size": [
                3,
                72,
                2
              ],
              "uv": [
                403,
                435
              ],
              "mirror": true
            },
            {
              "origin": [
                -37,
                56,
                33
              ],
              "size": [
                3,
                72,
                2
              ],
              "uv": [
                403,
                435
              ],
              "mirror": true
            },
            {
              "origin": [
                35,
                56,
                -26
              ],
              "size": [
                2,
                70,
                59
              ],
              "uv": [
                0,
                509
              ],
              "mirror": true
            },
            {
              "origin": [
                -26,
                40,
                -52
              ],
              "size": [
                53,
                13,
                88
              ],
              "uv": [
                256,
                102
              ],
              "mirror": true
            },
            {
              "origin": [
                -26,
                53,
                -47
              ],
              "size": [
                53,
                3,
                83
              ],
              "uv": [
                0,
                239
              ],
              "mirror": true
            },
            {
              "origin": [
                22,
                53,
                -20
              ],
              "size": [
                7,
                3,
                42
              ],
              "pivot": [
                0,
                41,
                0
              ],
              "rotation": [
                0,
                2.5,
                0
              ],
              "uv": [
                0,
                738
              ],
              "mirror": true
            },
            {
              "origin": [
                -30,
                53,
                -20
              ],
              "size": [
                7,
                3,
                42
              ],
              "pivot": [
                0,
                41,
                0
              ],
              "rotation": [
                0,
                -2.5,
                0
              ],
              "uv": [
                282,
                609
              ],
              "mirror": true
            },
            {
              "origin": [
                -33,
                48,
                -42
              ],
              "size": [
                67,
                5,
                80
              ],
              "uv": [
                538,
                102
              ],
              "mirror": true
            },
            {
              "origin": [
                -23,
                71,
                -25
              ],
              "size": [
                45,
                63,
                23
              ],
              "pivot": [
                0,
                41,
                0
              ],
              "rotation": [
                12.5,
                0,
                0
              ],
              "uv": [
                504,
                374
              ],
              "mirror": true
            },
            {
              "origin": [
                13,
                72,
                -30
              ],
              "size": [
                11,
                65,
                16
              ],
              "pivot": [
                0,
                41,
                0
              ],
              "rotation": [
                13.08619,
                -17.07228,
                -3.90399
              ],
              "uv": [
                104,
                738
              ],
              "mirror": true
            },
            {
              "origin": [
                -33,
                42,
                -52
              ],
              "size": [
                7,
                11,
                10
              ],
              "uv": [
                318,
                802
              ],
              "mirror": true
            },
            {
              "origin": [
                27,
                42,
                -52
              ],
              "size": [
                7,
                11,
                10
              ],
              "uv": [
                312,
                928
              ],
              "mirror": true
            },
            {
              "origin": [
                -23,
                77,
                -40
              ],
              "size": [
                45,
                57,
                2
              ],
              "pivot": [
                0,
                41,
                0
              ],
              "rotation": [
                5,
                0,
                0
              ],
              "uv": [
                0,
                609
              ],
              "mirror": true
            },
            {
              "origin": [
                -23,
                68.53697,
                -40.68353
              ],
              "size": [
                45,
                5,
                2
              ],
              "pivot": [
                0,
                70,
                -41
              ],
              "rotation": [
                32.5,
                0,
                0
              ],
              "uv": [
                766,
                690
              ],
              "mirror": true
            },
            {
              "origin": [
                40,
                136,
                48
              ],
              "size": [
                14,
                12,
                17
              ],
              "uv": [
                76,
                854
              ],
              "mirror": true
            },
            {
              "origin": [
                -27,
                35,
                -50
              ],
              "size": [
                53,
                5,
                5
              ],
              "uv": [
                622,
                609
              ],
              "mirror": true
            },
            {
              "origin": [
                50,
                103,
                42
              ],
              "size": [
                14,
                25,
                2
              ],
              "pivot": [
                49,
                127,
                48
              ],
              "rotation": [
                131.51594,
                -89.63913,
                -127.52334
              ],
              "uv": [
                178,
                928
              ],
              "mirror": true
            },
            {
              "origin": [
                22.90692,
                121.58492,
                -47.88375
              ],
              "size": [
                37,
                7,
                8
              ],
              "pivot": [
                49,
                127,
                -34
              ],
              "rotation": [
                7.23481,
                -87.69642,
                -8.23588
              ],
              "uv": [
                290,
                819
              ],
              "mirror": true
            },
            {
              "origin": [
                -49.90707,
                121.41788,
                -67.41446
              ],
              "size": [
                5,
                8,
                2
              ],
              "pivot": [
                -49,
                127,
                -67
              ],
              "rotation": [
                179.24895,
                67.28351,
                -179.68594
              ],
              "uv": [
                112,
                842
              ],
              "mirror": true
            },
            {
              "origin": [
                43.96988,
                121.39964,
                -68.48294
              ],
              "size": [
                4,
                8,
                2
              ],
              "pivot": [
                48,
                123,
                -67
              ],
              "rotation": [
                178.895,
                -74.78257,
                -179.94059
              ],
              "uv": [
                262,
                968
              ],
              "mirror": true
            },
            {
              "origin": [
                -60.14279,
                121.7463,
                -65.39223
              ],
              "size": [
                5,
                8,
                2
              ],
              "pivot": [
                -66,
                123,
                -61
              ],
              "rotation": [
                0.63265,
                62.71331,
                1.56911
              ],
              "uv": [
                98,
                842
              ],
              "mirror": true
            },
            {
              "origin": [
                62.25303,
                121.71087,
                -69.46009
              ],
              "size": [
                5,
                8,
                2
              ],
              "pivot": [
                66,
                123,
                -68
              ],
              "rotation": [
                0.85675,
                -70.2127,
                -1.81303
              ],
              "uv": [
                220,
                968
              ],
              "mirror": true
            },
            {
              "origin": [
                -14,
                40,
                -53
              ],
              "size": [
                29,
                13,
                1
              ],
              "uv": [
                170,
                914
              ],
              "mirror": true
            },
            {
              "origin": [
                -15,
                177,
                -31
              ],
              "size": [
                29,
                14,
                1
              ],
              "uv": [
                174,
                773
              ],
              "mirror": true
            },
            {
              "origin": [
                -21,
                180,
                -31
              ],
              "size": [
                15,
                8,
                1
              ],
              "pivot": [
                -14,
                187,
                -28
              ],
              "rotation": [
                0,
                0,
                60
              ],
              "uv": [
                494,
                830
              ],
              "mirror": true
            },
            {
              "origin": [
                -168.14865,
                124.45742,
                -76.52565
              ],
              "size": [
                222,
                7,
                8
              ],
              "pivot": [
                51,
                123,
                -66
              ],
              "rotation": [
                87.43077,
                -27.18632,
                -89.82082
              ],
              "uv": [
                0,
                15
              ],
              "mirror": true
            },
            {
              "origin": [
                -50,
                103,
                44
              ],
              "size": [
                2,
                25,
                12
              ],
              "pivot": [
                -49,
                127,
                48
              ],
              "rotation": [
                126.51594,
                89.63913,
                127.52334
              ],
              "uv": [
                0,
                802
              ],
              "mirror": true
            },
            {
              "origin": [
                52,
                52,
                31
              ],
              "size": [
                0,
                31,
                5
              ],
              "pivot": [
                49,
                127,
                48
              ],
              "rotation": [
                110.81424,
                -74.7085,
                -91.79336
              ],
              "uv": [
                484,
                802
              ]
            },
            {
              "origin": [
                50.30328,
                50.23518,
                60.33124
              ],
              "size": [
                0,
                34,
                6
              ],
              "pivot": [
                49,
                86,
                62
              ],
              "rotation": [
                -172.80639,
                2.62617,
                178.3323
              ],
              "uv": [
                418,
                802
              ]
            }
          ]
        }
      ]
    }
  ]
}