{
  "format_version": "1.12.0",
  "minecraft:geometry": [
    {
      "description": {
        "identifier": "geometry.good_skibidi_warden",
        "texture_width": 128,
        "texture_height": 128,
        "visible_bounds_width": 4,
        "visible_bounds_height": 6,
        "visible_bounds_offset": [
          0,
          2,
          0
        ]
      },
      "bones": [
        {
          "name": "root",
          "pivot": [
            0,
            0,
            0
          ]
        },
        {
          "name": "body",
          "parent": "root",
          "pivot": [
            0,
            8,
            0
          ],
          "cubes": [
            {
              "origin": [
                -9,
                0,
                -4
              ],
              "size": [
                18,
                21,
                11
              ],
              "uv": [
                0,
                0
              ]
            },
            {
              "origin": [
                -10,
                0,
                -3
              ],
              "size": [
                1,
                21,
                9
              ],
              "uv": [
                0,
                0
              ]
            },
            {
              "origin": [
                9,
                0,
                -3
              ],
              "size": [
                1,
                21,
                9
              ],
              "uv": [
                0,
                0
              ]
            },
            {
              "origin": [
                -6,
                0,
                -8
              ],
              "size": [
                12,
                21,
                4
              ],
              "uv": [
                0,
                0
              ]
            },
            {
              "origin": [
                -5,
                0,
                -9
              ],
              "size": [
                10,
                21,
                1
              ],
              "uv": [
                0,
                0
              ]
            },
            {
              "origin": [
                -10,
                0,
                7
              ],
              "size": [
                21,
                29,
                8
              ],
              "uv": [
                0,
                0
              ]
            },
            {
              "origin": [
                8,
                29,
                8
              ],
              "size": [
                2,
                4,
                2
              ],
              "uv": [
                0,
                0
              ]
            }
          ]
        },
        {
          "name": "right_ribcage",
          "parent": "body",
          "pivot": [
            -7,
            10,
            -4
          ]
        },
        {
          "name": "left_ribcage",
          "parent": "body",
          "pivot": [
            7,
            10,
            -4
          ]
        },
        {
          "name": "head",
          "parent": "body",
          "pivot": [
            0,
            21,
            0
          ],
          "cubes": [
            {
              "origin": [
                -8,
                21,
                -5
              ],
              "size": [
                16,
                16,
                10
              ],
              "uv": [
                0,
                32
              ]
            },
            {
              "origin": [
                -1,
                21,
                -1
              ],
              "size": [
                2,
                2,
                2
              ],
              "uv": [
                0,
                0
              ]
            }
          ]
        },
        {
          "name": "right_tendril",
          "parent": "head",
          "pivot": [
            -8,
            33,
            0
          ],
          "cubes": [
            {
              "origin": [
                -24,
                30,
                0
              ],
              "size": [
                16,
                16,
                0
              ],
              "uv": [
                52,
                32
              ]
            }
          ]
        },
        {
          "name": "left_tendril",
          "parent": "head",
          "pivot": [
            8,
            33,
            0
          ],
          "cubes": [
            {
              "origin": [
                8,
                30,
                0
              ],
              "size": [
                16,
                16,
                0
              ],
              "uv": [
                58,
                0
              ]
            }
          ]
        },
        {
          "name": "right_arm",
          "parent": "body",
          "pivot": [
            -13,
            21,
            1
          ]
        },
        {
          "name": "left_arm",
          "parent": "body",
          "pivot": [
            13,
            21,
            1
          ]
        },
        {
          "name": "right_leg",
          "parent": "root",
          "pivot": [
            -5.9,
            13,
            0
          ]
        },
        {
          "name": "left_leg",
          "parent": "root",
          "pivot": [
            5.9,
            13,
            0
          ]
        }
      ]
    }
  ]
}