{
  "resource_pack_name": "vanilla",
  "texture_name": "atlas.items",
  "texture_data": {
    "trident": {
      "textures": "textures/items/others/trident"
    },
    "skull_1": {
      "textures": "textures/items/skull_1"
    },
    "skull_2": {
      "textures": "textures/items/skull_2"
    },
    "skull_3": {
      "textures": "textures/items/skull_3"
    },
    "heav": {
      "textures": "textures/items/others/heav"
    },
    "gman3": {
      "textures": "textures/items/gman3"
    },
    "thermonuclear_bomb": {
      "textures": "textures/items/others/thermonuclear_bomb"
    },
    "oxygen_destroyer": {
      "textures": "textures/items/others/oxygen_destroyer"
    },
    "fireball": {
      "textures": "textures/items/others/fireball"
    },
    "golem_speaker": {
      "textures": "textures/items/golem_speaker"
    },
    "speaker2": {
      "textures": "textures/items/speaker2"
    },
    "Tri": {
      "textures": "textures/items/Tri"
    },
    "camerallager": {
      "textures": "textures/items/camerallager"
    },
    "shinomura": {
      "textures": "textures/items/shinomura"
    },
    "genitor": {
      "textures": "textures/items/genitor"
    },
    "titan_skullcrawler": {
      "textures": "textures/items/titan_skullcrawler"
    },
    "kill": {
      "textures": "textures/items/weapons/kill"
    },
    "radiated_sword": {
      "textures": "textures/items/weapons/radiated_sword"
    },
    "tvman": {
      "textures": "textures/items/tvman"
    },
    "titan_speakerman": {
      "textures": "textures/items/titan_speakerman"
    },
    "Titan_cameraman_2": {
      "textures": "textures/items/Titan_cameraman_2"
    },
    "na_kika": {
      "textures": "textures/items/na_kika"
    },
    "tiamat19": {
      "textures": "textures/items/tiamat19"
    },
    "apex_skullcrawler": {
      "textures": "textures/items/apex_skullcrawler"
    },
    "amhuluk19": {
      "textures": "textures/items/amhuluk19"
    },
    "monarch_turret": {
      "textures": "textures/items/monarch_turret"
    },
    "apex_turret": {
      "textures": "textures/items/apex_turret"
    },
    "kong_with_axebigG_allie": {
      "textures": "textures/items/kong_with_axebigG_allie"
    },
    "warbat": {
      "textures": "textures/items/warbat"
    },
    "mokele_mbembe": {
      "textures": "textures/items/mokele_mbembe"
    },
    "sekhmet": {
      "textures": "textures/items/sekhmet"
    },
    "behemoth21": {
      "textures": "textures/items/behemoth21"
    },
    "baphomet": {
      "textures": "textures/items/baphomet"
    },
    "scylla19": {
      "textures": "textures/items/scylla19"
    },
    "methuselah": {
      "textures": "textures/items/methuselah"
    },
    "rodan19": {
      "textures": "textures/items/rodan19"
    },
    "holytiger": {
      "textures": "textures/items/holytiger"
    },
    "mothra19": {
      "textures": "textures/items/mothra19"
    },
    "muto_queen": {
      "textures": "textures/items/muto_queen"
    },
    "mutofemale": {
      "textures": "textures/items/mutofemale"
    },
    "muto_prime": {
      "textures": "textures/items/muto_prime"
    },
    "muto_male": {
      "textures": "textures/items/muto_male"
    },
    "leaf_wing": {
      "textures": "textures/items/leaf_wing"
    },
    "kong21": {
      "textures": "textures/items/kong21"
    },
    "kongbigG_allie": {
      "textures": "textures/items/kongbigG_allie"
    },
    "camazotz": {
      "textures": "textures/items/camazotz"
    },
    "kong_with_axe": {
      "textures": "textures/items/kong_with_axe"
    },
    "armored_godzilla21": {
      "textures": "textures/items/armored_godzilla21"
    },
    "mechaG": {
      "textures": "textures/items/mechaG"
    },
    "ghidorah19": {
      "textures": "textures/items/ghidorah19"
    }
  }
}