{
	"format_version": "1.8.0",
	"animations": {
		"animation.skeleton_titan.summon2": {
			"animation_length": 2.6,
			"bones": {
				"bone": {
					"rotation": {
						"0.0": [0, 0, 0],
						"1.0": [0, -25, 0],
						"2.0": [0, -34.37, 0],
						"2.6": [0, 0, 0]
					}
				},
				"bone2": {
					"rotation": {
						"0.0": [0, 0, 0],
						"1.0": [0, -15, 0],
						"2.6": [0, 0, 0]
					}
				},
				"bone3": {
					"rotation": {
						"0.0": [0, 0, 0],
						"1.0": [0, -20, 0],
						"2.6": [0, 0, 0]
					}
				},
				"bone8": {
					"rotation": {
						"0.0": [0, 0, 0],
						"1.0": [-80, 0, -90],
						"1.2": [-10, 0, -90],
						"2.0": [-4.29, 2.86, -83.57],
						"2.6": [0, 5, 0]
					}
				},
				"bone9": {
					"rotation": {
						"0.0": [0, 0, 0],
						"1.0": [-80, 0, 0],
						"1.2": [-140, 0, 0],
						"2.0": [-140, 0, 0],
						"2.6": [0, 0, 0]
					}
				},
				"bone10": {
					"rotation": {
						"0.0": [0, 0, 0],
						"1.0": [-85, -35, 0],
						"2.0": [-85, -35, 0],
						"2.6": [0, 0, 0]
					}
				},
				"bone11": {
					"rotation": {
						"0.0": [0, 0, 0],
						"1.0": [0, 0, 45],
						"2.0": [0, 0, 36.88],
						"2.6": [0, 0, 0]
					}
				},
				"bone12": {
					"rotation": {
						"0.0": [0, 0, 0],
						"1.0": [0, 0, 45],
						"2.0": [0, 5, 51.88],
						"2.6": [0, 0, 0]
					}
				},
				"bone14": {
					"rotation": {
						"1.0": [0, 0, 0],
						"1.2": [30, 0, 0],
						"2.0": [30, 0, 0],
						"2.0333": [0, 0, 0]
					}
				},
				"bone13": {
					"rotation": {
						"1.0": [0, 0, 0],
						"1.2": [-30, 0, 0],
						"2.0": [-26.43, 0, 0],
						"2.0333": [0, 0, 0]
					}
				},
				"bone15": {
					"position": [0, -3, 0],
					"scale": {
						"1.0": [1, 0, 1],
						"1.2": [1, 1.4, 1],
						"2.0167": [1, 1.4, 1],
						"2.0333": [1, 0, 1]
					}
				},
				"head": {
					"rotation": {
						"0.0": [0, 0, 0],
						"1.0": [0, 55, 0],
						"2.0": [0, 38.75, 0],
						"2.6": [0, 0, 0]
					}
				},
				"bone4": {
					"rotation": {
						"0.0": [0, 0, 0],
						"1.0": [-10, 40, 0],
						"2.0": [-23.75, 25, 0],
						"2.6": [0, 0, 0]
					}
				},
				"bone5": {
					"rotation": {
						"0.0": [0, 0, 0],
						"1.0": [20, 0, 0],
						"2.0": [37.5, 0, 0],
						"2.6": [0, 0, 0]
					}
				},
				"bone6": {
					"rotation": {
						"0.0": [0, 0, 0],
						"1.0": [-15, -30, 0],
						"2.0": [-20.62, -21.25, 0],
						"2.6": [0, 0, 0]
					}
				},
				"bone7": {
					"rotation": {
						"0.0": [0, 0, 0],
						"1.0": [25, 0, 0],
						"2.0": [34.38, 0, 0],
						"2.6": [0, 0, 0]
					}
				}
			}
		}
	}
}