{
	"format_version": "1.8.0",
	"animations": {
		"animation.skeleton_titan.move": {
			"loop": true,
			"bones": {
				"bone2": {
					"rotation": [0, 0, "Math.cos(query.life_time * 300+(-60)) * 20"]
				},
				"bone3": {
					"rotation": [0, 0, "Math.cos(query.life_time * 300+(-80)) * 20"]
				},
				"bone8": {
					"rotation": ["Math.cos(query.life_time * 300) * -60", 0, -25]
				},
				"bone10": {
					"rotation": ["Math.cos(query.life_time * 300) * 60", 0, 25]
				},
				"bone4": {
					"rotation": ["Math.cos(query.life_time * 300) * -65", 0, "Math.cos(query.life_time * 300+(-40)) * -10"]
				},
				"bone5": {
					"rotation": ["25+Math.cos(query.life_time * 300+(-90)) * -25", 0, 0]
				},
				"bone6": {
					"rotation": ["Math.cos(query.life_time * 300) * 65", 0, "Math.cos(query.life_time * 300+(-40)) * -10"]
				},
				"bone7": {
					"rotation": ["25+Math.cos(query.life_time * 300+(-90)) * 25", 0, 0]
				},
				"head": {
					"rotation": [0, 0, "Math.cos(query.life_time * 300+(-100)) * 20"]
				},
				"bone": {
					"rotation": [0, 0, "Math.cos(query.life_time * 300+(-40)) * 10"],
					"position": [0, "Math.cos(query.life_time * 600) * -3.5", 0]
				},
				"bone9": {
					"rotation": ["-27.5+Math.cos(query.life_time * 300+(-50)) * -30", 0, 0]
				},
				"bone11": {
					"rotation": ["-27.5+Math.cos(query.life_time * 300+(-50)) * 30", 0, 0]
				}
			}
		}
	}
}