{
	"format_version": "1.8.0",
	"animations": {
		"animation.skeleton_titan.spawn": {
			"animation_length": 19,
			"bones": {
				"bone": {
					"rotation": {
						"0.0": {
							"post": [-90, 0, 0],
							"lerp_mode": "catmullrom"
						},
						"3.68": {
							"post": [-90, 0, 0],
							"lerp_mode": "catmullrom"
						},
						"4.68": {
							"post": [-90, 0, 0],
							"lerp_mode": "catmullrom"
						},
						"6.8": {
							"post": [0, 0, 0],
							"lerp_mode": "catmullrom"
						},
						"10.4": {
							"post": [0, 0, 0],
							"lerp_mode": "catmullrom"
						},
						"14.6": {
							"post": [0, 0, 0],
							"lerp_mode": "catmullrom"
						},
						"16.12": {
							"post": [0, 0, 0],
							"lerp_mode": "catmullrom"
						},
						"17.2": {
							"post": [0, 0, 0],
							"lerp_mode": "catmullrom"
						},
						"17.68": {
							"post": [0, 0, 0],
							"lerp_mode": "catmullrom"
						},
						"19.0": [0, 0, 0]
					},
					"position": {
						"0.0": {
							"post": [0, -10, 14],
							"lerp_mode": "catmullrom"
						},
						"3.68": {
							"post": [0, -10, 14],
							"lerp_mode": "catmullrom"
						},
						"4.68": {
							"post": [0, -10, 14],
							"lerp_mode": "catmullrom"
						},
						"6.8": {
							"post": [0, -12, 14],
							"lerp_mode": "catmullrom"
						},
						"10.4": {
							"post": [0, -12, 14],
							"lerp_mode": "catmullrom"
						},
						"11.44": {
							"post": [0, -4.5, 7],
							"lerp_mode": "catmullrom"
						},
						"12.48": {
							"post": [0, -2, -4],
							"lerp_mode": "catmullrom"
						},
						"14.6": {
							"post": [0, -2, -1.5],
							"lerp_mode": "catmullrom"
						},
						"15.6": {
							"post": [0, -1, -1.5],
							"lerp_mode": "catmullrom"
						},
						"16.12": {
							"post": [0, -1, -1.5],
							"lerp_mode": "catmullrom"
						},
						"17.2": {
							"post": [0, 0, -0.5],
							"lerp_mode": "catmullrom"
						},
						"17.68": {
							"post": [0, 0, -0.5],
							"lerp_mode": "catmullrom"
						},
						"19.0": [0, 0, 0]
					}
				},
				"bone2": {
					"rotation": {
						"0.0": {
							"post": [0, 0, 0],
							"lerp_mode": "catmullrom"
						},
						"3.68": {
							"post": [0, 0, 0],
							"lerp_mode": "catmullrom"
						},
						"4.68": {
							"post": [55, 0, 0],
							"lerp_mode": "catmullrom"
						},
						"6.8": {
							"post": [-2.5, 0, 0],
							"lerp_mode": "catmullrom"
						},
						"7.84": {
							"post": [5, 0, 0],
							"lerp_mode": "catmullrom"
						},
						"9.48": {
							"post": [-27.5, 0, -5],
							"lerp_mode": "catmullrom"
						},
						"10.4": {
							"post": [-30, 0, -5],
							"lerp_mode": "catmullrom"
						},
						"11.44": {
							"post": [22.5, 0, 0],
							"lerp_mode": "catmullrom"
						},
						"12.48": {
							"post": [17.5, 0, 0],
							"lerp_mode": "catmullrom"
						},
						"14.6": {
							"post": [20, 0, 0],
							"lerp_mode": "catmullrom"
						},
						"15.6": {
							"post": [27.5, -12.5, 0],
							"lerp_mode": "catmullrom"
						},
						"16.12": {
							"post": [27.5, -12.5, 0],
							"lerp_mode": "catmullrom"
						},
						"17.2": {
							"post": [22.5, 12.5, 0],
							"lerp_mode": "catmullrom"
						},
						"17.68": {
							"post": [22.5, 12.5, 0],
							"lerp_mode": "catmullrom"
						},
						"19.0": [0, 0, 0]
					}
				},
				"bone3": {
					"rotation": {
						"0.0": {
							"post": [0, 0, 0],
							"lerp_mode": "catmullrom"
						},
						"3.68": {
							"post": [0, 0, 0],
							"lerp_mode": "catmullrom"
						},
						"4.68": {
							"post": [-47.5, 0, 0],
							"lerp_mode": "catmullrom"
						},
						"6.8": {
							"post": [30, 0, 0],
							"lerp_mode": "catmullrom"
						},
						"7.84": {
							"post": [32.5, 0, 0],
							"lerp_mode": "catmullrom"
						},
						"9.48": {
							"post": [-25, 0, -15],
							"lerp_mode": "catmullrom"
						},
						"10.4": {
							"post": [-27.5, 0, -15],
							"lerp_mode": "catmullrom"
						},
						"11.44": {
							"post": [35, 0, 0],
							"lerp_mode": "catmullrom"
						},
						"12.48": {
							"post": [32.5, 0, 0],
							"lerp_mode": "catmullrom"
						},
						"14.6": {
							"post": [17.5, 0, 0],
							"lerp_mode": "catmullrom"
						},
						"15.6": {
							"post": [12.5, -12.5, 0],
							"lerp_mode": "catmullrom"
						},
						"16.12": {
							"post": [12.5, -12.5, 0],
							"lerp_mode": "catmullrom"
						},
						"17.2": {
							"post": [10, 12.5, 0],
							"lerp_mode": "catmullrom"
						},
						"17.68": {
							"post": [10, 12.5, 0],
							"lerp_mode": "catmullrom"
						},
						"19.0": [0, 0, 0]
					}
				},
				"bone8": {
					"rotation": {
						"0.0": {
							"post": [12.5, 0, -40],
							"lerp_mode": "catmullrom"
						},
						"0.84": {
							"post": [12.5, 0, -40],
							"lerp_mode": "catmullrom"
						},
						"1.76": {
							"post": [90, 107.5, -60],
							"lerp_mode": "catmullrom"
						},
						"2.08": {
							"post": [90, 107.5, -60],
							"lerp_mode": "catmullrom"
						},
						"3.16": {
							"post": [112.5, 70, -22.5],
							"lerp_mode": "catmullrom"
						},
						"3.68": {
							"post": [112.5, 70, -22.5],
							"lerp_mode": "catmullrom"
						},
						"4.68": {
							"post": [85, 45, -42.5],
							"lerp_mode": "catmullrom"
						},
						"5.2": {
							"post": [60.47, 26.46, -20.09],
							"lerp_mode": "catmullrom"
						},
						"5.72": {
							"post": [35.94, 22.92, 2.31],
							"lerp_mode": "catmullrom"
						},
						"6.8": {
							"post": [-15, 0, -22.5],
							"lerp_mode": "catmullrom"
						},
						"7.84": {
							"post": [-15, 0, -35],
							"lerp_mode": "catmullrom"
						},
						"9.48": {
							"post": [-27.5, 67.5, -72.5],
							"lerp_mode": "catmullrom"
						},
						"10.4": {
							"post": [-27.5, 67.5, -72.5],
							"lerp_mode": "catmullrom"
						},
						"12.48": {
							"post": [0, 0, 0],
							"lerp_mode": "catmullrom"
						},
						"14.6": {
							"post": [-2.5, 0, 0],
							"lerp_mode": "catmullrom"
						},
						"16.12": {
							"post": [-2.5, 0, 0],
							"lerp_mode": "catmullrom"
						},
						"17.2": {
							"post": [-2.5, 0, 0],
							"lerp_mode": "catmullrom"
						},
						"17.68": {
							"post": [-2.5, 0, 0],
							"lerp_mode": "catmullrom"
						},
						"19.0": [0, 0, 0]
					}
				},
				"bone9": {
					"rotation": {
						"0.0": {
							"post": [-12.5, 0, 0],
							"lerp_mode": "catmullrom"
						},
						"0.84": {
							"post": [-12.5, 0, 0],
							"lerp_mode": "catmullrom"
						},
						"1.76": {
							"post": [-107.5, 0, 0],
							"lerp_mode": "catmullrom"
						},
						"2.08": {
							"post": [-107.5, 0, 0],
							"lerp_mode": "catmullrom"
						},
						"3.16": {
							"post": [-107.5, 0, 0],
							"lerp_mode": "catmullrom"
						},
						"3.68": {
							"post": [-107.5, 0, 0],
							"lerp_mode": "catmullrom"
						},
						"4.68": {
							"post": [-40, 0, 0],
							"lerp_mode": "catmullrom"
						},
						"5.72": {
							"post": [0, 0, 0],
							"lerp_mode": "catmullrom"
						},
						"6.8": {
							"post": [-15, 0, 0],
							"lerp_mode": "catmullrom"
						},
						"9.48": {
							"post": [-85, 0, 0],
							"lerp_mode": "catmullrom"
						},
						"10.4": {
							"post": [-85, 0, 0],
							"lerp_mode": "catmullrom"
						},
						"12.48": {
							"post": [-45, 0, 0],
							"lerp_mode": "catmullrom"
						},
						"14.6": {
							"post": [-45, 0, 0],
							"lerp_mode": "catmullrom"
						},
						"16.12": {
							"post": [-45, 0, 0],
							"lerp_mode": "catmullrom"
						},
						"17.2": {
							"post": [-45, 0, 0],
							"lerp_mode": "catmullrom"
						},
						"17.68": {
							"post": [-45, 0, 0],
							"lerp_mode": "catmullrom"
						},
						"19.0": [0, 0, 0]
					}
				},
				"bone10": {
					"rotation": {
						"0.0": {
							"post": [10, 0, 37.5],
							"lerp_mode": "catmullrom"
						},
						"3.68": {
							"post": [10, 0, 37.5],
							"lerp_mode": "catmullrom"
						},
						"4.68": {
							"post": [10, 0, 37.5],
							"lerp_mode": "catmullrom"
						},
						"6.8": {
							"post": [-15, 0, 22.5],
							"lerp_mode": "catmullrom"
						},
						"7.84": {
							"post": [-15, 0, 35],
							"lerp_mode": "catmullrom"
						},
						"9.48": {
							"post": [-65, 22.5, 40],
							"lerp_mode": "catmullrom"
						},
						"10.4": {
							"post": [-65, 22.5, 40],
							"lerp_mode": "catmullrom"
						},
						"12.48": {
							"post": [0, 0, 0],
							"lerp_mode": "catmullrom"
						},
						"14.6": {
							"post": [-2.5, 0, 0],
							"lerp_mode": "catmullrom"
						},
						"16.12": {
							"post": [-2.5, 0, 0],
							"lerp_mode": "catmullrom"
						},
						"17.2": {
							"post": [-2.5, 0, 0],
							"lerp_mode": "catmullrom"
						},
						"17.68": {
							"post": [-2.5, 0, 0],
							"lerp_mode": "catmullrom"
						},
						"19.0": [0, 0, 0]
					}
				},
				"bone11": {
					"rotation": {
						"0.0": {
							"post": [-7.5, 0, 0],
							"lerp_mode": "catmullrom"
						},
						"3.68": {
							"post": [-7.5, 0, 0],
							"lerp_mode": "catmullrom"
						},
						"4.68": {
							"post": [-7.5, 0, 0],
							"lerp_mode": "catmullrom"
						},
						"6.8": {
							"post": [-35, 0, 0],
							"lerp_mode": "catmullrom"
						},
						"9.48": {
							"post": [-72.5, 0, 0],
							"lerp_mode": "catmullrom"
						},
						"10.4": {
							"post": [-72.5, 0, 0],
							"lerp_mode": "catmullrom"
						},
						"12.48": {
							"post": [-45, 0, 0],
							"lerp_mode": "catmullrom"
						},
						"14.6": {
							"post": [-45, 0, 0],
							"lerp_mode": "catmullrom"
						},
						"16.12": {
							"post": [-45, 0, 0],
							"lerp_mode": "catmullrom"
						},
						"17.2": {
							"post": [-45, 0, 0],
							"lerp_mode": "catmullrom"
						},
						"17.68": {
							"post": [-45, 0, 0],
							"lerp_mode": "catmullrom"
						},
						"19.0": [0, 0, 0]
					}
				},
				"head": {
					"rotation": {
						"0.0": {
							"post": [0, 0, 0],
							"lerp_mode": "catmullrom"
						},
						"3.68": {
							"post": [0, 0, 0],
							"lerp_mode": "catmullrom"
						},
						"4.68": {
							"post": [-30, 0, 0],
							"lerp_mode": "catmullrom"
						},
						"6.8": {
							"post": [35, 0, 0],
							"lerp_mode": "catmullrom"
						},
						"7.84": {
							"post": [37.5, 0, 0],
							"lerp_mode": "catmullrom"
						},
						"9.48": {
							"post": [-12.5, 0, -17.5],
							"lerp_mode": "catmullrom"
						},
						"10.4": {
							"post": [-15, 0, -17.5],
							"lerp_mode": "catmullrom"
						},
						"11.44": {
							"post": [30, 0, 0],
							"lerp_mode": "catmullrom"
						},
						"12.48": {
							"post": [35, 0, 0],
							"lerp_mode": "catmullrom"
						},
						"14.6": {
							"post": [12.5, 0, 0],
							"lerp_mode": "catmullrom"
						},
						"15.6": {
							"post": [5, -50, 0],
							"lerp_mode": "catmullrom"
						},
						"16.12": {
							"post": [5, -50, 0],
							"lerp_mode": "catmullrom"
						},
						"17.2": {
							"post": [0, 50, 0],
							"lerp_mode": "catmullrom"
						},
						"17.68": {
							"post": [0, 50, 0],
							"lerp_mode": "catmullrom"
						},
						"19.0": [0, 0, 0]
					}
				},
				"bone4": {
					"rotation": {
						"0.0": {
							"post": [-7.5, 0, 12.5],
							"lerp_mode": "catmullrom"
						},
						"3.68": {
							"post": [-7.5, 0, 12.5],
							"lerp_mode": "catmullrom"
						},
						"4.68": {
							"post": [-7.5, 0, 12.5],
							"lerp_mode": "catmullrom"
						},
						"6.8": {
							"post": [-107.5, 12.5, 0],
							"lerp_mode": "catmullrom"
						},
						"10.4": {
							"post": [-107.5, 12.5, 0],
							"lerp_mode": "catmullrom"
						},
						"11.44": {
							"post": [-32.5, 18.75, 0],
							"lerp_mode": "catmullrom"
						},
						"12.48": {
							"post": [-32.5, 25, 0],
							"lerp_mode": "catmullrom"
						},
						"14.6": {
							"post": [-20, 20, 0],
							"lerp_mode": "catmullrom"
						},
						"15.6": {
							"post": [-7.5, 0, 0],
							"lerp_mode": "catmullrom"
						},
						"16.12": {
							"post": [-7.5, 0, 0],
							"lerp_mode": "catmullrom"
						},
						"17.2": {
							"post": [-5, 0, 0],
							"lerp_mode": "catmullrom"
						},
						"17.68": {
							"post": [-5, 0, 0],
							"lerp_mode": "catmullrom"
						},
						"19.0": [0, 0, 0]
					}
				},
				"bone5": {
					"rotation": {
						"0.0": {
							"post": [27.5, 0, 0],
							"lerp_mode": "catmullrom"
						},
						"4.68": {
							"post": [27.5, 0, 0],
							"lerp_mode": "catmullrom"
						},
						"6.8": {
							"post": [27.5, 0, 0],
							"lerp_mode": "catmullrom"
						},
						"7.24": {
							"post": [34.37643, 0, 0],
							"lerp_mode": "catmullrom"
						},
						"8.76": {
							"post": [38.01441, 0, 0],
							"lerp_mode": "catmullrom"
						},
						"9.24": {
							"post": [36.48055, 0, 0],
							"lerp_mode": "catmullrom"
						},
						"9.72": {
							"post": [37.58083, 0, 0],
							"lerp_mode": "catmullrom"
						},
						"10.0": {
							"post": [33.70311, 0, 0],
							"lerp_mode": "catmullrom"
						},
						"10.44": {
							"post": [28.5552, 0, 0],
							"lerp_mode": "catmullrom"
						},
						"11.44": {
							"post": [97.5, 0, 0],
							"lerp_mode": "catmullrom"
						},
						"12.48": {
							"post": [55, 0, 0],
							"lerp_mode": "catmullrom"
						},
						"14.6": {
							"post": [62.5, 0, 0],
							"lerp_mode": "catmullrom"
						},
						"15.6": {
							"post": [32.5, 0, 0],
							"lerp_mode": "catmullrom"
						},
						"16.12": {
							"post": [32.5, 0, 0],
							"lerp_mode": "catmullrom"
						},
						"17.2": {
							"post": [12.5, 0, 0],
							"lerp_mode": "catmullrom"
						},
						"17.68": {
							"post": [12.5, 0, 0],
							"lerp_mode": "catmullrom"
						},
						"19.0": [0, 0, 0]
					}
				},
				"bone6": {
					"rotation": {
						"0.0": {
							"post": [-2.5, 0, -17.5],
							"lerp_mode": "catmullrom"
						},
						"3.68": {
							"post": [-2.5, 0, -17.5],
							"lerp_mode": "catmullrom"
						},
						"4.68": {
							"post": [-2.5, 0, -17.5],
							"lerp_mode": "catmullrom"
						},
						"6.8": {
							"post": [-102.5, -15, 0],
							"lerp_mode": "catmullrom"
						},
						"10.4": {
							"post": [-102.5, -15, 0],
							"lerp_mode": "catmullrom"
						},
						"11.44": {
							"post": [-72.5, -21.25, -1.25],
							"lerp_mode": "catmullrom"
						},
						"12.48": {
							"post": [-10, -27.5, -2.5],
							"lerp_mode": "catmullrom"
						},
						"14.6": {
							"post": [-30, -20, 0],
							"lerp_mode": "catmullrom"
						},
						"15.6": {
							"post": [-15, 0, 0],
							"lerp_mode": "catmullrom"
						},
						"16.12": {
							"post": [-15, 0, 0],
							"lerp_mode": "catmullrom"
						},
						"17.2": {
							"post": [-7.5, 0, 0],
							"lerp_mode": "catmullrom"
						},
						"17.68": {
							"post": [-7.5, 0, 0],
							"lerp_mode": "catmullrom"
						},
						"19.0": [0, 0, 0]
					}
				},
				"bone7": {
					"rotation": {
						"0.0": {
							"post": [15, 0, 0],
							"lerp_mode": "catmullrom"
						},
						"4.68": {
							"post": [15, 0, 0],
							"lerp_mode": "catmullrom"
						},
						"6.8": {
							"post": [15, 0, 0],
							"lerp_mode": "catmullrom"
						},
						"10.4": {
							"post": [15, 0, 0],
							"lerp_mode": "catmullrom"
						},
						"11.44": {
							"post": [73.75, 0, 0],
							"lerp_mode": "catmullrom"
						},
						"12.48": {
							"post": [62.5, 0, 0],
							"lerp_mode": "catmullrom"
						},
						"14.6": {
							"post": [62.5, 0, 0],
							"lerp_mode": "catmullrom"
						},
						"15.6": {
							"post": [42.5, 0, 0],
							"lerp_mode": "catmullrom"
						},
						"16.12": {
							"post": [42.5, 0, 0],
							"lerp_mode": "catmullrom"
						},
						"17.2": {
							"post": [12.5, 0, 0],
							"lerp_mode": "catmullrom"
						},
						"17.68": {
							"post": [12.5, 0, 0],
							"lerp_mode": "catmullrom"
						},
						"19.0": [0, 0, 0]
					}
				},
				"bone12": {
					"rotation": {
						"0.0": {
							"post": [95, 0, 0],
							"lerp_mode": "catmullrom"
						},
						"3.68": {
							"post": [95, 0, 0],
							"lerp_mode": "catmullrom"
						},
						"5.4": {
							"post": [0, 0, 0],
							"lerp_mode": "catmullrom"
						},
						"10.4": {
							"post": [0, 0, 0],
							"lerp_mode": "catmullrom"
						},
						"14.6": {
							"post": [0, 0, 0],
							"lerp_mode": "catmullrom"
						},
						"16.12": {
							"post": [0, 0, 0],
							"lerp_mode": "catmullrom"
						},
						"17.2": {
							"post": [0, 0, 0],
							"lerp_mode": "catmullrom"
						},
						"17.68": {
							"post": [0, 0, 0],
							"lerp_mode": "catmullrom"
						},
						"19.0": [0, 0, 0]
					},
					"position": {
						"0.0": {
							"post": [0, -6, 0],
							"lerp_mode": "catmullrom"
						},
						"3.68": {
							"post": [0, -6, 0],
							"lerp_mode": "catmullrom"
						},
						"5.4": {
							"post": [0, 0, 0],
							"lerp_mode": "catmullrom"
						},
						"19.0": [0, 0, 0]
					}
				}
			}
		}
	}
}