{
	"file_path": "C:\\Users\\enner\\AppData\\Local\\Packages\\Microsoft.MinecraftUWP_8wekyb3d8bbwe\\LocalState\\games\\com.mojang\\development_resource_packs\\Poppy PlayTime addon RP\\entity\\poppy.json",
	"file_type": "client_entity",
	"format_version": 1,
	"file_uuid": "abe3dc96_dd65_43f5_bb1e_81f492279c10",
	"file_version": 0,
	"cache_content": {
		"children": [
			{
				"open": {
					"format_version": "1.10.0",
					"minecraft:client_entity": {
						"description": {
							"identifier": "ftl:poppy_playtime",
							"materials": {
								"default": "enderman"
							},
							"textures": {
								"default": "textures/entity/poppy/ftl_poppy"
							},
							"geometry": {
								"default": "geometry.ftl_poppy"
							},
							"animations": {
								"moving": "animation.ftl_poppy.moving",
								"ftl_poppy_general": "animation.ftl_poppy.general",
								"running": "animation.ftl_poppy.running",
								"jumping": "animation.ftl_poppy.jumping",
								"looking": "animation.ftl_poppy.looking",
								"move": "controller.animation.ftl_poppy.move",
								"general": "controller.animation.ftl_poppy.general",
								"looking_at": "controller.animation.ftl_poppy.looking_at"
							},
							"scripts": {
								"animate": [
									"move",
									"general",
									"looking_at"
								]
							},
							"render_controllers": [
								"controller.render.skeleton"
							],
							"spawn_egg": {
								"texture": "ftl_poppy_spawn",
								"texture_index": 0
							}
						}
					}
				},
				"data": "1.10.0",
				"key": "format_version"
			},
			{
				"open": {
					"format_version": "1.10.0",
					"minecraft:client_entity": {
						"description": {
							"identifier": "ftl:poppy_playtime",
							"materials": {
								"default": "enderman"
							},
							"textures": {
								"default": "textures/entity/poppy/ftl_poppy"
							},
							"geometry": {
								"default": "geometry.ftl_poppy"
							},
							"animations": {
								"moving": "animation.ftl_poppy.moving",
								"ftl_poppy_general": "animation.ftl_poppy.general",
								"running": "animation.ftl_poppy.running",
								"jumping": "animation.ftl_poppy.jumping",
								"looking": "animation.ftl_poppy.looking",
								"move": "controller.animation.ftl_poppy.move",
								"general": "controller.animation.ftl_poppy.general",
								"looking_at": "controller.animation.ftl_poppy.looking_at"
							},
							"scripts": {
								"animate": [
									"move",
									"general",
									"looking_at"
								]
							},
							"render_controllers": [
								"controller.render.skeleton"
							],
							"spawn_egg": {
								"texture": "ftl_poppy_spawn",
								"texture_index": 0
							}
						}
					}
				},
				"key": "minecraft:client_entity",
				"children": [
					{
						"open": {
							"description": {
								"identifier": "ftl:poppy_playtime",
								"materials": {
									"default": "enderman"
								},
								"textures": {
									"default": "textures/entity/poppy/ftl_poppy"
								},
								"geometry": {
									"default": "geometry.ftl_poppy"
								},
								"animations": {
									"moving": "animation.ftl_poppy.moving",
									"ftl_poppy_general": "animation.ftl_poppy.general",
									"running": "animation.ftl_poppy.running",
									"jumping": "animation.ftl_poppy.jumping",
									"looking": "animation.ftl_poppy.looking",
									"move": "controller.animation.ftl_poppy.move",
									"general": "controller.animation.ftl_poppy.general",
									"looking_at": "controller.animation.ftl_poppy.looking_at"
								},
								"scripts": {
									"animate": [
										"move",
										"general",
										"looking_at"
									]
								},
								"render_controllers": [
									"controller.render.skeleton"
								],
								"spawn_egg": {
									"texture": "ftl_poppy_spawn",
									"texture_index": 0
								}
							}
						},
						"key": "description",
						"children": [
							{
								"open": {
									"identifier": "ftl:poppy_playtime",
									"materials": {
										"default": "enderman"
									},
									"textures": {
										"default": "textures/entity/poppy/ftl_poppy"
									},
									"geometry": {
										"default": "geometry.ftl_poppy"
									},
									"animations": {
										"moving": "animation.ftl_poppy.moving",
										"ftl_poppy_general": "animation.ftl_poppy.general",
										"running": "animation.ftl_poppy.running",
										"jumping": "animation.ftl_poppy.jumping",
										"looking": "animation.ftl_poppy.looking",
										"move": "controller.animation.ftl_poppy.move",
										"general": "controller.animation.ftl_poppy.general",
										"looking_at": "controller.animation.ftl_poppy.looking_at"
									},
									"scripts": {
										"animate": [
											"move",
											"general",
											"looking_at"
										]
									},
									"render_controllers": [
										"controller.render.skeleton"
									],
									"spawn_egg": {
										"texture": "ftl_poppy_spawn",
										"texture_index": 0
									}
								},
								"data": "ftl:poppy_playtime",
								"key": "identifier"
							},
							{
								"key": "materials",
								"is_minified": true,
								"children": {
									"default": "enderman"
								}
							},
							{
								"key": "textures",
								"is_minified": true,
								"children": {
									"default": "textures/entity/poppy/ftl_poppy"
								}
							},
							{
								"key": "geometry",
								"is_minified": true,
								"children": {
									"default": "geometry.ftl_poppy"
								}
							},
							{
								"key": "animations",
								"is_minified": true,
								"children": {
									"moving": "animation.ftl_poppy.moving",
									"ftl_poppy_general": "animation.ftl_poppy.general",
									"running": "animation.ftl_poppy.running",
									"jumping": "animation.ftl_poppy.jumping",
									"looking": "animation.ftl_poppy.looking",
									"move": "controller.animation.ftl_poppy.move",
									"general": "controller.animation.ftl_poppy.general",
									"looking_at": "controller.animation.ftl_poppy.looking_at"
								}
							},
							{
								"key": "scripts",
								"is_minified": true,
								"children": {
									"animate": [
										"move",
										"general",
										"looking_at"
									]
								}
							},
							{
								"key": "render_controllers",
								"is_minified": true,
								"children": [
									"controller.render.skeleton"
								]
							},
							{
								"open": {
									"identifier": "ftl:poppy_playtime",
									"materials": {
										"default": "enderman"
									},
									"textures": {
										"default": "textures/entity/poppy/ftl_poppy"
									},
									"geometry": {
										"default": "geometry.ftl_poppy"
									},
									"animations": {
										"moving": "animation.ftl_poppy.moving",
										"ftl_poppy_general": "animation.ftl_poppy.general",
										"running": "animation.ftl_poppy.running",
										"jumping": "animation.ftl_poppy.jumping",
										"looking": "animation.ftl_poppy.looking",
										"move": "controller.animation.ftl_poppy.move",
										"general": "controller.animation.ftl_poppy.general",
										"looking_at": "controller.animation.ftl_poppy.looking_at"
									},
									"scripts": {
										"animate": [
											"move",
											"general",
											"looking_at"
										]
									},
									"render_controllers": [
										"controller.render.skeleton"
									],
									"spawn_egg": {
										"texture": "ftl_poppy_spawn",
										"texture_index": 0
									}
								},
								"key": "spawn_egg",
								"is_minified": true,
								"children": {
									"texture": "ftl_poppy_spawn",
									"texture_index": 0
								}
							}
						]
					}
				]
			}
		]
	}
}