{
   "format_version": "1.12.0",
   "minecraft:geometry": [
      {
         "description": {
            "identifier": "geometry.bills_peso",
            "texture_width": 64,
            "texture_height": 64,
            "visible_bounds_width": 3,
            "visible_bounds_height": 3,
            "visible_bounds_offset": [
               0,
               1.5,
               0
            ]
         },
         "bones": [
            {
               "name": "root",
               "pivot": [
                  0,
                  0,
                  0
               ]
            },
            {
               "name": "leftLeg",
               "parent": "root",
               "pivot": [
                  1.9,
                  12,
                  0
               ]
            },
            {
               "name": "rightLeg",
               "parent": "root",
               "pivot": [
                  -1.9,
                  12,
                  0
               ]
            },
            {
               "name": "waist",
               "parent": "root",
               "pivot": [
                  0,
                  12,
                  0
               ]
            },
            {
               "name": "body",
               "parent": "waist",
               "pivot": [
                  0,
                  24,
                  0
               ]
            },
            {
               "name": "cape",
               "parent": "body",
               "pivot": [
                  0,
                  24,
                  3
               ]
            },
            {
               "name": "bills_peso3",
               "parent": "cape",
               "pivot": [
                  0,
                  9,
                  -11
               ],
               "cubes": [
                  {
                     "origin": [
                        -5.88,
                        3.08837,
                        -15.58595
                     ],
                     "size": [
                        12,
                        9,
                        9
                     ],
                     "pivot": [
                        -3,
                        5,
                        -5
                     ],
                     "rotation": [
                        -20,
                        0,
                        0
                     ],
                     "uv": [
                        0,
                        0
                     ]
                  }
               ]
            },
            {
               "name": "head",
               "parent": "body",
               "pivot": [
                  0,
                  24,
                  0
               ],
               "rotation": [
                  -32.5,
                  0,
                  0
               ]
            },
            {
               "name": "leftArm",
               "parent": "body",
               "pivot": [
                  5,
                  22,
                  0
               ]
            },
            {
               "name": "bills_peso2",
               "parent": "leftArm",
               "pivot": [
                  6,
                  14,
                  1
               ],
               "rotation": [
                  90,
                  0,
                  0
               ],
               "cubes": [
                  {
                     "origin": [
                        3.5,
                        0.2,
                        -17.5
                     ],
                     "size": [
                        4.9,
                        2,
                        5
                     ],
                     "pivot": [
                        2,
                        0,
                        0
                     ],
                     "rotation": [
                        -90,
                        0,
                        0
                     ],
                     "uv": [
                        0,
                        18
                     ]
                  }
               ]
            },
            {
               "name": "rightArm",
               "parent": "body",
               "pivot": [
                  -5,
                  22,
                  0
               ]
            },
            {
               "name": "bills_peso",
               "parent": "rightArm",
               "pivot": [
                  -6,
                  14,
                  1
               ],
               "rotation": [
                  90,
                  0,
                  0
               ],
               "cubes": [
                  {
                     "origin": [
                        -8.5,
                        0.2,
                        -17.5
                     ],
                     "size": [
                        4.9,
                        2,
                        5
                     ],
                     "pivot": [
                        -2,
                        0,
                        0
                     ],
                     "rotation": [
                        -90,
                        0,
                        0
                     ],
                     "uv": [
                        0,
                        18.4
                     ],
                     "mirror": true
                  }
               ]
            }
         ]
      }
   ]
}