{
	"format_version": "1.16.0",
	"minecraft:geometry": [
		{
			"description": {
				"identifier": "geometry.brave_sword",
				"texture_width": 32,
				"texture_height": 32,
				"visible_bounds_width": 5,
				"visible_bounds_height": 3.5,
				"visible_bounds_offset": [0, 1.25, 0]
			},
			"bones": [
				{
					"name": "katana",
					"pivot": [0, 0, 0],
					"binding": "q.item_slot_to_bone_name('main_hand')",
					"cubes": [
						{"origin": [-1, 0, -1], "size": [2, 2, 2], "inflate": 0.5, "uv": [16, 20]},
						{"origin": [-1, 2, -1], "size": [2, 7, 2], "inflate": 0.2, "uv": [16, 7]},
						{"origin": [-1.5, 9, -2.5], "size": [3, 2, 5], "uv": [16, 0]},
						{"origin": [-1, 7.35244, -8.55846], "size": [2, 1, 3], "inflate": 0.2, "pivot": [-0.05, 6.85244, -2.75846], "rotation": [-50, 0, 0], "uv": [16, 16]},
						{"origin": [-1, 7.70965, 6.32451], "size": [2, 1, 3], "inflate": 0.2, "pivot": [-0.05, 6.20965, 3.52451], "rotation": [50, 0, 0], "uv": [16, 16]},
						{"origin": [-1, 9.5, 2.3], "size": [2, 1, 1.5], "inflate": 0.25, "pivot": [0, 8, 2.5], "rotation": [-7.5, 0, 0], "uv": [18, 18], "mirror": true},
						{"origin": [-1, 9.5, -3.8], "size": [2, 1, 1.5], "inflate": 0.25, "pivot": [0, 8, -2.5], "rotation": [7.5, 0, 0], "uv": [18, 18], "mirror": true},
						{"origin": [-0.5, 11, -1], "size": [1, 21, 2], "uv": [10, 0]},
						{"origin": [0, 11, -2.5], "size": [0, 26, 5], "uv": [0, 0]}
					]
				}
			]
		}
	]
}