{
   "format_version": "1.12.0",
   "minecraft:geometry": [
      {
         "description": {
            "identifier": "geometry.daishinkan_armor",
            "texture_width": 64,
            "texture_height": 64,
            "visible_bounds_width": 3,
            "visible_bounds_height": 5,
            "visible_bounds_offset": [
               0,
               1.5,
               0
            ]
         },
         "bones": [
            {
               "name": "root",
               "pivot": [
                  0,
                  0,
                  0
               ]
            },
            {
               "name": "leftLeg",
               "parent": "root",
               "pivot": [
                  1.9,
                  12,
                  0
               ],
               "cubes": [
                  {
                     "origin": [
                        -0.1,
                        0,
                        -2
                     ],
                     "size": [
                        4,
                        12,
                        4
                     ],
                     "inflate": 0.1,
                     "uv": [
                        0,
                        16
                     ],
                     "mirror": true
                  }
               ]
            },
            {
               "name": "leftBoot",
               "parent": "leftLeg",
               "pivot": [
                  2,
                  12,
                  0
               ],
               "cubes": [
                  {
                     "origin": [
                        -0.1,
                        0,
                        -2
                     ],
                     "size": [
                        4,
                        6,
                        4
                     ],
                     "inflate": 0.3,
                     "uv": [
                        0,
                        54
                     ],
                     "mirror": true
                  }
               ]
            },
            {
               "name": "rightLeg",
               "parent": "root",
               "pivot": [
                  -1.9,
                  12,
                  0
               ],
               "cubes": [
                  {
                     "origin": [
                        -3.9,
                        0,
                        -2
                     ],
                     "size": [
                        4,
                        12,
                        4
                     ],
                     "inflate": 0.1,
                     "uv": [
                        0,
                        16
                     ]
                  }
               ]
            },
            {
               "name": "rightBoot",
               "parent": "rightLeg",
               "pivot": [
                  -2,
                  12,
                  0
               ],
               "cubes": [
                  {
                     "origin": [
                        -3.9,
                        0,
                        -2
                     ],
                     "size": [
                        4,
                        6,
                        4
                     ],
                     "inflate": 0.3,
                     "uv": [
                        0,
                        38
                     ]
                  }
               ]
            },
            {
               "name": "waist",
               "parent": "root",
               "pivot": [
                  0,
                  12,
                  0
               ]
            },
            {
               "name": "body",
               "parent": "waist",
               "pivot": [
                  0,
                  24,
                  0
               ],
               "cubes": [
                  {
                     "origin": [
                        -4,
                        12,
                        -2
                     ],
                     "size": [
                        8,
                        12,
                        4
                     ],
                     "inflate": 0.2,
                     "uv": [
                        16,
                        16
                     ]
                  }
               ]
            },
            {
               "name": "boobs",
               "parent": "body",
               "pivot": [
                  0,
                  24,
                  -2
               ],
               "rotation": [
                  50,
                  0,
                  0
               ],
               "cubes": [
                  {
                     "origin": [
                        -4,
                        20,
                        -6
                     ],
                     "size": [
                        8,
                        4,
                        4
                     ],
                     "inflate": 0.2,
                     "uv": [
                        16,
                        16
                     ]
                  }
               ]
            },
            {
               "name": "cape2",
               "parent": "body",
               "pivot": [
                  0,
                  24,
                  2.3
               ],
               "rotation": [
                  5,
                  0,
                  0
               ]
            },
            {
               "name": "head",
               "parent": "body",
               "pivot": [
                  0,
                  24,
                  0
               ],
               "cubes": [
                  {
                     "origin": [
                        -4,
                        24,
                        -4
                     ],
                     "size": [
                        8,
                        8,
                        8
                     ],
                     "inflate": 0.25,
                     "uv": [
                        0,
                        0
                     ]
                  }
               ]
            },
            {
               "name": "leftArm",
               "parent": "body",
               "pivot": [
                  5,
                  22,
                  0
               ],
               "cubes": [
                  {
                     "origin": [
                        4,
                        12,
                        -2
                     ],
                     "size": [
                        4,
                        12,
                        4
                     ],
                     "inflate": 0.1,
                     "uv": [
                        40,
                        16
                     ],
                     "mirror": true
                  }
               ]
            },
            {
               "name": "leftJamb",
               "parent": "leftArm",
               "pivot": [
                  5,
                  22,
                  0
               ],
               "cubes": [
                  {
                     "origin": [
                        3.9,
                        20,
                        -2
                     ],
                     "size": [
                        4.4,
                        4,
                        4
                     ],
                     "inflate": 0.4,
                     "uv": [
                        48,
                        48
                     ]
                  }
               ]
            },
            {
               "name": "leggings",
               "parent": "body",
               "pivot": [
                  0,
                  24,
                  0
               ],
               "cubes": [
                  {
                     "origin": [
                        -4,
                        12,
                        -2
                     ],
                     "size": [
                        8,
                        6,
                        4
                     ],
                     "inflate": 0.1,
                     "uv": [
                        16,
                        32
                     ]
                  }
               ]
            },
            {
               "name": "rightArm",
               "parent": "body",
               "pivot": [
                  -5,
                  22,
                  0
               ],
               "cubes": [
                  {
                     "origin": [
                        -8,
                        12,
                        -2
                     ],
                     "size": [
                        4,
                        12,
                        4
                     ],
                     "inflate": 0.1,
                     "uv": [
                        40,
                        16
                     ]
                  }
               ]
            },
            {
               "name": "rightJamb",
               "parent": "rightArm",
               "pivot": [
                  -5,
                  22,
                  0
               ],
               "cubes": [
                  {
                     "origin": [
                        -8.2,
                        20,
                        -2
                     ],
                     "size": [
                        4.4,
                        4,
                        4
                     ],
                     "inflate": 0.4,
                     "uv": [
                        48,
                        48
                     ],
                     "mirror": true
                  }
               ]
            }
         ]
      }
   ]
}