{
   "format_version": "1.12.0",
   "minecraft:geometry": [
      {
         "description": {
            "identifier": "geometry.evil_mask",
            "texture_width": 32,
            "texture_height": 32,
            "visible_bounds_width": 3,
            "visible_bounds_height": 3,
            "visible_bounds_offset": [
               0,
               1.5,
               0
            ]
         },
         "bones": [
            {
               "name": "root",
               "pivot": [
                  0,
                  0,
                  0
               ]
            },
            {
               "name": "waist",
               "parent": "root",
               "pivot": [
                  0,
                  12,
                  0
               ]
            },
            {
               "name": "body",
               "parent": "waist",
               "pivot": [
                  0,
                  24,
                  0
               ]
            },
            {
               "name": "head",
               "parent": "body",
               "pivot": [
                  0,
                  24,
                  0
               ],
               "cubes": [
                  {
                     "origin": [
                        -4,
                        24,
                        -4
                     ],
                     "size": [
                        8,
                        8,
                        1
                     ],
                     "inflate": 0.01,
                     "uv": [
                        0,
                        0
                     ]
                  },
                  {
                     "origin": [
                        -1,
                        23,
                        -4.2
                     ],
                     "size": [
                        2,
                        1.8,
                        1.4
                     ],
                     "inflate": 0.01,
                     "uv": [
                        8,
                        9
                     ]
                  },
                  {
                     "origin": [
                        3.33306,
                        25.15792,
                        -4.1
                     ],
                     "size": [
                        1,
                        6.8,
                        1.2
                     ],
                     "inflate": 0.01,
                     "pivot": [
                        3.8,
                        27.5,
                        0
                     ],
                     "rotation": [
                        0,
                        0,
                        4
                     ],
                     "uv": [
                        0,
                        9
                     ]
                  },
                  {
                     "origin": [
                        1.64003,
                        21.89749,
                        -4.1
                     ],
                     "size": [
                        1,
                        4,
                        1.2
                     ],
                     "inflate": 0.01,
                     "pivot": [
                        2.6997,
                        24.13367,
                        0
                     ],
                     "rotation": [
                        0,
                        0,
                        58
                     ],
                     "uv": [
                        4,
                        9
                     ]
                  },
                  {
                     "origin": [
                        -2.64003,
                        21.89749,
                        -4.1
                     ],
                     "size": [
                        1,
                        4,
                        1.2
                     ],
                     "inflate": 0.01,
                     "pivot": [
                        -2.6997,
                        24.13367,
                        0
                     ],
                     "rotation": [
                        0,
                        0,
                        -58
                     ],
                     "uv": [
                        4,
                        9
                     ],
                     "mirror": true
                  },
                  {
                     "origin": [
                        -4.33306,
                        25.15792,
                        -4.1
                     ],
                     "size": [
                        1,
                        6.8,
                        1.2
                     ],
                     "inflate": 0.01,
                     "pivot": [
                        -3.8,
                        27.5,
                        0
                     ],
                     "rotation": [
                        0,
                        0,
                        -4
                     ],
                     "uv": [
                        0,
                        9
                     ],
                     "mirror": true
                  }
               ]
            }
         ]
      }
   ]
}