{
	"format_version": "1.16.0",
	"minecraft:geometry": [
		{
			"description": {
				"identifier": "geometry.ki_sword",
				"texture_width": 64,
				"texture_height": 64,
				"visible_bounds_width": 7,
				"visible_bounds_height": 7,
				"visible_bounds_offset": [0, 1.5, 0]
			},
			"bones": [
				{
					"name": "root",
					"pivot": [0, 0, 0]
				},
				{
					"name": "waist",
					"parent": "root",
					"pivot": [0, 12, 0]
				},
				{
					"name": "body",
					"parent": "waist",
					"pivot": [0, 24, 0]
				},
				{
					"name": "rightArm",
					"parent": "body",
					"pivot": [-5, 22, 0]
				},
				{
					"name": "ki_sword",
					"parent": "rightArm",
					"pivot": [1, 0, 0],
					"binding": "q.item_slot_to_bone_name('main_hand')"
				},
				{
					"name": "ki_sword1",
					"parent": "ki_sword",
					"pivot": [-6, 0, 0],
					"cubes": [
						{"origin": [-6, -1, -3], "size": [0, 17, 6], "uv": [0, 24]},
						{"origin": [-9, -1, 0], "size": [6, 17, 0], "uv": [30, 10]}
					]
				},
				{
					"name": "ki_sword2",
					"parent": "ki_sword",
					"pivot": [-6, 0, 0],
					"cubes": [
						{"origin": [-11, 16.01, -5], "size": [10, 0, 10], "pivot": [-6, -6, 0], "rotation": [0, 45, 0], "uv": [0, 20]},
						{"origin": [-11, 16, -5], "size": [10, 0, 10], "uv": [0, 20]}
					]
				},
				{
					"name": "ki_sword3",
					"parent": "ki_sword",
					"pivot": [-6, 0, 0],
					"cubes": [
						{"origin": [-0.15, 27.8, -5], "size": [10, 0, 10], "pivot": [9.70896, 8.50546, 0], "rotation": [0, 0, -67.5], "uv": [0, 10]},
						{"origin": [-21.85, 27.8, -5], "size": [10, 0, 10], "pivot": [-21.70896, 8.50546, 0], "rotation": [0, 0, 67.5], "uv": [0, 10], "mirror": true},
						{"origin": [-10.1, 9.5, -11], "size": [10, 0, 10], "pivot": [-6, 11.21169, -5.94798], "rotation": [90, -22.5, -90], "uv": [0, 10]},
						{"origin": [-10.1, 9.5, 1], "size": [10, 0, 10], "pivot": [-6, 11.21169, 5.94798], "rotation": [-90, 22.5, -90], "uv": [0, 10]}
					]
				},
				{
					"name": "ki_sword4",
					"parent": "ki_sword",
					"pivot": [-6, 0, 0],
					"cubes": [
						{"origin": [-3.45, 24.50546, -5], "size": [11, 0, 10], "pivot": [9.70896, 8.50546, 0], "rotation": [0, 0, -70], "uv": [0, 0]},
						{"origin": [-13.9, 5.35, 2.3], "size": [11, 0, 10], "pivot": [-6.29104, 11.50546, 7], "rotation": [-90, 25, -90], "uv": [0, 0]},
						{"origin": [-13.9, 5.35, -12.3], "size": [11, 0, 10], "pivot": [-6.29104, 11.50546, -7], "rotation": [90, -25, -90], "uv": [0, 0]},
						{"origin": [-19.55, 24.50546, -5], "size": [11, 0, 10], "pivot": [-21.70896, 8.50546, 0], "rotation": [0, 0, 70], "uv": [0, 0], "mirror": true}
					]
				}
			]
		}
	]
}