{
	"format_version": "1.12.0",
	"minecraft:geometry": [
		{
			"description": {
				"identifier": "geometry.pesas_500k",
				"texture_width": 128,
				"texture_height": 128,
				"visible_bounds_width": 7,
				"visible_bounds_height": 7,
				"visible_bounds_offset": [0, 1.5, 0]
			},
			"bones": [
				{
					"name": "root",
					"pivot": [0, 0, 0]
				},
				{
					"name": "waist",
					"parent": "root",
					"pivot": [0, 12, 0]
				},
				{
					"name": "body",
					"parent": "waist",
					"pivot": [0, 24, 0]
				},
				{
					"name": "rightArm",
					"parent": "body",
					"pivot": [-5, 22, 0]
				},
				{
					"name": "pesas",
					"parent": "rightArm",
					"pivot": [-0.5, 0, 0],
					"cubes": [
						{"origin": [-7.5, 1.5, -1], "size": [2, 39, 2], "pivot": [-6.5, 14, 0], "rotation": [0, -90, 90], "uv": [0, 53]}
					]
				},
				{
					"name": "bone",
					"parent": "pesas",
					"pivot": [-6.5, 14, 0],
					"cubes": [
						{"origin": [-14.6, 29, -8.2], "size": [16.2, 11, 16.2], "pivot": [-6.5, 14, 0], "rotation": [0, -90, 90], "uv": [0, 0]},
						{"origin": [-0.6, 29, -8.2], "size": [15.2, 10, 16.2], "pivot": [6.5, 14, 0], "rotation": [0, 90, -90], "uv": [0, 27]}
					]
				},
				{
					"name": "leftArm",
					"parent": "body",
					"pivot": [5, 22, 0]
				}
			]
		}
	]
}