{
	"format_version": "1.12.0",
	"minecraft:geometry": [
		{
			"description": {
				"identifier": "geometry.pesas_20k",
				"texture_width": 32,
				"texture_height": 32,
				"visible_bounds_width": 7,
				"visible_bounds_height": 7,
				"visible_bounds_offset": [0, 1.5, 0]
			},
			"bones": [
				{
					"name": "root",
					"pivot": [0, 0, 0]
				},
				{
					"name": "waist",
					"parent": "root",
					"pivot": [0, 12, 0]
				},
				{
					"name": "body",
					"parent": "waist",
					"pivot": [0, 24, 0]
				},
				{
					"name": "rightArm",
					"parent": "body",
					"pivot": [-5, 22, 0]
				},
				{
					"name": "pesas",
					"parent": "rightArm",
					"pivot": [-0.5, 0, 0],
					"cubes": [
						{
							"origin": [-7.5, 10.5, -1],
							"size": [2, 8, 2],
							"pivot": [-6.5, 14, 0],
							"rotation": [0, -90, 90],
							"uv": {
								"north": {"uv": [2, 18], "uv_size": [2, 8]},
								"east": {"uv": [0, 18], "uv_size": [2, 8]},
								"south": {"uv": [6, 18], "uv_size": [2, 8]},
								"west": {"uv": [4, 18], "uv_size": [2, 8]},
								"up": {"uv": [2, 16], "uv_size": [2, 2]},
								"down": {"uv": [4, 18], "uv_size": [2, -2]}
							}
						},
						{
							"origin": [-9.5, 16, -3],
							"size": [6, 2, 6],
							"pivot": [-6.5, 14, 0],
							"rotation": [0, -90, 90],
							"uv": {
								"north": {"uv": [6, 14], "uv_size": [6, 2]},
								"east": {"uv": [0, 14], "uv_size": [6, 2]},
								"south": {"uv": [18, 14], "uv_size": [6, 2]},
								"west": {"uv": [12, 14], "uv_size": [6, 2]},
								"up": {"uv": [6, 8], "uv_size": [6, 6]},
								"down": {"uv": [12, 14], "uv_size": [6, -6]}
							}
						},
						{
							"origin": [-9.5, 11, -3],
							"size": [6, 2, 6],
							"pivot": [-6.5, 14, 0],
							"rotation": [0, -90, 90],
							"uv": {
								"north": {"uv": [6, 6], "uv_size": [6, 2]},
								"east": {"uv": [0, 6], "uv_size": [6, 2]},
								"south": {"uv": [18, 6], "uv_size": [6, 2]},
								"west": {"uv": [12, 6], "uv_size": [6, 2]},
								"up": {"uv": [6, 0], "uv_size": [6, 6]},
								"down": {"uv": [12, 6], "uv_size": [6, -6]}
							}
						}
					]
				},
				{
					"name": "leftArm",
					"parent": "body",
					"pivot": [5, 22, 0]
				},
				{
					"name": "pesas2",
					"parent": "leftArm",
					"pivot": [0.5, 0, 0],
					"cubes": [
						{
							"origin": [5.5, 10.5, -1],
							"size": [2, 8, 2],
							"pivot": [6.5, 14, 0],
							"rotation": [0, 90, -90],
							"uv": {
								"north": {"uv": [4, 18], "uv_size": [-2, 8]},
								"east": {"uv": [6, 18], "uv_size": [-2, 8]},
								"south": {"uv": [8, 18], "uv_size": [-2, 8]},
								"west": {"uv": [2, 18], "uv_size": [-2, 8]},
								"up": {"uv": [4, 16], "uv_size": [-2, 2]},
								"down": {"uv": [6, 18], "uv_size": [-2, -2]}
							}
						},
						{
							"origin": [3.5, 16, -3],
							"size": [6, 2, 6],
							"pivot": [6.5, 14, 0],
							"rotation": [0, 90, -90],
							"uv": {
								"north": {"uv": [12, 14], "uv_size": [-6, 2]},
								"east": {"uv": [18, 14], "uv_size": [-6, 2]},
								"south": {"uv": [24, 14], "uv_size": [-6, 2]},
								"west": {"uv": [6, 14], "uv_size": [-6, 2]},
								"up": {"uv": [12, 8], "uv_size": [-6, 6]},
								"down": {"uv": [18, 14], "uv_size": [-6, -6]}
							}
						},
						{
							"origin": [3.5, 11, -3],
							"size": [6, 2, 6],
							"pivot": [6.5, 14, 0],
							"rotation": [0, 90, -90],
							"uv": {
								"north": {"uv": [12, 6], "uv_size": [-6, 2]},
								"east": {"uv": [18, 6], "uv_size": [-6, 2]},
								"south": {"uv": [24, 6], "uv_size": [-6, 2]},
								"west": {"uv": [6, 6], "uv_size": [-6, 2]},
								"up": {"uv": [12, 0], "uv_size": [-6, 6]},
								"down": {"uv": [18, 6], "uv_size": [-6, -6]}
							}
						}
					]
				}
			]
		}
	]
}