{
   "format_version": "1.12.0",
   "minecraft:geometry": [
      {
         "description": {
            "identifier": "geometry.pesas_10k",
            "texture_width": 32,
            "texture_height": 32,
            "visible_bounds_width": 7,
            "visible_bounds_height": 7,
            "visible_bounds_offset": [
               0,
               1.5,
               0
            ]
         },
         "bones": [
            {
               "name": "root",
               "pivot": [
                  0,
                  0,
                  0
               ]
            },
            {
               "name": "waist",
               "parent": "root",
               "pivot": [
                  0,
                  12,
                  0
               ]
            },
            {
               "name": "body",
               "parent": "waist",
               "pivot": [
                  0,
                  24,
                  0
               ]
            },
            {
               "name": "rightArm",
               "parent": "body",
               "pivot": [
                  -5,
                  22,
                  0
               ]
            },
            {
               "name": "pesas",
               "parent": "rightArm",
               "pivot": [
                  -0.5,
                  0,
                  0
               ],
               "cubes": [
                  {
                     "origin": [
                        -7.5,
                        10.5,
                        -1
                     ],
                     "size": [
                        2,
                        8,
                        2
                     ],
                     "pivot": [
                        -6.5,
                        14,
                        0
                     ],
                     "rotation": [
                        0,
                        -90,
                        90
                     ],
                     "uv": [
                        0,
                        16
                     ]
                  },
                  {
                     "origin": [
                        -9.5,
                        16,
                        -3
                     ],
                     "size": [
                        6,
                        2,
                        6
                     ],
                     "pivot": [
                        -6.5,
                        14,
                        0
                     ],
                     "rotation": [
                        0,
                        -90,
                        90
                     ],
                     "uv": [
                        0,
                        8
                     ]
                  },
                  {
                     "origin": [
                        -9.5,
                        11,
                        -3
                     ],
                     "size": [
                        6,
                        2,
                        6
                     ],
                     "pivot": [
                        -6.5,
                        14,
                        0
                     ],
                     "rotation": [
                        0,
                        -90,
                        90
                     ],
                     "uv": [
                        0,
                        0
                     ]
                  }
               ]
            }
         ]
      }
   ]
}