{
	"format_version": "1.12.0",
	"minecraft:geometry": [
		{
			"description": {
				"identifier": "geometry.vanity_1",
				"texture_width": 64,
				"texture_height": 64,
				"visible_bounds_width": 5,
				"visible_bounds_height": 5,
				"visible_bounds_offset": [0, 2.5, 0]
			},
			"bones": [
				{
					"name": "root",
					"pivot": [0, 0, 0]
				},
				{
					"name": "waist",
					"parent": "root",
					"pivot": [0, 12, 0]
				},
				{
					"name": "body",
					"parent": "waist",
					"pivot": [0, 12, 0]
				},
				{
					"name": "vanity",
					"parent": "body",
					"pivot": [0, 20.4, 6]
				},
				{
					"name": "halo",
					"parent": "vanity",
					"pivot": [0, 25, 6.1],
					"rotation": [-90, 0, 0],
					"cubes": [
						{"origin": [-3.36162, 23.94375, -10.8], "size": [6.72324, 2.6, 2.1125], "pivot": [0, 25, 6.1], "rotation": [0, 45, 0], "uv": [0, 8]},
						{"origin": [-3.36162, 23.94375, -10.8], "size": [6.72324, 2.6, 2.1125], "pivot": [0, 25, 6.1], "rotation": [0, 22.5, 0], "uv": [0, 8]},
						{"origin": [-3.36162, 23.94375, -10.8], "size": [6.72324, 2.6, 2.1125], "uv": [0, 8]},
						{"origin": [-3.36162, 23.94375, -10.8], "size": [6.72324, 2.6, 2.1125], "pivot": [0, 25, 6.1], "rotation": [0, -22.5, 0], "uv": [0, 8]},
						{"origin": [-3.36162, 23.94375, -10.8], "size": [6.72324, 2.6, 2.1125], "pivot": [0, 25, 6.1], "rotation": [0, -45, 0], "uv": [0, 8]},
						{"origin": [-3.36162, 23.94375, 20.8875], "size": [6.72324, 2.6, 2.1125], "pivot": [0, 25, 6.1], "rotation": [0, 45, 0], "uv": [0, 8]},
						{"origin": [-3.36162, 23.94375, 20.8875], "size": [6.72324, 2.6, 2.1125], "pivot": [0, 25, 6.1], "rotation": [0, 22.5, 0], "uv": [0, 8]},
						{"origin": [-3.36162, 23.94375, 20.8875], "size": [6.72324, 2.6, 2.1125], "uv": [0, 8]},
						{"origin": [-3.36162, 23.94375, 20.8875], "size": [6.72324, 2.6, 2.1125], "pivot": [0, 25, 6.1], "rotation": [0, -22.5, 0], "uv": [0, 8]},
						{"origin": [-3.36162, 23.94375, 20.8875], "size": [6.72324, 2.6, 2.1125], "pivot": [0, 25, 6.1], "rotation": [0, -45, 0], "uv": [0, 8]},
						{"origin": [14.7875, 23.94375, 2.73838], "size": [2.1125, 2.6, 6.72324], "pivot": [0, 25, 6.1], "rotation": [0, 22.5, 0], "uv": [0, 0]},
						{"origin": [14.7875, 23.94375, 2.73838], "size": [2.1125, 2.6, 6.72324], "uv": [0, 0]},
						{"origin": [14.7875, 23.94375, 2.73838], "size": [2.1125, 2.6, 6.72324], "pivot": [0, 25, 6.1], "rotation": [0, -22.5, 0], "uv": [0, 0]},
						{"origin": [-16.9, 23.94375, 2.73838], "size": [2.1125, 2.6, 6.72324], "pivot": [0, 25, 6.1], "rotation": [0, 22.5, 0], "uv": [0, 0]},
						{"origin": [-16.9, 23.94375, 2.73838], "size": [2.1125, 2.6, 6.72324], "uv": [0, 0]},
						{"origin": [-16.9, 23.94375, 2.73838], "size": [2.1125, 2.6, 6.72324], "pivot": [0, 25, 6.1], "rotation": [0, -22.5, 0], "uv": [0, 0]}
					]
				},
				{
					"name": "halo2",
					"parent": "vanity",
					"pivot": [0, 20.4, 6],
					"rotation": [-90, 0, 0],
					"cubes": [
						{"origin": [-2.43502, 19.423, -7.05285], "size": [4.87003, 2.6, 1.53021], "pivot": [0, 20.32242, 5.1888], "rotation": [0, 45, 0], "uv": [0, 12]},
						{"origin": [-2.43502, 19.423, -7.05285], "size": [4.87003, 2.6, 1.53021], "pivot": [0, 20.32242, 5.1888], "rotation": [0, 22.5, 0], "uv": [0, 12]},
						{"origin": [-2.43502, 19.423, -7.05285], "size": [4.87003, 2.6, 1.53021], "uv": [0, 12]},
						{"origin": [-2.43502, 19.423, -7.05285], "size": [4.87003, 2.6, 1.53021], "pivot": [0, 20.32242, 5.1888], "rotation": [0, -22.5, 0], "uv": [0, 12]},
						{"origin": [-2.43502, 19.423, -7.05285], "size": [4.87003, 2.6, 1.53021], "pivot": [0, 20.32242, 5.1888], "rotation": [0, -45, 0], "uv": [0, 12]},
						{"origin": [-2.43502, 19.423, 15.90024], "size": [4.87003, 2.6, 1.53021], "pivot": [0, 20.32242, 5.1888], "rotation": [0, 45, 0], "uv": [0, 12]},
						{"origin": [-2.43502, 19.423, 15.90024], "size": [4.87003, 2.6, 1.53021], "pivot": [0, 20.32242, 5.1888], "rotation": [0, 22.5, 0], "uv": [0, 12]},
						{"origin": [-2.43502, 19.423, 15.90024], "size": [4.87003, 2.6, 1.53021], "uv": [0, 12]},
						{"origin": [-2.43502, 19.423, 15.90024], "size": [4.87003, 2.6, 1.53021], "pivot": [0, 20.32242, 5.1888], "rotation": [0, -22.5, 0], "uv": [0, 12]},
						{"origin": [-2.43502, 19.423, 15.90024], "size": [4.87003, 2.6, 1.53021], "pivot": [0, 20.32242, 5.1888], "rotation": [0, -45, 0], "uv": [0, 12]},
						{"origin": [10.71144, 19.423, 2.75378], "size": [1.53021, 2.6, 4.87003], "pivot": [0, 20.32242, 5.1888], "rotation": [0, 22.5, 0], "uv": [10, 0]},
						{"origin": [10.71144, 19.423, 2.75378], "size": [1.53021, 2.6, 4.87003], "uv": [10, 0]},
						{"origin": [10.71144, 19.423, 2.75378], "size": [1.53021, 2.6, 4.87003], "pivot": [0, 20.32242, 5.1888], "rotation": [0, -22.5, 0], "uv": [10, 0]},
						{"origin": [-12.24165, 19.423, 2.75378], "size": [1.53021, 2.6, 4.87003], "pivot": [0, 20.32242, 5.1888], "rotation": [0, 22.5, 0], "uv": [10, 0]},
						{"origin": [-12.24165, 19.423, 2.75378], "size": [1.53021, 2.6, 4.87003], "uv": [10, 0]},
						{"origin": [-12.24165, 19.423, 2.75378], "size": [1.53021, 2.6, 4.87003], "pivot": [0, 20.32242, 5.1888], "rotation": [0, -22.5, 0], "uv": [10, 0]},
						{"origin": [11, 19.805, 3], "size": [14.9, 1.99, 2], "pivot": [21.6, 20.8, 4], "rotation": [0, 6.5, 0], "uv": [25, 4]},
						{"origin": [11, 19.802, 2.5], "size": [16, 2, 2], "uv": [25, 0]},
						{"origin": [12, 19.81, 2], "size": [14.7, 1.98, 2], "pivot": [21.6, 20.8, -4], "rotation": [0, -6.5, 0], "uv": [25, 4]},
						{"origin": [-25.7, 19.805, 3], "size": [14.9, 1.99, 2], "pivot": [-21.6, 20.8, 4], "rotation": [0, -6.5, 0], "uv": [25, 4], "mirror": true},
						{"origin": [-26.5, 19.81, 2], "size": [14.7, 1.98, 2], "pivot": [-21.6, 20.8, -4], "rotation": [0, 6.5, 0], "uv": [25, 4], "mirror": true},
						{"origin": [-26.8, 19.802, 2.5], "size": [16, 2, 2], "uv": [25, 0], "mirror": true},
						{"origin": [-1.1, 19.805, -26.2], "size": [1.8, 1.99, 20.1], "pivot": [-0.4, 20.8, -21.9], "rotation": [0, -5.5, 0], "uv": [0, 23]},
						{"origin": [-0.3, 19.81, -26.7], "size": [1.8, 1.98, 19.8], "pivot": [7.6, 20.8, -21.9], "rotation": [0, 5.5, 0], "uv": [22, 23]},
						{"origin": [-0.8, 19.802, -27.7], "size": [2, 2, 21.6], "uv": [0, 0]}
					]
				}
			]
		}
	]
}