{
   "format_version": "1.12.0",
   "minecraft:geometry": [
      {
         "description": {
            "identifier": "geometry.vanity_2",
            "texture_width": 16,
            "texture_height": 16,
            "visible_bounds_width": 3,
            "visible_bounds_height": 4,
            "visible_bounds_offset": [
               0,
               2,
               0
            ]
         },
         "bones": [
            {
               "name": "root",
               "pivot": [
                  0,
                  0,
                  0
               ]
            },
            {
               "name": "waist",
               "parent": "root",
               "pivot": [
                  0,
                  12,
                  0
               ]
            },
            {
               "name": "head",
               "parent": "waist",
               "pivot": [
                  0,
                  24,
                  0
               ]
            },
            {
               "name": "halo",
               "parent": "head",
               "pivot": [
                  0,
                  26,
                  0
               ],
               "rotation": [
                  25,
                  0,
                  0
               ],
               "cubes": [
                  {
                     "origin": [
                        -1.5913,
                        25.5,
                        -8
                     ],
                     "size": [
                        3.1826,
                        1,
                        1
                     ],
                     "pivot": [
                        0,
                        26,
                        0
                     ],
                     "rotation": [
                        0,
                        45,
                        0
                     ],
                     "uv": [
                        0,
                        4
                     ]
                  },
                  {
                     "origin": [
                        -1.5913,
                        25.5,
                        -8
                     ],
                     "size": [
                        3.1826,
                        1,
                        1
                     ],
                     "pivot": [
                        0,
                        26,
                        0
                     ],
                     "rotation": [
                        0,
                        22.5,
                        0
                     ],
                     "uv": [
                        0,
                        4
                     ]
                  },
                  {
                     "origin": [
                        -1.5913,
                        25.5,
                        -8
                     ],
                     "size": [
                        3.1826,
                        1,
                        1
                     ],
                     "uv": [
                        0,
                        4
                     ]
                  },
                  {
                     "origin": [
                        -1.5913,
                        25.5,
                        -8
                     ],
                     "size": [
                        3.1826,
                        1,
                        1
                     ],
                     "pivot": [
                        0,
                        26,
                        0
                     ],
                     "rotation": [
                        0,
                        -22.5,
                        0
                     ],
                     "uv": [
                        0,
                        4
                     ]
                  },
                  {
                     "origin": [
                        -1.5913,
                        25.5,
                        -8
                     ],
                     "size": [
                        3.1826,
                        1,
                        1
                     ],
                     "pivot": [
                        0,
                        26,
                        0
                     ],
                     "rotation": [
                        0,
                        -45,
                        0
                     ],
                     "uv": [
                        0,
                        4
                     ]
                  },
                  {
                     "origin": [
                        -1.5913,
                        25.5,
                        7
                     ],
                     "size": [
                        3.1826,
                        1,
                        1
                     ],
                     "pivot": [
                        0,
                        26,
                        0
                     ],
                     "rotation": [
                        0,
                        45,
                        0
                     ],
                     "uv": [
                        0,
                        4
                     ]
                  },
                  {
                     "origin": [
                        -1.5913,
                        25.5,
                        7
                     ],
                     "size": [
                        3.1826,
                        1,
                        1
                     ],
                     "pivot": [
                        0,
                        26,
                        0
                     ],
                     "rotation": [
                        0,
                        22.5,
                        0
                     ],
                     "uv": [
                        0,
                        4
                     ]
                  },
                  {
                     "origin": [
                        -1.5913,
                        25.5,
                        7
                     ],
                     "size": [
                        3.1826,
                        1,
                        1
                     ],
                     "uv": [
                        0,
                        4
                     ]
                  },
                  {
                     "origin": [
                        -1.5913,
                        25.5,
                        7
                     ],
                     "size": [
                        3.1826,
                        1,
                        1
                     ],
                     "pivot": [
                        0,
                        26,
                        0
                     ],
                     "rotation": [
                        0,
                        -22.5,
                        0
                     ],
                     "uv": [
                        0,
                        4
                     ]
                  },
                  {
                     "origin": [
                        -1.5913,
                        25.5,
                        7
                     ],
                     "size": [
                        3.1826,
                        1,
                        1
                     ],
                     "pivot": [
                        0,
                        26,
                        0
                     ],
                     "rotation": [
                        0,
                        -45,
                        0
                     ],
                     "uv": [
                        0,
                        4
                     ]
                  },
                  {
                     "origin": [
                        7,
                        25.5,
                        -1.5913
                     ],
                     "size": [
                        1,
                        1,
                        3.1826
                     ],
                     "pivot": [
                        0,
                        26,
                        0
                     ],
                     "rotation": [
                        0,
                        22.5,
                        0
                     ],
                     "uv": [
                        0,
                        0
                     ]
                  },
                  {
                     "origin": [
                        7,
                        25.5,
                        -1.5913
                     ],
                     "size": [
                        1,
                        1,
                        3.1826
                     ],
                     "uv": [
                        0,
                        0
                     ]
                  },
                  {
                     "origin": [
                        7,
                        25.5,
                        -1.5913
                     ],
                     "size": [
                        1,
                        1,
                        3.1826
                     ],
                     "pivot": [
                        0,
                        26,
                        0
                     ],
                     "rotation": [
                        0,
                        -22.5,
                        0
                     ],
                     "uv": [
                        0,
                        0
                     ]
                  },
                  {
                     "origin": [
                        -8,
                        25.5,
                        -1.5913
                     ],
                     "size": [
                        1,
                        1,
                        3.1826
                     ],
                     "pivot": [
                        0,
                        26,
                        0
                     ],
                     "rotation": [
                        0,
                        22.5,
                        0
                     ],
                     "uv": [
                        0,
                        0
                     ]
                  },
                  {
                     "origin": [
                        -8,
                        25.5,
                        -1.5913
                     ],
                     "size": [
                        1,
                        1,
                        3.1826
                     ],
                     "uv": [
                        0,
                        0
                     ]
                  },
                  {
                     "origin": [
                        -8,
                        25.5,
                        -1.5913
                     ],
                     "size": [
                        1,
                        1,
                        3.1826
                     ],
                     "pivot": [
                        0,
                        26,
                        0
                     ],
                     "rotation": [
                        0,
                        -22.5,
                        0
                     ],
                     "uv": [
                        0,
                        0
                     ]
                  }
               ]
            }
         ]
      }
   ]
}