{
	"format_version": "1.8.0",
	"animations": {
		"animation.pigzombie_titan.spawn": {
			"animation_length": 13.5,
			"bones": {
				"bone": {
					"rotation": {
						"5.56": [0, 0, 0],
						"6.72": [12.5, 0, 0],
						"8.0": [20, 0, 0],
						"9.36": [-7.5, 0, 20],
						"11.04": [20, 0, -15],
						"13.48": [0, 0, 0]
					},
					"position": {
						"0.0": [0, -12, 0],
						"5.56": [0, -12, 0],
						"6.72": [0, -6, 0],
						"8.0": [0, -5, -7],
						"9.36": [0, -3, 3],
						"11.04": [0, -3, -5],
						"13.48": [0, 0, 0]
					}
				},
				"bone3": {
					"rotation": {
						"0.0": [27.5, 0, 0],
						"5.56": [27.5, 0, 0],
						"6.72": [35, 0, 0],
						"8.0": [37.5, 0, 0],
						"9.36": [-22.5, 0, 0],
						"11.04": [0, 0, 0],
						"13.48": [0, 0, 0]
					}
				},
				"head": {
					"rotation": {
						"0.0": [32.5, 0, 0],
						"2.24": [32.5, 0, 0],
						"4.56": [-25, 0, 0],
						"5.56": [-25, 0, 0],
						"6.72": [-10, 0, 0],
						"8.0": [-2.5, 0, 0],
						"9.36": [-12.5, 0, 0],
						"11.04": [20, 0, 0],
						"13.48": [0, 0, 0]
					}
				},
				"bone8": {
					"rotation": {
						"0.0": [17.5, -20, 0],
						"5.56": [17.5, -20, 0],
						"6.72": [-7.5, -20, 0],
						"8.0": [2.5, -25, 0],
						"9.36": [5, -25, 0],
						"11.04": [0, -12.5, 0],
						"13.48": [0, 0, 0]
					}
				},
				"bone10": {
					"rotation": {
						"0.0": [-52.5, 22.5, -42.5],
						"5.56": [-52.5, 22.5, -42.5],
						"6.72": [-72.5, 22.5, -42.5],
						"8.0": [-27.5, 22.5, -42.5],
						"9.36": [-5, 25, 0],
						"11.04": [-5, 15, 0],
						"13.48": [0, 0, 0]
					}
				},
				"bone11": {
					"rotation": {
						"0.0": [-7.5, 0, 0],
						"5.56": [-7.5, 0, 0],
						"6.72": [-30, 0, 0],
						"8.0": [-15, 0, 0],
						"11.04": [0, 0, 0],
						"13.48": [0, 0, 0]
					}
				},
				"bone2": {
					"rotation": {
						"0.0": [30, 0, 0],
						"5.56": [30, 0, 0],
						"6.72": [35, 0, 0],
						"8.0": [40, 0, 0],
						"9.36": [-22.5, 0, 0],
						"11.04": [0, 0, 0],
						"13.48": [0, 0, 0]
					}
				},
				"bone4": {
					"rotation": {
						"0.0": [-90, 70, 0],
						"5.56": [-90, 70, 0],
						"6.72": [-50, 15, 0],
						"8.0": [15, 0, 0],
						"9.36": [-35, 0, -20],
						"11.04": [-12.5, 0, 15],
						"13.48": [0, 0, 0]
					}
				},
				"bone5": {
					"rotation": {
						"0.0": [47.5, 0, 0],
						"5.56": [47.5, 0, 0],
						"8.0": [42.5, 0, 0],
						"9.36": [35, 0, 0],
						"11.04": [40, 0, 0],
						"13.48": [0, 0, 0]
					}
				},
				"bone6": {
					"rotation": {
						"0.0": [-90, -72.5, 0],
						"5.56": [-90, -72.5, 0],
						"6.72": [-60, -55, 0],
						"8.0": [-60, -16, 0],
						"9.36": [12.5, 0, -22.5],
						"11.04": [-42.5, 0, 12.5],
						"13.48": [0, 0, 0]
					}
				},
				"bone7": {
					"rotation": {
						"0.0": [50, 0, 0],
						"5.56": [50, 0, 0],
						"8.0": [42.5, 0, 0],
						"9.36": [52.5, 0, 0],
						"11.04": [37.5, 0, 0],
						"13.48": [0, 0, 0]
					}
				},
				"bone9": {
					"rotation": {
						"0.0": [35, 0, 0],
						"5.56": [35, 0, 0],
						"9.36": [15, 0, 0],
						"11.04": [0, 0, 0],
						"13.48": [0, 0, 0]
					}
				},
				"bone13": {
					"rotation": {
						"0.0": [180, 0, 0],
						"5.56": [180, 0, 0],
						"6.72": [189.02, 0, 0],
						"8.0": [170.84, 0, 0],
						"9.36": [141.52, 0, 0],
						"11.04": [39.02, 0, 0],
						"13.48": [0, 0, 0]
					}
				}
			}
		}
	}
}