{
	"format_version": "1.8.0",
	"animations": {
		"animation.s_titan.summon3": {
			"animation_length": 7,
			"bones": {
				"bone": {
					"rotation": {
						"0.0": {
							"post": [0, 0, 0],
							"lerp_mode": "catmullrom"
						},
						"7.0": [0, 0, 0]
					},
					"position": {
						"0.0": {
							"post": [0, 0, 0],
							"lerp_mode": "catmullrom"
						},
						"1.56": {
							"post": [0, -2.5, 4],
							"lerp_mode": "catmullrom"
						},
						"2.6": {
							"post": [0, -2.5, 4],
							"lerp_mode": "catmullrom"
						},
						"3.12": {
							"post": [0, -3.5, 0],
							"lerp_mode": "catmullrom"
						},
						"4.68": {
							"post": [0, -3.5, 0],
							"lerp_mode": "catmullrom"
						},
						"5.72": {
							"post": [0, -3.5, 0],
							"lerp_mode": "catmullrom"
						},
						"7.0": [0, 0, 0]
					}
				},
				"bone2": {
					"rotation": {
						"0.0": {
							"post": [0, 0, 0],
							"lerp_mode": "catmullrom"
						},
						"1.56": {
							"post": [-32.5, 0, 0],
							"lerp_mode": "catmullrom"
						},
						"2.6": {
							"post": [-35, 0, 0],
							"lerp_mode": "catmullrom"
						},
						"3.12": {
							"post": [45, 0, 0],
							"lerp_mode": "catmullrom"
						},
						"4.68": {
							"post": [52.5, 0, 0],
							"lerp_mode": "catmullrom"
						},
						"5.72": {
							"post": [52.5, 0, 0],
							"lerp_mode": "catmullrom"
						},
						"7.0": [0, 0, 0]
					}
				},
				"bone3": {
					"rotation": {
						"0.0": {
							"post": [0, 0, 0],
							"lerp_mode": "catmullrom"
						},
						"1.56": {
							"post": [-30, 0, 0],
							"lerp_mode": "catmullrom"
						},
						"2.6": {
							"post": [-37.5, 0, 0],
							"lerp_mode": "catmullrom"
						},
						"3.12": {
							"post": [42.5, 0, 0],
							"lerp_mode": "catmullrom"
						},
						"4.68": {
							"post": [47.5, 0, 0],
							"lerp_mode": "catmullrom"
						},
						"4.88": {
							"post": [57.5, 0, 0],
							"lerp_mode": "catmullrom"
						},
						"5.72": {
							"post": [47.5, 0, 0],
							"lerp_mode": "catmullrom"
						},
						"7.0": [0, 0, 0]
					}
				},
				"bone8": {
					"rotation": {
						"0.0": {
							"post": [0, 0, 0],
							"lerp_mode": "catmullrom"
						},
						"1.56": {
							"post": [-22.5, -32.5, -120],
							"lerp_mode": "catmullrom"
						},
						"2.6": {
							"post": [-30, -32.5, -130],
							"lerp_mode": "catmullrom"
						},
						"3.12": {
							"post": [90, -197.5, -260],
							"lerp_mode": "catmullrom"
						},
						"4.68": {
							"post": [90, -190, -257.5],
							"lerp_mode": "catmullrom"
						},
						"4.88": {
							"post": [90, -197.5, -257.5],
							"lerp_mode": "catmullrom"
						},
						"5.72": {
							"post": [90, -190, -257.5],
							"lerp_mode": "catmullrom"
						},
						"7.0": [0, 0, 0]
					}
				},
				"bone9": {
					"rotation": {
						"0.0": {
							"post": [0, 0, 0],
							"lerp_mode": "catmullrom"
						},
						"1.56": {
							"post": [0, 0, -62.5],
							"lerp_mode": "catmullrom"
						},
						"2.6": {
							"post": [0, 0, -62.5],
							"lerp_mode": "catmullrom"
						},
						"3.12": {
							"post": [0, 0, -15],
							"lerp_mode": "catmullrom"
						},
						"4.68": {
							"post": [0, 0, -40],
							"lerp_mode": "catmullrom"
						},
						"4.88": {
							"post": [0, 0, -60],
							"lerp_mode": "catmullrom"
						},
						"5.72": {
							"post": [0, 0, -40],
							"lerp_mode": "catmullrom"
						},
						"7.0": [0, 0, 0]
					}
				},
				"bone10": {
					"rotation": {
						"0.0": {
							"post": [0, 0, 0],
							"lerp_mode": "catmullrom"
						},
						"1.56": {
							"post": [-35, 0, 0],
							"lerp_mode": "catmullrom"
						},
						"2.6": {
							"post": [-35, 0, 0],
							"lerp_mode": "catmullrom"
						},
						"3.12": {
							"post": [30, 0, 0],
							"lerp_mode": "catmullrom"
						},
						"4.68": {
							"post": [37.5, 0, 0],
							"lerp_mode": "catmullrom"
						},
						"4.88": {
							"post": [47.5, 0, 0],
							"lerp_mode": "catmullrom"
						},
						"5.72": {
							"post": [37.5, 0, 0],
							"lerp_mode": "catmullrom"
						},
						"7.0": [0, 0, 0]
					}
				},
				"bone11": {
					"rotation": {
						"0.0": {
							"post": [0, 0, 0],
							"lerp_mode": "catmullrom"
						},
						"1.56": {
							"post": [-45, 0, 0],
							"lerp_mode": "catmullrom"
						},
						"2.6": {
							"post": [-45, 0, 0],
							"lerp_mode": "catmullrom"
						},
						"3.12": {
							"post": [-75, 0, 0],
							"lerp_mode": "catmullrom"
						},
						"4.68": {
							"post": [-90, 0, 0],
							"lerp_mode": "catmullrom"
						},
						"4.88": {
							"post": [-45, 0, 0],
							"lerp_mode": "catmullrom"
						},
						"5.72": {
							"post": [-90, 0, 0],
							"lerp_mode": "catmullrom"
						},
						"7.0": [0, 0, 0]
					}
				},
				"bone12": {
					"rotation": {
						"0.0": {
							"post": [0, 0, 0],
							"lerp_mode": "catmullrom"
						},
						"7.0": [0, 0, 0]
					}
				},
				"head": {
					"rotation": {
						"0.0": {
							"post": [0, 0, 0],
							"lerp_mode": "catmullrom"
						},
						"1.56": {
							"post": [55, 0, 0],
							"lerp_mode": "catmullrom"
						},
						"2.6": {
							"post": [62.5, 0, 0],
							"lerp_mode": "catmullrom"
						},
						"3.12": {
							"post": [-30, 0, 0],
							"lerp_mode": "catmullrom"
						},
						"3.92": {
							"post": [-30, 0, 0],
							"lerp_mode": "catmullrom"
						},
						"4.16": {
							"post": [-70, 0, 0],
							"lerp_mode": "catmullrom"
						},
						"4.68": {
							"post": [-75, 0, 0],
							"lerp_mode": "catmullrom"
						},
						"4.88": {
							"post": [-60, 0, 0],
							"lerp_mode": "catmullrom"
						},
						"5.72": {
							"post": [-75, 0, 0],
							"lerp_mode": "catmullrom"
						},
						"7.0": [0, 0, 0]
					}
				},
				"bone4": {
					"rotation": {
						"0.0": {
							"post": [0, 0, 0],
							"lerp_mode": "catmullrom"
						},
						"1.56": {
							"post": [17.5, 0, 0],
							"lerp_mode": "catmullrom"
						},
						"2.6": {
							"post": [17.5, 0, 0],
							"lerp_mode": "catmullrom"
						},
						"3.12": {
							"post": [-60, 0, 0],
							"lerp_mode": "catmullrom"
						},
						"4.68": {
							"post": [-60, 0, 0],
							"lerp_mode": "catmullrom"
						},
						"5.72": {
							"post": [-60, 0, 0],
							"lerp_mode": "catmullrom"
						},
						"7.0": [0, 0, 0]
					}
				},
				"bone5": {
					"rotation": {
						"0.0": {
							"post": [0, 0, 0],
							"lerp_mode": "catmullrom"
						},
						"1.56": {
							"post": [30, 0, 0],
							"lerp_mode": "catmullrom"
						},
						"2.6": {
							"post": [30, 0, 0],
							"lerp_mode": "catmullrom"
						},
						"3.12": {
							"post": [62.5, 0, 0],
							"lerp_mode": "catmullrom"
						},
						"4.68": {
							"post": [62.5, 0, 0],
							"lerp_mode": "catmullrom"
						},
						"5.72": {
							"post": [62.5, 0, 0],
							"lerp_mode": "catmullrom"
						},
						"7.0": [0, 0, 0]
					}
				},
				"bone6": {
					"rotation": {
						"0.0": {
							"post": [0, 0, 0],
							"lerp_mode": "catmullrom"
						},
						"1.56": {
							"post": [-50, 0, 0],
							"lerp_mode": "catmullrom"
						},
						"2.6": {
							"post": [-50, 0, 0],
							"lerp_mode": "catmullrom"
						},
						"3.12": {
							"post": [-42.5, 0, 0],
							"lerp_mode": "catmullrom"
						},
						"4.68": {
							"post": [-42.5, 0, 0],
							"lerp_mode": "catmullrom"
						},
						"5.72": {
							"post": [-42.5, 0, 0],
							"lerp_mode": "catmullrom"
						},
						"7.0": [0, 0, 0]
					}
				},
				"bone7": {
					"rotation": {
						"0.0": {
							"post": [0, 0, 0],
							"lerp_mode": "catmullrom"
						},
						"1.56": {
							"post": [50, 0, 0],
							"lerp_mode": "catmullrom"
						},
						"2.6": {
							"post": [50, 0, 0],
							"lerp_mode": "catmullrom"
						},
						"3.12": {
							"post": [87.5, 0, 0],
							"lerp_mode": "catmullrom"
						},
						"4.68": {
							"post": [87.5, 0, 0],
							"lerp_mode": "catmullrom"
						},
						"5.72": {
							"post": [87.5, 0, 0],
							"lerp_mode": "catmullrom"
						},
						"7.0": [0, 0, 0]
					}
				}
			}
		}
	}
}