{
  "infinite100": {
    "max_distance": 64.0,
    "sounds": [
      {
        "name": "sounds/infinite100",
        "stream": true,
        "volume": 0.15,
        "load_on_low_memory": true
      }
    ]
  },
  "aura": {
    "max_distance": 64.0,
    "sounds": [
      {
        "name": "sounds/aura",
        "stream": true,
        "volume": 0.1,
        "load_on_low_memory": true
      }
    ]
  },

  "clone": {
    "max_distance": 64.0,
    "sounds": [
      {
        "name": "sounds/clone",
        "stream": true,
        "volume": 0.1,
        "load_on_low_memory": true
      }
    ]
  },
  "rasengan_hold": {
    "max_distance": 64.0,
    "sounds": [
      {
        "name": "sounds/rasengan_hold",
        "stream": true,
        "volume": 0.1,
        "load_on_low_memory": true
      }
    ]
  },
  "rasengan": {
    "max_distance": 64.0,
    "sounds": [
      {
        "name": "sounds/rasengan",
        "stream": true,
        "volume": 0.1,
        "load_on_low_memory": true
      }
    ]
  },
  "kame_charge": {
    "max_distance": 64.0,
    "sounds": [
      {
        "name": "sounds/kame_charge",
        "stream": true,
        "volume": 0.1,
        "load_on_low_memory": true
      }
    ]
  },
  "kamehameha_fire": {
    "max_distance": 64.0,
    "sounds": [
      {
        "name": "sounds/kamehameha_fire",
        "stream": true,
        "volume": 0.1,
        "load_on_low_memory": true
      }
    ]
  },
  "wallhit": {
    "max_distance": 64.0,
    "sounds": [
      {
        "name": "sounds/wallhit",
        "stream": true,
        "volume": 0.1,
        "load_on_low_memory": true
      }
    ]
  },
  "teleport": {
    "max_distance": 64.0,
    "sounds": [
      {
        "name": "sounds/teleport00",
        "stream": true,
        "volume": 0.1,
        "load_on_low_memory": true
      }
    ]
  },
  "rengoku": {
    "max_distance": 64.0,
    "sounds": [
      {
        "name": "sounds/rengoku",
        "stream": true,
        "volume": 0.1,
        "load_on_low_memory": true
      }
    ]
  },
  "sukuna_laugth": {
    "max_distance": 64.0,
    "sounds": [
      {
        "name": "sounds/sukuna_transform",
        "stream": true,
        "volume": 0.1,
        "load_on_low_memory": true
      }
    ]
  },
  "oniqnemeu": {
    "max_distance": 64.0,
    "sounds": [
      {
        "name": "sounds/oniqnemeu",
        "stream": true,
        "volume": 0.1,
        "load_on_low_memory": true
      }
    ]
  },
  "akaza": {
    "max_distance": 64.0,
    "sounds": [
      {
        "name": "sounds/akaza",
        "stream": true,
        "volume": 0.1,
        "load_on_low_memory": true
      }
    ]
  },
  "rashin": {
    "max_distance": 64.0,
    "sounds": [
      {
        "name": "sounds/rashin",
        "stream": true,
        "volume": 0.1,
        "load_on_low_memory": true
      }
    ]
  },
  "smash": {
    "max_distance": 64.0,
    "sounds": [
      {
        "name": "sounds/smash",
        "stream": true,
        "volume": 0.1,
        "load_on_low_memory": true
      }
    ]
  },
  "dio_knifes": {
    "max_distance": 64.0,
    "sounds": [
      {
        "name": "sounds/dio_knifes",
        "stream": true,
        "volume": 0.1,
        "load_on_low_memory": true
      }
    ]
  },
  "dio_barrage": {
    "max_distance": 64.0,
    "sounds": [
      {
        "name": "sounds/dio_barrage",
        "stream": true,
        "volume": 0.1,
        "load_on_low_memory": true
      }
    ]
  },
  "dio_ts": {
    "max_distance": 64.0,
    "sounds": [
      {
        "name": "sounds/dio_ts",
        "stream": true,
        "volume": 0.1,
        "load_on_low_memory": true
      }
    ]
  },
  "gohantransform": {
    "max_distance": 64.0,
    "sounds": [
      {
        "name": "sounds/gohantransform",
        "stream": true,
        "volume": 0.1,
        "load_on_low_memory": true
      }
    ]
  },
  "broly_ssj_transform": {
    "max_distance": 64.0,
    "sounds": [
      {
        "name": "sounds/brolytransform",
        "stream": true,
        "volume": 0.1,
        "load_on_low_memory": true
      }
    ]
  },
  "galickho": {
    "max_distance": 64.0,
    "sounds": [
      {
        "name": "sounds/galickho",
        "stream": true,
        "volume": 0.1,
        "load_on_low_memory": true
      }
    ]
  },
  "galickho_hold": {
    "max_distance": 64.0,
    "sounds": [
      {
        "name": "sounds/galickho_hold",
        "stream": true,
        "volume": 0.1,
        "load_on_low_memory": true
      }
    ]
  },
  "finalflash": {
    "max_distance": 64.0,
    "sounds": [
      {
        "name": "sounds/finalflash",
        "stream": true,
        "volume": 0.1,
        "load_on_low_memory": true
      }
    ]
  },
  "vegeta_ult": {
    "max_distance": 64.0,
    "sounds": [
      {
        "name": "sounds/vegeta_ult",
        "stream": true,
        "volume": 0.1,
        "load_on_low_memory": true
      }
    ]
  },
  "goku_ult": {
    "max_distance": 64.0,
    "sounds": [
      {
        "name": "sounds/goku_ult",
        "stream": true,
        "volume": 0.1,
        "load_on_low_memory": true
      }
    ]
  }
}









