{
	"file_path": "C:\\Users\\enner\\AppData\\Local\\Packages\\Microsoft.MinecraftUWP_8wekyb3d8bbwe\\LocalState\\games\\com.mojang\\development_resource_packs\\Poppy PlayTime addon RP\\sounds\\sound_definitions.json",
	"file_type": "sound_definition",
	"format_version": 1,
	"file_uuid": "3af9162d_0915_440f_91e0_94c63a6c2710",
	"file_version": 8,
	"cache_content": {
		"is_minified": true,
		"children": {
			"sound.poppy_playtime_its_playtime": {
				"category": "music",
				"sounds": [
					"sounds/mob/poppy_playtime_music/poppy_platime_its_playtime"
				]
			},
			"sound.poppy_playtime_oh_hey_huggy": {
				"category": "music",
				"sounds": [
					"sounds/mob/poppy_playtime_music/poppy_platime_oh_hey_huggy"
				]
			},
			"sound.poppy_playtime_box_on_boxes": {
				"category": "music",
				"sounds": [
					"sounds/mob/poppy_playtime_music/poppy_platime_box_on_boxes"
				]
			},
			"sound.poppy_playtime_huggy_wuggy": {
				"category": "music",
				"sounds": [
					"sounds/mob/poppy_playtime_music/poppy_platime_huggy_wuggy"
				]
			},
			"sound.poppy_playtime_the_most_incredible_doll": {
				"category": "music",
				"sounds": [
					"sounds/mob/poppy_playtime_music/poppy_platime_the_most_incredible_doll"
				]
			},
			"sound.poppy_playtime_poppys_lullaby": {
				"category": "music",
				"sounds": [
					"sounds/mob/poppy_playtime_music/poppy_platime_poppys_lullaby"
				]
			},
			"sound.poppy_playtime_deep_sleep": {
				"category": "music",
				"sounds": [
					"sounds/mob/poppy_playtime_music/poppy_platime_deep_sleep"
				]
			},
			"sound.poppy_playtime_complexus": {
				"category": "music",
				"sounds": [
					"sounds/mob/poppy_playtime_music/poppy_platime_complexus"
				]
			},
			"sound.poppy_playtime_no_more_hugs": {
				"category": "music",
				"sounds": [
					"sounds/mob/poppy_playtime_music/poppy_platime_no_more_hugs"
				]
			},
			"sound.poppy_playtime_a_tight_squeeze": {
				"category": "music",
				"sounds": [
					"sounds/mob/poppy_playtime_music/poppy_platime_a_tight_squeeze"
				]
			},
			"sound.poppy_playtime_welcome_wave": {
				"category": "music",
				"sounds": [
					"sounds/mob/poppy_playtime_music/poppy_platime_welcome_wave"
				]
			},
			"mob.huggy.idle": {
				"sounds": [
					"sounds/mob/huggy/huggy_hurt1"
				]
			},
			"mob.huggy.step": {
				"sounds": [
					"sounds/mob/huggy/huggy_step1",
					"sounds/mob/huggy/huggy_step2",
					"sounds/mob/huggy/huggy_step3"
				]
			},
			"mob.huggy.attack": {
				"sounds": [
					"sounds/mob/huggy/huggy_attack"
				]
			},
			"mob.huggy.hurt": {
				"sounds": [
					"sounds/mob/huggy/huggy_hurt1"
				]
			},
			"mob.huggy.death": {
				"sounds": [
					"sounds/mob/huggy/huggy_death"
				]
			}
		}
	}
}