{
  "mob.pa_cyan.hurt": {
    "category": " neutral",
    "sounds": [
      "sounds/mob/pa_cyan/hurt"
    ]
  },
  "mob.pa_cyan.death": {
    "category": " neutral",
    "sounds": [
      "sounds/mob/pa_cyan/death"
    ]
  },
  "mob.pa_cyan.ambient": {
    "category": " neutral",
    "sounds": [
      "sounds/mob/pa_cyan/ambient"
    ]
  },
  "mob.pa_lookies.hurt": {
    "category": " neutral",
    "sounds": [
      "sounds/mob/pa_lookies/hurt"
    ]
  },
  "mob.pa_lookies.say": {
    "category": " neutral",
    "sounds": [
      "sounds/mob/pa_lookies/say"
    ]
  },
  "mob.pa_blue.hurt": {
    "category": " neutral",
    "sounds": [
      "sounds/mob/pa_blue/hurt"
    ]
  },
  "mob.pa_blue.death": {
    "category": " neutral",
    "sounds": [
      "sounds/mob/pa_blue/death"
    ]
  },
  "mob.pa_blue.ambient": {
    "category": " neutral",
    "sounds": [
      "sounds/mob/pa_blue/ambient"
    ]
  },
  "mob.pa_orange.hurt": {
    "category": " neutral",
    "sounds": [
      "sounds/mob/pa_orange/hurt"
    ]
  },
  "mob.pa_orange.ambient": {
    "category": " neutral",
    "sounds": [
      "sounds/mob/pa_orange/ambient"
    ]
  },
  "mob.pa_orange.death": {
    "category": " neutral",
    "sounds": [
      "sounds/mob/pa_orange/death"
    ]
  },
  "mob.pa_yellows.hurt": {
    "category": " neutral",
    "sounds": [
      "sounds/mob/pa_yellows/hurt"
    ]
  },
  "mob.pa_yellows.death": {
    "category": " neutral",
    "sounds": [
      "sounds/mob/pa_yellows/death"
    ]
  },
  "mob.pa_yellow.ambient": {
    "category": " neutral",
    "sounds": [
      "sounds/mob/pa_yellow/ambient"
    ]
  },
  "mob.pa_yellow.death": {
    "category": " neutral",
    "sounds": [
      "sounds/mob/pa_yellow/death"
    ]
  },
  "mob.pa_yellow.hurt": {
    "category": " neutral",
    "sounds": [
      "sounds/mob/pa_yellow/hurt"
    ]
  },
  "mob.pa_yellows.ambient": {
    "category": " neutral",
    "sounds": [
      "sounds/mob/pa_yellows/ambient"
    ]
  }
}