{
   "format_version": "1.16.0",
   "minecraft:entity": {
      "component_groups": {
         "attack": {
            "minecraft:behavior.delayed_attack": {
               "attack_duration": 2,
               "hit_delay_pct": 100,
               "priority": 1,
               "reach_multiplier": 14,
               "track_target": false
            },
            "minecraft:variant": {
               "value": 1
            }
         },
         "dead": {
            "minecraft:damage_sensor": {
               "triggers": [
                  {
                     "cause": "all",
                     "deals_damage": false
                  }
               ]
            },
            "minecraft:health": {
               "max": 990000,
               "min": 1,
               "value": 990000
            },
            "minecraft:movement": {
               "value": 0
            },
            "minecraft:spell_effects": {
               "add_effects": [
                  {
                     "amplifier": 10,
                     "display_on_screen_animation": true,
                     "duration": 999999,
                     "effect": "slowness",
                     "visible": false
                  }
               ]
            },
            "minecraft:timer": {
               "looping": false,
               "time": 8.5,
               "time_down_event": {
                  "event": "dead1"
               }
            },
            "minecraft:type_family": {
               "family": [
                  "summon",
                  "inanimate",
                  "57titan"
               ]
            },
            "minecraft:variant": {
               "value": 10
            }
         },
         "dead1": {
            "minecraft:ageable": {
               "duration": 5,
               "grow_up": {
                  "event": "dedead",
                  "target": "self"
               }
            },
            "minecraft:scale_by_age": {
               "end_scale": 0,
               "start_scale": 12
            },
            "minecraft:type_family": {
               "family": [
                  "summon",
                  "inanimate",
                  "57titan"
               ]
            },
            "minecraft:variant": {
               "value": 10
            }
         },
         "dedead": {
            "minecraft:health": {
               "max": 0,
               "value": 0
            },
            "minecraft:scale": {
               "value": 0
            },
            "minecraft:type_family": {
               "family": [
                  "summon",
                  "inanimate",
                  "57titan"
               ]
            }
         },
         "demove": {
            "minecraft:movement": {
               "value": 0
            }
         },
         "move": {
            "minecraft:movement": {
               "value": 0.4
            }
         },
         "spawn": {
            "minecraft:behavior.hurt_by_target": {
               "entity_types": {
                  "filters": {
                     "operator": "!=",
                     "subject": "other",
                     "test": "is_family",
                     "value": "summon"
                  }
               },
               "priority": 2
            },
            "minecraft:behavior.random_look_around": {
               "priority": 6
            },
            "minecraft:behavior.random_stroll": {
               "priority": 5,
               "speed_multiplier": 1
            },
            "minecraft:can_climb": {},
            "minecraft:damage_sensor": {
               "triggers": [
                  {
                     "cause": "void",
                     "deals_damage": false
                  },
                  {
                     "cause": "fall",
                     "deals_damage": false
                  },
                  {
                     "deals_damage": false,
                     "on_damage": {
                        "filters": {
                           "subject": "block",
                           "test": "is_block",
                           "value": "minecraft:cactus"
                        }
                     }
                  },
                  {
                     "on_damage": {
                        "event": "dead",
                        "filters": {
                           "all_of": [
                              {
                                 "test": "has_damage",
                                 "value": "fatal"
                              }
                           ]
                        }
                     }
                  },
                  {
                     "deals_damage": false,
                     "on_damage": {
                        "filters": {
                           "all_of": [
                              {
                                 "operator": "!=",
                                 "subject": "other",
                                 "test": "is_family",
                                 "value": "57titan"
                              }
                           ]
                        }
                     }
                  },
                  {
                     "deals_damage": false,
                     "on_damage": {
                        "filters": {
                           "subject": "other",
                           "test": "is_family",
                           "value": "lightning"
                        }
                     }
                  },
                  {
                     "cause": "fire_tick",
                     "deals_damage": false
                  },
                  {
                     "cause": "block_explosion",
                     "deals_damage": false
                  },
                  {
                     "cause": "fire",
                     "deals_damage": false
                  },
                  {
                     "deals_damage": false,
                     "on_damage": {
                        "filters": {
                           "all_of": [
                              {
                                 "subject": "other",
                                 "test": "is_family",
                                 "value": "irongolem"
                              }
                           ]
                        }
                     }
                  }
               ]
            },
            "minecraft:jump.static": {},
            "minecraft:movement.basic": {},
            "minecraft:variant": {
               "value": 1
            }
         },
         "spawn_iron_golem": {
            "minecraft:spawn_entity": {
               "entities": {
                  "max_wait_time": 9,
                  "min_wait_time": 8,
                  "single_use": false,
                  "spawn_entity": "57:summon_iron_golem_ball"
               }
            }
         },
         "summon": {
            "minecraft:behavior.summon_entity": {
               "priority": 0,
               "summon_choices": [
                  {
                     "cast_duration": 1.2,
                     "cooldown_time": 15,
                     "max_activation_range": 99,
                     "min_activation_range": 0,
                     "sequence": [
                        {
                           "base_delay": 0,
                           "entity_type": "stmc:bcmtbash",
                           "num_entities_spawned": 1,
                           "shape": "circle",
                           "size": 0.1,
                           "target": "self"
                        }
                     ],
                     "start_sound_event": "cast.spell",
                     "weight": 1
                  }
               ]
            },
            "minecraft:mark_variant": {
               "value": 0
            },
            "minecraft:timer": {
               "looping": false,
               "time": 1.25,
               "time_down_event": {
                  "event": "attack"
               }
            },
            "minecraft:variant": {
               "value": 2
            }
         },
         "summon2": {
            "minecraft:behavior.look_at_target": {
               "look_distance": 99,
               "look_time": [
                  99,
                  99
               ],
               "priority": 0,
               "probability": 1
            },
            "minecraft:spawn_entity": {
               "entities": {
                  "max_wait_time": 1.45,
                  "min_wait_time": 1.45,
                  "single_use": true,
                  "spawn_entity": "stmc:bcmtwoosh"
               }
            },
            "minecraft:timer": {
               "looping": false,
               "time": 2.5,
               "time_down_event": {
                  "event": "attack"
               }
            },
            "minecraft:variant": {
               "value": 3
            }
         },
         "summon4": {
            "minecraft:behavior.summon_entity": {
               "priority": 0,
               "summon_choices": [
                  {
                     "cast_duration": 4,
                     "cooldown_time": 15,
                     "max_activation_range": 99,
                     "min_activation_range": 0,
                     "sequence": [
                        {
                           "base_delay": 0,
                           "entity_type": "stmc:bcmtpow",
                           "num_entities_spawned": 1,
                           "shape": "circle",
                           "size": 0.1,
                           "target": "self"
                        },
                        {
                           "base_delay": 1.9834,
                           "entity_type": "stmc:bcmtpow",
                           "num_entities_spawned": 1,
                           "shape": "circle",
                           "size": 0.1,
                           "target": "self"
                        }
                     ],
                     "start_sound_event": "cast.spell",
                     "weight": 1
                  }
               ]
            },
            "minecraft:mark_variant": {
               "value": 0
            },
            "minecraft:timer": {
               "looping": false,
               "time": 3.4335,
               "time_down_event": {
                  "event": "attack"
               }
            },
            "minecraft:variant": {
               "value": 5
            }
         },
         "summon4_ex": {
            "minecraft:mark_variant": {
               "value": 3
            },
            "minecraft:timer": {
               "looping": false,
               "time": 1.3833,
               "time_down_event": {
                  "event": "summon4"
               }
            },
            "minecraft:variant": {
               "value": 5
            }
         },
         "summon4_time": {
            "minecraft:timer": {
               "looping": false,
               "time": 1.1833,
               "time_down_event": {
                  "event": "summon4_ex"
               }
            },
            "minecraft:variant": {
               "value": 5
            }
         },
         "summon5": {
            "minecraft:behavior.summon_entity": {
               "priority": 0,
               "summon_choices": [
                  {
                     "cast_duration": 4,
                     "cooldown_time": 15,
                     "max_activation_range": 99,
                     "min_activation_range": 0,
                     "sequence": [
                        {
                           "base_delay": 0,
                           "entity_type": "stmc:bcmtwoosh",
                           "num_entities_spawned": 1,
                           "shape": "circle",
                           "size": 0.1,
                           "target": "self"
                        }
                     ],
                     "start_sound_event": "cast.spell",
                     "weight": 1
                  }
               ]
            },
            "minecraft:mark_variant": {
               "value": 0
            },
            "minecraft:timer": {
               "looping": false,
               "time": 1.35,
               "time_down_event": {
                  "event": "attack"
               }
            },
            "minecraft:variant": {
               "value": 6
            }
         },
         "summon5_ex": {
            "minecraft:mark_variant": {
               "value": 3
            },
            "minecraft:timer": {
               "looping": false,
               "time": 0.8,
               "time_down_event": {
                  "event": "summon5"
               }
            },
            "minecraft:variant": {
               "value": 6
            }
         },
         "summon5_time": {
            "minecraft:timer": {
               "looping": false,
               "time": 0.7,
               "time_down_event": {
                  "event": "summon5_ex"
               }
            },
            "minecraft:variant": {
               "value": 6
            }
         },
         "summon6": {
            "minecraft:behavior.summon_entity": {
               "priority": 0,
               "summon_choices": [
                  {
                     "cast_duration": 4,
                     "cooldown_time": 15,
                     "max_activation_range": 99,
                     "min_activation_range": 0,
                     "sequence": [
                        {
                           "base_delay": 0,
                           "entity_type": "stmc:bcmtslam",
                           "num_entities_spawned": 1,
                           "shape": "circle",
                           "size": 0.1,
                           "target": "self"
                        }
                     ],
                     "start_sound_event": "cast.spell",
                     "weight": 1
                  }
               ]
            },
            "minecraft:mark_variant": {
               "value": 0
            },
            "minecraft:timer": {
               "looping": false,
               "time": 1.85,
               "time_down_event": {
                  "event": "attack"
               }
            },
            "minecraft:variant": {
               "value": 7
            }
         },
         "summon6_ex": {
            "minecraft:mark_variant": {
               "value": 3
            },
            "minecraft:timer": {
               "looping": false,
               "time": 1.115,
               "time_down_event": {
                  "event": "summon6"
               }
            },
            "minecraft:variant": {
               "value": 7
            }
         },
         "summon6_time": {
            "minecraft:timer": {
               "looping": false,
               "time": 1.125,
               "time_down_event": {
                  "event": "summon6_ex"
               }
            },
            "minecraft:variant": {
               "value": 7
            }
         },
         "summon_time": {
            "minecraft:timer": {
               "looping": false,
               "time": 1.75,
               "time_down_event": {
                  "event": "summon"
               }
            },
            "minecraft:variant": {
               "value": 2
            }
         },
         "time": {
            "minecraft:timer": {
               "looping": true,
               "time": [
                  1,
                  10
               ],
               "time_down_event": {
                  "event": "skill"
               }
            }
         }
      },
      "components": {
         "minecraft:ageable": {
            "duration": 0.1,
            "grow_up": {
               "event": "spawn",
               "target": "self"
            }
         },
         "minecraft:attack": {
            "damage": {
               "range_max": 570000,
               "range_min": 570000
            }
         },
         "minecraft:behavior.nearest_attackable_target": {
            "entity_types": [
               {
                  "filters": {
                     "all_of": [
                        {
                           "operator": "!=",
                           "subject": "other",
                           "test": "is_family",
                           "value": "hardware"
                        },
                        {
                           "operator": "!=",
                           "subject": "other",
                           "test": "is_family",
                           "value": "summon"
                        }
                     ]
                  },
                  "max_dist": 99
               }
            ],
            "must_see": false,
            "priority": 3
         },
         "minecraft:boss": {
            "hud_range": 55,
            "name": "Big Ultimus Cameraman Titan",
            "should_darken_sky": false
         },
         "minecraft:breathable": {
            "breathes_water": true,
            "suffocate_time": 0,
            "total_supply": 15
         },
         "minecraft:collision_box": {
            "height": 2.1,
            "width": 0.28
         },
         "minecraft:conditional_bandwidth_optimization": {},
         "minecraft:damage_sensor": {
            "triggers": [
               {
                  "cause": "all",
                  "deals_damage": true
               }
            ]
         },
         "minecraft:fire_immune": true,
         "minecraft:follow_range": {
            "max": 99,
            "value": 99
         },
         "minecraft:health": {
            "max": 99000000,
            "min": 1,
            "value": 99000000
         },
         "minecraft:knockback_resistance": {
            "value": 100
         },
         "minecraft:movement": {
            "value": 0.28
         },
         "minecraft:navigation.walk": {
            "can_swim": true,
            "can_walk": true,
            "is_amphibious": true
         },
         "minecraft:persistent": {},
         "minecraft:physics": {},
         "minecraft:pushable": {
            "is_pushable": false,
            "is_pushable_by_piston": false
         },
         "minecraft:scale": {
            "value": 12
         },
         "minecraft:scale_by_age": {
            "end_scale": 12,
            "start_scale": 12
         },
         "minecraft:type_family": {
            "family": [
               "hardware"
            ]
         },
         "minecraft:variant": {
            "value": 0
         }
      },
      "description": {
         "animations": {
            "hit": "controller.animation.titan_hit",
            "move": "controller.animation.creeper_titan_move",
            "woah": "controller.animation.igdead"
         },
         "identifier": "stmc:big_cameraman_titan",
         "is_experimental": false,
         "is_spawnable": true,
         "is_summonable": true,
         "scripts": {
            "animate": [
               "hit",
               "move",
               "woah"
            ]
         }
      },
      "events": {
         "attack": {
            "add": {
               "component_groups": [
                  "attack",
                  "time",
                  "move",
                  "spawn_iron_golem"
               ]
            },
            "remove": {
               "component_groups": [
                  "summon",
                  "summon2",
                  "summon3",
                  "fire",
                  "fire2",
                  "summon_time",
                  "summon4",
                  "summon4_time",
                  "summon4_ex",
                  "summon5",
                  "summon5_time",
                  "summon5_ex",
                  "summon6",
                  "summon6_time",
                  "summon6_ex"
               ]
            }
         },
         "dead": {
            "add": {
               "component_groups": [
                  "dead"
               ]
            },
            "remove": {
               "component_groups": [
                  "heal_not",
                  "heal",
                  "spawn",
                  "move",
                  "attack",
                  "time",
                  "summon",
                  "summon2",
                  "summon3",
                  "summon4",
                  "summon4_time",
                  "summon4_ex",
                  "summon5",
                  "summon5_time",
                  "summon5_ex",
                  "summon6",
                  "summon6_time",
                  "summon6_ex",
                  "spawn_iron_golem",
                  "fire",
                  "fire2",
                  "summon_time"
               ]
            },
            "run_command": {
               "command": [
                  "effect @s slowness 999999 255 true"
               ]
            }
         },
         "dead1": {
            "add": {
               "component_groups": [
                  "dead1"
               ]
            }
         },
         "dedead": {
            "add": {
               "component_groups": [
                  "dedead"
               ]
            },
            "remove": {
               "component_groups": [
                  "dead1",
                  "dead"
               ]
            }
         },
         "demove": {
            "add": {
               "component_groups": [
                  "demove"
               ]
            },
            "remove": {
               "component_groups": [
                  "move"
               ]
            }
         },
         "effect": {
            "run_command": {
               "command": [
                  "effect @s instant_health 0 0",
                  "effect @s instant_damage 0 0"
               ]
            }
         },
         "fire": {
            "add": {
               "component_groups": [
                  "fire"
               ]
            },
            "remove": {
               "component_groups": [
                  "summon"
               ]
            }
         },
         "fire2": {
            "add": {
               "component_groups": [
                  "fire2"
               ]
            },
            "remove": {
               "component_groups": [
                  "summon2"
               ]
            }
         },
         "heal": {
            "add": {
               "component_groups": [
                  "heal"
               ]
            },
            "remove": {
               "component_groups": [
                  "heal_not"
               ]
            },
            "run_command": {
               "command": [
                  "effect @s instant_health 1 12"
               ]
            }
         },
         "heal_not": {
            "add": {
               "component_groups": [
                  "heal_not"
               ]
            },
            "remove": {
               "component_groups": [
                  "heal"
               ]
            }
         },
         "move": {
            "add": {
               "component_groups": [
                  "move"
               ]
            },
            "remove": {
               "component_groups": [
                  "demove"
               ]
            }
         },
         "on:hurt": {
            "run_command": {
               "command": []
            }
         },
         "skill": {
            "sequence": [
               {
                  "randomize": [
                     {
                        "add": {
                           "component_groups": [
                              "summon6_time",
                              "demove"
                           ]
                        },
                        "filters": {
                           "operator": "!=",
                           "subject": "target",
                           "test": "is_family",
                           "value": "titan"
                        },
                        "remove": {
                           "component_groups": [
                              "attack",
                              "time",
                              "move"
                           ]
                        },
                        "weight": 1
                     },
                     {
                        "add": {
                           "component_groups": [
                              "summon5_time",
                              "demove"
                           ]
                        },
                        "filters": {
                           "operator": "!=",
                           "subject": "target",
                           "test": "is_family",
                           "value": "titan"
                        },
                        "remove": {
                           "component_groups": [
                              "attack",
                              "time",
                              "move"
                           ]
                        },
                        "weight": 1
                     },
                     {
                        "add": {
                           "component_groups": [
                              "summon4_time",
                              "demove"
                           ]
                        },
                        "filters": {
                           "operator": "!=",
                           "subject": "target",
                           "test": "is_family",
                           "value": "titan"
                        },
                        "remove": {
                           "component_groups": [
                              "attack",
                              "time",
                              "move"
                           ]
                        },
                        "weight": 1
                     },
                     {
                        "add": {
                           "component_groups": [
                              "summon_time",
                              "demove"
                           ]
                        },
                        "filters": {
                           "operator": "!=",
                           "subject": "target",
                           "test": "is_family",
                           "value": "titan"
                        },
                        "remove": {
                           "component_groups": [
                              "attack",
                              "time",
                              "move"
                           ]
                        },
                        "weight": 1
                     },
                     {
                        "add": {
                           "component_groups": [
                              "summon2",
                              "demove"
                           ]
                        },
                        "filters": {
                           "operator": "!=",
                           "subject": "target",
                           "test": "is_family",
                           "value": "titan"
                        },
                        "remove": {
                           "component_groups": [
                              "attack",
                              "time",
                              "move"
                           ]
                        },
                        "weight": 1
                     }
                  ]
               }
            ]
         },
         "spawn": {
            "add": {
               "component_groups": [
                  "spawn",
                  "move",
                  "attack",
                  "boss",
                  "time",
                  "spawn_iron_golem",
                  "heal_not"
               ]
            }
         },
         "summon": {
            "add": {
               "component_groups": [
                  "summon",
                  "demove"
               ]
            },
            "remove": {
               "component_groups": [
                  "summon_time"
               ]
            }
         },
         "summon4": {
            "add": {
               "component_groups": [
                  "summon4",
                  "demove"
               ]
            },
            "remove": {
               "component_groups": [
                  "summon4_ex"
               ]
            }
         },
         "summon4_ex": {
            "add": {
               "component_groups": [
                  "summon4_ex",
                  "demove"
               ]
            },
            "remove": {
               "component_groups": [
                  "summon4_time"
               ]
            }
         },
         "summon5": {
            "add": {
               "component_groups": [
                  "summon5",
                  "demove"
               ]
            },
            "remove": {
               "component_groups": [
                  "summon5_ex"
               ]
            }
         },
         "summon5_ex": {
            "add": {
               "component_groups": [
                  "summon5_ex",
                  "demove"
               ]
            },
            "remove": {
               "component_groups": [
                  "summon5_time"
               ]
            }
         },
         "summon6": {
            "add": {
               "component_groups": [
                  "summon6",
                  "demove"
               ]
            },
            "remove": {
               "component_groups": [
                  "summon6_ex"
               ]
            }
         },
         "summon6_ex": {
            "add": {
               "component_groups": [
                  "summon6_ex",
                  "demove"
               ]
            },
            "remove": {
               "component_groups": [
                  "summon6_time"
               ]
            }
         }
      }
   }
}