{
  "format_version": "1.16.100",
  "minecraft:item": {
    "description": {
      "identifier": "ic:grabpack_bg", 
      "category": "commands" 
    },
    "components": {
      "minecraft:display_name": {
        "value": "§bGrabpack"
      },
      "minecraft:enchantable": {
			"slot": "flintsteel",
			"value": 45
		},
		"minecraft:durability": {
			"max_durability": 270,
			"damage_chance": {
				"min": 5,
				"max": 10
			}
		},
		"minecraft:on_use": {
			"on_use": {
				"event":"throw"
			}		
		},
      "minecraft:stacked_by_data": false,
      "minecraft:cooldown": {
        "category": "blue",
        "duration": 0.7
      },
      "minecraft:allow_off_hand": false,
      "minecraft:hand_equipped": false,
      "minecraft:use_duration": 17,
      "minecraft:max_stack_size": 1, 
      "minecraft:icon": {
        "texture": "ic:grabpackblue"
      }, 
      "minecraft:render_offsets": {
        "main_hand": {
          "first_person": {
            "scale": [
              0.0,
              0.0,
              0.0
            ]
          },
          "third_person": {
            "scale": [
              0.0,
              0.0,
              0.0
            ]
          }
        }, 
        "off_hand": {
          "first_person": {
            "scale": [
              0.0,
              0.0,
              0.0
            ]
          },
          "third_person": {
            "scale": [
              0.0,
              0.0,
              0.0
            ]
          }
        }
       }
     }, 
     "events": {
		"throw": {
			"sequence": [
				{
					"shoot": {
						"projectile": "ic:hand_blue",
						"launch_power": 1.2
					}
				},
				{
					"damage": {
						"type": "none",
						"amount": 1,
						"target": "self"
					}, 
					"run_command": {
							"command": [
								"playsound item.grab_pack @s"
							]
						}
				}
			]
		}
	} 
  }
}