{
	"format_version": "1.8.0",
	"animations": {
		"animation.touji_jurei3": {
			"loop": true,
			"bones": {
				"touji_jurei": {
					"position": [0, -12, 0]
				}
			}
		},
		"animation.touji_jurei2": {
			"loop": true,
			"bones": {
				"touji_jurei": {
					"position": [0, "(math.cos(q.anim_time * -112) * 0.5)", 0]
				}
			}
		},
		"animation.touji_jurei": {
			"loop": true,
			"bones": {
				"touji_jurei": {
					"scale": 0
				}
			}
		},
		"animation.jujutsu.arm_lock": {
			"loop": true,
			"bones": {
				"rightArm": {
					"rotation": ["-18-this", "0-this", "0-this"]
				},
				"leftArm": {
					"rotation": ["0-this", "0-this", "0-this"]
				}
			}
		},
		"animation.jujutsu.look3": {
			"loop": true,
			"bones": {
				"root": {
					"rotation": ["-q.target_x_rotation", "-q.body_y_rotation", 0]
				}
			}
		},
		"animation.jujutsu.sword": {
			"loop": true,
			"bones": {
				"sword": {
					"position": [0, 14, -5]
				},
				"saya": {
					"position": [4.5, -8, -3],
					"rotation": [35, 180, 0]
				},
				"rightItem": {
					"scale": 0
				}
			}
		},
		"animation.okkotsu_sword2": {
			"loop": true,
			"bones": {
				"okkotsu_sword": {
					"rotation": [0, 0, 90],
					"position": [-26, -23, -14],
					"scale": 0.04
				},
				"rightItem": {
					"scale": 0
				}
			}
		},
		"animation.guitar": {
			"loop": true,
			"bones": {
				"guitar": {
					"scale": 0.4
				},
				"rightItem": {
					"scale": 0
				}
			}
		},
		"animation.guitar2": {
			"loop": true,
			"bones": {
				"rightArm": {
					"rotation": [18, 0, 0]
				},
				"leftArm": {
					"rotation": ["q.is_item_equipped(1) ? 18 : 0", 0, 0]
				}
			}
		},
		"animation.amanosakahoko": {
			"loop": true,
			"bones": {
				"amanosakahoko": {
					"position": [0, 0, 0]
				},
				"rightItem": {
					"scale": 0
				}
			}
		},
		"animation.hammer": {
			"loop": true,
			"bones": {
				"hammer": {
					"scale": 1.5
				},
				"rightItem": {
					"scale": 0
				}
			}
		},
		"animation.first_weapons": {
			"loop": true,
			"bones": {
				"megumi_sword": {
					"rotation": [0, 50, -90],
					"position": [20, 15, 10]
				},
				"meimei_axe": {
					"rotation": [0, 50, -90],
					"position": [20, 15, 10]
				},
				"amanosakahoko": {
					"rotation": [0, 50, -90],
					"position": [20, 15, 10]
				},
				"naginata": {
					"rotation": [-45, 50, -45],
					"position": [4, -5, 0],
					"scale": 0.8
				},
				"nanami_sword": {
					"rotation": [0, 50, -90],
					"position": [20, 15, 10]
				}
			}
		},
		"animation.first_hammer": {
			"loop": true,
			"bones": {
				"hammer": {
					"rotation": [0, 50, -90],
					"position": [20, 20, 10]
				}
			}
		},
		"animation.first_inumaki_megaphone": {
			"loop": true,
			"bones": {
				"inumaki_megaphone": {
					"rotation": [10, 50, -40],
					"position": [20, 8, 14]
				}
			}
		},
		"animation.first_yuun": {
			"loop": true,
			"bones": {
				"yuun": {
					"position": [20, 15, 30]
				}
			}
		},
		"animation.yuun_attack": {
			"animation_length": 0.68,
			"bones": {
				"rightArm": {
					"rotation": {
						"0.0": [0, 0, 0],
						"0.2": [-160, -15, 0],
						"0.32": [0, -60, 20],
						"0.44": [0, 0, 0]
					}
				}
			}
		},
		"animation.inumaki_megaphone": {
			"loop": true,
			"bones": {
				"inumaki_megaphone": {
					"rotation": [90, 0, 0],
					"position": [-2.5, -11, -9],
					"scale": 0.6
				}
			}
		},
		"animation.hukumamidushi": {
			"loop": true,
			"bones": {
				"hukumamidushi": {
					"scale": 8
				}
			}
		},
		"animation.okkotsu_sword_attack": {
			"loop": true,
			"animation_length": 0.8,
			"bones": {
				"rightArm": {
					"rotation": {
						"0.0": [0, 0, 0],
						"0.04": [-190, -30, -30],
						"0.2": [-82.7, -30, 58.57],
						"0.28": [0, 0, 0],
						"0.32": [-190, -30, -30],
						"0.52": [-82.7, -30, 58.57],
						"0.6": [0, 0, 0],
						"0.64": [-190, -30, -30],
						"0.8": [-82.7, -30, 58.57]
					}
				}
			}
		},
		"animation.jujutsu.attack.rotations2": {
			"loop": true,
			"bones": {
				"body": {
					"rotation": ["v.attack_body_rot_y", 0, 0]
				},
				"leftArm": {
					"rotation": [0, 0, "(math.sin((1 - math.pow((1 - v.attack_time), 4)) * 180) * 1.2 + math.sin(v.attack_time * 180)) * 10.0"]
				},
				"rightArm": {
					"rotation": ["-(math.sin((1 - math.pow((1 - v.attack_time), 4)) * 180) ? (-90.0 * math.sin((1 - math.pow((1 - v.attack_time), 4)) * 180)) + 30.0 : 0.0)", 0, "(math.sin((1 - math.pow((1 - v.attack_time), 4)) * 180) * 1.2 + math.sin(v.attack_time * 180)) * 30.0"]
				}
			}
		},
		"animation.jujutsu.attack.rotations3": {
			"loop": true,
			"bones": {
				"body": {
					"rotation": [0, "v.attack_body_rot_y", 0]
				},
				"leftLeg": {
					"rotation": ["-(math.sin((1 - math.pow((1 - v.attack_time), 4)) * 180) * 1.2 + math.sin(v.attack_time * 180)) * 10.0", 0, 0]
				},
				"leftLeg2": {
					"rotation": ["-(math.sin((1 - math.pow((1 - v.attack_time), 4)) * 180) * 1.2 + math.sin(v.attack_time * 180)) * 10.0", 0, 0]
				},
				"leftLeg3": {
					"rotation": ["-(math.sin((1 - math.pow((1 - v.attack_time), 4)) * 180) * 1.2 + math.sin(v.attack_time * 180)) * 10.0", 0, 0]
				},
				"rightLeg": {
					"rotation": ["-(math.sin((1 - math.pow((1 - v.attack_time), 4)) * 180) * 1.2 + math.sin(v.attack_time * 180)) * 30.0", "-(math.sin((1 - math.pow((1 - v.attack_time), 4)) * 180) ? (-90.0 * math.sin((1 - math.pow((1 - v.attack_time), 4)) * 180)) + 30.0 : 0.0)", 0]
				},
				"rightLeg2": {
					"rotation": ["-(math.sin((1 - math.pow((1 - v.attack_time), 4)) * 180) * 1.2 + math.sin(v.attack_time * 180)) * 30.0", "-(math.sin((1 - math.pow((1 - v.attack_time), 4)) * 180) ? (-90.0 * math.sin((1 - math.pow((1 - v.attack_time), 4)) * 180)) + 30.0 : 0.0)", 0]
				},
				"rightLeg3": {
					"rotation": ["-(math.sin((1 - math.pow((1 - v.attack_time), 4)) * 180) * 1.2 + math.sin(v.attack_time * 180)) * 30.0", "-(math.sin((1 - math.pow((1 - v.attack_time), 4)) * 180) ? (-90.0 * math.sin((1 - math.pow((1 - v.attack_time), 4)) * 180)) + 30.0 : 0.0)", 0]
				}
			}
		},
		"animation.jujutsu.damage_nearby_mobs": {
			"loop": true,
			"bones": {
				"leftArm": {
					"rotation": ["-45.0-this", "-this", "-this"]
				},
				"leftLeg": {
					"rotation": ["45.0-this", "-this", "-this"]
				},
				"rightArm": {
					"rotation": ["45.0-this", "-this", "-this"]
				},
				"rightLeg": {
					"rotation": ["-45.0-this", "-this", "-this"]
				}
			}
		},
		"animation.jujutsu.damage_nearby_mobs2": {
			"loop": true,
			"bones": {
				"leftArm": {
					"rotation": ["-this", "-this", "-45.0-this"]
				},
				"leftLeg": {
					"rotation": ["-this", "-this", "45.0-this"]
				},
				"rightArm": {
					"rotation": ["-this", "-this", "45.0-this"]
				},
				"rightLeg": {
					"rotation": ["-this", "-this", "-45.0-this"]
				}
			}
		},
		"animation.jujutsu.damage_nearby_mobs3": {
			"loop": true,
			"bones": {
				"leftLeg": {
					"rotation": ["45.0-this", "-this", "-this"]
				},
				"leftLeg2": {
					"rotation": ["45.0-this", "-this", "-this"]
				},
				"leftLeg3": {
					"rotation": ["45.0-this", "-this", "-this"]
				},
				"rightLeg": {
					"rotation": ["-45.0-this", "-this", "-this"]
				},
				"rightLeg2": {
					"rotation": ["-45.0-this", "-this", "-this"]
				},
				"rightLeg3": {
					"rotation": ["-45.0-this", "-this", "-this"]
				}
			}
		},
		"animation.tobari": {
			"animation_length": 2,
			"bones": {
				"tobari": {
					"position": {
						"0.0": [0, 1000, 0],
						"2.0": [0, 0, 0]
					},
					"scale": {
						"0.0": [1, 0, 1],
						"2.0": [1, 1, 1]
					}
				}
			}
		},
		"animation.player.sword": {
			"loop": true,
			"bones": {
				"sword": {
					"rotation": [-45, 50, -45],
					"position": [6, -3, 3]
				}
			}
		},
		"animation.player.gokumonkyou": {
			"loop": true,
			"bones": {
				"gokumonkyou": {
					"position": [0, 2, 0]
				}
			}
		},
		"animation.sword_set": {
			"loop": true,
			"bones": {
				"sword": {
					"scale": 0.15
				}
			}
		},
		"animation.shigemo_sword": {
			"loop": true,
			"bones": {
				"sword": {
					"scale": 0.3
				}
			}
		},
		"animation.jujutsu.move2": {
			"loop": true,
			"bones": {
				"leftArm": {
					"rotation": [0, 0, "v.tcos0"]
				},
				"leftLeg": {
					"rotation": [0, 0, "v.tcos0 * -1.4"]
				},
				"rightArm": {
					"rotation": [0, 0, "-v.tcos0"]
				},
				"rightLeg": {
					"rotation": [0, 0, "v.tcos0 * 1.4"]
				}
			}
		},
		"animation.jujutsu.move3": {
			"loop": true,
			"bones": {
				"leftLeg": {
					"rotation": ["v.tcos0 * -1.4", 0, 0]
				},
				"leftLeg2": {
					"rotation": ["v.tcos0 * -1.4", 0, 0]
				},
				"leftLeg3": {
					"rotation": ["v.tcos0 * -1.4", 0, 0]
				},
				"rightLeg": {
					"rotation": ["v.tcos0 * 1.4", 0, 0]
				},
				"rightLeg2": {
					"rotation": ["v.tcos0 * 1.4", 0, 0]
				},
				"rightLeg3": {
					"rotation": ["v.tcos0 * 1.4", 0, 0]
				}
			}
		},
		"animation.jujutsu.fish.move": {
			"loop": true,
			"bones": {
				"leftArm": {
					"rotation": [0, "v.tcos0", 0]
				},
				"rightArm": {
					"rotation": [0, "-v.tcos0", 0]
				},
				"fish": {
					"rotation": [0, "v.tcos0 * 1.4", 0]
				}
			}
		},
		"animation.jujutsu.look2": {
			"loop": true,
			"bones": {
				"head": {
					"rotation": [0, "q.target_y_rotation", 0]
				},
				"head2": {
					"rotation": [0, 0, "-q.target_x_rotation"]
				}
			}
		},
		"animation.banri_kusari2": {
			"loop": true,
			"bones": {
				"rightArm": {
					"rotation": ["-30-this", "-15-this", "0-this"]
				},
				"leftArm": {
					"rotation": ["-40-this", "70-this", "0-this"]
				}
			}
		},
		"animation.banri_kusari": {
			"loop": true,
			"bones": {
				"amanosakahoko2": {
					"scale": "q.get_equipped_item_name == 'amanosakahoko' ? 1 : 0"
				}
			}
		},
		"animation.amanosakahoko_hide2": {
			"loop": true,
			"bones": {
				"rightArm": {
					"rotation": ["q.get_equipped_item_name(1) == 'banri_kusari' ? 0 : 18", 0, 0]
				},
				"amanosakahoko": {
					"scale": "q.get_equipped_item_name(1) == 'banri_kusari' ? 0 : 1"
				}
			}
		},
		"animation.shigemo_sword_hide": {
			"animation_length": 2.6,
			"bones": {
				"rightItem": {
					"scale": "q.get_equipped_item_name == 'shigemo_sword' ? 0 : 1"
				}
			}
		},
		"animation.throw_shigemo": {
			"loop": true,
			"bones": {
				"shigemo_sword": {
					"rotation": ["-q.target_x_rotation", "-q.body_y_rotation", 0]
				}
			}
		},
		"animation.murasaki": {
			"animation_length": 1.6,
			"bones": {
				"aka": {
					"position": {
						"0.0": [-15, -4, -10],
						"1.0": [0, -4, -10]
					},
					"scale": {
						"1.0": [1, 1, 1],
						"1.5": [0, 0, 0]
					}
				},
				"ao": {
					"position": {
						"0.0": [15, -4, -10],
						"1.0": [0, -4, -10]
					},
					"scale": {
						"1.0": [1, 1, 1],
						"1.5": [0, 0, 0]
					}
				},
				"maru": {
					"position": {
						"0.0": [0, -4, -10]
					},
					"scale": {
						"1.0": [0, 0, 0],
						"1.5": [1, 1, 1]
					}
				}
			}
		},
		"animation.murasaki2": {
			"animation_length": 1.6,
			"bones": {
				"aka": {
					"position": {
						"0.0": [-15, 16, -10],
						"1.0": [0, 16, -10]
					},
					"scale": {
						"1.0": [1, 1, 1],
						"1.5": [0, 0, 0]
					}
				},
				"ao": {
					"position": {
						"0.0": [15, 16, -10],
						"1.0": [0, 16, -10]
					},
					"scale": {
						"1.0": [1, 1, 1],
						"1.5": [0, 0, 0]
					}
				},
				"maru": {
					"position": {
						"0.0": [0, 16, -10]
					},
					"scale": {
						"1.0": [0, 0, 0],
						"1.5": [1, 1, 1]
					}
				}
			}
		},
		"animation.nue": {
			"animation_length": 0.8,
			"bones": {
				"left_feather": {
					"rotation": {
						"0.0": [0, 0, 0],
						"0.4": [0, 50, 0],
						"0.6": [0, -10, 0],
						"0.8": [0, 0, 0]
					}
				},
				"right_feather": {
					"rotation": {
						"0.0": [0, 0, 0],
						"0.4": [0, -50, 0],
						"0.6": [0, 10, 0],
						"0.8": [0, 0, 0]
					}
				}
			}
		},
		"animation.rika_chan": {
			"loop": true,
			"bones": {
				"rika_chan": {
					"rotation": [10, 0, 0],
					"position": [0, "(math.cos(q.anim_time * -112) * 3.0)", 40],
					"scale": 2
				}
			}
		},
		"animation.rika_attack": {
			"animation_length": 0.8,
			"bones": {
				"rika_chan": {
					"rotation": {
						"0.1": [0, 0, 0],
						"0.15": [-30, 0, 0],
						"0.3": [-30, 0, 0],
						"0.6": [10, 0, 0],
						"0.8": [0, 0, 0]
					},
					"position": {
						"0": [0, 0, 0],
						"0.15": [0, 0, -30],
						"0.4": [0, 0, 0]
					}
				},
				"rika_chan_leftArm": {
					"rotation": {
						"0.15": [0, 0, 0],
						"0.3": [-130, 0, 0],
						"0.6": [0, 0, 0]
					}
				},
				"rika_chan_rightArm": {
					"rotation": {
						"0.15": [0, 0, 0],
						"0.3": [-130, 0, 0],
						"0.6": [0, 0, 0]
					}
				}
			}
		},
		"animation.gokumonkyou": {
			"loop": true,
			"bones": {
				"gokumonkyou": {
					"rotation": [30, 30, 0],
					"position": [-6, 10.5, -2],
					"scale": 0.5
				},
				"rightItem": {
					"scale": 0
				}
			}
		},
		"animation.left_item": {
			"loop": true,
			"bones": {
				"leftArm": {
					"rotation": [18, 0, 0]
				},
				"leftItem": {
					"scale": 0
				}
			}
		},
		"animation.left_item2": {
			"loop": true,
			"bones": {
				"leftArm": {
					"rotation": [18, 0, 0]
				}
			}
		},
		"animation.right_item": {
			"loop": true,
			"bones": {
				"rightArm": {
					"rotation": ["v.is_first_person ? 0 : 18", 0, 0]
				},
				"rightItem": {
					"scale": 0
				}
			}
		},
		"animation.right_item2": {
			"loop": true,
			"bones": {
				"rightArm": {
					"rotation": [18, 0, 0]
				}
			}
		},
		"animation.jujutsu.tokyu": {
			"animation_length": 0.72,
			"bones": {
				"leftArm": {
					"rotation": {
						"0.0": [0, 0, 0],
						"0.2": [-90, -30, 0],
						"0.48": [0, 0, 0]
					}
				},
				"rightArm": {
					"rotation": {
						"0.0": [0, 0, 0],
						"0.2": [-90, 30, 0],
						"0.48": [0, 0, 0]
					}
				}
			}
		},
		"animation.jujutsu.hushiguro_touji": {
			"animation_length": 0.76,
			"bones": {
				"rightArm": {
					"rotation": {
						"0.0": [-95, -60, 0],
						"0.2": [-95, 60, 0],
						"0.4": [0, 0, 0]
					}
				},
				"leftArm": {
					"rotation": {
						"0.0": [-95, 60, 0],
						"0.2": [-95, -60, 0],
						"0.4": [0, 0, 0]
					}
				}
			}
		},
		"animation.tuburero": {
			"animation_length": 0.52,
			"bones": {
				"root": {
					"scale": {
						"0.0": ["1-this", "1-this", "1-this"],
						"0.12": ["0.1-this", "1-this", "1-this"]
					}
				}
			}
		},
		"animation.bugiugi": {
			"animation_length": 0.48,
			"bones": {
				"rightArm": {
					"rotation": {
						"0.0": ["0-this", "0-this", "0-this"],
						"0.08": ["-30-this", "0-this", "0-this"],
						"0.2": ["-60-this", "-35-this", "0-this"],
						"0.36": ["-60-this", "-50-this", "-7.5-this"],
						"0.44": ["0-this", "0-this", "0-this"]
					}
				},
				"leftArm": {
					"rotation": {
						"0.0": ["0-this", "0-this", "0-this"],
						"0.08": ["-75-this", "0-this", "0-this"],
						"0.2": ["-75-this", "30-this", "0-this"],
						"0.36": ["-75-this", "55-this", "-10-this"],
						"0.44": ["0-this", "0-this", "0-this"]
					}
				}
			}
		},
		"animation.jujutsu.attack.rotations": {
			"loop": true,
			"bones": {
				"body": {
					"rotation": [0, "v.attack_body_rot_y", 0]
				},
				"waist": {
					"rotation": [0, "v.attack_body_rot_y", 0]
				},
				"leftArm": {
					"rotation": ["-(math.sin((1 - math.pow((1 - v.attack_time), 4)) * 180) * 1.2 + math.sin(v.attack_time * 180)) * 10.0", 0, 0]
				},
				"rightArm": {
					"rotation": ["-(math.sin((1 - math.pow((1 - v.attack_time), 4)) * 180) * 1.2 + math.sin(v.attack_time * 180)) * 30.0", "-(math.sin((1 - math.pow((1 - v.attack_time), 4)) * 180) ? (-90.0 * math.sin((1 - math.pow((1 - v.attack_time), 4)) * 180)) + 30.0 : 0.0)", 0]
				}
			}
		},
		"animation.jujutsu.move": {
			"loop": true,
			"bones": {
				"leftArm": {
					"rotation": ["v.tcos0", 0, 0]
				},
				"leftLeg": {
					"rotation": ["v.tcos0 * -1.4", 0, 0]
				},
				"rightArm": {
					"rotation": ["-v.tcos0", 0, 0]
				},
				"rightLeg": {
					"rotation": ["v.tcos0 * 1.4", 0, 0]
				}
			}
		},
		"animation.jujutsu.look": {
			"loop": true,
			"bones": {
				"head": {
					"rotation": ["q.target_x_rotation", "q.target_y_rotation", 0]
				}
			}
		},
		"animation.garagara": {
			"animation_length": 3,
			"bones": {
				"stone": {
					"rotation": {
						"0.0": [0, 0, 0],
						"0.36": [0, 20, -45],
						"0.92": [12.5, 20, -50]
					},
					"position": {
						"0.0": [0, 0, 0],
						"0.36": [-28, 2, 0]
					}
				},
				"stone2": {
					"rotation": {
						"0.0": [0, 0, 0],
						"0.36": [-2.5, 82.5, -40],
						"0.92": [40, 12.5, -40]
					},
					"position": {
						"0.0": [0, 0, 0],
						"0.36": [6, -2, 0]
					}
				},
				"stone3": {
					"rotation": {
						"0.0": [0, 0, 0],
						"0.36": [0, 45, 22.5],
						"0.92": [-10, -17.5, 47.5]
					},
					"position": {
						"0.0": [0, 0, 0],
						"0.36": [28, 2, 0]
					}
				},
				"stone4": {
					"rotation": {
						"0.0": [0, 0, 0],
						"0.36": [0, 17.5, -35],
						"0.92": [-57.5, 42.5, -127.5]
					},
					"position": {
						"0.0": [0, 0, 0],
						"0.36": [-19, 6, 21]
					}
				},
				"stone5": {
					"rotation": {
						"0.0": [0, 0, 0],
						"0.36": [-35, 45, 0],
						"0.92": [-42.5, 2.5, -62.5]
					},
					"position": {
						"0.0": [0, 0, 0],
						"0.36": [0, 2, 28]
					}
				},
				"stone6": {
					"rotation": {
						"0.0": [0, 0, 0],
						"0.36": [-20, 30, 0],
						"0.92": [-2.5, 30, 7.5]
					},
					"position": {
						"0.0": [0, 0, 0],
						"0.36": [14, -3, 25]
					}
				},
				"stone7": {
					"rotation": {
						"0.0": [0, 0, 0],
						"0.36": [37.5, 0, 30],
						"0.92": [92.5, 0, -7.5]
					},
					"position": {
						"0.0": [0, 0, 0],
						"0.36": [-22, 4, -24]
					}
				},
				"stone8": {
					"rotation": {
						"0.0": [0, 0, 0],
						"0.36": [35, 15, 0],
						"0.92": [72.5, 15, -60]
					},
					"position": {
						"0.0": [0, 0, 0],
						"0.36": [10, 3, -37]
					}
				},
				"stone9": {
					"rotation": {
						"0.0": [0, 0, 0],
						"0.36": [0, 15, 25],
						"0.92": [52.5, -35, 25]
					},
					"position": {
						"0.0": [0, 0, 0],
						"0.36": [26, 3, -20]
					}
				}
			}
		},
		"animation.jujutsu.item_position": {
			"loop": true,
			"bones": {
				"naginata": {
					"rotation": [90, 0, 0],
					"position": [-0.5, 1, 0]
				},
				"nanami_sword": {
					"rotation": [0, 0, 90],
					"position": [-21, 0, 6]
				},
				"yuun": {
					"position": [-6, -15, 6]
				},
				"nanami_sword2": {
					"rotation": [-45, 0, 0],
					"position": [0, 2, -16]
				},
				"amanosakahoko": {
					"rotation": [-90, 0, 0],
					"position": [0, 1, -43.5],
					"scale": 2
				},
				"megumi_sword": {
					"rotation": [45, 0, 0],
					"position": [0, 2, 33]
				},
				"sword": {
					"rotation": [90, 0, 0],
					"position": [-0.325, 9, 0]
				}
			}
		}
	}
}