{"format_version":"1.12.0","minecraft:geometry":[{"description":{"identifier":"geometry.yg_joy","texture_width":64,"texture_height":64,"visible_bounds_width":4,"visible_bounds_height":4.5,"visible_bounds_offset":[0,1.75,0]},"bones":[{"name":"Root"},{"name":"Body","pivot":[0,19,0],"cubes":[{"origin":[-4.48,18.58,-3.36],"size":[8.96,7.84,6.72],"uv":[0,24],"inflate":0},{"origin":[-1.48,18.58,2.64],"size":[2.96,0,5.72],"pivot":[0,18.58,5.5],"rotation":[-35,0,0],"uv":[19,12],"inflate":0},{"origin":[-3.32518,18.93926,2.12692],"size":[2.96,0,5.72],"pivot":[-1.84518,18.93926,4.98692],"rotation":[-41.43138,-29.91193,23.75529],"uv":[19,12],"inflate":0},{"origin":[0.36518,18.93926,2.12692],"size":[2.96,0,5.72],"pivot":[1.84518,18.93926,4.98692],"rotation":[-41.43138,29.91193,-23.75529],"uv":[19,12],"inflate":0,"mirror":true},{"origin":[-9.00643,16.31714,5.38815],"size":[3.96,0,10.72],"pivot":[-7.02643,16.31714,10.74815],"rotation":[-30.21071,-31.44972,26.21578],"uv":[24,0],"inflate":0},{"origin":[5.04643,16.31714,5.38815],"size":[3.96,0,10.72],"pivot":[7.02643,16.31714,10.74815],"rotation":[-30.21071,31.44972,-26.21578],"uv":[24,0],"inflate":0,"mirror":true},{"origin":[-1.98,15.32765,7.59497],"size":[3.96,0,10.72],"pivot":[0,15.32765,12.95497],"rotation":[-17.5,0,0],"uv":[24,0],"inflate":0},{"origin":[-4,17.99144,-2.86947],"size":[8,1,6],"uv":[28,10],"inflate":0},{"origin":[-4,17,-3],"size":[8,2,0],"pivot":[0,18,-3],"rotation":[-7.5,0,0],"uv":[48,37],"inflate":0},{"origin":[-4,16.99987,3.26006],"size":[8,2,0],"pivot":[0,17.99987,3.26006],"rotation":[7.5,0,0],"uv":[48,37],"inflate":0},{"origin":[4.13053,17,-2.86947],"size":[0,2,6],"pivot":[4.13053,18,0.13053],"rotation":[0,0,-7.5],"uv":[12,31],"inflate":0},{"origin":[-4.13053,17,-2.86947],"size":[0,2,6],"pivot":[-4.13053,18,0.13053],"rotation":[0,0,7.5],"uv":[12,31],"inflate":0}],"parent":"Root","locators":{"fog":[0,0,0]}},{"name":"bone","pivot":[0,26,0],"cubes":[{"origin":[-4,26,-3],"size":[8,5,6],"uv":[26,18],"inflate":0},{"origin":[-4.5,24.01332,-3.30505],"size":[9,7,0],"pivot":[0,27.51332,-3.30505],"rotation":[-5,0,0],"uv":[40,0],"inflate":0}],"parent":"Body"},{"name":"Head","pivot":[0,31,0],"cubes":[{"origin":[-4,35,-4],"size":[8,4,8],"uv":[0,12],"inflate":0},{"origin":[-2.57,35.43,-4.1],"size":[1.14,1.14,0],"uv":[2,7],"inflate":0},{"origin":[1.43,35.43,-4.1],"size":[1.14,1.14,0],"uv":[2,7],"inflate":0,"mirror":true},{"origin":[-2.5,35.5,-4.2],"size":[1,1,0],"uv":[0,7],"inflate":0},{"origin":[1.5,35.5,-4.2],"size":[1,1,0],"uv":[0,7],"inflate":0,"mirror":true},{"origin":[-9,38.73358,-1.66061],"size":[8,7,0],"pivot":[-5,42.23358,-1.66061],"rotation":[-22.5,0,0],"uv":[42,43],"inflate":0},{"origin":[1,38.73358,-1.66061],"size":[8,7,0],"pivot":[5,42.23358,-1.66061],"rotation":[-22.5,0,0],"uv":[42,43],"inflate":0,"mirror":true},{"origin":[-4.5,31,-4],"size":[9,4,8],"uv":[0,0],"inflate":0},{"origin":[-1,34.5,-4.3],"size":[2,1,1],"uv":[24,17],"inflate":0}],"parent":"bone"},{"name":"Rightarm","pivot":[-4,29,0],"cubes":[{"origin":[-7,25,-1.5],"size":[3,5,3],"uv":[16,49],"inflate":0},{"origin":[-7.21,20.65,-1.71],"size":[3.42,4.7,3.42],"uv":[48,17],"inflate":0}],"parent":"bone"},{"name":"bone2","pivot":[-5.5,21,0],"cubes":[{"origin":[-7.5,15,-2],"size":[4,6,4],"uv":[16,39],"inflate":0},{"origin":[-7.5,15.01142,-2.26147],"size":[4,6,0],"pivot":[-5.5,18.01142,-2.26147],"rotation":[-5,0,0],"uv":[26,0],"inflate":0},{"origin":[-7.5,15.01142,2.26147],"size":[4,6,0],"pivot":[-5.5,18.01142,2.26147],"rotation":[5,0,0],"uv":[26,0],"inflate":0},{"origin":[-7.5,13.01142,-2.26147],"size":[4,6,0],"pivot":[-5.5,16.01142,-2.26147],"rotation":[-5,0,0],"uv":[26,0],"inflate":0},{"origin":[-7.5,13.01142,2.26147],"size":[4,6,0],"pivot":[-5.5,16.01142,2.26147],"rotation":[5,0,0],"uv":[26,0],"inflate":0},{"origin":[-7.76047,15.01133,-2],"size":[0,6,4],"pivot":[-7.76047,18.01133,0],"rotation":[0,0,5],"uv":[42,46],"inflate":0},{"origin":[-3.23754,15.0115,-2],"size":[0,6,4],"pivot":[-3.23754,18.0115,0],"rotation":[0,0,-5],"uv":[42,46],"inflate":0,"mirror":true},{"origin":[-3.23754,13.0115,-2],"size":[0,6,4],"pivot":[-3.23754,16.0115,0],"rotation":[0,0,-5],"uv":[42,46],"inflate":0,"mirror":true},{"origin":[-7.76047,13.01133,-2],"size":[0,6,4],"pivot":[-7.76047,16.01133,0],"rotation":[0,0,5],"uv":[42,46],"inflate":0}],"parent":"Rightarm"},{"name":"bone3","pivot":[-6,15,0],"cubes":[{"origin":[-7,11,-2],"size":[3,4,4],"uv":[48,29],"inflate":0},{"origin":[-6.73614,8.40496,0.22686],"size":[2,4,2],"pivot":[-5.73614,10.40496,1.22686],"rotation":[30,0,17.5],"uv":[0,55],"inflate":0},{"origin":[-6.73614,8.40496,-2.22686],"size":[2,4,2],"pivot":[-5.73614,10.40496,-1.22686],"rotation":[-30,0,17.5],"uv":[0,55],"inflate":0},{"origin":[-6.0908,11.38544,-3.32379],"size":[2,4,2],"pivot":[-5.0908,13.38544,-2.32379],"rotation":[-27.92623,-8.70715,2.60193],"uv":[0,55],"inflate":0},{"origin":[-6.83456,6.41053,-3.61749],"size":[2.2,3.3,2.2],"pivot":[-5.73456,8.06053,-2.51749],"rotation":[-24.60981,-17.72091,-16.10502],"uv":[8,55],"inflate":0},{"origin":[-6.19884,9.15352,-4.30203],"size":[2.2,3.3,2.2],"pivot":[-5.42961,11.85261,-3.20203],"rotation":[-24.60981,-17.72091,-16.10502],"uv":[8,55],"inflate":0},{"origin":[-5.9731,4.31312,-3.7],"size":[2,3,1],"pivot":[-5.27381,6.76683,-3.14985],"rotation":[-8.49878,-28.87909,-55.30788],"uv":[0,24],"inflate":0},{"origin":[-4.3021,8.02636,-4.67147],"size":[2,3,1],"pivot":[-3.3021,9.52636,-4.17147],"rotation":[-8.49878,-28.87909,-55.30788],"uv":[0,24],"inflate":0},{"origin":[-5.3021,5.02636,2.67147],"size":[2,3,1],"pivot":[-4.3021,6.52636,3.17147],"rotation":[8.49878,28.87909,-55.30788],"uv":[0,24],"inflate":0},{"origin":[-6.83456,6.41053,1.41749],"size":[2.2,3.3,2.2],"pivot":[-5.73456,8.06053,2.51749],"rotation":[24.60981,17.72091,-16.10502],"uv":[8,55],"inflate":0},{"origin":[-6.84755,8.32883,-1],"size":[2,4,2],"pivot":[-5.84755,10.32883,0],"rotation":[0,0,27.5],"uv":[0,55],"inflate":0},{"origin":[-7.51278,6.06299,-1.1],"size":[2.2,3.3,2.2],"pivot":[-6.41278,7.71299,0],"rotation":[0,0,-10],"uv":[8,55],"inflate":0},{"origin":[-6.34526,4.36399,-0.5],"size":[2,3,1],"pivot":[-5.34526,5.86399,0],"rotation":[0,0,-50],"uv":[0,24],"inflate":0}],"parent":"bone2"},{"name":"Leftarm","pivot":[4,29,0],"cubes":[{"origin":[4,25,-1.5],"size":[3,5,3],"uv":[16,49],"inflate":0,"mirror":true},{"origin":[3.79,20.65,-1.71],"size":[3.42,4.7,3.42],"uv":[48,17],"inflate":0,"mirror":true}],"parent":"bone"},{"name":"bone6","pivot":[5.5,21,0],"cubes":[{"origin":[3.5,15,-2],"size":[4,6,4],"uv":[16,39],"inflate":0,"mirror":true},{"origin":[3.5,15.01142,-2.26147],"size":[4,6,0],"pivot":[5.5,18.01142,-2.26147],"rotation":[-5,0,0],"uv":[26,0],"inflate":0,"mirror":true},{"origin":[3.5,15.01142,2.26147],"size":[4,6,0],"pivot":[5.5,18.01142,2.26147],"rotation":[5,0,0],"uv":[26,0],"inflate":0,"mirror":true},{"origin":[3.5,13.01142,-2.26147],"size":[4,6,0],"pivot":[5.5,16.01142,-2.26147],"rotation":[-5,0,0],"uv":[26,0],"inflate":0,"mirror":true},{"origin":[3.5,13.01142,2.26147],"size":[4,6,0],"pivot":[5.5,16.01142,2.26147],"rotation":[5,0,0],"uv":[26,0],"inflate":0,"mirror":true},{"origin":[7.76047,15.01133,-2],"size":[0,6,4],"pivot":[7.76047,18.01133,0],"rotation":[0,0,-5],"uv":[42,46],"inflate":0,"mirror":true},{"origin":[3.23754,15.0115,-2],"size":[0,6,4],"pivot":[3.23754,18.0115,0],"rotation":[0,0,5],"uv":[42,46],"inflate":0},{"origin":[3.23754,13.0115,-2],"size":[0,6,4],"pivot":[3.23754,16.0115,0],"rotation":[0,0,5],"uv":[42,46],"inflate":0},{"origin":[7.76047,13.01133,-2],"size":[0,6,4],"pivot":[7.76047,16.01133,0],"rotation":[0,0,-5],"uv":[42,46],"inflate":0,"mirror":true}],"parent":"Leftarm"},{"name":"bone7","pivot":[6,15,0],"cubes":[{"origin":[4,11,-2],"size":[3,4,4],"uv":[48,29],"inflate":0,"mirror":true},{"origin":[4.73614,8.40496,0.22686],"size":[2,4,2],"pivot":[5.73614,10.40496,1.22686],"rotation":[30,0,-17.5],"uv":[0,55],"inflate":0,"mirror":true},{"origin":[4.73614,8.40496,-2.22686],"size":[2,4,2],"pivot":[5.73614,10.40496,-1.22686],"rotation":[-30,0,-17.5],"uv":[0,55],"inflate":0,"mirror":true},{"origin":[4.0908,11.38544,-3.32379],"size":[2,4,2],"pivot":[5.0908,13.38544,-2.32379],"rotation":[-27.92623,8.70715,-2.60193],"uv":[0,55],"inflate":0,"mirror":true},{"origin":[4.63456,6.41053,-3.61749],"size":[2.2,3.3,2.2],"pivot":[5.73456,8.06053,-2.51749],"rotation":[-24.60981,17.72091,16.10502],"uv":[8,55],"inflate":0,"mirror":true},{"origin":[3.63456,9.41053,-4.61749],"size":[2.2,3.3,2.2],"pivot":[4.73456,11.06053,-3.51749],"rotation":[-24.60981,17.72091,16.10502],"uv":[8,55],"inflate":0,"mirror":true},{"origin":[3.3021,5.02636,-3.67147],"size":[2,3,1],"pivot":[4.3021,6.52636,-3.17147],"rotation":[-8.49878,28.87909,55.30788],"uv":[0,24],"inflate":0,"mirror":true},{"origin":[2.9731,7.31312,-4.7],"size":[2,3,1],"pivot":[4.27381,9.76683,-4.14985],"rotation":[-8.49878,28.87909,55.30788],"uv":[0,24],"inflate":0,"mirror":true},{"origin":[3.3021,5.02636,2.67147],"size":[2,3,1],"pivot":[4.3021,6.52636,3.17147],"rotation":[8.49878,-28.87909,55.30788],"uv":[0,24],"inflate":0,"mirror":true},{"origin":[4.63456,6.41053,1.41749],"size":[2.2,3.3,2.2],"pivot":[5.73456,8.06053,2.51749],"rotation":[24.60981,-17.72091,16.10502],"uv":[8,55],"inflate":0,"mirror":true},{"origin":[4.84755,8.32883,-1],"size":[2,4,2],"pivot":[5.84755,10.32883,0],"rotation":[0,0,-27.5],"uv":[0,55],"inflate":0,"mirror":true},{"origin":[5.31278,6.06299,-1.1],"size":[2.2,3.3,2.2],"pivot":[6.41278,7.71299,0],"rotation":[0,0,10],"uv":[8,55],"inflate":0,"mirror":true},{"origin":[4.34526,4.36399,-0.5],"size":[2,3,1],"pivot":[5.34526,5.86399,0],"rotation":[0,0,50],"uv":[0,24],"inflate":0,"mirror":true}],"parent":"bone6"},{"name":"Rightleg","pivot":[-3,19,0],"cubes":[{"origin":[-5,12,-2],"size":[4,7,4],"uv":[0,37],"inflate":0},{"origin":[-5,12.02994,-2.45684],"size":[4,7,0],"pivot":[-3,15.52994,-2.45684],"rotation":[-7.5,0,0],"uv":[0,0],"inflate":0},{"origin":[-5,10.02994,-2.45684],"size":[4,7,0],"pivot":[-3,13.52994,-2.45684],"rotation":[-7.5,0,0],"uv":[0,0],"inflate":0},{"origin":[-5,10.02994,2.45684],"size":[4,7,0],"pivot":[-3,13.52994,2.45684],"rotation":[7.5,0,0],"uv":[0,0],"inflate":0},{"origin":[-5,12.02994,2.45684],"size":[4,7,0],"pivot":[-3,15.52994,2.45684],"rotation":[7.5,0,0],"uv":[0,0],"inflate":0},{"origin":[-5.45585,12.02981,-2],"size":[0,7,4],"pivot":[-5.45585,15.52981,0],"rotation":[0,0,7.5],"uv":[0,8],"inflate":0},{"origin":[-0.54217,12.03007,-2],"size":[0,7,4],"pivot":[-0.54217,15.53007,0],"rotation":[0,0,-7.5],"uv":[0,8],"inflate":0,"mirror":true},{"origin":[-5.45684,10.02994,-2],"size":[0,7,4],"pivot":[-5.45684,13.52994,0],"rotation":[0,0,7.5],"uv":[0,8],"inflate":0,"mirror":true},{"origin":[-0.54316,10.02994,-2],"size":[0,7,4],"pivot":[-0.54316,13.52994,0],"rotation":[0,0,-7.5],"uv":[0,8],"inflate":0}],"parent":"Root"},{"name":"bone4","pivot":[-3,12,0],"cubes":[{"origin":[-5.5,3,-2.5],"size":[5,9,5],"uv":[28,29],"inflate":0},{"origin":[-5.5,3.01712,-2.8922],"size":[5,9,0],"pivot":[-3,7.51712,-2.8922],"rotation":[-5,0,0],"uv":[50,7],"inflate":0},{"origin":[-5.8912,3.01704,-2.5],"size":[0,9,5],"pivot":[-5.8912,7.51704,0],"rotation":[0,0,5],"uv":[32,38],"inflate":0},{"origin":[-0.1068,3.01721,-2.5],"size":[0,9,5],"pivot":[-0.1068,7.51721,0],"rotation":[0,0,-5],"uv":[32,38],"inflate":0,"mirror":true},{"origin":[-0.1068,1.01721,-2.5],"size":[0,9,5],"pivot":[-0.1068,5.51721,0],"rotation":[0,0,-5],"uv":[32,38],"inflate":0,"mirror":true},{"origin":[-5.8912,1.01704,-2.5],"size":[0,9,5],"pivot":[-5.8912,5.51704,0],"rotation":[0,0,5],"uv":[32,38],"inflate":0},{"origin":[-5.5,3.01712,2.8922],"size":[5,9,0],"pivot":[-3,7.51712,2.8922],"rotation":[5,0,0],"uv":[50,7],"inflate":0},{"origin":[-5.5,1.01712,-2.8922],"size":[5,9,0],"pivot":[-3,5.51712,-2.8922],"rotation":[-5,0,0],"uv":[50,7],"inflate":0,"mirror":true},{"origin":[-5.5,1.01712,2.8922],"size":[5,9,0],"pivot":[-3,5.51712,2.8922],"rotation":[5,0,0],"uv":[50,7],"inflate":0,"mirror":true}],"parent":"Rightleg"},{"name":"bone5","pivot":[-3,3,0],"cubes":[{"origin":[-5,0,-2],"size":[4,3,4],"uv":[0,48],"inflate":0},{"origin":[-5.6821,1.19291,-4.6422],"size":[2,2,3],"pivot":[-4.6821,2.19291,-3.1422],"rotation":[-32.30998,25.71543,-10.09541],"uv":[28,52],"inflate":0},{"origin":[-4,1.13393,-4.85946],"size":[2,2,3],"pivot":[-3,2.13393,-3.35946],"rotation":[-25,0,0],"uv":[28,52],"inflate":0},{"origin":[-4.1,0.95814,-6.74534],"size":[2.2,2.2,3.3],"pivot":[-3,2.05814,-5.09534],"rotation":[30,0,0],"uv":[50,50],"inflate":0},{"origin":[-3.5,-0.5765,-8.82471],"size":[1,2,3],"pivot":[-3,0.4235,-7.32471],"rotation":[42.5,0,0],"uv":[54,24],"inflate":0},{"origin":[-2.3133,1.13515,-4.67262],"size":[2,2,3],"pivot":[-1.3133,2.13515,-3.17262],"rotation":[-29.80998,-25.71543,10.09541],"uv":[28,52],"inflate":0},{"origin":[-1.3133,1.13515,-1.67262],"size":[2,2,3],"pivot":[-0.3133,2.13515,-0.17262],"rotation":[-29.80998,-25.71543,10.09541],"uv":[28,52],"inflate":0},{"origin":[-1.62362,1.00846,-6.44665],"size":[2.2,2.2,3.3],"pivot":[-0.52362,2.10846,-4.79665],"rotation":[22.69002,-25.71543,10.09541],"uv":[50,50],"inflate":0},{"origin":[-0.62362,1.00846,-3.44665],"size":[2.2,2.2,3.3],"pivot":[0.47638,2.10846,-1.79665],"rotation":[22.69002,-25.71543,10.09541],"uv":[50,50],"inflate":0},{"origin":[-6.54727,1.10467,-6.35213],"size":[2.2,2.2,3.3],"pivot":[-5.44727,2.20467,-4.70213],"rotation":[22.69002,25.71543,-10.09541],"uv":[50,50],"inflate":0},{"origin":[-6.5978,-0.34137,-8.19851],"size":[1,2,3],"pivot":[-6.0978,0.65863,-6.69851],"rotation":[42.69002,25.71543,-10.09541],"uv":[54,24],"inflate":0},{"origin":[-0.30144,-0.45036,-8.258],"size":[1,2,3],"pivot":[0.19856,0.54964,-6.758],"rotation":[42.69002,-25.71543,10.09541],"uv":[54,24],"inflate":0},{"origin":[0.69856,-0.45036,-5.258],"size":[1,2,3],"pivot":[1.19856,0.54964,-3.758],"rotation":[42.69002,-25.71543,10.09541],"uv":[54,24],"inflate":0}],"parent":"bone4"},{"name":"Leftleg","pivot":[3,19,0],"cubes":[{"origin":[1,12,-2],"size":[4,7,4],"uv":[0,37],"inflate":0,"mirror":true},{"origin":[1,12.02994,-2.45684],"size":[4,7,0],"pivot":[3,15.52994,-2.45684],"rotation":[-7.5,0,0],"uv":[0,0],"inflate":0,"mirror":true},{"origin":[1,10.02994,-2.45684],"size":[4,7,0],"pivot":[3,13.52994,-2.45684],"rotation":[-7.5,0,0],"uv":[0,0],"inflate":0,"mirror":true},{"origin":[1,10.02994,2.45684],"size":[4,7,0],"pivot":[3,13.52994,2.45684],"rotation":[7.5,0,0],"uv":[0,0],"inflate":0,"mirror":true},{"origin":[1,12.02994,2.45684],"size":[4,7,0],"pivot":[3,15.52994,2.45684],"rotation":[7.5,0,0],"uv":[0,0],"inflate":0,"mirror":true},{"origin":[5.45585,12.02981,-2],"size":[0,7,4],"pivot":[5.45585,15.52981,0],"rotation":[0,0,-7.5],"uv":[0,8],"inflate":0,"mirror":true},{"origin":[0.54217,12.03007,-2],"size":[0,7,4],"pivot":[0.54217,15.53007,0],"rotation":[0,0,7.5],"uv":[0,8],"inflate":0},{"origin":[5.45684,10.02994,-2],"size":[0,7,4],"pivot":[5.45684,13.52994,0],"rotation":[0,0,-7.5],"uv":[0,8],"inflate":0},{"origin":[0.54316,10.02994,-2],"size":[0,7,4],"pivot":[0.54316,13.52994,0],"rotation":[0,0,7.5],"uv":[0,8],"inflate":0,"mirror":true}],"parent":"Root"},{"name":"bone8","pivot":[3,12,0],"cubes":[{"origin":[0.5,3,-2.5],"size":[5,9,5],"uv":[28,29],"inflate":0,"mirror":true},{"origin":[0.5,3.01712,-2.8922],"size":[5,9,0],"pivot":[3,7.51712,-2.8922],"rotation":[-5,0,0],"uv":[50,7],"inflate":0,"mirror":true},{"origin":[5.77189,2.74986,-2.5],"size":[0,9,5],"pivot":[2.77189,8.74986,0.5],"rotation":[0,0,-5],"uv":[32,38],"inflate":0,"mirror":true},{"origin":[0.1068,3.01721,-2.5],"size":[0,9,5],"pivot":[0.1068,7.51721,0],"rotation":[0,0,5],"uv":[32,38],"inflate":0},{"origin":[0.1068,1.01721,-2.5],"size":[0,9,5],"pivot":[0.1068,5.51721,0],"rotation":[0,0,5],"uv":[32,38],"inflate":0},{"origin":[5.77189,0.74986,-2.5],"size":[0,9,5],"pivot":[2.77189,6.74986,0.5],"rotation":[0,0,-5],"uv":[32,38],"inflate":0,"mirror":true},{"origin":[0.5,3.01712,2.8922],"size":[5,9,0],"pivot":[3,7.51712,2.8922],"rotation":[5,0,0],"uv":[50,7],"inflate":0,"mirror":true},{"origin":[0.5,1.01712,-2.8922],"size":[5,9,0],"pivot":[3,5.51712,-2.8922],"rotation":[-5,0,0],"uv":[50,7],"inflate":0},{"origin":[0.5,1.01712,2.8922],"size":[5,9,0],"pivot":[3,5.51712,2.8922],"rotation":[5,0,0],"uv":[50,7],"inflate":0}],"parent":"Leftleg"},{"name":"bone9","pivot":[3,3,0],"cubes":[{"origin":[1,0,-2],"size":[4,3,4],"uv":[0,48],"inflate":0,"mirror":true},{"origin":[3.6821,1.19291,-4.6422],"size":[2,2,3],"pivot":[4.6821,2.19291,-3.1422],"rotation":[-32.30998,-25.71543,10.09541],"uv":[28,52],"inflate":0,"mirror":true},{"origin":[2,1.13393,-4.85946],"size":[2,2,3],"pivot":[3,2.13393,-3.35946],"rotation":[-25,0,0],"uv":[28,52],"inflate":0,"mirror":true},{"origin":[1.9,0.95814,-6.74534],"size":[2.2,2.2,3.3],"pivot":[3,2.05814,-5.09534],"rotation":[30,0,0],"uv":[50,50],"inflate":0,"mirror":true},{"origin":[2.5,-0.5765,-8.82471],"size":[1,2,3],"pivot":[3,0.4235,-7.32471],"rotation":[42.5,0,0],"uv":[54,24],"inflate":0,"mirror":true},{"origin":[0.3133,1.13515,-4.67262],"size":[2,2,3],"pivot":[1.3133,2.13515,-3.17262],"rotation":[-29.80998,25.71543,-10.09541],"uv":[28,52],"inflate":0,"mirror":true},{"origin":[0,0.5,-2],"size":[2,2,3],"pivot":[1,1.5,1],"rotation":[-29.80998,25.71543,-10.09541],"uv":[28,52],"inflate":0,"mirror":true},{"origin":[-0.57638,1.00846,-6.44665],"size":[2.2,2.2,3.3],"pivot":[0.52362,2.10846,-4.79665],"rotation":[22.69002,25.71543,-10.09541],"uv":[50,50],"inflate":0,"mirror":true},{"origin":[-1.57638,1.00846,-3.44665],"size":[2.2,2.2,3.3],"pivot":[-0.47638,2.10846,-1.79665],"rotation":[22.69002,25.71543,-10.09541],"uv":[50,50],"inflate":0,"mirror":true},{"origin":[4.34727,1.10467,-6.35213],"size":[2.2,2.2,3.3],"pivot":[5.44727,2.20467,-4.70213],"rotation":[22.69002,-25.71543,10.09541],"uv":[50,50],"inflate":0,"mirror":true},{"origin":[5.3,0.73665,-8.6856],"size":[1,2,3],"pivot":[5.84505,1.73665,-5.68564],"rotation":[42.69002,-25.71543,10.09541],"uv":[54,24],"inflate":0,"mirror":true},{"origin":[-0.69856,-0.45036,-8.258],"size":[1,2,3],"pivot":[-0.19856,0.54964,-6.758],"rotation":[42.69002,25.71543,-10.09541],"uv":[54,24],"inflate":0,"mirror":true},{"origin":[-1.69856,-0.45036,-5.258],"size":[1,2,3],"pivot":[-1.19856,0.54964,-3.758],"rotation":[42.69002,25.71543,-10.09541],"uv":[54,24],"inflate":0,"mirror":true}],"parent":"bone8"}]}]}