{
	"format_version": "1.10.0",
	"particle_effect": {
		"description": {
			"identifier": "stk:aura",
			"basic_render_parameters": {
				"material": "particles_blend",
				"texture": "textures/particle/auras"
			}
		},
		"components": {
			"minecraft:emitter_rate_steady": {
				"spawn_rate": 1,
				"max_particles": 100
			},
			"minecraft:emitter_lifetime_looping": {
				"active_time": 2
			},
			"minecraft:emitter_shape_point": {},
			"minecraft:particle_lifetime_expression": {
				"max_lifetime": 1
			},
			"minecraft:particle_initial_speed": 0,
			"minecraft:particle_motion_dynamic": {},
			"minecraft:particle_appearance_billboard": {
				"size": [3, 3],
				"facing_camera_mode": "rotate_xyz",
				"uv": {
					"texture_width": 256,
					"texture_height": 768,
					"flipbook": {
						"base_UV": [0, 0],
						"size_UV": [256, 256],
						"step_UV": [0, 256],
						"max_frame": 3,
						"stretch_to_lifetime": true,
						"loop": true
					}
				}
			}
		}
	}
}
















