{
	"format_version": "1.10.0",
	"particle_effect": {
		"description": {
			"identifier": "stk:barragefinal",
			"basic_render_parameters": {
				"material": "particles_blend",
				"texture": "textures/particle/fuma"
			}
		},
		"components": {
			"minecraft:emitter_rate_instant": {
				"num_particles": 1
			},
			"minecraft:emitter_lifetime_looping": {
				"active_time": 1.1
			},
			"minecraft:emitter_shape_point": {},
			"minecraft:particle_lifetime_expression": {
				"max_lifetime": 1
			},
			"minecraft:particle_initial_spin": {
				"rotation": 1,
				"rotation_rate": "math.random(-1000,1000)"
			},
			"minecraft:particle_initial_speed": 0,
			"minecraft:particle_motion_dynamic": {},
			"minecraft:particle_appearance_billboard": {
				"size": ["0.2 + ( 3* variable.particle_age)", "0.2 + ( 3* variable.particle_age)"],
				"facing_camera_mode": "rotate_xyz",
				"uv": {
					"texture_width": 160,
					"texture_height": 32,
					"flipbook": {
						"base_UV": [0, 0],
						"size_UV": [32, 32],
						"step_UV": [32, 0],
						"max_frame": 5,
						"stretch_to_lifetime": true
					}
				}
			},
			"minecraft:particle_appearance_tinting": {
				"color": {
					"interpolant": "v.particle_age / v.particle_lifetime",
					"gradient": {
						"0.0": "#ffffffff",
						"0.26": "#ffffffff",
						"1.0": "#00FFFFFF"
					}
				}
			}
		}
	}
}










