{
	"format_version": "1.10.0",
	"particle_effect": {
		"description": {
			"identifier": "stk:delaware2",
			"basic_render_parameters": {
				"material": "particles_add",
				"texture": "textures/particle/fuma"
			}
		},
		"components": {
			"minecraft:emitter_rate_steady": {
				"spawn_rate": 2,
				"max_particles": 100
			},
			"minecraft:emitter_lifetime_looping": {
				"active_time": 1
			},
			"minecraft:emitter_shape_sphere": {
				"radius": 1,
				"direction": "outwards"
			},
			"minecraft:particle_lifetime_expression": {
				"max_lifetime": 1
			},
			"minecraft:particle_initial_speed": 0,
			"minecraft:particle_motion_dynamic": {},
			"minecraft:particle_appearance_billboard": {
				"size": [0.3, 0.3],
				"facing_camera_mode": "rotate_xyz",
				"uv": {
					"texture_width": 160,
					"texture_height": 32,
					"flipbook": {
						"base_UV": [0, 0],
						"size_UV": [32, 32],
						"step_UV": [32, 0],
						"max_frame": 5,
						"stretch_to_lifetime": true
					}
				}
			},
			"minecraft:particle_appearance_tinting": {
				"color": {
					"interpolant": "v.particle_age / v.particle_lifetime",
					"gradient": {
						"0.0": "#FF73FFA0",
						"0.27": "#FFFF7000",
						"0.5": "#FF7E00FF",
						"0.78": "#FF00CFFF",
						"1.0": "#FFFFFFFF"
					}
				}
			}
		}
	}
}