{
	"format_version": "1.10.0",
	"particle_effect": {
		"description": {
			"identifier": "stk:dragon",
			"basic_render_parameters": {
				"material": "particles_add",
				"texture": "textures/particle/particles"
			}
		},
		"components": {
			"minecraft:emitter_rate_instant": {
				"num_particles": 10
			},
			"minecraft:emitter_lifetime_once": {
				"active_time": 1
			},
			"minecraft:emitter_shape_sphere": {
				"radius": 1,
				"surface_only": true,
				"direction": "outwards"
			},
			"minecraft:particle_lifetime_expression": {
				"max_lifetime": 1
			},
			"minecraft:particle_initial_speed": 10,
			"minecraft:particle_motion_dynamic": {},
			"minecraft:particle_appearance_billboard": {
				"size": [1, 5],
				"facing_camera_mode": "direction_y",
				"uv": {
					"texture_width": 16,
					"texture_height": 16,
					"uv": [6, 10],
					"uv_size": [1, 1]
				}
			},
			"minecraft:particle_appearance_tinting": {
				"color": {
					"interpolant": "v.particle_age / v.particle_lifetime",
					"gradient": {
						"0.0": "#ffffffff",
						"0.23": "#FFFFB000",
						"0.47": "#FFFFDB0B",
						"1.0": "#00FF440B"
					}
				}
			}
		}
	}
}