{
	"format_version": "1.10.0",
	"particle_effect": {
		"description": {
			"identifier": "stk:eraserbow",
			"basic_render_parameters": {
				"material": "particles_add",
				"texture": "textures/particle/glint"
			}
		},
		"components": {
			"minecraft:emitter_rate_steady": {
				"spawn_rate": 1,
				"max_particles": 100
			},
			"minecraft:emitter_lifetime_looping": {
				"active_time": 1.1
			},
			"minecraft:emitter_shape_point": {},
			"minecraft:particle_lifetime_expression": {
				"max_lifetime": 1
			},
			"minecraft:particle_initial_spin": {
				"rotation": 1,
				"rotation_rate": "math.random(-1000,1000)"
			},
			"minecraft:particle_initial_speed": 0,
			"minecraft:particle_motion_dynamic": {},
			"minecraft:particle_appearance_billboard": {
				"size": [1, 1],
				"facing_camera_mode": "rotate_xyz",
				"uv": {
					"texture_width": 32,
					"texture_height": 32,
					"uv": [0, 0],
					"uv_size": [32, 32]
				}
			},
			"minecraft:particle_appearance_tinting": {
				"color": {
					"interpolant": "v.particle_age / v.particle_lifetime",
					"gradient": {
						"0.0": "#FF63FF00",
						"0.51": "#ff000000",
						"1.0": "#00094500"
					}
				}
			}
		}
	}
}