{
	"format_version": "1.10.0",
	"particle_effect": {
		"description": {
			"identifier": "stk:wslash2",
			"basic_render_parameters": {
				"material": "particles_add",
				"texture": "textures/particle/particles"
			}
		},
		"components": {
			"minecraft:emitter_rate_instant": {
				"num_particles": 200
			},
			"minecraft:emitter_lifetime_once": {
				"active_time": 0.6
			},
			"minecraft:emitter_shape_point": {
				"offset": ["math.cos(variable.particle_random_2 * 180) * (-3+variable.particle_random_1)", "math.cos(variable.particle_random_2 * 180) * (-3+variable.particle_random_1)", "math.sin(variable.particle_random_2 * -180) * (3-variable.particle_random_1)"]
			},
			"minecraft:particle_lifetime_expression": {
				"max_lifetime": 1
			},
			"minecraft:particle_initial_spin": {
				"rotation": "math.random(180, -180)"
			},
			"minecraft:particle_initial_speed": 0.5,
			"minecraft:particle_motion_dynamic": {
				"linear_acceleration": [0.1, 0.1, 0.1],
				"linear_drag_coefficient": 1
			},
			"minecraft:particle_appearance_billboard": {
				"size": ["0.2 - (variable.particle_age * 0.2)", "0.2 - (variable.particle_age * 0.2)"],
				"facing_camera_mode": "rotate_xyz",
				"uv": {
					"texture_width": 16,
					"texture_height": 16,
					"uv": ["math.floor(variable.particle_random_1 * 5) + 3", 0],
					"uv_size": [1, 1]
				}
			},
			"minecraft:particle_appearance_tinting": {
				"color": {
					"interpolant": "variable.particle_random_1",
					"gradient": {
						"0.2": "#FFFFFFFF",
						"0.48": "#FF00AAFF",
						"1.0": "#FF0632FF"
					}
				}
			}
		}
	}
}