{
	"format_version": "1.8.0",
	"animations": {
		"animation.d_titan.general": {
			"loop": true,
			"bones": {
				"bone": {
					"rotation": ["Math.cos(query.life_time * 100) * -1", 0, 0]
				},
				"head": {
					"rotation": ["Math.cos(query.life_time * 100) * -1", 0, 0]
				},
				"bone8": {
					"rotation": [0, "Math.cos(query.life_time * 100) * -1", 0]
				},
				"bone10": {
					"rotation": [0, "Math.cos(query.life_time * 100) * 1", 0]
				},
				"bone4": {
					"rotation": ["Math.cos(query.life_time * 100) * 1", 0, 0]
				},
				"bone6": {
					"rotation": ["Math.cos(query.life_time * 100) * 1", 0, 0]
				},
				"bone2": {
					"rotation": ["Math.cos(query.life_time * 100) * -1", 0, 0]
				},
				"bone3": {
					"rotation": ["Math.cos(query.life_time * 100) * -1", 0, 0]
				}
			}
		},
		"animation.d_titan.summoner": {
			"animation_length": 9,
			"bones": {
				"bone": {
					"rotation": {
						"0.0": [0, 0, 0],
						"1.04": [0, 0, 0],
						"1.56": [0, 0, -15],
						"2.08": [0, 0, 15],
						"2.6": [0, 0, -15],
						"3.12": [0, 0, 15],
						"3.64": [0, 0, -15],
						"4.16": [0, 0, 15],
						"4.68": [0, 0, -15],
						"5.2": [0, 0, 15],
						"5.72": [0, 0, -15],
						"6.24": [0, 0, 15],
						"6.76": [0, 0, -15],
						"7.8": [0, 0, 15],
						"9.0": [0, 0, 0]
					},
					"position": {
						"0.0": [0, 0, 0],
						"0.52": [0, -1, 0],
						"1.04": [0, -1, 0],
						"7.8": [0, -1, 0],
						"9.0": [0, 0, 0]
					}
				},
				"bone2": {
					"rotation": {
						"0.0": [0, 0, 0],
						"0.52": [25, 0, 0],
						"1.04": [-37.5, 0, 0],
						"1.68": [-37.5, 0, -15],
						"2.2": [-37.5, 0, 15],
						"2.72": [-37.5, 0, -15],
						"3.24": [-37.5, 0, 15],
						"3.76": [-37.5, 0, -15],
						"4.28": [-37.5, 0, 15],
						"4.8": [-37.5, 0, -15],
						"5.32": [-37.5, 0, 15],
						"5.84": [-37.5, 0, -15],
						"6.36": [-37.5, 0, 15],
						"6.88": [-37.5, 0, -15],
						"7.8": [-37.5, 0, 15],
						"9.0": [0, 0, 0]
					}
				},
				"bone3": {
					"rotation": {
						"0.0": [0, 0, 0],
						"0.52": [32.5, 0, 0],
						"1.04": [-37.5, 0, 0],
						"1.8": [-37.5, 0, -15],
						"2.32": [-37.5, 0, 15],
						"2.84": [-37.5, 0, -15],
						"3.36": [-37.5, 0, 15],
						"3.88": [-37.5, 0, -15],
						"4.4": [-37.5, 0, 15],
						"4.92": [-37.5, 0, -15],
						"5.44": [-37.5, 0, 15],
						"5.96": [-37.5, 0, -15],
						"6.48": [-37.5, 0, 15],
						"7.0": [-37.5, 0, -15],
						"7.8": [-37.5, 0, 15],
						"9.0": [0, 0, 0]
					}
				},
				"head": {
					"rotation": {
						"0.0": [0, 0, 0],
						"0.52": [-55, 0, 0],
						"1.04": [-27.5, 0, 0],
						"1.92": [-27.5, 0, -17.5],
						"2.44": [-27.5, 0, 17.5],
						"2.96": [-27.5, 0, -17.5],
						"3.48": [-27.5, 0, 17.5],
						"4.0": [-27.5, 0, -17.5],
						"4.52": [-27.5, 0, 17.5],
						"5.04": [-27.5, 0, -17.5],
						"5.56": [-27.5, 0, 17.5],
						"6.08": [-27.5, 0, -17.5],
						"6.6": [-27.5, 0, 17.5],
						"7.12": [-27.5, 0, -17.5],
						"7.8": [-27.5, 0, 17.5],
						"9.0": [0, 0, 0]
					}
				},
				"bone8": {
					"rotation": {
						"0.0": [0, 0, 0],
						"0.52": [0, -47.5, 0],
						"1.04": [0, -85, 5],
						"7.8": [0, -85, 5],
						"9.0": [0, 0, 0]
					}
				},
				"bone9": {
					"rotation": {
						"0.0": [0, 0, 0],
						"0.52": [-77.5, 0, 0],
						"1.04": [0, 0, 0]
					}
				},
				"bone10": {
					"rotation": {
						"0.0": [0, 0, 0],
						"0.52": [0, 47.5, 0],
						"1.04": [0, 85, -5],
						"7.8": [0, 85, -5],
						"9.0": [0, 0, 0]
					}
				},
				"bone11": {
					"rotation": {
						"0.0": [0, 0, 0],
						"0.52": [-77.5, 0, 0],
						"1.04": [0, 0, 0]
					}
				},
				"bone13": {
					"rotation": [0, 0, 0]
				},
				"bone4": {
					"rotation": {
						"0.0": [0, 0, 0],
						"0.52": [-20, 0, 17.5],
						"1.04": [-20, 0, 17.5],
						"1.56": [-20, 0, 32.5],
						"2.08": [-20, 0, 2.5],
						"2.6": [-20, 0, 32.5],
						"3.12": [-20, 0, 2.5],
						"3.64": [-20, 0, 32.5],
						"4.16": [-20, 0, 2.5],
						"4.68": [-20, 0, 32.5],
						"5.2": [-20, 0, 2.5],
						"5.72": [-20, 0, 32.5],
						"6.24": [-20, 0, 2.5],
						"6.76": [-20, 0, 32.5],
						"7.8": [-20, 0, 2.5],
						"9.0": [0, 0, 0]
					},
					"position": {
						"1.04": [0, 0, 0],
						"1.56": [0, 0.5, 0],
						"2.08": [0, -0.5, 0],
						"2.6": [0, 0.5, 0],
						"3.12": [0, -0.5, 0],
						"3.64": [0, 0.5, 0],
						"4.16": [0, -0.5, 0],
						"4.68": [0, 0.5, 0],
						"5.2": [0, -0.5, 0],
						"5.72": [0, 0.5, 0],
						"6.24": [0, -0.5, 0],
						"6.76": [0, 0.5, 0],
						"7.8": [0, -0.5, 0],
						"9.0": [0, 0, 0]
					}
				},
				"bone5": {
					"rotation": {
						"0.0": [0, 0, 0],
						"0.52": [42.5, 0, 0],
						"7.8": [42.5, 0, 0],
						"9.0": [0, 0, 0]
					}
				},
				"bone6": {
					"rotation": {
						"0.0": [0, 0, 0],
						"0.52": [-20, 0, -17.5],
						"1.04": [-20, 0, -17.5],
						"1.56": [-20, 0, -2.5],
						"2.08": [-20, 0, -32.5],
						"2.6": [-20, 0, -2.5],
						"3.12": [-20, 0, -32.5],
						"3.64": [-20, 0, -2.5],
						"4.16": [-20, 0, -32.5],
						"4.68": [-20, 0, -2.5],
						"5.2": [-20, 0, -32.5],
						"5.72": [-20, 0, -2.5],
						"6.24": [-20, 0, -32.5],
						"6.76": [-20, 0, -2.5],
						"7.8": [-20, 0, -32.5],
						"9.0": [0, 0, 0]
					},
					"position": {
						"1.04": [0, 0, 0],
						"1.56": [0, -0.5, 0],
						"2.08": [0, 0.5, 0],
						"2.6": [0, -0.5, 0],
						"3.12": [0, 0.5, 0],
						"3.64": [0, -0.5, 0],
						"4.16": [0, 0.5, 0],
						"4.68": [0, -0.5, 0],
						"5.2": [0, 0.5, 0],
						"5.72": [0, -0.5, 0],
						"6.24": [0, 0.5, 0],
						"6.76": [0, -0.5, 0],
						"7.8": [0, 0.5, 0],
						"9.0": [0, 0, 0]
					}
				},
				"bone7": {
					"rotation": {
						"0.0": [0, 0, 0],
						"0.52": [42.5, 0, 0],
						"7.8": [42.5, 0, 0],
						"9.0": [0, 0, 0]
					}
				}
			}
		},
		"animation.d_titan.general_b": {
			"loop": true,
			"bones": {
				"bone": {
					"rotation": ["Math.cos(query.life_time * 100) * -1", 0, 0]
				},
				"head": {
					"rotation": ["Math.cos(query.life_time * 100) * -1", 0, 0]
				},
				"bone8": {
					"rotation": [0, "Math.cos(query.life_time * 100) * -1", 0]
				},
				"bone10": {
					"rotation": [0, "Math.cos(query.life_time * 100) * 1", 0]
				},
				"bone4": {
					"rotation": ["Math.cos(query.life_time * 100) * 1", 0, 0]
				},
				"bone6": {
					"rotation": ["Math.cos(query.life_time * 100) * 1", 0, 0]
				},
				"bone2": {
					"rotation": ["Math.cos(query.life_time * 100) * -1", 0, 0]
				},
				"bone3": {
					"rotation": ["Math.cos(query.life_time * 100) * -1", 0, 0]
				}
			}
		}
	}
}