{
	"format_version": "1.8.0",
	"animations": {
		"animation.d_titan.summon": {
			"animation_length": 8.6,
			"bones": {
				"bone": {
					"rotation": {
						"0.0": [0, 0, 0],
						"2.0": [-1.33, 0, 0],
						"3.0": [-25, 0, 0],
						"8.0": [-20.77, 0, 0],
						"8.6": [0, 0, 0]
					},
					"position": {
						"0.0": [0, 0, 0],
						"1.0": [0, -0.5, 1],
						"2.0": [0, -1, 4],
						"3.0": [0, -1, -6],
						"8.0": [0, -1, -6],
						"8.6": [0, 0, 0]
					}
				},
				"bone2": {
					"rotation": {
						"0.0": [0, 0, 0],
						"1.0": [20, 0, 0],
						"2.0": [20, 20, 0],
						"3.0": [20, 0, 0],
						"8.0": [14.62, 0, 0],
						"8.6": [0, 0, 0]
					}
				},
				"bone3": {
					"rotation": {
						"0.0": [0, 0, 0],
						"1.0": [20, 0, 0],
						"2.0": [20, 20, 0],
						"3.0": [20, 0, 0],
						"8.0": [14.62, 0, 0],
						"8.6": [0, 0, 0]
					}
				},
				"head": {
					"rotation": {
						"0.0": [0, 0, 0],
						"1.0": [-32.5, 0, 0],
						"2.0": [-35, -20, 0],
						"3.0": [-20, 0, 0],
						"8.6": [0, 0, 0]
					}
				},
				"bone4": {
					"rotation": {
						"0.0": [0, 0, 0],
						"1.0": [-15, 0, 0],
						"2.0": [25, 0, 0],
						"3.0": [-20, 0, 0],
						"8.04": [-24.62, 0, 0],
						"8.6": [0, 0, 0]
					}
				},
				"bone5": {
					"rotation": {
						"0.0": [0, 0, 0],
						"1.0": [30, 0, 0],
						"2.0": [40, 0, 0],
						"8.04": [41.67, 0, 0],
						"8.6": [0, 0, 0]
					}
				},
				"bone6": {
					"rotation": {
						"0.0": [0, 0, 0],
						"1.0": [-15, 0, 0],
						"2.0": [-40, 0, 0],
						"3.0": [40, 0, 0],
						"8.04": [44.23, 0, 0],
						"8.6": [0, 0, 0]
					}
				},
				"bone7": {
					"rotation": {
						"0.0": [0, 0, 0],
						"1.0": [30, 0, 0],
						"2.0": [40, 0, 0],
						"8.04": [21.67, 0, 0],
						"8.6": [0, 0, 0]
					}
				},
				"bone8": {
					"rotation": {
						"0.0": [0, 0, 0],
						"1.0": [-12.5, 20, -15],
						"2.0": [-15, 35, -15],
						"3.0": [-112.5, 22.5, -5],
						"8.0": [-91.73, 8.65, 13.85],
						"8.6": [0, 0, 0]
					}
				},
				"bone9": {
					"rotation": {
						"0.0": [0, 0, 0],
						"1.0": [-33.47, 0, 0],
						"1.04": [-34.81, 0, 0],
						"1.08": [-62.67, 0, 0],
						"1.12": [-34.81, 0, 0],
						"1.16": [-62.67, 0, 0],
						"1.2": [-34.81, 0, 0],
						"1.24": [-62.67, 0, 0],
						"1.28": [-34.81, 0, 0],
						"1.32": [-62.67, 0, 0],
						"1.36": [-34.81, 0, 0],
						"1.4": [-62.67, 0, 0],
						"1.44": [-34.81, 0, 0],
						"1.48": [-62.67, 0, 0],
						"1.52": [-34.81, 0, 0],
						"1.56": [-62.67, 0, 0],
						"1.6": [-34.81, 0, 0],
						"1.64": [-62.67, 0, 0],
						"1.68": [-34.81, 0, 0],
						"1.72": [-62.67, 0, 0],
						"1.76": [-34.81, 0, 0],
						"1.8": [-62.67, 0, 0],
						"1.84": [-34.81, 0, 0],
						"1.88": [-62.67, 0, 0],
						"1.92": [-34.81, 0, 0],
						"2.0": [-50.38, 0, 0],
						"8.04": [-51.52, 0, 0],
						"8.6": [0, 0, 0]
					}
				},
				"bone10": {
					"rotation": {
						"0.0": [0, 0, 0],
						"1.0": [-2.5, -20, 15],
						"2.0": [-17.5, -20, 15],
						"3.0": [-112.5, -17.5, 0],
						"8.0": [-88.08, -5, -15],
						"8.6": [0, 0, 0]
					}
				},
				"bone11": {
					"rotation": {
						"0.0": [0, 0, 0],
						"1.0": [-50, 0, 0],
						"1.04": [-62.67, 0, 0],
						"1.08": [-34.81, 0, 0],
						"1.12": [-62.67, 0, 0],
						"1.16": [-34.81, 0, 0],
						"1.2": [-62.67, 0, 0],
						"1.24": [-34.81, 0, 0],
						"1.28": [-62.67, 0, 0],
						"1.32": [-34.81, 0, 0],
						"1.36": [-62.67, 0, 0],
						"1.4": [-34.81, 0, 0],
						"1.44": [-62.67, 0, 0],
						"1.48": [-34.81, 0, 0],
						"1.52": [-62.67, 0, 0],
						"1.56": [-34.81, 0, 0],
						"1.6": [-62.67, 0, 0],
						"1.64": [-34.81, 0, 0],
						"1.68": [-62.67, 0, 0],
						"1.72": [-34.81, 0, 0],
						"1.76": [-62.67, 0, 0],
						"1.8": [-34.81, 0, 0],
						"1.84": [-62.67, 0, 0],
						"1.88": [-34.81, 0, 0],
						"1.92": [-62.67, 0, 0],
						"1.96": [-34.81, 0, 0],
						"2.0": [-54.13, 0, 0],
						"8.0": [-66.52, 0, 0],
						"8.6": [0, 0, 0]
					}
				},
				"bone13": {
					"rotation": {
						"0.0": [0, 0, 0],
						"1.0": [0, 180, 0],
						"8.0": [0, 180, 0],
						"8.6": [0, 0, 0]
					}
				}
			}
		},
		"animation.d_titan.summon_b": {
			"animation_length": 8.6,
			"bones": {
				"bone": {
					"rotation": {
						"0.0": [0, 0, 0],
						"2.0": [-1.33, 0, 0],
						"3.0": [-25, 0, 0],
						"8.0": [-20.77, 0, 0],
						"8.6": [0, 0, 0]
					},
					"position": {
						"0.0": [0, 0, 0],
						"1.0": [0, -0.5, 1],
						"2.0": [0, -1, 4],
						"3.0": [0, -3, -6],
						"8.0": [0, -3, -6],
						"8.6": [0, 0, 0]
					}
				},
				"bone2": {
					"rotation": {
						"0.0": [0, 0, 0],
						"1.0": [20, 0, 0],
						"2.0": [20, 20, 0],
						"3.0": [20, 0, 0],
						"8.0": [14.62, 0, 0],
						"8.6": [0, 0, 0]
					}
				},
				"bone3": {
					"rotation": {
						"0.0": [0, 0, 0],
						"1.0": [20, 0, 0],
						"2.0": [20, 20, 0],
						"3.0": [20, 0, 0],
						"8.0": [14.62, 0, 0],
						"8.6": [0, 0, 0]
					}
				},
				"head": {
					"rotation": {
						"0.0": [0, 0, 0],
						"1.0": [-32.5, 0, 0],
						"2.0": [-35, -20, 0],
						"3.0": [-20, 0, 0],
						"8.6": [0, 0, 0]
					}
				},
				"bone4": {
					"rotation": {
						"0.0": [0, 0, 0],
						"1.0": [-15, 0, 0],
						"2.0": [25, 0, 0],
						"3.0": [-20, 0, 0],
						"8.04": [-24.62, 0, 0],
						"8.6": [0, 0, 0]
					}
				},
				"bone5": {
					"rotation": {
						"0.0": [0, 0, 0],
						"1.0": [30, 0, 0],
						"2.0": [40, 0, 0],
						"8.04": [41.67, 0, 0],
						"8.6": [0, 0, 0]
					}
				},
				"bone6": {
					"rotation": {
						"0.0": [0, 0, 0],
						"1.0": [-15, 0, 0],
						"2.0": [-40, 0, 0],
						"3.0": [40, 0, 0],
						"8.04": [44.23, 0, 0],
						"8.6": [0, 0, 0]
					}
				},
				"bone7": {
					"rotation": {
						"0.0": [0, 0, 0],
						"1.0": [30, 0, 0],
						"2.0": [40, 0, 0],
						"8.04": [21.67, 0, 0],
						"8.6": [0, 0, 0]
					}
				},
				"bone8": {
					"rotation": {
						"0.0": [0, 0, 0],
						"1.0": [-77.5, 20, -15],
						"2.0": [-92.5, 35, -15],
						"3.0": [-112.5, -57.5, -5],
						"8.0": [-91.73, -46.35, -1.15],
						"8.6": [0, 0, 0]
					}
				},
				"bone9": {
					"rotation": {
						"0.0": [0, 0, 0],
						"1.0": [-33.47, 0, 0],
						"1.04": [-34.81, 0, 0],
						"1.08": [-62.67, 0, 0],
						"1.12": [-34.81, 0, 0],
						"1.16": [-62.67, 0, 0],
						"1.2": [-34.81, 0, 0],
						"1.24": [-62.67, 0, 0],
						"1.28": [-34.81, 0, 0],
						"1.32": [-62.67, 0, 0],
						"1.36": [-34.81, 0, 0],
						"1.4": [-62.67, 0, 0],
						"1.44": [-34.81, 0, 0],
						"1.48": [-62.67, 0, 0],
						"1.52": [-34.81, 0, 0],
						"1.56": [-62.67, 0, 0],
						"1.6": [-34.81, 0, 0],
						"1.64": [-62.67, 0, 0],
						"1.68": [-34.81, 0, 0],
						"1.72": [-62.67, 0, 0],
						"1.76": [-34.81, 0, 0],
						"1.8": [-62.67, 0, 0],
						"1.84": [-34.81, 0, 0],
						"1.88": [-62.67, 0, 0],
						"1.92": [-34.81, 0, 0],
						"2.0": [-50.38, 0, 0],
						"8.04": [-51.52, 0, 0],
						"8.6": [0, 0, 0]
					}
				},
				"bone10": {
					"rotation": {
						"0.0": [0, 0, 0],
						"1.0": [-65, -20, 15],
						"2.0": [-90, -20, 15],
						"3.0": [-112.5, 47.5, 0],
						"8.0": [-88.08, 42.5, 0],
						"8.6": [0, 0, 0]
					}
				},
				"bone11": {
					"rotation": {
						"0.0": [0, 0, 0],
						"1.0": [-50, 0, 0],
						"1.04": [-62.67, 0, 0],
						"1.08": [-34.81, 0, 0],
						"1.12": [-62.67, 0, 0],
						"1.16": [-34.81, 0, 0],
						"1.2": [-62.67, 0, 0],
						"1.24": [-34.81, 0, 0],
						"1.28": [-62.67, 0, 0],
						"1.32": [-34.81, 0, 0],
						"1.36": [-62.67, 0, 0],
						"1.4": [-34.81, 0, 0],
						"1.44": [-62.67, 0, 0],
						"1.48": [-34.81, 0, 0],
						"1.52": [-62.67, 0, 0],
						"1.56": [-34.81, 0, 0],
						"1.6": [-62.67, 0, 0],
						"1.64": [-34.81, 0, 0],
						"1.68": [-62.67, 0, 0],
						"1.72": [-34.81, 0, 0],
						"1.76": [-62.67, 0, 0],
						"1.8": [-34.81, 0, 0],
						"1.84": [-62.67, 0, 0],
						"1.88": [-34.81, 0, 0],
						"1.92": [-62.67, 0, 0],
						"1.96": [-34.81, 0, 0],
						"2.0": [-54.13, 0, 0],
						"8.0": [-66.52, 0, 0],
						"8.6": [0, 0, 0]
					}
				},
				"bone13": {
					"rotation": {
						"0.0": [0, 0, 0],
						"8.6": [0, 0, 0]
					}
				}
			}
		}
	}
}