{
  "format_version": "1.10.0",
  "minecraft:client_entity": {
    "description": {
      "identifier": "dbe:dabura",
      "materials": {
        "default": "entity_alphatest",
        "entity_emissive": "entity_emissive_alpha"
      },
      "textures": {
        "default": "textures/entity/enemies/saga_majin/dabura"
      },
      "geometry": {
        "default": "geometry.dabura"
      },
      "spawn_egg": {
        "base_color": "#e05e1c",
        "overlay_color": "#cf4d06"
      },
      "scripts": {
        "scale": "0.9375",
        "pre_animation": [
          "v.attack_body_rot_y = Math.sin(360*Math.sqrt(v.attack_time)) * 5.0;",
          "v.tcos0 = (math.cos(q.modified_distance_moved * 38.17) * q.modified_move_speed / v.gliding_speed_value) * 57.3;",
          
          // dragon evolution
          "v.defend = q.mark_variant == 2;",
          "v.fly = 0.0;",
          "v.grab = q.mark_variant == 3 && q.has_rider;",
          "v.walk = q.ground_speed;"
        ],
        "animate": [
          "root"
        ]
      },
      "animations": {
        // vanilla animations
        "attack.positions": "animation.player.attack.positions",
        "attack.rotations": "animation.player.attack.rotations",
        "bob": "animation.player.bob",
        "damage_nearby_mobs": "animation.humanoid.damage_nearby_mobs",
        "look_at_target": "animation.humanoid.look_at_target.default",
        "move.arms": "animation.player.move.arms",
        "move.legs": "animation.player.move.legs",
        
        // dragon evolution
        "root": "controller.animation.default.root",
        "blink": "animation.player.blink",
        "defend": "animation.player.defend",
        "fly_walk_controller": "controller.animation.player.fly.walk",
        "fly_walk": "animation.player.fly.walk",
        "grab": "animation.player.grab",
        "special": "controller.animation.entity.special"
      },
      "render_controllers": [
        "controller.render.default"
      ]
    }
  }
}
      },
      "render_controllers": [
        "controller.render.default",
        "controller.render.dragon_ball.eyes"
      ]
    }
  }
}