{
  "resource_pack_name": "vanilla",
  "texture_name": "atlas.items",
  "texture_data": {
    "egg_camel": {
      "textures": "textures/items/egg_camel"
    },
    "egg_lion": {
      "textures": "textures/items/egg_lion"
    },
    "egg_penguin": {
      "textures": "textures/items/egg_penguin"
    },
    "egg_tiger": {
      "textures": "textures/items/egg_tiger"
    },
    "egg_elephant": {
      "textures": "textures/items/egg_elephant"
    },
    "egg_deer": {
      "textures": "textures/items/egg_deer"
    },
    "egg_panther": {
      "textures": "textures/items/egg_panther"
    },
    "egg_frog": {
      "textures": "textures/items/egg_frog"
    },
    "egg_crocodile": {
      "textures": "textures/items/egg_crocodile"
    },
    "egg_mouse": {
      "textures": "textures/items/egg_mouse"
    },
    "gallardo": {
      "textures": "textures/items/gallardo"
    },
    "bench": {
      "textures": "textures/items/bench"
    },
    "christmas_tree": {
      "textures": "textures/items/christmas_tree"
    },
    "tivi": {
      "textures": "textures/items/tivi"
    },
    "closet": {
      "textures": "textures/items/closet"
    },
    "laptop": {
      "textures": "textures/items/laptop"
    },
    "piano": {
      "textures": "textures/items/piano"
    },
    "armchairs": {
      "textures": "textures/items/armchairs"
    },
    "chair": {
      "textures": "textures/items/chair"
    },
    "big_table": {
      "textures": "textures/items/big_table"
    },
    "small_table": {
      "textures": "textures/items/small_table"
    },
    "drone": {
      "textures": "textures/items/drone"
    },
    "colorful_gifts": {
      "textures": "textures/items/colorful_gifts"
    },
    "seb_projectile": {
      "textures": "textures/items/pamobile/seb_projectile"
    },
    "seb:lg_glasses_skibidi_toilet": {
      "textures": "textures/items/pamobile/seb_lg_glasses_skibidi_toilet"
    },
    "seb:md_glasses_skibidi": {
      "textures": "textures/items/pamobile/seb_md_glasses_skibidi"
    },
    "seb:vl_glasses_skibidi_toilet": {
      "textures": "textures/items/pamobile/seb_vl_glasses_skibidi_toilet"
    },
    "seb:glasses_skibidi_toilet": {
      "textures": "textures/items/pamobile/seb_glasses_skibidi_toilet"
    },
    "seb:speakerman_car_rider": {
      "textures": "textures/items/pamobile/seb_speakerman_car_rider"
    },
    "seb:heli_toilet": {
      "textures": "textures/items/pamobile/seb_heli_toilet"
    },
    "seb:speakerman_car": {
      "textures": "textures/items/pamobile/seb_speakerman_car"
    },
    "seb:heli_skibidi_virus": {
      "textures": "textures/items/pamobile/seb_heli_skibidi_virus"
    },
    "seb:sw_heli_toilet": {
      "textures": "textures/items/pamobile/seb_sw_heli_toilet"
    },
    "seb_skibidi_moroh": {
      "textures": [
        "textures/items/pamobile/seb_skibidi_moroh"
      ]
    },
    "seb_projectile2": {
      "textures": "textures/items/pamobile/seb_projectile2"
    },
    "seb_big_camera_morph": {
      "textures": [
        "textures/items/pamobile/seb_big_camera_morph"
      ]
    },
    "seb_police_skibidi_morph": {
      "textures": [
        "textures/items/pamobile/seb_police_skibidi_morph"
      ]
    },
    "seb_projectile3": {
      "textures": "textures/items/pamobile/seb_projectile3"
    },
    "seb_dj_skibidi_morph": {
      "textures": [
        "textures/items/pamobile/seb_dj_skibidi_morph"
      ]
    },
    "seb_projectile800": {
      "textures": "textures/items/pamobile/seb_projectile800"
    },
    "seb_jetpack_skibidi_morph": {
      "textures": [
        "textures/items/pamobile/seb_jetpack_skibidi_morph"
      ]
    },
    "seb_bullet": {
      "textures": "textures/items/pamobile/seb_bullet"
    }
  }
}