{
	"format_version": "1.12.0",
	"minecraft:geometry": [
		{
			"description": {
				"identifier": "geometry.jurei",
				"texture_width": 64,
				"texture_height": 64,
				"visible_bounds_width": 3,
				"visible_bounds_height": 4.5,
				"visible_bounds_offset": [0, 1.75, 0]
			},
			"bones": [
				{
					"name": "root",
					"pivot": [0, 0, 0]
				},
				{
					"name": "head",
					"parent": "root",
					"pivot": [0, 40, 2],
					"cubes": [
						{"origin": [-1.75, 40, 0.5], "size": [3.5, 3.7, 0.5], "uv": [60, 61]},
						{"origin": [-2, 39.7, 1], "size": [4, 4.3, 2.5], "uv": [0, 0]}
					]
				},
				{
					"name": "body",
					"parent": "root",
					"pivot": [0, 40, 2],
					"cubes": [
						{"origin": [-4, 10, -2], "size": [8, 3, 8], "uv": [12, 38]},
						{"origin": [-4, 8.43782, 11.70577], "size": [8, 5, 4], "pivot": [0, -0.56218, 1.70577], "rotation": [30, 0, 0], "uv": [0, 0]},
						{"origin": [-5, 23, -2], "size": [10, 7, 8], "uv": [0, 11]},
						{"origin": [-0.5, 35, -0.3], "size": [1, 4.9, 0.3], "uv": [0, 60]},
						{"origin": [-0.5, 30, -1.3], "size": [1, 5, 0.3], "uv": [0, 60]},
						{"origin": [-0.5, 23, -2.3], "size": [1, 7, 0.3], "uv": [0, 60]},
						{"origin": [-4, 30, -1], "size": [8, 5, 6], "uv": [6, 33]},
						{"origin": [-3, 35, 0], "size": [6, 5, 4], "uv": [23, 40]},
						{"origin": [-0.5, 13, -3.3], "size": [1, 10, 0.3], "uv": [0, 55]},
						{"origin": [10.5, 9, -3.5], "size": [1, 4, 0.55], "pivot": [0, 0, -0.5], "rotation": [0, 0, -45], "uv": [40, 57]},
						{"origin": [14.5, 13, -3.5], "size": [1, 4, 0.55], "pivot": [0, 0, -0.5], "rotation": [0, 0, -45], "uv": [39, 55]},
						{"origin": [18.5, 17, -2.5], "size": [1, 4, 0.55], "pivot": [0, 0, -0.5], "rotation": [0, 0, -45], "uv": [39, 55]},
						{"origin": [22.5, 21, -1.5], "size": [1, 4, 0.55], "pivot": [0, 0, -0.5], "rotation": [0, 0, -45], "uv": [39, 55]},
						{"origin": [26.5, 25, -0.5], "size": [1, 4, 0.55], "pivot": [0, 0, -0.5], "rotation": [0, 0, -45], "uv": [39, 55]},
						{"origin": [-27.5, 25, -0.5], "size": [1, 4, 0.55], "pivot": [0, 0, -0.5], "rotation": [0, 0, 45], "uv": [39, 55]},
						{"origin": [-23.5, 21, -1.5], "size": [1, 4, 0.55], "pivot": [0, 0, -0.5], "rotation": [0, 0, 45], "uv": [39, 55]},
						{"origin": [-19.5, 17, -2.5], "size": [1, 4, 0.55], "pivot": [0, 0, -0.5], "rotation": [0, 0, 45], "uv": [39, 55]},
						{"origin": [-15.5, 13, -3.5], "size": [1, 4, 0.55], "pivot": [0, 0, -0.5], "rotation": [0, 0, 45], "uv": [39, 55]},
						{"origin": [-11.5, 9, -3.5], "size": [1, 4, 0.55], "pivot": [0, 0, -0.5], "rotation": [0, 0, 45], "uv": [39, 55]},
						{"origin": [-6, 13, -3], "size": [12, 10, 10], "uv": [0, 29]}
					]
				},
				{
					"name": "rightArm",
					"parent": "root",
					"pivot": [-4, 33, 2],
					"cubes": [
						{"origin": [-17, 21, 1], "size": [2, 9, 2], "pivot": [0, 0, 0], "rotation": [0, 0, 22.5], "uv": [0, 0]},
						{"origin": [-19.56757, 14.80133, -7.88232], "size": [2, 9, 2], "pivot": [-2.56757, -6.19867, -8.88232], "rotation": [-17.5, 0, 22.5], "uv": [0, 0]},
						{"origin": [-19.56757, 11.80133, -7.88232], "size": [1, 3, 2], "pivot": [-2.56757, -6.19867, -8.88232], "rotation": [-17.5, 0, 22.5], "uv": [0, 0]},
						{"origin": [-18.56757, 11.80133, -7.88232], "size": [1, 2, 2], "pivot": [-2.56757, -6.19867, -8.88232], "rotation": [-17.5, 0, 22.5], "uv": [0, 0]}
					]
				},
				{
					"name": "leftArm",
					"parent": "root",
					"pivot": [4, 33, 2],
					"cubes": [
						{"origin": [15, 21, 1], "size": [2, 9, 2], "pivot": [0, 0, 0], "rotation": [0, 0, -22.5], "uv": [0, 0]},
						{"origin": [14.28283, 13.73141, -5.17597], "size": [2, 9, 2], "pivot": [-0.71717, 1.73141, -6.17597], "rotation": [-17.5, 0, -22.5], "uv": [0, 0]},
						{"origin": [15.28283, 10.73141, -5.17597], "size": [1, 3, 2], "pivot": [-0.71717, 1.73141, -6.17597], "rotation": [-17.5, 0, -22.5], "uv": [0, 0]},
						{"origin": [14.28283, 10.73141, -5.17597], "size": [1, 2, 2], "pivot": [-0.71717, 1.73141, -6.17597], "rotation": [-17.5, 0, -22.5], "uv": [0, 0]}
					]
				},
				{
					"name": "rightLeg",
					"parent": "root",
					"pivot": [-5, 13, 2],
					"cubes": [
						{"origin": [-4.16987, 0, -5.16987], "size": [1, 1, 2], "pivot": [-0.16987, 0, 0.83013], "rotation": [0, 30, 0], "uv": [0, 0]},
						{"origin": [-5.0359, 0, -3.66987], "size": [1, 1, 3], "uv": [0, 0]},
						{"origin": [-7.0359, 0, -1.66987], "size": [1, 1, 2], "pivot": [-3.0359, 0, 5.33013], "rotation": [0, -30, 0], "uv": [0, 0]},
						{"origin": [-6, 0.20665, -0.39124], "size": [3, 1, 4], "pivot": [0, -0.79335, -0.39124], "rotation": [37.5, 0, 0], "uv": [0, 0]},
						{"origin": [-5, 4.00307, 0.2796], "size": [2, 5, 2], "pivot": [0, 1.00307, -2.7204], "rotation": [-19, 0, 0], "uv": [0, 0]},
						{"origin": [-5, -0.22326, 1.81048], "size": [2, 1, 2], "pivot": [0, -0.22326, -0.18952], "rotation": [37.5, 0, 0], "uv": [0, 0]},
						{"origin": [-5, 5.8711, 5.01052], "size": [2, 8, 2], "pivot": [0, -2.1289, 2.01052], "rotation": [16, 0, 0], "uv": [0, 0]},
						{"origin": [-5, 8.8711, 4.01052], "size": [1, 5, 1], "pivot": [0, -2.1289, 2.01052], "rotation": [16, 0, 0], "uv": [0, 0]},
						{"origin": [-5, 8.8711, 7.01052], "size": [2, 5, 1], "pivot": [0, -2.1289, 2.01052], "rotation": [16, 0, 0], "uv": [0, 0]}
					]
				},
				{
					"name": "leftLeg",
					"parent": "root",
					"pivot": [5, 13, 2],
					"cubes": [
						{"origin": [3, 4.00307, 0.2796], "size": [2, 5, 2], "pivot": [0, 1.00307, -2.7204], "rotation": [-19, 0, 0], "uv": [0, 0]},
						{"origin": [3, -0.22326, 1.81048], "size": [2, 1, 2], "pivot": [0, -0.22326, -0.18952], "rotation": [37.5, 0, 0], "uv": [0, 0]},
						{"origin": [4.83013, 0, -6.16987], "size": [1, 1, 2], "pivot": [10.83013, 0, 0.83013], "rotation": [0, 30, 0], "uv": [0, 0]},
						{"origin": [3, 5.8711, 5.01052], "size": [2, 8, 2], "pivot": [0, -2.1289, 2.01052], "rotation": [16, 0, 0], "uv": [0, 0]},
						{"origin": [3.9641, 0, -3.66987], "size": [1, 1, 3], "uv": [0, 0]},
						{"origin": [4, 8.8711, 4.01052], "size": [1, 5, 1], "pivot": [0, -2.1289, 2.01052], "rotation": [16, 0, 0], "uv": [0, 0]},
						{"origin": [3, 8.8711, 7.01052], "size": [2, 5, 1], "pivot": [0, -2.1289, 2.01052], "rotation": [16, 0, 0], "uv": [0, 0]},
						{"origin": [0.30385, 0, -6.47372], "size": [1, 1, 2], "pivot": [-3.69615, 0, 5.52628], "rotation": [0, -30, 0], "uv": [0, 0]},
						{"origin": [3, 0.20665, -0.39124], "size": [3, 1, 4], "pivot": [0, -0.79335, -0.39124], "rotation": [37.5, 0, 0], "uv": [0, 0]}
					]
				}
			]
		}
	]
}