{
	"format_version": "1.8.0",
	"animations": {
		"animation.big.walk": {
			"loop": true,
			"animation_length": 1.5,
			"bones": {
				"Head": {
					"rotation": {
						"0.0": [2.5, 0, 0],
						"0.5": [5, 0, 0],
						"1.0": [2.5, 0, 0]
					},
					"position": {
						"0.0": [0, 0, 0],
						"0.5": [0, 0, -2],
						"1.0": [0, 0, 0]
					}
				},
				"Body": {
					"rotation": {
						"0.0": [0, 0, 0],
						"0.5": [5, 0, 0],
						"1.0": [0, 0, 0],
						"1.5": [0, 0, 0]
					},
					"position": {
						"0.0": [0, 0, 0],
						"0.5": [0, 0, -1],
						"1.0": [0, 0, 0],
						"1.5": [0, 0, 0]
					}
				},
				"Tangan": {
					"rotation": {
						"0.0": [0, 0, 5],
						"0.5": [25, 0, 5],
						"1.25": [-24.91643, -2.11089, 0.46641],
						"1.5": [0, 0, 5]
					}
				},
				"Tangan2": {
					"rotation": {
						"0.0": [0, 0, -5],
						"0.5": [-35.41894, 2.23718, 3.84056],
						"1.25": [24.50145, -1.26596, -5.52757],
						"1.5": [-0.49855, -1.26596, -5.52757]
					}
				},
				"RightLeg": {
					"rotation": {
						"0.0": [0, 0, 0],
						"0.5": [-25, 0, 0],
						"1.25": [30, 0, 0],
						"1.5": [0, 0, 0]
					}
				},
				"LeftLeg": {
					"rotation": {
						"0.0": [0, 0, 0],
						"0.5": [20, 0, 0],
						"1.25": [-32.5, 0, 0],
						"1.5": [0, 0, 0]
					}
				},
				"bone": {
					"rotation": {
						"0.0": [0, 0, 0],
						"0.75": [0, 0, 0],
						"1.25": [0, 0, -27.5],
						"1.5": [0, 0, -2.5]
					}
				},
				"bone2": {
					"rotation": {
						"0.0": [0, 0, 0],
						"0.5": [0, 0, 17.5],
						"0.75": [0, 0, -2.5]
					}
				},
				"bone3": {
					"rotation": {
						"0.0": [0, 0, 0],
						"0.75": [0, 0, 0],
						"1.0": [10, 0, 0],
						"1.25": [0, 0, 0]
					}
				},
				"bone4": {
					"rotation": {
						"0.0": [0, 0, 0],
						"0.5": [17.5, 0, 0],
						"0.75": [0, 0, 0],
						"1.0": [0, 0, 0]
					}
				}
			}
		},
		"animation.big.bob": {
			"loop": true,
			"animation_length": 1.5,
			"bones": {
				"Head": {
					"rotation": {
						"0.0": [0, 0, 0],
						"0.75": [2.5, 0, 0],
						"1.5": [0, 0, 0]
					}
				},
				"Body": {
					"position": [0, 0, 0]
				},
				"Tangan": {
					"rotation": {
						"0.0": [0, 0, 0],
						"0.75": [0, 0, 5],
						"1.5": [0, 0, 0]
					}
				},
				"bone": {
					"rotation": {
						"0.0": [0, 0, 0],
						"0.75": [0, 0, -5],
						"1.5": [0, 0, 0]
					}
				},
				"Tangan2": {
					"rotation": {
						"0.0": [0, 0, 0],
						"0.75": [0, 0, -5],
						"1.5": [0, 0, 0]
					}
				},
				"bone2": {
					"rotation": {
						"0.0": [182.5, 180, -180],
						"0.75": [182.4905, 179.78218, -175.00473],
						"1.5": [182.5, 180, -180]
					}
				}
			}
		},
		"animation.big.attack": {
			"animation_length": 0.79167,
			"bones": {
				"Head": {
					"rotation": {
						"0.0": [0, 0, 0],
						"0.0833": [0, 15, 0],
						"0.25": [0, 17.5, 0],
						"0.375": [27.5, -30, 0]
					},
					"position": {
						"0.0": [0, 0, 0],
						"0.0833": [0, 0, 1],
						"0.25": [0, 0, 1],
						"0.375": [0, 0, -4]
					}
				},
				"Body": {
					"rotation": {
						"0.0": [0, 0, 0],
						"0.0417": [0, 17.5, 0],
						"0.2083": [0, 20, 0],
						"0.3333": [7.5, -12.5, 0]
					},
					"position": [0, 0, -1]
				},
				"Tangan": {
					"rotation": {
						"0.0": [0, 0, 0],
						"0.0417": [-270, 32.5, -180],
						"0.2083": [-270, 30, -180],
						"0.3333": [-435, -5, -360],
						"0.4583": [-429.45516, -14.51602, -363.09068],
						"0.7917": [-428.19545, -23.8445, -366.91096]
					},
					"position": {
						"0.0": [0, 0, 0],
						"0.0417": [-3, 0, 0],
						"0.2083": [-3, 0, 0],
						"0.3333": [0, 0, 0]
					}
				},
				"bone": {
					"rotation": {
						"0.0": [0, 0, 0],
						"0.0833": [0, 0, -90],
						"0.25": [0, 0, -92.5],
						"0.375": [0, 0, -25],
						"0.7917": [0, 0, -40]
					}
				},
				"Tangan2": {
					"rotation": {
						"0.0": [0, 0, 0],
						"0.0833": [20, 0, 0],
						"0.25": [22.5, 0, 0],
						"0.375": [0, 0, 0]
					}
				},
				"bone2": {
					"rotation": {
						"0.0": [0, 0, 0],
						"0.0833": [35, 0, 0],
						"0.25": [35, 0, 0],
						"0.375": [0, 0, 0]
					}
				}
			}
		}
	}
}