{
	"format_version": "1.8.0",
	"animations": {
		"animation.hi.bob": {
			"loop": true,
			"animation_length": 4.2917,
			"bones": {
				"Head6": {
					"rotation": {
						"1.4167": [0, 0, 0],
						"1.5417": [-12.79362, 12.19908, -2.74715],
						"1.5833": [-12.79362, 12.19908, -2.74715],
						"1.6667": [-2.81332, -19.74916, 2.68109],
						"1.7083": [-2.81332, -19.74916, 2.68109],
						"1.7917": [7.00935, 27.69671, 0.33877],
						"1.8333": [7.00935, 27.69671, 0.33877],
						"1.9167": [0, 0, 0],
						"2.9167": [0, 0, 0],
						"3.0": [10.42638, -14.63639, -3.31914],
						"3.0417": [10.42638, -14.63639, -3.31914],
						"3.125": [10.42638, -14.63639, -3.31914],
						"3.2083": [0, 0, 0]
					},
					"position": {
						"0.4167": [0, 0, 0],
						"0.75": [0, 0, 0],
						"1.9167": [0, 0, 0],
						"2.1667": [0, 0, 0],
						"2.5": [0, 0, 0],
						"2.9167": [0, 0, 0],
						"3.2083": [0, 0, 0],
						"3.625": [0, 0, 0],
						"3.6667": [0, 0, 1],
						"4.0833": [0, 0, 1],
						"4.2917": [0, 0, 0]
					}
				},
				"Bibir": {
					"position": {
						"0.0": [0, 0, 0],
						"0.0833": [0, 1, 0],
						"0.1667": [0, 0, 0],
						"0.25": [0, 1, 0],
						"0.3333": [0, 0, 0]
					}
				},
				"Bibir2": {
					"position": {
						"0.0": [0, 0, 0],
						"0.0833": [0, -1, 0],
						"0.1667": [0, 0, 0],
						"0.25": [0, -1, 0],
						"0.3333": [0, 0, 0],
						"0.4167": [0, 0, 0],
						"0.5": [0, -1, 0],
						"0.5833": [0, 0, 0],
						"0.6667": [0, -1, 0],
						"0.75": [0, 0, 0],
						"0.8333": [0, 0, 0],
						"0.9167": [0, -1, 0],
						"1.0": [0, 0, 0],
						"1.0833": [0, -1, 0],
						"1.1667": [0, 0, 0],
						"1.25": [0, 0, 0],
						"1.3333": [0, -1, 0],
						"1.4167": [0, 0, 0],
						"1.5": [0, -1, 0],
						"1.5833": [0, 0, 0],
						"1.6667": [0, 0, 0],
						"1.75": [0, -1, 0],
						"1.8333": [0, 0, 0],
						"1.9167": [0, -1, 0],
						"2.0": [0, 0, 0],
						"2.0833": [0, 0, 0],
						"2.1667": [0, -1, 0],
						"2.25": [0, 0, 0],
						"2.3333": [0, -1, 0],
						"2.4167": [0, 0, 0],
						"2.5": [0, 0, 0],
						"2.5833": [0, -1, 0],
						"2.6667": [0, 0, 0],
						"2.75": [0, -1, 0],
						"2.8333": [0, 0, 0],
						"2.9167": [0, 0, 0],
						"3.0": [0, -1, 0],
						"3.0833": [0, 0, 0],
						"3.1667": [0, -1, 0],
						"3.25": [0, 0, 0],
						"3.3333": [0, 0, 0],
						"3.4167": [0, -1, 0],
						"3.5": [0, 0, 0],
						"3.5833": [0, -1, 0],
						"3.6667": [0, 0, 0],
						"3.75": [0, 0, 0],
						"3.8333": [0, -1, 0],
						"3.9167": [0, 0, 0],
						"4.0": [0, -1, 0],
						"4.0833": [0, 0, 0]
					}
				},
				"Leher4": {
					"rotation": {
						"0.0": [0, 0, 0],
						"1.0": [0, 0, -25],
						"2.0": [0, 0, 15],
						"4.25": [0, 0, 0]
					}
				},
				"Leher3": {
					"rotation": {
						"0.0": [0, 0, 0],
						"2.0": [20, 0, 0],
						"3.0": [19.14314, 5.90316, -16.50371],
						"4.25": [0, 0, 0]
					}
				},
				"Leher": {
					"rotation": {
						"0.0": [0, 0, 0],
						"1.0": [0, -12.5, 0],
						"3.0": [-2.20462, -12.3071, 10.23772],
						"4.25": [0, 0, 0]
					}
				},
				"Leher2": {
					"rotation": {
						"0.0": [0, 0, 0],
						"1.0": [17.5, 0, 0],
						"3.0": [-27.5, 0, 0],
						"4.25": [0, 0, 0]
					}
				},
				"Bibir10": {
					"position": {
						"0.2083": [0, 0, 0],
						"0.2917": [0, -1, 0],
						"0.375": [0, 0, 0],
						"0.4583": [0, -1, 0],
						"0.5417": [0, 0, 0],
						"0.625": [0, 0, 0],
						"0.7083": [0, -1, 0],
						"0.7917": [0, 0, 0],
						"0.875": [0, -1, 0],
						"0.9583": [0, 0, 0],
						"1.0417": [0, 0, 0],
						"1.125": [0, -1, 0],
						"1.2083": [0, 0, 0],
						"1.2917": [0, -1, 0],
						"1.375": [0, 0, 0],
						"1.4583": [0, 0, 0],
						"1.5417": [0, -1, 0],
						"1.625": [0, 0, 0],
						"1.7083": [0, -1, 0],
						"1.7917": [0, 0, 0],
						"1.875": [0, 0, 0],
						"1.9583": [0, -1, 0],
						"2.0417": [0, 0, 0],
						"2.125": [0, -1, 0],
						"2.2083": [0, 0, 0],
						"2.2917": [0, 0, 0],
						"2.375": [0, -1, 0],
						"2.4583": [0, 0, 0],
						"2.5417": [0, -1, 0],
						"2.625": [0, 0, 0],
						"2.7083": [0, 0, 0],
						"2.7917": [0, -1, 0],
						"2.875": [0, 0, 0],
						"2.9583": [0, -1, 0],
						"3.0417": [0, 0, 0],
						"3.125": [0, 0, 0],
						"3.2083": [0, -1, 0],
						"3.2917": [0, 0, 0],
						"3.375": [0, -1, 0],
						"3.4583": [0, 0, 0],
						"3.5417": [0, 0, 0],
						"3.625": [0, -1, 0],
						"3.7083": [0, 0, 0],
						"3.7917": [0, -1, 0],
						"3.875": [0, 0, 0],
						"3.9583": [0, 0, 0],
						"4.0417": [0, -1, 0],
						"4.125": [0, 0, 0],
						"4.2083": [0, -1, 0],
						"4.2917": [0, 0, 0]
					}
				},
				"Bibir4": {
					"position": {
						"0.0": [0, 0, 0],
						"0.0833": [0, -1, 0],
						"0.1667": [0, 0, 0],
						"0.25": [0, -1, 0],
						"0.3333": [0, 0, 0],
						"0.4167": [0, 0, 0],
						"0.5": [0, -1, 0],
						"0.5833": [0, 0, 0],
						"0.6667": [0, -1, 0],
						"0.75": [0, 0, 0],
						"0.8333": [0, 0, 0],
						"0.9167": [0, -1, 0],
						"1.0": [0, 0, 0],
						"1.0833": [0, -1, 0],
						"1.1667": [0, 0, 0],
						"1.25": [0, 0, 0],
						"1.3333": [0, -1, 0],
						"1.4167": [0, 0, 0],
						"1.5": [0, -1, 0],
						"1.5833": [0, 0, 0],
						"1.6667": [0, 0, 0],
						"1.75": [0, -1, 0],
						"1.8333": [0, 0, 0],
						"1.9167": [0, -1, 0],
						"2.0": [0, 0, 0],
						"2.0833": [0, 0, 0],
						"2.1667": [0, -1, 0],
						"2.25": [0, 0, 0],
						"2.3333": [0, -1, 0],
						"2.4167": [0, 0, 0],
						"2.5": [0, 0, 0],
						"2.5833": [0, -1, 0],
						"2.6667": [0, 0, 0],
						"2.75": [0, -1, 0],
						"2.8333": [0, 0, 0],
						"2.9167": [0, 0, 0],
						"3.0": [0, -1, 0],
						"3.0833": [0, 0, 0],
						"3.1667": [0, -1, 0],
						"3.25": [0, 0, 0],
						"3.3333": [0, 0, 0],
						"3.4167": [0, -1, 0],
						"3.5": [0, 0, 0],
						"3.5833": [0, -1, 0],
						"3.6667": [0, 0, 0],
						"3.75": [0, 0, 0],
						"3.8333": [0, -1, 0],
						"3.9167": [0, 0, 0],
						"4.0": [0, -1, 0],
						"4.0833": [0, 0, 0]
					}
				},
				"Bibir6": {
					"position": {
						"0.2083": [0, 0, 0],
						"0.2917": [0, -1, 0],
						"0.375": [0, 0, 0],
						"0.4583": [0, -1, 0],
						"0.5417": [0, 0, 0],
						"0.625": [0, 0, 0],
						"0.7083": [0, -1, 0],
						"0.7917": [0, 0, 0],
						"0.875": [0, -1, 0],
						"0.9583": [0, 0, 0],
						"1.0417": [0, 0, 0],
						"1.125": [0, -1, 0],
						"1.2083": [0, 0, 0],
						"1.2917": [0, -1, 0],
						"1.375": [0, 0, 0],
						"1.4583": [0, 0, 0],
						"1.5417": [0, -1, 0],
						"1.625": [0, 0, 0],
						"1.7083": [0, -1, 0],
						"1.7917": [0, 0, 0],
						"1.875": [0, 0, 0],
						"1.9583": [0, -1, 0],
						"2.0417": [0, 0, 0],
						"2.125": [0, -1, 0],
						"2.2083": [0, 0, 0],
						"2.2917": [0, 0, 0],
						"2.375": [0, -1, 0],
						"2.4583": [0, 0, 0],
						"2.5417": [0, -1, 0],
						"2.625": [0, 0, 0],
						"2.7083": [0, 0, 0],
						"2.7917": [0, -1, 0],
						"2.875": [0, 0, 0],
						"2.9583": [0, -1, 0],
						"3.0417": [0, 0, 0],
						"3.125": [0, 0, 0],
						"3.2083": [0, -1, 0],
						"3.2917": [0, 0, 0],
						"3.375": [0, -1, 0],
						"3.4583": [0, 0, 0],
						"3.5417": [0, 0, 0],
						"3.625": [0, -1, 0],
						"3.7083": [0, 0, 0],
						"3.7917": [0, -1, 0],
						"3.875": [0, 0, 0],
						"3.9583": [0, 0, 0],
						"4.0417": [0, -1, 0],
						"4.125": [0, 0, 0],
						"4.2083": [0, -1, 0],
						"4.2917": [0, 0, 0]
					}
				},
				"Bibir8": {
					"position": {
						"0.2083": [0, 0, 0],
						"0.2917": [0, -1, 0],
						"0.375": [0, 0, 0],
						"0.4583": [0, -1, 0],
						"0.5417": [0, 0, 0],
						"0.625": [0, 0, 0],
						"0.7083": [0, -1, 0],
						"0.7917": [0, 0, 0],
						"0.875": [0, -1, 0],
						"0.9583": [0, 0, 0],
						"1.0417": [0, 0, 0],
						"1.125": [0, -1, 0],
						"1.2083": [0, 0, 0],
						"1.2917": [0, -1, 0],
						"1.375": [0, 0, 0],
						"1.4583": [0, 0, 0],
						"1.5417": [0, -1, 0],
						"1.625": [0, 0, 0],
						"1.7083": [0, -1, 0],
						"1.7917": [0, 0, 0],
						"1.875": [0, 0, 0],
						"1.9583": [0, -1, 0],
						"2.0417": [0, 0, 0],
						"2.125": [0, -1, 0],
						"2.2083": [0, 0, 0],
						"2.2917": [0, 0, 0],
						"2.375": [0, -1, 0],
						"2.4583": [0, 0, 0],
						"2.5417": [0, -1, 0],
						"2.625": [0, 0, 0],
						"2.7083": [0, 0, 0],
						"2.7917": [0, -1, 0],
						"2.875": [0, 0, 0],
						"2.9583": [0, -1, 0],
						"3.0417": [0, 0, 0],
						"3.125": [0, 0, 0],
						"3.2083": [0, -1, 0],
						"3.2917": [0, 0, 0],
						"3.375": [0, -1, 0],
						"3.4583": [0, 0, 0],
						"3.5417": [0, 0, 0],
						"3.625": [0, -1, 0],
						"3.7083": [0, 0, 0],
						"3.7917": [0, -1, 0],
						"3.875": [0, 0, 0],
						"3.9583": [0, 0, 0],
						"4.0417": [0, -1, 0],
						"4.125": [0, 0, 0],
						"4.2083": [0, -1, 0],
						"4.2917": [0, 0, 0]
					}
				}
			},
			"sound_effects": {
				"0.0": {
					"effect": "y2mate.com.mp3"
				}
			}
		},
		"animation.hi.attack": {
			"animation_length": 0.6667,
			"bones": {
				"Leher4": {
					"rotation": {
						"0.0": [0, 0, 0],
						"0.0833": [0, 0, -2.5],
						"0.1667": [0, 0, -2.5],
						"0.2917": [48.94026, -31.17218, 11.23526],
						"0.4583": [33.94026, -31.17218, 11.23526],
						"0.6667": [0, 0, 0]
					},
					"position": {
						"0.0": [0, 0, 0],
						"0.0833": [-2, 2, 0],
						"0.1667": [-2, 2, 0],
						"0.2917": [0, 0, 0],
						"0.4583": [0, 0, 0],
						"0.6667": [0, 0, 0]
					}
				},
				"Head4": {
					"rotation": [10, -15, 0]
				},
				"Bibir7": {
					"position": {
						"0.0": [0, 0, 0],
						"0.0833": [0, 1, 0]
					}
				},
				"Bibir8": {
					"position": {
						"0.0": [0, 0, 0],
						"0.0833": [0, -1, 0]
					}
				},
				"Leher3": {
					"rotation": {
						"0.0": [0, 0, 0],
						"0.0833": [0, 0, -12.5],
						"0.2083": [0, 0, -12.5],
						"0.3333": [79.52521, 17.22575, -15.63388],
						"0.4583": [79.52521, 17.22575, -15.63388],
						"0.6667": [0, 0, 0]
					},
					"position": {
						"0.0": [0, 0, 0],
						"0.0833": [0, 6, 0],
						"0.2083": [0, 6, 0],
						"0.4583": [0, 6, 0],
						"0.6667": [0, 0, 0]
					}
				},
				"Head5": {
					"rotation": [15.22074, 9.65594, 2.61298],
					"position": [0, 0, 0]
				},
				"Bibir9": {
					"position": {
						"0.0": [0, 0, 0],
						"0.0833": [0, 1, 0]
					}
				},
				"Bibir10": {
					"position": {
						"0.0": [0, 0, 0],
						"0.0833": [0, -1, 0]
					}
				},
				"Leher": {
					"rotation": {
						"0.0": [0, 0, 0],
						"0.0833": [0, 25, 0],
						"0.1667": [0, 25, 0],
						"0.3333": [0, -55, 0],
						"0.4583": [0, -35, 0],
						"0.6667": [0, 0, 0]
					},
					"position": {
						"0.0": [0, 0, 0],
						"0.0833": [-3, 0, 0],
						"0.1667": [-3, 0, 0],
						"0.3333": [0, 0, 0],
						"0.4583": [0, 0, 0],
						"0.6667": [0, 0, 0]
					}
				},
				"Head2": {
					"rotation": [0, -25, 0]
				},
				"Bibir3": {
					"position": {
						"0.0": [0, 0, 0],
						"0.0833": [0, 1, 0]
					}
				},
				"Bibir4": {
					"position": {
						"0.0": [0, 0, 0],
						"0.0833": [0, -1, 0]
					}
				},
				"Leher2": {
					"rotation": {
						"0.0": [0, 0, 0],
						"0.0833": [-37.5, 0, 0],
						"0.1667": [-37.5, 0, 0],
						"0.2917": [38.89754, -42.03452, -30.92851],
						"0.375": [38.89754, -42.03452, -30.92851],
						"0.6667": [0, 0, 0]
					}
				},
				"Head3": {
					"rotation": [7.5, 22.5, 0]
				},
				"Bibir5": {
					"position": {
						"0.0": [0, 0, 0],
						"0.0833": [0, 1, 0]
					}
				},
				"Bibir6": {
					"position": {
						"0.0": [0, 0, 0],
						"0.0833": [0, -1, 0]
					}
				},
				"Head6": {
					"position": {
						"0.0": [0, 0, 0],
						"0.125": [0, 0, 5],
						"0.2083": [0, 0, 5],
						"0.2917": [0, 2, -1],
						"0.4583": [0, 2, -1],
						"0.6667": [0, 0, 0]
					}
				},
				"Bibir": {
					"position": {
						"0.0": [0, 0, 0],
						"0.0833": [0, 1, 0]
					}
				},
				"Bibir2": {
					"position": {
						"0.0": [0, 0, 0],
						"0.0833": [0, -1, 0]
					}
				}
			}
		},
		"animation.hi.walk": {
			"loop": true,
			"animation_length": 0.58333,
			"bones": {
				"bone3": {
					"rotation": {
						"0.0": [0, -27.5, 0],
						"0.1667": [-20.46806, 43.85328, -38.3133],
						"0.375": [2.72535, 47.44052, -6.30232],
						"0.5833": [0, -27.5, 0]
					}
				},
				"bone4": {
					"rotation": {
						"0.0": [0, 0, 0],
						"0.1667": [0, 0, 30],
						"0.3333": [0, 0, 27.5],
						"0.5833": [0, 0, 0]
					}
				},
				"bone": {
					"rotation": {
						"0.0": [0, -30, 0],
						"0.25": [0, 40, 0],
						"0.375": [-9.8491, -28.48042, 20.00533],
						"0.5833": [0, -30, 0]
					}
				},
				"bone2": {
					"rotation": {
						"0.0": [0, 0, -15],
						"0.25": [0, 0, 7.5],
						"0.375": [0, 0, -15]
					}
				},
				"Body": {
					"rotation": {
						"0.0": [0, -12.5, 0],
						"0.1667": [0, 12.5, 0],
						"0.4167": [0, 0, 0],
						"0.5": [0, -12.5, 0]
					},
					"position": {
						"0.0": [0, -2, 0],
						"0.0833": [0, -0.6, 0],
						"0.1667": [0, -2, 0],
						"0.3333": [0, -2, 0],
						"0.4167": [0, -0.6, 0],
						"0.5": [0, -2, 0]
					}
				}
			}
		}
	}
}