{
   "format_version": "1.16.0",
   "minecraft:entity": {
      "component_groups": {
         "attack": {
            "minecraft:behavior.delayed_attack": {
               "attack_duration": 2,
               "hit_delay_pct": 100,
               "priority": 1,
               "reach_multiplier": 14,
               "track_target": false
            },
            "minecraft:behavior.hurt_by_target": {
               "entity_types": {
                  "filters": {
                     "operator": "!=",
                     "subject": "other",
                     "test": "is_family",
                     "value": "summon"
                  }
               },
               "priority": 2
            },
            "minecraft:behavior.random_look_around": {
               "priority": 6
            },
            "minecraft:behavior.random_stroll": {
               "priority": 4,
               "speed_multiplier": 1
            },
            "minecraft:variant": {
               "value": 1
            }
         },
         "dead": {
            "minecraft:damage_sensor": {
               "triggers": [
                  {
                     "cause": "all",
                     "deals_damage": false
                  }
               ]
            },
            "minecraft:health": {
               "max": 8000000,
               "min": 1,
               "value": 8000000
            },
            "minecraft:mark_variant": {
               "value": 0
            },
            "minecraft:movement": {
               "value": 0
            },
            "minecraft:spell_effects": {
               "add_effects": [
                  {
                     "amplifier": 10,
                     "display_on_screen_animation": true,
                     "duration": 999999,
                     "effect": "slowness",
                     "visible": false
                  }
               ]
            },
            "minecraft:timer": {
               "looping": false,
               "time": 9.5,
               "time_down_event": {
                  "event": "dead1"
               }
            },
            "minecraft:type_family": {
               "family": [
                  "summon",
                  "inanimate",
                  "57titan"
               ]
            },
            "minecraft:variant": {
               "value": 10
            }
         },
         "dead1": {
            "minecraft:ageable": {
               "duration": 5,
               "grow_up": {
                  "event": "dedead",
                  "target": "self"
               }
            },
            "minecraft:scale_by_age": {
               "end_scale": 0,
               "start_scale": 6.6
            },
            "minecraft:type_family": {
               "family": [
                  "summon",
                  "inanimate",
                  "57titan"
               ]
            },
            "minecraft:variant": {
               "value": 10
            }
         },
         "dedead": {
            "minecraft:health": {
               "max": 0,
               "value": 0
            },
            "minecraft:scale": {
               "value": 0
            },
            "minecraft:variant": {
               "value": 999
            }
         },
         "demove": {
            "minecraft:movement": {
               "value": 0
            }
         },
         "fly": {
            "minecraft:behavior.circle_around_anchor": {
               "angle_change": 15,
               "goal_radius": 1,
               "height_above_target_range": [
                  20,
                  40
               ],
               "height_adjustment_chance": 0.002857,
               "height_offset_range": [
                  -4,
                  5
               ],
               "priority": 3,
               "radius_adjustment_chance": 0.004,
               "radius_change": 1,
               "radius_range": [
                  5,
                  15
               ]
            },
            "minecraft:behavior.swoop_attack": {
               "damage_reach": 0.2,
               "delay_range": [
                  0.1,
                  0.2
               ],
               "priority": 2,
               "speed_multiplier": 8
            },
            "minecraft:is_tamed": {},
            "minecraft:movement": {
               "value": 35
            },
            "minecraft:movement.glide": {
               "speed_when_turning": 1.2,
               "start_speed": 1
            },
            "minecraft:physics": {
               "has_gravity": false
            }
         },
         "move": {
            "minecraft:movement": {
               "value": 0.5
            }
         },
         "not_fly": {
            "minecraft:can_climb": {},
            "minecraft:jump.static": {},
            "minecraft:movement.basic": {},
            "minecraft:navigation.walk": {},
            "minecraft:physics": {}
         },
         "spawn": {
            "minecraft:can_climb": {},
            "minecraft:damage_sensor": {
               "triggers": [
                  {
                     "cause": "void",
                     "deals_damage": false
                  },
                  {
                     "cause": "fall",
                     "deals_damage": false
                  },
                  {
                     "deals_damage": false,
                     "on_damage": {
                        "filters": {
                           "subject": "block",
                           "test": "is_block",
                           "value": "minecraft:cactus"
                        }
                     }
                  },
                  {
                     "on_damage": {
                        "event": "dead",
                        "filters": {
                           "all_of": [
                              {
                                 "test": "has_damage",
                                 "value": "fatal"
                              }
                           ]
                        }
                     }
                  },
                  {
                     "deals_damage": false,
                     "on_damage": {
                        "filters": {
                           "all_of": [
                              {
                                 "operator": "!=",
                                 "subject": "other",
                                 "test": "is_family",
                                 "value": "57titan"
                              }
                           ]
                        }
                     }
                  },
                  {
                     "deals_damage": false,
                     "on_damage": {
                        "filters": {
                           "subject": "other",
                           "test": "is_family",
                           "value": "lightning"
                        }
                     }
                  },
                  {
                     "cause": "fire_tick",
                     "deals_damage": false
                  },
                  {
                     "cause": "block_explosion",
                     "deals_damage": false
                  },
                  {
                     "cause": "fire",
                     "deals_damage": false
                  },
                  {
                     "deals_damage": false,
                     "on_damage": {
                        "filters": {
                           "all_of": [
                              {
                                 "subject": "other",
                                 "test": "is_family",
                                 "value": "wither"
                              }
                           ]
                        }
                     }
                  },
                  {
                     "deals_damage": false,
                     "on_damage": {
                        "filters": {
                           "all_of": [
                              {
                                 "subject": "other",
                                 "test": "is_family",
                                 "value": "skeleton"
                              }
                           ]
                        }
                     }
                  }
               ]
            },
            "minecraft:jump.static": {},
            "minecraft:movement.basic": {},
            "minecraft:variant": {
               "value": 1
            }
         },
         "summon2": {
            "minecraft:behavior.summon_entity": {
               "priority": 0,
               "summon_choices": [
                  {
                     "cast_duration": 2.8,
                     "cooldown_time": 15,
                     "max_activation_range": 99,
                     "min_activation_range": 0,
                     "sequence": [
                        {
                           "base_delay": 0.01,
                           "entity_type": "stmc:bcmtexp",
                           "num_entities_spawned": 1,
                           "shape": "circle",
                           "size": 0.1,
                           "target": "target"
                        },
                        {
                           "base_delay": 0.1,
                           "entity_type": "57:titan_lightning",
                           "num_entities_spawned": 4,
                           "shape": "target",
                           "size": 0.1,
                           "target": "target"
                        }
                     ],
                     "start_sound_event": "cast.spell",
                     "weight": 1
                  }
               ]
            },
            "minecraft:mark_variant": {
               "value": 0
            },
            "minecraft:timer": {
               "looping": false,
               "time": 2.96,
               "time_down_event": {
                  "event": "attack"
               }
            },
            "minecraft:variant": {
               "value": 3
            }
         },
         "summon2_ex": {
            "minecraft:mark_variant": {
               "value": 1
            },
            "minecraft:timer": {
               "looping": false,
               "time": 0.52,
               "time_down_event": {
                  "event": "summon2"
               }
            },
            "minecraft:variant": {
               "value": 3
            }
         },
         "summon2_ex2": {
            "minecraft:timer": {
               "looping": false,
               "time": 1.04,
               "time_down_event": {
                  "event": "summon2"
               }
            },
            "minecraft:variant": {
               "value": 3
            }
         },
         "summon2_time": {
            "minecraft:timer": {
               "looping": false,
               "time": 0.52,
               "time_down_event": {
                  "event": "summon2_ex"
               }
            },
            "minecraft:variant": {
               "value": 3
            }
         },
         "summon3": {
            "minecraft:behavior.summon_entity": {
               "priority": 0,
               "summon_choices": [
                  {
                     "cast_duration": 2.2,
                     "cooldown_time": 15,
                     "max_activation_range": 99,
                     "min_activation_range": 0,
                     "sequence": [
                        {
                           "base_delay": 0,
                           "entity_type": "stmc:bcmtbash",
                           "num_entities_spawned": 1,
                           "shape": "circle",
                           "size": 0.1,
                           "target": "self"
                        },
                        {
                           "base_delay": 0.1,
                           "entity_type": "57:titan_lightning",
                           "num_entities_spawned": 4,
                           "shape": "circle",
                           "size": 10,
                           "target": "self"
                        }
                     ],
                     "start_sound_event": "cast.spell",
                     "weight": 1
                  }
               ]
            },
            "minecraft:mark_variant": {
               "value": 0
            },
            "minecraft:timer": {
               "looping": false,
               "time": 2.3,
               "time_down_event": {
                  "event": "attack"
               }
            },
            "minecraft:variant": {
               "value": 4
            }
         },
         "summon3_ex": {
            "minecraft:mark_variant": {
               "value": 2
            },
            "minecraft:timer": {
               "looping": false,
               "time": 2.35,
               "time_down_event": {
                  "event": "summon3"
               }
            },
            "minecraft:variant": {
               "value": 4
            }
         },
         "summon3_time": {
            "minecraft:timer": {
               "looping": false,
               "time": 2.35,
               "time_down_event": {
                  "event": "summon3_ex"
               }
            },
            "minecraft:variant": {
               "value": 4
            }
         },
         "summon4": {
            "minecraft:behavior.summon_entity": {
               "priority": 0,
               "summon_choices": [
                  {
                     "cast_duration": 4,
                     "cooldown_time": 15,
                     "max_activation_range": 99,
                     "min_activation_range": 0,
                     "sequence": [
                        {
                           "base_delay": 0,
                           "entity_type": "stmc:bcmtexp",
                           "num_entities_spawned": 1,
                           "shape": "circle",
                           "size": 0.1,
                           "target": "self"
                        },
                        {
                           "base_delay": 1.9,
                           "entity_type": "stmc:bcmtbash",
                           "num_entities_spawned": 1,
                           "shape": "circle",
                           "size": 0.1,
                           "target": "self"
                        }
                     ],
                     "start_sound_event": "cast.spell",
                     "weight": 1
                  }
               ]
            },
            "minecraft:mark_variant": {
               "value": 0
            },
            "minecraft:timer": {
               "looping": false,
               "time": 4.4,
               "time_down_event": {
                  "event": "attack"
               }
            },
            "minecraft:variant": {
               "value": 5
            }
         },
         "summon4_ex": {
            "minecraft:mark_variant": {
               "value": 3
            },
            "minecraft:timer": {
               "looping": false,
               "time": 0.5,
               "time_down_event": {
                  "event": "summon4"
               }
            },
            "minecraft:variant": {
               "value": 5
            }
         },
         "summon4_time": {
            "minecraft:timer": {
               "looping": false,
               "time": 1,
               "time_down_event": {
                  "event": "summon4_ex"
               }
            },
            "minecraft:variant": {
               "value": 5
            }
         },
         "summon5": {
            "minecraft:behavior.summon_entity": {
               "priority": 0,
               "summon_choices": [
                  {
                     "cast_duration": 2.6,
                     "cooldown_time": 15,
                     "max_activation_range": 99,
                     "min_activation_range": 0,
                     "sequence": [
                        {
                           "base_delay": 0,
                           "entity_type": "stmc:bcmtslam",
                           "num_entities_spawned": 1,
                           "shape": "circle",
                           "size": 0.1,
                           "target": "self"
                        }
                     ],
                     "start_sound_event": "cast.spell",
                     "weight": 1
                  }
               ]
            },
            "minecraft:mark_variant": {
               "value": 0
            },
            "minecraft:timer": {
               "looping": false,
               "time": 2.6,
               "time_down_event": {
                  "event": "attack"
               }
            },
            "minecraft:variant": {
               "value": 6
            }
         },
         "summon5_ex": {
            "minecraft:mark_variant": {
               "value": 5
            },
            "minecraft:timer": {
               "looping": false,
               "time": 1.85,
               "time_down_event": {
                  "event": "summon5"
               }
            },
            "minecraft:variant": {
               "value": 6
            }
         },
         "summon5_time": {
            "minecraft:timer": {
               "looping": false,
               "time": 1.85,
               "time_down_event": {
                  "event": "summon5_ex"
               }
            },
            "minecraft:variant": {
               "value": 6
            }
         },
         "summon6_time": {
            "minecraft:behavior.look_at_target": {
               "look_distance": 99,
               "look_time": [
                  99,
                  99
               ],
               "priority": 0,
               "probability": 1
            },
            "minecraft:timer": {
               "looping": false,
               "time": 3.1,
               "time_down_event": {
                  "event": "summon6"
               }
            },
            "minecraft:variant": {
               "value": 7
            }
         },
         "summon7": {
            "minecraft:behavior.summon_entity": {
               "priority": 0,
               "summon_choices": [
                  {
                     "cast_duration": 3.2,
                     "cooldown_time": 15,
                     "max_activation_range": 99,
                     "min_activation_range": 0,
                     "sequence": [
                        {
                           "base_delay": 0,
                           "entity_type": "stmc:nokiaman_titan_exp",
                           "num_entities_spawned": 1,
                           "shape": "circle",
                           "size": 0.1,
                           "target": "target"
                        }
                     ],
                     "start_sound_event": "cast.spell",
                     "weight": 1
                  }
               ]
            },
            "minecraft:mark_variant": {
               "value": 0
            },
            "minecraft:timer": {
               "looping": false,
               "time": 2,
               "time_down_event": {
                  "event": "attack"
               }
            },
            "minecraft:variant": {
               "value": 8
            }
         },
         "summon7_ex": {
            "minecraft:mark_variant": {
               "value": 9
            },
            "minecraft:timer": {
               "looping": false,
               "time": 2,
               "time_down_event": {
                  "event": "summon7"
               }
            },
            "minecraft:variant": {
               "value": 8
            }
         },
         "summon7_time": {
            "minecraft:behavior.ranged_attack": {
               "attack_radius": 99,
               "burst_interval": 0.01,
               "burst_shots": 99,
               "charge_charged_trigger": 0,
               "charge_shoot_trigger": 5,
               "priority": 1
            },
            "minecraft:shooter": {
               "def": "57:nowither_titan_tnthead"
            },
            "minecraft:timer": {
               "looping": false,
               "time": 1.4,
               "time_down_event": {
                  "event": "summon7_ex"
               }
            },
            "minecraft:variant": {
               "value": 8
            }
         },
         "summon9": {
            "minecraft:behavior.summon_entity": {
               "priority": 0,
               "summon_choices": [
                  {
                     "cast_duration": 2.6,
                     "cooldown_time": 15,
                     "max_activation_range": 99,
                     "min_activation_range": 0,
                     "sequence": [
                        {
                           "base_delay": 0,
                           "entity_type": "stmc:bcmtwoosh",
                           "num_entities_spawned": 1,
                           "shape": "circle",
                           "size": 0.1,
                           "target": "self"
                        }
                     ],
                     "start_sound_event": "cast.spell",
                     "weight": 1
                  }
               ]
            },
            "minecraft:mark_variant": {
               "value": 0
            },
            "minecraft:timer": {
               "looping": false,
               "time": 1.45,
               "time_down_event": {
                  "event": "attack"
               }
            },
            "minecraft:variant": {
               "value": 9
            }
         },
         "summon9_ex": {
            "minecraft:mark_variant": {
               "value": 91
            },
            "minecraft:timer": {
               "looping": false,
               "time": 0.35,
               "time_down_event": {
                  "event": "summon9"
               }
            },
            "minecraft:variant": {
               "value": 9
            }
         },
         "summon9_time": {
            "minecraft:timer": {
               "looping": false,
               "time": 1.35,
               "time_down_event": {
                  "event": "summon9_ex"
               }
            },
            "minecraft:variant": {
               "value": 9
            }
         },
         "summon_ex": {
            "minecraft:behavior.look_at_target": {
               "look_distance": 99,
               "look_time": [
                  99,
                  99
               ],
               "priority": 0,
               "probability": 1
            },
            "minecraft:timer": {
               "looping": false,
               "time": 2,
               "time_down_event": {
                  "event": "attack"
               }
            },
            "minecraft:variant": {
               "value": 2
            }
         },
         "summon_time": {
            "minecraft:behavior.look_at_target": {
               "look_distance": 99,
               "look_time": [
                  99,
                  99
               ],
               "priority": 0,
               "probability": 1
            },
            "minecraft:timer": {
               "looping": false,
               "time": 1.04,
               "time_down_event": {
                  "event": "summon"
               }
            },
            "minecraft:variant": {
               "value": 2
            }
         },
         "time": {
            "minecraft:is_chested": {},
            "minecraft:target_nearby_sensor": {
               "inside_range": 17,
               "must_see": true,
               "on_inside_range": {
                  "event": "not_fly",
                  "target": "self"
               },
               "on_outside_range": {
                  "event": "fly",
                  "target": "self"
               },
               "outside_range": 45
            },
            "minecraft:timer": {
               "looping": true,
               "time": [
                  1,
                  10
               ],
               "time_down_event": {
                  "event": "skill"
               }
            }
         }
      },
      "components": {
         "minecraft:ageable": {
            "duration": 24.44,
            "grow_up": {
               "event": "spawn",
               "target": "self"
            }
         },
         "minecraft:attack": {
            "damage": {
               "range_max": 99990000,
               "range_min": 99990000
            }
         },
         "minecraft:behavior.nearest_attackable_target": {
            "entity_types": [
               {
                  "filters": {
                     "all_of": [
                        {
                           "operator": "!=",
                           "subject": "other",
                           "test": "is_family",
                           "value": "hardware"
                        },
                        {
                           "operator": "!=",
                           "subject": "other",
                           "test": "is_family",
                           "value": "summon"
                        }
                     ]
                  },
                  "max_dist": 99
               }
            ],
            "must_see": false,
            "priority": 3
         },
         "minecraft:boss": {
            "hud_range": 50,
            "name": "Cameraman Titan",
            "should_darken_sky": false
         },
         "minecraft:breathable": {
            "breathes_water": true,
            "suffocate_time": 0,
            "total_supply": 15
         },
         "minecraft:collision_box": {
            "height": 1.8,
            "width": 0.275
         },
         "minecraft:conditional_bandwidth_optimization": {},
         "minecraft:damage_sensor": {
            "triggers": [
               {
                  "cause": "all",
                  "deals_damage": true
               }
            ]
         },
         "minecraft:fire_immune": true,
         "minecraft:follow_range": {
            "max": 99,
            "value": 99
         },
         "minecraft:health": {
            "max": 55500000000000,
            "min": 1,
            "value": 55500000000000
         },
         "minecraft:knockback_resistance": {
            "value": 100
         },
         "minecraft:movement": {
            "value": 0.28
         },
         "minecraft:navigation.walk": {
            "can_swim": true,
            "can_walk": true,
            "is_amphibious": true
         },
         "minecraft:persistent": {},
         "minecraft:physics": {},
         "minecraft:pushable": {
            "is_pushable": false,
            "is_pushable_by_piston": false
         },
         "minecraft:scale": {
            "value": 5.5
         },
         "minecraft:scale_by_age": {
            "end_scale": 5.5,
            "start_scale": 5.5
         },
         "minecraft:type_family": {
            "family": [
               "hardware"
            ]
         },
         "minecraft:variant": {
            "value": 0
         }
      },
      "description": {
         "animations": {
            "57": "controller.animation.57titan_time",
            "fly": "controller.animation.not_fly",
            "hit": "controller.animation.titan_hit",
            "move": "controller.animation.creeper_titan_move",
            "shield": "controller.animation.wstitan_shield",
            "titan_time": "controller.animation.sktitan_time",
            "what": "controller.animation.titan_death",
            "zombie_titan_summon_lightning3": "controller.animation.wyeszombie_titan_summon_lightning3"
         },
         "identifier": "stmc:upgraded_cameraman_titan",
         "is_experimental": false,
         "is_spawnable": true,
         "is_summonable": true,
         "scripts": {
            "animate": [
               "hit",
               "zombie_titan_summon_lightning3",
               "move",
               "titan_time",
               "what",
               "shield",
               "57",
               "fly"
            ]
         }
      },
      "events": {
         "attack": {
            "add": {
               "component_groups": [
                  "attack",
                  "time",
                  "move",
                  "spawn_zombie"
               ]
            },
            "remove": {
               "component_groups": [
                  "summon",
                  "summon2",
                  "summon2_time",
                  "fire",
                  "fire2",
                  "summon_time",
                  "summon_ex",
                  "summon2_ex2",
                  "summon3",
                  "summon3_time",
                  "summon3_ex",
                  "summon7",
                  "summon7_time",
                  "summon7_ex",
                  "summon4",
                  "summon6",
                  "summon4_time",
                  "summon4_ex",
                  "summon5",
                  "summon5_time",
                  "summon5_ex",
                  "summon6_time",
                  "summon6_ex",
                  "summon6",
                  "summon9_time",
                  "summon9_ex",
                  "summon9"
               ]
            }
         },
         "dead": {
            "add": {
               "component_groups": [
                  "dead"
               ]
            },
            "remove": {
               "component_groups": [
                  "heal_not",
                  "heal",
                  "not_fly",
                  "fly",
                  "spawn",
                  "move",
                  "attack",
                  "time",
                  "summon",
                  "summon2",
                  "summon3",
                  "summon7",
                  "spawn_zombie",
                  "summon4",
                  "summon5",
                  "summon6",
                  "summon6_time",
                  "summon_time",
                  "summon9",
                  "summon9_time",
                  "summon9_time",
                  "shield"
               ]
            },
            "run_command": {
               "command": [
                  "effect @s slowness 999999 255 true"
               ]
            }
         },
         "dead1": {
            "add": {
               "component_groups": [
                  "dead1"
               ]
            }
         },
         "dedead": {
            "add": {
               "component_groups": [
                  "dedead"
               ]
            },
            "remove": {
               "component_groups": [
                  "dead1",
                  "dead"
               ]
            }
         },
         "demove": {
            "add": {
               "component_groups": [
                  "demove"
               ]
            },
            "remove": {
               "component_groups": [
                  "move"
               ]
            }
         },
         "effect": {
            "run_command": {
               "command": [
                  "effect @s instant_health 0 0",
                  "effect @s instant_damage 0 0"
               ]
            }
         },
         "fire": {
            "add": {
               "component_groups": [
                  "fire"
               ]
            },
            "remove": {
               "component_groups": [
                  "summon"
               ]
            }
         },
         "fire2": {
            "add": {
               "component_groups": [
                  "fire2"
               ]
            },
            "remove": {
               "component_groups": [
                  "summon2"
               ]
            }
         },
         "fly": {
            "add": {
               "component_groups": [
                  "fly"
               ]
            },
            "remove": {
               "component_groups": [
                  "not_fly",
                  "attack"
               ]
            },
            "run_command": {
               "command": [
                  "effect @s levitation 1 10 true"
               ]
            }
         },
         "heal": {
            "add": {
               "component_groups": [
                  "heal"
               ]
            },
            "remove": {
               "component_groups": [
                  "heal_not"
               ]
            },
            "run_command": {
               "command": [
                  "effect @s instant_health 1 12"
               ]
            }
         },
         "heal_not": {
            "add": {
               "component_groups": [
                  "heal_not"
               ]
            },
            "remove": {
               "component_groups": [
                  "heal"
               ]
            }
         },
         "move": {
            "add": {
               "component_groups": [
                  "move"
               ]
            },
            "remove": {
               "component_groups": [
                  "demove"
               ]
            }
         },
         "not_fly": {
            "add": {
               "component_groups": [
                  "not_fly",
                  "move",
                  "attack"
               ]
            },
            "remove": {
               "component_groups": [
                  "fly"
               ]
            }
         },
         "on:hurt": {
            "run_command": {
               "command": []
            }
         },
         "shield": {
            "add": {
               "component_groups": [
                  "shield"
               ]
            }
         },
         "skill": {
            "sequence": [
               {
                  "randomize": [
                     {
                        "add": {
                           "component_groups": [
                              "summon_time",
                              "demove"
                           ]
                        },
                        "filters": {
                           "all_of": [
                              {
                                 "operator": "!=",
                                 "subject": "target",
                                 "test": "is_family",
                                 "value": "titan"
                              },
                              {
                                 "operator": "!=",
                                 "subject": "self",
                                 "test": "has_component",
                                 "value": "minecraft:is_tamed"
                              }
                           ]
                        },
                        "remove": {
                           "component_groups": [
                              "attack",
                              "time",
                              "move"
                           ]
                        },
                        "weight": 0
                     },
                     {
                        "add": {
                           "component_groups": [
                              "summon6_time",
                              "demove"
                           ]
                        },
                        "filters": {
                           "all_of": [
                              {
                                 "operator": "!=",
                                 "subject": "target",
                                 "test": "is_family",
                                 "value": "titan"
                              },
                              {
                                 "operator": "!=",
                                 "subject": "self",
                                 "test": "has_component",
                                 "value": "minecraft:is_tamed"
                              }
                           ]
                        },
                        "remove": {
                           "component_groups": [
                              "attack",
                              "time",
                              "move"
                           ]
                        },
                        "weight": 0
                     },
                     {
                        "add": {
                           "component_groups": [
                              "summon2_time",
                              "demove"
                           ]
                        },
                        "filters": {
                           "all_of": [
                              {
                                 "operator": "!=",
                                 "subject": "target",
                                 "test": "is_family",
                                 "value": "titan"
                              },
                              {
                                 "operator": "!=",
                                 "subject": "self",
                                 "test": "has_component",
                                 "value": "minecraft:is_tamed"
                              }
                           ]
                        },
                        "remove": {
                           "component_groups": [
                              "attack",
                              "time",
                              "move"
                           ]
                        },
                        "weight": 2
                     },
                     {
                        "add": {
                           "component_groups": [
                              "summon5_time",
                              "demove"
                           ]
                        },
                        "filters": {
                           "all_of": [
                              {
                                 "operator": "!=",
                                 "subject": "target",
                                 "test": "is_family",
                                 "value": "titan"
                              },
                              {
                                 "operator": "!=",
                                 "subject": "self",
                                 "test": "has_component",
                                 "value": "minecraft:is_tamed"
                              }
                           ]
                        },
                        "remove": {
                           "component_groups": [
                              "attack",
                              "time",
                              "move"
                           ]
                        },
                        "weight": 2
                     },
                     {
                        "add": {
                           "component_groups": [
                              "summon4_time",
                              "demove"
                           ]
                        },
                        "filters": {
                           "all_of": [
                              {
                                 "operator": "!=",
                                 "subject": "target",
                                 "test": "is_family",
                                 "value": "titan"
                              },
                              {
                                 "operator": "!=",
                                 "subject": "self",
                                 "test": "has_component",
                                 "value": "minecraft:is_tamed"
                              }
                           ]
                        },
                        "remove": {
                           "component_groups": [
                              "attack",
                              "time",
                              "move"
                           ]
                        },
                        "weight": 2
                     },
                     {
                        "add": {
                           "component_groups": [
                              "summon9_time",
                              "demove"
                           ]
                        },
                        "filters": {
                           "all_of": [
                              {
                                 "operator": "!=",
                                 "subject": "target",
                                 "test": "is_family",
                                 "value": "titan"
                              },
                              {
                                 "operator": "!=",
                                 "subject": "self",
                                 "test": "has_component",
                                 "value": "minecraft:is_tamed"
                              }
                           ]
                        },
                        "remove": {
                           "component_groups": [
                              "attack",
                              "time",
                              "move"
                           ]
                        },
                        "weight": 2
                     },
                     {
                        "add": {
                           "component_groups": [
                              "summon7_time",
                              "demove"
                           ]
                        },
                        "filters": {
                           "all_of": [
                              {
                                 "operator": "!=",
                                 "subject": "target",
                                 "test": "is_family",
                                 "value": "titan"
                              },
                              {
                                 "operator": "!=",
                                 "subject": "self",
                                 "test": "has_component",
                                 "value": "minecraft:is_tamed"
                              }
                           ]
                        },
                        "remove": {
                           "component_groups": [
                              "attack",
                              "time",
                              "move"
                           ]
                        },
                        "weight": 2
                     },
                     {
                        "add": {
                           "component_groups": [
                              "summon3_time",
                              "demove"
                           ]
                        },
                        "filters": {
                           "all_of": [
                              {
                                 "operator": "!=",
                                 "subject": "target",
                                 "test": "is_family",
                                 "value": "titan"
                              },
                              {
                                 "operator": "!=",
                                 "subject": "self",
                                 "test": "has_component",
                                 "value": "minecraft:is_tamed"
                              }
                           ]
                        },
                        "remove": {
                           "component_groups": [
                              "attack",
                              "time",
                              "move"
                           ]
                        },
                        "weight": 2
                     }
                  ]
               }
            ]
         },
         "spawn": {
            "add": {
               "component_groups": [
                  "spawn",
                  "move",
                  "attack",
                  "boss",
                  "time",
                  "spawn_zombie",
                  "heal_not"
               ]
            }
         },
         "summon": {
            "add": {
               "component_groups": [
                  "summon"
               ]
            },
            "remove": {
               "component_groups": [
                  "summon_time"
               ]
            }
         },
         "summon2": {
            "add": {
               "component_groups": [
                  "summon2"
               ]
            },
            "remove": {
               "component_groups": [
                  "summon2_ex",
                  "summon2_ex2"
               ]
            }
         },
         "summon2_ex": {
            "add": {
               "component_groups": [
                  "summon2_ex"
               ]
            },
            "remove": {
               "component_groups": [
                  "summon2_time"
               ]
            }
         },
         "summon2_ex2": {
            "add": {
               "component_groups": [
                  "summon2_ex2"
               ]
            }
         },
         "summon3": {
            "add": {
               "component_groups": [
                  "summon3"
               ]
            },
            "remove": {
               "component_groups": [
                  "summon3_ex"
               ]
            }
         },
         "summon3_ex": {
            "add": {
               "component_groups": [
                  "summon3_ex"
               ]
            },
            "remove": {
               "component_groups": [
                  "summon3_time"
               ]
            }
         },
         "summon4": {
            "add": {
               "component_groups": [
                  "summon4"
               ]
            },
            "remove": {
               "component_groups": [
                  "summon4_ex"
               ]
            }
         },
         "summon4_ex": {
            "add": {
               "component_groups": [
                  "summon4_ex"
               ]
            },
            "remove": {
               "component_groups": [
                  "summon4_time"
               ]
            }
         },
         "summon5": {
            "add": {
               "component_groups": [
                  "summon5"
               ]
            },
            "remove": {
               "component_groups": [
                  "summon5_ex"
               ]
            }
         },
         "summon5_ex": {
            "add": {
               "component_groups": [
                  "summon5_ex"
               ]
            },
            "remove": {
               "component_groups": [
                  "summon5_time"
               ]
            }
         },
         "summon6": {
            "add": {
               "component_groups": [
                  "summon6"
               ]
            },
            "remove": {
               "component_groups": [
                  "summon6_time"
               ]
            }
         },
         "summon7": {
            "add": {
               "component_groups": [
                  "summon7"
               ]
            },
            "remove": {
               "component_groups": [
                  "summon7_ex"
               ]
            }
         },
         "summon7_ex": {
            "add": {
               "component_groups": [
                  "summon7_ex"
               ]
            },
            "remove": {
               "component_groups": [
                  "summon7_time"
               ]
            }
         },
         "summon9": {
            "add": {
               "component_groups": [
                  "summon9"
               ]
            },
            "remove": {
               "component_groups": [
                  "summon9_ex"
               ]
            }
         },
         "summon9_ex": {
            "add": {
               "component_groups": [
                  "summon9_ex"
               ]
            },
            "remove": {
               "component_groups": [
                  "summon9_time"
               ]
            }
         },
         "summon_ex": {
            "add": {
               "component_groups": [
                  "summon_ex"
               ]
            },
            "remove": {
               "component_groups": [
                  "summon"
               ]
            }
         }
      }
   }
}