{
	"format_version": "1.8.0",
	"geometry.blaze_minion": {
		"texturewidth": 64,
		"textureheight": 32,
		"visible_bounds_width": 3,
		"visible_bounds_height": 3,
		"visible_bounds_offset": [0, 1.5, 0],
		"bones": [
			{
				"name": "head",
				"pivot": [0, 24, 0],
				"cubes": [
					{"origin": [-4, 20, -4], "size": [8, 8, 8], "uv": [0, 0]}
				]
			},
			{
				"name": "1",
				"pivot": [0, 0, 0]
			},
			{
				"name": "upperBodyParts0",
				"parent": "1",
				"pivot": [0, 24, 0],
				"cubes": [
					{"origin": [0, 16, 7], "size": [2, 8, 2], "uv": [0, 16]}
				]
			},
			{
				"name": "upperBodyParts1",
				"parent": "1",
				"pivot": [0, 24, 0],
				"cubes": [
					{"origin": [-8, 16, 0], "size": [2, 8, 2], "uv": [0, 16]}
				]
			},
			{
				"name": "upperBodyParts2",
				"parent": "1",
				"pivot": [0, 24, 0],
				"cubes": [
					{"origin": [7, 16, 0], "size": [2, 8, 2], "uv": [0, 16]}
				]
			},
			{
				"name": "upperBodyParts3",
				"parent": "1",
				"pivot": [0, 24, 0],
				"cubes": [
					{"origin": [0, 16, -9], "size": [2, 8, 2], "uv": [0, 16]}
				]
			},
			{
				"name": "upperBodyParts11",
				"parent": "1",
				"pivot": [2, 19, 0],
				"cubes": [
					{"origin": [2, 11, 0], "size": [2, 8, 2], "uv": [0, 16]}
				]
			},
			{
				"name": "2",
				"pivot": [0, 0, 0]
			},
			{
				"name": "upperBodyParts4",
				"parent": "2",
				"pivot": [0, 24, 0],
				"cubes": [
					{"origin": [-4, 7, 4], "size": [2, 8, 2], "uv": [0, 16]}
				]
			},
			{
				"name": "upperBodyParts5",
				"parent": "2",
				"pivot": [0, 24, 0],
				"cubes": [
					{"origin": [3, 7, 4], "size": [2, 8, 2], "uv": [0, 16]}
				]
			},
			{
				"name": "upperBodyParts6",
				"parent": "2",
				"pivot": [0, 24, 0],
				"cubes": [
					{"origin": [4, 7, -5], "size": [2, 8, 2], "uv": [0, 16]}
				]
			},
			{
				"name": "upperBodyParts7",
				"parent": "2",
				"pivot": [0, 24, 0],
				"cubes": [
					{"origin": [-5, 7, -4], "size": [2, 8, 2], "uv": [0, 16]}
				]
			},
			{
				"name": "3",
				"pivot": [0, 0, 0]
			},
			{
				"name": "upperBodyParts8",
				"parent": "3",
				"pivot": [0, 24, 0],
				"cubes": [
					{"origin": [-2, 1, 0], "size": [2, 8, 2], "uv": [0, 16]}
				]
			},
			{
				"name": "upperBodyParts9",
				"parent": "3",
				"pivot": [0, 24, 0],
				"cubes": [
					{"origin": [3, 0, -4], "size": [2, 8, 2], "uv": [0, 16]}
				]
			},
			{
				"name": "upperBodyParts10",
				"parent": "3",
				"pivot": [0, 24, 0],
				"cubes": [
					{"origin": [-3, 0, -5], "size": [2, 8, 2], "uv": [0, 16]}
				]
			}
		]
	}
}