{
	"format_version": "1.12.0",
	"minecraft:geometry": [
		{
			"description": {
				"identifier": "geometry.blaze_titan",
				"texture_width": 64,
				"texture_height": 32,
				"visible_bounds_width": 3,
				"visible_bounds_height": 3,
				"visible_bounds_offset": [0, 1.5, 0]
			},
			"bones": [
				{
					"name": "bone",
					"pivot": [0, 12, -2],
					"cubes": [
						{
							"origin": [-4, 12, -2],
							"size": [8, 4, 4],
							"uv": [40, 0]
						}
					]
				},
				{
					"name": "head",
					"parent": "bone",
					"pivot": [0, 28, 0],
					"cubes": [
						{
							"origin": [-4, 24, -4],
							"size": [8, 8, 8],
							"uv": [0, 0]
						}
					]
				},
				{
					"name": "bone5",
					"parent": "bone",
					"pivot": [0, 24, 0]
				},
				{
					"name": "bone2",
					"parent": "bone5",
					"pivot": [0, 19, 0]
				},
				{
					"name": "bone10",
					"parent": "bone2",
					"pivot": [-6.5, 17, 5.5],
					"cubes": [
						{
							"origin": [-7, 13, 5],
							"size": [2, 8, 2],
							"pivot": [-5, 13, 5],
							"rotation": [0, -32.5, 0],
							"uv": [0, 16]
						}
					]
				},
				{
					"name": "bone9",
					"parent": "bone2",
					"pivot": [3, 19, 6.5],
					"cubes": [
						{
							"origin": [2, 15, 5],
							"size": [2, 8, 2],
							"pivot": [4, 15, 5],
							"rotation": [0, 12.5, 0],
							"uv": [0, 16]
						}
					]
				},
				{
					"name": "bone8",
					"parent": "bone2",
					"pivot": [7, 21, -5.5],
					"cubes": [
						{
							"origin": [6, 17, -5],
							"size": [2, 8, 2],
							"pivot": [8, 17, -5],
							"rotation": [0, -65, 0],
							"uv": [0, 16]
						}
					]
				},
				{
					"name": "bone7",
					"parent": "bone2",
					"pivot": [-4, 20, -7.5],
					"cubes": [
						{
							"origin": [-5, 16, -7],
							"size": [2, 8, 2],
							"pivot": [-3, 16, -7],
							"rotation": [0, -65, 0],
							"uv": [0, 16]
						}
					]
				},
				{
					"name": "bone6",
					"parent": "bone2",
					"pivot": [-9, 22, -1.5],
					"cubes": [
						{
							"origin": [-12, 18, -1],
							"size": [2, 8, 2],
							"pivot": [-10, 18, -1],
							"rotation": [0, 165, 0],
							"uv": [0, 16]
						}
					]
				},
				{
					"name": "bone3",
					"parent": "bone5",
					"pivot": [0, 13, 0],
					"cubes": [
						{
							"origin": [-4, 7, 1],
							"size": [2, 8, 2],
							"pivot": [-2, 7, 1],
							"rotation": [0, -32.5, 0],
							"uv": [0, 16]
						},
						{
							"origin": [2, 9, 2],
							"size": [2, 8, 2],
							"pivot": [4, 9, 2],
							"rotation": [0, 12.5, 0],
							"uv": [0, 16]
						},
						{
							"origin": [2, 11, -5],
							"size": [2, 8, 2],
							"pivot": [4, 11, -5],
							"rotation": [0, -65, 0],
							"uv": [0, 16]
						},
						{
							"origin": [-3, 8, -7],
							"size": [2, 8, 2],
							"pivot": [-1, 8, -7],
							"rotation": [0, -65, 0],
							"uv": [0, 16]
						}
					]
				},
				{
					"name": "bone4",
					"parent": "bone5",
					"pivot": [0, 6, 0],
					"cubes": [
						{
							"origin": [0, 2, 2],
							"size": [2, 8, 2],
							"pivot": [2, 2, 2],
							"rotation": [0, 12.5, 0],
							"uv": [0, 16]
						},
						{
							"origin": [2, 3, -2],
							"size": [2, 8, 2],
							"pivot": [4, 3, -2],
							"rotation": [0, -65, 0],
							"uv": [0, 16]
						},
						{
							"origin": [-3, 1, -2],
							"size": [2, 8, 2],
							"pivot": [-1, 1, -2],
							"rotation": [0, -65, 0],
							"uv": [0, 16]
						}
					]
				}
			]
		},
		{
			"description": {
				"identifier": "geometry.blaze_titan_armor",
				"texture_width": 64,
				"texture_height": 32,
				"visible_bounds_width": 3,
				"visible_bounds_height": 3,
				"visible_bounds_offset": [0, 1.5, 0]
			},
			"bones": [
				{
					"name": "bone",
					"pivot": [0, 12, -2]
				},
				{
					"name": "head",
					"parent": "bone",
					"pivot": [0, 28, 0],
					"cubes": [
						{"origin": [-4, 24, -4], "size": [8, 8, 8], "inflate": 0.1, "uv": [0, 0]}
					]
				},
				{
					"name": "bone5",
					"parent": "bone",
					"pivot": [0, 24, 0]
				},
				{
					"name": "bone2",
					"parent": "bone5",
					"pivot": [0, 19, 0]
				},
				{
					"name": "bone10",
					"parent": "bone2",
					"pivot": [-6.5, 17, 5.5],
					"cubes": [
						{"origin": [-7, 13, 5], "size": [2, 8, 2], "inflate": 0.1, "pivot": [-5, 13, 5], "rotation": [0, -32.5, 0], "uv": [0, 16]}
					]
				},
				{
					"name": "bone9",
					"parent": "bone2",
					"pivot": [3, 19, 6.5],
					"cubes": [
						{"origin": [2, 15, 5], "size": [2, 8, 2], "inflate": 0.1, "pivot": [4, 15, 5], "rotation": [0, 12.5, 0], "uv": [0, 16]}
					]
				},
				{
					"name": "bone8",
					"parent": "bone2",
					"pivot": [7, 21, -5.5],
					"cubes": [
						{"origin": [6, 17, -5], "size": [2, 8, 2], "inflate": 0.1, "pivot": [8, 17, -5], "rotation": [0, -65, 0], "uv": [0, 16]}
					]
				},
				{
					"name": "bone7",
					"parent": "bone2",
					"pivot": [-4, 20, -7.5],
					"cubes": [
						{"origin": [-5, 16, -7], "size": [2, 8, 2], "inflate": 0.1, "pivot": [-3, 16, -7], "rotation": [0, -65, 0], "uv": [0, 16]}
					]
				},
				{
					"name": "bone6",
					"parent": "bone2",
					"pivot": [-9, 22, -1.5],
					"cubes": [
						{"origin": [-12, 18, -1], "size": [2, 8, 2], "inflate": 0.1, "pivot": [-10, 18, -1], "rotation": [0, 165, 0], "uv": [0, 16]}
					]
				},
				{
					"name": "bone3",
					"parent": "bone5",
					"pivot": [0, 13, 0],
					"cubes": [
						{"origin": [-4, 7, 1], "size": [2, 8, 2], "inflate": 0.1, "pivot": [-2, 7, 1], "rotation": [0, -32.5, 0], "uv": [0, 16]},
						{"origin": [2, 9, 2], "size": [2, 8, 2], "inflate": 0.1, "pivot": [4, 9, 2], "rotation": [0, 12.5, 0], "uv": [0, 16]},
						{"origin": [2, 11, -5], "size": [2, 8, 2], "inflate": 0.1, "pivot": [4, 11, -5], "rotation": [0, -65, 0], "uv": [0, 16]},
						{"origin": [-3, 8, -7], "size": [2, 8, 2], "inflate": 0.1, "pivot": [-1, 8, -7], "rotation": [0, -65, 0], "uv": [0, 16]}
					]
				},
				{
					"name": "bone4",
					"parent": "bone5",
					"pivot": [0, 6, 0],
					"cubes": [
						{"origin": [0, 2, 2], "size": [2, 8, 2], "inflate": 0.1, "pivot": [2, 2, 2], "rotation": [0, 12.5, 0], "uv": [0, 16]},
						{"origin": [2, 3, -2], "size": [2, 8, 2], "inflate": 0.1, "pivot": [4, 3, -2], "rotation": [0, -65, 0], "uv": [0, 16]},
						{"origin": [-3, 1, -2], "size": [2, 8, 2], "inflate": 0.1, "pivot": [-1, 1, -2], "rotation": [0, -65, 0], "uv": [0, 16]}
					]
				}
			]
		}
	]
}