{
	"format_version": "1.12.0",
	"minecraft:geometry": [
		{
			"description": {
				"identifier": "geometry.drowned_titan",
				"texture_width": 64,
				"texture_height": 64,
				"visible_bounds_width": 3,
				"visible_bounds_height": 3,
				"visible_bounds_offset": [0, 1.5, 0]
			},
			"bones": [
				{
					"name": "bone",
					"pivot": [0, 12, -2],
					"cubes": [
						{"origin": [-4, 12, -2], "size": [8, 4, 4], "uv": [16, 24]}
					]
				},
				{
					"name": "bone2",
					"parent": "bone",
					"pivot": [0, 16, 0],
					"cubes": [
						{"origin": [-4, 16, -2], "size": [8, 4, 4], "uv": [16, 20]}
					]
				},
				{
					"name": "bone3",
					"parent": "bone2",
					"pivot": [0, 20, 0],
					"cubes": [
						{"origin": [-4, 20, -2], "size": [8, 4, 4], "uv": [16, 16]}
					]
				},
				{
					"name": "head",
					"parent": "bone3",
					"pivot": [0, 24, 0],
					"cubes": [
						{"origin": [-4, 24, -4], "size": [8, 8, 8], "uv": [0, 0]}
					]
				},
				{
					"name": "bone8",
					"parent": "bone3",
					"pivot": [6, 22, 0],
					"rotation": [-90, 0, 0],
					"cubes": [
						{"origin": [4, 18, -2], "size": [4, 6, 4], "uv": [40, 16]}
					]
				},
				{
					"name": "bone9",
					"parent": "bone8",
					"pivot": [6, 18, 0],
					"cubes": [
						{"origin": [4, 12, -2], "size": [4, 6, 4], "uv": [40, 22]}
					]
				},
				{
					"name": "bone10",
					"parent": "bone3",
					"pivot": [-6, 22, 0],
					"rotation": [-90, 0, 0],
					"cubes": [
						{"origin": [-8, 18, -2], "size": [4, 6, 4], "uv": [40, 16]}
					]
				},
				{
					"name": "bone11",
					"parent": "bone10",
					"pivot": [-6, 18, 0],
					"cubes": [
						{"origin": [-8, 12, -2], "size": [4, 6, 4], "uv": [40, 22]}
					]
				},
				{
					"name": "bone13",
					"parent": "bone11",
					"pivot": [-6, 14.10051, 0.27208],
					"rotation": [-45, -45, -90],
					"cubes": [
						{"origin": [-17, 23.10051, -13.72792], "size": [16, 0, 16], "pivot": [0, 22, 10], "rotation": [45, 0, 0], "uv": [-16, 48]}
					]
				},
				{
					"name": "bone4",
					"parent": "bone",
					"pivot": [-2, 12, 0],
					"cubes": [
						{"origin": [-4, 6, -2], "size": [4, 6, 4], "uv": [0, 16]}
					]
				},
				{
					"name": "bone5",
					"parent": "bone4",
					"pivot": [-2, 6, 0],
					"cubes": [
						{"origin": [-4, 0, -2], "size": [4, 6, 4], "uv": [0, 22]}
					]
				},
				{
					"name": "bone6",
					"parent": "bone",
					"pivot": [2, 12, 0],
					"cubes": [
						{"origin": [0, 6, -2], "size": [4, 6, 4], "uv": [0, 16]}
					]
				},
				{
					"name": "bone7",
					"parent": "bone6",
					"pivot": [2, 6, 0],
					"cubes": [
						{"origin": [0, 0, -2], "size": [4, 6, 4], "uv": [0, 22]}
					]
				}
			]
		}
	]
}