{
	"format_version": "1.12.0",
	"minecraft:geometry": [
		{
			"description": {
				"identifier": "geometry.endermantitan",
				"texture_width": 127,
				"texture_height": 128,
				"visible_bounds_width": 3,
				"visible_bounds_height": 6,
				"visible_bounds_offset": [0, 3, 0]
			},
			"bones": [
				{
					"name": "ALL",
					"pivot": [2, 13, 5]
				},
				{
					"name": "body1",
					"parent": "ALL",
					"pivot": [0, 55, 1],
					"rotation": [10, 0, 0],
					"cubes": [
						{
							"origin": [-8, 55, -3],
							"size": [16, 7, 7],
							"uv": {
								"north": {"uv": [7.999, 71.998], "uv_size": [16, 7.999]},
								"east": {"uv": [39.996, 71.997], "uv_size": [6.995, 6.993]},
								"south": {"uv": [24, 71.998], "uv_size": [15.998, 7.999]},
								"west": {"uv": [0, 71.998], "uv_size": [7.998, 6.997]},
								"up": {"uv": [23.997, 71.997], "uv_size": [-14.999, -7.998]},
								"down": {"uv": [23.997, 63.999], "uv_size": [14.995, 7.994]}
							}
						}
					]
				},
				{
					"name": "body2",
					"parent": "body1",
					"pivot": [0, 62, 1],
					"cubes": [
						{
							"origin": [-4, -43, -3],
							"size": [16, 7, 7],
							"pivot": [2, 13, 5],
							"rotation": [0, 0, -180],
							"uv": {
								"north": {"uv": [7.999, 71.998], "uv_size": [16, 7.999]},
								"east": {"uv": [39.999, 71.998], "uv_size": [6.997, 7.998]},
								"south": {"uv": [24, 71.998], "uv_size": [15.998, 7.999]},
								"west": {"uv": [0, 71.999], "uv_size": [7.999, 7.999]},
								"up": {"uv": [23.999, 71.998], "uv_size": [-16, -7.999]},
								"down": {"uv": [23.997, 63.999], "uv_size": [15.997, 7.995]}
							}
						}
					]
				},
				{
					"name": "body3",
					"parent": "body2",
					"pivot": [0, 69, 0],
					"cubes": [
						{
							"origin": [-8, 69, -3],
							"size": [16, 7, 7],
							"uv": {
								"north": {"uv": [7.998, 71.997], "uv_size": [15.999, 7.997]},
								"east": {"uv": [39.999, 71.998], "uv_size": [6.997, 7.998]},
								"south": {"uv": [24, 71.998], "uv_size": [15.998, 7.999]},
								"west": {"uv": [0, 71.999], "uv_size": [7.999, 7.999]},
								"up": {"uv": [23.999, 71.998], "uv_size": [-16, -7.999]},
								"down": {"uv": [23.997, 63.999], "uv_size": [15.997, 7.995]}
							}
						}
					]
				},
				{
					"name": "head",
					"parent": "body3",
					"pivot": [0, 77, 0],
					"cubes": [
						{
							"origin": [-8, 76, -8],
							"size": [16, 17, 17],
							"uv": {
								"north": {"uv": [15.997, 47.999], "uv_size": [16.997, 15.988]},
								"east": {"uv": [0, 47.999], "uv_size": [16.997, 15.99]},
								"south": {"uv": [48, 48], "uv_size": [15.992, 15.993]},
								"west": {"uv": [31.999, 47.999], "uv_size": [15.999, 15.996]},
								"up": {"uv": [29.995, 50.993], "uv_size": [-15.996, -15.995]},
								"down": {"uv": [31.999, 31.999], "uv_size": [15.999, 15.999]}
							}
						}
					]
				},
				{
					"name": "head1",
					"parent": "head",
					"pivot": [0, 77, 0],
					"cubes": [
						{
							"origin": [10, 83, -2],
							"size": [4, 16, 5],
							"uv": {
								"north": {"uv": [71.999, 76], "uv_size": [3.997, 7.999]},
								"east": {"uv": [83.999, 76], "uv_size": [3.996, 7.999]},
								"south": {"uv": [76, 76], "uv_size": [3.996, 7.999]},
								"west": {"uv": [79.998, 76], "uv_size": [3.997, 7.999]},
								"up": {"uv": [79.996, 75.996], "uv_size": [-3.996, -3.997]},
								"down": {"uv": [80.999, 71.999], "uv_size": [3.996, 3.997]}
							}
						},
						{
							"origin": [-13, 83, -2],
							"size": [6, 5, 5],
							"uv": {
								"north": {"uv": [71.999, 76], "uv_size": [3.999, 7.995]},
								"east": {"uv": [79.998, 71.999], "uv_size": [3.995, 3.995]},
								"south": {"uv": [76, 76], "uv_size": [3.996, 7.995]},
								"west": {"uv": [76, 71.999], "uv_size": [3.994, 3.991]},
								"up": {"uv": [83.993, 83.993], "uv_size": [-3.995, -7.993]},
								"down": {"uv": [83.999, 76], "uv_size": [3.994, 7.995]}
							}
						},
						{
							"origin": [7, 83, -2],
							"size": [6, 5, 5],
							"uv": {
								"north": {"uv": [71.999, 76], "uv_size": [3.999, 7.995]},
								"east": {"uv": [79.998, 71.999], "uv_size": [3.995, 3.995]},
								"south": {"uv": [76, 76], "uv_size": [3.996, 7.995]},
								"west": {"uv": [76, 71.999], "uv_size": [3.994, 3.991]},
								"up": {"uv": [83.993, 83.993], "uv_size": [-3.995, -7.993]},
								"down": {"uv": [83.999, 76], "uv_size": [3.994, 7.995]}
							}
						},
						{
							"origin": [-8, 76, -8],
							"size": [16, 17, 17],
							"uv": {
								"north": {"uv": [14.998, 15.998], "uv_size": [17.996, 15.991]},
								"east": {"uv": [0, 16], "uv_size": [16, 15.998]},
								"south": {"uv": [48, 16], "uv_size": [15.996, 15.998]},
								"west": {"uv": [31.999, 16], "uv_size": [15.999, 15.998]},
								"up": {"uv": [31.995, 15.997], "uv_size": [-15.997, -15.997]},
								"down": {"uv": [0, 0], "uv_size": [14, 14]}
							}
						},
						{
							"origin": [-14, 83, -2],
							"size": [4, 16, 5],
							"uv": {
								"north": {"uv": [71.999, 76], "uv_size": [3.997, 7.999]},
								"east": {"uv": [83.999, 76], "uv_size": [3.996, 7.999]},
								"south": {"uv": [76, 76], "uv_size": [3.996, 7.999]},
								"west": {"uv": [79.998, 76], "uv_size": [3.997, 7.999]},
								"up": {"uv": [79.996, 75.996], "uv_size": [-3.996, -3.997]},
								"down": {"uv": [80.999, 71.999], "uv_size": [3.996, 3.997]}
							}
						}
					]
				},
				{
					"name": "leftarm",
					"parent": "body3",
					"pivot": [8, 74, 1],
					"cubes": [
						{
							"origin": [8, 50, -2],
							"size": [5, 25, 5],
							"uv": {
								"north": {"uv": [63.994, 3.999], "uv_size": [3.999, 29.994]},
								"east": {"uv": [76, 3.999], "uv_size": [3.998, 29.998]},
								"south": {"uv": [67.999, 3.999], "uv_size": [3.998, 29.998]},
								"west": {"uv": [71.999, 3.999], "uv_size": [3.999, 29.998]},
								"up": {"uv": [71.997, 3.999], "uv_size": [-3.998, -3.999]},
								"down": {"uv": [71.999, 0], "uv_size": [3.999, 3.999]}
							}
						}
					]
				},
				{
					"name": "leftarm1",
					"parent": "leftarm",
					"pivot": [11, 50, 2],
					"rotation": [-10, 0, 0],
					"cubes": [
						{
							"origin": [8, 25, -2],
							"size": [5, 25, 5],
							"uv": {
								"north": {"uv": [63.998, 37.999], "uv_size": [3.999, 29.998]},
								"east": {"uv": [76, 37.999], "uv_size": [2.997, 29.998]},
								"south": {"uv": [67.999, 37.999], "uv_size": [3.998, 29.998]},
								"west": {"uv": [71.999, 37.999], "uv_size": [3.999, 29.998]},
								"up": {"uv": [71.997, 37.997], "uv_size": [-3.998, -3.998]},
								"down": {"uv": [71.998, 33.998], "uv_size": [2.998, 3.998]}
							}
						}
					]
				},
				{
					"name": "rightarm",
					"parent": "body3",
					"pivot": [-8, 74, 1],
					"rotation": [0, 180, 0],
					"cubes": [
						{
							"origin": [-8, 50, -1],
							"size": [5, 25, 5],
							"uv": {
								"north": {"uv": [67.999, 3.999], "uv_size": [3.998, 29.996]},
								"east": {"uv": [76, 3.998], "uv_size": [2.997, 29.998]},
								"south": {"uv": [63.997, 3.998], "uv_size": [3.995, 29.998]},
								"west": {"uv": [71.999, 3.999], "uv_size": [3.999, 29.998]},
								"up": {"uv": [71.997, 3.999], "uv_size": [-3.998, -3.999]},
								"down": {"uv": [71.999, 0], "uv_size": [3.999, 3.999]}
							}
						}
					]
				},
				{
					"name": "rightarm1",
					"parent": "rightarm",
					"pivot": [-5, 50, 0],
					"rotation": [10, 0, 0],
					"cubes": [
						{
							"origin": [-8, 25, -1],
							"size": [5, 25, 5],
							"uv": {
								"north": {"uv": [63.997, 37.999], "uv_size": [3.998, 29.998]},
								"east": {"uv": [76, 37.999], "uv_size": [2.997, 29.998]},
								"south": {"uv": [67.999, 37.999], "uv_size": [3.998, 29.998]},
								"west": {"uv": [71.999, 37.999], "uv_size": [3.999, 29.998]},
								"up": {"uv": [71.997, 37.997], "uv_size": [-3.998, -3.998]},
								"down": {"uv": [71.998, 33.998], "uv_size": [2.998, 3.998]}
							}
						}
					]
				},
				{
					"name": "leftleg",
					"parent": "ALL",
					"pivot": [5, 55, 0],
					"rotation": [-5, 0, 0],
					"cubes": [
						{
							"origin": [1, 30, -2],
							"size": [6, 25, 5],
							"uv": {
								"north": {"uv": [63.998, 3.999], "uv_size": [3.998, 29.997]},
								"east": {"uv": [76, 4.999], "uv_size": [2.997, 28.993]},
								"south": {"uv": [67.999, 3.999], "uv_size": [3.998, 29.998]},
								"west": {"uv": [71.999, 3.999], "uv_size": [3.999, 29.998]},
								"up": {"uv": [71.995, 3.999], "uv_size": [-2.997, -3.999]},
								"down": {"uv": [71.998, 0], "uv_size": [2.997, 3.998]}
							}
						}
					]
				},
				{
					"name": "leftleg1",
					"parent": "leftleg",
					"pivot": [5, 30, -2],
					"rotation": [10, 0, 0],
					"cubes": [
						{
							"origin": [1, -1, -2],
							"size": [6, 31, 5],
							"uv": {
								"north": {"uv": [65, 37.998], "uv_size": [2.995, 29.998]},
								"east": {"uv": [76, 37.999], "uv_size": [2.998, 30]},
								"south": {"uv": [67.999, 37.998], "uv_size": [3.997, 29.999]},
								"west": {"uv": [72, 37.998], "uv_size": [3.997, 29.999]},
								"up": {"uv": [71.997, 37.997], "uv_size": [-2.998, -3.998]},
								"down": {"uv": [71.999, 33.999], "uv_size": [2.998, 3.998]}
							}
						}
					]
				},
				{
					"name": "rightleg",
					"parent": "ALL",
					"pivot": [-5, 55, 0],
					"rotation": [-5, 0, 0],
					"cubes": [
						{
							"origin": [-7, 30, -2],
							"size": [6, 25, 5],
							"uv": {
								"north": {"uv": [63.998, 3.999], "uv_size": [3.999, 29.998]},
								"east": {"uv": [76, 3.998], "uv_size": [2.997, 29.995]},
								"south": {"uv": [67.999, 3.999], "uv_size": [3.998, 29.998]},
								"west": {"uv": [71.999, 3.999], "uv_size": [3.999, 29.998]},
								"up": {"uv": [71.995, 3.999], "uv_size": [-2.997, -3.999]},
								"down": {"uv": [71.998, 0], "uv_size": [2.997, 3.998]}
							}
						}
					]
				},
				{
					"name": "rightleg1",
					"parent": "rightleg",
					"pivot": [-5, 30, -2],
					"rotation": [10, 0, 0],
					"cubes": [
						{
							"origin": [9, -1, -1],
							"size": [6, 31, 5],
							"pivot": [4, 31, 1],
							"rotation": [0, 180, 0],
							"uv": {
								"north": {"uv": [65, 37.998], "uv_size": [2.995, 29.998]},
								"east": {"uv": [76, 37.999], "uv_size": [2.998, 30]},
								"south": {"uv": [67.999, 37.998], "uv_size": [3.997, 29.999]},
								"west": {"uv": [72, 37.998], "uv_size": [3.997, 29.999]},
								"up": {"uv": [71.997, 37.997], "uv_size": [-2.998, -3.998]},
								"down": {"uv": [71.999, 33.999], "uv_size": [2.998, 3.998]}
							}
						}
					]
				}
			]
		}
	]
}