{
	"format_version": "1.12.0",
	"minecraft:geometry": [
		{
			"description": {
				"identifier": "geometry.enderman_yunshi2",
				"texture_width": 32,
				"texture_height": 32,
				"visible_bounds_width": 2,
				"visible_bounds_height": 1,
				"visible_bounds_offset": [0, 0.5, 0]
			},
			"bones": [
				{
					"name": "bone",
					"pivot": [0, 7, 0],
					"cubes": [
						{
							"origin": [-6, 1, -6],
							"size": [12, 12, 12],
							"uv": {
								"north": {"uv": [0, 0], "uv_size": [32, 32]},
								"east": {"uv": [0, 0], "uv_size": [32, 32]},
								"south": {"uv": [0, 0], "uv_size": [32, 32]},
								"west": {"uv": [0, 0], "uv_size": [32, 32]},
								"up": {"uv": [0, 0], "uv_size": [32, 32]},
								"down": {"uv": [32, 0], "uv_size": [-32, 32]}
							}
						},
						{
							"origin": [-5, 12, -5],
							"size": [10, 2, 10],
							"uv": {
								"north": {"uv": [9, 9], "uv_size": [17, 23]},
								"east": {"uv": [0, 9], "uv_size": [26, 18]},
								"south": {"uv": [8, 9], "uv_size": [24, 9]},
								"west": {"uv": [4, 9], "uv_size": [23, 15]},
								"up": {"uv": [0, 0], "uv_size": [32, 32]},
								"down": {"uv": [32, 0], "uv_size": [-32, 32]}
							}
						},
						{
							"origin": [5, 2, -5],
							"size": [2, 10, 10],
							"uv": {
								"north": {"uv": [0, 9], "uv_size": [10, 16]},
								"east": {"uv": [0, 0], "uv_size": [32, 32]},
								"south": {"uv": [3, 9], "uv_size": [17, 23]},
								"west": {"uv": [0, 0], "uv_size": [32, 32]},
								"up": {"uv": [9, 0], "uv_size": [9, 22]},
								"down": {"uv": [27, 0], "uv_size": [-17, 23]}
							}
						},
						{
							"origin": [-5, 2, 5],
							"size": [10, 10, 2],
							"uv": {
								"north": {"uv": [0, 1], "uv_size": [32, 31]},
								"east": {"uv": [0, 1], "uv_size": [1, 9]},
								"south": {"uv": [0, 1], "uv_size": [32, 31]},
								"west": {"uv": [10, 1], "uv_size": [16, 17]},
								"up": {"uv": [1, 0], "uv_size": [9, 1]},
								"down": {"uv": [19, 0], "uv_size": [-9, 1]}
							}
						},
						{
							"origin": [-7, 2, -5],
							"size": [2, 10, 10],
							"uv": {
								"north": {"uv": [9, 9], "uv_size": [23, 20]},
								"east": {"uv": [0, 0], "uv_size": [32, 32]},
								"south": {"uv": [19, 9], "uv_size": [1, 9]},
								"west": {"uv": [10, 9], "uv_size": [9, 9]},
								"up": {"uv": [9, 0], "uv_size": [17, 26]},
								"down": {"uv": [19, 1], "uv_size": [-19, 14]}
							}
						},
						{
							"origin": [-5, 2, -7],
							"size": [10, 10, 2],
							"uv": {
								"north": {"uv": [0, 1], "uv_size": [32, 31]},
								"east": {"uv": [0, 1], "uv_size": [24, 18]},
								"south": {"uv": [0, 1], "uv_size": [32, 31]},
								"west": {"uv": [10, 1], "uv_size": [20, 17]},
								"up": {"uv": [1, 0], "uv_size": [9, 32]},
								"down": {"uv": [19, 0], "uv_size": [-19, 32]}
							}
						},
						{
							"origin": [-5, 0, -5],
							"size": [10, 2, 10],
							"uv": {
								"north": {"uv": [9, 9], "uv_size": [13, 15]},
								"east": {"uv": [0, 9], "uv_size": [27, 15]},
								"south": {"uv": [8, 0], "uv_size": [24, 10]},
								"west": {"uv": [8, 9], "uv_size": [19, 14]},
								"up": {"uv": [0, 0], "uv_size": [32, 32]},
								"down": {"uv": [32, 0], "uv_size": [-32, 32]}
							}
						}
					]
				}
			]
		}
	]
}