{
	"format_version":"1.10.0",
   "geometry.ender_yunshi":  {
	 "texturewidth":  64,
	 "textureheight":  64,
	 "bones":  [
		 ]
	   },
		   "geometry.enderman_ray":  {
	 "texturewidth":  256,
	 "textureheight":  256,
		 "visible_bounds_width": 3,
			   "visible_bounds_height": 6,
			   "visible_bounds_offset": [0, 3, 0],
	 "bones":  [
						 {
			   "name": "head",
				   "parent": "body3",
				   "pivot": [0, 77, 0]
		   },
				 /*		{
			   "name": "head1",
				   "parent": "head",
				   "pivot": [0, 77, 0]
		   },*/
			   {
				   "name": "rightleg1",
				   "parent": "rightleg",
				   "pivot": [-5, 30, -2]},
			   {
				   "name": "rightleg",
				   "parent": "ALL",
				   "pivot": [-5, 55, 0]},
			   {
				   "name": "leftleg1",
	   "parent": "leftleg"},			{
				   "name": "leftleg",
				   "parent": "ALL",
	   "pivot": [5, 55, 0]},			{
				   "name": "rightarm1",
				   "parent": "rightarm",
				   "pivot": [-5, 50, 0]},				{
				   "name": "rightarm",
				   "parent": "body3",
				   "pivot": [-8, 74, 1]},				{
				   "name": "leftarm1",
				   "parent": "leftarm",
				   "pivot": [11, 50, 2]},				{
				   "name": "leftarm",
				   "parent": "body3",
		   "pivot": [8, 74, 1]},					{
				   "name": "body3",
				   "parent": "body2",
		   "pivot": [0, 69, 0]},				{
				   "name": "body2",
				   "parent": "body1",
		   "pivot": [0, 62, 1]},			{
				   "name": "body1",
		   "parent": "ALL"},			{
				   "name": "ALL",
				   "pivot": [2, 13, 5]
			   },
			   {
				   "name": "ray",
				   "pivot": [0, 77, 0],
				   "cubes": [
					   {
		   "origin": [2.75, 82.75, -209],
		   "size": [2.5, 1.5, 200],
						   "uv": {
							   "north": {"uv": [30, 25], "uv_size": [0.997, 0.997]},
							   "east": {"uv": [30, 25], "uv_size": [0.999, 1]},
							   "south": {"uv": [30, 25], "uv_size": [0.999, 1]},
							   "west": {"uv": [30, 25], "uv_size": [0.999, 1]},
							   "up": {"uv": [30.999, 26], "uv_size": [-0.999, -1]},
							   "down": {"uv": [92.999, 42.999], "uv_size": [1.997, 1.995]}
						   }
					   },
					   {
	   "origin": [-5.75, 82.75, -209],
		   "size": [2.5, 1.5, 200],
						   "uv": {
							   "north": {"uv": [30, 25], "uv_size": [0.997, 0.997]},
							   "east": {"uv": [30, 25], "uv_size": [0.999, 1]},
							   "south": {"uv": [30, 25], "uv_size": [0.999, 1]},
							   "west": {"uv": [30, 25], "uv_size": [0.999, 1]},
							   "up": {"uv": [30.999, 26], "uv_size": [-0.999, -1]},
							   "down": {"uv": [92.999, 42.999], "uv_size": [1.997, 1.995]}
				 }
			   }
			   ]
		   }
		 ]
	   }
	 }