{
	"format_version": "1.12.0",
	"minecraft:geometry": [
		{
			"description": {
"identifier": "geometry.x",
				"texture_width": 16,
				"texture_height": 16,
				"visible_bounds_width": 17,
				"visible_bounds_height": 1,
				"visible_bounds_offset": [0, 0.5, 0]
			},
			"bones": [
				{
					"name": "bone",
					"pivot": [0, 0, 0]
				},
				{
					"name": "jiguang",
					"parent": "bone",
					"pivot": [-1, 77, 0],
					"cubes": [
						{"origin": [4.2, 84.48687, -149.99503], "size": [0, 0, 161], "inflate": 1, "uv": [0, 0]},
						{"origin": [-4.6, 84.48687, -149.99503], "size": [0, 0, 161], "inflate": 1, "uv": [0, 0]}
					]
				}
			]
		}
	]
}