{
	"format_version": "1.12.0",
	"minecraft:geometry": [
		{
			"description": {
				"identifier": "geometry.endertitan.beam",
				"texture_width": 64,
				"texture_height": 64,
				"visible_bounds_width": 35,
				"visible_bounds_height": 7,
				"visible_bounds_offset": [0, 3.5, 0]
			},
			"bones": [
				{
					"name": "ALL",
					"pivot": [0, 0, 0]
				},
				{
					"name": "body1",
					"parent": "ALL",
					"pivot": [0, 30, 0],
					"rotation": [7.5, 0, 0]
				},
				{
					"name": "body2",
					"parent": "body1",
					"pivot": [0, 34, 0]
				},
				{
					"name": "body3",
					"parent": "body2",
					"pivot": [0, 38, 0]
				},
				{
					"name": "head",
					"parent": "body3",
					"pivot": [0, 42, 0]
				},
				{
					"name": "head1",
					"parent": "head",
					"pivot": [0, 41.85, 0],
					"cubes": [
						{"origin": [1.5, 45.60749, -283], "size": [2, 0, 279], "uv": [0, 0]},
						{"origin": [-3.5, 45.60749, -283], "size": [2, 0, 279], "uv": [0, 0]}
					]
				},
				{
					"name": "rightArm",
					"parent": "body3",
					"pivot": [-5, 41, 0]
				},
				{
					"name": "rightArm1",
					"parent": "rightArm",
					"pivot": [-5, 26, 0],
					"rotation": [-17.5, 0, 0]
				},
				{
					"name": "leftArm",
					"parent": "body3",
					"pivot": [5, 41, 0]
				},
				{
					"name": "leftArm1",
					"parent": "leftArm",
					"pivot": [5, 26, 0],
					"rotation": [-17.5, 0, 0]
				},
				{
					"name": "rightLeg",
					"parent": "body1",
					"pivot": [-2, 29, 0],
					"rotation": [-10, 0, 0]
				},
				{
					"name": "rightLeg1",
					"parent": "rightLeg",
					"pivot": [-2, 14, 0],
					"rotation": [7.5, 0, 0]
				},
				{
					"name": "leftLeg",
					"parent": "body1",
					"pivot": [2, 29, 0],
					"rotation": [-10, 0, 0]
				},
				{
					"name": "leftLeg1",
					"parent": "leftLeg",
					"pivot": [2, 14, 0],
					"rotation": [7.5, 0, 0]
				}
			]
		}
	]
}