{
	"format_version": "1.10.0",
	"geometry.dragon.minion": {
		"texturewidth": 256,
		"textureheight": 256,
		"visible_bounds_width": 20,
		"visible_bounds_height": 5.5,
		"visible_bounds_offset": [0, 0.25, 0],
		"bones": [
			{
				"name": "dragon",
				"pivot": [13, -9, 12]
			},
			{
				"name": "head",
				"parent": "dragon",
				"pivot": [0, 10, -64],
				"mirror": true,
				"cubes": [
					{"origin": [-6, 6, -88], "size": [12, 5, 16], "uv": [176, 44]},
					{"origin": [-8, 2, -74], "size": [16, 16, 16], "uv": [112, 30]},
					{"origin": [3, 18, -68], "size": [2, 4, 6], "uv": [0, 0]},
					{"origin": [3, 11, -86], "size": [2, 2, 4], "uv": [112, 0]},
					{"origin": [-5, 18, -68], "size": [2, 4, 6], "uv": [0, 0]},
					{"origin": [-5, 11, -86], "size": [2, 2, 4], "uv": [112, 0], "mirror": false}
				]
			},
			{
				"name": "jaw",
				"parent": "head",
				"pivot": [0, 4, -73],
				"mirror": true,
				"cubes": [
					{"origin": [-6, 2, -88], "size": [12, 4, 16], "uv": [176, 65]}
				]
			},
			{
				"name": "body",
				"parent": "dragon",
				"pivot": [0, 20, 8],
				"mirror": true,
				"cubes": [
					{"origin": [-12, -4, -8], "size": [24, 24, 64], "uv": [0, 0]},
					{"origin": [-1, 20, -2], "size": [2, 6, 12], "uv": [220, 53]},
					{"origin": [-1, 20, 18], "size": [2, 6, 12], "uv": [220, 53]},
					{"origin": [-1, 20, 38], "size": [2, 6, 12], "uv": [220, 53]}
				]
			},
			{
				"name": "wing",
				"parent": "dragon",
				"pivot": [12, 19, 2],
				"mirror": true,
				"cubes": [
					{"origin": [12, 15, -2], "size": [56, 8, 8], "uv": [112, 88]},
					{"origin": [12, 19, 4], "size": [56, 0, 56], "uv": [-56, 88]}
				]
			},
			{
				"name": "wingtip",
				"parent": "dragon",
				"pivot": [68, 19, 0],
				"mirror": true,
				"cubes": [
					{"origin": [68, 17, -2], "size": [56, 4, 4], "uv": [112, 136]},
					{"origin": [68, 19, 2], "size": [56, 0, 56], "uv": [-56, 144]}
				]
			},
			{
				"name": "wing1",
				"parent": "dragon",
				"pivot": [-12, 19, 2],
				"rotation": [175, 180, 0],
				"mirror": true,
				"cubes": [
					{"origin": [-12, 15, -2], "size": [56, 8, 8], "uv": [112, 88]},
					{"origin": [-12, 19, 4], "size": [56, 0, 56], "uv": [-56, 88]}
				]
			},
			{
				"name": "wingtip1",
				"parent": "dragon",
				"pivot": [-68, 19, 0],
				"rotation": [175, 180, 0],
				"mirror": true,
				"cubes": [
					{"origin": [-68, 17, -2], "size": [56, 4, 4], "uv": [112, 136]},
					{"origin": [-68, 19, 2], "size": [56, 0, 56], "uv": [-56, 144]}
				]
			},
			{
				"name": "rearleg",
				"parent": "dragon",
				"pivot": [16, 8, 42],
				"rotation": [45, 0, 0],
				"mirror": true,
				"cubes": [
					{"origin": [8, -20, 34], "size": [16, 32, 16], "uv": [0, 0]}
				]
			},
			{
				"name": "frontleg",
				"parent": "dragon",
				"pivot": [12, 4, 2],
				"rotation": [40, 0, 0],
				"mirror": true,
				"cubes": [
					{"origin": [8, -16, -2], "size": [8, 24, 8], "uv": [112, 104]}
				]
			},
			{
				"name": "frontleg1",
				"parent": "dragon",
				"pivot": [-12, 4, 2],
				"rotation": [35, 0, 0],
				"mirror": true,
				"cubes": [
					{"origin": [-16, -16, -2], "size": [8, 24, 8], "uv": [112, 104]}
				]
			},
			{
				"name": "rearlegtip",
				"parent": "dragon",
				"pivot": [17, 13, 74],
				"rotation": [55, 0, 0],
				"mirror": true,
				"cubes": [
					{"origin": [-22, -12.08784, 40.81249], "size": [12, 32, 12], "uv": [196, 0]}
				]
			},
			{
				"name": "rearlegtip1",
				"parent": "dragon",
				"pivot": [17, 13, 68],
				"rotation": [55, 0, 0],
				"mirror": true,
				"cubes": [
					{"origin": [11, -17, 38], "size": [12, 32, 12], "uv": [196, 0]}
				]
			},
			{
				"name": "frontlegtip",
				"parent": "dragon",
				"pivot": [15, -10, 11],
				"rotation": [60, 0, 0],
				"mirror": true,
				"cubes": [
					{"origin": [-15, -33, 8], "size": [6, 24, 6], "uv": [226, 138]}
				]
			},
			{
				"name": "frontlegtip1",
				"parent": "dragon",
				"pivot": [13, -9, 12],
				"rotation": [60, 0, 0],
				"mirror": true,
				"cubes": [
					{"origin": [9, -32, 9], "size": [6, 24, 6], "uv": [226, 138]}
				]
			},
			{
				"name": "rearfoot",
				"parent": "dragon",
				"pivot": [-16, -47, 54],
				"rotation": [45, 0, 0],
				"mirror": true,
				"cubes": [
					{"origin": [-25, -53, 71], "size": [18, 6, 24], "uv": [112, 0]}
				]
			},
			{
				"name": "rearfoot1",
				"parent": "dragon",
				"pivot": [19, -21, 79],
				"rotation": [45, 0, 0],
				"mirror": true,
				"cubes": [
					{"origin": [9, -27, 59], "size": [18, 6, 24], "uv": [112, 0]}
				]
			},
			{
				"name": "frontfoot",
				"parent": "dragon",
				"pivot": [20, -21, 29],
				"rotation": [55, 0, 0],
				"mirror": true,
				"cubes": [
					{"origin": [-16, -25, 17], "size": [8, 4, 16], "uv": [144, 104]}
				]
			},
			{
				"name": "neck",
				"parent": "dragon",
				"pivot": [0, 8, 2],
				"mirror": true,
				"cubes": [
					{"origin": [-5, 3, -18], "size": [10, 10, 10], "uv": [192, 104]},
					{"origin": [-1, 13, -16], "size": [2, 4, 6], "uv": [48, 0]}
				]
			},
			{
				"name": "neck2",
				"parent": "dragon",
				"pivot": [0, 8, -8],
				"mirror": true,
				"cubes": [
					{"origin": [-5, 3, -28], "size": [10, 10, 10], "uv": [192, 104]},
					{"origin": [-1, 13, -26], "size": [2, 4, 6], "uv": [48, 0]}
				]
			},
			{
				"name": "neck3",
				"parent": "dragon",
				"pivot": [0, 8, -18],
				"mirror": true,
				"cubes": [
					{"origin": [-5, 3, -38], "size": [10, 10, 10], "uv": [192, 104]},
					{"origin": [-1, 13, -36], "size": [2, 4, 6], "uv": [48, 0]}
				]
			},
			{
				"name": "neck4",
				"parent": "dragon",
				"pivot": [0, 8, -28],
				"mirror": true,
				"cubes": [
					{"origin": [-5, 3, -48], "size": [10, 10, 10], "uv": [192, 104]},
					{"origin": [-1, 13, -46], "size": [2, 4, 6], "uv": [48, 0]}
				]
			},
			{
				"name": "neck5",
				"parent": "dragon",
				"pivot": [0, 8, -38],
				"mirror": true,
				"cubes": [
					{"origin": [-5, 3, -58], "size": [10, 10, 10], "uv": [192, 104]},
					{"origin": [-1, 13, -56], "size": [2, 4, 6], "uv": [48, 0]}
				]
			},
			{
				"name": "tail",
				"parent": "dragon",
				"pivot": [0, 8, 76],
				"mirror": true,
				"cubes": [
					{"origin": [-5, 3, 56], "size": [10, 10, 10], "uv": [192, 104]},
					{"origin": [-1, 13, 58], "size": [2, 4, 6], "uv": [48, 0]}
				]
			},
			{
				"name": "tail2",
				"parent": "dragon",
				"pivot": [0, 8, 86],
				"mirror": true,
				"cubes": [
					{"origin": [-5, 3, 66], "size": [10, 10, 10], "uv": [192, 104]},
					{"origin": [-1, 13, 68], "size": [2, 4, 6], "uv": [48, 0]}
				]
			},
			{
				"name": "tail3",
				"parent": "dragon",
				"pivot": [0, 8, 96],
				"mirror": true,
				"cubes": [
					{"origin": [-5, 3, 76], "size": [10, 10, 10], "uv": [192, 104]},
					{"origin": [-1, 13, 78], "size": [2, 4, 6], "uv": [48, 0]}
				]
			},
			{
				"name": "tail4",
				"parent": "dragon",
				"pivot": [0, 8, 106],
				"mirror": true,
				"cubes": [
					{"origin": [-5, 3, 86], "size": [10, 10, 10], "uv": [192, 104]},
					{"origin": [-1, 13, 88], "size": [2, 4, 6], "uv": [48, 0]}
				]
			},
			{
				"name": "tail5",
				"parent": "dragon",
				"pivot": [0, 8, 116],
				"mirror": true,
				"cubes": [
					{"origin": [-5, 3, 96], "size": [10, 10, 10], "uv": [192, 104]},
					{"origin": [-1, 13, 98], "size": [2, 4, 6], "uv": [48, 0]}
				]
			},
			{
				"name": "tail6",
				"parent": "dragon",
				"pivot": [0, 8, 126],
				"mirror": true,
				"cubes": [
					{"origin": [-5, 3, 106], "size": [10, 10, 10], "uv": [192, 104]},
					{"origin": [-1, 13, 108], "size": [2, 4, 6], "uv": [48, 0]}
				]
			},
			{
				"name": "tail7",
				"parent": "dragon",
				"pivot": [0, 8, 136],
				"mirror": true,
				"cubes": [
					{"origin": [-5, 3, 116], "size": [10, 10, 10], "uv": [192, 104]},
					{"origin": [-1, 13, 118], "size": [2, 4, 6], "uv": [48, 0]}
				]
			},
			{
				"name": "tail8",
				"parent": "dragon",
				"pivot": [0, 8, 146],
				"mirror": true,
				"cubes": [
					{"origin": [-5, 3, 126], "size": [10, 10, 10], "uv": [192, 104]},
					{"origin": [-1, 13, 128], "size": [2, 4, 6], "uv": [48, 0]}
				]
			},
			{
				"name": "tail9",
				"parent": "dragon",
				"pivot": [0, 8, 156],
				"mirror": true,
				"cubes": [
					{"origin": [-5, 3, 136], "size": [10, 10, 10], "uv": [192, 104]},
					{"origin": [-1, 13, 138], "size": [2, 4, 6], "uv": [48, 0]}
				]
			},
			{
				"name": "frontfoot1",
				"parent": "dragon",
				"pivot": [19, -24, 0],
				"rotation": [55, 0, 0],
				"mirror": true,
				"cubes": [
					{"origin": [8, -50.28026, 8.4839], "size": [8, 4, 16], "uv": [144, 104]}
				]
			},
			{
				"name": "rearleg1",
				"parent": "dragon",
				"pivot": [-16, 8, 42],
				"rotation": [45, 0, 0],
				"mirror": true,
				"cubes": [
					{"origin": [-24, -20, 34], "size": [16, 32, 16], "uv": [0, 0]}
				]
			}
		]
	}
}