{
	"format_version": "1.12.0",
	"minecraft:geometry": [
		{
			"description": {
				"identifier": "geometry.ghast_titan",
				"texture_width": 64,
				"texture_height": 32,
				"visible_bounds_width": 3,
				"visible_bounds_height": 3,
				"visible_bounds_offset": [0, 0.5, 0]
			},
			"bones": [
				{
					"name": "bone",
					"pivot": [0, 0, 0],
					"cubes": [
						{"origin": [-8, 0, -8], "size": [16, 16, 16], "uv": [0, 0]}
					]
				},
				{
					"name": "bone2",
					"parent": "bone",
					"pivot": [5, 0.875, -5],
					"rotation": [27.5, 0, 0],
					"cubes": [
						{"origin": [4, -3.5, -6], "size": [2, 4.5, 2], "uv": [0, 0]}
					]
				},
				{
					"name": "bone3",
					"parent": "bone2",
					"pivot": [5, -3.50381, -5.08714],
					"rotation": [12.5, 0, 0],
					"cubes": [
						{"origin": [4, -7.99619, -6], "size": [2, 4.5, 2], "uv": [0, 0]}
					]
				},
				{
					"name": "bone4",
					"parent": "bone3",
					"pivot": [5, -8.01519, -5],
					"rotation": [15, 0, 0],
					"cubes": [
						{"origin": [4, -12.49619, -6], "size": [2, 4.5, 2], "uv": [0, 0]}
					]
				},
				{
					"name": "bone5",
					"parent": "bone",
					"pivot": [0, 0.875, -5],
					"rotation": [27.5, 0, 0],
					"cubes": [
						{"origin": [-1, -3.5, -6], "size": [2, 4.5, 2], "uv": [0, 0]}
					]
				},
				{
					"name": "bone6",
					"parent": "bone5",
					"pivot": [0, -3.50381, -5.08714],
					"rotation": [12.5, 0, 0],
					"cubes": [
						{"origin": [-1, -7.99619, -6], "size": [2, 4.5, 2], "uv": [0, 0]}
					]
				},
				{
					"name": "bone7",
					"parent": "bone6",
					"pivot": [0, -8.01519, -5],
					"rotation": [15, 0, 0],
					"cubes": [
						{"origin": [-1, -12.49619, -6], "size": [2, 4.5, 2], "uv": [0, 0]}
					]
				},
				{
					"name": "bone8",
					"parent": "bone",
					"pivot": [-5, 0.875, -5],
					"rotation": [27.5, 0, 0],
					"cubes": [
						{"origin": [-6, -3.5, -6], "size": [2, 4.5, 2], "uv": [0, 0]}
					]
				},
				{
					"name": "bone9",
					"parent": "bone8",
					"pivot": [-5, -3.50381, -5.08714],
					"rotation": [12.5, 0, 0],
					"cubes": [
						{"origin": [-6, -7.99619, -6], "size": [2, 4.5, 2], "uv": [0, 0]}
					]
				},
				{
					"name": "bone10",
					"parent": "bone9",
					"pivot": [-5, -8.01519, -5],
					"rotation": [15, 0, 0],
					"cubes": [
						{"origin": [-6, -12.49619, -6], "size": [2, 4.5, 2], "uv": [0, 0]}
					]
				},
				{
					"name": "bone11",
					"parent": "bone",
					"pivot": [-5, 0.875, -1],
					"rotation": [27.5, 0, 0],
					"cubes": [
						{"origin": [-6, -3.5, -2], "size": [2, 4.5, 2], "uv": [0, 0]}
					]
				},
				{
					"name": "bone12",
					"parent": "bone11",
					"pivot": [-5, -3.50381, -1.08714],
					"rotation": [12.5, 0, 0],
					"cubes": [
						{"origin": [-6, -7.99619, -2], "size": [2, 4.5, 2], "uv": [0, 0]}
					]
				},
				{
					"name": "bone13",
					"parent": "bone12",
					"pivot": [-5, -8.01519, -1],
					"rotation": [15, 0, 0],
					"cubes": [
						{"origin": [-6, -12.49619, -2], "size": [2, 4.5, 2], "uv": [0, 0]}
					]
				},
				{
					"name": "bone14",
					"parent": "bone",
					"pivot": [0, 0.875, -1],
					"rotation": [27.5, 0, 0],
					"cubes": [
						{"origin": [-1, -3.5, -2], "size": [2, 4.5, 2], "uv": [0, 0]}
					]
				},
				{
					"name": "bone15",
					"parent": "bone14",
					"pivot": [0, -3.50381, -1.08714],
					"rotation": [12.5, 0, 0],
					"cubes": [
						{"origin": [-1, -7.99619, -2], "size": [2, 4.5, 2], "uv": [0, 0]}
					]
				},
				{
					"name": "bone16",
					"parent": "bone15",
					"pivot": [0, -8.01519, -1],
					"rotation": [15, 0, 0],
					"cubes": [
						{"origin": [-1, -12.49619, -2], "size": [2, 4.5, 2], "uv": [0, 0]}
					]
				},
				{
					"name": "bone17",
					"parent": "bone",
					"pivot": [5, 1, -1],
					"rotation": [27.5, 0, 0],
					"cubes": [
						{"origin": [4, -3.5, -2], "size": [2, 4.5, 2], "uv": [0, 0]}
					]
				},
				{
					"name": "bone18",
					"parent": "bone17",
					"pivot": [0, -3.50381, -1.08714],
					"rotation": [12.5, 0, 0],
					"cubes": [
						{"origin": [4, -7.99619, -2], "size": [2, 4.5, 2], "uv": [0, 0]}
					]
				},
				{
					"name": "bone19",
					"parent": "bone18",
					"pivot": [0, -8.01519, -1],
					"rotation": [15, 0, 0],
					"cubes": [
						{"origin": [4, -12.49619, -2], "size": [2, 4.5, 2], "uv": [0, 0]}
					]
				},
				{
					"name": "bone20",
					"parent": "bone",
					"pivot": [5, 1, 3],
					"rotation": [27.5, 0, 0],
					"cubes": [
						{"origin": [4, -3.5, 2], "size": [2, 4.5, 2], "uv": [0, 0]}
					]
				},
				{
					"name": "bone21",
					"parent": "bone20",
					"pivot": [0, -3.50381, 2.91286],
					"rotation": [12.5, 0, 0],
					"cubes": [
						{"origin": [4, -7.99619, 2], "size": [2, 4.5, 2], "uv": [0, 0]}
					]
				},
				{
					"name": "bone22",
					"parent": "bone21",
					"pivot": [0, -8.01519, 3],
					"rotation": [15, 0, 0],
					"cubes": [
						{"origin": [4, -12.49619, 2], "size": [2, 4.5, 2], "uv": [0, 0]}
					]
				},
				{
					"name": "bone23",
					"parent": "bone",
					"pivot": [0, 1, 3],
					"rotation": [27.5, 0, 0],
					"cubes": [
						{"origin": [-1, -3.5, 2], "size": [2, 4.5, 2], "uv": [0, 0]}
					]
				},
				{
					"name": "bone24",
					"parent": "bone23",
					"pivot": [-5, -3.50381, 2.91286],
					"rotation": [12.5, 0, 0],
					"cubes": [
						{"origin": [-1, -7.99619, 2], "size": [2, 4.5, 2], "uv": [0, 0]}
					]
				},
				{
					"name": "bone25",
					"parent": "bone24",
					"pivot": [-5, -8.01519, 3],
					"rotation": [15, 0, 0],
					"cubes": [
						{"origin": [-1, -12.49619, 2], "size": [2, 4.5, 2], "uv": [0, 0]}
					]
				},
				{
					"name": "bone26",
					"parent": "bone",
					"pivot": [-5, 1, 3],
					"rotation": [27.5, 0, 0],
					"cubes": [
						{"origin": [-6, -3.5, 2], "size": [2, 4.5, 2], "uv": [0, 0]}
					]
				},
				{
					"name": "bone27",
					"parent": "bone26",
					"pivot": [-10, -3.50381, 2.91286],
					"rotation": [12.5, 0, 0],
					"cubes": [
						{"origin": [-6, -7.99619, 2], "size": [2, 4.5, 2], "uv": [0, 0]}
					]
				},
				{
					"name": "bone28",
					"parent": "bone27",
					"pivot": [-10, -8.01519, 3],
					"rotation": [15, 0, 0],
					"cubes": [
						{"origin": [-6, -12.49619, 2], "size": [2, 4.5, 2], "uv": [0, 0]}
					]
				}
			]
		}
	]
}