{
	"format_version": "1.8.0",
	"geometry.player.harcadium_shield": {
		"texturewidth": 64,
		"textureheight": 64,
		"visible_bounds_width": 3,
		"visible_bounds_height": 2,
		"visible_bounds_offset": [0, 1, 0],
		"bones": [
			{
				"name": "root",
				"pivot": [0, 0, 0]
			},
			{
				"name": "waist",
				"parent": "root",
				"pivot": [0, 12, 0]
			},
			{
				"name": "body",
				"parent": "waist",
				"pivot": [0, 24, 0]
			},
			{
				"name": "head",
				"parent": "body",
				"pivot": [0, 24, 0]
			},
			{
				"name": "hat",
				"parent": "head",
				"pivot": [0, 24, 0]
			},
			{
				"name": "cape",
				"parent": "body",
				"pivot": [0, 24, 3]
			},
			{
				"name": "leftArm",
				"parent": "body",
				"pivot": [5, 22, 0]
			},
			{
				"name": "harc_shield",
				"parent": "leftArm",
				"pivot": [6, 15, 0],
				"rotation": [90, 0, -90]
			},
			{
				"name": "harc_handle",
				"parent": "harc_shield",
				"pivot": [6, 15, 0],
				"cubes": [
					{"origin": [5, 12, -3], "size": [2, 6, 6], "uv": [26, 0]}
				]
			},
			{
				"name": "harc",
				"parent": "harc_handle",
				"pivot": [6, 15, -3.5],
				"cubes": [
					{"origin": [0, 4, -4], "size": [12, 22, 1], "uv": [0, 0]}
				]
			},
			{
				"name": "leftSleeve",
				"parent": "leftArm",
				"pivot": [5, 22, 0]
			},
			{
				"name": "leftItem",
				"parent": "leftArm",
				"pivot": [6, 15, 1]
			},
			{
				"name": "rightArm",
				"parent": "body",
				"pivot": [-5, 22, 0]
			},
			{
				"name": "rightSleeve",
				"parent": "rightArm",
				"pivot": [-5, 22, 0]
			},
			{
				"name": "rightItem",
				"parent": "rightArm",
				"pivot": [-6, 15, 1],
				"locators": {
					"lead_hold": [-6, 15, 1]
				}
			},
			{
				"name": "jacket",
				"parent": "body",
				"pivot": [0, 24, 0]
			},
			{
				"name": "leftLeg",
				"parent": "root",
				"pivot": [1.9, 12, 0]
			},
			{
				"name": "leftPants",
				"parent": "leftLeg",
				"pivot": [1.9, 12, 0]
			},
			{
				"name": "rightLeg",
				"parent": "root",
				"pivot": [-1.9, 12, 0]
			},
			{
				"name": "rightPants",
				"parent": "rightLeg",
				"pivot": [-1.9, 12, 0]
			}
		]
	}
}