{
	"format_version": "1.12.0",
	"minecraft:geometry": [
		{
			"description": {
				"identifier": "geometry.iron_golem_titan",
				"texture_width": 128,
				"texture_height": 64,
				"visible_bounds_width": 3,
				"visible_bounds_height": 4,
				"visible_bounds_offset": [0, 2, 0]
			},
			"bones": [
				{
					"name": "bone",
					"pivot": [0, 16, 0],
					"cubes": [
						{"origin": [-4.5, 16, -3], "size": [9, 5, 6], "uv": [0, 41]}
					]
				},
				{
					"name": "bone2",
					"parent": "bone",
					"pivot": [0, 21, 0],
					"cubes": [
						{"origin": [-9, 21, -5], "size": [18, 11, 11], "uv": [0, 18]}
					]
				},
				{
					"name": "bone3",
					"parent": "bone2",
					"pivot": [4, 16, -2]
				},
				{
					"name": "bone7",
					"parent": "bone2",
					"pivot": [-9, 31, 0],
					"cubes": [
						{"origin": [-13, 22, -2.5], "size": [4, 10, 6], "uv": [58, 13]}
					]
				},
				{
					"name": "bone8",
					"parent": "bone7",
					"pivot": [-11, 28, 1],
					"cubes": [
						{"origin": [-13, 17, -2.5], "size": [4, 11, 6], "uv": [78, 13]}
					]
				},
				{
					"name": "bone9",
					"parent": "bone8",
					"pivot": [-11, 19, 0],
					"cubes": [
						{"origin": [-13, 9, -2.5], "size": [4, 11, 6], "uv": [98, 13]}
					]
				},
				{
					"name": "bone10",
					"parent": "bone9",
					"pivot": [-11, 11, 0],
					"cubes": [
						{"origin": [-13, 3, -2.5], "size": [4, 9, 6], "uv": [58, 29]}
					]
				},
				{
					"name": "bone4",
					"parent": "bone2",
					"pivot": [9, 31, 0],
					"cubes": [
						{"origin": [9, 22, -2.5], "size": [4, 10, 6], "pivot": [11, 27, 0.5], "rotation": [0, 180, 0], "uv": [58, 13]}
					]
				},
				{
					"name": "bone5",
					"parent": "bone4",
					"pivot": [12, 28, 1],
					"cubes": [
						{"origin": [9, 17, -2.5], "size": [4, 11, 6], "pivot": [11, 22.5, 0.5], "rotation": [0, 180, 0], "uv": [78, 13]}
					]
				},
				{
					"name": "bone6",
					"parent": "bone5",
					"pivot": [12, 19, 1],
					"cubes": [
						{"origin": [9, 9, -2.5], "size": [4, 11, 6], "pivot": [11, 14.5, 0.5], "rotation": [0, 180, 0], "uv": [98, 13]}
					]
				},
				{
					"name": "bone11",
					"parent": "bone6",
					"pivot": [12, 11, 0],
					"cubes": [
						{"origin": [9, 3, -2.5], "size": [4, 9, 6], "pivot": [11, 7.5, 0.5], "rotation": [0, 180, 0], "uv": [58, 29]}
					]
				},
				{
					"name": "head",
					"parent": "bone2",
					"pivot": [0, 32, -2],
					"cubes": [
						{"origin": [-4, 32, -7], "size": [8, 10, 8], "uv": [0, 0]},
						{"origin": [-1, 31, -9], "size": [2, 4, 2], "uv": [0, 0]}
					]
				},
				{
					"name": "bone13",
					"parent": "bone",
					"pivot": [-4, 16, 0],
					"cubes": [
						{"origin": [-7.5, 8, -2.5], "size": [6, 8, 5], "uv": [32, 0]}
					]
				},
				{
					"name": "bone14",
					"parent": "bone13",
					"pivot": [-4, 8, 0],
					"cubes": [
						{"origin": [-7.5, 0, -2.5], "size": [6, 8, 5], "uv": [54, 0]}
					]
				},
				{
					"name": "bone15",
					"parent": "bone",
					"pivot": [4, 16, 0],
					"cubes": [
						{"origin": [1.5, 8, -2.5], "size": [6, 8, 5], "uv": [76, 0]}
					]
				},
				{
					"name": "bone16",
					"parent": "bone15",
					"pivot": [5, 8, 0],
					"cubes": [
						{"origin": [1.5, 0, -2.5], "size": [6, 8, 5], "uv": [98, 0]}
					]
				}
			]
		}
	]
}