{
	"format_version": "1.12.0",
	"minecraft:geometry": [
		{
			"description": {
				"identifier": "geometry.player.titan_egg",
				"texture_width": 64,
				"texture_height": 64,
				"visible_bounds_width": 7,
				"visible_bounds_height": 5,
				"visible_bounds_offset": [0, 0.5, 0]
			},
			"bones": [
				{
					"name": "root",
					"pivot": [0, 0, 0]
				},
				{
					"name": "waist",
					"parent": "root",
					"pivot": [0, 12, 0]
				},
				{
					"name": "body",
					"parent": "waist",
					"pivot": [0, 24, 0]
				},
				{
					"name": "head",
					"parent": "body",
					"pivot": [0, 24, 0]
				},
				{
					"name": "hat",
					"parent": "head",
					"pivot": [0, 24, 0]
				},
				{
					"name": "cape",
					"parent": "body",
					"pivot": [0, 24, 3]
				},
				{
					"name": "leftArm",
					"parent": "body",
					"pivot": [5, 22, 0]
				},
				{
					"name": "leftSleeve",
					"parent": "leftArm",
					"pivot": [5, 22, 0]
				},
				{
					"name": "leftItem",
					"parent": "leftArm",
					"pivot": [6, 15, 1]
				},
				{
					"name": "rightArm",
					"parent": "body",
					"pivot": [-5, 22, 0]
				},
				{
					"name": "tool",
					"parent": "rightArm",
					"pivot": [-5, 13.5, -2],
					"rotation": [55, -17.5, 0],
					"cubes": [
						{"origin": [-7.5, 11, -2], "size": [5, 5, 5], "pivot": [-5, 13.5, 0.5], "rotation": [0, 0, -45], "uv": [24, 0]},
						{"origin": [-4.13397, 1.30667, -2.96851], "size": [1, 7, 1], "pivot": [-3.58579, 5.32431, 0.31173], "rotation": [-90, 0, -45], "uv": [0, 56]},
						{"origin": [-3.91251, 1.6856, -11.67525], "size": [1, 7, 1], "pivot": [-3.58579, 5.32431, 0.31173], "rotation": [-90, 0, -45], "uv": [0, 56]},
						{"origin": [5.27987, 1.6856, -2.48286], "size": [1, 7, 1], "pivot": [-3.58579, 5.32431, 0.31173], "rotation": [-90, 0, -45], "uv": [0, 56]},
						{"origin": [4.61121, 1.09862, -11.71369], "size": [1, 7, 1], "pivot": [-3.58579, 5.32431, 0.31173], "rotation": [-90, 0, -45], "uv": [0, 56]},
						{"origin": [-10, 13.5, -1], "size": [10, 0, 7], "pivot": [-5, 13.5, 0.5], "rotation": [0, 0, -45], "uv": [37, 4]},
						{"origin": [-2.4, 9, -5], "size": [0, 4, 4], "pivot": [-5, 13.5, 0.5], "rotation": [180, 0, 45], "uv": [0, 16]},
						{"origin": [-6.5, 12, 3], "size": [3, 3, 1], "pivot": [-5, 13.5, 0.5], "rotation": [0, 0, -45], "uv": [0, 0]},
						{"origin": [-5.5, 13, 3.5], "size": [1, 1, 1], "pivot": [-5, 13.5, 0.5], "rotation": [0, 0, -45], "uv": [50, 0]},
						{"origin": [-6.5, 12, -3], "size": [3, 3, 1], "pivot": [-5, 13.5, 0.5], "rotation": [-90, 0, 135], "uv": [0, 6]},
						{"origin": [-6.5, 12, -3], "size": [3, 3, 1], "pivot": [-5, 13.5, 0.5], "rotation": [-90, 0, -45], "uv": [0, 0]},
						{"origin": [-8.5, 12, -1], "size": [1, 3, 3], "pivot": [-5, 13.5, 0.5], "rotation": [0, 0, -45], "uv": [10, 12]},
						{"origin": [-2.5, 12, -1], "size": [1, 3, 3], "pivot": [-5, 13.5, 0.5], "rotation": [0, 0, -45], "uv": [0, 12]},
						{"origin": [-1.5, 13, 0], "size": [3, 1, 1], "pivot": [-5, 13.5, 0.5], "rotation": [0, 0, -45], "uv": [10, 4]},
						{"origin": [-11.5, 13, 0], "size": [3, 1, 1], "pivot": [-5, 13.5, 0.5], "rotation": [0, 0, -45], "uv": [10, 4]},
						{"origin": [0.5, 11, 0], "size": [1, 3, 1], "pivot": [-5, 13.5, 0.5], "rotation": [90, 0, -45], "uv": [10, 6]},
						{"origin": [-11.5, 11, 0], "size": [1, 3, 1], "pivot": [-5, 13.5, 0.5], "rotation": [90, 0, -45], "uv": [10, 6]}
					]
				},
				{
					"name": "toolrotate",
					"parent": "tool",
					"pivot": [-5, 13.5, 1],
					"cubes": [
						{"origin": [-7.31311, 2.87265, -0.63184], "size": [0, 7, 7], "pivot": [-5.64645, 7.85622, 2.72234], "rotation": [-90, 0, 95], "uv": [12.5, 50]},
						{"origin": [-9.64645, 8.40939, -4.96953], "size": [0, 7, 7], "pivot": [0.35355, 11.4611, 0.72114], "rotation": [-90, 0, 0], "uv": [12.5, 50]},
						{"origin": [-15.52678, 2.73395, 0.08676], "size": [0, 7, 7], "pivot": [-5.64645, 7.85622, 2.72234], "rotation": [-90, 0, 95], "uv": [12.5, 50]},
						{"origin": [-0.64645, 8.40939, -4.96953], "size": [0, 7, 7], "pivot": [0.35355, 11.4611, 0.72114], "rotation": [-90, 0, 0], "uv": [12.5, 50]}
					]
				},
				{
					"name": "rightSleeve",
					"parent": "rightArm",
					"pivot": [-5, 22, 0]
				},
				{
					"name": "rightItem",
					"parent": "rightArm",
					"pivot": [-6, 15, 1]
				},
				{
					"name": "jacket",
					"parent": "body",
					"pivot": [0, 24, 0]
				},
				{
					"name": "leftLeg",
					"parent": "root",
					"pivot": [1.9, 12, 0]
				},
				{
					"name": "leftPants",
					"parent": "leftLeg",
					"pivot": [1.9, 12, 0]
				},
				{
					"name": "rightLeg",
					"parent": "root",
					"pivot": [-1.9, 12, 0]
				},
				{
					"name": "rightPants",
					"parent": "rightLeg",
					"pivot": [-1.9, 12, 0]
				}
			]
		}
	]
}