{
	"format_version": "1.12.0",
	"minecraft:geometry": [
		{
			"description": {
				"identifier": "geometry.reddragon",
				"texture_width": 512,
				"texture_height": 512,
				"visible_bounds_width": 30,
				"visible_bounds_height": 4,
				"visible_bounds_offset": [0, 2, 0]
			},
			"bones": [
				{
					"name": "dragon",
					"pivot": [0, 43, 0]
				},
				{
					"name": "frontleg",
					"parent": "dragon",
					"pivot": [-11.8, 41, -25.3]
				},
				{
					"name": "LP16",
					"parent": "frontleg",
					"pivot": [-12, 42.65, -25.1],
					"rotation": [-26, -174, 0],
					"cubes": [
						{"origin": [-17, 25.20073, -31.7985], "size": [10, 22, 15], "pivot": [-12, 37.90073, -24.0985], "rotation": [13, -5, 0], "uv": [248, 83]}
					]
				},
				{
					"name": "LP17",
					"parent": "LP16",
					"pivot": [-12.1, 26.30073, -24.0985],
					"rotation": [55, -4, 0],
					"cubes": [
						{"origin": [-16.13029, 12.4929, -36.10215], "size": [9, 21, 8], "pivot": [-11.73029, 16.6929, -32.50215], "rotation": [-36, 0, 0], "uv": [256, 83]}
					]
				},
				{
					"name": "LP18",
					"parent": "LP17",
					"pivot": [-11.63029, 15.4929, -33.40215],
					"rotation": [-43, 0, 0],
					"cubes": [
						{"origin": [-16.63029, 1.72226, -43.63972], "size": [10, 8.3, 14], "pivot": [-11.73029, 3.02226, -28.63972], "rotation": [-53, 0, 0], "uv": [254, 91]}
					]
				},
				{
					"name": "bone15",
					"parent": "LP18",
					"pivot": [-11.73029, 7.02226, -28.63972],
					"rotation": [14, 0, 0],
					"cubes": [
						{"origin": [-16.73029, 2.94702, -31.65579], "size": [10, 6, 11], "inflate": 0.05, "uv": [384, 91]}
					]
				},
				{
					"name": "claw0",
					"parent": "bone15",
					"pivot": [0, 0, 0]
				},
				{
					"name": "claws",
					"parent": "claw0",
					"pivot": [-12.43029, 7.02226, -28.63972],
					"cubes": [
						{"origin": [-15.88882, 4.08634, -18.77855], "size": [1.9, 1.5, 4.7], "pivot": [-15.43029, 6.02226, -17.63972], "rotation": [-20, 0, 0], "uv": [237, 27]},
						{"origin": [-16.58882, 3.03238, -22.08628], "size": [3, 3.9, 4], "uv": [277, 89]}
					]
				},
				{
					"name": "claws2",
					"parent": "claw0",
					"pivot": [-9.13029, 7.02226, -28.63972],
					"cubes": [
						{"origin": [-12.58882, 4.08634, -18.77855], "size": [1.9, 1.5, 4.7], "pivot": [-12.13029, 6.02226, -17.63972], "rotation": [-20, 0, 0], "uv": [237, 27]},
						{"origin": [-13.28882, 3.03238, -22.08628], "size": [3, 3.9, 4], "uv": [277, 89]}
					]
				},
				{
					"name": "claws3",
					"parent": "claw0",
					"pivot": [-5.53029, 7.02226, -28.63972],
					"cubes": [
						{"origin": [-8.98882, 4.08634, -18.77855], "size": [1.9, 1.5, 4.7], "pivot": [-8.53029, 6.02226, -17.63972], "rotation": [-20, 0, 0], "uv": [237, 27]},
						{"origin": [-9.88882, 3.03238, -22.08628], "size": [3, 3.9, 4], "uv": [277, 89]}
					]
				},
				{
					"name": "frontleg2",
					"parent": "dragon",
					"pivot": [12.5, 41, -25.3],
					"rotation": [0, -4, 0]
				},
				{
					"name": "LP2",
					"parent": "frontleg2",
					"pivot": [12.3, 42.55, -25],
					"rotation": [-26, -174, 0],
					"cubes": [
						{"origin": [7.28955, 25.23421, -31.65295], "size": [10, 22, 15], "pivot": [12.28955, 37.93421, -23.95295], "rotation": [13, -5, 0], "uv": [246, 77]}
					]
				},
				{
					"name": "LP3",
					"parent": "LP2",
					"pivot": [12.18955, 26.03421, -24.85295],
					"rotation": [55, 0, 0],
					"cubes": [
						{"origin": [7.78955, 11.65064, -36.08723], "size": [9, 21, 8], "pivot": [12.18955, 15.85064, -32.48723], "rotation": [-36, 0, 0], "uv": [265, 83]}
					]
				},
				{
					"name": "LP4",
					"parent": "LP3",
					"pivot": [12.28955, 14.75064, -33.58723],
					"rotation": [-43, 0, 0],
					"cubes": [
						{"origin": [7.28955, 1.04326, -43.61033], "size": [10, 8.3, 14], "pivot": [12.18955, 2.34326, -28.61033], "rotation": [-53, 0, 0], "uv": [257, 88]}
					]
				},
				{
					"name": "bone2",
					"parent": "LP4",
					"pivot": [12.18955, 6.24326, -29.21033],
					"rotation": [14, 0, 0],
					"cubes": [
						{"origin": [7.18955, 2.1199, -31.62003], "size": [10, 6, 11], "inflate": 0.05, "uv": [333, 89]}
					]
				},
				{
					"name": "claw2",
					"parent": "bone2",
					"pivot": [24, 0, 0]
				},
				{
					"name": "claws4",
					"parent": "claw2",
					"pivot": [11.56971, 7.02226, -28.63972],
					"cubes": [
						{"origin": [8.11118, 4.08634, -18.77855], "size": [1.9, 1.5, 4.7], "pivot": [8.56971, 6.02226, -17.63972], "rotation": [-20, 0, 0], "uv": [237, 27]},
						{"origin": [7.41118, 3.03238, -22.08628], "size": [3, 3.9, 4], "uv": [277, 89]}
					]
				},
				{
					"name": "claws5",
					"parent": "claw2",
					"pivot": [14.86971, 7.02226, -28.63972],
					"cubes": [
						{"origin": [11.41118, 4.08634, -18.77855], "size": [1.9, 1.5, 4.7], "pivot": [11.86971, 6.02226, -17.63972], "rotation": [-20, 0, 0], "uv": [237, 27]},
						{"origin": [10.71118, 3.03238, -22.08628], "size": [3, 3.9, 4], "uv": [277, 89]}
					]
				},
				{
					"name": "claws6",
					"parent": "claw2",
					"pivot": [18.46971, 7.02226, -28.63972],
					"cubes": [
						{"origin": [15.01118, 4.08634, -18.77855], "size": [1.9, 1.5, 4.7], "pivot": [15.46971, 6.02226, -17.63972], "rotation": [-20, 0, 0], "uv": [237, 27]},
						{"origin": [14.11118, 3.03238, -22.08628], "size": [3, 3.9, 4], "uv": [277, 89]}
					]
				},
				{
					"name": "tail",
					"parent": "dragon",
					"pivot": [0, 46, 33]
				},
				{
					"name": "tail1",
					"parent": "tail",
					"pivot": [0, 46, 33],
					"cubes": [
						{"origin": [-7, 34, 34], "size": [14, 20, 40], "uv": [97, 128]}
					]
				},
				{
					"name": "tail2",
					"parent": "tail1",
					"pivot": [0, 44.2, 69.4],
					"cubes": [
						{"origin": [-6.5, 48.21322, 68.52872], "size": [13.2, 19, 40], "inflate": -0.01, "pivot": [0, 47, -85.6], "rotation": [-5, 0, 0], "uv": [216, 123]}
					]
				},
				{
					"name": "tail3",
					"parent": "tail2",
					"pivot": [0, 41.28366, 103.54754],
					"rotation": [1, 0, 0],
					"cubes": [
						{"origin": [-7, 35.89829, 104.58964], "size": [14, 18, 40], "inflate": -0.015, "pivot": [0, 41.99829, 76.58964], "rotation": [-7, 0, 0], "uv": [335, 120]}
					]
				},
				{
					"name": "tail4",
					"parent": "tail3",
					"pivot": [0, 36.86053, 138.27573],
					"rotation": [-7, 0, 0],
					"cubes": [
						{"origin": [-6, 28.64129, 142.3347], "size": [12, 16, 40], "inflate": -0.02, "uv": [0, 205]}
					]
				},
				{
					"name": "tail5",
					"parent": "tail4",
					"pivot": [0, 37.26053, 175.07573],
					"cubes": [
						{"origin": [-5.7, 41.95451, 178.36342], "size": [11, 15, 40], "inflate": -0.025, "pivot": [-1, 41.84129, 37.6347], "rotation": [-5, 0, 0], "uv": [118, 201]}
					]
				},
				{
					"name": "tail6",
					"parent": "tail5",
					"pivot": [-1, 34.24129, 214.4347],
					"cubes": [
						{"origin": [-5.2, 29.07905, 214.34861], "size": [10, 14, 40], "inflate": -0.03, "pivot": [-1, 36.57905, 199.44861], "rotation": [-7, 0, 0], "uv": [222, 196]}
					]
				},
				{
					"name": "NeckC",
					"parent": "dragon",
					"pivot": [0, 47.3, -30.3]
				},
				{
					"name": "NP1",
					"parent": "NeckC",
					"pivot": [0, 47.3, -30.3],
					"cubes": [
						{"origin": [-7.5, 38, -53.2], "size": [15.2, 20, 27.1], "uv": [0, 144]}
					]
				},
				{
					"name": "NP2",
					"parent": "NP1",
					"pivot": [0, 48.5, -50.3],
					"cubes": [
						{"origin": [-7.2, 38.5, -71.9], "size": [14.7, 18, 23.8], "inflate": -0.01, "pivot": [0, 48, -54], "rotation": [5, 0, 0], "uv": [0, 94]},
						{"origin": [4, 54, -70.4], "size": [2, 2, 3], "uv": [239, 25]},
						{"origin": [-6, 54, -70.4], "size": [2, 2, 3], "uv": [239, 25]},
						{"origin": [-6, 55, -65.4], "size": [2, 2, 3], "uv": [239, 25]},
						{"origin": [4, 55, -65.4], "size": [2, 2, 3], "uv": [239, 25]},
						{"origin": [-6, 56, -59.4], "size": [2, 2, 3], "uv": [239, 25]},
						{"origin": [4, 56, -59.4], "size": [2, 2, 3], "uv": [239, 25]}
					]
				},
				{
					"name": "NP3",
					"parent": "NP2",
					"pivot": [0, 45, -69.4],
					"cubes": [
						{"origin": [-6.9, 34.93776, -90.71391], "size": [13.8, 17, 23.6], "inflate": -0.015, "pivot": [0, 44.73776, -79.81391], "rotation": [15, 0, 0], "uv": [0, 45]},
						{"origin": [-6, 51, -82.4], "size": [2, 2, 3], "uv": [239, 25]},
						{"origin": [4, 51, -82.4], "size": [2, 2, 3], "uv": [239, 25]},
						{"origin": [-6, 53, -76.4], "size": [2, 2, 3], "uv": [239, 25]},
						{"origin": [4, 53, -76.4], "size": [2, 2, 3], "uv": [239, 25]}
					]
				},
				{
					"name": "Head",
					"parent": "NP3",
					"pivot": [0, 41.91888, -88.15695],
					"rotation": [20, 0, 0],
					"cubes": [
						{"origin": [-7, 32.22012, -105.88205], "size": [14, 18, 21.9], "uv": [0, 0]},
						{"origin": [-7, 37.92012, -120.88205], "size": [14, 11, 18], "inflate": -0.5, "uv": [80, 6]}
					]
				},
				{
					"name": "eyes",
					"parent": "Head",
					"pivot": [0, 48, -101.4],
					"cubes": [
						{"origin": [-7.2, 47, -104.1], "size": [14.3, 1, 6.7], "uv": [7, 30]}
					]
				},
				{
					"name": "Jaw",
					"parent": "Head",
					"pivot": [0, 35.73776, -104.01391],
					"cubes": [
						{"origin": [-7, 31.05372, -118.13452], "size": [14, 7, 18], "inflate": -0.5, "pivot": [0, 35.23776, -115.01391], "rotation": [5, 0, 0], "uv": [152, 9]}
					]
				},
				{
					"name": "HornS",
					"parent": "Head",
					"pivot": [0, -2, 5]
				},
				{
					"name": "Horn4",
					"parent": "HornS",
					"pivot": [9, 42.73776, -85.81391],
					"rotation": [0, 21, 30],
					"cubes": [
						{"origin": [8.38295, 40.7458, -93.16616], "size": [4, 4, 10], "inflate": 0.5, "pivot": [9.83364, 41.73776, -85.39945], "rotation": [15, 0, 0], "uv": [228, 18]}
					]
				},
				{
					"name": "bone12",
					"parent": "Horn4",
					"pivot": [10.83364, 43.73776, -85.39945],
					"cubes": [
						{"origin": [8.38295, 40.66793, -84.97084], "size": [4, 4, 10], "pivot": [10.83364, 43.73776, -85.39945], "rotation": [20, 0, 0], "uv": [265, 21]},
						{"origin": [8.38295, 48.10661, -78.63091], "size": [4, 4, 10], "inflate": -0.5, "pivot": [10.83364, 47.89412, -70.48498], "rotation": [35, 0, 0], "uv": [301, 19]}
					]
				},
				{
					"name": "Horn3",
					"parent": "HornS",
					"pivot": [3, 41.73776, -84.81391],
					"rotation": [0, 6, 0],
					"cubes": [
						{"origin": [5.79807, 48.7405, -95.09208], "size": [4, 4, 10], "inflate": 0.5, "pivot": [8, 51.73776, -91.81391], "rotation": [15, 0, 0], "uv": [342, 22]}
					]
				},
				{
					"name": "bone6",
					"parent": "Horn3",
					"pivot": [8, 51.73776, -91.81391],
					"cubes": [
						{"origin": [5.79807, 48.59422, -86.38555], "size": [4, 4, 10], "pivot": [8, 51.73776, -91.81391], "rotation": [20, 0, 0], "uv": [380, 22]}
					]
				},
				{
					"name": "bone9",
					"parent": "bone6",
					"pivot": [8, 51.73776, -91.81391],
					"cubes": [
						{"origin": [5.79807, 54.03548, -79.06468], "size": [4, 4, 10], "inflate": -0.5, "pivot": [8, 55.89412, -76.89944], "rotation": [35, 0, 0], "uv": [414, 21]}
					]
				},
				{
					"name": "Horn2",
					"parent": "HornS",
					"pivot": [-9, 42.73776, -85.81391],
					"rotation": [0, -21, -30],
					"cubes": [
						{"origin": [-12.38295, 40.7458, -93.16616], "size": [4, 4, 10], "inflate": 0.5, "pivot": [-9.83364, 41.73776, -85.39945], "rotation": [15, 0, 0], "uv": [344, 45]}
					]
				},
				{
					"name": "bone10",
					"parent": "Horn2",
					"pivot": [-10.83364, 43.73776, -85.39945],
					"cubes": [
						{"origin": [-12.38295, 40.66793, -84.97084], "size": [4, 4, 10], "pivot": [-10.83364, 43.73776, -85.39945], "rotation": [20, 0, 0], "uv": [379, 44]},
						{"origin": [-12.38295, 48.10661, -78.63091], "size": [4, 4, 10], "inflate": -0.5, "pivot": [-10.83364, 47.89412, -70.48498], "rotation": [35, 0, 0], "uv": [416, 42]}
					]
				},
				{
					"name": "bone11",
					"parent": "bone10",
					"pivot": [-10.83364, 43.73776, -85.39945]
				},
				{
					"name": "Horn1",
					"parent": "HornS",
					"pivot": [-3, 41.73776, -84.81391],
					"rotation": [0, -6, 0],
					"cubes": [
						{"origin": [-9.79807, 48.7405, -95.09208], "size": [4, 4, 10], "inflate": 0.5, "pivot": [-8, 51.73776, -91.81391], "rotation": [15, 0, 0], "uv": [228, 42]}
					]
				},
				{
					"name": "bone7",
					"parent": "Horn1",
					"pivot": [-8, 51.73776, -91.81391],
					"cubes": [
						{"origin": [-9.79807, 48.59422, -86.38555], "size": [4, 4, 10], "pivot": [-8, 51.73776, -91.81391], "rotation": [20, 0, 0], "uv": [269, 45]}
					]
				},
				{
					"name": "bone8",
					"parent": "bone7",
					"pivot": [-8, 51.73776, -91.81391],
					"cubes": [
						{"origin": [-9.79807, 54.03548, -79.06468], "size": [4, 4, 10], "inflate": -0.5, "pivot": [-8, 55.89412, -76.89944], "rotation": [35, 0, 0], "uv": [307, 44]}
					]
				},
				{
					"name": "backleg",
					"parent": "dragon",
					"pivot": [-13, 51, 28]
				},
				{
					"name": "LP13",
					"parent": "backleg",
					"pivot": [-13, 51, 28],
					"cubes": [
						{"origin": [-18, 25.5, 12.6], "size": [10, 25, 18], "inflate": 1, "pivot": [-13, 38, 24.5], "rotation": [-29, 0, 0], "uv": [126, 59]},
						{"origin": [-18, 26, 18], "size": [10, 11, 21], "pivot": [-13, 38, 24.5], "rotation": [-29, 0, 0], "uv": [240, 83]}
					]
				},
				{
					"name": "LP14",
					"parent": "LP13",
					"pivot": [-13, 25.7, 31.6],
					"cubes": [
						{"origin": [-17.6, 6.9, 30.9], "size": [9, 25, 8], "inflate": 0.5, "pivot": [-13.1, 22.2, 31], "rotation": [-28, 0, 0], "uv": [262, 82]}
					]
				},
				{
					"name": "LP15",
					"parent": "LP14",
					"pivot": [-12.8, 12.2, 30.3],
					"cubes": [
						{"origin": [-17.8, 0.83095, 26.78016], "size": [10, 8.3, 12], "inflate": 0.6, "pivot": [-12.9, 1.33095, 25.78016], "rotation": [38, 0, 0], "uv": [256, 91]}
					]
				},
				{
					"name": "bone14",
					"parent": "LP15",
					"pivot": [-12.9, 5.13095, 25.78016],
					"cubes": [
						{"origin": [-17.9, 1.33095, 15.78016], "size": [10, 6, 12], "inflate": 1, "uv": [364, 68]}
					]
				},
				{
					"name": "claw5",
					"parent": "bone14",
					"pivot": [-1, 0, 17]
				},
				{
					"name": "claws13",
					"parent": "claw5",
					"pivot": [-13.43029, 7.02226, -11.63972],
					"cubes": [
						{"origin": [-16.88882, -1.52072, 5.46669], "size": [1.9, 1.5, 4.7], "pivot": [-16.43029, 6.02226, 0.63972], "rotation": [20, 0, 0], "uv": [237, 27]},
						{"origin": [-17.58882, 0.63238, 10.88628], "size": [3, 3.9, 4], "uv": [277, 89]}
					]
				},
				{
					"name": "claws14",
					"parent": "claw5",
					"pivot": [-10.13029, 7.02226, -11.63972],
					"cubes": [
						{"origin": [-13.58882, -1.52072, 5.46669], "size": [1.9, 1.5, 4.7], "pivot": [-13.13029, 6.02226, 0.63972], "rotation": [20, 0, 0], "uv": [237, 27]},
						{"origin": [-14.28882, 0.63238, 10.88628], "size": [3, 3.9, 4], "uv": [277, 89]}
					]
				},
				{
					"name": "claws15",
					"parent": "claw5",
					"pivot": [-6.53029, 7.02226, -11.63972],
					"cubes": [
						{"origin": [-9.98882, -1.52072, 5.46669], "size": [1.9, 1.5, 4.7], "pivot": [-9.53029, 6.02226, 0.63972], "rotation": [20, 0, 0], "uv": [237, 27]},
						{"origin": [-10.88882, 0.63238, 10.88628], "size": [3, 3.9, 4], "uv": [277, 89]}
					]
				},
				{
					"name": "backleg2",
					"parent": "dragon",
					"pivot": [12, 51, 28]
				},
				{
					"name": "LP5",
					"parent": "backleg2",
					"pivot": [12, 51, 28],
					"cubes": [
						{"origin": [7, 25.5, 12.6], "size": [10, 25, 18], "inflate": 1, "pivot": [12, 38, 24.5], "rotation": [-29, 0, 0], "uv": [128, 59]},
						{"origin": [7, 26, 18], "size": [10, 11, 21], "pivot": [12, 38, 24.5], "rotation": [-29, 0, 0], "uv": [246, 85]}
					]
				},
				{
					"name": "LP6",
					"parent": "LP5",
					"pivot": [12, 26, 33],
					"cubes": [
						{"origin": [7.4, 6.9, 30.9], "size": [9, 25, 8], "inflate": 0.5, "pivot": [11.9, 22.2, 31], "rotation": [-28, 0, 0], "uv": [259, 80]}
					]
				},
				{
					"name": "LP7",
					"parent": "LP6",
					"pivot": [12.2, 11, 30.2],
					"cubes": [
						{"origin": [7.2, 0.83095, 26.78016], "size": [10, 8.3, 12], "inflate": 0.6, "pivot": [12.1, 1.33095, 25.78016], "rotation": [38, 0, 0], "uv": [254, 94]}
					]
				},
				{
					"name": "bone3",
					"parent": "LP7",
					"pivot": [12.1, 4.33095, 25.78016],
					"cubes": [
						{"origin": [7.1, 1.33095, 15.78016], "size": [10, 6, 12], "inflate": 1, "uv": [313, 67]}
					]
				},
				{
					"name": "claw3",
					"parent": "bone3",
					"pivot": [24, 0, 17]
				},
				{
					"name": "claws7",
					"parent": "claw3",
					"pivot": [11.56971, 7.02226, -11.63972],
					"cubes": [
						{"origin": [8.11118, -1.52072, 5.46669], "size": [1.9, 1.5, 4.7], "pivot": [8.56971, 6.02226, 0.63972], "rotation": [20, 0, 0], "uv": [237, 27]},
						{"origin": [7.41118, 0.63238, 10.88628], "size": [3, 3.9, 4], "uv": [277, 89]}
					]
				},
				{
					"name": "claws8",
					"parent": "claw3",
					"pivot": [14.86971, 7.02226, -11.63972],
					"cubes": [
						{"origin": [11.41118, -1.52072, 5.46669], "size": [1.9, 1.5, 4.7], "pivot": [11.86971, 6.02226, 0.63972], "rotation": [20, 0, 0], "uv": [237, 27]},
						{"origin": [10.71118, 0.63238, 10.88628], "size": [3, 3.9, 4], "uv": [277, 89]}
					]
				},
				{
					"name": "claws9",
					"parent": "claw3",
					"pivot": [18.46971, 7.02226, -11.63972],
					"cubes": [
						{"origin": [15.01118, -1.52072, 5.46669], "size": [1.9, 1.5, 4.7], "pivot": [15.46971, 6.02226, 0.63972], "rotation": [20, 0, 0], "uv": [237, 27]},
						{"origin": [14.11118, 0.63238, 10.88628], "size": [3, 3.9, 4], "uv": [277, 89]}
					]
				},
				{
					"name": "Body",
					"parent": "dragon",
					"pivot": [0, 40, -1]
				},
				{
					"name": "P1",
					"parent": "Body",
					"pivot": [0, 44, -15],
					"cubes": [
						{"origin": [-14, 31.29916, -36.17193], "size": [28, 29, 35], "inflate": 0.1, "pivot": [0, 41.04474, -19.15099], "rotation": [-10, 0, 0], "uv": [89, 48]}
					]
				},
				{
					"name": "P2",
					"parent": "Body",
					"pivot": [0, 42, 0],
					"rotation": [-7, 0, 0],
					"cubes": [
						{"origin": [-12, 43.33759, -9.52997], "size": [24, 13, 33], "inflate": 0.09, "uv": [94, 54]}
					]
				},
				{
					"name": "P2.2",
					"parent": "P2",
					"pivot": [-5.5, 38.05995, 6.33564],
					"rotation": [20, 0, 0],
					"cubes": [
						{"origin": [-12, 31.49124, -5.09337], "size": [24, 16, 33], "inflate": 0.05, "uv": [92, 53]}
					]
				},
				{
					"name": "P3",
					"parent": "Body",
					"pivot": [0, 43, 22],
					"cubes": [
						{"origin": [-12, 31.12029, 11.94917], "size": [24, 24, 24], "inflate": 0.1, "pivot": [0, 40.13171, 23.6877], "rotation": [5, 0, 0], "uv": [227, 74]}
					]
				},
				{
					"name": "leftwing",
					"parent": "dragon",
					"pivot": [5.2, 62.5, -29.5],
					"cubes": [
						{"origin": [7, 56, -33], "size": [12, 10, 10], "uv": [327, 202]}
					]
				},
				{
					"name": "rwp4",
					"parent": "leftwing",
					"pivot": [14, 62.5, -29.5],
					"cubes": [
						{"origin": [14.1, 58, -31.5], "size": [45, 7, 7], "uv": [382, 188], "mirror": true},
						{"origin": [14.1, 61, -24.5], "size": [45, 0.9, 50.7], "uv": [1, 272], "mirror": true}
					]
				},
				{
					"name": "rwp5",
					"parent": "rwp4",
					"pivot": [56.6, 62.5, -29.5],
					"cubes": [
						{"origin": [58.9, 59, -30.5], "size": [45, 5, 5], "uv": [384, 213], "mirror": true},
						{"origin": [58.9, 61, -25.5], "size": [45, 0.9, 50.7], "uv": [144, 273], "mirror": true}
					]
				},
				{
					"name": "rwp6",
					"parent": "rwp5",
					"pivot": [104.6, 62.2, -28.1],
					"rotation": [0, -15, 0],
					"cubes": [
						{"origin": [104.1, 60, -29.7], "size": [45, 3, 3], "uv": [380, 234], "mirror": true},
						{"origin": [104.1, 60, -27.7], "size": [45, 0.9, 50.7], "uv": [309, 280], "mirror": true}
					]
				},
				{
					"name": "rightwing",
					"parent": "dragon",
					"pivot": [-5.2, 62.5, -29.5],
					"cubes": [
						{"origin": [-17, 56, -33], "size": [12, 10, 10], "uv": [329, 196]}
					]
				},
				{
					"name": "rwp1",
					"parent": "rightwing",
					"pivot": [-14, 62.5, -29.5],
					"cubes": [
						{"origin": [-59.1, 58, -31.5], "size": [45, 7, 7], "uv": [382, 188]},
						{"origin": [-59.1, 61, -24.5], "size": [45, 0.9, 50.7], "uv": [1, 272]}
					]
				},
				{
					"name": "rwp2",
					"parent": "rwp1",
					"pivot": [-53.8, 62.5, -29.5],
					"cubes": [
						{"origin": [-101.1, 59, -30.5], "size": [45, 5, 5], "uv": [384, 213]},
						{"origin": [-101.1, 61, -25.5], "size": [45, 0.9, 50.7], "uv": [144, 273]}
					]
				},
				{
					"name": "rwp3",
					"parent": "rwp2",
					"pivot": [-99, 62.2, -28.1],
					"rotation": [0, 15, 0],
					"cubes": [
						{"origin": [-143.5, 60, -29.7], "size": [45, 3, 3], "uv": [380, 234]},
						{"origin": [-143.5, 60, -27.7], "size": [45, 0.9, 50.7], "uv": [309, 280]}
					]
				}
			]
		}
	]
}