{
	"format_version": "1.12.0",
	"minecraft:geometry": [
		{
			"description": {
				"identifier": "geometry.shield_squared",
				"texture_width": 64,
				"texture_height": 64,
				"visible_bounds_width": 3,
				"visible_bounds_height": 3,
				"visible_bounds_offset": [0, 0.5, 0]
			},
			"bones": [
				{
					"name": "LeftItem",
					"pivot": [0, 0, 0]
				},
				{
					"name": "LeftItem2",
					"parent": "LeftItem",
					"pivot": [0, 0, -1],
					"rotation": [90, 0, -90],
					"cubes": [
						{"origin": [-1, -3, -4], "size": [2, 6, 6], "uv": [26, 0]},
						{"origin": [-6, -11, -5], "size": [12, 22, 1], "uv": [0, 0]}
					]
				}
			]
		}
	]
}