{
	"format_version": "1.8.0",
	"geometry.silverfish_titan": {
		"texturewidth": 64,
		"textureheight": 32,
		"visible_bounds_width": 3,
		"visible_bounds_height": 1,
		"visible_bounds_offset": [0, 0.5, 0],
		"bones": [
			{
				"name": "bodyPart_2",
				"pivot": [0, 2, 1],
				"cubes": [
					{"origin": [-5, 0, -0.5], "size": [10, 8, 3], "uv": [20, 0]},
					{"origin": [-3, 0, -0.5], "size": [6, 4, 3], "uv": [0, 9]}
				]
			},
			{
				"name": "bodyPart_1",
				"parent": "bodyPart_2",
				"pivot": [0, 1.5, -0.5],
				"cubes": [
					{"origin": [-3, 0, -2.5], "size": [6, 5, 2], "uv": [20, 18]},
					{"origin": [-2, 0, -2.5], "size": [4, 3, 2], "uv": [0, 4]}
				]
			},
			{
				"name": "bodyPart_0",
				"parent": "bodyPart_1",
				"pivot": [0, 1, -2.5],
				"cubes": [
					{"origin": [-1.5, 0, -4.5], "size": [3, 2, 2], "uv": [0, 0]}
				]
			},
			{
				"name": "bodyPart_3",
				"parent": "bodyPart_2",
				"pivot": [0, 1.75, 2.5],
				"cubes": [
					{"origin": [-1.5, 0, 2.5], "size": [3, 3, 3], "uv": [0, 16]}
				]
			},
			{
				"name": "bodyPart_4",
				"parent": "bodyPart_3",
				"pivot": [0, 1.25, 5.5],
				"cubes": [
					{"origin": [-1, 0, 5.5], "size": [2, 2, 3], "uv": [0, 22]},
					{"origin": [-3, 0, 5.5], "size": [6, 4, 3], "uv": [20, 11]}
				]
			},
			{
				"name": "bodyLayer_1",
				"parent": "bodyPart_4",
				"pivot": [0, 0.5, 8.5],
				"cubes": [
					{"origin": [-1, 0, 8.5], "size": [2, 1, 2], "uv": [11, 0]}
				]
			},
			{
				"name": "bodyPart_5",
				"parent": "bodyLayer_1",
				"pivot": [0, 0.5, 10.5],
				"cubes": [
					{"origin": [-0.5, 0, 10.5], "size": [1, 1, 2], "uv": [13, 4]}
				]
			}
		]
	},
	"geometry.silverfish_titan_armor": {
		"texturewidth": 64,
		"textureheight": 32,
		"visible_bounds_width": 3,
		"visible_bounds_height": 2,
		"visible_bounds_offset": [0, 1, 0],
		"bones": [
			{
				"name": "bodyPart_2",
				"pivot": [0, 2, 1],
				"cubes": [
					{"origin": [-5, 0, -0.5], "size": [10, 8, 3], "uv": [20, 0], "inflate": 0.1},
					{"origin": [-3, 0, -0.5], "size": [6, 4, 3], "uv": [0, 9], "inflate": 0.1}
				]
			},
			{
				"name": "bodyPart_1",
				"parent": "bodyPart_2",
				"pivot": [0, 1.5, -0.5],
				"cubes": [
					{"origin": [-3, 0, -2.5], "size": [6, 5, 2], "uv": [20, 18], "inflate": 0.1},
					{"origin": [-2, 0, -2.5], "size": [4, 3, 2], "uv": [0, 4], "inflate": 0.1}
				]
			},
			{
				"name": "bodyPart_0",
				"parent": "bodyPart_1",
				"pivot": [0, 1, -2.5],
				"cubes": [
					{"origin": [-1.5, 0, -4.5], "size": [3, 2, 2], "uv": [0, 0], "inflate": 0.1}
				]
			},
			{
				"name": "bodyPart_3",
				"parent": "bodyPart_2",
				"pivot": [0, 1.75, 2.5],
				"cubes": [
					{"origin": [-1.5, 0, 2.5], "size": [3, 3, 3], "uv": [0, 16], "inflate": 0.1}
				]
			},
			{
				"name": "bodyPart_4",
				"parent": "bodyPart_3",
				"pivot": [0, 1.25, 5.5],
				"cubes": [
					{"origin": [-1, 0, 5.5], "size": [2, 2, 3], "uv": [0, 22], "inflate": 0.1},
					{"origin": [-3, 0, 5.5], "size": [6, 4, 3], "uv": [20, 11], "inflate": 0.1}
				]
			},
			{
				"name": "bodyLayer_1",
				"parent": "bodyPart_4",
				"pivot": [0, 0.5, 8.5],
				"cubes": [
					{"origin": [-1, 0, 8.5], "size": [2, 1, 2], "uv": [11, 0], "inflate": 0.1}
				]
			},
			{
				"name": "bodyPart_5",
				"parent": "bodyLayer_1",
				"pivot": [0, 0.5, 10.5],
				"cubes": [
					{"origin": [-0.5, 0, 10.5], "size": [1, 1, 2], "uv": [13, 4], "inflate": 0.1}
				]
			}
		]
	}
}