{
	"format_version": "1.12.0",
	"minecraft:geometry": [
		{
			"description": {
				"identifier": "geometry.sj_titan",
				"texture_width": 64,
				"texture_height": 128,
				"visible_bounds_width": 3,
				"visible_bounds_height": 3,
				"visible_bounds_offset": [0, 1.5, 0]
			},
			"bones": [
				{
					"name": "bone",
					"pivot": [0, 6, 0],
					"cubes": [
						{"origin": [-3, 6, -2], "size": [6, 6, 6], "uv": [0, 80]}
					]
				},
				{
					"name": "head",
					"parent": "bone",
					"pivot": [0, 9, -2],
					"cubes": [
						{"origin": [-4, 5, -10], "size": [8, 8, 8], "uv": [0, 64]}
					]
				},
				{
					"name": "bone3",
					"parent": "bone",
					"pivot": [0, 8, 4],
					"cubes": [
						{"origin": [-5, 5, 4], "size": [10, 8, 12], "uv": [0, 92]}
					]
				},
				{
					"name": "bone4",
					"parent": "bone",
					"pivot": [-2, 10, -2],
					"rotation": [-15, 0, 65],
					"cubes": [
						{"origin": [-3, 2, -3], "size": [2, 8, 2], "uv": [32, 64]}
					]
				},
				{
					"name": "bone5",
					"parent": "bone4",
					"pivot": [-2, 2, -2],
					"rotation": [0, 0, -30],
					"cubes": [
						{"origin": [-3, -6, -3], "size": [2, 8, 2], "uv": [32, 74]}
					]
				},
				{
					"name": "bone6",
					"parent": "bone",
					"pivot": [-2, 10, 0],
					"rotation": [-5, 0, 65],
					"cubes": [
						{"origin": [-3, 2, -1], "size": [2, 8, 2], "uv": [32, 64]}
					]
				},
				{
					"name": "bone7",
					"parent": "bone6",
					"pivot": [-2, 2, 0],
					"rotation": [0, 0, -30],
					"cubes": [
						{"origin": [-3, -6, -1], "size": [2, 8, 2], "uv": [32, 74]}
					]
				},
				{
					"name": "bone8",
					"parent": "bone",
					"pivot": [-2, 10, 2],
					"rotation": [5, 0, 65],
					"cubes": [
						{"origin": [-3, 2, 1], "size": [2, 8, 2], "uv": [32, 64]}
					]
				},
				{
					"name": "bone9",
					"parent": "bone8",
					"pivot": [-2, 2, 2],
					"rotation": [0, 0, -30],
					"cubes": [
						{"origin": [-3, -6, 1], "size": [2, 8, 2], "uv": [32, 74]}
					]
				},
				{
					"name": "bone10",
					"parent": "bone",
					"pivot": [-2, 10, 4],
					"rotation": [15, 0, 65],
					"cubes": [
						{"origin": [-3, 2, 3], "size": [2, 8, 2], "uv": [32, 64]}
					]
				},
				{
					"name": "bone11",
					"parent": "bone10",
					"pivot": [-2, 2, 4],
					"rotation": [0, 0, -30],
					"cubes": [
						{"origin": [-3, -6, 3], "size": [2, 8, 2], "uv": [32, 74]}
					]
				},
				{
					"name": "bone12",
					"parent": "bone",
					"pivot": [2, 10, -2],
					"rotation": [-15, 0, -65],
					"cubes": [
						{"origin": [1, 2, -3], "size": [2, 8, 2], "uv": [32, 64]}
					]
				},
				{
					"name": "bone13",
					"parent": "bone12",
					"pivot": [2, 2, -2],
					"rotation": [0, 0, 30],
					"cubes": [
						{"origin": [1, -6, -3], "size": [2, 8, 2], "uv": [32, 74]}
					]
				},
				{
					"name": "bone14",
					"parent": "bone",
					"pivot": [2, 10, 0],
					"rotation": [-5, 0, -65],
					"cubes": [
						{"origin": [1, 2, -1], "size": [2, 8, 2], "uv": [32, 64]}
					]
				},
				{
					"name": "bone15",
					"parent": "bone14",
					"pivot": [2, 2, 0],
					"rotation": [0, 0, 30],
					"cubes": [
						{"origin": [1, -6, -1], "size": [2, 8, 2], "uv": [32, 74]}
					]
				},
				{
					"name": "bone16",
					"parent": "bone",
					"pivot": [2, 10, 2],
					"rotation": [5, 0, -65],
					"cubes": [
						{"origin": [1, 2, 1], "size": [2, 8, 2], "uv": [32, 64]}
					]
				},
				{
					"name": "bone17",
					"parent": "bone16",
					"pivot": [2, 2, 2],
					"rotation": [0, 0, 30],
					"cubes": [
						{"origin": [1, -6, 1], "size": [2, 8, 2], "uv": [32, 74]}
					]
				},
				{
					"name": "bone18",
					"parent": "bone",
					"pivot": [2, 10, 4],
					"rotation": [15, 0, -65],
					"cubes": [
						{"origin": [1, 2, 3], "size": [2, 8, 2], "uv": [32, 64]}
					]
				},
				{
					"name": "bone19",
					"parent": "bone18",
					"pivot": [2, 2, 4],
					"rotation": [0, 0, 30],
					"cubes": [
						{"origin": [1, -6, 3], "size": [2, 8, 2], "uv": [32, 74]}
					]
				},
				{
					"name": "bone2",
					"pivot": [0, 12, 0],
					"cubes": [
						{"origin": [-4, 12, -2], "size": [8, 2, 4], "uv": [16, 27]}
					]
				},
				{
					"name": "bone20",
					"parent": "bone2",
					"pivot": [0, 13, 2],
					"cubes": [
						{"origin": [-1, 13, 1], "size": [2, 4, 1], "uv": [10, 26]}
					]
				},
				{
					"name": "bone21",
					"parent": "bone20",
					"pivot": [0, 17, 2],
					"cubes": [
						{"origin": [-4, 17, -2], "size": [8, 7, 4], "uv": [16, 16]},
						{"origin": [-1, 17, 1], "size": [2, 7, 1], "uv": [10, 22]}
					]
				},
				{
					"name": "bone22",
					"parent": "bone21",
					"pivot": [5, 23, 0],
					"cubes": [
						{"origin": [4, 18, -1], "size": [2, 6, 2], "uv": [0, 16]}
					]
				},
				{
					"name": "bone23",
					"parent": "bone22",
					"pivot": [5, 18, 0],
					"cubes": [
						{"origin": [4, 12, -1], "size": [2, 6, 2], "uv": [0, 24]}
					]
				},
				{
					"name": "bone24",
					"parent": "bone21",
					"pivot": [-5, 23, 0],
					"cubes": [
						{"origin": [-6, 18, -1], "size": [2, 6, 2], "uv": [0, 16]}
					]
				},
				{
					"name": "bone25",
					"parent": "bone24",
					"pivot": [-5, 18, 0],
					"cubes": [
						{"origin": [-6, 12, -1], "size": [2, 6, 2], "uv": [0, 24]}
					]
				},
				{
					"name": "bone26",
					"parent": "bone25",
					"pivot": [-5, 14.65685, 0.07106],
					"cubes": [
						{"origin": [-13, 15.65685, -7.92894], "size": [16, 0, 16], "pivot": [-5, 15.65685, 0.07106], "rotation": [0, -45, -90], "uv": [16, 0]}
					]
				},
				{
					"name": "head2",
					"parent": "bone21",
					"pivot": [0, 24, 0],
					"cubes": [
						{"origin": [-4, 24, -4], "size": [8, 8, 8], "uv": [0, 0]}
					]
				},
				{
					"name": "bone27",
					"parent": "bone2",
					"pivot": [-2, 12, 0],
					"rotation": [-90, 45, 0],
					"cubes": [
						{"origin": [-3, 6, -1], "size": [2, 6, 2], "uv": [40, 16]}
					]
				},
				{
					"name": "bone28",
					"parent": "bone27",
					"pivot": [-2, 6, 0],
					"rotation": [90, 0, 0],
					"cubes": [
						{"origin": [-3, 0, -1], "size": [2, 6, 2], "uv": [40, 24]}
					]
				},
				{
					"name": "bone29",
					"parent": "bone2",
					"pivot": [2, 12, 0],
					"rotation": [-90, -45, 0],
					"cubes": [
						{"origin": [1, 6, -1], "size": [2, 6, 2], "uv": [40, 16]}
					]
				},
				{
					"name": "bone30",
					"parent": "bone29",
					"pivot": [2, 6, 0],
					"rotation": [90, 0, 0],
					"cubes": [
						{"origin": [1, 0, -1], "size": [2, 6, 2], "uv": [40, 24]}
					]
				}
			]
		},
		{
			"description": {
				"identifier": "geometry.sj_titan_shield",
				"texture_width": 64,
				"texture_height": 128,
				"visible_bounds_width": 4,
				"visible_bounds_height": 3,
				"visible_bounds_offset": [0, 1.5, 0]
			},
			"bones": [
				{
					"name": "bone",
					"pivot": [0, 6, 0],
					"cubes": [
						{"origin": [-3, 6, -2], "size": [6, 6, 6], "inflate": 0.1, "uv": [0, 80]}
					]
				},
				{
					"name": "head",
					"parent": "bone",
					"pivot": [0, 9, -2],
					"cubes": [
						{"origin": [-4, 5, -10], "size": [8, 8, 8], "inflate": 0.1, "uv": [0, 64]}
					]
				},
				{
					"name": "bone3",
					"parent": "bone",
					"pivot": [0, 8, 4],
					"cubes": [
						{"origin": [-5, 5, 4], "size": [10, 8, 12], "inflate": 0.1, "uv": [0, 92]}
					]
				},
				{
					"name": "bone4",
					"parent": "bone",
					"pivot": [-2, 10, -2],
					"rotation": [-15, 0, 65],
					"cubes": [
						{"origin": [-3, 2, -3], "size": [2, 8, 2], "inflate": 0.1, "uv": [32, 64]}
					]
				},
				{
					"name": "bone5",
					"parent": "bone4",
					"pivot": [-2, 2, -2],
					"rotation": [0, 0, -30],
					"cubes": [
						{"origin": [-3, -6, -3], "size": [2, 8, 2], "inflate": 0.1, "uv": [32, 74]}
					]
				},
				{
					"name": "bone6",
					"parent": "bone",
					"pivot": [-2, 10, 0],
					"rotation": [-5, 0, 65],
					"cubes": [
						{"origin": [-3, 2, -1], "size": [2, 8, 2], "inflate": 0.1, "uv": [32, 64]}
					]
				},
				{
					"name": "bone7",
					"parent": "bone6",
					"pivot": [-2, 2, 0],
					"rotation": [0, 0, -30],
					"cubes": [
						{"origin": [-3, -6, -1], "size": [2, 8, 2], "inflate": 0.1, "uv": [32, 74]}
					]
				},
				{
					"name": "bone8",
					"parent": "bone",
					"pivot": [-2, 10, 2],
					"rotation": [5, 0, 65],
					"cubes": [
						{"origin": [-3, 2, 1], "size": [2, 8, 2], "inflate": 0.1, "uv": [32, 64]}
					]
				},
				{
					"name": "bone9",
					"parent": "bone8",
					"pivot": [-2, 2, 2],
					"rotation": [0, 0, -30],
					"cubes": [
						{"origin": [-3, -6, 1], "size": [2, 8, 2], "inflate": 0.1, "uv": [32, 74]}
					]
				},
				{
					"name": "bone10",
					"parent": "bone",
					"pivot": [-2, 10, 4],
					"rotation": [15, 0, 65],
					"cubes": [
						{"origin": [-3, 2, 3], "size": [2, 8, 2], "inflate": 0.1, "uv": [32, 64]}
					]
				},
				{
					"name": "bone11",
					"parent": "bone10",
					"pivot": [-2, 2, 4],
					"rotation": [0, 0, -30],
					"cubes": [
						{"origin": [-3, -6, 3], "size": [2, 8, 2], "inflate": 0.1, "uv": [32, 74]}
					]
				},
				{
					"name": "bone12",
					"parent": "bone",
					"pivot": [2, 10, -2],
					"rotation": [-15, 0, -65],
					"cubes": [
						{"origin": [1, 2, -3], "size": [2, 8, 2], "inflate": 0.1, "uv": [32, 64]}
					]
				},
				{
					"name": "bone13",
					"parent": "bone12",
					"pivot": [2, 2, -2],
					"rotation": [0, 0, 30],
					"cubes": [
						{"origin": [1, -6, -3], "size": [2, 8, 2], "inflate": 0.1, "uv": [32, 74]}
					]
				},
				{
					"name": "bone14",
					"parent": "bone",
					"pivot": [2, 10, 0],
					"rotation": [-5, 0, -65],
					"cubes": [
						{"origin": [1, 2, -1], "size": [2, 8, 2], "inflate": 0.1, "uv": [32, 64]}
					]
				},
				{
					"name": "bone15",
					"parent": "bone14",
					"pivot": [2, 2, 0],
					"rotation": [0, 0, 30],
					"cubes": [
						{"origin": [1, -6, -1], "size": [2, 8, 2], "inflate": 0.1, "uv": [32, 74]}
					]
				},
				{
					"name": "bone16",
					"parent": "bone",
					"pivot": [2, 10, 2],
					"rotation": [5, 0, -65],
					"cubes": [
						{"origin": [1, 2, 1], "size": [2, 8, 2], "inflate": 0.1, "uv": [32, 64]}
					]
				},
				{
					"name": "bone17",
					"parent": "bone16",
					"pivot": [2, 2, 2],
					"rotation": [0, 0, 30],
					"cubes": [
						{"origin": [1, -6, 1], "size": [2, 8, 2], "inflate": 0.1, "uv": [32, 74]}
					]
				},
				{
					"name": "bone18",
					"parent": "bone",
					"pivot": [2, 10, 4],
					"rotation": [15, 0, -65],
					"cubes": [
						{"origin": [1, 2, 3], "size": [2, 8, 2], "inflate": 0.1, "uv": [32, 64]}
					]
				},
				{
					"name": "bone19",
					"parent": "bone18",
					"pivot": [2, 2, 4],
					"rotation": [0, 0, 30],
					"cubes": [
						{"origin": [1, -6, 3], "size": [2, 8, 2], "inflate": 0.1, "uv": [32, 74]}
					]
				},
				{
					"name": "bone2",
					"pivot": [0, 12, 0],
					"cubes": [
						{"origin": [-4, 12, -2], "size": [8, 2, 4], "inflate": 0.1, "uv": [16, 27]}
					]
				},
				{
					"name": "bone20",
					"parent": "bone2",
					"pivot": [0, 13, 2],
					"cubes": [
						{"origin": [-1, 13, 1], "size": [2, 4, 1], "inflate": 0.1, "uv": [10, 26]}
					]
				},
				{
					"name": "bone21",
					"parent": "bone20",
					"pivot": [0, 17, 2],
					"cubes": [
						{"origin": [-4, 17, -2], "size": [8, 7, 4], "inflate": 0.1, "uv": [16, 16]},
						{"origin": [-1, 17, 1], "size": [2, 7, 1], "inflate": 0.1, "uv": [10, 22]}
					]
				},
				{
					"name": "bone22",
					"parent": "bone21",
					"pivot": [5, 23, 0],
					"cubes": [
						{"origin": [4, 18, -1], "size": [2, 6, 2], "inflate": 0.1, "uv": [0, 16]}
					]
				},
				{
					"name": "bone23",
					"parent": "bone22",
					"pivot": [5, 18, 0],
					"cubes": [
						{"origin": [4, 12, -1], "size": [2, 6, 2], "inflate": 0.1, "uv": [0, 24]}
					]
				},
				{
					"name": "bone24",
					"parent": "bone21",
					"pivot": [-5, 23, 0],
					"cubes": [
						{"origin": [-6, 18, -1], "size": [2, 6, 2], "inflate": 0.1, "uv": [0, 16]}
					]
				},
				{
					"name": "bone25",
					"parent": "bone24",
					"pivot": [-5, 18, 0],
					"cubes": [
						{"origin": [-6, 12, -1], "size": [2, 6, 2], "inflate": 0.1, "uv": [0, 24]}
					]
				},
				{
					"name": "bone26",
					"parent": "bone25",
					"pivot": [-5, 14.65685, 0.07106]
				},
				{
					"name": "head2",
					"parent": "bone21",
					"pivot": [0, 24, 0],
					"cubes": [
						{"origin": [-4, 24, -4], "size": [8, 8, 8], "inflate": 0.1, "uv": [0, 0]}
					]
				},
				{
					"name": "bone27",
					"parent": "bone2",
					"pivot": [-2, 12, 0],
					"rotation": [-90, 45, 0],
					"cubes": [
						{"origin": [-3, 6, -1], "size": [2, 6, 2], "inflate": 0.1, "uv": [40, 16]}
					]
				},
				{
					"name": "bone28",
					"parent": "bone27",
					"pivot": [-2, 6, 0],
					"rotation": [90, 0, 0],
					"cubes": [
						{"origin": [-3, 0, -1], "size": [2, 6, 2], "inflate": 0.1, "uv": [40, 24]}
					]
				},
				{
					"name": "bone29",
					"parent": "bone2",
					"pivot": [2, 12, 0],
					"rotation": [-90, -45, 0],
					"cubes": [
						{"origin": [1, 6, -1], "size": [2, 6, 2], "inflate": 0.1, "uv": [40, 16]}
					]
				},
				{
					"name": "bone30",
					"parent": "bone29",
					"pivot": [2, 6, 0],
					"rotation": [90, 0, 0],
					"cubes": [
						{"origin": [1, 0, -1], "size": [2, 6, 2], "inflate": 0.1, "uv": [40, 24]}
					]
				}
			]
		}
	]
}