{
	"format_version": "1.12.0",
	"minecraft:geometry": [
		{
			"description": {
				"identifier": "geometry.spider_titan_web",
				"texture_width": 20,
				"texture_height": 20,
				"visible_bounds_width": 3,
				"visible_bounds_height": 2,
				"visible_bounds_offset": [0, 1, 0]
			},
			"bones": [
				{
					"name": "bone",
					"pivot": [0, 0, 0],
					"rotation": [0, 90, 0],
					"cubes": [
						{"origin": [-10, 0, 0], "size": [20, 20, 0], "uv": [0, 0]},
						{"origin": [-10, 0, 0], "size": [20, 20, 0], "pivot": [0, 0, 0], "rotation": [0, -90, 0], "uv": [0, 0]}
					]
				}
			]
		}
	]
}