{
	"format_version": "1.12.0",
	"minecraft:geometry": [
		{
			"description": {
				"identifier": "geometry.spider_titan",
				"texture_width": 64,
				"texture_height": 64,
				"visible_bounds_width": 3,
				"visible_bounds_height": 1,
				"visible_bounds_offset": [0, 0.5, 0]
			},
			"bones": [
				{
					"name": "bone",
					"pivot": [0, 6, 0],
					"cubes": [
						{
							"origin": [-3, 6, -2],
							"size": [6, 6, 6],
							"uv": [0, 16]
						}
					]
				},
				{
					"name": "head",
					"parent": "bone",
					"pivot": [0, 9, -2],
					"cubes": [
						{
							"origin": [-4, 5, -10],
							"size": [8, 8, 8],
							"uv": [0, 0]
						}
					]
				},
				{
					"name": "bone3",
					"parent": "bone",
					"pivot": [0, 8, 4],
					"cubes": [
						{
							"origin": [-5, 5, 4],
							"size": [10, 8, 12],
							"uv": [0, 28]
						}
					]
				},
				{
					"name": "bone4",
					"parent": "bone",
					"pivot": [-2, 10, -2],
					"rotation": [-15, 0, 65],
					"cubes": [
						{
							"origin": [-3, 2, -3],
							"size": [2, 8, 2],
							"uv": [32, 0]
						}
					]
				},
				{
					"name": "bone5",
					"parent": "bone4",
					"pivot": [-2, 2, -2],
					"rotation": [0, 0, -30],
					"cubes": [
						{
							"origin": [-3, -6, -3],
							"size": [2, 8, 2],
							"uv": [32, 10]
						}
					]
				},
				{
					"name": "bone6",
					"parent": "bone",
					"pivot": [-2, 10, 0],
					"rotation": [-5, 0, 65],
					"cubes": [
						{
							"origin": [-3, 2, -1],
							"size": [2, 8, 2],
							"uv": [32, 0]
						}
					]
				},
				{
					"name": "bone7",
					"parent": "bone6",
					"pivot": [-2, 2, 0],
					"rotation": [0, 0, -30],
					"cubes": [
						{
							"origin": [-3, -6, -1],
							"size": [2, 8, 2],
							"uv": [32, 10]
						}
					]
				},
				{
					"name": "bone8",
					"parent": "bone",
					"pivot": [-2, 10, 2],
					"rotation": [5, 0, 65],
					"cubes": [
						{
							"origin": [-3, 2, 1],
							"size": [2, 8, 2],
							"uv": [32, 0]
						}
					]
				},
				{
					"name": "bone9",
					"parent": "bone8",
					"pivot": [-2, 2, 2],
					"rotation": [0, 0, -30],
					"cubes": [
						{
							"origin": [-3, -6, 1],
							"size": [2, 8, 2],
							"uv": [32, 10]
						}
					]
				},
				{
					"name": "bone10",
					"parent": "bone",
					"pivot": [-2, 10, 4],
					"rotation": [15, 0, 65],
					"cubes": [
						{
							"origin": [-3, 2, 3],
							"size": [2, 8, 2],
							"uv": [32, 0]
						}
					]
				},
				{
					"name": "bone11",
					"parent": "bone10",
					"pivot": [-2, 2, 4],
					"rotation": [0, 0, -30],
					"cubes": [
						{
							"origin": [-3, -6, 3],
							"size": [2, 8, 2],
							"uv": [32, 10]
						}
					]
				},
				{
					"name": "bone12",
					"parent": "bone",
					"pivot": [2, 10, -2],
					"rotation": [-15, 0, -65],
					"cubes": [
						{
							"origin": [1, 2, -3],
							"size": [2, 8, 2],
							"uv": [32, 0]
						}
					]
				},
				{
					"name": "bone13",
					"parent": "bone12",
					"pivot": [2, 2, -2],
					"rotation": [0, 0, 30],
					"cubes": [
						{
							"origin": [1, -6, -3],
							"size": [2, 8, 2],
							"uv": [32, 0]
						}
					]
				},
				{
					"name": "bone14",
					"parent": "bone",
					"pivot": [2, 10, 0],
					"rotation": [-5, 0, -65],
					"cubes": [
						{
							"origin": [1, 2, -1],
							"size": [2, 8, 2],
							"uv": [32, 0]
						}
					]
				},
				{
					"name": "bone15",
					"parent": "bone14",
					"pivot": [2, 2, 0],
					"rotation": [0, 0, 30],
					"cubes": [
						{
							"origin": [1, -6, -1],
							"size": [2, 8, 2],
							"uv": [32, 0]
						}
					]
				},
				{
					"name": "bone16",
					"parent": "bone",
					"pivot": [2, 10, 2],
					"rotation": [5, 0, -65],
					"cubes": [
						{
							"origin": [1, 2, 1],
							"size": [2, 8, 2],
							"uv": [32, 0]
						}
					]
				},
				{
					"name": "bone17",
					"parent": "bone16",
					"pivot": [2, 2, 2],
					"rotation": [0, 0, 35],
					"cubes": [
						{
							"origin": [1, -6, 1],
							"size": [2, 8, 2],
							"uv": [32, 0]
						}
					]
				},
				{
					"name": "bone18",
					"parent": "bone",
					"pivot": [2, 10, 4],
					"rotation": [15, 0, -65],
					"cubes": [
						{
							"origin": [1, 2, 3],
							"size": [2, 8, 2],
							"uv": [32, 0]
						}
					]
				},
				{
					"name": "bone19",
					"parent": "bone18",
					"pivot": [2, 2, 4],
					"rotation": [0, 0, 30],
					"cubes": [
						{
							"origin": [1, -6, 3],
							"size": [2, 8, 2],
							"uv": [32, 0]
						}
					]
				}
			]
		},
		{
			"description": {
				"identifier": "geometry.spider_titan_armor",
				"texture_width": 64,
				"texture_height": 64,
				"visible_bounds_width": 4,
				"visible_bounds_height": 2,
				"visible_bounds_offset": [0, 1, 0]
			},
			"bones": [
				{
					"name": "bone",
					"pivot": [0, 6, 0],
					"cubes": [
						{"origin": [-3, 6, -2], "size": [6, 6, 6], "inflate": 0.1, "uv": [0, 16]}
					]
				},
				{
					"name": "head",
					"parent": "bone",
					"pivot": [0, 9, -2],
					"cubes": [
						{"origin": [-4, 5, -10], "size": [8, 8, 8], "inflate": 0.1, "uv": [0, 0]}
					]
				},
				{
					"name": "bone3",
					"parent": "bone",
					"pivot": [0, 8, 4],
					"cubes": [
						{"origin": [-5, 5, 4], "size": [10, 8, 12], "inflate": 0.1, "uv": [0, 28]}
					]
				},
				{
					"name": "bone4",
					"parent": "bone",
					"pivot": [-2, 10, -2],
					"rotation": [-15, 0, 65],
					"cubes": [
						{"origin": [-3, 2, -3], "size": [2, 8, 2], "inflate": 0.1, "uv": [32, 0]}
					]
				},
				{
					"name": "bone5",
					"parent": "bone4",
					"pivot": [-2, 2, -2],
					"rotation": [0, 0, -30],
					"cubes": [
						{"origin": [-3, -6, -3], "size": [2, 8, 2], "inflate": 0.1, "uv": [32, 10]}
					]
				},
				{
					"name": "bone6",
					"parent": "bone",
					"pivot": [-2, 10, 0],
					"rotation": [-5, 0, 65],
					"cubes": [
						{"origin": [-3, 2, -1], "size": [2, 8, 2], "inflate": 0.1, "uv": [32, 0]}
					]
				},
				{
					"name": "bone7",
					"parent": "bone6",
					"pivot": [-2, 2, 0],
					"rotation": [0, 0, -30],
					"cubes": [
						{"origin": [-3, -6, -1], "size": [2, 8, 2], "inflate": 0.1, "uv": [32, 10]}
					]
				},
				{
					"name": "bone8",
					"parent": "bone",
					"pivot": [-2, 10, 2],
					"rotation": [5, 0, 65],
					"cubes": [
						{"origin": [-3, 2, 1], "size": [2, 8, 2], "inflate": 0.1, "uv": [32, 0]}
					]
				},
				{
					"name": "bone9",
					"parent": "bone8",
					"pivot": [-2, 2, 2],
					"rotation": [0, 0, -30],
					"cubes": [
						{"origin": [-3, -6, 1], "size": [2, 8, 2], "inflate": 0.1, "uv": [32, 10]}
					]
				},
				{
					"name": "bone10",
					"parent": "bone",
					"pivot": [-2, 10, 4],
					"rotation": [15, 0, 65],
					"cubes": [
						{"origin": [-3, 2, 3], "size": [2, 8, 2], "inflate": 0.1, "uv": [32, 0]}
					]
				},
				{
					"name": "bone11",
					"parent": "bone10",
					"pivot": [-2, 2, 4],
					"rotation": [0, 0, -30],
					"cubes": [
						{"origin": [-3, -6, 3], "size": [2, 8, 2], "inflate": 0.1, "uv": [32, 10]}
					]
				},
				{
					"name": "bone12",
					"parent": "bone",
					"pivot": [2, 10, -2],
					"rotation": [-15, 0, -65],
					"cubes": [
						{"origin": [1, 2, -3], "size": [2, 8, 2], "inflate": 0.1, "uv": [32, 0]}
					]
				},
				{
					"name": "bone13",
					"parent": "bone12",
					"pivot": [2, 2, -2],
					"rotation": [0, 0, 30],
					"cubes": [
						{"origin": [1, -6, -3], "size": [2, 8, 2], "inflate": 0.1, "uv": [32, 0]}
					]
				},
				{
					"name": "bone14",
					"parent": "bone",
					"pivot": [2, 10, 0],
					"rotation": [-5, 0, -65],
					"cubes": [
						{"origin": [1, 2, -1], "size": [2, 8, 2], "inflate": 0.1, "uv": [32, 0]}
					]
				},
				{
					"name": "bone15",
					"parent": "bone14",
					"pivot": [2, 2, 0],
					"rotation": [0, 0, 30],
					"cubes": [
						{"origin": [1, -6, -1], "size": [2, 8, 2], "inflate": 0.1, "uv": [32, 0]}
					]
				},
				{
					"name": "bone16",
					"parent": "bone",
					"pivot": [2, 10, 2],
					"rotation": [5, 0, -65],
					"cubes": [
						{"origin": [1, 2, 1], "size": [2, 8, 2], "inflate": 0.1, "uv": [32, 0]}
					]
				},
				{
					"name": "bone17",
					"parent": "bone16",
					"pivot": [2, 2, 2],
					"rotation": [0, 0, 35],
					"cubes": [
						{"origin": [1, -6, 1], "size": [2, 8, 2], "inflate": 0.1, "uv": [32, 0]}
					]
				},
				{
					"name": "bone18",
					"parent": "bone",
					"pivot": [2, 10, 4],
					"rotation": [15, 0, -65],
					"cubes": [
						{"origin": [1, 2, 3], "size": [2, 8, 2], "inflate": 0.1, "uv": [32, 0]}
					]
				},
				{
					"name": "bone19",
					"parent": "bone18",
					"pivot": [2, 2, 4],
					"rotation": [0, 0, 30],
					"cubes": [
						{"origin": [1, -6, 3], "size": [2, 8, 2], "inflate": 0.1, "uv": [32, 0]}
					]
				}
			]
		}
	]
}