{
	"format_version": "1.12.0",
	"minecraft:geometry": [
		{
			"description": {
				"identifier": "geometry.stw",
				"texture_width": 16,
				"texture_height": 16,
				"visible_bounds_width": 3,
				"visible_bounds_height": 2.5,
				"visible_bounds_offset": [0, 0.75, 0]
			},
			"bones": [
				{
					"name": "bone",
					"pivot": [0, 9, 0],
					"cubes": [
						{"origin": [-8, 0, 0], "size": [16, 15, 0], "inflate": 1, "uv": [0, 0.5]}
					]
				},
				{
					"name": "bone2",
					"pivot": [0, 9, 0],
					"rotation": [0, -90, 0],
					"cubes": [
						{"origin": [-8, 0, 0], "size": [16, 15, 0], "inflate": 1, "uv": [0, 0.5]}
					]
				}
			]
		}
	]
}