{
	"format_version": "1.10.0",
	"geometry.creeper.titan": {
		"texturewidth": 64,
		"textureheight": 64,
		"visible_bounds_width": 3,
		"visible_bounds_height": 3,
		"visible_bounds_offset": [0, 1.5, 0],
		"bones": [
			{
				"name": "body0",
				"pivot": [0, 5, 0],
				"cubes": [
					{"origin": [-4, 5, -2], "size": [8, 4, 4], "uv": [16, 32]}
				]
			},
			{
				"name": "body1",
				"parent": "body0",
				"pivot": [0, 9, 0],
				"cubes": [
					{"origin": [-4, 9, -2], "size": [8, 4, 4], "uv": [16, 24]}
				]
			},
			{
				"name": "body2",
				"parent": "body1",
				"pivot": [0, 13, 0],
				"cubes": [
					{"origin": [-4, 13, -2], "size": [8, 4, 4], "uv": [16, 16]}
				]
			},
			{
				"name": "head",
				"parent": "body2",
				"pivot": [0, 17, 0],
				"cubes": [
					{"origin": [-4, 17, -4], "size": [8, 8, 8], "uv": [0, 0]}
				]
			},
			{
				"name": "rightLeg4",
				"parent": "body0",
				"pivot": [2, 7, -1],
				"rotation": [-80, -35, 0],
				"cubes": [
					{"origin": [0, 3, -3], "size": [4, 4, 4], "uv": [0, 16]}
				]
			},
			{
				"name": "rightLeg2",
				"parent": "rightLeg4",
				"pivot": [2, 3.5, -1],
				"rotation": [37.5, 0, 0],
				"cubes": [
					{"origin": [0, -0.5, -3], "size": [4, 4, 4], "uv": [0, 16]}
				]
			},
			{
				"name": "rightLeg3",
				"parent": "rightLeg2",
				"pivot": [2, -0.26272, -1.17559],
				"rotation": [42.5, 0, 0],
				"cubes": [
					{"origin": [0, -4.26272, -2.97559], "size": [4, 4, 4], "uv": [0, 24]}
				]
			},
			{
				"name": "rightLeg11",
				"parent": "body0",
				"pivot": [2, 7, 1],
				"rotation": [-80, -135, 0],
				"cubes": [
					{"origin": [0, 3, -1], "size": [4, 4, 4], "uv": [0, 16]}
				]
			},
			{
				"name": "rightLeg12",
				"parent": "rightLeg11",
				"pivot": [2, 3.5, 1],
				"rotation": [37.5, 0, 0],
				"cubes": [
					{"origin": [0, -0.5, -1], "size": [4, 4, 4], "uv": [0, 16]}
				]
			},
			{
				"name": "rightLeg13",
				"parent": "rightLeg12",
				"pivot": [2, -0.26272, 0.82441],
				"rotation": [42.5, 0, 0],
				"cubes": [
					{"origin": [0, -4.26272, -0.97559], "size": [4, 4, 4], "uv": [0, 24]}
				]
			},
			{
				"name": "rightLeg5",
				"parent": "body0",
				"pivot": [-2, 7, -1],
				"rotation": [-80, 35, 0],
				"cubes": [
					{"origin": [-4, 3, -3], "size": [4, 4, 4], "uv": [0, 16]}
				]
			},
			{
				"name": "rightLeg6",
				"parent": "rightLeg5",
				"pivot": [-2, 3.5, -1],
				"rotation": [37.5, 0, 0],
				"cubes": [
					{"origin": [-4, -0.5, -3], "size": [4, 4, 4], "uv": [0, 16]}
				]
			},
			{
				"name": "rightLeg7",
				"parent": "rightLeg6",
				"pivot": [-2, -0.26272, -1.17559],
				"rotation": [42.5, 0, 0],
				"cubes": [
					{"origin": [-4, -4.26272, -2.97559], "size": [4, 4, 4], "uv": [0, 24]}
				]
			},
			{
				"name": "rightLeg8",
				"parent": "body0",
				"pivot": [-2, 7, 1],
				"rotation": [-80, 135, 0],
				"cubes": [
					{"origin": [-4, 3, -1], "size": [4, 4, 4], "uv": [0, 16]}
				]
			},
			{
				"name": "rightLeg9",
				"parent": "rightLeg8",
				"pivot": [-2, 3.5, 1],
				"rotation": [37.5, 0, 0],
				"cubes": [
					{"origin": [-4, -0.5, -1], "size": [4, 4, 4], "uv": [0, 16]}
				]
			},
			{
				"name": "rightLeg10",
				"parent": "rightLeg9",
				"pivot": [-2, -0.26272, 0.82441],
				"rotation": [42.5, 0, 0],
				"cubes": [
					{"origin": [-4, -4.26272, -0.97559], "size": [4, 4, 4], "uv": [0, 24]}
				]
			}
		]
	},
	"geometry.creeper.titan.armor": {
		"texturewidth": 64,
		"textureheight": 64,
		"visible_bounds_width": 3,
		"visible_bounds_height": 3,
		"visible_bounds_offset": [0, 1.5, 0],
		"bones": [
			{
				"name": "body0",
				"pivot": [0, 5, 0],
				"cubes": [
					{"origin": [-4, 5, -2], "size": [8, 4, 4], "uv": [16, 32], "inflate": 1.5}
				]
			},
			{
				"name": "body1",
				"parent": "body0",
				"pivot": [0, 9, 0],
				"cubes": [
					{"origin": [-4, 9, -2], "size": [8, 4, 4], "uv": [16, 24], "inflate": 1.5}
				]
			},
			{
				"name": "body2",
				"parent": "body1",
				"pivot": [0, 13, 0],
				"cubes": [
					{"origin": [-4, 13, -2], "size": [8, 4, 4], "uv": [16, 16], "inflate": 1.5}
				]
			},
			{
				"name": "head",
				"parent": "body2",
				"pivot": [0, 17, 0],
				"cubes": [
					{"origin": [-4, 17, -4], "size": [8, 8, 8], "uv": [0, 0], "inflate": 1.5}
				]
			},
			{
				"name": "rightLeg4",
				"parent": "body0",
				"pivot": [2, 7, -1],
				"rotation": [-80, -35, 0],
				"cubes": [
					{"origin": [0, 3, -3], "size": [4, 4, 4], "uv": [0, 16], "inflate": 1.5}
				]
			},
			{
				"name": "rightLeg2",
				"parent": "rightLeg4",
				"pivot": [2, 3.5, -1],
				"rotation": [37.5, 0, 0],
				"cubes": [
					{"origin": [0, -0.5, -3], "size": [4, 4, 4], "uv": [0, 16], "inflate": 1.5}
				]
			},
			{
				"name": "rightLeg3",
				"parent": "rightLeg2",
				"pivot": [2, -0.26272, -1.17559],
				"rotation": [42.5, 0, 0],
				"cubes": [
					{"origin": [0, -4.26272, -2.97559], "size": [4, 4, 4], "uv": [0, 24], "inflate": 1.5}
				]
			},
			{
				"name": "rightLeg11",
				"parent": "body0",
				"pivot": [2, 7, 1],
				"rotation": [-80, -135, 0],
				"cubes": [
					{"origin": [0, 3, -1], "size": [4, 4, 4], "uv": [0, 16], "inflate": 1.5}
				]
			},
			{
				"name": "rightLeg12",
				"parent": "rightLeg11",
				"pivot": [2, 3.5, 1],
				"rotation": [37.5, 0, 0],
				"cubes": [
					{"origin": [0, -0.5, -1], "size": [4, 4, 4], "uv": [0, 16], "inflate": 1.5}
				]
			},
			{
				"name": "rightLeg13",
				"parent": "rightLeg12",
				"pivot": [2, -0.26272, 0.82441],
				"rotation": [42.5, 0, 0],
				"cubes": [
					{"origin": [0, -4.26272, -0.97559], "size": [4, 4, 4], "uv": [0, 24], "inflate": 1.5}
				]
			},
			{
				"name": "rightLeg5",
				"parent": "body0",
				"pivot": [-2, 7, -1],
				"rotation": [-80, 35, 0],
				"cubes": [
					{"origin": [-4, 3, -3], "size": [4, 4, 4], "uv": [0, 16], "inflate": 1.5}
				]
			},
			{
				"name": "rightLeg6",
				"parent": "rightLeg5",
				"pivot": [-2, 3.5, -1],
				"rotation": [37.5, 0, 0],
				"cubes": [
					{"origin": [-4, -0.5, -3], "size": [4, 4, 4], "uv": [0, 16], "inflate": 1.5}
				]
			},
			{
				"name": "rightLeg7",
				"parent": "rightLeg6",
				"pivot": [-2, -0.26272, -1.17559],
				"rotation": [42.5, 0, 0],
				"cubes": [
					{"origin": [-4, -4.26272, -2.97559], "size": [4, 4, 4], "uv": [0, 24], "inflate": 1.5}
				]
			},
			{
				"name": "rightLeg8",
				"parent": "body0",
				"pivot": [-2, 7, 1],
				"rotation": [-80, 135, 0],
				"cubes": [
					{"origin": [-4, 3, -1], "size": [4, 4, 4], "uv": [0, 16], "inflate": 1.5}
				]
			},
			{
				"name": "rightLeg9",
				"parent": "rightLeg8",
				"pivot": [-2, 3.5, 1],
				"rotation": [37.5, 0, 0],
				"cubes": [
					{"origin": [-4, -0.5, -1], "size": [4, 4, 4], "uv": [0, 16], "inflate": 1.5}
				]
			},
			{
				"name": "rightLeg10",
				"parent": "rightLeg9",
				"pivot": [-2, -0.26272, 0.82441],
				"rotation": [42.5, 0, 0],
				"cubes": [
					{"origin": [-4, -4.26272, -0.97559], "size": [4, 4, 4], "uv": [0, 24], "inflate": 1.5}
				]
			}
		]
	}
}