{
	"format_version": "1.10.0",
	"geometry.voider": {
		"texturewidth": 64,
		"textureheight": 64,
		"visible_bounds_width": 5,
		"visible_bounds_height": 1.5,
		"visible_bounds_offset": [0, 0.25, 0],
		"bones": [
			{
				"name": "bone",
				"pivot": [0, 1, 0.33333],
				"cubes": [
					{"origin": [-27, 1, 0], "size": [27, 1, 1], "uv": [0, 9]},
					{"origin": [0, 1, 0], "size": [27, 1, 1], "uv": [0, 9]}
				]
			},
			{
				"name": "bone2",
				"parent": "bone",
				"pivot": [0, 1.5, 0.5],
				"rotation": [0, -90, 0],
				"cubes": [
					{"origin": [0, 1, 0], "size": [27, 1, 1], "uv": [0, 9]},
					{"origin": [-27, 1, 0], "size": [27, 1, 1], "uv": [0, 9]}
				]
			}
		]
	}
}