{
	"format_version": "1.12.0",
	"minecraft:geometry": [
		{
			"description": {
				"identifier": "geometry.warden_titan",
				"texture_width": 128,
				"texture_height": 128,
				"visible_bounds_width": 4,
				"visible_bounds_height": 5.5,
				"visible_bounds_offset": [0, 2.25, 0]
			},
			"bones": [
				{
					"name": "root",
					"pivot": [0, 0, 0]
				},
				{
					"name": "body",
					"parent": "root",
					"pivot": [0, 13, 0],
					"cubes": [
						{"origin": [-9, 13, -4], "size": [18, 10, 11], "uv": [0, 11]}
					]
				},
				{
					"name": "right_ribcage",
					"parent": "body",
					"pivot": [-7, 23, -4],
					"cubes": [
						{"origin": [-9, 13, -4.1], "size": [9, 10, 0], "uv": [90, 21]}
					]
				},
				{
					"name": "left_ribcage",
					"parent": "body",
					"pivot": [7, 23, -4],
					"cubes": [
						{"origin": [0, 13, -4.1], "size": [9, 10, 0], "uv": [90, 21], "mirror": true}
					]
				},
				{
					"name": "upper",
					"parent": "body",
					"pivot": [0, 23, 0],
					"cubes": [
						{"origin": [-9, 23, -4], "size": [18, 11, 11], "uv": [0, 0]}
					]
				},
				{
					"name": "left_arm",
					"parent": "upper",
					"pivot": [9, 30, 1],
					"cubes": [
						{"origin": [9, 20, -3], "size": [8, 14, 8], "uv": [0, 58]}
					]
				},
				{
					"name": "left_arm2",
					"parent": "left_arm",
					"pivot": [13, 20, 1],
					"cubes": [
						{"origin": [9, 6, -3], "size": [8, 14, 8], "uv": [0, 72]}
					]
				},
				{
					"name": "right_arm",
					"parent": "upper",
					"pivot": [-9, 30, 1],
					"cubes": [
						{"origin": [-17, 20, -3], "size": [8, 14, 8], "uv": [44, 50]}
					]
				},
				{
					"name": "right_arm2",
					"parent": "right_arm",
					"pivot": [-13, 20, 1],
					"cubes": [
						{"origin": [-17, 6, -3], "size": [8, 14, 8], "uv": [44, 64]}
					]
				},
				{
					"name": "head",
					"parent": "upper",
					"pivot": [0, 34, 0],
					"cubes": [
						{"origin": [-8, 34, -5], "size": [16, 16, 10], "uv": [0, 32]}
					]
				},
				{
					"name": "right_tendril",
					"parent": "head",
					"pivot": [-8, 46, 0],
					"cubes": [
						{"origin": [-24, 43, 0], "size": [16, 16, 0], "uv": [52, 32]}
					]
				},
				{
					"name": "left_tendril",
					"parent": "head",
					"pivot": [8, 46, 0],
					"cubes": [
						{"origin": [8, 43, 0], "size": [16, 16, 0], "uv": [58, 0]}
					]
				},
				{
					"name": "right_ribcage2",
					"parent": "upper",
					"pivot": [-7, 24, -4],
					"cubes": [
						{"origin": [-9, 24, -4.1], "size": [9, 10, 0], "uv": [90, 11]}
					]
				},
				{
					"name": "left_ribcage2",
					"parent": "upper",
					"pivot": [7, 24, -4],
					"cubes": [
						{"origin": [0, 24, -4.1], "size": [9, 10, 0], "uv": [90, 11], "mirror": true}
					]
				},
				{
					"name": "left_leg",
					"parent": "root",
					"pivot": [5.9, 13, 0],
					"cubes": [
						{"origin": [3, 7, -3], "size": [6, 6, 6], "uv": [76, 76]}
					]
				},
				{
					"name": "left_leg2",
					"parent": "left_leg",
					"pivot": [5.9, 7, 0],
					"cubes": [
						{"origin": [3, 0, -3], "size": [6, 7, 6], "uv": [76, 82]}
					]
				},
				{
					"name": "left_leg3",
					"parent": "root",
					"pivot": [-6.1, 13, 0],
					"cubes": [
						{"origin": [-9, 7, -3], "size": [6, 6, 6], "uv": [76, 76]}
					]
				},
				{
					"name": "left_leg4",
					"parent": "left_leg3",
					"pivot": [-6.1, 7, 0],
					"cubes": [
						{"origin": [-9, 0, -3], "size": [6, 7, 6], "uv": [76, 82]}
					]
				}
			]
		}
	]
}