{
	"format_version": "1.12.0",
	"minecraft:geometry": [
		{
			"description": {
				"identifier": "geometry.wither_titan",
				"texture_width": 64,
				"texture_height": 64,
				"visible_bounds_width": 9,
				"visible_bounds_height": 3,
				"visible_bounds_offset": [0, 0.5, 0]
			},
			"bones": [
				{
					"name": "bone3",
					"pivot": [0, 19, 0]
				},
				{
					"name": "bone11",
					"parent": "bone3",
					"pivot": [0, 19, 0],
					"cubes": [
						{"origin": [-64, 14, 0], "size": [64, 10, 0], "pivot": [0, 19, 0], "rotation": [0, 45, 0], "uv": [0, 54]}
					]
				},
				{
					"name": "bone10",
					"parent": "bone3",
					"pivot": [0, 19, 0],
					"cubes": [
						{"origin": [-64, 14, 0], "size": [64, 10, 0], "pivot": [0, 19, 0], "rotation": [0, -45, 0], "uv": [0, 54]}
					]
				},
				{
					"name": "bone9",
					"parent": "bone3",
					"pivot": [0, 19, 0],
					"cubes": [
						{"origin": [-64, 14, 0], "size": [64, 10, 0], "pivot": [0, 19, 0], "rotation": [0, -135, 0], "uv": [0, 54]}
					]
				},
				{
					"name": "bone8",
					"parent": "bone3",
					"pivot": [0, 19, 0],
					"cubes": [
						{"origin": [-64, 14, 0], "size": [64, 10, 0], "pivot": [0, 19, 0], "rotation": [0, 135, 0], "uv": [0, 54]}
					]
				},
				{
					"name": "bone7",
					"parent": "bone3",
					"pivot": [0, 19, 0],
					"cubes": [
						{"origin": [-64, 14, 0], "size": [64, 10, 0], "pivot": [0, 19, 0], "rotation": [0, 90, 0], "uv": [0, 54]}
					]
				},
				{
					"name": "bone6",
					"parent": "bone3",
					"pivot": [0, 19, 0],
					"cubes": [
						{"origin": [-64, 14, 0], "size": [64, 10, 0], "pivot": [0, 19, 0], "rotation": [0, -90, 0], "uv": [0, 54]}
					]
				},
				{
					"name": "bone5",
					"parent": "bone3",
					"pivot": [0, 19, 0],
					"cubes": [
						{"origin": [-64, 14, 0], "size": [64, 10, 0], "pivot": [0, 19, 0], "rotation": [0, 180, 0], "uv": [0, 54]}
					]
				},
				{
					"name": "bone4",
					"parent": "bone3",
					"pivot": [0, 19, 0],
					"cubes": [
						{"origin": [-64, 14, 0], "size": [64, 10, 0], "uv": [0, 54]}
					]
				},
				{
					"name": "bone",
					"pivot": [0, -14, 0],
					"cubes": [
						{"origin": [-10, 3.1, -0.5], "size": [20, 3, 3], "uv": [0, 16]}
					]
				},
				{
					"name": "bone1",
					"parent": "bone",
					"pivot": [-2, 3.1, -0.5],
					"cubes": [
						{"origin": [-2, -6.9, -0.5], "size": [3, 10, 3], "uv": [0, 22]},
						{"origin": [-6, 0.3, 0], "size": [11, 2, 2], "uv": [24, 22]},
						{"origin": [-6, -2.5, 0], "size": [11, 2, 2], "uv": [24, 22]},
						{"origin": [-6, -5.4, 0], "size": [11, 2, 2], "uv": [24, 22]}
					]
				},
				{
					"name": "bone2",
					"parent": "bone1",
					"pivot": [0, -7, 0],
					"rotation": [45, 0, 0],
					"cubes": [
						{"origin": [-2, -12.6, -0.3], "size": [3, 6, 3], "uv": [12, 22]}
					]
				},
				{
					"name": "head1",
					"parent": "bone",
					"pivot": [0, 6, 0],
					"cubes": [
						{"origin": [-4, 6, -4], "size": [8, 8, 8], "uv": [0, 0]}
					]
				},
				{
					"name": "head2",
					"parent": "bone",
					"pivot": [-9, 4, -1],
					"rotation": [0, 15, -15],
					"cubes": [
						{"origin": [-11.5, 4, -4.00873], "size": [6, 6, 6], "pivot": [-9, 7, -1], "rotation": [-2.5, -15, 15], "uv": [32, 0]}
					]
				},
				{
					"name": "head3",
					"parent": "bone",
					"pivot": [9, 4, -1],
					"rotation": [0, -15, 15],
					"cubes": [
						{"origin": [4.01103, 3.77777, -3.05704], "size": [6, 6, 6], "pivot": [6.02696, 8.86185, -4.01787], "rotation": [-2.5, 15, -15], "uv": [32, 0]}
					]
				}
			]
		}
	]
}