{
	"format_version": "1.12.0",
	"minecraft:geometry": [
		{
			"description": {
				"identifier": "geometry.wither_turret_siege",
				"texture_width": 64,
				"texture_height": 64,
				"visible_bounds_width": 3,
				"visible_bounds_height": 3,
				"visible_bounds_offset": [0, 1.5, 0]
			},
			"bones": [
				{
					"name": "bone",
					"pivot": [0, 0, 0],
					"cubes": [
						{"origin": [-4, 0, -4], "size": [8, 2, 8], "uv": [0, 0]}
					]
				},
				{
					"name": "bone2",
					"parent": "bone",
					"pivot": [0, 0, 0],
					"cubes": [
						{"origin": [-7.5, 13.5, -1.5], "size": [3, 16, 3], "pivot": [0, 21.5, 0], "rotation": [0, 0, -90], "uv": [12, 2]}
					]
				},
				{
					"name": "bone3",
					"parent": "bone2",
					"pivot": [0, 0, 0],
					"cubes": [
						{"origin": [-6, 14, -1.5], "size": [20, 3, 3], "pivot": [0, 15.5, 0], "rotation": [0, 0, 90], "uv": [0, 16]},
						{"origin": [5, 15, 11.5], "size": [14, 3, 3], "pivot": [0, 15.5, 0], "rotation": [22.5, -7.5, 82.5], "uv": [0, 16]},
						{"origin": [5, 15, 11.5], "size": [14, 3, 3], "pivot": [0, 15.5, 0], "rotation": [-32.5, -7.5, 100], "uv": [0, 16]},
						{"origin": [1, 14, -1.5], "size": [14, 3, 3], "pivot": [0, 15.5, 0], "rotation": [70, -60, 22.5], "uv": [0, 16]},
						{"origin": [1, 14, -1.5], "size": [14, 3, 3], "pivot": [0, 15.5, 0], "rotation": [70, -60, 162.5], "uv": [0, 16]},
						{"origin": [-4, 21.5, -4], "size": [8, 8, 8], "uv": [0, 0]}
					]
				}
			]
		}
	]
}