{
	"format_version": "1.12.0",
	"minecraft:geometry": [
		{
			"description": {
				"identifier": "geometry.wither_turret_air",
				"texture_width": 64,
				"texture_height": 64,
				"visible_bounds_width": 3,
				"visible_bounds_height": 3,
				"visible_bounds_offset": [0, 1.5, 0]
			},
			"bones": [
				{
					"name": "bone",
					"pivot": [0, 0, 0],
					"cubes": [
						{"origin": [-4, 0, -4], "size": [8, 2, 8], "uv": [0, 0]}
					]
				},
				{
					"name": "bone3",
					"parent": "bone",
					"pivot": [0, 0, 0],
					"cubes": [
						{"origin": [-10, 9, -1.5], "size": [20, 3, 3], "pivot": [0, 10.5, 0], "rotation": [0, 0, 90], "uv": [0, 16]}
					]
				},
				{
					"name": "bone2",
					"parent": "bone",
					"pivot": [0, 21, 0],
					"cubes": [
						{"origin": [-4, 20, -3], "size": [8, 8, 8], "pivot": [0.5, 24, 0.5], "rotation": [-25, 0, 0], "uv": [0, 0]}
					]
				}
			]
		}
	]
}