{
	"format_version": "1.12.0",
	"minecraft:geometry": [
		{
			"description": {
				"identifier": "geometry.wither_skeleton_titan",
				"texture_width": 64,
				"texture_height": 64,
				"visible_bounds_width": 2,
				"visible_bounds_height": 2,
				"visible_bounds_offset": [0, 1, 0]
			},
			"bones": [
				{
					"name": "bone",
					"pivot": [0, 12, 0],
					"cubes": [
						{"origin": [-4, 12, -2], "size": [8, 2, 4], "uv": [16, 27]}
					]
				},
				{
					"name": "bone2",
					"parent": "bone",
					"pivot": [0, 13, 2],
					"cubes": [
						{"origin": [-1, 13, 1], "size": [2, 4, 1], "uv": [10, 26]}
					]
				},
				{
					"name": "bone3",
					"parent": "bone2",
					"pivot": [0, 17, 2],
					"cubes": [
						{"origin": [-4, 17, -2], "size": [8, 7, 4], "uv": [16, 16]},
						{"origin": [-1, 17, 1], "size": [2, 7, 1], "uv": [10, 22]}
					]
				},
				{
					"name": "bone8",
					"parent": "bone3",
					"pivot": [5, 23, 0],
					"cubes": [
						{"origin": [4, 18, -1], "size": [2, 6, 2], "uv": [0, 16]}
					]
				},
				{
					"name": "bone9",
					"parent": "bone8",
					"pivot": [5, 18, 0],
					"cubes": [
						{"origin": [4, 12, -1], "size": [2, 6, 2], "uv": [0, 24]}
					]
				},
				{
					"name": "bone10",
					"parent": "bone3",
					"pivot": [-5, 23, 0],
					"cubes": [
						{"origin": [-6, 18, -1], "size": [2, 6, 2], "uv": [0, 16]}
					]
				},
				{
					"name": "bone11",
					"parent": "bone10",
					"pivot": [-5, 18, 0],
					"cubes": [
						{"origin": [-6, 12, -1], "size": [2, 6, 2], "uv": [0, 24]}
					]
				},
				{
					"name": "bone12",
					"parent": "bone11",
					"pivot": [-5, 13, 0],
					"cubes": [
						{"origin": [-5, 14.07107, -6.17157], "size": [0, 16, 16], "pivot": [-5, 16, 0], "rotation": [135, 0, 0], "uv": [16, 17]}
					]
				},
				{
					"name": "head",
					"parent": "bone3",
					"pivot": [0, 24, 0],
					"cubes": [
						{"origin": [-4, 24, -4], "size": [8, 8, 8], "uv": [0, 0]}
					]
				},
				{
					"name": "bone4",
					"parent": "bone",
					"pivot": [-2, 12, 0],
					"cubes": [
						{"origin": [-3, 6, -1], "size": [2, 6, 2], "uv": [40, 16]}
					]
				},
				{
					"name": "bone5",
					"parent": "bone4",
					"pivot": [-2, 6, 0],
					"cubes": [
						{"origin": [-3, 0, -1], "size": [2, 6, 2], "uv": [40, 24]}
					]
				},
				{
					"name": "bone6",
					"parent": "bone",
					"pivot": [2, 12, 0],
					"cubes": [
						{"origin": [1, 6, -1], "size": [2, 6, 2], "uv": [40, 16]}
					]
				},
				{
					"name": "bone7",
					"parent": "bone6",
					"pivot": [2, 6, 0],
					"cubes": [
						{"origin": [1, 0, -1], "size": [2, 6, 2], "uv": [40, 24]}
					]
				}
			]
		},
		{
			"description": {
				"identifier": "geometry.wither_skeleton_titan_armor",
				"texture_width": 64,
				"texture_height": 64,
				"visible_bounds_width": 2,
				"visible_bounds_height": 3,
				"visible_bounds_offset": [0, 1.5, 0]
			},
			"bones": [
				{
					"name": "bone",
					"pivot": [0, 12, 0],
					"cubes": [
						{"origin": [-4, 12, -2], "size": [8, 2, 4], "inflate": 0.1, "uv": [16, 27]}
					]
				},
				{
					"name": "bone2",
					"parent": "bone",
					"pivot": [0, 13, 2],
					"cubes": [
						{"origin": [-1, 13, 1], "size": [2, 4, 1], "inflate": 0.1, "uv": [10, 26]}
					]
				},
				{
					"name": "bone3",
					"parent": "bone2",
					"pivot": [0, 17, 2],
					"cubes": [
						{"origin": [-4, 17, -2], "size": [8, 7, 4], "inflate": 0.1, "uv": [16, 16]},
						{"origin": [-1, 17, 1], "size": [2, 7, 1], "inflate": 0.1, "uv": [10, 22]}
					]
				},
				{
					"name": "bone8",
					"parent": "bone3",
					"pivot": [5, 23, 0],
					"cubes": [
						{"origin": [4, 18, -1], "size": [2, 6, 2], "inflate": 0.1, "uv": [0, 16]}
					]
				},
				{
					"name": "bone9",
					"parent": "bone8",
					"pivot": [5, 18, 0],
					"cubes": [
						{"origin": [4, 12, -1], "size": [2, 6, 2], "inflate": 0.1, "uv": [0, 24]}
					]
				},
				{
					"name": "bone10",
					"parent": "bone3",
					"pivot": [-5, 23, 0],
					"cubes": [
						{"origin": [-6, 18, -1], "size": [2, 6, 2], "inflate": 0.1, "uv": [0, 16]}
					]
				},
				{
					"name": "bone11",
					"parent": "bone10",
					"pivot": [-5, 18, 0],
					"cubes": [
						{"origin": [-6, 12, -1], "size": [2, 6, 2], "inflate": 0.1, "uv": [0, 24]}
					]
				},
				{
					"name": "bone12",
					"parent": "bone11",
					"pivot": [-5, 18, 0]
				},
				{
					"name": "head",
					"parent": "bone3",
					"pivot": [0, 24, 0],
					"cubes": [
						{"origin": [-4, 24, -4], "size": [8, 8, 8], "inflate": 0.1, "uv": [0, 0]}
					]
				},
				{
					"name": "bone4",
					"parent": "bone",
					"pivot": [-2, 12, 0],
					"cubes": [
						{"origin": [-3, 6, -1], "size": [2, 6, 2], "inflate": 0.1, "uv": [40, 16]}
					]
				},
				{
					"name": "bone5",
					"parent": "bone4",
					"pivot": [-2, 6, 0],
					"cubes": [
						{"origin": [-3, 0, -1], "size": [2, 6, 2], "inflate": 0.1, "uv": [40, 24]}
					]
				},
				{
					"name": "bone6",
					"parent": "bone",
					"pivot": [2, 12, 0],
					"cubes": [
						{"origin": [1, 6, -1], "size": [2, 6, 2], "inflate": 0.1, "uv": [40, 16]}
					]
				},
				{
					"name": "bone7",
					"parent": "bone6",
					"pivot": [2, 6, 0],
					"cubes": [
						{"origin": [1, 0, -1], "size": [2, 6, 2], "inflate": 0.1, "uv": [40, 24]}
					]
				}
			]
		}
	]
}