{
	"format_version": "1.10.0",
	"geometry.yes": {
		"texturewidth": 64,
		"textureheight": 128,
		"visible_bounds_width": 9,
		"visible_bounds_height": 10,
		"visible_bounds_offset": [0, -1, 0],
		"bones": [
			{
				"name": "sfdg",
				"pivot": [0, 12, 23],
				"cubes": [
					{"origin": [-4, 12, 23], "size": [8, 4, 4], "uv": [16, 88]}
				]
			},
			{
				"name": "dfg",
				"parent": "sfdg",
				"pivot": [0, 16, 25],
				"cubes": [
					{"origin": [-4, 16, 23], "size": [8, 4, 4], "uv": [16, 88]}
				]
			},
			{
				"name": "sdfg3",
				"parent": "dfg",
				"pivot": [0, 20, 25],
				"cubes": [
					{"origin": [-4, 20, 23], "size": [8, 4, 4], "uv": [16, 80]}
				]
			},
			{
				"name": "sdgf",
				"parent": "sdfg3",
				"pivot": [0, 24, 25],
				"cubes": [
					{"origin": [-4, 24, 21], "size": [8, 8, 8], "uv": [0, 64]}
				]
			},
			{
				"name": "sdfg4",
				"parent": "sdfg3",
				"pivot": [6, 22, 25],
				"rotation": [-90, 0, 0],
				"cubes": [
					{"origin": [4, 18, 23], "size": [4, 6, 4], "uv": [40, 80]}
				]
			},
			{
				"name": "sdfd2",
				"parent": "sdfg4",
				"pivot": [6, 18, 25],
				"cubes": [
					{"origin": [4, 12, 23], "size": [4, 6, 4], "uv": [40, 90]}
				]
			},
			{
				"name": "sdfg5",
				"parent": "sdfg3",
				"pivot": [-6, 22, 25],
				"rotation": [-90, 0, 0],
				"cubes": [
					{"origin": [-8, 18, 23], "size": [4, 6, 4], "uv": [40, 80]}
				]
			},
			{
				"name": "fsd",
				"parent": "sdfg5",
				"pivot": [-6, 18, 25],
				"cubes": [
					{"origin": [-8, 12, 23], "size": [4, 6, 4], "uv": [40, 90]}
				]
			},
			{
				"name": "sdfd",
				"parent": "fsd",
				"pivot": [-5, 13, 25],
				"rotation": [45, 0, 0],
				"cubes": [
					{"origin": [-6, 10.10051, 13.27208], "size": [0, 16, 16], "uv": [32, 96]}
				]
			},
			{
				"name": "sdfg",
				"parent": "sfdg",
				"pivot": [-2, 12, 25],
				"cubes": [
					{"origin": [-4, 6, 23], "size": [4, 6, 4], "uv": [0, 80]}
				]
			},
			{
				"name": "sgfgsd",
				"parent": "sdfg",
				"pivot": [-2, 6, 25],
				"cubes": [
					{"origin": [-4, 0, 23], "size": [4, 6, 4], "uv": [0, 90]}
				]
			},
			{
				"name": "sfdg2",
				"parent": "sfdg",
				"pivot": [2, 12, 25],
				"cubes": [
					{"origin": [0, 6, 23], "size": [4, 6, 4], "uv": [0, 80]}
				]
			},
			{
				"name": "sdfg2",
				"parent": "sfdg2",
				"pivot": [2, 6, 25],
				"cubes": [
					{"origin": [0, 0, 23], "size": [4, 6, 4], "uv": [0, 90]}
				]
			},
			{
				"name": "unknown_bone",
				"pivot": [0, 0, 0],
				"cubes": [
					{"origin": [-1, -45.9, 0], "size": [1, 1, 1], "uv": [32, 70], "inflate": 45}
				]
			},
			{
				"name": "bone",
				"pivot": [0, 12, -15],
				"rotation": [0, 180, 0],
				"cubes": [
					{"origin": [-4, 12, -15], "size": [8, 4, 4], "uv": [16, 32]}
				]
			},
			{
				"name": "bone13",
				"parent": "bone",
				"pivot": [0, 0, -13]
			},
			{
				"name": "bone2",
				"parent": "bone",
				"pivot": [0, 16, -13],
				"cubes": [
					{"origin": [-4, 16, -15], "size": [8, 4, 4], "uv": [16, 24]}
				]
			},
			{
				"name": "bone3",
				"parent": "bone2",
				"pivot": [0, 20, -13],
				"cubes": [
					{"origin": [-4, 20, -15], "size": [8, 4, 4], "uv": [16, 16]}
				]
			},
			{
				"name": "head123456",
				"parent": "bone3",
				"pivot": [0, 24, -13],
				"cubes": [
					{"origin": [-4, 24, -17], "size": [8, 8, 8], "uv": [0, 0]},
					{"origin": [-4, 24, -17], "size": [8, 8, 8], "uv": [32, 0], "inflate": 0.5}
				]
			},
			{
				"name": "bone8",
				"parent": "bone3",
				"pivot": [6, 22, -13],
				"rotation": [-90, 0, 0],
				"cubes": [
					{"origin": [4, 18, -15], "size": [4, 6, 4], "uv": [40, 16]}
				]
			},
			{
				"name": "bone9",
				"parent": "bone8",
				"pivot": [6, 18, -13],
				"cubes": [
					{"origin": [4, 12, -15], "size": [4, 6, 4], "uv": [40, 26]}
				]
			},
			{
				"name": "bone10",
				"parent": "bone3",
				"pivot": [-6, 22, -13],
				"rotation": [-90, 0, 0],
				"cubes": [
					{"origin": [-8, 18, -15], "size": [4, 6, 4], "uv": [40, 16]}
				]
			},
			{
				"name": "bone11",
				"parent": "bone10",
				"pivot": [-6, 18, -13],
				"cubes": [
					{"origin": [-8, 12, -15], "size": [4, 6, 4], "uv": [40, 26]}
				]
			},
			{
				"name": "bone138",
				"parent": "bone11",
				"pivot": [-6, 13.10051, -14.72792],
				"rotation": [45, 0, 0],
				"cubes": [
					{"origin": [-6, 8.10051, -25.72792], "size": [0, 16, 16], "uv": [32, 32]}
				]
			},
			{
				"name": "bone4",
				"parent": "bone",
				"pivot": [-2, 12, -13],
				"cubes": [
					{"origin": [-4, 6, -15], "size": [4, 6, 4], "uv": [0, 16]}
				]
			},
			{
				"name": "bone5",
				"parent": "bone4",
				"pivot": [-2, 6, -13],
				"cubes": [
					{"origin": [-4, 0, -15], "size": [4, 6, 4], "uv": [0, 26]}
				]
			},
			{
				"name": "bone6",
				"parent": "bone",
				"pivot": [2, 12, -13],
				"cubes": [
					{"origin": [0, 6, -15], "size": [4, 6, 4], "uv": [0, 16]}
				]
			},
			{
				"name": "bone7",
				"parent": "bone6",
				"pivot": [2, 6, -13],
				"cubes": [
					{"origin": [0, 0, -15], "size": [4, 6, 4], "uv": [0, 26]}
				]
			},
			{
				"name": "bone14",
				"pivot": [-53.5, -45.5, 0.5],
				"cubes": [
					{"origin": [-54, -46, 0], "size": [1, 1, 1], "uv": [32, 70], "inflate": 6}
				]
			}
		]
	}
}