{"format_version":"1.10.0","minecraft:entity":{"component_groups":{"minecraft:zombie_adult":{"minecraft:movement":{"max":0.23,"value":0.31}}},"components":{"minecraft:attack":{"damage":10},"minecraft:behavior.hurt_by_target":{"priority":3},"minecraft:behavior.look_at_player":{"look_distance":1000,"priority":7,"probability":0.02},"minecraft:behavior.melee_attack":{"speed_multiplier":1,"track_target":true},"minecraft:behavior.move_towards_restriction":{"priority":5,"speed_multiplier":1},"minecraft:behavior.nearest_attackable_target":{"entity_types":[{"filters":{"any_of":[{"subject":"other","test":"is_family","value":"player"}]},"max_dist":1000,"must_see":false},{"filters":{"any_of":[{"subject":"other","test":"is_family","value":"villager"},{"subject":"other","test":"is_family","value":"wandering_trader"}]},"max_dist":35,"must_see":false},{"filters":{"all_of":[{"subject":"other","test":"is_family","value":"baby_turtle"},{"operator":"!=","subject":"other","test":"in_water","value":true}]},"max_dist":35}],"must_reach":false,"must_see":false,"must_see_forget_duration":17,"priority":2,"reselect_targets":true,"within_radius":1000},"minecraft:behavior.owner_hurt_by_target":{"priority":1},"minecraft:behavior.owner_hurt_target":{"priority":2},"minecraft:behavior.random_look_around":{"priority":7},"minecraft:behavior.random_stroll":{"priority":6,"speed_multiplier":1},"minecraft:collision_box":{"height":3,"width":0.75},"minecraft:equip_item":{},"minecraft:experience_reward":{"on_bred":"10","on_death":"query.last_hit_by_player ? 0 : 0"},"minecraft:fire_immune":true,"minecraft:health":{"max":100,"value":100},"minecraft:jump.static":{},"minecraft:knockback_resistance":{"max":999,"value":999},"minecraft:lookat":{"allow_invulnerable":false,"filters":{"test":"has_target"},"look_cooldown":[0,0],"search_radius":1000,"set_target":true},"minecraft:movement":{"max":0.23,"value":0.75},"minecraft:movement.basic":{},"minecraft:nameable":{"allow_name_tag_renaming":false,"allowNameTagRenaming":true,"always_show":false,"alwaysShow":false},"minecraft:navigation.walk":{"can_break_doors":true,"can_pass_doors":true,"can_walk":true,"is_amphibious":true},"minecraft:on_death":{"event":"on:death","target":"self"},"minecraft:on_hurt":{"event":"on:hurt","target":"self"},"minecraft:on_hurt_by_player":{"event":"on:hurt_by_player","target":"self"},"minecraft:on_ignite":{"event":"on:ignite","target":"self"},"minecraft:on_target_acquired":{"event":"on:target_acquired","target":"self"},"minecraft:on_target_escape":{"event":"on:target_escape","target":"self"},"minecraft:on_wake_with_owner":{"event":"on:wake_with_owner","target":"self"},"minecraft:physics":{},"minecraft:scale":{"value":1},"minecraft:type_family":{"family":["zombie","undead","monster"]},"minecraft:underwater_movement":{"value":0.02}},"description":{"identifier":"pa:engagement","is_experimental":false,"is_spawnable":true,"is_summonable":true},"events":{"minecraft:as_adult":{"add":{"component_groups":["minecraft:zombie_adult"]}},"minecraft:as_baby":{"add":{"component_groups":["minecraft:zombie_baby"]}},"minecraft:convert_to_drowned":{"sequence":[{"add":{"component_groups":["minecraft:convert_to_drowned"]},"filters":{"operator":"!=","test":"has_component","value":"minecraft:is_baby"},"remove":{"component_groups":["minecraft:start_drowned_transformation"]}},{"add":{"component_groups":["minecraft:convert_to_baby_drowned"]},"filters":{"test":"has_component","value":"minecraft:is_baby"},"remove":{"component_groups":["minecraft:start_drowned_transformation"]}}]},"minecraft:entity_spawned":{"randomize":[{"add":{"component_groups":["minecraft:zombie_adult","minecraft:can_have_equipment"]},"remove":{},"weight":380},{"add":{"component_groups":["minecraft:zombie_baby","minecraft:can_have_equipment"]},"remove":{},"weight":17},{"add":{"component_groups":["minecraft:zombie_baby","minecraft:zombie_jockey","minecraft:can_have_equipment"]},"remove":{},"weight":3}]},"minecraft:start_transforming":{"add":{"component_groups":["minecraft:start_drowned_transformation"]},"remove":{"component_groups":["minecraft:look_to_start_drowned_transformation"]}},"minecraft:stop_transforming":{"add":{"component_groups":["minecraft:look_to_start_drowned_transformation"]},"remove":{"component_groups":["minecraft:start_drowned_transformation"]}},"on:death":{"run_command":{"command":[]}},"on:hurt":{"run_command":{"command":[]}},"on:hurt_by_player":{"run_command":{"command":[]}},"on:ignite":{"run_command":{"command":[]}},"on:target_acquired":{"run_command":{"command":[]}},"on:target_escape":{"run_command":{"command":[]}},"on:wake_with_owner":{"run_command":{"command":[]}}}}},
          "monster"
        ]
      },
      "minecraft:attack": {
        "damage": 10
      },
      "minecraft:movement.basic": {},
      "minecraft:loot": {
        "table": "loot_tables/entities/zombie.json"
      },
      "minecraft:navigation.walk": {
        "can_pass_doors": true,
        "can_walk": true,
        "can_break_doors": true,
        "is_amphibious": true
      },
      "minecraft:behavior.hurt_by_target": {
        "priority": 3
      },
      "minecraft:behavior.nearest_attackable_target": {
        "priority": 2,
        "must_see": false,
        "reselect_targets": true,
        "within_radius": 1000,
        "must_see_forget_duration": 17.0,
        "entity_types": [
          {
            "filters": {
              "any_of": [
                {
                  "test": "is_family",
                  "subject": "other",
                  "value": "player"
                }
              ]
            },
            "max_dist": 1000.0,
            "must_see": false
          },
          {
            "filters": {
              "any_of": [
                {
                  "test": "is_family",
                  "subject": "other",
                  "value": "villager"
                },
                {
                  "test": "is_family",
                  "subject": "other",
                  "value": "wandering_trader"
                }
              ]
            },
            "max_dist": 35,
            "must_see": false
          },
          {
            "filters": {
              "all_of": [
                {
                  "test": "is_family",
                  "subject": "other",
                  "value": "baby_turtle"
                },
                {
                  "test": "in_water",
                  "subject": "other",
                  "operator": "!=",
                  "value": true
                }
              ]
            },
            "max_dist": 35
          }
        ],
        "must_reach": false
      },
      "minecraft:scale": {
        "value": 1
      },
      "minecraft:collision_box": {
        "height": 3.0,
        "width": 0.75
      },
      "minecraft:behavior.move_towards_restriction": {
        "speed_multiplier": 1,
        "priority": 5
      },
      "minecraft:underwater_movement": {
        "value": 0.02
      },
      "minecraft:fire_immune": true,
      "minecraft:behavior.owner_hurt_by_target": {
        "priority": 1
      },
      "minecraft:behavior.owner_hurt_target": {
        "priority": 2
      },
      "minecraft:knockback_resistance": {
        "value": 999.0,
        "max": 999.0
      },
      "minecraft:on_death": {
        "event": "on:death",
        "target": "self"
      },
      "minecraft:on_hurt": {
        "event": "on:hurt",
        "target": "self"
      },
      "minecraft:on_hurt_by_player": {
        "event": "on:hurt_by_player",
        "target": "self"
      },
      "minecraft:on_ignite": {
        "event": "on:ignite",
        "target": "self"
      },
      "minecraft:on_target_acquired": {
        "event": "on:target_acquired",
        "target": "self"
      },
      "minecraft:on_target_escape": {
        "event": "on:target_escape",
        "target": "self"
      },
      "minecraft:on_wake_with_owner": {
        "event": "on:wake_with_owner",
        "target": "self"
      },
      "minecraft:lookat": {
        "allow_invulnerable": false,
        "filters": {
          "test": "has_target"
        },
        "look_cooldown": [
          0,
          0
        ],
        "search_radius": 1000.0,
        "set_target": true
      },
      "minecraft:equip_item": {}
    },
    "events": {
      "minecraft:start_transforming": {
        "add": {
          "component_groups": [
            "minecraft:start_drowned_transformation"
          ]
        },
        "remove": {
          "component_groups": [
            "minecraft:look_to_start_drowned_transformation"
          ]
        }
      },
      "minecraft:stop_transforming": {
        "add": {
          "component_groups": [
            "minecraft:look_to_start_drowned_transformation"
          ]
        },
        "remove": {
          "component_groups": [
            "minecraft:start_drowned_transformation"
          ]
        }
      },
      "minecraft:entity_spawned": {
        "randomize": [
          {
            "add": {
              "component_groups": [
                "minecraft:zombie_adult",
                "minecraft:can_have_equipment"
              ]
            },
            "remove": {},
            "weight": 380
          },
          {
            "add": {
              "component_groups": [
                "minecraft:zombie_baby",
                "minecraft:can_have_equipment"
              ]
            },
            "remove": {},
            "weight": 17
          },
          {
            "add": {
              "component_groups": [
                "minecraft:zombie_baby",
                "minecraft:zombie_jockey",
                "minecraft:can_have_equipment"
              ]
            },
            "remove": {},
            "weight": 3
          }
        ]
      },
      "minecraft:convert_to_drowned": {
        "sequence": [
          {
            "filters": {
              "operator": "!=",
              "value": "minecraft:is_baby",
              "test": "has_component"
            },
            "add": {
              "component_groups": [
                "minecraft:convert_to_drowned"
              ]
            },
            "remove": {
              "component_groups": [
                "minecraft:start_drowned_transformation"
              ]
            }
          },
          {
            "filters": {
              "value": "minecraft:is_baby",
              "test": "has_component"
            },
            "add": {
              "component_groups": [
                "minecraft:convert_to_baby_drowned"
              ]
            },
            "remove": {
              "component_groups": [
                "minecraft:start_drowned_transformation"
              ]
            }
          }
        ]
      },
      "minecraft:as_adult": {
        "add": {
          "component_groups": [
            "minecraft:zombie_adult"
          ]
        }
      },
      "minecraft:as_baby": {
        "add": {
          "component_groups": [
            "minecraft:zombie_baby"
          ]
        }
      },
      "on:death": {
        "run_command": {
          "command": []
        }
      },
      "on:hurt": {
        "run_command": {
          "command": []
        }
      },
      "on:hurt_by_player": {
        "run_command": {
          "command": []
        }
      },
      "on:ignite": {
        "run_command": {
          "command": []
        }
      },
      "on:target_acquired": {
        "run_command": {
          "command": []
        }
      },
      "on:target_escape": {
        "run_command": {
          "command": []
        }
      },
      "on:wake_with_owner": {
        "run_command": {
          "command": []
        }
      }
    }
  }
}