{"format_version":"1.10.0","minecraft:entity":{"component_groups":{"adult":{"minecraft:behavior.make_love":{"priority":6},"minecraft:behavior.receive_love":{"priority":7}},"baby":{"minecraft:ageable":{"duration":1200,"grow_up":{"event":"minecraft:ageable_grow_up","target":"self"}},"minecraft:behavior.play":{"priority":8,"speed_multiplier":0.32},"minecraft:behavior.take_flower":{"priority":7},"minecraft:is_baby":{},"minecraft:scale":{"value":0.5}},"become_zombie":{"minecraft:transformation":{"into":"minecraft:zombie_villager"}},"minecraft:pig_transform":{"minecraft:transformation":{"into":"minecraft:zombie_villager"}}},"components":{"minecraft:annotation.open_door":{},"minecraft:behavior.look_at_player":{"look_distance":0,"priority":0,"probability":0},"minecraft:behavior.move_indoors":{"priority":0,"speed_multiplier":0},"minecraft:behavior.move_towards_restriction":{"priority":0,"speed_multiplier":0},"minecraft:behavior.random_stroll":{"priority":0,"speed_multiplier":0},"minecraft:behavior.restrict_open_door":{"priority":5},"minecraft:behavior.share_items":{"entity_types":[{"filters":{"subject":"other","test":"is_family","value":"villager"}}],"goal_radius":2,"max_dist":3,"priority":8,"speed_multiplier":0.5},"minecraft:breathable":{"breathesWater":true,"suffocateTime":0,"totalSupply":15},"minecraft:collision_box":{"height":0,"width":0},"minecraft:damage_sensor":[{"deals_damage":false,"on_damage":{"event":"become_witch","filters":{"subject":"other","test":"is_family","value":"lightning"}}},{"deals_damage":true,"on_damage":{"event":"become_zombie","filters":{"subject":"other","test":"is_family","value":"lightning"}}}],"minecraft:equip_item":{},"minecraft:experience_reward":{"on_death":"query.last_hit_by_player ? 0 : 0"},"minecraft:health":{"max":9999,"value":9999},"minecraft:jump.static":{},"minecraft:movement":{"value":0},"minecraft:movement.basic":{},"minecraft:nameable":{"allowNameTagRenaming":true,"alwaysShow":true},"minecraft:navigation.walk":{"avoid_water":true,"can_open_doors":true,"can_pass_doors":true,"can_path_over_water":true,"can_walk":true,"is_amphibious":true},"minecraft:on_death":{"event":"on:death","target":"self"},"minecraft:on_hurt":{"event":"on:hurt","target":"self"},"minecraft:on_hurt_by_player":{"event":"on:hurt_by_player","target":"self"},"minecraft:on_ignite":{"event":"on:ignite","target":"self"},"minecraft:on_target_acquired":{"event":"on:target_acquired","target":"self"},"minecraft:on_target_escape":{"event":"on:target_escape","target":"self"},"minecraft:on_wake_with_owner":{"event":"on:wake_with_owner","target":"self"},"minecraft:physics":{},"minecraft:scale":{"value":1},"minecraft:transformed":{"minecraft:transformation":{"into":"minecraft:zombie_villager"}},"minecraft:type_family":{"family":["npc"]},"minecraft:underwater_movement":{"value":0.02}},"description":{"identifier":"pa:kokeshi2","is_experimental":false,"is_spawnable":true,"is_summonable":true},"events":{"become_zombie":{"add":{"component_groups":["minecraft:pig_transform"]},"remove":{}},"minecraft:ageable_grow_up":{"sequence":[{"add":{"component_groups":["adult"]},"remove":{"component_groups":["baby"]}}]},"minecraft:entity_born":{"sequence":[{"add":{"component_groups":["baby"]}}]},"minecraft:entity_spawned":{"sequence":[{"filters":{"operator":"!=","test":"has_component","value":"minecraft:variant"},"randomize":[{"add":{"component_groups":["baby"]},"weight":5},{"add":{"component_groups":["adult"]},"weight":95}]}]},"minecraft:entity_transformed":{"sequence":[{"add":{"component_groups":["baby"]},"filters":{"subject":"other","test":"has_component","value":"minecraft:is_baby"}},{"add":{"component_groups":["adult"]},"filters":{"operator":"!=","subject":"other","test":"has_component","value":"minecraft:is_baby"}}]},"on:death":{"run_command":{"command":[]}},"on:hurt":{"run_command":{"command":[]}},"on:hurt_by_player":{"run_command":{"command":[]}},"on:ignite":{"run_command":{"command":[]}},"on:target_acquired":{"run_command":{"command":[]}},"on:target_escape":{"run_command":{"command":[]}},"on:wake_with_owner":{"run_command":{"command":[]}}}}}t_by_player",
        "target": "self"
      },
      "minecraft:on_ignite": {
        "event": "on:ignite",
        "target": "self"
      },
      "minecraft:on_target_acquired": {
        "event": "on:target_acquired",
        "target": "self"
      },
      "minecraft:on_target_escape": {
        "event": "on:target_escape",
        "target": "self"
      },
      "minecraft:on_wake_with_owner": {
        "event": "on:wake_with_owner",
        "target": "self"
      },
      "minecraft:equip_item": {},
      "minecraft:transformed": {
        "minecraft:transformation": {
          "into": "minecraft:zombie_villager"
        }
      }
    },
    "events": {
      "become_zombie": {
        "remove": {},
        "add": {
          "component_groups": [
            "minecraft:pig_transform"
          ]
        }
      },
      "minecraft:entity_spawned": {
        "sequence": [
          {
            "filters": {
              "test": "has_component",
              "operator": "!=",
              "value": "minecraft:variant"
            },
            "randomize": [
              {
                "weight": 5,
                "add": {
                  "component_groups": [
                    "baby"
                  ]
                }
              },
              {
                "weight": 95,
                "add": {
                  "component_groups": [
                    "adult"
                  ]
                }
              }
            ]
          }
        ]
      },
      "minecraft:entity_transformed": {
        "sequence": [
          {
            "filters": {
              "test": "has_component",
              "subject": "other",
              "value": "minecraft:is_baby"
            },
            "add": {
              "component_groups": [
                "baby"
              ]
            }
          },
          {
            "filters": {
              "test": "has_component",
              "subject": "other",
              "operator": "!=",
              "value": "minecraft:is_baby"
            },
            "add": {
              "component_groups": [
                "adult"
              ]
            }
          }
        ]
      },
      "minecraft:entity_born": {
        "sequence": [
          {
            "add": {
              "component_groups": [
                "baby"
              ]
            }
          }
        ]
      },
      "minecraft:ageable_grow_up": {
        "sequence": [
          {
            "remove": {
              "component_groups": [
                "baby"
              ]
            },
            "add": {
              "component_groups": [
                "adult"
              ]
            }
          }
        ]
      },
      "on:death": {
        "run_command": {
          "command": []
        }
      },
      "on:hurt": {
        "run_command": {
          "command": []
        }
      },
      "on:hurt_by_player": {
        "run_command": {
          "command": []
        }
      },
      "on:ignite": {
        "run_command": {
          "command": []
        }
      },
      "on:target_acquired": {
        "run_command": {
          "command": []
        }
      },
      "on:target_escape": {
        "run_command": {
          "command": []
        }
      },
      "on:wake_with_owner": {
        "run_command": {
          "command": []
        }
      }
    }
  }
}