{
  "format_version": "1.16.100",
  "minecraft:item": {
    "description": {
      "identifier": "pa:milk",
      "category": "items"
    },
    "components": {
      "minecraft:hand_equipped": false,
      "minecraft:max_stack_size": 64,
      "minecraft:foil": false,
      "minecraft:food": {
        "saturation_modifier": "normal",
        "nutrition": 4,
        "can_always_eat": true,
        "on_consume": {
          "event": "on_consume_effects",
          "target": "self"
        }
      },
      "minecraft:use_duration": 1,
      "minecraft:use_animation": "eat",
      "minecraft:cooldown": {
        "category": "action_cooldown",
        "duration": 32
      },
      "minecraft:icon": {
        "texture": "pa:milk"
      },
      "minecraft:render_offsets": {
        "main_hand": {
          "third_person": {
            "scale": [
              0.1,
              0.1,
              0.1
            ]
          },
          "first_person": {
            "scale": [
              0.037999999999977205,
              0.037999999999977205,
              0.037999999999977205
            ]
          }
        },
        "off_hand": {
          "third_person": {
            "scale": [
              0.1,
              0.1,
              0.1
            ]
          },
          "first_person": {
            "scale": [
              0.037999999999977205,
              0.037999999999977205,
              0.037999999999977205
            ]
          }
        }
      }
    }
  }
}