{
    "format_version": "1.16.0",
    "minecraft:entity": {
        "description": {
            "identifier": "rai:item",
            "is_spawnable": false,
            "is_summonable": false,
            "is_experimental": false
        },
        "component_groups": {
            "start": {
                "minecraft:timer": {
                    "looping": false,
                    "time": 180,
                    "time_down_event": {
                        "event": "despawn"
                    }
                }
            },
            "naginata": {
                "minecraft:interact": {
                  "interactions": [
                        {
                          "on_interact": {
                            "event": "despawn"
                          },
                          "add_items": {
                            "table": "loot_tables/jujutsu/items/naginata.json"
                          },
                          "interact_text": "action.interact.toru"
                        }
                    ]
                },
                "minecraft:variant": {
                    "value": 0
                }
            },
            "nanami_sword": {
                "minecraft:interact": {
                  "interactions": [
                        {
                          "on_interact": {
                            "event": "despawn"
                          },
                          "add_items": {
                            "table": "loot_tables/jujutsu/items/nanami_sword.json"
                          },
                          "interact_text": "action.interact.toru"
                        }
                    ]
                },
                "minecraft:variant": {
                    "value": 1
                }
            },
            "yuun": {
                "minecraft:interact": {
                  "interactions": [
                        {
                          "on_interact": {
                            "event": "despawn"
                          },
                          "add_items": {
                            "table": "loot_tables/jujutsu/items/yuun.json"
                          },
                          "interact_text": "action.interact.toru"
                        }
                    ]
                },
                "minecraft:variant": {
                    "value": 2
                }
            },
            "touji_sword": {
                "minecraft:interact": {
                  "interactions": [
                        {
                          "on_interact": {
                            "event": "despawn"
                          },
                          "add_items": {
                            "table": "loot_tables/jujutsu/items/touji_sword.json"
                          },
                          "interact_text": "action.interact.toru"
                        }
                    ]
                },
                "minecraft:variant": {
                    "value": 3
                }
            },
            "amanosakahoko": {
                "minecraft:interact": {
                  "interactions": [
                        {
                          "on_interact": {
                            "event": "despawn"
                          },
                          "add_items": {
                            "table": "loot_tables/jujutsu/items/amanosakahoko.json"
                          },
                          "interact_text": "action.interact.toru"
                        }
                    ]
                },
                "minecraft:variant": {
                    "value": 4
                }
            },
            "megumi_sword": {
                "minecraft:interact": {
                  "interactions": [
                        {
                          "on_interact": {
                            "event": "despawn"
                          },
                          "add_items": {
                            "table": "loot_tables/jujutsu/items/megumi_sword.json"
                          },
                          "interact_text": "action.interact.toru"
                        }
                    ]
                },
                "minecraft:variant": {
                    "value": 5
                }
            },
            "despawn": {
                "minecraft:instant_despawn": {
                }
            }
        },
        "components": {
            "minecraft:fire_immune": {
            },
            "minecraft:knockback_resistance": {
                "value": 1
            },
            "minecraft:timer": {
                "looping": false,
                "time": 0,
                "time_down_event": {
                    "event": "start"
                }
            },
            "minecraft:damage_sensor": {
                "triggers": [
                    {
                        "cause": "all",
                        "deals_damage": false
                    }
                ]
            },
            "minecraft:collision_box": {
                "width": 0.25,
                "height": 0.25
            },
            "minecraft:health": {
                "value": 1,
                "min": 1
            },
            "minecraft:pushable": {
                "is_pushable": false,
                "is_pushable_by_piston": false
            },
            "minecraft:physics": {}
        },
        "events": {
            "start": {
                "sequence": [
                    {
                        "add": {
                            "component_groups": [
                                "start"
                            ]
                        }
                    },
                    {
                        "randomize": [
                            {
                                "weight": 1,
                                "add": {
                                    "component_groups": [
                                        "naginata"
                                    ]
                                }
                            },
                            {
                                "weight": 1,
                                "add": {
                                    "component_groups": [
                                        "nanami_sword"
                                    ]
                                }
                            },
                            {
                                "weight": 1,
                                "add": {
                                    "component_groups": [
                                        "yuun"
                                    ]
                                }
                            },
                            {
                                "weight": 1,
                                "add": {
                                    "component_groups": [
                                        "touji_sword"
                                    ]
                                }
                            },
                            {
                                "weight": 1,
                                "add": {
                                    "component_groups": [
                                        "amanosakahoko"
                                    ]
                                }
                            },
                            {
                                "weight": 1,
                                "add": {
                                    "component_groups": [
                                        "megumi_sword"
                                    ]
                                }
                            }
                        ]
                    }
                ]
            },
            "despawn": {
                "add": {
                    "component_groups": [
                        "despawn"
                    ]
                }
            }
        }
    }
}