{
    "format_version": "1.12.0",
    "minecraft:entity": {
        "description": {
            "identifier": "rai:ao",
            "is_spawnable": false,
            "is_summonable": true,
            "is_experimental": false
        },
        "component_groups": {
            "tp": {
                "minecraft:type_family": {
                    "family": [
                        "damage",
                        "jurei_hit",
                        "ao_tp"
                    ]
                },
                "minecraft:timer": {
                },
                "minecraft:behavior.knockback_roar": {
                    "priority": 1,
                    "duration": 0.1,
                    "attack_time": 0.1,
                    "knockback_damage": 0,
                    "knockback_strength": -20,
                    "knockback_range": 6,
                    "knockback_filters": {
                        "test": "has_tag",
                        "value": "ao_tp"
                    },
                    "damage_filters": {
                        "test": "is_family",
                        "value": "ao_tp"
                    },
                    "on_roar_end": {
                        "event": "despawn"
                    },
                    "cooldown_time": 0
                }
            },
            "start": {
                "minecraft:timer": {
                    "looping": false,
                    "time": 3,
                    "time_down_event": {
                        "event": "despawn"
                    }
                }
            },
            "despawn": {
                "minecraft:instant_despawn": {
                    "remove_child_entities": true
                }
            }
        },
        "components": {
            "minecraft:behavior.knockback_roar": {
                "priority": 1,
                "duration": 0.1,
                "attack_time": 0.1,
                "knockback_damage": 4,
                "knockback_strength": -1.5,
                "knockback_range": 40,
                "knockback_filters": {
                    "all_of": [
                        {
                            "test": "has_tag",
                            "operator": "not",
                            "value": "ao"
                        },
                        {
                            "test": "has_tag",
                            "operator": "not",
                            "value": "creative"
                        }
                    ]
                },
                "damage_filters": {
                    "all_of": [
                        {
                            "test": "has_tag",
                            "operator": "not",
                            "value": "ao"
                        },
                        {
                            "test": "has_tag",
                            "operator": "not",
                            "value": "creative"
                        }
                    ]
                },
                "cooldown_time": 0
            },
            "minecraft:knockback_resistance": {
                "value": 1
            },
            "minecraft:behavior.float": {
                "priority": 0
            },
            "minecraft:timer": {
                "looping": false,
                "time": 0,
                "time_down_event": {
                    "event": "start"
                }
            },
            "minecraft:type_family": {
                "family": [
                    "damage",
                    "jurei_hit",
                    "ao"
                ]
            },
            "minecraft:damage_sensor": [
                    {
                        "cause": "all",
                        "deals_damage": false
                    }
                ],
            "minecraft:scale": 0,
            "minecraft:collision_box": {
                "width": 0,
                "height": 0
            },
            "minecraft:pushable": {
                "is_pushable": false,
                "is_pushable_by_piston": false
            }
        },
        "events": {
            "start": {
                "add": {
                    "component_groups": [
                        "start"
                    ]
                }
            },
            "tp": {
                "add": {
                    "component_groups": [
                        "tp"
                    ]
                }
            },
            "despawn": {
                "add": {
                    "component_groups": [
                        "despawn"
                    ]
                }
            }
        }
    }
}