{
    "format_version": "1.8.0",
    "minecraft:entity": {
        "description": {
            "identifier": "rai:damage",
            "is_spawnable": false,
            "is_summonable": true,
            "is_experimental": false
        },
        "component_groups": {
            "okkotsu_damage": {
                "minecraft:behavior.knockback_roar": {
                    "priority": 1,
                    "duration": 0.1,
                    "attack_time": 0.1,
                    "knockback_damage": 16,
                    "knockback_strength": 2,
                    "knockback_range": 4,
                    "knockback_filters": {
                        "test": "has_tag",
                        "subject": "other",
                        "operator": "not",
                        "value": "okkotsu_damage"
                    },
                    "damage_filters": {
                        "test": "has_tag",
                        "subject": "other",
                        "operator": "not",
                        "value": "okkotsu_damage"
                    },
                    "on_roar_end": {
                        "event": "despawn"
                    },
                    "cooldown_time": 100
                }
            },
            "yuun_damage": {
                "minecraft:behavior.knockback_roar": {
                    "priority": 1,
                    "duration": 0.1,
                    "attack_time": 0.1,
                    "knockback_damage": 18,
                    "knockback_strength": 5,
                    "knockback_range": 1,
                    "knockback_filters": {
                        "test": "has_tag",
                        "subject": "other",
                        "operator": "not",
                        "value": "yuun_damage"
                    },
                    "damage_filters": {
                        "test": "has_tag",
                        "subject": "other",
                        "operator": "not",
                        "value": "yuun_damage"
                    },
                    "on_roar_end": {
                        "event": "despawn"
                    },
                    "cooldown_time": 100
                }
            },
            "despawn": {
                "minecraft:instant_despawn": {
                    "remove_child_entities": true
                }
            }
        },
        "components": {
            "minecraft:type_family": {
                "family": [
                    "damage",
                    "jurei_hit"
                ]
            },
            "minecraft:damage_sensor": [
                {
                    "cause": "all",
                    "deals_damage": false
                }
            ],
            "minecraft:collision_box": {
                "width": 0,
                "height": 0
            },
            "minecraft:timer": {
                "looping": true,
                "time": 1,
                "time_down_event": {
                    "event": "despawn"
                }
            },
            "minecraft:scale": {
                "value": 0
            }
        },
        "events": {
            "despawn": {
                "add": {
                    "component_groups": [
                        "despawn"
                    ]
                }
            },
            "okkotsu_damage": {
                "add": {
                    "component_groups": [
                        "okkotsu_damage"
                    ]
                }
            },
            "yuun_damage": {
                "add": {
                    "component_groups": [
                        "yuun_damage"
                    ]
                }
            }
        }
    }
}
