{
    "format_version": "1.12.0",
    "minecraft:entity": {
        "description": {
            "identifier": "rai:gojo",
            "is_spawnable": true,
            "is_summonable": true,
            "is_experimental": false,
            "scripts": {
                "animate": [
                    "kokusen"
                ]
            },
            "animations": {
                "kokusen": "controller.animation.kokusen"
            }
        },
        "component_groups": {
            "infinity": {
                "minecraft:attack": {
                    "damage": 18
                },
                "minecraft:movement": {
                    "value": 0.3
                }
            },
            "reset_infinity": {
                "minecraft:attack": {
                    "damage": 26
                },
                "minecraft:movement": {
                    "value": 0.4
                }
            },
            "muryokusho": {
                "minecraft:spawn_entity": [
                    {
                        "min_wait_time": 0,
                        "max_wait_time": 0,
                        "spawn_entity": "rai:muryokusho",
                        "num_to_spawn": 1,
                        "single_use": true
                    }
                ]
            },
            "reset": {
                "minecraft:damage_sensor": {
                    "triggers": [
                        {
                            "on_damage": {
                                "filters": {
                                    "all_of": [
                                        {
                                            "test" :  "has_tag",
                                            "value" :  "infinity"
                                        },
                                        {
                                            "test" :  "has_damage",
                                            "value" :  "attack"
                                        },
                                        {
                                            "test" :  "has_tag",
                                            "subject": "other",
                                            "operator": "not",
                                            "value" :  "jutsushiki_kaijo"
                                        }
                                    ]
                                }
                            },
                            "deals_damage": false
                        },
                        {
                            "on_damage": {
                                "filters": {
                                    "all_of": [
                                        {
                                            "test" :  "has_tag",
                                            "value" :  "infinity"
                                        },
                                        {
                                            "test" :  "has_damage",
                                            "value" :  "projectile"
                                        }
                                    ]
                                }
                            },
                            "deals_damage": false
                        }
                    ]
                }
            },
            "aka": {
                "minecraft:spawn_entity": [
                    {
                        "min_wait_time": 0,
                        "max_wait_time": 0,
                        "spawn_entity": "rai:aka",
                        "num_to_spawn": 1,
                        "single_use": true
                    }
                ]
            },
            "aka2": {
                "minecraft:timer": {
                    "looping": false,
                    "time": 0.5,
                    "time_down_event": {
                        "event": "aka2"
                    }
                }
            },
            "ao": {
                "minecraft:spawn_entity": [
                    {
                        "min_wait_time": 0,
                        "max_wait_time": 0,
                        "spawn_entity": "rai:ao",
                        "num_to_spawn": 1,
                        "single_use": true
                    }
                ]
            },
            "ao2": {
                "minecraft:timer": {
                    "looping": false,
                    "time": 3.5,
                    "time_down_event": {
                        "event": "ao2"
                    }
                }
            },
            "murasaki": {
                "minecraft:spawn_entity": [
                    {
                        "min_wait_time": 0,
                        "max_wait_time": 0,
                        "spawn_entity": "rai:murasaki_particle",
                        "num_to_spawn": 1,
                        "spawn_event": "gojo",
                        "single_use": true
                    }
                ],
                "minecraft:timer": {
                    "looping": false,
                    "time": 1.5,
                    "time_down_event": {
                        "event": "murasaki0"
                    }
                }
            },
            "murasaki0": {
                "minecraft:spawn_entity": [
                    {
                        "min_wait_time": 0,
                        "max_wait_time": 0,
                        "spawn_entity": "rai:murasaki",
                        "num_to_spawn": 1,
                        "spawn_event": "gojo",
                        "single_use": true
                    }
                ]
            },
            "murasaki2": {
                "minecraft:damage_sensor": {
                    "triggers": [
                        {
                            "on_damage": {
                                "filters": {
                                    "all_of": [
                                        {
                                            "test" :  "has_tag",
                                            "value" :  "infinity"
                                        },
                                        {
                                            "test" :  "has_damage",
                                            "value" :  "attack"
                                        },
                                        {
                                            "test" :  "has_tag",
                                            "subject": "other",
                                            "operator": "not",
                                            "value" :  "jutsushiki_kaijo"
                                        }
                                    ]
                                }
                            },
                            "deals_damage": false
                        },
                        {
                            "on_damage": {
                                "filters": {
                                    "test" :  "is_family",
                                    "subject": "other",
                                    "value" :  "murasaki4"
                                }
                            },
                            "deals_damage": false
                        },
                        {
                            "on_damage": {
                                "filters": {
                                    "all_of": [
                                        {
                                            "test" :  "has_tag",
                                            "value" :  "infinity"
                                        },
                                        {
                                            "test" :  "has_damage",
                                            "value" :  "projectile"
                                        }
                                    ]
                                }
                            },
                            "deals_damage": false
                        }
                    ]
                },
                "minecraft:timer": {
                    "looping": false,
                    "time": 4,
                    "time_down_event": {
                        "event": "murasaki2"
                    }
                }
            },
            "murasaki3": {
                "minecraft:damage_sensor": {
                    "triggers": {
                      "cause": "projectile",
                      "deals_damage": false
                    }
                }
            },
            "despawn": {
                "minecraft:instant_despawn": {
                    "remove_child_entities": true
                }
            }
        },
        "components": {
            "minecraft:boss": {
                "name": "entity.rai:gojo.name",
                "hud_range": 5
            },
            "minecraft:on_target_acquired": {
                "event": "target"
            },
            "minecraft:on_target_escape": {
                "event": "target2"
            },
            "minecraft:interact": [
                {
                    "on_interact": {
                        "filters": {
                            "test": "has_equipment",
                            "subject": "other",
                            "domain": "hand",
                            "value": "rai:gokumonkyou2"
                        },
                        "event": "despawn",
                        "target": "self"
                    },
                    "spawn_items": { "table": "loot_tables/jujutsu/gokumonkyou.json" },
                    "use_item": true,
                    "interact_text": "獄門彊を使う"
                }
            ],
            "minecraft:damage_sensor": {
                "triggers": [
                    {
                        "on_damage": {
                            "filters": {
                                "all_of": [
                                    {
                                        "test" :  "has_tag",
                                        "value" :  "infinity"
                                    },
                                    {
                                        "test" :  "has_damage",
                                        "value" :  "attack"
                                    },
                                    {
                                        "test" :  "has_tag",
                                        "subject": "other",
                                        "operator": "not",
                                        "value" :  "jutsushiki_kaijo"
                                    }
                                ]
                            }
                        },
                        "deals_damage": false
                    },
                    {
                        "on_damage": {
                            "filters": {
                                "all_of": [
                                    {
                                        "test" :  "has_tag",
                                        "value" :  "infinity"
                                    },
                                    {
                                        "test" :  "has_damage",
                                        "value" :  "projectile"
                                    }
                                ]
                            }
                        },
                        "deals_damage": false
                    }
                ]
            },
            "minecraft:teleport": {
                "random_teleports": true,
                "max_random_teleport_time": 30,
                "random_teleport_cube": [ 3, 3, 3 ],
                "target_distance": 16,
                "target_teleport_chance": 0.1
            },
            "minecraft:behavior.float": {
                "priority": 0
            },
            "minecraft:behavior.melee_attack": {
                "priority": 1
            },
            "minecraft:behavior.nearest_attackable_target": {
                "priority": 3,
                "must_see": true,
                "within_radius": 64,
                "entity_types": {
                    "filters": {
                        "any_of": [
                            {
                                "test": "is_family",
                                "subject": "other",
                                "operator": "==",
                                "value": "jurei"
                            },
                            {
                                "test": "is_family",
                                "subject": "other",
                                "operator": "==",
                                "value": "jusoshi"
                            }
                        ]
                    }
                }
            },
            "minecraft:follow_range": {
                "value": 100
            },
            "minecraft:behavior.hurt_by_target": {
                "priority": 2,
                "entity_types": {
                    "filters": {
                        "all_of": [
                            { "test" :  "is_family", "subject" : "other", "operator": "!=", "value" :  "damage" },
                            { "test" :  "is_family", "subject" : "other", "operator": "!=", "value" :  "jujutsushi" }
                        ]
                    }
                }
            },
            "minecraft:behavior.ranged_attack": {
              "priority": 4,
              "attack_interval_min": 1.0,
              "attack_interval_max": 3.0,
              "attack_radius": 15.0
            },
            "minecraft:behavior.look_at_target": {
                "priority": 5,
                "look_distance": 20,
                "probability": 1
            },
            "minecraft:behavior.random_stroll": {
                "priority": 6,
                "speed_multiplier": 0.5
            },
            "minecraft:behavior.look_at_player": {
                "priority": 7,
                "look_distance": 6,
                "probability": 0.2
            },
            "minecraft:behavior.random_look_around": {
                "priority": 8
            },
            "minecraft:loot": {
              "table": "loot_tables/jujutsu/gojo.json"
            },
            "minecraft:navigation.walk": {
                "can_path_over_water": true
            },
            "minecraft:breathable": {
                "total_supply": 15,
                "suffocate_time": 0
            },
            "minecraft:nameable": {},
            "minecraft:knockback_resistance": {
                "value": 0.5
            },
            "minecraft:type_family": {
                "family": [
                    "gojo_satoru",
                    "jujutsushi",
                    "jurei_hit"
                ]
            },
            "minecraft:collision_box": {
                "width": 0.6,
                "height": 1.8
            },
            "minecraft:health": {
                "value": 1400
            },
            "minecraft:attack": {
                "damage": 26
            },
            "minecraft:movement": {
                "value": 0.4
            },
            "minecraft:movement.basic": {},
            "minecraft:jump.static": {},
            "minecraft:physics": {}
        },
        "events": {
            "target": {
                "run_command": {
                    "command": [
                        "tag @s add target"
                    ]
                }
            },
            "target2": {
                "run_command": {
                    "command": [
                        "tag @s remove target"
                    ]
                }
            },
            "attack": {
                "run_command": {
                    "command": [
                        "scoreboard objectives add attack dummy",
                        "tag @s[scores={muryokusho2=1..2},tag=!muryokusho_attack] add muryokusho_attack",
                        "scoreboard players random @s[tag=!infinity,tag=!muryokusho_attack] attack 0 100",
                        "scoreboard players random @s[tag=infinity,tag=!muryokusho_attack] attack 50 100",
                        "execute @s[scores={attack=76..85},tag=!muryokusho,tag=!muryokusho_attack] ~~~ tellraw @a[r=40] {\"rawtext\":[{\"text\":\"<\"},{\"selector\":\"@s\"},{\"text\":\"> \"},{\"translate\":\"entity.rai:ao.name\"}]}",
                        "event entity @s[scores={attack=76..85},tag=!muryokusho,tag=!muryokusho_attack] ao",
                        "execute @s[scores={attack=86..95},tag=!muryokusho,tag=!muryokusho_attack] ~~~ tellraw @a[r=20] {\"rawtext\":[{\"text\":\"<\"},{\"selector\":\"@s\"},{\"text\":\"> \"},{\"translate\":\"entity.rai:aka.name\"}]}",
                        "execute @s[scores={attack=86..95},tag=!muryokusho,tag=!muryokusho_attack] ~~~ particle particle:aka ^^1^1",
                        "event entity @s[scores={attack=86..95},tag=!muryokusho,tag=!muryokusho_attack] aka",
                        "execute @s[scores={attack=96..100},tag=!muryokusho,tag=!muryokusho_attack] ~~~ tellraw @a[r=8] {\"rawtext\":[{\"text\":\"<\"},{\"selector\":\"@s\"},{\"text\":\"> \"},{\"translate\":\"entity.rai:murasaki.name\"}]}",
                        "event entity @s[scores={attack=96..100},tag=!muryokusho,tag=!muryokusho_attack] murasaki",
                        "execute @s[scores={attack=0..49},tag=!muryokusho,tag=!muryokusho_attack] ~~~ tellraw @a[r=8] {\"rawtext\":[{\"text\":\"<\"},{\"selector\":\"@s\"},{\"text\":\"> \"},{\"translate\":\"tellraw.infinity\"}]}",
                        "tag @s[scores={attack=0..49},tag=!muryokusho,tag=!muryokusho_attack] add infinity",
                        "event entity @s[scores={attack=0..49},tag=!muryokusho,tag=!muryokusho_attack] infinity",
                        "scoreboard players set @s[scores={attack=0..49},tag=!muryokusho,tag=!muryokusho_attack] infinity 240",
                        "execute @s[scores={attack=50},tag=!muryokusho,tag=!muryokusho_attack] ~~~ tellraw @a[r=18] {\"rawtext\":[{\"text\":\"<\"},{\"selector\":\"@s\"},{\"text\":\"> \"},{\"translate\":\"item.rai:muryokusho\"}]}",
                        "scoreboard players set @s[scores={attack=50},tag=!muryokusho,tag=!muryokusho_attack] muryokusho 1200",
                        "event entity @s[scores={attack=50},tag=!muryokusho,tag=!muryokusho_attack] muryokusho",
                        "execute @s[scores={attack=50},tag=!muryokusho,tag=!muryokusho_attack] ~~~ particle jujutsu:muryokusho ~~~",
                        "tag @s[scores={attack=50},tag=!muryokusho_attack] add muryokusho",
                        "tag @s remove muryokusho_attack"
                    ]
                }
            },
            "infinity": {
                "add": {
                    "component_groups": [
                        "infinity"
                    ]
                }
            },
            "reset_infinity": {
                "add": {
                    "component_groups": [
                        "reset_infinity"
                    ]
                }
            },
            "muryokusho": {
                "add": {
                    "component_groups": [
                        "muryokusho"
                    ]
                }
            },
            "ao": {
                "add": {
                    "component_groups": [
                        "ao",
                        "ao2"
                    ]
                },
                "run_command": {
                    "command": [
                        "tag @s add ao"
                    ]
                }
            },
            "ao2": {
                "remove": {
                    "component_groups": [
                        "ao2"
                    ]
                },
                "run_command": {
                    "command": [
                        "tag @s remove ao"
                    ]
                }
            },
            "aka": {
                "add": {
                    "component_groups": [
                        "aka",
                        "aka2"
                    ]
                },
                "run_command": {
                    "command": [
                        "tag @s add aka"
                    ]
                }
            },
            "aka2": {
                "remove": {
                    "component_groups": [
                        "aka2"
                    ]
                },
                "run_command": {
                    "command": [
                        "tag @s remove aka"
                    ]
                }
            },
            "murasaki": {
                "add": {
                    "component_groups": [
                        "murasaki"
                    ]
                }
            },
            "murasaki0": {
                "add": {
                    "component_groups": [
                        "murasaki0",
                        "murasaki2"
                    ]
                }
            },
            "murasaki2": {
                "add": {
                    "component_groups": [
                        "murasaki3",
                        "reset"
                    ]
                },
                "remove": {
                    "component_groups": [
                        "murasaki2"
                    ]
                }
            },
            "despawn": {
                "add": {
                    "component_groups": [
                        "despawn"
                    ]
                }
            }
        }
    }
}