{
  "format_version": "1.12.0",
  "minecraft:entity": {
    "description": {
      "identifier": "rai:gyokuken_megumi",
      "is_spawnable": false,
      "is_summonable": false,
      "is_experimental": false
    },
    "component_groups": {
      "despawn": {
        "minecraft:instant_despawn": {
          "remove_child_entities": true
        }
      }
    },
    "components": {
      "minecraft:damage_sensor": {
        "triggers": [
          {
            "on_damage": {
              "filters": {
                  "test" :  "has_damage",
                  "value" :  "fatal"
                },
                "event": "despawn"
              },
            "deals_damage": false
          },
          {
            "on_damage": {
              "filters": {
                  "test" :  "has_tag",
                  "subject": "other",
                  "value" :  "jutsushiki_kaijo"
                },
                "event": "despawn"
              },
            "deals_damage": true
          }
        ]
      },
      "minecraft:behavior.nearest_attackable_target": {
       "priority": 1,
       "must_see": true,
       "within_radius": 64,
       "entity_types": [
        {
          "filters": {
            "any_of": [
              { "test": "is_family", "subject": "other", "value": "jurei" },
              { "test": "is_family", "subject": "other", "value": "jusoshi" }
            ]
          },
          "max_dist": 35
        },
        {
          "filters": {
            "test": "is_family", "subject": "other", "value": "player"
          },
          "max_dist": 35
        }
       ]
     },
      "minecraft:timer": {
        "looping": true,
        "time": 20,
        "time_down_event": {
          "event": "despawn"
        }
      },
      "minecraft:nameable": {
      },
      "minecraft:type_family": {
        "family": [
          "shikigami",
          "jurei_hit"
        ]
      },
      "minecraft:collision_box": {
        "width": 1,
        "height": 1.2
      },
      "minecraft:movement.basic": {
      },
      "minecraft:navigation.walk": {
        "is_amphibious": true,
        "can_pass_doors": true,
        "can_walk": true,
        "can_break_doors": true
      },
      "minecraft:annotation.break_door": {
      },
      "minecraft:jump.static": {
      },
      "minecraft:can_climb": {
      },
      "minecraft:health": {
        "value": 100
      },
      "minecraft:movement": {
        "value": 0.4
      },
      "minecraft:breathable": {
        "total_supply": 15,
        "suffocate_time": 0,
        "breathes_air": true,
        "breathes_water": true
      },
      "minecraft:attack": {
        "damage": 5
      },
      "minecraft:behavior.float": {
        "priority": 0
      },
    "minecraft:follow_range": {
        "value": 100
    },
    "minecraft:behavior.melee_attack": {
      "priority": 2
    },
      "minecraft:physics": {
      },
      "minecraft:pushable": {
        "is_pushable": true,
        "is_pushable_by_piston": true
      }
    },
    "events": {
      "despawn": {
        "run_command": {
          "command": "particle jujutsu:shikigami ~~~"
        },
        "add": {
          "component_groups": [
            "despawn"
          ]
        }
      }
    }
  }
}