{
  "format_version": "1.12.0",
  "minecraft:entity": {
    "description": {
      "identifier": "rai:gyokuken",
      "is_spawnable": true,
      "is_summonable": true,
      "is_experimental": false
    },
    "component_groups": {
      "gyokuken_kon": {
        "minecraft:variant": {
          "value": 1
        },
        "minecraft:health": {
          "value": 400,
          "max": 400
        },
        "minecraft:movement": {
          "value": 0.45
        },
        "minecraft:attack": {
          "damage": 10
        }
      },
      "on_tame": {
        "minecraft:damage_sensor": {
          "triggers": [
            {
              "on_damage": {
                "filters": {
                    "test" :  "has_damage",
                    "value" :  "fatal"
                  },
                  "event": "despawn"
                },
              "deals_damage": false
            },
            {
              "on_damage": {
                "filters": {
                    "test" :  "has_tag",
                    "subject": "other",
                    "value" :  "jutsushiki_kaijo"
                  },
                  "event": "despawn"
                },
              "deals_damage": true
            }
          ]
        },
        "minecraft:timer": {
          "looping": false,
          "time": 0
        },
        "minecraft:pushable": {
          "is_pushable": true,
          "is_pushable_by_piston": true
        },
        "minecraft:behavior.owner_hurt_by_target": {
          "priority": 1
        },
        "minecraft:behavior.owner_hurt_target": {
          "priority": 2
        },
        "minecraft:is_tamed": {
        },
        "minecraft:behavior.follow_owner": {
          "priority": 6,
          "speed_multiplier": 1.0,
          "start_distance": 10,
          "stop_distance": 2
        },
        "minecraft:knockback_resistance": {
          "value": 0
        },
        "minecraft:behavior.nearest_attackable_target": {
         "priority": 3,
         "must_see": true,
         "within_radius": 64,
         "entity_types": [
           {
             "filters": {
               "all_of": [
                 { "test": "is_family", "subject": "other", "operator": "not", "value": "player" }
               ],
               "any_of": [
                 { "test": "is_family", "subject": "other", "value": "jurei" },
                 { "test": "is_family", "subject": "other", "value": "jusoshi" }
               ]
             },
             "max_dist": 35
           }
         ]
       },
        "minecraft:behavior.random_stroll": {
          "priority": 7,
          "speed_multiplier": 1
        },
        "minecraft:behavior.look_at_player": {
          "priority": 8,
          "look_distance": 6,
          "probability": 0.02
        },
        "minecraft:behavior.random_look_around": {
          "priority": 9
        }
      },
      "despawn": {
        "minecraft:instant_despawn": {
          "remove_child_entities": true
        }
      }
    },
    "components": {
      "minecraft:variant": {
        "value": 0
      },
      "minecraft:damage_sensor": [
        {
          "cause": "all",
          "deals_damage": false
        }
      ],
      "minecraft:boss": {
          "name": "entity.rai:gyokuken.name",
          "hud_range": 5
      },
      "minecraft:timer": {
        "looping": true,
        "time": 1,
        "time_down_event": {
          "event": "particle"
        }
      },
      "minecraft:knockback_resistance": {
        "value": 1
      },
      "minecraft:tameable": {
        "probability": 1,
        "tame_items": "rai:gyokuken3",
        "tame_event": {
          "event": "minecraft:on_tame",
          "target": "self"
        }
      },
      "minecraft:nameable": {
      },
      "minecraft:type_family": {
        "family": [
          "shikigami",
          "jurei_hit"
        ]
      },
      "minecraft:collision_box": {
        "width": 1,
        "height": 1.2
      },
      "minecraft:movement.basic": {
      },
      "minecraft:navigation.walk": {
        "is_amphibious": true,
        "can_pass_doors": true,
        "can_walk": true,
        "can_break_doors": true
      },
      "minecraft:annotation.break_door": {
      },
      "minecraft:jump.static": {
      },
      "minecraft:can_climb": {
      },
      "minecraft:health": {
        "value": 100
      },
      "minecraft:movement": {
        "value": 0.4
      },
      "minecraft:breathable": {
        "total_supply": 15,
        "suffocate_time": 0,
        "breathes_air": true,
        "breathes_water": true
      },
      "minecraft:attack": {
        "damage": 5
      },
      "minecraft:behavior.float": {
        "priority": 0
      },
    "minecraft:follow_range": {
        "value": 100
    },
    "minecraft:behavior.melee_attack": {
      "priority": 5
    },
      "minecraft:physics": {
      },
      "minecraft:pushable": {
        "is_pushable": false,
        "is_pushable_by_piston": false
      }
    },
    "events": {
      "gyokuken_kon": {
        "add": {
          "component_groups": [
            "gyokuken_kon"
          ]
        }
      },
      "particle": {
        "run_command": {
          "command": [
            "particle jujutsu:shikigami2 ~~1~"
          ]
        }
      },
      "minecraft:on_tame": {
        "run_command": {
          "command": "effect @s instant_health 2 255 true"
        },
        "add": {
          "component_groups": [
            "on_tame"
          ]
        }
      },
      "despawn": {
        "run_command": {
          "command": [
            "particle jujutsu:shikigami ~~~",
            "event entity @e[type=rai:gyokuken2,r=50] gyokuken_kon"
          ]
        },
        "add": {
          "component_groups": [
            "despawn"
          ]
        }
      }
    }
  }
}