
{
    "format_version": "1.8.0",
    "minecraft:entity": {
        "description": {
            "identifier": "rai:hukumamidushi2",
            "is_spawnable": false,
            "is_summonable": false,
            "is_experimental": false
        },
        "component_groups": {
            "despawn": {
                "minecraft:instant_despawn": {
                }
            }
        },
        "components": {
            "minecraft:collision_box": {
                "width": 0,
                "height": 0
            },
            "minecraft:timer": {
                "looping": false,
                "time": 3,
                "time_down_event": {
                    "event": "despawn"
                }
            },
            "minecraft:behavior.knockback_roar": {
                "priority": 1,
                "duration": 0.1,
                "attack_time": 0.1,
                "knockback_damage": 8,
                "knockback_strength": 0,
                "knockback_range": 200,
                "knockback_filters": {
                    "all_of": [
                        {
                            "test": "has_tag",
                            "operator": "not",
                            "value": "hukumamidushi"
                        },
                        {
                            "test": "has_tag",
                            "operator": "not",
                            "value": "creative"
                        }
                    ]
                },
                "damage_filters": {
                    "all_of": [
                        {
                            "test": "has_tag",
                            "operator": "not",
                            "value": "hukumamidushi"
                        },
                        {
                            "test": "has_tag",
                            "operator": "not",
                            "value": "creative"
                        }
                    ]
                },
                "on_roar_end": {
                    "event": "hukumamidushi"
                },
                "cooldown_time": 0.1
            },
            "minecraft:type_family": {
                "family": [
                    "damage",
                    "jurei_hit"
                ]
            },
            "minecraft:damage_sensor": [
                {
                    "cause": "all",
                    "deals_damage": false
                }
            ],
            "minecraft:scale": {
                "value": 1
            }
        },
        "events": {
            "hukumamidushi": {
                "run_command": {
                    "command": [
                        "execute @e[rm=0.000001,r=140,family=mob,tag=!hukumamidushi,family=!hukumamidushi] ~~~ particle jujutsu:slash ~~~",
                        "execute @e[rm=0.000001,r=140,family=jujusukaisen] ~~~ particle jujutsu:slash ~~~",
                        "execute @a[rm=0.000001,r=140,tag=!hukumamidushi] ~~~ particle jujutsu:slash ~~~",
                        "execute @e[rm=0.000001,r=140,family=mob,tag=!hukumamidushi,family=!hukumamidushi] ~~~ playsound jujutsu.sweep5 @a ~~~",
                        "execute @e[rm=0.000001,r=140,family=jujusukaisen] ~~~ playsound jujutsu.sweep5 @a ~~~",
                        "execute @a[rm=0.000001,r=140,tag=!hukumamidushi] ~~~ playsound jujutsu.sweep5 @a ~~~"
                    ]
                }
            },
            "despawn": {
                "add": {
                    "component_groups": [
                        "despawn"
                    ]
                }
            }
        }
    }
}
