{
    "format_version": "1.12.0",
    "minecraft:entity": {
        "description": {
            "identifier": "rai:hushiguro_touji",
            "is_spawnable": true,
            "is_summonable": true,
            "is_experimental": false,
            "scripts": {
                "animate": [
                    "attack",
                    "target_gojo"
                ]
            },
            "animations": {
                "attack": "controller.animation.attack",
                "target_gojo": "controller.animation.target_gojo"
            }
        },
        "component_groups": {
            "knockback": {
              "minecraft:behavior.knockback_roar": {
                  "priority": 1,
                  "duration": 0.1,
                  "attack_time": 0.1,
                  "knockback_damage": 8,
                  "knockback_strength": 4,
                  "knockback_range": 5,
                  "on_roar_end": {
                    "event": "reset"
                  },
                "cooldown_time": 100
              }
            },
            "target": {
                "minecraft:teleport": {
                    "random_teleports": true,
                    "max_random_teleport_time": 30,
                    "random_teleport_cube": [ 3, 3, 3 ],
                    "target_distance": 16,
                    "target_teleport_chance": 0.1
                }
            },
            "target2": {
                "minecraft:teleport": {
                    "random_teleports": false,
                    "max_random_teleport_time": 0,
                    "random_teleport_cube": [ 0, 0, 0 ],
                    "target_distance": 0,
                    "target_teleport_chance": 0
                }
            }
        },
        "components": {
            "minecraft:environment_sensor": [
                {
                    "on_environment": {
                        "filters": {
                            "test": "has_equipment",
                            "domain": "hand",
                            "value": "rai:amanosakahoko"
                        },
                        "event": "jutsushiki_kaijo"
                    }
                },
                {
                    "on_environment": {
                        "filters": {
                            "test": "has_equipment",
                            "operator": "not",
                            "domain": "hand",
                            "value": "rai:amanosakahoko"
                        },
                        "event": "jutsushiki_kaijo_reset"
                    }
                }
            ],
            "minecraft:boss": {
                "name": "entity.rai:hushiguro_touji.name",
                "hud_range": 5
            },
            "minecraft:on_target_acquired": {
                "event": "target"
            },
            "minecraft:on_target_escape": {
                "event": "target2"
            },
            "minecraft:despawn": {
                "despawn_from_distance": {}
            },
            "minecraft:behavior.float": {
                "priority": 0
            },
            "minecraft:behavior.melee_attack": {
                "priority": 2
            },
            "minecraft:behavior.hurt_by_target": {
                "priority": 3,
                "entity_types": {
                    "filters": {
                        "test" :  "is_family", "subject" : "other", "operator": "!=", "value" :  "damage"
                    }
                }
            },
            "minecraft:behavior.nearest_attackable_target": {
                "priority": 4,
                "must_see": true,
                "within_radius": 64,
                "entity_types": {
                    "filters": {
                        "any_of": [
                            {
                                "test": "is_family",
                                "subject": "other",
                                "operator": "==",
                                "value": "villager"
                            },
                            {
                                "test": "is_family",
                                "subject": "other",
                                "operator": "==",
                                "value": "jujutsushi"
                            },
                            {
                                "test": "is_family",
                                "subject": "other",
                                "operator": "==",
                                "value": "jurei"
                            }
                        ]
                    }
                }
            },
            "minecraft:follow_range": {
                "value": 100
            },
            "minecraft:behavior.random_stroll": {
                "priority": 6,
                "speed_multiplier": 0.5
            },
            "minecraft:equipment": {
              "table": "loot_tables/jujutsu/equipment/hushiguro_touji.json"
            },
            "minecraft:loot": {
              "table": "loot_tables/jujutsu/hushiguro_touji.json"
            },
            "minecraft:navigation.walk": {
                "can_path_over_water": true
            },
            "minecraft:breathable": {
                "total_supply": 15,
                "suffocate_time": 0
            },
            "minecraft:nameable": {},
            "minecraft:knockback_resistance": {
                "value": 0.75
            },
            "minecraft:type_family": {
                "family": [
                    "touji",
                    "no_juryoku",
                    "jusoshi",
                    "jurei_hit"
                ]
            },
            "minecraft:collision_box": {
                "width": 0.6,
                "height": 1.8
            },
            "minecraft:health": {
                "value": 1000
            },
            "minecraft:attack": {
                "damage": 22
            },
            "minecraft:movement": {
                "value": 0.75
            },
            "minecraft:movement.basic": {},
            "minecraft:jump.static": {
                "jump_power": 0.5
            },
            "minecraft:physics": {}
        },
        "events": {
            "knockback": {
                "add": {
                    "component_groups": [
                        "knockback"
                    ]
                }
            },
            "reset": {
                "remove": {
                    "component_groups": [
                        "knockback"
                    ]
                }
            },
            "attack": {
                "run_command": {
                    "command": [
                        "scoreboard objectives add attack dummy",
                        "scoreboard players random @s attack 1 10",
                        "event entity @s[scores={attack=1},tag=!muryokusho_attack] knockback",
                        "playanimation @s[scores={attack=1},tag=!muryokusho_attack] animation.jujutsu.hushiguro_touji",
                        "replaceitem entity @s[scores={attack=2},tag=!muryokusho_attack,tag=!target_gojo] slot.weapon.mainhand 0 rai:amanosakahoko",
                        "replaceitem entity @s[scores={attack=3},tag=!muryokusho_attack,tag=!target_gojo] slot.weapon.mainhand 0 rai:yuun",
                        "replaceitem entity @s[scores={attack=3},tag=!muryokusho_attack,tag=!target_gojo] slot.weapon.mainhand 0 rai:touji_sword"
                    ]
                }
            },
            "jutsushiki_kaijo": {
                "run_command": {
                    "command": "tag @s add jutsushiki_kaijo"
                }
            },
            "jutsushiki_kaijo_reset": {
                "run_command": {
                    "command": "tag @s remove jutsushiki_kaijo"
                }
            },
            "target": {
                "run_command": {
                    "command": [
                        "tag @s add target"
                    ]
                },
                "add": {
                    "component_groups": [
                        "target"
                    ]
                }
            },
            "target2": {
                "run_command": {
                    "command": [
                        "tag @s remove target"
                    ]
                },
                "add": {
                    "component_groups": [
                        "target2"
                    ]
                }
            }
        }
    }
}