{
    "format_version": "1.12.0",
    "minecraft:entity": {
        "description": {
            "identifier": "rai:jogo_gokunoban3",
            "is_spawnable": false,
            "is_summonable": true,
            "is_experimental": false
        },
        "components": {
            "minecraft:explode": {
                "fuse_lit": true,
                "power": 14,
                "causes_fire": true,
                "destroy_affected_by_griefing": true
            },
            "minecraft:type_family": {
                "family": [
                    "damage",
                    "gokunoban",
                    "jogo_gokunoban3",
                    "jurei_hit"
                ]
            },
            "minecraft:damage_sensor": [
                    {
                        "cause": "all",
                        "deals_damage": false
                    }
                ],
            "minecraft:scale": 0,
            "minecraft:collision_box": {
                "width": 0,
                "height": 0
            },
            "minecraft:pushable": {
                "is_pushable": false,
                "is_pushable_by_piston": false
            }
        }
    }
}