{
  "format_version": "1.12.0",
  "minecraft:entity": {
    "description": {
      "identifier": "rai:ketizu",
      "is_spawnable": false,
      "is_summonable": false,
      "is_experimental": false
    },
    "components": {
      "minecraft:boss": {
          "name": "entity.rai:ketizu.name",
          "hud_range": 5
      },
      "minecraft:despawn": {
        "despawn_from_distance": {}
      },
      "minecraft:damage_sensor": {
        "triggers": [
          {
          "on_damage": {
              "filters": {
                "test" :  "is_family",
                "subject": "other",
                "value" :  "jurei_hit"
              }
            },
            "deals_damage": true
          },
          {
            "on_damage": {
                "filters": {
                  "all_of": [
                    {
                      "test" :  "is_family",
                      "subject": "other",
                      "value" :  "player"
                    },
                    {
                      "test" :  "has_damage",
                      "value" :  "fatal"
                    }
                  ]
                },
                "event": "level"
              },
              "deals_damage": true
          },
          {
            "on_damage": {
                "filters": {
                  "test" :  "has_damage",
                  "value" :  "attack"
                }
              },
            "deals_damage": false
          },
          {
            "on_damage": {
                "filters": {
                  "test" :  "has_damage",
                  "value" :  "projectile"
                }
              },
            "deals_damage": false
          }
        ]
      },
      "minecraft:nameable": {
      },
      "minecraft:type_family": {
        "family": [
          "jurei",
          "jurei_hit"
        ]
      },
      "minecraft:knockback_resistance": {
          "value": 0.25
      },
      "minecraft:collision_box": {
        "width": 1,
        "height": 1.8
      },
      "minecraft:movement.basic": {
      },
      "minecraft:navigation.walk": {
        "is_amphibious": true,
        "can_pass_doors": true,
        "can_walk": true,
        "can_break_doors": true
      },
      "minecraft:annotation.break_door": {
      },
      "minecraft:jump.static": {
      },
      "minecraft:can_climb": {
      },
      "minecraft:health": {
        "value": 400
      },
      "minecraft:movement": {
        "value": 0.4
      },
      "minecraft:breathable": {
        "total_supply": 15,
        "suffocate_time": 0,
        "breathes_air": true,
        "breathes_water": true
      },
      "minecraft:attack": {
        "damage": 10,
        "effect_name": "fatal_poison",
        "effect_duration": 10
      },
      "minecraft:loot": {
        "table": "loot_tables/jujutsu/hunokanjou2.json"
      },
      "minecraft:behavior.float": {
          "priority": 0
      },
     "minecraft:behavior.nearest_attackable_target": {
      "priority": 2,
      "must_see": true,
      "within_radius": 64,
      "entity_types": [
        {
          "filters": {
            "any_of": [
              { "test": "is_family", "subject": "other", "value": "player" },
              { "test": "is_family", "subject": "other", "value": "villager" },
              { "test": "is_family", "subject": "other", "value": "jujutsushi" },
              { "test": "is_family", "subject": "other", "value": "jusoshi" }
            ]
          },
          "max_dist": 35
        }
      ]
    },
    "minecraft:follow_range": {
        "value": 100
    },
    "minecraft:behavior.hurt_by_target": {
      "priority": 1,
      "entity_types": {
          "filters": {
            "test" :  "is_family", "subject" : "other", "operator": "!=", "value" :  "damage"
          }
        }
      },
      "minecraft:behavior.melee_attack": {
        "priority": 3
      },
      "minecraft:behavior.random_stroll": {
        "priority": 4,
        "speed_multiplier": 1
      },
      "minecraft:behavior.look_at_player": {
        "priority": 5,
        "look_distance": 6,
        "probability": 0.02
      },
      "minecraft:behavior.random_look_around": {
        "priority": 6
      },
      "minecraft:physics": {
      },
      "minecraft:pushable": {
        "is_pushable": true,
        "is_pushable_by_piston": true
      }
    },
    "events": {
      "level": {
        "run_command": {
          "command": "scoreboard players add @s jujutsushi_level 10",
          "target": "other"
        }
      }
    }
  }
}