{
    "format_version": "1.12.0",
    "minecraft:entity": {
        "description": {
            "identifier": "rai:miwa",
            "is_spawnable": true,
            "is_summonable": true,
            "is_experimental": false
        },
        "components": {
            "minecraft:boss": {
                "name": "entity.rai:miwa.name",
                "hud_range": 5
            },
            "minecraft:on_target_acquired": {
                "event": "target"
            },
            "minecraft:on_target_escape": {
                "event": "target2"
            },
            "minecraft:damage_sensor": {
                "triggers": [
                        {
                            "on_damage": {
                                "filters": {
                                    "test" :  "is_family",
                                    "subject": "other",
                                    "value" :  "miwa_damage"
                                }
                            },
                        "deals_damage": false
                    }
                ]
            },
            "minecraft:despawn": {
              "despawn_from_distance": {}
            },
            "minecraft:behavior.float": {
                "priority": 0
            },
            "minecraft:behavior.melee_attack": {
                "priority": 1
            },
            "minecraft:behavior.hurt_by_target": {
                "priority": 2,
                "entity_types": {
                    "filters": {
                        "test" :  "is_family", "subject" : "other", "operator": "!=", "value" :  "damage"
                    }
                }
            },
            "minecraft:behavior.nearest_attackable_target": {
                "priority": 3,
                "must_see": true,
                "entity_types": {
                    "filters": {
                        "any_of": [
                            {
                                "test": "is_family",
                                "subject": "other",
                                "operator": "==",
                                "value": "jurei"
                            },
                            {
                                "test": "is_family",
                                "subject": "other",
                                "operator": "==",
                                "value": "jusoshi"
                            }
                        ]
                    },
                    "max_dist": 64
                }
            },
            "minecraft:follow_range": {
                "value": 100
            },
            "minecraft:behavior.random_stroll": {
                "priority": 4,
                "speed_multiplier": 0.5
            },
            "minecraft:behavior.look_at_player": {
                "priority": 5,
                "look_distance": 6,
                "probability": 0.2
            },
            "minecraft:behavior.random_look_around": {
                "priority": 6
            },
            "minecraft:equipment": {
              "table": "loot_tables/jujutsu/equipment/miwa.json"
            },
            "minecraft:navigation.walk": {
                "can_path_over_water": true
            },
            "minecraft:breathable": {
                "total_supply": 15,
                "suffocate_time": 0
            },
            "minecraft:nameable": {},
            "minecraft:knockback_resistance": {
                "value": 0.5
            },
            "minecraft:type_family": {
                "family": [
                    "jujutsushi",
                    "jurei_hit"
                ]
            },
            "minecraft:collision_box": {
                "width": 0.6,
                "height": 1.8
            },
            "minecraft:health": {
                "value": 200
            },
            "minecraft:attack": {
                "damage": 0
            },
            "minecraft:movement": {
                "value": 0.3
            },
            "minecraft:movement.basic": {},
            "minecraft:jump.static": {},
            "minecraft:physics": {}
        },
        "events": {
            "target": {
                "run_command": {
                    "command": [
                        "tag @s add target"
                    ]
                }
            },
            "target2": {
                "run_command": {
                    "command": [
                        "tag @s remove target"
                    ]
                }
            },
            "attack": {
                "run_command": {
                    "command": [
                        "scoreboard objectives add attack dummy",
                        "tag @s[scores={muryokusho2=1..2}] add muryokusho_attack",
                        "scoreboard players random @s attack 1 5",
                        "execute @s[scores={attack=5},tag=!muryokusho_attack] ~~~ tellraw @a[r=8] {\"rawtext\":[{\"text\":\"<\"},{\"selector\":\"@s\"},{\"text\":\"> \"},{\"translate\":\"tellraw.batto\"}]}",
                        "tag @s[scores={attack=5},tag=!muryokusho_attack] add miwa_sword2",
                        "scoreboard players set @s[scores={attack=5},tag=!muryokusho_attack] batto 40",
                        "scoreboard players set @s[scores={attack=5},tag=!muryokusho_attack] miwa_sword 3",
                        "effect @s[scores={attack=5},tag=!muryokusho_attack] slowness 2 255 true",
                        "execute @s[scores={attack=5},tag=!muryokusho_attack] ~~~ particle jujutsu:miwa_sword2 ~~~",
                        "scoreboard players reset @s attack",
                        "tag @s remove muryokusho_attack"
                    ]
                }
            }
        }
    }
}