{
    "format_version": "1.12.0",
    "minecraft:entity": {
        "description": {
            "identifier": "rai:murasaki3",
            "is_spawnable": false,
            "is_summonable": true,
            "is_experimental": false
        },
        "component_groups": {
            "gojo": {
                "minecraft:type_family": {
                    "family": [
                        "murasaki4",
                        "jurei_hit",
                        "damage"
                    ]
                }
            },
            "knockback": {
                "minecraft:behavior.knockback_roar": {
                    "priority": 1,
                    "duration": 0.2,
                    "attack_time": 0.1,
                    "knockback_damage": 200,
                    "knockback_strength": 0,
                    "knockback_range": 10,
                    "knockback_filters": {
                        "test": "is_family",
                        "operator": "not",
                        "value": "player"
                    },
                    "damage_filters": {
                        "test": "is_family",
                        "operator": "not",
                        "value": "player"
                    },
                    "on_roar_end": {
                        "event": "despawn"
                    },
                    "cooldown_time": 100
                }
            },
            "despawn": {
                "minecraft:instant_despawn": {
                }
            }
        },
        "components": {
            "minecraft:timer": {
                "looping": true,
                "time": 0.24,
                "time_down_event": {
                    "event": "knockback"
                }
            },
            "minecraft:type_family": {
                "family": [
                    "murasaki3",
                    "jurei_hit",
                    "damage"
                ]
            },
            "minecraft:damage_sensor": [
                    {
                        "cause": "all",
                        "deals_damage": false
                    }
                ],
            "minecraft:scale": 0,
            "minecraft:knockback_resistance": {
                "value": 1
            },
            "minecraft:collision_box": {
                "width": 0,
                "height": 0
            },
            "minecraft:pushable": {
                "is_pushable": false,
                "is_pushable_by_piston": false
            }
        },
        "events": {
            "gojo": {
                "add": {
                    "component_groups": [
                        "gojo"
                    ]
                }
            },
            "knockback": {
                "add": {
                    "component_groups": [
                        "knockback"
                    ]
                }
            },
            "despawn": {
                "add": {
                    "component_groups": [
                        "despawn"
                    ]
                }
            }
        }
    }
}