{
    "format_version": "1.12.0",
    "minecraft:entity": {
        "description": {
            "identifier": "rai:murasaki2",
            "is_spawnable": false,
            "is_summonable": true,
            "is_experimental": false
        },
        "component_groups": {
            "gojo": {
                "minecraft:type_family": {
                    "family": [
                        "murasaki4",
                        "jurei_hit",
                        "damage"
                    ]
                }
            },
            "explode": {
                "minecraft:explode": {
                    "fuse_lit": true,
                    "power": 6,
                    "destroy_affected_by_griefing": true
                }
            }
        },
        "components": {
            "minecraft:timer": {
                "looping": true,
                "time": 0.25,
                "time_down_event": {
                    "event": "minecraft:explode"
                }
            },
            "minecraft:type_family": {
                "family": [
                    "murasaki3",
                    "jurei_hit",
                    "damage"
                ]
            },
            "minecraft:damage_sensor": [
                    {
                        "cause": "all",
                        "deals_damage": false
                    }
                ],
            "minecraft:scale": 0,
            "minecraft:knockback_resistance": {
                "value": 1
            },
            "minecraft:collision_box": {
                "width": 0,
                "height": 0
            },
            "minecraft:pushable": {
                "is_pushable": false,
                "is_pushable_by_piston": false
            }
        },
        "events": {
            "gojo": {
                "add": {
                    "component_groups": [
                        "gojo"
                    ]
                }
            },
            "minecraft:explode": {
                "add": {
                    "component_groups": [
                        "explode"
                    ]
                }
            }
        }
    }
}