{
    "format_version": "1.12.0",
    "minecraft:entity": {
        "description": {
            "identifier": "rai:nail2",
            "is_spawnable": false,
            "is_summonable": false,
            "is_experimental": false,
            "runtime_identifier" : "minecraft:snowball"
        },
        "component_groups": {
            "explode": {
                "minecraft:explode": {
                    "fuse_lit": true,
                    "power": 1,
                    "destroy_affected_by_griefing": true
                }
            },
            "despawn": {
                "minecraft:instant_despawn": {
                    "remove_child_entities": true
                }
            }
        },
        "components": {
            "minecraft:fire_immune": {
            },
            "minecraft:timer": {
                "looping": true,
                "time": 2,
                "time_down_event": {
                    "event": "despawn"
                }
            },
            "minecraft:type_family": {
                "family": [
                    "nail",
                    "jurei_hit"
                ]
            },
            "minecraft:projectile": {
                "on_hit": {
                    "impact_damage": {
                        "damage": 1,
                        "knockback": true
                    },
                    "stick_in_ground": {
                        "shake_time" : 0
                    },
                    "definition_event": {
                        "affect_projectile": true,
                        "event_trigger": {
                            "event": "minecraft:explode",
                            "target": "self"
                        }
                    }
                },
                "power": 2.5,
                "gravity": 0,
                "anchor": 0,
                "uncertainty_base": 0,
                "uncertainty_multiplier": 0,
                "should_bounce": true,
                "offset": [
                    0,
                    -0.1,
                    0
                ]
            },
            "minecraft:damage_sensor": [
                    {
                        "cause": "all",
                        "deals_damage": false
                    }
                ],
            "minecraft:collision_box": {
                "width": 0,
                "height": 0
            }
        },
        "events": {
            "minecraft:explode": {
                "add": {
                    "component_groups": [
                        "explode"
                    ]
                }
            },
            "despawn": {
                "add": {
                    "component_groups": [
                        "despawn"
                    ]
                }
            }
        }
    }
}