{
    "format_version": "1.8.0",
    "minecraft:entity": {
        "description": {
            "identifier": "rai:okkotsu_damage",
            "is_spawnable": false,
            "is_summonable": true,
            "is_experimental": false
        },
        "component_groups": {
            "attack": {
                "minecraft:behavior.knockback_roar": {
                    "priority": 1,
                    "duration": 0.1,
                    "attack_time": 0.1,
                    "knockback_damage": 10,
                    "knockback_strength": 0,
                    "knockback_range": 5,
                    "knockback_filters": {
                        "any_of": [
                            {
                                "test": "is_family",
                                "subject": "other",
                                "value": "jurei"
                            },
                            {
                                "test": "is_family",
                                "subject": "other",
                                "value": "jusoshi"
                            },
                            {
                                "test": "is_family",
                                "subject": "other",
                                "value": "player"
                            }
                        ]
                    },
                    "damage_filters": {
                        "any_of": [
                            {
                                "test": "is_family",
                                "subject": "other",
                                "value": "jurei"
                            },
                            {
                                "test": "is_family",
                                "subject": "other",
                                "value": "jusoshi"
                            },
                            {
                                "test": "is_family",
                                "subject": "other",
                                "value": "player"
                            }
                        ]
                    },
                    "on_roar_end": {
                        "event": "despawn"
                    },
                    "cooldown_time": 100
                }
            },
            "attack2": {
                "minecraft:behavior.knockback_roar": {
                    "priority": 1,
                    "duration": 0.1,
                    "attack_time": 0.1,
                    "knockback_damage": 16,
                    "knockback_strength": 10,
                    "knockback_range": 5,
                    "knockback_filters": {
                        "any_of": [
                            {
                                "test": "is_family",
                                "subject": "other",
                                "value": "jurei"
                            },
                            {
                                "test": "is_family",
                                "subject": "other",
                                "value": "jusoshi"
                            },
                            {
                                "test": "is_family",
                                "subject": "other",
                                "value": "player"
                            }
                        ]
                    },
                    "damage_filters": {
                        "any_of": [
                            {
                                "test": "is_family",
                                "subject": "other",
                                "value": "jurei"
                            },
                            {
                                "test": "is_family",
                                "subject": "other",
                                "value": "jusoshi"
                            },
                            {
                                "test": "is_family",
                                "subject": "other",
                                "value": "player"
                            }
                        ]
                    },
                    "on_roar_end": {
                        "event": "despawn"
                    },
                    "cooldown_time": 100
                }
            },
            "despawn": {
                "minecraft:instant_despawn": {
                    "remove_child_entities": true
                }
            }
        },
        "components": {
            "minecraft:type_family": {
                "family": [
                    "damage",
                    "jurei_hit"
                ]
            },
            "minecraft:damage_sensor": [
                {
                    "cause": "all",
                    "deals_damage": false
                }
            ],
            "minecraft:collision_box": {
                "width": 0,
                "height": 0
            },
            "minecraft:timer": {
                "looping": true,
                "time": 1,
                "time_down_event": {
                    "event": "despawn"
                }
            },
            "minecraft:scale": {
                "value": 0
            }
        },
        "events": {
            "despawn": {
                "add": {
                    "component_groups": [
                        "despawn"
                    ]
                }
            },
            "attack": {
                "add": {
                    "component_groups": [
                        "attack"
                    ]
                }
            },
            "attack2": {
                "add": {
                    "component_groups": [
                        "attack2"
                    ]
                }
            }
        }
    }
}
