{
    "format_version": "1.12.0",
    "minecraft:entity": {
        "description": {
            "identifier": "rai:senketsu",
            "is_spawnable": false,
            "is_summonable": false,
            "is_experimental": false,
            "runtime_identifier" : "minecraft:snowball"
        },
        "component_groups": {
            "despawn": {
                "minecraft:instant_despawn": {
                }
            }
        },
        "components": {
            "minecraft:type_family": {
                "family": [
                    "damage",
                    "senketsu",
                    "jurei_hit"
                ]
            },
            "minecraft:timer": {
                "looping": false,
                "time": 1,
                "time_down_event": {
                    "event": "despawn"
                }
            },
            "minecraft:projectile": {
                "on_hit": {
                    "impact_damage": {
                        "damage": 40,
                        "knockback": false
                    },
                    "definition_event": {
                        "affect_projectile": true,
                        "event_trigger": {
                            "event": "despawn",
                            "target": "self"
                        }
                    }
                },
                "power": 4,
                "gravity": 0,
                "offset": [
                    0,
                    0,
                    0
                ]
            },
            "minecraft:damage_sensor": [
                    {
                        "cause": "all",
                        "deals_damage": false
                    }
                ],
            "minecraft:scale": 0,
            "minecraft:collision_box": {
                "width": 0,
                "height": 0
            },
            "minecraft:pushable": {
                "is_pushable": false,
                "is_pushable_by_piston": false
            },
            "minecraft:physics": {}
        },
        "events": {
            "loop": {
                "run_command": {
                    "command": "particle jujutsu:senketsu ~~~"
                }
            },
            "despawn": {
                "add": {
                    "component_groups": [
                        "despawn"
                    ]
                }
            }
        }
    }
}