{
    "format_version": "1.12.0",
    "minecraft:entity": {
        "description": {
            "identifier": "rai:tobari",
            "is_spawnable": false,
            "is_summonable": true,
            "is_experimental": false
        },
        "component_groups": {
            "start": {
                "minecraft:timer": {
                    "looping": false,
                    "time": 599.9,
                    "time_down_event": {
                        "event": "despawn"
                    }
                }
            },
            "despawn": {
                "minecraft:instant_despawn": {
                }
            }
        },
        "components": {
            "minecraft:fire_immune": {
            },
            "minecraft:knockback_resistance": {
                "value": 1
            },
            "minecraft:timer": {
                "looping": false,
                "time": 0.1,
                "time_down_event": {
                    "event": "start"
                }
            },
            "minecraft:damage_sensor": [
                {
                    "cause": "all",
                    "deals_damage": false
                }
            ],
            "minecraft:collision_box": {
                "width": 0,
                "height": 0
            },
            "minecraft:health": {
                "value": 1,
                "min": 1
            },
            "minecraft:pushable": {
                "is_pushable": false,
                "is_pushable_by_piston": false
            },
            "minecraft:physics": {}
        },
        "events": {
            "start": {
                "add": {
                    "component_groups": [
                        "start"
                    ]
                },
                "run_command": {
                    "command": "playanimation @s animation.tobari"
                }
            },
            "despawn": {
                "add": {
                    "component_groups": [
                        "despawn"
                    ]
                }
            }
        }
    }
}