{
  "format_version": "1.12",
  "minecraft:recipe_shaped": {
    "description": {
    "identifier": "yt:ggt_ssj1"
    },

    
    "tags": [ "crafting_table" ],
    "pattern": [
      "###",
      "ABC",
      "###"
    ],
    "key": {
      "#": {
        "item": "yt:ki2"
      },
      "B": {
        "item": "yt:colete"
      },
      "C": {
        "item": "yt:ssj2_vg"
      },
      "A": {
        "item": "yt:ssj3_gk"
    }  
    },
    "result": {
      "item": "yt:ggt_ssj1"
    }
  }
}
