{
  "format_version": "1.12",
  "minecraft:recipe_shaped": {
    "description": {
    "identifier": "yt:ssj_instinto_gk"
    },

    
    "tags": [ "crafting_table" ],
    "pattern": [
      "###",
      "#B#",
      "#A#"
    ],
    "key": {
      "#": {
        "item": "yt:ki_instinto"
      },
      "B": {
        "item": "yt:ki_instinto"
      },
      "A": {
        "item": "yt:ssj_blue_gk"
    }  
    },
    "result": {
      "item": "yt:ssj_instinto_gk"
    }
  }
}
