{
	"format_version": "1.8.0",
	"animations": {
		"animation.golem.look_at_target": {
			"loop": true,
			"bones": {
				"Head": {
					"rotation": ["query.target_x_rotation * 0.5", "query.target_y_rotation * 0.20", 0]
				},
				"neck1": {
					"rotation": ["query.target_x_rotation * 0.2", "query.target_y_rotation * 0.15", 0]
				},
				"neck2": {
					"rotation": ["query.target_x_rotation * 0.1", "query.target_y_rotation * 0.1", 0]
				}
			}
		},
		"animation.golem.dead": {
			"loop": "hold_on_last_frame",
			"animation_length": 5,
			"bones": {
				"bone": {
					"rotation": {
						"0.0": [0, 0, 0],
						"0.5833": [47.5, 0, 0],
						"2.0": [77.5, 0, -112.5]
					},
					"position": {
						"0.0": [0, 0, 0],
						"0.5833": [0, -8, 0],
						"2.0": [0, -36, 2.65]
					}
				},
				"neck1": {
					"rotation": {
						"0.0": [0, 0, 0],
						"0.875": [-17.5, 0, 0],
						"1.25": [-13.75, -2.5, 0],
						"1.625": [-11.87, -1.25, 0],
						"2.25": [-10, -2.5, -10]
					}
				},
				"neck2": {
					"rotation": {
						"0.0": [0, 0, 0],
						"0.875": [-22.5, 0, 0],
						"1.25": [-18.75, 1.25, 0],
						"1.625": [-16.87, -0.62, 0],
						"2.3333": [-15, 0, -5]
					}
				},
				"Head": {
					"rotation": {
						"0.0": [0, 0, 0],
						"0.25": [-15.83, 0, 0],
						"0.75": [12.5, 0, 0]
					}
				},
				"bone7": {
					"rotation": {
						"0.0": [0, 0, 0],
						"0.5833": [40, 0, 0],
						"1.2917": [0, 0, 0],
						"2.0": [15, 0, 0]
					}
				},
				"bone29": {
					"rotation": {
						"0.0": [0, 0, 0],
						"0.5833": [24.35, -13.55, 0],
						"2.2917": [-20, -10, 5]
					}
				},
				"bone35": {
					"rotation": {
						"0.0": [0, 0, 0],
						"0.5833": [1.67, 0, 13.33],
						"0.875": [-20, 0, 20],
						"1.5417": [-20, 5.19, 20],
						"2.0": [-37.5, -10, 10]
					}
				},
				"bone36": {
					"rotation": {
						"0.0": [-2.5, 0, 0],
						"0.5833": [0.16, 0, 12.5],
						"2.0": [-32.5, 17.5, 25]
					}
				},
				"bone14": {
					"rotation": {
						"0.0": [0, 0, 0],
						"0.875": [2.5, 12.5, 0],
						"2.0": [0, 5, 0]
					}
				},
				"bone16": {
					"rotation": {
						"0.0": [0, 0, 0],
						"0.875": [2.5, 2.5, 0],
						"2.0": [0, 2.5, 0]
					}
				},
				"bone17": {
					"rotation": {
						"0.0": [0, 0, 0],
						"0.875": [5, 0, 0],
						"2.0": [0, 0, 0]
					}
				},
				"bone18": {
					"rotation": {
						"0.0": [0, 0, 0],
						"0.875": [2.5, 0, 0],
						"2.0": [0, 0, 0]
					}
				},
				"bone19": {
					"rotation": {
						"0.0": [0, 0, 0],
						"0.5833": [-45, 0, 0],
						"0.875": [-47.44, -9.43, -17.45],
						"1.3333": [-16.81, -10.57, -21.48],
						"2.0": [-35, 45, -40],
						"2.375": [-35, 45, -22.5]
					}
				},
				"bone20": {
					"rotation": {
						"0.0": [0, 0, 0],
						"0.5833": [30, 0, 0],
						"0.875": [58.5, -9.8, 8.4],
						"1.3333": [30.81, -14.51, 12.43],
						"2.0": [5, -17.5, 32.5]
					}
				},
				"bone21": {
					"rotation": {
						"0.0": [0, 0, 0],
						"0.5833": [-25.6, 0, 0],
						"1.3333": [59.1, 0, 0],
						"2.0": [17.5, 0, 0]
					}
				},
				"bone6": {
					"rotation": {
						"0.0": [0, 0, 0],
						"0.5833": [-24.13, 0, 0],
						"1.3333": [38.8, 0, 0],
						"2.0": [17.5, 0, 0]
					}
				},
				"Root": {
					"rotation": [0, 0, 0],
					"position": {
						"0.0": [0, 0, 0],
						"0.75": [0, -10, 0]
					}
				},
				"Legs0": {
					"rotation": {
						"0.0": [0, 0, 0],
						"0.375": [31.25, 0, 0],
						"0.75": [92.5, 0, 0]
					}
				},
				"Legs1": {
					"rotation": {
						"0.0": [0, 0, 0],
						"0.375": [31.25, 0, 0],
						"0.75": [92.5, 0, 0]
					}
				},
				"Boby2": {
					"rotation": {
						"0.0": [0, 0, 0],
						"0.25": [-8.33, 0, 0],
						"0.75": [5, 0, 0]
					}
				},
				"Body": {
					"rotation": {
						"0.0": [0, 0, 0],
						"0.25": [-18.75, 0, 0],
						"0.75": [17.5, 0, 0]
					}
				},
				"Letfarm": {
					"rotation": {
						"0.0": [0, 0, 0],
						"0.25": [34.17, 0, 0],
						"0.75": [-17.5, 0, 0]
					}
				},
				"Rightarm": {
					"rotation": {
						"0.0": [0, 0, 0],
						"0.25": [30, 0, 0],
						"0.75": [-15, 0, 0]
					}
				}
			},
			"sound_effects": {
				"2.0": {
					"effect": "stomp"
				}
			}
		},
		"animation.golem.swim": {
			"loop": true,
			"animation_length": 8,
			"bones": {
				"bone": {
					"rotation": [70, 0, 0],
					"position": [0, -89, 18]
				},
				"neck1": {
					"rotation": [-7.5, 0, 0]
				},
				"neck2": {
					"rotation": [-20, 0, 0]
				},
				"bone35": {
					"rotation": [17.5, 0, 20]
				},
				"bone9": {
					"rotation": [-7.5, 0, 0]
				},
				"bone14": {
					"rotation": {
						"0.0": [0, -2.5, 0],
						"4.6": [0, 2.5, 0],
						"8.0": [0, -2.5, 0]
					}
				},
				"bone16": {
					"rotation": {
						"0.0": [0, -2.5, 0],
						"5.2": [0, 2.5, 0],
						"8.0": [0, -2.5, 0]
					}
				},
				"bone17": {
					"rotation": {
						"0.0": [0, -2.5, 0],
						"5.68": [0, 2.5, 0],
						"8.0": [0, -2.5, 0]
					}
				},
				"bone18": {
					"rotation": {
						"0.0": [0, -2.5, 0],
						"6.24": [0, 2.5, 0],
						"8.0": [0, -2.5, 0]
					}
				},
				"bone19": {
					"rotation": [2.5, 0, 0]
				},
				"bone20": {
					"rotation": [17.5, 0, 0]
				},
				"bone21": {
					"rotation": [40, 0, 0]
				},
				"bone4": {
					"rotation": [2.5, 0, 0]
				},
				"bone6": {
					"rotation": [50, 0, 0]
				}
			}
		},
		"animation.golem.idle": {
			"loop": true,
			"animation_length": 8,
			"bones": {
				"Head": {
					"rotation": {
						"0.0": [2.5, 0, 0],
						"4.0": [2.5, 0, 0],
						"8.0": [-2.5, 0, 0]
					}
				},
				"bone7": {
					"rotation": {
						"0.0": [2.5, 0, 0],
						"4.0": [0, 0, 0],
						"8.0": [2.5, 0, 0]
					}
				},
				"bone35": {
					"rotation": {
						"0.0": [-2.5, 0, 0],
						"4.0": [2.5, 0, 0],
						"8.0": [-2.5, 0, 0]
					}
				},
				"bone9": {
					"relative_to": {
						"rotation": "entity"
					},
					"rotation": {
						"0.0": [0, 0, 0.01],
						"4.5": [-60, 0, 0],
						"8.0": [0, 0, 0.01]
					}
				},
				"bone10": {
					"rotation": {
						"0.0": [0, 0, 0],
						"4.5": [-42.5, 0, 0],
						"8.0": [0, 0, 0]
					}
				},
				"bone14": {
					"rotation": {
						"0.0": [0, 2.5, 0],
						"4.0": [0, -2.5, 0],
						"8.0": [0, 2.5, 0]
					}
				},
				"bone16": {
					"rotation": {
						"0.0": [0, 2.5, 0],
						"4.0": [0, -2.5, 0],
						"8.0": [0, 2.5, 0]
					}
				},
				"bone17": {
					"rotation": {
						"0.0": [0, 2.5, 0],
						"4.0": [0, -2.5, 0],
						"8.0": [0, 2.5, 0]
					}
				},
				"bone18": {
					"rotation": {
						"0.0": [0, 2.5, 0],
						"4.0": [0, -2.5, 0],
						"8.0": [0, 2.5, 0]
					}
				},
				"Body": {
					"rotation": {
						"0.0": [0, 0, 0],
						"4.5": [10, 0, 0],
						"8.0": [0, 0, 0]
					}
				},
				"Letfarm": {
					"rotation": {
						"0.0": [0, 0, 0],
						"4.5": [0, 0, 10],
						"8.0": [0, 0, 0]
					}
				},
				"Rightarm": {
					"rotation": {
						"0.0": [0, 0, 0],
						"4.5": [0, 0, -7.5],
						"8.0": [0, 0, 0]
					}
				}
			}
		},
		"animation.golem.roaring2": {
			"loop": "hold_on_last_frame",
			"animation_length": 4.52,
			"bones": {
				"bone": {
					"rotation": {
						"0.0": [2.5, 0, 0],
						"0.76": [24.58, 0, 0],
						"3.92": [33.34, 0, 0],
						"4.52": [0, 0, 0]
					},
					"position": [0, 0, 0]
				},
				"bone2": {
					"rotation": {
						"0.0": [2.5, 0, 0],
						"0.56": [11.67, -27.5, 0],
						"1.0": [-15.55, 0, 0],
						"3.92": [-20.15, 0, 0],
						"4.52": [0, 0, 0]
					}
				},
				"neck1": {
					"rotation": {
						"0.0": [2.5, 0, 0],
						"0.56": [6.17, 0, 0],
						"1.0": [-8.05, 0, 0],
						"3.92": [-8.87, 0, 0],
						"4.52": [0, 0, 0]
					}
				},
				"neck2": {
					"rotation": {
						"0.0": [2.5, 0, 0],
						"0.6": [11.67, 0, 0],
						"1.0": [-15.55, 0, 0],
						"3.92": [-12.65, 0, 0],
						"4.52": [0, 0, 0]
					}
				},
				"Head": {
					"rotation": {
						"0.0": [0, 0, 0],
						"0.72": [20, 0, 0],
						"1.2": [-22.53, 0, 0],
						"1.68": [3.23, 0, 0],
						"4.52": [0, 0, 0]
					}
				},
				"bone7": {
					"rotation": {
						"0.0": [2.5, 0, 0],
						"0.52": [13.02, 0, 0],
						"1.24": [69.31, 0, 0],
						"3.92": [60.18, 0, 0],
						"4.52": [0, 0, 0]
					}
				},
				"bone3": {
					"rotation": {
						"0.0": [-10, 0, 0],
						"0.56": [-11, -18.42, -14.74],
						"0.76": [21.68, -25, -20],
						"1.24": [-9.7, -4.31, -2.45],
						"3.92": [-8.54, -0.79, 2.02],
						"4.52": [0, 0, 0]
					}
				},
				"bone29": {
					"rotation": {
						"0.0": [10, 0, 0],
						"0.56": [19.55, 18.42, 20],
						"0.76": [5.82, 25, 0],
						"1.24": [17.42, -18.19, 0],
						"3.92": [14.77, -3.33, 0],
						"4.52": [0, 0, 0]
					}
				},
				"bone35": {
					"rotation": {
						"0.0": [-10, 0, 0],
						"0.56": [-1.43, 17.5, 0],
						"1.24": [-1.82, -0.58, 15],
						"3.92": [-12.56, 14.89, -4.97],
						"4.52": [0, 0, 0]
					}
				},
				"bone36": {
					"rotation": {
						"0.0": [12.5, 0, 0],
						"0.56": [10.95, 0, -20],
						"1.24": [21.57, 15, -5.91],
						"3.92": [17.54, 2.74, -1.08],
						"4.52": [0, 0, 0]
					}
				},
				"bone19": {
					"rotation": {
						"0.0": [0, 0, 0],
						"0.76": [-25, 0, 0],
						"3.92": [-28.01, 0, 0],
						"4.52": [0, 0, 0]
					}
				},
				"bone20": {
					"rotation": {
						"0.0": [-2.5, 0, 0],
						"3.92": [-5.33, 0, 0],
						"4.52": [0, 0, 0]
					}
				},
				"bone21": {
					"rotation": {
						"0.0": [0, 0, 0],
						"4.52": [0, 0, 0]
					}
				},
				"bone4": {
					"rotation": {
						"0.0": [0, 0, 0],
						"0.76": [-5, 0, 0],
						"3.92": [-17.71, 0, 0],
						"4.52": [0, 0, 0]
					}
				},
				"bone5": {
					"rotation": {
						"0.0": [-2.5, 0, 0],
						"0.76": [-7.08, 0, 0],
						"4.52": [0, 0, 0]
					}
				},
				"bone6": {
					"rotation": {
						"0.0": [0, 0, 0],
						"0.76": [-7.5, 0, 0],
						"4.52": [0, 0, 0]
					}
				},
				"bone37": {
					"rotation": [-12.5, 0, 0]
				},
				"Body": {
					"rotation": {
						"0.0": [0, 0, 0],
						"0.72": [-15, 0, 0],
						"1.2": [21.89, 0, 0],
						"1.68": [3.73, 0, 0],
						"4.52": [0, 0, 0]
					},
					"position": [0, 0, 0]
				},
				"Letfarm": {
					"rotation": {
						"0.0": [0, 0, 0],
						"0.72": [16.73634, -5.188, 16.73634],
						"1.2": [-25.76, -5.19, 16.74],
						"1.68": [-2.61927, -4.59282, 9.23641],
						"4.52": [0, 0, 0]
					},
					"position": {
						"0.0": [0, 0, 0],
						"0.72": [0, 8, 0],
						"1.2": [0, -9, 0],
						"1.68": [0, 0, 0],
						"4.52": [0, 0, 0]
					}
				},
				"Rightarm": {
					"rotation": {
						"0.0": [0, 0, 0],
						"0.72": [16.93839, 4.46375, -14.33501],
						"1.2": [-22.7012, 3.89991, -12.52427],
						"1.68": [-1.9191, 3.33607, -10.71354],
						"4.52": [0, 0, 0]
					},
					"position": {
						"0.0": [0, 0, 0],
						"0.72": [0, 6, 0],
						"1.2": [0, -9.76, 0],
						"1.68": [0, 0, 0],
						"4.52": [0, 0, 0]
					}
				}
			}
		},
		"animation.golem.roaring": {
			"loop": true,
			"animation_length": 4.52,
			"bones": {
				"bone": {
					"rotation": {
						"0.0": [2.5, 0, 0],
						"0.76": [24.58, 0, 0],
						"3.92": [33.34, 0, 0],
						"4.52": [0, 0, 0]
					},
					"position": [0, 0, 0]
				},
				"bone2": {
					"rotation": {
						"0.0": [2.5, 0, 0],
						"0.56": [11.67, -27.5, 0],
						"1.0": [-15.55, 0, 0],
						"3.92": [-20.15, 0, 0],
						"4.52": [0, 0, 0]
					}
				},
				"neck1": {
					"rotation": {
						"0.0": [2.5, 0, 0],
						"0.56": [6.17, 0, 0],
						"1.0": [-8.05, 0, 0],
						"3.92": [-8.87, 0, 0],
						"4.52": [0, 0, 0]
					}
				},
				"neck2": {
					"rotation": {
						"0.0": [2.5, 0, 0],
						"0.6": [11.67, 0, 0],
						"1.0": [-15.55, 0, 0],
						"3.92": [-12.65, 0, 0],
						"4.52": [0, 0, 0]
					}
				},
				"Head": {
					"rotation": {
						"0.0": [0, 0, 0],
						"0.72": [20, 0, 0],
						"1.2": [-22.53, 0, 0],
						"1.68": [3.23, 0, 0],
						"4.52": [0, 0, 0]
					}
				},
				"bone7": {
					"rotation": {
						"0.0": [2.5, 0, 0],
						"0.52": [13.02, 0, 0],
						"1.24": [69.31, 0, 0],
						"3.92": [60.18, 0, 0],
						"4.52": [0, 0, 0]
					}
				},
				"bone3": {
					"rotation": {
						"0.0": [-10, 0, 0],
						"0.56": [-11, -18.42, -14.74],
						"0.76": [21.68, -25, -20],
						"1.24": [-9.7, -4.31, -2.45],
						"3.92": [-8.54, -0.79, 2.02],
						"4.52": [0, 0, 0]
					}
				},
				"bone29": {
					"rotation": {
						"0.0": [10, 0, 0],
						"0.56": [19.55, 18.42, 20],
						"0.76": [5.82, 25, 0],
						"1.24": [17.42, -18.19, 0],
						"3.92": [14.77, -3.33, 0],
						"4.52": [0, 0, 0]
					}
				},
				"bone35": {
					"rotation": {
						"0.0": [-10, 0, 0],
						"0.56": [-1.43, 17.5, 0],
						"1.24": [-1.82, -0.58, 15],
						"3.92": [-12.56, 14.89, -4.97],
						"4.52": [0, 0, 0]
					}
				},
				"bone36": {
					"rotation": {
						"0.0": [12.5, 0, 0],
						"0.56": [10.95, 0, -20],
						"1.24": [21.57, 15, -5.91],
						"3.92": [17.54, 2.74, -1.08],
						"4.52": [0, 0, 0]
					}
				},
				"bone19": {
					"rotation": {
						"0.0": [0, 0, 0],
						"0.76": [-25, 0, 0],
						"3.92": [-28.01, 0, 0],
						"4.52": [0, 0, 0]
					}
				},
				"bone20": {
					"rotation": {
						"0.0": [-2.5, 0, 0],
						"3.92": [-5.33, 0, 0],
						"4.52": [0, 0, 0]
					}
				},
				"bone21": {
					"rotation": {
						"0.0": [0, 0, 0],
						"4.52": [0, 0, 0]
					}
				},
				"bone4": {
					"rotation": {
						"0.0": [0, 0, 0],
						"0.76": [-5, 0, 0],
						"3.92": [-17.71, 0, 0],
						"4.52": [0, 0, 0]
					}
				},
				"bone5": {
					"rotation": {
						"0.0": [-2.5, 0, 0],
						"0.76": [-7.08, 0, 0],
						"4.52": [0, 0, 0]
					}
				},
				"bone6": {
					"rotation": {
						"0.0": [0, 0, 0],
						"0.76": [-7.5, 0, 0],
						"4.52": [0, 0, 0]
					}
				},
				"bone37": {
					"rotation": [-12.5, 0, 0]
				},
				"Body": {
					"rotation": {
						"0.0": [0, 0, 0],
						"0.72": [-15, 0, 0],
						"1.2": [21.89, 0, 0],
						"1.68": [3.73, 0, 0],
						"4.52": [0, 0, 0]
					},
					"position": [0, 0, 0]
				},
				"Letfarm": {
					"rotation": {
						"0.0": [0, 0, 0],
						"0.72": [16.73634, -5.188, 16.73634],
						"1.2": [-25.76, -5.19, 16.74],
						"1.68": [-2.61927, -4.59282, 9.23641],
						"4.52": [0, 0, 0]
					},
					"position": {
						"0.0": [0, 0, 0],
						"0.72": [0, 8, 0],
						"1.2": [0, -9, 0],
						"1.68": [0, 0, 0],
						"4.52": [0, 0, 0]
					}
				},
				"Rightarm": {
					"rotation": {
						"0.0": [0, 0, 0],
						"0.72": [16.93839, 4.46375, -14.33501],
						"1.2": [-22.7012, 3.89991, -12.52427],
						"1.68": [-1.9191, 3.33607, -10.71354],
						"4.52": [0, 0, 0]
					},
					"position": {
						"0.0": [0, 0, 0],
						"0.72": [0, 6, 0],
						"1.2": [0, -9.76, 0],
						"1.68": [0, 0, 0],
						"4.52": [0, 0, 0]
					}
				}
			}
		},
		"animation.golem.atomic": {
			"loop": "hold_on_last_frame",
			"animation_length": 12,
			"bones": {
				"bone": {
					"rotation": {
						"0.0": [0, 0, 0],
						"0.52": [-12.5, 0, 0],
						"0.84": [35, 0, 0]
					},
					"position": {
						"0.0": [0, 0, 0],
						"0.52": [0, -0.95, 0],
						"0.84": [0, -8, 0]
					}
				},
				"bone2": {
					"rotation": {
						"0.0": [0, 0, 0],
						"0.52": [-20, 0, 0],
						"0.84": [-12.5, 0, 0]
					}
				},
				"neck1": {
					"rotation": {
						"0.0": [0, 0, 0],
						"0.52": [5, 0, 0],
						"0.84": [0, 0, 0]
					}
				},
				"neck2": {
					"rotation": {
						"0.0": [0, 0, 0],
						"0.52": [12.5, 0, 0],
						"0.84": [-7.5, 0, 0]
					}
				},
				"bone7": {
					"rotation": {
						"0.0": [0, 0, 0],
						"0.28": [70, 0, 0]
					}
				},
				"bone3": {
					"rotation": {
						"0.0": [0, 0, 0],
						"0.52": [-37.5, -7.5, -37.5],
						"0.84": [-5, -10, -22.5]
					}
				},
				"bone29": {
					"rotation": {
						"0.0": [0, 0, 0],
						"0.52": [-22.5, 2.5, 0],
						"0.84": [12.5, -30, 0]
					}
				},
				"bone35": {
					"rotation": {
						"0.0": [0, 0, 0],
						"0.52": [-25, 0, 37.5],
						"0.84": [0, 15, 22.5]
					}
				},
				"bone36": {
					"rotation": {
						"0.0": [0, 0, 0],
						"0.52": [-45, 0, 0],
						"0.84": [15, 20, 0]
					}
				},
				"bone9": {
					"rotation": {
						"0.0": [0, 0, 0],
						"0.24": [-39.95281, 37.42655, 35.96065],
						"0.48": [-52.5, 0, 0]
					}
				},
				"bone10": {
					"rotation": {
						"0.0": [0, 0, 0],
						"0.24": [-12.99301, -35.49178, -68.32587],
						"0.48": [-58.98019, 0.3323, -3.33484]
					}
				},
				"bone14": {
					"rotation": {
						"0.0": [0, 0, 0],
						"0.52": [12.5, 0, 0],
						"0.84": [5, 0, 0],
						"3.12": [2.5, 0, 0]
					}
				},
				"bone16": {
					"rotation": {
						"0.0": [0, 0, 0],
						"0.52": [10, 0, 0],
						"0.84": [0, 0, 0],
						"3.6": [0, 0, 0]
					}
				},
				"bone17": {
					"rotation": {
						"0.0": [0, 0, 0],
						"0.52": [0, 0, 0],
						"0.84": [7.5, 0, 0],
						"4.04": [0, 0, 0]
					}
				},
				"bone18": {
					"rotation": {
						"0.0": [0, 0, 0],
						"0.52": [5, 0, 0],
						"0.84": [2.5, 0, 0],
						"4.6": [0, 0, 0]
					}
				},
				"bone19": {
					"rotation": {
						"0.0": [0, 0, 0],
						"0.52": [12.5, 0, 0],
						"0.84": [-62.5, 0, 0]
					}
				},
				"bone20": {
					"rotation": {
						"0.0": [0, 0, 0],
						"0.84": [40, 0, 0]
					}
				},
				"bone21": {
					"rotation": {
						"0.0": [0, 0, 0],
						"0.84": [-10, 0, 0]
					}
				},
				"bone4": {
					"rotation": {
						"0.0": [0, 0, 0],
						"0.52": [10, 0, 0],
						"0.84": [-2.5, 0, 0]
					}
				},
				"bone5": {
					"rotation": {
						"0.0": [0, 0, 0],
						"0.84": [5, 0, 0]
					}
				},
				"bone6": {
					"rotation": {
						"0.0": [0, 0, 0],
						"0.52": [-1.19, 0, 0],
						"0.84": [-10, 0, 0]
					}
				},
				"Body": {
					"rotation": {
						"0.0": [0, 0, 0],
						"0.24": [10, 0, 0],
						"0.48": [-2.5, 0, 0]
					}
				},
				"Letfarm": {
					"rotation": {
						"0.0": [0, 0, 0],
						"0.24": [-61.25003, 10.85426, 3.31235],
						"0.48": [13.64369, 7.60283, 18.15097]
					}
				},
				"Rightarm": {
					"rotation": {
						"0.0": [0, 0, 0],
						"0.24": [-33.76361, 1.78621, -9.74418],
						"0.48": [12.83344, 5.25199, -24.36828]
					}
				}
			}
		},
		"animation.golem.spawned": {
			"loop": true,
			"animation_length": 4.52,
			"bones": {
				"bone": {
					"rotation": {
						"0.0": [35, -67.5, 0],
						"1.56": [22.92, -66.7, 0],
						"4.52": [0, 0, 0]
					},
					"position": {
						"0.0": [0, -11, 0],
						"4.52": [0, 0, 0]
					}
				},
				"neck1": {
					"rotation": {
						"0.0": [10, 0, 0],
						"1.56": [-3.45, -12.5, 5],
						"2.32": [-2.56, 8.21, 3.72],
						"4.52": [0, 0, 0]
					}
				},
				"neck2": {
					"rotation": {
						"0.0": [7.5, 0, 0],
						"1.56": [2.41, 10, 10],
						"2.8": [1.4, 23.31, -9.19],
						"4.52": [0, 0, 0]
					}
				},
				"Head": {
					"rotation": {
						"0.0": [17.5, 0, 0],
						"3.12": [25, 0, 0],
						"4.52": [0, 0, 0]
					}
				},
				"bone7": {
					"rotation": {
						"0.0": [2.5, 0, 0],
						"1.56": [25, 0, 0],
						"4.52": [0, 0, 0]
					}
				},
				"bone29": {
					"rotation": [0, 0, 0]
				},
				"bone35": {
					"rotation": {
						"0.0": [-32.5, 0, 0],
						"1.56": [-23.78, -22.5, 0],
						"4.52": [0, 0, 0]
					}
				},
				"bone36": {
					"rotation": {
						"1.56": [0, 0, 0],
						"4.52": [0, 0, 0]
					}
				},
				"bone9": {
					"rotation": {
						"0.0": [-67.5, 0, 0],
						"3.12": [-70.21054, 5.49837, 4.72334],
						"4.52": [0, 0, 0]
					}
				},
				"bone10": {
					"rotation": {
						"0.0": [-35, 0, 0],
						"3.12": [-62.5, 0, 0],
						"4.52": [0, 0, 0]
					}
				},
				"bone14": {
					"rotation": {
						"0.0": [0, -47.5, 0],
						"4.52": [0, 0, 0]
					}
				},
				"bone16": {
					"rotation": {
						"0.0": [0, -30, 0],
						"4.52": [0, 0, 0]
					}
				},
				"bone17": {
					"rotation": {
						"0.0": [0, -15, 0],
						"4.52": [0, 0, 0]
					}
				},
				"bone18": {
					"rotation": {
						"0.0": [0, -20, 0],
						"4.52": [0, 0, 0]
					}
				},
				"bone19": {
					"rotation": {
						"0.0": [-55, 0, 0],
						"4.52": [0, 0, 0]
					}
				},
				"bone20": {
					"rotation": {
						"0.0": [47.5, 0, 0],
						"4.52": [0, 0, 0]
					}
				},
				"bone21": {
					"rotation": {
						"0.0": [-25, 0, 0],
						"4.52": [0, 0, 0]
					}
				},
				"bone4": {
					"rotation": {
						"0.0": [-60, 30, -27.5],
						"1.56": [-39.29, 19.65, -8.01],
						"4.52": [0, 0, 0]
					},
					"position": {
						"0.0": [0, 0, 0],
						"1.56": [0, 1.35, 0],
						"4.52": [0, 0, 0]
					}
				},
				"bone5": {
					"rotation": {
						"0.0": [35, 0, 17.5],
						"4.52": [0, 0, 0]
					}
				},
				"bone6": {
					"rotation": {
						"0.0": [-12.5, -15, -20],
						"1.56": [-7.95, -9.82, -13.09],
						"4.52": [0, 0, 0]
					}
				},
				"Root": {
					"rotation": [0, 0, 0],
					"position": {
						"0.0": [0, 1102, 0],
						"3.12": [0, -9, 0],
						"4.52": [0, 0, 0]
					}
				},
				"Leg0": {
					"rotation": {
						"0.0": [-25, 0, 0],
						"3.12": [-72.5, 0, 0],
						"4.52": [0, 0, 0]
					}
				},
				"Legs0": {
					"rotation": {
						"0.0": [37.5, 0, 0],
						"3.12": [87.5, 0, 0],
						"4.52": [0, 0, 0]
					},
					"position": [0, 0, 0]
				},
				"Leg1": {
					"rotation": {
						"0.0": [5, 0, 0],
						"4.52": [0, 0, 0]
					}
				},
				"Legs1": {
					"rotation": {
						"0.0": [0, 0, 0],
						"3.12": [90, 0, 0],
						"4.52": [0, 0, 0]
					}
				},
				"Body": {
					"rotation": {
						"0.0": [10, 0, 0],
						"3.12": [27.04, 0, 0],
						"4.52": [0, 0, 0]
					}
				},
				"Letfarm": {
					"rotation": {
						"0.0": [0, 0, 22.5],
						"3.12": [47.5, 0, 22.5],
						"4.52": [0, 0, 0]
					}
				},
				"Rightarm": {
					"rotation": {
						"0.0": [0, 0, -30],
						"3.12": [47.5, 0, -38.61],
						"4.52": [0, 0, 0]
					}
				}
			}
		},
		"animation.golem.attack": {
			"loop": true,
			"animation_length": 1.52,
			"bones": {
				"bone": {
					"rotation": {
						"0.0": [0, 0, 0],
						"0.52": [27.5, -20, 0],
						"0.84": [34.4, 25, 0],
						"1.04": [41.59, 25.74, 0],
						"1.52": [0, 0, 0]
					},
					"position": {
						"0.0": [0, 0, 0],
						"0.12": [0, -1, 0],
						"1.52": [0, 0, 0]
					}
				},
				"bone2": {
					"rotation": {
						"0.0": [0, 0, 0],
						"0.52": [-15, -25, 0],
						"0.84": [5.7, 33.9, -15],
						"1.04": [5.52, 15.3, 0],
						"1.52": [0, 0, 0]
					}
				},
				"neck1": {
					"rotation": {
						"0.0": [0, 0, 0],
						"0.52": [0, 15, 0],
						"1.52": [0, 0, 0]
					}
				},
				"neck2": {
					"rotation": {
						"0.0": [0, 0, 0],
						"0.52": [0, 12.5, 0],
						"1.52": [0, 0, 0]
					}
				},
				"bone7": {
					"rotation": {
						"0.0": [0, 0, 0],
						"0.52": [37.5, 0, 0],
						"1.52": [0, 0, 0]
					}
				},
				"bone3": {
					"rotation": {
						"0.0": [0, 0, 0],
						"0.52": [-87.5, -62.5, -20],
						"0.84": [-72, 17.5, 0],
						"1.04": [-40.62, 9.26, 0],
						"1.52": [0, 0, 0]
					},
					"position": {
						"0.0": [0, 0, 0],
						"0.52": [0, 0, -3],
						"0.84": [0, 0, -4.04],
						"1.52": [0, 0, 0]
					}
				},
				"bone29": {
					"rotation": {
						"0.0": [0, 0, 0],
						"0.52": [0, -12.5, -45],
						"0.84": [15, 14, 49.4],
						"1.04": [7.94, 7.41, 38.65],
						"1.52": [0, 0, 0]
					}
				},
				"bone35": {
					"rotation": {
						"0.0": [0, 0, 0],
						"0.52": [-30, 0, 0],
						"0.84": [8.7, 0, 27.5],
						"1.04": [17.11, 0, 22.5],
						"1.52": [0, 0, 0]
					}
				},
				"bone36": {
					"rotation": {
						"0.0": [0, 0, 0],
						"0.52": [0, -10, 30],
						"0.84": [7.5, -6.8, 20.4],
						"1.04": [11.47, -3.6, 10.8],
						"1.52": [0, 0, 0]
					}
				},
				"bone9": {
					"rotation": {
						"0.0": [0, 0, 0],
						"0.72": [-49.5, 0, 0],
						"1.2": [-45, 0, 0],
						"1.52": [0, 0, 0]
					},
					"scale": 1
				},
				"bone10": {
					"rotation": [-22.5, 0, 0]
				},
				"bone14": {
					"rotation": {
						"0.0": [0, 0, 0],
						"0.52": [0, -2.5, 0],
						"0.8": [0, -7.5, 0],
						"1.04": [0, 2.5, 0],
						"1.24": [0, 7.5, 0],
						"1.52": [0, 0, 0]
					}
				},
				"bone16": {
					"rotation": {
						"0.0": [0, 0, 0],
						"0.52": [0, -2.5, 0],
						"0.8": [0, -7.5, 0],
						"1.04": [0, 2.5, 0],
						"1.24": [0, 7.5, 0],
						"1.52": [0, 0, 0]
					}
				},
				"bone17": {
					"rotation": {
						"0.0": [0, 0, 0],
						"1.52": [0, 0, 0]
					}
				},
				"bone18": {
					"rotation": {
						"0.0": [0, 0, 0],
						"1.52": [0, 0, 0]
					}
				},
				"bone19": {
					"rotation": {
						"0.0": [0, 0, 0],
						"0.52": [-80, 0, 0],
						"0.84": [-35.41, -3.26, 0],
						"1.04": [-44.1, -5.29, 0],
						"1.52": [0, 0, 0]
					}
				},
				"bone20": {
					"rotation": {
						"0.0": [0, 0, 0],
						"0.52": [52.5, 0, 0],
						"0.84": [0.89, 0, 0],
						"1.04": [2.7, 0, 0],
						"1.52": [0, 0, 0]
					}
				},
				"bone21": {
					"rotation": {
						"0.0": [0, 0, 0],
						"0.52": [0, 0, 0],
						"1.52": [0, 0, 0]
					}
				},
				"bone4": {
					"rotation": {
						"0.0": [0, 0, 0],
						"0.52": [-25, 15, -10],
						"0.84": [-8.81, -4.81, 4.42],
						"1.04": [-8.81, -4.81, 4.42],
						"1.52": [0, 0, 0]
					}
				},
				"bone5": {
					"rotation": {
						"0.0": [0, 0, 0],
						"0.52": [5, 0, 0],
						"1.16": [-1.1, 0, 0],
						"1.52": [0, 0, 0]
					}
				},
				"bone6": {
					"rotation": {
						"0.0": [0, 0, 0],
						"0.52": [-5, 0, 0],
						"1.52": [0, 0, 0]
					}
				},
				"Boby2": {
					"rotation": {
						"0.0": [0, 0, 0],
						"0.72": [0, -22.5, 0],
						"1.2": [0, 36, 0],
						"1.52": [0, 0, 0]
					}
				},
				"Body": {
					"rotation": {
						"0.0": [0, 0, 0],
						"0.72": [-12.79226, -17.37887, 1.1326],
						"1.2": [0, 15, 0],
						"1.52": [0, 0, 0]
					}
				},
				"Letfarm": {
					"rotation": {
						"0.0": [0, 0, 0],
						"0.72": [-25, 0, 17.5],
						"1.2": [22.01816, -4.75113, 18.57518],
						"1.52": [0, 0, 0]
					}
				},
				"Rightarm": {
					"rotation": {
						"0.0": [0, 0, 0],
						"0.72": [20, 0, -57.5],
						"1.2": [-9.09349, 3.05127, -67.64215],
						"1.52": [0, 0, 0]
					}
				}
			}
		},
		"animation.golem.attack2": {
			"loop": true,
			"animation_length": 1.52,
			"bones": {
				"bone": {
					"rotation": {
						"0.0": [0, 0, 0],
						"0.52": [0, 0, 0],
						"0.84": [34.4, 0, 0],
						"1.16": [31.59, -1.76, 0],
						"1.52": [0, 0, 0]
					},
					"position": {
						"0.0": [0, 0, 0],
						"0.52": [0, -1, 0],
						"1.52": [0, 0, 0]
					}
				},
				"bone2": {
					"rotation": {
						"0.0": [0, 0, 0],
						"0.52": [-32.5, -2.5, 0],
						"0.84": [18.2, 1.4, -15],
						"1.16": [5.52, -12.2, 0],
						"1.52": [0, 0, 0]
					}
				},
				"neck1": {
					"rotation": {
						"0.0": [0, 0, 0],
						"0.52": [20, 0, 0],
						"0.88": [0.3, 0, 0],
						"1.52": [0, 0, 0]
					}
				},
				"neck2": {
					"rotation": {
						"0.0": [0, 0, 0],
						"0.52": [0, 0, 0],
						"0.88": [-20, 0, 0],
						"1.2": [5, 0, 0],
						"1.52": [0, 0, 0]
					}
				},
				"bone7": {
					"rotation": {
						"0.0": [0, 0, 0],
						"0.52": [40, 0, 0],
						"0.88": [66.6, 0, 0],
						"1.2": [-2.95, 0, 0],
						"1.52": [0, 0, 0]
					}
				},
				"bone3": {
					"rotation": {
						"0.0": [0, 0, 0],
						"0.52": [-32.5, -12.5, 0],
						"0.84": [40.5, 17.5, -22.5],
						"1.16": [11.88, -15.74, -27.5],
						"1.52": [0, 0, 0]
					},
					"position": {
						"0.0": [0, 0, 0],
						"0.52": [0, 0, -3],
						"0.84": [0, 0, -4.04],
						"1.52": [0, 0, 0]
					}
				},
				"bone29": {
					"rotation": {
						"0.0": [0, 0, 0],
						"0.52": [0, 32.5, -12.5],
						"0.84": [-10, -21, 21.9],
						"1.16": [7.94, 7.41, 3.65],
						"1.52": [0, 0, 0]
					}
				},
				"bone35": {
					"rotation": {
						"0.0": [0, 0, 0],
						"0.52": [-30, 0, 0],
						"0.84": [41.2, 0, 27.5],
						"1.16": [17.11, 0, 22.5],
						"1.52": [0, 0, 0]
					}
				},
				"bone36": {
					"rotation": {
						"0.0": [0, 0, 0],
						"0.52": [0, -10, 30],
						"0.84": [7.5, -6.8, 20.4],
						"1.16": [11.47, -3.6, 10.8],
						"1.52": [0, 0, 0]
					}
				},
				"bone9": {
					"rotation": {
						"0.0": [0, 0, 0],
						"0.72": [-48.5, 0, 0],
						"1.2": [-35, 0, 0],
						"1.52": [0, 0, 0]
					}
				},
				"bone10": {
					"rotation": {
						"0.0": [0, 0, 0],
						"0.72": [-48, 0, 0],
						"1.2": [-42.5, 0, 0],
						"1.52": [0, 0, 0]
					}
				},
				"bone14": {
					"rotation": {
						"0.0": [0, 0, 0],
						"1.52": [0, 0, 0]
					}
				},
				"bone16": {
					"rotation": {
						"0.0": [0, 0, 0],
						"1.52": [0, 0, 0]
					}
				},
				"bone17": {
					"rotation": {
						"0.0": [0, 0, 0],
						"1.52": [0, 0, 0]
					}
				},
				"bone18": {
					"rotation": {
						"0.0": [0, 0, 0],
						"1.52": [0, 0, 0]
					}
				},
				"bone19": {
					"rotation": {
						"0.0": [0, 0, 0],
						"0.52": [-7.5, 0, 0],
						"0.84": [1.7, -10, 0],
						"1.16": [-11.6, -5.29, 0],
						"1.52": [0, 0, 0]
					}
				},
				"bone20": {
					"rotation": {
						"0.0": [0, 0, 0],
						"0.52": [7.5, 0, 0],
						"1.52": [0, 0, 0]
					}
				},
				"bone21": {
					"rotation": {
						"0.0": [0, 0, 0],
						"0.52": [0, 0, 0],
						"1.52": [0, 0, 0]
					}
				},
				"bone4": {
					"rotation": {
						"0.0": [0, 0, 0],
						"0.52": [0, 0, 0],
						"0.84": [-35.75, 0, 0],
						"1.16": [-36.5, 0, 0],
						"1.52": [0, 0, 0]
					}
				},
				"bone5": {
					"rotation": {
						"0.0": [0, 0, 0],
						"0.52": [-10, 0, 0],
						"1.16": [-1.1, 0, 0],
						"1.52": [0, 0, 0]
					}
				},
				"bone6": {
					"rotation": {
						"0.0": [0, 0, 0],
						"0.52": [10, 0, 0],
						"1.52": [0, 0, 0]
					}
				},
				"Boby2": {
					"rotation": {
						"0.0": [0, 0, 0],
						"0.72": [0, 22.5, 0],
						"1.2": [0, -36, 0],
						"1.52": [0, 0, 0]
					}
				},
				"Body": {
					"rotation": {
						"0.0": [0, 0, 0],
						"0.72": [-5, 10, 0],
						"1.2": [0, -13.5, 0],
						"1.52": [0, 0, 0]
					}
				},
				"Letfarm": {
					"rotation": {
						"0.0": [0, 0, 0],
						"0.72": [20, 0, 67.5],
						"1.2": [-35, 0, 67.5],
						"1.52": [0, 0, 0]
					}
				},
				"Rightarm": {
					"rotation": {
						"0.0": [0, 0, 0],
						"0.72": [-39.56869, -6.40865, -18.19263],
						"1.2": [12.5, 0, -17.5],
						"1.52": [0, 0, 0]
					}
				}
			}
		},
		"animation.golem.move": {
			"loop": true,
			"animation_length": 1.6,
			"bones": {
				"bone": {
					"rotation": {
						"0.0": [0, 2.5, 0],
						"0.8": [0, -2.5, 0],
						"1.6": [0, 2.5, 0]
					}
				},
				"bone2": {
					"rotation": {
						"0.0": [0, -2.5, 0],
						"0.8": [0, 5, 0],
						"1.6": [0, -2.5, 0]
					}
				},
				"bone11": {
					"relative_to": {
						"rotation": "entity"
					},
					"rotation": [0, 0, 0.01]
				},
				"bone14": {
					"rotation": {
						"0.0": [0, 2.5, 0],
						"0.8": [0, -2.5, 0],
						"1.6": [0, 2.5, 0]
					}
				},
				"bone16": {
					"rotation": {
						"0.0": [0, 2.5, 0],
						"0.8": [0, -2.5, 0],
						"1.6": [0, 2.5, 0]
					}
				},
				"bone17": {
					"rotation": {
						"0.0": [0, 2.5, 0],
						"0.8": [0, -2.5, 0],
						"1.6": [0, 2.5, 0]
					}
				},
				"bone18": {
					"rotation": {
						"0.0": [0, 2.5, 0],
						"0.8": [0, -2.5, 0],
						"1.6": [0, 2.5, 0]
					}
				},
				"bone19": {
					"rotation": {
						"0.0": [-12.5, 0, 0],
						"0.8": [15, 0, 0],
						"1.6": [-12.5, 0, 0]
					},
					"position": {
						"0.0": [0, 0, 0],
						"0.8": [0, 0, 0],
						"1.2": [0, 7, 0],
						"1.6": [0, 0, 0]
					}
				},
				"bone4": {
					"rotation": {
						"0.0": [15, 0, 0],
						"0.8": [-12.5, 0, 0],
						"1.6": [15, 0, 0]
					},
					"position": {
						"0.0": [0, 0, 0],
						"0.4": [0, 5, 0],
						"0.8": [0, 0, 0],
						"1.6": [0, 0, 0]
					}
				},
				"Leg0": {
					"rotation": {
						"0.0": [-25, 0, 0],
						"0.9": [25, 0, 0],
						"1.6": [-25, 0, 0]
					}
				},
				"Legs0": {
					"rotation": {
						"0.0": [0, 0, 0],
						"0.9": [17.5, 0, 0],
						"1.6": [0, 0, 0]
					}
				},
				"Leg1": {
					"rotation": {
						"0.0": [25, 0, 0],
						"0.9": [-30, 0, 0],
						"1.6": [25, 0, 0]
					}
				},
				"Legs1": {
					"rotation": {
						"0.0": [32.5, 0, 0],
						"0.9": [5, 0, 0],
						"1.6": [32.5, 0, 0]
					}
				},
				"Letfarm": {
					"rotation": {
						"0.0": [27.5, 0, 0],
						"0.9": [-25, 0, 0],
						"1.6": [27.5, 0, 0]
					}
				},
				"bone10": {
					"rotation": {
						"0.0": [-12.5, 0, 0],
						"0.9": [-25, 0, 0],
						"1.6": [-12.5, 0, 0]
					}
				},
				"bone0": {
					"position": [0, 5, 0]
				},
				"Rightarm": {
					"rotation": {
						"0.0": [-35, 0, 0],
						"0.9": [20, 0, 0],
						"1.6": [-35, 0, 0]
					}
				},
				"bone9": {
					"rotation": {
						"0.0": [-10, 0, 0],
						"0.9": [-35, 0, 0],
						"1.6": [-10, 0, 0]
					}
				},
				"bone1": {
					"position": [0, 9, 0]
				}
			}
		},
		"animation.golem.running": {
			"loop": true,
			"animation_length": 1.56,
			"bones": {
				"bone": {
					"rotation": [27.5, 0, 0],
					"position": [0, -4, 0]
				},
				"bone2": {
					"rotation": {
						"0.0": [10, 15, 0],
						"0.8": [10, -15, 0],
						"1.56": [10, 15, 0]
					}
				},
				"neck1": {
					"rotation": {
						"0.0": [5, -5, 0],
						"0.8": [5, 5, -7.5],
						"1.56": [5, -5, 0]
					}
				},
				"neck2": {
					"rotation": {
						"0.0": [-10, -5, 5],
						"0.8": [-10, 7.5, -5],
						"1.56": [-10, -5, 5]
					}
				},
				"bone7": {
					"rotation": {
						"0.0": [0, 0, 0],
						"0.8": [12.5, 0, 0],
						"1.56": [0, 0, 0]
					}
				},
				"bone3": {
					"rotation": {
						"0.0": [-30, 0, 0],
						"0.8": [-32.5, 0, 0],
						"1.56": [-30, 0, 0]
					}
				},
				"bone29": {
					"rotation": {
						"0.0": [0, 0, 0],
						"0.8": [-10, 0, 0],
						"1.56": [0, 0, 0]
					}
				},
				"bone35": {
					"rotation": {
						"0.0": [-27.5, 0, 0],
						"0.8": [-22.5, 0, 0],
						"1.56": [-27.5, 0, 0]
					}
				},
				"bone36": {
					"rotation": {
						"0.0": [-10, 0, 0],
						"0.8": [-2.5, 0, 0],
						"1.56": [-10, 0, 0]
					}
				},
				"bone9": {
					"rotation": {
						"0.0": [-15, 0, 0],
						"0.72": [-37.5, 0, 0],
						"1.56": [-15, 0, 0]
					}
				},
				"bone10": {
					"rotation": {
						"0.0": [-25, 0, 0],
						"0.72": [-30, 0, 0],
						"1.56": [-25, 0, 0]
					}
				},
				"bone14": {
					"rotation": {
						"0.0": [2.5, 2.5, 0],
						"0.8": [2.5, -2.5, 0],
						"1.56": [2.5, 2.5, 0]
					}
				},
				"bone16": {
					"rotation": {
						"0.0": [2.5, 2.5, 0],
						"0.8": [2.5, -2.5, 0],
						"1.56": [2.5, 2.5, 0]
					}
				},
				"bone17": {
					"rotation": {
						"0.0": [0, 2.5, 0],
						"0.8": [0, -2.5, 0],
						"1.56": [0, 2.5, 0]
					}
				},
				"bone18": {
					"rotation": {
						"0.0": [0, 2.5, 0],
						"0.8": [0, -5, 0],
						"1.56": [0, 2.5, 0]
					}
				},
				"bone19": {
					"rotation": {
						"0.0": [0, 0, 0],
						"0.4": [-37.5, 0, 0],
						"0.8": [-40, 0, 0],
						"1.56": [0, 0, 0]
					},
					"position": {
						"0.0": [0, 0, 0],
						"0.4": [0, 9, 0],
						"0.8": [0, 0, 0],
						"1.56": [0, 0, 0]
					}
				},
				"bone20": {
					"rotation": {
						"0.0": [15, 0, 0],
						"1.56": [15, 0, 0]
					}
				},
				"bone4": {
					"rotation": {
						"0.0": [-47.5, 0, 0],
						"0.8": [-7.5, 0, 0],
						"1.16": [-49.34, 0, 0],
						"1.56": [-47.5, 0, 0]
					},
					"position": {
						"0.0": [0, 0, 0],
						"0.8": [0, 0, 0],
						"1.16": [0, 9, 0],
						"1.56": [0, 0, 0]
					}
				},
				"bone5": {
					"rotation": {
						"0.0": [22.5, 0, 0],
						"1.56": [22.5, 0, 0]
					}
				},
				"Leg0": {
					"rotation": {
						"0.0": [35, 0, 0],
						"0.72": [-30, 0, 0],
						"1.56": [35, 0, 0]
					}
				},
				"Legs0": {
					"rotation": {
						"0.0": [47.5, 0, 0],
						"0.72": [0, 0, 0],
						"1.56": [47.5, 0, 0]
					}
				},
				"Leg1": {
					"rotation": {
						"0.0": [-47.5, 0, 0],
						"0.72": [35, 0, 0],
						"1.56": [-47.5, 0, 0]
					}
				},
				"Legs1": {
					"rotation": {
						"0.0": [0, 0, 0],
						"0.72": [55, 0, 0],
						"1.56": [0, 0, 0]
					}
				},
				"Boby2": {
					"rotation": {
						"0.0": [2.5, -12.5, 0],
						"0.72": [2.55883, 17.47209, 1.31016],
						"1.56": [2.5, -12.5, 0]
					}
				},
				"Body": {
					"rotation": {
						"0.0": [5.12076, -12.45167, -1.10693],
						"0.72": [4.99967, 0.00078, -0.00149],
						"1.56": [5.12, -12.45, -1.11]
					}
				},
				"Letfarm": {
					"rotation": {
						"0.0": [-24.24769, 6.27967, 13.64973],
						"0.72": [22.19157, -3.81024, 9.25249],
						"1.56": [-24.24769, 6.27967, 13.64973]
					}
				},
				"Rightarm": {
					"rotation": {
						"0.0": [15, 0, -12.5],
						"0.72": [-39.91172, -0.75577, -15.28591],
						"1.56": [15, 0, -12.5]
					}
				}
			}
		},
		"animation.golem.tail_attack": {
			"loop": true,
			"animation_length": 2.08,
			"bones": {
				"bone": {
					"rotation": {
						"0.0": [40, 0, 0],
						"0.28": [40, 0, 0],
						"1.04": [40, 375, 0]
					},
					"position": [0, -2, 0]
				},
				"bone2": {
					"rotation": {
						"0.0": [-12.5, 0, 0],
						"0.28": [12.5, 0, 0],
						"1.4": [-7.5, -12.5, 15]
					}
				},
				"neck1": {
					"rotation": {
						"0.0": [5, 0, 0],
						"0.28": [-5, 0, 0],
						"1.72": [2.5, 0, 0]
					}
				},
				"neck2": {
					"rotation": {
						"0.0": [2.5, 0, 0],
						"0.28": [-17.5, 0, 0]
					}
				},
				"bone7": {
					"rotation": {
						"0.0": [5, 0, 0],
						"0.28": [52.5, 0, 0],
						"1.88": [0, 0, 0]
					}
				},
				"bone3": {
					"rotation": {
						"0.0": [-5, -12.5, 0],
						"0.28": [-32.5, -12.5, 0],
						"1.88": [-20, -12.5, 0]
					}
				},
				"bone35": {
					"rotation": {
						"0.0": [0, 15, 0],
						"0.28": [-35, 15, 0],
						"1.88": [-7.5, 15, 0]
					}
				},
				"bone9": {
					"rotation": {
						"0.0": [0, 0, 0],
						"0.72": [-64.46949, 11.31255, 5.35254],
						"1.2": [-37.5, 0, 0],
						"2.08": [0, 0, 0]
					}
				},
				"bone10": {
					"rotation": {
						"0.0": [0, 0, 0],
						"0.72": [-56.87402, -10.51794, -6.79286],
						"1.2": [-34.30084, -6.80572, -4.39538],
						"2.08": [0, 0, 0]
					}
				},
				"bone14": {
					"rotation": {
						"0.0": [2.5, 0, 0],
						"0.28": [2.5, -12.5, 0],
						"1.76": [2.5, 5, 0]
					}
				},
				"bone16": {
					"rotation": {
						"0.0": [2.5, 0, 0],
						"0.28": [2.5, -10, 0],
						"1.88": [2.5, 7.5, 0]
					}
				},
				"bone17": {
					"rotation": {
						"0.0": [2.5, 0, 0],
						"0.28": [2.5, -20, 0],
						"1.88": [2.5, 5, 0]
					}
				},
				"bone18": {
					"rotation": {
						"0.0": [0, 0, 0],
						"0.28": [0, -22.5, 0],
						"1.88": [0, 2.5, 0]
					}
				},
				"bone19": {
					"rotation": [-45, 0, 0]
				},
				"bone20": {
					"rotation": [5, 0, 0]
				},
				"bone4": {
					"rotation": [-40, 0, 0]
				},
				"Boby2": {
					"rotation": {
						"0.0": [0, 0, 0],
						"0.72": [-20, 0, 0],
						"1.2": [49.56, 0, 0],
						"2.08": [0, 0, 0]
					}
				},
				"Body": {
					"rotation": {
						"0.0": [0, 0, 0],
						"0.72": [-15, 0, 0],
						"1.2": [17.79, 0, 0],
						"2.08": [0, 0, 0]
					}
				},
				"Letfarm": {
					"rotation": {
						"0.0": [0, 0, 0],
						"0.72": [-170, 0, 0],
						"1.2": [-45, 0, 0],
						"2.08": [0, 0, 0]
					}
				},
				"Rightarm": {
					"rotation": {
						"0.0": [0, 0, 0],
						"0.72": [-160.21271, 3.74196, -6.50446],
						"1.2": [-36.16704, 2.42127, -4.20877],
						"2.08": [0, 0, 0]
					}
				}
			}
		}
	}
}