{
	"format_version": "1.8.0",
	"animations": {
		"animation.tvman.look_at_target": {
			"loop": true,
			"animation_length": 4.25,
			"bones": {
				"head": {
					"rotation": ["query.target_x_rotation * 0.5", "query.target_y_rotation * 0.20", 0]
				},
				"neck1": {
					"rotation": ["query.target_x_rotation * 0.2", "query.target_y_rotation * 0.15", 0]
				},
				"neck2": {
					"rotation": ["query.target_x_rotation * 0.1", "query.target_y_rotation * 0.1", 0]
				}
			}
		},
		"animation.tvman.attack": {
			"loop": true,
			"animation_length": 1.52,
			"bones": {
				"neck1": {
					"rotation": {
						"0.0": [0, 0, 0],
						"0.52": [0, 15, 0],
						"1.52": [0, 0, 0]
					}
				},
				"neck2": {
					"rotation": {
						"0.0": [0, 0, 0],
						"0.52": [0, 12.5, 0],
						"1.52": [0, 0, 0]
					}
				},
				"bone29": {
					"rotation": {
						"0.0": [0, 0, 0],
						"0.52": [0, -12.5, -45],
						"0.84": [15, 14, 49.4],
						"1.04": [7.94, 7.41, 38.65],
						"1.52": [0, 0, 0]
					}
				},
				"bone35": {
					"rotation": {
						"0.0": [0, 0, 0],
						"0.52": [-30, 0, 0],
						"0.84": [8.7, 0, 27.5],
						"1.04": [17.11, 0, 22.5],
						"1.52": [0, 0, 0]
					}
				},
				"bone36": {
					"rotation": {
						"0.0": [0, 0, 0],
						"0.52": [0, -10, 30],
						"0.84": [7.5, -6.8, 20.4],
						"1.04": [11.47, -3.6, 10.8],
						"1.52": [0, 0, 0]
					}
				},
				"bone9": {
					"rotation": {
						"0.0": [0, 0, 0],
						"0.52": [-10, 0, 0],
						"0.8": [-17.2, 0, 0],
						"1.0": [-12.42, 0, 0],
						"1.52": [0, 0, 0]
					}
				},
				"bone19": {
					"rotation": {
						"0.0": [0, 0, 0],
						"0.52": [-80, 0, 0],
						"0.84": [-35.41, -3.26, 0],
						"1.04": [-44.1, -5.29, 0],
						"1.52": [0, 0, 0]
					}
				},
				"bone20": {
					"rotation": {
						"0.0": [0, 0, 0],
						"0.52": [52.5, 0, 0],
						"0.84": [0.89, 0, 0],
						"1.04": [2.7, 0, 0],
						"1.52": [0, 0, 0]
					}
				},
				"bone21": {
					"rotation": {
						"0.0": [0, 0, 0],
						"0.52": [0, 0, 0],
						"1.52": [0, 0, 0]
					}
				},
				"Rightarm": {
					"rotation": {
						"0.0": [0, 0, 0],
						"0.56": [32.20628, -2.66754, -55.66212],
						"0.96": [-39.97979, 28.34426, -49.88641],
						"1.52": [0, 0, 0]
					}
				},
				"bone12": {
					"rotation": {
						"0.0": [0, 0, 0],
						"0.56": [-60, 0, 0],
						"1.52": [0, 0, 0]
					}
				},
				"Leftleg2": {
					"rotation": {
						"0.0": [0, 0, 0],
						"0.56": [-11.27519, 31.67233, 9.63286],
						"0.96": [-1.57719, 18.47553, 5.61917],
						"1.52": [0, 0, 0]
					}
				},
				"body2": {
					"rotation": {
						"0.0": [0, 0, 0],
						"0.6": [2.87998, -27.31277, -8.37475],
						"0.96": [-0.47232, 15.13559, 4.5365],
						"1.52": [0, 0, 0]
					}
				},
				"bone18": {
					"rotation": {
						"0.0": [0, 0, 0],
						"1.52": [0, 0, 0]
					}
				},
				"bone16": {
					"rotation": {
						"0.0": [0, 0, 0],
						"0.56": [-20, 0, 0],
						"0.96": [6.41006, -25.05341, -8.68104],
						"1.52": [0, 0, 0]
					}
				},
				"bone17": {
					"rotation": {
						"0.0": [0, 0, 0],
						"1.52": [0, 0, 0]
					}
				}
			}
		},
		"animation.tvman.attack2": {
			"loop": true,
			"animation_length": 1.52,
			"bones": {
				"neck1": {
					"rotation": {
						"0.0": [0, 0, 0],
						"0.52": [20, 0, 0],
						"0.88": [0.3, 0, 0],
						"1.52": [0, 0, 0]
					}
				},
				"neck2": {
					"rotation": {
						"0.0": [0, 0, 0],
						"0.52": [0, 0, 0],
						"0.88": [-20, 0, 0],
						"1.2": [5, 0, 0],
						"1.52": [0, 0, 0]
					}
				},
				"bone29": {
					"rotation": {
						"0.0": [0, 0, 0],
						"0.52": [0, 32.5, -12.5],
						"0.84": [-10, -21, 21.9],
						"1.16": [7.94, 7.41, 3.65],
						"1.52": [0, 0, 0]
					}
				},
				"bone35": {
					"rotation": {
						"0.0": [0, 0, 0],
						"0.52": [-30, 0, 0],
						"0.84": [41.2, 0, 27.5],
						"1.16": [17.11, 0, 22.5],
						"1.52": [0, 0, 0]
					}
				},
				"bone36": {
					"rotation": {
						"0.0": [0, 0, 0],
						"0.52": [0, -10, 30],
						"0.84": [7.5, -6.8, 20.4],
						"1.16": [11.47, -3.6, 10.8],
						"1.52": [0, 0, 0]
					}
				},
				"bone9": {
					"rotation": {
						"0.0": [0, 0, 0],
						"0.52": [5, 0, 0],
						"1.52": [0, 0, 0]
					}
				},
				"bone10": {
					"rotation": {
						"0.0": [0, 0, 0],
						"0.52": [-10, 0, 0],
						"1.52": [0, 0, 0]
					}
				},
				"bone13": {
					"rotation": {
						"0.0": [0, 0, 0],
						"1.52": [0, 0, 0]
					}
				},
				"bone19": {
					"rotation": {
						"0.0": [0, 0, 0],
						"0.52": [-7.5, 0, 0],
						"0.84": [1.7, -10, 0],
						"1.16": [-11.6, -5.29, 0],
						"1.52": [0, 0, 0]
					}
				},
				"bone20": {
					"rotation": {
						"0.0": [0, 0, 0],
						"0.52": [7.5, 0, 0],
						"1.52": [0, 0, 0]
					}
				},
				"bone21": {
					"rotation": {
						"0.0": [0, 0, 0],
						"0.52": [0, 0, 0],
						"1.52": [0, 0, 0]
					}
				},
				"Rightarm": {
					"rotation": {
						"0.0": [0, 0, 0],
						"0.44": [-19.93745, 1.50179, 4.76968],
						"1.0": [12.60405, -1.72608, 4.83129],
						"1.52": [0, 0, 0]
					}
				},
				"bone12": {
					"rotation": {
						"0.0": [0, 0, 0],
						"0.44": [-12.47644, -0.7732, 0.08746],
						"1.0": [-23.50718, -0.37228, 0.04211],
						"1.52": [0, 0, 0]
					}
				},
				"body2": {
					"rotation": {
						"0.0": [0, 0, 0],
						"0.44": [-8.94325, 8.73596, 7.4726],
						"0.72": [4.70057, -17.47444, 4.2443],
						"1.0": [-6.65562, -43.68484, 1.01601],
						"1.52": [0, 0, 0]
					}
				},
				"Leftarm": {
					"rotation": {
						"0.0": [0, 0, 0],
						"0.44": [43.43929, 12.00261, 58.01308],
						"1.0": [-59.48645, -1.69092, 48.80826],
						"1.52": [0, 0, 0]
					}
				},
				"bone2": {
					"rotation": {
						"0.0": [0, 0, 0],
						"0.44": [-35, 0, 0],
						"1.0": [-26.85, 0, 0],
						"1.52": [0, 0, 0]
					}
				},
				"bone18": {
					"rotation": {
						"0.0": [0, 0, 0],
						"1.52": [0, 0, 0]
					}
				},
				"bone17": {
					"rotation": {
						"0.0": [0, 0, 0],
						"1.52": [0, 0, 0]
					}
				}
			}
		},
		"animation.tvman.move": {
			"loop": true,
			"animation_length": 1.6,
			"bones": {
				"bone9": {
					"rotation": {
						"0.0": [0, 2.5, 0],
						"0.8": [0, -2.5, 0],
						"1.6": [0, 2.5, 0]
					}
				},
				"bone10": {
					"rotation": {
						"0.8": [0, -5, 0],
						"1.6": [0, 0, 0]
					}
				},
				"bone13": {
					"rotation": {
						"0.0": [0, 2.5, 0],
						"0.8": [0, -2.5, 0],
						"1.6": [0, 2.5, 0]
					}
				},
				"bone19": {
					"rotation": {
						"0.0": [-12.5, 0, 0],
						"0.8": [15, 0, 0],
						"1.6": [-12.5, 0, 0]
					},
					"position": {
						"0.0": [0, 0, 0],
						"0.8": [0, 0, 0],
						"1.2": [0, 7, 0],
						"1.6": [0, 0, 0]
					}
				},
				"body2": {
					"rotation": {
						"0.0": [0, -7.5, 0],
						"0.8": [0, 7.5, 0],
						"1.6": [0, -7.5, 0]
					}
				},
				"Rightarm": {
					"rotation": {
						"0.0": [5.59391, -2.00893, -2.58129],
						"0.9": [-19.23487, -3.84211, -10.19306],
						"1.6": [5.59391, -2.00893, -2.58129]
					}
				},
				"bone12": {
					"rotation": {
						"0.0": [9.38556, 3.27714, 3.3609],
						"0.9": [-4.98722, 0.50063, 0.04253],
						"1.6": [9.38556, 3.27714, 3.3609]
					}
				},
				"Rightleg": {
					"rotation": {
						"0.0": [-22.5, 0, 0],
						"0.8": [5.13706, -1.87339, 2.80427],
						"1.6": [-22.5, 0, 0]
					},
					"position": {
						"0.0": [0, 2, -3],
						"0.4": [0, -4, -1.5],
						"0.8": [0, -2, 4],
						"1.2": [0, 0, 0.5],
						"1.6": [0, 2, -3]
					}
				},
				"Leftleg2": {
					"rotation": {
						"0.0": [45, 0, 0],
						"0.8": [-45, 0, 0],
						"1.6": [45, 0, 0]
					}
				},
				"bone": {
					"rotation": {
						"0.0": [0, 0, 0],
						"0.8": [27.5, 0, 0],
						"1.6": [0, 0, 0]
					}
				},
				"Leftleg": {
					"rotation": {
						"0.0": [12.5, 0, 0],
						"0.8": [-22.5, 0, 0],
						"1.6": [12.5, 0, 0]
					},
					"position": {
						"0.0": [0, 0, 1],
						"0.4": [0, -0.5, 1],
						"0.8": [0, 3, -3],
						"1.3": [0, -0.87, -3.5],
						"1.6": [0, 0, 1]
					}
				},
				"bone14": {
					"rotation": {
						"0.0": [22.5, 2.5, 0],
						"0.8": [-5, -2.5, 0],
						"1.6": [22.5, 2.5, 0]
					}
				},
				"Leftarm": {
					"rotation": {
						"0.0": [-7.5, 0, 0],
						"0.8": [12.5, 0, 0],
						"1.6": [-7.5, 0, 0]
					}
				},
				"bone18": {
					"rotation": {
						"0.0": [0, 2.5, 0],
						"0.8": [0, -2.5, 0],
						"1.6": [0, 2.5, 0]
					}
				},
				"bone15": {
					"rotation": {
						"0.0": [-2.5, 0, 0],
						"0.8": [20, 0, 0],
						"1.6": [-2.5, 0, 0]
					}
				},
				"bone16": {
					"rotation": {
						"0.0": [-25.46813, 4.51924, -4.31469],
						"0.8": [26.45638, -11.71012, -1.63006],
						"1.6": [-25.46813, 4.51924, -4.31469]
					}
				},
				"bone17": {
					"rotation": {
						"0.0": [0, 2.5, 0],
						"0.8": [0, -2.5, 0],
						"1.6": [0, 2.5, 0]
					}
				}
			}
		},
		"animation.tvman.tail_attack": {
			"loop": true,
			"animation_length": 1.92,
			"bones": {
				"neck1": {
					"rotation": {
						"0.0": [5, 0, 0],
						"0.28": [-5, 0, 0],
						"1.72": [2.5, 0, 0]
					}
				},
				"neck2": {
					"rotation": {
						"0.0": [2.5, 0, 0],
						"0.28": [-17.5, 0, 0]
					}
				},
				"bone3": {
					"rotation": {
						"0.0": [0, 0, 0],
						"0.48": [-22.5, 0, 0],
						"1.2": [18.91359, 26.93095, 47.68728],
						"1.92": [0, 0, 0]
					},
					"position": {
						"0.48": [0, 0, 0],
						"1.2": [17, 22, -15],
						"1.92": [0, 0, 0]
					},
					"scale": {
						"0.48": [1, 1, 1],
						"1.2": [1.9, 5.4, 2.1],
						"1.92": [1, 1, 1]
					}
				},
				"bone35": {
					"rotation": {
						"0.0": [0, 15, 0],
						"0.28": [-35, 15, 0],
						"1.88": [-7.5, 15, 0]
					}
				},
				"bone19": {
					"rotation": [-45, 0, 0]
				},
				"bone20": {
					"rotation": [5, 0, 0]
				},
				"bone4": {
					"rotation": {
						"0.48": [0, 0, 0],
						"1.2": [0, -12.5, 0],
						"1.92": [0, 0, 0]
					},
					"scale": {
						"0.48": [1, 1, 1],
						"1.2": [3.3, 2.9, 1.2],
						"1.92": [1, 1, 1]
					}
				},
				"Rightarm": {
					"rotation": {
						"0.0": [0, 0, 0],
						"0.48": [17.5, 0, 0],
						"1.2": [-23.75, 0, 0],
						"1.92": [0, 0, 0]
					}
				},
				"bone5": {
					"rotation": {
						"0.0": [0, 0, 0],
						"0.48": [-25, 0, 0],
						"1.2": [26.16856, -34.12398, -42.66117],
						"1.92": [0, 0, 0]
					},
					"position": {
						"0.48": [0, 0, 0],
						"1.2": [-9, 22, -13],
						"1.92": [0, 0, 0]
					},
					"scale": {
						"0.0": [1, 1, 1],
						"0.48": [1, 1, 1],
						"1.2": [1.9, 5.4, 2.1],
						"1.92": [1, 1, 1]
					}
				},
				"bone6": {
					"rotation": {
						"0.0": [0, 0, 0],
						"0.48": [-17.5, 0, 0],
						"1.2": [26.25, 0, 0],
						"1.92": [0, 0, 0]
					},
					"scale": {
						"0.48": [1, 1, 1],
						"1.2": [3.3, 2.9, 1.2],
						"1.92": [1, 1, 1]
					}
				},
				"body2": {
					"rotation": {
						"0.0": [0, 0, 0],
						"0.48": [-15, 0, 0],
						"1.2": [30, 0, 0],
						"1.92": [0, 0, 0]
					}
				},
				"Leftarm": {
					"rotation": {
						"0.0": [0, 0, 0],
						"0.48": [11.82511, -1.76764, 3.35069],
						"1.2": [-16.58744, -0.88382, 1.67534],
						"1.92": [0, 0, 0]
					}
				},
				"bone18": {
					"rotation": {
						"0.0": [0, 0, 0],
						"0.28": [0, -22.5, 0],
						"1.88": [0, 2.5, 0]
					}
				}
			}
		},
		"animation.tvman.atomic": {
			"loop": true,
			"animation_length": 12,
			"bones": {
				"neck1": {
					"rotation": {
						"0.0": [0, 0, 0],
						"0.52": [5, 0, 0],
						"0.84": [0, 0, 0]
					}
				},
				"neck2": {
					"rotation": {
						"0.0": [0, 0, 0],
						"0.52": [12.5, 0, 0],
						"0.84": [-7.5, 0, 0]
					}
				},
				"head": {
					"rotation": {
						"0.0": [0, 0, 0],
						"0.24": [10, 0, 0],
						"0.48": [-22.5, 0, 0]
					}
				},
				"bone29": {
					"rotation": {
						"0.0": [0, 0, 0],
						"0.52": [-22.5, 2.5, 0],
						"0.84": [12.5, -30, 0]
					}
				},
				"bone35": {
					"rotation": {
						"0.0": [0, 0, 0],
						"0.52": [-25, 0, 37.5],
						"0.84": [0, 15, 22.5]
					}
				},
				"bone36": {
					"rotation": {
						"0.0": [0, 0, 0],
						"0.52": [-45, 0, 0],
						"0.84": [15, 20, 0]
					}
				},
				"bone9": {
					"rotation": {
						"0.0": [0, 0, 0],
						"0.52": [10, 0, 0],
						"0.84": [-3.82, 0, 0],
						"1.28": [-5, 0, 0]
					}
				},
				"bone10": {
					"rotation": {
						"0.0": [0, 0, 0],
						"0.52": [5, 0, 0],
						"1.76": [-15, 0, 0]
					}
				},
				"bone19": {
					"rotation": {
						"0.0": [0, 0, 0],
						"0.52": [12.5, 0, 0],
						"0.84": [-62.5, 0, 0]
					}
				},
				"bone20": {
					"rotation": {
						"0.0": [0, 0, 0],
						"0.84": [40, 0, 0]
					}
				},
				"bone21": {
					"rotation": {
						"0.0": [0, 0, 0],
						"0.84": [-10, 0, 0]
					}
				},
				"bone5": {
					"rotation": {
						"0.0": [0, 0, 0],
						"0.84": [5, 0, 0]
					}
				},
				"bone6": {
					"rotation": {
						"0.0": [0, 0, 0],
						"0.52": [-1.19, 0, 0],
						"0.84": [-10, 0, 0]
					}
				},
				"body2": {
					"rotation": {
						"0.0": [0, 0, 0],
						"0.24": [-7.5, 0, 0],
						"0.48": [30, 0, 0]
					}
				},
				"Rightarm": {
					"rotation": {
						"0.0": [0, 0, 0],
						"0.24": [7.5, 0, 0]
					}
				},
				"bone18": {
					"rotation": {
						"0.0": [0, 0, 0],
						"0.52": [5, 0, 0],
						"0.84": [2.5, 0, 0],
						"4.6": [0, 0, 0]
					}
				}
			}
		},
		"animation.tvman.running": {
			"loop": true,
			"animation_length": 1.56,
			"bones": {
				"neck1": {
					"rotation": {
						"0.0": [5, -5, 0],
						"0.8": [5, 5, -7.5],
						"1.56": [5, -5, 0]
					}
				},
				"neck2": {
					"rotation": {
						"0.0": [-10, -5, 5],
						"0.8": [-10, 7.5, -5],
						"1.56": [-10, -5, 5]
					}
				},
				"bone29": {
					"rotation": {
						"0.0": [0, 0, 0],
						"0.8": [-10, 0, 0],
						"1.56": [0, 0, 0]
					}
				},
				"bone35": {
					"rotation": {
						"0.0": [-27.5, 0, 0],
						"0.8": [-22.5, 0, 0],
						"1.56": [-27.5, 0, 0]
					}
				},
				"bone36": {
					"rotation": {
						"0.0": [-10, 0, 0],
						"0.8": [-2.5, 0, 0],
						"1.56": [-10, 0, 0]
					}
				},
				"bone19": {
					"rotation": {
						"0.0": [0, 0, 0],
						"0.4": [-37.5, 0, 0],
						"0.8": [-40, 0, 0],
						"1.56": [0, 0, 0]
					},
					"position": {
						"0.0": [0, 0, 0],
						"0.4": [0, 9, 0],
						"0.8": [0, 0, 0],
						"1.56": [0, 0, 0]
					}
				},
				"bone20": {
					"rotation": {
						"0.0": [15, 0, 0],
						"1.56": [15, 0, 0]
					}
				},
				"Rightarm": {
					"rotation": {
						"0.0": [-22.5, 0, 0],
						"0.72": [17.5, 0, 0],
						"1.56": [-22.5, 0, 0]
					}
				},
				"bone12": {
					"rotation": {
						"0.0": [-25, 0, 0],
						"0.72": [-7.5, 0, 0],
						"1.56": [-25, 0, 0]
					}
				},
				"Rightleg": {
					"rotation": {
						"0.0": [37.5, 0, 0],
						"0.72": [-30, 0, 0],
						"1.56": [37.5, 0, 0]
					},
					"position": {
						"0.0": [0, -1, 5],
						"0.36": [0, 2, 1.5],
						"0.72": [0, 0, -6],
						"1.56": [0, -1, 5]
					}
				},
				"Leftleg2": {
					"rotation": {
						"0.0": [-55, 0, 0],
						"0.72": [64.3231, -26.38434, 5.01849],
						"1.56": [-55, 0, 0]
					}
				},
				"Root": {
					"position": {
						"0.0": [0, -4, 0],
						"0.36": [0, 0.03, 0],
						"0.72": [0, -4, 0],
						"1.12": [0, 2.44, 0],
						"1.56": [0, -4, 0]
					}
				},
				"bone": {
					"rotation": {
						"0.0": [45, 0, 0],
						"0.72": [5, 0, 0],
						"1.56": [45, 0, 0]
					}
				},
				"Leftleg": {
					"relative_to": {
						"rotation": "entity"
					},
					"rotation": {
						"0.0": [-35, 0, 0],
						"0.72": [27.4553, -2.5435, -0.50568],
						"1.56": [-35, 0, 0]
					},
					"position": {
						"0.0": [0, 0, -5],
						"0.36": [0, -0.67, -3.56],
						"0.72": [0, 0, 3],
						"1.16": [0, -1.43, 0.81],
						"1.56": [0, 0, -5]
					},
					"scale": 1
				},
				"bone14": {
					"rotation": {
						"0.0": [10, 0, 0],
						"0.72": [30, 0, 0],
						"1.56": [10, 0, 0]
					}
				},
				"body2": {
					"rotation": {
						"0.0": [0, 10, 0],
						"0.72": [0, -20, 0],
						"1.56": [0, 10, 0]
					}
				},
				"Leftarm": {
					"rotation": {
						"0.0": [25, 0, 0],
						"0.72": [-22.5, 0, 0],
						"1.56": [25, 0, 0]
					}
				},
				"bone18": {
					"rotation": {
						"0.0": [0, 2.5, 0],
						"0.8": [0, -5, 0],
						"1.56": [0, 2.5, 0]
					}
				},
				"bone16": {
					"rotation": {
						"0.0": [27.79362, -12.19908, -2.74715],
						"0.72": [-45.90626, 13.84806, -13.35058],
						"1.56": [27.79, -12.2, -2.75]
					}
				}
			}
		},
		"animation.tvman.idle": {
			"loop": true,
			"animation_length": 8,
			"bones": {
				"head": {
					"rotation": {
						"0.0": [-2.5, 0, 0],
						"4.0": [2.5, 0, 0],
						"8.0": [-2.5, 0, 0]
					}
				},
				"bone7": {
					"rotation": {
						"0.0": [2.5, 0, 0],
						"4.0": [0, 0, 0],
						"8.0": [2.5, 0, 0]
					}
				},
				"bone3": {
					"rotation": {
						"0.0": [-2.5, 0, 0],
						"4.0": [2.5, 0, 0],
						"8.0": [-2.5, 0, 0]
					}
				},
				"bone35": {
					"rotation": {
						"0.0": [-2.5, 0, 0],
						"4.0": [2.5, 0, 0],
						"8.0": [-2.5, 0, 0]
					}
				},
				"bone9": {
					"rotation": {
						"0.0": [0, 7.5, 0],
						"4.0": [0, 0, 0],
						"8.0": [0, 7.5, 0]
					}
				},
				"bone10": {
					"rotation": {
						"0.0": [0, 2.5, 0],
						"4.0": [0, -5, 0],
						"8.0": [0, 2.5, 0]
					}
				},
				"bone13": {
					"rotation": {
						"0.0": [0, 2.5, 0],
						"4.0": [0, -2.5, 0],
						"8.0": [0, 2.5, 0]
					}
				},
				"Rightarm": {
					"rotation": {
						"0.0": [0, 0, 0],
						"3.4": [0, 0, 1.46],
						"4.8": [0, 0, -5],
						"6.5": [-0.1327, 1.5854, 7.52737],
						"8.0": [0, 0, 0]
					}
				},
				"bone14": {
					"rotation": {
						"0.0": [0, 2.5, 0],
						"4.0": [0, -2.5, 0],
						"8.0": [0, 2.5, 0]
					}
				},
				"body2": {
					"rotation": {
						"0.0": [0, 0, 0],
						"3.4": [9.9812, 0.61131, 0.12968],
						"4.8": [-0.55656, 0.42526, 0.09021],
						"6.5": [14.73911, 0.19934, 0.04229],
						"8.0": [0, 0, 0]
					}
				},
				"Leftarm": {
					"rotation": {
						"0.0": [0, 0, 0],
						"3.4": [0.11373, 0.60904, -5.02288],
						"4.8": [-0.10891, -2.1871, 6.69725],
						"6.5": [0.28121, 0.70558, -7.46294],
						"8.0": [0, 0, 0]
					}
				},
				"bone18": {
					"rotation": {
						"0.0": [0, 2.5, 0],
						"4.0": [0, -2.5, 0],
						"8.0": [0, 2.5, 0]
					}
				},
				"bone16": {
					"rotation": {
						"0.0": [0, 2.5, 0],
						"4.0": [0, -2.5, 0],
						"8.0": [0, 2.5, 0]
					}
				},
				"bone17": {
					"rotation": {
						"0.0": [0, 2.5, 0],
						"4.0": [0, -2.5, 0],
						"8.0": [0, 2.5, 0]
					}
				}
			}
		},
		"animation.tvman.dead": {
			"loop": "hold_on_last_frame",
			"animation_length": 5,
			"bones": {
				"neck1": {
					"rotation": {
						"0.0": [0, 0, 0],
						"0.875": [-17.5, 0, 0],
						"1.25": [-13.75, -2.5, 0],
						"1.625": [-11.87, -1.25, 0],
						"2.25": [-10, -2.5, -10]
					}
				},
				"neck2": {
					"rotation": {
						"0.0": [0, 0, 0],
						"0.875": [-22.5, 0, 0],
						"1.25": [-18.75, 1.25, 0],
						"1.625": [-16.87, -0.62, 0],
						"2.3333": [-15, 0, -5]
					}
				},
				"bone29": {
					"rotation": {
						"0.0": [0, 0, 0],
						"0.5833": [24.35, -13.55, 0],
						"2.2917": [-20, -10, 5]
					}
				},
				"bone35": {
					"rotation": {
						"0.0": [0, 0, 0],
						"0.5833": [1.67, 0, 13.33],
						"0.875": [-20, 0, 20],
						"1.5417": [-20, 5.19, 20],
						"2.0": [-37.5, -10, 10]
					}
				},
				"bone36": {
					"rotation": {
						"0.0": [-2.5, 0, 0],
						"0.5833": [0.16, 0, 12.5],
						"2.0": [-32.5, 17.5, 25]
					}
				},
				"bone9": {
					"rotation": {
						"0.0": [0, 0, 0],
						"0.875": [-7.5, 0, -7.5],
						"2.0": [-15, 0, 0]
					}
				},
				"bone10": {
					"rotation": {
						"0.0": [0, 0, 0],
						"0.875": [-20, 0, -12.5],
						"2.0": [-37.5, 0, 10]
					}
				},
				"bone19": {
					"rotation": {
						"0.0": [0, 0, 0],
						"0.5833": [-45, 0, 0],
						"0.875": [-47.44, -9.43, -17.45],
						"1.3333": [-16.81, -10.57, -21.48],
						"2.0": [-35, 45, -40],
						"2.375": [-35, 45, -22.5]
					}
				},
				"bone20": {
					"rotation": {
						"0.0": [0, 0, 0],
						"0.5833": [30, 0, 0],
						"0.875": [58.5, -9.8, 8.4],
						"1.3333": [30.81, -14.51, 12.43],
						"2.0": [5, -17.5, 32.5]
					}
				},
				"bone21": {
					"rotation": {
						"0.0": [0, 0, 0],
						"0.5833": [-25.6, 0, 0],
						"1.3333": [59.1, 0, 0],
						"2.0": [17.5, 0, 0]
					}
				},
				"Rightarm": {
					"rotation": {
						"0.0": [0, 0, 0],
						"0.4583": [17.36074, 0.73843, 0.37847],
						"1.5": [-17.42471, 0.9794, 12.83275]
					}
				},
				"bone18": {
					"rotation": {
						"0.0": [0, 0, 0],
						"0.5": [100, 0, 0],
						"0.75": [75, 0, 0]
					},
					"position": {
						"0.0": [0, 0, 0],
						"0.5": [0, -47, -18],
						"0.75": [0, -33, -27]
					}
				},
				"Root": {
					"rotation": [0, 0, 0],
					"position": {
						"0.0": [0, 0, 0],
						"0.5": [0, -20, 0]
					}
				},
				"body": {
					"rotation": {
						"0.0": [0, 0, 0],
						"0.5": [-15, 0, 0],
						"0.75": [10, 0, 0]
					}
				},
				"Leftarm": {
					"rotation": {
						"0.0": [0, 0, 0],
						"0.4583": [17.5, 0, 0],
						"1.5": [-12.5, 0, -10]
					}
				},
				"bone5": {
					"rotation": {
						"0.0": [0, 0, 0],
						"0.4583": [-30, 0, 0],
						"1.25": [2.5, 0, 0]
					}
				},
				"bone6": {
					"rotation": {
						"0.0": [0, 0, 0],
						"0.4583": [-15, 0, 0],
						"1.25": [10, 0, 0],
						"1.5": [42.5, 0, 0]
					}
				},
				"bone3": {
					"rotation": {
						"0.0": [0, 0, 0],
						"0.4583": [-30, 0, 0],
						"1.25": [7.5, 0, 0]
					}
				},
				"bone4": {
					"rotation": {
						"0.0": [0, 0, 0],
						"0.4583": [-22.5, 0, 0],
						"1.25": [7.5, 0, 0],
						"1.5": [50, 0, 0]
					}
				},
				"Rightleg": {
					"rotation": {
						"0.0": [0, 0, 0],
						"0.5": [5, 0, 0]
					}
				},
				"bone": {
					"rotation": {
						"0.0": [0, 0, 0],
						"0.5": [85, 0, 0]
					}
				},
				"Leftleg": {
					"rotation": {
						"0.0": [0, 0, 0],
						"0.5": [-84.75523, -6.30231, -0.18841]
					}
				},
				"bone14": {
					"rotation": {
						"0.0": [0, 0, 0],
						"0.5": [82.5, 0, 0]
					}
				},
				"bone11": {
					"rotation": {
						"0.0": [0, 0, 0],
						"0.5": [0, 0, -72.5],
						"0.75": [0, -30, -72.5],
						"1.5": [1.58763, 0.09485, -79.67113]
					},
					"position": {
						"0.0": [0, 0, 0],
						"0.5": [18, -50, 0],
						"0.75": [18, -50, -14],
						"1.5": [18, -40, -14]
					}
				},
				"bone12": {
					"rotation": {
						"0.0": [0, 0, 0],
						"1.5": [20, 0, 0]
					}
				},
				"bone16": {
					"rotation": {
						"0.0": [0, 0, 0],
						"0.5": [0, 0, 62.5],
						"0.75": [0, 0, 62.5],
						"1.25": [0, 0, 72.5],
						"1.5": [0, 0, 85]
					},
					"position": {
						"0.0": [0, 0, 0],
						"0.5": [0, -47, 0],
						"0.75": [0, -55, 0],
						"1.5": [0, -41, 0]
					}
				},
				"bone2": {
					"rotation": {
						"0.0": [0, 0, 0],
						"0.4583": [-15, 0, 0],
						"1.25": [7.5, 0, 0]
					}
				},
				"head": {
					"rotation": {
						"0.0": [0, 0, 0],
						"0.5": [-18.33, 0, 0],
						"1.5": [35, 0, 0]
					}
				},
				"bone13": {
					"rotation": [0, 0, 0]
				}
			},
			"sound_effects": {
				"2.0": {
					"effect": "stomp"
				}
			}
		},
		"animation.tvman.swim": {
			"loop": true,
			"animation_length": 8,
			"bones": {
				"neck1": {
					"rotation": [-7.5, 0, 0]
				},
				"neck2": {
					"rotation": [-20, 0, 0]
				},
				"bone35": {
					"rotation": [17.5, 0, 20]
				},
				"bone9": {
					"rotation": [-7.5, 0, 0]
				},
				"bone10": {
					"rotation": {
						"0.0": [-35, 0, 2.5],
						"2.0": [-35, 0, -2.5],
						"8.0": [-35, 0, 2.5]
					}
				},
				"bone19": {
					"rotation": [2.5, 0, 0]
				},
				"bone20": {
					"rotation": [17.5, 0, 0]
				},
				"bone21": {
					"rotation": [40, 0, 0]
				},
				"bone18": {
					"rotation": {
						"0.0": [0, -2.5, 0],
						"6.24": [0, 2.5, 0],
						"8.0": [0, -2.5, 0]
					}
				},
				"bone17": {
					"rotation": [87.5, 0, 0]
				}
			}
		},
		"animation.tvman.roaring2": {
			"loop": true,
			"animation_length": 4.52,
			"bones": {
				"neck1": {
					"rotation": {
						"0.0": [2.5, 0, 0],
						"0.68": [4.62, 12.5, 0],
						"1.32": [-14.9, 0, 0],
						"3.16": [-13.52, 7.5, 0],
						"3.88": [-12.98, 0, 0],
						"4.52": [0, 0, 0]
					}
				},
				"neck2": {
					"rotation": {
						"0.0": [5, 0, 0],
						"0.68": [11.75, 0, 0],
						"1.72": [-14.87, 0, 0],
						"2.6": [-18.28, 5, 0],
						"3.88": [-23.4, 0, 0],
						"4.52": [0, 0, 0]
					}
				},
				"bone29": {
					"rotation": {
						"0.0": [22.5, 0, 0],
						"0.68": [-15.88, 0, 0],
						"1.04": [0.92, 0, 0],
						"3.88": [40.17, 0, 20],
						"4.52": [0, 0, 0]
					}
				},
				"bone35": {
					"rotation": {
						"0.0": [-15, 0, 0],
						"0.68": [-2.74, 0, 20],
						"1.04": [-53.11, 0, 0],
						"3.88": [-78.39, -15.14, 0],
						"4.52": [0, 0, 0]
					}
				},
				"bone36": {
					"rotation": {
						"0.0": [17.5, 0, 0],
						"0.68": [-0.13, 0, 0],
						"1.04": [2.69, 0, -15],
						"3.88": [35.49, 0, -10],
						"4.52": [0, 0, 0]
					}
				},
				"bone9": {
					"rotation": {
						"0.0": [-5, 0, 0],
						"0.68": [-9.25, 0, 0],
						"1.04": [-12.43, 0, 0],
						"3.88": [-7.79, 0, 0],
						"4.52": [0, 0, 0]
					}
				},
				"bone10": {
					"rotation": {
						"0.0": [-15, 0, 0],
						"0.68": [-12.74, 0, 0],
						"1.04": [-28.92, 0, 0],
						"3.88": [-35.46, 0, 0],
						"4.52": [0, 0, 0]
					}
				},
				"bone19": {
					"rotation": {
						"0.0": [-17.5, 0, 0],
						"0.68": [-32.37, 0, 0],
						"1.04": [-34.41, 0, 0],
						"3.88": [-18.83, 0, 0],
						"4.52": [0, 0, 0]
					}
				},
				"bone20": {
					"rotation": {
						"0.0": [-5, 0, 0],
						"0.68": [5, 0, 0],
						"1.04": [9.53, 0, 0],
						"3.88": [-5.75, 0, 0],
						"4.52": [0, 0, 0]
					}
				},
				"bone21": {
					"rotation": {
						"0.0": [5, 0, 0],
						"0.68": [7.5, 0, 0],
						"1.04": [-17.27, 0, 0],
						"3.88": [-15.68, 0, 0],
						"4.52": [0, 0, 0]
					}
				},
				"body2": {
					"rotation": [0, 0, 0],
					"position": {
						"0.0": [0, 0, 0],
						"4.52": [0, 0, 0]
					}
				},
				"Rightarm": {
					"rotation": {
						"0.0": [0, 0, 0],
						"0.72": [14.5206, 3.65567, 1.75432],
						"1.68": [-5.4794, 3.65567, 1.75432],
						"4.08": [14.5206, 3.65567, 1.75432],
						"4.28": [-185.1645, -8.98155, 28.80161],
						"4.52": [0, 0, 0]
					}
				},
				"Rightleg": {
					"rotation": {
						"0.0": [0, 0, 0],
						"0.72": [-66.13517, -19.39021, 9.41064],
						"1.68": [-2.36895, -7.87494, 4.37768],
						"4.52": [0, 0, 0]
					}
				},
				"Root": {
					"position": {
						"0.0": [0, 0, 0],
						"0.72": [0, -13, 0],
						"1.68": [0, 195.28, 0],
						"4.04": [0, 96.28, 0],
						"4.52": [0, 0, 0]
					}
				},
				"bone": {
					"rotation": {
						"0.0": [0, 0, 0],
						"0.72": [37.5, 0, 0],
						"4.52": [0, 0, 0]
					}
				},
				"Leftleg": {
					"rotation": {
						"0.0": [0, 0, 0],
						"0.72": [0, 0, 0],
						"1.68": [-7.5, 0, 0],
						"4.52": [0, 0, 0]
					}
				},
				"bone14": {
					"rotation": {
						"0.0": [0, 0, 0],
						"0.72": [70, 0, 0],
						"1.68": [27.5, 0, 0],
						"4.52": [0, 0, 0]
					}
				},
				"body": {
					"rotation": {
						"0.0": [0, 0, 0],
						"0.72": [22.5, 0, 0],
						"1.68": [1.9607, 0.16594, -2.10095],
						"4.08": [10.30377, 0.02571, -0.3255],
						"4.52": [0, 0, 0]
					}
				},
				"Leftarm": {
					"rotation": {
						"0.0": [0, 0, 0],
						"0.68": [12.5, 0, 0],
						"1.68": [-0.76, 0, 0],
						"4.08": [12.5, 0, 0],
						"4.28": [-194.34305, 3.07724, -35.93058],
						"4.52": [0, 0, 0]
					}
				}
			}
		},
		"animation.tvman.roaring": {
			"loop": true,
			"animation_length": 4.52,
			"bones": {
				"neck1": {
					"rotation": {
						"0.0": [2.5, 0, 0],
						"0.68": [4.62, 12.5, 0],
						"1.32": [-14.9, 0, 0],
						"3.16": [-13.52, 7.5, 0],
						"3.88": [-12.98, 0, 0],
						"4.52": [0, 0, 0]
					}
				},
				"neck2": {
					"rotation": {
						"0.0": [5, 0, 0],
						"0.68": [11.75, 0, 0],
						"1.72": [-14.87, 0, 0],
						"2.6": [-18.28, 5, 0],
						"3.88": [-23.4, 0, 0],
						"4.52": [0, 0, 0]
					}
				},
				"bone29": {
					"rotation": {
						"0.0": [22.5, 0, 0],
						"0.68": [-15.88, 0, 0],
						"1.04": [0.92, 0, 0],
						"3.88": [40.17, 0, 20],
						"4.52": [0, 0, 0]
					}
				},
				"bone35": {
					"rotation": {
						"0.0": [-15, 0, 0],
						"0.68": [-2.74, 0, 20],
						"1.04": [-53.11, 0, 0],
						"3.88": [-78.39, -15.14, 0],
						"4.52": [0, 0, 0]
					}
				},
				"bone36": {
					"rotation": {
						"0.0": [17.5, 0, 0],
						"0.68": [-0.13, 0, 0],
						"1.04": [2.69, 0, -15],
						"3.88": [35.49, 0, -10],
						"4.52": [0, 0, 0]
					}
				},
				"bone9": {
					"rotation": {
						"0.0": [-5, 0, 0],
						"0.68": [-9.25, 0, 0],
						"1.04": [-12.43, 0, 0],
						"3.88": [-7.79, 0, 0],
						"4.52": [0, 0, 0]
					}
				},
				"bone10": {
					"rotation": {
						"0.0": [-15, 0, 0],
						"0.68": [-12.74, 0, 0],
						"1.04": [-28.92, 0, 0],
						"3.88": [-35.46, 0, 0],
						"4.52": [0, 0, 0]
					}
				},
				"bone19": {
					"rotation": {
						"0.0": [-17.5, 0, 0],
						"0.68": [-32.37, 0, 0],
						"1.04": [-34.41, 0, 0],
						"3.88": [-18.83, 0, 0],
						"4.52": [0, 0, 0]
					}
				},
				"bone20": {
					"rotation": {
						"0.0": [-5, 0, 0],
						"0.68": [5, 0, 0],
						"1.04": [9.53, 0, 0],
						"3.88": [-5.75, 0, 0],
						"4.52": [0, 0, 0]
					}
				},
				"bone21": {
					"rotation": {
						"0.0": [5, 0, 0],
						"0.68": [7.5, 0, 0],
						"1.04": [-17.27, 0, 0],
						"3.88": [-15.68, 0, 0],
						"4.52": [0, 0, 0]
					}
				},
				"body2": {
					"rotation": [0, 0, 0],
					"position": {
						"0.0": [0, 0, 0],
						"4.52": [0, 0, 0]
					}
				},
				"Rightarm": {
					"rotation": {
						"0.0": [0, 0, 0],
						"0.72": [14.5206, 3.65567, 1.75432],
						"1.68": [-5.4794, 3.65567, 1.75432],
						"4.08": [14.5206, 3.65567, 1.75432],
						"4.28": [-185.1645, -8.98155, 28.80161],
						"4.52": [0, 0, 0]
					}
				},
				"Rightleg": {
					"rotation": {
						"0.0": [0, 0, 0],
						"0.72": [-66.13517, -19.39021, 9.41064],
						"1.68": [-2.36895, -7.87494, 4.37768],
						"4.52": [0, 0, 0]
					}
				},
				"Root": {
					"position": {
						"0.0": [0, 0, 0],
						"0.72": [0, -13, 0],
						"1.68": [0, 96.28, 0],
						"4.04": [0, 96.28, 0],
						"4.52": [0, 0, 0]
					}
				},
				"bone": {
					"rotation": {
						"0.0": [0, 0, 0],
						"0.72": [37.5, 0, 0],
						"4.52": [0, 0, 0]
					}
				},
				"Leftleg": {
					"rotation": {
						"0.0": [0, 0, 0],
						"0.72": [0, 0, 0],
						"1.68": [-7.5, 0, 0],
						"4.52": [0, 0, 0]
					}
				},
				"bone14": {
					"rotation": {
						"0.0": [0, 0, 0],
						"0.72": [70, 0, 0],
						"1.68": [27.5, 0, 0],
						"4.52": [0, 0, 0]
					}
				},
				"body": {
					"rotation": {
						"0.0": [0, 0, 0],
						"0.72": [22.5, 0, 0],
						"1.68": [1.9607, 0.16594, -2.10095],
						"4.08": [10.30377, 0.02571, -0.3255],
						"4.52": [0, 0, 0]
					}
				},
				"Leftarm": {
					"rotation": {
						"0.0": [0, 0, 0],
						"0.68": [12.5, 0, 0],
						"1.68": [-0.76, 0, 0],
						"4.08": [12.5, 0, 0],
						"4.28": [-194.34305, 3.07724, -35.93058],
						"4.52": [0, 0, 0]
					}
				}
			}
		},
		"animation.tvman.spawned": {
			"loop": true,
			"animation_length": 4.52,
			"bones": {
				"neck1": {
					"rotation": {
						"0.0": [10, 0, 0],
						"1.56": [-3.45, -12.5, 5],
						"2.32": [-2.56, 8.21, 3.72],
						"4.52": [0, 0, 0]
					}
				},
				"neck2": {
					"rotation": {
						"0.0": [7.5, 0, 0],
						"1.56": [2.41, 10, 10],
						"2.8": [1.4, 23.31, -9.19],
						"4.52": [0, 0, 0]
					}
				},
				"bone29": {
					"rotation": [0, 0, 0]
				},
				"bone35": {
					"rotation": {
						"0.0": [-32.5, 0, 0],
						"1.56": [-23.78, -22.5, 0],
						"4.52": [0, 0, 0]
					}
				},
				"bone36": {
					"rotation": {
						"1.56": [0, 0, 0],
						"4.52": [0, 0, 0]
					}
				},
				"bone19": {
					"rotation": {
						"0.0": [-55, 0, 0],
						"4.52": [0, 0, 0]
					}
				},
				"bone20": {
					"rotation": {
						"0.0": [47.5, 0, 0],
						"4.52": [0, 0, 0]
					}
				},
				"bone21": {
					"rotation": {
						"0.0": [-25, 0, 0],
						"4.52": [0, 0, 0]
					}
				},
				"Rightarm": {
					"rotation": {
						"0.0": [0, 0, 0],
						"0.48": [0, 0, 7.5],
						"0.96": [0, 0, 2.5],
						"1.68": [0, 0, 2.5],
						"2.44": [0, 0, 2.5],
						"3.12": [17.5, 0, 2.5],
						"3.6": [-10, 0, 2.5],
						"4.08": [0, 0, 2.5],
						"4.52": [7.47068, 0.03898, -0.65929]
					}
				},
				"Leftleg2": {
					"rotation": {
						"0.0": [0, 0, 0],
						"3.12": [87.5, 0, 0],
						"4.52": [0, 0, 0]
					}
				},
				"body": {
					"rotation": {
						"0.0": [7.47068, 0.03898, -0.65929],
						"0.48": [4.99918, -4.95509, -0.87468],
						"0.96": [2.49967, 2.5177, -0.21935],
						"1.68": [0, 0, 0],
						"2.4": [0, -12.5, 0],
						"3.12": [0, -2.5, 0],
						"3.6": [7.5, -2.5, 0],
						"4.08": [-2.5, -2.5, 0],
						"4.52": [7.47068, 0.03898, -0.65929]
					}
				},
				"Leftarm": {
					"rotation": {
						"0.0": [0, 0, 0],
						"0.48": [0, 0, -10],
						"0.96": [0, 0, -3.57],
						"1.68": [0, 0, -2.98],
						"2.4": [5, 0, -2.384],
						"3.12": [21.25, 0, -1.788],
						"3.6": [-0.83333, 0, -1.192],
						"4.08": [12.08333, 0, -0.596],
						"4.52": [0, 0, 0]
					}
				},
				"head": {
					"rotation": {
						"0.0": [0, 0, 0],
						"0.48": [0, -12.5, 0],
						"0.96": [0, -2.5, 0],
						"1.68": [0, -2.5, 0],
						"2.44": [-20, -2.5, 0],
						"3.12": [7.5, -2.5, 0],
						"3.6": [12.5, -2.5, 0],
						"4.08": [-2.5, -2.5, 0],
						"4.52": [7.47068, 0.03898, -0.65929]
					}
				},
				"bone18": {
					"position": {
						"0.0": [0, 146, 632],
						"1.72": [0, 146, -61],
						"3.36": [0, 0, 0]
					}
				},
				"bone11": {
					"position": {
						"0.0": [0, 0, 636],
						"1.72": [0, 123, 26],
						"2.88": [0, 123, 26],
						"3.36": [0, 0, 0]
					}
				},
				"bone16": {
					"position": {
						"0.0": [0, 0, 640],
						"1.72": [-47, 112, 19],
						"2.88": [-47, 112, 19],
						"3.36": [0, 0, 0]
					}
				}
			}
		}
	}
}