{
	"format_version": "1.8.0",
	"animations": {
		"animation.titanspeakerman.spawned": {
			"loop": true,
			"animation_length": 4.52,
			"bones": {
				"bone2": {
					"rotation": {
						"0.0": [15, 0, 0],
						"1.56": [4.82, -15, -5],
						"4.52": [0, 0, 0]
					}
				},
				"neck1": {
					"rotation": {
						"0.0": [10, 0, 0],
						"1.56": [-3.45, -12.5, 5],
						"2.32": [-2.56, 8.21, 3.72],
						"4.52": [0, 0, 0]
					}
				},
				"neck2": {
					"rotation": {
						"0.0": [7.5, 0, 0],
						"1.56": [2.41, 10, 10],
						"2.8": [1.4, 23.31, -9.19],
						"4.52": [0, 0, 0]
					}
				},
				"head": {
					"rotation": {
						"0.0": [0, 0, 0],
						"1.8": [42.5, 0, 0],
						"3.36": [0, 0, 0]
					}
				},
				"bone7": {
					"rotation": {
						"0.0": [2.5, 0, 0],
						"1.56": [25, 0, 0],
						"4.52": [0, 0, 0]
					}
				},
				"bone3": {
					"rotation": {
						"0.0": [-35, 0, 0],
						"4.52": [0, 0, 0]
					}
				},
				"bone29": {
					"rotation": [0, 0, 0]
				},
				"bone35": {
					"rotation": {
						"0.0": [-32.5, 0, 0],
						"1.56": [-23.78, -22.5, 0],
						"4.52": [0, 0, 0]
					}
				},
				"bone36": {
					"rotation": {
						"1.56": [0, 0, 0],
						"4.52": [0, 0, 0]
					}
				},
				"bone9": {
					"rotation": {
						"0.0": [0, -10, 12.5],
						"4.52": [0, 0, 0]
					}
				},
				"bone10": {
					"rotation": {
						"0.0": [-20, -12.5, 20],
						"4.52": [0, 0, 0]
					}
				},
				"bone11": {
					"rotation": {
						"0.0": [-27.5, -20, 22.5],
						"4.52": [0, 0, 0]
					}
				},
				"bone13": {
					"rotation": {
						"0.0": [-5, -32.5, 2.5],
						"4.52": [0, 0, 0]
					}
				},
				"bone14": {
					"rotation": {
						"0.0": [0, -47.5, 0],
						"4.52": [0, 0, 0]
					}
				},
				"bone16": {
					"rotation": {
						"0.0": [0, -30, 0],
						"4.52": [0, 0, 0]
					}
				},
				"bone17": {
					"rotation": {
						"0.0": [0, -15, 0],
						"4.52": [0, 0, 0]
					}
				},
				"bone18": {
					"rotation": {
						"0.0": [0, -20, 0],
						"4.52": [0, 0, 0]
					}
				},
				"bone19": {
					"rotation": {
						"0.0": [-55, 0, 0],
						"4.52": [0, 0, 0]
					}
				},
				"bone20": {
					"rotation": {
						"0.0": [47.5, 0, 0],
						"4.52": [0, 0, 0]
					}
				},
				"bone21": {
					"rotation": {
						"0.0": [-25, 0, 0],
						"4.52": [0, 0, 0]
					}
				},
				"bone4": {
					"rotation": {
						"0.0": [-60, 30, -27.5],
						"1.56": [-39.29, 19.65, -8.01],
						"4.52": [0, 0, 0]
					},
					"position": {
						"0.0": [0, 0, 0],
						"1.56": [0, 1.35, 0],
						"4.52": [0, 0, 0]
					}
				},
				"bone5": {
					"rotation": {
						"0.0": [35, 0, 17.5],
						"4.52": [0, 0, 0]
					}
				},
				"bone6": {
					"rotation": {
						"0.0": [-12.5, -15, -20],
						"1.56": [-7.95, -9.82, -13.09],
						"4.52": [0, 0, 0]
					}
				},
				"Rott": {
					"rotation": {
						"0.0": [-89.99998, -87.5, 179.99998],
						"0.64": [51.92197, -70.10424, 34.60599],
						"1.2": [73.24878, 4.36342, 0.8274],
						"1.92": [-27.96952, 2.72714, 0.51712],
						"3.12": [0, 0, 0]
					},
					"position": {
						"0.0": [-997, 227, 963],
						"0.64": [-334.67, 442, 957.67],
						"1.2": [-3.5, 164, 955],
						"1.92": [-2, 101, -49],
						"3.12": [-2, -1, -12]
					}
				},
				"body2": {
					"rotation": {
						"0.0": [0, 0, 0],
						"1.6": [10, 0, 0],
						"3.36": [0, 0, 0]
					}
				},
				"Rightarm": {
					"rotation": {
						"0.0": [0, 0, 0],
						"1.6": [-15.2746, 8.04557, -25.91477],
						"3.36": [0, 0, 0]
					}
				},
				"Rightarm2": {
					"rotation": {
						"0.0": [0, 0, 0],
						"1.6": [-15, 0, 0],
						"3.36": [0, 0, 0]
					}
				},
				"Leftarm": {
					"rotation": {
						"0.0": [0, 0, 0],
						"1.6": [-3.68899, -21.25026, 39.61289],
						"3.36": [0, 0, 0]
					}
				},
				"Leftarm2": {
					"rotation": {
						"0.0": [0, 0, 0],
						"1.6": [-17.5, 0, 0],
						"3.36": [0, 0, 0]
					}
				},
				"Rightleg": {
					"rotation": {
						"0.0": [0, 0, 0],
						"1.6": [-47.5, 0, 0],
						"3.36": [0, 0, 0]
					}
				},
				"Rightleg2": {
					"rotation": {
						"0.0": [0, 0, 0],
						"1.6": [37.5, 0, 0],
						"3.36": [0, 0, 0]
					}
				},
				"Leftleg": {
					"rotation": {
						"0.0": [0, 0, 0],
						"1.6": [-17.5, 0, 0],
						"3.36": [0, 0, 0]
					}
				},
				"Leftleg2": {
					"rotation": {
						"0.0": [0, 0, 0],
						"1.6": [10, 0, 0],
						"3.36": [0, 0, 0]
					}
				}
			}
		},
		"animation.titanspeakerman.move": {
			"loop": true,
			"animation_length": 1.6,
			"bones": {
				"bone2": {
					"rotation": {
						"0.0": [0, -2.5, 0],
						"0.8": [0, 5, 0],
						"1.6": [0, -2.5, 0]
					}
				},
				"bone9": {
					"rotation": {
						"0.0": [0, 2.5, 0],
						"0.8": [0, -2.5, 0],
						"1.6": [0, 2.5, 0]
					}
				},
				"bone10": {
					"rotation": {
						"0.8": [0, -5, 0],
						"1.6": [0, 0, 0]
					}
				},
				"bone11": {
					"rotation": {
						"0.0": [0, 2.5, 0],
						"0.8": [0, -2.5, 0],
						"1.6": [0, 2.5, 0]
					}
				},
				"bone13": {
					"rotation": {
						"0.0": [0, 2.5, 0],
						"0.8": [0, -2.5, 0],
						"1.6": [0, 2.5, 0]
					}
				},
				"bone14": {
					"rotation": {
						"0.0": [0, 2.5, 0],
						"0.8": [0, -2.5, 0],
						"1.6": [0, 2.5, 0]
					}
				},
				"bone16": {
					"rotation": {
						"0.0": [0, 2.5, 0],
						"0.8": [0, -2.5, 0],
						"1.6": [0, 2.5, 0]
					}
				},
				"bone17": {
					"rotation": {
						"0.0": [0, 2.5, 0],
						"0.8": [0, -2.5, 0],
						"1.6": [0, 2.5, 0]
					}
				},
				"bone18": {
					"rotation": {
						"0.0": [0, 2.5, 0],
						"0.8": [0, -2.5, 0],
						"1.6": [0, 2.5, 0]
					}
				},
				"bone19": {
					"rotation": {
						"0.0": [-12.5, 0, 0],
						"0.8": [15, 0, 0],
						"1.6": [-12.5, 0, 0]
					},
					"position": {
						"0.0": [0, 0, 0],
						"0.8": [0, 0, 0],
						"1.2": [0, 7, 0],
						"1.6": [0, 0, 0]
					}
				},
				"bone4": {
					"rotation": {
						"0.0": [15, 0, 0],
						"0.8": [-12.5, 0, 0],
						"1.6": [15, 0, 0]
					},
					"position": {
						"0.0": [0, 0, 0],
						"0.4": [0, 5, 0],
						"0.8": [0, 0, 0],
						"1.6": [0, 0, 0]
					}
				},
				"body": {
					"rotation": {
						"0.0": [0.43897, -7.48085, -5.03822],
						"0.9": [0, 10, 0],
						"1.6": [0.43897, -7.48085, -5.03822]
					}
				},
				"body2": {
					"rotation": {
						"0.0": [5.019, -4.98093, -0.43688],
						"0.9": [5.43389, 4.52566, 5.43162],
						"1.6": [5.02, -4.98, -0.44]
					}
				},
				"Rightarm": {
					"rotation": {
						"0.0": [7.4411, -0.81388, 0.48556],
						"0.9": [-10.05952, -0.8117, 0.48806],
						"1.6": [7.44, -0.81, 0.49]
					}
				},
				"Leftarm": {
					"rotation": {
						"0.0": [-12.26507, -0.8968, -2.04159],
						"0.9": [-2.26784, -0.8986, -2.0407],
						"1.6": [-12.27, -0.9, -2.04]
					}
				},
				"Rightleg": {
					"rotation": {
						"0.0": [-17.5, 0, 0],
						"0.9": [27.5, 0, 0],
						"1.6": [-17.5, 0, 0]
					}
				},
				"Rightleg2": {
					"rotation": {
						"0.0": [12.5, 0, 0],
						"0.9": [0, 0, 0],
						"1.6": [12.5, 0, 0]
					}
				},
				"Leftleg": {
					"rotation": {
						"0.0": [15, 0, 0],
						"0.9": [-20, 0, 0],
						"1.6": [15, 0, 0]
					}
				},
				"Leftleg2": {
					"rotation": {
						"0.0": [0, 0, 0],
						"0.9": [7.5, 0, 0],
						"1.6": [0, 0, 0]
					}
				}
			}
		},
		"animation.titanspeakerman.atomic": {
			"loop": "hold_on_last_frame",
			"animation_length": 12,
			"bones": {
				"bone2": {
					"rotation": {
						"0.0": [0, 0, 0],
						"0.52": [-20, 0, 0],
						"0.84": [-12.5, 0, 0]
					}
				},
				"neck1": {
					"rotation": {
						"0.0": [0, 0, 0],
						"0.52": [5, 0, 0],
						"0.84": [0, 0, 0]
					}
				},
				"neck2": {
					"rotation": {
						"0.0": [0, 0, 0],
						"0.52": [12.5, 0, 0],
						"0.84": [-7.5, 0, 0]
					}
				},
				"head": {
					"rotation": {
						"0.0": [0, 0, 0],
						"0.44": [7.5, 0, 0],
						"1.04": [12.79362, -12.19908, -2.74715],
						"11.52": [12.79362, -12.19908, -2.74715],
						"12.0": [0, 0, 0]
					}
				},
				"bone7": {
					"rotation": {
						"0.0": [0, 0, 0],
						"0.28": [70, 0, 0]
					}
				},
				"bone3": {
					"rotation": {
						"0.0": [0, 0, 0],
						"0.52": [-37.5, -7.5, -37.5],
						"0.84": [-5, -10, -22.5]
					}
				},
				"bone29": {
					"rotation": {
						"0.0": [0, 0, 0],
						"0.52": [-22.5, 2.5, 0],
						"0.84": [12.5, -30, 0]
					}
				},
				"bone35": {
					"rotation": {
						"0.0": [0, 0, 0],
						"0.52": [-25, 0, 37.5],
						"0.84": [0, 15, 22.5]
					}
				},
				"bone36": {
					"rotation": {
						"0.0": [0, 0, 0],
						"0.52": [-45, 0, 0],
						"0.84": [15, 20, 0]
					}
				},
				"bone9": {
					"rotation": {
						"0.0": [0, 0, 0],
						"0.52": [10, 0, 0],
						"0.84": [-3.82, 0, 0],
						"1.28": [-5, 0, 0]
					}
				},
				"bone10": {
					"rotation": {
						"0.0": [0, 0, 0],
						"0.52": [5, 0, 0],
						"1.76": [-15, 0, 0]
					}
				},
				"bone11": {
					"rotation": {
						"0.0": [0, 0, 0],
						"0.52": [-1.27, 0, 0],
						"0.84": [-17.18, 0, 0],
						"2.04": [-17.5, 0, 0]
					}
				},
				"bone13": {
					"rotation": {
						"0.0": [0, 0, 0],
						"0.52": [10, 0, 0],
						"0.84": [0, 0, 0],
						"2.6": [-2.5, 0, 0]
					}
				},
				"bone14": {
					"rotation": {
						"0.0": [0, 0, 0],
						"0.52": [12.5, 0, 0],
						"0.84": [5, 0, 0],
						"3.12": [2.5, 0, 0]
					}
				},
				"bone16": {
					"rotation": {
						"0.0": [0, 0, 0],
						"0.52": [10, 0, 0],
						"0.84": [0, 0, 0],
						"3.6": [0, 0, 0]
					}
				},
				"bone17": {
					"rotation": {
						"0.0": [0, 0, 0],
						"0.52": [0, 0, 0],
						"0.84": [7.5, 0, 0],
						"4.04": [0, 0, 0]
					}
				},
				"bone18": {
					"rotation": {
						"0.0": [0, 0, 0],
						"0.52": [5, 0, 0],
						"0.84": [2.5, 0, 0],
						"4.6": [0, 0, 0]
					}
				},
				"bone19": {
					"rotation": {
						"0.0": [0, 0, 0],
						"0.52": [12.5, 0, 0],
						"0.84": [-62.5, 0, 0]
					}
				},
				"bone20": {
					"rotation": {
						"0.0": [0, 0, 0],
						"0.84": [40, 0, 0]
					}
				},
				"bone21": {
					"rotation": {
						"0.0": [0, 0, 0],
						"0.84": [-10, 0, 0]
					}
				},
				"bone4": {
					"rotation": {
						"0.0": [0, 0, 0],
						"0.52": [10, 0, 0],
						"0.84": [-2.5, 0, 0]
					}
				},
				"bone5": {
					"rotation": {
						"0.0": [0, 0, 0],
						"0.84": [5, 0, 0]
					}
				},
				"bone6": {
					"rotation": {
						"0.0": [0, 0, 0],
						"0.52": [-1.19, 0, 0],
						"0.84": [-10, 0, 0]
					}
				},
				"Rott": {
					"rotation": {
						"0.0": [0, 0, 0],
						"12.0": [0, 0, 0]
					},
					"position": {
						"0.0": [0, 0, 0],
						"0.44": [0, 2.67, 92.44],
						"1.08": [0, 117, 127],
						"11.52": [0, 117, 127],
						"12.0": [0, 0, 0]
					}
				},
				"body": {
					"rotation": {
						"0.0": [0, 0, 0],
						"0.44": [7.5, 0, 0],
						"1.04": [12.85952, 17.34551, 2.35666],
						"11.52": [12.85952, 17.34551, 2.35666],
						"12.0": [0, 0, 0]
					},
					"position": [0, 0, 0]
				},
				"body2": {
					"rotation": {
						"0.0": [0, 0, 0],
						"0.44": [7.5, 0, 0],
						"1.04": [19.38636, 2.49149, 5.6483],
						"11.52": [19.38636, 2.49149, 5.6483],
						"12.0": [0, 0, 0]
					}
				},
				"Rightarm": {
					"rotation": {
						"0.0": [0, 0, 0],
						"0.44": [0, 0, 0],
						"1.04": [-53.64516, 19.84968, -74.40901],
						"11.52": [-53.64516, 19.84968, -74.40901],
						"12.0": [0, 0, 0]
					}
				},
				"Leftarm": {
					"rotation": {
						"0.0": [0, 0, 0],
						"0.44": [0, 0, 0],
						"1.04": [12.5, 0, 0],
						"11.52": [12.5, 0, 0],
						"12.0": [0, 0, 0]
					}
				},
				"Leftarm2": {
					"rotation": {
						"0.0": [0, 0, 0],
						"0.44": [0, 0, 0],
						"1.04": [-22.5, 0, 0],
						"11.52": [-22.5, 0, 0],
						"12.0": [0, 0, 0]
					}
				},
				"Rightleg": {
					"rotation": {
						"0.0": [0, 0, 0],
						"0.44": [-25, 0, 0],
						"1.04": [-33.12486, -10.49366, 1.44373],
						"11.52": [-33.12486, -10.49366, 1.44373],
						"12.0": [0, 0, 0]
					}
				},
				"Rightleg2": {
					"rotation": {
						"0.0": [0, 0, 0],
						"0.44": [12.5, 0, 0],
						"1.04": [52.5, 0, 0],
						"11.52": [52.5, 0, 0],
						"12.0": [0, 0, 0]
					}
				},
				"Leftleg": {
					"rotation": {
						"0.0": [0, 0, 0],
						"0.44": [-25, 0, 0],
						"1.04": [-2.5, 0, 0],
						"11.52": [-2.5, 0, 0],
						"12.0": [0, 0, 0]
					},
					"position": [0, 0, 0]
				},
				"Leftleg2": {
					"rotation": {
						"0.0": [0, 0, 0],
						"0.44": [0, 0, 0],
						"1.04": [7.5, 0, 0],
						"11.52": [7.5, 0, 0],
						"12.0": [0, 0, 0]
					}
				},
				"bone": {
					"rotation": {
						"0.96": [0, 0, 0],
						"1.0": [-20, 0, 0],
						"11.48": [-20, 0, 0],
						"11.52": [0, 0, 0],
						"12.0": [0, 0, 0]
					},
					"position": {
						"0.96": [0, 0, 0],
						"1.0": [0, -116, -40],
						"11.48": [0, -116, -40],
						"11.52": [0, 0, 0],
						"12.0": [0, 0, 0]
					},
					"scale": {
						"0.44": [1, 1, 1],
						"0.96": [1, 1, 1],
						"1.0": [1, 109, 1],
						"11.48": [1, 109, 1],
						"11.52": [1, 1, 1],
						"12.0": [1, 1, 1]
					}
				}
			}
		},
		"animation.titanspeakerman.running": {
			"loop": true,
			"animation_length": 1.56,
			"bones": {
				"bone2": {
					"rotation": {
						"0.0": [10, 15, 0],
						"0.8": [10, -15, 0],
						"1.56": [10, 15, 0]
					}
				},
				"neck1": {
					"rotation": {
						"0.0": [5, -5, 0],
						"0.8": [5, 5, -7.5],
						"1.56": [5, -5, 0]
					}
				},
				"neck2": {
					"rotation": {
						"0.0": [-10, -5, 5],
						"0.8": [-10, 7.5, -5],
						"1.56": [-10, -5, 5]
					}
				},
				"bone7": {
					"rotation": {
						"0.0": [0, 0, 0],
						"0.8": [12.5, 0, 0],
						"1.56": [0, 0, 0]
					}
				},
				"bone3": {
					"rotation": {
						"0.0": [-30, 0, 0],
						"0.8": [-32.5, 0, 0],
						"1.56": [-30, 0, 0]
					}
				},
				"bone29": {
					"rotation": {
						"0.0": [0, 0, 0],
						"0.8": [-10, 0, 0],
						"1.56": [0, 0, 0]
					}
				},
				"bone35": {
					"rotation": {
						"0.0": [-27.5, 0, 0],
						"0.8": [-22.5, 0, 0],
						"1.56": [-27.5, 0, 0]
					}
				},
				"bone36": {
					"rotation": {
						"0.0": [-10, 0, 0],
						"0.8": [-2.5, 0, 0],
						"1.56": [-10, 0, 0]
					}
				},
				"bone9": {
					"rotation": {
						"0.0": [-5, 0, -2.5],
						"0.8": [-5, 0, 2.5],
						"1.56": [-5, 0, -2.5]
					}
				},
				"bone10": {
					"rotation": {
						"0.0": [-10, 0, -2.5],
						"0.8": [-10, 0, 2.5],
						"1.56": [-10, 0, -2.5]
					}
				},
				"bone11": {
					"rotation": {
						"0.0": [-15, 0, -2.5],
						"0.8": [-15, -5, -2.5],
						"1.56": [-15, 0, -2.5]
					}
				},
				"bone13": {
					"rotation": {
						"0.0": [0, 2.5, 0],
						"0.8": [0, -2.5, 0],
						"1.56": [0, 2.5, 0]
					}
				},
				"bone14": {
					"rotation": {
						"0.0": [2.5, 2.5, 0],
						"0.8": [2.5, -2.5, 0],
						"1.56": [2.5, 2.5, 0]
					}
				},
				"bone16": {
					"rotation": {
						"0.0": [2.5, 2.5, 0],
						"0.8": [2.5, -2.5, 0],
						"1.56": [2.5, 2.5, 0]
					}
				},
				"bone17": {
					"rotation": {
						"0.0": [0, 2.5, 0],
						"0.8": [0, -2.5, 0],
						"1.56": [0, 2.5, 0]
					}
				},
				"bone18": {
					"rotation": {
						"0.0": [0, 2.5, 0],
						"0.8": [0, -5, 0],
						"1.56": [0, 2.5, 0]
					}
				},
				"bone19": {
					"rotation": {
						"0.0": [0, 0, 0],
						"0.4": [-37.5, 0, 0],
						"0.8": [-40, 0, 0],
						"1.56": [0, 0, 0]
					},
					"position": {
						"0.0": [0, 0, 0],
						"0.4": [0, 9, 0],
						"0.8": [0, 0, 0],
						"1.56": [0, 0, 0]
					}
				},
				"bone20": {
					"rotation": {
						"0.0": [15, 0, 0],
						"1.56": [15, 0, 0]
					}
				},
				"bone4": {
					"rotation": {
						"0.0": [-47.5, 0, 0],
						"0.8": [-7.5, 0, 0],
						"1.16": [-49.34, 0, 0],
						"1.56": [-47.5, 0, 0]
					},
					"position": {
						"0.0": [0, 0, 0],
						"0.8": [0, 0, 0],
						"1.16": [0, 9, 0],
						"1.56": [0, 0, 0]
					}
				},
				"bone5": {
					"rotation": {
						"0.0": [22.5, 0, 0],
						"1.56": [22.5, 0, 0]
					}
				},
				"body": {
					"rotation": {
						"0.0": [19.7729, -3.45225, -6.86174],
						"0.72": [17.93888, 2.68124, 5.7589],
						"1.56": [19.77, -3.45, -6.86]
					}
				},
				"body2": {
					"rotation": {
						"0.0": [0.60071, -15.70139, 7.08703],
						"0.72": [-4.08038, 23.84724, -8.78076],
						"1.56": [0.60071, -15.70139, 7.08703]
					}
				},
				"Rightarm": {
					"rotation": {
						"0.0": [11.92076, -3.46791, 1.24516],
						"0.72": [-21.9254, -3.46791, 1.24516],
						"1.56": [14.42076, -3.46791, 1.24516]
					}
				},
				"Leftarm": {
					"rotation": {
						"0.0": [-17.5, 0, 0],
						"0.72": [5, 0, 0],
						"1.56": [-17.5, 0, 0]
					}
				},
				"Rightleg": {
					"rotation": {
						"0.0": [-20, 0, 0],
						"0.84": [27.5, 0, 0],
						"1.56": [-20, 0, 0]
					}
				},
				"Rightleg2": {
					"rotation": {
						"0.0": [7.5, 0, 0],
						"0.72": [27.19083, 3.92636, -5.20738],
						"1.56": [7.5, 0, 0]
					}
				},
				"Leftleg": {
					"rotation": {
						"0.0": [20, 0, 0],
						"0.72": [-25, 0, 0],
						"1.56": [20, 0, 0]
					}
				},
				"Leftleg2": {
					"rotation": {
						"0.0": [27.5, 0, 0],
						"0.72": [7.5, 0, 0],
						"1.56": [27.5, 0, 0]
					}
				}
			}
		},
		"animation.titanspeakerman.attack": {
			"loop": true,
			"animation_length": 1.52,
			"bones": {
				"bone2": {
					"rotation": {
						"0.0": [0, 0, 0],
						"0.52": [-15, -25, 0],
						"0.84": [5.7, 33.9, -15],
						"1.04": [5.52, 15.3, 0],
						"1.52": [0, 0, 0]
					}
				},
				"neck1": {
					"rotation": {
						"0.0": [0, 0, 0],
						"0.52": [0, 15, 0],
						"1.52": [0, 0, 0]
					}
				},
				"neck2": {
					"rotation": {
						"0.0": [0, 0, 0],
						"0.52": [0, 12.5, 0],
						"1.52": [0, 0, 0]
					}
				},
				"head": {
					"rotation": {
						"0.0": [0, 0, 0],
						"0.52": [-7.5, 7.5, -17.5],
						"1.52": [0, 0, 0]
					}
				},
				"bone7": {
					"rotation": {
						"0.0": [0, 0, 0],
						"0.52": [37.5, 0, 0],
						"1.52": [0, 0, 0]
					}
				},
				"bone3": {
					"rotation": {
						"0.0": [0, 0, 0],
						"0.52": [-87.5, -62.5, -20],
						"0.84": [-72, 17.5, 0],
						"1.04": [-40.62, 9.26, 0],
						"1.52": [0, 0, 0]
					},
					"position": {
						"0.0": [0, 0, 0],
						"0.52": [0, 0, -3],
						"0.84": [0, 0, -4.04],
						"1.52": [0, 0, 0]
					}
				},
				"bone29": {
					"rotation": {
						"0.0": [0, 0, 0],
						"0.52": [0, -12.5, -45],
						"0.84": [15, 14, 49.4],
						"1.04": [7.94, 7.41, 38.65],
						"1.52": [0, 0, 0]
					}
				},
				"bone35": {
					"rotation": {
						"0.0": [0, 0, 0],
						"0.52": [-30, 0, 0],
						"0.84": [8.7, 0, 27.5],
						"1.04": [17.11, 0, 22.5],
						"1.52": [0, 0, 0]
					}
				},
				"bone36": {
					"rotation": {
						"0.0": [0, 0, 0],
						"0.52": [0, -10, 30],
						"0.84": [7.5, -6.8, 20.4],
						"1.04": [11.47, -3.6, 10.8],
						"1.52": [0, 0, 0]
					}
				},
				"bone9": {
					"rotation": {
						"0.0": [0, 0, 0],
						"0.52": [-10, 0, 0],
						"0.8": [-17.2, 0, 0],
						"1.0": [-12.42, 0, 0],
						"1.52": [0, 0, 0]
					}
				},
				"bone10": {
					"rotation": {
						"0.0": [0, 0, 0],
						"0.52": [-22.5, 0, 7.5],
						"1.52": [0, 0, 0]
					}
				},
				"bone11": {
					"rotation": {
						"0.0": [0, 0, 0],
						"0.52": [-2.5, -2.5, 0],
						"0.8": [-1.8, -7.5, 0],
						"1.0": [-18.8, 2.5, 0],
						"1.24": [-15.5, 7.5, 0],
						"1.52": [0, 0, 0]
					}
				},
				"bone13": {
					"rotation": {
						"0.0": [0, 0, 0],
						"0.52": [0, -2.5, 0],
						"0.8": [0, -7.5, 0],
						"1.04": [0, 2.5, 0],
						"1.24": [0, 7.5, 0],
						"1.52": [0, 0, 0]
					}
				},
				"bone14": {
					"rotation": {
						"0.0": [0, 0, 0],
						"0.52": [0, -2.5, 0],
						"0.8": [0, -7.5, 0],
						"1.04": [0, 2.5, 0],
						"1.24": [0, 7.5, 0],
						"1.52": [0, 0, 0]
					}
				},
				"bone16": {
					"rotation": {
						"0.0": [0, 0, 0],
						"0.52": [0, -2.5, 0],
						"0.8": [0, -7.5, 0],
						"1.04": [0, 2.5, 0],
						"1.24": [0, 7.5, 0],
						"1.52": [0, 0, 0]
					}
				},
				"bone17": {
					"rotation": {
						"0.0": [0, 0, 0],
						"1.52": [0, 0, 0]
					}
				},
				"bone18": {
					"rotation": {
						"0.0": [0, 0, 0],
						"1.52": [0, 0, 0]
					}
				},
				"bone19": {
					"rotation": {
						"0.0": [0, 0, 0],
						"0.52": [-80, 0, 0],
						"0.84": [-35.41, -3.26, 0],
						"1.04": [-44.1, -5.29, 0],
						"1.52": [0, 0, 0]
					}
				},
				"bone20": {
					"rotation": {
						"0.0": [0, 0, 0],
						"0.52": [52.5, 0, 0],
						"0.84": [0.89, 0, 0],
						"1.04": [2.7, 0, 0],
						"1.52": [0, 0, 0]
					}
				},
				"bone21": {
					"rotation": {
						"0.0": [0, 0, 0],
						"0.52": [0, 0, 0],
						"1.52": [0, 0, 0]
					}
				},
				"bone4": {
					"rotation": {
						"0.0": [0, 0, 0],
						"0.52": [-25, 15, -10],
						"0.84": [-8.81, -4.81, 4.42],
						"1.04": [-8.81, -4.81, 4.42],
						"1.52": [0, 0, 0]
					}
				},
				"bone5": {
					"rotation": {
						"0.0": [0, 0, 0],
						"0.52": [5, 0, 0],
						"1.16": [-1.1, 0, 0],
						"1.52": [0, 0, 0]
					}
				},
				"bone6": {
					"rotation": {
						"0.0": [0, 0, 0],
						"0.52": [-5, 0, 0],
						"1.52": [0, 0, 0]
					}
				},
				"body2": {
					"rotation": {
						"0.0": [0, 0, 0],
						"0.6": [-10, 25, 0],
						"1.2": [4.58356, -42.37683, -0.77859],
						"1.52": [0, 0, 0]
					}
				},
				"Rightarm": {
					"rotation": {
						"0.0": [0, 0, 0],
						"0.6": [-17.5, 0, -10],
						"1.2": [9.96548, 0.53792, -12.44169],
						"1.52": [0, 0, 0]
					}
				},
				"Leftarm": {
					"rotation": {
						"0.0": [0, 0, 0],
						"0.6": [6.42131, 9.86805, 61.05758],
						"1.2": [-43.77287, 13.30838, 55.17644],
						"1.52": [0, 0, 0]
					}
				},
				"Leftarm2": {
					"rotation": {
						"0.0": [0, 0, 0],
						"0.6": [-38.75, 0, 0],
						"1.2": [-2.5, 0, 0],
						"1.52": [0, 0, 0]
					}
				}
			}
		},
		"animation.titanspeakerman.attack2": {
			"loop": true,
			"animation_length": 1.52,
			"bones": {
				"bone2": {
					"rotation": {
						"0.0": [0, 0, 0],
						"0.52": [-32.5, -2.5, 0],
						"0.84": [18.2, 1.4, -15],
						"1.16": [5.52, -12.2, 0],
						"1.52": [0, 0, 0]
					}
				},
				"neck1": {
					"rotation": {
						"0.0": [0, 0, 0],
						"0.52": [20, 0, 0],
						"0.88": [0.3, 0, 0],
						"1.52": [0, 0, 0]
					}
				},
				"neck2": {
					"rotation": {
						"0.0": [0, 0, 0],
						"0.52": [0, 0, 0],
						"0.88": [-20, 0, 0],
						"1.2": [5, 0, 0],
						"1.52": [0, 0, 0]
					}
				},
				"head": {
					"rotation": {
						"0.0": [0, 0, 0],
						"0.52": [5, 0, 0],
						"0.88": [-24.3, 0, 0],
						"1.2": [0.35, 0, 0],
						"1.52": [0, 0, 0]
					}
				},
				"bone7": {
					"rotation": {
						"0.0": [0, 0, 0],
						"0.52": [40, 0, 0],
						"0.88": [66.6, 0, 0],
						"1.2": [-2.95, 0, 0],
						"1.52": [0, 0, 0]
					}
				},
				"bone3": {
					"rotation": {
						"0.0": [0, 0, 0],
						"0.52": [-32.5, -12.5, 0],
						"0.84": [40.5, 17.5, -22.5],
						"1.16": [11.88, -15.74, -27.5],
						"1.52": [0, 0, 0]
					},
					"position": {
						"0.0": [0, 0, 0],
						"0.52": [0, 0, -3],
						"0.84": [0, 0, -4.04],
						"1.52": [0, 0, 0]
					}
				},
				"bone29": {
					"rotation": {
						"0.0": [0, 0, 0],
						"0.52": [0, 32.5, -12.5],
						"0.84": [-10, -21, 21.9],
						"1.16": [7.94, 7.41, 3.65],
						"1.52": [0, 0, 0]
					}
				},
				"bone35": {
					"rotation": {
						"0.0": [0, 0, 0],
						"0.52": [-30, 0, 0],
						"0.84": [41.2, 0, 27.5],
						"1.16": [17.11, 0, 22.5],
						"1.52": [0, 0, 0]
					}
				},
				"bone36": {
					"rotation": {
						"0.0": [0, 0, 0],
						"0.52": [0, -10, 30],
						"0.84": [7.5, -6.8, 20.4],
						"1.16": [11.47, -3.6, 10.8],
						"1.52": [0, 0, 0]
					}
				},
				"bone9": {
					"rotation": {
						"0.0": [0, 0, 0],
						"0.52": [5, 0, 0],
						"1.52": [0, 0, 0]
					}
				},
				"bone10": {
					"rotation": {
						"0.0": [0, 0, 0],
						"0.52": [-10, 0, 0],
						"1.52": [0, 0, 0]
					}
				},
				"bone11": {
					"rotation": {
						"0.0": [0, 0, 0],
						"0.52": [-2.5, 0, 0],
						"1.52": [0, 0, 0]
					}
				},
				"bone13": {
					"rotation": {
						"0.0": [0, 0, 0],
						"1.52": [0, 0, 0]
					}
				},
				"bone14": {
					"rotation": {
						"0.0": [0, 0, 0],
						"1.52": [0, 0, 0]
					}
				},
				"bone16": {
					"rotation": {
						"0.0": [0, 0, 0],
						"1.52": [0, 0, 0]
					}
				},
				"bone17": {
					"rotation": {
						"0.0": [0, 0, 0],
						"1.52": [0, 0, 0]
					}
				},
				"bone18": {
					"rotation": {
						"0.0": [0, 0, 0],
						"1.52": [0, 0, 0]
					}
				},
				"bone19": {
					"rotation": {
						"0.0": [0, 0, 0],
						"0.52": [-7.5, 0, 0],
						"0.84": [1.7, -10, 0],
						"1.16": [-11.6, -5.29, 0],
						"1.52": [0, 0, 0]
					}
				},
				"bone20": {
					"rotation": {
						"0.0": [0, 0, 0],
						"0.52": [7.5, 0, 0],
						"1.52": [0, 0, 0]
					}
				},
				"bone21": {
					"rotation": {
						"0.0": [0, 0, 0],
						"0.52": [0, 0, 0],
						"1.52": [0, 0, 0]
					}
				},
				"bone4": {
					"rotation": {
						"0.0": [0, 0, 0],
						"0.52": [0, 0, 0],
						"0.84": [-35.75, 0, 0],
						"1.16": [-36.5, 0, 0],
						"1.52": [0, 0, 0]
					}
				},
				"bone5": {
					"rotation": {
						"0.0": [0, 0, 0],
						"0.52": [-10, 0, 0],
						"1.16": [-1.1, 0, 0],
						"1.52": [0, 0, 0]
					}
				},
				"bone6": {
					"rotation": {
						"0.0": [0, 0, 0],
						"0.52": [10, 0, 0],
						"1.52": [0, 0, 0]
					}
				},
				"body2": {
					"rotation": {
						"0.0": [0, 0, 0],
						"0.6": [1.46301, -27.40852, -8.06091],
						"1.2": [8.77424, 24.24466, 8.98771],
						"1.52": [0, 0, 0]
					}
				},
				"Rightarm": {
					"rotation": {
						"0.0": [0, 0, 0],
						"0.6": [27.5, 0, -70],
						"1.2": [-45.94564, -6.50781, -62.71707],
						"1.52": [0, 0, 0]
					}
				},
				"Rightarm2": {
					"rotation": {
						"0.0": [0, 0, 0],
						"0.6": [-25, 0, 0],
						"1.2": [1.3, 0, 0],
						"1.52": [0, 0, 0]
					}
				},
				"Leftarm": {
					"rotation": {
						"0.0": [0, 0, 0],
						"0.6": [-22.40835, 2.57004, 7.0471],
						"1.2": [9.70579, 0.89393, 2.45117],
						"1.52": [0, 0, 0]
					}
				}
			}
		},
		"animation.titanspeakerman.look_at_target": {
			"loop": true,
			"bones": {
				"head": {
					"rotation": ["query.target_x_rotation * 0.5", "query.target_y_rotation * 0.20", 0]
				},
				"neck1": {
					"rotation": ["query.target_x_rotation * 0.2", "query.target_y_rotation * 0.15", 0]
				},
				"neck2": {
					"rotation": ["query.target_x_rotation * 0.1", "query.target_y_rotation * 0.1", 0]
				}
			}
		},
		"animation.titanspeakerman.dead": {
			"loop": "hold_on_last_frame",
			"animation_length": 5,
			"bones": {
				"bone2": {
					"rotation": {
						"0.0": [0, 0, 0],
						"0.5833": [-17.5, 0, 0],
						"0.875": [-27.35, 0, 0],
						"1.5417": [-14.7, -17.19, 26.09],
						"2.0": [-5, 25, -12.5]
					}
				},
				"neck1": {
					"rotation": {
						"0.0": [0, 0, 0],
						"0.875": [-17.5, 0, 0],
						"1.25": [-13.75, -2.5, 0],
						"1.625": [-11.87, -1.25, 0],
						"2.25": [-10, -2.5, -10]
					}
				},
				"neck2": {
					"rotation": {
						"0.0": [0, 0, 0],
						"0.875": [-22.5, 0, 0],
						"1.25": [-18.75, 1.25, 0],
						"1.625": [-16.87, -0.62, 0],
						"2.3333": [-15, 0, -5]
					}
				},
				"head": {
					"rotation": {
						"0.0": [0, 0, 0],
						"0.75": [-7.5, 0, 0],
						"1.25": [2.5, 0, 0]
					}
				},
				"bone7": {
					"rotation": {
						"0.0": [0, 0, 0],
						"0.5833": [40, 0, 0],
						"1.2917": [0, 0, 0],
						"2.0": [15, 0, 0]
					}
				},
				"bone3": {
					"rotation": {
						"0.0": [0, 0, 0],
						"0.5833": [12.5, 0, -22.5],
						"0.875": [-22.5, 0, 0],
						"1.5417": [-29.91, -19.17, -1.48],
						"2.1667": [-67.5, 50, -5]
					}
				},
				"bone29": {
					"rotation": {
						"0.0": [0, 0, 0],
						"0.5833": [24.35, -13.55, 0],
						"2.2917": [-20, -10, 5]
					}
				},
				"bone35": {
					"rotation": {
						"0.0": [0, 0, 0],
						"0.5833": [1.67, 0, 13.33],
						"0.875": [-20, 0, 20],
						"1.5417": [-20, 5.19, 20],
						"2.0": [-37.5, -10, 10]
					}
				},
				"bone36": {
					"rotation": {
						"0.0": [-2.5, 0, 0],
						"0.5833": [0.16, 0, 12.5],
						"2.0": [-32.5, 17.5, 25]
					}
				},
				"bone9": {
					"rotation": {
						"0.0": [0, 0, 0],
						"0.875": [-7.5, 0, -7.5],
						"2.0": [-15, 0, 0]
					}
				},
				"bone10": {
					"rotation": {
						"0.0": [0, 0, 0],
						"0.875": [-20, 0, -12.5],
						"2.0": [-37.5, 0, 10]
					}
				},
				"bone11": {
					"rotation": {
						"0.0": [0, 0, 0],
						"0.875": [-22.5, 0, -12.5],
						"2.0": [-25, 2.5, 12.5]
					}
				},
				"bone13": {
					"rotation": {
						"0.0": [0, 0, 0],
						"0.875": [0, 12.5, 0],
						"2.0": [-2.5, 5, 12.5]
					}
				},
				"bone14": {
					"rotation": {
						"0.0": [0, 0, 0],
						"0.875": [2.5, 12.5, 0],
						"2.0": [0, 5, 0]
					}
				},
				"bone16": {
					"rotation": {
						"0.0": [0, 0, 0],
						"0.875": [2.5, 2.5, 0],
						"2.0": [0, 2.5, 0]
					}
				},
				"bone17": {
					"rotation": {
						"0.0": [0, 0, 0],
						"0.875": [5, 0, 0],
						"2.0": [0, 0, 0]
					}
				},
				"bone18": {
					"rotation": {
						"0.0": [0, 0, 0],
						"0.875": [2.5, 0, 0],
						"2.0": [0, 0, 0]
					}
				},
				"bone19": {
					"rotation": {
						"0.0": [0, 0, 0],
						"0.5833": [-45, 0, 0],
						"0.875": [-47.44, -9.43, -17.45],
						"1.3333": [-16.81, -10.57, -21.48],
						"2.0": [-35, 45, -40],
						"2.375": [-35, 45, -22.5]
					}
				},
				"bone20": {
					"rotation": {
						"0.0": [0, 0, 0],
						"0.5833": [30, 0, 0],
						"0.875": [58.5, -9.8, 8.4],
						"1.3333": [30.81, -14.51, 12.43],
						"2.0": [5, -17.5, 32.5]
					}
				},
				"bone21": {
					"rotation": {
						"0.0": [0, 0, 0],
						"0.5833": [-25.6, 0, 0],
						"1.3333": [59.1, 0, 0],
						"2.0": [17.5, 0, 0]
					}
				},
				"bone4": {
					"rotation": {
						"0.0": [0, 0, 0],
						"0.5833": [-57.5, 0, 0],
						"0.875": [-57.5, 4.7, 0],
						"1.3333": [-77.5, -7.14, 0],
						"2.0": [-57.5, 10, 15]
					}
				},
				"bone5": {
					"rotation": {
						"0.0": [0, 0, 0],
						"0.5833": [35, 0, 0],
						"0.9167": [76.62, 0, 0],
						"2.0": [45, 22.5, 7.5]
					}
				},
				"bone6": {
					"rotation": {
						"0.0": [0, 0, 0],
						"0.5833": [-24.13, 0, 0],
						"1.3333": [38.8, 0, 0],
						"2.0": [17.5, 0, 0]
					}
				},
				"Rott": {
					"rotation": {
						"0.0": [0, 0, 0],
						"0.75": [-20, 0, 0],
						"1.25": [85, 0, 0]
					},
					"position": {
						"0.0": [0, 0, 0],
						"0.75": [0, 0, 0],
						"1.25": [0, -58, -7]
					}
				},
				"Rightarm": {
					"rotation": {
						"0.0": [0, 0, 0],
						"0.75": [32.5, 0, 0],
						"1.25": [-2.76254, -0.10207, -30.00095]
					}
				},
				"Rightarm2": {
					"rotation": {
						"0.0": [0, 0, 0],
						"0.75": [12.5, 0, 0],
						"1.25": [20, 0, 0]
					}
				},
				"Leftarm": {
					"rotation": {
						"0.0": [0, 0, 0],
						"0.75": [27.5, 0, 0],
						"1.25": [-114.38224, 70.85492, -32.81101]
					}
				},
				"Leftarm2": {
					"rotation": {
						"0.0": [0, 0, 0],
						"0.7917": [17.5, 0, 0],
						"1.25": [-29.78729, -3.74196, -6.50446]
					}
				},
				"Rightleg": {
					"rotation": {
						"0.0": [0, 0, 0],
						"0.75": [17.5, 0, 0],
						"1.25": [2.5, 0, 0]
					}
				},
				"Leftleg": {
					"rotation": {
						"0.0": [0, 0, 0],
						"0.75": [14, 0, 0],
						"1.25": [2.5, 0, 0]
					}
				}
			},
			"sound_effects": {
				"2.0": {
					"effect": "stomp"
				}
			}
		},
		"animation.titanspeakerman.idle": {
			"loop": true,
			"animation_length": 8,
			"bones": {
				"bone2": {
					"rotation": {
						"0.0": [2.5, 0, 0],
						"4.0": [-2.5, 0, 0],
						"8.0": [2.5, 0, 0]
					}
				},
				"head": {
					"rotation": {
						"0.0": [-2.5, 0, 0],
						"4.0": [2.5, 0, 0],
						"8.0": [-2.5, 0, 0]
					}
				},
				"bone7": {
					"rotation": {
						"0.0": [2.5, 0, 0],
						"4.0": [0, 0, 0],
						"8.0": [2.5, 0, 0]
					}
				},
				"bone3": {
					"rotation": {
						"0.0": [-2.5, 0, 0],
						"4.0": [2.5, 0, 0],
						"8.0": [-2.5, 0, 0]
					}
				},
				"bone35": {
					"rotation": {
						"0.0": [-2.5, 0, 0],
						"4.0": [2.5, 0, 0],
						"8.0": [-2.5, 0, 0]
					}
				},
				"bone9": {
					"rotation": {
						"0.0": [0, 7.5, 0],
						"4.0": [0, 0, 0],
						"8.0": [0, 7.5, 0]
					}
				},
				"bone10": {
					"rotation": {
						"0.0": [0, 2.5, 0],
						"4.0": [0, -5, 0],
						"8.0": [0, 2.5, 0]
					}
				},
				"bone11": {
					"rotation": {
						"0.0": [0, 2.5, 0],
						"4.0": [0, -2.5, 0],
						"8.0": [0, 2.5, 0]
					}
				},
				"bone13": {
					"rotation": {
						"0.0": [0, 2.5, 0],
						"4.0": [0, -2.5, 0],
						"8.0": [0, 2.5, 0]
					}
				},
				"bone14": {
					"rotation": {
						"0.0": [0, 2.5, 0],
						"4.0": [0, -2.5, 0],
						"8.0": [0, 2.5, 0]
					}
				},
				"bone16": {
					"rotation": {
						"0.0": [0, 2.5, 0],
						"4.0": [0, -2.5, 0],
						"8.0": [0, 2.5, 0]
					}
				},
				"bone17": {
					"rotation": {
						"0.0": [0, 2.5, 0],
						"4.0": [0, -2.5, 0],
						"8.0": [0, 2.5, 0]
					}
				},
				"bone18": {
					"rotation": {
						"0.0": [0, 2.5, 0],
						"4.0": [0, -2.5, 0],
						"8.0": [0, 2.5, 0]
					}
				},
				"body": {
					"rotation": {
						"0.0": [0, 0, 0],
						"3.0": [15, 0, 0],
						"4.5": [0.5, 0, 0],
						"6.3": [12.74, 0, 0],
						"8.0": [0, 0, 0]
					}
				},
				"Rightarm": {
					"rotation": {
						"0.0": [0, 0, 0],
						"3.0": [-10.00607, -0.98841, -7.43468],
						"4.5": [-1.98501, -0.09557, 2.27204],
						"6.3": [-13.46554, -1.00311, -3.80412],
						"8.0": [0, 0, 0]
					}
				},
				"Leftarm": {
					"rotation": {
						"0.0": [0, 0, 0],
						"3.0": [-12.48522, 1.31085, 7.38473],
						"4.5": [1.29026, -0.1797, -4.7705],
						"6.3": [-11.89207, 0.73346, 2.61516],
						"8.0": [0, 0, 0]
					}
				}
			}
		},
		"animation.titanspeakerman.swim": {
			"loop": true,
			"animation_length": 8,
			"bones": {
				"bone2": {
					"rotation": [-7.5, 0, 0]
				},
				"neck1": {
					"rotation": [-7.5, 0, 0]
				},
				"neck2": {
					"rotation": [-20, 0, 0]
				},
				"bone3": {
					"rotation": [25, 0, -25]
				},
				"bone35": {
					"rotation": [17.5, 0, 20]
				},
				"bone9": {
					"rotation": [-7.5, 0, 0]
				},
				"bone10": {
					"rotation": {
						"0.0": [-35, 0, 2.5],
						"2.0": [-35, 0, -2.5],
						"8.0": [-35, 0, 2.5]
					}
				},
				"bone11": {
					"rotation": {
						"0.0": [-25, 0, 2.5],
						"2.8": [-25, 0, -2.5],
						"8.0": [-25, 0, 2.5]
					}
				},
				"bone13": {
					"rotation": {
						"0.0": [-2.5, -2.5, 0],
						"3.64": [-2.5, 5, 0],
						"8.0": [-2.5, -2.5, 0]
					}
				},
				"bone14": {
					"rotation": {
						"0.0": [0, -2.5, 0],
						"4.6": [0, 2.5, 0],
						"8.0": [0, -2.5, 0]
					}
				},
				"bone16": {
					"rotation": {
						"0.0": [0, -2.5, 0],
						"5.2": [0, 2.5, 0],
						"8.0": [0, -2.5, 0]
					}
				},
				"bone17": {
					"rotation": {
						"0.0": [0, -2.5, 0],
						"5.68": [0, 2.5, 0],
						"8.0": [0, -2.5, 0]
					}
				},
				"bone18": {
					"rotation": {
						"0.0": [0, -2.5, 0],
						"6.24": [0, 2.5, 0],
						"8.0": [0, -2.5, 0]
					}
				},
				"bone19": {
					"rotation": [2.5, 0, 0]
				},
				"bone20": {
					"rotation": [17.5, 0, 0]
				},
				"bone21": {
					"rotation": [40, 0, 0]
				},
				"bone4": {
					"rotation": [2.5, 0, 0]
				},
				"bone5": {
					"rotation": [15, 0, 0]
				},
				"bone6": {
					"rotation": [50, 0, 0]
				}
			}
		},
		"animation.titanspeakerman.tail_attack": {
			"loop": true,
			"animation_length": 2.08,
			"bones": {
				"bone2": {
					"rotation": {
						"0.0": [-12.5, 0, 0],
						"0.28": [12.5, 0, 0],
						"1.4": [-7.5, -12.5, 15]
					}
				},
				"neck1": {
					"rotation": {
						"0.0": [5, 0, 0],
						"0.28": [-5, 0, 0],
						"1.72": [2.5, 0, 0]
					}
				},
				"neck2": {
					"rotation": {
						"0.0": [2.5, 0, 0],
						"0.28": [-17.5, 0, 0]
					}
				},
				"bone7": {
					"rotation": {
						"0.0": [5, 0, 0],
						"0.28": [52.5, 0, 0],
						"1.88": [0, 0, 0]
					}
				},
				"bone3": {
					"rotation": {
						"0.0": [-5, -12.5, 0],
						"0.28": [-32.5, -12.5, 0],
						"1.88": [-20, -12.5, 0]
					}
				},
				"bone35": {
					"rotation": {
						"0.0": [0, 15, 0],
						"0.28": [-35, 15, 0],
						"1.88": [-7.5, 15, 0]
					}
				},
				"bone9": {
					"rotation": {
						"0.0": [-10, 0, 0],
						"0.28": [5, 0, 12.5],
						"1.2": [-10, 0, -10]
					}
				},
				"bone10": {
					"rotation": {
						"0.0": [-15, 0, 0],
						"0.28": [-7.5, -2.5, 25],
						"1.48": [-15, -2.5, -15]
					}
				},
				"bone11": {
					"rotation": {
						"0.0": [-20, 0, 0],
						"0.28": [-20, -15, 15],
						"1.48": [-20, 2.5, 15]
					}
				},
				"bone13": {
					"rotation": {
						"0.0": [0, 0, 0],
						"0.28": [0, -22.5, 0],
						"1.64": [0, 5, 0]
					}
				},
				"bone14": {
					"rotation": {
						"0.0": [2.5, 0, 0],
						"0.28": [2.5, -12.5, 0],
						"1.76": [2.5, 5, 0]
					}
				},
				"bone16": {
					"rotation": {
						"0.0": [2.5, 0, 0],
						"0.28": [2.5, -10, 0],
						"1.88": [2.5, 7.5, 0]
					}
				},
				"bone17": {
					"rotation": {
						"0.0": [2.5, 0, 0],
						"0.28": [2.5, -20, 0],
						"1.88": [2.5, 5, 0]
					}
				},
				"bone18": {
					"rotation": {
						"0.0": [0, 0, 0],
						"0.28": [0, -22.5, 0],
						"1.88": [0, 2.5, 0]
					}
				},
				"bone19": {
					"rotation": [-45, 0, 0]
				},
				"bone20": {
					"rotation": [5, 0, 0]
				},
				"bone4": {
					"rotation": [-40, 0, 0]
				},
				"Rott": {
					"rotation": {
						"0.0": [0, 0, 0],
						"0.72": [-9.96271, 0.86717, 4.92442],
						"1.68": [3.11558, 1.34131, -4.73098],
						"2.08": [0, 0, 0]
					},
					"position": {
						"0.72": [0, 0, 0],
						"1.68": [0, -5, 0],
						"2.08": [0, 0, 0]
					}
				},
				"body": {
					"rotation": {
						"0.0": [0, 0, 0],
						"0.72": [12.5, 0, 0],
						"1.68": [6.17647, 0, 0],
						"2.08": [0, 0, 0]
					}
				},
				"body2": {
					"rotation": {
						"0.0": [0, 0, 0],
						"0.72": [13.60984, -1.38588, 6.00461],
						"1.68": [19.0029, -0.40761, 1.76606],
						"2.08": [0, 0, 0]
					}
				},
				"Rightleg": {
					"rotation": {
						"0.0": [0, 0, 0],
						"0.72": [15, 0, 0],
						"1.68": [11.91, 0, 0],
						"2.08": [0, 0, 0]
					}
				},
				"Rightleg2": {
					"rotation": {
						"0.0": [0, 0, 0],
						"0.72": [2.5, 0, 0],
						"1.68": [13.16, 0, 0],
						"2.08": [0, 0, 0]
					}
				},
				"Leftleg": {
					"rotation": {
						"0.0": [0, 0, 0],
						"0.72": [-57.49267, -1.14656, 0.58064],
						"1.68": [-21.82213, -1.27084, 0.26867],
						"2.08": [0, 0, 0]
					}
				},
				"Leftleg2": {
					"rotation": {
						"0.0": [0, 0, 0],
						"0.72": [57.2822, -0.1709, 5.13101],
						"2.08": [0, 0, 0]
					}
				}
			}
		},
		"animation.titanspeakerman.roaring": {
			"loop": true,
			"animation_length": 4.52,
			"bones": {
				"bone2": {
					"rotation": {
						"0.0": [5, 0, 0],
						"0.68": [-8.43, 0, 0],
						"1.28": [6.03, 0, 0],
						"3.88": [13.61, 0, 0],
						"4.52": [0, 0, 0]
					}
				},
				"neck1": {
					"rotation": {
						"0.0": [2.5, 0, 0],
						"0.68": [4.62, 12.5, 0],
						"1.32": [-14.9, 0, 0],
						"3.16": [-13.52, 7.5, 0],
						"3.88": [-12.98, 0, 0],
						"4.52": [0, 0, 0]
					}
				},
				"neck2": {
					"rotation": {
						"0.0": [5, 0, 0],
						"0.68": [11.75, 0, 0],
						"1.72": [-14.87, 0, 0],
						"2.6": [-18.28, 5, 0],
						"3.88": [-23.4, 0, 0],
						"4.52": [0, 0, 0]
					}
				},
				"head": {
					"rotation": {
						"0.0": [0, 0, 0],
						"0.48": [-10, 0, 0],
						"0.72": [-9.91615, 1.29876, 7.38733],
						"0.96": [-9.9807, -0.52641, -2.98969],
						"1.2": [-9.85386, 1.67539, 9.55342],
						"1.44": [-9.87348, -1.48672, -8.48171],
						"1.68": [-9.94352, 0.80893, 4.60209],
						"1.92": [-9.87324, -1.4318, -8.17107],
						"2.16": [-9.81582, 1.74428, 9.97695],
						"2.4": [-9.89943, -1.05908, -6.04707],
						"2.64": [-9.87702, 1.24865, 7.13016],
						"2.88": [-9.83226, -1.54368, -8.83531],
						"3.12": [-9.78406, 1.77397, 10.17331],
						"3.36": [-9.70472, -2.09774, -12.0774],
						"3.6": [-9.4847, 2.85542, 16.59153],
						"3.84": [-9.82044, -0.70413, -4.02206],
						"4.08": [-10, 0, 0],
						"4.52": [0, 0, 0]
					}
				},
				"bone7": {
					"rotation": {
						"0.0": [0, 0, 0],
						"0.68": [27.5, 0, 0],
						"1.04": [69.92, 0, 0],
						"2.2": [53.07, 0, 0],
						"2.6": [61.05, 0, 0],
						"3.4": [53.79, 0, 0],
						"3.88": [65.36, 0, 0],
						"4.52": [0, 0, 0]
					}
				},
				"bone3": {
					"rotation": {
						"0.0": [-20, 0, 0],
						"0.64": [10.51, 0, -2.5],
						"1.04": [-61.96, 15, 0],
						"3.88": [-47.66, 0.14, 0],
						"4.52": [0, 0, 0]
					}
				},
				"bone29": {
					"rotation": {
						"0.0": [22.5, 0, 0],
						"0.68": [-15.88, 0, 0],
						"1.04": [0.92, 0, 0],
						"3.88": [40.17, 0, 20],
						"4.52": [0, 0, 0]
					}
				},
				"bone35": {
					"rotation": {
						"0.0": [-15, 0, 0],
						"0.68": [-2.74, 0, 20],
						"1.04": [-53.11, 0, 0],
						"3.88": [-78.39, -15.14, 0],
						"4.52": [0, 0, 0]
					}
				},
				"bone36": {
					"rotation": {
						"0.0": [17.5, 0, 0],
						"0.68": [-0.13, 0, 0],
						"1.04": [2.69, 0, -15],
						"3.88": [35.49, 0, -10],
						"4.52": [0, 0, 0]
					}
				},
				"bone9": {
					"rotation": {
						"0.0": [-5, 0, 0],
						"0.68": [-9.25, 0, 0],
						"1.04": [-12.43, 0, 0],
						"3.88": [-7.79, 0, 0],
						"4.52": [0, 0, 0]
					}
				},
				"bone10": {
					"rotation": {
						"0.0": [-15, 0, 0],
						"0.68": [-12.74, 0, 0],
						"1.04": [-28.92, 0, 0],
						"3.88": [-35.46, 0, 0],
						"4.52": [0, 0, 0]
					}
				},
				"bone11": {
					"rotation": {
						"1.04": [-5, 0, 0],
						"3.88": [-2.5, 0, 0],
						"4.52": [0, 0, 0]
					}
				},
				"bone19": {
					"rotation": {
						"0.0": [-17.5, 0, 0],
						"0.68": [-32.37, 0, 0],
						"1.04": [-34.41, 0, 0],
						"3.88": [-18.83, 0, 0],
						"4.52": [0, 0, 0]
					}
				},
				"bone20": {
					"rotation": {
						"0.0": [-5, 0, 0],
						"0.68": [5, 0, 0],
						"1.04": [9.53, 0, 0],
						"3.88": [-5.75, 0, 0],
						"4.52": [0, 0, 0]
					}
				},
				"bone21": {
					"rotation": {
						"0.0": [5, 0, 0],
						"0.68": [7.5, 0, 0],
						"1.04": [-17.27, 0, 0],
						"3.88": [-15.68, 0, 0],
						"4.52": [0, 0, 0]
					}
				},
				"bone4": {
					"rotation": {
						"0.0": [-15, 0, 0],
						"0.68": [-14.87, 0, 0],
						"1.04": [-71.37, 0, 0],
						"3.88": [-68.13, 0, 0],
						"4.52": [0, 0, 0]
					},
					"position": {
						"0.0": [0, 0, 0],
						"0.68": [0, 1, 0],
						"1.04": [0, 5.44, -5],
						"4.52": [0, 0, 0]
					}
				},
				"bone5": {
					"rotation": {
						"0.0": [-7.5, 0, 0],
						"0.68": [-1.37, 0, 0],
						"1.04": [26.18, 0, 0],
						"3.88": [24.81, 0, 0],
						"4.52": [0, 0, 0]
					}
				},
				"bone6": {
					"rotation": {
						"0.0": [5, 0, 0],
						"0.68": [-2.5, 0, 0],
						"1.04": [-2.27, 0, 0],
						"4.52": [0, 0, 0]
					}
				},
				"Rott": {
					"rotation": {
						"0.0": [0, 0, 0],
						"0.48": [11.47, 0, 0],
						"4.08": [12.5, 0, 0],
						"4.52": [0, 0, 0]
					},
					"position": {
						"0.0": [0, 0, 0],
						"0.48": [0, -7, 0],
						"4.08": [0, -7, 0],
						"4.52": [0, 0, 0]
					}
				},
				"Rightarm": {
					"rotation": {
						"0.0": [0, 0, 0],
						"0.48": [7.41647, 0.86009, -4.92622],
						"4.08": [7.41647, 0.86009, -4.92622],
						"4.52": [0, 0, 0]
					}
				},
				"Leftarm": {
					"rotation": {
						"0.0": [0, 0, 0],
						"0.48": [12.30951, -1.92418, 7.25181],
						"4.08": [12.30951, -1.92418, 7.25181],
						"4.52": [0, 0, 0]
					}
				},
				"Rightleg": {
					"rotation": {
						"0.0": [0, 0, 0],
						"0.48": [-49.84126, -7.04533, -2.57816],
						"4.08": [-49.84126, -7.04533, -2.57816],
						"4.52": [0, 0, 0]
					}
				},
				"Rightleg2": {
					"rotation": {
						"0.0": [0, 0, 0],
						"0.48": [40, 0, 0],
						"4.08": [38.27, 0, 0],
						"4.52": [0, 0, 0]
					}
				},
				"Leftleg": {
					"rotation": {
						"0.0": [0, 0, 0],
						"0.48": [-54.77926, 9.65594, 2.61298],
						"4.08": [-54.77926, 9.65594, 2.61298],
						"4.52": [0, 0, 0]
					}
				},
				"Leftleg2": {
					"rotation": {
						"0.0": [0, 0, 0],
						"0.48": [45, 0, 0],
						"4.08": [45, 0, 0],
						"4.52": [0, 0, 0]
					}
				}
			}
		},
		"animation.titanspeakerman.roaring2": {
			"loop": true,
			"animation_length": 4.52,
			"bones": {
				"bone2": {
					"rotation": {
						"0.0": [5, 0, 0],
						"0.68": [-8.43, 0, 0],
						"1.28": [6.03, 0, 0],
						"3.88": [13.61, 0, 0],
						"4.52": [0, 0, 0]
					}
				},
				"neck1": {
					"rotation": {
						"0.0": [2.5, 0, 0],
						"0.68": [4.62, 12.5, 0],
						"1.32": [-14.9, 0, 0],
						"3.16": [-13.52, 7.5, 0],
						"3.88": [-12.98, 0, 0],
						"4.52": [0, 0, 0]
					}
				},
				"neck2": {
					"rotation": {
						"0.0": [5, 0, 0],
						"0.68": [11.75, 0, 0],
						"1.72": [-14.87, 0, 0],
						"2.6": [-18.28, 5, 0],
						"3.88": [-23.4, 0, 0],
						"4.52": [0, 0, 0]
					}
				},
				"head": {
					"rotation": {
						"0.0": [0, 0, 0],
						"0.48": [-10, 0, 0],
						"0.72": [-9.91615, 1.29876, 7.38733],
						"0.96": [-9.9807, -0.52641, -2.98969],
						"1.2": [-9.85386, 1.67539, 9.55342],
						"1.44": [-9.87348, -1.48672, -8.48171],
						"1.68": [-9.94352, 0.80893, 4.60209],
						"1.92": [-9.87324, -1.4318, -8.17107],
						"2.16": [-9.81582, 1.74428, 9.97695],
						"2.4": [-9.89943, -1.05908, -6.04707],
						"2.64": [-9.87702, 1.24865, 7.13016],
						"2.88": [-9.83226, -1.54368, -8.83531],
						"3.12": [-9.78406, 1.77397, 10.17331],
						"3.36": [-9.70472, -2.09774, -12.0774],
						"3.6": [-9.4847, 2.85542, 16.59153],
						"3.84": [-9.82044, -0.70413, -4.02206],
						"4.08": [-10, 0, 0],
						"4.52": [0, 0, 0]
					}
				},
				"bone7": {
					"rotation": {
						"0.0": [0, 0, 0],
						"0.68": [27.5, 0, 0],
						"1.04": [69.92, 0, 0],
						"2.2": [53.07, 0, 0],
						"2.6": [61.05, 0, 0],
						"3.4": [53.79, 0, 0],
						"3.88": [65.36, 0, 0],
						"4.52": [0, 0, 0]
					}
				},
				"bone3": {
					"rotation": {
						"0.0": [-20, 0, 0],
						"0.64": [10.51, 0, -2.5],
						"1.04": [-61.96, 15, 0],
						"3.88": [-47.66, 0.14, 0],
						"4.52": [0, 0, 0]
					}
				},
				"bone29": {
					"rotation": {
						"0.0": [22.5, 0, 0],
						"0.68": [-15.88, 0, 0],
						"1.04": [0.92, 0, 0],
						"3.88": [40.17, 0, 20],
						"4.52": [0, 0, 0]
					}
				},
				"bone35": {
					"rotation": {
						"0.0": [-15, 0, 0],
						"0.68": [-2.74, 0, 20],
						"1.04": [-53.11, 0, 0],
						"3.88": [-78.39, -15.14, 0],
						"4.52": [0, 0, 0]
					}
				},
				"bone36": {
					"rotation": {
						"0.0": [17.5, 0, 0],
						"0.68": [-0.13, 0, 0],
						"1.04": [2.69, 0, -15],
						"3.88": [35.49, 0, -10],
						"4.52": [0, 0, 0]
					}
				},
				"bone9": {
					"rotation": {
						"0.0": [-5, 0, 0],
						"0.68": [-9.25, 0, 0],
						"1.04": [-12.43, 0, 0],
						"3.88": [-7.79, 0, 0],
						"4.52": [0, 0, 0]
					}
				},
				"bone10": {
					"rotation": {
						"0.0": [-15, 0, 0],
						"0.68": [-12.74, 0, 0],
						"1.04": [-28.92, 0, 0],
						"3.88": [-35.46, 0, 0],
						"4.52": [0, 0, 0]
					}
				},
				"bone11": {
					"rotation": {
						"1.04": [-5, 0, 0],
						"3.88": [-2.5, 0, 0],
						"4.52": [0, 0, 0]
					}
				},
				"bone19": {
					"rotation": {
						"0.0": [-17.5, 0, 0],
						"0.68": [-32.37, 0, 0],
						"1.04": [-34.41, 0, 0],
						"3.88": [-18.83, 0, 0],
						"4.52": [0, 0, 0]
					}
				},
				"bone20": {
					"rotation": {
						"0.0": [-5, 0, 0],
						"0.68": [5, 0, 0],
						"1.04": [9.53, 0, 0],
						"3.88": [-5.75, 0, 0],
						"4.52": [0, 0, 0]
					}
				},
				"bone21": {
					"rotation": {
						"0.0": [5, 0, 0],
						"0.68": [7.5, 0, 0],
						"1.04": [-17.27, 0, 0],
						"3.88": [-15.68, 0, 0],
						"4.52": [0, 0, 0]
					}
				},
				"bone4": {
					"rotation": {
						"0.0": [-15, 0, 0],
						"0.68": [-14.87, 0, 0],
						"1.04": [-71.37, 0, 0],
						"3.88": [-68.13, 0, 0],
						"4.52": [0, 0, 0]
					},
					"position": {
						"0.0": [0, 0, 0],
						"0.68": [0, 1, 0],
						"1.04": [0, 5.44, -5],
						"4.52": [0, 0, 0]
					}
				},
				"bone5": {
					"rotation": {
						"0.0": [-7.5, 0, 0],
						"0.68": [-1.37, 0, 0],
						"1.04": [26.18, 0, 0],
						"3.88": [24.81, 0, 0],
						"4.52": [0, 0, 0]
					}
				},
				"bone6": {
					"rotation": {
						"0.0": [5, 0, 0],
						"0.68": [-2.5, 0, 0],
						"1.04": [-2.27, 0, 0],
						"4.52": [0, 0, 0]
					}
				},
				"Rott": {
					"rotation": {
						"0.0": [0, 0, 0],
						"0.48": [11.47, 0, 0],
						"4.08": [12.5, 0, 0],
						"4.52": [0, 0, 0]
					},
					"position": {
						"0.0": [0, 0, 0],
						"0.48": [0, -7, 0],
						"4.08": [0, -7, 0],
						"4.52": [0, 0, 0]
					}
				},
				"Rightarm": {
					"rotation": {
						"0.0": [0, 0, 0],
						"0.48": [7.41647, 0.86009, -4.92622],
						"4.08": [7.41647, 0.86009, -4.92622],
						"4.52": [0, 0, 0]
					}
				},
				"Leftarm": {
					"rotation": {
						"0.0": [0, 0, 0],
						"0.48": [12.30951, -1.92418, 7.25181],
						"4.08": [12.30951, -1.92418, 7.25181],
						"4.52": [0, 0, 0]
					}
				},
				"Rightleg": {
					"rotation": {
						"0.0": [0, 0, 0],
						"0.48": [-49.84126, -7.04533, -2.57816],
						"4.08": [-49.84126, -7.04533, -2.57816],
						"4.52": [0, 0, 0]
					}
				},
				"Rightleg2": {
					"rotation": {
						"0.0": [0, 0, 0],
						"0.48": [40, 0, 0],
						"4.08": [38.27, 0, 0],
						"4.52": [0, 0, 0]
					}
				},
				"Leftleg": {
					"rotation": {
						"0.0": [0, 0, 0],
						"0.48": [-54.77926, 9.65594, 2.61298],
						"4.08": [-54.77926, 9.65594, 2.61298],
						"4.52": [0, 0, 0]
					}
				},
				"Leftleg2": {
					"rotation": {
						"0.0": [0, 0, 0],
						"0.48": [45, 0, 0],
						"4.08": [45, 0, 0],
						"4.52": [0, 0, 0]
					}
				}
			}
		}
	}
}