{
	"format_version": "1.8.0",
	"animations": {
		"animation.speaker2.idle": {
			"loop": true,
			"animation_length": 8,
			"bones": {
				"bone3": {
					"rotation": {
						"0.0": [2.5, 0, 0],
						"4.0": [0, 0, 0],
						"8.0": [2.5, 0, 0]
					}
				},
				"bone4": {
					"rotation": {
						"0.0": [2.5, 0, 0],
						"4.0": [0, 0, 0],
						"8.0": [2.5, 0, 0]
					}
				},
				"bone35": {
					"rotation": {
						"0.0": [5, 0, 0],
						"4.0": [10, 0, 0],
						"8.0": [5, 0, 0]
					}
				},
				"bone56": {
					"rotation": {
						"0.0": [2.5, 0, 0],
						"4.0": [5, 0, 0],
						"8.0": [2.5, 0, 0]
					}
				},
				"body": {
					"rotation": {
						"0.0": [0, 0, 0],
						"3.9": [10, 0, 0],
						"8.0": [0, 0, 0]
					}
				},
				"body2": {
					"rotation": {
						"0.0": [0, 0, 0],
						"3.9": [5, 0, 0],
						"8.0": [0, 0, 0]
					}
				},
				"Rightarmt": {
					"rotation": {
						"0.0": [0, 0, 0],
						"3.9": [-12.5, 0, -7.5],
						"8.0": [0, 0, 0]
					}
				},
				"Leftarmt": {
					"rotation": {
						"0.0": [0, 0, 0],
						"3.9": [-14.99974, 1.08789, 4.88029],
						"8.0": [0, 0, 0]
					}
				},
				"bone5": {
					"rotation": {
						"0.0": [0, 0, 0],
						"4.0": [5, 0, 0],
						"8.0": [0, 0, 0]
					}
				}
			}
		},
		"animation.speaker2.roaring": {
			"loop": true,
			"animation_length": 4.52,
			"bones": {
				"bone": {
					"rotation": {
						"0.0": [17.5, 0, 0],
						"3.7917": [-7.5, 0, 0],
						"4.5": [0, 0, 0]
					}
				},
				"bone2": {
					"rotation": {
						"0.0": [0, 0, 0],
						"0.5833": [-5, 0, 10],
						"1.2083": [17.98, 0, -0.96],
						"3.7917": [17.98, 0, -0.96],
						"4.5": [0, 0, 0]
					}
				},
				"bone3": {
					"rotation": {
						"0.0": [0, 0, 0],
						"0.5833": [-12.5, 0, 0],
						"0.9583": [-18.8, 0, 0],
						"3.7917": [-18.76, 0, 0],
						"4.5": [0, 0, 0]
					}
				},
				"bone4": {
					"rotation": {
						"0.0": [17.5, 0, 0],
						"4.5": [0, 0, 0]
					}
				},
				"bone5": {
					"rotation": {
						"0.0": [0, 0, 0],
						"0.5833": [30, 0, 0],
						"0.9583": [39.63, 0, 0],
						"3.125": [35.24, 0, 0],
						"3.7917": [40.43, 0, 0],
						"4.5": [0, 0, 0]
					}
				},
				"bone23": {
					"rotation": {
						"0.0": [0, 0, 0],
						"0.5833": [15, 0, -10],
						"1.2083": [31.06, 0, 0],
						"3.7917": [31.06, 0, 0],
						"4.5": [0, 0, 0]
					}
				},
				"bone24": {
					"rotation": {
						"0.0": [0, 0, 0],
						"1.2083": [-45, 0, 0],
						"3.7917": [-45, 0, 0],
						"4.5": [0, 0, 0]
					}
				},
				"bone25": {
					"rotation": {
						"0.0": [0, 0, 0],
						"4.5": [0, 0, 0]
					}
				},
				"bone44": {
					"rotation": {
						"0.0": [0, 0, 0],
						"0.5833": [-37.5, 0, 47.5],
						"0.9583": [-32.35, 0, 34],
						"1.2083": [-28.91, 0, 0],
						"3.7917": [-28.91, 0, 0],
						"4.5": [0, 0, 0]
					}
				},
				"bone45": {
					"rotation": {
						"0.0": [0, 0, 0],
						"0.5833": [0, 0, -47.5],
						"0.9583": [-24, 0, -32.78],
						"1.2083": [22.5, 0, -2.13],
						"3.7917": [22.5, 0, -2.13],
						"4.5": [0, 0, 0]
					}
				},
				"bone46": {
					"rotation": {
						"0.0": [0, 0, 0],
						"4.5": [0, 0, 0]
					}
				},
				"bone39": {
					"rotation": {
						"0.0": [0, 0, 0],
						"0.5833": [2.5, 0, 0],
						"3.7917": [2.5, 0, 0],
						"4.5": [0, 0, 0]
					}
				},
				"bone41": {
					"rotation": {
						"0.0": [0, 0, 0],
						"0.5833": [12.5, 0, 0],
						"3.7917": [12.26, 0, 0],
						"4.5": [0, 0, 0]
					}
				},
				"bone42": {
					"rotation": {
						"0.0": [0, 0, 0],
						"0.5833": [-7.5, 0, 0],
						"3.7917": [-8.86, 0, 0],
						"4.5": [0, 0, 0]
					}
				},
				"bone43": {
					"rotation": {
						"0.0": [0, 0, 0],
						"4.5": [0, 0, 0]
					}
				},
				"bone60": {
					"rotation": {
						"0.0": [0, 0, 0],
						"0.5833": [5, 0, 0],
						"3.7917": [5, 0, 0],
						"4.5": [0, 0, 0]
					}
				},
				"bone62": {
					"rotation": {
						"0.0": [0, 0, 0],
						"0.5833": [7.5, 0, 0],
						"3.7917": [8.86, 0, 0],
						"4.5": [0, 0, 0]
					}
				},
				"bone63": {
					"rotation": {
						"0.0": [0, 0, 0],
						"0.5833": [-7.5, 0, 0],
						"3.7917": [-8.86, 0, 0],
						"4.5": [0, 0, 0]
					}
				},
				"bone64": {
					"rotation": {
						"0.0": [0, 0, 0],
						"4.5": [0, 0, 0]
					}
				},
				"Rott": {
					"rotation": {
						"0.0": [10, 0, 0],
						"4.5": [0, 0, 0]
					},
					"position": {
						"0.0": [0, -4, 0],
						"4.5": [0, 0, 0]
					}
				},
				"body": {
					"rotation": {
						"0.0": [12.5, 0, 0],
						"4.5": [0, 0, 0]
					}
				},
				"body2": {
					"rotation": {
						"0.0": [7.5, 0, 0],
						"4.5": [0, 0, 0]
					}
				},
				"head": {
					"rotation": {
						"0.0": [-17.5, 0, 0],
						"0.25": [-16.52566, -5.17307, -11.38321],
						"0.5": [-15.01261, 3.05169, 7.67377],
						"0.75": [-14.35364, -6.65358, -15.95289],
						"1.0": [-13.22239, 1.99782, 6.07884],
						"1.25": [-7.9308, -7.76509, -11.39657],
						"1.5": [-7.91823, -1.09978, 11.1647],
						"1.75": [-3.32648, -10.04144, -4.34386],
						"2.0": [-5.34723, 1.59362, 19.94763],
						"2.25": [-4.94157, -5.02103, -8.48187],
						"2.5": [-3.75011, 1.11335, 17.47485],
						"2.75": [-3.3656, -4.17974, -8.47368],
						"3.0": [-2.18034, 0.46078, 14.0899],
						"3.25": [-1.72738, -3.46449, -8.38669],
						"3.5": [-0.53841, -0.02054, 11.36755],
						"3.75": [-0.03574, -2.4113, -5.29833],
						"4.0": [-1.21944, -0.03649, 3.45068],
						"4.25": [-0.10498, 1.34109, 10.84298],
						"4.5": [0, 0, 0]
					}
				},
				"Rightleg": {
					"rotation": {
						"0.0": [7.46733, -0.47043, -1.30637],
						"4.5": [0, 0, 0]
					}
				},
				"Leftleg": {
					"rotation": {
						"0.0": [-27.5, 0, 0],
						"4.5": [0, 0, 0]
					}
				}
			},
			"sound_effects": {
				"0.9583": {
					"effect": "stomp"
				}
			}
		},
		"animation.speaker2.spawned": {
			"loop": true,
			"animation_length": 4.52,
			"bones": {
				"bone2": {
					"rotation": {
						"0.0": [15, 0, 0],
						"1.56": [4.82, -15, -5],
						"4.52": [0, 0, 0]
					}
				},
				"neck1": {
					"rotation": {
						"0.0": [10, 0, 0],
						"1.56": [-3.45, -12.5, 5],
						"2.32": [-2.56, 8.21, 3.72],
						"4.52": [0, 0, 0]
					}
				},
				"neck2": {
					"rotation": {
						"0.0": [7.5, 0, 0],
						"1.56": [2.41, 10, 10],
						"2.8": [1.4, 23.31, -9.19],
						"4.52": [0, 0, 0]
					}
				},
				"head": {
					"rotation": {
						"0.0": [0, 0, 0],
						"1.8": [42.5, 0, 0],
						"3.36": [0, 0, 0]
					}
				},
				"bone3": {
					"rotation": {
						"0.0": [-35, 0, 0],
						"4.52": [0, 0, 0]
					}
				},
				"bone29": {
					"rotation": [0, 0, 0]
				},
				"bone35": {
					"rotation": {
						"0.0": [-32.5, 0, 0],
						"1.56": [-23.78, -22.5, 0],
						"4.52": [0, 0, 0]
					}
				},
				"bone36": {
					"rotation": {
						"1.56": [0, 0, 0],
						"4.52": [0, 0, 0]
					}
				},
				"bone9": {
					"rotation": {
						"0.0": [0, -10, 12.5],
						"4.52": [0, 0, 0]
					}
				},
				"bone10": {
					"rotation": {
						"0.0": [-20, -12.5, 20],
						"4.52": [0, 0, 0]
					}
				},
				"bone11": {
					"rotation": {
						"0.0": [-27.5, -20, 22.5],
						"4.52": [0, 0, 0]
					}
				},
				"bone13": {
					"rotation": {
						"0.0": [-5, -32.5, 2.5],
						"4.52": [0, 0, 0]
					}
				},
				"bone14": {
					"rotation": {
						"0.0": [0, -47.5, 0],
						"4.52": [0, 0, 0]
					}
				},
				"bone16": {
					"rotation": {
						"0.0": [0, -30, 0],
						"4.52": [0, 0, 0]
					}
				},
				"bone17": {
					"rotation": {
						"0.0": [0, -15, 0],
						"4.52": [0, 0, 0]
					}
				},
				"bone18": {
					"rotation": {
						"0.0": [0, -20, 0],
						"4.52": [0, 0, 0]
					}
				},
				"bone19": {
					"rotation": {
						"0.0": [-55, 0, 0],
						"4.52": [0, 0, 0]
					}
				},
				"bone20": {
					"rotation": {
						"0.0": [47.5, 0, 0],
						"4.52": [0, 0, 0]
					}
				},
				"bone21": {
					"rotation": {
						"0.0": [-25, 0, 0],
						"4.52": [0, 0, 0]
					}
				},
				"bone4": {
					"rotation": {
						"0.0": [-60, 30, -27.5],
						"1.92": [29.58126, 12.65465, 5.81765],
						"4.52": [0, 0, 0]
					}
				},
				"bone5": {
					"rotation": {
						"0.0": [35, 0, 17.5],
						"4.52": [0, 0, 0]
					}
				},
				"bone6": {
					"rotation": {
						"0.0": [-12.5, -15, -20],
						"1.56": [-7.95, -9.82, -13.09],
						"4.52": [0, 0, 0]
					}
				},
				"Rott": {
					"rotation": {
						"0.0": [-89.99998, -87.5, 179.99998],
						"0.64": [51.92197, -70.10424, 34.60599],
						"1.2": [73.24878, 4.36342, 0.8274],
						"1.92": [-27.96952, 2.72714, 0.51712],
						"3.12": [0, 0, 0]
					},
					"position": {
						"0.0": [-997, 227, 963],
						"0.64": [-334.67, 442, 957.67],
						"1.2": [-3.5, 164, 955],
						"1.92": [-2, 101, -49],
						"3.12": [-2, -1, -12]
					}
				},
				"body2": {
					"rotation": {
						"0.0": [0, 0, 0],
						"1.6": [10, 0, 0],
						"3.36": [0, 0, 0]
					}
				},
				"Rightarm": {
					"rotation": {
						"0.0": [0, 0, 0],
						"1.6": [-15.2746, 8.04557, -25.91477],
						"3.36": [0, 0, 0]
					}
				},
				"Rightarm2": {
					"rotation": {
						"0.0": [0, 0, 0],
						"1.6": [-15, 0, 0],
						"3.36": [0, 0, 0]
					}
				},
				"Leftarm": {
					"rotation": {
						"0.0": [0, 0, 0],
						"1.6": [-3.68899, -21.25026, 39.61289],
						"3.36": [0, 0, 0]
					}
				},
				"Leftarm2": {
					"rotation": {
						"0.0": [0, 0, 0],
						"1.6": [-17.5, 0, 0],
						"3.36": [0, 0, 0]
					}
				},
				"Rightleg": {
					"rotation": {
						"0.0": [0, 0, 0],
						"1.92": [10, 0, 0],
						"3.36": [0, 0, 0],
						"4.52": [0, 0, 0]
					}
				},
				"Rightleg2": {
					"rotation": {
						"0.0": [0, 0, 0],
						"1.6": [37.5, 0, 0],
						"3.36": [0, 0, 0]
					}
				},
				"Leftleg": {
					"rotation": {
						"0.0": [0, 0, 0],
						"1.92": [-10, 0, 0],
						"3.36": [0, 0, 0],
						"4.52": [0, 0, 0]
					}
				},
				"Leftleg2": {
					"rotation": {
						"0.0": [0, 0, 0],
						"1.6": [10, 0, 0],
						"3.36": [0, 0, 0]
					}
				},
				"bone": {
					"rotation": {
						"0.0": [0, 0, 0],
						"1.92": [50, 0, 0],
						"4.52": [0, 0, 0]
					}
				}
			}
		},
		"animation.speaker2.move": {
			"loop": true,
			"animation_length": 1.6,
			"bones": {
				"bone2": {
					"rotation": {
						"0.0": [0, -2.5, 0],
						"0.8": [0, 5, 0],
						"1.6": [0, -2.5, 0]
					}
				},
				"bone9": {
					"rotation": {
						"0.0": [0, 2.5, 0],
						"0.8": [0, -2.5, 0],
						"1.6": [0, 2.5, 0]
					}
				},
				"bone10": {
					"rotation": {
						"0.8": [0, -5, 0],
						"1.6": [0, 0, 0]
					}
				},
				"bone11": {
					"rotation": {
						"0.0": [0, 2.5, 0],
						"0.8": [0, -2.5, 0],
						"1.6": [0, 2.5, 0]
					}
				},
				"bone13": {
					"rotation": {
						"0.0": [0, 2.5, 0],
						"0.8": [0, -2.5, 0],
						"1.6": [0, 2.5, 0]
					}
				},
				"bone14": {
					"rotation": {
						"0.0": [0, 2.5, 0],
						"0.8": [0, -2.5, 0],
						"1.6": [0, 2.5, 0]
					}
				},
				"bone16": {
					"rotation": {
						"0.0": [0, 2.5, 0],
						"0.8": [0, -2.5, 0],
						"1.6": [0, 2.5, 0]
					}
				},
				"bone17": {
					"rotation": {
						"0.0": [0, 2.5, 0],
						"0.8": [0, -2.5, 0],
						"1.6": [0, 2.5, 0]
					}
				},
				"bone18": {
					"rotation": {
						"0.0": [0, 2.5, 0],
						"0.8": [0, -2.5, 0],
						"1.6": [0, 2.5, 0]
					}
				},
				"bone19": {
					"rotation": {
						"0.0": [-12.5, 0, 0],
						"0.8": [15, 0, 0],
						"1.6": [-12.5, 0, 0]
					},
					"position": {
						"0.0": [0, 0, 0],
						"0.8": [0, 0, 0],
						"1.2": [0, 7, 0],
						"1.6": [0, 0, 0]
					}
				},
				"bone4": {
					"rotation": {
						"0.0": [12.5, 0, 0],
						"0.9": [5, 0, 0],
						"1.6": [12.5, 0, 0]
					}
				},
				"body": {
					"rotation": {
						"0.0": [0.43897, -7.48085, -5.03822],
						"0.9": [0, 10, 0],
						"1.6": [0.43897, -7.48085, -5.03822]
					}
				},
				"body2": {
					"rotation": {
						"0.0": [5.019, -4.98093, -0.43688],
						"0.9": [5.43389, 4.52566, 5.43162],
						"1.6": [5.02, -4.98, -0.44]
					}
				},
				"Rightarm": {
					"rotation": {
						"0.0": [7.4411, -0.81388, 0.48556],
						"0.9": [-10.05952, -0.8117, 0.48806],
						"1.6": [7.44, -0.81, 0.49]
					}
				},
				"Leftarm": {
					"rotation": {
						"0.0": [-12.26507, -0.8968, -2.04159],
						"0.9": [-2.26784, -0.8986, -2.0407],
						"1.6": [-12.27, -0.9, -2.04]
					}
				},
				"Rightleg": {
					"rotation": {
						"0.0": [-17.5, 0, 0],
						"0.9": [22.5, 0, 0],
						"1.6": [-17.5, 0, 0]
					},
					"position": {
						"0.0": [0, 2, -3],
						"0.9": [0, -2, 1],
						"1.2": [0, 1.71, 2.29],
						"1.6": [0, 2, -3]
					}
				},
				"Rightleg2": {
					"rotation": {
						"0.0": [12.5, 0, 0],
						"0.9": [0, 0, 0],
						"1.6": [12.5, 0, 0]
					}
				},
				"Leftleg": {
					"rotation": {
						"0.0": [15, 0, 0],
						"0.9": [-20, 0, 0],
						"1.6": [15, 0, 0]
					},
					"position": {
						"0.0": [0, -2, 2],
						"0.4": [0, 0.42, 4.27],
						"0.9": [0, 1.56, -1.12],
						"1.6": [0, -2, 2]
					}
				},
				"Leftleg2": {
					"rotation": {
						"0.0": [0, 0, 0],
						"0.9": [7.5, 0, 0],
						"1.6": [0, 0, 0]
					}
				},
				"bone": {
					"rotation": {
						"0.0": [5, 0, 0],
						"0.9": [12.5, 0, 0],
						"1.6": [5, 0, 0]
					}
				}
			}
		},
		"animation.speaker2.atomic": {
			"loop": "hold_on_last_frame",
			"animation_length": 12,
			"bones": {
				"neck1": {
					"rotation": {
						"0.0": [0, 0, 0],
						"0.52": [5, 0, 0],
						"0.84": [0, 0, 0]
					}
				},
				"neck2": {
					"rotation": {
						"0.0": [0, 0, 0],
						"0.52": [12.5, 0, 0],
						"0.84": [-7.5, 0, 0]
					}
				},
				"head": {
					"rotation": {
						"0.0": [0, 0, 0],
						"11.52": [12.79362, -12.19908, -2.74715],
						"12.0": [0, 0, 0]
					}
				},
				"bone7": {
					"rotation": {
						"0.0": [0, 0, 0],
						"0.28": [70, 0, 0]
					}
				},
				"bone29": {
					"rotation": {
						"0.0": [0, 0, 0],
						"0.52": [-22.5, 2.5, 0],
						"0.84": [12.5, -30, 0]
					}
				},
				"bone35": {
					"rotation": {
						"0.0": [0, 0, 0],
						"0.52": [-25, 0, 37.5],
						"0.84": [0, 15, 22.5]
					}
				},
				"bone36": {
					"rotation": {
						"0.0": [0, 0, 0],
						"0.52": [-45, 0, 0],
						"0.84": [15, 20, 0]
					}
				},
				"bone9": {
					"rotation": {
						"0.0": [0, 0, 0],
						"0.52": [10, 0, 0],
						"0.84": [-3.82, 0, 0],
						"1.28": [-5, 0, 0]
					}
				},
				"bone10": {
					"rotation": {
						"0.72": [0, 0, 0],
						"0.8": [-17.5, 0, 0]
					},
					"position": {
						"0.72": [0, 0, 0],
						"0.8": [0, -4, -2]
					},
					"scale": {
						"0.0": [1, 1, 1],
						"0.72": [1, 1, 1],
						"0.8": [1, 33.9, 1]
					}
				},
				"bone11": {
					"rotation": {
						"0.0": [0, 0, 0],
						"0.52": [-1.27, 0, 0],
						"0.84": [-17.18, 0, 0],
						"2.04": [-17.5, 0, 0]
					}
				},
				"bone13": {
					"rotation": {
						"0.0": [0, 0, 0],
						"0.52": [10, 0, 0],
						"0.84": [0, 0, 0],
						"2.6": [-2.5, 0, 0]
					}
				},
				"bone14": {
					"rotation": {
						"0.0": [0, 0, 0],
						"0.52": [12.5, 0, 0],
						"0.84": [5, 0, 0],
						"3.12": [2.5, 0, 0]
					}
				},
				"bone16": {
					"rotation": {
						"0.0": [0, 0, 0],
						"0.52": [10, 0, 0],
						"0.84": [0, 0, 0],
						"3.6": [0, 0, 0]
					}
				},
				"bone17": {
					"rotation": {
						"0.0": [0, 0, 0],
						"0.52": [0, 0, 0],
						"0.84": [7.5, 0, 0],
						"4.04": [0, 0, 0]
					}
				},
				"bone18": {
					"rotation": {
						"0.0": [0, 0, 0],
						"0.52": [5, 0, 0],
						"0.84": [2.5, 0, 0],
						"4.6": [0, 0, 0]
					}
				},
				"bone19": {
					"rotation": {
						"0.0": [0, 0, 0],
						"0.52": [12.5, 0, 0],
						"0.84": [-62.5, 0, 0]
					}
				},
				"bone20": {
					"rotation": {
						"0.0": [0, 0, 0],
						"0.84": [40, 0, 0]
					}
				},
				"bone21": {
					"rotation": {
						"0.0": [0, 0, 0],
						"0.84": [-10, 0, 0]
					}
				},
				"Rightarm": {
					"rotation": {
						"0.0": [0, 0, 0],
						"0.44": [0, 0, 0],
						"1.04": [-53.64516, 19.84968, -74.40901],
						"11.52": [-53.64516, 19.84968, -74.40901],
						"12.0": [0, 0, 0]
					}
				},
				"Leftarm": {
					"rotation": {
						"0.0": [0, 0, 0],
						"0.44": [0, 0, 0],
						"1.04": [12.5, 0, 0],
						"11.52": [12.5, 0, 0],
						"12.0": [0, 0, 0]
					}
				},
				"Leftarm2": {
					"rotation": {
						"0.0": [0, 0, 0],
						"0.44": [0, 0, 0],
						"1.04": [-22.5, 0, 0],
						"11.52": [-22.5, 0, 0],
						"12.0": [0, 0, 0]
					}
				},
				"Rightleg2": {
					"rotation": {
						"0.0": [0, 0, 0],
						"0.44": [12.5, 0, 0],
						"1.04": [52.5, 0, 0],
						"11.52": [52.5, 0, 0],
						"12.0": [0, 0, 0]
					}
				},
				"Leftleg2": {
					"rotation": {
						"0.0": [0, 0, 0],
						"0.44": [0, 0, 0],
						"1.04": [7.5, 0, 0],
						"11.52": [7.5, 0, 0],
						"12.0": [0, 0, 0]
					}
				},
				"Rightarmt": {
					"rotation": {
						"0.0": [0, 0, 0],
						"0.24": [4.93946, 0.31389, -0.65197],
						"0.72": [-72.36681, -4.8191, -48.63593]
					}
				},
				"Leftarmt": {
					"rotation": {
						"0.0": [0, 0, 0],
						"0.24": [7.5, 0, 0],
						"0.72": [-75.85819, 1.00426, 51.7577]
					}
				},
				"bone6": {
					"rotation": {
						"0.0": [0, 0, 0],
						"0.72": [0, 0, 0],
						"0.8": [-20, 0, 0]
					},
					"position": {
						"0.0": [0, 0, 0],
						"0.72": [0, 0, 0],
						"0.8": [1, -3, 0]
					},
					"scale": {
						"0.0": [1, 1, 1],
						"0.72": [1, 1, 1],
						"0.8": [1, 33.9, 1]
					}
				},
				"bone5": {
					"rotation": {
						"0.0": [0, 0, 0],
						"0.84": [5, 0, 0]
					}
				}
			}
		},
		"animation.speaker2.running": {
			"loop": true,
			"animation_length": 1.56,
			"bones": {
				"neck1": {
					"rotation": {
						"0.0": [5, -5, 0],
						"0.8": [5, 5, -7.5],
						"1.56": [5, -5, 0]
					}
				},
				"neck2": {
					"rotation": {
						"0.0": [-10, -5, 5],
						"0.8": [-10, 7.5, -5],
						"1.56": [-10, -5, 5]
					}
				},
				"bone7": {
					"rotation": {
						"0.0": [-90.34493, -1.7019, 16.35286],
						"0.04": [-89.77189, -1.72145, -2.65569],
						"0.08": [-88.68406, -1.07453, -45.68656],
						"0.12": [-88.66871, -1.11502, -45.16522],
						"0.16": [-88.3677, -0.59252, -65.16071],
						"0.2": [-88.27024, 0.15271, -90.14996],
						"0.24": [-89.1506, 1.45399, -144.90058],
						"0.28": [-88.77292, 1.22878, -130.13911],
						"0.32": [-89.47901, 1.65652, -157.64473],
						"0.36": [-90.45091, 1.67694, -190.15886],
						"0.4": [-91.2814, 1.17203, -222.66537],
						"0.44": [-91.71037, 0.30012, -255.15674],
						"0.48": [-91.65574, -0.52343, -282.6447],
						"0.52": [-90.86723, -1.50448, -325.14088],
						"0.56": [-89.19675, -1.53959, -382.66306],
						"0.6": [-90.34493, -1.7019, 16.35286],
						"0.64": [-89.77189, -1.72145, -2.65569],
						"0.68": [-88.68406, -1.07453, -45.68656],
						"0.72": [-88.66871, -1.11502, -45.16522],
						"0.76": [-88.3677, -0.59252, -65.16071],
						"0.8": [-88.27024, 0.15271, -90.14996],
						"0.84": [-89.1506, 1.45399, -144.90058],
						"0.88": [-88.77292, 1.22878, -130.13911],
						"0.92": [-89.47901, 1.65652, -157.64473],
						"0.96": [-90.45091, 1.67694, -190.15886],
						"1.0": [-90.34493, -1.7019, 16.35286],
						"1.04": [-89.77189, -1.72145, -2.65569],
						"1.08": [-88.68406, -1.07453, -45.68656],
						"1.12": [-88.66871, -1.11502, -45.16522],
						"1.16": [-88.3677, -0.59252, -65.16071],
						"1.2": [-88.27024, 0.15271, -90.14996],
						"1.24": [-89.1506, 1.45399, -144.90058],
						"1.28": [-88.77292, 1.22878, -130.13911],
						"1.32": [-89.47901, 1.65652, -157.64473],
						"1.36": [-90.45091, 1.67694, -190.15886],
						"1.4": [-91.2814, 1.17203, -222.66537],
						"1.44": [-91.71037, 0.30012, -255.15674],
						"1.48": [-91.65574, -0.52343, -282.6447],
						"1.52": [-90.86723, -1.50448, -325.14088],
						"1.56": [-89.19675, -1.53959, -382.66306]
					},
					"position": [15, 207, 24],
					"scale": [1, 4.7, 1]
				},
				"bone29": {
					"rotation": {
						"0.0": [0, 0, 0],
						"0.8": [-10, 0, 0],
						"1.56": [0, 0, 0]
					}
				},
				"bone35": {
					"rotation": {
						"0.0": [-27.5, 0, 0],
						"0.8": [-22.5, 0, 0],
						"1.56": [-27.5, 0, 0]
					}
				},
				"bone36": {
					"rotation": {
						"0.0": [-10, 0, 0],
						"0.8": [-2.5, 0, 0],
						"1.56": [-10, 0, 0]
					}
				},
				"bone9": {
					"rotation": {
						"0.0": [-5, 0, -2.5],
						"0.8": [-5, 0, 2.5],
						"1.56": [-5, 0, -2.5]
					}
				},
				"bone10": {
					"rotation": {
						"0.0": [-10, 0, -2.5],
						"0.8": [-10, 0, 2.5],
						"1.56": [-10, 0, -2.5]
					}
				},
				"bone11": {
					"rotation": {
						"0.0": [-15, 0, -2.5],
						"0.8": [-15, -5, -2.5],
						"1.56": [-15, 0, -2.5]
					}
				},
				"bone13": {
					"rotation": {
						"0.0": [0, 2.5, 0],
						"0.8": [0, -2.5, 0],
						"1.56": [0, 2.5, 0]
					}
				},
				"bone14": {
					"rotation": {
						"0.0": [2.5, 2.5, 0],
						"0.8": [2.5, -2.5, 0],
						"1.56": [2.5, 2.5, 0]
					}
				},
				"bone16": {
					"rotation": {
						"0.0": [2.5, 2.5, 0],
						"0.8": [2.5, -2.5, 0],
						"1.56": [2.5, 2.5, 0]
					}
				},
				"bone17": {
					"rotation": {
						"0.0": [0, 2.5, 0],
						"0.8": [0, -2.5, 0],
						"1.56": [0, 2.5, 0]
					}
				},
				"bone18": {
					"rotation": {
						"0.0": [0, 2.5, 0],
						"0.8": [0, -5, 0],
						"1.56": [0, 2.5, 0]
					}
				},
				"bone19": {
					"rotation": {
						"0.0": [0, 0, 0],
						"0.4": [-37.5, 0, 0],
						"0.8": [-40, 0, 0],
						"1.56": [0, 0, 0]
					},
					"position": {
						"0.0": [0, 0, 0],
						"0.4": [0, 9, 0],
						"0.8": [0, 0, 0],
						"1.56": [0, 0, 0]
					}
				},
				"bone20": {
					"rotation": {
						"0.0": [15, 0, 0],
						"1.56": [15, 0, 0]
					}
				},
				"Rightarm": {
					"rotation": {
						"0.0": [11.92076, -3.46791, 1.24516],
						"0.72": [-21.9254, -3.46791, 1.24516],
						"1.56": [14.42076, -3.46791, 1.24516]
					}
				},
				"Leftarm": {
					"rotation": {
						"0.0": [-17.5, 0, 0],
						"0.72": [5, 0, 0],
						"1.56": [-17.5, 0, 0]
					}
				},
				"Rightleg": {
					"rotation": [12.5, 0, 0]
				},
				"Rightleg2": {
					"rotation": {
						"0.0": [7.5, 0, 0],
						"0.72": [27.19083, 3.92636, -5.20738],
						"1.56": [7.5, 0, 0]
					}
				},
				"Leftleg": {
					"rotation": [15, 0, 0]
				},
				"Leftleg2": {
					"rotation": {
						"0.0": [27.5, 0, 0],
						"0.72": [7.5, 0, 0],
						"1.56": [27.5, 0, 0]
					}
				},
				"Rott": {
					"rotation": [76.0519, -5.19125, -2.97881]
				},
				"Rightarmt": {
					"rotation": [12.5, 0, 0]
				},
				"Leftarmt": {
					"rotation": [12.5, 0, 0]
				},
				"head": {
					"rotation": [-25, 0, 0]
				},
				"bone8": {
					"rotation": {
						"0.0": [-90.34493, -1.7019, 16.35286],
						"0.04": [-89.77189, -1.72145, -2.65569],
						"0.08": [-88.68406, -1.07453, -45.68656],
						"0.12": [-88.66871, -1.11502, -45.16522],
						"0.16": [-88.3677, -0.59252, -65.16071],
						"0.2": [-88.27024, 0.15271, -90.14996],
						"0.24": [-89.1506, 1.45399, -144.90058],
						"0.28": [-88.77292, 1.22878, -130.13911],
						"0.32": [-89.47901, 1.65652, -157.64473],
						"0.36": [-90.45091, 1.67694, -190.15886],
						"0.4": [-91.2814, 1.17203, -222.66537],
						"0.44": [-91.71037, 0.30012, -255.15674],
						"0.48": [-91.65574, -0.52343, -282.6447],
						"0.52": [-90.86723, -1.50448, -325.14088],
						"0.56": [-89.19675, -1.53959, -382.66306],
						"0.6": [-90.34493, -1.7019, 16.35286],
						"0.64": [-89.77189, -1.72145, -2.65569],
						"0.68": [-88.68406, -1.07453, -45.68656],
						"0.72": [-88.66871, -1.11502, -45.16522],
						"0.76": [-88.3677, -0.59252, -65.16071],
						"0.8": [-88.27024, 0.15271, -90.14996],
						"0.84": [-89.1506, 1.45399, -144.90058],
						"0.88": [-88.77292, 1.22878, -130.13911],
						"0.92": [-89.47901, 1.65652, -157.64473],
						"0.96": [-90.45091, 1.67694, -190.15886],
						"1.0": [-90.34493, -1.7019, 16.35286],
						"1.04": [-89.77189, -1.72145, -2.65569],
						"1.08": [-88.68406, -1.07453, -45.68656],
						"1.12": [-88.66871, -1.11502, -45.16522],
						"1.16": [-88.3677, -0.59252, -65.16071],
						"1.2": [-88.27024, 0.15271, -90.14996],
						"1.24": [-89.1506, 1.45399, -144.90058],
						"1.28": [-88.77292, 1.22878, -130.13911],
						"1.32": [-89.47901, 1.65652, -157.64473],
						"1.36": [-90.45091, 1.67694, -190.15886],
						"1.4": [-91.2814, 1.17203, -222.66537],
						"1.44": [-91.71037, 0.30012, -255.15674],
						"1.48": [-91.65574, -0.52343, -282.6447],
						"1.52": [-90.86723, -1.50448, -325.14088],
						"1.56": [-89.19675, -1.53959, -382.66306]
					},
					"position": [-22, 207, 24],
					"scale": [1, 4.7, 1]
				},
				"bone5": {
					"rotation": {
						"0.0": [22.5, 0, 0],
						"1.56": [22.5, 0, 0]
					}
				}
			}
		},
		"animation.speaker2.attack": {
			"loop": true,
			"animation_length": 1.52,
			"bones": {
				"neck1": {
					"rotation": {
						"0.0": [0, 0, 0],
						"0.52": [0, 15, 0],
						"1.52": [0, 0, 0]
					}
				},
				"neck2": {
					"rotation": {
						"0.0": [0, 0, 0],
						"0.52": [0, 12.5, 0],
						"1.52": [0, 0, 0]
					}
				},
				"head": {
					"rotation": {
						"0.0": [0, 0, 0],
						"0.52": [-7.5, 7.5, -17.5],
						"1.52": [0, 0, 0]
					}
				},
				"bone7": {
					"rotation": {
						"0.0": [0, 0, 0],
						"0.52": [37.5, 0, 0],
						"1.52": [0, 0, 0]
					}
				},
				"bone29": {
					"rotation": {
						"0.0": [0, 0, 0],
						"0.52": [0, -12.5, -45],
						"0.84": [15, 14, 49.4],
						"1.04": [7.94, 7.41, 38.65],
						"1.52": [0, 0, 0]
					}
				},
				"bone35": {
					"rotation": {
						"0.0": [0, 0, 0],
						"0.52": [-30, 0, 0],
						"0.84": [8.7, 0, 27.5],
						"1.04": [17.11, 0, 22.5],
						"1.52": [0, 0, 0]
					}
				},
				"bone36": {
					"rotation": {
						"0.0": [0, 0, 0],
						"0.52": [0, -10, 30],
						"0.84": [7.5, -6.8, 20.4],
						"1.04": [11.47, -3.6, 10.8],
						"1.52": [0, 0, 0]
					}
				},
				"bone9": {
					"rotation": {
						"0.0": [0, 0, 0],
						"0.52": [-10, 0, 0],
						"0.8": [-17.2, 0, 0],
						"1.0": [-12.42, 0, 0],
						"1.52": [0, 0, 0]
					}
				},
				"bone10": {
					"rotation": {
						"0.0": [0, 0, 0],
						"0.52": [-22.5, 0, 7.5],
						"1.52": [0, 0, 0]
					}
				},
				"bone11": {
					"rotation": {
						"0.0": [0, 0, 0],
						"0.52": [-2.5, -2.5, 0],
						"0.8": [-1.8, -7.5, 0],
						"1.0": [-18.8, 2.5, 0],
						"1.24": [-15.5, 7.5, 0],
						"1.52": [0, 0, 0]
					}
				},
				"bone13": {
					"rotation": {
						"0.0": [0, 0, 0],
						"0.52": [0, -2.5, 0],
						"0.8": [0, -7.5, 0],
						"1.04": [0, 2.5, 0],
						"1.24": [0, 7.5, 0],
						"1.52": [0, 0, 0]
					}
				},
				"bone14": {
					"rotation": {
						"0.0": [0, 0, 0],
						"0.52": [0, -2.5, 0],
						"0.8": [0, -7.5, 0],
						"1.04": [0, 2.5, 0],
						"1.24": [0, 7.5, 0],
						"1.52": [0, 0, 0]
					}
				},
				"bone16": {
					"rotation": {
						"0.0": [0, 0, 0],
						"0.52": [0, -2.5, 0],
						"0.8": [0, -7.5, 0],
						"1.04": [0, 2.5, 0],
						"1.24": [0, 7.5, 0],
						"1.52": [0, 0, 0]
					}
				},
				"bone17": {
					"rotation": {
						"0.0": [0, 0, 0],
						"1.52": [0, 0, 0]
					}
				},
				"bone18": {
					"rotation": {
						"0.0": [0, 0, 0],
						"1.52": [0, 0, 0]
					}
				},
				"bone19": {
					"rotation": {
						"0.0": [0, 0, 0],
						"0.52": [-80, 0, 0],
						"0.84": [-35.41, -3.26, 0],
						"1.04": [-44.1, -5.29, 0],
						"1.52": [0, 0, 0]
					}
				},
				"bone20": {
					"rotation": {
						"0.0": [0, 0, 0],
						"0.52": [52.5, 0, 0],
						"0.84": [0.89, 0, 0],
						"1.04": [2.7, 0, 0],
						"1.52": [0, 0, 0]
					}
				},
				"bone21": {
					"rotation": {
						"0.0": [0, 0, 0],
						"0.52": [0, 0, 0],
						"1.52": [0, 0, 0]
					}
				},
				"body2": {
					"rotation": {
						"0.0": [0, 0, 0],
						"0.6": [-10, 25, 0],
						"1.2": [4.58356, -42.37683, -0.77859],
						"1.52": [0, 0, 0]
					}
				},
				"Rightarm": {
					"rotation": {
						"0.0": [0, 0, 0],
						"0.6": [-17.5, 0, -10],
						"1.2": [9.96548, 0.53792, -12.44169],
						"1.52": [0, 0, 0]
					}
				},
				"Leftarm": {
					"rotation": {
						"0.0": [0, 0, 0],
						"0.6": [6.42131, 9.86805, 61.05758],
						"1.2": [-43.77287, 13.30838, 55.17644],
						"1.52": [0, 0, 0]
					}
				},
				"Leftarm2": {
					"rotation": {
						"0.0": [0, 0, 0],
						"0.6": [-38.75, 0, 0],
						"1.2": [-2.5, 0, 0],
						"1.52": [0, 0, 0]
					}
				},
				"Rightarmt": {
					"rotation": {
						"0.0": [0, 0, 0],
						"0.48": [-22.5, 0, 0],
						"1.2": [5.58, 0, 0],
						"1.52": [0, 0, 0]
					}
				},
				"Leftarmt": {
					"rotation": {
						"0.0": [0, 0, 0],
						"0.48": [18.91871, 14.07225, 56.77173],
						"1.2": [-50.85704, 0.50046, 42.19125],
						"1.52": [0, 0, 0]
					}
				},
				"bone5": {
					"rotation": {
						"0.0": [0, 0, 0],
						"0.52": [5, 0, 0],
						"1.16": [-1.1, 0, 0],
						"1.52": [0, 0, 0]
					}
				},
				"bone6": {
					"rotation": {
						"0.0": [0, 0, 0],
						"0.52": [-5, 0, 0],
						"1.52": [0, 0, 0]
					}
				}
			}
		},
		"animation.speaker2.attack2": {
			"loop": true,
			"animation_length": 1.52,
			"bones": {
				"neck1": {
					"rotation": {
						"0.0": [0, 0, 0],
						"0.52": [20, 0, 0],
						"0.88": [0.3, 0, 0],
						"1.52": [0, 0, 0]
					}
				},
				"neck2": {
					"rotation": {
						"0.0": [0, 0, 0],
						"0.52": [0, 0, 0],
						"0.88": [-20, 0, 0],
						"1.2": [5, 0, 0],
						"1.52": [0, 0, 0]
					}
				},
				"head": {
					"rotation": {
						"0.0": [0, 0, 0],
						"0.52": [5, 0, 0],
						"0.88": [-24.3, 0, 0],
						"1.2": [0.35, 0, 0],
						"1.52": [0, 0, 0]
					}
				},
				"bone7": {
					"rotation": {
						"0.0": [0, 0, 0],
						"0.52": [40, 0, 0],
						"0.88": [66.6, 0, 0],
						"1.2": [-2.95, 0, 0],
						"1.52": [0, 0, 0]
					}
				},
				"bone29": {
					"rotation": {
						"0.0": [0, 0, 0],
						"0.52": [0, 32.5, -12.5],
						"0.84": [-10, -21, 21.9],
						"1.16": [7.94, 7.41, 3.65],
						"1.52": [0, 0, 0]
					}
				},
				"bone35": {
					"rotation": {
						"0.0": [0, 0, 0],
						"0.52": [-30, 0, 0],
						"0.84": [41.2, 0, 27.5],
						"1.16": [17.11, 0, 22.5],
						"1.52": [0, 0, 0]
					}
				},
				"bone36": {
					"rotation": {
						"0.0": [0, 0, 0],
						"0.52": [0, -10, 30],
						"0.84": [7.5, -6.8, 20.4],
						"1.16": [11.47, -3.6, 10.8],
						"1.52": [0, 0, 0]
					}
				},
				"bone9": {
					"rotation": {
						"0.0": [0, 0, 0],
						"0.52": [5, 0, 0],
						"1.52": [0, 0, 0]
					}
				},
				"bone10": {
					"rotation": {
						"0.0": [0, 0, 0],
						"0.52": [-10, 0, 0],
						"1.52": [0, 0, 0]
					}
				},
				"bone11": {
					"rotation": {
						"0.0": [0, 0, 0],
						"0.52": [-2.5, 0, 0],
						"1.52": [0, 0, 0]
					}
				},
				"bone13": {
					"rotation": {
						"0.0": [0, 0, 0],
						"1.52": [0, 0, 0]
					}
				},
				"bone14": {
					"rotation": {
						"0.0": [0, 0, 0],
						"1.52": [0, 0, 0]
					}
				},
				"bone16": {
					"rotation": {
						"0.0": [0, 0, 0],
						"1.52": [0, 0, 0]
					}
				},
				"bone17": {
					"rotation": {
						"0.0": [0, 0, 0],
						"1.52": [0, 0, 0]
					}
				},
				"bone18": {
					"rotation": {
						"0.0": [0, 0, 0],
						"1.52": [0, 0, 0]
					}
				},
				"bone19": {
					"rotation": {
						"0.0": [0, 0, 0],
						"0.52": [-7.5, 0, 0],
						"0.84": [1.7, -10, 0],
						"1.16": [-11.6, -5.29, 0],
						"1.52": [0, 0, 0]
					}
				},
				"bone20": {
					"rotation": {
						"0.0": [0, 0, 0],
						"0.52": [7.5, 0, 0],
						"1.52": [0, 0, 0]
					}
				},
				"bone21": {
					"rotation": {
						"0.0": [0, 0, 0],
						"0.52": [0, 0, 0],
						"1.52": [0, 0, 0]
					}
				},
				"body2": {
					"rotation": {
						"0.0": [0, 0, 0],
						"0.6": [1.46301, -27.40852, -8.06091],
						"1.2": [8.77424, 24.24466, 8.98771],
						"1.52": [0, 0, 0]
					}
				},
				"Rightarm": {
					"rotation": {
						"0.0": [0, 0, 0],
						"0.6": [27.5, 0, -70],
						"1.2": [-45.94564, -6.50781, -62.71707],
						"1.52": [0, 0, 0]
					}
				},
				"Rightarm2": {
					"rotation": {
						"0.0": [0, 0, 0],
						"0.6": [-25, 0, 0],
						"1.2": [1.3, 0, 0],
						"1.52": [0, 0, 0]
					}
				},
				"Leftarm": {
					"rotation": {
						"0.0": [0, 0, 0],
						"0.6": [-22.40835, 2.57004, 7.0471],
						"1.2": [9.70579, 0.89393, 2.45117],
						"1.52": [0, 0, 0]
					}
				},
				"Rightarmt": {
					"rotation": {
						"0.0": [0, 0, 0],
						"0.48": [-3.50297, -13.60518, -57.24814],
						"1.2": [-62.5, 0, -55],
						"1.52": [0, 0, 0]
					}
				},
				"E": {
					"rotation": {
						"0.24": [0, 0, 0],
						"1.2": [-31.59099, -4.24316, 2.46972],
						"1.52": [0, 0, 0]
					}
				},
				"Leftarmt": {
					"rotation": {
						"0.0": [0, 0, 0],
						"0.48": [-20, 0, 0],
						"1.2": [16.35, 0, 0],
						"1.52": [0, 0, 0]
					}
				},
				"bone5": {
					"rotation": {
						"0.0": [0, 0, 0],
						"0.52": [-10, 0, 0],
						"1.16": [-1.1, 0, 0],
						"1.52": [0, 0, 0]
					}
				},
				"bone6": {
					"rotation": {
						"0.0": [0, 0, 0],
						"0.52": [10, 0, 0],
						"1.52": [0, 0, 0]
					}
				}
			}
		},
		"animation.speaker2.look_at_target": {
			"loop": true,
			"bones": {
				"head": {
					"rotation": ["query.target_x_rotation * 0.5", "query.target_y_rotation * 0.20", 0]
				},
				"neck1": {
					"rotation": ["query.target_x_rotation * 0.2", "query.target_y_rotation * 0.15", 0]
				},
				"neck2": {
					"rotation": ["query.target_x_rotation * 0.1", "query.target_y_rotation * 0.1", 0]
				}
			}
		},
		"animation.speaker2.dead": {
			"loop": "hold_on_last_frame",
			"animation_length": 5,
			"bones": {
				"neck1": {
					"rotation": {
						"0.0": [0, 0, 0],
						"0.875": [-17.5, 0, 0],
						"1.25": [-13.75, -2.5, 0],
						"1.625": [-11.87, -1.25, 0],
						"2.25": [-10, -2.5, -10]
					}
				},
				"neck2": {
					"rotation": {
						"0.0": [0, 0, 0],
						"0.875": [-22.5, 0, 0],
						"1.25": [-18.75, 1.25, 0],
						"1.625": [-16.87, -0.62, 0],
						"2.3333": [-15, 0, -5]
					}
				},
				"head": {
					"rotation": {
						"0.0": [0, 0, 0],
						"0.25": [-23.38575, 6.25017, -0.86284],
						"0.5": [7.5, 0, 0]
					}
				},
				"bone7": {
					"rotation": {
						"0.0": [0, 0, 0],
						"0.5833": [40, 0, 0],
						"1.2917": [0, 0, 0],
						"2.0": [15, 0, 0]
					}
				},
				"bone3": {
					"rotation": [0, 0, 0]
				},
				"bone29": {
					"rotation": {
						"0.0": [0, 0, 0],
						"0.5833": [24.35, -13.55, 0],
						"2.2917": [-20, -10, 5]
					}
				},
				"bone35": {
					"rotation": {
						"0.0": [0, 0, 0],
						"0.5833": [1.67, 0, 13.33],
						"0.875": [-20, 0, 20],
						"1.5417": [-20, 5.19, 20],
						"2.0": [-37.5, -10, 10]
					}
				},
				"bone36": {
					"rotation": {
						"0.0": [-2.5, 0, 0],
						"0.5833": [0.16, 0, 12.5],
						"2.0": [-32.5, 17.5, 25]
					}
				},
				"bone11": {
					"rotation": {
						"0.0": [0, 0, 0],
						"0.875": [-22.5, 0, -12.5],
						"2.0": [-25, 2.5, 12.5]
					}
				},
				"bone13": {
					"rotation": {
						"0.0": [0, 0, 0],
						"0.875": [0, 12.5, 0],
						"2.0": [-2.5, 5, 12.5]
					}
				},
				"bone14": {
					"rotation": {
						"0.0": [0, 0, 0],
						"0.875": [2.5, 12.5, 0],
						"2.0": [0, 5, 0]
					}
				},
				"bone16": {
					"rotation": {
						"0.0": [0, 0, 0],
						"0.875": [2.5, 2.5, 0],
						"2.0": [0, 2.5, 0]
					}
				},
				"bone17": {
					"rotation": {
						"0.0": [0, 0, 0],
						"0.875": [5, 0, 0],
						"2.0": [0, 0, 0]
					}
				},
				"bone18": {
					"rotation": {
						"0.0": [0, 0, 0],
						"0.875": [2.5, 0, 0],
						"2.0": [0, 0, 0]
					}
				},
				"bone19": {
					"rotation": {
						"0.0": [0, 0, 0],
						"0.5833": [-45, 0, 0],
						"0.875": [-47.44, -9.43, -17.45],
						"1.3333": [-16.81, -10.57, -21.48],
						"2.0": [-35, 45, -40],
						"2.375": [-35, 45, -22.5]
					}
				},
				"bone20": {
					"rotation": {
						"0.0": [0, 0, 0],
						"0.5833": [30, 0, 0],
						"0.875": [58.5, -9.8, 8.4],
						"1.3333": [30.81, -14.51, 12.43],
						"2.0": [5, -17.5, 32.5]
					}
				},
				"bone21": {
					"rotation": {
						"0.0": [0, 0, 0],
						"0.5833": [-25.6, 0, 0],
						"1.3333": [59.1, 0, 0],
						"2.0": [17.5, 0, 0]
					}
				},
				"bone4": {
					"rotation": {
						"0.0": [0, 0, 0],
						"0.5": [71.36597, -7.53477, 7.26544],
						"1.25": [71.36597, -7.53477, 7.26544],
						"1.8333": [73.86597, -7.53477, 7.26544]
					}
				},
				"Rightarm": {
					"rotation": {
						"0.0": [0, 0, 0],
						"0.75": [32.5, 0, 0],
						"1.25": [-2.76254, -0.10207, -30.00095]
					}
				},
				"Rightarm2": {
					"rotation": {
						"0.0": [0, 0, 0],
						"0.75": [12.5, 0, 0],
						"1.25": [20, 0, 0]
					}
				},
				"Leftarm": {
					"rotation": {
						"0.0": [0, 0, 0],
						"0.75": [27.5, 0, 0],
						"1.25": [-114.38224, 70.85492, -32.81101]
					}
				},
				"Leftarm2": {
					"rotation": {
						"0.0": [0, 0, 0],
						"0.7917": [17.5, 0, 0],
						"1.25": [-29.78729, -3.74196, -6.50446]
					}
				},
				"Rightleg": {
					"rotation": {
						"0.0": [0, 0, 0],
						"0.75": [17.5, 0, 0]
					}
				},
				"Leftleg": {
					"rotation": {
						"0.0": [0, 0, 0],
						"0.75": [14, 0, 0]
					}
				},
				"body": {
					"rotation": {
						"0.0": [0, 0, 0],
						"0.25": [-17.5, 0, 0],
						"0.5": [17.5, 0, 0]
					}
				},
				"body2": {
					"rotation": {
						"0.0": [0, 0, 0],
						"0.25": [-10, 0, 0],
						"0.5": [7.5, 0, 0]
					}
				},
				"Rightarmt": {
					"rotation": {
						"0.0": [0, 0, 0],
						"0.25": [22.5, 0, 0],
						"0.5": [-17.5, 0, 0]
					}
				},
				"E": {
					"rotation": {
						"0.0": [0, 0, 0],
						"0.25": [15, 0, 0],
						"0.5": [-7.5, 0, 0]
					}
				},
				"Leftarmt": {
					"rotation": {
						"0.0": [0, 0, 0],
						"0.25": [20, 0, 0],
						"0.5": [-22.5, 0, 0]
					}
				},
				"E2": {
					"rotation": {
						"0.0": [0, 0, 0],
						"0.25": [12.5, 0, 0],
						"0.5": [-2.24824, -2.70999, -0.20606]
					}
				},
				"bone": {
					"rotation": {
						"0.0": [0, 0, 0],
						"0.5": [70, 0, 0],
						"1.25": [70, 0, 0]
					}
				},
				"Allroot": {
					"rotation": {
						"0.0": [0, 0, 0],
						"0.25": [-5, 0, 0],
						"0.5": [-0.00497, -0.21985, 0.02853]
					},
					"position": {
						"0.0": [0, 0, 0],
						"0.25": [0, -5, 0],
						"0.5": [0, -18, 0]
					}
				}
			},
			"sound_effects": {
				"2.0": {
					"effect": "stomp"
				}
			}
		},
		"animation.speaker2.swim": {
			"loop": true,
			"animation_length": 8,
			"bones": {
				"bone2": {
					"rotation": [-7.5, 0, 0]
				},
				"neck1": {
					"rotation": [-7.5, 0, 0]
				},
				"neck2": {
					"rotation": [-20, 0, 0]
				},
				"bone3": {
					"rotation": [25, 0, -25]
				},
				"bone35": {
					"rotation": [17.5, 0, 20]
				},
				"bone9": {
					"rotation": [-7.5, 0, 0]
				},
				"bone10": {
					"rotation": {
						"0.0": [-35, 0, 2.5],
						"2.0": [-35, 0, -2.5],
						"8.0": [-35, 0, 2.5]
					}
				},
				"bone11": {
					"rotation": {
						"0.0": [-25, 0, 2.5],
						"2.8": [-25, 0, -2.5],
						"8.0": [-25, 0, 2.5]
					}
				},
				"bone13": {
					"rotation": {
						"0.0": [-2.5, -2.5, 0],
						"3.64": [-2.5, 5, 0],
						"8.0": [-2.5, -2.5, 0]
					}
				},
				"bone14": {
					"rotation": {
						"0.0": [0, -2.5, 0],
						"4.6": [0, 2.5, 0],
						"8.0": [0, -2.5, 0]
					}
				},
				"bone16": {
					"rotation": {
						"0.0": [0, -2.5, 0],
						"5.2": [0, 2.5, 0],
						"8.0": [0, -2.5, 0]
					}
				},
				"bone17": {
					"rotation": {
						"0.0": [0, -2.5, 0],
						"5.68": [0, 2.5, 0],
						"8.0": [0, -2.5, 0]
					}
				},
				"bone18": {
					"rotation": {
						"0.0": [0, -2.5, 0],
						"6.24": [0, 2.5, 0],
						"8.0": [0, -2.5, 0]
					}
				},
				"bone19": {
					"rotation": [2.5, 0, 0]
				},
				"bone20": {
					"rotation": [17.5, 0, 0]
				},
				"bone21": {
					"rotation": [40, 0, 0]
				},
				"bone4": {
					"rotation": [2.5, 0, 0]
				},
				"bone5": {
					"rotation": [15, 0, 0]
				}
			}
		},
		"animation.speaker2.tail_attack": {
			"loop": true,
			"animation_length": 2.08,
			"bones": {
				"neck1": {
					"rotation": {
						"0.0": [5, 0, 0],
						"0.28": [-5, 0, 0],
						"1.72": [2.5, 0, 0]
					}
				},
				"neck2": {
					"rotation": {
						"0.0": [2.5, 0, 0],
						"0.28": [-17.5, 0, 0]
					}
				},
				"bone7": {
					"rotation": {
						"0.0": [5, 0, 0],
						"0.28": [52.5, 0, 0],
						"1.88": [0, 0, 0]
					}
				},
				"bone35": {
					"rotation": {
						"0.0": [0, 15, 0],
						"0.28": [-35, 15, 0],
						"1.88": [-7.5, 15, 0]
					}
				},
				"bone9": {
					"rotation": {
						"0.0": [-10, 0, 0],
						"0.28": [5, 0, 12.5],
						"1.2": [-10, 0, -10]
					}
				},
				"bone10": {
					"rotation": {
						"0.0": [-15, 0, 0],
						"0.28": [-7.5, -2.5, 25],
						"1.48": [-15, -2.5, -15]
					}
				},
				"bone11": {
					"rotation": {
						"0.0": [-20, 0, 0],
						"0.28": [-20, -15, 15],
						"1.48": [-20, 2.5, 15]
					}
				},
				"bone13": {
					"rotation": {
						"0.0": [0, 0, 0],
						"0.28": [0, -22.5, 0],
						"1.64": [0, 5, 0]
					}
				},
				"bone14": {
					"rotation": {
						"0.0": [2.5, 0, 0],
						"0.28": [2.5, -12.5, 0],
						"1.76": [2.5, 5, 0]
					}
				},
				"bone16": {
					"rotation": {
						"0.0": [2.5, 0, 0],
						"0.28": [2.5, -10, 0],
						"1.88": [2.5, 7.5, 0]
					}
				},
				"bone17": {
					"rotation": {
						"0.0": [2.5, 0, 0],
						"0.28": [2.5, -20, 0],
						"1.88": [2.5, 5, 0]
					}
				},
				"bone18": {
					"rotation": {
						"0.0": [0, 0, 0],
						"0.28": [0, -22.5, 0],
						"1.88": [0, 2.5, 0]
					}
				},
				"bone19": {
					"rotation": [-45, 0, 0]
				},
				"bone20": {
					"rotation": [5, 0, 0]
				},
				"bone4": {
					"rotation": {
						"0.0": [0, 0, 0],
						"0.72": [50, 0, 0],
						"1.68": [19.62682, -0.88636, -0.06384],
						"2.08": [0, 0, 0]
					}
				},
				"Rott": {
					"rotation": {
						"0.0": [0, 0, 0],
						"0.72": [-9.96271, 0.86717, 4.92442],
						"1.68": [3.11558, 1.34131, -4.73098],
						"2.08": [0, 0, 0]
					},
					"position": {
						"0.72": [0, 0, 0],
						"1.68": [0, -5, 0],
						"2.08": [0, 0, 0]
					}
				},
				"body": {
					"rotation": {
						"0.0": [0, 0, 0],
						"0.72": [12.5, 0, 0],
						"1.68": [6.17647, 0, 0],
						"2.08": [0, 0, 0]
					}
				},
				"body2": {
					"rotation": {
						"0.0": [0, 0, 0],
						"0.72": [13.60984, -1.38588, 6.00461],
						"1.68": [19.0029, -0.40761, 1.76606],
						"2.08": [0, 0, 0]
					}
				},
				"Rightleg": {
					"rotation": {
						"0.0": [0, 0, 0],
						"0.72": [15, 0, 0],
						"1.68": [11.91, 0, 0],
						"2.08": [0, 0, 0]
					}
				},
				"Rightleg2": {
					"rotation": {
						"0.0": [0, 0, 0],
						"0.72": [2.5, 0, 0],
						"1.68": [13.16, 0, 0],
						"2.08": [0, 0, 0]
					}
				},
				"Leftleg": {
					"rotation": {
						"0.0": [0, 0, 0],
						"0.72": [-57.49267, -1.14656, 0.58064],
						"1.68": [-21.82213, -1.27084, 0.26867],
						"2.08": [0, 0, 0]
					}
				},
				"Leftleg2": {
					"rotation": {
						"0.0": [0, 0, 0],
						"0.72": [57.2822, -0.1709, 5.13101],
						"2.08": [0, 0, 0]
					}
				}
			}
		},
		"animation.speaker2.roaring2": {
			"loop": true,
			"animation_length": 4.52,
			"bones": {
				"bone2": {
					"rotation": {
						"0.0": [5, 0, 0],
						"0.68": [-8.43, 0, 0],
						"1.28": [6.03, 0, 0],
						"3.88": [13.61, 0, 0],
						"4.52": [0, 0, 0]
					}
				},
				"neck1": {
					"rotation": {
						"0.0": [2.5, 0, 0],
						"0.68": [4.62, 12.5, 0],
						"1.32": [-14.9, 0, 0],
						"3.16": [-13.52, 7.5, 0],
						"3.88": [-12.98, 0, 0],
						"4.52": [0, 0, 0]
					}
				},
				"neck2": {
					"rotation": {
						"0.0": [5, 0, 0],
						"0.68": [11.75, 0, 0],
						"1.72": [-14.87, 0, 0],
						"2.6": [-18.28, 5, 0],
						"3.88": [-23.4, 0, 0],
						"4.52": [0, 0, 0]
					}
				},
				"head": {
					"rotation": {
						"0.0": [0, 0, 0],
						"0.48": [-10, 0, 0],
						"0.72": [-9.91615, 1.29876, 7.38733],
						"0.96": [-9.9807, -0.52641, -2.98969],
						"1.2": [-9.85386, 1.67539, 9.55342],
						"1.44": [-9.87348, -1.48672, -8.48171],
						"1.68": [-9.94352, 0.80893, 4.60209],
						"1.92": [-9.87324, -1.4318, -8.17107],
						"2.16": [-9.81582, 1.74428, 9.97695],
						"2.4": [-9.89943, -1.05908, -6.04707],
						"2.64": [-9.87702, 1.24865, 7.13016],
						"2.88": [-9.83226, -1.54368, -8.83531],
						"3.12": [-9.78406, 1.77397, 10.17331],
						"3.36": [-9.70472, -2.09774, -12.0774],
						"3.6": [-9.4847, 2.85542, 16.59153],
						"3.84": [-9.82044, -0.70413, -4.02206],
						"4.08": [-10, 0, 0],
						"4.52": [0, 0, 0]
					}
				},
				"bone7": {
					"rotation": {
						"0.0": [0, 0, 0],
						"0.68": [27.5, 0, 0],
						"1.04": [69.92, 0, 0],
						"2.2": [53.07, 0, 0],
						"2.6": [61.05, 0, 0],
						"3.4": [53.79, 0, 0],
						"3.88": [65.36, 0, 0],
						"4.52": [0, 0, 0]
					}
				},
				"bone3": {
					"rotation": {
						"0.0": [-20, 0, 0],
						"0.64": [10.51, 0, -2.5],
						"1.04": [-61.96, 15, 0],
						"3.88": [-47.66, 0.14, 0],
						"4.52": [0, 0, 0]
					}
				},
				"bone29": {
					"rotation": {
						"0.0": [22.5, 0, 0],
						"0.68": [-15.88, 0, 0],
						"1.04": [0.92, 0, 0],
						"3.88": [40.17, 0, 20],
						"4.52": [0, 0, 0]
					}
				},
				"bone35": {
					"rotation": {
						"0.0": [-15, 0, 0],
						"0.68": [-2.74, 0, 20],
						"1.04": [-53.11, 0, 0],
						"3.88": [-78.39, -15.14, 0],
						"4.52": [0, 0, 0]
					}
				},
				"bone36": {
					"rotation": {
						"0.0": [17.5, 0, 0],
						"0.68": [-0.13, 0, 0],
						"1.04": [2.69, 0, -15],
						"3.88": [35.49, 0, -10],
						"4.52": [0, 0, 0]
					}
				},
				"bone9": {
					"rotation": {
						"0.0": [-5, 0, 0],
						"0.68": [-9.25, 0, 0],
						"1.04": [-12.43, 0, 0],
						"3.88": [-7.79, 0, 0],
						"4.52": [0, 0, 0]
					}
				},
				"bone10": {
					"rotation": {
						"0.0": [-15, 0, 0],
						"0.68": [-12.74, 0, 0],
						"1.04": [-28.92, 0, 0],
						"3.88": [-35.46, 0, 0],
						"4.52": [0, 0, 0]
					}
				},
				"bone11": {
					"rotation": {
						"1.04": [-5, 0, 0],
						"3.88": [-2.5, 0, 0],
						"4.52": [0, 0, 0]
					}
				},
				"bone19": {
					"rotation": {
						"0.0": [-17.5, 0, 0],
						"0.68": [-32.37, 0, 0],
						"1.04": [-34.41, 0, 0],
						"3.88": [-18.83, 0, 0],
						"4.52": [0, 0, 0]
					}
				},
				"bone20": {
					"rotation": {
						"0.0": [-5, 0, 0],
						"0.68": [5, 0, 0],
						"1.04": [9.53, 0, 0],
						"3.88": [-5.75, 0, 0],
						"4.52": [0, 0, 0]
					}
				},
				"bone21": {
					"rotation": {
						"0.0": [5, 0, 0],
						"0.68": [7.5, 0, 0],
						"1.04": [-17.27, 0, 0],
						"3.88": [-15.68, 0, 0],
						"4.52": [0, 0, 0]
					}
				},
				"bone4": {
					"rotation": {
						"0.0": [0, 0, 0],
						"0.24": [12.5, 0, 0],
						"0.48": [26.8, 0, 0],
						"0.72": [-4.79, 0, 0],
						"4.52": [0, 0, 0]
					}
				},
				"Rott": {
					"rotation": {
						"0.0": [0, 0, 0],
						"0.48": [11.47, 0, 0],
						"4.08": [12.5, 0, 0],
						"4.52": [0, 0, 0]
					},
					"position": {
						"0.0": [0, 0, 0],
						"0.48": [0, -7, 0],
						"4.08": [0, -7, 0],
						"4.52": [0, 0, 0]
					}
				},
				"Rightarm": {
					"rotation": {
						"0.0": [0, 0, 0],
						"0.48": [7.41647, 0.86009, -4.92622],
						"4.08": [7.41647, 0.86009, -4.92622],
						"4.52": [0, 0, 0]
					}
				},
				"Leftarm": {
					"rotation": {
						"0.0": [0, 0, 0],
						"0.48": [12.30951, -1.92418, 7.25181],
						"4.08": [12.30951, -1.92418, 7.25181],
						"4.52": [0, 0, 0]
					}
				},
				"Rightleg": {
					"rotation": {
						"0.0": [0, 0, 0],
						"0.48": [-49.84126, -7.04533, -2.57816],
						"0.72": [-9.84126, -7.04533, -2.57816],
						"4.08": [-49.84126, -7.04533, -2.57816],
						"4.52": [0, 0, 0]
					}
				},
				"Rightleg2": {
					"rotation": {
						"0.0": [0, 0, 0],
						"0.48": [40, 0, 0],
						"4.08": [38.27, 0, 0],
						"4.52": [0, 0, 0]
					}
				},
				"Leftleg": {
					"rotation": {
						"0.0": [0, 0, 0],
						"0.24": [20, 0, 0],
						"0.48": [31.38, 0, 0],
						"0.72": [-0.48, 0, 0],
						"4.52": [0, 0, 0]
					}
				},
				"Leftleg2": {
					"rotation": {
						"0.0": [0, 0, 0],
						"0.48": [45, 0, 0],
						"4.08": [45, 0, 0],
						"4.52": [0, 0, 0]
					}
				},
				"Allroot": {
					"rotation": {
						"0.0": [0, 0, 0],
						"4.52": [0, 0, 0]
					},
					"position": {
						"0.0": [0, 0, 0],
						"0.48": [0, -12, 0],
						"0.72": [0, 106.71, 0],
						"4.52": [0, 0, 0]
					}
				},
				"bone": {
					"rotation": {
						"0.0": [0, 0, 0],
						"0.24": [15.44456, -7.60414, 2.34181],
						"0.48": [29.57851, -7.17774, 2.2105],
						"0.72": [52.82137, -6.75134, 2.07918],
						"4.52": [0, 0, 0]
					}
				},
				"bone5": {
					"rotation": {
						"0.0": [-7.5, 0, 0],
						"0.68": [-1.37, 0, 0],
						"1.04": [26.18, 0, 0],
						"3.88": [24.81, 0, 0],
						"4.52": [0, 0, 0]
					}
				},
				"bone6": {
					"rotation": {
						"0.0": [5, 0, 0],
						"0.68": [-2.5, 0, 0],
						"1.04": [-2.27, 0, 0],
						"4.52": [0, 0, 0]
					}
				}
			}
		}
	}
}