{
	"format_version": "1.8.0",
	"animations": {
		"animation.3upgraded_g_man.roar": {
			"loop": true,
			"animation_length": 0.79167,
			"bones": {
				"bone7": {
					"rotation": [-2.54743, -4.96655, 0.6551],
					"position": {
						"0.0": [1, 0, 0],
						"0.25": [0, 0, 0],
						"0.5": [1, 0, 0]
					}
				},
				"head": {
					"rotation": [4.96599, 0.12361, -0.98873],
					"position": {
						"0.0": [0, 1, 0],
						"0.25": [0, -1, 0],
						"0.5": [0, 1, 0]
					}
				},
				"L": {
					"position": [0, 0, -157],
					"scale": [0.9, 1.3, 49.4]
				},
				"L2": {
					"position": [0, 0, -157],
					"scale": [0.9, 1.3, 49.4]
				},
				"L3": {
					"position": [0, 0, -160],
					"scale": [1, 1.3, 49.4]
				},
				"bone3": {
					"rotation": [0, 5, 0],
					"position": {
						"0.0": [-1, 0, 0],
						"0.25": [0, 0, 0],
						"0.5": [-1, 0, 0]
					}
				},
				"L4": {
					"position": [0, 0, -160],
					"scale": [1, 1.3, 49.4]
				},
				"bone": {
					"rotation": [5, 0, 0]
				},
				"bone5": {
					"position": [0, 0, 0]
				},
				"bone6": {
					"position": [0, 0, 1]
				},
				"N": {
					"position": {
						"0.0": [0, 0, 0],
						"0.5": [0, -31, -219]
					}
				},
				"N2": {
					"rotation": [0, 0, 0],
					"position": {
						"0.0": [0, 0, 0],
						"0.5": [0, 0, -250]
					},
					"scale": 1
				},
				"bone11": {
					"rotation": [0, -2.5, 0]
				},
				"L8": {
					"position": [0, 0, -160],
					"scale": [1, 1.3, 49.4]
				},
				"bone10": {
					"rotation": [0, -2.5, 0]
				},
				"L7": {
					"position": [0, 0, -160],
					"scale": [1, 1.3, 49.4]
				},
				"bone8": {
					"rotation": [0, 5, 0]
				},
				"L5": {
					"position": [0, 0, -160],
					"scale": [1, 1.3, 49.4]
				},
				"bone9": {
					"rotation": [0, 5, 0]
				},
				"L6": {
					"position": [0, 0, -160],
					"scale": [1, 1.3, 49.4]
				}
			}
		},
		"animation.3upgraded_g_man.move": {
			"loop": true,
			"animation_length": 0.75,
			"bones": {
				"bone": {
					"rotation": [10, 0, 0],
					"position": {
						"0.0": [0, 5, 0],
						"0.1667": [0, 2, 0],
						"0.375": [0, 5, 0],
						"0.5833": [0, 2, 0],
						"0.75": [0, 5, 0]
					}
				},
				"bone3": {
					"rotation": {
						"0.0": [-7.5, 0, 0],
						"0.1667": [-2.5, 0, 0],
						"0.375": [-7.5, 0, 0],
						"0.5417": [-2.5, 0, 0],
						"0.75": [-7.5, 0, 0]
					}
				},
				"Rk": {
					"rotation": {
						"0.0": [-6.77677, -0.70084, 1.90332],
						"0.1667": [-6.81017, 0.18759, 9.35066],
						"0.375": [-6.77677, -0.70084, 1.90332],
						"0.5833": [-6.81017, 0.18759, 9.35066],
						"0.75": [-6.77677, -0.70084, 1.90332]
					}
				},
				"F": {
					"rotation": {
						"0.0": [0, 0, 0],
						"0.0833": [0, 90, 0],
						"0.1667": [0, 0, 0],
						"0.25": [0, 90, 0],
						"0.3333": [0, 0, 0],
						"0.4167": [0, 90, 0],
						"0.5": [0, 0, 0],
						"0.5833": [0, 90, 0],
						"0.6667": [0, 0, 0],
						"0.75": [0, 90, 0]
					},
					"position": [0, 0, 0]
				},
				"Rk3": {
					"rotation": {
						"0.0": [-6.77677, 0.70084, -1.90332],
						"0.1667": [-6.81017, -0.18759, -9.35066],
						"0.375": [-6.77677, 0.70084, -1.90332],
						"0.5833": [-6.81017, -0.18759, -9.35066],
						"0.75": [-6.77677, 0.70084, -1.90332]
					}
				},
				"F3": {
					"rotation": {
						"0.0": [0, 0, 0],
						"0.0833": [0, 90, 0],
						"0.1667": [0, 0, 0],
						"0.25": [0, 90, 0],
						"0.3333": [0, 0, 0],
						"0.4167": [0, 90, 0],
						"0.5": [0, 0, 0],
						"0.5833": [0, 90, 0],
						"0.6667": [0, 0, 0],
						"0.75": [0, 90, 0]
					},
					"position": [0, 0, 0]
				},
				"Rk2": {
					"rotation": {
						"0.0": [-6.77677, -0.70084, 1.90332],
						"0.1667": [-6.81017, 0.18759, 9.35066],
						"0.375": [-6.77677, -0.70084, 1.90332],
						"0.5833": [-6.81017, 0.18759, 9.35066],
						"0.75": [-6.77677, -0.70084, 1.90332]
					}
				},
				"F2": {
					"rotation": {
						"0.0": [0, 0, 0],
						"0.0833": [0, -90, 0],
						"0.1667": [0, 0, 0],
						"0.25": [0, -90, 0],
						"0.3333": [0, 0, 0],
						"0.4167": [0, -90, 0],
						"0.5": [0, 0, 0],
						"0.5833": [0, -90, 0],
						"0.6667": [0, 0, 0],
						"0.75": [0, -90, 0]
					},
					"position": [0, 0, 0]
				},
				"bone7": {
					"rotation": {
						"0.0": [-7.5, 0, 0],
						"0.1667": [-2.5, 0, 0],
						"0.375": [-7.5, 0, 0],
						"0.5417": [-2.5, 0, 0],
						"0.75": [-7.5, 0, 0]
					}
				}
			}
		},
		"animation.3upgraded_g_man.idle": {
			"loop": true,
			"animation_length": 0.75,
			"bones": {
				"bone": {
					"position": {
						"0.0": [0, 5, 0],
						"0.1667": [0, 2, 0],
						"0.375": [0, 5, 0],
						"0.5833": [0, 2, 0],
						"0.75": [0, 5, 0]
					}
				},
				"bone3": {
					"rotation": {
						"0.0": [-7.5, 0, 0],
						"0.1667": [-2.5, 0, 0],
						"0.375": [-7.5, 0, 0],
						"0.5417": [-2.5, 0, 0],
						"0.75": [-7.5, 0, 0]
					}
				},
				"Rk": {
					"rotation": {
						"0.0": [-6.77677, -0.70084, 1.90332],
						"0.1667": [-6.81017, 0.18759, 9.35066],
						"0.375": [-6.77677, -0.70084, 1.90332],
						"0.5833": [-6.81017, 0.18759, 9.35066],
						"0.75": [-6.77677, -0.70084, 1.90332]
					}
				},
				"F": {
					"rotation": {
						"0.0": [0, 0, 0],
						"0.0833": [0, 90, 0],
						"0.1667": [0, 0, 0],
						"0.25": [0, 90, 0],
						"0.3333": [0, 0, 0],
						"0.4167": [0, 90, 0],
						"0.5": [0, 0, 0],
						"0.5833": [0, 90, 0],
						"0.6667": [0, 0, 0],
						"0.75": [0, 90, 0]
					},
					"position": [0, 0, 0]
				},
				"Rk3": {
					"rotation": {
						"0.0": [-6.77677, 0.70084, -1.90332],
						"0.1667": [-6.81017, -0.18759, -9.35066],
						"0.375": [-6.77677, 0.70084, -1.90332],
						"0.5833": [-6.81017, -0.18759, -9.35066],
						"0.75": [-6.77677, 0.70084, -1.90332]
					}
				},
				"F3": {
					"rotation": {
						"0.0": [0, 0, 0],
						"0.0833": [0, 90, 0],
						"0.1667": [0, 0, 0],
						"0.25": [0, 90, 0],
						"0.3333": [0, 0, 0],
						"0.4167": [0, 90, 0],
						"0.5": [0, 0, 0],
						"0.5833": [0, 90, 0],
						"0.6667": [0, 0, 0],
						"0.75": [0, 90, 0]
					},
					"position": [0, 0, 0]
				},
				"Rk2": {
					"rotation": {
						"0.0": [-6.77677, -0.70084, 1.90332],
						"0.1667": [-6.81017, 0.18759, 9.35066],
						"0.375": [-6.77677, -0.70084, 1.90332],
						"0.5833": [-6.81017, 0.18759, 9.35066],
						"0.75": [-6.77677, -0.70084, 1.90332]
					}
				},
				"F2": {
					"rotation": {
						"0.0": [0, 0, 0],
						"0.0833": [0, -90, 0],
						"0.1667": [0, 0, 0],
						"0.25": [0, -90, 0],
						"0.3333": [0, 0, 0],
						"0.4167": [0, -90, 0],
						"0.5": [0, 0, 0],
						"0.5833": [0, -90, 0],
						"0.6667": [0, 0, 0],
						"0.75": [0, -90, 0]
					},
					"position": [0, 0, 0]
				},
				"bone7": {
					"rotation": {
						"0.0": [-7.5, 0, 0],
						"0.1667": [-2.5, 0, 0],
						"0.375": [-7.5, 0, 0],
						"0.5417": [-2.5, 0, 0],
						"0.75": [-7.5, 0, 0]
					}
				}
			}
		},
		"animation.3upgraded_g_man.roaring": {
			"loop": true,
			"animation_length": 4.52,
			"bones": {
				"bone2": {
					"rotation": {
						"0.0": [0, 0, 0],
						"0.5833": [-5, 0, 10],
						"1.2083": [17.98, 0, -0.96],
						"3.7917": [17.98, 0, -0.96],
						"4.5": [0, 0, 0]
					}
				},
				"bone5": {
					"rotation": {
						"0.0": [0, 0, 0],
						"0.5833": [30, 0, 0],
						"0.9583": [39.63, 0, 0],
						"3.125": [35.24, 0, 0],
						"3.7917": [40.43, 0, 0],
						"4.5": [0, 0, 0]
					}
				},
				"bone23": {
					"rotation": {
						"0.0": [0, 0, 0],
						"0.5833": [15, 0, -10],
						"1.2083": [31.06, 0, 0],
						"3.7917": [31.06, 0, 0],
						"4.5": [0, 0, 0]
					}
				},
				"bone24": {
					"rotation": {
						"0.0": [0, 0, 0],
						"1.2083": [-45, 0, 0],
						"3.7917": [-45, 0, 0],
						"4.5": [0, 0, 0]
					}
				},
				"bone25": {
					"rotation": {
						"0.0": [0, 0, 0],
						"4.5": [0, 0, 0]
					}
				},
				"bone44": {
					"rotation": {
						"0.0": [0, 0, 0],
						"0.5833": [-37.5, 0, 47.5],
						"0.9583": [-32.35, 0, 34],
						"1.2083": [-28.91, 0, 0],
						"3.7917": [-28.91, 0, 0],
						"4.5": [0, 0, 0]
					}
				},
				"bone45": {
					"rotation": {
						"0.0": [0, 0, 0],
						"0.5833": [0, 0, -47.5],
						"0.9583": [-24, 0, -32.78],
						"1.2083": [22.5, 0, -2.13],
						"3.7917": [22.5, 0, -2.13],
						"4.5": [0, 0, 0]
					}
				},
				"bone46": {
					"rotation": {
						"0.0": [0, 0, 0],
						"4.5": [0, 0, 0]
					}
				},
				"bone39": {
					"rotation": {
						"0.0": [0, 0, 0],
						"0.5833": [2.5, 0, 0],
						"3.7917": [2.5, 0, 0],
						"4.5": [0, 0, 0]
					}
				},
				"bone41": {
					"rotation": {
						"0.0": [0, 0, 0],
						"0.5833": [12.5, 0, 0],
						"3.7917": [12.26, 0, 0],
						"4.5": [0, 0, 0]
					}
				},
				"bone42": {
					"rotation": {
						"0.0": [0, 0, 0],
						"0.5833": [-7.5, 0, 0],
						"3.7917": [-8.86, 0, 0],
						"4.5": [0, 0, 0]
					}
				},
				"bone43": {
					"rotation": {
						"0.0": [0, 0, 0],
						"4.5": [0, 0, 0]
					}
				},
				"bone60": {
					"rotation": {
						"0.0": [0, 0, 0],
						"0.5833": [5, 0, 0],
						"3.7917": [5, 0, 0],
						"4.5": [0, 0, 0]
					}
				},
				"bone62": {
					"rotation": {
						"0.0": [0, 0, 0],
						"0.5833": [7.5, 0, 0],
						"3.7917": [8.86, 0, 0],
						"4.5": [0, 0, 0]
					}
				},
				"bone63": {
					"rotation": {
						"0.0": [0, 0, 0],
						"0.5833": [-7.5, 0, 0],
						"3.7917": [-8.86, 0, 0],
						"4.5": [0, 0, 0]
					}
				},
				"bone64": {
					"rotation": {
						"0.0": [0, 0, 0],
						"4.5": [0, 0, 0]
					}
				},
				"head": {
					"rotation": {
						"0.0": [0, 0, 0],
						"0.25": [-27.5, 0, 0],
						"4.5": [0, 0, 0]
					},
					"position": {
						"0.0": [0, 0, 0],
						"4.5": [0, 0, 0]
					},
					"scale": {
						"0.0": [1, 0.2, 1],
						"0.25": [1, 1, 1],
						"4.5": [1, 1, 1]
					}
				},
				"Neck": {
					"rotation": {
						"0.0": [0, 0, 0],
						"0.25": [50, 0, 0],
						"4.5": [0, 0, 0]
					},
					"scale": {
						"0.0": [1, 0.4, 1],
						"0.25": [1, 1, 1]
					}
				}
			},
			"sound_effects": {
				"0.9583": {
					"effect": "stomp"
				}
			}
		},
		"animation.3upgraded_g_man.smash": {
			"loop": "hold_on_last_frame",
			"animation_length": 4.52,
			"bones": {
				"pulse": {
					"scale": {
						"0.0": [0, 0, 0],
						"2.0": [38, 43.1, 41]
					}
				},
				"bone2": {
					"rotation": {
						"0.0": [0, 0, 0],
						"0.5": [-20, 0, 0],
						"1.0": [2.49, 0, 0],
						"4.5": [0, 0, 0]
					}
				},
				"bone3": {
					"rotation": {
						"0.0": [0, 0, 0],
						"0.5": [-17.5, 0, 0],
						"4.5": [0, 0, 0]
					}
				},
				"bone4": {
					"rotation": {
						"0.0": [0, 0, 0],
						"0.5": [10, 0, 0],
						"4.5": [0, 0, 0]
					}
				},
				"bone5": {
					"rotation": {
						"0.0": [0, 0, 0],
						"0.5": [40, 0, 0],
						"1.0": [17.5, 0, 0]
					}
				},
				"bone23": {
					"rotation": {
						"0.0": [0, 0, 0],
						"0.3333": [90, 0, 0],
						"0.6667": [-52.67, 0, 0],
						"1.0": [-71.56535, 3.60602, -2.90556],
						"1.5": [16.16, 3.09, -2.49],
						"4.5": [15, 0, 0]
					}
				},
				"bone24": {
					"rotation": {
						"0.0": [0, 0, 0],
						"0.3333": [-140, 0, 0],
						"0.5": [-60, 0, 0],
						"1.0": [-20, 0, 0],
						"1.5": [-17.5, 0, 0]
					}
				},
				"bone44": {
					"rotation": {
						"0.0": [0, 0, 0],
						"0.3333": [55, 0, 0],
						"0.6667": [-74.86, 0, 0],
						"1.0": [-67.21, 0, 0],
						"1.5": [-5.11, 0, 0],
						"4.5": [0, 0, 0]
					}
				},
				"bone45": {
					"rotation": {
						"0.0": [0, 0, 0],
						"0.3333": [-116.67, 0, 0],
						"0.5": [-32.5, 0, 0],
						"1.0": [-5.96, 0, 0],
						"1.5": [-0.11, 0, 0],
						"4.5": [0, 0, 0]
					}
				}
			}
		},
		"animation.3upgraded_g_man.spawned": {
			"loop": true,
			"animation_length": 4.52,
			"bones": {
				"bone": {
					"rotation": {
						"0.0": [0, 0, 0],
						"3.5": [0, 0, 0],
						"4.5": [0, 0, 0]
					},
					"position": {
						"0.0": [0, 341, 1269],
						"1.25": [0, 401.44, 705],
						"3.5": [0, 0, 0],
						"4.5": [0, 0, 0]
					}
				},
				"bone2": {
					"rotation": {
						"0.0": [7.5, 0, 0],
						"2.0": [11.67, 0, 0],
						"4.5": [0, 0, 0]
					}
				},
				"bone3": {
					"rotation": {
						"0.0": [-7.5, 0, 0],
						"2.3333": [0.45, 0, 0],
						"3.0417": [-15.56, 0, 0],
						"4.5": [0, 0, 0]
					}
				},
				"bone4": {
					"rotation": {
						"0.0": [-10, 0, 0],
						"2.3333": [2.06, 0, 0],
						"3.0417": [-19.07, 0, 0],
						"4.5": [0, 0, 0]
					}
				},
				"bone5": {
					"rotation": {
						"0.0": [17.5, 0, 0],
						"2.3333": [0.61, 0, 0],
						"2.6667": [29.63, 0, 0],
						"4.5": [0, 0, 0]
					}
				},
				"bone23": {
					"rotation": {
						"0.0": [35, 0, -70],
						"2.625": [14.42, 0, -101.35],
						"4.5": [0, 0, 0]
					}
				},
				"bone24": {
					"rotation": {
						"0.0": [-20, 0, 77.5],
						"2.625": [-8.24, 0, 96.94],
						"4.5": [0, 0, 0]
					}
				},
				"bone44": {
					"rotation": {
						"0.0": [42.5, 0, 45],
						"2.625": [17.51, 0, 88.54],
						"3.3333": [11.02, 0, 98.21],
						"3.9167": [5.51, 0, 44.11],
						"4.5": [0, 0, 0]
					}
				},
				"bone45": {
					"rotation": {
						"0.0": [-77.5, -50, 0],
						"2.625": [-19.44, -20.6, -87.5],
						"3.3333": [-69.73, -12.96, -85.05],
						"4.5": [0, 0, 0]
					}
				},
				"bone39": {
					"rotation": {
						"0.0": [-57.5, 0, 0],
						"2.625": [-8.69, 0, 0],
						"4.5": [0, 0, 0]
					}
				},
				"bone41": {
					"rotation": {
						"0.0": [50, 0, 0],
						"2.625": [60.6, 0, 0],
						"4.5": [0, 0, 0]
					}
				},
				"bone42": {
					"rotation": {
						"0.0": [-12.5, 0, 0],
						"2.625": [-62.5, 0, 0],
						"4.5": [0, 0, 0]
					}
				},
				"bone43": {
					"rotation": [0, 0, 0]
				},
				"bone60": {
					"rotation": {
						"2.625": [-60, 0, 0],
						"4.5": [0, 0, 0]
					}
				},
				"bone62": {
					"rotation": {
						"2.625": [65, 0, 0],
						"4.5": [0, 0, 0]
					}
				},
				"bone63": {
					"rotation": {
						"0.0": [-20, 0, 0],
						"2.625": [-18.24, 0, 0],
						"4.5": [0, 0, 0]
					}
				},
				"bone64": {
					"rotation": [0, 0, 0]
				}
			}
		},
		"animation.3upgraded_g_man.attack": {
			"loop": true,
			"animation_length": 1.52,
			"bones": {
				"bone": {
					"rotation": {
						"0.0": [0, 0, 0],
						"0.5": [-7.5, 12.5, 0],
						"1.0": [-3.67, -13.88, 0],
						"1.5": [0, 0, 0]
					},
					"position": {
						"0.0": [0, 0, 0],
						"0.5": [0, 5, 0],
						"1.5": [0, 0, 0]
					}
				},
				"bone2": {
					"rotation": {
						"0.0": [0, 0, 0],
						"0.5": [-5, 17.5, 22.5],
						"1.0": [0, -27.5, -6.25],
						"1.5": [0, 0, 0]
					}
				},
				"bone3": {
					"rotation": {
						"0.0": [0, 0, 0],
						"0.5": [0, -20, -15],
						"1.0": [0, 0, -7.5],
						"1.5": [0, 0, 0]
					}
				},
				"bone4": {
					"rotation": {
						"0.0": [0, 0, 0],
						"0.5": [-5, -22.5, 0],
						"1.0": [-2.5, 16.25, 0],
						"1.5": [0, 0, 0]
					}
				},
				"bone5": {
					"rotation": {
						"0.0": [0, 0, 0],
						"0.5": [40, 0, 0],
						"1.0": [0, 0, 0],
						"1.5": [0, 0, 0]
					}
				},
				"bone23": {
					"rotation": {
						"0.0": [0, 0, 0],
						"0.5": [35, 0, -40],
						"1.5": [0, 0, 0]
					}
				},
				"bone24": {
					"rotation": {
						"0.0": [0, 0, 0],
						"0.5": [-10, 0, 0],
						"1.0": [-30, 0, 0],
						"1.5": [0, 0, 0]
					}
				},
				"bone44": {
					"rotation": {
						"0.0": [0, 0, 0],
						"0.5": [18.33, 38.33, 110.83],
						"0.75": [-40, 60, 25],
						"1.0": [-50, 5, -15],
						"1.5": [0, 0, 0]
					}
				},
				"bone45": {
					"rotation": {
						"0.0": [0, 0, 0],
						"0.5": [-5, 0, -100],
						"0.75": [0, -21.25, -70],
						"1.0": [0, -2.5, -40],
						"1.5": [0, 0, 0]
					}
				},
				"bone34": {
					"rotation": {
						"0.0": [0, 0, 0],
						"0.5": [-7.5, 0, 0],
						"1.0": [18.75, 0, 0],
						"1.5": [0, 0, 0]
					}
				},
				"bone55": {
					"rotation": {
						"0.0": [0, 0, 0],
						"0.5": [-5, 0, 0],
						"1.0": [47.5, 0, 0],
						"1.5": [0, 0, 0]
					}
				},
				"bone39": {
					"rotation": {
						"0.0": [0, 0, 0],
						"0.5": [-15, 0, 0],
						"1.5": [0, 0, 0]
					}
				},
				"bone41": {
					"rotation": {
						"0.0": [0, 0, 0],
						"1.5": [0, 0, 0]
					}
				},
				"bone42": {
					"rotation": {
						"0.0": [0, 0, 0],
						"0.5": [20, 0, 0],
						"1.5": [0, 0, 0]
					}
				},
				"bone60": {
					"rotation": {
						"0.0": [0, 0, 0],
						"0.5": [-10, 0, 0],
						"1.5": [0, 0, 0]
					}
				},
				"bone62": {
					"rotation": {
						"0.0": [0, 0, 0],
						"0.5": [-2.5, 0, 0],
						"1.5": [0, 0, 0]
					}
				},
				"bone63": {
					"rotation": {
						"0.0": [0, 0, 0],
						"0.5": [17.5, 0, 0],
						"1.5": [0, 0, 0]
					}
				},
				"head": {
					"rotation": {
						"0.0": [0, 0, 0],
						"0.25": [-0.62, 0, 0],
						"0.5833": [13.52947, 26.64282, -61.78231],
						"1.0": [82.5, 0, 0],
						"1.5": [0, 0, 0]
					},
					"position": {
						"0.0": [0, 0, 0],
						"1.0": [0, 0, 0],
						"1.5": [0, 0, 0]
					},
					"scale": {
						"0.0": [1, 1, 1],
						"0.25": [1, 1, 1],
						"0.5833": [1, 2.3, 1],
						"1.0": [1, 4.1091, 1],
						"1.5": [1, 1, 1]
					}
				}
			}
		},
		"animation.3upgraded_g_man.dead": {
			"loop": "hold_on_last_frame",
			"animation_length": 3,
			"bones": {
				"bone": {
					"rotation": {
						"0.0": [0, 0, 0],
						"0.5": [0, 0, 0],
						"1.5": [-2.5, 0, 0]
					},
					"position": {
						"0.0": [0, 0, 0],
						"0.5": [0, 0, 0],
						"1.5": [0, -8, -11]
					}
				},
				"bone2": {
					"rotation": {
						"0.0": [0, 0, 0],
						"0.5": [10, 0, 0],
						"1.5": [0, 0, 0]
					},
					"position": [0, 0, 0]
				},
				"bone3": {
					"rotation": {
						"0.0": [0, 0, 0],
						"0.5": [10, 0, 0],
						"1.0": [-16.25, 0, 0],
						"1.5": [-22.5, 0, 0],
						"1.9167": [-5, 0, 0]
					}
				},
				"bone4": {
					"rotation": {
						"0.0": [0, 0, 0],
						"0.5": [12.5, 0, 0],
						"1.0": [-26.25, 0, 0],
						"1.5": [0, 0, 0]
					}
				},
				"bone5": {
					"rotation": {
						"0.0": [0, 0, 0],
						"0.5": [7.5, 0, 0],
						"1.0": [32.5, 0, 0],
						"2.25": [0, 0, 0]
					}
				},
				"bone23": {
					"rotation": {
						"0.0": [0, 0, 0],
						"0.5": [0, 0, -7.5],
						"1.0": [-116.25, -6.25, 13.75],
						"1.5": [-122.5, -12.5, 5],
						"2.1667": [-97.5, -15, 25]
					},
					"position": {
						"0.0": [0, 0, 0],
						"0.5": [0, 0, 0]
					}
				},
				"bone24": {
					"rotation": {
						"0.0": [0, 0, 0],
						"0.5": [-12.5, 0, 0]
					}
				},
				"bone27": {
					"rotation": {
						"0.0": [0, 0, 0],
						"0.5": [0, 0, 0],
						"2.1667": [-12.5, -7.5, 0]
					}
				},
				"bone33": {
					"rotation": {
						"0.0": [0, 0, 0],
						"0.5": [7.5, 0, 0],
						"1.0": [-20, 0, 25],
						"1.4167": [-24.74694, -1.87827, -26.96496],
						"2.1667": [-12.25, 78.12, -6.96]
					}
				},
				"bone44": {
					"rotation": {
						"0.0": [0, 0, 0],
						"0.5": [0, 0, 7.5],
						"1.0": [-119.98864, 16.26759, -10.52481],
						"1.5": [-132.48864, 13.76759, -10.52481],
						"1.8333": [-102.4814, 11.98497, -30.90274]
					},
					"position": {
						"0.0": [0, 0, 0],
						"0.5": [0, 0, 0]
					}
				},
				"bone45": {
					"rotation": {
						"0.0": [0, 0, 0],
						"0.5": [-12.5, 0, 0]
					}
				},
				"bone48": {
					"rotation": {
						"0.0": [0, 0, 0],
						"0.5": [0, 0, 0],
						"1.8333": [-32.5, -10, 0]
					}
				},
				"bone54": {
					"rotation": {
						"0.0": [0, 0, 0],
						"0.5": [7.5, 0, 0],
						"1.0": [-22.5, 0, -25],
						"1.4167": [-12.80425, 8.98796, 23.62368],
						"1.8333": [-12.8, -96.01, 23.62]
					}
				},
				"bone34": {
					"rotation": {
						"0.0": [0, 0, 0],
						"0.5": [9.17, 0, 0],
						"1.5": [27.5, 0, -82.5]
					}
				},
				"bone55": {
					"rotation": {
						"0.0": [0, 0, 0],
						"0.5": [11.67, 0, 0.83],
						"1.5": [35, 0, 77.5]
					}
				},
				"bone39": {
					"rotation": {
						"0.0": [0, 0, 0],
						"0.5": [0, 0, 0],
						"1.5": [65, 7.5, -32.5],
						"2.0417": [52.5, 7.5, -32.5]
					},
					"position": {
						"0.0": [0, 0, 0],
						"0.5": [0, 0, 0]
					}
				},
				"bone41": {
					"rotation": {
						"0.0": [0, 0, 0],
						"1.0": [21.67, 0, 0],
						"1.5": [-5, 0, 0]
					}
				},
				"bone42": {
					"rotation": {
						"0.0": [0, 0, 0],
						"1.5": [-15, 0, 0]
					}
				},
				"bone43": {
					"rotation": {
						"0.0": [0, 0, 0],
						"0.5": [0, 0, 0],
						"1.0": [3.75, 0, 0],
						"1.5": [112.5, 0, 0]
					}
				},
				"bone60": {
					"rotation": {
						"0.0": [0, 0, 0],
						"0.5": [0, 0, 0],
						"1.0": [41.25, -8.75, 8.75],
						"1.5": [60, -17.5, 17.5],
						"1.8333": [50, -17.5, 17.5]
					},
					"position": {
						"0.0": [0, 0, 0],
						"0.5": [0, 0, 0]
					}
				},
				"bone62": {
					"rotation": [0, 0, 0]
				},
				"bone63": {
					"rotation": {
						"0.0": [0, 0, 0],
						"1.5": [-10, 0, 0]
					}
				},
				"bone64": {
					"rotation": {
						"0.0": [0, 0, 0],
						"0.5": [0, 0, 0],
						"1.0": [12.5, 0, 0],
						"1.5": [70, 0, 0]
					}
				},
				"Neck": {
					"rotation": {
						"0.0": [0, 0, 0],
						"0.5": [0, 0, 15],
						"1.25": [0, 0, 0],
						"1.2917": [0, -25, 0],
						"1.3333": [0, -77.5, 0],
						"1.375": [0, -110.62, 0],
						"1.4167": [0, -158.75, 0],
						"1.4583": [0, -179.38, 0],
						"1.5": [0, 0, 0]
					},
					"position": {
						"1.25": [0, 0, 0],
						"1.5": [0, 0, 0]
					},
					"scale": {
						"1.25": [1, 1, 1],
						"1.5": [1, 0.1, 1]
					}
				}
			},
			"sound_effects": {
				"1.5": {
					"effect": "stomp"
				}
			}
		}
	}
}