{
  "entity_sounds": {
    "entities": {
      "themarce:nether_warden": {
        "volume": 1.0,
        "pitch": [
          0.8,
          1.2
        ],
        "events": {
          "step": {
            "sound": "mob.warden.step",
            "volume": 10.0,
            "pitch": 1.0
          },
          "ambient": "mob.warden.idle",
          "heartbeat": {
            "sound": "mob.warden.heartbeat",
            "volume": 5.0,
            "pitch": 1.0
          },
          "nearby_close": {
            "sound": "mob.warden.nearby_close",
            "volume": 5.0,
            "pitch": [
              0.8,
              1.2
            ]
          },
          "nearby_closer": {
            "sound": "mob.warden.nearby_closer",
            "volume": 5.0,
            "pitch": [
              0.8,
              1.2
            ]
          },
          "nearby_closest": {
            "sound": "mob.warden.nearby_closest",
            "volume": 5.0,
            "pitch": [
              0.8,
              1.2
            ]
          },
          "agitated": {
            "sound": "mob.warden.agitated",
            "volume": 10.0,
            "pitch": [
              0.8,
              1.2
            ]
          },
          "angry": {
            "sound": "mob.warden.angry",
            "volume": 10.0,
            "pitch": [
              0.8,
              1.2
            ]
          },
          "listening": {
            "sound": "mob.warden.listening",
            "volume": 10.0,
            "pitch": [
              0.8,
              1.2
            ]
          },
          "listening_angry": {
            "sound": "mob.warden.listening_angry",
            "volume": 10.0,
            "pitch": [
              0.8,
              1.2
            ]
          },
          "sniff": {
            "sound": "mob.warden.sniff",
            "volume": 5.0,
            "pitch": 1.0
          },
          "dig": {
            "sound": "mob.warden.dig",
            "volume": 5.0,
            "pitch": 1.0
          },
          "emerge": {
            "sound": "mob.warden.emerge",
            "volume": 5.0,
            "pitch": 1.0
          },
          "roar": {
            "sound": "mob.warden.roar",
            "volume": 10.0,
            "pitch": 1.0
          },
          "idle": {
            "sound": "mob.warden.idle",
            "volume": 3.0,
            "pitch": 1.0
          },
          "attack": {
            "sound": "mob.warden.attack",
            "volume": 10.0,
            "pitch": 1.0
          },
          "hurt": {
            "sound": "mob.warden.hurt",
            "volume": 1.0,
            "pitch": [
              0.8,
              1.0
            ]
          },
          "death": {
            "sound": "mob.warden.death",
            "volume": 1.0,
            "pitch": [
              0.8,
              1.0
            ]
          }
        }
      },
      "themarce:skeleton_warden": {
        "volume": 1.0,
        "pitch": [
          0.8,
          1.2
        ],
        "events": {
          "step": {
            "sound": "mob.skeleton.step",
            "volume": 10.0,
            "pitch": 1.0
          },
          "ambient": "mob.warden.idle",
          "heartbeat": {
            "sound": "mob.warden.heartbeat",
            "volume": 5.0,
            "pitch": 1.0
          },
          "nearby_close": {
            "sound": "mob.warden.nearby_close",
            "volume": 5.0,
            "pitch": [
              0.8,
              1.2
            ]
          },
          "nearby_closer": {
            "sound": "mob.warden.nearby_closer",
            "volume": 5.0,
            "pitch": [
              0.8,
              1.2
            ]
          },
          "nearby_closest": {
            "sound": "mob.warden.nearby_closest",
            "volume": 5.0,
            "pitch": [
              0.8,
              1.2
            ]
          },
          "agitated": {
            "sound": "mob.warden.agitated",
            "volume": 10.0,
            "pitch": [
              0.8,
              1.2
            ]
          },
          "angry": {
            "sound": "mob.warden.angry",
            "volume": 10.0,
            "pitch": [
              0.8,
              1.2
            ]
          },
          "listening": {
            "sound": "mob.warden.listening",
            "volume": 10.0,
            "pitch": [
              0.8,
              1.2
            ]
          },
          "listening_angry": {
            "sound": "mob.warden.listening_angry",
            "volume": 10.0,
            "pitch": [
              0.8,
              1.2
            ]
          },
          "sniff": {
            "sound": "mob.warden.sniff",
            "volume": 5.0,
            "pitch": 1.0
          },
          "dig": {
            "sound": "mob.warden.dig",
            "volume": 5.0,
            "pitch": 1.0
          },
          "emerge": {
            "sound": "mob.warden.emerge",
            "volume": 5.0,
            "pitch": 1.0
          },
          "roar": {
            "sound": "mob.warden.roar",
            "volume": 10.0,
            "pitch": 1.0
          },
          "idle": {
            "sound": "mob.warden.idle",
            "volume": 3.0,
            "pitch": 1.0
          },
          "attack": {
            "sound": "mob.warden.attack",
            "volume": 10.0,
            "pitch": 1.0
          },
          "hurt": {
            "sound": "mob.skeleton.hurt",
            "volume": 1.0,
            "pitch": [
              0.8,
              1.0
            ]
          },
          "death": {
            "sound": "mob.skeleton.death",
            "volume": 1.0,
            "pitch": [
              0.8,
              1.0
            ]
          }
        }      
      },
      "themarce:demon_warden": {
        "volume": 1.0,
        "pitch": [
          0.8,
          1.2
        ],
        "events": {
          "step": {
            "sound": "mob.warden.step",
            "volume": 10.0,
            "pitch": 1.0
          },
          "ambient": "mob.warden.idle",
          "heartbeat": {
            "sound": "mob.warden.heartbeat",
            "volume": 5.0,
            "pitch": 1.0
          },
          "nearby_close": {
            "sound": "mob.warden.nearby_close",
            "volume": 5.0,
            "pitch": [
              0.8,
              1.2
            ]
          },
          "nearby_closer": {
            "sound": "mob.warden.nearby_closer",
            "volume": 5.0,
            "pitch": [
              0.8,
              1.2
            ]
          },
          "nearby_closest": {
            "sound": "mob.warden.nearby_closest",
            "volume": 5.0,
            "pitch": [
              0.8,
              1.2
            ]
          },
          "agitated": {
            "sound": "mob.warden.agitated",
            "volume": 10.0,
            "pitch": [
              0.8,
              1.2
            ]
          },
          "angry": {
            "sound": "mob.warden.angry",
            "volume": 10.0,
            "pitch": [
              0.8,
              1.2
            ]
          },
          "listening": {
            "sound": "mob.warden.listening",
            "volume": 10.0,
            "pitch": [
              0.8,
              1.2
            ]
          },
          "listening_angry": {
            "sound": "mob.warden.listening_angry",
            "volume": 10.0,
            "pitch": [
              0.8,
              1.2
            ]
          },
          "sniff": {
            "sound": "mob.warden.sniff",
            "volume": 5.0,
            "pitch": 1.0
          },
          "dig": {
            "sound": "mob.warden.dig",
            "volume": 5.0,
            "pitch": 1.0
          },
          "emerge": {
            "sound": "mob.warden.emerge",
            "volume": 5.0,
            "pitch": 1.0
          },
          "roar": {
            "sound": "mob.warden.roar",
            "volume": 10.0,
            "pitch": 1.0
          },
          "idle": {
            "sound": "mob.warden.idle",
            "volume": 3.0,
            "pitch": 1.0
          },
          "attack": {
            "sound": "mob.warden.attack",
            "volume": 10.0,
            "pitch": 1.0
          },
          "hurt": {
            "sound": "mob.warden.hurt",
            "volume": 1.0,
            "pitch": [
              0.8,
              1.0
            ]
          },
          "death": {
            "sound": "mob.warden.death",
            "volume": 1.0,
            "pitch": [
              0.8,
              1.0
            ]
          }
        }      
      },
      "themarce:toxic_alien_warden": {
        "volume": 1.0,
        "pitch": [
          0.8,
          1.2
        ],
        "events": {
          "step": {
            "sound": "mob.warden.step",
            "volume": 10.0,
            "pitch": 1.0
          },
          "ambient": "mob.warden.idle",
          "heartbeat": {
            "sound": "mob.warden.heartbeat",
            "volume": 5.0,
            "pitch": 1.0
          },
          "nearby_close": {
            "sound": "mob.warden.nearby_close",
            "volume": 5.0,
            "pitch": [
              0.8,
              1.2
            ]
          },
          "nearby_closer": {
            "sound": "mob.warden.nearby_closer",
            "volume": 5.0,
            "pitch": [
              0.8,
              1.2
            ]
          },
          "nearby_closest": {
            "sound": "mob.warden.nearby_closest",
            "volume": 5.0,
            "pitch": [
              0.8,
              1.2
            ]
          },
          "agitated": {
            "sound": "mob.warden.agitated",
            "volume": 10.0,
            "pitch": [
              0.8,
              1.2
            ]
          },
          "angry": {
            "sound": "mob.warden.angry",
            "volume": 10.0,
            "pitch": [
              0.8,
              1.2
            ]
          },
          "listening": {
            "sound": "mob.warden.listening",
            "volume": 10.0,
            "pitch": [
              0.8,
              1.2
            ]
          },
          "listening_angry": {
            "sound": "mob.warden.listening_angry",
            "volume": 10.0,
            "pitch": [
              0.8,
              1.2
            ]
          },
          "sniff": {
            "sound": "mob.warden.sniff",
            "volume": 5.0,
            "pitch": 1.0
          },
          "dig": {
            "sound": "mob.warden.dig",
            "volume": 5.0,
            "pitch": 1.0
          },
          "emerge": {
            "sound": "mob.warden.emerge",
            "volume": 5.0,
            "pitch": 1.0
          },
          "roar": {
            "sound": "mob.warden.roar",
            "volume": 10.0,
            "pitch": 1.0
          },
          "idle": {
            "sound": "mob.warden.idle",
            "volume": 3.0,
            "pitch": 1.0
          },
          "attack": {
            "sound": "mob.warden.attack",
            "volume": 10.0,
            "pitch": 1.0
          },
          "hurt": {
            "sound": "mob.warden.hurt",
            "volume": 1.0,
            "pitch": [
              0.8,
              1.0
            ]
          },
          "death": {
            "sound": "mob.warden.death",
            "volume": 1.0,
            "pitch": [
              0.8,
              1.0
            ]
          }
        }      
      },
      "themarce:hollowed_warden": {
        "volume": 1.0,
        "pitch": [
          0.8,
          1.2
        ],
        "events": {
          "step": {
            "sound": "mob.warden.step",
            "volume": 10.0,
            "pitch": 1.0
          },
          "ambient": "mob.warden.idle",
          "heartbeat": {
            "sound": "mob.warden.heartbeat",
            "volume": 5.0,
            "pitch": 1.0
          },
          "nearby_close": {
            "sound": "mob.warden.nearby_close",
            "volume": 5.0,
            "pitch": [
              0.8,
              1.2
            ]
          },
          "nearby_closer": {
            "sound": "mob.warden.nearby_closer",
            "volume": 5.0,
            "pitch": [
              0.8,
              1.2
            ]
          },
          "nearby_closest": {
            "sound": "mob.warden.nearby_closest",
            "volume": 5.0,
            "pitch": [
              0.8,
              1.2
            ]
          },
          "agitated": {
            "sound": "mob.warden.agitated",
            "volume": 10.0,
            "pitch": [
              0.8,
              1.2
            ]
          },
          "angry": {
            "sound": "mob.warden.angry",
            "volume": 10.0,
            "pitch": [
              0.8,
              1.2
            ]
          },
          "listening": {
            "sound": "mob.warden.listening",
            "volume": 10.0,
            "pitch": [
              0.8,
              1.2
            ]
          },
          "listening_angry": {
            "sound": "mob.warden.listening_angry",
            "volume": 10.0,
            "pitch": [
              0.8,
              1.2
            ]
          },
          "sniff": {
            "sound": "mob.warden.sniff",
            "volume": 5.0,
            "pitch": 1.0
          },
          "dig": {
            "sound": "mob.warden.dig",
            "volume": 5.0,
            "pitch": 1.0
          },
          "emerge": {
            "sound": "mob.warden.emerge",
            "volume": 5.0,
            "pitch": 1.0
          },
          "roar": {
            "sound": "mob.warden.roar",
            "volume": 10.0,
            "pitch": 1.0
          },
          "idle": {
            "sound": "mob.warden.idle",
            "volume": 3.0,
            "pitch": 1.0
          },
          "attack": {
            "sound": "mob.warden.attack",
            "volume": 10.0,
            "pitch": 1.0
          },
          "hurt": {
            "sound": "mob.warden.hurt",
            "volume": 1.0,
            "pitch": [
              0.8,
              1.0
            ]
          },
          "death": {
            "sound": "mob.warden.death",
            "volume": 1.0,
            "pitch": [
              0.8,
              1.0
            ]
          }
        }      
      },
      "themarce:shadow_happy_warden": {
        "volume": 1.0,
        "pitch": [
          0.8,
          1.2
        ],
        "events": {
          "step": {
            "sound": "mob.warden.step",
            "volume": 10.0,
            "pitch": 1.0
          },
          "ambient": "mob.warden.idle",
          "heartbeat": {
            "sound": "mob.warden.heartbeat",
            "volume": 5.0,
            "pitch": 1.0
          },
          "nearby_close": {
            "sound": "mob.warden.nearby_close",
            "volume": 5.0,
            "pitch": [
              0.8,
              1.2
            ]
          },
          "nearby_closer": {
            "sound": "mob.warden.nearby_closer",
            "volume": 5.0,
            "pitch": [
              0.8,
              1.2
            ]
          },
          "nearby_closest": {
            "sound": "mob.warden.nearby_closest",
            "volume": 5.0,
            "pitch": [
              0.8,
              1.2
            ]
          },
          "agitated": {
            "sound": "mob.warden.agitated",
            "volume": 10.0,
            "pitch": [
              0.8,
              1.2
            ]
          },
          "angry": {
            "sound": "mob.warden.angry",
            "volume": 10.0,
            "pitch": [
              0.8,
              1.2
            ]
          },
          "listening": {
            "sound": "mob.warden.listening",
            "volume": 10.0,
            "pitch": [
              0.8,
              1.2
            ]
          },
          "listening_angry": {
            "sound": "mob.warden.listening_angry",
            "volume": 10.0,
            "pitch": [
              0.8,
              1.2
            ]
          },
          "sniff": {
            "sound": "mob.warden.sniff",
            "volume": 5.0,
            "pitch": 1.0
          },
          "dig": {
            "sound": "mob.warden.dig",
            "volume": 5.0,
            "pitch": 1.0
          },
          "emerge": {
            "sound": "mob.warden.emerge",
            "volume": 5.0,
            "pitch": 1.0
          },
          "roar": {
            "sound": "mob.warden.roar",
            "volume": 10.0,
            "pitch": 1.0
          },
          "idle": {
            "sound": "mob.warden.idle",
            "volume": 3.0,
            "pitch": 1.0
          },
          "attack": {
            "sound": "mob.warden.attack",
            "volume": 10.0,
            "pitch": 1.0
          },
          "hurt": {
            "sound": "mob.warden.hurt",
            "volume": 1.0,
            "pitch": [
              0.8,
              1.0
            ]
          },
          "death": {
            "sound": "mob.warden.death",
            "volume": 1.0,
            "pitch": [
              0.8,
              1.0
            ]
          }
        }      
      },
      "themarce:chimera_warden": {
        "volume": 1.0,
        "pitch": [
          0.8,
          1.2
        ],
        "events": {
          "step": {
            "sound": "mob.warden.step",
            "volume": 10.0,
            "pitch": 1.0
          },
          "ambient": "mob.warden.idle",
          "heartbeat": {
            "sound": "mob.warden.heartbeat",
            "volume": 5.0,
            "pitch": 1.0
          },
          "nearby_close": {
            "sound": "mob.warden.nearby_close",
            "volume": 5.0,
            "pitch": [
              0.8,
              1.2
            ]
          },
          "nearby_closer": {
            "sound": "mob.warden.nearby_closer",
            "volume": 5.0,
            "pitch": [
              0.8,
              1.2
            ]
          },
          "nearby_closest": {
            "sound": "mob.warden.nearby_closest",
            "volume": 5.0,
            "pitch": [
              0.8,
              1.2
            ]
          },
          "agitated": {
            "sound": "mob.warden.agitated",
            "volume": 10.0,
            "pitch": [
              0.8,
              1.2
            ]
          },
          "angry": {
            "sound": "mob.warden.angry",
            "volume": 10.0,
            "pitch": [
              0.8,
              1.2
            ]
          },
          "listening": {
            "sound": "mob.warden.listening",
            "volume": 10.0,
            "pitch": [
              0.8,
              1.2
            ]
          },
          "listening_angry": {
            "sound": "mob.warden.listening_angry",
            "volume": 10.0,
            "pitch": [
              0.8,
              1.2
            ]
          },
          "sniff": {
            "sound": "mob.warden.sniff",
            "volume": 5.0,
            "pitch": 1.0
          },
          "dig": {
            "sound": "mob.warden.dig",
            "volume": 5.0,
            "pitch": 1.0
          },
          "emerge": {
            "sound": "mob.warden.emerge",
            "volume": 5.0,
            "pitch": 1.0
          },
          "roar": {
            "sound": "mob.warden.roar",
            "volume": 10.0,
            "pitch": 1.0
          },
          "idle": {
            "sound": "mob.warden.idle",
            "volume": 3.0,
            "pitch": 1.0
          },
          "attack": {
            "sound": "mob.warden.attack",
            "volume": 10.0,
            "pitch": 1.0
          },
          "hurt": {
            "sound": "mob.warden.hurt",
            "volume": 1.0,
            "pitch": [
              0.8,
              1.0
            ]
          },
          "death": {
            "sound": "mob.warden.death",
            "volume": 1.0,
            "pitch": [
              0.8,
              1.0
            ]
          }
        }      
      },
      "themarce:caster_warden": {
        "volume": 1.0,
        "pitch": [
          0.8,
          1.2
        ],
        "events": {
          "step": {
            "sound": "mob.warden.step",
            "volume": 10.0,
            "pitch": 1.0
          },
          "ambient": "mob.warden.idle",
          "heartbeat": {
            "sound": "mob.warden.heartbeat",
            "volume": 5.0,
            "pitch": 1.0
          },
          "nearby_close": {
            "sound": "mob.warden.nearby_close",
            "volume": 5.0,
            "pitch": [
              0.8,
              1.2
            ]
          },
          "nearby_closer": {
            "sound": "mob.warden.nearby_closer",
            "volume": 5.0,
            "pitch": [
              0.8,
              1.2
            ]
          },
          "nearby_closest": {
            "sound": "mob.warden.nearby_closest",
            "volume": 5.0,
            "pitch": [
              0.8,
              1.2
            ]
          },
          "agitated": {
            "sound": "mob.warden.agitated",
            "volume": 10.0,
            "pitch": [
              0.8,
              1.2
            ]
          },
          "angry": {
            "sound": "mob.warden.angry",
            "volume": 10.0,
            "pitch": [
              0.8,
              1.2
            ]
          },
          "listening": {
            "sound": "mob.warden.listening",
            "volume": 10.0,
            "pitch": [
              0.8,
              1.2
            ]
          },
          "listening_angry": {
            "sound": "mob.warden.listening_angry",
            "volume": 10.0,
            "pitch": [
              0.8,
              1.2
            ]
          },
          "sniff": {
            "sound": "mob.warden.sniff",
            "volume": 5.0,
            "pitch": 1.0
          },
          "dig": {
            "sound": "mob.warden.dig",
            "volume": 5.0,
            "pitch": 1.0
          },
          "emerge": {
            "sound": "mob.warden.emerge",
            "volume": 5.0,
            "pitch": 1.0
          },
          "roar": {
            "sound": "mob.warden.roar",
            "volume": 10.0,
            "pitch": 1.0
          },
          "idle": {
            "sound": "mob.warden.idle",
            "volume": 3.0,
            "pitch": 1.0
          },
          "attack": {
            "sound": "mob.warden.attack",
            "volume": 10.0,
            "pitch": 1.0
          },
          "hurt": {
            "sound": "mob.warden.hurt",
            "volume": 1.0,
            "pitch": [
              0.8,
              1.0
            ]
          },
          "death": {
            "sound": "mob.warden.death",
            "volume": 1.0,
            "pitch": [
              0.8,
              1.0
            ]
          }
        }      
      },
      "themarce:dark_happy_warden": {
        "volume": 1.0,
        "pitch": [
          0.8,
          1.2
        ],
        "events": {
          "step": {
            "sound": "mob.warden.step",
            "volume": 10.0,
            "pitch": 1.0
          },
          "ambient": "mob.warden.idle",
          "heartbeat": {
            "sound": "mob.warden.heartbeat",
            "volume": 5.0,
            "pitch": 1.0
          },
          "nearby_close": {
            "sound": "mob.warden.nearby_close",
            "volume": 5.0,
            "pitch": [
              0.8,
              1.2
            ]
          },
          "nearby_closer": {
            "sound": "mob.warden.nearby_closer",
            "volume": 5.0,
            "pitch": [
              0.8,
              1.2
            ]
          },
          "nearby_closest": {
            "sound": "mob.warden.nearby_closest",
            "volume": 5.0,
            "pitch": [
              0.8,
              1.2
            ]
          },
          "agitated": {
            "sound": "mob.warden.agitated",
            "volume": 10.0,
            "pitch": [
              0.8,
              1.2
            ]
          },
          "angry": {
            "sound": "mob.warden.angry",
            "volume": 10.0,
            "pitch": [
              0.8,
              1.2
            ]
          },
          "listening": {
            "sound": "mob.warden.listening",
            "volume": 10.0,
            "pitch": [
              0.8,
              1.2
            ]
          },
          "listening_angry": {
            "sound": "mob.warden.listening_angry",
            "volume": 10.0,
            "pitch": [
              0.8,
              1.2
            ]
          },
          "sniff": {
            "sound": "mob.warden.sniff",
            "volume": 5.0,
            "pitch": 1.0
          },
          "dig": {
            "sound": "mob.warden.dig",
            "volume": 5.0,
            "pitch": 1.0
          },
          "emerge": {
            "sound": "mob.warden.emerge",
            "volume": 5.0,
            "pitch": 1.0
          },
          "roar": {
            "sound": "mob.warden.roar",
            "volume": 10.0,
            "pitch": 1.0
          },
          "idle": {
            "sound": "mob.warden.idle",
            "volume": 3.0,
            "pitch": 1.0
          },
          "attack": {
            "sound": "mob.warden.attack",
            "volume": 10.0,
            "pitch": 1.0
          },
          "hurt": {
            "sound": "mob.warden.hurt",
            "volume": 1.0,
            "pitch": [
              0.8,
              1.0
            ]
          },
          "death": {
            "sound": "mob.warden.death",
            "volume": 1.0,
            "pitch": [
              0.8,
              1.0
            ]
          }
        }      
      },
      "themarce:infected_warden": {
        "volume": 1.0,
        "pitch": [
          0.8,
          1.2
        ],
        "events": {
          "step": {
            "sound": "mob.warden.step",
            "volume": 10.0,
            "pitch": 1.0
          },
          "ambient": "mob.warden.idle",
          "heartbeat": {
            "sound": "mob.warden.heartbeat",
            "volume": 5.0,
            "pitch": 1.0
          },
          "nearby_close": {
            "sound": "mob.warden.nearby_close",
            "volume": 5.0,
            "pitch": [
              0.8,
              1.2
            ]
          },
          "nearby_closer": {
            "sound": "mob.warden.nearby_closer",
            "volume": 5.0,
            "pitch": [
              0.8,
              1.2
            ]
          },
          "nearby_closest": {
            "sound": "mob.warden.nearby_closest",
            "volume": 5.0,
            "pitch": [
              0.8,
              1.2
            ]
          },
          "agitated": {
            "sound": "mob.warden.agitated",
            "volume": 10.0,
            "pitch": [
              0.8,
              1.2
            ]
          },
          "angry": {
            "sound": "mob.warden.angry",
            "volume": 10.0,
            "pitch": [
              0.8,
              1.2
            ]
          },
          "listening": {
            "sound": "mob.warden.listening",
            "volume": 10.0,
            "pitch": [
              0.8,
              1.2
            ]
          },
          "listening_angry": {
            "sound": "mob.warden.listening_angry",
            "volume": 10.0,
            "pitch": [
              0.8,
              1.2
            ]
          },
          "sniff": {
            "sound": "mob.warden.sniff",
            "volume": 5.0,
            "pitch": 1.0
          },
          "dig": {
            "sound": "mob.warden.dig",
            "volume": 5.0,
            "pitch": 1.0
          },
          "emerge": {
            "sound": "mob.warden.emerge",
            "volume": 5.0,
            "pitch": 1.0
          },
          "roar": {
            "sound": "mob.warden.roar",
            "volume": 10.0,
            "pitch": 1.0
          },
          "idle": {
            "sound": "mob.warden.idle",
            "volume": 3.0,
            "pitch": 1.0
          },
          "attack": {
            "sound": "mob.warden.attack",
            "volume": 10.0,
            "pitch": 1.0
          },
          "hurt": {
            "sound": "mob.warden.hurt",
            "volume": 1.0,
            "pitch": [
              0.8,
              1.0
            ]
          },
          "death": {
            "sound": "mob.warden.death",
            "volume": 1.0,
            "pitch": [
              0.8,
              1.0
            ]
          }
        }      
      },
      "themarce:king_warden": {
        "volume": 1.0,
        "pitch": [
          0.8,
          1.2
        ],
        "events": {
          "step": {
            "sound": "mob.warden.step",
            "volume": 10.0,
            "pitch": 1.0
          },
          "ambient": "mob.warden.idle",
          "heartbeat": {
            "sound": "mob.warden.heartbeat",
            "volume": 5.0,
            "pitch": 1.0
          },
          "nearby_close": {
            "sound": "mob.warden.nearby_close",
            "volume": 5.0,
            "pitch": [
              0.8,
              1.2
            ]
          },
          "nearby_closer": {
            "sound": "mob.warden.nearby_closer",
            "volume": 5.0,
            "pitch": [
              0.8,
              1.2
            ]
          },
          "nearby_closest": {
            "sound": "mob.warden.nearby_closest",
            "volume": 5.0,
            "pitch": [
              0.8,
              1.2
            ]
          },
          "agitated": {
            "sound": "mob.warden.agitated",
            "volume": 10.0,
            "pitch": [
              0.8,
              1.2
            ]
          },
          "angry": {
            "sound": "mob.warden.angry",
            "volume": 10.0,
            "pitch": [
              0.8,
              1.2
            ]
          },
          "listening": {
            "sound": "mob.warden.listening",
            "volume": 10.0,
            "pitch": [
              0.8,
              1.2
            ]
          },
          "listening_angry": {
            "sound": "mob.warden.listening_angry",
            "volume": 10.0,
            "pitch": [
              0.8,
              1.2
            ]
          },
          "sniff": {
            "sound": "mob.warden.sniff",
            "volume": 5.0,
            "pitch": 1.0
          },
          "dig": {
            "sound": "mob.warden.dig",
            "volume": 5.0,
            "pitch": 1.0
          },
          "emerge": {
            "sound": "mob.warden.emerge",
            "volume": 5.0,
            "pitch": 1.0
          },
          "roar": {
            "sound": "mob.warden.roar",
            "volume": 10.0,
            "pitch": 1.0
          },
          "idle": {
            "sound": "mob.warden.idle",
            "volume": 3.0,
            "pitch": 1.0
          },
          "attack": {
            "sound": "mob.warden.attack",
            "volume": 10.0,
            "pitch": 1.0
          },
          "hurt": {
            "sound": "mob.warden.hurt",
            "volume": 1.0,
            "pitch": [
              0.8,
              1.0
            ]
          },
          "death": {
            "sound": "mob.warden.death",
            "volume": 1.0,
            "pitch": [
              0.8,
              1.0
            ]
          }
        }      
      },
      "themarce:evolutionary_warden": {
        "volume": 1.0,
        "pitch": [
          0.8,
          1.2
        ],
        "events": {
          "step": {
            "sound": "mob.warden.step",
            "volume": 10.0,
            "pitch": 1.0
          },
          "ambient": "mob.warden.idle",
          "heartbeat": {
            "sound": "mob.warden.heartbeat",
            "volume": 5.0,
            "pitch": 1.0
          },
          "nearby_close": {
            "sound": "mob.warden.nearby_close",
            "volume": 5.0,
            "pitch": [
              0.8,
              1.2
            ]
          },
          "nearby_closer": {
            "sound": "mob.warden.nearby_closer",
            "volume": 5.0,
            "pitch": [
              0.8,
              1.2
            ]
          },
          "nearby_closest": {
            "sound": "mob.warden.nearby_closest",
            "volume": 5.0,
            "pitch": [
              0.8,
              1.2
            ]
          },
          "agitated": {
            "sound": "mob.warden.agitated",
            "volume": 10.0,
            "pitch": [
              0.8,
              1.2
            ]
          },
          "angry": {
            "sound": "mob.warden.angry",
            "volume": 10.0,
            "pitch": [
              0.8,
              1.2
            ]
          },
          "listening": {
            "sound": "mob.warden.listening",
            "volume": 10.0,
            "pitch": [
              0.8,
              1.2
            ]
          },
          "listening_angry": {
            "sound": "mob.warden.listening_angry",
            "volume": 10.0,
            "pitch": [
              0.8,
              1.2
            ]
          },
          "sniff": {
            "sound": "mob.warden.sniff",
            "volume": 5.0,
            "pitch": 1.0
          },
          "dig": {
            "sound": "mob.warden.dig",
            "volume": 5.0,
            "pitch": 1.0
          },
          "emerge": {
            "sound": "mob.warden.emerge",
            "volume": 5.0,
            "pitch": 1.0
          },
          "roar": {
            "sound": "mob.warden.roar",
            "volume": 10.0,
            "pitch": 1.0
          },
          "idle": {
            "sound": "mob.warden.idle",
            "volume": 3.0,
            "pitch": 1.0
          },
          "attack": {
            "sound": "mob.warden.attack",
            "volume": 10.0,
            "pitch": 1.0
          },
          "hurt": {
            "sound": "mob.warden.hurt",
            "volume": 1.0,
            "pitch": [
              0.8,
              1.0
            ]
          },
          "death": {
            "sound": "mob.warden.death",
            "volume": 1.0,
            "pitch": [
              0.8,
              1.0
            ]
          }
        }      
      },
      "themarce:frozen_alien_warden": {
        "volume": 1.0,
        "pitch": [
          0.8,
          1.2
        ],
        "events": {
          "step": {
            "sound": "mob.warden.step",
            "volume": 10.0,
            "pitch": 1.0
          },
          "ambient": "mob.warden.idle",
          "heartbeat": {
            "sound": "mob.warden.heartbeat",
            "volume": 5.0,
            "pitch": 1.0
          },
          "nearby_close": {
            "sound": "mob.warden.nearby_close",
            "volume": 5.0,
            "pitch": [
              0.8,
              1.2
            ]
          },
          "nearby_closer": {
            "sound": "mob.warden.nearby_closer",
            "volume": 5.0,
            "pitch": [
              0.8,
              1.2
            ]
          },
          "nearby_closest": {
            "sound": "mob.warden.nearby_closest",
            "volume": 5.0,
            "pitch": [
              0.8,
              1.2
            ]
          },
          "agitated": {
            "sound": "mob.warden.agitated",
            "volume": 10.0,
            "pitch": [
              0.8,
              1.2
            ]
          },
          "angry": {
            "sound": "mob.warden.angry",
            "volume": 10.0,
            "pitch": [
              0.8,
              1.2
            ]
          },
          "listening": {
            "sound": "mob.warden.listening",
            "volume": 10.0,
            "pitch": [
              0.8,
              1.2
            ]
          },
          "listening_angry": {
            "sound": "mob.warden.listening_angry",
            "volume": 10.0,
            "pitch": [
              0.8,
              1.2
            ]
          },
          "sniff": {
            "sound": "mob.warden.sniff",
            "volume": 5.0,
            "pitch": 1.0
          },
          "dig": {
            "sound": "mob.warden.dig",
            "volume": 5.0,
            "pitch": 1.0
          },
          "emerge": {
            "sound": "mob.warden.emerge",
            "volume": 5.0,
            "pitch": 1.0
          },
          "roar": {
            "sound": "mob.warden.roar",
            "volume": 10.0,
            "pitch": 1.0
          },
          "idle": {
            "sound": "mob.warden.idle",
            "volume": 3.0,
            "pitch": 1.0
          },
          "attack": {
            "sound": "mob.warden.attack",
            "volume": 10.0,
            "pitch": 1.0
          },
          "hurt": {
            "sound": "mob.warden.hurt",
            "volume": 1.0,
            "pitch": [
              0.8,
              1.0
            ]
          },
          "death": {
            "sound": "mob.warden.death",
            "volume": 1.0,
            "pitch": [
              0.8,
              1.0
            ]
          }
        }      
      },
      "themarce:wild_warden": {
        "volume": 1.0,
        "pitch": [
          0.8,
          1.2
        ],
        "events": {
          "step": {
            "sound": "mob.warden.step",
            "volume": 10.0,
            "pitch": 1.0
          },
          "ambient": "mob.warden.idle",
          "heartbeat": {
            "sound": "mob.warden.heartbeat",
            "volume": 5.0,
            "pitch": 1.0
          },
          "nearby_close": {
            "sound": "mob.warden.nearby_close",
            "volume": 5.0,
            "pitch": [
              0.8,
              1.2
            ]
          },
          "nearby_closer": {
            "sound": "mob.warden.nearby_closer",
            "volume": 5.0,
            "pitch": [
              0.8,
              1.2
            ]
          },
          "nearby_closest": {
            "sound": "mob.warden.nearby_closest",
            "volume": 5.0,
            "pitch": [
              0.8,
              1.2
            ]
          },
          "agitated": {
            "sound": "mob.warden.agitated",
            "volume": 10.0,
            "pitch": [
              0.8,
              1.2
            ]
          },
          "angry": {
            "sound": "mob.warden.angry",
            "volume": 10.0,
            "pitch": [
              0.8,
              1.2
            ]
          },
          "listening": {
            "sound": "mob.warden.listening",
            "volume": 10.0,
            "pitch": [
              0.8,
              1.2
            ]
          },
          "listening_angry": {
            "sound": "mob.warden.listening_angry",
            "volume": 10.0,
            "pitch": [
              0.8,
              1.2
            ]
          },
          "sniff": {
            "sound": "mob.warden.sniff",
            "volume": 5.0,
            "pitch": 1.0
          },
          "dig": {
            "sound": "mob.warden.dig",
            "volume": 5.0,
            "pitch": 1.0
          },
          "emerge": {
            "sound": "mob.warden.emerge",
            "volume": 5.0,
            "pitch": 1.0
          },
          "roar": {
            "sound": "mob.warden.roar",
            "volume": 10.0,
            "pitch": 1.0
          },
          "idle": {
            "sound": "mob.warden.idle",
            "volume": 3.0,
            "pitch": 1.0
          },
          "attack": {
            "sound": "mob.warden.attack",
            "volume": 10.0,
            "pitch": 1.0
          },
          "hurt": {
            "sound": "mob.warden.hurt",
            "volume": 1.0,
            "pitch": [
              0.8,
              1.0
            ]
          },
          "death": {
            "sound": "mob.warden.death",
            "volume": 1.0,
            "pitch": [
              0.8,
              1.0
            ] 
          }
        }
      }
    }
  }
}