{
	"format_version": "1.12.0",
	"minecraft:geometry": [
		{
			"description": {
				"identifier": "geometry.barry",
				"texture_width": 336,
				"texture_height": 336,
				"visible_bounds_width": 3,
				"visible_bounds_height": 2.5,
				"visible_bounds_offset": [0, 0.75, 0]
			},
			"bones": [
				{
					"name": "barry",
					"pivot": [0, 0, 0]
				},
				{
					"name": "cuerpo",
					"parent": "barry",
					"pivot": [0, 5, 0],
					"cubes": [
						{"origin": [-5, 8, -8], "size": [10, 3, 16], "uv": [0, 0]},
						{"origin": [-6, 10, -8], "size": [12, 6, 16], "uv": [0, 26]},
						{"origin": [-6.2, 16.1, -8.2], "size": [12.4, 1, 16.4], "inflate": 0.1, "uv": [64, 0]},
						{"origin": [-7.2, 16.1, -9.2], "size": [4, 4, 1.4], "inflate": 0.1, "uv": [64, 0]},
						{"origin": [-7.2, 16.1, -9.2], "size": [4, 4, 1], "uv": [277, 94]},
						{"origin": [2.8, 16.1, -9.2], "size": [4, 4, 1], "uv": [277, 94]},
						{"origin": [2.8, 16.1, -9.2], "size": [4, 4, 1.4], "inflate": 0.1, "uv": [64, 0]},
						{"origin": [-5, 13, -11], "size": [1, 1, 3], "uv": [0, 66]},
						{"origin": [-4, 13, -12], "size": [8, 1, 1], "uv": [0, 66]},
						{"origin": [4, 13, -11], "size": [1, 1, 3], "uv": [0, 66]},
						{"origin": [3.5, 13, -11.5], "size": [1, 1, 1], "uv": [0, 66]},
						{"origin": [-4.5, 13, -11.5], "size": [1, 1, 1], "uv": [0, 66]},
						{"origin": [-5.5, 6, -8.5], "size": [11, 2, 17], "uv": [0, 82]}
					]
				},
				{
					"name": "letras",
					"parent": "cuerpo",
					"pivot": [0.3, 5, 0],
					"cubes": [
						{"origin": [-3.7, 13.5, -8.7], "size": [1, 3, 1], "inflate": -0.3, "uv": [255, 23]},
						{"origin": [-2.2, 13.5, -8.7], "size": [1, 2.8, 1], "inflate": -0.3, "uv": [255, 23]},
						{"origin": [-0.5, 13.5, -8.7], "size": [1, 3, 1], "inflate": -0.3, "uv": [255, 23]},
						{"origin": [0.3, 13.5, -8.7], "size": [1, 1.6, 1], "inflate": -0.3, "uv": [255, 23]},
						{"origin": [0.3, 14.9, -8.7], "size": [1, 1.2, 1], "inflate": -0.3, "uv": [255, 23]},
						{"origin": [-1.3, 13.5, -8.7], "size": [1, 2.8, 1], "inflate": -0.3, "uv": [255, 23]},
						{"origin": [2.7, 13.5, -8.7], "size": [1, 2.5, 1], "inflate": -0.3, "uv": [255, 23]},
						{"origin": [2.4, 15, -8.7], "size": [1, 1.5, 1], "inflate": -0.3, "uv": [255, 23]},
						{"origin": [3, 15, -8.7], "size": [1, 1.5, 1], "inflate": -0.3, "uv": [255, 23]},
						{"origin": [-3, 13.7, -8.7], "size": [1, 2.6, 1], "inflate": -0.3, "uv": [255, 23]},
						{"origin": [-3.7, 15.5, -8.7], "size": [1.5, 1, 1], "inflate": -0.3, "uv": [255, 23]},
						{"origin": [-0.1, 15.5, -8.7], "size": [1.4, 1, 1], "inflate": -0.3, "uv": [255, 23]},
						{"origin": [-0.1, 14.5, -8.7], "size": [1.2, 1, 1], "inflate": -0.3, "uv": [255, 23]},
						{"origin": [1.4, 14.5, -8.7], "size": [1.2, 1, 1], "inflate": -0.3, "uv": [255, 23]},
						{"origin": [1.8, 13.5, -8.7], "size": [1, 1.6, 1], "inflate": -0.3, "uv": [255, 23]},
						{"origin": [1.8, 14.9, -8.7], "size": [1, 1.2, 1], "inflate": -0.3, "uv": [255, 23]},
						{"origin": [1, 13.5, -8.7], "size": [1, 3, 1], "inflate": -0.3, "uv": [255, 23]},
						{"origin": [1.4, 15.5, -8.7], "size": [1.4, 1, 1], "inflate": -0.3, "uv": [255, 23]},
						{"origin": [-1.8, 15.5, -8.7], "size": [1.1, 1, 1], "inflate": -0.3, "uv": [255, 23]},
						{"origin": [-1.8, 14.5, -8.7], "size": [1.1, 1, 1], "inflate": -0.3, "uv": [255, 23]},
						{"origin": [-3.7, 13.5, -8.7], "size": [1.5, 1, 1], "inflate": -0.3, "uv": [255, 23]},
						{"origin": [-3.7, 14.5, -8.7], "size": [1.5, 1, 1], "inflate": -0.3, "uv": [255, 23]}
					]
				},
				{
					"name": "rueda1",
					"parent": "barry",
					"pivot": [-3, 6, -5],
					"cubes": [
						{"origin": [-4, 2, -6], "size": [2, 4, 2], "uv": [0, 0]},
						{"origin": [-5, 1, -6], "size": [2, 2, 2], "uv": [0, 0]},
						{"origin": [-7, 0, -7], "size": [2, 4, 4], "uv": [82, 54]}
					]
				},
				{
					"name": "rueda3",
					"parent": "barry",
					"pivot": [3, 6, -5],
					"cubes": [
						{"origin": [2, 2, -6], "size": [2, 4, 2], "uv": [0, 0], "mirror": true},
						{"origin": [3, 1, -6], "size": [2, 2, 2], "uv": [0, 0], "mirror": true},
						{"origin": [5, 0, -7], "size": [2, 4, 4], "uv": [82, 54], "mirror": true}
					]
				},
				{
					"name": "rueda2",
					"parent": "barry",
					"pivot": [-3, 6, 5],
					"cubes": [
						{"origin": [-4, 2, 4], "size": [2, 4, 2], "uv": [0, 0]},
						{"origin": [-5, 1, 4], "size": [2, 2, 2], "uv": [0, 0]},
						{"origin": [-7, 0, 3], "size": [2, 4, 4], "uv": [82, 54]}
					]
				},
				{
					"name": "rueda4",
					"parent": "barry",
					"pivot": [3, 6, 5],
					"cubes": [
						{"origin": [2, 2, 4], "size": [2, 4, 2], "uv": [0, 0], "mirror": true},
						{"origin": [3, 1, 4], "size": [2, 2, 2], "uv": [0, 0], "mirror": true},
						{"origin": [5, 0, 3], "size": [2, 4, 4], "uv": [82, 54], "mirror": true}
					]
				}
			]
		}
	]
}