{
	"format_version": "1.12.0",
	"minecraft:geometry": [
		{
			"description": {
				"identifier": "geometry.daisy",
				"texture_width": 128,
				"texture_height": 128,
				"visible_bounds_width": 8,
				"visible_bounds_height": 8.5,
				"visible_bounds_offset": [0, 3.75, 0]
			},
			"bones": [
				{
					"name": "Daisy",
					"pivot": [0, 0, 0]
				},
				{
					"name": "Parte1",
					"parent": "Daisy",
					"pivot": [0, 38, 7]
				},
				{
					"name": "Head",
					"parent": "Parte1",
					"pivot": [0, 90, 1]
				},
				{
					"name": "Ojos",
					"parent": "Head",
					"pivot": [0, 90, -1],
					"cubes": [
						{"origin": [-7, 90, -2], "size": [5, 5, 2], "uv": [0, 0]},
						{"origin": [2, 90, -2], "size": [5, 5, 2], "uv": [0, 0]}
					]
				},
				{
					"name": "Pupilas",
					"parent": "Ojos",
					"pivot": [0, 90, -1],
					"cubes": [
						{"origin": [-6, 91, -1.6], "size": [3, 3, 1], "inflate": 0.5, "uv": [16, 0]},
						{"origin": [3, 91, -1.6], "size": [3, 3, 1], "inflate": 0.5, "uv": [16, 0]}
					]
				},
				{
					"name": "HeadC",
					"parent": "Head",
					"pivot": [0, 90, -1],
					"cubes": [
						{"origin": [-2, 90, -3], "size": [4, 5, 1], "uv": [86, 10]},
						{"origin": [-7, 86, 0], "size": [14, 13, 1], "uv": [20, 27]},
						{"origin": [-8, 95, -3], "size": [16, 5, 1], "uv": [86, 10]},
						{"origin": [-8, 83, -3], "size": [16, 7, 1], "uv": [86, 10]},
						{"origin": [-9, 90, -3], "size": [2, 8, 1], "uv": [86, 10]},
						{"origin": [-9, 85, -3], "size": [2, 5, 1], "uv": [86, 10]},
						{"origin": [7, 85, -3], "size": [2, 5, 1], "uv": [86, 10]},
						{"origin": [-10, 87, -3], "size": [2, 8, 1], "uv": [86, 10]},
						{"origin": [8, 87, -3], "size": [2, 8, 1], "uv": [86, 10]},
						{"origin": [7, 90, -3], "size": [2, 8, 1], "uv": [86, 10]},
						{"origin": [-6, 100, -3], "size": [12, 1, 1], "uv": [86, 10]},
						{"origin": [-6, 82, -3], "size": [12, 1, 1], "uv": [86, 10]},
						{"origin": [-4, 101, -3], "size": [8, 1, 1], "uv": [86, 10]}
					]
				},
				{
					"name": "Plumas",
					"parent": "HeadC",
					"pivot": [0, 90, -1]
				},
				{
					"name": "Pluma1",
					"parent": "Plumas",
					"pivot": [0, 91, -1],
					"cubes": [
						{"origin": [-4, 110, -2], "size": [8, 5, 3], "uv": [8, 37]},
						{"origin": [-5, 98, -2], "size": [10, 15, 3], "uv": [8, 37]}
					]
				},
				{
					"name": "Pluma6",
					"parent": "Plumas",
					"pivot": [0, 94, -1],
					"cubes": [
						{"origin": [-4, 70, -2], "size": [8, 5, 3], "uv": [8, 37]},
						{"origin": [-5, 72, -2], "size": [10, 15, 3], "uv": [8, 37]}
					]
				},
				{
					"name": "Pluma3",
					"parent": "Plumas",
					"pivot": [1, 91, -1],
					"rotation": [0, 0, -90],
					"cubes": [
						{"origin": [-3, 110, -2], "size": [8, 5, 3], "uv": [8, 37]},
						{"origin": [-4, 98, -2], "size": [10, 15, 3], "uv": [8, 37]}
					]
				},
				{
					"name": "Pluma5",
					"parent": "Plumas",
					"pivot": [-1, 91, -1],
					"rotation": [0, 0, 90],
					"cubes": [
						{"origin": [-5, 110, -2], "size": [8, 5, 3], "uv": [8, 37], "mirror": true},
						{"origin": [-6, 98, -2], "size": [10, 15, 3], "uv": [8, 37], "mirror": true}
					]
				},
				{
					"name": "Pluma2",
					"parent": "Plumas",
					"pivot": [0, 91, -1],
					"rotation": [0, 0, -40],
					"cubes": [
						{"origin": [-6, 110, -1], "size": [10, 5, 2], "uv": [8, 37]},
						{"origin": [-7, 98, -1], "size": [12, 15, 2], "uv": [8, 37]}
					]
				},
				{
					"name": "Pluma4",
					"parent": "Plumas",
					"pivot": [0, 91, -1],
					"rotation": [0, 0, 40],
					"cubes": [
						{"origin": [-4, 110, -1], "size": [10, 5, 2], "uv": [8, 37], "mirror": true},
						{"origin": [-5, 98, -1], "size": [12, 15, 2], "uv": [8, 37], "mirror": true}
					]
				},
				{
					"name": "Pluma7",
					"parent": "Plumas",
					"pivot": [-1, 93, -1],
					"rotation": [0, 0, -40],
					"cubes": [
						{"origin": [-5, 69, -1], "size": [10, 5, 2], "uv": [8, 37], "mirror": true},
						{"origin": [-6, 71, -1], "size": [12, 15, 2], "uv": [8, 37], "mirror": true}
					]
				},
				{
					"name": "Pluma8",
					"parent": "Plumas",
					"pivot": [1, 93, -1],
					"rotation": [0, 0, 40],
					"cubes": [
						{"origin": [-5, 69, -1], "size": [10, 5, 2], "uv": [8, 37]},
						{"origin": [-6, 71, -1], "size": [12, 15, 2], "uv": [8, 37]}
					]
				},
				{
					"name": "Boca",
					"parent": "Head",
					"pivot": [0, 86, -3],
					"cubes": [
						{"origin": [-2, 85, -3.5], "size": [4, 1, 1], "uv": [30, 0]},
						{"origin": [-5, 86, -3.5], "size": [2, 1, 1], "uv": [30, 0]},
						{"origin": [3, 86, -3.5], "size": [2, 1, 1], "uv": [30, 0]},
						{"origin": [-4, 85.5, -3.5], "size": [3, 1, 1], "uv": [30, 0]},
						{"origin": [1, 85.5, -3.5], "size": [3, 1, 1], "uv": [30, 0]}
					]
				},
				{
					"name": "Cuerpo",
					"parent": "Parte1",
					"pivot": [0, 70, -1]
				},
				{
					"name": "Cuerpo2",
					"parent": "Cuerpo",
					"pivot": [0, 70, -1],
					"cubes": [
						{"origin": [-1, 44, 5.6], "size": [2, 17, 2], "uv": [32, 86]},
						{"origin": [-2, 43, 4.6], "size": [4, 1, 4], "uv": [32, 86]},
						{"origin": [-3, 42, 3.6], "size": [6, 1, 6], "uv": [32, 86]},
						{"origin": [-3, 33, 3.6], "size": [6, 1, 6], "uv": [32, 86]},
						{"origin": [-4, 40, 2.6], "size": [8, 2, 8], "uv": [22, 90]},
						{"origin": [-4, 34, 2.6], "size": [8, 2, 8], "uv": [22, 90]},
						{"origin": [-5, 36, 1.6], "size": [10, 4, 10], "uv": [22, 90]}
					]
				},
				{
					"name": "Cuello",
					"parent": "Cuerpo",
					"pivot": [0, 80, 8],
					"rotation": [-7.5, 0, 0],
					"cubes": [
						{"origin": [-1, 59, 8], "size": [2, 28, 2], "uv": [32, 84]}
					]
				},
				{
					"name": "Cuello2",
					"parent": "Cuello",
					"pivot": [0, 87, 10],
					"rotation": [32.5, 0, 0],
					"cubes": [
						{"origin": [-1, 87, 8], "size": [2, 3, 2], "uv": [34, 94]}
					]
				},
				{
					"name": "Cuello3",
					"parent": "Cuello2",
					"pivot": [0, 90, 10],
					"rotation": [32.5, 0, 0],
					"cubes": [
						{"origin": [-1, 90, 8], "size": [2, 4, 2], "uv": [34, 94]}
					]
				},
				{
					"name": "Cuello4",
					"parent": "Cuello3",
					"pivot": [0, 94, 10],
					"rotation": [32.5, 0, 0],
					"cubes": [
						{"origin": [-1, 94, 8], "size": [2, 4, 2], "uv": [34, 94]}
					]
				},
				{
					"name": "Cuello5",
					"parent": "Cuello4",
					"pivot": [0, 98, 10],
					"rotation": [17.5, 0, 0],
					"cubes": [
						{"origin": [-1, 98, 8], "size": [2, 2, 2], "uv": [34, 94]}
					]
				},
				{
					"name": "Brazoizquierdo",
					"parent": "Parte1",
					"pivot": [1, 70, 8],
					"rotation": [0, 0, 50],
					"cubes": [
						{"origin": [1, 69, 7], "size": [18, 2, 2], "uv": [14, 102]}
					]
				},
				{
					"name": "Brazo",
					"parent": "Brazoizquierdo",
					"pivot": [19, 70, 8],
					"rotation": [0, 0, 35],
					"cubes": [
						{"origin": [19, 69, 7], "size": [18, 2, 2], "uv": [14, 102]}
					]
				},
				{
					"name": "Mano",
					"parent": "Brazo",
					"pivot": [37, 70, 8],
					"rotation": [90, 0, 0],
					"cubes": [
						{"origin": [56, 66, 7], "size": [3, 8, 2], "uv": [36, 98]},
						{"origin": [59, 67, 7], "size": [2, 6, 2], "uv": [36, 98]},
						{"origin": [61, 68, 7], "size": [1, 4, 2], "uv": [36, 98]},
						{"origin": [36, 66, 7], "size": [2, 8, 2], "uv": [36, 98]},
						{"origin": [38, 65, 7], "size": [3, 10, 2], "uv": [36, 98]},
						{"origin": [50, 65, 7], "size": [6, 10, 2], "uv": [36, 98]},
						{"origin": [41, 64, 7], "size": [9, 12, 2], "uv": [36, 98]}
					]
				},
				{
					"name": "Brazoderecho",
					"parent": "Parte1",
					"pivot": [-1, 70, 8],
					"rotation": [0, 0, -50],
					"cubes": [
						{"origin": [-19, 69, 7], "size": [18, 2, 2], "uv": [14, 102], "mirror": true}
					]
				},
				{
					"name": "Brazo2",
					"parent": "Brazoderecho",
					"pivot": [-19, 70, 8],
					"rotation": [0, 0, -35],
					"cubes": [
						{"origin": [-37, 69, 7], "size": [18, 2, 2], "uv": [14, 102], "mirror": true}
					]
				},
				{
					"name": "Mano2",
					"parent": "Brazo2",
					"pivot": [-37, 70, 8],
					"rotation": [90, 0, 0],
					"cubes": [
						{"origin": [-59, 66, 7], "size": [3, 8, 2], "uv": [36, 98], "mirror": true},
						{"origin": [-61, 67, 7], "size": [2, 6, 2], "uv": [36, 98], "mirror": true},
						{"origin": [-62, 68, 7], "size": [1, 4, 2], "uv": [36, 98], "mirror": true},
						{"origin": [-38, 66, 7], "size": [2, 8, 2], "uv": [36, 98], "mirror": true},
						{"origin": [-41, 65, 7], "size": [3, 10, 2], "uv": [36, 98], "mirror": true},
						{"origin": [-56, 65, 7], "size": [6, 10, 2], "uv": [36, 98], "mirror": true},
						{"origin": [-50, 64, 7], "size": [9, 12, 2], "uv": [36, 98], "mirror": true}
					]
				},
				{
					"name": "PiernaDerecha",
					"parent": "Daisy",
					"pivot": [-1, 35, 6],
					"rotation": [0, 0, -60],
					"cubes": [
						{"origin": [-19, 34, 5], "size": [18, 2, 2], "uv": [14, 102], "mirror": true}
					]
				},
				{
					"name": "Brazo3",
					"parent": "PiernaDerecha",
					"pivot": [-19, 35, 6],
					"rotation": [0, 0, -27.5],
					"cubes": [
						{"origin": [-37, 34, 5], "size": [18, 2, 2], "uv": [14, 102], "mirror": true}
					]
				},
				{
					"name": "Mano3",
					"parent": "Brazo3",
					"pivot": [-37, 35, 6],
					"rotation": [90.00003, -85, 89.99997],
					"cubes": [
						{"origin": [-54, 31, 5], "size": [3, 8, 2], "uv": [36, 98], "mirror": true},
						{"origin": [-55, 32, 5], "size": [2, 6, 2], "uv": [36, 98], "mirror": true},
						{"origin": [-56, 33, 5], "size": [1, 4, 2], "uv": [36, 98], "mirror": true},
						{"origin": [-38, 31, 5], "size": [2, 8, 2], "uv": [36, 98], "mirror": true},
						{"origin": [-40, 30, 5], "size": [2, 10, 2], "uv": [36, 98], "mirror": true},
						{"origin": [-51, 30, 5], "size": [6, 10, 2], "uv": [36, 98], "mirror": true},
						{"origin": [-47, 29, 5], "size": [7, 12, 2], "uv": [36, 98], "mirror": true}
					]
				},
				{
					"name": "PiernaIzquierda",
					"parent": "Daisy",
					"pivot": [1, 35, 6],
					"rotation": [0, 0, 60],
					"cubes": [
						{"origin": [1, 34, 5], "size": [18, 2, 2], "uv": [14, 102]}
					]
				},
				{
					"name": "Brazo4",
					"parent": "PiernaIzquierda",
					"pivot": [19, 35, 6],
					"rotation": [0, 0, 27.5],
					"cubes": [
						{"origin": [19, 34, 5], "size": [18, 2, 2], "uv": [14, 102]}
					]
				},
				{
					"name": "Mano4",
					"parent": "Brazo4",
					"pivot": [37, 35, 6],
					"rotation": [90.00003, 85, -89.99997],
					"cubes": [
						{"origin": [51, 31, 5], "size": [3, 8, 2], "uv": [36, 98]},
						{"origin": [53, 32, 5], "size": [2, 6, 2], "uv": [36, 98]},
						{"origin": [55, 33, 5], "size": [1, 4, 2], "uv": [36, 98]},
						{"origin": [36, 31, 5], "size": [2, 8, 2], "uv": [36, 98]},
						{"origin": [38, 30, 5], "size": [2, 10, 2], "uv": [36, 98]},
						{"origin": [45, 30, 5], "size": [6, 10, 2], "uv": [36, 98]},
						{"origin": [40, 29, 5], "size": [7, 12, 2], "uv": [36, 98]}
					]
				}
			]
		}
	]
}