{
	"format_version": "1.12.0",
	"minecraft:geometry": [
		{
			"description": {
				"identifier": "geometry.generator",
				"texture_width": 64,
				"texture_height": 64,
				"visible_bounds_width": 3,
				"visible_bounds_height": 2.5,
				"visible_bounds_offset": [0, 0.75, 0]
			},
			"bones": [
				{
					"name": "main",
					"pivot": [0, 0, 7],
					"cubes": [
						{"origin": [-5, 0, 6], "size": [10, 2, 2], "uv": [22, 0]},
						{"origin": [-5, 16, 6], "size": [10, 2, 2], "uv": [22, 0]},
						{"origin": [-7, 1, 6], "size": [2, 2, 2], "uv": [56, 0]},
						{"origin": [-7, 15, 6], "size": [2, 2, 2], "uv": [56, 0]},
						{"origin": [-8, 2, 6], "size": [2, 2, 2], "uv": [56, 0]},
						{"origin": [-8, 13, 6], "size": [2, 2, 2], "uv": [56, 0]},
						{"origin": [-9, 4, 6], "size": [2, 2, 2], "uv": [56, 0]},
						{"origin": [-9, 11, 6], "size": [2, 2, 2], "uv": [56, 0]},
						{"origin": [-10, 6, 6], "size": [2, 3, 2], "uv": [56, 0]},
						{"origin": [-9.5, 9, 6], "size": [2, 2, 2], "uv": [56, 0]},
						{"origin": [7.5, 9, 6], "size": [2, 2, 2], "uv": [56, 0], "mirror": true},
						{"origin": [7, 11, 6], "size": [2, 2, 2], "uv": [56, 0], "mirror": true},
						{"origin": [6, 13, 6], "size": [2, 2, 2], "uv": [56, 0], "mirror": true},
						{"origin": [5, 15, 6], "size": [2, 2, 2], "uv": [56, 0], "mirror": true},
						{"origin": [8, 6, 6], "size": [2, 3, 2], "uv": [56, 0], "mirror": true},
						{"origin": [7, 4, 6], "size": [2, 2, 2], "uv": [56, 0], "mirror": true},
						{"origin": [6, 2, 6], "size": [2, 2, 2], "uv": [56, 0], "mirror": true},
						{"origin": [5, 1, 6], "size": [2, 2, 2], "uv": [56, 0], "mirror": true}
					]
				},
				{
					"name": "main2",
					"parent": "main",
					"pivot": [0, 3, 7],
					"cubes": [
						{"origin": [-8, 4, 7], "size": [16, 5, 1], "uv": [0, 8]},
						{"origin": [-8, 9, 7], "size": [16, 2, 1], "uv": [0, 8]},
						{"origin": [-8, 11, 7], "size": [16, 2, 1], "uv": [0, 8]},
						{"origin": [-6, 13, 7], "size": [12, 3, 1], "uv": [0, 8]},
						{"origin": [-6, 2, 7], "size": [12, 2, 1], "uv": [0, 8]},
						{"origin": [-3, 7, 6.5], "size": [1, 4, 1], "uv": [0, 14]},
						{"origin": [2, 7, 6.5], "size": [1, 4, 1], "uv": [0, 14]},
						{"origin": [-0.5, 8.5, 4.5], "size": [1, 1, 3], "uv": [31, 20]},
						{"origin": [-1.5, 7.5, 4], "size": [3, 3, 1], "uv": [16, 17]},
						{"origin": [4.5, 9.5, 6.5], "size": [1, 4, 1], "pivot": [2.5, 9, 7], "rotation": [0, 0, -90], "uv": [0, 14]},
						{"origin": [-0.5, 9.5, 6.5], "size": [1, 4, 1], "pivot": [2.5, 9, 7], "rotation": [0, 0, -90], "uv": [0, 14]},
						{"origin": [-1, 16, 7], "size": [2, 1, 1], "uv": [0, 8]}
					]
				},
				{
					"name": "bone",
					"parent": "main2",
					"pivot": [0, 3, 0]
				},
				{
					"name": "bone2",
					"parent": "bone",
					"pivot": [0, 3, 0]
				}
			]
		}
	]
}