{
	"format_version": "1.10.0",
	"geometry.ic_bron": {
		"texturewidth": 64,
		"textureheight": 64,
		"visible_bounds_width": 4,
		"visible_bounds_height": 3,
		"visible_bounds_offset": [0, 1.5, 0],
		"bones": [
			{
				"name": "body",
				"pivot": [0, 24, 0],
				"cubes": [
					{"origin": [-4.5, 7, -9.25], "size": [9, 9, 16], "uv": [0, 0]}
				]
			},
			{
				"name": "wing",
				"parent": "body",
				"pivot": [-2, 0.75, -1],
				"rotation": [0, 0, 15]
			},
			{
				"name": "wing2",
				"parent": "body",
				"pivot": [11, 3, -1],
				"rotation": [0, 0, -15]
			},
			{
				"name": "tail",
				"pivot": [0.5, 5, -0.5],
				"rotation": [50, 0, 0],
				"cubes": [
					{"origin": [-1.5, -2.76095, 6.59068], "size": [3, 7, 3], "uv": [24, 47]}
				]
			},
			{
				"name": "tail2",
				"parent": "tail",
				"pivot": [0.5, -8, 3.5],
				"rotation": [50, 0, 0],
				"cubes": [
					{"origin": [-1.5, -14, 9.5], "size": [3, 7, 3], "uv": [44, 44]}
				]
			},
			{
				"name": "head",
				"pivot": [0, 40, -3],
				"cubes": [
					{"origin": [-3.5, 21.75, -14], "size": [7, 7, 6], "uv": [0, 25]},
					{"origin": [-2.5, 21.75, -18], "size": [5, 4, 6], "uv": [26, 25]}
				]
			},
			{
				"name": "bone",
				"parent": "head",
				"pivot": [0, 31, -3],
				"cubes": [
					{"origin": [-2, 16, -13], "size": [4, 6, 4], "uv": [34, 0]}
				]
			},
			{
				"name": "bone2",
				"parent": "head",
				"pivot": [0, 34, -16],
				"rotation": [32.5, 0, 0],
				"cubes": [
					{"origin": [-2, 8.20706, -23.14122], "size": [4, 9, 4], "uv": [0, 0]}
				]
			},
			{
				"name": "rightArm",
				"pivot": [-3, 5, -9],
				"rotation": [-26.78135, 20.29348, -9.92926],
				"cubes": [
					{"origin": [-4.9, 0, -11], "size": [3, 9, 3], "uv": [35, 35]}
				]
			},
			{
				"name": "leftArm",
				"pivot": [4, 5, -9.75],
				"rotation": [-23.47603, -16.1299, 6.88003],
				"mirror": true,
				"cubes": [
					{"origin": [1.62644, 0.03996, -10.75], "size": [3, 9, 3], "uv": [23, 35], "mirror": false}
				]
			},
			{
				"name": "rightLeg",
				"pivot": [-3.65, 12, 3],
				"cubes": [
					{"origin": [-5.65, 0, 3], "size": [3, 9, 3], "uv": [12, 44]}
				]
			},
			{
				"name": "leftLeg",
				"pivot": [2.9, 13, 0],
				"mirror": true,
				"cubes": [
					{"origin": [2.62644, 0, 3], "size": [3, 9, 3], "uv": [0, 38], "mirror": false}
				]
			}
		]
	}
}