{
	"format_version": "1.12.0",
	"minecraft:geometry": [
		{
			"description": {
				"identifier": "geometry.ic_bunzo",
				"texture_width": 64,
				"texture_height": 64,
				"visible_bounds_width": 3,
				"visible_bounds_height": 4,
				"visible_bounds_offset": [0, 2, 0]
			},
			"bones": [
				{
					"name": "root",
					"pivot": [0, 28, 0]
				},
				{
					"name": "body",
					"parent": "root",
					"pivot": [0, 28, 0],
					"cubes": [
						{"origin": [-4, 14, -3], "size": [8, 10, 6], "uv": [0, 30]},
						{"origin": [-4.5, 14, -3.5], "size": [9, 6, 7], "uv": [25, 23]}
					]
				},
				{
					"name": "head",
					"parent": "body",
					"pivot": [0, 25, 0],
					"cubes": [
						{"origin": [-4, 26, -4], "size": [8, 8, 8], "uv": [0, 14]},
						{"origin": [-4.5, 25, -4.5], "size": [9, 5, 9], "uv": [0, 0]},
						{"origin": [-2, 34, -2], "size": [4, 3, 4], "uv": [36, 11]},
						{"origin": [-1.5, 37, -1.5], "size": [3, 3, 3], "uv": [24, 46]},
						{"origin": [-1, 24, -1], "size": [2, 1, 2], "uv": [0, 0]}
					]
				},
				{
					"name": "ear",
					"parent": "head",
					"pivot": [3, 32, 2],
					"rotation": [17.49593, -59.18043, -27.99263],
					"cubes": [
						{"origin": [4.09972, 23.67682, 0], "size": [2, 10, 4], "uv": [12, 46]}
					]
				},
				{
					"name": "ear2",
					"parent": "ear",
					"pivot": [-7.90028, -7.32318, 2],
					"rotation": [0, 0, 12.5],
					"cubes": [
						{"origin": [-2.90028, 16.67682, 0], "size": [2, 10, 4], "uv": [0, 46]}
					]
				},
				{
					"name": "ear3",
					"parent": "head",
					"pivot": [-2, 32, 2],
					"rotation": [10.8216, 34.87706, 19.08318],
					"cubes": [
						{"origin": [-5.74714, 23.88322, 0], "size": [2, 10, 4], "uv": [12, 46]}
					]
				},
				{
					"name": "ear4",
					"parent": "ear3",
					"pivot": [-3.74714, -10.11678, 2],
					"rotation": [0, 0, -12.5],
					"cubes": [
						{"origin": [1.25286, 13.88322, 0], "size": [2, 10, 4], "uv": [0, 46]}
					]
				},
				{
					"name": "rightArm",
					"parent": "body",
					"pivot": [-4.54009, 23.57725, -0.5],
					"rotation": [7.5, 0, 12.5],
					"cubes": [
						{"origin": [-4.89077, 17.17342, -2.3823], "size": [2, 7, 3], "uv": [28, 36]}
					]
				},
				{
					"name": "rightArm2",
					"parent": "rightArm",
					"pivot": [-3.89077, 16.67342, -0.8823],
					"rotation": [-106.22043, 21.38282, -14.72134],
					"cubes": [
						{"origin": [-4.89077, 10.17342, -2.3823], "size": [2, 7, 3], "uv": [28, 36]}
					]
				},
				{
					"name": "rightArm7",
					"parent": "rightArm2",
					"pivot": [2.10923, -0.82658, -0.3823],
					"rotation": [0, 0, -12.5],
					"cubes": [
						{"origin": [-2.39077, 8.17342, -2.8823], "size": [2, 4, 4], "uv": [48, 52]},
						{"origin": [-0.35068, 5.17342, -5.8823], "size": [0, 10, 10], "uv": [50, 10]}
					]
				},
				{
					"name": "leftArm",
					"parent": "body",
					"pivot": [4.97724, 23.54314, -0.5],
					"rotation": [15, 0, -2.5],
					"mirror": true,
					"cubes": [
						{"origin": [3.84638, 17.14812, -2.77572], "size": [2, 7, 3], "uv": [38, 36], "mirror": false}
					]
				},
				{
					"name": "leftArm2",
					"parent": "leftArm",
					"pivot": [4.84638, 16.64812, -1.27572],
					"rotation": [-111.88023, -23.39896, 9.06159],
					"mirror": true,
					"cubes": [
						{"origin": [3.84638, 10.14812, -2.77572], "size": [2, 7, 3], "uv": [38, 36], "mirror": false}
					]
				},
				{
					"name": "leftArm7",
					"parent": "leftArm2",
					"pivot": [2.84638, 5.14812, -0.77572],
					"rotation": [0, 0, 12.5],
					"mirror": true,
					"cubes": [
						{"origin": [2.84638, 7.14812, -3.27572], "size": [2, 4, 4], "uv": [36, 52], "mirror": false},
						{"origin": [2.82905, 4.18223, -6.27572], "size": [0, 10, 10], "uv": [50, 10], "mirror": false}
					]
				},
				{
					"name": "rightLeg",
					"pivot": [-2.9, 13, 0],
					"cubes": [
						{"origin": [-4.4, 11, -2.5], "size": [4, 4, 4], "uv": [24, 14]},
						{"origin": [-3.9, 8, -2], "size": [3, 3, 3], "uv": [36, 46]}
					]
				},
				{
					"name": "rightLeg2",
					"parent": "rightLeg",
					"pivot": [-2.9, 8, 0],
					"cubes": [
						{"origin": [-3.9, 3, -2], "size": [3, 5, 3], "uv": [24, 52]}
					]
				},
				{
					"name": "rightLeg3",
					"parent": "rightLeg2",
					"pivot": [-1.9, -10, 0],
					"cubes": [
						{"origin": [-4.4, 0, -4], "size": [4, 3, 6], "uv": [27, 0]}
					]
				},
				{
					"name": "leftLeg",
					"pivot": [2.9, 13, 0],
					"mirror": true,
					"cubes": [
						{"origin": [0.4, 11, -2.5], "size": [4, 4, 4], "uv": [24, 14], "mirror": false},
						{"origin": [0.9, 8, -2], "size": [3, 3, 3], "uv": [36, 46], "mirror": false}
					]
				},
				{
					"name": "leftLeg2",
					"parent": "leftLeg",
					"pivot": [1.9, 8, 0],
					"mirror": true,
					"cubes": [
						{"origin": [0.9, 3, -2], "size": [3, 5, 3], "uv": [24, 52], "mirror": false}
					]
				},
				{
					"name": "leftleg3",
					"parent": "leftLeg2",
					"pivot": [1.9, -10, 0],
					"mirror": true,
					"cubes": [
						{"origin": [0.4, 0, -4], "size": [4, 3, 6], "uv": [27, 0], "mirror": false}
					]
				}
			]
		}
	]
}