{
	"format_version": "1.10.0",
	"geometry.ic_daisy": {
		"texturewidth": 64,
		"textureheight": 64,
		"visible_bounds_width": 4,
		"visible_bounds_height": 3,
		"visible_bounds_offset": [0, 1.5, 0],
		"bones": [
			{
				"name": "body",
				"pivot": [8, 7, 16],
				"rotation": [-90, 0, 0],
				"cubes": [
					{"origin": [0, -10, 4], "size": [1, 1, 5], "uv": [18, 39]},
					{"origin": [-1, -11, 9], "size": [3, 3, 3], "uv": [38, 23]}
				]
			},
			{
				"name": "head",
				"parent": "body",
				"pivot": [0, 0, 0],
				"cubes": [
					{"origin": [-3, -11, -7], "size": [7, 3, 7], "uv": [0, 0]}
				]
			},
			{
				"name": "petal",
				"parent": "head",
				"pivot": [-5, -1, 4],
				"rotation": [0, -45, 0],
				"cubes": [
					{"origin": [-8.5, -10.5, -3], "size": [4, 2, 5], "uv": [31, 32]}
				]
			},
			{
				"name": "petal2",
				"parent": "head",
				"pivot": [1, -1, 6],
				"cubes": [
					{"origin": [-1.5, -10.5, -1], "size": [4, 2, 5], "uv": [13, 32]}
				]
			},
			{
				"name": "petal3",
				"parent": "head",
				"pivot": [8, -1, 3],
				"rotation": [0, 45, 0],
				"cubes": [
					{"origin": [5.5, -10.5, -4], "size": [4, 2, 5], "uv": [30, 0]}
				]
			},
			{
				"name": "petal5",
				"parent": "petal3",
				"pivot": [14, -1, -14],
				"rotation": [0, 90, 0],
				"cubes": [
					{"origin": [4.5, -10.5, -18], "size": [4, 2, 5], "uv": [23, 25]}
				]
			},
			{
				"name": "petal6",
				"parent": "petal3",
				"pivot": [18, -1, -7],
				"rotation": [0, 135, 0],
				"cubes": [
					{"origin": [23.5, -10.5, -12], "size": [4, 2, 5], "uv": [23, 18]}
				]
			},
			{
				"name": "petal7",
				"parent": "petal3",
				"pivot": [14, -1, -14],
				"rotation": [0, 180, 0],
				"cubes": [
					{"origin": [19, -10.5, -19], "size": [4, 2, 5], "uv": [20, 11]}
				]
			},
			{
				"name": "petal8",
				"parent": "petal3",
				"pivot": [14, -1, -14],
				"rotation": [0, -135, 0],
				"cubes": [
					{"origin": [22, -10.5, -12], "size": [4, 2, 5], "uv": [10, 20]}
				]
			},
			{
				"name": "petal4",
				"parent": "head",
				"pivot": [10, -1, -4],
				"rotation": [0, 90, 0],
				"cubes": [
					{"origin": [7.5, -10.5, -11], "size": [4, 2, 5], "uv": [0, 28]}
				]
			},
			{
				"name": "Leftleg",
				"parent": "body",
				"pivot": [-4, -1, 3],
				"rotation": [0, 40, 0],
				"cubes": [
					{"origin": [-5, -10, 12], "size": [1, 1, 8], "uv": [10, 11]}
				]
			},
			{
				"name": "Leftleg2",
				"parent": "Leftleg",
				"pivot": [-4, -1, 3],
				"rotation": [0, -35, 0],
				"cubes": [
					{"origin": [4.7508, -10, 16.92558], "size": [1, 1, 7], "uv": [9, 39]}
				]
			},
			{
				"name": "Leftleg3",
				"parent": "Leftleg2",
				"pivot": [-11, -1, 9],
				"rotation": [0, -12.5, 0],
				"cubes": [
					{"origin": [6.7508, -12, 19.5], "size": [5, 5, 0], "uv": [42, 7]}
				]
			},
			{
				"name": "Leftleg4",
				"parent": "body",
				"pivot": [9, -1, 2],
				"rotation": [0, -70, 0],
				"cubes": [
					{"origin": [8, -10, 11], "size": [1, 1, 8], "uv": [0, 19]}
				]
			},
			{
				"name": "Leftleg5",
				"parent": "Leftleg4",
				"pivot": [9, -1, 2],
				"rotation": [0, -35, 0],
				"cubes": [
					{"origin": [17.7508, -10, 15.92558], "size": [1, 1, 7], "uv": [0, 35]}
				]
			},
			{
				"name": "Leftleg6",
				"parent": "Leftleg5",
				"pivot": [2, -1, 8],
				"rotation": [0, -12.5, 0],
				"cubes": [
					{"origin": [19.7508, -12, 18.5], "size": [5, 5, 0], "uv": [25, 39]}
				]
			},
			{
				"name": "Rightleg",
				"parent": "body",
				"pivot": [5, -18, 2],
				"rotation": [-2.02558, 37.50956, -179.31807],
				"cubes": [
					{"origin": [4, -27, 11], "size": [1, 1, 8], "uv": [20, 2]}
				]
			},
			{
				"name": "Rightleg2",
				"parent": "Rightleg",
				"pivot": [5, -18, 2],
				"rotation": [0, -35, 0],
				"cubes": [
					{"origin": [13.7508, -27, 15.92558], "size": [1, 1, 7], "uv": [36, 15]}
				]
			},
			{
				"name": "Rightleg3",
				"parent": "Rightleg2",
				"pivot": [-2, -18, 8],
				"rotation": [0, -12.5, 0],
				"cubes": [
					{"origin": [15.7508, -29, 19], "size": [5, 5, 0], "uv": [35, 39]}
				]
			},
			{
				"name": "Rightleg4",
				"parent": "body",
				"pivot": [-7, -18, -1],
				"rotation": [-2.49721, -49.94633, -176.17242],
				"cubes": [
					{"origin": [-8, -27, 8], "size": [1, 1, 8], "uv": [0, 10]}
				]
			},
			{
				"name": "Rightleg5",
				"parent": "Rightleg4",
				"pivot": [-7, -18, -1],
				"rotation": [0, -35, 0],
				"cubes": [
					{"origin": [1.7508, -27, 12.92558], "size": [1, 1, 7], "uv": [33, 7]}
				]
			},
			{
				"name": "Rightleg6",
				"parent": "Rightleg5",
				"pivot": [-14, -18, 5],
				"rotation": [0, -12.5, 0],
				"cubes": [
					{"origin": [3.7508, -29, 16], "size": [5, 5, 0], "uv": [26, 32]}
				]
			}
		]
	}
}