{
	"format_version": "1.12.0",
	"minecraft:geometry": [
		{
			"description": {
				"identifier": "geometry.grab_pack_missing",
				"texture_width": 128,
				"texture_height": 128,
				"visible_bounds_width": 12,
				"visible_bounds_height": 4,
				"visible_bounds_offset": [0, 1, 0]
			},
			"bones": [
				{
					"name": "grab",
					"pivot": [0, 1, 0]
				},
				{
					"name": "Motor",
					"parent": "grab",
					"pivot": [0, 24, 10],
					"cubes": [
						{"origin": [3, 22, 6], "size": [1, 4, 8], "uv": [22, 33]},
						{"origin": [3, 26, 7], "size": [1, 1, 6], "uv": [22, 33]},
						{"origin": [3, 21, 7], "size": [1, 1, 6], "uv": [22, 33]},
						{"origin": [3, 27, 8], "size": [1, 1, 4], "uv": [22, 33]},
						{"origin": [3, 20, 8], "size": [1, 1, 4], "uv": [22, 33]},
						{"origin": [4, 22, 7], "size": [1, 4, 6], "uv": [84, 29]},
						{"origin": [4, 26, 8], "size": [1, 1, 4], "uv": [84, 29]},
						{"origin": [4, 21, 8], "size": [1, 1, 4], "uv": [84, 29]},
						{"origin": [-5, 26, 8], "size": [1, 1, 4], "uv": [84, 29], "mirror": true},
						{"origin": [-5, 22, 7], "size": [1, 4, 6], "uv": [84, 29], "mirror": true},
						{"origin": [-5, 21, 8], "size": [1, 1, 4], "uv": [84, 29], "mirror": true},
						{"origin": [-4, 22, 6], "size": [1, 4, 8], "uv": [22, 33], "mirror": true},
						{"origin": [-4, 26, 7], "size": [1, 1, 6], "uv": [22, 33], "mirror": true},
						{"origin": [-4, 27, 8], "size": [1, 1, 4], "uv": [22, 33], "mirror": true},
						{"origin": [-4, 21, 7], "size": [1, 1, 6], "uv": [22, 33], "mirror": true},
						{"origin": [-4, 20, 8], "size": [1, 1, 4], "uv": [22, 33], "mirror": true}
					]
				},
				{
					"name": "Ruedamotor1",
					"parent": "Motor",
					"pivot": [0, 25, 10],
					"cubes": [
						{"origin": [-0.5, 22, 8], "size": [1, 4, 4], "uv": [51, 0]},
						{"origin": [-0.5, 26, 9], "size": [1, 1, 2], "uv": [53, 4]},
						{"origin": [-0.5, 21, 9], "size": [1, 1, 2], "uv": [53, 4]},
						{"origin": [1.5, 21, 9], "size": [1, 1, 2], "uv": [53, 4]},
						{"origin": [-0.5, 21, 9], "size": [1, 1, 2], "pivot": [0, 24, 10], "rotation": [90, 0, 0], "uv": [53, 4]},
						{"origin": [-0.5, 26, 9], "size": [1, 1, 2], "pivot": [0, 24, 10], "rotation": [90, 0, 0], "uv": [53, 4]},
						{"origin": [-0.5, 25.5, 8.5], "size": [1, 1, 3], "pivot": [0, 24, 10], "rotation": [90, 0, 0], "uv": [53, 4]},
						{"origin": [-0.5, 21.5, 8.5], "size": [1, 1, 3], "pivot": [0, 24, 10], "rotation": [90, 0, 0], "uv": [53, 4]},
						{"origin": [-0.5, 24.5, 7.5], "size": [1, 1, 5], "pivot": [0, 24, 10], "rotation": [90, 0, 0], "uv": [53, 4]},
						{"origin": [-0.5, 22.5, 7.5], "size": [1, 1, 5], "pivot": [0, 24, 10], "rotation": [90, 0, 0], "uv": [53, 4]},
						{"origin": [1.5, 21, 9], "size": [1, 1, 2], "pivot": [2, 24, 10], "rotation": [90, 0, 0], "uv": [53, 4]},
						{"origin": [1.5, 21.5, 8.5], "size": [1, 1, 3], "pivot": [2, 24, 10], "rotation": [90, 0, 0], "uv": [53, 4]},
						{"origin": [1.5, 22, 8], "size": [1, 4, 4], "uv": [51, 0]},
						{"origin": [1.5, 22.5, 7.5], "size": [1, 1, 5], "pivot": [2, 24, 10], "rotation": [90, 0, 0], "uv": [53, 4]},
						{"origin": [1.5, 26, 9], "size": [1, 1, 2], "uv": [53, 4]},
						{"origin": [1.5, 24.5, 7.5], "size": [1, 1, 5], "pivot": [2, 24, 10], "rotation": [90, 0, 0], "uv": [53, 4]},
						{"origin": [1.5, 25.5, 8.5], "size": [1, 1, 3], "pivot": [2, 24, 10], "rotation": [90, 0, 0], "uv": [53, 4]},
						{"origin": [1.5, 26, 9], "size": [1, 1, 2], "pivot": [2, 24, 10], "rotation": [90, 0, 0], "uv": [53, 4]},
						{"origin": [-2.5, 21.5, 8.5], "size": [1, 1, 3], "pivot": [-2, 24, 10], "rotation": [90, 0, 0], "uv": [53, 4]},
						{"origin": [-2.5, 21, 9], "size": [1, 1, 2], "pivot": [-2, 24, 10], "rotation": [90, 0, 0], "uv": [53, 4]},
						{"origin": [-2.5, 22.5, 7.5], "size": [1, 1, 5], "pivot": [-2, 24, 10], "rotation": [90, 0, 0], "uv": [53, 4]},
						{"origin": [-2.5, 26, 9], "size": [1, 1, 2], "uv": [53, 4]},
						{"origin": [-2.5, 24.5, 7.5], "size": [1, 1, 5], "pivot": [-2, 24, 10], "rotation": [90, 0, 0], "uv": [53, 4]},
						{"origin": [-2.5, 25.5, 8.5], "size": [1, 1, 3], "pivot": [-2, 24, 10], "rotation": [90, 0, 0], "uv": [53, 4]},
						{"origin": [-2.5, 26, 9], "size": [1, 1, 2], "pivot": [-2, 24, 10], "rotation": [90, 0, 0], "uv": [53, 4]},
						{"origin": [-2.5, 21, 9], "size": [1, 1, 2], "uv": [53, 4]},
						{"origin": [-2.5, 22, 8], "size": [1, 4, 4], "uv": [51, 0]}
					]
				},
				{
					"name": "Rueda_motor2",
					"parent": "Motor",
					"pivot": [1, 25, 10],
					"cubes": [
						{"origin": [0.5, 22, 8], "size": [1, 4, 4], "uv": [77, 1]},
						{"origin": [0.5, 26, 9], "size": [1, 1, 2], "uv": [79, 5]},
						{"origin": [0.5, 21, 9], "size": [1, 1, 2], "uv": [79, 5]},
						{"origin": [2.5, 21, 9], "size": [1, 1, 2], "uv": [79, 5]},
						{"origin": [0.5, 21, 9], "size": [1, 1, 2], "pivot": [1, 24, 10], "rotation": [90, 0, 0], "uv": [79, 5]},
						{"origin": [0.5, 26, 9], "size": [1, 1, 2], "pivot": [1, 24, 10], "rotation": [90, 0, 0], "uv": [79, 5]},
						{"origin": [0.5, 25.5, 8.5], "size": [1, 1, 3], "pivot": [1, 24, 10], "rotation": [90, 0, 0], "uv": [79, 5]},
						{"origin": [0.5, 21.5, 8.5], "size": [1, 1, 3], "pivot": [1, 24, 10], "rotation": [90, 0, 0], "uv": [79, 5]},
						{"origin": [0.5, 24.5, 7.5], "size": [1, 1, 5], "pivot": [1, 24, 10], "rotation": [90, 0, 0], "uv": [79, 5]},
						{"origin": [0.5, 22.5, 7.5], "size": [1, 1, 5], "pivot": [1, 24, 10], "rotation": [90, 0, 0], "uv": [79, 5]},
						{"origin": [2.5, 21, 9], "size": [1, 1, 2], "pivot": [3, 24, 10], "rotation": [90, 0, 0], "uv": [79, 5]},
						{"origin": [2.5, 21.5, 8.5], "size": [1, 1, 3], "pivot": [3, 24, 10], "rotation": [90, 0, 0], "uv": [79, 5]},
						{"origin": [2.5, 22, 8], "size": [1, 4, 4], "uv": [77, 1]},
						{"origin": [2.5, 22.5, 7.5], "size": [1, 1, 5], "pivot": [3, 24, 10], "rotation": [90, 0, 0], "uv": [79, 5]},
						{"origin": [2.5, 26, 9], "size": [1, 1, 2], "uv": [79, 5]},
						{"origin": [2.5, 24.5, 7.5], "size": [1, 1, 5], "pivot": [3, 24, 10], "rotation": [90, 0, 0], "uv": [79, 5]},
						{"origin": [2.5, 25.5, 8.5], "size": [1, 1, 3], "pivot": [3, 24, 10], "rotation": [90, 0, 0], "uv": [79, 5]},
						{"origin": [2.5, 26, 9], "size": [1, 1, 2], "pivot": [3, 24, 10], "rotation": [90, 0, 0], "uv": [79, 5]},
						{"origin": [-1.5, 21.5, 8.5], "size": [1, 1, 3], "pivot": [-1, 24, 10], "rotation": [90, 0, 0], "uv": [79, 5]},
						{"origin": [-1.5, 21, 9], "size": [1, 1, 2], "pivot": [-1, 24, 10], "rotation": [90, 0, 0], "uv": [79, 5]},
						{"origin": [-1.5, 22.5, 7.5], "size": [1, 1, 5], "pivot": [-1, 24, 10], "rotation": [90, 0, 0], "uv": [79, 5]},
						{"origin": [-1.5, 26, 9], "size": [1, 1, 2], "uv": [79, 5]},
						{"origin": [-1.5, 24.5, 7.5], "size": [1, 1, 5], "pivot": [-1, 24, 10], "rotation": [90, 0, 0], "uv": [79, 5]},
						{"origin": [-1.5, 25.5, 8.5], "size": [1, 1, 3], "pivot": [-1, 24, 10], "rotation": [90, 0, 0], "uv": [79, 5]},
						{"origin": [-1.5, 26, 9], "size": [1, 1, 2], "pivot": [-1, 24, 10], "rotation": [90, 0, 0], "uv": [79, 5]},
						{"origin": [-1.5, 21, 9], "size": [1, 1, 2], "uv": [79, 5]},
						{"origin": [-1.5, 22, 8], "size": [1, 4, 4], "uv": [77, 1]}
					]
				},
				{
					"name": "Rueda_motor3",
					"parent": "Rueda_motor2",
					"pivot": [-1, 25, 10],
					"cubes": [
						{"origin": [-1.5, 22, 8], "size": [1, 4, 4], "uv": [77, 1]},
						{"origin": [-1.5, 26, 9], "size": [1, 1, 2], "uv": [79, 5]},
						{"origin": [-1.5, 21, 9], "size": [1, 1, 2], "uv": [79, 5]},
						{"origin": [0.5, 21, 9], "size": [1, 1, 2], "uv": [79, 5]},
						{"origin": [-1.5, 21, 9], "size": [1, 1, 2], "pivot": [-1, 24, 10], "rotation": [90, 0, 0], "uv": [79, 5]},
						{"origin": [-1.5, 26, 9], "size": [1, 1, 2], "pivot": [-1, 24, 10], "rotation": [90, 0, 0], "uv": [79, 5]},
						{"origin": [-1.5, 25.5, 8.5], "size": [1, 1, 3], "pivot": [-1, 24, 10], "rotation": [90, 0, 0], "uv": [79, 5]},
						{"origin": [-1.5, 21.5, 8.5], "size": [1, 1, 3], "pivot": [-1, 24, 10], "rotation": [90, 0, 0], "uv": [79, 5]},
						{"origin": [-1.5, 24.5, 7.5], "size": [1, 1, 5], "pivot": [-1, 24, 10], "rotation": [90, 0, 0], "uv": [79, 5]},
						{"origin": [-1.5, 22.5, 7.5], "size": [1, 1, 5], "pivot": [-1, 24, 10], "rotation": [90, 0, 0], "uv": [79, 5]},
						{"origin": [0.5, 21, 9], "size": [1, 1, 2], "pivot": [1, 24, 10], "rotation": [90, 0, 0], "uv": [79, 5]},
						{"origin": [0.5, 21.5, 8.5], "size": [1, 1, 3], "pivot": [1, 24, 10], "rotation": [90, 0, 0], "uv": [79, 5]},
						{"origin": [0.5, 22, 8], "size": [1, 4, 4], "uv": [77, 1]},
						{"origin": [0.5, 22.5, 7.5], "size": [1, 1, 5], "pivot": [1, 24, 10], "rotation": [90, 0, 0], "uv": [79, 5]},
						{"origin": [0.5, 26, 9], "size": [1, 1, 2], "uv": [79, 5]},
						{"origin": [0.5, 24.5, 7.5], "size": [1, 1, 5], "pivot": [1, 24, 10], "rotation": [90, 0, 0], "uv": [79, 5]},
						{"origin": [0.5, 25.5, 8.5], "size": [1, 1, 3], "pivot": [1, 24, 10], "rotation": [90, 0, 0], "uv": [79, 5]},
						{"origin": [0.5, 26, 9], "size": [1, 1, 2], "pivot": [1, 24, 10], "rotation": [90, 0, 0], "uv": [79, 5]},
						{"origin": [-3.5, 21.5, 8.5], "size": [1, 1, 3], "pivot": [-3, 24, 10], "rotation": [90, 0, 0], "uv": [79, 5]},
						{"origin": [-3.5, 21, 9], "size": [1, 1, 2], "pivot": [-3, 24, 10], "rotation": [90, 0, 0], "uv": [79, 5]},
						{"origin": [-3.5, 22.5, 7.5], "size": [1, 1, 5], "pivot": [-3, 24, 10], "rotation": [90, 0, 0], "uv": [79, 5]},
						{"origin": [-3.5, 26, 9], "size": [1, 1, 2], "uv": [79, 5]},
						{"origin": [-3.5, 24.5, 7.5], "size": [1, 1, 5], "pivot": [-3, 24, 10], "rotation": [90, 0, 0], "uv": [79, 5]},
						{"origin": [-3.5, 25.5, 8.5], "size": [1, 1, 3], "pivot": [-3, 24, 10], "rotation": [90, 0, 0], "uv": [79, 5]},
						{"origin": [-3.5, 26, 9], "size": [1, 1, 2], "pivot": [-3, 24, 10], "rotation": [90, 0, 0], "uv": [79, 5]},
						{"origin": [-3.5, 21, 9], "size": [1, 1, 2], "uv": [79, 5]},
						{"origin": [-3.5, 22, 8], "size": [1, 4, 4], "uv": [77, 1]}
					]
				},
				{
					"name": "body",
					"parent": "grab",
					"pivot": [0, 25, -1],
					"cubes": [
						{"origin": [-5, 24, 4], "size": [1, 1, 2], "uv": [16, 67]},
						{"origin": [-5, 25, 3], "size": [1, 1, 1], "uv": [16, 67]},
						{"origin": [-5, 25, -2], "size": [1, 1, 2], "uv": [16, 67]},
						{"origin": [-5, 25.5, 0], "size": [1, 1, 3], "uv": [16, 67]},
						{"origin": [-5, 24.5, -3.5], "size": [1, 1, 1.5], "uv": [16, 67]},
						{"origin": [-5, 19.5, -4.5], "size": [1, 3, 1], "uv": [16, 67]},
						{"origin": [-5, 16.5, -3.5], "size": [1, 1, 5], "uv": [16, 67]},
						{"origin": [-5, 19.5, 1.5], "size": [1, 4, 1], "uv": [16, 67]},
						{"origin": [-5, 22.5, -4], "size": [1, 2, 1], "uv": [16, 67]},
						{"origin": [-5, 17.5, -4], "size": [1, 2, 1], "uv": [16, 67]},
						{"origin": [-5, 17.5, 1], "size": [1, 2, 1], "uv": [16, 67]},
						{"origin": [-5, 23.5, 2], "size": [1, 1, 2], "uv": [16, 67]}
					]
				},
				{
					"name": "Sysjdjd",
					"parent": "body",
					"pivot": [9, 25, -1],
					"cubes": [
						{"origin": [4, 24, 4], "size": [1, 1, 2], "uv": [16, 67]},
						{"origin": [4, 25, 3], "size": [1, 1, 1], "uv": [16, 67]},
						{"origin": [4, 25, -2], "size": [1, 1, 2], "uv": [16, 67]},
						{"origin": [4, 25.5, 0], "size": [1, 1, 3], "uv": [16, 67]},
						{"origin": [4, 24.5, -3.5], "size": [1, 1, 1.5], "uv": [16, 67]},
						{"origin": [4, 19.5, -4.5], "size": [1, 3, 1], "uv": [16, 67]},
						{"origin": [4, 16.5, -3.5], "size": [1, 1, 5], "uv": [16, 67]},
						{"origin": [4, 19.5, 1.5], "size": [1, 4, 1], "uv": [16, 67]},
						{"origin": [4, 22.5, -4], "size": [1, 2, 1], "uv": [16, 67]},
						{"origin": [4, 17.5, -4], "size": [1, 2, 1], "uv": [16, 67]},
						{"origin": [4, 17.5, 1], "size": [1, 2, 1], "uv": [16, 67]},
						{"origin": [4, 23.5, 2], "size": [1, 1, 2], "uv": [16, 67]}
					]
				},
				{
					"name": "Braso1",
					"parent": "grab",
					"pivot": [-6, 25, 11],
					"cubes": [
						{"origin": [-8, 24, 10], "size": [3, 2, 2], "uv": [57, 60]}
					]
				},
				{
					"name": "Braso2",
					"parent": "Braso1",
					"pivot": [-8, 26, 11],
					"rotation": [0, 0, -50],
					"cubes": [
						{"origin": [-11, 24, 10], "size": [3, 2, 2], "uv": [57, 60]}
					]
				},
				{
					"name": "Braso3",
					"parent": "Braso2",
					"pivot": [-10, 25, 11],
					"rotation": [0, 0, -40],
					"cubes": [
						{"origin": [-15.18459, 24.40211, 10], "size": [5, 2, 2], "uv": [57, 60]}
					]
				},
				{
					"name": "Braso5",
					"parent": "Braso3",
					"pivot": [-15.2, 25.4, 12],
					"rotation": [0, -37.5, 0],
					"cubes": [
						{"origin": [-18.2, 24.4, 10], "size": [3, 2, 2], "uv": [50, 59]}
					]
				},
				{
					"name": "Braso4",
					"parent": "Braso5",
					"pivot": [-18.2, 25.4, 12],
					"rotation": [0, -37.5, 0],
					"cubes": [
						{"origin": [-21.2, 24.4, 10], "size": [3, 2, 2], "uv": [50, 59]}
					]
				},
				{
					"name": "Braso6",
					"parent": "Braso4",
					"pivot": [-21.2, 25.4, 12],
					"rotation": [0, -37.5, 0],
					"cubes": [
						{"origin": [-24.2, 24.4, 10], "size": [3, 2, 2], "uv": [50, 59]}
					]
				},
				{
					"name": "Braso7",
					"parent": "Braso6",
					"pivot": [-24.2, 25.4, 12],
					"rotation": [0, -37.5, 0],
					"cubes": [
						{"origin": [-27.2, 24.4, 10], "size": [3, 2, 2], "uv": [50, 59]}
					]
				},
				{
					"name": "Braso8",
					"parent": "Braso7",
					"pivot": [-27.2, 25.4, 12],
					"rotation": [0, -32.5, 0],
					"cubes": [
						{"origin": [-30.2, 24.4, 10], "size": [3, 2, 2], "uv": [50, 59]}
					]
				},
				{
					"name": "Braso9",
					"parent": "Braso8",
					"pivot": [-30.2, 25.4, 10],
					"rotation": [0, 52.5, 0],
					"cubes": [
						{"origin": [-33.2, 24.4, 10], "size": [3, 2, 2], "uv": [50, 59]}
					]
				},
				{
					"name": "Braso10",
					"parent": "Braso9",
					"pivot": [-33.2, 25.4, 10],
					"rotation": [0, 40, 0],
					"cubes": [
						{"origin": [-36.2, 24.4, 10], "size": [3, 2, 2], "uv": [50, 59]},
						{"origin": [-42.2, 22.9, 9.5], "size": [7, 5, 3], "uv": [85, 95]},
						{"origin": [-42.2, 23.4, 9], "size": [7, 4, 4], "uv": [85, 95]},
						{"origin": [-42.2, 21.9, 9.5], "size": [7, 5, 3], "pivot": [-36.7, 24.9, 10.5], "rotation": [90, 0, 0], "uv": [85, 95]},
						{"origin": [-47.7, 22.9, 9.5], "size": [5, 5, 3], "inflate": -0.4, "uv": [85, 95]},
						{"origin": [-47.7, 23.4, 9], "size": [5, 4, 4], "inflate": -0.4, "uv": [85, 95]},
						{"origin": [-47.7, 21.9, 9.5], "size": [5, 5, 3], "inflate": -0.4, "pivot": [-44.2, 24.9, 10.5], "rotation": [90, 0, 0], "uv": [85, 95]},
						{"origin": [-46.7, 17.9, 10], "size": [3, 5, 2], "inflate": -0.4, "pivot": [-44.2, 24.9, 10.5], "rotation": [90, 0, 0], "uv": [38, 25]},
						{"origin": [-48, 23.4, 9], "size": [1, 4, 4], "inflate": -0.3, "uv": [29, 30]},
						{"origin": [-48, 22.9, 9.5], "size": [1, 5, 3], "inflate": -0.3, "uv": [29, 30]},
						{"origin": [-48, 21.9, 9.5], "size": [1, 5, 3], "inflate": -0.3, "pivot": [-43.5, 24.9, 10.5], "rotation": [90, 0, 0], "uv": [29, 30]},
						{"origin": [-43, 22.9, 9.5], "size": [1, 5, 3], "inflate": 0.1, "uv": [33, 26]},
						{"origin": [-43, 23.4, 9], "size": [1, 4, 4], "inflate": 0.1, "uv": [33, 26]},
						{"origin": [-43, 21.9, 9.5], "size": [1, 5, 3], "inflate": 0.1, "pivot": [-36.5, 24.9, 10.5], "rotation": [90, 0, 0], "uv": [33, 26]},
						{"origin": [-41.2, 21.9, 9.5], "size": [4, 5, 3], "inflate": 0.2, "pivot": [-38.7, 24.9, 10.5], "rotation": [90, 0, 0], "uv": [91, 27]},
						{"origin": [-41.2, 23.4, 9], "size": [4, 4, 4], "inflate": 0.2, "uv": [91, 27]},
						{"origin": [-41.2, 22.9, 9.5], "size": [4, 5, 3], "inflate": 0.2, "uv": [91, 27]}
					]
				},
				{
					"name": "Braso11",
					"parent": "grab",
					"pivot": [6, 25, 11],
					"cubes": [
						{"origin": [5, 24, 10], "size": [3, 2, 2], "uv": [57, 60], "mirror": true}
					]
				},
				{
					"name": "Braso12",
					"parent": "Braso11",
					"pivot": [8, 26, 11],
					"rotation": [0, 0, 50],
					"cubes": [
						{"origin": [8, 24, 10], "size": [3, 2, 2], "uv": [57, 60], "mirror": true}
					]
				},
				{
					"name": "Braso13",
					"parent": "Braso12",
					"pivot": [10, 25, 11],
					"rotation": [0, 0, 40],
					"cubes": [
						{"origin": [10.18459, 24.40211, 10], "size": [5, 2, 2], "uv": [57, 60], "mirror": true}
					]
				},
				{
					"name": "Braso14",
					"parent": "Braso13",
					"pivot": [15.2, 25.4, 12],
					"rotation": [0, 37.5, 0],
					"cubes": [
						{"origin": [15.2, 24.4, 10], "size": [3, 2, 2], "uv": [50, 59], "mirror": true}
					]
				},
				{
					"name": "Braso15",
					"parent": "Braso14",
					"pivot": [18.2, 25.4, 12],
					"rotation": [0, 37.5, 0],
					"cubes": [
						{"origin": [18.2, 24.4, 10], "size": [3, 2, 2], "uv": [50, 59], "mirror": true}
					]
				},
				{
					"name": "Braso16",
					"parent": "Braso15",
					"pivot": [21.2, 25.4, 12],
					"rotation": [0, 37.5, 0],
					"cubes": [
						{"origin": [21.2, 24.4, 10], "size": [3, 2, 2], "uv": [50, 59], "mirror": true}
					]
				},
				{
					"name": "Braso17",
					"parent": "Braso16",
					"pivot": [24.2, 25.4, 12],
					"rotation": [0, 37.5, 0],
					"cubes": [
						{"origin": [24.2, 24.4, 10], "size": [3, 2, 2], "uv": [50, 59], "mirror": true}
					]
				},
				{
					"name": "Braso18",
					"parent": "Braso17",
					"pivot": [27.2, 25.4, 12],
					"rotation": [0, 32.5, 0],
					"cubes": [
						{"origin": [27.2, 24.4, 10], "size": [3, 2, 2], "uv": [50, 59], "mirror": true}
					]
				},
				{
					"name": "Braso19",
					"parent": "Braso18",
					"pivot": [30.2, 25.4, 10],
					"rotation": [0, -52.5, 0],
					"cubes": [
						{"origin": [30.2, 24.4, 10], "size": [3, 2, 2], "uv": [50, 59], "mirror": true}
					]
				},
				{
					"name": "Braso20",
					"parent": "Braso19",
					"pivot": [33.2, 25.4, 10],
					"rotation": [0, -40, 0],
					"cubes": [
						{"origin": [33.2, 24.4, 10], "size": [3, 2, 2], "uv": [50, 59], "mirror": true},
						{"origin": [35.2, 22.9, 9.5], "size": [7, 5, 3], "uv": [85, 95], "mirror": true},
						{"origin": [35.2, 23.4, 9], "size": [7, 4, 4], "uv": [85, 95], "mirror": true},
						{"origin": [35.2, 21.9, 9.5], "size": [7, 5, 3], "pivot": [36.7, 24.9, 10.5], "rotation": [90, 0, 0], "uv": [85, 95], "mirror": true},
						{"origin": [42.7, 22.9, 9.5], "size": [5, 5, 3], "inflate": -0.4, "uv": [85, 95], "mirror": true},
						{"origin": [42.7, 23.4, 9], "size": [5, 4, 4], "inflate": -0.4, "uv": [85, 95], "mirror": true},
						{"origin": [42.7, 21.9, 9.5], "size": [5, 5, 3], "inflate": -0.4, "pivot": [44.2, 24.9, 10.5], "rotation": [90, 0, 0], "uv": [85, 95], "mirror": true},
						{"origin": [43.7, 17.9, 10], "size": [3, 5, 2], "inflate": -0.4, "pivot": [44.2, 24.9, 10.5], "rotation": [90, 0, 0], "uv": [38, 25], "mirror": true},
						{"origin": [47, 23.4, 9], "size": [1, 4, 4], "inflate": -0.3, "uv": [29, 30], "mirror": true},
						{"origin": [47, 22.9, 9.5], "size": [1, 5, 3], "inflate": -0.3, "uv": [29, 30], "mirror": true},
						{"origin": [47, 21.9, 9.5], "size": [1, 5, 3], "inflate": -0.3, "pivot": [43.5, 24.9, 10.5], "rotation": [90, 0, 0], "uv": [29, 30], "mirror": true},
						{"origin": [42, 22.9, 9.5], "size": [1, 5, 3], "inflate": 0.1, "uv": [33, 26], "mirror": true},
						{"origin": [42, 23.4, 9], "size": [1, 4, 4], "inflate": 0.1, "uv": [33, 26], "mirror": true},
						{"origin": [42, 21.9, 9.5], "size": [1, 5, 3], "inflate": 0.1, "pivot": [36.5, 24.9, 10.5], "rotation": [90, 0, 0], "uv": [33, 26], "mirror": true},
						{"origin": [37.2, 21.9, 9.5], "size": [4, 5, 3], "inflate": 0.2, "pivot": [38.7, 24.9, 10.5], "rotation": [90, 0, 0], "uv": [91, 27], "mirror": true},
						{"origin": [37.2, 23.4, 9], "size": [4, 4, 4], "inflate": 0.2, "uv": [91, 27], "mirror": true},
						{"origin": [37.2, 22.9, 9.5], "size": [4, 5, 3], "inflate": 0.2, "uv": [91, 27], "mirror": true}
					]
				}
			]
		}
	]
}