{
	"format_version": "1.12.0",
	"minecraft:geometry": [
		{
			"description": {
				"identifier": "geometry.grab_pack",
				"texture_width": 128,
				"texture_height": 128,
				"visible_bounds_width": 12,
				"visible_bounds_height": 4,
				"visible_bounds_offset": [0, 1, 0]
			},
			"bones": [
				{
					"name": "grab",
					"pivot": [0, 1, 0]
				},
				{
					"name": "Motor",
					"parent": "grab",
					"pivot": [0, 24, 10],
					"cubes": [
						{"origin": [3, 22, 6], "size": [1, 4, 8], "uv": [22, 33]},
						{"origin": [3, 26, 7], "size": [1, 1, 6], "uv": [22, 33]},
						{"origin": [3, 21, 7], "size": [1, 1, 6], "uv": [22, 33]},
						{"origin": [3, 27, 8], "size": [1, 1, 4], "uv": [22, 33]},
						{"origin": [3, 20, 8], "size": [1, 1, 4], "uv": [22, 33]},
						{"origin": [4, 22, 7], "size": [1, 4, 6], "uv": [84, 29]},
						{"origin": [4, 26, 8], "size": [1, 1, 4], "uv": [84, 29]},
						{"origin": [4, 21, 8], "size": [1, 1, 4], "uv": [84, 29]},
						{"origin": [-5, 26, 8], "size": [1, 1, 4], "uv": [84, 29], "mirror": true},
						{"origin": [-5, 22, 7], "size": [1, 4, 6], "uv": [84, 29], "mirror": true},
						{"origin": [-5, 21, 8], "size": [1, 1, 4], "uv": [84, 29], "mirror": true},
						{"origin": [-4, 22, 6], "size": [1, 4, 8], "uv": [22, 33], "mirror": true},
						{"origin": [-4, 26, 7], "size": [1, 1, 6], "uv": [22, 33], "mirror": true},
						{"origin": [-4, 27, 8], "size": [1, 1, 4], "uv": [22, 33], "mirror": true},
						{"origin": [-4, 21, 7], "size": [1, 1, 6], "uv": [22, 33], "mirror": true},
						{"origin": [-4, 20, 8], "size": [1, 1, 4], "uv": [22, 33], "mirror": true}
					]
				},
				{
					"name": "Ruedamotor1",
					"parent": "Motor",
					"pivot": [0, 25, 10],
					"cubes": [
						{"origin": [-0.5, 22, 8], "size": [1, 4, 4], "uv": [51, 0]},
						{"origin": [-0.5, 26, 9], "size": [1, 1, 2], "uv": [53, 4]},
						{"origin": [-0.5, 21, 9], "size": [1, 1, 2], "uv": [53, 4]},
						{"origin": [1.5, 21, 9], "size": [1, 1, 2], "uv": [53, 4]},
						{"origin": [-0.5, 21, 9], "size": [1, 1, 2], "pivot": [0, 24, 10], "rotation": [90, 0, 0], "uv": [53, 4]},
						{"origin": [-0.5, 26, 9], "size": [1, 1, 2], "pivot": [0, 24, 10], "rotation": [90, 0, 0], "uv": [53, 4]},
						{"origin": [-0.5, 25.5, 8.5], "size": [1, 1, 3], "pivot": [0, 24, 10], "rotation": [90, 0, 0], "uv": [53, 4]},
						{"origin": [-0.5, 21.5, 8.5], "size": [1, 1, 3], "pivot": [0, 24, 10], "rotation": [90, 0, 0], "uv": [53, 4]},
						{"origin": [-0.5, 24.5, 7.5], "size": [1, 1, 5], "pivot": [0, 24, 10], "rotation": [90, 0, 0], "uv": [53, 4]},
						{"origin": [-0.5, 22.5, 7.5], "size": [1, 1, 5], "pivot": [0, 24, 10], "rotation": [90, 0, 0], "uv": [53, 4]},
						{"origin": [1.5, 21, 9], "size": [1, 1, 2], "pivot": [2, 24, 10], "rotation": [90, 0, 0], "uv": [53, 4]},
						{"origin": [1.5, 21.5, 8.5], "size": [1, 1, 3], "pivot": [2, 24, 10], "rotation": [90, 0, 0], "uv": [53, 4]},
						{"origin": [1.5, 22, 8], "size": [1, 4, 4], "uv": [51, 0]},
						{"origin": [1.5, 22.5, 7.5], "size": [1, 1, 5], "pivot": [2, 24, 10], "rotation": [90, 0, 0], "uv": [53, 4]},
						{"origin": [1.5, 26, 9], "size": [1, 1, 2], "uv": [53, 4]},
						{"origin": [1.5, 24.5, 7.5], "size": [1, 1, 5], "pivot": [2, 24, 10], "rotation": [90, 0, 0], "uv": [53, 4]},
						{"origin": [1.5, 25.5, 8.5], "size": [1, 1, 3], "pivot": [2, 24, 10], "rotation": [90, 0, 0], "uv": [53, 4]},
						{"origin": [1.5, 26, 9], "size": [1, 1, 2], "pivot": [2, 24, 10], "rotation": [90, 0, 0], "uv": [53, 4]},
						{"origin": [-2.5, 21.5, 8.5], "size": [1, 1, 3], "pivot": [-2, 24, 10], "rotation": [90, 0, 0], "uv": [53, 4]},
						{"origin": [-2.5, 21, 9], "size": [1, 1, 2], "pivot": [-2, 24, 10], "rotation": [90, 0, 0], "uv": [53, 4]},
						{"origin": [-2.5, 22.5, 7.5], "size": [1, 1, 5], "pivot": [-2, 24, 10], "rotation": [90, 0, 0], "uv": [53, 4]},
						{"origin": [-2.5, 26, 9], "size": [1, 1, 2], "uv": [53, 4]},
						{"origin": [-2.5, 24.5, 7.5], "size": [1, 1, 5], "pivot": [-2, 24, 10], "rotation": [90, 0, 0], "uv": [53, 4]},
						{"origin": [-2.5, 25.5, 8.5], "size": [1, 1, 3], "pivot": [-2, 24, 10], "rotation": [90, 0, 0], "uv": [53, 4]},
						{"origin": [-2.5, 26, 9], "size": [1, 1, 2], "pivot": [-2, 24, 10], "rotation": [90, 0, 0], "uv": [53, 4]},
						{"origin": [-2.5, 21, 9], "size": [1, 1, 2], "uv": [53, 4]},
						{"origin": [-2.5, 22, 8], "size": [1, 4, 4], "uv": [51, 0]}
					]
				},
				{
					"name": "Rueda_motor2",
					"parent": "Motor",
					"pivot": [1, 25, 10],
					"cubes": [
						{"origin": [0.5, 22, 8], "size": [1, 4, 4], "uv": [77, 1]},
						{"origin": [0.5, 26, 9], "size": [1, 1, 2], "uv": [79, 5]},
						{"origin": [0.5, 21, 9], "size": [1, 1, 2], "uv": [79, 5]},
						{"origin": [2.5, 21, 9], "size": [1, 1, 2], "uv": [79, 5]},
						{"origin": [0.5, 21, 9], "size": [1, 1, 2], "pivot": [1, 24, 10], "rotation": [90, 0, 0], "uv": [79, 5]},
						{"origin": [0.5, 26, 9], "size": [1, 1, 2], "pivot": [1, 24, 10], "rotation": [90, 0, 0], "uv": [79, 5]},
						{"origin": [0.5, 25.5, 8.5], "size": [1, 1, 3], "pivot": [1, 24, 10], "rotation": [90, 0, 0], "uv": [79, 5]},
						{"origin": [0.5, 21.5, 8.5], "size": [1, 1, 3], "pivot": [1, 24, 10], "rotation": [90, 0, 0], "uv": [79, 5]},
						{"origin": [0.5, 24.5, 7.5], "size": [1, 1, 5], "pivot": [1, 24, 10], "rotation": [90, 0, 0], "uv": [79, 5]},
						{"origin": [0.5, 22.5, 7.5], "size": [1, 1, 5], "pivot": [1, 24, 10], "rotation": [90, 0, 0], "uv": [79, 5]},
						{"origin": [2.5, 21, 9], "size": [1, 1, 2], "pivot": [3, 24, 10], "rotation": [90, 0, 0], "uv": [79, 5]},
						{"origin": [2.5, 21.5, 8.5], "size": [1, 1, 3], "pivot": [3, 24, 10], "rotation": [90, 0, 0], "uv": [79, 5]},
						{"origin": [2.5, 22, 8], "size": [1, 4, 4], "uv": [77, 1]},
						{"origin": [2.5, 22.5, 7.5], "size": [1, 1, 5], "pivot": [3, 24, 10], "rotation": [90, 0, 0], "uv": [79, 5]},
						{"origin": [2.5, 26, 9], "size": [1, 1, 2], "uv": [79, 5]},
						{"origin": [2.5, 24.5, 7.5], "size": [1, 1, 5], "pivot": [3, 24, 10], "rotation": [90, 0, 0], "uv": [79, 5]},
						{"origin": [2.5, 25.5, 8.5], "size": [1, 1, 3], "pivot": [3, 24, 10], "rotation": [90, 0, 0], "uv": [79, 5]},
						{"origin": [2.5, 26, 9], "size": [1, 1, 2], "pivot": [3, 24, 10], "rotation": [90, 0, 0], "uv": [79, 5]},
						{"origin": [-1.5, 21.5, 8.5], "size": [1, 1, 3], "pivot": [-1, 24, 10], "rotation": [90, 0, 0], "uv": [79, 5]},
						{"origin": [-1.5, 21, 9], "size": [1, 1, 2], "pivot": [-1, 24, 10], "rotation": [90, 0, 0], "uv": [79, 5]},
						{"origin": [-1.5, 22.5, 7.5], "size": [1, 1, 5], "pivot": [-1, 24, 10], "rotation": [90, 0, 0], "uv": [79, 5]},
						{"origin": [-1.5, 26, 9], "size": [1, 1, 2], "uv": [79, 5]},
						{"origin": [-1.5, 24.5, 7.5], "size": [1, 1, 5], "pivot": [-1, 24, 10], "rotation": [90, 0, 0], "uv": [79, 5]},
						{"origin": [-1.5, 25.5, 8.5], "size": [1, 1, 3], "pivot": [-1, 24, 10], "rotation": [90, 0, 0], "uv": [79, 5]},
						{"origin": [-1.5, 26, 9], "size": [1, 1, 2], "pivot": [-1, 24, 10], "rotation": [90, 0, 0], "uv": [79, 5]},
						{"origin": [-1.5, 21, 9], "size": [1, 1, 2], "uv": [79, 5]},
						{"origin": [-1.5, 22, 8], "size": [1, 4, 4], "uv": [77, 1]}
					]
				},
				{
					"name": "Rueda_motor3",
					"parent": "Rueda_motor2",
					"pivot": [-1, 25, 10],
					"cubes": [
						{"origin": [-1.5, 22, 8], "size": [1, 4, 4], "uv": [77, 1]},
						{"origin": [-1.5, 26, 9], "size": [1, 1, 2], "uv": [79, 5]},
						{"origin": [-1.5, 21, 9], "size": [1, 1, 2], "uv": [79, 5]},
						{"origin": [0.5, 21, 9], "size": [1, 1, 2], "uv": [79, 5]},
						{"origin": [-1.5, 21, 9], "size": [1, 1, 2], "pivot": [-1, 24, 10], "rotation": [90, 0, 0], "uv": [79, 5]},
						{"origin": [-1.5, 26, 9], "size": [1, 1, 2], "pivot": [-1, 24, 10], "rotation": [90, 0, 0], "uv": [79, 5]},
						{"origin": [-1.5, 25.5, 8.5], "size": [1, 1, 3], "pivot": [-1, 24, 10], "rotation": [90, 0, 0], "uv": [79, 5]},
						{"origin": [-1.5, 21.5, 8.5], "size": [1, 1, 3], "pivot": [-1, 24, 10], "rotation": [90, 0, 0], "uv": [79, 5]},
						{"origin": [-1.5, 24.5, 7.5], "size": [1, 1, 5], "pivot": [-1, 24, 10], "rotation": [90, 0, 0], "uv": [79, 5]},
						{"origin": [-1.5, 22.5, 7.5], "size": [1, 1, 5], "pivot": [-1, 24, 10], "rotation": [90, 0, 0], "uv": [79, 5]},
						{"origin": [0.5, 21, 9], "size": [1, 1, 2], "pivot": [1, 24, 10], "rotation": [90, 0, 0], "uv": [79, 5]},
						{"origin": [0.5, 21.5, 8.5], "size": [1, 1, 3], "pivot": [1, 24, 10], "rotation": [90, 0, 0], "uv": [79, 5]},
						{"origin": [0.5, 22, 8], "size": [1, 4, 4], "uv": [77, 1]},
						{"origin": [0.5, 22.5, 7.5], "size": [1, 1, 5], "pivot": [1, 24, 10], "rotation": [90, 0, 0], "uv": [79, 5]},
						{"origin": [0.5, 26, 9], "size": [1, 1, 2], "uv": [79, 5]},
						{"origin": [0.5, 24.5, 7.5], "size": [1, 1, 5], "pivot": [1, 24, 10], "rotation": [90, 0, 0], "uv": [79, 5]},
						{"origin": [0.5, 25.5, 8.5], "size": [1, 1, 3], "pivot": [1, 24, 10], "rotation": [90, 0, 0], "uv": [79, 5]},
						{"origin": [0.5, 26, 9], "size": [1, 1, 2], "pivot": [1, 24, 10], "rotation": [90, 0, 0], "uv": [79, 5]},
						{"origin": [-3.5, 21.5, 8.5], "size": [1, 1, 3], "pivot": [-3, 24, 10], "rotation": [90, 0, 0], "uv": [79, 5]},
						{"origin": [-3.5, 21, 9], "size": [1, 1, 2], "pivot": [-3, 24, 10], "rotation": [90, 0, 0], "uv": [79, 5]},
						{"origin": [-3.5, 22.5, 7.5], "size": [1, 1, 5], "pivot": [-3, 24, 10], "rotation": [90, 0, 0], "uv": [79, 5]},
						{"origin": [-3.5, 26, 9], "size": [1, 1, 2], "uv": [79, 5]},
						{"origin": [-3.5, 24.5, 7.5], "size": [1, 1, 5], "pivot": [-3, 24, 10], "rotation": [90, 0, 0], "uv": [79, 5]},
						{"origin": [-3.5, 25.5, 8.5], "size": [1, 1, 3], "pivot": [-3, 24, 10], "rotation": [90, 0, 0], "uv": [79, 5]},
						{"origin": [-3.5, 26, 9], "size": [1, 1, 2], "pivot": [-3, 24, 10], "rotation": [90, 0, 0], "uv": [79, 5]},
						{"origin": [-3.5, 21, 9], "size": [1, 1, 2], "uv": [79, 5]},
						{"origin": [-3.5, 22, 8], "size": [1, 4, 4], "uv": [77, 1]}
					]
				},
				{
					"name": "body",
					"parent": "grab",
					"pivot": [0, 25, -1],
					"cubes": [
						{"origin": [-5, 24, 4], "size": [1, 1, 2], "uv": [16, 67]},
						{"origin": [-5, 25, 3], "size": [1, 1, 1], "uv": [16, 67]},
						{"origin": [-5, 25, -2], "size": [1, 1, 2], "uv": [16, 67]},
						{"origin": [-5, 25.5, 0], "size": [1, 1, 3], "uv": [16, 67]},
						{"origin": [-5, 24.5, -3.5], "size": [1, 1, 1.5], "uv": [16, 67]},
						{"origin": [-5, 19.5, -4.5], "size": [1, 3, 1], "uv": [16, 67]},
						{"origin": [-5, 16.5, -3.5], "size": [1, 1, 5], "uv": [16, 67]},
						{"origin": [-5, 19.5, 1.5], "size": [1, 4, 1], "uv": [16, 67]},
						{"origin": [-5, 22.5, -4], "size": [1, 2, 1], "uv": [16, 67]},
						{"origin": [-5, 17.5, -4], "size": [1, 2, 1], "uv": [16, 67]},
						{"origin": [-5, 17.5, 1], "size": [1, 2, 1], "uv": [16, 67]},
						{"origin": [-5, 23.5, 2], "size": [1, 1, 2], "uv": [16, 67]}
					]
				},
				{
					"name": "Sysjdjd",
					"parent": "body",
					"pivot": [9, 25, -1],
					"cubes": [
						{"origin": [4, 24, 4], "size": [1, 1, 2], "uv": [16, 67]},
						{"origin": [4, 25, 3], "size": [1, 1, 1], "uv": [16, 67]},
						{"origin": [4, 25, -2], "size": [1, 1, 2], "uv": [16, 67]},
						{"origin": [4, 25.5, 0], "size": [1, 1, 3], "uv": [16, 67]},
						{"origin": [4, 24.5, -3.5], "size": [1, 1, 1.5], "uv": [16, 67]},
						{"origin": [4, 19.5, -4.5], "size": [1, 3, 1], "uv": [16, 67]},
						{"origin": [4, 16.5, -3.5], "size": [1, 1, 5], "uv": [16, 67]},
						{"origin": [4, 19.5, 1.5], "size": [1, 4, 1], "uv": [16, 67]},
						{"origin": [4, 22.5, -4], "size": [1, 2, 1], "uv": [16, 67]},
						{"origin": [4, 17.5, -4], "size": [1, 2, 1], "uv": [16, 67]},
						{"origin": [4, 17.5, 1], "size": [1, 2, 1], "uv": [16, 67]},
						{"origin": [4, 23.5, 2], "size": [1, 1, 2], "uv": [16, 67]}
					]
				},
				{
					"name": "Braso1",
					"parent": "grab",
					"pivot": [-6, 25, 11],
					"cubes": [
						{"origin": [-8, 24, 10], "size": [3, 2, 2], "uv": [57, 60]}
					]
				},
				{
					"name": "Braso2",
					"parent": "Braso1",
					"pivot": [-8, 26, 11],
					"rotation": [0, 0, -50],
					"cubes": [
						{"origin": [-11, 24, 10], "size": [3, 2, 2], "uv": [57, 60]}
					]
				},
				{
					"name": "Braso3",
					"parent": "Braso2",
					"pivot": [-10, 25, 11],
					"rotation": [0, 0, -40],
					"cubes": [
						{"origin": [-15.18459, 24.40211, 10], "size": [5, 2, 2], "uv": [57, 60]}
					]
				},
				{
					"name": "Braso5",
					"parent": "Braso3",
					"pivot": [-15.2, 25.4, 12],
					"rotation": [0, -37.5, 0],
					"cubes": [
						{"origin": [-18.2, 24.4, 10], "size": [3, 2, 2], "uv": [50, 59]}
					]
				},
				{
					"name": "Braso4",
					"parent": "Braso5",
					"pivot": [-18.2, 25.4, 12],
					"rotation": [0, -37.5, 0],
					"cubes": [
						{"origin": [-21.2, 24.4, 10], "size": [3, 2, 2], "uv": [50, 59]}
					]
				},
				{
					"name": "Braso6",
					"parent": "Braso4",
					"pivot": [-21.2, 25.4, 12],
					"rotation": [0, -37.5, 0],
					"cubes": [
						{"origin": [-24.2, 24.4, 10], "size": [3, 2, 2], "uv": [50, 59]}
					]
				},
				{
					"name": "Braso7",
					"parent": "Braso6",
					"pivot": [-24.2, 25.4, 12],
					"rotation": [0, -37.5, 0],
					"cubes": [
						{"origin": [-27.2, 24.4, 10], "size": [3, 2, 2], "uv": [50, 59]}
					]
				},
				{
					"name": "Braso8",
					"parent": "Braso7",
					"pivot": [-27.2, 25.4, 12],
					"rotation": [0, -32.5, 0],
					"cubes": [
						{"origin": [-30.2, 24.4, 10], "size": [3, 2, 2], "uv": [50, 59]}
					]
				},
				{
					"name": "Braso9",
					"parent": "Braso8",
					"pivot": [-30.2, 25.4, 10],
					"rotation": [0, 52.5, 0],
					"cubes": [
						{"origin": [-33.2, 24.4, 10], "size": [3, 2, 2], "uv": [50, 59]}
					]
				},
				{
					"name": "Braso10",
					"parent": "Braso9",
					"pivot": [-33.2, 25.4, 10],
					"rotation": [0, 40, 0],
					"cubes": [
						{"origin": [-36.2, 24.4, 10], "size": [3, 2, 2], "uv": [50, 59]},
						{"origin": [-42.2, 22.9, 9.5], "size": [7, 5, 3], "uv": [85, 95]},
						{"origin": [-42.2, 23.4, 9], "size": [7, 4, 4], "uv": [85, 95]},
						{"origin": [-42.2, 21.9, 9.5], "size": [7, 5, 3], "pivot": [-36.7, 24.9, 10.5], "rotation": [90, 0, 0], "uv": [85, 95]},
						{"origin": [-47.7, 22.9, 9.5], "size": [5, 5, 3], "inflate": -0.4, "uv": [85, 95]},
						{"origin": [-47.7, 23.4, 9], "size": [5, 4, 4], "inflate": -0.4, "uv": [85, 95]},
						{"origin": [-47.7, 21.9, 9.5], "size": [5, 5, 3], "inflate": -0.4, "pivot": [-44.2, 24.9, 10.5], "rotation": [90, 0, 0], "uv": [85, 95]},
						{"origin": [-46.7, 17.9, 10], "size": [3, 5, 2], "inflate": -0.4, "pivot": [-44.2, 24.9, 10.5], "rotation": [90, 0, 0], "uv": [38, 25]},
						{"origin": [-48, 23.4, 9], "size": [1, 4, 4], "inflate": -0.3, "uv": [29, 30]},
						{"origin": [-48, 22.9, 9.5], "size": [1, 5, 3], "inflate": -0.3, "uv": [29, 30]},
						{"origin": [-48, 21.9, 9.5], "size": [1, 5, 3], "inflate": -0.3, "pivot": [-43.5, 24.9, 10.5], "rotation": [90, 0, 0], "uv": [29, 30]},
						{"origin": [-43, 22.9, 9.5], "size": [1, 5, 3], "inflate": 0.1, "uv": [33, 26]},
						{"origin": [-43, 23.4, 9], "size": [1, 4, 4], "inflate": 0.1, "uv": [33, 26]},
						{"origin": [-43, 21.9, 9.5], "size": [1, 5, 3], "inflate": 0.1, "pivot": [-36.5, 24.9, 10.5], "rotation": [90, 0, 0], "uv": [33, 26]},
						{"origin": [-41.2, 21.9, 9.5], "size": [4, 5, 3], "inflate": 0.2, "pivot": [-38.7, 24.9, 10.5], "rotation": [90, 0, 0], "uv": [91, 27]},
						{"origin": [-41.2, 23.4, 9], "size": [4, 4, 4], "inflate": 0.2, "uv": [91, 27]},
						{"origin": [-41.2, 22.9, 9.5], "size": [4, 5, 3], "inflate": 0.2, "uv": [91, 27]}
					]
				},
				{
					"name": "Braso11",
					"parent": "grab",
					"pivot": [6, 25, 11],
					"cubes": [
						{"origin": [5, 24, 10], "size": [3, 2, 2], "uv": [57, 60], "mirror": true}
					]
				},
				{
					"name": "Braso12",
					"parent": "Braso11",
					"pivot": [8, 26, 11],
					"rotation": [0, 0, 50],
					"cubes": [
						{"origin": [8, 24, 10], "size": [3, 2, 2], "uv": [57, 60], "mirror": true}
					]
				},
				{
					"name": "Braso13",
					"parent": "Braso12",
					"pivot": [10, 25, 11],
					"rotation": [0, 0, 40],
					"cubes": [
						{"origin": [10.18459, 24.40211, 10], "size": [5, 2, 2], "uv": [57, 60], "mirror": true}
					]
				},
				{
					"name": "Braso14",
					"parent": "Braso13",
					"pivot": [15.2, 25.4, 12],
					"rotation": [0, 37.5, 0],
					"cubes": [
						{"origin": [15.2, 24.4, 10], "size": [3, 2, 2], "uv": [50, 59], "mirror": true}
					]
				},
				{
					"name": "Braso15",
					"parent": "Braso14",
					"pivot": [18.2, 25.4, 12],
					"rotation": [0, 37.5, 0],
					"cubes": [
						{"origin": [18.2, 24.4, 10], "size": [3, 2, 2], "uv": [50, 59], "mirror": true}
					]
				},
				{
					"name": "Braso16",
					"parent": "Braso15",
					"pivot": [21.2, 25.4, 12],
					"rotation": [0, 37.5, 0],
					"cubes": [
						{"origin": [21.2, 24.4, 10], "size": [3, 2, 2], "uv": [50, 59], "mirror": true}
					]
				},
				{
					"name": "Braso17",
					"parent": "Braso16",
					"pivot": [24.2, 25.4, 12],
					"rotation": [0, 37.5, 0],
					"cubes": [
						{"origin": [24.2, 24.4, 10], "size": [3, 2, 2], "uv": [50, 59], "mirror": true}
					]
				},
				{
					"name": "Braso18",
					"parent": "Braso17",
					"pivot": [27.2, 25.4, 12],
					"rotation": [0, 32.5, 0],
					"cubes": [
						{"origin": [27.2, 24.4, 10], "size": [3, 2, 2], "uv": [50, 59], "mirror": true}
					]
				},
				{
					"name": "Braso19",
					"parent": "Braso18",
					"pivot": [30.2, 25.4, 10],
					"rotation": [0, -52.5, 0],
					"cubes": [
						{"origin": [30.2, 24.4, 10], "size": [3, 2, 2], "uv": [50, 59], "mirror": true}
					]
				},
				{
					"name": "Braso20",
					"parent": "Braso19",
					"pivot": [33.2, 25.4, 10],
					"rotation": [0, -40, 0],
					"cubes": [
						{"origin": [33.2, 24.4, 10], "size": [3, 2, 2], "uv": [50, 59], "mirror": true},
						{"origin": [35.2, 22.9, 9.5], "size": [7, 5, 3], "uv": [85, 95], "mirror": true},
						{"origin": [35.2, 23.4, 9], "size": [7, 4, 4], "uv": [85, 95], "mirror": true},
						{"origin": [35.2, 21.9, 9.5], "size": [7, 5, 3], "pivot": [36.7, 24.9, 10.5], "rotation": [90, 0, 0], "uv": [85, 95], "mirror": true},
						{"origin": [42.7, 22.9, 9.5], "size": [5, 5, 3], "inflate": -0.4, "uv": [85, 95], "mirror": true},
						{"origin": [42.7, 23.4, 9], "size": [5, 4, 4], "inflate": -0.4, "uv": [85, 95], "mirror": true},
						{"origin": [42.7, 21.9, 9.5], "size": [5, 5, 3], "inflate": -0.4, "pivot": [44.2, 24.9, 10.5], "rotation": [90, 0, 0], "uv": [85, 95], "mirror": true},
						{"origin": [43.7, 17.9, 10], "size": [3, 5, 2], "inflate": -0.4, "pivot": [44.2, 24.9, 10.5], "rotation": [90, 0, 0], "uv": [38, 25], "mirror": true},
						{"origin": [47, 23.4, 9], "size": [1, 4, 4], "inflate": -0.3, "uv": [29, 30], "mirror": true},
						{"origin": [47, 22.9, 9.5], "size": [1, 5, 3], "inflate": -0.3, "uv": [29, 30], "mirror": true},
						{"origin": [47, 21.9, 9.5], "size": [1, 5, 3], "inflate": -0.3, "pivot": [43.5, 24.9, 10.5], "rotation": [90, 0, 0], "uv": [29, 30], "mirror": true},
						{"origin": [42, 22.9, 9.5], "size": [1, 5, 3], "inflate": 0.1, "uv": [33, 26], "mirror": true},
						{"origin": [42, 23.4, 9], "size": [1, 4, 4], "inflate": 0.1, "uv": [33, 26], "mirror": true},
						{"origin": [42, 21.9, 9.5], "size": [1, 5, 3], "inflate": 0.1, "pivot": [36.5, 24.9, 10.5], "rotation": [90, 0, 0], "uv": [33, 26], "mirror": true},
						{"origin": [37.2, 21.9, 9.5], "size": [4, 5, 3], "inflate": 0.2, "pivot": [38.7, 24.9, 10.5], "rotation": [90, 0, 0], "uv": [91, 27], "mirror": true},
						{"origin": [37.2, 23.4, 9], "size": [4, 4, 4], "inflate": 0.2, "uv": [91, 27], "mirror": true},
						{"origin": [37.2, 22.9, 9.5], "size": [4, 5, 3], "inflate": 0.2, "uv": [91, 27], "mirror": true}
					]
				},
				{
					"name": "hand",
					"parent": "grab",
					"pivot": [-9, 24, -12]
				},
				{
					"name": "wire",
					"parent": "hand",
					"pivot": [-9, 23, -11],
					"cubes": [
						{"origin": [-10, 22, -15], "size": [2, 2, 18], "inflate": -0.3, "uv": [9, 98]}
					]
				},
				{
					"name": "hand3",
					"parent": "hand",
					"pivot": [-8, 23, -15]
				},
				{
					"name": "pea9",
					"parent": "hand3",
					"pivot": [25.54, -11.96, 3.34],
					"cubes": [
						{"origin": [-11.14, 20.8, -16.04], "size": [3.86, 3.14, 0.66], "uv": [84, 116], "mirror": true},
						{"origin": [-11.58, 20.8, -16.26], "size": [2.76, 2.26, 0.88], "uv": [84, 116], "mirror": true},
						{"origin": [-10.04, 20.8, -16.26], "size": [3.42, 2.26, 0.88], "uv": [84, 116], "mirror": true},
						{"origin": [-12.02, 21.24, -16.26], "size": [2.76, 2.26, 0.88], "uv": [84, 116], "mirror": true},
						{"origin": [-8.72, 21.24, -16.26], "size": [2.76, 2.26, 0.88], "uv": [84, 116], "mirror": true},
						{"origin": [-12.46, 22.12, -16.26], "size": [6.5, 4.02, 0.88], "uv": [84, 116], "mirror": true},
						{"origin": [-12.24, 21.68, -16.26], "size": [6.72, 2.7, 0.88], "uv": [84, 116], "mirror": true},
						{"origin": [-11.8, 23.22, -16.26], "size": [5.84, 3.14, 0.88], "uv": [84, 116], "mirror": true},
						{"origin": [-10.48, 23.22, -16.26], "size": [4.52, 3.36, 0.88], "uv": [84, 116], "mirror": true},
						{"origin": [-11.8, 22.12, -16.26], "size": [5.84, 2.92, 0.88], "uv": [84, 116], "mirror": true},
						{"origin": [-9.82, 22.12, -16.26], "size": [4.52, 3.36, 0.88], "uv": [84, 116], "mirror": true},
						{"origin": [-8.5, 22.12, -16.26], "size": [2.98, 2.26, 0.88], "uv": [84, 116], "mirror": true},
						{"origin": [-8.06, 23.44, -16.26], "size": [3.2, 3.36, 0.88], "uv": [84, 116], "mirror": true},
						{"origin": [-8.06, 22.78, -16.26], "size": [2.98, 4.02, 0.88], "uv": [84, 116], "mirror": true}
					]
				},
				{
					"name": "pea10",
					"parent": "pea9",
					"pivot": [25.54, -11.96, 3.34],
					"cubes": [
						{"origin": [-10.92, 20.8, -15.38], "size": [3.2, 2.92, 0.44], "uv": [84, 116], "mirror": true},
						{"origin": [-11.36, 20.8, -15.38], "size": [2.1, 2.04, 0.44], "uv": [84, 116], "mirror": true},
						{"origin": [-9.82, 20.8, -15.38], "size": [2.76, 2.04, 0.44], "uv": [84, 116], "mirror": true},
						{"origin": [-11.8, 21.24, -15.38], "size": [2.1, 2.04, 0.44], "uv": [84, 116], "mirror": true},
						{"origin": [-8.5, 21.24, -15.38], "size": [2.1, 2.04, 0.44], "uv": [84, 116], "mirror": true},
						{"origin": [-12.24, 22.12, -15.38], "size": [5.84, 3.58, 0.44], "uv": [84, 116], "mirror": true},
						{"origin": [-12.02, 21.68, -15.38], "size": [6.06, 2.48, 0.44], "uv": [84, 116], "mirror": true},
						{"origin": [-11.58, 23.22, -15.38], "size": [5.18, 2.92, 0.44], "uv": [84, 116], "mirror": true},
						{"origin": [-10.26, 23.22, -15.38], "size": [3.86, 3.14, 0.44], "uv": [84, 116], "mirror": true},
						{"origin": [-11.58, 22.12, -15.38], "size": [5.18, 2.7, 0.44], "uv": [84, 116], "mirror": true},
						{"origin": [-9.6, 22.12, -15.38], "size": [3.86, 3.14, 0.44], "uv": [84, 116], "mirror": true},
						{"origin": [-8.28, 22.12, -15.38], "size": [2.32, 2.04, 0.44], "uv": [84, 116], "mirror": true},
						{"origin": [-7.84, 23.44, -15.38], "size": [2.54, 3.14, 0.44], "uv": [84, 116], "mirror": true},
						{"origin": [-7.84, 22.78, -15.38], "size": [2.32, 3.8, 0.44], "uv": [84, 116], "mirror": true}
					]
				},
				{
					"name": "pea11",
					"parent": "pea9",
					"pivot": [25.54, -11.96, 3.34],
					"cubes": [
						{"origin": [-10.7, 21.02, -14.94], "size": [2.76, 2.48, 0.22], "uv": [84, 116], "mirror": true},
						{"origin": [-11.14, 21.02, -14.94], "size": [1.66, 1.6, 0.22], "uv": [84, 116], "mirror": true},
						{"origin": [-9.6, 21.02, -14.94], "size": [2.32, 1.6, 0.22], "uv": [84, 116], "mirror": true},
						{"origin": [-11.58, 21.46, -14.94], "size": [1.66, 1.6, 0.22], "uv": [84, 116], "mirror": true},
						{"origin": [-8.5, 21.46, -14.94], "size": [1.88, 1.6, 0.22], "uv": [84, 116], "mirror": true},
						{"origin": [-12.02, 22.34, -14.94], "size": [5.4, 2.92, 0.22], "uv": [84, 116], "mirror": true},
						{"origin": [-11.8, 21.9, -14.94], "size": [5.62, 2.04, 0.22], "uv": [84, 116], "mirror": true},
						{"origin": [-11.36, 23.44, -14.94], "size": [4.74, 2.48, 0.22], "uv": [84, 116], "mirror": true},
						{"origin": [-10.04, 23.44, -14.94], "size": [3.86, 2.7, 0.22], "uv": [84, 116], "mirror": true},
						{"origin": [-11.36, 22.34, -14.94], "size": [4.74, 2.26, 0.22], "uv": [84, 116], "mirror": true},
						{"origin": [-9.38, 22.34, -14.94], "size": [3.42, 2.7, 0.22], "uv": [84, 116], "mirror": true},
						{"origin": [-8.06, 22.34, -14.94], "size": [1.88, 1.6, 0.22], "uv": [84, 116], "mirror": true},
						{"origin": [-7.62, 23.66, -14.94], "size": [2.1, 2.7, 0.22], "uv": [84, 116], "mirror": true},
						{"origin": [-7.62, 23, -14.94], "size": [1.88, 3.36, 0.22], "uv": [84, 116], "mirror": true}
					]
				},
				{
					"name": "pea12",
					"parent": "pea9",
					"pivot": [25.54, -11.96, 3.56],
					"cubes": [
						{"origin": [-10.26, 21.24, -14.72], "size": [1.66, 2.04, 0.22], "uv": [84, 116], "mirror": true},
						{"origin": [-10.7, 21.24, -14.72], "size": [2.76, 1.16, 0.22], "uv": [84, 116], "mirror": true},
						{"origin": [-9.16, 21.24, -14.72], "size": [1.22, 1.16, 0.22], "uv": [84, 116], "mirror": true},
						{"origin": [-11.14, 21.9, -14.72], "size": [4.52, 1.16, 0.22], "uv": [84, 116], "mirror": true},
						{"origin": [-7.84, 21.68, -14.72], "size": [1.22, 1.16, 0.22], "uv": [84, 116], "mirror": true},
						{"origin": [-11.58, 22.56, -14.72], "size": [4.3, 1.82, 0.22], "uv": [84, 116], "mirror": true},
						{"origin": [-11.36, 22.12, -14.72], "size": [4.52, 1.6, 0.22], "uv": [84, 116], "mirror": true},
						{"origin": [-10.92, 23.66, -14.72], "size": [3.64, 1.6, 0.22], "uv": [84, 116], "mirror": true},
						{"origin": [-9.6, 23.66, -14.72], "size": [2.76, 2.04, 0.22], "uv": [84, 116], "mirror": true},
						{"origin": [-10.92, 22.56, -14.72], "size": [3.64, 1.82, 0.22], "uv": [84, 116], "mirror": true},
						{"origin": [-8.94, 22.56, -14.72], "size": [2.32, 2.26, 0.22], "uv": [84, 116], "mirror": true},
						{"origin": [-9.38, 22.56, -14.72], "size": [2.98, 1.16, 0.22], "uv": [84, 116], "mirror": true},
						{"origin": [-8.06, 23.22, -14.72], "size": [2.1, 2.48, 0.22], "uv": [84, 116], "mirror": true}
					]
				},
				{
					"name": "dedo32",
					"parent": "hand3",
					"pivot": [26.41, -8.78, 3.23],
					"rotation": [0, 0, 2.5],
					"cubes": [
						{"origin": [-7.45128, 23.34019, -16.04], "size": [0.66, 3.74, 0.66], "uv": [84, 116], "mirror": true},
						{"origin": [-7.89128, 24.88019, -16.26], "size": [1.54, 1.76, 1.1], "uv": [84, 116], "mirror": true},
						{"origin": [-7.67128, 24.88019, -16.48], "size": [1.1, 1.76, 1.54], "uv": [84, 116], "mirror": true}
					]
				},
				{
					"name": "dedo33",
					"parent": "dedo32",
					"pivot": [26.41, -6.14, 3.23],
					"cubes": [
						{"origin": [-7.5088, 25.3227, -16.04], "size": [0.66, 3.74, 0.66], "uv": [84, 116], "mirror": true},
						{"origin": [-7.9488, 26.8627, -16.26], "size": [1.54, 1.76, 1.1], "uv": [84, 116], "mirror": true},
						{"origin": [-8.1688, 27.2427, -16.26], "size": [1.98, 1.38, 1.1], "uv": [84, 116], "mirror": true},
						{"origin": [-7.9488, 27.2427, -16.48], "size": [1.54, 1.38, 1.54], "uv": [84, 116], "mirror": true},
						{"origin": [-7.7288, 27.2427, -16.7], "size": [1.1, 1.38, 1.98], "uv": [84, 116], "mirror": true},
						{"origin": [-7.7288, 26.8627, -16.48], "size": [1.1, 1.76, 1.54], "uv": [84, 116], "mirror": true}
					]
				},
				{
					"name": "dedo34",
					"parent": "dedo32",
					"pivot": [26.41, -4.16, 3.23],
					"cubes": [
						{"origin": [-7.7288, 27.3027, -16.26], "size": [1.1, 3.96, 1.1], "uv": [84, 116], "mirror": true},
						{"origin": [-8.1688, 28.8427, -16.48], "size": [1.98, 2.64, 1.54], "uv": [84, 116], "mirror": true},
						{"origin": [-7.9488, 29.9427, -16.48], "size": [1.54, 1.76, 1.54], "uv": [84, 116], "mirror": true},
						{"origin": [-8.3888, 29.9427, -16.48], "size": [2.42, 1.32, 1.54], "uv": [84, 116], "mirror": true},
						{"origin": [-8.1688, 29.9427, -16.7], "size": [1.98, 1.32, 1.98], "uv": [84, 116], "mirror": true},
						{"origin": [-7.9488, 29.9427, -16.92], "size": [1.54, 1.32, 2.42], "uv": [84, 116], "mirror": true},
						{"origin": [-7.9488, 29.7227, -16.7], "size": [1.54, 1.76, 1.98], "uv": [84, 116], "mirror": true},
						{"origin": [-7.9488, 28.8427, -16.7], "size": [1.54, 1.98, 1.98], "uv": [84, 116], "mirror": true}
					]
				},
				{
					"name": "dedo35",
					"parent": "hand3",
					"pivot": [-7.59, 26.22, -13.77],
					"cubes": [
						{"origin": [-7.96378, 24.76913, -16.04], "size": [0.66, 3.74, 0.66], "uv": [84, 116], "mirror": true},
						{"origin": [-8.40378, 26.30913, -16.26], "size": [1.54, 1.76, 1.1], "uv": [84, 116], "mirror": true},
						{"origin": [-8.18378, 26.30913, -16.48], "size": [1.1, 1.76, 1.54], "uv": [84, 116], "mirror": true}
					]
				},
				{
					"name": "dedo36",
					"parent": "dedo35",
					"pivot": [25.90622, -4.71087, 3.23],
					"cubes": [
						{"origin": [-8.0213, 26.75165, -16.04], "size": [0.66, 3.74, 0.66], "uv": [84, 116], "mirror": true},
						{"origin": [-8.4613, 28.29165, -16.26], "size": [1.54, 1.76, 1.1], "uv": [84, 116], "mirror": true},
						{"origin": [-8.6813, 28.67165, -16.26], "size": [1.98, 1.38, 1.1], "uv": [84, 116], "mirror": true},
						{"origin": [-8.4613, 28.67165, -16.48], "size": [1.54, 1.38, 1.54], "uv": [84, 116], "mirror": true},
						{"origin": [-8.2413, 28.67165, -16.7], "size": [1.1, 1.38, 1.98], "uv": [84, 116], "mirror": true},
						{"origin": [-8.2413, 28.29165, -16.48], "size": [1.1, 1.76, 1.54], "uv": [84, 116], "mirror": true}
					]
				},
				{
					"name": "dedo37",
					"parent": "dedo35",
					"pivot": [25.90622, -2.73087, 3.23],
					"cubes": [
						{"origin": [-8.2413, 28.73165, -16.26], "size": [1.1, 3.96, 1.1], "uv": [84, 116], "mirror": true},
						{"origin": [-8.6813, 30.27165, -16.48], "size": [1.98, 2.64, 1.54], "uv": [84, 116], "mirror": true},
						{"origin": [-8.4613, 31.37165, -16.48], "size": [1.54, 1.76, 1.54], "uv": [84, 116], "mirror": true},
						{"origin": [-8.9013, 31.37165, -16.48], "size": [2.42, 1.32, 1.54], "uv": [84, 116], "mirror": true},
						{"origin": [-8.6813, 31.37165, -16.7], "size": [1.98, 1.32, 1.98], "uv": [84, 116], "mirror": true},
						{"origin": [-8.4613, 31.37165, -16.92], "size": [1.54, 1.32, 2.42], "uv": [84, 116], "mirror": true},
						{"origin": [-8.4613, 31.15165, -16.7], "size": [1.54, 1.76, 1.98], "uv": [84, 116], "mirror": true},
						{"origin": [-8.4613, 30.27165, -16.7], "size": [1.54, 1.98, 1.98], "uv": [84, 116], "mirror": true}
					]
				},
				{
					"name": "dedo38",
					"parent": "hand3",
					"pivot": [-6.19, 22.22, -13.77],
					"rotation": [0, 0, 65],
					"cubes": [
						{"origin": [-6.56378, 20.76913, -16.04], "size": [0.66, 3.74, 0.66], "uv": [84, 116], "mirror": true},
						{"origin": [-7.00378, 22.30913, -16.26], "size": [1.54, 1.76, 1.1], "uv": [84, 116], "mirror": true},
						{"origin": [-6.78378, 22.30913, -16.48], "size": [1.1, 1.76, 1.54], "uv": [84, 116], "mirror": true}
					]
				},
				{
					"name": "dedo39",
					"parent": "dedo38",
					"pivot": [-6.2913, 24.29998, -13.71],
					"rotation": [0, 0, -27.5],
					"cubes": [
						{"origin": [-6.6213, 23.75165, -16.04], "size": [0.66, 3.74, 0.66], "uv": [84, 116], "mirror": true},
						{"origin": [-7.0613, 24.29165, -16.26], "size": [1.54, 1.76, 1.1], "uv": [84, 116], "mirror": true},
						{"origin": [-7.2813, 24.67165, -16.26], "size": [1.98, 1.38, 1.1], "uv": [84, 116], "mirror": true},
						{"origin": [-7.0613, 24.67165, -16.48], "size": [1.54, 1.38, 1.54], "uv": [84, 116], "mirror": true},
						{"origin": [-6.8413, 24.67165, -16.7], "size": [1.1, 1.38, 1.98], "uv": [84, 116], "mirror": true},
						{"origin": [-6.8413, 24.29165, -16.48], "size": [1.1, 1.76, 1.54], "uv": [84, 116], "mirror": true}
					]
				},
				{
					"name": "dedo40",
					"parent": "dedo39",
					"pivot": [27.30622, -6.73087, 3.23],
					"cubes": [
						{"origin": [-6.8413, 24.73165, -16.26], "size": [1.1, 3.96, 1.1], "uv": [84, 116], "mirror": true},
						{"origin": [-7.2813, 26.27165, -16.48], "size": [1.98, 2.64, 1.54], "uv": [84, 116], "mirror": true},
						{"origin": [-7.0613, 27.37165, -16.48], "size": [1.54, 1.76, 1.54], "uv": [84, 116], "mirror": true},
						{"origin": [-7.5013, 27.37165, -16.48], "size": [2.42, 1.32, 1.54], "uv": [84, 116], "mirror": true},
						{"origin": [-7.2813, 27.37165, -16.7], "size": [1.98, 1.32, 1.98], "uv": [84, 116], "mirror": true},
						{"origin": [-7.0613, 27.37165, -16.92], "size": [1.54, 1.32, 2.42], "uv": [84, 116], "mirror": true},
						{"origin": [-7.0613, 27.15165, -16.7], "size": [1.54, 1.76, 1.98], "uv": [84, 116], "mirror": true},
						{"origin": [-7.0613, 26.27165, -16.7], "size": [1.54, 1.98, 1.98], "uv": [84, 116], "mirror": true}
					]
				},
				{
					"name": "dedo41",
					"parent": "hand3",
					"pivot": [-9.59, 26.22, -13.77],
					"rotation": [0, 0, -2.5],
					"cubes": [
						{"origin": [-9.9725, 24.76932, -16.04], "size": [0.66, 3.74, 0.66], "uv": [84, 116], "mirror": true},
						{"origin": [-10.4125, 26.30932, -16.26], "size": [1.54, 1.76, 1.1], "uv": [84, 116], "mirror": true},
						{"origin": [-10.1925, 26.30932, -16.48], "size": [1.1, 1.76, 1.54], "uv": [84, 116], "mirror": true}
					]
				},
				{
					"name": "dedo42",
					"parent": "dedo41",
					"pivot": [23.90622, -4.71087, 3.23],
					"cubes": [
						{"origin": [-10.03003, 26.75184, -16.04], "size": [0.66, 3.74, 0.66], "uv": [84, 116], "mirror": true},
						{"origin": [-10.47003, 28.29184, -16.26], "size": [1.54, 1.76, 1.1], "uv": [84, 116], "mirror": true},
						{"origin": [-10.69003, 28.67184, -16.26], "size": [1.98, 1.38, 1.1], "uv": [84, 116], "mirror": true},
						{"origin": [-10.47003, 28.67184, -16.48], "size": [1.54, 1.38, 1.54], "uv": [84, 116], "mirror": true},
						{"origin": [-10.25003, 28.67184, -16.7], "size": [1.1, 1.38, 1.98], "uv": [84, 116], "mirror": true},
						{"origin": [-10.25003, 28.29184, -16.48], "size": [1.1, 1.76, 1.54], "uv": [84, 116], "mirror": true}
					]
				},
				{
					"name": "dedo43",
					"parent": "dedo41",
					"pivot": [23.90622, -2.73087, 3.23],
					"cubes": [
						{"origin": [-10.25003, 28.73184, -16.26], "size": [1.1, 3.96, 1.1], "uv": [84, 116], "mirror": true},
						{"origin": [-10.69003, 30.27184, -16.48], "size": [1.98, 2.64, 1.54], "uv": [84, 116], "mirror": true},
						{"origin": [-10.47003, 31.37184, -16.48], "size": [1.54, 1.76, 1.54], "uv": [84, 116], "mirror": true},
						{"origin": [-10.91003, 31.37184, -16.48], "size": [2.42, 1.32, 1.54], "uv": [84, 116], "mirror": true},
						{"origin": [-10.69003, 31.37184, -16.7], "size": [1.98, 1.32, 1.98], "uv": [84, 116], "mirror": true},
						{"origin": [-10.47003, 31.37184, -16.92], "size": [1.54, 1.32, 2.42], "uv": [84, 116], "mirror": true},
						{"origin": [-10.47003, 31.15184, -16.7], "size": [1.54, 1.76, 1.98], "uv": [84, 116], "mirror": true},
						{"origin": [-10.47003, 30.27184, -16.7], "size": [1.54, 1.98, 1.98], "uv": [84, 116], "mirror": true}
					]
				},
				{
					"name": "dedo44",
					"parent": "hand3",
					"pivot": [-11.59, 26.02, -13.77],
					"rotation": [0, 0, -7.5],
					"cubes": [
						{"origin": [-11.9725, 24.56932, -16.04], "size": [0.66, 3.74, 0.66], "uv": [84, 116], "mirror": true},
						{"origin": [-12.4125, 26.10932, -16.26], "size": [1.54, 1.76, 1.1], "uv": [84, 116], "mirror": true},
						{"origin": [-12.1925, 26.10932, -16.48], "size": [1.1, 1.76, 1.54], "uv": [84, 116], "mirror": true}
					]
				},
				{
					"name": "dedo45",
					"parent": "dedo44",
					"pivot": [21.90622, -4.91087, 3.23],
					"cubes": [
						{"origin": [-12.03003, 26.55184, -16.04], "size": [0.66, 3.74, 0.66], "uv": [84, 116], "mirror": true},
						{"origin": [-12.47003, 28.09184, -16.26], "size": [1.54, 1.76, 1.1], "uv": [84, 116], "mirror": true},
						{"origin": [-12.69003, 28.47184, -16.26], "size": [1.98, 1.38, 1.1], "uv": [84, 116], "mirror": true},
						{"origin": [-12.47003, 28.47184, -16.48], "size": [1.54, 1.38, 1.54], "uv": [84, 116], "mirror": true},
						{"origin": [-12.25003, 28.47184, -16.7], "size": [1.1, 1.38, 1.98], "uv": [84, 116], "mirror": true},
						{"origin": [-12.25003, 28.09184, -16.48], "size": [1.1, 1.76, 1.54], "uv": [84, 116], "mirror": true}
					]
				},
				{
					"name": "dedo46",
					"parent": "dedo44",
					"pivot": [21.90622, -2.93087, 3.23],
					"cubes": [
						{"origin": [-12.25003, 28.53184, -16.26], "size": [1.1, 3.96, 1.1], "uv": [84, 116], "mirror": true},
						{"origin": [-12.69003, 30.07184, -16.48], "size": [1.98, 2.64, 1.54], "uv": [84, 116], "mirror": true},
						{"origin": [-12.47003, 31.17184, -16.48], "size": [1.54, 1.76, 1.54], "uv": [84, 116], "mirror": true},
						{"origin": [-12.91003, 31.17184, -16.48], "size": [2.42, 1.32, 1.54], "uv": [84, 116], "mirror": true},
						{"origin": [-12.69003, 31.17184, -16.7], "size": [1.98, 1.32, 1.98], "uv": [84, 116], "mirror": true},
						{"origin": [-12.47003, 31.17184, -16.92], "size": [1.54, 1.32, 2.42], "uv": [84, 116], "mirror": true},
						{"origin": [-12.47003, 30.95184, -16.7], "size": [1.54, 1.76, 1.98], "uv": [84, 116], "mirror": true},
						{"origin": [-12.47003, 30.07184, -16.7], "size": [1.54, 1.98, 1.98], "uv": [84, 116], "mirror": true}
					]
				},
				{
					"name": "handoff",
					"parent": "grab",
					"pivot": [9, 24, -12]
				},
				{
					"name": "wireoff",
					"parent": "handoff",
					"pivot": [9, 23, -11],
					"cubes": [
						{"origin": [8, 22, -15], "size": [2, 2, 18], "inflate": -0.3, "uv": [9, 88], "mirror": true}
					]
				},
				{
					"name": "hand4",
					"parent": "handoff",
					"pivot": [8, 23, -13]
				},
				{
					"name": "pea5",
					"parent": "hand4",
					"pivot": [-25.54, -11.96, 3.34],
					"cubes": [
						{"origin": [7.28, 20.8, -16.04], "size": [3.86, 3.14, 0.66], "uv": [104, 84]},
						{"origin": [8.82, 20.8, -16.26], "size": [2.76, 2.26, 0.88], "uv": [104, 84]},
						{"origin": [6.62, 20.8, -16.26], "size": [3.42, 2.26, 0.88], "uv": [104, 84]},
						{"origin": [9.26, 21.24, -16.26], "size": [2.76, 2.26, 0.88], "uv": [104, 84]},
						{"origin": [5.96, 21.24, -16.26], "size": [2.76, 2.26, 0.88], "uv": [104, 84]},
						{"origin": [5.96, 22.12, -16.26], "size": [6.5, 4.02, 0.88], "uv": [104, 84]},
						{"origin": [5.52, 21.68, -16.26], "size": [6.72, 2.7, 0.88], "uv": [104, 84]},
						{"origin": [5.96, 23.22, -16.26], "size": [5.84, 3.14, 0.88], "uv": [104, 84]},
						{"origin": [5.96, 23.22, -16.26], "size": [4.52, 3.36, 0.88], "uv": [104, 84]},
						{"origin": [5.96, 22.12, -16.26], "size": [5.84, 2.92, 0.88], "uv": [104, 84]},
						{"origin": [5.3, 22.12, -16.26], "size": [4.52, 3.36, 0.88], "uv": [104, 84]},
						{"origin": [5.52, 22.12, -16.26], "size": [2.98, 2.26, 0.88], "uv": [104, 84]},
						{"origin": [4.86, 23.44, -16.26], "size": [3.2, 3.36, 0.88], "uv": [104, 84]},
						{"origin": [5.08, 22.78, -16.26], "size": [2.98, 4.02, 0.88], "uv": [104, 84]}
					]
				},
				{
					"name": "pea6",
					"parent": "pea5",
					"pivot": [-25.54, -11.96, 3.34],
					"cubes": [
						{"origin": [7.72, 20.8, -15.38], "size": [3.2, 2.92, 0.44], "uv": [104, 84]},
						{"origin": [9.26, 20.8, -15.38], "size": [2.1, 2.04, 0.44], "uv": [104, 84]},
						{"origin": [7.06, 20.8, -15.38], "size": [2.76, 2.04, 0.44], "uv": [104, 84]},
						{"origin": [9.7, 21.24, -15.38], "size": [2.1, 2.04, 0.44], "uv": [104, 84]},
						{"origin": [6.4, 21.24, -15.38], "size": [2.1, 2.04, 0.44], "uv": [104, 84]},
						{"origin": [6.4, 22.12, -15.38], "size": [5.84, 3.58, 0.44], "uv": [104, 84]},
						{"origin": [5.96, 21.68, -15.38], "size": [6.06, 2.48, 0.44], "uv": [104, 84]},
						{"origin": [6.4, 23.22, -15.38], "size": [5.18, 2.92, 0.44], "uv": [104, 84]},
						{"origin": [6.4, 23.22, -15.38], "size": [3.86, 3.14, 0.44], "uv": [104, 84]},
						{"origin": [6.4, 22.12, -15.38], "size": [5.18, 2.7, 0.44], "uv": [104, 84]},
						{"origin": [5.74, 22.12, -15.38], "size": [3.86, 3.14, 0.44], "uv": [104, 84]},
						{"origin": [5.96, 22.12, -15.38], "size": [2.32, 2.04, 0.44], "uv": [104, 84]},
						{"origin": [5.3, 23.44, -15.38], "size": [2.54, 3.14, 0.44], "uv": [104, 84]},
						{"origin": [5.52, 22.78, -15.38], "size": [2.32, 3.8, 0.44], "uv": [104, 84]}
					]
				},
				{
					"name": "pea7",
					"parent": "pea5",
					"pivot": [-25.54, -11.96, 3.34],
					"cubes": [
						{"origin": [7.94, 21.02, -14.94], "size": [2.76, 2.48, 0.22], "uv": [104, 84]},
						{"origin": [9.48, 21.02, -14.94], "size": [1.66, 1.6, 0.22], "uv": [104, 84]},
						{"origin": [7.28, 21.02, -14.94], "size": [2.32, 1.6, 0.22], "uv": [104, 84]},
						{"origin": [9.92, 21.46, -14.94], "size": [1.66, 1.6, 0.22], "uv": [104, 84]},
						{"origin": [6.62, 21.46, -14.94], "size": [1.88, 1.6, 0.22], "uv": [104, 84]},
						{"origin": [6.62, 22.34, -14.94], "size": [5.4, 2.92, 0.22], "uv": [104, 84]},
						{"origin": [6.18, 21.9, -14.94], "size": [5.62, 2.04, 0.22], "uv": [104, 84]},
						{"origin": [6.62, 23.44, -14.94], "size": [4.74, 2.48, 0.22], "uv": [104, 84]},
						{"origin": [6.18, 23.44, -14.94], "size": [3.86, 2.7, 0.22], "uv": [104, 84]},
						{"origin": [6.62, 22.34, -14.94], "size": [4.74, 2.26, 0.22], "uv": [104, 84]},
						{"origin": [5.96, 22.34, -14.94], "size": [3.42, 2.7, 0.22], "uv": [104, 84]},
						{"origin": [6.18, 22.34, -14.94], "size": [1.88, 1.6, 0.22], "uv": [104, 84]},
						{"origin": [5.52, 23.66, -14.94], "size": [2.1, 2.7, 0.22], "uv": [104, 84]},
						{"origin": [5.74, 23, -14.94], "size": [1.88, 3.36, 0.22], "uv": [104, 84]}
					]
				},
				{
					"name": "pea8",
					"parent": "pea5",
					"pivot": [-25.54, -11.96, 3.56],
					"cubes": [
						{"origin": [8.6, 21.24, -14.72], "size": [1.66, 2.04, 0.22], "uv": [104, 84]},
						{"origin": [7.94, 21.24, -14.72], "size": [2.76, 1.16, 0.22], "uv": [104, 84]},
						{"origin": [7.94, 21.24, -14.72], "size": [1.22, 1.16, 0.22], "uv": [104, 84]},
						{"origin": [6.62, 21.9, -14.72], "size": [4.52, 1.16, 0.22], "uv": [104, 84]},
						{"origin": [6.62, 21.68, -14.72], "size": [1.22, 1.16, 0.22], "uv": [104, 84]},
						{"origin": [7.28, 22.56, -14.72], "size": [4.3, 1.82, 0.22], "uv": [104, 84]},
						{"origin": [6.84, 22.12, -14.72], "size": [4.52, 1.6, 0.22], "uv": [104, 84]},
						{"origin": [7.28, 23.66, -14.72], "size": [3.64, 1.6, 0.22], "uv": [104, 84]},
						{"origin": [6.84, 23.66, -14.72], "size": [2.76, 2.04, 0.22], "uv": [104, 84]},
						{"origin": [7.28, 22.56, -14.72], "size": [3.64, 1.82, 0.22], "uv": [104, 84]},
						{"origin": [6.62, 22.56, -14.72], "size": [2.32, 2.26, 0.22], "uv": [104, 84]},
						{"origin": [6.4, 22.56, -14.72], "size": [2.98, 1.16, 0.22], "uv": [104, 84]},
						{"origin": [5.96, 23.22, -14.72], "size": [2.1, 2.48, 0.22], "uv": [104, 84]}
					]
				},
				{
					"name": "dedo17",
					"parent": "hand4",
					"pivot": [-26.41, -8.78, 3.23],
					"rotation": [0, 0, -2.5],
					"cubes": [
						{"origin": [6.79128, 23.34019, -16.04], "size": [0.66, 3.74, 0.66], "uv": [104, 84]},
						{"origin": [6.35128, 24.88019, -16.26], "size": [1.54, 1.76, 1.1], "uv": [104, 84]},
						{"origin": [6.57128, 24.88019, -16.48], "size": [1.1, 1.76, 1.54], "uv": [104, 84]}
					]
				},
				{
					"name": "dedo18",
					"parent": "dedo17",
					"pivot": [-26.41, -6.14, 3.23],
					"cubes": [
						{"origin": [6.8488, 25.3227, -16.04], "size": [0.66, 3.74, 0.66], "uv": [104, 84]},
						{"origin": [6.4088, 26.8627, -16.26], "size": [1.54, 1.76, 1.1], "uv": [104, 84]},
						{"origin": [6.1888, 27.2427, -16.26], "size": [1.98, 1.38, 1.1], "uv": [104, 84]},
						{"origin": [6.4088, 27.2427, -16.48], "size": [1.54, 1.38, 1.54], "uv": [104, 84]},
						{"origin": [6.6288, 27.2427, -16.7], "size": [1.1, 1.38, 1.98], "uv": [104, 84]},
						{"origin": [6.6288, 26.8627, -16.48], "size": [1.1, 1.76, 1.54], "uv": [104, 84]}
					]
				},
				{
					"name": "dedo19",
					"parent": "dedo17",
					"pivot": [-26.41, -4.16, 3.23],
					"cubes": [
						{"origin": [6.6288, 27.3027, -16.26], "size": [1.1, 3.96, 1.1], "uv": [104, 84]},
						{"origin": [6.1888, 28.8427, -16.48], "size": [1.98, 2.64, 1.54], "uv": [104, 84]},
						{"origin": [6.4088, 29.9427, -16.48], "size": [1.54, 1.76, 1.54], "uv": [104, 84]},
						{"origin": [5.9688, 29.9427, -16.48], "size": [2.42, 1.32, 1.54], "uv": [104, 84]},
						{"origin": [6.1888, 29.9427, -16.7], "size": [1.98, 1.32, 1.98], "uv": [104, 84]},
						{"origin": [6.4088, 29.9427, -16.92], "size": [1.54, 1.32, 2.42], "uv": [104, 84]},
						{"origin": [6.4088, 29.7227, -16.7], "size": [1.54, 1.76, 1.98], "uv": [104, 84]},
						{"origin": [6.4088, 28.8427, -16.7], "size": [1.54, 1.98, 1.98], "uv": [104, 84]}
					]
				},
				{
					"name": "dedo20",
					"parent": "hand4",
					"pivot": [7.59, 26.22, -13.77],
					"cubes": [
						{"origin": [7.30378, 24.76913, -16.04], "size": [0.66, 3.74, 0.66], "uv": [104, 84]},
						{"origin": [6.86378, 26.30913, -16.26], "size": [1.54, 1.76, 1.1], "uv": [104, 84]},
						{"origin": [7.08378, 26.30913, -16.48], "size": [1.1, 1.76, 1.54], "uv": [104, 84]}
					]
				},
				{
					"name": "dedo21",
					"parent": "dedo20",
					"pivot": [-25.90622, -4.71087, 3.23],
					"cubes": [
						{"origin": [7.3613, 26.75165, -16.04], "size": [0.66, 3.74, 0.66], "uv": [104, 84]},
						{"origin": [6.9213, 28.29165, -16.26], "size": [1.54, 1.76, 1.1], "uv": [104, 84]},
						{"origin": [6.7013, 28.67165, -16.26], "size": [1.98, 1.38, 1.1], "uv": [104, 84]},
						{"origin": [6.9213, 28.67165, -16.48], "size": [1.54, 1.38, 1.54], "uv": [104, 84]},
						{"origin": [7.1413, 28.67165, -16.7], "size": [1.1, 1.38, 1.98], "uv": [104, 84]},
						{"origin": [7.1413, 28.29165, -16.48], "size": [1.1, 1.76, 1.54], "uv": [104, 84]}
					]
				},
				{
					"name": "dedo22",
					"parent": "dedo20",
					"pivot": [-25.90622, -2.73087, 3.23],
					"cubes": [
						{"origin": [7.1413, 28.73165, -16.26], "size": [1.1, 3.96, 1.1], "uv": [104, 84]},
						{"origin": [6.7013, 30.27165, -16.48], "size": [1.98, 2.64, 1.54], "uv": [104, 84]},
						{"origin": [6.9213, 31.37165, -16.48], "size": [1.54, 1.76, 1.54], "uv": [104, 84]},
						{"origin": [6.4813, 31.37165, -16.48], "size": [2.42, 1.32, 1.54], "uv": [104, 84]},
						{"origin": [6.7013, 31.37165, -16.7], "size": [1.98, 1.32, 1.98], "uv": [104, 84]},
						{"origin": [6.9213, 31.37165, -16.92], "size": [1.54, 1.32, 2.42], "uv": [104, 84]},
						{"origin": [6.9213, 31.15165, -16.7], "size": [1.54, 1.76, 1.98], "uv": [104, 84]},
						{"origin": [6.9213, 30.27165, -16.7], "size": [1.54, 1.98, 1.98], "uv": [104, 84]}
					]
				},
				{
					"name": "dedo23",
					"parent": "hand4",
					"pivot": [6.19, 22.22, -13.77],
					"rotation": [0, 0, -65],
					"cubes": [
						{"origin": [5.90378, 20.76913, -16.04], "size": [0.66, 3.74, 0.66], "uv": [104, 84]},
						{"origin": [5.46378, 22.30913, -16.26], "size": [1.54, 1.76, 1.1], "uv": [104, 84]},
						{"origin": [5.68378, 22.30913, -16.48], "size": [1.1, 1.76, 1.54], "uv": [104, 84]}
					]
				},
				{
					"name": "dedo24",
					"parent": "dedo23",
					"pivot": [6.2913, 24.29998, -13.71],
					"rotation": [0, 0, 27.5],
					"cubes": [
						{"origin": [5.9613, 22.75165, -16.04], "size": [0.66, 3.74, 0.66], "uv": [104, 84]},
						{"origin": [5.5213, 24.29165, -16.26], "size": [1.54, 1.76, 1.1], "uv": [104, 84]},
						{"origin": [5.3013, 24.67165, -16.26], "size": [1.98, 1.38, 1.1], "uv": [104, 84]},
						{"origin": [5.5213, 24.67165, -16.48], "size": [1.54, 1.38, 1.54], "uv": [104, 84]},
						{"origin": [5.7413, 24.67165, -16.7], "size": [1.1, 1.38, 1.98], "uv": [104, 84]},
						{"origin": [5.7413, 24.29165, -16.48], "size": [1.1, 1.76, 1.54], "uv": [104, 84]}
					]
				},
				{
					"name": "dedo25",
					"parent": "dedo24",
					"pivot": [-27.30622, -6.73087, 3.23],
					"cubes": [
						{"origin": [5.7413, 24.73165, -16.26], "size": [1.1, 3.96, 1.1], "uv": [104, 84]},
						{"origin": [5.3013, 26.27165, -16.48], "size": [1.98, 2.64, 1.54], "uv": [104, 84]},
						{"origin": [5.5213, 27.37165, -16.48], "size": [1.54, 1.76, 1.54], "uv": [104, 84]},
						{"origin": [5.0813, 27.37165, -16.48], "size": [2.42, 1.32, 1.54], "uv": [104, 84]},
						{"origin": [5.3013, 27.37165, -16.7], "size": [1.98, 1.32, 1.98], "uv": [104, 84]},
						{"origin": [5.5213, 27.37165, -16.92], "size": [1.54, 1.32, 2.42], "uv": [104, 84]},
						{"origin": [5.5213, 27.15165, -16.7], "size": [1.54, 1.76, 1.98], "uv": [104, 84]},
						{"origin": [5.5213, 26.27165, -16.7], "size": [1.54, 1.98, 1.98], "uv": [104, 84]}
					]
				},
				{
					"name": "dedo26",
					"parent": "hand4",
					"pivot": [9.59, 26.22, -13.77],
					"rotation": [0, 0, 2.5],
					"cubes": [
						{"origin": [9.3125, 24.76932, -16.04], "size": [0.66, 3.74, 0.66], "uv": [104, 84]},
						{"origin": [8.8725, 26.30932, -16.26], "size": [1.54, 1.76, 1.1], "uv": [104, 84]},
						{"origin": [9.0925, 26.30932, -16.48], "size": [1.1, 1.76, 1.54], "uv": [104, 84]}
					]
				},
				{
					"name": "dedo27",
					"parent": "dedo26",
					"pivot": [-23.90622, -4.71087, 3.23],
					"cubes": [
						{"origin": [9.37003, 26.75184, -16.04], "size": [0.66, 3.74, 0.66], "uv": [104, 84]},
						{"origin": [8.93003, 28.29184, -16.26], "size": [1.54, 1.76, 1.1], "uv": [104, 84]},
						{"origin": [8.71003, 28.67184, -16.26], "size": [1.98, 1.38, 1.1], "uv": [104, 84]},
						{"origin": [8.93003, 28.67184, -16.48], "size": [1.54, 1.38, 1.54], "uv": [104, 84]},
						{"origin": [9.15003, 28.67184, -16.7], "size": [1.1, 1.38, 1.98], "uv": [104, 84]},
						{"origin": [9.15003, 28.29184, -16.48], "size": [1.1, 1.76, 1.54], "uv": [104, 84]}
					]
				},
				{
					"name": "dedo28",
					"parent": "dedo26",
					"pivot": [-23.90622, -2.73087, 3.23],
					"cubes": [
						{"origin": [9.15003, 28.73184, -16.26], "size": [1.1, 3.96, 1.1], "uv": [104, 84]},
						{"origin": [8.71003, 30.27184, -16.48], "size": [1.98, 2.64, 1.54], "uv": [104, 84]},
						{"origin": [8.93003, 31.37184, -16.48], "size": [1.54, 1.76, 1.54], "uv": [104, 84]},
						{"origin": [8.49003, 31.37184, -16.48], "size": [2.42, 1.32, 1.54], "uv": [104, 84]},
						{"origin": [8.71003, 31.37184, -16.7], "size": [1.98, 1.32, 1.98], "uv": [104, 84]},
						{"origin": [8.93003, 31.37184, -16.92], "size": [1.54, 1.32, 2.42], "uv": [104, 84]},
						{"origin": [8.93003, 31.15184, -16.7], "size": [1.54, 1.76, 1.98], "uv": [104, 84]},
						{"origin": [8.93003, 30.27184, -16.7], "size": [1.54, 1.98, 1.98], "uv": [104, 84]}
					]
				},
				{
					"name": "dedo29",
					"parent": "hand4",
					"pivot": [11.59, 26.02, -13.77],
					"rotation": [0, 0, 7.5],
					"cubes": [
						{"origin": [11.3125, 24.56932, -16.04], "size": [0.66, 3.74, 0.66], "uv": [104, 84]},
						{"origin": [10.8725, 26.10932, -16.26], "size": [1.54, 1.76, 1.1], "uv": [104, 84]},
						{"origin": [11.0925, 26.10932, -16.48], "size": [1.1, 1.76, 1.54], "uv": [104, 84]}
					]
				},
				{
					"name": "dedo30",
					"parent": "dedo29",
					"pivot": [-21.90622, -4.91087, 3.23],
					"cubes": [
						{"origin": [11.37003, 26.55184, -16.04], "size": [0.66, 3.74, 0.66], "uv": [104, 84]},
						{"origin": [10.93003, 28.09184, -16.26], "size": [1.54, 1.76, 1.1], "uv": [104, 84]},
						{"origin": [10.71003, 28.47184, -16.26], "size": [1.98, 1.38, 1.1], "uv": [104, 84]},
						{"origin": [10.93003, 28.47184, -16.48], "size": [1.54, 1.38, 1.54], "uv": [104, 84]},
						{"origin": [11.15003, 28.47184, -16.7], "size": [1.1, 1.38, 1.98], "uv": [104, 84]},
						{"origin": [11.15003, 28.09184, -16.48], "size": [1.1, 1.76, 1.54], "uv": [104, 84]}
					]
				},
				{
					"name": "dedo31",
					"parent": "dedo29",
					"pivot": [-21.90622, -2.93087, 3.23],
					"cubes": [
						{"origin": [11.15003, 28.53184, -16.26], "size": [1.1, 3.96, 1.1], "uv": [104, 84]},
						{"origin": [10.71003, 30.07184, -16.48], "size": [1.98, 2.64, 1.54], "uv": [104, 84]},
						{"origin": [10.93003, 31.17184, -16.48], "size": [1.54, 1.76, 1.54], "uv": [104, 84]},
						{"origin": [10.49003, 31.17184, -16.48], "size": [2.42, 1.32, 1.54], "uv": [104, 84]},
						{"origin": [10.71003, 31.17184, -16.7], "size": [1.98, 1.32, 1.98], "uv": [104, 84]},
						{"origin": [10.93003, 31.17184, -16.92], "size": [1.54, 1.32, 2.42], "uv": [104, 84]},
						{"origin": [10.93003, 30.95184, -16.7], "size": [1.54, 1.76, 1.98], "uv": [104, 84]},
						{"origin": [10.93003, 30.07184, -16.7], "size": [1.54, 1.98, 1.98], "uv": [104, 84]}
					]
				}
			]
		}
	]
}