{
	"format_version": "1.12.0",
	"minecraft:geometry": [
		{
			"description": {
				"identifier": "geometry.ic_handle",
				"texture_width": 64,
				"texture_height": 64,
				"visible_bounds_width": 2,
				"visible_bounds_height": 2.5,
				"visible_bounds_offset": [0, 0.75, 0]
			},
			"bones": [
				{
					"name": "bone",
					"pivot": [0, 0, 0],
					"rotation": [0, 90, 0],
					"cubes": [
						{"origin": [-3, 13, -8], "size": [5, 3, 16], "uv": [0, 0]},
						{"origin": [-1.5, 5, -8], "size": [2, 2, 16], "uv": [0, 19]},
						{"origin": [-1.5, 3, -8], "size": [2, 2, 16], "uv": [0, 19]},
						{"origin": [-0.5, 4, -8], "size": [2, 2, 16], "uv": [0, 19]},
						{"origin": [-2.5, 4, -8], "size": [2, 2, 16], "uv": [0, 19]},
						{"origin": [-2.5, 6, -8], "size": [1, 1.4, 16], "pivot": [-2.5, 6, 0], "rotation": [0, 0, 45], "uv": [0, 19]},
						{"origin": [0.8, 6.7, -8], "size": [1, 1.4, 16], "pivot": [2.5, 6, 0], "rotation": [0, 0, -45], "uv": [0, 19], "mirror": true},
						{"origin": [0.8, 1.9, -8], "size": [1, 1.4, 16], "pivot": [2.5, 4, 0], "rotation": [0, 0, 45], "uv": [0, 19], "mirror": true},
						{"origin": [-2.5, 2.6, -8], "size": [1, 1.4, 16], "pivot": [-2.5, 4, 0], "rotation": [0, 0, -45], "uv": [0, 19]},
						{"origin": [-1, 7, 5], "size": [1, 6, 1], "uv": [0, 20]},
						{"origin": [-0.9, 7, 4.9], "size": [0.8, 6, 1.2], "uv": [0, 20]},
						{"origin": [-1.1, 7, 5.1], "size": [1.2, 6, 0.8], "uv": [0, 20]},
						{"origin": [-1.1, 7, -5.9], "size": [1.2, 6, 0.8], "uv": [0, 20]},
						{"origin": [-1, 7, -6], "size": [1, 6, 1], "uv": [0, 20]},
						{"origin": [-0.9, 7, -6.1], "size": [0.8, 6, 1.2], "uv": [0, 20]},
						{"origin": [-2, 12, 4], "size": [3, 1, 3], "uv": [0, 4]},
						{"origin": [-2, 7, 4], "size": [3, 1, 3], "uv": [0, 4]},
						{"origin": [-2, 7, -7], "size": [3, 1, 3], "uv": [0, 4]},
						{"origin": [-2, 12, -7], "size": [3, 1, 3], "uv": [0, 0]}
					]
				}
			]
		}
	]
}