{
	"format_version": "1.12.0",
	"minecraft:geometry": [
		{
			"description": {
				"identifier": "geometry.ic_longlegs_mad",
				"texture_width": 64,
				"texture_height": 64,
				"visible_bounds_width": 13,
				"visible_bounds_height": 7,
				"visible_bounds_offset": [0, 0.5, 0]
			},
			"bones": [
				{
					"name": "body_main",
					"pivot": [0, 19, 7]
				},
				{
					"name": "Body",
					"parent": "body_main",
					"pivot": [0, 21, 7],
					"rotation": [22.5, 0, 0],
					"cubes": [
						{
							"origin": [-5, 15.1418, 4.25975],
							"size": [10, 10, 11],
							"uv": {
								"north": {"uv": [11, 11], "uv_size": [10, 10]},
								"east": {"uv": [0, 11], "uv_size": [11, 10]},
								"south": {"uv": [32, 11], "uv_size": [10, 10]},
								"west": {"uv": [21, 11], "uv_size": [11, 10]},
								"up": {"uv": [11, 0], "uv_size": [10, 11]},
								"down": {"uv": [21, 11], "uv_size": [10, -11]}
							}
						}
					]
				},
				{
					"name": "body2",
					"parent": "Body",
					"pivot": [0, 22.1418, 2.50975],
					"cubes": [
						{
							"origin": [-4, 18.1418, -12.74025],
							"size": [8, 8, 7],
							"uv": {
								"north": {"uv": [43, 35], "uv_size": [8, 8]},
								"east": {"uv": [36, 35], "uv_size": [7, 8]},
								"south": {"uv": [58, 35], "uv_size": [8, 8]},
								"west": {"uv": [51, 35], "uv_size": [7, 8]},
								"up": {"uv": [43, 28], "uv_size": [8, 7]},
								"down": {"uv": [51, 35], "uv_size": [8, -7]}
							}
						},
						{
							"origin": [-2, 20.1418, -6.74025],
							"size": [4, 4, 5],
							"pivot": [0, 22.1418, -5.74025],
							"rotation": [-25, 0, 0],
							"uv": {
								"north": {"uv": [8, 58], "uv_size": [4, 4]},
								"east": {"uv": [0, 58], "uv_size": [8, 4]},
								"south": {"uv": [20, 58], "uv_size": [4, 4]},
								"west": {"uv": [12, 58], "uv_size": [8, 4]},
								"up": {"uv": [8, 50], "uv_size": [4, 8]},
								"down": {"uv": [12, 58], "uv_size": [4, -8]}
							}
						},
						{
							"origin": [-1, 19.47025, -3.32859],
							"size": [2, 2, 8],
							"uv": {
								"north": {"uv": [8, 58], "uv_size": [4, 4]},
								"east": {"uv": [0, 58], "uv_size": [8, 4]},
								"south": {"uv": [20, 58], "uv_size": [4, 4]},
								"west": {"uv": [12, 62], "uv_size": [8, -4]},
								"up": {"uv": [8, 50], "uv_size": [4, 8]},
								"down": {"uv": [12, 58], "uv_size": [4, -8]}
							}
						}
					]
				},
				{
					"name": "head",
					"parent": "body2",
					"pivot": [0, 21.76922, -13.01233],
					"rotation": [-22.5, 0, 0],
					"cubes": [
						{
							"origin": [-5, 33.77965, -19.98721],
							"size": [6, 2, 4],
							"uv": {
								"north": {"uv": [46, 60], "uv_size": [6, 2]},
								"east": {"uv": [42, 60], "uv_size": [4, 2]},
								"south": {"uv": [56, 60], "uv_size": [6, 2]},
								"west": {"uv": [52, 60], "uv_size": [4, 2]},
								"up": {"uv": [46, 56], "uv_size": [6, 4]},
								"down": {"uv": [52, 60], "uv_size": [6, -4]}
							}
						},
						{
							"origin": [5, 31.77965, -20.98721],
							"size": [6, 6, 6],
							"pivot": [0, 3.1418, -5.74025],
							"rotation": [0, 0, -10],
							"uv": {
								"north": {"uv": [43, 7], "uv_size": [6, 6]},
								"east": {"uv": [37, 7], "uv_size": [6, 6]},
								"south": {"uv": [55, 7], "uv_size": [6, 6]},
								"west": {"uv": [49, 7], "uv_size": [6, 6]},
								"up": {"uv": [43, 1], "uv_size": [6, 6]},
								"down": {"uv": [49, 7], "uv_size": [6, -6]}
							}
						},
						{
							"origin": [-4, 25.77965, -19.98721],
							"size": [8, 8, 4],
							"uv": {
								"north": {"uv": [8, 32], "uv_size": [8, 8]},
								"east": {"uv": [4, 32], "uv_size": [4, 8]},
								"south": {"uv": [20, 32], "uv_size": [8, 8]},
								"west": {"uv": [16, 32], "uv_size": [4, 8]},
								"up": {"uv": [8, 28], "uv_size": [8, 4]},
								"down": {"uv": [16, 32], "uv_size": [8, -4]}
							}
						}
					]
				},
				{
					"name": "Head2",
					"parent": "head",
					"pivot": [-5.02975, 35.32648, -17.98721],
					"rotation": [0, 0, 12.5],
					"cubes": [
						{
							"origin": [-11.33398, 35.69566, -18.98721],
							"size": [7, 2, 2],
							"pivot": [-4.83398, 35.69566, -17.98721],
							"rotation": [0, 0, -10],
							"uv": {
								"north": {"uv": [26, 26], "uv_size": [7, 2]},
								"east": {"uv": [24, 26], "uv_size": [2, 2]},
								"south": {"uv": [35, 26], "uv_size": [7, 2]},
								"west": {"uv": [33, 26], "uv_size": [2, 2]},
								"up": {"uv": [26, 24], "uv_size": [7, 2]},
								"down": {"uv": [33, 26], "uv_size": [7, -2]}
							}
						}
					]
				},
				{
					"name": "Head10",
					"parent": "Head2",
					"pivot": [-10.81769, 35.37172, -17.98721],
					"rotation": [0, 0, 7.5],
					"cubes": [
						{
							"origin": [-17.04222, 34.4807, -18.98721],
							"size": [7, 2, 2],
							"pivot": [-10.38112, 35.56706, -17.98721],
							"rotation": [0, 0, 20],
							"uv": {
								"north": {"uv": [26, 26], "uv_size": [7, 2]},
								"east": {"uv": [24, 26], "uv_size": [2, 2]},
								"south": {"uv": [35, 26], "uv_size": [7, 2]},
								"west": {"uv": [33, 26], "uv_size": [2, 2]},
								"up": {"uv": [26, 24], "uv_size": [7, 2]},
								"down": {"uv": [33, 26], "uv_size": [7, -2]}
							}
						}
					]
				},
				{
					"name": "Head1",
					"parent": "head",
					"pivot": [-3.50113, 34.0674, -17.98721],
					"rotation": [-0.19309, 0.47043, -40.05305],
					"cubes": [
						{
							"origin": [-9.9324, 38.14483, -17.98721],
							"size": [7, 2, 2],
							"pivot": [0.69567, 38.68097, -18.98721],
							"rotation": [0, -17.5, 2.5],
							"uv": {
								"north": {"uv": [26, 26], "uv_size": [7, 2]},
								"east": {"uv": [24, 26], "uv_size": [2, 2]},
								"south": {"uv": [35, 26], "uv_size": [7, 2]},
								"west": {"uv": [33, 26], "uv_size": [2, 2]},
								"up": {"uv": [26, 24], "uv_size": [7, 2]},
								"down": {"uv": [33, 26], "uv_size": [7, -2]}
							}
						}
					]
				},
				{
					"name": "head6",
					"parent": "Head1",
					"pivot": [-2.82304, 34.63831, -18.65388],
					"rotation": [0, 0, 75],
					"cubes": [
						{
							"origin": [-4.15256, 34.55115, -20.41342],
							"size": [2, 2, 5],
							"uv": {
								"north": {"uv": [32, 50], "uv_size": [2, 2]},
								"east": {"uv": [27, 50], "uv_size": [5, 2]},
								"south": {"uv": [39, 50], "uv_size": [2, 2]},
								"west": {"uv": [34, 50], "uv_size": [5, 2]},
								"up": {"uv": [32, 45], "uv_size": [2, 5]},
								"down": {"uv": [34, 50], "uv_size": [2, -5]}
							}
						},
						{
							"origin": [-4.15256, 32.55115, -20.41342],
							"size": [2, 2, 5],
							"uv": {
								"north": {"uv": [32, 50], "uv_size": [2, 2]},
								"east": {"uv": [27, 50], "uv_size": [5, 2]},
								"south": {"uv": [39, 50], "uv_size": [2, 2]},
								"west": {"uv": [34, 50], "uv_size": [5, 2]},
								"up": {"uv": [32, 45], "uv_size": [2, 5]},
								"down": {"uv": [34, 50], "uv_size": [2, -5]}
							}
						},
						{
							"origin": [-8.15256, 34.55115, -18.98721],
							"size": [6, 2, 2],
							"pivot": [-2.15256, 34.55115, -18.98721],
							"rotation": [0, 0, -5],
							"uv": {
								"north": {"uv": [26, 26], "uv_size": [6, 2]},
								"east": {"uv": [24, 26], "uv_size": [2, 2]},
								"south": {"uv": [34, 26], "uv_size": [6, 2]},
								"west": {"uv": [32, 26], "uv_size": [2, 2]},
								"up": {"uv": [26, 24], "uv_size": [6, 2]},
								"down": {"uv": [32, 26], "uv_size": [6, -2]}
							}
						}
					]
				},
				{
					"name": "Head8",
					"parent": "Head1",
					"pivot": [-8.41783, 40.02413, -19.98721],
					"rotation": [0, 0, -30],
					"cubes": [
						{
							"origin": [-15.49853, 39.14651, -21.17902],
							"size": [7, 2, 2],
							"pivot": [-8.99853, 40.14651, -19.17902],
							"rotation": [0, 20, 0],
							"uv": {
								"north": {"uv": [26, 26], "uv_size": [7, 2]},
								"east": {"uv": [24, 26], "uv_size": [2, 2]},
								"south": {"uv": [35, 26], "uv_size": [7, 2]},
								"west": {"uv": [33, 26], "uv_size": [2, 2]},
								"up": {"uv": [26, 24], "uv_size": [7, 2]},
								"down": {"uv": [33, 26], "uv_size": [7, -2]}
							}
						}
					]
				},
				{
					"name": "Head4",
					"parent": "head",
					"pivot": [0, 25.77965, -16.98721],
					"rotation": [-42.5, 0, 0],
					"cubes": [
						{
							"origin": [-1, 24.85435, -17.7942],
							"size": [2, 2, 7],
							"uv": {
								"north": {"uv": [23, 52], "uv_size": [2, 2]},
								"east": {"uv": [16, 52], "uv_size": [7, 2]},
								"south": {"uv": [32, 52], "uv_size": [2, 2]},
								"west": {"uv": [25, 52], "uv_size": [7, 2]},
								"up": {"uv": [23, 45], "uv_size": [2, 7]},
								"down": {"uv": [25, 52], "uv_size": [2, -7]}
							}
						}
					]
				},
				{
					"name": "Head3",
					"parent": "head",
					"pivot": [-4.96828, 35.56262, -16.98721],
					"rotation": [0, 0, 65],
					"cubes": [
						{
							"origin": [-11.50905, 35.43081, -17.98721],
							"size": [7, 2, 2],
							"pivot": [-5.00905, 36.43081, -16.98721],
							"rotation": [0, 17.5, 0],
							"uv": {
								"north": {"uv": [26, 26], "uv_size": [7, 2]},
								"east": {"uv": [24, 26], "uv_size": [2, 2]},
								"south": {"uv": [35, 26], "uv_size": [7, 2]},
								"west": {"uv": [33, 26], "uv_size": [2, 2]},
								"up": {"uv": [26, 24], "uv_size": [7, 2]},
								"down": {"uv": [33, 26], "uv_size": [7, -2]}
							}
						}
					]
				},
				{
					"name": "Head9",
					"parent": "Head3",
					"pivot": [-11.70964, 35.69698, -16.98721],
					"rotation": [0, 0, -75],
					"cubes": [
						{
							"origin": [-16.97667, 34.72829, -16.1467],
							"size": [7, 2, 2],
							"pivot": [-10.3486, 35.72829, -14.68284],
							"rotation": [0, -12.5, 0],
							"uv": {
								"north": {"uv": [26, 26], "uv_size": [7, 2]},
								"east": {"uv": [24, 26], "uv_size": [2, 2]},
								"south": {"uv": [35, 26], "uv_size": [7, 2]},
								"west": {"uv": [33, 26], "uv_size": [2, 2]},
								"up": {"uv": [26, 24], "uv_size": [7, 2]},
								"down": {"uv": [33, 26], "uv_size": [7, -2]}
							}
						}
					]
				},
				{
					"name": "Head5",
					"parent": "head",
					"pivot": [0, 8.77965, -3.98721],
					"cubes": [
						{
							"origin": [-4, 25.77965, -19.18721],
							"size": [8, 8, 0],
							"uv": {
								"north": {"uv": [50, 13], "uv_size": [8, 8]},
								"east": {"uv": [50, 13], "uv_size": [0, 8]},
								"south": {"uv": [58, 13], "uv_size": [8, 8]},
								"west": {"uv": [58, 13], "uv_size": [0, 8]},
								"up": {"uv": [50, 13], "uv_size": [8, 0]},
								"down": {"uv": [58, 13], "uv_size": [8, 0]}
							}
						}
					]
				},
				{
					"name": "leftarm",
					"parent": "body_main",
					"pivot": [4, 13, -9]
				},
				{
					"name": "leftarm1",
					"parent": "leftarm",
					"pivot": [2.09406, 13.07444, -9],
					"rotation": [89.9802, -0.18057, 59.99839],
					"cubes": [
						{
							"origin": [1.42206, 12.07444, -10.78812],
							"size": [2, 2, 8],
							"uv": {
								"north": {"uv": [8, 48], "uv_size": [2, 2]},
								"east": {"uv": [0, 48], "uv_size": [8, 2]},
								"south": {"uv": [18, 48], "uv_size": [2, 2]},
								"west": {"uv": [10, 48], "uv_size": [8, 2]},
								"up": {"uv": [8, 40], "uv_size": [2, 8]},
								"down": {"uv": [10, 48], "uv_size": [2, -8]}
							}
						}
					]
				},
				{
					"name": "leftarm3",
					"parent": "leftarm1",
					"pivot": [2.31125, 13.03135, -3],
					"rotation": [4.87872, 47.2626, 2.93327],
					"cubes": [
						{
							"origin": [1.51676, 12.08965, -3.41517],
							"size": [2, 2, 8],
							"uv": {
								"north": {"uv": [8, 48], "uv_size": [2, 2]},
								"east": {"uv": [0, 48], "uv_size": [8, 2]},
								"south": {"uv": [18, 48], "uv_size": [2, 2]},
								"west": {"uv": [10, 48], "uv_size": [8, 2]},
								"up": {"uv": [8, 40], "uv_size": [2, 8]},
								"down": {"uv": [10, 48], "uv_size": [2, -8]}
							}
						}
					]
				},
				{
					"name": "leftarm2",
					"parent": "leftarm3",
					"pivot": [2.96561, 13.73174, 4],
					"rotation": [0, 57.5, 0],
					"cubes": [
						{
							"origin": [1.6939, 12.08965, 3.09228],
							"size": [2, 2, 14],
							"uv": {
								"north": {"uv": [32, 43], "uv_size": [2, 2]},
								"east": {"uv": [18, 43], "uv_size": [14, 2]},
								"south": {"uv": [48, 43], "uv_size": [2, 2]},
								"west": {"uv": [34, 43], "uv_size": [14, 2]},
								"up": {"uv": [32, 29], "uv_size": [2, 14]},
								"down": {"uv": [34, 43], "uv_size": [2, -14]}
							}
						}
					]
				},
				{
					"name": "leftarm4",
					"parent": "leftarm2",
					"pivot": [2.84995, 13, 16.5011],
					"rotation": [90, -15, 180],
					"cubes": [
						{
							"origin": [0.8426, 12.07103, 13.0866],
							"size": [3, 2, 4],
							"uv": {
								"north": {"uv": [30, 60], "uv_size": [3, 2]},
								"east": {"uv": [26, 60], "uv_size": [4, 2]},
								"south": {"uv": [37, 60], "uv_size": [3, 2]},
								"west": {"uv": [33, 60], "uv_size": [4, 2]},
								"up": {"uv": [30, 56], "uv_size": [3, 4]},
								"down": {"uv": [33, 60], "uv_size": [3, -4]}
							}
						},
						{
							"origin": [1.8426, 16.07103, 19.83964],
							"size": [2, 4, 2],
							"pivot": [-14.1574, 12.07103, 22.0866],
							"rotation": [62.5, 0, 0],
							"uv": {
								"north": {"uv": [32, 48], "uv_size": [2, 4]},
								"east": {"uv": [30, 48], "uv_size": [2, 4]},
								"south": {"uv": [36, 48], "uv_size": [2, 4]},
								"west": {"uv": [34, 48], "uv_size": [2, 4]},
								"up": {"uv": [32, 46], "uv_size": [2, 2]},
								"down": {"uv": [34, 48], "uv_size": [2, -2]}
							}
						},
						{
							"origin": [0.8426, 16.07103, 19.83964],
							"size": [2, 4, 2],
							"pivot": [-14.1574, 12.07103, 22.0866],
							"rotation": [62.5, 0, 0],
							"uv": {
								"north": {"uv": [32, 48], "uv_size": [2, 4]},
								"east": {"uv": [30, 48], "uv_size": [2, 4]},
								"south": {"uv": [36, 48], "uv_size": [2, 4]},
								"west": {"uv": [34, 48], "uv_size": [2, 4]},
								"up": {"uv": [32, 46], "uv_size": [2, 2]},
								"down": {"uv": [34, 48], "uv_size": [2, -2]}
							}
						}
					]
				},
				{
					"name": "leftarm5",
					"parent": "leftarm4",
					"pivot": [0.03615, 13.92576, 12.44505],
					"rotation": [0, 27.5, 0],
					"cubes": [
						{
							"origin": [0.13756, 13.07103, 9.37847],
							"size": [1, 1, 4],
							"pivot": [0.63756, 13.07103, 12.87847],
							"rotation": [-27.5, 0, 0],
							"uv": {
								"north": {"uv": [5, 5], "uv_size": [1, 2]},
								"east": {"uv": [0, 5], "uv_size": [5, 2]},
								"south": {"uv": [11, 5], "uv_size": [1, 2]},
								"west": {"uv": [6, 5], "uv_size": [5, 2]},
								"up": {"uv": [5, 0], "uv_size": [1, 5]},
								"down": {"uv": [6, 5], "uv_size": [1, -5]}
							}
						},
						{
							"origin": [0.13756, 14.54591, 6.99746],
							"size": [1, 1, 3],
							"pivot": [0.63756, 15.07328, 10.17429],
							"rotation": [57.5, 0, 0],
							"uv": {
								"north": {"uv": [5, 5], "uv_size": [1, 2]},
								"east": {"uv": [0, 5], "uv_size": [5, 2]},
								"south": {"uv": [11, 5], "uv_size": [1, 2]},
								"west": {"uv": [6, 5], "uv_size": [5, 2]},
								"up": {"uv": [5, 0], "uv_size": [1, 5]},
								"down": {"uv": [6, 5], "uv_size": [1, -5]}
							}
						}
					]
				},
				{
					"name": "leftarm6",
					"parent": "leftarm4",
					"pivot": [1.84995, 12.04362, 29.50206],
					"rotation": [0, 65, 0],
					"cubes": [
						{
							"origin": [15.31707, 13.07103, 19.74244],
							"size": [1, 1, 3],
							"pivot": [15.81707, 13.07103, 22.24244],
							"rotation": [-30, 0, 0],
							"uv": {
								"north": {"uv": [5, 5], "uv_size": [1, 2]},
								"east": {"uv": [0, 5], "uv_size": [5, 2]},
								"south": {"uv": [11, 5], "uv_size": [1, 2]},
								"west": {"uv": [6, 5], "uv_size": [5, 2]},
								"up": {"uv": [5, 0], "uv_size": [1, 5]},
								"down": {"uv": [6, 5], "uv_size": [1, -5]}
							}
						},
						{
							"origin": [15.31707, 14.31206, 17.31183],
							"size": [1, 1, 3],
							"pivot": [15.81707, 14.75404, 20.21135],
							"rotation": [52.5, 0, 0],
							"uv": {
								"north": {"uv": [5, 5], "uv_size": [1, 2]},
								"east": {"uv": [0, 5], "uv_size": [5, 2]},
								"south": {"uv": [11, 5], "uv_size": [1, 2]},
								"west": {"uv": [6, 5], "uv_size": [5, 2]},
								"up": {"uv": [5, 0], "uv_size": [1, 5]},
								"down": {"uv": [6, 5], "uv_size": [1, -5]}
							}
						}
					]
				},
				{
					"name": "leftarm7",
					"parent": "leftarm4",
					"pivot": [-13.15005, 12.04362, 19.50206],
					"rotation": [0, 2.5, 0],
					"cubes": [
						{
							"origin": [1.31711, 13.07103, 9.38572],
							"size": [1, 1, 5],
							"pivot": [1.81711, 13.07103, 13.88572],
							"rotation": [-25, 0, 0],
							"uv": {
								"north": {"uv": [5, 5], "uv_size": [1, 2]},
								"east": {"uv": [0, 5], "uv_size": [5, 2]},
								"south": {"uv": [11, 5], "uv_size": [1, 2]},
								"west": {"uv": [6, 5], "uv_size": [5, 2]},
								"up": {"uv": [5, 0], "uv_size": [1, 5]},
								"down": {"uv": [6, 5], "uv_size": [1, -5]}
							}
						},
						{
							"origin": [1.31711, 14.66781, 6.71264],
							"size": [1, 1, 4],
							"pivot": [1.81711, 14.60674, 10.44787],
							"rotation": [40, 0, 0],
							"uv": {
								"north": {"uv": [5, 5], "uv_size": [1, 2]},
								"east": {"uv": [0, 5], "uv_size": [5, 2]},
								"south": {"uv": [11, 5], "uv_size": [1, 2]},
								"west": {"uv": [6, 5], "uv_size": [5, 2]},
								"up": {"uv": [5, 0], "uv_size": [1, 5]},
								"down": {"uv": [6, 5], "uv_size": [1, -5]}
							}
						}
					]
				},
				{
					"name": "leftarm8",
					"parent": "leftarm4",
					"pivot": [2.50891, 13.72466, 13.00879],
					"rotation": [0, -12.5, 0],
					"cubes": [
						{
							"origin": [1.87806, 13.07103, 8.7215],
							"size": [1, 1, 5],
							"pivot": [2.37806, 13.07103, 13.2215],
							"rotation": [-25, 0, 0],
							"uv": {
								"north": {"uv": [5, 5], "uv_size": [1, 2]},
								"east": {"uv": [0, 5], "uv_size": [5, 2]},
								"south": {"uv": [11, 5], "uv_size": [1, 2]},
								"west": {"uv": [6, 5], "uv_size": [5, 2]},
								"up": {"uv": [5, 0], "uv_size": [1, 5]},
								"down": {"uv": [6, 5], "uv_size": [1, -5]}
							}
						},
						{
							"origin": [1.87806, 14.44889, 5.94197],
							"size": [1, 1, 4],
							"pivot": [2.37806, 15.07103, 9.2215],
							"rotation": [45, 0, 0],
							"uv": {
								"north": {"uv": [5, 5], "uv_size": [1, 2]},
								"east": {"uv": [0, 5], "uv_size": [5, 2]},
								"south": {"uv": [11, 5], "uv_size": [1, 2]},
								"west": {"uv": [6, 5], "uv_size": [5, 2]},
								"up": {"uv": [5, 0], "uv_size": [1, 5]},
								"down": {"uv": [6, 5], "uv_size": [1, -5]}
							}
						}
					]
				},
				{
					"name": "leftarm9",
					"parent": "leftarm4",
					"pivot": [3.68202, 13.04362, 12.6339],
					"rotation": [0, -22.5, 0],
					"cubes": [
						{
							"origin": [3.10265, 13.07103, 9.72602],
							"size": [1, 1, 4],
							"pivot": [3.60265, 13.07103, 13.22602],
							"rotation": [-25, 0, 0],
							"uv": {
								"north": {"uv": [5, 5], "uv_size": [1, 2]},
								"east": {"uv": [0, 5], "uv_size": [5, 2]},
								"south": {"uv": [11, 5], "uv_size": [1, 2]},
								"west": {"uv": [6, 5], "uv_size": [5, 2]},
								"up": {"uv": [5, 0], "uv_size": [1, 5]},
								"down": {"uv": [6, 5], "uv_size": [1, -5]}
							}
						},
						{
							"origin": [3.10265, 14.4565, 7.25609],
							"size": [1, 1, 4],
							"pivot": [3.60265, 14.39543, 10.24133],
							"rotation": [55, 0, 0],
							"uv": {
								"north": {"uv": [5, 5], "uv_size": [1, 2]},
								"east": {"uv": [0, 5], "uv_size": [5, 2]},
								"south": {"uv": [11, 5], "uv_size": [1, 2]},
								"west": {"uv": [6, 5], "uv_size": [5, 2]},
								"up": {"uv": [5, 0], "uv_size": [1, 5]},
								"down": {"uv": [6, 5], "uv_size": [1, -5]}
							}
						}
					]
				},
				{
					"name": "rightarm",
					"parent": "body_main",
					"pivot": [-3, 14, -9]
				},
				{
					"name": "rightarm1",
					"parent": "rightarm",
					"pivot": [-2.09406, 12.07444, -9],
					"rotation": [90, 0, 125],
					"cubes": [
						{
							"origin": [-3.42206, 11.07444, -15.21188],
							"size": [2, 2, 8],
							"uv": {
								"north": {"uv": [8, 48], "uv_size": [2, 2]},
								"east": {"uv": [0, 48], "uv_size": [8, 2]},
								"south": {"uv": [18, 48], "uv_size": [2, 2]},
								"west": {"uv": [10, 48], "uv_size": [8, 2]},
								"up": {"uv": [8, 40], "uv_size": [2, 8]},
								"down": {"uv": [10, 48], "uv_size": [2, -8]}
							}
						}
					]
				},
				{
					"name": "rightarm3",
					"parent": "rightarm1",
					"pivot": [-2.63989, 12.07444, -13.85357],
					"rotation": [0, -52.5, 0],
					"cubes": [
						{
							"origin": [-4.19366, 11.07444, -22.05992],
							"size": [2, 2, 8],
							"uv": {
								"north": {"uv": [8, 48], "uv_size": [2, 2]},
								"east": {"uv": [0, 48], "uv_size": [8, 2]},
								"south": {"uv": [18, 48], "uv_size": [2, 2]},
								"west": {"uv": [10, 48], "uv_size": [8, 2]},
								"up": {"uv": [8, 40], "uv_size": [2, 8]},
								"down": {"uv": [10, 48], "uv_size": [2, -8]}
							}
						}
					]
				},
				{
					"name": "rightarm2",
					"parent": "rightarm3",
					"pivot": [-3.59951, 12.36376, -21.08932],
					"rotation": [0, -57.5, 0],
					"cubes": [
						{
							"origin": [-4.73734, 11.07444, -35.10972],
							"size": [2, 2, 14],
							"uv": {
								"north": {"uv": [32, 43], "uv_size": [2, 2]},
								"east": {"uv": [18, 43], "uv_size": [14, 2]},
								"south": {"uv": [48, 43], "uv_size": [2, 2]},
								"west": {"uv": [34, 43], "uv_size": [14, 2]},
								"up": {"uv": [32, 29], "uv_size": [2, 14]},
								"down": {"uv": [34, 43], "uv_size": [2, -14]}
							}
						}
					]
				},
				{
					"name": "rightarm4",
					"parent": "rightarm2",
					"pivot": [-3.94898, 12, -34.73086],
					"rotation": [-90, -15, 0],
					"cubes": [
						{
							"origin": [-5.17372, 10.29289, -38.73086],
							"size": [3, 2, 4],
							"uv": {
								"north": {"uv": [29, 60], "uv_size": [3, 2]},
								"east": {"uv": [25, 60], "uv_size": [4, 2]},
								"south": {"uv": [36, 60], "uv_size": [3, 2]},
								"west": {"uv": [32, 60], "uv_size": [4, 2]},
								"up": {"uv": [29, 56], "uv_size": [3, 4]},
								"down": {"uv": [32, 60], "uv_size": [3, -4]}
							}
						},
						{
							"origin": [-5.17372, 14.29289, -31.97782],
							"size": [2, 4, 2],
							"pivot": [12.82628, 10.29289, -29.73086],
							"rotation": [62.5, 0, 0],
							"uv": {
								"north": {"uv": [32, 48], "uv_size": [2, 4]},
								"east": {"uv": [30, 48], "uv_size": [2, 4]},
								"south": {"uv": [36, 48], "uv_size": [2, 4]},
								"west": {"uv": [34, 48], "uv_size": [2, 4]},
								"up": {"uv": [32, 46], "uv_size": [2, 2]},
								"down": {"uv": [34, 48], "uv_size": [2, -2]}
							}
						},
						{
							"origin": [-4.17372, 14.29289, -31.97782],
							"size": [2, 4, 2],
							"pivot": [12.82628, 10.29289, -29.73086],
							"rotation": [62.5, 0, 0],
							"uv": {
								"north": {"uv": [32, 48], "uv_size": [2, 4]},
								"east": {"uv": [30, 48], "uv_size": [2, 4]},
								"south": {"uv": [36, 48], "uv_size": [2, 4]},
								"west": {"uv": [34, 48], "uv_size": [2, 4]},
								"up": {"uv": [32, 46], "uv_size": [2, 2]},
								"down": {"uv": [34, 48], "uv_size": [2, -2]}
							}
						}
					]
				},
				{
					"name": "rightarm6",
					"parent": "rightarm4",
					"pivot": [-4.20066, 12.75913, -38.43976],
					"rotation": [0, 10, 0],
					"cubes": [
						{
							"origin": [-4.5698, 11.29289, -41.99644],
							"size": [1, 1, 4],
							"pivot": [-4.0698, 11.79289, -37.99644],
							"rotation": [-30, 0, 0],
							"uv": {
								"north": {"uv": [5, 5], "uv_size": [1, 2]},
								"east": {"uv": [0, 5], "uv_size": [5, 2]},
								"south": {"uv": [11, 5], "uv_size": [1, 2]},
								"west": {"uv": [6, 5], "uv_size": [5, 2]},
								"up": {"uv": [5, 0], "uv_size": [1, 5]},
								"down": {"uv": [6, 5], "uv_size": [1, -5]}
							}
						},
						{
							"origin": [-4.5698, 13.40892, -45.49163],
							"size": [1, 1, 4],
							"pivot": [-4.0698, 13.79289, -41.6926],
							"rotation": [40, 0, 0],
							"uv": {
								"north": {"uv": [5, 5], "uv_size": [1, 2]},
								"east": {"uv": [0, 5], "uv_size": [5, 2]},
								"south": {"uv": [11, 5], "uv_size": [1, 2]},
								"west": {"uv": [6, 5], "uv_size": [5, 2]},
								"up": {"uv": [5, 0], "uv_size": [1, 5]},
								"down": {"uv": [6, 5], "uv_size": [1, -5]}
							}
						}
					]
				},
				{
					"name": "rightarm5",
					"parent": "rightarm4",
					"pivot": [-2.62372, 12.59653, -41.42772],
					"rotation": [0, -7.5, 0],
					"cubes": [
						{
							"origin": [-3.12372, 11.29289, -42.23086],
							"size": [1, 1, 4],
							"pivot": [-2.62372, 11.79289, -38.23086],
							"rotation": [-30, 0, 0],
							"uv": {
								"north": {"uv": [5, 5], "uv_size": [1, 2]},
								"east": {"uv": [0, 5], "uv_size": [5, 2]},
								"south": {"uv": [11, 5], "uv_size": [1, 2]},
								"west": {"uv": [6, 5], "uv_size": [5, 2]},
								"up": {"uv": [5, 0], "uv_size": [1, 5]},
								"down": {"uv": [6, 5], "uv_size": [1, -5]}
							}
						},
						{
							"origin": [-3.12372, 13.56741, -45.38454],
							"size": [1, 1, 4],
							"pivot": [-2.62372, 13.79289, -41.244],
							"rotation": [47.5, 0, 0],
							"uv": {
								"north": {"uv": [5, 5], "uv_size": [1, 2]},
								"east": {"uv": [0, 5], "uv_size": [5, 2]},
								"south": {"uv": [11, 5], "uv_size": [1, 2]},
								"west": {"uv": [6, 5], "uv_size": [5, 2]},
								"up": {"uv": [5, 0], "uv_size": [1, 5]},
								"down": {"uv": [6, 5], "uv_size": [1, -5]}
							}
						}
					]
				},
				{
					"name": "rightarm8",
					"parent": "rightarm4",
					"pivot": [-2.54631, 12.54525, -38.37917],
					"rotation": [0, -42.5, 0],
					"cubes": [
						{
							"origin": [-2.84435, 11.29289, -41.9442],
							"size": [1, 1, 4],
							"pivot": [-2.34435, 11.79289, -37.4442],
							"rotation": [-20, 0, 0],
							"uv": {
								"north": {"uv": [5, 5], "uv_size": [1, 2]},
								"east": {"uv": [0, 5], "uv_size": [5, 2]},
								"south": {"uv": [11, 5], "uv_size": [1, 2]},
								"west": {"uv": [6, 5], "uv_size": [5, 2]},
								"up": {"uv": [5, 0], "uv_size": [1, 5]},
								"down": {"uv": [6, 5], "uv_size": [1, -5]}
							}
						},
						{
							"origin": [-2.84435, 12.78675, -44.18811],
							"size": [1, 1, 3],
							"pivot": [-2.34435, 13.26602, -41.55221],
							"rotation": [47.5, 0, 0],
							"uv": {
								"north": {"uv": [5, 5], "uv_size": [1, 2]},
								"east": {"uv": [0, 5], "uv_size": [5, 2]},
								"south": {"uv": [11, 5], "uv_size": [1, 2]},
								"west": {"uv": [6, 5], "uv_size": [5, 2]},
								"up": {"uv": [5, 0], "uv_size": [1, 5]},
								"down": {"uv": [6, 5], "uv_size": [1, -5]}
							}
						}
					]
				},
				{
					"name": "rightarm9",
					"parent": "rightarm4",
					"pivot": [-2.08712, 12.1517, -37.77645],
					"rotation": [-7.5, -62.5, 0],
					"cubes": [
						{
							"origin": [-2.12537, 11.29289, -39.8471],
							"size": [1, 1, 5],
							"pivot": [-1.62537, 11.79289, -36.3471],
							"rotation": [-22.5, 0, 0],
							"uv": {
								"north": {"uv": [5, 5], "uv_size": [1, 2]},
								"east": {"uv": [0, 5], "uv_size": [5, 2]},
								"south": {"uv": [11, 5], "uv_size": [1, 2]},
								"west": {"uv": [6, 5], "uv_size": [5, 2]},
								"up": {"uv": [5, 0], "uv_size": [1, 5]},
								"down": {"uv": [6, 5], "uv_size": [1, -5]}
							}
						},
						{
							"origin": [-2.12537, 12.55616, -41.90888],
							"size": [1, 1, 3],
							"pivot": [-1.62537, 12.89765, -39.42844],
							"rotation": [60, 0, 0],
							"uv": {
								"north": {"uv": [5, 5], "uv_size": [1, 2]},
								"east": {"uv": [0, 5], "uv_size": [5, 2]},
								"south": {"uv": [11, 5], "uv_size": [1, 2]},
								"west": {"uv": [6, 5], "uv_size": [5, 2]},
								"up": {"uv": [5, 0], "uv_size": [1, 5]},
								"down": {"uv": [6, 5], "uv_size": [1, -5]}
							}
						}
					]
				},
				{
					"name": "rightarm7",
					"parent": "rightarm4",
					"pivot": [-5.86288, 11.86641, -38.16898],
					"rotation": [0, 10, 0],
					"cubes": [
						{
							"origin": [-5.24351, 11.29289, -42.3793],
							"size": [1, 1, 4],
							"pivot": [-4.74351, 11.29289, -37.8793],
							"rotation": [-25.33761, 9.05478, -4.26175],
							"uv": {
								"north": {"uv": [5, 5], "uv_size": [1, 2]},
								"east": {"uv": [0, 5], "uv_size": [5, 2]},
								"south": {"uv": [11, 5], "uv_size": [1, 2]},
								"west": {"uv": [6, 5], "uv_size": [5, 2]},
								"up": {"uv": [5, 0], "uv_size": [1, 5]},
								"down": {"uv": [6, 5], "uv_size": [1, -5]}
							}
						},
						{
							"origin": [-6.04177, 13.14148, -45.09358],
							"size": [1, 1, 4],
							"pivot": [-5.87223, 13.70133, -41.71949],
							"rotation": [54.66239, 9.05478, -4.26175],
							"uv": {
								"north": {"uv": [5, 5], "uv_size": [1, 2]},
								"east": {"uv": [0, 5], "uv_size": [5, 2]},
								"south": {"uv": [11, 5], "uv_size": [1, 2]},
								"west": {"uv": [6, 5], "uv_size": [5, 2]},
								"up": {"uv": [5, 0], "uv_size": [1, 5]},
								"down": {"uv": [6, 5], "uv_size": [1, -5]}
							}
						}
					]
				},
				{
					"name": "leftleg",
					"parent": "body_main",
					"pivot": [3, 21, 11]
				},
				{
					"name": "leftleg4",
					"parent": "leftleg",
					"pivot": [5.2525, 22.85236, 11],
					"rotation": [90, 0, 97.5],
					"cubes": [
						{
							"origin": [6.54556, 21.85236, 10.58245],
							"size": [2, 2, 10],
							"pivot": [7.54556, 22.85236, 10.58245],
							"rotation": [0, -15, 0],
							"uv": {
								"north": {"uv": [32, 43], "uv_size": [2, 2]},
								"east": {"uv": [22, 43], "uv_size": [10, 2]},
								"south": {"uv": [44, 43], "uv_size": [2, 2]},
								"west": {"uv": [34, 43], "uv_size": [10, 2]},
								"up": {"uv": [32, 33], "uv_size": [2, 10]},
								"down": {"uv": [34, 43], "uv_size": [2, -10]}
							}
						}
					]
				},
				{
					"name": "leftleg1",
					"parent": "leftleg4",
					"pivot": [5.52698, 22.85236, 19.10421],
					"rotation": [0, 45, 0],
					"cubes": [
						{
							"origin": [3.81987, 21.85236, 18.63974],
							"size": [2, 2, 8],
							"uv": {
								"north": {"uv": [8, 48], "uv_size": [2, 2]},
								"east": {"uv": [0, 48], "uv_size": [8, 2]},
								"south": {"uv": [18, 48], "uv_size": [2, 2]},
								"west": {"uv": [10, 48], "uv_size": [8, 2]},
								"up": {"uv": [8, 40], "uv_size": [2, 8]},
								"down": {"uv": [10, 48], "uv_size": [2, -8]}
							}
						}
					]
				},
				{
					"name": "leftleg2",
					"parent": "leftleg1",
					"pivot": [5.44104, 21.9747, 25.55646],
					"rotation": [0, 30, 0],
					"cubes": [
						{
							"origin": [3.49543, 21.85236, 25.68403],
							"size": [2, 2, 14],
							"uv": {
								"north": {"uv": [32, 43], "uv_size": [2, 2]},
								"east": {"uv": [18, 43], "uv_size": [14, 2]},
								"south": {"uv": [48, 43], "uv_size": [2, 2]},
								"west": {"uv": [34, 43], "uv_size": [14, 2]},
								"up": {"uv": [32, 29], "uv_size": [2, 14]},
								"down": {"uv": [34, 43], "uv_size": [2, -14]}
							}
						},
						{
							"origin": [3.86374, 20.85236, 38.39769],
							"size": [2, 4, 2],
							"uv": {
								"north": {"uv": [32, 48], "uv_size": [2, 4]},
								"east": {"uv": [30, 48], "uv_size": [2, 4]},
								"south": {"uv": [36, 48], "uv_size": [2, 4]},
								"west": {"uv": [34, 48], "uv_size": [2, 4]},
								"up": {"uv": [32, 46], "uv_size": [2, 2]},
								"down": {"uv": [34, 48], "uv_size": [2, -2]}
							}
						},
						{
							"origin": [2.86374, 20.85236, 38.39769],
							"size": [2, 4, 2],
							"uv": {
								"north": {"uv": [32, 48], "uv_size": [2, 4]},
								"east": {"uv": [30, 48], "uv_size": [2, 4]},
								"south": {"uv": [36, 48], "uv_size": [2, 4]},
								"west": {"uv": [34, 48], "uv_size": [2, 4]},
								"up": {"uv": [32, 46], "uv_size": [2, 2]},
								"down": {"uv": [34, 48], "uv_size": [2, -2]}
							}
						}
					]
				},
				{
					"name": "leftleg3",
					"parent": "leftleg2",
					"pivot": [4.74373, 22, 40.58204],
					"rotation": [90, 7.5, 0],
					"cubes": [
						{
							"origin": [2.61321, 20.5, 38.58204],
							"size": [4, 2, 7],
							"uv": {
								"north": {"uv": [42, 54], "uv_size": [4, 2]},
								"east": {"uv": [35, 54], "uv_size": [7, 2]},
								"south": {"uv": [53, 54], "uv_size": [4, 2]},
								"west": {"uv": [46, 54], "uv_size": [7, 2]},
								"up": {"uv": [42, 47], "uv_size": [4, 7]},
								"down": {"uv": [46, 54], "uv_size": [4, -7]}
							}
						}
					]
				},
				{
					"name": "rightLeg",
					"parent": "body_main",
					"pivot": [-2, 21, 11]
				},
				{
					"name": "rightleg4",
					"parent": "rightLeg",
					"pivot": [-17.00789, 21.60622, 16],
					"rotation": [90, 0, 97.5],
					"cubes": [
						{
							"origin": [-18.21617, 25, 19.0792],
							"size": [2, 2, 10],
							"uv": {
								"north": {"uv": [32, 43], "uv_size": [2, 2]},
								"east": {"uv": [22, 43], "uv_size": [10, 2]},
								"south": {"uv": [44, 43], "uv_size": [2, 2]},
								"west": {"uv": [34, 43], "uv_size": [10, 2]},
								"up": {"uv": [32, 33], "uv_size": [2, 10]},
								"down": {"uv": [34, 43], "uv_size": [2, -10]}
							}
						}
					]
				},
				{
					"name": "rightLeg1",
					"parent": "rightleg4",
					"pivot": [-17.2125, 25.71988, 20],
					"rotation": [0, -60, 0],
					"cubes": [
						{
							"origin": [-18.51178, 25, 12.40881],
							"size": [2, 2, 8],
							"uv": {
								"north": {"uv": [8, 48], "uv_size": [2, 2]},
								"east": {"uv": [0, 48], "uv_size": [8, 2]},
								"south": {"uv": [18, 48], "uv_size": [2, 2]},
								"west": {"uv": [10, 48], "uv_size": [8, 2]},
								"up": {"uv": [8, 40], "uv_size": [2, 8]},
								"down": {"uv": [10, 48], "uv_size": [2, -8]}
							}
						}
					]
				},
				{
					"name": "rightleg2",
					"parent": "rightLeg1",
					"pivot": [-17.55745, 26.09291, 11.26795],
					"rotation": [0, -27.5, 0],
					"cubes": [
						{
							"origin": [-17.87716, 25, -1.27944],
							"size": [2, 2, 14],
							"uv": {
								"north": {"uv": [32, 43], "uv_size": [2, 2]},
								"east": {"uv": [18, 43], "uv_size": [14, 2]},
								"south": {"uv": [48, 43], "uv_size": [2, 2]},
								"west": {"uv": [34, 43], "uv_size": [14, 2]},
								"up": {"uv": [32, 29], "uv_size": [2, 14]},
								"down": {"uv": [34, 43], "uv_size": [2, -14]}
							}
						},
						{
							"origin": [-18.37716, 24, -1.25964],
							"size": [2, 4, 2],
							"uv": {
								"north": {"uv": [32, 48], "uv_size": [2, 4]},
								"east": {"uv": [30, 48], "uv_size": [2, 4]},
								"south": {"uv": [36, 48], "uv_size": [2, 4]},
								"west": {"uv": [34, 48], "uv_size": [2, 4]},
								"up": {"uv": [32, 46], "uv_size": [2, 2]},
								"down": {"uv": [34, 48], "uv_size": [2, -2]}
							}
						},
						{
							"origin": [-17.37716, 24, -1.25964],
							"size": [2, 4, 2],
							"uv": {
								"north": {"uv": [32, 48], "uv_size": [2, 4]},
								"east": {"uv": [30, 48], "uv_size": [2, 4]},
								"south": {"uv": [36, 48], "uv_size": [2, 4]},
								"west": {"uv": [34, 48], "uv_size": [2, 4]},
								"up": {"uv": [32, 46], "uv_size": [2, 2]},
								"down": {"uv": [34, 48], "uv_size": [2, -2]}
							}
						}
					]
				},
				{
					"name": "rightleg3",
					"parent": "rightleg2",
					"pivot": [-16.9641, 25, -2.73205],
					"rotation": [-90, -10, 0],
					"cubes": [
						{
							"origin": [-18.4641, 24.5, -8.23205],
							"size": [4, 2, 7],
							"uv": {
								"north": {"uv": [42, 54], "uv_size": [4, 2]},
								"east": {"uv": [35, 54], "uv_size": [7, 2]},
								"south": {"uv": [53, 54], "uv_size": [4, 2]},
								"west": {"uv": [46, 54], "uv_size": [7, 2]},
								"up": {"uv": [42, 47], "uv_size": [4, 7]},
								"down": {"uv": [46, 54], "uv_size": [4, -7]}
							}
						}
					]
				}
			]
		}
	]
}