{
	"format_version": "1.12.0",
	"minecraft:geometry": [
		{
			"description": {
				"identifier": "geometry.ic_missy",
				"texture_width": 64,
				"texture_height": 64,
				"visible_bounds_width": 3,
				"visible_bounds_height": 4,
				"visible_bounds_offset": [0, 2, 0]
			},
			"bones": [
				{
					"name": "root",
					"pivot": [0, 28, 0]
				},
				{
					"name": "body",
					"parent": "root",
					"pivot": [0, 28, 0],
					"cubes": [
						{"origin": [-4, 30, -3], "size": [8, 10, 6], "uv": [36, 31]},
						{"origin": [-5, 37, -1], "size": [10, 3, 2], "uv": [34, 0]}
					]
				},
				{
					"name": "head",
					"parent": "body",
					"pivot": [0, 41, 0],
					"cubes": [
						{"origin": [-6, 42, -5], "size": [12, 9, 10], "uv": [0, 0]},
						{"origin": [-5, 41, -5], "size": [10, 1, 10], "uv": [2, 0]},
						{"origin": [-4, 40, -5], "size": [8, 1, 10], "uv": [0, 32]},
						{"origin": [0, 45, -4], "size": [10, 5, 8], "pivot": [0, 56.5, 0], "rotation": [0, 0, 57.5], "uv": [0, 30]},
						{"origin": [1, 62, -4], "size": [10, 5, 8], "pivot": [0, 56.5, 0], "rotation": [0, 0, 115], "uv": [0, 30], "mirror": true},
						{"origin": [-5, 41, -5.1], "size": [10, 5, 1], "uv": [0, 58]}
					]
				},
				{
					"name": "eyeball2",
					"parent": "head",
					"pivot": [2.5, 47.5, -4.5],
					"cubes": [
						{"origin": [1, 46, -5.5], "size": [3, 3, 2], "uv": [28, 31]}
					]
				},
				{
					"name": "eyeball1",
					"parent": "head",
					"pivot": [-2.5, 47.5, -4.5],
					"cubes": [
						{"origin": [-4, 46, -5.5], "size": [3, 3, 2], "uv": [28, 31]}
					]
				},
				{
					"name": "rightArm",
					"parent": "body",
					"pivot": [-4.5, 38, 0],
					"rotation": [0, 0, 2.5],
					"cubes": [
						{"origin": [-6.97657, 36.01142, -2], "size": [3, 4, 4], "uv": [44, 12]}
					]
				},
				{
					"name": "rightArm2",
					"parent": "rightArm",
					"pivot": [-4.97657, 35.01142, 0],
					"cubes": [
						{"origin": [-6.97657, 32.01142, -2], "size": [3, 4, 4], "uv": [50, 50]}
					]
				},
				{
					"name": "rightArm3",
					"parent": "rightArm2",
					"pivot": [-4.97657, 31.01142, 0],
					"cubes": [
						{"origin": [-6.97657, 28.01142, -2], "size": [3, 4, 4], "uv": [44, 12]}
					]
				},
				{
					"name": "rightArm4",
					"parent": "rightArm3",
					"pivot": [-4.97657, 27.01142, 0],
					"cubes": [
						{"origin": [-6.97657, 24.01142, -2], "size": [3, 4, 4], "uv": [50, 50]}
					]
				},
				{
					"name": "rightArm5",
					"parent": "rightArm4",
					"pivot": [-4.97657, 23.01142, 0],
					"cubes": [
						{"origin": [-6.97657, 20.01142, -2], "size": [3, 4, 4], "uv": [44, 12]}
					]
				},
				{
					"name": "rightArm6",
					"parent": "rightArm5",
					"pivot": [-4.97657, 19.01142, 0],
					"cubes": [
						{"origin": [-6.97657, 16.01142, -2], "size": [3, 4, 4], "uv": [50, 50]}
					]
				},
				{
					"name": "rightArm7",
					"parent": "rightArm6",
					"pivot": [-5.97657, 17.01142, 0],
					"rotation": [0, 0, -12.5],
					"cubes": [
						{"origin": [-6.93251, 13.02094, -1], "size": [2, 4, 3], "uv": [0, 20]}
					]
				},
				{
					"name": "rightArm8",
					"parent": "rightArm7",
					"pivot": [-2.93251, 3.02094, 0],
					"rotation": [0, 0, -12.5],
					"cubes": [
						{"origin": [-3.93251, 14.02094, -2], "size": [2, 3, 1], "uv": [34, 5]}
					]
				},
				{
					"name": "leftArm",
					"parent": "body",
					"pivot": [4, 38, 0],
					"rotation": [0, 0, -2.5],
					"mirror": true,
					"cubes": [
						{"origin": [3.91181, 35.95828, -2], "size": [3, 4, 4], "uv": [0, 46], "mirror": false}
					]
				},
				{
					"name": "leftArm2",
					"parent": "leftArm",
					"pivot": [4.91181, 34.95828, 0],
					"mirror": true,
					"cubes": [
						{"origin": [3.91181, 31.95828, -2], "size": [3, 4, 4], "uv": [50, 50]}
					]
				},
				{
					"name": "leftArm3",
					"parent": "leftArm2",
					"pivot": [4.91181, 31.95828, 0],
					"mirror": true,
					"cubes": [
						{"origin": [3.91181, 27.95828, -2], "size": [3, 4, 4], "uv": [0, 46], "mirror": false}
					]
				},
				{
					"name": "leftArm4",
					"parent": "leftArm3",
					"pivot": [4.91181, 26.95828, 0],
					"mirror": true,
					"cubes": [
						{"origin": [3.91181, 23.95828, -2], "size": [3, 4, 4], "uv": [50, 50]}
					]
				},
				{
					"name": "leftArm5",
					"parent": "leftArm4",
					"pivot": [4.91181, 22.95828, 0],
					"mirror": true,
					"cubes": [
						{"origin": [3.91181, 19.95828, -2], "size": [3, 4, 4], "uv": [0, 46], "mirror": false}
					]
				},
				{
					"name": "leftArm6",
					"parent": "leftArm5",
					"pivot": [4.91181, 18.95828, 0],
					"mirror": true,
					"cubes": [
						{"origin": [3.91181, 15.95828, -2], "size": [3, 4, 4], "uv": [50, 50]}
					]
				},
				{
					"name": "leftArm7",
					"parent": "leftArm6",
					"pivot": [5.91181, 16.95828, 0],
					"rotation": [0, 0, 12.5],
					"mirror": true,
					"cubes": [
						{"origin": [4.82498, 12.62022, -1], "size": [2, 4, 3], "uv": [0, 0], "mirror": false}
					]
				},
				{
					"name": "leftArm8",
					"parent": "leftArm7",
					"pivot": [4.82498, 12.62022, 0],
					"rotation": [0, 0, 12.5],
					"mirror": true,
					"cubes": [
						{"origin": [3.82498, 13.62022, -2], "size": [2, 4, 1], "uv": [0, 31], "mirror": false}
					]
				},
				{
					"name": "rightLeg",
					"pivot": [-1.9, 16, 0],
					"cubes": [
						{"origin": [-3.9, 26, -2], "size": [3, 4, 4], "uv": [14, 46]}
					]
				},
				{
					"name": "rightLeg2",
					"parent": "rightLeg",
					"pivot": [-1.9, 12, 0],
					"cubes": [
						{"origin": [-3.9, 22, -2], "size": [3, 4, 4], "uv": [46, 23]}
					]
				},
				{
					"name": "rightLeg3",
					"parent": "rightLeg2",
					"pivot": [-1.9, 8, 0],
					"cubes": [
						{"origin": [-3.9, 18, -2], "size": [3, 4, 4], "uv": [14, 46]}
					]
				},
				{
					"name": "rightLeg4",
					"parent": "rightLeg3",
					"pivot": [-1.9, 4, 0],
					"cubes": [
						{"origin": [-3.9, 14, -2], "size": [3, 4, 4], "uv": [46, 23]}
					]
				},
				{
					"name": "rightLeg5",
					"parent": "rightLeg4",
					"pivot": [-1.9, 0, 0],
					"cubes": [
						{"origin": [-3.9, 10, -2], "size": [3, 4, 4], "uv": [14, 46]}
					]
				},
				{
					"name": "rightLeg6",
					"parent": "rightLeg5",
					"pivot": [-1.9, -4, 0],
					"cubes": [
						{"origin": [-3.9, 6, -2], "size": [3, 4, 4], "uv": [46, 23]}
					]
				},
				{
					"name": "rightLeg7",
					"parent": "rightLeg6",
					"pivot": [-1.9, -8, 0],
					"cubes": [
						{"origin": [-3.9, 2, -2], "size": [3, 4, 4], "uv": [14, 46]}
					]
				},
				{
					"name": "rightLeg8",
					"parent": "rightLeg7",
					"pivot": [-1.9, -10, 0],
					"cubes": [
						{"origin": [-3.9, 0, -3], "size": [3, 2, 5], "uv": [34, 20]}
					]
				},
				{
					"name": "rightLeg9",
					"parent": "rightLeg8",
					"pivot": [-2.9, -10, -1],
					"rotation": [0, -12.5, 0],
					"cubes": [
						{"origin": [-1.9, 0, -3], "size": [1, 2, 5], "uv": [28, 46]}
					]
				},
				{
					"name": "leftLeg",
					"pivot": [1.9, 16, 0],
					"mirror": true,
					"cubes": [
						{"origin": [0.9, 26, -2], "size": [3, 4, 4], "uv": [14, 46]}
					]
				},
				{
					"name": "leftLeg2",
					"parent": "leftLeg",
					"pivot": [1.9, 12, 0],
					"mirror": true,
					"cubes": [
						{"origin": [0.9, 22, -2], "size": [3, 4, 4], "uv": [46, 23]}
					]
				},
				{
					"name": "leftLeg3",
					"parent": "leftLeg2",
					"pivot": [1.9, 8, 0],
					"mirror": true,
					"cubes": [
						{"origin": [0.9, 18, -2], "size": [3, 4, 4], "uv": [14, 46]}
					]
				},
				{
					"name": "leftLeg4",
					"parent": "leftLeg3",
					"pivot": [1.9, 4, 0],
					"mirror": true,
					"cubes": [
						{"origin": [0.9, 14, -2], "size": [3, 4, 4], "uv": [46, 23]}
					]
				},
				{
					"name": "leftLeg5",
					"parent": "leftLeg4",
					"pivot": [1.9, 0, 0],
					"mirror": true,
					"cubes": [
						{"origin": [0.9, 10, -2], "size": [3, 4, 4], "uv": [14, 46]}
					]
				},
				{
					"name": "leftLeg6",
					"parent": "leftLeg5",
					"pivot": [1.9, -4, 0],
					"mirror": true,
					"cubes": [
						{"origin": [0.9, 6, -2], "size": [3, 4, 4], "uv": [46, 23]}
					]
				},
				{
					"name": "leftLeg7",
					"parent": "leftLeg6",
					"pivot": [1.9, -8, 0],
					"mirror": true,
					"cubes": [
						{"origin": [0.9, 2, -2], "size": [3, 4, 4], "uv": [14, 46]}
					]
				},
				{
					"name": "leftLeg8",
					"parent": "leftLeg7",
					"pivot": [1.9, -10, 0],
					"mirror": true,
					"cubes": [
						{"origin": [0.9, 0, -3], "size": [3, 2, 5], "uv": [44, 5], "mirror": false}
					]
				},
				{
					"name": "leftLeg9",
					"parent": "leftLeg8",
					"pivot": [2.9, -10, 0],
					"rotation": [0, 12.5, 0],
					"mirror": true,
					"cubes": [
						{"origin": [0.9, 0, -3], "size": [1, 2, 5], "uv": [40, 47], "mirror": false}
					]
				}
			]
		}
	]
}