{
	"format_version": "1.10.0",
	"geometry.ic_petrock": {
		"texturewidth": 64,
		"textureheight": 64,
		"visible_bounds_width": 4,
		"visible_bounds_height": 3,
		"visible_bounds_offset": [0, 1.5, 0],
		"bones": [
			{
				"name": "body",
				"pivot": [0, 7, 16],
				"rotation": [-90, 0, 0],
				"cubes": [
					{"origin": [-4.5, -10, 13], "size": [9, 9, 10], "uv": [0, 0]}
				]
			},
			{
				"name": "body2",
				"pivot": [0, 7, 7],
				"rotation": [-90, 0, 0],
				"cubes": [
					{"origin": [-4.5, -9.15677, 7.80356], "size": [9, 9, 6.25], "uv": [24, 28]}
				]
			},
			{
				"name": "body3",
				"pivot": [0, 14.5, 5.75],
				"rotation": [-65, 0, 0],
				"cubes": [
					{"origin": [-4.25, -2.51936, 6.97571], "size": [8.5, 9, 6], "uv": [0, 19]}
				]
			},
			{
				"name": "body4",
				"pivot": [0.5, 20.5, 7.75],
				"rotation": [-65, 0, 0],
				"cubes": [
					{"origin": [-4, 6.48064, 12.97571], "size": [3, 3, 2], "uv": [0, 5]}
				]
			},
			{
				"name": "body5",
				"pivot": [5.5, 20.5, 7.75],
				"rotation": [-65, 0, 0],
				"cubes": [
					{"origin": [1, 6.48064, 12.97571], "size": [3, 3, 2], "uv": [0, 0]}
				]
			}
		]
	}
}