{
	"format_version": "1.10.0",
	"geometry.ic_sir_poops": {
		"texturewidth": 64,
		"textureheight": 64,
		"visible_bounds_width": 3,
		"visible_bounds_height": 3,
		"visible_bounds_offset": [0, 1.5, 0],
		"bones": [
			{
				"name": "Main",
				"pivot": [0, 16, -5],
				"rotation": [-85, 0, 0]
			},
			{
				"name": "leftLeg",
				"parent": "Main",
				"pivot": [-1.1, 28, -5],
				"rotation": [0, 0, -15],
				"mirror": true,
				"cubes": [
					{"origin": [-1.37356, 15.03996, -2], "size": [3, 7, 3], "uv": [34, 41], "mirror": false}
				]
			},
			{
				"name": "Leftleg2",
				"parent": "leftLeg",
				"pivot": [1, 11, 5],
				"rotation": [85, 0, 0],
				"cubes": [
					{"origin": [-1, 11, 8], "size": [3, 7, 3], "uv": [0, 0]}
				]
			},
			{
				"name": "rightLeg",
				"parent": "Main",
				"pivot": [-0.9, 28, -2],
				"rotation": [0, 0, 12.5],
				"cubes": [
					{"origin": [-1.9, 16, -2], "size": [3, 7, 3], "uv": [0, 46]}
				]
			},
			{
				"name": "rightleg2",
				"parent": "rightLeg",
				"pivot": [0, 12, 5],
				"rotation": [85, 0, 0],
				"cubes": [
					{"origin": [-1.9, 12, 8], "size": [3, 7, 3], "uv": [22, 41]}
				]
			},
			{
				"name": "leftArm",
				"parent": "Main",
				"pivot": [3, 21, -9],
				"rotation": [70.9327, 0.32046, -36.99894],
				"mirror": true,
				"cubes": [
					{"origin": [1.62644, 16.03996, -11], "size": [3, 5, 3], "uv": [46, 41], "mirror": false}
				]
			},
			{
				"name": "rightArm",
				"parent": "Main",
				"pivot": [-3, 21, -8],
				"rotation": [-3.01194, -0.18852, 28.81897],
				"cubes": [
					{"origin": [-4.9, 16, -10], "size": [3, 5, 3], "uv": [12, 48]},
					{"origin": [-3.9, 17, -12], "size": [1, 1, 11], "uv": [24, 0]}
				]
			},
			{
				"name": "head",
				"parent": "Main",
				"pivot": [0, 30, -29],
				"rotation": [90, 0, 0],
				"cubes": [
					{"origin": [-3.5, 11.75, -40], "size": [7, 7, 6], "uv": [30, 12]},
					{"origin": [-2, 18.75, -38.5], "size": [4, 4, 3], "uv": [46, 25]},
					{"origin": [-3.5, 11.5, -41], "size": [7, 4, 3], "uv": [37, 0]}
				]
			},
			{
				"name": "ear",
				"parent": "head",
				"pivot": [-9.5, 16.5, -29.5],
				"rotation": [0, 0, 57.5],
				"cubes": [
					{"origin": [-5.5, 27.5, -37.5], "size": [1, 2, 1], "uv": [25, 21]},
					{"origin": [-3.5, 27.5, -37.5], "size": [1, 2, 1], "uv": [25, 18]},
					{"origin": [-4.5, 27, -37.5], "size": [1, 3, 1], "uv": [3, 21]}
				]
			},
			{
				"name": "ear2",
				"parent": "head",
				"pivot": [3.5, 7.25, -29.5],
				"rotation": [0, 0, -57.5],
				"cubes": [
					{"origin": [7.5, 18.25, -37.5], "size": [1, 2, 1], "uv": [24, 8]},
					{"origin": [9.5, 18.25, -37.5], "size": [1, 2, 1], "uv": [24, 5]},
					{"origin": [8.5, 17.75, -37.5], "size": [1, 3, 1], "uv": [0, 18]}
				]
			},
			{
				"name": "bone",
				"parent": "head",
				"pivot": [0, 18, -17],
				"rotation": [-47.5, 0, 0],
				"cubes": [
					{"origin": [-1, -1, -26], "size": [2, 2, 3], "uv": [24, 0]}
				]
			},
			{
				"name": "body",
				"parent": "Main",
				"pivot": [0, 40, -5],
				"cubes": [
					{"origin": [-3, 20, -10.25], "size": [6, 6, 12], "uv": [0, 0]}
				]
			},
			{
				"name": "body2",
				"parent": "Main",
				"pivot": [0, 38, 4],
				"rotation": [-5, 0, 0],
				"cubes": [
					{"origin": [-4.5, 17, 1], "size": [9, 9, 7], "uv": [0, 18]},
					{"origin": [-3.5, 18, 7], "size": [7, 7, 6], "uv": [26, 28]}
				]
			},
			{
				"name": "toilet",
				"parent": "body2",
				"pivot": [0, 14, -14],
				"rotation": [80, 0, 0],
				"cubes": [
					{"origin": [-4.5, 0, -1], "size": [9, 10, 2], "uv": [0, 34]}
				]
			}
		]
	}
}