{
	"format_version": "1.12.0",
	"minecraft:geometry": [
		{
			"description": {
				"identifier": "geometry.manoazul",
				"texture_width": 128,
				"texture_height": 128,
				"visible_bounds_width": 12,
				"visible_bounds_height": 4,
				"visible_bounds_offset": [0, 1, 0]
			},
			"bones": [
				{
					"name": "hand4",
					"pivot": [0, 3, 0],
					"rotation": [90, 2.5, 0]
				},
				{
					"name": "pea5",
					"parent": "hand4",
					"pivot": [-33.54, -32.96, 16.34],
					"cubes": [
						{"origin": [-0.72, -0.2, -3.04], "size": [3.86, 3.14, 0.66], "uv": [96, 39]},
						{"origin": [0.82, -0.2, -3.26], "size": [2.76, 2.26, 0.88], "uv": [96, 39]},
						{"origin": [-1.38, -0.2, -3.26], "size": [3.42, 2.26, 0.88], "uv": [96, 39]},
						{"origin": [1.26, 0.24, -3.26], "size": [2.76, 2.26, 0.88], "uv": [96, 39]},
						{"origin": [-2.04, 0.24, -3.26], "size": [2.76, 2.26, 0.88], "uv": [96, 39]},
						{"origin": [-2.04, 1.12, -3.26], "size": [6.5, 4.02, 0.88], "uv": [96, 39]},
						{"origin": [-2.48, 0.68, -3.26], "size": [6.72, 2.7, 0.88], "uv": [96, 39]},
						{"origin": [-2.04, 2.22, -3.26], "size": [5.84, 3.14, 0.88], "uv": [96, 39]},
						{"origin": [-2.04, 2.22, -3.26], "size": [4.52, 3.36, 0.88], "uv": [96, 39]},
						{"origin": [-2.04, 1.12, -3.26], "size": [5.84, 2.92, 0.88], "uv": [96, 39]},
						{"origin": [-2.7, 1.12, -3.26], "size": [4.52, 3.36, 0.88], "uv": [96, 39]},
						{"origin": [-2.48, 1.12, -3.26], "size": [2.98, 2.26, 0.88], "uv": [96, 39]},
						{"origin": [-3.14, 2.44, -3.26], "size": [3.2, 3.36, 0.88], "uv": [96, 39]},
						{"origin": [-2.92, 1.78, -3.26], "size": [2.98, 4.02, 0.88], "uv": [96, 39]}
					]
				},
				{
					"name": "pea6",
					"parent": "pea5",
					"pivot": [-33.54, -32.96, 16.34],
					"cubes": [
						{"origin": [-0.28, -0.2, -2.38], "size": [3.2, 2.92, 0.44], "uv": [96, 39]},
						{"origin": [1.26, -0.2, -2.38], "size": [2.1, 2.04, 0.44], "uv": [96, 39]},
						{"origin": [-0.94, -0.2, -2.38], "size": [2.76, 2.04, 0.44], "uv": [96, 39]},
						{"origin": [1.7, 0.24, -2.38], "size": [2.1, 2.04, 0.44], "uv": [96, 39]},
						{"origin": [-1.6, 0.24, -2.38], "size": [2.1, 2.04, 0.44], "uv": [96, 39]},
						{"origin": [-1.6, 1.12, -2.38], "size": [5.84, 3.58, 0.44], "uv": [96, 39]},
						{"origin": [-2.04, 0.68, -2.38], "size": [6.06, 2.48, 0.44], "uv": [96, 39]},
						{"origin": [-1.6, 2.22, -2.38], "size": [5.18, 2.92, 0.44], "uv": [96, 39]},
						{"origin": [-1.6, 2.22, -2.38], "size": [3.86, 3.14, 0.44], "uv": [96, 39]},
						{"origin": [-1.6, 1.12, -2.38], "size": [5.18, 2.7, 0.44], "uv": [96, 39]},
						{"origin": [-2.26, 1.12, -2.38], "size": [3.86, 3.14, 0.44], "uv": [96, 39]},
						{"origin": [-2.04, 1.12, -2.38], "size": [2.32, 2.04, 0.44], "uv": [96, 39]},
						{"origin": [-2.7, 2.44, -2.38], "size": [2.54, 3.14, 0.44], "uv": [96, 39]},
						{"origin": [-2.48, 1.78, -2.38], "size": [2.32, 3.8, 0.44], "uv": [96, 39]}
					]
				},
				{
					"name": "pea7",
					"parent": "pea5",
					"pivot": [-33.54, -32.96, 16.34],
					"cubes": [
						{"origin": [-0.06, 0.02, -1.94], "size": [2.76, 2.48, 0.22], "uv": [96, 39]},
						{"origin": [1.48, 0.02, -1.94], "size": [1.66, 1.6, 0.22], "uv": [96, 39]},
						{"origin": [-0.72, 0.02, -1.94], "size": [2.32, 1.6, 0.22], "uv": [96, 39]},
						{"origin": [1.92, 0.46, -1.94], "size": [1.66, 1.6, 0.22], "uv": [96, 39]},
						{"origin": [-1.38, 0.46, -1.94], "size": [1.88, 1.6, 0.22], "uv": [96, 39]},
						{"origin": [-1.38, 1.34, -1.94], "size": [5.4, 2.92, 0.22], "uv": [96, 39]},
						{"origin": [-1.82, 0.9, -1.94], "size": [5.62, 2.04, 0.22], "uv": [96, 39]},
						{"origin": [-1.38, 2.44, -1.94], "size": [4.74, 2.48, 0.22], "uv": [96, 39]},
						{"origin": [-1.82, 2.44, -1.94], "size": [3.86, 2.7, 0.22], "uv": [96, 39]},
						{"origin": [-1.38, 1.34, -1.94], "size": [4.74, 2.26, 0.22], "uv": [96, 39]},
						{"origin": [-2.04, 1.34, -1.94], "size": [3.42, 2.7, 0.22], "uv": [96, 39]},
						{"origin": [-1.82, 1.34, -1.94], "size": [1.88, 1.6, 0.22], "uv": [96, 39]},
						{"origin": [-2.48, 2.66, -1.94], "size": [2.1, 2.7, 0.22], "uv": [96, 39]},
						{"origin": [-2.26, 2, -1.94], "size": [1.88, 3.36, 0.22], "uv": [96, 39]}
					]
				},
				{
					"name": "pea8",
					"parent": "pea5",
					"pivot": [-33.54, -32.96, 16.56],
					"cubes": [
						{"origin": [0.6, 0.24, -1.72], "size": [1.66, 2.04, 0.22], "uv": [96, 39]},
						{"origin": [-0.06, 0.24, -1.72], "size": [2.76, 1.16, 0.22], "uv": [96, 39]},
						{"origin": [-0.06, 0.24, -1.72], "size": [1.22, 1.16, 0.22], "uv": [96, 39]},
						{"origin": [-1.38, 0.9, -1.72], "size": [4.52, 1.16, 0.22], "uv": [96, 39]},
						{"origin": [-1.38, 0.68, -1.72], "size": [1.22, 1.16, 0.22], "uv": [96, 39]},
						{"origin": [-0.72, 1.56, -1.72], "size": [4.3, 1.82, 0.22], "uv": [96, 39]},
						{"origin": [-1.16, 1.12, -1.72], "size": [4.52, 1.6, 0.22], "uv": [96, 39]},
						{"origin": [-0.72, 2.66, -1.72], "size": [3.64, 1.6, 0.22], "uv": [96, 39]},
						{"origin": [-1.16, 2.66, -1.72], "size": [2.76, 2.04, 0.22], "uv": [96, 39]},
						{"origin": [-0.72, 1.56, -1.72], "size": [3.64, 1.82, 0.22], "uv": [96, 39]},
						{"origin": [-1.38, 1.56, -1.72], "size": [2.32, 2.26, 0.22], "uv": [96, 39]},
						{"origin": [-1.6, 1.56, -1.72], "size": [2.98, 1.16, 0.22], "uv": [96, 39]},
						{"origin": [-2.04, 2.22, -1.72], "size": [2.1, 2.48, 0.22], "uv": [96, 39]}
					]
				},
				{
					"name": "dedo17",
					"parent": "hand4",
					"pivot": [-34.41, -29.78, 16.23],
					"rotation": [0, 0, -2.5],
					"cubes": [
						{"origin": [-1.20872, 2.34019, -3.04], "size": [0.66, 3.74, 0.66], "uv": [96, 39]},
						{"origin": [-1.64872, 3.88019, -3.26], "size": [1.54, 1.76, 1.1], "uv": [96, 39]},
						{"origin": [-1.42872, 3.88019, -3.48], "size": [1.1, 1.76, 1.54], "uv": [96, 39]}
					]
				},
				{
					"name": "dedo18",
					"parent": "dedo17",
					"pivot": [-2.8212, 7.74603, -2.71],
					"rotation": [0, 0, -32.5],
					"cubes": [
						{"origin": [-3.1512, 7.3227, -3.04], "size": [0.66, 3.74, 0.66], "uv": [96, 39]},
						{"origin": [-3.5912, 8.8627, -3.26], "size": [1.54, 1.76, 1.1], "uv": [96, 39]},
						{"origin": [-3.8112, 9.2427, -3.26], "size": [1.98, 1.38, 1.1], "uv": [96, 39]},
						{"origin": [-3.5912, 9.2427, -3.48], "size": [1.54, 1.38, 1.54], "uv": [96, 39]},
						{"origin": [-3.3712, 9.2427, -3.7], "size": [1.1, 1.38, 1.98], "uv": [96, 39]},
						{"origin": [-3.3712, 8.8627, -3.48], "size": [1.1, 1.76, 1.54], "uv": [96, 39]}
					]
				},
				{
					"name": "dedo19",
					"parent": "dedo18",
					"pivot": [-2.8212, 9.31395, -2.71],
					"cubes": [
						{"origin": [-3.3712, 9.3027, -3.26], "size": [1.1, 3.96, 1.1], "uv": [96, 39]},
						{"origin": [-3.8112, 10.8427, -3.48], "size": [1.98, 2.64, 1.54], "uv": [96, 39]},
						{"origin": [-3.5912, 11.9427, -3.48], "size": [1.54, 1.76, 1.54], "uv": [96, 39]},
						{"origin": [-4.0312, 11.9427, -3.48], "size": [2.42, 1.32, 1.54], "uv": [96, 39]},
						{"origin": [-3.8112, 11.9427, -3.7], "size": [1.98, 1.32, 1.98], "uv": [96, 39]},
						{"origin": [-3.5912, 11.9427, -3.92], "size": [1.54, 1.32, 2.42], "uv": [96, 39]},
						{"origin": [-3.5912, 11.7227, -3.7], "size": [1.54, 1.76, 1.98], "uv": [96, 39]},
						{"origin": [-3.5912, 10.8427, -3.7], "size": [1.54, 1.98, 1.98], "uv": [96, 39]}
					]
				},
				{
					"name": "dedo20",
					"parent": "hand4",
					"pivot": [-0.41, 5.22, -0.77],
					"cubes": [
						{"origin": [-0.69622, 3.76913, -3.04], "size": [0.66, 3.74, 0.66], "uv": [96, 39]},
						{"origin": [-1.13622, 5.30913, -3.26], "size": [1.54, 1.76, 1.1], "uv": [96, 39]},
						{"origin": [-0.91622, 5.30913, -3.48], "size": [1.1, 1.76, 1.54], "uv": [96, 39]}
					]
				},
				{
					"name": "dedo21",
					"parent": "dedo20",
					"pivot": [-33.90622, -25.71087, 16.23],
					"cubes": [
						{"origin": [-0.6387, 5.75165, -3.04], "size": [0.66, 3.74, 0.66], "uv": [96, 39]},
						{"origin": [-1.0787, 7.29165, -3.26], "size": [1.54, 1.76, 1.1], "uv": [96, 39]},
						{"origin": [-1.2987, 7.67165, -3.26], "size": [1.98, 1.38, 1.1], "uv": [96, 39]},
						{"origin": [-1.0787, 7.67165, -3.48], "size": [1.54, 1.38, 1.54], "uv": [96, 39]},
						{"origin": [-0.8587, 7.67165, -3.7], "size": [1.1, 1.38, 1.98], "uv": [96, 39]},
						{"origin": [-0.8587, 7.29165, -3.48], "size": [1.1, 1.76, 1.54], "uv": [96, 39]}
					]
				},
				{
					"name": "dedo22",
					"parent": "dedo20",
					"pivot": [-33.90622, -23.73087, 16.23],
					"cubes": [
						{"origin": [-0.8587, 7.73165, -3.26], "size": [1.1, 3.96, 1.1], "uv": [96, 39]},
						{"origin": [-1.2987, 9.27165, -3.48], "size": [1.98, 2.64, 1.54], "uv": [96, 39]},
						{"origin": [-1.0787, 10.37165, -3.48], "size": [1.54, 1.76, 1.54], "uv": [96, 39]},
						{"origin": [-1.5187, 10.37165, -3.48], "size": [2.42, 1.32, 1.54], "uv": [96, 39]},
						{"origin": [-1.2987, 10.37165, -3.7], "size": [1.98, 1.32, 1.98], "uv": [96, 39]},
						{"origin": [-1.0787, 10.37165, -3.92], "size": [1.54, 1.32, 2.42], "uv": [96, 39]},
						{"origin": [-1.0787, 10.15165, -3.7], "size": [1.54, 1.76, 1.98], "uv": [96, 39]},
						{"origin": [-1.0787, 9.27165, -3.7], "size": [1.54, 1.98, 1.98], "uv": [96, 39]}
					]
				},
				{
					"name": "dedo23",
					"parent": "hand4",
					"pivot": [-1.81, 1.22, -0.77],
					"rotation": [0, 0, -65],
					"cubes": [
						{"origin": [-2.09622, -0.23087, -3.04], "size": [0.66, 3.74, 0.66], "uv": [96, 39]},
						{"origin": [-2.53622, 1.30913, -3.26], "size": [1.54, 1.76, 1.1], "uv": [96, 39]},
						{"origin": [-2.31622, 1.30913, -3.48], "size": [1.1, 1.76, 1.54], "uv": [96, 39]}
					]
				},
				{
					"name": "dedo24",
					"parent": "dedo23",
					"pivot": [-2.7087, 4.29998, -0.71],
					"rotation": [0, 0, 27.5],
					"cubes": [
						{"origin": [-3.0387, 2.75165, -3.04], "size": [0.66, 3.74, 0.66], "uv": [96, 39]},
						{"origin": [-3.4787, 4.29165, -3.26], "size": [1.54, 1.76, 1.1], "uv": [96, 39]},
						{"origin": [-3.6987, 4.67165, -3.26], "size": [1.98, 1.38, 1.1], "uv": [96, 39]},
						{"origin": [-3.4787, 4.67165, -3.48], "size": [1.54, 1.38, 1.54], "uv": [96, 39]},
						{"origin": [-3.2587, 4.67165, -3.7], "size": [1.1, 1.38, 1.98], "uv": [96, 39]},
						{"origin": [-3.2587, 4.29165, -3.48], "size": [1.1, 1.76, 1.54], "uv": [96, 39]}
					]
				},
				{
					"name": "dedo25",
					"parent": "dedo24",
					"pivot": [-36.30622, -26.73087, 16.23],
					"cubes": [
						{"origin": [-3.2587, 4.73165, -3.26], "size": [1.1, 3.96, 1.1], "uv": [96, 39]},
						{"origin": [-3.6987, 6.27165, -3.48], "size": [1.98, 2.64, 1.54], "uv": [96, 39]},
						{"origin": [-3.4787, 7.37165, -3.48], "size": [1.54, 1.76, 1.54], "uv": [96, 39]},
						{"origin": [-3.9187, 7.37165, -3.48], "size": [2.42, 1.32, 1.54], "uv": [96, 39]},
						{"origin": [-3.6987, 7.37165, -3.7], "size": [1.98, 1.32, 1.98], "uv": [96, 39]},
						{"origin": [-3.4787, 7.37165, -3.92], "size": [1.54, 1.32, 2.42], "uv": [96, 39]},
						{"origin": [-3.4787, 7.15165, -3.7], "size": [1.54, 1.76, 1.98], "uv": [96, 39]},
						{"origin": [-3.4787, 6.27165, -3.7], "size": [1.54, 1.98, 1.98], "uv": [96, 39]}
					]
				},
				{
					"name": "dedo26",
					"parent": "hand4",
					"pivot": [1.59, 5.22, -0.77],
					"rotation": [0, 0, 12.5],
					"cubes": [
						{"origin": [1.3125, 3.76932, -3.04], "size": [0.66, 3.74, 0.66], "uv": [96, 39]},
						{"origin": [0.8725, 5.30932, -3.26], "size": [1.54, 1.76, 1.1], "uv": [96, 39]},
						{"origin": [1.0925, 5.30932, -3.48], "size": [1.1, 1.76, 1.54], "uv": [96, 39]}
					]
				},
				{
					"name": "dedo27",
					"parent": "dedo26",
					"pivot": [-31.90622, -25.71087, 16.23],
					"cubes": [
						{"origin": [1.37003, 5.75184, -3.04], "size": [0.66, 3.74, 0.66], "uv": [96, 39]},
						{"origin": [0.93003, 7.29184, -3.26], "size": [1.54, 1.76, 1.1], "uv": [96, 39]},
						{"origin": [0.71003, 7.67184, -3.26], "size": [1.98, 1.38, 1.1], "uv": [96, 39]},
						{"origin": [0.93003, 7.67184, -3.48], "size": [1.54, 1.38, 1.54], "uv": [96, 39]},
						{"origin": [1.15003, 7.67184, -3.7], "size": [1.1, 1.38, 1.98], "uv": [96, 39]},
						{"origin": [1.15003, 7.29184, -3.48], "size": [1.1, 1.76, 1.54], "uv": [96, 39]}
					]
				},
				{
					"name": "dedo28",
					"parent": "dedo26",
					"pivot": [-31.90622, -21.73087, 16.23],
					"cubes": [
						{"origin": [1.15003, 9.73184, -3.26], "size": [1.1, 3.96, 1.1], "uv": [96, 39]},
						{"origin": [0.71003, 11.27184, -3.48], "size": [1.98, 2.64, 1.54], "uv": [96, 39]},
						{"origin": [0.93003, 12.37184, -3.48], "size": [1.54, 1.76, 1.54], "uv": [96, 39]},
						{"origin": [0.49003, 12.37184, -3.48], "size": [2.42, 1.32, 1.54], "uv": [96, 39]},
						{"origin": [0.71003, 12.37184, -3.7], "size": [1.98, 1.32, 1.98], "uv": [96, 39]},
						{"origin": [0.93003, 12.37184, -3.92], "size": [1.54, 1.32, 2.42], "uv": [96, 39]},
						{"origin": [0.93003, 12.15184, -3.7], "size": [1.54, 1.76, 1.98], "uv": [96, 39]},
						{"origin": [0.93003, 11.27184, -3.7], "size": [1.54, 1.98, 1.98], "uv": [96, 39]}
					]
				},
				{
					"name": "dedo29",
					"parent": "hand4",
					"pivot": [3.59, 5.02, -0.77],
					"rotation": [0, 0, 32.5],
					"cubes": [
						{"origin": [3.3125, 3.56932, -3.04], "size": [0.66, 3.74, 0.66], "uv": [96, 39]},
						{"origin": [2.8725, 5.10932, -3.26], "size": [1.54, 1.76, 1.1], "uv": [96, 39]},
						{"origin": [3.0925, 5.10932, -3.48], "size": [1.1, 1.76, 1.54], "uv": [96, 39]}
					]
				},
				{
					"name": "dedo30",
					"parent": "dedo29",
					"pivot": [3.70003, 6.97517, -2.71],
					"rotation": [0, 0, -17.5],
					"cubes": [
						{"origin": [3.37003, 5.55184, -3.04], "size": [0.66, 3.74, 0.66], "uv": [96, 39]},
						{"origin": [2.93003, 7.09184, -3.26], "size": [1.54, 1.76, 1.1], "uv": [96, 39]},
						{"origin": [2.71003, 7.47184, -3.26], "size": [1.98, 1.38, 1.1], "uv": [96, 39]},
						{"origin": [2.93003, 7.47184, -3.48], "size": [1.54, 1.38, 1.54], "uv": [96, 39]},
						{"origin": [3.15003, 7.47184, -3.7], "size": [1.1, 1.38, 1.98], "uv": [96, 39]},
						{"origin": [3.15003, 7.09184, -3.48], "size": [1.1, 1.76, 1.54], "uv": [96, 39]}
					]
				}
			]
		}
	]
}