{
	"format_version": "1.12.0",
	"minecraft:geometry": [
		{
			"description": {
				"identifier": "geometry.manoverde",
				"texture_width": 128,
				"texture_height": 128,
				"visible_bounds_width": 12,
				"visible_bounds_height": 4,
				"visible_bounds_offset": [0, 1, 0]
			},
			"bones": [
				{
					"name": "hand3",
					"pivot": [0, 1, 4],
					"rotation": [90, 0, 0]
				},
				{
					"name": "pea9",
					"parent": "hand3",
					"pivot": [33.54, -33.96, 22.34],
					"cubes": [
						{"origin": [-3.14, -1.2, 2.96], "size": [3.86, 3.14, 0.66], "uv": [84, 116], "mirror": true},
						{"origin": [-3.58, -1.2, 2.74], "size": [2.76, 2.26, 0.88], "uv": [84, 116], "mirror": true},
						{"origin": [-2.04, -1.2, 2.74], "size": [3.42, 2.26, 0.88], "uv": [84, 116], "mirror": true},
						{"origin": [-4.02, -0.76, 2.74], "size": [2.76, 2.26, 0.88], "uv": [84, 116], "mirror": true},
						{"origin": [-0.72, -0.76, 2.74], "size": [2.76, 2.26, 0.88], "uv": [84, 116], "mirror": true},
						{"origin": [-4.46, 0.12, 2.74], "size": [6.5, 4.02, 0.88], "uv": [84, 116], "mirror": true},
						{"origin": [-4.24, -0.32, 2.74], "size": [6.72, 2.7, 0.88], "uv": [84, 116], "mirror": true},
						{"origin": [-3.8, 1.22, 2.74], "size": [5.84, 3.14, 0.88], "uv": [84, 116], "mirror": true},
						{"origin": [-2.48, 1.22, 2.74], "size": [4.52, 3.36, 0.88], "uv": [84, 116], "mirror": true},
						{"origin": [-3.8, 0.12, 2.74], "size": [5.84, 2.92, 0.88], "uv": [84, 116], "mirror": true},
						{"origin": [-1.82, 0.12, 2.74], "size": [4.52, 3.36, 0.88], "uv": [84, 116], "mirror": true},
						{"origin": [-0.5, 0.12, 2.74], "size": [2.98, 2.26, 0.88], "uv": [84, 116], "mirror": true},
						{"origin": [-0.06, 1.44, 2.74], "size": [3.2, 3.36, 0.88], "uv": [84, 116], "mirror": true},
						{"origin": [-0.06, 0.78, 2.74], "size": [2.98, 4.02, 0.88], "uv": [84, 116], "mirror": true}
					]
				},
				{
					"name": "pea10",
					"parent": "pea9",
					"pivot": [33.54, -33.96, 22.34],
					"cubes": [
						{"origin": [-2.92, -1.2, 3.62], "size": [3.2, 2.92, 0.44], "uv": [84, 116], "mirror": true},
						{"origin": [-3.36, -1.2, 3.62], "size": [2.1, 2.04, 0.44], "uv": [84, 116], "mirror": true},
						{"origin": [-1.82, -1.2, 3.62], "size": [2.76, 2.04, 0.44], "uv": [84, 116], "mirror": true},
						{"origin": [-3.8, -0.76, 3.62], "size": [2.1, 2.04, 0.44], "uv": [84, 116], "mirror": true},
						{"origin": [-0.5, -0.76, 3.62], "size": [2.1, 2.04, 0.44], "uv": [84, 116], "mirror": true},
						{"origin": [-4.24, 0.12, 3.62], "size": [5.84, 3.58, 0.44], "uv": [84, 116], "mirror": true},
						{"origin": [-4.02, -0.32, 3.62], "size": [6.06, 2.48, 0.44], "uv": [84, 116], "mirror": true},
						{"origin": [-3.58, 1.22, 3.62], "size": [5.18, 2.92, 0.44], "uv": [84, 116], "mirror": true},
						{"origin": [-2.26, 1.22, 3.62], "size": [3.86, 3.14, 0.44], "uv": [84, 116], "mirror": true},
						{"origin": [-3.58, 0.12, 3.62], "size": [5.18, 2.7, 0.44], "uv": [84, 116], "mirror": true},
						{"origin": [-1.6, 0.12, 3.62], "size": [3.86, 3.14, 0.44], "uv": [84, 116], "mirror": true},
						{"origin": [-0.28, 0.12, 3.62], "size": [2.32, 2.04, 0.44], "uv": [84, 116], "mirror": true},
						{"origin": [0.16, 1.44, 3.62], "size": [2.54, 3.14, 0.44], "uv": [84, 116], "mirror": true},
						{"origin": [0.16, 0.78, 3.62], "size": [2.32, 3.8, 0.44], "uv": [84, 116], "mirror": true}
					]
				},
				{
					"name": "pea11",
					"parent": "pea9",
					"pivot": [33.54, -33.96, 22.34],
					"cubes": [
						{"origin": [-2.7, -0.98, 4.06], "size": [2.76, 2.48, 0.22], "uv": [84, 116], "mirror": true},
						{"origin": [-3.14, -0.98, 4.06], "size": [1.66, 1.6, 0.22], "uv": [84, 116], "mirror": true},
						{"origin": [-1.6, -0.98, 4.06], "size": [2.32, 1.6, 0.22], "uv": [84, 116], "mirror": true},
						{"origin": [-3.58, -0.54, 4.06], "size": [1.66, 1.6, 0.22], "uv": [84, 116], "mirror": true},
						{"origin": [-0.5, -0.54, 4.06], "size": [1.88, 1.6, 0.22], "uv": [84, 116], "mirror": true},
						{"origin": [-4.02, 0.34, 4.06], "size": [5.4, 2.92, 0.22], "uv": [84, 116], "mirror": true},
						{"origin": [-3.8, -0.1, 4.06], "size": [5.62, 2.04, 0.22], "uv": [84, 116], "mirror": true},
						{"origin": [-3.36, 1.44, 4.06], "size": [4.74, 2.48, 0.22], "uv": [84, 116], "mirror": true},
						{"origin": [-2.04, 1.44, 4.06], "size": [3.86, 2.7, 0.22], "uv": [84, 116], "mirror": true},
						{"origin": [-3.36, 0.34, 4.06], "size": [4.74, 2.26, 0.22], "uv": [84, 116], "mirror": true},
						{"origin": [-1.38, 0.34, 4.06], "size": [3.42, 2.7, 0.22], "uv": [84, 116], "mirror": true},
						{"origin": [-0.06, 0.34, 4.06], "size": [1.88, 1.6, 0.22], "uv": [84, 116], "mirror": true},
						{"origin": [0.38, 1.66, 4.06], "size": [2.1, 2.7, 0.22], "uv": [84, 116], "mirror": true},
						{"origin": [0.38, 1, 4.06], "size": [1.88, 3.36, 0.22], "uv": [84, 116], "mirror": true}
					]
				},
				{
					"name": "pea12",
					"parent": "pea9",
					"pivot": [33.54, -33.96, 22.56],
					"cubes": [
						{"origin": [-2.26, -0.76, 4.28], "size": [1.66, 2.04, 0.22], "uv": [84, 116], "mirror": true},
						{"origin": [-2.7, -0.76, 4.28], "size": [2.76, 1.16, 0.22], "uv": [84, 116], "mirror": true},
						{"origin": [-1.16, -0.76, 4.28], "size": [1.22, 1.16, 0.22], "uv": [84, 116], "mirror": true},
						{"origin": [-3.14, -0.1, 4.28], "size": [4.52, 1.16, 0.22], "uv": [84, 116], "mirror": true},
						{"origin": [0.16, -0.32, 4.28], "size": [1.22, 1.16, 0.22], "uv": [84, 116], "mirror": true},
						{"origin": [-3.58, 0.56, 4.28], "size": [4.3, 1.82, 0.22], "uv": [84, 116], "mirror": true},
						{"origin": [-3.36, 0.12, 4.28], "size": [4.52, 1.6, 0.22], "uv": [84, 116], "mirror": true},
						{"origin": [-2.92, 1.66, 4.28], "size": [3.64, 1.6, 0.22], "uv": [84, 116], "mirror": true},
						{"origin": [-1.6, 1.66, 4.28], "size": [2.76, 2.04, 0.22], "uv": [84, 116], "mirror": true},
						{"origin": [-2.92, 0.56, 4.28], "size": [3.64, 1.82, 0.22], "uv": [84, 116], "mirror": true},
						{"origin": [-0.94, 0.56, 4.28], "size": [2.32, 2.26, 0.22], "uv": [84, 116], "mirror": true},
						{"origin": [-1.38, 0.56, 4.28], "size": [2.98, 1.16, 0.22], "uv": [84, 116], "mirror": true},
						{"origin": [-0.06, 1.22, 4.28], "size": [2.1, 2.48, 0.22], "uv": [84, 116], "mirror": true}
					]
				},
				{
					"name": "dedo32",
					"parent": "hand3",
					"pivot": [2.40926, 4.00677, 3.29],
					"rotation": [0, 0, 35],
					"cubes": [
						{"origin": [2.03564, 2.76915, 2.96], "size": [0.66, 3.74, 0.66], "uv": [84, 116], "mirror": true},
						{"origin": [1.59564, 4.30915, 2.74], "size": [1.54, 1.76, 1.1], "uv": [84, 116], "mirror": true},
						{"origin": [1.81564, 4.30915, 2.52], "size": [1.1, 1.76, 1.54], "uv": [84, 116], "mirror": true}
					]
				},
				{
					"name": "dedo33",
					"parent": "dedo32",
					"pivot": [35.89692, -26.71104, 22.23],
					"cubes": [
						{"origin": [1.97812, 4.75166, 2.96], "size": [0.66, 3.74, 0.66], "uv": [84, 116], "mirror": true},
						{"origin": [1.53812, 6.29166, 2.74], "size": [1.54, 1.76, 1.1], "uv": [84, 116], "mirror": true},
						{"origin": [1.31812, 6.67166, 2.74], "size": [1.98, 1.38, 1.1], "uv": [84, 116], "mirror": true},
						{"origin": [1.53812, 6.67166, 2.52], "size": [1.54, 1.38, 1.54], "uv": [84, 116], "mirror": true},
						{"origin": [1.75812, 6.67166, 2.3], "size": [1.1, 1.38, 1.98], "uv": [84, 116], "mirror": true},
						{"origin": [1.75812, 6.29166, 2.52], "size": [1.1, 1.76, 1.54], "uv": [84, 116], "mirror": true}
					]
				},
				{
					"name": "dedo34",
					"parent": "dedo32",
					"pivot": [35.89692, -24.73104, 22.23],
					"cubes": [
						{"origin": [1.75812, 6.73166, 2.74], "size": [1.1, 3.96, 1.1], "uv": [84, 116], "mirror": true},
						{"origin": [1.31812, 8.27166, 2.52], "size": [1.98, 2.64, 1.54], "uv": [84, 116], "mirror": true},
						{"origin": [1.53812, 9.37166, 2.52], "size": [1.54, 1.76, 1.54], "uv": [84, 116], "mirror": true},
						{"origin": [1.09812, 9.37166, 2.52], "size": [2.42, 1.32, 1.54], "uv": [84, 116], "mirror": true},
						{"origin": [1.31812, 9.37166, 2.3], "size": [1.98, 1.32, 1.98], "uv": [84, 116], "mirror": true},
						{"origin": [1.53812, 9.37166, 2.08], "size": [1.54, 1.32, 2.42], "uv": [84, 116], "mirror": true},
						{"origin": [1.53812, 9.15166, 2.3], "size": [1.54, 1.76, 1.98], "uv": [84, 116], "mirror": true},
						{"origin": [1.53812, 8.27166, 2.3], "size": [1.54, 1.98, 1.98], "uv": [84, 116], "mirror": true}
					]
				},
				{
					"name": "dedo35",
					"parent": "hand3",
					"pivot": [1.41, 7.22, 5.23],
					"rotation": [0, 0, 10],
					"cubes": [
						{"origin": [1.03622, 5.76913, 2.96], "size": [0.66, 3.74, 0.66], "uv": [84, 116], "mirror": true},
						{"origin": [0.59622, 7.30913, 2.74], "size": [1.54, 1.76, 1.1], "uv": [84, 116], "mirror": true},
						{"origin": [0.81622, 7.30913, 2.52], "size": [1.1, 1.76, 1.54], "uv": [84, 116], "mirror": true}
					]
				},
				{
					"name": "dedo36",
					"parent": "dedo35",
					"pivot": [34.90622, -23.71087, 22.23],
					"cubes": [
						{"origin": [0.9787, 7.75165, 2.96], "size": [0.66, 3.74, 0.66], "uv": [84, 116], "mirror": true},
						{"origin": [0.5387, 9.29165, 2.74], "size": [1.54, 1.76, 1.1], "uv": [84, 116], "mirror": true},
						{"origin": [0.3187, 9.67165, 2.74], "size": [1.98, 1.38, 1.1], "uv": [84, 116], "mirror": true},
						{"origin": [0.5387, 9.67165, 2.52], "size": [1.54, 1.38, 1.54], "uv": [84, 116], "mirror": true},
						{"origin": [0.7587, 9.67165, 2.3], "size": [1.1, 1.38, 1.98], "uv": [84, 116], "mirror": true},
						{"origin": [0.7587, 9.29165, 2.52], "size": [1.1, 1.76, 1.54], "uv": [84, 116], "mirror": true}
					]
				},
				{
					"name": "dedo37",
					"parent": "dedo35",
					"pivot": [34.90622, -21.73087, 22.23],
					"cubes": [
						{"origin": [0.7587, 9.73165, 2.74], "size": [1.1, 3.96, 1.1], "uv": [84, 116], "mirror": true},
						{"origin": [0.3187, 11.27165, 2.52], "size": [1.98, 2.64, 1.54], "uv": [84, 116], "mirror": true},
						{"origin": [0.5387, 12.37165, 2.52], "size": [1.54, 1.76, 1.54], "uv": [84, 116], "mirror": true},
						{"origin": [0.0987, 12.37165, 2.52], "size": [2.42, 1.32, 1.54], "uv": [84, 116], "mirror": true},
						{"origin": [0.3187, 12.37165, 2.3], "size": [1.98, 1.32, 1.98], "uv": [84, 116], "mirror": true},
						{"origin": [0.5387, 12.37165, 2.08], "size": [1.54, 1.32, 2.42], "uv": [84, 116], "mirror": true},
						{"origin": [0.5387, 12.15165, 2.3], "size": [1.54, 1.76, 1.98], "uv": [84, 116], "mirror": true},
						{"origin": [0.5387, 11.27165, 2.3], "size": [1.54, 1.98, 1.98], "uv": [84, 116], "mirror": true}
					]
				},
				{
					"name": "dedo38",
					"parent": "hand3",
					"pivot": [1.81, 0.22, 5.23],
					"rotation": [0, 0, 65],
					"cubes": [
						{"origin": [1.43622, -1.23087, 2.96], "size": [0.66, 3.74, 0.66], "uv": [84, 116], "mirror": true},
						{"origin": [0.99622, 0.30913, 2.74], "size": [1.54, 1.76, 1.1], "uv": [84, 116], "mirror": true},
						{"origin": [1.21622, 0.30913, 2.52], "size": [1.1, 1.76, 1.54], "uv": [84, 116], "mirror": true}
					]
				},
				{
					"name": "dedo39",
					"parent": "dedo38",
					"pivot": [1.7087, 2.29998, 5.29],
					"rotation": [0, 0, -27.5],
					"cubes": [
						{"origin": [1.3787, 1.75165, 2.96], "size": [0.66, 3.74, 0.66], "uv": [84, 116], "mirror": true},
						{"origin": [0.9387, 2.29165, 2.74], "size": [1.54, 1.76, 1.1], "uv": [84, 116], "mirror": true},
						{"origin": [0.7187, 2.67165, 2.74], "size": [1.98, 1.38, 1.1], "uv": [84, 116], "mirror": true},
						{"origin": [0.9387, 2.67165, 2.52], "size": [1.54, 1.38, 1.54], "uv": [84, 116], "mirror": true},
						{"origin": [1.1587, 2.67165, 2.3], "size": [1.1, 1.38, 1.98], "uv": [84, 116], "mirror": true},
						{"origin": [1.1587, 2.29165, 2.52], "size": [1.1, 1.76, 1.54], "uv": [84, 116], "mirror": true}
					]
				},
				{
					"name": "dedo40",
					"parent": "dedo39",
					"pivot": [35.30622, -28.73087, 22.23],
					"cubes": [
						{"origin": [1.1587, 2.73165, 2.74], "size": [1.1, 3.96, 1.1], "uv": [84, 116], "mirror": true},
						{"origin": [0.7187, 4.27165, 2.52], "size": [1.98, 2.64, 1.54], "uv": [84, 116], "mirror": true},
						{"origin": [0.9387, 5.37165, 2.52], "size": [1.54, 1.76, 1.54], "uv": [84, 116], "mirror": true},
						{"origin": [0.4987, 5.37165, 2.52], "size": [2.42, 1.32, 1.54], "uv": [84, 116], "mirror": true},
						{"origin": [0.7187, 5.37165, 2.3], "size": [1.98, 1.32, 1.98], "uv": [84, 116], "mirror": true},
						{"origin": [0.9387, 5.37165, 2.08], "size": [1.54, 1.32, 2.42], "uv": [84, 116], "mirror": true},
						{"origin": [0.9387, 5.15165, 2.3], "size": [1.54, 1.76, 1.98], "uv": [84, 116], "mirror": true},
						{"origin": [0.9387, 4.27165, 2.3], "size": [1.54, 1.98, 1.98], "uv": [84, 116], "mirror": true}
					]
				},
				{
					"name": "dedo41",
					"parent": "hand3",
					"pivot": [-1.59, 4.22, 5.23],
					"rotation": [0, 0, -2.5],
					"cubes": [
						{"origin": [-1.9725, 2.76932, 2.96], "size": [0.66, 3.74, 0.66], "uv": [84, 116], "mirror": true},
						{"origin": [-2.4125, 4.30932, 2.74], "size": [1.54, 1.76, 1.1], "uv": [84, 116], "mirror": true},
						{"origin": [-2.1925, 4.30932, 2.52], "size": [1.1, 1.76, 1.54], "uv": [84, 116], "mirror": true}
					]
				},
				{
					"name": "dedo43",
					"parent": "dedo41",
					"pivot": [31.90622, -21.73087, 22.23],
					"cubes": [
						{"origin": [-2.25003, 9.73184, 2.74], "size": [1.1, 3.96, 1.1], "uv": [84, 116], "mirror": true},
						{"origin": [-2.69003, 11.27184, 2.52], "size": [1.98, 2.64, 1.54], "uv": [84, 116], "mirror": true},
						{"origin": [-2.47003, 12.37184, 2.52], "size": [1.54, 1.76, 1.54], "uv": [84, 116], "mirror": true},
						{"origin": [-2.91003, 12.37184, 2.52], "size": [2.42, 1.32, 1.54], "uv": [84, 116], "mirror": true},
						{"origin": [-2.69003, 12.37184, 2.3], "size": [1.98, 1.32, 1.98], "uv": [84, 116], "mirror": true},
						{"origin": [-2.47003, 12.37184, 2.08], "size": [1.54, 1.32, 2.42], "uv": [84, 116], "mirror": true},
						{"origin": [-2.47003, 12.15184, 2.3], "size": [1.54, 1.76, 1.98], "uv": [84, 116], "mirror": true},
						{"origin": [-2.47003, 11.27184, 2.3], "size": [1.54, 1.98, 1.98], "uv": [84, 116], "mirror": true}
					]
				},
				{
					"name": "dedo44",
					"parent": "hand3",
					"pivot": [-3.59, 4.02, 5.23],
					"rotation": [0, 0, -7.5],
					"cubes": [
						{"origin": [-3.9725, 2.56932, 2.96], "size": [0.66, 3.74, 0.66], "uv": [84, 116], "mirror": true},
						{"origin": [-4.4125, 4.10932, 2.74], "size": [1.54, 1.76, 1.1], "uv": [84, 116], "mirror": true},
						{"origin": [-4.1925, 4.10932, 2.52], "size": [1.1, 1.76, 1.54], "uv": [84, 116], "mirror": true}
					]
				},
				{
					"name": "dedo45",
					"parent": "dedo44",
					"pivot": [29.90622, -26.91087, 22.23],
					"cubes": [
						{"origin": [-4.03003, 4.55184, 2.96], "size": [0.66, 2.74, 0.66], "uv": [84, 116], "mirror": true},
						{"origin": [-4.47003, 6.09184, 2.74], "size": [1.54, 1.76, 1.1], "uv": [84, 116], "mirror": true},
						{"origin": [-4.69003, 6.47184, 2.74], "size": [1.98, 1.38, 1.1], "uv": [84, 116], "mirror": true},
						{"origin": [-4.47003, 6.47184, 2.52], "size": [1.54, 1.38, 1.54], "uv": [84, 116], "mirror": true},
						{"origin": [-4.25003, 6.47184, 2.3], "size": [1.1, 1.38, 1.98], "uv": [84, 116], "mirror": true},
						{"origin": [-4.25003, 6.09184, 2.52], "size": [1.1, 1.76, 1.54], "uv": [84, 116], "mirror": true}
					]
				},
				{
					"name": "dedo46",
					"parent": "dedo44",
					"pivot": [27.90622, -22.93087, 22.23],
					"cubes": [
						{"origin": [-6.69003, 10.07184, 2.52], "size": [1.98, 2.64, 1.54], "uv": [84, 116], "mirror": true},
						{"origin": [-6.47003, 11.17184, 2.52], "size": [1.54, 1.76, 1.54], "uv": [84, 116], "mirror": true},
						{"origin": [-6.91003, 11.17184, 2.52], "size": [2.42, 1.32, 1.54], "uv": [84, 116], "mirror": true},
						{"origin": [-6.69003, 11.17184, 2.3], "size": [1.98, 1.32, 1.98], "uv": [84, 116], "mirror": true},
						{"origin": [-6.47003, 11.17184, 2.08], "size": [1.54, 1.32, 2.42], "uv": [84, 116], "mirror": true},
						{"origin": [-6.47003, 10.95184, 2.3], "size": [1.54, 1.76, 1.98], "uv": [84, 116], "mirror": true},
						{"origin": [-6.47003, 10.07184, 2.3], "size": [1.54, 1.98, 1.98], "uv": [84, 116], "mirror": true}
					]
				}
			]
		}
	]
}