{
	"format_version": "1.12.0",
	"minecraft:geometry": [
		{
			"description": {
				"identifier": "geometry.mommy",
				"texture_width": 128,
				"texture_height": 128,
				"visible_bounds_width": 13,
				"visible_bounds_height": 7,
				"visible_bounds_offset": [0, 0.5, 0]
			},
			"bones": [
				{
					"name": "body_main",
					"pivot": [0, 4, 7],
					"rotation": [-7.5, 0, 0]
				},
				{
					"name": "Body",
					"parent": "body_main",
					"pivot": [0, 6, 7],
					"rotation": [22.5, 0, 0],
					"cubes": [
						{"origin": [-5, 1.1418, 4.25975], "size": [10, 9, 11], "uv": [70, 87]},
						{"origin": [-6, 2.1418, 5.25975], "size": [12, 7, 9], "uv": [70, 87]},
						{"origin": [-4, 1.1418, 15.25975], "size": [8, 9, 1], "uv": [70, 87]},
						{"origin": [-4, 1.1418, 3.25975], "size": [8, 9, 1], "uv": [70, 87]},
						{"origin": [-4, 10.1418, 4.25975], "size": [8, 1, 11], "uv": [70, 87]},
						{"origin": [-3, 11.1418, 5.25975], "size": [6, 1, 9], "uv": [70, 87]},
						{"origin": [-3, -0.8582, 5.25975], "size": [6, 1, 9], "uv": [70, 87]},
						{"origin": [-4, 0.1418, 4.25975], "size": [8, 1, 11], "uv": [70, 87]}
					]
				},
				{
					"name": "body2",
					"parent": "Body",
					"pivot": [0, 7.1418, 2.50975],
					"rotation": [-42.5, 0, 0],
					"cubes": [
						{"origin": [-4, 3.1418, -13.74025], "size": [8, 8, 8], "uv": [79, 88]},
						{"origin": [-3, 4.1418, -11.74025], "size": [6, 6, 7], "uv": [79, 88]},
						{"origin": [-3, 4.1418, -14.74025], "size": [6, 6, 7], "uv": [28, 15]},
						{"origin": [-3, 11.1418, -12.74025], "size": [6, 1, 6], "uv": [79, 88]},
						{"origin": [-3, 2.1418, -12.74025], "size": [6, 1, 6], "uv": [79, 88]},
						{"origin": [-2, 5.1418, -6.74025], "size": [4, 4, 5], "pivot": [0, 7.1418, -5.74025], "rotation": [-25, 0, 0], "uv": [91, 93]},
						{"origin": [-1, 4.47025, -3.32859], "size": [2, 2, 8], "uv": [96, 18]}
					]
				},
				{
					"name": "head",
					"parent": "body2",
					"pivot": [0, 4.76922, -22.01233],
					"rotation": [32.5, 0, 0]
				},
				{
					"name": "Ojos",
					"parent": "head",
					"pivot": [0, 12.76922, -28.01233],
					"cubes": [
						{"origin": [-4.5, 10.76922, -28.51233], "size": [3, 3, 2], "uv": [37, 0]},
						{"origin": [1.5, 10.76922, -28.51233], "size": [3, 3, 2], "uv": [37, 0]}
					]
				},
				{
					"name": "Pupilas",
					"parent": "Ojos",
					"pivot": [0, 12.76922, -27.81233],
					"cubes": [
						{"origin": [-4, 11.26922, -28.41233], "size": [2, 2, 1], "inflate": 0.2, "uv": [19, 0]},
						{"origin": [2, 11.26922, -28.41233], "size": [2, 2, 1], "inflate": 0.2, "uv": [19, 0]}
					]
				},
				{
					"name": "Head5",
					"parent": "Ojos",
					"pivot": [0, 12.76922, -26.81233],
					"cubes": [
						{"origin": [-4, 11.26922, -27.41233], "size": [2, 2, 1], "inflate": 0.2, "uv": [21, 10]},
						{"origin": [2, 11.26922, -27.41233], "size": [2, 2, 1], "inflate": 0.2, "uv": [21, 10]}
					]
				},
				{
					"name": "Cabesacubas",
					"parent": "head",
					"pivot": [0, 4.76922, -22.01233],
					"cubes": [
						{"origin": [5.5, 7.76922, -26.01233], "size": [1, 8, 5], "uv": [104, 13], "mirror": true},
						{"origin": [5, 14.73078, -26.01233], "size": [1, 2, 5], "uv": [104, 13], "mirror": true},
						{"origin": [-2, 17.23078, -26.01233], "size": [4, 1, 5], "uv": [104, 13], "mirror": true},
						{"origin": [-4, 16.73078, -26.01233], "size": [2, 1, 5], "uv": [104, 13]},
						{"origin": [-5, 16.23078, -26.01233], "size": [1, 1, 5], "uv": [104, 13]},
						{"origin": [-2, 16.73078, -21.48767], "size": [4, 1, 2], "uv": [104, 13], "mirror": true},
						{"origin": [-4, 16.23078, -20.98767], "size": [2, 1, 1], "uv": [104, 13], "mirror": true},
						{"origin": [2, 16.23078, -20.98767], "size": [2, 1, 1], "uv": [104, 13], "mirror": true},
						{"origin": [4, 16.23078, -26.01233], "size": [1, 1, 5], "uv": [104, 13], "mirror": true},
						{"origin": [2, 16.73078, -26.01233], "size": [2, 1, 5], "uv": [104, 13], "mirror": true},
						{"origin": [-2, 16.73078, -27.51233], "size": [4, 1, 2], "uv": [104, 13], "mirror": true},
						{"origin": [2, 16.23078, -27.01233], "size": [2, 1, 1], "uv": [104, 13], "mirror": true},
						{"origin": [2, 14.73078, -27.51233], "size": [2, 2, 1], "uv": [104, 13], "mirror": true},
						{"origin": [-2, 14.73078, -27.91233], "size": [4, 2, 1], "uv": [104, 13]},
						{"origin": [4, 14.73078, -20.98767], "size": [1, 2, 1], "uv": [104, 13], "mirror": true},
						{"origin": [4, 14.73078, -27.01233], "size": [1, 2, 1], "uv": [104, 13], "mirror": true},
						{"origin": [-2, 14.73078, -19.98767], "size": [4, 2, 1], "uv": [104, 13]},
						{"origin": [2, 14.73078, -20.48767], "size": [2, 2, 1], "uv": [104, 13], "mirror": true},
						{"origin": [-4, 14.73078, -20.48767], "size": [2, 2, 1], "uv": [104, 13]},
						{"origin": [-5, 14.73078, -20.98767], "size": [1, 2, 1], "uv": [104, 13]},
						{"origin": [-6, 14.73078, -26.01233], "size": [1, 2, 5], "uv": [104, 13]},
						{"origin": [-4, 16.23078, -27.01233], "size": [2, 1, 1], "uv": [104, 13], "mirror": true},
						{"origin": [-4, 14.73078, -27.51233], "size": [2, 2, 1], "uv": [104, 13]},
						{"origin": [5, 6.26922, -26.01233], "size": [1, 2, 5], "uv": [104, 13], "mirror": true},
						{"origin": [-5, 14.73078, -27.01233], "size": [1, 2, 1], "uv": [104, 13]},
						{"origin": [2, 5.26922, -26.01233], "size": [2, 1, 5], "uv": [104, 13], "mirror": true},
						{"origin": [4, 7.76922, -20.48767], "size": [1, 8, 1], "uv": [104, 13], "mirror": true},
						{"origin": [4, 5.76922, -26.01233], "size": [1, 1, 5], "uv": [104, 13], "mirror": true},
						{"origin": [-6, 6.26922, -26.01233], "size": [1, 2, 5], "uv": [104, 13]},
						{"origin": [-2, 4.76922, -26.01233], "size": [4, 1, 5], "uv": [104, 13], "mirror": true},
						{"origin": [-4, 5.26922, -26.01233], "size": [2, 1, 5], "uv": [104, 13]},
						{"origin": [5, 7.76922, -20.98767], "size": [1, 8, 1], "uv": [104, 13], "mirror": true},
						{"origin": [-2, 7.76922, -19.48767], "size": [4, 8, 1], "uv": [104, 13]},
						{"origin": [-4, 7.76922, -19.98767], "size": [2, 8, 1], "uv": [104, 13]},
						{"origin": [2, 7.76922, -19.98767], "size": [2, 8, 1], "uv": [104, 13], "mirror": true},
						{"origin": [-6, 7.76922, -20.98767], "size": [1, 8, 1], "uv": [104, 13]},
						{"origin": [-5, 7.76922, -20.48767], "size": [1, 8, 1], "uv": [104, 13]},
						{"origin": [-4, 6.26922, -20.48767], "size": [2, 2, 1], "uv": [104, 13]},
						{"origin": [-2, 6.26922, -19.98767], "size": [4, 2, 1], "uv": [104, 13]},
						{"origin": [-5, 6.26922, -20.98767], "size": [1, 2, 1], "uv": [104, 13]},
						{"origin": [2, 6.26922, -20.48767], "size": [2, 2, 1], "uv": [104, 13], "mirror": true},
						{"origin": [4, 6.26922, -20.98767], "size": [1, 2, 1], "uv": [104, 13], "mirror": true},
						{"origin": [2, 5.76922, -20.98767], "size": [2, 1, 1], "uv": [104, 13], "mirror": true},
						{"origin": [-2, 5.26922, -21.48767], "size": [4, 1, 2], "uv": [104, 13], "mirror": true},
						{"origin": [-2, 7.76922, -28.01233], "size": [4, 8, 1], "uv": [104, 13]},
						{"origin": [-4, 5.76922, -20.98767], "size": [2, 1, 1], "uv": [104, 13], "mirror": true},
						{"origin": [5, 7.76922, -27.01233], "size": [1, 8, 1], "uv": [104, 13], "mirror": true},
						{"origin": [4, 7.76922, -27.51233], "size": [1, 8, 1], "uv": [104, 13], "mirror": true},
						{"origin": [2, 7.76922, -28.01233], "size": [2, 8, 1], "uv": [104, 13], "mirror": true},
						{"origin": [2, 5.76922, -27.01233], "size": [2, 1, 1], "uv": [104, 13], "mirror": true},
						{"origin": [4, 6.26922, -27.01233], "size": [1, 2, 1], "uv": [104, 13], "mirror": true},
						{"origin": [-4, 5.76922, -27.01233], "size": [2, 1, 1], "uv": [104, 13], "mirror": true},
						{"origin": [2, 6.26922, -27.51233], "size": [2, 2, 1], "uv": [104, 13], "mirror": true},
						{"origin": [-2, 5.26922, -27.51233], "size": [4, 1, 2], "uv": [104, 13], "mirror": true},
						{"origin": [-4, 6.26922, -27.51233], "size": [2, 2, 1], "uv": [104, 13]},
						{"origin": [-5, 7.76922, -27.51233], "size": [1, 8, 1], "uv": [104, 13]},
						{"origin": [-2, 6.26922, -28.01233], "size": [4, 2, 1], "uv": [104, 13]},
						{"origin": [-4, 7.76922, -28.01233], "size": [2, 8, 1], "uv": [104, 13]},
						{"origin": [-3, 6.76922, -27.91233], "size": [1, 10, 1], "uv": [104, 13]},
						{"origin": [2, 6.76922, -27.91233], "size": [1, 10, 1], "uv": [104, 13]},
						{"origin": [-5, 6.26922, -27.01233], "size": [1, 2, 1], "uv": [104, 13]},
						{"origin": [-6, 7.76922, -27.01233], "size": [1, 8, 1], "uv": [104, 13]},
						{"origin": [-5, 5.76922, -26.01233], "size": [1, 1, 5], "uv": [104, 13]},
						{"origin": [-6.5, 7.76922, -26.01233], "size": [1, 8, 5], "uv": [104, 13]},
						{"origin": [-2.3, 13.76922, -28.81233], "size": [1, 1.4, 1], "inflate": -0.1, "uv": [63, 9]},
						{"origin": [-3.5, 13.56922, -28.81233], "size": [1, 1.8, 1], "inflate": -0.1, "uv": [63, 9]},
						{"origin": [-4.7, 13.36922, -28.81233], "size": [1, 1.8, 1], "inflate": -0.1, "uv": [63, 9]},
						{"origin": [3.7, 13.36922, -28.81233], "size": [1, 1.8, 1], "inflate": -0.1, "uv": [63, 9]},
						{"origin": [2.5, 13.56922, -28.81233], "size": [1, 1.8, 1], "inflate": -0.1, "uv": [63, 9]},
						{"origin": [1.3, 13.76922, -28.81233], "size": [1, 1.4, 1], "inflate": -0.1, "uv": [63, 9]}
					]
				},
				{
					"name": "Boca",
					"parent": "head",
					"pivot": [0, 7.76922, -28.01233],
					"rotation": [0, 0, -180],
					"cubes": [
						{"origin": [-2, 6.76922, -28.31233], "size": [4, 1, 2], "uv": [65, 12]},
						{"origin": [-1, 7.76922, -28.21233], "size": [2, 1, 2], "uv": [103, 55]},
						{"origin": [-1, 6.26922, -28.21233], "size": [2, 1, 2], "uv": [103, 55]},
						{"origin": [-2, 7.06922, -28.31233], "size": [4, 1, 2], "uv": [65, 12]},
						{"origin": [-3.5, 7.46922, -28.31233], "size": [2, 1, 2], "uv": [65, 12]},
						{"origin": [1.5, 7.46922, -28.31233], "size": [2, 1, 2], "uv": [65, 12]},
						{"origin": [2.7, 8.16922, -28.31233], "size": [1, 1, 2], "uv": [65, 12]},
						{"origin": [-3.7, 8.16922, -28.31233], "size": [1, 1, 2], "uv": [65, 12]}
					]
				},
				{
					"name": "Parpados",
					"parent": "head",
					"pivot": [0, 13.46922, -26.01233],
					"cubes": [
						{"origin": [-4.7, 13.36922, -28.81233], "size": [3.4, 1.1, 2], "inflate": -0.1, "pivot": [-3, 13.91922, -27.81233], "rotation": [0, 0, -5], "uv": [63, 9]},
						{"origin": [1.3, 13.36922, -28.81233], "size": [3.4, 1.1, 2], "inflate": -0.1, "pivot": [3, 13.91922, -27.81233], "rotation": [0, 0, 5], "uv": [63, 9]}
					]
				},
				{
					"name": "Pelos",
					"parent": "head",
					"pivot": [0, 3, -19]
				},
				{
					"name": "Cabeza",
					"parent": "Pelos",
					"pivot": [0, 7, -27],
					"cubes": [
						{"origin": [-5.504, 15.96, -27.96], "size": [11.008, 2.56, 9.04], "uv": [69, 95]},
						{"origin": [-6.784, 15.32, -27.96], "size": [1.408, 2.56, 9.04], "uv": [72, 91]},
						{"origin": [-7.424, 12.12, -27.96], "size": [1.408, 3.84, 9.04], "uv": [72, 91]},
						{"origin": [4.736, 16.6, -27.96], "size": [2.048, 2.56, 9.04], "uv": [72, 91]},
						{"origin": [1.536, 18.52, -27.32], "size": [5.248, 3.84, 4.48], "uv": [72, 91]},
						{"origin": [1.536, 18.52, -22.84], "size": [5.248, 3.84, 3.28], "uv": [72, 91]},
						{"origin": [4.736, 16.6, -27.96], "size": [2.048, 2.56, 1.28], "uv": [72, 91]},
						{"origin": [6.016, 18.52, -27.96], "size": [2.048, 3.2, 9.04], "uv": [72, 91]},
						{"origin": [5.376, 21.72, -27.96], "size": [2.048, 1.92, 9.04], "uv": [72, 91]},
						{"origin": [4.096, 22.36, -27.96], "size": [2.048, 1.92, 9.04], "uv": [72, 91]},
						{"origin": [2.176, 21.72, -27.96], "size": [2.048, 1.92, 9.04], "uv": [72, 91]},
						{"origin": [-8.32, 15.96, -27], "size": [1.28, 1.28, 5.12], "uv": [37, 11]},
						{"origin": [-5.76, 17.88, -27], "size": [1.28, 1.28, 5.12], "uv": [37, 11]},
						{"origin": [-7.68, 17.24, -23.16], "size": [1.92, 1.28, 1.28], "uv": [37, 11]},
						{"origin": [-7.68, 17.24, -27], "size": [1.92, 1.28, 1.28], "uv": [37, 11]}
					]
				},
				{
					"name": "Cosa1",
					"parent": "Cabeza",
					"pivot": [2.56, 23.08, -24.12],
					"rotation": [0, 0, -7.5],
					"cubes": [
						{"origin": [1.536, 20.44, -27.96], "size": [1.408, 1.92, 9.04], "uv": [72, 91]},
						{"origin": [2.176, 19.16, -27.96], "size": [1.408, 1.28, 9.04], "uv": [72, 91]},
						{"origin": [3.456, 19.8, -27.96], "size": [1.408, 1.28, 9.04], "uv": [72, 91]},
						{"origin": [4.096, 20.12, -27.96], "size": [1.408, 1.28, 9.04], "uv": [72, 91]}
					]
				},
				{
					"name": "Pelo13",
					"parent": "Cabeza",
					"pivot": [-6.784, 17.96, -21.56],
					"rotation": [-31.47355, 4.01846, -50.92197],
					"cubes": [
						{"origin": [-7.424, 17.24, -25.08], "size": [1.408, 2.56, 1.28], "uv": [72, 91]}
					]
				},
				{
					"name": "Pelo14",
					"parent": "Pelo13",
					"pivot": [-6.784, 20.52, -21.56],
					"rotation": [0, 0, -62.5],
					"cubes": [
						{"origin": [-7.424, 19.8, -25.08], "size": [1.408, 2.56, 1.28], "uv": [72, 91]}
					]
				},
				{
					"name": "Pelo15",
					"parent": "Pelo14",
					"pivot": [-6.784, 23.08, -21.56],
					"rotation": [0, 0, -60],
					"cubes": [
						{"origin": [-7.424, 22.36, -25.08], "size": [1.408, 2.56, 1.28], "uv": [72, 91]}
					]
				},
				{
					"name": "Pelo16",
					"parent": "Pelo15",
					"pivot": [-6.784, 25.64, -21.56],
					"rotation": [-6.82286, 10.40883, -22.68996],
					"cubes": [
						{"origin": [-7.424, 24.92, -25.08], "size": [1.408, 2.56, 1.28], "uv": [72, 91]}
					]
				},
				{
					"name": "Pelo17",
					"parent": "Pelo16",
					"pivot": [-6.784, 28.2, -21.56],
					"rotation": [15.27269, 8.64738, -28.83844],
					"cubes": [
						{"origin": [-7.424, 27.48, -25.08], "size": [1.408, 2.56, 1.28], "uv": [72, 91]}
					]
				},
				{
					"name": "Pelo18",
					"parent": "Pelo17",
					"pivot": [-6.784, 30.76, -21.56],
					"rotation": [0, 0, 32.5],
					"cubes": [
						{"origin": [-7.424, 30.04, -25.08], "size": [1.408, 2.56, 1.28], "uv": [72, 91]}
					]
				},
				{
					"name": "Pelo7",
					"parent": "Cabeza",
					"pivot": [-6.784, 17.96, -21.56],
					"rotation": [-17.58347, -21.48944, 10.86212],
					"cubes": [
						{"origin": [-7.424, 17.24, -25.08], "size": [1.408, 2.56, 1.28], "uv": [72, 91]}
					]
				},
				{
					"name": "Pelo8",
					"parent": "Pelo7",
					"pivot": [-6.784, 20.52, -21.56],
					"rotation": [0, 0, -62.5],
					"cubes": [
						{"origin": [-7.424, 19.8, -25.08], "size": [1.408, 2.56, 1.28], "uv": [72, 91]}
					]
				},
				{
					"name": "Pelo9",
					"parent": "Pelo8",
					"pivot": [-6.784, 23.08, -21.56],
					"rotation": [0, 0, -60],
					"cubes": [
						{"origin": [-7.424, 22.36, -25.08], "size": [1.408, 2.56, 1.28], "uv": [72, 91]}
					]
				},
				{
					"name": "Pelo10",
					"parent": "Pelo9",
					"pivot": [-6.784, 25.64, -21.56],
					"rotation": [-6.82286, 10.40883, -22.68996],
					"cubes": [
						{"origin": [-7.424, 24.92, -25.08], "size": [1.408, 2.56, 1.28], "uv": [72, 91]}
					]
				},
				{
					"name": "Pelo11",
					"parent": "Pelo10",
					"pivot": [-6.784, 28.2, -21.56],
					"rotation": [15.27269, 8.64738, -28.83844],
					"cubes": [
						{"origin": [-7.424, 27.48, -25.08], "size": [1.408, 2.56, 1.28], "uv": [72, 91]}
					]
				},
				{
					"name": "Pelo12",
					"parent": "Pelo11",
					"pivot": [-6.784, 30.76, -21.56],
					"rotation": [0, 0, 32.5],
					"cubes": [
						{"origin": [-7.424, 30.04, -25.08], "size": [1.408, 2.56, 1.28], "uv": [72, 91]}
					]
				},
				{
					"name": "Pelo1",
					"parent": "Cabeza",
					"pivot": [-6.784, 17.96, -21.56],
					"rotation": [0, 0, -30],
					"cubes": [
						{"origin": [-7.424, 17.24, -25.08], "size": [1.408, 2.56, 1.28], "uv": [72, 91]}
					]
				},
				{
					"name": "Pelo2",
					"parent": "Pelo1",
					"pivot": [-6.784, 20.52, -21.56],
					"rotation": [0, 0, -62.5],
					"cubes": [
						{"origin": [-7.424, 19.8, -25.08], "size": [1.408, 2.56, 1.28], "uv": [72, 91]}
					]
				},
				{
					"name": "Pelo3",
					"parent": "Pelo2",
					"pivot": [-6.784, 23.08, -21.56],
					"rotation": [0, 0, -60],
					"cubes": [
						{"origin": [-7.424, 22.36, -25.08], "size": [1.408, 2.56, 1.28], "uv": [72, 91]}
					]
				},
				{
					"name": "Pelo4",
					"parent": "Pelo3",
					"pivot": [-6.784, 25.64, -21.56],
					"rotation": [-6.82286, 10.40883, -22.68996],
					"cubes": [
						{"origin": [-7.424, 24.92, -25.08], "size": [1.408, 2.56, 1.28], "uv": [72, 91]}
					]
				},
				{
					"name": "Pelo5",
					"parent": "Pelo4",
					"pivot": [-6.784, 28.2, -21.56],
					"rotation": [15.27269, 8.64738, -28.83844],
					"cubes": [
						{"origin": [-7.424, 27.48, -25.08], "size": [1.408, 2.56, 1.28], "uv": [72, 91]}
					]
				},
				{
					"name": "Pelo6",
					"parent": "Pelo5",
					"pivot": [-6.784, 30.76, -21.56],
					"rotation": [0, 0, 32.5],
					"cubes": [
						{"origin": [-7.424, 30.04, -25.08], "size": [1.408, 2.56, 1.28], "uv": [72, 91]}
					]
				},
				{
					"name": "Head4",
					"parent": "head",
					"pivot": [0, 4.76922, -23.01233],
					"rotation": [25, 0, 0],
					"cubes": [
						{"origin": [-1, -4.23078, -24.01233], "size": [2, 10, 2], "pivot": [0, 4.76922, -23.01233], "rotation": [50, 0, 0], "uv": [99, 13]},
						{"origin": [-0.8, -4.23078, -24.21233], "size": [1.6, 10, 2.4], "pivot": [0, 4.76922, -23.01233], "rotation": [50, 0, 0], "uv": [99, 13]}
					]
				},
				{
					"name": "rightarm",
					"parent": "body_main",
					"pivot": [-3, 13, -9]
				},
				{
					"name": "rightarm1",
					"parent": "rightarm",
					"pivot": [-2.09406, 11.07444, -9],
					"rotation": [90, 0, 125],
					"cubes": [
						{"origin": [-3.42206, 10.07444, -15.21188], "size": [2, 2, 8], "uv": [94, 23]}
					]
				},
				{
					"name": "rightarm3",
					"parent": "rightarm1",
					"pivot": [-2.63989, 11.07444, -13.85357],
					"rotation": [0, -52.5, 0],
					"cubes": [
						{"origin": [-4.19366, 10.07444, -22.05992], "size": [2, 2, 8], "uv": [93, 22]}
					]
				},
				{
					"name": "rightarm2",
					"parent": "rightarm3",
					"pivot": [-3.59951, 11.36376, -21.08932],
					"rotation": [0, -57.5, 0],
					"cubes": [
						{"origin": [-4.73734, 10.07444, -35.10972], "size": [2, 2, 14], "uv": [89, 16]}
					]
				},
				{
					"name": "rightarm4",
					"parent": "rightarm2",
					"pivot": [-3.94898, 11, -34.73086],
					"rotation": [-90, -15, 0],
					"cubes": [
						{"origin": [-5.17372, 12.29289, -31.97782], "size": [2, 4, 2], "pivot": [12.82628, 9.29289, -29.73086], "rotation": [62.5, 0, 0], "uv": [36, 18]},
						{"origin": [-4.17372, 12.29289, -31.97782], "size": [2, 4, 2], "pivot": [12.82628, 9.29289, -29.73086], "rotation": [62.5, 0, 0], "uv": [39, 15]}
					]
				},
				{
					"name": "rightarm6",
					"parent": "rightarm4",
					"pivot": [12.82628, 9.29289, -29.73086],
					"rotation": [0, 2.5, 0],
					"cubes": [
						{"origin": [-4.17372, 8.29289, -41.73086], "size": [1, 2, 5], "uv": [83, 91]}
					]
				},
				{
					"name": "rightarm5",
					"parent": "rightarm4",
					"pivot": [12.82628, 9.29289, -28.73086],
					"cubes": [
						{"origin": [-3.37372, 8.29289, -41.23086], "size": [1, 2, 5], "uv": [83, 91]}
					]
				},
				{
					"name": "rightarm8",
					"parent": "rightarm4",
					"pivot": [9.82628, 9.29289, -26.73086],
					"rotation": [0, -17.5, 0],
					"cubes": [
						{"origin": [-5.47372, 8.29289, -36.73086], "size": [1, 2, 5], "uv": [83, 91]},
						{"origin": [-6.39671, 8.07103, -35.2003], "size": [1, 2, 4], "pivot": [-5.03606, 10.07103, -29.69897], "rotation": [0, -47.5, 0], "uv": [87, 91], "mirror": true}
					]
				},
				{
					"name": "rightarm9",
					"parent": "rightarm4",
					"pivot": [-3.17372, 9.29289, -21.73086],
					"rotation": [0, -62.5, 0]
				},
				{
					"name": "rightarm7",
					"parent": "rightarm4",
					"pivot": [13.82628, 9.29289, -31.73086],
					"rotation": [0, 10, 0],
					"cubes": [
						{"origin": [-4.17372, 8.29289, -43.73086], "size": [1, 2, 5], "uv": [83, 91]},
						{"origin": [-4.1574, 8.27103, -40.9134], "size": [3, 2, 4], "uv": [87, 91]}
					]
				}
			]
		}
	]
}