{
	"format_version": "1.8.0",
	"animations": {
		"animation.jn.move": {
			"loop": true,
			"animation_length": 1.2,
			"bones": {
				"body": {
					"position": {
						"0.0": [0, -0.6, 0],
						"0.2": [0, -0.86, 0],
						"0.4": [0, -0.3, 0],
						"0.6": [0, -0.9, 0],
						"0.8": [0, -0.86, 0],
						"1.0": [0, -0.3, 0],
						"1.2": [0, -0.6, 0]
					}
				},
				"head": {
					"rotation": [-2.5, 0, 0]
				},
				"boobs": {
					"rotation": {
						"0.0": [0, 0, 0],
						"0.4": [5, 0, 0],
						"0.6": [0, 0, 0],
						"1.0": [5, 0, 0],
						"1.2": [0, 0, 0]
					}
				},
				"armR": {
					"rotation": {
						"0.0": [19.84231, -2.55869, 2.05239],
						"0.5": [19.05742, -5.88289, 3.17961],
						"0.6": [18.88172, -6.71772, 3.88172],
						"1.2": [19.84231, -2.55869, 2.05239]
					}
				},
				"lowerArmR": {
					"rotation": {
						"0.0": [-12.5, 0, 0],
						"0.6": [-5, 0, 0],
						"1.2": [-12.5, 0, 0]
					}
				},
				"armL": {
					"rotation": {
						"0.0": [18.58598, 7.52076, -6.26765],
						"0.5": [19.72611, 3.11612, -1.95925],
						"0.6": [19.8423, 2.55868, -2.05239],
						"1.2": [18.58598, 7.52076, -6.26765]
					}
				},
				"lowerArmL": {
					"rotation": {
						"0.0": [0, 0, 0],
						"0.6": [-25, 0, 0],
						"1.2": [0, 0, 0]
					}
				},
				"hip": {
					"rotation": {
						"0.0": [0, 0, -5],
						"0.6": [0, 0, 5],
						"1.2": [0, 0, -5]
					}
				},
				"cheekL": {
					"rotation": {
						"0.0": [10, 0, 12.5],
						"0.2": [16, 0, 15],
						"0.4": [14.5, 0, 15],
						"0.6": [-3.67, 0, 7.5],
						"0.8": [-8.08, 0, 3.75],
						"1.0": [-2.5, 0, 5],
						"1.2": [10, 0, 12.5]
					}
				},
				"legR": {
					"rotation": {
						"0.0": [22.5, 0, -5],
						"0.2": [17.5, 0, -5],
						"0.4": [-10, 0, 0],
						"0.6": [-22.5, 0, -5],
						"0.8": [-27.5, 0, -5],
						"1.0": [0, 0, 0],
						"1.2": [22.5, 0, -5]
					}
				},
				"shinR": {
					"rotation": {
						"0.0": [7.5, 0, 0],
						"0.2": [35, 0, 0],
						"0.4": [27.5, 0, 0],
						"0.6": [5, 0, 0],
						"0.8": [27.5, 0, 0],
						"1.0": [0, 0, 0],
						"1.2": [7.5, 0, 0]
					}
				},
				"legL": {
					"rotation": {
						"0.0": [-22.5, 0, 5],
						"0.2": [-27.5, 0, 5],
						"0.4": [0, 0, 0],
						"0.6": [22.5, 0, 5],
						"0.8": [17.5, 0, 5],
						"1.0": [-10, 0, 0],
						"1.2": [-22.5, 0, 5]
					}
				},
				"shinL": {
					"rotation": {
						"0.0": [5, 0, 0],
						"0.2": [27.5, 0, 0],
						"0.4": [0, 0, 0],
						"0.6": [7.5, 0, 0],
						"0.8": [35, 0, 0],
						"1.0": [27.5, 0, 0],
						"1.2": [5, 0, 0]
					}
				},
				"cock": {
					"position": [0, -49, 0]
				},
				"steve": {
					"position": [0, -98, 0]
				},
				"hair": {
					"rotation": {
						"0.0": [0, 0, 0],
						"0.2": [-5, 0, 0],
						"0.4": [0, 0, 0],
						"0.6": [-5, 0, 0],
						"0.8": [0, 0, 0],
						"1.0": [-5, 0, 0],
						"1.2": [0, 0, 0]
					}
				}
			}
		},
		"animation.jn.idle": {
			"loop": true,
			"animation_length": 6.4,
			"bones": {
				"body": {
					"position": [0, 0, 0]
				},
				"head": {
					"rotation": [0, 0, 0]
				},
				"tongueSmile2": {
					"position": [0, 0, 0]
				},
				"boobs": {
					"rotation": {
						"0.0": [0, 0, 0],
						"2.92": [-2.5, 0, 0],
						"6.4": [0, 0, 0]
					}
				},
				"armR": {
					"rotation": {
						"0.0": [6.94071, -0.91145, -1.05527],
						"0.52": [5.37579, -1.57294, 6.99736],
						"1.04": [4.12077, -0.87584, 0.20348],
						"1.6": [2.5385, -0.97514, 5.74491],
						"2.08": [1.25832, -0.41806, -0.41624],
						"2.6": [-0.21264, -0.02272, 5.46668],
						"2.64": [-0.32451, -0.00228, 3.22692],
						"2.8": [-0.4924, 0.08682, 1.49963],
						"2.96": [0.01638, -0.08385, 2.16916],
						"3.12": [0.33958, -0.13544, -0.24772],
						"3.64": [1.33275, -0.47117, 5.4273],
						"4.16": [2.41789, -0.45713, 0.13779],
						"4.68": [3.36805, -0.9995, 6.03859],
						"5.2": [4.528, -0.56486, -2.11305],
						"5.72": [5.41721, -1.4647, 5.66357],
						"6.32": [6.67283, -1.47566, 3.91397],
						"6.4": [6.94071, -0.91145, -1.05527]
					}
				},
				"lowerArmR": {
					"rotation": [0, 0, 0]
				},
				"armL": {
					"rotation": {
						"0.0": [0, 0, -0.5],
						"0.52": [-1.26924, -0.28123, -8.26375],
						"1.04": [-2.59244, -0.17179, -1.1269],
						"1.6": [-3.93942, -0.69405, -6.30946],
						"2.08": [-5.18736, -0.44912, 0.75729],
						"2.6": [-6.33568, -1.49354, -4.89498],
						"2.96": [-7.30915, -1.27451, -0.39723],
						"3.0": [-7.32417, -1.61888, -2.89638],
						"3.12": [-7.15678, -1.24092, -0.68266],
						"3.48": [-6.41276, -1.34785, -3.96718],
						"3.64": [-6.06127, -1.27364, -3.90937],
						"4.16": [-4.98995, -0.60037, 1.26031],
						"4.68": [-3.77569, -0.79506, -4.74043],
						"5.2": [-2.67173, -0.32113, 0.82486],
						"5.72": [-1.48999, -0.31731, -5.92197],
						"6.32": [-0.17379, -0.03064, -2.94113],
						"6.4": [0, 0, -0.5]
					}
				},
				"lowerArmL": {
					"rotation": [0, 0, 0]
				},
				"hip": {
					"rotation": [0, 0, 0]
				},
				"legR": {
					"rotation": [0, 0, 0]
				},
				"shinR": {
					"rotation": [0, 0, 0]
				},
				"legL": {
					"rotation": [0, 0, 0]
				},
				"shinL": {
					"rotation": [0, 0, 0]
				},
				"cock": {
					"position": [0, -56, 0]
				},
				"closedR": {
					"position": {
						"0.0": [0, 0, -1],
						"0.16": [0, 0, -1.2],
						"0.2": [0, 0, 0],
						"3.12": [0, 0, -1],
						"3.28": [0, 0, -1.2],
						"3.32": [0, 0, 0]
					}
				},
				"openR": {
					"position": {
						"0.0": [0, 0, 1],
						"0.2": [0, 0, -0.07],
						"3.08": [0, 0, -0.01],
						"3.12": [0, 0, 1],
						"3.32": [0, 0, 0]
					}
				},
				"closedL": {
					"position": {
						"0.0": [0, 0, -1],
						"0.16": [0, 0, -1.2],
						"0.2": [0, 0, 0],
						"3.12": [0, 0, -1],
						"3.28": [0, 0, -1.2],
						"3.32": [0, 0, 0]
					}
				},
				"openL": {
					"position": {
						"0.0": [0, 0, 1],
						"0.2": [0, 0, -0.07],
						"3.08": [0, 0, -0.01],
						"3.12": [0, 0, 1],
						"3.32": [0, 0, 0]
					}
				},
				"steve": {
					"position": [0, -122, 0]
				}
			}
		},
		"animation.jn.strip": {
			"animation_length": 4.76,
			"bones": {
				"body": {
					"rotation": {
						"0.0": [0, 0, 0],
						"2.8": [0, 0, 0],
						"3.72": [0, 0, 0]
					}
				},
				"head": {
					"rotation": {
						"0.0": [0, 0, 0],
						"0.36": [0, 0, 0],
						"0.68": [0, 0, -17.5],
						"0.84": [12.5, 0, 0],
						"0.96": [-0.63, 0, 0],
						"1.12": [14.58, 0, 0],
						"1.28": [-2.71, 0, 0],
						"1.4": [15, 0, 0],
						"1.56": [-1.25, 0, 0],
						"1.72": [20.81174, 5.43828, -14.00059],
						"2.04": [-0.79, 0, 0],
						"3.48": [-2.46, 0, 0],
						"4.2": [-33.29, 0, 0]
					}
				},
				"hair": {
					"rotation": {
						"0.0": [0, 0, 0],
						"0.36": [0, 0, 0],
						"0.6": [0, 0, 4],
						"0.76": [0, 0, 0],
						"1.36": [0, 0, 0],
						"1.6": [0, 0, -4],
						"1.92": [0, 0, 0],
						"3.28": [0, 0, 0],
						"3.44": [0, 0, 10],
						"3.72": [0, 0, 0]
					}
				},
				"closedL": {
					"position": {
						"0.0": [0, 0, 0],
						"0.36": [0, 0, 0],
						"0.4": [0, 0, -1],
						"0.6": [0, 0, -1],
						"0.64": [0, 0, 0],
						"0.84": [0, 0, -1.05],
						"1.36": [0, 0, -1.23],
						"1.48": [0, 0, -0.04],
						"4.44": [0, 0, -1],
						"4.72": [0, 0, -1],
						"4.76": [0, 0, 0]
					}
				},
				"openL": {
					"position": {
						"0.0": [0, 0, 0],
						"0.36": [0, 0, 0],
						"0.4": [0, 0, 1],
						"0.6": [0, 0, 1],
						"0.64": [0, 0, 0],
						"0.72": [0, 0, -0.6],
						"0.84": [0, 0, 1],
						"1.48": [0, 0, -0.18],
						"4.44": [0, 0, 0],
						"4.48": [0, 0, 1],
						"4.72": [0, 0, 1],
						"4.76": [0, 0, 0]
					}
				},
				"innerLashL": {
					"position": {
						"0.0": [0, 0, 0],
						"0.44": [0, 0, 0],
						"0.72": [0, 0.1, 0],
						"4.52": [0, 0.1, 0],
						"4.56": [0, 0, 0]
					},
					"scale": {
						"0.0": [1, 1, 1],
						"0.44": [1, 1, 1],
						"0.72": [1, 0.8, 1],
						"4.52": [1, 0.8, 1],
						"4.56": [1, 1, 1]
					}
				},
				"outerLashL": {
					"position": {
						"0.0": [0, 0, 0],
						"0.44": [0, 0, 0],
						"0.72": [0, 0.05, 0],
						"4.52": [0, 0.05, 0],
						"4.56": [0, 0, 0]
					},
					"scale": {
						"0.0": [1, 1, 1],
						"0.44": [1, 1, 1],
						"0.72": [1, 0.8, 1],
						"4.52": [1, 0.8, 1],
						"4.56": [1, 1, 1]
					}
				},
				"innerEyeL": {
					"position": {
						"0.0": [0, 0, 0],
						"0.44": [0, 0, 0],
						"0.72": [0, 0.175, 0],
						"4.52": [0, 0.175, 0],
						"4.68": [0, 0, 0]
					}
				},
				"irsisFaceL": {
					"position": {
						"0.0": [0, 0, 0],
						"0.44": [0, 0, 0],
						"0.72": [0, 0.121, 0],
						"4.52": [0, 0.121, 0],
						"4.68": [0, 0, 0]
					},
					"scale": {
						"0.0": [1, 1, 1],
						"0.44": [1, 1, 1],
						"0.72": [1, 0.6, 1],
						"4.52": [1, 0.6, 1],
						"4.68": [1, 1, 1]
					}
				},
				"whiteL": {
					"position": {
						"0.0": [0, 0, 0],
						"0.44": [0, 0, 0],
						"0.72": [0, 0, 0],
						"4.52": [0, 0, 0],
						"4.68": [0, 0, 0]
					},
					"scale": {
						"0.0": [1, 1, 1],
						"0.44": [1, 1, 1],
						"0.72": [1, 0.47, 1],
						"4.52": [1, 0.47, 1],
						"4.68": [1, 1, 1]
					}
				},
				"closedR": {
					"position": {
						"0.0": [-0.8, 0, 0],
						"0.84": [0.2, 0, -1],
						"1.36": [0.05, 0, -1.04],
						"1.48": [0.02, 0, 0.18],
						"4.4": [-0.8, 0, 0],
						"4.44": [0, 0, -1],
						"4.72": [0, 0, -1],
						"4.76": [0, 0, 0]
					}
				},
				"openR": {
					"position": {
						"0.0": [0, 0, 0],
						"0.72": [0, 0, -0.14],
						"0.84": [0, 0, 1],
						"1.48": [0, 0, -0.18],
						"4.44": [0, 0, 0],
						"4.48": [0, 0, 1],
						"4.72": [0, 0, 1],
						"4.76": [0, 0, 0]
					}
				},
				"innerLashR": {
					"position": {
						"0.0": [0, 0, 0],
						"0.44": [0, 0, 0],
						"0.72": [0, 0.1, 0],
						"4.52": [0, 0.1, 0],
						"4.56": [0, 0, 0]
					},
					"scale": {
						"0.0": [1, 1, 1],
						"0.44": [1, 1, 1],
						"0.72": [1, 0.8, 1],
						"4.52": [1, 0.8, 1],
						"4.56": [1, 1, 1]
					}
				},
				"outerLashR": {
					"position": {
						"0.0": [0, 0, 0],
						"0.44": [0, 0, 0],
						"0.72": [0, 0.05, 0],
						"4.52": [0, 0.05, 0],
						"4.56": [0, 0, 0]
					},
					"scale": {
						"0.0": [1, 1, 1],
						"0.44": [1, 1, 1],
						"0.72": [1, 0.8, 1],
						"4.52": [1, 0.8, 1],
						"4.56": [1, 1, 1]
					}
				},
				"innerEyeR": {
					"position": {
						"0.0": [0, 0, 0],
						"0.44": [0, 0, 0],
						"0.72": [0, 0.175, 0],
						"4.52": [0, 0.175, 0],
						"4.68": [0, 0, 0]
					}
				},
				"irsisFaceR": {
					"position": {
						"0.0": [0, 0, 0],
						"0.44": [0, 0, 0],
						"0.72": [0, 0.121, 0],
						"4.52": [0, 0.121, 0],
						"4.68": [0, 0, 0]
					},
					"scale": {
						"0.0": [1, 1, 1],
						"0.44": [1, 1, 1],
						"0.72": [1, 0.6, 1],
						"4.52": [1, 0.6, 1],
						"4.68": [1, 1, 1]
					}
				},
				"whiteR": {
					"position": {
						"0.0": [0, 0, 0],
						"0.44": [0, 0, 0],
						"0.72": [0, 0, 0],
						"4.52": [0, 0, 0],
						"4.68": [0, 0, 0]
					},
					"scale": {
						"0.0": [1, 1, 1],
						"0.44": [1, 1, 1],
						"0.72": [1, 0.47, 1],
						"4.52": [1, 0.47, 1],
						"4.68": [1, 1, 1]
					}
				},
				"boobs": {
					"rotation": {
						"0.0": [0, 0, 0],
						"0.44": [0, 0, 0],
						"0.52": [-1, 0, 0],
						"0.84": [0, 0, 0]
					}
				},
				"armR": {
					"rotation": {
						"0.0": [0, 0, 2.5],
						"0.28": [0, 0, -10],
						"0.52": [0, 0, 3],
						"0.6": [-45.03307, -34.52673, 20.67181],
						"1.28": [-69.07078, -32.91273, 37.73491],
						"1.84": [0, 0, 10],
						"2.0": [-51.51054, -31.5517, 34.13318],
						"3.28": [0, 0, 10],
						"3.44": [10.11783, 22.9824, 9.56202],
						"3.72": [0, 0, 7.5],
						"4.2": [-19.14314, -5.90316, -26.50371]
					},
					"position": {
						"0.0": [0, 0, 0],
						"2.04": [0.1, 0.2, 0],
						"3.72": [1.1, -0.8, 0],
						"4.2": [0, 0, 0]
					}
				},
				"lowerArmR": {
					"rotation": {
						"0.0": [0, 0, 0],
						"0.28": [0, 0, 0],
						"0.52": [-1, 0, 0],
						"0.6": [-118.26, 0, 0],
						"1.28": [-108.61, 0, 0],
						"1.84": [0, 0, 0],
						"2.0": [-110, 0, 0],
						"3.28": [0, 0, 0]
					}
				},
				"armL": {
					"rotation": {
						"0.0": [0, 0, -3],
						"0.6": [-52.63747, 30.81965, -29.45813],
						"1.28": [-53.70807, 24.94289, -24.91345],
						"1.36": [-46.6749, 30.06425, -12.78505],
						"1.84": [0, 0, -10],
						"2.0": [-64.47115, 29.56103, -33.83625],
						"3.28": [0, 0, -10],
						"3.44": [-12.15123, 22.01609, -14.87229],
						"3.72": [0, 0, -12.5],
						"4.2": [-18.88172, 6.71771, 28.38172]
					},
					"position": {
						"0.0": [0, 0, 0],
						"1.84": [-0.1, 0.1, 0],
						"3.72": [-1.1, -0.9, 0],
						"4.2": [0, 0, 0]
					}
				},
				"lowerArmL": {
					"rotation": {
						"0.0": [0, 0, 0],
						"0.6": [-117.5, 0, 0],
						"1.28": [-112.37, 0, 0],
						"1.36": [-104.61, 0, 0],
						"2.0": [-87.5, 0, 0],
						"3.28": [0, 0, 0]
					}
				},
				"cheekL": {
					"rotation": {
						"0.0": [0, 0, 0],
						"3.96": [0, 0, 0],
						"4.08": [0, -5, 0],
						"4.2": [0, 0, 0]
					}
				},
				"legL": {
					"rotation": {
						"0.0": [0, 0, 0],
						"1.36": [0, 0, 0],
						"2.52": [0, 0, 0],
						"2.72": [-0.47233, -2.75791, -3.06387],
						"2.8": [-1.26613, 6.49053, -0.21362],
						"3.28": [-2.02983, 1.08329, -1.26996],
						"3.44": [-1.68188, -1.89643, -1.65821],
						"3.72": [0, 0, 0],
						"4.04": [0, 0, 0]
					}
				},
				"shinL": {
					"rotation": {
						"0.0": [0, 0, 0],
						"1.36": [0, 0, 0],
						"2.52": [0, 0, 0],
						"2.72": [-2.5, 0, 0],
						"2.8": [0, 0, 0],
						"3.72": [0, 0, 0],
						"4.04": [0, 0, 0]
					}
				},
				"cock": {
					"position": [0, -62, 0]
				},
				"steve": {
					"position": [0, -118, 0]
				},
				"upperBody": {
					"rotation": {
						"0.0": [0, 0, 0],
						"0.68": [0, 0, -7.5],
						"1.72": [0, 0, -11],
						"1.88": [0, 0, 0],
						"3.48": [4.14, 0, 0],
						"4.2": [35, 0, 0]
					}
				},
				"wideSmugSmile2": {
					"position": {
						"0.2": [0, 0, 0],
						"0.24": [0, 0, 1],
						"2.12": [0, 0, 1],
						"2.4": [0, 0, 0],
						"4.44": [0, 0, -0.02],
						"4.48": [0, 0, 1]
					}
				},
				"smugSmile2": {
					"position": {
						"0.0": [0, 0, 0],
						"2.24": [0, 0, 0]
					}
				},
				"cum": {
					"position": [0, 0, 0]
				},
				"mouthThingDown": {
					"position": {
						"0.0": [0, 0, 0],
						"2.08": [0, 0, 0],
						"2.24": [0, 0, 0]
					}
				},
				"tongueSmile2": {
					"position": {
						"0.0": [0, 0, 0],
						"0.24": [0, 0, 0],
						"2.12": [0, 0, -1],
						"2.24": [0, 0, 0]
					}
				},
				"tongueSmile3": {
					"position": {
						"0.0": [0, 0, 0],
						"0.24": [0, 0, -1],
						"2.08": [0, 0, -1.02],
						"2.12": [0, 0, 0],
						"4.48": [0, 0, -1]
					}
				},
				"down": {
					"position": {
						"0.0": [0, 0, 0],
						"2.12": [0, 0, 0],
						"2.32": [0, 0, 0]
					}
				},
				"suprisedPikatchu": {
					"position": {
						"0.0": [0, 0, 0],
						"2.12": [0, 0, 0],
						"2.24": [0, 0, 0],
						"2.32": [0, 0, -1],
						"2.4": [0, 0, 0]
					}
				},
				"zipper": {
					"position": {
						"0.2": [0, 0, 0],
						"0.24": [0, 0, 1],
						"2.4": [0, 0, 0],
						"4.48": [0, 0, 1]
					}
				},
				"blush": {
					"position": {
						"0.0": [0, 0, 0],
						"3.12": [0, 0, -1]
					}
				},
				"legR": {
					"rotation": {
						"2.16": [0, 0, 0],
						"2.52": [30, 0, 0],
						"3.0": [-2.5, 0, 0],
						"3.28": [30, 0, 0],
						"3.64": [2.5, 0, 0]
					}
				},
				"shinR": {
					"rotation": {
						"2.16": [-2.5, 0, 0],
						"2.52": [40, 0, 0],
						"3.0": [2.5, 0, 0],
						"3.28": [42.5, 0, 0],
						"3.64": [-2.5, 0, 0]
					}
				}
			}
		},
		"animation.jn.payment": {
			"animation_length": 9.28,
			"bones": {
				"body": {
					"rotation": {
						"6.32": [0, 0, 0],
						"6.48": [0, -3, 0],
						"6.8": [0, -35, 0],
						"7.04": [0, -35, 0],
						"7.36": [0, -3, 0],
						"7.48": [0, 0, 0]
					},
					"position": {
						"0.0": [0, 0, 0],
						"4.16": [0, 0, 0],
						"4.4": [0, -0.1, 0],
						"4.64": [0, 0, 0]
					}
				},
				"torso": {
					"rotation": [0, 0, 0]
				},
				"head": {
					"rotation": {
						"0.0": [0, 0, 0],
						"0.48": [0, 0, 0],
						"0.64": [0.59, -3.92, 0],
						"0.92": [6.04, -37.65, 0],
						"1.16": [7.5, -42.5, 0],
						"4.2": [7.5, -42.5, 0],
						"4.24": [1.5, -16.3, -6.7],
						"4.4": [0, -14.5, -7.5],
						"6.4": [0, -14.5, -7.5],
						"6.56": [0.88, -10.82, -6.87],
						"6.72": [7.47, 3.07, 2.33],
						"6.84": [8.2, 5.5, 3],
						"7.12": [8.2, 5.5, 3],
						"7.32": [10.22, 3.85, 3.4],
						"7.56": [1.1, 25.6, 0.8],
						"7.88": [0, 33, 0],
						"8.6": [0, 33, 0],
						"8.72": [2, 31.12, 0],
						"9.04": [0.1, 3, 0],
						"9.28": [0, 0, 0]
					}
				},
				"hair": {
					"rotation": {
						"0.0": [0, 0, 0],
						"0.8": [0, 0, 0],
						"0.88": [0, 0, 2.86],
						"1.08": [0, 0, -5],
						"1.28": [0, 0, 0],
						"4.28": [0, 0, 0],
						"4.44": [0, 0, 5],
						"4.48": [0, 0, 3.77],
						"4.64": [0, 0, -1],
						"4.8": [0, 0, 0],
						"6.36": [0, 0, 0],
						"6.52": [0, 0, 0.57],
						"6.72": [0, 0, 5],
						"6.84": [0, 0, 3.13],
						"7.04": [0, 0, -12],
						"7.16": [0, 0, -13],
						"7.52": [0, 0, -15.82],
						"7.84": [0, 0, 0.5],
						"8.08": [0, 0, 0]
					}
				},
				"eyeL": {
					"position": {
						"7.28": [0, 0, 0],
						"7.52": [0, -0.15, 0],
						"8.8": [0, -0.15, 0],
						"8.84": [0, 0, 0],
						"9.28": [0, 0, 0]
					}
				},
				"browL": {
					"rotation": {
						"0.0": [0, 0, 0],
						"0.84": [0, 0, 0],
						"0.92": [0, 0, 17.5],
						"4.24": [0, 0, 17.5],
						"4.28": [0, 0, 10],
						"6.52": [0, 0, 10],
						"7.28": [0, 0, 5],
						"7.52": [0, 0, 5],
						"8.56": [0, 0, 5],
						"9.28": [0, 0, 0]
					},
					"position": {
						"0.0": [0, 0, 0],
						"0.84": [0, 0, 0],
						"0.92": [0.8, 0.3, 0],
						"4.24": [0.8, 0.3, 0],
						"4.28": [0.1, 0.05, 0],
						"6.52": [0.1, 0.05, 0],
						"7.28": [0.25, -0.03, 0],
						"7.52": [0.25, 0.095, 0],
						"8.56": [0.25, 0.095, 0],
						"9.28": [0, 0, 0]
					}
				},
				"closedL": {
					"position": {
						"0.0": [0, 0, 0],
						"2.12": [0, 0, 0],
						"2.16": [0, 0, -1],
						"2.4": [0, 0, -1],
						"2.44": [0, 0, 0],
						"8.52": [0, 0, 0],
						"8.56": [0, 0.15, -1],
						"8.8": [0, 0.15, -1],
						"8.84": [0, 0, 0]
					}
				},
				"openL": {
					"position": {
						"0.0": [0, 0, 0],
						"2.12": [0, 0, 0],
						"2.16": [0, 0, 1],
						"2.4": [0, 0, 1],
						"2.44": [0, 0, 0],
						"8.52": [0, 0, 0],
						"8.56": [0, 0, 1],
						"8.8": [0, 0, 1],
						"8.84": [0, 0, 0]
					}
				},
				"innerEyeL": {
					"position": {
						"0.56": [0, 0, 0],
						"4.24": [0, 0, 0],
						"8.6": [0, 0, 0],
						"9.28": [0, 0, 0]
					},
					"scale": {
						"0.56": [1, 1, 1],
						"4.24": [1, 1, 1],
						"8.6": [1, 1, 1],
						"9.28": [1, 1, 1]
					}
				},
				"irisL": {
					"position": {
						"0.56": [0, 0, 0],
						"0.84": [0.525, -0.025, 0],
						"0.92": [-0.15, 0, 0],
						"2.24": [-0.15, 0, 0],
						"2.28": [-0.3, 0, 0],
						"4.24": [-0.3, 0, 0],
						"8.6": [-0.3, 0, 0],
						"9.28": [0, 0, 0]
					},
					"scale": {
						"0.56": [1, 1, 1],
						"4.24": [1, 1, 1],
						"8.6": [1, 1, 1],
						"9.28": [1, 1, 1]
					}
				},
				"irsisFaceL": {
					"position": {
						"0.56": [0, 0, 0],
						"0.84": [0, 0, 0],
						"0.92": [0, -0.16, 0],
						"2.2": [0, -0.16, 0],
						"2.24": [-0.08, -0.135, 0],
						"4.24": [-0.08, -0.135, 0],
						"4.28": [-0.07, 0.31, 0],
						"6.2": [-0.07, 0.31, 0],
						"6.88": [0.015, 0.125, 0],
						"7.28": [0.03, 0.01, -0.02],
						"7.52": [0.035, 0.31, -0.025],
						"8.56": [0.035, 0.31, -0.025],
						"8.6": [0.035, 0, -0.025],
						"9.28": [0, 0, 0]
					},
					"scale": {
						"0.56": [1, 1, 1],
						"0.84": [1, 1, 1],
						"0.92": [1, 1, 1],
						"4.24": [1, 1, 1],
						"4.28": [1.2, 0.5, 1],
						"6.2": [1.2, 0.5, 1],
						"6.88": [1.2, 0.6, 1],
						"7.28": [0.6, 0.59, 1],
						"7.52": [0.6, 0.39, 1],
						"8.56": [0.6, 0.39, 1],
						"8.6": [1, 0.79, 1],
						"9.28": [1, 1, 1]
					}
				},
				"whiteSpotL": {
					"position": {
						"0.0": [0, 0, 0],
						"0.88": [0, 0, 0],
						"0.92": [-0.075, -0.2, -1],
						"2.2": [-0.075, -0.2, -1],
						"2.24": [-0.17, -0.2, -1],
						"4.24": [-0.17, -0.2, -1],
						"4.28": [-0.17, -0.2, 0]
					}
				},
				"whiteL": {
					"position": {
						"0.56": [0, 0, 0],
						"0.84": [0, 0, 0],
						"0.92": [0, -0.075, 0],
						"4.24": [0, -0.075, 0],
						"4.28": [0, 0.17, 0],
						"6.2": [0, 0.17, 0],
						"6.88": [0, 0.07, 0],
						"7.28": [0, 0, 0],
						"7.52": [0, 0.175, 0],
						"8.56": [0, 0.175, 0],
						"8.6": [0, 0, 0],
						"9.28": [0, 0, 0]
					},
					"scale": {
						"0.56": [1, 1, 1],
						"0.84": [1, 1, 1],
						"0.92": [1, 1.3, 1],
						"4.24": [1, 1.3, 1],
						"4.28": [1, 0.5, 1],
						"6.2": [1, 0.5, 1],
						"6.88": [1, 0.8, 1],
						"7.28": [1, 1, 1],
						"7.52": [1, 0.5, 1],
						"8.56": [1, 0.5, 1],
						"8.6": [1, 1, 1],
						"9.28": [1, 1, 1]
					}
				},
				"browR": {
					"rotation": {
						"0.0": [0, 0, 0],
						"0.84": [0, 0, 0],
						"0.92": [0, 0, -27.5],
						"4.24": [0, 0, -27.5],
						"4.28": [0, 0, -10],
						"6.52": [0, 0, -10],
						"7.28": [0, 0, -2.5],
						"7.52": [0, 0, -7.5],
						"8.56": [0, 0, -7.5],
						"9.28": [0, 0, 0]
					},
					"position": {
						"0.0": [0, 0, 0],
						"0.84": [0, 0, 0],
						"0.92": [-0.2, 0.3, 0],
						"4.24": [-0.2, 0.3, 0],
						"4.28": [-0.2, 0.05, 0],
						"7.28": [-0.2, 0.05, 0],
						"7.52": [-0.35, 0.225, 0],
						"8.56": [-0.35, 0.225, 0],
						"9.28": [0, 0, 0]
					}
				},
				"closedR": {
					"position": {
						"0.0": [0, 0, 0],
						"2.12": [0, 0, 0],
						"2.16": [0, 0, -1],
						"2.4": [0, 0, -1],
						"2.44": [0, 0, 0],
						"4.28": [0, 0, 0],
						"4.32": [0, 0, -1],
						"4.56": [0, 0, -1],
						"4.6": [0, 0, 0],
						"8.52": [0, 0, 0],
						"8.56": [0, 0, -1],
						"8.8": [0, 0, -1],
						"8.84": [0, 0, 0]
					}
				},
				"openR": {
					"position": {
						"0.0": [0, 0, 0],
						"2.12": [0, 0, 0],
						"2.16": [0, 0, 1],
						"2.4": [0, 0, 1],
						"2.44": [0, 0, 0],
						"4.28": [0, 0, 0],
						"4.32": [0, 0, 1],
						"4.56": [0, 0, 1],
						"4.6": [0, 0, 0],
						"8.52": [0, 0, 0],
						"8.56": [0, 0, 1],
						"8.8": [0, 0, 1],
						"8.84": [0, 0, 0]
					}
				},
				"innerEyeR": {
					"position": [0, 0, 0],
					"scale": 1
				},
				"irisR": {
					"position": {
						"0.56": [0, 0, 0],
						"0.84": [0.44, -0.025, 0],
						"0.92": [0.265, 0, 0],
						"2.24": [0.265, 0, 0],
						"2.28": [-0.13, 0, 0],
						"4.24": [-0.13, 0, 0],
						"8.6": [-0.13, 0, 0],
						"9.28": [0, 0, 0]
					},
					"scale": {
						"0.56": [1, 1, 1],
						"0.84": [0.9, 1, 1],
						"4.24": [0.9, 1, 1],
						"8.6": [0.9, 1, 1],
						"9.28": [1, 1, 1]
					}
				},
				"irsisFaceR": {
					"position": {
						"0.56": [0, 0, 0],
						"0.84": [0, 0, 0],
						"0.92": [-0.175, -0.16, 0],
						"2.2": [-0.175, -0.16, 0],
						"2.24": [-0.17, -0.135, 0],
						"4.24": [-0.17, -0.135, 0],
						"4.28": [-0.145, 0.31, 0],
						"6.2": [-0.15, 0.31, 0],
						"6.88": [0.2, 0.125, 0],
						"7.28": [-0.14, 0.015, 0],
						"7.52": [-0.33, 0.145, 0],
						"8.56": [-0.33, 0.145, 0],
						"8.6": [0.425, 0, 0],
						"9.28": [0, 0, 0]
					},
					"scale": {
						"0.56": [1, 1, 1],
						"0.84": [1, 1, 1],
						"0.92": [1, 1, 1],
						"4.24": [1, 1, 1],
						"4.28": [1.2, 0.5, 1],
						"6.2": [1.2, 0.5, 1],
						"6.88": [1.2, 0.6, 1],
						"7.52": [1, 0.5, 1],
						"8.56": [1, 0.5, 1],
						"8.6": [1, 0.79, 1],
						"9.28": [1, 1, 1]
					}
				},
				"whiteSpotR": {
					"position": {
						"0.0": [0, 0, 0],
						"0.88": [0, 0, 0],
						"0.92": [0.005, -0.2, -1],
						"2.2": [0.005, -0.2, -1],
						"2.24": [-0.2, -0.2, -1],
						"4.24": [-0.2, -0.2, -1],
						"4.28": [-0.2, -0.2, 0]
					}
				},
				"whiteR": {
					"position": {
						"0.56": [0, 0, 0],
						"0.84": [0, 0, 0],
						"0.92": [0, -0.075, 0],
						"4.24": [0, -0.075, 0],
						"4.28": [0, 0.17, 0],
						"6.2": [0, 0.17, 0],
						"6.88": [0, 0.07, 0],
						"7.28": [0, 0, 0],
						"7.52": [0, 0.1, 0],
						"8.56": [0, 0.1, 0],
						"8.6": [0, 0, 0],
						"9.28": [0, 0, 0]
					},
					"scale": {
						"0.56": [1, 1, 1],
						"0.84": [1, 1, 1],
						"0.92": [1, 1.3, 1],
						"4.24": [1, 1.3, 1],
						"4.28": [1, 0.5, 1],
						"6.2": [1, 0.5, 1],
						"6.88": [1, 0.8, 1],
						"7.28": [1, 1, 1],
						"7.52": [1, 0.9, 1],
						"8.56": [1, 0.9, 1],
						"8.6": [1, 1, 1],
						"9.28": [1, 1, 1]
					}
				},
				"wideSmugSmile2": {
					"position": {
						"0.0": [0, 0, 0],
						"4.24": [0, 0, 0],
						"4.28": [0, 0, -1],
						"6.24": [0, 0, -1],
						"6.28": [0.15, 0, -1],
						"8.6": [0.15, 0, -1],
						"8.64": [0, 0, 0]
					},
					"scale": {
						"3.88": [0.35, 0.6, 1],
						"4.0": [0.45, 0.6, 1],
						"4.44": [1.1167, 0.9407, 1],
						"4.8": [1.2136, 0.9838, 1],
						"5.0": [1.25, 1, 1],
						"6.24": [1.25, 1, 1],
						"6.28": [0.35, 0.6, 1]
					}
				},
				"smugSmile2": {
					"position": {
						"0.0": [0, 0, 0],
						"0.84": [0, 0, 0],
						"0.88": [0, 0, 1],
						"8.6": [0, 0, 1],
						"8.64": [0, 0, 0]
					}
				},
				"tongueSmile2": {
					"position": [0, 0, 0]
				},
				"suprisedPikatchu": {
					"position": {
						"0.0": [0, 0, 0],
						"0.84": [0, 0, 0],
						"0.88": [0, 0, -1],
						"4.24": [0, 0, -1],
						"4.28": [0, 0, 0]
					}
				},
				"boobs": {
					"rotation": {
						"0.0": [0, 0, 0],
						"3.2": [-2.5, 0, 0],
						"4.16": [-2.3, 0, 0],
						"4.28": [-2.4, 0, 0],
						"4.36": [-2.24, 0, 0],
						"4.48": [0.6, 0, 0],
						"4.88": [0, 0, 0],
						"6.32": [0, 0, 0],
						"6.96": [0, -10, 0],
						"7.28": [0, 10, 0],
						"7.48": [0, 0, 0]
					}
				},
				"armR": {
					"rotation": {
						"0.0": [7, 0, -8.5],
						"3.08": [-0.5, 0, -8.5],
						"4.24": [-0.27, 0, -8.5],
						"4.64": [-0.27, 0, -8.5],
						"6.32": [6.49, 0, -8.5],
						"6.44": [1.82, -1.65, -6],
						"6.72": [-69.72, -20.91, 23.25],
						"6.84": [-79.1, -22.5, 26.5],
						"7.0": [-80.5, -22.5, 26.5],
						"7.12": [-75.99, -20.62, 24.42],
						"7.36": [-30.8, 26.55, -0.65],
						"7.68": [-26.01, 32.5, -8.5],
						"8.6": [-26.01, 32.5, -8.5],
						"8.72": [-22.83, 29.59, -8.5],
						"8.92": [4.82, 2.91, -8.5],
						"9.04": [8, 0, -8.5]
					}
				},
				"lowerArmR": {
					"rotation": {
						"0.0": [0, 0, 0],
						"6.2": [0, 0, 0],
						"6.4": [-7.68, 0, 0],
						"6.56": [-68.36, 0, 0],
						"6.8": [-48.84, 0, 0],
						"6.96": [-47.54, 0, 0],
						"7.12": [-51.03, 0, 0],
						"7.32": [-80.02, 0, 0],
						"7.8": [-85, 0, 0],
						"8.6": [-85, 0, 0],
						"9.28": [0, 0, 0]
					},
					"scale": 1
				},
				"armL": {
					"rotation": {
						"0.0": [0, 0, 7],
						"4.2": [1, 0, 7],
						"4.24": [-37.54, 0, 3.67],
						"4.32": [-39.3, 0, 2.74],
						"6.2": [-39.3, 0, 2.74],
						"6.8": [17.2, -25, 8.74],
						"8.6": [17.2, -25, 8.74],
						"9.28": [0, 0, 7]
					},
					"position": {
						"4.2": [0, 0, 0],
						"4.24": [0, 0.6, 0],
						"4.28": [0, 0.5, 0],
						"4.4": [0, 0, 0]
					}
				},
				"lowerArmL": {
					"rotation": {
						"0.0": [0, 0, 0],
						"4.2": [0, 0, 0],
						"4.24": [-128.75, 0, 0],
						"4.28": [-138, 0, 0],
						"6.2": [-138, 0, 0],
						"6.32": [-116.86, 0, 0],
						"6.8": [-2.5, 0, 0],
						"8.6": [-2.5, 0, 0],
						"9.28": [0, 0, 0]
					}
				},
				"cheekL": {
					"rotation": [0, 0, 0]
				},
				"legR": {
					"rotation": [0, 0, 0]
				},
				"shinR": {
					"rotation": [0, 0, 0]
				},
				"legL": {
					"rotation": [0, 0, 0]
				},
				"shinL": {
					"rotation": [0, 0, 0]
				},
				"cock": {
					"position": [0, -64, 0]
				},
				"RightArm": {
					"rotation": {
						"0.0": [0, 0, 0],
						"0.52": [-90, 0, 0],
						"7.12": [-90, 0, 0],
						"7.64": [0, 0, 0]
					}
				},
				"items": {
					"rotation": {
						"0.0": [0, 17.5, 0],
						"0.52": [0, 130, 0],
						"7.0": [0, 130, 0],
						"7.12": [-8.37, 125.26, 63.44],
						"7.2": [6.47, 149.19, 59.49],
						"7.28": [20.63, 129.04, 39.69],
						"7.36": [11.65, 164.54, 31.49],
						"7.44": [20.86, 192.99, 28.63],
						"7.56": [20.86, 192.99, 28.63],
						"7.68": [22, 195.25, 28]
					},
					"position": {
						"0.0": [11.225, "-8.825+200", -18.85],
						"0.52": [9.83, "0.595+200", -11.425],
						"7.0": [9.83, "0.595+200", -11.425],
						"7.12": [9.78, "0.595+200", -12.76],
						"7.2": [6.7, "0.595+200", -13.465],
						"7.28": [1.81, "0.595+200", -13.89],
						"7.36": [-3.675, "0.595+200", -11.515],
						"7.44": [-4.64, "0.595+200", -10.345],
						"7.56": [-4.63, "0.595+200", -10.05],
						"7.68": [-4.62, "0.595+200", -10.075],
						"8.2": [-4.62, "0.595+200", -10.07],
						"8.24": [-4.62, "0.595-200", -10.07]
					}
				}
			}
		},
		"animation.jn.playermovearm": {
			"animation_length": 7.64,
			"bones": {
				"RightArm": {
					"rotation": {
						"0.0": [0, 0, 0],
						"0.52": [-90, 0, 0],
						"7.12": [-90, 0, 0],
						"7.64": [0, 0, 0]
					}
				}
			}
		},
		"animation.jn.blowjob": {
			"loop": true,
			"animation_length": 18,
			"bones": {
				"upperBody": {
					"rotation": {
						"0.0": [0, 0, 0],
						"0.84": [0, 0, 7.5],
						"1.04": [0, 0, 2.5],
						"1.28": [0, 0, 7.5],
						"1.52": [0, 0, 0],
						"1.72": [0, 0, 5],
						"2.0": [0, 0, 0],
						"2.28": [0, 0, 12.5],
						"2.48": [0, 0, 2.5],
						"2.76": [0, 0, 12.5],
						"3.04": [0, 0, 0]
					}
				},
				"bra": {
					"rotation": {
						"0.0": [-2.5, 0, 0],
						"0.48": [2.21, 0, 0],
						"0.68": [-10, 0, 0],
						"2.88": [-3.69, 0, 0],
						"3.04": [7.5, 0, 0],
						"6.56": [7.64, 0, 0],
						"6.6": [-5, 0, 0],
						"6.76": [7.5, 0, 0],
						"6.92": [-5, 0, 0],
						"7.04": [7.5, 0, 0],
						"7.2": [-5, 0, 0],
						"7.36": [7.5, 0, 0],
						"7.52": [-5, 0, 0],
						"7.68": [7.5, 0, 0],
						"7.84": [-5, 0, 0],
						"15.96": [-2.5, 0, 0]
					}
				},
				"armR": {
					"rotation": {
						"0.0": [3.84392, 2.23517, 6.302],
						"0.6": [-18.9844, -67.28872, 4.4794],
						"2.76": [-23.91722, -61.04737, 14.84631],
						"3.32": [-0.32227, 5.6939, 1.08913],
						"3.72": [3.91291, -4.15211, 140.96326],
						"3.92": [4.9543, -2.82822, 123.98278],
						"4.12": [4.22634, -3.83258, 136.46369],
						"4.32": [5.44742, -1.69064, 111.52472],
						"4.56": [4.05533, -4.01313, 138.96302],
						"4.8": [5.44742, -1.69064, 111.52472],
						"5.04": [4.22634, -3.83258, 136.46369],
						"5.28": [5.65742, -0.72063, 101.56955],
						"5.56": [4.05533, -4.01313, 138.96302],
						"5.72": [5.44742, -1.69064, 111.52472],
						"5.92": [3.87654, -4.18607, 141.46343],
						"6.24": [0.47592, 5.68316, 9.12878],
						"6.44": [3.87654, -4.18607, 141.46343],
						"7.76": [3.65858, -2.16687, 137.26417],
						"8.0": [0.22675, 5.69849, 6.61644],
						"8.16": [-57.18376, -13.0564, -1.88907],
						"10.0": [-1.94716, -2.91539, 8.02603],
						"11.12": [0.94078, 0.83516, 8.11592],
						"11.6": [-61.56405, -4.95713, 36.73276],
						"12.32": [-49.06405, -4.95713, 36.73276],
						"13.84": [-0.9969, -1.93249, 10.12167],
						"14.64": [1.03482, -0.11674, 7.56706]
					},
					"position": {
						"3.32": [1, 0, 0],
						"3.72": [1, -1, 0],
						"6.24": [1, 0, 0],
						"6.44": [1, -1, 0],
						"7.76": [1, -1.15, 0],
						"8.0": [1, 0, 0]
					}
				},
				"lowerArmR": {
					"rotation": {
						"0.0": [-2.5, 0, 0],
						"0.6": [-77.5, 0, 0],
						"2.76": [-87.94, 0, 0],
						"3.32": [-2.5, 0, 0],
						"6.56": [0.62, 0, 0],
						"6.92": [-21.26, 0, 0],
						"7.04": [1.18, 0, 0],
						"7.2": [-19.2, 0, 0],
						"7.36": [4.86, 0, 0],
						"7.52": [-16.79, 0, 0],
						"7.68": [-0.44, 0, 0],
						"7.84": [-20.75, 0, 0],
						"7.92": [-0.91, 0, 0],
						"7.96": [0.08, 0, 0],
						"8.16": [-85, 0, 0],
						"10.0": [-2.5, 0, 0],
						"11.12": [-1, 0, 0],
						"11.6": [-107.5, 0, 0],
						"12.32": [-57.5, 0, 0],
						"13.84": [-2.33, 0, 0],
						"14.64": [0, 0, 0]
					}
				},
				"armL": {
					"rotation": {
						"0.0": [0, 0, -2.5],
						"0.04": [-266.46111, 88.78026, -268.46519],
						"0.08": [-180.1506, 2.43483, -181.50977],
						"0.16": [-183.18472, 4.96724, -183.30261],
						"0.28": [-163.09062, 19.29942, -185.00711],
						"0.68": [-360, 82.5, -495],
						"0.84": [-380, 82.5, -495],
						"1.04": [-360, 82.5, -495],
						"1.28": [-377.5, 82.5, -495],
						"1.52": [-355, 82.5, -495],
						"1.72": [-372.5, 82.5, -495],
						"2.0": [-355, 82.5, -495],
						"2.28": [-377.5, 82.5, -495],
						"2.48": [-365, 82.5, -495],
						"2.76": [-382.5, 82.5, -495],
						"3.32": [-537.49098, 0.29089, -541.9774],
						"3.72": [-542.10946, 1.38953, -682.00935],
						"3.92": [-541.41726, 2.09093, -659.50963],
						"4.12": [-541.98038, 1.56806, -677.01087],
						"4.36": [-540.82761, 2.38646, -644.501],
						"4.6": [-541.98038, 1.56806, -677.01087],
						"4.84": [-540.72268, 2.42028, -641.99903],
						"5.08": [-541.98038, 1.56806, -677.01087],
						"5.28": [-541.13215, 2.25801, -652.00608],
						"5.52": [-542.10946, 1.38953, -682.00935],
						"5.72": [-540.93097, 2.34809, -647.00284],
						"5.92": [-542.16803, 1.29622, -684.50829],
						"6.24": [-537.55036, 0.6158, -549.4706],
						"6.44": [-541.98038, 1.56806, -677.01087],
						"7.76": [-541.17861, 1.50393, -674.5046],
						"8.0": [-537.52585, 0.50839, -546.97279],
						"15.96": [-537.49099, 0.29089, -541.9774]
					},
					"position": {
						"0.0": [0, 0, 0],
						"0.68": [-1, -1, 0],
						"3.32": [0, 0, 0],
						"3.72": [-1, -1, 0],
						"6.24": [-1, 0, 0],
						"6.44": [-1, -1, 0],
						"7.76": [-1, -1.15, 0],
						"8.0": [-1, 0, 0],
						"15.96": [0, 0, 0]
					}
				},
				"lowerArmL": {
					"rotation": {
						"0.0": [0, 0, 0],
						"0.68": [22.5, 0, 0],
						"0.84": [10, 0, 0],
						"1.04": [25, 0, 0],
						"1.28": [7.5, 0, 0],
						"1.52": [30, 0, 0],
						"1.72": [10, 0, 0],
						"2.0": [32.5, 0, 0],
						"2.28": [12.5, 0, 0],
						"2.48": [30, 0, 0],
						"2.76": [15, 0, 0],
						"3.32": [2.5, 0, 0],
						"6.56": [0.5, 0, 0],
						"6.92": [22.5, 0, 0],
						"7.04": [2.5, 0, 0],
						"7.2": [22.5, 0, 0],
						"7.36": [2.5, 0, 0],
						"7.52": [22.5, 0, 0],
						"7.68": [0, 0, 0],
						"7.84": [20, 0, 0],
						"7.96": [0, 0, 0]
					}
				},
				"head": {
					"rotation": {
						"0.0": [0, 0, 0],
						"0.36": [0, 0, -0.94],
						"0.64": [0, 0, -15],
						"3.32": [0, 0, 0],
						"11.16": [0, 0, 0],
						"11.44": [0, 0, 0],
						"12.32": [-45, 0, 0],
						"15.96": [0, 0, 0]
					}
				},
				"wideSmugSmile2": {
					"position": {
						"0.44": [0, 0, 0],
						"0.48": [0, 0, 1],
						"8.0": [0, 0, 1],
						"9.6": [0, 0, 0],
						"11.12": [0, 0, -0.03],
						"11.16": [0, 0, 1],
						"14.0": [0, 0, 0],
						"14.72": [0, 0, -0.05],
						"14.76": [0, 0, 1]
					}
				},
				"tongueSmile3": {
					"position": {
						"0.44": [0, 0, 0],
						"0.48": [0, 0, -1],
						"3.56": [0, 0, -1.01],
						"3.6": [0, 0, 0],
						"6.56": [0, 0, 0],
						"6.6": [0, 0, -1.03],
						"7.92": [0, 0, -1],
						"7.96": [0, 0, 0],
						"11.16": [0, 0, -1],
						"11.6": [0, 0, 0],
						"14.76": [0, 0, -1]
					}
				},
				"zipper": {
					"position": {
						"0.44": [0, 0, 0],
						"0.48": [0, 0, 1],
						"9.56": [0, 0, 1],
						"9.6": [0, 0, 0],
						"11.16": [0, 0, 1],
						"14.0": [0, 0, 0],
						"14.72": [0, 0, -0.05],
						"14.76": [0, 0, 1]
					}
				},
				"body": {
					"rotation": {
						"0.0": [0, 0, 0],
						"10.64": [2.5, 0, 0],
						"11.16": [17.5, 0, 0],
						"15.96": [0, 0, 0]
					},
					"position": {
						"0.0": [0, 0, 4],
						"6.56": [0, -0.02, 4],
						"6.6": [0, 3, 0],
						"6.76": [0, 0, 0],
						"6.92": [0, 3, 0],
						"7.04": [0, 0, 0],
						"7.2": [0, 3, 0],
						"7.36": [0, 0, 0],
						"7.52": [0, 2, 0],
						"7.68": [0, 0, 0],
						"7.84": [0, 2, 0],
						"7.96": [0, 0, 0],
						"8.0": [0, 0, 4],
						"10.64": [0, 0.27, 4],
						"11.16": [0, -3, 11],
						"15.56": [0, -2.17, 7],
						"15.96": [0, 0, 4]
					}
				},
				"closedR": {
					"position": {
						"3.12": [0, 0, 0],
						"3.16": [0, 0, -1],
						"3.36": [0, 0, -1.17],
						"3.4": [0, 0, 0],
						"8.2": [0, 0, 0.01],
						"8.24": [0, 0, -1],
						"8.52": [0, 0, -1.13],
						"8.56": [0, 0, 0],
						"17.56": [0, 0, 0],
						"17.6": [0, 0, -1],
						"17.96": [0, 0, -1.1],
						"18.0": [0, 0, 0]
					}
				},
				"openR": {
					"position": {
						"3.12": [0, 0, 0],
						"3.16": [0, 0, 1],
						"3.4": [0, 0, 0],
						"8.2": [0, 0, -0.01],
						"8.24": [0, 0, 1],
						"8.56": [0, 0, 0],
						"17.56": [0, 0, 0],
						"17.6": [0, 0, 1],
						"18.0": [0, 0, 0]
					}
				},
				"closedL": {
					"position": {
						"3.12": [0, 0, 0],
						"3.16": [0, 0, -1],
						"3.36": [0, 0, -1.17],
						"3.4": [0, 0, 0],
						"8.2": [0, 0, 0.01],
						"8.24": [0, 0, -1],
						"8.52": [0, 0, -1.13],
						"8.56": [0, 0, 0],
						"11.16": [0, 0, -1],
						"12.6": [0, 0, -1.03],
						"12.64": [0, 0, 0],
						"14.76": [0, 0, -1],
						"15.2": [0, 0, -1.08],
						"15.24": [0, 0, -1],
						"15.28": [0, 0, -1.64],
						"15.32": [0, 0, -1.29],
						"15.52": [0, 0, -1],
						"15.6": [0, 0, 0],
						"17.6": [0, 0, -1],
						"17.96": [0, 0, -1.1],
						"18.0": [0, 0, 0]
					}
				},
				"openL": {
					"position": {
						"3.12": [0, 0, 0],
						"3.16": [0, 0, 1],
						"3.4": [0, 0, 0],
						"8.2": [0, 0, -0.01],
						"8.24": [0, 0, 1],
						"8.56": [0, 0, 0],
						"11.12": [0, 0, -0.02],
						"11.16": [0, 0, 1],
						"12.64": [0, 0, 0],
						"14.72": [0, 0, -0.02],
						"14.76": [0, 0, 1],
						"15.56": [0, 0, 0],
						"17.56": [0, 0, -0.02],
						"17.6": [0, 0, 1],
						"18.0": [0, 0, 0]
					}
				},
				"smugSmile2": {
					"position": {
						"3.6": [0, 0, 0],
						"6.56": [0, 0, 0]
					}
				},
				"cum": {
					"position": {
						"3.6": [0, 0, 0],
						"5.84": [0, 0, -0.75],
						"5.88": [0, 0, -1.78],
						"6.48": [0, 0, -1.11],
						"6.52": [0, 0, 0],
						"6.56": [0, 0, 0],
						"9.56": [0, 0, 0]
					}
				},
				"mouthThingDown": {
					"position": {
						"3.6": [0, 0, 0],
						"5.84": [0, 0, 0],
						"9.56": [0, 0, 0]
					}
				},
				"tongueSmile2": {
					"position": {
						"3.56": [0, 0, 0],
						"3.6": [0, 0, 0],
						"6.56": [0, 0, -1],
						"8.0": [0, 0, 0],
						"11.16": [0, 0, 0]
					}
				},
				"down": {
					"position": {
						"3.6": [0, 0, 0],
						"8.0": [0, 0, -1],
						"9.56": [0, 0, -1.02],
						"9.6": [0, 0, 0]
					}
				},
				"suprisedPikatchu": {
					"position": {
						"3.56": [0, 0, 0],
						"3.6": [0, 0, -1],
						"5.84": [0, 0, -1.24],
						"5.88": [0, 0, -0.17],
						"6.56": [0, 0, 0],
						"11.6": [0, 0, -1],
						"13.96": [0, 0, -1.02],
						"14.0": [0, 0, 0]
					}
				},
				"blush": {
					"position": {
						"7.96": [0, 0, 0],
						"8.0": [0, 0, -1]
					}
				},
				"shinR": {
					"rotation": {
						"6.56": [0, 0, 0],
						"6.6": [25, 0, 0],
						"6.76": [0, 0, 0],
						"6.92": [27.5, 0, 0],
						"7.04": [2.5, 0, 0],
						"7.2": [27.5, 0, 0],
						"7.36": [2.5, 0, 0],
						"7.52": [27.5, 0, 0],
						"7.64": [2.5, 0, 0],
						"7.84": [27.5, 0, 0],
						"8.0": [2.5, 0, 0],
						"10.64": [-1.61, 0, 0],
						"11.16": [50, 0, 0],
						"15.56": [59.17, 0, 0],
						"15.96": [0, 0, 0]
					}
				},
				"shinL": {
					"rotation": {
						"6.56": [0, 0, 0],
						"6.6": [25, 0, 0],
						"6.76": [-2.5, 0, 0],
						"6.92": [22.5, 0, 0],
						"7.04": [0, 0, 0],
						"7.2": [25, 0, 0],
						"7.36": [0, 0, 0],
						"7.52": [25, 0, 0],
						"7.64": [2.5, 0, 0],
						"7.84": [27.5, 0, 0],
						"8.0": [2.5, 0, 0],
						"10.64": [-1.52, 0, 0],
						"11.16": [72.5, 0, 0],
						"15.56": [63.75, 0, 0],
						"15.96": [-2.5, 0, 0]
					}
				},
				"steve": {
					"position": [0, -171, 0]
				},
				"heart": {
					"position": {
						"12.16": [-1, -1, 0],
						"12.32": [0, -1, -5],
						"12.6": [-0.1, -1, -3.9],
						"12.72": [-3, -1, -12],
						"13.68": [-3, -2, -12]
					},
					"scale": {
						"12.32": [0.1, 0.1, 1],
						"12.6": [1, 1, 1],
						"13.76": [0, 0, 1]
					}
				},
				"browL": {
					"rotation": {
						"11.12": [0, 0, 0],
						"11.16": [0, 0, 30],
						"13.76": [0, 0, 0]
					}
				},
				"legR": {
					"rotation": {
						"10.64": [0, 0, 0],
						"11.16": [7.5, 0, 0],
						"15.96": [0, 0, 0]
					}
				},
				"legL": {
					"rotation": {
						"10.64": [0, 0, 0],
						"11.16": [-95.40961, -22.40972, 2.06754],
						"15.56": [-65.94438, -19.17776, 3.30316],
						"15.96": [-0.02838, 0.01441, 0.65305]
					}
				}
			}
		},
		"animation.jn.movearmsplayer": {
			"animation_length": 95.2,
			"bones": {
				"RightArm": {
					"rotation": {
						"8.16": [0, 0, 0],
						"11.16": [0, 0, 0],
						"11.88": [-128.5, 21, 0],
						"12.24": [-115.5, 9.5, 0],
						"14.84": [-115.5, 9.5, 0],
						"15.12": [-113.5, 9.5, 0],
						"15.64": [-159, 9.5, 0],
						"16.16": [-159, 9.5, 0],
						"16.36": [-21, 0.1, 0],
						"16.4": [7, -0.5, 0],
						"16.68": [0, 0, 0]
					},
					"position": {
						"11.16": [0, 0, 0],
						"11.88": [0, 0, -2.5],
						"16.16": [0, 0, -2.5],
						"16.48": [0, 0, 0]
					}
				},
				"LeftArm": {
					"rotation": {
						"8.16": [0, 0, 0],
						"11.16": [0, 0, 0],
						"11.88": [-129.5, 0.5, 0],
						"12.24": [-115.5, 9.5, 0],
						"14.84": [-115.5, 9.5, 0],
						"15.12": [-113.5, 9.3, 0],
						"15.64": [-159, 10.8, 0],
						"16.16": [-159, 10.8, 0],
						"16.36": [-21, -0.9, 0],
						"16.4": [6, -1.3, 0],
						"16.56": [-1, 0, 0],
						"16.68": [0, 0, 0]
					},
					"position": {
						"11.16": [0, 0, 0],
						"12.24": [0, 0, -2.5],
						"16.16": [0, 0, -2.5],
						"16.48": [0, 0, 0]
					}
				}
			}
		},
		"animation.jn.in_bed": {
			"loop": true,
			"animation_length": 1,
			"bones": {
				"body": {
					"rotation": [0, 180, 0],
					"position": [0, 0, -10]
				},
				"armR": {
					"rotation": {
						"0.0": [-33.7248, -87.22276, 56.2752],
						"0.48": [-38.96103, -87.22276, 56.2752],
						"1.0": [-33.96103, -87.22276, 56.2752]
					}
				},
				"lowerArmR": {
					"rotation": [-75, 0, 0]
				},
				"armL": {
					"rotation": {
						"0.0": [-105.33542, 81.23529, -127.68393],
						"0.48": [-110.14948, 81.23529, -127.68393],
						"1.0": [-105.14948, 81.23529, -127.68393]
					}
				},
				"lowerArmL": {
					"rotation": [-77.5, 0, 0]
				},
				"closedR": {
					"position": {
						"0.76": [0, 0, 0],
						"0.8": [0, 0, -1]
					}
				},
				"openR": {
					"position": {
						"0.76": [0, 0, 0],
						"0.8": [0, 0, 1]
					},
					"scale": [1, 0.6, 1]
				},
				"closedL": {
					"position": {
						"0.76": [0, 0, 0],
						"0.8": [0, 0, -1]
					}
				},
				"openL": {
					"position": {
						"0.76": [0, 0, 0],
						"0.8": [0, 0, 1]
					},
					"scale": [1, 0.6, 1]
				},
				"wideSmugSmile2": {
					"position": [0, 0, 1]
				},
				"tongueSmile3": {
					"position": [0, 0, -1]
				},
				"zipper": {
					"position": [0, 0, 1]
				},
				"blush": {
					"position": [0, 0, -1]
				},
				"steve": {
					"position": [0, -126, 0]
				}
			}
		}
	}
}