{
  "format_version": "1.12.0",
  "minecraft:geometry": [
    {
      "description": {
        "identifier": "geometry.seb_bathtub_skibidi_toilet",
        "texture_width": 64,
        "texture_height": 64,
        "visible_bounds_width": 5,
        "visible_bounds_height": 10.5,
        "visible_bounds_offset": [
          0,
          4.75,
          0
        ]
      },
      "bones": [
        {
          "name": "Model",
          "pivot": [
            7,
            1,
            -2
          ],
          "rotation": [
            0,
            -90,
            0
          ],
          "cubes": [
            {
              "origin": [
                -16,
                0,
                -2
              ],
              "size": [
                49,
                1,
                21
              ],
              "uv": [
                7,
                36
              ]
            }
          ]
        },
        {
          "name": "bone",
          "parent": "Model",
          "pivot": [
            0,
            0,
            0
          ],
          "cubes": [
            {
              "origin": [
                -16,
                1,
                17
              ],
              "size": [
                49,
                11,
                2
              ],
              "uv": [
                0,
                32
              ]
            }
          ]
        },
        {
          "name": "bone2",
          "parent": "Model",
          "pivot": [
            0,
            0,
            -19
          ],
          "cubes": [
            {
              "origin": [
                -16,
                1,
                -2
              ],
              "size": [
                49,
                11,
                2
              ],
              "uv": [
                0,
                32
              ]
            },
            {
              "origin": [
                -16,
                1,
                0
              ],
              "size": [
                2,
                11,
                17
              ],
              "uv": [
                -15,
                17
              ]
            },
            {
              "origin": [
                31,
                1,
                0
              ],
              "size": [
                2,
                11,
                17
              ],
              "uv": [
                -15,
                17
              ]
            }
          ]
        },
        {
          "name": "Model2",
          "pivot": [
            0,
            25,
            0
          ],
          "cubes": [
            {
              "origin": [
                -4,
                -2,
                11
              ],
              "size": [
                4,
                11,
                4
              ],
              "pivot": [
                0,
                25,
                0
              ],
              "rotation": [
                10,
                0,
                0
              ],
              "uv": [
                48,
                55
              ]
            },
            {
              "origin": [
                -4,
                1,
                -1
              ],
              "size": [
                4,
                13,
                4
              ],
              "pivot": [
                0,
                25,
                0
              ],
              "rotation": [
                10,
                0,
                0
              ],
              "uv": [
                48,
                55
              ]
            },
            {
              "origin": [
                -4,
                3,
                -15
              ],
              "size": [
                4,
                11,
                4
              ],
              "pivot": [
                0,
                25,
                0
              ],
              "rotation": [
                10,
                0,
                0
              ],
              "uv": [
                48,
                55
              ]
            },
            {
              "origin": [
                -6,
                11,
                10
              ],
              "size": [
                8,
                8,
                8
              ],
              "pivot": [
                0,
                -12,
                0
              ],
              "rotation": [
                -5,
                0,
                0
              ],
              "uv": [
                0,
                0
              ]
            },
            {
              "origin": [
                -6,
                11,
                -2
              ],
              "size": [
                8,
                8,
                8
              ],
              "pivot": [
                0,
                -12,
                0
              ],
              "rotation": [
                -5,
                0,
                0
              ],
              "uv": [
                0,
                0
              ]
            }
          ]
        },
        {
          "name": "Head",
          "pivot": [
            -2,
            10,
            -11
          ],
          "cubes": [
            {
              "origin": [
                -6,
                10,
                -17
              ],
              "size": [
                8,
                8,
                8
              ],
              "pivot": [
                0,
                -12,
                0
              ],
              "rotation": [
                -5,
                0,
                0
              ],
              "uv": [
                0,
                0
              ]
            }
          ]
        }
      ]
    }
  ]
}