{
  "format_version": "1.12.0",
  "minecraft:geometry": [
    {
      "description": {
        "identifier": "geometry.seb_long_skibidi",
        "texture_width": 64,
        "texture_height": 64,
        "visible_bounds_width": 4,
        "visible_bounds_height": 10.5,
        "visible_bounds_offset": [
          0,
          4.75,
          0
        ]
      },
      "bones": [
        {
          "name": "Head",
          "pivot": [
            0,
            51,
            -2
          ],
          "cubes": [
            {
              "origin": [
                -4,
                51,
                -8
              ],
              "size": [
                8,
                8,
                8
              ],
              "pivot": [
                0,
                33,
                0
              ],
              "rotation": [
                -5,
                0,
                0
              ],
              "uv": [
                0,
                0
              ]
            },
            {
              "origin": [
                2,
                54,
                1
              ],
              "size": [
                1,
                2,
                8
              ],
              "pivot": [
                7,
                33,
                -2
              ],
              "rotation": [
                0,
                -90,
                0
              ],
              "uv": [
                45,
                49
              ]
            }
          ]
        },
        {
          "name": "Model2",
          "pivot": [
            0,
            57,
            0
          ],
          "cubes": [
            {
              "origin": [
                -32,
                51,
                7
              ],
              "size": [
                18,
                2,
                2
              ],
              "pivot": [
                0,
                32,
                0
              ],
              "rotation": [
                0,
                0,
                27.5
              ],
              "uv": [
                0,
                60
              ]
            },
            {
              "origin": [
                -32,
                51,
                5
              ],
              "size": [
                2,
                2,
                2
              ],
              "pivot": [
                0,
                32,
                0
              ],
              "rotation": [
                0,
                0,
                27.5
              ],
              "uv": [
                18,
                36
              ]
            },
            {
              "origin": [
                10,
                51,
                5
              ],
              "size": [
                2,
                2,
                2
              ],
              "pivot": [
                0,
                32,
                0
              ],
              "rotation": [
                0,
                0,
                27.5
              ],
              "uv": [
                18,
                36
              ]
            },
            {
              "origin": [
                -31.5,
                51.5,
                -2
              ],
              "size": [
                1,
                1,
                7
              ],
              "pivot": [
                0,
                32,
                0
              ],
              "rotation": [
                0,
                0,
                27.5
              ],
              "uv": [
                10,
                24
              ]
            },
            {
              "origin": [
                10.5,
                51.5,
                -2
              ],
              "size": [
                1,
                1,
                7
              ],
              "pivot": [
                0,
                32,
                0
              ],
              "rotation": [
                0,
                0,
                27.5
              ],
              "uv": [
                10,
                24
              ]
            },
            {
              "origin": [
                -10,
                51,
                7
              ],
              "size": [
                22,
                2,
                2
              ],
              "pivot": [
                0,
                32,
                0
              ],
              "rotation": [
                0,
                0,
                27.5
              ],
              "uv": [
                0,
                60
              ]
            },
            {
              "origin": [
                -8,
                47,
                4
              ],
              "size": [
                16,
                16,
                3
              ],
              "uv": [
                26,
                29
              ]
            },
            {
              "origin": [
                -8,
                47,
                -10
              ],
              "size": [
                3,
                1,
                14
              ],
              "uv": [
                12,
                33
              ]
            },
            {
              "origin": [
                5,
                47,
                -10
              ],
              "size": [
                3,
                1,
                14
              ],
              "uv": [
                18,
                33
              ]
            },
            {
              "origin": [
                -10,
                47,
                -5
              ],
              "size": [
                3,
                1,
                10
              ],
              "pivot": [
                0,
                57,
                0
              ],
              "rotation": [
                0,
                -90,
                0
              ],
              "uv": [
                32,
                27
              ]
            },
            {
              "origin": [
                -7,
                60,
                3
              ],
              "size": [
                3,
                1,
                1
              ],
              "uv": [
                54,
                1
              ]
            },
            {
              "origin": [
                -2,
                47,
                -5
              ],
              "size": [
                4,
                6,
                4
              ],
              "pivot": [
                0,
                57,
                0
              ],
              "rotation": [
                10,
                0,
                0
              ],
              "uv": [
                48,
                55
              ]
            }
          ]
        },
        {
          "name": "bone",
          "parent": "Model2",
          "pivot": [
            0,
            32,
            0
          ],
          "cubes": [
            {
              "origin": [
                -12,
                49,
                7
              ],
              "size": [
                18,
                2,
                2
              ],
              "pivot": [
                0,
                32,
                0
              ],
              "rotation": [
                0,
                0,
                -22.5
              ],
              "uv": [
                0,
                60
              ]
            },
            {
              "origin": [
                -12,
                49,
                5
              ],
              "size": [
                2,
                2,
                2
              ],
              "pivot": [
                0,
                32,
                0
              ],
              "rotation": [
                0,
                0,
                -22.5
              ],
              "uv": [
                18,
                36
              ]
            },
            {
              "origin": [
                29,
                51,
                5
              ],
              "size": [
                2,
                2,
                2
              ],
              "pivot": [
                0,
                32,
                0
              ],
              "rotation": [
                0,
                0,
                -22.5
              ],
              "uv": [
                18,
                36
              ]
            },
            {
              "origin": [
                10,
                51,
                7
              ],
              "size": [
                21,
                2,
                2
              ],
              "pivot": [
                0,
                32,
                0
              ],
              "rotation": [
                0,
                0,
                -22.5
              ],
              "uv": [
                0,
                60
              ]
            },
            {
              "origin": [
                -3,
                48,
                7
              ],
              "size": [
                6,
                11,
                5
              ],
              "uv": [
                32,
                0
              ]
            }
          ]
        },
        {
          "name": "bone3",
          "parent": "bone",
          "pivot": [
            0,
            32,
            0
          ]
        },
        {
          "name": "bone4",
          "parent": "bone3",
          "pivot": [
            0,
            32,
            0
          ],
          "cubes": [
            {
              "origin": [
                -11.5,
                49.5,
                -2
              ],
              "size": [
                1,
                1,
                7
              ],
              "pivot": [
                0,
                32,
                0
              ],
              "rotation": [
                0,
                0,
                -22.5
              ],
              "uv": [
                10,
                24
              ]
            },
            {
              "origin": [
                29.5,
                51.5,
                -2
              ],
              "size": [
                1,
                1,
                7
              ],
              "pivot": [
                0,
                32,
                0
              ],
              "rotation": [
                0,
                0,
                -22.5
              ],
              "uv": [
                10,
                24
              ]
            }
          ]
        },
        {
          "name": "Model",
          "pivot": [
            7,
            33,
            -2
          ],
          "rotation": [
            0,
            -90,
            0
          ],
          "cubes": [
            {
              "origin": [
                -1,
                45,
                -3
              ],
              "size": [
                17,
                2,
                16
              ],
              "uv": [
                0,
                16
              ]
            },
            {
              "origin": [
                2,
                42,
                -1
              ],
              "size": [
                11,
                3,
                11
              ],
              "uv": [
                11,
                41
              ]
            },
            {
              "origin": [
                5,
                35,
                0
              ],
              "size": [
                6,
                7,
                9
              ],
              "uv": [
                1,
                43
              ]
            },
            {
              "origin": [
                3,
                33,
                -1
              ],
              "size": [
                10,
                2,
                11
              ],
              "uv": [
                5,
                40
              ]
            },
            {
              "origin": [
                25.75,
                -31,
                -5
              ],
              "size": [
                1.5,
                16,
                1.25
              ],
              "pivot": [
                0,
                0,
                0
              ],
              "rotation": [
                177.47094,
                1.3795,
                -21.50648
              ],
              "uv": [
                0,
                35
              ]
            },
            {
              "origin": [
                4.62994,
                44.46184,
                8.66594
              ],
              "size": [
                1.5,
                4,
                1.25
              ],
              "pivot": [
                0,
                38,
                0
              ],
              "rotation": [
                -169.53894,
                -87.29249,
                -57.26511
              ],
              "uv": [
                1,
                1
              ]
            }
          ]
        },
        {
          "name": "leg3",
          "pivot": [
            -3,
            40,
            -1
          ],
          "rotation": [
            7.5,
            0,
            0
          ],
          "cubes": [
            {
              "origin": [
                12.75,
                -24,
                -6
              ],
              "size": [
                1.5,
                25,
                1.25
              ],
              "pivot": [
                0,
                0,
                0
              ],
              "rotation": [
                7.10708,
                7.05302,
                -179.56145
              ],
              "uv": [
                60,
                6
              ]
            },
            {
              "origin": [
                2.62994,
                39.46184,
                -1.33406
              ],
              "size": [
                1.5,
                4,
                1.25
              ],
              "pivot": [
                0,
                38,
                0
              ],
              "rotation": [
                10,
                0,
                -135
              ],
              "uv": [
                1,
                1
              ]
            },
            {
              "origin": [
                21.75,
                -30,
                -6
              ],
              "size": [
                1.5,
                16,
                1.25
              ],
              "pivot": [
                0,
                0,
                0
              ],
              "rotation": [
                9.54589,
                2.99318,
                -152.25002
              ],
              "uv": [
                0,
                35
              ]
            }
          ]
        },
        {
          "name": "leg2",
          "pivot": [
            5,
            38,
            0
          ],
          "rotation": [
            10,
            0,
            0
          ],
          "cubes": [
            {
              "origin": [
                -13.25,
                -24,
                -9
              ],
              "size": [
                1.5,
                25,
                1.25
              ],
              "pivot": [
                0,
                0,
                0
              ],
              "rotation": [
                7.10708,
                7.05302,
                -179.56145
              ],
              "uv": [
                60,
                6
              ]
            },
            {
              "origin": [
                3.62994,
                40.46184,
                -0.33406
              ],
              "size": [
                1.5,
                4,
                1.25
              ],
              "pivot": [
                0,
                38,
                0
              ],
              "rotation": [
                168.78988,
                -8.61773,
                -37.52977
              ],
              "uv": [
                1,
                1
              ]
            },
            {
              "origin": [
                4.62994,
                42.46184,
                -0.33406
              ],
              "size": [
                1.5,
                15,
                1.25
              ],
              "pivot": [
                0,
                38,
                0
              ],
              "rotation": [
                167.21436,
                -6.00913,
                -25.20322
              ],
              "uv": [
                0,
                36
              ]
            }
          ]
        },
        {
          "name": "leg1",
          "pivot": [
            0,
            24,
            10
          ],
          "cubes": [
            {
              "origin": [
                -12.25,
                -24,
                -1
              ],
              "size": [
                1.5,
                25,
                1.25
              ],
              "pivot": [
                0,
                0,
                0
              ],
              "rotation": [
                -125.42616,
                86.39087,
                54.44784
              ],
              "uv": [
                60,
                6
              ]
            }
          ]
        }
      ]
    }
  ]
}