{
  "format_version": "1.12.0",
  "minecraft:geometry": [
    {
      "description": {
        "identifier": "geometry.seb_titan_cameraman",
        "texture_width": 128,
        "texture_height": 128,
        "visible_bounds_width": 3,
        "visible_bounds_height": 4,
        "visible_bounds_offset": [
          0,
          1,
          0
        ]
      },
      "bones": [
        {
          "name": "Head",
          "pivot": [
            0,
            24,
            0
          ]
        },
        {
          "name": "Head2",
          "parent": "Head",
          "pivot": [
            0,
            24,
            0
          ],
          "cubes": [
            {
              "origin": [
                1.75,
                25,
                -7
              ],
              "size": [
                1,
                3,
                8
              ],
              "uv": [
                25,
                0
              ]
            },
            {
              "origin": [
                -3,
                25,
                -7
              ],
              "size": [
                1,
                3,
                8
              ],
              "uv": [
                0,
                24
              ]
            },
            {
              "origin": [
                -3,
                24,
                -5
              ],
              "size": [
                1,
                1,
                6
              ],
              "uv": [
                52,
                18
              ]
            },
            {
              "origin": [
                2,
                24,
                -5
              ],
              "size": [
                1,
                1,
                6
              ],
              "pivot": [
                0,
                -2,
                0
              ],
              "rotation": [
                0,
                2.5,
                0
              ],
              "uv": [
                49,
                29
              ]
            },
            {
              "origin": [
                29,
                -4,
                -7
              ],
              "size": [
                1,
                4,
                8
              ],
              "pivot": [
                0,
                -2,
                0
              ],
              "rotation": [
                0,
                0,
                -90
              ],
              "uv": [
                15,
                16
              ]
            },
            {
              "origin": [
                -2,
                24,
                -6
              ],
              "size": [
                4,
                3,
                7
              ],
              "uv": [
                0,
                13
              ]
            },
            {
              "origin": [
                -1,
                24.5,
                -6.75
              ],
              "size": [
                2,
                2,
                1
              ],
              "uv": [
                0,
                24
              ]
            }
          ]
        },
        {
          "name": "Head3",
          "parent": "Head2",
          "pivot": [
            16,
            21,
            3
          ],
          "rotation": [
            0,
            -15,
            0
          ],
          "cubes": [
            {
              "origin": [
                3,
                25,
                -1
              ],
              "size": [
                2,
                2,
                4
              ],
              "pivot": [
                8,
                -2,
                3
              ],
              "rotation": [
                0,
                7.5,
                0
              ],
              "uv": [
                56,
                0
              ]
            },
            {
              "origin": [
                4,
                24.5,
                -1.5
              ],
              "size": [
                1,
                3,
                1
              ],
              "pivot": [
                8,
                -2,
                3
              ],
              "rotation": [
                0,
                -2.5,
                0
              ],
              "uv": [
                12,
                36
              ]
            },
            {
              "origin": [
                2,
                24.5,
                -2
              ],
              "size": [
                1,
                3,
                1
              ],
              "pivot": [
                8,
                -2,
                3
              ],
              "rotation": [
                0,
                7.5,
                0
              ],
              "uv": [
                36,
                0
              ]
            },
            {
              "origin": [
                3,
                26,
                -4.5
              ],
              "size": [
                2,
                1,
                1
              ],
              "pivot": [
                8,
                -2,
                3
              ],
              "rotation": [
                -5,
                7.5,
                0
              ],
              "uv": [
                0,
                28
              ]
            },
            {
              "origin": [
                3,
                24.5,
                0.5
              ],
              "size": [
                2,
                1,
                1
              ],
              "pivot": [
                8,
                -2,
                3
              ],
              "rotation": [
                5,
                7.5,
                0
              ],
              "uv": [
                26,
                21
              ]
            }
          ]
        },
        {
          "name": "Head4",
          "parent": "Head2",
          "pivot": [
            8,
            21,
            0
          ],
          "cubes": [
            {
              "origin": [
                -5,
                25,
                -4
              ],
              "size": [
                2,
                2,
                4
              ],
              "pivot": [
                0,
                -2,
                0
              ],
              "rotation": [
                0,
                7.5,
                0
              ],
              "uv": [
                54,
                42
              ]
            },
            {
              "origin": [
                -5,
                24,
                -2
              ],
              "size": [
                2,
                1,
                2
              ],
              "pivot": [
                0,
                -2,
                0
              ],
              "rotation": [
                0,
                7.5,
                0
              ],
              "uv": [
                61,
                37
              ]
            },
            {
              "origin": [
                3,
                24,
                -2
              ],
              "size": [
                2,
                1,
                2
              ],
              "pivot": [
                0,
                -2,
                0
              ],
              "rotation": [
                0,
                -7.5,
                0
              ],
              "uv": [
                21,
                0
              ]
            },
            {
              "origin": [
                3,
                27,
                -3
              ],
              "size": [
                2,
                2,
                1
              ],
              "pivot": [
                0,
                -2,
                0
              ],
              "rotation": [
                0,
                -10,
                0
              ],
              "uv": [
                16,
                13
              ]
            },
            {
              "origin": [
                -5,
                27,
                -3
              ],
              "size": [
                2,
                2,
                1
              ],
              "pivot": [
                0,
                -2,
                0
              ],
              "rotation": [
                0,
                7.5,
                0
              ],
              "uv": [
                0,
                13
              ]
            },
            {
              "origin": [
                -4,
                24.5,
                -4.5
              ],
              "size": [
                1,
                3,
                1
              ],
              "pivot": [
                0,
                -2,
                0
              ],
              "rotation": [
                0,
                -2.5,
                0
              ],
              "uv": [
                0,
                36
              ]
            },
            {
              "origin": [
                -6,
                24.5,
                -5
              ],
              "size": [
                1,
                3,
                1
              ],
              "pivot": [
                0,
                -2,
                0
              ],
              "rotation": [
                0,
                7.5,
                0
              ],
              "uv": [
                34,
                21
              ]
            },
            {
              "origin": [
                -5,
                26,
                -7.5
              ],
              "size": [
                2,
                1,
                1
              ],
              "pivot": [
                0,
                -2,
                0
              ],
              "rotation": [
                -5,
                7.5,
                0
              ],
              "uv": [
                16,
                17
              ]
            },
            {
              "origin": [
                -5,
                24.5,
                -2.5
              ],
              "size": [
                2,
                1,
                1
              ],
              "pivot": [
                0,
                -2,
                0
              ],
              "rotation": [
                5,
                7.5,
                0
              ],
              "uv": [
                0,
                17
              ]
            }
          ]
        },
        {
          "name": "Body",
          "pivot": [
            0,
            24,
            0
          ],
          "cubes": [
            {
              "origin": [
                -3,
                12,
                -2
              ],
              "size": [
                6,
                4,
                4
              ],
              "uv": [
                26,
                12
              ]
            },
            {
              "origin": [
                -4,
                16,
                -2
              ],
              "size": [
                8,
                8,
                4
              ],
              "uv": [
                0,
                0
              ]
            },
            {
              "origin": [
                -2.75,
                24,
                -2
              ],
              "size": [
                5.5,
                1,
                4
              ],
              "uv": [
                36,
                29
              ]
            },
            {
              "origin": [
                -1,
                24,
                -1
              ],
              "size": [
                2,
                2,
                2
              ],
              "uv": [
                52,
                37
              ]
            }
          ]
        },
        {
          "name": "Body2",
          "parent": "Body",
          "pivot": [
            0,
            24,
            0
          ],
          "cubes": [
            {
              "origin": [
                -2,
                18.5,
                -3
              ],
              "size": [
                4,
                4,
                1
              ],
              "uv": [
                61,
                17
              ]
            }
          ]
        },
        {
          "name": "Fake",
          "parent": "Body2",
          "pivot": [
            10,
            4,
            0
          ],
          "rotation": [
            0,
            0,
            -22.5
          ],
          "cubes": [
            {
              "origin": [
                4,
                30,
                -3
              ],
              "size": [
                1,
                2,
                6
              ],
              "uv": [
                47,
                2
              ]
            },
            {
              "origin": [
                1,
                31,
                -3
              ],
              "size": [
                3,
                1,
                6
              ],
              "uv": [
                30,
                35
              ]
            },
            {
              "origin": [
                1,
                29,
                -2
              ],
              "size": [
                3,
                2,
                5
              ],
              "uv": [
                36,
                0
              ]
            },
            {
              "origin": [
                0,
                30,
                -3
              ],
              "size": [
                1,
                2,
                6
              ],
              "uv": [
                0,
                47
              ]
            }
          ]
        },
        {
          "name": "Fake2",
          "parent": "Body2",
          "pivot": [
            4,
            -2,
            0
          ],
          "rotation": [
            0,
            0,
            22.5
          ],
          "cubes": [
            {
              "origin": [
                -2,
                24,
                -2
              ],
              "size": [
                1,
                2,
                6
              ],
              "uv": [
                39,
                46
              ]
            },
            {
              "origin": [
                -5,
                25,
                -2
              ],
              "size": [
                3,
                1,
                6
              ],
              "uv": [
                34,
                21
              ]
            },
            {
              "origin": [
                -5,
                23,
                -1
              ],
              "size": [
                3,
                2,
                5
              ],
              "uv": [
                0,
                36
              ]
            },
            {
              "origin": [
                -6,
                24,
                -2
              ],
              "size": [
                1,
                2,
                6
              ],
              "uv": [
                43,
                37
              ]
            }
          ]
        },
        {
          "name": "bone",
          "parent": "Body2",
          "pivot": [
            1.9,
            12,
            0
          ],
          "cubes": [
            {
              "origin": [
                0.9,
                14,
                4
              ],
              "size": [
                2,
                9,
                1
              ],
              "uv": [
                62,
                49
              ]
            },
            {
              "origin": [
                2.9,
                13,
                2
              ],
              "size": [
                2,
                10,
                2
              ],
              "uv": [
                24,
                55
              ]
            },
            {
              "origin": [
                -3.1,
                14,
                2
              ],
              "size": [
                6,
                9,
                2
              ],
              "uv": [
                19,
                29
              ]
            },
            {
              "origin": [
                -5.1,
                13,
                2
              ],
              "size": [
                2,
                10,
                2
              ],
              "uv": [
                15,
                53
              ]
            }
          ]
        },
        {
          "name": "bone2",
          "parent": "bone",
          "pivot": [
            -2.1,
            12,
            0
          ],
          "cubes": [
            {
              "origin": [
                -3.1,
                14,
                4
              ],
              "size": [
                2,
                9,
                1
              ],
              "uv": [
                44,
                55
              ]
            }
          ]
        },
        {
          "name": "RightArm",
          "pivot": [
            -5,
            22,
            0
          ],
          "cubes": [
            {
              "origin": [
                -6.75,
                17,
                -2
              ],
              "size": [
                2.75,
                7,
                4
              ],
              "uv": [
                26,
                43
              ]
            },
            {
              "origin": [
                19.25,
                6.75,
                -2
              ],
              "size": [
                3.5,
                1.5,
                4
              ],
              "pivot": [
                0,
                0,
                0
              ],
              "rotation": [
                0,
                0,
                -90
              ],
              "uv": [
                0,
                59
              ]
            }
          ]
        },
        {
          "name": "LoweRightArm",
          "parent": "RightArm",
          "pivot": [
            -5,
            17,
            0
          ],
          "cubes": [
            {
              "origin": [
                -6.75,
                8,
                -4.5
              ],
              "size": [
                2.75,
                9,
                3.5
              ],
              "pivot": [
                0,
                0,
                0
              ],
              "rotation": [
                -10,
                0,
                0
              ],
              "uv": [
                51,
                52
              ]
            }
          ]
        },
        {
          "name": "LeftArm",
          "pivot": [
            5,
            22,
            0
          ],
          "cubes": [
            {
              "origin": [
                4,
                17,
                -2
              ],
              "size": [
                2.75,
                7,
                4
              ],
              "uv": [
                13,
                41
              ]
            }
          ]
        },
        {
          "name": "LowerLeftArm",
          "parent": "LeftArm",
          "pivot": [
            5,
            16,
            0
          ],
          "cubes": [
            {
              "origin": [
                4,
                8,
                -4.5
              ],
              "size": [
                2.75,
                9,
                3.5
              ],
              "pivot": [
                0,
                0,
                0
              ],
              "rotation": [
                -10,
                0,
                0
              ],
              "uv": [
                47,
                11
              ]
            }
          ]
        },
        {
          "name": "RightLeg",
          "pivot": [
            -1.9,
            12,
            0
          ],
          "cubes": [
            {
              "origin": [
                0.5,
                0,
                -2.25
              ],
              "size": [
                2.5,
                5.5,
                3
              ],
              "uv": [
                59,
                8
              ]
            },
            {
              "origin": [
                0.5,
                5,
                -3
              ],
              "size": [
                2.5,
                7,
                3
              ],
              "pivot": [
                0,
                0,
                0
              ],
              "rotation": [
                -7.5,
                0,
                0
              ],
              "uv": [
                0,
                56
              ]
            }
          ]
        },
        {
          "name": "LeftLeg",
          "pivot": [
            1.9,
            12,
            0
          ],
          "cubes": [
            {
              "origin": [
                -3,
                5,
                -3
              ],
              "size": [
                2.5,
                7,
                3
              ],
              "pivot": [
                0,
                0,
                0
              ],
              "rotation": [
                -7.5,
                0,
                0
              ],
              "uv": [
                33,
                55
              ]
            },
            {
              "origin": [
                -3,
                0,
                -2.25
              ],
              "size": [
                2.5,
                5.5,
                3
              ],
              "uv": [
                58,
                26
              ]
            }
          ]
        },
        {
          "name": "Laser",
          "pivot": [
            0,
            0,
            0
          ]
        }
      ]
    }
  ]
}