{
  "format_version": "1.12.0",
  "minecraft:geometry": [
    {
      "description": {
        "identifier": "geometry.seb_upgraded_titan_tv_man",
        "texture_width": 128,
        "texture_height": 128,
        "visible_bounds_width": 3,
        "visible_bounds_height": 5,
        "visible_bounds_offset": [
          0,
          1.5,
          0
        ]
      },
      "bones": [
        {
          "name": "Head",
          "pivot": [
            0,
            24,
            0
          ],
          "cubes": [
            {
              "origin": [
                -4,
                24,
                -3
              ],
              "size": [
                8,
                6,
                3
              ],
              "uv": [
                21,
                13
              ]
            },
            {
              "origin": [
                -3,
                24,
                0
              ],
              "size": [
                6,
                4,
                2
              ],
              "uv": [
                13,
                32
              ]
            }
          ]
        },
        {
          "name": "Body",
          "pivot": [
            0,
            24,
            0
          ],
          "cubes": [
            {
              "origin": [
                -3,
                12,
                -2
              ],
              "size": [
                6,
                4,
                4
              ],
              "uv": [
                17,
                23
              ]
            },
            {
              "origin": [
                -4,
                16,
                -2
              ],
              "size": [
                8,
                8,
                4
              ],
              "uv": [
                0,
                0
              ]
            },
            {
              "origin": [
                -2,
                18,
                -3
              ],
              "size": [
                4,
                4,
                1
              ],
              "uv": [
                41,
                43
              ]
            },
            {
              "origin": [
                -3,
                14,
                2
              ],
              "size": [
                6,
                9,
                4
              ],
              "uv": [
                0,
                13
              ]
            }
          ]
        },
        {
          "name": "Knifed",
          "parent": "Body",
          "pivot": [
            0,
            0,
            0
          ]
        },
        {
          "name": "Knife2",
          "parent": "Knifed",
          "pivot": [
            -4,
            0,
            0
          ],
          "rotation": [
            0,
            0,
            12.5
          ],
          "cubes": [
            {
              "origin": [
                -10,
                25,
                3
              ],
              "size": [
                1,
                5,
                1
              ],
              "pivot": [
                -9,
                22,
                0
              ],
              "rotation": [
                20,
                0,
                -22.5
              ],
              "uv": [
                36,
                45
              ]
            },
            {
              "origin": [
                -10,
                22,
                2
              ],
              "size": [
                1,
                4,
                1
              ],
              "pivot": [
                -9,
                22,
                0
              ],
              "rotation": [
                0,
                0,
                -22.5
              ],
              "uv": [
                49,
                6
              ]
            }
          ]
        },
        {
          "name": "Knife5",
          "parent": "Knifed",
          "pivot": [
            0,
            0,
            0
          ],
          "rotation": [
            0,
            0,
            27.5
          ],
          "cubes": [
            {
              "origin": [
                -6,
                25,
                3
              ],
              "size": [
                1,
                5,
                1
              ],
              "pivot": [
                -5,
                22,
                0
              ],
              "rotation": [
                20,
                0,
                -22.5
              ],
              "uv": [
                44,
                13
              ]
            },
            {
              "origin": [
                -6,
                22,
                2
              ],
              "size": [
                1,
                4,
                1
              ],
              "pivot": [
                -5,
                22,
                0
              ],
              "rotation": [
                0,
                0,
                -22.5
              ],
              "uv": [
                11,
                48
              ]
            }
          ]
        },
        {
          "name": "Knife3",
          "parent": "Knifed",
          "pivot": [
            -8,
            1,
            0
          ],
          "rotation": [
            0,
            0,
            25
          ],
          "cubes": [
            {
              "origin": [
                -14,
                26,
                3
              ],
              "size": [
                1,
                5,
                1
              ],
              "pivot": [
                -13,
                23,
                0
              ],
              "rotation": [
                20,
                0,
                -22.5
              ],
              "uv": [
                31,
                45
              ]
            },
            {
              "origin": [
                -14,
                23,
                2
              ],
              "size": [
                1,
                4,
                1
              ],
              "pivot": [
                -13,
                23,
                0
              ],
              "rotation": [
                0,
                0,
                -22.5
              ],
              "uv": [
                49,
                0
              ]
            }
          ]
        },
        {
          "name": "Knife6",
          "parent": "Knifed",
          "pivot": [
            4,
            -1,
            0
          ],
          "rotation": [
            0,
            0,
            15
          ],
          "cubes": [
            {
              "origin": [
                -2,
                24,
                3
              ],
              "size": [
                1,
                5,
                1
              ],
              "pivot": [
                -1,
                21,
                0
              ],
              "rotation": [
                20,
                0,
                -22.5
              ],
              "uv": [
                22,
                39
              ]
            },
            {
              "origin": [
                -2,
                21,
                2
              ],
              "size": [
                1,
                4,
                1
              ],
              "pivot": [
                -1,
                21,
                0
              ],
              "rotation": [
                0,
                0,
                -22.5
              ],
              "uv": [
                46,
                20
              ]
            }
          ]
        },
        {
          "name": "Knife1",
          "parent": "Knifed",
          "pivot": [
            0,
            0,
            0
          ],
          "cubes": [
            {
              "origin": [
                -6,
                25,
                3
              ],
              "size": [
                1,
                5,
                1
              ],
              "pivot": [
                -5,
                22,
                0
              ],
              "rotation": [
                20,
                0,
                -22.5
              ],
              "uv": [
                21,
                47
              ]
            },
            {
              "origin": [
                -6,
                22,
                2
              ],
              "size": [
                1,
                4,
                1
              ],
              "pivot": [
                -5,
                22,
                0
              ],
              "rotation": [
                0,
                0,
                -22.5
              ],
              "uv": [
                49,
                12
              ]
            }
          ]
        },
        {
          "name": "Knife4",
          "parent": "Knifed",
          "pivot": [
            -5,
            2,
            0
          ],
          "rotation": [
            0,
            0,
            42.5
          ],
          "cubes": [
            {
              "origin": [
                -11,
                27,
                3
              ],
              "size": [
                1,
                5,
                1
              ],
              "pivot": [
                -10,
                24,
                0
              ],
              "rotation": [
                20,
                0,
                -22.5
              ],
              "uv": [
                26,
                45
              ]
            },
            {
              "origin": [
                -11,
                24,
                2
              ],
              "size": [
                1,
                4,
                1
              ],
              "pivot": [
                -10,
                24,
                0
              ],
              "rotation": [
                0,
                0,
                -22.5
              ],
              "uv": [
                16,
                48
              ]
            }
          ]
        },
        {
          "name": "Speaker2",
          "parent": "Body",
          "pivot": [
            0,
            0,
            0
          ],
          "rotation": [
            0,
            0,
            30
          ],
          "cubes": [
            {
              "origin": [
                -8,
                24,
                -3
              ],
              "size": [
                4,
                7,
                4
              ],
              "pivot": [
                -6,
                23,
                0
              ],
              "rotation": [
                0,
                0,
                -15
              ],
              "uv": [
                34,
                53
              ]
            },
            {
              "origin": [
                -6.5,
                31,
                -7
              ],
              "size": [
                1,
                1,
                13
              ],
              "pivot": [
                -6,
                23,
                0
              ],
              "rotation": [
                0,
                0,
                -15
              ],
              "uv": [
                0,
                87
              ]
            },
            {
              "origin": [
                -8.15634,
                30.8231,
                -6
              ],
              "size": [
                1,
                1,
                13
              ],
              "pivot": [
                -8,
                33,
                0
              ],
              "rotation": [
                0,
                -90,
                -15
              ],
              "uv": [
                0,
                87
              ]
            }
          ]
        },
        {
          "name": "Speaker",
          "parent": "Body",
          "pivot": [
            0,
            0,
            0
          ],
          "cubes": [
            {
              "origin": [
                -8,
                24,
                -3
              ],
              "size": [
                4,
                7,
                4
              ],
              "pivot": [
                -6,
                23,
                0
              ],
              "rotation": [
                0,
                0,
                -15
              ],
              "uv": [
                34,
                53
              ]
            },
            {
              "origin": [
                -6.5,
                31,
                -7
              ],
              "size": [
                1,
                1,
                13
              ],
              "pivot": [
                -6,
                23,
                0
              ],
              "rotation": [
                0,
                0,
                -15
              ],
              "uv": [
                0,
                87
              ]
            },
            {
              "origin": [
                -8.15634,
                30.8231,
                -6
              ],
              "size": [
                1,
                1,
                13
              ],
              "pivot": [
                -8,
                33,
                0
              ],
              "rotation": [
                0,
                -90,
                -15
              ],
              "uv": [
                0,
                87
              ]
            }
          ]
        },
        {
          "name": "BigSpeaked",
          "parent": "Body",
          "pivot": [
            0,
            0,
            0
          ],
          "cubes": [
            {
              "origin": [
                -3,
                17,
                -4
              ],
              "size": [
                6,
                6,
                2
              ],
              "uv": [
                93,
                27
              ]
            }
          ]
        },
        {
          "name": "RightArm",
          "pivot": [
            -5,
            22,
            0
          ],
          "cubes": [
            {
              "origin": [
                -6.75,
                8,
                -4.5
              ],
              "size": [
                2.75,
                9,
                3.5
              ],
              "pivot": [
                0,
                0,
                0
              ],
              "rotation": [
                -10,
                0,
                0
              ],
              "uv": [
                38,
                0
              ]
            },
            {
              "origin": [
                -6.25,
                7,
                -4
              ],
              "size": [
                1.75,
                1,
                2.5
              ],
              "pivot": [
                0,
                0,
                0
              ],
              "rotation": [
                -10,
                0,
                0
              ],
              "uv": [
                9,
                27
              ]
            },
            {
              "origin": [
                -6.75,
                17,
                -2
              ],
              "size": [
                2.75,
                7,
                4
              ],
              "uv": [
                0,
                27
              ]
            }
          ]
        },
        {
          "name": "LeftArm",
          "pivot": [
            5,
            22,
            0
          ],
          "cubes": [
            {
              "origin": [
                4.5,
                7,
                -4
              ],
              "size": [
                1.75,
                1,
                2.5
              ],
              "pivot": [
                0,
                0,
                0
              ],
              "rotation": [
                -10,
                0,
                0
              ],
              "uv": [
                21,
                0
              ]
            },
            {
              "origin": [
                4,
                17,
                -2
              ],
              "size": [
                2.75,
                7,
                4
              ],
              "uv": [
                25,
                0
              ]
            },
            {
              "origin": [
                4,
                8,
                -4.5
              ],
              "size": [
                2.75,
                9,
                3.5
              ],
              "pivot": [
                0,
                0,
                0
              ],
              "rotation": [
                -10,
                0,
                0
              ],
              "uv": [
                30,
                32
              ]
            }
          ]
        },
        {
          "name": "RightLeg",
          "pivot": [
            -1.9,
            12,
            0
          ],
          "cubes": [
            {
              "origin": [
                -3,
                5,
                -3
              ],
              "size": [
                2.5,
                7,
                3
              ],
              "pivot": [
                0,
                0,
                0
              ],
              "rotation": [
                -7.5,
                0,
                0
              ],
              "uv": [
                0,
                39
              ]
            },
            {
              "origin": [
                -3,
                0,
                -2.25
              ],
              "size": [
                2.5,
                5.5,
                3
              ],
              "uv": [
                41,
                34
              ]
            }
          ]
        },
        {
          "name": "LeftLeg",
          "pivot": [
            1.9,
            12,
            0
          ],
          "cubes": [
            {
              "origin": [
                0.5,
                5,
                -3
              ],
              "size": [
                2.5,
                7,
                3
              ],
              "pivot": [
                0,
                0,
                0
              ],
              "rotation": [
                -7.5,
                0,
                0
              ],
              "uv": [
                38,
                23
              ]
            },
            {
              "origin": [
                0.5,
                0,
                -2.25
              ],
              "size": [
                2.5,
                5.5,
                3
              ],
              "uv": [
                11,
                39
              ]
            }
          ]
        }
      ]
    }
  ]
}