{
  "format_version": "1.12.0",
  "minecraft:geometry": [
    {
      "description": {
        "identifier": "geometry.seb_jetpack_skibidi_morph",
        "texture_width": 64,
        "texture_height": 64,
        "visible_bounds_width": 3,
        "visible_bounds_height": 10.5,
        "visible_bounds_offset": [
          0,
          4.75,
          0
        ]
      },
      "bones": [
        {
          "name": "bone2",
          "pivot": [
            0,
            0,
            0
          ]
        },
        {
          "name": "Hcjf",
          "parent": "bone2",
          "pivot": [
            0,
            22,
            -4
          ],
          "cubes": [
            {
              "origin": [
                -4,
                21,
                -10
              ],
              "size": [
                8,
                8,
                8
              ],
              "pivot": [
                0,
                1,
                0
              ],
              "rotation": [
                -5,
                0,
                0
              ],
              "uv": [
                0,
                0
              ]
            }
          ]
        },
        {
          "name": "bone",
          "parent": "bone2",
          "pivot": [
            0,
            3,
            2
          ],
          "rotation": [
            10,
            0,
            0
          ]
        },
        {
          "name": "Model2",
          "parent": "bone",
          "pivot": [
            0,
            28,
            2
          ],
          "cubes": [
            {
              "origin": [
                -8,
                18,
                6
              ],
              "size": [
                16,
                16,
                4
              ],
              "uv": [
                25,
                28
              ]
            },
            {
              "origin": [
                -8,
                18,
                -8
              ],
              "size": [
                3,
                1,
                14
              ],
              "uv": [
                12,
                33
              ]
            },
            {
              "origin": [
                5,
                18,
                -8
              ],
              "size": [
                3,
                1,
                14
              ],
              "uv": [
                18,
                33
              ]
            },
            {
              "origin": [
                -10,
                18,
                -3
              ],
              "size": [
                3,
                1,
                10
              ],
              "pivot": [
                0,
                28,
                2
              ],
              "rotation": [
                0,
                -90,
                0
              ],
              "uv": [
                -8,
                -8
              ]
            },
            {
              "origin": [
                -7,
                31,
                5
              ],
              "size": [
                3,
                1,
                1
              ],
              "uv": [
                54,
                1
              ]
            },
            {
              "origin": [
                -2,
                18,
                -3
              ],
              "size": [
                4,
                6,
                4
              ],
              "pivot": [
                0,
                28,
                2
              ],
              "rotation": [
                10,
                0,
                0
              ],
              "uv": [
                48,
                55
              ]
            }
          ]
        },
        {
          "name": "Model",
          "parent": "bone",
          "pivot": [
            7,
            4,
            0
          ],
          "rotation": [
            0,
            -90,
            0
          ],
          "cubes": [
            {
              "origin": [
                -1,
                16,
                -1
              ],
              "size": [
                17,
                2,
                16
              ],
              "uv": [
                0,
                16
              ]
            },
            {
              "origin": [
                2,
                13,
                1
              ],
              "size": [
                11,
                3,
                11
              ],
              "uv": [
                11,
                41
              ]
            },
            {
              "origin": [
                5,
                6,
                2
              ],
              "size": [
                6,
                7,
                9
              ],
              "uv": [
                1,
                43
              ]
            },
            {
              "origin": [
                1,
                10,
                -1
              ],
              "size": [
                1,
                9,
                16
              ],
              "pivot": [
                0,
                3,
                2
              ],
              "rotation": [
                0,
                0,
                -12.5
              ],
              "uv": [
                26,
                20
              ]
            },
            {
              "origin": [
                3,
                4,
                1
              ],
              "size": [
                10,
                2,
                11
              ],
              "uv": [
                5,
                40
              ]
            },
            {
              "origin": [
                24,
                15,
                -4
              ],
              "size": [
                3,
                12,
                3
              ],
              "pivot": [
                7,
                4,
                0
              ],
              "rotation": [
                0,
                0,
                -25
              ],
              "uv": [
                32,
                1
              ]
            },
            {
              "origin": [
                24,
                15,
                15
              ],
              "size": [
                3,
                12,
                3
              ],
              "pivot": [
                7,
                4,
                0
              ],
              "rotation": [
                0,
                0,
                -25
              ],
              "uv": [
                32,
                1
              ]
            },
            {
              "origin": [
                26,
                13,
                -4
              ],
              "size": [
                1,
                2,
                1
              ],
              "pivot": [
                7,
                4,
                0
              ],
              "rotation": [
                0,
                0,
                -25
              ],
              "uv": [
                2,
                28
              ]
            },
            {
              "origin": [
                26,
                13,
                15
              ],
              "size": [
                1,
                2,
                1
              ],
              "pivot": [
                7,
                4,
                0
              ],
              "rotation": [
                0,
                0,
                -25
              ],
              "uv": [
                2,
                28
              ]
            },
            {
              "origin": [
                26,
                13,
                17
              ],
              "size": [
                1,
                2,
                1
              ],
              "pivot": [
                7,
                4,
                0
              ],
              "rotation": [
                0,
                0,
                -25
              ],
              "uv": [
                2,
                28
              ]
            },
            {
              "origin": [
                24,
                13,
                17
              ],
              "size": [
                1,
                2,
                1
              ],
              "pivot": [
                7,
                4,
                0
              ],
              "rotation": [
                0,
                0,
                -25
              ],
              "uv": [
                2,
                28
              ]
            },
            {
              "origin": [
                24,
                13,
                15
              ],
              "size": [
                1,
                2,
                1
              ],
              "pivot": [
                7,
                4,
                0
              ],
              "rotation": [
                0,
                0,
                -25
              ],
              "uv": [
                2,
                28
              ]
            },
            {
              "origin": [
                26,
                13,
                -2
              ],
              "size": [
                1,
                2,
                1
              ],
              "pivot": [
                7,
                4,
                0
              ],
              "rotation": [
                0,
                0,
                -25
              ],
              "uv": [
                2,
                28
              ]
            },
            {
              "origin": [
                24,
                13,
                -2
              ],
              "size": [
                1,
                2,
                1
              ],
              "pivot": [
                7,
                4,
                0
              ],
              "rotation": [
                0,
                0,
                -25
              ],
              "uv": [
                2,
                28
              ]
            },
            {
              "origin": [
                24,
                13,
                -4
              ],
              "size": [
                1,
                2,
                1
              ],
              "pivot": [
                7,
                4,
                0
              ],
              "rotation": [
                0,
                0,
                -25
              ],
              "uv": [
                2,
                28
              ]
            },
            {
              "origin": [
                25,
                11,
                -3
              ],
              "size": [
                1,
                2,
                1
              ],
              "pivot": [
                7,
                4,
                0
              ],
              "rotation": [
                0,
                0,
                -25
              ],
              "uv": [
                8,
                23
              ]
            },
            {
              "origin": [
                25,
                11,
                16
              ],
              "size": [
                1,
                2,
                1
              ],
              "pivot": [
                7,
                4,
                0
              ],
              "rotation": [
                0,
                0,
                -25
              ],
              "uv": [
                8,
                23
              ]
            },
            {
              "origin": [
                26,
                10,
                -3
              ],
              "size": [
                1,
                2,
                1
              ],
              "pivot": [
                7,
                4,
                0
              ],
              "rotation": [
                0,
                0,
                -25
              ],
              "uv": [
                8,
                23
              ]
            },
            {
              "origin": [
                26,
                10,
                16
              ],
              "size": [
                1,
                2,
                1
              ],
              "pivot": [
                7,
                4,
                0
              ],
              "rotation": [
                0,
                0,
                -25
              ],
              "uv": [
                8,
                23
              ]
            }
          ]
        }
      ]
    }
  ]
}