{
  "format_version": "1.12.0",
  "minecraft:geometry": [
    {
      "description": {
        "identifier": "geometry.seb_large_speakerman_turned",
        "texture_width": 64,
        "texture_height": 64,
        "visible_bounds_width": 3,
        "visible_bounds_height": 5,
        "visible_bounds_offset": [
          0,
          1.5,
          0
        ]
      },
      "bones": [
        {
          "name": "Head",
          "pivot": [
            0,
            29,
            -1
          ],
          "rotation": [
            14.85108,
            -1.72794,
            9.85108
          ],
          "cubes": [
            {
              "origin": [
                -3,
                29,
                -1
              ],
              "size": [
                6,
                10,
                6
              ],
              "pivot": [
                0,
                0,
                0
              ],
              "rotation": [
                5,
                0,
                0
              ],
              "uv": [
                0,
                0
              ]
            },
            {
              "origin": [
                -1,
                34,
                4
              ],
              "size": [
                5,
                6,
                0
              ],
              "uv": [
                54,
                58
              ]
            },
            {
              "origin": [
                -8,
                24,
                -4
              ],
              "size": [
                5,
                6,
                0
              ],
              "pivot": [
                0,
                24,
                0
              ],
              "rotation": [
                10,
                0,
                32.5
              ],
              "uv": [
                54,
                58
              ]
            },
            {
              "origin": [
                -8,
                31,
                10
              ],
              "size": [
                5,
                6,
                0
              ],
              "pivot": [
                0,
                24,
                0
              ],
              "rotation": [
                48.4877,
                10.07026,
                43.67505
              ],
              "uv": [
                54,
                58
              ]
            },
            {
              "origin": [
                -6,
                24,
                2
              ],
              "size": [
                5,
                6,
                0
              ],
              "pivot": [
                0,
                24,
                0
              ],
              "rotation": [
                -32.5,
                0,
                30
              ],
              "uv": [
                54,
                58
              ]
            },
            {
              "origin": [
                -1,
                29,
                -2
              ],
              "size": [
                2,
                2,
                2
              ],
              "uv": [
                0,
                0
              ]
            }
          ]
        },
        {
          "name": "Body",
          "pivot": [
            0,
            24,
            0
          ],
          "cubes": [
            {
              "origin": [
                -5,
                22,
                -0.25
              ],
              "size": [
                10,
                7,
                4
              ],
              "pivot": [
                0,
                0,
                0
              ],
              "rotation": [
                5,
                0,
                0
              ],
              "uv": [
                0,
                18
              ]
            },
            {
              "origin": [
                -3,
                17,
                -2
              ],
              "size": [
                6,
                5.25,
                4
              ],
              "uv": [
                25,
                26
              ]
            },
            {
              "origin": [
                5,
                8,
                -3.5
              ],
              "size": [
                3,
                11,
                3
              ],
              "pivot": [
                0,
                0,
                0
              ],
              "rotation": [
                -7.5,
                0,
                0
              ],
              "uv": [
                26,
                1
              ]
            },
            {
              "origin": [
                5,
                19,
                0.5
              ],
              "size": [
                3,
                9,
                3
              ],
              "pivot": [
                0,
                0,
                0
              ],
              "rotation": [
                5,
                0,
                0
              ],
              "uv": [
                37,
                13
              ]
            },
            {
              "origin": [
                -8,
                8,
                -3.5
              ],
              "size": [
                3,
                11,
                3
              ],
              "pivot": [
                0,
                0,
                0
              ],
              "rotation": [
                -7.5,
                0,
                0
              ],
              "uv": [
                26,
                1
              ]
            },
            {
              "origin": [
                -8,
                19,
                0.5
              ],
              "size": [
                3,
                9,
                3
              ],
              "pivot": [
                0,
                0,
                0
              ],
              "rotation": [
                5,
                0,
                0
              ],
              "uv": [
                37,
                13
              ]
            }
          ]
        },
        {
          "name": "RightLeg",
          "pivot": [
            -1.9,
            17,
            0
          ],
          "cubes": [
            {
              "origin": [
                -2.9,
                9,
                -4
              ],
              "size": [
                2,
                8,
                4
              ],
              "pivot": [
                0,
                0,
                0
              ],
              "rotation": [
                -7.5,
                0,
                0
              ],
              "uv": [
                39,
                46
              ]
            },
            {
              "origin": [
                -2.9,
                1,
                -2.5
              ],
              "size": [
                2,
                9,
                4
              ],
              "pivot": [
                0,
                0,
                0
              ],
              "rotation": [
                2.5,
                0,
                0
              ],
              "uv": [
                43,
                32
              ]
            }
          ]
        },
        {
          "name": "LeftLeg",
          "pivot": [
            1.9,
            17,
            0
          ],
          "cubes": [
            {
              "origin": [
                1.1,
                9,
                -4
              ],
              "size": [
                2,
                8,
                4
              ],
              "pivot": [
                0,
                0,
                0
              ],
              "rotation": [
                -7.5,
                0,
                0
              ],
              "uv": [
                0,
                46
              ]
            },
            {
              "origin": [
                1.1,
                1,
                -2.5
              ],
              "size": [
                2,
                9,
                4
              ],
              "pivot": [
                0,
                0,
                0
              ],
              "rotation": [
                2.5,
                0,
                0
              ],
              "uv": [
                30,
                36
              ]
            }
          ]
        }
      ]
    }
  ]
}