{
  "format_version": "1.12.0",
  "minecraft:geometry": [
    {
      "description": {
        "identifier": "geometry.seb_skibi_vac",
        "texture_width": 64,
        "texture_height": 64,
        "visible_bounds_width": 3,
        "visible_bounds_height": 10.5,
        "visible_bounds_offset": [
          0,
          4.75,
          0
        ]
      },
      "bones": [
        {
          "name": "Model",
          "pivot": [
            7,
            0,
            8
          ],
          "rotation": [
            90,
            -32.5,
            -90
          ],
          "cubes": [
            {
              "origin": [
                -1,
                12,
                7
              ],
              "size": [
                17,
                2,
                16
              ],
              "uv": [
                0,
                16
              ]
            },
            {
              "origin": [
                2,
                9,
                9
              ],
              "size": [
                11,
                3,
                11
              ],
              "uv": [
                11,
                41
              ]
            },
            {
              "origin": [
                5,
                2,
                10
              ],
              "size": [
                6,
                7,
                9
              ],
              "uv": [
                1,
                43
              ]
            }
          ]
        },
        {
          "name": "Model2",
          "pivot": [
            0,
            25,
            0
          ],
          "cubes": [
            {
              "origin": [
                -2,
                6,
                -9
              ],
              "size": [
                4,
                6,
                4
              ],
              "pivot": [
                0,
                25,
                0
              ],
              "rotation": [
                10,
                0,
                0
              ],
              "uv": [
                48,
                55
              ]
            }
          ]
        },
        {
          "name": "Head",
          "pivot": [
            0,
            10,
            -4
          ],
          "cubes": [
            {
              "origin": [
                -4,
                9,
                -11
              ],
              "size": [
                8,
                8,
                8
              ],
              "pivot": [
                0,
                1,
                0
              ],
              "rotation": [
                -5,
                0,
                0
              ],
              "uv": [
                0,
                0
              ]
            },
            {
              "origin": [
                -6,
                12,
                -8
              ],
              "size": [
                1,
                1,
                1
              ],
              "pivot": [
                0,
                0,
                0
              ],
              "rotation": [
                -5,
                0,
                0
              ],
              "uv": [
                46,
                49
              ]
            },
            {
              "origin": [
                -5,
                12,
                -12
              ],
              "size": [
                1,
                1,
                5
              ],
              "pivot": [
                0,
                0,
                0
              ],
              "rotation": [
                -5,
                0,
                0
              ],
              "uv": [
                42,
                45
              ]
            },
            {
              "origin": [
                5,
                12,
                -8
              ],
              "size": [
                1,
                1,
                1
              ],
              "pivot": [
                0,
                0,
                0
              ],
              "rotation": [
                -5,
                0,
                0
              ],
              "uv": [
                46,
                49
              ]
            },
            {
              "origin": [
                4,
                12,
                -12
              ],
              "size": [
                1,
                1,
                5
              ],
              "pivot": [
                0,
                0,
                0
              ],
              "rotation": [
                -5,
                0,
                0
              ],
              "uv": [
                42,
                45
              ]
            },
            {
              "origin": [
                -4,
                12,
                -12
              ],
              "size": [
                8,
                1,
                1
              ],
              "pivot": [
                0,
                0,
                0
              ],
              "rotation": [
                -5,
                0,
                0
              ],
              "uv": [
                46,
                49
              ]
            }
          ]
        },
        {
          "name": "Model3",
          "pivot": [
            0,
            0,
            0
          ],
          "cubes": [
            {
              "origin": [
                -8,
                0,
                8
              ],
              "size": [
                16,
                2,
                2
              ],
              "uv": [
                28,
                4
              ]
            },
            {
              "origin": [
                -10,
                0,
                -2
              ],
              "size": [
                2,
                11,
                12
              ],
              "uv": [
                0,
                22
              ]
            },
            {
              "origin": [
                -10,
                0,
                -10
              ],
              "size": [
                2,
                11,
                12
              ],
              "pivot": [
                0,
                0,
                0
              ],
              "rotation": [
                -179.99762,
                0.00238,
                -179.89099
              ],
              "uv": [
                0,
                22
              ]
            }
          ]
        }
      ]
    }
  ]
}