{
  "format_version": "1.12.0",
  "minecraft:geometry": [
    {
      "description": {
        "identifier": "geometry.seb_laser_gun_cameraman",
        "texture_width": 64,
        "texture_height": 64,
        "visible_bounds_width": 2,
        "visible_bounds_height": 3.5,
        "visible_bounds_offset": [
          0,
          1.25,
          0
        ]
      },
      "bones": [
        {
          "name": "Body",
          "pivot": [
            0,
            24,
            0
          ],
          "cubes": [
            {
              "origin": [
                -4,
                12,
                -2
              ],
              "size": [
                8,
                12,
                4
              ],
              "uv": [
                16,
                16
              ]
            },
            {
              "origin": [
                -1,
                24,
                -1
              ],
              "size": [
                2,
                2,
                2
              ],
              "uv": [
                39,
                2
              ]
            },
            {
              "origin": [
                -2,
                26,
                -6
              ],
              "size": [
                4,
                3,
                7
              ],
              "uv": [
                0,
                38
              ]
            },
            {
              "origin": [
                -3,
                25,
                -4
              ],
              "size": [
                1,
                2,
                2
              ],
              "uv": [
                27,
                3
              ]
            },
            {
              "origin": [
                -2,
                24,
                -4
              ],
              "size": [
                2,
                2,
                2
              ],
              "uv": [
                0,
                0
              ]
            },
            {
              "origin": [
                -2,
                29,
                -7
              ],
              "size": [
                4,
                1,
                4
              ],
              "uv": [
                48,
                40
              ]
            },
            {
              "origin": [
                -3,
                27,
                -7
              ],
              "size": [
                1,
                3,
                4
              ],
              "uv": [
                32,
                9
              ]
            },
            {
              "origin": [
                2,
                27,
                -7
              ],
              "size": [
                1,
                3,
                4
              ],
              "uv": [
                26,
                36
              ]
            }
          ]
        },
        {
          "name": "RightArm",
          "pivot": [
            -5,
            22,
            0
          ],
          "cubes": [
            {
              "origin": [
                -8,
                12,
                -2
              ],
              "size": [
                4,
                12,
                4
              ],
              "uv": [
                40,
                16
              ]
            }
          ]
        },
        {
          "name": "LeftArm",
          "pivot": [
            5,
            22,
            0
          ],
          "cubes": [
            {
              "origin": [
                4,
                12,
                -2
              ],
              "size": [
                4,
                12,
                4
              ],
              "uv": [
                32,
                48
              ]
            },
            {
              "origin": [
                4,
                11,
                -6
              ],
              "size": [
                4,
                5,
                4
              ],
              "uv": [
                0,
                49
              ]
            },
            {
              "origin": [
                7,
                6,
                -6
              ],
              "size": [
                1,
                5,
                1
              ],
              "uv": [
                58,
                57
              ]
            },
            {
              "origin": [
                4,
                6,
                -6
              ],
              "size": [
                1,
                5,
                1
              ],
              "uv": [
                58,
                53
              ]
            },
            {
              "origin": [
                4,
                5,
                -6
              ],
              "size": [
                4,
                1,
                4
              ],
              "uv": [
                39,
                34
              ]
            },
            {
              "origin": [
                4,
                6,
                -3
              ],
              "size": [
                1,
                5,
                1
              ],
              "uv": [
                50,
                57
              ]
            },
            {
              "origin": [
                7,
                6,
                -3
              ],
              "size": [
                1,
                5,
                1
              ],
              "uv": [
                53,
                55
              ]
            },
            {
              "origin": [
                5,
                11,
                -2
              ],
              "size": [
                2,
                1,
                2
              ],
              "uv": [
                55,
                4
              ]
            },
            {
              "origin": [
                5,
                4,
                -5
              ],
              "size": [
                2,
                1,
                2
              ],
              "uv": [
                39,
                1
              ]
            }
          ]
        },
        {
          "name": "RightLeg",
          "pivot": [
            -1.9,
            12,
            0
          ],
          "cubes": [
            {
              "origin": [
                -3.9,
                0,
                -2
              ],
              "size": [
                4,
                12,
                4
              ],
              "uv": [
                0,
                16
              ]
            }
          ]
        },
        {
          "name": "LeftLeg",
          "pivot": [
            1.9,
            12,
            0
          ],
          "cubes": [
            {
              "origin": [
                -0.1,
                0,
                -2
              ],
              "size": [
                4,
                12,
                4
              ],
              "uv": [
                16,
                48
              ]
            }
          ]
        }
      ]
    }
  ]
}