{
  "format_version": "1.12.0",
  "minecraft:geometry": [
    {
      "description": {
        "identifier": "geometry.seb_skibidi_strider",
        "texture_width": 64,
        "texture_height": 64,
        "visible_bounds_width": 4,
        "visible_bounds_height": 10.5,
        "visible_bounds_offset": [
          0,
          4.75,
          0
        ]
      },
      "bones": [
        {
          "name": "bb_main",
          "pivot": [
            0,
            0,
            0
          ],
          "cubes": [
            {
              "origin": [
                -23,
                14,
                -1
              ],
              "size": [
                17,
                1,
                1
              ],
              "pivot": [
                0,
                0,
                0
              ],
              "rotation": [
                90.86724,
                73.06218,
                93.46078
              ],
              "uv": [
                24,
                6
              ]
            },
            {
              "origin": [
                -25,
                14,
                -1
              ],
              "size": [
                17,
                1,
                1
              ],
              "pivot": [
                0,
                0,
                0
              ],
              "rotation": [
                0,
                -20,
                17.5
              ],
              "uv": [
                24,
                6
              ]
            },
            {
              "origin": [
                6,
                14,
                2
              ],
              "size": [
                17,
                1,
                1
              ],
              "pivot": [
                0,
                0,
                0
              ],
              "rotation": [
                0,
                20,
                -17.5
              ],
              "uv": [
                24,
                6
              ]
            }
          ]
        },
        {
          "name": "Model",
          "pivot": [
            7,
            11,
            -2
          ],
          "rotation": [
            0,
            -90,
            0
          ],
          "cubes": [
            {
              "origin": [
                -1,
                23,
                -3
              ],
              "size": [
                17,
                2,
                16
              ],
              "uv": [
                0,
                16
              ]
            },
            {
              "origin": [
                -13,
                20,
                -10
              ],
              "size": [
                11,
                3,
                11
              ],
              "pivot": [
                0,
                0,
                0
              ],
              "rotation": [
                0,
                180,
                0
              ],
              "uv": [
                20,
                18
              ]
            },
            {
              "origin": [
                5,
                13,
                0
              ],
              "size": [
                6,
                7,
                9
              ],
              "uv": [
                34,
                10
              ]
            },
            {
              "origin": [
                3,
                11,
                -1
              ],
              "size": [
                10,
                2,
                11
              ],
              "uv": [
                22,
                18
              ]
            },
            {
              "origin": [
                6,
                8,
                3
              ],
              "size": [
                3,
                3,
                3
              ],
              "uv": [
                6,
                24
              ]
            },
            {
              "origin": [
                0,
                9,
                4
              ],
              "size": [
                6,
                1,
                1
              ],
              "uv": [
                24,
                4
              ],
              "mirror": true
            }
          ]
        },
        {
          "name": "Head",
          "pivot": [
            0,
            29,
            -2
          ],
          "cubes": [
            {
              "origin": [
                -4,
                29,
                -8
              ],
              "size": [
                8,
                8,
                8
              ],
              "pivot": [
                0,
                11,
                0
              ],
              "rotation": [
                -5,
                0,
                0
              ],
              "uv": [
                0,
                0
              ]
            }
          ]
        },
        {
          "name": "Model2",
          "pivot": [
            0,
            35,
            0
          ],
          "cubes": [
            {
              "origin": [
                -8,
                25,
                -10
              ],
              "size": [
                3,
                1,
                14
              ],
              "uv": [
                12,
                33
              ]
            },
            {
              "origin": [
                5,
                25,
                -10
              ],
              "size": [
                3,
                1,
                14
              ],
              "uv": [
                18,
                33
              ]
            },
            {
              "origin": [
                -10,
                25,
                -5
              ],
              "size": [
                3,
                1,
                10
              ],
              "pivot": [
                0,
                35,
                0
              ],
              "rotation": [
                0,
                -90,
                0
              ],
              "uv": [
                0,
                19
              ]
            },
            {
              "origin": [
                4,
                25,
                -8
              ],
              "size": [
                3,
                1,
                16
              ],
              "pivot": [
                0,
                35,
                0
              ],
              "rotation": [
                0,
                -90,
                0
              ],
              "uv": [
                26,
                42
              ]
            },
            {
              "origin": [
                -2,
                25,
                -5
              ],
              "size": [
                4,
                6,
                4
              ],
              "pivot": [
                0,
                35,
                0
              ],
              "rotation": [
                10,
                0,
                0
              ],
              "uv": [
                48,
                55
              ]
            }
          ]
        },
        {
          "name": "leg3",
          "pivot": [
            -17,
            20,
            -9
          ],
          "cubes": [
            {
              "origin": [
                -17,
                -21,
                -9
              ],
              "size": [
                21,
                1,
                1
              ],
              "pivot": [
                0,
                0,
                0
              ],
              "rotation": [
                0,
                0,
                100
              ],
              "uv": [
                0,
                62
              ]
            }
          ]
        },
        {
          "name": "leg2",
          "pivot": [
            17,
            20,
            -6
          ],
          "cubes": [
            {
              "origin": [
                -4,
                -21,
                -6
              ],
              "size": [
                21,
                1,
                1
              ],
              "pivot": [
                0,
                0,
                0
              ],
              "rotation": [
                0,
                0,
                -100
              ],
              "uv": [
                0,
                62
              ]
            }
          ]
        },
        {
          "name": "leg1",
          "pivot": [
            1,
            21,
            17
          ],
          "cubes": [
            {
              "origin": [
                -22,
                -18,
                0
              ],
              "size": [
                21,
                1,
                1
              ],
              "pivot": [
                0,
                0,
                0
              ],
              "rotation": [
                89.85108,
                1.72794,
                90.14892
              ],
              "uv": [
                0,
                62
              ]
            }
          ]
        }
      ]
    }
  ]
}