{
  "format_version": "1.12.0",
  "minecraft:geometry": [
    {
      "description": {
        "identifier": "geometry.seb_sirenman",
        "texture_width": 64,
        "texture_height": 64,
        "visible_bounds_width": 3,
        "visible_bounds_height": 3.5,
        "visible_bounds_offset": [
          0,
          1.25,
          0
        ]
      },
      "bones": [
        {
          "name": "LeftLeg",
          "pivot": [
            2,
            12,
            2
          ],
          "cubes": [
            {
              "origin": [
                1,
                6,
                0
              ],
              "size": [
                2,
                6,
                2
              ],
              "pivot": [
                0,
                0,
                0
              ],
              "rotation": [
                -5,
                0,
                0
              ],
              "uv": [
                28,
                0
              ]
            },
            {
              "origin": [
                1,
                0,
                0.5
              ],
              "size": [
                2,
                6,
                2
              ],
              "uv": [
                27,
                26
              ]
            }
          ]
        },
        {
          "name": "Body",
          "pivot": [
            0,
            22,
            0
          ],
          "cubes": [
            {
              "origin": [
                -2.5,
                16,
                0
              ],
              "size": [
                6,
                6,
                3.5
              ],
              "uv": [
                0,
                0
              ]
            },
            {
              "origin": [
                -2,
                12,
                0.75
              ],
              "size": [
                5,
                4,
                2.25
              ],
              "uv": [
                15,
                10
              ]
            },
            {
              "origin": [
                0,
                22,
                1
              ],
              "size": [
                1,
                3,
                1
              ],
              "uv": [
                33,
                60
              ],
              "mirror": true
            }
          ]
        },
        {
          "name": "LeftArm",
          "pivot": [
            3,
            22,
            2
          ],
          "cubes": [
            {
              "origin": [
                3.5,
                16,
                0.5
              ],
              "size": [
                2,
                6,
                2
              ],
              "uv": [
                19,
                0
              ]
            },
            {
              "origin": [
                3.5,
                10,
                -2.5
              ],
              "size": [
                2,
                6,
                2
              ],
              "pivot": [
                -8,
                0,
                0
              ],
              "rotation": [
                -10,
                0,
                0
              ],
              "uv": [
                13,
                17
              ]
            }
          ]
        },
        {
          "name": "RightArm",
          "pivot": [
            -2,
            22,
            2
          ],
          "cubes": [
            {
              "origin": [
                -4.5,
                10,
                -2.5
              ],
              "size": [
                2,
                6,
                2
              ],
              "pivot": [
                -8,
                0,
                0
              ],
              "rotation": [
                -10,
                0,
                0
              ],
              "uv": [
                13,
                17
              ]
            },
            {
              "origin": [
                -4.5,
                16,
                0.5
              ],
              "size": [
                2,
                6,
                2
              ],
              "uv": [
                19,
                0
              ]
            }
          ]
        },
        {
          "name": "RightLeg",
          "pivot": [
            -1,
            12,
            2
          ],
          "cubes": [
            {
              "origin": [
                -2,
                6,
                0
              ],
              "size": [
                2,
                6,
                2
              ],
              "pivot": [
                0,
                0,
                0
              ],
              "rotation": [
                -5,
                0,
                0
              ],
              "uv": [
                18,
                26
              ]
            },
            {
              "origin": [
                -2,
                0,
                0.5
              ],
              "size": [
                2,
                6,
                2
              ],
              "uv": [
                9,
                26
              ]
            }
          ]
        },
        {
          "name": "Head",
          "pivot": [
            0,
            25,
            2
          ],
          "cubes": [
            {
              "origin": [
                -1,
                27,
                -8
              ],
              "size": [
                3,
                1,
                3
              ],
              "pivot": [
                0,
                0,
                0
              ],
              "rotation": [
                -7.5,
                0,
                0
              ],
              "uv": [
                52,
                60
              ],
              "mirror": true
            },
            {
              "origin": [
                -1,
                25.37007,
                -4.35382
              ],
              "size": [
                3,
                1,
                3
              ],
              "pivot": [
                0,
                28,
                -1
              ],
              "rotation": [
                7.5,
                0,
                0
              ],
              "uv": [
                20,
                43
              ],
              "mirror": true
            },
            {
              "origin": [
                2,
                25,
                -4
              ],
              "size": [
                1,
                4,
                3
              ],
              "uv": [
                56,
                57
              ],
              "mirror": true
            },
            {
              "origin": [
                -2,
                25,
                -4
              ],
              "size": [
                1,
                4,
                3
              ],
              "uv": [
                0,
                57
              ],
              "mirror": true
            },
            {
              "origin": [
                -1,
                25,
                -2
              ],
              "size": [
                3,
                3,
                4
              ],
              "uv": [
                50,
                3
              ],
              "mirror": true
            },
            {
              "origin": [
                0,
                26.5,
                -3
              ],
              "size": [
                1,
                1,
                1
              ],
              "uv": [
                47,
                29
              ],
              "mirror": true
            }
          ]
        }
      ]
    }
  ]
}