{
  "format_version": "1.12.0",
  "minecraft:geometry": [
    {
      "description": {
        "identifier": "geometry.seb_titan_speakerman_turned",
        "texture_width": 128,
        "texture_height": 128,
        "visible_bounds_width": 3,
        "visible_bounds_height": 4,
        "visible_bounds_offset": [
          0,
          1,
          0
        ]
      },
      "bones": [
        {
          "name": "Head",
          "pivot": [
            0,
            24,
            0
          ],
          "cubes": [
            {
              "origin": [
                -4,
                24,
                -3
              ],
              "size": [
                8,
                4,
                3
              ],
              "uv": [
                26,
                44
              ]
            },
            {
              "origin": [
                -33,
                -2,
                -3
              ],
              "size": [
                5,
                4,
                3
              ],
              "pivot": [
                0,
                0,
                0
              ],
              "rotation": [
                0,
                0,
                90
              ],
              "uv": [
                0,
                58
              ]
            },
            {
              "origin": [
                -34,
                -3,
                0
              ],
              "size": [
                10,
                6,
                2
              ],
              "pivot": [
                0,
                0,
                0
              ],
              "rotation": [
                0,
                0,
                90
              ],
              "uv": [
                26,
                35
              ]
            },
            {
              "origin": [
                -36,
                -5,
                0
              ],
              "size": [
                12,
                2,
                2
              ],
              "pivot": [
                0,
                0,
                0
              ],
              "rotation": [
                0,
                0,
                90
              ],
              "uv": [
                31,
                18
              ]
            },
            {
              "origin": [
                -36,
                3,
                0
              ],
              "size": [
                12,
                2,
                2
              ],
              "pivot": [
                0,
                0,
                0
              ],
              "rotation": [
                0,
                0,
                90
              ],
              "uv": [
                31,
                18
              ]
            }
          ]
        },
        {
          "name": "Body",
          "pivot": [
            0,
            24,
            0
          ],
          "cubes": [
            {
              "origin": [
                -3,
                12,
                -2
              ],
              "size": [
                6,
                4,
                4
              ],
              "uv": [
                45,
                48
              ]
            },
            {
              "origin": [
                -4,
                16,
                -2
              ],
              "size": [
                8,
                8,
                4
              ],
              "uv": [
                31,
                0
              ]
            },
            {
              "origin": [
                -2,
                18,
                -3
              ],
              "size": [
                4,
                4,
                1
              ],
              "uv": [
                28,
                69
              ]
            },
            {
              "origin": [
                -3.5,
                18,
                -3
              ],
              "size": [
                1.5,
                4,
                1
              ],
              "uv": [
                60,
                38
              ]
            },
            {
              "origin": [
                2,
                18,
                -3
              ],
              "size": [
                1.5,
                4,
                1
              ],
              "uv": [
                28,
                60
              ]
            },
            {
              "origin": [
                -5,
                13,
                4
              ],
              "size": [
                10,
                17,
                5
              ],
              "uv": [
                0,
                0
              ]
            },
            {
              "origin": [
                6,
                7,
                5
              ],
              "size": [
                3,
                23,
                3
              ],
              "uv": [
                13,
                23
              ]
            },
            {
              "origin": [
                5,
                17,
                5
              ],
              "size": [
                1,
                1,
                3
              ],
              "uv": [
                48,
                69
              ]
            },
            {
              "origin": [
                -6,
                17,
                5
              ],
              "size": [
                1,
                1,
                3
              ],
              "uv": [
                14,
                50
              ]
            },
            {
              "origin": [
                5,
                23,
                5
              ],
              "size": [
                1,
                1,
                3
              ],
              "uv": [
                39,
                69
              ]
            },
            {
              "origin": [
                -6,
                23,
                5
              ],
              "size": [
                1,
                1,
                3
              ],
              "uv": [
                33,
                52
              ]
            },
            {
              "origin": [
                -9,
                7,
                5
              ],
              "size": [
                3,
                23,
                3
              ],
              "uv": [
                0,
                23
              ]
            },
            {
              "origin": [
                5.5,
                26,
                4
              ],
              "size": [
                4,
                2,
                5
              ],
              "uv": [
                54,
                30
              ]
            },
            {
              "origin": [
                -9.5,
                26,
                4
              ],
              "size": [
                4,
                2,
                5
              ],
              "uv": [
                0,
                50
              ]
            },
            {
              "origin": [
                5.5,
                12,
                4
              ],
              "size": [
                4,
                2,
                5
              ],
              "uv": [
                19,
                52
              ]
            },
            {
              "origin": [
                -9.5,
                12,
                4
              ],
              "size": [
                4,
                2,
                5
              ],
              "uv": [
                46,
                39
              ]
            },
            {
              "origin": [
                -17,
                12,
                2
              ],
              "size": [
                14,
                3,
                2
              ],
              "pivot": [
                0,
                19,
                0
              ],
              "rotation": [
                0,
                0,
                77.5
              ],
              "uv": [
                26,
                23
              ]
            },
            {
              "origin": [
                -17,
                21,
                2
              ],
              "size": [
                14,
                3,
                2
              ],
              "pivot": [
                0,
                19,
                0
              ],
              "rotation": [
                0,
                0,
                107.5
              ],
              "uv": [
                26,
                23
              ]
            }
          ]
        },
        {
          "name": "RightArm",
          "pivot": [
            -5,
            22,
            0
          ],
          "cubes": [
            {
              "origin": [
                -6.75,
                8,
                -4.5
              ],
              "size": [
                2.75,
                9,
                3.5
              ],
              "pivot": [
                0,
                0,
                0
              ],
              "rotation": [
                -10,
                0,
                0
              ],
              "uv": [
                61,
                57
              ]
            },
            {
              "origin": [
                -6.25,
                7,
                -4
              ],
              "size": [
                1.75,
                1,
                2.5
              ],
              "pivot": [
                0,
                0,
                0
              ],
              "rotation": [
                -10,
                0,
                0
              ],
              "uv": [
                52,
                0
              ]
            },
            {
              "origin": [
                -6.75,
                17,
                -2
              ],
              "size": [
                2.75,
                7,
                4
              ],
              "uv": [
                48,
                57
              ]
            }
          ]
        },
        {
          "name": "LeftArm",
          "pivot": [
            5,
            22,
            0
          ],
          "cubes": [
            {
              "origin": [
                6.75,
                15,
                -4
              ],
              "size": [
                3,
                4,
                3
              ],
              "pivot": [
                0,
                0,
                0
              ],
              "rotation": [
                -10,
                0,
                0
              ],
              "uv": [
                66,
                49
              ]
            },
            {
              "origin": [
                6.25,
                5,
                -4
              ],
              "size": [
                4,
                2,
                3
              ],
              "pivot": [
                0,
                0,
                0
              ],
              "rotation": [
                -10,
                0,
                0
              ],
              "uv": [
                60,
                12
              ]
            },
            {
              "origin": [
                6.75,
                10,
                -4.5
              ],
              "size": [
                4,
                2,
                4
              ],
              "pivot": [
                0,
                0,
                0
              ],
              "rotation": [
                -10,
                0,
                0
              ],
              "uv": [
                59,
                19
              ]
            },
            {
              "origin": [
                6.75,
                7,
                -4
              ],
              "size": [
                3,
                8,
                3
              ],
              "pivot": [
                0,
                0,
                0
              ],
              "rotation": [
                -10,
                0,
                0
              ],
              "uv": [
                35,
                57
              ]
            },
            {
              "origin": [
                4.5,
                7,
                -4
              ],
              "size": [
                1.75,
                1,
                2.5
              ],
              "pivot": [
                0,
                0,
                0
              ],
              "rotation": [
                -10,
                0,
                0
              ],
              "uv": [
                26,
                0
              ]
            },
            {
              "origin": [
                4,
                17,
                -2
              ],
              "size": [
                2.75,
                7,
                4
              ],
              "uv": [
                56,
                0
              ]
            },
            {
              "origin": [
                4,
                8,
                -4.5
              ],
              "size": [
                2.75,
                9,
                3.5
              ],
              "pivot": [
                0,
                0,
                0
              ],
              "rotation": [
                -10,
                0,
                0
              ],
              "uv": [
                17,
                60
              ]
            }
          ]
        },
        {
          "name": "RightLeg",
          "pivot": [
            -1.9,
            12,
            0
          ],
          "cubes": [
            {
              "origin": [
                -3,
                5,
                -3
              ],
              "size": [
                2.5,
                7,
                3
              ],
              "pivot": [
                0,
                0,
                0
              ],
              "rotation": [
                -7.5,
                0,
                0
              ],
              "uv": [
                0,
                66
              ]
            },
            {
              "origin": [
                -3,
                0,
                -2.25
              ],
              "size": [
                2.5,
                5.5,
                3
              ],
              "uv": [
                69,
                0
              ]
            }
          ]
        },
        {
          "name": "LeftLeg",
          "pivot": [
            1.9,
            12,
            0
          ],
          "cubes": [
            {
              "origin": [
                0.5,
                5,
                -3
              ],
              "size": [
                2.5,
                7,
                3
              ],
              "pivot": [
                0,
                0,
                0
              ],
              "rotation": [
                -7.5,
                0,
                0
              ],
              "uv": [
                0,
                66
              ]
            },
            {
              "origin": [
                0.5,
                0,
                -2.25
              ],
              "size": [
                2.5,
                5.5,
                3
              ],
              "uv": [
                69,
                0
              ]
            }
          ]
        }
      ]
    }
  ]
}