{
  "format_version": "1.12.0",
  "minecraft:geometry": [
    {
      "description": {
        "identifier": "geometry.seb_rocket_skibidi_toilet",
        "texture_width": 256,
        "texture_height": 256,
        "visible_bounds_width": 7,
        "visible_bounds_height": 11,
        "visible_bounds_offset": [
          0,
          4.5,
          0
        ]
      },
      "bones": [
        {
          "name": "Model",
          "pivot": [
            5,
            3,
            -2
          ],
          "rotation": [
            0,
            -90,
            0
          ],
          "cubes": [
            {
              "origin": [
                -3,
                13,
                -3
              ],
              "size": [
                14,
                2,
                16
              ],
              "uv": [
                87,
                74
              ]
            },
            {
              "origin": [
                0,
                10,
                -1
              ],
              "size": [
                11,
                3,
                11
              ],
              "uv": [
                47,
                90
              ]
            },
            {
              "origin": [
                3,
                3,
                0
              ],
              "size": [
                6,
                7,
                9
              ],
              "uv": [
                0,
                17
              ]
            },
            {
              "origin": [
                -17.5,
                1,
                -13.5
              ],
              "size": [
                36,
                2,
                36.5
              ],
              "uv": [
                0,
                0
              ]
            }
          ]
        },
        {
          "name": "Model2",
          "pivot": [
            -2,
            27,
            0
          ],
          "cubes": [
            {
              "origin": [
                -10,
                3,
                4
              ],
              "size": [
                16,
                29,
                7
              ],
              "uv": [
                0,
                90
              ]
            },
            {
              "origin": [
                -20,
                3,
                11
              ],
              "size": [
                37,
                36,
                14
              ],
              "uv": [
                0,
                39
              ]
            },
            {
              "origin": [
                17,
                32,
                11
              ],
              "size": [
                5,
                5,
                14
              ],
              "uv": [
                103,
                99
              ]
            },
            {
              "origin": [
                -25,
                32,
                11
              ],
              "size": [
                5,
                5,
                14
              ],
              "uv": [
                103,
                99
              ]
            },
            {
              "origin": [
                17,
                19,
                11
              ],
              "size": [
                5,
                5,
                14
              ],
              "uv": [
                103,
                99
              ]
            },
            {
              "origin": [
                -25,
                19,
                11
              ],
              "size": [
                5,
                5,
                14
              ],
              "uv": [
                103,
                99
              ]
            },
            {
              "origin": [
                17,
                6,
                11
              ],
              "size": [
                5,
                5,
                14
              ],
              "uv": [
                103,
                99
              ]
            },
            {
              "origin": [
                -25,
                6,
                11
              ],
              "size": [
                5,
                5,
                14
              ],
              "uv": [
                103,
                99
              ]
            },
            {
              "origin": [
                18,
                33,
                25
              ],
              "size": [
                3,
                3,
                7
              ],
              "uv": [
                89,
                39
              ]
            },
            {
              "origin": [
                18,
                20,
                25
              ],
              "size": [
                3,
                3,
                7
              ],
              "uv": [
                89,
                39
              ]
            },
            {
              "origin": [
                18,
                6,
                25
              ],
              "size": [
                3,
                3,
                7
              ],
              "uv": [
                89,
                39
              ]
            },
            {
              "origin": [
                -24,
                7,
                25
              ],
              "size": [
                3,
                3,
                7
              ],
              "uv": [
                89,
                39
              ]
            },
            {
              "origin": [
                -24,
                20,
                25
              ],
              "size": [
                3,
                3,
                7
              ],
              "uv": [
                89,
                39
              ]
            },
            {
              "origin": [
                -24,
                33,
                25
              ],
              "size": [
                3,
                3,
                7
              ],
              "uv": [
                89,
                39
              ]
            },
            {
              "origin": [
                16,
                31,
                32
              ],
              "size": [
                7,
                7,
                7
              ],
              "uv": [
                111,
                119
              ]
            },
            {
              "origin": [
                19,
                34,
                39
              ],
              "size": [
                1,
                1,
                5
              ],
              "uv": [
                174,
                19
              ]
            },
            {
              "origin": [
                19,
                20,
                39
              ],
              "size": [
                1,
                1,
                5
              ],
              "uv": [
                174,
                19
              ]
            },
            {
              "origin": [
                19,
                6,
                39
              ],
              "size": [
                1,
                1,
                5
              ],
              "uv": [
                174,
                19
              ]
            },
            {
              "origin": [
                19,
                35,
                42
              ],
              "size": [
                1,
                1,
                5
              ],
              "uv": [
                174,
                19
              ]
            },
            {
              "origin": [
                19,
                21,
                42
              ],
              "size": [
                1,
                1,
                5
              ],
              "uv": [
                174,
                19
              ]
            },
            {
              "origin": [
                19,
                7,
                42
              ],
              "size": [
                1,
                1,
                5
              ],
              "uv": [
                174,
                19
              ]
            },
            {
              "origin": [
                -23,
                7,
                39
              ],
              "size": [
                1,
                1,
                5
              ],
              "uv": [
                174,
                19
              ]
            },
            {
              "origin": [
                -23,
                21,
                39
              ],
              "size": [
                1,
                1,
                5
              ],
              "uv": [
                174,
                19
              ]
            },
            {
              "origin": [
                -23,
                34,
                39
              ],
              "size": [
                1,
                1,
                5
              ],
              "uv": [
                174,
                19
              ]
            },
            {
              "origin": [
                -23,
                8,
                42
              ],
              "size": [
                1,
                1,
                5
              ],
              "uv": [
                174,
                19
              ]
            },
            {
              "origin": [
                -23,
                22,
                42
              ],
              "size": [
                1,
                1,
                5
              ],
              "uv": [
                174,
                19
              ]
            },
            {
              "origin": [
                -23,
                35,
                42
              ],
              "size": [
                1,
                1,
                5
              ],
              "uv": [
                174,
                19
              ]
            },
            {
              "origin": [
                -26,
                31,
                32
              ],
              "size": [
                7,
                7,
                7
              ],
              "uv": [
                111,
                119
              ]
            },
            {
              "origin": [
                -26,
                18,
                32
              ],
              "size": [
                7,
                7,
                7
              ],
              "uv": [
                111,
                119
              ]
            },
            {
              "origin": [
                -26,
                5,
                32
              ],
              "size": [
                7,
                7,
                7
              ],
              "uv": [
                111,
                119
              ]
            },
            {
              "origin": [
                16,
                18,
                32
              ],
              "size": [
                7,
                7,
                7
              ],
              "uv": [
                111,
                119
              ]
            },
            {
              "origin": [
                16,
                4,
                32
              ],
              "size": [
                7,
                7,
                7
              ],
              "uv": [
                111,
                119
              ]
            },
            {
              "origin": [
                -4,
                14,
                -5
              ],
              "size": [
                4,
                6,
                4
              ],
              "pivot": [
                -2,
                27,
                0
              ],
              "rotation": [
                10,
                0,
                0
              ],
              "uv": [
                134,
                0
              ]
            }
          ]
        },
        {
          "name": "Head",
          "pivot": [
            -2.5,
            18,
            -1
          ],
          "cubes": [
            {
              "origin": [
                -6,
                18,
                -8
              ],
              "size": [
                8,
                8,
                8
              ],
              "pivot": [
                0,
                3,
                0
              ],
              "rotation": [
                -5,
                0,
                0
              ],
              "uv": [
                0,
                0
              ]
            }
          ]
        }
      ]
    }
  ]
}