{
  "format_version": "1.12.0",
  "minecraft:geometry": [
    {
      "description": {
        "identifier": "geometry.seb_quadruplet_skibidi_toilet",
        "texture_width": 64,
        "texture_height": 64,
        "visible_bounds_width": 5,
        "visible_bounds_height": 11,
        "visible_bounds_offset": [
          0,
          4.5,
          0
        ]
      },
      "bones": [
        {
          "name": "LowerLayer",
          "pivot": [
            22,
            0,
            -2
          ]
        },
        {
          "name": "Toilet3",
          "parent": "LowerLayer",
          "pivot": [
            22,
            0,
            -2
          ]
        },
        {
          "name": "Model5",
          "parent": "Toilet3",
          "pivot": [
            22,
            0,
            -2
          ],
          "rotation": [
            0,
            -90,
            0
          ],
          "cubes": [
            {
              "origin": [
                14,
                12,
                -3
              ],
              "size": [
                17,
                2,
                16
              ],
              "uv": [
                0,
                16
              ]
            },
            {
              "origin": [
                17,
                9,
                -1
              ],
              "size": [
                11,
                3,
                11
              ],
              "uv": [
                11,
                41
              ]
            },
            {
              "origin": [
                20,
                2,
                0
              ],
              "size": [
                6,
                7,
                9
              ],
              "uv": [
                1,
                43
              ]
            },
            {
              "origin": [
                18,
                0,
                -1
              ],
              "size": [
                10,
                2,
                11
              ],
              "uv": [
                5,
                40
              ]
            }
          ]
        },
        {
          "name": "Model6",
          "parent": "Toilet3",
          "pivot": [
            15,
            24,
            0
          ],
          "cubes": [
            {
              "origin": [
                7,
                14,
                4
              ],
              "size": [
                16,
                16,
                3
              ],
              "uv": [
                26,
                29
              ]
            },
            {
              "origin": [
                7,
                14,
                -10
              ],
              "size": [
                3,
                1,
                14
              ],
              "uv": [
                12,
                33
              ]
            },
            {
              "origin": [
                20,
                14,
                -10
              ],
              "size": [
                3,
                1,
                14
              ],
              "uv": [
                18,
                33
              ]
            },
            {
              "origin": [
                5,
                14,
                -5
              ],
              "size": [
                3,
                1,
                10
              ],
              "pivot": [
                15,
                24,
                0
              ],
              "rotation": [
                0,
                -90,
                0
              ],
              "uv": [
                33,
                10
              ]
            },
            {
              "origin": [
                8,
                27,
                3
              ],
              "size": [
                3,
                1,
                1
              ],
              "uv": [
                54,
                1
              ]
            },
            {
              "origin": [
                13,
                14,
                -5
              ],
              "size": [
                4,
                6,
                4
              ],
              "pivot": [
                15,
                24,
                0
              ],
              "rotation": [
                10,
                0,
                0
              ],
              "uv": [
                48,
                55
              ]
            }
          ]
        },
        {
          "name": "Head4",
          "parent": "Toilet3",
          "pivot": [
            15,
            18,
            -2
          ],
          "cubes": [
            {
              "origin": [
                11,
                18,
                -8
              ],
              "size": [
                8,
                8,
                8
              ],
              "pivot": [
                15,
                0,
                0
              ],
              "rotation": [
                -5,
                0,
                0
              ],
              "uv": [
                0,
                0
              ]
            }
          ]
        },
        {
          "name": "Toilet2",
          "parent": "LowerLayer",
          "pivot": [
            6,
            0,
            -2
          ]
        },
        {
          "name": "Model3",
          "parent": "Toilet2",
          "pivot": [
            6,
            0,
            -2
          ],
          "rotation": [
            0,
            -90,
            0
          ],
          "cubes": [
            {
              "origin": [
                -2,
                12,
                -3
              ],
              "size": [
                17,
                2,
                16
              ],
              "uv": [
                0,
                16
              ]
            },
            {
              "origin": [
                1,
                9,
                -1
              ],
              "size": [
                11,
                3,
                11
              ],
              "uv": [
                11,
                41
              ]
            },
            {
              "origin": [
                4,
                2,
                0
              ],
              "size": [
                6,
                7,
                9
              ],
              "uv": [
                1,
                43
              ]
            },
            {
              "origin": [
                2,
                0,
                -1
              ],
              "size": [
                10,
                2,
                11
              ],
              "uv": [
                5,
                40
              ]
            }
          ]
        },
        {
          "name": "Model4",
          "parent": "Toilet2",
          "pivot": [
            -1,
            24,
            0
          ],
          "cubes": [
            {
              "origin": [
                -9,
                14,
                4
              ],
              "size": [
                16,
                16,
                3
              ],
              "uv": [
                26,
                29
              ]
            },
            {
              "origin": [
                -9,
                14,
                -10
              ],
              "size": [
                3,
                1,
                14
              ],
              "uv": [
                12,
                33
              ]
            },
            {
              "origin": [
                4,
                14,
                -10
              ],
              "size": [
                3,
                1,
                14
              ],
              "uv": [
                18,
                33
              ]
            },
            {
              "origin": [
                -11,
                14,
                -5
              ],
              "size": [
                3,
                1,
                10
              ],
              "pivot": [
                -1,
                24,
                0
              ],
              "rotation": [
                0,
                -90,
                0
              ],
              "uv": [
                33,
                10
              ]
            },
            {
              "origin": [
                -8,
                27,
                3
              ],
              "size": [
                3,
                1,
                1
              ],
              "uv": [
                54,
                1
              ]
            },
            {
              "origin": [
                -3,
                14,
                -5
              ],
              "size": [
                4,
                6,
                4
              ],
              "pivot": [
                -1,
                24,
                0
              ],
              "rotation": [
                10,
                0,
                0
              ],
              "uv": [
                48,
                55
              ]
            }
          ]
        },
        {
          "name": "Head2",
          "parent": "Toilet2",
          "pivot": [
            -1,
            18,
            -2
          ],
          "cubes": [
            {
              "origin": [
                -5,
                18,
                -8
              ],
              "size": [
                8,
                8,
                8
              ],
              "pivot": [
                -1,
                0,
                0
              ],
              "rotation": [
                -5,
                0,
                0
              ],
              "uv": [
                0,
                0
              ]
            }
          ]
        },
        {
          "name": "Toilet",
          "parent": "LowerLayer",
          "pivot": [
            -10,
            0,
            -2
          ]
        },
        {
          "name": "Model",
          "parent": "Toilet",
          "pivot": [
            -10,
            0,
            -2
          ],
          "rotation": [
            0,
            -90,
            0
          ],
          "cubes": [
            {
              "origin": [
                -18,
                12,
                -3
              ],
              "size": [
                17,
                2,
                16
              ],
              "uv": [
                0,
                16
              ]
            },
            {
              "origin": [
                -15,
                9,
                -1
              ],
              "size": [
                11,
                3,
                11
              ],
              "uv": [
                11,
                41
              ]
            },
            {
              "origin": [
                -12,
                2,
                0
              ],
              "size": [
                6,
                7,
                9
              ],
              "uv": [
                1,
                43
              ]
            },
            {
              "origin": [
                -14,
                0,
                -1
              ],
              "size": [
                10,
                2,
                11
              ],
              "uv": [
                5,
                40
              ]
            }
          ]
        },
        {
          "name": "Model2",
          "parent": "Toilet",
          "pivot": [
            -17,
            24,
            0
          ],
          "cubes": [
            {
              "origin": [
                -25,
                14,
                4
              ],
              "size": [
                16,
                16,
                3
              ],
              "uv": [
                26,
                29
              ]
            },
            {
              "origin": [
                -25,
                14,
                -10
              ],
              "size": [
                3,
                1,
                14
              ],
              "uv": [
                12,
                33
              ]
            },
            {
              "origin": [
                -12,
                14,
                -10
              ],
              "size": [
                3,
                1,
                14
              ],
              "uv": [
                18,
                33
              ]
            },
            {
              "origin": [
                -27,
                14,
                -5
              ],
              "size": [
                3,
                1,
                10
              ],
              "pivot": [
                -17,
                24,
                0
              ],
              "rotation": [
                0,
                -90,
                0
              ],
              "uv": [
                33,
                10
              ]
            },
            {
              "origin": [
                -24,
                27,
                3
              ],
              "size": [
                3,
                1,
                1
              ],
              "uv": [
                54,
                1
              ]
            },
            {
              "origin": [
                -19,
                14,
                -5
              ],
              "size": [
                4,
                6,
                4
              ],
              "pivot": [
                -17,
                24,
                0
              ],
              "rotation": [
                10,
                0,
                0
              ],
              "uv": [
                48,
                55
              ]
            }
          ]
        },
        {
          "name": "Head3",
          "parent": "Toilet",
          "pivot": [
            -17,
            18,
            -2
          ],
          "cubes": [
            {
              "origin": [
                -21,
                18,
                -8
              ],
              "size": [
                8,
                8,
                8
              ],
              "pivot": [
                -17,
                0,
                0
              ],
              "rotation": [
                -5,
                0,
                0
              ],
              "uv": [
                0,
                0
              ]
            }
          ]
        },
        {
          "name": "UpperLayer",
          "pivot": [
            -16,
            0,
            16
          ],
          "rotation": [
            0,
            180,
            0
          ]
        },
        {
          "name": "Toilet4",
          "parent": "UpperLayer",
          "pivot": [
            -16,
            0,
            16
          ]
        },
        {
          "name": "Model7",
          "parent": "Toilet4",
          "pivot": [
            -16,
            0,
            16
          ],
          "rotation": [
            0,
            -90,
            0
          ],
          "cubes": [
            {
              "origin": [
                -24,
                12,
                15
              ],
              "size": [
                17,
                2,
                16
              ],
              "uv": [
                0,
                16
              ]
            },
            {
              "origin": [
                -21,
                9,
                17
              ],
              "size": [
                11,
                3,
                11
              ],
              "uv": [
                11,
                41
              ]
            },
            {
              "origin": [
                -18,
                2,
                18
              ],
              "size": [
                6,
                7,
                9
              ],
              "uv": [
                1,
                43
              ]
            },
            {
              "origin": [
                -20,
                0,
                17
              ],
              "size": [
                10,
                2,
                11
              ],
              "uv": [
                5,
                40
              ]
            }
          ]
        },
        {
          "name": "Model8",
          "parent": "Toilet4",
          "pivot": [
            -23,
            24,
            18
          ],
          "cubes": [
            {
              "origin": [
                -31,
                14,
                22
              ],
              "size": [
                16,
                16,
                3
              ],
              "uv": [
                26,
                29
              ]
            },
            {
              "origin": [
                -31,
                14,
                8
              ],
              "size": [
                3,
                1,
                14
              ],
              "uv": [
                12,
                33
              ]
            },
            {
              "origin": [
                -18,
                14,
                8
              ],
              "size": [
                3,
                1,
                14
              ],
              "uv": [
                18,
                33
              ]
            },
            {
              "origin": [
                -33,
                14,
                13
              ],
              "size": [
                3,
                1,
                10
              ],
              "pivot": [
                -23,
                24,
                18
              ],
              "rotation": [
                0,
                -90,
                0
              ],
              "uv": [
                33,
                10
              ]
            },
            {
              "origin": [
                -30,
                27,
                21
              ],
              "size": [
                3,
                1,
                1
              ],
              "uv": [
                54,
                1
              ]
            },
            {
              "origin": [
                -25,
                14,
                14
              ],
              "size": [
                4,
                24,
                4
              ],
              "uv": [
                48,
                55
              ]
            }
          ]
        },
        {
          "name": "Head5",
          "parent": "Toilet4",
          "pivot": [
            -23,
            18,
            16
          ],
          "cubes": [
            {
              "origin": [
                -27,
                34,
                13
              ],
              "size": [
                8,
                8,
                8
              ],
              "pivot": [
                -23,
                0,
                18
              ],
              "rotation": [
                175,
                0,
                -180
              ],
              "uv": [
                0,
                0
              ]
            }
          ]
        },
        {
          "name": "Toilet5",
          "parent": "UpperLayer",
          "pivot": [
            -32,
            0,
            16
          ]
        },
        {
          "name": "Model9",
          "parent": "Toilet5",
          "pivot": [
            -32,
            0,
            16
          ],
          "rotation": [
            0,
            -90,
            0
          ],
          "cubes": [
            {
              "origin": [
                -40,
                12,
                15
              ],
              "size": [
                17,
                2,
                16
              ],
              "uv": [
                0,
                16
              ]
            },
            {
              "origin": [
                -37,
                9,
                17
              ],
              "size": [
                11,
                3,
                11
              ],
              "uv": [
                11,
                41
              ]
            },
            {
              "origin": [
                -34,
                2,
                18
              ],
              "size": [
                6,
                7,
                9
              ],
              "uv": [
                1,
                43
              ]
            },
            {
              "origin": [
                -36,
                0,
                17
              ],
              "size": [
                10,
                2,
                11
              ],
              "uv": [
                5,
                40
              ]
            }
          ]
        },
        {
          "name": "Model10",
          "parent": "Toilet5",
          "pivot": [
            -39,
            24,
            18
          ],
          "cubes": [
            {
              "origin": [
                -47,
                14,
                22
              ],
              "size": [
                16,
                16,
                3
              ],
              "uv": [
                26,
                29
              ]
            },
            {
              "origin": [
                -47,
                14,
                8
              ],
              "size": [
                3,
                1,
                14
              ],
              "uv": [
                12,
                33
              ]
            },
            {
              "origin": [
                -34,
                14,
                8
              ],
              "size": [
                3,
                1,
                14
              ],
              "uv": [
                18,
                33
              ]
            },
            {
              "origin": [
                -49,
                14,
                13
              ],
              "size": [
                3,
                1,
                10
              ],
              "pivot": [
                -39,
                24,
                18
              ],
              "rotation": [
                0,
                -90,
                0
              ],
              "uv": [
                33,
                10
              ]
            },
            {
              "origin": [
                -46,
                27,
                21
              ],
              "size": [
                3,
                1,
                1
              ],
              "uv": [
                54,
                1
              ]
            },
            {
              "origin": [
                -41,
                14,
                14
              ],
              "size": [
                4,
                24,
                4
              ],
              "uv": [
                48,
                55
              ]
            }
          ]
        },
        {
          "name": "Head6",
          "parent": "Toilet5",
          "pivot": [
            -39,
            18,
            16
          ],
          "cubes": [
            {
              "origin": [
                -43,
                34,
                13
              ],
              "size": [
                8,
                8,
                8
              ],
              "pivot": [
                -39,
                0,
                18
              ],
              "rotation": [
                175,
                0,
                -180
              ],
              "uv": [
                0,
                0
              ]
            }
          ]
        }
      ]
    }
  ]
}