{
  "format_version": "1.12.0",
  "minecraft:geometry": [
    {
      "description": {
        "identifier": "geometry.seb_flame_toilet",
        "texture_width": 128,
        "texture_height": 128,
        "visible_bounds_width": 3,
        "visible_bounds_height": 10.5,
        "visible_bounds_offset": [
          0,
          4.75,
          0
        ]
      },
      "bones": [
        {
          "name": "Model2",
          "pivot": [
            0,
            27,
            0
          ],
          "cubes": [
            {
              "origin": [
                -3,
                17,
                4
              ],
              "size": [
                6,
                16,
                3
              ],
              "uv": [
                50,
                0
              ]
            },
            {
              "origin": [
                -8,
                17,
                -10
              ],
              "size": [
                3,
                1,
                14
              ],
              "uv": [
                12,
                33
              ]
            },
            {
              "origin": [
                5,
                17,
                -10
              ],
              "size": [
                3,
                1,
                14
              ],
              "uv": [
                18,
                33
              ]
            },
            {
              "origin": [
                -10,
                17,
                -5
              ],
              "size": [
                3,
                1,
                10
              ],
              "pivot": [
                0,
                27,
                0
              ],
              "rotation": [
                0,
                -90,
                0
              ],
              "uv": [
                -8,
                -8
              ]
            },
            {
              "origin": [
                -2,
                17,
                -5
              ],
              "size": [
                4,
                6,
                4
              ],
              "pivot": [
                0,
                27,
                0
              ],
              "rotation": [
                10,
                0,
                0
              ],
              "uv": [
                48,
                55
              ]
            },
            {
              "origin": [
                -1,
                27,
                -1
              ],
              "size": [
                2,
                2,
                2
              ],
              "uv": [
                0,
                0
              ]
            }
          ]
        },
        {
          "name": "Model",
          "pivot": [
            7,
            3,
            -2
          ],
          "rotation": [
            0,
            -90,
            0
          ],
          "cubes": [
            {
              "origin": [
                -1,
                15,
                -3
              ],
              "size": [
                17,
                2,
                16
              ],
              "uv": [
                0,
                16
              ]
            },
            {
              "origin": [
                2,
                12,
                -1
              ],
              "size": [
                11,
                3,
                11
              ],
              "uv": [
                11,
                41
              ]
            },
            {
              "origin": [
                2,
                5,
                -1
              ],
              "size": [
                11,
                7,
                11
              ],
              "uv": [
                -1,
                41
              ]
            },
            {
              "origin": [
                2,
                1,
                11
              ],
              "size": [
                11,
                7,
                1
              ],
              "uv": [
                64,
                19
              ]
            },
            {
              "origin": [
                9,
                7,
                10
              ],
              "size": [
                1,
                1,
                1
              ],
              "uv": [
                64,
                62
              ]
            },
            {
              "origin": [
                9,
                7,
                -2
              ],
              "size": [
                1,
                1,
                1
              ],
              "uv": [
                64,
                62
              ]
            },
            {
              "origin": [
                5,
                7,
                10
              ],
              "size": [
                1,
                1,
                1
              ],
              "uv": [
                64,
                62
              ]
            },
            {
              "origin": [
                5,
                7,
                -2
              ],
              "size": [
                1,
                1,
                1
              ],
              "uv": [
                64,
                62
              ]
            },
            {
              "origin": [
                2,
                1,
                -3
              ],
              "size": [
                11,
                7,
                1
              ],
              "uv": [
                64,
                19
              ]
            },
            {
              "origin": [
                2,
                1,
                12
              ],
              "size": [
                1,
                5,
                2
              ],
              "uv": [
                122,
                121
              ]
            },
            {
              "origin": [
                2,
                1,
                -5
              ],
              "size": [
                1,
                5,
                2
              ],
              "uv": [
                122,
                121
              ]
            }
          ]
        },
        {
          "name": "bone",
          "parent": "Model",
          "pivot": [
            0,
            2,
            -18
          ],
          "cubes": [
            {
              "origin": [
                2,
                1,
                -6
              ],
              "size": [
                11,
                7,
                1
              ],
              "uv": [
                0,
                120
              ]
            },
            {
              "origin": [
                2,
                1,
                14
              ],
              "size": [
                11,
                7,
                1
              ],
              "uv": [
                24,
                0
              ]
            },
            {
              "origin": [
                3,
                0.25,
                12.5
              ],
              "size": [
                10,
                7.5,
                1
              ],
              "uv": [
                0,
                64
              ]
            },
            {
              "origin": [
                3,
                0.25,
                -4.5
              ],
              "size": [
                10,
                7.5,
                1
              ],
              "uv": [
                0,
                64
              ]
            }
          ]
        },
        {
          "name": "Head",
          "pivot": [
            0,
            21,
            -2
          ],
          "cubes": [
            {
              "origin": [
                -4,
                21,
                -8
              ],
              "size": [
                8,
                8,
                8
              ],
              "pivot": [
                0,
                3,
                0
              ],
              "rotation": [
                -5,
                0,
                0
              ],
              "uv": [
                0,
                0
              ]
            },
            {
              "origin": [
                -4,
                23,
                -10
              ],
              "size": [
                8,
                6,
                1
              ],
              "pivot": [
                0,
                3,
                0
              ],
              "rotation": [
                -5,
                0,
                0
              ],
              "uv": [
                96,
                56
              ]
            },
            {
              "origin": [
                -6,
                26.5,
                -10
              ],
              "size": [
                1,
                1,
                7
              ],
              "pivot": [
                0,
                3,
                0
              ],
              "rotation": [
                -5,
                0,
                0
              ],
              "uv": [
                66,
                120
              ]
            },
            {
              "origin": [
                4,
                26.5,
                -4
              ],
              "size": [
                1,
                1,
                1
              ],
              "pivot": [
                0,
                3,
                0
              ],
              "rotation": [
                -5,
                0,
                0
              ],
              "uv": [
                40,
                90
              ]
            },
            {
              "origin": [
                4,
                23.5,
                -4
              ],
              "size": [
                1,
                1,
                1
              ],
              "pivot": [
                0,
                3,
                0
              ],
              "rotation": [
                -5,
                0,
                0
              ],
              "uv": [
                32,
                85
              ]
            },
            {
              "origin": [
                4,
                26.5,
                -10
              ],
              "size": [
                1,
                1,
                1
              ],
              "pivot": [
                0,
                3,
                0
              ],
              "rotation": [
                -5,
                0,
                0
              ],
              "uv": [
                36,
                85
              ]
            },
            {
              "origin": [
                4,
                23.5,
                -10
              ],
              "size": [
                1,
                1,
                1
              ],
              "pivot": [
                0,
                3,
                0
              ],
              "rotation": [
                -5,
                0,
                0
              ],
              "uv": [
                33,
                85
              ]
            },
            {
              "origin": [
                -5,
                23.5,
                -10
              ],
              "size": [
                1,
                1,
                1
              ],
              "pivot": [
                0,
                3,
                0
              ],
              "rotation": [
                -5,
                0,
                0
              ],
              "uv": [
                32,
                88
              ]
            },
            {
              "origin": [
                -5,
                23.5,
                -4
              ],
              "size": [
                1,
                1,
                1
              ],
              "pivot": [
                0,
                3,
                0
              ],
              "rotation": [
                -5,
                0,
                0
              ],
              "uv": [
                41,
                89
              ]
            },
            {
              "origin": [
                -5,
                26.5,
                -10
              ],
              "size": [
                1,
                1,
                1
              ],
              "pivot": [
                0,
                3,
                0
              ],
              "rotation": [
                -5,
                0,
                0
              ],
              "uv": [
                33,
                85
              ]
            },
            {
              "origin": [
                -5,
                26.5,
                -4
              ],
              "size": [
                1,
                1,
                1
              ],
              "pivot": [
                0,
                3,
                0
              ],
              "rotation": [
                -5,
                0,
                0
              ],
              "uv": [
                38,
                88
              ]
            },
            {
              "origin": [
                5,
                26.5,
                -10
              ],
              "size": [
                1,
                1,
                7
              ],
              "pivot": [
                0,
                3,
                0
              ],
              "rotation": [
                -5,
                0,
                0
              ],
              "uv": [
                60,
                120
              ]
            },
            {
              "origin": [
                -6,
                23.5,
                -10
              ],
              "size": [
                1,
                1,
                7
              ],
              "pivot": [
                0,
                3,
                0
              ],
              "rotation": [
                -5,
                0,
                0
              ],
              "uv": [
                64,
                120
              ]
            },
            {
              "origin": [
                5,
                23.5,
                -10
              ],
              "size": [
                1,
                1,
                7
              ],
              "pivot": [
                0,
                3,
                0
              ],
              "rotation": [
                -5,
                0,
                0
              ],
              "uv": [
                60,
                120
              ]
            }
          ]
        },
        {
          "name": "Flame4",
          "parent": "Head",
          "pivot": [
            0,
            0,
            2
          ]
        },
        {
          "name": "Flame2",
          "parent": "Flame4",
          "pivot": [
            6,
            0,
            -2
          ],
          "rotation": [
            166.10524,
            -79.69532,
            -165.88649
          ],
          "cubes": [
            {
              "origin": [
                3,
                22,
                2
              ],
              "size": [
                4,
                1,
                0
              ],
              "pivot": [
                13,
                3,
                -4
              ],
              "rotation": [
                -0.32902,
                7.49282,
                4.97846
              ],
              "uv": [
                1,
                109
              ]
            },
            {
              "origin": [
                3,
                22,
                2
              ],
              "size": [
                4,
                1,
                0
              ],
              "pivot": [
                13,
                3,
                -4
              ],
              "rotation": [
                -0.33124,
                9.99278,
                4.96388
              ],
              "uv": [
                1,
                109
              ]
            },
            {
              "origin": [
                3,
                22,
                2
              ],
              "size": [
                4,
                1,
                0
              ],
              "pivot": [
                13,
                3,
                -4
              ],
              "rotation": [
                -0.33412,
                12.49274,
                4.94908
              ],
              "uv": [
                1,
                109
              ]
            },
            {
              "origin": [
                3,
                22,
                2
              ],
              "size": [
                4,
                1,
                0
              ],
              "pivot": [
                13,
                3,
                -4
              ],
              "rotation": [
                -0.33771,
                14.99269,
                4.934
              ],
              "uv": [
                1,
                109
              ]
            },
            {
              "origin": [
                3,
                22,
                2
              ],
              "size": [
                4,
                1,
                0
              ],
              "pivot": [
                13,
                3,
                -4
              ],
              "rotation": [
                -0.34203,
                17.49265,
                4.91855
              ],
              "uv": [
                1,
                109
              ]
            }
          ]
        },
        {
          "name": "Flame3",
          "parent": "Flame4",
          "pivot": [
            6,
            0,
            -2
          ],
          "rotation": [
            -166.10524,
            -79.69532,
            165.88649
          ],
          "cubes": [
            {
              "origin": [
                0,
                22,
                2
              ],
              "size": [
                5,
                1,
                0
              ],
              "pivot": [
                13,
                3,
                -4
              ],
              "rotation": [
                -0.32902,
                7.49282,
                4.97846
              ],
              "uv": [
                1,
                109
              ]
            },
            {
              "origin": [
                0,
                22,
                2
              ],
              "size": [
                5,
                1,
                0
              ],
              "pivot": [
                13,
                3,
                -4
              ],
              "rotation": [
                -0.33124,
                9.99278,
                4.96388
              ],
              "uv": [
                1,
                109
              ]
            },
            {
              "origin": [
                0,
                22,
                2
              ],
              "size": [
                5,
                1,
                0
              ],
              "pivot": [
                13,
                3,
                -4
              ],
              "rotation": [
                -0.33412,
                12.49274,
                4.94908
              ],
              "uv": [
                1,
                109
              ]
            },
            {
              "origin": [
                0,
                22,
                2
              ],
              "size": [
                5,
                1,
                0
              ],
              "pivot": [
                13,
                3,
                -4
              ],
              "rotation": [
                -0.33771,
                14.99269,
                4.934
              ],
              "uv": [
                1,
                109
              ]
            },
            {
              "origin": [
                0,
                22,
                2
              ],
              "size": [
                5,
                1,
                0
              ],
              "pivot": [
                13,
                3,
                -4
              ],
              "rotation": [
                -0.34203,
                17.49265,
                4.91855
              ],
              "uv": [
                1,
                109
              ]
            }
          ]
        },
        {
          "name": "Flame",
          "parent": "Flame4",
          "pivot": [
            6,
            0,
            -2
          ],
          "rotation": [
            0,
            -100,
            0
          ],
          "cubes": [
            {
              "origin": [
                3,
                22,
                2
              ],
              "size": [
                3,
                1,
                0
              ],
              "pivot": [
                13,
                3,
                -4
              ],
              "rotation": [
                -0.32902,
                7.49282,
                4.97846
              ],
              "uv": [
                1,
                109
              ]
            },
            {
              "origin": [
                3,
                22,
                2
              ],
              "size": [
                3,
                1,
                0
              ],
              "pivot": [
                13,
                3,
                -4
              ],
              "rotation": [
                -0.33124,
                9.99278,
                4.96388
              ],
              "uv": [
                1,
                109
              ]
            },
            {
              "origin": [
                3,
                22,
                2
              ],
              "size": [
                3,
                1,
                0
              ],
              "pivot": [
                13,
                3,
                -4
              ],
              "rotation": [
                -0.33412,
                12.49274,
                4.94908
              ],
              "uv": [
                1,
                109
              ]
            },
            {
              "origin": [
                3,
                22,
                2
              ],
              "size": [
                3,
                1,
                0
              ],
              "pivot": [
                13,
                3,
                -4
              ],
              "rotation": [
                -0.33771,
                14.99269,
                4.934
              ],
              "uv": [
                1,
                109
              ]
            },
            {
              "origin": [
                3,
                22,
                2
              ],
              "size": [
                3,
                1,
                0
              ],
              "pivot": [
                13,
                3,
                -4
              ],
              "rotation": [
                -0.34203,
                17.49265,
                4.91855
              ],
              "uv": [
                1,
                109
              ]
            }
          ]
        }
      ]
    }
  ]
}