{
  "format_version": "1.12.0",
  "minecraft:geometry": [
    {
      "description": {
        "identifier": "geometry.seb_dj_skibidi_morph",
        "texture_width": 64,
        "texture_height": 64,
        "visible_bounds_width": 3,
        "visible_bounds_height": 11,
        "visible_bounds_offset": [
          0,
          4.5,
          0
        ]
      },
      "bones": [
        {
          "name": "bone2",
          "pivot": [
            0,
            0,
            0
          ]
        },
        {
          "name": "bone",
          "parent": "bone2",
          "pivot": [
            0,
            5,
            -1
          ],
          "cubes": [
            {
              "origin": [
                -6,
                25,
                -3
              ],
              "size": [
                1,
                3,
                2
              ],
              "pivot": [
                0,
                29,
                -1
              ],
              "rotation": [
                -2.5,
                0,
                0
              ],
              "uv": [
                58,
                13
              ]
            },
            {
              "origin": [
                5,
                25,
                -3
              ],
              "size": [
                1,
                3,
                2
              ],
              "pivot": [
                0,
                29,
                -1
              ],
              "rotation": [
                -2.5,
                0,
                0
              ],
              "uv": [
                1,
                17
              ]
            },
            {
              "origin": [
                -5,
                27,
                -3
              ],
              "size": [
                10,
                1,
                2
              ],
              "pivot": [
                0,
                29,
                -1
              ],
              "rotation": [
                -2.5,
                0,
                0
              ],
              "uv": [
                33,
                18
              ]
            },
            {
              "origin": [
                4,
                21,
                -4
              ],
              "size": [
                2,
                4,
                4
              ],
              "pivot": [
                0,
                29,
                -1
              ],
              "rotation": [
                -2.5,
                0,
                0
              ],
              "uv": [
                32,
                5
              ]
            },
            {
              "origin": [
                -6,
                21,
                -4
              ],
              "size": [
                2,
                4,
                4
              ],
              "pivot": [
                0,
                29,
                -1
              ],
              "rotation": [
                -2.5,
                0,
                0
              ],
              "uv": [
                52,
                56
              ]
            },
            {
              "origin": [
                -4,
                18,
                -8
              ],
              "size": [
                8,
                8,
                8
              ],
              "pivot": [
                0,
                5,
                -1
              ],
              "rotation": [
                -5,
                0,
                0
              ],
              "uv": [
                0,
                0
              ]
            }
          ]
        },
        {
          "name": "Neck",
          "parent": "bone2",
          "pivot": [
            0,
            15,
            -1
          ],
          "cubes": [
            {
              "origin": [
                -2,
                14,
                -5
              ],
              "size": [
                4,
                6,
                4
              ],
              "pivot": [
                0,
                25,
                0
              ],
              "rotation": [
                10,
                0,
                0
              ],
              "uv": [
                34,
                21
              ]
            }
          ]
        },
        {
          "name": "Model2",
          "parent": "bone2",
          "pivot": [
            0,
            24,
            0
          ],
          "cubes": [
            {
              "origin": [
                -8,
                14,
                4
              ],
              "size": [
                16,
                16,
                3
              ],
              "uv": [
                0,
                45
              ]
            },
            {
              "origin": [
                -8,
                14,
                -10
              ],
              "size": [
                3,
                1,
                14
              ],
              "uv": [
                12,
                33
              ]
            },
            {
              "origin": [
                5,
                14,
                -10
              ],
              "size": [
                3,
                1,
                14
              ],
              "uv": [
                6,
                29
              ]
            },
            {
              "origin": [
                -10,
                14,
                -5
              ],
              "size": [
                3,
                1,
                10
              ],
              "pivot": [
                0,
                24,
                0
              ],
              "rotation": [
                0,
                -90,
                0
              ],
              "uv": [
                0,
                29
              ]
            },
            {
              "origin": [
                -7,
                27,
                3
              ],
              "size": [
                3,
                1,
                1
              ],
              "uv": [
                54,
                1
              ]
            }
          ]
        },
        {
          "name": "Model",
          "parent": "bone2",
          "pivot": [
            7,
            0,
            -2
          ],
          "rotation": [
            0,
            -90,
            0
          ],
          "cubes": [
            {
              "origin": [
                -1,
                12,
                -3
              ],
              "size": [
                17,
                2,
                16
              ],
              "uv": [
                0,
                38
              ]
            },
            {
              "origin": [
                2,
                9,
                -1
              ],
              "size": [
                11,
                3,
                11
              ],
              "uv": [
                0,
                50
              ]
            },
            {
              "origin": [
                5,
                2,
                0
              ],
              "size": [
                6,
                7,
                9
              ],
              "uv": [
                0,
                48
              ]
            },
            {
              "origin": [
                3,
                0,
                -1
              ],
              "size": [
                10,
                2,
                11
              ],
              "uv": [
                0,
                51
              ]
            }
          ]
        }
      ]
    }
  ]
}