{
  "format_version": "1.12.0",
  "minecraft:geometry": [
    {
      "description": {
        "identifier": "geometry.seb_radioman",
        "texture_width": 64,
        "texture_height": 64,
        "visible_bounds_width": 2,
        "visible_bounds_height": 3.5,
        "visible_bounds_offset": [
          0,
          1.25,
          0
        ]
      },
      "bones": [
        {
          "name": "LeftLeg",
          "pivot": [
            2,
            12,
            2
          ],
          "cubes": [
            {
              "origin": [
                1,
                6,
                0
              ],
              "size": [
                2,
                6,
                2
              ],
              "pivot": [
                0,
                0,
                0
              ],
              "rotation": [
                -5,
                0,
                0
              ],
              "uv": [
                30,
                9
              ]
            },
            {
              "origin": [
                1,
                0,
                0.5
              ],
              "size": [
                2,
                6,
                2
              ],
              "uv": [
                28,
                0
              ]
            }
          ]
        },
        {
          "name": "Body",
          "pivot": [
            0,
            22,
            0
          ],
          "cubes": [
            {
              "origin": [
                -2.5,
                16,
                0
              ],
              "size": [
                6,
                6,
                3.5
              ],
              "uv": [
                0,
                0
              ]
            },
            {
              "origin": [
                -2,
                12,
                0.75
              ],
              "size": [
                5,
                4,
                2.25
              ],
              "uv": [
                15,
                15
              ]
            }
          ]
        },
        {
          "name": "LeftArm",
          "pivot": [
            3,
            22,
            2
          ],
          "cubes": [
            {
              "origin": [
                3.5,
                16,
                0.5
              ],
              "size": [
                2,
                6,
                2
              ],
              "uv": [
                27,
                22
              ]
            },
            {
              "origin": [
                3.5,
                10,
                -2.5
              ],
              "size": [
                2,
                6,
                2
              ],
              "pivot": [
                0,
                0,
                0
              ],
              "rotation": [
                -10,
                0,
                0
              ],
              "uv": [
                0,
                26
              ]
            }
          ]
        },
        {
          "name": "RightArm",
          "pivot": [
            -2,
            22,
            2
          ],
          "cubes": [
            {
              "origin": [
                -4.5,
                16,
                0.5
              ],
              "size": [
                2,
                6,
                2
              ],
              "uv": [
                18,
                22
              ]
            },
            {
              "origin": [
                -4.5,
                10,
                -2.5
              ],
              "size": [
                2,
                6,
                2
              ],
              "pivot": [
                0,
                0,
                0
              ],
              "rotation": [
                -10,
                0,
                0
              ],
              "uv": [
                9,
                22
              ]
            }
          ]
        },
        {
          "name": "RightLeg",
          "pivot": [
            -1,
            12,
            2
          ],
          "cubes": [
            {
              "origin": [
                -2,
                6,
                0
              ],
              "size": [
                2,
                6,
                2
              ],
              "pivot": [
                0,
                0,
                0
              ],
              "rotation": [
                -5,
                0,
                0
              ],
              "uv": [
                19,
                0
              ]
            },
            {
              "origin": [
                -2,
                0,
                0.5
              ],
              "size": [
                2,
                6,
                2
              ],
              "uv": [
                0,
                17
              ]
            }
          ]
        },
        {
          "name": "Head",
          "pivot": [
            0,
            22,
            2
          ],
          "cubes": [
            {
              "origin": [
                -2,
                22,
                0.25
              ],
              "size": [
                5,
                3,
                3
              ],
              "uv": [
                0,
                10
              ]
            }
          ]
        }
      ]
    }
  ]
}