{
	"format_version": "1.12.0",
	"minecraft:geometry": [
		{
			"description": {
				"identifier": "geometry.seb_tv_man",
				"texture_width": 128,
				"texture_height": 128,
				"visible_bounds_width": 581,
				"visible_bounds_height": 1731,
				"visible_bounds_offset": [0, -862.5, 0]
			},
			"bones": [
				{
					"name": "Body",
					"pivot": [0, 24, 0],
					"cubes": [
						{"origin": [-4, 12, -2], "size": [8, 12, 4], "uv": [16, 16]},
						{"origin": [-4, 24, -4], "size": [8, 8, 6], "uv": [2, 2]},
						{"origin": [-4, 25, 2], "size": [8, 5, 2], "uv": [6, 6]}
					]
				},
				{
					"name": "RightArm",
					"pivot": [-5, 22, 0],
					"cubes": [
						{"origin": [-8, 12, -2], "size": [4, 12, 4], "uv": [40, 16]}
					]
				},
				{
					"name": "LeftArm",
					"pivot": [5, 22, 0],
					"cubes": [
						{"origin": [4, 12, -2], "size": [4, 12, 4], "uv": [32, 48]}
					]
				},
				{
					"name": "RightLeg",
					"pivot": [-1.9, 12, 0],
					"cubes": [
						{"origin": [-3.9, 0, -2], "size": [4, 12, 4], "uv": [0, 16]}
					]
				},
				{
					"name": "LeftLeg",
					"pivot": [1.9, 12, 0],
					"cubes": [
						{"origin": [-0.1, 0, -2], "size": [4, 12, 4], "uv": [16, 48]}
					]
				},
				{
					"name": "TVlight",
					"pivot": [0, -27673, -4602],
					"cubes": [
						{"origin": [-3, -27655, -4647], "size": [0, 19, 41], "pivot": [0, -27673, -4602], "rotation": [0, 12.5, 0], "uv": [0, 69]},
						{"origin": [-30, -27684, -4653], "size": [0, 19, 43], "pivot": [0, -27673, -4602], "rotation": [0, 7.5, 90], "uv": [-2, 67]},
						{"origin": [3, -27655, -4647], "size": [0, 19, 41], "pivot": [0, -27673, -4602], "rotation": [0, -10, 0], "uv": [0, 69]},
						{"origin": [-27, -27684, -4645], "size": [0, 19, 43], "pivot": [0, -27673, -4602], "rotation": [0, -7.5, 90], "uv": [-2, 67]},
						{"origin": [-14, -27652, -4646], "size": [25, 15, 0], "uv": [79, 27]}
					]
				}
			]
		}
	]
}