{
  "format_version": "1.12.0",
  "minecraft:geometry": [
    {
      "description": {
        "identifier": "geometry.seb_dead_cameraman",
        "texture_width": 64,
        "texture_height": 64,
        "visible_bounds_width": 3,
        "visible_bounds_height": 3.5,
        "visible_bounds_offset": [
          0,
          1.25,
          0
        ]
      },
      "bones": [
        {
          "name": "bone",
          "pivot": [
            0,
            0,
            14
          ],
          "rotation": [
            90,
            0,
            0
          ]
        },
        {
          "name": "RightArm",
          "parent": "bone",
          "pivot": [
            -2,
            22,
            16
          ],
          "rotation": [
            -160,
            0,
            0
          ],
          "cubes": [
            {
              "origin": [
                -4.5,
                16,
                14.5
              ],
              "size": [
                2,
                6,
                2
              ],
              "uv": [
                0,
                23
              ]
            },
            {
              "origin": [
                -4.5,
                10,
                11.5
              ],
              "size": [
                2,
                6,
                2
              ],
              "pivot": [
                0,
                0,
                14
              ],
              "rotation": [
                -10,
                0,
                0
              ],
              "uv": [
                22,
                17
              ]
            }
          ]
        },
        {
          "name": "Body",
          "parent": "bone",
          "pivot": [
            0,
            22,
            14
          ],
          "cubes": [
            {
              "origin": [
                -2.5,
                16,
                14
              ],
              "size": [
                6,
                6,
                3.5
              ],
              "uv": [
                0,
                0
              ]
            },
            {
              "origin": [
                -2,
                12,
                14.75
              ],
              "size": [
                5,
                4,
                2.25
              ],
              "uv": [
                15,
                10
              ]
            }
          ]
        },
        {
          "name": "Head",
          "parent": "bone",
          "pivot": [
            6,
            23,
            13
          ],
          "rotation": [
            0,
            -135,
            0
          ],
          "cubes": [
            {
              "origin": [
                5.0001,
                26,
                9
              ],
              "size": [
                2.9999,
                1,
                4.25
              ],
              "uv": [
                0,
                17
              ]
            },
            {
              "origin": [
                4,
                23,
                10.5
              ],
              "size": [
                1,
                2,
                2
              ],
              "uv": [
                0,
                32
              ]
            },
            {
              "origin": [
                5,
                23,
                10.5
              ],
              "size": [
                1,
                1,
                2
              ],
              "uv": [
                5,
                33
              ]
            },
            {
              "origin": [
                8,
                25,
                9
              ],
              "size": [
                1,
                2,
                4.25
              ],
              "uv": [
                30,
                9
              ]
            },
            {
              "origin": [
                4,
                25,
                9
              ],
              "size": [
                1,
                2,
                4.25
              ],
              "uv": [
                31,
                16
              ]
            },
            {
              "origin": [
                5,
                24,
                10
              ],
              "size": [
                3,
                2,
                4
              ],
              "uv": [
                0,
                10
              ]
            },
            {
              "origin": [
                6,
                23,
                12
              ],
              "size": [
                1,
                1,
                1
              ],
              "uv": [
                28,
                9
              ]
            }
          ]
        },
        {
          "name": "LeftArm",
          "parent": "bone",
          "pivot": [
            3,
            22,
            16
          ],
          "rotation": [
            0,
            0,
            -27.5
          ],
          "cubes": [
            {
              "origin": [
                3.5,
                16,
                14.5
              ],
              "size": [
                2,
                6,
                2
              ],
              "uv": [
                19,
                0
              ]
            },
            {
              "origin": [
                3.5,
                10,
                11.5
              ],
              "size": [
                2,
                6,
                2
              ],
              "pivot": [
                0,
                0,
                14
              ],
              "rotation": [
                -10,
                0,
                0
              ],
              "uv": [
                13,
                17
              ]
            }
          ]
        },
        {
          "name": "RightLeg",
          "parent": "bone",
          "pivot": [
            -1,
            12,
            16
          ],
          "rotation": [
            0,
            0,
            30
          ],
          "cubes": [
            {
              "origin": [
                -2,
                6,
                14
              ],
              "size": [
                2,
                6,
                2
              ],
              "pivot": [
                0,
                0,
                14
              ],
              "rotation": [
                -5,
                0,
                0
              ],
              "uv": [
                18,
                26
              ]
            },
            {
              "origin": [
                -2,
                0,
                14.5
              ],
              "size": [
                2,
                6,
                2
              ],
              "uv": [
                9,
                26
              ]
            }
          ]
        },
        {
          "name": "LeftLeg",
          "parent": "bone",
          "pivot": [
            2,
            12,
            16
          ],
          "cubes": [
            {
              "origin": [
                1,
                6,
                14
              ],
              "size": [
                2,
                6,
                2
              ],
              "pivot": [
                0,
                0,
                14
              ],
              "rotation": [
                -5,
                0,
                0
              ],
              "uv": [
                28,
                0
              ]
            },
            {
              "origin": [
                1,
                0,
                14.5
              ],
              "size": [
                2,
                6,
                2
              ],
              "uv": [
                27,
                26
              ]
            }
          ]
        }
      ]
    }
  ]
}