{
  "format_version": "1.10.0",
  "minecraft:client_entity": {
    "description": {
      "identifier": "pa:ladybug",
      "materials": {
        "default": "bee"
      },
      "textures": {
        "default": "textures/entity/pamobile/pa_ladybug",
        "angry": "textures/entity/pamobile/pa_ladybug",
        "nectar": "textures/entity/pamobile/pa_ladybug",
        "angry_nectar": "textures/entity/pamobile/pa_ladybug"
      },
      "geometry": {
        "default": "geometry.pa_ladybug"
      },
      "animations": {
        "flying": "animation.lady_bug.flying",
        "drip": "controller.animation.bee.drip",
        "controller_lady_bug_sting": "controller.animation.bee.sting",
        "lady_bug_sting": "animation.lady_bug.sting",
        "lady_bug_no_stinger": "animation.lady_bug.no_stinger",
        "lady_bug_fly_bobbing": "animation.lady_bug.fly.bobbing",
        "lady_bug_root_controller": "controller.animation.bee.root"
      },
      "particle_effects": {
        "nectar_dripping": "minecraft:nectar_drip_particle"
      },
      "scripts": {
        "animate": [
          "lady_bug_root_controller",
          {
            "lady_bug_no_stinger": "query.mark_variant == 1"
          }
        ]
      },
      "render_controllers": [
        "controller.render.bee"
      ],
      "spawn_egg": {
        "texture": "pa:ladybug",
        "texture_index": 0
      }
    }
  }
}