{
  "format_version": "1.10.0",
  "minecraft:client_entity": {
    "description": {
      "identifier": "pa:lookie2",
      "materials": {
        "default": "chicken",
        "legs": "chicken_legs"
      },
      "textures": {
        "default": "textures/entity/pamobile/pa_lookie2"
      },
      "geometry": {
        "default": "geometry.pa_lookie2"
      },
      "animations": {
        "move": "animation.lookie.walk",
        "general": "animation.lookie.idle2",
        "look_at_target": "animation.common.look_at_target",
        "baby_transform": "animation.pa_lookie2.baby_transform"
      },
      "scripts": {
        "animate": [
          "general",
          {
            "move": "query.modified_move_speed"
          },
          "look_at_target",
          {
            "baby_transform": "query.is_baby"
          }
        ]
      },
      "render_controllers": [
        "controller.render.chicken"
      ],
      "spawn_egg": {
        "texture": "pa:lookie2",
        "texture_index": 0
      }
    }
  }
}