{
  "format_version": "1.8.0",
  "minecraft:client_entity": {
    "description": {
      "identifier": "pa:water",
      "materials": {
        "default": "armor_stand"
      },
      "textures": {
        "default": "textures/entity/pamobile/pa_water"
      },
      "spawn_egg": {
        "texture": "pa:water",
        "texture_index": 0
      },
      "animations": {
        "no_pose": "animation.woter.wooterr"
      },
      "animation_controllers": [
        {
          "pose": "controller.animation.armor_stand.pose"
        },
        {
          "wiggling": "controller.animation.armor_stand.wiggle"
        }
      ],
      "geometry": {
        "default": "geometry.pa_water"
      },
      "render_controllers": [
        "controller.render.armor_stand"
      ],
      "enable_attachables": true
    }
  }
}