{
  "format_version": "1.16.0",
  "minecraft:entity": {
    "description": {
      "identifier": "ag1:dead_sst",
      "is_spawnable": false,
      "is_summonable": true,
      "is_experimental": false
    },
    "component_groups": {
      "despawning": {
        "minecraft:type_family": {
          "family": [
            "despawer",
            "despawer_despawning"
          ]
        }
      }
    },
    "components": {
      "minecraft:nameable": {},
      "minecraft:type_family": {
        "family": [
          "inanimate",
          "monster",
          "mob",
          "dr"
        ]
      },
      "minecraft:health": {
        "value": 50,
        "max": 50,
        "min": 50
      },
      "minecraft:collision_box": {
        "width": 0,
        "height": 0
      },
      "minecraft:knockback_resistance": {
        "value": 1
      },
      "minecraft:damage_sensor": {
        "triggers": [
          {
            "cause": "all",
            "deals_damage": false
          }
        ]
      },
      "minecraft:physics": {},
      "minecraft:timer": {
        "looping": false,
        "randomInterval": false,
        "time": 10,
        "time_down_event": {
          "event": "minecraft:start_despawn",
          "target": "self"
        }
      },
      "minecraft:despawn": {
        "filters": {
          "all_of": [
            {
              "any_of": [
                {
                  "test": "is_family",
                  "subject": "self",
                  "value": "despawer_despawning"
                }
              ]
            }
          ]
        }
      },
      "minecraft:scale": {
        "value": 2.0
      }
    },
    "events": {
      "minecraft:start_despawn": {
        "add": {
          "component_groups": [
            "despawning"
          ]
        }
      }
    }
  }
}