{
  "format_version": "1.16.100",
  "minecraft:entity": {
    "description": {
      "identifier": "ag1:spider_skibidi_toilet",
      "is_spawnable": true,
      "is_summonable": true,
      "is_experimental": false,
      "scripts": {
        "animate": [
          "run"
        ]
      },
      "animations": {
        "run": "controller.animation.sst_run"
      }
    },
    "component_groups": {
      "ded": {
        "minecraft:transformation": {
          "into": "ag1:dead_sst"
        }
      },
      "run": {
        "minecraft:movement": {
          "value": 0.41
        }
      }
    },
    "components": {
      "minecraft:type_family": {
        "family": [
          "St",
          "monster",
          "mob"
        ]
      },
      "minecraft:damage_sensor": {
        "triggers": {
          "cause": "fall",
          "deals_damage": false
        }
      },
      "minecraft:behavior.float": {
        "priority": 0
      },
      "minecraft:nameable": {
        "alwaysShow": false,
        "allowNameTagRenaming": false
      },
      "minecraft:collision_box": {
        "height": 1.5,
        "width": 0.4
      },
      "minecraft:loot": {
        "table": "loot_tables/entities/robot.json"
      },
      "minecraft:health": {
        "value": 500,
        "max": 500
      },
      "minecraft:movement": {
        "value": 0.3
      },
      "minecraft:navigation.walk": {
        "avoid_damage_blocks": true
      },
      "minecraft:movement.basic": {},
      "minecraft:jump.static": {},
      "minecraft:can_climb": {},
      "minecraft:attack": {
        "damage": 19
      },
      "minecraft:fall_damage": {
        "value": 0.0
      },
      "minecraft:knockback_resistance": {
        "value": 1.0,
        "max": 1.0
      },
      "minecraft:leashable": {
        "soft_distance": 4.0,
        "hard_distance": 6.0,
        "max_distance": 10.0
      },
      "minecraft:balloonable": {},
      "minecraft:behavior.melee_attack": {
        "priority": 0,
        "speed_multiplier": 1.5,
        "target_dist": 20.0,
        "max_dist": 20,
        "track_target": true,
        "reach_multiplier": 1.7
      },
      "minecraft:behavior.move_towards_target": {
        "priority": 1,
        "speed_multiplier": 1.5,
        "within_radius": 32
      },
      "minecraft:behavior.random_stroll": {
        "priority": 6,
        "speed_multiplier": 0.7
      },
      "minecraft:behavior.look_at_player": {
        "priority": 7,
        "look_distance": 6.0,
        "probability": 0.02
      },
      "minecraft:behavior.random_look_around": {
        "priority": 8
      },
      "minecraft:behavior.avoid_block": {
        "priority": 1,
        "tick_interval": 0,
        "search_range": 2,
        "search_height": 2,
        "sprint_speed_modifier": 1.0,
        "target_selection_method": "nearest",
        "target_blocks": [
          "minecraft:soul_sand"
        ]
      },
      "minecraft:behavior.nearest_attackable_target": {
        "priority": 2,
        "within_radius": 24,
        "reselect_targets": true,
        "entity_types": [
          {
            "filters": {
              "any_of": [
                {
                  "test": "is_family",
                  "subject": "other",
                  "value": "player"
                },
                {
                  "test": "is_family",
                  "subject": "other",
                  "value": "villager"
                },
                {
                  "test": "is_family",
                  "subject": "other",
                  "value": "irongolem"
                },
                {
                  "test": "is_family",
                  "subject": "other",
                  "value": "wandering_trader"
                },
                {
                  "test": "is_family",
                  "subject": "other",
                  "value": "snowgolem"
                }
              ]
            },
            "max_dist": 64
          }
        ],
        "must_see": false,
        "must_see_forget_duration": 1000.0
      },
      "minecraft:behavior.hurt_by_target": {
        "priority": 4
      },
      "minecraft:physics": {},
      "minecraft:follow_range": {
        "value": 64
      },
      "minecraft:experience_reward": {
        "on_death": "query.last_hit_by_player ? 10 : 0"
      },
      "minecraft:underwater_movement": {
        "value": 0.02
      },
      "minecraft:scale": {
        "value": 2.0
      },
      "minecraft:fire_immune": false,
      "minecraft:behavior.owner_hurt_by_target": {
        "priority": 1
      },
      "minecraft:behavior.owner_hurt_target": {
        "priority": 2
      },
      "minecraft:annotation.break_door": {
        "break_time": 10.0,
        "min_difficulty": "easy"
      },
      "minecraft:on_death": {
        "event": "ag1:dead_sst",
        "target": "self"
      },
      "minecraft:on_hurt": {
        "event": "on:hurt",
        "target": "self"
      },
      "minecraft:on_hurt_by_player": {
        "event": "on:hurt_by_player",
        "target": "self"
      },
      "minecraft:on_ignite": {
        "event": "on:ignite",
        "target": "self"
      },
      "minecraft:on_target_acquired": {
        "event": "on:target_acquired",
        "target": "self"
      },
      "minecraft:on_target_escape": {
        "event": "on:target_escape",
        "target": "self"
      },
      "minecraft:on_wake_with_owner": {
        "event": "on:wake_with_owner",
        "target": "self"
      },
      "minecraft:custom_hit_test": {
        "hitboxes": {
          "width": 2,
          "height": 8,
          "pivot": [
            0,
            6,
            0
          ]
        }
      }
    },
    "events": {
      "ag1:dead_sst": {
        "add": {
          "component_groups": [
            "ded"
          ]
        }
      },
      "minecraft:entity_spawned": {
        "run_command": {
          "command": [
            "/effect @s resistance 1 255"
          ]
        }
      },
      "on:hurt": {
        "run_command": {
          "command": []
        }
      },
      "on:hurt_by_player": {
        "run_command": {
          "command": []
        }
      },
      "on:ignite": {
        "run_command": {
          "command": []
        }
      },
      "on:target_acquired": {
        "run_command": {
          "command": []
        }
      },
      "on:target_escape": {
        "run_command": {
          "command": []
        }
      },
      "on:wake_with_owner": {
        "run_command": {
          "command": []
        }
      },
      "ag1:run_sst": {
        "add": {
          "component_groups": [
            "run"
          ]
        }
      }
    }
  }
}