{
	"format_version": "1.12.0",
	"minecraft:geometry": [
		{
			"description": {
				"identifier": "geometry.gama",
				"texture_width": 64,
				"texture_height": 64,
				"visible_bounds_width": 3,
				"visible_bounds_height": 2.5,
				"visible_bounds_offset": [0, 0.75, 0]
			},
			"bones": [
				{
					"name": "root",
					"pivot": [0, 0, 0]
				},
				{
					"name": "head",
					"parent": "root",
					"pivot": [0, 13, -3],
					"cubes": [
						{"origin": [-4, 9, -7], "size": [8, 7, 6], "pivot": [0, 0, 0], "rotation": [-5, 0, 0], "uv": [31, 31]},
						{"origin": [-3, 16, -7], "size": [6, 0.5, 6], "pivot": [0, 0, 0], "rotation": [-5, 0, 0], "uv": [17, 14]},
						{"origin": [15, 11, -5], "size": [1, 2, 2], "pivot": [0, 0, 0], "rotation": [-5, 22.5, -35], "uv": [6, 33]},
						{"origin": [-16, 11, -5], "size": [1, 2, 2], "pivot": [0, 0, 0], "rotation": [-5, -22.5, 35], "uv": [6, 33]},
						{"origin": [-2, 12, -14], "size": [4, 3, 5], "pivot": [0, 0, 0], "rotation": [-5, 0, 0], "uv": [0, 0]},
						{"origin": [-2, 15, -14], "size": [4, 1, 1], "pivot": [0, 0, 0], "rotation": [-5, 0, 0], "uv": [0, 0]},
						{"origin": [4, 12, -12], "size": [3, 3, 5], "pivot": [0, 0, 0], "rotation": [-5, 22.5, 0], "uv": [0, 0]},
						{"origin": [14, 11, -6], "size": [1, 2, 3], "pivot": [0, 0, 0], "rotation": [-5, 22.5, -35], "uv": [0, 0]},
						{"origin": [6, 15, -12], "size": [1, 1, 5], "pivot": [0, 0, 0], "rotation": [-5, 22.5, 0], "uv": [0, 0]},
						{"origin": [-7, 12, -12], "size": [3, 3, 5], "pivot": [0, 0, 0], "rotation": [-5, -22.5, 0], "uv": [0, 0]},
						{"origin": [-7, 15, -12], "size": [1, 1, 5], "pivot": [0, 0, 0], "rotation": [-5, -22.5, 0], "uv": [0, 0]},
						{"origin": [-15, 11, -6], "size": [1, 2, 3], "pivot": [0, 0, 0], "rotation": [-5, -22.5, 35], "uv": [0, 0]},
						{"origin": [6.5, 6, -16], "size": [-2.5, 2, 7], "pivot": [0, 0, 0], "rotation": [-25, 22.5, 0], "uv": [0, 0]},
						{"origin": [-6.5, 6, -16], "size": [2.5, 2, 7], "pivot": [0, 0, 0], "rotation": [-25, -22.5, 0], "uv": [0, 0]},
						{"origin": [-1, 5, -17], "size": [2, 0.5, 1], "pivot": [0, 0, 0], "rotation": [-25, 0, 0], "uv": [0, 0]},
						{"origin": [-2, 5, -16], "size": [4, 0.5, 7], "pivot": [0, 0, 0], "rotation": [-25, 0, 0], "uv": [6, 3]},
						{"origin": [-4, 9, -9], "size": [8, 6, 2], "pivot": [0, 0, 0], "rotation": [-5, 0, 0], "uv": [0, 0]},
						{"origin": [-3, 11, -11], "size": [6, 4, 2], "pivot": [0, 0, 0], "rotation": [-5, 0, 0], "uv": [0, 0]},
						{"origin": [-4, 15, -9], "size": [1, 1, 2], "pivot": [0, 0, 0], "rotation": [-5, 0, 0], "uv": [0, 0]},
						{"origin": [-3, 15, -9], "size": [6, 0.5, 2], "pivot": [0, 0, 0], "rotation": [-5, 0, 0], "uv": [0, 0]},
						{"origin": [3, 15, -9], "size": [1, 1, 2], "pivot": [0, 0, 0], "rotation": [-5, 0, 0], "uv": [0, 0]}
					]
				},
				{
					"name": "body",
					"parent": "root",
					"pivot": [0, 8, 2],
					"cubes": [
						{"origin": [-3, 12, -9], "size": [6, 1, 12], "pivot": [0, 0, 0], "rotation": [-37.5, 0, 0], "uv": [18, 32]},
						{"origin": [-3, 5, 5], "size": [6, 5, 1], "pivot": [0, 0, 0], "rotation": [-37.5, 0, 0], "uv": [37, 39]},
						{"origin": [-4, 5, 4], "size": [8, 6, 1], "pivot": [0, 0, 0], "rotation": [-37.5, 0, 0], "uv": [36, 38]},
						{"origin": [-2, 5, 6], "size": [4, 4, 1], "pivot": [0, 0, 0], "rotation": [-37.5, 0, 0], "uv": [40, 40]},
						{"origin": [-4, 5, -9], "size": [8, 7, 13], "pivot": [0, 0, 0], "rotation": [-37.5, 0, 0], "uv": [18, 25]},
						{"origin": [-3, 3, -12], "size": [6, 2, 9], "pivot": [0, 0, 0], "rotation": [-35, 0, 0], "uv": [27, 49]},
						{"origin": [-3, 4, -4], "size": [6, 1, 9], "pivot": [0, 0, 0], "rotation": [-37.5, 0, 0], "uv": [34, 1]},
						{"origin": [-2, 3, -3], "size": [4, 1, 6], "pivot": [0, 0, 0], "rotation": [-37.5, 0, 0], "uv": [4, 50]}
					]
				},
				{
					"name": "rightLeg",
					"parent": "root",
					"pivot": [-5, 7, 3],
					"cubes": [
						{"origin": [-5, 5, -2], "size": [2, 5, 8], "pivot": [0, 0, 0], "rotation": [-20, 0, -5], "uv": [0, 0]},
						{"origin": [-5, 5, -1], "size": [2, 3, 7], "pivot": [0, 0, 0], "rotation": [-27.5, -22.5, 0], "uv": [0, 2]},
						{"origin": [-5, 5, 6], "size": [2, 2, 2], "pivot": [0, 0, 0], "rotation": [-27.5, -22.5, 0], "uv": [56, 60]},
						{"origin": [-8, 0, 3], "size": [3, 1, 5], "uv": [0, 7]}
					]
				},
				{
					"name": "leftLeg",
					"parent": "root",
					"pivot": [5, 7, 3],
					"cubes": [
						{"origin": [5, 0, 3], "size": [3, 1, 5], "uv": [0, 7]},
						{"origin": [3, 5, 6], "size": [2, 2, 2], "pivot": [0, 0, 0], "rotation": [-27.5, 22.5, 0], "uv": [0, 0]},
						{"origin": [3, 5, -1], "size": [2, 3, 7], "pivot": [0, 0, 0], "rotation": [-27.5, 22.5, 0], "uv": [0, 3]},
						{"origin": [3, 5, -2], "size": [2, 5, 8], "pivot": [0, 0, 0], "rotation": [-20, 0, 5], "uv": [0, 0]}
					]
				},
				{
					"name": "leftArm",
					"parent": "root",
					"pivot": [5, 11, -2],
					"cubes": [
						{"origin": [4, 1, -10], "size": [3, 1, 1], "pivot": [0, 0, 0], "rotation": [2.5, 0, 0], "uv": [0, 0]},
						{"origin": [4, 4, -8], "size": [3, 1, 4], "pivot": [0, 0, 0], "rotation": [22.5, 0, 0], "uv": [0, 8]},
						{"origin": [3, -2, -9], "size": [2, 6, 2], "pivot": [0, 0, 0], "rotation": [-42.5, 0, 20], "uv": [0, 0]},
						{"origin": [7, 3, -5], "size": [2, 4, 2], "pivot": [0, 0, 0], "rotation": [-12.5, 0, -15], "uv": [0, 0]},
						{"origin": [7, 7, -5], "size": [2, 3, 3], "pivot": [0, 0, 0], "rotation": [-12.5, 0, -15], "uv": [0, 0]}
					]
				},
				{
					"name": "rightArm",
					"parent": "root",
					"pivot": [-5, 11, -2],
					"cubes": [
						{"origin": [-7, 4, -8], "size": [3, 1, 4], "pivot": [0, 0, 0], "rotation": [22.5, 0, 0], "uv": [0, 8]},
						{"origin": [-7, 1, -10], "size": [3, 1, 1], "pivot": [0, 0, 0], "rotation": [2.5, 0, 0], "uv": [0, 0]},
						{"origin": [-5, -2, -9], "size": [2, 6, 2], "pivot": [0, 0, 0], "rotation": [-42.5, 0, -20], "uv": [0, 0]},
						{"origin": [-9, 3, -5], "size": [2, 4, 2], "pivot": [0, 0, 0], "rotation": [-12.5, 0, 15], "uv": [0, 0]},
						{"origin": [-9, 7, -5], "size": [2, 3, 3], "pivot": [0, 0, 0], "rotation": [-12.5, 0, 15], "uv": [0, 0]}
					]
				}
			]
		}
	]
}