{
	"format_version": "1.16.0",
	"minecraft:geometry": [
		{
			"description": {
				"identifier": "geometry.hammer",
				"texture_width": 32,
				"texture_height": 32,
				"visible_bounds_width": 3,
				"visible_bounds_height": 4.5,
				"visible_bounds_offset": [0, 1.75, 0]
			},
			"bones": [
				{
					"name": "hammer",
					"pivot": [0, 0, 0],
					"rotation": [90, 0, 0],
					"binding": "q.item_slot_to_bone_name(c.item_slot)",
					"cubes": [
						{"origin": [-0.45, -1, 14.5], "size": [0.3, 6, 0.3], "pivot": [-0.15, -3, 14.5], "rotation": [0, 27.5, 0], "uv": [0, 0]},
						{"origin": [-0.7161, -1, 14.63852], "size": [0.3, 6, 0.3], "pivot": [-0.4161, -3, 14.63852], "rotation": [0, 60, 0], "uv": [0, 0]},
						{"origin": [-0.70008, -1, 14.69833], "size": [1, 6, 0.3], "pivot": [0.29992, -3, 14.69833], "rotation": [0, 30, 0], "uv": [0, 0]},
						{"origin": [-0.5661, -1, 15.19833], "size": [0.3, 6, 0.3], "pivot": [-0.2661, -3, 15.19833], "rotation": [0, 60, 0], "uv": [0, 0]},
						{"origin": [-0.1563, -1, 14.60814], "size": [0.3, 6, 1], "uv": [0, 0]},
						{"origin": [-0.02872, -1, 15.20351], "size": [0.3, 6, 0.3], "pivot": [0.27128, -3, 15.20351], "rotation": [0, 27.5, 0], "uv": [0, 0]},
						{"origin": [-0.60622, -1, 14.70981], "size": [0.3, 6, 1], "pivot": [-0.30622, -3, 14.70981], "rotation": [0, 60, 0], "uv": [0, 0]},
						{"origin": [-0.15, -1, 14.5], "size": [0.3, 6, 0.3], "pivot": [0.15, -3, 14.5], "rotation": [0, 60, 0], "uv": [0, 0]},
						{"origin": [0.25981, -1, 14.90981], "size": [0.3, 6, 0.3], "uv": [0, 0]},
						{"origin": [0.10981, -1, 14.65], "size": [0.3, 6, 0.3], "pivot": [0.40981, -3, 14.65], "rotation": [0, 30, 0], "uv": [0, 0]},
						{"origin": [-0.35195, -1, 14.58261], "size": [0.3, 6, 1], "pivot": [-0.05195, -3, 14.58259], "rotation": [0, 27.5, 0], "uv": [0, 0]},
						{"origin": [-0.5, -0.8, 14.90981], "size": [1, 8, 0.3], "uv": [30, 24]},
						{"origin": [1.475, 6, 13.90981], "size": [0.1, 1, 2.3], "pivot": [0.55981, -3, 14.90981], "rotation": [0, 180, 0], "uv": [13, 19]},
						{"origin": [-0.525, -3.89147, 0.8542], "size": [0.3, 1.3, 0.495], "pivot": [-0.34019, -0.8915, 10.3542], "rotation": [-65, 180, 0], "uv": [30, 31]},
						{"origin": [0.075, -3.89147, 0.8542], "size": [0.3, 1.3, 0.495], "pivot": [0.25981, -0.8915, 10.3542], "rotation": [-65, 180, 0], "uv": [30, 31]},
						{"origin": [-0.27871, -3.94941, 0.92504], "size": [0.3, 1.33, 0.51], "pivot": [-0.09391, -0.94944, 10.42504], "rotation": [-65, 172.5, 5], "uv": [30, 31]},
						{"origin": [-0.15841, -3.95611, 0.93593], "size": [0.3, 1.33, 0.5], "pivot": [0.0264, -0.95613, 10.43593], "rotation": [-65, -172.5, -5], "uv": [30, 31]},
						{"origin": [0.53361, -6.01909, 4.42829], "size": [0.25, 1.33, 0.5], "pivot": [0.66842, -3.01911, 13.92829], "rotation": [-90, -172.5, -5], "uv": [30, 31]},
						{"origin": [-0.93275, -6.01307, 4.41921], "size": [0.3, 1.33, 0.51], "pivot": [-0.74795, -3.0131, 13.91921], "rotation": [-90, 172.5, 5], "uv": [30, 31]},
						{"origin": [-0.525, -5.00256, 5.3767], "size": [0.3, 1.3, 0.5], "pivot": [-0.34019, -2.00258, 13.8767], "rotation": [-90, 180, 0], "uv": [30, 31]},
						{"origin": [0.075, -5.00256, 5.3767], "size": [0.3, 1.3, 0.5], "pivot": [0.25981, -2.00258, 13.8767], "rotation": [-90, 180, 0], "uv": [30, 31]},
						{"origin": [-0.5661, -1, 14.89833], "size": [0.3, 6, 0.3], "uv": [0, 0]},
						{"origin": [-0.35195, 5, 14.58261], "size": [0.3, 1, 1], "pivot": [-0.05195, -3, 14.58259], "rotation": [0, 27.5, 0], "uv": [25, 15]},
						{"origin": [-0.60622, 5, 14.70981], "size": [0.3, 1, 1], "pivot": [-0.30622, -3, 14.70981], "rotation": [0, 60, 0], "uv": [26, 6]},
						{"origin": [0.25981, 5, 14.90981], "size": [0.3, 1, 0.3], "uv": [32, 19]},
						{"origin": [0.10981, 5, 14.65], "size": [0.3, 1, 0.3], "pivot": [0.40981, -3, 14.65], "rotation": [0, 30, 0], "uv": [23, 7]},
						{"origin": [-0.15, 5, 14.5], "size": [0.3, 1, 0.3], "pivot": [0.15, -3, 14.5], "rotation": [0, 60, 0], "uv": [30, 8]},
						{"origin": [-0.45, 5, 14.5], "size": [0.3, 1, 0.3], "pivot": [-0.15, -3, 14.5], "rotation": [0, 27.5, 0], "uv": [32, 9]},
						{"origin": [-0.15, 5, 14.5], "size": [0.3, 1, 0.3], "uv": [25, 6]},
						{"origin": [-0.7161, 5, 14.63852], "size": [0.3, 1, 0.3], "pivot": [-0.4161, -3, 14.63852], "rotation": [0, 60, 0], "uv": [32, 7]},
						{"origin": [-0.70008, 5, 14.69833], "size": [1, 1, 0.3], "pivot": [0.29992, -3, 14.69833], "rotation": [0, 30, 0], "uv": [28, 14]},
						{"origin": [-0.1563, 5, 14.60814], "size": [0.3, 1, 1], "uv": [30, 5]},
						{"origin": [-0.5661, 5, 15.19833], "size": [0.3, 1, 0.3], "pivot": [-0.2661, -3, 15.19833], "rotation": [0, 60, 0], "uv": [32, 13]},
						{"origin": [-0.5661, 5, 14.89833], "size": [0.3, 1, 0.3], "uv": [32, 6]},
						{"origin": [-0.425, 6, 13.90981], "size": [0.1, 1, 2.3], "pivot": [-0.34019, -3, 14.90981], "rotation": [0, 180, 0], "uv": [0, 9]},
						{"origin": [1.675, 6, 13.90981], "size": [0.1, 1, 2.3], "pivot": [0.75981, -3, 14.90981], "rotation": [0, 180, 0], "uv": [16, 7]},
						{"origin": [1.775, 6, 13.90981], "size": [0.1, 1, 2.3], "pivot": [0.85981, -3, 14.90981], "rotation": [0, 180, 0], "uv": [4, 0]},
						{"origin": [2.075, 6, 13.90981], "size": [0.1, 1, 2.3], "pivot": [1.15981, -3, 14.90981], "rotation": [0, 180, 0], "uv": [17, 25]},
						{"origin": [1.975, 6, 13.90981], "size": [0.1, 1, 2.3], "pivot": [1.05981, -3, 14.90981], "rotation": [0, 180, 0], "uv": [7, 8]},
						{"origin": [1.875, 6, 13.90981], "size": [0.1, 1, 2.3], "pivot": [0.95981, -3, 14.90981], "rotation": [0, 180, 0], "uv": [0, 29]},
						{"origin": [2.175, 6, 13.90981], "size": [0.1, 1, 2.3], "pivot": [1.25981, -3, 14.90981], "rotation": [0, 180, 0], "uv": [22, 18]},
						{"origin": [2.275, 6, 13.90981], "size": [0.1, 1, 2.3], "pivot": [1.35981, -3, 14.90981], "rotation": [0, 180, 0], "uv": [17, 18]},
						{"origin": [-1.325, 5.97, 13.90981], "size": [0.9, 0.03, 2.3], "pivot": [-0.44019, -3.03, 14.90981], "rotation": [0, 180, 0], "uv": [28, 29]},
						{"origin": [-0.15, -1, 14.5], "size": [0.3, 6, 0.3], "uv": [0, 0]}
					]
				}
			]
		}
	]
}