{
	"format_version": "1.12.0",
	"minecraft:geometry": [
		{
			"description": {
				"identifier": "geometry.karasu",
				"texture_width": 16,
				"texture_height": 16,
				"visible_bounds_width": 2,
				"visible_bounds_height": 2.5,
				"visible_bounds_offset": [0, 0.75, 0]
			},
			"bones": [
				{
					"name": "bone8",
					"pivot": [0, 0, 0]
				},
				{
					"name": "RIGHT",
					"parent": "bone8",
					"pivot": [-2.5, 0.25, -0.5],
					"cubes": [
						{
							"origin": [-1.5, 0, 0],
							"size": [0.5, 2, 1],
							"uv": {
								"north": {"uv": [15, 14], "uv_size": [0, 2]},
								"east": {"uv": [14, 14], "uv_size": [1, 2]},
								"south": {"uv": [16, 14], "uv_size": [0, 2]},
								"west": {"uv": [15, 14], "uv_size": [1, 2]},
								"up": {"uv": [15, 13], "uv_size": [0, 1]},
								"down": {"uv": [15, 14], "uv_size": [0, -1]}
							}
						},
						{
							"origin": [-2, 0, -1],
							"size": [1.5, 0.1, 2],
							"uv": {
								"north": {"uv": [16, 15], "uv_size": [1, 0]},
								"east": {"uv": [14, 15], "uv_size": [2, 0]},
								"south": {"uv": [19, 15], "uv_size": [1, 0]},
								"west": {"uv": [17, 15], "uv_size": [2, 0]},
								"up": {"uv": [16, 13], "uv_size": [1, 2]},
								"down": {"uv": [17, 15], "uv_size": [1, -2]}
							}
						},
						{
							"origin": [-2, 0, -2],
							"size": [0.4, 0.1, 1],
							"uv": {
								"north": {"uv": [15, 14], "uv_size": [0, 0]},
								"east": {"uv": [14, 14], "uv_size": [1, 0]},
								"south": {"uv": [16, 14], "uv_size": [0, 0]},
								"west": {"uv": [15, 14], "uv_size": [1, 0]},
								"up": {"uv": [15, 13], "uv_size": [0, 1]},
								"down": {"uv": [15, 14], "uv_size": [0, -1]}
							}
						},
						{
							"origin": [-1.45, 0, -2],
							"size": [0.4, 0.1, 1],
							"uv": {
								"north": {"uv": [15, 14], "uv_size": [0, 0]},
								"east": {"uv": [14, 14], "uv_size": [1, 0]},
								"south": {"uv": [16, 14], "uv_size": [0, 0]},
								"west": {"uv": [15, 14], "uv_size": [1, 0]},
								"up": {"uv": [15, 13], "uv_size": [0, 1]},
								"down": {"uv": [15, 14], "uv_size": [0, -1]}
							}
						},
						{
							"origin": [-0.9, 0, -2],
							"size": [0.4, 0.1, 1],
							"uv": {
								"north": {"uv": [15, 14], "uv_size": [0, 0]},
								"east": {"uv": [14, 14], "uv_size": [1, 0]},
								"south": {"uv": [16, 14], "uv_size": [0, 0]},
								"west": {"uv": [15, 14], "uv_size": [1, 0]},
								"up": {"uv": [15, 13], "uv_size": [0, 1]},
								"down": {"uv": [15, 14], "uv_size": [0, -1]}
							}
						},
						{
							"origin": [-2, 2, -0.5],
							"size": [1.5, 2, 2],
							"uv": {
								"north": {"uv": [16, 15], "uv_size": [1, 2]},
								"east": {"uv": [14, 15], "uv_size": [2, 2]},
								"south": {"uv": [19, 15], "uv_size": [1, 2]},
								"west": {"uv": [17, 15], "uv_size": [2, 2]},
								"up": {"uv": [16, 13], "uv_size": [1, 2]},
								"down": {"uv": [17, 15], "uv_size": [1, -2]}
							}
						}
					]
				},
				{
					"name": "LEFT",
					"parent": "bone8",
					"pivot": [0, 0.25, -0.5],
					"cubes": [
						{
							"origin": [1, 0, 0],
							"size": [0.5, 2, 1],
							"uv": {
								"north": {"uv": [15, 14], "uv_size": [0, 2]},
								"east": {"uv": [14, 14], "uv_size": [1, 2]},
								"south": {"uv": [16, 14], "uv_size": [0, 2]},
								"west": {"uv": [15, 14], "uv_size": [1, 2]},
								"up": {"uv": [15, 13], "uv_size": [0, 1]},
								"down": {"uv": [15, 14], "uv_size": [0, -1]}
							}
						},
						{
							"origin": [0.5, 0, -1],
							"size": [1.5, 0.1, 2],
							"uv": {
								"north": {"uv": [16, 15], "uv_size": [1, 0]},
								"east": {"uv": [14, 15], "uv_size": [2, 0]},
								"south": {"uv": [19, 15], "uv_size": [1, 0]},
								"west": {"uv": [17, 15], "uv_size": [2, 0]},
								"up": {"uv": [16, 13], "uv_size": [1, 2]},
								"down": {"uv": [17, 15], "uv_size": [1, -2]}
							}
						},
						{
							"origin": [0.5, 0, -2],
							"size": [0.4, 0.1, 1],
							"uv": {
								"north": {"uv": [15, 14], "uv_size": [0, 0]},
								"east": {"uv": [14, 14], "uv_size": [1, 0]},
								"south": {"uv": [16, 14], "uv_size": [0, 0]},
								"west": {"uv": [15, 14], "uv_size": [1, 0]},
								"up": {"uv": [15, 13], "uv_size": [0, 1]},
								"down": {"uv": [15, 14], "uv_size": [0, -1]}
							}
						},
						{
							"origin": [1.05, 0, -2],
							"size": [0.4, 0.1, 1],
							"uv": {
								"north": {"uv": [15, 14], "uv_size": [0, 0]},
								"east": {"uv": [14, 14], "uv_size": [1, 0]},
								"south": {"uv": [16, 14], "uv_size": [0, 0]},
								"west": {"uv": [15, 14], "uv_size": [1, 0]},
								"up": {"uv": [15, 13], "uv_size": [0, 1]},
								"down": {"uv": [15, 14], "uv_size": [0, -1]}
							}
						},
						{
							"origin": [1.6, 0, -2],
							"size": [0.4, 0.1, 1],
							"uv": {
								"north": {"uv": [15, 14], "uv_size": [0, 0]},
								"east": {"uv": [14, 14], "uv_size": [1, 0]},
								"south": {"uv": [16, 14], "uv_size": [0, 0]},
								"west": {"uv": [15, 14], "uv_size": [1, 0]},
								"up": {"uv": [15, 13], "uv_size": [0, 1]},
								"down": {"uv": [15, 14], "uv_size": [0, -1]}
							}
						},
						{
							"origin": [0.5, 2, -0.5],
							"size": [1.5, 2, 2],
							"uv": {
								"north": {"uv": [16, 15], "uv_size": [1, 2]},
								"east": {"uv": [14, 15], "uv_size": [2, 2]},
								"south": {"uv": [19, 15], "uv_size": [1, 2]},
								"west": {"uv": [17, 15], "uv_size": [2, 2]},
								"up": {"uv": [16, 13], "uv_size": [1, 2]},
								"down": {"uv": [17, 15], "uv_size": [1, -2]}
							}
						}
					]
				},
				{
					"name": "TAIL",
					"parent": "bone8",
					"pivot": [0, 2.25, 0.75],
					"cubes": [
						{
							"origin": [-2, 4.25, 2.75],
							"size": [4, 0.75, 4.75],
							"uv": {
								"north": {"uv": [4, 4], "uv_size": [4, 0.75]},
								"east": {"uv": [0, 4], "uv_size": [4.75, 0.75]},
								"south": {"uv": [12, 4], "uv_size": [4, 0.75]},
								"west": {"uv": [8, 4], "uv_size": [4.75, 0.75]},
								"up": {"uv": [12, 8.75], "uv_size": [-4, -4.75]},
								"down": {"uv": [16, 4.75], "uv_size": [-4, -4.75]}
							}
						}
					]
				},
				{
					"name": "HANE2",
					"parent": "bone8",
					"pivot": [-2, 7, -1],
					"rotation": [0, 0, 15],
					"cubes": [
						{
							"origin": [-2.75, 6.5, -7.5],
							"size": [0.5, 0.75, 6.25],
							"pivot": [-5, -2.25, -2],
							"rotation": [-37.5, 0, 0],
							"uv": {
								"north": {"uv": [6, 6], "uv_size": [0.5, 0.75]},
								"east": {"uv": [0, 6], "uv_size": [6.25, 0.75]},
								"south": {"uv": [12, 6], "uv_size": [0.5, 0.75]},
								"west": {"uv": [6, 6], "uv_size": [6.25, 0.75]},
								"up": {"uv": [6.5, 12.25], "uv_size": [-0.5, -6.25]},
								"down": {"uv": [6.5, 6.25], "uv_size": [-0.5, -6.25]}
							}
						},
						{
							"origin": [-2.75, 4, -8],
							"size": [0.5, 2.5, 6.75],
							"pivot": [-5, -2.25, -2],
							"rotation": [-37.5, 0, 0],
							"uv": {
								"north": {"uv": [6, 6], "uv_size": [0.5, 2.5]},
								"east": {"uv": [0, 6], "uv_size": [6.75, 2.5]},
								"south": {"uv": [12, 6], "uv_size": [0.5, 2.5]},
								"west": {"uv": [6, 6], "uv_size": [6.75, 2.5]},
								"up": {"uv": [6.5, 12.75], "uv_size": [-0.5, -6.75]},
								"down": {"uv": [6.5, 6.75], "uv_size": [-0.5, -6.75]}
							}
						}
					]
				},
				{
					"name": "HANE",
					"parent": "bone8",
					"pivot": [2, 7, -1],
					"rotation": [0, 0, -15],
					"cubes": [
						{
							"origin": [2.25, 6.5, -7.5],
							"size": [0.5, 0.75, 6.25],
							"pivot": [0, -2.25, -2],
							"rotation": [-37.5, 0, 0],
							"uv": {
								"north": {"uv": [6, 6], "uv_size": [0.5, 0.75]},
								"east": {"uv": [0, 6], "uv_size": [6.25, 0.75]},
								"south": {"uv": [12, 6], "uv_size": [0.5, 0.75]},
								"west": {"uv": [6, 6], "uv_size": [6.25, 0.75]},
								"up": {"uv": [6.5, 12.25], "uv_size": [-0.5, -6.25]},
								"down": {"uv": [6.5, 6.25], "uv_size": [-0.5, -6.25]}
							}
						},
						{
							"origin": [2.25, 4, -8],
							"size": [0.5, 2.5, 6.75],
							"pivot": [0, -2.25, -2],
							"rotation": [-37.5, 0, 0],
							"uv": {
								"north": {"uv": [6, 6], "uv_size": [0.5, 2.5]},
								"east": {"uv": [0, 6], "uv_size": [6.75, 2.5]},
								"south": {"uv": [12, 6], "uv_size": [0.5, 2.5]},
								"west": {"uv": [6, 6], "uv_size": [6.75, 2.5]},
								"up": {"uv": [6.5, 12.75], "uv_size": [-0.5, -6.75]},
								"down": {"uv": [6.5, 6.75], "uv_size": [-0.5, -6.75]}
							}
						}
					]
				},
				{
					"name": "BODY",
					"parent": "bone8",
					"pivot": [0, 0, 0],
					"cubes": [
						{
							"origin": [-2.25, 3.5, -8.25],
							"size": [4.5, 4, 7],
							"pivot": [0, -2.25, -2],
							"rotation": [-37.5, 0, 0],
							"uv": {
								"north": {"uv": [7, 7], "uv_size": [4, 4]},
								"east": {"uv": [0, 7], "uv_size": [7, 4]},
								"south": {"uv": [18, 7], "uv_size": [4, 4]},
								"west": {"uv": [11, 7], "uv_size": [7, 4]},
								"up": {"uv": [7, 0], "uv_size": [4, 3]},
								"down": {"uv": [11, 7], "uv_size": [4, -7]}
							}
						}
					]
				},
				{
					"name": "KAO",
					"parent": "bone8",
					"pivot": [0, 0, 0],
					"cubes": [
						{
							"origin": [-2, 6.75, -5],
							"size": [4, 4, 4],
							"uv": {
								"north": {"uv": [4, 4], "uv_size": [4, 4]},
								"east": {"uv": [0, 4], "uv_size": [4, 4]},
								"south": {"uv": [12, 4], "uv_size": [4, 4]},
								"west": {"uv": [8, 4], "uv_size": [4, 4]},
								"up": {"uv": [5, 1], "uv_size": [3, 3]},
								"down": {"uv": [8, 4], "uv_size": [4, -4]}
							}
						},
						{
							"origin": [-1, 7.5, -6],
							"size": [2, 1, 1],
							"uv": {
								"north": {"uv": [1, 1], "uv_size": [2, 1]},
								"east": {"uv": [0, 1], "uv_size": [1, 1]},
								"south": {"uv": [4, 1], "uv_size": [2, 1]},
								"west": {"uv": [3, 1], "uv_size": [1, 1]},
								"up": {"uv": [5, 2], "uv_size": [-2, -1]},
								"down": {"uv": [7, 1], "uv_size": [-2, -1]}
							}
						}
					]
				}
			]
		}
	]
}