{
	"format_version": "1.16.0",
	"minecraft:geometry": [
		{
			"description": {
				"identifier": "geometry.megumi_sword",
				"texture_width": 128,
				"texture_height": 128,
				"visible_bounds_width": 6,
				"visible_bounds_height": 3.5,
				"visible_bounds_offset": [0, 1.25, 0]
			},
			"bones": [
				{
					"name": "megumi_sword",
					"pivot": [0, 0, 0],
					"binding": "q.item_slot_to_bone_name(c.item_slot)"
				},
				{
					"name": "megumi_sword2",
					"parent": "megumi_sword",
					"pivot": [0, 0, 0],
					"rotation": [90, 0, 0]
				},
				{
					"name": "ha",
					"parent": "megumi_sword2",
					"pivot": [0, 13.8, 0.135],
					"cubes": [
						{
							"origin": [-0.15, 4.98884, 20.47221],
							"size": [0.3, 11.4, 2.25],
							"pivot": [0, 13.8, 0.135],
							"rotation": [5, 0, 0],
							"uv": {
								"north": {"uv": [3, 3], "uv_size": [0, 19]},
								"east": {"uv": [0, 3], "uv_size": [3, 19]},
								"south": {"uv": [6, 3], "uv_size": [0, 19]},
								"west": {"uv": [3, 3], "uv_size": [3, 19]},
								"up": {"uv": [3, 0], "uv_size": [0, 3]},
								"down": {"uv": [3, 3], "uv_size": [0, -3]}
							}
						},
						{
							"origin": [-0.15, 6.75, 20.975],
							"size": [0.3, 11.4, 2.25],
							"uv": {
								"north": {"uv": [3, 3], "uv_size": [0, 19]},
								"east": {"uv": [0, 3], "uv_size": [3, 19]},
								"south": {"uv": [6, 3], "uv_size": [0, 19]},
								"west": {"uv": [3, 3], "uv_size": [3, 19]},
								"up": {"uv": [3, 0], "uv_size": [0, 3]},
								"down": {"uv": [3, 3], "uv_size": [0, -3]}
							}
						},
						{
							"origin": [-0.15, 17.23989, 19.96695],
							"size": [0.3, 1.35, 0.6],
							"pivot": [0, 22.32989, -0.82087],
							"rotation": [2.5, 0, 0],
							"uv": {
								"north": {"uv": [1, 1], "uv_size": [0, 2]},
								"east": {"uv": [0, 1], "uv_size": [1, 2]},
								"south": {"uv": [2, 1], "uv_size": [0, 2]},
								"west": {"uv": [1, 1], "uv_size": [1, 2]},
								"up": {"uv": [1, 0], "uv_size": [0, 1]},
								"down": {"uv": [1, 1], "uv_size": [0, -1]}
							}
						},
						{
							"origin": [-0.15, 19.50021, 20.1103],
							"size": [0.3, 1.35, 0.6],
							"uv": {
								"north": {"uv": [1, 1], "uv_size": [0, 2]},
								"east": {"uv": [0, 1], "uv_size": [1, 2]},
								"south": {"uv": [2, 1], "uv_size": [0, 2]},
								"west": {"uv": [1, 1], "uv_size": [1, 2]},
								"up": {"uv": [1, 0], "uv_size": [0, 1]},
								"down": {"uv": [1, 1], "uv_size": [0, -1]}
							}
						},
						{
							"origin": [-0.15, 21.63807, 20.27447],
							"size": [0.3, 1.5, 4.5],
							"pivot": [0, 25.08095, -1.2985],
							"rotation": [-2.5, 0, 0],
							"uv": {
								"north": {"uv": [7, 7], "uv_size": [0, 2]},
								"east": {"uv": [0, 7], "uv_size": [7, 2]},
								"south": {"uv": [14, 7], "uv_size": [0, 2]},
								"west": {"uv": [7, 7], "uv_size": [7, 2]},
								"up": {"uv": [7, 0], "uv_size": [0, 7]},
								"down": {"uv": [7, 7], "uv_size": [0, -7]}
							}
						},
						{
							"origin": [-0.15, 25.08414, 20.54629],
							"size": [0.3, 0.75, 3],
							"pivot": [0, 26.5183, -1.6522],
							"rotation": [-7.5, 0, 0],
							"uv": {
								"north": {"uv": [5, 5], "uv_size": [0, 1]},
								"east": {"uv": [0, 5], "uv_size": [5, 1]},
								"south": {"uv": [10, 5], "uv_size": [0, 1]},
								"west": {"uv": [5, 5], "uv_size": [5, 1]},
								"up": {"uv": [5, 0], "uv_size": [0, 5]},
								"down": {"uv": [5, 5], "uv_size": [0, -5]}
							}
						},
						{
							"origin": [-0.15, 28.8997, 20.67264],
							"size": [0.3, 2.37, 1.2],
							"pivot": [0, 27.46135, -2.1548],
							"rotation": [-15, 0, 0],
							"uv": {
								"north": {"uv": [2, 2], "uv_size": [0, 3]},
								"east": {"uv": [0, 2], "uv_size": [2, 3]},
								"south": {"uv": [4, 2], "uv_size": [0, 3]},
								"west": {"uv": [2, 2], "uv_size": [2, 3]},
								"up": {"uv": [2, 0], "uv_size": [0, 2]},
								"down": {"uv": [2, 2], "uv_size": [0, -2]}
							}
						},
						{
							"origin": [-0.15, 32.9044, 21.03845],
							"size": [0.3, 1.35, 2.7],
							"pivot": [0, 29.51602, -0.7974],
							"rotation": [-20, 0, 0],
							"uv": {
								"north": {"uv": [4, 4], "uv_size": [0, 2]},
								"east": {"uv": [0, 4], "uv_size": [4, 2]},
								"south": {"uv": [8, 4], "uv_size": [0, 2]},
								"west": {"uv": [4, 4], "uv_size": [4, 2]},
								"up": {"uv": [4, 0], "uv_size": [0, 4]},
								"down": {"uv": [4, 4], "uv_size": [0, -4]}
							}
						},
						{
							"origin": [-0.15, 34.9778, 20.84986],
							"size": [0.3, 0.45, 3],
							"pivot": [0, 29.62863, 1.97635],
							"rotation": [-25, 0, 0],
							"uv": {
								"north": {"uv": [5, 5], "uv_size": [0, 0]},
								"east": {"uv": [0, 5], "uv_size": [5, 0]},
								"south": {"uv": [10, 5], "uv_size": [0, 0]},
								"west": {"uv": [5, 5], "uv_size": [5, 0]},
								"up": {"uv": [5, 0], "uv_size": [0, 5]},
								"down": {"uv": [5, 5], "uv_size": [0, -5]}
							}
						},
						{
							"origin": [-0.15, 39.15468, 19.56489],
							"size": [0.3, 2.01, 1.8],
							"pivot": [0, 29.91137, 1.12817],
							"rotation": [-35, 0, 0],
							"uv": {
								"north": {"uv": [3, 3], "uv_size": [0, 3]},
								"east": {"uv": [0, 3], "uv_size": [3, 3]},
								"south": {"uv": [6, 3], "uv_size": [0, 3]},
								"west": {"uv": [3, 3], "uv_size": [3, 3]},
								"up": {"uv": [3, 0], "uv_size": [0, 3]},
								"down": {"uv": [3, 3], "uv_size": [0, -3]}
							}
						},
						{
							"origin": [-0.15, 40.47468, 19.86489],
							"size": [0.3, 2.19, 0.54],
							"pivot": [0, 29.91137, 1.12817],
							"rotation": [-35, 0, 0],
							"uv": {
								"north": {"uv": [0, 0], "uv_size": [0, 3]},
								"east": {"uv": [0, 0], "uv_size": [0, 3]},
								"south": {"uv": [0, 0], "uv_size": [0, 3]},
								"west": {"uv": [0, 0], "uv_size": [0, 3]},
								"up": {"uv": [0, 0], "uv_size": [0, 0]},
								"down": {"uv": [0, 0], "uv_size": [0, 0]}
							}
						},
						{
							"origin": [-0.15, 39.57468, 20.34489],
							"size": [0.3, 1.11, 1.32],
							"pivot": [0, 29.91137, 1.12817],
							"rotation": [-35, 0, 0],
							"uv": {
								"north": {"uv": [2, 2], "uv_size": [0, 1]},
								"east": {"uv": [0, 2], "uv_size": [2, 1]},
								"south": {"uv": [4, 2], "uv_size": [0, 1]},
								"west": {"uv": [2, 2], "uv_size": [2, 1]},
								"up": {"uv": [2, 0], "uv_size": [0, 2]},
								"down": {"uv": [2, 2], "uv_size": [0, -2]}
							}
						},
						{
							"origin": [-0.15, 40.77468, 20.34489],
							"size": [0.3, 1.17, 0.48],
							"pivot": [0, 29.91137, 1.12817],
							"rotation": [-35, 0, 0],
							"uv": {
								"north": {"uv": [0, 0], "uv_size": [0, 1]},
								"east": {"uv": [0, 0], "uv_size": [0, 1]},
								"south": {"uv": [0, 0], "uv_size": [0, 1]},
								"west": {"uv": [0, 0], "uv_size": [0, 1]},
								"up": {"uv": [0, 0], "uv_size": [0, 0]},
								"down": {"uv": [0, 0], "uv_size": [0, 0]}
							}
						},
						{
							"origin": [-0.15, 43.61613, 19.13045],
							"size": [0.3, 2.31, 0.3],
							"pivot": [0, 31.53446, 1.46223],
							"rotation": [-42.5, 0, 0],
							"uv": {
								"north": {"uv": [0, 0], "uv_size": [0, 3]},
								"east": {"uv": [0, 0], "uv_size": [0, 3]},
								"south": {"uv": [0, 0], "uv_size": [0, 3]},
								"west": {"uv": [0, 0], "uv_size": [0, 3]},
								"up": {"uv": [0, 0], "uv_size": [0, 0]},
								"down": {"uv": [0, 0], "uv_size": [0, 0]}
							}
						},
						{
							"origin": [-0.15, 32.33452, 23.63853],
							"size": [0.3, 1.74, 0.39],
							"pivot": [0, 29.73064, 0.97866],
							"rotation": [-10, 0, 0],
							"uv": {
								"north": {"uv": [0, 0], "uv_size": [0, 2]},
								"east": {"uv": [0, 0], "uv_size": [0, 2]},
								"south": {"uv": [0, 0], "uv_size": [0, 2]},
								"west": {"uv": [0, 0], "uv_size": [0, 2]},
								"up": {"uv": [0, 0], "uv_size": [0, 0]},
								"down": {"uv": [0, 0], "uv_size": [0, 0]}
							}
						},
						{
							"origin": [-0.15, 29.66328, 23.61178],
							"size": [0.3, 0.6, 0.39],
							"pivot": [0, 27.80362, 1.49577],
							"rotation": [-5, 0, 0],
							"uv": {
								"north": {"uv": [0, 0], "uv_size": [0, 1]},
								"east": {"uv": [0, 0], "uv_size": [0, 1]},
								"south": {"uv": [0, 0], "uv_size": [0, 1]},
								"west": {"uv": [0, 0], "uv_size": [0, 1]},
								"up": {"uv": [0, 0], "uv_size": [0, 0]},
								"down": {"uv": [0, 0], "uv_size": [0, 0]}
							}
						},
						{
							"origin": [-0.15, 23.09617, 23.55074],
							"size": [0.3, 0.6, 0.39],
							"pivot": [0, 26.50659, 4.01653],
							"rotation": [10, 0, 0],
							"uv": {
								"north": {"uv": [0, 0], "uv_size": [0, 1]},
								"east": {"uv": [0, 0], "uv_size": [0, 1]},
								"south": {"uv": [0, 0], "uv_size": [0, 1]},
								"west": {"uv": [0, 0], "uv_size": [0, 1]},
								"up": {"uv": [0, 0], "uv_size": [0, 0]},
								"down": {"uv": [0, 0], "uv_size": [0, 0]}
							}
						},
						{
							"origin": [-0.15, 25.33355, 23.6693],
							"size": [0.3, 0.6, 0.39],
							"pivot": [0, 27.06471, 3.12209],
							"rotation": [5, 0, 0],
							"uv": {
								"north": {"uv": [0, 0], "uv_size": [0, 1]},
								"east": {"uv": [0, 0], "uv_size": [0, 1]},
								"south": {"uv": [0, 0], "uv_size": [0, 1]},
								"west": {"uv": [0, 0], "uv_size": [0, 1]},
								"up": {"uv": [0, 0], "uv_size": [0, 0]},
								"down": {"uv": [0, 0], "uv_size": [0, 0]}
							}
						},
						{
							"origin": [-0.15, 20.35606, 20.48231],
							"size": [0.3, 2.7, 3],
							"pivot": [0, 29.10649, 3.5581],
							"rotation": [10, 0, 0],
							"uv": {
								"north": {"uv": [5, 5], "uv_size": [0, 4]},
								"east": {"uv": [0, 5], "uv_size": [5, 4]},
								"south": {"uv": [10, 5], "uv_size": [0, 4]},
								"west": {"uv": [5, 5], "uv_size": [5, 4]},
								"up": {"uv": [5, 0], "uv_size": [0, 5]},
								"down": {"uv": [5, 5], "uv_size": [0, -5]}
							}
						},
						{
							"origin": [-0.15, 13.45375, 18.7356],
							"size": [0.3, 2.805, 1.68],
							"pivot": [0, 27.90298, 5.87548],
							"rotation": [30, 0, 0],
							"uv": {
								"north": {"uv": [2, 2], "uv_size": [0, 4]},
								"east": {"uv": [0, 2], "uv_size": [2, 4]},
								"south": {"uv": [4, 2], "uv_size": [0, 4]},
								"west": {"uv": [2, 2], "uv_size": [2, 4]},
								"up": {"uv": [2, 0], "uv_size": [0, 2]},
								"down": {"uv": [2, 2], "uv_size": [0, -2]}
							}
						},
						{
							"origin": [-0.15, 31.53227, 20.23681],
							"size": [0.3, 1.755, 4.8],
							"pivot": [0, 26.51311, 1.36331],
							"rotation": [-25, 0, 0],
							"uv": {
								"north": {"uv": [8, 8], "uv_size": [0, 2]},
								"east": {"uv": [0, 8], "uv_size": [8, 2]},
								"south": {"uv": [16, 8], "uv_size": [0, 2]},
								"west": {"uv": [8, 8], "uv_size": [8, 2]},
								"up": {"uv": [8, 0], "uv_size": [0, 8]},
								"down": {"uv": [8, 8], "uv_size": [0, -8]}
							}
						},
						{
							"origin": [-0.15, 26.22894, 21.03115],
							"size": [0.3, 2.28, 4.05],
							"pivot": [0, 25.04786, 1.52823],
							"rotation": [-17.5, 0, 0],
							"uv": {
								"north": {"uv": [6, 6], "uv_size": [0, 3]},
								"east": {"uv": [0, 6], "uv_size": [6, 3]},
								"south": {"uv": [12, 6], "uv_size": [0, 3]},
								"west": {"uv": [6, 6], "uv_size": [6, 3]},
								"up": {"uv": [6, 0], "uv_size": [0, 6]},
								"down": {"uv": [6, 6], "uv_size": [0, -6]}
							}
						},
						{
							"origin": [-0.15, 21.45055, 21.03286],
							"size": [0.3, 2.73, 3.9],
							"pivot": [0, 23.61667, 1.88299],
							"rotation": [-10, 0, 0],
							"uv": {
								"north": {"uv": [6, 6], "uv_size": [0, 4]},
								"east": {"uv": [0, 6], "uv_size": [6, 4]},
								"south": {"uv": [12, 6], "uv_size": [0, 4]},
								"west": {"uv": [6, 6], "uv_size": [6, 4]},
								"up": {"uv": [6, 0], "uv_size": [0, 6]},
								"down": {"uv": [6, 6], "uv_size": [0, -6]}
							}
						},
						{
							"origin": [-0.15, 11.95473, 22.06619],
							"size": [0.3, 7.98, 2.4],
							"pivot": [0, 21.10508, 1.96018],
							"rotation": [-5, 0, 0],
							"uv": {
								"north": {"uv": [4, 4], "uv_size": [0, 13]},
								"east": {"uv": [0, 4], "uv_size": [4, 13]},
								"south": {"uv": [8, 4], "uv_size": [0, 13]},
								"west": {"uv": [4, 4], "uv_size": [4, 13]},
								"up": {"uv": [4, 0], "uv_size": [0, 4]},
								"down": {"uv": [4, 4], "uv_size": [0, -4]}
							}
						},
						{
							"origin": [-0.15, 7.53918, 21.54369],
							"size": [0.3, 3.48, 2.16],
							"pivot": [0, 13.26206, 1.53072],
							"rotation": [-2.5, 0, 0],
							"uv": {
								"north": {"uv": [3, 3], "uv_size": [0, 5]},
								"east": {"uv": [0, 3], "uv_size": [3, 5]},
								"south": {"uv": [6, 3], "uv_size": [0, 5]},
								"west": {"uv": [3, 3], "uv_size": [3, 5]},
								"up": {"uv": [3, 0], "uv_size": [0, 3]},
								"down": {"uv": [3, 3], "uv_size": [0, -3]}
							}
						}
					]
				},
				{
					"name": "motuyo",
					"parent": "megumi_sword2",
					"pivot": [0, 0, 0],
					"cubes": [
						{
							"origin": [-0.735, 5.4, 20.3],
							"size": [1.5, 1.5, 3.9],
							"uv": {
								"north": {"uv": [6, 127], "uv_size": [2, 2]},
								"east": {"uv": [0, 127], "uv_size": [6, 2]},
								"south": {"uv": [14, 127], "uv_size": [2, 2]},
								"west": {"uv": [8, 127], "uv_size": [6, 2]},
								"up": {"uv": [6, 121], "uv_size": [2, 6]},
								"down": {"uv": [8, 127], "uv_size": [2, -6]}
							}
						}
					]
				},
				{
					"name": "bone2",
					"parent": "motuyo",
					"pivot": [0, 0, 0.12],
					"cubes": [
						{
							"origin": [-0.585, -4.2, 21.23],
							"size": [1.2, 9.6, 2.04],
							"uv": {
								"north": {"uv": [122, 113], "uv_size": [2, 16]},
								"east": {"uv": [119, 113], "uv_size": [3, 16]},
								"south": {"uv": [127, 113], "uv_size": [2, 16]},
								"west": {"uv": [124, 113], "uv_size": [3, 16]},
								"up": {"uv": [122, 110], "uv_size": [2, 3]},
								"down": {"uv": [124, 113], "uv_size": [2, -3]}
							}
						},
						{
							"origin": [-0.735, -5.85, 21.08],
							"size": [1.5, 1.8, 2.34],
							"uv": {
								"north": {"uv": [122, 83], "uv_size": [2, 3]},
								"east": {"uv": [119, 83], "uv_size": [3, 3]},
								"south": {"uv": [127, 83], "uv_size": [2, 3]},
								"west": {"uv": [124, 83], "uv_size": [3, 3]},
								"up": {"uv": [122, 80], "uv_size": [2, 3]},
								"down": {"uv": [124, 83], "uv_size": [2, -3]}
							}
						}
					]
				}
			]
		}
	]
}