{
	"format_version": "1.12.0",
	"minecraft:geometry": [
		{
			"description": {
				"identifier": "geometry.muryokusho",
				"texture_width": 256,
				"texture_height": 256,
				"visible_bounds_width": 40,
				"visible_bounds_height": 38,
				"visible_bounds_offset": [0, 3, 0]
			},
			"bones": [
				{
					"name": "muryokusho",
					"pivot": [0, 0, 0]
				},
				{
					"name": "bone",
					"parent": "muryokusho",
					"pivot": [0, 0, 16]
				},
				{
					"name": "bone2",
					"parent": "bone",
					"pivot": [0, 0, 16],
					"cubes": [
						{"origin": [-40, -2.822, -314.9036], "size": [80, 80, 40], "pivot": [0, -2.822, 5.0964], "rotation": [-15, 0, 0], "uv": [17, 16]},
						{"origin": [-40, -2.726, -326.1664], "size": [80, 80, 40], "pivot": [0, -2.726, -6.1664], "rotation": [-30, 0, 0], "uv": [17, 16]},
						{"origin": [-40, 0.282, -337.0204], "size": [80, 80, 40], "pivot": [0, 0.282, -17.0204], "rotation": [-45, 0, 0], "uv": [17, 16]},
						{"origin": [-40, 5.9964, -346.726], "size": [80, 80, 40], "pivot": [0, 5.9964, -26.726], "rotation": [-60, 0, 0], "uv": [17, 16]},
						{"origin": [-40, 14.0284, -354.622], "size": [80, 80, 40], "pivot": [0, 14.0284, -34.622], "rotation": [-75, 0, 0], "uv": [17, 16]}
					]
				},
				{
					"name": "bone5",
					"parent": "bone2",
					"pivot": [0, 0, 16],
					"rotation": [0, 90, 0]
				},
				{
					"name": "bone6",
					"parent": "bone5",
					"pivot": [0, 0, 16],
					"cubes": [
						{"origin": [-23.83, -2.822, -298.734], "size": [80, 80, 40], "pivot": [16.17, -2.822, 21.266], "rotation": [-15, 0, 0], "uv": [17, 16]},
						{"origin": [-23.83, -2.726, -309.9964], "size": [80, 80, 40], "pivot": [16.17, -2.726, 10.0036], "rotation": [-30, 0, 0], "uv": [17, 16]},
						{"origin": [-23.83, 0.282, -320.8504], "size": [80, 80, 40], "pivot": [16.17, 0.282, -0.8504], "rotation": [-45, 0, 0], "uv": [17, 16]},
						{"origin": [-23.83, 5.9964, -330.556], "size": [80, 80, 40], "pivot": [16.17, 5.9964, -10.556], "rotation": [-60, 0, 0], "uv": [17, 16]},
						{"origin": [-23.83, 14.0284, -338.452], "size": [80, 80, 40], "pivot": [16.17, 14.0284, -18.452], "rotation": [-75, 0, 0], "uv": [17, 16]}
					]
				},
				{
					"name": "bone7",
					"parent": "bone5",
					"pivot": [0, 0, 16]
				},
				{
					"name": "bone8",
					"parent": "bone7",
					"pivot": [0, 0, 16],
					"cubes": [
						{"origin": [-23.83, -2.822, 290.734], "size": [80, 80, 40], "pivot": [16.17, -2.822, 10.734], "rotation": [15, 0, 0], "uv": [17, 16]},
						{"origin": [-23.83, -2.726, 301.9964], "size": [80, 80, 40], "pivot": [16.17, -2.726, 21.9964], "rotation": [30, 0, 0], "uv": [17, 16]},
						{"origin": [-23.83, 0.282, 312.8504], "size": [80, 80, 40], "pivot": [16.17, 0.282, 32.8504], "rotation": [45, 0, 0], "uv": [17, 16]},
						{"origin": [-23.83, 5.9964, 322.556], "size": [80, 80, 40], "pivot": [16.17, 5.9964, 42.556], "rotation": [60, 0, 0], "uv": [17, 16]},
						{"origin": [-23.83, 14.0284, 330.452], "size": [80, 80, 40], "pivot": [16.17, 14.0284, 50.452], "rotation": [75, 0, 0], "uv": [17, 16]},
						{"origin": [-23.83, 23.83, 336], "size": [80, 80, 40], "pivot": [16.17, 23.83, 56], "rotation": [90, 0, 0], "uv": [17, 16]}
					]
				},
				{
					"name": "bone3",
					"parent": "bone",
					"pivot": [0, 0, 16]
				},
				{
					"name": "bone4",
					"parent": "bone3",
					"pivot": [0, 0, 16],
					"cubes": [
						{"origin": [-40, 0, 263.6604], "size": [80, 80, 40], "uv": [17, 16]},
						{"origin": [-40, -2.822, 274.564], "size": [80, 80, 40], "pivot": [0, -2.822, -5.436], "rotation": [15, 0, 0], "uv": [17, 16]},
						{"origin": [-40, -2.726, 285.8268], "size": [80, 80, 40], "pivot": [0, -2.726, 5.8268], "rotation": [30, 0, 0], "uv": [17, 16]},
						{"origin": [-40, 0.282, 296.6808], "size": [80, 80, 40], "pivot": [0, 0.282, 16.6808], "rotation": [45, 0, 0], "uv": [17, 16]},
						{"origin": [-40, 5.9964, 306.3864], "size": [80, 80, 40], "pivot": [0, 5.9964, 26.3864], "rotation": [60, 0, 0], "uv": [17, 16]},
						{"origin": [-40, 14.0284, 314.282], "size": [80, 80, 40], "pivot": [0, 14.0284, 34.282], "rotation": [75, 0, 0], "uv": [17, 16]}
					]
				},
				{
					"name": "bone9",
					"parent": "muryokusho",
					"pivot": [0, 0, 16],
					"rotation": [0, 15, 0]
				},
				{
					"name": "bone10",
					"parent": "bone9",
					"pivot": [0, 0, 16],
					"cubes": [
						{"origin": [-35.8148, -2.822, -314.3528], "size": [80, 80, 40], "pivot": [4.1852, -2.822, 5.6472], "rotation": [-15, 0, 0], "uv": [17, 16]},
						{"origin": [-35.8148, -2.726, -325.6152], "size": [80, 80, 40], "pivot": [4.1852, -2.726, -5.6152], "rotation": [-30, 0, 0], "uv": [17, 16]},
						{"origin": [-35.8148, 0.282, -336.4692], "size": [80, 80, 40], "pivot": [4.1852, 0.282, -16.4692], "rotation": [-45, 0, 0], "uv": [17, 16]},
						{"origin": [-35.8148, 5.9964, -346.1748], "size": [80, 80, 40], "pivot": [4.1852, 5.9964, -26.1748], "rotation": [-60, 0, 0], "uv": [17, 16]},
						{"origin": [-35.8148, 14.0284, -354.0708], "size": [80, 80, 40], "pivot": [4.1852, 14.0284, -34.0708], "rotation": [-75, 0, 0], "uv": [17, 16]}
					]
				},
				{
					"name": "bone11",
					"parent": "bone10",
					"pivot": [0, 0, 16],
					"rotation": [0, 90, 0]
				},
				{
					"name": "bone12",
					"parent": "bone11",
					"pivot": [0, 0, 16],
					"cubes": [
						{"origin": [-24.3812, 0, -283.6452], "size": [80, 80, 40], "uv": [17, 16]},
						{"origin": [-24.3812, -2.822, -294.5488], "size": [80, 80, 40], "pivot": [15.6188, -2.822, 25.4512], "rotation": [-15, 0, 0], "uv": [17, 16]},
						{"origin": [-24.3812, -2.726, -305.8116], "size": [80, 80, 40], "pivot": [15.6188, -2.726, 14.1884], "rotation": [-30, 0, 0], "uv": [17, 16]},
						{"origin": [-24.3812, 0.282, -316.6656], "size": [80, 80, 40], "pivot": [15.6188, 0.282, 3.3344], "rotation": [-45, 0, 0], "uv": [17, 16]},
						{"origin": [-24.3812, 5.9964, -326.3712], "size": [80, 80, 40], "pivot": [15.6188, 5.9964, -6.3712], "rotation": [-60, 0, 0], "uv": [17, 16]},
						{"origin": [-24.3812, 14.0284, -334.2668], "size": [80, 80, 40], "pivot": [15.6188, 14.0284, -14.2668], "rotation": [-75, 0, 0], "uv": [17, 16]}
					]
				},
				{
					"name": "bone13",
					"parent": "bone11",
					"pivot": [0, 0, 16]
				},
				{
					"name": "bone14",
					"parent": "bone13",
					"pivot": [0, 0, 16],
					"cubes": [
						{"origin": [-24.3812, -2.822, 294.9188], "size": [80, 80, 40], "pivot": [15.6188, -2.822, 14.9188], "rotation": [15, 0, 0], "uv": [17, 16]},
						{"origin": [-24.3812, -2.726, 306.1816], "size": [80, 80, 40], "pivot": [15.6188, -2.726, 26.1816], "rotation": [30, 0, 0], "uv": [17, 16]},
						{"origin": [-24.3812, 0.282, 317.0356], "size": [80, 80, 40], "pivot": [15.6188, 0.282, 37.0356], "rotation": [45, 0, 0], "uv": [17, 16]},
						{"origin": [-24.3812, 5.9964, 326.7412], "size": [80, 80, 40], "pivot": [15.6188, 5.9964, 46.7412], "rotation": [60, 0, 0], "uv": [17, 16]},
						{"origin": [-24.3812, 14.0284, 334.6372], "size": [80, 80, 40], "pivot": [15.6188, 14.0284, 54.6372], "rotation": [75, 0, 0], "uv": [17, 16]},
						{"origin": [-24.3812, 23.83, 340.1852], "size": [80, 80, 40], "pivot": [15.6188, 23.83, 60.1852], "rotation": [90, 0, 0], "uv": [17, 16]}
					]
				},
				{
					"name": "bone15",
					"parent": "bone9",
					"pivot": [0, 0, 16]
				},
				{
					"name": "bone16",
					"parent": "bone15",
					"pivot": [0, 0, 16],
					"cubes": [
						{"origin": [-35.8148, 0, 264.2112], "size": [80, 80, 40], "uv": [17, 16]},
						{"origin": [-35.8148, -2.822, 275.1152], "size": [80, 80, 40], "pivot": [4.1852, -2.822, -4.8848], "rotation": [15, 0, 0], "uv": [17, 16]},
						{"origin": [-35.8148, -2.726, 286.3776], "size": [80, 80, 40], "pivot": [4.1852, -2.726, 6.3776], "rotation": [30, 0, 0], "uv": [17, 16]},
						{"origin": [-35.8148, 0.282, 297.2316], "size": [80, 80, 40], "pivot": [4.1852, 0.282, 17.2316], "rotation": [45, 0, 0], "uv": [17, 16]},
						{"origin": [-35.8148, 5.9964, 306.9372], "size": [80, 80, 40], "pivot": [4.1852, 5.9964, 26.9372], "rotation": [60, 0, 0], "uv": [17, 16]},
						{"origin": [-35.8148, 14.0284, 314.8332], "size": [80, 80, 40], "pivot": [4.1852, 14.0284, 34.8332], "rotation": [75, 0, 0], "uv": [17, 16]}
					]
				},
				{
					"name": "bone17",
					"parent": "muryokusho",
					"pivot": [0, 0, 16],
					"rotation": [0, 30, 0]
				},
				{
					"name": "bone18",
					"parent": "bone17",
					"pivot": [0, 0, 16],
					"cubes": [
						{"origin": [-31.9152, -2.822, -312.7372], "size": [80, 80, 40], "pivot": [8.0848, -2.822, 7.2628], "rotation": [-15, 0, 0], "uv": [17, 16]},
						{"origin": [-31.9152, -2.726, -324], "size": [80, 80, 40], "pivot": [8.0848, -2.726, -4], "rotation": [-30, 0, 0], "uv": [17, 16]},
						{"origin": [-31.9152, 0.282, -334.854], "size": [80, 80, 40], "pivot": [8.0848, 0.282, -14.854], "rotation": [-45, 0, 0], "uv": [17, 16]},
						{"origin": [-31.9152, 5.9964, -344.5596], "size": [80, 80, 40], "pivot": [8.0848, 5.9964, -24.5596], "rotation": [-60, 0, 0], "uv": [17, 16]},
						{"origin": [-31.9152, 14.0284, -352.4556], "size": [80, 80, 40], "pivot": [8.0848, 14.0284, -32.4556], "rotation": [-75, 0, 0], "uv": [17, 16]}
					]
				},
				{
					"name": "bone19",
					"parent": "bone18",
					"pivot": [0, 0, 16],
					"rotation": [0, 90, 0]
				},
				{
					"name": "bone20",
					"parent": "bone19",
					"pivot": [0, 0, 16],
					"cubes": [
						{"origin": [-25.9964, 0, -279.7452], "size": [80, 80, 40], "uv": [17, 16]},
						{"origin": [-25.9964, -2.822, -290.6488], "size": [80, 80, 40], "pivot": [14.0036, -2.822, 29.3512], "rotation": [-15, 0, 0], "uv": [17, 16]},
						{"origin": [-25.9964, -2.726, -301.9116], "size": [80, 80, 40], "pivot": [14.0036, -2.726, 18.0884], "rotation": [-30, 0, 0], "uv": [17, 16]},
						{"origin": [-25.9964, 0.282, -312.7656], "size": [80, 80, 40], "pivot": [14.0036, 0.282, 7.2344], "rotation": [-45, 0, 0], "uv": [17, 16]},
						{"origin": [-25.9964, 5.9964, -322.4712], "size": [80, 80, 40], "pivot": [14.0036, 5.9964, -2.4712], "rotation": [-60, 0, 0], "uv": [17, 16]},
						{"origin": [-25.9964, 14.0284, -330.3672], "size": [80, 80, 40], "pivot": [14.0036, 14.0284, -10.3672], "rotation": [-75, 0, 0], "uv": [17, 16]}
					]
				},
				{
					"name": "bone21",
					"parent": "bone19",
					"pivot": [0, 0, 16]
				},
				{
					"name": "bone22",
					"parent": "bone21",
					"pivot": [0, 0, 16],
					"cubes": [
						{"origin": [-25.9964, -2.822, 298.8188], "size": [80, 80, 40], "pivot": [14.0036, -2.822, 18.8188], "rotation": [15, 0, 0], "uv": [17, 16]},
						{"origin": [-25.9964, -2.726, 310.0816], "size": [80, 80, 40], "pivot": [14.0036, -2.726, 30.0816], "rotation": [30, 0, 0], "uv": [17, 16]},
						{"origin": [-25.9964, 0.282, 320.9352], "size": [80, 80, 40], "pivot": [14.0036, 0.282, 40.9352], "rotation": [45, 0, 0], "uv": [17, 16]},
						{"origin": [-25.9964, 5.9964, 330.6412], "size": [80, 80, 40], "pivot": [14.0036, 5.9964, 50.6412], "rotation": [60, 0, 0], "uv": [17, 16]},
						{"origin": [-25.9964, 14.0284, 338.5368], "size": [80, 80, 40], "pivot": [14.0036, 14.0284, 58.5368], "rotation": [75, 0, 0], "uv": [17, 16]},
						{"origin": [-25.9964, 23.83, 344.0848], "size": [80, 80, 40], "pivot": [14.0036, 23.83, 64.0848], "rotation": [90, 0, 0], "uv": [17, 16]}
					]
				},
				{
					"name": "bone23",
					"parent": "bone17",
					"pivot": [0, 0, 16]
				},
				{
					"name": "bone24",
					"parent": "bone23",
					"pivot": [0, 0, 16],
					"cubes": [
						{"origin": [-31.9152, 0, 265.8268], "size": [80, 80, 40], "uv": [17, 16]},
						{"origin": [-31.9152, -2.822, 276.7304], "size": [80, 80, 40], "pivot": [8.0848, -2.822, -3.2696], "rotation": [15, 0, 0], "uv": [17, 16]},
						{"origin": [-31.9152, -2.726, 287.9932], "size": [80, 80, 40], "pivot": [8.0848, -2.726, 7.9932], "rotation": [30, 0, 0], "uv": [17, 16]},
						{"origin": [-31.9152, 0.282, 298.8468], "size": [80, 80, 40], "pivot": [8.0848, 0.282, 18.8468], "rotation": [45, 0, 0], "uv": [17, 16]},
						{"origin": [-31.9152, 5.9964, 308.5528], "size": [80, 80, 40], "pivot": [8.0848, 5.9964, 28.5528], "rotation": [60, 0, 0], "uv": [17, 16]},
						{"origin": [-31.9152, 14.0284, 316.4484], "size": [80, 80, 40], "pivot": [8.0848, 14.0284, 36.4484], "rotation": [75, 0, 0], "uv": [17, 16]}
					]
				},
				{
					"name": "bone25",
					"parent": "muryokusho",
					"pivot": [0, 0, 16],
					"rotation": [0, 45, 0]
				},
				{
					"name": "bone26",
					"parent": "bone25",
					"pivot": [0, 0, 16],
					"cubes": [
						{"origin": [-28.566, -2.822, -310.1676], "size": [80, 80, 40], "pivot": [11.434, -2.822, 9.8324], "rotation": [-15, 0, 0], "uv": [17, 16]},
						{"origin": [-28.566, -2.726, -321.4304], "size": [80, 80, 40], "pivot": [11.434, -2.726, -1.4304], "rotation": [-30, 0, 0], "uv": [17, 16]},
						{"origin": [-28.566, 0.282, -332.2844], "size": [80, 80, 40], "pivot": [11.434, 0.282, -12.2844], "rotation": [-45, 0, 0], "uv": [17, 16]},
						{"origin": [-28.566, 5.9964, -341.99], "size": [80, 80, 40], "pivot": [11.434, 5.9964, -21.99], "rotation": [-60, 0, 0], "uv": [17, 16]},
						{"origin": [-28.566, 14.0284, -349.8856], "size": [80, 80, 40], "pivot": [11.434, 14.0284, -29.8856], "rotation": [-75, 0, 0], "uv": [17, 16]}
					]
				},
				{
					"name": "bone27",
					"parent": "bone26",
					"pivot": [0, 0, 16],
					"rotation": [0, 90, 0]
				},
				{
					"name": "bone28",
					"parent": "bone27",
					"pivot": [0, 0, 16],
					"cubes": [
						{"origin": [-28.566, 0, -276.3964], "size": [80, 80, 40], "uv": [17, 16]},
						{"origin": [-28.566, -2.822, -287.3], "size": [80, 80, 40], "pivot": [11.434, -2.822, 32.7], "rotation": [-15, 0, 0], "uv": [17, 16]},
						{"origin": [-28.566, -2.726, -298.5628], "size": [80, 80, 40], "pivot": [11.434, -2.726, 21.4372], "rotation": [-30, 0, 0], "uv": [17, 16]},
						{"origin": [-28.566, 0.282, -309.4168], "size": [80, 80, 40], "pivot": [11.434, 0.282, 10.5832], "rotation": [-45, 0, 0], "uv": [17, 16]},
						{"origin": [-28.566, 5.9964, -319.1224], "size": [80, 80, 40], "pivot": [11.434, 5.9964, 0.8776], "rotation": [-60, 0, 0], "uv": [17, 16]},
						{"origin": [-28.566, 14.0284, -327.018], "size": [80, 80, 40], "pivot": [11.434, 14.0284, -7.018], "rotation": [-75, 0, 0], "uv": [17, 16]}
					]
				},
				{
					"name": "bone29",
					"parent": "bone27",
					"pivot": [0, 0, 16]
				},
				{
					"name": "bone30",
					"parent": "bone29",
					"pivot": [0, 0, 16],
					"cubes": [
						{"origin": [-28.566, -2.822, 302.1676], "size": [80, 80, 40], "pivot": [11.434, -2.822, 22.1676], "rotation": [15, 0, 0], "uv": [17, 16]},
						{"origin": [-28.566, -2.726, 313.4304], "size": [80, 80, 40], "pivot": [11.434, -2.726, 33.4304], "rotation": [30, 0, 0], "uv": [17, 16]},
						{"origin": [-28.566, 0.282, 324.2844], "size": [80, 80, 40], "pivot": [11.434, 0.282, 44.2844], "rotation": [45, 0, 0], "uv": [17, 16]},
						{"origin": [-28.566, 5.9964, 333.99], "size": [80, 80, 40], "pivot": [11.434, 5.9964, 53.99], "rotation": [60, 0, 0], "uv": [17, 16]},
						{"origin": [-28.566, 14.0284, 341.8856], "size": [80, 80, 40], "pivot": [11.434, 14.0284, 61.8856], "rotation": [75, 0, 0], "uv": [17, 16]},
						{"origin": [-28.566, 23.83, 347.434], "size": [80, 80, 40], "pivot": [11.434, 23.83, 67.434], "rotation": [90, 0, 0], "uv": [17, 16]}
					]
				},
				{
					"name": "bone31",
					"parent": "bone25",
					"pivot": [0, 0, 16]
				},
				{
					"name": "bone32",
					"parent": "bone31",
					"pivot": [0, 0, 16],
					"cubes": [
						{"origin": [-28.566, 0, 268.3964], "size": [80, 80, 40], "uv": [17, 16]},
						{"origin": [-28.566, -2.822, 279.3], "size": [80, 80, 40], "pivot": [11.434, -2.822, -0.7], "rotation": [15, 0, 0], "uv": [17, 16]},
						{"origin": [-28.566, -2.726, 290.5628], "size": [80, 80, 40], "pivot": [11.434, -2.726, 10.5628], "rotation": [30, 0, 0], "uv": [17, 16]},
						{"origin": [-28.566, 0.282, 301.4168], "size": [80, 80, 40], "pivot": [11.434, 0.282, 21.4168], "rotation": [45, 0, 0], "uv": [17, 16]},
						{"origin": [-28.566, 5.9964, 311.1224], "size": [80, 80, 40], "pivot": [11.434, 5.9964, 31.1224], "rotation": [60, 0, 0], "uv": [17, 16]},
						{"origin": [-28.566, 14.0284, 319.018], "size": [80, 80, 40], "pivot": [11.434, 14.0284, 39.018], "rotation": [75, 0, 0], "uv": [17, 16]}
					]
				},
				{
					"name": "bone33",
					"parent": "muryokusho",
					"pivot": [0, 0, 16],
					"rotation": [0, 60, 0]
				},
				{
					"name": "bone34",
					"parent": "bone33",
					"pivot": [0, 0, 16],
					"cubes": [
						{"origin": [-25.9964, -2.822, -306.8188], "size": [80, 80, 40], "pivot": [14.0036, -2.822, 13.1812], "rotation": [-15, 0, 0], "uv": [17, 16]},
						{"origin": [-25.9964, -2.726, -318.0816], "size": [80, 80, 40], "pivot": [14.0036, -2.726, 1.9184], "rotation": [-30, 0, 0], "uv": [17, 16]},
						{"origin": [-25.9964, 0.282, -328.9352], "size": [80, 80, 40], "pivot": [14.0036, 0.282, -8.9352], "rotation": [-45, 0, 0], "uv": [17, 16]},
						{"origin": [-25.9964, 5.9964, -338.6412], "size": [80, 80, 40], "pivot": [14.0036, 5.9964, -18.6412], "rotation": [-60, 0, 0], "uv": [17, 16]},
						{"origin": [-25.9964, 14.0284, -346.5368], "size": [80, 80, 40], "pivot": [14.0036, 14.0284, -26.5368], "rotation": [-75, 0, 0], "uv": [17, 16]}
					]
				},
				{
					"name": "bone35",
					"parent": "bone34",
					"pivot": [0, 0, 16],
					"rotation": [0, 90, 0]
				},
				{
					"name": "bone36",
					"parent": "bone35",
					"pivot": [0, 0, 16],
					"cubes": [
						{"origin": [-31.9152, 0, -273.8268], "size": [80, 80, 40], "uv": [17, 16]},
						{"origin": [-31.9152, -2.822, -284.7304], "size": [80, 80, 40], "pivot": [8.0848, -2.822, 35.2696], "rotation": [-15, 0, 0], "uv": [17, 16]},
						{"origin": [-31.9152, -2.726, -295.9932], "size": [80, 80, 40], "pivot": [8.0848, -2.726, 24.0068], "rotation": [-30, 0, 0], "uv": [17, 16]},
						{"origin": [-31.9152, 0.282, -306.8468], "size": [80, 80, 40], "pivot": [8.0848, 0.282, 13.1532], "rotation": [-45, 0, 0], "uv": [17, 16]},
						{"origin": [-31.9152, 5.9964, -316.5528], "size": [80, 80, 40], "pivot": [8.0848, 5.9964, 3.4472], "rotation": [-60, 0, 0], "uv": [17, 16]},
						{"origin": [-31.9152, 14.0284, -324.4484], "size": [80, 80, 40], "pivot": [8.0848, 14.0284, -4.4484], "rotation": [-75, 0, 0], "uv": [17, 16]}
					]
				},
				{
					"name": "bone37",
					"parent": "bone35",
					"pivot": [0, 0, 16]
				},
				{
					"name": "bone38",
					"parent": "bone37",
					"pivot": [0, 0, 16],
					"cubes": [
						{"origin": [-31.9152, -2.822, 304.7372], "size": [80, 80, 40], "pivot": [8.0848, -2.822, 24.7372], "rotation": [15, 0, 0], "uv": [17, 16]},
						{"origin": [-31.9152, -2.726, 316], "size": [80, 80, 40], "pivot": [8.0848, -2.726, 36], "rotation": [30, 0, 0], "uv": [17, 16]},
						{"origin": [-31.9152, 0.282, 326.854], "size": [80, 80, 40], "pivot": [8.0848, 0.282, 46.854], "rotation": [45, 0, 0], "uv": [17, 16]},
						{"origin": [-31.9152, 5.9964, 336.5596], "size": [80, 80, 40], "pivot": [8.0848, 5.9964, 56.5596], "rotation": [60, 0, 0], "uv": [17, 16]},
						{"origin": [-31.9152, 14.0284, 344.4556], "size": [80, 80, 40], "pivot": [8.0848, 14.0284, 64.4556], "rotation": [75, 0, 0], "uv": [17, 16]},
						{"origin": [-31.9152, 23.83, 350.0036], "size": [80, 80, 40], "pivot": [8.0848, 23.83, 70.0036], "rotation": [90, 0, 0], "uv": [17, 16]}
					]
				},
				{
					"name": "bone39",
					"parent": "bone33",
					"pivot": [0, 0, 16]
				},
				{
					"name": "bone40",
					"parent": "bone39",
					"pivot": [0, 0, 16],
					"cubes": [
						{"origin": [-25.9964, 0, 271.7452], "size": [80, 80, 40], "uv": [17, 16]},
						{"origin": [-25.9964, -2.822, 282.6488], "size": [80, 80, 40], "pivot": [14.0036, -2.822, 2.6488], "rotation": [15, 0, 0], "uv": [17, 16]},
						{"origin": [-25.9964, -2.726, 293.9116], "size": [80, 80, 40], "pivot": [14.0036, -2.726, 13.9116], "rotation": [30, 0, 0], "uv": [17, 16]},
						{"origin": [-25.9964, 0.282, 304.7656], "size": [80, 80, 40], "pivot": [14.0036, 0.282, 24.7656], "rotation": [45, 0, 0], "uv": [17, 16]},
						{"origin": [-25.9964, 5.9964, 314.4712], "size": [80, 80, 40], "pivot": [14.0036, 5.9964, 34.4712], "rotation": [60, 0, 0], "uv": [17, 16]},
						{"origin": [-25.9964, 14.0284, 322.3672], "size": [80, 80, 40], "pivot": [14.0036, 14.0284, 42.3672], "rotation": [75, 0, 0], "uv": [17, 16]}
					]
				},
				{
					"name": "bone41",
					"parent": "muryokusho",
					"pivot": [0, 0, 16],
					"rotation": [0, 75, 0]
				},
				{
					"name": "bone42",
					"parent": "bone41",
					"pivot": [0, 0, 16],
					"cubes": [
						{"origin": [-24.3812, -2.822, -302.9188], "size": [80, 80, 40], "pivot": [15.6188, -2.822, 17.0812], "rotation": [-15, 0, 0], "uv": [17, 16]},
						{"origin": [-24.3812, -2.726, -314.1816], "size": [80, 80, 40], "pivot": [15.6188, -2.726, 5.8184], "rotation": [-30, 0, 0], "uv": [17, 16]},
						{"origin": [-24.3812, 0.282, -325.0356], "size": [80, 80, 40], "pivot": [15.6188, 0.282, -5.0356], "rotation": [-45, 0, 0], "uv": [17, 16]},
						{"origin": [-24.3812, 5.9964, -334.7412], "size": [80, 80, 40], "pivot": [15.6188, 5.9964, -14.7412], "rotation": [-60, 0, 0], "uv": [17, 16]},
						{"origin": [-24.3812, 14.0284, -342.6372], "size": [80, 80, 40], "pivot": [15.6188, 14.0284, -22.6372], "rotation": [-75, 0, 0], "uv": [17, 16]}
					]
				},
				{
					"name": "bone43",
					"parent": "bone42",
					"pivot": [0, 0, 16],
					"rotation": [0, 90, 0]
				},
				{
					"name": "bone44",
					"parent": "bone43",
					"pivot": [0, 0, 16],
					"cubes": [
						{"origin": [-35.8148, 0, -272.2112], "size": [80, 80, 40], "uv": [17, 16]},
						{"origin": [-35.8148, -2.822, -283.1152], "size": [80, 80, 40], "pivot": [4.1852, -2.822, 36.8848], "rotation": [-15, 0, 0], "uv": [17, 16]},
						{"origin": [-35.8148, -2.726, -294.3776], "size": [80, 80, 40], "pivot": [4.1852, -2.726, 25.6224], "rotation": [-30, 0, 0], "uv": [17, 16]},
						{"origin": [-35.8148, 0.282, -305.2316], "size": [80, 80, 40], "pivot": [4.1852, 0.282, 14.7684], "rotation": [-45, 0, 0], "uv": [17, 16]},
						{"origin": [-35.8148, 5.9964, -314.9372], "size": [80, 80, 40], "pivot": [4.1852, 5.9964, 5.0628], "rotation": [-60, 0, 0], "uv": [17, 16]},
						{"origin": [-35.8148, 14.0284, -322.8332], "size": [80, 80, 40], "pivot": [4.1852, 14.0284, -2.8332], "rotation": [-75, 0, 0], "uv": [17, 16]}
					]
				},
				{
					"name": "bone45",
					"parent": "bone43",
					"pivot": [0, 0, 16]
				},
				{
					"name": "bone46",
					"parent": "bone45",
					"pivot": [0, 0, 16],
					"cubes": [
						{"origin": [-35.8148, -2.822, 306.3528], "size": [80, 80, 40], "pivot": [4.1852, -2.822, 26.3528], "rotation": [15, 0, 0], "uv": [17, 16]},
						{"origin": [-35.8148, -2.726, 317.6152], "size": [80, 80, 40], "pivot": [4.1852, -2.726, 37.6152], "rotation": [30, 0, 0], "uv": [17, 16]},
						{"origin": [-35.8148, 0.282, 328.4692], "size": [80, 80, 40], "pivot": [4.1852, 0.282, 48.4692], "rotation": [45, 0, 0], "uv": [17, 16]},
						{"origin": [-35.8148, 5.9964, 338.1748], "size": [80, 80, 40], "pivot": [4.1852, 5.9964, 58.1748], "rotation": [60, 0, 0], "uv": [17, 16]},
						{"origin": [-35.8148, 14.0284, 346.0708], "size": [80, 80, 40], "pivot": [4.1852, 14.0284, 66.0708], "rotation": [75, 0, 0], "uv": [17, 16]},
						{"origin": [-35.8148, 23.83, 351.6188], "size": [80, 80, 40], "pivot": [4.1852, 23.83, 71.6188], "rotation": [90, 0, 0], "uv": [17, 16]}
					]
				},
				{
					"name": "bone47",
					"parent": "bone41",
					"pivot": [0, 0, 16]
				},
				{
					"name": "bone48",
					"parent": "bone47",
					"pivot": [0, 0, 16],
					"cubes": [
						{"origin": [-24.3812, 0, 275.6452], "size": [80, 80, 40], "uv": [17, 16]},
						{"origin": [-24.3812, -2.822, 286.5488], "size": [80, 80, 40], "pivot": [15.6188, -2.822, 6.5488], "rotation": [15, 0, 0], "uv": [17, 16]},
						{"origin": [-24.3812, -2.726, 297.8116], "size": [80, 80, 40], "pivot": [15.6188, -2.726, 17.8116], "rotation": [30, 0, 0], "uv": [17, 16]},
						{"origin": [-24.3812, 0.282, 308.6656], "size": [80, 80, 40], "pivot": [15.6188, 0.282, 28.6656], "rotation": [45, 0, 0], "uv": [17, 16]},
						{"origin": [-24.3812, 5.9964, 318.3712], "size": [80, 80, 40], "pivot": [15.6188, 5.9964, 38.3712], "rotation": [60, 0, 0], "uv": [17, 16]},
						{"origin": [-24.3812, 14.0284, 326.2668], "size": [80, 80, 40], "pivot": [15.6188, 14.0284, 46.2668], "rotation": [75, 0, 0], "uv": [17, 16]}
					]
				},
				{
					"name": "muryokusho2",
					"parent": "muryokusho",
					"pivot": [0, 40, 0],
					"rotation": [180, 0, 0]
				},
				{
					"name": "bone49",
					"parent": "muryokusho2",
					"pivot": [0, 0, 16]
				},
				{
					"name": "bone50",
					"parent": "bone49",
					"pivot": [0, 0, 16],
					"cubes": [
						{"origin": [-40, -2.822, -314.9036], "size": [80, 80, 40], "pivot": [0, -2.822, 5.0964], "rotation": [-15, 0, 0], "uv": [17, 16]},
						{"origin": [-40, -2.726, -326.1664], "size": [80, 80, 40], "pivot": [0, -2.726, -6.1664], "rotation": [-30, 0, 0], "uv": [17, 16]},
						{"origin": [-40, 0.282, -337.0204], "size": [80, 80, 40], "pivot": [0, 0.282, -17.0204], "rotation": [-45, 0, 0], "uv": [17, 16]},
						{"origin": [-40, 5.9964, -346.726], "size": [80, 80, 40], "pivot": [0, 5.9964, -26.726], "rotation": [-60, 0, 0], "uv": [17, 16]},
						{"origin": [-40, 14.0284, -354.622], "size": [80, 80, 40], "pivot": [0, 14.0284, -34.622], "rotation": [-75, 0, 0], "uv": [17, 16]}
					]
				},
				{
					"name": "bone51",
					"parent": "bone50",
					"pivot": [0, 0, 16],
					"rotation": [0, 90, 0]
				},
				{
					"name": "bone52",
					"parent": "bone51",
					"pivot": [0, 0, 16],
					"cubes": [
						{"origin": [-23.83, 0, -287.83], "size": [80, 80, 40], "uv": [17, 16]},
						{"origin": [-23.83, -2.822, -298.734], "size": [80, 80, 40], "pivot": [16.17, -2.822, 21.266], "rotation": [-15, 0, 0], "uv": [17, 16]},
						{"origin": [-23.83, -2.726, -309.9964], "size": [80, 80, 40], "pivot": [16.17, -2.726, 10.0036], "rotation": [-30, 0, 0], "uv": [17, 16]},
						{"origin": [-23.83, 0.282, -320.8504], "size": [80, 80, 40], "pivot": [16.17, 0.282, -0.8504], "rotation": [-45, 0, 0], "uv": [17, 16]},
						{"origin": [-23.83, 5.9964, -330.556], "size": [80, 80, 40], "pivot": [16.17, 5.9964, -10.556], "rotation": [-60, 0, 0], "uv": [17, 16]},
						{"origin": [-23.83, 14.0284, -338.452], "size": [80, 80, 40], "pivot": [16.17, 14.0284, -18.452], "rotation": [-75, 0, 0], "uv": [17, 16]}
					]
				},
				{
					"name": "bone53",
					"parent": "bone51",
					"pivot": [0, 0, 16]
				},
				{
					"name": "bone54",
					"parent": "bone53",
					"pivot": [0, 0, 16],
					"cubes": [
						{"origin": [-23.83, 0, 279.83], "size": [80, 80, 40], "uv": [17, 16]},
						{"origin": [-23.83, -2.822, 290.734], "size": [80, 80, 40], "pivot": [16.17, -2.822, 10.734], "rotation": [15, 0, 0], "uv": [17, 16]},
						{"origin": [-23.83, -2.726, 301.9964], "size": [80, 80, 40], "pivot": [16.17, -2.726, 21.9964], "rotation": [30, 0, 0], "uv": [17, 16]},
						{"origin": [-23.83, 0.282, 312.8504], "size": [80, 80, 40], "pivot": [16.17, 0.282, 32.8504], "rotation": [45, 0, 0], "uv": [17, 16]},
						{"origin": [-23.83, 5.9964, 322.556], "size": [80, 80, 40], "pivot": [16.17, 5.9964, 42.556], "rotation": [60, 0, 0], "uv": [17, 16]},
						{"origin": [-23.83, 14.0284, 330.452], "size": [80, 80, 40], "pivot": [16.17, 14.0284, 50.452], "rotation": [75, 0, 0], "uv": [17, 16]},
						{"origin": [-23.83, 23.83, 336], "size": [80, 80, 40], "pivot": [16.17, 23.83, 56], "rotation": [90, 0, 0], "uv": [17, 16]}
					]
				},
				{
					"name": "bone55",
					"parent": "bone49",
					"pivot": [0, 0, 16]
				},
				{
					"name": "bone56",
					"parent": "bone55",
					"pivot": [0, 0, 16],
					"cubes": [
						{"origin": [-40, 0, 263.6604], "size": [80, 80, 40], "uv": [17, 16]},
						{"origin": [-40, -2.822, 274.564], "size": [80, 80, 40], "pivot": [0, -2.822, -5.436], "rotation": [15, 0, 0], "uv": [17, 16]},
						{"origin": [-40, -2.726, 285.8268], "size": [80, 80, 40], "pivot": [0, -2.726, 5.8268], "rotation": [30, 0, 0], "uv": [17, 16]},
						{"origin": [-40, 0.282, 296.6808], "size": [80, 80, 40], "pivot": [0, 0.282, 16.6808], "rotation": [45, 0, 0], "uv": [17, 16]},
						{"origin": [-40, 5.9964, 306.3864], "size": [80, 80, 40], "pivot": [0, 5.9964, 26.3864], "rotation": [60, 0, 0], "uv": [17, 16]},
						{"origin": [-40, 14.0284, 314.282], "size": [80, 80, 40], "pivot": [0, 14.0284, 34.282], "rotation": [75, 0, 0], "uv": [17, 16]}
					]
				},
				{
					"name": "bone57",
					"parent": "muryokusho2",
					"pivot": [0, 0, 16],
					"rotation": [0, 15, 0]
				},
				{
					"name": "bone58",
					"parent": "bone57",
					"pivot": [0, 0, 16],
					"cubes": [
						{"origin": [-35.8148, -2.822, -314.3528], "size": [80, 80, 40], "pivot": [4.1852, -2.822, 5.6472], "rotation": [-15, 0, 0], "uv": [17, 16]},
						{"origin": [-35.8148, -2.726, -325.6152], "size": [80, 80, 40], "pivot": [4.1852, -2.726, -5.6152], "rotation": [-30, 0, 0], "uv": [17, 16]},
						{"origin": [-35.8148, 0.282, -336.4692], "size": [80, 80, 40], "pivot": [4.1852, 0.282, -16.4692], "rotation": [-45, 0, 0], "uv": [17, 16]},
						{"origin": [-35.8148, 5.9964, -346.1748], "size": [80, 80, 40], "pivot": [4.1852, 5.9964, -26.1748], "rotation": [-60, 0, 0], "uv": [17, 16]},
						{"origin": [-35.8148, 14.0284, -354.0708], "size": [80, 80, 40], "pivot": [4.1852, 14.0284, -34.0708], "rotation": [-75, 0, 0], "uv": [17, 16]}
					]
				},
				{
					"name": "bone59",
					"parent": "bone58",
					"pivot": [0, 0, 16],
					"rotation": [0, 90, 0]
				},
				{
					"name": "bone60",
					"parent": "bone59",
					"pivot": [0, 0, 16],
					"cubes": [
						{"origin": [-24.3812, 0, -283.6452], "size": [80, 80, 40], "uv": [17, 16]},
						{"origin": [-24.3812, -2.822, -294.5488], "size": [80, 80, 40], "pivot": [15.6188, -2.822, 25.4512], "rotation": [-15, 0, 0], "uv": [17, 16]},
						{"origin": [-24.3812, -2.726, -305.8116], "size": [80, 80, 40], "pivot": [15.6188, -2.726, 14.1884], "rotation": [-30, 0, 0], "uv": [17, 16]},
						{"origin": [-24.3812, 0.282, -316.6656], "size": [80, 80, 40], "pivot": [15.6188, 0.282, 3.3344], "rotation": [-45, 0, 0], "uv": [17, 16]},
						{"origin": [-24.3812, 5.9964, -326.3712], "size": [80, 80, 40], "pivot": [15.6188, 5.9964, -6.3712], "rotation": [-60, 0, 0], "uv": [17, 16]},
						{"origin": [-24.3812, 14.0284, -334.2668], "size": [80, 80, 40], "pivot": [15.6188, 14.0284, -14.2668], "rotation": [-75, 0, 0], "uv": [17, 16]}
					]
				},
				{
					"name": "bone61",
					"parent": "bone59",
					"pivot": [0, 0, 16]
				},
				{
					"name": "bone62",
					"parent": "bone61",
					"pivot": [0, 0, 16],
					"cubes": [
						{"origin": [-24.3812, -2.822, 294.9188], "size": [80, 80, 40], "pivot": [15.6188, -2.822, 14.9188], "rotation": [15, 0, 0], "uv": [17, 16]},
						{"origin": [-24.3812, -2.726, 306.1816], "size": [80, 80, 40], "pivot": [15.6188, -2.726, 26.1816], "rotation": [30, 0, 0], "uv": [17, 16]},
						{"origin": [-24.3812, 0.282, 317.0356], "size": [80, 80, 40], "pivot": [15.6188, 0.282, 37.0356], "rotation": [45, 0, 0], "uv": [17, 16]},
						{"origin": [-24.3812, 5.9964, 326.7412], "size": [80, 80, 40], "pivot": [15.6188, 5.9964, 46.7412], "rotation": [60, 0, 0], "uv": [17, 16]},
						{"origin": [-24.3812, 14.0284, 334.6372], "size": [80, 80, 40], "pivot": [15.6188, 14.0284, 54.6372], "rotation": [75, 0, 0], "uv": [17, 16]},
						{"origin": [-24.3812, 23.83, 340.1852], "size": [80, 80, 40], "pivot": [15.6188, 23.83, 60.1852], "rotation": [90, 0, 0], "uv": [17, 16]}
					]
				},
				{
					"name": "bone63",
					"parent": "bone57",
					"pivot": [0, 0, 16]
				},
				{
					"name": "bone64",
					"parent": "bone63",
					"pivot": [0, 0, 16],
					"cubes": [
						{"origin": [-35.8148, 0, 264.2112], "size": [80, 80, 40], "uv": [17, 16]},
						{"origin": [-35.8148, -2.822, 275.1152], "size": [80, 80, 40], "pivot": [4.1852, -2.822, -4.8848], "rotation": [15, 0, 0], "uv": [17, 16]},
						{"origin": [-35.8148, -2.726, 286.3776], "size": [80, 80, 40], "pivot": [4.1852, -2.726, 6.3776], "rotation": [30, 0, 0], "uv": [17, 16]},
						{"origin": [-35.8148, 0.282, 297.2316], "size": [80, 80, 40], "pivot": [4.1852, 0.282, 17.2316], "rotation": [45, 0, 0], "uv": [17, 16]},
						{"origin": [-35.8148, 5.9964, 306.9372], "size": [80, 80, 40], "pivot": [4.1852, 5.9964, 26.9372], "rotation": [60, 0, 0], "uv": [17, 16]},
						{"origin": [-35.8148, 14.0284, 314.8332], "size": [80, 80, 40], "pivot": [4.1852, 14.0284, 34.8332], "rotation": [75, 0, 0], "uv": [17, 16]}
					]
				},
				{
					"name": "bone65",
					"parent": "muryokusho2",
					"pivot": [0, 0, 16],
					"rotation": [0, 30, 0]
				},
				{
					"name": "bone66",
					"parent": "bone65",
					"pivot": [0, 0, 16],
					"cubes": [
						{"origin": [-31.9152, -2.822, -312.7372], "size": [80, 80, 40], "pivot": [8.0848, -2.822, 7.2628], "rotation": [-15, 0, 0], "uv": [17, 16]},
						{"origin": [-31.9152, -2.726, -324], "size": [80, 80, 40], "pivot": [8.0848, -2.726, -4], "rotation": [-30, 0, 0], "uv": [17, 16]},
						{"origin": [-31.9152, 0.282, -334.854], "size": [80, 80, 40], "pivot": [8.0848, 0.282, -14.854], "rotation": [-45, 0, 0], "uv": [17, 16]},
						{"origin": [-31.9152, 5.9964, -344.5596], "size": [80, 80, 40], "pivot": [8.0848, 5.9964, -24.5596], "rotation": [-60, 0, 0], "uv": [17, 16]},
						{"origin": [-31.9152, 14.0284, -352.4556], "size": [80, 80, 40], "pivot": [8.0848, 14.0284, -32.4556], "rotation": [-75, 0, 0], "uv": [17, 16]}
					]
				},
				{
					"name": "bone67",
					"parent": "bone66",
					"pivot": [0, 0, 16],
					"rotation": [0, 90, 0]
				},
				{
					"name": "bone68",
					"parent": "bone67",
					"pivot": [0, 0, 16],
					"cubes": [
						{"origin": [-25.9964, 0, -279.7452], "size": [80, 80, 40], "uv": [17, 16]},
						{"origin": [-25.9964, -2.822, -290.6488], "size": [80, 80, 40], "pivot": [14.0036, -2.822, 29.3512], "rotation": [-15, 0, 0], "uv": [17, 16]},
						{"origin": [-25.9964, -2.726, -301.9116], "size": [80, 80, 40], "pivot": [14.0036, -2.726, 18.0884], "rotation": [-30, 0, 0], "uv": [17, 16]},
						{"origin": [-25.9964, 0.282, -312.7656], "size": [80, 80, 40], "pivot": [14.0036, 0.282, 7.2344], "rotation": [-45, 0, 0], "uv": [17, 16]},
						{"origin": [-25.9964, 5.9964, -322.4712], "size": [80, 80, 40], "pivot": [14.0036, 5.9964, -2.4712], "rotation": [-60, 0, 0], "uv": [17, 16]},
						{"origin": [-25.9964, 14.0284, -330.3672], "size": [80, 80, 40], "pivot": [14.0036, 14.0284, -10.3672], "rotation": [-75, 0, 0], "uv": [17, 16]}
					]
				},
				{
					"name": "bone69",
					"parent": "bone67",
					"pivot": [0, 0, 16]
				},
				{
					"name": "bone70",
					"parent": "bone69",
					"pivot": [0, 0, 16],
					"cubes": [
						{"origin": [-25.9964, -2.822, 298.8188], "size": [80, 80, 40], "pivot": [14.0036, -2.822, 18.8188], "rotation": [15, 0, 0], "uv": [17, 16]},
						{"origin": [-25.9964, -2.726, 310.0816], "size": [80, 80, 40], "pivot": [14.0036, -2.726, 30.0816], "rotation": [30, 0, 0], "uv": [17, 16]},
						{"origin": [-25.9964, 0.282, 320.9352], "size": [80, 80, 40], "pivot": [14.0036, 0.282, 40.9352], "rotation": [45, 0, 0], "uv": [17, 16]},
						{"origin": [-25.9964, 5.9964, 330.6412], "size": [80, 80, 40], "pivot": [14.0036, 5.9964, 50.6412], "rotation": [60, 0, 0], "uv": [17, 16]},
						{"origin": [-25.9964, 14.0284, 338.5368], "size": [80, 80, 40], "pivot": [14.0036, 14.0284, 58.5368], "rotation": [75, 0, 0], "uv": [17, 16]},
						{"origin": [-25.9964, 23.83, 344.0848], "size": [80, 80, 40], "pivot": [14.0036, 23.83, 64.0848], "rotation": [90, 0, 0], "uv": [17, 16]}
					]
				},
				{
					"name": "bone71",
					"parent": "bone65",
					"pivot": [0, 0, 16]
				},
				{
					"name": "bone72",
					"parent": "bone71",
					"pivot": [0, 0, 16],
					"cubes": [
						{"origin": [-31.9152, 0, 265.8268], "size": [80, 80, 40], "uv": [17, 16]},
						{"origin": [-31.9152, -2.822, 276.7304], "size": [80, 80, 40], "pivot": [8.0848, -2.822, -3.2696], "rotation": [15, 0, 0], "uv": [17, 16]},
						{"origin": [-31.9152, -2.726, 287.9932], "size": [80, 80, 40], "pivot": [8.0848, -2.726, 7.9932], "rotation": [30, 0, 0], "uv": [17, 16]},
						{"origin": [-31.9152, 0.282, 298.8468], "size": [80, 80, 40], "pivot": [8.0848, 0.282, 18.8468], "rotation": [45, 0, 0], "uv": [17, 16]},
						{"origin": [-31.9152, 5.9964, 308.5528], "size": [80, 80, 40], "pivot": [8.0848, 5.9964, 28.5528], "rotation": [60, 0, 0], "uv": [17, 16]},
						{"origin": [-31.9152, 14.0284, 316.4484], "size": [80, 80, 40], "pivot": [8.0848, 14.0284, 36.4484], "rotation": [75, 0, 0], "uv": [17, 16]}
					]
				},
				{
					"name": "bone73",
					"parent": "muryokusho2",
					"pivot": [0, 0, 16],
					"rotation": [0, 45, 0]
				},
				{
					"name": "bone74",
					"parent": "bone73",
					"pivot": [0, 0, 16],
					"cubes": [
						{"origin": [-28.566, -2.822, -310.1676], "size": [80, 80, 40], "pivot": [11.434, -2.822, 9.8324], "rotation": [-15, 0, 0], "uv": [17, 16]},
						{"origin": [-28.566, -2.726, -321.4304], "size": [80, 80, 40], "pivot": [11.434, -2.726, -1.4304], "rotation": [-30, 0, 0], "uv": [17, 16]},
						{"origin": [-28.566, 0.282, -332.2844], "size": [80, 80, 40], "pivot": [11.434, 0.282, -12.2844], "rotation": [-45, 0, 0], "uv": [17, 16]},
						{"origin": [-28.566, 5.9964, -341.99], "size": [80, 80, 40], "pivot": [11.434, 5.9964, -21.99], "rotation": [-60, 0, 0], "uv": [17, 16]},
						{"origin": [-28.566, 14.0284, -349.8856], "size": [80, 80, 40], "pivot": [11.434, 14.0284, -29.8856], "rotation": [-75, 0, 0], "uv": [17, 16]}
					]
				},
				{
					"name": "bone75",
					"parent": "bone74",
					"pivot": [0, 0, 16],
					"rotation": [0, 90, 0]
				},
				{
					"name": "bone76",
					"parent": "bone75",
					"pivot": [0, 0, 16],
					"cubes": [
						{"origin": [-28.566, 0, -276.3964], "size": [80, 80, 40], "uv": [17, 16]},
						{"origin": [-28.566, -2.822, -287.3], "size": [80, 80, 40], "pivot": [11.434, -2.822, 32.7], "rotation": [-15, 0, 0], "uv": [17, 16]},
						{"origin": [-28.566, -2.726, -298.5628], "size": [80, 80, 40], "pivot": [11.434, -2.726, 21.4372], "rotation": [-30, 0, 0], "uv": [17, 16]},
						{"origin": [-28.566, 0.282, -309.4168], "size": [80, 80, 40], "pivot": [11.434, 0.282, 10.5832], "rotation": [-45, 0, 0], "uv": [17, 16]},
						{"origin": [-28.566, 5.9964, -319.1224], "size": [80, 80, 40], "pivot": [11.434, 5.9964, 0.8776], "rotation": [-60, 0, 0], "uv": [17, 16]},
						{"origin": [-28.566, 14.0284, -327.018], "size": [80, 80, 40], "pivot": [11.434, 14.0284, -7.018], "rotation": [-75, 0, 0], "uv": [17, 16]}
					]
				},
				{
					"name": "bone77",
					"parent": "bone75",
					"pivot": [0, 0, 16]
				},
				{
					"name": "bone78",
					"parent": "bone77",
					"pivot": [0, 0, 16],
					"cubes": [
						{"origin": [-28.566, -2.822, 302.1676], "size": [80, 80, 40], "pivot": [11.434, -2.822, 22.1676], "rotation": [15, 0, 0], "uv": [17, 16]},
						{"origin": [-28.566, -2.726, 313.4304], "size": [80, 80, 40], "pivot": [11.434, -2.726, 33.4304], "rotation": [30, 0, 0], "uv": [17, 16]},
						{"origin": [-28.566, 0.282, 324.2844], "size": [80, 80, 40], "pivot": [11.434, 0.282, 44.2844], "rotation": [45, 0, 0], "uv": [17, 16]},
						{"origin": [-28.566, 5.9964, 333.99], "size": [80, 80, 40], "pivot": [11.434, 5.9964, 53.99], "rotation": [60, 0, 0], "uv": [17, 16]},
						{"origin": [-28.566, 14.0284, 341.8856], "size": [80, 80, 40], "pivot": [11.434, 14.0284, 61.8856], "rotation": [75, 0, 0], "uv": [17, 16]},
						{"origin": [-28.566, 23.83, 347.434], "size": [80, 80, 40], "pivot": [11.434, 23.83, 67.434], "rotation": [90, 0, 0], "uv": [17, 16]}
					]
				},
				{
					"name": "bone79",
					"parent": "bone73",
					"pivot": [0, 0, 16]
				},
				{
					"name": "bone80",
					"parent": "bone79",
					"pivot": [0, 0, 16],
					"cubes": [
						{"origin": [-28.566, 0, 268.3964], "size": [80, 80, 40], "uv": [17, 16]},
						{"origin": [-28.566, -2.822, 279.3], "size": [80, 80, 40], "pivot": [11.434, -2.822, -0.7], "rotation": [15, 0, 0], "uv": [17, 16]},
						{"origin": [-28.566, -2.726, 290.5628], "size": [80, 80, 40], "pivot": [11.434, -2.726, 10.5628], "rotation": [30, 0, 0], "uv": [17, 16]},
						{"origin": [-28.566, 0.282, 301.4168], "size": [80, 80, 40], "pivot": [11.434, 0.282, 21.4168], "rotation": [45, 0, 0], "uv": [17, 16]},
						{"origin": [-28.566, 5.9964, 311.1224], "size": [80, 80, 40], "pivot": [11.434, 5.9964, 31.1224], "rotation": [60, 0, 0], "uv": [17, 16]},
						{"origin": [-28.566, 14.0284, 319.018], "size": [80, 80, 40], "pivot": [11.434, 14.0284, 39.018], "rotation": [75, 0, 0], "uv": [17, 16]}
					]
				},
				{
					"name": "bone81",
					"parent": "muryokusho2",
					"pivot": [0, 0, 16],
					"rotation": [0, 60, 0]
				},
				{
					"name": "bone82",
					"parent": "bone81",
					"pivot": [0, 0, 16],
					"cubes": [
						{"origin": [-25.9964, -2.822, -306.8188], "size": [80, 80, 40], "pivot": [14.0036, -2.822, 13.1812], "rotation": [-15, 0, 0], "uv": [17, 16]},
						{"origin": [-25.9964, -2.726, -318.0816], "size": [80, 80, 40], "pivot": [14.0036, -2.726, 1.9184], "rotation": [-30, 0, 0], "uv": [17, 16]},
						{"origin": [-25.9964, 0.282, -328.9352], "size": [80, 80, 40], "pivot": [14.0036, 0.282, -8.9352], "rotation": [-45, 0, 0], "uv": [17, 16]},
						{"origin": [-25.9964, 5.9964, -338.6412], "size": [80, 80, 40], "pivot": [14.0036, 5.9964, -18.6412], "rotation": [-60, 0, 0], "uv": [17, 16]},
						{"origin": [-25.9964, 14.0284, -346.5368], "size": [80, 80, 40], "pivot": [14.0036, 14.0284, -26.5368], "rotation": [-75, 0, 0], "uv": [17, 16]}
					]
				},
				{
					"name": "bone83",
					"parent": "bone82",
					"pivot": [0, 0, 16],
					"rotation": [0, 90, 0]
				},
				{
					"name": "bone84",
					"parent": "bone83",
					"pivot": [0, 0, 16],
					"cubes": [
						{"origin": [-31.9152, 0, -273.8268], "size": [80, 80, 40], "uv": [17, 16]},
						{"origin": [-31.9152, -2.822, -284.7304], "size": [80, 80, 40], "pivot": [8.0848, -2.822, 35.2696], "rotation": [-15, 0, 0], "uv": [17, 16]},
						{"origin": [-31.9152, -2.726, -295.9932], "size": [80, 80, 40], "pivot": [8.0848, -2.726, 24.0068], "rotation": [-30, 0, 0], "uv": [17, 16]},
						{"origin": [-31.9152, 0.282, -306.8468], "size": [80, 80, 40], "pivot": [8.0848, 0.282, 13.1532], "rotation": [-45, 0, 0], "uv": [17, 16]},
						{"origin": [-31.9152, 5.9964, -316.5528], "size": [80, 80, 40], "pivot": [8.0848, 5.9964, 3.4472], "rotation": [-60, 0, 0], "uv": [17, 16]},
						{"origin": [-31.9152, 14.0284, -324.4484], "size": [80, 80, 40], "pivot": [8.0848, 14.0284, -4.4484], "rotation": [-75, 0, 0], "uv": [17, 16]}
					]
				},
				{
					"name": "bone85",
					"parent": "bone83",
					"pivot": [0, 0, 16]
				},
				{
					"name": "bone86",
					"parent": "bone85",
					"pivot": [0, 0, 16],
					"cubes": [
						{"origin": [-31.9152, -2.822, 304.7372], "size": [80, 80, 40], "pivot": [8.0848, -2.822, 24.7372], "rotation": [15, 0, 0], "uv": [17, 16]},
						{"origin": [-31.9152, -2.726, 316], "size": [80, 80, 40], "pivot": [8.0848, -2.726, 36], "rotation": [30, 0, 0], "uv": [17, 16]},
						{"origin": [-31.9152, 0.282, 326.854], "size": [80, 80, 40], "pivot": [8.0848, 0.282, 46.854], "rotation": [45, 0, 0], "uv": [17, 16]},
						{"origin": [-31.9152, 5.9964, 336.5596], "size": [80, 80, 40], "pivot": [8.0848, 5.9964, 56.5596], "rotation": [60, 0, 0], "uv": [17, 16]},
						{"origin": [-31.9152, 14.0284, 344.4556], "size": [80, 80, 40], "pivot": [8.0848, 14.0284, 64.4556], "rotation": [75, 0, 0], "uv": [17, 16]},
						{"origin": [-31.9152, 23.83, 350.0036], "size": [80, 80, 40], "pivot": [8.0848, 23.83, 70.0036], "rotation": [90, 0, 0], "uv": [17, 16]}
					]
				},
				{
					"name": "bone87",
					"parent": "bone81",
					"pivot": [0, 0, 16]
				},
				{
					"name": "bone88",
					"parent": "bone87",
					"pivot": [0, 0, 16],
					"cubes": [
						{"origin": [-25.9964, 0, 271.7452], "size": [80, 80, 40], "uv": [17, 16]},
						{"origin": [-25.9964, -2.822, 282.6488], "size": [80, 80, 40], "pivot": [14.0036, -2.822, 2.6488], "rotation": [15, 0, 0], "uv": [17, 16]},
						{"origin": [-25.9964, -2.726, 293.9116], "size": [80, 80, 40], "pivot": [14.0036, -2.726, 13.9116], "rotation": [30, 0, 0], "uv": [17, 16]},
						{"origin": [-25.9964, 0.282, 304.7656], "size": [80, 80, 40], "pivot": [14.0036, 0.282, 24.7656], "rotation": [45, 0, 0], "uv": [17, 16]},
						{"origin": [-25.9964, 5.9964, 314.4712], "size": [80, 80, 40], "pivot": [14.0036, 5.9964, 34.4712], "rotation": [60, 0, 0], "uv": [17, 16]},
						{"origin": [-25.9964, 14.0284, 322.3672], "size": [80, 80, 40], "pivot": [14.0036, 14.0284, 42.3672], "rotation": [75, 0, 0], "uv": [17, 16]}
					]
				},
				{
					"name": "bone89",
					"parent": "muryokusho2",
					"pivot": [0, 0, 16],
					"rotation": [0, 75, 0]
				},
				{
					"name": "bone90",
					"parent": "bone89",
					"pivot": [0, 0, 16],
					"cubes": [
						{"origin": [-24.3812, -2.822, -302.9188], "size": [80, 80, 40], "pivot": [15.6188, -2.822, 17.0812], "rotation": [-15, 0, 0], "uv": [17, 16]},
						{"origin": [-24.3812, -2.726, -314.1816], "size": [80, 80, 40], "pivot": [15.6188, -2.726, 5.8184], "rotation": [-30, 0, 0], "uv": [17, 16]},
						{"origin": [-24.3812, 0.282, -325.0356], "size": [80, 80, 40], "pivot": [15.6188, 0.282, -5.0356], "rotation": [-45, 0, 0], "uv": [17, 16]},
						{"origin": [-24.3812, 5.9964, -334.7412], "size": [80, 80, 40], "pivot": [15.6188, 5.9964, -14.7412], "rotation": [-60, 0, 0], "uv": [17, 16]},
						{"origin": [-24.3812, 14.0284, -342.6372], "size": [80, 80, 40], "pivot": [15.6188, 14.0284, -22.6372], "rotation": [-75, 0, 0], "uv": [17, 16]}
					]
				},
				{
					"name": "bone91",
					"parent": "bone90",
					"pivot": [0, 0, 16],
					"rotation": [0, 90, 0]
				},
				{
					"name": "bone92",
					"parent": "bone91",
					"pivot": [0, 0, 16],
					"cubes": [
						{"origin": [-35.8148, 0, -272.2112], "size": [80, 80, 40], "uv": [17, 16]},
						{"origin": [-35.8148, -2.822, -283.1152], "size": [80, 80, 40], "pivot": [4.1852, -2.822, 36.8848], "rotation": [-15, 0, 0], "uv": [17, 16]},
						{"origin": [-35.8148, -2.726, -294.3776], "size": [80, 80, 40], "pivot": [4.1852, -2.726, 25.6224], "rotation": [-30, 0, 0], "uv": [17, 16]},
						{"origin": [-35.8148, 0.282, -305.2316], "size": [80, 80, 40], "pivot": [4.1852, 0.282, 14.7684], "rotation": [-45, 0, 0], "uv": [17, 16]},
						{"origin": [-35.8148, 5.9964, -314.9372], "size": [80, 80, 40], "pivot": [4.1852, 5.9964, 5.0628], "rotation": [-60, 0, 0], "uv": [17, 16]},
						{"origin": [-35.8148, 14.0284, -322.8332], "size": [80, 80, 40], "pivot": [4.1852, 14.0284, -2.8332], "rotation": [-75, 0, 0], "uv": [17, 16]}
					]
				},
				{
					"name": "bone93",
					"parent": "bone91",
					"pivot": [0, 0, 16]
				},
				{
					"name": "bone94",
					"parent": "bone93",
					"pivot": [0, 0, 16],
					"cubes": [
						{"origin": [-35.8148, -2.822, 306.3528], "size": [80, 80, 40], "pivot": [4.1852, -2.822, 26.3528], "rotation": [15, 0, 0], "uv": [17, 16]},
						{"origin": [-35.8148, -2.726, 317.6152], "size": [80, 80, 40], "pivot": [4.1852, -2.726, 37.6152], "rotation": [30, 0, 0], "uv": [17, 16]},
						{"origin": [-35.8148, 0.282, 328.4692], "size": [80, 80, 40], "pivot": [4.1852, 0.282, 48.4692], "rotation": [45, 0, 0], "uv": [17, 16]},
						{"origin": [-35.8148, 5.9964, 338.1748], "size": [80, 80, 40], "pivot": [4.1852, 5.9964, 58.1748], "rotation": [60, 0, 0], "uv": [17, 16]},
						{"origin": [-35.8148, 14.0284, 346.0708], "size": [80, 80, 40], "pivot": [4.1852, 14.0284, 66.0708], "rotation": [75, 0, 0], "uv": [17, 16]},
						{"origin": [-35.8148, 23.83, 351.6188], "size": [80, 80, 40], "pivot": [4.1852, 23.83, 71.6188], "rotation": [90, 0, 0], "uv": [17, 16]}
					]
				},
				{
					"name": "bone95",
					"parent": "bone89",
					"pivot": [0, 0, 16]
				},
				{
					"name": "bone96",
					"parent": "bone95",
					"pivot": [0, 0, 16],
					"cubes": [
						{"origin": [-24.3812, 0, 275.6452], "size": [80, 80, 40], "uv": [17, 16]},
						{"origin": [-24.3812, -2.822, 286.5488], "size": [80, 80, 40], "pivot": [15.6188, -2.822, 6.5488], "rotation": [15, 0, 0], "uv": [17, 16]},
						{"origin": [-24.3812, -2.726, 297.8116], "size": [80, 80, 40], "pivot": [15.6188, -2.726, 17.8116], "rotation": [30, 0, 0], "uv": [17, 16]},
						{"origin": [-24.3812, 0.282, 308.6656], "size": [80, 80, 40], "pivot": [15.6188, 0.282, 28.6656], "rotation": [45, 0, 0], "uv": [17, 16]},
						{"origin": [-24.3812, 5.9964, 318.3712], "size": [80, 80, 40], "pivot": [15.6188, 5.9964, 38.3712], "rotation": [60, 0, 0], "uv": [17, 16]},
						{"origin": [-24.3812, 14.0284, 326.2668], "size": [80, 80, 40], "pivot": [15.6188, 14.0284, 46.2668], "rotation": [75, 0, 0], "uv": [17, 16]}
					]
				}
			]
		}
	]
}