{
	"format_version": "1.16.0",
	"minecraft:geometry": [
		{
			"description": {
				"identifier": "geometry.naginata",
				"texture_width": 64,
				"texture_height": 64,
				"visible_bounds_width": 3,
				"visible_bounds_height": 2.5,
				"visible_bounds_offset": [0, 0.75, 0]
			},
			"bones": [
				{
					"name": "naginata",
					"pivot": [-4.925, 22, 0],
					"binding": "q.item_slot_to_bone_name(c.item_slot)",
					"cubes": [
						{
							"origin": [0.675, 21.05, -16],
							"size": [0.3, 1, 4],
							"pivot": [0.975, 30.05, -4],
							"rotation": [0, 5, 0],
							"uv": {
								"north": {"uv": [8.2, 23.4], "uv_size": [0, 2]},
								"east": {"uv": [5, 25.4], "uv_size": [4, 2]},
								"south": {"uv": [8, 26.4], "uv_size": [0, 2]},
								"west": {"uv": [5.4, 27.4], "uv_size": [4, 2]},
								"up": {"uv": [6.8, 26], "uv_size": [0, 8]},
								"down": {"uv": [7.2, 33.8], "uv_size": [0, -8]}
							}
						},
						{
							"origin": [-0.025, 21.05, -16],
							"size": [0.3, 1, 4],
							"pivot": [0.975, 30.05, -4],
							"rotation": [0, -5, 0],
							"uv": {
								"north": {"uv": [8.2, 23.4], "uv_size": [0, 2]},
								"east": {"uv": [5, 25.4], "uv_size": [4, 2]},
								"south": {"uv": [8, 26.4], "uv_size": [0, 2]},
								"west": {"uv": [5.4, 27.4], "uv_size": [4, 2]},
								"up": {"uv": [6.8, 26], "uv_size": [0, 8]},
								"down": {"uv": [7.2, 33.8], "uv_size": [0, -8]}
							}
						},
						{
							"origin": [-0.025, 21.05, -15],
							"size": [1, 0.5, 4],
							"pivot": [0.975, 30.05, -4],
							"rotation": [-5, 0, 0],
							"uv": {
								"north": {"uv": [8.2, 23.4], "uv_size": [1, 0]},
								"east": {"uv": [5, 25.4], "uv_size": [4, 0]},
								"south": {"uv": [8, 26.4], "uv_size": [1, 0]},
								"west": {"uv": [5.4, 27.4], "uv_size": [4, 0]},
								"up": {"uv": [5.8, 26], "uv_size": [1, 8]},
								"down": {"uv": [6.2, 33.8], "uv_size": [1, -8]}
							}
						},
						{
							"origin": [-0.025, 21.05, -12],
							"size": [1, 1, 1],
							"uv": {
								"north": {"uv": [8.2, 23.4], "uv_size": [1, 2]},
								"east": {"uv": [5, 25.4], "uv_size": [1, 2]},
								"south": {"uv": [8, 26.4], "uv_size": [1, 2]},
								"west": {"uv": [5.4, 27.4], "uv_size": [1, 2]},
								"up": {"uv": [5.8, 26], "uv_size": [1, 2]},
								"down": {"uv": [6.2, 27.8], "uv_size": [1, -2]}
							}
						},
						{
							"origin": [-0.025, 21.05, -16],
							"size": [1, 1.5, 0.5],
							"inflate": 0.05,
							"uv": {
								"north": {"uv": [43, 61.8], "uv_size": [1, 2]},
								"east": {"uv": [43.8, 61.4], "uv_size": [0, 2]},
								"south": {"uv": [43.2, 61.6], "uv_size": [1, 2]},
								"west": {"uv": [43.8, 61], "uv_size": [0, 2]},
								"up": {"uv": [43.4, 61], "uv_size": [1, 0]},
								"down": {"uv": [43.4, 60.8], "uv_size": [1, 0]}
							}
						},
						{
							"origin": [-0.025, 21.05, -16],
							"size": [1, -0.4, 0.5],
							"inflate": 0.05,
							"uv": {
								"north": {"uv": [43.2, 62.8], "uv_size": [1, -2]},
								"east": {"uv": [43.6, 62.6], "uv_size": [0, -2]},
								"south": {"uv": [43.2, 62.8], "uv_size": [1, -2]},
								"west": {"uv": [43.6, 62.6], "uv_size": [0, -2]},
								"up": {"uv": [43.4, 61], "uv_size": [1, 0]},
								"down": {"uv": [43.4, 61], "uv_size": [1, 0]}
							}
						},
						{
							"origin": [-0.025, 21.8, -16.5],
							"size": [1, 0.45, 4],
							"pivot": [0.975, 30.05, -4],
							"rotation": [5, 0, 0],
							"uv": {
								"north": {"uv": [8.2, 23.4], "uv_size": [1, 0]},
								"east": {"uv": [5, 25.4], "uv_size": [4, 0]},
								"south": {"uv": [8, 26.4], "uv_size": [1, 0]},
								"west": {"uv": [5.4, 27.4], "uv_size": [4, 0]},
								"up": {"uv": [5.8, 26], "uv_size": [1, 8]},
								"down": {"uv": [6.2, 33.8], "uv_size": [1, -8]}
							}
						},
						{
							"origin": [0.375, 24.78342, -22.04613],
							"size": [0.3, 1, 3],
							"pivot": [0.975, 29.78342, -6.04613],
							"rotation": [15, 0, 0],
							"uv": {
								"north": {"uv": [49, 6], "uv_size": [0, 2]},
								"east": {"uv": [46, 6], "uv_size": [3, 2]},
								"south": {"uv": [52, 6], "uv_size": [0, 2]},
								"west": {"uv": [49, 6], "uv_size": [3, 2]},
								"up": {"uv": [49, 0], "uv_size": [0, 6]},
								"down": {"uv": [49, 6], "uv_size": [0, -6]}
							}
						},
						{
							"origin": [0.375, 23.78342, -22.04613],
							"size": [0.3, 1, 5],
							"pivot": [0.975, 29.78342, -6.04613],
							"rotation": [15, 0, 0],
							"uv": {
								"north": {"uv": [35, 62], "uv_size": [0, 2]},
								"east": {"uv": [30, 62], "uv_size": [5, 2]},
								"south": {"uv": [40, 62], "uv_size": [0, 2]},
								"west": {"uv": [35, 62], "uv_size": [5, 2]},
								"up": {"uv": [35, 52], "uv_size": [0, 10]},
								"down": {"uv": [35, 62], "uv_size": [0, -10]}
							}
						},
						{
							"origin": [0.375, 20.35452, -23.80329],
							"size": [0.3, 1, 11],
							"pivot": [0.975, 26.35452, -7.80329],
							"rotation": [-7.5, 0, 0],
							"uv": {
								"north": {"uv": [53, 22], "uv_size": [0, 2]},
								"east": {"uv": [42, 22], "uv_size": [11, 2]},
								"south": {"uv": [64, 22], "uv_size": [0, 2]},
								"west": {"uv": [53, 22], "uv_size": [11, 2]},
								"up": {"uv": [53, 0], "uv_size": [0, 22]},
								"down": {"uv": [53, 22], "uv_size": [0, -22]}
							}
						},
						{
							"origin": [0.375, 14.98357, -21.00845],
							"size": [0.3, 2, 2],
							"pivot": [0.975, 20.98357, -1.00845],
							"rotation": [-15, 0, 0],
							"uv": {
								"north": {"uv": [2, 4], "uv_size": [0, 4]},
								"east": {"uv": [0, 4], "uv_size": [2, 4]},
								"south": {"uv": [4, 4], "uv_size": [0, 4]},
								"west": {"uv": [2, 4], "uv_size": [2, 4]},
								"up": {"uv": [2, 0], "uv_size": [0, 4]},
								"down": {"uv": [2, 4], "uv_size": [0, -4]}
							}
						},
						{
							"origin": [0.375, 10.56055, -23.29142],
							"size": [0.3, 2, 2],
							"pivot": [0.975, 16.56055, -3.29142],
							"rotation": [-30, 0, 0],
							"uv": {
								"north": {"uv": [62, 4], "uv_size": [0, 4]},
								"east": {"uv": [60, 4], "uv_size": [2, 4]},
								"south": {"uv": [64, 4], "uv_size": [0, 4]},
								"west": {"uv": [62, 4], "uv_size": [2, 4]},
								"up": {"uv": [62, 0], "uv_size": [0, 4]},
								"down": {"uv": [62, 4], "uv_size": [0, -4]}
							}
						},
						{
							"origin": [0.375, 6.87911, -26.64137],
							"size": [0.3, 1, 2],
							"pivot": [0.975, 12.87911, -6.64137],
							"rotation": [-45, 0, 0],
							"uv": {
								"north": {"uv": [45.4, 13.4], "uv_size": [0, 2]},
								"east": {"uv": [47, 16], "uv_size": [2, 2]},
								"south": {"uv": [45.2, 13.2], "uv_size": [0, 2]},
								"west": {"uv": [49, 16], "uv_size": [2, 2]},
								"up": {"uv": [42, 11.6], "uv_size": [0, 4]},
								"down": {"uv": [44, 15], "uv_size": [0, -4]}
							}
						},
						{
							"origin": [0.375, 7.87911, -25.64137],
							"size": [0.3, 0.5, 2],
							"pivot": [0.975, 12.87911, -6.64137],
							"rotation": [-45, 0, 0],
							"uv": {
								"north": {"uv": [39, 28], "uv_size": [0, 0]},
								"east": {"uv": [37, 28], "uv_size": [2, 0]},
								"south": {"uv": [41, 28], "uv_size": [0, 0]},
								"west": {"uv": [39, 28], "uv_size": [2, 0]},
								"up": {"uv": [39, 24], "uv_size": [0, 4]},
								"down": {"uv": [39, 28], "uv_size": [0, -4]}
							}
						},
						{
							"origin": [0.35, 21.05, -5],
							"size": [0.3, 1, 1],
							"inflate": 0.1,
							"uv": {
								"north": {"uv": [4, 23], "uv_size": [0, 2]},
								"east": {"uv": [6.6, 26.4], "uv_size": [1, 2]},
								"south": {"uv": [7.8, 24.6], "uv_size": [0, 2]},
								"west": {"uv": [7.2, 26], "uv_size": [1, 2]},
								"up": {"uv": [6.2, 26.6], "uv_size": [0, 2]},
								"down": {"uv": [7.2, 29], "uv_size": [0, -2]}
							}
						},
						{
							"origin": [0.35, 21.05, -4],
							"size": [0.3, 1, 6],
							"uv": {
								"north": {"uv": [58, 54.6], "uv_size": [0, 2]},
								"east": {"uv": [55, 54.8], "uv_size": [6, 2]},
								"south": {"uv": [58, 54.8], "uv_size": [0, 2]},
								"west": {"uv": [55.4, 55], "uv_size": [6, 2]},
								"up": {"uv": [58.4, 55.6], "uv_size": [-0.6, 0.8]},
								"down": {"uv": [58.4, 56], "uv_size": [-0.6, -0.6]}
							}
						},
						{
							"origin": [0.35, 21.05, 2],
							"size": [0.3, 1, 1],
							"inflate": 0.1,
							"uv": {
								"north": {"uv": [4, 23], "uv_size": [0, 2]},
								"east": {"uv": [6.6, 26.4], "uv_size": [1, 2]},
								"south": {"uv": [7.8, 24.6], "uv_size": [0, 2]},
								"west": {"uv": [7.2, 26], "uv_size": [1, 2]},
								"up": {"uv": [6.2, 26.6], "uv_size": [0, 2]},
								"down": {"uv": [7.2, 29], "uv_size": [0, -2]}
							}
						},
						{
							"origin": [0.35, 21.05, 3],
							"size": [0.3, 1, 6],
							"uv": {
								"north": {"uv": [58, 54.6], "uv_size": [0, 2]},
								"east": {"uv": [55, 54.8], "uv_size": [6, 2]},
								"south": {"uv": [58, 54.8], "uv_size": [0, 2]},
								"west": {"uv": [55.4, 55], "uv_size": [6, 2]},
								"up": {"uv": [58.4, 55.6], "uv_size": [-0.6, 0.8]},
								"down": {"uv": [58.4, 56], "uv_size": [-0.6, -0.6]}
							}
						},
						{
							"origin": [0.35, 21.05, -11],
							"size": [0.3, 1, 6],
							"uv": {
								"north": {"uv": [58, 54.6], "uv_size": [0, 2]},
								"east": {"uv": [55, 54.8], "uv_size": [6, 2]},
								"south": {"uv": [58, 54.8], "uv_size": [0, 2]},
								"west": {"uv": [55.4, 55], "uv_size": [6, 2]},
								"up": {"uv": [58.4, 55.6], "uv_size": [-0.6, 0.8]},
								"down": {"uv": [58.4, 56], "uv_size": [-0.6, -0.6]}
							}
						}
					]
				}
			]
		}
	]
}