{
	"format_version": "1.10.0",
	"geometry.tobari": {
		"texturewidth": 64,
		"textureheight": 64,
		"visible_bounds_width": 64,
		"visible_bounds_height": 157,
		"visible_bounds_offset": [0, 16.5, 0],
		"bones": [
			{
				"name": "tobari",
				"pivot": [0, 0, 0],
				"cubes": [
					{"origin": [-501, -1000, -500], "size": [1, 2000, 1000], "uv": [0, 0]},
					{"origin": [-500, -1000, 500], "size": [1000, 2000, 1], "uv": [0, 0]},
					{"origin": [-500, 1000, -500], "size": [1000, 1, 1000], "uv": [0, 0]},
					{"origin": [-500, -1000, -500], "size": [1000, 2000, 1], "uv": [0, 0]},
					{"origin": [499, -1000, -500], "size": [1, 2000, 1000], "uv": [0, 0]}
				]
			}
		]
	}
}