{
  "format_version": "1.16.0",
  "minecraft:entity": {
    "description": {
      "identifier": "m:the_blood_warden",
      "is_spawnable": true,
      "is_summonable": true,
      "is_experimental": false,
      "runtime_identifier": "minecraft:warden"
    },
    "component_groups": {
      "emerging": {
        "minecraft:behavior.emerge": {
          "duration": 7.0,
          "on_done": {
            "event": "minecraft:emerged",
            "target": "self"
          }
        }
      },
      "pushable": {
        "minecraft:pushable": {
          "is_pushable": true,
          "is_pushable_by_piston": true
        }
      }
    },
    "components": {
      "minecraft:movement_sound_distance_offset": {
        "value": 0.55
      },
      "minecraft:experience_reward": {
        "on_bred": "Math.Random(1,7)",
        "on_death": "query.last_hit_by_player ? 20 : 0"
      },
      "minecraft:attack": {
        "damage": 80,
        "effect_name": "nausea",
        "effect_duration": 13
      },
      "minecraft:is_hidden_when_invisible": {
      },
      "minecraft:type_family": {
        "family": [
          "creepypasta",
          "warden",
          "monster",
          "mob"
        ]
      },
      "minecraft:breathable": {
        "total_supply": 15,
        "suffocate_time": 0
      },
      "minecraft:navigation.walk": {
        "can_path_over_water": true,
        "can_path_over_lava": true,
        "avoid_damage_blocks": true
      },
      "minecraft:ambient_sound_interval": {
        "value": 2.0,
        "range": 4.0,
        "event_name": "ambient",
        "event_names": [
          {
            "event_name" : "angry",
            "condition" : "query.anger_level(this) >= 80"
          },
          {
            "event_name" : "agitated",
            "condition" : "query.anger_level(this) >= 40"
          }
        ]
      },
      "minecraft:heartbeat": {
        "interval": "2.0 - math.clamp(query.anger_level / 80 * 1.5, 0, 1.5)"
      },
      "minecraft:movement.basic": {},
      "minecraft:jump.static": {},
      "minecraft:can_climb": {},
      "minecraft:collision_box": {
        "width": 0.9,
        "height": 2.9
      },
      "minecraft:health": {
        "value": 1000,
        "max": 1000
      },
      "minecraft:movement": {
        "value": 0.3
      },
      "minecraft:underwater_movement": {
        "value": 0.1
      },
      "minecraft:water_movement": {
        "value": 0.1
      },
      "minecraft:lava_movement": {
        "value": 0.1
      },
      "minecraft:knockback_resistance": {
        "value": 1.0
      },
      "minecraft:behavior.float": {
        "priority": 0
      },
      "minecraft:despawn": {
        "filters": {
          "any_of": [
            {
              "all_of": [
                {
                  "test": "is_persistent",
                  "value": false
                },
                {
                  "test": "distance_to_nearest_player",
                  "operator": ">",
                  "value": 54
                }
              ]
            },
            {
              "all_of": [
                {
                  "test": "is_persistent",
                  "value": false
                },
                {
                  "test": "inactivity_timer",
                  "subject": "self",
                  "value": 30
                },
                {
                  "test": "random_chance",
                  "value": 800
                },
                {
                  "test": "distance_to_nearest_player",
                  "operator": ">",
                  "value": 32
                }
              ]
            }
          ]
        }
      },
      "minecraft:behavior.sonic_boom": {
        "priority": 3,
        "duration": 3.0,
        "speed_multiplier": 1.2,
        "attack_damage": 50,
        "attack_range_horizontal": 15,
        "attack_range_vertical": 20,
        "attack_cooldown": 2,
        "knockback_vertical_strength": 0.5,
        "knockback_horizontal_strength": 2.5,
        "knockback_height_cap": 0.5,
        "duration_until_attack_sound": 1.7,
        "charge_sound": "sonic_charge",
        "attack_sound": "sonic_boom"
      },
      "minecraft:behavior.nearest_attackable_target": {
        "priority": 3,
        "within_radius": 30.0,
        "entity_types": [
          {
            "filters": {
              "all_of": [
                {
                  "test": "is_family",
                  "subject": "other",
                  "operator": "!=",
                  "value": "warden"
                },
                {
                  "test": "is_family",
                  "subject": "other",
                  "operator": "!=",
                  "value": "tamed_warden"
                }
              ]
            },
            "max_dist": 30
          }
        ],
        "must_see": true
      },
      "minecraft:behavior.look_at_player": {
        "priority": 8,
        "look_distance": 6.0,
        "probability": 0.02
      },
      "minecraft:behavior.melee_attack": {
        "priority": 4,
        "speed_multiplier": 1.2,
        "melee_fov": 360
      },
      "minecraft:behavior.random_stroll": {
        "priority": 9,
        "speed_multiplier": 0.5
      },
      "minecraft:behavior.random_look_around": {
        "priority": 11
      },
      "minecraft:physics": {},
      "minecraft:mob_effect": {
        "effect_range": 30,
        "effect_time": 13,
        "mob_effect": "blindness",
        "cooldown_time": 6,
        "entity_filter": {
          "all_of": [
            { "test": "is_family", "subject": "other", "value": "player" },
            { "operator": "not", "test": "has_ability", "subject" : "other", "value" : "invulnerable" }
          ]
        }
      },
      "minecraft:follow_range": 30,
      "minecraft:fire_immune": {},
      "minecraft:nameable": {},
      "minecraft:annotation.break_door": {
        "break_time": 0.6,
        "min_difficulty": "easy"
      },
      "minecraft:on_target_acquired": {
        "event": "on:target_acquired",
        "target": "self"
      },
      "minecraft:loot": {
        "table": "loot_tables/entities/loot_default.json"
      }
    },
    "events": {
      "minecraft:spawn_emerging": {
        "add": {
          "component_groups": [
            "emerging"
          ]
        }
      },
      "minecraft:emerged": {
        "add": {
          "component_groups": [
            "pushable"
          ]
        },
        "remove": {
          "component_groups": [
            "emerging"
          ]
        }
      },
      "on:target_acquired": {
        "run_command": {
          "command": [
            "function creepy"
          ]
        }
      },
      "minecraft:entity_spawned": {
        "add": {
          "component_groups": [
            "pushable"
          ]
        }
      },
      "on_digging_event": {
        "remove": {
          "component_groups": [
            "pushable"
          ]
        }
      },
      "on:target_acquired": {
        "run_command": {
          "command": [
            "function creepy"
          ]
        }
      }
    }
  }
}
