{
  "format_version": "1.16.0",
  "minecraft:entity": {
    "description": {
      "identifier": "m:tyrannosaurus_warden",
      "is_spawnable": true,
      "is_summonable": true,
      "is_experimental": false,
      "runtime_identifier": "minecraft:warden"
    },
    "component_groups": {
      "emerging": {
        "minecraft:behavior.emerge": {
          "duration": 4.2,
          "on_done": {
            "event": "minecraft:emerged",
            "target": "self"
          }
        }
      },
      "pushable": {
        "minecraft:pushable": {
          "is_pushable": true,
          "is_pushable_by_piston": true
        }
      }
    },
    "components": {
      "minecraft:movement_sound_distance_offset": {
        "value": 0.55
      },
      "minecraft:experience_reward": {
        "on_bred": "Math.Random(1,7)",
        "on_death": "query.last_hit_by_player ? 498535 : 0"
      },
      "minecraft:attack": {
        "damage": 999000000,
        "effect_name": "weakness",
        "effect_duration": 13
      },
      "minecraft:vibration_listener": {},
      "minecraft:vibration_damper": {},
      "minecraft:suspect_tracking": {},
      "minecraft:anger_level": {
        "max_anger": 150,
        "angry_threshold": 80,
        "remove_targets_below_angry_threshold": true,
        "angry_boost": 20,
        "anger_decrement_interval": 1.0,
        "default_annoyingness": 35,
        "default_projectile_annoyingness":  10,
        "on_increase_sounds": [
          { "sound": "listening_angry", "condition" : "query.anger_level(this) >= 40" },
          { "sound": "listening", "condition" : "query.anger_level(this) >= 0" }
        ],
        "nuisance_filter": {
          "all_of": [
            { "test": "is_family", "subject": "other", "operator": "not", "value": "warden" },
            { "test": "is_family", "subject": "other", "operator": "not", "value": "frost_warden" },
            { "test": "is_family", "subject": "other", "operator": "not", "value": "tamed_warden" },
            { "test": "is_family", "subject": "other", "operator": "not", "value": "inanimate" }
          ]
        }
      },
      "minecraft:damage_sensor": {
                "triggers": [{
                        "deals_damage": false,
                        "on_damage": {
                            "filters": {
                                "all_of": [{
                                        "test": "has_damage",
                                        "value": "entity_explosion"
                                    }
                                ]
                            }
                        }
                    }, {
                        "deals_damage": false,
                        "on_damage": {
                            "filters": {
                                "all_of": [{
                                        "test": "has_damage",
                                        "value": "projectile"
                                    }
                                ]
                            }
                        }
                    }, {
                        "deals_damage": false,
                        "on_damage": {
                            "filters": {
                                "all_of": [{
                                        "test": "has_damage",
                                        "value": "fall"
                                    }
                                ]
                            }
                        }
                    }, {
                        "deals_damage": false,
                        "on_damage": {
                            "filters": {
                                "all_of": [{
                                        "test": "is_family",
                                        "subject": "other",
                                        "value": "mob"
                                    }
                                ]
                            }
                        }
                    }, {
                        "deals_damage": false,
                        "on_damage": {
                            "filters": {
                                "all_of": [{
                                        "test": "is_family",
                                        "subject": "other",
                                        "value": "monster"
                                    }
                                ]
                            }
                        }
                    }, {
                        "deals_damage": false,
                        "on_damage": {
                            "filters": {
                                "all_of": [{
                                        "test": "is_family",
                                        "subject": "other",
                                        "value": "pacified"
                                    }
                                ]
                            }
                        }
                    }, {
                        "deals_damage": false,
                        "on_damage": {
                            "filters": {
                                "all_of": [{
                                        "test": "is_family",
                                        "subject": "other",
                                        "value": "lightning"
                                    }
                                ]
                            }
                        }
                    }, {
                        "deals_damage": false,
                        "on_damage": {
                            "filters": {
                                "all_of": [{
                                        "test": "is_family",
                                        "subject": "other",
                                        "value": "dragon"
                                    }
                                ]
                            }
                        }
                    }, {
                        "deals_damage": false,
                        "on_damage": {
                            "filters": {
                                "all_of": [{
                                        "test": "is_family",
                                        "subject": "other",
                                        "value": "wither"
                                    }
                                ]
                            }
                        }
                    }, {
                        "deals_damage": false,
                        "on_damage": {
                            "filters": {
                                "all_of": [{
                                        "test": "is_family",
                                        "subject": "other",
                                        "value": "irongolem"
                                    }
                                ]
                            }
                        }
                    }, {
                        "deals_damage": false,
                        "on_damage": {
                            "filters": {
                                "all_of": [{
                                        "test": "is_family",
                                        "subject": "other",
                                        "value": "ghast"
                                    }
                                ]
                            }
                        }
                    }, {
                        "deals_damage": false,
                        "on_damage": {
                            "filters": {
                                "all_of": [{
                                        "test": "is_family",
                                        "subject": "other",
                                        "value": "guardian_elder"
                                    }
                                ]
                            }
                        }
                    }, {
                        "deals_damage": false,
                        "on_damage": {
                            "filters": {
                                "all_of": [{
                                        "test": "is_family",
                                        "subject": "other",
                                        "value": "enderman"
                                    }
                                ]
                            }
                        }
                    }, {
                        "deals_damage": false,
                        "on_damage": {
                            "filters": {
                                "all_of": [{
                                        "test": "is_family",
                                        "subject": "other",
                                        "value": "piglin_brute"
                                    }
                                ]
                            }
                        }
                    }, {
                         "deals_damage": false,
                        "on_damage": {
                            "filters": {
                                "all_of": [{
                                        "test": "is_family",
                                        "subject": "other",
                                        "value": "piglin"
                                    }
                                ]
                            }
                        }
                    }, {
                         "deals_damage": false,
                        "on_damage": {
                            "filters": {
                                "all_of": [{
                                        "test": "is_family",
                                        "subject": "other",
                                        "value": "magmacube"
                                    }
                                ]
                            }
                        }
                    }, {
                        "deals_damage": false,
                        "on_damage": {
                            "filters": {
                                "all_of": [{
                                        "test": "is_family",
                                        "subject": "other",
                                        "value": "hoglin"
                                    }
                                ]
                            }
                        }
                    }, {
                        "deals_damage": false,
                        "on_damage": {
                            "filters": {
                                "all_of": [{
                                        "test": "is_family",
                                        "subject": "other",
                                        "value": "zoglin"
                                    }
                                ]
                            }
                        }
                    }, {
                        "deals_damage": false,
                        "on_damage": {
                            "filters": {
                                "all_of": [{
                                        "test": "is_family",
                                        "subject": "other",
                                        "value": "zombie_pigman"
                                    }
                                ]
                            }
                        }
                    }, {
                        "deals_damage": false,
                        "on_damage": {
                            "filters": {
                                "all_of": [{
                                        "test": "is_family",
                                        "subject": "other",
                                        "value": "zombified_piglin"
                                    }
                                ]
                            }
                        }
                    }, {
                        "deals_damage": false,
                        "on_damage": {
                            "filters": {
                                "all_of": [{
                                        "test": "is_family",
                                        "subject": "other",
                                        "value": "strider"
                                    }
                                ]
                            }
                        }
                    }, {
                        "deals_damage": false,
                        "on_damage": {
                            "filters": {
                                "all_of": [{
                                        "test": "is_family",
                                        "subject": "other",
                                        "value": "blaze"
                                    }
                                ]
                            }
                        }
                    }, {
                         "deals_damage": false,
                        "on_damage": {
                            "filters": {
                                "all_of": [{
                                        "test": "is_family",
                                        "subject": "other",
                                        "value": "creeper"
                                    }
                                ]
                            }
                        }
                    }, {
                        "deals_damage": false,
                        "on_damage": {
                            "filters": {
                                "all_of": [{
                                        "test": "is_family",
                                        "subject": "other",
                                        "value": "zombie"
                                    }
                                ]
                            }
                        }
                    }, {
                        "deals_damage": false,
                        "on_damage": {
                            "filters": {
                                "all_of": [{
                                        "test": "is_family",
                                        "subject": "other",
                                        "value": "husk"
                                    }
                                ]
                            }
                        }
                    }, {
                        "deals_damage": false,
                        "on_damage": {
                            "filters": {
                                "all_of": [{
                                        "test": "is_family",
                                        "subject": "other",
                                        "value": "drowned"
                                    }
                                ]
                            }
                        }
                    }, {
                        "deals_damage": false,
                        "on_damage": {
                            "filters": {
                                "all_of": [{
                                        "test": "is_family",
                                        "subject": "other",
                                        "value": "fish"
                                    }
                                ]
                            }
                        }
                    }, {
                        "deals_damage": false,
                        "on_damage": {
                            "filters": {
                                "all_of": [{
                                        "test": "is_family",
                                        "subject": "other",
                                        "value": "cod"
                                    }
                                ]
                            }
                        }
                    }, {
                        "deals_damage": false,
                        "on_damage": {
                            "filters": {
                                "all_of": [{
                                        "test": "is_family",
                                        "subject": "other",
                                        "value": "dolphin"
                                    }
                                ]
                            }
                        }
                    }, {
                        "deals_damage": false,
                        "on_damage": {
                            "filters": {
                                "all_of": [{
                                        "test": "is_family",
                                        "subject": "other",
                                        "value": "turtle"
                                    }
                                ]
                            }
                        }
                    }, {
                        "deals_damage": false,
                        "on_damage": {
                            "filters": {
                                "all_of": [{
                                        "test": "is_family",
                                        "subject": "other",
                                        "value": "salmon"
                                    }
                                ]
                            }
                        }
                    }, {
                         "deals_damage": false,
                        "on_damage": {
                            "filters": {
                                "all_of": [{
                                        "test": "is_family",
                                        "subject": "other",
                                        "value": "tripod"
                                    }
                                ]
                            }
                        }
                    }, {
                        "deals_damage": false,
                        "on_damage": {
                            "filters": {
                                "all_of": [{
                                        "test": "is_family",
                                        "subject": "other",
                                        "value": "squid"
                                    }
                                ]
                            }
                        }
                    }, {
                        "deals_damage": false,
                        "on_damage": {
                            "filters": {
                                "all_of": [{
                                        "test": "is_family",
                                        "subject": "other",
                                        "value": "glow_squid"
                                    }
                                ]
                            }
                        }
                    }, {
                        "deals_damage": false,
                        "on_damage": {
                            "filters": {
                                "all_of": [{
                                        "test": "is_family",
                                        "subject": "other",
                                        "value": "tropical_fish"
                                    }
                                ]
                            }
                        }
                    }, {
                        "deals_damage": false,
                        "on_damage": {
                            "filters": {
                                "all_of": [{
                                        "test": "is_family",
                                        "subject": "other",
                                        "value": "tadpole"
                                    }
                                ]
                            }
                        }
                    }, {
                        "deals_damage": false,
                        "on_damage": {
                            "filters": {
                                "all_of": [{
                                        "test": "is_family",
                                        "subject": "other",
                                        "value": "baby_turtle"
                                    }
                                ]
                            }
                        }
                    }, {
                        "deals_damage": false,
                        "on_damage": {
                            "filters": {
                                "all_of": [{
                                        "test": "is_family",
                                        "subject": "other",
                                        "value": "axolotl"
                                    }
                                ]
                            }
                        }
                    }, {
                        "deals_damage": false,
                        "on_damage": {
                            "filters": {
                                "all_of": [{
                                        "test": "is_family",
                                        "subject": "other",
                                        "value": "pufferfish"
                                    }
                                ]
                            }
                        }
                    }, {
                         "deals_damage": false,
                        "on_damage": {
                            "filters": {
                                "all_of": [{
                                        "test": "is_family",
                                        "subject": "other",
                                        "value": "guardian"
                                    }
                                ]
                            }
                        }
                    }, {
                        "deals_damage": false,
                        "on_damage": {
                            "filters": {
                                "all_of": [{
                                        "test": "is_family",
                                        "subject": "other",
                                        "value": "frog"
                                    }
                                ]
                            }
                        }
                    }, {
                        "deals_damage": false,
                        "on_damage": {
                            "filters": {
                                "all_of": [{
                                        "test": "is_family",
                                        "subject": "other",
                                        "value": "panda"
                                    }
                                ]
                            }
                        }
                    }, {
                        "deals_damage": false,
                        "on_damage": {
                            "filters": {
                                "all_of": [{
                                        "test": "is_family",
                                        "subject": "other",
                                        "value": "villager"
                                    }
                                ]
                            }
                        }
                    }, {
                        "deals_damage": false,
                        "on_damage": {
                            "filters": {
                                "all_of": [{
                                        "test": "is_family",
                                        "subject": "other",
                                        "value": "wolf"
                                    }
                                ]
                            }
                        }
                    }, {
                        "deals_damage": false,
                        "on_damage": {
                            "filters": {
                                "all_of": [{
                                        "test": "is_family",
                                        "subject": "other",
                                        "value": "cat"
                                    }
                                ]
                            }
                        }
                    }, {
                        "deals_damage": false,
                        "on_damage": {
                            "filters": {
                                "all_of": [{
                                        "test": "is_family",
                                        "subject": "other",
                                        "value": "sheep"
                                    }
                                ]
                            }
                        }
                    }, {
                        "deals_damage": false,
                        "on_damage": {
                            "filters": {
                                "all_of": [{
                                        "test": "is_family",
                                        "subject": "other",
                                        "value": "cow"
                                    }
                                ]
                            }
                        }
                    }, {
                         "deals_damage": false,
                        "on_damage": {
                            "filters": {
                                "all_of": [{
                                        "test": "is_family",
                                        "subject": "other",
                                        "value": "chicken"
                                    }
                                ]
                            }
                        }
                    }, {
                        "deals_damage": false,
                        "on_damage": {
                            "filters": {
                                "all_of": [{
                                        "test": "is_family",
                                        "subject": "other",
                                        "value": "polarbear"
                                    }
                                ]
                            }
                        }
                    }, {
                        "deals_damage": false,
                        "on_damage": {
                            "filters": {
                                "all_of": [{
                                        "test": "is_family",
                                        "subject": "other",
                                        "value": "pig"
                                    }
                                ]
                            }
                        }
                    }, {
                        "deals_damage": false,
                        "on_damage": {
                            "filters": {
                                "all_of": [{
                                        "test": "is_family",
                                        "subject": "other",
                                        "value": "llama"
                                    }
                                ]
                            }
                        }
                    }, {
                        "deals_damage": false,
                        "on_damage": {
                            "filters": {
                                "all_of": [{
                                        "test": "is_family",
                                        "subject": "other",
                                        "value": "camel"
                                    }
                                ]
                            }
                        }
                    }, {
                        "deals_damage": false,
                        "on_damage": {
                            "filters": {
                                "all_of": [{
                                        "test": "is_family",
                                        "subject": "other",
                                        "value": "parrot"
                                    }
                                ]
                            }
                        }
                    }, {
                        "deals_damage": false,
                        "on_damage": {
                            "filters": {
                                "all_of": [{
                                        "test": "is_family",
                                        "subject": "other",
                                        "value": "shulker"
                                    }
                                ]
                            }
                        }
                    }, {
                        "deals_damage": false,
                        "on_damage": {
                            "filters": {
                                "all_of": [{
                                        "test": "is_family",
                                        "subject": "other",
                                        "value": "endermite"
                                    }
                                ]
                            }
                        }
                    }, {
                         "deals_damage": false,
                        "on_damage": {
                            "filters": {
                                "all_of": [{
                                        "test": "is_family",
                                        "subject": "other",
                                        "value": "slime"
                                    }
                                ]
                            }
                        }
                    }, {
                        "deals_damage": false,
                        "on_damage": {
                            "filters": {
                                "all_of": [{
                                        "test": "is_family",
                                        "subject": "other",
                                        "value": "silverfish"
                                    }
                                ]
                            }
                        }
                    }, {
                        "deals_damage": false,
                        "on_damage": {
                            "filters": {
                                "all_of": [{
                                        "test": "is_family",
                                        "subject": "other",
                                        "value": "witch"
                                    }
                                ]
                            }
                        }
                    }, {
                        "deals_damage": false,
                        "on_damage": {
                            "filters": {
                                "all_of": [{
                                        "test": "is_family",
                                        "subject": "other",
                                        "value": "phantom"
                                    }
                                ]
                            }
                        }
                    }, {
                        "deals_damage": false,
                        "on_damage": {
                            "filters": {
                                "all_of": [{
                                        "test": "is_family",
                                        "subject": "other",
                                        "value": "spider"
                                    }
                                ]
                            }
                        }
                    }, {
                        "deals_damage": false,
                        "on_damage": {
                            "filters": {
                                "all_of": [{
                                        "test": "is_family",
                                        "subject": "other",
                                        "value": "ocelot"
                                    }
                                ]
                            }
                        }
                    }, {
                        "deals_damage": false,
                        "on_damage": {
                            "filters": {
                                "all_of": [{
                                        "test": "is_family",
                                        "subject": "other",
                                        "value": "stray"
                                    }
                                ]
                            }
                        }
                    }, {
                        "deals_damage": false,
                        "on_damage": {
                            "filters": {
                                "all_of": [{
                                        "test": "is_family",
                                        "subject": "other",
                                        "value": "fox"
                                    }
                                ]
                            }
                        }
                    }, {
                         "deals_damage": false,
                        "on_damage": {
                            "filters": {
                                "all_of": [{
                                        "test": "is_family",
                                        "subject": "other",
                                        "value": "rabbit"
                                    }
                                ]
                            }
                        }
                    }, {
                        "deals_damage": false,
                        "on_damage": {
                            "filters": {
                                "all_of": [{
                                        "test": "is_family",
                                        "subject": "other",
                                        "value": "vindicator"
                                    }
                                ]
                            }
                        }
                    }, {
                        "deals_damage": false,
                        "on_damage": {
                            "filters": {
                                "all_of": [{
                                        "test": "is_family",
                                        "subject": "other",
                                        "value": "evocation_illager"
                                    }
                                ]
                            }
                        }
                    }, {
                        "deals_damage": false,
                        "on_damage": {
                            "filters": {
                                "all_of": [{
                                        "test": "is_family",
                                        "subject": "other",
                                        "value": "illager"
                                    }
                                ]
                            }
                        }
                    }, {
                        "deals_damage": false,
                        "on_damage": {
                            "filters": {
                                "all_of": [{
                                        "test": "is_family",
                                        "subject": "other",
                                        "value": "pillager"
                                    }
                                ]
                            }
                        }
                    }, {
                        "deals_damage": false,
                        "on_damage": {
                            "filters": {
                                "all_of": [{
                                        "test": "is_family",
                                        "subject": "other",
                                        "value": "ravager"
                                    }
                                ]
                            }
                        }
                    }, {
                        "deals_damage": false,
                        "on_damage": {
                            "filters": {
                                "all_of": [{
                                        "test": "is_family",
                                        "subject": "other",
                                        "value": "allay"
                                    }
                                ]
                            }
                        }
                    }, {
                        "deals_damage": false,
                        "on_damage": {
                            "filters": {
                                "all_of": [{
                                        "test": "has_damage",
                                        "value": "fatal"
                                    }
                                ]
                            }
                        }
                    }, {
                        "deals_damage": false,
                        "on_damage": {
                            "filters": {
                                "all_of": [{
                                        "test": "has_damage",
                                        "value": "void"
                                    }
                                ]
                            }
                        }
                    }, {
                        "deals_damage": false,
                        "on_damage": {
                            "filters": {
                                "all_of": [{
                                        "test": "is_block",
                                        "subject": "block",
                                        "value": "minecraft:cactus"
                                    }
                                ]
                            }
                        }
                    }, {
                        "deals_damage": true,
                        "on_damage": {
                            "filters": {
                                "all_of": [{
                                        "test": "has_damage",
                                        "value": "player"
                                    }
                                ]
                            }
                        }
                    }
                ]
            },
      "minecraft:is_hidden_when_invisible": {
      },
      "minecraft:type_family": {
        "family": [
          "10th_generation",
          "warden",
          "dino"
        ]
      },
      "minecraft:breathable": {
        "total_supply": 15,
        "suffocate_time": 0,
        "breathes_water": true
      },
      "minecraft:navigation.walk": {
        "can_path_over_water": true,
        "can_path_over_lava": true,
        "avoid_damage_blocks": true
      },
      "minecraft:ambient_sound_interval": {
        "value": 2.0,
        "range": 4.0,
        "event_name": "ambient",
        "event_names": [
          {
            "event_name" : "angry",
            "condition" : "query.anger_level(this) >= 80"
          },
          {
            "event_name" : "agitated",
            "condition" : "query.anger_level(this) >= 40"
          }
        ]
      },
      "minecraft:heartbeat": {
        "interval": "2.0 - math.clamp(query.anger_level / 80 * 1.5, 0, 1.5)"
      },
      "minecraft:movement.basic": {},
      "minecraft:jump.static": {},
      "minecraft:can_climb": {},
      "minecraft:collision_box": {
        "width": 0.9,
        "height": 4.3
      },
      "minecraft:health": {
        "value": 1000000000,
        "max": 1000000000
      },
      "minecraft:movement": {
        "value": 0.32
      },
      "minecraft:underwater_movement": {
        "value": 0.3
      },
      "minecraft:water_movement": {
        "value": 0.3
      },
      "minecraft:lava_movement": {
        "value": 0.3
      },
      "minecraft:knockback_resistance": {
        "value": 999000000
      },
      "minecraft:behavior.float": {
        "priority": 0
      },
      "minecraft:behavior.dig": {
        "priority": 1,
        "duration": 5.5,
        "idle_time": 60.0,
        "vibration_is_disturbance": true,
        "suspicion_is_disturbance": true,
        "digs_in_daylight": false,
        "on_start": {
          "event": "on_digging_event",
          "target": "self"
        }
      },
      "minecraft:behavior.roar": {
        "priority": 2,
        "duration": 4.2
      },
      "minecraft:behavior.sonic_boom": {
        "priority": 3,
        "duration": 3.0,
        "speed_multiplier": 1.2,
        "attack_damage": 999000000,
        "attack_range_horizontal": 1800,
        "attack_range_vertical": 2000,
        "attack_cooldown": 2,
        "knockback_vertical_strength": 0.5,
        "knockback_horizontal_strength": 2.5,
        "knockback_height_cap": 0.5,
        "duration_until_attack_sound": 1.7,
        "charge_sound": "sonic_charge",
        "attack_sound": "sonic_boom"
      },
      "minecraft:behavior.melee_attack": {
        "priority": 4,
        "speed_multiplier": 3.0,
        "melee_fov": 360,
        "track_target": true
      },
      "minecraft:behavior.investigate_suspicious_location": {
        "priority": 5,
        "speed_multiplier": 0.7
      },
      "minecraft:behavior.sniff": {
        "priority": 6,
        "duration": 4.16,
        "sniffing_radius": 24.0,
        "suspicion_radius_horizontal" : 6.0,
        "suspicion_radius_vertical": 20.0,
        "cooldown_range": [ 5.0, 10.0 ]
      },
      "minecraft:physics": {},
      "minecraft:mob_effect": {
        "effect_range": 20,
        "effect_time": 13,
        "mob_effect": "darkness",
        "cooldown_time": 6,
        "entity_filter": {
          "all_of": [
            { "test": "is_family", "subject": "other", "value": "player" },
            { "operator": "not", "test": "has_ability", "subject" : "other", "value" : "invulnerable" }
          ]
        }
      },
      "minecraft:follow_range": 2000,
      "minecraft:fire_immune": {},
      "minecraft:nameable": {},
      "minecraft:scale": {
        "value": 3.0
      },
      "minecraft:break_blocks": {
        "breakable_blocks": [
          "bed",
          "bamboo",
          "bamboo_sapling",
          "beetroot",
          "brown_mushroom",
          "carrots",
          "carved_pumpkin",
          "chorus_flower",
          "chorus_plant",
          "deadbush",
          "double_plant",
          "leaves",
          "leaves2",
          "lit_pumpkin",
          "melon_block",
          "melon_stem",
          "potatoes",
          "pumpkin",
          "pumpkin_stem",
          "red_flower",
          "red_mushroom",
          "crimson_fungus",
          "warped_fungus",
          "reeds",
          "sapling",
          "snow_layer",
          "sweet_berry_bush",
          "tallgrass",
          "turtle_egg",
          "vine",
          "waterlily",
          "wheat",
          "yellow_flower",
          "azalea",
          "flowering_azalea",
          "azalea_leaves",
          "azalea_leaves_flowered",
          "cave_vines",
          "cave_vines_body_with_berries",
          "cave_vines_head_with_berries",
          "small_dripleaf_block",
          "big_dripleaf",
          "spore_blossom",
          "hanging_roots",
          "mangrove_leaves",
          "obsidian",
          "end_portal_frame",
          "reinforced_deepslate",
          "bedrock"
        ]
      },
      "minecraft:annotation.break_door": {
        "break_time": 0.0,
        "min_difficulty": "easy"
      },
      "minecraft:behavior.summon_entity": {
        "priority": 2,
        "summon_choices": [
          {
            "cast_duration": 0.0,
            "cooldown_time": 80.0,
            "do_casting": false,
            "max_activation_range": 8.0,
            "min_activation_range": 0.0,
            "particle_color": 0,
            "start_sound_event": "nearby_closest",
            "weight": 3,
            "sequence": [
              {
                "base_delay": 1.0,
                "delay_per_summon": 1.0,
                "entity_lifespan": 120.0,
                "entity_type": "m:giganotosaurus_warden",
                "num_entities_spawned": 1,
                "shape": "circle",
                "size": 2.0,
                "sound_event": ".",
                "summon_cap": 2,
                "summon_cap_radius": 16.0,
                "target": "self"
              }
            ]
          }
        ]
      },
      "minecraft:on_hurt": {
        "event": "on:hurt",
        "target": "self"
      },
      "minecraft:on_hurt_by_player": {
        "event": "on:hurt_by_player",
        "target": "self"
      },
      "minecraft:on_target_acquired": {
        "event": "on:target_acquired",
        "target": "self"
      },
      "minecraft:variable_max_auto_step": {
        "base_value": 3.0,
        "controlled_value": 3.0,
        "jump_prevented_value": 3.0
      },
      "minecraft:loot": {
        "table": "loot_tables/entities/loot_default.json"
      }
    },
    "events": {
      "minecraft:spawn_emerging": {
        "add": {
          "component_groups": [
            "emerging"
          ]
        }
      },
      "minecraft:emerged": {
        "add": {
          "component_groups": [
            "pushable"
          ]
        },
        "remove": {
          "component_groups": [
            "emerging"
          ]
        }
      },
      "on:hurt": {
        "run_command": {
          "command": [
            "function healtheffect9"
          ]
        }
      },
      "on:hurt_by_player": {
        "run_command": {
          "command": [
            "function healtheffect9"
          ]
        }
      },
      "on:target_acquired": {
        "run_command": {
          "command": [
            "function healtheffect9"
          ]
        }
      },
      "minecraft:entity_spawned": {
        "add": {
          "component_groups": [
            "emerging"
          ]
        }
      },
      "on_digging_event": {
        "remove": {
          "component_groups": [
            "pushable"
          ]
        }
      },
      "on:hurt": {
        "run_command": {
          "command": [
            "function healtheffect9"
          ]
        }
      },
      "on:hurt_by_player": {
        "run_command": {
          "command": [
            "function healtheffect9"
          ]
        }
      },
      "on:target_acquired": {
        "run_command": {
          "command": [
            "function healtheffect9"
          ]
        }
      }
    }
  }
}
