{
  "mob.m_tyrannosaurus_warden.roar": {
    "category": "hostile",
    "sounds": [
      "sounds/mob/m_tyrannosaurus_warden/roar"
    ]
  },
  "mob.m_giganotosaurus_warden.roar": {
    "category": "hostile",
    "sounds": [
      "sounds/mob/m_giganotosaurus_warden/roar"
    ]
  },
  "mob.m_zorden.roar": {
    "category": "hostile",
    "sounds": [
      "sounds/mob/m_zorden/roar"
    ]
  },
  "mob.m_deep_zorden.roar": {
    "category": "hostile",
    "sounds": [
      "sounds/mob/m_deep_zorden/roar"
    ]
  },
  "mob.unused.roar": {
    "category": "hostile",
    "sounds": [
      "sounds/mob/unused/roar"
    ]
  },
  "mob.m_zorden.sonic_boom": {
    "category": "hostile",
    "sounds": [
      "sounds/mob/m_zorden/sonic_boom"
    ]
  },
  "mob.m_zorden.clicking": {
    "category": "hostile",
    "sounds": [
      "sounds/mob/m_zorden/clicking1",
      "sounds/mob/m_zorden/clicking2",
      "sounds/mob/m_zorden/clicking3"
    ]
  },
  "mob.m_zorden.sonic_charge": {
    "category": "hostile",
    "sounds": [
      "sounds/mob/m_zorden/sonic_charge"
    ]
  },
  "mob.m_deep_zorden.sonic_charge": {
    "category": "hostile",
    "sounds": [
      "sounds/mob/m_deep_zorden/sonic_charge"
    ]
  },
  "mob.m_zorden.heart": {
    "category": "hostile",
    "sounds": [
      "sounds/mob/m_zorden/heart"
    ]
  },
  "mob.m_crystal_warden.hurt": {
    "category": "hostile",
    "sounds": [
      "sounds/mob/m_crystal_warden/hurt1",
      "sounds/mob/m_crystal_warden/hurt2",
      "sounds/mob/m_crystal_warden/hurt3",
      "sounds/mob/m_crystal_warden/hurt4"
    ]
  },
  "mob.m_crystal_warden.death": {
    "category": "hostile",
    "sounds": [
      "sounds/mob/m_crystal_warden/death1",
      "sounds/mob/m_crystal_warden/death2"
    ]
  },
  "mob.m_crystal_warden.roar": {
    "category": "hostile",
    "sounds": [
      "sounds/mob/m_crystal_warden/roar1",
      "sounds/mob/m_crystal_warden/roar2",
      "sounds/mob/m_crystal_warden/roar3",
      "sounds/mob/m_crystal_warden/roar4",
      "sounds/mob/m_crystal_warden/roar5"
    ]
  },
  "mob.m_crystal_warden.clicking": {
    "category": "hostile",
    "sounds": [
      "sounds/mob/m_crystal_warden/tendril_clicks1",
      "sounds/mob/m_crystal_warden/tendril_clicks2",
      "sounds/mob/m_crystal_warden/tendril_clicks3",
      "sounds/mob/m_crystal_warden/tendril_clicks4",
      "sounds/mob/m_crystal_warden/tendril_clicks5"
    ]
  }
}