
{
 "format_version": "1.10.0",
  "minecraft:attachable": {
    "description": {
      "identifier": "yt:ssj2_gh",
      "item": { "yt:ssj2_gh": "query.owner_identifier == 'minecraft:player'" },
      "materials": {
        "default": "armor",
        "enchanted": "armor_enchanted"
      },
      "textures": {
        "default": "textures/modos/ssj2_gh",
        "enchanted": "textures/misc/enchanted_item_glint"
      },
      "geometry": {
        "default": "geometry.ssj2_gh"
      },
      "animations": {
        "default_controller": "controller.animation.animacoes.general",
        "default": "animation.gm"
      },
      "scripts": {
        "parent_setup": "variable.chest_layer_visible = 0.0;",
          "animate": [
          "default",
             "default_controller"
        ]
      },
      "render_controllers": [ "controller.render.armor" ]
    }
  }
}