{
  "format_version": "1.12.0",
  "minecraft:geometry": [
    {
      "description": {
        "identifier": "geometry.pa_fly",
        "texture_width": 128,
        "texture_height": 128,
        "visible_bounds_width": 8,
        "visible_bounds_height": 5,
        "visible_bounds_offset": [
          0,
          1.5,
          0
        ]
      },
      "bones": [
        {
          "name": "Body",
          "pivot": [
            0,
            12,
            3
          ],
          "cubes": [
            {
              "origin": [
                -3,
                0,
                -8
              ],
              "size": [
                7,
                1,
                15
              ],
              "uv": [
                46,
                0
              ]
            },
            {
              "origin": [
                -2,
                1,
                -7
              ],
              "size": [
                5,
                6,
                13
              ],
              "uv": [
                0,
                52
              ]
            },
            {
              "origin": [
                -6,
                7,
                -7
              ],
              "size": [
                13,
                2,
                14
              ],
              "uv": [
                0,
                36
              ]
            },
            {
              "origin": [
                -7,
                9,
                -8
              ],
              "size": [
                15,
                4,
                16
              ],
              "uv": [
                0,
                0
              ]
            },
            {
              "origin": [
                9,
                13,
                -8
              ],
              "size": [
                1,
                4,
                10
              ],
              "pivot": [
                9,
                17,
                -3
              ],
              "rotation": [
                0,
                0,
                -12.5
              ],
              "uv": [
                37,
                80
              ]
            },
            {
              "origin": [
                9.91317,
                9.33806,
                -8
              ],
              "size": [
                1,
                4,
                10
              ],
              "pivot": [
                11,
                13,
                -3
              ],
              "rotation": [
                0,
                0,
                7.5
              ],
              "uv": [
                37,
                80
              ]
            },
            {
              "origin": [
                -10,
                13,
                -8
              ],
              "size": [
                1,
                4,
                10
              ],
              "pivot": [
                -9,
                17,
                -3
              ],
              "rotation": [
                0,
                0,
                12.5
              ],
              "uv": [
                37,
                80
              ]
            },
            {
              "origin": [
                -10.91317,
                9.33806,
                -8
              ],
              "size": [
                1,
                4,
                10
              ],
              "pivot": [
                -11,
                13,
                -3
              ],
              "rotation": [
                0,
                0,
                -7.5
              ],
              "uv": [
                37,
                80
              ]
            },
            {
              "origin": [
                -5,
                12,
                -13
              ],
              "size": [
                5,
                5,
                1
              ],
              "pivot": [
                0,
                17,
                -13
              ],
              "rotation": [
                -8.11003,
                22.29711,
                -3.09472
              ],
              "uv": [
                6,
                93
              ]
            },
            {
              "origin": [
                -5.13148,
                7.87007,
                -13.68259
              ],
              "size": [
                5,
                4,
                1
              ],
              "pivot": [
                0,
                12,
                -14
              ],
              "rotation": [
                16.17354,
                21.69365,
                6.1191
              ],
              "uv": [
                87,
                57
              ]
            },
            {
              "origin": [
                0.11588,
                12.08775,
                -13.68162
              ],
              "size": [
                5,
                5,
                1
              ],
              "pivot": [
                0,
                12,
                -14
              ],
              "rotation": [
                -7.97532,
                -19.82169,
                2.71994
              ],
              "uv": [
                6,
                93
              ]
            },
            {
              "origin": [
                0.11588,
                8.08775,
                -13.68162
              ],
              "size": [
                5,
                4,
                1
              ],
              "pivot": [
                0,
                12,
                -14
              ],
              "rotation": [
                15.91527,
                -19.291,
                -5.38152
              ],
              "uv": [
                87,
                57
              ]
            },
            {
              "origin": [
                -11,
                19,
                7
              ],
              "size": [
                22,
                11,
                5
              ],
              "pivot": [
                0,
                0,
                3
              ],
              "rotation": [
                -7.5,
                0,
                0
              ],
              "uv": [
                0,
                20
              ]
            },
            {
              "origin": [
                -10,
                13,
                7
              ],
              "size": [
                20,
                6,
                5
              ],
              "pivot": [
                0,
                0,
                3
              ],
              "rotation": [
                -7.5,
                0,
                0
              ],
              "uv": [
                40,
                36
              ]
            },
            {
              "origin": [
                -6,
                12,
                -8
              ],
              "size": [
                13,
                4,
                3
              ],
              "uv": [
                81,
                79
              ]
            }
          ]
        },
        {
          "name": "Head",
          "parent": "Body",
          "pivot": [
            1,
            18,
            1
          ],
          "cubes": [
            {
              "origin": [
                -5,
                23,
                0
              ],
              "size": [
                1,
                2,
                1
              ],
              "pivot": [
                -4,
                24,
                0
              ],
              "rotation": [
                0,
                0,
                -10
              ],
              "uv": [
                12,
                0
              ]
            },
            {
              "origin": [
                4,
                23,
                0
              ],
              "size": [
                1,
                2,
                1
              ],
              "pivot": [
                4,
                24,
                0
              ],
              "rotation": [
                0,
                0,
                10
              ],
              "uv": [
                12,
                0
              ]
            },
            {
              "origin": [
                -3,
                18,
                -4
              ],
              "size": [
                6,
                4,
                8
              ],
              "uv": [
                0,
                71
              ]
            },
            {
              "origin": [
                -1.5,
                21,
                -4.5
              ],
              "size": [
                1,
                2,
                1
              ],
              "pivot": [
                1,
                18,
                -3
              ],
              "rotation": [
                -19.9727,
                -40.73565,
                13.34199
              ],
              "uv": [
                0,
                0
              ]
            },
            {
              "origin": [
                -4,
                22,
                -4
              ],
              "size": [
                8,
                5,
                8
              ],
              "uv": [
                28,
                67
              ]
            },
            {
              "origin": [
                -4,
                18,
                -4
              ],
              "size": [
                1,
                4,
                8
              ],
              "pivot": [
                -4,
                22,
                -4
              ],
              "rotation": [
                0,
                0,
                -15
              ],
              "uv": [
                82,
                39
              ]
            },
            {
              "origin": [
                3,
                18,
                -4
              ],
              "size": [
                1,
                4,
                8
              ],
              "pivot": [
                4,
                22,
                -4
              ],
              "rotation": [
                0,
                0,
                15
              ],
              "uv": [
                82,
                39
              ]
            },
            {
              "origin": [
                -4,
                27,
                -4
              ],
              "size": [
                4,
                1,
                8
              ],
              "pivot": [
                0,
                28,
                -4
              ],
              "rotation": [
                0,
                0,
                -15
              ],
              "uv": [
                23,
                52
              ]
            },
            {
              "origin": [
                0,
                27,
                -4
              ],
              "size": [
                4,
                1,
                8
              ],
              "pivot": [
                0,
                28,
                -4
              ],
              "rotation": [
                0,
                0,
                15
              ],
              "uv": [
                23,
                52
              ]
            }
          ]
        },
        {
          "name": "Alis",
          "parent": "Head",
          "pivot": [
            0,
            24,
            -4
          ],
          "cubes": [
            {
              "origin": [
                -3,
                22,
                -4.1
              ],
              "size": [
                6,
                5,
                0
              ],
              "uv": [
                85,
                34
              ]
            }
          ]
        },
        {
          "name": "Bibir",
          "parent": "Head",
          "pivot": [
            1,
            21,
            -8
          ],
          "cubes": [
            {
              "origin": [
                -4,
                20,
                -4.1
              ],
              "size": [
                8,
                2,
                0
              ],
              "uv": [
                0,
                14
              ]
            }
          ]
        },
        {
          "name": "Bibir2",
          "parent": "Head",
          "pivot": [
            1,
            20,
            -4
          ],
          "cubes": [
            {
              "origin": [
                -3,
                18,
                -4.1
              ],
              "size": [
                6,
                2,
                0
              ],
              "uv": [
                36,
                65
              ]
            }
          ]
        },
        {
          "name": "Leher",
          "parent": "Head",
          "pivot": [
            1,
            18,
            1
          ],
          "cubes": [
            {
              "origin": [
                -2,
                8,
                -1
              ],
              "size": [
                4,
                10,
                4
              ],
              "uv": [
                0,
                0
              ]
            }
          ]
        },
        {
          "name": "bone",
          "parent": "Body",
          "pivot": [
            -1,
            27,
            14
          ],
          "rotation": [
            -7.5,
            0,
            0
          ],
          "cubes": [
            {
              "origin": [
                -1,
                27,
                13
              ],
              "size": [
                2,
                2,
                1
              ],
              "uv": [
                6,
                52
              ]
            },
            {
              "origin": [
                -2,
                29,
                12
              ],
              "size": [
                4,
                1,
                3
              ],
              "uv": [
                20,
                71
              ]
            }
          ]
        },
        {
          "name": "Tutup",
          "parent": "Body",
          "pivot": [
            -1,
            16,
            8
          ],
          "rotation": [
            -2.5,
            0,
            0
          ],
          "cubes": [
            {
              "origin": [
                -7,
                17.76493,
                8.22705
              ],
              "size": [
                14,
                15,
                1
              ],
              "uv": [
                54,
                20
              ]
            },
            {
              "origin": [
                -6,
                32.76493,
                8.22705
              ],
              "size": [
                12,
                1,
                1
              ],
              "uv": [
                23,
                61
              ]
            },
            {
              "origin": [
                -7,
                16.76493,
                8.22705
              ],
              "size": [
                14,
                1,
                1
              ],
              "uv": [
                75,
                11
              ]
            },
            {
              "origin": [
                -5,
                15.76493,
                8.22705
              ],
              "size": [
                10,
                1,
                1
              ],
              "uv": [
                62,
                16
              ]
            },
            {
              "origin": [
                -4,
                14.76493,
                8.22705
              ],
              "size": [
                8,
                1,
                1
              ],
              "uv": [
                23,
                63
              ]
            },
            {
              "origin": [
                -4,
                33.76493,
                8.22705
              ],
              "size": [
                8,
                1,
                1
              ],
              "uv": [
                62,
                18
              ]
            },
            {
              "origin": [
                6,
                19.76493,
                8.22705
              ],
              "size": [
                2,
                11,
                1
              ],
              "uv": [
                0,
                93
              ]
            },
            {
              "origin": [
                -8,
                19.76493,
                8.22705
              ],
              "size": [
                2,
                11,
                1
              ],
              "uv": [
                19,
                92
              ]
            },
            {
              "origin": [
                7,
                20.76493,
                8.22705
              ],
              "size": [
                2,
                9,
                1
              ],
              "uv": [
                93,
                93
              ]
            },
            {
              "origin": [
                -9,
                20.76493,
                8.22705
              ],
              "size": [
                2,
                9,
                1
              ],
              "uv": [
                37,
                80
              ]
            },
            {
              "origin": [
                -3,
                34.76493,
                8.22705
              ],
              "size": [
                6,
                1,
                1
              ],
              "uv": [
                40,
                47
              ]
            }
          ]
        },
        {
          "name": "Tutup2",
          "parent": "Body",
          "pivot": [
            -1,
            16,
            9
          ],
          "rotation": [
            90,
            0,
            0
          ],
          "cubes": [
            {
              "origin": [
                -7,
                17.76493,
                5.22705
              ],
              "size": [
                14,
                15,
                5
              ],
              "uv": [
                49,
                47
              ]
            },
            {
              "origin": [
                -6,
                32.76493,
                5.22705
              ],
              "size": [
                12,
                1,
                5
              ],
              "uv": [
                74,
                73
              ]
            },
            {
              "origin": [
                -7,
                16.76493,
                5.22705
              ],
              "size": [
                14,
                1,
                5
              ],
              "uv": [
                52,
                67
              ]
            },
            {
              "origin": [
                -5,
                15.76493,
                5.22705
              ],
              "size": [
                10,
                1,
                5
              ],
              "uv": [
                84,
                16
              ]
            },
            {
              "origin": [
                -4,
                14.76493,
                5.22705
              ],
              "size": [
                8,
                1,
                5
              ],
              "uv": [
                84,
                28
              ]
            },
            {
              "origin": [
                -4,
                33.76493,
                5.22705
              ],
              "size": [
                8,
                1,
                5
              ],
              "uv": [
                84,
                22
              ]
            },
            {
              "origin": [
                6,
                19.76493,
                5.22705
              ],
              "size": [
                2,
                11,
                5
              ],
              "uv": [
                73,
                86
              ]
            },
            {
              "origin": [
                -8,
                19.76493,
                5.22705
              ],
              "size": [
                2,
                11,
                5
              ],
              "uv": [
                59,
                85
              ]
            },
            {
              "origin": [
                7,
                20.76493,
                5.22705
              ],
              "size": [
                2,
                9,
                5
              ],
              "uv": [
                46,
                0
              ]
            },
            {
              "origin": [
                -9,
                20.76493,
                5.22705
              ],
              "size": [
                2,
                9,
                5
              ],
              "uv": [
                0,
                36
              ]
            },
            {
              "origin": [
                -8,
                27.76493,
                3.495
              ],
              "size": [
                1,
                1,
                5
              ],
              "pivot": [
                -8,
                28,
                10
              ],
              "rotation": [
                0,
                30,
                0
              ],
              "uv": [
                92,
                40
              ]
            },
            {
              "origin": [
                7,
                27.76493,
                3.495
              ],
              "size": [
                1,
                1,
                5
              ],
              "pivot": [
                8,
                28,
                10
              ],
              "rotation": [
                0,
                -30,
                0
              ],
              "uv": [
                92,
                40
              ]
            },
            {
              "origin": [
                -3,
                34.76493,
                5.22705
              ],
              "size": [
                6,
                1,
                5
              ],
              "uv": [
                87,
                51
              ]
            },
            {
              "origin": [
                0,
                32.5531,
                3.20028
              ],
              "size": [
                1,
                1,
                5
              ],
              "pivot": [
                1,
                35,
                10
              ],
              "rotation": [
                -47.5,
                0,
                0
              ],
              "uv": [
                1,
                58
              ]
            }
          ]
        },
        {
          "name": "Roket3",
          "parent": "Body",
          "pivot": [
            10,
            21,
            15
          ],
          "cubes": [
            {
              "origin": [
                -1,
                32,
                -1
              ],
              "size": [
                5,
                3,
                5
              ],
              "pivot": [
                6,
                61,
                8
              ],
              "rotation": [
                0,
                180,
                0
              ],
              "uv": [
                85,
                62
              ]
            },
            {
              "origin": [
                -1,
                29,
                -1
              ],
              "size": [
                5,
                1,
                5
              ],
              "pivot": [
                6,
                52,
                8
              ],
              "rotation": [
                0,
                180,
                0
              ],
              "uv": [
                92,
                34
              ]
            },
            {
              "origin": [
                -1,
                22,
                -1
              ],
              "size": [
                5,
                5,
                5
              ],
              "pivot": [
                6,
                39,
                8
              ],
              "rotation": [
                0,
                180,
                0
              ],
              "uv": [
                0,
                83
              ]
            },
            {
              "origin": [
                -1,
                8,
                -1
              ],
              "size": [
                5,
                0,
                5
              ],
              "pivot": [
                6,
                32,
                8
              ],
              "rotation": [
                0,
                180,
                0
              ],
              "uv": [
                34,
                52
              ]
            },
            {
              "origin": [
                -2,
                15,
                -2
              ],
              "size": [
                7,
                4,
                7
              ],
              "pivot": [
                6,
                25,
                8
              ],
              "rotation": [
                0,
                180,
                0
              ],
              "uv": [
                75,
                0
              ]
            },
            {
              "origin": [
                -2,
                8,
                -2
              ],
              "size": [
                7,
                5,
                7
              ],
              "pivot": [
                6,
                16,
                8
              ],
              "rotation": [
                0,
                180,
                0
              ],
              "uv": [
                53,
                73
              ]
            },
            {
              "origin": [
                -1,
                6,
                -1
              ],
              "size": [
                5,
                2,
                5
              ],
              "pivot": [
                6,
                9,
                8
              ],
              "rotation": [
                0,
                180,
                0
              ],
              "uv": [
                87,
                86
              ]
            },
            {
              "origin": [
                -1,
                19,
                -1
              ],
              "size": [
                5,
                2,
                5
              ],
              "pivot": [
                6,
                9,
                8
              ],
              "rotation": [
                0,
                180,
                0
              ],
              "uv": [
                87,
                86
              ]
            },
            {
              "origin": [
                0,
                4,
                0
              ],
              "size": [
                3,
                2,
                3
              ],
              "pivot": [
                6,
                5,
                8
              ],
              "rotation": [
                0,
                180,
                0
              ],
              "uv": [
                49,
                85
              ]
            },
            {
              "origin": [
                0,
                9,
                0
              ],
              "size": [
                3,
                23,
                3
              ],
              "pivot": [
                6,
                31,
                8
              ],
              "rotation": [
                0,
                180,
                0
              ],
              "uv": [
                25,
                80
              ]
            }
          ]
        },
        {
          "name": "Api",
          "parent": "Roket3",
          "pivot": [
            10.5,
            4,
            14.5
          ],
          "rotation": [
            -180,
            0,
            180
          ],
          "cubes": [
            {
              "origin": [
                0,
                -7,
                1.5
              ],
              "size": [
                3,
                11,
                0
              ],
              "pivot": [
                6,
                3,
                8
              ],
              "rotation": [
                0,
                180,
                0
              ],
              "uv": [
                87,
                93
              ]
            },
            {
              "origin": [
                1.5,
                -7,
                2
              ],
              "size": [
                0,
                11,
                3
              ],
              "pivot": [
                6,
                3,
                9
              ],
              "rotation": [
                0,
                180,
                0
              ],
              "uv": [
                0,
                49
              ]
            }
          ]
        },
        {
          "name": "Api2",
          "parent": "Api",
          "pivot": [
            31.5,
            4,
            14.5
          ],
          "rotation": [
            -180,
            2.5,
            180
          ],
          "cubes": [
            {
              "origin": [
                21,
                -7,
                1.5
              ],
              "size": [
                3,
                11,
                0
              ],
              "pivot": [
                27,
                3,
                8
              ],
              "rotation": [
                0,
                180,
                0
              ],
              "uv": [
                87,
                93
              ]
            },
            {
              "origin": [
                22.5,
                -7,
                2
              ],
              "size": [
                0,
                11,
                3
              ],
              "pivot": [
                27,
                3,
                9
              ],
              "rotation": [
                0,
                180,
                0
              ],
              "uv": [
                0,
                49
              ]
            }
          ]
        },
        {
          "name": "Api3",
          "parent": "Roket3",
          "pivot": [
            10.5,
            4,
            14.5
          ],
          "cubes": [
            {
              "origin": [
                0,
                -7,
                1.5
              ],
              "size": [
                3,
                11,
                0
              ],
              "pivot": [
                6,
                3,
                8
              ],
              "rotation": [
                0,
                180,
                0
              ],
              "uv": [
                87,
                93
              ]
            },
            {
              "origin": [
                1.5,
                -7,
                2
              ],
              "size": [
                0,
                11,
                3
              ],
              "pivot": [
                6,
                3,
                9
              ],
              "rotation": [
                0,
                180,
                0
              ],
              "uv": [
                0,
                49
              ]
            }
          ]
        },
        {
          "name": "Api4",
          "parent": "Api3",
          "pivot": [
            -10.5,
            4,
            14.5
          ],
          "rotation": [
            -180,
            2.5,
            180
          ],
          "cubes": [
            {
              "origin": [
                -21,
                -7,
                1.5
              ],
              "size": [
                3,
                11,
                0
              ],
              "pivot": [
                -15,
                3,
                8
              ],
              "rotation": [
                0,
                180,
                0
              ],
              "uv": [
                87,
                93
              ]
            },
            {
              "origin": [
                -19.5,
                -7,
                2
              ],
              "size": [
                0,
                11,
                3
              ],
              "pivot": [
                -15,
                3,
                9
              ],
              "rotation": [
                0,
                180,
                0
              ],
              "uv": [
                0,
                49
              ]
            }
          ]
        },
        {
          "name": "Roket2",
          "parent": "Roket3",
          "pivot": [
            -11,
            21,
            14
          ],
          "cubes": [
            {
              "origin": [
                -22,
                32,
                -1
              ],
              "size": [
                5,
                3,
                5
              ],
              "pivot": [
                -15,
                61,
                8
              ],
              "rotation": [
                0,
                180,
                0
              ],
              "uv": [
                85,
                62
              ]
            },
            {
              "origin": [
                -22,
                29,
                -1
              ],
              "size": [
                5,
                1,
                5
              ],
              "pivot": [
                -15,
                52,
                8
              ],
              "rotation": [
                0,
                180,
                0
              ],
              "uv": [
                92,
                34
              ]
            },
            {
              "origin": [
                -22,
                22,
                -1
              ],
              "size": [
                5,
                5,
                5
              ],
              "pivot": [
                -15,
                39,
                8
              ],
              "rotation": [
                0,
                180,
                0
              ],
              "uv": [
                0,
                83
              ]
            },
            {
              "origin": [
                -22,
                8,
                -1
              ],
              "size": [
                5,
                0,
                5
              ],
              "pivot": [
                -15,
                32,
                8
              ],
              "rotation": [
                0,
                180,
                0
              ],
              "uv": [
                34,
                52
              ]
            },
            {
              "origin": [
                -23,
                15,
                -2
              ],
              "size": [
                7,
                4,
                7
              ],
              "pivot": [
                -15,
                25,
                8
              ],
              "rotation": [
                0,
                180,
                0
              ],
              "uv": [
                75,
                0
              ]
            },
            {
              "origin": [
                -23,
                8,
                -2
              ],
              "size": [
                7,
                5,
                7
              ],
              "pivot": [
                -15,
                16,
                8
              ],
              "rotation": [
                0,
                180,
                0
              ],
              "uv": [
                53,
                73
              ]
            },
            {
              "origin": [
                -22,
                6,
                -1
              ],
              "size": [
                5,
                2,
                5
              ],
              "pivot": [
                -15,
                9,
                8
              ],
              "rotation": [
                0,
                180,
                0
              ],
              "uv": [
                87,
                86
              ]
            },
            {
              "origin": [
                -22,
                19,
                -1
              ],
              "size": [
                5,
                2,
                5
              ],
              "pivot": [
                -15,
                9,
                8
              ],
              "rotation": [
                0,
                180,
                0
              ],
              "uv": [
                87,
                86
              ]
            },
            {
              "origin": [
                -21,
                4,
                0
              ],
              "size": [
                3,
                2,
                3
              ],
              "pivot": [
                -15,
                5,
                8
              ],
              "rotation": [
                0,
                180,
                0
              ],
              "uv": [
                49,
                85
              ]
            },
            {
              "origin": [
                -21,
                9,
                0
              ],
              "size": [
                3,
                23,
                3
              ],
              "pivot": [
                -15,
                31,
                8
              ],
              "rotation": [
                0,
                180,
                0
              ],
              "uv": [
                25,
                80
              ]
            }
          ]
        }
      ]
    }
  ]
}