{
  "format_version": "1.12.0",
  "minecraft:geometry": [
    {
      "description": {
        "identifier": "geometry.pa_gman",
        "texture_width": 256,
        "texture_height": 256,
        "visible_bounds_width": 30,
        "visible_bounds_height": 12,
        "visible_bounds_offset": [
          0,
          0,
          0
        ]
      },
      "bones": [
        {
          "name": "All",
          "pivot": [
            0,
            11,
            0
          ]
        },
        {
          "name": "Roket3",
          "parent": "All",
          "pivot": [
            13,
            29,
            14
          ],
          "cubes": [
            {
              "origin": [
                2,
                40,
                -2
              ],
              "size": [
                5,
                3,
                5
              ],
              "pivot": [
                9,
                69,
                7
              ],
              "rotation": [
                0,
                180,
                0
              ],
              "uv": [
                140,
                87
              ]
            },
            {
              "origin": [
                2,
                37,
                -2
              ],
              "size": [
                5,
                1,
                5
              ],
              "pivot": [
                9,
                60,
                7
              ],
              "rotation": [
                0,
                180,
                0
              ],
              "uv": [
                154,
                129
              ]
            },
            {
              "origin": [
                2,
                30,
                -2
              ],
              "size": [
                5,
                5,
                5
              ],
              "pivot": [
                9,
                47,
                7
              ],
              "rotation": [
                0,
                180,
                0
              ],
              "uv": [
                141,
                22
              ]
            },
            {
              "origin": [
                2,
                16,
                -2
              ],
              "size": [
                5,
                0,
                5
              ],
              "pivot": [
                9,
                40,
                7
              ],
              "rotation": [
                0,
                180,
                0
              ],
              "uv": [
                31,
                34
              ]
            },
            {
              "origin": [
                1,
                23,
                -3
              ],
              "size": [
                7,
                4,
                7
              ],
              "pivot": [
                9,
                33,
                7
              ],
              "rotation": [
                0,
                180,
                0
              ],
              "uv": [
                125,
                32
              ]
            },
            {
              "origin": [
                1,
                16,
                -3
              ],
              "size": [
                7,
                5,
                7
              ],
              "pivot": [
                9,
                24,
                7
              ],
              "rotation": [
                0,
                180,
                0
              ],
              "uv": [
                122,
                0
              ]
            },
            {
              "origin": [
                2,
                14,
                -2
              ],
              "size": [
                5,
                2,
                5
              ],
              "pivot": [
                9,
                17,
                7
              ],
              "rotation": [
                0,
                180,
                0
              ],
              "uv": [
                151,
                95
              ]
            },
            {
              "origin": [
                2,
                27,
                -2
              ],
              "size": [
                5,
                2,
                5
              ],
              "pivot": [
                9,
                17,
                7
              ],
              "rotation": [
                0,
                180,
                0
              ],
              "uv": [
                151,
                65
              ]
            },
            {
              "origin": [
                3,
                12,
                -1
              ],
              "size": [
                3,
                2,
                3
              ],
              "pivot": [
                9,
                13,
                7
              ],
              "rotation": [
                0,
                180,
                0
              ],
              "uv": [
                91,
                105
              ]
            },
            {
              "origin": [
                3,
                17,
                -1
              ],
              "size": [
                3,
                23,
                3
              ],
              "pivot": [
                9,
                39,
                7
              ],
              "rotation": [
                0,
                180,
                0
              ],
              "uv": [
                128,
                122
              ]
            }
          ]
        },
        {
          "name": "Api",
          "parent": "Roket3",
          "pivot": [
            13.5,
            12,
            13.5
          ],
          "rotation": [
            -180,
            0,
            180
          ],
          "cubes": [
            {
              "origin": [
                3,
                1,
                0.5
              ],
              "size": [
                3,
                11,
                0
              ],
              "pivot": [
                9,
                11,
                7
              ],
              "rotation": [
                0,
                180,
                0
              ],
              "uv": [
                159,
                12
              ]
            },
            {
              "origin": [
                4.5,
                1,
                1
              ],
              "size": [
                0,
                11,
                3
              ],
              "pivot": [
                9,
                11,
                8
              ],
              "rotation": [
                0,
                180,
                0
              ],
              "uv": [
                162,
                9
              ]
            }
          ]
        },
        {
          "name": "Api2",
          "parent": "Api",
          "pivot": [
            41.5,
            12,
            13.5
          ],
          "rotation": [
            -180,
            2.5,
            180
          ],
          "cubes": [
            {
              "origin": [
                31,
                1,
                0.5
              ],
              "size": [
                3,
                11,
                0
              ],
              "pivot": [
                37,
                11,
                7
              ],
              "rotation": [
                0,
                180,
                0
              ],
              "uv": [
                146,
                63
              ]
            },
            {
              "origin": [
                32.5,
                1,
                1
              ],
              "size": [
                0,
                11,
                3
              ],
              "pivot": [
                37,
                11,
                8
              ],
              "rotation": [
                0,
                180,
                0
              ],
              "uv": [
                146,
                60
              ]
            }
          ]
        },
        {
          "name": "Api3",
          "parent": "Roket3",
          "pivot": [
            13.5,
            12,
            13.5
          ],
          "cubes": [
            {
              "origin": [
                3,
                1,
                0.5
              ],
              "size": [
                3,
                11,
                0
              ],
              "pivot": [
                9,
                11,
                7
              ],
              "rotation": [
                0,
                180,
                0
              ],
              "uv": [
                146,
                63
              ]
            },
            {
              "origin": [
                4.5,
                1,
                1
              ],
              "size": [
                0,
                11,
                3
              ],
              "pivot": [
                9,
                11,
                8
              ],
              "rotation": [
                0,
                180,
                0
              ],
              "uv": [
                146,
                60
              ]
            }
          ]
        },
        {
          "name": "Api4",
          "parent": "Api3",
          "pivot": [
            -14.5,
            12,
            13.5
          ],
          "rotation": [
            -180,
            2.5,
            180
          ],
          "cubes": [
            {
              "origin": [
                -25,
                1,
                0.5
              ],
              "size": [
                3,
                11,
                0
              ],
              "pivot": [
                -19,
                11,
                7
              ],
              "rotation": [
                0,
                180,
                0
              ],
              "uv": [
                162,
                12
              ]
            },
            {
              "origin": [
                -23.5,
                1,
                1
              ],
              "size": [
                0,
                11,
                3
              ],
              "pivot": [
                -19,
                11,
                8
              ],
              "rotation": [
                0,
                180,
                0
              ],
              "uv": [
                162,
                9
              ]
            }
          ]
        },
        {
          "name": "Roket2",
          "parent": "Roket3",
          "pivot": [
            -15,
            29,
            13
          ],
          "cubes": [
            {
              "origin": [
                -26,
                40,
                -2
              ],
              "size": [
                5,
                3,
                5
              ],
              "pivot": [
                -19,
                69,
                7
              ],
              "rotation": [
                0,
                180,
                0
              ],
              "uv": [
                102,
                87
              ]
            },
            {
              "origin": [
                -26,
                37,
                -2
              ],
              "size": [
                5,
                1,
                5
              ],
              "pivot": [
                -19,
                60,
                7
              ],
              "rotation": [
                0,
                180,
                0
              ],
              "uv": [
                153,
                39
              ]
            },
            {
              "origin": [
                -26,
                30,
                -2
              ],
              "size": [
                5,
                5,
                5
              ],
              "pivot": [
                -19,
                47,
                7
              ],
              "rotation": [
                0,
                180,
                0
              ],
              "uv": [
                14,
                101
              ]
            },
            {
              "origin": [
                -26,
                16,
                -2
              ],
              "size": [
                5,
                0,
                5
              ],
              "pivot": [
                -19,
                40,
                7
              ],
              "rotation": [
                0,
                180,
                0
              ],
              "uv": [
                4,
                0
              ]
            },
            {
              "origin": [
                -27,
                23,
                -3
              ],
              "size": [
                7,
                4,
                7
              ],
              "pivot": [
                -19,
                33,
                7
              ],
              "rotation": [
                0,
                180,
                0
              ],
              "uv": [
                70,
                123
              ]
            },
            {
              "origin": [
                -27,
                16,
                -3
              ],
              "size": [
                7,
                5,
                7
              ],
              "pivot": [
                -19,
                24,
                7
              ],
              "rotation": [
                0,
                180,
                0
              ],
              "uv": [
                17,
                119
              ]
            },
            {
              "origin": [
                -26,
                14,
                -2
              ],
              "size": [
                5,
                2,
                5
              ],
              "pivot": [
                -19,
                17,
                7
              ],
              "rotation": [
                0,
                180,
                0
              ],
              "uv": [
                149,
                141
              ]
            },
            {
              "origin": [
                -26,
                27,
                -2
              ],
              "size": [
                5,
                2,
                5
              ],
              "pivot": [
                -19,
                17,
                7
              ],
              "rotation": [
                0,
                180,
                0
              ],
              "uv": [
                146,
                32
              ]
            },
            {
              "origin": [
                -25,
                12,
                -1
              ],
              "size": [
                3,
                2,
                3
              ],
              "pivot": [
                -19,
                13,
                7
              ],
              "rotation": [
                0,
                180,
                0
              ],
              "uv": [
                36,
                39
              ]
            },
            {
              "origin": [
                -25,
                17,
                -1
              ],
              "size": [
                3,
                23,
                3
              ],
              "pivot": [
                -19,
                39,
                7
              ],
              "rotation": [
                0,
                180,
                0
              ],
              "uv": [
                42,
                128
              ]
            }
          ]
        },
        {
          "name": "Body2",
          "parent": "All",
          "pivot": [
            0,
            12,
            3
          ],
          "cubes": [
            {
              "origin": [
                -7,
                0,
                -5
              ],
              "size": [
                13,
                4,
                10
              ],
              "uv": [
                0,
                34
              ]
            }
          ]
        },
        {
          "name": "Body",
          "parent": "Body2",
          "pivot": [
            0,
            17,
            0
          ],
          "cubes": [
            {
              "origin": [
                -11,
                17,
                10
              ],
              "size": [
                21,
                26,
                6
              ],
              "uv": [
                0,
                69
              ]
            },
            {
              "origin": [
                -12,
                43,
                10
              ],
              "size": [
                23,
                1,
                7
              ],
              "uv": [
                0,
                26
              ]
            }
          ]
        },
        {
          "name": "bone4",
          "parent": "Body",
          "pivot": [
            0,
            44,
            14
          ],
          "cubes": [
            {
              "origin": [
                -1,
                41,
                13
              ],
              "size": [
                1,
                3,
                1
              ],
              "uv": [
                0,
                26
              ]
            },
            {
              "origin": [
                -2,
                44,
                12
              ],
              "size": [
                3,
                1,
                3
              ],
              "uv": [
                86,
                49
              ]
            }
          ]
        },
        {
          "name": "bone7",
          "parent": "Body2",
          "pivot": [
            -1,
            27,
            14
          ],
          "rotation": [
            -7.5,
            0,
            0
          ]
        },
        {
          "name": "Tutup2",
          "parent": "Body2",
          "pivot": [
            -4,
            19,
            9
          ],
          "rotation": [
            90,
            0,
            0
          ],
          "cubes": [
            {
              "origin": [
                -10,
                22.76493,
                5.22705
              ],
              "size": [
                3,
                14,
                5
              ],
              "uv": [
                135,
                56
              ]
            },
            {
              "origin": [
                -10,
                20.76493,
                5.22705
              ],
              "size": [
                19,
                2,
                5
              ],
              "uv": [
                97,
                95
              ]
            },
            {
              "origin": [
                6,
                22.76493,
                5.22705
              ],
              "size": [
                3,
                14,
                5
              ],
              "uv": [
                70,
                134
              ]
            },
            {
              "origin": [
                5.15476,
                36.95231,
                5.22705
              ],
              "size": [
                3,
                7,
                5
              ],
              "pivot": [
                9,
                39,
                10
              ],
              "rotation": [
                0,
                0,
                -25
              ],
              "uv": [
                151,
                53
              ]
            },
            {
              "origin": [
                1.89151,
                33.75436,
                -5.53407
              ],
              "size": [
                3,
                7,
                11
              ],
              "pivot": [
                4,
                41,
                0
              ],
              "rotation": [
                0,
                15,
                -30
              ],
              "uv": [
                24,
                101
              ]
            },
            {
              "origin": [
                1.3706,
                44.21399,
                5.22705
              ],
              "size": [
                3,
                8,
                5
              ],
              "pivot": [
                6,
                45,
                10
              ],
              "rotation": [
                0,
                0,
                -65
              ],
              "uv": [
                135,
                146
              ]
            },
            {
              "origin": [
                1.3706,
                44.21399,
                5.22705
              ],
              "size": [
                3,
                8,
                5
              ],
              "pivot": [
                6,
                45,
                10
              ],
              "rotation": [
                0,
                0,
                -65
              ],
              "uv": [
                24,
                146
              ]
            },
            {
              "origin": [
                -0.93893,
                39.58876,
                -3.77295
              ],
              "size": [
                3,
                8,
                9
              ],
              "pivot": [
                2,
                44,
                5
              ],
              "rotation": [
                2.5,
                15,
                -65
              ],
              "uv": [
                94,
                113
              ]
            },
            {
              "origin": [
                -0.93893,
                37.58876,
                -9.77295
              ],
              "size": [
                3,
                8,
                7
              ],
              "pivot": [
                2,
                42,
                -5
              ],
              "rotation": [
                0,
                -5,
                -65
              ],
              "uv": [
                18,
                131
              ]
            },
            {
              "origin": [
                -9.23463,
                36.91717,
                5.22705
              ],
              "size": [
                3,
                7,
                5
              ],
              "pivot": [
                -10,
                39,
                10
              ],
              "rotation": [
                0,
                0,
                22.5
              ],
              "uv": [
                150,
                0
              ]
            },
            {
              "origin": [
                -6.72715,
                34.15647,
                -4.64473
              ],
              "size": [
                3,
                6,
                10
              ],
              "pivot": [
                -6,
                40,
                -5
              ],
              "rotation": [
                0,
                -10,
                17.5
              ],
              "uv": [
                109,
                39
              ]
            },
            {
              "origin": [
                -5.83723,
                43.92645,
                5.22705
              ],
              "size": [
                3,
                7,
                5
              ],
              "pivot": [
                -7,
                45,
                10
              ],
              "rotation": [
                0,
                0,
                62.5
              ],
              "uv": [
                81,
                148
              ]
            },
            {
              "origin": [
                -4.22248,
                40.26542,
                -3.77295
              ],
              "size": [
                3,
                7,
                9
              ],
              "pivot": [
                -4,
                44,
                5
              ],
              "rotation": [
                5,
                -12.5,
                62.5
              ],
              "uv": [
                121,
                76
              ]
            },
            {
              "origin": [
                -4.22248,
                38.26542,
                -9.77295
              ],
              "size": [
                3,
                7,
                7
              ],
              "pivot": [
                -4,
                42,
                -5
              ],
              "rotation": [
                0,
                5,
                62.5
              ],
              "uv": [
                138,
                95
              ]
            },
            {
              "origin": [
                -7,
                19.76493,
                6.22705
              ],
              "size": [
                13,
                24,
                2
              ],
              "uv": [
                89,
                23
              ]
            },
            {
              "origin": [
                -11,
                17.76493,
                -9.77295
              ],
              "size": [
                21,
                5,
                21
              ],
              "uv": [
                0,
                0
              ]
            },
            {
              "origin": [
                7,
                22.76493,
                -4.77295
              ],
              "size": [
                2,
                13,
                10
              ],
              "pivot": [
                9,
                30,
                5
              ],
              "rotation": [
                0,
                15,
                0
              ],
              "uv": [
                70,
                100
              ]
            },
            {
              "origin": [
                -10,
                22.76493,
                -4.77295
              ],
              "size": [
                2,
                12,
                10
              ],
              "pivot": [
                -10,
                30,
                5
              ],
              "rotation": [
                0,
                -10,
                0
              ],
              "uv": [
                0,
                101
              ]
            },
            {
              "origin": [
                9,
                22.76493,
                5.22705
              ],
              "size": [
                1,
                13,
                5
              ],
              "uv": [
                12,
                146
              ]
            },
            {
              "origin": [
                -11,
                22.76493,
                5.22705
              ],
              "size": [
                1,
                13,
                5
              ],
              "uv": [
                0,
                145
              ]
            }
          ]
        },
        {
          "name": "Tembak2",
          "parent": "Tutup2",
          "pivot": [
            -12,
            26,
            8
          ],
          "cubes": [
            {
              "origin": [
                -14,
                18.76493,
                6
              ],
              "size": [
                3,
                13,
                4
              ],
              "uv": [
                54,
                143
              ]
            },
            {
              "origin": [
                -14,
                39.19158,
                8.97433
              ],
              "size": [
                4,
                7,
                1
              ],
              "pivot": [
                -12,
                43,
                10
              ],
              "rotation": [
                -7.5,
                0,
                0
              ],
              "uv": [
                0,
                101
              ]
            },
            {
              "origin": [
                -14,
                39.14862,
                6
              ],
              "size": [
                4,
                7,
                1
              ],
              "pivot": [
                -12,
                43,
                10
              ],
              "rotation": [
                5,
                0,
                0
              ],
              "uv": [
                84,
                100
              ]
            },
            {
              "origin": [
                -13,
                31.76493,
                7
              ],
              "size": [
                2,
                16,
                2
              ],
              "uv": [
                68,
                153
              ]
            }
          ]
        },
        {
          "name": "Laser3",
          "parent": "Tembak2",
          "pivot": [
            -12,
            48,
            8
          ],
          "cubes": [
            {
              "origin": [
                -13,
                48,
                8
              ],
              "size": [
                2,
                43,
                0
              ],
              "uv": [
                62,
                100
              ]
            },
            {
              "origin": [
                -13,
                48,
                8
              ],
              "size": [
                2,
                43,
                0
              ],
              "pivot": [
                -12,
                48,
                8
              ],
              "rotation": [
                0,
                -90,
                0
              ],
              "uv": [
                62,
                100
              ]
            }
          ]
        },
        {
          "name": "Tembak3",
          "parent": "Tutup2",
          "pivot": [
            11,
            26,
            8
          ],
          "cubes": [
            {
              "origin": [
                10,
                18.76493,
                6
              ],
              "size": [
                3,
                13,
                4
              ],
              "uv": [
                140,
                129
              ]
            },
            {
              "origin": [
                9,
                39.19158,
                8.97433
              ],
              "size": [
                4,
                7,
                1
              ],
              "pivot": [
                11,
                43,
                10
              ],
              "rotation": [
                -7.5,
                0,
                0
              ],
              "uv": [
                70,
                100
              ]
            },
            {
              "origin": [
                9,
                39.14862,
                6
              ],
              "size": [
                4,
                7,
                1
              ],
              "pivot": [
                11,
                43,
                10
              ],
              "rotation": [
                5,
                0,
                0
              ],
              "uv": [
                0,
                34
              ]
            },
            {
              "origin": [
                10,
                31.76493,
                7
              ],
              "size": [
                2,
                16,
                2
              ],
              "uv": [
                151,
                148
              ]
            }
          ]
        },
        {
          "name": "Laser2",
          "parent": "Tembak3",
          "pivot": [
            11,
            48,
            8
          ],
          "cubes": [
            {
              "origin": [
                10,
                48,
                8
              ],
              "size": [
                2,
                43,
                0
              ],
              "uv": [
                62,
                101
              ]
            },
            {
              "origin": [
                10,
                48,
                8
              ],
              "size": [
                2,
                43,
                0
              ],
              "pivot": [
                11,
                48,
                8
              ],
              "rotation": [
                0,
                -90,
                0
              ],
              "uv": [
                62,
                100
              ]
            }
          ]
        },
        {
          "name": "Tutup3",
          "parent": "Body2",
          "pivot": [
            -4,
            4,
            9
          ],
          "rotation": [
            90,
            0,
            0
          ],
          "cubes": [
            {
              "origin": [
                -10,
                5.76493,
                5.22705
              ],
              "size": [
                2,
                18,
                5
              ],
              "uv": [
                93,
                130
              ]
            },
            {
              "origin": [
                -8,
                5.76493,
                5.22705
              ],
              "size": [
                14,
                18,
                5
              ],
              "uv": [
                84,
                0
              ]
            },
            {
              "origin": [
                -10,
                5.76493,
                5.22705
              ],
              "size": [
                18,
                0,
                5
              ],
              "uv": [
                0,
                48
              ]
            },
            {
              "origin": [
                -10,
                5.76493,
                5.22705
              ],
              "size": [
                19,
                26,
                5
              ],
              "uv": [
                54,
                69
              ]
            },
            {
              "origin": [
                -6,
                31.76493,
                16.22705
              ],
              "size": [
                11,
                1,
                7
              ],
              "pivot": [
                -1,
                32,
                17
              ],
              "rotation": [
                -5,
                0,
                0
              ],
              "uv": [
                99,
                62
              ]
            },
            {
              "origin": [
                -6,
                31.76493,
                11.22705
              ],
              "size": [
                11,
                1,
                5
              ],
              "pivot": [
                -1,
                33,
                16
              ],
              "rotation": [
                15,
                0,
                0
              ],
              "uv": [
                106,
                55
              ]
            },
            {
              "origin": [
                9,
                7.76493,
                5.22705
              ],
              "size": [
                1,
                14,
                3
              ],
              "uv": [
                40,
                154
              ]
            },
            {
              "origin": [
                10.99619,
                7.76493,
                14.13989
              ],
              "size": [
                1,
                14,
                7
              ],
              "pivot": [
                11,
                14,
                14
              ],
              "rotation": [
                0,
                -5,
                0
              ],
              "uv": [
                63,
                0
              ]
            },
            {
              "origin": [
                5.65138,
                23.76493,
                14.24227
              ],
              "size": [
                1,
                14,
                1
              ],
              "pivot": [
                12,
                28,
                18
              ],
              "rotation": [
                3.69066,
                -3.37562,
                -47.60879
              ],
              "uv": [
                16,
                5
              ]
            },
            {
              "origin": [
                4.34345,
                20.82704,
                16.89365
              ],
              "size": [
                1,
                14,
                1
              ],
              "pivot": [
                8,
                28,
                18
              ],
              "rotation": [
                -6.30934,
                -3.37562,
                -47.60879
              ],
              "uv": [
                16,
                5
              ]
            },
            {
              "origin": [
                -12.91248,
                7.76493,
                12.22247
              ],
              "size": [
                1,
                14,
                7
              ],
              "pivot": [
                11,
                14,
                14
              ],
              "rotation": [
                0,
                5,
                0
              ],
              "uv": [
                0,
                0
              ]
            },
            {
              "origin": [
                -9.65518,
                21.76493,
                14.32943
              ],
              "size": [
                1,
                14,
                1
              ],
              "pivot": [
                -13,
                24,
                18
              ],
              "rotation": [
                2.87277,
                4.09405,
                35.1027
              ],
              "uv": [
                79,
                0
              ]
            },
            {
              "origin": [
                -9.65518,
                21.76493,
                16.32943
              ],
              "size": [
                1,
                14,
                1
              ],
              "pivot": [
                -13,
                24,
                18
              ],
              "rotation": [
                -12.12723,
                4.09405,
                35.1027
              ],
              "uv": [
                6,
                6
              ]
            },
            {
              "origin": [
                10.99619,
                7.76493,
                9.31421
              ],
              "size": [
                1,
                14,
                5
              ],
              "pivot": [
                11,
                14,
                14
              ],
              "rotation": [
                0,
                5,
                0
              ],
              "uv": [
                119,
                144
              ]
            },
            {
              "origin": [
                -12.91248,
                7.76493,
                11.23163
              ],
              "size": [
                1,
                14,
                5
              ],
              "pivot": [
                11,
                14,
                14
              ],
              "rotation": [
                0,
                -5,
                0
              ],
              "uv": [
                107,
                144
              ]
            },
            {
              "origin": [
                9,
                7.76493,
                8.22705
              ],
              "size": [
                1,
                14,
                8
              ],
              "pivot": [
                10,
                18,
                8
              ],
              "rotation": [
                0,
                -17.5,
                0
              ],
              "uv": [
                0,
                123
              ]
            },
            {
              "origin": [
                -11,
                7.76493,
                5.22705
              ],
              "size": [
                1,
                14,
                3
              ],
              "uv": [
                97,
                153
              ]
            },
            {
              "origin": [
                -11,
                7.76493,
                8.22705
              ],
              "size": [
                1,
                14,
                8
              ],
              "pivot": [
                -11,
                15,
                8
              ],
              "rotation": [
                0,
                20,
                0
              ],
              "uv": [
                110,
                122
              ]
            }
          ]
        },
        {
          "name": "Head",
          "parent": "All",
          "pivot": [
            0,
            23,
            -4
          ],
          "cubes": [
            {
              "origin": [
                -5,
                24,
                -9
              ],
              "size": [
                9,
                13,
                11
              ],
              "uv": [
                49,
                26
              ]
            },
            {
              "origin": [
                -1,
                27,
                -9
              ],
              "size": [
                1,
                6,
                1
              ],
              "pivot": [
                0,
                29,
                -9
              ],
              "rotation": [
                -20,
                0,
                0
              ],
              "uv": [
                0,
                0
              ]
            },
            {
              "origin": [
                4,
                27,
                -8
              ],
              "size": [
                1,
                9,
                10
              ],
              "uv": [
                119,
                13
              ]
            },
            {
              "origin": [
                -6,
                27,
                -8
              ],
              "size": [
                1,
                9,
                10
              ],
              "uv": [
                116,
                103
              ]
            },
            {
              "origin": [
                -4,
                23,
                -8
              ],
              "size": [
                7,
                2,
                9
              ],
              "uv": [
                94,
                102
              ]
            }
          ]
        },
        {
          "name": "Laser",
          "parent": "Head",
          "pivot": [
            0,
            30,
            -9
          ],
          "cubes": [
            {
              "origin": [
                2,
                28,
                -62
              ],
              "size": [
                0,
                4,
                53
              ],
              "pivot": [
                2,
                30,
                -9
              ],
              "rotation": [
                0,
                0,
                90
              ],
              "uv": [
                0,
                0
              ]
            },
            {
              "origin": [
                2,
                28,
                -62
              ],
              "size": [
                0,
                4,
                53
              ],
              "uv": [
                0,
                0
              ]
            },
            {
              "origin": [
                -3,
                28,
                -62
              ],
              "size": [
                0,
                4,
                53
              ],
              "pivot": [
                -3,
                30,
                -9
              ],
              "rotation": [
                0,
                0,
                90
              ],
              "uv": [
                0,
                0
              ]
            },
            {
              "origin": [
                -3,
                28,
                -62
              ],
              "size": [
                0,
                4,
                53
              ],
              "pivot": [
                -3,
                30,
                -9
              ],
              "rotation": [
                0,
                0,
                -180
              ],
              "uv": [
                0,
                0
              ]
            }
          ]
        },
        {
          "name": "Eppect",
          "parent": "Laser",
          "pivot": [
            -3,
            30,
            -62
          ],
          "cubes": [
            {
              "origin": [
                -23,
                32,
                -16
              ],
              "size": [
                14,
                5,
                0
              ],
              "pivot": [
                -3,
                34,
                -14
              ],
              "rotation": [
                0,
                -90,
                90
              ],
              "uv": [
                140,
                124
              ]
            },
            {
              "origin": [
                -34,
                36,
                -11
              ],
              "size": [
                14,
                5,
                0
              ],
              "pivot": [
                -3,
                34,
                -14
              ],
              "rotation": [
                0,
                -90,
                -180
              ],
              "uv": [
                138,
                119
              ]
            },
            {
              "origin": [
                -42,
                31,
                -8
              ],
              "size": [
                14,
                5,
                0
              ],
              "pivot": [
                -3,
                34,
                -14
              ],
              "rotation": [
                0,
                -90,
                -90
              ],
              "uv": [
                138,
                114
              ]
            },
            {
              "origin": [
                -12,
                27,
                -12
              ],
              "size": [
                14,
                5,
                0
              ],
              "pivot": [
                -3,
                34,
                -14
              ],
              "rotation": [
                0,
                -87.5,
                0
              ],
              "uv": [
                138,
                109
              ]
            },
            {
              "origin": [
                -51,
                27,
                -13
              ],
              "size": [
                14,
                5,
                0
              ],
              "pivot": [
                -3,
                34,
                -14
              ],
              "rotation": [
                0,
                -87.5,
                0
              ],
              "uv": [
                136,
                80
              ]
            }
          ]
        },
        {
          "name": "Eppect2",
          "parent": "Laser",
          "pivot": [
            2,
            30,
            -62
          ],
          "rotation": [
            0,
            0,
            -180
          ],
          "cubes": [
            {
              "origin": [
                -18,
                32,
                -16
              ],
              "size": [
                14,
                5,
                0
              ],
              "pivot": [
                2,
                34,
                -14
              ],
              "rotation": [
                0,
                -90,
                90
              ],
              "uv": [
                136,
                75
              ]
            },
            {
              "origin": [
                -29,
                36,
                -11
              ],
              "size": [
                14,
                5,
                0
              ],
              "pivot": [
                2,
                34,
                -14
              ],
              "rotation": [
                0,
                -90,
                -180
              ],
              "uv": [
                135,
                48
              ]
            },
            {
              "origin": [
                -37,
                31,
                -8
              ],
              "size": [
                14,
                5,
                0
              ],
              "pivot": [
                2,
                34,
                -14
              ],
              "rotation": [
                0,
                -90,
                -90
              ],
              "uv": [
                131,
                17
              ]
            },
            {
              "origin": [
                -7,
                27,
                -12
              ],
              "size": [
                14,
                5,
                0
              ],
              "pivot": [
                2,
                34,
                -14
              ],
              "rotation": [
                0,
                -87.5,
                0
              ],
              "uv": [
                131,
                12
              ]
            },
            {
              "origin": [
                -46,
                27,
                -13
              ],
              "size": [
                14,
                5,
                0
              ],
              "pivot": [
                2,
                34,
                -14
              ],
              "rotation": [
                0,
                -87.5,
                0
              ],
              "uv": [
                125,
                43
              ]
            }
          ]
        },
        {
          "name": "bone",
          "parent": "Head",
          "pivot": [
            0,
            26,
            -9
          ]
        },
        {
          "name": "Bibir",
          "parent": "bone",
          "pivot": [
            0,
            26,
            -12
          ],
          "cubes": [
            {
              "origin": [
                -3,
                26,
                -9.1
              ],
              "size": [
                5,
                1,
                0
              ],
              "uv": [
                49,
                50
              ]
            }
          ]
        },
        {
          "name": "Bibir2",
          "parent": "bone",
          "pivot": [
            0,
            24,
            -8
          ],
          "cubes": [
            {
              "origin": [
                -3,
                24,
                -9.1
              ],
              "size": [
                5,
                2,
                0
              ],
              "uv": [
                0,
                42
              ]
            }
          ]
        },
        {
          "name": "bone2",
          "parent": "bone",
          "pivot": [
            0,
            27,
            -9
          ],
          "cubes": [
            {
              "origin": [
                -4,
                26,
                -9.1
              ],
              "size": [
                1,
                1,
                0
              ],
              "uv": [
                4,
                6
              ]
            },
            {
              "origin": [
                -5,
                27,
                -9.1
              ],
              "size": [
                1,
                1,
                0
              ],
              "uv": [
                4,
                5
              ]
            },
            {
              "origin": [
                3,
                27,
                -9.1
              ],
              "size": [
                1,
                1,
                0
              ],
              "uv": [
                5,
                0
              ]
            },
            {
              "origin": [
                2,
                26,
                -9.1
              ],
              "size": [
                1,
                1,
                0
              ],
              "uv": [
                4,
                4
              ]
            }
          ]
        },
        {
          "name": "bone3",
          "parent": "bone",
          "pivot": [
            -1,
            26,
            -9
          ],
          "cubes": [
            {
              "origin": [
                -5,
                26,
                -9.1
              ],
              "size": [
                1,
                1,
                0
              ],
              "uv": [
                4,
                3
              ]
            },
            {
              "origin": [
                3,
                26,
                -9.1
              ],
              "size": [
                1,
                1,
                0
              ],
              "uv": [
                4,
                2
              ]
            },
            {
              "origin": [
                -4,
                25,
                -9.1
              ],
              "size": [
                1,
                1,
                0
              ],
              "uv": [
                4,
                1
              ]
            },
            {
              "origin": [
                2,
                25,
                -9.1
              ],
              "size": [
                1,
                1,
                0
              ],
              "uv": [
                3,
                0
              ]
            }
          ]
        },
        {
          "name": "Alis",
          "parent": "Head",
          "pivot": [
            0,
            31,
            -10
          ]
        },
        {
          "name": "bone6",
          "parent": "Alis",
          "pivot": [
            -1,
            31,
            -9
          ],
          "cubes": [
            {
              "origin": [
                -4,
                30,
                -9.2
              ],
              "size": [
                3,
                1,
                0
              ],
              "pivot": [
                -1,
                31,
                -9
              ],
              "rotation": [
                0,
                0,
                5
              ],
              "uv": [
                9,
                6
              ]
            }
          ]
        },
        {
          "name": "bone5",
          "parent": "Alis",
          "pivot": [
            0,
            31,
            -10
          ],
          "cubes": [
            {
              "origin": [
                -0.04362,
                30.00095,
                -9.2
              ],
              "size": [
                3,
                1,
                0
              ],
              "pivot": [
                0,
                31,
                -10
              ],
              "rotation": [
                0,
                0,
                -5
              ],
              "uv": [
                9,
                5
              ]
            }
          ]
        },
        {
          "name": "Mata",
          "parent": "Head",
          "pivot": [
            -1,
            29,
            -9
          ],
          "cubes": [
            {
              "origin": [
                -5,
                29,
                -9.1
              ],
              "size": [
                4,
                3,
                0
              ],
              "uv": [
                41,
                48
              ]
            },
            {
              "origin": [
                -0.04362,
                29.00095,
                -9.1
              ],
              "size": [
                4,
                3,
                0
              ],
              "uv": [
                46,
                34
              ]
            }
          ]
        },
        {
          "name": "Leher",
          "parent": "Head",
          "pivot": [
            0,
            13,
            -4
          ],
          "cubes": [
            {
              "origin": [
                -4,
                17,
                -7
              ],
              "size": [
                7,
                8,
                7
              ],
              "uv": [
                102,
                70
              ]
            }
          ]
        }
      ]
    }
  ]
}