{
  "format_version": "1.12.0",
  "minecraft:geometry": [
    {
      "description": {
        "identifier": "geometry.pa_mutan",
        "texture_width": 512,
        "texture_height": 512,
        "visible_bounds_width": 8,
        "visible_bounds_height": 16,
        "visible_bounds_offset": [
          0,
          6,
          0
        ]
      },
      "bones": [
        {
          "name": "Paha",
          "pivot": [
            0,
            75,
            -7
          ],
          "mirror": true,
          "cubes": [
            {
              "origin": [
                -15,
                75,
                -7
              ],
              "size": [
                30,
                16,
                14
              ],
              "uv": [
                82,
                146
              ],
              "mirror": false
            }
          ]
        },
        {
          "name": "RightLeg",
          "parent": "Paha",
          "pivot": [
            -8,
            76,
            0
          ],
          "mirror": true,
          "cubes": [
            {
              "origin": [
                -14,
                35,
                -6
              ],
              "size": [
                13,
                40,
                12
              ],
              "uv": [
                0,
                0
              ],
              "mirror": false
            }
          ]
        },
        {
          "name": "bone12",
          "parent": "RightLeg",
          "pivot": [
            -8,
            35,
            -5
          ],
          "mirror": true,
          "cubes": [
            {
              "origin": [
                -13,
                7,
                -5
              ],
              "size": [
                11,
                29,
                10
              ],
              "uv": [
                114,
                184
              ],
              "mirror": false
            },
            {
              "origin": [
                -13,
                0,
                -9
              ],
              "size": [
                11,
                7,
                14
              ],
              "uv": [
                186,
                40
              ],
              "mirror": false
            }
          ]
        },
        {
          "name": "LeftLeg",
          "parent": "Paha",
          "pivot": [
            9,
            76,
            0
          ],
          "mirror": true,
          "cubes": [
            {
              "origin": [
                1,
                35,
                -6
              ],
              "size": [
                13,
                40,
                12
              ],
              "uv": [
                0,
                0
              ],
              "mirror": false
            }
          ]
        },
        {
          "name": "bone4",
          "parent": "LeftLeg",
          "pivot": [
            7,
            35,
            -5
          ],
          "mirror": true,
          "cubes": [
            {
              "origin": [
                2,
                7,
                -5
              ],
              "size": [
                11,
                29,
                10
              ],
              "uv": [
                114,
                184
              ],
              "mirror": false
            },
            {
              "origin": [
                2,
                0,
                -9
              ],
              "size": [
                11,
                7,
                14
              ],
              "uv": [
                186,
                40
              ],
              "mirror": false
            }
          ]
        },
        {
          "name": "bone3",
          "parent": "Paha",
          "pivot": [
            0,
            91,
            1
          ],
          "mirror": true,
          "cubes": [
            {
              "origin": [
                -16,
                91,
                -8
              ],
              "size": [
                32,
                21,
                16
              ],
              "uv": [
                0,
                117
              ],
              "mirror": false
            }
          ]
        },
        {
          "name": "Body",
          "parent": "bone3",
          "pivot": [
            0,
            113,
            0
          ],
          "mirror": true,
          "cubes": [
            {
              "origin": [
                -26,
                112,
                -10
              ],
              "size": [
                53,
                19,
                21
              ],
              "uv": [
                133,
                0
              ],
              "mirror": false
            }
          ]
        },
        {
          "name": "Dasi",
          "parent": "Body",
          "pivot": [
            0,
            127,
            -11
          ],
          "mirror": true,
          "cubes": [
            {
              "origin": [
                -2,
                115,
                -11
              ],
              "size": [
                4,
                12,
                1
              ],
              "uv": [
                80,
                117
              ],
              "mirror": false
            }
          ]
        },
        {
          "name": "bone11",
          "parent": "Dasi",
          "pivot": [
            0,
            115,
            -11
          ],
          "mirror": true,
          "cubes": [
            {
              "origin": [
                -2,
                101,
                -11
              ],
              "size": [
                4,
                14,
                1
              ],
              "uv": [
                0,
                64
              ],
              "mirror": false
            }
          ]
        },
        {
          "name": "bone10",
          "parent": "bone11",
          "pivot": [
            0,
            101,
            -11
          ],
          "mirror": true,
          "cubes": [
            {
              "origin": [
                -2,
                89,
                -11
              ],
              "size": [
                4,
                12,
                1
              ],
              "uv": [
                0,
                117
              ],
              "mirror": false
            },
            {
              "origin": [
                -1,
                87,
                -11
              ],
              "size": [
                2,
                2,
                1
              ],
              "uv": [
                47,
                0
              ],
              "mirror": false
            }
          ]
        },
        {
          "name": "Tangan",
          "parent": "Body",
          "pivot": [
            -26,
            128,
            2
          ],
          "mirror": true,
          "cubes": [
            {
              "origin": [
                -37,
                101,
                -5
              ],
              "size": [
                16,
                27,
                15
              ],
              "uv": [
                0,
                154
              ],
              "mirror": false
            },
            {
              "origin": [
                -36,
                79,
                -4
              ],
              "size": [
                13,
                22,
                13
              ],
              "uv": [
                62,
                176
              ],
              "mirror": false
            }
          ]
        },
        {
          "name": "bone9",
          "parent": "Tangan",
          "pivot": [
            -29,
            79,
            8
          ],
          "mirror": true,
          "cubes": [
            {
              "origin": [
                -35,
                59,
                -3
              ],
              "size": [
                11,
                20,
                11
              ],
              "uv": [
                158,
                86
              ],
              "mirror": false
            },
            {
              "origin": [
                -34,
                47,
                -3
              ],
              "size": [
                10,
                12,
                11
              ],
              "uv": [
                198,
                194
              ],
              "mirror": false
            }
          ]
        },
        {
          "name": "Tenalap2",
          "parent": "bone9",
          "pivot": [
            -31,
            45,
            0
          ],
          "mirror": true,
          "cubes": [
            {
              "origin": [
                -33,
                42,
                -1
              ],
              "size": [
                6,
                5,
                9
              ],
              "uv": [
                108,
                84
              ],
              "mirror": false
            },
            {
              "origin": [
                -33,
                42,
                -3
              ],
              "size": [
                8,
                5,
                4
              ],
              "uv": [
                133,
                40
              ],
              "mirror": false
            }
          ]
        },
        {
          "name": "Jari6",
          "parent": "Tenalap2",
          "pivot": [
            -33,
            42,
            -2
          ],
          "rotation": [
            0,
            0,
            25
          ],
          "mirror": true,
          "cubes": [
            {
              "origin": [
                -33,
                35,
                -3
              ],
              "size": [
                2,
                7,
                2
              ],
              "uv": [
                108,
                84
              ],
              "mirror": false
            }
          ]
        },
        {
          "name": "Jar6",
          "parent": "Jari6",
          "pivot": [
            -33,
            38,
            -2
          ],
          "mirror": true,
          "cubes": [
            {
              "origin": [
                -33,
                29,
                -3
              ],
              "size": [
                2,
                6,
                2
              ],
              "uv": [
                129,
                84
              ],
              "mirror": false
            }
          ]
        },
        {
          "name": "Jar2",
          "parent": "Jar6",
          "pivot": [
            -33,
            35,
            -2
          ],
          "mirror": true,
          "cubes": [
            {
              "origin": [
                -33,
                23,
                -3
              ],
              "size": [
                2,
                6,
                2
              ],
              "uv": [
                129,
                84
              ],
              "mirror": false
            }
          ]
        },
        {
          "name": "Jari7",
          "parent": "Tenalap2",
          "pivot": [
            -29,
            42,
            -2
          ],
          "rotation": [
            -23.97594,
            -7.30111,
            -15.9477
          ],
          "mirror": true,
          "cubes": [
            {
              "origin": [
                -28,
                35,
                -3
              ],
              "size": [
                3,
                7,
                3
              ],
              "uv": [
                38,
                0
              ],
              "mirror": false
            }
          ]
        },
        {
          "name": "Jar7",
          "parent": "Jari7",
          "pivot": [
            -29,
            39,
            -2
          ],
          "mirror": true,
          "cubes": [
            {
              "origin": [
                -28,
                28,
                -3
              ],
              "size": [
                3,
                7,
                3
              ],
              "uv": [
                0,
                0
              ],
              "mirror": false
            }
          ]
        },
        {
          "name": "Jar11",
          "parent": "Jar7",
          "pivot": [
            -29,
            36,
            -2
          ],
          "mirror": true,
          "cubes": [
            {
              "origin": [
                -28,
                21,
                -3
              ],
              "size": [
                3,
                7,
                3
              ],
              "uv": [
                0,
                0
              ],
              "mirror": false
            }
          ]
        },
        {
          "name": "Jari8",
          "parent": "Tenalap2",
          "pivot": [
            -33,
            42,
            1
          ],
          "rotation": [
            0,
            0,
            17.5
          ],
          "mirror": true,
          "cubes": [
            {
              "origin": [
                -33,
                35,
                0
              ],
              "size": [
                2,
                7,
                2
              ],
              "uv": [
                108,
                84
              ],
              "mirror": false
            }
          ]
        },
        {
          "name": "Jar8",
          "parent": "Jari8",
          "pivot": [
            -33,
            38,
            1
          ],
          "mirror": true,
          "cubes": [
            {
              "origin": [
                -33,
                28,
                0
              ],
              "size": [
                2,
                7,
                2
              ],
              "uv": [
                108,
                84
              ],
              "mirror": false
            }
          ]
        },
        {
          "name": "Jar3",
          "parent": "Jar8",
          "pivot": [
            -33,
            34,
            1
          ],
          "mirror": true,
          "cubes": [
            {
              "origin": [
                -33,
                21,
                0
              ],
              "size": [
                2,
                7,
                2
              ],
              "uv": [
                108,
                84
              ],
              "mirror": false
            }
          ]
        },
        {
          "name": "Jari9",
          "parent": "Tenalap2",
          "pivot": [
            -33,
            42,
            6
          ],
          "rotation": [
            0,
            0,
            20
          ],
          "mirror": true,
          "cubes": [
            {
              "origin": [
                -33,
                35,
                6
              ],
              "size": [
                2,
                7,
                2
              ],
              "uv": [
                32,
                89
              ],
              "mirror": false
            }
          ]
        },
        {
          "name": "Jar5",
          "parent": "Jari9",
          "pivot": [
            -33,
            39,
            6
          ],
          "mirror": true,
          "cubes": [
            {
              "origin": [
                -33,
                28,
                6
              ],
              "size": [
                2,
                7,
                2
              ],
              "uv": [
                32,
                89
              ],
              "mirror": false
            }
          ]
        },
        {
          "name": "Jar9",
          "parent": "Jar5",
          "pivot": [
            -33,
            36,
            6
          ],
          "mirror": true,
          "cubes": [
            {
              "origin": [
                -33,
                21,
                6
              ],
              "size": [
                2,
                7,
                2
              ],
              "uv": [
                32,
                89
              ],
              "mirror": false
            }
          ]
        },
        {
          "name": "Jari10",
          "parent": "Tenalap2",
          "pivot": [
            -33,
            42,
            3
          ],
          "rotation": [
            0,
            0,
            17.5
          ],
          "mirror": true,
          "cubes": [
            {
              "origin": [
                -33,
                35,
                3
              ],
              "size": [
                2,
                7,
                2
              ],
              "uv": [
                32,
                89
              ],
              "mirror": false
            }
          ]
        },
        {
          "name": "Jar10",
          "parent": "Jari10",
          "pivot": [
            -33,
            39,
            3
          ],
          "mirror": true,
          "cubes": [
            {
              "origin": [
                -33,
                27,
                3
              ],
              "size": [
                2,
                8,
                2
              ],
              "uv": [
                32,
                79
              ],
              "mirror": false
            }
          ]
        },
        {
          "name": "Jar4",
          "parent": "Jar10",
          "pivot": [
            -33,
            35,
            3
          ],
          "mirror": true,
          "cubes": [
            {
              "origin": [
                -33,
                19,
                3
              ],
              "size": [
                2,
                8,
                2
              ],
              "uv": [
                32,
                79
              ],
              "mirror": false
            }
          ]
        },
        {
          "name": "Head",
          "parent": "Body",
          "pivot": [
            -1,
            135,
            1
          ],
          "cubes": [
            {
              "origin": [
                -7,
                135,
                -7
              ],
              "size": [
                13,
                18,
                15
              ],
              "uv": [
                155,
                161
              ]
            },
            {
              "origin": [
                -6,
                153,
                -6
              ],
              "size": [
                11,
                1,
                13
              ],
              "uv": [
                202,
                86
              ]
            },
            {
              "origin": [
                -8,
                139,
                -7
              ],
              "size": [
                1,
                13,
                15
              ],
              "uv": [
                0,
                64
              ]
            },
            {
              "origin": [
                6,
                139,
                -7
              ],
              "size": [
                1,
                13,
                15
              ],
              "uv": [
                0,
                64
              ]
            }
          ]
        },
        {
          "name": "bone6",
          "parent": "Head",
          "pivot": [
            0,
            55,
            2
          ],
          "rotation": [
            0,
            180,
            0
          ]
        },
        {
          "name": "Pipi",
          "parent": "bone6",
          "pivot": [
            8,
            139,
            11
          ],
          "cubes": [
            {
              "origin": [
                3,
                135,
                11.1
              ],
              "size": [
                4,
                7,
                0
              ],
              "uv": [
                21,
                92
              ]
            }
          ]
        },
        {
          "name": "Pipi2",
          "parent": "bone6",
          "pivot": [
            -7,
            139,
            11
          ],
          "cubes": [
            {
              "origin": [
                -6,
                135,
                11.1
              ],
              "size": [
                4,
                7,
                0
              ],
              "uv": [
                30,
                64
              ]
            }
          ]
        },
        {
          "name": "Gigi",
          "parent": "bone6",
          "pivot": [
            1,
            136,
            11
          ],
          "cubes": [
            {
              "origin": [
                -2,
                136,
                11.1
              ],
              "size": [
                5,
                2,
                0
              ],
              "uv": [
                0,
                10
              ]
            }
          ]
        },
        {
          "name": "Bibir",
          "parent": "bone6",
          "pivot": [
            0,
            136,
            12
          ],
          "cubes": [
            {
              "origin": [
                -2,
                135,
                11
              ],
              "size": [
                5,
                1,
                0
              ],
              "uv": [
                38,
                10
              ]
            }
          ]
        },
        {
          "name": "Alis",
          "parent": "bone6",
          "pivot": [
            1,
            145,
            11
          ]
        },
        {
          "name": "bone7",
          "parent": "Alis",
          "pivot": [
            -1,
            146,
            11
          ],
          "cubes": [
            {
              "origin": [
                -5,
                147,
                11.1
              ],
              "size": [
                3,
                1,
                0
              ],
              "uv": [
                38,
                11
              ]
            },
            {
              "origin": [
                -2,
                147,
                11.1
              ],
              "size": [
                3,
                1,
                0
              ],
              "pivot": [
                -2,
                148,
                11
              ],
              "rotation": [
                0,
                0,
                40
              ],
              "uv": [
                38,
                11
              ]
            }
          ]
        },
        {
          "name": "bone8",
          "parent": "Alis",
          "pivot": [
            2,
            146,
            11
          ],
          "cubes": [
            {
              "origin": [
                1,
                145,
                11.1
              ],
              "size": [
                3,
                1,
                0
              ],
              "pivot": [
                1,
                146,
                11
              ],
              "rotation": [
                0,
                0,
                -40
              ],
              "uv": [
                38,
                11
              ]
            },
            {
              "origin": [
                3,
                147,
                11.1
              ],
              "size": [
                3,
                1,
                0
              ],
              "uv": [
                38,
                11
              ]
            }
          ]
        },
        {
          "name": "Leher",
          "parent": "bone6",
          "pivot": [
            1,
            135,
            3
          ],
          "cubes": [
            {
              "origin": [
                -3,
                122,
                -1
              ],
              "size": [
                7,
                13,
                7
              ],
              "uv": [
                108,
                64
              ]
            }
          ]
        },
        {
          "name": "bone5",
          "parent": "Body",
          "pivot": [
            0,
            111,
            7
          ],
          "rotation": [
            0,
            180,
            0
          ],
          "cubes": [
            {
              "origin": [
                -20,
                121,
                -14
              ],
              "size": [
                40,
                11,
                53
              ],
              "uv": [
                0,
                0
              ]
            },
            {
              "origin": [
                -13,
                124,
                -27
              ],
              "size": [
                25,
                7,
                15
              ],
              "uv": [
                158,
                64
              ]
            },
            {
              "origin": [
                -2,
                131,
                -24
              ],
              "size": [
                3,
                42,
                3
              ],
              "uv": [
                50,
                196
              ]
            },
            {
              "origin": [
                -14,
                169,
                -24
              ],
              "size": [
                12,
                3,
                3
              ],
              "uv": [
                108,
                98
              ]
            },
            {
              "origin": [
                1,
                165,
                -23
              ],
              "size": [
                13,
                1,
                1
              ],
              "uv": [
                0,
                102
              ]
            },
            {
              "origin": [
                -17,
                167,
                -26
              ],
              "size": [
                3,
                8,
                7
              ],
              "uv": [
                17,
                64
              ]
            },
            {
              "origin": [
                -4,
                173,
                -26
              ],
              "size": [
                7,
                3,
                7
              ],
              "uv": [
                0,
                92
              ]
            },
            {
              "origin": [
                -17,
                109,
                -7
              ],
              "size": [
                34,
                13,
                40
              ],
              "uv": [
                0,
                64
              ]
            },
            {
              "origin": [
                -3,
                96,
                -25
              ],
              "size": [
                5,
                29,
                52
              ],
              "uv": [
                96,
                65
              ]
            }
          ]
        },
        {
          "name": "Tangan2",
          "parent": "Body",
          "pivot": [
            27,
            128,
            2
          ],
          "mirror": true,
          "cubes": [
            {
              "origin": [
                21,
                101,
                -5
              ],
              "size": [
                16,
                27,
                15
              ],
              "uv": [
                0,
                154
              ],
              "mirror": false
            },
            {
              "origin": [
                22,
                79,
                -4
              ],
              "size": [
                13,
                22,
                13
              ],
              "uv": [
                62,
                176
              ],
              "mirror": false
            }
          ]
        },
        {
          "name": "bone2",
          "parent": "Tangan2",
          "pivot": [
            29,
            79,
            8
          ],
          "mirror": true,
          "cubes": [
            {
              "origin": [
                23,
                59,
                -3
              ],
              "size": [
                11,
                20,
                11
              ],
              "uv": [
                158,
                86
              ],
              "mirror": false
            },
            {
              "origin": [
                23,
                47,
                -3
              ],
              "size": [
                10,
                12,
                11
              ],
              "uv": [
                196,
                146
              ],
              "mirror": false
            }
          ]
        },
        {
          "name": "Tenalap3",
          "parent": "bone2",
          "pivot": [
            26,
            45,
            0
          ],
          "mirror": true,
          "cubes": [
            {
              "origin": [
                26,
                42,
                -1
              ],
              "size": [
                6,
                5,
                9
              ],
              "uv": [
                108,
                84
              ],
              "mirror": false
            },
            {
              "origin": [
                24,
                42,
                -3
              ],
              "size": [
                8,
                5,
                4
              ],
              "uv": [
                133,
                40
              ],
              "mirror": false
            }
          ]
        },
        {
          "name": "Jari2",
          "parent": "Tenalap3",
          "pivot": [
            32,
            42,
            -2
          ],
          "rotation": [
            0,
            0,
            -17.5
          ],
          "mirror": true,
          "cubes": [
            {
              "origin": [
                30,
                35,
                -3
              ],
              "size": [
                2,
                7,
                2
              ],
              "uv": [
                108,
                84
              ],
              "mirror": false
            }
          ]
        },
        {
          "name": "Jar12",
          "parent": "Jari2",
          "pivot": [
            32,
            38,
            -2
          ],
          "mirror": true,
          "cubes": [
            {
              "origin": [
                30,
                29,
                -3
              ],
              "size": [
                2,
                6,
                2
              ],
              "uv": [
                129,
                84
              ],
              "mirror": false
            }
          ]
        },
        {
          "name": "Jar13",
          "parent": "Jar12",
          "pivot": [
            32,
            35,
            -2
          ],
          "mirror": true,
          "cubes": [
            {
              "origin": [
                30,
                23,
                -3
              ],
              "size": [
                2,
                6,
                2
              ],
              "uv": [
                129,
                84
              ],
              "mirror": false
            }
          ]
        },
        {
          "name": "Jari3",
          "parent": "Tenalap3",
          "pivot": [
            25,
            42,
            -3
          ],
          "rotation": [
            0,
            0,
            27.5
          ],
          "mirror": true,
          "cubes": [
            {
              "origin": [
                24,
                35,
                -3
              ],
              "size": [
                3,
                7,
                3
              ],
              "uv": [
                38,
                0
              ],
              "mirror": false
            }
          ]
        },
        {
          "name": "Jar14",
          "parent": "Jari3",
          "pivot": [
            25,
            39,
            -3
          ],
          "mirror": true,
          "cubes": [
            {
              "origin": [
                24,
                28,
                -3
              ],
              "size": [
                3,
                7,
                3
              ],
              "uv": [
                0,
                0
              ],
              "mirror": false
            }
          ]
        },
        {
          "name": "Jar15",
          "parent": "Jar14",
          "pivot": [
            26,
            36,
            -3
          ],
          "mirror": true,
          "cubes": [
            {
              "origin": [
                24,
                21,
                -3
              ],
              "size": [
                3,
                7,
                3
              ],
              "uv": [
                0,
                0
              ],
              "mirror": false
            }
          ]
        },
        {
          "name": "Jari4",
          "parent": "Tenalap3",
          "pivot": [
            32,
            42,
            1
          ],
          "rotation": [
            0,
            0,
            -27.5
          ],
          "mirror": true,
          "cubes": [
            {
              "origin": [
                30,
                35,
                0
              ],
              "size": [
                2,
                7,
                2
              ],
              "uv": [
                108,
                84
              ],
              "mirror": false
            }
          ]
        },
        {
          "name": "Jar16",
          "parent": "Jari4",
          "pivot": [
            32,
            38,
            1
          ],
          "mirror": true,
          "cubes": [
            {
              "origin": [
                30,
                28,
                0
              ],
              "size": [
                2,
                7,
                2
              ],
              "uv": [
                108,
                84
              ],
              "mirror": false
            }
          ]
        },
        {
          "name": "Jar17",
          "parent": "Jar16",
          "pivot": [
            32,
            34,
            1
          ],
          "mirror": true,
          "cubes": [
            {
              "origin": [
                30,
                21,
                0
              ],
              "size": [
                2,
                7,
                2
              ],
              "uv": [
                108,
                84
              ],
              "mirror": false
            }
          ]
        },
        {
          "name": "Jari5",
          "parent": "Tenalap3",
          "pivot": [
            32,
            42,
            8
          ],
          "rotation": [
            0,
            0,
            -17.5
          ],
          "mirror": true,
          "cubes": [
            {
              "origin": [
                30,
                35,
                6
              ],
              "size": [
                2,
                7,
                2
              ],
              "uv": [
                32,
                89
              ],
              "mirror": false
            }
          ]
        },
        {
          "name": "Jar18",
          "parent": "Jari5",
          "pivot": [
            32,
            39,
            7
          ],
          "mirror": true,
          "cubes": [
            {
              "origin": [
                30,
                28,
                6
              ],
              "size": [
                2,
                7,
                2
              ],
              "uv": [
                32,
                89
              ],
              "mirror": false
            }
          ]
        },
        {
          "name": "Jar19",
          "parent": "Jar18",
          "pivot": [
            32,
            36,
            7
          ],
          "mirror": true,
          "cubes": [
            {
              "origin": [
                30,
                21,
                6
              ],
              "size": [
                2,
                7,
                2
              ],
              "uv": [
                32,
                89
              ],
              "mirror": false
            }
          ]
        },
        {
          "name": "Jari11",
          "parent": "Tenalap3",
          "pivot": [
            32,
            42,
            5
          ],
          "rotation": [
            0,
            0,
            -32.5
          ],
          "mirror": true,
          "cubes": [
            {
              "origin": [
                30,
                35,
                3
              ],
              "size": [
                2,
                7,
                2
              ],
              "uv": [
                32,
                89
              ],
              "mirror": false
            }
          ]
        },
        {
          "name": "Jar20",
          "parent": "Jari11",
          "pivot": [
            32,
            39,
            4
          ],
          "mirror": true,
          "cubes": [
            {
              "origin": [
                30,
                27,
                3
              ],
              "size": [
                2,
                8,
                2
              ],
              "uv": [
                32,
                79
              ],
              "mirror": false
            }
          ]
        },
        {
          "name": "Jar21",
          "parent": "Jar20",
          "pivot": [
            32,
            35,
            4
          ],
          "mirror": true,
          "cubes": [
            {
              "origin": [
                30,
                19,
                3
              ],
              "size": [
                2,
                8,
                2
              ],
              "uv": [
                32,
                79
              ],
              "mirror": false
            }
          ]
        }
      ]
    }
  ]
}