{
  "format_version": "1.12.0",
  "minecraft:geometry": [
    {
      "description": {
        "identifier": "geometry.ag1_cyan",
        "texture_width": 128,
        "texture_height": 128,
        "visible_bounds_width": 15,
        "visible_bounds_height": 8.5,
        "visible_bounds_offset": [
          0,
          3.75,
          0
        ]
      },
      "bones": [
        {
          "name": "All",
          "pivot": [
            0,
            23,
            0
          ]
        },
        {
          "name": "Body",
          "parent": "All",
          "pivot": [
            0,
            16,
            -1
          ],
          "cubes": [
            {
              "origin": [
                -3.5,
                19,
                -3
              ],
              "size": [
                7,
                3,
                5
              ],
              "uv": [
                0,
                11
              ]
            },
            {
              "origin": [
                -3.5,
                16.6,
                -3
              ],
              "size": [
                1,
                2,
                5
              ],
              "pivot": [
                -2,
                19,
                0
              ],
              "rotation": [
                0,
                0,
                20
              ],
              "uv": [
                47,
                47
              ]
            },
            {
              "origin": [
                -1,
                27,
                -2
              ],
              "size": [
                2,
                4,
                3
              ],
              "uv": [
                54,
                44
              ]
            },
            {
              "origin": [
                -4.2,
                11.3,
                -3
              ],
              "size": [
                1,
                6,
                5
              ],
              "uv": [
                0,
                32
              ]
            },
            {
              "origin": [
                -3.5,
                11.6,
                -3.5
              ],
              "size": [
                7,
                6,
                1
              ],
              "uv": [
                20,
                30
              ]
            },
            {
              "origin": [
                -3,
                17,
                -3
              ],
              "size": [
                6,
                3,
                1
              ],
              "pivot": [
                0,
                19,
                -3
              ],
              "rotation": [
                -20,
                0,
                0
              ],
              "uv": [
                46,
                6
              ]
            },
            {
              "origin": [
                2.5,
                17,
                -3
              ],
              "size": [
                1,
                2,
                5
              ],
              "pivot": [
                3,
                19,
                0
              ],
              "rotation": [
                0,
                0,
                -20
              ],
              "uv": [
                35,
                47
              ]
            },
            {
              "origin": [
                3.2,
                11.3,
                -3
              ],
              "size": [
                1,
                6,
                5
              ],
              "uv": [
                12,
                32
              ]
            },
            {
              "origin": [
                -3.4,
                11.3,
                1.5
              ],
              "size": [
                7,
                6,
                1
              ],
              "uv": [
                26,
                0
              ]
            },
            {
              "origin": [
                -2.4,
                17.3,
                1
              ],
              "size": [
                5,
                2,
                1
              ],
              "pivot": [
                0,
                19,
                2
              ],
              "rotation": [
                20,
                0,
                0
              ],
              "uv": [
                64,
                31
              ]
            },
            {
              "origin": [
                -4,
                24,
                -3
              ],
              "size": [
                4,
                0,
                5
              ],
              "pivot": [
                -4,
                24,
                -3
              ],
              "rotation": [
                0,
                0,
                -7.5
              ],
              "uv": [
                31,
                30
              ]
            }
          ]
        },
        {
          "name": "Torso",
          "parent": "Body",
          "pivot": [
            0,
            22,
            -1
          ],
          "cubes": [
            {
              "origin": [
                -4,
                22,
                -3
              ],
              "size": [
                1,
                2,
                5
              ],
              "pivot": [
                -4,
                24,
                -3
              ],
              "rotation": [
                0,
                0,
                -10
              ],
              "uv": [
                16,
                43
              ]
            },
            {
              "origin": [
                3,
                22,
                -3
              ],
              "size": [
                1,
                2,
                5
              ],
              "pivot": [
                4,
                24,
                -3
              ],
              "rotation": [
                0,
                0,
                10
              ],
              "uv": [
                23,
                47
              ]
            },
            {
              "origin": [
                -4,
                24,
                -3
              ],
              "size": [
                8,
                4,
                2
              ],
              "pivot": [
                0,
                29,
                0
              ],
              "rotation": [
                -12.5,
                0,
                0
              ],
              "uv": [
                22,
                24
              ]
            },
            {
              "origin": [
                -3.5,
                22,
                -3
              ],
              "size": [
                7,
                2,
                5
              ],
              "uv": [
                0,
                19
              ]
            },
            {
              "origin": [
                -4,
                24,
                -3
              ],
              "size": [
                8,
                6,
                5
              ],
              "uv": [
                0,
                0
              ]
            }
          ]
        },
        {
          "name": "Arm",
          "parent": "Torso",
          "pivot": [
            -4,
            29,
            -1
          ],
          "cubes": [
            {
              "origin": [
                -6,
                20,
                -2
              ],
              "size": [
                2,
                9,
                2
              ],
              "uv": [
                8,
                49
              ]
            },
            {
              "origin": [
                -4,
                28,
                -2
              ],
              "size": [
                2,
                2,
                2
              ],
              "pivot": [
                -4,
                30,
                -2
              ],
              "rotation": [
                0,
                0,
                62.5
              ],
              "uv": [
                30,
                47
              ]
            }
          ]
        },
        {
          "name": "bone",
          "parent": "Arm",
          "pivot": [
            -6,
            20,
            -1
          ],
          "cubes": [
            {
              "origin": [
                -6,
                11,
                -2
              ],
              "size": [
                2,
                9,
                2
              ],
              "uv": [
                0,
                49
              ]
            }
          ]
        },
        {
          "name": "Arm3",
          "parent": "Torso",
          "pivot": [
            4,
            29,
            -1
          ],
          "cubes": [
            {
              "origin": [
                4,
                20,
                -2
              ],
              "size": [
                2,
                9,
                2
              ],
              "uv": [
                8,
                49
              ]
            },
            {
              "origin": [
                2,
                28,
                -2
              ],
              "size": [
                2,
                2,
                2
              ],
              "pivot": [
                4,
                30,
                -2
              ],
              "rotation": [
                0,
                0,
                -60
              ],
              "uv": [
                30,
                47
              ]
            }
          ]
        },
        {
          "name": "bone2",
          "parent": "Arm3",
          "pivot": [
            6,
            20,
            -1
          ],
          "cubes": [
            {
              "origin": [
                4,
                11,
                -2
              ],
              "size": [
                2,
                9,
                2
              ],
              "uv": [
                0,
                49
              ]
            }
          ]
        },
        {
          "name": "Head",
          "parent": "Torso",
          "pivot": [
            0,
            30,
            0
          ],
          "cubes": [
            {
              "origin": [
                -5,
                31,
                -4
              ],
              "size": [
                11,
                1,
                2
              ],
              "uv": [
                19,
                11
              ]
            },
            {
              "origin": [
                4,
                32,
                -4
              ],
              "size": [
                2,
                7,
                2
              ],
              "uv": [
                56,
                10
              ]
            },
            {
              "origin": [
                -4,
                38,
                -4
              ],
              "size": [
                8,
                1,
                2
              ],
              "uv": [
                26,
                7
              ]
            },
            {
              "origin": [
                0,
                38,
                -3
              ],
              "size": [
                1,
                7,
                0
              ],
              "pivot": [
                0,
                38,
                -3
              ],
              "rotation": [
                0,
                0,
                42.5
              ],
              "uv": [
                66,
                34
              ]
            },
            {
              "origin": [
                -1,
                38,
                -3
              ],
              "size": [
                1,
                7,
                0
              ],
              "pivot": [
                0,
                38,
                -3
              ],
              "rotation": [
                0,
                0,
                -42.5
              ],
              "uv": [
                66,
                34
              ]
            },
            {
              "origin": [
                -5,
                32,
                -4
              ],
              "size": [
                1,
                7,
                2
              ],
              "uv": [
                50,
                63
              ]
            },
            {
              "origin": [
                -0.5,
                29,
                -1
              ],
              "size": [
                1,
                2,
                1
              ],
              "uv": [
                0,
                11
              ]
            },
            {
              "origin": [
                -5,
                31,
                -4
              ],
              "size": [
                4,
                6,
                2
              ],
              "pivot": [
                -5,
                35,
                -2
              ],
              "rotation": [
                0,
                -82.5,
                0
              ],
              "uv": [
                44,
                28
              ]
            },
            {
              "origin": [
                1,
                31,
                -4
              ],
              "size": [
                4,
                6,
                2
              ],
              "pivot": [
                5,
                35,
                -2
              ],
              "rotation": [
                -0.42827,
                82.83659,
                0.82621
              ],
              "uv": [
                44,
                12
              ]
            },
            {
              "origin": [
                -4,
                31,
                0
              ],
              "size": [
                8,
                6,
                2
              ],
              "uv": [
                24,
                14
              ]
            },
            {
              "origin": [
                -4,
                30,
                -4
              ],
              "size": [
                8,
                4,
                1
              ],
              "pivot": [
                0,
                30,
                -2
              ],
              "rotation": [
                -80,
                0,
                0
              ],
              "uv": [
                35,
                36
              ]
            },
            {
              "origin": [
                -4,
                39,
                -2
              ],
              "size": [
                8,
                4,
                2
              ],
              "pivot": [
                0,
                39,
                -2
              ],
              "rotation": [
                -117.5,
                0,
                0
              ],
              "uv": [
                0,
                26
              ]
            }
          ]
        },
        {
          "name": "bone5",
          "parent": "Head",
          "pivot": [
            1,
            34,
            -1
          ]
        },
        {
          "name": "Sinar21",
          "parent": "bone5",
          "pivot": [
            -4,
            33,
            -3
          ],
          "cubes": [
            {
              "origin": [
                -4,
                33,
                -3
              ],
              "size": [
                0,
                1,
                5
              ],
              "uv": [
                -3,
                -3
              ]
            }
          ]
        },
        {
          "name": "Sinar29",
          "parent": "bone5",
          "pivot": [
            3,
            33,
            -3
          ],
          "cubes": [
            {
              "origin": [
                3,
                33,
                -3
              ],
              "size": [
                0,
                1,
                5
              ],
              "uv": [
                19,
                17
              ]
            }
          ]
        },
        {
          "name": "Sinar26",
          "parent": "bone5",
          "pivot": [
            1,
            33,
            -3
          ],
          "cubes": [
            {
              "origin": [
                1,
                33,
                -3
              ],
              "size": [
                0,
                1,
                5
              ],
              "uv": [
                19,
                17
              ]
            }
          ]
        },
        {
          "name": "Sinar28",
          "parent": "bone5",
          "pivot": [
            4,
            33,
            -3
          ],
          "cubes": [
            {
              "origin": [
                4,
                33,
                -3
              ],
              "size": [
                0,
                1,
                5
              ],
              "uv": [
                19,
                17
              ]
            }
          ]
        },
        {
          "name": "Sinar27",
          "parent": "bone5",
          "pivot": [
            2,
            33,
            -3
          ],
          "cubes": [
            {
              "origin": [
                2,
                33,
                -3
              ],
              "size": [
                0,
                1,
                5
              ],
              "uv": [
                -3,
                -3
              ]
            }
          ]
        },
        {
          "name": "Sinar25",
          "parent": "bone5",
          "pivot": [
            0,
            33,
            -3
          ],
          "cubes": [
            {
              "origin": [
                0,
                33,
                -3
              ],
              "size": [
                0,
                1,
                5
              ],
              "uv": [
                -3,
                -3
              ]
            }
          ]
        },
        {
          "name": "Sinar23",
          "parent": "bone5",
          "pivot": [
            -1,
            33,
            -3
          ],
          "cubes": [
            {
              "origin": [
                -1,
                33,
                -3
              ],
              "size": [
                0,
                1,
                5
              ],
              "uv": [
                -3,
                -3
              ]
            }
          ]
        },
        {
          "name": "Sinar24",
          "parent": "bone5",
          "pivot": [
            -2,
            33,
            -3
          ],
          "cubes": [
            {
              "origin": [
                -2,
                33,
                -3
              ],
              "size": [
                0,
                1,
                5
              ],
              "uv": [
                19,
                17
              ]
            }
          ]
        },
        {
          "name": "Sinar22",
          "parent": "bone5",
          "pivot": [
            -3,
            33,
            -3
          ],
          "cubes": [
            {
              "origin": [
                -3,
                33,
                -3
              ],
              "size": [
                0,
                1,
                5
              ],
              "uv": [
                19,
                17
              ]
            }
          ]
        },
        {
          "name": "Nos",
          "parent": "Head",
          "pivot": [
            3,
            31,
            1
          ],
          "cubes": [
            {
              "origin": [
                2.5,
                29,
                1
              ],
              "size": [
                1,
                2,
                1
              ],
              "uv": [
                44,
                61
              ]
            },
            {
              "origin": [
                -3.5,
                29,
                1
              ],
              "size": [
                1,
                2,
                1
              ],
              "uv": [
                43,
                61
              ]
            }
          ]
        },
        {
          "name": "Api",
          "parent": "Nos",
          "pivot": [
            3,
            29,
            1
          ],
          "cubes": [
            {
              "origin": [
                2.5,
                25,
                1.5
              ],
              "size": [
                1,
                4,
                0
              ],
              "uv": [
                0,
                19
              ]
            },
            {
              "origin": [
                -3.5,
                25,
                1.5
              ],
              "size": [
                1,
                4,
                0
              ],
              "uv": [
                0,
                19
              ]
            },
            {
              "origin": [
                2.5,
                25,
                1.5
              ],
              "size": [
                1,
                4,
                0
              ],
              "pivot": [
                3,
                29,
                1.5
              ],
              "rotation": [
                0,
                -100,
                0
              ],
              "uv": [
                0,
                19
              ]
            },
            {
              "origin": [
                3.5,
                25,
                7.5
              ],
              "size": [
                1,
                4,
                0
              ],
              "pivot": [
                3,
                29,
                1.5
              ],
              "rotation": [
                0,
                -100,
                0
              ],
              "uv": [
                0,
                19
              ]
            }
          ]
        },
        {
          "name": "bone7",
          "parent": "Head",
          "pivot": [
            0,
            35,
            -3
          ],
          "cubes": [
            {
              "origin": [
                -4,
                32,
                -3
              ],
              "size": [
                8,
                6,
                0
              ],
              "uv": [
                0,
                43
              ]
            },
            {
              "origin": [
                -4,
                32,
                -3
              ],
              "size": [
                8,
                6,
                0
              ],
              "uv": [
                42,
                22
              ]
            }
          ]
        },
        {
          "name": "bone6",
          "parent": "Head",
          "pivot": [
            0,
            35,
            -1
          ],
          "cubes": [
            {
              "origin": [
                -4,
                32,
                -2
              ],
              "size": [
                8,
                6,
                0
              ],
              "uv": [
                40,
                41
              ]
            }
          ]
        },
        {
          "name": "Wajah",
          "parent": "Head",
          "pivot": [
            0,
            34,
            -1
          ],
          "cubes": [
            {
              "origin": [
                -4,
                32,
                -1.1
              ],
              "size": [
                8,
                6,
                0
              ],
              "uv": [
                42,
                0
              ]
            }
          ]
        },
        {
          "name": "Wajah2",
          "parent": "Head",
          "pivot": [
            0,
            34,
            0
          ],
          "cubes": [
            {
              "origin": [
                -4,
                32,
                -0.1
              ],
              "size": [
                8,
                6,
                0
              ],
              "uv": [
                24,
                41
              ]
            }
          ]
        },
        {
          "name": "bone8",
          "parent": "Head",
          "pivot": [
            0,
            35,
            1
          ]
        },
        {
          "name": "bone9",
          "parent": "Head",
          "pivot": [
            0,
            35,
            1
          ]
        },
        {
          "name": "bone10",
          "parent": "Head",
          "pivot": [
            0,
            35,
            1
          ]
        },
        {
          "name": "bone11",
          "parent": "Head",
          "pivot": [
            0,
            35,
            1
          ]
        },
        {
          "name": "bone12",
          "parent": "Head",
          "pivot": [
            0,
            35,
            1
          ]
        },
        {
          "name": "Sinar5",
          "parent": "Head",
          "pivot": [
            0,
            34,
            1
          ]
        },
        {
          "name": "Sinar",
          "parent": "Sinar5",
          "pivot": [
            0,
            34,
            1
          ],
          "rotation": [
            0,
            -87.5,
            0
          ],
          "cubes": [
            {
              "origin": [
                -4,
                31,
                1
              ],
              "size": [
                5,
                6,
                0
              ],
              "uv": [
                0,
                66
              ]
            }
          ]
        },
        {
          "name": "Sinar4",
          "parent": "Sinar5",
          "pivot": [
            0,
            34,
            1
          ],
          "rotation": [
            0,
            -87.5,
            0
          ],
          "cubes": [
            {
              "origin": [
                -4,
                31,
                1
              ],
              "size": [
                5,
                6,
                0
              ],
              "uv": [
                64,
                47
              ]
            }
          ]
        },
        {
          "name": "Sinar3",
          "parent": "Sinar5",
          "pivot": [
            0,
            34,
            1
          ],
          "rotation": [
            0,
            -87.5,
            0
          ],
          "cubes": [
            {
              "origin": [
                -4,
                31,
                1
              ],
              "size": [
                5,
                6,
                0
              ],
              "uv": [
                40,
                64
              ]
            }
          ]
        },
        {
          "name": "Sinar2",
          "parent": "Sinar5",
          "pivot": [
            0,
            34,
            1
          ],
          "rotation": [
            0,
            -87.5,
            0
          ],
          "cubes": [
            {
              "origin": [
                -4,
                31,
                1
              ],
              "size": [
                5,
                6,
                0
              ],
              "uv": [
                30,
                64
              ]
            }
          ]
        },
        {
          "name": "Sinar6",
          "parent": "Head",
          "pivot": [
            0,
            34,
            1
          ]
        },
        {
          "name": "Sinar7",
          "parent": "Sinar6",
          "pivot": [
            0,
            34,
            1
          ],
          "rotation": [
            0,
            -87.5,
            0
          ],
          "cubes": [
            {
              "origin": [
                -4,
                31,
                1
              ],
              "size": [
                5,
                6,
                0
              ],
              "uv": [
                64,
                25
              ]
            }
          ]
        },
        {
          "name": "Sinar8",
          "parent": "Sinar6",
          "pivot": [
            0,
            34,
            1
          ],
          "rotation": [
            0,
            -87.5,
            0
          ],
          "cubes": [
            {
              "origin": [
                -4,
                31,
                1
              ],
              "size": [
                5,
                6,
                0
              ],
              "uv": [
                20,
                64
              ]
            }
          ]
        },
        {
          "name": "Sinar9",
          "parent": "Sinar6",
          "pivot": [
            0,
            34,
            1
          ],
          "rotation": [
            0,
            -87.5,
            0
          ],
          "cubes": [
            {
              "origin": [
                -4,
                31,
                1
              ],
              "size": [
                5,
                6,
                0
              ],
              "uv": [
                64,
                12
              ]
            }
          ]
        },
        {
          "name": "Sinar10",
          "parent": "Sinar6",
          "pivot": [
            0,
            34,
            1
          ],
          "rotation": [
            0,
            -87.5,
            0
          ],
          "cubes": [
            {
              "origin": [
                -4,
                31,
                1
              ],
              "size": [
                5,
                6,
                0
              ],
              "uv": [
                10,
                62
              ]
            }
          ]
        },
        {
          "name": "Sinar16",
          "parent": "Head",
          "pivot": [
            0,
            34,
            1
          ]
        },
        {
          "name": "Sinar17",
          "parent": "Sinar16",
          "pivot": [
            0,
            34,
            1
          ],
          "rotation": [
            0,
            -87.5,
            0
          ],
          "cubes": [
            {
              "origin": [
                -4,
                31,
                1
              ],
              "size": [
                5,
                6,
                0
              ],
              "uv": [
                62,
                6
              ]
            }
          ]
        },
        {
          "name": "Sinar18",
          "parent": "Sinar16",
          "pivot": [
            0,
            34,
            1
          ],
          "rotation": [
            0,
            -87.5,
            0
          ],
          "cubes": [
            {
              "origin": [
                -4,
                31,
                1
              ],
              "size": [
                5,
                6,
                0
              ],
              "uv": [
                61,
                41
              ]
            }
          ]
        },
        {
          "name": "Sinar19",
          "parent": "Sinar16",
          "pivot": [
            0,
            34,
            1
          ],
          "rotation": [
            0,
            -87.5,
            0
          ],
          "cubes": [
            {
              "origin": [
                -4,
                31,
                1
              ],
              "size": [
                5,
                6,
                0
              ],
              "uv": [
                56,
                60
              ]
            }
          ]
        },
        {
          "name": "Sinar20",
          "parent": "Sinar16",
          "pivot": [
            0,
            34,
            1
          ],
          "rotation": [
            0,
            -87.5,
            0
          ],
          "cubes": [
            {
              "origin": [
                -4,
                31,
                1
              ],
              "size": [
                5,
                6,
                0
              ],
              "uv": [
                0,
                60
              ]
            }
          ]
        },
        {
          "name": "Sinar11",
          "parent": "Head",
          "pivot": [
            0,
            34,
            1
          ]
        },
        {
          "name": "Sinar12",
          "parent": "Sinar11",
          "pivot": [
            0,
            34,
            1
          ],
          "rotation": [
            0,
            -87.5,
            0
          ],
          "cubes": [
            {
              "origin": [
                -4,
                31,
                1
              ],
              "size": [
                5,
                6,
                0
              ],
              "uv": [
                58,
                19
              ]
            }
          ]
        },
        {
          "name": "Sinar13",
          "parent": "Sinar11",
          "pivot": [
            0,
            34,
            1
          ],
          "rotation": [
            0,
            -87.5,
            0
          ],
          "cubes": [
            {
              "origin": [
                -4,
                31,
                1
              ],
              "size": [
                5,
                6,
                0
              ],
              "uv": [
                58,
                0
              ]
            }
          ]
        },
        {
          "name": "Sinar14",
          "parent": "Sinar11",
          "pivot": [
            0,
            34,
            1
          ],
          "rotation": [
            0,
            -87.5,
            0
          ],
          "cubes": [
            {
              "origin": [
                -4,
                31,
                1
              ],
              "size": [
                5,
                6,
                0
              ],
              "uv": [
                56,
                54
              ]
            }
          ]
        },
        {
          "name": "Sinar15",
          "parent": "Sinar11",
          "pivot": [
            0,
            34,
            1
          ],
          "rotation": [
            0,
            -87.5,
            0
          ],
          "cubes": [
            {
              "origin": [
                -4,
                31,
                1
              ],
              "size": [
                5,
                6,
                0
              ],
              "uv": [
                56,
                35
              ]
            }
          ]
        },
        {
          "name": "Leg",
          "parent": "All",
          "pivot": [
            -1,
            16,
            0
          ],
          "cubes": [
            {
              "origin": [
                -1.9,
                8,
                -2
              ],
              "size": [
                2,
                8,
                2
              ],
              "pivot": [
                -1,
                16,
                -2
              ],
              "rotation": [
                -1.0984,
                -0.81817,
                7.3819
              ],
              "uv": [
                40,
                54
              ]
            },
            {
              "origin": [
                -2.9,
                8,
                -2
              ],
              "size": [
                2,
                8,
                2
              ],
              "uv": [
                16,
                52
              ]
            }
          ]
        },
        {
          "name": "bone3",
          "parent": "Leg",
          "pivot": [
            -1,
            8,
            -2
          ],
          "cubes": [
            {
              "origin": [
                -2.9,
                1,
                -2
              ],
              "size": [
                2,
                7,
                2
              ],
              "uv": [
                56,
                26
              ]
            },
            {
              "origin": [
                -2.9,
                0,
                -3
              ],
              "size": [
                2,
                1,
                3
              ],
              "uv": [
                24,
                37
              ]
            }
          ]
        },
        {
          "name": "Leg3",
          "parent": "All",
          "pivot": [
            1,
            16,
            0
          ],
          "cubes": [
            {
              "origin": [
                -0.1,
                8,
                -2
              ],
              "size": [
                2,
                8,
                2
              ],
              "pivot": [
                1,
                16,
                -2
              ],
              "rotation": [
                0,
                0,
                -7.5
              ],
              "uv": [
                32,
                54
              ]
            },
            {
              "origin": [
                0.9,
                8,
                -2
              ],
              "size": [
                2,
                8,
                2
              ],
              "uv": [
                24,
                54
              ]
            }
          ]
        },
        {
          "name": "bone4",
          "parent": "Leg3",
          "pivot": [
            1,
            8,
            -2
          ],
          "cubes": [
            {
              "origin": [
                0.9,
                1,
                -2
              ],
              "size": [
                2,
                7,
                2
              ],
              "uv": [
                48,
                54
              ]
            },
            {
              "origin": [
                0.9,
                0,
                -3
              ],
              "size": [
                2,
                1,
                3
              ],
              "uv": [
                7,
                32
              ]
            }
          ]
        }
      ]
    }
  ]
}