{
	"format_version": "1.12.0",
	"minecraft:geometry": [
		{
			"description": {
				"identifier": "geometry.broly_beast_hair",
				"texture_width": 32,
				"texture_height": 16,
				"visible_bounds_width": 4,
				"visible_bounds_height": 5.5,
				"visible_bounds_offset": [0, 2.25, 0]
			},
			"bones": [
				{
					"name": "root",
					"pivot": [0, 0, 0]
				},
				{
					"name": "waist",
					"parent": "root",
					"pivot": [0, 12, 0]
				},
				{
					"name": "body",
					"parent": "waist",
					"pivot": [0, 24, 0]
				},
				{
					"name": "head",
					"parent": "body",
					"pivot": [0, 24, 0],
					"cubes": [
						{
							"origin": [-4, 24, -4],
							"size": [8, 8, 8],
							"inflate": 0.05,
							"uv": {
								"north": {"uv": [8, 8], "uv_size": [8, 8]},
								"east": {"uv": [0, 8], "uv_size": [8, 8]},
								"south": {"uv": [24, 8], "uv_size": [8, 8]},
								"west": {"uv": [16, 8], "uv_size": [8, 8]},
								"up": {"uv": [16, 8], "uv_size": [-8, -8]}
							}
						}
					]
				},
				{
					"name": "hair",
					"parent": "head",
					"pivot": [0, 24, 0]
				},
				{
					"name": "bunch",
					"parent": "hair",
					"pivot": [-3, 32, -4],
					"cubes": [
						{
							"origin": [-2, 25.9777, -6.3],
							"size": [1.5, 3, 1.5],
							"inflate": 0.1,
							"pivot": [3.697, 30.9777, -7.84312],
							"rotation": [-28.39233, 20.51624, 37.61421],
							"uv": {
								"north": {"uv": [1, 0], "uv_size": [-1, 1]},
								"east": {"uv": [1, 0], "uv_size": [-1, 1]},
								"south": {"uv": [1, 0], "uv_size": [-1, 1]},
								"west": {"uv": [1, 0], "uv_size": [-1, 1]},
								"up": {"uv": [0, 1], "uv_size": [1, -1]},
								"down": {"uv": [0, 1], "uv_size": [1, -1]}
							}
						}
					]
				},
				{
					"name": "bunch2",
					"parent": "hair",
					"pivot": [-1, 32, -4],
					"cubes": [
						{
							"origin": [-2.30754, 29.89541, -6],
							"size": [2, 3, 2],
							"inflate": 0.1,
							"pivot": [-1, 31, -5],
							"rotation": [-51.11287, 30.87381, 53.80184],
							"uv": {
								"north": {"uv": [1, 0], "uv_size": [-1, 1]},
								"east": {"uv": [1, 0], "uv_size": [-1, 1]},
								"south": {"uv": [1, 0], "uv_size": [-1, 1]},
								"west": {"uv": [1, 0], "uv_size": [-1, 1]},
								"up": {"uv": [0, 1], "uv_size": [1, -1]},
								"down": {"uv": [0, 1], "uv_size": [1, -1]}
							}
						}
					]
				},
				{
					"name": "bunch3",
					"parent": "hair",
					"pivot": [1, 32, -4],
					"cubes": [
						{
							"origin": [0.30754, 29.89541, -6],
							"size": [2, 3, 2],
							"inflate": 0.1,
							"pivot": [1, 31, -5],
							"rotation": [-51.11287, -30.87381, -53.80184],
							"uv": {
								"north": {"uv": [0, 0], "uv_size": [1, 1]},
								"east": {"uv": [0, 0], "uv_size": [1, 1]},
								"south": {"uv": [0, 0], "uv_size": [1, 1]},
								"west": {"uv": [0, 0], "uv_size": [1, 1]},
								"up": {"uv": [1, 1], "uv_size": [-1, -1]},
								"down": {"uv": [1, 1], "uv_size": [-1, -1]}
							}
						}
					]
				},
				{
					"name": "bunch4",
					"parent": "hair",
					"pivot": [3, 32, -4],
					"cubes": [
						{
							"origin": [0.5, 25.9777, -6.3],
							"size": [1.5, 3, 1.5],
							"inflate": 0.1,
							"pivot": [-3.697, 30.9777, -7.84312],
							"rotation": [-28.39233, -20.51624, -37.61421],
							"uv": {
								"north": {"uv": [0, 0], "uv_size": [1, 1]},
								"east": {"uv": [0, 0], "uv_size": [1, 1]},
								"south": {"uv": [0, 0], "uv_size": [1, 1]},
								"west": {"uv": [0, 0], "uv_size": [1, 1]},
								"up": {"uv": [1, 1], "uv_size": [-1, -1]},
								"down": {"uv": [1, 1], "uv_size": [-1, -1]}
							}
						}
					]
				},
				{
					"name": "bunch5",
					"parent": "hair",
					"pivot": [-2, 31, -3],
					"cubes": [
						{
							"origin": [-2.6367, 31.10853, -5],
							"size": [2.5, 4, 2.5],
							"inflate": 0.1,
							"pivot": [-1.1367, 31.10853, -3],
							"rotation": [-5, 0, -35],
							"uv": {
								"north": {"uv": [0, 0], "uv_size": [1, 1]},
								"east": {"uv": [0, 0], "uv_size": [1, 1]},
								"south": {"uv": [0, 0], "uv_size": [1, 1]},
								"west": {"uv": [0, 0], "uv_size": [1, 1]},
								"up": {"uv": [1, 1], "uv_size": [-1, -1]},
								"down": {"uv": [1, 1], "uv_size": [-1, -1]}
							}
						}
					]
				},
				{
					"name": "bunchPart1",
					"parent": "bunch5",
					"pivot": [-1.14227, 33.08089, -3],
					"cubes": [
						{
							"origin": [10.20224, 39.83378, -11.5],
							"size": [1.8, 3, 1.8],
							"inflate": 0.1,
							"pivot": [16.10224, 7.83378, -8.00243],
							"rotation": [-12.39638, 1.61888, -27.67583],
							"uv": {
								"north": {"uv": [0, 0], "uv_size": [1, 1]},
								"east": {"uv": [0, 0], "uv_size": [1, 1]},
								"south": {"uv": [0, 0], "uv_size": [1, 1]},
								"west": {"uv": [0, 0], "uv_size": [1, 1]},
								"up": {"uv": [1, 1], "uv_size": [-1, -1]},
								"down": {"uv": [1, 1], "uv_size": [-1, -1]}
							}
						}
					]
				},
				{
					"name": "bunch6",
					"parent": "hair",
					"pivot": [2, 31, -3],
					"cubes": [
						{
							"origin": [0.00276, 31.09596, -5],
							"size": [2.5, 4, 2.5],
							"inflate": 0.1,
							"pivot": [1.00276, 31.09596, -3],
							"rotation": [-5, 0, 35],
							"uv": {
								"north": {"uv": [1, 0], "uv_size": [-1, 1]},
								"east": {"uv": [1, 0], "uv_size": [-1, 1]},
								"south": {"uv": [1, 0], "uv_size": [-1, 1]},
								"west": {"uv": [1, 0], "uv_size": [-1, 1]},
								"up": {"uv": [0, 1], "uv_size": [1, -1]},
								"down": {"uv": [0, 1], "uv_size": [1, -1]}
							}
						},
						{
							"origin": [-12.13618, 39.82121, -11.5],
							"size": [1.8, 4, 1.8],
							"inflate": 0.1,
							"pivot": [-16.23618, 7.82121, -8.00243],
							"rotation": [-12.39638, -1.61888, 27.67583],
							"uv": {
								"north": {"uv": [1, 0], "uv_size": [-1, 1]},
								"east": {"uv": [1, 0], "uv_size": [-1, 1]},
								"south": {"uv": [1, 0], "uv_size": [-1, 1]},
								"west": {"uv": [1, 0], "uv_size": [-1, 1]},
								"up": {"uv": [0, 1], "uv_size": [1, -1]},
								"down": {"uv": [0, 1], "uv_size": [1, -1]}
							}
						}
					]
				},
				{
					"name": "bunch7",
					"parent": "hair",
					"pivot": [1, 31, -3]
				},
				{
					"name": "bunchPart3",
					"parent": "bunch7",
					"pivot": [1, 33, -3]
				},
				{
					"name": "bunch8",
					"parent": "hair",
					"pivot": [0, 32, -3],
					"cubes": [
						{
							"origin": [-2.32138, 32.14806, -10],
							"size": [1.8, 4, 1.8],
							"inflate": 0.1,
							"pivot": [-0.02138, 0.14806, 0],
							"rotation": [-12.5, 0, 0],
							"uv": {
								"north": {"uv": [0, 0], "uv_size": [1, 1]},
								"east": {"uv": [0, 0], "uv_size": [1, 1]},
								"south": {"uv": [0, 0], "uv_size": [1, 1]},
								"west": {"uv": [0, 0], "uv_size": [1, 1]},
								"up": {"uv": [1, 1], "uv_size": [-1, -1]},
								"down": {"uv": [1, 1], "uv_size": [-1, -1]}
							}
						},
						{
							"origin": [2.47862, 20.14806, -25.2],
							"size": [2, 4, 2],
							"inflate": 0.1,
							"pivot": [-0.02138, 0.14806, 0],
							"rotation": [-42.12165, -4.98093, -8.6822],
							"uv": {
								"north": {"uv": [1, 0], "uv_size": [-1, 1]},
								"east": {"uv": [1, 0], "uv_size": [-1, 1]},
								"south": {"uv": [1, 0], "uv_size": [-1, 1]},
								"west": {"uv": [1, 0], "uv_size": [-1, 1]},
								"up": {"uv": [0, 1], "uv_size": [1, -1]},
								"down": {"uv": [0, 1], "uv_size": [1, -1]}
							}
						}
					]
				},
				{
					"name": "bunch9",
					"parent": "hair",
					"pivot": [-4, 31, -2],
					"cubes": [
						{
							"origin": [13.19646, 47.94734, -2.8],
							"size": [2, 3, 2],
							"inflate": 0.1,
							"pivot": [22.87477, 17.23153, -0.63175],
							"rotation": [0, 0, -47.5],
							"uv": {
								"north": {"uv": [0, 0], "uv_size": [1, 1]},
								"east": {"uv": [0, 0], "uv_size": [1, 1]},
								"south": {"uv": [0, 0], "uv_size": [1, 1]},
								"west": {"uv": [0, 0], "uv_size": [1, 1]},
								"up": {"uv": [1, 1], "uv_size": [-1, -1]},
								"down": {"uv": [1, 1], "uv_size": [-1, -1]}
							}
						}
					]
				},
				{
					"name": "bunch11",
					"parent": "hair",
					"pivot": [1, 31, -1],
					"cubes": [
						{
							"origin": [-12, 26, -16],
							"size": [2.5, 3, 2.5],
							"inflate": 0.1,
							"pivot": [0, 0, 0],
							"rotation": [-23.9042, 5.68422, 21.80633],
							"uv": {
								"north": {"uv": [1, 0], "uv_size": [-1, 1]},
								"east": {"uv": [1, 0], "uv_size": [-1, 1]},
								"south": {"uv": [1, 0], "uv_size": [-1, 1]},
								"west": {"uv": [1, 0], "uv_size": [-1, 1]},
								"up": {"uv": [0, 1], "uv_size": [1, -1]},
								"down": {"uv": [0, 1], "uv_size": [1, -1]}
							}
						},
						{
							"origin": [-2.92338, 34.79256, -8.5],
							"size": [2, 4.5, 2],
							"inflate": 0.1,
							"pivot": [-2.92338, 2.79256, -7.23549],
							"rotation": [-12.28729, 3.74196, 6.50446],
							"uv": {
								"north": {"uv": [0, 0], "uv_size": [1, 1]},
								"east": {"uv": [0, 0], "uv_size": [1, 1]},
								"south": {"uv": [0, 0], "uv_size": [1, 1]},
								"west": {"uv": [0, 0], "uv_size": [1, 1]},
								"up": {"uv": [1, 1], "uv_size": [-1, -1]},
								"down": {"uv": [1, 1], "uv_size": [-1, -1]}
							}
						}
					]
				},
				{
					"name": "bunchPart11",
					"parent": "bunch11",
					"pivot": [3, 33, -1]
				},
				{
					"name": "bunch12",
					"parent": "hair",
					"pivot": [3, 32, 1],
					"cubes": [
						{
							"origin": [4.64024, 30.00081, -12],
							"size": [3, 5, 3],
							"inflate": 0.1,
							"pivot": [0.04024, 0.00081, 0],
							"rotation": [-24.15046, 20.96928, -8.17763],
							"uv": {
								"north": {"uv": [0, 0], "uv_size": [1, 1]},
								"east": {"uv": [0, 0], "uv_size": [1, 1]},
								"south": {"uv": [0, 0], "uv_size": [1, 1]},
								"west": {"uv": [0, 0], "uv_size": [1, 1]},
								"up": {"uv": [1, 1], "uv_size": [-1, -1]},
								"down": {"uv": [1, 1], "uv_size": [-1, -1]}
							}
						},
						{
							"origin": [2.14933, 29.20081, -21.5],
							"size": [2.5, 4.5, 2.5],
							"inflate": 0.1,
							"pivot": [1.84933, -0.35806, 0.12949],
							"rotation": [-37.64168, 7.15102, -2.26708],
							"uv": {
								"north": {"uv": [0, 0], "uv_size": [1, 1]},
								"east": {"uv": [0, 0], "uv_size": [1, 1]},
								"south": {"uv": [0, 0], "uv_size": [1, 1]},
								"west": {"uv": [0, 0], "uv_size": [1, 1]},
								"up": {"uv": [1, 1], "uv_size": [-1, -1]},
								"down": {"uv": [1, 1], "uv_size": [-1, -1]}
							}
						}
					]
				},
				{
					"name": "bunch13",
					"parent": "hair",
					"pivot": [-3, 31, 1]
				},
				{
					"name": "bunchPart9",
					"parent": "bunch13",
					"pivot": [1, 32, 1],
					"cubes": [
						{
							"origin": [17.5, 20, -14.8],
							"size": [3.5, 9, 3.5],
							"inflate": 0.1,
							"pivot": [0, 0, 0],
							"rotation": [-76.45182, 43.55929, -52.7167],
							"uv": {
								"north": {"uv": [1, 0], "uv_size": [-1, 1]},
								"east": {"uv": [1, 0], "uv_size": [-1, 1]},
								"south": {"uv": [1, 0], "uv_size": [-1, 1]},
								"west": {"uv": [1, 0], "uv_size": [-1, 1]},
								"up": {"uv": [0, 1], "uv_size": [1, -1]},
								"down": {"uv": [0, 1], "uv_size": [1, -1]}
							}
						},
						{
							"origin": [-12.3, 31, -11.9],
							"size": [2.7, 6, 2.7],
							"inflate": 0.1,
							"pivot": [0, 0, 0],
							"rotation": [-27.22847, -5.25149, 23.04917],
							"uv": {
								"north": {"uv": [0, 0], "uv_size": [1, 1]},
								"east": {"uv": [0, 0], "uv_size": [1, 1]},
								"south": {"uv": [0, 0], "uv_size": [1, 1]},
								"west": {"uv": [0, 0], "uv_size": [1, 1]},
								"up": {"uv": [1, 1], "uv_size": [-1, -1]},
								"down": {"uv": [1, 1], "uv_size": [-1, -1]}
							}
						}
					]
				},
				{
					"name": "bunch14",
					"parent": "hair",
					"pivot": [-1, 31, 1]
				},
				{
					"name": "bunchPart15",
					"parent": "bunch14",
					"pivot": [-1, 33, 1]
				},
				{
					"name": "bunchPart16",
					"parent": "bunchPart15",
					"pivot": [-1, 35, 1]
				},
				{
					"name": "bunch15",
					"parent": "hair",
					"pivot": [1, 31, 1]
				},
				{
					"name": "bunchPart17",
					"parent": "bunch15",
					"pivot": [1, 33, 1]
				},
				{
					"name": "bunchPart18",
					"parent": "bunchPart17",
					"pivot": [1, 35, 1]
				},
				{
					"name": "bunch16",
					"parent": "hair",
					"pivot": [3, 31, 1]
				},
				{
					"name": "bunchPart19",
					"parent": "bunch16",
					"pivot": [3, 33, 1]
				},
				{
					"name": "bunch17",
					"parent": "hair",
					"pivot": [-2, 31, 2]
				},
				{
					"name": "bunchPart5",
					"parent": "bunch17",
					"pivot": [-1, 32, 1],
					"cubes": [
						{
							"origin": [-21, 19.99945, -14.8],
							"size": [3.5, 9, 3.5],
							"inflate": 0.1,
							"pivot": [0, -0.00055, 0],
							"rotation": [-76.45182, -43.55929, 52.7167],
							"uv": {
								"north": {"uv": [0, 0], "uv_size": [1, 1]},
								"east": {"uv": [0, 0], "uv_size": [1, 1]},
								"south": {"uv": [0, 0], "uv_size": [1, 1]},
								"west": {"uv": [0, 0], "uv_size": [1, 1]},
								"up": {"uv": [1, 1], "uv_size": [-1, -1]},
								"down": {"uv": [1, 1], "uv_size": [-1, -1]}
							}
						},
						{
							"origin": [9.6, 30.99945, -11.9],
							"size": [2.7, 6, 2.7],
							"inflate": 0.1,
							"pivot": [0, -0.00055, 0],
							"rotation": [-27.22847, 5.25149, -23.04917],
							"uv": {
								"north": {"uv": [1, 0], "uv_size": [-1, 1]},
								"east": {"uv": [1, 0], "uv_size": [-1, 1]},
								"south": {"uv": [1, 0], "uv_size": [-1, 1]},
								"west": {"uv": [1, 0], "uv_size": [-1, 1]},
								"up": {"uv": [0, 1], "uv_size": [1, -1]},
								"down": {"uv": [0, 1], "uv_size": [1, -1]}
							}
						}
					]
				},
				{
					"name": "bunch18",
					"parent": "hair",
					"pivot": [-1, 31, 3],
					"cubes": [
						{
							"origin": [17, 24, -11],
							"size": [2, 3, 2],
							"inflate": 0.1,
							"pivot": [0, 0, 0],
							"rotation": [-20, 0, -40],
							"uv": {
								"north": {"uv": [1, 0], "uv_size": [-1, 1]},
								"east": {"uv": [1, 0], "uv_size": [-1, 1]},
								"south": {"uv": [1, 0], "uv_size": [-1, 1]},
								"west": {"uv": [1, 0], "uv_size": [-1, 1]},
								"up": {"uv": [0, 1], "uv_size": [1, -1]},
								"down": {"uv": [0, 1], "uv_size": [1, -1]}
							}
						},
						{
							"origin": [4, 38.5, -5.07029],
							"size": [2, 3, 2],
							"inflate": 0.1,
							"pivot": [12.65456, 8.62085, -8.07029],
							"rotation": [-7.5, 0, -20],
							"uv": {
								"north": {"uv": [1, 0], "uv_size": [-1, 1]},
								"east": {"uv": [1, 0], "uv_size": [-1, 1]},
								"south": {"uv": [1, 0], "uv_size": [-1, 1]},
								"west": {"uv": [1, 0], "uv_size": [-1, 1]},
								"up": {"uv": [0, 1], "uv_size": [1, -1]},
								"down": {"uv": [0, 1], "uv_size": [1, -1]}
							}
						}
					]
				},
				{
					"name": "bunchPart22",
					"parent": "bunch18",
					"pivot": [-1, 33, 3]
				},
				{
					"name": "bunch19",
					"parent": "hair",
					"pivot": [1, 31, 3],
					"cubes": [
						{
							"origin": [-19, 24, -11],
							"size": [2, 3, 2],
							"inflate": 0.1,
							"pivot": [0, 0, 0],
							"rotation": [-20, 0, 40],
							"uv": {
								"north": {"uv": [0, 0], "uv_size": [1, 1]},
								"east": {"uv": [0, 0], "uv_size": [1, 1]},
								"south": {"uv": [0, 0], "uv_size": [1, 1]},
								"west": {"uv": [0, 0], "uv_size": [1, 1]},
								"up": {"uv": [1, 1], "uv_size": [-1, -1]},
								"down": {"uv": [1, 1], "uv_size": [-1, -1]}
							}
						},
						{
							"origin": [-6, 38.5, -5.07029],
							"size": [2, 3, 2],
							"inflate": 0.1,
							"pivot": [-12.65456, 8.62085, -8.07029],
							"rotation": [-7.5, 0, 20],
							"uv": {
								"north": {"uv": [0, 0], "uv_size": [1, 1]},
								"east": {"uv": [0, 0], "uv_size": [1, 1]},
								"south": {"uv": [0, 0], "uv_size": [1, 1]},
								"west": {"uv": [0, 0], "uv_size": [1, 1]},
								"up": {"uv": [1, 1], "uv_size": [-1, -1]},
								"down": {"uv": [1, 1], "uv_size": [-1, -1]}
							}
						}
					]
				},
				{
					"name": "bunchPart23",
					"parent": "bunch19",
					"pivot": [1, 33, 3]
				},
				{
					"name": "bunch10",
					"parent": "hair",
					"pivot": [-1, 31, -1],
					"cubes": [
						{
							"origin": [9.5, 26, -16],
							"size": [2.5, 3, 2.5],
							"inflate": 0.1,
							"pivot": [0, 0, 0],
							"rotation": [-23.9042, -5.68422, -21.80633],
							"uv": {
								"north": {"uv": [0, 0], "uv_size": [1, 1]},
								"east": {"uv": [0, 0], "uv_size": [1, 1]},
								"south": {"uv": [0, 0], "uv_size": [1, 1]},
								"west": {"uv": [0, 0], "uv_size": [1, 1]},
								"up": {"uv": [1, 1], "uv_size": [-1, -1]},
								"down": {"uv": [1, 1], "uv_size": [-1, -1]}
							}
						},
						{
							"origin": [0.92338, 34.79256, -8.5],
							"size": [2, 4.5, 2],
							"inflate": 0.1,
							"pivot": [2.92338, 2.79256, -7.23549],
							"rotation": [-12.28729, -3.74196, -6.50446],
							"uv": {
								"north": {"uv": [1, 0], "uv_size": [-1, 1]},
								"east": {"uv": [1, 0], "uv_size": [-1, 1]},
								"south": {"uv": [1, 0], "uv_size": [-1, 1]},
								"west": {"uv": [1, 0], "uv_size": [-1, 1]},
								"up": {"uv": [0, 1], "uv_size": [1, -1]},
								"down": {"uv": [0, 1], "uv_size": [1, -1]}
							}
						}
					]
				},
				{
					"name": "bunchPart7",
					"parent": "bunch10",
					"pivot": [-1, 33, -1]
				},
				{
					"name": "bunchPart8",
					"parent": "bunchPart7",
					"pivot": [-1, 35, -1]
				},
				{
					"name": "bunch20",
					"parent": "hair",
					"pivot": [3, 31, 3]
				},
				{
					"name": "bunchPart24",
					"parent": "bunch20",
					"pivot": [3, 33, 3]
				},
				{
					"name": "bunch21",
					"parent": "hair",
					"pivot": [-5, 31, 1],
					"cubes": [
						{
							"origin": [-4.12241, 25.0629, 17.23206],
							"size": [2.3, 2.3, 5],
							"inflate": 0.1,
							"pivot": [-4.0276, 0.66314, 0],
							"rotation": [27.5, -12.5, 0],
							"uv": {
								"north": {"uv": [1, 0], "uv_size": [-1, 1]},
								"east": {"uv": [1, 0], "uv_size": [-1, 1]},
								"south": {"uv": [1, 0], "uv_size": [-1, 1]},
								"west": {"uv": [1, 0], "uv_size": [-1, 1]},
								"up": {"uv": [0, 1], "uv_size": [1, -1]},
								"down": {"uv": [0, 1], "uv_size": [1, -1]}
							}
						}
					]
				},
				{
					"name": "bunchPart25",
					"parent": "bunch21",
					"pivot": [-5.0276, 32.66314, 2],
					"cubes": [
						{
							"origin": [-5.9276, 33.16314, 8.95994],
							"size": [2, 1.8, 3.5],
							"inflate": 0.1,
							"pivot": [-7.13718, 30.95327, 8.95994],
							"rotation": [49.75742, -5.73853, 4.83711],
							"uv": {
								"north": {"uv": [1, 0], "uv_size": [-1, 1]},
								"east": {"uv": [1, 0], "uv_size": [-1, 1]},
								"south": {"uv": [1, 0], "uv_size": [-1, 1]},
								"west": {"uv": [1, 0], "uv_size": [-1, 1]},
								"up": {"uv": [0, 1], "uv_size": [1, -1]},
								"down": {"uv": [0, 1], "uv_size": [1, -1]}
							}
						}
					]
				},
				{
					"name": "bunch48",
					"parent": "hair",
					"pivot": [5, 31, 1],
					"cubes": [
						{
							"origin": [1.82241, 25.0629, 17.23206],
							"size": [2.3, 2.3, 5],
							"inflate": 0.1,
							"pivot": [4.0276, 0.66314, 0],
							"rotation": [27.5, 12.5, 0],
							"uv": {
								"north": {"uv": [0, 0], "uv_size": [1, 1]},
								"east": {"uv": [0, 0], "uv_size": [1, 1]},
								"south": {"uv": [0, 0], "uv_size": [1, 1]},
								"west": {"uv": [0, 0], "uv_size": [1, 1]},
								"up": {"uv": [1, 1], "uv_size": [-1, -1]},
								"down": {"uv": [1, 1], "uv_size": [-1, -1]}
							}
						}
					]
				},
				{
					"name": "bunchPart4",
					"parent": "bunch48",
					"pivot": [5.0276, 32.66314, 2],
					"cubes": [
						{
							"origin": [3.9276, 33.16314, 8.95994],
							"size": [2, 1.8, 3.5],
							"inflate": 0.1,
							"pivot": [7.13718, 30.95327, 8.95994],
							"rotation": [49.75742, 5.73853, -4.83711],
							"uv": {
								"north": {"uv": [0, 0], "uv_size": [1, 1]},
								"east": {"uv": [0, 0], "uv_size": [1, 1]},
								"south": {"uv": [0, 0], "uv_size": [1, 1]},
								"west": {"uv": [0, 0], "uv_size": [1, 1]},
								"up": {"uv": [1, 1], "uv_size": [-1, -1]},
								"down": {"uv": [1, 1], "uv_size": [-1, -1]}
							}
						}
					]
				},
				{
					"name": "bunch22",
					"parent": "hair",
					"pivot": [1, 31, 3],
					"cubes": [
						{
							"origin": [8, 20, 21],
							"size": [2, 2, 5],
							"inflate": 0.1,
							"pivot": [0, 0, 0],
							"rotation": [27.13144, 40.85641, -19.46568],
							"uv": {
								"north": {"uv": [0, 0], "uv_size": [1, 1]},
								"east": {"uv": [0, 0], "uv_size": [1, 1]},
								"south": {"uv": [0, 0], "uv_size": [1, 1]},
								"west": {"uv": [0, 0], "uv_size": [1, 1]},
								"up": {"uv": [1, 1], "uv_size": [-1, -1]},
								"down": {"uv": [1, 1], "uv_size": [-1, -1]}
							}
						}
					]
				},
				{
					"name": "bunchPart26",
					"parent": "bunch22",
					"pivot": [1, 31, 5],
					"cubes": [
						{
							"origin": [9.28315, 32.2, 9.76785],
							"size": [1.8, 1.8, 3],
							"inflate": 0.1,
							"pivot": [4.38332, 24.52931, 8.76785],
							"rotation": [24.60688, 20.42192, -27.21903],
							"uv": {
								"north": {"uv": [0, 0], "uv_size": [1, 1]},
								"east": {"uv": [0, 0], "uv_size": [1, 1]},
								"south": {"uv": [0, 0], "uv_size": [1, 1]},
								"west": {"uv": [0, 0], "uv_size": [1, 1]},
								"up": {"uv": [1, 1], "uv_size": [-1, -1]},
								"down": {"uv": [1, 1], "uv_size": [-1, -1]}
							}
						}
					]
				},
				{
					"name": "bunch65",
					"parent": "hair",
					"pivot": [-1, 31, 3],
					"cubes": [
						{
							"origin": [-10, 20, 21],
							"size": [2, 2, 5],
							"inflate": 0.1,
							"pivot": [0, 0, 0],
							"rotation": [27.13144, -40.85641, 19.46568],
							"uv": {
								"north": {"uv": [1, 0], "uv_size": [-1, 1]},
								"east": {"uv": [1, 0], "uv_size": [-1, 1]},
								"south": {"uv": [1, 0], "uv_size": [-1, 1]},
								"west": {"uv": [1, 0], "uv_size": [-1, 1]},
								"up": {"uv": [0, 1], "uv_size": [1, -1]},
								"down": {"uv": [0, 1], "uv_size": [1, -1]}
							}
						}
					]
				},
				{
					"name": "bunchPart2",
					"parent": "bunch65",
					"pivot": [-1, 31, 5],
					"cubes": [
						{
							"origin": [-11.08315, 32.2, 9.76785],
							"size": [1.8, 1.8, 3],
							"inflate": 0.1,
							"pivot": [-4.38332, 24.52931, 8.76785],
							"rotation": [24.60688, -20.42192, 27.21903],
							"uv": {
								"north": {"uv": [1, 0], "uv_size": [-1, 1]},
								"east": {"uv": [1, 0], "uv_size": [-1, 1]},
								"south": {"uv": [1, 0], "uv_size": [-1, 1]},
								"west": {"uv": [1, 0], "uv_size": [-1, 1]},
								"up": {"uv": [0, 1], "uv_size": [1, -1]},
								"down": {"uv": [0, 1], "uv_size": [1, -1]}
							}
						}
					]
				},
				{
					"name": "bunch23",
					"parent": "hair",
					"pivot": [-1, 31, 3],
					"cubes": [
						{
							"origin": [2, 19, 23],
							"size": [2, 2, 5],
							"inflate": 0.1,
							"pivot": [0, 0, 0],
							"rotation": [41.81615, 8.40819, -9.28293],
							"uv": {
								"north": {"uv": [0, 0], "uv_size": [1, 1]},
								"east": {"uv": [0, 0], "uv_size": [1, 1]},
								"south": {"uv": [0, 0], "uv_size": [1, 1]},
								"west": {"uv": [0, 0], "uv_size": [1, 1]},
								"up": {"uv": [1, 1], "uv_size": [-1, -1]},
								"down": {"uv": [1, 1], "uv_size": [-1, -1]}
							}
						}
					]
				},
				{
					"name": "bunchPart27",
					"parent": "bunch23",
					"pivot": [0, 31, 5],
					"cubes": [
						{
							"origin": [-1.7, 35.2, 9.76778],
							"size": [1.8, 1.8, 4],
							"inflate": 0.1,
							"pivot": [0.59218, 30.91283, 10.76778],
							"rotation": [54.75489, 5.05904, -5.54401],
							"uv": {
								"north": {"uv": [0, 0], "uv_size": [1, 1]},
								"east": {"uv": [0, 0], "uv_size": [1, 1]},
								"south": {"uv": [0, 0], "uv_size": [1, 1]},
								"west": {"uv": [0, 0], "uv_size": [1, 1]},
								"up": {"uv": [1, 1], "uv_size": [-1, -1]},
								"down": {"uv": [1, 1], "uv_size": [-1, -1]}
							}
						}
					]
				},
				{
					"name": "bunch67",
					"parent": "hair",
					"pivot": [1, 31, 3],
					"cubes": [
						{
							"origin": [-4, 19, 23],
							"size": [2, 2, 5],
							"inflate": 0.1,
							"pivot": [0, 0, 0],
							"rotation": [41.81615, -8.40819, 9.28293],
							"uv": {
								"north": {"uv": [1, 0], "uv_size": [-1, 1]},
								"east": {"uv": [1, 0], "uv_size": [-1, 1]},
								"south": {"uv": [1, 0], "uv_size": [-1, 1]},
								"west": {"uv": [1, 0], "uv_size": [-1, 1]},
								"up": {"uv": [0, 1], "uv_size": [1, -1]},
								"down": {"uv": [0, 1], "uv_size": [1, -1]}
							}
						}
					]
				},
				{
					"name": "bunchPart10",
					"parent": "bunch67",
					"pivot": [0, 31, 5],
					"cubes": [
						{
							"origin": [-0.1, 35.2, 9.76778],
							"size": [1.8, 1.8, 4],
							"inflate": 0.1,
							"pivot": [-0.59218, 30.91283, 10.76778],
							"rotation": [54.75489, -5.05904, 5.54401],
							"uv": {
								"north": {"uv": [1, 0], "uv_size": [-1, 1]},
								"east": {"uv": [1, 0], "uv_size": [-1, 1]},
								"south": {"uv": [1, 0], "uv_size": [-1, 1]},
								"west": {"uv": [1, 0], "uv_size": [-1, 1]},
								"up": {"uv": [0, 1], "uv_size": [1, -1]},
								"down": {"uv": [0, 1], "uv_size": [1, -1]}
							}
						}
					]
				},
				{
					"name": "bunch24",
					"parent": "hair",
					"pivot": [-3, 32, 1],
					"cubes": [
						{
							"origin": [-4.56152, 29.20113, -21.5],
							"size": [2.5, 4.5, 2.5],
							"inflate": 0.1,
							"pivot": [-1.76152, -0.35774, 0.12949],
							"rotation": [-37.64168, -7.15102, 2.26708],
							"uv": {
								"north": {"uv": [1, 0], "uv_size": [-1, 1]},
								"east": {"uv": [1, 0], "uv_size": [-1, 1]},
								"south": {"uv": [1, 0], "uv_size": [-1, 1]},
								"west": {"uv": [1, 0], "uv_size": [-1, 1]},
								"up": {"uv": [0, 1], "uv_size": [1, -1]},
								"down": {"uv": [0, 1], "uv_size": [1, -1]}
							}
						},
						{
							"origin": [-7.55243, 30.00113, -12],
							"size": [3, 5, 3],
							"inflate": 0.1,
							"pivot": [0.04757, 0.00113, 0],
							"rotation": [-24.15046, -20.96928, 8.17763],
							"uv": {
								"north": {"uv": [1, 0], "uv_size": [-1, 1]},
								"east": {"uv": [1, 0], "uv_size": [-1, 1]},
								"south": {"uv": [1, 0], "uv_size": [-1, 1]},
								"west": {"uv": [1, 0], "uv_size": [-1, 1]},
								"up": {"uv": [0, 1], "uv_size": [1, -1]},
								"down": {"uv": [0, 1], "uv_size": [1, -1]}
							}
						}
					]
				},
				{
					"name": "bunchPart28",
					"parent": "bunch24",
					"pivot": [-2.95243, 31.00113, 5]
				},
				{
					"name": "bunch25",
					"parent": "hair",
					"pivot": [-3, 29, 3],
					"cubes": [
						{
							"origin": [-4.11146, 27.34206, 3],
							"size": [2, 2, 4],
							"inflate": 0.1,
							"pivot": [-3.01146, 28.14206, 4],
							"rotation": [24.12168, -31.9346, -20.23883],
							"uv": {
								"north": {"uv": [1, 0], "uv_size": [-1, 1]},
								"east": {"uv": [1, 0], "uv_size": [-1, 1]},
								"south": {"uv": [1, 0], "uv_size": [-1, 1]},
								"west": {"uv": [1, 0], "uv_size": [-1, 1]},
								"up": {"uv": [0, 1], "uv_size": [1, -1]},
								"down": {"uv": [0, 1], "uv_size": [1, -1]}
							}
						}
					]
				},
				{
					"name": "bunchPart29",
					"parent": "bunch25",
					"pivot": [2.98854, 29.14206, 5],
					"cubes": [
						{
							"origin": [-5.51146, 29.04206, 4.78177],
							"size": [1.8, 1.8, 4],
							"inflate": 0.1,
							"pivot": [-5.73158, 28.76422, 6.78177],
							"rotation": [42.85542, -16.26733, -7.67527],
							"uv": {
								"north": {"uv": [1, 0], "uv_size": [-1, 1]},
								"east": {"uv": [1, 0], "uv_size": [-1, 1]},
								"south": {"uv": [1, 0], "uv_size": [-1, 1]},
								"west": {"uv": [1, 0], "uv_size": [-1, 1]},
								"up": {"uv": [0, 1], "uv_size": [1, -1]},
								"down": {"uv": [0, 1], "uv_size": [1, -1]}
							}
						}
					]
				},
				{
					"name": "bunch26",
					"parent": "hair",
					"pivot": [-1, 28, 5],
					"cubes": [
						{
							"origin": [-1.83078, 27.40946, 3.60028],
							"size": [2, 2, 4],
							"inflate": 0.1,
							"pivot": [0.06922, 28.0956, 4],
							"rotation": [25.76926, -13.56626, -6.46066],
							"uv": {
								"north": {"uv": [1, 0], "uv_size": [-1, 1]},
								"east": {"uv": [1, 0], "uv_size": [-1, 1]},
								"south": {"uv": [1, 0], "uv_size": [-1, 1]},
								"west": {"uv": [1, 0], "uv_size": [-1, 1]},
								"up": {"uv": [0, 1], "uv_size": [1, -1]},
								"down": {"uv": [0, 1], "uv_size": [1, -1]}
							}
						}
					]
				},
				{
					"name": "bone",
					"parent": "bunch26",
					"pivot": [0.06922, 28.0956, 4]
				},
				{
					"name": "bunchPart30",
					"parent": "bunch26",
					"pivot": [1.06922, 29.0956, 5],
					"cubes": [
						{
							"origin": [-1.03078, 20.5956, 18.85729],
							"size": [1.8, 1.8, 4],
							"inflate": 0.1,
							"pivot": [0.84485, 6.26366, 0.85729],
							"rotation": [37.58957, -4.43385, -2.31336],
							"uv": {
								"north": {"uv": [1, 0], "uv_size": [-1, 1]},
								"east": {"uv": [1, 0], "uv_size": [-1, 1]},
								"south": {"uv": [1, 0], "uv_size": [-1, 1]},
								"west": {"uv": [1, 0], "uv_size": [-1, 1]},
								"up": {"uv": [0, 1], "uv_size": [1, -1]},
								"down": {"uv": [0, 1], "uv_size": [1, -1]}
							}
						}
					]
				},
				{
					"name": "bunch27",
					"parent": "hair",
					"pivot": [1, 28, 5],
					"cubes": [
						{
							"origin": [-0.15263, 27.45695, 3.60028],
							"size": [2, 2, 4],
							"inflate": 0.1,
							"pivot": [-0.05263, 28.14309, 4],
							"rotation": [25.76926, 13.56626, 6.46066],
							"uv": {
								"north": {"uv": [0, 0], "uv_size": [1, 1]},
								"east": {"uv": [0, 0], "uv_size": [1, 1]},
								"south": {"uv": [0, 0], "uv_size": [1, 1]},
								"west": {"uv": [0, 0], "uv_size": [1, 1]},
								"up": {"uv": [1, 1], "uv_size": [-1, -1]},
								"down": {"uv": [1, 1], "uv_size": [-1, -1]}
							}
						},
						{
							"origin": [-0.75263, 20.64309, 18.85729],
							"size": [1.8, 1.8, 4],
							"inflate": 0.1,
							"pivot": [-0.82826, 6.31115, 0.85729],
							"rotation": [37.58957, 4.43385, 2.31336],
							"uv": {
								"north": {"uv": [0, 0], "uv_size": [1, 1]},
								"east": {"uv": [0, 0], "uv_size": [1, 1]},
								"south": {"uv": [0, 0], "uv_size": [1, 1]},
								"west": {"uv": [0, 0], "uv_size": [1, 1]},
								"up": {"uv": [1, 1], "uv_size": [-1, -1]},
								"down": {"uv": [1, 1], "uv_size": [-1, -1]}
							}
						}
					]
				},
				{
					"name": "bunchPart31",
					"parent": "bunch27",
					"pivot": [-1.05263, 29.14309, 5]
				},
				{
					"name": "bunch28",
					"parent": "hair",
					"pivot": [3, 29, 3],
					"cubes": [
						{
							"origin": [2.10016, 27.18464, 3],
							"size": [2, 2, 4],
							"inflate": 0.1,
							"pivot": [3.00016, 27.98464, 4],
							"rotation": [24.12168, 31.9346, 20.23883],
							"uv": {
								"north": {"uv": [0, 0], "uv_size": [1, 1]},
								"east": {"uv": [0, 0], "uv_size": [1, 1]},
								"south": {"uv": [0, 0], "uv_size": [1, 1]},
								"west": {"uv": [0, 0], "uv_size": [1, 1]},
								"up": {"uv": [1, 1], "uv_size": [-1, -1]},
								"down": {"uv": [1, 1], "uv_size": [-1, -1]}
							}
						},
						{
							"origin": [3.70016, 28.88464, 4.78177],
							"size": [1.8, 1.8, 4],
							"inflate": 0.1,
							"pivot": [5.72028, 28.6068, 6.78177],
							"rotation": [42.85542, 16.26733, 7.67527],
							"uv": {
								"north": {"uv": [0, 0], "uv_size": [1, 1]},
								"east": {"uv": [0, 0], "uv_size": [1, 1]},
								"south": {"uv": [0, 0], "uv_size": [1, 1]},
								"west": {"uv": [0, 0], "uv_size": [1, 1]},
								"up": {"uv": [1, 1], "uv_size": [-1, -1]},
								"down": {"uv": [1, 1], "uv_size": [-1, -1]}
							}
						}
					]
				},
				{
					"name": "bunchPart32",
					"parent": "bunch28",
					"pivot": [-2.99984, 28.98464, 5]
				},
				{
					"name": "bunch29",
					"parent": "hair",
					"pivot": [-3, 31, 3]
				},
				{
					"name": "bunchPart33",
					"parent": "bunch29",
					"pivot": [-5, 31, 3]
				},
				{
					"name": "bunch30",
					"parent": "hair",
					"pivot": [-3, 31, 1]
				},
				{
					"name": "bunchPart34",
					"parent": "bunch30",
					"pivot": [-5, 31, 1]
				},
				{
					"name": "bunch31",
					"parent": "hair",
					"pivot": [-3, 31, -1]
				},
				{
					"name": "bunchPart35",
					"parent": "bunch31",
					"pivot": [-5, 31, -1]
				},
				{
					"name": "bunch32",
					"parent": "hair",
					"pivot": [-3, 31, -3]
				},
				{
					"name": "bunchPart36",
					"parent": "bunch32",
					"pivot": [-5, 31, -3]
				},
				{
					"name": "bunch33",
					"parent": "hair",
					"pivot": [-3, 29, 3]
				},
				{
					"name": "bunchPart37",
					"parent": "bunch33",
					"pivot": [-5, 29, 3]
				},
				{
					"name": "bunch34",
					"parent": "hair",
					"pivot": [-3, 29, 1]
				},
				{
					"name": "bunchPart38",
					"parent": "bunch34",
					"pivot": [-5, 29, 1]
				},
				{
					"name": "bunch35",
					"parent": "hair",
					"pivot": [-3, 29, -1]
				},
				{
					"name": "bunchPart39",
					"parent": "bunch35",
					"pivot": [-5, 29, -1]
				},
				{
					"name": "bunch36",
					"parent": "hair",
					"pivot": [3, 31, -3]
				},
				{
					"name": "bunchPart40",
					"parent": "bunch36",
					"pivot": [5, 31, -3]
				},
				{
					"name": "bunch37",
					"parent": "hair",
					"pivot": [3, 31, -1]
				},
				{
					"name": "bunchPart41",
					"parent": "bunch37",
					"pivot": [5, 31, -1]
				},
				{
					"name": "bunch38",
					"parent": "hair",
					"pivot": [3, 31, 1]
				},
				{
					"name": "bunchPart42",
					"parent": "bunch38",
					"pivot": [5, 31, 1]
				},
				{
					"name": "bunch39",
					"parent": "hair",
					"pivot": [3, 31, 3]
				},
				{
					"name": "bunchPart43",
					"parent": "bunch39",
					"pivot": [5, 31, 3]
				},
				{
					"name": "bunch40",
					"parent": "hair",
					"pivot": [3, 29, -1]
				},
				{
					"name": "bunchPart44",
					"parent": "bunch40",
					"pivot": [5, 29, -1]
				},
				{
					"name": "bunch41",
					"parent": "hair",
					"pivot": [3, 29, 1]
				},
				{
					"name": "bunchPart45",
					"parent": "bunch41",
					"pivot": [5, 29, 1]
				},
				{
					"name": "bunch42",
					"parent": "hair",
					"pivot": [3, 29, 3]
				},
				{
					"name": "bunchPart46",
					"parent": "bunch42",
					"pivot": [5, 29, 3]
				},
				{
					"name": "bunch43",
					"parent": "hair",
					"pivot": [3, 27, 3]
				},
				{
					"name": "bunchPart47",
					"parent": "bunch43",
					"pivot": [3, 27, 5]
				},
				{
					"name": "bunch44",
					"parent": "hair",
					"pivot": [4, 27, 3],
					"cubes": [
						{
							"origin": [9.00545, 25.07463, -3],
							"size": [3, 2, 2],
							"inflate": 0.1,
							"pivot": [0.00545, 0.07463, 0],
							"rotation": [2.48097, -29.74443, -13.54741],
							"uv": {
								"north": {"uv": [1, 0], "uv_size": [-1, 1]},
								"east": {"uv": [1, 0], "uv_size": [-1, 1]},
								"south": {"uv": [1, 0], "uv_size": [-1, 1]},
								"west": {"uv": [1, 0], "uv_size": [-1, 1]},
								"up": {"uv": [0, 1], "uv_size": [1, -1]},
								"down": {"uv": [0, 1], "uv_size": [1, -1]}
							}
						},
						{
							"origin": [15.43492, 21.00007, -8.7],
							"size": [2, 1.8, 1.8],
							"inflate": 0.1,
							"pivot": [-7.56508, -5.09993, -1.88111],
							"rotation": [6.95631, -33.59323, -21.13757],
							"uv": {
								"north": {"uv": [1, 0], "uv_size": [-1, 1]},
								"east": {"uv": [1, 0], "uv_size": [-1, 1]},
								"south": {"uv": [1, 0], "uv_size": [-1, 1]},
								"west": {"uv": [1, 0], "uv_size": [-1, 1]},
								"up": {"uv": [0, 1], "uv_size": [1, -1]},
								"down": {"uv": [0, 1], "uv_size": [1, -1]}
							}
						}
					]
				},
				{
					"name": "bunchPart48",
					"parent": "bunch44",
					"pivot": [1.00545, 27.07463, 5]
				},
				{
					"name": "bunch45",
					"parent": "hair",
					"pivot": [-4, 29, 1],
					"cubes": [
						{
							"origin": [-5.98473, 28.0231, 0],
							"size": [3, 2, 2],
							"inflate": 0.1,
							"uv": {
								"north": {"uv": [0, 0], "uv_size": [1, 1]},
								"east": {"uv": [0, 0], "uv_size": [1, 1]},
								"south": {"uv": [0, 0], "uv_size": [1, 1]},
								"west": {"uv": [0, 0], "uv_size": [1, 1]},
								"up": {"uv": [0, 0], "uv_size": [1, 1]},
								"down": {"uv": [0, 0], "uv_size": [1, 1]}
							}
						},
						{
							"origin": [-7.98473, 28.1231, -2.9],
							"size": [3, 1.8, 1.8],
							"inflate": 0.1,
							"pivot": [0.01527, 0.0231, 0],
							"rotation": [0, 30, 0],
							"uv": {
								"north": {"uv": [0, 0], "uv_size": [1, 1]},
								"east": {"uv": [0, 0], "uv_size": [1, 1]},
								"south": {"uv": [0, 0], "uv_size": [1, 1]},
								"west": {"uv": [0, 0], "uv_size": [1, 1]},
								"up": {"uv": [0, 0], "uv_size": [1, 1]},
								"down": {"uv": [0, 0], "uv_size": [1, 1]}
							}
						}
					]
				},
				{
					"name": "bunchPart49",
					"parent": "bunch45",
					"pivot": [-0.98473, 27.0231, 5]
				},
				{
					"name": "bunch46",
					"parent": "hair",
					"pivot": [-4, 32, 3],
					"cubes": [
						{
							"origin": [-25.29796, 19.98271, -1],
							"size": [3, 2, 2],
							"inflate": 0.1,
							"pivot": [-0.29796, -0.01729, 0],
							"rotation": [19.36497, 23.37058, 41.542],
							"uv": {
								"north": {"uv": [0, 0], "uv_size": [1, 1]},
								"east": {"uv": [0, 0], "uv_size": [1, 1]},
								"south": {"uv": [0, 0], "uv_size": [1, 1]},
								"west": {"uv": [0, 0], "uv_size": [1, 1]},
								"up": {"uv": [1, 1], "uv_size": [-1, -1]},
								"down": {"uv": [1, 1], "uv_size": [-1, -1]}
							}
						},
						{
							"origin": [-16.64232, 24.51843, -4.9],
							"size": [3, 1.8, 1.8],
							"inflate": 0.1,
							"pivot": [10.35768, 2.41843, 2.18947],
							"rotation": [12.40225, 27.38656, 21.86696],
							"uv": {
								"north": {"uv": [0, 0], "uv_size": [1, 1]},
								"east": {"uv": [0, 0], "uv_size": [1, 1]},
								"south": {"uv": [0, 0], "uv_size": [1, 1]},
								"west": {"uv": [0, 0], "uv_size": [1, 1]},
								"up": {"uv": [1, 1], "uv_size": [-1, -1]},
								"down": {"uv": [1, 1], "uv_size": [-1, -1]}
							}
						}
					]
				},
				{
					"name": "bunchPart50",
					"parent": "bunch46",
					"pivot": [-3.29796, 26.98271, 5]
				},
				{
					"name": "bunch47",
					"parent": "hair",
					"pivot": [4, 32, 3],
					"cubes": [
						{
							"origin": [22.01171, 20.0379, -1],
							"size": [3, 2, 2],
							"inflate": 0.1,
							"pivot": [0.01171, 0.0379, 0],
							"rotation": [19.36497, -23.37058, -41.542],
							"uv": {
								"north": {"uv": [1, 0], "uv_size": [-1, 1]},
								"east": {"uv": [1, 0], "uv_size": [-1, 1]},
								"south": {"uv": [1, 0], "uv_size": [-1, 1]},
								"west": {"uv": [1, 0], "uv_size": [-1, 1]},
								"up": {"uv": [0, 1], "uv_size": [1, -1]},
								"down": {"uv": [0, 1], "uv_size": [1, -1]}
							}
						},
						{
							"origin": [13.35607, 24.57362, -4.9],
							"size": [3, 1.8, 1.8],
							"inflate": 0.1,
							"pivot": [-10.64393, 2.47362, 2.18947],
							"rotation": [12.40225, -27.38656, -21.86696],
							"uv": {
								"north": {"uv": [1, 0], "uv_size": [-1, 1]},
								"east": {"uv": [1, 0], "uv_size": [-1, 1]},
								"south": {"uv": [1, 0], "uv_size": [-1, 1]},
								"west": {"uv": [1, 0], "uv_size": [-1, 1]},
								"up": {"uv": [0, 1], "uv_size": [1, -1]},
								"down": {"uv": [0, 1], "uv_size": [1, -1]}
							}
						}
					]
				},
				{
					"name": "bunchPart51",
					"parent": "bunch47",
					"pivot": [-4.98829, 31.0379, 3]
				},
				{
					"name": "bunch49",
					"parent": "hair",
					"pivot": [-3, 31, -1],
					"cubes": [
						{
							"origin": [-14.8, 27, -7],
							"size": [3, 2, 2],
							"inflate": 0.1,
							"pivot": [0, 0, 0],
							"rotation": [4.11405, 22.13991, 20.80524],
							"uv": {
								"north": {"uv": [0, 0], "uv_size": [1, 1]},
								"east": {"uv": [0, 0], "uv_size": [1, 1]},
								"south": {"uv": [0, 0], "uv_size": [1, 1]},
								"west": {"uv": [0, 0], "uv_size": [1, 1]},
								"up": {"uv": [0, 0], "uv_size": [1, 1]},
								"down": {"uv": [0, 0], "uv_size": [1, 1]}
							}
						}
					]
				},
				{
					"name": "bunchPart53",
					"parent": "bunch49",
					"pivot": [-5, 31, -1]
				},
				{
					"name": "bunch51",
					"parent": "hair",
					"pivot": [-3, 29, 3],
					"cubes": [
						{
							"origin": [-12, 27, -3],
							"size": [3, 2, 2],
							"inflate": 0.1,
							"pivot": [0, 0, 0],
							"rotation": [11.85816, 51.462, 16.1202],
							"uv": {
								"north": {"uv": [0, 0], "uv_size": [1, 1]},
								"east": {"uv": [0, 0], "uv_size": [1, 1]},
								"south": {"uv": [0, 0], "uv_size": [1, 1]},
								"west": {"uv": [0, 0], "uv_size": [1, 1]},
								"up": {"uv": [1, 1], "uv_size": [-1, -1]},
								"down": {"uv": [1, 1], "uv_size": [-1, -1]}
							}
						}
					]
				},
				{
					"name": "bunchPart55",
					"parent": "bunch51",
					"pivot": [-5, 31, 3],
					"cubes": [
						{
							"origin": [-22.05628, 22.02836, -5.4],
							"size": [3, 1.8, 1.8],
							"inflate": 0.1,
							"pivot": [0.94372, -0.07164, -0.8788],
							"rotation": [48.10617, 55.03389, 53.67935],
							"uv": {
								"north": {"uv": [0, 0], "uv_size": [1, 1]},
								"east": {"uv": [0, 0], "uv_size": [1, 1]},
								"south": {"uv": [0, 0], "uv_size": [1, 1]},
								"west": {"uv": [0, 0], "uv_size": [1, 1]},
								"up": {"uv": [1, 1], "uv_size": [-1, -1]},
								"down": {"uv": [1, 1], "uv_size": [-1, -1]}
							}
						}
					]
				},
				{
					"name": "bunch66",
					"parent": "hair",
					"pivot": [3, 29, 3],
					"cubes": [
						{
							"origin": [9, 27, -3],
							"size": [3, 2, 2],
							"inflate": 0.1,
							"pivot": [0, 0, 0],
							"rotation": [11.85816, -51.462, -16.1202],
							"uv": {
								"north": {"uv": [1, 0], "uv_size": [-1, 1]},
								"east": {"uv": [1, 0], "uv_size": [-1, 1]},
								"south": {"uv": [1, 0], "uv_size": [-1, 1]},
								"west": {"uv": [1, 0], "uv_size": [-1, 1]},
								"up": {"uv": [0, 1], "uv_size": [1, -1]},
								"down": {"uv": [0, 1], "uv_size": [1, -1]}
							}
						}
					]
				},
				{
					"name": "bunchPart6",
					"parent": "bunch66",
					"pivot": [5, 31, 3],
					"cubes": [
						{
							"origin": [19.05628, 22.02836, -5.4],
							"size": [3, 1.8, 1.8],
							"inflate": 0.1,
							"pivot": [-0.94372, -0.07164, -0.8788],
							"rotation": [48.10617, -55.03389, -53.67935],
							"uv": {
								"north": {"uv": [1, 0], "uv_size": [-1, 1]},
								"east": {"uv": [1, 0], "uv_size": [-1, 1]},
								"south": {"uv": [1, 0], "uv_size": [-1, 1]},
								"west": {"uv": [1, 0], "uv_size": [-1, 1]},
								"up": {"uv": [0, 1], "uv_size": [1, -1]},
								"down": {"uv": [0, 1], "uv_size": [1, -1]}
							}
						}
					]
				},
				{
					"name": "bunch52",
					"parent": "hair",
					"pivot": [-5, 31, 0],
					"cubes": [
						{
							"origin": [-12.17408, 28.85649, -2],
							"size": [4, 2, 2],
							"inflate": 0.1,
							"pivot": [-0.17408, -0.14351, 0],
							"rotation": [2.00307, 14.8687, 7.7614],
							"uv": {
								"north": {"uv": [0, 0], "uv_size": [1, 1]},
								"east": {"uv": [0, 0], "uv_size": [1, 1]},
								"south": {"uv": [0, 0], "uv_size": [1, 1]},
								"west": {"uv": [0, 0], "uv_size": [1, 1]},
								"up": {"uv": [0, 0], "uv_size": [1, 1]},
								"down": {"uv": [0, 0], "uv_size": [1, 1]}
							}
						},
						{
							"origin": [-26.38923, 21.82935, -4.25],
							"size": [3, 1.8, 1.8],
							"inflate": 0.1,
							"pivot": [2.61077, -7.27065, -4.56704],
							"rotation": [9.92926, 20.29348, 26.78135],
							"uv": {
								"north": {"uv": [0, 0], "uv_size": [1, 1]},
								"east": {"uv": [0, 0], "uv_size": [1, 1]},
								"south": {"uv": [0, 0], "uv_size": [1, 1]},
								"west": {"uv": [0, 0], "uv_size": [1, 1]},
								"up": {"uv": [0, 0], "uv_size": [1, 1]},
								"down": {"uv": [0, 0], "uv_size": [1, 1]}
							}
						}
					]
				},
				{
					"name": "bunchPart56",
					"parent": "bunch52",
					"pivot": [-5.17408, 28.85649, 1]
				},
				{
					"name": "bunch53",
					"parent": "hair",
					"pivot": [-3, 29, -1],
					"cubes": [
						{
							"origin": [-7, 28, -2],
							"size": [4, 2, 2],
							"inflate": 0.1,
							"uv": {
								"north": {"uv": [0, 0], "uv_size": [1, 1]},
								"east": {"uv": [0, 0], "uv_size": [1, 1]},
								"south": {"uv": [0, 0], "uv_size": [1, 1]},
								"west": {"uv": [0, 0], "uv_size": [1, 1]},
								"up": {"uv": [1, 1], "uv_size": [-1, -1]},
								"down": {"uv": [1, 1], "uv_size": [-1, -1]}
							}
						}
					]
				},
				{
					"name": "bunchPart57",
					"parent": "bunch53",
					"pivot": [-5, 29, -1],
					"cubes": [
						{
							"origin": [-17.06027, 25.13098, -1.8],
							"size": [4, 1.6, 1.6],
							"inflate": 0.1,
							"pivot": [-0.06027, 3.03098, -0.1],
							"rotation": [0, 0, 17.5],
							"uv": {
								"north": {"uv": [0, 0], "uv_size": [1, 1]},
								"east": {"uv": [0, 0], "uv_size": [1, 1]},
								"south": {"uv": [0, 0], "uv_size": [1, 1]},
								"west": {"uv": [0, 0], "uv_size": [1, 1]},
								"up": {"uv": [0, 0], "uv_size": [1, 1]},
								"down": {"uv": [0, 0], "uv_size": [1, 1]}
							}
						}
					]
				},
				{
					"name": "bunch54",
					"parent": "hair",
					"pivot": [-4, 27, 3],
					"cubes": [
						{
							"origin": [-12.00089, 24.95775, -3],
							"size": [3, 2, 2],
							"inflate": 0.1,
							"pivot": [-0.00089, -0.04225, 0],
							"rotation": [2.48097, 29.74443, 13.54741],
							"uv": {
								"north": {"uv": [0, 0], "uv_size": [1, 1]},
								"east": {"uv": [0, 0], "uv_size": [1, 1]},
								"south": {"uv": [0, 0], "uv_size": [1, 1]},
								"west": {"uv": [0, 0], "uv_size": [1, 1]},
								"up": {"uv": [1, 1], "uv_size": [-1, -1]},
								"down": {"uv": [1, 1], "uv_size": [-1, -1]}
							}
						}
					]
				},
				{
					"name": "bunchPart58",
					"parent": "bunch54",
					"pivot": [-5.00089, 26.95775, 3],
					"cubes": [
						{
							"origin": [-17.43039, 20.88319, -8.7],
							"size": [2, 1.8, 1.8],
							"inflate": 0.1,
							"pivot": [7.56964, -5.21681, -1.88111],
							"rotation": [6.95631, 33.59323, 21.13757],
							"uv": {
								"north": {"uv": [0, 0], "uv_size": [1, 1]},
								"east": {"uv": [0, 0], "uv_size": [1, 1]},
								"south": {"uv": [0, 0], "uv_size": [1, 1]},
								"west": {"uv": [0, 0], "uv_size": [1, 1]},
								"up": {"uv": [1, 1], "uv_size": [-1, -1]},
								"down": {"uv": [1, 1], "uv_size": [-1, -1]}
							}
						}
					]
				},
				{
					"name": "bone2",
					"parent": "bunchPart58",
					"pivot": [-7.57142, -5.21681, -1.88111]
				},
				{
					"name": "bunch55",
					"parent": "hair",
					"pivot": [-3, 27, 1],
					"cubes": [
						{
							"origin": [-5, 26, -1],
							"size": [2, 2, 2],
							"inflate": 0.1,
							"uv": {
								"north": {"uv": [0, 0], "uv_size": [1, 1]},
								"east": {"uv": [0, 0], "uv_size": [1, 1]},
								"south": {"uv": [0, 0], "uv_size": [1, 1]},
								"west": {"uv": [0, 0], "uv_size": [1, 1]},
								"up": {"uv": [1, 1], "uv_size": [-1, -1]},
								"down": {"uv": [1, 1], "uv_size": [-1, -1]}
							}
						}
					]
				},
				{
					"name": "bunchPart59",
					"parent": "bunch55",
					"pivot": [-5, 27, 1],
					"cubes": [
						{
							"origin": [-1.12003, 28.2, -0.9],
							"size": [3, 1.8, 1.8],
							"inflate": 0.1,
							"pivot": [5.87997, 2.32229, -0.1],
							"rotation": [0, 0, -15],
							"uv": {
								"north": {"uv": [0, 0], "uv_size": [1, 1]},
								"east": {"uv": [0, 0], "uv_size": [1, 1]},
								"south": {"uv": [0, 0], "uv_size": [1, 1]},
								"west": {"uv": [0, 0], "uv_size": [1, 1]},
								"up": {"uv": [1, 1], "uv_size": [-1, -1]},
								"down": {"uv": [1, 1], "uv_size": [-1, -1]}
							}
						}
					]
				},
				{
					"name": "bunch56",
					"parent": "hair",
					"pivot": [2, 30, -2],
					"rotation": [-60.3662, 19.26584, -12.21362],
					"cubes": [
						{
							"origin": [3, 28, -3],
							"size": [3, 3, 3],
							"inflate": 0.1,
							"pivot": [1, 30, -3],
							"rotation": [-15.06885, 29.14089, -28.93803],
							"uv": {
								"north": {"uv": [1, 0], "uv_size": [-1, 1]},
								"east": {"uv": [1, 0], "uv_size": [-1, 1]},
								"south": {"uv": [1, 0], "uv_size": [-1, 1]},
								"west": {"uv": [1, 0], "uv_size": [-1, 1]},
								"up": {"uv": [0, 1], "uv_size": [1, -1]},
								"down": {"uv": [0, 1], "uv_size": [1, -1]}
							}
						},
						{
							"origin": [35.60621, 46, -25.87223],
							"size": [4.5, 2.5, 2.5],
							"inflate": 0.1,
							"pivot": [30.60621, 12.30508, -19.97223],
							"rotation": [-36.54514, 9.06524, -67.9988],
							"uv": {
								"north": {"uv": [1, 0], "uv_size": [-1, 1]},
								"east": {"uv": [1, 0], "uv_size": [-1, 1]},
								"south": {"uv": [1, 0], "uv_size": [-1, 1]},
								"west": {"uv": [1, 0], "uv_size": [-1, 1]},
								"up": {"uv": [0, 1], "uv_size": [1, -1]},
								"down": {"uv": [0, 1], "uv_size": [1, -1]}
							}
						}
					]
				},
				{
					"name": "bunch50",
					"parent": "hair",
					"pivot": [-2, 30, -2],
					"rotation": [-60.3662, -19.26584, 12.21362],
					"cubes": [
						{
							"origin": [-6, 28, -3],
							"size": [3, 3, 3],
							"inflate": 0.1,
							"pivot": [-1, 30, -3],
							"rotation": [-15.06885, -29.14089, 28.93803],
							"uv": {
								"north": {"uv": [0, 0], "uv_size": [1, 1]},
								"east": {"uv": [0, 0], "uv_size": [1, 1]},
								"south": {"uv": [0, 0], "uv_size": [1, 1]},
								"west": {"uv": [0, 0], "uv_size": [1, 1]},
								"up": {"uv": [1, 1], "uv_size": [-1, -1]},
								"down": {"uv": [1, 1], "uv_size": [-1, -1]}
							}
						},
						{
							"origin": [-40.10621, 46, -25.87223],
							"size": [4.5, 2.5, 2.5],
							"inflate": 0.1,
							"pivot": [-30.60621, 12.30508, -19.97223],
							"rotation": [-36.54514, -9.06524, 67.9988],
							"uv": {
								"north": {"uv": [0, 0], "uv_size": [1, 1]},
								"east": {"uv": [0, 0], "uv_size": [1, 1]},
								"south": {"uv": [0, 0], "uv_size": [1, 1]},
								"west": {"uv": [0, 0], "uv_size": [1, 1]},
								"up": {"uv": [1, 1], "uv_size": [-1, -1]},
								"down": {"uv": [1, 1], "uv_size": [-1, -1]}
							}
						}
					]
				},
				{
					"name": "bunch57",
					"parent": "hair",
					"pivot": [4, 31, -2],
					"cubes": [
						{
							"origin": [11.80111, 26.9528, -7],
							"size": [3, 2, 2],
							"inflate": 0.1,
							"pivot": [0.00111, -0.0472, 0],
							"rotation": [4.11405, -22.13991, -20.80524],
							"uv": {
								"north": {"uv": [1, 0], "uv_size": [-1, 1]},
								"east": {"uv": [1, 0], "uv_size": [-1, 1]},
								"south": {"uv": [1, 0], "uv_size": [-1, 1]},
								"west": {"uv": [1, 0], "uv_size": [-1, 1]},
								"up": {"uv": [1, 0], "uv_size": [-1, 1]},
								"down": {"uv": [1, 0], "uv_size": [-1, 1]}
							}
						},
						{
							"origin": [-15.19889, 47.9528, -2.8],
							"size": [2, 3, 2],
							"inflate": 0.1,
							"pivot": [-22.8772, 17.23699, -0.63175],
							"rotation": [0, 0, 47.5],
							"uv": {
								"north": {"uv": [1, 0], "uv_size": [-1, 1]},
								"east": {"uv": [1, 0], "uv_size": [-1, 1]},
								"south": {"uv": [1, 0], "uv_size": [-1, 1]},
								"west": {"uv": [1, 0], "uv_size": [-1, 1]},
								"up": {"uv": [0, 1], "uv_size": [1, -1]},
								"down": {"uv": [0, 1], "uv_size": [1, -1]}
							}
						}
					]
				},
				{
					"name": "bunchPart61",
					"parent": "bunch57",
					"pivot": [5.00111, 30.9528, -1]
				},
				{
					"name": "bunch58",
					"parent": "hair",
					"pivot": [3, 31, 1],
					"cubes": [
						{
							"origin": [8, 29, -2],
							"size": [4, 2, 2],
							"inflate": 0.1,
							"pivot": [0, 0, 0],
							"rotation": [2.00307, -14.8687, -7.7614],
							"uv": {
								"north": {"uv": [1, 0], "uv_size": [-1, 1]},
								"east": {"uv": [1, 0], "uv_size": [-1, 1]},
								"south": {"uv": [1, 0], "uv_size": [-1, 1]},
								"west": {"uv": [1, 0], "uv_size": [-1, 1]},
								"up": {"uv": [1, 0], "uv_size": [-1, 1]},
								"down": {"uv": [1, 0], "uv_size": [-1, 1]}
							}
						}
					]
				},
				{
					"name": "bunchPart62",
					"parent": "bunch58",
					"pivot": [5, 31, 0],
					"cubes": [
						{
							"origin": [23.21515, 21.97286, -4.25],
							"size": [3, 1.8, 1.8],
							"inflate": 0.1,
							"pivot": [-2.78485, -7.12714, -4.56704],
							"rotation": [9.92926, -20.29348, -26.78135],
							"uv": {
								"north": {"uv": [1, 0], "uv_size": [-1, 1]},
								"east": {"uv": [1, 0], "uv_size": [-1, 1]},
								"south": {"uv": [1, 0], "uv_size": [-1, 1]},
								"west": {"uv": [1, 0], "uv_size": [-1, 1]},
								"up": {"uv": [1, 0], "uv_size": [-1, 1]},
								"down": {"uv": [1, 0], "uv_size": [-1, 1]}
							}
						}
					]
				},
				{
					"name": "bunch59",
					"parent": "hair",
					"pivot": [-5, 33, 1],
					"cubes": [
						{
							"origin": [-22.96542, 23.70075, -11],
							"size": [4, 2, 2],
							"inflate": 0.1,
							"pivot": [0.03458, -0.29925, 0],
							"rotation": [3.0277, 32.30614, 33.6716],
							"uv": {
								"north": {"uv": [0, 0], "uv_size": [1, 1]},
								"east": {"uv": [0, 0], "uv_size": [1, 1]},
								"south": {"uv": [0, 0], "uv_size": [1, 1]},
								"west": {"uv": [0, 0], "uv_size": [1, 1]},
								"up": {"uv": [0, 0], "uv_size": [1, 1]},
								"down": {"uv": [0, 0], "uv_size": [1, 1]}
							}
						}
					]
				},
				{
					"name": "bunch60",
					"parent": "hair",
					"pivot": [3, 29, -1],
					"cubes": [
						{
							"origin": [3, 28, -2],
							"size": [4, 2, 2],
							"inflate": 0.1,
							"uv": {
								"north": {"uv": [1, 0], "uv_size": [-1, 1]},
								"east": {"uv": [1, 0], "uv_size": [-1, 1]},
								"south": {"uv": [1, 0], "uv_size": [-1, 1]},
								"west": {"uv": [1, 0], "uv_size": [-1, 1]},
								"up": {"uv": [1, 0], "uv_size": [-1, 1]},
								"down": {"uv": [1, 0], "uv_size": [-1, 1]}
							}
						}
					]
				},
				{
					"name": "bunchPart64",
					"parent": "bunch60",
					"pivot": [5, 29, -1],
					"cubes": [
						{
							"origin": [13.06027, 25.13098, -1.8],
							"size": [4, 1.6, 1.6],
							"inflate": 0.1,
							"pivot": [0.06027, 3.03098, -0.1],
							"rotation": [0, 0, -17.5],
							"uv": {
								"north": {"uv": [1, 0], "uv_size": [-1, 1]},
								"east": {"uv": [1, 0], "uv_size": [-1, 1]},
								"south": {"uv": [1, 0], "uv_size": [-1, 1]},
								"west": {"uv": [1, 0], "uv_size": [-1, 1]},
								"up": {"uv": [1, 0], "uv_size": [-1, 1]},
								"down": {"uv": [1, 0], "uv_size": [-1, 1]}
							}
						}
					]
				},
				{
					"name": "bunch61",
					"parent": "hair",
					"pivot": [4, 29, 1],
					"cubes": [
						{
							"origin": [3.0037, 27.9141, 0],
							"size": [3, 2, 2],
							"inflate": 0.1,
							"uv": {
								"north": {"uv": [1, 0], "uv_size": [-1, 1]},
								"east": {"uv": [1, 0], "uv_size": [-1, 1]},
								"south": {"uv": [1, 0], "uv_size": [-1, 1]},
								"west": {"uv": [1, 0], "uv_size": [-1, 1]},
								"up": {"uv": [1, 0], "uv_size": [-1, 1]},
								"down": {"uv": [1, 0], "uv_size": [-1, 1]}
							}
						}
					]
				},
				{
					"name": "bunchPart65",
					"parent": "bunch61",
					"pivot": [5.0037, 28.9141, 1],
					"cubes": [
						{
							"origin": [5.0037, 28.0141, -2.9],
							"size": [3, 1.8, 1.8],
							"inflate": 0.1,
							"pivot": [0.0037, -0.0859, 0],
							"rotation": [0, -30, 0],
							"uv": {
								"north": {"uv": [1, 0], "uv_size": [-1, 1]},
								"east": {"uv": [1, 0], "uv_size": [-1, 1]},
								"south": {"uv": [1, 0], "uv_size": [-1, 1]},
								"west": {"uv": [1, 0], "uv_size": [-1, 1]},
								"up": {"uv": [1, 0], "uv_size": [-1, 1]},
								"down": {"uv": [1, 0], "uv_size": [-1, 1]}
							}
						}
					]
				},
				{
					"name": "bunch62",
					"parent": "hair",
					"pivot": [5, 33, 1],
					"cubes": [
						{
							"origin": [18.82855, 24.00651, -11],
							"size": [4, 2, 2],
							"inflate": 0.1,
							"pivot": [-0.17145, 0.00651, 0],
							"rotation": [3.0277, -32.30614, -33.6716],
							"uv": {
								"north": {"uv": [1, 0], "uv_size": [-1, 1]},
								"east": {"uv": [1, 0], "uv_size": [-1, 1]},
								"south": {"uv": [1, 0], "uv_size": [-1, 1]},
								"west": {"uv": [1, 0], "uv_size": [-1, 1]},
								"up": {"uv": [1, 0], "uv_size": [-1, 1]},
								"down": {"uv": [1, 0], "uv_size": [-1, 1]}
							}
						}
					]
				},
				{
					"name": "bunch63",
					"parent": "hair",
					"pivot": [3, 27, 1],
					"cubes": [
						{
							"origin": [3, 26, -1],
							"size": [2, 2, 2],
							"inflate": 0.1,
							"uv": {
								"north": {"uv": [1, 0], "uv_size": [-1, 1]},
								"east": {"uv": [1, 0], "uv_size": [-1, 1]},
								"south": {"uv": [1, 0], "uv_size": [-1, 1]},
								"west": {"uv": [1, 0], "uv_size": [-1, 1]},
								"up": {"uv": [1, 0], "uv_size": [-1, 1]},
								"down": {"uv": [1, 0], "uv_size": [-1, 1]}
							}
						}
					]
				},
				{
					"name": "bunchPart67",
					"parent": "bunch63",
					"pivot": [5, 27, 1],
					"cubes": [
						{
							"origin": [-2.12, 27.2, -0.9],
							"size": [3, 1.8, 1.8],
							"inflate": 0.1,
							"pivot": [-2.01627, 1.28701, -0.1],
							"rotation": [0, 0, 15],
							"uv": {
								"north": {"uv": [1, 0], "uv_size": [-1, 1]},
								"east": {"uv": [1, 0], "uv_size": [-1, 1]},
								"south": {"uv": [1, 0], "uv_size": [-1, 1]},
								"west": {"uv": [1, 0], "uv_size": [-1, 1]},
								"up": {"uv": [1, 0], "uv_size": [-1, 1]},
								"down": {"uv": [1, 0], "uv_size": [-1, 1]}
							}
						}
					]
				},
				{
					"name": "bunch64",
					"parent": "hair",
					"pivot": [0, 32, -3],
					"cubes": [
						{
							"origin": [0.45988, 32.22375, -10],
							"size": [1.8, 4, 1.8],
							"inflate": 0.1,
							"pivot": [-0.04012, 0.22375, 0],
							"rotation": [-12.5, 0, 0],
							"uv": {
								"north": {"uv": [1, 0], "uv_size": [-1, 1]},
								"east": {"uv": [1, 0], "uv_size": [-1, 1]},
								"south": {"uv": [1, 0], "uv_size": [-1, 1]},
								"west": {"uv": [1, 0], "uv_size": [-1, 1]},
								"up": {"uv": [0, 1], "uv_size": [1, -1]},
								"down": {"uv": [0, 1], "uv_size": [1, -1]}
							}
						},
						{
							"origin": [-1.54012, 32.22375, -4],
							"size": [3.8, 9, 2.8],
							"inflate": 0.1,
							"pivot": [-0.04012, 0.22375, 0],
							"rotation": [-12.5, 0, 0],
							"uv": {
								"north": {"uv": [1, 0], "uv_size": [-1, 1]},
								"east": {"uv": [1, 0], "uv_size": [-1, 1]},
								"south": {"uv": [1, 0], "uv_size": [-1, 1]},
								"west": {"uv": [1, 0], "uv_size": [-1, 1]},
								"up": {"uv": [0, 1], "uv_size": [1, -1]},
								"down": {"uv": [0, 1], "uv_size": [1, -1]}
							}
						},
						{
							"origin": [-4.54012, 20.22375, -25.2],
							"size": [2, 4, 2],
							"inflate": 0.1,
							"pivot": [-0.04012, 0.22375, 0],
							"rotation": [-42.12165, 4.98093, 8.6822],
							"uv": {
								"north": {"uv": [0, 0], "uv_size": [1, 1]},
								"east": {"uv": [0, 0], "uv_size": [1, 1]},
								"south": {"uv": [0, 0], "uv_size": [1, 1]},
								"west": {"uv": [0, 0], "uv_size": [1, 1]},
								"up": {"uv": [1, 1], "uv_size": [-1, -1]},
								"down": {"uv": [1, 1], "uv_size": [-1, -1]}
							}
						}
					]
				}
			]
		}
	]
}