{
	"format_version": "1.10.0",
	"geometry.trident1": {
		"texturewidth": 32,
		"textureheight": 32,
		"visible_bounds_width": 2,
		"visible_bounds_height": 3.5,
		"visible_bounds_offset": [0, 1.25, 0],
		"bones": [
			{
				"name": "rightitem",
				"pivot": [0, 24, 0],
				"cubes": [
					{"origin": [-0.5, 2, -0.5], "size": [1, 30, 1], "uv": [0, 1], "inflate": 0.01},
					{"origin": [0.5, 21, -0.5], "size": [1, 1, 1], "uv": [5, 29], "inflate": 0.01},
					{"origin": [-1.5, 21, -0.5], "size": [1, 1, 1], "uv": [5, 29], "inflate": 0.01},
					{"origin": [-1.5, 23, -0.5], "size": [3, 3, 1], "uv": [10, 27]},
					{"origin": [-2.5, 24, -0.5], "size": [1, 3, 1], "uv": [11, 22]},
					{"origin": [-3.5, 26, -0.5], "size": [1, 3, 1], "uv": [11, 13]},
					{"origin": [-2.5, 28, -0.5], "size": [1, 2, 1], "uv": [5, 25]},
					{"origin": [1.5, 24, -0.5], "size": [1, 3, 1], "uv": [11, 18]},
					{"origin": [2.5, 26, -0.5], "size": [1, 3, 1], "uv": [11, 9]},
					{"origin": [1.5, 28, -0.5], "size": [1, 2, 1], "uv": [5, 21]},
					{"origin": [-1.5, 0, -0.5], "size": [1, 3, 1], "uv": [5, 15], "inflate": 0.01},
					{"origin": [-0.5, -1, -0.5], "size": [1, 2, 1], "uv": [5, 0], "inflate": 0.01},
					{"origin": [0.5, 0, -0.5], "size": [1, 3, 1], "uv": [6, 11], "inflate": 0.01}
				]
			}
		]
	}
}