{
  "format_version": "1.10.0",
  "animation_controllers": {
"controller.animation.creeper_titan.spawn": {
      "states": {
        "default": {
          "transitions": [
            { "spawn": "query.variant == 0" }
          ]
        },
        "spawn": {
          "animations": [
        "spawn"
          ]
        }
      }
    },
"controller.animation.creeper_titan.dead": {
      "states": {
        "default": {
          "transitions": [
            { "dead": "query.variant == 10" }
          ]
        },
        "dead": {
          "animations": [
        "dead"
          ]
        }
      }
    },
"controller.animation.creeper_titan.summon": {
      "states": {
        "default": {
          "transitions": [
            { "summon": "query.is_casting && query.variant == 2" }
          ]
        },
        "summon": {
          "animations": [
        "summon"
          ],
          "transitions": [
            { "default": "query.all_animations_finished == 1 && !query.is_casting" }
          ]
        }
      }
    },
"controller.animation.creeper_titan.summon2": {
      "states": {
        "default": {
          "transitions": [
            { "summon": "query.variant == 3" }
          ]
        },
        "summon": {
          "animations": [
        "summon2"
          ],
          "transitions": [
            { "default": "query.all_animations_finished == 1 &&query.variant != 3" }
          ]
        }
      }
    },
"controller.animation.creeper_titan.summon3": {
      "states": {
        "default": {
          "transitions": [
            { "summon": "query.variant == 4" }
          ]
        },
        "summon": {
          "animations": [
        "summon3"
          ],
          "transitions": [
            { "default": "query.all_animations_finished == 1 &&query.variant != 4" }
          ]
        }
      }
    },
    "controller.animation.creeper_titan.summon5": {
      "states": {
        "default": {
          "transitions": [
            { "summon": "query.variant == 6" }
          ]
        },
        "summon": {
          "animations": [
        "summon5"
          ],
          "transitions": [
            { "default": "query.all_animations_finished == 1 &&query.variant != 6" }
          ]
        }
      }
    },
    "controller.animation.creeper_titan.summon6": {
      "states": {
        "default": {
          "transitions": [
            { "summon": "query.variant == 7" }
          ]
        },
        "summon": {
          "animations": [
        "summon6"
          ],
          "transitions": [
            { "default": "query.all_animations_finished == 1 &&query.variant != 7" }
          ]
        }
      }
    },
"controller.animation.creeper_titan.summon4": {
      "states": {
        "default": {
          "transitions": [
            { "summon": "query.is_casting && query.variant == 5" }
          ]
        },
        "summon": {
          "animations": [
        "summon4"
          ],
          "transitions": [
            { "default": "query.all_animations_finished == 1 && !query.is_casting" }
          ]
        }
      }
    },
    "controller.animation.creeper_titan.attack": {
      "states": {
        "default": {
          "transitions": [
            { "attack_ex": "query.is_delayed_attacking" },
            { "attack_ex2": "query.is_delayed_attacking" }
          ]
        },
        "attack_ex": {
          "transitions": [
            { "attack": "query.is_delayed_attacking" },
            { "attack2": "query.is_delayed_attacking" },
            { "attack3": "query.is_delayed_attacking" }
          ]
        },
        "attack_ex2": {
          "transitions": [
            { "attack5": "query.is_delayed_attacking" },
            { "attack4": "query.is_delayed_attacking" }
          ]
        },
        "attack": {
          "animations": [
        "attack"
          ],
          "transitions": [
            { "default": "!query.is_delayed_attacking" }
          ]
        },
        "attack2": {
          "animations": [
        "attack2"
          ],
          "transitions": [
            { "default": "!query.is_delayed_attacking" }
          ]
        },
        "attack3": {
          "animations": [
        "attack3"
          ],
          "transitions": [
            { "default": "!query.is_delayed_attacking" }
          ]
        },
        "attack4": {
          "animations": [
        "attack4"
          ],
          "transitions": [
            { "default": "!query.is_delayed_attacking" }
          ]
        },
        "attack5": {
          "animations": [
        "attack5"
          ],
          "transitions": [
            { "default": "!query.is_delayed_attacking" }
          ]
        }
      }
    },
          "controller.animation.creeper_titan.move": {
      "states": {
                  "move": {
           "animations": [{ 
           "move":"query.modified_move_speed * !query.is_tamed" 
            }
          ]
        },
        "default": {
                    "transitions": [
     { "move": "query.variant != 0" } ]
        }
      }
    }
  }
}
