{
  "format_version": "1.10.0",
  "animation_controllers": {
"controller.animation.wither_turret.look": {
      "states": {
        "default": {
          "animations": [
        "look"
          ]
        }
      }
    },
"controller.animation.wither_turret.sky": {
      "states": {
        "default": {
          "animations": [
        "sky"
          ]
        }
      }
    },
"controller.animation.wither_titan.move": {
      "states": {
        "default": {
          "animations": [
        "move"
          ]
        }
      }
    }}}
