{
	"format_version" : "1.10.0",
	"animation_controllers" : {
		"controller.animation.spitter" : {
			"initial_state" : "default",
			"states" : {
				"default" : {
					"transitions" : [
						{
							"spitting" : "query.is_charged"
						}
					]
				},
				"flaming" : {
					"particle_effects" : [
						{
							"effect" : "charged_flames"
						}
					],
					"transitions" : [
						{
							"default" : "!query.is_charged"
						}
					]
				}
			}
		},
		"controller.animation.spitter2" : {
			"initial_state" : "default",
			"states" : {
				"default" : {
					"transitions" : [
						{
							"flaming" : "!query.is_on_ground"
						}
					]
				},
				"flaming" : {
					"particle_effects" : [
						{
							"effect" : "charged_flames"
						}
					],
					"transitions" : [
						{
							"default" : "!query.is_on_ground"
						}
					]
				}
			}
		},
		"controller.animation.spitter3" : {
			"initial_state" : "default",
			"states" : {
				"default" : {
					"transitions" : [
						{
							"flaming" : "query.is_fire_immune"
						}
					]
				},
				"flaming" : {
					"particle_effects" : [
						{
							"effect" : "charged_flames2"
						}
					],
					"transitions" : [
						{
							"default" : "query.is_fire_immune"
						}
					]
				}
			}
		},
		"controller.animation.smokey" : {
			"initial_state" : "default",
			"states" : {
				"default" : {
					"transitions" : [
						{
							"flaming" : "!query.is_in_love"
						}
					]
				},
				"flaming" : {
					"particle_effects" : [
						{
							"effect" : "smokey"
						}
					],
					"transitions" : [
						{
							"default" : "!query.is_in_love"
						}
					]
				}
			}
		}
	}
}
