{
  "format_version": "1.8.0",
  "animation_controllers": {
    "controller.animation.titan.look_at_target": {
      "states": {
        "default": {
          "animations": [ { "look_at_target": [] } ]
        }
      }
    },
    "controller.animation.titan.general": {
      "states": {
        "default": {
          "animations": [
            { "general": [] }
          ]
        }
      }
    },
    "controller.animation.titan.death": {
      "states": {
        "default": {
          "animations": [
            { "death": [] }
          ]
        }
      }
    },
    "controller.animation.titan.attack": {
      "states": {
        "default": {
          "transitions": [
            { "attacking": "query.is_delayed_attacking" }
          ]
        },
        "attacking": {
          "animations": [
            { "attack": [] }
          ],
          "transitions": [
            { "default": "!query.is_delayed_attacking" }
          ]
        }
      }
    },
    "controller.animation.titan.roaring": {
      "states": {
        "default": {
          "transitions": [
            { "roaring": "query.is_roaring == 1" }
          ]
        },
        "roaring": {
          "animations": [
            { "roaring": [] }
          ],
          "transitions": [
            { "default": "query.is_roaring != 1" }
          ]
        }
      }
    },
    "controller.animation.titan.summon": {
      "states": {
        "default": {
          "transitions": [
            { "summon": "query.is_casting" }
          ]
        },
        "summon": {
          "animations": [
            { "summon": [] }
          ],
          "transitions": [
            { "default": "!query.is_casting" }
          ]
        }
      }
    },
    "controller.animation.titan.night": {
      "states": {
        "default": {
          "transitions": [
            { "night": "query.variant == 3" }
          ]
        },
        "night": {
          "animations": [
            { "night": [] }
          ],
          "transitions": [
            { "default": "query.variant != 3" }
          ]
        }
      }
    },
    "controller.animation.titan.spawn": {
      "states": {
        "default": {
          "transitions": [
            { "spawned": "query.variant == 1" }
          ]
        },
        "spawned": {
          "animations": [
            { "spawn": [] }
          ],
          "transitions": [
            { "default": "query.variant == 0" }
          ]
        }
      }
    },
    "controller.animation.titan.jump": {
      "states": {
        "default": {
          "transitions": [
            { "jump": "query.variant == 2" }
          ]
        },
        "jump": {
          "animations": [
            { "jump": [] }
          ],
          "transitions": [
            { "default": "query.variant != 2" }
          ]
        }
      }
    },
    "controller.animation.titan.move": {
      "states": {
        "default": {
          "parameters": [ "query.modified_move_speed*1.1 * !query.is_tamed" ],
          "animations": [
            {
              "move": [
                {
                  "0.0": 0.0,
                  "1.28": 1.28
                }
              ]
            }
          ]
        }
      }
    }
  }
}