{
	"format_version": "1.8.0",
	"animations": {
		"animation.wuggy.fly": {
			"loop": true,
			"animation_length": 1.5,
			"bones": {
				"body": {
					"rotation": {
						"0.0": {
							"post": [0, 0, 0],
							"lerp_mode": "catmullrom"
						},
						"1.5": {
							"post": [0, 0, 0],
							"lerp_mode": "catmullrom"
						}
					},
					"position": {
						"0.0": {
							"post": [0, 13, 0],
							"lerp_mode": "catmullrom"
						},
						"1.5": {
							"post": [0, 13, 0],
							"lerp_mode": "catmullrom"
						}
					}
				},
				"head": {
					"rotation": {
						"0.0": {
							"post": [20, 0, 0],
							"lerp_mode": "catmullrom"
						},
						"0.75": {
							"post": [15, 0, 0],
							"lerp_mode": "catmullrom"
						},
						"1.5": {
							"post": [20, 0, 0],
							"lerp_mode": "catmullrom"
						}
					},
					"position": {
						"0.0": {
							"post": [0, 0, 0],
							"lerp_mode": "catmullrom"
						},
						"0.75": {
							"post": [0, 0, 0],
							"lerp_mode": "catmullrom"
						},
						"1.5": {
							"post": [0, 0, 0],
							"lerp_mode": "catmullrom"
						}
					}
				},
				"rightArm": {
					"rotation": {
						"0.0": {
							"post": [-128.15593, 15.35793, -23.09454],
							"lerp_mode": "catmullrom"
						},
						"0.75": {
							"post": [-125.65593, 15.35793, -23.09454],
							"lerp_mode": "catmullrom"
						},
						"1.5": {
							"post": [-128.15593, 15.35793, -23.09454],
							"lerp_mode": "catmullrom"
						}
					},
					"position": {
						"0.0": {
							"post": [0, 1, -1],
							"lerp_mode": "catmullrom"
						},
						"0.75": {
							"post": [0, 1, -1],
							"lerp_mode": "catmullrom"
						},
						"1.5": {
							"post": [0, 1, -1],
							"lerp_mode": "catmullrom"
						}
					}
				},
				"leftArm": {
					"rotation": {
						"0.0": {
							"post": [-136.90546, -15.35793, 31.84407],
							"lerp_mode": "catmullrom"
						},
						"0.75": {
							"post": [-131.90546, -15.35793, 31.84407],
							"lerp_mode": "catmullrom"
						},
						"1.5": {
							"post": [-136.90546, -15.35793, 31.84407],
							"lerp_mode": "catmullrom"
						}
					},
					"position": {
						"0.0": {
							"post": [0, 2, 0],
							"lerp_mode": "catmullrom"
						},
						"0.75": {
							"post": [0, 2, 0],
							"lerp_mode": "catmullrom"
						},
						"1.5": {
							"post": [0, 2, 0],
							"lerp_mode": "catmullrom"
						}
					}
				},
				"rightLeg": {
					"rotation": {
						"0.0": {
							"post": [-75.12771, 22.01609, 12.15123],
							"lerp_mode": "catmullrom"
						},
						"0.75": {
							"post": [-80.12771, 22.01609, 12.15123],
							"lerp_mode": "catmullrom"
						},
						"1.5": {
							"post": [-75.12771, 22.01609, 12.15123],
							"lerp_mode": "catmullrom"
						}
					},
					"position": {
						"0.0": {
							"post": [-2, 11, 2],
							"lerp_mode": "catmullrom"
						},
						"0.75": {
							"post": [-2, 11, 2],
							"lerp_mode": "catmullrom"
						},
						"1.5": {
							"post": [-2, 11, 2],
							"lerp_mode": "catmullrom"
						}
					}
				},
				"leftLeg": {
					"rotation": {
						"0.0": {
							"post": [-64.68829, -17.05936, -16.50842],
							"lerp_mode": "catmullrom"
						},
						"0.75": {
							"post": [-69.68829, -17.05936, -16.50842],
							"lerp_mode": "catmullrom"
						},
						"1.5": {
							"post": [-64.68829, -17.05936, -16.50842],
							"lerp_mode": "catmullrom"
						}
					},
					"position": {
						"0.0": {
							"post": [3, 11, 0],
							"lerp_mode": "catmullrom"
						},
						"0.75": {
							"post": [3, 11, 0],
							"lerp_mode": "catmullrom"
						},
						"1.5": {
							"post": [3, 11, 0],
							"lerp_mode": "catmullrom"
						}
					}
				}
			}
		}
	}
}