{
  "format_version": "1.10.0",
  "particle_effect": {
    "description": {
      "identifier": "57:titan_fly",
      "basic_render_parameters": {
        "material": "particles_alpha",
        "texture": "textures/particle/particles"
      }
    },
    "components": {
      "minecraft:emitter_rate_steady": {
        "spawn_rate": 200,
        "max_particles": 99999
      },

      "minecraft:emitter_lifetime_looping": {
        "active_time": 99
      },

      "minecraft:emitter_shape_sphere": {
        "radius": 8,
        "direction": "inward"
      },
            "minecraft:particle_initial_speed": "1",
      "minecraft:emitter_shape_point": {
        "direction": [ 0, 1, 0 ]
      },
      "minecraft:particle_lifetime_expression": {
    "max_lifetime": "1"
      },
"minecraft:particle_motion_dynamic": {  	"linear_acceleration": [ 0 ,2 ,0 ], 	"linear_drag_coefficient": 0.0,		    "rotation_drag_coefficient": 0.0         
      },       "minecraft:particle_appearance_tinting": {
        "color": [ "variable.particle_random_1 * 0.6 + 0.4", "variable.particle_random_1 * 0.6 + 0.4", "variable.particle_random_1 * 0.6 + 0.4" ]
      },
      "minecraft:particle_appearance_billboard": {
        "size": [
"1",
"1"
        ],
        "facing_camera_mode": "lookat_xyz",
        "uv": {
          "texture_width": 128,
          "texture_height": 128,
          "flipbook": {
            "base_UV": [ 0, 80 ],
            "size_UV": [ 8, 8 ],
            "step_UV": [ 8, 0 ],
            "frames_per_second": 16,
            "max_frame": 16,
            "stretch_to_lifetime": true,
            "loop": false
          }
        }
      }
    }
  }
}