{
	"format_version": "1.10.0",
	"particle_effect": {
		"description": {
			"identifier": "57:ts_ball",
			"basic_render_parameters": {
				"material": "particles_alpha",
				"texture": "textures/particle/particles"
			}
		},
		"components": {
			"minecraft:emitter_rate_steady": {
				"spawn_rate": 500,
				"max_particles": 500
			},
			"minecraft:emitter_lifetime_looping": {
				"active_time": 99
			},
			"minecraft:emitter_shape_sphere": {
				"offset": [0, 3, 0],
				"radius": 10,
				"direction": "inwards"
			},
			"minecraft:particle_lifetime_expression": {
				"max_lifetime": 1
			},
			"minecraft:particle_initial_speed": 3,
			"minecraft:particle_motion_dynamic": {},
			"minecraft:particle_appearance_billboard": {
				"size": [1, 1],
				"facing_camera_mode": "lookat_xyz",
				"uv": {
					"texture_width": 128,
					"texture_height": 128,
					"flipbook": {
						"base_UV": [0, 80],
						"size_UV": [8, 8],
						"step_UV": [8, 0],
						"frames_per_second": 16,
						"max_frame": 16,
						"stretch_to_lifetime": true
					}
				}
			},
			"minecraft:particle_appearance_tinting": {
				"color": ["Math.clamp(variable.particle_random_1 * 0.6 + 0.4, 0, 1)", "Math.clamp(variable.particle_random_1 * 0.6 + 0.4, 0, 1)", "Math.clamp(variable.particle_random_1 * 0.6 + 0.4, 0, 1)", 1]
			}
		}
	}
}