{"format_version":"1.8.0","minecraft:entity":{"component_groups":{},"components":{"minecraft:breathable":{"suffocateTime":0,"totalSupply":15},"minecraft:collision_box":{"height":0,"width":0},"minecraft:health":{"max":9999,"value":9999},"minecraft:knockback_resistance":{"max":"1","value":"1"},"minecraft:nameable":{},"minecraft:physics":{},"minecraft:pushable":{"is_pushable":false,"is_pushable_by_piston":false},"minecraft:rideable":{"crouching_skip_interact":true,"family_types":["player","zombie"],"priority":0,"rider_can_interact":true,"seat_count":1,"seats":[{"position":[0,0.43,0]}]},"minecraft:scale":{"value":0.85},"minecraft:type_family":{"family":["Musical Instruments"]}},"description":{"identifier":"se:mergestudentstable","is_experimental":false,"is_spawnable":true,"is_summonable":true},"events":{}}}