{
  "format_version": "1.8.0",
  "animations": {
    "animation.good_upgraded_gamn.new": {
      "loop": true,
      "animation_length": 0.79167,
      "bones": {
        "bb_main": {
          "position": {
            "0.0": [
              0,
              5,
              0
            ],
            "0.2083": [
              0,
              -2.6,
              0
            ],
            "0.4167": [
              0,
              5.8,
              0
            ],
            "0.7917": [
              0,
              -5,
              0
            ]
          }
        }
      }
    }
  }
}