{
  "format_version": "1.8.0",
  "animations": {
    "animation.good_flying_buzzsaw_toilet.newksks": {
      "loop": true,
      "animation_length": 0.9583333333333334,
      "bones": {
        "Body": {
          "rotation": {
            "0.0": [
              5,
              15,
              0
            ],
            "0.2083": [
              0,
              -23.75,
              0
            ],
            "0.375": [
              0,
              -5,
              0
            ],
            "0.5417": [
              0,
              -13.89,
              0
            ],
            "0.625": [
              0,
              20.56,
              0
            ],
            "0.6667": [
              -3.5,
              7.25,
              0
            ],
            "0.8333": [
              2.08398,
              -25.58851,
              -3.04206
            ],
            "0.9583": [
              7.614228600817569,
              15.431645572978596,
              8.0085546583432
            ]
          }
        }
      }
    }
  }
}