{
  "format_version": "1.8.0",
  "animations": {
    "animation.good_malformed_strider_toilet.new": {
      "loop": true,
      "animation_length": 0.66667,
      "bones": {
        "bone": {
          "rotation": {
            "0.0": [
              0,
              0,
              0
            ],
            "0.0417": [
              -7.5,
              0,
              0
            ],
            "0.125": [
              0.61,
              0,
              0
            ],
            "0.25": [
              0,
              0,
              0
            ],
            "0.5417": [
              -7.5,
              0,
              0
            ],
            "0.6667": [
              0,
              0,
              0
            ]
          }
        },
        "bone2": {
          "rotation": {
            "0.0": [
              0,
              0,
              0
            ],
            "0.0417": [
              -5,
              0,
              0
            ],
            "0.1667": [
              1.5,
              0,
              0
            ],
            "0.25": [
              -2.5,
              0,
              0
            ],
            "0.375": [
              -0.5,
              0,
              0
            ],
            "0.4583": [
              -7.5,
              0,
              0
            ],
            "0.5417": [
              -12.5,
              0,
              0
            ]
          }
        },
        "bone3": {
          "rotation": {
            "0.0": [
              0,
              5,
              0
            ],
            "0.1667": [
              0,
              11.67,
              0
            ],
            "0.25": [
              0,
              0,
              0
            ],
            "0.5": [
              0,
              -5,
              0
            ],
            "0.6667": [
              0,
              2.5,
              0
            ]
          }
        }
      }
    }
  }
}