{
  "format_version": "1.8.0",
  "animations": {
    "animation.good_scientist_toilet.new": {
      "loop": true,
      "animation_length": 2.1667,
      "bones": {
        "bb_main": {
          "scale": {
            "0.0": [
              1,
              1,
              1
            ],
            "0.2917": [
              1,
              1.0091,
              1
            ],
            "0.5417": [
              1,
              0.8312,
              1
            ],
            "0.8333": [
              1,
              0.9441999999999999,
              1
            ],
            "1.125": [
              1,
              0.8572,
              1
            ],
            "1.4167": [
              1,
              0.9409,
              1
            ],
            "1.625": [
              1,
              0.8293000000000001,
              1
            ],
            "2.0417": [
              1,
              0.9894,
              1
            ],
            "2.1667": [
              1,
              0.9841,
              1
            ]
          }
        }
      }
    }
  }
}