{
  "format_version": "1.8.0",
  "animations": {
    "animation.good_astro_detainer_toilet.new": {
      "loop": true,
      "animation_length": 0.45833,
      "bones": {
        "bone": {
          "rotation": {
            "0.0": [
              0,
              0,
              60
            ],
            "0.0833": [
              0,
              0,
              134.17
            ],
            "0.125": [
              0,
              0,
              -72.5
            ],
            "0.25": [
              0,
              0,
              15
            ],
            "0.3333": [
              0,
              0,
              26.34
            ],
            "0.4583": [
              0,
              0,
              -160
            ]
          }
        },
        "bone2": {
          "rotation": {
            "0.0": [
              0,
              0,
              67.5
            ],
            "0.2083": [
              0,
              0,
              69.02
            ],
            "0.375": [
              0,
              0,
              -47.5
            ]
          }
        },
        "bone3": {
          "rotation": {
            "0.0": [
              0,
              0,
              -170
            ],
            "0.125": [
              0,
              0,
              -95
            ],
            "0.2083": [
              0,
              0,
              -30
            ],
            "0.3333": [
              0,
              0,
              -117.5
            ],
            "0.4167": [
              0,
              0,
              30
            ],
            "0.4583": [
              0,
              0,
              82.5
            ]
          }
        }
      }
    }
  }
}