{
  "format_version": "1.8.0",
  "animations": {
    "animation.good_holy_toilet.new": {
      "animation_length": 1.125,
      "bones": {
        "bb_main": {
          "scale": {
            "0.0": [
              1,
              1,
              1
            ],
            "0.1667": [
              1,
              1,
              1
            ],
            "0.375": [
              1,
              1.1,
              1
            ],
            "0.7083": [
              1,
              1,
              1
            ],
            "0.9167": [
              1,
              1.1,
              1
            ],
            "1.125": [
              1,
              1,
              1
            ]
          }
        }
      }
    }
  }
}