{
  "format_version": "1.8.0",
  "animations": {
    "animation.good_titan_tv_man.new": {
      "loop": true,
      "animation_length": 0.83333,
      "bones": {
        "bone": {
          "rotation": {
            "0.0": [
              0,
              -27.5,
              0
            ],
            "0.0833": [
              0,
              -60,
              0
            ],
            "0.2083": [
              0,
              -65,
              0
            ],
            "0.2917": [
              0,
              -67,
              0
            ],
            "0.4167": [
              0,
              -95,
              0
            ],
            "0.5": [
              0,
              -97.5,
              0
            ],
            "0.5833": [
              0,
              -125,
              0
            ],
            "0.7083": [
              0,
              -150,
              0
            ]
          }
        },
        "bone2": {
          "rotation": {
            "0.0833": [
              0,
              -32.5,
              0
            ],
            "0.25": [
              0,
              -60,
              0
            ],
            "0.5": [
              0,
              -97.5,
              0
            ],
            "0.7083": [
              0,
              -127.5,
              0
            ],
            "0.7917": [
              179.04277,
              -2.30959,
              -157.4807
            ]
          }
        }
      }
    }
  }
}