{
  "format_version": "1.8.0",
  "animations": {
    "animation.good_titan_speackerman.new": {
      "loop": true,
      "animation_length": 1.125,
      "bones": {
        "bb_main": {
          "position": {
            "0.2917": [
              0,
              -1,
              0
            ],
            "0.6667": [
              0,
              9,
              0
            ],
            "1.125": [
              0,
              -0.56,
              0
            ]
          }
        }
      }
    }
  }
}