{
  "format_version": "1.8.0",
  "animations": {
    "animation.good_flamethrower_toilet.new": {
      "loop": true,
      "animation_length": 3.20833,
      "bones": {
        "bone": {
          "scale": {
            "0.0": [
              1,
              1,
              1
            ],
            "0.3333": [
              1,
              0.9714000000000002,
              1
            ],
            "1.7083": [
              1,
              0.8532,
              1
            ],
            "3.2083": [
              1,
              1,
              1
            ]
          }
        }
      }
    }
  }
}