{
  "format_version": "1.8.0",
  "animations": {
    "animation.good_claw_toilet.new": {
      "loop": true,
      "animation_length": 0.79167,
      "bones": {
        "bb_main": {
          "rotation": {
            "0.0": [
              0,
              0,
              0
            ],
            "0.0417": [
              0.00042,
              -5.57899,
              -0.00025
            ],
            "0.3333": [
              0,
              5,
              0
            ],
            "0.375": [
              0,
              -3.57,
              0
            ],
            "0.5": [
              0,
              -22.56,
              0
            ],
            "0.7917": [
              -0.08564,
              0.32987,
              -1.26605
            ]
          },
          "scale": {
            "0.0": [
              1,
              0.9,
              1
            ],
            "0.2083": [
              1,
              1.1417,
              1
            ],
            "0.5": [
              1,
              1,
              1
            ],
            "0.7083": [
              1,
              0.7417,
              1
            ],
            "0.7917": [
              1,
              0.8967,
              1
            ]
          }
        }
      }
    }
  }
}