{
  "format_version": "1.8.0",
  "render_controllers": {
    "controller.render.3d_item": {
      "arrays": {
        "geometries": {
          "array.geos": [
            "geometry.w_bottle",
            "geometry.totem",
            "geometry.firework",
            "geometry.empty_bottle",
            "geometry.night_vision",
            "geometry.invis",
            "geometry.leaping",
            "geometry.fire_res",
            "geometry.swift",
            "geometry.water_breathing",
            "geometry.heal",
            "geometry.slow",
            "geometry.harm",
            "geometry.poison",
            "geometry.regen",
            "geometry.stren",
            "geometry.weak",
            "geometry.turtle",
            "geometry.slowfall",
            "geometry.wither",
            "geometry.honey",
            "geometry.exp",
            "geometry.wooden_sword",
            "geometry.stone_sword",
            "geometry.iron_sword",
            "geometry.golden_sword",
            "geometry.diamond_sword",
            "geometry.netherite_sword",
            "geometry.dragon_breath",
            "geometry.bone",
            "geometry.splash_fire_res",
            "geometry.splash_harm",
            "geometry.splash_heal",
            "geometry.splash_ivis",
            "geometry.splash_leaping",
            "geometry.splash_night_vison",
            "geometry.splash_poison",
            "geometry.splash_regen",
            "geometry.splash_slow",
            "geometry.splash_slowfall",
            "geometry.splash_stren",
            "geometry.splash_swift",
            "geometry.splash_turtle",
            "geometry.splash_water",
            "geometry.splash_water_breathing",
            "geometry.splash_weak",
            "geometry.splash_wither",
            "geometry.ling_fire_res",
            "geometry.ling_harm",
            "geometry.ling_heal",
            "geometry.ling_ivis",
            "geometry.ling_leaping",
            "geometry.ling_night_vison",
            "geometry.ling_poison",
            "geometry.ling_regen",
            "geometry.ling_slow",
            "geometry.ling_slowfall",
            "geometry.ling_stren",
            "geometry.ling_swift",
            "geometry.ling_turtle",
            "geometry.ling_water",
            "geometry.ling_water_breathing",
            "geometry.ling_weak",
            "geometry.ling_wither",
            "geometry.snowball",
            "geometry.ender_pearl",
            "geometry.eye_of_ender"
          ]
        },
        "textures": {
          "Array.skins": [
            "Texture.w_bottle",
            "Texture.totem",
            "Texture.firework",
            "Texture.empty_bottle",
            "Texture.night_vision",
            "Texture.invis",
            "Texture.leaping",
            "Texture.fire_res",
            "Texture.swift",
            "Texture.water_breathing",
            "Texture.heal",
            "Texture.slow",
            "Texture.harm",
            "Texture.poison",
            "Texture.regen",
            "Texture.stren",
            "Texture.weak",
            "Texture.turtle",
            "Texture.slowfall",
            "Texture.wither",
            "Texture.honey",
            "Texture.exp",
            "Texture.wooden_sword",
            "Texture.stone_sword",
            "Texture.iron_sword",
            "Texture.golden_sword",
            "Texture.diamond_sword",
            "Texture.netherite_sword",
            "Texture.dragon_breath",
            "Texture.bone",
            "Texture.splash_fire_res",
            "Texture.splash_harm",
            "Texture.splash_heal",
            "Texture.splash_ivis",
            "Texture.splash_leaping",
            "Texture.splash_night_vison",
            "Texture.splash_poison",
            "Texture.splash_regen",
            "Texture.splash_slow",
            "Texture.splash_slowfall",
            "Texture.splash_stren",
            "Texture.splash_swift",
            "Texture.splash_turtle",
            "Texture.splash_water",
            "Texture.splash_water_breathing",
            "Texture.splash_weak",
            "Texture.splash_wither",
            "Texture.ling_fire_res",
            "Texture.ling_harm",
            "Texture.ling_heal",
            "Texture.ling_ivis",
            "Texture.ling_leaping",
            "Texture.ling_night_vison",
            "Texture.ling_poison",
            "Texture.ling_regen",
            "Texture.ling_slow",
            "Texture.ling_slowfall",
            "Texture.ling_stren",
            "Texture.ling_swift",
            "Texture.ling_turtle",
            "Texture.ling_water",
            "Texture.ling_water_breathing",
            "Texture.ling_weak",
            "Texture.ling_wither",
            "Texture.snowball",
            "Texture.ender_pearl",
            "Texture.eye_of_ender"
          ]
        }
      },
      "geometry": "Array.geos[query.mark_variant]",
      "materials": [ { "*": "Material.legs" } ],
      "textures": [ "Array.skins[query.mark_variant]" ]
    }
  }
}
