{
  "format_version": "1.8.0",
  "render_controllers": {
    "controller.render.eye": {
      "geometry": "Geometry.default", 
      "materials": [ { "*": "Material.default" } ],
      "textures": [ "Texture.eye" ],
      "light_color_multiplier": 2,
      "ignore_lighting" : true
    },
    "controller.render.eye2": {
      "geometry": "Geometry.default", 
      "part_visibility": [
        { "*": "!query.is_powered" }
      ],
      "materials": [ { "*": "Material.eye" } ],
      "textures": [ "Texture.eye" ],
      "light_color_multiplier": 2
    }
  }
}
