{
	"format_version": "1.8.0",
	"animations": {
		"animation.vacuum_skibidi_toilet.attack": {
			"loop": "hold_on_last_frame",
			"animation_length": 0.375,
			"bones": {
				"bone3": {
					"rotation": {
						"0.0417": [-27.5, 0, 0],
						"0.0833": [-45, 0, 0],
						"0.125": [-55, 0, 0],
						"0.1667": [-55, 0, 0],
						"0.2083": [-47.5, 0, 0],
						"0.25": [-25, 0, 0],
						"0.2917": [-7.5, 0, 0],
						"0.3333": [2.5, 0, 0]
					}
				},
				"bone5": {
					"rotation": {
						"0.0": [-27.5, 0, 0],
						"0.0833": [-50, 0, 0],
						"0.125": [-62.5, 0, 0],
						"0.2083": [-55, 0, 0],
						"0.25": [-30, 0, 0],
						"0.2917": [-15, 0, 0],
						"0.3333": [2.5, 0, 0]
					}
				}
			}
		}
	}
}