{
	"format_version": "1.12.0",
	"minecraft:geometry": [
		{
			"description": {
				"identifier": "geometry.bills",
				"texture_width": 64,
				"texture_height": 64,
				"visible_bounds_width": 6,
				"visible_bounds_height": 4,
				"visible_bounds_offset": [0, 2, 0]
			},
			"bones": [
				{
					"name": "root",
					"pivot": [0, 0, 0]
				},
				{
					"name": "leftLeg",
					"parent": "root",
					"pivot": [1.9, 12, 0],
					"cubes": [
						{"origin": [-0.1, 0, -2], "size": [4, 12, 4], "uv": [16, 32]}
					]
				},
				{
					"name": "rightLeg",
					"parent": "root",
					"pivot": [-1.9, 12, 0],
					"cubes": [
						{"origin": [-3.9, 0, -2], "size": [4, 12, 4], "uv": [32, 0]}
					]
				},
				{
					"name": "waist",
					"parent": "root",
					"pivot": [0, 12, 0]
				},
				{
					"name": "body",
					"parent": "waist",
					"pivot": [0, 24, 0],
					"cubes": [
						{"origin": [-4, 12, -2], "size": [8, 12, 4], "uv": [0, 16]},
						{"origin": [-2.5, 5, -2.1], "size": [5, 9, 0], "uv": [10, 48]}
					]
				},
				{
					"name": "head",
					"parent": "body",
					"pivot": [0, 24, 0],
					"cubes": [
						{"origin": [-4.5, 24.6, -6], "size": [2, 2, 2], "pivot": [0, 0, 0], "rotation": [0, 0, 10], "uv": [0, 4]},
						{"origin": [2.5, 24.6, -6], "size": [2, 2, 2], "pivot": [0, 0, 0], "rotation": [0, 0, -10], "uv": [0, 0]},
						{"origin": [-4, 24, -4], "size": [8, 8, 8], "uv": [0, 0]},
						{"origin": [-0.5, 24.9, -6.1], "size": [1, 2.07, 2.1], "uv": [20, 16]},
						{"origin": [-1.8, 23.9, -6], "size": [3.6, 1.07, 2], "uv": [24, 0]},
						{"origin": [-7.4, 31, -1], "size": [4, 8, 1], "pivot": [0, 0, 0], "rotation": [0, 0, 15], "uv": [48, 0]},
						{"origin": [-6.4, 39, -1], "size": [2, 1, 1], "pivot": [0, 0, 0], "rotation": [0, 0, 15], "uv": [24, 5]},
						{"origin": [3.4, 31, -1], "size": [4, 8, 1], "pivot": [0, 0, 0], "rotation": [0, 0, -15], "uv": [0, 48]},
						{"origin": [4.4, 39, -1], "size": [2, 1, 1], "pivot": [0, 0, 0], "rotation": [0, 0, -15], "uv": [24, 3]}
					]
				},
				{
					"name": "headExtension",
					"parent": "head",
					"pivot": [0, 24, 0]
				},
				{
					"name": "horns",
					"parent": "head",
					"pivot": [0, 24, 0]
				},
				{
					"name": "horns2",
					"parent": "horns",
					"pivot": [0, 24, 0]
				},
				{
					"name": "leftEar",
					"parent": "head",
					"pivot": [4, 27.5, -1]
				},
				{
					"name": "rightEar",
					"parent": "head",
					"pivot": [-4, 27.5, -1]
				},
				{
					"name": "leftArm",
					"parent": "body",
					"pivot": [5, 22, 0],
					"cubes": [
						{"origin": [4, 12, -2], "size": [4, 12, 4], "uv": [0, 32]}
					]
				},
				{
					"name": "leftJamb",
					"parent": "leftArm",
					"pivot": [5, 22, 0]
				},
				{
					"name": "rightArm",
					"parent": "body",
					"pivot": [-5, 22, 0],
					"cubes": [
						{"origin": [-8, 12, -2], "size": [4, 12, 4], "uv": [24, 16]}
					]
				},
				{
					"name": "rightJamb",
					"parent": "rightArm",
					"pivot": [-5, 22, 0]
				},
				{
					"name": "tail",
					"parent": "body",
					"pivot": [0, 15, 2],
					"cubes": [
						{"origin": [-1, 14, 2], "size": [2, 2, 6], "uv": [42, 42]}
					]
				},
				{
					"name": "tail2",
					"parent": "tail",
					"pivot": [0, 13, 8],
					"cubes": [
						{"origin": [-1, 14, 8], "size": [2, 2, 6], "uv": [42, 34]}
					]
				},
				{
					"name": "tail3",
					"parent": "tail2",
					"pivot": [0, 13, 14],
					"cubes": [
						{"origin": [-1, 14, 14], "size": [2, 2, 6], "uv": [32, 40]}
					]
				},
				{
					"name": "tail4",
					"parent": "tail3",
					"pivot": [0, 13, 20],
					"cubes": [
						{"origin": [-1, 14, 20], "size": [2, 2, 6], "uv": [40, 24]}
					]
				},
				{
					"name": "tail5",
					"parent": "tail4",
					"pivot": [0, 15, 26],
					"cubes": [
						{"origin": [-1, 14, 26], "size": [2, 2, 6], "uv": [40, 16]}
					]
				},
				{
					"name": "tail6",
					"parent": "tail5",
					"pivot": [0, 15, 32],
					"cubes": [
						{"origin": [-1, 14, 32], "size": [2, 2, 6], "uv": [32, 32]}
					]
				}
			]
		}
	]
}