{
	"format_version": "1.12.0",
	"minecraft:geometry": [
		{
			"description": {
				"identifier": "geometry.dabura",
				"texture_width": 64,
				"texture_height": 64,
				"visible_bounds_width": 4,
				"visible_bounds_height": 4.5,
				"visible_bounds_offset": [0, 1.75, 0]
			},
			"bones": [
				{
					"name": "Head",
					"pivot": [0, 24, 0],
					"cubes": [
						{"origin": [-4, 24, -4], "size": [8, 8, 8], "uv": [0, 0]},
						{"origin": [-1.75, 28.5, -4.05], "size": [3.5, 2, 3], "uv": [52, 18]},
						{"origin": [1, 24, -4], "size": [1, 2, 1], "uv": [0, 0]},
						{"origin": [-2, 23, -4], "size": [4, 2, 1], "uv": [0, 0]},
						{"origin": [-2, 24, -4], "size": [1, 2, 1], "uv": [0, 0]}
					]
				},
				{
					"name": "leftEar2",
					"parent": "Head",
					"pivot": [4, 28, -3],
					"rotation": [0, -75, 0],
					"cubes": [
						{"origin": [4, 26, -3], "size": [3, 3, 0], "uv": [34, 27]}
					]
				},
				{
					"name": "horns",
					"parent": "Head",
					"pivot": [0, 24, 0],
					"cubes": [
						{"origin": [-4, 30, -6], "size": [2, 2, 3], "pivot": [-3, 30, -3], "rotation": [-32.5, 45, 0], "uv": [0, 58]},
						{"origin": [2, 30, -6], "size": [2, 2, 3], "pivot": [3, 30, -3], "rotation": [-32.5, -45, 0], "uv": [0, 48]}
					]
				},
				{
					"name": "rightEar",
					"parent": "horns",
					"pivot": [-4, 28, -3],
					"rotation": [0, 75, 0],
					"cubes": [
						{"origin": [-7, 26, -3], "size": [3, 3, 0], "uv": [34, 30]}
					]
				},
				{
					"name": "leftEar",
					"parent": "rightEar",
					"pivot": [4, 28, -3],
					"rotation": [0, -75, 0]
				},
				{
					"name": "Body",
					"pivot": [0, 13, 0],
					"cubes": [
						{"origin": [-4, 12, -2], "size": [8, 12, 4], "uv": [0, 16]},
						{"origin": [-4, 6, 2], "size": [8, 18, 0], "pivot": [0, 24, 2], "rotation": [7.5, 0, 0], "uv": [48, 0]}
					]
				},
				{
					"name": "RightArm",
					"pivot": [-5, 22, 0],
					"cubes": [
						{"origin": [-8, 12, -2], "size": [4, 12, 4], "uv": [16, 38]},
						{"origin": [-9, 20, -3], "size": [5, 5, 6], "uv": [18, 27]}
					]
				},
				{
					"name": "LeftArm",
					"pivot": [5, 22, 0],
					"cubes": [
						{"origin": [4, 12, -2], "size": [4, 12, 4], "uv": [36, 34]},
						{"origin": [4, 20, -3], "size": [5, 5, 6], "uv": [24, 16]}
					]
				},
				{
					"name": "RightLeg",
					"pivot": [-1.9, 12, 0],
					"cubes": [
						{"origin": [-3.9, 0, -2], "size": [4, 12, 4], "uv": [32, 0]}
					]
				},
				{
					"name": "LeftLeg",
					"pivot": [1.9, 12, 0],
					"cubes": [
						{"origin": [-0.1, 0, -2], "size": [4, 12, 4], "uv": [0, 32]}
					]
				}
			]
		}
	]
}