{
	"format_version": "1.12.0",
	"minecraft:geometry": [
		{
			"description": {
				"identifier": "geometry.fat_buu",
				"texture_width": 64,
				"texture_height": 64,
				"visible_bounds_width": 3,
				"visible_bounds_height": 5,
				"visible_bounds_offset": [0, 1.5, 0]
			},
			"bones": [
				{
					"name": "Head",
					"pivot": [0, 24, 0],
					"cubes": [
						{"origin": [-4, 25, -4], "size": [8, 8, 8], "uv": [24, 28]},
						{"origin": [-5, 27, -3], "size": [1, 3, 2], "uv": [24, 28]},
						{"origin": [4, 27, -3], "size": [1, 3, 2], "uv": [24, 28]},
						{"origin": [1.2, 36, -0.3], "size": [5, 4, 4], "pivot": [0, 38, 0], "rotation": [0, 25, 90], "uv": [0, 50]},
						{"origin": [-3.89, 36.5, 0.56], "size": [5, 3, 3], "pivot": [0, 38, 0], "rotation": [0, 55, 90], "uv": [26, 17]},
						{"origin": [-2.79424, 37, 3.3], "size": [4, 2, 2], "pivot": [0, 38, 5], "rotation": [0, 82.5, 90], "uv": [32, 0]}
					]
				},
				{
					"name": "Body",
					"pivot": [0, 24, 0],
					"cubes": [
						{"origin": [-5, 12, -3.3], "size": [10, 13, 6.5], "uv": [0, 17]},
						{"origin": [-5, 7.7, 14.4], "size": [10, 13, 0], "pivot": [0, 0, 0], "rotation": [27.5, 0, 0], "uv": [0, 36]},
						{"origin": [-6.24, 9, -4], "size": [12.5, 9, 8], "uv": [0, 0]}
					]
				},
				{
					"name": "RightArm",
					"pivot": [-5, 22, 0],
					"cubes": [
						{"origin": [-9.4, 13.1, -2], "size": [4, 12, 4], "pivot": [-6, 22, 0], "rotation": [0, 0, 15], "uv": [48, 16]}
					]
				},
				{
					"name": "LeftArm",
					"pivot": [5, 22, 0],
					"cubes": [
						{"origin": [5.4, 13.1, -2], "size": [4, 12, 4], "pivot": [6, 22, 0], "rotation": [0, 0, -15], "uv": [38, 44]}
					]
				},
				{
					"name": "RightLeg",
					"pivot": [-1.9, 12, 0],
					"cubes": [
						{"origin": [-5.3, 0, -2], "size": [4, 12, 4], "uv": [22, 44]}
					]
				},
				{
					"name": "LeftLeg",
					"pivot": [1.9, 12, 0],
					"cubes": [
						{"origin": [1.3, 0, -2], "size": [4, 12, 4], "uv": [40, 0]}
					]
				}
			]
		}
	]
}