{
	"format_version": "1.12.0",
	"minecraft:geometry": [
		{
			"description": {
				"identifier": "geometry.frost",
				"texture_width": 64,
				"texture_height": 64,
				"visible_bounds_width": 6,
				"visible_bounds_height": 3,
				"visible_bounds_offset": [0, 1.5, 0]
			},
			"bones": [
				{
					"name": "root",
					"pivot": [0, 0, 0]
				},
				{
					"name": "leftLeg",
					"parent": "root",
					"pivot": [1.9, 12, 0],
					"cubes": [
						{"origin": [-0.1, 0, -2], "size": [4, 12, 4], "uv": [16, 48]}
					]
				},
				{
					"name": "rightLeg",
					"parent": "root",
					"pivot": [-1.9, 12, 0],
					"cubes": [
						{"origin": [-3.9, 0, -2], "size": [4, 12, 4], "uv": [16, 48], "mirror": true}
					]
				},
				{
					"name": "waist",
					"parent": "root",
					"pivot": [0, 12, 0]
				},
				{
					"name": "body",
					"parent": "waist",
					"pivot": [0, 24, 0],
					"cubes": [
						{"origin": [-4, 12, -2], "size": [8, 12, 4], "uv": [16, 16]}
					]
				},
				{
					"name": "head",
					"parent": "body",
					"pivot": [0, 24, 0],
					"cubes": [
						{"origin": [-4, 24, -4], "size": [8, 8, 8], "uv": [0, 0]},
						{"origin": [-4, 24, 4], "size": [8, 8, 4], "uv": [32, 4]},
						{"origin": [-4, 30, 5], "size": [2, 4, 2], "pivot": [-4, 30, 5], "rotation": [0, 0, -45], "uv": [0, 53]},
						{"origin": [2, 30, 5], "size": [2, 4, 2], "pivot": [4, 30, 5], "rotation": [0, 0, 45], "uv": [0, 53], "mirror": true}
					]
				},
				{
					"name": "horns",
					"parent": "head",
					"pivot": [0, 24, 0],
					"cubes": [
						{"origin": [-4, 30, -7], "size": [2, 2, 4], "pivot": [-3, 30, -3], "rotation": [-32.5, 45, 0], "uv": [0, 42]},
						{"origin": [2, 30, -7], "size": [2, 2, 4], "pivot": [3, 30, -3], "rotation": [-32.5, -45, 0], "uv": [0, 42], "mirror": true}
					]
				},
				{
					"name": "horns2",
					"parent": "horns",
					"pivot": [0, 24, 0],
					"cubes": [
						{"origin": [-6.67836, 32.1492, -9.09258], "size": [2, 2, 3], "pivot": [-4.67836, 32.1492, -6.09258], "rotation": [-70, 45, 0], "uv": [0, 48]},
						{"origin": [4.67836, 32.1492, -9.09258], "size": [2, 2, 3], "pivot": [4.67836, 32.1492, -6.09258], "rotation": [-70, -45, 0], "uv": [0, 48], "mirror": true}
					]
				},
				{
					"name": "leftEar",
					"parent": "head",
					"pivot": [4, 27.5, -1],
					"cubes": [
						{"origin": [4, 26, -2], "size": [1, 3, 2], "uv": [0, 59]}
					]
				},
				{
					"name": "rightEar",
					"parent": "head",
					"pivot": [-4, 27.5, -1],
					"cubes": [
						{"origin": [-5, 26, -2], "size": [1, 3, 2], "uv": [0, 59], "mirror": true}
					]
				},
				{
					"name": "leftArm",
					"parent": "body",
					"pivot": [5, 22, 0],
					"cubes": [
						{"origin": [4, 12, -2], "size": [4, 12, 4], "uv": [32, 48]}
					]
				},
				{
					"name": "leftJamb",
					"parent": "leftArm",
					"pivot": [5, 22, 0],
					"cubes": [
						{"origin": [4, 20, -2], "size": [6, 4, 4], "inflate": 0.25, "uv": [40, 32]}
					]
				},
				{
					"name": "rightArm",
					"parent": "body",
					"pivot": [-5, 22, 0],
					"cubes": [
						{"origin": [-8, 12, -2], "size": [4, 12, 4], "uv": [40, 16]}
					]
				},
				{
					"name": "rightJamb",
					"parent": "rightArm",
					"pivot": [-5, 22, 0],
					"cubes": [
						{"origin": [-10, 20, -2], "size": [6, 4, 4], "inflate": 0.25, "uv": [40, 32], "mirror": true}
					]
				},
				{
					"name": "tail",
					"parent": "body",
					"pivot": [0, 15, 2],
					"cubes": [
						{"origin": [-2, 13, 2], "size": [4, 4, 6], "uv": [0, 32]}
					]
				},
				{
					"name": "tail2",
					"parent": "tail",
					"pivot": [0, 13, 8],
					"cubes": [
						{"origin": [-2, 13, 8], "size": [4, 4, 6], "uv": [0, 32]}
					]
				},
				{
					"name": "tail3",
					"parent": "tail2",
					"pivot": [0, 13, 14],
					"cubes": [
						{"origin": [-2, 13, 14], "size": [4, 4, 6], "uv": [0, 32]}
					]
				},
				{
					"name": "tail4",
					"parent": "tail3",
					"pivot": [0, 13, 20],
					"cubes": [
						{"origin": [-2, 13, 20], "size": [4, 4, 6], "uv": [0, 32]}
					]
				},
				{
					"name": "tail5",
					"parent": "tail4",
					"pivot": [0, 15, 26],
					"cubes": [
						{"origin": [-2, 13, 26], "size": [4, 4, 6], "uv": [0, 32]}
					]
				},
				{
					"name": "tail6",
					"parent": "tail5",
					"pivot": [0, 15, 32],
					"cubes": [
						{"origin": [-2, 13, 32], "size": [4, 4, 6], "uv": [0, 32]}
					]
				}
			]
		}
	]
}