{
	"format_version": "1.12.0",
	"minecraft:geometry": [
		{
			"description": {
				"identifier": "geometry.goten",
				"texture_width": 64,
				"texture_height": 64,
				"visible_bounds_width": 3,
				"visible_bounds_height": 4,
				"visible_bounds_offset": [0, 1, 0]
			},
			"bones": [
				{
					"name": "root",
					"pivot": [0, 0, 0]
				},
				{
					"name": "leftLeg",
					"parent": "root",
					"pivot": [1.11321, 7.0308, 0],
					"cubes": [
						{
							"origin": [-0.05859, 0, -1.1718],
							"size": [2.3436, 7.0308, 2.3436],
							"uv": {
								"north": {"uv": [20, 52], "uv_size": [4, 12]},
								"east": {"uv": [20, 52], "uv_size": [-4, 12]},
								"south": {"uv": [28, 52], "uv_size": [4, 12]},
								"west": {"uv": [24, 52], "uv_size": [4, 12]},
								"up": {"uv": [20, 48], "uv_size": [4, 4]},
								"down": {"uv": [24, 52], "uv_size": [4, -4]}
							}
						}
					]
				},
				{
					"name": "leftPants",
					"parent": "leftLeg",
					"pivot": [1.11321, 7.0308, 0],
					"cubes": [
						{
							"origin": [0.04493, 0.10352, -1.06828],
							"size": [2.13655, 6.82375, 2.13655],
							"inflate": 0.25,
							"uv": {
								"north": {"uv": [8, 20], "uv_size": [-4, 12]},
								"east": {"uv": [8, 20], "uv_size": [4, 12]},
								"south": {"uv": [16, 20], "uv_size": [-4, 12]},
								"west": {"uv": [0, 20], "uv_size": [4, 12]},
								"up": {"uv": [4, 16], "uv_size": [4, 4]},
								"down": {"uv": [8, 20], "uv_size": [4, -4]}
							}
						}
					]
				},
				{
					"name": "rightLeg",
					"parent": "root",
					"pivot": [-1.11321, 7.0308, 0],
					"cubes": [
						{
							"origin": [-2.28501, 0, -1.1718],
							"size": [2.3436, 7.0308, 2.3436],
							"uv": {
								"north": {"uv": [24, 52], "uv_size": [-4, 12]},
								"east": {"uv": [24, 52], "uv_size": [4, 12]},
								"south": {"uv": [32, 52], "uv_size": [-4, 12]},
								"west": {"uv": [16, 52], "uv_size": [4, 12]},
								"up": {"uv": [20, 48], "uv_size": [4, 4]},
								"down": {"uv": [24, 52], "uv_size": [4, -4]}
							}
						}
					]
				},
				{
					"name": "rightPants",
					"parent": "rightLeg",
					"pivot": [-1.11321, 7.0308, 0],
					"cubes": [
						{
							"origin": [-2.18149, 0.10352, -1.06828],
							"size": [2.13655, 6.82375, 2.13655],
							"inflate": 0.25,
							"uv": {
								"north": {"uv": [4, 20], "uv_size": [4, 12]},
								"east": {"uv": [0, 20], "uv_size": [4, 12]},
								"south": {"uv": [12, 20], "uv_size": [4, 12]},
								"west": {"uv": [8, 20], "uv_size": [4, 12]},
								"up": {"uv": [4, 16], "uv_size": [4, 4]},
								"down": {"uv": [8, 20], "uv_size": [4, -4]}
							}
						}
					]
				},
				{
					"name": "waist",
					"parent": "root",
					"pivot": [0, 7.0308, 0]
				},
				{
					"name": "body",
					"parent": "waist",
					"pivot": [0, 14.0616, 0],
					"cubes": [
						{
							"origin": [-2.3436, 7.0308, -1.1718],
							"size": [4.6872, 7.0308, 2.3436],
							"uv": {
								"north": {"uv": [20, 20], "uv_size": [8, 12]},
								"east": {"uv": [16, 20], "uv_size": [4, 12]},
								"south": {"uv": [32, 20], "uv_size": [8, 12]},
								"west": {"uv": [28, 20], "uv_size": [4, 12]},
								"up": {"uv": [20, 16], "uv_size": [8, 4]},
								"down": {"uv": [28, 20], "uv_size": [8, -4]}
							}
						}
					]
				},
				{
					"name": "head",
					"parent": "body",
					"pivot": [0, 14.0616, 0],
					"cubes": [
						{
							"origin": [-2.3436, 14.0616, -2.3436],
							"size": [4.6872, 4.6872, 4.6872],
							"uv": {
								"north": {"uv": [8, 8], "uv_size": [8, 8]},
								"east": {"uv": [0, 8], "uv_size": [8, 8]},
								"south": {"uv": [24, 8], "uv_size": [8, 8]},
								"west": {"uv": [16, 8], "uv_size": [8, 8]},
								"up": {"uv": [8, 0], "uv_size": [8, 8]},
								"down": {"uv": [16, 8], "uv_size": [8, -8]}
							}
						}
					]
				},
				{
					"name": "hair",
					"parent": "head",
					"pivot": [0, 14.0616, 0]
				},
				{
					"name": "bunch",
					"parent": "hair",
					"pivot": [-1.7577, 18.45585, -2.63655],
					"rotation": [0, 0, 20],
					"cubes": [
						{
							"origin": [-7.79247, 15.52635, -2.9295],
							"size": [1.1718, 1.7577, 0.5859],
							"pivot": [0, 0, 0],
							"rotation": [0, 0, 17.5],
							"uv": {
								"north": {"uv": [0, 0], "uv_size": [1, 1]},
								"east": {"uv": [0, 0], "uv_size": [1, 1]},
								"south": {"uv": [0, 0], "uv_size": [1, 1]},
								"west": {"uv": [0, 0], "uv_size": [1, 1]},
								"up": {"uv": [1, 1], "uv_size": [-1, -1]},
								"down": {"uv": [1, 1], "uv_size": [-1, -1]}
							}
						}
					]
				},
				{
					"name": "bunch2",
					"parent": "hair",
					"pivot": [-0.5859, 18.45585, -2.63655],
					"rotation": [0, 0, 20],
					"cubes": [
						{
							"origin": [-2.69514, 16.69815, -2.9295],
							"size": [1.1718, 1.7577, 0.5859],
							"pivot": [0, 0, 0],
							"rotation": [0, 0, 5],
							"uv": {
								"north": {"uv": [0, 0], "uv_size": [1, 1]},
								"east": {"uv": [0, 0], "uv_size": [1, 1]},
								"south": {"uv": [0, 0], "uv_size": [1, 1]},
								"west": {"uv": [0, 0], "uv_size": [1, 1]},
								"up": {"uv": [1, 1], "uv_size": [-1, -1]},
								"down": {"uv": [1, 1], "uv_size": [-1, -1]}
							}
						}
					]
				},
				{
					"name": "bunch3",
					"parent": "hair",
					"pivot": [0.5859, 18.45585, -2.63655],
					"rotation": [0, 0, -20],
					"cubes": [
						{
							"origin": [1.46475, 16.69815, -2.9295],
							"size": [1.1718, 1.7577, 0.5859],
							"pivot": [0, 0, 0],
							"rotation": [0, 0, -5],
							"uv": {
								"north": {"uv": [0, 0], "uv_size": [1, 1]},
								"east": {"uv": [0, 0], "uv_size": [1, 1]},
								"south": {"uv": [0, 0], "uv_size": [1, 1]},
								"west": {"uv": [0, 0], "uv_size": [1, 1]},
								"up": {"uv": [1, 1], "uv_size": [-1, -1]},
								"down": {"uv": [1, 1], "uv_size": [-1, -1]}
							}
						}
					]
				},
				{
					"name": "bunch4",
					"parent": "hair",
					"pivot": [1.7577, 18.45585, -2.63655],
					"rotation": [0, 0, -20],
					"cubes": [
						{
							"origin": [6.62067, 15.52635, -2.9295],
							"size": [1.1718, 1.7577, 0.5859],
							"pivot": [0, 0, 0],
							"rotation": [0, 0, -17.5],
							"uv": {
								"north": {"uv": [0, 0], "uv_size": [1, 1]},
								"east": {"uv": [0, 0], "uv_size": [1, 1]},
								"south": {"uv": [0, 0], "uv_size": [1, 1]},
								"west": {"uv": [0, 0], "uv_size": [1, 1]},
								"up": {"uv": [1, 1], "uv_size": [-1, -1]},
								"down": {"uv": [1, 1], "uv_size": [-1, -1]}
							}
						}
					]
				},
				{
					"name": "bunch5",
					"parent": "hair",
					"pivot": [-0.5859, 19.04175, -0.29295],
					"rotation": [-1.10693, -12.45167, -22.37924],
					"cubes": [
						{
							"origin": [-1.84541, 17.97136, -0.9915],
							"size": [1.7577, 2.3436, 1.7577],
							"uv": {
								"north": {"uv": [0, 0], "uv_size": [1, 1]},
								"east": {"uv": [0, 0], "uv_size": [1, 1]},
								"south": {"uv": [0, 0], "uv_size": [1, 1]},
								"west": {"uv": [0, 0], "uv_size": [1, 1]},
								"up": {"uv": [1, 1], "uv_size": [-1, -1]},
								"down": {"uv": [1, 1], "uv_size": [-1, -1]}
							}
						},
						{
							"origin": [-2.17977, 19.83992, -0.97436],
							"size": [1.84052, 1.84052, 1.84052],
							"inflate": -0.1,
							"pivot": [-1.25951, 21.19381, -0.11265],
							"rotation": [0, 0, -15],
							"uv": {
								"north": {"uv": [0, 0], "uv_size": [1, 1]},
								"east": {"uv": [0, 0], "uv_size": [1, 1]},
								"south": {"uv": [0, 0], "uv_size": [1, 1]},
								"west": {"uv": [0, 0], "uv_size": [1, 1]},
								"up": {"uv": [1, 1], "uv_size": [-1, -1]},
								"down": {"uv": [1, 1], "uv_size": [-1, -1]}
							}
						},
						{
							"origin": [-2.22118, 20.97031, -1.01577],
							"size": [1.92334, 2.50924, 1.92334],
							"inflate": -0.2,
							"pivot": [-1.25951, 21.19381, -0.11265],
							"rotation": [0, 0, -30],
							"uv": {
								"north": {"uv": [0, 0], "uv_size": [1, 1]},
								"east": {"uv": [0, 0], "uv_size": [1, 1]},
								"south": {"uv": [0, 0], "uv_size": [1, 1]},
								"west": {"uv": [0, 0], "uv_size": [1, 1]},
								"up": {"uv": [1, 1], "uv_size": [-1, -1]},
								"down": {"uv": [1, 1], "uv_size": [-1, -1]}
							}
						}
					]
				},
				{
					"name": "bunch6",
					"parent": "hair",
					"pivot": [-1.7577, 18.45585, -0.5859],
					"rotation": [-3.28396, -12.06754, -14.65279],
					"cubes": [
						{
							"origin": [10.47847, 13.85226, -1.33114],
							"size": [1.7577, 2.3436, 1.7577],
							"pivot": [0.57676, -0.20934, 0.42656],
							"rotation": [0, 0, -42.5],
							"uv": {
								"north": {"uv": [0, 0], "uv_size": [1, 1]},
								"east": {"uv": [0, 0], "uv_size": [1, 1]},
								"south": {"uv": [0, 0], "uv_size": [1, 1]},
								"west": {"uv": [0, 0], "uv_size": [1, 1]},
								"up": {"uv": [1, 1], "uv_size": [-1, -1]},
								"down": {"uv": [1, 1], "uv_size": [-1, -1]}
							}
						},
						{
							"origin": [-4.64432, 19.68332, -1.1089],
							"size": [1.3718, 1.84052, 1.3718],
							"inflate": -0.1,
							"pivot": [-3.31393, 20.01768, -0.80383],
							"rotation": [0, 0, -72.5],
							"uv": {
								"north": {"uv": [0, 0], "uv_size": [1, 1]},
								"east": {"uv": [0, 0], "uv_size": [1, 1]},
								"south": {"uv": [0, 0], "uv_size": [1, 1]},
								"west": {"uv": [0, 0], "uv_size": [1, 1]},
								"up": {"uv": [1, 1], "uv_size": [-1, -1]},
								"down": {"uv": [1, 1], "uv_size": [-1, -1]}
							}
						},
						{
							"origin": [-4.67916, 18.51152, -1.19678],
							"size": [1.54757, 1.84052, 1.54757],
							"inflate": -0.1,
							"pivot": [-3.31393, 20.01768, -0.80383],
							"rotation": [0, 0, -62.5],
							"uv": {
								"north": {"uv": [0, 0], "uv_size": [1, 1]},
								"east": {"uv": [0, 0], "uv_size": [1, 1]},
								"south": {"uv": [0, 0], "uv_size": [1, 1]},
								"west": {"uv": [0, 0], "uv_size": [1, 1]},
								"up": {"uv": [1, 1], "uv_size": [-1, -1]},
								"down": {"uv": [1, 1], "uv_size": [-1, -1]}
							}
						}
					]
				},
				{
					"name": "bunch14",
					"parent": "hair",
					"pivot": [0.5859, 19.04175, 0.5859],
					"rotation": [-5.84485, -11.06861, -1.93319],
					"cubes": [
						{
							"origin": [3.77202, 17.95236, -0.13156],
							"size": [1.1718, 2.3436, 1.1718],
							"pivot": [2.60022, 0.37536, 0.45434],
							"rotation": [0, 0, -12.5],
							"uv": {
								"north": {"uv": [0, 0], "uv_size": [1, 1]},
								"east": {"uv": [0, 0], "uv_size": [1, 1]},
								"south": {"uv": [0, 0], "uv_size": [1, 1]},
								"west": {"uv": [0, 0], "uv_size": [1, 1]},
								"up": {"uv": [1, 1], "uv_size": [-1, -1]},
								"down": {"uv": [1, 1], "uv_size": [-1, -1]}
							}
						},
						{
							"origin": [-0.74598, 19.68212, -0.23156],
							"size": [1.25462, 1.84052, 1.25462],
							"inflate": -0.1,
							"pivot": [-1.29047, 20.60238, -0.77605],
							"rotation": [0, 0, -17.5],
							"uv": {
								"north": {"uv": [0, 0], "uv_size": [1, 1]},
								"east": {"uv": [0, 0], "uv_size": [1, 1]},
								"south": {"uv": [0, 0], "uv_size": [1, 1]},
								"west": {"uv": [0, 0], "uv_size": [1, 1]},
								"up": {"uv": [1, 1], "uv_size": [-1, -1]},
								"down": {"uv": [1, 1], "uv_size": [-1, -1]}
							}
						},
						{
							"origin": [-1.37213, 21.3592, -0.33156],
							"size": [1.33744, 2.50924, 1.33744],
							"inflate": -0.2,
							"pivot": [-0.70341, 22.32087, -1.42054],
							"rotation": [0, 0, -30],
							"uv": {
								"north": {"uv": [0, 0], "uv_size": [1, 1]},
								"east": {"uv": [0, 0], "uv_size": [1, 1]},
								"south": {"uv": [0, 0], "uv_size": [1, 1]},
								"west": {"uv": [0, 0], "uv_size": [1, 1]},
								"up": {"uv": [1, 1], "uv_size": [-1, -1]},
								"down": {"uv": [1, 1], "uv_size": [-1, -1]}
							}
						}
					]
				},
				{
					"name": "bunch7",
					"parent": "hair",
					"pivot": [2.30084, 18.7488, 1.24483],
					"rotation": [0, -17.5, 55],
					"cubes": [
						{
							"origin": [1.71494, 17.577, 0.65893],
							"size": [1.1718, 1.7577, 1.1718],
							"uv": {
								"north": {"uv": [0, 0], "uv_size": [1, 1]},
								"east": {"uv": [0, 0], "uv_size": [1, 1]},
								"south": {"uv": [0, 0], "uv_size": [1, 1]},
								"west": {"uv": [0, 0], "uv_size": [1, 1]},
								"up": {"uv": [1, 1], "uv_size": [-1, -1]},
								"down": {"uv": [1, 1], "uv_size": [-1, -1]}
							}
						},
						{
							"origin": [1.67353, 18.70739, 0.61752],
							"size": [1.25462, 1.84052, 1.25462],
							"inflate": -0.1,
							"pivot": [2.59379, 18.45585, 0.95188],
							"rotation": [0, 0, 7.5],
							"uv": {
								"north": {"uv": [0, 0], "uv_size": [1, 1]},
								"east": {"uv": [0, 0], "uv_size": [1, 1]},
								"south": {"uv": [0, 0], "uv_size": [1, 1]},
								"west": {"uv": [0, 0], "uv_size": [1, 1]},
								"up": {"uv": [1, 1], "uv_size": [-1, -1]},
								"down": {"uv": [1, 1], "uv_size": [-1, -1]}
							}
						}
					]
				},
				{
					"name": "bunch13",
					"parent": "hair",
					"pivot": [1.12904, 18.7488, 1.24483],
					"rotation": [9.61518, -14.6914, 21.2576],
					"cubes": [
						{
							"origin": [0.63148, 17.16714, 1.2881],
							"size": [0.23436, 2.9295, 0],
							"uv": {
								"north": {"uv": [0, 0], "uv_size": [1, 1]},
								"east": {"uv": [0, 0], "uv_size": [1, 1]},
								"south": {"uv": [0, 0], "uv_size": [1, 1]},
								"west": {"uv": [0, 0], "uv_size": [1, 1]},
								"up": {"uv": [1, 1], "uv_size": [-1, -1]},
								"down": {"uv": [1, 1], "uv_size": [-1, -1]}
							}
						},
						{
							"origin": [0.58874, 20.03032, 1.2881],
							"size": [0.23436, 1.7577, 0],
							"pivot": [1.11605, 19.73737, 0.40925],
							"rotation": [0, 0, 7.5],
							"uv": {
								"north": {"uv": [0, 0], "uv_size": [1, 1]},
								"east": {"uv": [0, 0], "uv_size": [1, 1]},
								"south": {"uv": [0, 0], "uv_size": [1, 1]},
								"west": {"uv": [0, 0], "uv_size": [1, 1]},
								"up": {"uv": [1, 1], "uv_size": [-1, -1]},
								"down": {"uv": [1, 1], "uv_size": [-1, -1]}
							}
						}
					]
				},
				{
					"name": "bunch8",
					"parent": "hair",
					"pivot": [2.30084, 17.577, 1.24483],
					"rotation": [0, 5, 92.5],
					"cubes": [
						{
							"origin": [3.33983, 16.91772, 0.64226],
							"size": [1.1718, 1.7577, 1.1718],
							"pivot": [1.03899, -0.07338, 0.05636],
							"rotation": [0, 0, -5],
							"uv": {
								"north": {"uv": [0, 0], "uv_size": [1, 1]},
								"east": {"uv": [0, 0], "uv_size": [1, 1]},
								"south": {"uv": [0, 0], "uv_size": [1, 1]},
								"west": {"uv": [0, 0], "uv_size": [1, 1]},
								"up": {"uv": [1, 1], "uv_size": [-1, -1]},
								"down": {"uv": [1, 1], "uv_size": [-1, -1]}
							}
						},
						{
							"origin": [1.64807, 18.12093, 0.6153],
							"size": [1.25462, 1.84052, 1.25462],
							"inflate": -0.1,
							"uv": {
								"north": {"uv": [0, 0], "uv_size": [1, 1]},
								"east": {"uv": [0, 0], "uv_size": [1, 1]},
								"south": {"uv": [0, 0], "uv_size": [1, 1]},
								"west": {"uv": [0, 0], "uv_size": [1, 1]},
								"up": {"uv": [1, 1], "uv_size": [-1, -1]},
								"down": {"uv": [1, 1], "uv_size": [-1, -1]}
							}
						}
					]
				},
				{
					"name": "bunch9",
					"parent": "hair",
					"pivot": [2.16501, 16.11225, 0.89323],
					"rotation": [0, 27.5, 120],
					"cubes": [
						{
							"origin": [8.35006, 12.22541, 0.17206],
							"size": [1.1718, 2.3436, 1.1718],
							"pivot": [-0.84575, 0.50741, -0.13527],
							"rotation": [0, 0, -27.5],
							"uv": {
								"north": {"uv": [0, 0], "uv_size": [1, 1]},
								"east": {"uv": [0, 0], "uv_size": [1, 1]},
								"south": {"uv": [0, 0], "uv_size": [1, 1]},
								"west": {"uv": [0, 0], "uv_size": [1, 1]},
								"up": {"uv": [1, 1], "uv_size": [-1, -1]},
								"down": {"uv": [1, 1], "uv_size": [-1, -1]}
							}
						}
					]
				},
				{
					"name": "bunch10",
					"parent": "hair",
					"pivot": [-2.30084, 19.04175, 0.65893],
					"rotation": [5.41615, 16.66577, -51.70612],
					"cubes": [
						{
							"origin": [-3.16386, 16.79071, -0.09253],
							"size": [1.1718, 2.9295, 1.1718],
							"uv": {
								"north": {"uv": [0, 0], "uv_size": [1, 1]},
								"east": {"uv": [0, 0], "uv_size": [1, 1]},
								"south": {"uv": [0, 0], "uv_size": [1, 1]},
								"west": {"uv": [0, 0], "uv_size": [1, 1]},
								"up": {"uv": [1, 1], "uv_size": [-1, -1]},
								"down": {"uv": [1, 1], "uv_size": [-1, -1]}
							}
						},
						{
							"origin": [-3.14668, 19.13943, -0.13394],
							"size": [1.25462, 2.42642, 1.25462],
							"inflate": -0.1,
							"pivot": [-2.59379, 18.45585, 0.36598],
							"rotation": [0, 0, -5],
							"uv": {
								"north": {"uv": [0, 0], "uv_size": [1, 1]},
								"east": {"uv": [0, 0], "uv_size": [1, 1]},
								"south": {"uv": [0, 0], "uv_size": [1, 1]},
								"west": {"uv": [0, 0], "uv_size": [1, 1]},
								"up": {"uv": [1, 1], "uv_size": [-1, -1]},
								"down": {"uv": [1, 1], "uv_size": [-1, -1]}
							}
						}
					]
				},
				{
					"name": "bunch11",
					"parent": "hair",
					"pivot": [-2.30084, 17.577, 1.24483],
					"rotation": [0, -12.5, -92.5],
					"cubes": [
						{
							"origin": [-2.86179, 16.99054, 0.6534],
							"size": [1.1718, 2.3436, 1.1718],
							"uv": {
								"north": {"uv": [0, 0], "uv_size": [1, 1]},
								"east": {"uv": [0, 0], "uv_size": [1, 1]},
								"south": {"uv": [0, 0], "uv_size": [1, 1]},
								"west": {"uv": [0, 0], "uv_size": [1, 1]},
								"up": {"uv": [1, 1], "uv_size": [-1, -1]},
								"down": {"uv": [1, 1], "uv_size": [-1, -1]}
							}
						},
						{
							"origin": [-2.36006, 18.70683, 0.59755],
							"size": [1.25462, 1.84052, 1.25462],
							"inflate": -0.1,
							"pivot": [-2.25688, 16.74795, 1.18071],
							"rotation": [0, 0, -12.5],
							"uv": {
								"north": {"uv": [0, 0], "uv_size": [1, 1]},
								"east": {"uv": [0, 0], "uv_size": [1, 1]},
								"south": {"uv": [0, 0], "uv_size": [1, 1]},
								"west": {"uv": [0, 0], "uv_size": [1, 1]},
								"up": {"uv": [1, 1], "uv_size": [-1, -1]},
								"down": {"uv": [1, 1], "uv_size": [-1, -1]}
							}
						}
					]
				},
				{
					"name": "bunch12",
					"parent": "hair",
					"pivot": [-2.16501, 16.11225, 1.47913],
					"rotation": [0, -17.5, -120],
					"cubes": [
						{
							"origin": [-7.33731, 13.69016, 0.09377],
							"size": [1.1718, 2.3436, 1.1718],
							"pivot": [0.86529, 0.50741, -0.08809],
							"rotation": [0, 0, 17.5],
							"uv": {
								"north": {"uv": [0, 0], "uv_size": [1, 1]},
								"east": {"uv": [0, 0], "uv_size": [1, 1]},
								"south": {"uv": [0, 0], "uv_size": [1, 1]},
								"west": {"uv": [0, 0], "uv_size": [1, 1]},
								"up": {"uv": [1, 1], "uv_size": [-1, -1]},
								"down": {"uv": [1, 1], "uv_size": [-1, -1]}
							}
						}
					]
				},
				{
					"name": "hair2",
					"parent": "head",
					"pivot": [0, 24, 0]
				},
				{
					"name": "bunch15",
					"parent": "hair2",
					"pivot": [-1.83, 18.3, -2.44],
					"rotation": [17.89807, 11.91276, 3.81397],
					"cubes": [
						{
							"origin": [-2.44, 18.3, -2.44],
							"size": [1.22, 1.83, 1.22],
							"uv": {
								"north": {"uv": [1, 0], "uv_size": [1, 1]},
								"east": {"uv": [1, 0], "uv_size": [1, 1]},
								"south": {"uv": [1, 0], "uv_size": [1, 1]},
								"west": {"uv": [1, 0], "uv_size": [1, 1]},
								"up": {"uv": [2, 1], "uv_size": [-1, -1]},
								"down": {"uv": [2, 1], "uv_size": [-1, -1]}
							}
						},
						{
							"origin": [-2.379, 20.13, -2.379],
							"size": [1.098, 1.037, 1.098],
							"pivot": [-1.83, 20.13, -2.44],
							"rotation": [-35, 0, 0],
							"uv": {
								"north": {"uv": [1, 0], "uv_size": [1, 1]},
								"east": {"uv": [1, 0], "uv_size": [1, 1]},
								"south": {"uv": [1, 0], "uv_size": [1, 1]},
								"west": {"uv": [1, 0], "uv_size": [1, 1]},
								"up": {"uv": [2, 1], "uv_size": [-1, -1]},
								"down": {"uv": [2, 1], "uv_size": [-1, -1]}
							}
						},
						{
							"origin": [-2.379, 20.98945, -1.77544],
							"size": [1.098, 1.037, 1.098],
							"pivot": [-1.83, 20.98945, -1.83644],
							"rotation": [-47.5, 0, 0],
							"uv": {
								"north": {"uv": [1, 0], "uv_size": [1, 1]},
								"east": {"uv": [1, 0], "uv_size": [1, 1]},
								"south": {"uv": [1, 0], "uv_size": [1, 1]},
								"west": {"uv": [1, 0], "uv_size": [1, 1]},
								"up": {"uv": [2, 1], "uv_size": [-1, -1]},
								"down": {"uv": [2, 1], "uv_size": [-1, -1]}
							}
						}
					]
				},
				{
					"name": "bunch16",
					"parent": "hair2",
					"pivot": [-0.61, 18.3, -1.83],
					"rotation": [29.91615, -1.29876, 7.38733],
					"cubes": [
						{
							"origin": [-1.22, 18.3, -2.44],
							"size": [1.22, 1.22, 1.22],
							"uv": {
								"north": {"uv": [1, 0], "uv_size": [1, 1]},
								"east": {"uv": [1, 0], "uv_size": [1, 1]},
								"south": {"uv": [1, 0], "uv_size": [1, 1]},
								"west": {"uv": [1, 0], "uv_size": [1, 1]},
								"up": {"uv": [2, 1], "uv_size": [-1, -1]},
								"down": {"uv": [2, 1], "uv_size": [-1, -1]}
							}
						},
						{
							"origin": [-1.159, 19.52, -2.379],
							"size": [1.098, 1.708, 1.098],
							"pivot": [-0.61, 19.52, -2.44],
							"rotation": [-27.5, 0, 0],
							"uv": {
								"north": {"uv": [1, 0], "uv_size": [1, 1]},
								"east": {"uv": [1, 0], "uv_size": [1, 1]},
								"south": {"uv": [1, 0], "uv_size": [1, 1]},
								"west": {"uv": [1, 0], "uv_size": [1, 1]},
								"up": {"uv": [2, 1], "uv_size": [-1, -1]},
								"down": {"uv": [2, 1], "uv_size": [-1, -1]}
							}
						}
					]
				},
				{
					"name": "bunch17",
					"parent": "hair2",
					"pivot": [-1.22, 18.91, -2.44],
					"rotation": [47.14445, 34.89321, 14.70516],
					"cubes": [
						{
							"origin": [-1.769, 18.361, -3.538],
							"size": [1.098, 1.098, 1.098],
							"uv": {
								"north": {"uv": [1, 0], "uv_size": [1, 1]},
								"east": {"uv": [1, 0], "uv_size": [1, 1]},
								"south": {"uv": [1, 0], "uv_size": [1, 1]},
								"west": {"uv": [1, 0], "uv_size": [1, 1]},
								"up": {"uv": [2, 1], "uv_size": [-1, -1]},
								"down": {"uv": [2, 1], "uv_size": [-1, -1]}
							}
						},
						{
							"origin": [-1.7141, 18.4159, -4.5262],
							"size": [0.9882, 0.9882, 0.9882],
							"pivot": [-1.22, 19.52, -3.538],
							"rotation": [20, 0, 0],
							"uv": {
								"north": {"uv": [1, 0], "uv_size": [1, 1]},
								"east": {"uv": [1, 0], "uv_size": [1, 1]},
								"south": {"uv": [1, 0], "uv_size": [1, 1]},
								"west": {"uv": [1, 0], "uv_size": [1, 1]},
								"up": {"uv": [2, 1], "uv_size": [-1, -1]},
								"down": {"uv": [2, 1], "uv_size": [-1, -1]}
							}
						}
					]
				},
				{
					"name": "bunch18",
					"parent": "hair2",
					"pivot": [0, 18.91, -2.44],
					"rotation": [40.61447, -42.68547, -9.07772],
					"cubes": [
						{
							"origin": [-0.488, 18.422, -3.904],
							"size": [0.976, 0.976, 1.464],
							"uv": {
								"north": {"uv": [1, 0], "uv_size": [1, 1]},
								"east": {"uv": [1, 0], "uv_size": [1, 1]},
								"south": {"uv": [1, 0], "uv_size": [1, 1]},
								"west": {"uv": [1, 0], "uv_size": [1, 1]},
								"up": {"uv": [2, 1], "uv_size": [-1, -1]},
								"down": {"uv": [2, 1], "uv_size": [-1, -1]}
							}
						},
						{
							"origin": [-0.4392, 18.4708, -5.2216],
							"size": [0.8784, 0.8784, 1.3176],
							"pivot": [0, 19.52, -3.904],
							"rotation": [37.5, 0, 0],
							"uv": {
								"north": {"uv": [1, 0], "uv_size": [1, 1]},
								"east": {"uv": [1, 0], "uv_size": [1, 1]},
								"south": {"uv": [1, 0], "uv_size": [1, 1]},
								"west": {"uv": [1, 0], "uv_size": [1, 1]},
								"up": {"uv": [2, 1], "uv_size": [-1, -1]},
								"down": {"uv": [2, 1], "uv_size": [-1, -1]}
							}
						}
					]
				},
				{
					"name": "bunch19",
					"parent": "hair2",
					"pivot": [1.22, 18.91, -1.83],
					"rotation": [17.5, -35, 0],
					"cubes": [
						{
							"origin": [0.732, 18.422, -3.294],
							"size": [0.976, 0.976, 1.464],
							"uv": {
								"north": {"uv": [1, 0], "uv_size": [1, 1]},
								"east": {"uv": [1, 0], "uv_size": [1, 1]},
								"south": {"uv": [1, 0], "uv_size": [1, 1]},
								"west": {"uv": [1, 0], "uv_size": [1, 1]},
								"up": {"uv": [2, 1], "uv_size": [-1, -1]},
								"down": {"uv": [2, 1], "uv_size": [-1, -1]}
							}
						},
						{
							"origin": [0.7808, 18.4708, -4.6116],
							"size": [0.8784, 0.8784, 1.3176],
							"pivot": [1.22, 19.52, -3.294],
							"rotation": [30, 0, 0],
							"uv": {
								"north": {"uv": [1, 0], "uv_size": [1, 1]},
								"east": {"uv": [1, 0], "uv_size": [1, 1]},
								"south": {"uv": [1, 0], "uv_size": [1, 1]},
								"west": {"uv": [1, 0], "uv_size": [1, 1]},
								"up": {"uv": [2, 1], "uv_size": [-1, -1]},
								"down": {"uv": [2, 1], "uv_size": [-1, -1]}
							}
						}
					]
				},
				{
					"name": "bunch20",
					"parent": "hair2",
					"pivot": [0.61, 18.3, -2.44],
					"rotation": [29.84165, -2.95401, 6.86916],
					"cubes": [
						{
							"origin": [0, 18.3, -2.44],
							"size": [1.22, 1.22, 1.22],
							"uv": {
								"north": {"uv": [1, 0], "uv_size": [1, 1]},
								"east": {"uv": [1, 0], "uv_size": [1, 1]},
								"south": {"uv": [1, 0], "uv_size": [1, 1]},
								"west": {"uv": [1, 0], "uv_size": [1, 1]},
								"up": {"uv": [2, 1], "uv_size": [-1, -1]},
								"down": {"uv": [2, 1], "uv_size": [-1, -1]}
							}
						},
						{
							"origin": [0.061, 19.52, -2.379],
							"size": [1.098, 1.037, 1.098],
							"pivot": [0.61, 19.52, -2.44],
							"rotation": [-22.5, 0, 0],
							"uv": {
								"north": {"uv": [1, 0], "uv_size": [1, 1]},
								"east": {"uv": [1, 0], "uv_size": [1, 1]},
								"south": {"uv": [1, 0], "uv_size": [1, 1]},
								"west": {"uv": [1, 0], "uv_size": [1, 1]},
								"up": {"uv": [2, 1], "uv_size": [-1, -1]},
								"down": {"uv": [2, 1], "uv_size": [-1, -1]}
							}
						},
						{
							"origin": [0.061, 20.49593, -1.97078],
							"size": [1.098, 1.037, 1.098],
							"pivot": [0.61, 20.49593, -2.03178],
							"rotation": [-42.5, 0, 0],
							"uv": {
								"north": {"uv": [1, 0], "uv_size": [1, 1]},
								"east": {"uv": [1, 0], "uv_size": [1, 1]},
								"south": {"uv": [1, 0], "uv_size": [1, 1]},
								"west": {"uv": [1, 0], "uv_size": [1, 1]},
								"up": {"uv": [2, 1], "uv_size": [-1, -1]},
								"down": {"uv": [2, 1], "uv_size": [-1, -1]}
							}
						}
					]
				},
				{
					"name": "bunch21",
					"parent": "hair2",
					"pivot": [1.83, 18.91, -2.44],
					"rotation": [12.43261, -13.5044, 9.79139],
					"cubes": [
						{
							"origin": [1.342, 18.91, -2.44],
							"size": [0.976, 0.976, 0.976],
							"uv": {
								"north": {"uv": [1, 0], "uv_size": [1, 1]},
								"east": {"uv": [1, 0], "uv_size": [1, 1]},
								"south": {"uv": [1, 0], "uv_size": [1, 1]},
								"west": {"uv": [1, 0], "uv_size": [1, 1]},
								"up": {"uv": [2, 1], "uv_size": [-1, -1]},
								"down": {"uv": [2, 1], "uv_size": [-1, -1]}
							}
						},
						{
							"origin": [1.3908, 19.886, -2.379],
							"size": [0.8784, 1.4884, 0.8784],
							"pivot": [1.83, 19.886, -2.44],
							"rotation": [-25, 0, 0],
							"uv": {
								"north": {"uv": [1, 0], "uv_size": [1, 1]},
								"east": {"uv": [1, 0], "uv_size": [1, 1]},
								"south": {"uv": [1, 0], "uv_size": [1, 1]},
								"west": {"uv": [1, 0], "uv_size": [1, 1]},
								"up": {"uv": [2, 1], "uv_size": [-1, -1]},
								"down": {"uv": [2, 1], "uv_size": [-1, -1]}
							}
						}
					]
				},
				{
					"name": "bunch22",
					"parent": "hair2",
					"pivot": [-1.83, 18.3, -1.83],
					"rotation": [3.76055, 7.09452, 27.40356],
					"cubes": [
						{
							"origin": [-2.928, 17.751, -2.379],
							"size": [1.098, 1.098, 1.098],
							"uv": {
								"north": {"uv": [1, 0], "uv_size": [1, 1]},
								"east": {"uv": [1, 0], "uv_size": [1, 1]},
								"south": {"uv": [1, 0], "uv_size": [1, 1]},
								"west": {"uv": [1, 0], "uv_size": [1, 1]},
								"up": {"uv": [2, 1], "uv_size": [-1, -1]},
								"down": {"uv": [2, 1], "uv_size": [-1, -1]}
							}
						},
						{
							"origin": [-3.9162, 17.8059, -2.3241],
							"size": [0.9882, 0.9882, 0.9882],
							"pivot": [-2.928, 17.69, -1.83],
							"rotation": [0, 0, 27.5],
							"uv": {
								"north": {"uv": [1, 0], "uv_size": [1, 1]},
								"east": {"uv": [1, 0], "uv_size": [1, 1]},
								"south": {"uv": [1, 0], "uv_size": [1, 1]},
								"west": {"uv": [1, 0], "uv_size": [1, 1]},
								"up": {"uv": [2, 1], "uv_size": [-1, -1]},
								"down": {"uv": [2, 1], "uv_size": [-1, -1]}
							}
						}
					]
				},
				{
					"name": "bunch23",
					"parent": "hair2",
					"pivot": [-1.83, 17.08, -1.22],
					"rotation": [-12.26105, 10.11612, 43.59796],
					"cubes": [
						{
							"origin": [-3.538, 16.531, -1.769],
							"size": [1.708, 1.098, 1.098],
							"uv": {
								"north": {"uv": [1, 0], "uv_size": [1, 1]},
								"east": {"uv": [1, 0], "uv_size": [1, 1]},
								"south": {"uv": [1, 0], "uv_size": [1, 1]},
								"west": {"uv": [1, 0], "uv_size": [1, 1]},
								"up": {"uv": [2, 1], "uv_size": [-1, -1]},
								"down": {"uv": [2, 1], "uv_size": [-1, -1]}
							}
						},
						{
							"origin": [-5.1362, 16.5859, -1.7141],
							"size": [1.5982, 0.9882, 0.9882],
							"pivot": [-3.538, 16.47, -1.22],
							"rotation": [0, 0, 30],
							"uv": {
								"north": {"uv": [1, 0], "uv_size": [1, 1]},
								"east": {"uv": [1, 0], "uv_size": [1, 1]},
								"south": {"uv": [1, 0], "uv_size": [1, 1]},
								"west": {"uv": [1, 0], "uv_size": [1, 1]},
								"up": {"uv": [2, 1], "uv_size": [-1, -1]},
								"down": {"uv": [2, 1], "uv_size": [-1, -1]}
							}
						}
					]
				},
				{
					"name": "bunch24",
					"parent": "hair2",
					"pivot": [-1.83, 15.86, 0],
					"rotation": [-14.54174, 5.3288, 45.08713],
					"cubes": [
						{
							"origin": [-3.538, 15.311, -0.549],
							"size": [1.708, 1.098, 1.098],
							"uv": {
								"north": {"uv": [1, 0], "uv_size": [1, 1]},
								"east": {"uv": [1, 0], "uv_size": [1, 1]},
								"south": {"uv": [1, 0], "uv_size": [1, 1]},
								"west": {"uv": [1, 0], "uv_size": [1, 1]},
								"up": {"uv": [2, 1], "uv_size": [-1, -1]},
								"down": {"uv": [2, 1], "uv_size": [-1, -1]}
							}
						},
						{
							"origin": [-4.5262, 15.3659, -0.4941],
							"size": [0.9882, 0.9882, 0.9882],
							"pivot": [-3.538, 15.25, 0],
							"rotation": [0, 0, 5],
							"uv": {
								"north": {"uv": [1, 0], "uv_size": [1, 1]},
								"east": {"uv": [1, 0], "uv_size": [1, 1]},
								"south": {"uv": [1, 0], "uv_size": [1, 1]},
								"west": {"uv": [1, 0], "uv_size": [1, 1]},
								"up": {"uv": [2, 1], "uv_size": [-1, -1]},
								"down": {"uv": [2, 1], "uv_size": [-1, -1]}
							}
						}
					]
				},
				{
					"name": "bunch25",
					"parent": "hair2",
					"pivot": [-1.83, 18.91, -1.22],
					"rotation": [2.72696, -0.39303, -12.40991],
					"cubes": [
						{
							"origin": [-2.44, 18.91, -1.83],
							"size": [1.22, 1.83, 1.22],
							"uv": {
								"north": {"uv": [1, 0], "uv_size": [1, 1]},
								"east": {"uv": [1, 0], "uv_size": [1, 1]},
								"south": {"uv": [1, 0], "uv_size": [1, 1]},
								"west": {"uv": [1, 0], "uv_size": [1, 1]},
								"up": {"uv": [2, 1], "uv_size": [-1, -1]},
								"down": {"uv": [2, 1], "uv_size": [-1, -1]}
							}
						},
						{
							"origin": [-2.318, 20.74, -1.708],
							"size": [0.976, 1.464, 0.976],
							"pivot": [-1.83, 20.74, -1.83],
							"rotation": [-22.5, 0, 0],
							"uv": {
								"north": {"uv": [1, 0], "uv_size": [1, 1]},
								"east": {"uv": [1, 0], "uv_size": [1, 1]},
								"south": {"uv": [1, 0], "uv_size": [1, 1]},
								"west": {"uv": [1, 0], "uv_size": [1, 1]},
								"up": {"uv": [2, 1], "uv_size": [-1, -1]},
								"down": {"uv": [2, 1], "uv_size": [-1, -1]}
							}
						}
					]
				},
				{
					"name": "bunch26",
					"parent": "hair2",
					"pivot": [-0.61, 19.52, -1.83],
					"rotation": [-2.45392, 1.08089, 4.88206],
					"cubes": [
						{
							"origin": [-1.22, 19.52, -2.44],
							"size": [1.22, 1.83, 1.22],
							"uv": {
								"north": {"uv": [1, 0], "uv_size": [1, 1]},
								"east": {"uv": [1, 0], "uv_size": [1, 1]},
								"south": {"uv": [1, 0], "uv_size": [1, 1]},
								"west": {"uv": [1, 0], "uv_size": [1, 1]},
								"up": {"uv": [2, 1], "uv_size": [-1, -1]},
								"down": {"uv": [2, 1], "uv_size": [-1, -1]}
							}
						},
						{
							"origin": [-1.098, 21.35, -2.318],
							"size": [0.976, 1.464, 0.976],
							"pivot": [-0.61, 21.35, -2.44],
							"rotation": [-20, 0, 0],
							"uv": {
								"north": {"uv": [1, 0], "uv_size": [1, 1]},
								"east": {"uv": [1, 0], "uv_size": [1, 1]},
								"south": {"uv": [1, 0], "uv_size": [1, 1]},
								"west": {"uv": [1, 0], "uv_size": [1, 1]},
								"up": {"uv": [2, 1], "uv_size": [-1, -1]},
								"down": {"uv": [2, 1], "uv_size": [-1, -1]}
							}
						}
					]
				},
				{
					"name": "bunch27",
					"parent": "hair2",
					"pivot": [0.61, 19.52, -1.83],
					"rotation": [-12.49569, -0.41646, 2.67519],
					"cubes": [
						{
							"origin": [0, 19.52, -2.44],
							"size": [1.22, 1.83, 1.22],
							"uv": {
								"north": {"uv": [1, 0], "uv_size": [1, 1]},
								"east": {"uv": [1, 0], "uv_size": [1, 1]},
								"south": {"uv": [1, 0], "uv_size": [1, 1]},
								"west": {"uv": [1, 0], "uv_size": [1, 1]},
								"up": {"uv": [2, 1], "uv_size": [-1, -1]},
								"down": {"uv": [2, 1], "uv_size": [-1, -1]}
							}
						},
						{
							"origin": [0.122, 21.35, -2.318],
							"size": [0.976, 1.464, 0.976],
							"pivot": [0.61, 21.35, -2.44],
							"rotation": [-10, 0, 0],
							"uv": {
								"north": {"uv": [1, 0], "uv_size": [1, 1]},
								"east": {"uv": [1, 0], "uv_size": [1, 1]},
								"south": {"uv": [1, 0], "uv_size": [1, 1]},
								"west": {"uv": [1, 0], "uv_size": [1, 1]},
								"up": {"uv": [2, 1], "uv_size": [-1, -1]},
								"down": {"uv": [2, 1], "uv_size": [-1, -1]}
							}
						}
					]
				},
				{
					"name": "bunch28",
					"parent": "hair2",
					"pivot": [1.83, 19.52, -1.22],
					"rotation": [-10.88051, -12.2654, 4.88719],
					"cubes": [
						{
							"origin": [1.22, 19.52, -1.83],
							"size": [1.22, 1.22, 1.22],
							"uv": {
								"north": {"uv": [1, 0], "uv_size": [1, 1]},
								"east": {"uv": [1, 0], "uv_size": [1, 1]},
								"south": {"uv": [1, 0], "uv_size": [1, 1]},
								"west": {"uv": [1, 0], "uv_size": [1, 1]},
								"up": {"uv": [2, 1], "uv_size": [-1, -1]},
								"down": {"uv": [2, 1], "uv_size": [-1, -1]}
							}
						},
						{
							"origin": [1.342, 20.74, -1.708],
							"size": [0.976, 1.586, 0.976],
							"pivot": [1.83, 20.74, -1.83],
							"rotation": [-10, 0, 0],
							"uv": {
								"north": {"uv": [1, 0], "uv_size": [1, 1]},
								"east": {"uv": [1, 0], "uv_size": [1, 1]},
								"south": {"uv": [1, 0], "uv_size": [1, 1]},
								"west": {"uv": [1, 0], "uv_size": [1, 1]},
								"up": {"uv": [2, 1], "uv_size": [-1, -1]},
								"down": {"uv": [2, 1], "uv_size": [-1, -1]}
							}
						}
					]
				},
				{
					"name": "bunch29",
					"parent": "hair2",
					"pivot": [-1.83, 19.52, -0.61],
					"rotation": [-5.34168, 0.81757, 4.83529],
					"cubes": [
						{
							"origin": [-2.44, 19.52, -1.22],
							"size": [1.22, 1.83, 1.22],
							"uv": {
								"north": {"uv": [1, 0], "uv_size": [1, 1]},
								"east": {"uv": [1, 0], "uv_size": [1, 1]},
								"south": {"uv": [1, 0], "uv_size": [1, 1]},
								"west": {"uv": [1, 0], "uv_size": [1, 1]},
								"up": {"uv": [2, 1], "uv_size": [-1, -1]},
								"down": {"uv": [2, 1], "uv_size": [-1, -1]}
							}
						},
						{
							"origin": [-2.318, 21.35, -1.098],
							"size": [0.976, 1.464, 0.976],
							"pivot": [-1.83, 21.35, -1.22],
							"rotation": [-22.5, 0, 0],
							"uv": {
								"north": {"uv": [1, 0], "uv_size": [1, 1]},
								"east": {"uv": [1, 0], "uv_size": [1, 1]},
								"south": {"uv": [1, 0], "uv_size": [1, 1]},
								"west": {"uv": [1, 0], "uv_size": [1, 1]},
								"up": {"uv": [2, 1], "uv_size": [-1, -1]},
								"down": {"uv": [2, 1], "uv_size": [-1, -1]}
							}
						}
					]
				},
				{
					"name": "bunch30",
					"parent": "hair2",
					"pivot": [0, 19.52, -0.61],
					"rotation": [-7.5, 0, 0],
					"cubes": [
						{
							"origin": [-0.61, 19.52, -1.22],
							"size": [1.22, 1.83, 1.22],
							"uv": {
								"north": {"uv": [1, 0], "uv_size": [1, 1]},
								"east": {"uv": [1, 0], "uv_size": [1, 1]},
								"south": {"uv": [1, 0], "uv_size": [1, 1]},
								"west": {"uv": [1, 0], "uv_size": [1, 1]},
								"up": {"uv": [2, 1], "uv_size": [-1, -1]},
								"down": {"uv": [2, 1], "uv_size": [-1, -1]}
							}
						},
						{
							"origin": [-0.488, 21.35, -1.098],
							"size": [0.976, 1.464, 0.976],
							"pivot": [0, 21.35, -1.22],
							"rotation": [-22.5, 0, 0],
							"uv": {
								"north": {"uv": [1, 0], "uv_size": [1, 1]},
								"east": {"uv": [1, 0], "uv_size": [1, 1]},
								"south": {"uv": [1, 0], "uv_size": [1, 1]},
								"west": {"uv": [1, 0], "uv_size": [1, 1]},
								"up": {"uv": [2, 1], "uv_size": [-1, -1]},
								"down": {"uv": [2, 1], "uv_size": [-1, -1]}
							}
						},
						{
							"origin": [-0.488, 22.71687, -0.53069],
							"size": [0.976, 1.464, 0.976],
							"pivot": [0, 22.71687, -0.65269],
							"rotation": [-30, 0, 0],
							"uv": {
								"north": {"uv": [1, 0], "uv_size": [1, 1]},
								"east": {"uv": [1, 0], "uv_size": [1, 1]},
								"south": {"uv": [1, 0], "uv_size": [1, 1]},
								"west": {"uv": [1, 0], "uv_size": [1, 1]},
								"up": {"uv": [2, 1], "uv_size": [-1, -1]},
								"down": {"uv": [2, 1], "uv_size": [-1, -1]}
							}
						}
					]
				},
				{
					"name": "bunch31",
					"parent": "hair2",
					"pivot": [-0.61, 19.52, 0],
					"rotation": [-7.43655, -0.9762, -7.43656],
					"cubes": [
						{
							"origin": [-1.22, 19.52, -0.61],
							"size": [1.22, 1.83, 1.22],
							"uv": {
								"north": {"uv": [1, 0], "uv_size": [1, 1]},
								"east": {"uv": [1, 0], "uv_size": [1, 1]},
								"south": {"uv": [1, 0], "uv_size": [1, 1]},
								"west": {"uv": [1, 0], "uv_size": [1, 1]},
								"up": {"uv": [2, 1], "uv_size": [-1, -1]},
								"down": {"uv": [2, 1], "uv_size": [-1, -1]}
							}
						},
						{
							"origin": [-1.098, 21.35, -0.488],
							"size": [0.976, 0.854, 0.976],
							"pivot": [-0.61, 21.35, -0.61],
							"rotation": [-22.5, 0, 0],
							"uv": {
								"north": {"uv": [1, 0], "uv_size": [1, 1]},
								"east": {"uv": [1, 0], "uv_size": [1, 1]},
								"south": {"uv": [1, 0], "uv_size": [1, 1]},
								"west": {"uv": [1, 0], "uv_size": [1, 1]},
								"up": {"uv": [2, 1], "uv_size": [-1, -1]},
								"down": {"uv": [2, 1], "uv_size": [-1, -1]}
							}
						},
						{
							"origin": [-1.098, 22.60355, -1.54794],
							"size": [0.976, 1.464, 0.976],
							"pivot": [-0.61, 20.16355, -1.66994],
							"rotation": [-35, 0, 0],
							"uv": {
								"north": {"uv": [1, 0], "uv_size": [1, 1]},
								"east": {"uv": [1, 0], "uv_size": [1, 1]},
								"south": {"uv": [1, 0], "uv_size": [1, 1]},
								"west": {"uv": [1, 0], "uv_size": [1, 1]},
								"up": {"uv": [2, 1], "uv_size": [-1, -1]},
								"down": {"uv": [2, 1], "uv_size": [-1, -1]}
							}
						}
					]
				},
				{
					"name": "bunch32",
					"parent": "hair2",
					"pivot": [-1.83, 15.86, 1.22],
					"rotation": [9.63926, 6.50711, 40.12772],
					"cubes": [
						{
							"origin": [-3.538, 15.311, 0.671],
							"size": [1.708, 1.098, 1.098],
							"uv": {
								"north": {"uv": [1, 0], "uv_size": [1, 1]},
								"east": {"uv": [1, 0], "uv_size": [1, 1]},
								"south": {"uv": [1, 0], "uv_size": [1, 1]},
								"west": {"uv": [1, 0], "uv_size": [1, 1]},
								"up": {"uv": [2, 1], "uv_size": [-1, -1]},
								"down": {"uv": [2, 1], "uv_size": [-1, -1]}
							}
						},
						{
							"origin": [-4.5262, 15.3659, 0.7259],
							"size": [0.9882, 0.9882, 0.9882],
							"pivot": [-3.538, 15.25, 1.22],
							"rotation": [0, 0, 25],
							"uv": {
								"north": {"uv": [1, 0], "uv_size": [1, 1]},
								"east": {"uv": [1, 0], "uv_size": [1, 1]},
								"south": {"uv": [1, 0], "uv_size": [1, 1]},
								"west": {"uv": [1, 0], "uv_size": [1, 1]},
								"up": {"uv": [2, 1], "uv_size": [-1, -1]},
								"down": {"uv": [2, 1], "uv_size": [-1, -1]}
							}
						}
					]
				},
				{
					"name": "bunch33",
					"parent": "hair2",
					"pivot": [-1.83, 17.08, 0.61],
					"rotation": [8.07328, 22.85932, 32.30138],
					"cubes": [
						{
							"origin": [-3.538, 16.531, 0.061],
							"size": [1.708, 1.098, 1.098],
							"uv": {
								"north": {"uv": [1, 0], "uv_size": [1, 1]},
								"east": {"uv": [1, 0], "uv_size": [1, 1]},
								"south": {"uv": [1, 0], "uv_size": [1, 1]},
								"west": {"uv": [1, 0], "uv_size": [1, 1]},
								"up": {"uv": [2, 1], "uv_size": [-1, -1]},
								"down": {"uv": [2, 1], "uv_size": [-1, -1]}
							}
						},
						{
							"origin": [-5.1362, 16.5859, 0.1159],
							"size": [1.5982, 0.9882, 0.9882],
							"pivot": [-3.538, 16.47, 0.61],
							"rotation": [0, 0, 47.5],
							"uv": {
								"north": {"uv": [1, 0], "uv_size": [1, 1]},
								"east": {"uv": [1, 0], "uv_size": [1, 1]},
								"south": {"uv": [1, 0], "uv_size": [1, 1]},
								"west": {"uv": [1, 0], "uv_size": [1, 1]},
								"up": {"uv": [2, 1], "uv_size": [-1, -1]},
								"down": {"uv": [2, 1], "uv_size": [-1, -1]}
							}
						}
					]
				},
				{
					"name": "bunch34",
					"parent": "hair2",
					"pivot": [-1.83, 17.69, 0],
					"rotation": [9.77243, 11.43563, 40.98084],
					"cubes": [
						{
							"origin": [-3.538, 17.141, -0.549],
							"size": [1.708, 1.098, 1.098],
							"uv": {
								"north": {"uv": [1, 0], "uv_size": [1, 1]},
								"east": {"uv": [1, 0], "uv_size": [1, 1]},
								"south": {"uv": [1, 0], "uv_size": [1, 1]},
								"west": {"uv": [1, 0], "uv_size": [1, 1]},
								"up": {"uv": [2, 1], "uv_size": [-1, -1]},
								"down": {"uv": [2, 1], "uv_size": [-1, -1]}
							}
						},
						{
							"origin": [-5.1362, 17.1959, -0.4941],
							"size": [1.5982, 0.9882, 0.9882],
							"pivot": [-3.538, 17.08, 0],
							"rotation": [0, 0, 37.5],
							"uv": {
								"north": {"uv": [1, 0], "uv_size": [1, 1]},
								"east": {"uv": [1, 0], "uv_size": [1, 1]},
								"south": {"uv": [1, 0], "uv_size": [1, 1]},
								"west": {"uv": [1, 0], "uv_size": [1, 1]},
								"up": {"uv": [2, 1], "uv_size": [-1, -1]},
								"down": {"uv": [2, 1], "uv_size": [-1, -1]}
							}
						}
					]
				},
				{
					"name": "bunch35",
					"parent": "hair2",
					"pivot": [1.22, 18.91, -0.61],
					"rotation": [-7.06209, -6.93696, 3.76782],
					"cubes": [
						{
							"origin": [0.61, 18.91, -1.22],
							"size": [1.22, 1.83, 1.22],
							"uv": {
								"north": {"uv": [1, 0], "uv_size": [1, 1]},
								"east": {"uv": [1, 0], "uv_size": [1, 1]},
								"south": {"uv": [1, 0], "uv_size": [1, 1]},
								"west": {"uv": [1, 0], "uv_size": [1, 1]},
								"up": {"uv": [2, 1], "uv_size": [-1, -1]},
								"down": {"uv": [2, 1], "uv_size": [-1, -1]}
							}
						},
						{
							"origin": [0.732, 20.74, -1.098],
							"size": [0.976, 1.464, 0.976],
							"pivot": [1.22, 20.74, -1.22],
							"rotation": [-22.5, 0, 0],
							"uv": {
								"north": {"uv": [1, 0], "uv_size": [1, 1]},
								"east": {"uv": [1, 0], "uv_size": [1, 1]},
								"south": {"uv": [1, 0], "uv_size": [1, 1]},
								"west": {"uv": [1, 0], "uv_size": [1, 1]},
								"up": {"uv": [2, 1], "uv_size": [-1, -1]},
								"down": {"uv": [2, 1], "uv_size": [-1, -1]}
							}
						},
						{
							"origin": [0.732, 22.10687, -0.53069],
							"size": [0.976, 1.464, 0.976],
							"pivot": [1.22, 22.10687, -0.65269],
							"rotation": [-30, 0, 0],
							"uv": {
								"north": {"uv": [1, 0], "uv_size": [1, 1]},
								"east": {"uv": [1, 0], "uv_size": [1, 1]},
								"south": {"uv": [1, 0], "uv_size": [1, 1]},
								"west": {"uv": [1, 0], "uv_size": [1, 1]},
								"up": {"uv": [2, 1], "uv_size": [-1, -1]},
								"down": {"uv": [2, 1], "uv_size": [-1, -1]}
							}
						}
					]
				},
				{
					"name": "bunch36",
					"parent": "hair2",
					"pivot": [1.83, 17.08, -1.22],
					"rotation": [-12.26105, -10.11612, -43.59796],
					"cubes": [
						{
							"origin": [1.83, 16.531, -1.769],
							"size": [1.708, 1.098, 1.098],
							"uv": {
								"north": {"uv": [1, 0], "uv_size": [1, 1]},
								"east": {"uv": [1, 0], "uv_size": [1, 1]},
								"south": {"uv": [1, 0], "uv_size": [1, 1]},
								"west": {"uv": [1, 0], "uv_size": [1, 1]},
								"up": {"uv": [2, 1], "uv_size": [-1, -1]},
								"down": {"uv": [2, 1], "uv_size": [-1, -1]}
							}
						},
						{
							"origin": [3.538, 16.5859, -1.7141],
							"size": [1.5982, 0.9882, 0.9882],
							"pivot": [3.538, 16.47, -1.22],
							"rotation": [0, 0, -30],
							"uv": {
								"north": {"uv": [1, 0], "uv_size": [1, 1]},
								"east": {"uv": [1, 0], "uv_size": [1, 1]},
								"south": {"uv": [1, 0], "uv_size": [1, 1]},
								"west": {"uv": [1, 0], "uv_size": [1, 1]},
								"up": {"uv": [2, 1], "uv_size": [-1, -1]},
								"down": {"uv": [2, 1], "uv_size": [-1, -1]}
							}
						}
					]
				},
				{
					"name": "bunch37",
					"parent": "hair2",
					"pivot": [1.83, 15.86, 0],
					"rotation": [-12.21473, 0.08401, -43.69387],
					"cubes": [
						{
							"origin": [1.83, 15.311, -0.549],
							"size": [1.708, 1.098, 1.098],
							"uv": {
								"north": {"uv": [1, 0], "uv_size": [1, 1]},
								"east": {"uv": [1, 0], "uv_size": [1, 1]},
								"south": {"uv": [1, 0], "uv_size": [1, 1]},
								"west": {"uv": [1, 0], "uv_size": [1, 1]},
								"up": {"uv": [2, 1], "uv_size": [-1, -1]},
								"down": {"uv": [2, 1], "uv_size": [-1, -1]}
							}
						},
						{
							"origin": [3.538, 15.3659, -0.4941],
							"size": [0.9882, 0.9882, 0.9882],
							"pivot": [3.538, 15.25, 0],
							"rotation": [0, 0, -5],
							"uv": {
								"north": {"uv": [1, 0], "uv_size": [1, 1]},
								"east": {"uv": [1, 0], "uv_size": [1, 1]},
								"south": {"uv": [1, 0], "uv_size": [1, 1]},
								"west": {"uv": [1, 0], "uv_size": [1, 1]},
								"up": {"uv": [2, 1], "uv_size": [-1, -1]},
								"down": {"uv": [2, 1], "uv_size": [-1, -1]}
							}
						}
					]
				},
				{
					"name": "bunch38",
					"parent": "hair2",
					"pivot": [1.83, 17.69, 0],
					"rotation": [9.77243, -11.43563, -40.98084],
					"cubes": [
						{
							"origin": [1.83, 17.141, -0.549],
							"size": [1.708, 1.098, 1.098],
							"uv": {
								"north": {"uv": [1, 0], "uv_size": [1, 1]},
								"east": {"uv": [1, 0], "uv_size": [1, 1]},
								"south": {"uv": [1, 0], "uv_size": [1, 1]},
								"west": {"uv": [1, 0], "uv_size": [1, 1]},
								"up": {"uv": [2, 1], "uv_size": [-1, -1]},
								"down": {"uv": [2, 1], "uv_size": [-1, -1]}
							}
						},
						{
							"origin": [3.538, 17.1959, -0.4941],
							"size": [1.5982, 0.9882, 0.9882],
							"pivot": [3.538, 17.08, 0],
							"rotation": [0, 0, -37.5],
							"uv": {
								"north": {"uv": [1, 0], "uv_size": [1, 1]},
								"east": {"uv": [1, 0], "uv_size": [1, 1]},
								"south": {"uv": [1, 0], "uv_size": [1, 1]},
								"west": {"uv": [1, 0], "uv_size": [1, 1]},
								"up": {"uv": [2, 1], "uv_size": [-1, -1]},
								"down": {"uv": [2, 1], "uv_size": [-1, -1]}
							}
						}
					]
				},
				{
					"name": "bunch39",
					"parent": "hair2",
					"pivot": [1.83, 15.86, 1.22],
					"rotation": [9.68377, -6.70371, -40.15562],
					"cubes": [
						{
							"origin": [1.83, 15.311, 0.671],
							"size": [1.708, 1.098, 1.098],
							"uv": {
								"north": {"uv": [1, 0], "uv_size": [1, 1]},
								"east": {"uv": [1, 0], "uv_size": [1, 1]},
								"south": {"uv": [1, 0], "uv_size": [1, 1]},
								"west": {"uv": [1, 0], "uv_size": [1, 1]},
								"up": {"uv": [2, 1], "uv_size": [-1, -1]},
								"down": {"uv": [2, 1], "uv_size": [-1, -1]}
							}
						},
						{
							"origin": [3.538, 15.3659, 0.7259],
							"size": [0.9882, 0.9882, 0.9882],
							"pivot": [3.538, 15.25, 1.22],
							"rotation": [0, 0, -22.5],
							"uv": {
								"north": {"uv": [1, 0], "uv_size": [1, 1]},
								"east": {"uv": [1, 0], "uv_size": [1, 1]},
								"south": {"uv": [1, 0], "uv_size": [1, 1]},
								"west": {"uv": [1, 0], "uv_size": [1, 1]},
								"up": {"uv": [2, 1], "uv_size": [-1, -1]},
								"down": {"uv": [2, 1], "uv_size": [-1, -1]}
							}
						}
					]
				},
				{
					"name": "bunch40",
					"parent": "hair2",
					"pivot": [1.83, 17.08, 0.61],
					"rotation": [8.23186, -25.33407, -32.68972],
					"cubes": [
						{
							"origin": [1.83, 16.531, 0.061],
							"size": [1.708, 1.098, 1.098],
							"uv": {
								"north": {"uv": [1, 0], "uv_size": [1, 1]},
								"east": {"uv": [1, 0], "uv_size": [1, 1]},
								"south": {"uv": [1, 0], "uv_size": [1, 1]},
								"west": {"uv": [1, 0], "uv_size": [1, 1]},
								"up": {"uv": [2, 1], "uv_size": [-1, -1]},
								"down": {"uv": [2, 1], "uv_size": [-1, -1]}
							}
						},
						{
							"origin": [3.538, 16.5859, 0.1159],
							"size": [0.9882, 0.9882, 0.9882],
							"pivot": [3.538, 16.47, 0.61],
							"rotation": [0, 0, -37.5],
							"uv": {
								"north": {"uv": [1, 0], "uv_size": [1, 1]},
								"east": {"uv": [1, 0], "uv_size": [1, 1]},
								"south": {"uv": [1, 0], "uv_size": [1, 1]},
								"west": {"uv": [1, 0], "uv_size": [1, 1]},
								"up": {"uv": [2, 1], "uv_size": [-1, -1]},
								"down": {"uv": [2, 1], "uv_size": [-1, -1]}
							}
						}
					]
				},
				{
					"name": "bunch41",
					"parent": "hair2",
					"pivot": [1.83, 18.3, -1.83],
					"rotation": [3.27861, -12.23832, -25.186],
					"cubes": [
						{
							"origin": [1.83, 17.751, -2.379],
							"size": [1.098, 1.098, 1.098],
							"uv": {
								"north": {"uv": [1, 0], "uv_size": [1, 1]},
								"east": {"uv": [1, 0], "uv_size": [1, 1]},
								"south": {"uv": [1, 0], "uv_size": [1, 1]},
								"west": {"uv": [1, 0], "uv_size": [1, 1]},
								"up": {"uv": [2, 1], "uv_size": [-1, -1]},
								"down": {"uv": [2, 1], "uv_size": [-1, -1]}
							}
						},
						{
							"origin": [2.928, 17.8059, -2.3241],
							"size": [0.9882, 0.9882, 0.9882],
							"pivot": [2.928, 17.69, -1.83],
							"rotation": [0, 0, -27.5],
							"uv": {
								"north": {"uv": [1, 0], "uv_size": [1, 1]},
								"east": {"uv": [1, 0], "uv_size": [1, 1]},
								"south": {"uv": [1, 0], "uv_size": [1, 1]},
								"west": {"uv": [1, 0], "uv_size": [1, 1]},
								"up": {"uv": [2, 1], "uv_size": [-1, -1]},
								"down": {"uv": [2, 1], "uv_size": [-1, -1]}
							}
						}
					]
				},
				{
					"name": "bunch42",
					"parent": "hair2",
					"pivot": [1.22, 15.86, 1.708],
					"rotation": [41.5985, 7.92539, 21.2597],
					"cubes": [
						{
							"origin": [0.671, 15.311, 1.83],
							"size": [1.098, 1.098, 1.647],
							"uv": {
								"north": {"uv": [1, 0], "uv_size": [1, 1]},
								"east": {"uv": [1, 0], "uv_size": [1, 1]},
								"south": {"uv": [1, 0], "uv_size": [1, 1]},
								"west": {"uv": [1, 0], "uv_size": [1, 1]},
								"up": {"uv": [2, 1], "uv_size": [-1, -1]},
								"down": {"uv": [2, 1], "uv_size": [-1, -1]}
							}
						},
						{
							"origin": [0.7259, 15.3659, 3.477],
							"size": [0.9882, 0.9882, 0.8723],
							"pivot": [1.22, 16.47, 3.477],
							"rotation": [-20, 0, 0],
							"uv": {
								"north": {"uv": [1, 0], "uv_size": [1, 1]},
								"east": {"uv": [1, 0], "uv_size": [1, 1]},
								"south": {"uv": [1, 0], "uv_size": [1, 1]},
								"west": {"uv": [1, 0], "uv_size": [1, 1]},
								"up": {"uv": [2, 1], "uv_size": [-1, -1]},
								"down": {"uv": [2, 1], "uv_size": [-1, -1]}
							}
						}
					]
				},
				{
					"name": "bunch43",
					"parent": "hair2",
					"pivot": [0.61, 17.08, 1.708],
					"rotation": [25.82159, 13.27207, 7.05308],
					"cubes": [
						{
							"origin": [0.061, 16.531, 1.83],
							"size": [1.098, 1.098, 1.647],
							"uv": {
								"north": {"uv": [1, 0], "uv_size": [1, 1]},
								"east": {"uv": [1, 0], "uv_size": [1, 1]},
								"south": {"uv": [1, 0], "uv_size": [1, 1]},
								"west": {"uv": [1, 0], "uv_size": [1, 1]},
								"up": {"uv": [2, 1], "uv_size": [-1, -1]},
								"down": {"uv": [2, 1], "uv_size": [-1, -1]}
							}
						},
						{
							"origin": [0.1159, 16.5859, 3.477],
							"size": [0.9882, 0.9882, 0.8723],
							"pivot": [0.61, 17.69, 3.477],
							"rotation": [-2.5, 0, 0],
							"uv": {
								"north": {"uv": [1, 0], "uv_size": [1, 1]},
								"east": {"uv": [1, 0], "uv_size": [1, 1]},
								"south": {"uv": [1, 0], "uv_size": [1, 1]},
								"west": {"uv": [1, 0], "uv_size": [1, 1]},
								"up": {"uv": [2, 1], "uv_size": [-1, -1]},
								"down": {"uv": [2, 1], "uv_size": [-1, -1]}
							}
						}
					]
				},
				{
					"name": "bunch44",
					"parent": "hair2",
					"pivot": [0.61, 15.86, 1.708],
					"rotation": [34.79887, 3.45533, -6.66067],
					"cubes": [
						{
							"origin": [0.061, 15.311, 1.83],
							"size": [1.098, 1.098, 1.647],
							"uv": {
								"north": {"uv": [1, 0], "uv_size": [1, 1]},
								"east": {"uv": [1, 0], "uv_size": [1, 1]},
								"south": {"uv": [1, 0], "uv_size": [1, 1]},
								"west": {"uv": [1, 0], "uv_size": [1, 1]},
								"up": {"uv": [2, 1], "uv_size": [-1, -1]},
								"down": {"uv": [2, 1], "uv_size": [-1, -1]}
							}
						},
						{
							"origin": [0.1159, 15.3659, 3.477],
							"size": [0.9882, 0.9882, 0.8723],
							"pivot": [0.61, 16.47, 3.477],
							"rotation": [-20, 0, 0],
							"uv": {
								"north": {"uv": [1, 0], "uv_size": [1, 1]},
								"east": {"uv": [1, 0], "uv_size": [1, 1]},
								"south": {"uv": [1, 0], "uv_size": [1, 1]},
								"west": {"uv": [1, 0], "uv_size": [1, 1]},
								"up": {"uv": [2, 1], "uv_size": [-1, -1]},
								"down": {"uv": [2, 1], "uv_size": [-1, -1]}
							}
						}
					]
				},
				{
					"name": "bunch45",
					"parent": "hair2",
					"pivot": [-1.22, 15.86, 1.708],
					"rotation": [37.4182, -6.15596, -16.67118],
					"cubes": [
						{
							"origin": [-1.769, 15.311, 1.83],
							"size": [1.098, 1.098, 1.647],
							"uv": {
								"north": {"uv": [1, 0], "uv_size": [1, 1]},
								"east": {"uv": [1, 0], "uv_size": [1, 1]},
								"south": {"uv": [1, 0], "uv_size": [1, 1]},
								"west": {"uv": [1, 0], "uv_size": [1, 1]},
								"up": {"uv": [2, 1], "uv_size": [-1, -1]},
								"down": {"uv": [2, 1], "uv_size": [-1, -1]}
							}
						},
						{
							"origin": [-1.7141, 15.3659, 3.477],
							"size": [0.9882, 0.9882, 0.8723],
							"pivot": [-1.22, 16.47, 3.477],
							"rotation": [-32.5, 0, 0],
							"uv": {
								"north": {"uv": [1, 0], "uv_size": [1, 1]},
								"east": {"uv": [1, 0], "uv_size": [1, 1]},
								"south": {"uv": [1, 0], "uv_size": [1, 1]},
								"west": {"uv": [1, 0], "uv_size": [1, 1]},
								"up": {"uv": [2, 1], "uv_size": [-1, -1]},
								"down": {"uv": [2, 1], "uv_size": [-1, -1]}
							}
						}
					]
				},
				{
					"name": "bunch46",
					"parent": "hair2",
					"pivot": [-0.61, 17.08, 1.708],
					"rotation": [28.9854, -17.66046, -9.54013],
					"cubes": [
						{
							"origin": [-1.159, 16.531, 1.83],
							"size": [1.098, 1.098, 1.647],
							"uv": {
								"north": {"uv": [1, 0], "uv_size": [1, 1]},
								"east": {"uv": [1, 0], "uv_size": [1, 1]},
								"south": {"uv": [1, 0], "uv_size": [1, 1]},
								"west": {"uv": [1, 0], "uv_size": [1, 1]},
								"up": {"uv": [2, 1], "uv_size": [-1, -1]},
								"down": {"uv": [2, 1], "uv_size": [-1, -1]}
							}
						},
						{
							"origin": [-1.1041, 16.5859, 3.477],
							"size": [0.9882, 0.9882, 0.8723],
							"pivot": [-0.61, 17.69, 3.477],
							"rotation": [-10, 0, 0],
							"uv": {
								"north": {"uv": [1, 0], "uv_size": [1, 1]},
								"east": {"uv": [1, 0], "uv_size": [1, 1]},
								"south": {"uv": [1, 0], "uv_size": [1, 1]},
								"west": {"uv": [1, 0], "uv_size": [1, 1]},
								"up": {"uv": [2, 1], "uv_size": [-1, -1]},
								"down": {"uv": [2, 1], "uv_size": [-1, -1]}
							}
						}
					]
				},
				{
					"name": "bunch47",
					"parent": "hair2",
					"pivot": [0.61, 19.52, 0.61],
					"rotation": [-17.49569, -0.41646, 2.67519],
					"cubes": [
						{
							"origin": [0, 19.52, 0],
							"size": [1.22, 1.83, 1.22],
							"uv": {
								"north": {"uv": [1, 0], "uv_size": [1, 1]},
								"east": {"uv": [1, 0], "uv_size": [1, 1]},
								"south": {"uv": [1, 0], "uv_size": [1, 1]},
								"west": {"uv": [1, 0], "uv_size": [1, 1]},
								"up": {"uv": [2, 1], "uv_size": [-1, -1]},
								"down": {"uv": [2, 1], "uv_size": [-1, -1]}
							}
						},
						{
							"origin": [0.122, 21.35, 0.122],
							"size": [0.976, 1.464, 0.976],
							"pivot": [0.61, 21.35, 0],
							"rotation": [-10, 0, 0],
							"uv": {
								"north": {"uv": [1, 0], "uv_size": [1, 1]},
								"east": {"uv": [1, 0], "uv_size": [1, 1]},
								"south": {"uv": [1, 0], "uv_size": [1, 1]},
								"west": {"uv": [1, 0], "uv_size": [1, 1]},
								"up": {"uv": [2, 1], "uv_size": [-1, -1]},
								"down": {"uv": [2, 1], "uv_size": [-1, -1]}
							}
						},
						{
							"origin": [0.122, 22.95945, -0.4528],
							"size": [0.976, 0.854, 0.976],
							"pivot": [0.61, 20.51945, -0.5748],
							"rotation": [-20, 0, 0],
							"uv": {
								"north": {"uv": [1, 0], "uv_size": [1, 1]},
								"east": {"uv": [1, 0], "uv_size": [1, 1]},
								"south": {"uv": [1, 0], "uv_size": [1, 1]},
								"west": {"uv": [1, 0], "uv_size": [1, 1]},
								"up": {"uv": [2, 1], "uv_size": [-1, -1]},
								"down": {"uv": [2, 1], "uv_size": [-1, -1]}
							}
						}
					]
				},
				{
					"name": "bunch48",
					"parent": "hair2",
					"pivot": [-0.61, 19.52, 0.61],
					"rotation": [-24.8914, -1.71144, -2.16986],
					"cubes": [
						{
							"origin": [-1.22, 19.52, 0],
							"size": [1.22, 1.83, 1.22],
							"uv": {
								"north": {"uv": [1, 0], "uv_size": [1, 1]},
								"east": {"uv": [1, 0], "uv_size": [1, 1]},
								"south": {"uv": [1, 0], "uv_size": [1, 1]},
								"west": {"uv": [1, 0], "uv_size": [1, 1]},
								"up": {"uv": [2, 1], "uv_size": [-1, -1]},
								"down": {"uv": [2, 1], "uv_size": [-1, -1]}
							}
						},
						{
							"origin": [-1.098, 21.35, 0.122],
							"size": [0.976, 1.464, 0.976],
							"pivot": [-0.61, 21.35, 0],
							"rotation": [-17.5, 0, 0],
							"uv": {
								"north": {"uv": [1, 0], "uv_size": [1, 1]},
								"east": {"uv": [1, 0], "uv_size": [1, 1]},
								"south": {"uv": [1, 0], "uv_size": [1, 1]},
								"west": {"uv": [1, 0], "uv_size": [1, 1]},
								"up": {"uv": [2, 1], "uv_size": [-1, -1]},
								"down": {"uv": [2, 1], "uv_size": [-1, -1]}
							}
						}
					]
				},
				{
					"name": "bunch49",
					"parent": "hair2",
					"pivot": [1.83, 18.91, 0],
					"rotation": [-14.44623, 3.98963, 14.31603],
					"cubes": [
						{
							"origin": [1.22, 18.91, -0.61],
							"size": [1.22, 1.83, 1.22],
							"uv": {
								"north": {"uv": [1, 0], "uv_size": [1, 1]},
								"east": {"uv": [1, 0], "uv_size": [1, 1]},
								"south": {"uv": [1, 0], "uv_size": [1, 1]},
								"west": {"uv": [1, 0], "uv_size": [1, 1]},
								"up": {"uv": [2, 1], "uv_size": [-1, -1]},
								"down": {"uv": [2, 1], "uv_size": [-1, -1]}
							}
						},
						{
							"origin": [1.342, 20.74, -0.488],
							"size": [0.976, 0.854, 0.976],
							"pivot": [1.83, 20.74, -0.61],
							"rotation": [-17.5, 0, 0],
							"uv": {
								"north": {"uv": [1, 0], "uv_size": [1, 1]},
								"east": {"uv": [1, 0], "uv_size": [1, 1]},
								"south": {"uv": [1, 0], "uv_size": [1, 1]},
								"west": {"uv": [1, 0], "uv_size": [1, 1]},
								"up": {"uv": [2, 1], "uv_size": [-1, -1]},
								"down": {"uv": [2, 1], "uv_size": [-1, -1]}
							}
						},
						{
							"origin": [1.342, 21.78089, -1.06806],
							"size": [0.976, 0.854, 0.976],
							"pivot": [1.83, 19.95089, -1.19006],
							"rotation": [-27.5, 0, 0],
							"uv": {
								"north": {"uv": [1, 0], "uv_size": [1, 1]},
								"east": {"uv": [1, 0], "uv_size": [1, 1]},
								"south": {"uv": [1, 0], "uv_size": [1, 1]},
								"west": {"uv": [1, 0], "uv_size": [1, 1]},
								"up": {"uv": [2, 1], "uv_size": [-1, -1]},
								"down": {"uv": [2, 1], "uv_size": [-1, -1]}
							}
						}
					]
				},
				{
					"name": "bunch50",
					"parent": "hair2",
					"pivot": [1.22, 18.91, 1.22],
					"rotation": [-21.93002, -5.15825, -8.90759],
					"cubes": [
						{
							"origin": [0.61, 18.91, 0.61],
							"size": [1.22, 1.83, 1.22],
							"uv": {
								"north": {"uv": [1, 0], "uv_size": [1, 1]},
								"east": {"uv": [1, 0], "uv_size": [1, 1]},
								"south": {"uv": [1, 0], "uv_size": [1, 1]},
								"west": {"uv": [1, 0], "uv_size": [1, 1]},
								"up": {"uv": [2, 1], "uv_size": [-1, -1]},
								"down": {"uv": [2, 1], "uv_size": [-1, -1]}
							}
						},
						{
							"origin": [0.732, 20.74, 0.732],
							"size": [0.976, 0.854, 0.976],
							"pivot": [1.22, 20.74, 0.61],
							"rotation": [-10, 0, 0],
							"uv": {
								"north": {"uv": [1, 0], "uv_size": [1, 1]},
								"east": {"uv": [1, 0], "uv_size": [1, 1]},
								"south": {"uv": [1, 0], "uv_size": [1, 1]},
								"west": {"uv": [1, 0], "uv_size": [1, 1]},
								"up": {"uv": [2, 1], "uv_size": [-1, -1]},
								"down": {"uv": [2, 1], "uv_size": [-1, -1]}
							}
						},
						{
							"origin": [0.732, 21.79226, -0.04602],
							"size": [0.976, 0.854, 0.976],
							"pivot": [1.22, 19.35226, -0.16802],
							"rotation": [-22.5, 0, 0],
							"uv": {
								"north": {"uv": [1, 0], "uv_size": [1, 1]},
								"east": {"uv": [1, 0], "uv_size": [1, 1]},
								"south": {"uv": [1, 0], "uv_size": [1, 1]},
								"west": {"uv": [1, 0], "uv_size": [1, 1]},
								"up": {"uv": [2, 1], "uv_size": [-1, -1]},
								"down": {"uv": [2, 1], "uv_size": [-1, -1]}
							}
						}
					]
				},
				{
					"name": "bunch51",
					"parent": "hair2",
					"pivot": [-0.61, 18.91, 1.22],
					"rotation": [-27.38499, 2.32611, 1.94731],
					"cubes": [
						{
							"origin": [-1.22, 18.91, 0.61],
							"size": [1.22, 1.83, 1.22],
							"uv": {
								"north": {"uv": [1, 0], "uv_size": [1, 1]},
								"east": {"uv": [1, 0], "uv_size": [1, 1]},
								"south": {"uv": [1, 0], "uv_size": [1, 1]},
								"west": {"uv": [1, 0], "uv_size": [1, 1]},
								"up": {"uv": [2, 1], "uv_size": [-1, -1]},
								"down": {"uv": [2, 1], "uv_size": [-1, -1]}
							}
						},
						{
							"origin": [-1.098, 20.74, 0.732],
							"size": [0.976, 1.464, 0.976],
							"pivot": [-0.61, 20.74, 0.61],
							"rotation": [-22.5, 0, 0],
							"uv": {
								"north": {"uv": [1, 0], "uv_size": [1, 1]},
								"east": {"uv": [1, 0], "uv_size": [1, 1]},
								"south": {"uv": [1, 0], "uv_size": [1, 1]},
								"west": {"uv": [1, 0], "uv_size": [1, 1]},
								"up": {"uv": [2, 1], "uv_size": [-1, -1]},
								"down": {"uv": [2, 1], "uv_size": [-1, -1]}
							}
						},
						{
							"origin": [-1.098, 22.11142, 1.30207],
							"size": [0.976, 0.854, 0.976],
							"pivot": [-0.61, 22.11142, 1.18007],
							"rotation": [-32.5, 0, 0],
							"uv": {
								"north": {"uv": [1, 0], "uv_size": [1, 1]},
								"east": {"uv": [1, 0], "uv_size": [1, 1]},
								"south": {"uv": [1, 0], "uv_size": [1, 1]},
								"west": {"uv": [1, 0], "uv_size": [1, 1]},
								"up": {"uv": [2, 1], "uv_size": [-1, -1]},
								"down": {"uv": [2, 1], "uv_size": [-1, -1]}
							}
						}
					]
				},
				{
					"name": "bunch52",
					"parent": "hair2",
					"pivot": [-1.83, 18.91, 0],
					"rotation": [-16.79107, -5.12829, -21.93964],
					"cubes": [
						{
							"origin": [-2.44, 18.91, -0.61],
							"size": [1.22, 1.83, 1.22],
							"uv": {
								"north": {"uv": [1, 0], "uv_size": [1, 1]},
								"east": {"uv": [1, 0], "uv_size": [1, 1]},
								"south": {"uv": [1, 0], "uv_size": [1, 1]},
								"west": {"uv": [1, 0], "uv_size": [1, 1]},
								"up": {"uv": [2, 1], "uv_size": [-1, -1]},
								"down": {"uv": [2, 1], "uv_size": [-1, -1]}
							}
						},
						{
							"origin": [-2.318, 20.74, -0.488],
							"size": [0.976, 1.464, 0.976],
							"pivot": [-1.83, 20.74, -0.61],
							"rotation": [-10, 0, 0],
							"uv": {
								"north": {"uv": [1, 0], "uv_size": [1, 1]},
								"east": {"uv": [1, 0], "uv_size": [1, 1]},
								"south": {"uv": [1, 0], "uv_size": [1, 1]},
								"west": {"uv": [1, 0], "uv_size": [1, 1]},
								"up": {"uv": [2, 1], "uv_size": [-1, -1]},
								"down": {"uv": [2, 1], "uv_size": [-1, -1]}
							}
						}
					]
				},
				{
					"name": "bunch53",
					"parent": "hair2",
					"pivot": [-1.83, 15.86, 1.83],
					"rotation": [21.57443, 30.65831, 39.62248],
					"cubes": [
						{
							"origin": [-3.538, 15.311, 1.281],
							"size": [1.708, 1.098, 1.098],
							"uv": {
								"north": {"uv": [1, 0], "uv_size": [1, 1]},
								"east": {"uv": [1, 0], "uv_size": [1, 1]},
								"south": {"uv": [1, 0], "uv_size": [1, 1]},
								"west": {"uv": [1, 0], "uv_size": [1, 1]},
								"up": {"uv": [2, 1], "uv_size": [-1, -1]},
								"down": {"uv": [2, 1], "uv_size": [-1, -1]}
							}
						},
						{
							"origin": [-4.5262, 15.3659, 1.3359],
							"size": [0.9882, 0.9882, 0.9882],
							"pivot": [-3.538, 15.25, 1.83],
							"rotation": [0, 0, 25],
							"uv": {
								"north": {"uv": [1, 0], "uv_size": [1, 1]},
								"east": {"uv": [1, 0], "uv_size": [1, 1]},
								"south": {"uv": [1, 0], "uv_size": [1, 1]},
								"west": {"uv": [1, 0], "uv_size": [1, 1]},
								"up": {"uv": [2, 1], "uv_size": [-1, -1]},
								"down": {"uv": [2, 1], "uv_size": [-1, -1]}
							}
						}
					]
				},
				{
					"name": "bunch54",
					"parent": "hair2",
					"pivot": [-1.83, 17.08, 1.83],
					"rotation": [38.2742, 23.15979, 54.14317],
					"cubes": [
						{
							"origin": [-3.538, 16.531, 1.281],
							"size": [1.708, 1.098, 1.098],
							"uv": {
								"north": {"uv": [1, 0], "uv_size": [1, 1]},
								"east": {"uv": [1, 0], "uv_size": [1, 1]},
								"south": {"uv": [1, 0], "uv_size": [1, 1]},
								"west": {"uv": [1, 0], "uv_size": [1, 1]},
								"up": {"uv": [2, 1], "uv_size": [-1, -1]},
								"down": {"uv": [2, 1], "uv_size": [-1, -1]}
							}
						},
						{
							"origin": [-4.5262, 16.5859, 1.3359],
							"size": [0.9882, 0.9882, 0.9882],
							"pivot": [-3.538, 16.47, 1.83],
							"rotation": [0, 0, 17.5],
							"uv": {
								"north": {"uv": [1, 0], "uv_size": [1, 1]},
								"east": {"uv": [1, 0], "uv_size": [1, 1]},
								"south": {"uv": [1, 0], "uv_size": [1, 1]},
								"west": {"uv": [1, 0], "uv_size": [1, 1]},
								"up": {"uv": [2, 1], "uv_size": [-1, -1]},
								"down": {"uv": [2, 1], "uv_size": [-1, -1]}
							}
						}
					]
				},
				{
					"name": "bunch55",
					"parent": "hair2",
					"pivot": [-1.83, 18.91, 1.22],
					"rotation": [-21.17919, 14.17877, -12.49678],
					"cubes": [
						{
							"origin": [-2.44, 18.91, 0.61],
							"size": [1.22, 1.83, 1.22],
							"uv": {
								"north": {"uv": [1, 0], "uv_size": [1, 1]},
								"east": {"uv": [1, 0], "uv_size": [1, 1]},
								"south": {"uv": [1, 0], "uv_size": [1, 1]},
								"west": {"uv": [1, 0], "uv_size": [1, 1]},
								"up": {"uv": [2, 1], "uv_size": [-1, -1]},
								"down": {"uv": [2, 1], "uv_size": [-1, -1]}
							}
						},
						{
							"origin": [-2.318, 20.74, 0.732],
							"size": [0.976, 0.854, 0.976],
							"pivot": [-1.83, 20.74, 0.61],
							"rotation": [-10, 0, 0],
							"uv": {
								"north": {"uv": [1, 0], "uv_size": [1, 1]},
								"east": {"uv": [1, 0], "uv_size": [1, 1]},
								"south": {"uv": [1, 0], "uv_size": [1, 1]},
								"west": {"uv": [1, 0], "uv_size": [1, 1]},
								"up": {"uv": [2, 1], "uv_size": [-1, -1]},
								"down": {"uv": [2, 1], "uv_size": [-1, -1]}
							}
						},
						{
							"origin": [-2.318, 21.60653, 0.88773],
							"size": [0.976, 0.854, 0.976],
							"pivot": [-1.83, 21.60653, 0.76573],
							"rotation": [-22.5, 0, 0],
							"uv": {
								"north": {"uv": [1, 0], "uv_size": [1, 1]},
								"east": {"uv": [1, 0], "uv_size": [1, 1]},
								"south": {"uv": [1, 0], "uv_size": [1, 1]},
								"west": {"uv": [1, 0], "uv_size": [1, 1]},
								"up": {"uv": [2, 1], "uv_size": [-1, -1]},
								"down": {"uv": [2, 1], "uv_size": [-1, -1]}
							}
						}
					]
				},
				{
					"name": "bunch56",
					"parent": "hair2",
					"pivot": [1.83, 15.86, 1.83],
					"rotation": [15.41849, -27.66284, -47.49947],
					"cubes": [
						{
							"origin": [1.83, 15.311, 1.281],
							"size": [1.708, 1.098, 1.098],
							"uv": {
								"north": {"uv": [1, 0], "uv_size": [1, 1]},
								"east": {"uv": [1, 0], "uv_size": [1, 1]},
								"south": {"uv": [1, 0], "uv_size": [1, 1]},
								"west": {"uv": [1, 0], "uv_size": [1, 1]},
								"up": {"uv": [2, 1], "uv_size": [-1, -1]},
								"down": {"uv": [2, 1], "uv_size": [-1, -1]}
							}
						},
						{
							"origin": [3.538, 15.3659, 1.3359],
							"size": [0.9882, 0.9882, 0.9882],
							"pivot": [3.538, 15.25, 1.83],
							"rotation": [0, 0, -25],
							"uv": {
								"north": {"uv": [1, 0], "uv_size": [1, 1]},
								"east": {"uv": [1, 0], "uv_size": [1, 1]},
								"south": {"uv": [1, 0], "uv_size": [1, 1]},
								"west": {"uv": [1, 0], "uv_size": [1, 1]},
								"up": {"uv": [2, 1], "uv_size": [-1, -1]},
								"down": {"uv": [2, 1], "uv_size": [-1, -1]}
							}
						}
					]
				},
				{
					"name": "bunch57",
					"parent": "hair2",
					"pivot": [1.83, 17.08, 1.83],
					"rotation": [39.74973, -27.04616, -57.6183],
					"cubes": [
						{
							"origin": [1.83, 16.531, 1.281],
							"size": [1.708, 1.098, 1.098],
							"uv": {
								"north": {"uv": [1, 0], "uv_size": [1, 1]},
								"east": {"uv": [1, 0], "uv_size": [1, 1]},
								"south": {"uv": [1, 0], "uv_size": [1, 1]},
								"west": {"uv": [1, 0], "uv_size": [1, 1]},
								"up": {"uv": [2, 1], "uv_size": [-1, -1]},
								"down": {"uv": [2, 1], "uv_size": [-1, -1]}
							}
						},
						{
							"origin": [3.538, 16.5859, 1.3359],
							"size": [0.9882, 0.9882, 0.9882],
							"pivot": [3.538, 16.47, 1.83],
							"rotation": [0, 0, -17.5],
							"uv": {
								"north": {"uv": [1, 0], "uv_size": [1, 1]},
								"east": {"uv": [1, 0], "uv_size": [1, 1]},
								"south": {"uv": [1, 0], "uv_size": [1, 1]},
								"west": {"uv": [1, 0], "uv_size": [1, 1]},
								"up": {"uv": [2, 1], "uv_size": [-1, -1]},
								"down": {"uv": [2, 1], "uv_size": [-1, -1]}
							}
						}
					]
				},
				{
					"name": "bunch58",
					"parent": "hair2",
					"pivot": [1.83, 18.91, 1.22],
					"rotation": [-21.17919, -14.17877, 12.49678],
					"cubes": [
						{
							"origin": [1.22, 18.91, 0.61],
							"size": [1.22, 1.83, 1.22],
							"uv": {
								"north": {"uv": [1, 0], "uv_size": [1, 1]},
								"east": {"uv": [1, 0], "uv_size": [1, 1]},
								"south": {"uv": [1, 0], "uv_size": [1, 1]},
								"west": {"uv": [1, 0], "uv_size": [1, 1]},
								"up": {"uv": [2, 1], "uv_size": [-1, -1]},
								"down": {"uv": [2, 1], "uv_size": [-1, -1]}
							}
						},
						{
							"origin": [1.342, 20.74, 0.732],
							"size": [0.976, 0.854, 0.976],
							"pivot": [1.83, 20.74, 0.61],
							"rotation": [-10, 0, 0],
							"uv": {
								"north": {"uv": [1, 0], "uv_size": [1, 1]},
								"east": {"uv": [1, 0], "uv_size": [1, 1]},
								"south": {"uv": [1, 0], "uv_size": [1, 1]},
								"west": {"uv": [1, 0], "uv_size": [1, 1]},
								"up": {"uv": [2, 1], "uv_size": [-1, -1]},
								"down": {"uv": [2, 1], "uv_size": [-1, -1]}
							}
						},
						{
							"origin": [1.342, 21.6994, 0.42086],
							"size": [0.976, 0.854, 0.976],
							"pivot": [1.83, 20.4794, 0.29886],
							"rotation": [-22.5, 0, 0],
							"uv": {
								"north": {"uv": [1, 0], "uv_size": [1, 1]},
								"east": {"uv": [1, 0], "uv_size": [1, 1]},
								"south": {"uv": [1, 0], "uv_size": [1, 1]},
								"west": {"uv": [1, 0], "uv_size": [1, 1]},
								"up": {"uv": [2, 1], "uv_size": [-1, -1]},
								"down": {"uv": [2, 1], "uv_size": [-1, -1]}
							}
						}
					]
				},
				{
					"name": "bunch59",
					"parent": "hair2",
					"pivot": [0, 17.69, 1.83],
					"rotation": [-42.20988, -0.37653, -3.12115],
					"cubes": [
						{
							"origin": [-0.61, 17.69, 1.22],
							"size": [1.22, 1.83, 1.22],
							"uv": {
								"north": {"uv": [1, 0], "uv_size": [1, 1]},
								"east": {"uv": [1, 0], "uv_size": [1, 1]},
								"south": {"uv": [1, 0], "uv_size": [1, 1]},
								"west": {"uv": [1, 0], "uv_size": [1, 1]},
								"up": {"uv": [2, 1], "uv_size": [-1, -1]},
								"down": {"uv": [2, 1], "uv_size": [-1, -1]}
							}
						},
						{
							"origin": [-0.488, 19.52, 1.342],
							"size": [0.976, 0.854, 0.976],
							"pivot": [0, 19.52, 1.22],
							"rotation": [-5, 0, 0],
							"uv": {
								"north": {"uv": [1, 0], "uv_size": [1, 1]},
								"east": {"uv": [1, 0], "uv_size": [1, 1]},
								"south": {"uv": [1, 0], "uv_size": [1, 1]},
								"west": {"uv": [1, 0], "uv_size": [1, 1]},
								"up": {"uv": [2, 1], "uv_size": [-1, -1]},
								"down": {"uv": [2, 1], "uv_size": [-1, -1]}
							}
						},
						{
							"origin": [-0.488, 20.4815, 0.87132],
							"size": [0.976, 0.854, 0.976],
							"pivot": [0, 18.6515, 0.74932],
							"rotation": [-17.5, 0, 0],
							"uv": {
								"north": {"uv": [1, 0], "uv_size": [1, 1]},
								"east": {"uv": [1, 0], "uv_size": [1, 1]},
								"south": {"uv": [1, 0], "uv_size": [1, 1]},
								"west": {"uv": [1, 0], "uv_size": [1, 1]},
								"up": {"uv": [2, 1], "uv_size": [-1, -1]},
								"down": {"uv": [2, 1], "uv_size": [-1, -1]}
							}
						}
					]
				},
				{
					"name": "bunch60",
					"parent": "hair2",
					"pivot": [-0.61, 15.86, 1.83],
					"rotation": [-42.1255, 2.60001, 1.14243],
					"cubes": [
						{
							"origin": [-1.22, 15.86, 1.22],
							"size": [1.22, 1.83, 1.22],
							"uv": {
								"north": {"uv": [1, 0], "uv_size": [1, 1]},
								"east": {"uv": [1, 0], "uv_size": [1, 1]},
								"south": {"uv": [1, 0], "uv_size": [1, 1]},
								"west": {"uv": [1, 0], "uv_size": [1, 1]},
								"up": {"uv": [2, 1], "uv_size": [-1, -1]},
								"down": {"uv": [2, 1], "uv_size": [-1, -1]}
							}
						},
						{
							"origin": [-1.098, 17.47815, 1.36053],
							"size": [0.976, 1.464, 0.976],
							"pivot": [-0.61, 17.69, 1.22],
							"rotation": [-15, 0, 0],
							"uv": {
								"north": {"uv": [1, 0], "uv_size": [1, 1]},
								"east": {"uv": [1, 0], "uv_size": [1, 1]},
								"south": {"uv": [1, 0], "uv_size": [1, 1]},
								"west": {"uv": [1, 0], "uv_size": [1, 1]},
								"up": {"uv": [2, 1], "uv_size": [-1, -1]},
								"down": {"uv": [2, 1], "uv_size": [-1, -1]}
							}
						}
					]
				},
				{
					"name": "bunch61",
					"parent": "hair2",
					"pivot": [1.22, 18.3, 1.83],
					"rotation": [-42.00167, 4.65619, 2.44526],
					"cubes": [
						{
							"origin": [0.61, 18.3, 1.22],
							"size": [1.22, 1.83, 1.22],
							"uv": {
								"north": {"uv": [1, 0], "uv_size": [1, 1]},
								"east": {"uv": [1, 0], "uv_size": [1, 1]},
								"south": {"uv": [1, 0], "uv_size": [1, 1]},
								"west": {"uv": [1, 0], "uv_size": [1, 1]},
								"up": {"uv": [2, 1], "uv_size": [-1, -1]},
								"down": {"uv": [2, 1], "uv_size": [-1, -1]}
							}
						},
						{
							"origin": [0.732, 20.13, 1.342],
							"size": [0.976, 0.854, 0.976],
							"pivot": [1.22, 20.13, 1.22],
							"rotation": [-2.5, 0, 0],
							"uv": {
								"north": {"uv": [1, 0], "uv_size": [1, 1]},
								"east": {"uv": [1, 0], "uv_size": [1, 1]},
								"south": {"uv": [1, 0], "uv_size": [1, 1]},
								"west": {"uv": [1, 0], "uv_size": [1, 1]},
								"up": {"uv": [2, 1], "uv_size": [-1, -1]},
								"down": {"uv": [2, 1], "uv_size": [-1, -1]}
							}
						}
					]
				},
				{
					"name": "bunch62",
					"parent": "hair2",
					"pivot": [-1.22, 18.3, 1.83],
					"rotation": [-41.58836, -7.98973, -6.19522],
					"cubes": [
						{
							"origin": [-1.83, 18.3, 1.22],
							"size": [1.22, 1.83, 1.22],
							"uv": {
								"north": {"uv": [1, 0], "uv_size": [1, 1]},
								"east": {"uv": [1, 0], "uv_size": [1, 1]},
								"south": {"uv": [1, 0], "uv_size": [1, 1]},
								"west": {"uv": [1, 0], "uv_size": [1, 1]},
								"up": {"uv": [2, 1], "uv_size": [-1, -1]},
								"down": {"uv": [2, 1], "uv_size": [-1, -1]}
							}
						},
						{
							"origin": [-1.708, 20.13, 1.342],
							"size": [0.976, 0.854, 0.976],
							"pivot": [-1.22, 20.13, 1.22],
							"rotation": [-7.5, 0, 0],
							"uv": {
								"north": {"uv": [1, 0], "uv_size": [1, 1]},
								"east": {"uv": [1, 0], "uv_size": [1, 1]},
								"south": {"uv": [1, 0], "uv_size": [1, 1]},
								"west": {"uv": [1, 0], "uv_size": [1, 1]},
								"up": {"uv": [2, 1], "uv_size": [-1, -1]},
								"down": {"uv": [2, 1], "uv_size": [-1, -1]}
							}
						}
					]
				},
				{
					"name": "jacket",
					"parent": "body",
					"pivot": [0, 14.0616, 0],
					"cubes": [
						{
							"origin": [-2.15992, 7.13433, -1.06828],
							"size": [4.3, 6.82375, 2.13655],
							"inflate": 0.25,
							"uv": {
								"north": {"uv": [4, 36], "uv_size": [8, 12]},
								"east": {"uv": [0, 36], "uv_size": [4, 12]},
								"south": {"uv": [16, 36], "uv_size": [8, 12]},
								"west": {"uv": [12, 36], "uv_size": [4, 12]},
								"up": {"uv": [4, 32], "uv_size": [8, 4]},
								"down": {"uv": [12, 36], "uv_size": [8, -4]}
							}
						}
					]
				},
				{
					"name": "leftArm",
					"parent": "body",
					"pivot": [2.9295, 12.8898, 0],
					"cubes": [
						{
							"origin": [2.3436, 7.0308, -1.1718],
							"size": [1.7577, 7.0308, 2.3436],
							"uv": {
								"north": {"uv": [40, 52], "uv_size": [-4, 12]},
								"east": {"uv": [32, 52], "uv_size": [4, 12]},
								"south": {"uv": [48, 52], "uv_size": [-4, 12]},
								"west": {"uv": [40, 52], "uv_size": [4, 12]},
								"up": {"uv": [36, 48], "uv_size": [4, 4]},
								"down": {"uv": [40, 52], "uv_size": [4, -4]}
							}
						}
					]
				},
				{
					"name": "leftSleeve",
					"parent": "leftArm",
					"pivot": [2.9295, 12.8898, 0],
					"cubes": [
						{
							"origin": [2.54712, 7.13433, -1.06828],
							"size": [1.45065, 6.82375, 2.13655],
							"inflate": 0.25,
							"uv": {
								"north": {"uv": [48, 20], "uv_size": [-4, 12]},
								"east": {"uv": [48, 20], "uv_size": [4, 12]},
								"south": {"uv": [56, 20], "uv_size": [-4, 12]},
								"west": {"uv": [40, 20], "uv_size": [4, 12]},
								"up": {"uv": [44, 16], "uv_size": [4, 4]},
								"down": {"uv": [48, 20], "uv_size": [4, -4]}
							}
						}
					]
				},
				{
					"name": "rightArm",
					"parent": "body",
					"pivot": [-2.9295, 12.8898, 0],
					"cubes": [
						{
							"origin": [-4.1013, 7.0308, -1.1718],
							"size": [1.7577, 7.0308, 2.3436],
							"uv": {
								"north": {"uv": [40, 52], "uv_size": [-4, 12]},
								"east": {"uv": [32, 52], "uv_size": [4, 12]},
								"south": {"uv": [48, 52], "uv_size": [-4, 12]},
								"west": {"uv": [40, 52], "uv_size": [4, 12]},
								"up": {"uv": [36, 48], "uv_size": [4, 4]},
								"down": {"uv": [40, 52], "uv_size": [4, -4]}
							}
						}
					]
				},
				{
					"name": "rightSleeve",
					"parent": "rightArm",
					"pivot": [-2.9295, 12.8898, 0],
					"cubes": [
						{
							"origin": [-3.99777, 7.13433, -1.06828],
							"size": [1.45065, 6.82375, 2.13655],
							"inflate": 0.25,
							"uv": {
								"north": {"uv": [44, 20], "uv_size": [4, 12]},
								"east": {"uv": [40, 20], "uv_size": [4, 12]},
								"south": {"uv": [52, 20], "uv_size": [4, 12]},
								"west": {"uv": [48, 20], "uv_size": [4, 12]},
								"up": {"uv": [44, 16], "uv_size": [4, 4]},
								"down": {"uv": [48, 20], "uv_size": [4, -4]}
							}
						}
					]
				}
			]
		}
	]
}