{
	"format_version": "1.12.0",
	"minecraft:geometry": [
		{
			"description": {
				"identifier": "geometry.hit",
				"texture_width": 128,
				"texture_height": 128,
				"visible_bounds_width": 6,
				"visible_bounds_height": 4,
				"visible_bounds_offset": [0, 2, 0]
			},
			"bones": [
				{
					"name": "root",
					"pivot": [0, 0, 0]
				},
				{
					"name": "leftLeg",
					"parent": "root",
					"pivot": [1.9, 12, 0],
					"cubes": [
						{"origin": [-0.1, 0, -2], "size": [4, 12, 4], "uv": [36, 30]},
						{"origin": [-0.2, -0.1, -2.1], "size": [4.2, 5.2, 4.2], "uv": [28, 46]}
					]
				},
				{
					"name": "rightLeg",
					"parent": "root",
					"pivot": [-1.9, 12, 0],
					"cubes": [
						{"origin": [-3.9, 0, -2], "size": [4, 12, 4], "uv": [32, 0]},
						{"origin": [-4, -0.1, -2.1], "size": [4.2, 5.2, 4.2], "uv": [12, 46]}
					]
				},
				{
					"name": "waist",
					"parent": "root",
					"pivot": [0, 12, 0]
				},
				{
					"name": "body",
					"parent": "waist",
					"pivot": [0, 24, 0],
					"cubes": [
						{"origin": [-4, 12, -2], "size": [8, 12, 4], "uv": [0, 16]},
						{"origin": [-4, 14, -2.1], "size": [8, 10, 4.2], "uv": [24, 16]},
						{"origin": [2, 2, -2.2], "size": [5, 10, 0], "pivot": [0, 0, 0], "rotation": [0, 0, -12.5], "uv": [20, 55]},
						{"origin": [1, 2, 2.2], "size": [6, 10, 0], "pivot": [0, 0, 0], "rotation": [0, 0, -12.5], "uv": [0, 48]},
						{"origin": [7, 2, -2.2], "size": [0, 10, 4.3], "pivot": [0, 0, 0], "rotation": [0, 0, -12.5], "uv": [48, 16]},
						{"origin": [-7, 2, -2.2], "size": [5, 10, 0], "pivot": [0, 0, 0], "rotation": [0, 0, 12.5], "uv": [30, 55]},
						{"origin": [-7, 2, 2.2], "size": [7, 10, 0], "pivot": [0, 0, 0], "rotation": [0, 0, 12.5], "uv": [44, 46]},
						{"origin": [-7, 2, -2.2], "size": [0, 10, 4.3], "pivot": [0, 0, 0], "rotation": [0, 0, 12.5], "uv": [12, 51]}
					]
				},
				{
					"name": "head",
					"parent": "body",
					"pivot": [0, 24, 0],
					"cubes": [
						{"origin": [-4, 24, -4], "size": [8, 8, 8], "uv": [0, 0]},
						{"origin": [4, 26, -2], "size": [1, 3, 3], "uv": [24, 0]},
						{"origin": [-5, 26, -2], "size": [1, 3, 3], "uv": [0, 0]}
					]
				},
				{
					"name": "headExtension",
					"parent": "head",
					"pivot": [0, 24, 0]
				},
				{
					"name": "horns",
					"parent": "head",
					"pivot": [0, 24, 0]
				},
				{
					"name": "horns2",
					"parent": "horns",
					"pivot": [0, 24, 0]
				},
				{
					"name": "leftEar",
					"parent": "head",
					"pivot": [4, 27.5, -1]
				},
				{
					"name": "rightEar",
					"parent": "head",
					"pivot": [-4, 27.5, -1]
				},
				{
					"name": "leftArm",
					"parent": "body",
					"pivot": [5, 22, 0],
					"cubes": [
						{"origin": [4, 12, -2], "size": [4, 12, 4], "uv": [0, 32]},
						{"origin": [3.9, 13.9, -2.1], "size": [4.2, 2.2, 4.2], "uv": [52, 38]},
						{"origin": [3.9, 16.9, -2.1], "size": [4.2, 2.2, 4.2], "uv": [52, 32]},
						{"origin": [3.9, 19.9, -2.1], "size": [4.2, 4.2, 4.2], "uv": [48, 0]}
					]
				},
				{
					"name": "leftJamb",
					"parent": "leftArm",
					"pivot": [5, 22, 0]
				},
				{
					"name": "rightArm",
					"parent": "body",
					"pivot": [-5, 22, 0],
					"cubes": [
						{"origin": [-8, 12, -2], "size": [4, 12, 4], "uv": [20, 30]},
						{"origin": [-8.1, 13.9, -2.1], "size": [4.2, 2.2, 4.2], "uv": [54, 52]},
						{"origin": [-8.1, 16.9, -2.1], "size": [4.2, 2.2, 4.2], "uv": [52, 26]},
						{"origin": [-8.1, 19.9, -2.1], "size": [4.2, 4.2, 4.2], "uv": [44, 12]}
					]
				},
				{
					"name": "rightJamb",
					"parent": "rightArm",
					"pivot": [-5, 22, 0]
				},
				{
					"name": "tail",
					"parent": "body",
					"pivot": [0, 15, 2]
				},
				{
					"name": "tail2",
					"parent": "tail",
					"pivot": [0, 13, 8]
				},
				{
					"name": "tail3",
					"parent": "tail2",
					"pivot": [0, 13, 14]
				},
				{
					"name": "tail4",
					"parent": "tail3",
					"pivot": [0, 13, 20]
				},
				{
					"name": "tail5",
					"parent": "tail4",
					"pivot": [0, 15, 26]
				},
				{
					"name": "tail6",
					"parent": "tail5",
					"pivot": [0, 15, 32]
				}
			]
		}
	]
}