{
   "format_version": "1.12.0",
   "minecraft:geometry": [
      {
         "description": {
            "identifier": "geometry.kiabe",
            "texture_width": 128,
            "texture_height": 128,
            "visible_bounds_width": 4,
            "visible_bounds_height": 4,
            "visible_bounds_offset": [
               0,
               1,
               0
            ]
         },
         "bones": [
            {
               "name": "Head",
               "pivot": [
                  0,
                  24,
                  0
               ],
               "cubes": [
                  {
                     "origin": [
                        -3.65,
                        24,
                        -3.8
                     ],
                     "size": [
                        7.3,
                        8,
                        7.5
                     ],
                     "uv": [
                        0,
                        0
                     ]
                  }
               ]
            },
            {
               "name": "hair",
               "parent": "Head",
               "pivot": [
                  0,
                  23,
                  0
               ]
            },
            {
               "name": "bunch14",
               "parent": "hair",
               "pivot": [
                  0,
                  30.5,
                  -2.5
               ],
               "rotation": [
                  86.57859,
                  -48.42381,
                  -82.4266
               ],
               "cubes": [
                  {
                     "origin": [
                        -0.2,
                        30.11588,
                        -3.05105
                     ],
                     "size": [
                        3,
                        3,
                        3
                     ],
                     "inflate": -0.1,
                     "pivot": [
                        0.66877,
                        32.81588,
                        -0.75105
                     ],
                     "rotation": [
                        5.00474,
                        2.49048,
                        40.21803
                     ],
                     "uv": [
                        60,
                        73
                     ]
                  },
                  {
                     "origin": [
                        -0.6794,
                        32.17396,
                        -2.8384
                     ],
                     "size": [
                        3,
                        5,
                        3
                     ],
                     "inflate": -0.2,
                     "pivot": [
                        0.48562,
                        32.41407,
                        -1.43834
                     ],
                     "rotation": [
                        19.9299,
                        -1.70818,
                        54.69986
                     ],
                     "uv": [
                        0,
                        58
                     ]
                  }
               ]
            },
            {
               "name": "bunch21",
               "parent": "hair",
               "pivot": [
                  -2,
                  30.5,
                  -2.5
               ],
               "rotation": [
                  97.51898,
                  -49.2975,
                  -116.69198
               ],
               "cubes": [
                  {
                     "origin": [
                        -2,
                        30.5,
                        -2.7
                     ],
                     "size": [
                        3,
                        2,
                        3
                     ],
                     "inflate": -0.1,
                     "pivot": [
                        -1.33123,
                        32.81588,
                        -0.75105
                     ],
                     "rotation": [
                        5.00474,
                        2.49048,
                        40.21803
                     ],
                     "uv": [
                        0,
                        79
                     ]
                  },
                  {
                     "origin": [
                        -2,
                        33.9,
                        -10
                     ],
                     "size": [
                        3,
                        2,
                        3
                     ],
                     "inflate": -0.1,
                     "pivot": [
                        -1.33123,
                        32.81588,
                        -0.75105
                     ],
                     "rotation": [
                        45.07745,
                        4.70725,
                        41.3762
                     ],
                     "uv": [
                        72,
                        73
                     ]
                  },
                  {
                     "origin": [
                        -5.54268,
                        24.85118,
                        -8.2
                     ],
                     "size": [
                        3,
                        5,
                        3
                     ],
                     "inflate": -0.1,
                     "pivot": [
                        -4.33123,
                        27.81588,
                        -6.75105
                     ],
                     "rotation": [
                        47.57745,
                        4.70725,
                        41.3762
                     ],
                     "uv": [
                        48,
                        41
                     ]
                  },
                  {
                     "origin": [
                        -4.54268,
                        28.3,
                        -2.5
                     ],
                     "size": [
                        3,
                        5,
                        3
                     ],
                     "inflate": -0.1,
                     "pivot": [
                        -4.33123,
                        27.81588,
                        6.75105
                     ],
                     "rotation": [
                        -0.2392,
                        5.7441,
                        40.74368
                     ],
                     "uv": [
                        48,
                        41
                     ]
                  },
                  {
                     "origin": [
                        3.6,
                        29.9,
                        -2
                     ],
                     "size": [
                        3,
                        7,
                        3
                     ],
                     "inflate": -0.1,
                     "pivot": [
                        -1.33123,
                        32.81588,
                        -0.75105
                     ],
                     "rotation": [
                        2.03389,
                        8.2062,
                        58.63592
                     ],
                     "uv": [
                        46,
                        16
                     ]
                  },
                  {
                     "origin": [
                        3.3,
                        28.9,
                        -1
                     ],
                     "size": [
                        3,
                        5,
                        3
                     ],
                     "inflate": -0.1,
                     "pivot": [
                        -1.33123,
                        32.81588,
                        -0.75105
                     ],
                     "rotation": [
                        -12.96611,
                        8.2062,
                        58.63592
                     ],
                     "uv": [
                        36,
                        41
                     ]
                  },
                  {
                     "origin": [
                        0.9,
                        27.9,
                        -0.2
                     ],
                     "size": [
                        3,
                        5,
                        3
                     ],
                     "inflate": -0.1,
                     "pivot": [
                        -1.33123,
                        32.81588,
                        -0.75105
                     ],
                     "rotation": [
                        -7.92938,
                        33.14172,
                        45.17047
                     ],
                     "uv": [
                        36,
                        41
                     ]
                  },
                  {
                     "origin": [
                        2.8,
                        35.9,
                        -8
                     ],
                     "size": [
                        3,
                        6,
                        3
                     ],
                     "inflate": -0.1,
                     "pivot": [
                        -1.33123,
                        32.81588,
                        -0.75105
                     ],
                     "rotation": [
                        65.4783,
                        -8.37864,
                        52.60269
                     ],
                     "uv": [
                        24,
                        41
                     ]
                  },
                  {
                     "origin": [
                        -5.2,
                        31.9,
                        -9
                     ],
                     "size": [
                        3,
                        6,
                        3
                     ],
                     "inflate": -0.1,
                     "pivot": [
                        -1.33123,
                        32.81588,
                        -0.75105
                     ],
                     "rotation": [
                        33.77514,
                        -88.31129,
                        36.40394
                     ],
                     "uv": [
                        12,
                        41
                     ]
                  },
                  {
                     "origin": [
                        3,
                        32.9,
                        -11
                     ],
                     "size": [
                        3,
                        5,
                        3
                     ],
                     "inflate": -0.1,
                     "pivot": [
                        -1.33123,
                        32.81588,
                        -0.75105
                     ],
                     "rotation": [
                        52.9783,
                        -8.37864,
                        52.60269
                     ],
                     "uv": [
                        60,
                        50
                     ]
                  },
                  {
                     "origin": [
                        -4.48137,
                        22.71315,
                        -7.2
                     ],
                     "size": [
                        3,
                        5,
                        3
                     ],
                     "inflate": -0.1,
                     "pivot": [
                        -3.75105,
                        24.81588,
                        -6.66877
                     ],
                     "rotation": [
                        57.39105,
                        -17.99344,
                        11.72623
                     ],
                     "uv": [
                        48,
                        50
                     ]
                  },
                  {
                     "origin": [
                        -2.3,
                        31.25989,
                        -2.90006
                     ],
                     "size": [
                        3,
                        6,
                        3
                     ],
                     "inflate": -0.2,
                     "pivot": [
                        -1.5,
                        32.5,
                        -1.5
                     ],
                     "rotation": [
                        35,
                        0,
                        50
                     ],
                     "uv": [
                        48,
                        32
                     ]
                  },
                  {
                     "origin": [
                        -2.3,
                        34.25989,
                        -9.90006
                     ],
                     "size": [
                        3,
                        3,
                        3
                     ],
                     "inflate": -0.2,
                     "pivot": [
                        -1.5,
                        32.5,
                        -1.5
                     ],
                     "rotation": [
                        45,
                        0,
                        50
                     ],
                     "uv": [
                        48,
                        73
                     ]
                  }
               ]
            },
            {
               "name": "bunch19",
               "parent": "hair",
               "pivot": [
                  2,
                  30.5,
                  -1.5
               ],
               "rotation": [
                  114.60936,
                  -51.97857,
                  -106.59383
               ],
               "cubes": [
                  {
                     "origin": [
                        1.2,
                        30,
                        -2.05105
                     ],
                     "size": [
                        3,
                        3,
                        3
                     ],
                     "inflate": -0.1,
                     "pivot": [
                        2.66877,
                        32.81588,
                        0.24895
                     ],
                     "rotation": [
                        -7.9189,
                        12.11885,
                        38.5711
                     ],
                     "uv": [
                        36,
                        73
                     ]
                  },
                  {
                     "origin": [
                        0.8,
                        32.1,
                        -1.90006
                     ],
                     "size": [
                        3,
                        4,
                        3
                     ],
                     "inflate": -0.2,
                     "pivot": [
                        2.5,
                        32.5,
                        -0.5
                     ],
                     "rotation": [
                        20.15874,
                        7.04533,
                        52.57816
                     ],
                     "uv": [
                        12,
                        66
                     ]
                  }
               ]
            },
            {
               "name": "bunch26",
               "parent": "hair",
               "pivot": [
                  -4,
                  30.5,
                  1.5
               ],
               "rotation": [
                  -165.93943,
                  5.62717,
                  -116.47647
               ],
               "cubes": [
                  {
                     "origin": [
                        -4.8,
                        30,
                        0.94895
                     ],
                     "size": [
                        3,
                        4,
                        3
                     ],
                     "inflate": -0.1,
                     "pivot": [
                        -3.33123,
                        32.81588,
                        3.24895
                     ],
                     "rotation": [
                        17.0811,
                        12.11885,
                        38.5711
                     ],
                     "uv": [
                        0,
                        66
                     ]
                  },
                  {
                     "origin": [
                        -5.2,
                        32.1,
                        1.09994
                     ],
                     "size": [
                        3,
                        6,
                        3
                     ],
                     "inflate": -0.2,
                     "pivot": [
                        -3.5,
                        32.5,
                        2.5
                     ],
                     "rotation": [
                        20.15874,
                        7.04533,
                        52.57816
                     ],
                     "uv": [
                        0,
                        41
                     ]
                  }
               ]
            },
            {
               "name": "bunch27",
               "parent": "hair",
               "pivot": [
                  -1,
                  30.5,
                  0.5
               ],
               "rotation": [
                  -119.55144,
                  22.14604,
                  -90.55984
               ],
               "cubes": [
                  {
                     "origin": [
                        -1.8,
                        30,
                        -0.05105
                     ],
                     "size": [
                        3,
                        4,
                        3
                     ],
                     "inflate": -0.1,
                     "pivot": [
                        -0.33123,
                        32.81588,
                        2.24895
                     ],
                     "rotation": [
                        14.5811,
                        12.11885,
                        38.5711
                     ],
                     "uv": [
                        74,
                        58
                     ]
                  },
                  {
                     "origin": [
                        -2.2,
                        32.1,
                        0.09994
                     ],
                     "size": [
                        3,
                        5,
                        3
                     ],
                     "inflate": -0.2,
                     "pivot": [
                        -0.5,
                        32.5,
                        1.5
                     ],
                     "rotation": [
                        20.15874,
                        7.04533,
                        52.57816
                     ],
                     "uv": [
                        36,
                        50
                     ]
                  }
               ]
            },
            {
               "name": "bunch28",
               "parent": "hair",
               "pivot": [
                  1,
                  29.5,
                  0.5
               ],
               "rotation": [
                  -86.18222,
                  5.12025,
                  -67.97003
               ],
               "cubes": [
                  {
                     "origin": [
                        0.2,
                        29,
                        -0.05105
                     ],
                     "size": [
                        3,
                        4,
                        3
                     ],
                     "inflate": -0.1,
                     "pivot": [
                        1.66877,
                        31.81588,
                        2.24895
                     ],
                     "rotation": [
                        14.5811,
                        12.11885,
                        38.5711
                     ],
                     "uv": [
                        62,
                        58
                     ]
                  },
                  {
                     "origin": [
                        -0.2,
                        31.1,
                        -0.90006
                     ],
                     "size": [
                        3,
                        6,
                        3
                     ],
                     "inflate": -0.2,
                     "pivot": [
                        1.5,
                        31.5,
                        1.5
                     ],
                     "rotation": [
                        2.00074,
                        20.48608,
                        52.11878
                     ],
                     "uv": [
                        60,
                        32
                     ]
                  }
               ]
            },
            {
               "name": "bunch29",
               "parent": "hair",
               "pivot": [
                  -3,
                  29.5,
                  1.5
               ],
               "rotation": [
                  -104.10561,
                  14.82916,
                  -70.40523
               ],
               "cubes": [
                  {
                     "origin": [
                        -3.8,
                        29,
                        0.94895
                     ],
                     "size": [
                        3,
                        4,
                        3
                     ],
                     "inflate": -0.1,
                     "pivot": [
                        -2.33123,
                        31.81588,
                        3.24895
                     ],
                     "rotation": [
                        14.5811,
                        12.11885,
                        38.5711
                     ],
                     "uv": [
                        50,
                        58
                     ]
                  },
                  {
                     "origin": [
                        -4.2,
                        31.1,
                        1.3
                     ],
                     "size": [
                        3,
                        6,
                        3
                     ],
                     "inflate": -0.2,
                     "pivot": [
                        -2.5,
                        31.5,
                        2.5
                     ],
                     "rotation": [
                        22.65874,
                        7.04533,
                        52.57816
                     ],
                     "uv": [
                        48,
                        32
                     ]
                  }
               ]
            },
            {
               "name": "bunch31",
               "parent": "hair",
               "pivot": [
                  3,
                  27.5,
                  0.5
               ],
               "rotation": [
                  -69.06611,
                  7.66244,
                  69.78532
               ]
            },
            {
               "name": "bunch30",
               "parent": "hair",
               "pivot": [
                  -3,
                  27.5,
                  0.5
               ],
               "rotation": [
                  -69.06611,
                  -7.66244,
                  -69.78532
               ],
               "cubes": [
                  {
                     "origin": [
                        -3.79805,
                        27.9377,
                        -0.23495
                     ],
                     "size": [
                        3,
                        6,
                        3
                     ],
                     "inflate": -0.2,
                     "pivot": [
                        0.90195,
                        30.3377,
                        5.16511
                     ],
                     "rotation": [
                        34.45541,
                        -14.06734,
                        37.2332
                     ],
                     "uv": [
                        36,
                        32
                     ]
                  },
                  {
                     "origin": [
                        -2.03898,
                        27.328,
                        5.83421
                     ],
                     "size": [
                        3,
                        6,
                        3
                     ],
                     "inflate": -0.2,
                     "pivot": [
                        0.66102,
                        29.728,
                        5.23427
                     ],
                     "rotation": [
                        -55.21298,
                        73.23239,
                        23.68444
                     ],
                     "uv": [
                        58,
                        16
                     ]
                  }
               ]
            },
            {
               "name": "bunch33",
               "parent": "hair",
               "pivot": [
                  -1,
                  29.5,
                  2.5
               ],
               "rotation": [
                  -116.0226,
                  -22.89341,
                  -62.20768
               ]
            },
            {
               "name": "bunch32",
               "parent": "hair",
               "pivot": [
                  1,
                  29.5,
                  2.5
               ],
               "rotation": [
                  -116.0226,
                  22.89341,
                  62.20768
               ],
               "cubes": [
                  {
                     "origin": [
                        -0.2,
                        29,
                        2.7
                     ],
                     "size": [
                        3,
                        3,
                        3
                     ],
                     "inflate": -0.1,
                     "pivot": [
                        0.33123,
                        31.81588,
                        4.24895
                     ],
                     "rotation": [
                        14.5811,
                        -12.11885,
                        -38.5711
                     ],
                     "uv": [
                        24,
                        73
                     ]
                  },
                  {
                     "origin": [
                        0.4981,
                        29.62681,
                        3
                     ],
                     "size": [
                        3,
                        6,
                        3
                     ],
                     "inflate": -0.2,
                     "pivot": [
                        0.7981,
                        31.02681,
                        3.46727
                     ],
                     "rotation": [
                        21.12761,
                        2.81616,
                        -78.29899
                     ],
                     "uv": [
                        24,
                        32
                     ]
                  }
               ]
            },
            {
               "name": "bunch34",
               "parent": "hair",
               "pivot": [
                  -1,
                  29.5,
                  2.5
               ],
               "rotation": [
                  -116.0226,
                  -22.89341,
                  -62.20768
               ],
               "cubes": [
                  {
                     "origin": [
                        -2.8,
                        29,
                        2.7
                     ],
                     "size": [
                        3,
                        3,
                        3
                     ],
                     "inflate": -0.1,
                     "pivot": [
                        -0.33123,
                        31.81588,
                        4.24895
                     ],
                     "rotation": [
                        14.5811,
                        12.11885,
                        38.5711
                     ],
                     "uv": [
                        12,
                        73
                     ]
                  },
                  {
                     "origin": [
                        -3.4981,
                        29.62681,
                        3
                     ],
                     "size": [
                        3,
                        6,
                        3
                     ],
                     "inflate": -0.2,
                     "pivot": [
                        -0.7981,
                        31.02681,
                        3.46727
                     ],
                     "rotation": [
                        21.12761,
                        -2.81616,
                        78.29899
                     ],
                     "uv": [
                        12,
                        32
                     ]
                  }
               ]
            },
            {
               "name": "bunch25",
               "parent": "hair",
               "pivot": [
                  -3,
                  30.5,
                  1.5
               ],
               "rotation": [
                  89.69241,
                  -49.40194,
                  -106.26298
               ],
               "cubes": [
                  {
                     "origin": [
                        -3.8,
                        30,
                        0.94895
                     ],
                     "size": [
                        3,
                        3,
                        3
                     ],
                     "inflate": -0.1,
                     "pivot": [
                        -2.33123,
                        32.81588,
                        3.24895
                     ],
                     "rotation": [
                        -7.9189,
                        12.11885,
                        38.5711
                     ],
                     "uv": [
                        0,
                        73
                     ]
                  },
                  {
                     "origin": [
                        -4.2,
                        32.1,
                        1.09994
                     ],
                     "size": [
                        3,
                        3,
                        3
                     ],
                     "inflate": -0.2,
                     "pivot": [
                        -2.5,
                        32.5,
                        2.5
                     ],
                     "rotation": [
                        20.15874,
                        7.04533,
                        52.57816
                     ],
                     "uv": [
                        72,
                        66
                     ]
                  }
               ]
            },
            {
               "name": "bunch22",
               "parent": "hair",
               "pivot": [
                  2,
                  30.5,
                  0.5
               ],
               "rotation": [
                  87.09646,
                  -55.89387,
                  -72.91382
               ],
               "cubes": [
                  {
                     "origin": [
                        1.2,
                        30,
                        -0.05105
                     ],
                     "size": [
                        3,
                        3,
                        3
                     ],
                     "inflate": -0.1,
                     "pivot": [
                        2.66877,
                        32.81588,
                        2.24895
                     ],
                     "rotation": [
                        -7.9189,
                        12.11885,
                        38.5711
                     ],
                     "uv": [
                        60,
                        66
                     ]
                  },
                  {
                     "origin": [
                        0.8,
                        32.1,
                        0.09994
                     ],
                     "size": [
                        3,
                        5,
                        3
                     ],
                     "inflate": -0.2,
                     "pivot": [
                        2.5,
                        32.5,
                        1.5
                     ],
                     "rotation": [
                        20.15874,
                        7.04533,
                        52.57816
                     ],
                     "uv": [
                        24,
                        50
                     ]
                  }
               ]
            },
            {
               "name": "bunch23",
               "parent": "hair",
               "pivot": [
                  2,
                  29.5,
                  -1.5
               ],
               "rotation": [
                  -132.26679,
                  32.99448,
                  -90.41173
               ],
               "cubes": [
                  {
                     "origin": [
                        1.2,
                        29,
                        -2.05105
                     ],
                     "size": [
                        3,
                        3,
                        3
                     ],
                     "inflate": -0.1,
                     "pivot": [
                        2.66877,
                        31.81588,
                        0.24895
                     ],
                     "rotation": [
                        -7.9189,
                        12.11885,
                        38.5711
                     ],
                     "uv": [
                        48,
                        66
                     ]
                  },
                  {
                     "origin": [
                        0.8,
                        31.1,
                        -1.90006
                     ],
                     "size": [
                        3,
                        5,
                        3
                     ],
                     "inflate": -0.2,
                     "pivot": [
                        2.5,
                        31.5,
                        -0.5
                     ],
                     "rotation": [
                        20.15874,
                        7.04533,
                        52.57816
                     ],
                     "uv": [
                        12,
                        50
                     ]
                  }
               ]
            },
            {
               "name": "bunch24",
               "parent": "hair",
               "pivot": [
                  2,
                  29.5,
                  -1.5
               ],
               "rotation": [
                  -70.47591,
                  4.36709,
                  -32.28873
               ],
               "cubes": [
                  {
                     "origin": [
                        1.2,
                        29,
                        -2.05105
                     ],
                     "size": [
                        3,
                        3,
                        3
                     ],
                     "inflate": -0.1,
                     "pivot": [
                        2.66877,
                        31.81588,
                        0.24895
                     ],
                     "rotation": [
                        -7.9189,
                        12.11885,
                        38.5711
                     ],
                     "uv": [
                        36,
                        66
                     ]
                  },
                  {
                     "origin": [
                        0.8,
                        31.1,
                        -1.90006
                     ],
                     "size": [
                        3,
                        6,
                        3
                     ],
                     "inflate": -0.2,
                     "pivot": [
                        2.5,
                        31.5,
                        -0.5
                     ],
                     "rotation": [
                        20.15874,
                        7.04533,
                        52.57816
                     ],
                     "uv": [
                        0,
                        32
                     ]
                  }
               ]
            },
            {
               "name": "bunch18",
               "parent": "hair",
               "pivot": [
                  -1,
                  30.5,
                  -2.5
               ],
               "rotation": [
                  73.27353,
                  -46.01748,
                  -91.15392
               ]
            },
            {
               "name": "bunch17",
               "parent": "hair",
               "pivot": [
                  -2,
                  30.5,
                  -1.5
               ],
               "rotation": [
                  43.76849,
                  -44.93567,
                  -42.20134
               ],
               "cubes": [
                  {
                     "origin": [
                        -2.66502,
                        30.25989,
                        -1.90006
                     ],
                     "size": [
                        3,
                        5,
                        3
                     ],
                     "inflate": -0.1,
                     "pivot": [
                        -1.5,
                        32.5,
                        -0.5
                     ],
                     "rotation": [
                        0,
                        0,
                        40
                     ],
                     "uv": [
                        0,
                        50
                     ]
                  },
                  {
                     "origin": [
                        -2.66502,
                        32.25989,
                        -1.90006
                     ],
                     "size": [
                        3,
                        5,
                        3
                     ],
                     "inflate": -0.2,
                     "pivot": [
                        -1.5,
                        32.5,
                        -0.5
                     ],
                     "rotation": [
                        0,
                        0,
                        50
                     ],
                     "uv": [
                        60,
                        41
                     ]
                  }
               ]
            },
            {
               "name": "bunch15",
               "parent": "hair",
               "pivot": [
                  -1,
                  30.5,
                  -3.5
               ],
               "rotation": [
                  139.10449,
                  4.21166,
                  -103.37879
               ],
               "cubes": [
                  {
                     "origin": [
                        -1.46502,
                        29.25989,
                        -4.90006
                     ],
                     "size": [
                        1.8,
                        3,
                        1.8
                     ],
                     "inflate": -0.1,
                     "pivot": [
                        -0.5,
                        32.5,
                        -2.5
                     ],
                     "rotation": [
                        0,
                        0,
                        40
                     ],
                     "uv": [
                        36,
                        83
                     ]
                  },
                  {
                     "origin": [
                        -2.30878,
                        29.23884,
                        -4.90006
                     ],
                     "size": [
                        1.8,
                        2,
                        1.8
                     ],
                     "inflate": -0.1,
                     "pivot": [
                        -5.34376,
                        31.47895,
                        -2.5
                     ],
                     "rotation": [
                        0,
                        0,
                        -27.5
                     ],
                     "uv": [
                        40,
                        79
                     ]
                  },
                  {
                     "origin": [
                        3.8,
                        22.58013,
                        -4.9
                     ],
                     "size": [
                        1.8,
                        3,
                        1.8
                     ],
                     "inflate": -0.2,
                     "pivot": [
                        -4.62069,
                        23.82024,
                        -2.40012
                     ],
                     "rotation": [
                        0,
                        0,
                        -75
                     ],
                     "uv": [
                        36,
                        79
                     ]
                  }
               ]
            },
            {
               "name": "bunch3",
               "parent": "hair",
               "pivot": [
                  -2,
                  30.5,
                  -2.5
               ],
               "rotation": [
                  24.38856,
                  -2.61032,
                  -87.28766
               ]
            },
            {
               "name": "bunch6",
               "parent": "hair",
               "pivot": [
                  -2,
                  29.5,
                  -0.5
               ],
               "rotation": [
                  11.07948,
                  -3.21829,
                  -95.36414
               ]
            },
            {
               "name": "bunch2",
               "parent": "hair",
               "pivot": [
                  1,
                  30.5,
                  -2.5
               ],
               "rotation": [
                  -174.94575,
                  2.37266,
                  -85.97888
               ]
            },
            {
               "name": "bunch7",
               "parent": "hair",
               "pivot": [
                  1.92702,
                  28,
                  4.12465
               ],
               "rotation": [
                  -61.62968,
                  -25.51789,
                  80.71871
               ]
            },
            {
               "name": "bunch4",
               "parent": "hair",
               "pivot": [
                  2.92702,
                  31,
                  -0.87535
               ],
               "rotation": [
                  -8.95891,
                  -15.09492,
                  86.18939
               ]
            },
            {
               "name": "bunch12",
               "parent": "hair",
               "pivot": [
                  2.92702,
                  30,
                  1.12465
               ],
               "rotation": [
                  -8.95891,
                  -15.09492,
                  108.68939
               ]
            },
            {
               "name": "bunch16",
               "parent": "hair",
               "pivot": [
                  1.92702,
                  31,
                  1.12465
               ],
               "rotation": [
                  -33.83281,
                  -33.40012,
                  52.66338
               ]
            },
            {
               "name": "bunch9",
               "parent": "hair",
               "pivot": [
                  3.69519,
                  26.5,
                  3.52454
               ],
               "rotation": [
                  34.60168,
                  -17.0867,
                  -78.50483
               ]
            },
            {
               "name": "bunch11",
               "parent": "hair",
               "pivot": [
                  1.69519,
                  26.5,
                  4.52454
               ],
               "rotation": [
                  67.10168,
                  -17.0867,
                  -78.50483
               ]
            },
            {
               "name": "bunch20",
               "parent": "hair",
               "pivot": [
                  0,
                  23,
                  0
               ],
               "cubes": [
                  {
                     "origin": [
                        -2.9,
                        29.3,
                        -4.4
                     ],
                     "size": [
                        3,
                        3,
                        3
                     ],
                     "inflate": -0.1,
                     "pivot": [
                        -0.5,
                        32.5,
                        -1.5
                     ],
                     "rotation": [
                        -1.88206,
                        3.65388,
                        -46.40122
                     ],
                     "uv": [
                        24,
                        66
                     ]
                  }
               ]
            },
            {
               "name": "bunch13",
               "parent": "hair",
               "pivot": [
                  0,
                  31.5,
                  -1.5
               ],
               "rotation": [
                  8.1639,
                  -11.73507,
                  -7.05418
               ],
               "cubes": [
                  {
                     "origin": [
                        -1.66502,
                        30.25989,
                        -1.90006
                     ],
                     "size": [
                        3,
                        4,
                        3
                     ],
                     "inflate": -0.1,
                     "pivot": [
                        0.5,
                        33.5,
                        -0.5
                     ],
                     "rotation": [
                        -5,
                        0,
                        15
                     ],
                     "uv": [
                        38,
                        58
                     ]
                  },
                  {
                     "origin": [
                        -1.66502,
                        33.25989,
                        -1.90006
                     ],
                     "size": [
                        3,
                        4,
                        3
                     ],
                     "inflate": -0.2,
                     "pivot": [
                        0.5,
                        33.5,
                        -0.5
                     ],
                     "rotation": [
                        -17.5,
                        0,
                        32.5
                     ],
                     "uv": [
                        26,
                        58
                     ]
                  }
               ]
            },
            {
               "name": "Body",
               "pivot": [
                  0,
                  23,
                  0
               ],
               "cubes": [
                  {
                     "origin": [
                        -3.5,
                        12.999,
                        -1.5
                     ],
                     "size": [
                        7,
                        11,
                        3.5
                     ],
                     "uv": [
                        50,
                        0
                     ]
                  },
                  {
                     "origin": [
                        -3.65,
                        16,
                        -1.75
                     ],
                     "size": [
                        7.3,
                        8,
                        4
                     ],
                     "uv": [
                        28,
                        0
                     ]
                  },
                  {
                     "origin": [
                        -3.65,
                        13.3,
                        -1.75
                     ],
                     "size": [
                        7.3,
                        2,
                        4
                     ],
                     "uv": [
                        0,
                        16
                     ]
                  },
                  {
                     "origin": [
                        -1.7,
                        6.4,
                        3.9
                     ],
                     "size": [
                        3.3,
                        6,
                        0
                     ],
                     "pivot": [
                        7.25,
                        -0.99433,
                        -4.71619
                     ],
                     "rotation": [
                        7.5,
                        0,
                        0
                     ],
                     "uv": [
                        18,
                        79
                     ]
                  },
                  {
                     "origin": [
                        -5.6,
                        5.8,
                        -1.4
                     ],
                     "size": [
                        0,
                        6,
                        3.3
                     ],
                     "pivot": [
                        5.31619,
                        0.99433,
                        7.25
                     ],
                     "rotation": [
                        0,
                        0,
                        10
                     ],
                     "uv": [
                        12,
                        79
                     ]
                  },
                  {
                     "origin": [
                        5.6,
                        5.8,
                        -1.4
                     ],
                     "size": [
                        0,
                        6,
                        3.3
                     ],
                     "pivot": [
                        -5.31619,
                        0.99433,
                        7.25
                     ],
                     "rotation": [
                        0,
                        0,
                        -10
                     ],
                     "uv": [
                        12,
                        79
                     ],
                     "mirror": true
                  },
                  {
                     "origin": [
                        -1.7,
                        6.4,
                        -3.5
                     ],
                     "size": [
                        3.3,
                        6,
                        0
                     ],
                     "pivot": [
                        7.25,
                        -0.99433,
                        5.31619
                     ],
                     "rotation": [
                        -7.5,
                        0,
                        0
                     ],
                     "uv": [
                        18,
                        79
                     ]
                  },
                  {
                     "origin": [
                        -6.7,
                        4.33027,
                        -3.6145
                     ],
                     "size": [
                        2.5,
                        6,
                        0
                     ],
                     "pivot": [
                        6.14208,
                        -3.06407,
                        5.20168
                     ],
                     "rotation": [
                        -7.47178,
                        0.65182,
                        11.95744
                     ],
                     "uv": [
                        32,
                        79
                     ]
                  },
                  {
                     "origin": [
                        4.1,
                        4.33027,
                        -3.6145
                     ],
                     "size": [
                        2.5,
                        6,
                        0
                     ],
                     "pivot": [
                        -6.14208,
                        -3.06407,
                        5.20168
                     ],
                     "rotation": [
                        -7.47178,
                        -0.65182,
                        -11.95744
                     ],
                     "uv": [
                        32,
                        79
                     ],
                     "mirror": true
                  },
                  {
                     "origin": [
                        4.1,
                        4.33027,
                        4.0145
                     ],
                     "size": [
                        2.5,
                        6,
                        0
                     ],
                     "pivot": [
                        -6.14208,
                        -3.06407,
                        -4.80168
                     ],
                     "rotation": [
                        7.47178,
                        0.65182,
                        -11.95744
                     ],
                     "uv": [
                        32,
                        79
                     ],
                     "mirror": true
                  },
                  {
                     "origin": [
                        -6.69565,
                        4.35077,
                        4.01598
                     ],
                     "size": [
                        2.5,
                        6,
                        0
                     ],
                     "pivot": [
                        6.04643,
                        -3.04356,
                        -4.8002
                     ],
                     "rotation": [
                        7.47178,
                        -0.65182,
                        11.95744
                     ],
                     "uv": [
                        32,
                        79
                     ]
                  },
                  {
                     "origin": [
                        -7.06259,
                        4.11033,
                        -3.3039
                     ],
                     "size": [
                        0,
                        6,
                        2
                     ],
                     "pivot": [
                        4.7536,
                        -3.284,
                        9.3461
                     ],
                     "rotation": [
                        -7.35,
                        -0.86717,
                        12.1
                     ],
                     "uv": [
                        28,
                        79
                     ]
                  },
                  {
                     "origin": [
                        6.96477,
                        4.08961,
                        -3.30504
                     ],
                     "size": [
                        0,
                        6,
                        2
                     ],
                     "pivot": [
                        -4.85142,
                        -3.30472,
                        9.34496
                     ],
                     "rotation": [
                        -7.35,
                        0.86717,
                        -12.1
                     ],
                     "uv": [
                        28,
                        79
                     ],
                     "mirror": true
                  },
                  {
                     "origin": [
                        6.96477,
                        4.08961,
                        1.70504
                     ],
                     "size": [
                        0,
                        6,
                        2
                     ],
                     "pivot": [
                        -4.85142,
                        -3.30472,
                        -8.94496
                     ],
                     "rotation": [
                        7.35,
                        -0.86717,
                        -12.1
                     ],
                     "uv": [
                        24,
                        79
                     ],
                     "mirror": true
                  },
                  {
                     "origin": [
                        -7.0626,
                        4.08961,
                        1.40504
                     ],
                     "size": [
                        0,
                        6,
                        2
                     ],
                     "pivot": [
                        4.85142,
                        -3.30472,
                        -9.24496
                     ],
                     "rotation": [
                        7.35,
                        0.86717,
                        12.1
                     ],
                     "uv": [
                        24,
                        79
                     ]
                  }
               ]
            },
            {
               "name": "RightArm",
               "pivot": [
                  -5,
                  22,
                  0
               ],
               "cubes": [
                  {
                     "origin": [
                        -7,
                        11.999,
                        -1.5
                     ],
                     "size": [
                        3.5,
                        12,
                        3.5
                     ],
                     "uv": [
                        34,
                        16
                     ],
                     "mirror": true
                  },
                  {
                     "origin": [
                        -7.05,
                        12,
                        -1.75
                     ],
                     "size": [
                        3.6,
                        12,
                        4
                     ],
                     "uv": [
                        70,
                        0
                     ]
                  }
               ]
            },
            {
               "name": "LeftArm",
               "pivot": [
                  5,
                  22,
                  0
               ],
               "cubes": [
                  {
                     "origin": [
                        3.5,
                        11.999,
                        -1.5
                     ],
                     "size": [
                        3.5,
                        12,
                        3.5
                     ],
                     "uv": [
                        34,
                        16
                     ]
                  },
                  {
                     "origin": [
                        3.45,
                        12,
                        -1.75
                     ],
                     "size": [
                        3.6,
                        12,
                        4
                     ],
                     "uv": [
                        70,
                        0
                     ],
                     "mirror": true
                  }
               ]
            },
            {
               "name": "RightLeg",
               "pivot": [
                  -1.9,
                  12,
                  0
               ],
               "cubes": [
                  {
                     "origin": [
                        -3.65,
                        1.5,
                        -1.9
                     ],
                     "size": [
                        3.7,
                        2,
                        4.3
                     ],
                     "uv": [
                        12,
                        58
                     ]
                  },
                  {
                     "origin": [
                        -3.5,
                        -0.001,
                        -1.5
                     ],
                     "size": [
                        3.5,
                        13,
                        3.5
                     ],
                     "uv": [
                        22,
                        16
                     ],
                     "mirror": true
                  }
               ]
            },
            {
               "name": "LeftLeg",
               "pivot": [
                  1.9,
                  12,
                  0
               ],
               "cubes": [
                  {
                     "origin": [
                        -0.05,
                        1.5,
                        -1.9
                     ],
                     "size": [
                        3.7,
                        2,
                        4.3
                     ],
                     "uv": [
                        12,
                        58
                     ],
                     "mirror": true
                  },
                  {
                     "origin": [
                        0,
                        -0.001,
                        -1.5
                     ],
                     "size": [
                        3.5,
                        13,
                        3.5
                     ],
                     "uv": [
                        22,
                        16
                     ]
                  }
               ]
            }
         ]
      }
   ]
}