{
	"format_version": "1.12.0",
	"minecraft:geometry": [
		{
			"description": {
				"identifier": "geometry.majin_vegeta",
				"texture_width": 64,
				"texture_height": 64,
				"visible_bounds_width": 4,
				"visible_bounds_height": 4,
				"visible_bounds_offset": [0, 1, 0]
			},
			"bones": [
				{
					"name": "root",
					"pivot": [0, 0, 0]
				},
				{
					"name": "waist",
					"parent": "root",
					"pivot": [0, 12, 0]
				},
				{
					"name": "body",
					"parent": "waist",
					"pivot": [0, 24, 0],
					"cubes": [
						{
							"origin": [-4, 12, -2],
							"size": [8, 12, 4],
							"uv": {
								"north": {"uv": [20, 20], "uv_size": [8, 12]},
								"east": {"uv": [16, 20], "uv_size": [4, 12]},
								"south": {"uv": [32, 20], "uv_size": [8, 12]},
								"west": {"uv": [28, 20], "uv_size": [4, 12]},
								"up": {"uv": [20, 16], "uv_size": [8, 4]},
								"down": {"uv": [28, 20], "uv_size": [8, -4]}
							}
						}
					]
				},
				{
					"name": "head",
					"parent": "body",
					"pivot": [0, 24, 0],
					"cubes": [
						{
							"origin": [-4, 24, -4],
							"size": [8, 8, 8],
							"uv": {
								"north": {"uv": [8, 8], "uv_size": [8, 8]},
								"east": {"uv": [0, 8], "uv_size": [8, 8]},
								"south": {"uv": [24, 8], "uv_size": [8, 8]},
								"west": {"uv": [16, 8], "uv_size": [8, 8]},
								"up": {"uv": [8, 0], "uv_size": [8, 8]},
								"down": {"uv": [16, 8], "uv_size": [8, -8]}
							}
						},
						{
							"origin": [-1.75, 28.5, -4.05],
							"size": [3.5, 2, 3],
							"uv": {
								"north": {"uv": [55, 0], "uv_size": [9, 4]},
								"east": {"uv": [55, 0], "uv_size": [9, 4]},
								"south": {"uv": [55, 0], "uv_size": [9, 4]},
								"west": {"uv": [55, 0], "uv_size": [9, 4]},
								"up": {"uv": [55, 0], "uv_size": [9, 4]},
								"down": {"uv": [55, 4], "uv_size": [9, -4]}
							}
						}
					]
				},
				{
					"name": "hair",
					"parent": "head",
					"pivot": [0, 24, 0]
				},
				{
					"name": "bunch",
					"parent": "hair",
					"pivot": [-3, 30, -4],
					"rotation": [17.89807, 11.91276, 3.81397]
				},
				{
					"name": "bunch2",
					"parent": "hair",
					"pivot": [-1, 30, -3],
					"rotation": [29.91615, -1.29876, 7.38733]
				},
				{
					"name": "bunch3",
					"parent": "hair",
					"pivot": [-2, 31, -4],
					"rotation": [47.14445, 34.89321, 14.70516]
				},
				{
					"name": "bunch4",
					"parent": "hair",
					"pivot": [0, 31, -4],
					"rotation": [40.61447, -42.68547, -9.07772]
				},
				{
					"name": "bunch5",
					"parent": "hair",
					"pivot": [2, 31, -3],
					"rotation": [17.5, -35, 0]
				},
				{
					"name": "bunch6",
					"parent": "hair",
					"pivot": [1, 30, -4],
					"rotation": [29.84165, -2.95401, 6.86916]
				},
				{
					"name": "bunch7",
					"parent": "hair",
					"pivot": [3, 31, -4],
					"rotation": [12.43261, -13.5044, 9.79139]
				},
				{
					"name": "bunch8",
					"parent": "hair",
					"pivot": [-3, 30, -3],
					"rotation": [3.76055, 7.09452, 27.40356]
				},
				{
					"name": "bunch9",
					"parent": "hair",
					"pivot": [-3, 28, -2],
					"rotation": [-12.26105, 10.11612, 43.59796],
					"cubes": [
						{
							"origin": [-5.8, 27.1, -2.9],
							"size": [2.8, 1.8, 1.8],
							"uv": {
								"north": {"uv": [0, 0], "uv_size": [1, 1]},
								"east": {"uv": [0, 0], "uv_size": [1, 1]},
								"south": {"uv": [0, 0], "uv_size": [1, 1]},
								"west": {"uv": [0, 0], "uv_size": [1, 1]},
								"up": {"uv": [1, 1], "uv_size": [-1, -1]},
								"down": {"uv": [1, 1], "uv_size": [-1, -1]}
							}
						}
					]
				},
				{
					"name": "bunch10",
					"parent": "hair",
					"pivot": [-3, 26, 0],
					"rotation": [-14.54174, 5.3288, 45.08713]
				},
				{
					"name": "bunch11",
					"parent": "hair",
					"pivot": [-3, 31, -2],
					"rotation": [2.72696, -0.39303, -12.40991]
				},
				{
					"name": "bunch12",
					"parent": "hair",
					"pivot": [-1, 32, -3],
					"rotation": [-2.45392, 1.08089, 4.88206]
				},
				{
					"name": "bunch13",
					"parent": "hair",
					"pivot": [1, 32, -3],
					"rotation": [-12.49569, -0.41646, 2.67519]
				},
				{
					"name": "bunch14",
					"parent": "hair",
					"pivot": [3, 32, -2],
					"rotation": [-10.88051, -12.2654, 4.88719]
				},
				{
					"name": "bunch15",
					"parent": "hair",
					"pivot": [-3, 32, -1],
					"rotation": [-5.34168, 0.81757, 4.83529]
				},
				{
					"name": "bunch16",
					"parent": "hair",
					"pivot": [0, 32, -1],
					"rotation": [-7.5, 0, 0],
					"cubes": [
						{
							"origin": [-0.8, 35, -1.8],
							"size": [1.6, 2.4, 1.6],
							"pivot": [0, 35, -2],
							"rotation": [-22.5, 0, 0],
							"uv": {
								"north": {"uv": [0, 0], "uv_size": [1, 1]},
								"east": {"uv": [0, 0], "uv_size": [1, 1]},
								"south": {"uv": [0, 0], "uv_size": [1, 1]},
								"west": {"uv": [0, 0], "uv_size": [1, 1]},
								"up": {"uv": [1, 1], "uv_size": [-1, -1]},
								"down": {"uv": [1, 1], "uv_size": [-1, -1]}
							}
						}
					]
				},
				{
					"name": "bunch17",
					"parent": "hair",
					"pivot": [-1, 32, 0],
					"rotation": [-7.43655, -0.9762, -7.43656],
					"cubes": [
						{
							"origin": [-2, 32, -1],
							"size": [2, 3, 2],
							"uv": {
								"north": {"uv": [0, 0], "uv_size": [1, 1]},
								"east": {"uv": [0, 0], "uv_size": [1, 1]},
								"south": {"uv": [0, 0], "uv_size": [1, 1]},
								"west": {"uv": [0, 0], "uv_size": [1, 1]},
								"up": {"uv": [1, 1], "uv_size": [-1, -1]},
								"down": {"uv": [1, 1], "uv_size": [-1, -1]}
							}
						},
						{
							"origin": [-1.8, 35, -0.8],
							"size": [1.6, 1.4, 1.6],
							"pivot": [-1, 35, -1],
							"rotation": [-22.5, 0, 0],
							"uv": {
								"north": {"uv": [0, 0], "uv_size": [1, 1]},
								"east": {"uv": [0, 0], "uv_size": [1, 1]},
								"south": {"uv": [0, 0], "uv_size": [1, 1]},
								"west": {"uv": [0, 0], "uv_size": [1, 1]},
								"up": {"uv": [1, 1], "uv_size": [-1, -1]},
								"down": {"uv": [1, 1], "uv_size": [-1, -1]}
							}
						}
					]
				},
				{
					"name": "bunch18",
					"parent": "hair",
					"pivot": [-3, 26, 2],
					"rotation": [9.63926, 6.50711, 40.12772]
				},
				{
					"name": "bunch19",
					"parent": "hair",
					"pivot": [-3, 28, 1],
					"rotation": [8.07328, 22.85932, 32.30138],
					"cubes": [
						{
							"origin": [-5.8, 27.1, 0.1],
							"size": [2.8, 1.8, 1.8],
							"uv": {
								"north": {"uv": [0, 0], "uv_size": [1, 1]},
								"east": {"uv": [0, 0], "uv_size": [1, 1]},
								"south": {"uv": [0, 0], "uv_size": [1, 1]},
								"west": {"uv": [0, 0], "uv_size": [1, 1]},
								"up": {"uv": [1, 1], "uv_size": [-1, -1]},
								"down": {"uv": [1, 1], "uv_size": [-1, -1]}
							}
						}
					]
				},
				{
					"name": "bunch20",
					"parent": "hair",
					"pivot": [-3, 29, 0],
					"rotation": [9.77243, 11.43563, 40.98084]
				},
				{
					"name": "bunch21",
					"parent": "hair",
					"pivot": [2, 31, -1],
					"rotation": [-7.06209, -6.93696, 3.76782],
					"cubes": [
						{
							"origin": [1.2, 36.24077, -0.86999],
							"size": [1.6, 2.4, 1.6],
							"pivot": [2, 36.24077, -1.06999],
							"rotation": [-30, 0, 0],
							"uv": {
								"north": {"uv": [0, 0], "uv_size": [1, 1]},
								"east": {"uv": [0, 0], "uv_size": [1, 1]},
								"south": {"uv": [0, 0], "uv_size": [1, 1]},
								"west": {"uv": [0, 0], "uv_size": [1, 1]},
								"up": {"uv": [1, 1], "uv_size": [-1, -1]},
								"down": {"uv": [1, 1], "uv_size": [-1, -1]}
							}
						}
					]
				},
				{
					"name": "bunch22",
					"parent": "hair",
					"pivot": [3, 28, -2],
					"rotation": [-12.26105, -10.11612, -43.59796]
				},
				{
					"name": "bunch23",
					"parent": "hair",
					"pivot": [3, 26, 0],
					"rotation": [-12.21473, 0.08401, -43.69387]
				},
				{
					"name": "bunch24",
					"parent": "hair",
					"pivot": [3, 29, 0],
					"rotation": [9.77243, -11.43563, -40.98084]
				},
				{
					"name": "bunch25",
					"parent": "hair",
					"pivot": [3, 26, 2],
					"rotation": [9.68377, -6.70371, -40.15562]
				},
				{
					"name": "bunch26",
					"parent": "hair",
					"pivot": [3, 28, 1],
					"rotation": [8.23186, -25.33407, -32.68972]
				},
				{
					"name": "bunch27",
					"parent": "hair",
					"pivot": [3, 30, -3],
					"rotation": [3.27861, -12.23832, -25.186]
				},
				{
					"name": "bunch28",
					"parent": "hair",
					"pivot": [2, 26, 2.8],
					"rotation": [41.5985, 7.92539, 21.2597]
				},
				{
					"name": "bunch29",
					"parent": "hair",
					"pivot": [1, 28, 2.8],
					"rotation": [25.82159, 13.27207, 7.05308]
				},
				{
					"name": "bunch30",
					"parent": "hair",
					"pivot": [1, 26, 2.8],
					"rotation": [34.79887, 3.45533, -6.66067]
				},
				{
					"name": "bunch31",
					"parent": "hair",
					"pivot": [-2, 26, 2.8],
					"rotation": [37.4182, -6.15596, -16.67118]
				},
				{
					"name": "bunch32",
					"parent": "hair",
					"pivot": [-1, 28, 2.8],
					"rotation": [28.9854, -17.66046, -9.54013]
				},
				{
					"name": "bunch33",
					"parent": "hair",
					"pivot": [1, 32, 1],
					"rotation": [-17.49569, -0.41646, 2.67519],
					"cubes": [
						{
							"origin": [0, 32, 0],
							"size": [2, 3, 2],
							"uv": {
								"north": {"uv": [0, 0], "uv_size": [1, 1]},
								"east": {"uv": [0, 0], "uv_size": [1, 1]},
								"south": {"uv": [0, 0], "uv_size": [1, 1]},
								"west": {"uv": [0, 0], "uv_size": [1, 1]},
								"up": {"uv": [1, 1], "uv_size": [-1, -1]},
								"down": {"uv": [1, 1], "uv_size": [-1, -1]}
							}
						}
					]
				},
				{
					"name": "bunch34",
					"parent": "hair",
					"pivot": [-1, 32, 1],
					"rotation": [-24.8914, -1.71144, -2.16986]
				},
				{
					"name": "bunch35",
					"parent": "hair",
					"pivot": [3, 31, 0],
					"rotation": [-14.44623, 3.98963, 14.31603]
				},
				{
					"name": "bunch36",
					"parent": "hair",
					"pivot": [2, 31, 2],
					"rotation": [-21.93002, -5.15825, -8.90759]
				},
				{
					"name": "bunch37",
					"parent": "hair",
					"pivot": [-1, 31, 2],
					"rotation": [-27.38499, 2.32611, 1.94731],
					"cubes": [
						{
							"origin": [-2, 31, 1],
							"size": [2, 3, 2],
							"uv": {
								"north": {"uv": [0, 0], "uv_size": [1, 1]},
								"east": {"uv": [0, 0], "uv_size": [1, 1]},
								"south": {"uv": [0, 0], "uv_size": [1, 1]},
								"west": {"uv": [0, 0], "uv_size": [1, 1]},
								"up": {"uv": [1, 1], "uv_size": [-1, -1]},
								"down": {"uv": [1, 1], "uv_size": [-1, -1]}
							}
						}
					]
				},
				{
					"name": "bunch38",
					"parent": "hair",
					"pivot": [-3, 31, 0],
					"rotation": [-16.79107, -5.12829, -21.93964]
				},
				{
					"name": "bunch39",
					"parent": "hair",
					"pivot": [-3, 26, 3],
					"rotation": [21.57443, 30.65831, 39.62248]
				},
				{
					"name": "bunch40",
					"parent": "hair",
					"pivot": [-3, 28, 3],
					"rotation": [38.2742, 23.15979, 54.14317]
				},
				{
					"name": "bunch41",
					"parent": "hair",
					"pivot": [-3, 31, 2],
					"rotation": [-21.17919, 14.17877, -12.49678],
					"cubes": [
						{
							"origin": [-4, 31, 1],
							"size": [2, 3, 2],
							"uv": {
								"north": {"uv": [0, 0], "uv_size": [1, 1]},
								"east": {"uv": [0, 0], "uv_size": [1, 1]},
								"south": {"uv": [0, 0], "uv_size": [1, 1]},
								"west": {"uv": [0, 0], "uv_size": [1, 1]},
								"up": {"uv": [1, 1], "uv_size": [-1, -1]},
								"down": {"uv": [1, 1], "uv_size": [-1, -1]}
							}
						}
					]
				},
				{
					"name": "bunch42",
					"parent": "hair",
					"pivot": [3, 26, 3],
					"rotation": [15.41849, -27.66284, -47.49947],
					"cubes": [
						{
							"origin": [5.8, 25.19, 2.19],
							"size": [1.62, 1.62, 1.62],
							"pivot": [5.8, 25, 3],
							"rotation": [0, 0, -25],
							"uv": {
								"north": {"uv": [0, 0], "uv_size": [1, 1]},
								"east": {"uv": [0, 0], "uv_size": [1, 1]},
								"south": {"uv": [0, 0], "uv_size": [1, 1]},
								"west": {"uv": [0, 0], "uv_size": [1, 1]},
								"up": {"uv": [1, 1], "uv_size": [-1, -1]},
								"down": {"uv": [1, 1], "uv_size": [-1, -1]}
							}
						}
					]
				},
				{
					"name": "bunch43",
					"parent": "hair",
					"pivot": [3, 28, 3],
					"rotation": [39.74973, -27.04616, -57.6183]
				},
				{
					"name": "bunch44",
					"parent": "hair",
					"pivot": [3, 31, 2],
					"rotation": [-21.17919, -14.17877, 12.49678]
				},
				{
					"name": "bunch45",
					"parent": "hair",
					"pivot": [0, 29, 3],
					"rotation": [-42.20988, -0.37653, -3.12115]
				},
				{
					"name": "bunch46",
					"parent": "hair",
					"pivot": [-1, 26, 3],
					"rotation": [-42.1255, 2.60001, 1.14243]
				},
				{
					"name": "bunch47",
					"parent": "hair",
					"pivot": [2, 30, 3],
					"rotation": [-42.00167, 4.65619, 2.44526],
					"cubes": [
						{
							"origin": [1, 30, 2],
							"size": [2, 3, 2],
							"uv": {
								"north": {"uv": [0, 0], "uv_size": [1, 1]},
								"east": {"uv": [0, 0], "uv_size": [1, 1]},
								"south": {"uv": [0, 0], "uv_size": [1, 1]},
								"west": {"uv": [0, 0], "uv_size": [1, 1]},
								"up": {"uv": [1, 1], "uv_size": [-1, -1]},
								"down": {"uv": [1, 1], "uv_size": [-1, -1]}
							}
						}
					]
				},
				{
					"name": "bunch48",
					"parent": "hair",
					"pivot": [-2, 30, 3],
					"rotation": [-41.58836, -7.98973, -6.19522]
				},
				{
					"name": "cape",
					"parent": "body",
					"pivot": [0, 24, 3]
				},
				{
					"name": "leftArm",
					"parent": "body",
					"pivot": [5, 22, 0],
					"cubes": [
						{
							"origin": [4, 18, -2],
							"size": [4, 6, 4],
							"uv": {
								"north": {"uv": [36, 52], "uv_size": [4, 6]},
								"east": {"uv": [32, 52], "uv_size": [4, 6]},
								"south": {"uv": [44, 52], "uv_size": [4, 6]},
								"west": {"uv": [40, 52], "uv_size": [4, 6]},
								"up": {"uv": [36, 48], "uv_size": [4, 4]}
							}
						}
					]
				},
				{
					"name": "leftSleeve",
					"parent": "leftArm",
					"pivot": [5, 22, 0]
				},
				{
					"name": "leftForearm",
					"parent": "leftArm",
					"pivot": [6, 18, 2],
					"cubes": [
						{
							"origin": [4, 12, -2],
							"size": [4, 6, 4],
							"uv": {
								"north": {"uv": [36, 58], "uv_size": [4, 6]},
								"east": {"uv": [32, 58], "uv_size": [4, 6]},
								"south": {"uv": [44, 58], "uv_size": [4, 6]},
								"west": {"uv": [40, 58], "uv_size": [4, 6]},
								"down": {"uv": [40, 52], "uv_size": [4, -4]}
							}
						}
					]
				},
				{
					"name": "leftSleeve2",
					"parent": "leftForearm",
					"pivot": [6, 18, 2]
				},
				{
					"name": "rightArm",
					"parent": "body",
					"pivot": [-5, 22, 0],
					"cubes": [
						{
							"origin": [-8, 18, -2],
							"size": [4, 6, 4],
							"uv": {
								"north": {"uv": [44, 20], "uv_size": [4, 6]},
								"east": {"uv": [40, 20], "uv_size": [4, 6]},
								"south": {"uv": [52, 20], "uv_size": [4, 6]},
								"west": {"uv": [48, 20], "uv_size": [4, 6]},
								"up": {"uv": [44, 16], "uv_size": [4, 4]}
							}
						}
					]
				},
				{
					"name": "rightSleeve",
					"parent": "rightArm",
					"pivot": [-5, 22, 0]
				},
				{
					"name": "rightForearm",
					"parent": "rightArm",
					"pivot": [-6, 18, 2],
					"cubes": [
						{
							"origin": [-8, 12, -2],
							"size": [4, 6, 4],
							"uv": {
								"north": {"uv": [44, 26], "uv_size": [4, 6]},
								"east": {"uv": [40, 26], "uv_size": [4, 6]},
								"south": {"uv": [52, 26], "uv_size": [4, 6]},
								"west": {"uv": [48, 26], "uv_size": [4, 6]},
								"down": {"uv": [48, 20], "uv_size": [4, -4]}
							}
						}
					]
				},
				{
					"name": "rightItem",
					"parent": "rightForearm",
					"pivot": [-6, 15, 1],
					"locators": {
						"lead_hold": [-6, 15, 1]
					}
				},
				{
					"name": "rightSleeve2",
					"parent": "rightForearm",
					"pivot": [-6, 18, 2]
				},
				{
					"name": "jacket",
					"parent": "body",
					"pivot": [0, 24, 0]
				},
				{
					"name": "leftLeg",
					"parent": "root",
					"pivot": [1.9, 12, 0],
					"cubes": [
						{
							"origin": [-0.1, 6, -2],
							"size": [4, 6, 4],
							"uv": {
								"north": {"uv": [20, 52], "uv_size": [4, 6]},
								"east": {"uv": [16, 52], "uv_size": [4, 6]},
								"south": {"uv": [28, 52], "uv_size": [4, 6]},
								"west": {"uv": [24, 52], "uv_size": [4, 6]},
								"up": {"uv": [20, 48], "uv_size": [4, 4]}
							}
						}
					]
				},
				{
					"name": "leftPants",
					"parent": "leftLeg",
					"pivot": [1.9, 12, 0]
				},
				{
					"name": "leftLeg2",
					"parent": "leftLeg",
					"pivot": [1.9, 6, -2],
					"cubes": [
						{
							"origin": [-0.1, 0, -2],
							"size": [4, 6, 4],
							"uv": {
								"north": {"uv": [20, 58], "uv_size": [4, 6]},
								"east": {"uv": [16, 58], "uv_size": [4, 6]},
								"south": {"uv": [28, 58], "uv_size": [4, 6]},
								"west": {"uv": [24, 58], "uv_size": [4, 6]},
								"down": {"uv": [24, 52], "uv_size": [4, -4]}
							}
						}
					]
				},
				{
					"name": "leftPants2",
					"parent": "leftLeg2",
					"pivot": [1.9, 6, -2]
				},
				{
					"name": "rightLeg",
					"parent": "root",
					"pivot": [-1.9, 12, 0],
					"cubes": [
						{
							"origin": [-3.9, 6, -2],
							"size": [4, 6, 4],
							"uv": {
								"north": {"uv": [4, 20], "uv_size": [4, 6]},
								"east": {"uv": [0, 20], "uv_size": [4, 6]},
								"south": {"uv": [12, 20], "uv_size": [4, 6]},
								"west": {"uv": [8, 20], "uv_size": [4, 6]},
								"up": {"uv": [4, 16], "uv_size": [4, 4]}
							}
						}
					]
				},
				{
					"name": "rightPants",
					"parent": "rightLeg",
					"pivot": [-1.9, 12, 0]
				},
				{
					"name": "rightLeg2",
					"parent": "rightLeg",
					"pivot": [-1.9, 6, -2],
					"cubes": [
						{
							"origin": [-3.9, 0, -2],
							"size": [4, 6, 4],
							"uv": {
								"north": {"uv": [4, 26], "uv_size": [4, 6]},
								"east": {"uv": [0, 26], "uv_size": [4, 6]},
								"south": {"uv": [12, 26], "uv_size": [4, 6]},
								"west": {"uv": [8, 26], "uv_size": [4, 6]},
								"down": {"uv": [8, 20], "uv_size": [4, -4]}
							}
						}
					]
				},
				{
					"name": "rightPants2",
					"parent": "rightLeg2",
					"pivot": [-1.9, 6, -2]
				}
			]
		}
	]
}