{
	"format_version": "1.12.0",
	"minecraft:geometry": [
		{
			"description": {
				"identifier": "geometry.shisami",
				"texture_width": 128,
				"texture_height": 128,
				"visible_bounds_width": 6,
				"visible_bounds_height": 4,
				"visible_bounds_offset": [0, 2, 0]
			},
			"bones": [
				{
					"name": "root",
					"pivot": [0, 0, 0]
				},
				{
					"name": "leftLeg",
					"parent": "root",
					"pivot": [1.9, 12, 0],
					"cubes": [
						{"origin": [0.3, 2, -2.1], "size": [4.7, 4, 4.2], "uv": [54, 23]},
						{"origin": [0.4, 0, -2], "size": [4.5, 12, 4], "uv": [42, 30]},
						{"origin": [0.2, 0, -2.2], "size": [4.9, 2, 1.4], "uv": [54, 31]}
					]
				},
				{
					"name": "rightLeg",
					"parent": "root",
					"pivot": [-1.9, 12, 0],
					"cubes": [
						{"origin": [-5.1, 2, -2.1], "size": [4.7, 4, 4.2], "uv": [24, 53]},
						{"origin": [-5, 0, -2], "size": [4.5, 12, 4], "uv": [0, 35]},
						{"origin": [-5.2, 0, -2.2], "size": [4.9, 2, 1.4], "uv": [16, 45]}
					]
				},
				{
					"name": "waist",
					"parent": "root",
					"pivot": [0, 12, 0]
				},
				{
					"name": "body",
					"parent": "waist",
					"pivot": [0, 24, 0],
					"cubes": [
						{"origin": [-5, 16, -2.2], "size": [10, 11, 4.4], "uv": [28, 0]},
						{"origin": [-6.2, 11, -2.2], "size": [3.2, 5, 4.4], "pivot": [0, 0, 0], "rotation": [0, 0, 5], "uv": [54, 54]},
						{"origin": [3, 11, -2.2], "size": [3.2, 5, 4.4], "pivot": [0, 0, 0], "rotation": [0, 0, -5], "uv": [40, 54]},
						{"origin": [-5, 12, -2], "size": [10, 15, 4], "uv": [0, 0]}
					]
				},
				{
					"name": "head",
					"parent": "body",
					"pivot": [0, 24, 0],
					"cubes": [
						{"origin": [-3.5, 27, -4], "size": [7, 8, 8], "uv": [0, 19]},
						{"origin": [-0.5, 30, -4.2], "size": [1, 2, 1], "uv": [0, 0]},
						{"origin": [-9.4, 30.8, -4.4], "size": [2.2, 1, 1], "pivot": [0, 0, 0], "rotation": [0, 0, 12.5], "uv": [22, 23]},
						{"origin": [7.2, 30.8, -4.4], "size": [2.2, 1, 1], "pivot": [0, 0, 0], "rotation": [0, 0, -12.5], "uv": [0, 23]},
						{"origin": [9, 28, -1], "size": [5, 3, 0], "pivot": [0, 0, 0], "rotation": [0, 0, -12.5], "uv": [16, 42]},
						{"origin": [-14, 28, -1], "size": [5, 3, 0], "pivot": [0, 0, 0], "rotation": [0, 0, 12.5], "uv": [16, 39]}
					]
				},
				{
					"name": "bone",
					"parent": "head",
					"pivot": [0, 0, 0],
					"cubes": [
						{"origin": [-22, 27, -1], "size": [4, 2, 2], "pivot": [0, 0, 0], "rotation": [-10.82777, -19.84302, 29.39942], "uv": [56, 4]},
						{"origin": [33.1, -11.8, -1], "size": [4.3, 2, 2], "pivot": [0, 0, 0], "rotation": [20.17393, 10.17781, -115.68482], "uv": [52, 0]},
						{"origin": [33.3, 15.3, -4.7], "size": [2.3, 2, 2], "pivot": [0, 0, 0], "rotation": [38.58246, -15.82981, -84.98717], "uv": [22, 19]},
						{"origin": [33.6, 17.3, -4.5], "size": [1.7, 1.6, 1.6], "pivot": [0, 0, 0], "rotation": [38.58246, -15.82981, -84.98717], "uv": [24, 2]}
					]
				},
				{
					"name": "bone2",
					"parent": "bone",
					"pivot": [1, 0, 0],
					"cubes": [
						{"origin": [18, 27.5, -1.5], "size": [4, 2, 2], "pivot": [1, 0, 0], "rotation": [-10.82777, 19.84302, -29.39942], "uv": [46, 23]},
						{"origin": [-36, -12.8, -1.5], "size": [4, 2, 2], "pivot": [1, 0, 0], "rotation": [20.17393, -10.17781, 115.68482], "uv": [12, 35]},
						{"origin": [-34.8, 14.4, -5.5], "size": [2, 2, 2], "pivot": [1, 0, 0], "rotation": [38.58246, 15.82981, 84.98717], "uv": [0, 19]},
						{"origin": [-34.6, 16.4, -5.3], "size": [1.6, 1.6, 1.6], "pivot": [1, 0, 0], "rotation": [38.58246, 15.82981, 84.98717], "uv": [24, 0]}
					]
				},
				{
					"name": "headExtension",
					"parent": "head",
					"pivot": [0, 24, 0]
				},
				{
					"name": "horns",
					"parent": "head",
					"pivot": [0, 24, 0]
				},
				{
					"name": "horns2",
					"parent": "horns",
					"pivot": [0, 24, 0]
				},
				{
					"name": "leftEar",
					"parent": "head",
					"pivot": [4, 27.5, -1]
				},
				{
					"name": "rightEar",
					"parent": "head",
					"pivot": [-4, 27.5, -1]
				},
				{
					"name": "leftArm",
					"parent": "body",
					"pivot": [5, 22, 0],
					"cubes": [
						{"origin": [5, 12, -2], "size": [4, 15, 4], "uv": [26, 34]},
						{"origin": [4.9, 14, -2.1], "size": [4.2, 4.2, 4.2], "uv": [0, 53]},
						{"origin": [8, 22.2, -2.2], "size": [6, 4, 4.4], "pivot": [0, 0, 0], "rotation": [0, 0, -7.5], "uv": [42, 46]}
					]
				},
				{
					"name": "leftJamb",
					"parent": "leftArm",
					"pivot": [5, 22, 0]
				},
				{
					"name": "rightArm",
					"parent": "body",
					"pivot": [-5, 22, 0],
					"cubes": [
						{"origin": [-9.1, 14, -2.1], "size": [4.2, 4.2, 4.2], "uv": [12, 49]},
						{"origin": [-9, 12, -2], "size": [4, 15, 4], "uv": [30, 15]},
						{"origin": [-14, 22.2, -2.2], "size": [6, 4, 4.4], "pivot": [0, 0, 0], "rotation": [0, 0, 7.5], "uv": [46, 15]}
					]
				},
				{
					"name": "rightJamb",
					"parent": "rightArm",
					"pivot": [-5, 22, 0]
				},
				{
					"name": "tail",
					"parent": "body",
					"pivot": [0, 15, 2]
				},
				{
					"name": "tail2",
					"parent": "tail",
					"pivot": [0, 13, 8]
				},
				{
					"name": "tail3",
					"parent": "tail2",
					"pivot": [0, 13, 14]
				},
				{
					"name": "tail4",
					"parent": "tail3",
					"pivot": [0, 13, 20]
				},
				{
					"name": "tail5",
					"parent": "tail4",
					"pivot": [0, 15, 26]
				},
				{
					"name": "tail6",
					"parent": "tail5",
					"pivot": [0, 15, 32]
				}
			]
		}
	]
}