{
	"format_version": "1.12.0",
	"minecraft:geometry": [
		{
			"description": {
				"identifier": "geometry.super_buu_gotenks",
				"texture_width": 64,
				"texture_height": 64,
				"visible_bounds_width": 5,
				"visible_bounds_height": 3.5,
				"visible_bounds_offset": [0, 1.25, 0]
			},
			"bones": [
				{
					"name": "bb_main",
					"pivot": [0, 0, 0]
				},
				{
					"name": "Head",
					"pivot": [0, 24, 0],
					"cubes": [
						{"origin": [-4, 24, -4], "size": [8, 8, 8], "uv": [0, 0]},
						{"origin": [-2, 31, -3], "size": [4, 4, 4], "pivot": [0, 32, -2], "rotation": [-45, 0, 0], "uv": [32, 32]},
						{"origin": [-0.6132, 28.0739, 14.5588], "size": [2, 9, 2], "pivot": [0, 28, 16], "rotation": [-161.7721, 1.8097, 0.5871], "uv": [32, 32]},
						{"origin": [-0.6107, 18.5872, 17.5946], "size": [2, 9, 2], "pivot": [0, 19, 19], "rotation": [-176.7721, 1.8097, 0.5871], "uv": [32, 32]},
						{"origin": [-2, 33.901, -1], "size": [4, 3, 3], "pivot": [0, 34, 0], "rotation": [-64.31773, 1.36357, 0.06784], "uv": [40, 16]},
						{"origin": [-0.92624, 35.31289, 2.56], "size": [2, 4, 2], "pivot": [0, 36, 3], "rotation": [-79.31773, 1.36357, 0.06784], "uv": [0, 0]},
						{"origin": [-0.76257, 34.613, 7.7622], "size": [2, 6, 2], "pivot": [0, 35, 9], "rotation": [-121.7721, 1.80967, 0.58711], "uv": [24, 0]},
						{"origin": [-0.62516, 33.38287, 13.7446], "size": [2, 5, 2], "pivot": [0, 33, 14], "rotation": [-146.7721, 1.80967, 0.58711], "uv": [24, 0]},
						{"origin": [4, 26, -3], "size": [1, 3, 2], "uv": [32, 40]},
						{"origin": [-0.84707, 36.0661, 5.00333], "size": [2, 3, 2], "pivot": [0, 36, 6], "rotation": [-101.7721, 1.80967, 0.58711], "uv": [40, 22]},
						{"origin": [-5, 26, -3], "size": [1, 3, 2], "uv": [40, 27]}
					]
				},
				{
					"name": "Body",
					"pivot": [0, 12, 0],
					"cubes": [
						{"origin": [-4, 12, -2], "size": [8, 12, 4], "uv": [0, 16]},
						{"origin": [-2, 21, -3], "size": [1, 4, 4], "uv": [48, 48]},
						{"origin": [4, 20, -3], "size": [1, 5, 6], "uv": [2, 49]},
						{"origin": [-5, 20, -3], "size": [1, 5, 6], "uv": [19, 51]},
						{"origin": [1, 21, -3], "size": [1, 4, 4], "uv": [51, 24]},
						{"origin": [-4, 12, -2], "size": [8, 12, 4], "uv": [0, 16]}
					]
				},
				{
					"name": "Body2",
					"parent": "Body",
					"pivot": [0, 24, 0]
				},
				{
					"name": "RightArm",
					"pivot": [-5, 22, 0],
					"cubes": [
						{"origin": [-8, 12, -2], "size": [4, 12, 4], "uv": [16, 32]}
					]
				},
				{
					"name": "LeftArm",
					"pivot": [5, 22, 0],
					"cubes": [
						{"origin": [4, 12, -2], "size": [4, 12, 4], "uv": [32, 0]}
					]
				},
				{
					"name": "RightLeg",
					"pivot": [-1.9, 12, 0],
					"cubes": [
						{"origin": [-3.9, 0, -2], "size": [4, 12, 4], "uv": [0, 32]}
					]
				},
				{
					"name": "LeftLeg",
					"pivot": [1.9, 12, 0],
					"cubes": [
						{"origin": [-0.1, 0, -2], "size": [4, 12, 4], "uv": [24, 16]}
					]
				}
			]
		}
	]
}