{
	"format_version": "1.12.0",
	"minecraft:geometry": [
		{
			"description": {
				"identifier": "geometry.zamas_fusao",
				"texture_width": 128,
				"texture_height": 128,
				"visible_bounds_width": 4,
				"visible_bounds_height": 5,
				"visible_bounds_offset": [0, 1.5, 0]
			},
			"bones": [
				{
					"name": "root",
					"pivot": [0, 3, 0]
				},
				{
					"name": "waist",
					"parent": "root",
					"pivot": [0, 15, 0]
				},
				{
					"name": "body",
					"parent": "waist",
					"pivot": [0, 27, 0],
					"cubes": [
						{
							"origin": [1, 7, -2.9],
							"size": [6, 8, 5],
							"pivot": [0, 3, 0],
							"rotation": [0, 0, -10],
							"uv": {
								"north": {"uv": [48, 45], "uv_size": [6, 8]},
								"east": {"uv": [54, 48], "uv_size": [5, 8]},
								"south": {"uv": [52, 0], "uv_size": [6, 8]},
								"west": {"uv": [40, 56], "uv_size": [5, 8]},
								"up": {"uv": [64, 13], "uv_size": [6, 5]},
								"down": {"uv": [17, 69], "uv_size": [6, -5]}
							}
						},
						{
							"origin": [-7, 7, -2.9],
							"size": [6, 8, 5],
							"pivot": [0, 3, 0],
							"rotation": [0, 0, 7.5],
							"uv": {
								"north": {"uv": [52, 8], "uv_size": [6, 8]},
								"east": {"uv": [54, 56], "uv_size": [5, 8]},
								"south": {"uv": [52, 16], "uv_size": [6, 8]},
								"west": {"uv": [0, 58], "uv_size": [5, 8]},
								"up": {"uv": [64, 18], "uv_size": [6, 5]},
								"down": {"uv": [23, 69], "uv_size": [6, -5]}
							}
						},
						{
							"origin": [-4.5, 19, -3],
							"size": [9, 8.5, 1],
							"uv": {
								"north": {"uv": [0, 26], "uv_size": [9, 9]},
								"east": {"uv": [6, 67], "uv_size": [1, 9]},
								"south": {"uv": [9, 26], "uv_size": [9, 9]},
								"west": {"uv": [7, 67], "uv_size": [1, 9]},
								"up": {"uv": [67, 12], "uv_size": [9, 1]},
								"down": {"uv": [68, 46], "uv_size": [9, -1]}
							}
						},
						{
							"origin": [-4.5, 19, -2],
							"size": [9, 8.5, 4],
							"uv": {
								"north": {"uv": [18, 26], "uv_size": [9, 9]},
								"east": {"uv": [58, 0], "uv_size": [4, 9]},
								"south": {"uv": [27, 26], "uv_size": [9, 9]},
								"west": {"uv": [5, 58], "uv_size": [4, 9]},
								"up": {"uv": [9, 58], "uv_size": [9, 4]},
								"down": {"uv": [58, 13], "uv_size": [9, -4]}
							}
						},
						{
							"origin": [-12.5, 24, 10],
							"size": [24, 25.5, 0],
							"uv": {
								"north": {"uv": [0, 0], "uv_size": [24, 26]},
								"east": {"uv": [0, 0], "uv_size": [0, 26]},
								"south": {"uv": [24, 0], "uv_size": [24, 26]},
								"west": {"uv": [0, 0], "uv_size": [0, 26]},
								"up": {"uv": [0, 0], "uv_size": [24, 0]},
								"down": {"uv": [0, 0], "uv_size": [24, 0]}
							}
						},
						{
							"origin": [-4, 15, -2.4],
							"size": [8, 4, 4],
							"uv": {
								"north": {"uv": [60, 43], "uv_size": [8, 4]},
								"east": {"uv": [40, 49], "uv_size": [4, 4]},
								"south": {"uv": [62, 0], "uv_size": [8, 4]},
								"west": {"uv": [36, 58], "uv_size": [4, 4]},
								"up": {"uv": [62, 4], "uv_size": [8, 4]},
								"down": {"uv": [9, 66], "uv_size": [8, -4]}
							}
						},
						{
							"origin": [-3.5, 15, -2.6],
							"size": [7, 1, 1],
							"uv": {
								"north": {"uv": [68, 46], "uv_size": [7, 1]},
								"east": {"uv": [39, 34], "uv_size": [1, 1]},
								"south": {"uv": [71, 23], "uv_size": [7, 1]},
								"west": {"uv": [53, 63], "uv_size": [1, 1]},
								"up": {"uv": [71, 24], "uv_size": [7, 1]},
								"down": {"uv": [71, 26], "uv_size": [7, -1]}
							}
						}
					]
				},
				{
					"name": "head",
					"parent": "body",
					"pivot": [0, 27, 0],
					"cubes": [
						{
							"origin": [4, 28.5, -2],
							"size": [1, 1, 1],
							"uv": {
								"north": {"uv": [64, 66], "uv_size": [1, 1]},
								"east": {"uv": [8, 69], "uv_size": [1, 1]},
								"south": {"uv": [50, 71], "uv_size": [1, 1]},
								"west": {"uv": [11, 72], "uv_size": [1, 1]},
								"up": {"uv": [14, 72], "uv_size": [1, 1]},
								"down": {"uv": [54, 73], "uv_size": [1, -1]}
							}
						},
						{
							"origin": [-5, 28.5, -2],
							"size": [1, 1, 1],
							"uv": {
								"north": {"uv": [79, 20], "uv_size": [1, 1]},
								"east": {"uv": [48, 79], "uv_size": [1, 1]},
								"south": {"uv": [79, 52], "uv_size": [1, 1]},
								"west": {"uv": [57, 79], "uv_size": [1, 1]},
								"up": {"uv": [79, 65], "uv_size": [1, 1]},
								"down": {"uv": [80, 6], "uv_size": [1, -1]}
							}
						},
						{
							"origin": [-4, 27, -4],
							"size": [8, 8, 8],
							"uv": {
								"north": {"uv": [0, 35], "uv_size": [8, 8]},
								"east": {"uv": [8, 35], "uv_size": [8, 8]},
								"south": {"uv": [16, 35], "uv_size": [8, 8]},
								"west": {"uv": [24, 35], "uv_size": [8, 8]},
								"up": {"uv": [32, 35], "uv_size": [8, 8]},
								"down": {"uv": [36, 34], "uv_size": [8, -8]}
							}
						},
						{
							"origin": [-7.4, 30.4, -4.1],
							"size": [3, 1, 1],
							"pivot": [0, 3, 0],
							"rotation": [0, 0, 7.5],
							"uv": {
								"north": {"uv": [36, 34], "uv_size": [3, 1]},
								"east": {"uv": [37, 74], "uv_size": [1, 1]},
								"south": {"uv": [45, 60], "uv_size": [3, 1]},
								"west": {"uv": [75, 34], "uv_size": [1, 1]},
								"up": {"uv": [60, 47], "uv_size": [3, 1]},
								"down": {"uv": [62, 9], "uv_size": [3, -1]}
							}
						},
						{
							"origin": [4.4, 30.4, -4.1],
							"size": [3, 1, 1],
							"pivot": [0, 3, 0],
							"rotation": [0, 0, -7.5],
							"uv": {
								"north": {"uv": [0, 66], "uv_size": [3, 1]},
								"east": {"uv": [76, 12], "uv_size": [1, 1]},
								"south": {"uv": [55, 68], "uv_size": [3, 1]},
								"west": {"uv": [34, 76], "uv_size": [1, 1]},
								"up": {"uv": [72, 44], "uv_size": [3, 1]},
								"down": {"uv": [87, 35], "uv_size": [3, -1]}
							}
						},
						{
							"origin": [4, 29, -3],
							"size": [4, 4, 0],
							"pivot": [0, 3, 0],
							"rotation": [0, -12.5, -2.5],
							"uv": {
								"north": {"uv": [67, 8], "uv_size": [4, 4]},
								"east": {"uv": [0, 0], "uv_size": [0, 4]},
								"south": {"uv": [43, 67], "uv_size": [4, 4]},
								"west": {"uv": [0, 0], "uv_size": [0, 4]},
								"up": {"uv": [0, 0], "uv_size": [4, 0]},
								"down": {"uv": [0, 0], "uv_size": [4, 0]}
							}
						},
						{
							"origin": [-8, 29, -3],
							"size": [4, 4, 0],
							"pivot": [0, 3, 0],
							"rotation": [0, 12.5, 2.5],
							"uv": {
								"north": {"uv": [47, 67], "uv_size": [4, 4]},
								"east": {"uv": [0, 0], "uv_size": [0, 4]},
								"south": {"uv": [64, 67], "uv_size": [4, 4]},
								"west": {"uv": [0, 0], "uv_size": [0, 4]},
								"up": {"uv": [0, 0], "uv_size": [4, 0]},
								"down": {"uv": [0, 0], "uv_size": [4, 0]}
							}
						},
						{"origin": [-4.25, 29.5, -2], "size": [0, 1, 1], "pivot": [-4.25, 29.5, -1.5], "rotation": [0, 0, 15], "uv": [0, 2]},
						{"origin": [4.25, 29.5, -2], "size": [0, 1, 1], "pivot": [4.25, 29.5, -1.5], "rotation": [0, 0, -15], "uv": [0, 2], "mirror": true}
					]
				},
				{
					"name": "hat",
					"parent": "head",
					"pivot": [0, 27, 0]
				},
				{
					"name": "hair",
					"parent": "hat",
					"pivot": [0, 22, 0]
				},
				{
					"name": "bunch",
					"parent": "hair",
					"pivot": [-3, 28, -4],
					"rotation": [17.89807, 11.91276, 3.81397],
					"cubes": [
						{
							"origin": [-4.39051, 33.7223, -2.23853],
							"size": [2, 3, 2],
							"uv": {
								"north": {"uv": [58, 37], "uv_size": [2, 3]},
								"east": {"uv": [51, 61], "uv_size": [2, 3]},
								"south": {"uv": [43, 64], "uv_size": [2, 3]},
								"west": {"uv": [15, 66], "uv_size": [2, 3]},
								"up": {"uv": [64, 35], "uv_size": [2, 2]},
								"down": {"uv": [66, 43], "uv_size": [2, -2]}
							}
						},
						{
							"origin": [-4.29051, 36.69777, -5.73927],
							"size": [1.8, 1.7, 1.8],
							"pivot": [-3, 31, -4],
							"rotation": [-35, 0, 0],
							"uv": {
								"north": {"uv": [78, 53], "uv_size": [2, 2]},
								"east": {"uv": [79, 18], "uv_size": [2, 2]},
								"south": {"uv": [20, 79], "uv_size": [2, 2]},
								"west": {"uv": [22, 79], "uv_size": [2, 2]},
								"up": {"uv": [30, 79], "uv_size": [2, 2]},
								"down": {"uv": [32, 81], "uv_size": [2, -2]}
							}
						},
						{
							"origin": [-4.29051, 37.57355, -5.93945],
							"size": [1.8, 1.7, 1.8],
							"pivot": [-3, 32.40893, -3.01056],
							"rotation": [-47.5, 0, 0],
							"uv": {
								"north": {"uv": [79, 34], "uv_size": [2, 2]},
								"east": {"uv": [79, 36], "uv_size": [2, 2]},
								"south": {"uv": [42, 79], "uv_size": [2, 2]},
								"west": {"uv": [79, 44], "uv_size": [2, 2]},
								"up": {"uv": [46, 79], "uv_size": [2, 2]},
								"down": {"uv": [79, 48], "uv_size": [2, -2]}
							}
						}
					]
				},
				{
					"name": "bunch2",
					"parent": "hair",
					"pivot": [-1, 28, -3],
					"rotation": [29.91615, -1.29876, 7.38733],
					"cubes": [
						{
							"origin": [-2.77126, 33.14865, -1.01729],
							"size": [2, 2, 2],
							"uv": {
								"north": {"uv": [79, 48], "uv_size": [2, 2]},
								"east": {"uv": [79, 50], "uv_size": [2, 2]},
								"south": {"uv": [53, 79], "uv_size": [2, 2]},
								"west": {"uv": [55, 79], "uv_size": [2, 2]},
								"up": {"uv": [79, 63], "uv_size": [2, 2]},
								"down": {"uv": [66, 81], "uv_size": [2, -2]}
							}
						},
						{
							"origin": [-2.67126, 35.94417, -3.63169],
							"size": [1.8, 2.8, 1.8],
							"pivot": [-1, 30, -4],
							"rotation": [-27.5, 0, 0],
							"uv": {
								"north": {"uv": [12, 70], "uv_size": [2, 3]},
								"east": {"uv": [71, 26], "uv_size": [2, 3]},
								"south": {"uv": [71, 29], "uv_size": [2, 3]},
								"west": {"uv": [71, 32], "uv_size": [2, 3]},
								"up": {"uv": [68, 79], "uv_size": [2, 2]},
								"down": {"uv": [70, 81], "uv_size": [2, -2]}
							}
						}
					]
				},
				{
					"name": "bunch3",
					"parent": "hair",
					"pivot": [-2, 29, -4],
					"rotation": [47.14445, 34.89321, 14.70516],
					"cubes": [
						{
							"origin": [20.85075, 19.68595, 12.86176],
							"size": [1.8, 2.8, 3.8],
							"pivot": [0, -2, 0],
							"rotation": [-2.5518, 38.86642, -55.64498],
							"uv": {
								"north": {"uv": [43, 71], "uv_size": [2, 3]},
								"east": {"uv": [40, 53], "uv_size": [4, 3]},
								"south": {"uv": [45, 71], "uv_size": [2, 3]},
								"west": {"uv": [59, 69], "uv_size": [4, 3]},
								"up": {"uv": [52, 40], "uv_size": [2, 4]},
								"down": {"uv": [45, 60], "uv_size": [2, -4]}
							}
						},
						{
							"origin": [20.85075, 18.25, -18.13824],
							"size": [1.8, 2.4, 3.8],
							"pivot": [0, -2, 0],
							"rotation": [-82.5518, 38.86642, -55.64498],
							"uv": {
								"north": {"uv": [72, 79], "uv_size": [2, 2]},
								"east": {"uv": [36, 62], "uv_size": [4, 2]},
								"south": {"uv": [79, 78], "uv_size": [2, 2]},
								"west": {"uv": [0, 70], "uv_size": [4, 2]},
								"up": {"uv": [41, 68], "uv_size": [2, 4]},
								"down": {"uv": [27, 73], "uv_size": [2, -4]}
							}
						},
						{
							"origin": [20.95, 1.2, -26.13824],
							"size": [1.6, 2.2, 2.8],
							"pivot": [0, -2, 0],
							"rotation": [-127.5518, 38.86642, -55.64498],
							"uv": {
								"north": {"uv": [80, 3], "uv_size": [2, 2]},
								"east": {"uv": [47, 71], "uv_size": [3, 2]},
								"south": {"uv": [6, 80], "uv_size": [2, 2]},
								"west": {"uv": [71, 55], "uv_size": [3, 2]},
								"up": {"uv": [71, 57], "uv_size": [2, 3]},
								"down": {"uv": [71, 63], "uv_size": [2, -3]}
							}
						},
						{
							"origin": [20.95, 6.2666, 21.86176],
							"size": [1.6, 2, 3.8],
							"pivot": [0, -2, 0],
							"rotation": [37.4482, 38.86642, -55.64498],
							"uv": {
								"north": {"uv": [8, 80], "uv_size": [2, 2]},
								"east": {"uv": [70, 0], "uv_size": [4, 2]},
								"south": {"uv": [10, 80], "uv_size": [2, 2]},
								"west": {"uv": [70, 2], "uv_size": [4, 2]},
								"up": {"uv": [4, 70], "uv_size": [2, 4]},
								"down": {"uv": [70, 8], "uv_size": [2, -4]}
							}
						}
					]
				},
				{
					"name": "bunch4",
					"parent": "hair",
					"pivot": [0, 29, -4],
					"rotation": [40.61447, -42.68547, -9.07772]
				},
				{
					"name": "bunch5",
					"parent": "hair",
					"pivot": [2, 29, -3],
					"rotation": [17.5, -35, 0]
				},
				{
					"name": "bunch6",
					"parent": "hair",
					"pivot": [1, 28, -4],
					"rotation": [29.84165, -2.95401, 6.86916],
					"cubes": [
						{
							"origin": [-0.71666, 33.14866, -1.00373],
							"size": [2, 2, 2],
							"uv": {
								"north": {"uv": [14, 80], "uv_size": [2, 2]},
								"east": {"uv": [16, 80], "uv_size": [2, 2]},
								"south": {"uv": [18, 80], "uv_size": [2, 2]},
								"west": {"uv": [80, 20], "uv_size": [2, 2]},
								"up": {"uv": [80, 25], "uv_size": [2, 2]},
								"down": {"uv": [80, 29], "uv_size": [2, -2]}
							}
						},
						{
							"origin": [-0.61666, 35.90337, -3.10211],
							"size": [1.8, 1.7, 1.8],
							"pivot": [1, 30, -4],
							"rotation": [-22.5, 0, 0],
							"uv": {
								"north": {"uv": [80, 29], "uv_size": [2, 2]},
								"east": {"uv": [80, 31], "uv_size": [2, 2]},
								"south": {"uv": [34, 80], "uv_size": [2, 2]},
								"west": {"uv": [36, 80], "uv_size": [2, 2]},
								"up": {"uv": [38, 80], "uv_size": [2, 2]},
								"down": {"uv": [80, 40], "uv_size": [2, -2]}
							}
						},
						{
							"origin": [-0.61666, 37.42014, -4.50008],
							"size": [1.8, 1.7, 1.8],
							"pivot": [1, 31.59989, -3.33078],
							"rotation": [-42.5, 0, 0],
							"uv": {
								"north": {"uv": [80, 40], "uv_size": [2, 2]},
								"east": {"uv": [80, 42], "uv_size": [2, 2]},
								"south": {"uv": [44, 80], "uv_size": [2, 2]},
								"west": {"uv": [48, 80], "uv_size": [2, 2]},
								"up": {"uv": [80, 52], "uv_size": [2, 2]},
								"down": {"uv": [80, 56], "uv_size": [2, -2]}
							}
						}
					]
				},
				{
					"name": "bunch7",
					"parent": "hair",
					"pivot": [3, 29, -4],
					"rotation": [12.43261, -13.5044, 9.79139],
					"cubes": [
						{
							"origin": [1.20784, 34.72265, -2.49438],
							"size": [1.6, 1.6, 1.6],
							"uv": {
								"north": {"uv": [80, 56], "uv_size": [2, 2]},
								"east": {"uv": [57, 80], "uv_size": [2, 2]},
								"south": {"uv": [80, 58], "uv_size": [2, 2]},
								"west": {"uv": [59, 80], "uv_size": [2, 2]},
								"up": {"uv": [80, 60], "uv_size": [2, 2]},
								"down": {"uv": [61, 82], "uv_size": [2, -2]}
							}
						},
						{
							"origin": [1.28784, 36.42279, -4.95394],
							"size": [1.44, 2.44, 1.44],
							"pivot": [3, 30.6, -4],
							"rotation": [-25, 0, 0],
							"uv": {
								"north": {"uv": [47, 56], "uv_size": [1, 2]},
								"east": {"uv": [47, 58], "uv_size": [1, 2]},
								"south": {"uv": [53, 61], "uv_size": [1, 2]},
								"west": {"uv": [17, 62], "uv_size": [1, 2]},
								"up": {"uv": [75, 77], "uv_size": [1, 1]},
								"down": {"uv": [53, 79], "uv_size": [1, -1]}
							}
						}
					]
				},
				{
					"name": "bunch8",
					"parent": "hair",
					"pivot": [-3, 28, -3],
					"rotation": [3.76055, 7.09452, 27.40356],
					"cubes": [
						{
							"origin": [-7.54039, 32.43762, -3.89097],
							"size": [1.8, 1.8, 1.8],
							"uv": {
								"north": {"uv": [63, 80], "uv_size": [2, 2]},
								"east": {"uv": [80, 65], "uv_size": [2, 2]},
								"south": {"uv": [80, 67], "uv_size": [2, 2]},
								"west": {"uv": [80, 69], "uv_size": [2, 2]},
								"up": {"uv": [80, 71], "uv_size": [2, 2]},
								"down": {"uv": [80, 75], "uv_size": [2, -2]}
							}
						},
						{
							"origin": [-11.31539, 30.65916, -3.80097],
							"size": [1.62, 1.62, 1.62],
							"pivot": [-4.8, 27, -3],
							"rotation": [0, 0, 27.5],
							"uv": {
								"north": {"uv": [80, 75], "uv_size": [2, 2]},
								"east": {"uv": [79, 80], "uv_size": [2, 2]},
								"south": {"uv": [0, 81], "uv_size": [2, 2]},
								"west": {"uv": [81, 0], "uv_size": [2, 2]},
								"up": {"uv": [2, 81], "uv_size": [2, 2]},
								"down": {"uv": [4, 83], "uv_size": [2, -2]}
							}
						}
					]
				},
				{
					"name": "bunch9",
					"parent": "hair",
					"pivot": [-3, 26, -2],
					"rotation": [-12.26105, 10.11612, 43.59796],
					"cubes": [
						{
							"origin": [-9.87324, 29.19173, -4.53293],
							"size": [2.8, 1.8, 1.8],
							"uv": {
								"north": {"uv": [63, 71], "uv_size": [3, 2]},
								"east": {"uv": [81, 5], "uv_size": [2, 2]},
								"south": {"uv": [71, 63], "uv_size": [3, 2]},
								"west": {"uv": [81, 7], "uv_size": [2, 2]},
								"up": {"uv": [71, 65], "uv_size": [3, 2]},
								"down": {"uv": [66, 73], "uv_size": [3, -2]}
							}
						},
						{
							"origin": [-13.99339, 26.69692, -4.44293],
							"size": [2.62, 1.62, 1.62],
							"pivot": [-5.8, 25, -2],
							"rotation": [0, 0, 30],
							"uv": {
								"north": {"uv": [69, 71], "uv_size": [3, 2]},
								"east": {"uv": [81, 9], "uv_size": [2, 2]},
								"south": {"uv": [0, 72], "uv_size": [3, 2]},
								"west": {"uv": [81, 11], "uv_size": [2, 2]},
								"up": {"uv": [72, 4], "uv_size": [3, 2]},
								"down": {"uv": [72, 8], "uv_size": [3, -2]}
							}
						}
					]
				},
				{
					"name": "bunch10",
					"parent": "hair",
					"pivot": [-3, 24, 0],
					"rotation": [-14.54174, 5.3288, 45.08713],
					"cubes": [
						{
							"origin": [-10.03072, 27.1014, -2.34562],
							"size": [2.8, 1.8, 1.8],
							"uv": {
								"north": {"uv": [8, 72], "uv_size": [3, 2]},
								"east": {"uv": [81, 13], "uv_size": [2, 2]},
								"south": {"uv": [29, 72], "uv_size": [3, 2]},
								"west": {"uv": [81, 15], "uv_size": [2, 2]},
								"up": {"uv": [32, 72], "uv_size": [3, 2]},
								"down": {"uv": [35, 74], "uv_size": [3, -2]}
							}
						},
						{
							"origin": [-11.98337, 26.80744, -2.25562],
							"size": [1.62, 1.62, 1.62],
							"pivot": [-5.8, 23, 0],
							"rotation": [0, 0, 5],
							"uv": {
								"north": {"uv": [81, 17], "uv_size": [2, 2]},
								"east": {"uv": [20, 81], "uv_size": [2, 2]},
								"south": {"uv": [22, 81], "uv_size": [2, 2]},
								"west": {"uv": [81, 22], "uv_size": [2, 2]},
								"up": {"uv": [24, 81], "uv_size": [2, 2]},
								"down": {"uv": [26, 83], "uv_size": [2, -2]}
							}
						}
					]
				},
				{
					"name": "bunch11",
					"parent": "hair",
					"pivot": [-3, 29, -2],
					"rotation": [2.72696, -0.39303, -12.40991],
					"cubes": [
						{
							"origin": [-2.7106, 34.8536, -2.73005],
							"size": [2, 3, 2],
							"uv": {
								"north": {"uv": [72, 35], "uv_size": [2, 3]},
								"east": {"uv": [38, 72], "uv_size": [2, 3]},
								"south": {"uv": [72, 38], "uv_size": [2, 3]},
								"west": {"uv": [40, 72], "uv_size": [2, 3]},
								"up": {"uv": [28, 81], "uv_size": [2, 2]},
								"down": {"uv": [30, 83], "uv_size": [2, -2]}
							}
						},
						{
							"origin": [-2.5106, 37.51132, -4.79067],
							"size": [1.6, 2.4, 1.6],
							"pivot": [-3, 32, -3],
							"rotation": [-22.5, 0, 0],
							"uv": {
								"north": {"uv": [32, 81], "uv_size": [2, 2]},
								"east": {"uv": [81, 33], "uv_size": [2, 2]},
								"south": {"uv": [81, 35], "uv_size": [2, 2]},
								"west": {"uv": [40, 81], "uv_size": [2, 2]},
								"up": {"uv": [42, 81], "uv_size": [2, 2]},
								"down": {"uv": [81, 46], "uv_size": [2, -2]}
							}
						}
					]
				},
				{
					"name": "bunch12",
					"parent": "hair",
					"pivot": [-1, 30, -3],
					"rotation": [-2.45392, 1.08089, 4.88206],
					"cubes": [
						{
							"origin": [-2.51054, 35.97234, -4.26559],
							"size": [2, 3, 2],
							"uv": {
								"north": {"uv": [72, 41], "uv_size": [2, 3]},
								"east": {"uv": [72, 47], "uv_size": [2, 3]},
								"south": {"uv": [50, 72], "uv_size": [2, 3]},
								"west": {"uv": [72, 50], "uv_size": [2, 3]},
								"up": {"uv": [46, 81], "uv_size": [2, 2]},
								"down": {"uv": [81, 48], "uv_size": [2, -2]}
							}
						},
						{
							"origin": [-2.31054, 38.52133, -6.09223],
							"size": [1.6, 2.4, 1.6],
							"pivot": [-1, 33, -4],
							"rotation": [-20, 0, 0],
							"uv": {
								"north": {"uv": [81, 48], "uv_size": [2, 2]},
								"east": {"uv": [50, 81], "uv_size": [2, 2]},
								"south": {"uv": [81, 50], "uv_size": [2, 2]},
								"west": {"uv": [52, 81], "uv_size": [2, 2]},
								"up": {"uv": [54, 81], "uv_size": [2, 2]},
								"down": {"uv": [81, 64], "uv_size": [2, -2]}
							}
						}
					]
				},
				{
					"name": "bunch13",
					"parent": "hair",
					"pivot": [1, 30, -3],
					"rotation": [-12.49569, -0.41646, 2.67519],
					"cubes": [
						{
							"origin": [-0.28004, 35.85193, -5.29479],
							"size": [2, 3, 2],
							"uv": {
								"north": {"uv": [52, 72], "uv_size": [2, 3]},
								"east": {"uv": [59, 72], "uv_size": [2, 3]},
								"south": {"uv": [61, 72], "uv_size": [2, 3]},
								"west": {"uv": [72, 67], "uv_size": [2, 3]},
								"up": {"uv": [65, 81], "uv_size": [2, 2]},
								"down": {"uv": [67, 83], "uv_size": [2, -2]}
							}
						},
						{
							"origin": [-0.08004, 38.53819, -6.0913],
							"size": [1.6, 2.4, 1.6],
							"pivot": [1, 33, -4],
							"rotation": [-10, 0, 0],
							"uv": {
								"north": {"uv": [69, 81], "uv_size": [2, 2]},
								"east": {"uv": [71, 81], "uv_size": [2, 2]},
								"south": {"uv": [73, 81], "uv_size": [2, 2]},
								"west": {"uv": [75, 81], "uv_size": [2, 2]},
								"up": {"uv": [77, 81], "uv_size": [2, 2]},
								"down": {"uv": [81, 79], "uv_size": [2, -2]}
							}
						}
					]
				},
				{
					"name": "bunch14",
					"parent": "hair",
					"pivot": [3, 30, -2],
					"rotation": [-10.88051, -12.2654, 4.88719],
					"cubes": [
						{
							"origin": [1.5005, 35.89121, -4.02181],
							"size": [2, 2, 2],
							"uv": {
								"north": {"uv": [81, 79], "uv_size": [2, 2]},
								"east": {"uv": [81, 81], "uv_size": [2, 2]},
								"south": {"uv": [82, 2], "uv_size": [2, 2]},
								"west": {"uv": [6, 82], "uv_size": [2, 2]},
								"up": {"uv": [8, 82], "uv_size": [2, 2]},
								"down": {"uv": [10, 84], "uv_size": [2, -2]}
							}
						},
						{
							"origin": [1.7005, 37.62428, -4.82929],
							"size": [1.6, 2.6, 1.6],
							"pivot": [3, 32, -3],
							"rotation": [-10, 0, 0],
							"uv": {
								"north": {"uv": [72, 70], "uv_size": [2, 3]},
								"east": {"uv": [11, 73], "uv_size": [2, 3]},
								"south": {"uv": [13, 73], "uv_size": [2, 3]},
								"west": {"uv": [15, 73], "uv_size": [2, 3]},
								"up": {"uv": [12, 82], "uv_size": [2, 2]},
								"down": {"uv": [14, 84], "uv_size": [2, -2]}
							}
						}
					]
				},
				{
					"name": "bunch15",
					"parent": "hair",
					"pivot": [-3, 30, -1],
					"rotation": [-5.34168, 0.81757, 4.83529],
					"cubes": [
						{
							"origin": [-4.5057, 35.95201, -2.56377],
							"size": [2, 3, 2],
							"uv": {
								"north": {"uv": [17, 73], "uv_size": [2, 3]},
								"east": {"uv": [19, 73], "uv_size": [2, 3]},
								"south": {"uv": [21, 73], "uv_size": [2, 3]},
								"west": {"uv": [23, 73], "uv_size": [2, 3]},
								"up": {"uv": [16, 82], "uv_size": [2, 2]},
								"down": {"uv": [18, 84], "uv_size": [2, -2]}
							}
						},
						{
							"origin": [-4.3057, 38.2832, -4.59859],
							"size": [1.6, 2.4, 1.6],
							"pivot": [-3, 33, -2],
							"rotation": [-22.5, 0, 0],
							"uv": {
								"north": {"uv": [82, 19], "uv_size": [2, 2]},
								"east": {"uv": [82, 24], "uv_size": [2, 2]},
								"south": {"uv": [82, 26], "uv_size": [2, 2]},
								"west": {"uv": [82, 28], "uv_size": [2, 2]},
								"up": {"uv": [82, 30], "uv_size": [2, 2]},
								"down": {"uv": [34, 84], "uv_size": [2, -2]}
							}
						}
					]
				},
				{
					"name": "bunch16",
					"parent": "hair",
					"pivot": [0, 30, -1],
					"rotation": [-7.5, 0, 0],
					"cubes": [
						{
							"origin": [-1, 35.94867, -2.78316],
							"size": [2, 3, 2],
							"uv": {
								"north": {"uv": [25, 73], "uv_size": [2, 3]},
								"east": {"uv": [73, 26], "uv_size": [2, 3]},
								"south": {"uv": [27, 73], "uv_size": [2, 3]},
								"west": {"uv": [73, 29], "uv_size": [2, 3]},
								"up": {"uv": [36, 82], "uv_size": [2, 2]},
								"down": {"uv": [82, 39], "uv_size": [2, -2]}
							}
						},
						{
							"origin": [-0.8, 38.19615, -4.8],
							"size": [1.6, 2.4, 1.6],
							"pivot": [0, 33, -2],
							"rotation": [-22.5, 0, 0],
							"uv": {
								"north": {"uv": [38, 82], "uv_size": [2, 2]},
								"east": {"uv": [82, 39], "uv_size": [2, 2]},
								"south": {"uv": [82, 41], "uv_size": [2, 2]},
								"west": {"uv": [44, 82], "uv_size": [2, 2]},
								"up": {"uv": [48, 82], "uv_size": [2, 2]},
								"down": {"uv": [82, 54], "uv_size": [2, -2]}
							}
						},
						{
							"origin": [-0.8, 40.00089, -4.52256],
							"size": [1.6, 2.4, 1.6],
							"pivot": [0, 35.24077, -1.06999],
							"rotation": [-30, 0, 0],
							"uv": {
								"north": {"uv": [82, 54], "uv_size": [2, 2]},
								"east": {"uv": [56, 82], "uv_size": [2, 2]},
								"south": {"uv": [82, 56], "uv_size": [2, 2]},
								"west": {"uv": [58, 82], "uv_size": [2, 2]},
								"up": {"uv": [82, 58], "uv_size": [2, 2]},
								"down": {"uv": [60, 84], "uv_size": [2, -2]}
							}
						}
					]
				},
				{
					"name": "bunch17",
					"parent": "hair",
					"pivot": [-1, 30, 0],
					"rotation": [-7.43655, -0.9762, -7.43656],
					"cubes": [
						{
							"origin": [-1.22354, 35.89778, -1.78316],
							"size": [2, 3, 2],
							"uv": {
								"north": {"uv": [73, 32], "uv_size": [2, 3]},
								"east": {"uv": [47, 73], "uv_size": [2, 3]},
								"south": {"uv": [54, 73], "uv_size": [2, 3]},
								"west": {"uv": [56, 73], "uv_size": [2, 3]},
								"up": {"uv": [82, 60], "uv_size": [2, 2]},
								"down": {"uv": [62, 84], "uv_size": [2, -2]}
							}
						},
						{
							"origin": [-1.02354, 38.14914, -3.78052],
							"size": [1.6, 1.4, 1.6],
							"pivot": [-1, 33, -1],
							"rotation": [-22.5, 0, 0],
							"uv": {
								"north": {"uv": [52, 44], "uv_size": [2, 1]},
								"east": {"uv": [63, 47], "uv_size": [2, 1]},
								"south": {"uv": [65, 8], "uv_size": [2, 1]},
								"west": {"uv": [3, 66], "uv_size": [2, 1]},
								"up": {"uv": [82, 64], "uv_size": [2, 2]},
								"down": {"uv": [82, 68], "uv_size": [2, -2]}
							}
						},
						{
							"origin": [-1.02354, 39.43698, -6.56195],
							"size": [1.6, 2.4, 1.6],
							"pivot": [-1, 31.055, -2.7376],
							"rotation": [-35, 0, 0],
							"uv": {
								"north": {"uv": [82, 68], "uv_size": [2, 2]},
								"east": {"uv": [82, 70], "uv_size": [2, 2]},
								"south": {"uv": [82, 72], "uv_size": [2, 2]},
								"west": {"uv": [82, 74], "uv_size": [2, 2]},
								"up": {"uv": [79, 82], "uv_size": [2, 2]},
								"down": {"uv": [0, 85], "uv_size": [2, -2]}
							}
						}
					]
				},
				{
					"name": "bunch18",
					"parent": "hair",
					"pivot": [-3, 24, 2],
					"rotation": [9.63926, 6.50711, 40.12772],
					"cubes": [
						{
							"origin": [-9.64205, 27.69627, 1.43614],
							"size": [2.8, 1.8, 1.8],
							"uv": {
								"north": {"uv": [72, 53], "uv_size": [3, 2]},
								"east": {"uv": [83, 0], "uv_size": [2, 2]},
								"south": {"uv": [73, 57], "uv_size": [3, 2]},
								"west": {"uv": [2, 83], "uv_size": [2, 2]},
								"up": {"uv": [73, 59], "uv_size": [3, 2]},
								"down": {"uv": [73, 63], "uv_size": [3, -2]}
							}
						},
						{
							"origin": [-12.84455, 25.73191, 1.52614],
							"size": [1.62, 1.62, 1.62],
							"pivot": [-5.8, 23, 2],
							"rotation": [0, 0, 25],
							"uv": {
								"north": {"uv": [4, 83], "uv_size": [2, 2]},
								"east": {"uv": [83, 4], "uv_size": [2, 2]},
								"south": {"uv": [83, 6], "uv_size": [2, 2]},
								"west": {"uv": [83, 8], "uv_size": [2, 2]},
								"up": {"uv": [83, 10], "uv_size": [2, 2]},
								"down": {"uv": [83, 14], "uv_size": [2, -2]}
							}
						}
					]
				},
				{
					"name": "bunch19",
					"parent": "hair",
					"pivot": [-3, 26, 1],
					"rotation": [8.07328, 22.85932, 32.30138],
					"cubes": [
						{
							"origin": [-8.75442, 30.29615, -0.42094],
							"size": [2.8, 1.8, 1.8],
							"uv": {
								"north": {"uv": [63, 73], "uv_size": [3, 2]},
								"east": {"uv": [83, 14], "uv_size": [2, 2]},
								"south": {"uv": [66, 73], "uv_size": [3, 2]},
								"west": {"uv": [83, 16], "uv_size": [2, 2]},
								"up": {"uv": [69, 73], "uv_size": [3, 2]},
								"down": {"uv": [72, 75], "uv_size": [3, -2]}
							}
						},
						{
							"origin": [-14.24698, 26.52224, -0.33094],
							"size": [2.62, 1.62, 1.62],
							"pivot": [-5.8, 25, 1],
							"rotation": [0, 0, 47.5],
							"uv": {
								"north": {"uv": [0, 74], "uv_size": [3, 2]},
								"east": {"uv": [20, 83], "uv_size": [2, 2]},
								"south": {"uv": [74, 0], "uv_size": [3, 2]},
								"west": {"uv": [83, 21], "uv_size": [2, 2]},
								"up": {"uv": [74, 2], "uv_size": [3, 2]},
								"down": {"uv": [3, 76], "uv_size": [3, -2]}
							}
						}
					]
				},
				{
					"name": "bunch20",
					"parent": "hair",
					"pivot": [-3, 27, 0],
					"rotation": [9.77243, 11.43563, 40.98084],
					"cubes": [
						{
							"origin": [-9.65673, 30.69627, -0.9],
							"size": [2.8, 1.8, 1.8],
							"uv": {
								"north": {"uv": [8, 74], "uv_size": [3, 2]},
								"east": {"uv": [22, 83], "uv_size": [2, 2]},
								"south": {"uv": [74, 13], "uv_size": [3, 2]},
								"west": {"uv": [24, 83], "uv_size": [2, 2]},
								"up": {"uv": [74, 15], "uv_size": [3, 2]},
								"down": {"uv": [74, 19], "uv_size": [3, -2]}
							}
						},
						{
							"origin": [-14.27778, 27.48864, -0.81],
							"size": [2.62, 1.62, 1.62],
							"pivot": [-5.8, 26, 0],
							"rotation": [0, 0, 37.5],
							"uv": {
								"north": {"uv": [74, 19], "uv_size": [3, 2]},
								"east": {"uv": [26, 83], "uv_size": [2, 2]},
								"south": {"uv": [74, 21], "uv_size": [3, 2]},
								"west": {"uv": [28, 83], "uv_size": [2, 2]},
								"up": {"uv": [29, 74], "uv_size": [3, 2]},
								"down": {"uv": [32, 76], "uv_size": [3, -2]}
							}
						}
					]
				},
				{
					"name": "bunch21",
					"parent": "hair",
					"pivot": [2, 29, -1],
					"rotation": [-7.06209, -6.93696, 3.76782],
					"cubes": [
						{
							"origin": [0.60861, 34.94747, -2.68882],
							"size": [2, 3, 2],
							"uv": {
								"north": {"uv": [35, 74], "uv_size": [2, 3]},
								"east": {"uv": [74, 35], "uv_size": [2, 3]},
								"south": {"uv": [74, 38], "uv_size": [2, 3]},
								"west": {"uv": [74, 41], "uv_size": [2, 3]},
								"up": {"uv": [30, 83], "uv_size": [2, 2]},
								"down": {"uv": [32, 85], "uv_size": [2, -2]}
							}
						},
						{
							"origin": [0.80861, 37.23114, -4.71238],
							"size": [1.6, 2.4, 1.6],
							"pivot": [2, 32, -2],
							"rotation": [-22.5, 0, 0],
							"uv": {
								"north": {"uv": [83, 32], "uv_size": [2, 2]},
								"east": {"uv": [83, 34], "uv_size": [2, 2]},
								"south": {"uv": [40, 83], "uv_size": [2, 2]},
								"west": {"uv": [42, 83], "uv_size": [2, 2]},
								"up": {"uv": [83, 43], "uv_size": [2, 2]},
								"down": {"uv": [83, 47], "uv_size": [2, -2]}
							}
						},
						{
							"origin": [0.80861, 39.04702, -4.44025],
							"size": [1.6, 2.4, 1.6],
							"pivot": [2, 34.24077, -1.06999],
							"rotation": [-30, 0, 0],
							"uv": {
								"north": {"uv": [46, 83], "uv_size": [2, 2]},
								"east": {"uv": [83, 47], "uv_size": [2, 2]},
								"south": {"uv": [83, 49], "uv_size": [2, 2]},
								"west": {"uv": [50, 83], "uv_size": [2, 2]},
								"up": {"uv": [52, 83], "uv_size": [2, 2]},
								"down": {"uv": [54, 85], "uv_size": [2, -2]}
							}
						}
					]
				},
				{
					"name": "bunch22",
					"parent": "hair",
					"pivot": [3, 26, -2],
					"rotation": [-12.26105, -10.11612, -43.59796],
					"cubes": [
						{
							"origin": [7.07324, 29.19173, -4.53293],
							"size": [2.8, 1.8, 1.8],
							"uv": {
								"north": {"uv": [42, 74], "uv_size": [3, 2]},
								"east": {"uv": [83, 62], "uv_size": [2, 2]},
								"south": {"uv": [74, 47], "uv_size": [3, 2]},
								"west": {"uv": [64, 83], "uv_size": [2, 2]},
								"up": {"uv": [74, 49], "uv_size": [3, 2]},
								"down": {"uv": [74, 53], "uv_size": [3, -2]}
							}
						},
						{
							"origin": [11.37339, 26.69692, -4.44293],
							"size": [2.62, 1.62, 1.62],
							"pivot": [5.8, 25, -2],
							"rotation": [0, 0, -30],
							"uv": {
								"north": {"uv": [74, 55], "uv_size": [3, 2]},
								"east": {"uv": [66, 83], "uv_size": [2, 2]},
								"south": {"uv": [74, 63], "uv_size": [3, 2]},
								"west": {"uv": [68, 83], "uv_size": [2, 2]},
								"up": {"uv": [74, 65], "uv_size": [3, 2]},
								"down": {"uv": [74, 69], "uv_size": [3, -2]}
							}
						}
					]
				},
				{
					"name": "bunch23",
					"parent": "hair",
					"pivot": [3, 24, 0],
					"rotation": [-12.21473, 0.08401, -43.69387],
					"cubes": [
						{
							"origin": [7.14483, 27.34132, -1.81193],
							"size": [2.8, 1.8, 1.8],
							"uv": {
								"north": {"uv": [74, 69], "uv_size": [3, 2]},
								"east": {"uv": [70, 83], "uv_size": [2, 2]},
								"south": {"uv": [74, 71], "uv_size": [3, 2]},
								"west": {"uv": [72, 83], "uv_size": [2, 2]},
								"up": {"uv": [75, 4], "uv_size": [3, 2]},
								"down": {"uv": [75, 8], "uv_size": [3, -2]}
							}
						},
						{
							"origin": [10.29871, 27.05394, -1.72193],
							"size": [1.62, 1.62, 1.62],
							"pivot": [5.8, 23, 0],
							"rotation": [0, 0, -5],
							"uv": {
								"north": {"uv": [74, 83], "uv_size": [2, 2]},
								"east": {"uv": [76, 83], "uv_size": [2, 2]},
								"south": {"uv": [83, 76], "uv_size": [2, 2]},
								"west": {"uv": [83, 78], "uv_size": [2, 2]},
								"up": {"uv": [83, 80], "uv_size": [2, 2]},
								"down": {"uv": [81, 85], "uv_size": [2, -2]}
							}
						}
					]
				},
				{
					"name": "bunch24",
					"parent": "hair",
					"pivot": [3, 27, 0],
					"rotation": [9.77243, -11.43563, -40.98084],
					"cubes": [
						{
							"origin": [6.85673, 30.69627, -0.9],
							"size": [2.8, 1.8, 1.8],
							"uv": {
								"north": {"uv": [75, 8], "uv_size": [3, 2]},
								"east": {"uv": [83, 82], "uv_size": [2, 2]},
								"south": {"uv": [75, 10], "uv_size": [3, 2]},
								"west": {"uv": [84, 2], "uv_size": [2, 2]},
								"up": {"uv": [75, 26], "uv_size": [3, 2]},
								"down": {"uv": [75, 30], "uv_size": [3, -2]}
							}
						},
						{
							"origin": [11.65778, 27.48864, -0.81],
							"size": [2.62, 1.62, 1.62],
							"pivot": [5.8, 26, 0],
							"rotation": [0, 0, -37.5],
							"uv": {
								"north": {"uv": [75, 30], "uv_size": [3, 2]},
								"east": {"uv": [6, 84], "uv_size": [2, 2]},
								"south": {"uv": [75, 32], "uv_size": [3, 2]},
								"west": {"uv": [8, 84], "uv_size": [2, 2]},
								"up": {"uv": [37, 75], "uv_size": [3, 2]},
								"down": {"uv": [49, 77], "uv_size": [3, -2]}
							}
						}
					]
				},
				{
					"name": "bunch25",
					"parent": "hair",
					"pivot": [3, 24, 2],
					"rotation": [9.68377, -6.70371, -40.15562],
					"cubes": [
						{
							"origin": [6.84274, 27.69641, 1.42614],
							"size": [2.8, 1.8, 1.8],
							"uv": {
								"north": {"uv": [75, 53], "uv_size": [3, 2]},
								"east": {"uv": [10, 84], "uv_size": [2, 2]},
								"south": {"uv": [58, 75], "uv_size": [3, 2]},
								"west": {"uv": [12, 84], "uv_size": [2, 2]},
								"up": {"uv": [61, 75], "uv_size": [3, 2]},
								"down": {"uv": [64, 77], "uv_size": [3, -2]}
							}
						},
						{
							"origin": [11.1092, 25.96597, 1.51614],
							"size": [1.62, 1.62, 1.62],
							"pivot": [5.8, 23, 2],
							"rotation": [0, 0, -22.5],
							"uv": {
								"north": {"uv": [14, 84], "uv_size": [2, 2]},
								"east": {"uv": [16, 84], "uv_size": [2, 2]},
								"south": {"uv": [18, 84], "uv_size": [2, 2]},
								"west": {"uv": [84, 18], "uv_size": [2, 2]},
								"up": {"uv": [84, 23], "uv_size": [2, 2]},
								"down": {"uv": [84, 27], "uv_size": [2, -2]}
							}
						}
					]
				},
				{
					"name": "bunch26",
					"parent": "hair",
					"pivot": [3, 26, 1],
					"rotation": [8.23186, -25.33407, -32.68972],
					"cubes": [
						{
							"origin": [5.92889, 30.29615, -0.54932],
							"size": [2.8, 1.8, 1.8],
							"uv": {
								"north": {"uv": [67, 75], "uv_size": [3, 2]},
								"east": {"uv": [84, 27], "uv_size": [2, 2]},
								"south": {"uv": [70, 75], "uv_size": [3, 2]},
								"west": {"uv": [84, 29], "uv_size": [2, 2]},
								"up": {"uv": [73, 75], "uv_size": [3, 2]},
								"down": {"uv": [75, 75], "uv_size": [3, -2]}
							}
						},
						{
							"origin": [11.28686, 27.52939, -0.45932],
							"size": [1.62, 1.62, 1.62],
							"pivot": [5.8, 25, 1],
							"rotation": [0, 0, -37.5],
							"uv": {
								"north": {"uv": [34, 84], "uv_size": [2, 2]},
								"east": {"uv": [36, 84], "uv_size": [2, 2]},
								"south": {"uv": [84, 36], "uv_size": [2, 2]},
								"west": {"uv": [38, 84], "uv_size": [2, 2]},
								"up": {"uv": [84, 38], "uv_size": [2, 2]},
								"down": {"uv": [84, 42], "uv_size": [2, -2]}
							}
						}
					]
				},
				{
					"name": "bunch27",
					"parent": "hair",
					"pivot": [3, 28, -3],
					"rotation": [3.27861, -12.23832, -25.186],
					"cubes": [
						{
							"origin": [5.49532, 32.55165, -4.12984],
							"size": [1.8, 1.8, 1.8],
							"uv": {
								"north": {"uv": [44, 84], "uv_size": [2, 2]},
								"east": {"uv": [48, 84], "uv_size": [2, 2]},
								"south": {"uv": [84, 51], "uv_size": [2, 2]},
								"west": {"uv": [84, 53], "uv_size": [2, 2]},
								"up": {"uv": [84, 55], "uv_size": [2, 2]},
								"down": {"uv": [56, 86], "uv_size": [2, -2]}
							}
						},
						{
							"origin": [9.53067, 30.87346, -4.03984],
							"size": [1.62, 1.62, 1.62],
							"pivot": [4.8, 27, -3],
							"rotation": [0, 0, -27.5],
							"uv": {
								"north": {"uv": [84, 57], "uv_size": [2, 2]},
								"east": {"uv": [58, 84], "uv_size": [2, 2]},
								"south": {"uv": [84, 59], "uv_size": [2, 2]},
								"west": {"uv": [60, 84], "uv_size": [2, 2]},
								"up": {"uv": [62, 84], "uv_size": [2, 2]},
								"down": {"uv": [84, 66], "uv_size": [2, -2]}
							}
						}
					]
				},
				{
					"name": "bunch28",
					"parent": "hair",
					"pivot": [2, 24, 2.8],
					"rotation": [41.5985, 7.92539, 21.2597],
					"cubes": [
						{
							"origin": [-1.05479, 27.4807, 6.48803],
							"size": [1.8, 1.8, 2.7],
							"uv": {
								"north": {"uv": [84, 66], "uv_size": [2, 2]},
								"east": {"uv": [0, 76], "uv_size": [3, 2]},
								"south": {"uv": [84, 68], "uv_size": [2, 2]},
								"west": {"uv": [3, 76], "uv_size": [3, 2]},
								"up": {"uv": [45, 74], "uv_size": [2, 3]},
								"down": {"uv": [40, 78], "uv_size": [2, -3]}
							}
						},
						{
							"origin": [-0.96479, 28.49949, 7.47938],
							"size": [1.62, 1.62, 1.43],
							"pivot": [2, 25, 5.7],
							"rotation": [-20, 0, 0],
							"uv": {
								"north": {"uv": [84, 70], "uv_size": [2, 2]},
								"east": {"uv": [58, 64], "uv_size": [1, 2]},
								"south": {"uv": [84, 72], "uv_size": [2, 2]},
								"west": {"uv": [8, 67], "uv_size": [1, 2]},
								"up": {"uv": [75, 44], "uv_size": [2, 1]},
								"down": {"uv": [75, 47], "uv_size": [2, -1]}
							}
						}
					]
				},
				{
					"name": "bunch29",
					"parent": "hair",
					"pivot": [1, 26, 2.8],
					"rotation": [25.82159, 13.27207, 7.05308],
					"cubes": [
						{
							"origin": [-0.61706, 30.53373, 5.4414],
							"size": [1.8, 1.8, 2.7],
							"uv": {
								"north": {"uv": [84, 74], "uv_size": [2, 2]},
								"east": {"uv": [6, 76], "uv_size": [3, 2]},
								"south": {"uv": [78, 84], "uv_size": [2, 2]},
								"west": {"uv": [9, 76], "uv_size": [3, 2]},
								"up": {"uv": [52, 75], "uv_size": [2, 3]},
								"down": {"uv": [12, 79], "uv_size": [2, -3]}
							}
						},
						{
							"origin": [-0.52706, 30.72505, 7.90206],
							"size": [1.62, 1.62, 1.43],
							"pivot": [1, 27, 5.7],
							"rotation": [-2.5, 0, 0],
							"uv": {
								"north": {"uv": [83, 84], "uv_size": [2, 2]},
								"east": {"uv": [63, 69], "uv_size": [1, 2]},
								"south": {"uv": [0, 85], "uv_size": [2, 2]},
								"west": {"uv": [14, 70], "uv_size": [1, 2]},
								"up": {"uv": [87, 49], "uv_size": [2, 1]},
								"down": {"uv": [87, 63], "uv_size": [2, -1]}
							}
						}
					]
				},
				{
					"name": "bunch30",
					"parent": "hair",
					"pivot": [1, 24, 2.8],
					"rotation": [34.79887, 3.45533, -6.66067],
					"cubes": [
						{
							"origin": [0.79467, 27.96977, 6.43552],
							"size": [1.8, 1.8, 2.7],
							"uv": {
								"north": {"uv": [85, 0], "uv_size": [2, 2]},
								"east": {"uv": [14, 76], "uv_size": [3, 2]},
								"south": {"uv": [2, 85], "uv_size": [2, 2]},
								"west": {"uv": [17, 76], "uv_size": [3, 2]},
								"up": {"uv": [20, 76], "uv_size": [2, 3]},
								"down": {"uv": [22, 79], "uv_size": [2, -3]}
							}
						},
						{
							"origin": [0.88467, 28.9411, 7.26277],
							"size": [1.62, 1.62, 1.43],
							"pivot": [1, 25, 5.7],
							"rotation": [-20, 0, 0],
							"uv": {
								"north": {"uv": [4, 85], "uv_size": [2, 2]},
								"east": {"uv": [3, 72], "uv_size": [1, 2]},
								"south": {"uv": [85, 4], "uv_size": [2, 2]},
								"west": {"uv": [42, 72], "uv_size": [1, 2]},
								"up": {"uv": [87, 85], "uv_size": [2, 1]},
								"down": {"uv": [6, 89], "uv_size": [2, -1]}
							}
						}
					]
				},
				{
					"name": "bunch31",
					"parent": "hair",
					"pivot": [-2, 24, 2.8],
					"rotation": [37.4182, -6.15596, -16.67118],
					"cubes": [
						{
							"origin": [-1.18865, 27.77718, 6.34593],
							"size": [1.8, 1.8, 2.7],
							"uv": {
								"north": {"uv": [85, 6], "uv_size": [2, 2]},
								"east": {"uv": [24, 76], "uv_size": [3, 2]},
								"south": {"uv": [85, 8], "uv_size": [2, 2]},
								"west": {"uv": [27, 76], "uv_size": [3, 2]},
								"up": {"uv": [30, 76], "uv_size": [2, 3]},
								"down": {"uv": [32, 79], "uv_size": [2, -3]}
							}
						},
						{
							"origin": [-1.09865, 28.93246, 6.00888],
							"size": [1.62, 1.62, 1.43],
							"pivot": [-2, 25, 5.7],
							"rotation": [-32.5, 0, 0],
							"uv": {
								"north": {"uv": [85, 10], "uv_size": [2, 2]},
								"east": {"uv": [49, 73], "uv_size": [1, 2]},
								"south": {"uv": [85, 12], "uv_size": [2, 2]},
								"west": {"uv": [58, 73], "uv_size": [1, 2]},
								"up": {"uv": [8, 88], "uv_size": [2, 1]},
								"down": {"uv": [10, 89], "uv_size": [2, -1]}
							}
						}
					]
				},
				{
					"name": "bunch32",
					"parent": "hair",
					"pivot": [-1, 26, 2.8],
					"rotation": [28.9854, -17.66046, -9.54013],
					"cubes": [
						{
							"origin": [-0.95244, 30.42206, 5.60341],
							"size": [1.8, 1.8, 2.7],
							"uv": {
								"north": {"uv": [85, 14], "uv_size": [2, 2]},
								"east": {"uv": [76, 34], "uv_size": [3, 2]},
								"south": {"uv": [85, 16], "uv_size": [2, 2]},
								"west": {"uv": [76, 36], "uv_size": [3, 2]},
								"up": {"uv": [76, 38], "uv_size": [2, 3]},
								"down": {"uv": [76, 44], "uv_size": [2, -3]}
							}
						},
						{
							"origin": [-0.86244, 30.88329, 7.33969],
							"size": [1.62, 1.62, 1.43],
							"pivot": [-1, 27, 5.7],
							"rotation": [-10, 0, 0],
							"uv": {
								"north": {"uv": [20, 85], "uv_size": [2, 2]},
								"east": {"uv": [46, 77], "uv_size": [1, 2]},
								"south": {"uv": [85, 20], "uv_size": [2, 2]},
								"west": {"uv": [74, 79], "uv_size": [1, 2]},
								"up": {"uv": [12, 88], "uv_size": [2, 1]},
								"down": {"uv": [14, 89], "uv_size": [2, -1]}
							}
						}
					]
				},
				{
					"name": "bunch33",
					"parent": "hair",
					"pivot": [1, 30, 1],
					"rotation": [-17.49569, -0.41646, 2.67519],
					"cubes": [
						{
							"origin": [-0.28004, 35.71681, -1.7999],
							"size": [2, 3, 2],
							"uv": {
								"north": {"uv": [42, 76], "uv_size": [2, 3]},
								"east": {"uv": [47, 76], "uv_size": [2, 3]},
								"south": {"uv": [54, 76], "uv_size": [2, 3]},
								"west": {"uv": [56, 76], "uv_size": [2, 3]},
								"up": {"uv": [22, 85], "uv_size": [2, 2]},
								"down": {"uv": [24, 87], "uv_size": [2, -2]}
							}
						},
						{
							"origin": [-0.08004, 38.31741, -2.56527],
							"size": [1.6, 2.4, 1.6],
							"pivot": [1, 33, 0],
							"rotation": [-10, 0, 0],
							"uv": {
								"north": {"uv": [26, 85], "uv_size": [2, 2]},
								"east": {"uv": [28, 85], "uv_size": [2, 2]},
								"south": {"uv": [30, 85], "uv_size": [2, 2]},
								"west": {"uv": [85, 31], "uv_size": [2, 2]},
								"up": {"uv": [32, 85], "uv_size": [2, 2]},
								"down": {"uv": [85, 35], "uv_size": [2, -2]}
							}
						},
						{
							"origin": [-0.08004, 40.39489, -4.38892],
							"size": [1.6, 1.4, 1.6],
							"pivot": [1, 31.63844, -0.9423],
							"rotation": [-20, 0, 0],
							"uv": {
								"north": {"uv": [16, 88], "uv_size": [2, 1]},
								"east": {"uv": [18, 88], "uv_size": [2, 1]},
								"south": {"uv": [88, 18], "uv_size": [2, 1]},
								"west": {"uv": [88, 19], "uv_size": [2, 1]},
								"up": {"uv": [40, 85], "uv_size": [2, 2]},
								"down": {"uv": [42, 87], "uv_size": [2, -2]}
							}
						}
					]
				},
				{
					"name": "bunch34",
					"parent": "hair",
					"pivot": [-1, 30, 1],
					"rotation": [-24.8914, -1.71144, -2.16986],
					"cubes": [
						{
							"origin": [-1.77293, 35.43588, -2.52974],
							"size": [2, 3, 2],
							"uv": {
								"north": {"uv": [76, 57], "uv_size": [2, 3]},
								"east": {"uv": [76, 60], "uv_size": [2, 3]},
								"south": {"uv": [76, 75], "uv_size": [2, 3]},
								"west": {"uv": [77, 0], "uv_size": [2, 3]},
								"up": {"uv": [85, 42], "uv_size": [2, 2]},
								"down": {"uv": [85, 46], "uv_size": [2, -2]}
							}
						},
						{
							"origin": [-1.57293, 37.42359, -3.84726],
							"size": [1.6, 2.4, 1.6],
							"pivot": [-1, 33, 0],
							"rotation": [-17.5, 0, 0],
							"uv": {
								"north": {"uv": [46, 85], "uv_size": [2, 2]},
								"east": {"uv": [85, 46], "uv_size": [2, 2]},
								"south": {"uv": [85, 48], "uv_size": [2, 2]},
								"west": {"uv": [50, 85], "uv_size": [2, 2]},
								"up": {"uv": [52, 85], "uv_size": [2, 2]},
								"down": {"uv": [54, 87], "uv_size": [2, -2]}
							}
						}
					]
				},
				{
					"name": "bunch35",
					"parent": "hair",
					"pivot": [3, 29, 0],
					"rotation": [-14.44623, 3.98963, 14.31603],
					"cubes": [
						{
							"origin": [0.51997, 34.60411, -2.55031],
							"size": [2, 3, 2],
							"uv": {
								"north": {"uv": [77, 12], "uv_size": [2, 3]},
								"east": {"uv": [77, 15], "uv_size": [2, 3]},
								"south": {"uv": [77, 18], "uv_size": [2, 3]},
								"west": {"uv": [34, 77], "uv_size": [2, 3]},
								"up": {"uv": [85, 61], "uv_size": [2, 2]},
								"down": {"uv": [64, 87], "uv_size": [2, -2]}
							}
						},
						{
							"origin": [0.71997, 36.87855, -3.96374],
							"size": [1.6, 1.4, 1.6],
							"pivot": [3, 32, -1],
							"rotation": [-17.5, 0, 0],
							"uv": {
								"north": {"uv": [88, 22], "uv_size": [2, 1]},
								"east": {"uv": [88, 23], "uv_size": [2, 1]},
								"south": {"uv": [88, 24], "uv_size": [2, 1]},
								"west": {"uv": [88, 25], "uv_size": [2, 1]},
								"up": {"uv": [66, 85], "uv_size": [2, 2]},
								"down": {"uv": [68, 87], "uv_size": [2, -2]}
							}
						},
						{
							"origin": [0.71997, 37.96144, -5.71375],
							"size": [1.6, 1.4, 1.6],
							"pivot": [3, 30.70638, -1.95092],
							"rotation": [-27.5, 0, 0],
							"uv": {
								"north": {"uv": [88, 26], "uv_size": [2, 1]},
								"east": {"uv": [88, 27], "uv_size": [2, 1]},
								"south": {"uv": [88, 28], "uv_size": [2, 1]},
								"west": {"uv": [88, 29], "uv_size": [2, 1]},
								"up": {"uv": [70, 85], "uv_size": [2, 2]},
								"down": {"uv": [72, 87], "uv_size": [2, -2]}
							}
						}
					]
				},
				{
					"name": "bunch36",
					"parent": "hair",
					"pivot": [2, 29, 2],
					"rotation": [-21.93002, -5.15825, -8.90759],
					"cubes": [
						{
							"origin": [1.92529, 34.46752, -1.2913],
							"size": [2, 3, 2],
							"uv": {
								"north": {"uv": [36, 77], "uv_size": [2, 3]},
								"east": {"uv": [38, 77], "uv_size": [2, 3]},
								"south": {"uv": [44, 77], "uv_size": [2, 3]},
								"west": {"uv": [77, 44], "uv_size": [2, 3]},
								"up": {"uv": [74, 85], "uv_size": [2, 2]},
								"down": {"uv": [76, 87], "uv_size": [2, -2]}
							}
						},
						{
							"origin": [2.12529, 36.98658, -2.00592],
							"size": [1.6, 1.4, 1.6],
							"pivot": [2, 32, 1],
							"rotation": [-10, 0, 0],
							"uv": {
								"north": {"uv": [34, 88], "uv_size": [2, 1]},
								"east": {"uv": [88, 35], "uv_size": [2, 1]},
								"south": {"uv": [36, 88], "uv_size": [2, 1]},
								"west": {"uv": [88, 36], "uv_size": [2, 1]},
								"up": {"uv": [85, 76], "uv_size": [2, 2]},
								"down": {"uv": [85, 80], "uv_size": [2, -2]}
							}
						},
						{
							"origin": [2.12529, 37.89951, -4.28466],
							"size": [1.6, 1.4, 1.6],
							"pivot": [2, 29.72502, -0.27544],
							"rotation": [-22.5, 0, 0],
							"uv": {
								"north": {"uv": [88, 37], "uv_size": [2, 1]},
								"east": {"uv": [38, 88], "uv_size": [2, 1]},
								"south": {"uv": [88, 38], "uv_size": [2, 1]},
								"west": {"uv": [88, 39], "uv_size": [2, 1]},
								"up": {"uv": [80, 85], "uv_size": [2, 2]},
								"down": {"uv": [85, 82], "uv_size": [2, -2]}
							}
						}
					]
				},
				{
					"name": "bunch37",
					"parent": "hair",
					"pivot": [-1, 29, 2],
					"rotation": [-27.38499, 2.32611, 1.94731],
					"cubes": [
						{
							"origin": [-2.20371, 34.32073, -1.76556],
							"size": [2, 3, 2],
							"uv": {
								"north": {"uv": [77, 47], "uv_size": [2, 3]},
								"east": {"uv": [49, 77], "uv_size": [2, 3]},
								"south": {"uv": [77, 50], "uv_size": [2, 3]},
								"west": {"uv": [58, 77], "uv_size": [2, 3]},
								"up": {"uv": [85, 82], "uv_size": [2, 2]},
								"down": {"uv": [85, 86], "uv_size": [2, -2]}
							}
						},
						{
							"origin": [-2.00371, 35.85738, -3.3912],
							"size": [1.6, 2.4, 1.6],
							"pivot": [-1, 32, 1],
							"rotation": [-22.5, 0, 0],
							"uv": {
								"north": {"uv": [86, 2], "uv_size": [2, 2]},
								"east": {"uv": [6, 86], "uv_size": [2, 2]},
								"south": {"uv": [8, 86], "uv_size": [2, 2]},
								"west": {"uv": [10, 86], "uv_size": [2, 2]},
								"up": {"uv": [12, 86], "uv_size": [2, 2]},
								"down": {"uv": [14, 88], "uv_size": [2, -2]}
							}
						},
						{
							"origin": [-2.00371, 37.24976, -3.05673],
							"size": [1.6, 1.4, 1.6],
							"pivot": [-1, 34.24823, 1.93454],
							"rotation": [-32.5, 0, 0],
							"uv": {
								"north": {"uv": [88, 40], "uv_size": [2, 1]},
								"east": {"uv": [44, 88], "uv_size": [2, 1]},
								"south": {"uv": [48, 88], "uv_size": [2, 1]},
								"west": {"uv": [88, 50], "uv_size": [2, 1]},
								"up": {"uv": [16, 86], "uv_size": [2, 2]},
								"down": {"uv": [18, 88], "uv_size": [2, -2]}
							}
						}
					]
				},
				{
					"name": "bunch38",
					"parent": "hair",
					"pivot": [-3, 29, 0],
					"rotation": [-16.79107, -5.12829, -21.93964],
					"cubes": [
						{
							"origin": [-1.7672, 34.27029, -2.79961],
							"size": [2, 3, 2],
							"uv": {
								"north": {"uv": [60, 77], "uv_size": [2, 3]},
								"east": {"uv": [62, 77], "uv_size": [2, 3]},
								"south": {"uv": [77, 63], "uv_size": [2, 3]},
								"west": {"uv": [64, 77], "uv_size": [2, 3]},
								"up": {"uv": [86, 18], "uv_size": [2, 2]},
								"down": {"uv": [86, 24], "uv_size": [2, -2]}
							}
						},
						{
							"origin": [-1.5672, 36.87773, -3.48744],
							"size": [1.6, 2.4, 1.6],
							"pivot": [-3, 32, -1],
							"rotation": [-10, 0, 0],
							"uv": {
								"north": {"uv": [86, 24], "uv_size": [2, 2]},
								"east": {"uv": [86, 26], "uv_size": [2, 2]},
								"south": {"uv": [86, 28], "uv_size": [2, 2]},
								"west": {"uv": [34, 86], "uv_size": [2, 2]},
								"up": {"uv": [86, 35], "uv_size": [2, 2]},
								"down": {"uv": [36, 88], "uv_size": [2, -2]}
							}
						}
					]
				},
				{
					"name": "bunch39",
					"parent": "hair",
					"pivot": [-3, 24, 3],
					"rotation": [21.57443, 30.65831, 39.62248],
					"cubes": [
						{
							"origin": [-9.09152, 28.11524, 1.98497],
							"size": [2.8, 1.8, 1.8],
							"uv": {
								"north": {"uv": [77, 21], "uv_size": [3, 2]},
								"east": {"uv": [86, 37], "uv_size": [2, 2]},
								"south": {"uv": [77, 55], "uv_size": [3, 2]},
								"west": {"uv": [38, 86], "uv_size": [2, 2]},
								"up": {"uv": [66, 77], "uv_size": [3, 2]},
								"down": {"uv": [77, 68], "uv_size": [3, -2]}
							}
						},
						{
							"origin": [-12.52267, 26.34429, 2.07497],
							"size": [1.62, 1.62, 1.62],
							"pivot": [-5.8, 23, 3],
							"rotation": [0, 0, 25],
							"uv": {
								"north": {"uv": [86, 39], "uv_size": [2, 2]},
								"east": {"uv": [44, 86], "uv_size": [2, 2]},
								"south": {"uv": [48, 86], "uv_size": [2, 2]},
								"west": {"uv": [86, 50], "uv_size": [2, 2]},
								"up": {"uv": [86, 52], "uv_size": [2, 2]},
								"down": {"uv": [86, 56], "uv_size": [2, -2]}
							}
						}
					]
				},
				{
					"name": "bunch40",
					"parent": "hair",
					"pivot": [-3, 26, 3],
					"rotation": [38.2742, 23.15979, 54.14317],
					"cubes": [
						{
							"origin": [-10.27101, 29.04382, 2.77555],
							"size": [2.8, 1.8, 1.8],
							"uv": {
								"north": {"uv": [77, 68], "uv_size": [3, 2]},
								"east": {"uv": [56, 86], "uv_size": [2, 2]},
								"south": {"uv": [69, 77], "uv_size": [3, 2]},
								"west": {"uv": [86, 56], "uv_size": [2, 2]},
								"up": {"uv": [77, 70], "uv_size": [3, 2]},
								"down": {"uv": [72, 79], "uv_size": [3, -2]}
							}
						},
						{
							"origin": [-12.87, 27.60683, 2.86555],
							"size": [1.62, 1.62, 1.62],
							"pivot": [-5.8, 25, 3],
							"rotation": [0, 0, 17.5],
							"uv": {
								"north": {"uv": [58, 86], "uv_size": [2, 2]},
								"east": {"uv": [86, 58], "uv_size": [2, 2]},
								"south": {"uv": [60, 86], "uv_size": [2, 2]},
								"west": {"uv": [62, 86], "uv_size": [2, 2]},
								"up": {"uv": [86, 63], "uv_size": [2, 2]},
								"down": {"uv": [86, 67], "uv_size": [2, -2]}
							}
						}
					]
				},
				{
					"name": "bunch41",
					"parent": "hair",
					"pivot": [-3, 29, 2],
					"rotation": [-21.17919, 14.17877, -12.49678],
					"cubes": [
						{
							"origin": [-2.74124, 34.57708, -0.81982],
							"size": [2, 3, 2],
							"uv": {
								"north": {"uv": [0, 78], "uv_size": [2, 3]},
								"east": {"uv": [2, 78], "uv_size": [2, 3]},
								"south": {"uv": [78, 3], "uv_size": [2, 3]},
								"west": {"uv": [4, 78], "uv_size": [2, 3]},
								"up": {"uv": [86, 67], "uv_size": [2, 2]},
								"down": {"uv": [86, 71], "uv_size": [2, -2]}
							}
						},
						{
							"origin": [-2.54124, 37.17634, -1.56062],
							"size": [1.6, 1.4, 1.6],
							"pivot": [-3, 32, 1],
							"rotation": [-10, 0, 0],
							"uv": {
								"north": {"uv": [88, 51], "uv_size": [2, 1]},
								"east": {"uv": [88, 52], "uv_size": [2, 1]},
								"south": {"uv": [88, 53], "uv_size": [2, 1]},
								"west": {"uv": [88, 54], "uv_size": [2, 1]},
								"up": {"uv": [86, 71], "uv_size": [2, 2]},
								"down": {"uv": [86, 75], "uv_size": [2, -2]}
							}
						},
						{
							"origin": [-2.54124, 37.87667, -2.36026],
							"size": [1.6, 1.4, 1.6],
							"pivot": [-3, 33.42054, 1.25529],
							"rotation": [-22.5, 0, 0],
							"uv": {
								"north": {"uv": [88, 55], "uv_size": [2, 1]},
								"east": {"uv": [56, 88], "uv_size": [2, 1]},
								"south": {"uv": [88, 56], "uv_size": [2, 1]},
								"west": {"uv": [88, 57], "uv_size": [2, 1]},
								"up": {"uv": [78, 86], "uv_size": [2, 2]},
								"down": {"uv": [82, 88], "uv_size": [2, -2]}
							}
						}
					]
				},
				{
					"name": "bunch42",
					"parent": "hair",
					"pivot": [3, 24, 3],
					"rotation": [15.41849, -27.66284, -47.49947],
					"cubes": [
						{
							"origin": [6.91798, 27.55372, 1.19788],
							"size": [2.8, 1.8, 1.8],
							"uv": {
								"north": {"uv": [6, 78], "uv_size": [3, 2]},
								"east": {"uv": [84, 86], "uv_size": [2, 2]},
								"south": {"uv": [78, 6], "uv_size": [3, 2]},
								"west": {"uv": [86, 86], "uv_size": [2, 2]},
								"up": {"uv": [78, 8], "uv_size": [3, 2]},
								"down": {"uv": [9, 80], "uv_size": [3, -2]}
							}
						},
						{
							"origin": [11.23312, 25.57063, 1.28788],
							"size": [1.62, 1.62, 1.62],
							"pivot": [5.8, 23, 3],
							"rotation": [0, 0, -25],
							"uv": {
								"north": {"uv": [0, 87], "uv_size": [2, 2]},
								"east": {"uv": [87, 0], "uv_size": [2, 2]},
								"south": {"uv": [2, 87], "uv_size": [2, 2]},
								"west": {"uv": [4, 87], "uv_size": [2, 2]},
								"up": {"uv": [87, 4], "uv_size": [2, 2]},
								"down": {"uv": [87, 8], "uv_size": [2, -2]}
							}
						}
					]
				},
				{
					"name": "bunch43",
					"parent": "hair",
					"pivot": [3, 26, 3],
					"rotation": [39.74973, -27.04616, -57.6183],
					"cubes": [
						{
							"origin": [7.51287, 29.04382, 2.3833],
							"size": [2.8, 1.8, 1.8],
							"uv": {
								"north": {"uv": [78, 10], "uv_size": [3, 2]},
								"east": {"uv": [87, 8], "uv_size": [2, 2]},
								"south": {"uv": [14, 78], "uv_size": [3, 2]},
								"west": {"uv": [87, 10], "uv_size": [2, 2]},
								"up": {"uv": [17, 78], "uv_size": [3, 2]},
								"down": {"uv": [78, 25], "uv_size": [3, -2]}
							}
						},
						{
							"origin": [11.28993, 27.59424, 2.4733],
							"size": [1.62, 1.62, 1.62],
							"pivot": [5.8, 25, 3],
							"rotation": [0, 0, -17.5],
							"uv": {
								"north": {"uv": [87, 12], "uv_size": [2, 2]},
								"east": {"uv": [87, 14], "uv_size": [2, 2]},
								"south": {"uv": [87, 16], "uv_size": [2, 2]},
								"west": {"uv": [20, 87], "uv_size": [2, 2]},
								"up": {"uv": [87, 20], "uv_size": [2, 2]},
								"down": {"uv": [22, 89], "uv_size": [2, -2]}
							}
						}
					]
				},
				{
					"name": "bunch44",
					"parent": "hair",
					"pivot": [3, 29, 2],
					"rotation": [-21.17919, -14.17877, 12.49678],
					"cubes": [
						{
							"origin": [0.74124, 34.57708, -0.81982],
							"size": [2, 3, 2],
							"uv": {
								"north": {"uv": [24, 78], "uv_size": [2, 3]},
								"east": {"uv": [78, 25], "uv_size": [2, 3]},
								"south": {"uv": [26, 78], "uv_size": [2, 3]},
								"west": {"uv": [28, 78], "uv_size": [2, 3]},
								"up": {"uv": [24, 87], "uv_size": [2, 2]},
								"down": {"uv": [26, 89], "uv_size": [2, -2]}
							}
						},
						{
							"origin": [0.94124, 37.17634, -1.56062],
							"size": [1.6, 1.4, 1.6],
							"pivot": [3, 32, 1],
							"rotation": [-10, 0, 0],
							"uv": {
								"north": {"uv": [58, 88], "uv_size": [2, 1]},
								"east": {"uv": [88, 58], "uv_size": [2, 1]},
								"south": {"uv": [88, 59], "uv_size": [2, 1]},
								"west": {"uv": [60, 88], "uv_size": [2, 1]},
								"up": {"uv": [28, 87], "uv_size": [2, 2]},
								"down": {"uv": [30, 89], "uv_size": [2, -2]}
							}
						},
						{
							"origin": [0.94124, 38.02891, -3.12562],
							"size": [1.6, 1.4, 1.6],
							"pivot": [3, 31.57278, 0.48993],
							"rotation": [-22.5, 0, 0],
							"uv": {
								"north": {"uv": [62, 88], "uv_size": [2, 1]},
								"east": {"uv": [88, 63], "uv_size": [2, 1]},
								"south": {"uv": [88, 64], "uv_size": [2, 1]},
								"west": {"uv": [88, 65], "uv_size": [2, 1]},
								"up": {"uv": [87, 30], "uv_size": [2, 2]},
								"down": {"uv": [32, 89], "uv_size": [2, -2]}
							}
						}
					]
				},
				{
					"name": "bunch45",
					"parent": "hair",
					"pivot": [0, 27, 3],
					"rotation": [-42.20988, -0.37653, -3.12115],
					"cubes": [
						{
							"origin": [-0.67332, 31.4361, -2.0267],
							"size": [2, 3, 2],
							"uv": {
								"north": {"uv": [78, 28], "uv_size": [2, 3]},
								"east": {"uv": [78, 31], "uv_size": [2, 3]},
								"south": {"uv": [78, 38], "uv_size": [2, 3]},
								"west": {"uv": [40, 78], "uv_size": [2, 3]},
								"up": {"uv": [87, 32], "uv_size": [2, 2]},
								"down": {"uv": [40, 89], "uv_size": [2, -2]}
							}
						},
						{
							"origin": [-0.47332, 34.06827, -2.19801],
							"size": [1.6, 1.4, 1.6],
							"pivot": [0, 30, 2],
							"rotation": [-5, 0, 0],
							"uv": {
								"north": {"uv": [88, 66], "uv_size": [2, 1]},
								"east": {"uv": [88, 67], "uv_size": [2, 1]},
								"south": {"uv": [88, 68], "uv_size": [2, 1]},
								"west": {"uv": [88, 69], "uv_size": [2, 1]},
								"up": {"uv": [87, 41], "uv_size": [2, 2]},
								"down": {"uv": [42, 89], "uv_size": [2, -2]}
							}
						},
						{
							"origin": [-0.47332, 34.59616, -3.74589],
							"size": [1.6, 1.4, 1.6],
							"pivot": [0, 28.57623, 1.2284],
							"rotation": [-17.5, 0, 0],
							"uv": {
								"north": {"uv": [88, 70], "uv_size": [2, 1]},
								"east": {"uv": [88, 71], "uv_size": [2, 1]},
								"south": {"uv": [88, 72], "uv_size": [2, 1]},
								"west": {"uv": [88, 73], "uv_size": [2, 1]},
								"up": {"uv": [87, 43], "uv_size": [2, 2]},
								"down": {"uv": [87, 47], "uv_size": [2, -2]}
							}
						}
					]
				},
				{
					"name": "bunch46",
					"parent": "hair",
					"pivot": [-1, 24, 3],
					"rotation": [-42.1255, 2.60001, 1.14243],
					"cubes": [
						{
							"origin": [-2.1195, 28.44554, -2.02777],
							"size": [2, 3, 2],
							"uv": {
								"north": {"uv": [78, 41], "uv_size": [2, 3]},
								"east": {"uv": [51, 78], "uv_size": [2, 3]},
								"south": {"uv": [78, 57], "uv_size": [2, 3]},
								"west": {"uv": [78, 60], "uv_size": [2, 3]},
								"up": {"uv": [46, 87], "uv_size": [2, 2]},
								"down": {"uv": [87, 49], "uv_size": [2, -2]}
							}
						},
						{
							"origin": [-1.9195, 29.9043, -2.81073],
							"size": [1.6, 2.4, 1.6],
							"pivot": [-1, 27, 2],
							"rotation": [-15, 0, 0],
							"uv": {
								"north": {"uv": [50, 87], "uv_size": [2, 2]},
								"east": {"uv": [52, 87], "uv_size": [2, 2]},
								"south": {"uv": [54, 87], "uv_size": [2, 2]},
								"west": {"uv": [87, 60], "uv_size": [2, 2]},
								"up": {"uv": [64, 87], "uv_size": [2, 2]},
								"down": {"uv": [66, 89], "uv_size": [2, -2]}
							}
						}
					]
				},
				{
					"name": "bunch47",
					"parent": "hair",
					"pivot": [2, 28, 3],
					"rotation": [-42.00167, 4.65619, 2.44526],
					"cubes": [
						{
							"origin": [0.74486, 32.44079, -2.0267],
							"size": [2, 3, 2],
							"uv": {
								"north": {"uv": [78, 72], "uv_size": [2, 3]},
								"east": {"uv": [75, 78], "uv_size": [2, 3]},
								"south": {"uv": [78, 75], "uv_size": [2, 3]},
								"west": {"uv": [77, 78], "uv_size": [2, 3]},
								"up": {"uv": [68, 87], "uv_size": [2, 2]},
								"down": {"uv": [70, 89], "uv_size": [2, -2]}
							}
						},
						{
							"origin": [0.94486, 35.26092, -2.01657],
							"size": [1.6, 1.4, 1.6],
							"pivot": [2, 31, 2],
							"rotation": [-2.5, 0, 0],
							"uv": {
								"north": {"uv": [88, 74], "uv_size": [2, 1]},
								"east": {"uv": [78, 88], "uv_size": [2, 1]},
								"south": {"uv": [82, 88], "uv_size": [2, 1]},
								"west": {"uv": [84, 88], "uv_size": [2, 1]},
								"up": {"uv": [72, 87], "uv_size": [2, 2]},
								"down": {"uv": [74, 89], "uv_size": [2, -2]}
							}
						}
					]
				},
				{
					"name": "bunch48",
					"parent": "hair",
					"pivot": [-2, 28, 3],
					"rotation": [-41.58836, -7.98973, -6.19522],
					"cubes": [
						{
							"origin": [-2.35879, 32.40165, -2.0267],
							"size": [2, 3, 2],
							"uv": {
								"north": {"uv": [79, 0], "uv_size": [2, 3]},
								"east": {"uv": [12, 79], "uv_size": [2, 3]},
								"south": {"uv": [79, 12], "uv_size": [2, 3]},
								"west": {"uv": [79, 15], "uv_size": [2, 3]},
								"up": {"uv": [87, 75], "uv_size": [2, 2]},
								"down": {"uv": [76, 89], "uv_size": [2, -2]}
							}
						},
						{
							"origin": [-2.15879, 34.8384, -2.36678],
							"size": [1.6, 1.4, 1.6],
							"pivot": [-2, 31, 2],
							"rotation": [-7.5, 0, 0],
							"uv": {
								"north": {"uv": [86, 88], "uv_size": [2, 1]},
								"east": {"uv": [88, 86], "uv_size": [2, 1]},
								"south": {"uv": [88, 87], "uv_size": [2, 1]},
								"west": {"uv": [88, 88], "uv_size": [2, 1]},
								"up": {"uv": [87, 77], "uv_size": [2, 2]},
								"down": {"uv": [87, 81], "uv_size": [2, -2]}
							}
						}
					]
				},
				{
					"name": "rightEarring",
					"parent": "head",
					"pivot": [-4.2, 26.5, -1.5]
				},
				{
					"name": "cape",
					"parent": "body",
					"pivot": [0, 27, 3]
				},
				{
					"name": "leftArm",
					"parent": "body",
					"pivot": [5, 25, 0]
				},
				{
					"name": "leftSleeve",
					"parent": "leftArm",
					"pivot": [5, 25, 0]
				},
				{
					"name": "leftForearm",
					"parent": "leftArm",
					"pivot": [6, 21, 2],
					"cubes": [
						{
							"origin": [5, 12, -2],
							"size": [4, 15, 4],
							"uv": {
								"north": {"uv": [40, 34], "uv_size": [4, 15]},
								"east": {"uv": [0, 43], "uv_size": [4, 15]},
								"south": {"uv": [4, 43], "uv_size": [4, 15]},
								"west": {"uv": [8, 43], "uv_size": [4, 15]},
								"down": {"uv": [29, 72], "uv_size": [4, -4]}
							}
						}
					]
				},
				{
					"name": "leftSleeve2",
					"parent": "leftForearm",
					"pivot": [6, 21, 2]
				},
				{
					"name": "leftJamb",
					"parent": "leftArm",
					"pivot": [5, 25, 0],
					"cubes": [
						{
							"origin": [6, 22.5, -2],
							"size": [7, 4, 4],
							"inflate": 0.25,
							"pivot": [0, 3, 0],
							"rotation": [0, 0, -5],
							"uv": {
								"north": {"uv": [64, 23], "uv_size": [7, 4]},
								"east": {"uv": [33, 68], "uv_size": [4, 4]},
								"south": {"uv": [64, 27], "uv_size": [7, 4]},
								"west": {"uv": [37, 68], "uv_size": [4, 4]},
								"up": {"uv": [29, 64], "uv_size": [7, 4]},
								"down": {"uv": [64, 35], "uv_size": [7, -4]}
							}
						}
					]
				},
				{
					"name": "rightArm",
					"parent": "body",
					"pivot": [-5, 25, 0]
				},
				{
					"name": "rightSleeve",
					"parent": "rightArm",
					"pivot": [-5, 25, 0]
				},
				{
					"name": "rightForearm",
					"parent": "rightArm",
					"pivot": [-6, 21, 2],
					"cubes": [
						{
							"origin": [-9, 12, -2],
							"size": [4, 15, 4],
							"uv": {
								"north": {"uv": [12, 43], "uv_size": [4, 15]},
								"east": {"uv": [16, 43], "uv_size": [4, 15]},
								"south": {"uv": [20, 43], "uv_size": [4, 15]},
								"west": {"uv": [24, 43], "uv_size": [4, 15]},
								"down": {"uv": [68, 45], "uv_size": [4, -4]}
							}
						},
						{
							"origin": [-13, 23.5, -2],
							"size": [7, 4, 4],
							"inflate": 0.25,
							"pivot": [-11, 3, 0],
							"rotation": [0, 0, 5],
							"uv": {
								"north": {"uv": [36, 64], "uv_size": [7, 4]},
								"east": {"uv": [51, 68], "uv_size": [4, 4]},
								"south": {"uv": [51, 64], "uv_size": [7, 4]},
								"west": {"uv": [68, 67], "uv_size": [4, 4]},
								"up": {"uv": [65, 47], "uv_size": [7, 4]},
								"down": {"uv": [65, 55], "uv_size": [7, -4]}
							}
						}
					]
				},
				{
					"name": "rightItem",
					"parent": "rightForearm",
					"pivot": [-6, 18, 1],
					"locators": {
						"lead_hold": [-6, 18, 1]
					}
				},
				{
					"name": "rightSleeve2",
					"parent": "rightForearm",
					"pivot": [-6, 21, 2]
				},
				{
					"name": "rightJamb",
					"parent": "rightArm",
					"pivot": [-5, 25, 0],
					"cubes": [
						{
							"origin": [-12.8, 20.5, -3],
							"size": [6, 6, 6],
							"inflate": 0.25,
							"pivot": [0, 3, 0],
							"rotation": [0, 0, 5],
							"uv": {
								"north": {"uv": [58, 13], "uv_size": [6, 6]},
								"east": {"uv": [18, 58], "uv_size": [6, 6]},
								"south": {"uv": [58, 19], "uv_size": [6, 6]},
								"west": {"uv": [24, 58], "uv_size": [6, 6]},
								"up": {"uv": [58, 25], "uv_size": [6, 6]},
								"down": {"uv": [30, 64], "uv_size": [6, -6]}
							}
						},
						{
							"origin": [-10.6, 11, -3],
							"size": [6.4, 8, 6],
							"inflate": 0.25,
							"pivot": [0, 3, 0],
							"rotation": [0, 0, -5],
							"uv": {
								"north": {"uv": [52, 24], "uv_size": [6, 8]},
								"east": {"uv": [52, 32], "uv_size": [6, 8]},
								"south": {"uv": [48, 53], "uv_size": [6, 8]},
								"west": {"uv": [54, 40], "uv_size": [6, 8]},
								"up": {"uv": [58, 31], "uv_size": [6, 6]},
								"down": {"uv": [59, 54], "uv_size": [6, -6]}
							}
						},
						{
							"origin": [-12.6, 17.5, -2.8],
							"size": [5.5, 3, 5.5],
							"inflate": 0.25,
							"pivot": [0, 3, 0],
							"rotation": [0, 0, 5],
							"uv": {
								"north": {"uv": [66, 35], "uv_size": [6, 3]},
								"east": {"uv": [66, 38], "uv_size": [6, 3]},
								"south": {"uv": [58, 66], "uv_size": [6, 3]},
								"west": {"uv": [0, 67], "uv_size": [6, 3]},
								"up": {"uv": [59, 54], "uv_size": [6, 6]},
								"down": {"uv": [60, 43], "uv_size": [6, -6]}
							}
						},
						{
							"origin": [-10.1, 6.5, -2.8],
							"size": [5.5, 4, 5.5],
							"inflate": 0.25,
							"pivot": [0, 3, 0],
							"rotation": [0, 0, -5],
							"uv": {
								"north": {"uv": [65, 55], "uv_size": [6, 4]},
								"east": {"uv": [65, 59], "uv_size": [6, 4]},
								"south": {"uv": [65, 63], "uv_size": [6, 4]},
								"west": {"uv": [9, 66], "uv_size": [6, 4]},
								"up": {"uv": [59, 60], "uv_size": [6, 6]},
								"down": {"uv": [45, 67], "uv_size": [6, -6]}
							}
						}
					]
				},
				{
					"name": "jacket",
					"parent": "body",
					"pivot": [0, 27, 0]
				},
				{
					"name": "leftLeg",
					"parent": "root",
					"pivot": [1.9, 15, 0],
					"cubes": [
						{
							"origin": [0.5, 0, -2],
							"size": [4, 15, 4],
							"uv": {
								"north": {"uv": [28, 43], "uv_size": [4, 15]},
								"east": {"uv": [32, 43], "uv_size": [4, 15]},
								"south": {"uv": [36, 43], "uv_size": [4, 15]},
								"west": {"uv": [44, 26], "uv_size": [4, 15]},
								"up": {"uv": [15, 69], "uv_size": [4, 4]}
							}
						},
						{
							"origin": [0.5, 0, -4],
							"size": [4, 2, 2],
							"uv": {
								"north": {"uv": [8, 70], "uv_size": [4, 2]},
								"east": {"uv": [80, 87], "uv_size": [2, 2]},
								"south": {"uv": [70, 13], "uv_size": [4, 2]},
								"west": {"uv": [87, 81], "uv_size": [2, 2]},
								"up": {"uv": [70, 15], "uv_size": [4, 2]}
							}
						},
						{
							"origin": [0.5, 0, -4],
							"size": [4, 0, 2],
							"uv": {
								"north": {"uv": [0, 0], "uv_size": [4, 0]},
								"east": {"uv": [0, 0], "uv_size": [2, 0]},
								"south": {"uv": [0, 0], "uv_size": [4, 0]},
								"west": {"uv": [0, 0], "uv_size": [2, 0]},
								"up": {"uv": [70, 17], "uv_size": [4, 2]}
							}
						},
						{
							"origin": [0.5, 0, -2],
							"size": [4, 0, 4],
							"uv": {
								"north": {"uv": [0, 0], "uv_size": [4, 0]},
								"east": {"uv": [0, 0], "uv_size": [4, 0]},
								"south": {"uv": [0, 0], "uv_size": [4, 0]},
								"west": {"uv": [0, 0], "uv_size": [4, 0]},
								"up": {"uv": [19, 69], "uv_size": [4, 4]}
							}
						}
					]
				},
				{
					"name": "leftPants",
					"parent": "leftLeg",
					"pivot": [1.9, 15, 0]
				},
				{
					"name": "leftLeg2",
					"parent": "leftLeg",
					"pivot": [1.9, 9, -2]
				},
				{
					"name": "leftPants2",
					"parent": "leftLeg2",
					"pivot": [1.9, 9, -2]
				},
				{
					"name": "rightLeg",
					"parent": "root",
					"pivot": [-1.9, 15, 0],
					"cubes": [
						{
							"origin": [-4.5, 0, -4],
							"size": [4, 0, 2],
							"uv": {
								"north": {"uv": [0, 0], "uv_size": [4, 0]},
								"east": {"uv": [0, 0], "uv_size": [2, 0]},
								"south": {"uv": [0, 0], "uv_size": [4, 0]},
								"west": {"uv": [0, 0], "uv_size": [2, 0]},
								"up": {"uv": [70, 19], "uv_size": [4, 2]}
							}
						},
						{
							"origin": [-4.5, 0, -4],
							"size": [4, 2, 2],
							"uv": {
								"north": {"uv": [70, 21], "uv_size": [4, 2]},
								"east": {"uv": [87, 83], "uv_size": [2, 2]},
								"south": {"uv": [71, 8], "uv_size": [4, 2]},
								"west": {"uv": [88, 2], "uv_size": [2, 2]},
								"up": {"uv": [71, 10], "uv_size": [4, 2]}
							}
						},
						{
							"origin": [-4.5, 0, -2],
							"size": [4, 15, 4],
							"uv": {
								"north": {"uv": [44, 41], "uv_size": [4, 15]},
								"east": {"uv": [48, 0], "uv_size": [4, 15]},
								"south": {"uv": [48, 15], "uv_size": [4, 15]},
								"west": {"uv": [48, 30], "uv_size": [4, 15]},
								"up": {"uv": [23, 69], "uv_size": [4, 4]}
							}
						},
						{
							"origin": [-4.5, 0, -2],
							"size": [4, 0, 4],
							"uv": {
								"north": {"uv": [0, 0], "uv_size": [4, 0]},
								"east": {"uv": [0, 0], "uv_size": [4, 0]},
								"south": {"uv": [0, 0], "uv_size": [4, 0]},
								"west": {"uv": [0, 0], "uv_size": [4, 0]},
								"up": {"uv": [55, 69], "uv_size": [4, 4]}
							}
						}
					]
				},
				{
					"name": "rightPants",
					"parent": "rightLeg",
					"pivot": [-1.9, 15, 0]
				},
				{
					"name": "rightLeg2",
					"parent": "rightLeg",
					"pivot": [-1.9, 9, -2]
				},
				{
					"name": "rightPants2",
					"parent": "rightLeg2",
					"pivot": [-1.9, 9, -2]
				}
			]
		}
	]
}