{
	"format_version": "1.8.0",
	"animations": {
		"animation.chant": {
			"loop": true,
			"animation_length": 1.5,
			"bones": {
				"Main": {
					"rotation": {
						"0.0": [0, 0, 0],
						"0.375": [9.40604, 18.23257, -3.76887],
						"0.75": [0, 0, 0],
						"1.125": [9.40604, -18.23257, 3.76887],
						"1.5": [0, 0, 0]
					},
					"position": {
						"0.0": [0, 0, 0],
						"0.4167": [0, -1, 0],
						"0.75": [0, 0, 0],
						"1.1667": [0, -1, 0],
						"1.5": [0, 0, 0]
					}
				}
			}
		}
	}
}