{
	"format_version": "1.8.0",
	"animations": {
		"animation.door.open": {
			"loop": "hold_on_last_frame",
			"animation_length": 1.5,
			"bones": {
				"LeftDoor": {
					"rotation": {
						"0.0": [0, 0, 0],
						"1.5": [0, 80, 0]
					},
					"position": {
						"0.0": [0, 0, 0],
						"0.25": [0.5, 0, 0],
						"1.5": [1, 0, 0]
					}
				},
				"RightDoor": {
					"rotation": {
						"0.0": [0, 0, 0],
						"1.5": [0, -80, 0]
					},
					"position": {
						"0.0": [0, 0, 0],
						"0.25": [-0.5, 0, 0],
						"1.5": [-1, 0, 0]
					}
				}
			}
		}
	}
}