{"animations":{"animation.door.close":{"animation_length":1.66667,"bones":{"LeftDoor":{"position":{"0.0":[1,0,0],"1.25":[0.5,0,0],"1.5":[0,0,0]},"rotation":{"0.0":[0,80,0],"1.5":[0,0,0]}},"RightDoor":{"position":{"0.0":[-1,0,0],"1.25":[-0.5,0,0],"1.5":[0,0,0]},"rotation":{"0.0":[0,-80,0],"1.5":[0,0,0]}}},"loop":"hold_on_last_frame"}},"format_version":"1.8.0"}ghtDoor": {
					"rotation": {
						"0.0": [0, -80, 0],
						"1.5": [0, 0, 0]
					},
					"position": {
						"0.0": [-1, 0, 0],
						"1.25": [-0.5, 0, 0],
						"1.5": [0, 0, 0]
					}
				}
			}
		}
	}
}