{
  "format_version": "1.8.0",
  "animations": {
    "animation.pa_kokeshi2.bob2": {
      "loop": true,
      "animation_length": 1.5,
      "bones": {
        "Main": {
          "rotation": {
            "0.0": [
              -1.5,
              0,
              0
            ],
            "0.4583": [
              0,
              0,
              1.5
            ],
            "0.7917": [
              1.5,
              0,
              0
            ],
            "1.25": [
              0,
              0,
              -1.5
            ],
            "1.5": [
              -1.5,
              0,
              0
            ]
          },
          "position": {
            "0.0": [
              0,
              0,
              0
            ],
            "0.4583": [
              0,
              1,
              0
            ],
            "0.7917": [
              0,
              1,
              0
            ],
            "1.25": [
              0,
              -0.29,
              0
            ],
            "1.5": [
              0,
              0,
              0
            ]
          }
        }
      }
    }
  }
}