{
	"format_version": "1.8.0",
	"animations": {
		"animation.player.sit": {
			"loop": "hold_on_last_frame",
			"animation_length": 1,
			"bones": {
				"body": {
					"rotation": {
						"0.0": [0, 0, 0],
						"0.7917": [0, 0, 0]
					},
					"position": {
						"0.0": [0, 0, 0],
						"0.4167": [0, -4.26, 3.16],
						"0.7917": [0, -10, 6]
					}
				},
				"head": {
					"rotation": {
						"0.0": [0, 0, 0],
						"0.25": [0, 0, 0],
						"0.7917": [5, 0, 0]
					},
					"position": {
						"0.0": [0, 0, 0],
						"0.7917": [0, 0, 0]
					}
				},
				"rightArm": {
					"rotation": {
						"0.0": [0, 0, 0],
						"0.2917": [7.86589, -0.80983, 5.96683],
						"0.5417": [5.9, -0.1, 3.05],
						"0.7917": [-4.99527, 0.21782, 2.4905]
					},
					"position": {
						"0.0": [0, 0, 0],
						"0.7917": [0, 0, 0]
					}
				},
				"leftArm": {
					"rotation": {
						"0.0": [0, 0, 0],
						"0.2917": [5.38894, -0.05607, -6.06273],
						"0.5417": [4.53, -0.13, -4.44],
						"0.7917": [-4.99527, -0.21782, -2.4905]
					},
					"position": {
						"0.0": [0, 0, 0],
						"0.7917": [0, 0, 0]
					}
				},
				"rightLeg": {
					"rotation": {
						"0.0": [0, 0, 0],
						"0.4583": [-62.08, 5.78, 0.26],
						"0.7917": [-89.96148, 9.99038, 0.44067]
					},
					"position": {
						"0.0": [0, 0, 0],
						"0.7917": [0, -10, 6]
					}
				},
				"leftLeg": {
					"rotation": {
						"0.0": [0, 0, 0],
						"0.4583": [-62.08296, -5.78391, -0.25512],
						"0.7917": [-89.96148, -9.99038, -0.44067]
					},
					"position": {
						"0.0": [0, 0, 0],
						"0.7917": [0, -10, 6]
					}
				}
			}
		}
	}
}