{
	"format_version": "1.12.0",
	"minecraft:geometry": [
		{
			"description": {
				"identifier": "geometry.big_speakerman_titan",
				"texture_width": 128,
				"texture_height": 128,
				"visible_bounds_width": 4,
				"visible_bounds_height": 7,
				"visible_bounds_offset": [0, 3.5, 0]
			},
			"bones": [
				{
					"name": "ALL",
					"pivot": [0, 0, 0]
				},
				{
					"name": "body1",
					"parent": "ALL",
					"pivot": [0, 30, 0],
					"rotation": [2.5, 0, 0],
					"cubes": [
						{"origin": [-6, 26, -3], "size": [12, 8, 6], "inflate": 0.1, "uv": [0, 23]}
					]
				},
				{
					"name": "body2",
					"parent": "body1",
					"pivot": [0, 34, 0],
					"rotation": [5, 0, 0],
					"cubes": [
						{"origin": [-6, 34, -3], "size": [12, 4, 6], "inflate": 0.1, "uv": [32, 0], "mirror": true}
					]
				},
				{
					"name": "body3",
					"parent": "body2",
					"pivot": [0, 38, 0],
					"rotation": [5, 0, 0],
					"cubes": [
						{"origin": [-6, 38, -3], "size": [12, 4, 6], "inflate": 0.1, "uv": [30, 17]},
						{"origin": [-3, 35, -6], "size": [6, 6, 3], "inflate": 0.1, "uv": [68, 0]}
					]
				},
				{
					"name": "head",
					"parent": "body3",
					"pivot": [0, 42, 0],
					"cubes": [
						{"origin": [-4, 42, -4], "size": [8, 8, 8], "uv": [28, 29]}
					]
				},
				{
					"name": "head1",
					"parent": "head",
					"pivot": [0, 41.85, 0],
					"cubes": [
						{"origin": [-4, 42, -4], "size": [8, 15, 8], "inflate": 0.1, "uv": [0, 0]},
						{"origin": [-1, 57, -1], "size": [2, 5, 2], "inflate": 0.1, "uv": [0, 0]},
						{"origin": [2, 57, -1], "size": [2, 5, 2], "inflate": 0.1, "uv": [0, 0]},
						{"origin": [-4, 57, -1], "size": [2, 5, 2], "inflate": 0.1, "uv": [0, 0]},
						{"origin": [0, 62, -1], "size": [0, 12, 2], "inflate": 0.1, "uv": [0, 114]},
						{"origin": [-3, 62, -1], "size": [0, 12, 2], "inflate": 0.1, "uv": [0, 114]},
						{"origin": [3, 62, -1], "size": [0, 12, 2], "inflate": 0.1, "uv": [0, 114]}
					]
				},
				{
					"name": "rightArm",
					"parent": "body3",
					"pivot": [-7, 41, 1],
					"rotation": [-2.49762, 0.10901, 2.49762],
					"cubes": [
						{"origin": [-11, 27, -2], "size": [5, 15, 5], "inflate": 0.1, "uv": [20, 67]},
						{"origin": [-10, 25, 2], "size": [3, 3, 8], "inflate": 0.1, "uv": [78, 58]},
						{"origin": [-9, 25, 10], "size": [1, 3, 8], "inflate": 0.1, "uv": [0, 80]},
						{"origin": [-3, 42, -2], "size": [9, 7, 5], "inflate": 0.1, "pivot": [-2, 0, 1], "rotation": [0, 0, -15], "uv": [60, 10]},
						{"origin": [-2, 43, 3], "size": [7, 5, 1], "inflate": 0.1, "pivot": [-2, 0, 1], "rotation": [0, 0, -15], "uv": [32, 10]}
					]
				},
				{
					"name": "rightArm1",
					"parent": "rightArm",
					"pivot": [-7, 27, 1],
					"rotation": [-17.5, 0, 0],
					"cubes": [
						{"origin": [-11, 10, -2], "size": [5, 17, 5], "inflate": 0.1, "uv": [20, 45]}
					]
				},
				{
					"name": "leftArm",
					"parent": "body3",
					"pivot": [7, 41, 1],
					"rotation": [-2.49762, -0.10901, -2.49762],
					"cubes": [
						{"origin": [6, 27, -2], "size": [5, 15, 5], "inflate": 0.1, "uv": [20, 67]},
						{"origin": [7, 25, 2], "size": [3, 3, 8], "inflate": 0.1, "uv": [78, 58]},
						{"origin": [8, 25, 10], "size": [1, 3, 8], "inflate": 0.1, "uv": [0, 80]},
						{"origin": [-6, 42, -2], "size": [9, 7, 5], "inflate": 0.1, "pivot": [2, 0, 1], "rotation": [0, 0, 15], "uv": [60, 10]},
						{"origin": [-5, 43, 3], "size": [7, 5, 1], "inflate": 0.1, "pivot": [2, 0, 1], "rotation": [0, 0, 15], "uv": [32, 10]}
					]
				},
				{
					"name": "leftArm1",
					"parent": "leftArm",
					"pivot": [7, 27, 1],
					"rotation": [-17.5, 0, 0],
					"cubes": [
						{"origin": [6, 10, -2], "size": [5, 17, 5], "inflate": 0.1, "uv": [20, 45]}
					]
				},
				{
					"name": "bone",
					"parent": "leftArm",
					"pivot": [9, 43, 1]
				},
				{
					"name": "rightLeg",
					"parent": "body1",
					"pivot": [-1, 29, 0],
					"rotation": [-4.99527, 0.21782, 2.4905],
					"cubes": [
						{"origin": [-5, 15, -2], "size": [5, 11, 5], "inflate": 0.1, "uv": [40, 69]}
					]
				},
				{
					"name": "rightLeg1",
					"parent": "rightLeg",
					"pivot": [-1, 15, 0],
					"rotation": [7.5, 0, 0],
					"cubes": [
						{"origin": [-5, 0, -2], "size": [5, 15, 5], "inflate": 0.1, "uv": [61, 22]}
					]
				},
				{
					"name": "leftLeg",
					"parent": "body1",
					"pivot": [1, 29, 0],
					"rotation": [-4.99527, -0.21782, -2.4905],
					"cubes": [
						{"origin": [0, 15, -2], "size": [5, 11, 5], "inflate": 0.1, "uv": [68, 42]}
					]
				},
				{
					"name": "leftLeg1",
					"parent": "leftLeg",
					"pivot": [1, 15, 0],
					"rotation": [7.5, 0, 0],
					"cubes": [
						{"origin": [0, 0, -2], "size": [5, 15, 5], "inflate": 0.1, "uv": [0, 60]}
					]
				}
			]
		}
	]
}