{
	"format_version": "1.12.0",
	"minecraft:geometry": [
		{
			"description": {
				"identifier": "geometry.big_cameraman_titan",
				"texture_width": 128,
				"texture_height": 128,
				"visible_bounds_width": 3,
				"visible_bounds_height": 4,
				"visible_bounds_offset": [0, 2, 0]
			},
			"bones": [
				{
					"name": "bone",
					"pivot": [0, 16, 0],
					"cubes": [
						{"origin": [-4.5, 16, -3], "size": [10, 3, 6], "uv": [17, 96]}
					]
				},
				{
					"name": "bone2",
					"parent": "bone",
					"pivot": [0, 21, 0],
					"cubes": [
						{"origin": [-9, 19, -4], "size": [18, 13, 9], "uv": [0, 0]},
						{"origin": [-3, 24, -8], "size": [7, 7, 4], "uv": [12, 34]},
						{"origin": [-2, 25, -9], "size": [5, 5, 1], "uv": [0, 122]},
						{"origin": [-2, 25, -10], "size": [5, 5, 1], "uv": [0, 122]}
					]
				},
				{
					"name": "bone3",
					"parent": "bone2",
					"pivot": [4, 16, -2]
				},
				{
					"name": "bone7",
					"parent": "bone2",
					"pivot": [-9, 31, 0],
					"cubes": [
						{"origin": [-13, 22, -2.5], "size": [4, 10, 6], "uv": [40, 68]},
						{"origin": [-14, 34, -5.5], "size": [6, 6, 12], "uv": [42, 10]},
						{"origin": [-13, 35, -7.5], "size": [4, 4, 2], "uv": [0, 45]},
						{"origin": [-12, 32, -1.5], "size": [2, 2, 4], "uv": [42, 22]}
					]
				},
				{
					"name": "bone8",
					"parent": "bone7",
					"pivot": [-11, 28, 1],
					"cubes": [
						{"origin": [-13, 17, -2.5], "size": [4, 11, 6], "uv": [0, 65]}
					]
				},
				{
					"name": "bone9",
					"parent": "bone8",
					"pivot": [-11, 19, 0],
					"cubes": [
						{"origin": [-13, 9, -2.5], "size": [4, 11, 6], "uv": [58, 28]}
					]
				},
				{
					"name": "bone10",
					"parent": "bone9",
					"pivot": [-11, 11, 0],
					"cubes": [
						{"origin": [-13, 3, -2.5], "size": [4, 9, 6], "uv": [78, 22]}
					]
				},
				{
					"name": "bone4",
					"parent": "bone2",
					"pivot": [9, 31, 0],
					"cubes": [
						{"origin": [9, 22, -2.5], "size": [4, 10, 6], "pivot": [11, 27, 0.5], "rotation": [0, 180, 0], "uv": [20, 65]},
						{"origin": [10, 32, -1.5], "size": [2, 2, 4], "pivot": [11, 27, 0.5], "rotation": [0, 180, 0], "uv": [42, 22]},
						{"origin": [9, 35, 6.5], "size": [4, 4, 2], "pivot": [11, 27, 0.5], "rotation": [0, 180, 0], "uv": [0, 22]},
						{"origin": [8, 34, -5.5], "size": [6, 6, 12], "pivot": [11, 27, 0.5], "rotation": [0, 180, 0], "uv": [42, 10]}
					]
				},
				{
					"name": "bone5",
					"parent": "bone4",
					"pivot": [12, 28, 1],
					"cubes": [
						{"origin": [9, 17, -2.5], "size": [4, 11, 6], "pivot": [11, 22.5, 0.5], "rotation": [0, 180, 0], "uv": [54, 51]}
					]
				},
				{
					"name": "bone6",
					"parent": "bone5",
					"pivot": [12, 19, 1],
					"cubes": [
						{"origin": [9, 9, -2.5], "size": [4, 11, 6], "pivot": [11, 14.5, 0.5], "rotation": [0, 180, 0], "uv": [34, 51]}
					]
				},
				{
					"name": "bone11",
					"parent": "bone6",
					"pivot": [12, 11, 0],
					"cubes": [
						{"origin": [9, 3, -2.5], "size": [4, 9, 6], "pivot": [11, 7.5, 0.5], "rotation": [0, 180, 0], "uv": [76, 75]}
					]
				},
				{
					"name": "head",
					"parent": "bone2",
					"pivot": [0, 32, -2],
					"cubes": [
						{"origin": [-4, 32, -7], "size": [8, 8, 15], "uv": [0, 22]},
						{"origin": [-2, 34, -9], "size": [4, 4, 2], "uv": [0, 51]},
						{"origin": [-4, 32, -11], "size": [8, 8, 2], "uv": [18, 81]},
						{"origin": [-1, 35, -15], "size": [2, 2, 4], "uv": [0, 86]},
						{"origin": [-4, 38, -13], "size": [8, 2, 2], "uv": [75, 4]},
						{"origin": [-4, 32, -13], "size": [8, 2, 2], "uv": [69, 0]},
						{"origin": [-4, 34, -13], "size": [2, 4, 2], "uv": [77, 66]},
						{"origin": [2, 34, -13], "size": [2, 4, 2], "uv": [14, 65]}
					]
				},
				{
					"name": "bone12",
					"parent": "head",
					"pivot": [0, 40, 6],
					"cubes": [
						{"origin": [-2, 37, 0], "size": [4, 7, 13], "pivot": [0, 40, 6], "rotation": [-35, 0, 0], "uv": [0, 45]},
						{"origin": [-1, 39, -5], "size": [2, 5, 2], "pivot": [0, 40, 6], "rotation": [-2.5, 0, 0], "uv": [0, 0]},
						{"origin": [-1, 42, -3], "size": [2, 2, 6], "pivot": [0, 40, 6], "rotation": [-2.5, 0, 0], "uv": [31, 22]},
						{"origin": [2, 37, 0], "size": [2, 2, 2], "pivot": [0, 40, 6], "rotation": [-35, 0, 0], "uv": [45, 28]},
						{"origin": [4, 37, 0], "size": [2, 4, 2], "pivot": [0, 40, 6], "rotation": [-35, 0, 0], "uv": [48, 51]}
					]
				},
				{
					"name": "bone17",
					"parent": "bone2",
					"pivot": [9, 31, 0]
				},
				{
					"name": "bone18",
					"parent": "bone2",
					"pivot": [-9, 31, 0]
				},
				{
					"name": "bone19",
					"parent": "bone2",
					"pivot": [-9, 31, 0]
				},
				{
					"name": "bone20",
					"parent": "bone2",
					"pivot": [9, 31, 0]
				},
				{
					"name": "bone13",
					"parent": "bone",
					"pivot": [-4, 16, 0]
				},
				{
					"name": "bone14",
					"parent": "bone13",
					"pivot": [-4, 8, 0],
					"cubes": [
						{"origin": [-7.5, 0, -2.5], "size": [6, 8, 5], "uv": [60, 68]},
						{"origin": [-7.5, 8, -2.5], "size": [6, 8, 5], "uv": [60, 68]}
					]
				},
				{
					"name": "bone15",
					"parent": "bone",
					"pivot": [4, 16, 0],
					"cubes": [
						{"origin": [1.5, 8, -2.5], "size": [6, 8, 5], "uv": [60, 68]}
					]
				},
				{
					"name": "bone16",
					"parent": "bone15",
					"pivot": [5, 8, 0],
					"cubes": [
						{"origin": [1.5, 0, -2.5], "size": [6, 8, 5], "uv": [60, 68]}
					]
				}
			]
		}
	]
}