{
	"format_version": "1.12.0",
	"minecraft:geometry": [
		{
			"description": {
				"identifier": "geometry.boomboxman_titan",
				"texture_width": 64,
				"texture_height": 64,
				"visible_bounds_width": 3,
				"visible_bounds_height": 3,
				"visible_bounds_offset": [0, 1.5, 0]
			},
			"bones": [
				{
					"name": "bone",
					"pivot": [0, 12, 0],
					"cubes": [
						{"origin": [-4, 12, -2], "size": [8, 2, 4], "uv": [24, 15]}
					]
				},
				{
					"name": "bone2",
					"parent": "bone",
					"pivot": [0, 13, 2]
				},
				{
					"name": "bone3",
					"parent": "bone2",
					"pivot": [0, 17, 2],
					"cubes": [
						{"origin": [-4, 14, -2], "size": [8, 10, 4], "uv": [0, 15]},
						{"origin": [-2, 20, -4], "size": [4, 3, 2], "uv": [40, 48]},
						{"origin": [-2, 14, -4], "size": [4, 3, 2], "uv": [40, 48]}
					]
				},
				{
					"name": "bone8",
					"parent": "bone3",
					"pivot": [5, 23, 0],
					"rotation": [0, 0, -7.5],
					"cubes": [
						{"origin": [4, 18, -2], "size": [4, 6, 4], "uv": [42, 25]}
					]
				},
				{
					"name": "bone9",
					"parent": "bone8",
					"pivot": [5, 18, 0],
					"cubes": [
						{"origin": [4, 12, -2], "size": [4, 6, 4], "uv": [24, 42]}
					]
				},
				{
					"name": "bone10",
					"parent": "bone3",
					"pivot": [-5, 23, 0],
					"rotation": [0, 0, 7.5],
					"cubes": [
						{"origin": [-8, 18, -2], "size": [4, 6, 4], "uv": [42, 25]}
					]
				},
				{
					"name": "bone11",
					"parent": "bone10",
					"pivot": [-5, 18, 0],
					"cubes": [
						{"origin": [-8, 12, -2], "size": [4, 6, 4], "uv": [24, 42]},
						{"origin": [-10, 15, -1], "size": [2, 3, 2], "uv": [10, 29]},
						{"origin": [-10, 0, -1], "size": [1, 15, 2], "uv": [16, 46]},
						{"origin": [-10, -1, -1], "size": [1, 1, 1], "uv": [0, 6]},
						{"origin": [-10, 18, -1], "size": [2, 3, 2], "uv": [28, 25]},
						{"origin": [-10, 18, -2], "size": [2, 2, 1], "uv": [29, 26]},
						{"origin": [-10, 18, 1], "size": [2, 2, 1], "uv": [29, 26]},
						{"origin": [-10, 15, -2], "size": [2, 3, 1], "uv": [0, 29]},
						{"origin": [-10, 15, 1], "size": [2, 3, 1], "uv": [20, 15]}
					]
				},
				{
					"name": "bone12",
					"parent": "bone11",
					"pivot": [-5, 13, 0]
				},
				{
					"name": "head",
					"parent": "bone3",
					"pivot": [0, 24, 0],
					"cubes": [
						{"origin": [-5, 24, -4], "size": [10, 7, 8], "uv": [0, 0]},
						{"origin": [-7, 25, -3], "size": [2, 5, 6], "uv": [0, 29]},
						{"origin": [5, 25, -3], "size": [2, 5, 6], "uv": [0, 29]},
						{"origin": [5, 30, -1], "size": [2, 4, 2], "uv": [28, 0]},
						{"origin": [-7, 30, -1], "size": [2, 4, 2], "uv": [28, 0]},
						{"origin": [-5, 32, -1], "size": [10, 2, 2], "uv": [24, 21]}
					]
				},
				{
					"name": "bone4",
					"parent": "bone",
					"pivot": [-2, 12, 0],
					"rotation": [0, 0, 5],
					"cubes": [
						{"origin": [-4, 6, -2], "size": [4, 6, 4], "uv": [0, 42]}
					]
				},
				{
					"name": "bone5",
					"parent": "bone4",
					"pivot": [-2, 6, 0],
					"cubes": [
						{"origin": [-4, 0, -2], "size": [4, 6, 4], "uv": [12, 36]}
					]
				},
				{
					"name": "bone6",
					"parent": "bone",
					"pivot": [2, 12, 0],
					"rotation": [0, 0, -5],
					"cubes": [
						{"origin": [0, 6, -2], "size": [4, 6, 4], "uv": [36, 0]}
					]
				},
				{
					"name": "bone7",
					"parent": "bone6",
					"pivot": [2, 6, 0],
					"cubes": [
						{"origin": [0, 0, -2], "size": [4, 6, 4], "uv": [30, 32]}
					]
				}
			]
		}
	]
}