{
	"format_version": "1.12.0",
	"minecraft:geometry": [
		{
			"description": {
				"identifier": "geometry.computerman_titan",
				"texture_width": 128,
				"texture_height": 128,
				"visible_bounds_width": 3,
				"visible_bounds_height": 3,
				"visible_bounds_offset": [0, 1.5, 0]
			},
			"bones": [
				{
					"name": "bone",
					"pivot": [0, 12, -2],
					"cubes": [
						{"origin": [-4, 12, -2], "size": [8, 4, 4], "uv": [40, 22]}
					]
				},
				{
					"name": "bone2",
					"parent": "bone",
					"pivot": [0, 16, 0],
					"cubes": [
						{"origin": [-4, 16, -2], "size": [8, 4, 4], "uv": [36, 14]},
						{"origin": [-1, 16, -4], "size": [2, 2, 2], "uv": [120, 124]},
						{"origin": [1, 18, -6], "size": [1, 1, 2], "uv": [10, 54]},
						{"origin": [-2, 18, -6], "size": [1, 1, 2], "uv": [10, 54]},
						{"origin": [1, 19, -6], "size": [1, 1, 1], "uv": [11, 55]},
						{"origin": [-2, 19, -6], "size": [1, 1, 1], "uv": [11, 55]},
						{"origin": [-2, 18, -4], "size": [4, 4, 2], "uv": [60, 19]},
						{"origin": [2, 22, -6], "size": [1, 1, 2], "uv": [10, 54]},
						{"origin": [1, 22, -6], "size": [1, 1, 1], "uv": [11, 55]},
						{"origin": [-2, 22, -6], "size": [1, 1, 1], "uv": [11, 55]},
						{"origin": [2, 22, -4], "size": [2, 2, 2], "uv": [120, 124]},
						{"origin": [-3, 22, -6], "size": [1, 1, 2], "uv": [10, 54]},
						{"origin": [-4, 22, -4], "size": [2, 2, 2], "uv": [120, 124]},
						{"origin": [-3, 21, -4], "size": [1, 1, 2], "uv": [122, 125]},
						{"origin": [2, 21, -4], "size": [1, 1, 2], "uv": [122, 125]}
					]
				},
				{
					"name": "bone3",
					"parent": "bone2",
					"pivot": [0, 20, 0],
					"cubes": [
						{"origin": [-4, 20, -2], "size": [8, 4, 4], "uv": [29, 0]},
						{"origin": [-3, 17, 2], "size": [6, 9, 6], "uv": [0, 18]},
						{"origin": [-1, 18, 8], "size": [2, 4, 1], "uv": [9, 24]},
						{"origin": [3, 18, 3], "size": [1, 4, 2], "uv": [11, 23]},
						{"origin": [-4, 18, 3], "size": [1, 4, 2], "uv": [8, 25]},
						{"origin": [4, 9, 4], "size": [4, 17, 4], "uv": [24, 18]},
						{"origin": [-2, 9, 9], "size": [4, 17, 4], "uv": [24, 18]},
						{"origin": [4, 9, 8], "size": [4, 4, 1], "uv": [28, 30]},
						{"origin": [-2, 9, 13], "size": [4, 4, 1], "uv": [26, 30]},
						{"origin": [-2, 9, 8], "size": [4, 4, 1], "uv": [27, 30]},
						{"origin": [-8, 9, 8], "size": [4, 4, 1], "uv": [29, 25]},
						{"origin": [-8, 9, 3], "size": [4, 4, 1], "uv": [26, 27]},
						{"origin": [4, 9, 3], "size": [4, 4, 1], "uv": [25, 27]},
						{"origin": [8, 9, 4], "size": [1, 4, 4], "uv": [27, 25]},
						{"origin": [2, 9, 9], "size": [1, 4, 4], "uv": [30, 24]},
						{"origin": [-3, 9, 9], "size": [1, 4, 4], "uv": [29, 24]},
						{"origin": [-4, 9, 4], "size": [1, 4, 4], "uv": [27, 23]},
						{"origin": [-9, 9, 4], "size": [1, 4, 4], "uv": [25, 25]},
						{"origin": [3, 9, 4], "size": [1, 4, 4], "uv": [27, 29]},
						{"origin": [-8, 9, 4], "size": [4, 17, 4], "uv": [24, 18]},
						{"origin": [5, 26, 5], "size": [2, 1, 2], "uv": [29, 27]},
						{"origin": [5, 27, 5], "size": [2, 1, 2], "uv": [26, 22]},
						{"origin": [-1, 26, 10], "size": [2, 1, 2], "uv": [24, 29]},
						{"origin": [-1, 27, 10], "size": [2, 1, 2], "uv": [27, 28]},
						{"origin": [-7, 27, 5], "size": [2, 1, 2], "uv": [27, 30]},
						{"origin": [-7, 26, 5], "size": [2, 1, 2], "uv": [27, 28]},
						{"origin": [7, 26, 5], "size": [1, 1, 2], "uv": [31, 26]},
						{"origin": [-5, 26, 5], "size": [1, 1, 2], "uv": [29, 32]},
						{"origin": [-8, 26, 5], "size": [1, 1, 2], "uv": [30, 29]},
						{"origin": [4, 26, 5], "size": [1, 1, 2], "uv": [31, 30]},
						{"origin": [-2, 26, 10], "size": [1, 1, 2], "uv": [29, 33]},
						{"origin": [1, 26, 10], "size": [1, 1, 2], "uv": [27, 28]},
						{"origin": [5, 26, 7], "size": [2, 1, 1], "uv": [32, 33]},
						{"origin": [-1, 26, 12], "size": [2, 1, 1], "uv": [29, 30]},
						{"origin": [-1, 26, 9], "size": [2, 1, 1], "uv": [31, 34]},
						{"origin": [-7, 26, 7], "size": [2, 1, 1], "uv": [28, 25]},
						{"origin": [-7, 26, 4], "size": [2, 1, 1], "uv": [31, 28]},
						{"origin": [5, 26, 4], "size": [2, 1, 1], "uv": [28, 28]}
					]
				},
				{
					"name": "head",
					"parent": "bone3",
					"pivot": [0, 24, 0],
					"cubes": [
						{"origin": [-3, 24, -3], "size": [6, 1, 6], "uv": [47, 2]},
						{"origin": [-5, 25, -5], "size": [10, 9, 9], "uv": [0, 0]}
					]
				},
				{
					"name": "bone8",
					"parent": "bone3",
					"pivot": [6, 22, 0],
					"rotation": [0, 0, -7.5],
					"cubes": [
						{"origin": [4, 18, -2], "size": [4, 6, 4], "uv": [60, 9]}
					]
				},
				{
					"name": "bone9",
					"parent": "bone8",
					"pivot": [6, 18, 0],
					"cubes": [
						{"origin": [4, 8, -2], "size": [4, 10, 4], "uv": [52, 30]}
					]
				},
				{
					"name": "bone10",
					"parent": "bone3",
					"pivot": [-6, 22, 0],
					"rotation": [0, 0, 7.5],
					"cubes": [
						{"origin": [-8, 18, -2], "size": [4, 6, 4], "uv": [60, 9]}
					]
				},
				{
					"name": "bone11",
					"parent": "bone10",
					"pivot": [-6, 18, 0],
					"cubes": [
						{"origin": [-8, 8, -2], "size": [4, 10, 4], "uv": [52, 30]}
					]
				},
				{
					"name": "bone13",
					"parent": "bone11",
					"pivot": [-5, 13, 0]
				},
				{
					"name": "bone4",
					"parent": "bone",
					"pivot": [-2, 12, 0],
					"rotation": [0, 0, 5],
					"cubes": [
						{"origin": [-4, 6, -2], "size": [4, 6, 4], "uv": [12, 53]}
					]
				},
				{
					"name": "bone5",
					"parent": "bone4",
					"pivot": [-2, 6, 0],
					"cubes": [
						{"origin": [-4, 0, -2], "size": [4, 6, 4], "uv": [52, 44]}
					]
				},
				{
					"name": "bone6",
					"parent": "bone",
					"pivot": [2, 12, 0],
					"rotation": [0, 0, -5],
					"cubes": [
						{"origin": [0, 6, -2], "size": [4, 6, 4], "uv": [12, 53]}
					]
				},
				{
					"name": "bone7",
					"parent": "bone6",
					"pivot": [2, 6, 0],
					"cubes": [
						{"origin": [0, 0, -2], "size": [4, 6, 4], "uv": [52, 44]}
					]
				}
			]
		}
	]
}