{
	"format_version": "1.12.0",
	"minecraft:geometry": [
		{
			"description": {
				"identifier": "geometry.laserman_titan",
				"texture_width": 128,
				"texture_height": 128,
				"visible_bounds_width": 3,
				"visible_bounds_height": 3,
				"visible_bounds_offset": [0, 1.5, 0]
			},
			"bones": [
				{
					"name": "bone",
					"pivot": [0, 12, 0],
					"cubes": [
						{"origin": [-4, 12, -2], "size": [8, 2, 4], "uv": [24, 15]}
					]
				},
				{
					"name": "bone2",
					"parent": "bone",
					"pivot": [0, 13, 2],
					"cubes": [
						{"origin": [-4, 14, -2], "size": [8, 3, 4], "uv": [0, 19]}
					]
				},
				{
					"name": "bone3",
					"parent": "bone2",
					"pivot": [0, 17, 2],
					"cubes": [
						{"origin": [-4, 17, -2], "size": [8, 7, 4], "uv": [0, 15]},
						{"origin": [-4, 16, 2], "size": [8, 8, 2], "uv": [0, 26]},
						{"origin": [-1, 24, -1], "size": [2, 1, 2], "uv": [18, 12]},
						{"origin": [-2, 18, -4], "size": [4, 4, 2], "uv": [32, 42]}
					]
				},
				{
					"name": "bone8",
					"parent": "bone3",
					"pivot": [5, 23, 0],
					"rotation": [0, 0, -5],
					"cubes": [
						{"origin": [4, 18, -2], "size": [4, 6, 4], "uv": [16, 39]},
						{"origin": [5, 24, -3], "size": [4, 3, 6], "uv": [30, 33], "mirror": true},
						{"origin": [6, 27, -2], "size": [2, 1, 4], "uv": [44, 13], "mirror": true},
						{"origin": [6, 28, 0], "size": [2, 1, 1], "uv": [0, 9], "mirror": true}
					]
				},
				{
					"name": "bone9",
					"parent": "bone8",
					"pivot": [5, 18, 0],
					"rotation": [-7.5, 0, 0],
					"cubes": [
						{"origin": [4, 10, -2], "size": [4, 8, 4], "uv": [0, 36]}
					]
				},
				{
					"name": "bone10",
					"parent": "bone3",
					"pivot": [-5, 23, 0],
					"rotation": [0, 0, 5],
					"cubes": [
						{"origin": [-8, 18, -2], "size": [4, 6, 4], "uv": [16, 39], "mirror": true},
						{"origin": [-9, 24, -3], "size": [4, 3, 6], "uv": [30, 33]},
						{"origin": [-8, 27, -2], "size": [2, 1, 4], "uv": [44, 13]},
						{"origin": [-8, 28, 0], "size": [2, 1, 1], "uv": [0, 9]}
					]
				},
				{
					"name": "bone15",
					"parent": "bone10",
					"pivot": [0, 27, 4]
				},
				{
					"name": "bone11",
					"parent": "bone10",
					"pivot": [-5, 18, 0],
					"rotation": [-7.5, 0, 0],
					"cubes": [
						{"origin": [-8, 10, -2], "size": [4, 8, 4], "uv": [0, 36], "mirror": true}
					]
				},
				{
					"name": "head",
					"parent": "bone3",
					"pivot": [0, 25, 0],
					"cubes": [
						{"origin": [-2, 25, -6], "size": [4, 4, 11], "uv": [0, 0]},
						{"origin": [-2, 24, -6], "size": [1, 1, 3], "uv": [0, 5]},
						{"origin": [-2, 29, -6], "size": [1, 1, 3], "uv": [0, 5]},
						{"origin": [1, 24, -6], "size": [1, 1, 3], "uv": [0, 5], "mirror": true},
						{"origin": [1, 29, -6], "size": [1, 1, 3], "uv": [0, 5], "mirror": true},
						{"origin": [2, 26, -6], "size": [1, 2, 3], "uv": [0, 0]},
						{"origin": [-3, 26, -6], "size": [1, 2, 3], "uv": [0, 0], "mirror": true},
						{"origin": [-1, 26, -8], "size": [2, 2, 2], "uv": [20, 15]},
						{"origin": [-1, 29, 4], "size": [2, 2, 1], "uv": [5, 0]},
						{"origin": [-1, 29, -1], "size": [2, 1, 1], "uv": [5, 5]},
						{"origin": [-1, 30, 0], "size": [2, 1, 4], "uv": [30, 9]}
					]
				},
				{
					"name": "bone16",
					"parent": "bone3",
					"pivot": [7, 11, 4]
				},
				{
					"name": "bone17",
					"parent": "bone3",
					"pivot": [-7, 11, 4]
				},
				{
					"name": "bone12",
					"parent": "bone3",
					"pivot": [0, 23, 4],
					"cubes": [
						{"origin": [0, 11, 3], "size": [4, 13, 4], "pivot": [0, 23, 4], "rotation": [2.5, 0, 0], "uv": [20, 22]},
						{"origin": [-4, 11, 3], "size": [4, 13, 4], "pivot": [0, 23, 4], "rotation": [2.5, 0, 0], "uv": [20, 22], "mirror": true}
					]
				},
				{
					"name": "bone14",
					"parent": "bone12",
					"pivot": [0, 11, 5],
					"cubes": [
						{"origin": [-4, 3, 3], "size": [8, 8, 5], "pivot": [0, 11, 5], "rotation": [2.5, 0, 0], "uv": [3, 100]}
					]
				},
				{
					"name": "bone13",
					"parent": "bone2",
					"pivot": [1, 26, 8]
				},
				{
					"name": "bone4",
					"parent": "bone",
					"pivot": [-2, 12, 0],
					"rotation": [0, 0, 2.5],
					"cubes": [
						{"origin": [-4, 6, -2], "size": [4, 6, 4], "uv": [39, 3]}
					]
				},
				{
					"name": "bone5",
					"parent": "bone4",
					"pivot": [-2, 6, 0],
					"cubes": [
						{"origin": [-4, 0, -2], "size": [4, 6, 4], "uv": [36, 21]}
					]
				},
				{
					"name": "bone6",
					"parent": "bone",
					"pivot": [2, 12, 0],
					"rotation": [0, 0, -2.5],
					"cubes": [
						{"origin": [0, 6, -2], "size": [4, 6, 4], "uv": [39, 3], "mirror": true}
					]
				},
				{
					"name": "bone7",
					"parent": "bone6",
					"pivot": [2, 6, 0],
					"cubes": [
						{"origin": [0, 0, -2], "size": [4, 6, 4], "uv": [36, 21], "mirror": true}
					]
				}
			]
		}
	]
}