{
	"format_version": "1.12.0",
	"minecraft:geometry": [
		{
			"description": {
				"identifier": "geometry.plungerman_titan",
				"texture_width": 128,
				"texture_height": 128,
				"visible_bounds_width": 5,
				"visible_bounds_height": 3,
				"visible_bounds_offset": [0, 1.5, 0]
			},
			"bones": [
				{
					"name": "bone",
					"pivot": [0, 12, 0]
				},
				{
					"name": "bone2",
					"parent": "bone",
					"pivot": [0, 13, 2],
					"cubes": [
						{"origin": [-4, 12, -2], "size": [8, 4, 4], "uv": [0, 16]}
					]
				},
				{
					"name": "bone3",
					"parent": "bone2",
					"pivot": [0, 17, 2],
					"cubes": [
						{"origin": [-4, 16, -2], "size": [8, 8, 4], "uv": [32, 46]},
						{"origin": [-4, 11, 5], "size": [8, 12, 4], "pivot": [0, 0, 0], "rotation": [7.5, 0, 0], "uv": [0, 0]},
						{"origin": [-1, 13, 1], "size": [2, 11, 24], "pivot": [0, 0, 0], "rotation": [-12.5, 0, 0], "uv": [0, 0]},
						{"origin": [-1, 13, 25], "size": [2, 8, 2], "pivot": [0, 0, 0], "rotation": [-12.5, 0, 0], "uv": [44, 58]},
						{"origin": [-2, 13, 6], "size": [20, 9, 2], "pivot": [0, 0, 0], "rotation": [7.24721, -1.93597, 14.87739], "uv": [44, 35]},
						{"origin": [18, 13, 6], "size": [3, 8, 2], "pivot": [0, 0, 0], "rotation": [7.24721, -1.93597, 14.87739], "uv": [0, 46]},
						{"origin": [-4, 9, 6], "size": [2, 2, 2], "pivot": [0, 0, 0], "rotation": [7.5, 0, 0], "uv": [8, 10], "mirror": true},
						{"origin": [2, 9, 6], "size": [2, 2, 2], "pivot": [0, 0, 0], "rotation": [7.5, 0, 0], "uv": [8, 10]},
						{"origin": [-3, 9, 5], "size": [4, 1, 4], "pivot": [0, 0, 0], "rotation": [6.93489, -2.86313, 22.32648], "uv": [51, 14]},
						{"origin": [-1, 9, 5], "size": [4, 1, 4], "pivot": [0, 0, 0], "rotation": [6.93489, 2.86313, -22.32648], "uv": [51, 14], "mirror": true},
						{"origin": [-21, 13, 6], "size": [3, 8, 2], "pivot": [0, 0, 0], "rotation": [7.24721, 1.93597, -14.87739], "uv": [0, 46], "mirror": true},
						{"origin": [-18, 13, 6], "size": [20, 9, 2], "pivot": [0, 0, 0], "rotation": [7.24721, 1.93597, -14.87739], "uv": [44, 35], "mirror": true}
					]
				},
				{
					"name": "bone8",
					"parent": "bone3",
					"pivot": [5, 23, 0],
					"rotation": [0, 0, -7.5],
					"cubes": [
						{"origin": [4, 18, -2], "size": [4, 6, 4], "uv": [16, 64]}
					]
				},
				{
					"name": "bone9",
					"parent": "bone8",
					"pivot": [5, 18, 0],
					"cubes": [
						{"origin": [4, 10, -6], "size": [4, 8, 4], "pivot": [0, 0, 0], "rotation": [-12.5, 0, 0], "uv": [51, 0]},
						{"origin": [5, 9, -15], "size": [2, 2, 19], "pivot": [0, 0, 0], "rotation": [-12.5, 0, 0], "uv": [28, 0]},
						{"origin": [4, 8, -17], "size": [4, 4, 2], "pivot": [0, 0, 0], "rotation": [-12.5, 0, 0], "uv": [56, 46]},
						{"origin": [3, 8, -19], "size": [1, 4, 2], "pivot": [0, 0, 0], "rotation": [-12.5, 0, 0], "uv": [66, 29]},
						{"origin": [8, 8, -19], "size": [1, 4, 2], "pivot": [0, 0, 0], "rotation": [-12.5, 0, 0], "uv": [66, 29]},
						{"origin": [4, 12, -19], "size": [4, 1, 2], "pivot": [0, 0, 0], "rotation": [-12.5, 0, 0], "uv": [40, 21]},
						{"origin": [4, 7, -19], "size": [4, 1, 2], "pivot": [0, 0, 0], "rotation": [-12.5, 0, 0], "uv": [40, 21]}
					]
				},
				{
					"name": "bone10",
					"parent": "bone3",
					"pivot": [-5, 23, 0],
					"rotation": [0, 0, 7.5],
					"cubes": [
						{"origin": [-8, 18, -2], "size": [4, 6, 4], "uv": [16, 64], "mirror": true}
					]
				},
				{
					"name": "bone11",
					"parent": "bone10",
					"pivot": [-5, 18, 0],
					"cubes": [
						{"origin": [-8, 10, -6], "size": [4, 8, 4], "pivot": [0, 0, 0], "rotation": [-12.5, 0, 0], "uv": [51, 0], "mirror": true},
						{"origin": [-7, 9, -15], "size": [2, 2, 19], "pivot": [0, 0, 0], "rotation": [-12.5, 0, 0], "uv": [28, 0]},
						{"origin": [-8, 8, -17], "size": [4, 4, 2], "pivot": [0, 0, 0], "rotation": [-12.5, 0, 0], "uv": [56, 46]},
						{"origin": [-9, 8, -19], "size": [1, 4, 2], "pivot": [0, 0, 0], "rotation": [-12.5, 0, 0], "uv": [66, 29]},
						{"origin": [-4, 8, -19], "size": [1, 4, 2], "pivot": [0, 0, 0], "rotation": [-12.5, 0, 0], "uv": [66, 29]},
						{"origin": [-8, 12, -19], "size": [4, 1, 2], "pivot": [0, 0, 0], "rotation": [-12.5, 0, 0], "uv": [40, 21]},
						{"origin": [-8, 7, -19], "size": [4, 1, 2], "pivot": [0, 0, 0], "rotation": [-12.5, 0, 0], "uv": [40, 21]}
					]
				},
				{
					"name": "bone12",
					"parent": "bone11",
					"pivot": [-5, 13, 0]
				},
				{
					"name": "head",
					"parent": "bone3",
					"pivot": [0, 24, 0],
					"cubes": [
						{"origin": [-1, 23.4, -1], "size": [2, 1, 2], "uv": [14, 50]},
						{"origin": [-3, 24.5, -4], "size": [6, 5, 10], "uv": [0, 46]},
						{"origin": [-3, 22.5, -5], "size": [2, 2, 3], "uv": [64, 52]},
						{"origin": [-5, 23.5, -3], "size": [2, 4, 3], "uv": [10, 46]},
						{"origin": [-3, 26.5, -5], "size": [1, 3, 1], "uv": [10, 46]},
						{"origin": [-3, 27.5, -6], "size": [1, 2, 1], "uv": [10, 46]},
						{"origin": [-2, 28.5, -6], "size": [4, 1, 2], "uv": [10, 46]},
						{"origin": [2, 27.5, -6], "size": [1, 2, 1], "uv": [10, 46], "mirror": true},
						{"origin": [2, 26.5, -5], "size": [1, 3, 1], "uv": [10, 46], "mirror": true}
					]
				},
				{
					"name": "bone13",
					"parent": "bone3",
					"pivot": [-5, 23, 0],
					"rotation": [0, 0, 7.5]
				},
				{
					"name": "bone14",
					"parent": "bone13",
					"pivot": [-5, 18, 0]
				},
				{
					"name": "bone15",
					"parent": "bone3",
					"pivot": [5, 23, 0],
					"rotation": [0, 0, -7.5]
				},
				{
					"name": "bone16",
					"parent": "bone15",
					"pivot": [5, 18, 0]
				},
				{
					"name": "bone17",
					"parent": "bone3",
					"pivot": [5, 23, 0],
					"rotation": [0, 0, -7.5]
				},
				{
					"name": "bone18",
					"parent": "bone17",
					"pivot": [5, 18, 0]
				},
				{
					"name": "bone19",
					"parent": "bone3",
					"pivot": [-5, 23, 0],
					"rotation": [0, 0, 7.5]
				},
				{
					"name": "bone20",
					"parent": "bone19",
					"pivot": [-5, 18, 0]
				},
				{
					"name": "bone21",
					"parent": "bone3",
					"pivot": [-5, 23, 0],
					"rotation": [0, 0, 7.5]
				},
				{
					"name": "bone22",
					"parent": "bone21",
					"pivot": [-5, 18, 0]
				},
				{
					"name": "bone23",
					"parent": "bone3",
					"pivot": [-5, 23, 0],
					"rotation": [0, 0, 7.5]
				},
				{
					"name": "bone24",
					"parent": "bone23",
					"pivot": [-5, 18, 0]
				},
				{
					"name": "bone25",
					"parent": "bone3",
					"pivot": [-5, 23, 0],
					"rotation": [0, 0, 7.5]
				},
				{
					"name": "bone26",
					"parent": "bone25",
					"pivot": [-5, 18, 0]
				},
				{
					"name": "bone27",
					"parent": "bone3",
					"pivot": [-5, 23, 0],
					"rotation": [0, 0, 7.5]
				},
				{
					"name": "bone28",
					"parent": "bone27",
					"pivot": [-5, 18, 0]
				},
				{
					"name": "bone29",
					"parent": "bone3",
					"pivot": [-5, 23, 0],
					"rotation": [0, 0, 7.5]
				},
				{
					"name": "bone30",
					"parent": "bone3",
					"pivot": [-5, 23, 0],
					"rotation": [0, 0, 7.5]
				},
				{
					"name": "bone31",
					"parent": "bone3",
					"pivot": [-5, 23, 0],
					"rotation": [0, 0, 7.5]
				},
				{
					"name": "bone4",
					"parent": "bone",
					"pivot": [-2, 12, 0],
					"rotation": [0, 0, 5],
					"cubes": [
						{"origin": [-4, 6, -2], "size": [4, 6, 4], "uv": [52, 54], "mirror": true}
					]
				},
				{
					"name": "bone5",
					"parent": "bone4",
					"pivot": [-2, 6, 0],
					"cubes": [
						{"origin": [-4, 0, -2], "size": [4, 6, 4], "uv": [52, 21], "mirror": true}
					]
				},
				{
					"name": "bone6",
					"parent": "bone",
					"pivot": [2, 12, 0],
					"rotation": [0, 0, -5],
					"cubes": [
						{"origin": [0, 6, -2], "size": [4, 6, 4], "uv": [52, 54]}
					]
				},
				{
					"name": "bone7",
					"parent": "bone6",
					"pivot": [2, 6, 0],
					"cubes": [
						{"origin": [0, 0, -2], "size": [4, 6, 4], "uv": [52, 21]}
					]
				}
			]
		}
	]
}