{
	"format_version": "1.12.0",
	"minecraft:geometry": [
		{
			"description": {
				"identifier": "geometry.traffic_lightman_titan",
				"texture_width": 128,
				"texture_height": 128,
				"visible_bounds_width": 3,
				"visible_bounds_height": 4,
				"visible_bounds_offset": [0, 2, 0]
			},
			"bones": [
				{
					"name": "bone",
					"pivot": [0, 12, 0],
					"cubes": [
						{"origin": [-4, 12, -2], "size": [8, 2, 4], "uv": [45, 34]}
					]
				},
				{
					"name": "bone2",
					"parent": "bone",
					"pivot": [0, 13, 2],
					"cubes": [
						{"origin": [-4, 14, -2], "size": [8, 3, 4], "uv": [44, 0]}
					]
				},
				{
					"name": "bone3",
					"parent": "bone2",
					"pivot": [0, 17, 2],
					"cubes": [
						{"origin": [-4, 17, -2], "size": [8, 7, 4], "uv": [20, 0]},
						{"origin": [-4, 18, 2], "size": [8, 6, 4], "uv": [30, 11]},
						{"origin": [-1, 15, 2], "size": [2, 3, 4], "uv": [61, 17]},
						{"origin": [2, 15, 2], "size": [2, 3, 4], "uv": [61, 17]},
						{"origin": [-4, 15, 2], "size": [2, 3, 4], "uv": [61, 17]},
						{"origin": [-1, 20, -4], "size": [2, 2, 2], "uv": [44, 7]},
						{"origin": [2, 19, -4], "size": [2, 4, 2], "uv": [16, 62]},
						{"origin": [2, 21, -5], "size": [0, 2, 1], "uv": [24, 38]},
						{"origin": [-4, 21, -5], "size": [0, 2, 1], "uv": [32, 12]},
						{"origin": [-2, 21, -5], "size": [0, 2, 1], "uv": [0, 31]},
						{"origin": [4, 21, -5], "size": [0, 2, 1], "uv": [12, 36]},
						{"origin": [2, 23, -6], "size": [2, 0, 2], "uv": [27, 11]},
						{"origin": [-4, 23, -6], "size": [2, 0, 2], "uv": [24, 15]},
						{"origin": [2, 22, -6], "size": [0, 1, 1], "uv": [15, 3]},
						{"origin": [-2, 22, -6], "size": [0, 1, 1], "uv": [2, 0]},
						{"origin": [-4, 22, -6], "size": [0, 1, 1], "uv": [0, 0]},
						{"origin": [4, 22, -6], "size": [0, 1, 1], "uv": [17, 3]},
						{"origin": [-4, 19, -4], "size": [2, 4, 2], "uv": [16, 62], "mirror": true}
					]
				},
				{
					"name": "bone8",
					"parent": "bone3",
					"pivot": [5, 23, 0],
					"rotation": [0, 0, -5],
					"cubes": [
						{"origin": [4, 18, -2], "size": [4, 6, 4], "uv": [24, 58]}
					]
				},
				{
					"name": "bone9",
					"parent": "bone8",
					"pivot": [5, 18, 0],
					"rotation": [-7.5, 0, 0],
					"cubes": [
						{"origin": [4, 9, -2], "size": [4, 9, 4], "uv": [12, 49]},
						{"origin": [8, 19, -2], "size": [4, 2, 4], "uv": [0, 47]},
						{"origin": [9, 17.5, -1], "size": [2, 2, 2], "uv": [0, 46]},
						{"origin": [8, 4, -2], "size": [4, 14, 4], "uv": [0, 35]},
						{"origin": [8.5, 3, -1.5], "size": [3, 1, 3], "uv": [0, 72]},
						{"origin": [9, 21, -1], "size": [2, 1, 2], "uv": [0, 50]}
					]
				},
				{
					"name": "bone10",
					"parent": "bone3",
					"pivot": [-5, 23, 0],
					"rotation": [0, 0, 5],
					"cubes": [
						{"origin": [-8, 18, -2], "size": [4, 6, 4], "uv": [24, 58], "mirror": true}
					]
				},
				{
					"name": "bone15",
					"parent": "bone10",
					"pivot": [0, 27, 4]
				},
				{
					"name": "bone11",
					"parent": "bone10",
					"pivot": [-5, 18, 0],
					"rotation": [-7.5, 0, 0],
					"cubes": [
						{"origin": [-8, 9, -2], "size": [4, 9, 4], "uv": [12, 49], "mirror": true}
					]
				},
				{
					"name": "head",
					"parent": "bone3",
					"pivot": [0, 25, 0],
					"cubes": [
						{"origin": [-1.5, 24, -1.5], "size": [3, 7, 3], "uv": [0, 22]},
						{"origin": [-1, 24, -2.5], "size": [0, 2, 1], "uv": [50, 6]},
						{"origin": [1, 25, -2.5], "size": [0, 2, 0], "uv": [0, 0]},
						{"origin": [1, 24, -2.5], "size": [0, 2, 1], "uv": [28, 48]},
						{"origin": [1, 26.3, -2.5], "size": [0, 2, 1], "uv": [22, 45]},
						{"origin": [-1, 28.3, -3.5], "size": [2, 0, 2], "uv": [14, 41]},
						{"origin": [-1, 26.3, -2.5], "size": [0, 2, 1], "uv": [45, 20]},
						{"origin": [-1, 29, -2.5], "size": [0, 2, 1], "uv": [16, 45]},
						{"origin": [-2.5, 29, 1], "size": [1, 2, 0], "uv": [40, 55]},
						{"origin": [-2.5, 26.5, 1], "size": [1, 2, 0], "uv": [36, 55]},
						{"origin": [-2.5, 24, 1], "size": [1, 2, 0], "uv": [32, 55]},
						{"origin": [-2.5, 24, -1], "size": [1, 2, 0], "uv": [54, 17]},
						{"origin": [-3.5, 25, -1], "size": [1, 1, 0], "uv": [47, 43]},
						{"origin": [-3.5, 25, 1], "size": [1, 1, 0], "uv": [32, 41]},
						{"origin": [-3.5, 26, -1], "size": [2, 0, 2], "uv": [14, 39]},
						{"origin": [-2.5, 26.5, -1], "size": [1, 2, 0], "uv": [34, 55]},
						{"origin": [-3.5, 27.5, -1], "size": [1, 1, 0], "uv": [50, 14]},
						{"origin": [-3.5, 28.5, -1], "size": [2, 0, 2], "uv": [28, 39]},
						{"origin": [-3.5, 27.5, 1], "size": [1, 1, 0], "uv": [49, 24]},
						{"origin": [-2.5, 29, -1], "size": [1, 2, 0], "uv": [38, 55]},
						{"origin": [-3.5, 31, -1], "size": [2, 0, 2], "uv": [39, 38]},
						{"origin": [-3.5, 30, -1], "size": [1, 1, 0], "uv": [52, 10]},
						{"origin": [-3.5, 30, 1], "size": [1, 1, 0], "uv": [51, 24]},
						{"origin": [1, 29, -2.5], "size": [0, 2, 1], "uv": [44, 6]},
						{"origin": [1, 30, -3.5], "size": [0, 1, 1], "uv": [12, 30]},
						{"origin": [-1, 31, -3.5], "size": [2, 0, 2], "uv": [39, 40]},
						{"origin": [-1, 30, -3.5], "size": [0, 1, 1], "uv": [29, 12]},
						{"origin": [-1, 26, -3.5], "size": [2, 0, 2], "uv": [42, 2]},
						{"origin": [1, 25, -3.5], "size": [0, 1, 1], "uv": [2, 37]},
						{"origin": [1, 27.3, -3.5], "size": [0, 1, 1], "uv": [32, 20]},
						{"origin": [-1, 27.3, -3.5], "size": [0, 1, 1], "uv": [30, 20]},
						{"origin": [-1, 25, -3.5], "size": [0, 1, 1], "uv": [0, 37]},
						{"origin": [1.5, 29, -1], "size": [1, 2, 0], "uv": [38, 55], "mirror": true},
						{"origin": [2.5, 30, -1], "size": [1, 1, 0], "uv": [52, 10], "mirror": true},
						{"origin": [1.5, 31, -1], "size": [2, 0, 2], "uv": [39, 38], "mirror": true},
						{"origin": [2.5, 30, 1], "size": [1, 1, 0], "uv": [51, 24], "mirror": true},
						{"origin": [1.5, 29, 1], "size": [1, 2, 0], "uv": [40, 55], "mirror": true},
						{"origin": [2.5, 27.5, -1], "size": [1, 1, 0], "uv": [50, 14], "mirror": true},
						{"origin": [1.5, 26.5, -1], "size": [1, 2, 0], "uv": [34, 55], "mirror": true},
						{"origin": [1.5, 28.5, -1], "size": [2, 0, 2], "uv": [28, 39], "mirror": true},
						{"origin": [2.5, 27.5, 1], "size": [1, 1, 0], "uv": [49, 24], "mirror": true},
						{"origin": [1.5, 26.5, 1], "size": [1, 2, 0], "uv": [36, 55], "mirror": true},
						{"origin": [1.5, 26, -1], "size": [2, 0, 2], "uv": [14, 39], "mirror": true},
						{"origin": [1.5, 24, -1], "size": [1, 2, 0], "uv": [54, 17], "mirror": true},
						{"origin": [2.5, 25, -1], "size": [1, 1, 0], "uv": [47, 43], "mirror": true},
						{"origin": [1.5, 24, 1], "size": [1, 2, 0], "uv": [32, 55], "mirror": true},
						{"origin": [2.5, 25, 1], "size": [1, 1, 0], "uv": [32, 41], "mirror": true}
					]
				},
				{
					"name": "bone12",
					"parent": "head",
					"pivot": [0, 27, 4],
					"cubes": [
						{"origin": [-10, 30, -2], "size": [3, 0, 2], "pivot": [0, 27, 4], "rotation": [0, 0, -7.5], "uv": [38, 0]},
						{"origin": [6, 23, 0], "size": [5, 17, 5], "pivot": [0, 27, 4], "rotation": [0, 0, 7.5], "uv": [0, 0], "mirror": true},
						{"origin": [7, 36, -2], "size": [0, 3, 2], "pivot": [0, 27, 4], "rotation": [0, 0, 7.5], "uv": [28, 53]},
						{"origin": [7, 32, -2], "size": [0, 3, 2], "pivot": [0, 27, 4], "rotation": [0, 0, 7.5], "uv": [0, 51]},
						{"origin": [7, 27, -2], "size": [0, 3, 2], "pivot": [0, 27, 4], "rotation": [0, 0, 7.5], "uv": [0, 33]},
						{"origin": [10, 36, -2], "size": [0, 3, 2], "pivot": [0, 27, 4], "rotation": [0, 0, 7.5], "uv": [52, 5]},
						{"origin": [10, 32, -2], "size": [0, 3, 2], "pivot": [0, 27, 4], "rotation": [0, 0, 7.5], "uv": [49, 29]},
						{"origin": [10, 27, -2], "size": [0, 3, 2], "pivot": [0, 27, 4], "rotation": [0, 0, 7.5], "uv": [45, 38]},
						{"origin": [7, 39, -2], "size": [3, 0, 2], "pivot": [0, 27, 4], "rotation": [0, 0, 7.5], "uv": [6, 32]},
						{"origin": [7, 35, -2], "size": [3, 0, 2], "pivot": [0, 27, 4], "rotation": [0, 0, 7.5], "uv": [0, 32]},
						{"origin": [7, 30, -2], "size": [3, 0, 2], "pivot": [0, 27, 4], "rotation": [0, 0, 7.5], "uv": [38, 0], "mirror": true},
						{"origin": [2, 24, 2], "size": [3, 13, 4], "pivot": [0, 27, 4], "rotation": [0, 0, 7.5], "uv": [31, 38]},
						{"origin": [2, 37, 2], "size": [3, 4, 4], "pivot": [0, 27, 4], "rotation": [0, 0, 7.5], "uv": [31, 38]},
						{"origin": [2, 34, 1], "size": [0, 3, 1], "pivot": [0, 27, 4], "rotation": [0, 0, 7.5], "uv": [28, 45]},
						{"origin": [2, 38, 1], "size": [0, 3, 1], "pivot": [0, 27, 4], "rotation": [0, 0, 7.5], "uv": [28, 45]},
						{"origin": [2, 30, 1], "size": [0, 3, 1], "pivot": [0, 27, 4], "rotation": [0, 0, 7.5], "uv": [12, 27]},
						{"origin": [5, 34, 1], "size": [0, 3, 1], "pivot": [0, 27, 4], "rotation": [0, 0, 7.5], "uv": [28, 42]},
						{"origin": [5, 38, 1], "size": [0, 3, 1], "pivot": [0, 27, 4], "rotation": [0, 0, 7.5], "uv": [28, 42]},
						{"origin": [5, 30, 1], "size": [0, 3, 1], "pivot": [0, 27, 4], "rotation": [0, 0, 7.5], "uv": [21, 0]},
						{"origin": [2, 37, 1], "size": [3, 0, 1], "pivot": [0, 27, 4], "rotation": [0, 0, 7.5], "uv": [23, 42]},
						{"origin": [2, 41, 1], "size": [3, 0, 1], "pivot": [0, 27, 4], "rotation": [0, 0, 7.5], "uv": [23, 42]},
						{"origin": [2, 33, 1], "size": [3, 0, 1], "pivot": [0, 27, 4], "rotation": [0, 0, 7.5], "uv": [6, 34]},
						{"origin": [-11, 23, 0], "size": [5, 17, 5], "pivot": [0, 27, 4], "rotation": [0, 0, -7.5], "uv": [0, 0]},
						{"origin": [-7, 27, -2], "size": [0, 3, 2], "pivot": [0, 27, 4], "rotation": [0, 0, -7.5], "uv": [8, 51]},
						{"origin": [-10, 27, -2], "size": [0, 3, 2], "pivot": [0, 27, 4], "rotation": [0, 0, -7.5], "uv": [4, 51]},
						{"origin": [-7, 36, -2], "size": [0, 3, 2], "pivot": [0, 27, 4], "rotation": [0, 0, -7.5], "uv": [50, 9]},
						{"origin": [-10, 36, -2], "size": [0, 3, 2], "pivot": [0, 27, 4], "rotation": [0, 0, -7.5], "uv": [24, 47]},
						{"origin": [-10, 39, -2], "size": [3, 0, 2], "pivot": [0, 27, 4], "rotation": [0, 0, -7.5], "uv": [7, 22]},
						{"origin": [-10, 32, -2], "size": [0, 3, 2], "pivot": [0, 27, 4], "rotation": [0, 0, -7.5], "uv": [24, 44]},
						{"origin": [-7, 32, -2], "size": [0, 3, 2], "pivot": [0, 27, 4], "rotation": [0, 0, -7.5], "uv": [0, 0]},
						{"origin": [-10, 35, -2], "size": [3, 0, 2], "pivot": [0, 27, 4], "rotation": [0, 0, -7.5], "uv": [13, 2]},
						{"origin": [-5, 37, 2], "size": [3, 4, 4], "pivot": [0, 27, 4], "rotation": [0, 0, -7.5], "uv": [31, 38], "mirror": true},
						{"origin": [-2, 30, 1], "size": [0, 3, 1], "pivot": [0, 27, 4], "rotation": [0, 0, -7.5], "uv": [13, 33]},
						{"origin": [-2, 38, 1], "size": [0, 3, 1], "pivot": [0, 27, 4], "rotation": [0, 0, -7.5], "uv": [28, 45], "mirror": true},
						{"origin": [-5, 38, 1], "size": [0, 3, 1], "pivot": [0, 27, 4], "rotation": [0, 0, -7.5], "uv": [28, 42], "mirror": true},
						{"origin": [-5, 41, 1], "size": [3, 0, 1], "pivot": [0, 27, 4], "rotation": [0, 0, -7.5], "uv": [23, 42], "mirror": true},
						{"origin": [-5, 30, 1], "size": [0, 3, 1], "pivot": [0, 27, 4], "rotation": [0, 0, -7.5], "uv": [20, 10]},
						{"origin": [-5, 33, 1], "size": [3, 0, 1], "pivot": [0, 27, 4], "rotation": [0, 0, -7.5], "uv": [8, 24]},
						{"origin": [-5, 24, 2], "size": [3, 13, 4], "pivot": [0, 27, 4], "rotation": [0, 0, -7.5], "uv": [31, 38], "mirror": true},
						{"origin": [-5, 37, 1], "size": [3, 0, 1], "pivot": [0, 27, 4], "rotation": [0, 0, -7.5], "uv": [23, 42], "mirror": true},
						{"origin": [-2, 34, 1], "size": [0, 3, 1], "pivot": [0, 27, 4], "rotation": [0, 0, -7.5], "uv": [28, 45], "mirror": true},
						{"origin": [-5, 34, 1], "size": [0, 3, 1], "pivot": [0, 27, 4], "rotation": [0, 0, -7.5], "uv": [28, 42], "mirror": true}
					]
				},
				{
					"name": "bone14",
					"parent": "head",
					"pivot": [0, 25, 6]
				},
				{
					"name": "bone16",
					"parent": "bone3",
					"pivot": [7, 11, 4]
				},
				{
					"name": "bone17",
					"parent": "bone3",
					"pivot": [-7, 11, 4]
				},
				{
					"name": "bone18",
					"parent": "bone3",
					"pivot": [-5, 23, 0],
					"rotation": [0, 0, 5]
				},
				{
					"name": "bone19",
					"parent": "bone18",
					"pivot": [-5, 18, 0],
					"rotation": [-7.5, 0, 0]
				},
				{
					"name": "bone20",
					"parent": "bone3",
					"pivot": [-5, 23, 0],
					"rotation": [0, 0, 5]
				},
				{
					"name": "bone21",
					"parent": "bone20",
					"pivot": [-5, 18, 0],
					"rotation": [-7.5, 0, 0]
				},
				{
					"name": "bone22",
					"parent": "bone3",
					"pivot": [-5, 23, 0],
					"rotation": [0, 0, 5]
				},
				{
					"name": "bone23",
					"parent": "bone22",
					"pivot": [-5, 18, 0],
					"rotation": [-7.5, 0, 0]
				},
				{
					"name": "bone24",
					"parent": "bone3",
					"pivot": [-5, 23, 0],
					"rotation": [0, 0, 5]
				},
				{
					"name": "bone25",
					"parent": "bone24",
					"pivot": [-5, 18, 0],
					"rotation": [-7.5, 0, 0]
				},
				{
					"name": "bone26",
					"parent": "bone3",
					"pivot": [-5, 23, 0],
					"rotation": [0, 0, 5]
				},
				{
					"name": "bone27",
					"parent": "bone26",
					"pivot": [-5, 18, 0],
					"rotation": [-7.5, 0, 0]
				},
				{
					"name": "bone13",
					"parent": "bone2",
					"pivot": [1, 26, 8]
				},
				{
					"name": "bone4",
					"parent": "bone",
					"pivot": [-2, 12, 0],
					"rotation": [0, 0, 2.5],
					"cubes": [
						{"origin": [-4, 6, -2], "size": [4, 6, 4], "uv": [57, 49]}
					]
				},
				{
					"name": "bone5",
					"parent": "bone4",
					"pivot": [-2, 6, 0],
					"cubes": [
						{"origin": [-4, 0, -2], "size": [4, 6, 4], "uv": [54, 7]}
					]
				},
				{
					"name": "bone6",
					"parent": "bone",
					"pivot": [2, 12, 0],
					"rotation": [0, 0, -2.5],
					"cubes": [
						{"origin": [0, 6, -2], "size": [4, 6, 4], "uv": [57, 49], "mirror": true}
					]
				},
				{
					"name": "bone7",
					"parent": "bone6",
					"pivot": [2, 6, 0],
					"cubes": [
						{"origin": [0, 0, -2], "size": [4, 6, 4], "uv": [54, 7], "mirror": true}
					]
				}
			]
		}
	]
}