{
   "format_version": "1.10",
   "animations": {
      "animation.weapon.first_person": {
         "loop": true,
         "bones": {
            "rightItem": {
               "rotation": [
                  20,
                  65,
                  -20
               ],
               "position": [
                  14,
                  -8,
                  14
               ]
            }
         }
      },
      "animation.angel_staff.holding": {
         "loop": true,
         "bones": {
            "angel_staff": {
               "rotation": [
                  "c.is_first_person ? 110 : 90",
                  "c.is_first_person ? 65 : 0",
                  "c.is_first_person ? -20 : 0"
               ],
               "position": [
                  "c.is_first_person ? 32 : 0",
                  "c.is_first_person ? 30 : 23",
                  20
               ]
            }
         }
      },
      "animation.katana.holding": {
         "loop": true,
         "bones": {
            "katana": {
               "rotation": [
                  "c.is_first_person ? 110 : 90",
                  "c.is_first_person ? 65 : 0",
                  "c.is_first_person ? -20 : 0"
               ],
               "position": [
                  "c.is_first_person ? 14 : 0",
                  "c.is_first_person ? 30 : 23",
                  "c.is_first_person ? 14 : 5"
               ]
            }
         }
      },
      "animation.ki_scythe.holding": {
         "loop": true,
         "bones": {
            "ki_scythe": {
               "rotation": [
                  90,
                  0,
                  0
               ],
               "position": [
                  0,
                  "c.is_first_person ? 30 : 23",
                  10
               ]
            }
         }
      },
      "animation.magic_stick.holding": {
         "loop": true,
         "bones": {
            "magic_stick": {
               "rotation": [
                  "c.is_first_person ? 110 : 90",
                  "c.is_first_person ? 65 : 0",
                  "c.is_first_person ? -20 : 0"
               ],
               "position": [
                  "c.is_first_person ? 32 : 0",
                  "c.is_first_person ? 30 : 23",
                  32
               ]
            }
         }
      },
      "animation.magic_stick.expand": {
         "animation_length": 1.2,
         "bones": {
            "rightItem": {
               "scale": [
                  1,
                  1,
                  "q.get_equipped_item_name('main_hand') == 'magic_stick' ? 3 : 1"
               ]
            }
         }
      },
      "animation.z_sword.holding": {
         "loop": true,
         "bones": {
            "z_sword": {
               "rotation": [
                  "c.is_first_person ? 110 : 90",
                  "c.is_first_person ? 65 : 0",
                  "c.is_first_person ? -20 : 0"
               ],
               "position": [
                  "c.is_first_person ? 14 : 0",
                  "c.is_first_person ? 30 : 23",
                  "c.is_first_person ? 14 : 5"
               ]
            }
         }
      },
      "animation.player.hold_z_sword": {
         "loop": true,
         "bones": {
            "leftArm": {
               "rotation": [
                  -35,
                  0,
                  45
               ],
               "position": [
                  -1,
                  0,
                  -1
               ]
            },
            "rightArm": {
               "rotation": [
                  -35,
                  0,
                  -22.5
               ],
               "position": [
                  1,
                  0,
                  -1
               ]
            },
            "rightItem": {
               "rotation": [
                  0,
                  90,
                  0
               ],
               "position": [
                  1,
                  0,
                  -1
               ]
            }
         }
      },
      "animation.player.ki_sword": {
         "loop": true,
         "animation_length": 0.875,
         "bones": {
            "ki_sword": {
               "position": {
                  "0.0": [
                     0,
                     0,
                     0
                  ],
                  "0.2083": [
                     0,
                     0.3,
                     0
                  ],
                  "0.4167": [
                     0,
                     0,
                     0
                  ],
                  "0.6667": [
                     0,
                     0.3,
                     0
                  ],
                  "0.875": [
                     0,
                     0,
                     0
                  ]
               }
            },
            "ki_sword1": {
               "rotation": {
                  "0.0": [
                     0,
                     -92.5,
                     0
                  ],
                  "0.2917": [
                     0,
                     -182.5,
                     0
                  ],
                  "0.5833": [
                     0,
                     -272.5,
                     0
                  ],
                  "0.875": [
                     0,
                     -362.5,
                     0
                  ]
               },
               "position": {
                  "0.0": [
                     0,
                     0,
                     0
                  ],
                  "0.2917": [
                     0,
                     1.6,
                     0
                  ],
                  "0.4167": [
                     0,
                     2,
                     0
                  ],
                  "0.5833": [
                     0,
                     1.6,
                     0
                  ],
                  "0.875": [
                     0,
                     0,
                     0
                  ]
               },
               "scale": {
                  "0.0": [
                     1,
                     1,
                     1
                  ],
                  "0.2917": [
                     1,
                     0.9,
                     1
                  ],
                  "0.4167": [
                     1,
                     0.875,
                     1
                  ],
                  "0.5833": [
                     1,
                     0.9,
                     1
                  ],
                  "0.875": [
                     1,
                     1,
                     1
                  ]
               }
            },
            "ki_sword2": {
               "rotation": {
                  "0.0": [
                     0,
                     0,
                     0
                  ],
                  "0.2917": [
                     0,
                     45,
                     0
                  ],
                  "0.5833": [
                     0,
                     90,
                     0
                  ],
                  "0.875": [
                     0,
                     135,
                     0
                  ]
               }
            },
            "ki_sword3": {
               "rotation": {
                  "0.0": [
                     0,
                     0,
                     0
                  ],
                  "0.2917": [
                     0,
                     -90,
                     0
                  ],
                  "0.5833": [
                     0,
                     -180,
                     0
                  ],
                  "0.875": [
                     0,
                     -270,
                     0
                  ]
               }
            },
            "ki_sword4": {
               "rotation": {
                  "0.0": [
                     0,
                     90,
                     0
                  ],
                  "0.2917": [
                     0,
                     180,
                     0
                  ],
                  "0.5833": [
                     0,
                     270,
                     0
                  ],
                  "0.875": [
                     0,
                     360,
                     0
                  ]
               },
               "position": {
                  "0.0": [
                     0,
                     0,
                     0
                  ],
                  "0.2917": [
                     0,
                     1.6,
                     0
                  ],
                  "0.4167": [
                     0,
                     2,
                     0
                  ],
                  "0.5833": [
                     0,
                     1.6,
                     0
                  ],
                  "0.875": [
                     0,
                     0,
                     0
                  ]
               }
            }
         }
      },
      "animation.player.ki_blades": {
         "loop": true,
         "animation_length": 0.91667,
         "bones": {
            "ki_sword": {
               "position": {
                  "0.0": [
                     0,
                     0,
                     0
                  ],
                  "0.2083": [
                     0,
                     0.3,
                     0
                  ],
                  "0.4167": [
                     0,
                     0,
                     0
                  ],
                  "0.6667": [
                     0,
                     0.3,
                     0
                  ],
                  "0.875": [
                     0,
                     0,
                     0
                  ]
               }
            },
            "ki_sword1": {
               "rotation": {
                  "0.0": [
                     0,
                     -92.5,
                     0
                  ],
                  "0.2917": [
                     0,
                     -182.5,
                     0
                  ],
                  "0.5833": [
                     0,
                     -272.5,
                     0
                  ],
                  "0.875": [
                     0,
                     -362.5,
                     0
                  ]
               },
               "position": {
                  "0.0": [
                     0,
                     0,
                     0
                  ],
                  "0.2917": [
                     0,
                     1.6,
                     0
                  ],
                  "0.4167": [
                     0,
                     2,
                     0
                  ],
                  "0.5833": [
                     0,
                     1.6,
                     0
                  ],
                  "0.875": [
                     0,
                     0,
                     0
                  ]
               },
               "scale": {
                  "0.0": [
                     1,
                     1,
                     1
                  ],
                  "0.2917": [
                     1,
                     0.9,
                     1
                  ],
                  "0.4167": [
                     1,
                     0.875,
                     1
                  ],
                  "0.5833": [
                     1,
                     0.9,
                     1
                  ],
                  "0.875": [
                     1,
                     1,
                     1
                  ]
               }
            },
            "ki_sword2": {
               "rotation": {
                  "0.0": [
                     0,
                     0,
                     0
                  ],
                  "0.2917": [
                     0,
                     45,
                     0
                  ],
                  "0.5833": [
                     0,
                     90,
                     0
                  ],
                  "0.875": [
                     0,
                     135,
                     0
                  ]
               }
            },
            "ki_sword3": {
               "rotation": {
                  "0.0": [
                     0,
                     0,
                     0
                  ],
                  "0.2917": [
                     0,
                     -90,
                     0
                  ],
                  "0.5833": [
                     0,
                     -180,
                     0
                  ],
                  "0.875": [
                     0,
                     -270,
                     0
                  ]
               }
            },
            "ki_sword4": {
               "rotation": {
                  "0.0": [
                     0,
                     90,
                     0
                  ],
                  "0.2917": [
                     0,
                     180,
                     0
                  ],
                  "0.5833": [
                     0,
                     270,
                     0
                  ],
                  "0.875": [
                     0,
                     360,
                     0
                  ]
               },
               "position": {
                  "0.0": [
                     0,
                     0,
                     0
                  ],
                  "0.2917": [
                     0,
                     1.6,
                     0
                  ],
                  "0.4167": [
                     0,
                     2,
                     0
                  ],
                  "0.5833": [
                     0,
                     1.6,
                     0
                  ],
                  "0.875": [
                     0,
                     0,
                     0
                  ]
               }
            },
            "ki_scythe_part": {
               "rotation": {
                  "0.0": [
                     0,
                     0,
                     -360
                  ],
                  "0.8333": [
                     0,
                     0,
                     0
                  ]
               }
            },
            "ki_scythe_part2": {
               "rotation": {
                  "0.0": [
                     0,
                     0,
                     0
                  ],
                  "0.875": [
                     0,
                     0,
                     -360
                  ]
               }
            },
            "ki_scythe_part3": {
               "rotation": {
                  "0.0": [
                     0,
                     0,
                     -360
                  ],
                  "0.875": [
                     0,
                     0,
                     0
                  ]
               }
            },
            "ki_scythe_part4": {
               "rotation": {
                  "0.0": [
                     0,
                     0,
                     0
                  ],
                  "0.875": [
                     0,
                     0,
                     -360
                  ]
               }
            },
            "kixd2": {
               "scale": {
                  "0.0": [
                     1,
                     1.5,
                     1
                  ],
                  "0.0417": [
                     1,
                     0.7,
                     1
                  ],
                  "0.0833": [
                     1,
                     0.5,
                     1
                  ],
                  "0.125": [
                     1,
                     0.7,
                     1
                  ],
                  "0.1667": [
                     1,
                     2,
                     1
                  ],
                  "0.2083": [
                     1,
                     1,
                     1
                  ],
                  "0.25": [
                     1,
                     0.7,
                     1
                  ],
                  "0.2917": [
                     1,
                     0.5,
                     1
                  ],
                  "0.3333": [
                     1,
                     0.7,
                     1
                  ],
                  "0.375": [
                     1,
                     1.5,
                     1
                  ],
                  "0.4167": [
                     1,
                     1,
                     1
                  ],
                  "0.4583": [
                     1,
                     0.7,
                     1
                  ],
                  "0.5": [
                     1,
                     0.5,
                     1
                  ],
                  "0.5417": [
                     1,
                     0.7,
                     1
                  ],
                  "0.5833": [
                     1,
                     2,
                     1
                  ],
                  "0.625": [
                     1,
                     0.7,
                     1
                  ],
                  "0.6667": [
                     1,
                     0.5,
                     1
                  ],
                  "0.7083": [
                     1,
                     0.7,
                     1
                  ],
                  "0.75": [
                     1,
                     1.5,
                     1
                  ],
                  "0.7917": [
                     1,
                     0.7,
                     1
                  ],
                  "0.8333": [
                     1,
                     0.5,
                     1
                  ],
                  "0.875": [
                     1,
                     0.7,
                     1
                  ],
                  "0.9167": [
                     1,
                     1,
                     1
                  ]
               }
            },
            "kixd": {
               "scale": {
                  "0.0": [
                     1,
                     1.5,
                     1
                  ],
                  "0.0417": [
                     1,
                     0.7,
                     1
                  ],
                  "0.0833": [
                     1,
                     0.5,
                     1
                  ],
                  "0.125": [
                     1,
                     0.7,
                     1
                  ],
                  "0.1667": [
                     1,
                     2,
                     1
                  ],
                  "0.2083": [
                     1,
                     1,
                     1
                  ],
                  "0.25": [
                     1,
                     0.7,
                     1
                  ],
                  "0.2917": [
                     1,
                     0.5,
                     1
                  ],
                  "0.3333": [
                     1,
                     0.7,
                     1
                  ],
                  "0.375": [
                     1,
                     1.5,
                     1
                  ],
                  "0.4167": [
                     1,
                     1,
                     1
                  ],
                  "0.4583": [
                     1,
                     0.7,
                     1
                  ],
                  "0.5": [
                     1,
                     0.5,
                     1
                  ],
                  "0.5417": [
                     1,
                     0.7,
                     1
                  ],
                  "0.5833": [
                     1,
                     2,
                     1
                  ],
                  "0.625": [
                     1,
                     0.7,
                     1
                  ],
                  "0.6667": [
                     1,
                     0.5,
                     1
                  ],
                  "0.7083": [
                     1,
                     0.7,
                     1
                  ],
                  "0.75": [
                     1,
                     1.5,
                     1
                  ],
                  "0.7917": [
                     1,
                     0.7,
                     1
                  ],
                  "0.8333": [
                     1,
                     0.5,
                     1
                  ],
                  "0.875": [
                     1,
                     0.7,
                     1
                  ],
                  "0.9167": [
                     1,
                     1,
                     1
                  ]
               }
            }
         }
      },
      "animation.pesas2.holding": {
         "loop": true,
         "bones": {
            "rightArm": {
               "rotation": [
                  -15,
                  0,
                  0
               ]
            },
            "leftArm": {
               "rotation": [
                  -15,
                  0,
                  0
               ]
            }
         }
      },
      "animation.pesas.holding": {
         "loop": true,
         "bones": {
            "rightArm": {
               "rotation": [
                  -15,
                  0,
                  0
               ]
            }
         }
      },
      "animation.bills_peso.holding": {
         "loop": true,
         "bones": {
            "leftLeg": {
               "rotation": [
                  0,
                  0,
                  0
               ],
               "position": [
                  0,
                  0,
                  -2
               ]
            },
            "rightLeg": {
               "rotation": [
                  0,
                  0,
                  0
               ],
               "position": [
                  0,
                  0,
                  -2
               ]
            },
            "waist": {
               "rotation": [
                  20,
                  0,
                  0
               ],
               "position": [
                  0,
                  -5,
                  2
               ]
            },
            "head": {
               "rotation": [
                  -20,
                  0,
                  0
               ]
            },
            "leftArm": {
               "rotation": [
                  -110,
                  0,
                  0
               ]
            },
            "rightArm": {
               "rotation": [
                  -110,
                  0,
                  0
               ]
            },
            "bills_peso3": {
               "position": [
                  0,
                  10,
                  0
               ]
            }
         }
      }
   }
}