{
	"format_version": "1.8.0",
	"animations": {
		"animation.player.ki_blades": {
			"loop": true,
			"animation_length": 0.91667,
			"bones": {
				"ki_sword": {
					"position": {
						"0.0": [0, 0, 0],
						"0.2083": [0, 0.3, 0],
						"0.4167": [0, 0, 0],
						"0.6667": [0, 0.3, 0],
						"0.875": [0, 0, 0]
					}
				},
				"ki_sword1": {
					"rotation": {
						"0.0": [0, -92.5, 0],
						"0.2917": [0, -182.5, 0],
						"0.5833": [0, -272.5, 0],
						"0.875": [0, -362.5, 0]
					},
					"position": {
						"0.0": [0, 0, 0],
						"0.2917": [0, 1.6, 0],
						"0.4167": [0, 2, 0],
						"0.5833": [0, 1.6, 0],
						"0.875": [0, 0, 0]
					},
					"scale": {
						"0.0": [1, 1, 1],
						"0.2917": [1, 0.9, 1],
						"0.4167": [1, 0.875, 1],
						"0.5833": [1, 0.9, 1],
						"0.875": [1, 1, 1]
					}
				},
				"ki_sword2": {
					"rotation": {
						"0.0": [0, 0, 0],
						"0.2917": [0, 45, 0],
						"0.5833": [0, 90, 0],
						"0.875": [0, 135, 0]
					}
				},
				"ki_sword3": {
					"rotation": {
						"0.0": [0, 0, 0],
						"0.2917": [0, -90, 0],
						"0.5833": [0, -180, 0],
						"0.875": [0, -270, 0]
					}
				},
				"ki_sword4": {
					"rotation": {
						"0.0": [0, 90, 0],
						"0.2917": [0, 180, 0],
						"0.5833": [0, 270, 0],
						"0.875": [0, 360, 0]
					},
					"position": {
						"0.0": [0, 0, 0],
						"0.2917": [0, 1.6, 0],
						"0.4167": [0, 2, 0],
						"0.5833": [0, 1.6, 0],
						"0.875": [0, 0, 0]
					}
				},
				"ki_scythe_part": {
					"rotation": {
						"0.0": [0, 0, -360],
						"0.8333": [0, 0, 0]
					}
				},
				"ki_scythe_part2": {
					"rotation": {
						"0.0": [0, 0, 0],
						"0.875": [0, 0, -360]
					}
				},
				"ki_scythe_part3": {
					"rotation": {
						"0.0": [0, 0, -360],
						"0.875": [0, 0, 0]
					}
				},
				"ki_scythe_part4": {
					"rotation": {
						"0.0": [0, 0, 0],
						"0.875": [0, 0, -360]
					}
				},
				"kixd2": {
					"scale": {
						"0.0": [1, 1.5, 1],
						"0.0417": [1, 0.7, 1],
						"0.0833": [1, 0.5, 1],
						"0.125": [1, 0.7, 1],
						"0.1667": [1, 2, 1],
						"0.2083": [1, 1, 1],
						"0.25": [1, 0.7, 1],
						"0.2917": [1, 0.5, 1],
						"0.3333": [1, 0.7, 1],
						"0.375": [1, 1.5, 1],
						"0.4167": [1, 1, 1],
						"0.4583": [1, 0.7, 1],
						"0.5": [1, 0.5, 1],
						"0.5417": [1, 0.7, 1],
						"0.5833": [1, 2, 1],
						"0.625": [1, 0.7, 1],
						"0.6667": [1, 0.5, 1],
						"0.7083": [1, 0.7, 1],
						"0.75": [1, 1.5, 1],
						"0.7917": [1, 0.7, 1],
						"0.8333": [1, 0.5, 1],
						"0.875": [1, 0.7, 1],
						"0.9167": [1, 1, 1]
					}
				},
				"kixd": {
					"scale": {
						"0.0": [1, 1.5, 1],
						"0.0417": [1, 0.7, 1],
						"0.0833": [1, 0.5, 1],
						"0.125": [1, 0.7, 1],
						"0.1667": [1, 2, 1],
						"0.2083": [1, 1, 1],
						"0.25": [1, 0.7, 1],
						"0.2917": [1, 0.5, 1],
						"0.3333": [1, 0.7, 1],
						"0.375": [1, 1.5, 1],
						"0.4167": [1, 1, 1],
						"0.4583": [1, 0.7, 1],
						"0.5": [1, 0.5, 1],
						"0.5417": [1, 0.7, 1],
						"0.5833": [1, 2, 1],
						"0.625": [1, 0.7, 1],
						"0.6667": [1, 0.5, 1],
						"0.7083": [1, 0.7, 1],
						"0.75": [1, 1.5, 1],
						"0.7917": [1, 0.7, 1],
						"0.8333": [1, 0.5, 1],
						"0.875": [1, 0.7, 1],
						"0.9167": [1, 1, 1]
					}
				}
			}
		}
	}
}