{
   "format_version": "1.8.0",
   "animations": {
      "animation.player.ki_sword": {
         "loop": true,
         "animation_length": 0.875,
         "bones": {
            "ki_sword": {
               "position": {
                  "0.0": [
                     0,
                     0,
                     0
                  ],
                  "0.2083": [
                     0,
                     0.3,
                     0
                  ],
                  "0.4167": [
                     0,
                     0,
                     0
                  ],
                  "0.6667": [
                     0,
                     0.3,
                     0
                  ],
                  "0.875": [
                     0,
                     0,
                     0
                  ]
               }
            },
            "ki_sword1": {
               "rotation": {
                  "0.0": [
                     0,
                     -92.5,
                     0
                  ],
                  "0.2917": [
                     0,
                     -182.5,
                     0
                  ],
                  "0.5833": [
                     0,
                     -272.5,
                     0
                  ],
                  "0.875": [
                     0,
                     -362.5,
                     0
                  ]
               },
               "position": {
                  "0.0": [
                     0,
                     0,
                     0
                  ],
                  "0.2917": [
                     0,
                     1.6,
                     0
                  ],
                  "0.4167": [
                     0,
                     2,
                     0
                  ],
                  "0.5833": [
                     0,
                     1.6,
                     0
                  ],
                  "0.875": [
                     0,
                     0,
                     0
                  ]
               },
               "scale": {
                  "0.0": [
                     1,
                     1,
                     1
                  ],
                  "0.2917": [
                     1,
                     0.9,
                     1
                  ],
                  "0.4167": [
                     1,
                     0.875,
                     1
                  ],
                  "0.5833": [
                     1,
                     0.9,
                     1
                  ],
                  "0.875": [
                     1,
                     1,
                     1
                  ]
               }
            },
            "ki_sword2": {
               "rotation": {
                  "0.0": [
                     0,
                     0,
                     0
                  ],
                  "0.2917": [
                     0,
                     45,
                     0
                  ],
                  "0.5833": [
                     0,
                     90,
                     0
                  ],
                  "0.875": [
                     0,
                     135,
                     0
                  ]
               }
            },
            "ki_sword3": {
               "rotation": {
                  "0.0": [
                     0,
                     0,
                     0
                  ],
                  "0.2917": [
                     0,
                     -90,
                     0
                  ],
                  "0.5833": [
                     0,
                     -180,
                     0
                  ],
                  "0.875": [
                     0,
                     -270,
                     0
                  ]
               }
            },
            "ki_sword4": {
               "rotation": {
                  "0.0": [
                     0,
                     90,
                     0
                  ],
                  "0.2917": [
                     0,
                     180,
                     0
                  ],
                  "0.5833": [
                     0,
                     270,
                     0
                  ],
                  "0.875": [
                     0,
                     360,
                     0
                  ]
               },
               "position": {
                  "0.0": [
                     0,
                     0,
                     0
                  ],
                  "0.2917": [
                     0,
                     1.6,
                     0
                  ],
                  "0.4167": [
                     0,
                     2,
                     0
                  ],
                  "0.5833": [
                     0,
                     1.6,
                     0
                  ],
                  "0.875": [
                     0,
                     0,
                     0
                  ]
               }
            }
         }
      }
   }
}