{
    "pools": [
        {
            "rolls": 1,
            "entries": [
                {
                    "type": "item",
                    "name": "yt:ki",
                    "weight": 1,
                    "functions": [
                        {
                            "function": "set_count",
                            "count": {
                                "min": 1,
                                "max": 2.                         }
                        },
                        {
                            "function": "looting_enchant",
                            "count": {
                                "min": 1,
                                "max": 2                         }
                        }
                    ]
                }
            ]
        },
        {
            "rolls": 1,
            "entries": [
                {
                    "type": "item",
                    "name": "yt:ki_black",
                    "weight": 1,
                    "functions": [
                        {
                            "function": "set_count",
                            "count": {
                                "min": 1,
                                "max": 2                         }
                        },
                        {
                            "function": "looting_enchant",
                            "count": {
                                "min": 1,
                                "max": 2                         }
                        }
                    ]
                }
            ]
        },
        {
            "rolls": 1,
            "entries": [
                {
                    "type": "item",
                    "name": "yt:vt_jdjgm",
                    "weight": 1,
                    "functions": [
                        {
                            "function": "set_count",
                            "count": {
                                "min": 1,
                                "max": 1                            }
                        },
                        {
                            "function": "looting_enchant",
                            "count": {
                                "min": 1,
                                "max": 1                            }
                        }
                    ]
                }
            ]
        }
    ]
}
