{
    "\u0066\u006f\u0072\u006d\u0061\u0074\u005f\u0076\u0065\u0072\u0073\u0069\u006f\u006e": "1.13.0",
    "\u006d\u0069\u006e\u0065\u0063\u0072\u0061\u0066\u0074\u003a\u0073\u0063\u0061\u0074\u0074\u0065\u0072\u005f\u0066\u0065\u0061\u0074\u0075\u0072\u0065": {
        "\u0064\u0065\u0073\u0063\u0072\u0069\u0070\u0074\u0069\u006f\u006e": {
            "\u0069\u0064\u0065\u006e\u0074\u0069\u0066\u0069\u0065\u0072": "dbe:scatter_dirtstone_rock_feature"
        },

        "\u0069\u0074\u0065\u0072\u0061\u0074\u0069\u006f\u006e\u0073": "
          t.master_noise = q.noise(v.originx / 32, v.originz / 32);
          t.threshold = 0.6;
          t.master_noise < t.threshold ? {return 0;};
          t.detail_noise = q.noise(v.originx / 4, v.originz / 4);
          t.intensity = (t.master_noise - t.threshold) / t.threshold;
          t.master_noise_maximum_height = 16;
          t.column_height = t.intensity * t.master_noise_maximum_height + t.detail_noise;
          return t.column_height;
        ",
        "\u0078": 0,
        "\u007a": 0,
        "\u0079": {
            "\u0064\u0069\u0073\u0074\u0072\u0069\u0062\u0075\u0074\u0069\u006f\u006e": "fixed_grid",
            "\u0065\u0078\u0074\u0065\u006e\u0074": [ 0, "t.column_height - 1" ]
        },
        "\u0070\u006c\u0061\u0063\u0065\u0073\u005f\u0066\u0065\u0061\u0074\u0075\u0072\u0065": "dbe:dirtstone_rock_feature"
    }
}