{
	"format_version": "1.8.0",
	"animations": {
		"animation.baby_zombie_titan.spawn": {
			"animation_length": 15,
			"bones": {
				"bone": {
					"rotation": {
						"0.0": {
							"post": [0, 0, 0],
							"lerp_mode": "catmullrom"
						},
						"1.84": {
							"post": [0, 0, 0],
							"lerp_mode": "catmullrom"
						},
						"2.6": {
							"post": [0, 20, 0],
							"lerp_mode": "catmullrom"
						},
						"2.88": {
							"post": [0, 18.75, 0],
							"lerp_mode": "catmullrom"
						},
						"3.68": {
							"post": [0, 0, 0],
							"lerp_mode": "catmullrom"
						},
						"6.8": {
							"post": [0, 0, 0],
							"lerp_mode": "catmullrom"
						},
						"8.08": {
							"post": [0, 0, 0],
							"lerp_mode": "catmullrom"
						},
						"9.04": {
							"post": [0, 0, 0],
							"lerp_mode": "catmullrom"
						},
						"9.64": {
							"post": [0, 0, 0],
							"lerp_mode": "catmullrom"
						},
						"10.16": {
							"post": [0, 0, -25],
							"lerp_mode": "catmullrom"
						},
						"10.64": {
							"post": [0, 0, 27.47],
							"lerp_mode": "catmullrom"
						},
						"11.24": {
							"post": [0, 0, -23.58],
							"lerp_mode": "catmullrom"
						},
						"12.2": [0, 0, 0]
					},
					"position": {
						"0.0": {
							"post": [0, -33, 0],
							"lerp_mode": "catmullrom"
						},
						"0.8": {
							"post": [0, -22, 0],
							"lerp_mode": "catmullrom"
						},
						"1.84": {
							"post": [0, -22, 0],
							"lerp_mode": "catmullrom"
						},
						"6.8": {
							"post": [0, -22, 0],
							"lerp_mode": "catmullrom"
						},
						"7.32": {
							"post": [0, -19.7, 0],
							"lerp_mode": "catmullrom"
						},
						"8.08": {
							"post": [0, -19.7, 0],
							"lerp_mode": "catmullrom"
						},
						"9.04": {
							"post": [0, -11.7, 0],
							"lerp_mode": "catmullrom"
						},
						"9.64": {
							"post": [0, -7.7, 0],
							"lerp_mode": "catmullrom"
						},
						"10.16": {
							"post": [0, -4.7, -5],
							"lerp_mode": "catmullrom"
						},
						"10.64": {
							"post": [0, -2.7, 4],
							"lerp_mode": "catmullrom"
						},
						"11.24": {
							"post": [0, -1.7, -6],
							"lerp_mode": "catmullrom"
						},
						"12.2": [0, 0, 0]
					}
				},
				"bone3": {
					"rotation": {
						"0.0": {
							"post": [17.5, 0, 0],
							"lerp_mode": "catmullrom"
						},
						"6.8": {
							"post": [17.5, 0, 0],
							"lerp_mode": "catmullrom"
						},
						"7.32": {
							"post": [-7.5, 0, 0],
							"lerp_mode": "catmullrom"
						},
						"8.08": {
							"post": [12.5, 0, 0],
							"lerp_mode": "catmullrom"
						},
						"9.04": {
							"post": [25, 0, 0],
							"lerp_mode": "catmullrom"
						},
						"9.64": {
							"post": [30, 0, 0],
							"lerp_mode": "catmullrom"
						},
						"10.16": {
							"post": [30, 0, 0],
							"lerp_mode": "catmullrom"
						},
						"10.64": {
							"post": [-20, 0, 0],
							"lerp_mode": "catmullrom"
						},
						"11.24": {
							"post": [0, 0, 0],
							"lerp_mode": "catmullrom"
						},
						"12.2": [0, 0, 0]
					}
				},
				"head": {
					"rotation": {
						"0.0": {
							"post": [42.5, 0, 0],
							"lerp_mode": "catmullrom"
						},
						"0.8": {
							"post": [-30, -17.5, 20],
							"lerp_mode": "catmullrom"
						},
						"1.04": {
							"post": [-40, -17.5, 27.5],
							"lerp_mode": "catmullrom"
						},
						"1.56": {
							"post": [-30, 0, 0],
							"lerp_mode": "catmullrom"
						},
						"1.84": {
							"post": [-30, 0, 0],
							"lerp_mode": "catmullrom"
						},
						"2.6": {
							"post": [-35, 17.5, -22.5],
							"lerp_mode": "catmullrom"
						},
						"2.88": {
							"post": [-35, 17.5, -27.5],
							"lerp_mode": "catmullrom"
						},
						"3.68": {
							"post": [-30, 0, 0],
							"lerp_mode": "catmullrom"
						},
						"4.2": {
							"post": [-30, 0, 0],
							"lerp_mode": "catmullrom"
						},
						"4.72": {
							"post": [-7.5, 40, 30],
							"lerp_mode": "catmullrom"
						},
						"5.0": {
							"post": [-7.5, 40, 35],
							"lerp_mode": "catmullrom"
						},
						"5.52": {
							"post": [-7.5, -40, -30],
							"lerp_mode": "catmullrom"
						},
						"5.8": {
							"post": [-7.5, -40, -35],
							"lerp_mode": "catmullrom"
						},
						"6.56": {
							"post": [-30, 0, 0],
							"lerp_mode": "catmullrom"
						},
						"6.8": {
							"post": [-30, 0, 0],
							"lerp_mode": "catmullrom"
						},
						"7.32": {
							"post": [35, 0, 0],
							"lerp_mode": "catmullrom"
						},
						"8.08": {
							"post": [27.5, 0, 0],
							"lerp_mode": "catmullrom"
						},
						"9.04": {
							"post": [15.5, 0, 0],
							"lerp_mode": "catmullrom"
						},
						"9.64": {
							"post": [20.5, 0, 0],
							"lerp_mode": "catmullrom"
						},
						"10.16": {
							"post": [8, 0, 0],
							"lerp_mode": "catmullrom"
						},
						"10.64": {
							"post": [-14.5, 0, 0],
							"lerp_mode": "catmullrom"
						},
						"11.24": {
							"post": [33, 0, 0],
							"lerp_mode": "catmullrom"
						},
						"12.2": [0, 0, 0]
					}
				},
				"bone8": {
					"rotation": {
						"0.0": {
							"post": [77.5, -37.5, 0],
							"lerp_mode": "catmullrom"
						},
						"1.56": {
							"post": [77.5, -37.5, 0],
							"lerp_mode": "catmullrom"
						},
						"1.84": {
							"post": [77.5, -37.5, 0],
							"lerp_mode": "catmullrom"
						},
						"2.6": {
							"post": [-125, -37.5, 0],
							"lerp_mode": "catmullrom"
						},
						"2.88": {
							"post": [-138.5, -37.5, 0],
							"lerp_mode": "catmullrom"
						},
						"3.68": {
							"post": [-37.5, -35, 0],
							"lerp_mode": "catmullrom"
						},
						"4.8": {
							"post": [-31.14424, -34.81562, 0],
							"lerp_mode": "catmullrom"
						},
						"6.8": {
							"post": [-27.5, -35, 0],
							"lerp_mode": "catmullrom"
						},
						"7.32": {
							"post": [17.5, -35, 0],
							"lerp_mode": "catmullrom"
						},
						"8.08": {
							"post": [-30, -35, 32.5],
							"lerp_mode": "catmullrom"
						},
						"9.04": {
							"post": [18.5, -35, 32.5],
							"lerp_mode": "catmullrom"
						},
						"9.64": {
							"post": [21.5, -35, 22.5],
							"lerp_mode": "catmullrom"
						},
						"10.16": {
							"post": [0, -40, 0],
							"lerp_mode": "catmullrom"
						},
						"10.64": {
							"post": [0, -40, 0],
							"lerp_mode": "catmullrom"
						},
						"11.24": {
							"post": [0, 0, 0],
							"lerp_mode": "catmullrom"
						},
						"12.2": [0, 0, 0]
					}
				},
				"bone10": {
					"rotation": {
						"0.0": {
							"post": [55, 0, 0],
							"lerp_mode": "catmullrom"
						},
						"0.8": {
							"post": [-102.5, 35, 0],
							"lerp_mode": "catmullrom"
						},
						"1.04": {
							"post": [-105, 35, 0],
							"lerp_mode": "catmullrom"
						},
						"1.56": {
							"post": [-27.5, 35, 0],
							"lerp_mode": "catmullrom"
						},
						"2.6": {
							"post": [-27.5, 25, 0],
							"lerp_mode": "catmullrom"
						},
						"2.88": {
							"post": [-27.5, 26.47, 0],
							"lerp_mode": "catmullrom"
						},
						"3.68": {
							"post": [-27.5, 35, 0],
							"lerp_mode": "catmullrom"
						},
						"6.8": {
							"post": [-27.5, 35, 0],
							"lerp_mode": "catmullrom"
						},
						"7.32": {
							"post": [-40, 35, 0],
							"lerp_mode": "catmullrom"
						},
						"8.08": {
							"post": [-17.5, 35, -22.5],
							"lerp_mode": "catmullrom"
						},
						"9.04": {
							"post": [21.5, 35, -22.5],
							"lerp_mode": "catmullrom"
						},
						"9.64": {
							"post": [21.5, 35, -22.5],
							"lerp_mode": "catmullrom"
						},
						"10.16": {
							"post": [0, 37.5, 0],
							"lerp_mode": "catmullrom"
						},
						"10.64": {
							"post": [0, 37.5, 0],
							"lerp_mode": "catmullrom"
						},
						"11.24": {
							"post": [0, 0, 0],
							"lerp_mode": "catmullrom"
						},
						"12.2": [0, 0, 0]
					}
				},
				"bone11": {
					"rotation": {
						"0.0": {
							"post": [-147.5, 0, 0],
							"lerp_mode": "catmullrom"
						},
						"0.8": {
							"post": [-35, 0, 0],
							"lerp_mode": "catmullrom"
						},
						"1.04": {
							"post": [-37.5, 0, 0],
							"lerp_mode": "catmullrom"
						},
						"1.56": {
							"post": [0, 0, 0],
							"lerp_mode": "catmullrom"
						},
						"1.84": {
							"post": [0, 0, 0],
							"lerp_mode": "catmullrom"
						},
						"6.8": {
							"post": [0, 0, 0],
							"lerp_mode": "catmullrom"
						},
						"7.32": {
							"post": [-15, 0, 0],
							"lerp_mode": "catmullrom"
						},
						"8.08": {
							"post": [0, 0, 0],
							"lerp_mode": "catmullrom"
						},
						"9.04": {
							"post": [0, 0, 0],
							"lerp_mode": "catmullrom"
						},
						"9.64": {
							"post": [0, 0, 0],
							"lerp_mode": "catmullrom"
						},
						"10.16": {
							"post": [0, 0, 0],
							"lerp_mode": "catmullrom"
						},
						"10.64": {
							"post": [0, 0, 0],
							"lerp_mode": "catmullrom"
						},
						"11.24": {
							"post": [0, 0, 0],
							"lerp_mode": "catmullrom"
						},
						"12.2": [0, 0, 0]
					}
				},
				"bone2": {
					"rotation": {
						"0.0": {
							"post": [12.5, 0, 0],
							"lerp_mode": "catmullrom"
						},
						"6.8": {
							"post": [12.5, 0, 0],
							"lerp_mode": "catmullrom"
						},
						"7.32": {
							"post": [-7.5, 0, 0],
							"lerp_mode": "catmullrom"
						},
						"8.08": {
							"post": [10, 0, 0],
							"lerp_mode": "catmullrom"
						},
						"9.04": {
							"post": [22.5, 0, 0],
							"lerp_mode": "catmullrom"
						},
						"9.64": {
							"post": [37.5, 0, 0],
							"lerp_mode": "catmullrom"
						},
						"10.16": {
							"post": [37.5, 0, 0],
							"lerp_mode": "catmullrom"
						},
						"10.64": {
							"post": [-17.5, 0, 0],
							"lerp_mode": "catmullrom"
						},
						"11.24": {
							"post": [0, 0, 0],
							"lerp_mode": "catmullrom"
						},
						"12.2": [0, 0, 0]
					}
				},
				"bone4": {
					"rotation": {
						"0.0": {
							"post": [0, 0, 0],
							"lerp_mode": "catmullrom"
						},
						"6.8": [0, 0, 0],
						"8.32": {
							"post": [0, 0, 0],
							"lerp_mode": "catmullrom"
						},
						"9.04": {
							"post": [-100, 0, 0],
							"lerp_mode": "catmullrom"
						},
						"9.64": {
							"post": [-55, 0, 0],
							"lerp_mode": "catmullrom"
						},
						"10.16": {
							"post": [37.5, 0, 25],
							"lerp_mode": "catmullrom"
						},
						"10.64": {
							"post": [-40, 0, -27.5],
							"lerp_mode": "catmullrom"
						},
						"11.24": {
							"post": [17.5, 0, 25],
							"lerp_mode": "catmullrom"
						},
						"12.2": [0, 0, 0]
					}
				},
				"bone5": {
					"rotation": {
						"0.0": {
							"post": [0, 0, 0],
							"lerp_mode": "catmullrom"
						},
						"6.8": [0, 0, 0],
						"8.32": {
							"post": [0, 0, 0],
							"lerp_mode": "catmullrom"
						},
						"9.04": {
							"post": [100, 0, 0],
							"lerp_mode": "catmullrom"
						},
						"9.64": {
							"post": [65, 0, 0],
							"lerp_mode": "catmullrom"
						},
						"10.16": {
							"post": [17.5, 0, 0],
							"lerp_mode": "catmullrom"
						},
						"10.64": {
							"post": [30, 0, 0],
							"lerp_mode": "catmullrom"
						},
						"11.24": {
							"post": [37.5, 0, 0],
							"lerp_mode": "catmullrom"
						},
						"12.2": [0, 0, 0]
					}
				},
				"bone6": {
					"rotation": {
						"0.0": {
							"post": [0, 0, 0],
							"lerp_mode": "catmullrom"
						},
						"3.16": [0, 0, 0],
						"6.8": {
							"post": [0, 0, 0],
							"lerp_mode": "catmullrom"
						},
						"8.32": {
							"post": [0, 0, 0],
							"lerp_mode": "catmullrom"
						},
						"9.04": {
							"post": [0, 0, 0],
							"lerp_mode": "catmullrom"
						},
						"9.64": {
							"post": [17.5, 0, 0],
							"lerp_mode": "catmullrom"
						},
						"10.16": {
							"post": [-62.5, 0, 25],
							"lerp_mode": "catmullrom"
						},
						"10.64": {
							"post": [22.5, 0, -27.5],
							"lerp_mode": "catmullrom"
						},
						"11.24": {
							"post": [-10, 0, 25],
							"lerp_mode": "catmullrom"
						},
						"12.2": [0, 0, 0]
					}
				},
				"bone7": {
					"rotation": {
						"0.0": {
							"post": [0, 0, 0],
							"lerp_mode": "catmullrom"
						},
						"3.16": [0, 0, 0],
						"6.8": {
							"post": [0, 0, 0],
							"lerp_mode": "catmullrom"
						},
						"8.32": {
							"post": [0, 0, 0],
							"lerp_mode": "catmullrom"
						},
						"9.04": {
							"post": [0, 0, 0],
							"lerp_mode": "catmullrom"
						},
						"9.64": {
							"post": [0, 0, 0],
							"lerp_mode": "catmullrom"
						},
						"10.16": {
							"post": [42.5, 0, 0],
							"lerp_mode": "catmullrom"
						},
						"10.64": {
							"post": [37.5, 0, 0],
							"lerp_mode": "catmullrom"
						},
						"11.24": {
							"post": [22.5, 0, 0],
							"lerp_mode": "catmullrom"
						},
						"12.2": [0, 0, 0]
					}
				},
				"bone9": {
					"rotation": {
						"0.0": {
							"post": [-132.5, 0, 0],
							"lerp_mode": "catmullrom"
						},
						"1.56": {
							"post": [-112.86, 0, 0],
							"lerp_mode": "catmullrom"
						},
						"1.84": {
							"post": [-112.86, 0, 0],
							"lerp_mode": "catmullrom"
						},
						"2.6": {
							"post": [-37.5, 0, 0],
							"lerp_mode": "catmullrom"
						},
						"2.88": {
							"post": [-37.5, 0, 0],
							"lerp_mode": "catmullrom"
						},
						"3.68": {
							"post": [0, 0, 0],
							"lerp_mode": "catmullrom"
						},
						"6.8": {
							"post": [0, 0, 0],
							"lerp_mode": "catmullrom"
						},
						"7.32": {
							"post": [7.5, 0, 0],
							"lerp_mode": "catmullrom"
						},
						"8.08": {
							"post": [-50, 0, 0],
							"lerp_mode": "catmullrom"
						},
						"9.04": {
							"post": [-57.5, 0, 0],
							"lerp_mode": "catmullrom"
						},
						"9.64": {
							"post": [0, 0, 0],
							"lerp_mode": "catmullrom"
						},
						"10.16": {
							"post": [0, 0, 0],
							"lerp_mode": "catmullrom"
						},
						"10.64": {
							"post": [0, 0, 0],
							"lerp_mode": "catmullrom"
						},
						"11.24": {
							"post": [0, 0, 0],
							"lerp_mode": "catmullrom"
						},
						"12.2": [0, 0, 0]
					}
				},
				"bone13": {
					"rotation": {
						"0.0": {
							"post": [0, 0, 0],
							"lerp_mode": "catmullrom"
						},
						"6.8": [0, 0, 0],
						"8.32": {
							"post": [0, 0, 0],
							"lerp_mode": "catmullrom"
						},
						"9.04": {
							"post": [0, 0, 0],
							"lerp_mode": "catmullrom"
						},
						"9.64": {
							"post": [0, 0, 0],
							"lerp_mode": "catmullrom"
						},
						"10.16": {
							"post": [0, 0, 0],
							"lerp_mode": "catmullrom"
						},
						"10.64": {
							"post": [0, 0, 0],
							"lerp_mode": "catmullrom"
						},
						"11.24": {
							"post": [0, 0, 0],
							"lerp_mode": "catmullrom"
						},
						"11.48": {
							"post": [0, 0, 0],
							"lerp_mode": "catmullrom"
						},
						"12.2": [0, 0, 0]
					}
				}
			}
		}
	}
}