{
  "mob.pa_cra.idle": {
    "category": " neutral",
    "sounds": [
      "sounds/mob/pa_cra/idle/idle1",
      "sounds/mob/pa_cra/idle/idle1",
      "sounds/mob/pa_cra/idle/idle1"
    ]
  },
  "mob.pa_cer.idle": {
    "category": " neutral",
    "sounds": [
      "sounds/mob/pa_cer/idle/idle1"
    ]
  },
  "mob.pa_cert.idle": {
    "category": " neutral",
    "sounds": [
      "sounds/mob/pa_cert/idle/idle1"
    ]
  },
  "mob.pa_hi.idle": {
    "category": " neutral",
    "sounds": [
      "sounds/mob/pa_hi/idle/idle1"
    ]
  },
  "mob.pa_gman.idle": {
    "category": " neutral",
    "sounds": [
      "sounds/mob/pa_gman/idle/idle1"
    ]
  },
  "mob.pa_tca.idle": {
    "category": " neutral",
    "sounds": [
      "sounds/mob/pa_tca/idle/idle1",
      "sounds/mob/pa_tca/idle/idle1",
      "sounds/mob/pa_tca/idle/idle1"
    ]
  },
  "mob.pa_toilet.idle": {
    "category": " neutral",
    "sounds": [
      "sounds/mob/pa_toilet/idle/idle1"
    ]
  },
  "mob.pa_toilet.hit": {
    "category": " neutral",
    "sounds": [
      "sounds/mob/pa_toilet/hit/hit1"
    ]
  },
  "mob.ag1_blue.idle": {
    "category": " neutral",
    "sounds": [
      "sounds/mob/ag1_blue/idle/idle1"
    ]
  },
  "mob.ag1_blue.hit": {
    "category": " neutral",
    "sounds": [
      "sounds/mob/ag1_blue/hit/hit1"
    ]
  },
  "mob.pa_tv.idle": {
    "category": " neutral",
    "sounds": [
      "sounds/mob/pa_tv/idle/idle1"
    ]
  },
  "mob.pa_tpeg.idle": {
    "category": " neutral",
    "sounds": [
      "sounds/mob/pa_tpeg/idle/idle1",
      "sounds/mob/pa_tpeg/idle/idle1",
      "sounds/mob/pa_tpeg/idle/idle1"
    ]
  },
  "mob.pa_tpeg.hit": {
    "category": " neutral",
    "sounds": [
      "sounds/mob/pa_tpeg/hit/hit1"
    ]
  },
  "mob.pa_tb.idle": {
    "category": " neutral",
    "sounds": [
      "sounds/mob/pa_tb/idle/idle1"
    ]
  },
  "mob.pa_tb.hit": {
    "category": " neutral",
    "sounds": [
      "sounds/mob/pa_tb/hit/hit1"
    ]
  },
  "mob.ag1_cyan.idle": {
    "category": " neutral",
    "sounds": [
      "sounds/mob/ag1_cyan/idle/idle1"
    ]
  },
  "mob.pa_tk.idle": {
    "category": " neutral",
    "sounds": [
      "sounds/mob/pa_tk/idle/idle1"
    ]
  },
  "mob.pa_buz.idle": {
    "category": " neutral",
    "sounds": [
      "sounds/mob/pa_buz/idle/idle1"
    ]
  },
  "pa_lol_shot": {
    "category": "neutral",
    "sounds": [
      "sounds/pa_lol_shot"
    ]
  }
}