{
  "resource_pack_name": "vanilla",
  "texture_name": "atlas.items",
  "texture_data": {
    "gohant": {
      "textures": "textures/items/gohant"
    },
    "kiblast": {
      "textures": "textures/items/kiblast"
    },
    "masenko": {
      "textures": "textures/items/masenko"
    },
    "gohantssj": {
      "textures": "textures/items/gohantssj"
    },
    "umasenko": {
      "textures": "textures/items/umasenko"
    },
    "naruto": {
      "textures": "textures/items/naruto"
    },
    "rasengan": {
      "textures": "textures/items/rasengan"
    },
    "clones": {
      "textures": "textures/items/clones"
    },
    "narutom": {
      "textures": "textures/items/narutom"
    },
    "urasengan": {
      "textures": "textures/items/urasengan"
    },
    "fkame": {
      "textures": "textures/items/fkame"
    },
    "goku": {
      "textures": "textures/items/goku"
    },
    "kame": {
      "textures": "textures/items/kame"
    },
    "tp": {
      "textures": "textures/items/tp"
    },
    "palm": {
      "textures": "textures/items/palm"
    },
    "gokussj": {
      "textures": "textures/items/gokussj"
    },
    "akaza": {
      "textures": "textures/items/akaza"
    },
    "kushiki": {
      "textures": "textures/items/kushiki"
    },
    "ranshiki": {
      "textures": "textures/items/ranshiki"
    },
    "rashin": {
      "textures": "textures/items/rashin"
    },
    "rengoku": {
      "textures": "textures/items/rengoku"
    },
    "fslash": {
      "textures": "textures/items/fslash"
    },
    "fcircle": {
      "textures": "textures/items/fcircle"
    },
    "kishinya": {
      "textures": "textures/items/kishinya"
      
    },
    "ftiger": {
      "textures": 
        "textures/items/ftiger"
    },
    "rengoku9": {
      "textures": 
        "textures/items/rengoku9"
    },
    "itadori": {
      "textures": 
        "textures/items/itadori"
    },
    "sukuna": {
      "textures": 
        "textures/items/sukuna"
    },
    "kokusen": {
      "textures": 
        "textures/items/kokusen"
    },
    "cursedene": {
      "textures": 
        "textures/items/cursedene"
    },
    "kokukick": {
      "textures": 
        "textures/items/kokukick"
    },
    "aircut": {
      "textures": 
        "textures/items/aircut"
    },
    "stomp": {
      "textures": "textures/items/stomp" 
    },
    "uppercut": {
      "textures": "textures/items/uppercut" 
    },
    "gojo": {
      "textures": "textures/items/gojo" 
    },
    "emba": {
      "textures": "textures/items/emba" 
    },
    "destructive": {
      "textures": "textures/items/destructive" 
    },
    "red": {
      "textures": "textures/items/red" 
    },
    "blue": {
      "textures": "textures/items/blue" 
    },
    "gojoawk": {
      "textures": "textures/items/gojoawk" 
    },
    "purple": {
      "textures": "textures/items/purple" 
    },
    "ebert": {
      "textures": "textures/items/ebert" 
    },
    "wslash": {
      "textures": "textures/items/wslash" 
    },
    "wcircle": {
      "textures": "textures/items/wcircle" 
    },
    "wpistol": {
      "textures": "textures/items/wpistol" 
    },
    "gexpansion": {
      "textures": "textures/items/gexpansion" 
    },
    "energy": {
      "textures": "textures/items/energy" 
    },
    "frag": {
      "textures": "textures/items/frag" 
    },
    "sfrag": {
      "textures": "textures/items/sfrag" 
    },
    "orb": {
      "textures": "textures/items/orb" 
    },
    "morb": {
      "textures": "textures/items/morb" 
    },
    "eorb": {
      "textures": "textures/items/eorb" 
    },
    "cubegojo": {
      "textures": "textures/items/gojocube" 
    },
    "menergy": {
      "textures": "textures/items/menergy" 
    },
    "v": {
      "textures": "textures/items/v" 
    },
    "corb": {
      "textures": "textures/items/corb" 
    },
    "dfrag": {
      "textures": "textures/items/dfrag" 
    },
    "wenergy": {
      "textures": "textures/items/wenergy" 
    },
    "worb": {
      "textures": "textures/items/worb" 
    },
    "borb": {
      "textures": "textures/items/borb" 
    },
    "blood": {
      "textures": "textures/items/blood" 
    },
    "ceorb": {
      "textures": "textures/items/ceorb" 
    },
    "fenergy": {
      "textures": "textures/items/fenergy" 
    },
    "forb": {
      "textures": "textures/items/forb" 
    },
    "akazaeye": {
      "textures": "textures/items/akazaeye" 
    },
    "deku": {
      "textures": "textures/items/deku" 
    },
    "smash": {
      "textures": "textures/items/smash" 
    },
    "rengokucape": {
      "textures": "textures/items/rengokucape" 
    },
    "cp": {
      "textures": "textures/items/cp" },
    "dsmash": {
      "textures": "textures/items/dsmash" 
    },
    "tsmash": {
      "textures": "textures/items/tsmash" 
    },
    "bsmash": {
      "textures": "textures/items/bsmash" 
    },
    "dekuawk": {
      "textures": "textures/items/dekuawk" 
    },
    "infinite100": {
      "textures": "textures/items/infinite100" 
    },
    "horb": {
      "textures": "textures/items/horb" 
    },
    "dekuh": {
      "textures": "textures/items/dekuh" 
    },
    "broly": {
      "textures": "textures/items/broly" 
    },
    "vegeta": {
      "textures": "textures/items/vegeta" 
    },
    "dio": {
      "textures": "textures/items/dio" 
    },
    "gokussj3": {
      "textures": "textures/items/gokussj3"
    },
    "knifes": {
      "textures": "textures/items/knifes" 
    },
    "barrage": {
      "textures": "textures/items/barrage" 
    },
    "heavypunch": {
      "textures": "textures/items/heavypunch" 
    },
    "timestop": {
      "textures": "textures/items/timestop" 
    },
    "cfrag": {
      "textures": "textures/items/cfrag" 
    },
    "eraser": {
      "textures": "textures/items/eraser" 
    },
    "erasercannon": {
      "textures": "textures/items/erasercannon"
    },
    "meteor": {
      "textures": "textures/items/meteor" 
    },
    "brolyssjl": {
      "textures": "textures/items/brolyssjl" 
    },
    "dragonstrike": {
      "textures": "textures/items/dragonstrike" 
    },
    "brolyorb": {
      "textures": "textures/items/brolyorb" 
    },
    "sorb": {
      "textures": "textures/items/sorb" 
    },
    "galickho": {
      "textures": "textures/items/galickho" 
    },
    "bigbang": {
      "textures": "textures/items/bigbang" 
    },
    "sexp": {
      "textures": "textures/items/sexp" 
    },
    "spawnb": {
      "textures": "textures/items/spawnb" 
    },
    "sessence": {
      "textures": "textures/items/sessence" 
    },
    "ewave": {
      "textures": "textures/items/ewave" 
    },
    "finalflash": {
      "textures": "textures/items/finalflash"
    },
    "vegetassj": {
      "textures": "textures/items/vegetassj" 
    },
    "finalexplosion": {
      "textures": "textures/items/finalexplosion" 
    },
"gokussjg": {
"textures": "textures/items/gokussjg"
},
"gokussjb": {
"textures": "textures/items/gokussjb"
},
"gokumui": {
"textures": "textures/items/gokumui"
},
"vegetassjg": {
"textures": "textures/items/vegetassjg"
},
"vegetassjb": {
"textures": "textures/items/vegetassjb"
},
"vegetaego": {
"textures": "textures/items/vegetaego"

},
    "potara": {
      "textures": "textures/items/potara" 
    },
    "genki": {
      "textures": "textures/items/genki"
    },
    "muiult": {
      "textures": "textures/items/muiult" 
    },
    "hakai": {
      "textures": "textures/items/hakai" 
    },
    "up": {
      "textures": "textures/items/up" },
    "allforms": {
      "textures": "textures/items/allforms" 
    },
    "dball": {
        "textures": "textures/items/dball"
    },
    "dballs": {
        "textures": "textures/items/dballs"
    },
    "": {
      "textures": "textures/items/" 
    }
  }
}

















































































































































































































































































































































































































