{
  "format_version": "1.13.0",
  "minecraft:entity": {
    "description": {
      "identifier": "titan:golem",
      "is_spawnable": true,
      "is_summonable": true,
      "is_experimental": false,
      "runtime_identifier": "titan:golem",
             "scripts":{
             "animate":[
          { "path": "query.is_on_ground" },
          { "water": "query.is_in_water" }
                        ]
                         },
     "animations":{
       "path":"animation.titans.path",
       "water":"animation.water"
}
    },
    "component_groups": {
	  "minecraft:dead": {
				"minecraft:transformation": {
					"into": "titan:golem_dead"
			},
      "minecraft:health": {
        "value": 100000000000,
        "max": 100000000000
      }
			},
     "minecraft:attack2":{
      "minecraft:damage_sensor": {
                    "triggers": [
{
 "on_damage": {
"filters": {                        "all_of": [
          {                                 "test": "has_damage",
         "value": "fatal"
              }
               ]
                },
     "event": "minecraft:dead" }
}
                    ]
      },
				"minecraft:follow_range": {
					"value": 120,
					"max": 120
				},
      "minecraft:behavior.nearest_attackable_target": {
        "priority": 2,
					"reselect_targets": true,
        "entity_types": [
          {
            "filters": {  
                "any_of": [
                  { "test" :  "is_family", "subject" : "other", "value" :  "monster"},
                  { "test" :  "is_family", "subject" : "other", "value" :  "muto_queen"},
               { "test" :  "is_family", "subject" : "other", "value" :  "kong"},
               { "test" :  "is_family", "subject" : "other", "value" :  "chaos"},
                  { "test" :  "is_family", "subject" : "other", "value" :  "mecha_godzilla"}
                ] 
            },
            "max_dist": 120
          },
          {
            "filters": {
              "all_of": [
                { "test": "is_family", "subject": "other", "value": "monster" },
                { "test": "has_component", "subject": "other", "operator": "!=", "value": "minecraft:is_baby" }
              ]
            },
            "max_dist": 120
          }
        ],
        "must_see": true
      },
      "minecraft:behavior.delayed_attack": {
        "priority": 2,
       "speed_multiplier": 1.80,
        "reach_multiplier": 2,
        "attack_duration": 1,
        "track_target": true,
        "sound_event": "attack.strong"
      },
       "minecraft:attack": {
         "damage": 29000
       },
				"minecraft:is_saddled": {},
      "minecraft:knockback_resistance": {
        "value": 100
      },
      "minecraft:behavior.random_stroll": {
        "priority": 5,
        "speed_multiplier": 0.9
      },
      "minecraft:behavior.move_towards_restriction": {
        "priority": 5,
        "speed_multiplier": 0.9
      },
      "minecraft:movement.basic": {
      },
      "minecraft:movement": {
        "value": 0.3
      },
      "minecraft:behavior.move_to_water": {
        "priority": 7,
        "search_range": 16,
        "search_height": 0.1,
        "goal_radius": 0.1,
        "probability": 0.1
      },
      "minecraft:behavior.rise_to_liquid_level": {
        "priority": 0,
        "liquid_y_offset": 0.1,
        "rise_delta": 0.1,
        "sink_delta": 0.1
      },
      "minecraft:underwater_movement": {
        "value": 0.2
      },
      "minecraft:navigation.walk": {
        "can_path_over_lava": true,
        "avoid_water": false,
        "can_sink": false,
        "can_walk_in_lava": true,
        "can_walk_in_water": true
      }
     },
     "minecraft:tail_attack":{
      "minecraft:damage_sensor": {
                    "triggers": [
{
 "on_damage": {
"filters": {                        "all_of": [
          {                                 "test": "has_damage",
         "value": "fatal"
              }
               ]
                },
     "event": "minecraft:dead" }
}
                    ]
      },
        "minecraft:spawn_entity": [
          {
            "min_wait_time": 0,
            "max_wait_time": 0,
            "single_use": true,
            "spawn_entity": "0:0",
            "spawn_sound": "fuse",
            "num_to_spawn": 1
          }
        ],
        "minecraft:behavior.knockback_roar": {   
          "priority": 1,
          "duration": 1,
          "attack_time": 0.5,
          "knockback_damage": 85000,
          "knockback_strength": 10,
          "knockback_range": 10,
          "cooldown_time": 10
        }, 
      "minecraft:variant": {
        "value": 5
      },
      "minecraft:behavior.random_stroll": {
        "priority": 5,
        "speed_multiplier": 0.0
      },
      "minecraft:behavior.move_towards_restriction": {
        "priority": 5,
        "speed_multiplier": 0.0
      },
      "minecraft:movement.basic": {
      },
      "minecraft:movement": {
        "value": 0.3
      },
      "minecraft:behavior.move_to_water": {
        "priority": 7,
        "search_range": 16,
        "search_height": 0.1,
        "goal_radius": 0.1,
        "probability": 0.1
      },
      "minecraft:behavior.rise_to_liquid_level": {
        "priority": 0,
        "liquid_y_offset": 0.1,
        "rise_delta": 0.1,
        "sink_delta": 0.1
      },
      "minecraft:underwater_movement": {
        "value": 0.2
      },
      "minecraft:navigation.walk": {
        "can_path_over_lava": true,
        "avoid_water": false,
        "can_sink": false,
        "can_walk_in_lava": true,
        "can_walk_in_water": true
      },
              "minecraft:timer": {
         "looping":false,
         "time": 2.5,
         "time_down_event": {
           "event":"minecraft:dagon_angry"
         }
       }
     },
     "minecraft:dagon_angry_2":{
      "minecraft:damage_sensor": {
                    "triggers": [
{
 "on_damage": {
"filters": {                        "all_of": [
          {                                 "test": "has_damage",
         "value": "fatal"
              }
               ]
                },
     "event": "minecraft:dead" }
}
                    ]
      },
        "minecraft:spell_effects": {
          "add_effects": [
            {
              "effect": "instant_health",
              "amplifier": 10,
              "visible": false,
              "ambient": false,
              "duration": 2
            }
          ]
          },
				"minecraft:follow_range": {
					"value": 120,
					"max": 120
				},
      "minecraft:behavior.nearest_attackable_target": {
        "priority": 2,
					"reselect_targets": true,
        "entity_types": [
          {
            "filters": {  
                "any_of": [
                  { "test" :  "is_family", "subject" : "other", "value" :  "monster"},
                  { "test" :  "is_family", "subject" : "other", "value" :  "muto_queen"},
               { "test" :  "is_family", "subject" : "other", "value" :  "kong"},
               { "test" :  "is_family", "subject" : "other", "value" :  "chaos"},
                  { "test" :  "is_family", "subject" : "other", "value" :  "mecha_godzilla"}
                ] 
            },
            "max_dist": 120
          },
          {
            "filters": {
              "all_of": [
                { "test": "is_family", "subject": "other", "value": "monster" },
                { "test": "has_component", "subject": "other", "operator": "!=", "value": "minecraft:is_baby" }
              ]
            },
            "max_dist": 120
          }
        ],
        "must_see": true
      },
      "minecraft:behavior.delayed_attack": {
        "priority": 2,
       "speed_multiplier": 1.80,
        "reach_multiplier": 2,
        "attack_duration": 1,
        "track_target": true,
        "sound_event": "attack.strong"
      },
       "minecraft:attack": {
         "damage": 29000
       },
				"minecraft:is_saddled": {},
      "minecraft:knockback_resistance": {
        "value": 100
      },
      "minecraft:behavior.random_stroll": {
        "priority": 5,
        "speed_multiplier": 0.9
      },
      "minecraft:behavior.move_towards_restriction": {
        "priority": 5,
        "speed_multiplier": 0.9
      },
      "minecraft:movement.basic": {
      },
      "minecraft:movement": {
        "value": 0.3
      },
      "minecraft:behavior.move_to_water": {
        "priority": 7,
        "search_range": 16,
        "search_height": 0.1,
        "goal_radius": 0.1,
        "probability": 0.1
      },
      "minecraft:behavior.rise_to_liquid_level": {
        "priority": 0,
        "liquid_y_offset": 0.1,
        "rise_delta": 0.1,
        "sink_delta": 0.1
      },
      "minecraft:underwater_movement": {
        "value": 0.2
      },
      "minecraft:navigation.walk": {
        "can_path_over_lava": true,
        "avoid_water": false,
        "can_sink": false,
        "can_walk_in_lava": true,
        "can_walk_in_water": true
      },
      "minecraft:variant": {
        "value": 50
      },
              "minecraft:timer": {
         "looping":false,
         "time": 9,
         "time_down_event": {
           "event":"minecraft:tail_attack"
         }
       }
     },
     "minecraft:dagon_angry":{
      "minecraft:damage_sensor": {
                    "triggers": [
{
 "on_damage": {
"filters": {                        "all_of": [
          {                                 "test": "has_damage",
         "value": "fatal"
              }
               ]
                },
     "event": "minecraft:dead" }
}
                    ]
      },
        "minecraft:spell_effects": {
          "add_effects": [
            {
              "effect": "instant_health",
              "amplifier": 10,
              "visible": false,
              "ambient": false,
              "duration": 2
            }
          ]
          },
				"minecraft:follow_range": {
					"value": 120,
					"max": 120
				},
      "minecraft:behavior.nearest_attackable_target": {
        "priority": 2,
					"reselect_targets": true,
        "entity_types": [
          {
            "filters": {  
                "any_of": [
                  { "test" :  "is_family", "subject" : "other", "value" :  "monster"},
                  { "test" :  "is_family", "subject" : "other", "value" :  "muto_queen"},
               { "test" :  "is_family", "subject" : "other", "value" :  "kong"},
               { "test" :  "is_family", "subject" : "other", "value" :  "chaos"},
                  { "test" :  "is_family", "subject" : "other", "value" :  "mecha_godzilla"}
                ] 
            },
            "max_dist": 120
          },
          {
            "filters": {
              "all_of": [
                { "test": "is_family", "subject": "other", "value": "monster" },
                { "test": "has_component", "subject": "other", "operator": "!=", "value": "minecraft:is_baby" }
              ]
            },
            "max_dist": 120
          }
        ],
        "must_see": true
      },
      "minecraft:behavior.delayed_attack": {
        "priority": 2,
       "speed_multiplier": 1.80,
        "reach_multiplier": 2,
        "attack_duration": 1,
        "track_target": true,
        "sound_event": "attack.strong"
      },
       "minecraft:attack": {
         "damage": 29000
       },
				"minecraft:is_saddled": {},
      "minecraft:knockback_resistance": {
        "value": 100
      },
      "minecraft:behavior.random_stroll": {
        "priority": 5,
        "speed_multiplier": 0.9
      },
      "minecraft:behavior.move_towards_restriction": {
        "priority": 5,
        "speed_multiplier": 0.9
      },
      "minecraft:movement.basic": {
      },
      "minecraft:movement": {
        "value": 0.3
      },
      "minecraft:behavior.move_to_water": {
        "priority": 7,
        "search_range": 16,
        "search_height": 0.1,
        "goal_radius": 0.1,
        "probability": 0.1
      },
      "minecraft:behavior.rise_to_liquid_level": {
        "priority": 0,
        "liquid_y_offset": 0.1,
        "rise_delta": 0.1,
        "sink_delta": 0.1
      },
      "minecraft:underwater_movement": {
        "value": 0.2
      },
      "minecraft:navigation.walk": {
        "can_path_over_lava": true,
        "avoid_water": false,
        "can_sink": false,
        "can_walk_in_lava": true,
        "can_walk_in_water": true
      },
      "minecraft:variant": {
        "value": 50
      },
              "minecraft:timer": {
         "looping":false,
         "time": 15,
         "time_down_event": {
           "event":"minecraft:atomic"
         }
       }
     },
     "minecraft:dagon":{
				"minecraft:behavior.look_at_entity": {
					"priority": 10,
					"look_distance": 20,
					"angle_of_view_horizontal": 45,
					"filters": {
						"test": "is_family",
						"subject": "other",
						"value": "titans"
					}
				},
			"minecraft:behavior.look_at_player": {
				"priority": 7,
				"look_distance": 20,
				"probability": 0.025
			},
            "minecraft:behavior.random_look_around": {
                "priority": 6
            },
      "minecraft:persistent": {
      },
      "minecraft:damage_sensor": {
                    "triggers": [
{
 "on_damage": {
"filters": {                        "all_of": [
          {                                 "test": "has_damage",
         "value": "fatal"
              }
               ]
                },
     "event": "minecraft:dead" }
}
                    ]
      },
				"minecraft:follow_range": {
					"value": 120,
					"max": 120
				},
      "minecraft:behavior.nearest_attackable_target": {
        "priority": 2,
					"reselect_targets": true,
        "entity_types": [
          {
            "filters": {  
                "any_of": [
                  { "test" :  "is_family", "subject" : "other", "value" :  "monster"},
                  { "test" :  "is_family", "subject" : "other", "value" :  "muto_queen"},
               { "test" :  "is_family", "subject" : "other", "value" :  "kong"},
               { "test" :  "is_family", "subject" : "other", "value" :  "chaos"},
                  { "test" :  "is_family", "subject" : "other", "value" :  "mecha_godzilla"}
                ] 
            },
            "max_dist": 120
          },
          {
            "filters": {
              "all_of": [
                { "test": "is_family", "subject": "other", "value": "monster" },
                { "test": "has_component", "subject": "other", "operator": "!=", "value": "minecraft:is_baby" }
              ]
            },
            "max_dist": 120
          }
        ],
        "must_see": true
      },
      "minecraft:knockback_resistance": {
        "value": 100
      },
      "minecraft:behavior.random_stroll": {
        "priority": 5,
        "speed_multiplier": 0.9
      },
      "minecraft:behavior.move_towards_restriction": {
        "priority": 5,
        "speed_multiplier": 0.9
      },
      "minecraft:movement.basic": {
      },
      "minecraft:movement": {
        "value": 0.3
      },
      "minecraft:behavior.move_to_water": {
        "priority": 7,
        "search_range": 16,
        "search_height": 0.1,
        "goal_radius": 0.1,
        "probability": 0.1
      },
      "minecraft:behavior.rise_to_liquid_level": {
        "priority": 0,
        "liquid_y_offset": 0.1,
        "rise_delta": 0.1,
        "sink_delta": 0.1
      },
      "minecraft:underwater_movement": {
        "value": 0.2
      },
      "minecraft:navigation.walk": {
        "can_path_over_lava": true,
        "avoid_water": false,
        "can_sink": false,
        "can_walk": true,
        "can_walk_in_lava": true,
        "can_walk_in_water": true
      },
      "minecraft:variant": {
        "value": 50
      }
     },
     "minecraft:roaring":{
        "minecraft:spawn_entity": [
          {
            "min_wait_time": 0,
            "max_wait_time": 0,
            "single_use": true,
            "spawn_entity": "0:0",
            "spawn_sound": "plop",
            "num_to_spawn": 1
          }
        ],
        "minecraft:variant": {
          "value": 2
        },
      "minecraft:behavior.random_stroll": {
        "priority": 5,
        "speed_multiplier": 0.0
      },
      "minecraft:behavior.move_towards_restriction": {
        "priority": 5,
        "speed_multiplier": 0.0
      },
      "minecraft:movement.basic": {
      },
      "minecraft:behavior.move_to_water": {
        "priority": 7,
        "search_range": 16,
        "search_height": 0.1,
        "goal_radius": 0.1,
        "probability": 0.1
      },
      "minecraft:behavior.rise_to_liquid_level": {
        "priority": 0,
        "liquid_y_offset": 0.1,
        "rise_delta": 0.1,
        "sink_delta": 0.1
      },
      "minecraft:underwater_movement": {
        "value": 0.2
      },
      "minecraft:navigation.walk": {
        "can_path_over_lava": true,
        "avoid_water": false,
        "can_sink": false,
        "can_walk_in_lava": true,
        "can_walk_in_water": true
      },
      "minecraft:movement": {
        "value": 0.0
      },
      "minecraft:damage_sensor": [
        {
          "cause": "all",
          "deals_damage": false
        }
      ],
              "minecraft:timer": {
         "looping":false,
         "time": 4.53,
         "time_down_event": {
           "event":"minecraft:dagon"
         }
       }
     },
     "minecraft:roaring2":{
        "minecraft:spawn_entity": [
          {
            "min_wait_time": 0,
            "max_wait_time": 0,
            "single_use": true,
            "spawn_entity": "0:0",
            "spawn_sound": "plop",
            "num_to_spawn": 1
          }
        ],
        "minecraft:variant": {
          "value": 4
        },
      "minecraft:behavior.random_stroll": {
        "priority": 5,
        "speed_multiplier": 0.0
      },
      "minecraft:behavior.move_towards_restriction": {
        "priority": 5,
        "speed_multiplier": 0.0
      },
      "minecraft:movement.basic": {
      },
      "minecraft:behavior.move_to_water": {
        "priority": 7,
        "search_range": 16,
        "search_height": 0.1,
        "goal_radius": 0.1,
        "probability": 0.1
      },
      "minecraft:behavior.rise_to_liquid_level": {
        "priority": 0,
        "liquid_y_offset": 0.1,
        "rise_delta": 0.1,
        "sink_delta": 0.1
      },
      "minecraft:underwater_movement": {
        "value": 0.2
      },
      "minecraft:navigation.walk": {
        "can_path_over_lava": true,
        "avoid_water": false,
        "can_sink": false,
        "can_walk_in_lava": true,
        "can_walk_in_water": true
      },
      "minecraft:movement": {
        "value": 0.0
      },
      "minecraft:damage_sensor": [
        {
          "cause": "all",
          "deals_damage": false
        }
      ],
              "minecraft:timer": {
         "looping":false,
         "time": 4.53,
         "time_down_event": {
           "event":"minecraft:dagon"
         }
       }
     },
     "minecraft:atomic":{
      "minecraft:damage_sensor": {
                    "triggers": [
{
 "on_damage": {
"filters": {                        "all_of": [
          {                                 "test": "has_damage",
         "value": "fatal"
              }
               ]
                },
     "event": "minecraft:dead" }
}
                    ]
      },
        "minecraft:spawn_entity": [
          {
            "min_wait_time": 0,
            "max_wait_time": 0,
            "single_use": true,
            "spawn_entity": "0:0",
            "spawn_sound": "purreow",
            "num_to_spawn": 1
          }
        ],
        "minecraft:is_charged": {
        },
        "minecraft:variant": {
          "value": 3
        },
              "minecraft:shooter": {
        "type": "arrow",
        "def": "atomic:breath"
      },
      "minecraft:behavior.ranged_attack": {
        "priority": 1,
        "attack_interval_min": 0.1,
        "attack_interval_max": 0.1,
        "attack_radius": 900,
        "burst_shots": 3200,
        "burst_interval": 0.1
      },
      "minecraft:behavior.random_stroll": {
        "priority": 5,
        "speed_multiplier": 0.0
      },
      "minecraft:behavior.move_towards_restriction": {
        "priority": 5,
        "speed_multiplier": 0.0
      },
      "minecraft:behavior.move_to_water": {
        "priority": 7,
        "search_range": 16,
        "search_height": 0.1,
        "goal_radius": 0.1,
        "probability": 0.1
      },
      "minecraft:behavior.rise_to_liquid_level": {
        "priority": 0,
        "liquid_y_offset": 0.1,
        "rise_delta": 0.1,
        "sink_delta": 0.1
      },
      "minecraft:underwater_movement": {
        "value": 0.2
      },
      "minecraft:navigation.walk": {
        "can_path_over_lava": true,
        "avoid_water": false,
        "can_sink": false,
        "can_walk_in_lava": true,
        "can_walk_in_water": true
      },
      "minecraft:movement.basic": {
      },
      "minecraft:movement": {
        "value": 0.0
      },
              "minecraft:timer": {
         "looping":false,
         "time": 6,
         "time_down_event": {
           "event":"minecraft:dagon_angry_2"
         }
       }
     },
    "minecraft:spawned":{
        "minecraft:spawn_entity": [
          {
            "min_wait_time": 0,
            "max_wait_time": 0,
            "single_use": true,
            "spawn_entity": "0:0",
            "spawn_sound": "purr",
            "num_to_spawn": 1
          }
        ],
      "minecraft:damage_sensor": [
        {
          "cause": "all",
          "deals_damage": false
        }
      ],
      "minecraft:variant": {
        "value": 1
      },
      "minecraft:behavior.random_stroll": {
        "priority": 5,
        "speed_multiplier": 0.0
      },
      "minecraft:behavior.move_towards_restriction": {
        "priority": 5,
        "speed_multiplier": 0.0
      },
      "minecraft:movement.basic": {
      },
      "minecraft:behavior.move_to_water": {
        "priority": 7,
        "search_range": 16,
        "search_height": 0.1,
        "goal_radius": 0.1,
        "probability": 0.1
      },
      "minecraft:behavior.rise_to_liquid_level": {
        "priority": 0,
        "liquid_y_offset": 0.1,
        "rise_delta": 0.1,
        "sink_delta": 0.1
      },
      "minecraft:underwater_movement": {
        "value": 0.2
      },
      "minecraft:navigation.walk": {
        "can_path_over_lava": true,
        "avoid_water": false,
        "can_sink": false,
        "can_walk_in_lava": true,
        "can_walk_in_water": true
      },
      "minecraft:movement": {
        "value": 0.0
      },
              "minecraft:timer": {
         "looping":false,
         "time": 4.52,
         "time_down_event": {
           "event":"minecraft:roaring"
         }
       }
     }
    },
    "components": {
      "minecraft:damage_sensor": {
                    "triggers": [
{
 "on_damage": {
"filters": {                        "all_of": [
          {                                 "test": "has_damage",
         "value": "fatal"
              }
               ]
                },
     "event": "minecraft:dead" }
}
                    ]
      },
      "minecraft:on_target_acquired": {
        "event": "minecraft:dagon_angry"
      },
      "minecraft:on_target_escape": {
        "event": "minecraft:dagon"
      },
				"minecraft:follow_range": {
					"value": 0,
					"max": 0
				},
      "minecraft:behavior.nearest_attackable_target": {
        "priority": 2,
					"reselect_targets": true,
        "entity_types": [
          {
            "filters": {  
                "any_of": [
                  { "test" :  "is_family", "subject" : "other", "value" :  "monster"},
                  { "test" :  "is_family", "subject" : "other", "value" :  "muto_queen"},
               { "test" :  "is_family", "subject" : "other", "value" :  "kong"},
               { "test" :  "is_family", "subject" : "other", "value" :  "chaos"},
                  { "test" :  "is_family", "subject" : "other", "value" :  "mecha_godzilla"}
                ] 
            },
            "max_dist": 0
          },
          {
            "filters": {
              "all_of": [
                { "test": "is_family", "subject": "other", "value": "monster" },
                { "test": "has_component", "subject": "other", "operator": "!=", "value": "minecraft:is_baby" }
              ]
            },
            "max_dist": 0
          }
        ],
        "must_see": true
      },
        "minecraft:type_family": {
          "family": ["titans","godzilla2021","dagon" ]
        },
      "minecraft:behavior.hurt_by_target": {
        "priority": 1
      },
            "minecraft:behavior.random_look_around": {
                "priority": 6
            },
      "minecraft:behavior.random_stroll": {
        "priority": 5,
        "speed_multiplier": 0.9
      },
      "minecraft:behavior.move_towards_restriction": {
        "priority": 5,
        "speed_multiplier": 0.9
      },
      "minecraft:movement": {
        "value": 0.3
      },
      "minecraft:boss": {"name":"§e SPEAKER GOLEM TITAN   ",
        "should_darken_sky": false,
        "hud_range": 120
      },
      "minecraft:breathable": {
        "totalSupply": 15,
        "suffocateTime": 0,
        "breathesWater": true
      },
      "minecraft:health": {
        "value": 850000,
        "max": 850000
      },
        "minecraft:scale": {
          "value": 5.10
        },
      "minecraft:collision_box": {
        "width": 1,
        "height": 1.80
      },
			"minecraft:physics": {},
            "minecraft:pushable": {
                "is_pushable": true,
         "is_pushable_by_piston": true
            },
      "minecraft:movement.basic": {
      },
      "minecraft:jump.static": {},
      "minecraft:behavior.move_to_water": {
        "priority": 7,
        "search_range": 16,
        "search_height": 0.1,
        "goal_radius": 0.1,
        "probability": 0.1
      },
      "minecraft:behavior.rise_to_liquid_level": {
        "priority": 0,
        "liquid_y_offset": 0.1,
        "rise_delta": 0.1,
        "sink_delta": 0.1
      },
      "minecraft:underwater_movement": {
        "value": 0.2
      },
      "minecraft:navigation.walk": {
        "can_path_over_lava": true,
        "avoid_water": false,
        "can_sink": false,
        "can_walk_in_lava": true,
        "can_walk_in_water": true
      },
      "minecraft:persistent": {
      },
            "minecraft:nameable": {
                "alwaysShow": true
            },
      "minecraft:fire_immune": true
    },
    "events": {
      "minecraft:entity_spawned": {
        "add": {
          "component_groups": [
            "minecraft:spawned"
          ]
        }
      },
"minecraft:dagon": {
        "randomize": [
          {
            "weight": 50,
            "remove": {
              "component_groups": [
                "minecraft:atomic",
                "minecraft:roaring",
                "minecraft:spawned",
                "minecraft:dagon_angry",
            "minecraft:tail_attack"
              ]
            },
            "add": {
              "component_groups": [
                "minecraft:dagon"
              ]
            }
          }
        ]
      },
"minecraft:dagon_angry": {
        "randomize": [
          {
            "weight": 50,
            "remove": {
              "component_groups": [
                  "minecraft:atomic",
                "minecraft:roaring",
                "minecraft:spawned",
                "minecraft:dagon_angry_2",
                "minecraft:dagon",
            "minecraft:tail_attack"
              ]
            },
            "add": {
              "component_groups": [
                "minecraft:dagon_angry"
              ]
            }
          }
        ]
      },
"minecraft:dagon_angry_2": {
        "randomize": [
          {
            "weight": 50,
            "remove": {
              "component_groups": [
                  "minecraft:atomic",
                "minecraft:roaring",
                "minecraft:dagon_angry",
                "minecraft:spawned",
                "minecraft:dagon",
            "minecraft:tail_attack"
              ]
            },
            "add": {
              "component_groups": [
                "minecraft:dagon_angry_2"
              ]
            }
          }
        ]
      },
"minecraft:atomic": {
        "remove": {
          "component_groups": [
            "minecraft:spawned",
            "minecraft:dagon",
            "minecraft:roaring",
            "minecraft:tail_attack",
            "minecraft:dagon_angry"
          ]
        },
        "add": {
          "component_groups": [
            "minecraft:atomic"
          ]
        }
      },
"minecraft:tail_attack": {
        "remove": {
          "component_groups": [
            "minecraft:spawned",
            "minecraft:dagon",
            "minecraft:roaring",
                "minecraft:dagon_angry_2",
            "minecraft:dagon_angry"
          ]
        },
        "add": {
          "component_groups": [
            "minecraft:tail_attack"
          ]
        }
      },
"minecraft:roaring": {
        "remove": {
          "component_groups": [
            "minecraft:atomic",
            "minecraft:dagon",
            "minecraft:spawned"
          ]
        },
        "add": {
          "component_groups": [
            "minecraft:roaring"
          ]
        }
      },
"minecraft:roaring2": {
        "remove": {
          "component_groups": [
            "minecraft:atomic",
            "minecraft:dagon",
            "minecraft:spawned"
          ]
        },
        "add": {
          "component_groups": [
            "minecraft:roaring2"
          ]
        }
      },
"minecraft:dead": {
        "remove": {
          "component_groups": [
            "minecraft:tail_attack"
          ]
        },
        "add": {
          "component_groups": [
            "minecraft:dead"
          ]
        }
      }
    }
  }
}
   }
    }
  }
}
}
}
