{"format_version":"1.12.0","minecraft:entity":{"component_groups":{"minecraft:desk1":{"minecraft:transformation":{"into":"se:studytable"}},"minecraft:desk2":{"minecraft:transformation":{"into":"se:studytable2"}}},"components":{"minecraft:collision_box":{"height":0,"width":0},"minecraft:health":{"max":9999,"value":9999},"minecraft:inventory":{"container_type":"container","interact_text":"Put Laundry","inventory_size":27},"minecraft:knockback_resistance":{"max":1,"value":1},"minecraft:movement":{"max":0,"value":0},"minecraft:movement.basic":{},"minecraft:nameable":{},"minecraft:physics":{},"minecraft:push_through":{"value":1},"minecraft:scale":{"value":0.85},"minecraft:type_family":{"family":["schoolequipments"]}},"description":{"animations":{"trackposition":"animation.trackposition","trackposition_controller1":"controller.animation.trackposition"},"identifier":"se:studytable_spawn","is_experimental":false,"is_spawnable":true,"is_summonable":false,"scripts":{"animate":["trackposition"]}},"events":{"minecraft:entity_spawned":{"randomize":[{"add":{"component_groups":["minecraft:desk1"]},"weight":16.66666666666667},{"add":{"component_groups":["minecraft:desk2"]},"weight":16.66666666666667}]}}}}