{"format_version":"1.12.0","minecraft:entity":{"component_groups":{},"components":{"minecraft:behavior.player_ride_tamed":{},"minecraft:collision_box":{"height":0,"width":0},"minecraft:health":{"max":9999,"value":9999},"minecraft:input_ground_controlled":{},"minecraft:inventory":{"container_type":"container","interact_text":"Put Laundry","inventory_size":27},"minecraft:knockback_resistance":{"max":"1","value":"1"},"minecraft:movement":{"value":0},"minecraft:nameable":{},"minecraft:physics":{},"minecraft:push_through":{"value":1},"minecraft:scale":{"value":0.85},"minecraft:type_family":{"family":["schoolequipments"]}},"description":{"identifier":"se:studytable","is_experimental":false,"is_spawnable":false,"is_summonable":true},"events":{}}}