{"format_version":"1.16.100","minecraft:item":{"description":{"category":"equipment","identifier":"m:sculkbone_axe"},"components":{"minecraft:icon":{"texture":"m_sculkbone_axe"},"minecraft:creative_category":{"parent":"itemGroup.name.axe"},"minecraft:max_stack_size":1,"minecraft:hand_equipped":true,"minecraft:allow_off_hand":false,"minecraft:foil":false,"minecraft:durability":{"max_durability":8031,"damage_chance":{"min":60,"max":100}},"minecraft:repairable":{"repair_items":[{"items":["minecraft:sculk_catalyst"],"repair_amount":1000},{"items":["m:sculkbone_axe"],"repair_amount":"context.other->query.remaining_durability + 0.2 * context.other->query.max_durability"}]},"minecraft:mining_speed":1,"minecraft:damage":95,"minecraft:enchantable":{"value":15,"slot":"axe"},"minecraft:can_destroy_in_creative":true,"minecraft:digger":{"use_efficiency":true,"destroy_speeds":[{"block":"minecraft:mangrove_planks","speed":99999,"on_dig":{"event":"hurt"}},{"block":"minecraft:bamboo","speed":99999,"on_dig":{"event":"hurt"}},{"block":"minecraft:acacia_stairs","speed":99999,"on_dig":{"event":"hurt"}},{"block":"minecraft:birch_stairs","speed":99999,"on_dig":{"event":"hurt"}},{"block":"minecraft:crimson_planks","speed":99999,"on_dig":{"event":"hurt"}},{"block":"minecraft:dark_oak_button","speed":99999,"on_dig":{"event":"hurt"}},{"block":"minecraft:dark_oak_fence_gate","speed":99999,"on_dig":{"event":"hurt"}},{"block":"minecraft:dark_oak_pressure_plate","speed":99999,"on_dig":{"event":"hurt"}},{"block":"minecraft:dark_oak_stairs","speed":99999,"on_dig":{"event":"hurt"}},{"block":"minecraft:dark_oak_trapdoor","speed":99999,"on_dig":{"event":"hurt"}},{"block":"minecraft:fence","speed":99999,"on_dig":{"event":"hurt"}},{"block":"minecraft:fence_gate","speed":99999,"on_dig":{"event":"hurt"}},{"block":"minecraft:jungle_stairs","speed":99999,"on_dig":{"event":"hurt"}},{"block":"minecraft:log","speed":99999,"on_dig":{"event":"hurt"}},{"block":"minecraft:log2","speed":99999,"on_dig":{"event":"hurt"}},{"block":"minecraft:oak_stairs","speed":99999,"on_dig":{"event":"hurt"}},{"block":"minecraft:planks","speed":99999,"on_dig":{"event":"hurt"}},{"block":"minecraft:spruce_stairs","speed":99999,"on_dig":{"event":"hurt"}},{"block":"minecraft:stripped_dark_oak_log","speed":99999,"on_dig":{"event":"hurt"}},{"block":"minecraft:stripped_oak_log","speed":99999,"on_dig":{"event":"hurt"}},{"block":"minecraft:trapdoor","speed":99999,"on_dig":{"event":"hurt"}},{"block":"minecraft:warped_planks","speed":99999,"on_dig":{"event":"hurt"}},{"block":"minecraft:wood","speed":99999,"on_dig":{"event":"hurt"}},{"block":"minecraft:wooden_pressure_plate","speed":99999,"on_dig":{"event":"hurt"}},{"block":"minecraft:wooden_slab","speed":99999,"on_dig":{"event":"hurt"}},{"block":"minecraft:acacia_pressure_plate","speed":99999,"on_dig":{"event":"hurt"}},{"block":"minecraft:birch_pressure_plate","speed":99999,"on_dig":{"event":"hurt"}},{"block":"minecraft:crimson_pressure_plate","speed":99999,"on_dig":{"event":"hurt"}},{"block":"minecraft:jungle_pressure_plate","speed":99999,"on_dig":{"event":"hurt"}},{"block":"minecraft:spruce_pressure_plate","speed":99999,"on_dig":{"event":"hurt"}},{"block":"minecraft:warped_pressure_plate","speed":99999,"on_dig":{"event":"hurt"}},{"block":"minecraft:acacia_trapdoor","speed":99999,"on_dig":{"event":"hurt"}},{"block":"minecraft:birch_trapdoor","speed":99999,"on_dig":{"event":"hurt"}},{"block":"minecraft:crimson_trapdoor","speed":99999,"on_dig":{"event":"hurt"}},{"block":"minecraft:jungle_trapdoor","speed":99999,"on_dig":{"event":"hurt"}},{"block":"minecraft:spruce_trapdoor","speed":99999,"on_dig":{"event":"hurt"}},{"block":"minecraft:trapped_chest","speed":99999,"on_dig":{"event":"hurt"}},{"block":"minecraft:warped_trapdoor","speed":99999,"on_dig":{"event":"hurt"}},{"block":"minecraft:chest","speed":99999,"on_dig":{"event":"hurt"}},{"block":"minecraft:acacia_button","speed":99999,"on_dig":{"event":"hurt"}},{"block":"minecraft:acacia_fence_gate","speed":99999,"on_dig":{"event":"hurt"}},{"block":"minecraft:barrel","speed":99999,"on_dig":{"event":"hurt"}},{"block":"minecraft:bee_nest","speed":99999,"on_dig":{"event":"hurt"}},{"block":"minecraft:beehive","speed":99999,"on_dig":{"event":"hurt"}},{"block":"minecraft:birch_button","speed":99999,"on_dig":{"event":"hurt"}},{"block":"minecraft:birch_fence_gate","speed":99999,"on_dig":{"event":"hurt"}},{"block":"minecraft:bookshelf","speed":99999,"on_dig":{"event":"hurt"}},{"block":"minecraft:cartography_table","speed":99999,"on_dig":{"event":"hurt"}},{"block":"minecraft:carved_pumpkin","speed":99999,"on_dig":{"event":"hurt"}},{"block":"minecraft:composter","speed":99999,"on_dig":{"event":"hurt"}},{"block":"minecraft:crafting_table","speed":99999,"on_dig":{"event":"hurt"}},{"block":"minecraft:crimson_button","speed":99999,"on_dig":{"event":"hurt"}},{"block":"minecraft:crimson_fence","speed":99999,"on_dig":{"event":"hurt"}},{"block":"minecraft:crimson_fence_gate","speed":99999,"on_dig":{"event":"hurt"}},{"block":"minecraft:crimson_hyphae","speed":99999,"on_dig":{"event":"hurt"}},{"block":"minecraft:crimson_slab","speed":99999,"on_dig":{"event":"hurt"}},{"block":"minecraft:crimson_stairs","speed":99999,"on_dig":{"event":"hurt"}},{"block":"minecraft:crimson_stem","speed":99999,"on_dig":{"event":"hurt"}},{"block":"minecraft:fletching_table","speed":99999,"on_dig":{"event":"hurt"}},{"block":"minecraft:jukebox","speed":99999,"on_dig":{"event":"hurt"}},{"block":"minecraft:jungle_button","speed":99999,"on_dig":{"event":"hurt"}},{"block":"minecraft:jungle_fence_gate","speed":99999,"on_dig":{"event":"hurt"}},{"block":"minecraft:lectern","speed":99999,"on_dig":{"event":"hurt"}},{"block":"minecraft:lit_pumpkin","speed":99999,"on_dig":{"event":"hurt"}},{"block":"minecraft:loom","speed":99999,"on_dig":{"event":"hurt"}},{"block":"minecraft:melon_block","speed":99999,"on_dig":{"event":"hurt"}},{"block":"minecraft:noteblock","speed":99999,"on_dig":{"event":"hurt"}},{"block":"minecraft:pumpkin","speed":99999,"on_dig":{"event":"hurt"}},{"block":"minecraft:shroomlight","speed":99999,"on_dig":{"event":"hurt"}},{"block":"minecraft:smithing_table","speed":99999,"on_dig":{"event":"hurt"}},{"block":"minecraft:spruce_button","speed":99999,"on_dig":{"event":"hurt"}},{"block":"minecraft:spruce_fence_gate","speed":99999,"on_dig":{"event":"hurt"}},{"block":"minecraft:acacia_door","speed":99999,"on_dig":{"event":"hurt"}},{"block":"minecraft:acacia_trapdoor","speed":99999,"on_dig":{"event":"hurt"}},{"block":"minecraft:birch_door","speed":99999,"on_dig":{"event":"hurt"}},{"block":"minecraft:birch_trapdoor","speed":99999,"on_dig":{"event":"hurt"}},{"block":"minecraft:crimson_door","speed":99999,"on_dig":{"event":"hurt"}},{"block":"minecraft:crimson_trapdoor","speed":99999,"on_dig":{"event":"hurt"}},{"block":"minecraft:warped_door","speed":99999,"on_dig":{"event":"hurt"}},{"block":"minecraft:warped_trapdoor","speed":99999,"on_dig":{"event":"hurt"}},{"block":"minecraft:mangrove_door","speed":99999,"on_dig":{"event":"hurt"}},{"block":"minecraft:mangrove_trapdoor","speed":99999,"on_dig":{"event":"hurt"}},{"block":"minecraft:jungle_door","speed":99999,"on_dig":{"event":"hurt"}},{"block":"minecraft:jungle_trapdoor","speed":99999,"on_dig":{"event":"hurt"}},{"block":"minecraft:spruce_door","speed":99999,"on_dig":{"event":"hurt"}},{"block":"minecraft:spruce_trapdoor","speed":99999,"on_dig":{"event":"hurt"}},{"block":"minecraft:wooden_door","speed":99999,"on_dig":{"event":"hurt"}},{"block":"minecraft:wooden_trapdoor","speed":99999,"on_dig":{"event":"hurt"}},{"block":"minecraft:dark_oak_door","speed":99999,"on_dig":{"event":"hurt"}},{"block":"minecraft:dark_oak_trapdoor","speed":99999,"on_dig":{"event":"hurt"}},{"block":"minecraft:wall_sign","speed":99999,"on_dig":{"event":"hurt"}},{"block":"minecraft:stripped_acacia_log","speed":99999,"on_dig":{"event":"hurt"}},{"block":"minecraft:standing_sign","speed":99999,"on_dig":{"event":"hurt"}},{"block":"minecraft:spruce_wall_sign","speed":99999,"on_dig":{"event":"hurt"}},{"block":"minecraft:spruce_standing_sign","speed":99999,"on_dig":{"event":"hurt"}},{"block":"minecraft:mangrove_wall_sign","speed":99999,"on_dig":{"event":"hurt"}},{"block":"minecraft:mangrove_standing_sign","speed":99999,"on_dig":{"event":"hurt"}},{"block":"minecraft:warped_wall_sign","speed":99999,"on_dig":{"event":"hurt"}},{"block":"minecraft:warped_standing_sign","speed":99999,"on_dig":{"event":"hurt"}},{"block":"minecraft:crimson_wall_sign","speed":99999,"on_dig":{"event":"hurt"}},{"block":"minecraft:crimson_standing_sign","speed":99999,"on_dig":{"event":"hurt"}},{"block":"minecraft:jungle_wall_sign","speed":99999,"on_dig":{"event":"hurt"}},{"block":"minecraft:jungle_standing_sign","speed":99999,"on_dig":{"event":"hurt"}},{"block":"minecraft:darkoak_wall_sign","speed":99999,"on_dig":{"event":"hurt"}},{"block":"minecraft:darkoak_standing_sign","speed":99999,"on_dig":{"event":"hurt"}},{"block":"minecraft:birch_wall_sign","speed":99999,"on_dig":{"event":"hurt"}},{"block":"minecraft:birch_standing_sign","speed":99999,"on_dig":{"event":"hurt"}},{"block":"minecraft:acacia_wall_sign","speed":99999,"on_dig":{"event":"hurt"}},{"block":"minecraft:acacia_standing_sign","speed":99999,"on_dig":{"event":"hurt"}},{"block":"minecraft:stripped_birch_log","speed":99999,"on_dig":{"event":"hurt"}},{"block":"minecraft:stripped_crimson_hyphae","speed":99999,"on_dig":{"event":"hurt"}},{"block":"minecraft:stripped_crimson_stem","speed":99999,"on_dig":{"event":"hurt"}},{"block":"minecraft:stripped_jungle_log","speed":99999,"on_dig":{"event":"hurt"}},{"block":"minecraft:stripped_spruce_log","speed":99999,"on_dig":{"event":"hurt"}},{"block":"minecraft:stripped_warped_hyphae","speed":99999,"on_dig":{"event":"hurt"}},{"block":"minecraft:stripped_warped_stem","speed":99999,"on_dig":{"event":"hurt"}},{"block":"minecraft:warped_button","speed":99999,"on_dig":{"event":"hurt"}},{"block":"minecraft:warped_fence","speed":99999,"on_dig":{"event":"hurt"}},{"block":"minecraft:warped_fence_gate","speed":99999,"on_dig":{"event":"hurt"}},{"block":"minecraft:warped_hyphae","speed":99999,"on_dig":{"event":"hurt"}},{"block":"minecraft:warped_slab","speed":99999,"on_dig":{"event":"hurt"}},{"block":"minecraft:warped_stairs","speed":99999,"on_dig":{"event":"hurt"}},{"block":"minecraft:warped_stem","speed":99999,"on_dig":{"event":"hurt"}},{"block":"minecraft:mangrove_log","speed":99999,"on_dig":{"event":"hurt"}},{"block":"minecraft:stripped_mangrove_log","speed":99999,"on_dig":{"event":"hurt"}},{"block":"minecraft:wooden_button","speed":99999,"on_dig":{"event":"hurt"}},{"block":"minecraft:banner","speed":99999,"on_dig":{"event":"hurt"}}]},"minecraft:weapon":{"on_hurt_entity":{"event":"hurt"},"on_not_hurt_entity":{"event":"hurt"},"on_hit_block":{"event":"hurt"}},"minecraft:render_offsets":{"main_hand":{"third_person":{"scale":[0.1,0.1,0.1]},"first_person":{"scale":[0.037999999999977205,0.037999999999977205,0.037999999999977205]}},"off_hand":{"third_person":{"scale":[0.1,0.1,0.1]},"first_person":{"scale":[0.037999999999977205,0.037999999999977205,0.037999999999977205]}}},"minecraft:display_name":{"value":"Sculkbone Axe"},"tag:minecraft:is_axe":{}},"events":{"on_use_event":{"sequence":[{"damage":{"type":"magic","amount":1,"target":"self"}}]},"hurt":{"damage":{"type":"magic","amount":1,"target":"self"}}}}}