{"format_version":"1.16.100","minecraft:item":{"description":{"category":"equipment","identifier":"m:zordenight_sword"},"components":{"minecraft:icon":{"texture":"m_zordenight_sword"},"minecraft:creative_category":{"parent":"itemGroup.name.sword"},"minecraft:max_stack_size":1,"minecraft:hand_equipped":true,"minecraft:allow_off_hand":false,"minecraft:foil":true,"minecraft:durability":{"max_durability":9000,"damage_chance":{"min":60,"max":100}},"minecraft:repairable":{"repair_items":[{"items":["minecraft:sculk_catalyst"],"repair_amount":1000},{"items":["m:zordenight_sword"],"repair_amount":"context.other->query.remaining_durability + 0.2 * context.other->query.max_durability"}]},"minecraft:mining_speed":1,"minecraft:damage":350,"minecraft:enchantable":{"value":15,"slot":"sword"},"minecraft:can_destroy_in_creative":false,"minecraft:digger":{"use_efficiency":true,"destroy_speeds":[{"block":"minecraft:web","speed":99999,"on_dig":{"event":"hurt"}},{"block":"minecraft:bamboo","speed":99999,"on_dig":{"event":"hurt"}}]},"minecraft:weapon":{"on_hurt_entity":{"event":"hurt"},"on_not_hurt_entity":{"event":"hurt"},"on_hit_block":{"event":"hurt"}},"minecraft:render_offsets":{"main_hand":{"third_person":{"scale":[0.1,0.1,0.1]},"first_person":{"scale":[0.037999999999977205,0.037999999999977205,0.037999999999977205]}},"off_hand":{"third_person":{"scale":[0.1,0.1,0.1]},"first_person":{"scale":[0.037999999999977205,0.037999999999977205,0.037999999999977205]}}},"tag:minecraft:is_sword":{},"minecraft:display_name":{"value":"Zordenight Sword"}},"events":{"on_use_event":{"sequence":[{"damage":{"type":"magic","amount":1,"target":"self"}}]},"hurt":{"damage":{"type":"magic","amount":1,"target":"self"}}}}}