{
  "format_version": "1.12.0",
  "minecraft:geometry": [
    {
      "description": {
        "identifier": "geometry.pa_big",
        "texture_width": 128,
        "texture_height": 128,
        "visible_bounds_width": 3,
        "visible_bounds_height": 4.5,
        "visible_bounds_offset": [
          0,
          1.75,
          0
        ]
      },
      "bones": [
        {
          "name": "Head",
          "pivot": [
            0,
            33,
            0
          ],
          "cubes": [
            {
              "origin": [
                -4,
                33,
                -4
              ],
              "size": [
                8,
                7,
                8
              ],
              "uv": [
                0,
                28
              ]
            },
            {
              "origin": [
                -1,
                39,
                -1
              ],
              "size": [
                3,
                6,
                9
              ],
              "pivot": [
                0,
                41,
                0
              ],
              "rotation": [
                -32.5,
                0,
                0
              ],
              "uv": [
                32,
                28
              ]
            },
            {
              "origin": [
                -4,
                34,
                -9
              ],
              "size": [
                8,
                6,
                2
              ],
              "uv": [
                44,
                13
              ]
            },
            {
              "origin": [
                -2,
                35,
                -7
              ],
              "size": [
                4,
                4,
                3
              ],
              "uv": [
                24,
                28
              ]
            },
            {
              "origin": [
                -4,
                41,
                0
              ],
              "size": [
                1,
                3,
                1
              ],
              "uv": [
                4,
                0
              ]
            },
            {
              "origin": [
                -4,
                40,
                3
              ],
              "size": [
                1,
                5,
                1
              ],
              "pivot": [
                0,
                40,
                0
              ],
              "rotation": [
                90,
                0,
                0
              ],
              "uv": [
                0,
                0
              ]
            },
            {
              "origin": [
                4,
                41,
                0
              ],
              "size": [
                2,
                1,
                4
              ],
              "pivot": [
                0,
                40,
                0
              ],
              "rotation": [
                90,
                0,
                0
              ],
              "uv": [
                47,
                32
              ]
            },
            {
              "origin": [
                -4,
                36,
                0
              ],
              "size": [
                2,
                10,
                2
              ],
              "pivot": [
                0,
                40,
                0
              ],
              "rotation": [
                0,
                -90,
                90
              ],
              "uv": [
                46,
                54
              ]
            }
          ]
        },
        {
          "name": "Body",
          "pivot": [
            0,
            24,
            0
          ],
          "cubes": [
            {
              "origin": [
                -7,
                12,
                -4
              ],
              "size": [
                14,
                20,
                8
              ],
              "uv": [
                0,
                0
              ]
            },
            {
              "origin": [
                -1,
                32,
                -2
              ],
              "size": [
                2,
                2,
                2
              ],
              "uv": [
                55,
                55
              ]
            }
          ]
        },
        {
          "name": "Tangan",
          "pivot": [
            -7,
            29,
            0
          ],
          "cubes": [
            {
              "origin": [
                -11,
                20,
                -2
              ],
              "size": [
                4,
                12,
                4
              ],
              "uv": [
                0,
                43
              ]
            }
          ]
        },
        {
          "name": "bone",
          "parent": "Tangan",
          "pivot": [
            -11,
            20,
            0
          ],
          "cubes": [
            {
              "origin": [
                -11,
                8,
                -2
              ],
              "size": [
                4,
                12,
                4
              ],
              "uv": [
                0,
                59
              ]
            }
          ]
        },
        {
          "name": "Tangan2",
          "pivot": [
            7,
            29,
            0
          ],
          "cubes": [
            {
              "origin": [
                7,
                20,
                -2
              ],
              "size": [
                4,
                12,
                4
              ],
              "uv": [
                0,
                43
              ]
            }
          ]
        },
        {
          "name": "bone2",
          "parent": "Tangan2",
          "pivot": [
            11,
            20,
            0
          ],
          "rotation": [
            0,
            180,
            0
          ],
          "cubes": [
            {
              "origin": [
                11,
                8,
                -2
              ],
              "size": [
                4,
                12,
                4
              ],
              "uv": [
                0,
                59
              ]
            }
          ]
        },
        {
          "name": "RightLeg",
          "pivot": [
            -1.9,
            17,
            0
          ],
          "cubes": [
            {
              "origin": [
                -4.9,
                9,
                -2
              ],
              "size": [
                4,
                7,
                4
              ],
              "uv": [
                47,
                21
              ]
            }
          ]
        },
        {
          "name": "bone3",
          "parent": "RightLeg",
          "pivot": [
            -3,
            9,
            -2
          ],
          "cubes": [
            {
              "origin": [
                -4.9,
                0,
                -2
              ],
              "size": [
                4,
                9,
                4
              ],
              "uv": [
                32,
                43
              ]
            }
          ]
        },
        {
          "name": "LeftLeg",
          "pivot": [
            0.9,
            17,
            0
          ],
          "cubes": [
            {
              "origin": [
                0.9,
                9,
                -2
              ],
              "size": [
                4,
                7,
                4
              ],
              "uv": [
                47,
                21
              ]
            }
          ]
        },
        {
          "name": "bone4",
          "parent": "LeftLeg",
          "pivot": [
            3,
            9,
            -2
          ],
          "cubes": [
            {
              "origin": [
                0.9,
                0,
                -2
              ],
              "size": [
                4,
                9,
                4
              ],
              "uv": [
                32,
                43
              ]
            }
          ]
        }
      ]
    }
  ]
}