{"format_version":"1.12.0","minecraft:entity":{"component_groups":{"minecraft:laptop_close":{"minecraft:transformation":{"into":"se:laptop_close"}}},"components":{"minecraft:collision_box":{"height":0,"width":0},"minecraft:health":{"max":9999,"value":9999},"minecraft:interact":[{"interact_text":"Close Laptop","on_interact":{"event":"minecraft:close","filters":{"all_of":[{"subject":"player","test":"is_sneaking","value":false}]}},"use_item":false}],"minecraft:movement":{"value":0.05},"minecraft:nameable":{},"minecraft:physics":{},"minecraft:push_through":{"value":1},"minecraft:scale":{"value":0.7},"minecraft:type_family":{"family":["schoolequipments"]}},"description":{"identifier":"se:laptop_open.state","is_experimental":false,"is_spawnable":false,"is_summonable":true},"events":{"minecraft:close":{"add":{"component_groups":["minecraft:laptop_close"]}}}}}