{
  "format_version": "1.12.0",
  "minecraft:geometry": [
    {
      "description": {
        "identifier": "geometry.m_cadavar_warden",
        "texture_width": 128,
        "texture_height": 128,
        "visible_bounds_width": 4,
        "visible_bounds_height": 5.5,
        "visible_bounds_offset": [
          0,
          2.25,
          0
        ]
      },
      "bones": [
        {
          "name": "root"
        },
        {
          "name": "body",
          "pivot": [
            0,
            21,
            0
          ],
          "cubes": [
            {
              "origin": [
                -9.0,
                13.0,
                -4.0
              ],
              "size": [
                18.0,
                21.0,
                11.0
              ],
              "uv": [
                0,
                0
              ],
              "inflate": 0
            }
          ],
          "parent": "root"
        },
        {
          "name": "right_ribcage",
          "pivot": [
            -7,
            23,
            -4
          ],
          "cubes": [],
          "parent": "body"
        },
        {
          "name": "left_ribcage",
          "pivot": [
            7,
            23,
            -4
          ],
          "cubes": [],
          "parent": "body"
        },
        {
          "name": "head",
          "pivot": [
            0,
            34,
            0
          ],
          "cubes": [
            {
              "origin": [
                -8.0,
                32.5,
                -5.0
              ],
              "size": [
                16.0,
                16.0,
                11.0
              ],
              "uv": [
                0,
                96.0
              ],
              "inflate": 0.0
            }
          ],
          "parent": "body"
        },
        {
          "name": "right_tendril",
          "pivot": [
            -8,
            46,
            0
          ],
          "cubes": [
            {
              "origin": [
                -23.8,
                39.4,
                0.3
              ],
              "size": [
                16.0,
                16.0,
                0.0
              ],
              "uv": [
                52.0,
                32.0
              ],
              "inflate": 0
            }
          ],
          "parent": "head"
        },
        {
          "name": "left_tendril",
          "pivot": [
            8,
            46,
            0
          ],
          "cubes": [
            {
              "origin": [
                -15.7,
                39.4,
                0.3
              ],
              "size": [
                16.0,
                16.0,
                0.0
              ],
              "pivot": [
                0.0,
                0.0,
                0.0
              ],
              "rotation": [
                0.0,
                180.0,
                0.0
              ],
              "uv": [
                60.0,
                32.0
              ],
              "inflate": 0
            }
          ],
          "parent": "head"
        },
        {
          "name": "right_arm",
          "pivot": [
            -13,
            34,
            1
          ],
          "cubes": [
            {
              "origin": [
                -16.6,
                5.5,
                -2.4
              ],
              "size": [
                8.0,
                28.0,
                8.0
              ],
              "uv": [
                44,
                50
              ],
              "inflate": 0.6
            }
          ],
          "parent": "body"
        },
        {
          "name": "left_arm",
          "pivot": [
            13,
            34,
            1
          ],
          "cubes": [
            {
              "origin": [
                8.6,
                5.5,
                -2.4
              ],
              "size": [
                8.0,
                28.0,
                8.0
              ],
              "uv": [
                0,
                58
              ],
              "inflate": 0.6
            }
          ],
          "parent": "body"
        },
        {
          "name": "right_leg",
          "pivot": [
            -5.9,
            13,
            0
          ],
          "cubes": [
            {
              "origin": [
                -8.7,
                0.4,
                -1.7
              ],
              "size": [
                6.0,
                13.0,
                6.0
              ],
              "uv": [
                76,
                48
              ],
              "inflate": 0.3
            }
          ],
          "parent": "root"
        },
        {
          "name": "left_leg",
          "pivot": [
            5.9,
            13,
            0
          ],
          "cubes": [
            {
              "origin": [
                2.7,
                0.4,
                -1.7
              ],
              "size": [
                6.0,
                13.0,
                6.0
              ],
              "uv": [
                76,
                76
              ],
              "inflate": 0.3
            }
          ],
          "parent": "root"
        }
      ]
    }
  ]
}