{
	"format_version": "1.12.0",
	"minecraft:geometry": [
		{
			"description": {
				"identifier": "geometry.m_crystal_warden",
				"texture_width": 128,
				"texture_height": 128,
				"visible_bounds_width": 4,
				"visible_bounds_height": 5.5,
				"visible_bounds_offset": [0, 2.25, 0]
			},
			"bones": [
				{
					"name": "root",
					"pivot": [0, 0, 0]
				},
				{
					"name": "body",
					"parent": "root",
					"pivot": [0, 21, 0],
					"cubes": [
						{"origin": [-9, 13, -4], "size": [18, 21, 11], "uv": [0, 0]}
					]
				},
				{
					"name": "bone3",
					"parent": "body",
					"pivot": [6, 31, 5],
					"rotation": [27.5, 0, -45],
					"cubes": [
						{"origin": [4.74118, 26.20876, 5.45403], "size": [2, 6, 2], "uv": [90, 32], "mirror": true}
					]
				},
				{
					"name": "bone7",
					"parent": "bone3",
					"pivot": [5.74118, 26.20876, 5.55403],
					"rotation": [-22.06754, 7.64427, 6.46635],
					"cubes": [
						{"origin": [4.74118, 23.70876, 5.55403], "size": [1, 3, 1], "uv": [90, 40]}
					]
				},
				{
					"name": "vertebra",
					"parent": "body",
					"pivot": [0, 15, 10],
					"rotation": [0, -92.5, 0],
					"cubes": [
						{"origin": [-4, 15, 10], "size": [5, 20, 0], "uv": [0, 96]}
					]
				},
				{
					"name": "bone10",
					"parent": "body",
					"pivot": [-8, 26, 5.7],
					"rotation": [-25, 0, 100],
					"cubes": [
						{"origin": [-9, 26, 5.7], "size": [1, 3, 1], "uv": [102, 40]}
					]
				},
				{
					"name": "bone11",
					"parent": "body",
					"pivot": [-6.1, 17.4, 4.4],
					"rotation": [45.01995, 13.40831, -101.47],
					"cubes": [
						{"origin": [-7.35882, 12.60876, 4.85403], "size": [2, 6, 2], "uv": [90, 32], "mirror": true}
					]
				},
				{
					"name": "bone12",
					"parent": "bone11",
					"pivot": [-5.55882, 13.10876, 4.95403],
					"rotation": [-37.06754, -7.64427, -6.46635],
					"cubes": [
						{"origin": [-6.55882, 10.60876, 4.95403], "size": [1, 3, 1], "uv": [90, 40]}
					]
				},
				{
					"name": "bone13",
					"parent": "body",
					"pivot": [6, 19, 5.7],
					"rotation": [-56.65705, 5.02391, -148.92806],
					"cubes": [
						{"origin": [5, 19, 5.7], "size": [1, 3, 1], "uv": [102, 40]}
					]
				},
				{
					"name": "right_ribcage",
					"parent": "body",
					"pivot": [-7, 23, -4],
					"cubes": [
						{"origin": [-9, 13, -4.1], "size": [9, 21, 0], "uv": [90, 11]}
					]
				},
				{
					"name": "ultra_ribs_right4",
					"parent": "right_ribcage",
					"pivot": [-8, 30.5, -4.5],
					"rotation": [156.69304, 9.30727, -69.42361],
					"cubes": [
						{"origin": [-8.3, 29.86679, -5.11189], "size": [1, 3, 1], "uv": [102, 40]}
					]
				},
				{
					"name": "ultra_ribs_right3",
					"parent": "right_ribcage",
					"pivot": [-8, 22.5, -4],
					"rotation": [132.5, 0, -90],
					"cubes": [
						{"origin": [-8.3, 21.86679, -4.61189], "size": [1, 3, 1], "uv": [102, 40]}
					]
				},
				{
					"name": "bone6",
					"parent": "ultra_ribs_right3",
					"pivot": [-7.7, 24.86679, -4.11189],
					"rotation": [-150, 0, 0],
					"cubes": [
						{"origin": [-8.3, 21.86679, -4.61189], "size": [1, 3, 1], "inflate": -0.1, "uv": [90, 40]}
					]
				},
				{
					"name": "ultra_ribs_right2",
					"parent": "right_ribcage",
					"pivot": [-7.9, 15, -4.1],
					"rotation": [-26.94093, -5.73576, -101.12501],
					"cubes": [
						{"origin": [-7.15882, 9.32442, -5.12702], "size": [2, 6, 2], "uv": [90, 32], "mirror": true}
					]
				},
				{
					"name": "bone5",
					"parent": "ultra_ribs_right2",
					"pivot": [-6.4, 9.6, -4.5],
					"rotation": [57.80318, -8.32302, -18.21615],
					"cubes": [
						{"origin": [-6.80563, 6.35508, -5.4609], "size": [1, 3, 1], "uv": [90, 40], "mirror": true}
					]
				},
				{
					"name": "ultra_ribs_right",
					"parent": "right_ribcage",
					"pivot": [-7.9, 25, -4.1],
					"rotation": [-27.5, 0, -90],
					"cubes": [
						{"origin": [-7.15882, 19.32442, -5.12702], "size": [2, 6, 2], "uv": [90, 32], "mirror": true}
					]
				},
				{
					"name": "bone4",
					"parent": "ultra_ribs_right",
					"pivot": [-5.9, 19.8, -3.5],
					"rotation": [14.89149, -9.29798, 31.28223],
					"cubes": [
						{"origin": [-6.30563, 16.55508, -4.4609], "size": [1, 3, 1], "uv": [90, 40], "mirror": true}
					]
				},
				{
					"name": "left_ribcage",
					"parent": "body",
					"pivot": [7, 23, -4],
					"cubes": [
						{"origin": [0, 13, -4.1], "size": [9, 21, 0], "uv": [90, 11], "mirror": true}
					]
				},
				{
					"name": "ultra_ribs_left_3",
					"parent": "left_ribcage",
					"pivot": [-30.6, 27, -5.3],
					"rotation": [22.5, 0, -90],
					"cubes": [
						{"origin": [-33, -9.1313, -19.72465], "size": [1, 3, 1], "uv": [102, 40]}
					]
				},
				{
					"name": "ultra_ribs_left_2",
					"parent": "left_ribcage",
					"pivot": [7.9, 19.5, -3.4],
					"rotation": [29.56517, 5.84957, -86.2254],
					"cubes": [
						{"origin": [6.48715, 19.4754, -4.8848], "size": [3, 6, 3], "uv": [98, 31]}
					]
				},
				{
					"name": "bone2",
					"parent": "ultra_ribs_left_2",
					"pivot": [7.88487, 25.15628, -3.53489],
					"rotation": [-29.9055, 2.49762, 4.33287],
					"cubes": [
						{"origin": [6.88487, 24.75628, -4.63489], "size": [2, 6, 2], "uv": [94, 40]}
					]
				},
				{
					"name": "bone2_1",
					"parent": "bone2",
					"pivot": [7.88487, 30.65628, -3.13489],
					"rotation": [160.18578, 3.755, 6.52976],
					"cubes": [
						{"origin": [7.64118, 27.64215, -3.41578], "size": [1, 3, 1], "uv": [90, 40], "mirror": true}
					]
				},
				{
					"name": "ultra_ribs_left",
					"parent": "left_ribcage",
					"pivot": [8, 30.5, -4.1],
					"rotation": [-24.89743, -2.86544, 70.90082],
					"cubes": [
						{"origin": [6.74118, 25.20876, -5.54597], "size": [2, 6, 2], "uv": [90, 32], "mirror": true}
					]
				},
				{
					"name": "bone",
					"parent": "ultra_ribs_left",
					"pivot": [6.74118, 25.30876, -4.84597],
					"rotation": [6.94093, -5.73576, 11.12501],
					"cubes": [
						{"origin": [6.69437, 22.15508, -5.4609], "size": [1, 3, 1], "uv": [90, 40], "mirror": true}
					]
				},
				{
					"name": "head",
					"parent": "body",
					"pivot": [0, 34, 0],
					"cubes": [
						{"origin": [-8, 34, -5], "size": [16, 16, 10], "uv": [0, 32]},
						{"origin": [8, 36, -1], "size": [4, 4, 0], "uv": [72, 18]},
						{"origin": [-15, 35, -2], "size": [7, 8, 0], "uv": [58, 16]}
					]
				},
				{
					"name": "bone14",
					"parent": "head",
					"pivot": [0, 41, 4],
					"rotation": [0, -90, 0],
					"cubes": [
						{"origin": [1, 36, 4.3], "size": [4, 12, 0], "uv": [32, 58]}
					]
				},
				{
					"name": "right_tendril",
					"parent": "head",
					"pivot": [-8, 46, 0],
					"cubes": [
						{"origin": [-24, 43, 0], "size": [16, 16, 0], "uv": [52, 32]}
					]
				},
				{
					"name": "left_tendril",
					"parent": "head",
					"pivot": [8, 46, 0],
					"cubes": [
						{"origin": [8, 43, 0], "size": [16, 16, 0], "uv": [58, 0]}
					]
				},
				{
					"name": "right_arm",
					"parent": "body",
					"pivot": [-13, 34, 1],
					"cubes": [
						{"origin": [-17, 6, -3], "size": [8, 28, 8], "uv": [44, 50]},
						{"origin": [-21, 12, 0], "size": [4, 12, 0], "uv": [32, 70]},
						{"origin": [-20, 23, 0], "size": [3, 10, 0], "uv": [100, 55]}
					]
				},
				{
					"name": "bone8",
					"parent": "right_arm",
					"pivot": [-13, 25, -2.6],
					"rotation": [36.38007, 31.74453, 27.55413],
					"cubes": [
						{"origin": [-14.51285, 21.4754, -4.4848], "size": [3, 6, 3], "uv": [98, 31]}
					]
				},
				{
					"name": "left_arm",
					"parent": "body",
					"pivot": [13, 34, 1],
					"cubes": [
						{"origin": [9, 6, -3], "size": [8, 28, 8], "uv": [0, 58]},
						{"origin": [19, 27, 0.3], "size": [3, 10, 0], "uv": [100, 65]},
						{"origin": [11, 10, -1.7], "size": [8, 28, 8], "uv": [44, 86]},
						{"origin": [19, 16, 1.3], "size": [4, 12, 0], "uv": [32, 58]},
						{"origin": [17, 23, -2], "size": [3, 10, 0], "uv": [100, 65]},
						{"origin": [17, 12, -2], "size": [4, 12, 0], "uv": [32, 58]}
					]
				},
				{
					"name": "bone9",
					"parent": "left_arm",
					"pivot": [13, 25, -2.6],
					"rotation": [36.38007, 31.74453, 27.55413],
					"cubes": [
						{"origin": [11.48715, 21.4754, -4.4848], "size": [3, 6, 3], "uv": [98, 31]}
					]
				},
				{
					"name": "right_leg",
					"parent": "root",
					"pivot": [-5.9, 13, 0],
					"cubes": [
						{"origin": [-9, 0, -3], "size": [6, 13, 6], "uv": [76, 48]}
					]
				},
				{
					"name": "left_leg",
					"parent": "root",
					"pivot": [5.9, 13, 0],
					"cubes": [
						{"origin": [3, 0, -3], "size": [6, 13, 6], "uv": [76, 76]}
					]
				}
			]
		}
	]
}