{
  "format_version": "1.12.0",
  "minecraft:geometry": [
    {
      "description": {
        "identifier": "geometry.m_deep_zorden",
        "texture_width": 128,
        "texture_height": 128,
        "visible_bounds_width": 6,
        "visible_bounds_height": 6,
        "visible_bounds_offset": [
          0,
          2,
          0
        ]
      },
      "bones": [
        {
          "name": "root"
        },
        {
          "name": "body",
          "pivot": [
            0,
            21,
            0
          ],
          "cubes": [
            {
              "origin": [
                -9.0,
                13.0,
                -4.0
              ],
              "size": [
                18.0,
                21.0,
                11.0
              ],
              "pivot": [
                0.0,
                0.0,
                0.0
              ],
              "rotation": [
                2.5,
                0.0,
                0.0
              ],
              "uv": [
                0,
                0
              ],
              "inflate": 0
            }
          ],
          "parent": "root"
        },
        {
          "name": "right_ribcage",
          "pivot": [
            -7,
            23,
            -4
          ],
          "cubes": [
            {
              "origin": [
                -9.02428,
                12.55892,
                -4.86848
              ],
              "size": [
                9.0,
                21.0,
                0.0
              ],
              "pivot": [
                -8.0,
                23.0,
                -6.0
              ],
              "rotation": [
                -2.67794,
                19.98948,
                -0.74003
              ],
              "uv": [
                90,
                11
              ],
              "inflate": 0
            },
            {
              "origin": [
                -11.02428,
                12.55892,
                -4.86848
              ],
              "size": [
                9.0,
                21.0,
                0.0
              ],
              "pivot": [
                -8.0,
                23.0,
                -6.0
              ],
              "rotation": [
                -3.41192,
                42.45897,
                -2.12873
              ],
              "uv": [
                90,
                11
              ],
              "inflate": 0
            },
            {
              "origin": [
                0.0,
                12.80189,
                -5.02077
              ],
              "size": [
                9.0,
                21.0,
                0.0
              ],
              "pivot": [
                8.0,
                21.0,
                -5.0
              ],
              "rotation": [
                1.97169,
                -19.28654,
                -2.11707
              ],
              "uv": [
                90,
                11
              ],
              "inflate": 0,
              "mirror": true
            },
            {
              "origin": [
                0.0,
                12.80189,
                -5.02077
              ],
              "size": [
                9.0,
                21.0,
                0.0
              ],
              "pivot": [
                8.0,
                21.0,
                -5.0
              ],
              "rotation": [
                2.49557,
                -41.77011,
                -3.1286
              ],
              "uv": [
                90,
                11
              ],
              "inflate": 0,
              "mirror": true
            }
          ],
          "parent": "body",
          "rotation": [
            5,
            0,
            0
          ]
        },
        {
          "name": "left_ribcage",
          "pivot": [
            7,
            23,
            -4
          ],
          "parent": "body"
        },
        {
          "name": "head",
          "pivot": [
            0,
            34,
            0
          ],
          "cubes": [
            {
              "origin": [
                -8.0,
                34.30798,
                -7.69894
              ],
              "size": [
                16.0,
                17.0,
                10.0
              ],
              "pivot": [
                0.0,
                36.0,
                0.0
              ],
              "rotation": [
                17.5,
                0.0,
                0.0
              ],
              "uv": [
                0,
                32
              ],
              "inflate": 0
            },
            {
              "origin": [
                -7.0,
                35.30798,
                -6.69894
              ],
              "size": [
                14.0,
                15.0,
                10.0
              ],
              "pivot": [
                0.0,
                36.0,
                0.0
              ],
              "rotation": [
                17.5,
                0.0,
                0.0
              ],
              "uv": [
                0,
                32
              ],
              "inflate": 0
            },
            {
              "origin": [
                -7.00109,
                32.56231,
                -9.34463
              ],
              "size": [
                9.0,
                18.0,
                0.0
              ],
              "pivot": [
                -5.0,
                36.0,
                -6.0
              ],
              "rotation": [
                23.03073,
                41.54962,
                18.47808
              ],
              "uv": [
                90,
                11
              ],
              "inflate": 0
            },
            {
              "origin": [
                -7.00109,
                32.56231,
                -9.34463
              ],
              "size": [
                9.0,
                18.0,
                0.0
              ],
              "pivot": [
                -5.0,
                36.0,
                -6.0
              ],
              "rotation": [
                19.84492,
                32.24455,
                13.91675
              ],
              "uv": [
                90,
                11
              ],
              "inflate": 0
            }
          ],
          "parent": "body"
        },
        {
          "name": "bone",
          "pivot": [
            8,
            36,
            -5
          ],
          "cubes": [
            {
              "origin": [
                -2.15762,
                34.27867,
                -6.58952
              ],
              "size": [
                9.0,
                17.0,
                0.0
              ],
              "pivot": [
                8.0,
                36.0,
                -5.0
              ],
              "rotation": [
                22.93774,
                -43.9472,
                -17.82351
              ],
              "uv": [
                90,
                11
              ],
              "inflate": 0,
              "mirror": true
            },
            {
              "origin": [
                -2.15762,
                34.27867,
                -6.58952
              ],
              "size": [
                9.0,
                17.0,
                0.0
              ],
              "pivot": [
                8.0,
                36.0,
                -5.0
              ],
              "rotation": [
                22.28735,
                -36.06485,
                -17.06852
              ],
              "uv": [
                90,
                11
              ],
              "inflate": 0,
              "mirror": true
            }
          ],
          "parent": "head"
        },
        {
          "name": "right_tendril",
          "pivot": [
            -8,
            46,
            0
          ],
          "cubes": [
            {
              "origin": [
                -24.0,
                40.45292,
                -6.74687
              ],
              "size": [
                16.0,
                16.0,
                0.0
              ],
              "pivot": [
                -8.0,
                44.0,
                -7.0
              ],
              "rotation": [
                11.00966,
                24.59477,
                4.62934
              ],
              "uv": [
                52,
                32
              ],
              "inflate": 0
            }
          ],
          "parent": "head"
        },
        {
          "name": "left_tendril",
          "pivot": [
            8,
            46,
            0
          ],
          "cubes": [
            {
              "origin": [
                7.8,
                40.6,
                -6.7
              ],
              "size": [
                16.0,
                16.0,
                0.0
              ],
              "pivot": [
                7.0,
                44.0,
                -6.0
              ],
              "rotation": [
                9.0855,
                -25.0047,
                -2.08113
              ],
              "uv": [
                58,
                0
              ],
              "inflate": 0
            }
          ],
          "parent": "head"
        },
        {
          "name": "right_arm",
          "pivot": [
            -13,
            34,
            1
          ],
          "cubes": [
            {
              "origin": [
                -18.6,
                19.7,
                -4.0
              ],
              "size": [
                9.0,
                17.0,
                10.0
              ],
              "pivot": [
                -13.0,
                25.0,
                0.0
              ],
              "rotation": [
                0.0,
                0.0,
                0.0
              ],
              "uv": [
                44,
                50
              ],
              "inflate": 0.7
            },
            {
              "origin": [
                -18.6,
                1.5,
                -4.0
              ],
              "size": [
                9.0,
                16.8,
                10.0
              ],
              "pivot": [
                -13.0,
                25.0,
                0.0
              ],
              "rotation": [
                0.0,
                0.0,
                0.0
              ],
              "uv": [
                44,
                50
              ],
              "inflate": 0.7
            }
          ],
          "parent": "body"
        },
        {
          "name": "left_arm",
          "pivot": [
            13,
            34,
            1
          ],
          "cubes": [
            {
              "origin": [
                9.7,
                20.0,
                -4.0
              ],
              "size": [
                9.0,
                17.0,
                10.0
              ],
              "pivot": [
                16.0,
                25.0,
                0.0
              ],
              "rotation": [
                0.0,
                -0.9,
                0.0
              ],
              "uv": [
                0,
                58
              ],
              "inflate": 0.7
            },
            {
              "origin": [
                9.7,
                1.6,
                -4.0
              ],
              "size": [
                9.0,
                17.0,
                10.0
              ],
              "pivot": [
                16.0,
                25.0,
                0.0
              ],
              "rotation": [
                0.0,
                -0.9,
                0.0
              ],
              "uv": [
                0,
                58
              ],
              "inflate": 0.7
            }
          ],
          "parent": "body"
        },
        {
          "name": "right_leg",
          "pivot": [
            -5.9,
            13,
            0
          ],
          "cubes": [
            {
              "origin": [
                -9.0,
                0.0,
                -2.0
              ],
              "size": [
                6.0,
                13.0,
                6.0
              ],
              "uv": [
                76,
                48
              ],
              "inflate": 0
            }
          ],
          "parent": "root"
        },
        {
          "name": "left_leg",
          "pivot": [
            5.9,
            13,
            0
          ],
          "cubes": [
            {
              "origin": [
                3.0,
                0.0,
                -2.0
              ],
              "size": [
                6.0,
                13.0,
                6.0
              ],
              "uv": [
                76,
                76
              ],
              "inflate": 0
            }
          ],
          "parent": "root"
        }
      ]
    }
  ]
}