{
  "format_version": "1.12.0",
  "minecraft:geometry": [
    {
      "description": {
        "identifier": "geometry.m_hollow_warden",
        "texture_width": 103,
        "texture_height": 101,
        "visible_bounds_width": 5,
        "visible_bounds_height": 9,
        "visible_bounds_offset": [
          0,
          0.5,
          0
        ]
      },
      "bones": [
        {
          "name": "root"
        },
        {
          "name": "body",
          "pivot": [
            0,
            21,
            0
          ],
          "cubes": [
            {
              "origin": [
                -9.0,
                11.5,
                -4.0
              ],
              "size": [
                18.0,
                19.0,
                7.0
              ],
              "uv": [
                1,
                1
              ],
              "inflate": 1.5
            }
          ],
          "parent": "root",
          "rotation": [
            2.5,
            0,
            0
          ]
        },
        {
          "name": "right_ribcage",
          "pivot": [
            -7,
            23,
            -4
          ],
          "parent": "body"
        },
        {
          "name": "left_ribcage",
          "pivot": [
            7,
            23,
            -4
          ],
          "parent": "body"
        },
        {
          "name": "head",
          "pivot": [
            0,
            34,
            0
          ],
          "cubes": [
            {
              "origin": [
                -8.0,
                33.0,
                -6.0
              ],
              "size": [
                16.0,
                12.0,
                8.0
              ],
              "uv": [
                54,
                2
              ],
              "inflate": 1
            }
          ],
          "parent": "body",
          "rotation": [
            5,
            0,
            0
          ]
        },
        {
          "name": "right_tendril",
          "pivot": [
            -8,
            46,
            0
          ],
          "cubes": [
            {
              "origin": [
                8.8,
                38.0,
                3.0
              ],
              "size": [
                17.0,
                15.0,
                0.0
              ],
              "pivot": [
                0.0,
                0.0,
                0.0
              ],
              "rotation": [
                0.0,
                180.0,
                0.0
              ],
              "uv": [
                34.0,
                62.0
              ],
              "inflate": 1.0
            }
          ],
          "parent": "head"
        },
        {
          "name": "left_tendril",
          "pivot": [
            8,
            46,
            0
          ],
          "cubes": [
            {
              "origin": [
                7.7,
                38.0,
                -1.0
              ],
              "size": [
                17.0,
                15.0,
                0.0
              ],
              "uv": [
                33,
                62
              ],
              "inflate": 1
            }
          ],
          "parent": "head"
        },
        {
          "name": "right_arm",
          "pivot": [
            -2,
            30,
            1
          ],
          "cubes": [
            {
              "origin": [
                -19.0,
                5.0,
                -5.0
              ],
              "size": [
                8.0,
                26.0,
                8.0
              ],
              "pivot": [
                2.0,
                30.0,
                -3.0
              ],
              "rotation": [
                -2.5,
                0.0,
                0.0
              ],
              "uv": [
                0,
                29
              ],
              "inflate": 0.5
            },
            {
              "origin": [
                -20.0,
                25.2,
                -5.4
              ],
              "size": [
                7.0,
                8.0,
                6.0
              ],
              "pivot": [
                0.0,
                0.0,
                0.0
              ],
              "rotation": [
                -2.5,
                0.0,
                0.0
              ],
              "uv": [
                32,
                29
              ],
              "inflate": 0.5
            }
          ],
          "parent": "body"
        },
        {
          "name": "left_arm",
          "pivot": [
            2,
            30,
            -1
          ],
          "cubes": [
            {
              "origin": [
                -14.0,
                5.0,
                -9.0
              ],
              "size": [
                8.0,
                26.0,
                8.0
              ],
              "pivot": [
                2.0,
                30.0,
                -3.0
              ],
              "rotation": [
                0.0,
                180.0,
                0.0
              ],
              "uv": [
                0,
                29
              ],
              "inflate": 0.5
            },
            {
              "origin": [
                -19.0,
                25.2,
                -6.0
              ],
              "size": [
                7.0,
                8.0,
                6.0
              ],
              "pivot": [
                0.0,
                0.0,
                -2.0
              ],
              "rotation": [
                0.0,
                180.0,
                0.0
              ],
              "uv": [
                32,
                29
              ],
              "inflate": 0.5
            }
          ],
          "parent": "body",
          "rotation": [
            -2.5,
            0,
            0
          ]
        },
        {
          "name": "right_leg",
          "pivot": [
            -5.9,
            13,
            0
          ],
          "cubes": [
            {
              "origin": [
                -9.0,
                0.5,
                -3.0
              ],
              "size": [
                6.0,
                9.0,
                5.0
              ],
              "uv": [
                1,
                87
              ],
              "inflate": 0.5
            }
          ],
          "parent": "root"
        },
        {
          "name": "left_leg",
          "pivot": [
            5.9,
            13,
            0
          ],
          "cubes": [
            {
              "origin": [
                3.0,
                0.5,
                -3.0
              ],
              "size": [
                6.0,
                9.0,
                5.0
              ],
              "uv": [
                1,
                87
              ],
              "inflate": 0.5
            }
          ],
          "parent": "root"
        }
      ]
    }
  ]
}