{
  "format_version": "1.12.0",
  "minecraft:geometry": [
    {
      "description": {
        "identifier": "geometry.m_magma_sorden",
        "texture_width": 128,
        "texture_height": 128,
        "visible_bounds_width": 4,
        "visible_bounds_height": 5.5,
        "visible_bounds_offset": [
          0,
          2.25,
          0
        ]
      },
      "bones": [
        {
          "name": "root"
        },
        {
          "name": "body",
          "pivot": [
            0,
            21,
            0
          ],
          "cubes": [
            {
              "origin": [
                -9.0,
                13.0,
                -4.0
              ],
              "size": [
                18.0,
                21.0,
                11.0
              ],
              "uv": [
                0,
                0
              ],
              "inflate": 0
            }
          ],
          "parent": "root"
        },
        {
          "name": "right_ribcage",
          "pivot": [
            -7,
            23,
            -4
          ],
          "cubes": [
            {
              "origin": [
                -9.0,
                13.0,
                -4.1
              ],
              "size": [
                9.0,
                21.0,
                0.0
              ],
              "uv": [
                90,
                11
              ],
              "inflate": 0
            }
          ],
          "parent": "body"
        },
        {
          "name": "left_ribcage",
          "pivot": [
            7,
            23,
            -4
          ],
          "cubes": [
            {
              "origin": [
                0.0,
                13.0,
                -4.1
              ],
              "size": [
                9.0,
                21.0,
                0.0
              ],
              "uv": [
                90,
                11
              ],
              "inflate": 0,
              "mirror": true
            }
          ],
          "parent": "body"
        },
        {
          "name": "head",
          "pivot": [
            0,
            34,
            0
          ],
          "cubes": [
            {
              "origin": [
                -8.0,
                34.0,
                -5.0
              ],
              "size": [
                16.0,
                16.0,
                10.0
              ],
              "uv": [
                0,
                32
              ],
              "inflate": 0
            }
          ],
          "parent": "body"
        },
        {
          "name": "right_tendril",
          "pivot": [
            -8,
            46,
            0
          ],
          "cubes": [
            {
              "origin": [
                -20.5,
                40.8,
                0.0
              ],
              "size": [
                16.0,
                16.0,
                0.0
              ],
              "uv": [
                52,
                32
              ],
              "inflate": 0
            },
            {
              "origin": [
                -12.2,
                43.0,
                0.0
              ],
              "size": [
                16.0,
                16.0,
                0.0
              ],
              "uv": [
                52,
                32
              ],
              "inflate": 0
            }
          ],
          "parent": "head"
        },
        {
          "name": "left_tendril",
          "pivot": [
            8,
            46,
            0
          ],
          "cubes": [
            {
              "origin": [
                4.7,
                40.8,
                0.0
              ],
              "size": [
                16.0,
                16.0,
                0.0
              ],
              "uv": [
                58,
                0
              ],
              "inflate": 0
            },
            {
              "origin": [
                -3.3,
                43.0,
                0.0
              ],
              "size": [
                16.0,
                16.0,
                0.0
              ],
              "uv": [
                58,
                0
              ],
              "inflate": 0
            }
          ],
          "parent": "head"
        },
        {
          "name": "right_arm",
          "pivot": [
            -13,
            34,
            1
          ],
          "cubes": [
            {
              "origin": [
                -17.5,
                6.0,
                -2.6
              ],
              "size": [
                8.0,
                28.0,
                8.0
              ],
              "uv": [
                44,
                50
              ],
              "inflate": 0.6
            }
          ],
          "parent": "body"
        },
        {
          "name": "left_arm",
          "pivot": [
            13,
            34,
            1
          ],
          "cubes": [
            {
              "origin": [
                9.6,
                6.0,
                -2.4
              ],
              "size": [
                8.0,
                28.0,
                8.0
              ],
              "uv": [
                0,
                58
              ],
              "inflate": 0.6
            }
          ],
          "parent": "body"
        },
        {
          "name": "right_leg",
          "pivot": [
            -5.9,
            13,
            0
          ],
          "cubes": [
            {
              "origin": [
                -9.0,
                0.0,
                -3.0
              ],
              "size": [
                7.0,
                13.0,
                6.0
              ],
              "uv": [
                75.0,
                76.0
              ],
              "inflate": 0
            }
          ],
          "parent": "root"
        },
        {
          "name": "left_leg",
          "pivot": [
            5.9,
            13,
            0
          ],
          "cubes": [
            {
              "origin": [
                2.0,
                0.0,
                -3.0
              ],
              "size": [
                7.0,
                13.0,
                6.0
              ],
              "uv": [
                76.0,
                76.0
              ],
              "inflate": 0
            }
          ],
          "parent": "root"
        }
      ]
    }
  ]
}