{
  "format_version": "1.12.0",
  "minecraft:geometry": [
    {
      "description": {
        "identifier": "geometry.m_trypophobia_warden",
        "texture_width": 128,
        "texture_height": 128,
        "visible_bounds_width": 4,
        "visible_bounds_height": 5.5,
        "visible_bounds_offset": [
          0,
          2.25,
          0
        ]
      },
      "bones": [
        {
          "name": "root"
        },
        {
          "name": "body",
          "pivot": [
            0,
            21,
            0
          ],
          "cubes": [
            {
              "origin": [
                -9.0,
                14.2,
                0.0
              ],
              "size": [
                18.0,
                21.0,
                11.0
              ],
              "pivot": [
                0.0,
                0.0,
                0.0
              ],
              "rotation": [
                12.4,
                0.0,
                0.0
              ],
              "uv": [
                0,
                0
              ],
              "inflate": 2.0
            }
          ],
          "parent": "root"
        },
        {
          "name": "right_ribcage",
          "pivot": [
            -7,
            23,
            -4
          ],
          "cubes": [
            {
              "origin": [
                -9.0,
                13.0,
                -4.1
              ],
              "size": [
                9.0,
                21.0,
                0.0
              ],
              "uv": [
                90,
                11
              ],
              "inflate": 0
            }
          ],
          "parent": "body"
        },
        {
          "name": "left_ribcage",
          "pivot": [
            7,
            23,
            -4
          ],
          "cubes": [
            {
              "origin": [
                0.0,
                13.0,
                -4.1
              ],
              "size": [
                9.0,
                21.0,
                0.0
              ],
              "uv": [
                90,
                11
              ],
              "inflate": 0,
              "mirror": true
            }
          ],
          "parent": "body"
        },
        {
          "name": "head",
          "pivot": [
            0,
            34,
            0
          ],
          "cubes": [
            {
              "origin": [
                -7.0,
                42.9,
                -12.3
              ],
              "size": [
                14.0,
                12.9,
                10.0
              ],
              "uv": [
                1.0,
                32.0
              ],
              "inflate": 0.6
            },
            {
              "origin": [
                -7.0,
                35.7,
                -12.3
              ],
              "size": [
                14.0,
                6.0,
                10.0
              ],
              "uv": [
                1.0,
                42.0
              ],
              "inflate": 0.6
            }
          ],
          "parent": "body"
        },
        {
          "name": "right_tendril",
          "pivot": [
            -8,
            46,
            0
          ],
          "cubes": [
            {
              "origin": [
                -23.6,
                43.0,
                -6.3
              ],
              "size": [
                16.0,
                16.0,
                0.0
              ],
              "uv": [
                52,
                32
              ],
              "inflate": 0
            }
          ],
          "parent": "head"
        },
        {
          "name": "left_tendril",
          "pivot": [
            8,
            46,
            0
          ],
          "cubes": [
            {
              "origin": [
                7.6,
                43.0,
                -6.3
              ],
              "size": [
                16.0,
                16.0,
                0.0
              ],
              "uv": [
                58,
                0
              ],
              "inflate": 0
            }
          ],
          "parent": "head"
        },
        {
          "name": "right_arm",
          "pivot": [
            -13,
            34,
            1
          ],
          "cubes": [
            {
              "origin": [
                -16.9,
                30.0,
                -5.6
              ],
              "size": [
                6.0,
                8.0,
                8.0
              ],
              "uv": [
                44,
                50
              ],
              "inflate": 0
            },
            {
              "origin": [
                -16.9,
                2.0,
                -5.6
              ],
              "size": [
                6.0,
                28.0,
                8.0
              ],
              "uv": [
                44,
                50
              ],
              "inflate": 0
            }
          ],
          "parent": "body"
        },
        {
          "name": "left_arm",
          "pivot": [
            13,
            34,
            1
          ],
          "cubes": [
            {
              "origin": [
                11.0,
                30.0,
                -5.6
              ],
              "size": [
                6.0,
                8.0,
                8.0
              ],
              "uv": [
                0,
                58
              ],
              "inflate": 0
            },
            {
              "origin": [
                11.0,
                2.0,
                -5.6
              ],
              "size": [
                6.0,
                28.0,
                8.0
              ],
              "uv": [
                0,
                58
              ],
              "inflate": 0
            }
          ],
          "parent": "body"
        },
        {
          "name": "right_leg",
          "pivot": [
            -5.9,
            13,
            0
          ],
          "cubes": [
            {
              "origin": [
                -7.9,
                0.8,
                -3.0
              ],
              "size": [
                6.0,
                13.0,
                6.0
              ],
              "uv": [
                76,
                48
              ],
              "inflate": 0.7
            }
          ],
          "parent": "root"
        },
        {
          "name": "left_leg",
          "pivot": [
            5.9,
            13,
            0
          ],
          "cubes": [
            {
              "origin": [
                1.8,
                0.8,
                -3.0
              ],
              "size": [
                6.0,
                13.0,
                6.0
              ],
              "uv": [
                76,
                76
              ],
              "inflate": 0.7
            }
          ],
          "parent": "root"
        }
      ]
    }
  ]
}