{
    "\u0066\u006f\u0072\u006d\u0061\u0074\u005f\u0076\u0065\u0072\u0073\u0069\u006f\u006e": "1.8.0",
    "\u0061\u006e\u0069\u006d\u0061\u0074\u0069\u006f\u006e\u0073": {
        // spawn
        "\u0061\u006e\u0069\u006d\u0061\u0074\u0069\u006f\u006e\u002e\u0073\u0068\u0065\u006e\u006c\u006f\u006e\u0067\u002e\u0073\u0070\u0061\u0077\u006e": {
            "\u006c\u006f\u006f\u0070": false,
            "\u0061\u006e\u0069\u006d\u0061\u0074\u0069\u006f\u006e\u005f\u006c\u0065\u006e\u0067\u0074\u0068": 121,
            "\u0074\u0069\u006d\u0065\u006c\u0069\u006e\u0065": {
                "\u0031\u0030\u002e\u0030": "/summon lightning_bolt ~~~30",
                "\u0031\u0032\u002e\u0030": "/summon lightning_bolt ~-21~~21",
                "\u0031\u0034\u002e\u0030": "/summon lightning_bolt ~-30~~",
                "\u0031\u0036\u002e\u0030": "/summon lightning_bolt ~-21~~-21",
                "\u0031\u0038\u002e\u0030": "/summon lightning_bolt ~~~-30",
                "\u0032\u0030\u002e\u0030": "/summon lightning_bolt ~21~~-21",
                "\u0032\u0032\u002e\u0030": "/summon lightning_bolt ~30~~",
                "\u0032\u0034\u002e\u0030": "/summon lightning_bolt ~21~~21",
                "\u0031\u0032\u0030\u002e\u0030": "@s dbe:despawn"
            }
        }
    }
}