{
	"format_version": "1.8.0",
	"animations": {
		"animation.pigzombie_titan.summon": {
			"animation_length": 5.6,
			"bones": {
				"bone": {
					"rotation": {
						"0.0": [0, 0, 0],
						"2.0": [-1.33, 0, 0],
						"3.0": [-25, 0, 0],
						"5.0": [-3.27, 0, 0],
						"5.6": [0, 0, 0]
					},
					"position": {
						"0.0": [0, 0, 0],
						"2.0": [0, -2, 4],
						"3.0": [0, -1, 0],
						"5.0": [0, -1, 1],
						"5.6": [0, 0, 0]
					}
				},
				"bone2": {
					"rotation": {
						"0.0": [0, 0, 0],
						"1.0": [20, 0, 20],
						"2.0": [20, 20, 0],
						"3.0": [-25, 0, 0],
						"5.0": [14.62, 0, 0],
						"5.6": [0, 0, 0]
					}
				},
				"bone3": {
					"rotation": {
						"0.0": [0, 0, 0],
						"1.0": [20, 0, 10],
						"2.0": [20, 20, 0],
						"3.0": [-7.5, 0, 0],
						"5.0": [14.62, 0, 0],
						"5.6": [0, 0, 0]
					}
				},
				"head": {
					"rotation": {
						"0.0": [0, 0, 0],
						"1.0": [50, 0, 0],
						"2.0": [55, -20, 0],
						"3.0": [-52.5, 0, 0],
						"5.0": [32.88, 0, 0],
						"5.6": [0, 0, 0]
					}
				},
				"bone4": {
					"rotation": {
						"0.0": [0, 0, 0],
						"1.0": [-15, 0, 0],
						"2.0": [-34.1, 52.5, 0],
						"3.0": [0, 52.5, 27.5],
						"5.0": [-24.62, 0, 0],
						"5.6": [0, 0, 0]
					}
				},
				"bone5": {
					"rotation": {
						"0.0": [0, 0, 0],
						"1.0": [30, 0, 0],
						"2.0": [40, 0, 0],
						"5.0": [41.67, 0, 0],
						"5.6": [0, 0, 0]
					}
				},
				"bone6": {
					"rotation": {
						"0.0": [0, 0, 0],
						"1.0": [-15, 0, 0],
						"2.0": [-40, -35, 0],
						"3.0": [2.5, -32.5, -20],
						"5.0": [16.73, 0, 0],
						"5.6": [0, 0, 0]
					}
				},
				"bone7": {
					"rotation": {
						"0.0": [0, 0, 0],
						"1.0": [30, 0, 0],
						"2.0": [40, 0, 0],
						"5.0": [21.67, 0, 0],
						"5.6": [0, 0, 0]
					}
				},
				"bone8": {
					"rotation": {
						"0.0": [0, 0, 0],
						"1.0": [60, 27.5, -15],
						"2.0": [40, 32.5, -15],
						"3.0": [-40, -102.5, -5],
						"5.0": [98.27, 1.15, -1.15],
						"5.6": [0, 0, 0]
					}
				},
				"bone9": {
					"rotation": {
						"0.0": [0, 0, 0],
						"1.0": [-50, 0, 0],
						"3.0": [-15.76, 0, 0],
						"5.0": [-21.52, 0, 0],
						"5.6": [0, 0, 0]
					}
				},
				"bone10": {
					"rotation": {
						"0.0": [0, 0, 0],
						"1.0": [60, -30, 15],
						"2.0": [30, -45, 15],
						"3.0": [-35, 107.5, 0],
						"5.0": [74.42, 0, 0],
						"5.6": [0, 0, 0]
					}
				},
				"bone11": {
					"rotation": {
						"0.0": [0, 0, 0],
						"1.0": [-50, 0, 0],
						"3.0": [-13.26, 0, 0],
						"5.0": [-14.02, 0, 0],
						"5.6": [0, 0, 0]
					}
				},
				"bone13": {
					"rotation": {
						"0.0": [0, 0, 0],
						"1.0": [215, 0, 0],
						"3.0": [161.52, 0, 0],
						"5.0": [-14.46, 0, 0],
						"5.6": [0, 0, 0]
					},
					"position": [-1, 0, 0]
				}
			}
		}
	}
}