{
	"format_version": "1.8.0",
	"animations": {
		"animation.zombie_titan.summon3": {
			"animation_length": 3.1,
			"bones": {
				"bone": {
					"position": {
						"0.0": {
							"post": [0, 0, 0],
							"lerp_mode": "catmullrom"
						},
						"1.6": {
							"post": [0, -0.1, 1],
							"lerp_mode": "catmullrom"
						},
						"2.1": {
							"post": [0, -1.1, -5],
							"lerp_mode": "catmullrom"
						},
						"3.1": [0, 0, 0]
					}
				},
				"bone2": {
					"rotation": {
						"0.0": {
							"post": [0, 0, 0],
							"lerp_mode": "catmullrom"
						},
						"1.6": {
							"post": [35, 27.5, 0],
							"lerp_mode": "catmullrom"
						},
						"2.1": {
							"post": [-20, 0, 0],
							"lerp_mode": "catmullrom"
						},
						"3.1": [0, 0, 0]
					}
				},
				"bone3": {
					"rotation": {
						"0.0": {
							"post": [0, 0, 0],
							"lerp_mode": "catmullrom"
						},
						"1.6": {
							"post": [25, 17.5, 0],
							"lerp_mode": "catmullrom"
						},
						"2.1": {
							"post": [-20, 0, 0],
							"lerp_mode": "catmullrom"
						},
						"3.1": [0, 0, 0]
					}
				},
				"head": {
					"rotation": {
						"0.0": {
							"post": [0, 0, 0],
							"lerp_mode": "catmullrom"
						},
						"1.6": {
							"post": [22.5, 12.5, 0],
							"lerp_mode": "catmullrom"
						},
						"2.1": {
							"post": [-20, 0, 0],
							"lerp_mode": "catmullrom"
						},
						"3.1": [0, 0, 0]
					}
				},
				"bone8": {
					"rotation": {
						"0.0": {
							"post": [0, 0, 0],
							"lerp_mode": "catmullrom"
						},
						"3.1": [0, 0, 0]
					}
				},
				"bone9": {
					"rotation": {
						"0.0": {
							"post": [0, 0, 0],
							"lerp_mode": "catmullrom"
						},
						"3.1": [0, 0, 0]
					}
				},
				"bone10": {
					"rotation": {
						"0.0": {
							"post": [0, 0, 0],
							"lerp_mode": "catmullrom"
						},
						"3.1": [0, 0, 0]
					}
				},
				"bone11": {
					"rotation": {
						"0.0": {
							"post": [0, 0, 0],
							"lerp_mode": "catmullrom"
						},
						"3.1": [0, 0, 0]
					}
				},
				"bone13": {
					"rotation": {
						"0.0": {
							"post": [0, 0, 0],
							"lerp_mode": "catmullrom"
						},
						"3.1": [0, 0, 0]
					}
				},
				"bone4": {
					"rotation": {
						"0.0": {
							"post": [0, 0, 0],
							"lerp_mode": "catmullrom"
						},
						"1.6": {
							"post": [25, 0, 0],
							"lerp_mode": "catmullrom"
						},
						"2.1": {
							"post": [-112.5, 0, 0],
							"lerp_mode": "catmullrom"
						},
						"3.1": [0, 0, 0]
					}
				},
				"bone5": {
					"rotation": {
						"0.0": {
							"post": [0, 0, 0],
							"lerp_mode": "catmullrom"
						},
						"1.6": {
							"post": [17.5, 0, 0],
							"lerp_mode": "catmullrom"
						},
						"2.1": {
							"post": [0, 0, 0],
							"lerp_mode": "catmullrom"
						},
						"3.1": [0, 0, 0]
					}
				},
				"bone6": {
					"rotation": {
						"0.0": {
							"post": [0, 0, 0],
							"lerp_mode": "catmullrom"
						},
						"1.6": {
							"post": [-12.5, 0, 0],
							"lerp_mode": "catmullrom"
						},
						"2.1": {
							"post": [25, 0, 0],
							"lerp_mode": "catmullrom"
						},
						"3.1": [0, 0, 0]
					}
				},
				"bone7": {
					"rotation": {
						"0.0": {
							"post": [0, 0, 0],
							"lerp_mode": "catmullrom"
						},
						"1.6": {
							"post": [12.5, 0, 0],
							"lerp_mode": "catmullrom"
						},
						"3.1": [0, 0, 0]
					}
				}
			}
		}
	}
}