{
	"format_version": "1.8.0",
	"animations": {
		"animation.zombie_titan.slash": {
			"animation_length": 6,
			"bones": {
				"bone": {
					"rotation": {
						"0.0": {
							"post": [0, 0, 0],
							"lerp_mode": "catmullrom"
						},
						"1.04": {
							"post": [-5, 0, 0],
							"lerp_mode": "catmullrom"
						},
						"2.08": {
							"post": [0, 52.5, 0],
							"lerp_mode": "catmullrom"
						},
						"2.6": {
							"post": [0, 52.5, 0],
							"lerp_mode": "catmullrom"
						},
						"4.04": {
							"post": [0, -20, 0],
							"lerp_mode": "catmullrom"
						},
						"4.48": {
							"post": [0, -20, 0],
							"lerp_mode": "catmullrom"
						},
						"6.0": [0, 0, 0]
					},
					"position": {
						"0.0": {
							"post": [0, 0, 0],
							"lerp_mode": "catmullrom"
						},
						"1.04": {
							"post": [0, 0, 0],
							"lerp_mode": "catmullrom"
						},
						"2.08": {
							"post": [0, -1, 5],
							"lerp_mode": "catmullrom"
						},
						"2.6": {
							"post": [0, -1, 5],
							"lerp_mode": "catmullrom"
						},
						"4.04": {
							"post": [0, -4, -8],
							"lerp_mode": "catmullrom"
						},
						"4.48": {
							"post": [0, -4, -8],
							"lerp_mode": "catmullrom"
						},
						"6.0": [0, 0, 0]
					}
				},
				"bone2": {
					"rotation": {
						"0.0": {
							"post": [0, 0, 0],
							"lerp_mode": "catmullrom"
						},
						"1.04": {
							"post": [30, -2.5, 0],
							"lerp_mode": "catmullrom"
						},
						"2.08": {
							"post": [0, 30, -30],
							"lerp_mode": "catmullrom"
						},
						"2.6": {
							"post": [0, 32.5, -30],
							"lerp_mode": "catmullrom"
						},
						"4.04": {
							"post": [75, -20, 0],
							"lerp_mode": "catmullrom"
						},
						"4.48": {
							"post": [75, -20, 0],
							"lerp_mode": "catmullrom"
						},
						"6.0": [0, 0, 0]
					}
				},
				"bone3": {
					"rotation": {
						"0.0": {
							"post": [0, 0, 0],
							"lerp_mode": "catmullrom"
						},
						"1.04": {
							"post": [7.5, -5, 0],
							"lerp_mode": "catmullrom"
						},
						"2.08": {
							"post": [0, 27.5, -27.5],
							"lerp_mode": "catmullrom"
						},
						"2.6": {
							"post": [0, 30, -27.5],
							"lerp_mode": "catmullrom"
						},
						"4.04": {
							"post": [57.5, -20, 0],
							"lerp_mode": "catmullrom"
						},
						"4.48": {
							"post": [57.5, -20, 0],
							"lerp_mode": "catmullrom"
						},
						"6.0": [0, 0, 0]
					}
				},
				"head": {
					"rotation": {
						"0.0": {
							"post": [0, 0, 0],
							"lerp_mode": "catmullrom"
						},
						"1.04": {
							"post": [37.5, 2.5, 0],
							"lerp_mode": "catmullrom"
						},
						"2.08": {
							"post": [0, -17.5, 0],
							"lerp_mode": "catmullrom"
						},
						"2.6": {
							"post": [0, -15, 0],
							"lerp_mode": "catmullrom"
						},
						"4.04": {
							"post": [-10, -72.5, -17.5],
							"lerp_mode": "catmullrom"
						},
						"4.48": {
							"post": [-10, -72.5, -17.5],
							"lerp_mode": "catmullrom"
						},
						"6.0": [0, 0, 0]
					}
				},
				"bone8": {
					"rotation": {
						"0.0": {
							"post": [0, 0, 0],
							"lerp_mode": "catmullrom"
						},
						"1.04": {
							"post": [25, -8.75, 0],
							"lerp_mode": "catmullrom"
						},
						"2.08": {
							"post": [0, -57.5, 0],
							"lerp_mode": "catmullrom"
						},
						"2.6": {
							"post": [0, -57.5, 0],
							"lerp_mode": "catmullrom"
						},
						"4.04": {
							"post": [10, -45, 0],
							"lerp_mode": "catmullrom"
						},
						"4.48": {
							"post": [10, -45, 0],
							"lerp_mode": "catmullrom"
						},
						"6.0": [0, 0, 0]
					}
				},
				"bone10": {
					"rotation": {
						"0.0": {
							"post": [0, 0, 0],
							"lerp_mode": "catmullrom"
						},
						"1.04": {
							"post": [2.5, 11.25, 0],
							"lerp_mode": "catmullrom"
						},
						"2.08": {
							"post": [-65, -10, -25],
							"lerp_mode": "catmullrom"
						},
						"2.6": {
							"post": [-65, -10, -25],
							"lerp_mode": "catmullrom"
						},
						"3.12": {
							"post": [-22.08, 4.86, -94.58],
							"lerp_mode": "catmullrom"
						},
						"4.04": {
							"post": [-50, -45, -10],
							"lerp_mode": "catmullrom"
						},
						"4.48": {
							"post": [-50, -45, -10],
							"lerp_mode": "catmullrom"
						},
						"6.0": [0, 0, 0]
					}
				},
				"bone13": {
					"rotation": {
						"0.0": {
							"post": [0, 0, 0],
							"lerp_mode": "catmullrom"
						},
						"1.04": {
							"post": [5, 0, 0],
							"lerp_mode": "catmullrom"
						},
						"2.08": {
							"post": [50, 0, 0],
							"lerp_mode": "catmullrom"
						},
						"2.6": {
							"post": [50, 0, 0],
							"lerp_mode": "catmullrom"
						},
						"3.12": {
							"post": [85.28, -3.33, -35.14],
							"lerp_mode": "catmullrom"
						},
						"4.04": {
							"post": [120, -30, -35],
							"lerp_mode": "catmullrom"
						},
						"4.48": {
							"post": [120, -30, -35],
							"lerp_mode": "catmullrom"
						},
						"6.0": [0, 0, 0]
					}
				},
				"bone4": {
					"rotation": {
						"0.0": {
							"post": [0, 0, 0],
							"lerp_mode": "catmullrom"
						},
						"1.04": {
							"post": [-2.5, 0, 0],
							"lerp_mode": "catmullrom"
						},
						"2.08": {
							"post": [15, -52.5, 0],
							"lerp_mode": "catmullrom"
						},
						"2.6": {
							"post": [15, -52.5, 0],
							"lerp_mode": "catmullrom"
						},
						"4.04": {
							"post": [-52.5, 20, 0],
							"lerp_mode": "catmullrom"
						},
						"4.48": {
							"post": [-52.5, 20, 0],
							"lerp_mode": "catmullrom"
						},
						"6.0": [0, 0, 0]
					}
				},
				"bone5": {
					"rotation": {
						"0.0": {
							"post": [0, 0, 0],
							"lerp_mode": "catmullrom"
						},
						"1.04": {
							"post": [21.25, 0, 0],
							"lerp_mode": "catmullrom"
						},
						"2.08": {
							"post": [20, 0, 0],
							"lerp_mode": "catmullrom"
						},
						"2.6": {
							"post": [20, 0, 0],
							"lerp_mode": "catmullrom"
						},
						"4.04": {
							"post": [47.5, 0, 0],
							"lerp_mode": "catmullrom"
						},
						"4.48": {
							"post": [47.5, 0, 0],
							"lerp_mode": "catmullrom"
						},
						"6.0": [0, 0, 0]
					}
				},
				"bone6": {
					"rotation": {
						"0.0": {
							"post": [0, 0, 0],
							"lerp_mode": "catmullrom"
						},
						"1.04": {
							"post": [-2.5, 0, 0],
							"lerp_mode": "catmullrom"
						},
						"2.08": {
							"post": [-35, -52.5, 0],
							"lerp_mode": "catmullrom"
						},
						"2.6": {
							"post": [-35, -52.5, 0],
							"lerp_mode": "catmullrom"
						},
						"4.04": {
							"post": [22.5, 20, 0],
							"lerp_mode": "catmullrom"
						},
						"4.48": {
							"post": [22.5, 20, 0],
							"lerp_mode": "catmullrom"
						},
						"6.0": [0, 0, 0]
					}
				},
				"bone9": {
					"rotation": {
						"0.0": {
							"post": [0, 0, 0],
							"lerp_mode": "catmullrom"
						},
						"1.04": {
							"post": [-82.5, 0, 0],
							"lerp_mode": "catmullrom"
						},
						"2.08": {
							"post": [0, 0, 37.5],
							"lerp_mode": "catmullrom"
						},
						"2.6": {
							"post": [0, 0, 37.5],
							"lerp_mode": "catmullrom"
						},
						"4.04": {
							"post": [0, 0, 0],
							"lerp_mode": "catmullrom"
						},
						"4.48": {
							"post": [0, 0, 0],
							"lerp_mode": "catmullrom"
						},
						"6.0": [0, 0, 0]
					}
				},
				"bone11": {
					"rotation": {
						"0.0": {
							"post": [0, 0, 0],
							"lerp_mode": "catmullrom"
						},
						"1.04": {
							"post": [-67.5, 0, 0],
							"lerp_mode": "catmullrom"
						},
						"2.08": {
							"post": [-25, 0, 0],
							"lerp_mode": "catmullrom"
						},
						"2.6": {
							"post": [-25, 0, 0],
							"lerp_mode": "catmullrom"
						},
						"3.12": {
							"post": [-8.75, 0, -30],
							"lerp_mode": "catmullrom"
						},
						"4.04": {
							"post": [20, 0, 0],
							"lerp_mode": "catmullrom"
						},
						"4.48": {
							"post": [20, 0, 0],
							"lerp_mode": "catmullrom"
						},
						"6.0": [0, 0, 0]
					}
				},
				"bone7": {
					"rotation": {
						"0.0": {
							"post": [0, 0, 0],
							"lerp_mode": "catmullrom"
						},
						"1.04": {
							"post": [11.25, 0, 0],
							"lerp_mode": "catmullrom"
						},
						"2.08": {
							"post": [37.5, 0, 0],
							"lerp_mode": "catmullrom"
						},
						"2.6": {
							"post": [37.5, 0, 0],
							"lerp_mode": "catmullrom"
						},
						"4.04": {
							"post": [42.5, 0, 0],
							"lerp_mode": "catmullrom"
						},
						"4.48": {
							"post": [42.5, 0, 0],
							"lerp_mode": "catmullrom"
						},
						"6.0": [0, 0, 0]
					}
				}
			}
		}
	}
}