{
	"format_version": "1.8.0",
	"animations": {
		"animation.zombie_titan.summon": {
			"animation_length": 4.3,
			"bones": {
				"bone": {
					"rotation": {
						"0.0": {
							"post": [0, 0, 0],
							"lerp_mode": "catmullrom"
						},
						"2.0": {
							"post": [-1.33, 0, 0],
							"lerp_mode": "catmullrom"
						},
						"2.48": {
							"post": [-25, 0, 0],
							"lerp_mode": "catmullrom"
						},
						"3.64": {
							"post": [-20.77, 0, 0],
							"lerp_mode": "catmullrom"
						},
						"4.24": [0, 0, 0]
					},
					"position": {
						"0.0": {
							"post": [0, 0, 0],
							"lerp_mode": "catmullrom"
						},
						"0.52": {
							"post": [0, 0, 0],
							"lerp_mode": "catmullrom"
						},
						"1.0": {
							"post": [0, -0.32, 0.3],
							"lerp_mode": "catmullrom"
						},
						"2.0": {
							"post": [0, -1, 4],
							"lerp_mode": "catmullrom"
						},
						"2.48": {
							"post": [0, -1, -6],
							"lerp_mode": "catmullrom"
						},
						"3.64": {
							"post": [0, -1, -6],
							"lerp_mode": "catmullrom"
						},
						"4.24": [0, 0, 0]
					}
				},
				"bone2": {
					"rotation": {
						"0.0": {
							"post": [0, 0, 0],
							"lerp_mode": "catmullrom"
						},
						"1.0": {
							"post": [20, 0, 0],
							"lerp_mode": "catmullrom"
						},
						"2.0": {
							"post": [20, 20, 0],
							"lerp_mode": "catmullrom"
						},
						"2.48": {
							"post": [20, 0, 0],
							"lerp_mode": "catmullrom"
						},
						"3.64": {
							"post": [14.62, 0, 0],
							"lerp_mode": "catmullrom"
						},
						"4.24": [0, 0, 0]
					}
				},
				"bone3": {
					"rotation": {
						"0.0": {
							"post": [0, 0, 0],
							"lerp_mode": "catmullrom"
						},
						"1.0": {
							"post": [20, 0, 0],
							"lerp_mode": "catmullrom"
						},
						"2.0": {
							"post": [20, 20, 0],
							"lerp_mode": "catmullrom"
						},
						"2.48": {
							"post": [20, 0, 0],
							"lerp_mode": "catmullrom"
						},
						"3.64": {
							"post": [14.62, 0, 0],
							"lerp_mode": "catmullrom"
						},
						"4.24": [0, 0, 0]
					}
				},
				"head": {
					"rotation": {
						"0.0": {
							"post": [0, 0, 0],
							"lerp_mode": "catmullrom"
						},
						"1.0": {
							"post": [-32.5, 0, 0],
							"lerp_mode": "catmullrom"
						},
						"2.0": {
							"post": [-35, -20, 0],
							"lerp_mode": "catmullrom"
						},
						"2.48": {
							"post": [-20, 0, 0],
							"lerp_mode": "catmullrom"
						},
						"4.24": [0, 0, 0]
					}
				},
				"bone4": {
					"rotation": {
						"0.0": {
							"post": [0, 0, 0],
							"lerp_mode": "catmullrom"
						},
						"0.52": {
							"post": [0, 0, 0],
							"lerp_mode": "catmullrom"
						},
						"1.0": {
							"post": [-15, 0, 0],
							"lerp_mode": "catmullrom"
						},
						"2.0": {
							"post": [25, 0, 0],
							"lerp_mode": "catmullrom"
						},
						"2.48": {
							"post": [-20, 0, 0],
							"lerp_mode": "catmullrom"
						},
						"3.64": {
							"post": [-24.62, 0, 0],
							"lerp_mode": "catmullrom"
						},
						"4.24": [0, 0, 0]
					}
				},
				"bone5": {
					"rotation": {
						"0.0": {
							"post": [0, 0, 0],
							"lerp_mode": "catmullrom"
						},
						"0.52": {
							"post": [0, 0, 0],
							"lerp_mode": "catmullrom"
						},
						"1.0": {
							"post": [30, 0, 0],
							"lerp_mode": "catmullrom"
						},
						"2.0": {
							"post": [40, 0, 0],
							"lerp_mode": "catmullrom"
						},
						"3.64": {
							"post": [41.67, 0, 0],
							"lerp_mode": "catmullrom"
						},
						"4.24": [0, 0, 0]
					}
				},
				"bone6": {
					"rotation": {
						"0.0": {
							"post": [0, 0, 0],
							"lerp_mode": "catmullrom"
						},
						"0.52": {
							"post": [0, 0, 0],
							"lerp_mode": "catmullrom"
						},
						"1.0": {
							"post": [-15, 0, 0],
							"lerp_mode": "catmullrom"
						},
						"2.0": {
							"post": [-40, 0, 0],
							"lerp_mode": "catmullrom"
						},
						"2.48": {
							"post": [40, 0, 0],
							"lerp_mode": "catmullrom"
						},
						"3.64": {
							"post": [44.23, 0, 0],
							"lerp_mode": "catmullrom"
						},
						"4.24": [0, 0, 0]
					}
				},
				"bone7": {
					"rotation": {
						"0.0": {
							"post": [0, 0, 0],
							"lerp_mode": "catmullrom"
						},
						"0.52": {
							"post": [0, 0, 0],
							"lerp_mode": "catmullrom"
						},
						"1.0": {
							"post": [30, 0, 0],
							"lerp_mode": "catmullrom"
						},
						"2.0": {
							"post": [40, 0, 0],
							"lerp_mode": "catmullrom"
						},
						"3.64": {
							"post": [21.67, 0, 0],
							"lerp_mode": "catmullrom"
						},
						"4.24": [0, 0, 0]
					}
				},
				"bone8": {
					"rotation": {
						"0.0": {
							"post": [0, 0, 0],
							"lerp_mode": "catmullrom"
						},
						"0.52": {
							"post": [11.9, -37.5, 0],
							"lerp_mode": "catmullrom"
						},
						"1.0": {
							"post": [-30, 20, -15],
							"lerp_mode": "catmullrom"
						},
						"2.0": {
							"post": [15, 35, -15],
							"lerp_mode": "catmullrom"
						},
						"2.48": {
							"post": [-40, -57.5, -5],
							"lerp_mode": "catmullrom"
						},
						"3.64": {
							"post": [-14.23, -46.35, -1.15],
							"lerp_mode": "catmullrom"
						},
						"4.24": [0, 0, 0]
					}
				},
				"bone9": {
					"rotation": {
						"0.0": {
							"post": [0, 0, 0],
							"lerp_mode": "catmullrom"
						},
						"0.52": {
							"post": [-62.4, 0, 0],
							"lerp_mode": "catmullrom"
						},
						"0.6": {
							"post": [-33.47, 0, 0],
							"lerp_mode": "catmullrom"
						},
						"0.68": {
							"post": [-9.82, 0, 0],
							"lerp_mode": "catmullrom"
						},
						"0.76": {
							"post": [-42.32, 0, 0],
							"lerp_mode": "catmullrom"
						},
						"0.84": {
							"post": [-9.82, 0, 0],
							"lerp_mode": "catmullrom"
						},
						"0.92": {
							"post": [-42.32, 0, 0],
							"lerp_mode": "catmullrom"
						},
						"1.0": {
							"post": [-33.47, 0, 0],
							"lerp_mode": "catmullrom"
						},
						"1.08": {
							"post": [-9.82, 0, 0],
							"lerp_mode": "catmullrom"
						},
						"1.16": {
							"post": [-42.32, 0, 0],
							"lerp_mode": "catmullrom"
						},
						"1.24": {
							"post": [-9.82, 0, 0],
							"lerp_mode": "catmullrom"
						},
						"1.32": {
							"post": [-42.32, 0, 0],
							"lerp_mode": "catmullrom"
						},
						"1.4": {
							"post": [-9.82, 0, 0],
							"lerp_mode": "catmullrom"
						},
						"1.48": {
							"post": [-42.32, 0, 0],
							"lerp_mode": "catmullrom"
						},
						"1.56": {
							"post": [-9.82, 0, 0],
							"lerp_mode": "catmullrom"
						},
						"1.64": {
							"post": [-42.32, 0, 0],
							"lerp_mode": "catmullrom"
						},
						"1.72": {
							"post": [-9.82, 0, 0],
							"lerp_mode": "catmullrom"
						},
						"1.8": {
							"post": [-42.32, 0, 0],
							"lerp_mode": "catmullrom"
						},
						"1.88": {
							"post": [-9.82, 0, 0],
							"lerp_mode": "catmullrom"
						},
						"1.96": {
							"post": [-42.32, 0, 0],
							"lerp_mode": "catmullrom"
						},
						"3.64": {
							"post": [-51.52, 0, 0],
							"lerp_mode": "catmullrom"
						},
						"4.24": [0, 0, 0]
					}
				},
				"bone10": {
					"rotation": {
						"0.0": {
							"post": [0, 0, 0],
							"lerp_mode": "catmullrom"
						},
						"0.52": {
							"post": [11.9, 37.5, 0],
							"lerp_mode": "catmullrom"
						},
						"1.0": {
							"post": [-35, -20, 15],
							"lerp_mode": "catmullrom"
						},
						"2.0": {
							"post": [30, -15, 15],
							"lerp_mode": "catmullrom"
						},
						"2.48": {
							"post": [-35, 47.5, 0],
							"lerp_mode": "catmullrom"
						},
						"3.64": {
							"post": [-3.08, 42.5, 0],
							"lerp_mode": "catmullrom"
						},
						"4.24": [0, 0, 0]
					}
				},
				"bone11": {
					"rotation": {
						"0.0": {
							"post": [0, 0, 0],
							"lerp_mode": "catmullrom"
						},
						"0.52": {
							"post": [-62.4, 0, 0],
							"lerp_mode": "catmullrom"
						},
						"0.6": {
							"post": [-50, 0, 0],
							"lerp_mode": "catmullrom"
						},
						"0.68": {
							"post": [-49.82, 0, 0],
							"lerp_mode": "catmullrom"
						},
						"0.76": {
							"post": [-12.32, 0, 0],
							"lerp_mode": "catmullrom"
						},
						"0.84": {
							"post": [-49.82, 0, 0],
							"lerp_mode": "catmullrom"
						},
						"0.92": {
							"post": [-12.32, 0, 0],
							"lerp_mode": "catmullrom"
						},
						"1.0": {
							"post": [-50, 0, 0],
							"lerp_mode": "catmullrom"
						},
						"1.08": {
							"post": [-49.82, 0, 0],
							"lerp_mode": "catmullrom"
						},
						"1.16": {
							"post": [-12.32, 0, 0],
							"lerp_mode": "catmullrom"
						},
						"1.24": {
							"post": [-49.82, 0, 0],
							"lerp_mode": "catmullrom"
						},
						"1.32": {
							"post": [-12.32, 0, 0],
							"lerp_mode": "catmullrom"
						},
						"1.4": {
							"post": [-49.82, 0, 0],
							"lerp_mode": "catmullrom"
						},
						"1.48": {
							"post": [-12.32, 0, 0],
							"lerp_mode": "catmullrom"
						},
						"1.56": {
							"post": [-49.82, 0, 0],
							"lerp_mode": "catmullrom"
						},
						"1.64": {
							"post": [-12.32, 0, 0],
							"lerp_mode": "catmullrom"
						},
						"1.72": {
							"post": [-49.82, 0, 0],
							"lerp_mode": "catmullrom"
						},
						"1.8": {
							"post": [-12.32, 0, 0],
							"lerp_mode": "catmullrom"
						},
						"1.88": {
							"post": [-49.82, 0, 0],
							"lerp_mode": "catmullrom"
						},
						"1.96": {
							"post": [-12.32, 0, 0],
							"lerp_mode": "catmullrom"
						},
						"3.64": {
							"post": [-66.52, 0, 0],
							"lerp_mode": "catmullrom"
						},
						"4.24": [0, 0, 0]
					}
				},
				"bone13": {
					"rotation": {
						"0.0": {
							"post": [0, 0, 0],
							"lerp_mode": "catmullrom"
						},
						"0.52": {
							"post": [50, 0, 0],
							"lerp_mode": "catmullrom"
						},
						"1.0": {
							"post": [215, 0, 0],
							"lerp_mode": "catmullrom"
						},
						"3.64": {
							"post": [213.04, 0, 0],
							"lerp_mode": "catmullrom"
						},
						"4.24": [0, 0, 0]
					}
				}
			}
		}
	}
}