{
   "format_version": "1.10",
   "minecraft:attachable": {
      "description": {
         "identifier": "dbe:ki_blades",
         "materials": {
            "default": "entity_alphatest",
            "enchanted": "entity_alphatest_glint"
         },
         "textures": {
            "default": "textures/entity/ki_blades",
            "enchanted": "textures/misc/enchanted_item_glint"
         },
         "geometry": {
            "default": "geometry.ki_blades"
         },
         "scripts": {
            "animate": [
               "holding"
            ]
         },
         "animations": {
            "holding": "animation.player.ki_blades"
         },
         "render_controllers": [
            "controller.render.ki_scythe"
         ]
      }
   }
}