{
   "format_version": "1.10",
   "minecraft:attachable": {
      "description": {
         "identifier": "dbe:pesas_50k",
         "materials": {
            "default": "entity_alphatest",
            "enchanted": "entity_alphatest_glint"
         },
         "textures": {
            "default": "textures/models/pesas_10k",
            "enchanted": "textures/misc/enchanted_item_glint"
         },
         "geometry": {
            "default": "geometry.pesas_50k"
         },
         "scripts": {
            "animate": [
               "holding"
            ]
         },
         "animations": {
            "holding": "animation.pesas2.holding"
         },
         "render_controllers": [
            "controller.render.item_default"
         ]
      }
   }
}