{
   "format_version": "1.10.0",
   "minecraft:attachable": {
      "description": {
         "identifier": "dbe:vegeta_z_leggings.player",
         "item": {
            "dbe:vegeta_battle_leggings": "q.owner_identifier == 'minecraft:player'"
         },
         "materials": {
            "default": "armor",
            "enchanted": "armor_enchanted"
         },
         "textures": {
            "default": "textures/models/armor/vegeta_z_armor",
            "enchanted": "textures/misc/enchanted_item_glint"
         },
         "geometry": {
            "default": "geometry.dragon_evolution_armor.leggings"
         },
         "scripts": {
            "parent_setup": "v.leg_layer_visible = 0.0;",
            "pre_animation": [
               "v.oozaru = q.property('property:race') == 1 && (q.property('property:form') == 1 || q.property('property:form') == 6);"
            ],
            "animate": [
               {
                  "female_armor": "q.property('property:genre') == 1 && !v.oozaru"
               }
            ]
         },
         "animations": {
            "female_armor": "animation.dragon_ball_armor.female"
         },
         "render_controllers": [
            "controller.render.armor"
         ]
      }
   }
}