{
  "format_version": "1.8.0",
  "minecraft:spawn_rules": {
    "description": {
      "identifier": "yt:gh3",
      "population_control": "animal"
    },
    "conditions": [
      {
        "minecraft:spawns_on_surface": {},
        "minecraft:brightness_filter": {
          "min": 5,
          "max": 18,
          "adjust_for_weather": false
        },
        "minecraft:weight": {
          "default": 15
        },
        "minecraft:herd": {
          "min_size": 1,
          "max_size": 2
        },
        "minecraft:biome_filter": {
          "any_of": [
            { "test": "has_biome_tag", "operator": "==", "value": "animal" },
            { "test": "has_biome_tag", "operator": "==", "value": "monster" },
            { "test": "has_biome_tag", "operator": "==", "value": "extreme_hills" }
          ]
        }
      }
    ]
  }
}
