{
	"format_version": "1.8.0",
	"animations": {
		"animation.beef": {
			"loop": true,
			"animation_length": 2.04167,
			"bones": {
				"body": {
					"rotation": {
						"0.0": [0, 0, 0],
						"1.0": [0, 180, 0],
						"2.0417": [0, 360, 0]
					},
					"position": {
						"0.1667": [0, 2.5, 0],
						"0.3333": [0, 3.7, 0],
						"0.4583": [0, 4.65, 0],
						"0.5": [0, 4.8, 0],
						"0.5417": [0, 4.71, 0],
						"0.5833": [0, 4.37, 0],
						"0.625": [0, 4.12, 0],
						"0.75": [0, 3.27, 0],
						"0.9167": [0, 2.5, 0],
						"1.0833": [0, 1.5, 0],
						"1.25": [0, 2.5, 0],
						"1.4167": [0, 3.7, 0],
						"1.5417": [0, 4.65, 0],
						"1.5833": [0, 4.8, 0],
						"1.625": [0, 4.71, 0],
						"1.6667": [0, 4.37, 0],
						"1.7083": [0, 4.12, 0],
						"1.8333": [0, 3.27, 0],
						"2.0417": [0, 2.5, 0]
					}
				}
			}
		}
	}
}