{
	"format_version": "1.12.0",
	"minecraft:geometry": [
		{
			"description": {
				"identifier": "geometry.small_door_empty",
				"texture_width": 128,
				"texture_height": 128,
				"visible_bounds_width": 9,
				"visible_bounds_height": 9,
				"visible_bounds_offset": [0, 1.5, 0]
			},
			"bones": [
				{
					"name": "main",
					"pivot": [0, 0, 0]
				},
				{
					"name": "door",
					"parent": "main",
					"pivot": [0, 0, 0],
					"cubes": [
						{
							"origin": [-24, 0, -2],
							"size": [48, 2, 1],
							"uv": {
								"north": {"uv": [1, 67], "uv_size": [48, 2]},
								"east": {"uv": [0, 67], "uv_size": [1, 2]},
								"south": {"uv": [50, 67], "uv_size": [48, 2]},
								"west": {"uv": [49, 67], "uv_size": [1, 2]},
								"up": {"uv": [1, 66], "uv_size": [48, 1]},
								"down": {"uv": [49, 67], "uv_size": [48, -1]}
							}
						},
						{
							"origin": [-24, 6, -2],
							"size": [48, 2, 1],
							"uv": {
								"north": {"uv": [1, 67], "uv_size": [48, 2]},
								"east": {"uv": [0, 67], "uv_size": [1, 2]},
								"south": {"uv": [50, 67], "uv_size": [48, 2]},
								"west": {"uv": [49, 67], "uv_size": [1, 2]},
								"up": {"uv": [1, 66], "uv_size": [48, 1]},
								"down": {"uv": [49, 67], "uv_size": [48, -1]}
							}
						},
						{
							"origin": [-24, 12, -2],
							"size": [48, 2, 1],
							"uv": {
								"north": {"uv": [1, 67], "uv_size": [48, 2]},
								"east": {"uv": [0, 67], "uv_size": [1, 2]},
								"south": {"uv": [50, 67], "uv_size": [48, 2]},
								"west": {"uv": [49, 67], "uv_size": [1, 2]},
								"up": {"uv": [1, 66], "uv_size": [48, 1]},
								"down": {"uv": [49, 67], "uv_size": [48, -1]}
							}
						},
						{
							"origin": [-24, 18, -2],
							"size": [48, 2, 1],
							"uv": {
								"north": {"uv": [1, 67], "uv_size": [48, 2]},
								"east": {"uv": [0, 67], "uv_size": [1, 2]},
								"south": {"uv": [50, 67], "uv_size": [48, 2]},
								"west": {"uv": [49, 67], "uv_size": [1, 2]},
								"up": {"uv": [1, 66], "uv_size": [48, 1]},
								"down": {"uv": [49, 67], "uv_size": [48, -1]}
							}
						},
						{
							"origin": [-24, 24, -2],
							"size": [48, 2, 1],
							"uv": {
								"north": {"uv": [1, 67], "uv_size": [48, 2]},
								"east": {"uv": [0, 67], "uv_size": [1, 2]},
								"south": {"uv": [50, 67], "uv_size": [48, 2]},
								"west": {"uv": [49, 67], "uv_size": [1, 2]},
								"up": {"uv": [1, 66], "uv_size": [48, 1]},
								"down": {"uv": [49, 67], "uv_size": [48, -1]}
							}
						},
						{
							"origin": [-24, 30, -2],
							"size": [48, 2, 1],
							"uv": {
								"north": {"uv": [1, 67], "uv_size": [48, 2]},
								"east": {"uv": [0, 67], "uv_size": [1, 2]},
								"south": {"uv": [50, 67], "uv_size": [48, 2]},
								"west": {"uv": [49, 67], "uv_size": [1, 2]},
								"up": {"uv": [1, 66], "uv_size": [48, 1]},
								"down": {"uv": [49, 67], "uv_size": [48, -1]}
							}
						},
						{
							"origin": [-24, 36, -2],
							"size": [48, 2, 1],
							"uv": {
								"north": {"uv": [1, 67], "uv_size": [48, 2]},
								"east": {"uv": [0, 67], "uv_size": [1, 2]},
								"south": {"uv": [50, 67], "uv_size": [48, 2]},
								"west": {"uv": [49, 67], "uv_size": [1, 2]},
								"up": {"uv": [1, 66], "uv_size": [48, 1]},
								"down": {"uv": [49, 67], "uv_size": [48, -1]}
							}
						},
						{
							"origin": [-24, 42, -2],
							"size": [48, 2, 1],
							"uv": {
								"north": {"uv": [1, 67], "uv_size": [48, 2]},
								"east": {"uv": [0, 67], "uv_size": [1, 2]},
								"south": {"uv": [50, 67], "uv_size": [48, 2]},
								"west": {"uv": [49, 67], "uv_size": [1, 2]},
								"up": {"uv": [1, 66], "uv_size": [48, 1]},
								"down": {"uv": [49, 67], "uv_size": [48, -1]}
							}
						},
						{
							"origin": [-24, 48, -2],
							"size": [48, 2, 1],
							"uv": {
								"north": {"uv": [1, 67], "uv_size": [48, 2]},
								"east": {"uv": [0, 67], "uv_size": [1, 2]},
								"south": {"uv": [50, 67], "uv_size": [48, 2]},
								"west": {"uv": [49, 67], "uv_size": [1, 2]},
								"up": {"uv": [1, 66], "uv_size": [48, 1]},
								"down": {"uv": [49, 67], "uv_size": [48, -1]}
							}
						},
						{
							"origin": [-24, 54, -2],
							"size": [48, 2, 1],
							"uv": {
								"north": {"uv": [1, 67], "uv_size": [48, 2]},
								"east": {"uv": [0, 67], "uv_size": [1, 2]},
								"south": {"uv": [50, 67], "uv_size": [48, 2]},
								"west": {"uv": [49, 67], "uv_size": [1, 2]},
								"up": {"uv": [1, 66], "uv_size": [48, 1]},
								"down": {"uv": [49, 67], "uv_size": [48, -1]}
							}
						},
						{
							"origin": [-24, 60, -2],
							"size": [48, 2, 1],
							"uv": {
								"north": {"uv": [1, 67], "uv_size": [48, 2]},
								"east": {"uv": [0, 67], "uv_size": [1, 2]},
								"south": {"uv": [50, 67], "uv_size": [48, 2]},
								"west": {"uv": [49, 67], "uv_size": [1, 2]},
								"up": {"uv": [1, 66], "uv_size": [48, 1]},
								"down": {"uv": [49, 67], "uv_size": [48, -1]}
							}
						}
					]
				},
				{
					"name": "body",
					"parent": "door",
					"pivot": [0, 0, 0],
					"cubes": [
						{
							"origin": [-24, 0, -1],
							"size": [48, 64, 2],
							"uv": {
								"north": {"uv": [2, 2], "uv_size": [48, 64]},
								"east": {"uv": [0, 2], "uv_size": [2, 64]},
								"south": {"uv": [52, 2], "uv_size": [48, 64]},
								"west": {"uv": [50, 2], "uv_size": [2, 64]},
								"up": {"uv": [2, 0], "uv_size": [48, 2]},
								"down": {"uv": [50, 2], "uv_size": [48, -2]}
							}
						}
					]
				},
				{
					"name": "door2",
					"parent": "door",
					"pivot": [0, 0, 3],
					"cubes": [
						{
							"origin": [-24, 0, 1],
							"size": [48, 2, 1],
							"uv": {
								"north": {"uv": [1, 67], "uv_size": [48, 2]},
								"east": {"uv": [0, 67], "uv_size": [1, 2]},
								"south": {"uv": [50, 67], "uv_size": [48, 2]},
								"west": {"uv": [49, 67], "uv_size": [1, 2]},
								"up": {"uv": [1, 66], "uv_size": [48, 1]},
								"down": {"uv": [49, 67], "uv_size": [48, -1]}
							}
						},
						{
							"origin": [-24, 6, 1],
							"size": [48, 2, 1],
							"uv": {
								"north": {"uv": [1, 67], "uv_size": [48, 2]},
								"east": {"uv": [0, 67], "uv_size": [1, 2]},
								"south": {"uv": [50, 67], "uv_size": [48, 2]},
								"west": {"uv": [49, 67], "uv_size": [1, 2]},
								"up": {"uv": [1, 66], "uv_size": [48, 1]},
								"down": {"uv": [49, 67], "uv_size": [48, -1]}
							}
						},
						{
							"origin": [-24, 12, 1],
							"size": [48, 2, 1],
							"uv": {
								"north": {"uv": [1, 67], "uv_size": [48, 2]},
								"east": {"uv": [0, 67], "uv_size": [1, 2]},
								"south": {"uv": [50, 67], "uv_size": [48, 2]},
								"west": {"uv": [49, 67], "uv_size": [1, 2]},
								"up": {"uv": [1, 66], "uv_size": [48, 1]},
								"down": {"uv": [49, 67], "uv_size": [48, -1]}
							}
						},
						{
							"origin": [-24, 18, 1],
							"size": [48, 2, 1],
							"uv": {
								"north": {"uv": [1, 67], "uv_size": [48, 2]},
								"east": {"uv": [0, 67], "uv_size": [1, 2]},
								"south": {"uv": [50, 67], "uv_size": [48, 2]},
								"west": {"uv": [49, 67], "uv_size": [1, 2]},
								"up": {"uv": [1, 66], "uv_size": [48, 1]},
								"down": {"uv": [49, 67], "uv_size": [48, -1]}
							}
						},
						{
							"origin": [-24, 24, 1],
							"size": [48, 2, 1],
							"uv": {
								"north": {"uv": [1, 67], "uv_size": [48, 2]},
								"east": {"uv": [0, 67], "uv_size": [1, 2]},
								"south": {"uv": [50, 67], "uv_size": [48, 2]},
								"west": {"uv": [49, 67], "uv_size": [1, 2]},
								"up": {"uv": [1, 66], "uv_size": [48, 1]},
								"down": {"uv": [49, 67], "uv_size": [48, -1]}
							}
						},
						{
							"origin": [-24, 30, 1],
							"size": [48, 2, 1],
							"uv": {
								"north": {"uv": [1, 67], "uv_size": [48, 2]},
								"east": {"uv": [0, 67], "uv_size": [1, 2]},
								"south": {"uv": [50, 67], "uv_size": [48, 2]},
								"west": {"uv": [49, 67], "uv_size": [1, 2]},
								"up": {"uv": [1, 66], "uv_size": [48, 1]},
								"down": {"uv": [49, 67], "uv_size": [48, -1]}
							}
						},
						{
							"origin": [-24, 36, 1],
							"size": [48, 2, 1],
							"uv": {
								"north": {"uv": [1, 67], "uv_size": [48, 2]},
								"east": {"uv": [0, 67], "uv_size": [1, 2]},
								"south": {"uv": [50, 67], "uv_size": [48, 2]},
								"west": {"uv": [49, 67], "uv_size": [1, 2]},
								"up": {"uv": [1, 66], "uv_size": [48, 1]},
								"down": {"uv": [49, 67], "uv_size": [48, -1]}
							}
						},
						{
							"origin": [-24, 42, 1],
							"size": [48, 2, 1],
							"uv": {
								"north": {"uv": [1, 67], "uv_size": [48, 2]},
								"east": {"uv": [0, 67], "uv_size": [1, 2]},
								"south": {"uv": [50, 67], "uv_size": [48, 2]},
								"west": {"uv": [49, 67], "uv_size": [1, 2]},
								"up": {"uv": [1, 66], "uv_size": [48, 1]},
								"down": {"uv": [49, 67], "uv_size": [48, -1]}
							}
						},
						{
							"origin": [-24, 48, 1],
							"size": [48, 2, 1],
							"uv": {
								"north": {"uv": [1, 67], "uv_size": [48, 2]},
								"east": {"uv": [0, 67], "uv_size": [1, 2]},
								"south": {"uv": [50, 67], "uv_size": [48, 2]},
								"west": {"uv": [49, 67], "uv_size": [1, 2]},
								"up": {"uv": [1, 66], "uv_size": [48, 1]},
								"down": {"uv": [49, 67], "uv_size": [48, -1]}
							}
						},
						{
							"origin": [-24, 54, 1],
							"size": [48, 2, 1],
							"uv": {
								"north": {"uv": [1, 67], "uv_size": [48, 2]},
								"east": {"uv": [0, 67], "uv_size": [1, 2]},
								"south": {"uv": [50, 67], "uv_size": [48, 2]},
								"west": {"uv": [49, 67], "uv_size": [1, 2]},
								"up": {"uv": [1, 66], "uv_size": [48, 1]},
								"down": {"uv": [49, 67], "uv_size": [48, -1]}
							}
						},
						{
							"origin": [-24, 60, 1],
							"size": [48, 2, 1],
							"uv": {
								"north": {"uv": [1, 67], "uv_size": [48, 2]},
								"east": {"uv": [0, 67], "uv_size": [1, 2]},
								"south": {"uv": [50, 67], "uv_size": [48, 2]},
								"west": {"uv": [49, 67], "uv_size": [1, 2]},
								"up": {"uv": [1, 66], "uv_size": [48, 1]},
								"down": {"uv": [49, 67], "uv_size": [48, -1]}
							}
						}
					]
				}
			]
		}
	]
}