{
	"format_version": "1.12.0",
	"minecraft:geometry": [
		{
			"description": {
				"identifier": "geometry.vent_door_both",
				"texture_width": 128,
				"texture_height": 128,
				"visible_bounds_width": 5,
				"visible_bounds_height": 7,
				"visible_bounds_offset": [0, 0.5, 0]
			},
			"bones": [
				{
					"name": "root",
					"pivot": [0, 0, 0]
				},
				{
					"name": "main",
					"parent": "root",
					"pivot": [0, 0, 0],
					"cubes": [
						{"origin": [-8, 0, -2], "size": [16, 2, 4], "uv": [36, 0]},
						{"origin": [-8, 31, -2], "size": [16, 1, 4], "uv": [0, 32]},
						{"origin": [-8, 1, -1], "size": [16, 30, 2], "uv": [0, 0]}
					]
				},
				{
					"name": "scanner",
					"parent": "root",
					"pivot": [0, -33, 0]
				},
				{
					"name": "base",
					"parent": "scanner",
					"pivot": [-13, -32, 0],
					"cubes": [
						{"origin": [-19.5, 36, -11], "size": [13, 14, 3], "uv": [1, 88]}
					]
				},
				{
					"name": "block1",
					"parent": "base",
					"pivot": [-7.54267, 48.5, -10.45543],
					"cubes": [
						{"origin": [-18.5, 48, -12], "size": [11, 1, 1], "uv": [64, 82]}
					]
				},
				{
					"name": "base2",
					"parent": "scanner",
					"pivot": [13, -32, 0],
					"cubes": [
						{"origin": [6.5, 36, -11], "size": [13, 14, 3], "uv": [0, 67]}
					]
				},
				{
					"name": "block4",
					"parent": "base2",
					"pivot": [18.45733, 48.5, -10.45543],
					"cubes": [
						{"origin": [7.5, 48, -12], "size": [11, 1, 1], "uv": [54, 56]}
					]
				}
			]
		}
	]
}