{
  "format_version": "1.10.0",
  "animation_controllers": {
    "controller.animation.green": {
      "initial_state": "default",
      "states": {
        "default": {
          "variables": {
            "walk": {
              "input": "query.modified_move_speed",
              "remap_curve": {
                "0.0": 0,
                "0.27": 1
              }
            },
            "idle": {
              "input": "query.modified_move_speed",
              "remap_curve": {
                "0.27": 0,
                "0.0": 1
              }
            }
          },
          "animations": [
            {
              "idle_mouth": "variable.idle"
            },
            {
              "walk": "variable.walk"
            }
          ],
          "transitions": [
            {
              "jum": "query.has_rider && !query.is_stunned"
            }
          ],
          "blend_transition": 0.2
        },
        "jum": {
          "animations": [
            "jum"
          ],
          "transitions": [
            {
              "default": "!query.has_rider"
            }
          ],
          "blend_transition": 0.2
        }
      }
    }
  }
}