{
   "format_version": "1.10.0",
   "minecraft:client_entity": {
      "description": {
         "identifier": "dbe:saibaman_1",
         "materials": {
            "default": "entity_emissive_alpha"
         },
         "textures": {
            "default": "textures/entity/enemies/saibaman/saibaman_1"
         },
         "geometry": {
            "default": "geometry.saibaman"
         },
         "scripts": {
            "pre_animation": [
               "v.attack_body_rot_y = Math.sin(360*Math.sqrt(v.attack_time)) * 5.0;",
               "v.tcos0 = (math.cos(q.modified_distance_moved * 38.17) * q.modified_move_speed / v.gliding_speed_value) * 57.3;"
            ],
            "animate": [
               "root"
            ]
         },
         "animations": {
            "root": "controller.animation.saibaman.root",
            "attack.positions": "animation.player.attack.positions",
            "attack.rotations": "animation.player.attack.rotations",
            "bob": "animation.player.bob",
            "damage_nearby_mobs": "animation.humanoid.damage_nearby_mobs",
            "look_at_target": "animation.humanoid.look_at_target.default",
            "move.arms": "animation.player.move.arms",
            "move.legs": "animation.player.move.legs",
            "spawn": "animation.saibaman.spawn"
         },
         "render_controllers": [
            "controller.render.default"
         ]
      }
   }
}