{
	"format_version": "1.8.0",
	"animations": {
		"animation.cer.bob": {
			"loop": true,
			"animation_length": 16,
			"bones": {
				"bone3": {
					"rotation": {
						"0.0": [7.5, 0, 0],
						"2.0": [12.5, 0, 0],
						"2.5": [-1.25, 0, 0],
						"4.5": [-1.25, 0, 0],
						"5.4167": [7.5, 0, 0],
						"6.0": [12.5, 0, 0],
						"8.0": [7.5, 0, 0],
						"10.0": [12.5, 0, 0],
						"12.0": [7.5, 0, 0],
						"14.0": [12.5, 0, 0],
						"16.0": [7.52444, 0.18042, -0.30234]
					}
				},
				"Dasi": {
					"rotation": {
						"0.0": [-10, 0, 0],
						"0.25": [-20, 0, 0],
						"0.75": [-27.5, 0, 0],
						"1.25": [-9.83785, 1.55489, -0.13935],
						"1.5": [-5, 0, 0],
						"1.75": [-10, 0, 0],
						"2.0": [-10, 0, 0],
						"2.75": [0, 0, 0],
						"3.25": [-2.22222, 0, 0],
						"3.75": [-4.44023, -0.19367, -2.49249],
						"4.25": [-6.64907, 0.46375, 3.4708],
						"5.0": [-4.00804, -1.50656, -5.12493],
						"5.25": [-20, 0, 0],
						"5.75": [-27.5, 0, 0],
						"6.25": [-9.83785, 1.55489, -0.13935],
						"6.5": [-5, 0, 0],
						"6.75": [-10, 0, 0],
						"11.0": [-10, 0, 0],
						"11.25": [-20, 0, 0],
						"11.75": [-27.5, 0, 0],
						"12.25": [-9.83785, 1.55489, -0.13935],
						"12.5": [-5, 0, 0],
						"12.75": [-10, 0, 0],
						"13.5": [-10, 0, 0],
						"13.75": [-20, 0, 0],
						"14.25": [-27.5, 0, 0],
						"14.75": [-9.83785, 1.55489, -0.13935],
						"15.0": [-5, 0, 0],
						"15.25": [-10, 0, 0]
					}
				},
				"bone6": {
					"rotation": {
						"0.0": [0, 0, 0],
						"0.25": [19.34829, -3.66025, 1.25492],
						"0.875": [-13.15171, -3.66025, 1.25492],
						"1.25": [-15.65171, -3.66025, 1.25492],
						"1.5": [-0.65171, -3.66025, 1.25492],
						"1.75": [-5.32586, -1.83012, 0.62746],
						"2.0": [0, 0, 0],
						"3.25": [0, 0, 0],
						"3.75": [0, 0, 5],
						"4.25": [0, 0, -4.5],
						"5.0": [-8.39031, -0.95762, 12.1947],
						"5.25": [19.34829, -3.66025, 1.25492],
						"5.875": [-13.15171, -3.66025, 1.25492],
						"6.25": [-15.65171, -3.66025, 1.25492],
						"6.5": [-0.65171, -3.66025, 1.25492],
						"6.75": [-5.32586, -1.83012, 0.62746],
						"7.0": [0, 0, 0],
						"11.0": [0, 0, 0],
						"11.25": [19.34829, -3.66025, 1.25492],
						"11.875": [-13.15171, -3.66025, 1.25492],
						"12.25": [-15.65171, -3.66025, 1.25492],
						"12.5": [-0.65171, -3.66025, 1.25492],
						"12.75": [-5.32586, -1.83012, 0.62746],
						"13.0": [0, 0, 0],
						"13.5": [0, 0, 0],
						"13.75": [19.34829, -3.66025, 1.25492],
						"14.375": [-13.15171, -3.66025, 1.25492],
						"14.75": [-15.65171, -3.66025, 1.25492],
						"15.0": [-0.65171, -3.66025, 1.25492],
						"15.25": [-5.32586, -1.83012, 0.62746],
						"15.5": [0, 0, 0]
					}
				},
				"bone7": {
					"rotation": {
						"0.0": [0, 0, 0],
						"0.4167": [15, 0, 0],
						"0.7917": [-5, 0, 0],
						"1.25": [-17.5, 0, 0],
						"1.5": [7.5, 0, 0],
						"1.75": [-10, 0, 0],
						"2.0": [0, 0, 0],
						"5.0": [0, 0, 0],
						"5.4167": [15, 0, 0],
						"5.7917": [-5, 0, 0],
						"6.25": [-17.5, 0, 0],
						"6.5": [7.5, 0, 0],
						"6.75": [-10, 0, 0],
						"7.0": [0, 0, 0],
						"11.0": [0, 0, 0],
						"11.4167": [15, 0, 0],
						"11.7917": [-5, 0, 0],
						"12.25": [-17.5, 0, 0],
						"12.5": [7.5, 0, 0],
						"12.75": [-10, 0, 0],
						"13.0": [0, 0, 0],
						"13.5": [0, 0, 0],
						"13.9167": [15, 0, 0],
						"14.2917": [-5, 0, 0],
						"14.75": [-17.5, 0, 0],
						"15.0": [7.5, 0, 0],
						"15.25": [-10, 0, 0],
						"15.5": [0, 0, 0]
					}
				},
				"Tangan": {
					"rotation": {
						"0.0": [-7.5, 0, 0],
						"2.0": [-12.5, 0, 0],
						"2.5": [1.25, 0, 0],
						"4.5": [1.25, 0, 0],
						"5.4167": [-7.5, 0, 0],
						"6.0": [-12.5, 0, 0],
						"8.0": [-7.5, 0, 0],
						"10.0": [-12.5, 0, 0],
						"12.0": [-7.5, 0, 0],
						"14.0": [-12.5, 0, 0],
						"16.0": [-7.5, 0, 0]
					}
				},
				"Tangan2": {
					"rotation": {
						"0.0": [-7.5, 0, 0],
						"2.0": [-12.5, 0, 0],
						"2.5": [1.25, 0, 0],
						"4.5": [1.25, 0, 0],
						"5.4167": [-7.5, 0, 0],
						"6.0": [-12.5, 0, 0],
						"8.0": [-7.5, 0, 0],
						"10.0": [-12.5, 0, 0],
						"12.0": [-7.5, 0, 0],
						"14.0": [-12.5, 0, 0],
						"16.0": [-7.5, 0, 0]
					}
				},
				"Head": {
					"rotation": {
						"2.25": [0, 0, 0],
						"3.0": [0, 25, 0],
						"3.5": [0, 30, 0],
						"4.25": [0, -45, 0],
						"4.75": [0, -50, 0],
						"5.5": [0, 0, 0]
					}
				}
			}
		},
		"animation.cer.walk": {
			"loop": true,
			"animation_length": 3,
			"bones": {
				"Paha": {
					"position": {
						"0.0": [0, 0, 0],
						"0.5": [0, 0, 0],
						"1.0": [0, 2, 0],
						"1.25": [0, 1.5, 0],
						"1.5": [0, -1, 0],
						"2.0": [0, 0, 0],
						"2.5": [0, 2, 0],
						"2.75": [0, 2, 0],
						"3.0": [0, 0, 0]
					}
				},
				"RightLeg": {
					"rotation": {
						"0.0": [-15, 0, 0],
						"1.5": [20, 0, 0],
						"3.0": [-15, 0, 0]
					}
				},
				"bone5": {
					"rotation": {
						"0.0": [1.25, 0, 0],
						"1.0": [0, 0, 0],
						"1.5": [17.5, 0, 0],
						"2.5": [22.5, 0, 0],
						"3.0": [1.25, 0, 0]
					}
				},
				"LeftLeg": {
					"rotation": {
						"0.0": [17.5, 0, 0],
						"1.5": [-15, 0, 0],
						"3.0": [17.5, 0, 0]
					}
				},
				"bone4": {
					"rotation": {
						"0.0": [22.5, 0, 0],
						"1.0": [27.5, 0, 0],
						"1.5": [2.5, 0, 0],
						"2.5": [2.5, 0, 0],
						"3.0": [22.5, 0, 0]
					}
				},
				"Tangan": {
					"rotation": {
						"0.0": [0, 0, 2.5],
						"1.5": [0, 0, -2.5],
						"3.0": [0, 0, 2.5]
					}
				},
				"Tangan2": {
					"rotation": {
						"0.0": [0, 0, 2.5],
						"1.5": [0, 0, -2.5],
						"3.0": [0, 0, 2.5]
					}
				}
			}
		},
		"animation.cer.attack": {
			"animation_length": 1,
			"bones": {
				"bone3": {
					"rotation": {
						"0.0": [0, 0, 0],
						"0.25": [0, 25, 0],
						"0.5": [0, 30, 0],
						"0.75": [20.6469, -14.0761, -5.23619],
						"1.0": [0, 0, 0]
					}
				},
				"Tangan": {
					"rotation": {
						"0.0": [0, 0, 0],
						"0.25": [25, 0, 90],
						"0.5": [25, 0, 90],
						"0.75": [-112.86119, -40.78947, 110.94102],
						"0.875": [-20.08975, -36.10062, 12.60215],
						"1.0": [0, 0, 0]
					}
				},
				"bone8": {
					"rotation": {
						"0.0": [0, 0, 0],
						"0.25": [-62.5, 0, 0],
						"0.5": [0, 0, 0],
						"0.75": [-62.5, 0, 0],
						"1.0": [0, 0, 0]
					}
				},
				"Jar6": {
					"rotation": {
						"0.0": [0, 0, 0],
						"0.25": [13.48683, -24.27531, -92.11405]
					}
				},
				"Jar7": {
					"rotation": {
						"0.0": [0, 0, 0],
						"0.25": [90, 0, -2.5]
					}
				},
				"Jar8": {
					"rotation": {
						"0.0": [0, 0, 0],
						"0.25": [0, 0, -87.5]
					}
				},
				"Jar5": {
					"rotation": {
						"0.0": [0, 0, 0],
						"0.25": [0, 0, -92.5]
					}
				},
				"Jar10": {
					"rotation": {
						"0.0": [0, 0, 0],
						"0.25": [0, 0, -87.5]
					}
				},
				"Tangan2": {
					"rotation": {
						"0.0": [0, 0, 0],
						"0.25": [0, 0, -12.5],
						"0.5": [0, 0, -12.5],
						"0.75": [20, 0, -12.5],
						"1.0": [0, 0, 0]
					}
				},
				"bone2": {
					"rotation": {
						"0.0": [0, 0, 0],
						"0.25": [-12.5, 0, 0],
						"0.5": [-12.5, 0, 0],
						"0.75": [-35, 0, 0],
						"1.0": [0, 0, 0]
					}
				}
			}
		}
	}
}