{
	"format_version": "1.8.0",
	"animations": {
		"animation.cab.bob": {
			"loop": true,
			"animation_length": 20,
			"bones": {
				"bone5": {
					"rotation": {
						"0.0": [0, 0, 0],
						"1.0": [2.5, 0, 0],
						"2.0": [0, 0, 0],
						"3.0": [2.5, 0, 0],
						"4.0": [0, 0, 0],
						"5.0": [2.5, 0, 0],
						"6.0": [0, 0, 0],
						"7.0": [2.5, 0, 0],
						"8.0": [0, 0, 0],
						"9.0": [2.5, 0, 0],
						"10.0": [0, 0, 0],
						"11.0": [2.5, 0, 0],
						"12.0": [0, 0, 0],
						"13.0": [2.34818, -0.25924, 0.81259],
						"14.0": [-0.15182, -0.25924, 0.81259],
						"15.0": [2.34818, -0.25924, 0.81259],
						"16.0": [0, 0, 0],
						"17.0": [2.5, 0, 0],
						"18.0": [0, 0, 0],
						"19.0": [2.41739, -0.31788, 0.5458],
						"20.0": [-0.08261, -0.31788, 0.5458]
					}
				},
				"Tangan2": {
					"rotation": {
						"0.0": [0, 0, 2.5],
						"2.0": [0, 0, 2.5],
						"4.0": [0, 0, 2.5],
						"6.0": [0, 0, 2.5],
						"8.0": [0, 0, 2.5],
						"8.0833": [0.82869, 0.33959, -4.91674],
						"8.3333": [0.89456, -0.04243, 20.08048],
						"8.5": [0.89186, -0.08141, 22.58017],
						"8.75": [2.16504, -0.26246, 15.18727],
						"9.25": [2.15154, -0.35663, 17.68553],
						"10.0": [0, 0, 2.5]
					}
				},
				"bone": {
					"rotation": {
						"0.0": [0, 0, 0],
						"1.0": [-5, 0, 0],
						"2.0": [0, 0, 0],
						"3.0": [-5, 0, 0],
						"4.0": [0, 0, 0],
						"5.0": [-5, 0, 0],
						"6.0": [0, 0, 0],
						"7.0": [-5, 0, 0],
						"8.0": [0, 0, 0],
						"9.0": [-5, 0, 0],
						"10.0": [0, 0, 0]
					}
				},
				"Tangan": {
					"rotation": {
						"0.0": [-0.14397, -0.21775, -2.48606],
						"2.0": [-0.14397, -0.21775, -2.48606],
						"4.0": [-0.14397, -0.21775, -2.48606],
						"6.0": [-0.14397, -0.21775, -2.48606],
						"8.0": [-0.14397, -0.21775, -2.48606],
						"8.0833": [-1.41658, -0.64644, 4.90251],
						"8.3333": [-1.11011, -1.09192, -15.0949],
						"8.5": [-0.73584, -0.87062, -17.56322],
						"8.75": [-0.80891, -0.80318, -12.56315],
						"9.25": [-0.77311, -0.8377, -15.06316],
						"10.0": [-0.14397, -0.21775, -2.48606]
					}
				},
				"bone2": {
					"rotation": {
						"0.0": [0, 0, 0],
						"1.0": [-5, 0, 0],
						"2.0": [0, 0, 0],
						"3.0": [-5, 0, 0],
						"4.0": [0, 0, 0],
						"5.0": [-5, 0, 0],
						"6.0": [0, 0, 0],
						"7.0": [-5, 0, 0],
						"8.0": [0, 0, 0],
						"9.0": [-5, 0, 0],
						"10.0": [0, 0, 0]
					}
				},
				"RightLeg": {
					"rotation": {
						"0.0": [0, 0, 2.5],
						"2.0": [0, 0, 2.5],
						"4.0": [0, 0, 2.5],
						"6.0": [0, 0, 2.5],
						"8.0": [0, 0, 2.5],
						"8.5": [-47.5, 0, 2.5],
						"9.5": [-47.5, 0, 2.5],
						"10.0": [0, 0, 2.5]
					}
				},
				"LeftLeg": {
					"rotation": {
						"0.0": [0, 0, -2.5],
						"2.0": [0, 0, -2.5],
						"4.0": [0, 0, -2.5],
						"6.0": [0, 0, -2.5],
						"8.0": [0, 0, -2.5],
						"8.5": [7.2029, 1.88448, -3.29623],
						"9.5": [7.2029, 1.88448, -3.29623],
						"10.0": [0, 0, -2.5]
					}
				},
				"bone6": {
					"position": [0, 0, -1],
					"scale": 0.4
				},
				"Api": {
					"position": {
						"0.0": [0, 11, 0],
						"8.0": [0, 11, 0],
						"8.0833": [0, 0, 0],
						"8.1667": [0, 11, 0],
						"8.25": [0, 0, 0],
						"8.3333": [0, 11, 0],
						"8.4167": [0, 0, 0],
						"8.5": [0, 11, 0],
						"8.5833": [0, 0, 0],
						"8.6667": [0, 11, 0],
						"8.75": [0, 0, 0],
						"8.8333": [0, 11, 0],
						"8.9167": [0, 0, 0],
						"9.0": [0, 11, 0],
						"9.0833": [0, 1, 0],
						"9.1667": [0, 10, 0],
						"9.25": [0, 0, 0],
						"9.3333": [0, 11, 0],
						"9.4167": [0, 0, 0],
						"9.5": [0, 11, 0],
						"9.5833": [0, 0, 0],
						"9.6667": [0, 11, 0],
						"9.75": [0, 0, 0],
						"9.8333": [0, 11, 0],
						"9.9167": [0, 0, 0],
						"10.0": [0, 11, 0],
						"10.0833": [0, 0, 0],
						"10.1667": [0, 11, 0],
						"10.25": [0, 0, 0],
						"10.3333": [0, 11, 0],
						"10.4167": [0, 0, 0],
						"10.5": [0, 11, 0],
						"10.5833": [0, 0, 0],
						"10.6667": [0, 11, 0],
						"10.75": [0, 0, 0],
						"10.8333": [0, 11, 0],
						"10.9167": [0, 0, 0]
					},
					"scale": {
						"8.0": [1, 1, 1],
						"8.0833": [1, 6.3, 1],
						"8.1667": [1, 4.4, 1],
						"8.25": [1, 4, 1],
						"9.25": [1, 4, 1],
						"10.9167": [1, 0, 1]
					}
				},
				"Api3": {
					"position": {
						"0.0": [0, 11, 0],
						"8.0833": [0, 11, 0],
						"8.1667": [0, 0, 0],
						"8.25": [0, 11, 0],
						"8.3333": [0, 0, 0],
						"8.4167": [0, 11, 0]
					}
				},
				"Head": {
					"rotation": {
						"4.0": [0, 0, 0],
						"4.5": [0, 40, 0],
						"5.0": [0, 45, 0],
						"6.0": [0, -45, 0],
						"6.5": [0, -50, 0],
						"7.0": [0, 0, 0]
					}
				},
				"Body": {
					"position": {
						"8.0": [0, 0, 0],
						"8.0833": [0, 12, 0],
						"8.5": [0, 23, 0],
						"9.0": [0, 28, 0],
						"9.5": [0, 27, 0],
						"10.5": [0, 10, 0],
						"11.0": [0, 0, 0]
					}
				},
				"bone3": {
					"rotation": {
						"8.0": [0, 0, 0],
						"8.5": [65, 0, 0],
						"9.5": [65, 0, 0],
						"10.0": [0, 0, 0]
					}
				},
				"bone4": {
					"rotation": [0, 0, -2.5]
				},
				"Sedotan": {
					"position": {
						"8.1667": [0, 0, 0],
						"8.4167": [-14, 7, 0],
						"9.4167": [-14, 7, 0],
						"10.0": [0, 0, 0]
					}
				},
				"Sedotan2": {
					"position": {
						"8.1667": [0, 0, 0],
						"8.4167": [8, 6, 0],
						"9.4167": [8, 6, 0],
						"10.0": [0, 0, 0]
					}
				}
			}
		},
		"animation.cab.walk": {
			"loop": true,
			"animation_length": 9,
			"bones": {
				"RightLeg": {
					"rotation": {
						"0.0": [22.5, 0, 0],
						"1.5": [-22.5, 0, 0],
						"3.0": [22.5, 0, 0],
						"4.5": [-22.5, 0, 0],
						"6.0": [22.5, 0, 0],
						"7.5": [-22.5, 0, 0],
						"9.0": [22.5, 0, 0]
					}
				},
				"LeftLeg": {
					"rotation": {
						"0.0": [-15, 0, 0],
						"1.5": [22.5, 0, 0],
						"3.0": [-15, 0, 0],
						"4.5": [22.5, 0, 0],
						"6.0": [-15, 0, 0],
						"7.5": [22.5, 0, 0],
						"9.0": [-15, 0, 0]
					}
				},
				"bone3": {
					"rotation": {
						"0.0": [10, 0, 0],
						"1.0": [10, 0, 0],
						"1.5": [-2.79632, -1.68883, -0.24175],
						"2.5": [-2.79632, -1.68883, -0.24175],
						"3.0": [10, 0, 0],
						"4.0": [10, 0, 0],
						"4.5": [-2.79632, -1.68883, -0.24175],
						"5.5": [-2.79632, -1.68883, -0.24175],
						"6.0": [10, 0, 0],
						"7.0": [10, 0, 0],
						"7.5": [-2.79632, -1.68883, -0.24175],
						"8.5": [-2.79632, -1.68883, -0.24175],
						"9.0": [10, 0, 0]
					}
				},
				"bone4": {
					"rotation": {
						"0.0": [0, 0, 0],
						"1.0": [-2.5, 0, 0],
						"1.5": [10, 0, 0],
						"2.5": [27.5, 0, 0],
						"3.0": [0, 0, 0],
						"4.0": [-2.5, 0, 0],
						"4.5": [10, 0, 0],
						"5.5": [27.5, 0, 0],
						"6.0": [0, 0, 0],
						"7.0": [-2.5, 0, 0],
						"7.5": [10, 0, 0],
						"8.5": [27.5, 0, 0],
						"9.0": [-2.5, 0, 0]
					}
				}
			}
		},
		"animation.cab.look_at_target_default": {
			"loop": true,
			"animation_length": 17.54167,
			"bones": {
				"Tangan2": {
					"rotation": {
						"0.0": [0, 0, 0],
						"0.5": [-230, 0, 0],
						"1.5": [0, 0, 17.5],
						"8.5": [-2.5, 0, 20],
						"14.5": [-2.5, 0, 20],
						"15.0": [-230, 0, 0],
						"15.5": [0, 0, 0]
					}
				},
				"bone": {
					"rotation": {
						"0.0": [0, 0, 0],
						"0.5": [-148.09249, -17.25849, 18.19356],
						"1.5": [-20, 0, 0]
					}
				},
				"Tangan": {
					"rotation": {
						"0.0": [0, 0, 0],
						"0.5": [-225, 0, 0],
						"1.5": [0, 0, -15],
						"14.5": [0, 0, -17.5],
						"15.0": [-225, 0, 0],
						"15.5": [0, 0, 0]
					}
				},
				"bone2": {
					"rotation": {
						"0.0": [0, 0, 0],
						"0.5": [-147.40169, 14.92762, -16.959],
						"1.5": [-20, 0, 0]
					}
				},
				"Sedotan": {
					"rotation": {
						"0.0": [0, 0, 0],
						"0.5": [0, 0, 0],
						"0.8333": [17.5, 0, 10],
						"1.0417": [118.40052, 9.57658, 49.02504],
						"1.2917": [182.48434, -6.40119, 24.72463],
						"1.5": [325.75383, -10.76208, 54.71593],
						"14.5": [325.75383, -10.76208, 54.71593],
						"15.0": [0, 0, 0]
					},
					"position": {
						"0.5": [0, 0, 0],
						"0.8333": [-4, 33, -3],
						"0.9583": [-6.6, 42.6, -17.4],
						"1.0417": [-5, 49, -27],
						"1.2917": [-17, 18, -54],
						"1.5": [-33, -30, -28],
						"14.5": [-33, -30, -28],
						"14.625": [-18.75, -0.5, -73],
						"14.8333": [-10.33, 63.78, -16.44],
						"15.0": [0, 0, 0]
					}
				},
				"Sedotan2": {
					"rotation": {
						"0.0": [0, 0, 0],
						"0.5": [0, 0, 0],
						"0.75": [12.5, 0, 0],
						"1.0": [87.49254, 3.01147, -22.30033],
						"1.25": [172.16622, 2.00897, -29.74027],
						"1.5": [333.28203, 3.98512, -54.70363],
						"14.5": [333.28203, 3.98512, -54.70363],
						"15.0": [0, 0, 0]
					},
					"position": {
						"0.5": [0, 0, 0],
						"0.75": [0, 27, -1],
						"1.0": [10, 44, -22],
						"1.25": [14, 25, -45],
						"1.5": [31, -29, -26],
						"14.5": [31, -29, -26],
						"14.625": [17.25, -4.75, -72.75],
						"14.8333": [7.67, 67.89, -16.33],
						"15.0": [0, 0, 0]
					}
				}
			}
		},
		"animation.cab.attack": {
			"animation_length": 0.95833,
			"bones": {
				"Tangan2": {
					"rotation": {
						"0.0": [0, 0, 0],
						"0.25": [-21.88151, -28.02432, 5.52368],
						"0.375": [-21.88151, -28.02432, 5.52368],
						"0.5": [9.1587, -23.55922, 16.0488],
						"0.6667": [9.1587, -23.55922, 16.0488],
						"0.9583": [0, 0, 0]
					}
				},
				"bone": {
					"rotation": {
						"0.0": [0, 0, 0],
						"0.25": [-141.73251, -17.79919, 17.79264],
						"0.375": [-141.73251, -17.79919, 17.79264],
						"0.5": [0, 0, 0],
						"0.6667": [0, 0, 0]
					}
				},
				"Tangan": {
					"rotation": {
						"0.0": [0, 0, 0],
						"0.25": [-22.53827, 22.36408, -2.61408],
						"0.375": [-22.53827, 22.36408, -2.61408],
						"0.5": [0.47864, 26.10591, -22.17057],
						"0.6667": [0.47864, 26.10591, -22.17057],
						"0.9583": [0, 0, 0]
					}
				},
				"bone2": {
					"rotation": {
						"0.0": [0, 0, 0],
						"0.25": [-150.89494, 12.44064, -18.88807],
						"0.375": [-150.89494, 12.44064, -18.88807],
						"0.5": [0, 0, 0],
						"0.6667": [0, 0, 0]
					}
				},
				"Sedotan": {
					"rotation": {
						"0.0": [-60, 0, 25],
						"0.25": [-211.73152, -37.76124, 51.56505],
						"0.375": [-211.73152, -37.76124, 51.56505],
						"0.5": [2.10687, -14.78961, 4.50895],
						"0.6667": [2.10687, -14.78961, 4.50895],
						"0.9583": [-60, 0, 25]
					},
					"position": {
						"0.0": [-2, 0, -18],
						"0.25": [46.17, 40.67, -14],
						"0.375": [46.17, 40.67, -14],
						"0.5": [-11, 4, 5],
						"0.6667": [-11, 4, 5],
						"0.9583": [-2, 0, -18]
					}
				},
				"Sedotan2": {
					"rotation": {
						"0.0": [-57.5, 0, -25],
						"0.25": [-405.31684, 84.26422, -230.35254],
						"0.375": [-405.31684, 84.26422, -230.35254],
						"0.5": [-376.83375, -68.45077, -354.86432],
						"0.6667": [-376.83375, -68.45077, -354.86432],
						"0.9583": [-57.5, 0, -25]
					},
					"position": {
						"0.0": [4, 1, -19],
						"0.25": [-42.67, 44.5, -21.17],
						"0.375": [-42.67, 44.5, -21.17],
						"0.5": [15, 5, -3],
						"0.6667": [15, 5, -3],
						"0.7917": [1.29, 12.29, -9.86],
						"0.9583": [4, 1, -19]
					}
				}
			}
		}
	}
}