{
	"format_version": "1.8.0",
	"animations": {
		"animation.tca.bob": {
			"loop": true,
			"animation_length": 22,
			"bones": {
				"Pinggul": {
					"position": {
						"0.0": [0, -1, 3],
						"14.0": [0, -1, 3],
						"14.75": [0, 75, -3],
						"16.0": [-6, 83, -3],
						"17.0": [1, 90, -3],
						"19.0": [0, -1, 3]
					}
				},
				"Kaki": {
					"rotation": {
						"0.0": [-4.89805, -0.63178, -4.66981],
						"14.0": [-4.89805, -0.63178, -4.66981],
						"14.25": [7.60195, -0.63178, -4.66981]
					}
				},
				"Kaki2": {
					"rotation": {
						"0.0": [-7.5, 0, 2.5],
						"14.0": [-7.5, 0, 2.5],
						"14.25": [-30, 0, 2.5],
						"18.5": [-30, 0, 2.5],
						"19.0": [-7.5, 0, 2.5]
					}
				},
				"Kaki3": {
					"rotation": {
						"0.0": [12.39619, -0.93434, -0.4356],
						"14.0": [12.39619, -0.93434, -0.4356],
						"14.25": [42.39619, -0.93434, -0.4356],
						"18.5": [42.39619, -0.93434, -0.4356],
						"19.0": [12.39619, -0.93434, -0.4356]
					}
				},
				"Body": {
					"rotation": {
						"0.0": [2.5, 0, 0],
						"6.0": [0, 0, 0],
						"7.0": [0, 5, 0],
						"7.5": [0, 5, 0],
						"8.75": [0, -5, 0],
						"10.6667": [0, -10.17, 0],
						"11.25": [0, 0, 0],
						"14.0": [0, 0, 0],
						"14.25": [15, 0, 0],
						"18.5": [15, 0, 0],
						"19.0": [0, 0, 0]
					}
				},
				"Head2": {
					"rotation": {
						"0.0": [0, 0, 0],
						"1.0": [12.5, 0, 0],
						"2.0": [0, 0, 0],
						"5.25": [0, 0, 0],
						"6.75": [20, 6.66667, 0],
						"7.75": [17.20887, 12.2907, -16.81003],
						"9.25": [0, -37.5, 0],
						"11.0": [0, -42.5, 0],
						"11.75": [0, 0, 0],
						"14.0": [0, 0, 0],
						"14.25": [27.52235, 2.21738, 1.15495],
						"16.0": [0, 0, 0],
						"16.5": [-7.5, 0, 0],
						"17.0": [-7.5, 0, 0],
						"17.25": [0, 0, 0]
					}
				},
				"Tangan3": {
					"rotation": {
						"0.0": [0, 0, -7.5],
						"2.0": [0, 0, -10],
						"4.0": [0, 0, -7.5],
						"6.0": [0, 0, -10],
						"8.0": [0, 0, -7.5],
						"10.0": [0, 0, -10],
						"12.0": [0, 0, -7.5]
					}
				},
				"bone8": {
					"rotation": [0, 0, 7.5]
				},
				"Tangan4": {
					"rotation": {
						"0.0": [0, 0, 5],
						"2.0": [0, 0, 7.5],
						"4.0": [0, 0, 5],
						"5.0": [0.24474, 0.19366, 10.97656],
						"5.5": [-33.89025, -18.66624, 16.72802],
						"7.75": [-33.89025, -18.66624, 16.72802],
						"9.0833": [0, 0, 7.5],
						"9.75": [0.59015, 0.51037, 9.94142],
						"12.0": [0.56733, 0.53562, 7.44144],
						"14.0": [0, 0, 5],
						"16.0": [0, 0, 7.5],
						"18.0": [0, 0, 5],
						"20.0": [0, 0, 7.5],
						"22.0": [0, 0, 5]
					}
				},
				"bone9": {
					"rotation": {
						"0.0": [0, 0, -7.5],
						"4.6667": [0, 0, -7.5],
						"6.25": [-68.61039, -39.04235, -77.94567],
						"8.0": [-68.61039, -39.04235, -77.94567],
						"9.25": [0, 0, -7.5]
					},
					"position": {
						"4.6667": [0, 0, 0],
						"6.25": [8, -1, -10],
						"8.0": [8, -1, -10],
						"8.5": [1.8, -2.6, -2],
						"9.25": [0, 0, 0]
					}
				},
				"bone": {
					"rotation": [7.4888, 0.14994, 0.18603]
				},
				"bone4": {
					"rotation": {
						"0.0": [0, 0, 0],
						"7.25": [0, 0, 0],
						"11.0": [0, 0, 0]
					}
				},
				"Jari": {
					"rotation": {
						"0.0": [0, 0, 5],
						"6.25": [0, 0, 5],
						"7.25": [0, 0, -35],
						"8.25": [0, 0, 2.5]
					}
				},
				"Jar": {
					"rotation": [0, 0, -20]
				},
				"Jari2": {
					"rotation": {
						"0.0": [0, 0, 10],
						"6.25": [0, 0, 10],
						"7.25": [0, 0, -37.5],
						"8.25": [0, 0, 0]
					}
				},
				"Jar2": {
					"rotation": [0, 0, -25]
				},
				"Jari4": {
					"rotation": {
						"0.0": [0, 0, 2.5],
						"6.25": [0, 0, 2.5],
						"6.75": [0, 0, -25],
						"7.25": [0, 0, 19.17],
						"8.25": [0, 0, 2.5]
					}
				},
				"Jar4": {
					"rotation": [0, 0, -30]
				},
				"Jar6": {
					"rotation": [0, 0, 0]
				},
				"Jari5": {
					"rotation": [-2.5, 0, 10]
				},
				"Jar5": {
					"rotation": [22.5, 0, 0]
				},
				"Jari3": {
					"rotation": {
						"0.0": [0, 0, 10],
						"6.25": [0, 0, 10],
						"7.25": [0, 0, -32.5],
						"8.25": [0, 0, 0]
					}
				},
				"Jar3": {
					"rotation": [-3.41387, -2.2798, -28.71067]
				},
				"bone2": {
					"rotation": {
						"6.4167": [0, 0, 0],
						"7.0": [0, 0, 87.5],
						"7.5": [0, 0, 80.83],
						"7.75": [0, 0, 67.5],
						"8.0": [0, 0, 67.5],
						"8.5": [0, 0, 90],
						"9.0": [0, 0, 90],
						"9.25": [0, 0, 0],
						"18.0": [0, 0, 0],
						"18.5": [0, 0, 90],
						"19.0": [0, 0, 90],
						"19.25": [0, 0, 0]
					}
				},
				"bone3": {
					"rotation": {
						"8.75": [0, 0, 0],
						"9.0": [0, 0, -87.5],
						"9.5": [0, 0, -87.5],
						"9.75": [0, 0, -35],
						"10.25": [0, 0, -35],
						"10.5": [0, 0, -90],
						"11.0": [0, 0, -90],
						"11.25": [0, 0, 0],
						"14.0": [0, 0, 0],
						"14.5": [0, 0, -32.5],
						"15.0": [0, 0, -32.5],
						"15.25": [0, 0, -87.5],
						"15.75": [0, 0, -87.5],
						"16.0": [0, 0, 0],
						"18.0": [0, 0, 0],
						"18.5": [0, 0, -87.5],
						"19.0": [0, 0, -87.5],
						"19.25": [0, 0, 0]
					}
				},
				"Tangan2": {
					"rotation": {
						"0.0": [0, 0, -5],
						"2.0": [0, 0, -7.5],
						"4.0": [-0.22456, -0.38222, -5.03886],
						"5.0": [-7.64773, -1.29999, -6.62748],
						"6.0": [-0.20767, -0.39165, -7.5389],
						"8.0": [-0.22456, -0.38222, -5.03886],
						"10.0": [-0.22998, -0.37871, -4.20552],
						"12.0": [-0.20191, -0.39454, -8.37225],
						"14.0": [0.04486, -0.20849, -5.01849],
						"16.0": [0.5976, -0.04162, -7.45212],
						"18.0": [0.59521, -0.06765, -4.95225],
						"20.0": [0.5976, -0.04162, -7.45212],
						"22.0": [0, 0, -5]
					}
				},
				"bone5": {
					"rotation": [0, 0, 7.5]
				},
				"Jar7": {
					"rotation": [0, 0, 10]
				},
				"Jar8": {
					"rotation": [0, 0, 7.5]
				},
				"Jar9": {
					"rotation": [0, 0, 37.5]
				},
				"Jar11": {
					"rotation": [20, 0, 0]
				},
				"Jar12": {
					"rotation": [0, 0, 12.5]
				},
				"Wer2": {
					"rotation": {
						"0.0": [0, 0, 0],
						"1.0": [0, 0, 5],
						"2.0": [0, 0, 0],
						"3.0": [0, 0, 5],
						"5.0": [0, 0, 0],
						"9.0": [0, 0, 0],
						"10.0": [0, 0, 5],
						"11.0": [0, 0, 0],
						"12.0": [0, 0, 5],
						"14.0": [0, 0, 0]
					}
				},
				"Wer": {
					"rotation": {
						"0.0": [0, 0, 0],
						"1.0": [0, 0, -5],
						"2.0": [0, 0, 0],
						"3.0": [0, 0, -5],
						"5.0": [0, 0, 0],
						"9.0": [0, 0, 0],
						"10.0": [0.33237, 0.50144, -4.96225],
						"11.0": [0.60705, 0.6672, 2.5579],
						"12.0": [0.54659, 0.71757, -2.44221],
						"14.0": [0, 0, 0]
					}
				},
				"Effeck": {
					"position": [0, -12, 0],
					"scale": [1, 0.1, 1]
				},
				"Effeck2": {
					"position": [0, -13, 0],
					"scale": [1, 0.2, 1]
				},
				"bone14": {
					"position": [0, 2, 16],
					"scale": [0.4, 0.4, 0.2]
				},
				"bone15": {
					"position": [-2, 0, 18],
					"scale": [0.4, 0.4, 0.2]
				},
				"Effeck3": {
					"position": [0, -3, 0],
					"scale": [1, 0.1, 1]
				},
				"bone10": {
					"position": {
						"14.0": [0, 0, 0],
						"14.0833": [0, -28, 0],
						"14.1667": [0, 1, 0],
						"14.25": [0, -28, 0],
						"14.3333": [0, 0, 0],
						"14.4167": [0, -28, 0],
						"14.5": [0, 1, 0],
						"14.5833": [0, -28, 0],
						"14.6667": [0, 0, 0],
						"14.75": [0, -28, 0],
						"14.8333": [0, 1, 0],
						"14.9167": [0, -28, 0],
						"15.0": [0, 0, 0],
						"15.0833": [0, -28, 0],
						"15.1667": [0, 1, 0],
						"15.25": [0, -28, 0],
						"15.3333": [0, 0, 0],
						"15.4167": [0, -28, 0],
						"15.5": [0, 1, 0],
						"15.5833": [0, -28, 0],
						"15.6667": [0, 0, 0],
						"15.75": [0, -28, 0],
						"15.8333": [0, 1, 0],
						"15.9167": [0, -28, 0],
						"16.0": [0, 0, 0],
						"16.0833": [0, -28, 0],
						"16.1667": [0, 0, 0],
						"16.25": [0, -28, 0],
						"16.3333": [0, 1, 0],
						"16.4167": [0, -28, 0],
						"16.5": [0, 0, 0],
						"16.5833": [0, -28, 0],
						"16.6667": [0, 1, 0],
						"16.75": [0, -28, 0],
						"16.8333": [0, 0, 0],
						"16.9167": [0, -28, 0],
						"17.0": [0, 1, 0],
						"17.0833": [0, -28, 0],
						"17.1667": [0, 0, 0],
						"17.25": [0, -28, 0],
						"17.3333": [0, 1, 0],
						"17.4167": [0, -28, 0],
						"17.5": [0, 0, 0],
						"17.5833": [0, -28, 0],
						"17.6667": [0, 1, 0],
						"17.75": [0, -28, 0],
						"17.8333": [0, 0, 0],
						"17.9167": [0, -28, 0],
						"18.0": [0, 1, 0],
						"18.0833": [0, -28, 0],
						"18.1667": [0, 0, 0],
						"18.25": [0, -28, 0],
						"18.3333": [0, 1, 0],
						"18.4167": [0, -28, 0],
						"18.5": [0, 0, 0],
						"18.5833": [0, -28, 0],
						"18.6667": [0, 1, 0],
						"18.75": [0, -28, 0]
					},
					"scale": {
						"14.0": [1, 1, 1],
						"14.5": [1, 2.3, 1],
						"15.0": [1, 1, 1],
						"17.0": [1, 1, 1],
						"18.75": [1, 0, 1]
					}
				},
				"Sayo": {
					"rotation": {
						"0.0": [0, 0, -2.5],
						"0.0833": [0, 0, 7.5],
						"0.6667": [0, 0, 7.5],
						"0.75": [0, 0, -2.5],
						"3.0": [0, 0, -2.5],
						"3.0833": [0, 0, 7.5],
						"3.6667": [0, 0, 7.5],
						"3.75": [0, 0, -2.5],
						"10.5": [0, 0, -2.5],
						"10.5833": [0, 0, 7.5],
						"11.1667": [0, 0, 7.5],
						"11.25": [0, 0, -2.5],
						"14.0": [0, 0, -2.5],
						"14.25": [0, 0, 35],
						"17.0": [0, 0, 35],
						"19.0": [0, 0, -2.5]
					}
				},
				"Sayo2": {
					"rotation": {
						"1.0": [0, 0, 0],
						"1.0833": [0, 0, -7.5],
						"1.5833": [0, 0, -7.5],
						"1.6667": [0, 0, 0],
						"4.0": [0, 0, 0],
						"4.0833": [0, 0, -7.5],
						"4.5833": [0, 0, -7.5],
						"4.6667": [0, 0, 0],
						"11.5": [0, 0, 0],
						"11.5833": [0, 0, -7.5],
						"12.0833": [0, 0, -7.5],
						"12.1667": [0, 0, 0],
						"14.0": [0, 0, 0],
						"14.25": [0, 0, -35],
						"17.0": [0, 0, -32.5],
						"19.0": [0, 0, 0]
					}
				},
				"Sayasar": {
					"rotation": {
						"14.1667": [0, 0, 0],
						"14.4167": [0, 0, -37.5],
						"17.0": [0, 0, -37.5],
						"19.0": [0, 0, 0]
					}
				},
				"Sayo3": {
					"rotation": {
						"1.1667": [0, 0, 0],
						"1.25": [0, 0, -10],
						"1.75": [0, 0, -10],
						"1.8333": [0, 0, 0],
						"4.1667": [0, 0, 0],
						"4.25": [0, 0, -10],
						"4.75": [0, 0, -10],
						"4.8333": [0, 0, 0],
						"11.6667": [0, 0, 0],
						"11.75": [0, 0, -10],
						"12.25": [0, 0, -10],
						"12.3333": [0, 0, 0]
					}
				},
				"Sayasar2": {
					"rotation": {
						"14.1667": [0, 0, 0],
						"14.4167": [0, 0, 35],
						"17.0": [0, 0, 35],
						"19.0": [0, 0, 0]
					}
				},
				"Sayo4": {
					"rotation": {
						"0.1667": [0, 0, 0],
						"0.25": [0, 0, -7.5],
						"0.8333": [0, 0, -7.5],
						"0.9167": [0, 0, 0],
						"3.1667": [0, 0, 0],
						"3.25": [0, 0, -7.5],
						"3.8333": [0, 0, -7.5],
						"3.9167": [0, 0, 0],
						"10.6667": [0, 0, 0],
						"10.75": [0, 0, -7.5],
						"11.3333": [0, 0, -7.5],
						"11.4167": [0, 0, 0]
					}
				}
			}
		},
		"animation.tca.walk": {
			"loop": true,
			"animation_length": 2,
			"bones": {
				"Kaki": {
					"rotation": {
						"0.0": [-15, 0, 0],
						"1.0": [25, 0, 0],
						"2.0": [-15, 0, 0]
					}
				},
				"Kaki2": {
					"rotation": {
						"0.0": [25, 0, 0],
						"1.0": [-15, 0, 0],
						"2.0": [25, 0, 0]
					}
				},
				"bone": {
					"rotation": {
						"0.0": [0, 0, 0],
						"1.0": [0, 0, 0],
						"1.25": [32.5, 0, 0],
						"1.75": [40, 0, 0],
						"2.0": [0, 0, 0]
					}
				},
				"Kaki3": {
					"rotation": {
						"0.0": [0, 0, 0],
						"0.25": [32.5, 0, 0],
						"0.75": [40, 0, 0],
						"1.0": [-2.5, 0, 0]
					}
				},
				"Tangan3": {
					"rotation": {
						"0.0": [4.99248, -0.06191, 4.73022],
						"1.0": [-4.96965, 0.80855, 4.73039],
						"2.0": [5.0401, 0.80202, 4.73095]
					}
				},
				"Tangan4": {
					"rotation": {
						"0.0": [-4.98107, -0.43523, 0.01893],
						"1.0": [4.98107, 0.43523, -4.98107],
						"2.0": [-4.98107, -0.43523, 0.01893]
					}
				},
				"Tangan2": {
					"rotation": {
						"0.0": [5, 0, 5],
						"1.0": [-9.99235, -0.25386, -0.57664],
						"2.0": [5, 0, 5]
					}
				}
			}
		},
		"animation.tca.jumpscare": {
			"loop": true,
			"animation_length": 1.5,
			"bones": {
				"Body": {
					"rotation": {
						"0.0": [0, 0, 0],
						"0.25": [22.5, 0, 0],
						"1.25": [22.5, 0, 0],
						"1.5": [0, 0, 0]
					}
				},
				"Tangan3": {
					"rotation": {
						"0.0": [0, 0, 0],
						"0.25": [10, 0, 0],
						"1.25": [10, 0, 0],
						"1.5": [0, 0, 0]
					}
				},
				"bone8": {
					"rotation": {
						"0.0": [0, 0, 0],
						"0.25": [-22.5, 0, 0],
						"1.25": [-22.5, 0, 0],
						"1.5": [0, 0, 0]
					}
				},
				"Tangan4": {
					"rotation": {
						"0.0": [0, 0, 0],
						"0.25": [7.04228, -2.50464, 7.99025],
						"1.25": [7.04228, -2.50464, 7.99025],
						"1.5": [0, 0, 0]
					}
				},
				"bone9": {
					"rotation": {
						"0.0": [0, 0, 0],
						"0.25": [-25, 0, 0],
						"1.25": [-25, 0, 0],
						"1.5": [0, 0, 0]
					}
				},
				"Laser": {
					"rotation": {
						"1.3125": [10, 0, 0],
						"1.375": [17.5, 0, 0]
					},
					"position": {
						"0.25": [0, 0, 0],
						"0.375": [0, -7, -27.12],
						"1.25": [0, 0, -1],
						"1.3125": [0, -23.5, -111.5],
						"1.375": [0, -65, -222],
						"1.4375": [0, -117.5, -332.5],
						"1.5": [0, -199, -443]
					},
					"scale": {
						"0.25": [1, 1, 1],
						"0.375": [9.1, 10.8, 21.7],
						"1.25": [1, 1, 21.7],
						"1.5": [1, 1, 0.9]
					}
				},
				"Tangan2": {
					"rotation": {
						"0.0": [0, 0, 0],
						"0.25": [7.5, 0, -7.5],
						"1.25": [7.5, 0, -7.5],
						"1.5": [0, 0, 0]
					}
				},
				"bone5": {
					"rotation": {
						"0.0": [0, 0, 0],
						"0.25": [-25, 0, 0],
						"1.25": [-25, 0, 0],
						"1.5": [0, 0, 0]
					}
				},
				"bone6": {
					"rotation": [0, 0, 0]
				}
			}
		},
		"animation.tca.attack": {
			"animation_length": 1,
			"bones": {
				"Pinggul": {
					"rotation": {
						"0.0": [0, 0, 0],
						"0.25": [0, 12.5, 0],
						"0.75": [0, 12.5, 0],
						"1.0": [0, 0, 0]
					},
					"position": {
						"0.0": [0, 0, 0],
						"0.25": [0, -5, 0],
						"0.75": [0, -5, 0],
						"1.0": [0, 0, 0]
					}
				},
				"Kaki": {
					"rotation": {
						"0.0": [0, 0, 0],
						"0.25": [20, 0, 0],
						"0.75": [20, 0, 0],
						"1.0": [0, 0, 0]
					}
				},
				"bone": {
					"rotation": {
						"0.0": [0, 0, 0],
						"0.25": [17.5, 0, 0],
						"0.75": [17.5, 0, 0],
						"1.0": [0, 0, 0]
					}
				},
				"Kaki2": {
					"rotation": {
						"0.0": [0, 0, 0],
						"0.25": [-22.5, 0, 0],
						"0.5": [-22.5, 0, 0],
						"0.7083": [-35, 0, 0],
						"0.8333": [-35, 0, 0],
						"1.0": [0, 0, 0]
					}
				},
				"Kaki3": {
					"rotation": {
						"0.0": [0, 0, 0],
						"0.25": [17.5, 0, 0],
						"0.5": [57.5, 0, 0],
						"0.7083": [-10, 0, 0],
						"0.8333": [-10, 0, 0],
						"1.0": [0, 0, 0]
					}
				},
				"Body": {
					"rotation": {
						"0.0": [0, 0, 0],
						"0.25": [26.78135, 20.29348, 9.92926],
						"0.4167": [26.78135, 20.29348, 9.92926],
						"0.6667": [12.58377, -4.53051, -2.11751],
						"1.0": [0, 0, 0]
					}
				},
				"Tangan4": {
					"rotation": {
						"0.0": [0, 0, 0],
						"0.25": [-150, 87.5, -97.5],
						"0.4167": [-150, 87.5, -97.5],
						"0.5417": [-88.73104, -17.7173, 11.81101],
						"0.75": [-103.36215, -33.69903, 36.7251],
						"1.0": [0, 0, 0]
					}
				},
				"bone9": {
					"rotation": {
						"0.0": [0, 0, 0],
						"0.25": [0, 0, -85],
						"0.375": [0, 0, -85],
						"0.5": [0, 0, -2.5],
						"0.75": [0, 0, -37.5],
						"1.0": [0, 0, 0]
					}
				},
				"Jar": {
					"rotation": {
						"0.125": [0, 0, 0],
						"0.375": [0, 0, -92.5]
					}
				},
				"Jar2": {
					"rotation": {
						"0.125": [0, 0, 0],
						"0.375": [0, 0, -87.5]
					}
				},
				"Jar4": {
					"rotation": {
						"0.125": [0, 0, -2.5],
						"0.375": [0, 0, -92.5]
					}
				},
				"Jar3": {
					"rotation": {
						"0.125": [0, 0, 0],
						"0.375": [0, 0, -92.5]
					}
				},
				"Tangan2": {
					"rotation": {
						"0.0": [0, 0, 0],
						"0.25": [18.88172, 6.71771, -18.88172],
						"0.5": [18.88172, 6.71771, -18.88172],
						"0.75": [41.38172, 6.71771, -18.88172],
						"1.0": [0, 0, 0]
					}
				},
				"bone5": {
					"rotation": {
						"0.0": [0, 0, 0],
						"0.25": [-60, 0, 0],
						"1.0": [0, 0, 0]
					}
				}
			}
		},
		"animation.pa_tca.bow_and_arrow": {
			"loop": true,
			"animation_length": 7,
			"bones": {
				"Body": {
					"rotation": {
						"0.0": [0, 2.5, 0],
						"0.5417": [7.5, 0, 0],
						"1.0": [28.60184, 26.09251, 8.58375],
						"1.5": [36.55293, 32.34734, 13.32496],
						"2.25": [0, -20, 0],
						"2.75": [0, 2.5, 0],
						"3.5": [-5.20833, 2.5, 0],
						"4.0": [-10.20833, 2.5, 0],
						"4.5": [34.79167, 2.5, 0],
						"7.0": [0, 2.5, 0]
					}
				},
				"Head2": {
					"rotation": {
						"0.0": [0, 0, 0],
						"0.5": [25, 0, 0],
						"7.0": [0, 0, 0]
					}
				},
				"Tangan4": {
					"rotation": {
						"0.25": [0, 0, 0],
						"1.0": [-180, 65, -92.5],
						"1.75": [-187.5, 65, -92.5],
						"2.1667": [-37.5, 0, -47.5],
						"2.5": [-37.5, 0, -47.5],
						"3.0": [-182.5, 0, 0],
						"4.0": [-190, 0, 0],
						"4.375": [-57.5, 0, 0],
						"7.0": [0, 0, 0]
					}
				},
				"bone9": {
					"rotation": {
						"0.25": [2.5, 0, 0],
						"1.0": [-52.5, 0, 0],
						"1.5": [-65, 0, 0],
						"2.0": [35, 0, 0],
						"2.5": [2.5, 0, 0],
						"3.7917": [-55.03793, -0.43399, 9.99067],
						"4.0": [-55.03793, -0.43399, 9.99067],
						"4.375": [-0.03793, -0.43399, 9.99067],
						"7.0": [2.5, 0, 0]
					}
				},
				"Palu": {
					"rotation": {
						"1.0": [0, 0, 0],
						"1.5": [-15, 0, 0],
						"2.0": [58.31584, 28.46296, -16.39211],
						"2.5": [58.31584, 28.46296, -16.39211],
						"3.0": [62.47765, -2.21738, 1.15495],
						"4.0": [42.65564, -0.63635, 3.86913],
						"4.375": [0.31504, -0.57438, -11.13158],
						"7.0": [0, 0, 0]
					}
				},
				"Tembak": {
					"rotation": {
						"0.0": [0, 0, 0],
						"0.625": [112.5, 0, 0],
						"6.5": [112.5, 0, 0],
						"7.0": [0, 0, 0]
					},
					"position": {
						"0.7083": [0, 0, -1],
						"0.75": [0, 0, 5],
						"0.875": [0, 0, -1],
						"1.3333": [0, 0, -1],
						"1.375": [0, 0, 5],
						"1.5": [0, 0, -1],
						"2.0833": [0, 0, -1],
						"2.125": [0, 0, 5],
						"2.25": [0, 0, -1],
						"2.8333": [0, 0, -1],
						"2.875": [0, 0, 5],
						"3.0": [0, 0, -1],
						"3.4583": [0, 0, -1],
						"3.5": [0, 0, 5],
						"3.625": [0, 0, -1],
						"4.2083": [0, 0, -1],
						"4.25": [0, 0, 5],
						"4.375": [0, 0, -1],
						"5.0833": [0, 0, -1],
						"5.125": [0, 0, 5],
						"5.25": [0, 0, -1],
						"5.7083": [0, 0, -1],
						"5.75": [0, 0, 5],
						"5.875": [0, 0, -1],
						"6.4583": [0, 0, -1],
						"6.5": [0, 0, 5],
						"6.625": [0, 0, -1]
					}
				},
				"Tangan2": {
					"rotation": {
						"0.0": [0, 0, 0],
						"0.75": [-40, 0, 0],
						"1.75": [-40, 0, 0],
						"2.25": [0, 0, 0],
						"2.75": [-55, 0, 0],
						"3.5": [-64.91735, 13.85255, 51.24808],
						"4.0": [-63.46913, 22.86027, 55.83025],
						"4.375": [61.06197, -31.71822, -118.93803],
						"7.0": [0, 0, 0]
					}
				},
				"Tembak2": {
					"rotation": {
						"0.0": [-0.01246, -0.14682, 0.21217],
						"0.625": [109.98754, -0.14682, 0.21217],
						"6.5": [109.98754, -0.14682, 0.21217],
						"7.0": [-0.01246, -0.14682, 0.21217]
					},
					"position": {
						"0.625": [0, 0, 0],
						"0.6667": [0, 3, 6],
						"0.7917": [0, 0, 0],
						"1.25": [0, 0, 0],
						"1.2917": [0, 3, 6],
						"1.4167": [0, 0, 0],
						"2.0": [0, 0, 0],
						"2.0417": [0, 3, 6],
						"2.1667": [0, 0, 0],
						"2.75": [0, 0, 0],
						"2.7917": [0, 3, 6],
						"2.9167": [0, 0, 0],
						"3.375": [0, 0, 0],
						"3.4167": [0, 3, 6],
						"3.5417": [0, 0, 0],
						"4.125": [0, 0, 0],
						"4.1667": [0, 3, 6],
						"4.2917": [0, 0, 0],
						"5.0": [0, 0, 0],
						"5.0417": [0, 3, 6],
						"5.1667": [0, 0, 0],
						"5.625": [0, 0, 0],
						"5.6667": [0, 3, 6],
						"5.7917": [0, 0, 0],
						"6.375": [0, 0, 0],
						"6.4167": [0, 3, 6],
						"6.5417": [0, 0, 0]
					}
				},
				"Effeck2": {
					"position": {
						"1.6667": [0, 0, 0],
						"1.7083": [0, 17, 0],
						"1.9167": [0, 58, 0],
						"1.9583": [0, 0, 0],
						"2.0": [0, 17, 0],
						"2.2083": [0, 58, 0],
						"2.25": [0, 0, 0],
						"2.2917": [0, 17, 0],
						"2.5": [0, 58, 0],
						"4.0": [0, 2, 0],
						"4.125": [0, 24, 0],
						"4.5": [0, 222, 0]
					},
					"scale": {
						"1.6667": [1, 1, 1],
						"1.7083": [1, 10.6, 1],
						"1.9167": [1, 0, 1],
						"1.9583": [1, 1, 1],
						"2.0": [1, 10.6, 1],
						"2.2083": [1, 0, 1],
						"2.25": [1, 1, 1],
						"2.2917": [1, 10.6, 1],
						"2.5": [1, 0, 1],
						"4.0": [1, 0, 1],
						"4.125": [2.7, -12, 2.7],
						"4.5": [9.2, 0, 9.2]
					}
				},
				"Effeck": {
					"position": {
						"1.5": [0, 0, 0],
						"1.5417": [0, 10, 0],
						"1.75": [0, 56, 0],
						"1.7917": [0, 0, 0],
						"1.8333": [0, 10, 0],
						"2.0417": [0, 56, 0],
						"2.0833": [0, 0, 0],
						"2.125": [0, 10, 0],
						"2.3333": [0, 56, 0],
						"3.4583": [0, 2, 0],
						"3.5": [0, -2, 0],
						"3.5833": [0, 2, 0],
						"3.6667": [0, -2, 0],
						"3.75": [0, 2, 0],
						"3.8333": [0, -2, 0],
						"3.9167": [0, 2, 0],
						"4.0": [0, -2, 0],
						"4.375": [0, 147, 0]
					},
					"scale": {
						"1.5": [1, 1, 1],
						"1.5417": [1, 22.8, 1],
						"1.75": [1, -0.1, 1],
						"1.7917": [1, 1, 1],
						"1.8333": [1, 22.8, 1],
						"2.0417": [1, -0.1, 1],
						"2.0833": [1, 1, 1],
						"2.125": [1, 22.8, 1],
						"2.3333": [1, -0.1, 1],
						"3.4583": [1, -0.1, 1],
						"3.5": [1, -4.3, 1],
						"4.0": [1, -4.3, 1],
						"4.0833": [-3.9, -12.2, 3.9],
						"4.375": [-6.9714, 0, 6.9714]
					}
				},
				"bone14": {
					"position": {
						"0.7083": [0, 0, 0],
						"0.75": [0, 0, -17],
						"0.8333": [0, 0, -17],
						"0.875": [0, 0, 0],
						"1.3333": [0, 0, 0],
						"1.375": [0, 0, -17],
						"1.4583": [0, 0, -17],
						"1.5": [0, 0, 0],
						"2.0833": [0, 0, 0],
						"2.125": [0, 0, -17],
						"2.2083": [0, 0, -17],
						"2.25": [0, 0, 0],
						"2.8333": [0, 0, 0],
						"2.875": [0, 0, -17],
						"2.9583": [0, 0, -17],
						"3.0": [0, 0, 0],
						"3.4583": [0, 0, 0],
						"3.5": [0, 0, -17],
						"3.5833": [0, 0, -17],
						"3.625": [0, 0, 0],
						"4.2083": [0, 0, 0],
						"4.25": [0, 0, -17],
						"4.3333": [0, 0, -17],
						"4.375": [0, 0, 0],
						"5.0833": [0, 0, 0],
						"5.125": [0, 0, -17],
						"5.2083": [0, 0, -17],
						"5.25": [0, 0, 0],
						"5.7083": [0, 0, 0],
						"5.75": [0, 0, -17],
						"5.8333": [0, 0, -17],
						"5.875": [0, 0, 0],
						"6.4583": [0, 0, 0],
						"6.5": [0, 0, -17],
						"6.5833": [0, 0, -17],
						"6.625": [0, 0, 0]
					},
					"scale": {
						"0.7083": [1, 1, 1],
						"0.75": [1, 1, 7.8],
						"0.8333": [1, 1, 8.6],
						"0.875": [1, 1, 1],
						"1.3333": [1, 1, 1],
						"1.375": [1, 1, 7.8],
						"1.4583": [1, 1, 8.6],
						"1.5": [1, 1, 1],
						"2.0833": [1, 1, 1],
						"2.125": [1, 1, 7.8],
						"2.2083": [1, 1, 8.6],
						"2.25": [1, 1, 1],
						"2.8333": [1, 1, 1],
						"2.875": [1, 1, 7.8],
						"2.9583": [1, 1, 8.6],
						"3.0": [1, 1, 1],
						"3.4583": [1, 1, 1],
						"3.5": [1, 1, 7.8],
						"3.5833": [1, 1, 8.6],
						"3.625": [1, 1, 1],
						"4.2083": [1, 1, 1],
						"4.25": [1, 1, 7.8],
						"4.3333": [1, 1, 8.6],
						"4.375": [1, 1, 1],
						"5.0833": [1, 1, 1],
						"5.125": [1, 1, 7.8],
						"5.2083": [1, 1, 8.6],
						"5.25": [1, 1, 1],
						"5.7083": [1, 1, 1],
						"5.75": [1, 1, 7.8],
						"5.8333": [1, 1, 8.6],
						"5.875": [1, 1, 1],
						"6.4583": [1, 1, 1],
						"6.5": [1, 1, 7.8],
						"6.5833": [1, 1, 8.6],
						"6.625": [1, 1, 1]
					}
				},
				"bone15": {
					"position": {
						"0.625": [0, 0, 0],
						"0.6667": [0, 0, -15],
						"0.75": [0, 0, -15],
						"0.7917": [0, 0, 0],
						"1.25": [0, 0, 0],
						"1.2917": [0, 0, -15],
						"1.375": [0, 0, -15],
						"1.4167": [0, 0, 0],
						"2.0": [0, 0, 0],
						"2.0417": [0, 0, -15],
						"2.125": [0, 0, -15],
						"2.1667": [0, 0, 0],
						"2.75": [0, 0, 0],
						"2.7917": [0, 0, -15],
						"2.875": [0, 0, -15],
						"2.9167": [0, 0, 0],
						"3.375": [0, 0, 0],
						"3.4167": [0, 0, -15],
						"3.5": [0, 0, -15],
						"3.5417": [0, 0, 0],
						"4.125": [0, 0, 0],
						"4.1667": [0, 0, -15],
						"4.25": [0, 0, -15],
						"4.2917": [0, 0, 0],
						"5.0": [0, 0, 0],
						"5.0417": [0, 0, -15],
						"5.125": [0, 0, -15],
						"5.1667": [0, 0, 0],
						"5.625": [0, 0, 0],
						"5.6667": [0, 0, -15],
						"5.75": [0, 0, -15],
						"5.7917": [0, 0, 0],
						"6.375": [0, 0, 0],
						"6.4167": [0, 0, -15],
						"6.5": [0, 0, -15],
						"6.5417": [0, 0, 0]
					},
					"scale": {
						"0.625": [1, 1, 1],
						"0.6667": [1, 1, 7.4],
						"0.75": [1, 1, 8.4],
						"0.7917": [1, 1, 1],
						"1.25": [1, 1, 1],
						"1.2917": [1, 1, 7.4],
						"1.375": [1, 1, 8.4],
						"1.4167": [1, 1, 1],
						"2.0": [1, 1, 1],
						"2.0417": [1, 1, 7.4],
						"2.125": [1, 1, 8.4],
						"2.1667": [1, 1, 1],
						"2.75": [1, 1, 1],
						"2.7917": [1, 1, 7.4],
						"2.875": [1, 1, 8.4],
						"2.9167": [1, 1, 1],
						"3.375": [1, 1, 1],
						"3.4167": [1, 1, 7.4],
						"3.5": [1, 1, 8.4],
						"3.5417": [1, 1, 1],
						"4.125": [1, 1, 1],
						"4.1667": [1, 1, 7.4],
						"4.25": [1, 1, 8.4],
						"4.2917": [1, 1, 1],
						"5.0": [1, 1, 1],
						"5.0417": [1, 1, 7.4],
						"5.125": [1, 1, 8.4],
						"5.1667": [1, 1, 1],
						"5.625": [1, 1, 1],
						"5.6667": [1, 1, 7.4],
						"5.75": [1, 1, 8.4],
						"5.7917": [1, 1, 1],
						"6.375": [1, 1, 1],
						"6.4167": [1, 1, 7.4],
						"6.5": [1, 1, 8.4],
						"6.5417": [1, 1, 1]
					}
				},
				"Effeck3": {
					"position": {
						"4.3333": [0, 0, 0],
						"4.5": [0, 177, 0]
					},
					"scale": {
						"1.5417": [1, 1, 1],
						"1.5833": [1, 13.3, 1],
						"2.0": [1, 26, 1],
						"2.25": [1, 0.7, 1],
						"4.0": [1, 0.8, 1],
						"4.0833": [1, 30.1, 1],
						"4.3333": [1, 52.6, 1],
						"4.5": [1, 0, 0]
					}
				},
				"Pinggul": {
					"rotation": {
						"0.5": [0, 0, 0],
						"0.75": [22.5, 0, 0],
						"2.5": [22.5, 0, 0],
						"3.0": [0, 0, 0],
						"4.0": [0, 0, 0],
						"4.375": [20, 0, 0],
						"7.0": [0, 0, 0]
					},
					"position": {
						"4.0": [0, 0, 0],
						"4.375": [0, 0, -18],
						"7.0": [0, 0, 0]
					}
				},
				"Kaki2": {
					"rotation": {
						"0.0": [0, 0, 0],
						"0.25": [-45, 0, 0],
						"0.5": [-47.5, 0, 0],
						"0.75": [-30, 0, 0],
						"2.5": [-30, 0, 0],
						"3.0": [0, 0, 0]
					}
				},
				"Kaki3": {
					"rotation": {
						"0.0": [0, 0, 0],
						"0.25": [42.5, 0, 0],
						"0.5": [50, 0, 0],
						"0.75": [0, 0, 0],
						"2.5": [0, 0, 0],
						"2.75": [32.5, 0, 0],
						"3.0417": [0, 0, 0]
					}
				},
				"bone5": {
					"rotation": {
						"2.25": [0, 0, 0],
						"2.75": [0, 0, 37.5],
						"4.0": [0, 0, 42.5],
						"4.375": [0, 0, 97.5],
						"7.0": [0, 0, 0]
					}
				},
				"Tanah": {
					"position": {
						"4.4583": [0, -2, 0],
						"4.5": [0, 172, -84]
					}
				},
				"bone16": {
					"rotation": {
						"4.5": [0, 0, 0],
						"5.8333": [0, 0, 720]
					},
					"position": {
						"4.5": [0, 0, 0],
						"5.0": [29, 37, 0],
						"5.1667": [57.5, 52, 0],
						"5.375": [86, 37, 0],
						"5.5833": [111, 5, 0],
						"5.8333": [156, 5, 0]
					}
				},
				"bone17": {
					"rotation": {
						"4.4583": [0, 0, 0],
						"4.5": [32.5, 0, 0],
						"5.25": [237.12047, -9.4487, -7.26956],
						"5.75": [269.62047, -9.4487, -7.26956]
					},
					"position": {
						"4.4583": [0, 0, 0],
						"4.5": [0, 24, -37],
						"4.625": [0, 74.5, -74.5],
						"4.75": [0, 97, -112],
						"5.0": [0, 119, -156.5],
						"5.25": [0, 109, -201],
						"5.5": [0, 56.5, -238],
						"5.75": [0, 4, -272]
					}
				},
				"bone18": {
					"rotation": {
						"4.5": [0, 0, 0],
						"5.875": [722.5, 0, 0]
					},
					"position": {
						"4.4583": [0, 0, 0],
						"4.5": [0, 36, -9],
						"5.0": [0, 187, -9],
						"5.25": [0, 209, -9],
						"5.875": [0, 0, -9]
					}
				},
				"bone19": {
					"rotation": {
						"4.5": [0, 0, 0],
						"5.75": [0, 0, 720]
					},
					"position": {
						"4.5": [0, 26, 0],
						"5.0": [71, 91, 0],
						"5.25": [116.5, 100, 0],
						"5.5": [162, 71, 0],
						"5.75": [205, 3, 0]
					}
				},
				"bone20": {
					"rotation": {
						"4.5": [0, 0, 0],
						"5.25": [-182.5, 0, 0],
						"5.75": [-270, 0, 0]
					},
					"position": {
						"4.5": [0, 0, 0],
						"4.75": [0, 27, 55],
						"4.875": [0, 35, 77],
						"5.0": [0, 27, 116],
						"5.25": [0, -19, 149],
						"5.75": [0, -12, 183]
					}
				},
				"bone21": {
					"rotation": {
						"4.5": [0, 0, 0],
						"5.75": [-360, 0, 0]
					},
					"position": {
						"4.5": [0, 0, 0],
						"4.7917": [-16.92, 112.33, 11.83],
						"5.0": [-29, 172, 22],
						"5.2917": [-29, 193, 58.5],
						"5.4167": [-29, 178.8, 96.6],
						"5.5": [-29, 136, 122],
						"5.75": [-29, 1, 154]
					}
				}
			}
		}
	}
}