{
	"format_version": "1.8.0",
	"animations": {
		"animation.d_titan.slash": {
			"animation_length": 6,
			"bones": {
				"bone": {
					"rotation": {
						"0.0": [0, 0, 0],
						"1.04": [-5, 10, 0],
						"2.08": [-17.5, 52.5, 0],
						"2.6": [-17.5, 52.5, 0],
						"4.04": [55, -20, 0],
						"4.84": [55, -20, 0],
						"6.0": [0, 0, 0]
					},
					"position": {
						"0.0": [0, 0, 0],
						"1.04": [0, 0, 0],
						"2.08": [0, -1, 5],
						"2.6": [0, -1, 5],
						"4.04": [0, -4, -5],
						"4.84": [0, -4, -5],
						"6.0": [0, 0, 0]
					}
				},
				"bone2": {
					"rotation": {
						"0.0": [0, 0, 0],
						"1.04": [30, -2.5, 0],
						"2.08": [0, 30, -30],
						"2.6": [0, 32.5, -30],
						"4.04": [42.5, -20, 0],
						"4.84": [42.5, -22.5, 0],
						"6.0": [0, 0, 0]
					}
				},
				"bone3": {
					"rotation": {
						"0.0": [0, 0, 0],
						"1.04": [7.5, -5, 0],
						"2.08": [0, 27.5, -27.5],
						"2.6": [0, 30, -27.5],
						"4.04": [42.5, -20, 0],
						"4.84": [42.5, -22.5, 0],
						"6.0": [0, 0, 0]
					}
				},
				"head": {
					"rotation": {
						"0.0": [0, 0, 0],
						"1.04": [37.5, 2.5, 0],
						"2.08": [0, -17.5, 0],
						"2.6": [0, -15, 0],
						"4.04": [-17.5, -72.5, -17.5],
						"4.84": [-17.5, -72.5, -17.5],
						"6.0": [0, 0, 0]
					}
				},
				"bone8": {
					"rotation": {
						"0.0": [0, 0, 0],
						"1.04": [25, -8.75, 0],
						"2.08": [0, -57.5, -55],
						"2.6": [0, -57.5, -55],
						"4.04": [10, -45, 0],
						"4.84": [10, -45, 0],
						"6.0": [0, 0, 0]
					}
				},
				"bone10": {
					"rotation": {
						"0.0": [0, 0, 0],
						"1.04": [2.5, 11.25, 0],
						"2.08": [-142.5, -10, -25],
						"2.6": [-142.5, -10, -25],
						"3.28": [-12.5, -14.03, -135.42],
						"4.04": [-140, -45, 22.5],
						"4.84": [-140, -45, 22.5],
						"6.0": [0, 0, 0]
					}
				},
				"bone13": {
					"rotation": {
						"0.0": [0, 0, 0],
						"1.04": [5, 0, 0],
						"2.08": [0, 0, 0],
						"2.6": [0, 0, 0],
						"3.28": [30, 7.5, -25],
						"4.04": [20, 120, -10],
						"4.84": [20, 120, -10],
						"6.0": [0, 0, 0]
					}
				},
				"bone4": {
					"rotation": {
						"0.0": [0, 0, 0],
						"1.04": [-3.75, -10, 2.5],
						"2.08": [52.5, -42.5, -17.5],
						"2.6": [52.5, -42.5, -17.5],
						"2.92": [17.5, -28.61, -0.1],
						"3.28": [-21.87, -12.99, 3.54],
						"4.04": [-105, 20, -10],
						"4.84": [-105, 20, -10],
						"6.0": [0, 0, 0]
					}
				},
				"bone5": {
					"rotation": {
						"0.0": [0, 0, 0],
						"1.04": [21.25, 0, 0],
						"2.08": [20, 0, 0],
						"2.6": [20, 0, 0],
						"4.04": [47.5, 0, 0],
						"4.84": [47.5, 0, 0],
						"6.0": [0, 0, 0]
					}
				},
				"bone6": {
					"rotation": {
						"0.0": [0, 0, 0],
						"1.04": [2.5, -10, -2.5],
						"2.08": [-10, -50, -20],
						"2.6": [-10, -50, -20],
						"2.92": [-16.67, -34.44, -7.04],
						"3.28": [-24.17, -16.94, 2.22],
						"4.04": [-40, 20, -10],
						"4.84": [-40, 20, -10],
						"6.0": [0, 0, 0]
					}
				},
				"bone9": {
					"rotation": {
						"0.0": [0, 0, 0],
						"1.04": [-82.5, 0, 0],
						"2.08": [0, 0, 37.5],
						"2.6": [0, 0, 37.5],
						"4.04": [0, 0, 0],
						"4.84": [0, 0, 0],
						"6.0": [0, 0, 0]
					}
				},
				"bone11": {
					"rotation": {
						"0.0": [0, 0, 0],
						"1.04": [-67.5, 0, 0],
						"2.08": [-25, 0, 0],
						"2.6": [-25, 0, 0],
						"3.28": [-3.75, 0, -22.5],
						"4.04": [20, 0, 0],
						"4.84": [20, 0, 0],
						"6.0": [0, 0, 0]
					}
				},
				"bone7": {
					"rotation": {
						"0.0": [0, 0, 0],
						"1.04": [11.25, 0, 0],
						"2.08": [37.5, 0, 0],
						"2.6": [37.5, 0, 0],
						"4.04": [42.5, 0, 0],
						"4.84": [42.5, 0, 0],
						"6.0": [0, 0, 0]
					}
				}
			}
		},
		"animation.d_titan.slash_b": {
			"animation_length": 6,
			"bones": {
				"bone": {
					"rotation": {
						"0.0": [0, 0, 0],
						"1.04": [-5, 10, 0],
						"2.08": [-17.5, 52.5, 0],
						"2.6": [-17.5, 52.5, 0],
						"4.04": [55, -20, 0],
						"4.84": [55, -20, 0],
						"6.0": [0, 0, 0]
					},
					"position": {
						"0.0": [0, 0, 0],
						"1.04": [0, 0, 0],
						"2.08": [0, -1, 5],
						"2.6": [0, -1, 5],
						"4.04": [0, -4, -5],
						"4.84": [0, -4, -5],
						"6.0": [0, 0, 0]
					}
				},
				"bone2": {
					"rotation": {
						"0.0": [0, 0, 0],
						"1.04": [30, -2.5, 0],
						"2.08": [0, 30, -30],
						"2.6": [0, 32.5, -30],
						"4.04": [27.5, -20, 0],
						"4.84": [30, -22.5, 0],
						"6.0": [0, 0, 0]
					}
				},
				"bone3": {
					"rotation": {
						"0.0": [0, 0, 0],
						"1.04": [7.5, -5, 0],
						"2.08": [0, 27.5, -27.5],
						"2.6": [0, 30, -27.5],
						"4.04": [7.5, -20, 0],
						"4.84": [7.5, -22.5, 0],
						"6.0": [0, 0, 0]
					}
				},
				"head": {
					"rotation": {
						"0.0": [0, 0, 0],
						"1.04": [37.5, 2.5, 0],
						"2.08": [0, -17.5, 0],
						"2.6": [0, -15, 0],
						"4.04": [-17.5, -72.5, -17.5],
						"4.84": [-17.5, -75, -17.5],
						"6.0": [0, 0, 0]
					}
				},
				"bone8": {
					"rotation": {
						"0.0": [0, 0, 0],
						"1.04": [25, -8.75, 0],
						"2.08": [0, -57.5, -55],
						"2.6": [0, -57.5, -55],
						"4.04": [10, -45, 0],
						"4.84": [10, -45, 0],
						"6.0": [0, 0, 0]
					}
				},
				"bone10": {
					"rotation": {
						"0.0": [0, 0, 0],
						"1.04": [2.5, 11.25, 0],
						"2.08": [-142.5, -10, -25],
						"2.6": [-142.5, -10, -25],
						"3.28": [-87.5, -14.03, -135.42],
						"4.04": [-117.5, -45, -45],
						"4.84": [-117.5, -45, -45],
						"6.0": [0, 0, 0]
					}
				},
				"bone13": {
					"rotation": {
						"0.0": [0, 0, 0],
						"1.04": [5, 0, 0],
						"2.08": [0, 0, 0],
						"4.04": [20, 120, -10],
						"4.84": [20, 120, -10],
						"6.0": [0, 0, 0]
					}
				},
				"bone4": {
					"rotation": {
						"0.0": [0, 0, 0],
						"1.04": [-3.75, -10, 2.5],
						"2.08": [52.5, -42.5, -17.5],
						"2.6": [52.5, -42.5, -17.5],
						"2.92": [17.5, -28.61, -0.1],
						"3.28": [-21.87, -12.99, 3.54],
						"4.04": [-105, 20, -10],
						"4.84": [-105, 20, -10],
						"6.0": [0, 0, 0]
					}
				},
				"bone5": {
					"rotation": {
						"0.0": [0, 0, 0],
						"1.04": [21.25, 0, 0],
						"2.08": [20, 0, 0],
						"2.6": [20, 0, 0],
						"4.04": [47.5, 0, 0],
						"4.84": [47.5, 0, 0],
						"6.0": [0, 0, 0]
					}
				},
				"bone6": {
					"rotation": {
						"0.0": [0, 0, 0],
						"1.04": [2.5, -10, -2.5],
						"2.08": [-10, -50, -20],
						"2.6": [-10, -50, -20],
						"2.92": [-16.67, -34.44, -7.04],
						"3.28": [-24.17, -16.94, 2.22],
						"4.04": [-40, 20, -10],
						"4.84": [-40, 20, -10],
						"6.0": [0, 0, 0]
					}
				},
				"bone9": {
					"rotation": {
						"0.0": [0, 0, 0],
						"1.04": [-82.5, 0, 0],
						"2.08": [0, 0, 37.5],
						"2.6": [0, 0, 37.5],
						"4.04": [0, 0, 0],
						"4.84": [0, 0, 0],
						"6.0": [0, 0, 0]
					}
				},
				"bone11": {
					"rotation": {
						"0.0": [0, 0, 0],
						"1.04": [-67.5, 0, 0],
						"2.08": [-25, 0, 0],
						"2.6": [-25, 0, 0],
						"3.28": [-3.75, 0, -22.5],
						"4.04": [20, 0, 0],
						"4.84": [20, 0, 0],
						"6.0": [0, 0, 0]
					}
				},
				"bone7": {
					"rotation": {
						"0.0": [0, 0, 0],
						"1.04": [11.25, 0, 0],
						"2.08": [37.5, 0, 0],
						"2.6": [37.5, 0, 0],
						"4.04": [42.5, 0, 0],
						"4.84": [42.5, 0, 0],
						"6.0": [0, 0, 0]
					}
				}
			}
		}
	}
}