{
	"format_version": "1.8.0",
	"animations": {
		"animation.d_titan.spawn": {
			"animation_length": 30,
			"bones": {
				"bone": {
					"rotation": {
						"13.52": [0, 0, 0],
						"15.88": [0, 0, 0],
						"18.04": [0, 0, 0],
						"19.24": [0, 0, 0],
						"20.28": [0, 0, -25],
						"21.24": [0, 0, 27.47],
						"22.48": [0, 0, -23.58],
						"24.36": [0, 0, 0],
						"30.0": [0, 0, 0]
					},
					"position": {
						"0.0": [0, -33, 0],
						"1.56": [0, -22, 0],
						"3.64": [0, -22, 0],
						"13.52": [0, -22, 0],
						"14.56": [0, -19.7, 0],
						"15.88": [0, -19.7, 0],
						"18.04": [0, -11.7, 0],
						"19.24": [0, -7.7, 0],
						"20.28": [0, -4.7, -5],
						"21.24": [0, -2.7, 4],
						"22.48": [0, -1.7, -6],
						"24.36": [0, 0, 0]
					}
				},
				"bone3": {
					"rotation": {
						"0.0": ["17.5+Math.cos(query.life_time * 100) * 4", 0, 0],
						"13.52": ["17.5+Math.cos(query.life_time * 100) * 4", 0, 0],
						"14.56": [-7.5, 0, 0],
						"15.88": [12.5, 0, 0],
						"18.04": [25, 0, 0],
						"19.24": [30, 0, 0],
						"20.28": [30, 0, 0],
						"21.24": [-20, 0, 0],
						"22.48": [0, 0, 0],
						"24.36": [0, 0, 0]
					}
				},
				"head": {
					"rotation": {
						"0.0": [32.5, 0, 0],
						"1.56": [-30, -17.5, 20],
						"2.08": [-40, -17.5, 27.5],
						"3.12": [-30, 0, 0],
						"3.64": [-30, 0, 0],
						"5.2": [-35, 17.5, -22.5],
						"5.72": [-35, 17.5, -27.5],
						"7.28": [-30, 0, 0],
						"8.36": [-30, 0, 0],
						"9.4": [-7.5, 40, 30],
						"9.92": [-7.5, 40, 35],
						"10.96": [-7.5, -40, -30],
						"11.48": [-7.5, -40, -35],
						"13.0": [-30, 0, 0],
						"13.52": [-30, 0, 0],
						"14.56": [35, 0, 0],
						"15.88": [27.5, 0, 0],
						"18.04": [15.5, 0, 0],
						"19.24": [20.5, 0, 0],
						"20.28": [8, 0, 0],
						"21.24": [-14.5, 0, 0],
						"22.48": [33, 0, 0],
						"24.36": [0, 0, 0]
					}
				},
				"bone8": {
					"rotation": {
						"3.12": [77.5, -37.5, 0],
						"3.64": [77.5, -37.5, 0],
						"5.2": [-30, -122.5, -12.5],
						"5.72": [-30, -122.5, -12.5],
						"7.28": [67.5, "-35+Math.cos(query.life_time * 100) * 1", -92.5],
						"13.52": [67.5, "-35+Math.cos(query.life_time * 100) * 1", -92.5],
						"14.56": [17.5, -35, 0],
						"15.88": [-22.5, -27.5, 32.5],
						"18.04": [18.5, -35, 32.5],
						"19.24": [21.5, -35, 22.5],
						"20.28": [0, -40, 0],
						"21.24": [0, -40, 0],
						"22.48": [0, 0, 0],
						"24.36": [0, 0, 0]
					}
				},
				"bone10": {
					"rotation": {
						"0.0": [55, 0, 0],
						"1.56": [-50, 120, 0],
						"2.08": [-50, 120, 0],
						"3.12": [70, "35+Math.cos(query.life_time * 100) * -1", 90],
						"13.52": [70, "35+Math.cos(query.life_time * 100) * -1", 90],
						"14.56": [17.5, 35, 0],
						"15.88": [-17.5, 35, -22.5],
						"18.04": [21.5, 35, -22.5],
						"19.24": [21.5, 35, -22.5],
						"20.28": [0, 37.5, 0],
						"21.24": [0, 37.5, 0],
						"22.48": [0, 0, 0],
						"24.36": [0, 0, 0]
					}
				},
				"bone11": {
					"rotation": {
						"1.56": [-37.5, 0, -60],
						"2.08": [-37.5, 0, -60],
						"3.12": [0, 0, 0],
						"13.52": [0, 0, 0],
						"14.56": [7.5, 0, 0],
						"15.88": [0, 0, 0],
						"18.04": [0, 0, 0],
						"19.24": [-115, 0, 0],
						"20.28": [0, 0, 0],
						"21.24": [0, 0, 0],
						"22.48": [0, 0, 0],
						"24.36": [0, 0, 0]
					}
				},
				"bone2": {
					"rotation": {
						"0.0": [12.5, 0, 0],
						"13.52": [12.5, 0, 0],
						"14.56": [-7.5, 0, 0],
						"15.88": [10, 0, 0],
						"18.04": [22.5, 0, 0],
						"19.24": [37.5, 0, 0],
						"20.28": [37.5, 0, 0],
						"21.24": [-17.5, 0, 0],
						"22.48": [0, 0, 0],
						"24.36": [0, 0, 0]
					}
				},
				"bone4": {
					"rotation": {
						"13.52": [0, 0, 0],
						"16.52": [0, 0, 0],
						"18.04": [-100, 0, 0],
						"19.24": [-55, 0, 0],
						"20.28": [37.5, 0, 25],
						"21.24": [-40, 0, -27.5],
						"22.48": [17.5, 0, 25],
						"24.36": [0, 0, 0]
					}
				},
				"bone5": {
					"rotation": {
						"13.52": [0, 0, 0],
						"16.52": [0, 0, 0],
						"18.04": [100, 0, 0],
						"19.24": [65, 0, 0],
						"20.28": [17.5, 0, 0],
						"21.24": [30, 0, 0],
						"22.48": [37.5, 0, 0],
						"24.36": [0, 0, 0]
					}
				},
				"bone6": {
					"rotation": {
						"6.76": [0, 0, 0],
						"13.52": [0, 0, 0],
						"16.52": [0, 0, 0],
						"18.04": [0, 0, 0],
						"19.24": [17.5, 0, 0],
						"20.28": [-62.5, 0, 25],
						"21.24": [22.5, 0, -27.5],
						"22.48": [-10, 0, 25],
						"24.36": [0, 0, 0]
					}
				},
				"bone7": {
					"rotation": {
						"6.76": [0, 0, 0],
						"13.52": [0, 0, 0],
						"16.52": [0, 0, 0],
						"18.04": [0, 0, 0],
						"19.24": [0, 0, 0],
						"20.28": [42.5, 0, 0],
						"21.24": [37.5, 0, 0],
						"22.48": [22.5, 0, 0],
						"24.36": [0, 0, 0]
					}
				},
				"bone9": {
					"rotation": {
						"3.64": [0, 0, 0],
						"5.2": [0, 0, 50],
						"5.72": [0, 0, 50],
						"7.28": [0, 0, 0],
						"13.52": [0, 0, 0],
						"14.56": [7.5, 0, 0],
						"15.88": [0, 0, 0],
						"18.04": [0, 0, 0],
						"19.24": [-115, 0, 0],
						"20.28": [0, 0, 0],
						"21.24": [0, 0, 0],
						"22.48": [0, 0, 0],
						"24.36": [0, 0, 0]
					}
				},
				"bone13": {
					"rotation": {
						"13.52": [0, 0, 0],
						"16.52": [0, 0, 0],
						"18.04": [0, 0, 0],
						"19.24": [0, 0, 0],
						"20.28": [0, 0, 0],
						"21.24": [0, 0, 0],
						"22.48": [0, 0, 0],
						"22.96": [0, 0, 0],
						"24.36": [0, 0, 0]
					}
				}
			}
		},
		"animation.d_titan.spawn_b": {
			"animation_length": 25.48,
			"bones": {
				"bone": {
					"rotation": {
						"1.52": [95, 0, 0],
						"3.08": [95, 0, 0],
						"4.68": [95, 0, 0],
						"5.72": [95, 0, 0],
						"6.76": [90, 0, 0],
						"7.8": [50, 0, 0],
						"8.84": [0, 0, 0],
						"9.88": [0, 0, 0],
						"10.92": [0, 0, 0],
						"13.0": [0, 0, 0],
						"14.04": [0, 0, 0],
						"15.08": [0, 0, 0],
						"16.64": [0, 0, 0],
						"17.16": [0, 0, 0],
						"17.68": [0, 0, 0],
						"18.04": [0, 0, 0],
						"24.04": [0, 0, 0],
						"25.48": [0, 0, 0]
					},
					"position": {
						"1.52": [0, -11, 0],
						"3.08": [0, -11, 0],
						"4.68": [0, -11, 0],
						"5.72": [0, -11, 0],
						"6.76": [0, -11, 0],
						"7.8": [0, -6, -5],
						"8.84": [0, -6, 5],
						"9.88": [0, -6, 5],
						"10.92": [0, -6, 5],
						"13.0": [0, -6, 5],
						"14.04": [0, -2, 4],
						"15.08": [0, 0, 1],
						"16.64": [0, 0, 0],
						"17.16": [0, 0, 0],
						"17.68": [0, -2, 1],
						"18.04": [0, -1.5, 0],
						"24.04": [0, -1.5, 0],
						"25.48": [0, 0, 0]
					}
				},
				"bone3": {
					"rotation": {
						"1.52": [0, 0, 0],
						"3.08": [0, 0, 0],
						"4.68": [-17.5, 0, 0],
						"5.72": [-17.5, 0, 0],
						"6.76": [10, 0, 0],
						"7.8": [20, 0, 0],
						"8.84": [-20, 0, 0],
						"9.88": [20, 0, 0],
						"10.92": [20, 0, 0],
						"13.0": [20, 0, 0],
						"14.04": [40, 0, 0],
						"15.08": [47.5, 0, 0],
						"16.64": [0, 0, 0],
						"17.16": [0, 0, 0],
						"17.68": [22.5, 0, 0],
						"18.04": [-27.5, 0, 0],
						"24.04": [-27.5, 0, 0],
						"25.48": [0, 0, 0]
					}
				},
				"head": {
					"rotation": {
						"1.52": [0, 0, 0],
						"3.08": [0, 0, 0],
						"4.68": [-15, 0, 0],
						"5.72": [-15, 0, 0],
						"6.76": [17.5, 0, 0],
						"7.8": [30, 0, 0],
						"8.84": [-10, 0, 0],
						"9.88": [30, 0, 0],
						"10.92": [30, 0, 0],
						"11.44": [-25, -32.5, -32.5],
						"11.96": [-25, -32.5, -32.5],
						"12.48": [-25, 32.5, 32.5],
						"13.0": [-25, 32.5, 32.5],
						"14.04": [12.5, 0, 0],
						"15.08": [20, 0, 0],
						"16.64": [0, 0, 0],
						"17.16": [0, 0, 0],
						"17.68": [42.5, 0, 0],
						"18.04": [-25, 0, 0],
						"24.04": [-25, 0, 0],
						"25.48": [0, 0, 0]
					}
				},
				"bone8": {
					"rotation": {
						"1.52": [0, 0, -147.5],
						"3.08": [0, 0, -147.5],
						"4.68": [-80, 0, -147.5],
						"5.72": [-80, 0, -147.5],
						"6.76": [-100, 0, 0],
						"7.8": [-100, 0, 0],
						"8.84": [-65, -25, 0],
						"9.88": [-47.5, -2.5, 0],
						"10.92": [-47.5, -2.5, 0],
						"13.0": [-47.5, -2.5, 0],
						"14.04": [-90, 0, 0],
						"15.08": [-107.5, 0, 0],
						"16.64": [0, 0, 0],
						"17.16": [0, 0, 0],
						"17.68": [-70, 0, 0],
						"18.04": [-17.5, -17.5, -90],
						"24.04": [-17.5, -17.5, -90],
						"25.48": [0, 0, 0]
					}
				},
				"bone10": {
					"rotation": {
						"1.52": [0, 0, 147.5],
						"3.08": [0, 0, 147.5],
						"4.68": [-80, 0, 147.5],
						"5.72": [-80, 0, 147.5],
						"6.76": [-100, 0, 0],
						"7.8": [-100, 0, 0],
						"8.84": [-65, 25, 0],
						"9.88": [-47.5, 2.5, 0],
						"10.92": [-47.5, 2.5, 0],
						"13.0": [-47.5, 2.5, 0],
						"14.04": [-90, 0, 0],
						"15.08": [-107.5, 0, 0],
						"16.64": [0, 0, 0],
						"17.16": [0, 0, 0],
						"17.68": [-70, 0, 0],
						"18.04": [-17.5, 17.5, 90],
						"24.04": [-17.5, 17.5, 90],
						"25.48": [0, 0, 0]
					}
				},
				"bone11": {
					"rotation": {
						"1.52": [0, 0, 0],
						"3.08": [0, 0, 0],
						"4.68": [60, 0, 0],
						"5.72": [60, 0, 0],
						"6.76": [-60, 0, 0],
						"7.8": [-60, 0, 0],
						"8.84": [30, 0, 0],
						"9.88": [-12.5, 0, 0],
						"10.92": [-12.5, 0, 0],
						"13.0": [-12.5, 0, 0],
						"14.04": [0, 0, 0],
						"15.08": [0, 0, 0],
						"16.64": [0, 0, 0],
						"17.16": [0, 0, 0],
						"17.68": [-85, 0, 0],
						"18.04": [-32.5, 0, 0],
						"24.04": [-32.5, 0, 0],
						"25.48": [0, 0, 0]
					}
				},
				"bone2": {
					"rotation": {
						"1.52": [-2.5, 0, 0],
						"3.08": [-2.5, 0, 0],
						"4.68": [-12.5, 0, 0],
						"5.72": [-12.5, 0, 0],
						"6.76": [-27.5, 0, 0],
						"7.8": [27.5, 0, 0],
						"8.84": [-22.5, 0, 0],
						"9.88": [32.5, 0, 0],
						"10.92": [32.5, 0, 0],
						"13.0": [32.5, 0, 0],
						"14.04": [50, 0, 0],
						"15.08": [60, 0, 0],
						"16.64": [0, 0, 0],
						"17.16": [0, 0, 0],
						"17.68": [32.5, 0, 0],
						"18.04": [-37.5, 0, 0],
						"24.04": [-37.5, 0, 0],
						"25.48": [0, 0, 0]
					}
				},
				"bone4": {
					"rotation": {
						"1.52": [-5, 0, 22.5],
						"3.08": [-5, 0, 22.5],
						"4.68": [-5, 0, 22.5],
						"5.72": [-5, 0, 22.5],
						"6.76": [0, 0, 22.5],
						"7.8": [-50, 30, 30],
						"8.84": [0, 0, 0],
						"9.88": [0, 0, 0],
						"10.92": [0, 0, 0],
						"13.0": [0, 0, 0],
						"14.04": [22.5, 0, 0],
						"15.08": [0, 0, 0],
						"16.64": [0, 0, 0],
						"17.16": [0, 0, 0],
						"17.68": [-30, 0, 0],
						"18.04": [-15, 0, 22.5],
						"24.04": [-15, 0, 22.5],
						"25.48": [0, 0, 0]
					}
				},
				"bone5": {
					"rotation": {
						"1.52": [0, 0, 0],
						"3.08": [0, 0, 0],
						"4.68": [0, 0, 0],
						"5.72": [0, 0, 0],
						"6.76": [0, 0, 0],
						"7.8": [90, 0, 0],
						"8.84": [90, 0, 0],
						"9.88": [90, 0, 0],
						"10.92": [90, 0, 0],
						"13.0": [90, 0, 0],
						"14.04": [20, 0, 0],
						"15.08": [25, 0, 0],
						"16.64": [0, 0, 0],
						"17.16": [0, 0, 0],
						"17.68": [55, 0, 0],
						"18.04": [32.5, 0, 0],
						"24.04": [32.5, 0, 0],
						"25.48": [0, 0, 0]
					}
				},
				"bone6": {
					"rotation": {
						"1.52": [-5, 0, -22.5],
						"3.08": [-5, 0, -22.5],
						"4.68": [-5, 0, -22.5],
						"5.72": [-5, 0, -22.5],
						"6.76": [0, 0, -22.5],
						"7.8": [-50, -30, -30],
						"8.84": [-90, 0, 0],
						"9.88": [-90, 0, 0],
						"10.92": [-90, 0, 0],
						"13.0": [-90, 0, 0],
						"14.04": [-45, 0, 0],
						"15.08": [-15, 0, 0],
						"16.64": [0, 0, 0],
						"17.16": [0, 0, 0],
						"17.68": [-30, 0, 0],
						"18.04": [-15, 0, -22.5],
						"24.04": [-15, 0, -22.5],
						"25.48": [0, 0, 0]
					}
				},
				"bone7": {
					"rotation": {
						"1.52": [0, 0, 0],
						"3.08": [0, 0, 0],
						"4.68": [0, 0, 0],
						"5.72": [0, 0, 0],
						"6.76": [0, 0, 0],
						"7.8": [90, 0, 0],
						"8.84": [90, 0, 0],
						"9.88": [90, 0, 0],
						"10.92": [90, 0, 0],
						"13.0": [90, 0, 0],
						"14.04": [45, 0, 0],
						"15.08": [15, 0, 0],
						"16.64": [0, 0, 0],
						"17.16": [0, 0, 0],
						"17.68": [55, 0, 0],
						"18.04": [32.5, 0, 0],
						"24.04": [32.5, 0, 0],
						"25.48": [0, 0, 0]
					}
				},
				"bone9": {
					"rotation": {
						"1.52": [0, 0, 0],
						"3.08": [0, 0, 0],
						"4.68": [60, 0, 0],
						"5.72": [60, 0, 0],
						"6.76": [-60, 0, 0],
						"7.8": [-60, 0, 0],
						"8.84": [30, 0, 0],
						"9.88": [-12.5, 0, 0],
						"10.92": [-12.5, 0, 0],
						"13.0": [-12.5, 0, 0],
						"14.04": [0, 0, 0],
						"15.08": [0, 0, 0],
						"16.64": [0, 0, 0],
						"17.16": [0, 0, 0],
						"17.68": [-85, 0, 0],
						"18.04": [-32.5, 0, 0],
						"24.04": [-32.5, 0, 0],
						"25.48": [0, 0, 0]
					}
				},
				"bone13": {
					"rotation": {
						"1.52": [0, 0, 0],
						"3.08": [0, 0, 0],
						"4.68": [0, 0, 0],
						"5.72": [0, 0, 0],
						"6.76": [0, 0, 0],
						"7.8": [0, 0, 0],
						"8.84": [0, 0, 0],
						"9.88": [0, 0, 0],
						"10.92": [0, 0, 0],
						"13.0": [0, 0, 0],
						"14.04": [0, 0, 0],
						"15.08": [0, 0, 0],
						"16.64": [0, 0, 0],
						"17.16": [0, 0, 0],
						"17.68": [0, 0, 0],
						"18.04": [0, 207.5, 0],
						"24.04": [0, 207.5, 0],
						"25.48": [0, 0, 0]
					}
				}
			}
		}
	}
}