{
	"format_version": "1.8.0",
	"animations": {
		"animation.d_titan.summon2": {
			"animation_length": 4,
			"bones": {
				"bone": {
					"rotation": {
						"0.0": [0, 0, 0],
						"2.8": [0, 0, 0],
						"3.12": [15, 0, 0],
						"3.92": [0, 0, 0]
					},
					"position": {
						"0.0": [0, 0, 0],
						"0.8": [0, -0.5, 0],
						"2.8": [0, -0.5, 0],
						"3.12": [0, -0.5, 0],
						"3.92": [0, 0, 0]
					}
				},
				"bone2": {
					"rotation": {
						"0.0": [0, 0, 0],
						"0.4": [25, 0, 0],
						"0.8": [-25, 0, 0],
						"2.8": [-27.14, 0, 0],
						"3.12": [25.36, 0, 0],
						"3.92": [0, 0, 0]
					}
				},
				"bone3": {
					"rotation": {
						"0.0": [0, 0, 0],
						"0.4": [15, 0, 0],
						"0.8": [-25, 0, 0],
						"2.8": [-27.14, 0, 0],
						"3.12": [20.36, 0, 0],
						"3.92": [0, 0, 0]
					}
				},
				"head": {
					"rotation": {
						"0.0": [0, 0, 0],
						"0.4": [-39.45, 0, 0],
						"0.8": [-38.91, 0, 0],
						"2.04": [-40.07, 0, 0],
						"2.44": [51.08, 0, 0],
						"2.8": [51.08, 0, 0],
						"3.12": [-52.5, 0, 0],
						"3.92": [0, 0, 0]
					}
				},
				"bone8": {
					"rotation": {
						"0.0": [0, 0, 0],
						"0.4": [-60, -21.25, 63.75],
						"0.8": [-45, -27.5, 32.5],
						"2.8": [-40, -27.5, 32.5],
						"3.12": [64.64, 22.86, 0],
						"3.92": [0, 0, 0]
					}
				},
				"bone10": {
					"rotation": {
						"0.0": [0, 0, 0],
						"0.4": [-56.25, 20, -55],
						"0.8": [-45, 27.5, -32.5],
						"2.8": [-40, 27.5, -32.5],
						"3.12": [64.64, -22.86, 0],
						"3.92": [0, 0, 0]
					}
				},
				"bone13": {
					"rotation": {
						"0.0": [0, 0, 0],
						"2.8": [4.87, 0, 5],
						"3.12": [50, 0, 25],
						"3.92": [0, 0, 0]
					}
				},
				"bone4": {
					"rotation": {
						"0.0": [0, 0, 0],
						"0.4": [-10, 10, 0],
						"0.8": [-15, 32.5, 5],
						"2.8": [-15, 32.5, 5],
						"3.12": [-15, 0.71, 0],
						"3.92": [0, 0, 0]
					}
				},
				"bone5": {
					"rotation": {
						"0.0": [0, 0, 0],
						"0.4": [17.5, 0, 0],
						"0.8": [27.5, 0, 0],
						"2.8": [27.5, 0, 0],
						"3.12": [2.14, 0, 0],
						"4.0": [0, 0, 0]
					}
				},
				"bone6": {
					"rotation": {
						"0.0": [0, 0, 0],
						"0.4": [-10, -10, 0],
						"0.8": [-15, -32.5, -7.5],
						"2.8": [-15, -32.5, -7.5],
						"3.12": [-15, -0.71, 0],
						"3.92": [0, 0, 0]
					}
				},
				"bone9": {
					"rotation": {
						"0.0": [0, 0, 0],
						"0.4": [0, 0, 76.25],
						"0.8": [0, 0, 17.5],
						"2.8": [0, 0, 17.5],
						"3.12": [0, 0, 0]
					}
				},
				"bone11": {
					"rotation": {
						"0.0": [0, 0, 0],
						"0.4": [0, 0, -77.5],
						"0.8": [0, 0, -17.5],
						"2.8": [0, 0, -17.5],
						"3.12": [0, 0, 0]
					}
				},
				"bone7": {
					"rotation": {
						"0.0": [0, 0, 0],
						"0.4": [17.5, 0, 0],
						"0.8": [27.5, 0, 0],
						"2.8": [27.5, 0, 0],
						"3.12": [2.5, 0, 0]
					}
				}
			}
		},
		"animation.d_titan.summon2_b": {
			"animation_length": 4,
			"bones": {
				"bone": {
					"rotation": {
						"0.0": [0, 0, 0],
						"2.8": [0, 0, 0],
						"3.12": [15, 0, 0],
						"3.92": [0, 0, 0]
					},
					"position": {
						"0.0": [0, 0, 0],
						"0.8": [0, -0.5, 0],
						"2.8": [0, -0.5, 0],
						"3.12": [0, -0.5, 0],
						"3.92": [0, 0, 0]
					}
				},
				"bone2": {
					"rotation": {
						"0.0": [0, 0, 0],
						"0.4": [25, 0, 0],
						"0.8": [-25, 0, 0],
						"2.8": [-27.14, 0, 0],
						"3.12": [25.36, 0, 0],
						"3.92": [0, 0, 0]
					}
				},
				"bone3": {
					"rotation": {
						"0.0": [0, 0, 0],
						"0.4": [15, 0, 0],
						"0.8": [-25, 0, 0],
						"2.8": [-27.14, 0, 0],
						"3.12": [20.36, 0, 0],
						"3.92": [0, 0, 0]
					}
				},
				"head": {
					"rotation": {
						"0.0": [0, 0, 0],
						"0.4": [-39.45, 0, 0],
						"0.8": [-38.91, 0, 0],
						"2.04": [-40.07, 0, 0],
						"2.44": [51.08, 0, 0],
						"2.8": [51.08, 0, 0],
						"3.12": [-52.5, 0, 0],
						"3.92": [0, 0, 0]
					}
				},
				"bone8": {
					"rotation": {
						"0.0": [0, 0, 0],
						"0.4": [-60, -21.25, 63.75],
						"0.8": [-130, -27.5, 32.5],
						"2.8": [-125, -27.5, 32.5],
						"3.12": [64.64, 22.86, 0],
						"3.92": [0, 0, 0]
					}
				},
				"bone10": {
					"rotation": {
						"0.0": [0, 0, 0],
						"0.4": [-56.25, 20, -55],
						"0.8": [-130, 27.5, -32.5],
						"2.8": [-125, 27.5, -32.5],
						"3.12": [64.64, -22.86, 0],
						"3.92": [0, 0, 0]
					}
				},
				"bone13": {
					"rotation": {
						"0.0": [0, 0, 0],
						"2.8": [4.87, 0, 5],
						"3.12": [50, 0, 25],
						"3.92": [0, 0, 0]
					}
				},
				"bone4": {
					"rotation": {
						"0.0": [0, 0, 0],
						"0.4": [-10, 10, 0],
						"0.8": [-15, 32.5, 5],
						"2.8": [-15, 32.5, 5],
						"3.12": [-15, 0.71, 0],
						"3.92": [0, 0, 0]
					}
				},
				"bone5": {
					"rotation": {
						"0.0": [0, 0, 0],
						"0.4": [17.5, 0, 0],
						"0.8": [27.5, 0, 0],
						"2.8": [27.5, 0, 0],
						"3.12": [2.14, 0, 0],
						"4.0": [0, 0, 0]
					}
				},
				"bone6": {
					"rotation": {
						"0.0": [0, 0, 0],
						"0.4": [-10, -10, 0],
						"0.8": [-15, -32.5, -7.5],
						"2.8": [-15, -32.5, -7.5],
						"3.12": [-15, -0.71, 0],
						"3.92": [0, 0, 0]
					}
				},
				"bone9": {
					"rotation": {
						"0.0": [0, 0, 0],
						"0.4": [0, 0, 76.25],
						"0.8": [0, 0, 17.5],
						"2.8": [0, 0, 17.5],
						"3.12": [0, 0, 0]
					}
				},
				"bone11": {
					"rotation": {
						"0.0": [0, 0, 0],
						"0.4": [0, 0, -77.5],
						"0.8": [0, 0, -17.5],
						"2.8": [0, 0, -17.5],
						"3.12": [0, 0, 0]
					}
				},
				"bone7": {
					"rotation": {
						"0.0": [0, 0, 0],
						"0.4": [17.5, 0, 0],
						"0.8": [27.5, 0, 0],
						"2.8": [27.5, 0, 0],
						"3.12": [2.5, 0, 0]
					}
				}
			}
		}
	}
}