{
	"format_version": "1.10.0",
	"geometry.flame_thrower_skibidi_toilet": {
		"texturewidth": 128,
		"textureheight": 128,
		"visible_bounds_width": 4,
		"visible_bounds_height": 3,
		"visible_bounds_offset": [0, 1.5, 0],
		"bones": [
			{
				"name": "body0",
				"pivot": [0, 17, 0],
				"cubes": [
					{"origin": [-2, 17, -2], "size": [4, 4, 4], "uv": [32, 56]}
				]
			},
			{
				"name": "body1",
				"parent": "body0",
				"pivot": [0, 21, 0],
				"cubes": [
					{"origin": [-2, 21, -2], "size": [4, 4, 4], "uv": [32, 56]}
				]
			},
			{
				"name": "body2",
				"parent": "body1",
				"pivot": [0, 25, 0],
				"cubes": [
					{"origin": [-2, 25, -2], "size": [4, 4, 4], "uv": [32, 56]},
					{"origin": [-1, 25, -1], "size": [2, 2, 2], "uv": [0, 0]}
				]
			},
			{
				"name": "head",
				"parent": "body2",
				"pivot": [0, 29, 0],
				"cubes": [
					{"origin": [-4, 29, -4], "size": [8, 8, 8], "uv": [0, 0]},
					{"origin": [-4, 31, -6], "size": [8, 6, 1], "uv": [79, 35]},
					{"origin": [-2, 36, -5], "size": [4, 1, 1], "uv": [79, 35]}
				]
			},
			{
				"name": "bone",
				"pivot": [0, 0, 0],
				"cubes": [
					{"origin": [-6, 4, -7], "size": [12, 4, 15], "uv": [33, 30]},
					{"origin": [-5, 8, -6], "size": [10, 7, 12], "uv": [0, 16]},
					{"origin": [-6, 15, -7], "size": [12, 2, 14], "uv": [34, 33]},
					{"origin": [-7, 17, -7], "size": [2, 7, 14], "uv": [32, 0]},
					{"origin": [5, 17, -7], "size": [2, 7, 14], "uv": [32, 0]},
					{"origin": [-6, 4, 8], "size": [12, 33, 12], "uv": [0, 83]},
					{"origin": [-5, 37, 9], "size": [10, 2, 10], "uv": [0, 116]},
					{"origin": [-7, 17, -9], "size": [14, 7, 2], "uv": [37, 40]},
					{"origin": [-7, 17, 7], "size": [14, 7, 1], "uv": [38, 41]},
					{"origin": [6, 2, -6], "size": [5, 8, 12], "uv": [39, 29]},
					{"origin": [6, 0, -5], "size": [1, 2, 10], "uv": [0, 35]},
					{"origin": [10, 0, -5], "size": [1, 2, 10], "uv": [0, 35]},
					{"origin": [8, 0, -5], "size": [1, 2, 10], "uv": [0, 35]},
					{"origin": [-11, 0, -5], "size": [1, 2, 10], "uv": [0, 35]},
					{"origin": [-7, 0, -5], "size": [1, 2, 10], "uv": [0, 35]},
					{"origin": [-9, 0, -5], "size": [1, 2, 10], "uv": [0, 35]},
					{"origin": [7, 10, -5], "size": [3, 2, 10], "uv": [38, 37]},
					{"origin": [-11, 2, -6], "size": [5, 8, 12], "uv": [39, 29]},
					{"origin": [-10, 10, -5], "size": [3, 2, 10], "uv": [38, 37]}
				]
			}
		]
	}
}