{
	"format_version": "1.10.0",
	"geometry.vacuum_skibidi_toilet": {
		"texturewidth": 64,
		"textureheight": 64,
		"visible_bounds_width": 3,
		"visible_bounds_height": 3,
		"visible_bounds_offset": [0, 1.5, 0],
		"bones": [
			{
				"name": "head",
				"pivot": [0, 23, -1],
				"rotation": [25, 0, 0],
				"cubes": [
					{"origin": [-4, 13, -5], "size": [8, 8, 8], "uv": [0, 0]},
					{"origin": [-4, 16, -7], "size": [8, 2, 2], "uv": [44, 36]},
					{"origin": [-5, 16, -7], "size": [1, 2, 5], "uv": [30, 33]},
					{"origin": [-7, 16, -1], "size": [3, 1, 1], "uv": [46, 38]},
					{"origin": [4, 16, -1], "size": [3, 1, 1], "uv": [46, 38]},
					{"origin": [-8, 15, -2], "size": [1, 3, 3], "uv": [52, 34]},
					{"origin": [7, 15, -2], "size": [1, 3, 3], "uv": [52, 34]},
					{"origin": [4, 16, -7], "size": [1, 2, 5], "uv": [52, 29]}
				]
			},
			{
				"name": "bone6",
				"parent": "head",
				"pivot": [0, 11, -2],
				"cubes": [
					{"origin": [-2, 7, -3], "size": [4, 6, 4], "uv": [42, 45]}
				]
			},
			{
				"name": "bone",
				"parent": "head",
				"pivot": [0, 7, -3],
				"cubes": [
					{"origin": [-7, 7, 3], "size": [14, 2, 2], "uv": [16, 55]},
					{"origin": [-6, 9, 4], "size": [13, 2, 2], "uv": [16, 55]},
					{"origin": [-7, 7, -9], "size": [1, 2, 12], "uv": [6, 45]},
					{"origin": [-7, 9, -9], "size": [1, 2, 15], "uv": [3, 42]},
					{"origin": [6, 9, -9], "size": [1, 2, 13], "uv": [5, 44]},
					{"origin": [-7, 9, -11], "size": [1, 2, 2], "uv": [16, 55]},
					{"origin": [6, 9, -11], "size": [1, 2, 2], "uv": [16, 55]},
					{"origin": [6, 7, -9], "size": [1, 2, 12], "uv": [6, 45]},
					{"origin": [-6, 5, -9], "size": [12, 2, 12], "uv": [6, 45]},
					{"origin": [-6, 7, -11], "size": [12, 2, 2], "uv": [16, 55]},
					{"origin": [-6, 9, -27], "size": [12, 2, 16], "uv": [2, 41]}
				]
			},
			{
				"name": "bone2",
				"parent": "bone",
				"pivot": [0, 4, -4],
				"rotation": [-25, 0, 0],
				"cubes": [
					{"origin": [-6, -1, -15], "size": [12, 7, 17], "uv": [1, 40]},
					{"origin": [6, -1, -6], "size": [3, 7, 8], "uv": [42, 0]},
					{"origin": [3, -1, 1], "size": [3, 3, 6], "uv": [0, 16]},
					{"origin": [-6, -1, 1], "size": [3, 3, 6], "uv": [0, 16]},
					{"origin": [6, -1, -14], "size": [3, 7, 8], "uv": [42, 0]},
					{"origin": [-2, 6, -12], "size": [4, 1, 4], "uv": [0, 52]},
					{"origin": [-1, 7, -11], "size": [2, 1, 2], "uv": [2, 54]},
					{"origin": [-1, 8, -12], "size": [2, 2, 4], "uv": [1, 46]},
					{"origin": [-6, 6, 1], "size": [12, 4, 1], "uv": [17, 56]},
					{"origin": [-6, 6, -2], "size": [12, 2, 3], "uv": [14, 59]},
					{"origin": [-6, -1, -24], "size": [12, 3, 9], "uv": [9, 48]},
					{"origin": [-6, -1, -27], "size": [12, 2, 9], "uv": [9, 48]},
					{"origin": [-6, 2, -18], "size": [12, 3, 3], "uv": [15, 54]},
					{"origin": [-6, 2, -20], "size": [12, 2, 3], "uv": [15, 54]},
					{"origin": [-9, -1, -6], "size": [3, 7, 8], "uv": [42, 0], "mirror": true},
					{"origin": [-9, -1, -14], "size": [3, 7, 8], "uv": [42, 0], "mirror": true}
				]
			},
			{
				"name": "bone3",
				"parent": "bone2",
				"pivot": [7, 6, -6],
				"cubes": [
					{"origin": [7, 6, -15], "size": [2, 2, 11], "uv": [0, 26]},
					{"origin": [7, 7, -23], "size": [2, 1, 8], "uv": [24, 52]},
					{"origin": [7, 5, -23], "size": [2, 2, 1], "uv": [31, 59]},
					{"origin": [7, 5, -16], "size": [2, 2, 1], "uv": [31, 59]},
					{"origin": [7, 5, -18], "size": [2, 2, 1], "uv": [31, 59]},
					{"origin": [7, 5, -21], "size": [2, 2, 1], "uv": [31, 59]},
					{"origin": [7, 5, -19.5], "size": [2, 2, 1], "uv": [31, 59]}
				]
			},
			{
				"name": "bone5",
				"parent": "bone2",
				"pivot": [-9, 6, -6],
				"cubes": [
					{"origin": [-9, 6, -15], "size": [2, 2, 11], "uv": [0, 26]},
					{"origin": [-9, 7, -23], "size": [2, 1, 8], "uv": [24, 52]},
					{"origin": [-9, 5, -23], "size": [2, 2, 1], "uv": [31, 59]},
					{"origin": [-9, 5, -16], "size": [2, 2, 1], "uv": [31, 59]},
					{"origin": [-9, 5, -18], "size": [2, 2, 1], "uv": [31, 59]},
					{"origin": [-9, 5, -21], "size": [2, 2, 1], "uv": [31, 59]},
					{"origin": [-9, 5, -19.5], "size": [2, 2, 1], "uv": [31, 59]}
				]
			},
			{
				"name": "bone4",
				"parent": "bone2",
				"pivot": [-9, 6, -6]
			}
		]
	}
}