{"format_version":"1.12.0","minecraft:entity":{"component_groups":{"minecraft:laptop_close":{"minecraft:transformation":{"into":"se:laptop_open.state"}}},"components":{"minecraft:collision_box":{"height":9999,"width":9999},"minecraft:health":{"max":1,"value":1},"minecraft:movement":{"value":0.05},"minecraft:nameable":{},"minecraft:physics":{},"minecraft:push_through":{"value":1},"minecraft:scale":{"value":0.7},"minecraft:timer":{"looping":false,"randomInterval":false,"time":[0.85,0.85],"time_down_event":{"event":"minecraft:close"}},"minecraft:type_family":{"family":["schoolequipments"]}},"description":{"identifier":"se:laptop_open","is_experimental":false,"is_spawnable":false,"is_summonable":true},"events":{"minecraft:close":{"add":{"component_groups":["minecraft:laptop_close"]}}}}}