{
  "jc:red_door": {
    "textures": "jc_red_door",
    "sound": "wood"
  },
  "jc:blue_door": {
    "textures": "jc_blue_door",
    "sound": "wood"
  },
  "jc:yellow_door": {
    "textures": "jc_yellow_door",
    "sound": "wood"
  },
  "jc:white_door": {
    "textures": "jc_white_door",
    "sound": "wood"
  },
  "jc:orange_door": {
    "textures": "jc_orange_door",
    "sound": "wood"
  },
  "jc:green_door": {
    "textures": "jc_green_door",
    "sound": "wood"
  },
  "jc:purple_door": {
    "textures": "jc_purple_door",
    "sound": "wood"
  },
  "jc:code_door": {
    "textures": "jc_code_door",
    "sound": "anvil"
  },
  "jc:code_door_on": {
    "textures": "jc_code_door_on",
    "sound": "anvil"
  },
  "jc:doorplanks": {
    "textures": "jc_doorplanks",
    "sound": "wood"
  },
  "jc:top_door": {
    "textures": "jc_top_door",
    "sound": "wood"
  },
  "format_version": [
    1,
    1,
    0
  ]
}