{
   "format_version": "1.8.0",
   "minecraft:client_entity": {
      "description": {
         "animation_controllers": [
            {
               "looking": "controller.animation.57titan.looking"
            },
            {
               "attack": "controller.animation.57_titan.attack"
            },
            {
               "spawn": "controller.animation.iron_golem_titan.spawn"
            },
            {
               "dead": "controller.animation.iron_golem_titan.dead"
            },
            {
               "summon": "controller.animation.iron_golem_titan.summon"
            },
            {
               "summon2": "controller.animation.iron_golem_titan.summon2"
            },
            {
               "summon4": "controller.animation.iron_golem_titan.summon4"
            },
            {
               "summon5": "controller.animation.iron_golem_titan.summon5"
            },
            {
               "summon6": "controller.animation.iron_golem_titan.summon6"
            },
            {
               "move": "controller.animation.iron_golem_titan.move"
            },
            {
               "fall": "controller.animation.ztitan.fall"
            }
         ],
         "animations": {
            "attack": "animation.iron_golem_titan.attack",
            "attack2": "animation.iron_golem_titan.attack",
            "attack3": "animation.iron_golem_titan.attack",
            "attack4": "animation.iron_golem_titan.attack",
            "dead": "animation.iron_golem_titan.dead",
            "fall": "animation.ig_titan.fall",
            "look_at_target_default": "animation.humanoid.look_at_target.default.v1.0",
            "look_at_target_gliding": "animation.humanoid.look_at_target.gliding.v1.0",
            "look_at_target_swimming": "animation.humanoid.look_at_target.swimming.v1.0",
            "looking": "animation.iron_golem_titan.look_at_target",
            "move": "animation.iron_golem_titan.move",
            "spawn": "animation.iron_golem_titan.spawn",
            "summon": "animation.iron_golem_titan.summon",
            "summon2": "animation.iron_golem_titan.summon2",
            "summon4": "animation.iron_golem_titan.summon4",
            "summon5": "animation.iron_golem_titan.summon5",
            "summon6": "animation.iron_golem_titan.summon6"
         },
         "geometry": {
            "default": "geometry.big_cameraman_titan"
         },
         "identifier": "stmc:big_cameraman_titan",
         "materials": {
            "default": "iron_golem"
         },
         "render_controllers": [
            "controller.render.iron_golem"
         ],
         "scripts": {
            "pre_animation": [
               "variable.tcos0 = (Math.cos(query.modified_distance_moved * 38.17) * query.modified_move_speed / variable.gliding_speed_value) * 57.3;"
            ],
            "scale": "1.5"
         },
         "spawn_egg": {
            "texture": "bcmtegg",
            "texture_index": 0
         },
         "textures": {
            "default": "textures/entity/titans/bcmt"
         }
      }
   }
}