{
   "format_version": "1.8.0",
   "minecraft:client_entity": {
      "description": {
         "animation_controllers": [
            {
               "fly": "controller.animation.titan.fly"
            },
            {
               "general": "controller.animation.57titan.general"
            },
            {
               "looking": "controller.animation.57titan.looking"
            },
            {
               "attack": "controller.animation.57_titan.attack"
            },
            {
               "move": "controller.animation.ztitan.move"
            },
            {
               "fall": "controller.animation.ztitan.fall"
            },
            {
               "spawn": "controller.animation.ztitan.spawn"
            },
            {
               "dead": "controller.animation.ztitan.dead"
            },
            {
               "spawlookn": "controller.animation.zombie_titan.look"
            },
            {
               "summon": "controller.animation.zombie_titan.summon"
            },
            {
               "summon2": "controller.animation.zombie_titan.summon2"
            },
            {
               "summon3": "controller.animation.zombie_titan.summon3"
            },
            {
               "summon4": "controller.animation.zombie_titan.summon4"
            },
            {
               "summon7": "controller.animation.zombie_titan.summon7"
            },
            {
               "summon8": "controller.animation.zombie_titan.summon8"
            },
            {
               "summon11": "controller.animation.zombie_titan.summon11"
            },
            {
               "slash": "controller.animation.zombie_titan.slash"
            },
            {
               "jump": "controller.animation.zombie_titan.jump"
            },
            {
               "head": "controller.animation.zombie_titan.head"
            }
         ],
         "animations": {
            "attack": "animation.zombie_titan2.attack",
            "attack2": "animation.zombie_titan2.attack2",
            "attack3": "animation.zombie_titan.attack3",
            "attack4": "animation.zombie_titan.attack5",
            "attack5": "animation.zombie_titan.attack5",
            "dead": "animation.zombie_titan.dead",
            "fall": "animation.zombie_titan.fall",
            "fly": "animation.zombie_titan.fly",
            "general": "animation.zombie_titan.general",
            "head": "animation.zombie_titan.head",
            "jump": "animation.zombie_titan.jump",
            "look_at_target_default": "animation.humanoid.look_at_target.default.v1.0",
            "look_at_target_gliding": "animation.humanoid.look_at_target.gliding.v1.0",
            "look_at_target_swimming": "animation.humanoid.look_at_target.swimming.v1.0",
            "looking": "animation.zombie_titan.look",
            "move": "animation.zombie_titan.move",
            "slash": "animation.zombie_titan.slash2",
            "spawn": "animation.zombie_titan.spawn",
            "summon": "animation.zombie_titan.summon",
            "summon11": "animation.zombie_titan.summon11",
            "summon2": "animation.zombie_titan.summon2",
            "summon3": "animation.zombie_titan.summon3",
            "summon4": "animation.zombie_titan.summon4",
            "summon7": "animation.zombie_titan.summon7",
            "summon8": "animation.zombie_titan.slash"
         },
         "enable_attachables": true,
         "geometry": {
            "default": "geometry.computerman_titan"
         },
         "identifier": "stmc:computerman_titan",
         "materials": {
            "default": "zombie"
         },
         "particle_effects": {
            "fly": "57:titan_fly"
         },
         "render_controllers": [
            "controller.render.zombie"
         ],
         "scripts": {
            "pre_animation": [
               "variable.tcos0 = (Math.cos(query.modified_distance_moved * 38.17) * query.modified_move_speed / variable.gliding_speed_value) * 57.3;"
            ],
            "scale": "3"
         },
         "spawn_egg": {
            "texture": "computermantitanegg",
            "texture_index": 0
         },
         "textures": {
            "default": "textures/entity/titans/computerman_titan"
         }
      }
   }
}