{
  "format_version": "1.12.0",
  "minecraft:geometry": [
    {
      "description": {
        "identifier": "geometry.ag1_blue",
        "texture_width": 1024,
        "texture_height": 1024,
        "visible_bounds_width": 57,
        "visible_bounds_height": 53,
        "visible_bounds_offset": [
          0,
          0.5,
          0
        ]
      },
      "bones": [
        {
          "name": "All",
          "pivot": [
            1,
            97,
            0
          ]
        },
        {
          "name": "Body",
          "parent": "All",
          "pivot": [
            1,
            81,
            0
          ],
          "cubes": [
            {
              "origin": [
                -18,
                81,
                -7
              ],
              "size": [
                37,
                23,
                17
              ],
              "uv": [
                119,
                36
              ]
            },
            {
              "origin": [
                -18,
                48,
                8.8
              ],
              "size": [
                37,
                56,
                0
              ],
              "uv": [
                153,
                76
              ]
            }
          ]
        },
        {
          "name": "Jubah",
          "parent": "Body",
          "pivot": [
            -19,
            102,
            0
          ],
          "cubes": [
            {
              "origin": [
                -20,
                76,
                -7
              ],
              "size": [
                1,
                28,
                17
              ],
              "uv": [
                161,
                293
              ]
            },
            {
              "origin": [
                -20,
                76,
                9
              ],
              "size": [
                1,
                28,
                21
              ],
              "pivot": [
                -19,
                102,
                10
              ],
              "rotation": [
                0,
                90,
                0
              ],
              "uv": [
                75,
                252
              ]
            }
          ]
        },
        {
          "name": "Jubah2",
          "parent": "Jubah",
          "pivot": [
            -20,
            76,
            0
          ],
          "cubes": [
            {
              "origin": [
                -20,
                48,
                -7
              ],
              "size": [
                1,
                28,
                17
              ],
              "uv": [
                293,
                72
              ]
            },
            {
              "origin": [
                -20,
                48,
                9
              ],
              "size": [
                1,
                28,
                21
              ],
              "pivot": [
                -19,
                74,
                10
              ],
              "rotation": [
                0,
                90,
                0
              ],
              "uv": [
                247,
                249
              ]
            },
            {
              "origin": [
                -19.5,
                73,
                10
              ],
              "size": [
                0,
                7,
                20
              ],
              "pivot": [
                -19,
                74,
                10
              ],
              "rotation": [
                0,
                90,
                0
              ],
              "uv": [
                112,
                63
              ]
            }
          ]
        },
        {
          "name": "Jubah4",
          "parent": "Jubah2",
          "pivot": [
            -20,
            82,
            -7
          ],
          "rotation": [
            0,
            -82.5,
            0
          ],
          "cubes": [
            {
              "origin": [
                -20,
                49,
                -20
              ],
              "size": [
                1,
                27,
                13
              ],
              "uv": [
                37,
                328
              ]
            },
            {
              "origin": [
                -19.5,
                76,
                -20
              ],
              "size": [
                0,
                3,
                13
              ],
              "uv": [
                136,
                19
              ]
            }
          ]
        },
        {
          "name": "Jubah3",
          "parent": "Jubah",
          "pivot": [
            -20,
            104,
            -7
          ],
          "rotation": [
            0,
            -82.5,
            0
          ],
          "cubes": [
            {
              "origin": [
                -20,
                76,
                -20
              ],
              "size": [
                1,
                28,
                13
              ],
              "uv": [
                184,
                325
              ]
            },
            {
              "origin": [
                -19.5,
                98,
                -20
              ],
              "size": [
                0,
                9,
                13
              ],
              "uv": [
                227,
                99
              ]
            }
          ]
        },
        {
          "name": "Jubah5",
          "parent": "Body",
          "pivot": [
            21,
            102,
            0
          ],
          "cubes": [
            {
              "origin": [
                20,
                76,
                -7
              ],
              "size": [
                1,
                28,
                17
              ],
              "uv": [
                288,
                169
              ]
            },
            {
              "origin": [
                20,
                76,
                11
              ],
              "size": [
                1,
                28,
                20
              ],
              "pivot": [
                21,
                89,
                11
              ],
              "rotation": [
                0,
                -90,
                0
              ],
              "uv": [
                119,
                265
              ]
            }
          ]
        },
        {
          "name": "Jubah6",
          "parent": "Jubah5",
          "pivot": [
            20,
            76,
            0
          ],
          "cubes": [
            {
              "origin": [
                20,
                48,
                -7
              ],
              "size": [
                1,
                28,
                17
              ],
              "uv": [
                274,
                281
              ]
            },
            {
              "origin": [
                21,
                48,
                10
              ],
              "size": [
                1,
                28,
                20
              ],
              "pivot": [
                21,
                62,
                10
              ],
              "rotation": [
                0,
                -90,
                0
              ],
              "uv": [
                0,
                255
              ]
            },
            {
              "origin": [
                21.5,
                73,
                10
              ],
              "size": [
                0,
                7,
                20
              ],
              "pivot": [
                21,
                62,
                10
              ],
              "rotation": [
                0,
                -90,
                0
              ],
              "uv": [
                112,
                56
              ]
            }
          ]
        },
        {
          "name": "Jubah7",
          "parent": "Jubah6",
          "pivot": [
            21,
            76,
            -8
          ],
          "rotation": [
            0,
            -95,
            0
          ],
          "cubes": [
            {
              "origin": [
                21,
                49,
                -8
              ],
              "size": [
                1,
                27,
                13
              ],
              "uv": [
                325,
                317
              ]
            },
            {
              "origin": [
                21.5,
                76,
                -8
              ],
              "size": [
                0,
                3,
                13
              ],
              "uv": [
                136,
                16
              ]
            }
          ]
        },
        {
          "name": "Jubah8",
          "parent": "Jubah5",
          "pivot": [
            21,
            104,
            -8
          ],
          "rotation": [
            0,
            -95,
            0
          ],
          "cubes": [
            {
              "origin": [
                21,
                76,
                -8
              ],
              "size": [
                1,
                28,
                13
              ],
              "uv": [
                124,
                313
              ]
            },
            {
              "origin": [
                21.5,
                98,
                -8
              ],
              "size": [
                0,
                9,
                13
              ],
              "uv": [
                161,
                201
              ]
            }
          ]
        },
        {
          "name": "Torso",
          "parent": "Body",
          "pivot": [
            0,
            104,
            11
          ],
          "cubes": [
            {
              "origin": [
                -24,
                104,
                -7
              ],
              "size": [
                49,
                34,
                19
              ],
              "uv": [
                0,
                0
              ]
            },
            {
              "origin": [
                -17,
                94,
                -21
              ],
              "size": [
                37,
                37,
                14
              ],
              "uv": [
                0,
                53
              ]
            }
          ]
        },
        {
          "name": "Roket",
          "parent": "Torso",
          "pivot": [
            3,
            116,
            23
          ],
          "cubes": [
            {
              "origin": [
                -8,
                147,
                17
              ],
              "size": [
                3,
                5,
                11
              ],
              "pivot": [
                -8,
                147,
                32
              ],
              "rotation": [
                0,
                0,
                52.5
              ],
              "uv": [
                101,
                302
              ]
            },
            {
              "origin": [
                -8,
                67,
                17
              ],
              "size": [
                6,
                6,
                11
              ],
              "pivot": [
                -8,
                67,
                32
              ],
              "rotation": [
                0,
                0,
                42.5
              ],
              "uv": [
                329,
                86
              ]
            },
            {
              "origin": [
                -8,
                56,
                17
              ],
              "size": [
                6,
                9,
                11
              ],
              "pivot": [
                -8,
                59,
                32
              ],
              "rotation": [
                0,
                0,
                42.5
              ],
              "uv": [
                141,
                265
              ]
            },
            {
              "origin": [
                8,
                147,
                17
              ],
              "size": [
                3,
                5,
                11
              ],
              "pivot": [
                11,
                147,
                32
              ],
              "rotation": [
                0,
                0,
                -52.5
              ],
              "uv": [
                101,
                302
              ]
            },
            {
              "origin": [
                6,
                67,
                17
              ],
              "size": [
                5,
                6,
                11
              ],
              "pivot": [
                11,
                67,
                32
              ],
              "rotation": [
                0,
                0,
                -42.5
              ],
              "uv": [
                277,
                72
              ]
            },
            {
              "origin": [
                6,
                56,
                17
              ],
              "size": [
                5,
                9,
                11
              ],
              "pivot": [
                11,
                59,
                32
              ],
              "rotation": [
                0,
                0,
                -42.5
              ],
              "uv": [
                60,
                164
              ]
            },
            {
              "origin": [
                -8,
                67,
                17
              ],
              "size": [
                19,
                80,
                11
              ],
              "uv": [
                0,
                109
              ]
            },
            {
              "origin": [
                -9,
                67,
                27
              ],
              "size": [
                6,
                80,
                3
              ],
              "pivot": [
                -6,
                117,
                30
              ],
              "rotation": [
                0,
                -50,
                0
              ],
              "uv": [
                0,
                429
              ]
            },
            {
              "origin": [
                -9,
                67,
                12
              ],
              "size": [
                6,
                80,
                3
              ],
              "pivot": [
                -6,
                117,
                15
              ],
              "rotation": [
                0,
                -135,
                0
              ],
              "uv": [
                0,
                429
              ]
            },
            {
              "origin": [
                6,
                67,
                12
              ],
              "size": [
                6,
                80,
                3
              ],
              "pivot": [
                9,
                117,
                15
              ],
              "rotation": [
                0,
                135,
                0
              ],
              "uv": [
                0,
                429
              ]
            },
            {
              "origin": [
                6,
                67,
                27
              ],
              "size": [
                6,
                80,
                3
              ],
              "pivot": [
                9,
                117,
                30
              ],
              "rotation": [
                0,
                42.5,
                0
              ],
              "uv": [
                106,
                189
              ]
            },
            {
              "origin": [
                -4,
                67,
                13
              ],
              "size": [
                11,
                80,
                19
              ],
              "uv": [
                93,
                90
              ]
            },
            {
              "origin": [
                -10,
                47,
                10
              ],
              "size": [
                3,
                11,
                25
              ],
              "uv": [
                257,
                190
              ]
            },
            {
              "origin": [
                -7,
                47,
                32
              ],
              "size": [
                17,
                11,
                3
              ],
              "uv": [
                320,
                266
              ]
            },
            {
              "origin": [
                -7,
                47,
                10
              ],
              "size": [
                17,
                11,
                3
              ],
              "uv": [
                320,
                266
              ]
            },
            {
              "origin": [
                10,
                47,
                10
              ],
              "size": [
                3,
                11,
                25
              ],
              "uv": [
                257,
                190
              ]
            },
            {
              "origin": [
                12,
                58,
                22
              ],
              "size": [
                1,
                11,
                1
              ],
              "pivot": [
                12,
                58,
                23
              ],
              "rotation": [
                0,
                0,
                -12.5
              ],
              "uv": [
                14,
                0
              ]
            },
            {
              "origin": [
                -10,
                58,
                22
              ],
              "size": [
                1,
                11,
                1
              ],
              "pivot": [
                -9,
                58,
                23
              ],
              "rotation": [
                0,
                0,
                12.5
              ],
              "uv": [
                14,
                0
              ]
            },
            {
              "origin": [
                -7,
                57,
                10
              ],
              "size": [
                17,
                1,
                25
              ],
              "uv": [
                188,
                189
              ]
            },
            {
              "origin": [
                -4,
                147,
                17
              ],
              "size": [
                11,
                3,
                11
              ],
              "uv": [
                315,
                293
              ]
            },
            {
              "origin": [
                -4,
                147,
                28
              ],
              "size": [
                11,
                5,
                4
              ],
              "pivot": [
                1,
                147,
                32
              ],
              "rotation": [
                52.5,
                0,
                0
              ],
              "uv": [
                314,
                0
              ]
            },
            {
              "origin": [
                -4,
                56,
                28
              ],
              "size": [
                11,
                9,
                4
              ],
              "pivot": [
                1,
                60,
                32
              ],
              "rotation": [
                52.5,
                0,
                0
              ],
              "uv": [
                333,
                103
              ]
            },
            {
              "origin": [
                -4,
                147,
                13
              ],
              "size": [
                11,
                5,
                4
              ],
              "pivot": [
                1,
                147,
                13
              ],
              "rotation": [
                -52.5,
                0,
                0
              ],
              "uv": [
                314,
                0
              ]
            },
            {
              "origin": [
                -4,
                56,
                13
              ],
              "size": [
                11,
                9,
                4
              ],
              "pivot": [
                1,
                60,
                13
              ],
              "rotation": [
                -52.5,
                0,
                0
              ],
              "uv": [
                333,
                103
              ]
            },
            {
              "origin": [
                -4,
                63,
                13
              ],
              "size": [
                11,
                5,
                19
              ],
              "uv": [
                270,
                226
              ]
            }
          ]
        },
        {
          "name": "Leher",
          "parent": "Torso",
          "pivot": [
            1,
            135,
            -3
          ],
          "cubes": [
            {
              "origin": [
                0,
                136,
                -4
              ],
              "size": [
                2,
                9,
                2
              ],
              "uv": [
                98,
                53
              ]
            }
          ]
        },
        {
          "name": "Head",
          "parent": "Leher",
          "pivot": [
            -2,
            137,
            -4
          ],
          "cubes": [
            {
              "origin": [
                -18,
                164,
                -14
              ],
              "size": [
                37,
                3,
                6
              ],
              "uv": [
                241,
                144
              ]
            },
            {
              "origin": [
                -18,
                137,
                -14
              ],
              "size": [
                37,
                3,
                6
              ],
              "uv": [
                228,
                0
              ]
            },
            {
              "origin": [
                -22,
                137,
                -14
              ],
              "size": [
                4,
                30,
                6
              ],
              "uv": [
                65,
                328
              ]
            },
            {
              "origin": [
                19,
                137,
                -14
              ],
              "size": [
                4,
                30,
                6
              ],
              "uv": [
                324,
                179
              ]
            },
            {
              "origin": [
                -20,
                139,
                -8
              ],
              "size": [
                43,
                26,
                3
              ],
              "uv": [
                136,
                0
              ]
            },
            {
              "origin": [
                -16,
                142,
                -5
              ],
              "size": [
                35,
                19,
                9
              ],
              "uv": [
                153,
                132
              ]
            },
            {
              "origin": [
                -16,
                142,
                -7
              ],
              "size": [
                5,
                20,
                6
              ],
              "pivot": [
                -16,
                152,
                -1
              ],
              "rotation": [
                0,
                45,
                0
              ],
              "uv": [
                238,
                298
              ]
            },
            {
              "origin": [
                19,
                142,
                -7
              ],
              "size": [
                6,
                20,
                6
              ],
              "pivot": [
                19,
                152,
                -1
              ],
              "rotation": [
                0,
                45,
                0
              ],
              "uv": [
                232,
                330
              ]
            },
            {
              "origin": [
                -16,
                161,
                0
              ],
              "size": [
                35,
                10,
                4
              ],
              "pivot": [
                -2,
                161,
                4
              ],
              "rotation": [
                67.5,
                0,
                0
              ],
              "uv": [
                264,
                9
              ]
            }
          ]
        },
        {
          "name": "Putih",
          "parent": "Head",
          "pivot": [
            0,
            152,
            -13
          ],
          "cubes": [
            {
              "origin": [
                -20,
                139,
                -13
              ],
              "size": [
                43,
                26,
                0
              ],
              "uv": [
                213,
                160
              ]
            }
          ]
        },
        {
          "name": "Effeck",
          "parent": "Head",
          "pivot": [
            0,
            152,
            -8
          ],
          "cubes": [
            {
              "origin": [
                -20,
                139,
                -38
              ],
              "size": [
                43,
                26,
                30
              ],
              "uv": [
                189,
                456
              ]
            }
          ]
        },
        {
          "name": "",
          "parent": "Head",
          "pivot": [
            0,
            152,
            -8
          ],
          "cubes": [
            {
              "origin": [
                -20,
                139,
                -8
              ],
              "size": [
                43,
                26,
                0
              ],
              "uv": [
                340,
                486
              ]
            }
          ]
        },
        {
          "name": "Layar",
          "parent": "Head",
          "pivot": [
            0,
            151,
            -9
          ],
          "cubes": [
            {
              "origin": [
                -20,
                139,
                -9
              ],
              "size": [
                43,
                26,
                0
              ],
              "uv": [
                426,
                486
              ]
            }
          ]
        },
        {
          "name": "Natalia",
          "parent": "Torso",
          "pivot": [
            13,
            133,
            12
          ],
          "rotation": [
            -90,
            0,
            0
          ],
          "cubes": [
            {
              "origin": [
                11,
                130,
                12
              ],
              "size": [
                4,
                6,
                13
              ],
              "uv": [
                85,
                328
              ]
            }
          ]
        },
        {
          "name": "bone4",
          "parent": "Natalia",
          "pivot": [
            13,
            135,
            25
          ],
          "rotation": [
            171.55764,
            -27.24513,
            3.88714
          ],
          "cubes": [
            {
              "origin": [
                10,
                132,
                23
              ],
              "size": [
                6,
                6,
                8
              ],
              "uv": [
                338,
                54
              ]
            },
            {
              "origin": [
                11,
                133,
                31
              ],
              "size": [
                3,
                4,
                10
              ],
              "uv": [
                340,
                307
              ]
            },
            {
              "origin": [
                10,
                132,
                37
              ],
              "size": [
                5,
                6,
                10
              ],
              "uv": [
                282,
                330
              ]
            }
          ]
        },
        {
          "name": "bone5",
          "parent": "bone4",
          "pivot": [
            13,
            135,
            45
          ],
          "rotation": [
            140,
            0,
            0
          ],
          "cubes": [
            {
              "origin": [
                15,
                133,
                42
              ],
              "size": [
                2,
                4,
                23
              ],
              "pivot": [
                13,
                135,
                43
              ],
              "rotation": [
                45.02728,
                -1.76749,
                -1.76833
              ],
              "uv": [
                0,
                305
              ]
            },
            {
              "origin": [
                8,
                133,
                42
              ],
              "size": [
                2,
                4,
                23
              ],
              "pivot": [
                13,
                135,
                43
              ],
              "rotation": [
                45.24614,
                5.29571,
                5.31847
              ],
              "uv": [
                304,
                130
              ]
            }
          ]
        },
        {
          "name": "bone7",
          "parent": "bone5",
          "pivot": [
            13,
            150,
            57
          ],
          "rotation": [
            -162.5,
            0,
            0
          ],
          "cubes": [
            {
              "origin": [
                12,
                147.29289,
                54.4939
              ],
              "size": [
                2,
                4,
                23
              ],
              "pivot": [
                13,
                150,
                57
              ],
              "rotation": [
                15,
                0,
                0
              ],
              "uv": [
                288,
                303
              ]
            }
          ]
        },
        {
          "name": "bone6",
          "parent": "bone7",
          "pivot": [
            13,
            153,
            77
          ],
          "rotation": [
            -55,
            0,
            0
          ],
          "cubes": [
            {
              "origin": [
                9,
                148,
                76
              ],
              "size": [
                8,
                13,
                5
              ],
              "uv": [
                337,
                18
              ]
            },
            {
              "origin": [
                14,
                156,
                74
              ],
              "size": [
                1,
                42,
                13
              ],
              "pivot": [
                13,
                153,
                77
              ],
              "rotation": [
                0,
                0,
                7.5
              ],
              "uv": [
                210,
                280
              ]
            },
            {
              "origin": [
                12,
                156,
                74
              ],
              "size": [
                1,
                42,
                13
              ],
              "uv": [
                210,
                280
              ]
            },
            {
              "origin": [
                11,
                156,
                74
              ],
              "size": [
                1,
                42,
                13
              ],
              "pivot": [
                13,
                153,
                77
              ],
              "rotation": [
                0,
                0,
                -10
              ],
              "uv": [
                210,
                280
              ]
            },
            {
              "origin": [
                15,
                144,
                77
              ],
              "size": [
                2,
                4,
                1
              ],
              "uv": [
                161,
                160
              ]
            },
            {
              "origin": [
                9,
                144,
                77
              ],
              "size": [
                2,
                4,
                1
              ],
              "uv": [
                142,
                97
              ]
            }
          ]
        },
        {
          "name": "Natalia2",
          "parent": "Torso",
          "pivot": [
            -10,
            132,
            12
          ],
          "rotation": [
            -90,
            0,
            0
          ],
          "cubes": [
            {
              "origin": [
                -12,
                129,
                12
              ],
              "size": [
                4,
                6,
                13
              ],
              "uv": [
                322,
                237
              ]
            }
          ]
        },
        {
          "name": "bone3",
          "parent": "Natalia2",
          "pivot": [
            -10,
            134,
            25
          ],
          "rotation": [
            171.73489,
            24.77164,
            -3.48303
          ],
          "cubes": [
            {
              "origin": [
                -13,
                131,
                23
              ],
              "size": [
                6,
                6,
                8
              ],
              "uv": [
                204,
                266
              ]
            },
            {
              "origin": [
                -12,
                132,
                31
              ],
              "size": [
                3,
                4,
                10
              ],
              "uv": [
                152,
                338
              ]
            },
            {
              "origin": [
                -13,
                131,
                37
              ],
              "size": [
                5,
                6,
                10
              ],
              "uv": [
                180,
                293
              ]
            }
          ]
        },
        {
          "name": "bone8",
          "parent": "bone3",
          "pivot": [
            -10,
            134,
            45
          ],
          "rotation": [
            140,
            0,
            0
          ],
          "cubes": [
            {
              "origin": [
                -8,
                132,
                42
              ],
              "size": [
                2,
                4,
                23
              ],
              "pivot": [
                -10,
                134,
                43
              ],
              "rotation": [
                45.02728,
                -1.76749,
                -1.76833
              ],
              "uv": [
                238,
                303
              ]
            },
            {
              "origin": [
                -15,
                132,
                42
              ],
              "size": [
                2,
                4,
                23
              ],
              "pivot": [
                -10,
                134,
                43
              ],
              "rotation": [
                45.24614,
                5.29571,
                5.31847
              ],
              "uv": [
                74,
                301
              ]
            }
          ]
        },
        {
          "name": "bone9",
          "parent": "bone8",
          "pivot": [
            -10,
            149,
            57
          ],
          "rotation": [
            -162.5,
            0,
            0
          ],
          "cubes": [
            {
              "origin": [
                -11,
                146.29289,
                54.4939
              ],
              "size": [
                2,
                4,
                23
              ],
              "pivot": [
                -10,
                149,
                57
              ],
              "rotation": [
                15,
                0,
                0
              ],
              "uv": [
                293,
                266
              ]
            }
          ]
        },
        {
          "name": "bone10",
          "parent": "bone9",
          "pivot": [
            -10,
            152,
            77
          ],
          "rotation": [
            -55,
            0,
            0
          ],
          "cubes": [
            {
              "origin": [
                -14,
                147,
                76
              ],
              "size": [
                8,
                13,
                5
              ],
              "uv": [
                337,
                18
              ]
            },
            {
              "origin": [
                -11,
                155,
                74
              ],
              "size": [
                1,
                42,
                13
              ],
              "uv": [
                210,
                280
              ]
            },
            {
              "origin": [
                -8.99144,
                154.86947,
                74
              ],
              "size": [
                1,
                42,
                13
              ],
              "pivot": [
                -10,
                152,
                77
              ],
              "rotation": [
                0,
                0,
                7.5
              ],
              "uv": [
                210,
                280
              ]
            },
            {
              "origin": [
                -12,
                155,
                74
              ],
              "size": [
                1,
                42,
                13
              ],
              "pivot": [
                -10,
                152,
                77
              ],
              "rotation": [
                0,
                0,
                -10
              ],
              "uv": [
                210,
                280
              ]
            },
            {
              "origin": [
                -8,
                143,
                77
              ],
              "size": [
                2,
                11,
                1
              ],
              "uv": [
                117,
                0
              ]
            },
            {
              "origin": [
                -14,
                143,
                77
              ],
              "size": [
                2,
                11,
                1
              ],
              "uv": [
                106,
                53
              ]
            }
          ]
        },
        {
          "name": "Arm3",
          "parent": "Torso",
          "pivot": [
            32,
            137,
            1
          ],
          "cubes": [
            {
              "origin": [
                24,
                120,
                -11
              ],
              "size": [
                19,
                18,
                14
              ],
              "pivot": [
                42,
                127,
                -4
              ],
              "rotation": [
                12.5,
                0,
                12.5
              ],
              "uv": [
                242,
                112
              ]
            },
            {
              "origin": [
                24,
                148,
                -11
              ],
              "size": [
                19,
                2,
                14
              ],
              "pivot": [
                42,
                127,
                -4
              ],
              "rotation": [
                12.5,
                0,
                12.5
              ],
              "uv": [
                270,
                250
              ]
            },
            {
              "origin": [
                24,
                138,
                -11
              ],
              "size": [
                3,
                12,
                14
              ],
              "pivot": [
                42,
                127,
                -4
              ],
              "rotation": [
                12.5,
                0,
                12.5
              ],
              "uv": [
                247,
                186
              ]
            },
            {
              "origin": [
                40,
                138,
                -11
              ],
              "size": [
                3,
                12,
                14
              ],
              "pivot": [
                42,
                127,
                -4
              ],
              "rotation": [
                12.5,
                0,
                12.5
              ],
              "uv": [
                247,
                186
              ]
            },
            {
              "origin": [
                24,
                138,
                -11
              ],
              "size": [
                19,
                1,
                14
              ],
              "pivot": [
                42,
                127,
                -4
              ],
              "rotation": [
                12.5,
                0,
                12.5
              ],
              "uv": [
                277,
                23
              ]
            },
            {
              "origin": [
                26,
                138,
                -8
              ],
              "size": [
                15,
                10,
                11
              ],
              "pivot": [
                42,
                127,
                -4
              ],
              "rotation": [
                12.5,
                0,
                12.5
              ],
              "uv": [
                311,
                215
              ]
            },
            {
              "origin": [
                32,
                93,
                -6
              ],
              "size": [
                11,
                44,
                11
              ],
              "uv": [
                0,
                200
              ]
            },
            {
              "origin": [
                32,
                93,
                -6
              ],
              "size": [
                11,
                44,
                11
              ],
              "pivot": [
                32,
                94,
                -6
              ],
              "rotation": [
                0,
                0,
                -22.5
              ],
              "uv": [
                0,
                200
              ]
            },
            {
              "origin": [
                38,
                93,
                -6
              ],
              "size": [
                5,
                44,
                11
              ],
              "pivot": [
                43,
                137,
                1
              ],
              "rotation": [
                0,
                0,
                -7.5
              ],
              "uv": [
                60,
                109
              ]
            }
          ]
        },
        {
          "name": "Tangan6",
          "parent": "Arm3",
          "pivot": [
            48,
            94,
            5
          ],
          "cubes": [
            {
              "origin": [
                32,
                54,
                -7
              ],
              "size": [
                16,
                40,
                14
              ],
              "uv": [
                153,
                160
              ]
            }
          ]
        },
        {
          "name": "Telapak2",
          "parent": "Tangan6",
          "pivot": [
            44,
            57,
            0
          ],
          "cubes": [
            {
              "origin": [
                38,
                43,
                -6
              ],
              "size": [
                6,
                14,
                12
              ],
              "uv": [
                314,
                60
              ]
            },
            {
              "origin": [
                36,
                43,
                -6
              ],
              "size": [
                8,
                14,
                5
              ],
              "uv": [
                331,
                129
              ]
            }
          ]
        },
        {
          "name": "Jari6",
          "parent": "Telapak2",
          "pivot": [
            43,
            43,
            5
          ],
          "cubes": [
            {
              "origin": [
                42,
                39,
                4
              ],
              "size": [
                2,
                4,
                2
              ],
              "uv": [
                162,
                29
              ]
            }
          ]
        },
        {
          "name": "Jar7",
          "parent": "Jari6",
          "pivot": [
            44,
            39,
            5
          ],
          "cubes": [
            {
              "origin": [
                42,
                35,
                4
              ],
              "size": [
                2,
                4,
                2
              ],
              "uv": [
                153,
                160
              ]
            }
          ]
        },
        {
          "name": "Jari7",
          "parent": "Telapak2",
          "pivot": [
            43,
            43,
            2
          ],
          "cubes": [
            {
              "origin": [
                42,
                38,
                1
              ],
              "size": [
                2,
                5,
                2
              ],
              "uv": [
                123,
                7
              ]
            }
          ]
        },
        {
          "name": "Jar8",
          "parent": "Jari7",
          "pivot": [
            44,
            38,
            2
          ],
          "cubes": [
            {
              "origin": [
                42,
                33,
                1
              ],
              "size": [
                2,
                5,
                2
              ],
              "uv": [
                123,
                0
              ]
            }
          ]
        },
        {
          "name": "Jari8",
          "parent": "Telapak2",
          "pivot": [
            44,
            43,
            -5
          ],
          "cubes": [
            {
              "origin": [
                42,
                38,
                -6
              ],
              "size": [
                2,
                5,
                2
              ],
              "uv": [
                117,
                12
              ]
            }
          ]
        },
        {
          "name": "Jar9",
          "parent": "Jari8",
          "pivot": [
            44,
            38,
            -6
          ],
          "cubes": [
            {
              "origin": [
                42,
                33,
                -6
              ],
              "size": [
                2,
                5,
                2
              ],
              "uv": [
                81,
                109
              ]
            }
          ]
        },
        {
          "name": "Jar10",
          "parent": "Jar9",
          "pivot": [
            42,
            33,
            -6
          ],
          "cubes": [
            {
              "origin": [
                42,
                32,
                -6
              ],
              "size": [
                2,
                1,
                2
              ],
              "uv": [
                0,
                63
              ]
            }
          ]
        },
        {
          "name": "Jari9",
          "parent": "Telapak2",
          "pivot": [
            38,
            43,
            -6
          ],
          "cubes": [
            {
              "origin": [
                36,
                40,
                -6
              ],
              "size": [
                3,
                3,
                2
              ],
              "uv": [
                59,
                109
              ]
            }
          ]
        },
        {
          "name": "Jar11",
          "parent": "Jari9",
          "pivot": [
            38,
            40,
            -6
          ],
          "cubes": [
            {
              "origin": [
                36,
                37,
                -6
              ],
              "size": [
                3,
                3,
                2
              ],
              "uv": [
                49,
                109
              ]
            }
          ]
        },
        {
          "name": "Jari10",
          "parent": "Telapak2",
          "pivot": [
            44,
            43,
            -2
          ],
          "cubes": [
            {
              "origin": [
                42,
                38,
                -3
              ],
              "size": [
                2,
                5,
                2
              ],
              "uv": [
                0,
                109
              ]
            }
          ]
        },
        {
          "name": "Jar12",
          "parent": "Jari10",
          "pivot": [
            44,
            38,
            -2
          ],
          "cubes": [
            {
              "origin": [
                42,
                32,
                -3
              ],
              "size": [
                2,
                6,
                2
              ],
              "uv": [
                0,
                10
              ]
            }
          ]
        },
        {
          "name": "Rante2",
          "parent": "Tangan6",
          "pivot": [
            48,
            88,
            2
          ],
          "rotation": [
            0,
            0,
            30
          ],
          "cubes": [
            {
              "origin": [
                45,
                85,
                -1
              ],
              "size": [
                6,
                9,
                1
              ],
              "uv": [
                0,
                0
              ]
            },
            {
              "origin": [
                49,
                89,
                -1.5
              ],
              "size": [
                2,
                19,
                1
              ],
              "pivot": [
                48.30385,
                89.66987,
                2
              ],
              "rotation": [
                0,
                0,
                -27.5
              ],
              "uv": [
                112,
                53
              ]
            },
            {
              "origin": [
                48.73395,
                68.91276,
                -2.5
              ],
              "size": [
                2,
                21,
                2
              ],
              "pivot": [
                50.0359,
                90.66987,
                0
              ],
              "rotation": [
                0,
                0,
                -40
              ],
              "uv": [
                98,
                240
              ]
            },
            {
              "origin": [
                54.71112,
                65.43569,
                -2.5
              ],
              "size": [
                1,
                4,
                2
              ],
              "pivot": [
                50.0359,
                90.66987,
                0
              ],
              "rotation": [
                0,
                0,
                -25
              ],
              "uv": [
                98,
                240
              ]
            },
            {
              "origin": [
                58.39986,
                67.27775,
                -2.5
              ],
              "size": [
                1,
                4,
                2
              ],
              "pivot": [
                50.0359,
                90.66987,
                0
              ],
              "rotation": [
                0,
                0,
                -17.5
              ],
              "uv": [
                98,
                240
              ]
            },
            {
              "origin": [
                47.24731,
                106.61154,
                -1.5
              ],
              "size": [
                1,
                4,
                1
              ],
              "pivot": [
                46.0359,
                97.59808,
                0
              ],
              "rotation": [
                0,
                0,
                -42.5
              ],
              "uv": [
                125,
                14
              ]
            },
            {
              "origin": [
                51.59717,
                104.2459,
                -1.5
              ],
              "size": [
                1,
                4,
                1
              ],
              "pivot": [
                46.0359,
                97.59808,
                0
              ],
              "rotation": [
                0,
                0,
                -62.5
              ],
              "uv": [
                125,
                14
              ]
            }
          ]
        },
        {
          "name": "Arm",
          "parent": "Torso",
          "pivot": [
            -30,
            137,
            1
          ],
          "cubes": [
            {
              "origin": [
                -41,
                93,
                -6
              ],
              "size": [
                11,
                44,
                11
              ],
              "uv": [
                224,
                215
              ]
            },
            {
              "origin": [
                -41,
                93,
                -6
              ],
              "size": [
                11,
                44,
                11
              ],
              "pivot": [
                -30,
                93,
                0
              ],
              "rotation": [
                0,
                0,
                22.5
              ],
              "uv": [
                224,
                215
              ]
            },
            {
              "origin": [
                -40,
                120,
                -11
              ],
              "size": [
                19,
                18,
                14
              ],
              "pivot": [
                -39,
                128,
                -4
              ],
              "rotation": [
                12.5,
                0,
                -12.5
              ],
              "uv": [
                241,
                112
              ]
            },
            {
              "origin": [
                -38,
                139,
                -8
              ],
              "size": [
                15,
                10,
                11
              ],
              "pivot": [
                -39,
                128,
                -4
              ],
              "rotation": [
                12.5,
                0,
                -12.5
              ],
              "uv": [
                311,
                215
              ]
            },
            {
              "origin": [
                -23,
                139,
                -11
              ],
              "size": [
                2,
                12,
                14
              ],
              "pivot": [
                -39,
                128,
                -4
              ],
              "rotation": [
                12.5,
                0,
                -12.5
              ],
              "uv": [
                315,
                103
              ]
            },
            {
              "origin": [
                -38,
                149,
                -11
              ],
              "size": [
                15,
                2,
                14
              ],
              "pivot": [
                -39,
                128,
                -4
              ],
              "rotation": [
                12.5,
                0,
                -12.5
              ],
              "uv": [
                307,
                38
              ]
            },
            {
              "origin": [
                -40,
                139,
                -11
              ],
              "size": [
                2,
                12,
                14
              ],
              "pivot": [
                -39,
                128,
                -4
              ],
              "rotation": [
                12.5,
                0,
                -12.5
              ],
              "uv": [
                315,
                103
              ]
            },
            {
              "origin": [
                -40,
                138,
                -11
              ],
              "size": [
                19,
                1,
                14
              ],
              "pivot": [
                -39,
                128,
                -4
              ],
              "rotation": [
                12.5,
                0,
                -12.5
              ],
              "uv": [
                277,
                23
              ]
            },
            {
              "origin": [
                -41,
                93,
                -6
              ],
              "size": [
                5,
                44,
                11
              ],
              "pivot": [
                -41,
                137,
                1
              ],
              "rotation": [
                0,
                0,
                7.5
              ],
              "uv": [
                42,
                273
              ]
            }
          ]
        },
        {
          "name": "Tangan3",
          "parent": "Arm",
          "pivot": [
            -46,
            93,
            5
          ]
        },
        {
          "name": "bone2",
          "parent": "Tangan3",
          "pivot": [
            -47,
            94,
            1
          ],
          "cubes": [
            {
              "origin": [
                -46,
                54,
                -7
              ],
              "size": [
                16,
                40,
                14
              ],
              "uv": [
                46,
                186
              ]
            }
          ]
        },
        {
          "name": "Rante",
          "parent": "bone2",
          "pivot": [
            -47,
            88,
            2
          ],
          "rotation": [
            0,
            0,
            -30
          ],
          "cubes": [
            {
              "origin": [
                -50,
                85,
                -1
              ],
              "size": [
                6,
                9,
                1
              ],
              "uv": [
                0,
                53
              ]
            },
            {
              "origin": [
                -50,
                89,
                -1.5
              ],
              "size": [
                2,
                19,
                1
              ],
              "pivot": [
                -47.13397,
                89.5718,
                2
              ],
              "rotation": [
                0,
                0,
                27.5
              ],
              "uv": [
                210,
                29
              ]
            },
            {
              "origin": [
                -56.61635,
                66.6062,
                -1.5
              ],
              "size": [
                1,
                4,
                2
              ],
              "pivot": [
                -48.86603,
                90.5718,
                0
              ],
              "rotation": [
                0,
                0,
                25
              ],
              "uv": [
                238,
                270
              ]
            },
            {
              "origin": [
                -60.3051,
                68.44826,
                -1.5
              ],
              "size": [
                1,
                4,
                2
              ],
              "pivot": [
                -48.86603,
                90.5718,
                0
              ],
              "rotation": [
                0,
                0,
                17.5
              ],
              "uv": [
                238,
                270
              ]
            },
            {
              "origin": [
                -49.73395,
                68.91276,
                -1.5
              ],
              "size": [
                2,
                21,
                2
              ],
              "pivot": [
                -48.86603,
                90.5718,
                0
              ],
              "rotation": [
                0,
                0,
                45
              ],
              "uv": [
                238,
                270
              ]
            },
            {
              "origin": [
                -47.24731,
                106.61154,
                -1.5
              ],
              "size": [
                1,
                4,
                1
              ],
              "pivot": [
                -44.86603,
                97.5,
                0
              ],
              "rotation": [
                0,
                0,
                42.5
              ],
              "uv": [
                134,
                104
              ]
            },
            {
              "origin": [
                -51.46427,
                103.92504,
                -1.5
              ],
              "size": [
                1,
                4,
                1
              ],
              "pivot": [
                -44.86603,
                97.5,
                0
              ],
              "rotation": [
                0,
                0,
                62.5
              ],
              "uv": [
                134,
                104
              ]
            }
          ]
        },
        {
          "name": "Telapak",
          "parent": "bone2",
          "pivot": [
            -42,
            56,
            0
          ],
          "cubes": [
            {
              "origin": [
                -42,
                42,
                -6
              ],
              "size": [
                8,
                14,
                5
              ],
              "uv": [
                0,
                332
              ]
            },
            {
              "origin": [
                -42,
                42,
                -1
              ],
              "size": [
                6,
                14,
                7
              ],
              "uv": [
                256,
                330
              ]
            }
          ]
        },
        {
          "name": "Jari",
          "parent": "Telapak",
          "pivot": [
            -41,
            42,
            5
          ],
          "cubes": [
            {
              "origin": [
                -42,
                38,
                4
              ],
              "size": [
                2,
                4,
                2
              ],
              "uv": [
                81,
                164
              ]
            }
          ]
        },
        {
          "name": "Jar",
          "parent": "Jari",
          "pivot": [
            -42,
            38,
            5
          ],
          "cubes": [
            {
              "origin": [
                -42,
                34,
                4
              ],
              "size": [
                2,
                4,
                2
              ],
              "uv": [
                60,
                164
              ]
            }
          ]
        },
        {
          "name": "Jari2",
          "parent": "Telapak",
          "pivot": [
            -41,
            42,
            2
          ],
          "cubes": [
            {
              "origin": [
                -42,
                37,
                1
              ],
              "size": [
                2,
                5,
                2
              ],
              "uv": [
                153,
                132
              ]
            }
          ]
        },
        {
          "name": "Jar2",
          "parent": "Jari2",
          "pivot": [
            -42,
            37,
            2
          ],
          "cubes": [
            {
              "origin": [
                -42,
                32,
                1
              ],
              "size": [
                2,
                5,
                2
              ],
              "uv": [
                142,
                90
              ]
            }
          ]
        },
        {
          "name": "Jari4",
          "parent": "Telapak",
          "pivot": [
            -40,
            42,
            -5
          ],
          "cubes": [
            {
              "origin": [
                -42,
                37,
                -6
              ],
              "size": [
                2,
                5,
                2
              ],
              "uv": [
                140,
                102
              ]
            }
          ]
        },
        {
          "name": "Jar4",
          "parent": "Jari4",
          "pivot": [
            -42,
            37,
            -6
          ],
          "cubes": [
            {
              "origin": [
                -42,
                32,
                -6
              ],
              "size": [
                2,
                5,
                2
              ],
              "uv": [
                134,
                97
              ]
            }
          ]
        },
        {
          "name": "Jar6",
          "parent": "Jar4",
          "pivot": [
            -42,
            32,
            -6
          ],
          "cubes": [
            {
              "origin": [
                -42,
                31,
                -6
              ],
              "size": [
                2,
                1,
                2
              ],
              "uv": [
                6,
                64
              ]
            }
          ]
        },
        {
          "name": "Jari5",
          "parent": "Telapak",
          "pivot": [
            -35,
            42,
            -6
          ],
          "cubes": [
            {
              "origin": [
                -37,
                39,
                -6
              ],
              "size": [
                3,
                3,
                2
              ],
              "uv": [
                59,
                114
              ]
            }
          ]
        },
        {
          "name": "Jar5",
          "parent": "Jari5",
          "pivot": [
            -35,
            39,
            -6
          ],
          "cubes": [
            {
              "origin": [
                -37,
                36,
                -6
              ],
              "size": [
                3,
                3,
                2
              ],
              "uv": [
                49,
                114
              ]
            }
          ]
        },
        {
          "name": "Jari3",
          "parent": "Telapak",
          "pivot": [
            -40,
            42,
            -2
          ],
          "cubes": [
            {
              "origin": [
                -42,
                37,
                -3
              ],
              "size": [
                2,
                5,
                2
              ],
              "uv": [
                134,
                90
              ]
            }
          ]
        },
        {
          "name": "Jar3",
          "parent": "Jari3",
          "pivot": [
            -42,
            37,
            -2
          ],
          "cubes": [
            {
              "origin": [
                -42,
                31,
                -3
              ],
              "size": [
                2,
                6,
                2
              ],
              "uv": [
                8,
                10
              ]
            }
          ]
        },
        {
          "name": "Leg",
          "parent": "All",
          "pivot": [
            10,
            81,
            0
          ],
          "cubes": [
            {
              "origin": [
                4,
                43,
                -7
              ],
              "size": [
                12,
                38,
                13
              ],
              "uv": [
                174,
                215
              ]
            }
          ]
        },
        {
          "name": "Kaki6",
          "parent": "Leg",
          "pivot": [
            10,
            43,
            -7
          ],
          "cubes": [
            {
              "origin": [
                4,
                8,
                -7
              ],
              "size": [
                12,
                35,
                13
              ],
              "uv": [
                227,
                64
              ]
            },
            {
              "origin": [
                4,
                0,
                -13
              ],
              "size": [
                12,
                8,
                19
              ],
              "uv": [
                161,
                266
              ]
            }
          ]
        },
        {
          "name": "Leg2",
          "parent": "All",
          "pivot": [
            -9,
            81,
            0
          ],
          "cubes": [
            {
              "origin": [
                -15,
                43,
                -7
              ],
              "size": [
                12,
                38,
                13
              ],
              "uv": [
                124,
                214
              ]
            }
          ]
        },
        {
          "name": "Kaki7",
          "parent": "Leg2",
          "pivot": [
            -9,
            43,
            -7
          ],
          "cubes": [
            {
              "origin": [
                -15,
                8,
                -7
              ],
              "size": [
                12,
                35,
                13
              ],
              "uv": [
                227,
                16
              ]
            },
            {
              "origin": [
                -15,
                0,
                -13
              ],
              "size": [
                12,
                8,
                19
              ],
              "uv": [
                264,
                45
              ]
            }
          ]
        },
        {
          "name": "Asap",
          "pivot": [
            0,
            0,
            16
          ],
          "cubes": [
            {
              "origin": [
                -55,
                0,
                -24
              ],
              "size": [
                114,
                80,
                65
              ],
              "uv": [
                357,
                51
              ]
            }
          ]
        }
      ]
    }
  ]
}