{
  "format_version": "1.12.0",
  "minecraft:geometry": [
    {
      "description": {
        "identifier": "geometry.pa_bcat",
        "texture_width": 256,
        "texture_height": 256,
        "visible_bounds_width": 7,
        "visible_bounds_height": 6,
        "visible_bounds_offset": [
          0,
          2,
          0
        ]
      },
      "bones": [
        {
          "name": "All",
          "pivot": [
            0,
            0,
            0
          ]
        },
        {
          "name": "Body",
          "parent": "All",
          "pivot": [
            0,
            32,
            5
          ],
          "cubes": [
            {
              "origin": [
                -6,
                32,
                -5
              ],
              "size": [
                12,
                15,
                10
              ],
              "uv": [
                36,
                37
              ]
            }
          ]
        },
        {
          "name": "bone5",
          "parent": "Body",
          "pivot": [
            0,
            37,
            -3
          ],
          "cubes": [
            {
              "origin": [
                -2,
                47,
                -2
              ],
              "size": [
                4,
                4,
                4
              ],
              "uv": [
                0,
                118
              ]
            }
          ]
        },
        {
          "name": "Tangan2",
          "parent": "bone5",
          "pivot": [
            -7,
            45,
            0
          ],
          "cubes": [
            {
              "origin": [
                -12,
                31,
                -3
              ],
              "size": [
                5,
                14,
                6
              ],
              "uv": [
                72,
                27
              ]
            },
            {
              "origin": [
                -7,
                31,
                -3
              ],
              "size": [
                1,
                8,
                6
              ],
              "pivot": [
                -6,
                45,
                -3
              ],
              "rotation": [
                0,
                0,
                5
              ],
              "uv": [
                30,
                114
              ]
            },
            {
              "origin": [
                -12,
                38,
                -3
              ],
              "size": [
                7,
                7,
                6
              ],
              "pivot": [
                -12,
                45,
                0
              ],
              "rotation": [
                0,
                0,
                -15
              ],
              "uv": [
                84,
                68
              ]
            }
          ]
        },
        {
          "name": "Tangan77",
          "parent": "Tangan2",
          "pivot": [
            -12,
            31,
            2
          ],
          "cubes": [
            {
              "origin": [
                -12,
                15,
                -2
              ],
              "size": [
                4,
                16,
                4
              ],
              "uv": [
                0,
                98
              ]
            },
            {
              "origin": [
                -16,
                31,
                -2
              ],
              "size": [
                9,
                1,
                4
              ],
              "pivot": [
                -7,
                31,
                0
              ],
              "rotation": [
                0,
                0,
                -85
              ],
              "uv": [
                108,
                77
              ]
            }
          ]
        },
        {
          "name": "bone6",
          "parent": "Tangan77",
          "pivot": [
            -11,
            15,
            0
          ],
          "cubes": [
            {
              "origin": [
                -12,
                14,
                -2
              ],
              "size": [
                4,
                1,
                4
              ],
              "uv": [
                117,
                96
              ]
            }
          ]
        },
        {
          "name": "Head",
          "parent": "bone5",
          "pivot": [
            0,
            48,
            1
          ],
          "cubes": [
            {
              "origin": [
                4,
                55,
                -3
              ],
              "size": [
                3,
                1,
                1
              ],
              "uv": [
                25,
                52
              ]
            },
            {
              "origin": [
                5,
                55,
                -2
              ],
              "size": [
                2,
                3,
                1
              ],
              "uv": [
                84,
                6
              ]
            },
            {
              "origin": [
                -2,
                53,
                -2
              ],
              "size": [
                4,
                11,
                4
              ],
              "pivot": [
                0,
                56,
                1
              ],
              "rotation": [
                -130,
                0,
                0
              ],
              "uv": [
                0,
                19
              ]
            },
            {
              "origin": [
                -4,
                48,
                -5
              ],
              "size": [
                8,
                7,
                10
              ],
              "uv": [
                58,
                0
              ]
            },
            {
              "origin": [
                -5,
                55,
                -3
              ],
              "size": [
                1,
                4,
                1
              ],
              "uv": [
                0,
                56
              ]
            },
            {
              "origin": [
                -5,
                58,
                -7
              ],
              "size": [
                1,
                1,
                4
              ],
              "uv": [
                78,
                68
              ]
            },
            {
              "origin": [
                -5,
                55,
                -6
              ],
              "size": [
                10,
                2,
                2
              ],
              "pivot": [
                0,
                55,
                -5
              ],
              "rotation": [
                -50,
                0,
                0
              ],
              "uv": [
                28,
                33
              ]
            },
            {
              "origin": [
                -3,
                49,
                -8
              ],
              "size": [
                6,
                4,
                3
              ],
              "uv": [
                110,
                115
              ]
            },
            {
              "origin": [
                -5,
                48,
                -9
              ],
              "size": [
                10,
                6,
                1
              ],
              "uv": [
                112,
                82
              ]
            }
          ]
        },
        {
          "name": "Listrik",
          "parent": "Head",
          "pivot": [
            0,
            52,
            -9
          ],
          "cubes": [
            {
              "origin": [
                -6,
                47,
                -10
              ],
              "size": [
                12,
                10,
                0
              ],
              "uv": [
                43,
                0
              ]
            }
          ]
        },
        {
          "name": "Tangan",
          "parent": "bone5",
          "pivot": [
            7,
            45,
            0
          ],
          "cubes": [
            {
              "origin": [
                7,
                31,
                -3
              ],
              "size": [
                5,
                14,
                6
              ],
              "uv": [
                62,
                68
              ]
            },
            {
              "origin": [
                6,
                31,
                -3
              ],
              "size": [
                1,
                8,
                6
              ],
              "pivot": [
                6,
                45,
                -3
              ],
              "rotation": [
                0,
                0,
                -5
              ],
              "uv": [
                0,
                0
              ]
            },
            {
              "origin": [
                5,
                38,
                -3
              ],
              "size": [
                7,
                7,
                6
              ],
              "pivot": [
                12,
                45,
                0
              ],
              "rotation": [
                0,
                0,
                15
              ],
              "uv": [
                80,
                47
              ]
            }
          ]
        },
        {
          "name": "Tangan78",
          "parent": "Tangan",
          "pivot": [
            12,
            31,
            2
          ],
          "cubes": [
            {
              "origin": [
                8,
                15,
                -2
              ],
              "size": [
                4,
                16,
                4
              ],
              "uv": [
                96,
                81
              ]
            },
            {
              "origin": [
                7,
                22,
                -2
              ],
              "size": [
                1,
                9,
                4
              ],
              "pivot": [
                7,
                31,
                0
              ],
              "rotation": [
                0,
                0,
                -5
              ],
              "uv": [
                44,
                120
              ]
            }
          ]
        },
        {
          "name": "bone7",
          "parent": "Tangan78",
          "pivot": [
            11,
            15,
            0
          ],
          "cubes": [
            {
              "origin": [
                8,
                14,
                -2
              ],
              "size": [
                4,
                1,
                4
              ],
              "uv": [
                110,
                72
              ]
            }
          ]
        },
        {
          "name": "Body9",
          "parent": "Body",
          "pivot": [
            0,
            31,
            28
          ],
          "cubes": [
            {
              "origin": [
                -2.5,
                23,
                22
              ],
              "size": [
                5,
                10,
                18
              ],
              "uv": [
                0,
                19
              ]
            },
            {
              "origin": [
                -4.5,
                33,
                34
              ],
              "size": [
                9,
                2,
                7
              ],
              "uv": [
                0,
                47
              ]
            },
            {
              "origin": [
                3.5,
                48,
                37
              ],
              "size": [
                1,
                1,
                2
              ],
              "uv": [
                30,
                54
              ]
            },
            {
              "origin": [
                3.5,
                47,
                39
              ],
              "size": [
                2,
                3,
                1
              ],
              "uv": [
                12,
                19
              ]
            },
            {
              "origin": [
                -3.5,
                35,
                35
              ],
              "size": [
                7,
                15,
                5
              ],
              "uv": [
                38,
                62
              ]
            },
            {
              "origin": [
                1,
                50,
                36
              ],
              "size": [
                2,
                2,
                4
              ],
              "uv": [
                66,
                25
              ]
            },
            {
              "origin": [
                -6.5,
                26,
                19
              ],
              "size": [
                13,
                2,
                12
              ],
              "uv": [
                28,
                19
              ]
            },
            {
              "origin": [
                -4,
                28,
                14
              ],
              "size": [
                8,
                3,
                5
              ],
              "pivot": [
                7,
                28,
                19
              ],
              "rotation": [
                -40,
                0,
                0
              ],
              "uv": [
                94,
                39
              ]
            },
            {
              "origin": [
                -7,
                28,
                18
              ],
              "size": [
                14,
                4,
                15
              ],
              "uv": [
                0,
                0
              ]
            }
          ]
        },
        {
          "name": "Kaki",
          "parent": "Body9",
          "pivot": [
            2,
            23,
            27
          ],
          "cubes": [
            {
              "origin": [
                2,
                23,
                26
              ],
              "size": [
                8,
                1,
                1
              ],
              "uv": [
                66,
                23
              ]
            }
          ]
        },
        {
          "name": "bone2",
          "parent": "Kaki",
          "pivot": [
            10,
            24,
            27
          ],
          "cubes": [
            {
              "origin": [
                9,
                13,
                26
              ],
              "size": [
                1,
                11,
                1
              ],
              "uv": [
                104,
                120
              ]
            }
          ]
        },
        {
          "name": "Kaki3",
          "parent": "Body9",
          "pivot": [
            2,
            23,
            39
          ],
          "cubes": [
            {
              "origin": [
                2,
                23,
                38
              ],
              "size": [
                8,
                1,
                1
              ],
              "uv": [
                50,
                33
              ]
            }
          ]
        },
        {
          "name": "bone4",
          "parent": "Kaki3",
          "pivot": [
            10,
            24,
            39
          ],
          "cubes": [
            {
              "origin": [
                9,
                13,
                38
              ],
              "size": [
                1,
                11,
                1
              ],
              "uv": [
                92,
                107
              ]
            }
          ]
        },
        {
          "name": "Kaki2",
          "parent": "Body9",
          "pivot": [
            -2,
            23,
            27
          ],
          "cubes": [
            {
              "origin": [
                -10,
                23,
                26
              ],
              "size": [
                8,
                1,
                1
              ],
              "uv": [
                52,
                35
              ]
            }
          ]
        },
        {
          "name": "bone3",
          "parent": "Kaki2",
          "pivot": [
            -9,
            24,
            27
          ],
          "cubes": [
            {
              "origin": [
                -10,
                13,
                26
              ],
              "size": [
                1,
                11,
                1
              ],
              "uv": [
                100,
                120
              ]
            }
          ]
        },
        {
          "name": "Kaki4",
          "parent": "Body9",
          "pivot": [
            -2,
            23,
            39
          ],
          "cubes": [
            {
              "origin": [
                -10,
                23,
                38
              ],
              "size": [
                8,
                1,
                1
              ],
              "uv": [
                0,
                34
              ]
            }
          ]
        },
        {
          "name": "bone8",
          "parent": "Kaki4",
          "pivot": [
            -9,
            24,
            39
          ],
          "cubes": [
            {
              "origin": [
                -10,
                13,
                38
              ],
              "size": [
                1,
                11,
                1
              ],
              "uv": [
                30,
                107
              ]
            }
          ]
        },
        {
          "name": "bone",
          "parent": "Body9",
          "pivot": [
            -3,
            23,
            29
          ],
          "cubes": [
            {
              "origin": [
                -3.5,
                23,
                29
              ],
              "size": [
                1,
                14,
                5
              ],
              "pivot": [
                -3,
                23,
                29
              ],
              "rotation": [
                -17.5,
                0,
                -32.5
              ],
              "uv": [
                110,
                96
              ]
            },
            {
              "origin": [
                -3.5,
                31,
                34
              ],
              "size": [
                1,
                6,
                3
              ],
              "pivot": [
                -3,
                23,
                29
              ],
              "rotation": [
                -17.5,
                0,
                -32.5
              ],
              "uv": [
                120,
                55
              ]
            },
            {
              "origin": [
                2.5,
                23,
                29
              ],
              "size": [
                1,
                14,
                5
              ],
              "pivot": [
                3,
                23,
                29
              ],
              "rotation": [
                -17.5,
                0,
                32.5
              ],
              "uv": [
                80,
                107
              ]
            },
            {
              "origin": [
                2.5,
                31,
                34
              ],
              "size": [
                1,
                6,
                3
              ],
              "pivot": [
                3,
                23,
                29
              ],
              "rotation": [
                -17.5,
                0,
                32.5
              ],
              "uv": [
                92,
                120
              ]
            }
          ]
        },
        {
          "name": "Leher2",
          "parent": "Body9",
          "pivot": [
            0,
            34,
            26
          ],
          "cubes": [
            {
              "origin": [
                -2,
                29,
                25
              ],
              "size": [
                4,
                10,
                2
              ],
              "uv": [
                28,
                19
              ]
            }
          ]
        },
        {
          "name": "Head2",
          "parent": "Leher2",
          "pivot": [
            0,
            38,
            27
          ],
          "cubes": [
            {
              "origin": [
                -1.91363,
                40.1611,
                23
              ],
              "size": [
                1,
                2,
                3
              ],
              "pivot": [
                -2,
                38,
                25
              ],
              "rotation": [
                0,
                0,
                -15
              ],
              "uv": [
                122,
                0
              ]
            },
            {
              "origin": [
                -2.43127,
                37.22925,
                23
              ],
              "size": [
                1,
                3,
                3
              ],
              "pivot": [
                -2,
                40,
                23
              ],
              "rotation": [
                0,
                0,
                -32.5
              ],
              "uv": [
                95,
                60
              ]
            },
            {
              "origin": [
                -1.56871,
                37.81849,
                25.08356
              ],
              "size": [
                1,
                5,
                2
              ],
              "pivot": [
                -2,
                38,
                27
              ],
              "rotation": [
                -15.64424,
                13.40859,
                -15.34098
              ],
              "uv": [
                16,
                98
              ]
            },
            {
              "origin": [
                -2.07014,
                37.98767,
                27.76507
              ],
              "size": [
                1,
                3,
                2
              ],
              "pivot": [
                -2,
                41,
                28
              ],
              "rotation": [
                -76.2226,
                70.29932,
                -88.85499
              ],
              "uv": [
                8,
                0
              ]
            },
            {
              "origin": [
                0.91363,
                40.1611,
                23
              ],
              "size": [
                1,
                2,
                3
              ],
              "pivot": [
                2,
                38,
                24
              ],
              "rotation": [
                0.50426,
                -0.06011,
                15.02558
              ],
              "uv": [
                61,
                113
              ]
            },
            {
              "origin": [
                1.43318,
                37.22076,
                22.98242
              ],
              "size": [
                1,
                3,
                3
              ],
              "pivot": [
                2,
                40,
                23
              ],
              "rotation": [
                0.48617,
                -0.14676,
                25.02522
              ],
              "uv": [
                54,
                82
              ]
            },
            {
              "origin": [
                1.89422,
                38.2775,
                25.73086
              ],
              "size": [
                1,
                5,
                2
              ],
              "pivot": [
                2,
                42,
                26
              ],
              "rotation": [
                -13.34952,
                -3.77858,
                15.53763
              ],
              "uv": [
                0,
                47
              ]
            },
            {
              "origin": [
                1.07273,
                38.02096,
                27.76521
              ],
              "size": [
                1,
                3,
                2
              ],
              "pivot": [
                2,
                41,
                28
              ],
              "rotation": [
                -105.53643,
                -72.71708,
                126.93796
              ],
              "uv": [
                0,
                0
              ]
            },
            {
              "origin": [
                -2,
                41,
                23
              ],
              "size": [
                4,
                1,
                5
              ],
              "uv": [
                120,
                42
              ]
            },
            {
              "origin": [
                -3,
                42,
                26
              ],
              "size": [
                1,
                2,
                2
              ],
              "pivot": [
                -3,
                42,
                26
              ],
              "rotation": [
                -3.55715,
                15.90453,
                -2.25996
              ],
              "uv": [
                80,
                47
              ]
            },
            {
              "origin": [
                -3,
                42,
                23
              ],
              "size": [
                1,
                2,
                3
              ],
              "uv": [
                109,
                0
              ]
            },
            {
              "origin": [
                -4,
                42,
                25
              ],
              "size": [
                1,
                2,
                1
              ],
              "pivot": [
                -3,
                42,
                25
              ],
              "rotation": [
                -5.72511,
                29.4987,
                -11.50839
              ],
              "uv": [
                63,
                62
              ]
            },
            {
              "origin": [
                3,
                42,
                25
              ],
              "size": [
                1,
                2,
                1
              ],
              "pivot": [
                3,
                42,
                25
              ],
              "rotation": [
                -8.49878,
                -28.87909,
                17.19212
              ],
              "uv": [
                57,
                62
              ]
            },
            {
              "origin": [
                2,
                42,
                23
              ],
              "size": [
                1,
                2,
                3
              ],
              "uv": [
                100,
                63
              ]
            },
            {
              "origin": [
                -2,
                42,
                23
              ],
              "size": [
                4,
                2,
                5
              ],
              "uv": [
                115,
                14
              ]
            },
            {
              "origin": [
                -0.5,
                41,
                23.2
              ],
              "size": [
                1,
                2,
                1
              ],
              "pivot": [
                0,
                43,
                24
              ],
              "rotation": [
                -26.27408,
                -39.40865,
                17.40119
              ],
              "uv": [
                38,
                62
              ]
            },
            {
              "origin": [
                2,
                42,
                26
              ],
              "size": [
                1,
                2,
                2
              ],
              "pivot": [
                3,
                42,
                26
              ],
              "rotation": [
                0,
                -10,
                0
              ],
              "uv": [
                62,
                68
              ]
            },
            {
              "origin": [
                -2,
                39,
                23
              ],
              "size": [
                4,
                2,
                3
              ],
              "uv": [
                43,
                10
              ]
            },
            {
              "origin": [
                -1,
                37.5,
                23
              ],
              "size": [
                2,
                2,
                3
              ],
              "uv": [
                15,
                77
              ]
            },
            {
              "origin": [
                -2,
                44,
                23
              ],
              "size": [
                4,
                2,
                5
              ],
              "uv": [
                112,
                89
              ]
            },
            {
              "origin": [
                -3,
                44,
                23
              ],
              "size": [
                1,
                2,
                5
              ],
              "pivot": [
                -3,
                44,
                27
              ],
              "rotation": [
                0,
                0,
                30
              ],
              "uv": [
                120,
                48
              ]
            },
            {
              "origin": [
                2,
                44,
                23
              ],
              "size": [
                1,
                2,
                5
              ],
              "pivot": [
                3,
                44,
                27
              ],
              "rotation": [
                0,
                0,
                -30
              ],
              "uv": [
                84,
                81
              ]
            },
            {
              "origin": [
                -1,
                38,
                26
              ],
              "size": [
                2,
                3,
                2
              ],
              "pivot": [
                0,
                41,
                28
              ],
              "rotation": [
                -15,
                0,
                0
              ],
              "uv": [
                75,
                107
              ]
            }
          ]
        },
        {
          "name": "Dageng",
          "parent": "Head2",
          "pivot": [
            0,
            39,
            23
          ],
          "cubes": [
            {
              "origin": [
                -0.5,
                39,
                19
              ],
              "size": [
                1,
                1,
                4
              ],
              "uv": [
                25,
                47
              ]
            }
          ]
        },
        {
          "name": "bone9",
          "parent": "Dageng",
          "pivot": [
            0,
            40,
            19
          ],
          "cubes": [
            {
              "origin": [
                -0.5,
                39,
                15
              ],
              "size": [
                1,
                1,
                4
              ],
              "uv": [
                57,
                62
              ]
            },
            {
              "origin": [
                -1.5,
                38,
                15
              ],
              "size": [
                3,
                3,
                0
              ],
              "uv": [
                84,
                68
              ]
            }
          ]
        },
        {
          "name": "Bibir4",
          "parent": "Head2",
          "pivot": [
            0,
            42,
            19
          ],
          "cubes": [
            {
              "origin": [
                -3,
                39.9,
                22.9
              ],
              "size": [
                6,
                2,
                0
              ],
              "uv": [
                80,
                60
              ]
            }
          ]
        },
        {
          "name": "Bibir3",
          "parent": "Head2",
          "pivot": [
            0,
            41,
            23
          ],
          "cubes": [
            {
              "origin": [
                -3,
                37.9,
                22.9
              ],
              "size": [
                6,
                2,
                0
              ],
              "uv": [
                58,
                17
              ]
            }
          ]
        },
        {
          "name": "Tutup2",
          "parent": "Body9",
          "pivot": [
            -1,
            35,
            34
          ],
          "rotation": [
            90,
            0,
            0
          ],
          "cubes": [
            {
              "origin": [
                -7,
                36.76493,
                29.22705
              ],
              "size": [
                14,
                15,
                5
              ],
              "uv": [
                0,
                57
              ]
            },
            {
              "origin": [
                -6,
                51.76493,
                30.22705
              ],
              "size": [
                12,
                1,
                5
              ],
              "uv": [
                66,
                17
              ]
            },
            {
              "origin": [
                -7,
                35.76493,
                30.22705
              ],
              "size": [
                14,
                1,
                5
              ],
              "uv": [
                62,
                62
              ]
            },
            {
              "origin": [
                -5,
                34.76493,
                30.22705
              ],
              "size": [
                10,
                1,
                5
              ],
              "uv": [
                84,
                0
              ]
            },
            {
              "origin": [
                -4,
                33.76493,
                30.22705
              ],
              "size": [
                8,
                1,
                5
              ],
              "uv": [
                54,
                107
              ]
            },
            {
              "origin": [
                -4,
                52.76493,
                30.22705
              ],
              "size": [
                8,
                1,
                5
              ],
              "uv": [
                104,
                66
              ]
            },
            {
              "origin": [
                7,
                38.76493,
                30.22705
              ],
              "size": [
                1,
                11,
                5
              ],
              "uv": [
                66,
                113
              ]
            },
            {
              "origin": [
                6,
                49.76493,
                34.22705
              ],
              "size": [
                1,
                2,
                1
              ],
              "uv": [
                54,
                10
              ]
            },
            {
              "origin": [
                6,
                36.76493,
                34.22705
              ],
              "size": [
                1,
                2,
                1
              ],
              "uv": [
                25,
                47
              ]
            },
            {
              "origin": [
                -7,
                36.76493,
                34.22705
              ],
              "size": [
                1,
                2,
                1
              ],
              "uv": [
                0,
                19
              ]
            },
            {
              "origin": [
                -7,
                49.76493,
                34.22705
              ],
              "size": [
                1,
                2,
                1
              ],
              "uv": [
                31,
                47
              ]
            },
            {
              "origin": [
                -8,
                38.76493,
                30.22705
              ],
              "size": [
                1,
                11,
                5
              ],
              "uv": [
                54,
                113
              ]
            },
            {
              "origin": [
                8,
                39.76493,
                30.22705
              ],
              "size": [
                1,
                9,
                5
              ],
              "uv": [
                115,
                28
              ]
            },
            {
              "origin": [
                -9,
                39.76493,
                30.22705
              ],
              "size": [
                1,
                9,
                5
              ],
              "uv": [
                115,
                0
              ]
            },
            {
              "origin": [
                -3,
                53.76493,
                30.22705
              ],
              "size": [
                6,
                1,
                5
              ],
              "uv": [
                109,
                22
              ]
            }
          ]
        },
        {
          "name": "LeftLeg",
          "parent": "All",
          "pivot": [
            3,
            32,
            0
          ],
          "cubes": [
            {
              "origin": [
                0.9,
                11,
                -2
              ],
              "size": [
                5,
                16,
                5
              ],
              "uv": [
                20,
                77
              ]
            },
            {
              "origin": [
                -0.52515,
                13.28107,
                -5.006
              ],
              "size": [
                7,
                19,
                0
              ],
              "pivot": [
                3,
                32,
                -3
              ],
              "rotation": [
                -5.07671,
                0.20598,
                -5.00982
              ],
              "uv": [
                16,
                107
              ]
            },
            {
              "origin": [
                6.47485,
                13.28107,
                -5.006
              ],
              "size": [
                0,
                19,
                7
              ],
              "pivot": [
                3,
                32,
                -3
              ],
              "rotation": [
                -5.07671,
                0.20598,
                -5.00982
              ],
              "uv": [
                82,
                81
              ]
            },
            {
              "origin": [
                -0.53578,
                13.01903,
                5
              ],
              "size": [
                7,
                19,
                0
              ],
              "pivot": [
                0,
                32,
                5
              ],
              "rotation": [
                5,
                0,
                -5
              ],
              "uv": [
                106,
                47
              ]
            },
            {
              "origin": [
                6.46422,
                13.01903,
                -2
              ],
              "size": [
                0,
                19,
                7
              ],
              "pivot": [
                0,
                32,
                5
              ],
              "rotation": [
                5,
                0,
                -5
              ],
              "uv": [
                68,
                81
              ]
            }
          ]
        },
        {
          "name": "Kaki99",
          "parent": "LeftLeg",
          "pivot": [
            3,
            11,
            -2
          ],
          "cubes": [
            {
              "origin": [
                0.9,
                0,
                -2
              ],
              "size": [
                5,
                11,
                5
              ],
              "uv": [
                95,
                6
              ]
            },
            {
              "origin": [
                0.9,
                0,
                -4
              ],
              "size": [
                5,
                2,
                2
              ],
              "uv": [
                82,
                23
              ]
            }
          ]
        },
        {
          "name": "RightLeg",
          "parent": "All",
          "pivot": [
            -3,
            32,
            0
          ],
          "cubes": [
            {
              "origin": [
                -5.9,
                11,
                -2
              ],
              "size": [
                5,
                16,
                5
              ],
              "uv": [
                0,
                77
              ]
            },
            {
              "origin": [
                -6.47944,
                13.36765,
                -5
              ],
              "size": [
                7,
                19,
                0
              ],
              "pivot": [
                -4,
                32,
                -3
              ],
              "rotation": [
                -5,
                0,
                5
              ],
              "uv": [
                96,
                101
              ]
            },
            {
              "origin": [
                -6.47944,
                13.36765,
                -5
              ],
              "size": [
                0,
                19,
                7
              ],
              "pivot": [
                -4,
                32,
                -3
              ],
              "rotation": [
                -5,
                0,
                5
              ],
              "uv": [
                54,
                81
              ]
            },
            {
              "origin": [
                -6.46422,
                13.01903,
                5
              ],
              "size": [
                7,
                19,
                0
              ],
              "pivot": [
                0,
                32,
                5
              ],
              "rotation": [
                5,
                0,
                5
              ],
              "uv": [
                40,
                101
              ]
            },
            {
              "origin": [
                -6.46422,
                13.01903,
                -2
              ],
              "size": [
                0,
                19,
                7
              ],
              "pivot": [
                0,
                32,
                5
              ],
              "rotation": [
                5,
                0,
                5
              ],
              "uv": [
                40,
                75
              ]
            }
          ]
        },
        {
          "name": "Kaki98",
          "parent": "RightLeg",
          "pivot": [
            -3,
            11,
            -2
          ],
          "cubes": [
            {
              "origin": [
                -5.9,
                0,
                -2
              ],
              "size": [
                5,
                11,
                5
              ],
              "uv": [
                94,
                23
              ]
            },
            {
              "origin": [
                -5.9,
                0,
                -4
              ],
              "size": [
                5,
                2,
                7
              ],
              "uv": [
                16,
                98
              ]
            }
          ]
        }
      ]
    }
  ]
}