{
  "format_version": "1.12.0",
  "minecraft:geometry": [
    {
      "description": {
        "identifier": "geometry.pa_bica",
        "texture_width": 128,
        "texture_height": 128,
        "visible_bounds_width": 4,
        "visible_bounds_height": 6,
        "visible_bounds_offset": [
          0,
          2,
          0
        ]
      },
      "bones": [
        {
          "name": "All",
          "pivot": [
            0,
            0,
            0
          ]
        },
        {
          "name": "Body",
          "parent": "All",
          "pivot": [
            0,
            32,
            5
          ],
          "cubes": [
            {
              "origin": [
                -6,
                32,
                -5
              ],
              "size": [
                12,
                15,
                10
              ],
              "uv": [
                0,
                0
              ]
            }
          ]
        },
        {
          "name": "bone5",
          "parent": "Body",
          "pivot": [
            0,
            37,
            -3
          ],
          "cubes": [
            {
              "origin": [
                -2,
                47,
                -2
              ],
              "size": [
                4,
                4,
                4
              ],
              "uv": [
                86,
                5
              ]
            }
          ]
        },
        {
          "name": "Tangan2",
          "parent": "bone5",
          "pivot": [
            -7,
            45,
            0
          ],
          "cubes": [
            {
              "origin": [
                -12,
                31,
                -3
              ],
              "size": [
                5,
                14,
                6
              ],
              "uv": [
                0,
                42
              ]
            },
            {
              "origin": [
                -7,
                31,
                -3
              ],
              "size": [
                1,
                8,
                6
              ],
              "pivot": [
                -6,
                45,
                -3
              ],
              "rotation": [
                0,
                0,
                5
              ],
              "uv": [
                84,
                21
              ]
            },
            {
              "origin": [
                -12,
                38,
                -3
              ],
              "size": [
                7,
                7,
                6
              ],
              "pivot": [
                -12,
                45,
                0
              ],
              "rotation": [
                0,
                0,
                -15
              ],
              "uv": [
                58,
                15
              ]
            }
          ]
        },
        {
          "name": "bone",
          "parent": "Tangan2",
          "pivot": [
            -12,
            31,
            2
          ],
          "cubes": [
            {
              "origin": [
                -12,
                15,
                -2
              ],
              "size": [
                4,
                16,
                4
              ],
              "uv": [
                76,
                61
              ]
            },
            {
              "origin": [
                -16,
                31,
                -2
              ],
              "size": [
                9,
                1,
                4
              ],
              "pivot": [
                -7,
                31,
                0
              ],
              "rotation": [
                0,
                0,
                -85
              ],
              "uv": [
                64,
                9
              ]
            }
          ]
        },
        {
          "name": "bone6",
          "parent": "bone",
          "pivot": [
            -11,
            15,
            0
          ],
          "cubes": [
            {
              "origin": [
                -12,
                14,
                -2
              ],
              "size": [
                4,
                1,
                4
              ],
              "uv": [
                26,
                25
              ]
            }
          ]
        },
        {
          "name": "Head",
          "parent": "bone5",
          "pivot": [
            0,
            48,
            1
          ],
          "cubes": [
            {
              "origin": [
                4,
                55,
                -3
              ],
              "size": [
                3,
                1,
                1
              ],
              "uv": [
                0,
                25
              ]
            },
            {
              "origin": [
                5,
                55,
                -2
              ],
              "size": [
                2,
                3,
                1
              ],
              "uv": [
                0,
                5
              ]
            },
            {
              "origin": [
                -2,
                53,
                -2
              ],
              "size": [
                4,
                11,
                4
              ],
              "pivot": [
                0,
                56,
                1
              ],
              "rotation": [
                -130,
                0,
                0
              ],
              "uv": [
                30,
                79
              ]
            },
            {
              "origin": [
                -4,
                48,
                -5
              ],
              "size": [
                8,
                7,
                10
              ],
              "uv": [
                0,
                25
              ]
            },
            {
              "origin": [
                -5,
                55,
                -3
              ],
              "size": [
                1,
                4,
                1
              ],
              "uv": [
                6,
                5
              ]
            },
            {
              "origin": [
                -5,
                58,
                -7
              ],
              "size": [
                1,
                1,
                4
              ],
              "uv": [
                0,
                0
              ]
            },
            {
              "origin": [
                -5,
                55,
                -6
              ],
              "size": [
                10,
                2,
                2
              ],
              "pivot": [
                0,
                55,
                -5
              ],
              "rotation": [
                -50,
                0,
                0
              ],
              "uv": [
                81,
                0
              ]
            },
            {
              "origin": [
                -3,
                49,
                -8
              ],
              "size": [
                6,
                4,
                3
              ],
              "uv": [
                82,
                38
              ]
            },
            {
              "origin": [
                -5,
                48,
                -9
              ],
              "size": [
                10,
                6,
                1
              ],
              "uv": [
                78,
                14
              ]
            }
          ]
        },
        {
          "name": "Tangan",
          "parent": "bone5",
          "pivot": [
            7,
            45,
            0
          ],
          "cubes": [
            {
              "origin": [
                7,
                31,
                -3
              ],
              "size": [
                5,
                14,
                6
              ],
              "uv": [
                36,
                25
              ]
            },
            {
              "origin": [
                6,
                31,
                -3
              ],
              "size": [
                1,
                8,
                6
              ],
              "pivot": [
                6,
                45,
                -3
              ],
              "rotation": [
                0,
                0,
                -5
              ],
              "uv": [
                84,
                81
              ]
            },
            {
              "origin": [
                5,
                38,
                -3
              ],
              "size": [
                7,
                7,
                6
              ],
              "pivot": [
                12,
                45,
                0
              ],
              "rotation": [
                0,
                0,
                15
              ],
              "uv": [
                58,
                28
              ]
            }
          ]
        },
        {
          "name": "bone2",
          "parent": "Tangan",
          "pivot": [
            12,
            31,
            2
          ],
          "cubes": [
            {
              "origin": [
                8,
                15,
                -2
              ],
              "size": [
                4,
                16,
                4
              ],
              "uv": [
                70,
                41
              ]
            },
            {
              "origin": [
                7,
                22,
                -2
              ],
              "size": [
                1,
                9,
                4
              ],
              "pivot": [
                7,
                31,
                0
              ],
              "rotation": [
                0,
                0,
                -5
              ],
              "uv": [
                46,
                83
              ]
            }
          ]
        },
        {
          "name": "bone7",
          "parent": "bone2",
          "pivot": [
            11,
            15,
            0
          ],
          "cubes": [
            {
              "origin": [
                8,
                14,
                -2
              ],
              "size": [
                4,
                1,
                4
              ],
              "uv": [
                86,
                45
              ]
            }
          ]
        },
        {
          "name": "LeftLeg",
          "parent": "All",
          "pivot": [
            3,
            32,
            0
          ],
          "cubes": [
            {
              "origin": [
                0.9,
                11,
                -2
              ],
              "size": [
                5,
                16,
                5
              ],
              "uv": [
                44,
                0
              ]
            },
            {
              "origin": [
                -0.52515,
                13.28107,
                -5.006
              ],
              "size": [
                7,
                19,
                0
              ],
              "pivot": [
                3,
                32,
                -3
              ],
              "rotation": [
                -5.07671,
                0.20598,
                -5.00982
              ],
              "uv": [
                70,
                81
              ]
            },
            {
              "origin": [
                6.47485,
                13.28107,
                -5.006
              ],
              "size": [
                0,
                19,
                7
              ],
              "pivot": [
                3,
                32,
                -3
              ],
              "rotation": [
                -5.07671,
                0.20598,
                -5.00982
              ],
              "uv": [
                0,
                55
              ]
            },
            {
              "origin": [
                -0.53578,
                13.01903,
                5
              ],
              "size": [
                7,
                19,
                0
              ],
              "pivot": [
                0,
                32,
                5
              ],
              "rotation": [
                5,
                0,
                -5
              ],
              "uv": [
                0,
                81
              ]
            },
            {
              "origin": [
                6.46422,
                13.01903,
                -2
              ],
              "size": [
                0,
                19,
                7
              ],
              "pivot": [
                0,
                32,
                5
              ],
              "rotation": [
                5,
                0,
                -5
              ],
              "uv": [
                42,
                38
              ]
            }
          ]
        },
        {
          "name": "bone4",
          "parent": "LeftLeg",
          "pivot": [
            3,
            11,
            -2
          ],
          "cubes": [
            {
              "origin": [
                0.9,
                0,
                -2
              ],
              "size": [
                5,
                11,
                5
              ],
              "uv": [
                56,
                64
              ]
            },
            {
              "origin": [
                0.9,
                0,
                -4
              ],
              "size": [
                5,
                2,
                2
              ],
              "uv": [
                34,
                0
              ]
            }
          ]
        },
        {
          "name": "RightLeg",
          "parent": "All",
          "pivot": [
            -3,
            32,
            0
          ],
          "cubes": [
            {
              "origin": [
                -5.9,
                11,
                -2
              ],
              "size": [
                5,
                16,
                5
              ],
              "uv": [
                22,
                45
              ]
            },
            {
              "origin": [
                -6.47944,
                13.36765,
                -5
              ],
              "size": [
                7,
                19,
                0
              ],
              "pivot": [
                -4,
                32,
                -3
              ],
              "rotation": [
                -5,
                0,
                5
              ],
              "uv": [
                14,
                82
              ]
            },
            {
              "origin": [
                -6.47944,
                13.36765,
                -5
              ],
              "size": [
                0,
                19,
                7
              ],
              "pivot": [
                -4,
                32,
                -3
              ],
              "rotation": [
                -5,
                0,
                5
              ],
              "uv": [
                56,
                38
              ]
            },
            {
              "origin": [
                -6.46422,
                13.01903,
                5
              ],
              "size": [
                7,
                19,
                0
              ],
              "pivot": [
                0,
                32,
                5
              ],
              "rotation": [
                5,
                0,
                5
              ],
              "uv": [
                56,
                80
              ]
            },
            {
              "origin": [
                -6.46422,
                13.01903,
                -2
              ],
              "size": [
                0,
                19,
                7
              ],
              "pivot": [
                0,
                32,
                5
              ],
              "rotation": [
                5,
                0,
                5
              ],
              "uv": [
                42,
                57
              ]
            }
          ]
        },
        {
          "name": "bone3",
          "parent": "RightLeg",
          "pivot": [
            -3,
            11,
            -2
          ],
          "cubes": [
            {
              "origin": [
                -5.9,
                0,
                -2
              ],
              "size": [
                5,
                11,
                5
              ],
              "uv": [
                14,
                66
              ]
            },
            {
              "origin": [
                -5.9,
                0,
                -4
              ],
              "size": [
                5,
                2,
                7
              ],
              "uv": [
                64,
                0
              ]
            }
          ]
        }
      ]
    }
  ]
}