{
  "format_version": "1.12.0",
  "minecraft:geometry": [
    {
      "description": {
        "identifier": "geometry.pa_ba",
        "texture_width": 256,
        "texture_height": 256,
        "visible_bounds_width": 22,
        "visible_bounds_height": 8,
        "visible_bounds_offset": [
          0,
          2,
          0
        ]
      },
      "bones": [
        {
          "name": "All",
          "pivot": [
            0,
            0,
            -3
          ]
        },
        {
          "name": "Body",
          "parent": "All",
          "pivot": [
            0,
            22,
            -3
          ],
          "cubes": [
            {
              "origin": [
                -4,
                4,
                -6
              ],
              "size": [
                7,
                7,
                8
              ],
              "uv": [
                20,
                134
              ]
            },
            {
              "origin": [
                -5,
                28,
                -19
              ],
              "size": [
                10,
                10,
                9
              ],
              "uv": [
                40,
                97
              ]
            },
            {
              "origin": [
                -7,
                28,
                -25
              ],
              "size": [
                14,
                10,
                4
              ],
              "uv": [
                118,
                120
              ]
            },
            {
              "origin": [
                -7,
                6,
                -25
              ],
              "size": [
                14,
                22,
                9
              ],
              "pivot": [
                0,
                28,
                -25
              ],
              "rotation": [
                57.5,
                0,
                0
              ],
              "uv": [
                0,
                60
              ]
            },
            {
              "origin": [
                -14,
                28,
                -11
              ],
              "size": [
                29,
                10,
                13
              ],
              "uv": [
                0,
                0
              ]
            },
            {
              "origin": [
                -14,
                15,
                -11
              ],
              "size": [
                7,
                13,
                13
              ],
              "pivot": [
                -14,
                28,
                -5
              ],
              "rotation": [
                0,
                0,
                -42.5
              ],
              "uv": [
                0,
                97
              ]
            },
            {
              "origin": [
                8,
                15,
                -11
              ],
              "size": [
                7,
                13,
                13
              ],
              "pivot": [
                15,
                28,
                -5
              ],
              "rotation": [
                0,
                0,
                42.5
              ],
              "uv": [
                46,
                60
              ]
            },
            {
              "origin": [
                6,
                28,
                -3
              ],
              "size": [
                9,
                10,
                5
              ],
              "pivot": [
                15,
                39,
                2
              ],
              "rotation": [
                0,
                50,
                0
              ],
              "uv": [
                136,
                97
              ]
            },
            {
              "origin": [
                -7,
                28,
                -25
              ],
              "size": [
                9,
                10,
                17
              ],
              "pivot": [
                -7,
                33,
                -25
              ],
              "rotation": [
                0,
                -27.5,
                0
              ],
              "uv": [
                35,
                33
              ]
            },
            {
              "origin": [
                -2,
                28,
                -25
              ],
              "size": [
                9,
                10,
                17
              ],
              "pivot": [
                7,
                33,
                -25
              ],
              "rotation": [
                0,
                27.5,
                0
              ],
              "uv": [
                0,
                23
              ]
            },
            {
              "origin": [
                -9,
                28,
                2
              ],
              "size": [
                18,
                10,
                7
              ],
              "uv": [
                95,
                71
              ]
            },
            {
              "origin": [
                -9,
                16,
                2
              ],
              "size": [
                18,
                12,
                7
              ],
              "pivot": [
                0,
                28,
                9
              ],
              "rotation": [
                -35,
                0,
                0
              ],
              "uv": [
                95,
                31
              ]
            },
            {
              "origin": [
                -9,
                28,
                1
              ],
              "size": [
                4,
                10,
                9
              ],
              "pivot": [
                -9,
                37,
                10
              ],
              "rotation": [
                0,
                35,
                0
              ],
              "uv": [
                55,
                131
              ]
            }
          ]
        },
        {
          "name": "bone6",
          "parent": "Body",
          "pivot": [
            0,
            -9,
            0
          ],
          "cubes": [
            {
              "origin": [
                -8,
                11,
                -10
              ],
              "size": [
                15,
                1,
                14
              ],
              "uv": [
                95,
                16
              ]
            }
          ]
        },
        {
          "name": "bone7",
          "parent": "Body",
          "pivot": [
            0,
            -9,
            0
          ],
          "cubes": [
            {
              "origin": [
                -5,
                12,
                -7
              ],
              "size": [
                9,
                7,
                10
              ],
              "uv": [
                108,
                103
              ]
            }
          ]
        },
        {
          "name": "bone5",
          "parent": "Body",
          "pivot": [
            0,
            -9,
            0
          ]
        },
        {
          "name": "bone3",
          "parent": "Body",
          "pivot": [
            0,
            7,
            -7
          ],
          "cubes": [
            {
              "origin": [
                -2,
                5,
                -10
              ],
              "size": [
                4,
                4,
                4
              ],
              "uv": [
                0,
                23
              ]
            },
            {
              "origin": [
                -1,
                6,
                -26
              ],
              "size": [
                2,
                2,
                16
              ],
              "uv": [
                62,
                113
              ]
            }
          ]
        },
        {
          "name": "Peluru",
          "parent": "bone3",
          "pivot": [
            0,
            6,
            -26
          ],
          "cubes": [
            {
              "origin": [
                -1,
                6,
                -117
              ],
              "size": [
                2,
                2,
                91
              ],
              "uv": [
                0,
                0
              ]
            }
          ]
        },
        {
          "name": "M",
          "parent": "Body",
          "pivot": [
            0,
            37,
            -4
          ],
          "cubes": [
            {
              "origin": [
                -2.5,
                35,
                -6
              ],
              "size": [
                5,
                11,
                5
              ],
              "uv": [
                70,
                23
              ]
            }
          ]
        },
        {
          "name": "Head",
          "parent": "M",
          "pivot": [
            0,
            46,
            -4
          ],
          "cubes": [
            {
              "origin": [
                -6,
                49,
                -10
              ],
              "size": [
                12,
                9,
                12
              ],
              "uv": [
                95,
                50
              ]
            },
            {
              "origin": [
                6,
                51,
                -4
              ],
              "size": [
                2,
                4,
                1
              ],
              "pivot": [
                6,
                52,
                -4
              ],
              "rotation": [
                0,
                -40,
                0
              ],
              "uv": [
                0,
                8
              ]
            },
            {
              "origin": [
                -8,
                51,
                -4
              ],
              "size": [
                2,
                4,
                1
              ],
              "pivot": [
                -6,
                52,
                -4
              ],
              "rotation": [
                0,
                40,
                0
              ],
              "uv": [
                7,
                7
              ]
            },
            {
              "origin": [
                -1.46881,
                48.89778,
                -11.30923
              ],
              "size": [
                2,
                6,
                2
              ],
              "pivot": [
                0,
                49,
                -11
              ],
              "rotation": [
                -25.41377,
                37.15855,
                -16.0129
              ],
              "uv": [
                0,
                0
              ]
            },
            {
              "origin": [
                -4,
                45,
                -10
              ],
              "size": [
                8,
                4,
                12
              ],
              "uv": [
                78,
                97
              ]
            },
            {
              "origin": [
                -3,
                43,
                -10
              ],
              "size": [
                6,
                2,
                12
              ],
              "uv": [
                28,
                119
              ]
            },
            {
              "origin": [
                4,
                42,
                -10
              ],
              "size": [
                2,
                7,
                12
              ],
              "pivot": [
                6,
                49,
                -10
              ],
              "rotation": [
                0,
                0,
                25
              ],
              "uv": [
                86,
                128
              ]
            },
            {
              "origin": [
                -6,
                42,
                -10
              ],
              "size": [
                2,
                7,
                12
              ],
              "pivot": [
                -6,
                49,
                -10
              ],
              "rotation": [
                0,
                0,
                -22.5
              ],
              "uv": [
                0,
                123
              ]
            },
            {
              "origin": [
                -3,
                58,
                -10
              ],
              "size": [
                6,
                3,
                12
              ],
              "uv": [
                82,
                113
              ]
            },
            {
              "origin": [
                -3,
                57,
                -10
              ],
              "size": [
                2,
                4,
                12
              ],
              "pivot": [
                -3,
                61,
                -10
              ],
              "rotation": [
                0,
                0,
                45
              ],
              "uv": [
                114,
                134
              ]
            },
            {
              "origin": [
                1,
                57,
                -10
              ],
              "size": [
                2,
                4,
                12
              ],
              "pivot": [
                3,
                61,
                -10
              ],
              "rotation": [
                0,
                0,
                -45
              ],
              "uv": [
                133,
                38
              ]
            }
          ]
        },
        {
          "name": "Alis",
          "parent": "Head",
          "pivot": [
            0,
            55,
            -10
          ],
          "cubes": [
            {
              "origin": [
                -5,
                53,
                -10.1
              ],
              "size": [
                10,
                5,
                0
              ],
              "uv": [
                37,
                60
              ]
            }
          ]
        },
        {
          "name": "Mulut",
          "parent": "Head",
          "pivot": [
            2,
            47,
            -10
          ],
          "cubes": [
            {
              "origin": [
                -5,
                46,
                -10.1
              ],
              "size": [
                10,
                4,
                0
              ],
              "uv": [
                37,
                65
              ]
            }
          ]
        },
        {
          "name": "Mulut2",
          "parent": "Head",
          "pivot": [
            2,
            44,
            -10
          ],
          "cubes": [
            {
              "origin": [
                -5,
                42,
                -10.1
              ],
              "size": [
                10,
                4,
                0
              ],
              "uv": [
                55,
                23
              ]
            }
          ]
        },
        {
          "name": "Kaki4",
          "parent": "All",
          "pivot": [
            -6,
            25,
            -9
          ],
          "rotation": [
            -1.71394,
            -4.69776,
            20.07031
          ],
          "cubes": [
            {
              "origin": [
                -51.13871,
                24,
                -10.11034
              ],
              "size": [
                45,
                2,
                2
              ],
              "uv": [
                94,
                93
              ]
            }
          ]
        },
        {
          "name": "bone4",
          "parent": "Kaki4",
          "pivot": [
            -51.13871,
            26,
            -9.11034
          ],
          "rotation": [
            0,
            0,
            -100
          ],
          "cubes": [
            {
              "origin": [
                -96.13871,
                24,
                -10.11034
              ],
              "size": [
                45,
                2,
                2
              ],
              "uv": [
                0,
                93
              ]
            },
            {
              "origin": [
                -91.13871,
                23,
                -11.11034
              ],
              "size": [
                8,
                4,
                4
              ],
              "uv": [
                35,
                23
              ]
            }
          ]
        },
        {
          "name": "Kaki2",
          "parent": "All",
          "pivot": [
            0,
            27,
            3
          ],
          "rotation": [
            17.5,
            0,
            0
          ],
          "cubes": [
            {
              "origin": [
                -1,
                26,
                3
              ],
              "size": [
                2,
                2,
                45
              ],
              "uv": [
                0,
                149
              ]
            }
          ]
        },
        {
          "name": "bone2",
          "parent": "Kaki2",
          "pivot": [
            0,
            27,
            47
          ],
          "cubes": [
            {
              "origin": [
                -1,
                -17,
                46
              ],
              "size": [
                2,
                45,
                2
              ],
              "uv": [
                0,
                147
              ]
            },
            {
              "origin": [
                -2,
                -10,
                45
              ],
              "size": [
                4,
                8,
                4
              ],
              "uv": [
                0,
                244
              ]
            }
          ]
        },
        {
          "name": "Kaki",
          "parent": "All",
          "pivot": [
            6,
            20,
            -8
          ],
          "rotation": [
            -4.3361,
            11.73507,
            -20.44582
          ],
          "cubes": [
            {
              "origin": [
                6,
                23,
                -9
              ],
              "size": [
                45,
                2,
                2
              ],
              "uv": [
                95,
                12
              ]
            }
          ]
        },
        {
          "name": "bone",
          "parent": "Kaki",
          "pivot": [
            51,
            25,
            -8
          ],
          "rotation": [
            0,
            0,
            100
          ],
          "cubes": [
            {
              "origin": [
                51,
                23,
                -9
              ],
              "size": [
                45,
                2,
                2
              ],
              "uv": [
                95,
                8
              ]
            },
            {
              "origin": [
                83,
                22,
                -10
              ],
              "size": [
                8,
                4,
                4
              ],
              "uv": [
                52,
                116
              ]
            }
          ]
        }
      ]
    }
  ]
}