{
  "format_version": "1.12.0",
  "minecraft:geometry": [
    {
      "description": {
        "identifier": "geometry.pa_cra",
        "texture_width": 128,
        "texture_height": 128,
        "visible_bounds_width": 49,
        "visible_bounds_height": 7,
        "visible_bounds_offset": [
          0,
          2.5,
          0
        ]
      },
      "bones": [
        {
          "name": "Body",
          "pivot": [
            0,
            12,
            0
          ],
          "cubes": [
            {
              "origin": [
                -4,
                0,
                -4
              ],
              "size": [
                8,
                4,
                8
              ],
              "uv": [
                36,
                23
              ]
            },
            {
              "origin": [
                -3,
                4,
                -3
              ],
              "size": [
                6,
                3,
                6
              ],
              "uv": [
                60,
                17
              ]
            },
            {
              "origin": [
                -6,
                7,
                -6
              ],
              "size": [
                12,
                2,
                12
              ],
              "uv": [
                0,
                23
              ]
            },
            {
              "origin": [
                -8,
                9,
                -8
              ],
              "size": [
                16,
                7,
                16
              ],
              "uv": [
                0,
                0
              ]
            },
            {
              "origin": [
                -14,
                15,
                -2
              ],
              "size": [
                6,
                1,
                1
              ],
              "uv": [
                0,
                14
              ]
            },
            {
              "origin": [
                -14,
                12,
                -2
              ],
              "size": [
                6,
                1,
                1
              ],
              "pivot": [
                -8,
                12,
                -1
              ],
              "rotation": [
                0,
                0,
                5
              ],
              "uv": [
                0,
                14
              ]
            },
            {
              "origin": [
                8,
                15,
                -2
              ],
              "size": [
                6,
                1,
                1
              ],
              "uv": [
                0,
                14
              ]
            },
            {
              "origin": [
                13,
                12,
                -2
              ],
              "size": [
                1,
                5,
                1
              ],
              "uv": [
                27,
                74
              ]
            },
            {
              "origin": [
                -14,
                12,
                -2
              ],
              "size": [
                1,
                5,
                1
              ],
              "uv": [
                27,
                74
              ]
            },
            {
              "origin": [
                8,
                12,
                -2
              ],
              "size": [
                6,
                1,
                1
              ],
              "pivot": [
                9,
                12,
                0
              ],
              "rotation": [
                0,
                0,
                -5
              ],
              "uv": [
                0,
                14
              ]
            },
            {
              "origin": [
                -3,
                0,
                -9
              ],
              "size": [
                6,
                16,
                1
              ],
              "pivot": [
                0,
                10,
                -9
              ],
              "rotation": [
                17.5,
                0,
                0
              ],
              "uv": [
                62,
                61
              ]
            },
            {
              "origin": [
                4.36832,
                0.69725,
                -1.01138
              ],
              "size": [
                6,
                16,
                1
              ],
              "pivot": [
                10,
                10,
                -1
              ],
              "rotation": [
                19.87872,
                -47.2626,
                -5.43327
              ],
              "uv": [
                62,
                61
              ]
            },
            {
              "origin": [
                -9.35308,
                0.35711,
                -1.01812
              ],
              "size": [
                6,
                16,
                1
              ],
              "pivot": [
                -10,
                10,
                -1
              ],
              "rotation": [
                21.94435,
                47.36016,
                3.40601
              ],
              "uv": [
                62,
                61
              ]
            },
            {
              "origin": [
                -7,
                16,
                8
              ],
              "size": [
                14,
                14,
                2
              ],
              "uv": [
                48,
                0
              ]
            },
            {
              "origin": [
                -6,
                16,
                6
              ],
              "size": [
                12,
                7,
                2
              ],
              "uv": [
                34,
                61
              ]
            },
            {
              "origin": [
                1,
                23,
                6
              ],
              "size": [
                2,
                2,
                2
              ],
              "uv": [
                70,
                26
              ]
            },
            {
              "origin": [
                -7,
                30,
                8
              ],
              "size": [
                14,
                5,
                2
              ],
              "pivot": [
                0,
                30,
                10
              ],
              "rotation": [
                25,
                0,
                0
              ],
              "uv": [
                34,
                54
              ]
            },
            {
              "origin": [
                8.32697,
                16,
                5.48356
              ],
              "size": [
                1,
                14,
                3
              ],
              "pivot": [
                8,
                30,
                7
              ],
              "rotation": [
                0,
                165,
                0
              ],
              "uv": [
                31,
                70
              ]
            },
            {
              "origin": [
                -7,
                16,
                5
              ],
              "size": [
                1,
                14,
                3
              ],
              "pivot": [
                -6,
                30,
                8
              ],
              "rotation": [
                0,
                15,
                0
              ],
              "uv": [
                31,
                70
              ]
            }
          ]
        },
        {
          "name": "Leher",
          "parent": "Body",
          "pivot": [
            0,
            19,
            2
          ],
          "cubes": [
            {
              "origin": [
                -2,
                10,
                0
              ],
              "size": [
                4,
                10,
                2
              ],
              "uv": [
                2,
                2
              ]
            }
          ]
        },
        {
          "name": "Head",
          "parent": "Leher",
          "pivot": [
            0,
            19,
            2
          ],
          "cubes": [
            {
              "origin": [
                -1.91363,
                21.1611,
                -2
              ],
              "size": [
                1,
                2,
                3
              ],
              "pivot": [
                -2,
                19,
                0
              ],
              "rotation": [
                0,
                0,
                -15
              ],
              "uv": [
                0,
                71
              ]
            },
            {
              "origin": [
                -2.43127,
                19.22925,
                -2
              ],
              "size": [
                1,
                2,
                3
              ],
              "pivot": [
                -2,
                21,
                -2
              ],
              "rotation": [
                0,
                0,
                -32.5
              ],
              "uv": [
                68,
                43
              ]
            },
            {
              "origin": [
                -1.56871,
                18.81849,
                0.08356
              ],
              "size": [
                1,
                5,
                2
              ],
              "pivot": [
                -2,
                19,
                2
              ],
              "rotation": [
                -15.64424,
                13.40859,
                -15.34098
              ],
              "uv": [
                55,
                70
              ]
            },
            {
              "origin": [
                -2.07014,
                18.98767,
                2.76507
              ],
              "size": [
                1,
                3,
                2
              ],
              "pivot": [
                -2,
                22,
                3
              ],
              "rotation": [
                -76.2226,
                70.29932,
                -88.85499
              ],
              "uv": [
                16,
                71
              ]
            },
            {
              "origin": [
                0.91363,
                21.1611,
                -2
              ],
              "size": [
                1,
                2,
                3
              ],
              "pivot": [
                2,
                19,
                -1
              ],
              "rotation": [
                0.50426,
                -0.06011,
                15.02558
              ],
              "uv": [
                0,
                71
              ]
            },
            {
              "origin": [
                1.43318,
                19.22076,
                -2.01758
              ],
              "size": [
                1,
                2,
                3
              ],
              "pivot": [
                2,
                21,
                -2
              ],
              "rotation": [
                0.48617,
                -0.14676,
                25.02522
              ],
              "uv": [
                36,
                23
              ]
            },
            {
              "origin": [
                1.89422,
                19.2775,
                0.73086
              ],
              "size": [
                1,
                5,
                2
              ],
              "pivot": [
                2,
                23,
                1
              ],
              "rotation": [
                -13.34952,
                -3.77858,
                15.53763
              ],
              "uv": [
                55,
                70
              ]
            },
            {
              "origin": [
                1.07273,
                19.02096,
                2.76521
              ],
              "size": [
                1,
                3,
                2
              ],
              "pivot": [
                2,
                22,
                3
              ],
              "rotation": [
                -105.53643,
                -72.71708,
                126.93796
              ],
              "uv": [
                16,
                71
              ]
            },
            {
              "origin": [
                -2,
                22,
                -2
              ],
              "size": [
                4,
                1,
                5
              ],
              "uv": [
                68,
                37
              ]
            },
            {
              "origin": [
                -3,
                23,
                1
              ],
              "size": [
                1,
                2,
                2
              ],
              "pivot": [
                -3,
                23,
                1
              ],
              "rotation": [
                -3.55715,
                15.90453,
                -2.25996
              ],
              "uv": [
                22,
                71
              ]
            },
            {
              "origin": [
                -3,
                23,
                -2
              ],
              "size": [
                1,
                2,
                3
              ],
              "uv": [
                39,
                70
              ]
            },
            {
              "origin": [
                -4,
                23,
                0
              ],
              "size": [
                1,
                2,
                1
              ],
              "pivot": [
                -3,
                23,
                0
              ],
              "rotation": [
                -5.72511,
                29.4987,
                -11.50839
              ],
              "uv": [
                12,
                0
              ]
            },
            {
              "origin": [
                3,
                23,
                0
              ],
              "size": [
                1,
                2,
                1
              ],
              "pivot": [
                3,
                23,
                0
              ],
              "rotation": [
                -8.49878,
                -28.87909,
                17.19212
              ],
              "uv": [
                12,
                0
              ]
            },
            {
              "origin": [
                2,
                23,
                -2
              ],
              "size": [
                1,
                2,
                3
              ],
              "uv": [
                47,
                70
              ]
            },
            {
              "origin": [
                -2,
                23,
                -2
              ],
              "size": [
                4,
                2,
                5
              ],
              "uv": [
                63,
                30
              ]
            },
            {
              "origin": [
                -0.5,
                22,
                -1.8
              ],
              "size": [
                1,
                2,
                1
              ],
              "pivot": [
                0,
                24,
                -1
              ],
              "rotation": [
                -26.27408,
                -39.40865,
                17.40119
              ],
              "uv": [
                0,
                0
              ]
            },
            {
              "origin": [
                2,
                23,
                1
              ],
              "size": [
                1,
                2,
                2
              ],
              "pivot": [
                3,
                23,
                1
              ],
              "rotation": [
                0,
                -10,
                0
              ],
              "uv": [
                22,
                71
              ]
            },
            {
              "origin": [
                -2,
                20,
                -2
              ],
              "size": [
                4,
                2,
                3
              ],
              "uv": [
                66,
                56
              ]
            },
            {
              "origin": [
                -1,
                19.5,
                -2
              ],
              "size": [
                2,
                1,
                3
              ],
              "uv": [
                60,
                26
              ]
            },
            {
              "origin": [
                -2,
                25,
                -2
              ],
              "size": [
                4,
                2,
                5
              ],
              "uv": [
                64,
                49
              ]
            },
            {
              "origin": [
                -3,
                25,
                -2
              ],
              "size": [
                1,
                2,
                5
              ],
              "pivot": [
                -3,
                25,
                2
              ],
              "rotation": [
                0,
                0,
                30
              ],
              "uv": [
                0,
                23
              ]
            },
            {
              "origin": [
                2,
                25,
                -2
              ],
              "size": [
                1,
                2,
                5
              ],
              "pivot": [
                3,
                25,
                2
              ],
              "rotation": [
                0,
                0,
                -30
              ],
              "uv": [
                0,
                23
              ]
            },
            {
              "origin": [
                -1,
                19,
                1
              ],
              "size": [
                2,
                3,
                2
              ],
              "pivot": [
                0,
                22,
                3
              ],
              "rotation": [
                -15,
                0,
                0
              ],
              "uv": [
                8,
                71
              ]
            }
          ]
        },
        {
          "name": "Bibir",
          "parent": "Head",
          "pivot": [
            0,
            23,
            -6
          ],
          "cubes": [
            {
              "origin": [
                -3,
                20.9,
                -2.1
              ],
              "size": [
                6,
                2,
                0
              ],
              "uv": [
                0,
                31
              ]
            }
          ]
        },
        {
          "name": "Bibir2",
          "parent": "Head",
          "pivot": [
            0,
            22,
            -2
          ],
          "cubes": [
            {
              "origin": [
                -3,
                18.9,
                -2.1
              ],
              "size": [
                6,
                2,
                0
              ],
              "uv": [
                0,
                33
              ]
            }
          ]
        },
        {
          "name": "Petir",
          "pivot": [
            0,
            19,
            0
          ],
          "cubes": [
            {
              "origin": [
                -9,
                15,
                1
              ],
              "size": [
                17,
                17,
                0
              ],
              "uv": [
                94,
                111
              ]
            }
          ]
        },
        {
          "name": "Petir3",
          "pivot": [
            1,
            4,
            26
          ],
          "rotation": [
            0,
            -90,
            0
          ],
          "cubes": [
            {
              "origin": [
                -34,
                0,
                27
              ],
              "size": [
                17,
                17,
                0
              ],
              "uv": [
                0,
                111
              ]
            }
          ]
        },
        {
          "name": "Petir4",
          "pivot": [
            1,
            13,
            45
          ],
          "rotation": [
            0,
            90,
            180
          ],
          "cubes": [
            {
              "origin": [
                38,
                9,
                46
              ],
              "size": [
                17,
                17,
                0
              ],
              "uv": [
                94,
                111
              ]
            }
          ]
        },
        {
          "name": "Petir2",
          "pivot": [
            0,
            19,
            0
          ],
          "cubes": [
            {
              "origin": [
                -9,
                15,
                1
              ],
              "size": [
                17,
                17,
                0
              ],
              "uv": [
                0,
                111
              ]
            }
          ]
        }
      ]
    }
  ]
}