{
  "format_version": "1.12.0",
  "minecraft:geometry": [
    {
      "description": {
        "identifier": "geometry.pa_cam",
        "texture_width": 64,
        "texture_height": 64,
        "visible_bounds_width": 3,
        "visible_bounds_height": 4,
        "visible_bounds_offset": [
          0,
          1,
          0
        ]
      },
      "bones": [
        {
          "name": "Body",
          "pivot": [
            0,
            23,
            0
          ],
          "cubes": [
            {
              "origin": [
                3.8,
                9,
                -3
              ],
              "size": [
                0,
                9,
                5
              ],
              "pivot": [
                7,
                18,
                0
              ],
              "rotation": [
                0,
                0,
                -2.5
              ],
              "uv": [
                0,
                26
              ]
            },
            {
              "origin": [
                -3.8,
                9,
                -3
              ],
              "size": [
                0,
                9,
                5
              ],
              "pivot": [
                -3,
                18,
                -3
              ],
              "rotation": [
                0,
                0,
                2.5
              ],
              "uv": [
                16,
                21
              ]
            },
            {
              "origin": [
                -4,
                9,
                2
              ],
              "size": [
                8,
                9,
                0
              ],
              "uv": [
                0,
                22
              ]
            }
          ]
        },
        {
          "name": "bone5",
          "parent": "Body",
          "pivot": [
            0,
            18,
            0
          ],
          "cubes": [
            {
              "origin": [
                -4,
                25,
                -3
              ],
              "size": [
                8,
                5,
                5
              ],
              "uv": [
                0,
                12
              ]
            },
            {
              "origin": [
                -4,
                25,
                -3
              ],
              "size": [
                8,
                4,
                5
              ],
              "pivot": [
                4,
                25,
                -3
              ],
              "rotation": [
                0,
                0,
                -87.5
              ],
              "uv": [
                21,
                7
              ]
            },
            {
              "origin": [
                -4,
                25,
                -3
              ],
              "size": [
                8,
                4,
                5
              ],
              "pivot": [
                -4,
                25,
                -3
              ],
              "rotation": [
                0,
                0,
                87.5
              ],
              "uv": [
                21,
                17
              ]
            },
            {
              "origin": [
                -1,
                27,
                -2
              ],
              "size": [
                2,
                4,
                3
              ],
              "uv": [
                44,
                13
              ]
            }
          ]
        },
        {
          "name": "Tangan2",
          "parent": "bone5",
          "pivot": [
            -4,
            28,
            -1
          ],
          "cubes": [
            {
              "origin": [
                -6,
                19,
                -2
              ],
              "size": [
                2,
                9,
                3
              ],
              "uv": [
                44,
                42
              ]
            },
            {
              "origin": [
                -6,
                26,
                -2
              ],
              "size": [
                3,
                2,
                3
              ],
              "pivot": [
                -6,
                28,
                -2
              ],
              "rotation": [
                0,
                0,
                -42.5
              ],
              "uv": [
                25,
                2
              ]
            }
          ]
        },
        {
          "name": "bone",
          "parent": "Tangan2",
          "pivot": [
            -6,
            19,
            -1
          ],
          "cubes": [
            {
              "origin": [
                -6,
                10,
                -2
              ],
              "size": [
                2,
                9,
                3
              ],
              "uv": [
                44,
                23
              ]
            }
          ]
        },
        {
          "name": "Tangan",
          "parent": "bone5",
          "pivot": [
            4,
            28,
            -1
          ],
          "cubes": [
            {
              "origin": [
                4,
                19,
                -2
              ],
              "size": [
                2,
                9,
                3
              ],
              "uv": [
                42,
                0
              ]
            },
            {
              "origin": [
                3,
                26,
                -2
              ],
              "size": [
                3,
                2,
                3
              ],
              "pivot": [
                6,
                28,
                -2
              ],
              "rotation": [
                0.40202,
                0.58545,
                42.39907
              ],
              "uv": [
                16,
                0
              ]
            }
          ]
        },
        {
          "name": "bone2",
          "parent": "Tangan",
          "pivot": [
            6,
            19,
            -1
          ],
          "cubes": [
            {
              "origin": [
                4,
                10,
                -2
              ],
              "size": [
                2,
                9,
                3
              ],
              "uv": [
                0,
                40
              ]
            }
          ]
        },
        {
          "name": "RightLeg",
          "pivot": [
            -1,
            16,
            0
          ],
          "cubes": [
            {
              "origin": [
                -3.5,
                8,
                -2
              ],
              "size": [
                3,
                8,
                3
              ],
              "uv": [
                22,
                37
              ]
            },
            {
              "origin": [
                -3.8,
                8,
                -3
              ],
              "size": [
                4,
                9,
                0
              ],
              "pivot": [
                16,
                15,
                -3
              ],
              "rotation": [
                0,
                0,
                2.5
              ],
              "uv": [
                10,
                46
              ]
            }
          ]
        },
        {
          "name": "bone3",
          "parent": "RightLeg",
          "pivot": [
            -1,
            8,
            -2
          ],
          "cubes": [
            {
              "origin": [
                -3.5,
                0,
                -2
              ],
              "size": [
                3,
                8,
                3
              ],
              "uv": [
                35,
                34
              ]
            }
          ]
        },
        {
          "name": "Head",
          "pivot": [
            0,
            29,
            -1
          ],
          "cubes": [
            {
              "origin": [
                0,
                31,
                1
              ],
              "size": [
                4,
                4,
                8
              ],
              "pivot": [
                1,
                1,
                2
              ],
              "rotation": [
                0,
                180,
                0
              ],
              "uv": [
                0,
                0
              ]
            },
            {
              "origin": [
                0,
                34,
                9
              ],
              "size": [
                4,
                1,
                2
              ],
              "pivot": [
                1,
                1,
                2
              ],
              "rotation": [
                0,
                180,
                0
              ],
              "uv": [
                47,
                20
              ]
            },
            {
              "origin": [
                0,
                32,
                9
              ],
              "size": [
                0,
                2,
                1
              ],
              "pivot": [
                1,
                1,
                2
              ],
              "rotation": [
                0,
                180,
                0
              ],
              "uv": [
                2,
                3
              ]
            },
            {
              "origin": [
                4,
                32,
                9
              ],
              "size": [
                0,
                2,
                1
              ],
              "pivot": [
                1,
                1,
                2
              ],
              "rotation": [
                0,
                180,
                0
              ],
              "uv": [
                0,
                3
              ]
            },
            {
              "origin": [
                -2,
                29,
                -4
              ],
              "size": [
                2,
                2,
                2
              ],
              "uv": [
                0,
                0
              ]
            },
            {
              "origin": [
                -3,
                30,
                -3
              ],
              "size": [
                1,
                2,
                4
              ],
              "uv": [
                47,
                35
              ]
            }
          ]
        },
        {
          "name": "LeftLeg",
          "pivot": [
            8,
            16,
            0
          ],
          "cubes": [
            {
              "origin": [
                0.5,
                8,
                -2
              ],
              "size": [
                3,
                8,
                3
              ],
              "uv": [
                10,
                35
              ]
            },
            {
              "origin": [
                -0.2,
                9,
                -3
              ],
              "size": [
                4,
                9,
                0
              ],
              "pivot": [
                8,
                16,
                -3
              ],
              "rotation": [
                0,
                0,
                -2.5
              ],
              "uv": [
                34,
                45
              ]
            }
          ]
        },
        {
          "name": "bone4",
          "parent": "LeftLeg",
          "pivot": [
            8,
            8,
            -2
          ],
          "cubes": [
            {
              "origin": [
                0.5,
                0,
                -2
              ],
              "size": [
                3,
                8,
                3
              ],
              "uv": [
                26,
                26
              ]
            }
          ]
        }
      ]
    }
  ]
}