{
  "format_version": "1.12.0",
  "minecraft:geometry": [
    {
      "description": {
        "identifier": "geometry.pa_cat",
        "texture_width": 128,
        "texture_height": 128,
        "visible_bounds_width": 5,
        "visible_bounds_height": 4,
        "visible_bounds_offset": [
          0,
          1,
          0
        ]
      },
      "bones": [
        {
          "name": "Body",
          "pivot": [
            0,
            23,
            0
          ],
          "cubes": [
            {
              "origin": [
                3.8,
                9,
                -3
              ],
              "size": [
                0,
                9,
                5
              ],
              "pivot": [
                7,
                18,
                0
              ],
              "rotation": [
                0,
                0,
                -2.5
              ],
              "uv": [
                10,
                79
              ]
            },
            {
              "origin": [
                -3.8,
                9,
                -3
              ],
              "size": [
                0,
                9,
                5
              ],
              "pivot": [
                -3,
                18,
                -3
              ],
              "rotation": [
                0,
                0,
                2.5
              ],
              "uv": [
                0,
                79
              ]
            },
            {
              "origin": [
                -4,
                9,
                2
              ],
              "size": [
                8,
                9,
                0
              ],
              "uv": [
                79,
                45
              ]
            }
          ]
        },
        {
          "name": "bone99",
          "parent": "Body",
          "pivot": [
            0,
            18,
            0
          ],
          "cubes": [
            {
              "origin": [
                -4,
                25,
                -3
              ],
              "size": [
                8,
                5,
                5
              ],
              "uv": [
                65,
                62
              ]
            },
            {
              "origin": [
                -4,
                25,
                -3
              ],
              "size": [
                8,
                4,
                5
              ],
              "pivot": [
                4,
                25,
                -3
              ],
              "rotation": [
                0,
                0,
                -87.5
              ],
              "uv": [
                0,
                68
              ]
            },
            {
              "origin": [
                -4,
                25,
                -3
              ],
              "size": [
                8,
                4,
                5
              ],
              "pivot": [
                -4,
                25,
                -3
              ],
              "rotation": [
                0,
                0,
                87.5
              ],
              "uv": [
                66,
                15
              ]
            },
            {
              "origin": [
                -1,
                27,
                -2
              ],
              "size": [
                2,
                4,
                3
              ],
              "uv": [
                91,
                62
              ]
            }
          ]
        },
        {
          "name": "Listrik",
          "parent": "bone99",
          "pivot": [
            0,
            22,
            -1
          ],
          "cubes": [
            {
              "origin": [
                -4,
                18,
                -1
              ],
              "size": [
                8,
                8,
                0
              ],
              "uv": [
                79,
                54
              ]
            }
          ]
        },
        {
          "name": "Tangan2",
          "parent": "bone99",
          "pivot": [
            -4,
            28,
            -1
          ],
          "cubes": [
            {
              "origin": [
                -6,
                19,
                -2
              ],
              "size": [
                2,
                9,
                3
              ],
              "uv": [
                92,
                9
              ]
            },
            {
              "origin": [
                -6,
                26,
                -2
              ],
              "size": [
                3,
                2,
                3
              ],
              "pivot": [
                -6,
                28,
                -2
              ],
              "rotation": [
                0,
                0,
                -42.5
              ],
              "uv": [
                13,
                77
              ]
            }
          ]
        },
        {
          "name": "Bone7777",
          "parent": "Tangan2",
          "pivot": [
            -6,
            19,
            -1
          ],
          "cubes": [
            {
              "origin": [
                -6,
                10,
                -2
              ],
              "size": [
                2,
                9,
                3
              ],
              "uv": [
                74,
                91
              ]
            },
            {
              "origin": [
                -6,
                5,
                -1
              ],
              "size": [
                1,
                5,
                1
              ],
              "pivot": [
                -6,
                10,
                -0.5
              ],
              "rotation": [
                0,
                0,
                12.5
              ],
              "uv": [
                38,
                73
              ]
            },
            {
              "origin": [
                -6,
                6,
                0
              ],
              "size": [
                1,
                4,
                1
              ],
              "pivot": [
                -6,
                10,
                0.5
              ],
              "rotation": [
                9.25249,
                -3.81024,
                22.19157
              ],
              "uv": [
                43,
                0
              ]
            },
            {
              "origin": [
                -6,
                6,
                -2
              ],
              "size": [
                1,
                4,
                1
              ],
              "pivot": [
                -6,
                10,
                -1.5
              ],
              "rotation": [
                -9.40804,
                3.40487,
                19.71975
              ],
              "uv": [
                7,
                19
              ]
            }
          ]
        },
        {
          "name": "Tangan",
          "parent": "bone99",
          "pivot": [
            4,
            28,
            -1
          ],
          "cubes": [
            {
              "origin": [
                4,
                19,
                -2
              ],
              "size": [
                2,
                9,
                3
              ],
              "uv": [
                47,
                91
              ]
            },
            {
              "origin": [
                3,
                26,
                -2
              ],
              "size": [
                3,
                2,
                3
              ],
              "pivot": [
                6,
                28,
                -2
              ],
              "rotation": [
                0.40202,
                0.58545,
                42.39907
              ],
              "uv": [
                57,
                62
              ]
            }
          ]
        },
        {
          "name": "Bone888",
          "parent": "Tangan",
          "pivot": [
            6,
            19,
            -1
          ],
          "cubes": [
            {
              "origin": [
                4,
                10,
                -2
              ],
              "size": [
                2,
                9,
                3
              ],
              "uv": [
                89,
                88
              ]
            },
            {
              "origin": [
                5,
                6,
                -2
              ],
              "size": [
                1,
                4,
                1
              ],
              "pivot": [
                6,
                10,
                -1.5
              ],
              "rotation": [
                -9.40804,
                -3.40487,
                -19.71975
              ],
              "uv": [
                0,
                19
              ]
            },
            {
              "origin": [
                5,
                5,
                -1
              ],
              "size": [
                1,
                5,
                1
              ],
              "pivot": [
                6,
                10,
                -0.5
              ],
              "rotation": [
                0,
                0,
                -17.5
              ],
              "uv": [
                0,
                67
              ]
            },
            {
              "origin": [
                5,
                6,
                0
              ],
              "size": [
                1,
                4,
                1
              ],
              "pivot": [
                6,
                10,
                0.5
              ],
              "rotation": [
                9.85108,
                1.72794,
                -9.85108
              ],
              "uv": [
                0,
                0
              ]
            }
          ]
        },
        {
          "name": "Head",
          "parent": "bone99",
          "pivot": [
            0,
            29,
            -1
          ],
          "cubes": [
            {
              "origin": [
                0,
                31,
                1
              ],
              "size": [
                4,
                4,
                8
              ],
              "pivot": [
                1,
                1,
                2
              ],
              "rotation": [
                0,
                180,
                0
              ],
              "uv": [
                41,
                62
              ]
            },
            {
              "origin": [
                0,
                34,
                9
              ],
              "size": [
                4,
                1,
                2
              ],
              "pivot": [
                1,
                1,
                2
              ],
              "rotation": [
                0,
                180,
                0
              ],
              "uv": [
                58,
                15
              ]
            },
            {
              "origin": [
                0,
                32,
                9
              ],
              "size": [
                0,
                2,
                1
              ],
              "pivot": [
                1,
                1,
                2
              ],
              "rotation": [
                0,
                180,
                0
              ],
              "uv": [
                12,
                6
              ]
            },
            {
              "origin": [
                4,
                32,
                9
              ],
              "size": [
                0,
                2,
                1
              ],
              "pivot": [
                1,
                1,
                2
              ],
              "rotation": [
                0,
                180,
                0
              ],
              "uv": [
                12,
                4
              ]
            },
            {
              "origin": [
                -2,
                29,
                -4
              ],
              "size": [
                2,
                2,
                2
              ],
              "uv": [
                97,
                0
              ]
            },
            {
              "origin": [
                -3,
                30,
                -3
              ],
              "size": [
                1,
                2,
                4
              ],
              "uv": [
                92,
                80
              ]
            }
          ]
        },
        {
          "name": "Listrik2",
          "parent": "Head",
          "pivot": [
            0,
            22,
            -1
          ],
          "cubes": [
            {
              "origin": [
                -4,
                18,
                -1
              ],
              "size": [
                8,
                8,
                0
              ],
              "uv": [
                79,
                54
              ]
            }
          ]
        },
        {
          "name": "Body2",
          "parent": "bone99",
          "pivot": [
            0,
            18,
            17
          ],
          "cubes": [
            {
              "origin": [
                -2.5,
                10,
                11
              ],
              "size": [
                5,
                10,
                18
              ],
              "uv": [
                0,
                19
              ]
            },
            {
              "origin": [
                -4.5,
                20,
                23
              ],
              "size": [
                9,
                2,
                7
              ],
              "uv": [
                43,
                6
              ]
            },
            {
              "origin": [
                3.5,
                35,
                26
              ],
              "size": [
                1,
                1,
                2
              ],
              "uv": [
                45,
                33
              ]
            },
            {
              "origin": [
                3.5,
                34,
                28
              ],
              "size": [
                2,
                3,
                1
              ],
              "uv": [
                12,
                31
              ]
            },
            {
              "origin": [
                -3.5,
                22,
                24
              ],
              "size": [
                7,
                15,
                5
              ],
              "uv": [
                0,
                47
              ]
            },
            {
              "origin": [
                1,
                37,
                25
              ],
              "size": [
                2,
                2,
                4
              ],
              "uv": [
                89,
                1
              ]
            },
            {
              "origin": [
                -6.5,
                13,
                8
              ],
              "size": [
                13,
                2,
                12
              ],
              "uv": [
                28,
                19
              ]
            },
            {
              "origin": [
                -4,
                15,
                3
              ],
              "size": [
                8,
                3,
                5
              ],
              "pivot": [
                7,
                15,
                8
              ],
              "rotation": [
                -40,
                0,
                0
              ],
              "uv": [
                60,
                72
              ]
            },
            {
              "origin": [
                -7,
                15,
                7
              ],
              "size": [
                14,
                4,
                15
              ],
              "uv": [
                0,
                0
              ]
            }
          ]
        },
        {
          "name": "Kaki",
          "parent": "Body2",
          "pivot": [
            2,
            10,
            16
          ],
          "cubes": [
            {
              "origin": [
                2,
                10,
                15
              ],
              "size": [
                8,
                1,
                1
              ],
              "uv": [
                46,
                39
              ]
            }
          ]
        },
        {
          "name": "bone2",
          "parent": "Kaki",
          "pivot": [
            10,
            11,
            16
          ],
          "cubes": [
            {
              "origin": [
                9,
                0,
                15
              ],
              "size": [
                1,
                11,
                1
              ],
              "uv": [
                84,
                91
              ]
            }
          ]
        },
        {
          "name": "Kaki3",
          "parent": "Body2",
          "pivot": [
            2,
            10,
            28
          ],
          "cubes": [
            {
              "origin": [
                2,
                10,
                27
              ],
              "size": [
                8,
                1,
                1
              ],
              "uv": [
                0,
                35
              ]
            }
          ]
        },
        {
          "name": "bone4",
          "parent": "Kaki3",
          "pivot": [
            10,
            11,
            28
          ],
          "cubes": [
            {
              "origin": [
                9,
                0,
                27
              ],
              "size": [
                1,
                11,
                1
              ],
              "uv": [
                36,
                47
              ]
            }
          ]
        },
        {
          "name": "Kaki2",
          "parent": "Body2",
          "pivot": [
            -2,
            10,
            16
          ],
          "cubes": [
            {
              "origin": [
                -10,
                10,
                15
              ],
              "size": [
                8,
                1,
                1
              ],
              "uv": [
                28,
                35
              ]
            }
          ]
        },
        {
          "name": "bone3",
          "parent": "Kaki2",
          "pivot": [
            -9,
            11,
            16
          ],
          "cubes": [
            {
              "origin": [
                -10,
                0,
                15
              ],
              "size": [
                1,
                11,
                1
              ],
              "uv": [
                57,
                91
              ]
            }
          ]
        },
        {
          "name": "Kaki4",
          "parent": "Body2",
          "pivot": [
            -2,
            10,
            28
          ],
          "cubes": [
            {
              "origin": [
                -10,
                10,
                27
              ],
              "size": [
                8,
                1,
                1
              ],
              "uv": [
                28,
                33
              ]
            }
          ]
        },
        {
          "name": "bone5",
          "parent": "Kaki4",
          "pivot": [
            -9,
            11,
            28
          ],
          "cubes": [
            {
              "origin": [
                -10,
                0,
                27
              ],
              "size": [
                1,
                11,
                1
              ],
              "uv": [
                12,
                19
              ]
            }
          ]
        },
        {
          "name": "bone",
          "parent": "Body2",
          "pivot": [
            -3,
            10,
            18
          ],
          "cubes": [
            {
              "origin": [
                -3.5,
                10,
                18
              ],
              "size": [
                1,
                14,
                5
              ],
              "pivot": [
                -3,
                10,
                18
              ],
              "rotation": [
                -17.5,
                0,
                -32.5
              ],
              "uv": [
                38,
                74
              ]
            },
            {
              "origin": [
                -3.5,
                18,
                23
              ],
              "size": [
                1,
                6,
                3
              ],
              "pivot": [
                -3,
                10,
                18
              ],
              "rotation": [
                -17.5,
                0,
                -32.5
              ],
              "uv": [
                32,
                90
              ]
            },
            {
              "origin": [
                2.5,
                10,
                18
              ],
              "size": [
                1,
                14,
                5
              ],
              "pivot": [
                3,
                10,
                18
              ],
              "rotation": [
                -17.5,
                0,
                32.5
              ],
              "uv": [
                26,
                68
              ]
            },
            {
              "origin": [
                2.5,
                18,
                23
              ],
              "size": [
                1,
                6,
                3
              ],
              "pivot": [
                3,
                10,
                18
              ],
              "rotation": [
                -17.5,
                0,
                32.5
              ],
              "uv": [
                91,
                35
              ]
            }
          ]
        },
        {
          "name": "Leher2",
          "parent": "Body2",
          "pivot": [
            0,
            21,
            15
          ],
          "cubes": [
            {
              "origin": [
                -2,
                16,
                14
              ],
              "size": [
                4,
                10,
                2
              ],
              "uv": [
                28,
                19
              ]
            }
          ]
        },
        {
          "name": "Head2",
          "parent": "Leher2",
          "pivot": [
            0,
            25,
            16
          ],
          "cubes": [
            {
              "origin": [
                -1.91363,
                27.1611,
                12
              ],
              "size": [
                1,
                2,
                3
              ],
              "pivot": [
                -2,
                25,
                14
              ],
              "rotation": [
                0,
                0,
                -15
              ],
              "uv": [
                95,
                56
              ]
            },
            {
              "origin": [
                -2.43127,
                24.22925,
                12
              ],
              "size": [
                1,
                3,
                3
              ],
              "pivot": [
                -2,
                27,
                12
              ],
              "rotation": [
                0,
                0,
                -32.5
              ],
              "uv": [
                95,
                50
              ]
            },
            {
              "origin": [
                -1.56871,
                24.81849,
                14.08356
              ],
              "size": [
                1,
                5,
                2
              ],
              "pivot": [
                -2,
                25,
                16
              ],
              "rotation": [
                -15.64424,
                13.40859,
                -15.34098
              ],
              "uv": [
                40,
                93
              ]
            },
            {
              "origin": [
                -2.07014,
                24.98767,
                16.76507
              ],
              "size": [
                1,
                3,
                2
              ],
              "pivot": [
                -2,
                28,
                17
              ],
              "rotation": [
                -76.2226,
                70.29932,
                -88.85499
              ],
              "uv": [
                20,
                82
              ]
            },
            {
              "origin": [
                0.91363,
                27.1611,
                12
              ],
              "size": [
                1,
                2,
                3
              ],
              "pivot": [
                2,
                25,
                13
              ],
              "rotation": [
                0.50426,
                -0.06011,
                15.02558
              ],
              "uv": [
                95,
                28
              ]
            },
            {
              "origin": [
                1.43318,
                24.22076,
                11.98242
              ],
              "size": [
                1,
                3,
                3
              ],
              "pivot": [
                2,
                27,
                12
              ],
              "rotation": [
                0.48617,
                -0.14676,
                25.02522
              ],
              "uv": [
                95,
                44
              ]
            },
            {
              "origin": [
                1.89422,
                25.2775,
                14.73086
              ],
              "size": [
                1,
                5,
                2
              ],
              "pivot": [
                2,
                29,
                15
              ],
              "rotation": [
                -13.34952,
                -3.77858,
                15.53763
              ],
              "uv": [
                43,
                6
              ]
            },
            {
              "origin": [
                1.07273,
                25.02096,
                16.76521
              ],
              "size": [
                1,
                3,
                2
              ],
              "pivot": [
                2,
                28,
                17
              ],
              "rotation": [
                -105.53643,
                -72.71708,
                126.93796
              ],
              "uv": [
                81,
                72
              ]
            },
            {
              "origin": [
                -2,
                28,
                12
              ],
              "size": [
                4,
                1,
                5
              ],
              "uv": [
                62,
                80
              ]
            },
            {
              "origin": [
                -3,
                29,
                15
              ],
              "size": [
                1,
                2,
                2
              ],
              "pivot": [
                -3,
                29,
                15
              ],
              "rotation": [
                -3.55715,
                15.90453,
                -2.25996
              ],
              "uv": [
                89,
                7
              ]
            },
            {
              "origin": [
                -3,
                29,
                12
              ],
              "size": [
                1,
                2,
                3
              ],
              "uv": [
                94,
                21
              ]
            },
            {
              "origin": [
                -4,
                29,
                14
              ],
              "size": [
                1,
                2,
                1
              ],
              "pivot": [
                -3,
                29,
                14
              ],
              "rotation": [
                -5.72511,
                29.4987,
                -11.50839
              ],
              "uv": [
                66,
                24
              ]
            },
            {
              "origin": [
                3,
                29,
                14
              ],
              "size": [
                1,
                2,
                1
              ],
              "pivot": [
                3,
                29,
                14
              ],
              "rotation": [
                -8.49878,
                -28.87909,
                17.19212
              ],
              "uv": [
                44,
                62
              ]
            },
            {
              "origin": [
                2,
                29,
                12
              ],
              "size": [
                1,
                2,
                3
              ],
              "uv": [
                33,
                68
              ]
            },
            {
              "origin": [
                -2,
                29,
                12
              ],
              "size": [
                4,
                2,
                5
              ],
              "uv": [
                0,
                77
              ]
            },
            {
              "origin": [
                -0.5,
                28,
                12.2
              ],
              "size": [
                1,
                2,
                1
              ],
              "pivot": [
                0,
                30,
                13
              ],
              "rotation": [
                -26.27408,
                -39.40865,
                17.40119
              ],
              "uv": [
                36,
                59
              ]
            },
            {
              "origin": [
                2,
                29,
                15
              ],
              "size": [
                1,
                2,
                2
              ],
              "pivot": [
                3,
                29,
                15
              ],
              "rotation": [
                0,
                -10,
                0
              ],
              "uv": [
                74,
                86
              ]
            },
            {
              "origin": [
                -2,
                26,
                12
              ],
              "size": [
                4,
                2,
                3
              ],
              "uv": [
                76,
                0
              ]
            },
            {
              "origin": [
                -1,
                24.5,
                12
              ],
              "size": [
                2,
                2,
                3
              ],
              "uv": [
                45,
                74
              ]
            },
            {
              "origin": [
                -2,
                31,
                12
              ],
              "size": [
                4,
                2,
                5
              ],
              "uv": [
                75,
                30
              ]
            },
            {
              "origin": [
                -3,
                31,
                12
              ],
              "size": [
                1,
                2,
                5
              ],
              "pivot": [
                -3,
                31,
                16
              ],
              "rotation": [
                0,
                0,
                30
              ],
              "uv": [
                88,
                28
              ]
            },
            {
              "origin": [
                2,
                31,
                12
              ],
              "size": [
                1,
                2,
                5
              ],
              "pivot": [
                3,
                31,
                16
              ],
              "rotation": [
                0,
                0,
                -30
              ],
              "uv": [
                87,
                21
              ]
            },
            {
              "origin": [
                -1,
                25,
                15
              ],
              "size": [
                2,
                3,
                2
              ],
              "pivot": [
                0,
                28,
                17
              ],
              "rotation": [
                -15,
                0,
                0
              ],
              "uv": [
                7,
                0
              ]
            }
          ]
        },
        {
          "name": "Dageng",
          "parent": "Head2",
          "pivot": [
            0,
            26,
            12
          ]
        },
        {
          "name": "bone6",
          "parent": "Dageng",
          "pivot": [
            0,
            27,
            8
          ]
        },
        {
          "name": "Bibir4",
          "parent": "Head2",
          "pivot": [
            0,
            29,
            8
          ],
          "cubes": [
            {
              "origin": [
                -3,
                26.9,
                11.9
              ],
              "size": [
                6,
                2,
                0
              ],
              "uv": [
                33,
                68
              ]
            }
          ]
        },
        {
          "name": "Bibir3",
          "parent": "Head2",
          "pivot": [
            0,
            28,
            12
          ],
          "cubes": [
            {
              "origin": [
                -3,
                24.9,
                11.9
              ],
              "size": [
                6,
                2,
                0
              ],
              "uv": [
                64,
                39
              ]
            }
          ]
        },
        {
          "name": "Tutup2",
          "parent": "Body2",
          "pivot": [
            -1,
            22,
            23
          ],
          "rotation": [
            90,
            0,
            0
          ],
          "cubes": [
            {
              "origin": [
                -7,
                23.76493,
                18.22705
              ],
              "size": [
                14,
                15,
                5
              ],
              "uv": [
                41,
                42
              ]
            },
            {
              "origin": [
                -6,
                38.76493,
                19.22705
              ],
              "size": [
                12,
                1,
                5
              ],
              "uv": [
                46,
                33
              ]
            },
            {
              "origin": [
                -7,
                22.76493,
                19.22705
              ],
              "size": [
                14,
                1,
                5
              ],
              "uv": [
                43,
                0
              ]
            },
            {
              "origin": [
                -5,
                21.76493,
                19.22705
              ],
              "size": [
                10,
                1,
                5
              ],
              "uv": [
                19,
                62
              ]
            },
            {
              "origin": [
                -4,
                20.76493,
                19.22705
              ],
              "size": [
                8,
                1,
                5
              ],
              "uv": [
                68,
                6
              ]
            },
            {
              "origin": [
                -4,
                39.76493,
                19.22705
              ],
              "size": [
                8,
                1,
                5
              ],
              "uv": [
                66,
                24
              ]
            },
            {
              "origin": [
                7,
                25.76493,
                19.22705
              ],
              "size": [
                1,
                11,
                5
              ],
              "uv": [
                50,
                75
              ]
            },
            {
              "origin": [
                6,
                36.76493,
                23.22705
              ],
              "size": [
                1,
                2,
                1
              ],
              "uv": [
                31,
                47
              ]
            },
            {
              "origin": [
                6,
                23.76493,
                23.22705
              ],
              "size": [
                1,
                2,
                1
              ],
              "uv": [
                19,
                47
              ]
            },
            {
              "origin": [
                -7,
                23.76493,
                23.22705
              ],
              "size": [
                1,
                2,
                1
              ],
              "uv": [
                0,
                47
              ]
            },
            {
              "origin": [
                -7,
                36.76493,
                23.22705
              ],
              "size": [
                1,
                2,
                1
              ],
              "uv": [
                25,
                47
              ]
            },
            {
              "origin": [
                -8,
                25.76493,
                19.22705
              ],
              "size": [
                1,
                11,
                5
              ],
              "uv": [
                0,
                19
              ]
            },
            {
              "origin": [
                8,
                26.76493,
                19.22705
              ],
              "size": [
                1,
                9,
                5
              ],
              "uv": [
                24,
                47
              ]
            },
            {
              "origin": [
                -9,
                26.76493,
                19.22705
              ],
              "size": [
                1,
                9,
                5
              ],
              "uv": [
                0,
                0
              ]
            },
            {
              "origin": [
                -3,
                40.76493,
                19.22705
              ],
              "size": [
                6,
                1,
                5
              ],
              "uv": [
                74,
                39
              ]
            }
          ]
        },
        {
          "name": "RightLeg",
          "parent": "Body",
          "pivot": [
            -1,
            16,
            0
          ],
          "cubes": [
            {
              "origin": [
                -3.5,
                8,
                -2
              ],
              "size": [
                3,
                8,
                3
              ],
              "uv": [
                88,
                69
              ]
            },
            {
              "origin": [
                -3.8,
                8,
                -3
              ],
              "size": [
                4,
                9,
                0
              ],
              "pivot": [
                16,
                15,
                -3
              ],
              "rotation": [
                0,
                0,
                2.5
              ],
              "uv": [
                8,
                93
              ]
            }
          ]
        },
        {
          "name": "Bone5555",
          "parent": "RightLeg",
          "pivot": [
            -1,
            8,
            -2
          ],
          "cubes": [
            {
              "origin": [
                -3.5,
                0,
                -2
              ],
              "size": [
                3,
                8,
                3
              ],
              "uv": [
                20,
                87
              ]
            }
          ]
        },
        {
          "name": "LeftLeg",
          "parent": "Body",
          "pivot": [
            1,
            16,
            0
          ],
          "cubes": [
            {
              "origin": [
                0.5,
                8,
                -2
              ],
              "size": [
                3,
                8,
                3
              ],
              "uv": [
                62,
                86
              ]
            },
            {
              "origin": [
                -0.2,
                9,
                -3
              ],
              "size": [
                4,
                9,
                0
              ],
              "pivot": [
                8,
                16,
                -3
              ],
              "rotation": [
                0,
                0,
                -2.5
              ],
              "uv": [
                0,
                93
              ]
            }
          ]
        },
        {
          "name": "Bone6666",
          "parent": "LeftLeg",
          "pivot": [
            2,
            8,
            -2
          ],
          "cubes": [
            {
              "origin": [
                0.5,
                0,
                -2
              ],
              "size": [
                3,
                8,
                3
              ],
              "uv": [
                80,
                80
              ]
            }
          ]
        }
      ]
    }
  ]
}