{
  "format_version": "1.12.0",
  "minecraft:geometry": [
    {
      "description": {
        "identifier": "geometry.pa_gman",
        "texture_width": 256,
        "texture_height": 256,
        "visible_bounds_width": 30,
        "visible_bounds_height": 12,
        "visible_bounds_offset": [
          0,
          0,
          0
        ]
      },
      "bones": [
        {
          "name": "Head",
          "pivot": [
            0,
            11,
            0
          ]
        },
        {
          "name": "Roket3",
          "parent": "Head",
          "pivot": [
            13,
            29,
            14
          ],
          "cubes": [
            {
              "origin": [
                2,
                40,
                -2
              ],
              "size": [
                5,
                3,
                5
              ],
              "pivot": [
                9,
                69,
                7
              ],
              "rotation": [
                0,
                180,
                0
              ],
              "uv": [
                154,
                139
              ]
            },
            {
              "origin": [
                2,
                37,
                -2
              ],
              "size": [
                5,
                1,
                5
              ],
              "pivot": [
                9,
                60,
                7
              ],
              "rotation": [
                0,
                180,
                0
              ],
              "uv": [
                157,
                108
              ]
            },
            {
              "origin": [
                2,
                30,
                -2
              ],
              "size": [
                5,
                5,
                5
              ],
              "pivot": [
                9,
                47,
                7
              ],
              "rotation": [
                0,
                180,
                0
              ],
              "uv": [
                142,
                109
              ]
            },
            {
              "origin": [
                2,
                16,
                -2
              ],
              "size": [
                5,
                0,
                5
              ],
              "pivot": [
                9,
                40,
                7
              ],
              "rotation": [
                0,
                180,
                0
              ],
              "uv": [
                43,
                26
              ]
            },
            {
              "origin": [
                1,
                23,
                -3
              ],
              "size": [
                7,
                4,
                7
              ],
              "pivot": [
                9,
                33,
                7
              ],
              "rotation": [
                0,
                180,
                0
              ],
              "uv": [
                122,
                67
              ]
            },
            {
              "origin": [
                1,
                16,
                -3
              ],
              "size": [
                7,
                5,
                7
              ],
              "pivot": [
                9,
                24,
                7
              ],
              "rotation": [
                0,
                180,
                0
              ],
              "uv": [
                117,
                89
              ]
            },
            {
              "origin": [
                2,
                14,
                -2
              ],
              "size": [
                5,
                2,
                5
              ],
              "pivot": [
                9,
                17,
                7
              ],
              "rotation": [
                0,
                180,
                0
              ],
              "uv": [
                156,
                50
              ]
            },
            {
              "origin": [
                2,
                27,
                -2
              ],
              "size": [
                5,
                2,
                5
              ],
              "pivot": [
                9,
                17,
                7
              ],
              "rotation": [
                0,
                180,
                0
              ],
              "uv": [
                156,
                43
              ]
            },
            {
              "origin": [
                3,
                12,
                -1
              ],
              "size": [
                3,
                2,
                3
              ],
              "pivot": [
                9,
                13,
                7
              ],
              "rotation": [
                0,
                180,
                0
              ],
              "uv": [
                40,
                134
              ]
            },
            {
              "origin": [
                3,
                17,
                -1
              ],
              "size": [
                3,
                23,
                3
              ],
              "pivot": [
                9,
                39,
                7
              ],
              "rotation": [
                0,
                180,
                0
              ],
              "uv": [
                96,
                133
              ]
            }
          ]
        },
        {
          "name": "Api",
          "parent": "Roket3",
          "pivot": [
            13.5,
            12,
            13.5
          ],
          "rotation": [
            -180,
            0,
            180
          ],
          "cubes": [
            {
              "origin": [
                3,
                1,
                0.5
              ],
              "size": [
                3,
                11,
                0
              ],
              "pivot": [
                9,
                11,
                7
              ],
              "rotation": [
                0,
                180,
                0
              ],
              "uv": [
                129,
                78
              ]
            },
            {
              "origin": [
                4.5,
                1,
                1
              ],
              "size": [
                0,
                11,
                3
              ],
              "pivot": [
                9,
                11,
                8
              ],
              "rotation": [
                0,
                180,
                0
              ],
              "uv": [
                107,
                19
              ]
            }
          ]
        },
        {
          "name": "Api2",
          "parent": "Api",
          "pivot": [
            41.5,
            12,
            13.5
          ],
          "rotation": [
            -180,
            2.5,
            180
          ],
          "cubes": [
            {
              "origin": [
                31,
                1,
                0.5
              ],
              "size": [
                3,
                11,
                0
              ],
              "pivot": [
                37,
                11,
                7
              ],
              "rotation": [
                0,
                180,
                0
              ],
              "uv": [
                74,
                99
              ]
            },
            {
              "origin": [
                32.5,
                1,
                1
              ],
              "size": [
                0,
                11,
                3
              ],
              "pivot": [
                37,
                11,
                8
              ],
              "rotation": [
                0,
                180,
                0
              ],
              "uv": [
                74,
                96
              ]
            }
          ]
        },
        {
          "name": "Api3",
          "parent": "Roket3",
          "pivot": [
            13.5,
            12,
            13.5
          ],
          "cubes": [
            {
              "origin": [
                3,
                1,
                0.5
              ],
              "size": [
                3,
                11,
                0
              ],
              "pivot": [
                9,
                11,
                7
              ],
              "rotation": [
                0,
                180,
                0
              ],
              "uv": [
                74,
                99
              ]
            },
            {
              "origin": [
                4.5,
                1,
                1
              ],
              "size": [
                0,
                11,
                3
              ],
              "pivot": [
                9,
                11,
                8
              ],
              "rotation": [
                0,
                180,
                0
              ],
              "uv": [
                107,
                19
              ]
            }
          ]
        },
        {
          "name": "Api4",
          "parent": "Api3",
          "pivot": [
            -14.5,
            12,
            13.5
          ],
          "rotation": [
            -180,
            2.5,
            180
          ],
          "cubes": [
            {
              "origin": [
                -25,
                1,
                0.5
              ],
              "size": [
                3,
                11,
                0
              ],
              "pivot": [
                -19,
                11,
                7
              ],
              "rotation": [
                0,
                180,
                0
              ],
              "uv": [
                129,
                78
              ]
            },
            {
              "origin": [
                -23.5,
                1,
                1
              ],
              "size": [
                0,
                11,
                3
              ],
              "pivot": [
                -19,
                11,
                8
              ],
              "rotation": [
                0,
                180,
                0
              ],
              "uv": [
                74,
                96
              ]
            }
          ]
        },
        {
          "name": "Roket2",
          "parent": "Roket3",
          "pivot": [
            -15,
            29,
            13
          ],
          "cubes": [
            {
              "origin": [
                -26,
                40,
                -2
              ],
              "size": [
                5,
                3,
                5
              ],
              "pivot": [
                -19,
                69,
                7
              ],
              "rotation": [
                0,
                180,
                0
              ],
              "uv": [
                154,
                35
              ]
            },
            {
              "origin": [
                -26,
                37,
                -2
              ],
              "size": [
                5,
                1,
                5
              ],
              "pivot": [
                -19,
                60,
                7
              ],
              "rotation": [
                0,
                180,
                0
              ],
              "uv": [
                157,
                57
              ]
            },
            {
              "origin": [
                -26,
                30,
                -2
              ],
              "size": [
                5,
                5,
                5
              ],
              "pivot": [
                -19,
                47,
                7
              ],
              "rotation": [
                0,
                180,
                0
              ],
              "uv": [
                90,
                34
              ]
            },
            {
              "origin": [
                -26,
                16,
                -2
              ],
              "size": [
                5,
                0,
                5
              ],
              "pivot": [
                -19,
                40,
                7
              ],
              "rotation": [
                0,
                180,
                0
              ],
              "uv": [
                4,
                0
              ]
            },
            {
              "origin": [
                -27,
                23,
                -3
              ],
              "size": [
                7,
                4,
                7
              ],
              "pivot": [
                -19,
                33,
                7
              ],
              "rotation": [
                0,
                180,
                0
              ],
              "uv": [
                119,
                101
              ]
            },
            {
              "origin": [
                -27,
                16,
                -3
              ],
              "size": [
                7,
                5,
                7
              ],
              "pivot": [
                -19,
                24,
                7
              ],
              "rotation": [
                0,
                180,
                0
              ],
              "uv": [
                117,
                8
              ]
            },
            {
              "origin": [
                -26,
                14,
                -2
              ],
              "size": [
                5,
                2,
                5
              ],
              "pivot": [
                -19,
                17,
                7
              ],
              "rotation": [
                0,
                180,
                0
              ],
              "uv": [
                155,
                18
              ]
            },
            {
              "origin": [
                -26,
                27,
                -2
              ],
              "size": [
                5,
                2,
                5
              ],
              "pivot": [
                -19,
                17,
                7
              ],
              "rotation": [
                0,
                180,
                0
              ],
              "uv": [
                155,
                0
              ]
            },
            {
              "origin": [
                -25,
                12,
                -1
              ],
              "size": [
                3,
                2,
                3
              ],
              "pivot": [
                -19,
                13,
                7
              ],
              "rotation": [
                0,
                180,
                0
              ],
              "uv": [
                24,
                134
              ]
            },
            {
              "origin": [
                -25,
                17,
                -1
              ],
              "size": [
                3,
                23,
                3
              ],
              "pivot": [
                -19,
                39,
                7
              ],
              "rotation": [
                0,
                180,
                0
              ],
              "uv": [
                133,
                20
              ]
            }
          ]
        },
        {
          "name": "Body2",
          "parent": "Head",
          "pivot": [
            0,
            12,
            3
          ],
          "cubes": [
            {
              "origin": [
                -7,
                0,
                -5
              ],
              "size": [
                13,
                4,
                10
              ],
              "uv": [
                54,
                34
              ]
            }
          ]
        },
        {
          "name": "Body",
          "parent": "Body2",
          "pivot": [
            0,
            17,
            0
          ],
          "cubes": [
            {
              "origin": [
                -11,
                17,
                10
              ],
              "size": [
                21,
                26,
                6
              ],
              "uv": [
                0,
                26
              ]
            },
            {
              "origin": [
                -12,
                43,
                10
              ],
              "size": [
                23,
                1,
                7
              ],
              "uv": [
                54,
                26
              ]
            }
          ]
        },
        {
          "name": "bone4",
          "parent": "Body",
          "pivot": [
            0,
            44,
            14
          ],
          "cubes": [
            {
              "origin": [
                -1,
                41,
                13
              ],
              "size": [
                1,
                3,
                1
              ],
              "uv": [
                73,
                84
              ]
            },
            {
              "origin": [
                -2,
                44,
                12
              ],
              "size": [
                3,
                1,
                3
              ],
              "uv": [
                66,
                91
              ]
            }
          ]
        },
        {
          "name": "bone7",
          "parent": "Body2",
          "pivot": [
            -1,
            27,
            14
          ],
          "rotation": [
            -7.5,
            0,
            0
          ]
        },
        {
          "name": "Tutup2",
          "parent": "Body2",
          "pivot": [
            -4,
            19,
            9
          ],
          "rotation": [
            90,
            0,
            0
          ],
          "cubes": [
            {
              "origin": [
                -10,
                22.76493,
                5.22705
              ],
              "size": [
                3,
                14,
                5
              ],
              "uv": [
                140,
                41
              ]
            },
            {
              "origin": [
                -10,
                20.76493,
                5.22705
              ],
              "size": [
                19,
                2,
                5
              ],
              "uv": [
                30,
                84
              ]
            },
            {
              "origin": [
                6,
                22.76493,
                5.22705
              ],
              "size": [
                3,
                14,
                5
              ],
              "uv": [
                69,
                139
              ]
            },
            {
              "origin": [
                5.15476,
                36.95231,
                5.22705
              ],
              "size": [
                3,
                7,
                5
              ],
              "pivot": [
                9,
                39,
                10
              ],
              "rotation": [
                0,
                0,
                -25
              ],
              "uv": [
                153,
                155
              ]
            },
            {
              "origin": [
                1.89151,
                33.75436,
                -5.53407
              ],
              "size": [
                3,
                7,
                11
              ],
              "pivot": [
                4,
                41,
                0
              ],
              "rotation": [
                0,
                15,
                -30
              ],
              "uv": [
                101,
                56
              ]
            },
            {
              "origin": [
                1.3706,
                44.21399,
                5.22705
              ],
              "size": [
                3,
                8,
                5
              ],
              "pivot": [
                6,
                45,
                10
              ],
              "rotation": [
                0,
                0,
                -65
              ],
              "uv": [
                7,
                154
              ]
            },
            {
              "origin": [
                1.3706,
                44.21399,
                5.22705
              ],
              "size": [
                3,
                8,
                5
              ],
              "pivot": [
                6,
                45,
                10
              ],
              "rotation": [
                0,
                0,
                -65
              ],
              "uv": [
                80,
                153
              ]
            },
            {
              "origin": [
                -0.93893,
                39.58876,
                -3.77295
              ],
              "size": [
                3,
                8,
                9
              ],
              "pivot": [
                2,
                44,
                5
              ],
              "rotation": [
                2.5,
                15,
                -65
              ],
              "uv": [
                0,
                107
              ]
            },
            {
              "origin": [
                -0.93893,
                37.58876,
                -9.77295
              ],
              "size": [
                3,
                8,
                7
              ],
              "pivot": [
                2,
                42,
                -5
              ],
              "rotation": [
                0,
                -5,
                -65
              ],
              "uv": [
                45,
                134
              ]
            },
            {
              "origin": [
                -9.23463,
                36.91717,
                5.22705
              ],
              "size": [
                3,
                7,
                5
              ],
              "pivot": [
                -10,
                39,
                10
              ],
              "rotation": [
                0,
                0,
                22.5
              ],
              "uv": [
                103,
                154
              ]
            },
            {
              "origin": [
                -6.72715,
                34.15647,
                -4.64473
              ],
              "size": [
                3,
                6,
                10
              ],
              "pivot": [
                -6,
                40,
                -5
              ],
              "rotation": [
                0,
                -10,
                17.5
              ],
              "uv": [
                74,
                102
              ]
            },
            {
              "origin": [
                -5.83723,
                43.92645,
                5.22705
              ],
              "size": [
                3,
                7,
                5
              ],
              "pivot": [
                -7,
                45,
                10
              ],
              "rotation": [
                0,
                0,
                62.5
              ],
              "uv": [
                152,
                78
              ]
            },
            {
              "origin": [
                -4.22248,
                40.26542,
                -3.77295
              ],
              "size": [
                3,
                7,
                9
              ],
              "pivot": [
                -4,
                44,
                5
              ],
              "rotation": [
                5,
                -12.5,
                62.5
              ],
              "uv": [
                91,
                117
              ]
            },
            {
              "origin": [
                -4.22248,
                38.26542,
                -9.77295
              ],
              "size": [
                3,
                7,
                7
              ],
              "pivot": [
                -4,
                42,
                -5
              ],
              "rotation": [
                0,
                5,
                62.5
              ],
              "uv": [
                129,
                112
              ]
            },
            {
              "origin": [
                -7,
                19.76493,
                6.22705
              ],
              "size": [
                13,
                24,
                2
              ],
              "uv": [
                0,
                81
              ]
            },
            {
              "origin": [
                -11,
                17.76493,
                -9.77295
              ],
              "size": [
                21,
                5,
                21
              ],
              "uv": [
                0,
                0
              ]
            },
            {
              "origin": [
                7,
                22.76493,
                -4.77295
              ],
              "size": [
                2,
                13,
                10
              ],
              "pivot": [
                9,
                30,
                5
              ],
              "rotation": [
                0,
                15,
                0
              ],
              "uv": [
                93,
                89
              ]
            },
            {
              "origin": [
                -10,
                22.76493,
                -4.77295
              ],
              "size": [
                2,
                12,
                10
              ],
              "pivot": [
                -10,
                30,
                5
              ],
              "rotation": [
                0,
                -10,
                0
              ],
              "uv": [
                101,
                34
              ]
            },
            {
              "origin": [
                9,
                22.76493,
                5.22705
              ],
              "size": [
                1,
                13,
                5
              ],
              "uv": [
                59,
                153
              ]
            },
            {
              "origin": [
                -11,
                22.76493,
                5.22705
              ],
              "size": [
                1,
                13,
                5
              ],
              "uv": [
                150,
                60
              ]
            }
          ]
        },
        {
          "name": "Tembak2",
          "parent": "Tutup2",
          "pivot": [
            -12,
            26,
            8
          ],
          "cubes": [
            {
              "origin": [
                -14,
                18.76493,
                6
              ],
              "size": [
                3,
                13,
                4
              ],
              "uv": [
                45,
                149
              ]
            },
            {
              "origin": [
                -14,
                39.19158,
                8.97433
              ],
              "size": [
                4,
                7,
                1
              ],
              "pivot": [
                -12,
                43,
                10
              ],
              "rotation": [
                -7.5,
                0,
                0
              ],
              "uv": [
                159,
                25
              ]
            },
            {
              "origin": [
                -14,
                39.14862,
                6
              ],
              "size": [
                4,
                7,
                1
              ],
              "pivot": [
                -12,
                43,
                10
              ],
              "rotation": [
                5,
                0,
                0
              ],
              "uv": [
                159,
                25
              ]
            },
            {
              "origin": [
                -13,
                31.76493,
                7
              ],
              "size": [
                2,
                16,
                2
              ],
              "uv": [
                143,
                160
              ]
            }
          ]
        },
        {
          "name": "Laser3",
          "parent": "Tembak2",
          "pivot": [
            -12,
            48,
            8
          ],
          "cubes": [
            {
              "origin": [
                -13,
                48,
                8
              ],
              "size": [
                2,
                43,
                0
              ],
              "uv": [
                0,
                213
              ]
            },
            {
              "origin": [
                -13,
                48,
                8
              ],
              "size": [
                2,
                43,
                0
              ],
              "pivot": [
                -12,
                48,
                8
              ],
              "rotation": [
                0,
                -90,
                0
              ],
              "uv": [
                0,
                213
              ]
            }
          ]
        },
        {
          "name": "Tembak6",
          "parent": "Tutup2",
          "pivot": [
            -12,
            26,
            3
          ],
          "cubes": [
            {
              "origin": [
                -14,
                18.76493,
                1
              ],
              "size": [
                3,
                13,
                4
              ],
              "uv": [
                144,
                143
              ]
            },
            {
              "origin": [
                -14,
                39.19158,
                3.97433
              ],
              "size": [
                4,
                7,
                1
              ],
              "pivot": [
                -12,
                43,
                5
              ],
              "rotation": [
                -7.5,
                0,
                0
              ],
              "uv": [
                107,
                89
              ]
            },
            {
              "origin": [
                -14,
                39.14862,
                1
              ],
              "size": [
                4,
                7,
                1
              ],
              "pivot": [
                -12,
                43,
                5
              ],
              "rotation": [
                5,
                0,
                0
              ],
              "uv": [
                38,
                76
              ]
            },
            {
              "origin": [
                -13,
                31.76493,
                2
              ],
              "size": [
                2,
                16,
                2
              ],
              "uv": [
                23,
                154
              ]
            }
          ]
        },
        {
          "name": "Laser6",
          "parent": "Tembak6",
          "pivot": [
            -12,
            48,
            3
          ],
          "cubes": [
            {
              "origin": [
                -13,
                48,
                3
              ],
              "size": [
                2,
                43,
                0
              ],
              "uv": [
                0,
                213
              ]
            },
            {
              "origin": [
                -13,
                48,
                3
              ],
              "size": [
                2,
                43,
                0
              ],
              "pivot": [
                -12,
                48,
                3
              ],
              "rotation": [
                0,
                -90,
                0
              ],
              "uv": [
                0,
                213
              ]
            }
          ]
        },
        {
          "name": "Tembak7",
          "parent": "Tutup2",
          "pivot": [
            -12,
            26,
            -2
          ],
          "cubes": [
            {
              "origin": [
                -14,
                18.76493,
                -4
              ],
              "size": [
                3,
                13,
                4
              ],
              "uv": [
                138,
                78
              ]
            },
            {
              "origin": [
                -14,
                39.19158,
                -1.02567
              ],
              "size": [
                4,
                7,
                1
              ],
              "pivot": [
                -12,
                43,
                0
              ],
              "rotation": [
                -7.5,
                0,
                0
              ],
              "uv": [
                63,
                0
              ]
            },
            {
              "origin": [
                -14,
                39.14862,
                -4
              ],
              "size": [
                4,
                7,
                1
              ],
              "pivot": [
                -12,
                43,
                0
              ],
              "rotation": [
                5,
                0,
                0
              ],
              "uv": [
                54,
                34
              ]
            },
            {
              "origin": [
                -13,
                31.76493,
                -3
              ],
              "size": [
                2,
                16,
                2
              ],
              "uv": [
                38,
                58
              ]
            }
          ]
        },
        {
          "name": "Laser7",
          "parent": "Tembak7",
          "pivot": [
            -12,
            48,
            -2
          ],
          "cubes": [
            {
              "origin": [
                -13,
                48,
                -2
              ],
              "size": [
                2,
                43,
                0
              ],
              "uv": [
                0,
                213
              ]
            },
            {
              "origin": [
                -13,
                48,
                -2
              ],
              "size": [
                2,
                43,
                0
              ],
              "pivot": [
                -12,
                48,
                -2
              ],
              "rotation": [
                0,
                -90,
                0
              ],
              "uv": [
                0,
                213
              ]
            }
          ]
        },
        {
          "name": "Tembak3",
          "parent": "Tutup2",
          "pivot": [
            11,
            26,
            8
          ],
          "cubes": [
            {
              "origin": [
                10,
                18.76493,
                6
              ],
              "size": [
                3,
                13,
                4
              ],
              "uv": [
                148,
                122
              ]
            },
            {
              "origin": [
                9,
                39.19158,
                8.97433
              ],
              "size": [
                4,
                7,
                1
              ],
              "pivot": [
                11,
                43,
                10
              ],
              "rotation": [
                -7.5,
                0,
                0
              ],
              "uv": [
                159,
                25
              ]
            },
            {
              "origin": [
                9,
                39.14862,
                6
              ],
              "size": [
                4,
                7,
                1
              ],
              "pivot": [
                11,
                43,
                10
              ],
              "rotation": [
                5,
                0,
                0
              ],
              "uv": [
                130,
                46
              ]
            },
            {
              "origin": [
                10,
                31.76493,
                7
              ],
              "size": [
                2,
                16,
                2
              ],
              "uv": [
                159,
                90
              ]
            }
          ]
        },
        {
          "name": "Laser2",
          "parent": "Tembak3",
          "pivot": [
            11,
            48,
            8
          ],
          "cubes": [
            {
              "origin": [
                10,
                48,
                8
              ],
              "size": [
                2,
                43,
                0
              ],
              "uv": [
                0,
                213
              ]
            },
            {
              "origin": [
                10,
                48,
                8
              ],
              "size": [
                2,
                43,
                0
              ],
              "pivot": [
                11,
                48,
                8
              ],
              "rotation": [
                0,
                -90,
                0
              ],
              "uv": [
                0,
                213
              ]
            }
          ]
        },
        {
          "name": "Tembak5",
          "parent": "Tutup2",
          "pivot": [
            11,
            26,
            -2
          ],
          "cubes": [
            {
              "origin": [
                10,
                18.76493,
                -4
              ],
              "size": [
                3,
                13,
                4
              ],
              "uv": [
                145,
                6
              ]
            },
            {
              "origin": [
                9,
                39.19158,
                -1.02567
              ],
              "size": [
                4,
                7,
                1
              ],
              "pivot": [
                11,
                43,
                0
              ],
              "rotation": [
                -7.5,
                0,
                0
              ],
              "uv": [
                74,
                123
              ]
            },
            {
              "origin": [
                9,
                39.14862,
                -4
              ],
              "size": [
                4,
                7,
                1
              ],
              "pivot": [
                11,
                43,
                0
              ],
              "rotation": [
                5,
                0,
                0
              ],
              "uv": [
                113,
                22
              ]
            },
            {
              "origin": [
                10,
                31.76493,
                -3
              ],
              "size": [
                2,
                16,
                2
              ],
              "uv": [
                31,
                157
              ]
            }
          ]
        },
        {
          "name": "Laser5",
          "parent": "Tembak5",
          "pivot": [
            11,
            48,
            -2
          ],
          "cubes": [
            {
              "origin": [
                10,
                48,
                -2
              ],
              "size": [
                2,
                43,
                0
              ],
              "uv": [
                0,
                213
              ]
            },
            {
              "origin": [
                10,
                48,
                -2
              ],
              "size": [
                2,
                43,
                0
              ],
              "pivot": [
                11,
                48,
                -2
              ],
              "rotation": [
                0,
                -90,
                0
              ],
              "uv": [
                0,
                213
              ]
            }
          ]
        },
        {
          "name": "Tembak4",
          "parent": "Tutup2",
          "pivot": [
            11,
            26,
            3
          ],
          "cubes": [
            {
              "origin": [
                10,
                18.76493,
                1
              ],
              "size": [
                3,
                13,
                4
              ],
              "uv": [
                145,
                23
              ]
            },
            {
              "origin": [
                9,
                39.19158,
                3.97433
              ],
              "size": [
                4,
                7,
                1
              ],
              "pivot": [
                11,
                43,
                5
              ],
              "rotation": [
                -7.5,
                0,
                0
              ],
              "uv": [
                159,
                25
              ]
            },
            {
              "origin": [
                9,
                39.14862,
                1
              ],
              "size": [
                4,
                7,
                1
              ],
              "pivot": [
                11,
                43,
                5
              ],
              "rotation": [
                5,
                0,
                0
              ],
              "uv": [
                0,
                124
              ]
            },
            {
              "origin": [
                10,
                31.76493,
                2
              ],
              "size": [
                2,
                16,
                2
              ],
              "uv": [
                71,
                158
              ]
            }
          ]
        },
        {
          "name": "Laser4",
          "parent": "Tembak4",
          "pivot": [
            11,
            48,
            3
          ],
          "cubes": [
            {
              "origin": [
                10,
                48,
                3
              ],
              "size": [
                2,
                43,
                0
              ],
              "uv": [
                0,
                213
              ]
            },
            {
              "origin": [
                10,
                48,
                3
              ],
              "size": [
                2,
                43,
                0
              ],
              "pivot": [
                11,
                48,
                3
              ],
              "rotation": [
                0,
                -90,
                0
              ],
              "uv": [
                54,
                91
              ]
            }
          ]
        },
        {
          "name": "Tutup3",
          "parent": "Body2",
          "pivot": [
            -4,
            4,
            9
          ],
          "rotation": [
            90,
            0,
            0
          ],
          "cubes": [
            {
              "origin": [
                -10,
                5.76493,
                5.22705
              ],
              "size": [
                2,
                18,
                5
              ],
              "uv": [
                31,
                134
              ]
            },
            {
              "origin": [
                -8,
                5.76493,
                5.22705
              ],
              "size": [
                14,
                18,
                5
              ],
              "uv": [
                0,
                58
              ]
            },
            {
              "origin": [
                -10,
                5.76493,
                5.22705
              ],
              "size": [
                18,
                0,
                5
              ],
              "uv": [
                49,
                48
              ]
            },
            {
              "origin": [
                -10,
                5.76493,
                5.22705
              ],
              "size": [
                19,
                26,
                5
              ],
              "uv": [
                49,
                53
              ]
            },
            {
              "origin": [
                -6,
                31.76493,
                16.22705
              ],
              "size": [
                11,
                1,
                7
              ],
              "pivot": [
                -1,
                32,
                17
              ],
              "rotation": [
                -5,
                0,
                0
              ],
              "uv": [
                92,
                0
              ]
            },
            {
              "origin": [
                -6,
                31.76493,
                11.22705
              ],
              "size": [
                11,
                1,
                5
              ],
              "pivot": [
                -1,
                33,
                16
              ],
              "rotation": [
                15,
                0,
                0
              ],
              "uv": [
                121,
                0
              ]
            },
            {
              "origin": [
                9,
                7.76493,
                5.22705
              ],
              "size": [
                1,
                14,
                3
              ],
              "uv": [
                162,
                114
              ]
            },
            {
              "origin": [
                12.81427,
                7.76493,
                11.97319
              ],
              "size": [
                1,
                14,
                7
              ],
              "pivot": [
                11,
                14,
                14
              ],
              "rotation": [
                0,
                -5,
                0
              ],
              "uv": [
                15,
                133
              ]
            },
            {
              "origin": [
                13.59867,
                7.76493,
                20.93894
              ],
              "size": [
                1,
                14,
                7
              ],
              "pivot": [
                11,
                14,
                14
              ],
              "rotation": [
                0,
                -5,
                0
              ],
              "uv": [
                0,
                0
              ]
            },
            {
              "origin": [
                5.65138,
                23.76493,
                14.24227
              ],
              "size": [
                1,
                14,
                1
              ],
              "pivot": [
                12,
                28,
                18
              ],
              "rotation": [
                3.69066,
                -3.37562,
                -47.60879
              ],
              "uv": [
                39,
                157
              ]
            },
            {
              "origin": [
                4.34345,
                20.82704,
                16.89365
              ],
              "size": [
                1,
                14,
                1
              ],
              "pivot": [
                8,
                28,
                18
              ],
              "rotation": [
                -6.30934,
                -3.37562,
                -47.60879
              ],
              "uv": [
                91,
                139
              ]
            },
            {
              "origin": [
                -15.72675,
                7.76493,
                9.96861
              ],
              "size": [
                1,
                14,
                7
              ],
              "pivot": [
                11,
                14,
                14
              ],
              "rotation": [
                0,
                5,
                0
              ],
              "uv": [
                132,
                126
              ]
            },
            {
              "origin": [
                -16.51115,
                7.76493,
                18.93437
              ],
              "size": [
                1,
                14,
                7
              ],
              "pivot": [
                11,
                14,
                14
              ],
              "rotation": [
                0,
                5,
                0
              ],
              "uv": [
                108,
                126
              ]
            },
            {
              "origin": [
                -9.65518,
                21.76493,
                14.32943
              ],
              "size": [
                1,
                14,
                1
              ],
              "pivot": [
                -13,
                24,
                18
              ],
              "rotation": [
                2.87277,
                4.09405,
                35.1027
              ],
              "uv": [
                24,
                118
              ]
            },
            {
              "origin": [
                -9.65518,
                21.76493,
                16.32943
              ],
              "size": [
                1,
                14,
                1
              ],
              "pivot": [
                -13,
                24,
                18
              ],
              "rotation": [
                -12.12723,
                4.09405,
                35.1027
              ],
              "uv": [
                16,
                5
              ]
            },
            {
              "origin": [
                13.16289,
                7.76493,
                7.49613
              ],
              "size": [
                1,
                14,
                5
              ],
              "pivot": [
                11,
                14,
                14
              ],
              "rotation": [
                0,
                5,
                0
              ],
              "uv": [
                131,
                147
              ]
            },
            {
              "origin": [
                12.37849,
                7.76493,
                16.46188
              ],
              "size": [
                1,
                14,
                5
              ],
              "pivot": [
                11,
                14,
                14
              ],
              "rotation": [
                0,
                5,
                0
              ],
              "uv": [
                0,
                140
              ]
            },
            {
              "origin": [
                -16.07538,
                7.76493,
                9.50071
              ],
              "size": [
                1,
                14,
                5
              ],
              "pivot": [
                11,
                14,
                14
              ],
              "rotation": [
                0,
                -5,
                0
              ],
              "uv": [
                147,
                90
              ]
            },
            {
              "origin": [
                -15.29097,
                7.76493,
                18.46646
              ],
              "size": [
                1,
                14,
                5
              ],
              "pivot": [
                11,
                14,
                14
              ],
              "rotation": [
                0,
                -5,
                0
              ],
              "uv": [
                119,
                142
              ]
            },
            {
              "origin": [
                9,
                7.76493,
                8.22705
              ],
              "size": [
                1,
                14,
                8
              ],
              "pivot": [
                10,
                18,
                8
              ],
              "rotation": [
                0,
                -17.5,
                0
              ],
              "uv": [
                115,
                22
              ]
            },
            {
              "origin": [
                -11,
                7.76493,
                5.22705
              ],
              "size": [
                1,
                14,
                3
              ],
              "uv": [
                119,
                161
              ]
            },
            {
              "origin": [
                -11,
                7.76493,
                8.22705
              ],
              "size": [
                1,
                14,
                8
              ],
              "pivot": [
                -11,
                15,
                8
              ],
              "rotation": [
                0,
                20,
                0
              ],
              "uv": [
                109,
                104
              ]
            }
          ]
        },
        {
          "name": "Head3",
          "parent": "Head",
          "pivot": [
            0,
            23,
            -4
          ],
          "cubes": [
            {
              "origin": [
                -5,
                28,
                -9
              ],
              "size": [
                9,
                9,
                11
              ],
              "uv": [
                63,
                0
              ]
            },
            {
              "origin": [
                -5,
                36.4,
                -3.5
              ],
              "size": [
                9,
                1,
                2
              ],
              "uv": [
                84,
                22
              ]
            },
            {
              "origin": [
                -4,
                24,
                -9
              ],
              "size": [
                7,
                4,
                11
              ],
              "uv": [
                67,
                84
              ]
            },
            {
              "origin": [
                -1,
                27,
                -9
              ],
              "size": [
                1,
                6,
                1
              ],
              "pivot": [
                0,
                29,
                -9
              ],
              "rotation": [
                -20,
                0,
                0
              ],
              "uv": [
                0,
                0
              ]
            },
            {
              "origin": [
                3.5,
                29,
                -8
              ],
              "size": [
                1,
                7,
                10
              ],
              "uv": [
                118,
                46
              ]
            },
            {
              "origin": [
                3.5,
                23,
                -8
              ],
              "size": [
                1,
                6,
                10
              ],
              "pivot": [
                5,
                29,
                -4
              ],
              "rotation": [
                0,
                0,
                10
              ],
              "uv": [
                74,
                123
              ]
            },
            {
              "origin": [
                -5.5,
                29,
                -8
              ],
              "size": [
                1,
                7,
                10
              ],
              "uv": [
                117,
                116
              ]
            },
            {
              "origin": [
                -6.5,
                29,
                -5
              ],
              "size": [
                1,
                3,
                1
              ],
              "uv": [
                30,
                84
              ]
            },
            {
              "origin": [
                -6.5,
                28,
                -4
              ],
              "size": [
                1,
                5,
                3
              ],
              "uv": [
                15,
                107
              ]
            },
            {
              "origin": [
                4.5,
                28,
                -4
              ],
              "size": [
                1,
                5,
                3
              ],
              "uv": [
                0,
                107
              ]
            },
            {
              "origin": [
                4.5,
                29,
                -5
              ],
              "size": [
                1,
                3,
                1
              ],
              "uv": [
                0,
                58
              ]
            },
            {
              "origin": [
                4.5,
                29,
                -1
              ],
              "size": [
                1,
                3,
                1
              ],
              "uv": [
                0,
                26
              ]
            },
            {
              "origin": [
                -6.5,
                29,
                -1
              ],
              "size": [
                1,
                3,
                1
              ],
              "uv": [
                33,
                58
              ]
            },
            {
              "origin": [
                -5.5,
                23,
                -8
              ],
              "size": [
                1,
                6,
                10
              ],
              "pivot": [
                -6,
                29,
                -8
              ],
              "rotation": [
                0,
                0,
                -10
              ],
              "uv": [
                0,
                124
              ]
            },
            {
              "origin": [
                -4,
                23,
                -8
              ],
              "size": [
                7,
                2,
                9
              ],
              "uv": [
                94,
                11
              ]
            }
          ]
        },
        {
          "name": "bone",
          "parent": "Head3",
          "pivot": [
            0,
            26,
            -9
          ]
        },
        {
          "name": "Bibir",
          "parent": "bone",
          "pivot": [
            0,
            26,
            -12
          ],
          "cubes": [
            {
              "origin": [
                -3,
                25,
                -9.1
              ],
              "size": [
                5,
                2,
                0
              ],
              "uv": [
                48,
                30
              ]
            }
          ]
        },
        {
          "name": "Bibir2",
          "parent": "bone",
          "pivot": [
            0,
            24,
            -8
          ],
          "cubes": [
            {
              "origin": [
                -3,
                23,
                -9.1
              ],
              "size": [
                5,
                3,
                0
              ],
              "uv": [
                54,
                42
              ]
            }
          ]
        },
        {
          "name": "bone2",
          "parent": "bone",
          "pivot": [
            0,
            27,
            -9
          ],
          "cubes": [
            {
              "origin": [
                -4,
                26,
                -9.1
              ],
              "size": [
                1,
                1,
                0
              ],
              "uv": [
                5,
                0
              ]
            },
            {
              "origin": [
                2,
                26,
                -9.1
              ],
              "size": [
                1,
                1,
                0
              ],
              "uv": [
                4,
                4
              ]
            }
          ]
        },
        {
          "name": "Mata2",
          "parent": "bone",
          "pivot": [
            -1,
            29,
            -8
          ],
          "cubes": [
            {
              "origin": [
                -5,
                28,
                -9.5
              ],
              "size": [
                9,
                3,
                2
              ],
              "uv": [
                74,
                118
              ]
            }
          ]
        },
        {
          "name": "bone3",
          "parent": "bone",
          "pivot": [
            -1,
            26,
            -9
          ],
          "cubes": [
            {
              "origin": [
                -5,
                26,
                -8.1
              ],
              "size": [
                1,
                1,
                0
              ],
              "uv": [
                4,
                3
              ]
            },
            {
              "origin": [
                3,
                26,
                -8.1
              ],
              "size": [
                1,
                1,
                0
              ],
              "uv": [
                3,
                0
              ]
            },
            {
              "origin": [
                -4,
                25,
                -9.1
              ],
              "size": [
                1,
                1,
                0
              ],
              "uv": [
                4,
                2
              ]
            },
            {
              "origin": [
                2,
                25,
                -9.1
              ],
              "size": [
                1,
                1,
                0
              ],
              "uv": [
                4,
                1
              ]
            }
          ]
        },
        {
          "name": "Alis",
          "parent": "Head3",
          "pivot": [
            0,
            31,
            -10
          ]
        },
        {
          "name": "bone6",
          "parent": "Alis",
          "pivot": [
            -1,
            31,
            -9
          ],
          "rotation": [
            0,
            0,
            10
          ],
          "cubes": [
            {
              "origin": [
                -4,
                30,
                -9.2
              ],
              "size": [
                3,
                1,
                0
              ],
              "pivot": [
                -1,
                31,
                -9
              ],
              "rotation": [
                0,
                0,
                5
              ],
              "uv": [
                9,
                6
              ]
            }
          ]
        },
        {
          "name": "bone5",
          "parent": "Alis",
          "pivot": [
            0,
            31,
            -10
          ],
          "rotation": [
            0,
            0,
            -10
          ],
          "cubes": [
            {
              "origin": [
                -0.04362,
                30.00095,
                -9.2
              ],
              "size": [
                3,
                1,
                0
              ],
              "pivot": [
                0,
                31,
                -10
              ],
              "rotation": [
                0,
                0,
                -5
              ],
              "uv": [
                9,
                5
              ]
            }
          ]
        },
        {
          "name": "Mata",
          "parent": "Head3",
          "pivot": [
            -1,
            29,
            -9
          ],
          "cubes": [
            {
              "origin": [
                -5,
                29,
                -9.1
              ],
              "size": [
                4,
                3,
                0
              ],
              "uv": [
                30,
                81
              ]
            },
            {
              "origin": [
                -0.04362,
                29.00095,
                -9.1
              ],
              "size": [
                4,
                3,
                0
              ],
              "uv": [
                63,
                8
              ]
            }
          ]
        },
        {
          "name": "Leher",
          "parent": "Head3",
          "pivot": [
            0,
            13,
            -4
          ],
          "cubes": [
            {
              "origin": [
                -4,
                17,
                -7
              ],
              "size": [
                7,
                8,
                7
              ],
              "uv": [
                101,
                74
              ]
            }
          ]
        }
      ]
    }
  ]
}