{
  "format_version": "1.12.0",
  "minecraft:geometry": [
    {
      "description": {
        "identifier": "geometry.pa_kato",
        "texture_width": 128,
        "texture_height": 128,
        "visible_bounds_width": 8,
        "visible_bounds_height": 9,
        "visible_bounds_offset": [
          0,
          1.5,
          0
        ]
      },
      "bones": [
        {
          "name": "All",
          "pivot": [
            0,
            43,
            0
          ]
        },
        {
          "name": "Kaki",
          "parent": "All",
          "pivot": [
            -4,
            50,
            2
          ],
          "rotation": [
            0,
            0,
            17.5
          ],
          "cubes": [
            {
              "origin": [
                -4.5,
                23,
                1.5
              ],
              "size": [
                1,
                19,
                1
              ],
              "uv": [
                16,
                0
              ]
            },
            {
              "origin": [
                -5,
                23,
                1
              ],
              "size": [
                2,
                2,
                2
              ],
              "uv": [
                0,
                24
              ]
            },
            {
              "origin": [
                -5,
                42,
                1
              ],
              "size": [
                2,
                8,
                2
              ],
              "uv": [
                44,
                86
              ]
            }
          ]
        },
        {
          "name": "Kika",
          "parent": "Kaki",
          "pivot": [
            -3,
            21,
            2
          ],
          "cubes": [
            {
              "origin": [
                -4.5,
                -3,
                1.5
              ],
              "size": [
                1,
                26,
                1
              ],
              "uv": [
                66,
                83
              ]
            },
            {
              "origin": [
                -5,
                21,
                1
              ],
              "size": [
                2,
                2,
                2
              ],
              "uv": [
                0,
                24
              ]
            }
          ]
        },
        {
          "name": "Kaki2",
          "parent": "All",
          "pivot": [
            4,
            50,
            2
          ],
          "rotation": [
            0,
            0,
            -17.5
          ],
          "cubes": [
            {
              "origin": [
                3.5,
                23,
                1.5
              ],
              "size": [
                1,
                19,
                1
              ],
              "uv": [
                16,
                0
              ]
            },
            {
              "origin": [
                3,
                23,
                1
              ],
              "size": [
                2,
                2,
                2
              ],
              "uv": [
                0,
                24
              ]
            },
            {
              "origin": [
                3,
                42,
                1
              ],
              "size": [
                2,
                8,
                2
              ],
              "uv": [
                44,
                86
              ]
            }
          ]
        },
        {
          "name": "Kika2",
          "parent": "Kaki2",
          "pivot": [
            5,
            21,
            2
          ],
          "cubes": [
            {
              "origin": [
                3.5,
                -3,
                1.5
              ],
              "size": [
                1,
                26,
                1
              ],
              "uv": [
                66,
                83
              ]
            },
            {
              "origin": [
                3,
                21,
                1
              ],
              "size": [
                2,
                2,
                2
              ],
              "uv": [
                0,
                24
              ]
            }
          ]
        },
        {
          "name": "Kaki3",
          "parent": "All",
          "pivot": [
            -2,
            50,
            9
          ],
          "rotation": [
            17.5,
            0,
            0
          ],
          "cubes": [
            {
              "origin": [
                -2.5,
                23,
                8.5
              ],
              "size": [
                1,
                19,
                1
              ],
              "uv": [
                16,
                0
              ]
            },
            {
              "origin": [
                -3,
                23,
                8
              ],
              "size": [
                2,
                2,
                2
              ],
              "uv": [
                0,
                24
              ]
            },
            {
              "origin": [
                -3,
                42,
                8
              ],
              "size": [
                2,
                8,
                2
              ],
              "uv": [
                44,
                86
              ]
            }
          ]
        },
        {
          "name": "Kika3",
          "parent": "Kaki3",
          "pivot": [
            -1,
            21,
            9
          ],
          "cubes": [
            {
              "origin": [
                -2.5,
                -3,
                8.5
              ],
              "size": [
                1,
                26,
                1
              ],
              "uv": [
                66,
                83
              ]
            },
            {
              "origin": [
                -3,
                21,
                8
              ],
              "size": [
                2,
                2,
                2
              ],
              "uv": [
                0,
                24
              ]
            }
          ]
        },
        {
          "name": "Body",
          "parent": "All",
          "pivot": [
            0,
            48,
            2
          ],
          "cubes": [
            {
              "origin": [
                -4.5,
                43,
                -4
              ],
              "size": [
                9,
                4,
                16
              ],
              "uv": [
                0,
                44
              ]
            },
            {
              "origin": [
                -3.5,
                47,
                -3
              ],
              "size": [
                7,
                3,
                15
              ],
              "uv": [
                44,
                24
              ]
            },
            {
              "origin": [
                -6.5,
                50,
                -6
              ],
              "size": [
                13,
                2,
                18
              ],
              "uv": [
                0,
                24
              ]
            },
            {
              "origin": [
                -7,
                52,
                -8
              ],
              "size": [
                14,
                4,
                20
              ],
              "uv": [
                0,
                0
              ]
            },
            {
              "origin": [
                -7,
                62,
                7
              ],
              "size": [
                14,
                11,
                5
              ],
              "uv": [
                34,
                44
              ]
            },
            {
              "origin": [
                -7,
                56,
                7
              ],
              "size": [
                14,
                6,
                5
              ],
              "uv": [
                45,
                60
              ]
            }
          ]
        },
        {
          "name": "Katana",
          "parent": "Body",
          "pivot": [
            -7,
            51,
            10
          ],
          "rotation": [
            0,
            -90,
            0
          ],
          "cubes": [
            {
              "origin": [
                -13,
                51,
                9
              ],
              "size": [
                7,
                3,
                2
              ],
              "uv": [
                0,
                36
              ]
            },
            {
              "origin": [
                -13,
                50,
                9
              ],
              "size": [
                7,
                1,
                2
              ],
              "pivot": [
                -13,
                51,
                10
              ],
              "rotation": [
                0,
                0,
                -10
              ],
              "uv": [
                24,
                68
              ]
            }
          ]
        },
        {
          "name": "Pe",
          "parent": "Katana",
          "pivot": [
            -13,
            52,
            11
          ],
          "cubes": [
            {
              "origin": [
                -19,
                50,
                9
              ],
              "size": [
                6,
                4,
                2
              ],
              "uv": [
                0,
                14
              ]
            }
          ]
        },
        {
          "name": "bone2",
          "parent": "Pe",
          "pivot": [
            -19,
            52,
            11
          ],
          "cubes": [
            {
              "origin": [
                -32,
                50,
                9
              ],
              "size": [
                7,
                2,
                2
              ],
              "pivot": [
                -25,
                50,
                10
              ],
              "rotation": [
                0,
                0,
                10
              ],
              "uv": [
                24,
                64
              ]
            },
            {
              "origin": [
                -32,
                52,
                9
              ],
              "size": [
                7,
                2,
                2
              ],
              "pivot": [
                -25,
                54,
                10
              ],
              "rotation": [
                0.39768,
                0.28344,
                -2.45086
              ],
              "uv": [
                24,
                64
              ]
            },
            {
              "origin": [
                -25,
                50,
                9
              ],
              "size": [
                6,
                4,
                2
              ],
              "uv": [
                0,
                14
              ]
            }
          ]
        },
        {
          "name": "Pisaw",
          "parent": "bone2",
          "pivot": [
            -31,
            53,
            10
          ],
          "cubes": [
            {
              "origin": [
                -34,
                53,
                9
              ],
              "size": [
                4,
                1,
                2
              ],
              "uv": [
                68,
                20
              ]
            },
            {
              "origin": [
                -34,
                50,
                9
              ],
              "size": [
                4,
                1,
                2
              ],
              "uv": [
                68,
                20
              ]
            },
            {
              "origin": [
                -34,
                51,
                9
              ],
              "size": [
                2,
                2,
                2
              ],
              "uv": [
                17,
                0
              ]
            },
            {
              "origin": [
                -37,
                51,
                9
              ],
              "size": [
                3,
                2,
                2
              ],
              "uv": [
                65,
                71
              ]
            },
            {
              "origin": [
                -40,
                50,
                9
              ],
              "size": [
                3,
                4,
                2
              ],
              "uv": [
                10,
                85
              ]
            },
            {
              "origin": [
                -61,
                51,
                10
              ],
              "size": [
                21,
                2,
                0
              ],
              "uv": [
                62,
                42
              ]
            }
          ]
        },
        {
          "name": "Katana4",
          "parent": "Body",
          "pivot": [
            7,
            51,
            10
          ],
          "rotation": [
            0,
            -90,
            0
          ],
          "cubes": [
            {
              "origin": [
                1,
                51,
                9
              ],
              "size": [
                7,
                3,
                2
              ],
              "uv": [
                0,
                36
              ]
            },
            {
              "origin": [
                1,
                50,
                9
              ],
              "size": [
                7,
                1,
                2
              ],
              "pivot": [
                1,
                51,
                10
              ],
              "rotation": [
                0,
                0,
                -10
              ],
              "uv": [
                24,
                68
              ]
            }
          ]
        },
        {
          "name": "Pe4",
          "parent": "Katana4",
          "pivot": [
            1,
            52,
            9
          ],
          "cubes": [
            {
              "origin": [
                -5,
                50,
                9
              ],
              "size": [
                6,
                4,
                2
              ],
              "uv": [
                0,
                14
              ]
            }
          ]
        },
        {
          "name": "bone5",
          "parent": "Pe4",
          "pivot": [
            -5,
            52,
            9
          ],
          "cubes": [
            {
              "origin": [
                -18,
                50,
                9
              ],
              "size": [
                7,
                2,
                2
              ],
              "pivot": [
                -11,
                50,
                10
              ],
              "rotation": [
                0,
                0,
                10
              ],
              "uv": [
                24,
                64
              ]
            },
            {
              "origin": [
                -18,
                52,
                9
              ],
              "size": [
                7,
                2,
                2
              ],
              "pivot": [
                -11,
                54,
                10
              ],
              "rotation": [
                0.39768,
                0.28344,
                -2.45086
              ],
              "uv": [
                24,
                64
              ]
            },
            {
              "origin": [
                -11,
                50,
                9
              ],
              "size": [
                6,
                4,
                2
              ],
              "uv": [
                0,
                14
              ]
            }
          ]
        },
        {
          "name": "Pisaw4",
          "parent": "bone5",
          "pivot": [
            -17,
            53,
            10
          ],
          "cubes": [
            {
              "origin": [
                -20,
                53,
                9
              ],
              "size": [
                4,
                1,
                2
              ],
              "uv": [
                68,
                20
              ]
            },
            {
              "origin": [
                -20,
                50,
                9
              ],
              "size": [
                4,
                1,
                2
              ],
              "uv": [
                68,
                20
              ]
            },
            {
              "origin": [
                -20,
                51,
                9
              ],
              "size": [
                2,
                2,
                2
              ],
              "uv": [
                25,
                0
              ]
            },
            {
              "origin": [
                -23,
                51,
                9
              ],
              "size": [
                3,
                2,
                2
              ],
              "uv": [
                65,
                71
              ]
            },
            {
              "origin": [
                -26,
                50,
                9
              ],
              "size": [
                3,
                4,
                2
              ],
              "uv": [
                10,
                85
              ]
            },
            {
              "origin": [
                -47,
                51,
                10
              ],
              "size": [
                21,
                2,
                0
              ],
              "uv": [
                62,
                42
              ]
            }
          ]
        },
        {
          "name": "Katana2",
          "parent": "Body",
          "pivot": [
            -5,
            47,
            10
          ],
          "rotation": [
            0,
            -90,
            0
          ],
          "cubes": [
            {
              "origin": [
                -11,
                47,
                9
              ],
              "size": [
                7,
                3,
                2
              ],
              "uv": [
                0,
                36
              ]
            },
            {
              "origin": [
                -11,
                46,
                9
              ],
              "size": [
                7,
                1,
                2
              ],
              "pivot": [
                -11,
                47,
                10
              ],
              "rotation": [
                0,
                0,
                -10
              ],
              "uv": [
                24,
                68
              ]
            }
          ]
        },
        {
          "name": "Pe2",
          "parent": "Katana2",
          "pivot": [
            -11,
            48,
            11
          ],
          "cubes": [
            {
              "origin": [
                -17,
                46,
                9
              ],
              "size": [
                6,
                4,
                2
              ],
              "uv": [
                0,
                14
              ]
            }
          ]
        },
        {
          "name": "bone3",
          "parent": "Pe2",
          "pivot": [
            -17,
            48,
            11
          ],
          "cubes": [
            {
              "origin": [
                -30,
                46,
                9
              ],
              "size": [
                7,
                2,
                2
              ],
              "pivot": [
                -23,
                46,
                10
              ],
              "rotation": [
                0,
                0,
                10
              ],
              "uv": [
                24,
                64
              ]
            },
            {
              "origin": [
                -30,
                48,
                9
              ],
              "size": [
                7,
                2,
                2
              ],
              "pivot": [
                -23,
                50,
                10
              ],
              "rotation": [
                0.39768,
                0.28344,
                -2.45086
              ],
              "uv": [
                24,
                64
              ]
            },
            {
              "origin": [
                -23,
                46,
                9
              ],
              "size": [
                6,
                4,
                2
              ],
              "uv": [
                0,
                14
              ]
            }
          ]
        },
        {
          "name": "Pisaw2",
          "parent": "bone3",
          "pivot": [
            -29,
            49,
            10
          ],
          "cubes": [
            {
              "origin": [
                -32,
                49,
                9
              ],
              "size": [
                4,
                1,
                2
              ],
              "uv": [
                68,
                20
              ]
            },
            {
              "origin": [
                -32,
                46,
                9
              ],
              "size": [
                4,
                1,
                2
              ],
              "uv": [
                68,
                20
              ]
            },
            {
              "origin": [
                -32,
                47,
                9
              ],
              "size": [
                2,
                2,
                2
              ],
              "uv": [
                25,
                0
              ]
            },
            {
              "origin": [
                -35,
                47,
                9
              ],
              "size": [
                3,
                2,
                2
              ],
              "uv": [
                65,
                71
              ]
            },
            {
              "origin": [
                -38,
                46,
                9
              ],
              "size": [
                3,
                4,
                2
              ],
              "uv": [
                10,
                85
              ]
            },
            {
              "origin": [
                -59,
                47,
                10
              ],
              "size": [
                21,
                2,
                0
              ],
              "uv": [
                62,
                42
              ]
            }
          ]
        },
        {
          "name": "Katana3",
          "parent": "Body",
          "pivot": [
            5,
            47,
            10
          ],
          "rotation": [
            0,
            -90,
            0
          ],
          "cubes": [
            {
              "origin": [
                -1,
                47,
                9
              ],
              "size": [
                7,
                3,
                2
              ],
              "uv": [
                0,
                36
              ]
            },
            {
              "origin": [
                -1,
                46,
                9
              ],
              "size": [
                7,
                1,
                2
              ],
              "pivot": [
                -1,
                47,
                10
              ],
              "rotation": [
                0,
                0,
                -10
              ],
              "uv": [
                24,
                68
              ]
            }
          ]
        },
        {
          "name": "Pe3",
          "parent": "Katana3",
          "pivot": [
            -1,
            48,
            9
          ],
          "cubes": [
            {
              "origin": [
                -7,
                46,
                9
              ],
              "size": [
                6,
                4,
                2
              ],
              "uv": [
                0,
                14
              ]
            }
          ]
        },
        {
          "name": "bone4",
          "parent": "Pe3",
          "pivot": [
            -7,
            48,
            9
          ],
          "cubes": [
            {
              "origin": [
                -20,
                46,
                9
              ],
              "size": [
                7,
                2,
                2
              ],
              "pivot": [
                -13,
                46,
                10
              ],
              "rotation": [
                0,
                0,
                10
              ],
              "uv": [
                24,
                64
              ]
            },
            {
              "origin": [
                -20,
                48,
                9
              ],
              "size": [
                7,
                2,
                2
              ],
              "pivot": [
                -13,
                50,
                10
              ],
              "rotation": [
                0.39768,
                0.28344,
                -2.45086
              ],
              "uv": [
                24,
                64
              ]
            },
            {
              "origin": [
                -13,
                46,
                9
              ],
              "size": [
                6,
                4,
                2
              ],
              "uv": [
                0,
                14
              ]
            }
          ]
        },
        {
          "name": "Pisaw3",
          "parent": "bone4",
          "pivot": [
            -19,
            49,
            10
          ],
          "cubes": [
            {
              "origin": [
                -22,
                49,
                9
              ],
              "size": [
                4,
                1,
                2
              ],
              "uv": [
                68,
                20
              ]
            },
            {
              "origin": [
                -22,
                46,
                9
              ],
              "size": [
                4,
                1,
                2
              ],
              "uv": [
                68,
                20
              ]
            },
            {
              "origin": [
                -22,
                47,
                9
              ],
              "size": [
                2,
                2,
                2
              ],
              "uv": [
                25,
                0
              ]
            },
            {
              "origin": [
                -25,
                47,
                9
              ],
              "size": [
                3,
                2,
                2
              ],
              "uv": [
                65,
                71
              ]
            },
            {
              "origin": [
                -28,
                46,
                9
              ],
              "size": [
                3,
                4,
                2
              ],
              "uv": [
                10,
                85
              ]
            },
            {
              "origin": [
                -49,
                47,
                10
              ],
              "size": [
                21,
                2,
                0
              ],
              "uv": [
                62,
                42
              ]
            }
          ]
        },
        {
          "name": "bone",
          "parent": "Body",
          "pivot": [
            -1,
            72,
            10
          ],
          "rotation": [
            -7.5,
            0,
            0
          ],
          "cubes": [
            {
              "origin": [
                -1,
                72,
                9
              ],
              "size": [
                2,
                2,
                1
              ],
              "uv": [
                0,
                28
              ]
            },
            {
              "origin": [
                -2,
                74,
                8
              ],
              "size": [
                4,
                1,
                3
              ],
              "uv": [
                52,
                86
              ]
            }
          ]
        },
        {
          "name": "Leher",
          "parent": "Body",
          "pivot": [
            0,
            58,
            1
          ],
          "cubes": [
            {
              "origin": [
                -2,
                51,
                -1
              ],
              "size": [
                4,
                10,
                4
              ],
              "uv": [
                0,
                0
              ]
            }
          ]
        },
        {
          "name": "Head",
          "parent": "Leher",
          "pivot": [
            1,
            61,
            1
          ],
          "cubes": [
            {
              "origin": [
                -5,
                66,
                0
              ],
              "size": [
                1,
                2,
                1
              ],
              "pivot": [
                -4,
                67,
                0
              ],
              "rotation": [
                0,
                0,
                -10
              ],
              "uv": [
                14,
                27
              ]
            },
            {
              "origin": [
                4,
                66,
                0
              ],
              "size": [
                1,
                2,
                1
              ],
              "pivot": [
                4,
                67,
                0
              ],
              "rotation": [
                0,
                0,
                10
              ],
              "uv": [
                0,
                0
              ]
            },
            {
              "origin": [
                -3,
                61,
                -4
              ],
              "size": [
                6,
                4,
                8
              ],
              "uv": [
                73,
                20
              ]
            },
            {
              "origin": [
                -13,
                65,
                3.5
              ],
              "size": [
                15,
                0,
                0
              ],
              "uv": [
                0,
                0
              ]
            },
            {
              "origin": [
                -1.5,
                64,
                -4.5
              ],
              "size": [
                1,
                2,
                1
              ],
              "pivot": [
                1,
                61,
                -3
              ],
              "rotation": [
                -19.9727,
                -40.73565,
                13.34199
              ],
              "uv": [
                14,
                24
              ]
            },
            {
              "origin": [
                -4,
                65,
                -4
              ],
              "size": [
                8,
                5,
                8
              ],
              "uv": [
                0,
                64
              ]
            },
            {
              "origin": [
                -4,
                63,
                3
              ],
              "size": [
                1,
                4,
                1
              ],
              "pivot": [
                -3,
                64,
                3
              ],
              "rotation": [
                -65,
                0,
                0
              ],
              "uv": [
                10,
                24
              ]
            },
            {
              "origin": [
                3,
                63,
                3
              ],
              "size": [
                1,
                4,
                1
              ],
              "pivot": [
                4,
                64,
                3
              ],
              "rotation": [
                -65,
                0,
                0
              ],
              "uv": [
                10,
                24
              ]
            },
            {
              "origin": [
                -3,
                65,
                -4.7
              ],
              "size": [
                6,
                5,
                1
              ],
              "pivot": [
                0,
                68,
                -4
              ],
              "rotation": [
                -7.5,
                0,
                0
              ],
              "uv": [
                30,
                86
              ]
            },
            {
              "origin": [
                -2,
                68,
                -4.7
              ],
              "size": [
                4,
                4,
                3
              ],
              "uv": [
                34,
                77
              ]
            },
            {
              "origin": [
                3,
                62,
                -4.7
              ],
              "size": [
                3,
                8,
                1
              ],
              "pivot": [
                3,
                67,
                -5
              ],
              "rotation": [
                -2.5,
                -25,
                0
              ],
              "uv": [
                52,
                90
              ]
            },
            {
              "origin": [
                -6,
                62,
                -4.7
              ],
              "size": [
                3,
                8,
                1
              ],
              "pivot": [
                -3,
                67,
                -5
              ],
              "rotation": [
                -2.37709,
                27.50452,
                0.24558
              ],
              "uv": [
                52,
                90
              ]
            },
            {
              "origin": [
                -4,
                61,
                -4
              ],
              "size": [
                1,
                4,
                8
              ],
              "pivot": [
                -4,
                65,
                -4
              ],
              "rotation": [
                0,
                0,
                -15
              ],
              "uv": [
                0,
                85
              ]
            },
            {
              "origin": [
                3,
                61,
                -4
              ],
              "size": [
                1,
                4,
                8
              ],
              "pivot": [
                4,
                65,
                -4
              ],
              "rotation": [
                0,
                0,
                15
              ],
              "uv": [
                0,
                24
              ]
            },
            {
              "origin": [
                -7,
                71,
                -2
              ],
              "size": [
                4,
                1,
                7
              ],
              "pivot": [
                -3,
                72,
                -4
              ],
              "rotation": [
                0,
                0,
                -50
              ],
              "uv": [
                83,
                62
              ]
            },
            {
              "origin": [
                -4,
                70,
                -4
              ],
              "size": [
                4,
                1,
                8
              ],
              "pivot": [
                0,
                71,
                -4
              ],
              "rotation": [
                0,
                0,
                -15
              ],
              "uv": [
                18,
                77
              ]
            },
            {
              "origin": [
                -3,
                71,
                -2
              ],
              "size": [
                6,
                1,
                7
              ],
              "uv": [
                0,
                77
              ]
            },
            {
              "origin": [
                0,
                70,
                -4
              ],
              "size": [
                4,
                1,
                8
              ],
              "pivot": [
                0,
                71,
                -4
              ],
              "rotation": [
                0,
                0,
                15
              ],
              "uv": [
                42,
                77
              ]
            },
            {
              "origin": [
                3,
                71,
                -2
              ],
              "size": [
                4,
                1,
                7
              ],
              "pivot": [
                3,
                72,
                -4
              ],
              "rotation": [
                0,
                0,
                50
              ],
              "uv": [
                77,
                77
              ]
            }
          ]
        },
        {
          "name": "Bapak",
          "parent": "Head",
          "pivot": [
            0,
            65,
            0
          ],
          "cubes": [
            {
              "origin": [
                -3,
                61,
                -4
              ],
              "size": [
                6,
                4,
                8
              ],
              "uv": [
                72,
                44
              ]
            },
            {
              "origin": [
                -1.5,
                64,
                -4.5
              ],
              "size": [
                1,
                2,
                1
              ],
              "pivot": [
                1,
                61,
                -3
              ],
              "rotation": [
                -19.9727,
                -40.73565,
                13.34199
              ],
              "uv": [
                12,
                0
              ]
            }
          ]
        },
        {
          "name": "Alis",
          "parent": "Head",
          "pivot": [
            0,
            67,
            -4
          ],
          "cubes": [
            {
              "origin": [
                -3,
                65,
                -4.1
              ],
              "size": [
                6,
                5,
                0
              ],
              "uv": [
                67,
                44
              ]
            }
          ]
        },
        {
          "name": "Bibir",
          "parent": "Head",
          "pivot": [
            1,
            64,
            -8
          ],
          "cubes": [
            {
              "origin": [
                -4,
                63,
                -4.1
              ],
              "size": [
                8,
                2,
                0
              ],
              "uv": [
                86,
                16
              ]
            }
          ]
        },
        {
          "name": "Bibir2",
          "parent": "Head",
          "pivot": [
            1,
            63,
            -4
          ],
          "cubes": [
            {
              "origin": [
                -3,
                61,
                -4.1
              ],
              "size": [
                6,
                2,
                0
              ],
              "uv": [
                78,
                62
              ]
            },
            {
              "origin": [
                -3,
                62,
                -4.1
              ],
              "size": [
                1,
                1,
                0
              ],
              "uv": [
                2,
                3
              ]
            },
            {
              "origin": [
                2,
                62,
                -4.1
              ],
              "size": [
                1,
                1,
                0
              ],
              "uv": [
                0,
                3
              ]
            }
          ]
        },
        {
          "name": "Tutup2",
          "parent": "Body",
          "pivot": [
            -1,
            59,
            9
          ],
          "rotation": [
            90,
            0,
            0
          ],
          "cubes": [
            {
              "origin": [
                -7,
                60.76493,
                5.22705
              ],
              "size": [
                14,
                15,
                5
              ],
              "uv": [
                48,
                0
              ]
            },
            {
              "origin": [
                -6,
                75.76493,
                5.22705
              ],
              "size": [
                12,
                1,
                5
              ],
              "uv": [
                70,
                71
              ]
            },
            {
              "origin": [
                -7,
                59.76493,
                5.22705
              ],
              "size": [
                14,
                1,
                5
              ],
              "uv": [
                32,
                71
              ]
            },
            {
              "origin": [
                -5,
                58.76493,
                5.22705
              ],
              "size": [
                10,
                1,
                5
              ],
              "uv": [
                73,
                32
              ]
            },
            {
              "origin": [
                -4,
                57.76493,
                5.22705
              ],
              "size": [
                8,
                1,
                5
              ],
              "uv": [
                78,
                56
              ]
            },
            {
              "origin": [
                -4,
                76.76493,
                5.22705
              ],
              "size": [
                8,
                1,
                5
              ],
              "uv": [
                58,
                77
              ]
            },
            {
              "origin": [
                7,
                62.76493,
                5.22705
              ],
              "size": [
                1,
                11,
                5
              ],
              "uv": [
                86,
                0
              ]
            },
            {
              "origin": [
                -8,
                62.76493,
                5.22705
              ],
              "size": [
                1,
                11,
                5
              ],
              "uv": [
                0,
                44
              ]
            },
            {
              "origin": [
                8,
                63.76493,
                5.22705
              ],
              "size": [
                1,
                9,
                5
              ],
              "uv": [
                18,
                86
              ]
            },
            {
              "origin": [
                -9,
                63.76493,
                5.22705
              ],
              "size": [
                1,
                9,
                5
              ],
              "uv": [
                44,
                24
              ]
            },
            {
              "origin": [
                -3,
                77.76493,
                5.22705
              ],
              "size": [
                6,
                1,
                5
              ],
              "uv": [
                70,
                85
              ]
            }
          ]
        }
      ]
    }
  ]
}