{
  "format_version": "1.12.0",
  "minecraft:geometry": [
    {
      "description": {
        "identifier": "geometry.pa_spe",
        "texture_width": 64,
        "texture_height": 64,
        "visible_bounds_width": 3,
        "visible_bounds_height": 4,
        "visible_bounds_offset": [
          0,
          1,
          0
        ]
      },
      "bones": [
        {
          "name": "Body",
          "pivot": [
            0,
            23,
            0
          ],
          "cubes": [
            {
              "origin": [
                -4,
                15,
                -3
              ],
              "size": [
                8,
                7,
                5
              ],
              "uv": [
                0,
                7
              ]
            },
            {
              "origin": [
                4,
                11,
                -3
              ],
              "size": [
                0,
                4,
                5
              ],
              "uv": [
                33,
                31
              ]
            },
            {
              "origin": [
                -4,
                11,
                -3
              ],
              "size": [
                0,
                4,
                5
              ],
              "uv": [
                26,
                7
              ]
            },
            {
              "origin": [
                -4,
                11,
                2
              ],
              "size": [
                8,
                4,
                0
              ],
              "uv": [
                36,
                20
              ]
            }
          ]
        },
        {
          "name": "bone5",
          "parent": "Body",
          "pivot": [
            0,
            22,
            -3
          ],
          "cubes": [
            {
              "origin": [
                -4,
                22,
                -3
              ],
              "size": [
                8,
                7,
                5
              ],
              "uv": [
                0,
                0
              ]
            },
            {
              "origin": [
                -1,
                27,
                -2
              ],
              "size": [
                2,
                4,
                3
              ],
              "uv": [
                24,
                40
              ]
            }
          ]
        },
        {
          "name": "Tangan2",
          "parent": "bone5",
          "pivot": [
            -4,
            29,
            -1
          ],
          "cubes": [
            {
              "origin": [
                -7,
                20,
                -2
              ],
              "size": [
                3,
                9,
                3
              ],
              "uv": [
                26,
                0
              ]
            }
          ]
        },
        {
          "name": "bone",
          "parent": "Tangan2",
          "pivot": [
            -7,
            20,
            -1
          ],
          "cubes": [
            {
              "origin": [
                -7,
                11,
                -2
              ],
              "size": [
                3,
                9,
                3
              ],
              "uv": [
                24,
                16
              ]
            }
          ]
        },
        {
          "name": "Tangan",
          "parent": "bone5",
          "pivot": [
            4,
            29,
            -1
          ],
          "cubes": [
            {
              "origin": [
                4,
                20,
                -2
              ],
              "size": [
                3,
                9,
                3
              ],
              "uv": [
                26,
                0
              ]
            }
          ]
        },
        {
          "name": "bone2",
          "parent": "Tangan",
          "pivot": [
            7,
            20,
            -1
          ],
          "cubes": [
            {
              "origin": [
                4,
                11,
                -2
              ],
              "size": [
                3,
                9,
                3
              ],
              "uv": [
                24,
                16
              ]
            }
          ]
        },
        {
          "name": "RightLeg",
          "pivot": [
            -2,
            16,
            0
          ],
          "cubes": [
            {
              "origin": [
                -3.9,
                8,
                -2
              ],
              "size": [
                3,
                8,
                3
              ],
              "uv": [
                36,
                9
              ]
            },
            {
              "origin": [
                -3.9,
                11,
                -3
              ],
              "size": [
                4,
                5,
                0
              ],
              "uv": [
                12,
                36
              ]
            }
          ]
        },
        {
          "name": "bone3",
          "parent": "RightLeg",
          "pivot": [
            -2,
            8,
            -2
          ],
          "cubes": [
            {
              "origin": [
                -3.9,
                0,
                -2
              ],
              "size": [
                3,
                8,
                3
              ],
              "uv": [
                33,
                25
              ]
            }
          ]
        },
        {
          "name": "Head",
          "pivot": [
            0,
            30,
            -1
          ],
          "cubes": [
            {
              "origin": [
                -5,
                30,
                -2
              ],
              "size": [
                7,
                6,
                10
              ],
              "pivot": [
                1,
                0,
                2
              ],
              "rotation": [
                0,
                -90,
                0
              ],
              "uv": [
                0,
                48
              ]
            }
          ]
        },
        {
          "name": "LeftLeg",
          "pivot": [
            2,
            16,
            0
          ],
          "cubes": [
            {
              "origin": [
                0.9,
                8,
                -2
              ],
              "size": [
                3,
                8,
                3
              ],
              "uv": [
                36,
                9
              ]
            },
            {
              "origin": [
                -0.1,
                11,
                -3
              ],
              "size": [
                4,
                5,
                0
              ],
              "uv": [
                12,
                31
              ]
            }
          ]
        },
        {
          "name": "bone4",
          "parent": "LeftLeg",
          "pivot": [
            2,
            8,
            -2
          ],
          "cubes": [
            {
              "origin": [
                0.9,
                0,
                -2
              ],
              "size": [
                3,
                8,
                3
              ],
              "uv": [
                33,
                25
              ]
            }
          ]
        }
      ]
    }
  ]
}