{
  "format_version": "1.12.0",
  "minecraft:geometry": [
    {
      "description": {
        "identifier": "geometry.pa_spet",
        "texture_width": 128,
        "texture_height": 128,
        "visible_bounds_width": 6,
        "visible_bounds_height": 4,
        "visible_bounds_offset": [
          0,
          1,
          0
        ]
      },
      "bones": [
        {
          "name": "Body",
          "pivot": [
            0,
            15,
            0
          ],
          "cubes": [
            {
              "origin": [
                -4,
                15,
                -3
              ],
              "size": [
                8,
                7,
                5
              ],
              "uv": [
                0,
                63
              ]
            },
            {
              "origin": [
                4,
                11,
                -3
              ],
              "size": [
                0,
                4,
                5
              ],
              "uv": [
                0,
                42
              ]
            },
            {
              "origin": [
                -4,
                11,
                -3
              ],
              "size": [
                0,
                4,
                5
              ],
              "uv": [
                7,
                14
              ]
            },
            {
              "origin": [
                -4,
                11,
                2
              ],
              "size": [
                8,
                4,
                0
              ],
              "uv": [
                24,
                47
              ]
            }
          ]
        },
        {
          "name": "bone5",
          "parent": "Body",
          "pivot": [
            0,
            22,
            2
          ],
          "cubes": [
            {
              "origin": [
                -4,
                22,
                -3
              ],
              "size": [
                8,
                7,
                5
              ],
              "uv": [
                53,
                62
              ]
            },
            {
              "origin": [
                -1,
                27,
                -2
              ],
              "size": [
                2,
                4,
                3
              ],
              "uv": [
                74,
                92
              ]
            }
          ]
        },
        {
          "name": "Etir",
          "parent": "bone5",
          "pivot": [
            0,
            26,
            0
          ],
          "cubes": [
            {
              "origin": [
                0,
                26,
                -3
              ],
              "size": [
                0,
                6,
                6
              ],
              "uv": [
                80,
                68
              ]
            }
          ]
        },
        {
          "name": "Tangan2",
          "parent": "bone5",
          "pivot": [
            -4,
            29,
            -1
          ],
          "cubes": [
            {
              "origin": [
                -7,
                20,
                -2
              ],
              "size": [
                3,
                9,
                3
              ],
              "uv": [
                9,
                89
              ]
            }
          ]
        },
        {
          "name": "bone",
          "parent": "Tangan2",
          "pivot": [
            -7,
            20,
            1
          ],
          "cubes": [
            {
              "origin": [
                -7,
                11,
                -2
              ],
              "size": [
                3,
                9,
                3
              ],
              "uv": [
                36,
                82
              ]
            },
            {
              "origin": [
                -7,
                4,
                -2
              ],
              "size": [
                1,
                7,
                1
              ],
              "pivot": [
                -6,
                11,
                -2
              ],
              "rotation": [
                -10.25221,
                0.25658,
                4.7208
              ],
              "uv": [
                124,
                0
              ]
            },
            {
              "origin": [
                -7,
                4,
                0
              ],
              "size": [
                1,
                7,
                1
              ],
              "pivot": [
                -6,
                11,
                0
              ],
              "rotation": [
                11.74411,
                -4.08832,
                23.93765
              ],
              "uv": [
                124,
                0
              ]
            },
            {
              "origin": [
                -7,
                4,
                -1
              ],
              "size": [
                1,
                7,
                1
              ],
              "pivot": [
                -6,
                11,
                -1
              ],
              "rotation": [
                0,
                0,
                15
              ],
              "uv": [
                124,
                0
              ]
            }
          ]
        },
        {
          "name": "Tangan",
          "parent": "bone5",
          "pivot": [
            4,
            29,
            -1
          ],
          "cubes": [
            {
              "origin": [
                4,
                20,
                -2
              ],
              "size": [
                3,
                9,
                3
              ],
              "uv": [
                24,
                82
              ]
            }
          ]
        },
        {
          "name": "bone2",
          "parent": "Tangan",
          "pivot": [
            7,
            20,
            1
          ],
          "cubes": [
            {
              "origin": [
                4,
                11,
                -2
              ],
              "size": [
                3,
                9,
                3
              ],
              "uv": [
                77,
                80
              ]
            },
            {
              "origin": [
                6,
                4,
                -2
              ],
              "size": [
                1,
                7,
                1
              ],
              "pivot": [
                7,
                11,
                -1
              ],
              "rotation": [
                -9.96271,
                -0.86717,
                -4.92442
              ],
              "uv": [
                124,
                0
              ]
            },
            {
              "origin": [
                6,
                4,
                -1
              ],
              "size": [
                1,
                7,
                1
              ],
              "pivot": [
                7,
                11,
                0
              ],
              "rotation": [
                0,
                0,
                -15
              ],
              "uv": [
                124,
                0
              ]
            },
            {
              "origin": [
                6,
                4,
                0
              ],
              "size": [
                1,
                7,
                1
              ],
              "pivot": [
                7,
                11,
                1
              ],
              "rotation": [
                12.90714,
                5.28072,
                -24.05746
              ],
              "uv": [
                124,
                0
              ]
            }
          ]
        },
        {
          "name": "Head",
          "parent": "bone5",
          "pivot": [
            0,
            30,
            -1
          ],
          "cubes": [
            {
              "origin": [
                -5,
                30,
                -2
              ],
              "size": [
                7,
                6,
                10
              ],
              "pivot": [
                1,
                0,
                2
              ],
              "rotation": [
                0,
                -90,
                0
              ],
              "uv": [
                0,
                47
              ]
            }
          ]
        },
        {
          "name": "Perti",
          "parent": "Head",
          "pivot": [
            0,
            32,
            -3
          ],
          "cubes": [
            {
              "origin": [
                -5,
                30,
                -4.1
              ],
              "size": [
                10,
                6,
                0
              ],
              "uv": [
                77,
                74
              ]
            }
          ]
        },
        {
          "name": "Body2",
          "parent": "bone5",
          "pivot": [
            0,
            18,
            20
          ],
          "cubes": [
            {
              "origin": [
                -2.5,
                10,
                14
              ],
              "size": [
                5,
                10,
                18
              ],
              "uv": [
                0,
                19
              ]
            },
            {
              "origin": [
                -4.5,
                20,
                26
              ],
              "size": [
                9,
                2,
                7
              ],
              "uv": [
                43,
                6
              ]
            },
            {
              "origin": [
                3.5,
                35,
                29
              ],
              "size": [
                1,
                1,
                2
              ],
              "uv": [
                45,
                33
              ]
            },
            {
              "origin": [
                3.5,
                34,
                31
              ],
              "size": [
                2,
                3,
                1
              ],
              "uv": [
                74,
                63
              ]
            },
            {
              "origin": [
                -3.5,
                22,
                27
              ],
              "size": [
                7,
                15,
                5
              ],
              "uv": [
                29,
                62
              ]
            },
            {
              "origin": [
                1,
                37,
                28
              ],
              "size": [
                2,
                2,
                4
              ],
              "uv": [
                91,
                11
              ]
            },
            {
              "origin": [
                -6.5,
                13,
                11
              ],
              "size": [
                13,
                2,
                12
              ],
              "uv": [
                28,
                19
              ]
            },
            {
              "origin": [
                -4,
                15,
                6
              ],
              "size": [
                8,
                3,
                5
              ],
              "pivot": [
                7,
                15,
                11
              ],
              "rotation": [
                -40,
                0,
                0
              ],
              "uv": [
                66,
                21
              ]
            },
            {
              "origin": [
                -7,
                15,
                10
              ],
              "size": [
                14,
                4,
                15
              ],
              "uv": [
                0,
                0
              ]
            }
          ]
        },
        {
          "name": "Kaki",
          "parent": "Body2",
          "pivot": [
            2,
            10,
            19
          ],
          "cubes": [
            {
              "origin": [
                2,
                10,
                18
              ],
              "size": [
                8,
                1,
                1
              ],
              "uv": [
                46,
                39
              ]
            }
          ]
        },
        {
          "name": "bone11",
          "parent": "Kaki",
          "pivot": [
            10,
            11,
            19
          ],
          "cubes": [
            {
              "origin": [
                9,
                0,
                18
              ],
              "size": [
                1,
                11,
                1
              ],
              "uv": [
                59,
                93
              ]
            }
          ]
        },
        {
          "name": "Kaki3",
          "parent": "Body2",
          "pivot": [
            2,
            10,
            31
          ],
          "cubes": [
            {
              "origin": [
                2,
                10,
                30
              ],
              "size": [
                8,
                1,
                1
              ],
              "uv": [
                28,
                35
              ]
            }
          ]
        },
        {
          "name": "bone10",
          "parent": "Kaki3",
          "pivot": [
            10,
            11,
            31
          ],
          "cubes": [
            {
              "origin": [
                9,
                0,
                30
              ],
              "size": [
                1,
                11,
                1
              ],
              "uv": [
                55,
                93
              ]
            }
          ]
        },
        {
          "name": "Kaki2",
          "parent": "Body2",
          "pivot": [
            -2,
            10,
            19
          ],
          "cubes": [
            {
              "origin": [
                -10,
                10,
                18
              ],
              "size": [
                8,
                1,
                1
              ],
              "uv": [
                0,
                35
              ]
            }
          ]
        },
        {
          "name": "bone9",
          "parent": "Kaki2",
          "pivot": [
            -9,
            11,
            19
          ],
          "cubes": [
            {
              "origin": [
                -10,
                0,
                18
              ],
              "size": [
                1,
                11,
                1
              ],
              "uv": [
                21,
                93
              ]
            }
          ]
        },
        {
          "name": "Kaki4",
          "parent": "Body2",
          "pivot": [
            -2,
            10,
            31
          ],
          "cubes": [
            {
              "origin": [
                -10,
                10,
                30
              ],
              "size": [
                8,
                1,
                1
              ],
              "uv": [
                28,
                33
              ]
            }
          ]
        },
        {
          "name": "bone8",
          "parent": "Kaki4",
          "pivot": [
            -9,
            11,
            31
          ],
          "cubes": [
            {
              "origin": [
                -10,
                0,
                30
              ],
              "size": [
                1,
                11,
                1
              ],
              "uv": [
                12,
                23
              ]
            }
          ]
        },
        {
          "name": "bone7",
          "parent": "Body2",
          "pivot": [
            -3,
            10,
            21
          ],
          "cubes": [
            {
              "origin": [
                -3.5,
                10,
                21
              ],
              "size": [
                1,
                14,
                5
              ],
              "pivot": [
                -3,
                10,
                21
              ],
              "rotation": [
                -17.5,
                0,
                -32.5
              ],
              "uv": [
                65,
                74
              ]
            },
            {
              "origin": [
                -3.5,
                18,
                26
              ],
              "size": [
                1,
                6,
                3
              ],
              "pivot": [
                -3,
                10,
                21
              ],
              "rotation": [
                -17.5,
                0,
                -32.5
              ],
              "uv": [
                91,
                52
              ]
            },
            {
              "origin": [
                2.5,
                10,
                21
              ],
              "size": [
                1,
                14,
                5
              ],
              "pivot": [
                3,
                10,
                21
              ],
              "rotation": [
                -17.5,
                0,
                32.5
              ],
              "uv": [
                53,
                74
              ]
            },
            {
              "origin": [
                2.5,
                18,
                26
              ],
              "size": [
                1,
                6,
                3
              ],
              "pivot": [
                3,
                10,
                21
              ],
              "rotation": [
                -17.5,
                0,
                32.5
              ],
              "uv": [
                0,
                91
              ]
            }
          ]
        },
        {
          "name": "Leher2",
          "parent": "Body2",
          "pivot": [
            0,
            21,
            18
          ],
          "cubes": [
            {
              "origin": [
                -2,
                16,
                17
              ],
              "size": [
                4,
                10,
                2
              ],
              "uv": [
                28,
                19
              ]
            }
          ]
        },
        {
          "name": "Head2",
          "parent": "Leher2",
          "pivot": [
            0,
            25,
            19
          ],
          "cubes": [
            {
              "origin": [
                -1.91363,
                27.1611,
                15
              ],
              "size": [
                1,
                2,
                3
              ],
              "pivot": [
                -2,
                25,
                17
              ],
              "rotation": [
                0,
                0,
                -15
              ],
              "uv": [
                79,
                52
              ]
            },
            {
              "origin": [
                -2.43127,
                24.22925,
                15
              ],
              "size": [
                1,
                3,
                3
              ],
              "pivot": [
                -2,
                27,
                15
              ],
              "rotation": [
                0,
                0,
                -32.5
              ],
              "uv": [
                93,
                61
              ]
            },
            {
              "origin": [
                -1.56871,
                24.81849,
                17.08356
              ],
              "size": [
                1,
                5,
                2
              ],
              "pivot": [
                -2,
                25,
                19
              ],
              "rotation": [
                -15.64424,
                13.40859,
                -15.34098
              ],
              "uv": [
                63,
                93
              ]
            },
            {
              "origin": [
                -2.07014,
                24.98767,
                19.76507
              ],
              "size": [
                1,
                3,
                2
              ],
              "pivot": [
                -2,
                28,
                20
              ],
              "rotation": [
                -76.2226,
                70.29932,
                -88.85499
              ],
              "uv": [
                92,
                45
              ]
            },
            {
              "origin": [
                0.91363,
                27.1611,
                15
              ],
              "size": [
                1,
                2,
                3
              ],
              "pivot": [
                2,
                25,
                16
              ],
              "rotation": [
                0.50426,
                -0.06011,
                15.02558
              ],
              "uv": [
                19,
                75
              ]
            },
            {
              "origin": [
                1.43318,
                24.22076,
                14.98242
              ],
              "size": [
                1,
                3,
                3
              ],
              "pivot": [
                2,
                27,
                15
              ],
              "rotation": [
                0.48617,
                -0.14676,
                25.02522
              ],
              "uv": [
                81,
                0
              ]
            },
            {
              "origin": [
                1.89422,
                25.2775,
                17.73086
              ],
              "size": [
                1,
                5,
                2
              ],
              "pivot": [
                2,
                29,
                18
              ],
              "rotation": [
                -13.34952,
                -3.77858,
                15.53763
              ],
              "uv": [
                43,
                6
              ]
            },
            {
              "origin": [
                1.07273,
                25.02096,
                19.76521
              ],
              "size": [
                1,
                3,
                2
              ],
              "pivot": [
                2,
                28,
                20
              ],
              "rotation": [
                -105.53643,
                -72.71708,
                126.93796
              ],
              "uv": [
                34,
                56
              ]
            },
            {
              "origin": [
                -2,
                28,
                15
              ],
              "size": [
                4,
                1,
                5
              ],
              "uv": [
                79,
                63
              ]
            },
            {
              "origin": [
                -3,
                29,
                18
              ],
              "size": [
                1,
                2,
                2
              ],
              "pivot": [
                -3,
                29,
                18
              ],
              "rotation": [
                -3.55715,
                15.90453,
                -2.25996
              ],
              "uv": [
                64,
                15
              ]
            },
            {
              "origin": [
                -3,
                29,
                15
              ],
              "size": [
                1,
                2,
                3
              ],
              "uv": [
                7,
                75
              ]
            },
            {
              "origin": [
                -4,
                29,
                17
              ],
              "size": [
                1,
                2,
                1
              ],
              "pivot": [
                -3,
                29,
                17
              ],
              "rotation": [
                -5.72511,
                29.4987,
                -11.50839
              ],
              "uv": [
                54,
                62
              ]
            },
            {
              "origin": [
                3,
                29,
                17
              ],
              "size": [
                1,
                2,
                1
              ],
              "pivot": [
                3,
                29,
                17
              ],
              "rotation": [
                -8.49878,
                -28.87909,
                17.19212
              ],
              "uv": [
                48,
                62
              ]
            },
            {
              "origin": [
                2,
                29,
                15
              ],
              "size": [
                1,
                2,
                3
              ],
              "uv": [
                21,
                63
              ]
            },
            {
              "origin": [
                -2,
                29,
                15
              ],
              "size": [
                4,
                2,
                5
              ],
              "uv": [
                79,
                45
              ]
            },
            {
              "origin": [
                -0.5,
                28,
                15.2
              ],
              "size": [
                1,
                2,
                1
              ],
              "pivot": [
                0,
                30,
                16
              ],
              "rotation": [
                -26.27408,
                -39.40865,
                17.40119
              ],
              "uv": [
                6,
                51
              ]
            },
            {
              "origin": [
                2,
                29,
                18
              ],
              "size": [
                1,
                2,
                2
              ],
              "pivot": [
                3,
                29,
                18
              ],
              "rotation": [
                0,
                -10,
                0
              ],
              "uv": [
                58,
                15
              ]
            },
            {
              "origin": [
                -2,
                26,
                15
              ],
              "size": [
                4,
                2,
                3
              ],
              "uv": [
                24,
                51
              ]
            },
            {
              "origin": [
                -1,
                24.5,
                15
              ],
              "size": [
                2,
                2,
                3
              ],
              "uv": [
                60,
                74
              ]
            },
            {
              "origin": [
                -2,
                31,
                15
              ],
              "size": [
                4,
                2,
                5
              ],
              "uv": [
                75,
                29
              ]
            },
            {
              "origin": [
                -3,
                31,
                15
              ],
              "size": [
                1,
                2,
                5
              ],
              "pivot": [
                -3,
                31,
                19
              ],
              "rotation": [
                0,
                0,
                30
              ],
              "uv": [
                43,
                89
              ]
            },
            {
              "origin": [
                2,
                31,
                15
              ],
              "size": [
                1,
                2,
                5
              ],
              "pivot": [
                3,
                31,
                19
              ],
              "rotation": [
                0,
                0,
                -30
              ],
              "uv": [
                88,
                32
              ]
            },
            {
              "origin": [
                -1,
                25,
                18
              ],
              "size": [
                2,
                3,
                2
              ],
              "pivot": [
                0,
                28,
                20
              ],
              "rotation": [
                -15,
                0,
                0
              ],
              "uv": [
                7,
                0
              ]
            }
          ]
        },
        {
          "name": "Dageng",
          "parent": "Head2",
          "pivot": [
            0,
            26,
            15
          ],
          "cubes": [
            {
              "origin": [
                -0.5,
                26,
                11
              ],
              "size": [
                1,
                1,
                4
              ],
              "uv": [
                48,
                62
              ]
            }
          ]
        },
        {
          "name": "bone6",
          "parent": "Dageng",
          "pivot": [
            0,
            27,
            11
          ],
          "cubes": [
            {
              "origin": [
                -0.5,
                26,
                7
              ],
              "size": [
                1,
                1,
                4
              ],
              "uv": [
                0,
                51
              ]
            },
            {
              "origin": [
                -1.5,
                25,
                7
              ],
              "size": [
                3,
                3,
                0
              ],
              "uv": [
                35,
                51
              ]
            }
          ]
        },
        {
          "name": "Bibir4",
          "parent": "Head2",
          "pivot": [
            0,
            29,
            11
          ],
          "cubes": [
            {
              "origin": [
                -3,
                26.9,
                14.9
              ],
              "size": [
                6,
                2,
                0
              ],
              "uv": [
                58,
                17
              ]
            }
          ]
        },
        {
          "name": "Bibir3",
          "parent": "Head2",
          "pivot": [
            0,
            28,
            15
          ],
          "cubes": [
            {
              "origin": [
                -3,
                24.9,
                14.9
              ],
              "size": [
                6,
                2,
                0
              ],
              "uv": [
                58,
                15
              ]
            }
          ]
        },
        {
          "name": "Tutup2",
          "parent": "Body2",
          "pivot": [
            -1,
            22,
            26
          ],
          "rotation": [
            90,
            0,
            0
          ],
          "cubes": [
            {
              "origin": [
                -7,
                23.76493,
                21.22705
              ],
              "size": [
                14,
                15,
                5
              ],
              "uv": [
                41,
                42
              ]
            },
            {
              "origin": [
                -6,
                38.76493,
                22.22705
              ],
              "size": [
                12,
                1,
                5
              ],
              "uv": [
                46,
                33
              ]
            },
            {
              "origin": [
                -7,
                22.76493,
                22.22705
              ],
              "size": [
                14,
                1,
                5
              ],
              "uv": [
                43,
                0
              ]
            },
            {
              "origin": [
                -5,
                21.76493,
                22.22705
              ],
              "size": [
                10,
                1,
                5
              ],
              "uv": [
                66,
                15
              ]
            },
            {
              "origin": [
                -4,
                20.76493,
                22.22705
              ],
              "size": [
                8,
                1,
                5
              ],
              "uv": [
                74,
                39
              ]
            },
            {
              "origin": [
                -4,
                39.76493,
                22.22705
              ],
              "size": [
                8,
                1,
                5
              ],
              "uv": [
                68,
                6
              ]
            },
            {
              "origin": [
                7,
                25.76493,
                22.22705
              ],
              "size": [
                1,
                11,
                5
              ],
              "uv": [
                0,
                75
              ]
            },
            {
              "origin": [
                6,
                36.76493,
                26.22705
              ],
              "size": [
                1,
                2,
                1
              ],
              "uv": [
                0,
                51
              ]
            },
            {
              "origin": [
                6,
                23.76493,
                26.22705
              ],
              "size": [
                1,
                2,
                1
              ],
              "uv": [
                43,
                0
              ]
            },
            {
              "origin": [
                -7,
                23.76493,
                26.22705
              ],
              "size": [
                1,
                2,
                1
              ],
              "uv": [
                0,
                19
              ]
            },
            {
              "origin": [
                -7,
                36.76493,
                26.22705
              ],
              "size": [
                1,
                2,
                1
              ],
              "uv": [
                0,
                0
              ]
            },
            {
              "origin": [
                -8,
                25.76493,
                22.22705
              ],
              "size": [
                1,
                11,
                5
              ],
              "uv": [
                0,
                19
              ]
            },
            {
              "origin": [
                8,
                26.76493,
                22.22705
              ],
              "size": [
                1,
                9,
                5
              ],
              "uv": [
                12,
                75
              ]
            },
            {
              "origin": [
                -9,
                26.76493,
                22.22705
              ],
              "size": [
                1,
                9,
                5
              ],
              "uv": [
                0,
                0
              ]
            },
            {
              "origin": [
                -3,
                40.76493,
                22.22705
              ],
              "size": [
                6,
                1,
                5
              ],
              "uv": [
                74,
                57
              ]
            }
          ]
        },
        {
          "name": "RightLeg",
          "pivot": [
            -2,
            16,
            0
          ],
          "cubes": [
            {
              "origin": [
                -3.9,
                8,
                -2
              ],
              "size": [
                3,
                8,
                3
              ],
              "uv": [
                92,
                21
              ]
            },
            {
              "origin": [
                -3.9,
                11,
                -3
              ],
              "size": [
                4,
                5,
                0
              ],
              "uv": [
                87,
                69
              ]
            }
          ]
        },
        {
          "name": "bone3",
          "parent": "RightLeg",
          "pivot": [
            -2,
            8,
            -2
          ],
          "cubes": [
            {
              "origin": [
                -3.9,
                0,
                -2
              ],
              "size": [
                3,
                8,
                3
              ],
              "uv": [
                86,
                91
              ]
            }
          ]
        },
        {
          "name": "LeftLeg",
          "pivot": [
            2,
            16,
            0
          ],
          "cubes": [
            {
              "origin": [
                0.9,
                8,
                -2
              ],
              "size": [
                3,
                8,
                3
              ],
              "uv": [
                89,
                80
              ]
            },
            {
              "origin": [
                -0.1,
                11,
                -3
              ],
              "size": [
                4,
                5,
                0
              ],
              "uv": [
                79,
                69
              ]
            }
          ]
        },
        {
          "name": "bone4",
          "parent": "LeftLeg",
          "pivot": [
            2,
            8,
            -2
          ],
          "cubes": [
            {
              "origin": [
                0.9,
                0,
                -2
              ],
              "size": [
                3,
                8,
                3
              ],
              "uv": [
                89,
                0
              ]
            }
          ]
        }
      ]
    }
  ]
}