{
  "format_version": "1.12.0",
  "minecraft:geometry": [
    {
      "description": {
        "identifier": "geometry.pa_tocar",
        "texture_width": 128,
        "texture_height": 128,
        "visible_bounds_width": 8,
        "visible_bounds_height": 4,
        "visible_bounds_offset": [
          0,
          1,
          0
        ]
      },
      "bones": [
        {
          "name": "Body",
          "pivot": [
            0,
            12,
            3
          ],
          "cubes": [
            {
              "origin": [
                -4.5,
                0,
                -4
              ],
              "size": [
                9,
                4,
                8
              ],
              "uv": [
                0,
                50
              ]
            },
            {
              "origin": [
                -3.5,
                4,
                -3
              ],
              "size": [
                7,
                3,
                6
              ],
              "uv": [
                0,
                74
              ]
            },
            {
              "origin": [
                -6.5,
                7,
                -6
              ],
              "size": [
                13,
                2,
                12
              ],
              "uv": [
                0,
                36
              ]
            },
            {
              "origin": [
                -7.5,
                9,
                -8
              ],
              "size": [
                15,
                4,
                16
              ],
              "uv": [
                0,
                0
              ]
            },
            {
              "origin": [
                -11,
                19,
                7
              ],
              "size": [
                22,
                11,
                5
              ],
              "pivot": [
                0,
                0,
                3
              ],
              "rotation": [
                -7.5,
                0,
                0
              ],
              "uv": [
                0,
                20
              ]
            },
            {
              "origin": [
                -10,
                13,
                7
              ],
              "size": [
                20,
                6,
                5
              ],
              "pivot": [
                0,
                0,
                3
              ],
              "rotation": [
                -7.5,
                0,
                0
              ],
              "uv": [
                38,
                36
              ]
            },
            {
              "origin": [
                -6,
                12,
                -8
              ],
              "size": [
                13,
                4,
                3
              ],
              "uv": [
                62,
                67
              ]
            }
          ]
        },
        {
          "name": "bone",
          "parent": "Body",
          "pivot": [
            -1,
            27,
            14
          ],
          "rotation": [
            -7.5,
            0,
            0
          ],
          "cubes": [
            {
              "origin": [
                -1,
                27,
                13
              ],
              "size": [
                2,
                2,
                1
              ],
              "uv": [
                9,
                0
              ]
            },
            {
              "origin": [
                -2,
                29,
                12
              ],
              "size": [
                4,
                1,
                3
              ],
              "uv": [
                47,
                82
              ]
            }
          ]
        },
        {
          "name": "Tutup",
          "parent": "Body",
          "pivot": [
            -1,
            16,
            8
          ],
          "rotation": [
            -2.5,
            0,
            0
          ],
          "cubes": [
            {
              "origin": [
                -7,
                17.76493,
                8.22705
              ],
              "size": [
                14,
                15,
                1
              ],
              "uv": [
                46,
                0
              ]
            },
            {
              "origin": [
                -6,
                32.76493,
                8.22705
              ],
              "size": [
                12,
                1,
                1
              ],
              "uv": [
                78,
                47
              ]
            },
            {
              "origin": [
                -7,
                16.76493,
                8.22705
              ],
              "size": [
                14,
                1,
                1
              ],
              "uv": [
                76,
                6
              ]
            },
            {
              "origin": [
                -5,
                15.76493,
                8.22705
              ],
              "size": [
                10,
                1,
                1
              ],
              "uv": [
                26,
                50
              ]
            },
            {
              "origin": [
                -4,
                14.76493,
                8.22705
              ],
              "size": [
                8,
                1,
                1
              ],
              "uv": [
                78,
                49
              ]
            },
            {
              "origin": [
                -4,
                33.76493,
                8.22705
              ],
              "size": [
                8,
                1,
                1
              ],
              "uv": [
                26,
                52
              ]
            },
            {
              "origin": [
                6,
                19.76493,
                8.22705
              ],
              "size": [
                2,
                11,
                1
              ],
              "uv": [
                6,
                36
              ]
            },
            {
              "origin": [
                -8,
                19.76493,
                8.22705
              ],
              "size": [
                2,
                11,
                1
              ],
              "uv": [
                0,
                36
              ]
            },
            {
              "origin": [
                7,
                20.76493,
                8.22705
              ],
              "size": [
                2,
                9,
                1
              ],
              "uv": [
                6,
                83
              ]
            },
            {
              "origin": [
                -9,
                20.76493,
                8.22705
              ],
              "size": [
                2,
                9,
                1
              ],
              "uv": [
                0,
                83
              ]
            },
            {
              "origin": [
                -3,
                34.76493,
                8.22705
              ],
              "size": [
                6,
                1,
                1
              ],
              "uv": [
                34,
                79
              ]
            }
          ]
        },
        {
          "name": "Tutup2",
          "parent": "Body",
          "pivot": [
            -1,
            16,
            9
          ],
          "rotation": [
            90,
            0,
            0
          ],
          "cubes": [
            {
              "origin": [
                -7,
                17.76493,
                2.22705
              ],
              "size": [
                14,
                15,
                5
              ],
              "uv": [
                45,
                47
              ]
            },
            {
              "origin": [
                6,
                17.76493,
                5.22705
              ],
              "size": [
                1,
                15,
                5
              ],
              "uv": [
                45,
                47
              ]
            },
            {
              "origin": [
                -7,
                17.76493,
                5.22705
              ],
              "size": [
                1,
                15,
                5
              ],
              "uv": [
                45,
                47
              ]
            },
            {
              "origin": [
                -6,
                32.76493,
                5.22705
              ],
              "size": [
                12,
                1,
                5
              ],
              "uv": [
                28,
                67
              ]
            },
            {
              "origin": [
                -7,
                16.76493,
                5.22705
              ],
              "size": [
                14,
                1,
                5
              ],
              "uv": [
                54,
                29
              ]
            },
            {
              "origin": [
                -5,
                15.76493,
                5.22705
              ],
              "size": [
                10,
                1,
                5
              ],
              "uv": [
                23,
                73
              ]
            },
            {
              "origin": [
                -4,
                14.76493,
                5.22705
              ],
              "size": [
                8,
                1,
                5
              ],
              "uv": [
                76,
                0
              ]
            },
            {
              "origin": [
                -4,
                33.76493,
                5.22705
              ],
              "size": [
                8,
                1,
                5
              ],
              "uv": [
                61,
                74
              ]
            },
            {
              "origin": [
                6,
                19.76493,
                5.22705
              ],
              "size": [
                2,
                11,
                5
              ],
              "uv": [
                78,
                8
              ]
            },
            {
              "origin": [
                -8,
                19.76493,
                5.22705
              ],
              "size": [
                2,
                11,
                5
              ],
              "uv": [
                0,
                0
              ]
            },
            {
              "origin": [
                7,
                20.76493,
                5.22705
              ],
              "size": [
                2,
                9,
                5
              ],
              "uv": [
                38,
                82
              ]
            },
            {
              "origin": [
                -9,
                20.76493,
                5.22705
              ],
              "size": [
                2,
                9,
                5
              ],
              "uv": [
                81,
                81
              ]
            },
            {
              "origin": [
                -3,
                34.76493,
                5.22705
              ],
              "size": [
                6,
                1,
                5
              ],
              "uv": [
                64,
                80
              ]
            }
          ]
        }
      ]
    }
  ]
}