{
  "format_version": "1.12.0",
  "minecraft:geometry": [
    {
      "description": {
        "identifier": "geometry.pa_tca",
        "texture_width": 512,
        "texture_height": 512,
        "visible_bounds_width": 37,
        "visible_bounds_height": 18,
        "visible_bounds_offset": [
          0,
          3,
          0
        ]
      },
      "bones": [
        {
          "name": "Pinggul",
          "pivot": [
            -1,
            63,
            -1
          ],
          "cubes": [
            {
              "origin": [
                -16,
                63,
                -6
              ],
              "size": [
                32,
                25,
                12
              ],
              "uv": [
                100,
                23
              ]
            },
            {
              "origin": [
                18,
                63,
                -8
              ],
              "size": [
                0,
                25,
                16
              ],
              "uv": [
                70,
                92
              ]
            },
            {
              "origin": [
                -18,
                63,
                -8
              ],
              "size": [
                0,
                25,
                16
              ],
              "uv": [
                0,
                19
              ]
            },
            {
              "origin": [
                -18,
                63,
                -8
              ],
              "size": [
                12,
                25,
                0
              ],
              "uv": [
                78,
                248
              ]
            },
            {
              "origin": [
                6,
                63,
                -8
              ],
              "size": [
                12,
                25,
                0
              ],
              "uv": [
                240,
                78
              ]
            },
            {
              "origin": [
                -18,
                63,
                8
              ],
              "size": [
                36,
                25,
                0
              ],
              "uv": [
                164,
                85
              ]
            }
          ]
        },
        {
          "name": "Kaki",
          "parent": "Pinggul",
          "pivot": [
            9,
            63,
            0
          ],
          "cubes": [
            {
              "origin": [
                2,
                31,
                -6
              ],
              "size": [
                11,
                32,
                12
              ],
              "uv": [
                179,
                148
              ]
            },
            {
              "origin": [
                18,
                41,
                -8
              ],
              "size": [
                0,
                22,
                16
              ],
              "uv": [
                200,
                176
              ]
            },
            {
              "origin": [
                1,
                41,
                8
              ],
              "size": [
                17,
                27,
                0
              ],
              "uv": [
                44,
                230
              ]
            }
          ]
        },
        {
          "name": "Wer",
          "parent": "Kaki",
          "pivot": [
            6,
            67,
            -9
          ],
          "cubes": [
            {
              "origin": [
                6,
                41,
                -8
              ],
              "size": [
                12,
                26,
                0
              ],
              "uv": [
                107,
                145
              ]
            }
          ]
        },
        {
          "name": "Kaki4",
          "parent": "Kaki",
          "pivot": [
            9,
            31,
            -6
          ]
        },
        {
          "name": "bone",
          "parent": "Kaki4",
          "pivot": [
            7,
            31,
            -6
          ],
          "cubes": [
            {
              "origin": [
                2,
                7,
                -6
              ],
              "size": [
                11,
                24,
                12
              ],
              "uv": [
                188,
                0
              ]
            },
            {
              "origin": [
                2,
                0,
                -11
              ],
              "size": [
                11,
                7,
                17
              ],
              "uv": [
                53,
                43
              ]
            }
          ]
        },
        {
          "name": "Kaki2",
          "parent": "Pinggul",
          "pivot": [
            -9,
            63,
            0
          ],
          "cubes": [
            {
              "origin": [
                -13,
                31,
                -6
              ],
              "size": [
                11,
                32,
                12
              ],
              "uv": [
                179,
                148
              ]
            },
            {
              "origin": [
                -18,
                41,
                -8
              ],
              "size": [
                0,
                22,
                16
              ],
              "uv": [
                44,
                183
              ]
            },
            {
              "origin": [
                -18,
                41,
                8
              ],
              "size": [
                19,
                27,
                0
              ],
              "uv": [
                225,
                149
              ]
            }
          ]
        },
        {
          "name": "Wer2",
          "parent": "Kaki2",
          "pivot": [
            -6,
            67,
            -8
          ],
          "cubes": [
            {
              "origin": [
                -18,
                41,
                -8
              ],
              "size": [
                12,
                26,
                0
              ],
              "uv": [
                107,
                145
              ]
            }
          ]
        },
        {
          "name": "Kaki3",
          "parent": "Kaki2",
          "pivot": [
            -9,
            31,
            -6
          ],
          "cubes": [
            {
              "origin": [
                -13,
                7,
                -6
              ],
              "size": [
                11,
                24,
                12
              ],
              "uv": [
                188,
                0
              ]
            },
            {
              "origin": [
                -13,
                0,
                -11
              ],
              "size": [
                11,
                7,
                17
              ],
              "uv": [
                53,
                43
              ]
            }
          ]
        },
        {
          "name": "Body",
          "parent": "Pinggul",
          "pivot": [
            0,
            82,
            8
          ],
          "cubes": [
            {
              "origin": [
                -20,
                106,
                -8
              ],
              "size": [
                40,
                19,
                16
              ],
              "uv": [
                0,
                0
              ]
            },
            {
              "origin": [
                -16,
                88,
                -6
              ],
              "size": [
                32,
                18,
                12
              ],
              "uv": [
                76,
                71
              ]
            },
            {
              "origin": [
                -5,
                116,
                -12
              ],
              "size": [
                10,
                1,
                15
              ],
              "uv": [
                188,
                36
              ]
            },
            {
              "origin": [
                -5,
                106,
                -9
              ],
              "size": [
                10,
                10,
                13
              ],
              "uv": [
                200,
                214
              ]
            },
            {
              "origin": [
                5,
                106,
                -12
              ],
              "size": [
                1,
                10,
                15
              ],
              "uv": [
                231,
                226
              ]
            },
            {
              "origin": [
                -6,
                106,
                -12
              ],
              "size": [
                1,
                10,
                15
              ],
              "uv": [
                227,
                21
              ]
            },
            {
              "origin": [
                -5,
                115,
                -12
              ],
              "size": [
                1,
                1,
                15
              ],
              "uv": [
                118,
                233
              ]
            },
            {
              "origin": [
                -5,
                106,
                -12
              ],
              "size": [
                1,
                1,
                15
              ],
              "uv": [
                118,
                233
              ]
            },
            {
              "origin": [
                4,
                106,
                -12
              ],
              "size": [
                1,
                1,
                15
              ],
              "uv": [
                118,
                233
              ]
            },
            {
              "origin": [
                4,
                115,
                -12
              ],
              "size": [
                1,
                1,
                15
              ],
              "uv": [
                118,
                233
              ]
            },
            {
              "origin": [
                -4,
                104,
                -10
              ],
              "size": [
                8,
                1,
                15
              ],
              "uv": [
                222,
                133
              ]
            },
            {
              "origin": [
                -5,
                105,
                -12
              ],
              "size": [
                10,
                1,
                15
              ],
              "uv": [
                96,
                0
              ]
            },
            {
              "origin": [
                -4,
                117,
                -10
              ],
              "size": [
                8,
                1,
                15
              ],
              "uv": [
                135,
                1
              ]
            },
            {
              "origin": [
                6,
                107,
                -10
              ],
              "size": [
                1,
                8,
                15
              ],
              "uv": [
                150,
                226
              ]
            },
            {
              "origin": [
                -7,
                107,
                -10
              ],
              "size": [
                1,
                8,
                15
              ],
              "uv": [
                223,
                95
              ]
            },
            {
              "origin": [
                6,
                88,
                -8
              ],
              "size": [
                12,
                18,
                0
              ],
              "uv": [
                206,
                237
              ]
            },
            {
              "origin": [
                -18,
                88,
                -8
              ],
              "size": [
                12,
                18,
                0
              ],
              "uv": [
                182,
                237
              ]
            },
            {
              "origin": [
                -18,
                81,
                8
              ],
              "size": [
                36,
                25,
                0
              ],
              "uv": [
                164,
                60
              ]
            },
            {
              "origin": [
                -7,
                81,
                -19
              ],
              "size": [
                16,
                25,
                0
              ],
              "pivot": [
                1,
                89,
                0
              ],
              "rotation": [
                0,
                90,
                0
              ],
              "uv": [
                233,
                201
              ]
            },
            {
              "origin": [
                -7,
                81,
                17
              ],
              "size": [
                16,
                25,
                0
              ],
              "pivot": [
                1,
                89,
                0
              ],
              "rotation": [
                0,
                90,
                0
              ],
              "uv": [
                232,
                176
              ]
            }
          ]
        },
        {
          "name": "Head2",
          "parent": "Body",
          "pivot": [
            0,
            125,
            1
          ],
          "cubes": [
            {
              "origin": [
                -5,
                128,
                -13
              ],
              "size": [
                9,
                13,
                35
              ],
              "uv": [
                0,
                35
              ]
            },
            {
              "origin": [
                -5,
                126,
                -13
              ],
              "size": [
                1,
                2,
                35
              ],
              "uv": [
                70,
                108
              ]
            },
            {
              "origin": [
                3,
                126,
                -13
              ],
              "size": [
                1,
                2,
                35
              ],
              "uv": [
                70,
                108
              ]
            },
            {
              "origin": [
                -4,
                125,
                -9
              ],
              "size": [
                7,
                3,
                5
              ],
              "uv": [
                155,
                110
              ]
            },
            {
              "origin": [
                -3,
                125,
                -2
              ],
              "size": [
                5,
                3,
                5
              ],
              "uv": [
                50,
                147
              ]
            },
            {
              "origin": [
                -12,
                132,
                -8
              ],
              "size": [
                7,
                8,
                15
              ],
              "uv": [
                61,
                207
              ]
            },
            {
              "origin": [
                -13,
                130,
                -7
              ],
              "size": [
                1,
                3,
                1
              ],
              "uv": [
                75,
                221
              ]
            },
            {
              "origin": [
                -13,
                130,
                -9
              ],
              "size": [
                1,
                1,
                2
              ],
              "uv": [
                74,
                220
              ]
            },
            {
              "origin": [
                3,
                132,
                -8
              ],
              "size": [
                7,
                8,
                15
              ],
              "pivot": [
                7,
                136,
                -8
              ],
              "rotation": [
                0,
                0,
                -180
              ],
              "uv": [
                61,
                207
              ]
            },
            {
              "origin": [
                2,
                141,
                -9
              ],
              "size": [
                1,
                1,
                2
              ],
              "pivot": [
                7,
                136,
                -8
              ],
              "rotation": [
                0,
                0,
                -180
              ],
              "uv": [
                74,
                220
              ]
            },
            {
              "origin": [
                2,
                139,
                -7
              ],
              "size": [
                1,
                3,
                1
              ],
              "pivot": [
                7,
                136,
                -8
              ],
              "rotation": [
                0,
                0,
                -180
              ],
              "uv": [
                75,
                221
              ]
            },
            {
              "origin": [
                -13,
                133,
                -2
              ],
              "size": [
                1,
                7,
                8
              ],
              "uv": [
                40,
                147
              ]
            },
            {
              "origin": [
                11,
                133,
                -2
              ],
              "size": [
                1,
                7,
                8
              ],
              "uv": [
                40,
                147
              ]
            },
            {
              "origin": [
                -10,
                135,
                -12
              ],
              "size": [
                3,
                4,
                4
              ],
              "pivot": [
                -10,
                138,
                -3
              ],
              "rotation": [
                45,
                0,
                0
              ],
              "uv": [
                107,
                120
              ]
            },
            {
              "origin": [
                6,
                135,
                -11
              ],
              "size": [
                3,
                4,
                4
              ],
              "pivot": [
                -10,
                138,
                -3
              ],
              "rotation": [
                45,
                0,
                0
              ],
              "uv": [
                107,
                120
              ]
            },
            {
              "origin": [
                -11,
                139,
                -9
              ],
              "size": [
                6,
                1,
                1
              ],
              "pivot": [
                -10,
                138,
                -3
              ],
              "rotation": [
                45,
                0,
                0
              ],
              "uv": [
                67,
                67
              ]
            },
            {
              "origin": [
                -12,
                134,
                -11
              ],
              "size": [
                7,
                5,
                1
              ],
              "uv": [
                53,
                53
              ]
            },
            {
              "origin": [
                4,
                134,
                -11
              ],
              "size": [
                7,
                5,
                1
              ],
              "uv": [
                53,
                53
              ]
            },
            {
              "origin": [
                -11,
                134,
                -10
              ],
              "size": [
                5,
                4,
                2
              ],
              "uv": [
                82,
                35
              ]
            },
            {
              "origin": [
                5,
                134,
                -10
              ],
              "size": [
                5,
                4,
                2
              ],
              "uv": [
                82,
                35
              ]
            },
            {
              "origin": [
                -1,
                141,
                -8
              ],
              "size": [
                1,
                10,
                1
              ],
              "uv": [
                12,
                0
              ]
            },
            {
              "origin": [
                1,
                141,
                -3
              ],
              "size": [
                6,
                6,
                3
              ],
              "pivot": [
                -2,
                141,
                -1
              ],
              "rotation": [
                0,
                0,
                10
              ],
              "uv": [
                170,
                0
              ]
            },
            {
              "origin": [
                2,
                140,
                5
              ],
              "size": [
                5,
                7,
                3
              ],
              "pivot": [
                -1,
                141,
                -1
              ],
              "rotation": [
                0,
                82.5,
                2.5
              ],
              "uv": [
                0,
                147
              ]
            },
            {
              "origin": [
                -9,
                141,
                -3
              ],
              "size": [
                6,
                6,
                3
              ],
              "pivot": [
                -1,
                141,
                -1
              ],
              "rotation": [
                0,
                0,
                -10
              ],
              "uv": [
                170,
                0
              ]
            },
            {
              "origin": [
                -8,
                140,
                6
              ],
              "size": [
                5,
                7,
                3
              ],
              "pivot": [
                0,
                141,
                -1
              ],
              "rotation": [
                0,
                -80,
                -2.5
              ],
              "uv": [
                53,
                43
              ]
            },
            {
              "origin": [
                -5,
                131,
                -14
              ],
              "size": [
                9,
                9,
                3
              ],
              "uv": [
                107,
                108
              ]
            },
            {
              "origin": [
                -3,
                132,
                -19
              ],
              "size": [
                5,
                5,
                5
              ],
              "uv": [
                105,
                169
              ]
            },
            {
              "origin": [
                -6,
                127,
                -13
              ],
              "size": [
                1,
                13,
                5
              ],
              "pivot": [
                -6,
                128,
                -14
              ],
              "rotation": [
                20,
                0,
                0
              ],
              "uv": [
                78,
                230
              ]
            },
            {
              "origin": [
                4,
                127,
                -13
              ],
              "size": [
                1,
                13,
                5
              ],
              "pivot": [
                -6,
                128,
                -14
              ],
              "rotation": [
                20,
                0,
                0
              ],
              "uv": [
                176,
                17
              ]
            },
            {
              "origin": [
                -6,
                140,
                -20
              ],
              "size": [
                11,
                1,
                7
              ],
              "uv": [
                53,
                35
              ]
            }
          ]
        },
        {
          "name": "bone2",
          "parent": "Head2",
          "pivot": [
            8,
            140,
            4
          ],
          "cubes": [
            {
              "origin": [
                8,
                140,
                1
              ],
              "size": [
                1,
                11,
                5
              ],
              "uv": [
                0,
                0
              ]
            }
          ]
        },
        {
          "name": "bone3",
          "parent": "Head2",
          "pivot": [
            -9,
            140,
            4
          ],
          "cubes": [
            {
              "origin": [
                -11,
                140,
                1
              ],
              "size": [
                1,
                11,
                5
              ],
              "uv": [
                0,
                0
              ]
            }
          ]
        },
        {
          "name": "Tangan4",
          "parent": "Body",
          "pivot": [
            -18,
            125,
            0
          ],
          "cubes": [
            {
              "origin": [
                -32,
                78,
                -7
              ],
              "size": [
                12,
                23,
                14
              ],
              "uv": [
                93,
                185
              ]
            },
            {
              "origin": [
                -33,
                101,
                -7
              ],
              "size": [
                15,
                24,
                14
              ],
              "uv": [
                179,
                110
              ]
            },
            {
              "origin": [
                -39,
                121,
                -12
              ],
              "size": [
                12,
                9,
                24
              ],
              "pivot": [
                -33,
                126,
                -3
              ],
              "rotation": [
                0,
                0,
                -40
              ],
              "uv": [
                107,
                108
              ]
            },
            {
              "origin": [
                -39,
                129,
                -15
              ],
              "size": [
                12,
                1,
                3
              ],
              "pivot": [
                -33,
                126,
                -3
              ],
              "rotation": [
                0,
                0,
                -40
              ],
              "uv": [
                139,
                18
              ]
            }
          ]
        },
        {
          "name": "bone9",
          "parent": "Tangan4",
          "pivot": [
            -30,
            78,
            7
          ],
          "cubes": [
            {
              "origin": [
                -32,
                54,
                -8
              ],
              "size": [
                12,
                24,
                16
              ],
              "uv": [
                0,
                147
              ]
            }
          ]
        },
        {
          "name": "bone4",
          "parent": "bone9",
          "pivot": [
            -30,
            55,
            0
          ],
          "cubes": [
            {
              "origin": [
                -30,
                40,
                -6
              ],
              "size": [
                8,
                14,
                12
              ],
              "uv": [
                93,
                222
              ]
            }
          ]
        },
        {
          "name": "Jari",
          "parent": "bone4",
          "pivot": [
            -29,
            40,
            5
          ],
          "cubes": [
            {
              "origin": [
                -30,
                36,
                4
              ],
              "size": [
                2,
                4,
                2
              ],
              "uv": [
                89,
                133
              ]
            }
          ]
        },
        {
          "name": "Jar",
          "parent": "Jari",
          "pivot": [
            -28,
            36,
            5
          ],
          "cubes": [
            {
              "origin": [
                -30,
                32,
                4
              ],
              "size": [
                2,
                4,
                2
              ],
              "uv": [
                89,
                133
              ]
            }
          ]
        },
        {
          "name": "Jari2",
          "parent": "bone4",
          "pivot": [
            -29,
            40,
            2
          ],
          "cubes": [
            {
              "origin": [
                -30,
                35,
                1
              ],
              "size": [
                2,
                5,
                2
              ],
              "uv": [
                92,
                49
              ]
            }
          ]
        },
        {
          "name": "Jar2",
          "parent": "Jari2",
          "pivot": [
            -28,
            35,
            2
          ],
          "cubes": [
            {
              "origin": [
                -30,
                30,
                1
              ],
              "size": [
                2,
                5,
                2
              ],
              "uv": [
                92,
                49
              ]
            }
          ]
        },
        {
          "name": "Jari4",
          "parent": "bone4",
          "pivot": [
            -28,
            40,
            -5
          ],
          "cubes": [
            {
              "origin": [
                -30,
                35,
                -6
              ],
              "size": [
                2,
                5,
                2
              ],
              "uv": [
                92,
                49
              ]
            }
          ]
        },
        {
          "name": "Jar4",
          "parent": "Jari4",
          "pivot": [
            -28,
            35,
            -6
          ],
          "cubes": [
            {
              "origin": [
                -30,
                30,
                -6
              ],
              "size": [
                2,
                5,
                2
              ],
              "uv": [
                92,
                49
              ]
            }
          ]
        },
        {
          "name": "Jar6",
          "parent": "Jar4",
          "pivot": [
            -30,
            30,
            -6
          ],
          "cubes": [
            {
              "origin": [
                -30,
                29,
                -6
              ],
              "size": [
                2,
                1,
                2
              ],
              "uv": [
                79,
                67
              ]
            }
          ]
        },
        {
          "name": "Jari5",
          "parent": "bone4",
          "pivot": [
            -23,
            40,
            -6
          ],
          "cubes": [
            {
              "origin": [
                -25,
                37,
                -6
              ],
              "size": [
                3,
                3,
                2
              ],
              "uv": [
                96,
                6
              ]
            }
          ]
        },
        {
          "name": "Jar5",
          "parent": "Jari5",
          "pivot": [
            -23,
            37,
            -6
          ],
          "cubes": [
            {
              "origin": [
                -25,
                34,
                -6
              ],
              "size": [
                3,
                3,
                2
              ],
              "uv": [
                96,
                6
              ]
            }
          ]
        },
        {
          "name": "Jari3",
          "parent": "bone4",
          "pivot": [
            -28,
            40,
            -2
          ],
          "cubes": [
            {
              "origin": [
                -30,
                35,
                -3
              ],
              "size": [
                2,
                5,
                2
              ],
              "uv": [
                92,
                49
              ]
            }
          ]
        },
        {
          "name": "Jar3",
          "parent": "Jari3",
          "pivot": [
            -29,
            35,
            -2
          ],
          "cubes": [
            {
              "origin": [
                -30,
                29,
                -3
              ],
              "size": [
                2,
                6,
                2
              ],
              "uv": [
                92,
                41
              ]
            }
          ]
        },
        {
          "name": "Tangan2",
          "parent": "Body",
          "pivot": [
            36,
            125,
            0
          ],
          "cubes": [
            {
              "origin": [
                20,
                78,
                -7
              ],
              "size": [
                12,
                23,
                14
              ],
              "uv": [
                93,
                185
              ]
            },
            {
              "origin": [
                25,
                101,
                -7
              ],
              "size": [
                15,
                24,
                14
              ],
              "pivot": [
                29,
                125,
                0
              ],
              "rotation": [
                0,
                180,
                0
              ],
              "uv": [
                179,
                110
              ]
            },
            {
              "origin": [
                18.94231,
                120.56879,
                -12
              ],
              "size": [
                12,
                9,
                24
              ],
              "pivot": [
                29,
                115,
                -3
              ],
              "rotation": [
                0,
                0,
                40
              ],
              "uv": [
                107,
                108
              ]
            },
            {
              "origin": [
                18.94231,
                128.56879,
                -15
              ],
              "size": [
                12,
                1,
                3
              ],
              "pivot": [
                29,
                115,
                -3
              ],
              "rotation": [
                0,
                0,
                40
              ],
              "uv": [
                112,
                17
              ]
            }
          ]
        },
        {
          "name": "bone5",
          "parent": "Tangan2",
          "pivot": [
            32,
            78,
            7
          ],
          "cubes": [
            {
              "origin": [
                20,
                54,
                -8
              ],
              "size": [
                12,
                24,
                16
              ],
              "pivot": [
                26,
                78,
                0
              ],
              "rotation": [
                0,
                180,
                0
              ],
              "uv": [
                0,
                147
              ]
            }
          ]
        },
        {
          "name": "bone6",
          "parent": "bone5",
          "pivot": [
            22,
            55,
            0
          ],
          "cubes": [
            {
              "origin": [
                22,
                40,
                -6
              ],
              "size": [
                8,
                14,
                12
              ],
              "uv": [
                93,
                222
              ]
            }
          ]
        },
        {
          "name": "Jari6",
          "parent": "bone6",
          "pivot": [
            29,
            40,
            5
          ],
          "cubes": [
            {
              "origin": [
                28,
                36,
                4
              ],
              "size": [
                2,
                4,
                2
              ],
              "uv": [
                89,
                133
              ]
            }
          ]
        },
        {
          "name": "Jar7",
          "parent": "Jari6",
          "pivot": [
            30,
            36,
            5
          ],
          "cubes": [
            {
              "origin": [
                28,
                32,
                4
              ],
              "size": [
                2,
                4,
                2
              ],
              "uv": [
                89,
                133
              ]
            }
          ]
        },
        {
          "name": "Jari7",
          "parent": "bone6",
          "pivot": [
            29,
            40,
            2
          ],
          "cubes": [
            {
              "origin": [
                28,
                35,
                1
              ],
              "size": [
                2,
                5,
                2
              ],
              "uv": [
                92,
                49
              ]
            }
          ]
        },
        {
          "name": "Jar8",
          "parent": "Jari7",
          "pivot": [
            30,
            35,
            2
          ],
          "cubes": [
            {
              "origin": [
                28,
                30,
                1
              ],
              "size": [
                2,
                5,
                2
              ],
              "uv": [
                92,
                49
              ]
            }
          ]
        },
        {
          "name": "Jari8",
          "parent": "bone6",
          "pivot": [
            30,
            40,
            -5
          ],
          "cubes": [
            {
              "origin": [
                28,
                35,
                -6
              ],
              "size": [
                2,
                5,
                2
              ],
              "uv": [
                92,
                49
              ]
            }
          ]
        },
        {
          "name": "Jar9",
          "parent": "Jari8",
          "pivot": [
            30,
            35,
            -6
          ],
          "cubes": [
            {
              "origin": [
                28,
                30,
                -6
              ],
              "size": [
                2,
                5,
                2
              ],
              "uv": [
                92,
                49
              ]
            }
          ]
        },
        {
          "name": "Jar10",
          "parent": "Jar9",
          "pivot": [
            28,
            30,
            -6
          ],
          "cubes": [
            {
              "origin": [
                28,
                29,
                -6
              ],
              "size": [
                2,
                1,
                2
              ],
              "uv": [
                79,
                67
              ]
            }
          ]
        },
        {
          "name": "Jari9",
          "parent": "bone6",
          "pivot": [
            24,
            40,
            -6
          ],
          "cubes": [
            {
              "origin": [
                22,
                37,
                -6
              ],
              "size": [
                3,
                3,
                2
              ],
              "uv": [
                96,
                6
              ]
            }
          ]
        },
        {
          "name": "Jar11",
          "parent": "Jari9",
          "pivot": [
            24,
            37,
            -6
          ],
          "cubes": [
            {
              "origin": [
                22,
                34,
                -6
              ],
              "size": [
                3,
                3,
                2
              ],
              "uv": [
                96,
                6
              ]
            }
          ]
        },
        {
          "name": "Jari10",
          "parent": "bone6",
          "pivot": [
            30,
            40,
            -2
          ],
          "cubes": [
            {
              "origin": [
                28,
                35,
                -3
              ],
              "size": [
                2,
                5,
                2
              ],
              "uv": [
                92,
                49
              ]
            }
          ]
        },
        {
          "name": "Jar12",
          "parent": "Jari10",
          "pivot": [
            29,
            35,
            -2
          ],
          "cubes": [
            {
              "origin": [
                28,
                29,
                -3
              ],
              "size": [
                2,
                6,
                2
              ],
              "uv": [
                92,
                41
              ]
            }
          ]
        },
        {
          "name": "Laser",
          "parent": "Body",
          "pivot": [
            0,
            110,
            8
          ],
          "cubes": [
            {
              "origin": [
                0,
                107,
                -7
              ],
              "size": [
                0,
                8,
                16
              ],
              "pivot": [
                0,
                111,
                9
              ],
              "rotation": [
                0,
                -25,
                0
              ],
              "uv": [
                0,
                44
              ]
            },
            {
              "origin": [
                -1,
                107,
                -7
              ],
              "size": [
                0,
                8,
                16
              ],
              "pivot": [
                -1,
                111,
                9
              ],
              "rotation": [
                0,
                20,
                0
              ],
              "uv": [
                0,
                44
              ]
            },
            {
              "origin": [
                0,
                108,
                -7
              ],
              "size": [
                0,
                8,
                16
              ],
              "pivot": [
                0,
                112,
                9
              ],
              "rotation": [
                0,
                -20,
                -90
              ],
              "uv": [
                0,
                44
              ]
            },
            {
              "origin": [
                0,
                107,
                -7
              ],
              "size": [
                0,
                8,
                16
              ],
              "pivot": [
                0,
                111,
                9
              ],
              "rotation": [
                0,
                22.5,
                -90
              ],
              "uv": [
                0,
                44
              ]
            }
          ]
        },
        {
          "name": "Jatpack",
          "parent": "Body",
          "pivot": [
            0,
            101,
            8
          ],
          "cubes": [
            {
              "origin": [
                1,
                79,
                8
              ],
              "size": [
                13,
                43,
                11
              ],
              "uv": [
                59,
                145
              ]
            },
            {
              "origin": [
                -2,
                81,
                8
              ],
              "size": [
                4,
                40,
                6
              ],
              "uv": [
                145,
                195
              ]
            },
            {
              "origin": [
                14,
                91,
                14
              ],
              "size": [
                3,
                2,
                2
              ],
              "uv": [
                117,
                128
              ]
            },
            {
              "origin": [
                -15,
                79,
                8
              ],
              "size": [
                13,
                43,
                11
              ],
              "uv": [
                131,
                141
              ]
            },
            {
              "origin": [
                -18,
                113,
                14
              ],
              "size": [
                3,
                2,
                2
              ],
              "uv": [
                107,
                128
              ]
            },
            {
              "origin": [
                -18,
                91,
                14
              ],
              "size": [
                3,
                2,
                2
              ],
              "uv": [
                96,
                11
              ]
            },
            {
              "origin": [
                14,
                113,
                14
              ],
              "size": [
                3,
                2,
                2
              ],
              "uv": [
                88,
                67
              ]
            }
          ]
        },
        {
          "name": "Roket",
          "parent": "Jatpack",
          "pivot": [
            20,
            102,
            14
          ],
          "cubes": [
            {
              "origin": [
                16,
                120,
                9
              ],
              "size": [
                9,
                7,
                9
              ],
              "uv": [
                236,
                62
              ]
            },
            {
              "origin": [
                16,
                116,
                9
              ],
              "size": [
                9,
                2,
                9
              ],
              "uv": [
                100,
                60
              ]
            },
            {
              "origin": [
                16,
                76,
                9
              ],
              "size": [
                9,
                7,
                9
              ],
              "uv": [
                236,
                46
              ]
            },
            {
              "origin": [
                17,
                72,
                10
              ],
              "size": [
                7,
                4,
                7
              ],
              "uv": [
                136,
                60
              ]
            },
            {
              "origin": [
                18,
                68,
                11
              ],
              "size": [
                5,
                4,
                5
              ],
              "uv": [
                155,
                118
              ]
            },
            {
              "origin": [
                17,
                83,
                10
              ],
              "size": [
                7,
                37,
                7
              ],
              "uv": [
                172,
                192
              ]
            }
          ]
        },
        {
          "name": "Roket2",
          "parent": "Jatpack",
          "pivot": [
            -22,
            102,
            14
          ],
          "cubes": [
            {
              "origin": [
                -26,
                120,
                9
              ],
              "size": [
                9,
                7,
                9
              ],
              "uv": [
                236,
                62
              ]
            },
            {
              "origin": [
                -26,
                116,
                9
              ],
              "size": [
                9,
                2,
                9
              ],
              "uv": [
                100,
                60
              ]
            },
            {
              "origin": [
                -26,
                76,
                9
              ],
              "size": [
                9,
                7,
                9
              ],
              "uv": [
                236,
                46
              ]
            },
            {
              "origin": [
                -25,
                72,
                10
              ],
              "size": [
                7,
                4,
                7
              ],
              "uv": [
                136,
                60
              ]
            },
            {
              "origin": [
                -24,
                68,
                11
              ],
              "size": [
                5,
                4,
                5
              ],
              "uv": [
                155,
                118
              ]
            },
            {
              "origin": [
                -25,
                83,
                10
              ],
              "size": [
                7,
                37,
                7
              ],
              "uv": [
                172,
                192
              ]
            }
          ]
        },
        {
          "name": "Tameng",
          "parent": "Body",
          "pivot": [
            1,
            110,
            26
          ],
          "cubes": [
            {
              "origin": [
                -17,
                77,
                25
              ],
              "size": [
                34,
                63,
                1
              ],
              "pivot": [
                0,
                109,
                25
              ],
              "rotation": [
                0,
                0,
                -180
              ],
              "uv": [
                0,
                83
              ]
            },
            {
              "origin": [
                17,
                78,
                25
              ],
              "size": [
                10,
                63,
                1
              ],
              "pivot": [
                17,
                115,
                25
              ],
              "rotation": [
                0,
                50,
                0
              ],
              "uv": [
                22,
                187
              ]
            },
            {
              "origin": [
                -27,
                78,
                25
              ],
              "size": [
                10,
                63,
                1
              ],
              "pivot": [
                -17,
                112,
                25
              ],
              "rotation": [
                0,
                -50,
                0
              ],
              "uv": [
                0,
                187
              ]
            }
          ]
        }
      ]
    }
  ]
}