{
  "format_version": "1.12.0",
  "minecraft:geometry": [
    {
      "description": {
        "identifier": "geometry.pa_v",
        "texture_width": 128,
        "texture_height": 128,
        "visible_bounds_width": 8,
        "visible_bounds_height": 4,
        "visible_bounds_offset": [
          0,
          1,
          0
        ]
      },
      "bones": [
        {
          "name": "Body",
          "pivot": [
            0,
            12,
            3
          ],
          "cubes": [
            {
              "origin": [
                -4.5,
                0,
                -4
              ],
              "size": [
                9,
                4,
                8
              ],
              "uv": [
                52,
                12
              ]
            },
            {
              "origin": [
                -3.5,
                4,
                -3
              ],
              "size": [
                7,
                3,
                6
              ],
              "uv": [
                0,
                83
              ]
            },
            {
              "origin": [
                -6.5,
                7,
                -6
              ],
              "size": [
                13,
                2,
                12
              ],
              "uv": [
                0,
                36
              ]
            },
            {
              "origin": [
                -7,
                9,
                -8
              ],
              "size": [
                14,
                4,
                16
              ],
              "uv": [
                0,
                0
              ]
            },
            {
              "origin": [
                -11,
                19,
                7
              ],
              "size": [
                22,
                11,
                5
              ],
              "pivot": [
                0,
                0,
                3
              ],
              "rotation": [
                -7.5,
                0,
                0
              ],
              "uv": [
                0,
                20
              ]
            },
            {
              "origin": [
                -10,
                13,
                7
              ],
              "size": [
                20,
                6,
                5
              ],
              "pivot": [
                0,
                0,
                3
              ],
              "rotation": [
                -7.5,
                0,
                0
              ],
              "uv": [
                38,
                36
              ]
            }
          ]
        },
        {
          "name": "Biru",
          "parent": "Body",
          "pivot": [
            0,
            0,
            3
          ],
          "cubes": [
            {
              "origin": [
                3.5,
                30,
                8
              ],
              "size": [
                7,
                2,
                3
              ],
              "pivot": [
                0,
                0,
                3
              ],
              "rotation": [
                -7.5,
                0,
                0
              ],
              "uv": [
                20,
                123
              ]
            }
          ]
        },
        {
          "name": "Birtu",
          "parent": "Body",
          "pivot": [
            11,
            29,
            13
          ],
          "cubes": [
            {
              "origin": [
                3.5,
                30,
                8
              ],
              "size": [
                7,
                2,
                3
              ],
              "pivot": [
                0,
                0,
                3
              ],
              "rotation": [
                -7.5,
                0,
                0
              ],
              "uv": [
                60,
                123
              ]
            }
          ]
        },
        {
          "name": "Merah",
          "parent": "Body",
          "pivot": [
            0,
            0,
            3
          ],
          "cubes": [
            {
              "origin": [
                -10.5,
                30,
                8
              ],
              "size": [
                7,
                2,
                3
              ],
              "pivot": [
                0,
                0,
                3
              ],
              "rotation": [
                -7.5,
                0,
                0
              ],
              "uv": [
                0,
                123
              ]
            }
          ]
        },
        {
          "name": "Erah",
          "parent": "Body",
          "pivot": [
            -11,
            29,
            13
          ],
          "cubes": [
            {
              "origin": [
                -10.5,
                30,
                8
              ],
              "size": [
                7,
                2,
                3
              ],
              "pivot": [
                0,
                -1,
                3
              ],
              "rotation": [
                -7.5,
                0,
                0
              ],
              "uv": [
                40,
                123
              ]
            }
          ]
        },
        {
          "name": "bone",
          "parent": "Body",
          "pivot": [
            -1,
            27,
            14
          ],
          "rotation": [
            -7.5,
            0,
            0
          ],
          "cubes": [
            {
              "origin": [
                -1,
                27,
                13
              ],
              "size": [
                2,
                2,
                1
              ],
              "uv": [
                0,
                43
              ]
            },
            {
              "origin": [
                -2,
                29,
                12
              ],
              "size": [
                4,
                1,
                3
              ],
              "uv": [
                24,
                66
              ]
            }
          ]
        },
        {
          "name": "Head",
          "parent": "Body",
          "pivot": [
            1,
            18,
            1
          ],
          "cubes": [
            {
              "origin": [
                -5,
                23,
                0
              ],
              "size": [
                1,
                2,
                1
              ],
              "pivot": [
                -4,
                24,
                0
              ],
              "rotation": [
                0,
                0,
                -10
              ],
              "uv": [
                54,
                24
              ]
            },
            {
              "origin": [
                4,
                23,
                0
              ],
              "size": [
                1,
                2,
                1
              ],
              "pivot": [
                4,
                24,
                0
              ],
              "rotation": [
                0,
                0,
                10
              ],
              "uv": [
                41,
                50
              ]
            },
            {
              "origin": [
                -3,
                18,
                -4
              ],
              "size": [
                6,
                4,
                8
              ],
              "uv": [
                80,
                39
              ]
            },
            {
              "origin": [
                -1.5,
                21,
                -4.5
              ],
              "size": [
                1,
                2,
                1
              ],
              "pivot": [
                1,
                18,
                -3
              ],
              "rotation": [
                -19.9727,
                -40.73565,
                13.34199
              ],
              "uv": [
                37,
                50
              ]
            },
            {
              "origin": [
                -4,
                22,
                -4
              ],
              "size": [
                8,
                5,
                8
              ],
              "uv": [
                0,
                66
              ]
            },
            {
              "origin": [
                -4,
                18,
                -4
              ],
              "size": [
                1,
                4,
                8
              ],
              "pivot": [
                -4,
                22,
                -4
              ],
              "rotation": [
                0,
                0,
                -15
              ],
              "uv": [
                96,
                70
              ]
            },
            {
              "origin": [
                3,
                18,
                -4
              ],
              "size": [
                1,
                4,
                8
              ],
              "pivot": [
                4,
                22,
                -4
              ],
              "rotation": [
                0,
                0,
                15
              ],
              "uv": [
                96,
                86
              ]
            },
            {
              "origin": [
                -4,
                27,
                -4
              ],
              "size": [
                4,
                1,
                8
              ],
              "pivot": [
                0,
                28,
                -4
              ],
              "rotation": [
                0,
                0,
                -15
              ],
              "uv": [
                84,
                22
              ]
            },
            {
              "origin": [
                0,
                27,
                -4
              ],
              "size": [
                4,
                1,
                8
              ],
              "pivot": [
                0,
                28,
                -4
              ],
              "rotation": [
                0,
                0,
                15
              ],
              "uv": [
                88,
                61
              ]
            }
          ]
        },
        {
          "name": "Kacamata",
          "parent": "Head",
          "pivot": [
            0,
            24,
            -3
          ],
          "cubes": [
            {
              "origin": [
                -4,
                23,
                -4.2
              ],
              "size": [
                8,
                2,
                0
              ],
              "uv": [
                112,
                126
              ]
            }
          ]
        },
        {
          "name": "Hat",
          "parent": "Head",
          "pivot": [
            0,
            27,
            0
          ],
          "cubes": [
            {
              "origin": [
                -4,
                27,
                -7
              ],
              "size": [
                8,
                0,
                3
              ],
              "pivot": [
                0,
                27,
                -4
              ],
              "rotation": [
                30,
                0,
                0
              ],
              "uv": [
                41,
                12
              ]
            },
            {
              "origin": [
                -4,
                27,
                -5
              ],
              "size": [
                8,
                2,
                10
              ],
              "uv": [
                44,
                0
              ]
            },
            {
              "origin": [
                -5,
                27,
                -6
              ],
              "size": [
                10,
                2,
                7
              ],
              "pivot": [
                0,
                27,
                1
              ],
              "rotation": [
                -20,
                0,
                0
              ],
              "uv": [
                32,
                67
              ]
            },
            {
              "origin": [
                -4,
                27,
                0
              ],
              "size": [
                8,
                2,
                6
              ],
              "pivot": [
                0,
                27,
                -1
              ],
              "rotation": [
                10,
                0,
                0
              ],
              "uv": [
                74,
                80
              ]
            }
          ]
        },
        {
          "name": "Bapakhitam",
          "parent": "Head",
          "pivot": [
            0,
            22,
            0
          ],
          "cubes": [
            {
              "origin": [
                -3,
                27,
                -4
              ],
              "size": [
                3,
                1,
                8
              ],
              "pivot": [
                0,
                28,
                -4
              ],
              "rotation": [
                0,
                0,
                -17.5
              ],
              "uv": [
                0,
                92
              ]
            },
            {
              "origin": [
                -4.5,
                23,
                0
              ],
              "size": [
                1,
                2,
                1
              ],
              "pivot": [
                -3,
                24,
                0
              ],
              "rotation": [
                0,
                0,
                -10
              ],
              "uv": [
                30,
                50
              ]
            },
            {
              "origin": [
                -3.5,
                22,
                -4
              ],
              "size": [
                7,
                5,
                8
              ],
              "uv": [
                24,
                76
              ]
            },
            {
              "origin": [
                0,
                27,
                -4
              ],
              "size": [
                3,
                1,
                8
              ],
              "pivot": [
                0,
                28,
                -4
              ],
              "rotation": [
                0,
                0,
                17.5
              ],
              "uv": [
                54,
                90
              ]
            },
            {
              "origin": [
                2.5,
                18,
                -4
              ],
              "size": [
                1,
                4,
                8
              ],
              "pivot": [
                4,
                22,
                8
              ],
              "rotation": [
                0,
                0,
                12.5
              ],
              "uv": [
                98,
                0
              ]
            },
            {
              "origin": [
                -3.5,
                18,
                -4
              ],
              "size": [
                1,
                4,
                8
              ],
              "pivot": [
                -4,
                22,
                8
              ],
              "rotation": [
                0,
                0,
                -12.5
              ],
              "uv": [
                14,
                98
              ]
            },
            {
              "origin": [
                -3,
                20,
                -4
              ],
              "size": [
                6,
                2,
                8
              ],
              "uv": [
                54,
                80
              ]
            },
            {
              "origin": [
                -2,
                18,
                -4
              ],
              "size": [
                4,
                2,
                8
              ],
              "uv": [
                83,
                51
              ]
            },
            {
              "origin": [
                3.5,
                23,
                0
              ],
              "size": [
                1,
                2,
                1
              ],
              "pivot": [
                4,
                24,
                0
              ],
              "rotation": [
                0,
                0,
                10
              ],
              "uv": [
                38,
                36
              ]
            },
            {
              "origin": [
                -1.5,
                21,
                -4.5
              ],
              "size": [
                1,
                2,
                1
              ],
              "pivot": [
                1,
                18,
                -3
              ],
              "rotation": [
                -19.9727,
                -40.73565,
                13.34199
              ],
              "uv": [
                6,
                43
              ]
            }
          ]
        },
        {
          "name": "Bapak",
          "parent": "Head",
          "pivot": [
            0,
            22,
            0
          ],
          "cubes": [
            {
              "origin": [
                -3,
                27,
                -4
              ],
              "size": [
                3,
                1,
                8
              ],
              "pivot": [
                0,
                28,
                -4
              ],
              "rotation": [
                0,
                0,
                -17.5
              ],
              "uv": [
                40,
                89
              ]
            },
            {
              "origin": [
                -4.5,
                23,
                0
              ],
              "size": [
                1,
                2,
                1
              ],
              "pivot": [
                -3,
                24,
                0
              ],
              "rotation": [
                0,
                0,
                -10
              ],
              "uv": [
                0,
                20
              ]
            },
            {
              "origin": [
                -3.5,
                22,
                -4
              ],
              "size": [
                7,
                5,
                8
              ],
              "uv": [
                66,
                67
              ]
            },
            {
              "origin": [
                0,
                27,
                -4
              ],
              "size": [
                3,
                1,
                8
              ],
              "pivot": [
                0,
                28,
                -4
              ],
              "rotation": [
                0,
                0,
                17.5
              ],
              "uv": [
                18,
                89
              ]
            },
            {
              "origin": [
                2.5,
                18,
                -4
              ],
              "size": [
                1,
                4,
                8
              ],
              "pivot": [
                4,
                22,
                8
              ],
              "rotation": [
                0,
                0,
                7.5
              ],
              "uv": [
                86,
                94
              ]
            },
            {
              "origin": [
                -3.5,
                18,
                -4
              ],
              "size": [
                1,
                4,
                8
              ],
              "pivot": [
                -4,
                22,
                8
              ],
              "rotation": [
                0,
                0,
                -7.5
              ],
              "uv": [
                68,
                94
              ]
            },
            {
              "origin": [
                -3,
                18,
                -4
              ],
              "size": [
                6,
                4,
                8
              ],
              "uv": [
                78,
                4
              ]
            },
            {
              "origin": [
                3.5,
                23,
                0
              ],
              "size": [
                1,
                2,
                1
              ],
              "pivot": [
                4,
                24,
                0
              ],
              "rotation": [
                0,
                0,
                10
              ],
              "uv": [
                12,
                0
              ]
            },
            {
              "origin": [
                -1.5,
                21,
                -4.5
              ],
              "size": [
                1,
                2,
                1
              ],
              "pivot": [
                1,
                18,
                -3
              ],
              "rotation": [
                -19.9727,
                -40.73565,
                13.34199
              ],
              "uv": [
                0,
                0
              ]
            }
          ]
        },
        {
          "name": "Alis",
          "parent": "Head",
          "pivot": [
            0,
            24,
            -4
          ],
          "cubes": [
            {
              "origin": [
                -3,
                22,
                -4.1
              ],
              "size": [
                6,
                5,
                0
              ],
              "uv": [
                0,
                36
              ]
            }
          ]
        },
        {
          "name": "Bibir",
          "parent": "Head",
          "pivot": [
            1,
            21,
            -8
          ],
          "cubes": [
            {
              "origin": [
                -4,
                20,
                -4.1
              ],
              "size": [
                8,
                2,
                0
              ],
              "uv": [
                0,
                14
              ]
            }
          ]
        },
        {
          "name": "Bibir2",
          "parent": "Head",
          "pivot": [
            1,
            20,
            -4
          ],
          "cubes": [
            {
              "origin": [
                -3,
                18,
                -4.1
              ],
              "size": [
                6,
                2,
                0
              ],
              "uv": [
                0,
                41
              ]
            },
            {
              "origin": [
                -3,
                19,
                -4.1
              ],
              "size": [
                1,
                1,
                0
              ],
              "uv": [
                2,
                3
              ]
            },
            {
              "origin": [
                2,
                19,
                -4.1
              ],
              "size": [
                1,
                1,
                0
              ],
              "uv": [
                0,
                3
              ]
            }
          ]
        },
        {
          "name": "Leher",
          "parent": "Head",
          "pivot": [
            1,
            18,
            1
          ],
          "cubes": [
            {
              "origin": [
                -2,
                8,
                -1
              ],
              "size": [
                4,
                10,
                4
              ],
              "uv": [
                0,
                0
              ]
            }
          ]
        },
        {
          "name": "Tutup",
          "parent": "Body",
          "pivot": [
            -1,
            16,
            8
          ],
          "rotation": [
            -2.5,
            0,
            0
          ],
          "cubes": [
            {
              "origin": [
                -7,
                17.76493,
                8.22705
              ],
              "size": [
                14,
                15,
                1
              ],
              "uv": [
                0,
                50
              ]
            },
            {
              "origin": [
                -6,
                32.76493,
                8.22705
              ],
              "size": [
                12,
                1,
                1
              ],
              "uv": [
                70,
                2
              ]
            },
            {
              "origin": [
                -7,
                16.76493,
                8.22705
              ],
              "size": [
                14,
                1,
                1
              ],
              "uv": [
                70,
                0
              ]
            },
            {
              "origin": [
                -5,
                15.76493,
                8.22705
              ],
              "size": [
                10,
                1,
                1
              ],
              "uv": [
                0,
                79
              ]
            },
            {
              "origin": [
                -4,
                14.76493,
                8.22705
              ],
              "size": [
                8,
                1,
                1
              ],
              "uv": [
                46,
                78
              ]
            },
            {
              "origin": [
                -4,
                33.76493,
                8.22705
              ],
              "size": [
                8,
                1,
                1
              ],
              "uv": [
                46,
                76
              ]
            },
            {
              "origin": [
                7,
                19.76493,
                8.22705
              ],
              "size": [
                1,
                11,
                1
              ],
              "uv": [
                36,
                104
              ]
            },
            {
              "origin": [
                -8,
                19.76493,
                8.22705
              ],
              "size": [
                1,
                11,
                1
              ],
              "uv": [
                32,
                104
              ]
            },
            {
              "origin": [
                8,
                20.76493,
                8.22705
              ],
              "size": [
                1,
                9,
                1
              ],
              "uv": [
                48,
                0
              ]
            },
            {
              "origin": [
                -9,
                20.76493,
                8.22705
              ],
              "size": [
                1,
                9,
                1
              ],
              "uv": [
                44,
                0
              ]
            },
            {
              "origin": [
                -3,
                34.76493,
                8.22705
              ],
              "size": [
                6,
                1,
                1
              ],
              "uv": [
                59,
                67
              ]
            }
          ]
        },
        {
          "name": "Tutup2",
          "parent": "Body",
          "pivot": [
            -1,
            16,
            9
          ],
          "rotation": [
            90,
            0,
            0
          ],
          "cubes": [
            {
              "origin": [
                -7,
                17.76493,
                5.22705
              ],
              "size": [
                14,
                15,
                5
              ],
              "uv": [
                45,
                47
              ]
            },
            {
              "origin": [
                -6,
                32.76493,
                5.22705
              ],
              "size": [
                12,
                1,
                5
              ],
              "uv": [
                54,
                30
              ]
            },
            {
              "origin": [
                -7,
                16.76493,
                5.22705
              ],
              "size": [
                14,
                1,
                5
              ],
              "uv": [
                54,
                24
              ]
            },
            {
              "origin": [
                -5,
                15.76493,
                5.22705
              ],
              "size": [
                10,
                1,
                5
              ],
              "uv": [
                83,
                31
              ]
            },
            {
              "origin": [
                -4,
                14.76493,
                5.22705
              ],
              "size": [
                8,
                1,
                5
              ],
              "uv": [
                77,
                88
              ]
            },
            {
              "origin": [
                -4,
                33.76493,
                5.22705
              ],
              "size": [
                8,
                1,
                5
              ],
              "uv": [
                86,
                16
              ]
            },
            {
              "origin": [
                7,
                19.76493,
                5.22705
              ],
              "size": [
                1,
                11,
                5
              ],
              "uv": [
                46,
                98
              ]
            },
            {
              "origin": [
                -8,
                19.76493,
                5.22705
              ],
              "size": [
                1,
                11,
                5
              ],
              "uv": [
                30,
                50
              ]
            },
            {
              "origin": [
                8,
                20.76493,
                5.22705
              ],
              "size": [
                1,
                9,
                5
              ],
              "uv": [
                0,
                101
              ]
            },
            {
              "origin": [
                -9,
                20.76493,
                5.22705
              ],
              "size": [
                1,
                9,
                5
              ],
              "uv": [
                58,
                101
              ]
            },
            {
              "origin": [
                -3,
                34.76493,
                5.22705
              ],
              "size": [
                6,
                1,
                5
              ],
              "uv": [
                24,
                98
              ]
            }
          ]
        }
      ]
    }
  ]
}