{
	"format_version": "1.12.0",
	"minecraft:geometry": [
		{
			"description": {
				"identifier": "geometry.laptop_open",
				"texture_width": 128,
				"texture_height": 128,
				"visible_bounds_width": 4,
				"visible_bounds_height": 2.5,
				"visible_bounds_offset": [0, 0.75, 0]
			},
			"bones": [
				{
					"name": "screen",
					"pivot": [-0.11367, 1, 8.5],
					"rotation": [120, 0, 0],
					"cubes": [
						{"origin": [-14, 1, -9], "size": [28, 1, 17], "inflate": -0.01, "pivot": [-2, 1, 8], "rotation": [-120, 0, 0], "uv": [0, 19]},
						{"origin": [-13.5, 0.81, -9], "size": [27, 1, 1], "inflate": -0.02, "pivot": [-2, 1, 8], "rotation": [-120, 0, 0], "uv": [0, 37]},
						{"origin": [-13, 0.8, 7], "size": [26, 1, 1], "inflate": -0.01, "pivot": [-2, 1, 8], "rotation": [-120, 0, 0], "uv": [0, 39]},
						{"origin": [13.009, 0.8, -9], "size": [1, 1, 17], "inflate": -0.02, "pivot": [-2, 1, 8], "rotation": [-120, 0, 0], "uv": [0, 41]},
						{"origin": [-13.991, 0.8, -9], "size": [1, 1, 17], "inflate": -0.02, "pivot": [-29, 1, 8], "rotation": [-120, 0, 0], "uv": [37, 39]},
						{"origin": [-13.7, 0.78, 7], "size": [2, 1, 1], "inflate": -0.4, "uv": [0, 0]}
					]
				},
				{
					"name": "laptop",
					"pivot": [0, 0, 0],
					"cubes": [
						{"origin": [-14, 0, -9], "size": [28, 1.3, 18], "uv": [0, 0]}
					]
				}
			]
		}
	]
}