{
	"format_version": "1.12.0",
	"minecraft:geometry": [
		{
			"description": {
				"identifier": "geometry.majin",
				"texture_width": 128,
				"texture_height": 128,
				"visible_bounds_width": 3,
				"visible_bounds_height": 5,
				"visible_bounds_offset": [0, 1.5, 0]
			},
			"bones": [
				{
					"name": "root",
					"pivot": [0, 0, 0]
				},
				{
					"name": "leftLeg",
					"parent": "root",
					"pivot": [1.9, 12, 0],
					"cubes": [
						{"origin": [-0.1, 0, -2], "size": [4, 12, 4], "uv": [68, 45]},
						{"origin": [0.9, 0, -2], "size": [4, 12, 4], "uv": [58, 29]}
					]
				},
				{
					"name": "rightLeg",
					"parent": "root",
					"pivot": [-1.9, 12, 0],
					"cubes": [
						{"origin": [-3.9, 0, -2], "size": [4, 12, 4], "uv": [48, 67]},
						{"origin": [-4.9, 0, -2], "size": [4, 12, 4], "uv": [0, 61]}
					]
				},
				{
					"name": "waist",
					"parent": "root",
					"pivot": [0, 12, 0]
				},
				{
					"name": "body",
					"parent": "waist",
					"pivot": [0, 24, 0],
					"cubes": [
						{"origin": [-9.68756, 7.29008, -4.5], "size": [7, 7, 9], "pivot": [-3.78756, -0.70992, 1.5], "rotation": [0, 0, 17.5], "uv": [0, 29]},
						{"origin": [-4, 12, -2], "size": [8, 12, 4], "uv": [0, 45]},
						{"origin": [-4.5, 2.17323, 12.34924], "size": [9, 15, 0], "pivot": [0.5, 4.17323, -3.65076], "rotation": [35, 0, 0], "uv": [50, 52]},
						{"origin": [-4.48, 12, -2], "size": [8.95, 12, 4], "uv": [32, 36]},
						{"origin": [-4.47, 9.6077, -13.34744], "size": [8.95, 5.7, 4], "pivot": [0.5, -2.3923, 8.65256], "rotation": [-30, 0, 0], "uv": [24, 52]},
						{"origin": [2.68756, 7.29008, -4.5], "size": [7, 7, 9], "pivot": [3.78756, -0.70992, 1.5], "rotation": [0, 0, -17.5], "uv": [25, 20]},
						{"origin": [-4.5, 9.6077, 9.34744], "size": [9, 5.7, 4], "pivot": [-0.5, -2.3923, -8.65256], "rotation": [30, 0, 0], "uv": [48, 20]},
						{"origin": [-4.5, 10, -4.4], "size": [9, 9, 8.8], "uv": [0, 12]},
						{"origin": [-5.25, 13.8, -5], "size": [10.5, 2, 10], "uv": [0, 0]}
					]
				},
				{
					"name": "cape",
					"parent": "body",
					"pivot": [0, 24, 3]
				},
				{
					"name": "head",
					"parent": "body",
					"pivot": [0, 24, 0],
					"cubes": [
						{"origin": [-4, 24, -4], "size": [8, 8, 8], "uv": [32, 4]}
					]
				},
				{
					"name": "tail",
					"parent": "head",
					"pivot": [0, 31.5, 0],
					"cubes": [
						{"origin": [-2, 30.5, -3], "size": [4, 6, 4], "pivot": [0, 31.5, -1], "rotation": [-35, 0, 0], "uv": [74, 16]}
					]
				},
				{
					"name": "tail2",
					"parent": "tail",
					"pivot": [0, 34.5, 1],
					"cubes": [
						{"origin": [-1.9, 34.3, 0.25], "size": [3.8, 4, 3.8], "pivot": [-0.1, 35.44242, 1.93645], "rotation": [-70, 0, 0], "uv": [0, 77]},
						{"origin": [-1.5, 37.3, 5], "size": [3, 4, 3], "pivot": [-0.8, 40.38855, 2.10293], "rotation": [-70, 0, 0], "uv": [71, 26]}
					]
				},
				{
					"name": "tail3",
					"parent": "tail2",
					"pivot": [0, 36.5, 4],
					"cubes": [
						{"origin": [-1.25, 42, 6.75], "size": [2.5, 4, 2.5], "pivot": [-0.8, 41.23588, 3.49082], "rotation": [-97.5, 0, 0], "uv": [0, 0]},
						{"origin": [-1.44, 42.6, 4.35], "size": [2.89, 4, 3], "pivot": [-0.8, 40.38855, 2.10293], "rotation": [-97.5, 0, 0], "uv": [74, 33]}
					]
				},
				{
					"name": "tail4",
					"parent": "tail3",
					"pivot": [0, 35.5, 7],
					"cubes": [
						{"origin": [-0.75, 46.32854, 11.7], "size": [1.5, 4, 1.5], "pivot": [-0.8, 42.96757, 7.31688], "rotation": [-127.5, 0, 0], "uv": [26, 12]},
						{"origin": [-1.25, 45.36214, 6.56512], "size": [2.5, 4, 2.5], "pivot": [-8.8, 41.00117, 4.75593], "rotation": [-117.5, 0, 0], "uv": [0, 12]}
					]
				},
				{
					"name": "tail5",
					"parent": "tail4",
					"pivot": [0, 35.5, 10],
					"cubes": [
						{"origin": [-0.75, 47.74784, 9.8], "size": [1.5, 4, 1.5], "pivot": [-8.95, 41.38687, 8.10765], "rotation": [-140, 0, 0], "uv": [0, 29]},
						{"origin": [-0.9, 53.35362, 16.2], "size": [1.8, 3, 1.8], "pivot": [-0.8, 44.99265, 10.91795], "rotation": [-150, 0, 0], "uv": [0, 6]}
					]
				},
				{
					"name": "tail6",
					"parent": "tail4",
					"pivot": [0, 34.5, 10],
					"cubes": [
						{"origin": [-0.85, 54.19735, 19.65], "size": [1.8, 3, 1.8], "pivot": [-8.05, 43.83638, 14.70305], "rotation": [-160, 0, 0], "uv": [4, 6]}
					]
				},
				{
					"name": "rightEar",
					"parent": "head",
					"pivot": [0, 12, 0],
					"cubes": [
						{"origin": [-5, 26, -1], "size": [1, 3, 2], "uv": [122, 0]}
					]
				},
				{
					"name": "leftEar",
					"parent": "head",
					"pivot": [0, 12, 0],
					"cubes": [
						{"origin": [4, 26, -1], "size": [1, 3, 2], "uv": [122, 0], "mirror": true}
					]
				},
				{
					"name": "leftArm",
					"parent": "body",
					"pivot": [5, 22, 0],
					"cubes": [
						{"origin": [4, 12, -2], "size": [4, 12, 4], "uv": [64, 63]},
						{"origin": [9.45027, 10.28872, -2], "size": [4, 12, 4], "pivot": [-0.54973, 1.28872, 0], "rotation": [0, 0, -13], "uv": [32, 61]}
					]
				},
				{
					"name": "rightArm",
					"parent": "body",
					"pivot": [-5, 22, 0],
					"cubes": [
						{"origin": [-8, 12, -2], "size": [4, 12, 4], "uv": [64, 0]},
						{"origin": [-13.46027, 10.28872, -2], "size": [4, 12, 4], "pivot": [0.53973, 1.28872, 0], "rotation": [0, 0, 13], "uv": [16, 61]}
					]
				},
				{
					"name": "rightItem",
					"parent": "rightArm",
					"pivot": [-6, 15, 1]
				}
			]
		}
	]
}