{
   "format_version": "1.8.0",
   "minecraft:client_entity": {
      "description": {
         "animation_controllers": [
            {
               "look_at_target": "controller.animation.humanoid.look_at_target"
            },
            {
               "move": "controller.animation.humanoid.move"
            },
            {
               "riding": "controller.animation.humanoid.riding"
            },
            {
               "holding": "controller.animation.humanoid.holding"
            },
            {
               "brandish_spear": "controller.animation.humanoid.brandish_spear"
            },
            {
               "charging": "controller.animation.humanoid.charging"
            },
            {
               "attack": "controller.animation.humanoid.attack"
            },
            {
               "sneaking": "controller.animation.humanoid.sneaking"
            },
            {
               "bob": "controller.animation.humanoid.bob"
            },
            {
               "damage_nearby_mobs": "controller.animation.humanoid.damage_nearby_mobs"
            },
            {
               "bow_and_arrow": "controller.animation.humanoid.bow_and_arrow"
            },
            {
               "swimming": "controller.animation.humanoid.swimming"
            },
            {
               "use_item_progress": "controller.animation.humanoid.use_item_progress"
            },
            {
               "skeleton_attack": "controller.animation.skeleton.attack"
            }
         ],
         "animations": {
            "attack.rotations": "animation.humanoid.attack.rotations",
            "bob": "animation.humanoid.bob",
            "bow_and_arrow": "animation.skibidi_toilet.bow_and_arrow",
            "brandish_spear": "animation.humanoid.brandish_spear",
            "charging": "animation.humanoid.charging",
            "damage_nearby_mobs": "animation.humanoid.damage_nearby_mobs",
            "holding": "animation.humanoid.holding",
            "look_at_target_default": "animation.humanoid.look_at_target.default",
            "look_at_target_gliding": "animation.humanoid.look_at_target.gliding",
            "look_at_target_swimming": "animation.humanoid.look_at_target.swimming",
            "move": "animation.humanoid.move",
            "riding.arms": "animation.humanoid.riding.arms",
            "riding.legs": "animation.humanoid.riding.legs",
            "skeleton_attack": "animation.skibidi_toilet.attack",
            "sneaking": "animation.humanoid.sneaking",
            "swimming": "animation.humanoid.swimming",
            "use_item_progress": "animation.humanoid.use_item_progress"
         },
         "enable_attachables": true,
         "geometry": {
            "default": "geometry.stmc_militant_st"
         },
         "identifier": "stmc:militant_st",
         "materials": {
            "default": "skeleton"
         },
         "render_controllers": [
            "controller.render.skeleton"
         ],
         "scripts": {
            "pre_animation": [
               "variable.tcos0 = (Math.cos(query.modified_distance_moved * 38.17) * query.modified_move_speed / variable.gliding_speed_value) * 57.3;"
            ]
         },
         "spawn_egg": {
            "texture": "stmc:militant_st",
            "texture_index": 0
         },
         "textures": {
            "default": "textures/entity/pamobile/stmc_militant_st"
         }
      }
   }
}