{
  "format_version": "1.10.0",
  "minecraft:entity": {
    "description": {
      "identifier": "minecraft:dragon_fireball",
      "is_spawnable": false,
      "is_summonable": false,
      "is_experimental": false
    },
    "component_groups": {
      "minecraft:exploding": {
        "minecraft:explode": {
          "fuseLength": 0,
          "fuseLit": true,
          "power": 5,
          "causesFire": true,
          "fireAffectedByGriefing": true,
          "destroyAffectedByGriefing": true
        }
      }
    },
    "components": {
      "minecraft:collision_box": {
        "width": 0.31,
        "height": 0.31
      },
      "minecraft:projectile": {
        "onHit": {
          "definition_event": {
            "affectProjectile": true,
            "eventTrigger": {
              "event": "minecraft:explode",
              "target": "self"
            }
          }
        },
        "power": 1,
        "gravity": 0,
        "inertia": 1,
        "anchor": 2,
        "offset": [
          0,
          0.5,
          0
        ],
        "semirandomdiffdamage": true,
        "uncertaintyBase": 10,
        "reflectOnHurt": true,
        "hitSound": "explode",
        "on_hit": {
          "definition_event": {
            "affectProjectile": true,
            "eventTrigger": {
              "event": "minecraft:explode",
              "target": "self"
            }
          }
        }
      },
      "minecraft:physics": {}
    },
    "events": {
      "minecraft:explode": {
        "add": {
          "component_groups": [
            "minecraft:exploding"
          ]
        }
      }
    }
  }
}