{
  "format_version": "1.16.0",
  "minecraft:entity": {
    "description": {
      "identifier": "good:titanweapon",
      "is_spawnable": false,
      "is_summonable": true,
      "is_experimental": false,
      "runtime_identifier": "minecraft:snowball"
    },
    "component_groups": {
      "exploding": {
        "minecraft:explode": {
          "fuseLength": 2,
          "power": 20,
          "fuseLit": true,
          "causesFire": false
        }
      }
    },
    "components": {
      "minecraft:collision_box": {
        "width": 0.25,
        "height": 0.25
      },
      "minecraft:projectile": {
        "on_hit": {
          "impact_damage": {
            "damage": 1000,
            "knockback": true,
            "semi_random_diff_damage": false,
            "destroy_on_hit": true
          },
          "mob_effect": {
            "effect": "",
            "durationeasy": 200,
            "durationnormal": 200,
            "durationhard": 200,
            "amplifier": 1
          },
          "stick_in_ground": {
            "shake_time": 0.01
          },
          "arrow_effect": {},
          "definition_event": {
            "affect_projectile": true,
            "eventTrigger": {
              "event": "on:hit",
              "target": "self"
            }
          }
        },
        "hit_sound": "bow.hit",
        "power": 40,
        "gravity": 0,
        "inertia": 1,
        "anchor": 2,
        "angle_offset": 0,
        "offset": [
          0.0,
          0.5,
          0.0
        ]
      },
      "minecraft:physics": {
        "has_collision": false,
        "has_gravity": false
      },
      "minecraft:pushable": {
        "is_pushable": true,
        "is_pushable_by_piston": true
      },
      "minecraft:conditional_bandwidth_optimization": {
        "default_values": {
          "max_optimized_distance": 100,
          "max_dropped_ticks": 7,
          "use_motion_prediction_hints": true
        }
      },
      "minecraft:explode": {
        "fuseLength": 2,
        "power": 7.5,
        "fuseLit": true,
        "causesFire": false
      }
    },
    "events": {
      "on:hit": {
        "run_command": {
          "command": []
        }
      }
    }
  }
}