{
   "format_version": "1.12",
   "minecraft:recipe_shaped": {
      "description": {
         "identifier": "dbe:goku_gt_leggings"
      },
      "tags": [
         "crafting_table"
      ],
      "pattern": [
         "BBB",
         "A A",
         "A A"
      ],
      "key": {
         "A": {
            "item": "minecraft:wool",
            "data": 1
         },
         "B": {
            "item": "minecraft:wool",
            "data": 11
         }
      },
      "result": {
         "item": "dbe:goku_gt_leggings"
      }
   }
}