{
	"format_version": "1.8.0",
	"animations": {
		"animation.blaze_titan.spawn": {
			"animation_length": 5,
			"bones": {
				"bone": {
					"position": {
						"0.0": [0, -32, 0],
						"5.0": [0, 0, 0]
					}
				},
				"head": {
					"position": [0, 0, 0]
				},
				"bone2": {
					"position": {
						"0.0": [0, 5, 0],
						"5.0": [0, 0, 0]
					}
				},
				"bone3": {
					"position": {
						"0.0": [0, 12, 0],
						"5.0": [0, 0, 0]
					}
				},
				"bone4": {
					"position": {
						"0.0": [0, 17, 0],
						"5.0": [0, 0, 0]
					}
				},
				"bone5": {
					"position": [0, 0, 0]
				}
			}
		},
		"animation.blaze_titan.general": {
			"loop": true,
			"animation_length": 10,
			"bones": {
				"bone2": {
					"rotation": {
						"0.0": [0, 0, 0],
						"10.0": [0, -360, 0]
					}
				},
				"bone3": {
					"rotation": {
						"0.0": [0, 0, 0],
						"10.0": [0, 360, 0]
					}
				},
				"bone4": {
					"rotation": {
						"0.0": [0, 0, 0],
						"10.0": [0, -360, 0]
					}
				},
				"bone6": {
					"rotation": {
						"0.0": [0, 0, 0],
						"10.0": [360, 0, 0]
					}
				},
				"bone7": {
					"rotation": {
						"0.0": [0, 0, 0],
						"10.0": [-360, 0, 0]
					}
				},
				"bone8": {
					"rotation": {
						"0.0": [720, 0, 0],
						"10.0": [0, 0, 0]
					}
				},
				"bone9": {
					"rotation": {
						"0.0": [0, 0, 0],
						"10.0": [0, 0, -720]
					}
				},
				"bone10": {
					"rotation": {
						"0.0": [0, 0, 0],
						"10.0": [0, 0, 720]
					}
				}
			}
		},
		"animation.blaze_titan.dead": {
			"animation_length": 99,
			"bones": {
				"bone": {
					"rotation": {
						"0.0": [0, 0, 0],
						"99.0": [0, 36000, 0]
					}
				},
				"head": {
					"rotation": [0, 0, 0]
				}
			}
		},
		"animation.blaze_titan.move": {
			"loop": true,
			"bones": {
				"head": {
					"position": [0, "Math.cos(query.life_time * 300) * 0.5", 0]
				},
				"bone5": {
					"rotation": [27.5, 0, 0],
					"position": [0, "Math.cos(query.life_time * 300) * -0.5", 0]
				}
			}
		}
	}
}