{
	"format_version": "1.8.0",
	"animations": {
		"animation.dragon.look_at_target": {
			"loop": true,
			"bones": {
				"Head": {
					"rotation": ["query.target_x_rotation - -this", "query.target_y_rotation - -this", 0]
				},
				"bone": {
					"scale": 0
				}
			}
		},
		"animation.dragon.blink": {
			"loop": true,
			"animation_length": 7.08,
			"bones": {
				"Jaw": {
					"rotation": {
						"2.3": [-5, 0, 0],
						"4.0": [35, 0, 0],
						"6.0333": [-5, 0, 0]
					}
				},
				"eyes": {
					"scale": {
						"0.0": [1, 1.1, 1],
						"0.6": [1, 4, 1],
						"1.1667": [1, 1.1, 1]
					}
				}
			},
			"sound_effects": {
				"4.2": {
					"effect": "say"
				}
			}
		},
		"animation.dragon.flysound": {
			"loop": true,
			"animation_length": 2.5,
			"sound_effects": {
				"1.5": {
					"effect": "fly_sound"
				}
			}
		},
		"animation.dragon.setup": {
			"loop": true,
			"bones": {
				"NeckC": {
					"rotation": ["Math.sin(query.anim_time*50) * 5+ -35", "Math.sin(query.yaw_speed) * 15", 0]
				},
				"NP2": {
					"rotation": ["Math.sin(query.anim_time*30) * 5+ -20", "Math.sin(query.yaw_speed) * 5", 0]
				},
				"NP3": {
					"rotation": ["Math.sin(query.anim_time*20) * 5+ 25", "Math.sin(query.yaw_speed) * 5", 0]
				},
				"tail": {
					"rotation": [0, "Math.cos(query.anim_time * 150) *  5.0", 0]
				},
				"tail1": {
					"rotation": [0, "Math.cos(query.anim_time * 100) *  5.0", 0]
				},
				"tail2": {
					"rotation": [0, "Math.cos(query.anim_time * 80) *  5.0", 0]
				},
				"tail3": {
					"rotation": [0, "Math.cos(query.anim_time * 60) *  5.0", 0]
				},
				"tail4": {
					"rotation": [0, "Math.cos(query.anim_time * 50) *  5.0", 0]
				},
				"tail5": {
					"rotation": [0, "Math.cos(query.anim_time * 20) *  5.0", 0]
				},
				"tail6": {
					"rotation": [0, "Math.cos(query.anim_time * 10) *  5.0", 0]
				},
				"leftwing": {
					"rotation": [0, "Math.sin(query.anim_time*50) * 5+ 40", 0]
				},
				"rightwing": {
					"rotation": [-10, "-Math.sin(query.anim_time*50) * 5+ -40", 0]
				},
				"rwp1": {
					"rotation": [10, 55, -45]
				},
				"rwp2": {
					"rotation": [-15, 30, -35]
				},
				"rwp3": {
					"rotation": [5, 10, -5]
				},
				"rwp4": {
					"rotation": [-10, -50, 65]
				},
				"rwp5": {
					"rotation": [-10, -25, 40]
				},
				"rwp6": {
					"rotation": [-5, -10, -5]
				}
			}
		},
		"animation.dragon.fly.rider": {
			"loop": true,
			"bones": {
				"frontleg": {
					"rotation": ["Math.cos(query.anim_time*200) * 5 + 20", "-Math.cos(query.anim_time*200) * 5", 0]
				},
				"frontleg2": {
					"rotation": ["-Math.sin(query.anim_time*200) * 5+ 20", "-Math.sin(query.anim_time*200) * 5", 0]
				},
				"backleg": {
					"rotation": ["Math.cos(query.anim_time*200) * 5 + 20", "-Math.cos(query.anim_time*200) * 5", 0]
				},
				"backleg2": {
					"rotation": ["-Math.sin(query.anim_time*200) * 5+ 20", "-Math.sin(query.anim_time*200) * 5", 0]
				},
				"dragon": {
					"rotation": ["Math.sin(query.anim_time*200) * 5", 0, "Math.sin(-query.yaw_speed) * 20"],
					"position": [0, "Math.sin(query.anim_time*200) * -0.3 - -0.3", 0]
				},
				"NeckC": {
					"rotation": ["Math.sin(query.anim_time*200) * 5", "Math.sin(query.yaw_speed) * 15", 0]
				},
				"NP2": {
					"rotation": ["Math.sin(query.anim_time*200) * 5", "Math.sin(query.yaw_speed) * 5", 0]
				},
				"NP3": {
					"rotation": ["Math.sin(query.anim_time*200) * 5", "Math.sin(query.yaw_speed) * 5", 0]
				},
				"rightwing": {
					"rotation": [0, -10, "-Math.cos(query.anim_time*200) * 25"]
				},
				"rwp2": {
					"rotation": [0, 0, "-Math.sin(query.anim_time*200) * 15"]
				},
				"rwp3": {
					"rotation": [0, 0, "-Math.sin(query.anim_time*200) * 10"]
				},
				"leftwing": {
					"rotation": [0, 10, "Math.cos(query.anim_time*200) * 25"]
				},
				"rwp5": {
					"rotation": [0, 0, "Math.sin(query.anim_time*200) * 15"]
				},
				"rwp6": {
					"rotation": [0, 0, "Math.sin(query.anim_time*200) * 10"]
				}
			}
		},
		"animation.dragon.fly.norider": {
			"loop": true,
			"bones": {
				"frontleg": {
					"rotation": ["Math.cos(query.anim_time*200) * 5+ 50", "-Math.cos(query.anim_time*200) * 5", 0]
				},
				"frontleg2": {
					"rotation": ["-Math.sin(query.anim_time*200) * 5+ 50", "-Math.sin(query.anim_time*200) * 5", 0]
				},
				"backleg": {
					"rotation": ["Math.cos(query.anim_time*200) * 5+ 50", "-Math.cos(query.anim_time*200) * 5", 0]
				},
				"backleg2": {
					"rotation": ["-Math.sin(query.anim_time*200) * 5+ 50", "-Math.sin(query.anim_time*200) * 5", 0]
				},
				"dragon": {
					"rotation": ["Math.sin(-query.anim_time*200) - query.target_x_rotation", "Math.sin(-query.anim_time*200) - query.target_y_rotation", "Math.sin(-query.yaw_speed) * 25"],
					"position": [0, "Math.sin(query.anim_time*200) * -0.3 - -0.3", 0]
				},
				"tail": {
					"rotation": [0, 0, 0]
				},
				"tail1": {
					"rotation": ["Math.cos(query.anim_time*200) * 5", 0, 0]
				},
				"tail2": {
					"rotation": ["Math.cos(query.anim_time*200) * 5", "Math.sin(-query.yaw_speed) * 10", 0]
				},
				"tail3": {
					"rotation": ["Math.cos(query.anim_time*200) * 5", "Math.sin(-query.yaw_speed) * 10", 0]
				},
				"tail4": {
					"rotation": ["Math.cos(query.anim_time*200) * 5", "Math.sin(-query.yaw_speed) * 10", 0]
				},
				"tail5": {
					"rotation": [0, "Math.sin(-query.yaw_speed) * 10", 0]
				},
				"tail6": {
					"rotation": [0, "Math.sin(-query.yaw_speed) * 10", 0]
				},
				"NeckC": {
					"rotation": ["Math.sin(query.yaw_speed) * 15", "Math.sin(query.yaw_speed) * 15", 0]
				},
				"NP2": {
					"rotation": ["Math.sin(query.yaw_speed) * 15", "Math.sin(query.yaw_speed) * 5", 0]
				},
				"NP3": {
					"rotation": ["Math.sin(query.yaw_speed) * 15", "Math.sin(query.yaw_speed) * 5", 0]
				},
				"rightwing": {
					"rotation": [0, 0, "-Math.cos(query.anim_time*200) * 55"]
				},
				"rwp2": {
					"rotation": [0, 0, "-Math.sin(query.anim_time*200) * 65"]
				},
				"rwp3": {
					"rotation": [0, 0, "-Math.sin(query.anim_time*200) * 20"]
				},
				"leftwing": {
					"rotation": [0, 0, "Math.cos(query.anim_time*200) * 55"]
				},
				"rwp5": {
					"rotation": [0, 0, "Math.sin(query.anim_time*200) * 65"]
				},
				"rwp6": {
					"rotation": [0, 0, "Math.sin(query.anim_time*200) * 20"]
				},
				"bone": {
					"scale": 0
				}
			}
		},
		"animation.dragon_four.walking": {
			"loop": true,
			"anim_time_update": "query.modified_distance_moved",
			"bones": {
				"NeckC": {
					"rotation": ["Math.sin(query.anim_time*10) * 5", "Math.sin(query.yaw_speed) * 15", 0]
				},
				"NP2": {
					"rotation": ["Math.sin(query.anim_time*10) * 5", "Math.sin(query.yaw_speed) * 5", 0]
				},
				"NP3": {
					"rotation": ["Math.sin(query.anim_time*10) * 5", "Math.sin(query.yaw_speed) * 5", 0]
				},
				"frontleg2": {
					"rotation": ["Math.cos(query.anim_time * 38.17) *  30.0", 0, 0]
				},
				"frontleg": {
					"rotation": ["Math.cos(query.anim_time * 38.17) * -30.0", 0, 0]
				},
				"backleg2": {
					"rotation": ["Math.cos(query.anim_time * 38.17) * -30.0", 0, 0]
				},
				"backleg": {
					"rotation": ["Math.cos(query.anim_time * 38.17) *  30.0", 0, 0]
				},
				"LP3": {
					"rotation": ["Math.abs(Math.cos(query.anim_time * 38.17) *  20.0)", 0, 0]
				},
				"LP17": {
					"rotation": ["Math.abs(Math.cos(query.anim_time * 38.17) * -20.0)", 0, 0]
				},
				"LP6": {
					"rotation": ["Math.abs(Math.cos(query.anim_time * 38.17) * -35.0)", 0, 0]
				},
				"LP14": {
					"rotation": ["Math.abs(Math.cos(query.anim_time * 38.17) *  35.0)", 0, 0]
				},
				"tail": {
					"rotation": [0, 0, 0]
				},
				"tail1": {
					"rotation": [0, 0, 0]
				},
				"tail2": {
					"rotation": [0, "Math.cos(query.anim_time * 10.17) *  5.0", 0]
				},
				"tail3": {
					"rotation": [0, "Math.cos(query.anim_time * 10.17) *  5.0", 0]
				},
				"tail4": {
					"rotation": [0, "Math.cos(query.anim_time * 10.17) *  5.0", 0]
				},
				"tail5": {
					"rotation": [0, "Math.cos(query.anim_time * 10.17) *  5.0", 0]
				},
				"tail6": {
					"rotation": [0, "Math.cos(query.anim_time * 10.17) *  5.0", 0]
				},
				"leftwing": {
					"rotation": [0, 40, 0]
				},
				"rightwing": {
					"rotation": [-10, -30, 0]
				},
				"rwp1": {
					"rotation": [10, 55, -45]
				},
				"rwp2": {
					"rotation": [-15, 30, -35]
				},
				"rwp3": {
					"rotation": [5, 10, -5]
				},
				"rwp4": {
					"rotation": [-10, -50, 65]
				},
				"rwp5": {
					"rotation": [-10, -25, 40]
				},
				"rwp6": {
					"rotation": [-5, -10, -5]
				}
			}
		},
		"animation.dragon.fly.norider2": {
			"loop": "hold_on_last_frame",
			"animation_length": 10,
			"bones": {
				"frontleg": {
					"rotation": ["Math.cos(query.anim_time*200) * 5+ 50", "-Math.cos(query.anim_time*200) * 5", 0]
				},
				"frontleg2": {
					"rotation": ["-Math.sin(query.anim_time*200) * 5+ 50", "-Math.sin(query.anim_time*200) * 5", 0]
				},
				"backleg": {
					"rotation": ["Math.cos(query.anim_time*200) * 5+ 50", "-Math.cos(query.anim_time*200) * 5", 0]
				},
				"backleg2": {
					"rotation": ["-Math.sin(query.anim_time*200) * 5+ 50", "-Math.sin(query.anim_time*200) * 5", 0]
				},
				"dragon": {
					"rotation": ["Math.sin(-query.anim_time*200) - query.target_x_rotation", "Math.sin(-query.anim_time*200) - query.target_y_rotation", "Math.sin(-query.yaw_speed) * 25"],
					"position": [0, "Math.sin(query.anim_time*200) * -0.3 - -0.3", 0],
					"scale": {
						"0.0": [1, 1, 1],
						"10.0": [0, 0, 0]
					}
				},
				"tail": {
					"rotation": [0, 0, 0]
				},
				"tail1": {
					"rotation": ["Math.cos(query.anim_time*200) * 5", 0, 0]
				},
				"tail2": {
					"rotation": ["Math.cos(query.anim_time*200) * 5", "Math.sin(-query.yaw_speed) * 10", 0]
				},
				"tail3": {
					"rotation": ["Math.cos(query.anim_time*200) * 5", "Math.sin(-query.yaw_speed) * 10", 0]
				},
				"tail4": {
					"rotation": ["Math.cos(query.anim_time*200) * 5", "Math.sin(-query.yaw_speed) * 10", 0]
				},
				"tail5": {
					"rotation": [0, "Math.sin(-query.yaw_speed) * 10", 0]
				},
				"tail6": {
					"rotation": [0, "Math.sin(-query.yaw_speed) * 10", 0]
				},
				"NeckC": {
					"rotation": ["Math.sin(query.yaw_speed) * 15", "Math.sin(query.yaw_speed) * 15", 0]
				},
				"NP2": {
					"rotation": ["Math.sin(query.yaw_speed) * 15", "Math.sin(query.yaw_speed) * 5", 0]
				},
				"NP3": {
					"rotation": ["Math.sin(query.yaw_speed) * 15", "Math.sin(query.yaw_speed) * 5", 0]
				},
				"rightwing": {
					"rotation": [0, 0, "-Math.cos(query.anim_time*200) * 55"]
				},
				"rwp2": {
					"rotation": [0, 0, "-Math.sin(query.anim_time*200) * 65"]
				},
				"rwp3": {
					"rotation": [0, 0, "-Math.sin(query.anim_time*200) * 20"]
				},
				"leftwing": {
					"rotation": [0, 0, "Math.cos(query.anim_time*200) * 55"]
				},
				"rwp5": {
					"rotation": [0, 0, "Math.sin(query.anim_time*200) * 65"]
				},
				"rwp6": {
					"rotation": [0, 0, "Math.sin(query.anim_time*200) * 20"]
				},
				"bone": {
					"rotation": {
						"0.0": [0, 0, 0],
						"10.0": [0, -180, 180]
					},
					"scale": {
						"0.0": [0, 0, 0],
						"6.36": [1, 1, 1],
						"8.72": [1, 1, 1],
						"10.0": [0, 0, 0]
					}
				}
			}
		}
	}
}