{
	"format_version": "1.8.0",
	"animations": {
		"animation.enderman_titan.move": {
			"loop": true,
			"bones": {
				"leftArm": {
					"rotation": ["Math.cos(query.life_time * 300) * -50", 0, -20]
				},
				"rightArm": {
					"rotation": ["Math.cos(query.life_time * 300) * 50", 0, 20]
				},
				"leftLeg": {
					"rotation": ["Math.cos(query.life_time * 300) * 57.5", 0, "Math.cos(query.life_time * 300) * -20"]
				},
				"leftLeg1": {
					"rotation": ["50+Math.cos(query.life_time * -300+(-150)) * -50", 0, 0]
				},
				"rightLeg": {
					"rotation": ["Math.cos(query.life_time * 300) * -57.5", 0, "Math.cos(query.life_time * 300) * -20"]
				},
				"rightLeg1": {
					"rotation": ["50+Math.cos(query.life_time * -300+(-150)) * 50", 0, 0]
				},
				"body1": {
					"rotation": [0, 0, "Math.cos(query.life_time * 300) * 20"],
					"position": [0, -2, 0]
				},
				"body2": {
					"rotation": [0, 0, "Math.cos(query.life_time * 300+(-100)) * 20"]
				},
				"body3": {
					"rotation": [0, 0, "Math.cos(query.life_time * 300+(-200)) * 20"]
				},
				"head": {
					"rotation": [0, 0, "Math.cos(query.life_time * 300+(-300)) * -20"]
				},
				"rightArm1": {
					"rotation": ["-50+Math.cos(query.life_time * -300+(-150)) * -50", 0, 0]
				},
				"leftArm1": {
					"rotation": ["-50+Math.cos(query.life_time * -300+(-150)) * 50", 0, 0]
				}
			}
		}
	}
}