{
	"format_version": "1.8.0",
	"animations": {
		"animation.enderman_titan.dead": {
			"animation_length": 20,
			"bones": {
				"ALL": {
					"rotation": {
						"0.0": {
							"post": [0, 0, 0],
							"lerp_mode": "catmullrom"
						}
					},
					"position": {
						"0.0": {
							"post": [0, 0, 0],
							"lerp_mode": "catmullrom"
						}
					}
				},
				"body1": {
					"rotation": {
						"0.0": {
							"post": [0, 0, 0],
							"lerp_mode": "catmullrom"
						},
						"1.32": {
							"post": [2.5, 0, 0],
							"lerp_mode": "catmullrom"
						},
						"2.6": {
							"post": [-30, 0, 0],
							"lerp_mode": "catmullrom"
						},
						"5.2": [-100, 0, 0]
					},
					"position": {
						"0.0": {
							"post": [0, 0, 0],
							"lerp_mode": "catmullrom"
						},
						"1.32": {
							"post": [0, -4, 1],
							"lerp_mode": "catmullrom"
						},
						"2.6": {
							"post": [0, -5, 19],
							"lerp_mode": "catmullrom"
						},
						"5.2": [0, -28, 36]
					}
				},
				"body2": {
					"rotation": {
						"0.0": {
							"post": [0, 0, 0],
							"lerp_mode": "catmullrom"
						},
						"1.32": {
							"post": [52.5, 0, 0],
							"lerp_mode": "catmullrom"
						},
						"2.6": {
							"post": [-32.5, 0, 0],
							"lerp_mode": "catmullrom"
						},
						"5.2": {
							"post": [25, 0, 0],
							"lerp_mode": "catmullrom"
						},
						"6.76": [0, -15, 0]
					}
				},
				"body3": {
					"rotation": {
						"0.0": {
							"post": [0, 0, 0],
							"lerp_mode": "catmullrom"
						},
						"1.32": {
							"post": [20, 0, 0],
							"lerp_mode": "catmullrom"
						},
						"2.6": {
							"post": [-17.5, 0, 0],
							"lerp_mode": "catmullrom"
						},
						"5.2": {
							"post": [40, 0, 0],
							"lerp_mode": "catmullrom"
						},
						"6.76": [0, -12.5, 0]
					}
				},
				"head": {
					"rotation": {
						"0.0": {
							"post": [0, 0, 0],
							"lerp_mode": "catmullrom"
						},
						"1.32": {
							"post": [32.5, 0, 0],
							"lerp_mode": "catmullrom"
						},
						"2.6": {
							"post": [-20, 0, 0],
							"lerp_mode": "catmullrom"
						},
						"5.2": {
							"post": [-12.5, 0, 0],
							"lerp_mode": "catmullrom"
						},
						"6.76": [5, -15, 0]
					}
				},
				"leftArm": {
					"rotation": {
						"0.0": {
							"post": [0, 0, 0],
							"lerp_mode": "catmullrom"
						},
						"1.32": {
							"post": [-105, 12.5, 0],
							"lerp_mode": "catmullrom"
						},
						"2.6": {
							"post": [-65, -65, 40],
							"lerp_mode": "catmullrom"
						},
						"5.2": {
							"post": [-112.5, -45, 7.5],
							"lerp_mode": "catmullrom"
						},
						"6.76": [-112.5, -60, 7.5]
					}
				},
				"leftArm1": {
					"rotation": {
						"0.0": {
							"post": [0, 0, 0],
							"lerp_mode": "catmullrom"
						},
						"1.32": {
							"post": [0, 0, 92.5],
							"lerp_mode": "catmullrom"
						},
						"5.2": {
							"post": [0, 0, 60],
							"lerp_mode": "catmullrom"
						},
						"6.76": [0, 0, 2.5]
					}
				},
				"rightArm": {
					"rotation": {
						"0.0": {
							"post": [0, 0, 0],
							"lerp_mode": "catmullrom"
						},
						"1.32": {
							"post": [-115, -7.5, 0],
							"lerp_mode": "catmullrom"
						},
						"2.6": {
							"post": [-60, 52.5, -25],
							"lerp_mode": "catmullrom"
						},
						"5.2": {
							"post": [-112.5, 45, 7.5],
							"lerp_mode": "catmullrom"
						},
						"6.76": [-112.5, 135, 7.5]
					}
				},
				"rightArm1": {
					"rotation": {
						"0.0": {
							"post": [0, 0, 0],
							"lerp_mode": "catmullrom"
						},
						"1.32": {
							"post": [0, 0, -97.5],
							"lerp_mode": "catmullrom"
						},
						"2.6": {
							"post": [0, 0, -90],
							"lerp_mode": "catmullrom"
						},
						"5.2": {
							"post": [0, 0, -60],
							"lerp_mode": "catmullrom"
						},
						"6.76": [0, 0, -22.5]
					}
				},
				"leftLeg": {
					"rotation": {
						"0.0": {
							"post": [0, 0, 0],
							"lerp_mode": "catmullrom"
						},
						"1.32": {
							"post": [-30, 0, 0],
							"lerp_mode": "catmullrom"
						},
						"2.6": {
							"post": [42.5, 0, 0],
							"lerp_mode": "catmullrom"
						},
						"5.2": {
							"post": [-27.5, 0, -25],
							"lerp_mode": "catmullrom"
						},
						"6.76": [12.5, 0, -25]
					}
				},
				"leftLeg1": {
					"rotation": {
						"0.0": {
							"post": [0, 0, 0],
							"lerp_mode": "catmullrom"
						},
						"1.32": {
							"post": [47.5, 0, 0],
							"lerp_mode": "catmullrom"
						},
						"2.6": {
							"post": [35, 0, 0],
							"lerp_mode": "catmullrom"
						},
						"5.2": {
							"post": [20, 0, 0],
							"lerp_mode": "catmullrom"
						},
						"6.76": [-5, 0, 0]
					}
				},
				"rightLeg": {
					"rotation": {
						"0.0": {
							"post": [0, 0, 0],
							"lerp_mode": "catmullrom"
						},
						"1.32": {
							"post": [20, 0, 0],
							"lerp_mode": "catmullrom"
						},
						"2.6": {
							"post": [-10, 0, 0],
							"lerp_mode": "catmullrom"
						},
						"5.2": {
							"post": [-27.5, 0, 25],
							"lerp_mode": "catmullrom"
						},
						"6.76": [-22.5, 0, 25]
					}
				},
				"rightLeg1": {
					"rotation": {
						"0.0": {
							"post": [0, 0, 0],
							"lerp_mode": "catmullrom"
						},
						"1.32": {
							"post": [10, 0, 0],
							"lerp_mode": "catmullrom"
						},
						"2.6": {
							"post": [47.5, 0, 0],
							"lerp_mode": "catmullrom"
						},
						"5.2": {
							"post": [20, 0, 0],
							"lerp_mode": "catmullrom"
						},
						"6.76": [85, 0, 0]
					},
					"position": {
						"0.0": {
							"post": [0, 0, 0],
							"lerp_mode": "catmullrom"
						}
					}
				},
				"head1": {
					"rotation": {
						"0.0": {
							"post": [0, 0, 0],
							"lerp_mode": "catmullrom"
						},
						"6.76": [0, 2.5, 0]
					},
					"position": {
						"0.0": {
							"post": [0, 0, 0],
							"lerp_mode": "catmullrom"
						},
						"1.32": {
							"post": [0, 2, 0],
							"lerp_mode": "catmullrom"
						},
						"2.6": {
							"post": [0, 4, 0],
							"lerp_mode": "catmullrom"
						},
						"5.2": [0, 6, 0]
					}
				},
				"crystal": {
					"scale": 0
				},
				"crystal2": {
					"scale": 0
				},
				"crystal3": {
					"scale": 0
				},
				"crystal4": {
					"scale": 0
				},
				"crystal5": {
					"scale": 0
				},
				"crystal6": {
					"scale": 0
				},
				"crystal7": {
					"scale": 0
				},
				"crystal8": {
					"scale": 0
				},
				"crystal9": {
					"scale": 0
				},
				"beam": {
					"scale": 0
				},
				"beam2": {
					"scale": 0
				},
				"beam3": {
					"scale": 0
				},
				"beam4": {
					"scale": 0
				},
				"beam5": {
					"scale": 0
				},
				"beam6": {
					"scale": 0
				},
				"beam7": {
					"scale": 0
				},
				"beam8": {
					"scale": 0
				},
				"beam9": {
					"scale": 0
				}
			}
		}
	}
}