{
	"format_version": "1.8.0",
	"animations": {
		"animation.enderman_titan.summon2": {
			"animation_length": 3.52,
			"bones": {
				"ALL": {
					"position": {
						"0.52": [0, 0, 0],
						"1.04": [0, -13, 0],
						"2.48": [0, -13, 0],
						"3.52": [0, 0, 0]
					}
				},
				"body1": {
					"rotation": {
						"0.0": [0, 0, 0],
						"0.52": [-5, -5, 0],
						"1.04": [10, 10, 0],
						"2.48": [10, 10, 0],
						"3.0": [0, 0, 0]
					}
				},
				"body2": {
					"rotation": {
						"0.0": [0, 0, 0],
						"0.52": [-10, -15, 0],
						"1.04": [25, 10, 0],
						"2.48": [25, 10, 0],
						"3.0": [-22.96, 4.82, 0],
						"3.48": [0, 0, 0]
					}
				},
				"body3": {
					"rotation": {
						"0.0": [0, 0, 0],
						"0.52": [-15, -20, 0],
						"1.04": [35, 5, 0],
						"2.48": [35, 5, 0],
						"3.0": [-18.14, 2.41, 0],
						"3.48": [0, 0, 0]
					}
				},
				"leftArm": {
					"rotation": {
						"0.0": [0, 0, 0],
						"0.52": [45, 0, -120],
						"1.04": [-40, 0, -75],
						"2.48": [-40, 0, -75],
						"3.0": [0, 0, 0]
					}
				},
				"leftArm1": {
					"rotation": {
						"0.0": [0, 0, 0],
						"0.52": [-60, 0, 0],
						"1.04": [-25, 0, 0],
						"2.48": [-25, 0, 0],
						"3.48": [0, 0, 0]
					}
				},
				"rightArm": {
					"rotation": {
						"0.0": [0, 0, 0],
						"0.52": [0, 0, 15],
						"2.48": [0, 0, 15],
						"3.0": [0, 0, 0]
					}
				},
				"rightArm1": {
					"rotation": {
						"0.48": [0, 0, 0],
						"1.04": [-65, 0, 0],
						"2.48": [-65, 0, 0],
						"3.52": [0, 0, 0]
					}
				},
				"leftLeg": {
					"rotation": {
						"0.52": [0, 0, 0],
						"1.04": [-70, 0, 0],
						"2.48": [-70, 0, 0],
						"3.52": [0, 0, 0]
					}
				},
				"leftLeg1": {
					"rotation": {
						"0.52": [0, 0, 0],
						"1.04": [85, 0, 0],
						"2.48": [85, 0, 0],
						"3.52": [0, 0, 0]
					}
				},
				"rightLeg1": {
					"rotation": {
						"0.0": [0, 0, 0],
						"0.48": [9.84, 0, 0],
						"1.04": [75, 0, 0],
						"2.48": [75, 0, 0],
						"3.52": [0, 0, 0]
					}
				},
				"head1": {
					"position": {
						"0.0": [0, 0, 0],
						"1.04": [0, 5, 0],
						"2.48": [0, 6, 0],
						"3.48": [0, 0, 0]
					}
				},
				"head": {
					"rotation": {
						"0.0": [0, 0, 0],
						"0.52": [-80, 0, 0],
						"1.04": [12.5, 0, 0],
						"2.48": [12.5, 0, 0],
						"3.0": [-52.5, 0, 0],
						"3.52": [0, 0, 0]
					}
				}
			}
		}
	}
}