{
	"format_version": "1.8.0",
	"animations": {
		"animation.enderdragon_minion.move": {
			"loop": true,
			"bones": {
				"head": {
					"position": [0, "Math.cos(query.life_time * 150) *5", 0]
				},
				"jaw": {
					"rotation": ["10+Math.cos(query.life_time * 150) *10", 0, 0]
				},
				"wing": {
					"rotation": [0, 0, "Math.cos(query.life_time * 150) *-30"]
				},
				"wingtip": {
					"rotation": [0, 0, "Math.cos(query.life_time * 150) *-45"],
					"position": ["-8+Math.cos(query.life_time * 150) *1", "Math.cos(query.life_time * 150) *28", 0]
				},
				"wing1": {
					"rotation": [0, 0, "Math.cos(query.life_time * 150)*30"]
				},
				"wingtip1": {
					"rotation": [0, 0, "Math.cos(query.life_time * 150)*50"],
					"position": ["9+Math.cos(query.life_time * 150) *1", "Math.cos(query.life_time * 150) *28", 0]
				},
				"neck2": {
					"position": [0, "Math.cos(query.life_time * 150) *1", 0]
				},
				"neck3": {
					"position": [0, "Math.cos(query.life_time * 150) *2", 0]
				},
				"neck4": {
					"position": [0, "Math.cos(query.life_time * 150) *3", 0]
				},
				"neck5": {
					"position": [0, "Math.cos(query.life_time * 150) *4", 0]
				},
				"tail2": {
					"position": ["Math.cos(query.life_time * 150) *2", 0, 0]
				},
				"tail3": {
					"position": ["Math.cos(query.life_time * 150) *4", 0, 0]
				},
				"tail4": {
					"position": ["Math.cos(query.life_time * 150) *6", 0, 0]
				},
				"tail5": {
					"position": ["Math.cos(query.life_time * 150) *8", 0, 0]
				},
				"tail6": {
					"position": ["Math.cos(query.life_time * 150) *10", 0, 0]
				},
				"tail7": {
					"position": ["Math.cos(query.life_time * 150) *12", 0, 0]
				},
				"tail8": {
					"position": ["Math.cos(query.life_time * 150) *14", 0, 0]
				},
				"tail9": {
					"position": ["Math.cos(query.life_time * 150) *16", 0, 0]
				},
				"dragon": {
					"position": [0, "Math.cos(query.life_time * 150) *-3", 0]
				}
			}
		},
		"animation.enderdragon_minion.scale": {
			"loop": true
		}
	}
}