{
	"format_version": "1.8.0",
	"animations": {
		"animation.enderman_titan.swipe": {
			"animation_length": 4,
			"bones": {
				"body1": {
					"rotation": {
						"0.0": {
							"post": [0, 0, 0],
							"lerp_mode": "catmullrom"
						},
						"4.0": [0, 0, 0]
					},
					"position": {
						"0.0": {
							"post": [0, 0, 0],
							"lerp_mode": "catmullrom"
						},
						"0.8": {
							"post": [0, -7, -4],
							"lerp_mode": "catmullrom"
						},
						"1.56": {
							"post": [0, -13.5, 0],
							"lerp_mode": "catmullrom"
						},
						"2.36": {
							"post": [0, -15.5, 0],
							"lerp_mode": "catmullrom"
						},
						"4.0": [0, 0, 0]
					}
				},
				"body2": {
					"rotation": {
						"0.0": {
							"post": [0, 0, 0],
							"lerp_mode": "catmullrom"
						},
						"0.8": {
							"post": [25, 0, 0],
							"lerp_mode": "catmullrom"
						},
						"1.56": {
							"post": [25, 37.5, 0],
							"lerp_mode": "catmullrom"
						},
						"2.36": {
							"post": [50, -37.5, 0],
							"lerp_mode": "catmullrom"
						},
						"4.0": [0, 0, 0]
					}
				},
				"body3": {
					"rotation": {
						"0.0": {
							"post": [0, 0, 0],
							"lerp_mode": "catmullrom"
						},
						"0.8": {
							"post": [25, 0, 0],
							"lerp_mode": "catmullrom"
						},
						"1.56": {
							"post": [25, 20, 0],
							"lerp_mode": "catmullrom"
						},
						"2.36": {
							"post": [42.5, -20, 0],
							"lerp_mode": "catmullrom"
						},
						"4.0": [0, 0, 0]
					}
				},
				"leftArm": {
					"rotation": {
						"0.0": {
							"post": [0, 0, 0],
							"lerp_mode": "catmullrom"
						},
						"0.8": {
							"post": [-25, 0, 0],
							"lerp_mode": "catmullrom"
						},
						"1.56": {
							"post": [-25, -55, 0],
							"lerp_mode": "catmullrom"
						},
						"2.36": {
							"post": [-25, -55, 0],
							"lerp_mode": "catmullrom"
						},
						"4.0": [0, 0, 0]
					}
				},
				"leftArm1": {
					"rotation": {
						"0.0": {
							"post": [0, 0, 0],
							"lerp_mode": "catmullrom"
						},
						"0.8": {
							"post": [-20, 0, 0],
							"lerp_mode": "catmullrom"
						},
						"1.56": {
							"post": [-20, 0, 0],
							"lerp_mode": "catmullrom"
						},
						"2.36": {
							"post": [-20, 0, 0],
							"lerp_mode": "catmullrom"
						},
						"4.0": [0, 0, 0]
					}
				},
				"rightArm": {
					"rotation": {
						"0.0": {
							"post": [0, 0, 0],
							"lerp_mode": "catmullrom"
						},
						"0.8": {
							"post": [12.5, 0, 75],
							"lerp_mode": "catmullrom"
						},
						"1.56": {
							"post": [22.5, 0, 75],
							"lerp_mode": "catmullrom"
						},
						"1.96": {
							"post": [-39.58004, 22.12992, 74.21865],
							"lerp_mode": "catmullrom"
						},
						"2.36": {
							"post": [-110, 17.5, 42.5],
							"lerp_mode": "catmullrom"
						},
						"4.0": [0, 0, 0]
					}
				},
				"rightArm1": {
					"rotation": {
						"0.0": {
							"post": [0, 0, 0],
							"lerp_mode": "catmullrom"
						},
						"0.8": {
							"post": [15, 0, 0],
							"lerp_mode": "catmullrom"
						},
						"1.56": {
							"post": [22.5, 0, 0],
							"lerp_mode": "catmullrom"
						},
						"2.36": {
							"post": [-22.5, 0, 0],
							"lerp_mode": "catmullrom"
						},
						"4.0": [0, 0, 0]
					}
				},
				"head1": {
					"position": {
						"0.0": {
							"post": [0, 0, 0],
							"lerp_mode": "catmullrom"
						},
						"1.56": {
							"post": [0, 2, 0],
							"lerp_mode": "catmullrom"
						},
						"2.0": {
							"post": [0, 6, 0],
							"lerp_mode": "catmullrom"
						},
						"4.0": [0, 0, 0]
					}
				},
				"head": {
					"rotation": {
						"0.0": {
							"post": [0, 0, 0],
							"lerp_mode": "catmullrom"
						},
						"0.8": {
							"post": [20, 0, 0],
							"lerp_mode": "catmullrom"
						},
						"1.56": {
							"post": [20, 15, 0],
							"lerp_mode": "catmullrom"
						},
						"2.36": {
							"post": [-5, 22.5, 0],
							"lerp_mode": "catmullrom"
						},
						"4.0": [0, 0, 0]
					}
				},
				"rightLeg": {
					"rotation": {
						"0.0": {
							"post": [0, 0, 0],
							"lerp_mode": "catmullrom"
						},
						"0.8": {
							"post": [-42.5, 0, 0],
							"lerp_mode": "catmullrom"
						},
						"1.56": {
							"post": [-72.5, 0, 0],
							"lerp_mode": "catmullrom"
						},
						"2.36": {
							"post": [-87.5, 0, 0],
							"lerp_mode": "catmullrom"
						},
						"4.0": [0, 0, 0]
					}
				},
				"rightLeg1": {
					"rotation": {
						"0.0": {
							"post": [0, 0, 0],
							"lerp_mode": "catmullrom"
						},
						"0.8": {
							"post": [55, 0, 0],
							"lerp_mode": "catmullrom"
						},
						"1.56": {
							"post": [80, 0, 0],
							"lerp_mode": "catmullrom"
						},
						"2.36": {
							"post": [85, 0, 0],
							"lerp_mode": "catmullrom"
						},
						"4.0": [0, 0, 0]
					}
				},
				"leftLeg": {
					"rotation": {
						"0.0": {
							"post": [0, 0, 0],
							"lerp_mode": "catmullrom"
						},
						"0.8": {
							"post": [-22.5, 0, 0],
							"lerp_mode": "catmullrom"
						},
						"1.56": {
							"post": [-47.5, 0, 0],
							"lerp_mode": "catmullrom"
						},
						"2.36": {
							"post": [-55, 0, 0],
							"lerp_mode": "catmullrom"
						},
						"4.0": [0, 0, 0]
					}
				},
				"leftLeg1": {
					"rotation": {
						"0.0": {
							"post": [0, 0, 0],
							"lerp_mode": "catmullrom"
						},
						"0.8": {
							"post": [67.5, 0, 0],
							"lerp_mode": "catmullrom"
						},
						"1.56": {
							"post": [107.5, 0, 0],
							"lerp_mode": "catmullrom"
						},
						"2.36": {
							"post": [117.5, 0, 0],
							"lerp_mode": "catmullrom"
						},
						"4.0": [0, 0, 0]
					}
				}
			}
		},
		"animation.enderman_titan.roar": {
			"animation_length": 2.3,
			"bones": {
				"head1": {
					"position": {
						"0.0": [0, 7, 0],
						"2.3": [0, 7, 0]
					}
				}
			}
		}
	}
}