{
	"format_version": "1.8.0",
	"animations": {
		"animation.s_titan.summon4": {
			"animation_length": 10,
			"bones": {
				"bone": {
					"rotation": {
						"0.0": [0, 0, 0],
						"0.76": [0, 0, 0],
						"2.08": [0, 0, 17.5],
						"3.4": [0, 0, -17.5],
						"4.16": [0, 0, -17.5],
						"5.52": [0, 0, -17.5],
						"6.76": [0, 0, 17.5],
						"7.76": [0, 0, 17.5],
						"9.36": [0, 0, 0]
					},
					"position": {
						"0.0": [0, 0, 0],
						"0.76": [0, 0, 0],
						"2.08": [0, 0.5, 0],
						"3.4": [0, -0.5, 0],
						"4.16": [0, -0.5, 0],
						"5.52": [0, 0.5, 0],
						"6.76": [0, -0.5, 0],
						"7.76": [0, -0.5, 0],
						"9.36": [0, 0, 0]
					}
				},
				"bone2": {
					"rotation": {
						"0.0": [0, 0, 0],
						"0.76": [25, 0, 0],
						"2.08": [-22.5, 0, 0],
						"3.4": [20, 10, 0],
						"4.16": [22.5, 10, 0],
						"5.52": [-22.5, -10, 0],
						"6.76": [22.5, -10, 0],
						"7.76": [25, -10, 0],
						"9.36": [0, 0, 0]
					}
				},
				"bone3": {
					"rotation": {
						"0.0": [0, 0, 0],
						"0.76": [27.5, 0, 0],
						"2.08": [-17.5, 0, 0],
						"3.4": [12.5, 10, 0],
						"4.16": [15, 10, 0],
						"5.52": [-15, -10, 0],
						"6.76": [15, -10, 0],
						"7.76": [17.5, -10, 0],
						"9.36": [0, 0, 0]
					}
				},
				"head": {
					"rotation": {
						"0.0": [0, 0, 0],
						"0.76": [-55, 0, 0],
						"2.08": [-27.5, 0, 0],
						"3.4": [15, 0, 0],
						"4.16": [17.5, 0, 0],
						"5.52": [-17.5, 0, 0],
						"6.76": [17.5, 0, 0],
						"7.76": [20, 0, 0],
						"9.36": [0, 0, 0]
					}
				},
				"bone8": {
					"rotation": {
						"0.0": [0, 0, 0],
						"0.76": [-60, -42.5, 0],
						"7.76": [-60, -42.5, 0],
						"9.36": [0, 0, 0]
					}
				},
				"bone9": {
					"rotation": {
						"0.0": [0, 0, 0],
						"0.76": [-32.5, 0, 0],
						"3.4": [-32.5, 0, 0],
						"4.16": [-32.5, 0, 0],
						"7.76": [-32.5, 0, 0],
						"9.36": [0, 0, 0]
					}
				},
				"bone10": {
					"rotation": {
						"0.0": [0, 0, 0],
						"0.76": [-60, 42.5, 0],
						"3.4": [-60, 42.5, 0],
						"7.76": [-60, 42.5, 0],
						"9.36": [0, 0, 0]
					}
				},
				"bone11": {
					"rotation": {
						"0.0": [0, 0, 0],
						"0.76": [-32.5, 0, 0],
						"3.4": [-32.5, 0, 0],
						"4.16": [-32.5, 0, 0],
						"7.76": [-32.5, 0, 0],
						"9.36": [0, 0, 0]
					}
				},
				"bone4": {
					"rotation": {
						"0.0": [0, 0, 0],
						"0.76": [0, 0, 0],
						"2.08": [-102.5, 30, 0],
						"3.4": [-22.5, 30, 30],
						"4.16": [-22.5, 30, 30],
						"5.52": [0, 30, 17.5],
						"6.76": [0, 30, -17.5],
						"7.76": [0, 30, -17.5],
						"9.36": [0, 0, 0]
					}
				},
				"bone5": {
					"rotation": {
						"0.0": [0, 0, 0],
						"0.76": [0, 0, 0],
						"2.08": [112.5, 0, 0],
						"3.4": [37.5, 0, 0],
						"4.16": [37.5, 0, 0],
						"5.52": [0, 0, 0],
						"7.76": [0, 0, 0],
						"9.36": [0, 0, 0]
					}
				},
				"bone6": {
					"rotation": {
						"0.0": [0, 0, 0],
						"0.76": [0, 0, 0],
						"2.08": [0, -30, -17.5],
						"3.4": [0, -30, 17.5],
						"4.16": [0, -30, 17.5],
						"5.52": [-102.5, -30, 0],
						"6.76": [-32.5, -30, -17.5],
						"7.76": [-32.5, -30, -17.5],
						"9.36": [0, 0, 0]
					}
				},
				"bone7": {
					"rotation": {
						"0.0": [0, 0, 0],
						"0.76": [0, 0, 0],
						"3.4": [0, 0, 0],
						"4.16": [0, 0, 0],
						"5.52": [112.5, 0, 0],
						"6.76": [37.5, 0, 0],
						"7.76": [37.5, 0, 0],
						"9.36": [0, 0, 0]
					}
				}
			}
		}
	}
}