{
	"format_version": "1.8.0",
	"animations": {
		"animation.skeleton_titan.attack3": {
			"animation_length": 2,
			"bones": {
				"bone": {
					"rotation": {
						"0.0": {
							"post": [0, 0, 0],
							"lerp_mode": "catmullrom"
						},
						"1.56": [0, 0, 0]
					},
					"position": {
						"0.0": {
							"post": [0, 0, 0],
							"lerp_mode": "catmullrom"
						},
						"0.52": {
							"post": [0, -1, 3],
							"lerp_mode": "catmullrom"
						},
						"1.04": {
							"post": [0, -1, -3],
							"lerp_mode": "catmullrom"
						},
						"1.56": [0, 0, 0]
					}
				},
				"bone2": {
					"rotation": {
						"0.0": {
							"post": [0, 0, 0],
							"lerp_mode": "catmullrom"
						},
						"0.52": {
							"post": [-35, 27.5, 0],
							"lerp_mode": "catmullrom"
						},
						"1.04": {
							"post": [0, -52.5, 0],
							"lerp_mode": "catmullrom"
						},
						"1.56": [0, 0, 0]
					}
				},
				"bone3": {
					"rotation": {
						"0.0": {
							"post": [0, 0, 0],
							"lerp_mode": "catmullrom"
						},
						"0.52": {
							"post": [-32.5, 25, 0],
							"lerp_mode": "catmullrom"
						},
						"1.04": {
							"post": [0, -37.5, 0],
							"lerp_mode": "catmullrom"
						},
						"1.56": [0, 0, 0]
					}
				},
				"bone8": {
					"rotation": {
						"0.0": {
							"post": [0, 0, 0],
							"lerp_mode": "catmullrom"
						},
						"0.52": {
							"post": [-67.5, 20, 0],
							"lerp_mode": "catmullrom"
						},
						"1.04": {
							"post": [-82.5, 0, 0],
							"lerp_mode": "catmullrom"
						},
						"1.56": [0, 0, 0]
					}
				},
				"bone9": {
					"rotation": {
						"0.0": {
							"post": [0, 0, 0],
							"lerp_mode": "catmullrom"
						},
						"0.52": {
							"post": [-77.5, 0, 0],
							"lerp_mode": "catmullrom"
						},
						"1.04": {
							"post": [-20, 0, 0],
							"lerp_mode": "catmullrom"
						},
						"1.56": [0, 0, 0]
					}
				},
				"bone10": {
					"rotation": {
						"0.0": {
							"post": [0, 0, 0],
							"lerp_mode": "catmullrom"
						},
						"0.52": {
							"post": [20, 0, 0],
							"lerp_mode": "catmullrom"
						},
						"1.04": {
							"post": [27.5, 10, 0],
							"lerp_mode": "catmullrom"
						},
						"1.56": [0, 0, 0]
					}
				},
				"bone11": {
					"rotation": {
						"0.0": {
							"post": [0, 0, 0],
							"lerp_mode": "catmullrom"
						},
						"0.52": {
							"post": [-42.5, 0, 0],
							"lerp_mode": "catmullrom"
						},
						"1.04": {
							"post": [-47.5, 0, 0],
							"lerp_mode": "catmullrom"
						},
						"1.56": [0, 0, 0]
					}
				},
				"bone12": {
					"rotation": {
						"0.0": {
							"post": [0, 0, 0],
							"lerp_mode": "catmullrom"
						},
						"1.56": [0, 0, 0]
					}
				},
				"head": {
					"rotation": {
						"0.0": {
							"post": [0, 0, 0],
							"lerp_mode": "catmullrom"
						},
						"0.52": {
							"post": [50, 0, 15],
							"lerp_mode": "catmullrom"
						},
						"1.04": {
							"post": [0, 92.5, 0],
							"lerp_mode": "catmullrom"
						},
						"1.56": [0, 0, 0]
					}
				},
				"bone4": {
					"rotation": {
						"0.0": {
							"post": [0, 0, 0],
							"lerp_mode": "catmullrom"
						},
						"0.52": {
							"post": [20, 0, 0],
							"lerp_mode": "catmullrom"
						},
						"1.04": {
							"post": [-40, 0, 0],
							"lerp_mode": "catmullrom"
						},
						"1.56": [0, 0, 0]
					}
				},
				"bone5": {
					"rotation": {
						"0.0": {
							"post": [0, 0, 0],
							"lerp_mode": "catmullrom"
						},
						"0.52": {
							"post": [27.5, 0, 0],
							"lerp_mode": "catmullrom"
						},
						"1.04": {
							"post": [37.5, 0, 0],
							"lerp_mode": "catmullrom"
						},
						"1.56": [0, 0, 0]
					}
				},
				"bone6": {
					"rotation": {
						"0.0": {
							"post": [0, 0, 0],
							"lerp_mode": "catmullrom"
						},
						"0.52": {
							"post": [-27.5, 0, 0],
							"lerp_mode": "catmullrom"
						},
						"1.04": {
							"post": [0, 0, 0],
							"lerp_mode": "catmullrom"
						},
						"1.56": [0, 0, 0]
					}
				},
				"bone7": {
					"rotation": {
						"0.0": {
							"post": [0, 0, 0],
							"lerp_mode": "catmullrom"
						},
						"0.52": {
							"post": [27.5, 0, 0],
							"lerp_mode": "catmullrom"
						},
						"1.04": {
							"post": [32.5, 0, 0],
							"lerp_mode": "catmullrom"
						},
						"1.56": [0, 0, 0]
					}
				}
			}
		}
	}
}