{
	"format_version": "1.8.0",
	"animations": {
		"animation.speakerman_titan.idle": {
			"loop": true,
			"animation_length": 0.16667,
			"bones": {
				"bone16": {
					"rotation": {
						"0.0": [0, -55, 0],
						"0.0417": [0, -92.5, 0],
						"0.0833": [0, -137.5, 0],
						"0.125": [0, -187.5, 0],
						"0.1667": [0, -232.5, 0]
					}
				},
				"bone17": {
					"rotation": {
						"0.0": [0, -40, 0],
						"0.0417": [0, -100, 0],
						"0.0833": [0, -142.5, 0],
						"0.125": [0, -177.5, 0],
						"0.1667": [0, -225, 0]
					}
				}
			}
		}
	}
}