{
	"format_version": "1.8.0",
	"animations": {
		"animation.witherboss_minion.move": {
			"loop": true,
			"animation_length": 2.6,
			"bones": {
				"upperBodyPart2": {
					"rotation": {
						"0.0": [42.5, 0, 0],
						"1.2333": [5, 0, 0],
						"2.6": [42.5, 0, 0]
					}
				},
				"upperBodyPart3": {
					"rotation": {
						"0.0": [52.5, 0, 0],
						"1.2333": [10, 0, 0],
						"2.6": [52.5, 0, 0]
					}
				},
				"head1": {
					"rotation": {
						"0.0": [-10, 0, 0],
						"1.2333": [10, 0, 0],
						"2.6": [-10, 0, 0]
					}
				},
				"head2": {
					"rotation": {
						"0.0": [0, 0, -15],
						"1.2333": [0, 0, 0],
						"2.6": [0, 0, -15]
					}
				},
				"head3": {
					"rotation": {
						"0.0": [0, 0, 15],
						"1.2333": [0, 0, 0],
						"2.6": [0, 0, 15]
					}
				}
			}
		},
		"animation.witherboss_minion.scale": {
			"loop": true,
			"bones": {
				"upperBodyPart1": {
					"scale": 3
				}
			}
		}
	}
}