{
	"format_version": "1.8.0",
	"animations": {
		"animation.sj_titan.shoot": {
			"animation_length": 2,
			"bones": {
				"bone20": {
					"rotation": {
						"0.0": {
							"post": [0, 0, 0],
							"lerp_mode": "catmullrom"
						},
						"0.52": {
							"post": [0, 20, 0],
							"lerp_mode": "catmullrom"
						},
						"0.88": {
							"post": [0, 20, 0],
							"lerp_mode": "catmullrom"
						},
						"1.0": {
							"post": [0, 20, 0],
							"lerp_mode": "catmullrom"
						},
						"1.36": {
							"post": [0, 20, 0],
							"lerp_mode": "catmullrom"
						},
						"2.0": [0, 0, 0]
					}
				},
				"bone21": {
					"rotation": {
						"0.0": {
							"post": [0, 0, 0],
							"lerp_mode": "catmullrom"
						},
						"0.52": {
							"post": [0, 25, 0],
							"lerp_mode": "catmullrom"
						},
						"0.88": {
							"post": [0, 25, 0],
							"lerp_mode": "catmullrom"
						},
						"1.0": {
							"post": [0, 25, 0],
							"lerp_mode": "catmullrom"
						},
						"1.36": {
							"post": [0, 25, 0],
							"lerp_mode": "catmullrom"
						},
						"2.0": [0, 0, 0]
					}
				},
				"bone22": {
					"rotation": {
						"0.0": {
							"post": [0, 0, 0],
							"lerp_mode": "catmullrom"
						},
						"0.52": {
							"post": [-90, -45, 0],
							"lerp_mode": "catmullrom"
						},
						"0.88": {
							"post": [-90, -45, 0],
							"lerp_mode": "catmullrom"
						},
						"1.0": {
							"post": [-90, -45, 0],
							"lerp_mode": "catmullrom"
						},
						"1.36": {
							"post": [-90, -45, 0],
							"lerp_mode": "catmullrom"
						},
						"2.0": [0, 0, 0]
					}
				},
				"bone23": {
					"rotation": {
						"0.0": {
							"post": [0, 0, 0],
							"lerp_mode": "catmullrom"
						},
						"0.52": [0, 0, 0],
						"0.88": [0, 0, 0],
						"1.0": {
							"post": [-142.5, 0, 0],
							"lerp_mode": "catmullrom"
						},
						"1.36": [0, 0, 0],
						"2.0": [0, 0, 0]
					}
				},
				"bone24": {
					"rotation": {
						"0.0": {
							"post": [0, 0, 0],
							"lerp_mode": "catmullrom"
						},
						"0.52": {
							"post": [60, 0, 0],
							"lerp_mode": "catmullrom"
						},
						"0.88": {
							"post": [60, 0, 0],
							"lerp_mode": "catmullrom"
						},
						"1.0": {
							"post": [60, 0, 0],
							"lerp_mode": "catmullrom"
						},
						"1.36": {
							"post": [60, 0, 0],
							"lerp_mode": "catmullrom"
						},
						"2.0": [0, 0, 0]
					}
				},
				"bone25": {
					"rotation": {
						"0.0": {
							"post": [0, 0, 0],
							"lerp_mode": "catmullrom"
						},
						"0.52": {
							"post": [-85, 0, 0],
							"lerp_mode": "catmullrom"
						},
						"0.88": {
							"post": [-85, 0, 0],
							"lerp_mode": "catmullrom"
						},
						"1.0": {
							"post": [-85, 0, 0],
							"lerp_mode": "catmullrom"
						},
						"1.36": {
							"post": [-85, 0, 0],
							"lerp_mode": "catmullrom"
						},
						"2.0": [0, 0, 0]
					}
				},
				"bone26": {
					"rotation": {
						"0.0": {
							"post": [0, 0, 0],
							"lerp_mode": "catmullrom"
						},
						"2.0": [0, 0, 0]
					}
				},
				"head2": {
					"rotation": {
						"0.0": {
							"post": [0, 0, 0],
							"lerp_mode": "catmullrom"
						},
						"0.52": {
							"post": [0, -42.5, 0],
							"lerp_mode": "catmullrom"
						},
						"0.88": {
							"post": [0, -42.5, 0],
							"lerp_mode": "catmullrom"
						},
						"1.0": {
							"post": [0, -42.5, 0],
							"lerp_mode": "catmullrom"
						},
						"1.36": {
							"post": [0, -42.5, 0],
							"lerp_mode": "catmullrom"
						},
						"2.0": [0, 0, 0]
					}
				}
			}
		},
		"animation.ws_titan.summon9": {
			"animation_length": 3.12,
			"bones": {
				"bone": {
					"rotation": {
						"0.0": {
							"post": [0, 0, 0],
							"lerp_mode": "catmullrom"
						},
						"2.36": {
							"post": [0, 0, 0],
							"lerp_mode": "catmullrom"
						},
						"3.12": [0, 0, 0]
					},
					"position": {
						"0.0": {
							"post": [0, 0, 0],
							"lerp_mode": "catmullrom"
						},
						"0.52": {
							"post": [0, -1.5, 0],
							"lerp_mode": "catmullrom"
						},
						"1.04": {
							"post": [0, -4.5, 0],
							"lerp_mode": "catmullrom"
						},
						"2.36": {
							"post": [0, -4.5, 0],
							"lerp_mode": "catmullrom"
						},
						"3.12": [0, 0, 0]
					}
				},
				"bone2": {
					"rotation": {
						"0.0": {
							"post": [0, 0, 0],
							"lerp_mode": "catmullrom"
						},
						"0.52": {
							"post": [-20, 0, 0],
							"lerp_mode": "catmullrom"
						},
						"1.04": {
							"post": [57.5, 0, 0],
							"lerp_mode": "catmullrom"
						},
						"1.56": {
							"post": [30, 25, 0],
							"lerp_mode": "catmullrom"
						},
						"2.36": {
							"post": [37.5, -22.5, 0],
							"lerp_mode": "catmullrom"
						},
						"3.12": [0, 0, 0]
					}
				},
				"bone3": {
					"rotation": {
						"0.0": {
							"post": [0, 0, 0],
							"lerp_mode": "catmullrom"
						},
						"0.52": {
							"post": [-17.5, 0, 0],
							"lerp_mode": "catmullrom"
						},
						"1.04": {
							"post": [32.5, 0, 0],
							"lerp_mode": "catmullrom"
						},
						"1.56": {
							"post": [55, 25, 0],
							"lerp_mode": "catmullrom"
						},
						"2.36": {
							"post": [37.5, -20, 0],
							"lerp_mode": "catmullrom"
						},
						"3.12": [0, 0, 0]
					}
				},
				"head": {
					"rotation": {
						"0.0": {
							"post": [0, 0, 0],
							"lerp_mode": "catmullrom"
						},
						"0.52": {
							"post": [37.5, 0, 0],
							"lerp_mode": "catmullrom"
						},
						"1.04": {
							"post": [-47.5, 0, 0],
							"lerp_mode": "catmullrom"
						},
						"1.56": {
							"post": [-52.5, 0, 0],
							"lerp_mode": "catmullrom"
						},
						"2.36": {
							"post": [-52.5, 0, 0],
							"lerp_mode": "catmullrom"
						},
						"3.12": [0, 0, 0]
					}
				},
				"bone8": {
					"rotation": {
						"0.0": {
							"post": [0, 0, 0],
							"lerp_mode": "catmullrom"
						},
						"0.52": {
							"post": [60, 0, -50],
							"lerp_mode": "catmullrom"
						},
						"1.04": {
							"post": [-15, 0, -50],
							"lerp_mode": "catmullrom"
						},
						"1.56": {
							"post": [-122.5, -40, -37.5],
							"lerp_mode": "catmullrom"
						},
						"2.36": {
							"post": [67.5, -30, -37.5],
							"lerp_mode": "catmullrom"
						},
						"3.12": [0, 0, 0]
					}
				},
				"bone9": {
					"rotation": {
						"0.0": {
							"post": [0, 0, 0],
							"lerp_mode": "catmullrom"
						},
						"0.52": {
							"post": [-90, 0, 0],
							"lerp_mode": "catmullrom"
						},
						"1.04": {
							"post": [-50, 0, 0],
							"lerp_mode": "catmullrom"
						},
						"1.56": {
							"post": [-67.5, 0, 0],
							"lerp_mode": "catmullrom"
						},
						"2.36": {
							"post": [-20, 0, 0],
							"lerp_mode": "catmullrom"
						},
						"3.12": [0, 0, 0]
					}
				},
				"bone10": {
					"rotation": {
						"0.0": {
							"post": [0, 0, 0],
							"lerp_mode": "catmullrom"
						},
						"0.52": {
							"post": [60, 0, 50],
							"lerp_mode": "catmullrom"
						},
						"1.04": {
							"post": [-142.5, 0, -50],
							"lerp_mode": "catmullrom"
						},
						"1.56": {
							"post": [-112.5, 0, -50],
							"lerp_mode": "catmullrom"
						},
						"2.36": {
							"post": [-80, 50, -50],
							"lerp_mode": "catmullrom"
						},
						"3.12": [0, 0, 0]
					}
				},
				"bone11": {
					"rotation": {
						"0.0": {
							"post": [0, 0, 0],
							"lerp_mode": "catmullrom"
						},
						"0.52": {
							"post": [-90, 0, 0],
							"lerp_mode": "catmullrom"
						},
						"1.04": {
							"post": [-12.5, 0, 0],
							"lerp_mode": "catmullrom"
						},
						"1.56": {
							"post": [-100, 0, 0],
							"lerp_mode": "catmullrom"
						},
						"2.36": {
							"post": [-100, 0, 0],
							"lerp_mode": "catmullrom"
						},
						"3.12": [0, 0, 0]
					}
				},
				"bone13": {
					"rotation": {
						"0.0": [0, 0, 0],
						"0.52": [0, 0, 0],
						"1.04": [172.5, 0, 0],
						"1.56": [225, 0, 0],
						"2.36": [225, 0, 0],
						"3.12": [0, 0, 0]
					}
				},
				"bone4": {
					"rotation": {
						"0.0": {
							"post": [0, 0, 0],
							"lerp_mode": "catmullrom"
						},
						"0.52": {
							"post": [-27.5, 0, 0],
							"lerp_mode": "catmullrom"
						},
						"1.04": {
							"post": [-55, 52.5, 0],
							"lerp_mode": "catmullrom"
						},
						"2.36": {
							"post": [-55, 52.5, 0],
							"lerp_mode": "catmullrom"
						},
						"3.12": [0, 0, 0]
					}
				},
				"bone5": {
					"rotation": {
						"0.0": {
							"post": [0, 0, 0],
							"lerp_mode": "catmullrom"
						},
						"0.52": {
							"post": [57.5, 0, 0],
							"lerp_mode": "catmullrom"
						},
						"1.04": {
							"post": [97.5, 0, 0],
							"lerp_mode": "catmullrom"
						},
						"2.36": {
							"post": [97.5, 0, 0],
							"lerp_mode": "catmullrom"
						},
						"3.12": [0, 0, 0]
					}
				},
				"bone6": {
					"rotation": {
						"0.0": {
							"post": [0, 0, 0],
							"lerp_mode": "catmullrom"
						},
						"0.52": {
							"post": [-27.5, 0, 0],
							"lerp_mode": "catmullrom"
						},
						"1.04": {
							"post": [-55, -52.5, 0],
							"lerp_mode": "catmullrom"
						},
						"2.36": {
							"post": [-55, -52.5, 0],
							"lerp_mode": "catmullrom"
						},
						"3.12": [0, 0, 0]
					}
				},
				"bone7": {
					"rotation": {
						"0.0": {
							"post": [0, 0, 0],
							"lerp_mode": "catmullrom"
						},
						"0.52": {
							"post": [57.5, 0, 0],
							"lerp_mode": "catmullrom"
						},
						"1.04": {
							"post": [97.5, 0, 0],
							"lerp_mode": "catmullrom"
						},
						"2.36": {
							"post": [97.5, 0, 0],
							"lerp_mode": "catmullrom"
						},
						"3.12": [0, 0, 0]
					}
				}
			}
		},
		"animation.pzombie_titan.summon3": {
			"animation_length": 4,
			"bones": {
				"bone": {
					"rotation": {
						"0.0": {
							"post": [0, 0, 0],
							"lerp_mode": "catmullrom"
						},
						"2.0": [0, 0, 0],
						"2.6": [0, 0, 0],
						"4.0": [0, 0, 0]
					},
					"position": {
						"0.0": {
							"post": [0, 0, 0],
							"lerp_mode": "catmullrom"
						},
						"0.52": {
							"post": [0, -1.5, 3],
							"lerp_mode": "catmullrom"
						},
						"2.0": [0, -1.5, 3],
						"2.6": [0, -1.5, 3],
						"4.0": [0, 0, 0]
					}
				},
				"bone2": {
					"rotation": {
						"0.0": {
							"post": [0, 0, 0],
							"lerp_mode": "catmullrom"
						},
						"0.52": {
							"post": [17.5, 0, 0],
							"lerp_mode": "catmullrom"
						},
						"1.56": {
							"post": [-22.5, 0, 0],
							"lerp_mode": "catmullrom"
						},
						"2.0": [45, 0, 0],
						"2.6": [45, 0, 0],
						"4.0": [0, 0, 0]
					}
				},
				"bone3": {
					"rotation": {
						"0.0": {
							"post": [0, 0, 0],
							"lerp_mode": "catmullrom"
						},
						"0.52": {
							"post": [15, 0, 0],
							"lerp_mode": "catmullrom"
						},
						"1.56": {
							"post": [-20, 0, 0],
							"lerp_mode": "catmullrom"
						},
						"2.0": [50, 0, 0],
						"2.6": [50, 0, 0],
						"4.0": [0, 0, 0]
					}
				},
				"head": {
					"rotation": {
						"0.0": {
							"post": [0, 0, 0],
							"lerp_mode": "catmullrom"
						},
						"0.52": {
							"post": [-32.5, 0, 0],
							"lerp_mode": "catmullrom"
						},
						"1.56": {
							"post": [-40, 0, 0],
							"lerp_mode": "catmullrom"
						},
						"2.0": [-97.5, 0, 0],
						"2.6": [-97.5, 0, 0],
						"4.0": [0, 0, 0]
					}
				},
				"bone8": {
					"rotation": {
						"0.0": {
							"post": [0, 0, 0],
							"lerp_mode": "catmullrom"
						},
						"0.52": {
							"post": [70, 0, 20],
							"lerp_mode": "catmullrom"
						},
						"1.56": {
							"post": [-70, 0, 20],
							"lerp_mode": "catmullrom"
						},
						"2.0": [-65, 0, -47.5],
						"2.6": [-65, 0, -47.5],
						"4.0": [0, 0, 0]
					}
				},
				"bone9": {
					"rotation": {
						"0.0": {
							"post": [0, 0, 0],
							"lerp_mode": "catmullrom"
						},
						"0.52": {
							"post": [-42.5, 0, 0],
							"lerp_mode": "catmullrom"
						},
						"1.56": {
							"post": [0, 0, 0],
							"lerp_mode": "catmullrom"
						},
						"2.0": [-22.5, 0, 0],
						"2.6": [-22.5, 0, 0],
						"4.0": [0, 0, 0]
					}
				},
				"bone10": {
					"rotation": {
						"0.0": {
							"post": [0, 0, 0],
							"lerp_mode": "catmullrom"
						},
						"0.52": {
							"post": [65, 0, -25],
							"lerp_mode": "catmullrom"
						},
						"1.56": {
							"post": [-70, 0, -25],
							"lerp_mode": "catmullrom"
						},
						"2.0": [-65, 0, 42.5],
						"2.6": [-65, 0, 42.5],
						"4.0": [0, 0, 0]
					}
				},
				"bone11": {
					"rotation": {
						"0.0": {
							"post": [0, 0, 0],
							"lerp_mode": "catmullrom"
						},
						"0.52": {
							"post": [-42.5, 0, 0],
							"lerp_mode": "catmullrom"
						},
						"1.56": {
							"post": [0, 0, 0],
							"lerp_mode": "catmullrom"
						},
						"2.0": [-22.5, 0, 0],
						"2.6": [-22.5, 0, 0],
						"4.0": [0, 0, 0]
					}
				},
				"bone4": {
					"rotation": {
						"0.0": {
							"post": [0, 0, 0],
							"lerp_mode": "catmullrom"
						},
						"0.52": {
							"post": [-37.5, 30, 0],
							"lerp_mode": "catmullrom"
						},
						"2.0": [-37.5, 30, 0],
						"2.6": [-37.5, 30, 0],
						"4.0": [0, 0, 0]
					}
				},
				"bone5": {
					"rotation": {
						"0.0": {
							"post": [0, 0, 0],
							"lerp_mode": "catmullrom"
						},
						"0.52": {
							"post": [37.5, 0, 0],
							"lerp_mode": "catmullrom"
						},
						"2.0": [37.5, 0, 0],
						"2.6": [37.5, 0, 0],
						"4.0": [0, 0, 0]
					}
				},
				"bone6": {
					"rotation": {
						"0.0": {
							"post": [0, 0, 0],
							"lerp_mode": "catmullrom"
						},
						"0.52": {
							"post": [-37.5, -30, 0],
							"lerp_mode": "catmullrom"
						},
						"2.0": [-37.5, -30, 0],
						"2.6": [-37.5, -30, 0],
						"4.0": [0, 0, 0]
					}
				},
				"bone7": {
					"rotation": {
						"0.0": {
							"post": [0, 0, 0],
							"lerp_mode": "catmullrom"
						},
						"0.52": {
							"post": [37.5, 0, 0],
							"lerp_mode": "catmullrom"
						},
						"2.0": [37.5, 0, 0],
						"2.6": [37.5, 0, 0],
						"4.0": [0, 0, 0]
					}
				},
				"bone13": {
					"rotation": {
						"0.0": {
							"post": [0, 0, 0],
							"lerp_mode": "catmullrom"
						},
						"0.52": {
							"post": [0, 0, 0],
							"lerp_mode": "catmullrom"
						},
						"1.56": {
							"post": [0, 0, 0],
							"lerp_mode": "catmullrom"
						},
						"2.0": [177.5, -7, -47],
						"2.6": [177.5, -7, -47],
						"4.0": [0, 0, 0]
					}
				}
			}
		},
		"animation.pzombie_titan.attack4": {
			"animation_length": 2,
			"bones": {
				"bone": {
					"rotation": {
						"0.0": {
							"post": [0, 0, 0],
							"lerp_mode": "catmullrom"
						},
						"0.52": {
							"post": [-15, 5, 0],
							"lerp_mode": "catmullrom"
						},
						"1.04": {
							"post": [15, -5, 0],
							"lerp_mode": "catmullrom"
						},
						"1.56": [0, 0, 0]
					},
					"position": {
						"0.0": {
							"post": [0, 0, 0],
							"lerp_mode": "catmullrom"
						},
						"0.52": {
							"post": [0, -1, 4],
							"lerp_mode": "catmullrom"
						},
						"1.04": {
							"post": [0, -3, -7],
							"lerp_mode": "catmullrom"
						},
						"1.56": [0, 0, 0]
					}
				},
				"bone2": {
					"rotation": {
						"0.0": {
							"post": [0, 0, 0],
							"lerp_mode": "catmullrom"
						},
						"0.52": {
							"post": [-17.5, 17.5, 0],
							"lerp_mode": "catmullrom"
						},
						"1.04": {
							"post": [17.5, -17.5, 0],
							"lerp_mode": "catmullrom"
						},
						"1.56": [0, 0, 0]
					}
				},
				"bone3": {
					"rotation": {
						"0.0": {
							"post": [0, 0, 0],
							"lerp_mode": "catmullrom"
						},
						"0.52": {
							"post": [-20, 20, 0],
							"lerp_mode": "catmullrom"
						},
						"1.04": {
							"post": [20, 20, 0],
							"lerp_mode": "catmullrom"
						},
						"1.56": [0, 0, 0]
					}
				},
				"head": {
					"rotation": {
						"0.0": {
							"post": [0, 0, 0],
							"lerp_mode": "catmullrom"
						},
						"0.52": {
							"post": [52.5, -27.5, -12.5],
							"lerp_mode": "catmullrom"
						},
						"1.04": {
							"post": [-52.5, -5, -17.5],
							"lerp_mode": "catmullrom"
						},
						"1.56": [0, 0, 0]
					}
				},
				"bone8": {
					"rotation": {
						"0.0": {
							"post": [0, 0, 0],
							"lerp_mode": "catmullrom"
						},
						"0.52": {
							"post": [75, -60, 0],
							"lerp_mode": "catmullrom"
						},
						"1.04": {
							"post": [117.5, 20, 0],
							"lerp_mode": "catmullrom"
						},
						"1.56": [0, 0, 0]
					}
				},
				"bone9": {
					"rotation": {
						"0.0": {
							"post": [0, 0, 0],
							"lerp_mode": "catmullrom"
						},
						"0.52": {
							"post": [-35, 0, 0],
							"lerp_mode": "catmullrom"
						},
						"1.04": {
							"post": [-70, 0, 0],
							"lerp_mode": "catmullrom"
						},
						"1.56": [0, 0, 0]
					}
				},
				"bone10": {
					"rotation": {
						"0.0": {
							"post": [0, 0, 0],
							"lerp_mode": "catmullrom"
						},
						"0.52": {
							"post": [207.5, -27.5, -12.5],
							"lerp_mode": "catmullrom"
						},
						"1.04": {
							"post": [-22.5, -5, -12.5],
							"lerp_mode": "catmullrom"
						},
						"1.56": [0, 0, 0]
					}
				},
				"bone11": {
					"rotation": {
						"0.0": {
							"post": [0, 0, 0],
							"lerp_mode": "catmullrom"
						},
						"0.52": {
							"post": [-117.5, 0, 0],
							"lerp_mode": "catmullrom"
						},
						"1.04": {
							"post": [-22.5, 0, 0],
							"lerp_mode": "catmullrom"
						},
						"1.56": [0, 0, 0]
					}
				},
				"bone4": {
					"rotation": {
						"0.0": {
							"post": [0, 0, 0],
							"lerp_mode": "catmullrom"
						},
						"0.52": {
							"post": [-20, 0, 0],
							"lerp_mode": "catmullrom"
						},
						"1.04": {
							"post": [7.5, 0, 0],
							"lerp_mode": "catmullrom"
						},
						"1.56": [0, 0, 0]
					}
				},
				"bone5": {
					"rotation": {
						"0.0": {
							"post": [0, 0, 0],
							"lerp_mode": "catmullrom"
						},
						"0.52": {
							"post": [35, 0, 0],
							"lerp_mode": "catmullrom"
						},
						"1.04": {
							"post": [27.5, 0, 0],
							"lerp_mode": "catmullrom"
						},
						"1.56": [0, 0, 0]
					}
				},
				"bone6": {
					"rotation": {
						"0.0": {
							"post": [0, 0, 0],
							"lerp_mode": "catmullrom"
						},
						"0.52": {
							"post": [42.5, 0, 0],
							"lerp_mode": "catmullrom"
						},
						"1.04": {
							"post": [-60, 0, 0],
							"lerp_mode": "catmullrom"
						},
						"1.56": [0, 0, 0]
					}
				},
				"bone7": {
					"rotation": {
						"0.0": {
							"post": [0, 0, 0],
							"lerp_mode": "catmullrom"
						},
						"0.52": {
							"post": [15, 0, 0],
							"lerp_mode": "catmullrom"
						},
						"1.04": {
							"post": [42.5, 0, 0],
							"lerp_mode": "catmullrom"
						},
						"1.56": [0, 0, 0]
					}
				},
				"bone13": {
					"rotation": {
						"0.0": {
							"post": [0, 0, 0],
							"lerp_mode": "catmullrom"
						},
						"0.52": {
							"post": [412.5, 0, 0],
							"lerp_mode": "catmullrom"
						},
						"1.04": {
							"post": [442.5, 0, 0],
							"lerp_mode": "catmullrom"
						},
						"1.56": [0, 0, 0]
					}
				}
			}
		},
		"animation.pzombie_titan.attack5": {
			"animation_length": 2,
			"bones": {
				"bone": {
					"rotation": {
						"0.0": {
							"post": [0, 0, 0],
							"lerp_mode": "catmullrom"
						},
						"0.52": {
							"post": [-7.5, 0, 0],
							"lerp_mode": "catmullrom"
						},
						"1.04": {
							"post": [20, 0, 0],
							"lerp_mode": "catmullrom"
						},
						"1.56": [0, 0, 0]
					},
					"position": {
						"0.0": {
							"post": [0, 0, 0],
							"lerp_mode": "catmullrom"
						},
						"0.52": {
							"post": [0, -1, 4],
							"lerp_mode": "catmullrom"
						},
						"1.04": {
							"post": [0, -3, -5],
							"lerp_mode": "catmullrom"
						},
						"1.56": [0, 0, 0]
					}
				},
				"bone2": {
					"rotation": {
						"0.0": {
							"post": [0, 0, 0],
							"lerp_mode": "catmullrom"
						},
						"0.52": {
							"post": [-20, -17.5, 0],
							"lerp_mode": "catmullrom"
						},
						"1.04": {
							"post": [20, 17.5, 0],
							"lerp_mode": "catmullrom"
						},
						"1.56": [0, 0, 0]
					}
				},
				"bone3": {
					"rotation": {
						"0.0": {
							"post": [0, 0, 0],
							"lerp_mode": "catmullrom"
						},
						"0.52": {
							"post": [-12.5, -35, 0],
							"lerp_mode": "catmullrom"
						},
						"1.04": {
							"post": [12.5, 35, 0],
							"lerp_mode": "catmullrom"
						},
						"1.56": [0, 0, 0]
					}
				},
				"head": {
					"rotation": {
						"0.0": {
							"post": [0, 0, 0],
							"lerp_mode": "catmullrom"
						},
						"0.52": {
							"post": [42.5, 40, 0],
							"lerp_mode": "catmullrom"
						},
						"1.04": {
							"post": [-42.5, -55, 0],
							"lerp_mode": "catmullrom"
						},
						"1.56": [0, 0, 0]
					}
				},
				"bone8": {
					"rotation": {
						"0.0": {
							"post": [0, 0, 0],
							"lerp_mode": "catmullrom"
						},
						"0.52": {
							"post": [30, -55, 0],
							"lerp_mode": "catmullrom"
						},
						"1.04": {
							"post": [-37.5, -30, 0],
							"lerp_mode": "catmullrom"
						},
						"1.56": [0, 0, 0]
					}
				},
				"bone9": {
					"rotation": {
						"0.0": {
							"post": [0, 0, 0],
							"lerp_mode": "catmullrom"
						},
						"0.52": {
							"post": [-32.5, 0, 0],
							"lerp_mode": "catmullrom"
						},
						"1.04": {
							"post": [-37.5, 0, 0],
							"lerp_mode": "catmullrom"
						},
						"1.56": [0, 0, 0]
					}
				},
				"bone10": {
					"rotation": {
						"0.0": {
							"post": [0, 0, 0],
							"lerp_mode": "catmullrom"
						},
						"0.52": {
							"post": [40, 0, 0],
							"lerp_mode": "catmullrom"
						},
						"1.04": {
							"post": [-42.5, 0, 0],
							"lerp_mode": "catmullrom"
						},
						"1.56": [0, 0, 0]
					}
				},
				"bone11": {
					"rotation": {
						"0.0": {
							"post": [0, 0, 0],
							"lerp_mode": "catmullrom"
						},
						"1.04": {
							"post": [0, 0, 0],
							"lerp_mode": "catmullrom"
						},
						"1.56": [0, 0, 0]
					}
				},
				"bone4": {
					"rotation": {
						"0.0": {
							"post": [0, 0, 0],
							"lerp_mode": "catmullrom"
						},
						"0.52": {
							"post": [-30, 0, 0],
							"lerp_mode": "catmullrom"
						},
						"1.04": {
							"post": [-2.5, 0, 0],
							"lerp_mode": "catmullrom"
						},
						"1.56": [0, 0, 0]
					}
				},
				"bone5": {
					"rotation": {
						"0.0": {
							"post": [0, 0, 0],
							"lerp_mode": "catmullrom"
						},
						"0.52": {
							"post": [37.5, 0, 0],
							"lerp_mode": "catmullrom"
						},
						"1.04": {
							"post": [25, 0, 0],
							"lerp_mode": "catmullrom"
						},
						"1.56": [0, 0, 0]
					}
				},
				"bone6": {
					"rotation": {
						"0.0": {
							"post": [0, 0, 0],
							"lerp_mode": "catmullrom"
						},
						"0.52": {
							"post": [32.5, 0, 0],
							"lerp_mode": "catmullrom"
						},
						"1.04": {
							"post": [-70, 0, 0],
							"lerp_mode": "catmullrom"
						},
						"1.56": [0, 0, 0]
					}
				},
				"bone7": {
					"rotation": {
						"0.0": {
							"post": [0, 0, 0],
							"lerp_mode": "catmullrom"
						},
						"0.52": {
							"post": [15, 0, 0],
							"lerp_mode": "catmullrom"
						},
						"1.04": {
							"post": [50, 0, 0],
							"lerp_mode": "catmullrom"
						},
						"1.56": [0, 0, 0]
					}
				},
				"bone13": {
					"rotation": {
						"0.0": {
							"post": [0, 0, 0],
							"lerp_mode": "catmullrom"
						},
						"0.52": {
							"post": [180, 0, 0],
							"lerp_mode": "catmullrom"
						},
						"1.04": {
							"post": [180, 0, 0],
							"lerp_mode": "catmullrom"
						},
						"1.56": [0, 0, 0]
					}
				}
			}
		},
		"animation.pzombie_titan.attack6": {
			"animation_length": 2,
			"bones": {
				"bone": {
					"rotation": {
						"0.0": {
							"post": [0, 0, 0],
							"lerp_mode": "catmullrom"
						},
						"1.56": [0, 0, 0]
					},
					"position": {
						"0.0": {
							"post": [0, 0, 0],
							"lerp_mode": "catmullrom"
						},
						"0.52": {
							"post": [0, -2, 4],
							"lerp_mode": "catmullrom"
						},
						"1.04": {
							"post": [0, -3, -5],
							"lerp_mode": "catmullrom"
						},
						"1.56": [0, 0, 0]
					}
				},
				"bone2": {
					"rotation": {
						"0.0": {
							"post": [0, 0, 0],
							"lerp_mode": "catmullrom"
						},
						"0.52": {
							"post": [-32.5, 0, 0],
							"lerp_mode": "catmullrom"
						},
						"1.04": {
							"post": [42.5, 0, 0],
							"lerp_mode": "catmullrom"
						},
						"1.56": [0, 0, 0]
					}
				},
				"bone3": {
					"rotation": {
						"0.0": {
							"post": [0, 0, 0],
							"lerp_mode": "catmullrom"
						},
						"0.52": {
							"post": [-30, 0, 0],
							"lerp_mode": "catmullrom"
						},
						"1.04": {
							"post": [30, 0, 0],
							"lerp_mode": "catmullrom"
						},
						"1.56": [0, 0, 0]
					}
				},
				"head": {
					"rotation": {
						"0.0": {
							"post": [0, 0, 0],
							"lerp_mode": "catmullrom"
						},
						"0.52": {
							"post": [65, 0, 0],
							"lerp_mode": "catmullrom"
						},
						"1.04": {
							"post": [-70, 0, 0],
							"lerp_mode": "catmullrom"
						},
						"1.56": [0, 0, 0]
					}
				},
				"bone8": {
					"rotation": {
						"0.0": {
							"post": [0, 0, 0],
							"lerp_mode": "catmullrom"
						},
						"0.52": {
							"post": [-190.82587, -11.8273, 18.35279],
							"lerp_mode": "catmullrom"
						},
						"1.04": {
							"post": [10, 40, 0],
							"lerp_mode": "catmullrom"
						},
						"1.56": [0, 0, 0]
					}
				},
				"bone9": {
					"rotation": {
						"0.0": {
							"post": [0, 0, 0],
							"lerp_mode": "catmullrom"
						},
						"0.52": {
							"post": [-30, 0, 0],
							"lerp_mode": "catmullrom"
						},
						"1.04": {
							"post": [-65, 0, 0],
							"lerp_mode": "catmullrom"
						},
						"1.56": [0, 0, 0]
					}
				},
				"bone10": {
					"rotation": {
						"0.0": {
							"post": [0, 0, 0],
							"lerp_mode": "catmullrom"
						},
						"0.52": {
							"post": [-190.82587, 11.8273, -18.3528],
							"lerp_mode": "catmullrom"
						},
						"1.04": {
							"post": [10, -40, 0],
							"lerp_mode": "catmullrom"
						},
						"1.56": [0, 0, 0]
					}
				},
				"bone11": {
					"rotation": {
						"0.0": {
							"post": [0, 0, 0],
							"lerp_mode": "catmullrom"
						},
						"0.52": {
							"post": [-30, 0, 0],
							"lerp_mode": "catmullrom"
						},
						"1.04": {
							"post": [-65, 0, 0],
							"lerp_mode": "catmullrom"
						},
						"1.56": [0, 0, 0]
					}
				},
				"bone4": {
					"rotation": {
						"0.0": {
							"post": [0, 0, 0],
							"lerp_mode": "catmullrom"
						},
						"0.52": {
							"post": [-42.5, 0, 0],
							"lerp_mode": "catmullrom"
						},
						"1.04": {
							"post": [7.5, 0, 0],
							"lerp_mode": "catmullrom"
						},
						"1.56": [0, 0, 0]
					}
				},
				"bone5": {
					"rotation": {
						"0.0": {
							"post": [0, 0, 0],
							"lerp_mode": "catmullrom"
						},
						"0.52": {
							"post": [45, 0, 0],
							"lerp_mode": "catmullrom"
						},
						"1.04": {
							"post": [50, 0, 0],
							"lerp_mode": "catmullrom"
						},
						"1.56": [0, 0, 0]
					}
				},
				"bone6": {
					"rotation": {
						"0.0": {
							"post": [0, 0, 0],
							"lerp_mode": "catmullrom"
						},
						"0.52": {
							"post": [20, 0, 0],
							"lerp_mode": "catmullrom"
						},
						"1.04": {
							"post": [-57.5, 0, 0],
							"lerp_mode": "catmullrom"
						},
						"1.56": [0, 0, 0]
					}
				},
				"bone7": {
					"rotation": {
						"0.0": {
							"post": [0, 0, 0],
							"lerp_mode": "catmullrom"
						},
						"0.52": {
							"post": [32.5, 0, 0],
							"lerp_mode": "catmullrom"
						},
						"1.04": {
							"post": [57.5, 0, 0],
							"lerp_mode": "catmullrom"
						},
						"1.56": [0, 0, 0]
					}
				},
				"bone13": {
					"rotation": {
						"0.0": {
							"post": [0, 0, 0],
							"lerp_mode": "catmullrom"
						},
						"1.56": [0, 0, 0]
					}
				}
			}
		},
		"animation.pzombie_titan.spawn2": {
			"animation_length": 13.5,
			"bones": {
				"bone": {
					"rotation": {
						"0.0": {
							"post": [0, 0, 0],
							"lerp_mode": "catmullrom"
						},
						"5.56": {
							"post": [0, 0, 0],
							"lerp_mode": "catmullrom"
						},
						"6.72": {
							"post": [12.5, 0, 0],
							"lerp_mode": "catmullrom"
						},
						"8.0": {
							"post": [20, 0, 0],
							"lerp_mode": "catmullrom"
						},
						"9.36": {
							"post": [-7.5, 0, 20],
							"lerp_mode": "catmullrom"
						},
						"11.04": {
							"post": [20, 0, -15],
							"lerp_mode": "catmullrom"
						},
						"13.48": [0, 0, 0]
					},
					"position": {
						"0.0": {
							"post": [0, -12, 0],
							"lerp_mode": "catmullrom"
						},
						"5.56": {
							"post": [0, -12, 0],
							"lerp_mode": "catmullrom"
						},
						"6.72": {
							"post": [0, -6, 0],
							"lerp_mode": "catmullrom"
						},
						"8.0": {
							"post": [0, -5, -7],
							"lerp_mode": "catmullrom"
						},
						"9.36": {
							"post": [0, -3, 3],
							"lerp_mode": "catmullrom"
						},
						"11.04": {
							"post": [0, -3, -5],
							"lerp_mode": "catmullrom"
						},
						"13.48": [0, 0, 0]
					}
				},
				"bone2": {
					"rotation": {
						"0.0": {
							"post": [30, 0, 0],
							"lerp_mode": "catmullrom"
						},
						"5.56": {
							"post": [30, 0, 0],
							"lerp_mode": "catmullrom"
						},
						"6.72": {
							"post": [35, 0, 0],
							"lerp_mode": "catmullrom"
						},
						"8.0": {
							"post": [40, 0, 0],
							"lerp_mode": "catmullrom"
						},
						"9.36": {
							"post": [-22.5, 0, 0],
							"lerp_mode": "catmullrom"
						},
						"11.04": {
							"post": [0, 0, 0],
							"lerp_mode": "catmullrom"
						},
						"13.48": [0, 0, 0]
					}
				},
				"bone3": {
					"rotation": {
						"0.0": {
							"post": [27.5, 0, 0],
							"lerp_mode": "catmullrom"
						},
						"5.56": {
							"post": [27.5, 0, 0],
							"lerp_mode": "catmullrom"
						},
						"6.72": {
							"post": [35, 0, 0],
							"lerp_mode": "catmullrom"
						},
						"8.0": {
							"post": [37.5, 0, 0],
							"lerp_mode": "catmullrom"
						},
						"9.36": {
							"post": [-22.5, 0, 0],
							"lerp_mode": "catmullrom"
						},
						"11.04": {
							"post": [0, 0, 0],
							"lerp_mode": "catmullrom"
						},
						"13.48": [0, 0, 0]
					}
				},
				"head": {
					"rotation": {
						"0.0": {
							"post": [32.5, 0, 0],
							"lerp_mode": "catmullrom"
						},
						"2.24": {
							"post": [32.5, 0, 0],
							"lerp_mode": "catmullrom"
						},
						"4.56": {
							"post": [-25, 0, 0],
							"lerp_mode": "catmullrom"
						},
						"5.56": {
							"post": [-25, 0, 0],
							"lerp_mode": "catmullrom"
						},
						"6.72": {
							"post": [-10, 0, 0],
							"lerp_mode": "catmullrom"
						},
						"8.0": {
							"post": [-2.5, 0, 0],
							"lerp_mode": "catmullrom"
						},
						"9.36": {
							"post": [-12.5, 0, 0],
							"lerp_mode": "catmullrom"
						},
						"11.04": {
							"post": [20, 0, 0],
							"lerp_mode": "catmullrom"
						},
						"13.48": [0, 0, 0]
					}
				},
				"bone8": {
					"rotation": {
						"0.0": {
							"post": [17.5, -20, 0],
							"lerp_mode": "catmullrom"
						},
						"5.56": {
							"post": [17.5, -20, 0],
							"lerp_mode": "catmullrom"
						},
						"6.72": {
							"post": [-7.5, -20, 0],
							"lerp_mode": "catmullrom"
						},
						"8.0": {
							"post": [2.5, -25, 0],
							"lerp_mode": "catmullrom"
						},
						"9.36": {
							"post": [5, -25, 0],
							"lerp_mode": "catmullrom"
						},
						"11.04": {
							"post": [0, -12.5, 0],
							"lerp_mode": "catmullrom"
						},
						"13.48": [0, 0, 0]
					}
				},
				"bone9": {
					"rotation": {
						"0.0": {
							"post": [35, 0, 0],
							"lerp_mode": "catmullrom"
						},
						"5.56": {
							"post": [35, 0, 0],
							"lerp_mode": "catmullrom"
						},
						"9.36": {
							"post": [15, 0, 0],
							"lerp_mode": "catmullrom"
						},
						"11.04": {
							"post": [0, 0, 0],
							"lerp_mode": "catmullrom"
						},
						"13.48": [0, 0, 0]
					}
				},
				"bone10": {
					"rotation": {
						"0.0": {
							"post": [-52.5, 22.5, -42.5],
							"lerp_mode": "catmullrom"
						},
						"5.56": {
							"post": [-52.5, 22.5, -42.5],
							"lerp_mode": "catmullrom"
						},
						"6.72": {
							"post": [-72.5, 22.5, -42.5],
							"lerp_mode": "catmullrom"
						},
						"8.0": {
							"post": [-27.5, 22.5, -42.5],
							"lerp_mode": "catmullrom"
						},
						"9.36": {
							"post": [-5, 25, 0],
							"lerp_mode": "catmullrom"
						},
						"11.04": {
							"post": [-5, 15, 0],
							"lerp_mode": "catmullrom"
						},
						"13.48": [0, 0, 0]
					}
				},
				"bone11": {
					"rotation": {
						"0.0": {
							"post": [-7.5, 0, 0],
							"lerp_mode": "catmullrom"
						},
						"5.56": {
							"post": [-7.5, 0, 0],
							"lerp_mode": "catmullrom"
						},
						"6.72": {
							"post": [-30, 0, 0],
							"lerp_mode": "catmullrom"
						},
						"8.0": {
							"post": [-15, 0, 0],
							"lerp_mode": "catmullrom"
						},
						"11.04": {
							"post": [0, 0, 0],
							"lerp_mode": "catmullrom"
						},
						"13.48": [0, 0, 0]
					}
				},
				"bone4": {
					"rotation": {
						"0.0": {
							"post": [-90, 70, 0],
							"lerp_mode": "catmullrom"
						},
						"5.56": {
							"post": [-90, 70, 0],
							"lerp_mode": "catmullrom"
						},
						"6.72": {
							"post": [-50, 15, 0],
							"lerp_mode": "catmullrom"
						},
						"8.0": {
							"post": [15, 0, 0],
							"lerp_mode": "catmullrom"
						},
						"9.36": {
							"post": [-35, 0, -20],
							"lerp_mode": "catmullrom"
						},
						"11.04": {
							"post": [-12.5, 0, 15],
							"lerp_mode": "catmullrom"
						},
						"13.48": [0, 0, 0]
					}
				},
				"bone5": {
					"rotation": {
						"0.0": {
							"post": [47.5, 0, 0],
							"lerp_mode": "catmullrom"
						},
						"5.56": {
							"post": [47.5, 0, 0],
							"lerp_mode": "catmullrom"
						},
						"8.0": {
							"post": [42.5, 0, 0],
							"lerp_mode": "catmullrom"
						},
						"9.36": {
							"post": [35, 0, 0],
							"lerp_mode": "catmullrom"
						},
						"11.04": {
							"post": [40, 0, 0],
							"lerp_mode": "catmullrom"
						},
						"13.48": [0, 0, 0]
					}
				},
				"bone6": {
					"rotation": {
						"0.0": {
							"post": [-90, -72.5, 0],
							"lerp_mode": "catmullrom"
						},
						"5.56": {
							"post": [-90, -72.5, 0],
							"lerp_mode": "catmullrom"
						},
						"6.72": {
							"post": [-60, -55, 0],
							"lerp_mode": "catmullrom"
						},
						"8.0": {
							"post": [-60, -16, 0],
							"lerp_mode": "catmullrom"
						},
						"9.36": {
							"post": [12.5, 0, -22.5],
							"lerp_mode": "catmullrom"
						},
						"11.04": {
							"post": [-42.5, 0, 12.5],
							"lerp_mode": "catmullrom"
						},
						"13.48": [0, 0, 0]
					}
				},
				"bone7": {
					"rotation": {
						"0.0": {
							"post": [50, 0, 0],
							"lerp_mode": "catmullrom"
						},
						"5.56": {
							"post": [50, 0, 0],
							"lerp_mode": "catmullrom"
						},
						"8.0": {
							"post": [42.5, 0, 0],
							"lerp_mode": "catmullrom"
						},
						"9.36": {
							"post": [52.5, 0, 0],
							"lerp_mode": "catmullrom"
						},
						"11.04": {
							"post": [37.5, 0, 0],
							"lerp_mode": "catmullrom"
						},
						"13.48": [0, 0, 0]
					}
				},
				"bone13": {
					"rotation": {
						"0.0": {
							"post": [180, 0, 0],
							"lerp_mode": "catmullrom"
						},
						"5.56": {
							"post": [180, 0, 0],
							"lerp_mode": "catmullrom"
						},
						"6.72": {
							"post": [189.02, 0, 0],
							"lerp_mode": "catmullrom"
						},
						"8.0": {
							"post": [170.84, 0, 0],
							"lerp_mode": "catmullrom"
						},
						"9.36": {
							"post": [141.52, 0, 0],
							"lerp_mode": "catmullrom"
						},
						"11.04": {
							"post": [39.02, 0, 0],
							"lerp_mode": "catmullrom"
						},
						"13.48": [0, 0, 0]
					}
				}
			}
		},
		"animation.pzombie_titan.summon9": {
			"animation_length": 3.12,
			"bones": {
				"bone": {
					"rotation": {
						"0.0": {
							"post": [0, 0, 0],
							"lerp_mode": "catmullrom"
						},
						"2.36": {
							"post": [0, 0, 0],
							"lerp_mode": "catmullrom"
						},
						"3.12": [0, 0, 0]
					},
					"position": {
						"0.0": {
							"post": [0, 0, 0],
							"lerp_mode": "catmullrom"
						},
						"0.52": {
							"post": [0, -1.5, 0],
							"lerp_mode": "catmullrom"
						},
						"1.04": {
							"post": [0, -4.5, 0],
							"lerp_mode": "catmullrom"
						},
						"2.36": {
							"post": [0, -4.5, 0],
							"lerp_mode": "catmullrom"
						},
						"3.12": [0, 0, 0]
					}
				},
				"bone2": {
					"rotation": {
						"0.0": {
							"post": [0, 0, 0],
							"lerp_mode": "catmullrom"
						},
						"0.52": {
							"post": [-20, 0, 0],
							"lerp_mode": "catmullrom"
						},
						"1.04": {
							"post": [57.5, 0, 0],
							"lerp_mode": "catmullrom"
						},
						"1.56": {
							"post": [72.5, 25, 0],
							"lerp_mode": "catmullrom"
						},
						"2.36": {
							"post": [82.5, -22.5, 0],
							"lerp_mode": "catmullrom"
						},
						"3.12": [0, 0, 0]
					}
				},
				"bone3": {
					"rotation": {
						"0.0": {
							"post": [0, 0, 0],
							"lerp_mode": "catmullrom"
						},
						"0.52": {
							"post": [-17.5, 0, 0],
							"lerp_mode": "catmullrom"
						},
						"1.04": {
							"post": [32.5, 0, 0],
							"lerp_mode": "catmullrom"
						},
						"1.56": {
							"post": [55, 25, 0],
							"lerp_mode": "catmullrom"
						},
						"2.36": {
							"post": [37.5, -20, 0],
							"lerp_mode": "catmullrom"
						},
						"3.12": [0, 0, 0]
					}
				},
				"head": {
					"rotation": {
						"0.0": {
							"post": [0, 0, 0],
							"lerp_mode": "catmullrom"
						},
						"0.52": {
							"post": [37.5, 0, 0],
							"lerp_mode": "catmullrom"
						},
						"1.04": {
							"post": [-47.5, 0, 0],
							"lerp_mode": "catmullrom"
						},
						"1.56": {
							"post": [-52.5, 0, 0],
							"lerp_mode": "catmullrom"
						},
						"2.36": {
							"post": [-52.5, 0, 0],
							"lerp_mode": "catmullrom"
						},
						"3.12": [0, 0, 0]
					}
				},
				"bone8": {
					"rotation": {
						"0.0": {
							"post": [0, 0, 0],
							"lerp_mode": "catmullrom"
						},
						"0.52": {
							"post": [60, 0, -50],
							"lerp_mode": "catmullrom"
						},
						"1.04": {
							"post": [-15, 0, -50],
							"lerp_mode": "catmullrom"
						},
						"1.56": {
							"post": [-40, -40, -37.5],
							"lerp_mode": "catmullrom"
						},
						"2.36": {
							"post": [115, -30, -37.5],
							"lerp_mode": "catmullrom"
						},
						"3.12": [0, 0, 0]
					}
				},
				"bone9": {
					"rotation": {
						"0.0": {
							"post": [0, 0, 0],
							"lerp_mode": "catmullrom"
						},
						"0.52": {
							"post": [-90, 0, 0],
							"lerp_mode": "catmullrom"
						},
						"1.04": {
							"post": [-50, 0, 0],
							"lerp_mode": "catmullrom"
						},
						"1.56": {
							"post": [-67.5, 0, 0],
							"lerp_mode": "catmullrom"
						},
						"2.36": {
							"post": [-5, 0, 0],
							"lerp_mode": "catmullrom"
						},
						"3.12": [0, 0, 0]
					}
				},
				"bone10": {
					"rotation": {
						"0.0": {
							"post": [0, 0, 0],
							"lerp_mode": "catmullrom"
						},
						"0.52": {
							"post": [60, 0, 50],
							"lerp_mode": "catmullrom"
						},
						"1.04": {
							"post": [-35, 0, -50],
							"lerp_mode": "catmullrom"
						},
						"1.56": {
							"post": [-55, 0, -50],
							"lerp_mode": "catmullrom"
						},
						"2.36": {
							"post": [-55, 0, -50],
							"lerp_mode": "catmullrom"
						},
						"3.12": [0, 0, 0]
					}
				},
				"bone11": {
					"rotation": {
						"0.0": {
							"post": [0, 0, 0],
							"lerp_mode": "catmullrom"
						},
						"0.52": {
							"post": [-90, 0, 0],
							"lerp_mode": "catmullrom"
						},
						"1.04": {
							"post": [-12.5, 0, 0],
							"lerp_mode": "catmullrom"
						},
						"1.56": {
							"post": [-100, 0, 0],
							"lerp_mode": "catmullrom"
						},
						"2.36": {
							"post": [-100, 0, 0],
							"lerp_mode": "catmullrom"
						},
						"3.12": [0, 0, 0]
					}
				},
				"bone4": {
					"rotation": {
						"0.0": {
							"post": [0, 0, 0],
							"lerp_mode": "catmullrom"
						},
						"0.52": {
							"post": [-27.5, 0, 0],
							"lerp_mode": "catmullrom"
						},
						"1.04": {
							"post": [-55, 52.5, 0],
							"lerp_mode": "catmullrom"
						},
						"2.36": {
							"post": [-55, 52.5, 0],
							"lerp_mode": "catmullrom"
						},
						"3.12": [0, 0, 0]
					}
				},
				"bone5": {
					"rotation": {
						"0.0": {
							"post": [0, 0, 0],
							"lerp_mode": "catmullrom"
						},
						"0.52": {
							"post": [57.5, 0, 0],
							"lerp_mode": "catmullrom"
						},
						"1.04": {
							"post": [97.5, 0, 0],
							"lerp_mode": "catmullrom"
						},
						"2.36": {
							"post": [97.5, 0, 0],
							"lerp_mode": "catmullrom"
						},
						"3.12": [0, 0, 0]
					}
				},
				"bone6": {
					"rotation": {
						"0.0": {
							"post": [0, 0, 0],
							"lerp_mode": "catmullrom"
						},
						"0.52": {
							"post": [-27.5, 0, 0],
							"lerp_mode": "catmullrom"
						},
						"1.04": {
							"post": [-55, -52.5, 0],
							"lerp_mode": "catmullrom"
						},
						"2.36": {
							"post": [-55, -52.5, 0],
							"lerp_mode": "catmullrom"
						},
						"3.12": [0, 0, 0]
					}
				},
				"bone7": {
					"rotation": {
						"0.0": {
							"post": [0, 0, 0],
							"lerp_mode": "catmullrom"
						},
						"0.52": {
							"post": [57.5, 0, 0],
							"lerp_mode": "catmullrom"
						},
						"1.04": {
							"post": [97.5, 0, 0],
							"lerp_mode": "catmullrom"
						},
						"2.36": {
							"post": [97.5, 0, 0],
							"lerp_mode": "catmullrom"
						},
						"3.12": [0, 0, 0]
					}
				},
				"bone13": {
					"rotation": {
						"0.0": {
							"post": [0, 0, 0],
							"lerp_mode": "catmullrom"
						},
						"0.52": {
							"post": [0, 0, 0],
							"lerp_mode": "catmullrom"
						},
						"1.04": {
							"post": [172.5, 0, 0],
							"lerp_mode": "catmullrom"
						},
						"1.56": {
							"post": [225, 0, 0],
							"lerp_mode": "catmullrom"
						},
						"2.36": {
							"post": [225, 0, 0],
							"lerp_mode": "catmullrom"
						},
						"3.12": [0, 0, 0]
					}
				}
			}
		}
	}
}