{
  "format_version": "1.12.0",
  "minecraft:geometry": [
    {
      "description": {
        "identifier": "geometry.pa_mutan",
        "texture_width": 512,
        "texture_height": 512,
        "visible_bounds_width": 8,
        "visible_bounds_height": 14.5,
        "visible_bounds_offset": [
          0,
          6.75,
          0
        ]
      },
      "bones": [
        {
          "name": "Paha",
          "pivot": [
            0,
            75,
            -7
          ],
          "cubes": [
            {
              "origin": [
                -15,
                75,
                -7
              ],
              "size": [
                30,
                16,
                14
              ],
              "uv": [
                82,
                174
              ]
            }
          ]
        },
        {
          "name": "RightLeg2",
          "parent": "Paha",
          "pivot": [
            -8,
            76,
            0
          ],
          "cubes": [
            {
              "origin": [
                -14,
                35,
                -6
              ],
              "size": [
                13,
                40,
                12
              ],
              "uv": [
                0,
                79
              ]
            }
          ]
        },
        {
          "name": "bone17",
          "parent": "RightLeg2",
          "pivot": [
            -8,
            35,
            -5
          ],
          "cubes": [
            {
              "origin": [
                -13,
                0,
                -5
              ],
              "size": [
                11,
                35,
                10
              ],
              "uv": [
                99,
                204
              ]
            }
          ]
        },
        {
          "name": "LeftLeg2",
          "parent": "Paha",
          "pivot": [
            9,
            76,
            0
          ],
          "cubes": [
            {
              "origin": [
                1,
                35,
                -6
              ],
              "size": [
                13,
                40,
                12
              ],
              "uv": [
                0,
                79
              ]
            }
          ]
        },
        {
          "name": "bone16",
          "parent": "LeftLeg2",
          "pivot": [
            7,
            35,
            -5
          ],
          "cubes": [
            {
              "origin": [
                2,
                0,
                -5
              ],
              "size": [
                11,
                35,
                10
              ],
              "uv": [
                99,
                204
              ]
            }
          ]
        },
        {
          "name": "bone15",
          "parent": "Paha",
          "pivot": [
            0,
            91,
            1
          ],
          "cubes": [
            {
              "origin": [
                -16,
                91,
                -8
              ],
              "size": [
                32,
                21,
                16
              ],
              "uv": [
                0,
                145
              ]
            }
          ]
        },
        {
          "name": "Body",
          "parent": "bone15",
          "pivot": [
            0,
            98,
            1
          ],
          "cubes": [
            {
              "origin": [
                -8,
                98,
                -6
              ],
              "size": [
                16,
                14,
                14
              ],
              "inflate": 0.25,
              "uv": [
                184,
                79
              ]
            }
          ]
        },
        {
          "name": "bone5",
          "parent": "Body",
          "pivot": [
            0,
            111,
            7
          ],
          "rotation": [
            0,
            180,
            0
          ],
          "cubes": [
            {
              "origin": [
                -20,
                121,
                -17
              ],
              "size": [
                40,
                11,
                68
              ],
              "uv": [
                0,
                0
              ]
            },
            {
              "origin": [
                -13,
                124,
                -30
              ],
              "size": [
                25,
                7,
                18
              ],
              "uv": [
                148,
                40
              ]
            },
            {
              "origin": [
                -2,
                131,
                -24
              ],
              "size": [
                3,
                42,
                3
              ],
              "uv": [
                141,
                204
              ]
            },
            {
              "origin": [
                -14,
                169,
                -24
              ],
              "size": [
                12,
                3,
                3
              ],
              "uv": [
                28,
                52
              ]
            },
            {
              "origin": [
                1,
                165,
                -23
              ],
              "size": [
                13,
                1,
                1
              ],
              "uv": [
                28,
                58
              ]
            },
            {
              "origin": [
                -17,
                167,
                -26
              ],
              "size": [
                3,
                8,
                7
              ],
              "uv": [
                47,
                0
              ]
            },
            {
              "origin": [
                -4,
                173,
                -26
              ],
              "size": [
                7,
                3,
                7
              ],
              "uv": [
                28,
                42
              ]
            },
            {
              "origin": [
                -17,
                109,
                -8
              ],
              "size": [
                34,
                13,
                53
              ],
              "uv": [
                0,
                79
              ]
            },
            {
              "origin": [
                -3,
                96,
                -29
              ],
              "size": [
                5,
                29,
                63
              ],
              "uv": [
                111,
                82
              ]
            }
          ]
        },
        {
          "name": "Head",
          "parent": "Body",
          "pivot": [
            -1,
            135,
            1
          ],
          "cubes": [
            {
              "origin": [
                -8,
                135,
                -7
              ],
              "size": [
                15,
                18,
                15
              ],
              "uv": [
                0,
                182
              ]
            }
          ]
        },
        {
          "name": "bone6",
          "parent": "Head",
          "pivot": [
            0,
            55,
            2
          ],
          "rotation": [
            0,
            180,
            0
          ]
        },
        {
          "name": "Pipi",
          "parent": "bone6",
          "pivot": [
            8,
            139,
            11
          ],
          "cubes": [
            {
              "origin": [
                4,
                135,
                11.1
              ],
              "size": [
                4,
                7,
                0
              ],
              "uv": [
                58,
                55
              ]
            }
          ]
        },
        {
          "name": "Pipi2",
          "parent": "bone6",
          "pivot": [
            -7,
            139,
            11
          ],
          "cubes": [
            {
              "origin": [
                -7,
                135,
                11.1
              ],
              "size": [
                4,
                7,
                0
              ],
              "uv": [
                21,
                42
              ]
            }
          ]
        },
        {
          "name": "Gigi",
          "parent": "bone6",
          "pivot": [
            1,
            136,
            11
          ],
          "cubes": [
            {
              "origin": [
                -2,
                136,
                11.1
              ],
              "size": [
                5,
                2,
                0
              ],
              "uv": [
                28,
                60
              ]
            }
          ]
        },
        {
          "name": "Bibir",
          "parent": "bone6",
          "pivot": [
            0,
            136,
            12
          ],
          "cubes": [
            {
              "origin": [
                -2,
                135,
                11
              ],
              "size": [
                5,
                1,
                0
              ],
              "uv": [
                38,
                60
              ]
            }
          ]
        },
        {
          "name": "Alis",
          "parent": "bone6",
          "pivot": [
            1,
            145,
            11
          ]
        },
        {
          "name": "bone7",
          "parent": "Alis",
          "pivot": [
            -1,
            146,
            11
          ],
          "cubes": [
            {
              "origin": [
                -5,
                147,
                11.1
              ],
              "size": [
                3,
                1,
                0
              ],
              "uv": [
                9,
                0
              ]
            },
            {
              "origin": [
                -2,
                147,
                11.1
              ],
              "size": [
                3,
                1,
                0
              ],
              "pivot": [
                -2,
                148,
                11
              ],
              "rotation": [
                0,
                0,
                40
              ],
              "uv": [
                9,
                0
              ]
            }
          ]
        },
        {
          "name": "bone8",
          "parent": "Alis",
          "pivot": [
            2,
            146,
            11
          ],
          "cubes": [
            {
              "origin": [
                1,
                145,
                11.1
              ],
              "size": [
                3,
                1,
                0
              ],
              "pivot": [
                1,
                146,
                11
              ],
              "rotation": [
                0,
                0,
                -40
              ],
              "uv": [
                9,
                0
              ]
            },
            {
              "origin": [
                3,
                147,
                11.1
              ],
              "size": [
                3,
                1,
                0
              ],
              "uv": [
                9,
                0
              ]
            }
          ]
        },
        {
          "name": "Leher",
          "parent": "bone6",
          "pivot": [
            1,
            135,
            3
          ],
          "cubes": [
            {
              "origin": [
                -3,
                122,
                -1
              ],
              "size": [
                7,
                13,
                7
              ],
              "uv": [
                0,
                42
              ]
            }
          ]
        },
        {
          "name": "Body2",
          "parent": "Body",
          "pivot": [
            0,
            113,
            0
          ],
          "cubes": [
            {
              "origin": [
                -26,
                112,
                -10
              ],
              "size": [
                53,
                19,
                21
              ],
              "uv": [
                148,
                0
              ]
            }
          ]
        },
        {
          "name": "Dasi",
          "parent": "Body2",
          "pivot": [
            0,
            127,
            -11
          ],
          "cubes": [
            {
              "origin": [
                -2,
                115,
                -11
              ],
              "size": [
                4,
                12,
                1
              ],
              "uv": [
                56,
                42
              ]
            }
          ]
        },
        {
          "name": "bone14",
          "parent": "Dasi",
          "pivot": [
            0,
            115,
            -11
          ],
          "cubes": [
            {
              "origin": [
                -2,
                101,
                -11
              ],
              "size": [
                4,
                14,
                1
              ],
              "uv": [
                0,
                0
              ]
            }
          ]
        },
        {
          "name": "bone13",
          "parent": "bone14",
          "pivot": [
            0,
            101,
            -11
          ],
          "cubes": [
            {
              "origin": [
                -2,
                89,
                -11
              ],
              "size": [
                4,
                12,
                1
              ],
              "uv": [
                56,
                42
              ]
            },
            {
              "origin": [
                -1,
                87,
                -11
              ],
              "size": [
                2,
                2,
                1
              ],
              "uv": [
                0,
                42
              ]
            }
          ]
        },
        {
          "name": "Tangan4",
          "parent": "Body2",
          "pivot": [
            -31,
            128,
            2
          ],
          "cubes": [
            {
              "origin": [
                -42,
                101,
                -5
              ],
              "size": [
                16,
                27,
                15
              ],
              "uv": [
                170,
                174
              ]
            },
            {
              "origin": [
                -41,
                79,
                -4
              ],
              "size": [
                13,
                22,
                13
              ],
              "uv": [
                47,
                204
              ]
            }
          ]
        },
        {
          "name": "bone12",
          "parent": "Tangan4",
          "pivot": [
            -34,
            79,
            8
          ],
          "cubes": [
            {
              "origin": [
                -40,
                39,
                -3
              ],
              "size": [
                11,
                40,
                11
              ],
              "uv": [
                121,
                79
              ]
            }
          ]
        },
        {
          "name": "Tangan3",
          "parent": "Body2",
          "pivot": [
            32,
            128,
            2
          ],
          "cubes": [
            {
              "origin": [
                26,
                101,
                -5
              ],
              "size": [
                16,
                27,
                15
              ],
              "uv": [
                0,
                0
              ]
            },
            {
              "origin": [
                27,
                79,
                -4
              ],
              "size": [
                13,
                22,
                13
              ],
              "uv": [
                184,
                107
              ]
            }
          ]
        },
        {
          "name": "bone11",
          "parent": "Tangan3",
          "pivot": [
            34,
            79,
            8
          ],
          "cubes": [
            {
              "origin": [
                28,
                39,
                -3
              ],
              "size": [
                11,
                40,
                11
              ],
              "uv": [
                121,
                79
              ]
            }
          ]
        }
      ]
    }
  ]
}