{
  "format_version": "1.12.0",
  "minecraft:geometry": [
    {
      "description": {
        "identifier": "geometry.pa_cw",
        "texture_width": 128,
        "texture_height": 128,
        "visible_bounds_width": 15,
        "visible_bounds_height": 5,
        "visible_bounds_offset": [
          0,
          1.5,
          0
        ]
      },
      "bones": [
        {
          "name": "Body",
          "pivot": [
            0,
            23,
            0
          ]
        },
        {
          "name": "bone5",
          "parent": "Body",
          "pivot": [
            0,
            18,
            0
          ],
          "cubes": [
            {
              "origin": [
                -4,
                25,
                -3
              ],
              "size": [
                8,
                5,
                5
              ],
              "uv": [
                0,
                11
              ]
            },
            {
              "origin": [
                -3,
                19,
                -3
              ],
              "size": [
                1,
                6,
                0
              ],
              "pivot": [
                -3,
                22,
                -3
              ],
              "rotation": [
                0,
                10,
                0
              ],
              "uv": [
                24,
                35
              ]
            },
            {
              "origin": [
                2,
                19,
                -3
              ],
              "size": [
                1,
                6,
                0
              ],
              "pivot": [
                3,
                22,
                -3
              ],
              "rotation": [
                0,
                -10,
                0
              ],
              "uv": [
                22,
                35
              ]
            },
            {
              "origin": [
                -4,
                23.79561,
                -3.09769
              ],
              "size": [
                8,
                6,
                5
              ],
              "pivot": [
                0,
                29,
                -3
              ],
              "rotation": [
                -14,
                0,
                0
              ],
              "uv": [
                0,
                0
              ]
            },
            {
              "origin": [
                -1,
                23.97812,
                -3.61124
              ],
              "size": [
                5,
                6,
                0
              ],
              "pivot": [
                1,
                27,
                -4
              ],
              "rotation": [
                -14.1342,
                9,
                -2.43177
              ],
              "uv": [
                42,
                15
              ]
            },
            {
              "origin": [
                -4,
                23.97812,
                -3.61124
              ],
              "size": [
                5,
                6,
                0
              ],
              "pivot": [
                -1,
                27,
                -4
              ],
              "rotation": [
                -14.22028,
                -9,
                2
              ],
              "uv": [
                33,
                0
              ]
            },
            {
              "origin": [
                -4,
                25,
                -3
              ],
              "size": [
                8,
                4,
                5
              ],
              "pivot": [
                4,
                25,
                -3
              ],
              "rotation": [
                0,
                0,
                -82.5
              ],
              "uv": [
                21,
                6
              ]
            },
            {
              "origin": [
                -4,
                25,
                -3
              ],
              "size": [
                8,
                4,
                5
              ],
              "pivot": [
                -4,
                25,
                -3
              ],
              "rotation": [
                0,
                0,
                85
              ],
              "uv": [
                0,
                21
              ]
            }
          ]
        },
        {
          "name": "Tembak",
          "parent": "bone5",
          "pivot": [
            0,
            28,
            -4
          ],
          "rotation": [
            -90,
            0,
            0
          ],
          "cubes": [
            {
              "origin": [
                -1,
                30,
                -3
              ],
              "size": [
                2,
                2,
                4
              ],
              "pivot": [
                0,
                31,
                -2
              ],
              "rotation": [
                0,
                0,
                -45
              ],
              "uv": [
                0,
                62
              ]
            },
            {
              "origin": [
                1,
                30.5,
                -2
              ],
              "size": [
                1,
                1,
                3
              ],
              "pivot": [
                0,
                31,
                -2
              ],
              "rotation": [
                0,
                0,
                -45
              ],
              "uv": [
                1,
                63
              ]
            },
            {
              "origin": [
                -1,
                30,
                -3
              ],
              "size": [
                2,
                2,
                1
              ],
              "uv": [
                3,
                65
              ]
            },
            {
              "origin": [
                -0.5,
                31,
                -7
              ],
              "size": [
                1,
                1,
                4
              ],
              "uv": [
                0,
                68
              ]
            },
            {
              "origin": [
                0,
                32,
                -6
              ],
              "size": [
                0,
                1,
                1
              ],
              "uv": [
                3,
                65
              ]
            }
          ]
        },
        {
          "name": "Afi",
          "parent": "Tembak",
          "pivot": [
            0,
            31,
            1
          ],
          "cubes": [
            {
              "origin": [
                -2,
                29,
                -6
              ],
              "size": [
                4,
                4,
                7
              ],
              "uv": [
                59,
                0
              ]
            }
          ]
        },
        {
          "name": "Tangan2",
          "parent": "bone5",
          "pivot": [
            -4,
            28,
            -1
          ],
          "cubes": [
            {
              "origin": [
                -6,
                19,
                -2
              ],
              "size": [
                2,
                9,
                3
              ],
              "uv": [
                30,
                49
              ]
            },
            {
              "origin": [
                -6,
                26,
                -2
              ],
              "size": [
                3,
                2,
                3
              ],
              "pivot": [
                -6,
                28,
                -2
              ],
              "rotation": [
                0,
                0,
                -42.5
              ],
              "uv": [
                26,
                15
              ]
            }
          ]
        },
        {
          "name": "bone",
          "parent": "Tangan2",
          "pivot": [
            -6,
            19,
            -1
          ],
          "cubes": [
            {
              "origin": [
                -6,
                10,
                -2
              ],
              "size": [
                2,
                9,
                3
              ],
              "uv": [
                47,
                47
              ]
            }
          ]
        },
        {
          "name": "Tangan",
          "parent": "bone5",
          "pivot": [
            4,
            28,
            -1
          ],
          "cubes": [
            {
              "origin": [
                4,
                19,
                -2
              ],
              "size": [
                2,
                9,
                3
              ],
              "uv": [
                47,
                22
              ]
            },
            {
              "origin": [
                3,
                26,
                -2
              ],
              "size": [
                3,
                2,
                3
              ],
              "pivot": [
                6,
                28,
                -2
              ],
              "rotation": [
                0.40202,
                0.58545,
                42.39907
              ],
              "uv": [
                21,
                0
              ]
            }
          ]
        },
        {
          "name": "bone2",
          "parent": "Tangan",
          "pivot": [
            6,
            19,
            -1
          ],
          "cubes": [
            {
              "origin": [
                4,
                10,
                -2
              ],
              "size": [
                2,
                9,
                3
              ],
              "uv": [
                20,
                47
              ]
            }
          ]
        },
        {
          "name": "Leher",
          "parent": "bone5",
          "pivot": [
            0,
            30,
            -1
          ],
          "cubes": [
            {
              "origin": [
                -1,
                30,
                -2
              ],
              "size": [
                2,
                4,
                2
              ],
              "uv": [
                0,
                30
              ]
            }
          ]
        },
        {
          "name": "bone6",
          "parent": "Leher",
          "pivot": [
            0,
            34,
            -2
          ],
          "cubes": [
            {
              "origin": [
                -7.5,
                32.5,
                -13
              ],
              "size": [
                2,
                2,
                8
              ],
              "pivot": [
                -4,
                33,
                -5
              ],
              "rotation": [
                0,
                180,
                0
              ],
              "uv": [
                30,
                15
              ]
            },
            {
              "origin": [
                -4.5,
                32.5,
                -13
              ],
              "size": [
                2,
                2,
                8
              ],
              "pivot": [
                -1,
                33,
                -5
              ],
              "rotation": [
                0,
                180,
                0
              ],
              "uv": [
                0,
                30
              ]
            },
            {
              "origin": [
                -4.5,
                32.5,
                -5
              ],
              "size": [
                0,
                2,
                1
              ],
              "pivot": [
                -1,
                33,
                -5
              ],
              "rotation": [
                0,
                180,
                0
              ],
              "uv": [
                0,
                12
              ]
            },
            {
              "origin": [
                0.5,
                32.5,
                -5
              ],
              "size": [
                0,
                2,
                1
              ],
              "pivot": [
                -1,
                33,
                -5
              ],
              "rotation": [
                0,
                180,
                0
              ],
              "uv": [
                2,
                12
              ]
            },
            {
              "origin": [
                -2,
                34,
                -13
              ],
              "size": [
                1,
                2,
                8
              ],
              "pivot": [
                -1,
                36,
                -5
              ],
              "rotation": [
                -180,
                0,
                -135
              ],
              "uv": [
                32,
                39
              ]
            },
            {
              "origin": [
                -1,
                34,
                -5
              ],
              "size": [
                0,
                2,
                2
              ],
              "pivot": [
                -1,
                36,
                -5
              ],
              "rotation": [
                -180,
                0,
                -135
              ],
              "uv": [
                0,
                0
              ]
            },
            {
              "origin": [
                0,
                36,
                -13
              ],
              "size": [
                1,
                2,
                8
              ],
              "pivot": [
                1,
                36,
                -5
              ],
              "rotation": [
                -180,
                0,
                -45
              ],
              "uv": [
                22,
                37
              ]
            },
            {
              "origin": [
                1,
                36,
                -9
              ],
              "size": [
                0,
                2,
                2
              ],
              "pivot": [
                1,
                36,
                -7
              ],
              "rotation": [
                -180,
                0,
                -45
              ],
              "uv": [
                0,
                9
              ]
            },
            {
              "origin": [
                0,
                29,
                -13
              ],
              "size": [
                1,
                2,
                8
              ],
              "pivot": [
                1,
                31,
                -5
              ],
              "rotation": [
                -180,
                0,
                45
              ],
              "uv": [
                12,
                35
              ]
            },
            {
              "origin": [
                -1,
                29,
                -13
              ],
              "size": [
                1,
                2,
                8
              ],
              "pivot": [
                -1,
                31,
                -5
              ],
              "rotation": [
                -180,
                0,
                -45
              ],
              "uv": [
                30,
                27
              ]
            },
            {
              "origin": [
                1,
                36,
                9
              ],
              "size": [
                2,
                0,
                2
              ],
              "pivot": [
                1,
                2,
                2
              ],
              "rotation": [
                0,
                180,
                0
              ],
              "uv": [
                19,
                21
              ]
            },
            {
              "origin": [
                1,
                31,
                1
              ],
              "size": [
                2,
                5,
                8
              ],
              "pivot": [
                1,
                1,
                2
              ],
              "rotation": [
                0,
                180,
                0
              ],
              "uv": [
                18,
                22
              ]
            },
            {
              "origin": [
                1,
                30,
                6
              ],
              "size": [
                1,
                1,
                2
              ],
              "pivot": [
                1,
                1,
                2
              ],
              "rotation": [
                0,
                180,
                0
              ],
              "uv": [
                12,
                30
              ]
            }
          ]
        },
        {
          "name": "Lamrah",
          "parent": "bone6",
          "pivot": [
            0,
            33,
            -5
          ],
          "cubes": [
            {
              "origin": [
                15.5,
                31,
                -11.8
              ],
              "size": [
                5,
                5,
                0
              ],
              "pivot": [
                9,
                1,
                -5
              ],
              "rotation": [
                0,
                180,
                0
              ],
              "uv": [
                57,
                39
              ]
            }
          ]
        },
        {
          "name": "Lampu",
          "parent": "bone6",
          "pivot": [
            0,
            33,
            -4
          ],
          "cubes": [
            {
              "origin": [
                15.5,
                31,
                -4.8
              ],
              "size": [
                5,
                5,
                0
              ],
              "pivot": [
                9,
                1,
                -5
              ],
              "rotation": [
                0,
                180,
                0
              ],
              "uv": [
                57,
                34
              ]
            }
          ]
        },
        {
          "name": "RightLeg",
          "parent": "Body",
          "pivot": [
            -1,
            18,
            0
          ],
          "rotation": [
            0,
            0,
            2.5
          ],
          "cubes": [
            {
              "origin": [
                -3,
                8,
                -2
              ],
              "size": [
                3,
                10,
                3
              ],
              "uv": [
                47,
                0
              ]
            },
            {
              "origin": [
                -3.97534,
                8.69712,
                -3.26006
              ],
              "size": [
                2,
                11,
                0
              ],
              "pivot": [
                -3,
                14,
                -3
              ],
              "rotation": [
                0,
                7.5,
                2.5
              ],
              "uv": [
                40,
                49
              ]
            },
            {
              "origin": [
                -4.7585,
                8.69712,
                2
              ],
              "size": [
                5,
                11,
                0
              ],
              "pivot": [
                -3,
                14,
                -3
              ],
              "rotation": [
                0,
                7.5,
                2.5
              ],
              "uv": [
                0,
                51
              ]
            },
            {
              "origin": [
                -3.8,
                9,
                -3
              ],
              "size": [
                0,
                11,
                5
              ],
              "pivot": [
                -3,
                18,
                -3
              ],
              "rotation": [
                0,
                0,
                2.5
              ],
              "uv": [
                0,
                35
              ]
            }
          ]
        },
        {
          "name": "bone3",
          "parent": "RightLeg",
          "pivot": [
            0,
            8,
            -2
          ],
          "cubes": [
            {
              "origin": [
                -3,
                0,
                -2
              ],
              "size": [
                3,
                8,
                2
              ],
              "uv": [
                10,
                56
              ]
            }
          ]
        },
        {
          "name": "LeftLeg",
          "parent": "Body",
          "pivot": [
            2,
            18,
            0
          ],
          "rotation": [
            0,
            0,
            -2.5
          ],
          "cubes": [
            {
              "origin": [
                0,
                8,
                -2
              ],
              "size": [
                3,
                10,
                3
              ],
              "uv": [
                45,
                34
              ]
            },
            {
              "origin": [
                1.98767,
                8.73646,
                -3.13003
              ],
              "size": [
                2,
                11,
                0
              ],
              "pivot": [
                4,
                14,
                -3
              ],
              "rotation": [
                0,
                -7.5,
                -2.5
              ],
              "uv": [
                43,
                0
              ]
            },
            {
              "origin": [
                -0.22917,
                8.73646,
                2
              ],
              "size": [
                5,
                11,
                0
              ],
              "pivot": [
                4,
                14,
                -3
              ],
              "rotation": [
                0,
                -7.5,
                -2.5
              ],
              "uv": [
                54,
                13
              ]
            },
            {
              "origin": [
                3.8,
                9,
                -3
              ],
              "size": [
                0,
                11,
                5
              ],
              "pivot": [
                7,
                18,
                0
              ],
              "rotation": [
                0,
                0,
                -2.5
              ],
              "uv": [
                10,
                40
              ]
            }
          ]
        },
        {
          "name": "bone4",
          "parent": "LeftLeg",
          "pivot": [
            0,
            8,
            -2
          ],
          "cubes": [
            {
              "origin": [
                0,
                0,
                -2
              ],
              "size": [
                3,
                8,
                2
              ],
              "uv": [
                10,
                56
              ]
            }
          ]
        }
      ]
    }
  ]
}