{
  "format_version": "1.17.10",
  "minecraft:item": {
    "description": {
      "identifier": "dbe:magic_stick",
      "category": "equipment"
    },
    
    "components": {
      "minecraft:creative_category": {
        "parent": "itemGroup.name.sword"
      },
      "minecraft:icon": {
        "texture": "magic_stick"
      },
      "minecraft:display_name": {
        "value": "item.dbe:magic_stick.name"
      },
      "minecraft:cooldown": {
        "category": "magic_stick",
        "duration": 1
      },
      "minecraft:on_use": {
        "on_use": {
          "event": "dbe:command",
          "condition": "q.is_on_ground"
        }
      },
      "minecraft:fuel": {
        "duration": 5
      },
      "minecraft:max_stack_size": 1,
      "minecraft:use_duration": 0.1,
      "minecraft:damage": 20,
      "minecraft:should_despawn": false,
      "minecraft:explodable": false,
      "minecraft:hand_equipped": true,
      "minecraft:can_destroy_in_creative": false,
      "minecraft:weapon": {}
    },
    
    "events": {
      "dbe:command": {
        "run_command": {
          "command": [
            "event entity @s dbe:magic_stick_jump",
            "playanimation @s animation.magic_stick.expand \"\" 0.5"
          ]
        }
      }
    }
  }
}