{
	"format_version": "1.17.100",
	"minecraft:npc_dialogue":
	{
		"scenes":
		[
			{
				"scene_tag": "loja3",
				"npc_name": { "rawtext": [ {"text":"Menu..."} ] },
				"text": { "rawtext": [ {"text":"Loja ... \n All For One > 3000 COINS \n HAWKS > 2000 COINS \n EM BREVE "} ] },
				"buttons": [
					{
						"name": { "rawtext": [ {"text":"$ ALL FOR ONE"} ] },
						"commands": [
							"/execute @initiator[scores={xp=3000..9999999}] ~ ~ ~
give @p yt:allforone",
							"/execute @p[scores={xp=3000..500000}] ~ ~ ~ scoreboard players remove @p xp 3000"
						]
					},
					{
						"name": { "rawtext": [ {"text":"$ HAWKS"} ] },
						"commands": [
							"/execute @initiator[scores={xp=2000..9999999}] ~ ~ ~ give @p yt:hawks",
							"/execute @p[scores={xp=2000..500000}] ~ ~ ~ scoreboard players remove @p xp 2000"
						]
					},
		    {
 					"name": { "rawtext": [ {"text":"EM BREVE...."} ] },
						"commands": [
							"/dialogue open @s"
						]
					},
					{
						"name": { "rawtext": [ {"text":"§4Sair"} ] },
						"commands": [
						]
					}
				]
			}
		]
	}
}
