{
	"format_version": "1.17.100",
	"minecraft:npc_dialogue":
	{
		"scenes":
		[
			{
				"scene_tag": "loja2",
				"npc_name": { "rawtext": [ {"text":"Menu..."} ] },
				"text": { "rawtext": [ {"text":"Loja ... \n ESPADA DE SLIME : 1000 \n ESPADA MONARCA : 1200 \n PUNHAL KNGHT SLAYER : 1000"} ] },
				"buttons": [
					{
						"name": { "rawtext": [ {"text":"$ SLIME"} ] },
						"commands": [
							"/execute @initiator[scores={xp=1000..9999999}] ~ ~ ~
give @p yt:espada_slime",
							"/execute @p[scores={xp=1000..500000}] ~ ~ ~ scoreboard players remove @p xp 1000"
						]
					},
					{
 					"name": { "rawtext": [ {"text":"$ MONARCA"} ] },
						"commands": [
							"/execute @initiator[scores={xp=1000..9999999}] ~ ~ ~
give @p yt:rei_demonio_espada",
							"/execute @p[scores={xp=1000..500000}] ~ ~ ~ scoreboard players remove @p xp 1000"
						]
					},
					{
					"name": { "rawtext": [ {"text":"$ KNGHT SLAYER"} ] },
						"commands": [
							"/execute @initiator[scores={xp=800..9999999}] ~ ~ ~
give @p yt:knght_slayer",
							"/execute @p[scores={xp=800..500000}] ~ ~ ~ scoreboard players remove @p xp 800"
						]
					},
					{
						"name": { "rawtext": [ {"text":"§4Sair"} ] },
						"commands": [
						]
					}
				]
			}
		]
	}
}
