{
	"format_version": "1.17.100",
	"minecraft:npc_dialogue":
	{
		"scenes":
		[
			{
				"scene_tag": "loja",
				"npc_name": { "rawtext": [ {"text":"Menu..."} ] },
				"text": { "rawtext": [ {"text":"Loja ... \n LANCA DO BARBA BRANCA : 1000 \n YORU : 1000 \n FOICE DE KI : 800 \n ZABUZA ESPADA : 500 "} ] },
				"buttons": [
					{
						"name": { "rawtext": [ {"text":"$ LANCA"} ] },
						"commands": [
							"/execute @initiator[scores={xp=1000..9999999}] ~ ~ ~
give @p yt:murakumogiri",
							"/execute @p[scores={xp=1000..500000}] ~ ~ ~ scoreboard players remove @p xp 1000"
						]
					},
					{
 					"name": { "rawtext": [ {"text":"$ YORU"} ] },
						"commands": [
							"/execute @initiator[scores={xp=1000..9999999}] ~ ~ ~
give @p yt:yoru",
							"/execute @p[scores={xp=1000..500000}] ~ ~ ~ scoreboard players remove @p xp 1000"
						]
					},
					{
					"name": { "rawtext": [ {"text":"$ FOICE"} ] },
						"commands": [
							"/execute @initiator[scores={xp=800..9999999}] ~ ~ ~
give @p yt:foice_ki",
							"/execute @p[scores={xp=800..500000}] ~ ~ ~ scoreboard players remove @p xp 800"
						]
					},
					{
					"name": { "rawtext": [ {"text":"$ ZABUZA"} ] },
						"commands": [
							"/execute @initiator[scores={xp=500..9999999}] ~ ~ ~
give @p yt:zabuza_espada",
							"/execute @p[scores={xp=500..500000}] ~ ~ ~ scoreboard players remove @p xp 500"
						]
					},
					{
 					"name": { "rawtext": [ {"text":"PROXIMO"} ] },
						"commands": [
							"/dialogue open @s @p loja2"
						]
					},
					{
						"name": { "rawtext": [ {"text":"§4Sair"} ] },
						"commands": [
						]
					}
				]
			}
		]
	}
}
