{
	"format_version": "1.17.100",
	"minecraft:npc_dialogue":
	{
		"scenes":
		[
			{
				"scene_tag": "menu0",
				"npc_name": { "rawtext": [ {"text":"SETUP"} ] },
				"text": { "rawtext": [ {"text":"MENU ... \n Loja : ONDE VOCÊ COMPRARA ESPADAS , ARMAS E HABILIDADES DOS ANIMES COM COINS \n MANA PARA CRAFT : ONDE VOCÊ USARA SEUS COINS PARA COMPRAR MANA UNIVERSAL PARA CRAFT $ 100 COINS \n QUESTS : FAZER MISSOES QUE TEM DROP DE COINS MAIS ALTOS  "} ] },
				"buttons": [
					{

						"name": { "rawtext": [ {"text":"§eSHOP"} ] },
						"commands": [
							"/dialogue open @s @p loja"
						]
					},
					{

  					"name": { "rawtext": [ {"text":"§d MANAS "} ] },
						"commands": [
							"/execute @initiator[scores={xp=100..9999999}] ~ ~ ~
give @p yt:tp",
							"/execute @p[scores={xp=100..500000}] ~ ~ ~ scoreboard players remove @p xp 100"
						]
					},
		  		{
						"name": { "rawtext": [ {"text":"§eQUEST"} ] },
						"commands": [
							"/dialogue open @s @p quest"
						]
					},
					{
						"name": { "rawtext": [ {"text":"§4FECHAR"} ] },
						"commands": [
							"/function des_magHDHia"
						]
					}
				]
			}
		]
	}
}
