{
	"format_version": "1.17.100",
	"minecraft:npc_dialogue":
	{
		"scenes":
		[
			{
				"scene_tag": "up",
				"npc_name": { "rawtext": [ {"text":"SETUP"} ] },
				"text": { "rawtext": [ {"text":"MENU ... \n Treinar quirk"} ] },
				"buttons": [
					{

						"name": { "rawtext": [ {"text":"ONE FOR ALL"} ] },
						"commands": [
							"summon yt:dekum"
						]
					},
					{
						"name": { "rawtext": [ {"text":"EXPLOSAO"} ] },
						"commands": [
							"summon yt:bakugoum"
						]
					},
					{
  					"name": { "rawtext": [ {"text":"MEIO A MEIO"} ] },
						"commands": [
							"summon yt:todorokim"
						]
					},
		  		{
  					"name": { "rawtext": [ {"text":"GRAVIDADE 0"} ] },
						"commands": [
							"summon yt:urarakam"
						]
					},
		  		{
  					"name": { "rawtext": [ {"text":"PROXIMO"} ] },
						"commands": [
							"/dialogue open @s @p up2"
						]
					},
		  		{
						"name": { "rawtext": [ {"text":"§4FECHAR"} ] },
						"commands": [
							"/function des_magHDHia"
						]
					}
				]
			}
		]
	}
}
