{
	"format_version": "1.17.100",
	"minecraft:npc_dialogue":
	{
		"scenes":
		[
			{
				"scene_tag": "up2",
				"npc_name": { "rawtext": [ {"text":"SETUP"} ] },
				"text": { "rawtext": [ {"text":"MENU ... \n Treinar quirk"} ] },
				"buttons": [
					{

						"name": { "rawtext": [ {"text":"CREMACAO"} ] },
						"commands": [
							"summon yt:dabim"
						]
					},
					{
						"name": { "rawtext": [ {"text":"DARK SHADOW"} ] },
						"commands": [
							"summon yt:tokoyamem"
						]
					},
					{
  					"name": { "rawtext": [ {"text":"HELL FLAME"} ] },
						"commands": [
							"summon yt:endeavorm"
						]
					},
		  		{
  					"name": { "rawtext": [ {"text":"ALL FOR ONE"} ] },
						"commands": [
							"summon yt:allforonem"
						]
					},
		  		{

						"name": { "rawtext": [ {"text":"§4FECHAR"} ] },
						"commands": [
							"/function des_magHDHia"
						]
					}
				]
			}
		]
	}
}
