{
  "format_version": "1.10.0",
  "render_controllers": {
    "controller.render.deku": {
      "geometry": "Geometry.deku",
      "textures": [
        "Texture.deku"
      ],
      "materials": [
        {
          "*": "Material.default"
        }
      ]
    },
    "controller.render.dekuoutline": {
      "geometry": "Geometry.dekuoutline",
      "textures": [
        "Texture.black"
      ],
      "materials": [
        {
          "*": "Material.haki"
        }
      ]
    },
    "controller.render.dekuoutline2": {
      "geometry": "Geometry.dekuoutline2",
      "textures": [
        "Texture.green"
      ],
      "materials": [
        {
          "*": "Material.haki"
        }
      ]
    },
    "controller.render.dekucalvo": {
      "geometry": "Geometry.dekucalvo",
      "textures": [
        "Texture.deku"
      ],
      "materials": [
        {
          "*": "Material.default"
        }
      ]
    }
  }
}