{
  "format_version": "1.12.0",
  "minecraft:geometry": [
    {
      "description": {
        "identifier": "geometry.pa_adoroza",
        "texture_width": 64,
        "texture_height": 64,
        "visible_bounds_width": 3,
        "visible_bounds_height": 3.5,
        "visible_bounds_offset": [
          0,
          1.25,
          0
        ]
      },
      "bones": [
        {
          "name": "bone",
          "pivot": [
            -0.48268,
            6.44735,
            0.7597
          ],
          "rotation": [
            0,
            180,
            0
          ],
          "cubes": [
            {
              "origin": [
                -3.82,
                0,
                -0.88
              ],
              "size": [
                6.58,
                6.58,
                3.76
              ],
              "uv": {
                "north": {
                  "uv": [
                    18,
                    14
                  ],
                  "uv_size": [
                    7,
                    7
                  ]
                },
                "east": {
                  "uv": [
                    7,
                    18
                  ],
                  "uv_size": [
                    4,
                    7
                  ]
                },
                "south": {
                  "uv": [
                    18,
                    21
                  ],
                  "uv_size": [
                    7,
                    7
                  ]
                },
                "west": {
                  "uv": [
                    22,
                    0
                  ],
                  "uv_size": [
                    4,
                    7
                  ]
                },
                "up": {
                  "uv": [
                    22,
                    7
                  ],
                  "uv_size": [
                    7,
                    4
                  ]
                },
                "down": {
                  "uv": [
                    11,
                    27
                  ],
                  "uv_size": [
                    7,
                    -4
                  ]
                }
              }
            },
            {
              "origin": [
                -5.7,
                6.58,
                -2.76
              ],
              "size": [
                10.34,
                8.46,
                6.58
              ],
              "uv": {
                "north": {
                  "uv": [
                    0,
                    0
                  ],
                  "uv_size": [
                    11,
                    9
                  ]
                },
                "east": {
                  "uv": [
                    11,
                    14
                  ],
                  "uv_size": [
                    7,
                    9
                  ]
                },
                "south": {
                  "uv": [
                    0,
                    9
                  ],
                  "uv_size": [
                    11,
                    9
                  ]
                },
                "west": {
                  "uv": [
                    0,
                    18
                  ],
                  "uv_size": [
                    7,
                    9
                  ]
                },
                "up": {
                  "uv": [
                    11,
                    0
                  ],
                  "uv_size": [
                    11,
                    7
                  ]
                },
                "down": {
                  "uv": [
                    11,
                    14
                  ],
                  "uv_size": [
                    11,
                    -7
                  ]
                }
              }
            },
            {
              "origin": [
                -3.82,
                0,
                -2.76
              ],
              "size": [
                1.88,
                1.88,
                1.88
              ],
              "uv": {
                "north": {
                  "uv": [
                    3,
                    30
                  ],
                  "uv_size": [
                    2,
                    2
                  ]
                },
                "east": {
                  "uv": [
                    20,
                    30
                  ],
                  "uv_size": [
                    2,
                    2
                  ]
                },
                "south": {
                  "uv": [
                    22,
                    30
                  ],
                  "uv_size": [
                    2,
                    2
                  ]
                },
                "west": {
                  "uv": [
                    30,
                    23
                  ],
                  "uv_size": [
                    2,
                    2
                  ]
                },
                "up": {
                  "uv": [
                    28,
                    30
                  ],
                  "uv_size": [
                    2,
                    2
                  ]
                },
                "down": {
                  "uv": [
                    30,
                    32
                  ],
                  "uv_size": [
                    2,
                    -2
                  ]
                }
              }
            },
            {
              "origin": [
                0.88,
                0,
                -2.76
              ],
              "size": [
                1.88,
                1.88,
                1.88
              ],
              "uv": {
                "north": {
                  "uv": [
                    31,
                    0
                  ],
                  "uv_size": [
                    2,
                    2
                  ]
                },
                "east": {
                  "uv": [
                    31,
                    2
                  ],
                  "uv_size": [
                    2,
                    2
                  ]
                },
                "south": {
                  "uv": [
                    31,
                    4
                  ],
                  "uv_size": [
                    2,
                    2
                  ]
                },
                "west": {
                  "uv": [
                    5,
                    31
                  ],
                  "uv_size": [
                    2,
                    2
                  ]
                },
                "up": {
                  "uv": [
                    31,
                    6
                  ],
                  "uv_size": [
                    2,
                    2
                  ]
                },
                "down": {
                  "uv": [
                    7,
                    33
                  ],
                  "uv_size": [
                    2,
                    -2
                  ]
                }
              }
            },
            {
              "origin": [
                -14.70778,
                7.82865,
                0.06
              ],
              "size": [
                3.76,
                3.76,
                1.88
              ],
              "pivot": [
                -1,
                0,
                1
              ],
              "rotation": [
                0,
                0,
                40
              ],
              "uv": {
                "north": {
                  "uv": [
                    7,
                    25
                  ],
                  "uv_size": [
                    4,
                    4
                  ]
                },
                "east": {
                  "uv": [
                    29,
                    7
                  ],
                  "uv_size": [
                    2,
                    4
                  ]
                },
                "south": {
                  "uv": [
                    25,
                    11
                  ],
                  "uv_size": [
                    4,
                    4
                  ]
                },
                "west": {
                  "uv": [
                    10,
                    29
                  ],
                  "uv_size": [
                    2,
                    4
                  ]
                },
                "up": {
                  "uv": [
                    29,
                    11
                  ],
                  "uv_size": [
                    4,
                    2
                  ]
                },
                "down": {
                  "uv": [
                    12,
                    31
                  ],
                  "uv_size": [
                    4,
                    -2
                  ]
                }
              }
            },
            {
              "origin": [
                -1.94,
                -0.39724,
                3.10821
              ],
              "size": [
                2.82,
                2.82,
                4.7
              ],
              "pivot": [
                -1,
                0,
                1
              ],
              "rotation": [
                17.5,
                0,
                0
              ],
              "uv": {
                "north": {
                  "uv": [
                    22,
                    11
                  ],
                  "uv_size": [
                    3,
                    3
                  ]
                },
                "east": {
                  "uv": [
                    25,
                    23
                  ],
                  "uv_size": [
                    5,
                    3
                  ]
                },
                "south": {
                  "uv": [
                    3,
                    27
                  ],
                  "uv_size": [
                    3,
                    3
                  ]
                },
                "west": {
                  "uv": [
                    26,
                    0
                  ],
                  "uv_size": [
                    5,
                    3
                  ]
                },
                "up": {
                  "uv": [
                    25,
                    26
                  ],
                  "uv_size": [
                    3,
                    5
                  ]
                },
                "down": {
                  "uv": [
                    0,
                    32
                  ],
                  "uv_size": [
                    3,
                    -5
                  ]
                }
              }
            },
            {
              "origin": [
                9.88778,
                6.88865,
                0.06
              ],
              "size": [
                3.76,
                3.76,
                1.88
              ],
              "pivot": [
                -1,
                0,
                1
              ],
              "rotation": [
                0,
                0,
                -40
              ],
              "uv": {
                "north": {
                  "uv": [
                    25,
                    15
                  ],
                  "uv_size": [
                    4,
                    4
                  ]
                },
                "east": {
                  "uv": [
                    29,
                    13
                  ],
                  "uv_size": [
                    2,
                    4
                  ]
                },
                "south": {
                  "uv": [
                    25,
                    19
                  ],
                  "uv_size": [
                    4,
                    4
                  ]
                },
                "west": {
                  "uv": [
                    29,
                    17
                  ],
                  "uv_size": [
                    2,
                    4
                  ]
                },
                "up": {
                  "uv": [
                    29,
                    21
                  ],
                  "uv_size": [
                    4,
                    2
                  ]
                },
                "down": {
                  "uv": [
                    16,
                    32
                  ],
                  "uv_size": [
                    4,
                    -2
                  ]
                }
              }
            },
            {
              "origin": [
                -2.47689,
                5.06542,
                0.06
              ],
              "size": [
                3.76,
                1.88,
                1.88
              ],
              "pivot": [
                -1,
                0,
                1
              ],
              "rotation": [
                0,
                0,
                -42.5
              ],
              "uv": {
                "north": {
                  "uv": [
                    0,
                    0
                  ],
                  "uv_size": [
                    4,
                    2
                  ]
                },
                "east": {
                  "uv": [
                    0,
                    0
                  ],
                  "uv_size": [
                    2,
                    2
                  ]
                },
                "south": {
                  "uv": [
                    0,
                    0
                  ],
                  "uv_size": [
                    4,
                    2
                  ]
                },
                "west": {
                  "uv": [
                    0,
                    0
                  ],
                  "uv_size": [
                    2,
                    2
                  ]
                },
                "up": {
                  "uv": [
                    4,
                    2
                  ],
                  "uv_size": [
                    -4,
                    -2
                  ]
                },
                "down": {
                  "uv": [
                    4,
                    2
                  ],
                  "uv_size": [
                    -4,
                    -2
                  ]
                }
              }
            },
            {
              "origin": [
                -3.28311,
                6.00543,
                0.06
              ],
              "size": [
                4.7,
                1.88,
                1.88
              ],
              "pivot": [
                -1,
                0,
                1
              ],
              "rotation": [
                0,
                0,
                42.5
              ],
              "uv": {
                "north": {
                  "uv": [
                    4,
                    0
                  ],
                  "uv_size": [
                    5,
                    2
                  ]
                },
                "east": {
                  "uv": [
                    2,
                    0
                  ],
                  "uv_size": [
                    2,
                    2
                  ]
                },
                "south": {
                  "uv": [
                    4,
                    0
                  ],
                  "uv_size": [
                    5,
                    2
                  ]
                },
                "west": {
                  "uv": [
                    2,
                    0
                  ],
                  "uv_size": [
                    2,
                    2
                  ]
                },
                "up": {
                  "uv": [
                    9,
                    2
                  ],
                  "uv_size": [
                    -5,
                    -2
                  ]
                },
                "down": {
                  "uv": [
                    9,
                    2
                  ],
                  "uv_size": [
                    -5,
                    -2
                  ]
                }
              }
            }
          ]
        }
      ]
    }
  ]
}