{
  "format_version": "1.12.0",
  "minecraft:geometry": [
    {
      "description": {
        "identifier": "geometry.pa_chococat",
        "texture_width": 32,
        "texture_height": 32,
        "visible_bounds_width": 3,
        "visible_bounds_height": 3.5,
        "visible_bounds_offset": [
          0,
          1.25,
          0
        ]
      },
      "bones": [
        {
          "name": "bone",
          "pivot": [
            0.04545,
            6.60656,
            -0.37818
          ],
          "rotation": [
            0,
            180,
            0
          ],
          "cubes": [
            {
              "origin": [
                -5,
                7,
                -3
              ],
              "size": [
                10,
                7,
                7
              ],
              "uv": {
                "north": {
                  "uv": [
                    0,
                    0
                  ],
                  "uv_size": [
                    10,
                    7
                  ]
                },
                "east": {
                  "uv": [
                    0,
                    14
                  ],
                  "uv_size": [
                    7,
                    7
                  ]
                },
                "south": {
                  "uv": [
                    0,
                    7
                  ],
                  "uv_size": [
                    10,
                    7
                  ]
                },
                "west": {
                  "uv": [
                    7,
                    14
                  ],
                  "uv_size": [
                    7,
                    7
                  ]
                },
                "up": {
                  "uv": [
                    10,
                    0
                  ],
                  "uv_size": [
                    10,
                    7
                  ]
                },
                "down": {
                  "uv": [
                    10,
                    14
                  ],
                  "uv_size": [
                    10,
                    -7
                  ]
                }
              }
            },
            {
              "origin": [
                -0.17085,
                4.16479,
                0
              ],
              "size": [
                4.6,
                1.84,
                1.84
              ],
              "pivot": [
                0,
                0,
                0
              ],
              "rotation": [
                0,
                0,
                -52.5
              ],
              "uv": {
                "north": {
                  "uv": [
                    24,
                    11
                  ],
                  "uv_size": [
                    4.5,
                    2
                  ]
                },
                "east": {
                  "uv": [
                    27,
                    25
                  ],
                  "uv_size": [
                    2,
                    2
                  ]
                },
                "south": {
                  "uv": [
                    24,
                    13
                  ],
                  "uv_size": [
                    4.5,
                    2
                  ]
                },
                "west": {
                  "uv": [
                    27,
                    27
                  ],
                  "uv_size": [
                    2,
                    2
                  ]
                },
                "up": {
                  "uv": [
                    24,
                    15
                  ],
                  "uv_size": [
                    4.5,
                    2
                  ]
                },
                "down": {
                  "uv": [
                    24,
                    19
                  ],
                  "uv_size": [
                    4.5,
                    -2
                  ]
                }
              }
            },
            {
              "origin": [
                -4.42915,
                4.16479,
                0
              ],
              "size": [
                4.6,
                1.84,
                1.84
              ],
              "pivot": [
                0,
                0,
                0
              ],
              "rotation": [
                0,
                0,
                52.5
              ],
              "uv": {
                "north": {
                  "uv": [
                    24,
                    19
                  ],
                  "uv_size": [
                    4.5,
                    2
                  ]
                },
                "east": {
                  "uv": [
                    28,
                    0
                  ],
                  "uv_size": [
                    2,
                    2
                  ]
                },
                "south": {
                  "uv": [
                    24,
                    21
                  ],
                  "uv_size": [
                    4.5,
                    2
                  ]
                },
                "west": {
                  "uv": [
                    28,
                    2
                  ],
                  "uv_size": [
                    2,
                    2
                  ]
                },
                "up": {
                  "uv": [
                    24,
                    23
                  ],
                  "uv_size": [
                    4.5,
                    2
                  ]
                },
                "down": {
                  "uv": [
                    0,
                    27
                  ],
                  "uv_size": [
                    4.5,
                    -2
                  ]
                }
              }
            },
            {
              "origin": [
                -3,
                0,
                -1
              ],
              "size": [
                6,
                7,
                4
              ],
              "uv": {
                "north": {
                  "uv": [
                    14,
                    14
                  ],
                  "uv_size": [
                    6,
                    7
                  ]
                },
                "east": {
                  "uv": [
                    20,
                    7
                  ],
                  "uv_size": [
                    4,
                    7
                  ]
                },
                "south": {
                  "uv": [
                    20,
                    0
                  ],
                  "uv_size": [
                    6,
                    7
                  ]
                },
                "west": {
                  "uv": [
                    20,
                    14
                  ],
                  "uv_size": [
                    4,
                    7
                  ]
                },
                "up": {
                  "uv": [
                    0,
                    21
                  ],
                  "uv_size": [
                    6,
                    4
                  ]
                },
                "down": {
                  "uv": [
                    6,
                    25
                  ],
                  "uv_size": [
                    6,
                    -4
                  ]
                }
              }
            },
            {
              "origin": [
                -3,
                0,
                -5
              ],
              "size": [
                2,
                2,
                4
              ],
              "uv": {
                "north": {
                  "uv": [
                    28,
                    6
                  ],
                  "uv_size": [
                    2,
                    2
                  ]
                },
                "east": {
                  "uv": [
                    5,
                    25
                  ],
                  "uv_size": [
                    4,
                    2
                  ]
                },
                "south": {
                  "uv": [
                    28,
                    8
                  ],
                  "uv_size": [
                    2,
                    2
                  ]
                },
                "west": {
                  "uv": [
                    9,
                    25
                  ],
                  "uv_size": [
                    4,
                    2
                  ]
                },
                "up": {
                  "uv": [
                    13,
                    25
                  ],
                  "uv_size": [
                    2,
                    4
                  ]
                },
                "down": {
                  "uv": [
                    15,
                    29
                  ],
                  "uv_size": [
                    2,
                    -4
                  ]
                }
              }
            },
            {
              "origin": [
                -8.25434,
                7.12338,
                -3
              ],
              "size": [
                2,
                1,
                0
              ],
              "pivot": [
                0,
                0,
                0
              ],
              "rotation": [
                0,
                0,
                15
              ],
              "uv": {
                "north": {
                  "uv": [
                    28,
                    6
                  ],
                  "uv_size": [
                    2,
                    2
                  ]
                },
                "east": {
                  "uv": [
                    5,
                    25
                  ],
                  "uv_size": [
                    4,
                    2
                  ]
                },
                "south": {
                  "uv": [
                    28,
                    8
                  ],
                  "uv_size": [
                    2,
                    2
                  ]
                },
                "west": {
                  "uv": [
                    9,
                    25
                  ],
                  "uv_size": [
                    4,
                    2
                  ]
                },
                "up": {
                  "uv": [
                    13,
                    25
                  ],
                  "uv_size": [
                    2,
                    4
                  ]
                },
                "down": {
                  "uv": [
                    15,
                    29
                  ],
                  "uv_size": [
                    2,
                    -4
                  ]
                }
              }
            },
            {
              "origin": [
                6.25434,
                7.12338,
                -3
              ],
              "size": [
                2,
                1,
                0
              ],
              "pivot": [
                0,
                0,
                0
              ],
              "rotation": [
                0,
                0,
                -15
              ],
              "uv": {
                "north": {
                  "uv": [
                    30,
                    6
                  ],
                  "uv_size": [
                    -2,
                    2
                  ]
                },
                "east": {
                  "uv": [
                    13,
                    25
                  ],
                  "uv_size": [
                    -4,
                    2
                  ]
                },
                "south": {
                  "uv": [
                    30,
                    8
                  ],
                  "uv_size": [
                    -2,
                    2
                  ]
                },
                "west": {
                  "uv": [
                    9,
                    25
                  ],
                  "uv_size": [
                    -4,
                    2
                  ]
                },
                "up": {
                  "uv": [
                    15,
                    25
                  ],
                  "uv_size": [
                    -2,
                    4
                  ]
                },
                "down": {
                  "uv": [
                    17,
                    29
                  ],
                  "uv_size": [
                    -2,
                    -4
                  ]
                }
              }
            },
            {
              "origin": [
                1,
                0,
                -5
              ],
              "size": [
                2,
                2,
                4
              ],
              "uv": {
                "north": {
                  "uv": [
                    4,
                    29
                  ],
                  "uv_size": [
                    2,
                    2
                  ]
                },
                "east": {
                  "uv": [
                    17,
                    25
                  ],
                  "uv_size": [
                    4,
                    2
                  ]
                },
                "south": {
                  "uv": [
                    6,
                    29
                  ],
                  "uv_size": [
                    2,
                    2
                  ]
                },
                "west": {
                  "uv": [
                    21,
                    25
                  ],
                  "uv_size": [
                    4,
                    2
                  ]
                },
                "up": {
                  "uv": [
                    25,
                    25
                  ],
                  "uv_size": [
                    2,
                    4
                  ]
                },
                "down": {
                  "uv": [
                    26,
                    4
                  ],
                  "uv_size": [
                    2,
                    -4
                  ]
                }
              }
            },
            {
              "origin": [
                -9.94938,
                10.06933,
                -1
              ],
              "size": [
                4,
                4,
                2
              ],
              "pivot": [
                0,
                0,
                0
              ],
              "rotation": [
                0,
                0,
                20
              ],
              "uv": {
                "north": {
                  "uv": [
                    12,
                    21
                  ],
                  "uv_size": [
                    4,
                    4
                  ]
                },
                "east": {
                  "uv": [
                    0,
                    27
                  ],
                  "uv_size": [
                    2,
                    4
                  ]
                },
                "south": {
                  "uv": [
                    16,
                    21
                  ],
                  "uv_size": [
                    4,
                    4
                  ]
                },
                "west": {
                  "uv": [
                    2,
                    27
                  ],
                  "uv_size": [
                    2,
                    4
                  ]
                },
                "up": {
                  "uv": [
                    26,
                    4
                  ],
                  "uv_size": [
                    4,
                    2
                  ]
                },
                "down": {
                  "uv": [
                    4,
                    29
                  ],
                  "uv_size": [
                    4,
                    -2
                  ]
                }
              }
            },
            {
              "origin": [
                5.94938,
                10.06933,
                -1
              ],
              "size": [
                4,
                4,
                2
              ],
              "pivot": [
                0,
                0,
                0
              ],
              "rotation": [
                0,
                0,
                -20
              ],
              "uv": {
                "north": {
                  "uv": [
                    20,
                    21
                  ],
                  "uv_size": [
                    4,
                    4
                  ]
                },
                "east": {
                  "uv": [
                    8,
                    27
                  ],
                  "uv_size": [
                    2,
                    4
                  ]
                },
                "south": {
                  "uv": [
                    24,
                    7
                  ],
                  "uv_size": [
                    4,
                    4
                  ]
                },
                "west": {
                  "uv": [
                    10,
                    27
                  ],
                  "uv_size": [
                    2,
                    4
                  ]
                },
                "up": {
                  "uv": [
                    17,
                    27
                  ],
                  "uv_size": [
                    4,
                    2
                  ]
                },
                "down": {
                  "uv": [
                    21,
                    29
                  ],
                  "uv_size": [
                    4,
                    -2
                  ]
                }
              }
            },
            {
              "origin": [
                0,
                0,
                3
              ],
              "size": [
                1,
                1,
                3
              ],
              "uv": {
                "north": {
                  "uv": [
                    26,
                    6
                  ],
                  "uv_size": [
                    1,
                    1
                  ]
                },
                "east": {
                  "uv": [
                    28,
                    10
                  ],
                  "uv_size": [
                    3,
                    1
                  ]
                },
                "south": {
                  "uv": [
                    27,
                    6
                  ],
                  "uv_size": [
                    1,
                    1
                  ]
                },
                "west": {
                  "uv": [
                    29,
                    11
                  ],
                  "uv_size": [
                    3,
                    1
                  ]
                },
                "up": {
                  "uv": [
                    12,
                    27
                  ],
                  "uv_size": [
                    1,
                    3
                  ]
                },
                "down": {
                  "uv": [
                    29,
                    15
                  ],
                  "uv_size": [
                    1,
                    -3
                  ]
                }
              }
            }
          ]
        }
      ]
    }
  ]
}