{
  "format_version": "1.12.0",
  "minecraft:geometry": [
    {
      "description": {
        "identifier": "geometry.pa_expresso",
        "texture_width": 64,
        "texture_height": 64,
        "visible_bounds_width": 3,
        "visible_bounds_height": 3.5,
        "visible_bounds_offset": [
          0,
          1.25,
          0
        ]
      },
      "bones": [
        {
          "name": "bone",
          "pivot": [
            0,
            5.27462,
            0.25
          ],
          "rotation": [
            0,
            180,
            0
          ],
          "cubes": [
            {
              "origin": [
                -4,
                0,
                -1
              ],
              "size": [
                8,
                6,
                4
              ],
              "uv": {
                "north": {
                  "uv": [
                    12,
                    12
                  ],
                  "uv_size": [
                    8,
                    6
                  ]
                },
                "east": {
                  "uv": [
                    24,
                    4
                  ],
                  "uv_size": [
                    4,
                    6
                  ]
                },
                "south": {
                  "uv": [
                    0,
                    14
                  ],
                  "uv_size": [
                    8,
                    6
                  ]
                },
                "west": {
                  "uv": [
                    20,
                    24
                  ],
                  "uv_size": [
                    4,
                    6
                  ]
                },
                "up": {
                  "uv": [
                    0,
                    20
                  ],
                  "uv_size": [
                    8,
                    4
                  ]
                },
                "down": {
                  "uv": [
                    0,
                    28
                  ],
                  "uv_size": [
                    8,
                    -4
                  ]
                }
              }
            },
            {
              "origin": [
                -6,
                6,
                -2
              ],
              "size": [
                12,
                7,
                6
              ],
              "uv": {
                "north": {
                  "uv": [
                    0,
                    0
                  ],
                  "uv_size": [
                    12,
                    7
                  ]
                },
                "east": {
                  "uv": [
                    8,
                    18
                  ],
                  "uv_size": [
                    6,
                    7
                  ]
                },
                "south": {
                  "uv": [
                    0,
                    7
                  ],
                  "uv_size": [
                    12,
                    7
                  ]
                },
                "west": {
                  "uv": [
                    14,
                    18
                  ],
                  "uv_size": [
                    6,
                    7
                  ]
                },
                "up": {
                  "uv": [
                    12,
                    0
                  ],
                  "uv_size": [
                    12,
                    6
                  ]
                },
                "down": {
                  "uv": [
                    12,
                    12
                  ],
                  "uv_size": [
                    12,
                    -6
                  ]
                }
              }
            },
            {
              "origin": [
                -3,
                0,
                -3
              ],
              "size": [
                2,
                2,
                2
              ],
              "uv": {
                "north": {
                  "uv": [
                    18,
                    28
                  ],
                  "uv_size": [
                    2,
                    2
                  ]
                },
                "east": {
                  "uv": [
                    24,
                    28
                  ],
                  "uv_size": [
                    2,
                    2
                  ]
                },
                "south": {
                  "uv": [
                    26,
                    28
                  ],
                  "uv_size": [
                    2,
                    2
                  ]
                },
                "west": {
                  "uv": [
                    28,
                    28
                  ],
                  "uv_size": [
                    2,
                    2
                  ]
                },
                "up": {
                  "uv": [
                    8,
                    29
                  ],
                  "uv_size": [
                    2,
                    2
                  ]
                },
                "down": {
                  "uv": [
                    10,
                    31
                  ],
                  "uv_size": [
                    2,
                    -2
                  ]
                }
              }
            },
            {
              "origin": [
                1,
                0,
                -3
              ],
              "size": [
                2,
                2,
                2
              ],
              "uv": {
                "north": {
                  "uv": [
                    12,
                    29
                  ],
                  "uv_size": [
                    2,
                    2
                  ]
                },
                "east": {
                  "uv": [
                    29,
                    12
                  ],
                  "uv_size": [
                    2,
                    2
                  ]
                },
                "south": {
                  "uv": [
                    14,
                    29
                  ],
                  "uv_size": [
                    2,
                    2
                  ]
                },
                "west": {
                  "uv": [
                    29,
                    14
                  ],
                  "uv_size": [
                    2,
                    2
                  ]
                },
                "up": {
                  "uv": [
                    29,
                    16
                  ],
                  "uv_size": [
                    2,
                    2
                  ]
                },
                "down": {
                  "uv": [
                    29,
                    20
                  ],
                  "uv_size": [
                    2,
                    -2
                  ]
                }
              }
            },
            {
              "origin": [
                -6.89509,
                -2.08047,
                0
              ],
              "size": [
                2,
                3,
                2
              ],
              "pivot": [
                0,
                0,
                0
              ],
              "rotation": [
                0,
                0,
                50
              ],
              "uv": {
                "north": {
                  "uv": [
                    17,
                    25
                  ],
                  "uv_size": [
                    2,
                    3
                  ]
                },
                "east": {
                  "uv": [
                    0,
                    28
                  ],
                  "uv_size": [
                    2,
                    3
                  ]
                },
                "south": {
                  "uv": [
                    2,
                    28
                  ],
                  "uv_size": [
                    2,
                    3
                  ]
                },
                "west": {
                  "uv": [
                    4,
                    28
                  ],
                  "uv_size": [
                    2,
                    3
                  ]
                },
                "up": {
                  "uv": [
                    29,
                    20
                  ],
                  "uv_size": [
                    2,
                    2
                  ]
                },
                "down": {
                  "uv": [
                    29,
                    24
                  ],
                  "uv_size": [
                    2,
                    -2
                  ]
                }
              }
            },
            {
              "origin": [
                4.89509,
                -2.08047,
                0
              ],
              "size": [
                2,
                3,
                2
              ],
              "pivot": [
                0,
                0,
                0
              ],
              "rotation": [
                0,
                0,
                -50
              ],
              "uv": {
                "north": {
                  "uv": [
                    28,
                    4
                  ],
                  "uv_size": [
                    2,
                    3
                  ]
                },
                "east": {
                  "uv": [
                    6,
                    28
                  ],
                  "uv_size": [
                    2,
                    3
                  ]
                },
                "south": {
                  "uv": [
                    28,
                    7
                  ],
                  "uv_size": [
                    2,
                    3
                  ]
                },
                "west": {
                  "uv": [
                    16,
                    28
                  ],
                  "uv_size": [
                    2,
                    3
                  ]
                },
                "up": {
                  "uv": [
                    30,
                    4
                  ],
                  "uv_size": [
                    2,
                    2
                  ]
                },
                "down": {
                  "uv": [
                    30,
                    8
                  ],
                  "uv_size": [
                    2,
                    -2
                  ]
                }
              }
            },
            {
              "origin": [
                0.30727,
                10.48401,
                -1
              ],
              "size": [
                7,
                2,
                4
              ],
              "pivot": [
                0,
                0,
                0
              ],
              "rotation": [
                0,
                0,
                -55
              ],
              "uv": {
                "north": {
                  "uv": [
                    24,
                    10
                  ],
                  "uv_size": [
                    9,
                    2
                  ]
                },
                "east": {
                  "uv": [
                    8,
                    14
                  ],
                  "uv_size": [
                    4,
                    2
                  ]
                },
                "south": {
                  "uv": [
                    24,
                    24
                  ],
                  "uv_size": [
                    9,
                    2
                  ]
                },
                "west": {
                  "uv": [
                    8,
                    16
                  ],
                  "uv_size": [
                    4,
                    2
                  ]
                },
                "up": {
                  "uv": [
                    20,
                    12
                  ],
                  "uv_size": [
                    9,
                    4
                  ]
                },
                "down": {
                  "uv": [
                    20,
                    20
                  ],
                  "uv_size": [
                    9,
                    -4
                  ]
                }
              }
            },
            {
              "origin": [
                -7.30727,
                10.48401,
                -1
              ],
              "size": [
                7,
                2,
                4
              ],
              "pivot": [
                0,
                0,
                0
              ],
              "rotation": [
                0,
                0,
                55
              ],
              "uv": {
                "north": {
                  "uv": [
                    8,
                    25
                  ],
                  "uv_size": [
                    9,
                    2
                  ]
                },
                "east": {
                  "uv": [
                    8,
                    27
                  ],
                  "uv_size": [
                    4,
                    2
                  ]
                },
                "south": {
                  "uv": [
                    24,
                    26
                  ],
                  "uv_size": [
                    9,
                    2
                  ]
                },
                "west": {
                  "uv": [
                    12,
                    27
                  ],
                  "uv_size": [
                    4,
                    2
                  ]
                },
                "up": {
                  "uv": [
                    20,
                    20
                  ],
                  "uv_size": [
                    9,
                    4
                  ]
                },
                "down": {
                  "uv": [
                    24,
                    4
                  ],
                  "uv_size": [
                    9,
                    -4
                  ]
                }
              }
            }
          ]
        }
      ]
    }
  ]
}