{
  "format_version": "1.12.0",
  "minecraft:geometry": [
    {
      "description": {
        "identifier": "geometry.pa_kuromi",
        "texture_width": 32,
        "texture_height": 32,
        "visible_bounds_width": 2,
        "visible_bounds_height": 3.5,
        "visible_bounds_offset": [
          0,
          1.25,
          0
        ]
      },
      "bones": [
        {
          "name": "bone",
          "pivot": [
            0,
            2.91667,
            0.83333
          ],
          "rotation": [
            0,
            180,
            0
          ],
          "cubes": [
            {
              "origin": [
                -3,
                0,
                1
              ],
              "size": [
                6,
                6,
                3
              ],
              "uv": {
                "north": {
                  "uv": [
                    8,
                    10
                  ],
                  "uv_size": [
                    6,
                    6
                  ]
                },
                "east": {
                  "uv": [
                    6,
                    16
                  ],
                  "uv_size": [
                    3,
                    6
                  ]
                },
                "south": {
                  "uv": [
                    0,
                    14
                  ],
                  "uv_size": [
                    6,
                    6
                  ]
                },
                "west": {
                  "uv": [
                    9,
                    16
                  ],
                  "uv_size": [
                    3,
                    6
                  ]
                },
                "up": {
                  "uv": [
                    16,
                    7
                  ],
                  "uv_size": [
                    6,
                    3
                  ]
                },
                "down": {
                  "uv": [
                    12,
                    20
                  ],
                  "uv_size": [
                    6,
                    -3
                  ]
                }
              }
            },
            {
              "origin": [
                -4,
                6,
                0
              ],
              "size": [
                8,
                7,
                5
              ],
              "uv": {
                "north": {
                  "uv": [
                    0,
                    0
                  ],
                  "uv_size": [
                    8,
                    7
                  ]
                },
                "east": {
                  "uv": [
                    14,
                    10
                  ],
                  "uv_size": [
                    5,
                    7
                  ]
                },
                "south": {
                  "uv": [
                    0,
                    7
                  ],
                  "uv_size": [
                    8,
                    7
                  ]
                },
                "west": {
                  "uv": [
                    16,
                    0
                  ],
                  "uv_size": [
                    5,
                    7
                  ]
                },
                "up": {
                  "uv": [
                    8,
                    0
                  ],
                  "uv_size": [
                    8,
                    5
                  ]
                },
                "down": {
                  "uv": [
                    8,
                    10
                  ],
                  "uv_size": [
                    8,
                    -5
                  ]
                }
              }
            },
            {
              "origin": [
                -3,
                0,
                0
              ],
              "size": [
                2,
                2,
                1
              ],
              "uv": {
                "north": {
                  "uv": [
                    6,
                    14
                  ],
                  "uv_size": [
                    2,
                    2
                  ]
                },
                "east": {
                  "uv": [
                    24,
                    7
                  ],
                  "uv_size": [
                    1,
                    2
                  ]
                },
                "south": {
                  "uv": [
                    22,
                    19
                  ],
                  "uv_size": [
                    2,
                    2
                  ]
                },
                "west": {
                  "uv": [
                    14,
                    24
                  ],
                  "uv_size": [
                    1,
                    2
                  ]
                },
                "up": {
                  "uv": [
                    12,
                    16
                  ],
                  "uv_size": [
                    2,
                    1
                  ]
                },
                "down": {
                  "uv": [
                    19,
                    17
                  ],
                  "uv_size": [
                    2,
                    -1
                  ]
                }
              }
            },
            {
              "origin": [
                1,
                0,
                0
              ],
              "size": [
                2,
                2,
                1
              ],
              "uv": {
                "north": {
                  "uv": [
                    23,
                    9
                  ],
                  "uv_size": [
                    2,
                    2
                  ]
                },
                "east": {
                  "uv": [
                    17,
                    24
                  ],
                  "uv_size": [
                    1,
                    2
                  ]
                },
                "south": {
                  "uv": [
                    23,
                    11
                  ],
                  "uv_size": [
                    2,
                    2
                  ]
                },
                "west": {
                  "uv": [
                    24,
                    19
                  ],
                  "uv_size": [
                    1,
                    2
                  ]
                },
                "up": {
                  "uv": [
                    20,
                    24
                  ],
                  "uv_size": [
                    2,
                    1
                  ]
                },
                "down": {
                  "uv": [
                    24,
                    22
                  ],
                  "uv_size": [
                    2,
                    -1
                  ]
                }
              }
            },
            {
              "origin": [
                1,
                0,
                -1
              ],
              "size": [
                2,
                3,
                1
              ],
              "uv": {
                "north": {
                  "uv": [
                    22,
                    6
                  ],
                  "uv_size": [
                    2,
                    3
                  ]
                },
                "east": {
                  "uv": [
                    8,
                    24
                  ],
                  "uv_size": [
                    1,
                    3
                  ]
                },
                "south": {
                  "uv": [
                    10,
                    22
                  ],
                  "uv_size": [
                    2,
                    3
                  ]
                },
                "west": {
                  "uv": [
                    9,
                    24
                  ],
                  "uv_size": [
                    1,
                    3
                  ]
                },
                "up": {
                  "uv": [
                    15,
                    24
                  ],
                  "uv_size": [
                    2,
                    1
                  ]
                },
                "down": {
                  "uv": [
                    24,
                    17
                  ],
                  "uv_size": [
                    2,
                    -1
                  ]
                }
              }
            },
            {
              "origin": [
                -3,
                0,
                -1
              ],
              "size": [
                2,
                3,
                1
              ],
              "uv": {
                "north": {
                  "uv": [
                    22,
                    16
                  ],
                  "uv_size": [
                    2,
                    3
                  ]
                },
                "east": {
                  "uv": [
                    12,
                    24
                  ],
                  "uv_size": [
                    1,
                    3
                  ]
                },
                "south": {
                  "uv": [
                    23,
                    2
                  ],
                  "uv_size": [
                    2,
                    3
                  ]
                },
                "west": {
                  "uv": [
                    13,
                    24
                  ],
                  "uv_size": [
                    1,
                    3
                  ]
                },
                "up": {
                  "uv": [
                    24,
                    17
                  ],
                  "uv_size": [
                    2,
                    1
                  ]
                },
                "down": {
                  "uv": [
                    24,
                    19
                  ],
                  "uv_size": [
                    2,
                    -1
                  ]
                }
              }
            }
          ]
        },
        {
          "name": "bone2",
          "parent": "bone",
          "pivot": [
            -3.72908,
            3.49354,
            3.04521
          ],
          "rotation": [
            0,
            0,
            -55
          ],
          "cubes": [
            {
              "origin": [
                -4.9388,
                3,
                2.6064
              ],
              "size": [
                0.8484,
                0.8484,
                0.8484
              ],
              "uv": {
                "north": {
                  "uv": [
                    22,
                    9
                  ],
                  "uv_size": [
                    1,
                    1
                  ]
                },
                "east": {
                  "uv": [
                    25,
                    3
                  ],
                  "uv_size": [
                    1,
                    1
                  ]
                },
                "south": {
                  "uv": [
                    4,
                    25
                  ],
                  "uv_size": [
                    1,
                    1
                  ]
                },
                "west": {
                  "uv": [
                    25,
                    4
                  ],
                  "uv_size": [
                    1,
                    1
                  ]
                },
                "up": {
                  "uv": [
                    5,
                    25
                  ],
                  "uv_size": [
                    1,
                    1
                  ]
                },
                "down": {
                  "uv": [
                    6,
                    26
                  ],
                  "uv_size": [
                    1,
                    -1
                  ]
                }
              }
            },
            {
              "origin": [
                -4.6322,
                3,
                2.49693
              ],
              "size": [
                3.3773,
                1.12577,
                1.12577
              ],
              "uv": {
                "north": {
                  "uv": [
                    23,
                    5
                  ],
                  "uv_size": [
                    3.5,
                    1
                  ]
                },
                "east": {
                  "uv": [
                    21,
                    6
                  ],
                  "uv_size": [
                    1,
                    1
                  ]
                },
                "south": {
                  "uv": [
                    23,
                    13
                  ],
                  "uv_size": [
                    3.5,
                    1
                  ]
                },
                "west": {
                  "uv": [
                    21,
                    16
                  ],
                  "uv_size": [
                    1,
                    1
                  ]
                },
                "up": {
                  "uv": [
                    23,
                    14
                  ],
                  "uv_size": [
                    3.5,
                    1
                  ]
                },
                "down": {
                  "uv": [
                    23,
                    16
                  ],
                  "uv_size": [
                    3.5,
                    -1
                  ]
                }
              }
            }
          ]
        },
        {
          "name": "bone3",
          "parent": "bone",
          "pivot": [
            3.72908,
            3.49354,
            3.04521
          ],
          "rotation": [
            0,
            0,
            55
          ],
          "cubes": [
            {
              "origin": [
                4.0904,
                3,
                2.6064
              ],
              "size": [
                0.8484,
                0.8484,
                0.8484
              ],
              "uv": {
                "north": {
                  "uv": [
                    7,
                    25
                  ],
                  "uv_size": [
                    1,
                    1
                  ]
                },
                "east": {
                  "uv": [
                    25,
                    7
                  ],
                  "uv_size": [
                    1,
                    1
                  ]
                },
                "south": {
                  "uv": [
                    25,
                    8
                  ],
                  "uv_size": [
                    1,
                    1
                  ]
                },
                "west": {
                  "uv": [
                    25,
                    9
                  ],
                  "uv_size": [
                    1,
                    1
                  ]
                },
                "up": {
                  "uv": [
                    10,
                    25
                  ],
                  "uv_size": [
                    1,
                    1
                  ]
                },
                "down": {
                  "uv": [
                    25,
                    11
                  ],
                  "uv_size": [
                    1,
                    -1
                  ]
                }
              }
            },
            {
              "origin": [
                1.2549,
                3,
                2.49693
              ],
              "size": [
                3.3773,
                1.12577,
                1.12577
              ],
              "uv": {
                "north": {
                  "uv": [
                    20,
                    23
                  ],
                  "uv_size": [
                    3.5,
                    1
                  ]
                },
                "east": {
                  "uv": [
                    11,
                    25
                  ],
                  "uv_size": [
                    1,
                    1
                  ]
                },
                "south": {
                  "uv": [
                    0,
                    24
                  ],
                  "uv_size": [
                    3.5,
                    1
                  ]
                },
                "west": {
                  "uv": [
                    25,
                    11
                  ],
                  "uv_size": [
                    1,
                    1
                  ]
                },
                "up": {
                  "uv": [
                    4,
                    24
                  ],
                  "uv_size": [
                    3.5,
                    1
                  ]
                },
                "down": {
                  "uv": [
                    24,
                    7
                  ],
                  "uv_size": [
                    3.5,
                    -1
                  ]
                }
              }
            }
          ]
        },
        {
          "name": "bone4",
          "parent": "bone",
          "pivot": [
            0,
            0,
            1
          ],
          "cubes": [
            {
              "origin": [
                -6,
                12,
                2
              ],
              "size": [
                4,
                4,
                2
              ],
              "pivot": [
                -4,
                14,
                3
              ],
              "rotation": [
                0,
                0,
                22.5
              ],
              "uv": {
                "north": {
                  "uv": [
                    18,
                    17
                  ],
                  "uv_size": [
                    4,
                    4
                  ]
                },
                "east": {
                  "uv": [
                    4,
                    20
                  ],
                  "uv_size": [
                    2,
                    4
                  ]
                },
                "south": {
                  "uv": [
                    19,
                    10
                  ],
                  "uv_size": [
                    4,
                    4
                  ]
                },
                "west": {
                  "uv": [
                    16,
                    20
                  ],
                  "uv_size": [
                    2,
                    4
                  ]
                },
                "up": {
                  "uv": [
                    19,
                    14
                  ],
                  "uv_size": [
                    4,
                    2
                  ]
                },
                "down": {
                  "uv": [
                    21,
                    2
                  ],
                  "uv_size": [
                    4,
                    -2
                  ]
                }
              }
            },
            {
              "origin": [
                -7,
                16,
                2
              ],
              "size": [
                1,
                1,
                2
              ],
              "pivot": [
                -4,
                14,
                3
              ],
              "rotation": [
                0,
                0,
                22.5
              ],
              "uv": {
                "north": {
                  "uv": [
                    25,
                    12
                  ],
                  "uv_size": [
                    1,
                    1
                  ]
                },
                "east": {
                  "uv": [
                    22,
                    24
                  ],
                  "uv_size": [
                    2,
                    1
                  ]
                },
                "south": {
                  "uv": [
                    15,
                    25
                  ],
                  "uv_size": [
                    1,
                    1
                  ]
                },
                "west": {
                  "uv": [
                    24,
                    22
                  ],
                  "uv_size": [
                    2,
                    1
                  ]
                },
                "up": {
                  "uv": [
                    24,
                    23
                  ],
                  "uv_size": [
                    1,
                    2
                  ]
                },
                "down": {
                  "uv": [
                    0,
                    27
                  ],
                  "uv_size": [
                    1,
                    -2
                  ]
                }
              }
            },
            {
              "origin": [
                6,
                16,
                2
              ],
              "size": [
                1,
                1,
                2
              ],
              "pivot": [
                4,
                14,
                3
              ],
              "rotation": [
                0,
                0,
                -22.5
              ],
              "uv": {
                "north": {
                  "uv": [
                    16,
                    25
                  ],
                  "uv_size": [
                    1,
                    1
                  ]
                },
                "east": {
                  "uv": [
                    25,
                    0
                  ],
                  "uv_size": [
                    2,
                    1
                  ]
                },
                "south": {
                  "uv": [
                    18,
                    25
                  ],
                  "uv_size": [
                    1,
                    1
                  ]
                },
                "west": {
                  "uv": [
                    1,
                    25
                  ],
                  "uv_size": [
                    2,
                    1
                  ]
                },
                "up": {
                  "uv": [
                    25,
                    1
                  ],
                  "uv_size": [
                    1,
                    2
                  ]
                },
                "down": {
                  "uv": [
                    3,
                    27
                  ],
                  "uv_size": [
                    1,
                    -2
                  ]
                }
              }
            },
            {
              "origin": [
                2,
                12,
                2
              ],
              "size": [
                4,
                4,
                2
              ],
              "pivot": [
                4,
                14,
                3
              ],
              "rotation": [
                0,
                0,
                -25
              ],
              "uv": {
                "north": {
                  "uv": [
                    0,
                    20
                  ],
                  "uv_size": [
                    4,
                    4
                  ]
                },
                "east": {
                  "uv": [
                    21,
                    2
                  ],
                  "uv_size": [
                    2,
                    4
                  ]
                },
                "south": {
                  "uv": [
                    12,
                    20
                  ],
                  "uv_size": [
                    4,
                    4
                  ]
                },
                "west": {
                  "uv": [
                    18,
                    21
                  ],
                  "uv_size": [
                    2,
                    4
                  ]
                },
                "up": {
                  "uv": [
                    20,
                    21
                  ],
                  "uv_size": [
                    4,
                    2
                  ]
                },
                "down": {
                  "uv": [
                    6,
                    24
                  ],
                  "uv_size": [
                    4,
                    -2
                  ]
                }
              }
            }
          ]
        }
      ]
    }
  ]
}