{
  "format_version": "1.12.0",
  "minecraft:geometry": [
    {
      "description": {
        "identifier": "geometry.pa_littleflorestfelow",
        "texture_width": 32,
        "texture_height": 32,
        "visible_bounds_width": 3,
        "visible_bounds_height": 2.5,
        "visible_bounds_offset": [
          0,
          0.75,
          0
        ]
      },
      "bones": [
        {
          "name": "bone",
          "pivot": [
            0,
            4.4542,
            1.2325
          ],
          "rotation": [
            0,
            180,
            0
          ],
          "cubes": [
            {
              "origin": [
                -2.79,
                0,
                1
              ],
              "size": [
                5.58,
                5.58,
                2.79
              ],
              "uv": {
                "north": {
                  "uv": [
                    8,
                    10
                  ],
                  "uv_size": [
                    6,
                    6
                  ]
                },
                "east": {
                  "uv": [
                    0,
                    20
                  ],
                  "uv_size": [
                    3,
                    6
                  ]
                },
                "south": {
                  "uv": [
                    0,
                    14
                  ],
                  "uv_size": [
                    6,
                    6
                  ]
                },
                "west": {
                  "uv": [
                    3,
                    20
                  ],
                  "uv_size": [
                    3,
                    6
                  ]
                },
                "up": {
                  "uv": [
                    20,
                    19
                  ],
                  "uv_size": [
                    6,
                    3
                  ]
                },
                "down": {
                  "uv": [
                    21,
                    3
                  ],
                  "uv_size": [
                    6,
                    -3
                  ]
                }
              }
            },
            {
              "origin": [
                -3.72,
                5.58,
                0.07
              ],
              "size": [
                7.44,
                6.51,
                4.65
              ],
              "uv": {
                "north": {
                  "uv": [
                    0,
                    0
                  ],
                  "uv_size": [
                    8,
                    7
                  ]
                },
                "east": {
                  "uv": [
                    14,
                    10
                  ],
                  "uv_size": [
                    5,
                    7
                  ]
                },
                "south": {
                  "uv": [
                    0,
                    7
                  ],
                  "uv_size": [
                    8,
                    7
                  ]
                },
                "west": {
                  "uv": [
                    16,
                    0
                  ],
                  "uv_size": [
                    5,
                    7
                  ]
                },
                "up": {
                  "uv": [
                    8,
                    0
                  ],
                  "uv_size": [
                    8,
                    5
                  ]
                },
                "down": {
                  "uv": [
                    8,
                    10
                  ],
                  "uv_size": [
                    8,
                    -5
                  ]
                }
              }
            },
            {
              "origin": [
                -2.79,
                0,
                0.07
              ],
              "size": [
                1.86,
                1.86,
                0.93
              ],
              "uv": {
                "north": {
                  "uv": [
                    6,
                    14
                  ],
                  "uv_size": [
                    2,
                    2
                  ]
                },
                "east": {
                  "uv": [
                    25,
                    22
                  ],
                  "uv_size": [
                    1,
                    2
                  ]
                },
                "south": {
                  "uv": [
                    18,
                    23
                  ],
                  "uv_size": [
                    2,
                    2
                  ]
                },
                "west": {
                  "uv": [
                    24,
                    25
                  ],
                  "uv_size": [
                    1,
                    2
                  ]
                },
                "up": {
                  "uv": [
                    21,
                    6
                  ],
                  "uv_size": [
                    2,
                    1
                  ]
                },
                "down": {
                  "uv": [
                    25,
                    26
                  ],
                  "uv_size": [
                    2,
                    -1
                  ]
                }
              }
            },
            {
              "origin": [
                0.93,
                0,
                0.07
              ],
              "size": [
                1.86,
                1.86,
                0.93
              ],
              "uv": {
                "north": {
                  "uv": [
                    23,
                    22
                  ],
                  "uv_size": [
                    2,
                    2
                  ]
                },
                "east": {
                  "uv": [
                    0,
                    26
                  ],
                  "uv_size": [
                    1,
                    2
                  ]
                },
                "south": {
                  "uv": [
                    24,
                    3
                  ],
                  "uv_size": [
                    2,
                    2
                  ]
                },
                "west": {
                  "uv": [
                    1,
                    26
                  ],
                  "uv_size": [
                    1,
                    2
                  ]
                },
                "up": {
                  "uv": [
                    2,
                    26
                  ],
                  "uv_size": [
                    2,
                    1
                  ]
                },
                "down": {
                  "uv": [
                    26,
                    4
                  ],
                  "uv_size": [
                    2,
                    -1
                  ]
                }
              }
            },
            {
              "origin": [
                0.93,
                0,
                -0.86
              ],
              "size": [
                1.86,
                2.79,
                0.93
              ],
              "uv": {
                "north": {
                  "uv": [
                    23,
                    6
                  ],
                  "uv_size": [
                    2,
                    3
                  ]
                },
                "east": {
                  "uv": [
                    10,
                    25
                  ],
                  "uv_size": [
                    1,
                    3
                  ]
                },
                "south": {
                  "uv": [
                    12,
                    23
                  ],
                  "uv_size": [
                    2,
                    3
                  ]
                },
                "west": {
                  "uv": [
                    11,
                    25
                  ],
                  "uv_size": [
                    1,
                    3
                  ]
                },
                "up": {
                  "uv": [
                    4,
                    26
                  ],
                  "uv_size": [
                    2,
                    1
                  ]
                },
                "down": {
                  "uv": [
                    26,
                    5
                  ],
                  "uv_size": [
                    2,
                    -1
                  ]
                }
              }
            },
            {
              "origin": [
                -2.79,
                0,
                -0.86
              ],
              "size": [
                1.86,
                2.79,
                0.93
              ],
              "uv": {
                "north": {
                  "uv": [
                    14,
                    23
                  ],
                  "uv_size": [
                    2,
                    3
                  ]
                },
                "east": {
                  "uv": [
                    22,
                    25
                  ],
                  "uv_size": [
                    1,
                    3
                  ]
                },
                "south": {
                  "uv": [
                    16,
                    23
                  ],
                  "uv_size": [
                    2,
                    3
                  ]
                },
                "west": {
                  "uv": [
                    23,
                    25
                  ],
                  "uv_size": [
                    1,
                    3
                  ]
                },
                "up": {
                  "uv": [
                    6,
                    26
                  ],
                  "uv_size": [
                    2,
                    1
                  ]
                },
                "down": {
                  "uv": [
                    8,
                    27
                  ],
                  "uv_size": [
                    2,
                    -1
                  ]
                }
              }
            },
            {
              "origin": [
                -1.6209,
                9.5516,
                1
              ],
              "size": [
                6.51,
                2.79,
                2.79
              ],
              "pivot": [
                0,
                0,
                1
              ],
              "rotation": [
                0,
                0,
                -37.5
              ],
              "uv": {
                "north": {
                  "uv": [
                    6,
                    16
                  ],
                  "uv_size": [
                    7,
                    3
                  ]
                },
                "east": {
                  "uv": [
                    21,
                    3
                  ],
                  "uv_size": [
                    3,
                    3
                  ]
                },
                "south": {
                  "uv": [
                    16,
                    7
                  ],
                  "uv_size": [
                    7,
                    3
                  ]
                },
                "west": {
                  "uv": [
                    6,
                    22
                  ],
                  "uv_size": [
                    3,
                    3
                  ]
                },
                "up": {
                  "uv": [
                    13,
                    17
                  ],
                  "uv_size": [
                    7,
                    3
                  ]
                },
                "down": {
                  "uv": [
                    6,
                    22
                  ],
                  "uv_size": [
                    7,
                    -3
                  ]
                }
              }
            },
            {
              "origin": [
                -4.8891,
                9.5516,
                1
              ],
              "size": [
                6.51,
                2.79,
                2.79
              ],
              "pivot": [
                0,
                0,
                1
              ],
              "rotation": [
                0,
                0,
                37.5
              ],
              "uv": {
                "north": {
                  "uv": [
                    19,
                    10
                  ],
                  "uv_size": [
                    7,
                    3
                  ]
                },
                "east": {
                  "uv": [
                    9,
                    22
                  ],
                  "uv_size": [
                    3,
                    3
                  ]
                },
                "south": {
                  "uv": [
                    19,
                    13
                  ],
                  "uv_size": [
                    7,
                    3
                  ]
                },
                "west": {
                  "uv": [
                    20,
                    22
                  ],
                  "uv_size": [
                    3,
                    3
                  ]
                },
                "up": {
                  "uv": [
                    13,
                    20
                  ],
                  "uv_size": [
                    7,
                    3
                  ]
                },
                "down": {
                  "uv": [
                    20,
                    19
                  ],
                  "uv_size": [
                    7,
                    -3
                  ]
                }
              }
            }
          ]
        },
        {
          "name": "bone2",
          "parent": "bone",
          "pivot": [
            -3.46804,
            3.24899,
            2.90205
          ],
          "rotation": [
            0,
            0,
            -55
          ],
          "cubes": [
            {
              "origin": [
                -4.59308,
                2.79,
                2.49395
              ],
              "size": [
                0.78901,
                0.78901,
                0.78901
              ],
              "uv": {
                "north": {
                  "uv": [
                    13,
                    16
                  ],
                  "uv_size": [
                    1,
                    1
                  ]
                },
                "east": {
                  "uv": [
                    19,
                    16
                  ],
                  "uv_size": [
                    1,
                    1
                  ]
                },
                "south": {
                  "uv": [
                    12,
                    22
                  ],
                  "uv_size": [
                    1,
                    1
                  ]
                },
                "west": {
                  "uv": [
                    26,
                    10
                  ],
                  "uv_size": [
                    1,
                    1
                  ]
                },
                "up": {
                  "uv": [
                    26,
                    11
                  ],
                  "uv_size": [
                    1,
                    1
                  ]
                },
                "down": {
                  "uv": [
                    12,
                    27
                  ],
                  "uv_size": [
                    1,
                    -1
                  ]
                }
              }
            },
            {
              "origin": [
                -4.30795,
                2.79,
                2.39214
              ],
              "size": [
                3.14089,
                1.04697,
                1.04697
              ],
              "uv": {
                "north": {
                  "uv": [
                    23,
                    9
                  ],
                  "uv_size": [
                    3.5,
                    1
                  ]
                },
                "east": {
                  "uv": [
                    26,
                    12
                  ],
                  "uv_size": [
                    1,
                    1
                  ]
                },
                "south": {
                  "uv": [
                    24,
                    5
                  ],
                  "uv_size": [
                    3.5,
                    1
                  ]
                },
                "west": {
                  "uv": [
                    13,
                    26
                  ],
                  "uv_size": [
                    1,
                    1
                  ]
                },
                "up": {
                  "uv": [
                    23,
                    24
                  ],
                  "uv_size": [
                    3.5,
                    1
                  ]
                },
                "down": {
                  "uv": [
                    6,
                    26
                  ],
                  "uv_size": [
                    3.5,
                    -1
                  ]
                }
              }
            }
          ]
        },
        {
          "name": "bone3",
          "parent": "bone",
          "pivot": [
            3.46804,
            3.24899,
            2.90205
          ],
          "rotation": [
            0,
            0,
            55
          ],
          "cubes": [
            {
              "origin": [
                3.80407,
                2.79,
                2.49395
              ],
              "size": [
                0.78901,
                0.78901,
                0.78901
              ],
              "uv": {
                "north": {
                  "uv": [
                    26,
                    13
                  ],
                  "uv_size": [
                    1,
                    1
                  ]
                },
                "east": {
                  "uv": [
                    14,
                    26
                  ],
                  "uv_size": [
                    1,
                    1
                  ]
                },
                "south": {
                  "uv": [
                    26,
                    14
                  ],
                  "uv_size": [
                    1,
                    1
                  ]
                },
                "west": {
                  "uv": [
                    15,
                    26
                  ],
                  "uv_size": [
                    1,
                    1
                  ]
                },
                "up": {
                  "uv": [
                    26,
                    15
                  ],
                  "uv_size": [
                    1,
                    1
                  ]
                },
                "down": {
                  "uv": [
                    16,
                    27
                  ],
                  "uv_size": [
                    1,
                    -1
                  ]
                }
              }
            },
            {
              "origin": [
                1.16706,
                2.79,
                2.39214
              ],
              "size": [
                3.14089,
                1.04697,
                1.04697
              ],
              "uv": {
                "north": {
                  "uv": [
                    25,
                    6
                  ],
                  "uv_size": [
                    3.5,
                    1
                  ]
                },
                "east": {
                  "uv": [
                    17,
                    26
                  ],
                  "uv_size": [
                    1,
                    1
                  ]
                },
                "south": {
                  "uv": [
                    25,
                    7
                  ],
                  "uv_size": [
                    3.5,
                    1
                  ]
                },
                "west": {
                  "uv": [
                    18,
                    26
                  ],
                  "uv_size": [
                    1,
                    1
                  ]
                },
                "up": {
                  "uv": [
                    25,
                    8
                  ],
                  "uv_size": [
                    3.5,
                    1
                  ]
                },
                "down": {
                  "uv": [
                    18,
                    26
                  ],
                  "uv_size": [
                    3.5,
                    -1
                  ]
                }
              }
            }
          ]
        }
      ]
    }
  ]
}