{
  "format_version": "1.12.0",
  "minecraft:geometry": [
    {
      "description": {
        "identifier": "geometry.pa_mewkledreamy",
        "texture_width": 64,
        "texture_height": 64,
        "visible_bounds_width": 3,
        "visible_bounds_height": 3.5,
        "visible_bounds_offset": [
          0,
          1.25,
          0
        ]
      },
      "bones": [
        {
          "name": "bone",
          "pivot": [
            0,
            5.2868,
            -0.25667
          ],
          "rotation": [
            0,
            180,
            0
          ],
          "cubes": [
            {
              "origin": [
                -3,
                0,
                -2
              ],
              "size": [
                6,
                5,
                4
              ],
              "uv": {
                "north": {
                  "uv": [
                    16,
                    12
                  ],
                  "uv_size": [
                    6,
                    5
                  ]
                },
                "east": {
                  "uv": [
                    6,
                    16
                  ],
                  "uv_size": [
                    4,
                    5
                  ]
                },
                "south": {
                  "uv": [
                    16,
                    17
                  ],
                  "uv_size": [
                    6,
                    5
                  ]
                },
                "west": {
                  "uv": [
                    10,
                    20
                  ],
                  "uv_size": [
                    4,
                    5
                  ]
                },
                "up": {
                  "uv": [
                    20,
                    0
                  ],
                  "uv_size": [
                    6,
                    4
                  ]
                },
                "down": {
                  "uv": [
                    20,
                    8
                  ],
                  "uv_size": [
                    6,
                    -4
                  ]
                }
              }
            },
            {
              "origin": [
                -5,
                5,
                -3
              ],
              "size": [
                10,
                8,
                6
              ],
              "uv": {
                "north": {
                  "uv": [
                    0,
                    0
                  ],
                  "uv_size": [
                    10,
                    8
                  ]
                },
                "east": {
                  "uv": [
                    10,
                    12
                  ],
                  "uv_size": [
                    6,
                    8
                  ]
                },
                "south": {
                  "uv": [
                    0,
                    8
                  ],
                  "uv_size": [
                    10,
                    8
                  ]
                },
                "west": {
                  "uv": [
                    0,
                    16
                  ],
                  "uv_size": [
                    6,
                    8
                  ]
                },
                "up": {
                  "uv": [
                    10,
                    0
                  ],
                  "uv_size": [
                    10,
                    6
                  ]
                },
                "down": {
                  "uv": [
                    10,
                    12
                  ],
                  "uv_size": [
                    10,
                    -6
                  ]
                }
              }
            },
            {
              "origin": [
                -11.51507,
                7.35219,
                -1
              ],
              "size": [
                4,
                4,
                2
              ],
              "pivot": [
                0,
                0,
                0
              ],
              "rotation": [
                0,
                0,
                32.5
              ],
              "uv": {
                "north": {
                  "uv": [
                    20,
                    8
                  ],
                  "uv_size": [
                    4,
                    4
                  ]
                },
                "east": {
                  "uv": [
                    3,
                    24
                  ],
                  "uv_size": [
                    2,
                    4
                  ]
                },
                "south": {
                  "uv": [
                    6,
                    21
                  ],
                  "uv_size": [
                    4,
                    4
                  ]
                },
                "west": {
                  "uv": [
                    24,
                    8
                  ],
                  "uv_size": [
                    2,
                    4
                  ]
                },
                "up": {
                  "uv": [
                    21,
                    24
                  ],
                  "uv_size": [
                    4,
                    2
                  ]
                },
                "down": {
                  "uv": [
                    5,
                    27
                  ],
                  "uv_size": [
                    4,
                    -2
                  ]
                }
              }
            },
            {
              "origin": [
                7.51507,
                7.35219,
                -1
              ],
              "size": [
                4,
                4,
                2
              ],
              "pivot": [
                0,
                0,
                0
              ],
              "rotation": [
                0,
                0,
                -32.5
              ],
              "uv": {
                "north": {
                  "uv": [
                    22,
                    12
                  ],
                  "uv_size": [
                    4,
                    4
                  ]
                },
                "east": {
                  "uv": [
                    9,
                    25
                  ],
                  "uv_size": [
                    2,
                    4
                  ]
                },
                "south": {
                  "uv": [
                    14,
                    22
                  ],
                  "uv_size": [
                    4,
                    4
                  ]
                },
                "west": {
                  "uv": [
                    11,
                    25
                  ],
                  "uv_size": [
                    2,
                    4
                  ]
                },
                "up": {
                  "uv": [
                    25,
                    16
                  ],
                  "uv_size": [
                    4,
                    2
                  ]
                },
                "down": {
                  "uv": [
                    25,
                    20
                  ],
                  "uv_size": [
                    4,
                    -2
                  ]
                }
              }
            },
            {
              "origin": [
                -3,
                0,
                -4
              ],
              "size": [
                2,
                2,
                2
              ],
              "uv": {
                "north": {
                  "uv": [
                    14,
                    20
                  ],
                  "uv_size": [
                    2,
                    2
                  ]
                },
                "east": {
                  "uv": [
                    7,
                    27
                  ],
                  "uv_size": [
                    2,
                    2
                  ]
                },
                "south": {
                  "uv": [
                    27,
                    22
                  ],
                  "uv_size": [
                    2,
                    2
                  ]
                },
                "west": {
                  "uv": [
                    27,
                    24
                  ],
                  "uv_size": [
                    2,
                    2
                  ]
                },
                "up": {
                  "uv": [
                    27,
                    26
                  ],
                  "uv_size": [
                    2,
                    2
                  ]
                },
                "down": {
                  "uv": [
                    0,
                    30
                  ],
                  "uv_size": [
                    2,
                    -2
                  ]
                }
              }
            },
            {
              "origin": [
                -5.91419,
                -1.92234,
                -1
              ],
              "size": [
                2,
                4,
                2
              ],
              "pivot": [
                0,
                0,
                0
              ],
              "rotation": [
                0,
                0,
                47.5
              ],
              "uv": {
                "north": {
                  "uv": [
                    25,
                    20
                  ],
                  "uv_size": [
                    2,
                    4
                  ]
                },
                "east": {
                  "uv": [
                    25,
                    24
                  ],
                  "uv_size": [
                    2,
                    4
                  ]
                },
                "south": {
                  "uv": [
                    26,
                    0
                  ],
                  "uv_size": [
                    2,
                    4
                  ]
                },
                "west": {
                  "uv": [
                    26,
                    4
                  ],
                  "uv_size": [
                    2,
                    4
                  ]
                },
                "up": {
                  "uv": [
                    28,
                    10
                  ],
                  "uv_size": [
                    2,
                    2
                  ]
                },
                "down": {
                  "uv": [
                    28,
                    14
                  ],
                  "uv_size": [
                    2,
                    -2
                  ]
                }
              }
            },
            {
              "origin": [
                3.91419,
                -1.92234,
                -1
              ],
              "size": [
                2,
                4,
                2
              ],
              "pivot": [
                0,
                0,
                0
              ],
              "rotation": [
                0,
                0,
                -47.5
              ],
              "uv": {
                "north": {
                  "uv": [
                    26,
                    8
                  ],
                  "uv_size": [
                    2,
                    4
                  ]
                },
                "east": {
                  "uv": [
                    26,
                    12
                  ],
                  "uv_size": [
                    2,
                    4
                  ]
                },
                "south": {
                  "uv": [
                    13,
                    26
                  ],
                  "uv_size": [
                    2,
                    4
                  ]
                },
                "west": {
                  "uv": [
                    15,
                    26
                  ],
                  "uv_size": [
                    2,
                    4
                  ]
                },
                "up": {
                  "uv": [
                    28,
                    14
                  ],
                  "uv_size": [
                    2,
                    2
                  ]
                },
                "down": {
                  "uv": [
                    17,
                    30
                  ],
                  "uv_size": [
                    2,
                    -2
                  ]
                }
              }
            },
            {
              "origin": [
                1,
                0,
                -4
              ],
              "size": [
                2,
                2,
                2
              ],
              "uv": {
                "north": {
                  "uv": [
                    28,
                    0
                  ],
                  "uv_size": [
                    2,
                    2
                  ]
                },
                "east": {
                  "uv": [
                    2,
                    28
                  ],
                  "uv_size": [
                    2,
                    2
                  ]
                },
                "south": {
                  "uv": [
                    28,
                    2
                  ],
                  "uv_size": [
                    2,
                    2
                  ]
                },
                "west": {
                  "uv": [
                    28,
                    4
                  ],
                  "uv_size": [
                    2,
                    2
                  ]
                },
                "up": {
                  "uv": [
                    28,
                    6
                  ],
                  "uv_size": [
                    2,
                    2
                  ]
                },
                "down": {
                  "uv": [
                    28,
                    10
                  ],
                  "uv_size": [
                    2,
                    -2
                  ]
                }
              }
            },
            {
              "origin": [
                -0.73,
                0,
                1.46
              ],
              "size": [
                1.46,
                1.46,
                4.46
              ],
              "uv": {
                "north": {
                  "uv": [
                    11,
                    29
                  ],
                  "uv_size": [
                    1.5,
                    1.5
                  ]
                },
                "east": {
                  "uv": [
                    17,
                    26
                  ],
                  "uv_size": [
                    4.5,
                    1.5
                  ]
                },
                "south": {
                  "uv": [
                    29,
                    24
                  ],
                  "uv_size": [
                    1.5,
                    1.5
                  ]
                },
                "west": {
                  "uv": [
                    27,
                    20
                  ],
                  "uv_size": [
                    4.5,
                    1.5
                  ]
                },
                "up": {
                  "uv": [
                    22,
                    26
                  ],
                  "uv_size": [
                    1.5,
                    4.5
                  ]
                },
                "down": {
                  "uv": [
                    5,
                    31.5
                  ],
                  "uv_size": [
                    1.5,
                    -4.5
                  ]
                }
              }
            }
          ]
        },
        {
          "name": "bone2",
          "parent": "bone",
          "pivot": [
            0,
            13.5,
            -3
          ],
          "rotation": [
            62.5,
            0,
            0
          ],
          "cubes": [
            {
              "origin": [
                -1,
                13,
                -4
              ],
              "size": [
                2,
                1,
                2
              ],
              "uv": {
                "north": {
                  "uv": [
                    26,
                    29
                  ],
                  "uv_size": [
                    2,
                    1
                  ]
                },
                "east": {
                  "uv": [
                    29,
                    26
                  ],
                  "uv_size": [
                    2,
                    1
                  ]
                },
                "south": {
                  "uv": [
                    29,
                    27
                  ],
                  "uv_size": [
                    2,
                    1
                  ]
                },
                "west": {
                  "uv": [
                    28,
                    29
                  ],
                  "uv_size": [
                    2,
                    1
                  ]
                },
                "up": {
                  "uv": [
                    19,
                    28
                  ],
                  "uv_size": [
                    2,
                    2
                  ]
                },
                "down": {
                  "uv": [
                    24,
                    30
                  ],
                  "uv_size": [
                    2,
                    -2
                  ]
                }
              }
            },
            {
              "origin": [
                -4,
                13,
                -5
              ],
              "size": [
                3,
                1,
                4
              ],
              "uv": {
                "north": {
                  "uv": [
                    29,
                    18
                  ],
                  "uv_size": [
                    3,
                    1
                  ]
                },
                "east": {
                  "uv": [
                    26,
                    28
                  ],
                  "uv_size": [
                    4,
                    1
                  ]
                },
                "south": {
                  "uv": [
                    29,
                    19
                  ],
                  "uv_size": [
                    3,
                    1
                  ]
                },
                "west": {
                  "uv": [
                    7,
                    29
                  ],
                  "uv_size": [
                    4,
                    1
                  ]
                },
                "up": {
                  "uv": [
                    22,
                    16
                  ],
                  "uv_size": [
                    3,
                    4
                  ]
                },
                "down": {
                  "uv": [
                    18,
                    26
                  ],
                  "uv_size": [
                    3,
                    -4
                  ]
                }
              }
            },
            {
              "origin": [
                1,
                13,
                -5
              ],
              "size": [
                3,
                1,
                4
              ],
              "uv": {
                "north": {
                  "uv": [
                    29,
                    22
                  ],
                  "uv_size": [
                    3,
                    1
                  ]
                },
                "east": {
                  "uv": [
                    29,
                    16
                  ],
                  "uv_size": [
                    4,
                    1
                  ]
                },
                "south": {
                  "uv": [
                    29,
                    23
                  ],
                  "uv_size": [
                    3,
                    1
                  ]
                },
                "west": {
                  "uv": [
                    29,
                    17
                  ],
                  "uv_size": [
                    4,
                    1
                  ]
                },
                "up": {
                  "uv": [
                    22,
                    20
                  ],
                  "uv_size": [
                    3,
                    4
                  ]
                },
                "down": {
                  "uv": [
                    0,
                    28
                  ],
                  "uv_size": [
                    3,
                    -4
                  ]
                }
              }
            }
          ]
        }
      ]
    }
  ]
}