{
  "format_version": "1.12.0",
  "minecraft:geometry": [
    {
      "description": {
        "identifier": "geometry.pa_marshmallow",
        "texture_width": 64,
        "texture_height": 64,
        "visible_bounds_width": 3,
        "visible_bounds_height": 3.5,
        "visible_bounds_offset": [
          0,
          1.25,
          0
        ]
      },
      "bones": [
        {
          "name": "bone",
          "pivot": [
            0,
            6.55889,
            -0.29778
          ],
          "rotation": [
            0,
            180,
            0
          ],
          "cubes": [
            {
              "origin": [
                -2.7,
                0.65589,
                -1.82978
              ],
              "size": [
                5.4,
                6.3,
                3.6
              ],
              "uv": {
                "north": {
                  "uv": [
                    0,
                    18
                  ],
                  "uv_size": [
                    6,
                    7
                  ]
                },
                "east": {
                  "uv": [
                    6,
                    18
                  ],
                  "uv_size": [
                    4,
                    7
                  ]
                },
                "south": {
                  "uv": [
                    20,
                    0
                  ],
                  "uv_size": [
                    6,
                    7
                  ]
                },
                "west": {
                  "uv": [
                    10,
                    21
                  ],
                  "uv_size": [
                    4,
                    7
                  ]
                },
                "up": {
                  "uv": [
                    20,
                    7
                  ],
                  "uv_size": [
                    6,
                    4
                  ]
                },
                "down": {
                  "uv": [
                    14,
                    25
                  ],
                  "uv_size": [
                    6,
                    -4
                  ]
                }
              }
            },
            {
              "origin": [
                -4.5,
                6.95589,
                -2.72978
              ],
              "size": [
                9,
                8.1,
                5.4
              ],
              "uv": {
                "north": {
                  "uv": [
                    0,
                    0
                  ],
                  "uv_size": [
                    10,
                    9
                  ]
                },
                "east": {
                  "uv": [
                    10,
                    12
                  ],
                  "uv_size": [
                    6,
                    9
                  ]
                },
                "south": {
                  "uv": [
                    0,
                    9
                  ],
                  "uv_size": [
                    10,
                    9
                  ]
                },
                "west": {
                  "uv": [
                    16,
                    12
                  ],
                  "uv_size": [
                    6,
                    9
                  ]
                },
                "up": {
                  "uv": [
                    10,
                    0
                  ],
                  "uv_size": [
                    10,
                    6
                  ]
                },
                "down": {
                  "uv": [
                    10,
                    12
                  ],
                  "uv_size": [
                    10,
                    -6
                  ]
                }
              }
            },
            {
              "origin": [
                -2.7,
                0.65589,
                -3.62978
              ],
              "size": [
                1.8,
                1.8,
                1.8
              ],
              "uv": {
                "north": {
                  "uv": [
                    22,
                    19
                  ],
                  "uv_size": [
                    2,
                    2
                  ]
                },
                "east": {
                  "uv": [
                    22,
                    27
                  ],
                  "uv_size": [
                    2,
                    2
                  ]
                },
                "south": {
                  "uv": [
                    24,
                    27
                  ],
                  "uv_size": [
                    2,
                    2
                  ]
                },
                "west": {
                  "uv": [
                    28,
                    4
                  ],
                  "uv_size": [
                    2,
                    2
                  ]
                },
                "up": {
                  "uv": [
                    28,
                    6
                  ],
                  "uv_size": [
                    2,
                    2
                  ]
                },
                "down": {
                  "uv": [
                    10,
                    30
                  ],
                  "uv_size": [
                    2,
                    -2
                  ]
                }
              }
            },
            {
              "origin": [
                -0.747,
                0.65589,
                1.46422
              ],
              "size": [
                1.494,
                1.494,
                2.988
              ],
              "uv": {
                "north": {
                  "uv": [
                    8,
                    29
                  ],
                  "uv_size": [
                    1.5,
                    1.5
                  ]
                },
                "east": {
                  "uv": [
                    4,
                    27
                  ],
                  "uv_size": [
                    3.5,
                    1.5
                  ]
                },
                "south": {
                  "uv": [
                    30,
                    2
                  ],
                  "uv_size": [
                    1.5,
                    1.5
                  ]
                },
                "west": {
                  "uv": [
                    14,
                    27
                  ],
                  "uv_size": [
                    3.5,
                    1.5
                  ]
                },
                "up": {
                  "uv": [
                    18,
                    27
                  ],
                  "uv_size": [
                    1.5,
                    3.5
                  ]
                },
                "down": {
                  "uv": [
                    20,
                    30.5
                  ],
                  "uv_size": [
                    1.5,
                    -3.5
                  ]
                }
              }
            },
            {
              "origin": [
                -5.04,
                3.96789,
                -0.85778
              ],
              "size": [
                3.456,
                1.656,
                1.656
              ],
              "pivot": [
                -3.312,
                4.79589,
                -0.02978
              ],
              "rotation": [
                0,
                0,
                -45
              ],
              "uv": {
                "north": {
                  "uv": [
                    24,
                    23
                  ],
                  "uv_size": [
                    4,
                    2
                  ]
                },
                "east": {
                  "uv": [
                    28,
                    24
                  ],
                  "uv_size": [
                    2,
                    2
                  ]
                },
                "south": {
                  "uv": [
                    0,
                    25
                  ],
                  "uv_size": [
                    4,
                    2
                  ]
                },
                "west": {
                  "uv": [
                    28,
                    26
                  ],
                  "uv_size": [
                    2,
                    2
                  ]
                },
                "up": {
                  "uv": [
                    4,
                    25
                  ],
                  "uv_size": [
                    4,
                    2
                  ]
                },
                "down": {
                  "uv": [
                    14,
                    27
                  ],
                  "uv_size": [
                    4,
                    -2
                  ]
                }
              }
            },
            {
              "origin": [
                1.584,
                3.96789,
                -0.85778
              ],
              "size": [
                3.456,
                1.656,
                1.656
              ],
              "pivot": [
                3.312,
                4.79589,
                -0.02978
              ],
              "rotation": [
                0,
                0,
                45
              ],
              "uv": {
                "north": {
                  "uv": [
                    18,
                    25
                  ],
                  "uv_size": [
                    4,
                    2
                  ]
                },
                "east": {
                  "uv": [
                    28,
                    28
                  ],
                  "uv_size": [
                    2,
                    2
                  ]
                },
                "south": {
                  "uv": [
                    22,
                    25
                  ],
                  "uv_size": [
                    4,
                    2
                  ]
                },
                "west": {
                  "uv": [
                    0,
                    29
                  ],
                  "uv_size": [
                    2,
                    2
                  ]
                },
                "up": {
                  "uv": [
                    26,
                    0
                  ],
                  "uv_size": [
                    4,
                    2
                  ]
                },
                "down": {
                  "uv": [
                    26,
                    4
                  ],
                  "uv_size": [
                    4,
                    -2
                  ]
                }
              }
            },
            {
              "origin": [
                0.9,
                0.65589,
                -3.62978
              ],
              "size": [
                1.8,
                1.8,
                1.8
              ],
              "uv": {
                "north": {
                  "uv": [
                    12,
                    28
                  ],
                  "uv_size": [
                    2,
                    2
                  ]
                },
                "east": {
                  "uv": [
                    28,
                    12
                  ],
                  "uv_size": [
                    2,
                    2
                  ]
                },
                "south": {
                  "uv": [
                    28,
                    14
                  ],
                  "uv_size": [
                    2,
                    2
                  ]
                },
                "west": {
                  "uv": [
                    28,
                    18
                  ],
                  "uv_size": [
                    2,
                    2
                  ]
                },
                "up": {
                  "uv": [
                    28,
                    20
                  ],
                  "uv_size": [
                    2,
                    2
                  ]
                },
                "down": {
                  "uv": [
                    28,
                    24
                  ],
                  "uv_size": [
                    2,
                    -2
                  ]
                }
              }
            },
            {
              "origin": [
                -4.5,
                13.25589,
                -0.92978
              ],
              "size": [
                3.6,
                3.6,
                1.8
              ],
              "pivot": [
                -2.7,
                15.05589,
                -0.02978
              ],
              "rotation": [
                0,
                0,
                40
              ],
              "uv": {
                "north": {
                  "uv": [
                    20,
                    21
                  ],
                  "uv_size": [
                    4,
                    4
                  ]
                },
                "east": {
                  "uv": [
                    8,
                    25
                  ],
                  "uv_size": [
                    2,
                    4
                  ]
                },
                "south": {
                  "uv": [
                    22,
                    11
                  ],
                  "uv_size": [
                    4,
                    4
                  ]
                },
                "west": {
                  "uv": [
                    26,
                    4
                  ],
                  "uv_size": [
                    2,
                    4
                  ]
                },
                "up": {
                  "uv": [
                    26,
                    8
                  ],
                  "uv_size": [
                    4,
                    2
                  ]
                },
                "down": {
                  "uv": [
                    26,
                    12
                  ],
                  "uv_size": [
                    4,
                    -2
                  ]
                }
              }
            },
            {
              "origin": [
                0.9,
                13.25589,
                -0.92978
              ],
              "size": [
                3.6,
                3.6,
                1.8
              ],
              "pivot": [
                2.7,
                15.05589,
                -0.02978
              ],
              "rotation": [
                0,
                0,
                -40
              ],
              "uv": {
                "north": {
                  "uv": [
                    22,
                    15
                  ],
                  "uv_size": [
                    4,
                    4
                  ]
                },
                "east": {
                  "uv": [
                    26,
                    12
                  ],
                  "uv_size": [
                    2,
                    4
                  ]
                },
                "south": {
                  "uv": [
                    24,
                    19
                  ],
                  "uv_size": [
                    4,
                    4
                  ]
                },
                "west": {
                  "uv": [
                    26,
                    25
                  ],
                  "uv_size": [
                    2,
                    4
                  ]
                },
                "up": {
                  "uv": [
                    26,
                    16
                  ],
                  "uv_size": [
                    4,
                    2
                  ]
                },
                "down": {
                  "uv": [
                    0,
                    29
                  ],
                  "uv_size": [
                    4,
                    -2
                  ]
                }
              }
            }
          ]
        },
        {
          "name": "bone2",
          "parent": "bone",
          "pivot": [
            0,
            0,
            0
          ],
          "cubes": [
            {
              "origin": [
                -6.3,
                9.65589,
                -2.72978
              ],
              "size": [
                2.7,
                0.9,
                0
              ],
              "pivot": [
                -4.95,
                10.10589,
                -2.72978
              ],
              "rotation": [
                0,
                0,
                15
              ],
              "uv": {
                "north": {
                  "uv": [
                    2,
                    29
                  ],
                  "uv_size": [
                    3,
                    1
                  ]
                },
                "east": {
                  "uv": [
                    0,
                    0
                  ],
                  "uv_size": [
                    0,
                    1
                  ]
                },
                "south": {
                  "uv": [
                    5,
                    29
                  ],
                  "uv_size": [
                    3,
                    1
                  ]
                },
                "west": {
                  "uv": [
                    0,
                    0
                  ],
                  "uv_size": [
                    0,
                    1
                  ]
                },
                "up": {
                  "uv": [
                    0,
                    0
                  ],
                  "uv_size": [
                    3,
                    0
                  ]
                },
                "down": {
                  "uv": [
                    0,
                    0
                  ],
                  "uv_size": [
                    3,
                    0
                  ]
                }
              }
            },
            {
              "origin": [
                -1.8,
                6.95589,
                -2.72978
              ],
              "size": [
                2.7,
                0.9,
                0
              ],
              "pivot": [
                -4.95,
                -8.79411,
                -2.72978
              ],
              "rotation": [
                0,
                0,
                -15
              ],
              "uv": {
                "north": {
                  "uv": [
                    25,
                    29
                  ],
                  "uv_size": [
                    3,
                    1
                  ]
                },
                "east": {
                  "uv": [
                    0,
                    0
                  ],
                  "uv_size": [
                    0,
                    1
                  ]
                },
                "south": {
                  "uv": [
                    30,
                    0
                  ],
                  "uv_size": [
                    3,
                    1
                  ]
                },
                "west": {
                  "uv": [
                    0,
                    0
                  ],
                  "uv_size": [
                    0,
                    1
                  ]
                },
                "up": {
                  "uv": [
                    0,
                    0
                  ],
                  "uv_size": [
                    3,
                    0
                  ]
                },
                "down": {
                  "uv": [
                    0,
                    0
                  ],
                  "uv_size": [
                    3,
                    0
                  ]
                }
              }
            },
            {
              "origin": [
                -0.9,
                6.95589,
                -2.72978
              ],
              "size": [
                2.7,
                0.9,
                0
              ],
              "pivot": [
                4.95,
                -8.79411,
                -2.72978
              ],
              "rotation": [
                0,
                0,
                15
              ],
              "uv": {
                "north": {
                  "uv": [
                    30,
                    1
                  ],
                  "uv_size": [
                    3,
                    1
                  ]
                },
                "east": {
                  "uv": [
                    0,
                    0
                  ],
                  "uv_size": [
                    0,
                    1
                  ]
                },
                "south": {
                  "uv": [
                    2,
                    30
                  ],
                  "uv_size": [
                    3,
                    1
                  ]
                },
                "west": {
                  "uv": [
                    0,
                    0
                  ],
                  "uv_size": [
                    0,
                    1
                  ]
                },
                "up": {
                  "uv": [
                    0,
                    0
                  ],
                  "uv_size": [
                    3,
                    0
                  ]
                },
                "down": {
                  "uv": [
                    0,
                    0
                  ],
                  "uv_size": [
                    3,
                    0
                  ]
                }
              }
            },
            {
              "origin": [
                3.6,
                9.65589,
                -2.72978
              ],
              "size": [
                2.7,
                0.9,
                0
              ],
              "pivot": [
                4.95,
                10.10589,
                -2.72978
              ],
              "rotation": [
                0,
                0,
                -15
              ],
              "uv": {
                "north": {
                  "uv": [
                    14,
                    29
                  ],
                  "uv_size": [
                    3,
                    1
                  ]
                },
                "east": {
                  "uv": [
                    0,
                    0
                  ],
                  "uv_size": [
                    0,
                    1
                  ]
                },
                "south": {
                  "uv": [
                    22,
                    29
                  ],
                  "uv_size": [
                    3,
                    1
                  ]
                },
                "west": {
                  "uv": [
                    0,
                    0
                  ],
                  "uv_size": [
                    0,
                    1
                  ]
                },
                "up": {
                  "uv": [
                    0,
                    0
                  ],
                  "uv_size": [
                    3,
                    0
                  ]
                },
                "down": {
                  "uv": [
                    0,
                    0
                  ],
                  "uv_size": [
                    3,
                    0
                  ]
                }
              }
            }
          ]
        }
      ]
    }
  ]
}