{
  "format_version": "1.12.0",
  "minecraft:geometry": [
    {
      "description": {
        "identifier": "geometry.pa_marumo",
        "texture_width": 64,
        "texture_height": 64,
        "visible_bounds_width": 3,
        "visible_bounds_height": 3.5,
        "visible_bounds_offset": [
          0,
          1.25,
          0
        ]
      },
      "bones": [
        {
          "name": "bone",
          "pivot": [
            0,
            3.59491,
            2.2
          ],
          "rotation": [
            0,
            180,
            0
          ],
          "cubes": [
            {
              "origin": [
                1,
                0,
                0
              ],
              "size": [
                3,
                3,
                1
              ],
              "uv": {
                "north": {
                  "uv": [
                    34,
                    23
                  ],
                  "uv_size": [
                    3,
                    3
                  ]
                },
                "east": {
                  "uv": [
                    33,
                    38
                  ],
                  "uv_size": [
                    1,
                    3
                  ]
                },
                "south": {
                  "uv": [
                    34,
                    26
                  ],
                  "uv_size": [
                    3,
                    3
                  ]
                },
                "west": {
                  "uv": [
                    34,
                    38
                  ],
                  "uv_size": [
                    1,
                    3
                  ]
                },
                "up": {
                  "uv": [
                    37,
                    34
                  ],
                  "uv_size": [
                    3,
                    1
                  ]
                },
                "down": {
                  "uv": [
                    35,
                    39
                  ],
                  "uv_size": [
                    3,
                    -1
                  ]
                }
              }
            },
            {
              "origin": [
                -7.38875,
                -1.42884,
                2
              ],
              "size": [
                2,
                4,
                2
              ],
              "pivot": [
                0,
                0,
                3
              ],
              "rotation": [
                0,
                0,
                42.5
              ],
              "uv": {
                "north": {
                  "uv": [
                    36,
                    16
                  ],
                  "uv_size": [
                    2,
                    4
                  ]
                },
                "east": {
                  "uv": [
                    37,
                    20
                  ],
                  "uv_size": [
                    2,
                    4
                  ]
                },
                "south": {
                  "uv": [
                    37,
                    24
                  ],
                  "uv_size": [
                    2,
                    4
                  ]
                },
                "west": {
                  "uv": [
                    37,
                    28
                  ],
                  "uv_size": [
                    2,
                    4
                  ]
                },
                "up": {
                  "uv": [
                    38,
                    8
                  ],
                  "uv_size": [
                    2,
                    2
                  ]
                },
                "down": {
                  "uv": [
                    38,
                    18
                  ],
                  "uv_size": [
                    2,
                    -2
                  ]
                }
              }
            },
            {
              "origin": [
                5.38875,
                -1.42884,
                2
              ],
              "size": [
                2,
                4,
                2
              ],
              "pivot": [
                0,
                0,
                3
              ],
              "rotation": [
                0,
                0,
                -42.5
              ],
              "uv": {
                "north": {
                  "uv": [
                    0,
                    38
                  ],
                  "uv_size": [
                    2,
                    4
                  ]
                },
                "east": {
                  "uv": [
                    2,
                    38
                  ],
                  "uv_size": [
                    2,
                    4
                  ]
                },
                "south": {
                  "uv": [
                    4,
                    38
                  ],
                  "uv_size": [
                    2,
                    4
                  ]
                },
                "west": {
                  "uv": [
                    38,
                    4
                  ],
                  "uv_size": [
                    2,
                    4
                  ]
                },
                "up": {
                  "uv": [
                    38,
                    18
                  ],
                  "uv_size": [
                    2,
                    2
                  ]
                },
                "down": {
                  "uv": [
                    30,
                    40
                  ],
                  "uv_size": [
                    2,
                    -2
                  ]
                }
              }
            },
            {
              "origin": [
                -4,
                0,
                0
              ],
              "size": [
                3,
                3,
                1
              ],
              "uv": {
                "north": {
                  "uv": [
                    32,
                    4
                  ],
                  "uv_size": [
                    3,
                    3
                  ]
                },
                "east": {
                  "uv": [
                    36,
                    20
                  ],
                  "uv_size": [
                    1,
                    3
                  ]
                },
                "south": {
                  "uv": [
                    32,
                    7
                  ],
                  "uv_size": [
                    3,
                    3
                  ]
                },
                "west": {
                  "uv": [
                    32,
                    38
                  ],
                  "uv_size": [
                    1,
                    3
                  ]
                },
                "up": {
                  "uv": [
                    28,
                    23
                  ],
                  "uv_size": [
                    3,
                    1
                  ]
                },
                "down": {
                  "uv": [
                    32,
                    11
                  ],
                  "uv_size": [
                    3,
                    -1
                  ]
                }
              }
            },
            {
              "origin": [
                -4,
                0,
                1
              ],
              "size": [
                8,
                11,
                6
              ],
              "uv": {
                "north": {
                  "uv": [
                    0,
                    12
                  ],
                  "uv_size": [
                    8,
                    11
                  ]
                },
                "east": {
                  "uv": [
                    26,
                    0
                  ],
                  "uv_size": [
                    6,
                    11
                  ]
                },
                "south": {
                  "uv": [
                    8,
                    12
                  ],
                  "uv_size": [
                    8,
                    11
                  ]
                },
                "west": {
                  "uv": [
                    26,
                    24
                  ],
                  "uv_size": [
                    6,
                    11
                  ]
                },
                "up": {
                  "uv": [
                    28,
                    11
                  ],
                  "uv_size": [
                    8,
                    6
                  ]
                },
                "down": {
                  "uv": [
                    28,
                    23
                  ],
                  "uv_size": [
                    8,
                    -6
                  ]
                }
              }
            }
          ]
        },
        {
          "name": "bone2",
          "parent": "bone",
          "pivot": [
            0,
            0,
            3
          ],
          "cubes": [
            {
              "origin": [
                -5,
                10,
                0
              ],
              "size": [
                10,
                2,
                8
              ],
              "uv": {
                "north": {
                  "uv": [
                    32,
                    0
                  ],
                  "uv_size": [
                    10,
                    1
                  ]
                },
                "east": {
                  "uv": [
                    37,
                    32
                  ],
                  "uv_size": [
                    7,
                    1
                  ]
                },
                "south": {
                  "uv": [
                    32,
                    1
                  ],
                  "uv_size": [
                    10,
                    1
                  ]
                },
                "west": {
                  "uv": [
                    37,
                    33
                  ],
                  "uv_size": [
                    7,
                    1
                  ]
                },
                "up": {
                  "uv": [
                    6,
                    23
                  ],
                  "uv_size": [
                    10,
                    7
                  ]
                },
                "down": {
                  "uv": [
                    16,
                    31
                  ],
                  "uv_size": [
                    10,
                    -7
                  ]
                }
              }
            },
            {
              "origin": [
                -5,
                -0.87257,
                7.97352
              ],
              "size": [
                10,
                12,
                1
              ],
              "pivot": [
                0,
                0,
                3
              ],
              "rotation": [
                10,
                0,
                0
              ],
              "uv": {
                "north": {
                  "uv": [
                    0,
                    0
                  ],
                  "uv_size": [
                    10,
                    12
                  ]
                },
                "east": {
                  "uv": [
                    22,
                    31
                  ],
                  "uv_size": [
                    1,
                    12
                  ]
                },
                "south": {
                  "uv": [
                    10,
                    0
                  ],
                  "uv_size": [
                    10,
                    12
                  ]
                },
                "west": {
                  "uv": [
                    23,
                    31
                  ],
                  "uv_size": [
                    1,
                    12
                  ]
                },
                "up": {
                  "uv": [
                    32,
                    2
                  ],
                  "uv_size": [
                    10,
                    1
                  ]
                },
                "down": {
                  "uv": [
                    32,
                    4
                  ],
                  "uv_size": [
                    10,
                    -1
                  ]
                }
              }
            },
            {
              "origin": [
                -0.75044,
                -1.02526,
                9.67914
              ],
              "size": [
                3.03,
                12.12,
                1.01
              ],
              "pivot": [
                0,
                0,
                3
              ],
              "rotation": [
                4.11405,
                45.72017,
                -4.11405
              ],
              "uv": {
                "north": {
                  "uv": [
                    6,
                    30
                  ],
                  "uv_size": [
                    3,
                    12
                  ]
                },
                "east": {
                  "uv": [
                    24,
                    31
                  ],
                  "uv_size": [
                    1,
                    12
                  ]
                },
                "south": {
                  "uv": [
                    9,
                    30
                  ],
                  "uv_size": [
                    3,
                    12
                  ]
                },
                "west": {
                  "uv": [
                    25,
                    31
                  ],
                  "uv_size": [
                    1,
                    12
                  ]
                },
                "up": {
                  "uv": [
                    38,
                    35
                  ],
                  "uv_size": [
                    3,
                    1
                  ]
                },
                "down": {
                  "uv": [
                    38,
                    37
                  ],
                  "uv_size": [
                    3,
                    -1
                  ]
                }
              }
            },
            {
              "origin": [
                -2.27956,
                -1.02526,
                9.67914
              ],
              "size": [
                3.03,
                12.12,
                1.01
              ],
              "pivot": [
                0,
                0,
                3
              ],
              "rotation": [
                4.11405,
                -45.72017,
                4.11405
              ],
              "uv": {
                "north": {
                  "uv": [
                    12,
                    30
                  ],
                  "uv_size": [
                    3,
                    12
                  ]
                },
                "east": {
                  "uv": [
                    32,
                    23
                  ],
                  "uv_size": [
                    1,
                    12
                  ]
                },
                "south": {
                  "uv": [
                    15,
                    31
                  ],
                  "uv_size": [
                    3,
                    12
                  ]
                },
                "west": {
                  "uv": [
                    33,
                    23
                  ],
                  "uv_size": [
                    1,
                    12
                  ]
                },
                "up": {
                  "uv": [
                    38,
                    37
                  ],
                  "uv_size": [
                    3,
                    1
                  ]
                },
                "down": {
                  "uv": [
                    38,
                    39
                  ],
                  "uv_size": [
                    3,
                    -1
                  ]
                }
              }
            },
            {
              "origin": [
                -6.97352,
                -0.87257,
                1
              ],
              "size": [
                1,
                12,
                6
              ],
              "pivot": [
                0,
                0,
                3
              ],
              "rotation": [
                0,
                0,
                10
              ],
              "uv": {
                "north": {
                  "uv": [
                    18,
                    31
                  ],
                  "uv_size": [
                    1,
                    12
                  ]
                },
                "east": {
                  "uv": [
                    16,
                    12
                  ],
                  "uv_size": [
                    6,
                    12
                  ]
                },
                "south": {
                  "uv": [
                    19,
                    31
                  ],
                  "uv_size": [
                    1,
                    12
                  ]
                },
                "west": {
                  "uv": [
                    20,
                    0
                  ],
                  "uv_size": [
                    6,
                    12
                  ]
                },
                "up": {
                  "uv": [
                    26,
                    38
                  ],
                  "uv_size": [
                    1,
                    6
                  ]
                },
                "down": {
                  "uv": [
                    27,
                    44
                  ],
                  "uv_size": [
                    1,
                    -6
                  ]
                }
              }
            },
            {
              "origin": [
                5.97352,
                -0.87257,
                1
              ],
              "size": [
                1,
                12,
                6
              ],
              "pivot": [
                0,
                0,
                3
              ],
              "rotation": [
                0,
                0,
                -10
              ],
              "uv": {
                "north": {
                  "uv": [
                    20,
                    31
                  ],
                  "uv_size": [
                    1,
                    12
                  ]
                },
                "east": {
                  "uv": [
                    22,
                    12
                  ],
                  "uv_size": [
                    6,
                    12
                  ]
                },
                "south": {
                  "uv": [
                    21,
                    31
                  ],
                  "uv_size": [
                    1,
                    12
                  ]
                },
                "west": {
                  "uv": [
                    0,
                    23
                  ],
                  "uv_size": [
                    6,
                    12
                  ]
                },
                "up": {
                  "uv": [
                    28,
                    38
                  ],
                  "uv_size": [
                    1,
                    6
                  ]
                },
                "down": {
                  "uv": [
                    29,
                    44
                  ],
                  "uv_size": [
                    1,
                    -6
                  ]
                }
              }
            },
            {
              "origin": [
                -0.34266,
                11.41307,
                2
              ],
              "size": [
                3,
                3,
                3
              ],
              "pivot": [
                0,
                0,
                3
              ],
              "rotation": [
                0,
                0,
                -20
              ],
              "uv": {
                "north": {
                  "uv": [
                    34,
                    29
                  ],
                  "uv_size": [
                    3,
                    3
                  ]
                },
                "east": {
                  "uv": [
                    34,
                    32
                  ],
                  "uv_size": [
                    3,
                    3
                  ]
                },
                "south": {
                  "uv": [
                    0,
                    35
                  ],
                  "uv_size": [
                    3,
                    3
                  ]
                },
                "west": {
                  "uv": [
                    3,
                    35
                  ],
                  "uv_size": [
                    3,
                    3
                  ]
                },
                "up": {
                  "uv": [
                    35,
                    4
                  ],
                  "uv_size": [
                    3,
                    3
                  ]
                },
                "down": {
                  "uv": [
                    35,
                    10
                  ],
                  "uv_size": [
                    3,
                    -3
                  ]
                }
              }
            },
            {
              "origin": [
                -2.65734,
                11.41307,
                2
              ],
              "size": [
                3,
                3,
                3
              ],
              "pivot": [
                0,
                0,
                3
              ],
              "rotation": [
                0,
                0,
                20
              ],
              "uv": {
                "north": {
                  "uv": [
                    26,
                    35
                  ],
                  "uv_size": [
                    3,
                    3
                  ]
                },
                "east": {
                  "uv": [
                    29,
                    35
                  ],
                  "uv_size": [
                    3,
                    3
                  ]
                },
                "south": {
                  "uv": [
                    32,
                    35
                  ],
                  "uv_size": [
                    3,
                    3
                  ]
                },
                "west": {
                  "uv": [
                    35,
                    35
                  ],
                  "uv_size": [
                    3,
                    3
                  ]
                },
                "up": {
                  "uv": [
                    36,
                    10
                  ],
                  "uv_size": [
                    3,
                    3
                  ]
                },
                "down": {
                  "uv": [
                    36,
                    16
                  ],
                  "uv_size": [
                    3,
                    -3
                  ]
                }
              }
            }
          ]
        }
      ]
    }
  ]
}