{
  "format_version": "1.12.0",
  "minecraft:geometry": [
    {
      "description": {
        "identifier": "geometry.pa_mimmy",
        "texture_width": 64,
        "texture_height": 64,
        "visible_bounds_width": 3,
        "visible_bounds_height": 2.5,
        "visible_bounds_offset": [
          0,
          0.75,
          0
        ]
      },
      "bones": [
        {
          "name": "bone",
          "pivot": [
            0,
            6.929,
            1.75
          ],
          "rotation": [
            0,
            180,
            0
          ],
          "cubes": [
            {
              "origin": [
                -3.75,
                0,
                1
              ],
              "size": [
                7.5,
                6.75,
                4.5
              ],
              "uv": {
                "north": {
                  "uv": [
                    0,
                    16
                  ],
                  "uv_size": [
                    10,
                    9
                  ]
                },
                "east": {
                  "uv": [
                    28,
                    0
                  ],
                  "uv_size": [
                    6,
                    9
                  ]
                },
                "south": {
                  "uv": [
                    10,
                    16
                  ],
                  "uv_size": [
                    10,
                    9
                  ]
                },
                "west": {
                  "uv": [
                    28,
                    9
                  ],
                  "uv_size": [
                    6,
                    9
                  ]
                },
                "up": {
                  "uv": [
                    0,
                    25
                  ],
                  "uv_size": [
                    10,
                    6
                  ]
                },
                "down": {
                  "uv": [
                    10,
                    31
                  ],
                  "uv_size": [
                    10,
                    -6
                  ]
                }
              }
            },
            {
              "origin": [
                -5.25,
                6.75,
                0.25
              ],
              "size": [
                10.5,
                6,
                6
              ],
              "uv": {
                "north": {
                  "uv": [
                    0,
                    0
                  ],
                  "uv_size": [
                    14,
                    8
                  ]
                },
                "east": {
                  "uv": [
                    20,
                    16
                  ],
                  "uv_size": [
                    8,
                    8
                  ]
                },
                "south": {
                  "uv": [
                    0,
                    8
                  ],
                  "uv_size": [
                    14,
                    8
                  ]
                },
                "west": {
                  "uv": [
                    20,
                    24
                  ],
                  "uv_size": [
                    8,
                    8
                  ]
                },
                "up": {
                  "uv": [
                    14,
                    0
                  ],
                  "uv_size": [
                    14,
                    8
                  ]
                },
                "down": {
                  "uv": [
                    14,
                    16
                  ],
                  "uv_size": [
                    14,
                    -8
                  ]
                }
              }
            },
            {
              "origin": [
                -3.75,
                0,
                -0.5
              ],
              "size": [
                2.25,
                1.5,
                1.5
              ],
              "uv": {
                "north": {
                  "uv": [
                    34,
                    0
                  ],
                  "uv_size": [
                    3,
                    2
                  ]
                },
                "east": {
                  "uv": [
                    34,
                    16
                  ],
                  "uv_size": [
                    2,
                    2
                  ]
                },
                "south": {
                  "uv": [
                    34,
                    2
                  ],
                  "uv_size": [
                    3,
                    2
                  ]
                },
                "west": {
                  "uv": [
                    28,
                    34
                  ],
                  "uv_size": [
                    2,
                    2
                  ]
                },
                "up": {
                  "uv": [
                    34,
                    4
                  ],
                  "uv_size": [
                    3,
                    2
                  ]
                },
                "down": {
                  "uv": [
                    34,
                    8
                  ],
                  "uv_size": [
                    3,
                    -2
                  ]
                }
              }
            },
            {
              "origin": [
                1.5,
                0,
                -0.5
              ],
              "size": [
                2.25,
                1.5,
                1.5
              ],
              "uv": {
                "north": {
                  "uv": [
                    34,
                    8
                  ],
                  "uv_size": [
                    3,
                    2
                  ]
                },
                "east": {
                  "uv": [
                    30,
                    34
                  ],
                  "uv_size": [
                    2,
                    2
                  ]
                },
                "south": {
                  "uv": [
                    34,
                    10
                  ],
                  "uv_size": [
                    3,
                    2
                  ]
                },
                "west": {
                  "uv": [
                    0,
                    35
                  ],
                  "uv_size": [
                    2,
                    2
                  ]
                },
                "up": {
                  "uv": [
                    34,
                    12
                  ],
                  "uv_size": [
                    3,
                    2
                  ]
                },
                "down": {
                  "uv": [
                    34,
                    16
                  ],
                  "uv_size": [
                    3,
                    -2
                  ]
                }
              }
            },
            {
              "origin": [
                -2.87741,
                5.46311,
                2.5
              ],
              "size": [
                3,
                1.5,
                1.5
              ],
              "pivot": [
                0,
                0,
                4
              ],
              "rotation": [
                0,
                0,
                -32.5
              ],
              "uv": {
                "north": {
                  "uv": [
                    20,
                    32
                  ],
                  "uv_size": [
                    4,
                    2
                  ]
                },
                "east": {
                  "uv": [
                    2,
                    35
                  ],
                  "uv_size": [
                    2,
                    2
                  ]
                },
                "south": {
                  "uv": [
                    24,
                    32
                  ],
                  "uv_size": [
                    4,
                    2
                  ]
                },
                "west": {
                  "uv": [
                    4,
                    35
                  ],
                  "uv_size": [
                    2,
                    2
                  ]
                },
                "up": {
                  "uv": [
                    0,
                    33
                  ],
                  "uv_size": [
                    4,
                    2
                  ]
                },
                "down": {
                  "uv": [
                    4,
                    35
                  ],
                  "uv_size": [
                    4,
                    -2
                  ]
                }
              }
            },
            {
              "origin": [
                -0.12259,
                5.46311,
                2.5
              ],
              "size": [
                3,
                1.5,
                1.5
              ],
              "pivot": [
                0,
                0,
                4
              ],
              "rotation": [
                0,
                0,
                32.5
              ],
              "uv": {
                "north": {
                  "uv": [
                    8,
                    33
                  ],
                  "uv_size": [
                    4,
                    2
                  ]
                },
                "east": {
                  "uv": [
                    6,
                    35
                  ],
                  "uv_size": [
                    2,
                    2
                  ]
                },
                "south": {
                  "uv": [
                    12,
                    33
                  ],
                  "uv_size": [
                    4,
                    2
                  ]
                },
                "west": {
                  "uv": [
                    8,
                    35
                  ],
                  "uv_size": [
                    2,
                    2
                  ]
                },
                "up": {
                  "uv": [
                    16,
                    33
                  ],
                  "uv_size": [
                    4,
                    2
                  ]
                },
                "down": {
                  "uv": [
                    33,
                    20
                  ],
                  "uv_size": [
                    4,
                    -2
                  ]
                }
              }
            },
            {
              "origin": [
                -13.05742,
                5.22012,
                2.5
              ],
              "size": [
                3.75,
                3,
                1.5
              ],
              "pivot": [
                0,
                0,
                4
              ],
              "rotation": [
                0,
                0,
                45
              ],
              "uv": {
                "north": {
                  "uv": [
                    28,
                    18
                  ],
                  "uv_size": [
                    5,
                    4
                  ]
                },
                "east": {
                  "uv": [
                    33,
                    20
                  ],
                  "uv_size": [
                    2,
                    4
                  ]
                },
                "south": {
                  "uv": [
                    28,
                    22
                  ],
                  "uv_size": [
                    5,
                    4
                  ]
                },
                "west": {
                  "uv": [
                    33,
                    24
                  ],
                  "uv_size": [
                    2,
                    4
                  ]
                },
                "up": {
                  "uv": [
                    0,
                    31
                  ],
                  "uv_size": [
                    5,
                    2
                  ]
                },
                "down": {
                  "uv": [
                    5,
                    33
                  ],
                  "uv_size": [
                    5,
                    -2
                  ]
                }
              }
            },
            {
              "origin": [
                9.30743,
                5.22012,
                2.5
              ],
              "size": [
                3.75,
                3,
                1.5
              ],
              "pivot": [
                0,
                0,
                4
              ],
              "rotation": [
                0,
                0,
                -45
              ],
              "uv": {
                "north": {
                  "uv": [
                    28,
                    26
                  ],
                  "uv_size": [
                    5,
                    4
                  ]
                },
                "east": {
                  "uv": [
                    33,
                    28
                  ],
                  "uv_size": [
                    2,
                    4
                  ]
                },
                "south": {
                  "uv": [
                    28,
                    30
                  ],
                  "uv_size": [
                    5,
                    4
                  ]
                },
                "west": {
                  "uv": [
                    33,
                    32
                  ],
                  "uv_size": [
                    2,
                    4
                  ]
                },
                "up": {
                  "uv": [
                    10,
                    31
                  ],
                  "uv_size": [
                    5,
                    2
                  ]
                },
                "down": {
                  "uv": [
                    15,
                    33
                  ],
                  "uv_size": [
                    5,
                    -2
                  ]
                }
              }
            },
            {
              "origin": [
                -8.95921,
                7.03058,
                0.25
              ],
              "size": [
                2.25,
                0.75,
                0
              ],
              "pivot": [
                0,
                0,
                4
              ],
              "rotation": [
                0,
                0,
                15
              ],
              "uv": {
                "north": {
                  "uv": [
                    10,
                    35
                  ],
                  "uv_size": [
                    3,
                    1
                  ]
                },
                "east": {
                  "uv": [
                    0,
                    0
                  ],
                  "uv_size": [
                    0,
                    1
                  ]
                },
                "south": {
                  "uv": [
                    13,
                    35
                  ],
                  "uv_size": [
                    3,
                    1
                  ]
                },
                "west": {
                  "uv": [
                    0,
                    0
                  ],
                  "uv_size": [
                    0,
                    1
                  ]
                },
                "up": {
                  "uv": [
                    0,
                    0
                  ],
                  "uv_size": [
                    3,
                    0
                  ]
                },
                "down": {
                  "uv": [
                    0,
                    0
                  ],
                  "uv_size": [
                    3,
                    0
                  ]
                }
              }
            },
            {
              "origin": [
                -4.45921,
                8.71942,
                0.25
              ],
              "size": [
                2.25,
                0.75,
                0
              ],
              "pivot": [
                0,
                0,
                4
              ],
              "rotation": [
                0,
                0,
                -15
              ],
              "uv": {
                "north": {
                  "uv": [
                    35,
                    21
                  ],
                  "uv_size": [
                    3,
                    1
                  ]
                },
                "east": {
                  "uv": [
                    0,
                    0
                  ],
                  "uv_size": [
                    0,
                    1
                  ]
                },
                "south": {
                  "uv": [
                    35,
                    22
                  ],
                  "uv_size": [
                    3,
                    1
                  ]
                },
                "west": {
                  "uv": [
                    0,
                    0
                  ],
                  "uv_size": [
                    0,
                    1
                  ]
                },
                "up": {
                  "uv": [
                    0,
                    0
                  ],
                  "uv_size": [
                    3,
                    0
                  ]
                },
                "down": {
                  "uv": [
                    0,
                    0
                  ],
                  "uv_size": [
                    3,
                    0
                  ]
                }
              }
            },
            {
              "origin": [
                2.20921,
                8.71942,
                0.25
              ],
              "size": [
                2.25,
                0.75,
                0
              ],
              "pivot": [
                0,
                0,
                4
              ],
              "rotation": [
                0,
                0,
                15
              ],
              "uv": {
                "north": {
                  "uv": [
                    35,
                    23
                  ],
                  "uv_size": [
                    3,
                    1
                  ]
                },
                "east": {
                  "uv": [
                    0,
                    0
                  ],
                  "uv_size": [
                    0,
                    1
                  ]
                },
                "south": {
                  "uv": [
                    35,
                    24
                  ],
                  "uv_size": [
                    3,
                    1
                  ]
                },
                "west": {
                  "uv": [
                    0,
                    0
                  ],
                  "uv_size": [
                    0,
                    1
                  ]
                },
                "up": {
                  "uv": [
                    0,
                    0
                  ],
                  "uv_size": [
                    3,
                    0
                  ]
                },
                "down": {
                  "uv": [
                    0,
                    0
                  ],
                  "uv_size": [
                    3,
                    0
                  ]
                }
              }
            },
            {
              "origin": [
                6.70921,
                7.03058,
                0.25
              ],
              "size": [
                2.25,
                0.75,
                0
              ],
              "pivot": [
                0,
                0,
                4
              ],
              "rotation": [
                0,
                0,
                -15
              ],
              "uv": {
                "north": {
                  "uv": [
                    16,
                    35
                  ],
                  "uv_size": [
                    3,
                    1
                  ]
                },
                "east": {
                  "uv": [
                    0,
                    0
                  ],
                  "uv_size": [
                    0,
                    1
                  ]
                },
                "south": {
                  "uv": [
                    35,
                    20
                  ],
                  "uv_size": [
                    3,
                    1
                  ]
                },
                "west": {
                  "uv": [
                    0,
                    0
                  ],
                  "uv_size": [
                    0,
                    1
                  ]
                },
                "up": {
                  "uv": [
                    0,
                    0
                  ],
                  "uv_size": [
                    3,
                    0
                  ]
                },
                "down": {
                  "uv": [
                    0,
                    0
                  ],
                  "uv_size": [
                    3,
                    0
                  ]
                }
              }
            }
          ]
        },
        {
          "name": "bone2",
          "parent": "bone",
          "pivot": [
            -2.625,
            12.375,
            -0.125
          ],
          "rotation": [
            80.3342,
            -2.57594,
            -14.78217
          ],
          "cubes": [
            {
              "origin": [
                -3,
                12,
                -0.5
              ],
              "size": [
                0.75,
                0.75,
                0.75
              ],
              "uv": {
                "north": {
                  "uv": [
                    33,
                    34
                  ],
                  "uv_size": [
                    -1,
                    1
                  ]
                },
                "east": {
                  "uv": [
                    36,
                    33
                  ],
                  "uv_size": [
                    -1,
                    1
                  ]
                },
                "south": {
                  "uv": [
                    33,
                    35
                  ],
                  "uv_size": [
                    -1,
                    1
                  ]
                },
                "west": {
                  "uv": [
                    20,
                    35
                  ],
                  "uv_size": [
                    -1,
                    1
                  ]
                },
                "up": {
                  "uv": [
                    36,
                    34
                  ],
                  "uv_size": [
                    -1,
                    1
                  ]
                },
                "down": {
                  "uv": [
                    36,
                    36
                  ],
                  "uv_size": [
                    -1,
                    -1
                  ]
                }
              }
            },
            {
              "origin": [
                -4.5,
                12,
                -1.25
              ],
              "size": [
                1.5,
                0.75,
                2.25
              ],
              "uv": {
                "north": {
                  "uv": [
                    37,
                    29
                  ],
                  "uv_size": [
                    -2,
                    1
                  ]
                },
                "east": {
                  "uv": [
                    38,
                    26
                  ],
                  "uv_size": [
                    -3,
                    1
                  ]
                },
                "south": {
                  "uv": [
                    37,
                    30
                  ],
                  "uv_size": [
                    -2,
                    1
                  ]
                },
                "west": {
                  "uv": [
                    38,
                    25
                  ],
                  "uv_size": [
                    -3,
                    1
                  ]
                },
                "up": {
                  "uv": [
                    22,
                    34
                  ],
                  "uv_size": [
                    -2,
                    3
                  ]
                },
                "down": {
                  "uv": [
                    24,
                    37
                  ],
                  "uv_size": [
                    -2,
                    -3
                  ]
                }
              }
            },
            {
              "origin": [
                -2.25,
                12,
                -1.25
              ],
              "size": [
                1.5,
                0.75,
                2.25
              ],
              "uv": {
                "north": {
                  "uv": [
                    37,
                    31
                  ],
                  "uv_size": [
                    -2,
                    1
                  ]
                },
                "east": {
                  "uv": [
                    38,
                    28
                  ],
                  "uv_size": [
                    -3,
                    1
                  ]
                },
                "south": {
                  "uv": [
                    37,
                    32
                  ],
                  "uv_size": [
                    -2,
                    1
                  ]
                },
                "west": {
                  "uv": [
                    38,
                    27
                  ],
                  "uv_size": [
                    -3,
                    1
                  ]
                },
                "up": {
                  "uv": [
                    26,
                    34
                  ],
                  "uv_size": [
                    -2,
                    3
                  ]
                },
                "down": {
                  "uv": [
                    28,
                    37
                  ],
                  "uv_size": [
                    -2,
                    -3
                  ]
                }
              }
            }
          ]
        }
      ]
    }
  ]
}