{
  "format_version": "1.12.0",
  "minecraft:geometry": [
    {
      "description": {
        "identifier": "geometry.pa_milk",
        "texture_width": 32,
        "texture_height": 32,
        "visible_bounds_width": 3,
        "visible_bounds_height": 3.5,
        "visible_bounds_offset": [
          0,
          1.25,
          0
        ]
      },
      "bones": [
        {
          "name": "bone",
          "pivot": [
            0,
            3.34609,
            0.165
          ],
          "rotation": [
            0,
            180,
            0
          ],
          "cubes": [
            {
              "origin": [
                -2.64,
                0,
                -0.66
              ],
              "size": [
                5.28,
                3.96,
                2.64
              ],
              "uv": {
                "north": {
                  "uv": [
                    8,
                    8
                  ],
                  "uv_size": [
                    5.5,
                    4
                  ]
                },
                "east": {
                  "uv": [
                    0,
                    17
                  ],
                  "uv_size": [
                    2.5,
                    4
                  ]
                },
                "south": {
                  "uv": [
                    0,
                    10
                  ],
                  "uv_size": [
                    5.5,
                    4
                  ]
                },
                "west": {
                  "uv": [
                    3,
                    17
                  ],
                  "uv_size": [
                    2.5,
                    4
                  ]
                },
                "up": {
                  "uv": [
                    16,
                    0
                  ],
                  "uv_size": [
                    5.5,
                    2.5
                  ]
                },
                "down": {
                  "uv": [
                    16,
                    5.5
                  ],
                  "uv_size": [
                    5.5,
                    -2.5
                  ]
                }
              }
            },
            {
              "origin": [
                -3.96,
                3.96,
                -1.32
              ],
              "size": [
                7.92,
                4.62,
                3.96
              ],
              "uv": {
                "north": {
                  "uv": [
                    0,
                    0
                  ],
                  "uv_size": [
                    8,
                    4.5
                  ]
                },
                "east": {
                  "uv": [
                    6,
                    12
                  ],
                  "uv_size": [
                    4,
                    4.5
                  ]
                },
                "south": {
                  "uv": [
                    0,
                    5
                  ],
                  "uv_size": [
                    8,
                    4.5
                  ]
                },
                "west": {
                  "uv": [
                    10,
                    12
                  ],
                  "uv_size": [
                    4,
                    4.5
                  ]
                },
                "up": {
                  "uv": [
                    8,
                    0
                  ],
                  "uv_size": [
                    8,
                    4
                  ]
                },
                "down": {
                  "uv": [
                    8,
                    8
                  ],
                  "uv_size": [
                    8,
                    -4
                  ]
                }
              }
            },
            {
              "origin": [
                -1.98,
                0,
                -1.98
              ],
              "size": [
                1.32,
                1.32,
                1.32
              ],
              "uv": {
                "north": {
                  "uv": [
                    2,
                    21
                  ],
                  "uv_size": [
                    1.5,
                    1.5
                  ]
                },
                "east": {
                  "uv": [
                    4,
                    21
                  ],
                  "uv_size": [
                    1.5,
                    1.5
                  ]
                },
                "south": {
                  "uv": [
                    6,
                    21
                  ],
                  "uv_size": [
                    1.5,
                    1.5
                  ]
                },
                "west": {
                  "uv": [
                    8,
                    21
                  ],
                  "uv_size": [
                    1.5,
                    1.5
                  ]
                },
                "up": {
                  "uv": [
                    10,
                    21
                  ],
                  "uv_size": [
                    1.5,
                    1.5
                  ]
                },
                "down": {
                  "uv": [
                    12,
                    22.5
                  ],
                  "uv_size": [
                    1.5,
                    -1.5
                  ]
                }
              }
            },
            {
              "origin": [
                0.66,
                0,
                -1.98
              ],
              "size": [
                1.32,
                1.32,
                1.32
              ],
              "uv": {
                "north": {
                  "uv": [
                    14,
                    21
                  ],
                  "uv_size": [
                    1.5,
                    1.5
                  ]
                },
                "east": {
                  "uv": [
                    16,
                    21
                  ],
                  "uv_size": [
                    1.5,
                    1.5
                  ]
                },
                "south": {
                  "uv": [
                    18,
                    21
                  ],
                  "uv_size": [
                    1.5,
                    1.5
                  ]
                },
                "west": {
                  "uv": [
                    20,
                    21
                  ],
                  "uv_size": [
                    1.5,
                    1.5
                  ]
                },
                "up": {
                  "uv": [
                    22,
                    0
                  ],
                  "uv_size": [
                    1.5,
                    1.5
                  ]
                },
                "down": {
                  "uv": [
                    22,
                    3.5
                  ],
                  "uv_size": [
                    1.5,
                    -1.5
                  ]
                }
              }
            },
            {
              "origin": [
                -4.55076,
                -1.37311,
                0
              ],
              "size": [
                1.32,
                1.98,
                1.32
              ],
              "pivot": [
                0,
                0,
                0
              ],
              "rotation": [
                0,
                0,
                50
              ],
              "uv": {
                "north": {
                  "uv": [
                    6,
                    10
                  ],
                  "uv_size": [
                    1.5,
                    2
                  ]
                },
                "east": {
                  "uv": [
                    18,
                    19
                  ],
                  "uv_size": [
                    1.5,
                    2
                  ]
                },
                "south": {
                  "uv": [
                    20,
                    8
                  ],
                  "uv_size": [
                    1.5,
                    2
                  ]
                },
                "west": {
                  "uv": [
                    20,
                    10
                  ],
                  "uv_size": [
                    1.5,
                    2
                  ]
                },
                "up": {
                  "uv": [
                    22,
                    4
                  ],
                  "uv_size": [
                    1.5,
                    1.5
                  ]
                },
                "down": {
                  "uv": [
                    22,
                    7.5
                  ],
                  "uv_size": [
                    1.5,
                    -1.5
                  ]
                }
              }
            },
            {
              "origin": [
                3.23076,
                -1.37311,
                0
              ],
              "size": [
                1.32,
                1.98,
                1.32
              ],
              "pivot": [
                0,
                0,
                0
              ],
              "rotation": [
                0,
                0,
                -50
              ],
              "uv": {
                "north": {
                  "uv": [
                    20,
                    12
                  ],
                  "uv_size": [
                    1.5,
                    2
                  ]
                },
                "east": {
                  "uv": [
                    20,
                    14
                  ],
                  "uv_size": [
                    1.5,
                    2
                  ]
                },
                "south": {
                  "uv": [
                    20,
                    19
                  ],
                  "uv_size": [
                    1.5,
                    2
                  ]
                },
                "west": {
                  "uv": [
                    0,
                    21
                  ],
                  "uv_size": [
                    1.5,
                    2
                  ]
                },
                "up": {
                  "uv": [
                    22,
                    8
                  ],
                  "uv_size": [
                    1.5,
                    1.5
                  ]
                },
                "down": {
                  "uv": [
                    22,
                    11.5
                  ],
                  "uv_size": [
                    1.5,
                    -1.5
                  ]
                }
              }
            },
            {
              "origin": [
                -1.1172,
                6.91945,
                -0.66
              ],
              "size": [
                5.94,
                1.32,
                2.64
              ],
              "pivot": [
                0,
                0,
                0
              ],
              "rotation": [
                0,
                0,
                -55
              ],
              "uv": {
                "north": {
                  "uv": [
                    12,
                    17
                  ],
                  "uv_size": [
                    6,
                    1.5
                  ]
                },
                "east": {
                  "uv": [
                    12,
                    19
                  ],
                  "uv_size": [
                    2.5,
                    1.5
                  ]
                },
                "south": {
                  "uv": [
                    18,
                    17
                  ],
                  "uv_size": [
                    6,
                    1.5
                  ]
                },
                "west": {
                  "uv": [
                    15,
                    19
                  ],
                  "uv_size": [
                    2.5,
                    1.5
                  ]
                },
                "up": {
                  "uv": [
                    14,
                    11
                  ],
                  "uv_size": [
                    6,
                    2.5
                  ]
                },
                "down": {
                  "uv": [
                    14,
                    16.5
                  ],
                  "uv_size": [
                    6,
                    -2.5
                  ]
                }
              }
            },
            {
              "origin": [
                -4.8228,
                6.91945,
                -0.66
              ],
              "size": [
                5.94,
                1.32,
                2.64
              ],
              "pivot": [
                0,
                0,
                0
              ],
              "rotation": [
                0,
                0,
                55
              ],
              "uv": {
                "north": {
                  "uv": [
                    16,
                    6
                  ],
                  "uv_size": [
                    6,
                    1.5
                  ]
                },
                "east": {
                  "uv": [
                    6,
                    19
                  ],
                  "uv_size": [
                    2.5,
                    1.5
                  ]
                },
                "south": {
                  "uv": [
                    6,
                    17
                  ],
                  "uv_size": [
                    6,
                    1.5
                  ]
                },
                "west": {
                  "uv": [
                    9,
                    19
                  ],
                  "uv_size": [
                    2.5,
                    1.5
                  ]
                },
                "up": {
                  "uv": [
                    0,
                    14
                  ],
                  "uv_size": [
                    6,
                    2.5
                  ]
                },
                "down": {
                  "uv": [
                    14,
                    10.5
                  ],
                  "uv_size": [
                    6,
                    -2.5
                  ]
                }
              }
            }
          ]
        }
      ]
    }
  ]
}