{
  "format_version": "1.12.0",
  "minecraft:geometry": [
    {
      "description": {
        "identifier": "geometry.pa_pumpumpurin",
        "texture_width": 64,
        "texture_height": 64,
        "visible_bounds_width": 3,
        "visible_bounds_height": 3.5,
        "visible_bounds_offset": [
          0,
          1.25,
          0
        ]
      },
      "bones": [
        {
          "name": "bone",
          "pivot": [
            0,
            5.0302,
            1.05286
          ],
          "rotation": [
            0,
            180,
            0
          ],
          "cubes": [
            {
              "origin": [
                -4.08,
                0,
                -1.06
              ],
              "size": [
                8.16,
                12.24,
                7.14
              ],
              "uv": {
                "north": {
                  "uv": [
                    0,
                    0
                  ],
                  "uv_size": [
                    8,
                    12
                  ]
                },
                "east": {
                  "uv": [
                    0,
                    12
                  ],
                  "uv_size": [
                    7,
                    12
                  ]
                },
                "south": {
                  "uv": [
                    8,
                    0
                  ],
                  "uv_size": [
                    8,
                    12
                  ]
                },
                "west": {
                  "uv": [
                    7,
                    12
                  ],
                  "uv_size": [
                    7,
                    12
                  ]
                },
                "up": {
                  "uv": [
                    14,
                    12
                  ],
                  "uv_size": [
                    8,
                    7
                  ]
                },
                "down": {
                  "uv": [
                    16,
                    7
                  ],
                  "uv_size": [
                    8,
                    -7
                  ]
                }
              }
            },
            {
              "origin": [
                -4.08,
                0,
                -3.1
              ],
              "size": [
                2.04,
                2.04,
                2.04
              ],
              "uv": {
                "north": {
                  "uv": [
                    27,
                    21
                  ],
                  "uv_size": [
                    2,
                    2
                  ]
                },
                "east": {
                  "uv": [
                    27,
                    23
                  ],
                  "uv_size": [
                    2,
                    2
                  ]
                },
                "south": {
                  "uv": [
                    26,
                    27
                  ],
                  "uv_size": [
                    2,
                    2
                  ]
                },
                "west": {
                  "uv": [
                    15,
                    28
                  ],
                  "uv_size": [
                    2,
                    2
                  ]
                },
                "up": {
                  "uv": [
                    17,
                    28
                  ],
                  "uv_size": [
                    2,
                    2
                  ]
                },
                "down": {
                  "uv": [
                    19,
                    30
                  ],
                  "uv_size": [
                    2,
                    -2
                  ]
                }
              }
            },
            {
              "origin": [
                2.04,
                0,
                -3.1
              ],
              "size": [
                2.04,
                2.04,
                2.04
              ],
              "uv": {
                "north": {
                  "uv": [
                    21,
                    28
                  ],
                  "uv_size": [
                    2,
                    2
                  ]
                },
                "east": {
                  "uv": [
                    23,
                    28
                  ],
                  "uv_size": [
                    2,
                    2
                  ]
                },
                "south": {
                  "uv": [
                    28,
                    27
                  ],
                  "uv_size": [
                    2,
                    2
                  ]
                },
                "west": {
                  "uv": [
                    0,
                    29
                  ],
                  "uv_size": [
                    2,
                    2
                  ]
                },
                "up": {
                  "uv": [
                    2,
                    29
                  ],
                  "uv_size": [
                    2,
                    2
                  ]
                },
                "down": {
                  "uv": [
                    4,
                    31
                  ],
                  "uv_size": [
                    2,
                    -2
                  ]
                }
              }
            },
            {
              "origin": [
                -2.08877,
                5.64536,
                1.1228
              ],
              "size": [
                4.5288,
                1.7544,
                1.7544
              ],
              "pivot": [
                0,
                0,
                2
              ],
              "rotation": [
                0,
                0,
                -47.5
              ],
              "uv": {
                "north": {
                  "uv": [
                    16,
                    25
                  ],
                  "uv_size": [
                    4.5,
                    1.5
                  ]
                },
                "east": {
                  "uv": [
                    6,
                    29
                  ],
                  "uv_size": [
                    1.5,
                    1.5
                  ]
                },
                "south": {
                  "uv": [
                    21,
                    25
                  ],
                  "uv_size": [
                    4.5,
                    1.5
                  ]
                },
                "west": {
                  "uv": [
                    29,
                    7
                  ],
                  "uv_size": [
                    1.5,
                    1.5
                  ]
                },
                "up": {
                  "uv": [
                    26,
                    25
                  ],
                  "uv_size": [
                    4.5,
                    1.5
                  ]
                },
                "down": {
                  "uv": [
                    0,
                    28.5
                  ],
                  "uv_size": [
                    4.5,
                    -1.5
                  ]
                }
              }
            },
            {
              "origin": [
                -2.44003,
                5.64536,
                1.1228
              ],
              "size": [
                4.5288,
                1.7544,
                1.7544
              ],
              "pivot": [
                0,
                0,
                2
              ],
              "rotation": [
                0,
                0,
                47.5
              ],
              "uv": {
                "north": {
                  "uv": [
                    27,
                    3
                  ],
                  "uv_size": [
                    4.5,
                    1.5
                  ]
                },
                "east": {
                  "uv": [
                    8,
                    29
                  ],
                  "uv_size": [
                    1.5,
                    1.5
                  ]
                },
                "south": {
                  "uv": [
                    5,
                    27
                  ],
                  "uv_size": [
                    4.5,
                    1.5
                  ]
                },
                "west": {
                  "uv": [
                    29,
                    9
                  ],
                  "uv_size": [
                    1.5,
                    1.5
                  ]
                },
                "up": {
                  "uv": [
                    27,
                    5
                  ],
                  "uv_size": [
                    4.5,
                    1.5
                  ]
                },
                "down": {
                  "uv": [
                    10,
                    28.5
                  ],
                  "uv_size": [
                    4.5,
                    -1.5
                  ]
                }
              }
            },
            {
              "origin": [
                1.31056,
                7.54019,
                0.98
              ],
              "size": [
                7.14,
                3.06,
                3.06
              ],
              "pivot": [
                0,
                0,
                2
              ],
              "rotation": [
                0,
                0,
                -57.5
              ],
              "uv": {
                "north": {
                  "uv": [
                    20,
                    19
                  ],
                  "uv_size": [
                    7,
                    3
                  ]
                },
                "east": {
                  "uv": [
                    24,
                    3
                  ],
                  "uv_size": [
                    3,
                    3
                  ]
                },
                "south": {
                  "uv": [
                    22,
                    7
                  ],
                  "uv_size": [
                    7,
                    3
                  ]
                },
                "west": {
                  "uv": [
                    7,
                    24
                  ],
                  "uv_size": [
                    3,
                    3
                  ]
                },
                "up": {
                  "uv": [
                    22,
                    10
                  ],
                  "uv_size": [
                    7,
                    3
                  ]
                },
                "down": {
                  "uv": [
                    22,
                    16
                  ],
                  "uv_size": [
                    7,
                    -3
                  ]
                }
              }
            },
            {
              "origin": [
                -8.45056,
                7.54019,
                0.98
              ],
              "size": [
                7.14,
                3.06,
                3.06
              ],
              "pivot": [
                0,
                0,
                2
              ],
              "rotation": [
                0,
                0,
                57.5
              ],
              "uv": {
                "north": {
                  "uv": [
                    22,
                    16
                  ],
                  "uv_size": [
                    7,
                    3
                  ]
                },
                "east": {
                  "uv": [
                    10,
                    24
                  ],
                  "uv_size": [
                    3,
                    3
                  ]
                },
                "south": {
                  "uv": [
                    20,
                    22
                  ],
                  "uv_size": [
                    7,
                    3
                  ]
                },
                "west": {
                  "uv": [
                    13,
                    24
                  ],
                  "uv_size": [
                    3,
                    3
                  ]
                },
                "up": {
                  "uv": [
                    0,
                    24
                  ],
                  "uv_size": [
                    7,
                    3
                  ]
                },
                "down": {
                  "uv": [
                    24,
                    3
                  ],
                  "uv_size": [
                    7,
                    -3
                  ]
                }
              }
            }
          ]
        },
        {
          "name": "bone2",
          "parent": "bone",
          "pivot": [
            0,
            0,
            2
          ],
          "cubes": [
            {
              "origin": [
                -3.06,
                12.24,
                -0.04
              ],
              "size": [
                6.12,
                1.02,
                5.1
              ],
              "uv": {
                "north": {
                  "uv": [
                    15,
                    27
                  ],
                  "uv_size": [
                    6,
                    1
                  ]
                },
                "east": {
                  "uv": [
                    27,
                    20
                  ],
                  "uv_size": [
                    5,
                    1
                  ]
                },
                "south": {
                  "uv": [
                    27,
                    19
                  ],
                  "uv_size": [
                    6,
                    1
                  ]
                },
                "west": {
                  "uv": [
                    21,
                    27
                  ],
                  "uv_size": [
                    5,
                    1
                  ]
                },
                "up": {
                  "uv": [
                    16,
                    7
                  ],
                  "uv_size": [
                    6,
                    5
                  ]
                },
                "down": {
                  "uv": [
                    14,
                    24
                  ],
                  "uv_size": [
                    6,
                    -5
                  ]
                }
              }
            },
            {
              "origin": [
                -1.02,
                13.26,
                2
              ],
              "size": [
                2.04,
                1.02,
                1.02
              ],
              "uv": {
                "north": {
                  "uv": [
                    24,
                    6
                  ],
                  "uv_size": [
                    2,
                    1
                  ]
                },
                "east": {
                  "uv": [
                    26,
                    6
                  ],
                  "uv_size": [
                    1,
                    1
                  ]
                },
                "south": {
                  "uv": [
                    16,
                    24
                  ],
                  "uv_size": [
                    2,
                    1
                  ]
                },
                "west": {
                  "uv": [
                    25,
                    28
                  ],
                  "uv_size": [
                    1,
                    1
                  ]
                },
                "up": {
                  "uv": [
                    18,
                    24
                  ],
                  "uv_size": [
                    2,
                    1
                  ]
                },
                "down": {
                  "uv": [
                    10,
                    30
                  ],
                  "uv_size": [
                    2,
                    -1
                  ]
                }
              }
            }
          ]
        }
      ]
    }
  ]
}