{
  "format_version": "1.12.0",
  "minecraft:geometry": [
    {
      "description": {
        "identifier": "geometry.pa_tuxedosam",
        "texture_width": 64,
        "texture_height": 64,
        "visible_bounds_width": 3,
        "visible_bounds_height": 3.5,
        "visible_bounds_offset": [
          0,
          1.25,
          0
        ]
      },
      "bones": [
        {
          "name": "bone",
          "pivot": [
            0.46556,
            5.78258,
            1.33333
          ],
          "rotation": [
            0,
            180,
            0
          ],
          "cubes": [
            {
              "origin": [
                -5,
                0,
                0
              ],
              "size": [
                11,
                14,
                7
              ],
              "uv": {
                "north": {
                  "uv": [
                    0,
                    0
                  ],
                  "uv_size": [
                    11,
                    14
                  ]
                },
                "east": {
                  "uv": [
                    0,
                    14
                  ],
                  "uv_size": [
                    7,
                    14
                  ]
                },
                "south": {
                  "uv": [
                    11,
                    0
                  ],
                  "uv_size": [
                    11,
                    14
                  ]
                },
                "west": {
                  "uv": [
                    7,
                    14
                  ],
                  "uv_size": [
                    7,
                    14
                  ]
                },
                "up": {
                  "uv": [
                    14,
                    14
                  ],
                  "uv_size": [
                    11,
                    7
                  ]
                },
                "down": {
                  "uv": [
                    14,
                    28
                  ],
                  "uv_size": [
                    11,
                    -7
                  ]
                }
              }
            },
            {
              "origin": [
                -5,
                0,
                -1
              ],
              "size": [
                4,
                4,
                1
              ],
              "uv": {
                "north": {
                  "uv": [
                    25,
                    24
                  ],
                  "uv_size": [
                    4,
                    4
                  ]
                },
                "east": {
                  "uv": [
                    29,
                    24
                  ],
                  "uv_size": [
                    1,
                    4
                  ]
                },
                "south": {
                  "uv": [
                    0,
                    28
                  ],
                  "uv_size": [
                    4,
                    4
                  ]
                },
                "west": {
                  "uv": [
                    30,
                    14
                  ],
                  "uv_size": [
                    1,
                    4
                  ]
                },
                "up": {
                  "uv": [
                    30,
                    18
                  ],
                  "uv_size": [
                    4,
                    1
                  ]
                },
                "down": {
                  "uv": [
                    30,
                    20
                  ],
                  "uv_size": [
                    4,
                    -1
                  ]
                }
              }
            },
            {
              "origin": [
                2,
                0,
                -1
              ],
              "size": [
                4,
                4,
                1
              ],
              "uv": {
                "north": {
                  "uv": [
                    4,
                    28
                  ],
                  "uv_size": [
                    4,
                    4
                  ]
                },
                "east": {
                  "uv": [
                    30,
                    20
                  ],
                  "uv_size": [
                    1,
                    4
                  ]
                },
                "south": {
                  "uv": [
                    8,
                    28
                  ],
                  "uv_size": [
                    4,
                    4
                  ]
                },
                "west": {
                  "uv": [
                    30,
                    24
                  ],
                  "uv_size": [
                    1,
                    4
                  ]
                },
                "up": {
                  "uv": [
                    28,
                    30
                  ],
                  "uv_size": [
                    4,
                    1
                  ]
                },
                "down": {
                  "uv": [
                    31,
                    15
                  ],
                  "uv_size": [
                    4,
                    -1
                  ]
                }
              }
            },
            {
              "origin": [
                -1,
                8,
                -1
              ],
              "size": [
                3,
                1,
                1
              ],
              "uv": {
                "north": {
                  "uv": [
                    31,
                    17
                  ],
                  "uv_size": [
                    3,
                    1
                  ]
                },
                "east": {
                  "uv": [
                    3,
                    32
                  ],
                  "uv_size": [
                    1,
                    1
                  ]
                },
                "south": {
                  "uv": [
                    31,
                    26
                  ],
                  "uv_size": [
                    3,
                    1
                  ]
                },
                "west": {
                  "uv": [
                    4,
                    32
                  ],
                  "uv_size": [
                    1,
                    1
                  ]
                },
                "up": {
                  "uv": [
                    31,
                    27
                  ],
                  "uv_size": [
                    3,
                    1
                  ]
                },
                "down": {
                  "uv": [
                    28,
                    32
                  ],
                  "uv_size": [
                    3,
                    -1
                  ]
                }
              }
            },
            {
              "origin": [
                -9.71707,
                0.00423,
                2
              ],
              "size": [
                2,
                5,
                2
              ],
              "pivot": [
                0,
                0,
                3
              ],
              "rotation": [
                0,
                0,
                37.5
              ],
              "uv": {
                "north": {
                  "uv": [
                    12,
                    28
                  ],
                  "uv_size": [
                    2,
                    5
                  ]
                },
                "east": {
                  "uv": [
                    14,
                    28
                  ],
                  "uv_size": [
                    2,
                    5
                  ]
                },
                "south": {
                  "uv": [
                    16,
                    28
                  ],
                  "uv_size": [
                    2,
                    5
                  ]
                },
                "west": {
                  "uv": [
                    18,
                    28
                  ],
                  "uv_size": [
                    2,
                    5
                  ]
                },
                "up": {
                  "uv": [
                    31,
                    15
                  ],
                  "uv_size": [
                    2,
                    2
                  ]
                },
                "down": {
                  "uv": [
                    31,
                    22
                  ],
                  "uv_size": [
                    2,
                    -2
                  ]
                }
              }
            },
            {
              "origin": [
                8.71707,
                0.00423,
                2
              ],
              "size": [
                2,
                5,
                2
              ],
              "pivot": [
                0,
                0,
                3
              ],
              "rotation": [
                0,
                0,
                -37.5
              ],
              "uv": {
                "north": {
                  "uv": [
                    20,
                    28
                  ],
                  "uv_size": [
                    2,
                    5
                  ]
                },
                "east": {
                  "uv": [
                    22,
                    28
                  ],
                  "uv_size": [
                    2,
                    5
                  ]
                },
                "south": {
                  "uv": [
                    24,
                    28
                  ],
                  "uv_size": [
                    2,
                    5
                  ]
                },
                "west": {
                  "uv": [
                    26,
                    28
                  ],
                  "uv_size": [
                    2,
                    5
                  ]
                },
                "up": {
                  "uv": [
                    31,
                    22
                  ],
                  "uv_size": [
                    2,
                    2
                  ]
                },
                "down": {
                  "uv": [
                    31,
                    26
                  ],
                  "uv_size": [
                    2,
                    -2
                  ]
                }
              }
            }
          ]
        },
        {
          "name": "bone2",
          "parent": "bone",
          "pivot": [
            1,
            -4,
            2
          ],
          "cubes": [
            {
              "origin": [
                0.3784,
                5.324,
                -0.4864
              ],
              "size": [
                0.6216,
                0.6216,
                0.6216
              ],
              "uv": {
                "north": {
                  "uv": [
                    4,
                    33
                  ],
                  "uv_size": [
                    0.5,
                    0.5
                  ]
                },
                "east": {
                  "uv": [
                    9,
                    33
                  ],
                  "uv_size": [
                    0.5,
                    0.5
                  ]
                },
                "south": {
                  "uv": [
                    10,
                    33
                  ],
                  "uv_size": [
                    0.5,
                    0.5
                  ]
                },
                "west": {
                  "uv": [
                    11,
                    33
                  ],
                  "uv_size": [
                    0.5,
                    0.5
                  ]
                },
                "up": {
                  "uv": [
                    12,
                    33
                  ],
                  "uv_size": [
                    0.5,
                    0.5
                  ]
                },
                "down": {
                  "uv": [
                    13,
                    33.5
                  ],
                  "uv_size": [
                    0.5,
                    -0.5
                  ]
                }
              }
            },
            {
              "origin": [
                -0.8648,
                4.7024,
                -0.4864
              ],
              "size": [
                1.2432,
                1.8648,
                0.6216
              ],
              "uv": {
                "north": {
                  "uv": [
                    31,
                    31
                  ],
                  "uv_size": [
                    1,
                    2
                  ]
                },
                "east": {
                  "uv": [
                    5,
                    32
                  ],
                  "uv_size": [
                    0.5,
                    2
                  ]
                },
                "south": {
                  "uv": [
                    0,
                    32
                  ],
                  "uv_size": [
                    1,
                    2
                  ]
                },
                "west": {
                  "uv": [
                    6,
                    32
                  ],
                  "uv_size": [
                    0.5,
                    2
                  ]
                },
                "up": {
                  "uv": [
                    32,
                    30
                  ],
                  "uv_size": [
                    1,
                    0.5
                  ]
                },
                "down": {
                  "uv": [
                    32,
                    31.5
                  ],
                  "uv_size": [
                    1,
                    -0.5
                  ]
                }
              }
            },
            {
              "origin": [
                1,
                4.7024,
                -0.4864
              ],
              "size": [
                1.2432,
                1.8648,
                0.6216
              ],
              "uv": {
                "north": {
                  "uv": [
                    1,
                    32
                  ],
                  "uv_size": [
                    1,
                    2
                  ]
                },
                "east": {
                  "uv": [
                    7,
                    32
                  ],
                  "uv_size": [
                    0.5,
                    2
                  ]
                },
                "south": {
                  "uv": [
                    2,
                    32
                  ],
                  "uv_size": [
                    1,
                    2
                  ]
                },
                "west": {
                  "uv": [
                    8,
                    32
                  ],
                  "uv_size": [
                    0.5,
                    2
                  ]
                },
                "up": {
                  "uv": [
                    32,
                    32
                  ],
                  "uv_size": [
                    1,
                    0.5
                  ]
                },
                "down": {
                  "uv": [
                    3,
                    33.5
                  ],
                  "uv_size": [
                    1,
                    -0.5
                  ]
                }
              }
            }
          ]
        },
        {
          "name": "bone3",
          "parent": "bone",
          "pivot": [
            0,
            14,
            3
          ],
          "cubes": [
            {
              "origin": [
                -1.5428,
                15.33,
                1.4572
              ],
              "size": [
                4.6284,
                1.5428,
                4.6284
              ],
              "uv": {
                "north": {
                  "uv": [
                    29,
                    6
                  ],
                  "uv_size": [
                    4.5,
                    1.5
                  ]
                },
                "east": {
                  "uv": [
                    29,
                    8
                  ],
                  "uv_size": [
                    4.5,
                    1.5
                  ]
                },
                "south": {
                  "uv": [
                    29,
                    10
                  ],
                  "uv_size": [
                    4.5,
                    1.5
                  ]
                },
                "west": {
                  "uv": [
                    29,
                    12
                  ],
                  "uv_size": [
                    4.5,
                    1.5
                  ]
                },
                "up": {
                  "uv": [
                    25,
                    14
                  ],
                  "uv_size": [
                    4.5,
                    4.5
                  ]
                },
                "down": {
                  "uv": [
                    25,
                    23.5
                  ],
                  "uv_size": [
                    4.5,
                    -4.5
                  ]
                }
              }
            },
            {
              "origin": [
                -2.6334,
                13.86,
                0.3366
              ],
              "size": [
                6.5835,
                1.3167,
                6.5835
              ],
              "uv": {
                "north": {
                  "uv": [
                    28,
                    28
                  ],
                  "uv_size": [
                    6.5,
                    1.5
                  ]
                },
                "east": {
                  "uv": [
                    29,
                    0
                  ],
                  "uv_size": [
                    6.5,
                    1.5
                  ]
                },
                "south": {
                  "uv": [
                    29,
                    2
                  ],
                  "uv_size": [
                    6.5,
                    1.5
                  ]
                },
                "west": {
                  "uv": [
                    29,
                    4
                  ],
                  "uv_size": [
                    6.5,
                    1.5
                  ]
                },
                "up": {
                  "uv": [
                    22,
                    0
                  ],
                  "uv_size": [
                    6.5,
                    6.5
                  ]
                },
                "down": {
                  "uv": [
                    22,
                    13.5
                  ],
                  "uv_size": [
                    6.5,
                    -6.5
                  ]
                }
              }
            },
            {
              "origin": [
                -1.82293,
                15.33508,
                3
              ],
              "size": [
                1,
                1,
                1
              ],
              "pivot": [
                0,
                0,
                3
              ],
              "rotation": [
                0,
                0,
                17.5
              ],
              "uv": {
                "north": {
                  "uv": [
                    9,
                    32
                  ],
                  "uv_size": [
                    1,
                    1
                  ]
                },
                "east": {
                  "uv": [
                    10,
                    32
                  ],
                  "uv_size": [
                    1,
                    1
                  ]
                },
                "south": {
                  "uv": [
                    11,
                    32
                  ],
                  "uv_size": [
                    1,
                    1
                  ]
                },
                "west": {
                  "uv": [
                    28,
                    32
                  ],
                  "uv_size": [
                    1,
                    1
                  ]
                },
                "up": {
                  "uv": [
                    29,
                    32
                  ],
                  "uv_size": [
                    1,
                    1
                  ]
                },
                "down": {
                  "uv": [
                    30,
                    33
                  ],
                  "uv_size": [
                    1,
                    -1
                  ]
                }
              }
            }
          ]
        }
      ]
    }
  ]
}