{
	"format_version": "1.19.0",
	"animation_controllers": {
		"controller.animation.akaza": {
			"initial_state": "chegada",
			"states": {
				"default": {
					"animations": ["akazastop"],
					"transitions": [
						{"akazawalk": "query.is_moving"},
						{"akazarun": "query.is_moving && query.is_sprinting"},
						{"akazasneak": "query.is_sneaking"},
						{"akaza1": "variable.attack_time>0 && variable.randomfour == 0"},
						{"akaza2": "variable.attack_time>0 && variable.randomfour == 1"},
						{"akaza3": "variable.attack_time>0 && variable.randomfour == 2"},
						{"akaza4": "variable.attack_time>0 && variable.randomfour == 3"},
					{"kushikihold": "query.get_equipped_item_name == 'kushiki' && query.is_using_item"},
					{"ranshikihold": "query.get_equipped_item_name == 'ranshiki' && query.is_using_item"},
					{"rashinhold": "query.get_equipped_item_name == 'rashin' && query.is_using_item"},
					{"kishinyahold": "query.get_equipped_item_name == 'kishinya' && query.is_using_item"}
					],
					"blend_transition": 0.2
				},
					"kushikihold": {
          "animations": [
            "kushikihold"
          ],
          "transitions": [
            {
              "kushiki": "query.get_equipped_item_name != 'kushiki' || !query.is_using_item"
            }
          ]
        },
        "kushiki": {
          "animations": [
            "kushiki"
          ],
          "transitions": [
            {
              "default": "query.all_animations_finished"
            }
              ]
              
				},
				"ranshikihold": {
          "animations": [
            "ranshikihold"
          ],
          "transitions": [
            {
              "ranshiki": "query.get_equipped_item_name != 'ranshiki' || !query.is_using_item"
            }
          ]
        },
        "ranshiki": {
          "animations": [
            "ranshiki"
          ],
          "transitions": [
            {
              "default": "query.all_animations_finished"
            }
              ]
              
				},
				"rashinhold": {
          "animations": [
            "rashinhold"
          ],
          "transitions": [
            {
              "rashin": "query.get_equipped_item_name != 'rashin' || !query.is_using_item"
            }
          ]
        },
        "rashin": {
          "animations": [
            "rashin"
          ],
          "transitions": [
            {
              "default": "query.all_animations_finished"
            }
              ]
              
				},
				"kishinyahold": {
          "animations": [
            "kishinyahold"
          ],
          "transitions": [
            {
              "kishinya": "query.get_equipped_item_name != 'kishinya' || !query.is_using_item"
            }
          ]
        },
        "kishinya": {
          "animations": [
            "kishinya"
          ],
          "transitions": [
            {
              "default": "query.all_animations_finished"
            }
              ]
              
				},
				"akazawalk": {
					"animations": ["akazawalk"],
					"transitions": [
						{"default": "!query.is_moving"},
						{"akazarun": "query.is_moving && query.is_sprinting"},
						{"akaza1": "variable.attack_time>0 && variable.randomfour == 0"},
						{"akaza2": "variable.attack_time>0 && variable.randomfour == 1"},
						{"akaza3": "variable.attack_time>0 && variable.randomfour == 2"},
						{"akaza4": "variable.attack_time>0 && variable.randomfour == 3"}
					],
					"blend_transition": 0.2
				},
				"akazarun": {
					"animations": ["akazarun"],
					"transitions": [
						{"akazawalk": "query.is_moving && !query.is_sprinting"},
						{"default": "!query.is_moving"},
						{"akaza1": "variable.attack_time>0 && variable.randomfour == 0"},
						{"akaza2": "variable.attack_time>0 && variable.randomfour == 1"},
						{"akaza3": "variable.attack_time>0 && variable.randomfour == 2"},
						{"akaza4": "variable.attack_time>0 && variable.randomfour == 3"}
					],
					"blend_transition": 0.2
				},
				"akaza1": {
					"animations": ["akazaatk"],
					"transitions": [
						{"default": "query.all_animations_finished"},
						{"akazawalk": "query.all_animations_finished"},
						{"akazarun": "query.all_animations_finished"}
					],
					"blend_transition": 0.2
				},
				"akaza2": {
					"animations": ["akaza2"],
					"transitions": [
						{"default": "query.all_animations_finished"},
						{"akazawalk": "query.all_animations_finished"},
						{"akazarun": "query.all_animations_finished"}
					],
					"blend_transition": 0.2,
					"blend_via_shortest_path": true
				},
				"akaza3": {
					"animations": ["akaza3"],
					"transitions": [
						{"default": "query.all_animations_finished"},
						{"akazawalk": "query.all_animations_finished"},
						{"akazarun": "query.all_animations_finished"}
					],
					"blend_transition": 0.2,
					"blend_via_shortest_path": true
				},
				"akaza4": {
					"animations": ["akaza4"],
					"transitions": [
						{"default": "query.all_animations_finished"},
						{"akazawalk": "query.all_animations_finished"},
						{"akazarun": "query.all_animations_finished"}
					],
					"blend_transition": 0.2,
					"blend_via_shortest_path": true
				},
				"akazasneak": {
					"animations": ["akazasneak"],
					"transitions": [
						{"default": "!query.is_sneaking"},
						{"akaza1": "variable.attack_time>0 && variable.randomfour == 0"},
						{"akaza2": "variable.attack_time>0 && variable.randomfour == 1"},
						{"akaza3": "variable.attack_time>0 && variable.randomfour == 2"},
						{"akaza4": "variable.attack_time>0 && variable.randomfour == 3"}
					],
					"blend_transition": 0.2
				},
				"chegada": {
					"animations": ["chegada"],
					"transitions": [
						{"default": "(query.property('property:akaza') == 1) && query.all_animations_finished"}
					]
				},
				"summon": {
					"transitions": [
						{"chegada": "(query.property('property:akaza') == 1)"}
					]
				}
			}
		}
	}
}












