{
	"format_version": "1.19.0",
	"animation_controllers": {
		"controller.animation.itadori": {
			"initial_state": "chegada",
			"states": {
				"default": {
					"animations": ["itadoristop"],
					"transitions": [
						{"itadoriwalk": "query.is_moving"},
						{"itadorirun": "query.is_moving && query.is_sprinting"},
						{"itadorisneak": "query.is_sneaking && (query.property('property:itadori') == 1)"},
						{"sukunasneak": "query.is_sneaking && (query.property('property:sukuna') == 1)"},
						{"itadori1": "variable.attack_time>0 && variable.randomfour == 0"},
						{"itadori2": "variable.attack_time>0 && variable.randomfour == 1"},
						{"itadori3": "variable.attack_time>0 && variable.randomfour == 2"},
						{"itadori4": "variable.attack_time>0 && variable.randomfour == 3"},
						{"kokusenhold": "query.get_equipped_item_name == 'kokusen' && query.is_using_item"},
						{"kokukickhold": "query.get_equipped_item_name == 'kokukick' && query.is_using_item"},
						{"aircuthold": "query.get_equipped_item_name == 'aircut' && query.is_using_item"},
						{"stomphold": "query.get_equipped_item_name == 'stomp' && query.is_using_item"},
						{"upperhold": "query.get_equipped_item_name == 'uppercut' && query.is_using_item"},
						
							
				{"sexphold": "query.get_equipped_item_name == 'sexp' && query.is_using_item"}
					],
					"blend_transition": 0.2
				},
				"kokusenhold": {
          "animations": [
            "kokusenhold"
          ],
          "transitions": [
            {
              "kokusen": "query.get_equipped_item_name != 'kokusen' || !query.is_using_item"
            }
          ]
        },
        "kokusen": {
          "animations": [
            "kokusen"
          ],
          "transitions": [
            {
              "default": "query.all_animations_finished"
            }
              ]
              
				},
				"kokukickhold": {
          "animations": [
            "kokukickhold"
          ],
          "transitions": [
            {
              "kokukick": "query.get_equipped_item_name != 'kokukick' || !query.is_using_item"
            }
          ]
        },
        "kokukick": {
          "animations": [
            "kokukick"
          ],
          "transitions": [
            {
              "default": "query.all_animations_finished"
            }
              ]
              
				},
					"aircuthold": {
          "animations": [
            "aircuthold"
          ],
          "transitions": [
            {
              "aircut": "query.get_equipped_item_name != 'aircut' || !query.is_using_item"
            }
          ]
        },
        "aircut": {
          "animations": [
            "aircut"
          ],
          "transitions": [
            {
              "default": "query.all_animations_finished"
            }
              ]
              
				},
				"stomphold": {
          "animations": [
            "stomphold"
          ],
          "transitions": [
            {
              "stomp": "query.get_equipped_item_name != 'stomp' || !query.is_using_item"
            }
          ]
        },
        "stomp": {
          "animations": [
            "stomp"
          ],
          "transitions": [
            {
              "default": "query.all_animations_finished"
            }
              ]
              
				},
				"upperhold": {
          "animations": [
            "stomphold"
          ],
          "transitions": [
            {
              "default": "query.get_equipped_item_name != 'uppercut' || !query.is_using_item"
            }
          ]
        },
        	"sexphold": {
          "animations": [
            "sexphold"
          ],
          "transitions": [
            {
              "sexp": "query.get_equipped_item_name != 'sexp' || !query.is_using_item"
            }
          ]
        },
        "sexp": {
          "animations": [
            "sexp"
          ],
          "transitions": [
            {
              "default": "query.all_animations_finished"
            }
              ]
              
				},
				"itadoriwalk": {
					"animations": ["itadoriwalk"],
					"transitions": [
						{"default": "!query.is_moving"},
						{"itadorirun": "query.is_moving && query.is_sprinting"},
						{"itadori1": "variable.attack_time>0 && variable.randomfour == 0"},
						{"itadori2": "variable.attack_time>0 && variable.randomfour == 1"},
						{"itadori3": "variable.attack_time>0 && variable.randomfour == 2"},
						{"itadori4": "variable.attack_time>0 && variable.randomfour == 3"}
					],
					"blend_transition": 0.2
				},
				"itadorirun": {
					"animations": ["itadorirun"],
					"transitions": [
						{"itadoriwalk": "query.is_moving && !query.is_sprinting"},
						{"default": "!query.is_moving"},
						{"itadori1": "variable.attack_time>0 && variable.randomfour == 0"},
						{"itadori2": "variable.attack_time>0 && variable.randomfour == 1"},
						{"itadori3": "variable.attack_time>0 && variable.randomfour == 2"},
						{"itadori4": "variable.attack_time>0 && variable.randomfour == 3"}
					],
					"blend_transition": 0.2
				},
				"itadori1": {
					"animations": ["itadoriatk"],
					"transitions": [
						{"default": "query.all_animations_finished"},
						{"itadoriwalk": "query.all_animations_finished"},
						{"itadorirun": "query.all_animations_finished"}
					],
					"blend_transition": 0.2
				},
				"itadori2": {
					"animations": ["itadori2"],
					"transitions": [
						{"default": "query.all_animations_finished"},
						{"itadoriwalk": "query.all_animations_finished"},
						{"itadorirun": "query.all_animations_finished"}
					],
					"blend_transition": 0.2,
					"blend_via_shortest_path": true
				},
				"itadori3": {
					"animations": ["itadori3"],
					"transitions": [
						{"default": "query.all_animations_finished"},
						{"itadoriwalk": "query.all_animations_finished"},
						{"itadorirun": "query.all_animations_finished"}
					],
					"blend_transition": 0.2,
					"blend_via_shortest_path": true
				},
				"itadori4": {
					"animations": ["itadori4"],
					"transitions": [
						{"default": "query.all_animations_finished"},
						{"itadoriwalk": "query.all_animations_finished"},
						{"itadorirun": "query.all_animations_finished"}
					],
					"blend_transition": 0.2,
					"blend_via_shortest_path": true
				},
				"itadorisneak": {
					"animations": ["itadorisneak"],
					"transitions": [
						{"default": "!query.is_sneaking"},
						{"itadori1": "variable.attack_time>0 && variable.randomfour == 0"},
						{"itadori2": "variable.attack_time>0 && variable.randomfour == 1"},
						{"itadori3": "variable.attack_time>0 && variable.randomfour == 2"},
						{"itadori4": "variable.attack_time>0 && variable.randomfour == 3"}
					],
					"blend_transition": 0.2
				},
				"sukunasneak": {
					"animations": ["sukunasneak"],
					"transitions": [
						{"default": "!query.is_sneaking"},
						{"itadori1": "variable.attack_time>0 && variable.randomfour == 0"},
						{"itadori2": "variable.attack_time>0 && variable.randomfour == 1"},
						{"itadori3": "variable.attack_time>0 && variable.randomfour == 2"},
						{"itadori4": "variable.attack_time>0 && variable.randomfour == 3"}
					],
					"blend_transition": 0.2
				},
				"chegada": {
					"animations": ["chegada"],
					"transitions": [
						{"default": "(query.property('property:itadori') == 1) || (query.property('property:sukuna') == 1) && query.all_animations_finished"}
					]
				},
				"summon": {
					"transitions": [
						{"chegada": "(query.property('property:itadori') == 1) || (query.property('property:sukuna') == 1)"}
					]
				}
			}
		}
	}
}
































































































































































































































































































































































































































































































































































































































