{
	"format_version": "1.19.0",
	"animation_controllers": {
		"controller.animation.muikame": {
			"states": {
				"default": {
					"transitions": [
						{"muikame": "(query.property('property:muikame') == 1)"}
					]
				},
				"muikame": {
					"animations": ["muikamek"],
					"transitions": [
						{"voltei": "(query.property('property:muikame') != 1)"}
					]
				},
				"voltei": {
					"transitions": [
						{"default": "(query.property('property:muikame') == 1)"}
					]
				}
			}
		}
	}
}