{
	"format_version": "1.8.0",
	"animations": {
		"animation.ba.walk": {
			"loop": true,
			"animation_length": 1,
			"bones": {
				"Body": {
					"rotation": {
						"0.0": [5, 0, -5],
						"0.375": [16.58228, -1.04131, 4.81195],
						"0.5833": [5.53325, 0.69938, -5.23991],
						"0.7917": [18.75874, 1.56973, -10.26585],
						"1.0": [5, 0, -5]
					},
					"position": {
						"0.0": [0, 0, 0],
						"0.2083": [0, 4, 0],
						"0.375": [0, -2, 0],
						"0.5833": [0, 3, 0],
						"0.7917": [0, 0, 0]
					}
				},
				"Kaki": {
					"rotation": {
						"0.0": [-7.5, 27.5, 0],
						"0.375": [13.20102, -46.38452, 13.93595],
						"0.8333": [-29.90452, 10.79335, -25.76569],
						"1.0": [-7.5, 27.5, 0]
					}
				},
				"bone": {
					"rotation": {
						"0.0": [0, 0, 5],
						"0.25": [0, 0, 2.5],
						"0.8333": [0, 0, 25],
						"1.0": [0, 0, 5]
					}
				},
				"Kaki2": {
					"rotation": {
						"0.0": [0, -15, 0],
						"0.5": [0, 2.5, 0],
						"0.625": [0, -15, 0],
						"1.0": [0, -15, 0]
					}
				},
				"bone2": {
					"rotation": {
						"0.0": [0, 0, 0],
						"0.5": [0, 0, 37.5],
						"0.75": [0, 0, 20],
						"1.0": [0, 0, 0]
					}
				},
				"Kaki4": {
					"rotation": {
						"0.0": [0, 35, 0],
						"0.4583": [-28.25298, -26.31104, 22.63892],
						"0.5833": [-11.20273, -35.68056, -6.08627],
						"1.0": [0, 35, 0]
					}
				},
				"Head": {
					"position": {
						"0.0": [0, 0, 0],
						"0.2917": [0, -1, 0],
						"0.75": [0, 0, 0]
					}
				},
				"bone3": {
					"rotation": {
						"0.0": [0, 0, 0],
						"0.2083": [-20, 0, 0],
						"0.5": [20, 0, 0],
						"0.75": [0, 0, 0]
					}
				},
				"M": {
					"rotation": {
						"0.0": [22.5, 0, 0],
						"0.2083": [-7.5, 0, 0],
						"0.5": [20, 0, 0],
						"0.625": [0, 0, 0],
						"0.75": [-7.5, 0, 0],
						"1.0": [22.5, 0, 0]
					}
				}
			}
		},
		"animation.ba.attack": {
			"animation_length": 0.58333,
			"bones": {
				"Body": {
					"rotation": {
						"0.0": [0, 0, 0],
						"0.0833": [0, 0, 0],
						"0.1667": [12.24312, 2.03371, 1.73213],
						"0.375": [12.24312, 2.03371, 1.73213],
						"0.5833": [0, 0, 0]
					},
					"position": {
						"0.0833": [0, 0, 0],
						"0.1667": [0, -2, -10],
						"0.375": [0, -2, -10],
						"0.5833": [0, 0, 0]
					}
				},
				"Kaki2": {
					"rotation": {
						"0.125": [0, -10, 0],
						"0.2083": [0, -30, 0],
						"0.375": [0, -30, 0],
						"0.5833": [0, -10, 0]
					}
				},
				"bone2": {
					"rotation": {
						"0.125": [0, 0, 0],
						"0.2083": [0, 0, -25],
						"0.375": [0, 0, -25],
						"0.5833": [0, 0, 0]
					}
				},
				"Head": {
					"rotation": {
						"0.0": [0, 0, 0],
						"0.0833": [10, 0, 0],
						"0.375": [10, 0, 0],
						"0.5833": [0, 0, 0]
					},
					"position": {
						"0.0": [0, 0, 0],
						"0.0833": [0, 0, 0],
						"0.1667": [0, -3, -7],
						"0.2917": [0, -3, -7],
						"0.375": [0, 0, 0]
					},
					"scale": {
						"0.0833": [1, 1, 1],
						"0.1667": [1, 1, 1.9],
						"0.2917": [1, 1, 1.9],
						"0.375": [1, 1, 1]
					}
				},
				"M": {
					"rotation": {
						"0.0833": [0, 0, 0],
						"0.1667": [67.5, 0, 0],
						"0.2917": [67.5, 0, 0],
						"0.375": [2.5, 0, 0]
					}
				}
			}
		},
		"animation.ba.bob": {
			"loop": true,
			"animation_length": 1,
			"bones": {
				"Body": {
					"position": {
						"0.0": [0, 0, 0],
						"0.5": [0, -2, 0],
						"1.0": [0, 0, 0]
					}
				},
				"Kaki": {
					"rotation": {
						"0.0": [0, 0, 0],
						"0.5": [0, 0, -2.5],
						"1.0": [0, 0, 0]
					}
				},
				"bone": {
					"rotation": {
						"0.0": [0, 0, 5],
						"0.5": [0, 0, 7.5],
						"1.0": [0, 0, 5]
					}
				},
				"Kaki2": {
					"rotation": [0, 0, 0]
				},
				"bone2": {
					"rotation": {
						"0.0": [0, 0, 10],
						"0.5": [0, 0, 10],
						"1.0": [0, 0, 10]
					}
				},
				"Kaki4": {
					"rotation": {
						"0.0": [0, 0, 0],
						"0.5": [0, 0, 2.5],
						"1.0": [0, 0, 0]
					}
				},
				"bone4": {
					"rotation": {
						"0.0": [0, 0, -2.5],
						"0.5": [0, 0, -5],
						"1.0": [0, 0, -2.5]
					}
				},
				"Head": {
					"rotation": {
						"0.0": [17.48436, -0.75155, 2.38443],
						"0.3": [17.35932, 2.24944, -7.15656],
						"0.6": [12.35932, -2.24944, 7.15656],
						"1.0": [17.48436, -0.75155, 2.38443]
					}
				}
			}
		}
	}
}