{
	"format_version": "1.8.0",
	"animations": {
		"animation.man.walk": {
			"loop": true,
			"animation_length": 1.25,
			"bones": {
				"Head": {
					"rotation": {
						"0.0": [0, 0, 0],
						"0.5": [-2.5, 0, 0],
						"1.0417": [2.5, 0, 0],
						"1.25": [0, 0, 0]
					}
				},
				"Body": {
					"rotation": [0, 0, 0]
				},
				"Tangan2": {
					"rotation": {
						"0.0": [0, 0, 0],
						"0.375": [40, 0, 0],
						"0.875": [-40, 0, 0],
						"1.25": [0, 0, 0]
					}
				},
				"Tangan": {
					"rotation": {
						"0.0": [0, 0, 0],
						"0.375": [-42.5, 0, 0],
						"0.875": [40, 0, 0],
						"1.25": [0.53318, 5.57146, 2.13492]
					}
				},
				"RightLeg": {
					"rotation": {
						"0.0": [0, 0, 0],
						"0.375": [-20, 0, 0],
						"0.875": [22.5, 0, 0],
						"1.25": [0, 0, 0]
					}
				},
				"LeftLeg": {
					"rotation": {
						"0.0": [0, 0, 0],
						"0.375": [25, 0, 0],
						"0.875": [-30, 0, 0],
						"1.25": [0, 0, 0]
					}
				}
			}
		},
		"animation.man.attack": {
			"animation_length": 0.4167,
			"bones": {
				"Head": {
					"rotation": {
						"0.0": [0, 0, 0],
						"0.0833": [15, -35, 0],
						"0.2083": [16.63484, -42.21751, -2.61447],
						"0.4167": [0, 0, 0]
					}
				},
				"Body": {
					"rotation": {
						"0.0": [0, 0, 0],
						"0.0833": [0, -20, 0],
						"0.2917": [0, -20, 0],
						"0.4167": [0, 0, 0]
					}
				},
				"RightArm": {
					"rotation": {
						"0.0": [0, 0, 0],
						"0.0833": [-136.02509, -37.15276, 102.04446],
						"0.25": [-118.52509, -37.15276, 102.04446],
						"0.3333": [0, 0, 70],
						"0.4167": [0, 0, 0]
					},
					"position": {
						"0.0": [0, 0, 0],
						"0.1667": [3, 0, -3],
						"0.25": [0, 0, -3],
						"0.3333": [0, 0, 0]
					}
				},
				"LeftArm": {
					"rotation": {
						"0.0": [0, 0, 0],
						"0.0417": [-15, 0, 0],
						"0.125": [22.5, 0, 0],
						"0.4167": [0, 0, 0]
					}
				},
				"Tangan2": {
					"rotation": {
						"0.0": [0, 0, 0],
						"0.125": [-60.34902, 31.3213, 16.48457],
						"0.2083": [-36.25873, -58.39167, -49.26408],
						"0.25": [-15.63769, -63.96867, -72.69733],
						"0.4167": [0, 0, 0]
					},
					"position": {
						"0.125": [0, 0, 0],
						"0.2083": [2, -1, -4],
						"0.4167": [0, 0, 0]
					}
				},
				"Tangan": {
					"rotation": {
						"0.0": [-2.5, 0, 0],
						"0.0833": [-32.5, 0, 0],
						"0.25": [40, 0, 0],
						"0.4167": [0, 0, 0]
					}
				}
			}
		}
	}
}