{
	"format_version": "1.8.0",
	"animations": {
		"animation.ftl_sc_missy_player.new": {
			"loop": true,
			"bones": {
				"righteye": {
					"scale": [0.9, 0.9, 1]
				},
				"lefteye": {
					"scale": {
						"0.0": {
							"post": [0.9, 0.9, 1],
							"lerp_mode": "catmullrom"
						}
					}
				}
			}
		},
		"animation.ftl_sc_missy_player.moving": {
			"loop": true,
			"animation_length": 1,
			"anim_time_update": "query.modified_distance_moved * 0.1",
			"bones": {
				"righteye": {
					"scale": [0.9, 0.9, 1]
				},
				"lefteye": {
					"scale": {
						"0.0": {
							"post": [0.9, 0.9, 1],
							"lerp_mode": "catmullrom"
						}
					}
				},
				"huggyhead": {
					"rotation": {
						"0.0": {
							"post": [0, 0, -7.5],
							"lerp_mode": "catmullrom"
						},
						"0.25": {
							"post": [0, 0, -20],
							"lerp_mode": "catmullrom"
						},
						"0.5": {
							"post": [0, 0, 7.5],
							"lerp_mode": "catmullrom"
						},
						"0.75": {
							"post": [0, 0, 20],
							"lerp_mode": "catmullrom"
						},
						"1.0": {
							"post": [0, 0, -7.5],
							"lerp_mode": "catmullrom"
						}
					},
					"position": {
						"0.0": {
							"post": [0, 0, 0],
							"lerp_mode": "catmullrom"
						},
						"1.0": {
							"post": [0, 0, 0],
							"lerp_mode": "catmullrom"
						}
					}
				},
				"huggywaist": {
					"position": {
						"0.0": {
							"post": [0, -2, 0],
							"lerp_mode": "catmullrom"
						},
						"0.25": {
							"post": [0, 0, 0],
							"lerp_mode": "catmullrom"
						},
						"0.5": {
							"post": [0, -2, 0],
							"lerp_mode": "catmullrom"
						},
						"0.75": {
							"post": [0, 0, 0],
							"lerp_mode": "catmullrom"
						},
						"1.0": {
							"post": [0, -2, 0],
							"lerp_mode": "catmullrom"
						}
					}
				},
				"huggybody": {
					"rotation": {
						"0.0": {
							"post": [7.5, 0, 0],
							"lerp_mode": "catmullrom"
						},
						"0.25": {
							"post": [5, 0, 0],
							"lerp_mode": "catmullrom"
						},
						"0.5": {
							"post": [7.5, 0, 0],
							"lerp_mode": "catmullrom"
						},
						"0.75": {
							"post": [5, 0, 0],
							"lerp_mode": "catmullrom"
						},
						"1.0": {
							"post": [7.5, 0, 0],
							"lerp_mode": "catmullrom"
						}
					}
				},
				"righthuggyarm": {
					"rotation": {
						"0.0": {
							"post": [-9.99255, -15.40654, 5.07788],
							"lerp_mode": "catmullrom"
						},
						"0.5": {
							"post": [-5.59303, -12.8948, 17.70886],
							"lerp_mode": "catmullrom"
						},
						"1.0": {
							"post": [-9.99255, -15.40654, 5.07788],
							"lerp_mode": "catmullrom"
						}
					}
				},
				"righthuggyarmpeice": {
					"rotation": {
						"0.0": {
							"post": [-7.5, 0, -10],
							"lerp_mode": "catmullrom"
						},
						"1.0": {
							"post": [-7.5, 0, -10],
							"lerp_mode": "catmullrom"
						}
					}
				},
				"righthuggyarmpeice1": {
					"rotation": {
						"0.0": {
							"post": [4.95744, -0.65182, 7.47178],
							"lerp_mode": "catmullrom"
						},
						"1.0": {
							"post": [4.95744, -0.65182, 7.47178],
							"lerp_mode": "catmullrom"
						}
					}
				},
				"righthuggyarmpeice2": {
					"rotation": {
						"0.0": {
							"post": [5, 0, -7.5],
							"lerp_mode": "catmullrom"
						},
						"0.25": {
							"post": [-4.12935, 1.64891, -10.13959],
							"lerp_mode": "catmullrom"
						},
						"0.5": {
							"post": [5, 0, -7.5],
							"lerp_mode": "catmullrom"
						},
						"0.75": {
							"post": [2.03243, 0.02454, 6.61119],
							"lerp_mode": "catmullrom"
						},
						"1.0": {
							"post": [5, 0, -7.5],
							"lerp_mode": "catmullrom"
						}
					}
				},
				"righthuggyarmpeice3": {
					"rotation": {
						"0.0": {
							"post": [-4.99527, -0.21782, -2.4905],
							"lerp_mode": "catmullrom"
						},
						"0.25": {
							"post": [-4.83045, -1.29256, -14.94548],
							"lerp_mode": "catmullrom"
						},
						"0.5": {
							"post": [-4.99527, -0.21782, -2.4905],
							"lerp_mode": "catmullrom"
						},
						"0.75": {
							"post": [-4.94803, 0.50551, 5.81115],
							"lerp_mode": "catmullrom"
						},
						"1.0": {
							"post": [-4.99527, -0.21782, -2.4905],
							"lerp_mode": "catmullrom"
						}
					}
				},
				"righthuggyarmpeice4": {
					"rotation": {
						"0.0": {
							"post": [-5, 0, 5],
							"lerp_mode": "catmullrom"
						},
						"0.25": {
							"post": [-4.88206, -1.08089, -7.45392],
							"lerp_mode": "catmullrom"
						},
						"0.5": {
							"post": [-5, 0, 5],
							"lerp_mode": "catmullrom"
						},
						"0.75": {
							"post": [-4.96531, 0.28947, 8.32054],
							"lerp_mode": "catmullrom"
						},
						"1.0": {
							"post": [-5, 0, 5],
							"lerp_mode": "catmullrom"
						}
					}
				},
				"righthuggyhand": {
					"rotation": {
						"0.0": {
							"post": [1.3378, -14.94159, -5.17544],
							"lerp_mode": "catmullrom"
						},
						"1.0": {
							"post": [1.3378, -14.94159, -5.17544],
							"lerp_mode": "catmullrom"
						}
					}
				},
				"lefthuggyarm": {
					"rotation": {
						"0.0": {
							"post": [-10.5566, 10.45821, -15.16267],
							"lerp_mode": "catmullrom"
						},
						"0.5": {
							"post": [-17.45607, 12.39899, 0.06003],
							"lerp_mode": "catmullrom"
						},
						"1.0": {
							"post": [-10.5566, 10.45821, -15.16267],
							"lerp_mode": "catmullrom"
						}
					}
				},
				"lefthuggyarmpeice": {
					"rotation": {
						"0.0": {
							"post": [-7.5, 0, 5],
							"lerp_mode": "catmullrom"
						},
						"1.0": {
							"post": [-7.5, 0, 5],
							"lerp_mode": "catmullrom"
						}
					}
				},
				"lefthuggyarmpeice2": {
					"rotation": {
						"0.0": {
							"post": [7.47178, 0.65182, -4.95744],
							"lerp_mode": "catmullrom"
						},
						"1.0": {
							"post": [7.47178, 0.65182, -4.95744],
							"lerp_mode": "catmullrom"
						}
					}
				},
				"lefthuggyarmpeice3": {
					"rotation": {
						"0.0": {
							"post": [5, 0, 10],
							"lerp_mode": "catmullrom"
						},
						"0.25": {
							"post": [4.92442, 0.86717, 0.03729],
							"lerp_mode": "catmullrom"
						},
						"0.5": {
							"post": [5, 0, 10],
							"lerp_mode": "catmullrom"
						},
						"0.75": {
							"post": [-7.55039, -0.57811, 16.64155],
							"lerp_mode": "catmullrom"
						},
						"1.0": {
							"post": [5, 0, 10],
							"lerp_mode": "catmullrom"
						}
					}
				},
				"lefthuggyarmpeice4": {
					"rotation": {
						"0.0": {
							"post": [-7.49294, 0.32621, 2.47864],
							"lerp_mode": "catmullrom"
						},
						"0.25": {
							"post": [-7.15656, -2.24944, -17.35932],
							"lerp_mode": "catmullrom"
						},
						"0.5": {
							"post": [-7.49294, 0.32621, 2.47864],
							"lerp_mode": "catmullrom"
						},
						"0.75": {
							"post": [-7.32205, 1.07337, 8.26297],
							"lerp_mode": "catmullrom"
						},
						"1.0": {
							"post": [-7.49294, 0.32621, 2.47864],
							"lerp_mode": "catmullrom"
						}
					}
				},
				"lefthuggyarmpeice5": {
					"rotation": {
						"0.0": {
							"post": [0, 0, -5],
							"lerp_mode": "catmullrom"
						},
						"0.25": {
							"post": [0, 0, -20],
							"lerp_mode": "catmullrom"
						},
						"0.5": {
							"post": [0, 0, -5],
							"lerp_mode": "catmullrom"
						},
						"0.75": {
							"post": [0, 0, 10],
							"lerp_mode": "catmullrom"
						},
						"1.0": {
							"post": [0, 0, -5],
							"lerp_mode": "catmullrom"
						}
					}
				},
				"lefthuggyhand": {
					"rotation": {
						"0.0": {
							"post": [0.6574, 7.4713, 5.04292],
							"lerp_mode": "catmullrom"
						},
						"1.0": {
							"post": [0.6574, 7.4713, 5.04292],
							"lerp_mode": "catmullrom"
						}
					}
				},
				"righthuggyleg": {
					"rotation": {
						"0.0": {
							"post": [10.21865, 4.99523, 2.50954],
							"lerp_mode": "catmullrom"
						},
						"0.25": {
							"post": [-9.24033, 10.78786, 6.06779],
							"lerp_mode": "catmullrom"
						},
						"0.5": {
							"post": [-30.50371, 14.89599, -0.39483],
							"lerp_mode": "catmullrom"
						},
						"0.75": {
							"post": [-9.70109, 10.37644, 3.5592],
							"lerp_mode": "catmullrom"
						},
						"1.0": {
							"post": [10.21865, 4.99523, 2.50954],
							"lerp_mode": "catmullrom"
						}
					},
					"position": {
						"0.0": {
							"post": [0, 1, 0],
							"lerp_mode": "catmullrom"
						},
						"0.25": {
							"post": [0, 2.5, -2],
							"lerp_mode": "catmullrom"
						},
						"0.5": {
							"post": [0, 0, 0],
							"lerp_mode": "catmullrom"
						},
						"0.75": {
							"post": [0, -0.5, 0],
							"lerp_mode": "catmullrom"
						},
						"1.0": {
							"post": [0, 1, 0],
							"lerp_mode": "catmullrom"
						}
					}
				},
				"righthuggylegpeice": {
					"rotation": {
						"0.0": {
							"post": [5, 0, 0],
							"lerp_mode": "catmullrom"
						},
						"0.25": {
							"post": [11.25, 0, 0],
							"lerp_mode": "catmullrom"
						},
						"0.5": {
							"post": [-2.5, 0, 0],
							"lerp_mode": "catmullrom"
						},
						"1.0": {
							"post": [5, 0, 0],
							"lerp_mode": "catmullrom"
						}
					}
				},
				"righthuggylegpeice2": {
					"rotation": {
						"0.0": {
							"post": [-12.5, 0, 0],
							"lerp_mode": "catmullrom"
						},
						"0.25": {
							"post": [16.25, 0, 0],
							"lerp_mode": "catmullrom"
						},
						"0.5": {
							"post": [20, 0, 0],
							"lerp_mode": "catmullrom"
						},
						"1.0": {
							"post": [-12.5, 0, 0],
							"lerp_mode": "catmullrom"
						}
					}
				},
				"righthuggylegpeice3": {
					"rotation": {
						"0.0": {
							"post": [20, 0, 0],
							"lerp_mode": "catmullrom"
						},
						"0.25": {
							"post": [33.75, 0, 0],
							"lerp_mode": "catmullrom"
						},
						"0.375": {
							"post": [5.63, 0, 0],
							"lerp_mode": "catmullrom"
						},
						"0.5": {
							"post": [27.5, 0, 0],
							"lerp_mode": "catmullrom"
						},
						"1.0": {
							"post": [20, 0, 0],
							"lerp_mode": "catmullrom"
						}
					}
				},
				"righthuggylegpeice4": {
					"rotation": {
						"0.0": {
							"post": [-2.5, 0, 0],
							"lerp_mode": "catmullrom"
						},
						"0.25": {
							"post": [-18.75, 0, 0],
							"lerp_mode": "catmullrom"
						},
						"0.5": {
							"post": [-10, 0, 0],
							"lerp_mode": "catmullrom"
						},
						"1.0": {
							"post": [-2.5, 0, 0],
							"lerp_mode": "catmullrom"
						}
					}
				},
				"righthuggylegpeice5": {
					"rotation": {
						"0.0": {
							"post": [20, 0, 0],
							"lerp_mode": "catmullrom"
						},
						"0.25": {
							"post": [-12.5, 0, 0],
							"lerp_mode": "catmullrom"
						},
						"0.5": {
							"post": [-5, 0, 0],
							"lerp_mode": "catmullrom"
						},
						"0.75": {
							"post": [-7.5, 0, 0],
							"lerp_mode": "catmullrom"
						},
						"1.0": {
							"post": [20, 0, 0],
							"lerp_mode": "catmullrom"
						}
					}
				},
				"rightfoot": {
					"rotation": {
						"0.0": {
							"post": [-22.5, 0, 0],
							"lerp_mode": "catmullrom"
						},
						"0.25": {
							"post": [28.62429, 0.27436, -0.46713],
							"lerp_mode": "catmullrom"
						},
						"0.375": {
							"post": [-15.81356, 0.41154, -0.70069],
							"lerp_mode": "catmullrom"
						},
						"0.5": {
							"post": [-0.25142, 0.54872, -0.93425],
							"lerp_mode": "catmullrom"
						},
						"0.75": {
							"post": [-6.37571, 0.27436, -0.46713],
							"lerp_mode": "catmullrom"
						},
						"1.0": {
							"post": [-22.5, 0, 0],
							"lerp_mode": "catmullrom"
						}
					}
				},
				"lefthuggyleg": {
					"rotation": {
						"0.0": {
							"post": [-22.30268, -7.88864, -0.48488],
							"lerp_mode": "catmullrom"
						},
						"0.5": {
							"post": [11.1379, -5.42168, -1.51837],
							"lerp_mode": "catmullrom"
						},
						"0.75": {
							"post": [-5.28674, -6.89197, -3.50788],
							"lerp_mode": "catmullrom"
						},
						"1.0": {
							"post": [-22.30268, -7.88864, -0.48488],
							"lerp_mode": "catmullrom"
						}
					},
					"position": {
						"0.0": {
							"post": [0, 0, 0],
							"lerp_mode": "catmullrom"
						},
						"0.25": {
							"post": [0, -0.5, 0],
							"lerp_mode": "catmullrom"
						},
						"0.5": {
							"post": [0, 1, 0],
							"lerp_mode": "catmullrom"
						},
						"0.75": {
							"post": [0, 3.5, -3],
							"lerp_mode": "catmullrom"
						},
						"1.0": {
							"post": [0, 0, 0],
							"lerp_mode": "catmullrom"
						}
					}
				},
				"lefthuggylegpeice": {
					"rotation": {
						"0.0": {
							"post": [-7.5, 0, 0],
							"lerp_mode": "catmullrom"
						},
						"0.5": {
							"post": [10, 0, 0],
							"lerp_mode": "catmullrom"
						},
						"0.75": {
							"post": [6.25, 0, 0],
							"lerp_mode": "catmullrom"
						},
						"1.0": {
							"post": [-7.5, 0, 0],
							"lerp_mode": "catmullrom"
						}
					}
				},
				"lefthuggylegpeice2": {
					"rotation": {
						"0.0": {
							"post": [7.5, 0, 0],
							"lerp_mode": "catmullrom"
						},
						"0.5": {
							"post": [-22.5, 0, 0],
							"lerp_mode": "catmullrom"
						},
						"0.75": {
							"post": [12.5, 0, 0],
							"lerp_mode": "catmullrom"
						},
						"1.0": {
							"post": [7.5, 0, 0],
							"lerp_mode": "catmullrom"
						}
					}
				},
				"lefthuggylegpeice3": {
					"rotation": {
						"0.0": {
							"post": [15, 0, 0],
							"lerp_mode": "catmullrom"
						},
						"0.5": {
							"post": [-2.5, 0, 0],
							"lerp_mode": "catmullrom"
						},
						"0.75": {
							"post": [18.75, 0, 0],
							"lerp_mode": "catmullrom"
						},
						"1.0": {
							"post": [15, 0, 0],
							"lerp_mode": "catmullrom"
						}
					}
				},
				"lefthuggylegpeice4": {
					"rotation": {
						"0.0": {
							"post": [12.5, 0, 0],
							"lerp_mode": "catmullrom"
						},
						"0.25": {
							"post": [10, 0, 0],
							"lerp_mode": "catmullrom"
						},
						"0.5": {
							"post": [22.5, 0, 0],
							"lerp_mode": "catmullrom"
						},
						"0.75": {
							"post": [-2.5, 0, 0],
							"lerp_mode": "catmullrom"
						},
						"0.875": {
							"post": [-10, 0, 0],
							"lerp_mode": "catmullrom"
						},
						"1.0": {
							"post": [12.5, 0, 0],
							"lerp_mode": "catmullrom"
						}
					}
				},
				"lefthuggylegpeice5": {
					"rotation": {
						"0.0": {
							"post": [-10, 0, 0],
							"lerp_mode": "catmullrom"
						},
						"0.5": {
							"post": [12.5, 0, 0],
							"lerp_mode": "catmullrom"
						},
						"0.75": {
							"post": [-16.25, 0, 0],
							"lerp_mode": "catmullrom"
						},
						"0.875": {
							"post": [-20.62, 0, 0],
							"lerp_mode": "catmullrom"
						},
						"1.0": {
							"post": [-10, 0, 0],
							"lerp_mode": "catmullrom"
						}
					}
				},
				"leftfoot": {
					"rotation": {
						"0.0": {
							"post": [2.5, 0, 0],
							"lerp_mode": "catmullrom"
						},
						"0.5": {
							"post": [-22.4299, 1.70818, 4.69986],
							"lerp_mode": "catmullrom"
						},
						"0.75": {
							"post": [37.53505, 0.85409, 2.34993],
							"lerp_mode": "catmullrom"
						},
						"0.875": {
							"post": [-17.48247, 0.42705, 1.17496],
							"lerp_mode": "catmullrom"
						},
						"1.0": {
							"post": [2.5, 0, 0],
							"lerp_mode": "catmullrom"
						}
					}
				}
			}
		},
		"animation.ftl_sc_missy_player.general": {
			"loop": true,
			"bones": {
				"righteye": {
					"scale": [0.9, 0.9, 1]
				},
				"lefteye": {
					"scale": [0.9, 0.9, 1]
				},
				"huggyhead": {
					"position": [0, 0, 0]
				},
				"huggybody": {
					"rotation": [5, 0, 0]
				},
				"righthuggyarm": {
					"rotation": [-3.84149, -14.91246, 10.23293]
				},
				"righthuggyarmpeice": {
					"rotation": [-7.5, 0, -10]
				},
				"righthuggyarmpeice1": {
					"rotation": [4.95744, -0.65182, 7.47178]
				},
				"righthuggyarmpeice2": {
					"rotation": [5, 0, -7.5]
				},
				"righthuggyarmpeice3": {
					"rotation": [-4.99527, -0.21782, -2.4905]
				},
				"righthuggyarmpeice4": {
					"rotation": [-5, 0, 5]
				},
				"righthuggyhand": {
					"rotation": [1.3378, -14.94159, -5.17544]
				},
				"lefthuggyarm": {
					"rotation": [-6.60473, 11.74062, -7.63189]
				},
				"lefthuggyarmpeice": {
					"rotation": [-7.5, 0, 5]
				},
				"lefthuggyarmpeice2": {
					"rotation": [7.47178, 0.65182, -4.95744]
				},
				"lefthuggyarmpeice3": {
					"rotation": [5, 0, 10]
				},
				"lefthuggyarmpeice4": {
					"rotation": [-7.49294, 0.32621, 2.47864]
				},
				"lefthuggyarmpeice5": {
					"rotation": [0, 0, -5]
				},
				"lefthuggyhand": {
					"rotation": [0.6574, 7.4713, 5.04292]
				},
				"righthuggyleg": {
					"rotation": [0.98448, 7.43547, 7.56397]
				},
				"righthuggylegpeice": {
					"rotation": [5, 0, -2.5]
				},
				"righthuggylegpeice2": {
					"rotation": [-5, 0, -5]
				},
				"righthuggylegpeice3": {
					"rotation": [5, 0, -5]
				},
				"righthuggylegpeice4": {
					"rotation": [-5, 0, 7.5]
				},
				"righthuggylegpeice5": {
					"rotation": [-2.84745, 7.37571, -2.84745]
				},
				"lefthuggyleg": {
					"rotation": [1.3378, -14.94159, -5.17544]
				},
				"lefthuggylegpeice": {
					"rotation": [-7.5, 0, 5]
				},
				"lefthuggylegpeice2": {
					"rotation": [7.5, 0, -7.5]
				},
				"lefthuggylegpeice3": {
					"rotation": [5, 0, 5]
				},
				"lefthuggylegpeice4": {
					"rotation": [-4.99067, 0.43399, 2.46207]
				},
				"lefthuggylegpeice5": {
					"rotation": [-0.09235, -10.52371, -2.71382]
				}
			}
		},
		"animation.ftl_sc_missy_player.running": {
			"loop": true,
			"animation_length": 1,
			"anim_time_update": "query.modified_distance_moved * 0.1",
			"bones": {
				"righteye": {
					"scale": [0.9, 0.9, 1]
				},
				"lefteye": {
					"scale": {
						"0.0": {
							"post": [0.9, 0.9, 1],
							"lerp_mode": "catmullrom"
						}
					}
				},
				"huggyhead": {
					"rotation": {
						"0.0": {
							"post": [0, 0, -7.5],
							"lerp_mode": "catmullrom"
						},
						"0.25": {
							"post": [0, 0, -20],
							"lerp_mode": "catmullrom"
						},
						"0.5": {
							"post": [0, 0, 7.5],
							"lerp_mode": "catmullrom"
						},
						"0.75": {
							"post": [0, 0, 20],
							"lerp_mode": "catmullrom"
						},
						"1.0": {
							"post": [0, 0, -7.5],
							"lerp_mode": "catmullrom"
						}
					},
					"position": {
						"0.0": {
							"post": [0, 0, 0],
							"lerp_mode": "catmullrom"
						},
						"1.0": {
							"post": [0, 0, 0],
							"lerp_mode": "catmullrom"
						}
					}
				},
				"huggywaist": {
					"position": {
						"0.0": {
							"post": [0, -2, 0],
							"lerp_mode": "catmullrom"
						},
						"0.25": {
							"post": [0, 0, 0],
							"lerp_mode": "catmullrom"
						},
						"0.5": {
							"post": [0, -2, 0],
							"lerp_mode": "catmullrom"
						},
						"0.75": {
							"post": [0, 0, 0],
							"lerp_mode": "catmullrom"
						},
						"1.0": {
							"post": [0, -2, 0],
							"lerp_mode": "catmullrom"
						}
					}
				},
				"huggybody": {
					"rotation": {
						"0.0": {
							"post": [7.5, 0, 0],
							"lerp_mode": "catmullrom"
						},
						"0.25": {
							"post": [5, 0, 0],
							"lerp_mode": "catmullrom"
						},
						"0.5": {
							"post": [7.5, 0, 0],
							"lerp_mode": "catmullrom"
						},
						"0.75": {
							"post": [5, 0, 0],
							"lerp_mode": "catmullrom"
						},
						"1.0": {
							"post": [7.5, 0, 0],
							"lerp_mode": "catmullrom"
						}
					}
				},
				"righthuggyarm": {
					"rotation": {
						"0.0": {
							"post": [-9.99255, -15.40654, 5.07788],
							"lerp_mode": "catmullrom"
						},
						"0.5": {
							"post": [-5.59303, -12.8948, 17.70886],
							"lerp_mode": "catmullrom"
						},
						"1.0": {
							"post": [-9.99255, -15.40654, 5.07788],
							"lerp_mode": "catmullrom"
						}
					}
				},
				"righthuggyarmpeice": {
					"rotation": {
						"0.0": {
							"post": [-7.5, 0, -10],
							"lerp_mode": "catmullrom"
						},
						"1.0": {
							"post": [-7.5, 0, -10],
							"lerp_mode": "catmullrom"
						}
					}
				},
				"righthuggyarmpeice1": {
					"rotation": {
						"0.0": {
							"post": [4.95744, -0.65182, 7.47178],
							"lerp_mode": "catmullrom"
						},
						"1.0": {
							"post": [4.95744, -0.65182, 7.47178],
							"lerp_mode": "catmullrom"
						}
					}
				},
				"righthuggyarmpeice2": {
					"rotation": {
						"0.0": {
							"post": [5, 0, -7.5],
							"lerp_mode": "catmullrom"
						},
						"0.25": {
							"post": [-4.12935, 1.64891, -10.13959],
							"lerp_mode": "catmullrom"
						},
						"0.5": {
							"post": [5, 0, -7.5],
							"lerp_mode": "catmullrom"
						},
						"0.75": {
							"post": [2.03243, 0.02454, 6.61119],
							"lerp_mode": "catmullrom"
						},
						"1.0": {
							"post": [5, 0, -7.5],
							"lerp_mode": "catmullrom"
						}
					}
				},
				"righthuggyarmpeice3": {
					"rotation": {
						"0.0": {
							"post": [-4.99527, -0.21782, -2.4905],
							"lerp_mode": "catmullrom"
						},
						"0.25": {
							"post": [-4.83045, -1.29256, -14.94548],
							"lerp_mode": "catmullrom"
						},
						"0.5": {
							"post": [-4.99527, -0.21782, -2.4905],
							"lerp_mode": "catmullrom"
						},
						"0.75": {
							"post": [-4.94803, 0.50551, 5.81115],
							"lerp_mode": "catmullrom"
						},
						"1.0": {
							"post": [-4.99527, -0.21782, -2.4905],
							"lerp_mode": "catmullrom"
						}
					}
				},
				"righthuggyarmpeice4": {
					"rotation": {
						"0.0": {
							"post": [-5, 0, 5],
							"lerp_mode": "catmullrom"
						},
						"0.25": {
							"post": [-4.88206, -1.08089, -7.45392],
							"lerp_mode": "catmullrom"
						},
						"0.5": {
							"post": [-5, 0, 5],
							"lerp_mode": "catmullrom"
						},
						"0.75": {
							"post": [-4.96531, 0.28947, 8.32054],
							"lerp_mode": "catmullrom"
						},
						"1.0": {
							"post": [-5, 0, 5],
							"lerp_mode": "catmullrom"
						}
					}
				},
				"righthuggyhand": {
					"rotation": {
						"0.0": {
							"post": [1.3378, -14.94159, -5.17544],
							"lerp_mode": "catmullrom"
						},
						"1.0": {
							"post": [1.3378, -14.94159, -5.17544],
							"lerp_mode": "catmullrom"
						}
					}
				},
				"lefthuggyarm": {
					"rotation": {
						"0.0": {
							"post": [-10.5566, 10.45821, -15.16267],
							"lerp_mode": "catmullrom"
						},
						"0.5": {
							"post": [-17.45607, 12.39899, 0.06003],
							"lerp_mode": "catmullrom"
						},
						"1.0": {
							"post": [-10.5566, 10.45821, -15.16267],
							"lerp_mode": "catmullrom"
						}
					}
				},
				"lefthuggyarmpeice": {
					"rotation": {
						"0.0": {
							"post": [-7.5, 0, 5],
							"lerp_mode": "catmullrom"
						},
						"1.0": {
							"post": [-7.5, 0, 5],
							"lerp_mode": "catmullrom"
						}
					}
				},
				"lefthuggyarmpeice2": {
					"rotation": {
						"0.0": {
							"post": [7.47178, 0.65182, -4.95744],
							"lerp_mode": "catmullrom"
						},
						"1.0": {
							"post": [7.47178, 0.65182, -4.95744],
							"lerp_mode": "catmullrom"
						}
					}
				},
				"lefthuggyarmpeice3": {
					"rotation": {
						"0.0": {
							"post": [5, 0, 10],
							"lerp_mode": "catmullrom"
						},
						"0.25": {
							"post": [4.92442, 0.86717, 0.03729],
							"lerp_mode": "catmullrom"
						},
						"0.5": {
							"post": [5, 0, 10],
							"lerp_mode": "catmullrom"
						},
						"0.75": {
							"post": [-7.55039, -0.57811, 16.64155],
							"lerp_mode": "catmullrom"
						},
						"1.0": {
							"post": [5, 0, 10],
							"lerp_mode": "catmullrom"
						}
					}
				},
				"lefthuggyarmpeice4": {
					"rotation": {
						"0.0": {
							"post": [-7.49294, 0.32621, 2.47864],
							"lerp_mode": "catmullrom"
						},
						"0.25": {
							"post": [-7.15656, -2.24944, -17.35932],
							"lerp_mode": "catmullrom"
						},
						"0.5": {
							"post": [-7.49294, 0.32621, 2.47864],
							"lerp_mode": "catmullrom"
						},
						"0.75": {
							"post": [-7.32205, 1.07337, 8.26297],
							"lerp_mode": "catmullrom"
						},
						"1.0": {
							"post": [-7.49294, 0.32621, 2.47864],
							"lerp_mode": "catmullrom"
						}
					}
				},
				"lefthuggyarmpeice5": {
					"rotation": {
						"0.0": {
							"post": [0, 0, -5],
							"lerp_mode": "catmullrom"
						},
						"0.25": {
							"post": [0, 0, -20],
							"lerp_mode": "catmullrom"
						},
						"0.5": {
							"post": [0, 0, -5],
							"lerp_mode": "catmullrom"
						},
						"0.75": {
							"post": [0, 0, 10],
							"lerp_mode": "catmullrom"
						},
						"1.0": {
							"post": [0, 0, -5],
							"lerp_mode": "catmullrom"
						}
					}
				},
				"lefthuggyhand": {
					"rotation": {
						"0.0": {
							"post": [0.6574, 7.4713, 5.04292],
							"lerp_mode": "catmullrom"
						},
						"1.0": {
							"post": [0.6574, 7.4713, 5.04292],
							"lerp_mode": "catmullrom"
						}
					}
				},
				"righthuggyleg": {
					"rotation": {
						"0.0": {
							"post": [10.21865, 4.99523, 2.50954],
							"lerp_mode": "catmullrom"
						},
						"0.25": {
							"post": [-9.24033, 10.78786, 6.06779],
							"lerp_mode": "catmullrom"
						},
						"0.5": {
							"post": [-30.50371, 14.89599, -0.39483],
							"lerp_mode": "catmullrom"
						},
						"0.75": {
							"post": [-9.70109, 10.37644, 3.5592],
							"lerp_mode": "catmullrom"
						},
						"1.0": {
							"post": [10.21865, 4.99523, 2.50954],
							"lerp_mode": "catmullrom"
						}
					},
					"position": {
						"0.0": {
							"post": [0, 1, 0],
							"lerp_mode": "catmullrom"
						},
						"0.25": {
							"post": [0, 2.5, -2],
							"lerp_mode": "catmullrom"
						},
						"0.5": {
							"post": [0, 0, 0],
							"lerp_mode": "catmullrom"
						},
						"0.75": {
							"post": [0, -0.5, 0],
							"lerp_mode": "catmullrom"
						},
						"1.0": {
							"post": [0, 1, 0],
							"lerp_mode": "catmullrom"
						}
					}
				},
				"righthuggylegpeice": {
					"rotation": {
						"0.0": {
							"post": [5, 0, 0],
							"lerp_mode": "catmullrom"
						},
						"0.25": {
							"post": [11.25, 0, 0],
							"lerp_mode": "catmullrom"
						},
						"0.5": {
							"post": [-2.5, 0, 0],
							"lerp_mode": "catmullrom"
						},
						"1.0": {
							"post": [5, 0, 0],
							"lerp_mode": "catmullrom"
						}
					}
				},
				"righthuggylegpeice2": {
					"rotation": {
						"0.0": {
							"post": [-12.5, 0, 0],
							"lerp_mode": "catmullrom"
						},
						"0.25": {
							"post": [16.25, 0, 0],
							"lerp_mode": "catmullrom"
						},
						"0.5": {
							"post": [20, 0, 0],
							"lerp_mode": "catmullrom"
						},
						"1.0": {
							"post": [-12.5, 0, 0],
							"lerp_mode": "catmullrom"
						}
					}
				},
				"righthuggylegpeice3": {
					"rotation": {
						"0.0": {
							"post": [20, 0, 0],
							"lerp_mode": "catmullrom"
						},
						"0.25": {
							"post": [33.75, 0, 0],
							"lerp_mode": "catmullrom"
						},
						"0.375": {
							"post": [5.63, 0, 0],
							"lerp_mode": "catmullrom"
						},
						"0.5": {
							"post": [27.5, 0, 0],
							"lerp_mode": "catmullrom"
						},
						"1.0": {
							"post": [20, 0, 0],
							"lerp_mode": "catmullrom"
						}
					}
				},
				"righthuggylegpeice4": {
					"rotation": {
						"0.0": {
							"post": [-2.5, 0, 0],
							"lerp_mode": "catmullrom"
						},
						"0.25": {
							"post": [-18.75, 0, 0],
							"lerp_mode": "catmullrom"
						},
						"0.5": {
							"post": [-10, 0, 0],
							"lerp_mode": "catmullrom"
						},
						"1.0": {
							"post": [-2.5, 0, 0],
							"lerp_mode": "catmullrom"
						}
					}
				},
				"righthuggylegpeice5": {
					"rotation": {
						"0.0": {
							"post": [20, 0, 0],
							"lerp_mode": "catmullrom"
						},
						"0.25": {
							"post": [-12.5, 0, 0],
							"lerp_mode": "catmullrom"
						},
						"0.5": {
							"post": [-5, 0, 0],
							"lerp_mode": "catmullrom"
						},
						"0.75": {
							"post": [-7.5, 0, 0],
							"lerp_mode": "catmullrom"
						},
						"1.0": {
							"post": [20, 0, 0],
							"lerp_mode": "catmullrom"
						}
					}
				},
				"rightfoot": {
					"rotation": {
						"0.0": {
							"post": [-22.5, 0, 0],
							"lerp_mode": "catmullrom"
						},
						"0.25": {
							"post": [28.62429, 0.27436, -0.46713],
							"lerp_mode": "catmullrom"
						},
						"0.375": {
							"post": [-15.81356, 0.41154, -0.70069],
							"lerp_mode": "catmullrom"
						},
						"0.5": {
							"post": [-0.25142, 0.54872, -0.93425],
							"lerp_mode": "catmullrom"
						},
						"0.75": {
							"post": [-6.37571, 0.27436, -0.46713],
							"lerp_mode": "catmullrom"
						},
						"1.0": {
							"post": [-22.5, 0, 0],
							"lerp_mode": "catmullrom"
						}
					}
				},
				"lefthuggyleg": {
					"rotation": {
						"0.0": {
							"post": [-22.30268, -7.88864, -0.48488],
							"lerp_mode": "catmullrom"
						},
						"0.5": {
							"post": [11.1379, -5.42168, -1.51837],
							"lerp_mode": "catmullrom"
						},
						"0.75": {
							"post": [-5.28674, -6.89197, -3.50788],
							"lerp_mode": "catmullrom"
						},
						"1.0": {
							"post": [-22.30268, -7.88864, -0.48488],
							"lerp_mode": "catmullrom"
						}
					},
					"position": {
						"0.0": {
							"post": [0, 0, 0],
							"lerp_mode": "catmullrom"
						},
						"0.25": {
							"post": [0, -0.5, 0],
							"lerp_mode": "catmullrom"
						},
						"0.5": {
							"post": [0, 1, 0],
							"lerp_mode": "catmullrom"
						},
						"0.75": {
							"post": [0, 3.5, -3],
							"lerp_mode": "catmullrom"
						},
						"1.0": {
							"post": [0, 0, 0],
							"lerp_mode": "catmullrom"
						}
					}
				},
				"lefthuggylegpeice": {
					"rotation": {
						"0.0": {
							"post": [-7.5, 0, 0],
							"lerp_mode": "catmullrom"
						},
						"0.5": {
							"post": [10, 0, 0],
							"lerp_mode": "catmullrom"
						},
						"0.75": {
							"post": [6.25, 0, 0],
							"lerp_mode": "catmullrom"
						},
						"1.0": {
							"post": [-7.5, 0, 0],
							"lerp_mode": "catmullrom"
						}
					}
				},
				"lefthuggylegpeice2": {
					"rotation": {
						"0.0": {
							"post": [7.5, 0, 0],
							"lerp_mode": "catmullrom"
						},
						"0.5": {
							"post": [-22.5, 0, 0],
							"lerp_mode": "catmullrom"
						},
						"0.75": {
							"post": [12.5, 0, 0],
							"lerp_mode": "catmullrom"
						},
						"1.0": {
							"post": [7.5, 0, 0],
							"lerp_mode": "catmullrom"
						}
					}
				},
				"lefthuggylegpeice3": {
					"rotation": {
						"0.0": {
							"post": [15, 0, 0],
							"lerp_mode": "catmullrom"
						},
						"0.5": {
							"post": [-2.5, 0, 0],
							"lerp_mode": "catmullrom"
						},
						"0.75": {
							"post": [18.75, 0, 0],
							"lerp_mode": "catmullrom"
						},
						"1.0": {
							"post": [15, 0, 0],
							"lerp_mode": "catmullrom"
						}
					}
				},
				"lefthuggylegpeice4": {
					"rotation": {
						"0.0": {
							"post": [12.5, 0, 0],
							"lerp_mode": "catmullrom"
						},
						"0.25": {
							"post": [10, 0, 0],
							"lerp_mode": "catmullrom"
						},
						"0.5": {
							"post": [22.5, 0, 0],
							"lerp_mode": "catmullrom"
						},
						"0.75": {
							"post": [-2.5, 0, 0],
							"lerp_mode": "catmullrom"
						},
						"0.875": {
							"post": [-10, 0, 0],
							"lerp_mode": "catmullrom"
						},
						"1.0": {
							"post": [12.5, 0, 0],
							"lerp_mode": "catmullrom"
						}
					}
				},
				"lefthuggylegpeice5": {
					"rotation": {
						"0.0": {
							"post": [-10, 0, 0],
							"lerp_mode": "catmullrom"
						},
						"0.5": {
							"post": [12.5, 0, 0],
							"lerp_mode": "catmullrom"
						},
						"0.75": {
							"post": [-16.25, 0, 0],
							"lerp_mode": "catmullrom"
						},
						"0.875": {
							"post": [-20.62, 0, 0],
							"lerp_mode": "catmullrom"
						},
						"1.0": {
							"post": [-10, 0, 0],
							"lerp_mode": "catmullrom"
						}
					}
				},
				"leftfoot": {
					"rotation": {
						"0.0": {
							"post": [2.5, 0, 0],
							"lerp_mode": "catmullrom"
						},
						"0.5": {
							"post": [-22.4299, 1.70818, 4.69986],
							"lerp_mode": "catmullrom"
						},
						"0.75": {
							"post": [37.53505, 0.85409, 2.34993],
							"lerp_mode": "catmullrom"
						},
						"0.875": {
							"post": [-17.48247, 0.42705, 1.17496],
							"lerp_mode": "catmullrom"
						},
						"1.0": {
							"post": [2.5, 0, 0],
							"lerp_mode": "catmullrom"
						}
					}
				}
			}
		}
	}
}
\\"": \\\\""?\\\"": \\\\""?\\\"": \\\\""?\\\"": \\\\""?\\\"": \\\\""?\\\"": \\\\""?\\\"": \\\\""?\\\"": \\\\""?\\\"": \\\\""?\\\"": \\\\""?\\\"": \\\\""?\\\"": \\\\""?\\\"": \\\\""?\\\"": \\\\""?\\\"": \\\\""?\\\"": \\\\""?\\\"": \\\\""?\\\"": \\\\""?\\\"": \\\\""?\\\"": \\\\""?\\\"": \\\\""?\\\"": \\\\""?\\\"": \\\\""?\\\"": \\\\""?\\\"": \\\\""?\\\"": \\\\""?\\\"": \\\\""?\\\"": \\\\""?\\\"": \\\\""?\\\"": \\\\""?\\\"": \\\\""?\\\"": \\\\""?\\\"": \\\\""?\\\"": \\\\""?\\\"": \\\\""?\\\"": \\\\""?\\\"": \\\\""?\\\"": \\\\""?\\\"": \\\\""?\\\"": \\\\""?\\\"": \\\\""?\\\"": \\\\""?\\\"": \\\\""?\\\"": \\\\""?\\\"": \\\\""?\\\"": \\\\""?\\\"": \\\\""?\\\"": \\\\""?\\\"": \\\\""?\\\"": \\\\""?\\\"": \\\\""?\]}}}}}