{
  "format_version": "1.10.0",
  "minecraft:client_entity": {
    "description": {
      "identifier": "ic:vent_door2",
      "textures": {
        "default": "textures/entity/doors/ic_vent_door_both"
      },
      "animations": {
        "door_anim": "animation.vent_door.open"
      },
      "scripts": {
        "animate": [
            "door_anim"
        ]
      }, 
      "materials": {
        "default": "entity_alphatest"
      },
      "render_controllers": [
        "controller.render.default"
      ],
      "geometry": {
        "default": "geometry.vent_dooron"
      }
    }
  }
}